index,H
0,7.7832900096231638114070517471035538196395e-16
1,-1.1876091674162292388672312881681136786938e-01
2,-1.1876091674162292388672312881681136786938e-01
3,-1.1876091674162292388672312881681136786938e-01
4,-1.1876091674162292388672312881681136786938e-01
5,-1.1876091674162292388672312881681136786938e-01
6,-1.1876091674162292388672312881681136786938e-01
7,-1.1876091674162292388672312881681136786938e-01
8,-1.1876091674162292388672312881681136786938e-01
9,-1.1876091674162292388672312881681136786938e-01
10,-1.1876091674162292388672312881681136786938e-01
11,-1.1876091674162292388672312881681136786938e-01
12,-1.1876091674162292388672312881681136786938e-01
13,-1.1876091674162292388672312881681136786938e-01
14,-1.1876091674162292388672312881681136786938e-01
15,-1.1876091674162292388672312881681136786938e-01
16,-1.1876091674162292388672312881681136786938e-01
17,-1.1876091674162278510884505067224381491542e-01
18,-1.1876091674162279898663285848670057021081e-01
19,-1.1876091674162392308744529145769774913788e-01
20,-1.1876091674162672640058246997796231880784e-01
21,-1.1876091674162476963250156813955982215703e-01
22,-1.1876091674162292388672312881681136786938e-01
23,-1.1876091674162292388672312881681136786938e-01
24,-1.1876091674162292388672312881681136786938e-01
25,-1.1876091674162292388672312881681136786938e-01
26,-1.1876091674162292388672312881681136786938e-01
27,-1.1876091674162292388672312881681136786938e-01
28,-1.1876091674162292388672312881681136786938e-01
29,-1.1876091674162292388672312881681136786938e-01
30,-1.1876091674162292388672312881681136786938e-01
31,-1.1876091674162292388672312881681136786938e-01
32,-1.1876091674162292388672312881681136786938e-01
33,-1.1876091674162292388672312881681136786938e-01
34,-1.1876091674162292388672312881681136786938e-01
35,-1.1876091674162292388672312881681136786938e-01
36,-1.1876091674162292388672312881681136786938e-01
37,-1.1876091674162292388672312881681136786938e-01
38,-1.1876091674162292388672312881681136786938e-01
39,-1.1876091674162278510884505067224381491542e-01
40,-1.1876091674162229938627177716625737957656e-01
41,-1.1876091674162476963250156813955982215703e-01
42,-1.1876091674162111977430811293743317946792e-01
43,-1.1876091674162307654238901477583567611873e-01
44,-1.1876091674162375655399159768421668559313e-01
45,-1.1876091674162292388672312881681136786938e-01
46,-1.1876091674162292388672312881681136786938e-01
47,-1.1876091674162292388672312881681136786938e-01
48,-1.1876091674162292388672312881681136786938e-01
49,-1.1876091674162292388672312881681136786938e-01
50,-1.1876091674162292388672312881681136786938e-01
51,-1.1876091674162292388672312881681136786938e-01
52,-1.1876091674162292388672312881681136786938e-01
53,-1.1876091674162292388672312881681136786938e-01
54,-1.1876091674162213285281808339277631603181e-01
55,-1.1876091674162360389832571172519237734377e-01
56,-1.1876091674162198019715219743375200778246e-01
57,-1.1876091674162292388672312881681136786938e-01
58,-1.1876091674162292388672312881681136786938e-01
59,-1.1876091674162292388672312881681136786938e-01
60,-1.1876091674162292388672312881681136786938e-01
61,-1.1876091674162292388672312881681136786938e-01
62,-1.1876091674162292388672312881681136786938e-01
63,-1.1876091674162292388672312881681136786938e-01
64,-1.1876091674162292388672312881681136786938e-01
65,-1.1876091674162292388672312881681136786938e-01
66,-1.1876091674162292388672312881681136786938e-01
67,-1.1876091674162292388672312881681136786938e-01
68,-1.1876091674162292388672312881681136786938e-01
69,-1.1876091674162292388672312881681136786938e-01
70,-1.1876091674162292388672312881681136786938e-01
71,-1.1876091674162213285281808339277631603181e-01
72,-1.1876091674162360389832571172519237734377e-01
73,-1.1876091674162198019715219743375200778246e-01
74,-1.1876091674162292388672312881681136786938e-01
75,-1.1876091674162292388672312881681136786938e-01
76,-1.1876091674162292388672312881681136786938e-01
77,-1.1876091674162111977430811293743317946792e-01
78,-1.1876091674162307654238901477583567611873e-01
79,-1.1876091674162278510884505067224381491542e-01
80,-1.1876091674162229938627177716625737957656e-01
81,-1.1876091674162476963250156813955982215703e-01
82,-1.1876091674162292388672312881681136786938e-01
83,-1.1876091674162292388672312881681136786938e-01
84,-1.1876091674162292388672312881681136786938e-01
85,-1.1876091674162292388672312881681136786938e-01
86,-1.1876091674162292388672312881681136786938e-01
87,-1.1876091674162292388672312881681136786938e-01
88,-1.1876091674162292388672312881681136786938e-01
89,-1.1876091674162292388672312881681136786938e-01
90,-1.1876091674162292388672312881681136786938e-01
91,-1.1876091674162292388672312881681136786938e-01
92,-1.1876091674162292388672312881681136786938e-01
93,-1.1876091674162292388672312881681136786938e-01
94,-1.1876091674162292388672312881681136786938e-01
95,-1.1876091674162292388672312881681136786938e-01
96,-1.1876091674162292388672312881681136786938e-01
97,-1.1876091674162292388672312881681136786938e-01
98,-1.1876091674162292388672312881681136786938e-01
99,-1.1876091674162292388672312881681136786938e-01
100,-1.1876091674162292388672312881681136786938e-01
101,-1.1876091674162292388672312881681136786938e-01
102,-1.1876091674162292388672312881681136786938e-01
103,-1.1876091674162292388672312881681136786938e-01
104,-1.1876091674162292388672312881681136786938e-01
105,-1.1876091674162292388672312881681136786938e-01
106,-1.1876091674162292388672312881681136786938e-01
107,-1.1876091674162292388672312881681136786938e-01
108,-1.1876091674162292388672312881681136786938e-01
109,-1.1876091674162292388672312881681136786938e-01
110,-1.1876091674162278510884505067224381491542e-01
111,-1.1876091674162229938627177716625737957656e-01
112,-1.1876091674162476963250156813955982215703e-01
113,-1.1876091674162292388672312881681136786938e-01
114,-1.1876091674162292388672312881681136786938e-01
115,-1.1876091674162292388672312881681136786938e-01
116,-1.1876091674162292388672312881681136786938e-01
117,-1.1876091674162292388672312881681136786938e-01
118,-1.1876091674162292388672312881681136786938e-01
119,-1.1876091674162292388672312881681136786938e-01
120,-1.1876091674162292388672312881681136786938e-01
121,-1.1876091674162292388672312881681136786938e-01
122,-1.1876091674162292388672312881681136786938e-01
123,-1.1876091674162292388672312881681136786938e-01
124,-1.1876091674162292388672312881681136786938e-01
125,-1.1876091674162292388672312881681136786938e-01
126,-1.1876091674162292388672312881681136786938e-01
127,-1.1876091674162292388672312881681136786938e-01
128,-1.1876091674162292388672312881681136786938e-01
129,-1.1876091674162292388672312881681136786938e-01
130,-1.1876091674162292388672312881681136786938e-01
131,-1.1876091674162292388672312881681136786938e-01
132,-1.1876091674162292388672312881681136786938e-01
133,-1.1876091674162292388672312881681136786938e-01
134,-1.1876091674162292388672312881681136786938e-01
135,-1.1876091674162292388672312881681136786938e-01
136,-1.1876091674162292388672312881681136786938e-01
137,-1.1876091674162292388672312881681136786938e-01
138,-1.1876091674162292388672312881681136786938e-01
139,-1.1876091674162292388672312881681136786938e-01
140,-1.1876091674162292388672312881681136786938e-01
141,-1.1876091674162292388672312881681136786938e-01
142,-1.1876091674162292388672312881681136786938e-01
143,-1.1876091674162278510884505067224381491542e-01
144,-1.1876091674162229938627177716625737957656e-01
145,-1.1876091674162476963250156813955982215703e-01
146,-1.1876091674162292388672312881681136786938e-01
147,-1.1876091674162292388672312881681136786938e-01
148,-1.1876091674162292388672312881681136786938e-01
149,-1.1876091674162292388672312881681136786938e-01
150,-1.1876091674162292388672312881681136786938e-01
151,-1.1876091674162292388672312881681136786938e-01
152,-1.1876091674162292388672312881681136786938e-01
153,-1.1876091674162292388672312881681136786938e-01
154,-1.1876091674162292388672312881681136786938e-01
155,-1.1876091674162440881001856496368418447673e-01
156,-1.1876091674162025935146402844111435115337e-01
157,-1.1876091674162321532026709292040322907269e-01
158,-1.1876091674162292388672312881681136786938e-01
159,-1.1876091674162359002053790391073562204838e-01
160,-1.1876091674162185529706192710364121012390e-01
161,-1.1876091674162567168870907607924891635776e-01
162,-1.1876091674162292388672312881681136786938e-01
163,-1.1876091674162292388672312881681136786938e-01
164,-1.1876091674162292388672312881681136786938e-01
165,-1.1876091674162292388672312881681136786938e-01
166,-1.1876091674162292388672312881681136786938e-01
167,-1.1876091674162292388672312881681136786938e-01
168,-1.1876091674162292388672312881681136786938e-01
169,-1.1876091674162292388672312881681136786938e-01
170,-1.1876091674162292388672312881681136786938e-01
171,-1.1876091674162292388672312881681136786938e-01
172,-1.1876091674162292388672312881681136786938e-01
173,-1.1876091674162292388672312881681136786938e-01
174,-1.1876091674162292388672312881681136786938e-01
175,-1.1876091674162292388672312881681136786938e-01
176,-1.1876091674162292388672312881681136786938e-01
177,-1.1876091674162292388672312881681136786938e-01
178,-1.1876091674162292388672312881681136786938e-01
179,-1.1876091674162292388672312881681136786938e-01
180,-1.1876091674162292388672312881681136786938e-01
181,-1.1876091674162292388672312881681136786938e-01
182,-1.1876091674162292388672312881681136786938e-01
183,-1.1876091674162292388672312881681136786938e-01
184,-1.1876091674162292388672312881681136786938e-01
185,-1.1876091674162292388672312881681136786938e-01
186,-1.1876091674162292388672312881681136786938e-01
187,-1.1876091674162292388672312881681136786938e-01
188,-1.1876091674162292388672312881681136786938e-01
189,-1.1876091674162292388672312881681136786938e-01
190,-1.1876091674162292388672312881681136786938e-01
191,-1.1876091674162292388672312881681136786938e-01
192,-1.1876091674162292388672312881681136786938e-01
193,-1.1876091674162292388672312881681136786938e-01
194,-1.1876091674162292388672312881681136786938e-01
195,-1.1876091674162292388672312881681136786938e-01
196,-1.1876091674162292388672312881681136786938e-01
197,-1.1876091674162292388672312881681136786938e-01
198,-1.1876091674162292388672312881681136786938e-01
199,-1.1876091674162292388672312881681136786938e-01
200,-1.1876091674162292388672312881681136786938e-01
201,-1.1876091674162292388672312881681136786938e-01
202,-1.1876091674162292388672312881681136786938e-01
203,-1.1876091674162292388672312881681136786938e-01
204,-1.1876091674162292388672312881681136786938e-01
205,-1.1876091674162292388672312881681136786938e-01
206,-1.1876091674162292388672312881681136786938e-01
207,-1.1876091674162292388672312881681136786938e-01
208,-1.1876091674162292388672312881681136786938e-01
209,-1.1876091674162292388672312881681136786938e-01
210,-1.1876091674162292388672312881681136786938e-01
211,-1.1876091674162292388672312881681136786938e-01
212,-1.1876091674162292388672312881681136786938e-01
213,-1.1876091674162292388672312881681136786938e-01
214,-1.1876091674162292388672312881681136786938e-01
215,-1.1876091674162292388672312881681136786938e-01
216,-1.1876091674162292388672312881681136786938e-01
217,-1.1876091674162292388672312881681136786938e-01
218,-1.1876091674162292388672312881681136786938e-01
219,-1.1876091674162292388672312881681136786938e-01
220,-1.1876091674162292388672312881681136786938e-01
221,-1.1876091674162292388672312881681136786938e-01
222,-1.1876091674162359002053790391073562204838e-01
223,-1.1876091674162185529706192710364121012390e-01
224,-1.1876091674162567168870907607924891635776e-01
225,-1.1876091674162292388672312881681136786938e-01
226,-1.1876091674162292388672312881681136786938e-01
227,-1.1876091674162292388672312881681136786938e-01
228,-1.1876091674162292388672312881681136786938e-01
229,-1.1876091674162292388672312881681136786938e-01
230,-1.1876091674162292388672312881681136786938e-01
231,-1.1876091674162292388672312881681136786938e-01
232,-1.1876091674162292388672312881681136786938e-01
233,-1.1876091674162292388672312881681136786938e-01
234,-1.1876091674162292388672312881681136786938e-01
235,-1.1876091674162292388672312881681136786938e-01
236,-1.1876091674162292388672312881681136786938e-01
237,-1.1876091674162292388672312881681136786938e-01
238,-1.1876091674162292388672312881681136786938e-01
239,-1.1876091674162292388672312881681136786938e-01
240,-1.1876091674162292388672312881681136786938e-01
241,-1.1876091674162292388672312881681136786938e-01
242,-1.1876091674162292388672312881681136786938e-01
243,-1.1876091674162388145408186801432748325169e-01
244,0.0000000000000000000000000000000000000000e+00
245,1.1383122237146946741201510174727140782358e-15
246,5.9401502498932709506185290138091659173369e-02
247,5.9401502498936005480789646071571041829884e-02
248,5.9401502498936005480789646071571041829884e-02
249,5.9401502498936005480789646071571041829884e-02
250,5.9401502498936005480789646071571041829884e-02
251,5.9401502498936005480789646071571041829884e-02
252,5.9401502498936005480789646071571041829884e-02
253,5.9401502498936005480789646071571041829884e-02
254,5.9401502498936005480789646071571041829884e-02
255,5.9401502498936005480789646071571041829884e-02
256,5.9401502498936005480789646071571041829884e-02
257,5.9401502498936005480789646071571041829884e-02
258,5.9401502498936005480789646071571041829884e-02
259,5.9401502498936005480789646071571041829884e-02
260,5.9401502498936005480789646071571041829884e-02
261,5.9401502498936005480789646071571041829884e-02
262,5.9401502498935533636004180380041361786425e-02
263,5.9401502498934853624401597471660352312028e-02
264,5.9401502498931467444176490744212060235441e-02
265,5.9401502498937386320676523610018193721771e-02
266,5.9401502498939988405890488820659811608493e-02
267,5.9401502498932709506185290138091659173369e-02
268,5.9401502498936005480789646071571041829884e-02
269,5.9401502498936005480789646071571041829884e-02
270,5.9401502498936005480789646071571041829884e-02
271,5.9401502498936005480789646071571041829884e-02
272,5.9401502498936005480789646071571041829884e-02
273,5.9401502498936005480789646071571041829884e-02
274,5.9401502498936005480789646071571041829884e-02
275,5.9401502498936005480789646071571041829884e-02
276,5.9401502498936005480789646071571041829884e-02
277,5.9401502498936005480789646071571041829884e-02
278,5.9401502498936005480789646071571041829884e-02
279,5.9401502498936005480789646071571041829884e-02
280,5.9401502498936005480789646071571041829884e-02
281,5.9401502498936005480789646071571041829884e-02
282,5.9401502498936005480789646071571041829884e-02
283,5.9401502498936005480789646071571041829884e-02
284,5.9401502498935533636004180380041361786425e-02
285,5.9401502498937802654310758043720852583647e-02
286,5.9401502498939329210969617633963935077190e-02
287,5.9401502498932931550790215169399743899703e-02
288,5.9401502498934471985236882574099581688643e-02
289,5.9401502498929725781806610029889270663261e-02
290,5.9401502498930731921422676578004029579461e-02
291,5.9401502498936005480789646071571041829884e-02
292,5.9401502498936005480789646071571041829884e-02
293,5.9401502498936005480789646071571041829884e-02
294,5.9401502498936005480789646071571041829884e-02
295,5.9401502498936005480789646071571041829884e-02
296,5.9401502498936005480789646071571041829884e-02
297,5.9401502498936005480789646071571041829884e-02
298,5.9401502498936005480789646071571041829884e-02
299,5.9401502498929420470474838111840654164553e-02
300,5.9401502498933639317968413706694263964891e-02
301,5.9401502498930822127043427371972938999534e-02
302,5.9401502498931391116343547764699906110764e-02
303,5.9401502498936005480789646071571041829884e-02
304,5.9401502498936005480789646071571041829884e-02
305,5.9401502498936005480789646071571041829884e-02
306,5.9401502498936005480789646071571041829884e-02
307,5.9401502498936005480789646071571041829884e-02
308,5.9401502498936005480789646071571041829884e-02
309,5.9401502498936005480789646071571041829884e-02
310,5.9401502498936005480789646071571041829884e-02
311,5.9401502498936005480789646071571041829884e-02
312,5.9401502498936005480789646071571041829884e-02
313,5.9401502498936005480789646071571041829884e-02
314,5.9401502498936005480789646071571041829884e-02
315,5.9401502498936005480789646071571041829884e-02
316,5.9401502498929420470474838111840654164553e-02
317,5.9401502498933639317968413706694263964891e-02
318,5.9401502498930822127043427371972938999534e-02
319,5.9401502498931391116343547764699906110764e-02
320,5.9401502498936005480789646071571041829884e-02
321,5.9401502498936005480789646071571041829884e-02
322,5.9401502498936234464288475010107504203916e-02
323,5.9401502498934471985236882574099581688643e-02
324,5.9401502498930898454876370351485093124211e-02
325,5.9401502498935825069548144483633222989738e-02
326,5.9401502498939329210969617633963935077190e-02
327,5.9401502498932709506185290138091659173369e-02
328,5.9401502498936005480789646071571041829884e-02
329,5.9401502498936005480789646071571041829884e-02
330,5.9401502498936005480789646071571041829884e-02
331,5.9401502498936005480789646071571041829884e-02
332,5.9401502498936005480789646071571041829884e-02
333,5.9401502498936005480789646071571041829884e-02
334,5.9401502498936005480789646071571041829884e-02
335,5.9401502498936005480789646071571041829884e-02
336,5.9401502498936005480789646071571041829884e-02
337,5.9401502498936005480789646071571041829884e-02
338,5.9401502498936005480789646071571041829884e-02
339,5.9401502498936005480789646071571041829884e-02
340,5.9401502498936005480789646071571041829884e-02
341,5.9401502498936005480789646071571041829884e-02
342,5.9401502498936005480789646071571041829884e-02
343,5.9401502498936005480789646071571041829884e-02
344,5.9401502498936005480789646071571041829884e-02
345,5.9401502498936005480789646071571041829884e-02
346,5.9401502498936005480789646071571041829884e-02
347,5.9401502498936005480789646071571041829884e-02
348,5.9401502498936005480789646071571041829884e-02
349,5.9401502498936005480789646071571041829884e-02
350,5.9401502498936005480789646071571041829884e-02
351,5.9401502498936005480789646071571041829884e-02
352,5.9401502498936005480789646071571041829884e-02
353,5.9401502498936005480789646071571041829884e-02
354,5.9401502498936005480789646071571041829884e-02
355,5.9401502498935533636004180380041361786425e-02
356,5.9401502498937802654310758043720852583647e-02
357,5.9401502498939329210969617633963935077190e-02
358,5.9401502498932709506185290138091659173369e-02
359,5.9401502498936005480789646071571041829884e-02
360,5.9401502498936005480789646071571041829884e-02
361,5.9401502498936005480789646071571041829884e-02
362,5.9401502498936005480789646071571041829884e-02
363,5.9401502498936005480789646071571041829884e-02
364,5.9401502498936005480789646071571041829884e-02
365,5.9401502498936005480789646071571041829884e-02
366,5.9401502498936005480789646071571041829884e-02
367,5.9401502498936005480789646071571041829884e-02
368,5.9401502498936005480789646071571041829884e-02
369,5.9401502498936005480789646071571041829884e-02
370,5.9401502498936005480789646071571041829884e-02
371,5.9401502498936005480789646071571041829884e-02
372,5.9401502498936005480789646071571041829884e-02
373,5.9401502498936005480789646071571041829884e-02
374,5.9401502498936005480789646071571041829884e-02
375,5.9401502498936005480789646071571041829884e-02
376,5.9401502498936005480789646071571041829884e-02
377,5.9401502498936005480789646071571041829884e-02
378,5.9401502498936005480789646071571041829884e-02
379,5.9401502498936005480789646071571041829884e-02
380,5.9401502498936005480789646071571041829884e-02
381,5.9401502498936005480789646071571041829884e-02
382,5.9401502498936005480789646071571041829884e-02
383,5.9401502498936005480789646071571041829884e-02
384,5.9401502498936005480789646071571041829884e-02
385,5.9401502498936005480789646071571041829884e-02
386,5.9401502498936005480789646071571041829884e-02
387,5.9401502498936005480789646071571041829884e-02
388,5.9401502498935533636004180380041361786425e-02
389,5.9401502498937802654310758043720852583647e-02
390,5.9401502498939329210969617633963935077190e-02
391,5.9401502498932709506185290138091659173369e-02
392,5.9401502498936005480789646071571041829884e-02
393,5.9401502498936005480789646071571041829884e-02
394,5.9401502498936005480789646071571041829884e-02
395,5.9401502498936005480789646071571041829884e-02
396,5.9401502498936005480789646071571041829884e-02
397,5.9401502498936005480789646071571041829884e-02
398,5.9401502498936005480789646071571041829884e-02
399,5.9401502498936005480789646071571041829884e-02
400,5.9401502498931224582889853991218842566013e-02
401,5.9401502498935200569096792833079234696925e-02
402,5.9401502498936477325575111763100721873343e-02
403,5.9401502498930072726501805391308153048158e-02
404,5.9401502498937684693114391620838432572782e-02
405,5.9401502498932910734108503447714610956609e-02
406,5.9401502498932744200654809674233547411859e-02
407,5.9401502498930731921422676578004029579461e-02
408,5.9401502498936005480789646071571041829884e-02
409,5.9401502498936005480789646071571041829884e-02
410,5.9401502498936005480789646071571041829884e-02
411,5.9401502498936005480789646071571041829884e-02
412,5.9401502498936005480789646071571041829884e-02
413,5.9401502498936005480789646071571041829884e-02
414,5.9401502498936005480789646071571041829884e-02
415,5.9401502498936005480789646071571041829884e-02
416,5.9401502498936005480789646071571041829884e-02
417,5.9401502498936005480789646071571041829884e-02
418,5.9401502498936005480789646071571041829884e-02
419,5.9401502498936005480789646071571041829884e-02
420,5.9401502498936005480789646071571041829884e-02
421,5.9401502498936005480789646071571041829884e-02
422,5.9401502498936005480789646071571041829884e-02
423,5.9401502498936005480789646071571041829884e-02
424,5.9401502498936005480789646071571041829884e-02
425,5.9401502498936005480789646071571041829884e-02
426,5.9401502498936005480789646071571041829884e-02
427,5.9401502498936005480789646071571041829884e-02
428,5.9401502498936005480789646071571041829884e-02
429,5.9401502498936005480789646071571041829884e-02
430,5.9401502498936005480789646071571041829884e-02
431,5.9401502498936005480789646071571041829884e-02
432,5.9401502498936005480789646071571041829884e-02
433,5.9401502498936005480789646071571041829884e-02
434,5.9401502498936005480789646071571041829884e-02
435,5.9401502498936005480789646071571041829884e-02
436,5.9401502498936005480789646071571041829884e-02
437,5.9401502498936005480789646071571041829884e-02
438,5.9401502498936005480789646071571041829884e-02
439,5.9401502498936005480789646071571041829884e-02
440,5.9401502498936005480789646071571041829884e-02
441,5.9401502498936005480789646071571041829884e-02
442,5.9401502498936005480789646071571041829884e-02
443,5.9401502498936005480789646071571041829884e-02
444,5.9401502498936005480789646071571041829884e-02
445,5.9401502498936005480789646071571041829884e-02
446,5.9401502498936005480789646071571041829884e-02
447,5.9401502498936005480789646071571041829884e-02
448,5.9401502498936005480789646071571041829884e-02
449,5.9401502498936005480789646071571041829884e-02
450,5.9401502498936005480789646071571041829884e-02
451,5.9401502498936005480789646071571041829884e-02
452,5.9401502498936005480789646071571041829884e-02
453,5.9401502498936005480789646071571041829884e-02
454,5.9401502498936005480789646071571041829884e-02
455,5.9401502498936005480789646071571041829884e-02
456,5.9401502498936005480789646071571041829884e-02
457,5.9401502498936005480789646071571041829884e-02
458,5.9401502498936005480789646071571041829884e-02
459,5.9401502498936005480789646071571041829884e-02
460,5.9401502498936005480789646071571041829884e-02
461,5.9401502498936005480789646071571041829884e-02
462,5.9401502498936005480789646071571041829884e-02
463,5.9401502498936005480789646071571041829884e-02
464,5.9401502498936005480789646071571041829884e-02
465,5.9401502498936005480789646071571041829884e-02
466,5.9401502498936005480789646071571041829884e-02
467,5.9401502498937684693114391620838432572782e-02
468,5.9401502498932910734108503447714610956609e-02
469,5.9401502498932744200654809674233547411859e-02
470,5.9401502498930731921422676578004029579461e-02
471,5.9401502498936005480789646071571041829884e-02
472,5.9401502498936005480789646071571041829884e-02
473,5.9401502498936005480789646071571041829884e-02
474,5.9401502498936005480789646071571041829884e-02
475,5.9401502498936005480789646071571041829884e-02
476,5.9401502498936005480789646071571041829884e-02
477,5.9401502498936005480789646071571041829884e-02
478,5.9401502498936005480789646071571041829884e-02
479,5.9401502498936005480789646071571041829884e-02
480,5.9401502498936005480789646071571041829884e-02
481,5.9401502498936005480789646071571041829884e-02
482,5.9401502498936005480789646071571041829884e-02
483,5.9401502498936005480789646071571041829884e-02
484,5.9401502498936005480789646071571041829884e-02
485,5.9401502498936005480789646071571041829884e-02
486,5.9401502498936005480789646071571041829884e-02
487,5.9401502498936005480789646071571041829884e-02
488,5.9401502498934048712708744233168545179069e-02
489,1.0557112786769279054214509073360213894179e-16
490,-1.5320548420310236040933781821049715081145e-15
491,-3.0161941852346780999435688769283459009785e-06
492,-3.0161941852346780999435688769283459009785e-06
493,-3.0161941852346780999435688769283459009785e-06
494,-3.0161941852346780999435688769283459009785e-06
495,-3.0161941852346780999435688769283459009785e-06
496,-3.0161941852346780999435688769283459009785e-06
497,-3.0161941852346780999435688769283459009785e-06
498,-3.0161941852346780999435688769283459009785e-06
499,-3.0161941852346780999435688769283459009785e-06
500,-3.0161941852346780999435688769283459009785e-06
501,-3.0161941852346780999435688769283459009785e-06
502,-3.0161941852346780999435688769283459009785e-06
503,-3.0161941852346780999435688769283459009785e-06
504,-3.0161941852346780999435688769283459009785e-06
505,-3.0161941852346780999435688769283459009785e-06
506,-3.0161941852346780999435688769283459009785e-06
507,-3.0161941871021617084247523621343134436756e-06
508,-3.0161941727876881822357092027830915981212e-06
509,-3.0161941845673681799212123566533705343318e-06
510,-3.0161941868921911346463574782328365131434e-06
511,-3.0161941761645506214061657201952471041295e-06
512,-3.0161941835855591617480703919840223647952e-06
513,-3.0161941852346780999435688769283459009785e-06
514,-3.0161941852346780999435688769283459009785e-06
515,-3.0161941852346780999435688769283459009785e-06
516,-3.0161941852346780999435688769283459009785e-06
517,-3.0161941852346780999435688769283459009785e-06
518,-3.0161941852346780999435688769283459009785e-06
519,-3.0161941852346780999435688769283459009785e-06
520,-3.0161941852346780999435688769283459009785e-06
521,-3.0161941852346780999435688769283459009785e-06
522,-3.0161941852346780999435688769283459009785e-06
523,-3.0161941852346780999435688769283459009785e-06
524,-3.0161941852346780999435688769283459009785e-06
525,-3.0161941852346780999435688769283459009785e-06
526,-3.0161941852346780999435688769283459009785e-06
527,-3.0161941852346780999435688769283459009785e-06
528,-3.0161941852346780999435688769283459009785e-06
529,-3.0161941871021617084247523621343134436756e-06
530,-3.0161941782343433906578289427358186003403e-06
531,-3.0161941764943742396386759663240439977017e-06
532,-3.0161941831858650662459737923359881506258e-06
533,-3.0161941807907989397544504250880947893165e-06
534,-3.0161941825960743310069099576420370567575e-06
535,-3.0161941855645017181760791230571427945506e-06
536,-3.0161941852346780999435688769283459009785e-06
537,-3.0161941852346780999435688769283459009785e-06
538,-3.0161941852346780999435688769283459009785e-06
539,-3.0161941852346780999435688769283459009785e-06
540,-3.0161941852346780999435688769283459009785e-06
541,-3.0161941852346780999435688769283459009785e-06
542,-3.0161941852346780999435688769283459009785e-06
543,-3.0161941852346780999435688769283459009785e-06
544,-3.0161941871147473474715303837223601135520e-06
545,-3.0161941807618223661453544376387370107295e-06
546,-3.0161941809469820743492499831583941727331e-06
547,-3.0161941865539729963900834885937030094283e-06
548,-3.0161941852346780999435688769283459009785e-06
549,-3.0161941852346780999435688769283459009785e-06
550,-3.0161941852346780999435688769283459009785e-06
551,-3.0161941852346780999435688769283459009785e-06
552,-3.0161941852346780999435688769283459009785e-06
553,-3.0161941852346780999435688769283459009785e-06
554,-3.0161941852346780999435688769283459009785e-06
555,-3.0161941852346780999435688769283459009785e-06
556,-3.0161941852346780999435688769283459009785e-06
557,-3.0161941852346780999435688769283459009785e-06
558,-3.0161941852346780999435688769283459009785e-06
559,-3.0161941852346780999435688769283459009785e-06
560,-3.0161941852346780999435688769283459009785e-06
561,-3.0161941871147473474715303837223601135520e-06
562,-3.0161941807618223661453544376387370107295e-06
563,-3.0161941809469820743492499831583941727331e-06
564,-3.0161941865539729963900834885937030094283e-06
565,-3.0161941852346780999435688769283459009785e-06
566,-3.0161941852346780999435688769283459009785e-06
567,-3.0161941851648076226739825234091085803811e-06
568,-3.0161941807907989397544504250880947893165e-06
569,-3.0161941818249681465950642195172903825551e-06
570,-3.0161941755957535977647997194051043834406e-06
571,-3.0161941764943742396386759663240439977017e-06
572,-3.0161941835855591617480703919840223647952e-06
573,-3.0161941852346780999435688769283459009785e-06
574,-3.0161941852346780999435688769283459009785e-06
575,-3.0161941852346780999435688769283459009785e-06
576,-3.0161941852346780999435688769283459009785e-06
577,-3.0161941852346780999435688769283459009785e-06
578,-3.0161941852346780999435688769283459009785e-06
579,-3.0161941852346780999435688769283459009785e-06
580,-3.0161941852346780999435688769283459009785e-06
581,-3.0161941852346780999435688769283459009785e-06
582,-3.0161941852346780999435688769283459009785e-06
583,-3.0161941852346780999435688769283459009785e-06
584,-3.0161941852346780999435688769283459009785e-06
585,-3.0161941852346780999435688769283459009785e-06
586,-3.0161941852346780999435688769283459009785e-06
587,-3.0161941852346780999435688769283459009785e-06
588,-3.0161941852346780999435688769283459009785e-06
589,-3.0161941852346780999435688769283459009785e-06
590,-3.0161941852346780999435688769283459009785e-06
591,-3.0161941852346780999435688769283459009785e-06
592,-3.0161941852346780999435688769283459009785e-06
593,-3.0161941852346780999435688769283459009785e-06
594,-3.0161941852346780999435688769283459009785e-06
595,-3.0161941852346780999435688769283459009785e-06
596,-3.0161941852346780999435688769283459009785e-06
597,-3.0161941852346780999435688769283459009785e-06
598,-3.0161941852346780999435688769283459009785e-06
599,-3.0161941852346780999435688769283459009785e-06
600,-3.0161941871021617084247523621343134436756e-06
601,-3.0161941782343433906578289427358186003403e-06
602,-3.0161941764943742396386759663240439977017e-06
603,-3.0161941835855591617480703919840223647952e-06
604,-3.0161941852346780999435688769283459009785e-06
605,-3.0161941852346780999435688769283459009785e-06
606,-3.0161941852346780999435688769283459009785e-06
607,-3.0161941852346780999435688769283459009785e-06
608,-3.0161941852346780999435688769283459009785e-06
609,-3.0161941852346780999435688769283459009785e-06
610,-3.0161941852346780999435688769283459009785e-06
611,-3.0161941852346780999435688769283459009785e-06
612,-3.0161941852346780999435688769283459009785e-06
613,-3.0161941852346780999435688769283459009785e-06
614,-3.0161941852346780999435688769283459009785e-06
615,-3.0161941852346780999435688769283459009785e-06
616,-3.0161941852346780999435688769283459009785e-06
617,-3.0161941852346780999435688769283459009785e-06
618,-3.0161941852346780999435688769283459009785e-06
619,-3.0161941852346780999435688769283459009785e-06
620,-3.0161941852346780999435688769283459009785e-06
621,-3.0161941852346780999435688769283459009785e-06
622,-3.0161941852346780999435688769283459009785e-06
623,-3.0161941852346780999435688769283459009785e-06
624,-3.0161941852346780999435688769283459009785e-06
625,-3.0161941852346780999435688769283459009785e-06
626,-3.0161941852346780999435688769283459009785e-06
627,-3.0161941852346780999435688769283459009785e-06
628,-3.0161941852346780999435688769283459009785e-06
629,-3.0161941852346780999435688769283459009785e-06
630,-3.0161941852346780999435688769283459009785e-06
631,-3.0161941852346780999435688769283459009785e-06
632,-3.0161941852346780999435688769283459009785e-06
633,-3.0161941871021617084247523621343134436756e-06
634,-3.0161941782343433906578289427358186003403e-06
635,-3.0161941764943742396386759663240439977017e-06
636,-3.0161941835855591617480703919840223647952e-06
637,-3.0161941852346780999435688769283459009785e-06
638,-3.0161941852346780999435688769283459009785e-06
639,-3.0161941852346780999435688769283459009785e-06
640,-3.0161941852346780999435688769283459009785e-06
641,-3.0161941852346780999435688769283459009785e-06
642,-3.0161941852346780999435688769283459009785e-06
643,-3.0161941852346780999435688769283459009785e-06
644,-3.0161941852346780999435688769283459009785e-06
645,-3.0161941849789156544871856352463268535757e-06
646,-3.0161941804697171250540781856086525181126e-06
647,-3.0161941769890575744611851960463866362261e-06
648,-3.0161941855645017181760791230571427945506e-06
649,-3.0161941868372839179064919673534106436819e-06
650,-3.0161941832351784774021719037762068182928e-06
651,-3.0161941807408815941068599975061204077065e-06
652,-3.0161941832557355435155601458552254712231e-06
653,-3.0161941852346780999435688769283459009785e-06
654,-3.0161941852346780999435688769283459009785e-06
655,-3.0161941852346780999435688769283459009785e-06
656,-3.0161941852346780999435688769283459009785e-06
657,-3.0161941852346780999435688769283459009785e-06
658,-3.0161941852346780999435688769283459009785e-06
659,-3.0161941852346780999435688769283459009785e-06
660,-3.0161941852346780999435688769283459009785e-06
661,-3.0161941852346780999435688769283459009785e-06
662,-3.0161941852346780999435688769283459009785e-06
663,-3.0161941852346780999435688769283459009785e-06
664,-3.0161941852346780999435688769283459009785e-06
665,-3.0161941852346780999435688769283459009785e-06
666,-3.0161941852346780999435688769283459009785e-06
667,-3.0161941852346780999435688769283459009785e-06
668,-3.0161941852346780999435688769283459009785e-06
669,-3.0161941852346780999435688769283459009785e-06
670,-3.0161941852346780999435688769283459009785e-06
671,-3.0161941852346780999435688769283459009785e-06
672,-3.0161941852346780999435688769283459009785e-06
673,-3.0161941852346780999435688769283459009785e-06
674,-3.0161941852346780999435688769283459009785e-06
675,-3.0161941852346780999435688769283459009785e-06
676,-3.0161941852346780999435688769283459009785e-06
677,-3.0161941852346780999435688769283459009785e-06
678,-3.0161941852346780999435688769283459009785e-06
679,-3.0161941852346780999435688769283459009785e-06
680,-3.0161941852346780999435688769283459009785e-06
681,-3.0161941852346780999435688769283459009785e-06
682,-3.0161941852346780999435688769283459009785e-06
683,-3.0161941852346780999435688769283459009785e-06
684,-3.0161941852346780999435688769283459009785e-06
685,-3.0161941852346780999435688769283459009785e-06
686,-3.0161941852346780999435688769283459009785e-06
687,-3.0161941852346780999435688769283459009785e-06
688,-3.0161941852346780999435688769283459009785e-06
689,-3.0161941852346780999435688769283459009785e-06
690,-3.0161941852346780999435688769283459009785e-06
691,-3.0161941852346780999435688769283459009785e-06
692,-3.0161941852346780999435688769283459009785e-06
693,-3.0161941852346780999435688769283459009785e-06
694,-3.0161941852346780999435688769283459009785e-06
695,-3.0161941852346780999435688769283459009785e-06
696,-3.0161941852346780999435688769283459009785e-06
697,-3.0161941852346780999435688769283459009785e-06
698,-3.0161941852346780999435688769283459009785e-06
699,-3.0161941852346780999435688769283459009785e-06
700,-3.0161941852346780999435688769283459009785e-06
701,-3.0161941852346780999435688769283459009785e-06
702,-3.0161941852346780999435688769283459009785e-06
703,-3.0161941852346780999435688769283459009785e-06
704,-3.0161941852346780999435688769283459009785e-06
705,-3.0161941852346780999435688769283459009785e-06
706,-3.0161941852346780999435688769283459009785e-06
707,-3.0161941852346780999435688769283459009785e-06
708,-3.0161941852346780999435688769283459009785e-06
709,-3.0161941852346780999435688769283459009785e-06
710,-3.0161941852346780999435688769283459009785e-06
711,-3.0161941852346780999435688769283459009785e-06
712,-3.0161941868372839179064919673534106436819e-06
713,-3.0161941832351784774021719037762068182928e-06
714,-3.0161941807408815941068599975061204077065e-06
715,-3.0161941832557355435155601458552254712231e-06
716,-3.0161941852346780999435688769283459009785e-06
717,-3.0161941852346780999435688769283459009785e-06
718,-3.0161941852346780999435688769283459009785e-06
719,-3.0161941852346780999435688769283459009785e-06
720,-3.0161941852346780999435688769283459009785e-06
721,-3.0161941852346780999435688769283459009785e-06
722,-3.0161941852346780999435688769283459009785e-06
723,-3.0161941852346780999435688769283459009785e-06
724,-3.0161941852346780999435688769283459009785e-06
725,-3.0161941852346780999435688769283459009785e-06
726,-3.0161941852346780999435688769283459009785e-06
727,-3.0161941852346780999435688769283459009785e-06
728,-3.0161941852346780999435688769283459009785e-06
729,-3.0161941852346780999435688769283459009785e-06
730,-3.0161941852346780999435688769283459009785e-06
731,-3.0161941852346780999435688769283459009785e-06
732,-3.0161941852346780999435688769283459009785e-06
733,-3.0161941861350728523254692559074641167172e-06
734,-1.6633335338428780241824076938516328454655e-15
735,4.3265110527950952903360785047004746570876e-16
736,-3.0116248748602160780222982555676125571154e-06
737,-3.0116248761795109744688128672329696655652e-06
738,-3.0116248761795109744688128672329696655652e-06
739,-3.0116248761795109744688128672329696655652e-06
740,-3.0116248761795109744688128672329696655652e-06
741,-3.0116248761795109744688128672329696655652e-06
742,-3.0116248761795109744688128672329696655652e-06
743,-3.0116248761795109744688128672329696655652e-06
744,-3.0116248761795109744688128672329696655652e-06
745,-3.0116248761795109744688128672329696655652e-06
746,-3.0116248761795109744688128672329696655652e-06
747,-3.0116248761795109744688128672329696655652e-06
748,-3.0116248761795109744688128672329696655652e-06
749,-3.0116248761795109744688128672329696655652e-06
750,-3.0116248761795109744688128672329696655652e-06
751,-3.0116248761795109744688128672329696655652e-06
752,-3.0116248758433134333082140110526836451754e-06
753,-3.0116248724749772277848192808535898734590e-06
754,-3.0116248760897275996422251670425751512994e-06
755,-3.0116248767496437690679988996578231308376e-06
756,-3.0116248678927157539039240197187297098935e-06
757,-3.0116248765093350162177967405119360932986e-06
758,-3.0116248761795109744688128672329696655652e-06
759,-3.0116248761795109744688128672329696655652e-06
760,-3.0116248761795109744688128672329696655652e-06
761,-3.0116248761795109744688128672329696655652e-06
762,-3.0116248761795109744688128672329696655652e-06
763,-3.0116248761795109744688128672329696655652e-06
764,-3.0116248761795109744688128672329696655652e-06
765,-3.0116248761795109744688128672329696655652e-06
766,-3.0116248761795109744688128672329696655652e-06
767,-3.0116248761795109744688128672329696655652e-06
768,-3.0116248761795109744688128672329696655652e-06
769,-3.0116248761795109744688128672329696655652e-06
770,-3.0116248761795109744688128672329696655652e-06
771,-3.0116248761795109744688128672329696655652e-06
772,-3.0116248761795109744688128672329696655652e-06
773,-3.0116248761795109744688128672329696655652e-06
774,-3.0116248758433134333082140110526836451754e-06
775,-3.0116248730391524161494921918436062924229e-06
776,-3.0116248672330680939224299003109663885880e-06
777,-3.0116248764403721347511933698060104802607e-06
778,-3.0116248750386084164941055685282833564997e-06
779,-3.0116248690264460603977555303023549981845e-06
780,-3.0116248735409211815757836439022554486655e-06
781,-3.0116248761795109744688128672329696655652e-06
782,-3.0116248761795109744688128672329696655652e-06
783,-3.0116248761795109744688128672329696655652e-06
784,-3.0116248761795109744688128672329696655652e-06
785,-3.0116248761795109744688128672329696655652e-06
786,-3.0116248761795109744688128672329696655652e-06
787,-3.0116248761795109744688128672329696655652e-06
788,-3.0116248761795109744688128672329696655652e-06
789,-3.0116248769699625443629995708016977573607e-06
790,-3.0116248740840175315315596638043871280388e-06
791,-3.0116248751900532487819645705018345438475e-06
792,-3.0116248755198637380037923749753758784209e-06
793,-3.0116248761795109744688128672329696655652e-06
794,-3.0116248761795109744688128672329696655652e-06
795,-3.0116248761795109744688128672329696655652e-06
796,-3.0116248761795109744688128672329696655652e-06
797,-3.0116248761795109744688128672329696655652e-06
798,-3.0116248761795109744688128672329696655652e-06
799,-3.0116248761795109744688128672329696655652e-06
800,-3.0116248761795109744688128672329696655652e-06
801,-3.0116248761795109744688128672329696655652e-06
802,-3.0116248761795109744688128672329696655652e-06
803,-3.0116248761795109744688128672329696655652e-06
804,-3.0116248761795109744688128672329696655652e-06
805,-3.0116248761795109744688128672329696655652e-06
806,-3.0116248769699625443629995708016977573607e-06
807,-3.0116248740840175315315596638043871280388e-06
808,-3.0116248751900532487819645705018345438475e-06
809,-3.0116248755198637380037923749753758784209e-06
810,-3.0116248761795109744688128672329696655652e-06
811,-3.0116248761795109744688128672329696655652e-06
812,-3.0116248744614300018396582658830595846666e-06
813,-3.0116248750386084164941055685282833564997e-06
814,-3.0116248747713737568001100830539229491478e-06
815,-3.0116248704005621997399893413627225413620e-06
816,-3.0116248672330680939224299003109663885880e-06
817,-3.0116248765093350162177967405119360932986e-06
818,-3.0116248761795109744688128672329696655652e-06
819,-3.0116248761795109744688128672329696655652e-06
820,-3.0116248761795109744688128672329696655652e-06
821,-3.0116248761795109744688128672329696655652e-06
822,-3.0116248761795109744688128672329696655652e-06
823,-3.0116248761795109744688128672329696655652e-06
824,-3.0116248761795109744688128672329696655652e-06
825,-3.0116248761795109744688128672329696655652e-06
826,-3.0116248761795109744688128672329696655652e-06
827,-3.0116248761795109744688128672329696655652e-06
828,-3.0116248761795109744688128672329696655652e-06
829,-3.0116248761795109744688128672329696655652e-06
830,-3.0116248761795109744688128672329696655652e-06
831,-3.0116248761795109744688128672329696655652e-06
832,-3.0116248761795109744688128672329696655652e-06
833,-3.0116248761795109744688128672329696655652e-06
834,-3.0116248761795109744688128672329696655652e-06
835,-3.0116248761795109744688128672329696655652e-06
836,-3.0116248761795109744688128672329696655652e-06
837,-3.0116248761795109744688128672329696655652e-06
838,-3.0116248761795109744688128672329696655652e-06
839,-3.0116248761795109744688128672329696655652e-06
840,-3.0116248761795109744688128672329696655652e-06
841,-3.0116248761795109744688128672329696655652e-06
842,-3.0116248761795109744688128672329696655652e-06
843,-3.0116248761795109744688128672329696655652e-06
844,-3.0116248761795109744688128672329696655652e-06
845,-3.0116248758433134333082140110526836451754e-06
846,-3.0116248730391524161494921918436062924229e-06
847,-3.0116248672330680939224299003109663885880e-06
848,-3.0116248765093350162177967405119360932986e-06
849,-3.0116248761795109744688128672329696655652e-06
850,-3.0116248761795109744688128672329696655652e-06
851,-3.0116248761795109744688128672329696655652e-06
852,-3.0116248761795109744688128672329696655652e-06
853,-3.0116248761795109744688128672329696655652e-06
854,-3.0116248761795109744688128672329696655652e-06
855,-3.0116248761795109744688128672329696655652e-06
856,-3.0116248761795109744688128672329696655652e-06
857,-3.0116248761795109744688128672329696655652e-06
858,-3.0116248761795109744688128672329696655652e-06
859,-3.0116248761795109744688128672329696655652e-06
860,-3.0116248761795109744688128672329696655652e-06
861,-3.0116248761795109744688128672329696655652e-06
862,-3.0116248761795109744688128672329696655652e-06
863,-3.0116248761795109744688128672329696655652e-06
864,-3.0116248761795109744688128672329696655652e-06
865,-3.0116248761795109744688128672329696655652e-06
866,-3.0116248761795109744688128672329696655652e-06
867,-3.0116248761795109744688128672329696655652e-06
868,-3.0116248761795109744688128672329696655652e-06
869,-3.0116248761795109744688128672329696655652e-06
870,-3.0116248761795109744688128672329696655652e-06
871,-3.0116248761795109744688128672329696655652e-06
872,-3.0116248761795109744688128672329696655652e-06
873,-3.0116248761795109744688128672329696655652e-06
874,-3.0116248761795109744688128672329696655652e-06
875,-3.0116248761795109744688128672329696655652e-06
876,-3.0116248761795109744688128672329696655652e-06
877,-3.0116248761795109744688128672329696655652e-06
878,-3.0116248758433134333082140110526836451754e-06
879,-3.0116248730391524161494921918436062924229e-06
880,-3.0116248672330680939224299003109663885880e-06
881,-3.0116248765093350162177967405119360932986e-06
882,-3.0116248761795109744688128672329696655652e-06
883,-3.0116248761795109744688128672329696655652e-06
884,-3.0116248761795109744688128672329696655652e-06
885,-3.0116248761795109744688128672329696655652e-06
886,-3.0116248761795109744688128672329696655652e-06
887,-3.0116248761795109744688128672329696655652e-06
888,-3.0116248761795109744688128672329696655652e-06
889,-3.0116248761795109744688128672329696655652e-06
890,-3.0116248776487921124680145756880023100166e-06
891,-3.0116248734641274805118142665616431941089e-06
892,-3.0116248713558129233684463460507529930510e-06
893,-3.0116248758496873562363026211041727719930e-06
894,-3.0116248746273582504926185493543400184535e-06
895,-3.0116248708138236454747316966917836111861e-06
896,-3.0116248714383478137489053710895703375172e-06
897,-3.0116248735409211815757836439022554486655e-06
898,-3.0116248761795109744688128672329696655652e-06
899,-3.0116248761795109744688128672329696655652e-06
900,-3.0116248761795109744688128672329696655652e-06
901,-3.0116248761795109744688128672329696655652e-06
902,-3.0116248761795109744688128672329696655652e-06
903,-3.0116248761795109744688128672329696655652e-06
904,-3.0116248761795109744688128672329696655652e-06
905,-3.0116248761795109744688128672329696655652e-06
906,-3.0116248761795109744688128672329696655652e-06
907,-3.0116248761795109744688128672329696655652e-06
908,-3.0116248761795109744688128672329696655652e-06
909,-3.0116248761795109744688128672329696655652e-06
910,-3.0116248761795109744688128672329696655652e-06
911,-3.0116248761795109744688128672329696655652e-06
912,-3.0116248761795109744688128672329696655652e-06
913,-3.0116248761795109744688128672329696655652e-06
914,-3.0116248761795109744688128672329696655652e-06
915,-3.0116248761795109744688128672329696655652e-06
916,-3.0116248761795109744688128672329696655652e-06
917,-3.0116248761795109744688128672329696655652e-06
918,-3.0116248761795109744688128672329696655652e-06
919,-3.0116248761795109744688128672329696655652e-06
920,-3.0116248761795109744688128672329696655652e-06
921,-3.0116248761795109744688128672329696655652e-06
922,-3.0116248761795109744688128672329696655652e-06
923,-3.0116248761795109744688128672329696655652e-06
924,-3.0116248761795109744688128672329696655652e-06
925,-3.0116248761795109744688128672329696655652e-06
926,-3.0116248761795109744688128672329696655652e-06
927,-3.0116248761795109744688128672329696655652e-06
928,-3.0116248761795109744688128672329696655652e-06
929,-3.0116248761795109744688128672329696655652e-06
930,-3.0116248761795109744688128672329696655652e-06
931,-3.0116248761795109744688128672329696655652e-06
932,-3.0116248761795109744688128672329696655652e-06
933,-3.0116248761795109744688128672329696655652e-06
934,-3.0116248761795109744688128672329696655652e-06
935,-3.0116248761795109744688128672329696655652e-06
936,-3.0116248761795109744688128672329696655652e-06
937,-3.0116248761795109744688128672329696655652e-06
938,-3.0116248761795109744688128672329696655652e-06
939,-3.0116248761795109744688128672329696655652e-06
940,-3.0116248761795109744688128672329696655652e-06
941,-3.0116248761795109744688128672329696655652e-06
942,-3.0116248761795109744688128672329696655652e-06
943,-3.0116248761795109744688128672329696655652e-06
944,-3.0116248761795109744688128672329696655652e-06
945,-3.0116248761795109744688128672329696655652e-06
946,-3.0116248761795109744688128672329696655652e-06
947,-3.0116248761795109744688128672329696655652e-06
948,-3.0116248761795109744688128672329696655652e-06
949,-3.0116248761795109744688128672329696655652e-06
950,-3.0116248761795109744688128672329696655652e-06
951,-3.0116248761795109744688128672329696655652e-06
952,-3.0116248761795109744688128672329696655652e-06
953,-3.0116248761795109744688128672329696655652e-06
954,-3.0116248761795109744688128672329696655652e-06
955,-3.0116248761795109744688128672329696655652e-06
956,-3.0116248761795109744688128672329696655652e-06
957,-3.0116248746273582504926185493543400184535e-06
958,-3.0116248708138236454747316966917836111861e-06
959,-3.0116248714383478137489053710895703375172e-06
960,-3.0116248735409211815757836439022554486655e-06
961,-3.0116248761795109744688128672329696655652e-06
962,-3.0116248761795109744688128672329696655652e-06
963,-3.0116248761795109744688128672329696655652e-06
964,-3.0116248761795109744688128672329696655652e-06
965,-3.0116248761795109744688128672329696655652e-06
966,-3.0116248761795109744688128672329696655652e-06
967,-3.0116248761795109744688128672329696655652e-06
968,-3.0116248761795109744688128672329696655652e-06
969,-3.0116248761795109744688128672329696655652e-06
970,-3.0116248761795109744688128672329696655652e-06
971,-3.0116248761795109744688128672329696655652e-06
972,-3.0116248761795109744688128672329696655652e-06
973,-3.0116248761795109744688128672329696655652e-06
974,-3.0116248761795109744688128672329696655652e-06
975,-3.0116248761795109744688128672329696655652e-06
976,-3.0116248761795109744688128672329696655652e-06
977,-3.0116248761795109744688128672329696655652e-06
978,-3.0116248763441801086456796332502250379548e-06
979,2.0509790468122128583095135466767282476533e-16
980,3.0577695989215641908924408647335012657194e-16
981,-3.0078225306968442803149006714580337984444e-06
982,-3.0078225321810509858776704061877893536803e-06
983,-3.0078225321810509858776704061877893536803e-06
984,-3.0078225321810509858776704061877893536803e-06
985,-3.0078225321810509858776704061877893536803e-06
986,-3.0078225321810509858776704061877893536803e-06
987,-3.0078225321810509858776704061877893536803e-06
988,-3.0078225321810509858776704061877893536803e-06
989,-3.0078225321810509858776704061877893536803e-06
990,-3.0078225321810509858776704061877893536803e-06
991,-3.0078225321810509858776704061877893536803e-06
992,-3.0078225321810509858776704061877893536803e-06
993,-3.0078225321810509858776704061877893536803e-06
994,-3.0078225321810509858776704061877893536803e-06
995,-3.0078225321810509858776704061877893536803e-06
996,-3.0078225321810509858776704061877893536803e-06
997,-3.0078225302387553099126189792844598969168e-06
998,-3.0078225266153020980386487842617171395432e-06
999,-3.0078225316244732595333949420890462533862e-06
1000,-3.0078225303217031288548644757385730486021e-06
1001,-3.0078225265122308938520092475021883160480e-06
1002,-3.0078225311915797076636660406512291388026e-06
1003,-3.0078225321810509858776704061877893536803e-06
1004,-3.0078225321810509858776704061877893536803e-06
1005,-3.0078225321810509858776704061877893536803e-06
1006,-3.0078225321810509858776704061877893536803e-06
1007,-3.0078225321810509858776704061877893536803e-06
1008,-3.0078225321810509858776704061877893536803e-06
1009,-3.0078225321810509858776704061877893536803e-06
1010,-3.0078225321810509858776704061877893536803e-06
1011,-3.0078225321810509858776704061877893536803e-06
1012,-3.0078225321810509858776704061877893536803e-06
1013,-3.0078225321810509858776704061877893536803e-06
1014,-3.0078225321810509858776704061877893536803e-06
1015,-3.0078225321810509858776704061877893536803e-06
1016,-3.0078225321810509858776704061877893536803e-06
1017,-3.0078225321810509858776704061877893536803e-06
1018,-3.0078225321810509858776704061877893536803e-06
1019,-3.0078225302387553099126189792844598969168e-06
1020,-3.0078225275388416021877992928557077334517e-06
1021,-3.0078225275017021720660136130387485309257e-06
1022,-3.0078225323822831442557163006412679351342e-06
1023,-3.0078225306300815669287903458828381531021e-06
1024,-3.0078225307586726032667810704079869310590e-06
1025,-3.0078225320161391767614152831233909068942e-06
1026,-3.0078225321810509858776704061877893536803e-06
1027,-3.0078225321810509858776704061877893536803e-06
1028,-3.0078225321810509858776704061877893536803e-06
1029,-3.0078225321810509858776704061877893536803e-06
1030,-3.0078225321810509858776704061877893536803e-06
1031,-3.0078225321810509858776704061877893536803e-06
1032,-3.0078225321810509858776704061877893536803e-06
1033,-3.0078225321810509858776704061877893536803e-06
1034,-3.0078225311614770037511954609010800254509e-06
1035,-3.0078225270046632386171901740734568875268e-06
1036,-3.0078225273573918982928775828211698240011e-06
1037,-3.0078225326757864132264357753809846940385e-06
1038,-3.0078225321810509858776704061877893536803e-06
1039,-3.0078225321810509858776704061877893536803e-06
1040,-3.0078225321810509858776704061877893536803e-06
1041,-3.0078225321810509858776704061877893536803e-06
1042,-3.0078225321810509858776704061877893536803e-06
1043,-3.0078225321810509858776704061877893536803e-06
1044,-3.0078225321810509858776704061877893536803e-06
1045,-3.0078225321810509858776704061877893536803e-06
1046,-3.0078225321810509858776704061877893536803e-06
1047,-3.0078225321810509858776704061877893536803e-06
1048,-3.0078225321810509858776704061877893536803e-06
1049,-3.0078225321810509858776704061877893536803e-06
1050,-3.0078225321810509858776704061877893536803e-06
1051,-3.0078225311614770037511954609010800254509e-06
1052,-3.0078225270046632386171901740734568875268e-06
1053,-3.0078225273573918982928775828211698240011e-06
1054,-3.0078225326757864132264357753809846940385e-06
1055,-3.0078225321810509858776704061877893536803e-06
1056,-3.0078225321810509858776704061877893536803e-06
1057,-3.0078225332068426133534655431134297032258e-06
1058,-3.0078225306300815669287903458828381531021e-06
1059,-3.0078225294347965291250415753587788003642e-06
1060,-3.0078225270441057513225602965123428589322e-06
1061,-3.0078225275017021720660136130387485309257e-06
1062,-3.0078225311915797076636660406512291388026e-06
1063,-3.0078225321810509858776704061877893536803e-06
1064,-3.0078225321810509858776704061877893536803e-06
1065,-3.0078225321810509858776704061877893536803e-06
1066,-3.0078225321810509858776704061877893536803e-06
1067,-3.0078225321810509858776704061877893536803e-06
1068,-3.0078225321810509858776704061877893536803e-06
1069,-3.0078225321810509858776704061877893536803e-06
1070,-3.0078225321810509858776704061877893536803e-06
1071,-3.0078225321810509858776704061877893536803e-06
1072,-3.0078225321810509858776704061877893536803e-06
1073,-3.0078225321810509858776704061877893536803e-06
1074,-3.0078225321810509858776704061877893536803e-06
1075,-3.0078225321810509858776704061877893536803e-06
1076,-3.0078225321810509858776704061877893536803e-06
1077,-3.0078225321810509858776704061877893536803e-06
1078,-3.0078225321810509858776704061877893536803e-06
1079,-3.0078225321810509858776704061877893536803e-06
1080,-3.0078225321810509858776704061877893536803e-06
1081,-3.0078225321810509858776704061877893536803e-06
1082,-3.0078225321810509858776704061877893536803e-06
1083,-3.0078225321810509858776704061877893536803e-06
1084,-3.0078225321810509858776704061877893536803e-06
1085,-3.0078225321810509858776704061877893536803e-06
1086,-3.0078225321810509858776704061877893536803e-06
1087,-3.0078225321810509858776704061877893536803e-06
1088,-3.0078225321810509858776704061877893536803e-06
1089,-3.0078225321810509858776704061877893536803e-06
1090,-3.0078225302387553099126189792844598969168e-06
1091,-3.0078225275388416021877992928557077334517e-06
1092,-3.0078225275017021720660136130387485309257e-06
1093,-3.0078225311915797076636660406512291388026e-06
1094,-3.0078225321810509858776704061877893536803e-06
1095,-3.0078225321810509858776704061877893536803e-06
1096,-3.0078225321810509858776704061877893536803e-06
1097,-3.0078225321810509858776704061877893536803e-06
1098,-3.0078225321810509858776704061877893536803e-06
1099,-3.0078225321810509858776704061877893536803e-06
1100,-3.0078225321810509858776704061877893536803e-06
1101,-3.0078225321810509858776704061877893536803e-06
1102,-3.0078225321810509858776704061877893536803e-06
1103,-3.0078225321810509858776704061877893536803e-06
1104,-3.0078225321810509858776704061877893536803e-06
1105,-3.0078225321810509858776704061877893536803e-06
1106,-3.0078225321810509858776704061877893536803e-06
1107,-3.0078225321810509858776704061877893536803e-06
1108,-3.0078225321810509858776704061877893536803e-06
1109,-3.0078225321810509858776704061877893536803e-06
1110,-3.0078225321810509858776704061877893536803e-06
1111,-3.0078225321810509858776704061877893536803e-06
1112,-3.0078225321810509858776704061877893536803e-06
1113,-3.0078225321810509858776704061877893536803e-06
1114,-3.0078225321810509858776704061877893536803e-06
1115,-3.0078225321810509858776704061877893536803e-06
1116,-3.0078225321810509858776704061877893536803e-06
1117,-3.0078225321810509858776704061877893536803e-06
1118,-3.0078225321810509858776704061877893536803e-06
1119,-3.0078225321810509858776704061877893536803e-06
1120,-3.0078225321810509858776704061877893536803e-06
1121,-3.0078225321810509858776704061877893536803e-06
1122,-3.0078225321810509858776704061877893536803e-06
1123,-3.0078225302387553099126189792844598969168e-06
1124,-3.0078225275388416021877992928557077334517e-06
1125,-3.0078225275017021720660136130387485309257e-06
1126,-3.0078225311915797076636660406512291388026e-06
1127,-3.0078225321810509858776704061877893536803e-06
1128,-3.0078225321810509858776704061877893536803e-06
1129,-3.0078225321810509858776704061877893536803e-06
1130,-3.0078225321810509858776704061877893536803e-06
1131,-3.0078225321810509858776704061877893536803e-06
1132,-3.0078225321810509858776704061877893536803e-06
1133,-3.0078225321810509858776704061877893536803e-06
1134,-3.0078225321810509858776704061877893536803e-06
1135,-3.0078225321300075099267053863050236373056e-06
1136,-3.0078225291141225607887722814925979264444e-06
1137,-3.0078225272748963949444658827481191565312e-06
1138,-3.0078225305319320476821719212434658174971e-06
1139,-3.0078225299527770816453067087570261151086e-06
1140,-3.0078225282902957751903980088137302573159e-06
1141,-3.0078225281201480319106904282033809749919e-06
1142,-3.0078225305319320476821719212434658174971e-06
1143,-3.0078225321810509858776704061877893536803e-06
1144,-3.0078225321810509858776704061877893536803e-06
1145,-3.0078225321810509858776704061877893536803e-06
1146,-3.0078225321810509858776704061877893536803e-06
1147,-3.0078225321810509858776704061877893536803e-06
1148,-3.0078225321810509858776704061877893536803e-06
1149,-3.0078225321810509858776704061877893536803e-06
1150,-3.0078225321810509858776704061877893536803e-06
1151,-3.0078225321810509858776704061877893536803e-06
1152,-3.0078225321810509858776704061877893536803e-06
1153,-3.0078225321810509858776704061877893536803e-06
1154,-3.0078225321810509858776704061877893536803e-06
1155,-3.0078225321810509858776704061877893536803e-06
1156,-3.0078225321810509858776704061877893536803e-06
1157,-3.0078225321810509858776704061877893536803e-06
1158,-3.0078225321810509858776704061877893536803e-06
1159,-3.0078225321810509858776704061877893536803e-06
1160,-3.0078225321810509858776704061877893536803e-06
1161,-3.0078225321810509858776704061877893536803e-06
1162,-3.0078225321810509858776704061877893536803e-06
1163,-3.0078225321810509858776704061877893536803e-06
1164,-3.0078225321810509858776704061877893536803e-06
1165,-3.0078225321810509858776704061877893536803e-06
1166,-3.0078225321810509858776704061877893536803e-06
1167,-3.0078225321810509858776704061877893536803e-06
1168,-3.0078225321810509858776704061877893536803e-06
1169,-3.0078225321810509858776704061877893536803e-06
1170,-3.0078225321810509858776704061877893536803e-06
1171,-3.0078225321810509858776704061877893536803e-06
1172,-3.0078225321810509858776704061877893536803e-06
1173,-3.0078225321810509858776704061877893536803e-06
1174,-3.0078225321810509858776704061877893536803e-06
1175,-3.0078225321810509858776704061877893536803e-06
1176,-3.0078225321810509858776704061877893536803e-06
1177,-3.0078225321810509858776704061877893536803e-06
1178,-3.0078225321810509858776704061877893536803e-06
1179,-3.0078225321810509858776704061877893536803e-06
1180,-3.0078225321810509858776704061877893536803e-06
1181,-3.0078225321810509858776704061877893536803e-06
1182,-3.0078225321810509858776704061877893536803e-06
1183,-3.0078225321810509858776704061877893536803e-06
1184,-3.0078225321810509858776704061877893536803e-06
1185,-3.0078225321810509858776704061877893536803e-06
1186,-3.0078225321810509858776704061877893536803e-06
1187,-3.0078225321810509858776704061877893536803e-06
1188,-3.0078225321810509858776704061877893536803e-06
1189,-3.0078225321810509858776704061877893536803e-06
1190,-3.0078225321810509858776704061877893536803e-06
1191,-3.0078225321810509858776704061877893536803e-06
1192,-3.0078225321810509858776704061877893536803e-06
1193,-3.0078225321810509858776704061877893536803e-06
1194,-3.0078225321810509858776704061877893536803e-06
1195,-3.0078225321810509858776704061877893536803e-06
1196,-3.0078225321810509858776704061877893536803e-06
1197,-3.0078225321810509858776704061877893536803e-06
1198,-3.0078225321810509858776704061877893536803e-06
1199,-3.0078225321810509858776704061877893536803e-06
1200,-3.0078225321810509858776704061877893536803e-06
1201,-3.0078225321810509858776704061877893536803e-06
1202,-3.0078225299527770816453067087570261151086e-06
1203,-3.0078225282902957751903980088137302573159e-06
1204,-3.0078225281201480319106904282033809749919e-06
1205,-3.0078225305319320476821719212434658174971e-06
1206,-3.0078225321810509858776704061877893536803e-06
1207,-3.0078225321810509858776704061877893536803e-06
1208,-3.0078225321810509858776704061877893536803e-06
1209,-3.0078225321810509858776704061877893536803e-06
1210,-3.0078225321810509858776704061877893536803e-06
1211,-3.0078225321810509858776704061877893536803e-06
1212,-3.0078225321810509858776704061877893536803e-06
1213,-3.0078225321810509858776704061877893536803e-06
1214,-3.0078225321810509858776704061877893536803e-06
1215,-3.0078225321810509858776704061877893536803e-06
1216,-3.0078225321810509858776704061877893536803e-06
1217,-3.0078225321810509858776704061877893536803e-06
1218,-3.0078225321810509858776704061877893536803e-06
1219,-3.0078225321810509858776704061877893536803e-06
1220,-3.0078225321810509858776704061877893536803e-06
1221,-3.0078225321810509858776704061877893536803e-06
1222,-3.0078225321810509858776704061877893536803e-06
1223,-3.0078225315385849657147561420078574201398e-06
1224,1.4454046112747207181128581807774220096589e-16
1225,8.1182950135010111030555218982749186224577e-17
1226,-3.0047791549853186912513551554138047094966e-06
1227,-3.0047791555625102349164848997142840403285e-06
1228,-3.0047791555625102349164848997142840403285e-06
1229,-3.0047791555625102349164848997142840403285e-06
1230,-3.0047791555625102349164848997142840403285e-06
1231,-3.0047791555625102349164848997142840403285e-06
1232,-3.0047791555625102349164848997142840403285e-06
1233,-3.0047791555625102349164848997142840403285e-06
1234,-3.0047791555625102349164848997142840403285e-06
1235,-3.0047791555625102349164848997142840403285e-06
1236,-3.0047791555625102349164848997142840403285e-06
1237,-3.0047791555625102349164848997142840403285e-06
1238,-3.0047791555625102349164848997142840403285e-06
1239,-3.0047791555625102349164848997142840403285e-06
1240,-3.0047791555625102349164848997142840403285e-06
1241,-3.0047791555625102349164848997142840403285e-06
1242,-3.0047791554869697190979782597253233689116e-06
1243,-3.0047791529859346887072583942579484528324e-06
1244,-3.0047791542279018298165597922189107293889e-06
1245,-3.0047791553326589508330843325545345123828e-06
1246,-3.0047791540937906797613127923840536936950e-06
1247,-3.0047791557274220440327400227786824871146e-06
1248,-3.0047791555625102349164848997142840403285e-06
1249,-3.0047791555625102349164848997142840403285e-06
1250,-3.0047791555625102349164848997142840403285e-06
1251,-3.0047791555625102349164848997142840403285e-06
1252,-3.0047791555625102349164848997142840403285e-06
1253,-3.0047791555625102349164848997142840403285e-06
1254,-3.0047791555625102349164848997142840403285e-06
1255,-3.0047791555625102349164848997142840403285e-06
1256,-3.0047791555625102349164848997142840403285e-06
1257,-3.0047791555625102349164848997142840403285e-06
1258,-3.0047791555625102349164848997142840403285e-06
1259,-3.0047791555625102349164848997142840403285e-06
1260,-3.0047791555625102349164848997142840403285e-06
1261,-3.0047791555625102349164848997142840403285e-06
1262,-3.0047791555625102349164848997142840403285e-06
1263,-3.0047791555625102349164848997142840403285e-06
1264,-3.0047791554869697190979782597253233689116e-06
1265,-3.0047791535495749757657402145838432261371e-06
1266,-3.0047791519499363142170489382465348171536e-06
1267,-3.0047791557523082955395449938906793363458e-06
1268,-3.0047791549998842698123401040444235832183e-06
1269,-3.0047791548513146908639358245718398165991e-06
1270,-3.0047791551502305003676102784782031562827e-06
1271,-3.0047791555625102349164848997142840403285e-06
1272,-3.0047791555625102349164848997142840403285e-06
1273,-3.0047791555625102349164848997142840403285e-06
1274,-3.0047791555625102349164848997142840403285e-06
1275,-3.0047791555625102349164848997142840403285e-06
1276,-3.0047791555625102349164848997142840403285e-06
1277,-3.0047791555625102349164848997142840403285e-06
1278,-3.0047791555625102349164848997142840403285e-06
1279,-3.0047791556510001904326152832869212261357e-06
1280,-3.0047791543215578392779941535595256141278e-06
1281,-3.0047791548101124672106448931785394051985e-06
1282,-3.0047791558098781603491043978859664775882e-06
1283,-3.0047791555625102349164848997142840403285e-06
1284,-3.0047791555625102349164848997142840403285e-06
1285,-3.0047791555625102349164848997142840403285e-06
1286,-3.0047791555625102349164848997142840403285e-06
1287,-3.0047791555625102349164848997142840403285e-06
1288,-3.0047791555625102349164848997142840403285e-06
1289,-3.0047791555625102349164848997142840403285e-06
1290,-3.0047791555625102349164848997142840403285e-06
1291,-3.0047791555625102349164848997142840403285e-06
1292,-3.0047791555625102349164848997142840403285e-06
1293,-3.0047791555625102349164848997142840403285e-06
1294,-3.0047791555625102349164848997142840403285e-06
1295,-3.0047791555625102349164848997142840403285e-06
1296,-3.0047791556510001904326152832869212261357e-06
1297,-3.0047791543215578392779941535595256141278e-06
1298,-3.0047791548101124672106448931785394051985e-06
1299,-3.0047791558098781603491043978859664775882e-06
1300,-3.0047791555625102349164848997142840403285e-06
1301,-3.0047791555625102349164848997142840403285e-06
1302,-3.0047791553400285609906703726545984523000e-06
1303,-3.0047791549998842698123401040444235832183e-06
1304,-3.0047791557600921048083383868565476859658e-06
1305,-3.0047791535495749757657402145838432261371e-06
1306,-3.0047791519499363142170489382465348171536e-06
1307,-3.0047791557274220440327400227786824871146e-06
1308,-3.0047791555625102349164848997142840403285e-06
1309,-3.0047791555625102349164848997142840403285e-06
1310,-3.0047791555625102349164848997142840403285e-06
1311,-3.0047791555625102349164848997142840403285e-06
1312,-3.0047791555625102349164848997142840403285e-06
1313,-3.0047791555625102349164848997142840403285e-06
1314,-3.0047791555625102349164848997142840403285e-06
1315,-3.0047791555625102349164848997142840403285e-06
1316,-3.0047791555625102349164848997142840403285e-06
1317,-3.0047791555625102349164848997142840403285e-06
1318,-3.0047791555625102349164848997142840403285e-06
1319,-3.0047791555625102349164848997142840403285e-06
1320,-3.0047791555625102349164848997142840403285e-06
1321,-3.0047791555625102349164848997142840403285e-06
1322,-3.0047791555625102349164848997142840403285e-06
1323,-3.0047791555625102349164848997142840403285e-06
1324,-3.0047791555625102349164848997142840403285e-06
1325,-3.0047791555625102349164848997142840403285e-06
1326,-3.0047791555625102349164848997142840403285e-06
1327,-3.0047791555625102349164848997142840403285e-06
1328,-3.0047791555625102349164848997142840403285e-06
1329,-3.0047791555625102349164848997142840403285e-06
1330,-3.0047791555625102349164848997142840403285e-06
1331,-3.0047791555625102349164848997142840403285e-06
1332,-3.0047791555625102349164848997142840403285e-06
1333,-3.0047791555625102349164848997142840403285e-06
1334,-3.0047791555625102349164848997142840403285e-06
1335,-3.0047791554869697190979782597253233689116e-06
1336,-3.0047791535495749757657402145838432261371e-06
1337,-3.0047791519499363142170489382465348171536e-06
1338,-3.0047791557274220440327400227786824871146e-06
1339,-3.0047791555625102349164848997142840403285e-06
1340,-3.0047791555625102349164848997142840403285e-06
1341,-3.0047791555625102349164848997142840403285e-06
1342,-3.0047791555625102349164848997142840403285e-06
1343,-3.0047791555625102349164848997142840403285e-06
1344,-3.0047791555625102349164848997142840403285e-06
1345,-3.0047791555625102349164848997142840403285e-06
1346,-3.0047791555625102349164848997142840403285e-06
1347,-3.0047791555625102349164848997142840403285e-06
1348,-3.0047791555625102349164848997142840403285e-06
1349,-3.0047791555625102349164848997142840403285e-06
1350,-3.0047791555625102349164848997142840403285e-06
1351,-3.0047791555625102349164848997142840403285e-06
1352,-3.0047791555625102349164848997142840403285e-06
1353,-3.0047791555625102349164848997142840403285e-06
1354,-3.0047791555625102349164848997142840403285e-06
1355,-3.0047791555625102349164848997142840403285e-06
1356,-3.0047791555625102349164848997142840403285e-06
1357,-3.0047791555625102349164848997142840403285e-06
1358,-3.0047791555625102349164848997142840403285e-06
1359,-3.0047791555625102349164848997142840403285e-06
1360,-3.0047791555625102349164848997142840403285e-06
1361,-3.0047791555625102349164848997142840403285e-06
1362,-3.0047791555625102349164848997142840403285e-06
1363,-3.0047791555625102349164848997142840403285e-06
1364,-3.0047791555625102349164848997142840403285e-06
1365,-3.0047791555625102349164848997142840403285e-06
1366,-3.0047791555625102349164848997142840403285e-06
1367,-3.0047791555625102349164848997142840403285e-06
1368,-3.0047791554869697190979782597253233689116e-06
1369,-3.0047791535495749757657402145838432261371e-06
1370,-3.0047791519499363142170489382465348171536e-06
1371,-3.0047791557274220440327400227786824871146e-06
1372,-3.0047791555625102349164848997142840403285e-06
1373,-3.0047791555625102349164848997142840403285e-06
1374,-3.0047791555625102349164848997142840403285e-06
1375,-3.0047791555625102349164848997142840403285e-06
1376,-3.0047791555625102349164848997142840403285e-06
1377,-3.0047791555625102349164848997142840403285e-06
1378,-3.0047791555625102349164848997142840403285e-06
1379,-3.0047791555625102349164848997142840403285e-06
1380,-3.0047791553183864456718493718412332782464e-06
1381,-3.0047791556637912349691024727071919642185e-06
1382,-3.0047791541195053294905324692276593623319e-06
1383,-3.0047791544081271475862254111133253786647e-06
1384,-3.0047791543449499246658425388734059424678e-06
1385,-3.0047791543398482452245298879311974360462e-06
1386,-3.0047791540113603979498396734371112870576e-06
1387,-3.0047791543256710312698610360060413881911e-06
1388,-3.0047791555625102349164848997142840403285e-06
1389,-3.0047791555625102349164848997142840403285e-06
1390,-3.0047791555625102349164848997142840403285e-06
1391,-3.0047791555625102349164848997142840403285e-06
1392,-3.0047791555625102349164848997142840403285e-06
1393,-3.0047791555625102349164848997142840403285e-06
1394,-3.0047791555625102349164848997142840403285e-06
1395,-3.0047791555625102349164848997142840403285e-06
1396,-3.0047791555625102349164848997142840403285e-06
1397,-3.0047791555625102349164848997142840403285e-06
1398,-3.0047791555625102349164848997142840403285e-06
1399,-3.0047791555625102349164848997142840403285e-06
1400,-3.0047791555625102349164848997142840403285e-06
1401,-3.0047791555625102349164848997142840403285e-06
1402,-3.0047791555625102349164848997142840403285e-06
1403,-3.0047791555625102349164848997142840403285e-06
1404,-3.0047791555625102349164848997142840403285e-06
1405,-3.0047791555625102349164848997142840403285e-06
1406,-3.0047791555625102349164848997142840403285e-06
1407,-3.0047791555625102349164848997142840403285e-06
1408,-3.0047791555625102349164848997142840403285e-06
1409,-3.0047791555625102349164848997142840403285e-06
1410,-3.0047791555625102349164848997142840403285e-06
1411,-3.0047791555625102349164848997142840403285e-06
1412,-3.0047791555625102349164848997142840403285e-06
1413,-3.0047791555625102349164848997142840403285e-06
1414,-3.0047791555625102349164848997142840403285e-06
1415,-3.0047791555625102349164848997142840403285e-06
1416,-3.0047791555625102349164848997142840403285e-06
1417,-3.0047791555625102349164848997142840403285e-06
1418,-3.0047791555625102349164848997142840403285e-06
1419,-3.0047791555625102349164848997142840403285e-06
1420,-3.0047791555625102349164848997142840403285e-06
1421,-3.0047791555625102349164848997142840403285e-06
1422,-3.0047791555625102349164848997142840403285e-06
1423,-3.0047791555625102349164848997142840403285e-06
1424,-3.0047791555625102349164848997142840403285e-06
1425,-3.0047791555625102349164848997142840403285e-06
1426,-3.0047791555625102349164848997142840403285e-06
1427,-3.0047791555625102349164848997142840403285e-06
1428,-3.0047791555625102349164848997142840403285e-06
1429,-3.0047791555625102349164848997142840403285e-06
1430,-3.0047791555625102349164848997142840403285e-06
1431,-3.0047791555625102349164848997142840403285e-06
1432,-3.0047791555625102349164848997142840403285e-06
1433,-3.0047791555625102349164848997142840403285e-06
1434,-3.0047791555625102349164848997142840403285e-06
1435,-3.0047791555625102349164848997142840403285e-06
1436,-3.0047791555625102349164848997142840403285e-06
1437,-3.0047791555625102349164848997142840403285e-06
1438,-3.0047791555625102349164848997142840403285e-06
1439,-3.0047791555625102349164848997142840403285e-06
1440,-3.0047791555625102349164848997142840403285e-06
1441,-3.0047791555625102349164848997142840403285e-06
1442,-3.0047791555625102349164848997142840403285e-06
1443,-3.0047791555625102349164848997142840403285e-06
1444,-3.0047791555625102349164848997142840403285e-06
1445,-3.0047791555625102349164848997142840403285e-06
1446,-3.0047791555625102349164848997142840403285e-06
1447,-3.0047791543449499246658425388734059424678e-06
1448,-3.0047791543398482452245298879311974360462e-06
1449,-3.0047791540113603979498396734371112870576e-06
1450,-3.0047791543256710312698610360060413881911e-06
1451,-3.0047791555625102349164848997142840403285e-06
1452,-3.0047791555625102349164848997142840403285e-06
1453,-3.0047791555625102349164848997142840403285e-06
1454,-3.0047791555625102349164848997142840403285e-06
1455,-3.0047791555625102349164848997142840403285e-06
1456,-3.0047791555625102349164848997142840403285e-06
1457,-3.0047791555625102349164848997142840403285e-06
1458,-3.0047791555625102349164848997142840403285e-06
1459,-3.0047791555625102349164848997142840403285e-06
1460,-3.0047791555625102349164848997142840403285e-06
1461,-3.0047791555625102349164848997142840403285e-06
1462,-3.0047791555625102349164848997142840403285e-06
1463,-3.0047791555625102349164848997142840403285e-06
1464,-3.0047791555625102349164848997142840403285e-06
1465,-3.0047791555625102349164848997142840403285e-06
1466,-3.0047791555625102349164848997142840403285e-06
1467,-3.0047791555625102349164848997142840403285e-06
1468,-3.0047791559219817003687901663111503580694e-06
1469,1.0650273039854733923399302767357784162630e-16
1470,8.4936940536694160162389559620397820172170e-17
1471,-3.0025017456055509771891201542537430668744e-06
1472,-3.0025017460590583463797033358932964119958e-06
1473,-3.0025017460590583463797033358932964119958e-06
1474,-3.0025017460590583463797033358932964119958e-06
1475,-3.0025017460590583463797033358932964119958e-06
1476,-3.0025017460590583463797033358932964119958e-06
1477,-3.0025017460590583463797033358932964119958e-06
1478,-3.0025017460590583463797033358932964119958e-06
1479,-3.0025017460590583463797033358932964119958e-06
1480,-3.0025017460590583463797033358932964119958e-06
1481,-3.0025017460590583463797033358932964119958e-06
1482,-3.0025017460590583463797033358932964119958e-06
1483,-3.0025017460590583463797033358932964119958e-06
1484,-3.0025017460590583463797033358932964119958e-06
1485,-3.0025017460590583463797033358932964119958e-06
1486,-3.0025017460590583463797033358932964119958e-06
1487,-3.0025017461778170242659661420825401023649e-06
1488,-3.0025017452790629747028973428601972273100e-06
1489,-3.0025017462530466789928304538470626994240e-06
1490,-3.0025017467419490139503290837552640368813e-06
1491,-3.0025017442766185398687461133304665850119e-06
1492,-3.0025017465950218318866508926401337475909e-06
1493,-3.0025017460590583463797033358932964119958e-06
1494,-3.0025017460590583463797033358932964119958e-06
1495,-3.0025017460590583463797033358932964119958e-06
1496,-3.0025017460590583463797033358932964119958e-06
1497,-3.0025017460590583463797033358932964119958e-06
1498,-3.0025017460590583463797033358932964119958e-06
1499,-3.0025017460590583463797033358932964119958e-06
1500,-3.0025017460590583463797033358932964119958e-06
1501,-3.0025017460590583463797033358932964119958e-06
1502,-3.0025017460590583463797033358932964119958e-06
1503,-3.0025017460590583463797033358932964119958e-06
1504,-3.0025017460590583463797033358932964119958e-06
1505,-3.0025017460590583463797033358932964119958e-06
1506,-3.0025017460590583463797033358932964119958e-06
1507,-3.0025017460590583463797033358932964119958e-06
1508,-3.0025017460590583463797033358932964119958e-06
1509,-3.0025017461778170242659661420825401023649e-06
1510,-3.0025017463271192867137453913484179679472e-06
1511,-3.0025017444827584071431834239485070270348e-06
1512,-3.0025017465840442848902351602458082879821e-06
1513,-3.0025017455746787438440690426455503825309e-06
1514,-3.0025017456113357887023933984194101753928e-06
1515,-3.0025017460796725872170312432452021766949e-06
1516,-3.0025017460590583463797033358932964119958e-06
1517,-3.0025017460590583463797033358932964119958e-06
1518,-3.0025017460590583463797033358932964119958e-06
1519,-3.0025017460590583463797033358932964119958e-06
1520,-3.0025017460590583463797033358932964119958e-06
1521,-3.0025017460590583463797033358932964119958e-06
1522,-3.0025017460590583463797033358932964119958e-06
1523,-3.0025017460590583463797033358932964119958e-06
1524,-3.0025017460462893246998447582818414502981e-06
1525,-3.0025017458807468995543588086150066374103e-06
1526,-3.0025017451655838531768705906843663910877e-06
1527,-3.0025017462239701554959584589576948587819e-06
1528,-3.0025017460590583463797033358932964119958e-06
1529,-3.0025017460590583463797033358932964119958e-06
1530,-3.0025017460590583463797033358932964119958e-06
1531,-3.0025017460590583463797033358932964119958e-06
1532,-3.0025017460590583463797033358932964119958e-06
1533,-3.0025017460590583463797033358932964119958e-06
1534,-3.0025017460590583463797033358932964119958e-06
1535,-3.0025017460590583463797033358932964119958e-06
1536,-3.0025017460590583463797033358932964119958e-06
1537,-3.0025017460590583463797033358932964119958e-06
1538,-3.0025017460590583463797033358932964119958e-06
1539,-3.0025017460590583463797033358932964119958e-06
1540,-3.0025017460590583463797033358932964119958e-06
1541,-3.0025017460462893246998447582818414502981e-06
1542,-3.0025017458807468995543588086150066374103e-06
1543,-3.0025017451655838531768705906843663910877e-06
1544,-3.0025017462239701554959584589576948587819e-06
1545,-3.0025017460590583463797033358932964119958e-06
1546,-3.0025017460590583463797033358932964119958e-06
1547,-3.0025017461923787911786884463616331686353e-06
1548,-3.0025017455746787438440690426455503825309e-06
1549,-3.0025017454331242917648248785811304628623e-06
1550,-3.0025017454613317594578139613226142046187e-06
1551,-3.0025017444827584071431834239485070270348e-06
1552,-3.0025017465950218318866508926401337475909e-06
1553,-3.0025017460590583463797033358932964119958e-06
1554,-3.0025017460590583463797033358932964119958e-06
1555,-3.0025017460590583463797033358932964119958e-06
1556,-3.0025017460590583463797033358932964119958e-06
1557,-3.0025017460590583463797033358932964119958e-06
1558,-3.0025017460590583463797033358932964119958e-06
1559,-3.0025017460590583463797033358932964119958e-06
1560,-3.0025017460590583463797033358932964119958e-06
1561,-3.0025017460590583463797033358932964119958e-06
1562,-3.0025017460590583463797033358932964119958e-06
1563,-3.0025017460590583463797033358932964119958e-06
1564,-3.0025017460590583463797033358932964119958e-06
1565,-3.0025017460590583463797033358932964119958e-06
1566,-3.0025017460590583463797033358932964119958e-06
1567,-3.0025017460590583463797033358932964119958e-06
1568,-3.0025017460590583463797033358932964119958e-06
1569,-3.0025017460590583463797033358932964119958e-06
1570,-3.0025017460590583463797033358932964119958e-06
1571,-3.0025017460590583463797033358932964119958e-06
1572,-3.0025017460590583463797033358932964119958e-06
1573,-3.0025017460590583463797033358932964119958e-06
1574,-3.0025017460590583463797033358932964119958e-06
1575,-3.0025017460590583463797033358932964119958e-06
1576,-3.0025017460590583463797033358932964119958e-06
1577,-3.0025017460590583463797033358932964119958e-06
1578,-3.0025017460590583463797033358932964119958e-06
1579,-3.0025017460590583463797033358932964119958e-06
1580,-3.0025017461778170242659661420825401023649e-06
1581,-3.0025017463271192867137453913484179679472e-06
1582,-3.0025017444827584071431834239485070270348e-06
1583,-3.0025017465950218318866508926401337475909e-06
1584,-3.0025017460590583463797033358932964119958e-06
1585,-3.0025017460590583463797033358932964119958e-06
1586,-3.0025017460590583463797033358932964119958e-06
1587,-3.0025017460590583463797033358932964119958e-06
1588,-3.0025017460590583463797033358932964119958e-06
1589,-3.0025017460590583463797033358932964119958e-06
1590,-3.0025017460590583463797033358932964119958e-06
1591,-3.0025017460590583463797033358932964119958e-06
1592,-3.0025017460590583463797033358932964119958e-06
1593,-3.0025017460590583463797033358932964119958e-06
1594,-3.0025017460590583463797033358932964119958e-06
1595,-3.0025017460590583463797033358932964119958e-06
1596,-3.0025017460590583463797033358932964119958e-06
1597,-3.0025017460590583463797033358932964119958e-06
1598,-3.0025017460590583463797033358932964119958e-06
1599,-3.0025017460590583463797033358932964119958e-06
1600,-3.0025017460590583463797033358932964119958e-06
1601,-3.0025017460590583463797033358932964119958e-06
1602,-3.0025017460590583463797033358932964119958e-06
1603,-3.0025017460590583463797033358932964119958e-06
1604,-3.0025017460590583463797033358932964119958e-06
1605,-3.0025017460590583463797033358932964119958e-06
1606,-3.0025017460590583463797033358932964119958e-06
1607,-3.0025017460590583463797033358932964119958e-06
1608,-3.0025017460590583463797033358932964119958e-06
1609,-3.0025017460590583463797033358932964119958e-06
1610,-3.0025017460590583463797033358932964119958e-06
1611,-3.0025017460590583463797033358932964119958e-06
1612,-3.0025017460590583463797033358932964119958e-06
1613,-3.0025017461778170242659661420825401023649e-06
1614,-3.0025017463271192867137453913484179679472e-06
1615,-3.0025017444827584071431834239485070270348e-06
1616,-3.0025017465950218318866508926401337475909e-06
1617,-3.0025017460590583463797033358932964119958e-06
1618,-3.0025017460590583463797033358932964119958e-06
1619,-3.0025017460590583463797033358932964119958e-06
1620,-3.0025017460590583463797033358932964119958e-06
1621,-3.0025017460590583463797033358932964119958e-06
1622,-3.0025017460590583463797033358932964119958e-06
1623,-3.0025017460590583463797033358932964119958e-06
1624,-3.0025017460590583463797033358932964119958e-06
1625,-3.0025017463297404301690238237476648919255e-06
1626,-3.0025017452497933276940513674935218091377e-06
1627,-3.0025017451004817478838523209239141920079e-06
1628,-3.0025017465744080145657966124383975170531e-06
1629,-3.0025017463297222189606578562903749229918e-06
1630,-3.0025017460110773180495362388864322156223e-06
1631,-3.0025017458536151637043826873041396652297e-06
1632,-3.0025017455849367363517922469018373021754e-06
1633,-3.0025017460590583463797033358932964119958e-06
1634,-3.0025017460590583463797033358932964119958e-06
1635,-3.0025017460590583463797033358932964119958e-06
1636,-3.0025017460590583463797033358932964119958e-06
1637,-3.0025017460590583463797033358932964119958e-06
1638,-3.0025017460590583463797033358932964119958e-06
1639,-3.0025017460590583463797033358932964119958e-06
1640,-3.0025017460590583463797033358932964119958e-06
1641,-3.0025017460590583463797033358932964119958e-06
1642,-3.0025017460590583463797033358932964119958e-06
1643,-3.0025017460590583463797033358932964119958e-06
1644,-3.0025017460590583463797033358932964119958e-06
1645,-3.0025017460590583463797033358932964119958e-06
1646,-3.0025017460590583463797033358932964119958e-06
1647,-3.0025017460590583463797033358932964119958e-06
1648,-3.0025017460590583463797033358932964119958e-06
1649,-3.0025017460590583463797033358932964119958e-06
1650,-3.0025017460590583463797033358932964119958e-06
1651,-3.0025017460590583463797033358932964119958e-06
1652,-3.0025017460590583463797033358932964119958e-06
1653,-3.0025017460590583463797033358932964119958e-06
1654,-3.0025017460590583463797033358932964119958e-06
1655,-3.0025017460590583463797033358932964119958e-06
1656,-3.0025017460590583463797033358932964119958e-06
1657,-3.0025017460590583463797033358932964119958e-06
1658,-3.0025017460590583463797033358932964119958e-06
1659,-3.0025017460590583463797033358932964119958e-06
1660,-3.0025017460590583463797033358932964119958e-06
1661,-3.0025017460590583463797033358932964119958e-06
1662,-3.0025017460590583463797033358932964119958e-06
1663,-3.0025017460590583463797033358932964119958e-06
1664,-3.0025017460590583463797033358932964119958e-06
1665,-3.0025017460590583463797033358932964119958e-06
1666,-3.0025017460590583463797033358932964119958e-06
1667,-3.0025017460590583463797033358932964119958e-06
1668,-3.0025017460590583463797033358932964119958e-06
1669,-3.0025017460590583463797033358932964119958e-06
1670,-3.0025017460590583463797033358932964119958e-06
1671,-3.0025017460590583463797033358932964119958e-06
1672,-3.0025017460590583463797033358932964119958e-06
1673,-3.0025017460590583463797033358932964119958e-06
1674,-3.0025017460590583463797033358932964119958e-06
1675,-3.0025017460590583463797033358932964119958e-06
1676,-3.0025017460590583463797033358932964119958e-06
1677,-3.0025017460590583463797033358932964119958e-06
1678,-3.0025017460590583463797033358932964119958e-06
1679,-3.0025017460590583463797033358932964119958e-06
1680,-3.0025017460590583463797033358932964119958e-06
1681,-3.0025017460590583463797033358932964119958e-06
1682,-3.0025017460590583463797033358932964119958e-06
1683,-3.0025017460590583463797033358932964119958e-06
1684,-3.0025017460590583463797033358932964119958e-06
1685,-3.0025017460590583463797033358932964119958e-06
1686,-3.0025017460590583463797033358932964119958e-06
1687,-3.0025017460590583463797033358932964119958e-06
1688,-3.0025017460590583463797033358932964119958e-06
1689,-3.0025017460590583463797033358932964119958e-06
1690,-3.0025017460590583463797033358932964119958e-06
1691,-3.0025017460590583463797033358932964119958e-06
1692,-3.0025017463297222189606578562903749229918e-06
1693,-3.0025017460110773180495362388864322156223e-06
1694,-3.0025017458536151637043826873041396652297e-06
1695,-3.0025017455849367363517922469018373021754e-06
1696,-3.0025017460590583463797033358932964119958e-06
1697,-3.0025017460590583463797033358932964119958e-06
1698,-3.0025017460590583463797033358932964119958e-06
1699,-3.0025017460590583463797033358932964119958e-06
1700,-3.0025017460590583463797033358932964119958e-06
1701,-3.0025017460590583463797033358932964119958e-06
1702,-3.0025017460590583463797033358932964119958e-06
1703,-3.0025017460590583463797033358932964119958e-06
1704,-3.0025017460590583463797033358932964119958e-06
1705,-3.0025017460590583463797033358932964119958e-06
1706,-3.0025017460590583463797033358932964119958e-06
1707,-3.0025017460590583463797033358932964119958e-06
1708,-3.0025017460590583463797033358932964119958e-06
1709,-3.0025017460590583463797033358932964119958e-06
1710,-3.0025017460590583463797033358932964119958e-06
1711,-3.0025017460590583463797033358932964119958e-06
1712,-3.0025017460590583463797033358932964119958e-06
1713,-3.0025017465820427460358732485445898419130e-06
1714,-1.2241091916407805248742922493132372028828e-16
1715,-2.0877260283937664719733114753525601129105e-18
1716,-3.0009813073317288062370668949574437078809e-06
1717,-3.0009813074914868433857532276087809464116e-06
1718,-3.0009813074914868433857532276087809464116e-06
1719,-3.0009813074914868433857532276087809464116e-06
1720,-3.0009813074914868433857532276087809464116e-06
1721,-3.0009813074914868433857532276087809464116e-06
1722,-3.0009813074914868433857532276087809464116e-06
1723,-3.0009813074914868433857532276087809464116e-06
1724,-3.0009813074914868433857532276087809464116e-06
1725,-3.0009813074914868433857532276087809464116e-06
1726,-3.0009813074914868433857532276087809464116e-06
1727,-3.0009813074914868433857532276087809464116e-06
1728,-3.0009813074914868433857532276087809464116e-06
1729,-3.0009813074914868433857532276087809464116e-06
1730,-3.0009813074914868433857532276087809464116e-06
1731,-3.0009813074914868433857532276087809464116e-06
1732,-3.0009813072223569474722762451257551674644e-06
1733,-3.0009813062496963086459543512685144150964e-06
1734,-3.0009813070844489722309618440210243761612e-06
1735,-3.0009813071134894968275755311459818130970e-06
1736,-3.0009813065284540045543973385555602817476e-06
1737,-3.0009813069271790943648350186157003349763e-06
1738,-3.0009813074914868433857532276087809464116e-06
1739,-3.0009813074914868433857532276087809464116e-06
1740,-3.0009813074914868433857532276087809464116e-06
1741,-3.0009813074914868433857532276087809464116e-06
1742,-3.0009813074914868433857532276087809464116e-06
1743,-3.0009813074914868433857532276087809464116e-06
1744,-3.0009813074914868433857532276087809464116e-06
1745,-3.0009813074914868433857532276087809464116e-06
1746,-3.0009813074914868433857532276087809464116e-06
1747,-3.0009813074914868433857532276087809464116e-06
1748,-3.0009813074914868433857532276087809464116e-06
1749,-3.0009813074914868433857532276087809464116e-06
1750,-3.0009813074914868433857532276087809464116e-06
1751,-3.0009813074914868433857532276087809464116e-06
1752,-3.0009813074914868433857532276087809464116e-06
1753,-3.0009813074914868433857532276087809464116e-06
1754,-3.0009813072223569474722762451257551674644e-06
1755,-3.0009813067295798602975628183164857887277e-06
1756,-3.0009813065336077765219661289686214900030e-06
1757,-3.0009813068543600954058564456161661837541e-06
1758,-3.0009813071157989321582643810204515943951e-06
1759,-3.0009813072730946445292824625861172194163e-06
1760,-3.0009813073239983600439505229129366625784e-06
1761,-3.0009813074914868433857532276087809464116e-06
1762,-3.0009813074914868433857532276087809464116e-06
1763,-3.0009813074914868433857532276087809464116e-06
1764,-3.0009813074914868433857532276087809464116e-06
1765,-3.0009813074914868433857532276087809464116e-06
1766,-3.0009813074914868433857532276087809464116e-06
1767,-3.0009813074914868433857532276087809464116e-06
1768,-3.0009813074914868433857532276087809464116e-06
1769,-3.0009813073215360352662822718272650490690e-06
1770,-3.0009813070310202515005287143834422636246e-06
1771,-3.0009813069703536342358075883485213353197e-06
1772,-3.0009813074116078248114100612831123271462e-06
1773,-3.0009813074914868433857532276087809464116e-06
1774,-3.0009813074914868433857532276087809464116e-06
1775,-3.0009813074914868433857532276087809464116e-06
1776,-3.0009813074914868433857532276087809464116e-06
1777,-3.0009813074914868433857532276087809464116e-06
1778,-3.0009813074914868433857532276087809464116e-06
1779,-3.0009813074914868433857532276087809464116e-06
1780,-3.0009813074914868433857532276087809464116e-06
1781,-3.0009813074914868433857532276087809464116e-06
1782,-3.0009813074914868433857532276087809464116e-06
1783,-3.0009813074914868433857532276087809464116e-06
1784,-3.0009813074914868433857532276087809464116e-06
1785,-3.0009813074914868433857532276087809464116e-06
1786,-3.0009813073215360352662822718272650490690e-06
1787,-3.0009813070310202515005287143834422636246e-06
1788,-3.0009813069703536342358075883485213353197e-06
1789,-3.0009813074116078248114100612831123271462e-06
1790,-3.0009813074914868433857532276087809464116e-06
1791,-3.0009813074914868433857532276087809464116e-06
1792,-3.0009813072537560353105195315448483484033e-06
1793,-3.0009813071157989321582643810204515943951e-06
1794,-3.0009813072481118312664905012354665814200e-06
1795,-3.0009813064023329162906001538191347322027e-06
1796,-3.0009813065336077765219661289686214900030e-06
1797,-3.0009813069271790943648350186157003349763e-06
1798,-3.0009813074914868433857532276087809464116e-06
1799,-3.0009813074914868433857532276087809464116e-06
1800,-3.0009813074914868433857532276087809464116e-06
1801,-3.0009813074914868433857532276087809464116e-06
1802,-3.0009813074914868433857532276087809464116e-06
1803,-3.0009813074914868433857532276087809464116e-06
1804,-3.0009813074914868433857532276087809464116e-06
1805,-3.0009813074914868433857532276087809464116e-06
1806,-3.0009813074914868433857532276087809464116e-06
1807,-3.0009813074914868433857532276087809464116e-06
1808,-3.0009813074914868433857532276087809464116e-06
1809,-3.0009813074914868433857532276087809464116e-06
1810,-3.0009813074914868433857532276087809464116e-06
1811,-3.0009813074914868433857532276087809464116e-06
1812,-3.0009813074914868433857532276087809464116e-06
1813,-3.0009813074914868433857532276087809464116e-06
1814,-3.0009813074914868433857532276087809464116e-06
1815,-3.0009813074914868433857532276087809464116e-06
1816,-3.0009813074914868433857532276087809464116e-06
1817,-3.0009813074914868433857532276087809464116e-06
1818,-3.0009813074914868433857532276087809464116e-06
1819,-3.0009813074914868433857532276087809464116e-06
1820,-3.0009813074914868433857532276087809464116e-06
1821,-3.0009813074914868433857532276087809464116e-06
1822,-3.0009813074914868433857532276087809464116e-06
1823,-3.0009813074914868433857532276087809464116e-06
1824,-3.0009813074914868433857532276087809464116e-06
1825,-3.0009813072223569474722762451257551674644e-06
1826,-3.0009813067295798602975628183164857887277e-06
1827,-3.0009813065336077765219661289686214900030e-06
1828,-3.0009813069271790943648350186157003349763e-06
1829,-3.0009813074914868433857532276087809464116e-06
1830,-3.0009813074914868433857532276087809464116e-06
1831,-3.0009813074914868433857532276087809464116e-06
1832,-3.0009813074914868433857532276087809464116e-06
1833,-3.0009813074914868433857532276087809464116e-06
1834,-3.0009813074914868433857532276087809464116e-06
1835,-3.0009813074914868433857532276087809464116e-06
1836,-3.0009813074914868433857532276087809464116e-06
1837,-3.0009813074914868433857532276087809464116e-06
1838,-3.0009813074914868433857532276087809464116e-06
1839,-3.0009813074914868433857532276087809464116e-06
1840,-3.0009813074914868433857532276087809464116e-06
1841,-3.0009813074914868433857532276087809464116e-06
1842,-3.0009813074914868433857532276087809464116e-06
1843,-3.0009813074914868433857532276087809464116e-06
1844,-3.0009813074914868433857532276087809464116e-06
1845,-3.0009813074914868433857532276087809464116e-06
1846,-3.0009813074914868433857532276087809464116e-06
1847,-3.0009813074914868433857532276087809464116e-06
1848,-3.0009813074914868433857532276087809464116e-06
1849,-3.0009813074914868433857532276087809464116e-06
1850,-3.0009813074914868433857532276087809464116e-06
1851,-3.0009813074914868433857532276087809464116e-06
1852,-3.0009813074914868433857532276087809464116e-06
1853,-3.0009813074914868433857532276087809464116e-06
1854,-3.0009813074914868433857532276087809464116e-06
1855,-3.0009813074914868433857532276087809464116e-06
1856,-3.0009813074914868433857532276087809464116e-06
1857,-3.0009813074914868433857532276087809464116e-06
1858,-3.0009813072223569474722762451257551674644e-06
1859,-3.0009813067295798602975628183164857887277e-06
1860,-3.0009813065336077765219661289686214900030e-06
1861,-3.0009813069271790943648350186157003349763e-06
1862,-3.0009813074914868433857532276087809464116e-06
1863,-3.0009813074914868433857532276087809464116e-06
1864,-3.0009813074914868433857532276087809464116e-06
1865,-3.0009813074914868433857532276087809464116e-06
1866,-3.0009813074914868433857532276087809464116e-06
1867,-3.0009813074914868433857532276087809464116e-06
1868,-3.0009813074914868433857532276087809464116e-06
1869,-3.0009813074914868433857532276087809464116e-06
1870,-3.0009813073187924955501255930290227524893e-06
1871,-3.0009813069986051476420538947076366298461e-06
1872,-3.0009813065399973695595789435763833807869e-06
1873,-3.0009813071616632251532429814799840528394e-06
1874,-3.0009813073807919191573513606474676862490e-06
1875,-3.0009813072411432912094293723459514922070e-06
1876,-3.0009813069137036472069663545214623923130e-06
1877,-3.0009813072544260383717976831130513915014e-06
1878,-3.0009813074914868433857532276087809464116e-06
1879,-3.0009813074914868433857532276087809464116e-06
1880,-3.0009813074914868433857532276087809464116e-06
1881,-3.0009813074914868433857532276087809464116e-06
1882,-3.0009813074914868433857532276087809464116e-06
1883,-3.0009813074914868433857532276087809464116e-06
1884,-3.0009813074914868433857532276087809464116e-06
1885,-3.0009813074914868433857532276087809464116e-06
1886,-3.0009813074914868433857532276087809464116e-06
1887,-3.0009813074914868433857532276087809464116e-06
1888,-3.0009813074914868433857532276087809464116e-06
1889,-3.0009813074914868433857532276087809464116e-06
1890,-3.0009813074914868433857532276087809464116e-06
1891,-3.0009813074914868433857532276087809464116e-06
1892,-3.0009813074914868433857532276087809464116e-06
1893,-3.0009813074914868433857532276087809464116e-06
1894,-3.0009813074914868433857532276087809464116e-06
1895,-3.0009813074914868433857532276087809464116e-06
1896,-3.0009813074914868433857532276087809464116e-06
1897,-3.0009813074914868433857532276087809464116e-06
1898,-3.0009813074914868433857532276087809464116e-06
1899,-3.0009813074914868433857532276087809464116e-06
1900,-3.0009813074914868433857532276087809464116e-06
1901,-3.0009813074914868433857532276087809464116e-06
1902,-3.0009813074914868433857532276087809464116e-06
1903,-3.0009813074914868433857532276087809464116e-06
1904,-3.0009813074914868433857532276087809464116e-06
1905,-3.0009813074914868433857532276087809464116e-06
1906,-3.0009813074914868433857532276087809464116e-06
1907,-3.0009813074914868433857532276087809464116e-06
1908,-3.0009813074914868433857532276087809464116e-06
1909,-3.0009813074914868433857532276087809464116e-06
1910,-3.0009813074914868433857532276087809464116e-06
1911,-3.0009813074914868433857532276087809464116e-06
1912,-3.0009813074914868433857532276087809464116e-06
1913,-3.0009813074914868433857532276087809464116e-06
1914,-3.0009813074914868433857532276087809464116e-06
1915,-3.0009813074914868433857532276087809464116e-06
1916,-3.0009813074914868433857532276087809464116e-06
1917,-3.0009813074914868433857532276087809464116e-06
1918,-3.0009813074914868433857532276087809464116e-06
1919,-3.0009813074914868433857532276087809464116e-06
1920,-3.0009813074914868433857532276087809464116e-06
1921,-3.0009813074914868433857532276087809464116e-06
1922,-3.0009813074914868433857532276087809464116e-06
1923,-3.0009813074914868433857532276087809464116e-06
1924,-3.0009813074914868433857532276087809464116e-06
1925,-3.0009813074914868433857532276087809464116e-06
1926,-3.0009813074914868433857532276087809464116e-06
1927,-3.0009813074914868433857532276087809464116e-06
1928,-3.0009813074914868433857532276087809464116e-06
1929,-3.0009813074914868433857532276087809464116e-06
1930,-3.0009813074914868433857532276087809464116e-06
1931,-3.0009813074914868433857532276087809464116e-06
1932,-3.0009813074914868433857532276087809464116e-06
1933,-3.0009813074914868433857532276087809464116e-06
1934,-3.0009813074914868433857532276087809464116e-06
1935,-3.0009813074914868433857532276087809464116e-06
1936,-3.0009813074914868433857532276087809464116e-06
1937,-3.0009813073807919191573513606474676862490e-06
1938,-3.0009813072411432912094293723459514922070e-06
1939,-3.0009813069137036472069663545214623923130e-06
1940,-3.0009813072544260383717976831130513915014e-06
1941,-3.0009813074914868433857532276087809464116e-06
1942,-3.0009813074914868433857532276087809464116e-06
1943,-3.0009813074914868433857532276087809464116e-06
1944,-3.0009813074914868433857532276087809464116e-06
1945,-3.0009813074914868433857532276087809464116e-06
1946,-3.0009813074914868433857532276087809464116e-06
1947,-3.0009813074914868433857532276087809464116e-06
1948,-3.0009813074914868433857532276087809464116e-06
1949,-3.0009813074914868433857532276087809464116e-06
1950,-3.0009813074914868433857532276087809464116e-06
1951,-3.0009813074914868433857532276087809464116e-06
1952,-3.0009813074914868433857532276087809464116e-06
1953,-3.0009813074914868433857532276087809464116e-06
1954,-3.0009813074914868433857532276087809464116e-06
1955,-3.0009813074914868433857532276087809464116e-06
1956,-3.0009813074914868433857532276087809464116e-06
1957,-3.0009813074914868433857532276087809464116e-06
1958,-3.0009813073058062099192962873805967660701e-06
1959,-7.8670971978520061462660497738191753773182e-17
1960,-1.2729879231322786375099051907294315243105e-18
1961,-3.0002243361626242514148682483110519569891e-06
1962,-3.0002243361523171309962042946350990746396e-06
1963,-3.0002243361523171309962042946350990746396e-06
1964,-3.0002243361523171309962042946350990746396e-06
1965,-3.0002243361523171309962042946350990746396e-06
1966,-3.0002243361523171309962042946350990746396e-06
1967,-3.0002243361523171309962042946350990746396e-06
1968,-3.0002243361523171309962042946350990746396e-06
1969,-3.0002243361523171309962042946350990746396e-06
1970,-3.0002243361523171309962042946350990746396e-06
1971,-3.0002243361523171309962042946350990746396e-06
1972,-3.0002243361523171309962042946350990746396e-06
1973,-3.0002243361523171309962042946350990746396e-06
1974,-3.0002243361523171309962042946350990746396e-06
1975,-3.0002243361523171309962042946350990746396e-06
1976,-3.0002243361523171309962042946350990746396e-06
1977,-3.0002243362726097855499446387383954970574e-06
1978,-3.0002243361009551706570716578248436690046e-06
1979,-3.0002243361576170161471744518566495685263e-06
1980,-3.0002243361698337723454232256470319839536e-06
1981,-3.0002243359307426293568991232385556600093e-06
1982,-3.0002243362966151227916051374977612908879e-06
1983,-3.0002243361523171309962042946350990746396e-06
1984,-3.0002243361523171309962042946350990746396e-06
1985,-3.0002243361523171309962042946350990746396e-06
1986,-3.0002243361523171309962042946350990746396e-06
1987,-3.0002243361523171309962042946350990746396e-06
1988,-3.0002243361523171309962042946350990746396e-06
1989,-3.0002243361523171309962042946350990746396e-06
1990,-3.0002243361523171309962042946350990746396e-06
1991,-3.0002243361523171309962042946350990746396e-06
1992,-3.0002243361523171309962042946350990746396e-06
1993,-3.0002243361523171309962042946350990746396e-06
1994,-3.0002243361523171309962042946350990746396e-06
1995,-3.0002243361523171309962042946350990746396e-06
1996,-3.0002243361523171309962042946350990746396e-06
1997,-3.0002243361523171309962042946350990746396e-06
1998,-3.0002243361523171309962042946350990746396e-06
1999,-3.0002243362726097855499446387383954970574e-06
2000,-3.0002243360667900967295694536485228809397e-06
2001,-3.0002243360441196834127817322235287633703e-06
2002,-3.0002243363111942538797461549338052577696e-06
2003,-3.0002243360225855647947356547033948004355e-06
2004,-3.0002243361213822172130563648018153344310e-06
2005,-3.0002243361729313718335322019870048393386e-06
2006,-3.0002243361523171309962042946350990746396e-06
2007,-3.0002243361523171309962042946350990746396e-06
2008,-3.0002243361523171309962042946350990746396e-06
2009,-3.0002243361523171309962042946350990746396e-06
2010,-3.0002243361523171309962042946350990746396e-06
2011,-3.0002243361523171309962042946350990746396e-06
2012,-3.0002243361523171309962042946350990746396e-06
2013,-3.0002243361523171309962042946350990746396e-06
2014,-3.0002243362305003896101443516819529122586e-06
2015,-3.0002243361585114829394749930147057170871e-06
2016,-3.0002243360595661762389111532067786924927e-06
2017,-3.0002243362553870646334229499441192956510e-06
2018,-3.0002243361523171309962042946350990746396e-06
2019,-3.0002243361523171309962042946350990746396e-06
2020,-3.0002243361523171309962042946350990746396e-06
2021,-3.0002243361523171309962042946350990746396e-06
2022,-3.0002243361523171309962042946350990746396e-06
2023,-3.0002243361523171309962042946350990746396e-06
2024,-3.0002243361523171309962042946350990746396e-06
2025,-3.0002243361523171309962042946350990746396e-06
2026,-3.0002243361523171309962042946350990746396e-06
2027,-3.0002243361523171309962042946350990746396e-06
2028,-3.0002243361523171309962042946350990746396e-06
2029,-3.0002243361523171309962042946350990746396e-06
2030,-3.0002243361523171309962042946350990746396e-06
2031,-3.0002243362305003896101443516819529122586e-06
2032,-3.0002243361585114829394749930147057170871e-06
2033,-3.0002243360595661762389111532067786924927e-06
2034,-3.0002243362553870646334229499441192956510e-06
2035,-3.0002243361523171309962042946350990746396e-06
2036,-3.0002243361523171309962042946350990746396e-06
2037,-3.0002243361978171998238635459488321544086e-06
2038,-3.0002243360225855647947356547033948004355e-06
2039,-3.0002243361746792243201914507366723228188e-06
2040,-3.0002243361286319722086059214039011067143e-06
2041,-3.0002243360441196834127817322235287633703e-06
2042,-3.0002243362966151227916051374977612908879e-06
2043,-3.0002243361523171309962042946350990746396e-06
2044,-3.0002243361523171309962042946350990746396e-06
2045,-3.0002243361523171309962042946350990746396e-06
2046,-3.0002243361523171309962042946350990746396e-06
2047,-3.0002243361523171309962042946350990746396e-06
2048,-3.0002243361523171309962042946350990746396e-06
2049,-3.0002243361523171309962042946350990746396e-06
2050,-3.0002243361523171309962042946350990746396e-06
2051,-3.0002243361523171309962042946350990746396e-06
2052,-3.0002243361523171309962042946350990746396e-06
2053,-3.0002243361523171309962042946350990746396e-06
2054,-3.0002243361523171309962042946350990746396e-06
2055,-3.0002243361523171309962042946350990746396e-06
2056,-3.0002243361523171309962042946350990746396e-06
2057,-3.0002243361523171309962042946350990746396e-06
2058,-3.0002243361523171309962042946350990746396e-06
2059,-3.0002243361523171309962042946350990746396e-06
2060,-3.0002243361523171309962042946350990746396e-06
2061,-3.0002243361523171309962042946350990746396e-06
2062,-3.0002243361523171309962042946350990746396e-06
2063,-3.0002243361523171309962042946350990746396e-06
2064,-3.0002243361523171309962042946350990746396e-06
2065,-3.0002243361523171309962042946350990746396e-06
2066,-3.0002243361523171309962042946350990746396e-06
2067,-3.0002243361523171309962042946350990746396e-06
2068,-3.0002243361523171309962042946350990746396e-06
2069,-3.0002243361523171309962042946350990746396e-06
2070,-3.0002243362726097855499446387383954970574e-06
2071,-3.0002243360667900967295694536485228809397e-06
2072,-3.0002243360441196834127817322235287633703e-06
2073,-3.0002243362966151227916051374977612908879e-06
2074,-3.0002243361523171309962042946350990746396e-06
2075,-3.0002243361523171309962042946350990746396e-06
2076,-3.0002243361523171309962042946350990746396e-06
2077,-3.0002243361523171309962042946350990746396e-06
2078,-3.0002243361523171309962042946350990746396e-06
2079,-3.0002243361523171309962042946350990746396e-06
2080,-3.0002243361523171309962042946350990746396e-06
2081,-3.0002243361523171309962042946350990746396e-06
2082,-3.0002243361523171309962042946350990746396e-06
2083,-3.0002243361523171309962042946350990746396e-06
2084,-3.0002243361523171309962042946350990746396e-06
2085,-3.0002243361523171309962042946350990746396e-06
2086,-3.0002243361523171309962042946350990746396e-06
2087,-3.0002243361523171309962042946350990746396e-06
2088,-3.0002243361523171309962042946350990746396e-06
2089,-3.0002243361523171309962042946350990746396e-06
2090,-3.0002243361523171309962042946350990746396e-06
2091,-3.0002243361523171309962042946350990746396e-06
2092,-3.0002243361523171309962042946350990746396e-06
2093,-3.0002243361523171309962042946350990746396e-06
2094,-3.0002243361523171309962042946350990746396e-06
2095,-3.0002243361523171309962042946350990746396e-06
2096,-3.0002243361523171309962042946350990746396e-06
2097,-3.0002243361523171309962042946350990746396e-06
2098,-3.0002243361523171309962042946350990746396e-06
2099,-3.0002243361523171309962042946350990746396e-06
2100,-3.0002243361523171309962042946350990746396e-06
2101,-3.0002243361523171309962042946350990746396e-06
2102,-3.0002243361523171309962042946350990746396e-06
2103,-3.0002243362726097855499446387383954970574e-06
2104,-3.0002243360667900967295694536485228809397e-06
2105,-3.0002243360441196834127817322235287633703e-06
2106,-3.0002243362966151227916051374977612908879e-06
2107,-3.0002243361523171309962042946350990746396e-06
2108,-3.0002243361523171309962042946350990746396e-06
2109,-3.0002243361523171309962042946350990746396e-06
2110,-3.0002243361523171309962042946350990746396e-06
2111,-3.0002243361523171309962042946350990746396e-06
2112,-3.0002243361523171309962042946350990746396e-06
2113,-3.0002243361523171309962042946350990746396e-06
2114,-3.0002243361523171309962042946350990746396e-06
2115,-3.0002243362380173835005526400410147402908e-06
2116,-3.0002243362639052514674858213039598808791e-06
2117,-3.0002243361522900259418921570242488883196e-06
2118,-3.0002243361729313718335322019870048393386e-06
2119,-3.0002243362334383233876958924080113888522e-06
2120,-3.0002243360531172908949905375752820191337e-06
2121,-3.0002243361678292688757459238946267987558e-06
2122,-3.0002243362141590064752407623904773004142e-06
2123,-3.0002243361523171309962042946350990746396e-06
2124,-3.0002243361523171309962042946350990746396e-06
2125,-3.0002243361523171309962042946350990746396e-06
2126,-3.0002243361523171309962042946350990746396e-06
2127,-3.0002243361523171309962042946350990746396e-06
2128,-3.0002243361523171309962042946350990746396e-06
2129,-3.0002243361523171309962042946350990746396e-06
2130,-3.0002243361523171309962042946350990746396e-06
2131,-3.0002243361523171309962042946350990746396e-06
2132,-3.0002243361523171309962042946350990746396e-06
2133,-3.0002243361523171309962042946350990746396e-06
2134,-3.0002243361523171309962042946350990746396e-06
2135,-3.0002243361523171309962042946350990746396e-06
2136,-3.0002243361523171309962042946350990746396e-06
2137,-3.0002243361523171309962042946350990746396e-06
2138,-3.0002243361523171309962042946350990746396e-06
2139,-3.0002243361523171309962042946350990746396e-06
2140,-3.0002243361523171309962042946350990746396e-06
2141,-3.0002243361523171309962042946350990746396e-06
2142,-3.0002243361523171309962042946350990746396e-06
2143,-3.0002243361523171309962042946350990746396e-06
2144,-3.0002243361523171309962042946350990746396e-06
2145,-3.0002243361523171309962042946350990746396e-06
2146,-3.0002243361523171309962042946350990746396e-06
2147,-3.0002243361523171309962042946350990746396e-06
2148,-3.0002243361523171309962042946350990746396e-06
2149,-3.0002243361523171309962042946350990746396e-06
2150,-3.0002243361523171309962042946350990746396e-06
2151,-3.0002243361523171309962042946350990746396e-06
2152,-3.0002243361523171309962042946350990746396e-06
2153,-3.0002243361523171309962042946350990746396e-06
2154,-3.0002243361523171309962042946350990746396e-06
2155,-3.0002243361523171309962042946350990746396e-06
2156,-3.0002243361523171309962042946350990746396e-06
2157,-3.0002243361523171309962042946350990746396e-06
2158,-3.0002243361523171309962042946350990746396e-06
2159,-3.0002243361523171309962042946350990746396e-06
2160,-3.0002243361523171309962042946350990746396e-06
2161,-3.0002243361523171309962042946350990746396e-06
2162,-3.0002243361523171309962042946350990746396e-06
2163,-3.0002243361523171309962042946350990746396e-06
2164,-3.0002243361523171309962042946350990746396e-06
2165,-3.0002243361523171309962042946350990746396e-06
2166,-3.0002243361523171309962042946350990746396e-06
2167,-3.0002243361523171309962042946350990746396e-06
2168,-3.0002243361523171309962042946350990746396e-06
2169,-3.0002243361523171309962042946350990746396e-06
2170,-3.0002243361523171309962042946350990746396e-06
2171,-3.0002243361523171309962042946350990746396e-06
2172,-3.0002243361523171309962042946350990746396e-06
2173,-3.0002243361523171309962042946350990746396e-06
2174,-3.0002243361523171309962042946350990746396e-06
2175,-3.0002243361523171309962042946350990746396e-06
2176,-3.0002243361523171309962042946350990746396e-06
2177,-3.0002243361523171309962042946350990746396e-06
2178,-3.0002243361523171309962042946350990746396e-06
2179,-3.0002243361523171309962042946350990746396e-06
2180,-3.0002243361523171309962042946350990746396e-06
2181,-3.0002243361523171309962042946350990746396e-06
2182,-3.0002243362334383233876958924080113888522e-06
2183,-3.0002243360531172908949905375752820191337e-06
2184,-3.0002243361678292688757459238946267987558e-06
2185,-3.0002243362141590064752407623904773004142e-06
2186,-3.0002243361523171309962042946350990746396e-06
2187,-3.0002243361523171309962042946350990746396e-06
2188,-3.0002243361523171309962042946350990746396e-06
2189,-3.0002243361523171309962042946350990746396e-06
2190,-3.0002243361523171309962042946350990746396e-06
2191,-3.0002243361523171309962042946350990746396e-06
2192,-3.0002243361523171309962042946350990746396e-06
2193,-3.0002243361523171309962042946350990746396e-06
2194,-3.0002243361523171309962042946350990746396e-06
2195,-3.0002243361523171309962042946350990746396e-06
2196,-3.0002243361523171309962042946350990746396e-06
2197,-3.0002243361523171309962042946350990746396e-06
2198,-3.0002243361523171309962042946350990746396e-06
2199,-3.0002243361523171309962042946350990746396e-06
2200,-3.0002243361523171309962042946350990746396e-06
2201,-3.0002243361523171309962042946350990746396e-06
2202,-3.0002243361523171309962042946350990746396e-06
2203,-3.0002243362334997332763718291825938422335e-06
2204,-1.0796014293190642775454250813150086875037e-17
2205,1.8025121298790498993036067559884266254184e-18
2206,-3.0002243358209548774150066119403845732450e-06
2207,-3.0002243358621829355731887994940265684818e-06
2208,-3.0002243358621829355731887994940265684818e-06
2209,-3.0002243358621829355731887994940265684818e-06
2210,-3.0002243358621829355731887994940265684818e-06
2211,-3.0002243358621829355731887994940265684818e-06
2212,-3.0002243358621829355731887994940265684818e-06
2213,-3.0002243358621829355731887994940265684818e-06
2214,-3.0002243358621829355731887994940265684818e-06
2215,-3.0002243358621829355731887994940265684818e-06
2216,-3.0002243358621829355731887994940265684818e-06
2217,-3.0002243358621829355731887994940265684818e-06
2218,-3.0002243358621829355731887994940265684818e-06
2219,-3.0002243358621829355731887994940265684818e-06
2220,-3.0002243358621829355731887994940265684818e-06
2221,-3.0002243358621829355731887994940265684818e-06
2222,-3.0002243358787068543082256905085714038250e-06
2223,-3.0002243358689164239873868600394501982009e-06
2224,-3.0002243359173167336264448357141532142123e-06
2225,-3.0002243357962511615083349425514569475126e-06
2226,-3.0002243358415949527572257754526319217803e-06
2227,-3.0002243359034105702148973598974990295574e-06
2228,-3.0002243358621829355731887994940265684818e-06
2229,-3.0002243358621829355731887994940265684818e-06
2230,-3.0002243358621829355731887994940265684818e-06
2231,-3.0002243358621829355731887994940265684818e-06
2232,-3.0002243358621829355731887994940265684818e-06
2233,-3.0002243358621829355731887994940265684818e-06
2234,-3.0002243358621829355731887994940265684818e-06
2235,-3.0002243358621829355731887994940265684818e-06
2236,-3.0002243358621829355731887994940265684818e-06
2237,-3.0002243358621829355731887994940265684818e-06
2238,-3.0002243358621829355731887994940265684818e-06
2239,-3.0002243358621829355731887994940265684818e-06
2240,-3.0002243358621829355731887994940265684818e-06
2241,-3.0002243358621829355731887994940265684818e-06
2242,-3.0002243358621829355731887994940265684818e-06
2243,-3.0002243358621829355731887994940265684818e-06
2244,-3.0002243358787068543082256905085714038250e-06
2245,-3.0002243357756627551758982913598927666499e-06
2246,-3.0002243358415949527572257754526319217803e-06
2247,-3.0002243358989937169114398107794272618776e-06
2248,-3.0002243359536239538775531654479777898814e-06
2249,-3.0002243358415555657251784504868652447840e-06
2250,-3.0002243357797268192568244243867425780081e-06
2251,-3.0002243358621829355731887994940265684818e-06
2252,-3.0002243358621829355731887994940265684818e-06
2253,-3.0002243358621829355731887994940265684818e-06
2254,-3.0002243358621829355731887994940265684818e-06
2255,-3.0002243358621829355731887994940265684818e-06
2256,-3.0002243358621829355731887994940265684818e-06
2257,-3.0002243358621829355731887994940265684818e-06
2258,-3.0002243358621829355731887994940265684818e-06
2259,-3.0002243358877048853069081230104941937498e-06
2260,-3.0002243359150390620312780221023984950079e-06
2261,-3.0002243357385123136257983056385256759313e-06
2262,-3.0002243358621829355731887994940265684818e-06
2263,-3.0002243358621829355731887994940265684818e-06
2264,-3.0002243358621829355731887994940265684818e-06
2265,-3.0002243358621829355731887994940265684818e-06
2266,-3.0002243358621829355731887994940265684818e-06
2267,-3.0002243358621829355731887994940265684818e-06
2268,-3.0002243358621829355731887994940265684818e-06
2269,-3.0002243358621829355731887994940265684818e-06
2270,-3.0002243358621829355731887994940265684818e-06
2271,-3.0002243358621829355731887994940265684818e-06
2272,-3.0002243358621829355731887994940265684818e-06
2273,-3.0002243358621829355731887994940265684818e-06
2274,-3.0002243358621829355731887994940265684818e-06
2275,-3.0002243358621829355731887994940265684818e-06
2276,-3.0002243358877048853069081230104941937498e-06
2277,-3.0002243359150390620312780221023984950079e-06
2278,-3.0002243357385123136257983056385256759313e-06
2279,-3.0002243358621829355731887994940265684818e-06
2280,-3.0002243358621829355731887994940265684818e-06
2281,-3.0002243358621829355731887994940265684818e-06
2282,-3.0002243358577660822697312503759548008020e-06
2283,-3.0002243359536239538775531654479777898814e-06
2284,-3.0002243358168518498185067810979376190517e-06
2285,-3.0002243356519790042178253558491363151006e-06
2286,-3.0002243358415949527572257754526319217803e-06
2287,-3.0002243359034105702148973598974990295574e-06
2288,-3.0002243358621829355731887994940265684818e-06
2289,-3.0002243358621829355731887994940265684818e-06
2290,-3.0002243358621829355731887994940265684818e-06
2291,-3.0002243358621829355731887994940265684818e-06
2292,-3.0002243358621829355731887994940265684818e-06
2293,-3.0002243358621829355731887994940265684818e-06
2294,-3.0002243358621829355731887994940265684818e-06
2295,-3.0002243358621829355731887994940265684818e-06
2296,-3.0002243358621829355731887994940265684818e-06
2297,-3.0002243358621829355731887994940265684818e-06
2298,-3.0002243358621829355731887994940265684818e-06
2299,-3.0002243358621829355731887994940265684818e-06
2300,-3.0002243358621829355731887994940265684818e-06
2301,-3.0002243358621829355731887994940265684818e-06
2302,-3.0002243358621829355731887994940265684818e-06
2303,-3.0002243358621829355731887994940265684818e-06
2304,-3.0002243358621829355731887994940265684818e-06
2305,-3.0002243358621829355731887994940265684818e-06
2306,-3.0002243358621829355731887994940265684818e-06
2307,-3.0002243358621829355731887994940265684818e-06
2308,-3.0002243358621829355731887994940265684818e-06
2309,-3.0002243358621829355731887994940265684818e-06
2310,-3.0002243358621829355731887994940265684818e-06
2311,-3.0002243358621829355731887994940265684818e-06
2312,-3.0002243358621829355731887994940265684818e-06
2313,-3.0002243358621829355731887994940265684818e-06
2314,-3.0002243358621829355731887994940265684818e-06
2315,-3.0002243358787068543082256905085714038250e-06
2316,-3.0002243357756627551758982913598927666499e-06
2317,-3.0002243358415949527572257754526319217803e-06
2318,-3.0002243359034105702148973598974990295574e-06
2319,-3.0002243358621829355731887994940265684818e-06
2320,-3.0002243358621829355731887994940265684818e-06
2321,-3.0002243358621829355731887994940265684818e-06
2322,-3.0002243358621829355731887994940265684818e-06
2323,-3.0002243358621829355731887994940265684818e-06
2324,-3.0002243358621829355731887994940265684818e-06
2325,-3.0002243358621829355731887994940265684818e-06
2326,-3.0002243358621829355731887994940265684818e-06
2327,-3.0002243358621829355731887994940265684818e-06
2328,-3.0002243358621829355731887994940265684818e-06
2329,-3.0002243358621829355731887994940265684818e-06
2330,-3.0002243358621829355731887994940265684818e-06
2331,-3.0002243358621829355731887994940265684818e-06
2332,-3.0002243358621829355731887994940265684818e-06
2333,-3.0002243358621829355731887994940265684818e-06
2334,-3.0002243358621829355731887994940265684818e-06
2335,-3.0002243358621829355731887994940265684818e-06
2336,-3.0002243358621829355731887994940265684818e-06
2337,-3.0002243358621829355731887994940265684818e-06
2338,-3.0002243358621829355731887994940265684818e-06
2339,-3.0002243358621829355731887994940265684818e-06
2340,-3.0002243358621829355731887994940265684818e-06
2341,-3.0002243358621829355731887994940265684818e-06
2342,-3.0002243358621829355731887994940265684818e-06
2343,-3.0002243358621829355731887994940265684818e-06
2344,-3.0002243358621829355731887994940265684818e-06
2345,-3.0002243358621829355731887994940265684818e-06
2346,-3.0002243358621829355731887994940265684818e-06
2347,-3.0002243358621829355731887994940265684818e-06
2348,-3.0002243358787068543082256905085714038250e-06
2349,-3.0002243357756627551758982913598927666499e-06
2350,-3.0002243358415949527572257754526319217803e-06
2351,-3.0002243359034105702148973598974990295574e-06
2352,-3.0002243358621829355731887994940265684818e-06
2353,-3.0002243358621829355731887994940265684818e-06
2354,-3.0002243358621829355731887994940265684818e-06
2355,-3.0002243358621829355731887994940265684818e-06
2356,-3.0002243358621829355731887994940265684818e-06
2357,-3.0002243358621829355731887994940265684818e-06
2358,-3.0002243358621829355731887994940265684818e-06
2359,-3.0002243358621829355731887994940265684818e-06
2360,-3.0002243358734717671777204872629596366096e-06
2361,-3.0002243358044051241750784647654981540654e-06
2362,-3.0002243357797009847519331682264009941719e-06
2363,-3.0002243358209548774150066119403845732450e-06
2364,-3.0002243359426752060013440792651806532376e-06
2365,-3.0002243359221134812067459385342971245336e-06
2366,-3.0002243358828488454202992191666155008534e-06
2367,-3.0002243358621829355731887994940265684818e-06
2368,-3.0002243358621829355731887994940265684818e-06
2369,-3.0002243358621829355731887994940265684818e-06
2370,-3.0002243358621829355731887994940265684818e-06
2371,-3.0002243358621829355731887994940265684818e-06
2372,-3.0002243358621829355731887994940265684818e-06
2373,-3.0002243358621829355731887994940265684818e-06
2374,-3.0002243358621829355731887994940265684818e-06
2375,-3.0002243358621829355731887994940265684818e-06
2376,-3.0002243358621829355731887994940265684818e-06
2377,-3.0002243358621829355731887994940265684818e-06
2378,-3.0002243358621829355731887994940265684818e-06
2379,-3.0002243358621829355731887994940265684818e-06
2380,-3.0002243358621829355731887994940265684818e-06
2381,-3.0002243358621829355731887994940265684818e-06
2382,-3.0002243358621829355731887994940265684818e-06
2383,-3.0002243358621829355731887994940265684818e-06
2384,-3.0002243358621829355731887994940265684818e-06
2385,-3.0002243358621829355731887994940265684818e-06
2386,-3.0002243358621829355731887994940265684818e-06
2387,-3.0002243358621829355731887994940265684818e-06
2388,-3.0002243358621829355731887994940265684818e-06
2389,-3.0002243358621829355731887994940265684818e-06
2390,-3.0002243358621829355731887994940265684818e-06
2391,-3.0002243358621829355731887994940265684818e-06
2392,-3.0002243358621829355731887994940265684818e-06
2393,-3.0002243358621829355731887994940265684818e-06
2394,-3.0002243358621829355731887994940265684818e-06
2395,-3.0002243358621829355731887994940265684818e-06
2396,-3.0002243358621829355731887994940265684818e-06
2397,-3.0002243358621829355731887994940265684818e-06
2398,-3.0002243358621829355731887994940265684818e-06
2399,-3.0002243358621829355731887994940265684818e-06
2400,-3.0002243358621829355731887994940265684818e-06
2401,-3.0002243358621829355731887994940265684818e-06
2402,-3.0002243358621829355731887994940265684818e-06
2403,-3.0002243358621829355731887994940265684818e-06
2404,-3.0002243358621829355731887994940265684818e-06
2405,-3.0002243358621829355731887994940265684818e-06
2406,-3.0002243358621829355731887994940265684818e-06
2407,-3.0002243358621829355731887994940265684818e-06
2408,-3.0002243358621829355731887994940265684818e-06
2409,-3.0002243358621829355731887994940265684818e-06
2410,-3.0002243358621829355731887994940265684818e-06
2411,-3.0002243358621829355731887994940265684818e-06
2412,-3.0002243358621829355731887994940265684818e-06
2413,-3.0002243358621829355731887994940265684818e-06
2414,-3.0002243358621829355731887994940265684818e-06
2415,-3.0002243358621829355731887994940265684818e-06
2416,-3.0002243358621829355731887994940265684818e-06
2417,-3.0002243358621829355731887994940265684818e-06
2418,-3.0002243358621829355731887994940265684818e-06
2419,-3.0002243358621829355731887994940265684818e-06
2420,-3.0002243358621829355731887994940265684818e-06
2421,-3.0002243358621829355731887994940265684818e-06
2422,-3.0002243358621829355731887994940265684818e-06
2423,-3.0002243358621829355731887994940265684818e-06
2424,-3.0002243358621829355731887994940265684818e-06
2425,-3.0002243358621829355731887994940265684818e-06
2426,-3.0002243358621829355731887994940265684818e-06
2427,-3.0002243359426752060013440792651806532376e-06
2428,-3.0002243359221134812067459385342971245336e-06
2429,-3.0002243358828488454202992191666155008534e-06
2430,-3.0002243358621829355731887994940265684818e-06
2431,-3.0002243358621829355731887994940265684818e-06
2432,-3.0002243358621829355731887994940265684818e-06
2433,-3.0002243358621829355731887994940265684818e-06
2434,-3.0002243358621829355731887994940265684818e-06
2435,-3.0002243358621829355731887994940265684818e-06
2436,-3.0002243358621829355731887994940265684818e-06
2437,-3.0002243358621829355731887994940265684818e-06
2438,-3.0002243358621829355731887994940265684818e-06
2439,-3.0002243358621829355731887994940265684818e-06
2440,-3.0002243358621829355731887994940265684818e-06
2441,-3.0002243358621829355731887994940265684818e-06
2442,-3.0002243358621829355731887994940265684818e-06
2443,-3.0002243358621829355731887994940265684818e-06
2444,-3.0002243358621829355731887994940265684818e-06
2445,-3.0002243358621829355731887994940265684818e-06
2446,-3.0002243358621829355731887994940265684818e-06
2447,-3.0002243358621829355731887994940265684818e-06
2448,-3.0002243359052139033596017653193754881613e-06
2449,1.2729879231322786375099051907294315243105e-18
2450,-5.0168739155972704249962987110357309942908e-17
2451,-3.0009813070021105934942658166608708825152e-06
2452,-3.0009813069196544771779014415535868920415e-06
2453,-3.0009813069196544771779014415535868920415e-06
2454,-3.0009813069196544771779014415535868920415e-06
2455,-3.0009813069196544771779014415535868920415e-06
2456,-3.0009813069196544771779014415535868920415e-06
2457,-3.0009813069196544771779014415535868920415e-06
2458,-3.0009813069196544771779014415535868920415e-06
2459,-3.0009813069196544771779014415535868920415e-06
2460,-3.0009813069196544771779014415535868920415e-06
2461,-3.0009813069196544771779014415535868920415e-06
2462,-3.0009813069196544771779014415535868920415e-06
2463,-3.0009813069196544771779014415535868920415e-06
2464,-3.0009813069196544771779014415535868920415e-06
2465,-3.0009813069196544771779014415535868920415e-06
2466,-3.0009813069196544771779014415535868920415e-06
2467,-3.0009813068102114676455414304934166125349e-06
2468,-3.0009813062799629134337186381342732488520e-06
2469,-3.0009813066722869752617555705320739889430e-06
2470,-3.0009813068028829385858972239597974862590e-06
2471,-3.0009813062394188343804442981044289240344e-06
2472,-3.0009813066722869752617555705320739889430e-06
2473,-3.0009813069196544771779014415535868920415e-06
2474,-3.0009813069196544771779014415535868920415e-06
2475,-3.0009813069196544771779014415535868920415e-06
2476,-3.0009813069196544771779014415535868920415e-06
2477,-3.0009813069196544771779014415535868920415e-06
2478,-3.0009813069196544771779014415535868920415e-06
2479,-3.0009813069196544771779014415535868920415e-06
2480,-3.0009813069196544771779014415535868920415e-06
2481,-3.0009813069196544771779014415535868920415e-06
2482,-3.0009813069196544771779014415535868920415e-06
2483,-3.0009813069196544771779014415535868920415e-06
2484,-3.0009813069196544771779014415535868920415e-06
2485,-3.0009813069196544771779014415535868920415e-06
2486,-3.0009813069196544771779014415535868920415e-06
2487,-3.0009813069196544771779014415535868920415e-06
2488,-3.0009813069196544771779014415535868920415e-06
2489,-3.0009813068102114676455414304934166125349e-06
2490,-3.0009813065143140600494076758453232400825e-06
2491,-3.0009813064043306434966994211688273708205e-06
2492,-3.0009813065893535558796133971837249987402e-06
2493,-3.0009813069118367865912178765741558095215e-06
2494,-3.0009813067341157217301095966321966557189e-06
2495,-3.0009813067547426680616463184891884452554e-06
2496,-3.0009813069196544771779014415535868920415e-06
2497,-3.0009813069196544771779014415535868920415e-06
2498,-3.0009813069196544771779014415535868920415e-06
2499,-3.0009813069196544771779014415535868920415e-06
2500,-3.0009813069196544771779014415535868920415e-06
2501,-3.0009813069196544771779014415535868920415e-06
2502,-3.0009813069196544771779014415535868920415e-06
2503,-3.0009813069196544771779014415535868920415e-06
2504,-3.0009813066581076437247185828560702702816e-06
2505,-3.0009813070983437006977213867831011384624e-06
2506,-3.0009813070021228754720010040157873731914e-06
2507,-3.0009813070845667098106301917681548729888e-06
2508,-3.0009813069196544771779014415535868920415e-06
2509,-3.0009813069196544771779014415535868920415e-06
2510,-3.0009813069196544771779014415535868920415e-06
2511,-3.0009813069196544771779014415535868920415e-06
2512,-3.0009813069196544771779014415535868920415e-06
2513,-3.0009813069196544771779014415535868920415e-06
2514,-3.0009813069196544771779014415535868920415e-06
2515,-3.0009813069196544771779014415535868920415e-06
2516,-3.0009813069196544771779014415535868920415e-06
2517,-3.0009813069196544771779014415535868920415e-06
2518,-3.0009813069196544771779014415535868920415e-06
2519,-3.0009813069196544771779014415535868920415e-06
2520,-3.0009813069196544771779014415535868920415e-06
2521,-3.0009813066581076437247185828560702702816e-06
2522,-3.0009813070983437006977213867831011384624e-06
2523,-3.0009813070021228754720010040157873731914e-06
2524,-3.0009813070845667098106301917681548729888e-06
2525,-3.0009813069196544771779014415535868920415e-06
2526,-3.0009813069196544771779014415535868920415e-06
2527,-3.0009813068367210577957592682052379018387e-06
2528,-3.0009813069118367865912178765741558095215e-06
2529,-3.0009813064803747204023487427093641599640e-06
2530,-3.0009813064318579437330433007380392496088e-06
2531,-3.0009813064043306434966994211688273708205e-06
2532,-3.0009813066722869752617555705320739889430e-06
2533,-3.0009813069196544771779014415535868920415e-06
2534,-3.0009813069196544771779014415535868920415e-06
2535,-3.0009813069196544771779014415535868920415e-06
2536,-3.0009813069196544771779014415535868920415e-06
2537,-3.0009813069196544771779014415535868920415e-06
2538,-3.0009813069196544771779014415535868920415e-06
2539,-3.0009813069196544771779014415535868920415e-06
2540,-3.0009813069196544771779014415535868920415e-06
2541,-3.0009813069196544771779014415535868920415e-06
2542,-3.0009813069196544771779014415535868920415e-06
2543,-3.0009813069196544771779014415535868920415e-06
2544,-3.0009813069196544771779014415535868920415e-06
2545,-3.0009813069196544771779014415535868920415e-06
2546,-3.0009813069196544771779014415535868920415e-06
2547,-3.0009813069196544771779014415535868920415e-06
2548,-3.0009813069196544771779014415535868920415e-06
2549,-3.0009813069196544771779014415535868920415e-06
2550,-3.0009813069196544771779014415535868920415e-06
2551,-3.0009813069196544771779014415535868920415e-06
2552,-3.0009813069196544771779014415535868920415e-06
2553,-3.0009813069196544771779014415535868920415e-06
2554,-3.0009813069196544771779014415535868920415e-06
2555,-3.0009813069196544771779014415535868920415e-06
2556,-3.0009813069196544771779014415535868920415e-06
2557,-3.0009813069196544771779014415535868920415e-06
2558,-3.0009813069196544771779014415535868920415e-06
2559,-3.0009813069196544771779014415535868920415e-06
2560,-3.0009813068102114676455414304934166125349e-06
2561,-3.0009813065143140600494076758453232400825e-06
2562,-3.0009813064043306434966994211688273708205e-06
2563,-3.0009813066722869752617555705320739889430e-06
2564,-3.0009813069196544771779014415535868920415e-06
2565,-3.0009813069196544771779014415535868920415e-06
2566,-3.0009813069196544771779014415535868920415e-06
2567,-3.0009813069196544771779014415535868920415e-06
2568,-3.0009813069196544771779014415535868920415e-06
2569,-3.0009813069196544771779014415535868920415e-06
2570,-3.0009813069196544771779014415535868920415e-06
2571,-3.0009813069196544771779014415535868920415e-06
2572,-3.0009813069196544771779014415535868920415e-06
2573,-3.0009813069196544771779014415535868920415e-06
2574,-3.0009813069196544771779014415535868920415e-06
2575,-3.0009813069196544771779014415535868920415e-06
2576,-3.0009813069196544771779014415535868920415e-06
2577,-3.0009813069196544771779014415535868920415e-06
2578,-3.0009813069196544771779014415535868920415e-06
2579,-3.0009813069196544771779014415535868920415e-06
2580,-3.0009813069196544771779014415535868920415e-06
2581,-3.0009813069196544771779014415535868920415e-06
2582,-3.0009813069196544771779014415535868920415e-06
2583,-3.0009813069196544771779014415535868920415e-06
2584,-3.0009813069196544771779014415535868920415e-06
2585,-3.0009813069196544771779014415535868920415e-06
2586,-3.0009813069196544771779014415535868920415e-06
2587,-3.0009813069196544771779014415535868920415e-06
2588,-3.0009813069196544771779014415535868920415e-06
2589,-3.0009813069196544771779014415535868920415e-06
2590,-3.0009813069196544771779014415535868920415e-06
2591,-3.0009813069196544771779014415535868920415e-06
2592,-3.0009813069196544771779014415535868920415e-06
2593,-3.0009813068102114676455414304934166125349e-06
2594,-3.0009813065143140600494076758453232400825e-06
2595,-3.0009813064043306434966994211688273708205e-06
2596,-3.0009813066722869752617555705320739889430e-06
2597,-3.0009813069196544771779014415535868920415e-06
2598,-3.0009813069196544771779014415535868920415e-06
2599,-3.0009813069196544771779014415535868920415e-06
2600,-3.0009813069196544771779014415535868920415e-06
2601,-3.0009813069196544771779014415535868920415e-06
2602,-3.0009813069196544771779014415535868920415e-06
2603,-3.0009813069196544771779014415535868920415e-06
2604,-3.0009813069196544771779014415535868920415e-06
2605,-3.0009813068362441782464550971143424362708e-06
2606,-3.0009813068089616705318677103431213026852e-06
2607,-3.0009813069196282191565365582430757740440e-06
2608,-3.0009813065898308589453911954247899984694e-06
2609,-3.0009813068171236800116101484103836583017e-06
2610,-3.0009813069894156871972919903290843990362e-06
2611,-3.0009813065898833749881209620458122344644e-06
2612,-3.0009813068371987843780106935964724357291e-06
2613,-3.0009813069196544771779014415535868920415e-06
2614,-3.0009813069196544771779014415535868920415e-06
2615,-3.0009813069196544771779014415535868920415e-06
2616,-3.0009813069196544771779014415535868920415e-06
2617,-3.0009813069196544771779014415535868920415e-06
2618,-3.0009813069196544771779014415535868920415e-06
2619,-3.0009813069196544771779014415535868920415e-06
2620,-3.0009813069196544771779014415535868920415e-06
2621,-3.0009813069196544771779014415535868920415e-06
2622,-3.0009813069196544771779014415535868920415e-06
2623,-3.0009813069196544771779014415535868920415e-06
2624,-3.0009813069196544771779014415535868920415e-06
2625,-3.0009813069196544771779014415535868920415e-06
2626,-3.0009813069196544771779014415535868920415e-06
2627,-3.0009813069196544771779014415535868920415e-06
2628,-3.0009813069196544771779014415535868920415e-06
2629,-3.0009813069196544771779014415535868920415e-06
2630,-3.0009813069196544771779014415535868920415e-06
2631,-3.0009813069196544771779014415535868920415e-06
2632,-3.0009813069196544771779014415535868920415e-06
2633,-3.0009813069196544771779014415535868920415e-06
2634,-3.0009813069196544771779014415535868920415e-06
2635,-3.0009813069196544771779014415535868920415e-06
2636,-3.0009813069196544771779014415535868920415e-06
2637,-3.0009813069196544771779014415535868920415e-06
2638,-3.0009813069196544771779014415535868920415e-06
2639,-3.0009813069196544771779014415535868920415e-06
2640,-3.0009813069196544771779014415535868920415e-06
2641,-3.0009813069196544771779014415535868920415e-06
2642,-3.0009813069196544771779014415535868920415e-06
2643,-3.0009813069196544771779014415535868920415e-06
2644,-3.0009813069196544771779014415535868920415e-06
2645,-3.0009813069196544771779014415535868920415e-06
2646,-3.0009813069196544771779014415535868920415e-06
2647,-3.0009813069196544771779014415535868920415e-06
2648,-3.0009813069196544771779014415535868920415e-06
2649,-3.0009813069196544771779014415535868920415e-06
2650,-3.0009813069196544771779014415535868920415e-06
2651,-3.0009813069196544771779014415535868920415e-06
2652,-3.0009813069196544771779014415535868920415e-06
2653,-3.0009813069196544771779014415535868920415e-06
2654,-3.0009813069196544771779014415535868920415e-06
2655,-3.0009813069196544771779014415535868920415e-06
2656,-3.0009813069196544771779014415535868920415e-06
2657,-3.0009813069196544771779014415535868920415e-06
2658,-3.0009813069196544771779014415535868920415e-06
2659,-3.0009813069196544771779014415535868920415e-06
2660,-3.0009813069196544771779014415535868920415e-06
2661,-3.0009813069196544771779014415535868920415e-06
2662,-3.0009813069196544771779014415535868920415e-06
2663,-3.0009813069196544771779014415535868920415e-06
2664,-3.0009813069196544771779014415535868920415e-06
2665,-3.0009813069196544771779014415535868920415e-06
2666,-3.0009813069196544771779014415535868920415e-06
2667,-3.0009813069196544771779014415535868920415e-06
2668,-3.0009813069196544771779014415535868920415e-06
2669,-3.0009813069196544771779014415535868920415e-06
2670,-3.0009813069196544771779014415535868920415e-06
2671,-3.0009813069196544771779014415535868920415e-06
2672,-3.0009813068171236800116101484103836583017e-06
2673,-3.0009813069894156871972919903290843990362e-06
2674,-3.0009813065898833749881209620458122344644e-06
2675,-3.0009813068371987843780106935964724357291e-06
2676,-3.0009813069196544771779014415535868920415e-06
2677,-3.0009813069196544771779014415535868920415e-06
2678,-3.0009813069196544771779014415535868920415e-06
2679,-3.0009813069196544771779014415535868920415e-06
2680,-3.0009813069196544771779014415535868920415e-06
2681,-3.0009813069196544771779014415535868920415e-06
2682,-3.0009813069196544771779014415535868920415e-06
2683,-3.0009813069196544771779014415535868920415e-06
2684,-3.0009813069196544771779014415535868920415e-06
2685,-3.0009813069196544771779014415535868920415e-06
2686,-3.0009813069196544771779014415535868920415e-06
2687,-3.0009813069196544771779014415535868920415e-06
2688,-3.0009813069196544771779014415535868920415e-06
2689,-3.0009813069196544771779014415535868920415e-06
2690,-3.0009813069196544771779014415535868920415e-06
2691,-3.0009813069196544771779014415535868920415e-06
2692,-3.0009813069196544771779014415535868920415e-06
2693,-3.0009813068282579281032679263674367575732e-06
2694,-1.8025121298790498993036067559884266254184e-18
2695,4.9931837912757522374494167768818596863885e-17
2696,-3.0025017468315473120779417193215721226807e-06
2697,-3.0025017463368114612127027229782072481612e-06
2698,-3.0025017463368114612127027229782072481612e-06
2699,-3.0025017463368114612127027229782072481612e-06
2700,-3.0025017463368114612127027229782072481612e-06
2701,-3.0025017463368114612127027229782072481612e-06
2702,-3.0025017463368114612127027229782072481612e-06
2703,-3.0025017463368114612127027229782072481612e-06
2704,-3.0025017463368114612127027229782072481612e-06
2705,-3.0025017463368114612127027229782072481612e-06
2706,-3.0025017463368114612127027229782072481612e-06
2707,-3.0025017463368114612127027229782072481612e-06
2708,-3.0025017463368114612127027229782072481612e-06
2709,-3.0025017463368114612127027229782072481612e-06
2710,-3.0025017463368114612127027229782072481612e-06
2711,-3.0025017463368114612127027229782072481612e-06
2712,-3.0025017472598829796584952306348625938881e-06
2713,-3.0025017458344404553609134633784805146206e-06
2714,-3.0025017464940622808375163266259022520899e-06
2715,-3.0025017471774277103750781098279176717369e-06
2716,-3.0025017463368381427505412334388879003200e-06
2717,-3.0025017466666350794452129691070041417333e-06
2718,-3.0025017463368114612127027229782072481612e-06
2719,-3.0025017463368114612127027229782072481612e-06
2720,-3.0025017463368114612127027229782072481612e-06
2721,-3.0025017463368114612127027229782072481612e-06
2722,-3.0025017463368114612127027229782072481612e-06
2723,-3.0025017463368114612127027229782072481612e-06
2724,-3.0025017463368114612127027229782072481612e-06
2725,-3.0025017463368114612127027229782072481612e-06
2726,-3.0025017463368114612127027229782072481612e-06
2727,-3.0025017463368114612127027229782072481612e-06
2728,-3.0025017463368114612127027229782072481612e-06
2729,-3.0025017463368114612127027229782072481612e-06
2730,-3.0025017463368114612127027229782072481612e-06
2731,-3.0025017463368114612127027229782072481612e-06
2732,-3.0025017463368114612127027229782072481612e-06
2733,-3.0025017463368114612127027229782072481612e-06
2734,-3.0025017472598829796584952306348625938881e-06
2735,-3.0025017454046508557263979455331792678408e-06
2736,-3.0025017461719263336342861103744894535339e-06
2737,-3.0025017470502732419156306786778287687412e-06
2738,-3.0025017462669282784489075549538839027264e-06
2739,-3.0025017463367987557184939084731212233237e-06
2740,-3.0025017469964591211941968423859705694667e-06
2741,-3.0025017463368114612127027229782072481612e-06
2742,-3.0025017463368114612127027229782072481612e-06
2743,-3.0025017463368114612127027229782072481612e-06
2744,-3.0025017463368114612127027229782072481612e-06
2745,-3.0025017463368114612127027229782072481612e-06
2746,-3.0025017463368114612127027229782072481612e-06
2747,-3.0025017463368114612127027229782072481612e-06
2748,-3.0025017463368114612127027229782072481612e-06
2749,-3.0025017471861822194014249309823583189427e-06
2750,-3.0025017465342086779220547726465539994933e-06
2751,-3.0025017467491051718052070401698827595283e-06
2752,-3.0025017468315473120779417193215721226807e-06
2753,-3.0025017463368114612127027229782072481612e-06
2754,-3.0025017463368114612127027229782072481612e-06
2755,-3.0025017463368114612127027229782072481612e-06
2756,-3.0025017463368114612127027229782072481612e-06
2757,-3.0025017463368114612127027229782072481612e-06
2758,-3.0025017463368114612127027229782072481612e-06
2759,-3.0025017463368114612127027229782072481612e-06
2760,-3.0025017463368114612127027229782072481612e-06
2761,-3.0025017463368114612127027229782072481612e-06
2762,-3.0025017463368114612127027229782072481612e-06
2763,-3.0025017463368114612127027229782072481612e-06
2764,-3.0025017463368114612127027229782072481612e-06
2765,-3.0025017463368114612127027229782072481612e-06
2766,-3.0025017471861822194014249309823583189427e-06
2767,-3.0025017465342086779220547726465539994933e-06
2768,-3.0025017467491051718052070401698827595283e-06
2769,-3.0025017468315473120779417193215721226807e-06
2770,-3.0025017463368114612127027229782072481612e-06
2771,-3.0025017463368114612127027229782072481612e-06
2772,-3.0025017463906255819341365592700654474356e-06
2773,-3.0025017462669282784489075549538839027264e-06
2774,-3.0025017472598702741642864161297765690506e-06
2775,-3.0025017463941221339404023110697394827184e-06
2776,-3.0025017461719263336342861103744894535339e-06
2777,-3.0025017466666350794452129691070041417333e-06
2778,-3.0025017463368114612127027229782072481612e-06
2779,-3.0025017463368114612127027229782072481612e-06
2780,-3.0025017463368114612127027229782072481612e-06
2781,-3.0025017463368114612127027229782072481612e-06
2782,-3.0025017463368114612127027229782072481612e-06
2783,-3.0025017463368114612127027229782072481612e-06
2784,-3.0025017463368114612127027229782072481612e-06
2785,-3.0025017463368114612127027229782072481612e-06
2786,-3.0025017463368114612127027229782072481612e-06
2787,-3.0025017463368114612127027229782072481612e-06
2788,-3.0025017463368114612127027229782072481612e-06
2789,-3.0025017463368114612127027229782072481612e-06
2790,-3.0025017463368114612127027229782072481612e-06
2791,-3.0025017463368114612127027229782072481612e-06
2792,-3.0025017463368114612127027229782072481612e-06
2793,-3.0025017463368114612127027229782072481612e-06
2794,-3.0025017463368114612127027229782072481612e-06
2795,-3.0025017463368114612127027229782072481612e-06
2796,-3.0025017463368114612127027229782072481612e-06
2797,-3.0025017463368114612127027229782072481612e-06
2798,-3.0025017463368114612127027229782072481612e-06
2799,-3.0025017463368114612127027229782072481612e-06
2800,-3.0025017463368114612127027229782072481612e-06
2801,-3.0025017463368114612127027229782072481612e-06
2802,-3.0025017463368114612127027229782072481612e-06
2803,-3.0025017463368114612127027229782072481612e-06
2804,-3.0025017463368114612127027229782072481612e-06
2805,-3.0025017472598829796584952306348625938881e-06
2806,-3.0025017454046508557263979455331792678408e-06
2807,-3.0025017461719263336342861103744894535339e-06
2808,-3.0025017466666350794452129691070041417333e-06
2809,-3.0025017463368114612127027229782072481612e-06
2810,-3.0025017463368114612127027229782072481612e-06
2811,-3.0025017463368114612127027229782072481612e-06
2812,-3.0025017463368114612127027229782072481612e-06
2813,-3.0025017463368114612127027229782072481612e-06
2814,-3.0025017463368114612127027229782072481612e-06
2815,-3.0025017463368114612127027229782072481612e-06
2816,-3.0025017463368114612127027229782072481612e-06
2817,-3.0025017463368114612127027229782072481612e-06
2818,-3.0025017463368114612127027229782072481612e-06
2819,-3.0025017463368114612127027229782072481612e-06
2820,-3.0025017463368114612127027229782072481612e-06
2821,-3.0025017463368114612127027229782072481612e-06
2822,-3.0025017463368114612127027229782072481612e-06
2823,-3.0025017463368114612127027229782072481612e-06
2824,-3.0025017463368114612127027229782072481612e-06
2825,-3.0025017463368114612127027229782072481612e-06
2826,-3.0025017463368114612127027229782072481612e-06
2827,-3.0025017463368114612127027229782072481612e-06
2828,-3.0025017463368114612127027229782072481612e-06
2829,-3.0025017463368114612127027229782072481612e-06
2830,-3.0025017463368114612127027229782072481612e-06
2831,-3.0025017463368114612127027229782072481612e-06
2832,-3.0025017463368114612127027229782072481612e-06
2833,-3.0025017463368114612127027229782072481612e-06
2834,-3.0025017463368114612127027229782072481612e-06
2835,-3.0025017463368114612127027229782072481612e-06
2836,-3.0025017463368114612127027229782072481612e-06
2837,-3.0025017463368114612127027229782072481612e-06
2838,-3.0025017472598829796584952306348625938881e-06
2839,-3.0025017454046508557263979455331792678408e-06
2840,-3.0025017461719263336342861103744894535339e-06
2841,-3.0025017466666350794452129691070041417333e-06
2842,-3.0025017463368114612127027229782072481612e-06
2843,-3.0025017463368114612127027229782072481612e-06
2844,-3.0025017463368114612127027229782072481612e-06
2845,-3.0025017463368114612127027229782072481612e-06
2846,-3.0025017463368114612127027229782072481612e-06
2847,-3.0025017463368114612127027229782072481612e-06
2848,-3.0025017463368114612127027229782072481612e-06
2849,-3.0025017463368114612127027229782072481612e-06
2850,-3.0025017470590281744584511269824389501082e-06
2851,-3.0025017457023096683363470177363652169333e-06
2852,-3.0025017476973094283454555203372038363341e-06
2853,-3.0025017469964591211941968423859705694667e-06
2854,-3.0025017471407626187037548382008367298113e-06
2855,-3.0025017459566961087699156485175677744337e-06
2856,-3.0025017463368639772554324895992294841562e-06
2857,-3.0025017471613709303104519654503690162528e-06
2858,-3.0025017463368114612127027229782072481612e-06
2859,-3.0025017463368114612127027229782072481612e-06
2860,-3.0025017463368114612127027229782072481612e-06
2861,-3.0025017463368114612127027229782072481612e-06
2862,-3.0025017463368114612127027229782072481612e-06
2863,-3.0025017463368114612127027229782072481612e-06
2864,-3.0025017463368114612127027229782072481612e-06
2865,-3.0025017463368114612127027229782072481612e-06
2866,-3.0025017463368114612127027229782072481612e-06
2867,-3.0025017463368114612127027229782072481612e-06
2868,-3.0025017463368114612127027229782072481612e-06
2869,-3.0025017463368114612127027229782072481612e-06
2870,-3.0025017463368114612127027229782072481612e-06
2871,-3.0025017463368114612127027229782072481612e-06
2872,-3.0025017463368114612127027229782072481612e-06
2873,-3.0025017463368114612127027229782072481612e-06
2874,-3.0025017463368114612127027229782072481612e-06
2875,-3.0025017463368114612127027229782072481612e-06
2876,-3.0025017463368114612127027229782072481612e-06
2877,-3.0025017463368114612127027229782072481612e-06
2878,-3.0025017463368114612127027229782072481612e-06
2879,-3.0025017463368114612127027229782072481612e-06
2880,-3.0025017463368114612127027229782072481612e-06
2881,-3.0025017463368114612127027229782072481612e-06
2882,-3.0025017463368114612127027229782072481612e-06
2883,-3.0025017463368114612127027229782072481612e-06
2884,-3.0025017463368114612127027229782072481612e-06
2885,-3.0025017463368114612127027229782072481612e-06
2886,-3.0025017463368114612127027229782072481612e-06
2887,-3.0025017463368114612127027229782072481612e-06
2888,-3.0025017463368114612127027229782072481612e-06
2889,-3.0025017463368114612127027229782072481612e-06
2890,-3.0025017463368114612127027229782072481612e-06
2891,-3.0025017463368114612127027229782072481612e-06
2892,-3.0025017463368114612127027229782072481612e-06
2893,-3.0025017463368114612127027229782072481612e-06
2894,-3.0025017463368114612127027229782072481612e-06
2895,-3.0025017463368114612127027229782072481612e-06
2896,-3.0025017463368114612127027229782072481612e-06
2897,-3.0025017463368114612127027229782072481612e-06
2898,-3.0025017463368114612127027229782072481612e-06
2899,-3.0025017463368114612127027229782072481612e-06
2900,-3.0025017463368114612127027229782072481612e-06
2901,-3.0025017463368114612127027229782072481612e-06
2902,-3.0025017463368114612127027229782072481612e-06
2903,-3.0025017463368114612127027229782072481612e-06
2904,-3.0025017463368114612127027229782072481612e-06
2905,-3.0025017463368114612127027229782072481612e-06
2906,-3.0025017463368114612127027229782072481612e-06
2907,-3.0025017463368114612127027229782072481612e-06
2908,-3.0025017463368114612127027229782072481612e-06
2909,-3.0025017463368114612127027229782072481612e-06
2910,-3.0025017463368114612127027229782072481612e-06
2911,-3.0025017463368114612127027229782072481612e-06
2912,-3.0025017463368114612127027229782072481612e-06
2913,-3.0025017463368114612127027229782072481612e-06
2914,-3.0025017463368114612127027229782072481612e-06
2915,-3.0025017463368114612127027229782072481612e-06
2916,-3.0025017463368114612127027229782072481612e-06
2917,-3.0025017471407626187037548382008367298113e-06
2918,-3.0025017459566961087699156485175677744337e-06
2919,-3.0025017463368639772554324895992294841562e-06
2920,-3.0025017471613709303104519654503690162528e-06
2921,-3.0025017463368114612127027229782072481612e-06
2922,-3.0025017463368114612127027229782072481612e-06
2923,-3.0025017463368114612127027229782072481612e-06
2924,-3.0025017463368114612127027229782072481612e-06
2925,-3.0025017463368114612127027229782072481612e-06
2926,-3.0025017463368114612127027229782072481612e-06
2927,-3.0025017463368114612127027229782072481612e-06
2928,-3.0025017463368114612127027229782072481612e-06
2929,-3.0025017463368114612127027229782072481612e-06
2930,-3.0025017463368114612127027229782072481612e-06
2931,-3.0025017463368114612127027229782072481612e-06
2932,-3.0025017463368114612127027229782072481612e-06
2933,-3.0025017463368114612127027229782072481612e-06
2934,-3.0025017463368114612127027229782072481612e-06
2935,-3.0025017463368114612127027229782072481612e-06
2936,-3.0025017463368114612127027229782072481612e-06
2937,-3.0025017463368114612127027229782072481612e-06
2938,-3.0025017470051632317601820326702366514837e-06
2939,5.0168739155972685761035520992893120605519e-17
2940,7.4786136238755499158031342275411232041633e-17
2941,-3.0047791520407179173719758313865213494864e-06
2942,-3.0047791517108942991394655852577244559143e-06
2943,-3.0047791517108942991394655852577244559143e-06
2944,-3.0047791517108942991394655852577244559143e-06
2945,-3.0047791517108942991394655852577244559143e-06
2946,-3.0047791517108942991394655852577244559143e-06
2947,-3.0047791517108942991394655852577244559143e-06
2948,-3.0047791517108942991394655852577244559143e-06
2949,-3.0047791517108942991394655852577244559143e-06
2950,-3.0047791517108942991394655852577244559143e-06
2951,-3.0047791517108942991394655852577244559143e-06
2952,-3.0047791517108942991394655852577244559143e-06
2953,-3.0047791517108942991394655852577244559143e-06
2954,-3.0047791517108942991394655852577244559143e-06
2955,-3.0047791517108942991394655852577244559143e-06
2956,-3.0047791517108942991394655852577244559143e-06
2957,-3.0047791518069380944792098192541729417826e-06
2958,-3.0047791534576380196707584557813675019133e-06
2959,-3.0047791540045189128348666895984564462196e-06
2960,-3.0047791516420267088794283233399440291578e-06
2961,-3.0047791533600399188728025806627286442563e-06
2962,-3.0047791513810706809069553391289275623421e-06
2963,-3.0047791517108942991394655852577244559143e-06
2964,-3.0047791517108942991394655852577244559143e-06
2965,-3.0047791517108942991394655852577244559143e-06
2966,-3.0047791517108942991394655852577244559143e-06
2967,-3.0047791517108942991394655852577244559143e-06
2968,-3.0047791517108942991394655852577244559143e-06
2969,-3.0047791517108942991394655852577244559143e-06
2970,-3.0047791517108942991394655852577244559143e-06
2971,-3.0047791517108942991394655852577244559143e-06
2972,-3.0047791517108942991394655852577244559143e-06
2973,-3.0047791517108942991394655852577244559143e-06
2974,-3.0047791517108942991394655852577244559143e-06
2975,-3.0047791517108942991394655852577244559143e-06
2976,-3.0047791517108942991394655852577244559143e-06
2977,-3.0047791517108942991394655852577244559143e-06
2978,-3.0047791517108942991394655852577244559143e-06
2979,-3.0047791518069380944792098192541729417826e-06
2980,-3.0047791519718761616168298256290825065662e-06
2981,-3.0047791520407450224262879689973715358065e-06
2982,-3.0047791522846629826647407018880286955209e-06
2983,-3.0047791542938780731111444999292814372893e-06
2984,-3.0047791529477203737754070073107115490529e-06
2985,-3.0047791523705419591209597046654877772198e-06
2986,-3.0047791517108942991394655852577244559143e-06
2987,-3.0047791517108942991394655852577244559143e-06
2988,-3.0047791517108942991394655852577244559143e-06
2989,-3.0047791517108942991394655852577244559143e-06
2990,-3.0047791517108942991394655852577244559143e-06
2991,-3.0047791517108942991394655852577244559143e-06
2992,-3.0047791517108942991394655852577244559143e-06
2993,-3.0047791517108942991394655852577244559143e-06
2994,-3.0047791519987127064846878232717841683552e-06
2995,-3.0047791533331635634564236309040907713097e-06
2996,-3.0047791521231867391825490209988913647976e-06
2997,-3.0047791510512466391579714658499611346087e-06
2998,-3.0047791517108942991394655852577244559143e-06
2999,-3.0047791517108942991394655852577244559143e-06
3000,-3.0047791517108942991394655852577244559143e-06
3001,-3.0047791517108942991394655852577244559143e-06
3002,-3.0047791517108942991394655852577244559143e-06
3003,-3.0047791517108942991394655852577244559143e-06
3004,-3.0047791517108942991394655852577244559143e-06
3005,-3.0047791517108942991394655852577244559143e-06
3006,-3.0047791517108942991394655852577244559143e-06
3007,-3.0047791517108942991394655852577244559143e-06
3008,-3.0047791517108942991394655852577244559143e-06
3009,-3.0047791517108942991394655852577244559143e-06
3010,-3.0047791517108942991394655852577244559143e-06
3011,-3.0047791519987127064846878232717841683552e-06
3012,-3.0047791533331635634564236309040907713097e-06
3013,-3.0047791521231867391825490209988913647976e-06
3014,-3.0047791510512466391579714658499611346087e-06
3015,-3.0047791517108942991394655852577244559143e-06
3016,-3.0047791517108942991394655852577244559143e-06
3017,-3.0047791526144866008972509480168255890931e-06
3018,-3.0047791542938780731111444999292814372893e-06
3019,-3.0047791532086759782314063643715584817073e-06
3020,-3.0047791539508187180448385567022029363216e-06
3021,-3.0047791520407450224262879689973715358065e-06
3022,-3.0047791513810706809069553391289275623421e-06
3023,-3.0047791517108942991394655852577244559143e-06
3024,-3.0047791517108942991394655852577244559143e-06
3025,-3.0047791517108942991394655852577244559143e-06
3026,-3.0047791517108942991394655852577244559143e-06
3027,-3.0047791517108942991394655852577244559143e-06
3028,-3.0047791517108942991394655852577244559143e-06
3029,-3.0047791517108942991394655852577244559143e-06
3030,-3.0047791517108942991394655852577244559143e-06
3031,-3.0047791517108942991394655852577244559143e-06
3032,-3.0047791517108942991394655852577244559143e-06
3033,-3.0047791517108942991394655852577244559143e-06
3034,-3.0047791517108942991394655852577244559143e-06
3035,-3.0047791517108942991394655852577244559143e-06
3036,-3.0047791517108942991394655852577244559143e-06
3037,-3.0047791517108942991394655852577244559143e-06
3038,-3.0047791517108942991394655852577244559143e-06
3039,-3.0047791517108942991394655852577244559143e-06
3040,-3.0047791517108942991394655852577244559143e-06
3041,-3.0047791517108942991394655852577244559143e-06
3042,-3.0047791517108942991394655852577244559143e-06
3043,-3.0047791517108942991394655852577244559143e-06
3044,-3.0047791517108942991394655852577244559143e-06
3045,-3.0047791517108942991394655852577244559143e-06
3046,-3.0047791517108942991394655852577244559143e-06
3047,-3.0047791517108942991394655852577244559143e-06
3048,-3.0047791517108942991394655852577244559143e-06
3049,-3.0047791517108942991394655852577244559143e-06
3050,-3.0047791518069380944792098192541729417826e-06
3051,-3.0047791519718761616168298256290825065662e-06
3052,-3.0047791520407450224262879689973715358065e-06
3053,-3.0047791513810706809069553391289275623421e-06
3054,-3.0047791517108942991394655852577244559143e-06
3055,-3.0047791517108942991394655852577244559143e-06
3056,-3.0047791517108942991394655852577244559143e-06
3057,-3.0047791517108942991394655852577244559143e-06
3058,-3.0047791517108942991394655852577244559143e-06
3059,-3.0047791517108942991394655852577244559143e-06
3060,-3.0047791517108942991394655852577244559143e-06
3061,-3.0047791517108942991394655852577244559143e-06
3062,-3.0047791517108942991394655852577244559143e-06
3063,-3.0047791517108942991394655852577244559143e-06
3064,-3.0047791517108942991394655852577244559143e-06
3065,-3.0047791517108942991394655852577244559143e-06
3066,-3.0047791517108942991394655852577244559143e-06
3067,-3.0047791517108942991394655852577244559143e-06
3068,-3.0047791517108942991394655852577244559143e-06
3069,-3.0047791517108942991394655852577244559143e-06
3070,-3.0047791517108942991394655852577244559143e-06
3071,-3.0047791517108942991394655852577244559143e-06
3072,-3.0047791517108942991394655852577244559143e-06
3073,-3.0047791517108942991394655852577244559143e-06
3074,-3.0047791517108942991394655852577244559143e-06
3075,-3.0047791517108942991394655852577244559143e-06
3076,-3.0047791517108942991394655852577244559143e-06
3077,-3.0047791517108942991394655852577244559143e-06
3078,-3.0047791517108942991394655852577244559143e-06
3079,-3.0047791517108942991394655852577244559143e-06
3080,-3.0047791517108942991394655852577244559143e-06
3081,-3.0047791517108942991394655852577244559143e-06
3082,-3.0047791517108942991394655852577244559143e-06
3083,-3.0047791518069380944792098192541729417826e-06
3084,-3.0047791519718761616168298256290825065662e-06
3085,-3.0047791520407450224262879689973715358065e-06
3086,-3.0047791513810706809069553391289275623421e-06
3087,-3.0047791517108942991394655852577244559143e-06
3088,-3.0047791517108942991394655852577244559143e-06
3089,-3.0047791517108942991394655852577244559143e-06
3090,-3.0047791517108942991394655852577244559143e-06
3091,-3.0047791517108942991394655852577244559143e-06
3092,-3.0047791517108942991394655852577244559143e-06
3093,-3.0047791517108942991394655852577244559143e-06
3094,-3.0047791517108942991394655852577244559143e-06
3095,-3.0047791530687719698498872045178131884313e-06
3096,-3.0047791521920166364764334665515832512028e-06
3097,-3.0047791534424430956299635619988208645736e-06
3098,-3.0047791523705419591209597046654877772198e-06
3099,-3.0047791526232004523421295627549909568188e-06
3100,-3.0047791535302681302824993198052894172179e-06
3101,-3.0047791518758577772655032206428060703729e-06
3102,-3.0047791523705419591209597046654877772198e-06
3103,-3.0047791517108942991394655852577244559143e-06
3104,-3.0047791517108942991394655852577244559143e-06
3105,-3.0047791517108942991394655852577244559143e-06
3106,-3.0047791517108942991394655852577244559143e-06
3107,-3.0047791517108942991394655852577244559143e-06
3108,-3.0047791517108942991394655852577244559143e-06
3109,-3.0047791517108942991394655852577244559143e-06
3110,-3.0047791517108942991394655852577244559143e-06
3111,-3.0047791517108942991394655852577244559143e-06
3112,-3.0047791517108942991394655852577244559143e-06
3113,-3.0047791517108942991394655852577244559143e-06
3114,-3.0047791517108942991394655852577244559143e-06
3115,-3.0047791517108942991394655852577244559143e-06
3116,-3.0047791517108942991394655852577244559143e-06
3117,-3.0047791517108942991394655852577244559143e-06
3118,-3.0047791517108942991394655852577244559143e-06
3119,-3.0047791517108942991394655852577244559143e-06
3120,-3.0047791517108942991394655852577244559143e-06
3121,-3.0047791517108942991394655852577244559143e-06
3122,-3.0047791517108942991394655852577244559143e-06
3123,-3.0047791517108942991394655852577244559143e-06
3124,-3.0047791517108942991394655852577244559143e-06
3125,-3.0047791517108942991394655852577244559143e-06
3126,-3.0047791517108942991394655852577244559143e-06
3127,-3.0047791517108942991394655852577244559143e-06
3128,-3.0047791517108942991394655852577244559143e-06
3129,-3.0047791517108942991394655852577244559143e-06
3130,-3.0047791517108942991394655852577244559143e-06
3131,-3.0047791517108942991394655852577244559143e-06
3132,-3.0047791517108942991394655852577244559143e-06
3133,-3.0047791517108942991394655852577244559143e-06
3134,-3.0047791517108942991394655852577244559143e-06
3135,-3.0047791517108942991394655852577244559143e-06
3136,-3.0047791517108942991394655852577244559143e-06
3137,-3.0047791517108942991394655852577244559143e-06
3138,-3.0047791517108942991394655852577244559143e-06
3139,-3.0047791517108942991394655852577244559143e-06
3140,-3.0047791517108942991394655852577244559143e-06
3141,-3.0047791517108942991394655852577244559143e-06
3142,-3.0047791517108942991394655852577244559143e-06
3143,-3.0047791517108942991394655852577244559143e-06
3144,-3.0047791517108942991394655852577244559143e-06
3145,-3.0047791517108942991394655852577244559143e-06
3146,-3.0047791517108942991394655852577244559143e-06
3147,-3.0047791517108942991394655852577244559143e-06
3148,-3.0047791517108942991394655852577244559143e-06
3149,-3.0047791517108942991394655852577244559143e-06
3150,-3.0047791517108942991394655852577244559143e-06
3151,-3.0047791517108942991394655852577244559143e-06
3152,-3.0047791517108942991394655852577244559143e-06
3153,-3.0047791517108942991394655852577244559143e-06
3154,-3.0047791517108942991394655852577244559143e-06
3155,-3.0047791517108942991394655852577244559143e-06
3156,-3.0047791517108942991394655852577244559143e-06
3157,-3.0047791517108942991394655852577244559143e-06
3158,-3.0047791517108942991394655852577244559143e-06
3159,-3.0047791517108942991394655852577244559143e-06
3160,-3.0047791517108942991394655852577244559143e-06
3161,-3.0047791517108942991394655852577244559143e-06
3162,-3.0047791526232004523421295627549909568188e-06
3163,-3.0047791535302681302824993198052894172179e-06
3164,-3.0047791518758577772655032206428060703729e-06
3165,-3.0047791523705419591209597046654877772198e-06
3166,-3.0047791517108942991394655852577244559143e-06
3167,-3.0047791517108942991394655852577244559143e-06
3168,-3.0047791517108942991394655852577244559143e-06
3169,-3.0047791517108942991394655852577244559143e-06
3170,-3.0047791517108942991394655852577244559143e-06
3171,-3.0047791517108942991394655852577244559143e-06
3172,-3.0047791517108942991394655852577244559143e-06
3173,-3.0047791517108942991394655852577244559143e-06
3174,-3.0047791517108942991394655852577244559143e-06
3175,-3.0047791517108942991394655852577244559143e-06
3176,-3.0047791517108942991394655852577244559143e-06
3177,-3.0047791517108942991394655852577244559143e-06
3178,-3.0047791517108942991394655852577244559143e-06
3179,-3.0047791517108942991394655852577244559143e-06
3180,-3.0047791517108942991394655852577244559143e-06
3181,-3.0047791517108942991394655852577244559143e-06
3182,-3.0047791517108942991394655852577244559143e-06
3183,-3.0047791525277838848998271381596225637622e-06
3184,-2.8963772366762785871475135575299753097788e-16
3185,3.3204483388048919003657925397897174787537e-17
3186,-3.0078225303177817898255506923188562495852e-06
3187,-3.0078225303177817898255506923188562495852e-06
3188,-3.0078225303177817898255506923188562495852e-06
3189,-3.0078225303177817898255506923188562495852e-06
3190,-3.0078225303177817898255506923188562495852e-06
3191,-3.0078225303177817898255506923188562495852e-06
3192,-3.0078225303177817898255506923188562495852e-06
3193,-3.0078225303177817898255506923188562495852e-06
3194,-3.0078225303177817898255506923188562495852e-06
3195,-3.0078225303177817898255506923188562495852e-06
3196,-3.0078225303177817898255506923188562495852e-06
3197,-3.0078225303177817898255506923188562495852e-06
3198,-3.0078225303177817898255506923188562495852e-06
3199,-3.0078225303177817898255506923188562495852e-06
3200,-3.0078225303177817898255506923188562495852e-06
3201,-3.0078225303177817898255506923188562495852e-06
3202,-3.0078225290095885307022245680474981099906e-06
3203,-3.0078225273016334134410215001009802904264e-06
3204,-3.0078225285037518895467443386104733349384e-06
3205,-3.0078225279607914883790026339127621213265e-06
3206,-3.0078225271020267112887566079981738198512e-06
3207,-3.0078225289984868933790360806534991411354e-06
3208,-3.0078225303177817898255506923188562495852e-06
3209,-3.0078225303177817898255506923188562495852e-06
3210,-3.0078225303177817898255506923188562495852e-06
3211,-3.0078225303177817898255506923188562495852e-06
3212,-3.0078225303177817898255506923188562495852e-06
3213,-3.0078225303177817898255506923188562495852e-06
3214,-3.0078225303177817898255506923188562495852e-06
3215,-3.0078225303177817898255506923188562495852e-06
3216,-3.0078225303177817898255506923188562495852e-06
3217,-3.0078225303177817898255506923188562495852e-06
3218,-3.0078225303177817898255506923188562495852e-06
3219,-3.0078225303177817898255506923188562495852e-06
3220,-3.0078225303177817898255506923188562495852e-06
3221,-3.0078225303177817898255506923188562495852e-06
3222,-3.0078225303177817898255506923188562495852e-06
3223,-3.0078225303177817898255506923188562495852e-06
3224,-3.0078225290095885307022245680474981099906e-06
3225,-3.0078225281257291320001490131375021519489e-06
3226,-3.0078225264423790513072624885904104985457e-06
3227,-3.0078225290045008273045416130608842308902e-06
3228,-3.0078225305942800253471928334514373659658e-06
3229,-3.0078225302353133915314511298566557684353e-06
3230,-3.0078225289984868933790360806534991411354e-06
3231,-3.0078225303177817898255506923188562495852e-06
3232,-3.0078225303177817898255506923188562495852e-06
3233,-3.0078225303177817898255506923188562495852e-06
3234,-3.0078225303177817898255506923188562495852e-06
3235,-3.0078225303177817898255506923188562495852e-06
3236,-3.0078225303177817898255506923188562495852e-06
3237,-3.0078225303177817898255506923188562495852e-06
3238,-3.0078225303177817898255506923188562495852e-06
3239,-3.0078225296983792062669501449212461352545e-06
3240,-3.0078225290156160171548861692603082929054e-06
3241,-3.0078225285862207113573175282228433502496e-06
3242,-3.0078225309774294498070448117266195708908e-06
3243,-3.0078225303177817898255506923188562495852e-06
3244,-3.0078225303177817898255506923188562495852e-06
3245,-3.0078225303177817898255506923188562495852e-06
3246,-3.0078225303177817898255506923188562495852e-06
3247,-3.0078225303177817898255506923188562495852e-06
3248,-3.0078225303177817898255506923188562495852e-06
3249,-3.0078225303177817898255506923188562495852e-06
3250,-3.0078225303177817898255506923188562495852e-06
3251,-3.0078225303177817898255506923188562495852e-06
3252,-3.0078225303177817898255506923188562495852e-06
3253,-3.0078225303177817898255506923188562495852e-06
3254,-3.0078225303177817898255506923188562495852e-06
3255,-3.0078225303177817898255506923188562495852e-06
3256,-3.0078225296983792062669501449212461352545e-06
3257,-3.0078225290156160171548861692603082929054e-06
3258,-3.0078225285862207113573175282228433502496e-06
3259,-3.0078225309774294498070448117266195708908e-06
3260,-3.0078225303177817898255506923188562495852e-06
3261,-3.0078225303177817898255506923188562495852e-06
3262,-3.0078225303237961472675298518764108735013e-06
3263,-3.0078225305942800253471928334514373659658e-06
3264,-3.0078225281025606633103757631131358607490e-06
3265,-3.0078225287853763684651695053950959390932e-06
3266,-3.0078225264423790513072624885904104985457e-06
3267,-3.0078225289984868933790360806534991411354e-06
3268,-3.0078225303177817898255506923188562495852e-06
3269,-3.0078225303177817898255506923188562495852e-06
3270,-3.0078225303177817898255506923188562495852e-06
3271,-3.0078225303177817898255506923188562495852e-06
3272,-3.0078225303177817898255506923188562495852e-06
3273,-3.0078225303177817898255506923188562495852e-06
3274,-3.0078225303177817898255506923188562495852e-06
3275,-3.0078225303177817898255506923188562495852e-06
3276,-3.0078225303177817898255506923188562495852e-06
3277,-3.0078225303177817898255506923188562495852e-06
3278,-3.0078225303177817898255506923188562495852e-06
3279,-3.0078225303177817898255506923188562495852e-06
3280,-3.0078225303177817898255506923188562495852e-06
3281,-3.0078225303177817898255506923188562495852e-06
3282,-3.0078225303177817898255506923188562495852e-06
3283,-3.0078225303177817898255506923188562495852e-06
3284,-3.0078225303177817898255506923188562495852e-06
3285,-3.0078225303177817898255506923188562495852e-06
3286,-3.0078225303177817898255506923188562495852e-06
3287,-3.0078225303177817898255506923188562495852e-06
3288,-3.0078225303177817898255506923188562495852e-06
3289,-3.0078225303177817898255506923188562495852e-06
3290,-3.0078225303177817898255506923188562495852e-06
3291,-3.0078225303177817898255506923188562495852e-06
3292,-3.0078225303177817898255506923188562495852e-06
3293,-3.0078225303177817898255506923188562495852e-06
3294,-3.0078225303177817898255506923188562495852e-06
3295,-3.0078225290095885307022245680474981099906e-06
3296,-3.0078225281257291320001490131375021519489e-06
3297,-3.0078225264423790513072624885904104985457e-06
3298,-3.0078225289984868933790360806534991411354e-06
3299,-3.0078225303177817898255506923188562495852e-06
3300,-3.0078225303177817898255506923188562495852e-06
3301,-3.0078225303177817898255506923188562495852e-06
3302,-3.0078225303177817898255506923188562495852e-06
3303,-3.0078225303177817898255506923188562495852e-06
3304,-3.0078225303177817898255506923188562495852e-06
3305,-3.0078225303177817898255506923188562495852e-06
3306,-3.0078225303177817898255506923188562495852e-06
3307,-3.0078225303177817898255506923188562495852e-06
3308,-3.0078225303177817898255506923188562495852e-06
3309,-3.0078225303177817898255506923188562495852e-06
3310,-3.0078225303177817898255506923188562495852e-06
3311,-3.0078225303177817898255506923188562495852e-06
3312,-3.0078225303177817898255506923188562495852e-06
3313,-3.0078225303177817898255506923188562495852e-06
3314,-3.0078225303177817898255506923188562495852e-06
3315,-3.0078225303177817898255506923188562495852e-06
3316,-3.0078225303177817898255506923188562495852e-06
3317,-3.0078225303177817898255506923188562495852e-06
3318,-3.0078225303177817898255506923188562495852e-06
3319,-3.0078225303177817898255506923188562495852e-06
3320,-3.0078225303177817898255506923188562495852e-06
3321,-3.0078225303177817898255506923188562495852e-06
3322,-3.0078225303177817898255506923188562495852e-06
3323,-3.0078225303177817898255506923188562495852e-06
3324,-3.0078225303177817898255506923188562495852e-06
3325,-3.0078225303177817898255506923188562495852e-06
3326,-3.0078225303177817898255506923188562495852e-06
3327,-3.0078225303177817898255506923188562495852e-06
3328,-3.0078225290095885307022245680474981099906e-06
3329,-3.0078225281257291320001490131375021519489e-06
3330,-3.0078225264423790513072624885904104985457e-06
3331,-3.0078225289984868933790360806534991411354e-06
3332,-3.0078225303177817898255506923188562495852e-06
3333,-3.0078225303177817898255506923188562495852e-06
3334,-3.0078225303177817898255506923188562495852e-06
3335,-3.0078225303177817898255506923188562495852e-06
3336,-3.0078225303177817898255506923188562495852e-06
3337,-3.0078225303177817898255506923188562495852e-06
3338,-3.0078225303177817898255506923188562495852e-06
3339,-3.0078225303177817898255506923188562495852e-06
3340,-3.0078225303298100811930353842837959632561e-06
3341,-3.0078225291638366185290216769931959106543e-06
3342,-3.0078225297405652586884769461583744032396e-06
3343,-3.0078225296581345533605302000612624624409e-06
3344,-3.0078225308578495734784189613586491418573e-06
3345,-3.0078225286909182188026853216333833529461e-06
3346,-3.0078225280915246710405994839954146868877e-06
3347,-3.0078225303177817898255506923188562495852e-06
3348,-3.0078225303177817898255506923188562495852e-06
3349,-3.0078225303177817898255506923188562495852e-06
3350,-3.0078225303177817898255506923188562495852e-06
3351,-3.0078225303177817898255506923188562495852e-06
3352,-3.0078225303177817898255506923188562495852e-06
3353,-3.0078225303177817898255506923188562495852e-06
3354,-3.0078225303177817898255506923188562495852e-06
3355,-3.0078225303177817898255506923188562495852e-06
3356,-3.0078225303177817898255506923188562495852e-06
3357,-3.0078225303177817898255506923188562495852e-06
3358,-3.0078225303177817898255506923188562495852e-06
3359,-3.0078225303177817898255506923188562495852e-06
3360,-3.0078225303177817898255506923188562495852e-06
3361,-3.0078225303177817898255506923188562495852e-06
3362,-3.0078225303177817898255506923188562495852e-06
3363,-3.0078225303177817898255506923188562495852e-06
3364,-3.0078225303177817898255506923188562495852e-06
3365,-3.0078225303177817898255506923188562495852e-06
3366,-3.0078225303177817898255506923188562495852e-06
3367,-3.0078225303177817898255506923188562495852e-06
3368,-3.0078225303177817898255506923188562495852e-06
3369,-3.0078225303177817898255506923188562495852e-06
3370,-3.0078225303177817898255506923188562495852e-06
3371,-3.0078225303177817898255506923188562495852e-06
3372,-3.0078225303177817898255506923188562495852e-06
3373,-3.0078225303177817898255506923188562495852e-06
3374,-3.0078225303177817898255506923188562495852e-06
3375,-3.0078225303177817898255506923188562495852e-06
3376,-3.0078225303177817898255506923188562495852e-06
3377,-3.0078225303177817898255506923188562495852e-06
3378,-3.0078225303177817898255506923188562495852e-06
3379,-3.0078225303177817898255506923188562495852e-06
3380,-3.0078225303177817898255506923188562495852e-06
3381,-3.0078225303177817898255506923188562495852e-06
3382,-3.0078225303177817898255506923188562495852e-06
3383,-3.0078225303177817898255506923188562495852e-06
3384,-3.0078225303177817898255506923188562495852e-06
3385,-3.0078225303177817898255506923188562495852e-06
3386,-3.0078225303177817898255506923188562495852e-06
3387,-3.0078225303177817898255506923188562495852e-06
3388,-3.0078225303177817898255506923188562495852e-06
3389,-3.0078225303177817898255506923188562495852e-06
3390,-3.0078225303177817898255506923188562495852e-06
3391,-3.0078225303177817898255506923188562495852e-06
3392,-3.0078225303177817898255506923188562495852e-06
3393,-3.0078225303177817898255506923188562495852e-06
3394,-3.0078225303177817898255506923188562495852e-06
3395,-3.0078225303177817898255506923188562495852e-06
3396,-3.0078225303177817898255506923188562495852e-06
3397,-3.0078225303177817898255506923188562495852e-06
3398,-3.0078225303177817898255506923188562495852e-06
3399,-3.0078225303177817898255506923188562495852e-06
3400,-3.0078225303177817898255506923188562495852e-06
3401,-3.0078225303177817898255506923188562495852e-06
3402,-3.0078225303177817898255506923188562495852e-06
3403,-3.0078225303177817898255506923188562495852e-06
3404,-3.0078225303177817898255506923188562495852e-06
3405,-3.0078225303177817898255506923188562495852e-06
3406,-3.0078225303177817898255506923188562495852e-06
3407,-3.0078225308578495734784189613586491418573e-06
3408,-3.0078225286909182188026853216333833529461e-06
3409,-3.0078225280915246710405994839954146868877e-06
3410,-3.0078225303177817898255506923188562495852e-06
3411,-3.0078225303177817898255506923188562495852e-06
3412,-3.0078225303177817898255506923188562495852e-06
3413,-3.0078225303177817898255506923188562495852e-06
3414,-3.0078225303177817898255506923188562495852e-06
3415,-3.0078225303177817898255506923188562495852e-06
3416,-3.0078225303177817898255506923188562495852e-06
3417,-3.0078225303177817898255506923188562495852e-06
3418,-3.0078225303177817898255506923188562495852e-06
3419,-3.0078225303177817898255506923188562495852e-06
3420,-3.0078225303177817898255506923188562495852e-06
3421,-3.0078225303177817898255506923188562495852e-06
3422,-3.0078225303177817898255506923188562495852e-06
3423,-3.0078225303177817898255506923188562495852e-06
3424,-3.0078225303177817898255506923188562495852e-06
3425,-3.0078225303177817898255506923188562495852e-06
3426,-3.0078225303177817898255506923188562495852e-06
3427,-3.0078225303177817898255506923188562495852e-06
3428,-3.0078225305158985610235952701252415408817e-06
3429,-2.3969801235503388402156023612188915108144e-16
3430,-3.9606187753185699177300410401152748399568e-16
3431,-3.0116248783460552350876512917032812310936e-06
3432,-3.0116248750478177822131279489648036928884e-06
3433,-3.0116248750478177822131279489648036928884e-06
3434,-3.0116248750478177822131279489648036928884e-06
3435,-3.0116248750478177822131279489648036928884e-06
3436,-3.0116248750478177822131279489648036928884e-06
3437,-3.0116248750478177822131279489648036928884e-06
3438,-3.0116248750478177822131279489648036928884e-06
3439,-3.0116248750478177822131279489648036928884e-06
3440,-3.0116248750478177822131279489648036928884e-06
3441,-3.0116248750478177822131279489648036928884e-06
3442,-3.0116248750478177822131279489648036928884e-06
3443,-3.0116248750478177822131279489648036928884e-06
3444,-3.0116248750478177822131279489648036928884e-06
3445,-3.0116248750478177822131279489648036928884e-06
3446,-3.0116248750478177822131279489648036928884e-06
3447,-3.0116248783505296866315221332444096447034e-06
3448,-3.0116248736430958013877545037528804527938e-06
3449,-3.0116248749623644398129042321077264432461e-06
3450,-3.0116248796698254301109839992101058214757e-06
3451,-3.0116248737285491437879782206099577024361e-06
3452,-3.0116248776864075751061571722955179097880e-06
3453,-3.0116248750478177822131279489648036928884e-06
3454,-3.0116248750478177822131279489648036928884e-06
3455,-3.0116248750478177822131279489648036928884e-06
3456,-3.0116248750478177822131279489648036928884e-06
3457,-3.0116248750478177822131279489648036928884e-06
3458,-3.0116248750478177822131279489648036928884e-06
3459,-3.0116248750478177822131279489648036928884e-06
3460,-3.0116248750478177822131279489648036928884e-06
3461,-3.0116248750478177822131279489648036928884e-06
3462,-3.0116248750478177822131279489648036928884e-06
3463,-3.0116248750478177822131279489648036928884e-06
3464,-3.0116248750478177822131279489648036928884e-06
3465,-3.0116248750478177822131279489648036928884e-06
3466,-3.0116248750478177822131279489648036928884e-06
3467,-3.0116248750478177822131279489648036928884e-06
3468,-3.0116248750478177822131279489648036928884e-06
3469,-3.0116248783505296866315221332444096447034e-06
3470,-3.0116248710944342259552934659705414333075e-06
3471,-3.0116248750478440402344928322753148108859e-06
3472,-3.0116248766946992828784541995634782551861e-06
3473,-3.0116248732315377389099405464056857795185e-06
3474,-3.0116248747179806114534616340305817061562e-06
3475,-3.0116248783460552350876512917032812310936e-06
3476,-3.0116248750478177822131279489648036928884e-06
3477,-3.0116248750478177822131279489648036928884e-06
3478,-3.0116248750478177822131279489648036928884e-06
3479,-3.0116248750478177822131279489648036928884e-06
3480,-3.0116248750478177822131279489648036928884e-06
3481,-3.0116248750478177822131279489648036928884e-06
3482,-3.0116248750478177822131279489648036928884e-06
3483,-3.0116248750478177822131279489648036928884e-06
3484,-3.0116248769038147768965958672726657141538e-06
3485,-3.0116248774840179462056882764287024656369e-06
3486,-3.0116248770267734676518191216931796816425e-06
3487,-3.0116248763671126786596425606301608013382e-06
3488,-3.0116248750478177822131279489648036928884e-06
3489,-3.0116248750478177822131279489648036928884e-06
3490,-3.0116248750478177822131279489648036928884e-06
3491,-3.0116248750478177822131279489648036928884e-06
3492,-3.0116248750478177822131279489648036928884e-06
3493,-3.0116248750478177822131279489648036928884e-06
3494,-3.0116248750478177822131279489648036928884e-06
3495,-3.0116248750478177822131279489648036928884e-06
3496,-3.0116248750478177822131279489648036928884e-06
3497,-3.0116248750478177822131279489648036928884e-06
3498,-3.0116248750478177822131279489648036928884e-06
3499,-3.0116248750478177822131279489648036928884e-06
3500,-3.0116248750478177822131279489648036928884e-06
3501,-3.0116248769038147768965958672726657141538e-06
3502,-3.0116248774840179462056882764287024656369e-06
3503,-3.0116248770267734676518191216931796816425e-06
3504,-3.0116248763671126786596425606301608013382e-06
3505,-3.0116248750478177822131279489648036928884e-06
3506,-3.0116248750478177822131279489648036928884e-06
3507,-3.0116248747157567264504454684903578254307e-06
3508,-3.0116248732315377389099405464056857795185e-06
3509,-3.0116248771961334702905802029881954240409e-06
3510,-3.0116248743926716788298168087090189715127e-06
3511,-3.0116248750478440402344928322753148108859e-06
3512,-3.0116248776864075751061571722955179097880e-06
3513,-3.0116248750478177822131279489648036928884e-06
3514,-3.0116248750478177822131279489648036928884e-06
3515,-3.0116248750478177822131279489648036928884e-06
3516,-3.0116248750478177822131279489648036928884e-06
3517,-3.0116248750478177822131279489648036928884e-06
3518,-3.0116248750478177822131279489648036928884e-06
3519,-3.0116248750478177822131279489648036928884e-06
3520,-3.0116248750478177822131279489648036928884e-06
3521,-3.0116248750478177822131279489648036928884e-06
3522,-3.0116248750478177822131279489648036928884e-06
3523,-3.0116248750478177822131279489648036928884e-06
3524,-3.0116248750478177822131279489648036928884e-06
3525,-3.0116248750478177822131279489648036928884e-06
3526,-3.0116248750478177822131279489648036928884e-06
3527,-3.0116248750478177822131279489648036928884e-06
3528,-3.0116248750478177822131279489648036928884e-06
3529,-3.0116248750478177822131279489648036928884e-06
3530,-3.0116248750478177822131279489648036928884e-06
3531,-3.0116248750478177822131279489648036928884e-06
3532,-3.0116248750478177822131279489648036928884e-06
3533,-3.0116248750478177822131279489648036928884e-06
3534,-3.0116248750478177822131279489648036928884e-06
3535,-3.0116248750478177822131279489648036928884e-06
3536,-3.0116248750478177822131279489648036928884e-06
3537,-3.0116248750478177822131279489648036928884e-06
3538,-3.0116248750478177822131279489648036928884e-06
3539,-3.0116248750478177822131279489648036928884e-06
3540,-3.0116248783505296866315221332444096447034e-06
3541,-3.0116248710944342259552934659705414333075e-06
3542,-3.0116248750478440402344928322753148108859e-06
3543,-3.0116248776864075751061571722955179097880e-06
3544,-3.0116248750478177822131279489648036928884e-06
3545,-3.0116248750478177822131279489648036928884e-06
3546,-3.0116248750478177822131279489648036928884e-06
3547,-3.0116248750478177822131279489648036928884e-06
3548,-3.0116248750478177822131279489648036928884e-06
3549,-3.0116248750478177822131279489648036928884e-06
3550,-3.0116248750478177822131279489648036928884e-06
3551,-3.0116248750478177822131279489648036928884e-06
3552,-3.0116248750478177822131279489648036928884e-06
3553,-3.0116248750478177822131279489648036928884e-06
3554,-3.0116248750478177822131279489648036928884e-06
3555,-3.0116248750478177822131279489648036928884e-06
3556,-3.0116248750478177822131279489648036928884e-06
3557,-3.0116248750478177822131279489648036928884e-06
3558,-3.0116248750478177822131279489648036928884e-06
3559,-3.0116248750478177822131279489648036928884e-06
3560,-3.0116248750478177822131279489648036928884e-06
3561,-3.0116248750478177822131279489648036928884e-06
3562,-3.0116248750478177822131279489648036928884e-06
3563,-3.0116248750478177822131279489648036928884e-06
3564,-3.0116248750478177822131279489648036928884e-06
3565,-3.0116248750478177822131279489648036928884e-06
3566,-3.0116248750478177822131279489648036928884e-06
3567,-3.0116248750478177822131279489648036928884e-06
3568,-3.0116248750478177822131279489648036928884e-06
3569,-3.0116248750478177822131279489648036928884e-06
3570,-3.0116248750478177822131279489648036928884e-06
3571,-3.0116248750478177822131279489648036928884e-06
3572,-3.0116248750478177822131279489648036928884e-06
3573,-3.0116248783505296866315221332444096447034e-06
3574,-3.0116248710944342259552934659705414333075e-06
3575,-3.0116248750478440402344928322753148108859e-06
3576,-3.0116248776864075751061571722955179097880e-06
3577,-3.0116248750478177822131279489648036928884e-06
3578,-3.0116248750478177822131279489648036928884e-06
3579,-3.0116248750478177822131279489648036928884e-06
3580,-3.0116248750478177822131279489648036928884e-06
3581,-3.0116248750478177822131279489648036928884e-06
3582,-3.0116248750478177822131279489648036928884e-06
3583,-3.0116248750478177822131279489648036928884e-06
3584,-3.0116248750478177822131279489648036928884e-06
3585,-3.0116248768971028878225527913858883266585e-06
3586,-3.0116248728994627071036283699756452847396e-06
3587,-3.0116248798302356826290561431225256683319e-06
3588,-3.0116248776864075751061571722955179097880e-06
3589,-3.0116248788040163035148975845256558159235e-06
3590,-3.0116248739024365375298135372172936286006e-06
3591,-3.0116248752127816838556392115000548415082e-06
3592,-3.0116248790057028950691454111110445523991e-06
3593,-3.0116248750478177822131279489648036928884e-06
3594,-3.0116248750478177822131279489648036928884e-06
3595,-3.0116248750478177822131279489648036928884e-06
3596,-3.0116248750478177822131279489648036928884e-06
3597,-3.0116248750478177822131279489648036928884e-06
3598,-3.0116248750478177822131279489648036928884e-06
3599,-3.0116248750478177822131279489648036928884e-06
3600,-3.0116248750478177822131279489648036928884e-06
3601,-3.0116248750478177822131279489648036928884e-06
3602,-3.0116248750478177822131279489648036928884e-06
3603,-3.0116248750478177822131279489648036928884e-06
3604,-3.0116248750478177822131279489648036928884e-06
3605,-3.0116248750478177822131279489648036928884e-06
3606,-3.0116248750478177822131279489648036928884e-06
3607,-3.0116248750478177822131279489648036928884e-06
3608,-3.0116248750478177822131279489648036928884e-06
3609,-3.0116248750478177822131279489648036928884e-06
3610,-3.0116248750478177822131279489648036928884e-06
3611,-3.0116248750478177822131279489648036928884e-06
3612,-3.0116248750478177822131279489648036928884e-06
3613,-3.0116248750478177822131279489648036928884e-06
3614,-3.0116248750478177822131279489648036928884e-06
3615,-3.0116248750478177822131279489648036928884e-06
3616,-3.0116248750478177822131279489648036928884e-06
3617,-3.0116248750478177822131279489648036928884e-06
3618,-3.0116248750478177822131279489648036928884e-06
3619,-3.0116248750478177822131279489648036928884e-06
3620,-3.0116248750478177822131279489648036928884e-06
3621,-3.0116248750478177822131279489648036928884e-06
3622,-3.0116248750478177822131279489648036928884e-06
3623,-3.0116248750478177822131279489648036928884e-06
3624,-3.0116248750478177822131279489648036928884e-06
3625,-3.0116248750478177822131279489648036928884e-06
3626,-3.0116248750478177822131279489648036928884e-06
3627,-3.0116248750478177822131279489648036928884e-06
3628,-3.0116248750478177822131279489648036928884e-06
3629,-3.0116248750478177822131279489648036928884e-06
3630,-3.0116248750478177822131279489648036928884e-06
3631,-3.0116248750478177822131279489648036928884e-06
3632,-3.0116248750478177822131279489648036928884e-06
3633,-3.0116248750478177822131279489648036928884e-06
3634,-3.0116248750478177822131279489648036928884e-06
3635,-3.0116248750478177822131279489648036928884e-06
3636,-3.0116248750478177822131279489648036928884e-06
3637,-3.0116248750478177822131279489648036928884e-06
3638,-3.0116248750478177822131279489648036928884e-06
3639,-3.0116248750478177822131279489648036928884e-06
3640,-3.0116248750478177822131279489648036928884e-06
3641,-3.0116248750478177822131279489648036928884e-06
3642,-3.0116248750478177822131279489648036928884e-06
3643,-3.0116248750478177822131279489648036928884e-06
3644,-3.0116248750478177822131279489648036928884e-06
3645,-3.0116248750478177822131279489648036928884e-06
3646,-3.0116248750478177822131279489648036928884e-06
3647,-3.0116248750478177822131279489648036928884e-06
3648,-3.0116248750478177822131279489648036928884e-06
3649,-3.0116248750478177822131279489648036928884e-06
3650,-3.0116248750478177822131279489648036928884e-06
3651,-3.0116248750478177822131279489648036928884e-06
3652,-3.0116248788040163035148975845256558159235e-06
3653,-3.0116248739024365375298135372172936286006e-06
3654,-3.0116248752127816838556392115000548415082e-06
3655,-3.0116248790057028950691454111110445523991e-06
3656,-3.0116248750478177822131279489648036928884e-06
3657,-3.0116248750478177822131279489648036928884e-06
3658,-3.0116248750478177822131279489648036928884e-06
3659,-3.0116248750478177822131279489648036928884e-06
3660,-3.0116248750478177822131279489648036928884e-06
3661,-3.0116248750478177822131279489648036928884e-06
3662,-3.0116248750478177822131279489648036928884e-06
3663,-3.0116248750478177822131279489648036928884e-06
3664,-3.0116248750478177822131279489648036928884e-06
3665,-3.0116248750478177822131279489648036928884e-06
3666,-3.0116248750478177822131279489648036928884e-06
3667,-3.0116248750478177822131279489648036928884e-06
3668,-3.0116248750478177822131279489648036928884e-06
3669,-3.0116248750478177822131279489648036928884e-06
3670,-3.0116248750478177822131279489648036928884e-06
3671,-3.0116248750478177822131279489648036928884e-06
3672,-3.0116248750478177822131279489648036928884e-06
3673,-3.0116248786096408768448752513169353051126e-06
3674,1.3170739272823151196784388544795103092324e-16
3675,3.1834704179993897386373971666524425895138e-16
3676,-3.0161941772594927481463810553519167001468e-06
3677,-3.0161941765998450881648869359441533788413e-06
3678,-3.0161941765998450881648869359441533788413e-06
3679,-3.0161941765998450881648869359441533788413e-06
3680,-3.0161941765998450881648869359441533788413e-06
3681,-3.0161941765998450881648869359441533788413e-06
3682,-3.0161941765998450881648869359441533788413e-06
3683,-3.0161941765998450881648869359441533788413e-06
3684,-3.0161941765998450881648869359441533788413e-06
3685,-3.0161941765998450881648869359441533788413e-06
3686,-3.0161941765998450881648869359441533788413e-06
3687,-3.0161941765998450881648869359441533788413e-06
3688,-3.0161941765998450881648869359441533788413e-06
3689,-3.0161941765998450881648869359441533788413e-06
3690,-3.0161941765998450881648869359441533788413e-06
3691,-3.0161941765998450881648869359441533788413e-06
3692,-3.0161941750380137422168913552411595446756e-06
3693,-3.0161941772636292335442974310577568530789e-06
3694,-3.0161941793992360392811461627937674734312e-06
3695,-3.0161941733888952275378664974470055426536e-06
3696,-3.0161941803928442264095405311863373754022e-06
3697,-3.0161941719823127388438489815403187321863e-06
3698,-3.0161941765998450881648869359441533788413e-06
3699,-3.0161941765998450881648869359441533788413e-06
3700,-3.0161941765998450881648869359441533788413e-06
3701,-3.0161941765998450881648869359441533788413e-06
3702,-3.0161941765998450881648869359441533788413e-06
3703,-3.0161941765998450881648869359441533788413e-06
3704,-3.0161941765998450881648869359441533788413e-06
3705,-3.0161941765998450881648869359441533788413e-06
3706,-3.0161941765998450881648869359441533788413e-06
3707,-3.0161941765998450881648869359441533788413e-06
3708,-3.0161941765998450881648869359441533788413e-06
3709,-3.0161941765998450881648869359441533788413e-06
3710,-3.0161941765998450881648869359441533788413e-06
3711,-3.0161941765998450881648869359441533788413e-06
3712,-3.0161941765998450881648869359441533788413e-06
3713,-3.0161941765998450881648869359441533788413e-06
3714,-3.0161941750380137422168913552411595446756e-06
3715,-3.0161941756976872367032767308092644498174e-06
3716,-3.0161941744560165571255143379669760861361e-06
3717,-3.0161941727529509375523367187277301582071e-06
3718,-3.0161941796874580578257350749193932415437e-06
3719,-3.0161941789085985573311970986409846773313e-06
3720,-3.0161941779191404081278751747596800214524e-06
3721,-3.0161941765998450881648869359441533788413e-06
3722,-3.0161941765998450881648869359441533788413e-06
3723,-3.0161941765998450881648869359441533788413e-06
3724,-3.0161941765998450881648869359441533788413e-06
3725,-3.0161941765998450881648869359441533788413e-06
3726,-3.0161941765998450881648869359441533788413e-06
3727,-3.0161941765998450881648869359441533788413e-06
3728,-3.0161941765998450881648869359441533788413e-06
3729,-3.0161941746624910024141170972189485155468e-06
3730,-3.0161941799437939445874094779309615432794e-06
3731,-3.0161941756103869389615650120628487229624e-06
3732,-3.0161941719823127388438489815403187321863e-06
3733,-3.0161941765998450881648869359441533788413e-06
3734,-3.0161941765998450881648869359441533788413e-06
3735,-3.0161941765998450881648869359441533788413e-06
3736,-3.0161941765998450881648869359441533788413e-06
3737,-3.0161941765998450881648869359441533788413e-06
3738,-3.0161941765998450881648869359441533788413e-06
3739,-3.0161941765998450881648869359441533788413e-06
3740,-3.0161941765998450881648869359441533788413e-06
3741,-3.0161941765998450881648869359441533788413e-06
3742,-3.0161941765998450881648869359441533788413e-06
3743,-3.0161941765998450881648869359441533788413e-06
3744,-3.0161941765998450881648869359441533788413e-06
3745,-3.0161941765998450881648869359441533788413e-06
3746,-3.0161941746624910024141170972189485155468e-06
3747,-3.0161941799437939445874094779309615432794e-06
3748,-3.0161941756103869389615650120628487229624e-06
3749,-3.0161941719823127388438489815403187321863e-06
3750,-3.0161941765998450881648869359441533788413e-06
3751,-3.0161941765998450881648869359441533788413e-06
3752,-3.0161941773704832868733746731315648048621e-06
3753,-3.0161941796874580578257350749193932415437e-06
3754,-3.0161941798204451951599756182043066132792e-06
3755,-3.0161941809748672460058088046208624177780e-06
3756,-3.0161941744560165571255143379669760861361e-06
3757,-3.0161941719823127388438489815403187321863e-06
3758,-3.0161941765998450881648869359441533788413e-06
3759,-3.0161941765998450881648869359441533788413e-06
3760,-3.0161941765998450881648869359441533788413e-06
3761,-3.0161941765998450881648869359441533788413e-06
3762,-3.0161941765998450881648869359441533788413e-06
3763,-3.0161941765998450881648869359441533788413e-06
3764,-3.0161941765998450881648869359441533788413e-06
3765,-3.0161941765998450881648869359441533788413e-06
3766,-3.0161941765998450881648869359441533788413e-06
3767,-3.0161941765998450881648869359441533788413e-06
3768,-3.0161941765998450881648869359441533788413e-06
3769,-3.0161941765998450881648869359441533788413e-06
3770,-3.0161941765998450881648869359441533788413e-06
3771,-3.0161941765998450881648869359441533788413e-06
3772,-3.0161941765998450881648869359441533788413e-06
3773,-3.0161941765998450881648869359441533788413e-06
3774,-3.0161941765998450881648869359441533788413e-06
3775,-3.0161941765998450881648869359441533788413e-06
3776,-3.0161941765998450881648869359441533788413e-06
3777,-3.0161941765998450881648869359441533788413e-06
3778,-3.0161941765998450881648869359441533788413e-06
3779,-3.0161941765998450881648869359441533788413e-06
3780,-3.0161941765998450881648869359441533788413e-06
3781,-3.0161941765998450881648869359441533788413e-06
3782,-3.0161941765998450881648869359441533788413e-06
3783,-3.0161941765998450881648869359441533788413e-06
3784,-3.0161941765998450881648869359441533788413e-06
3785,-3.0161941750380137422168913552411595446756e-06
3786,-3.0161941756976872367032767308092644498174e-06
3787,-3.0161941744560165571255143379669760861361e-06
3788,-3.0161941719823127388438489815403187321863e-06
3789,-3.0161941765998450881648869359441533788413e-06
3790,-3.0161941765998450881648869359441533788413e-06
3791,-3.0161941765998450881648869359441533788413e-06
3792,-3.0161941765998450881648869359441533788413e-06
3793,-3.0161941765998450881648869359441533788413e-06
3794,-3.0161941765998450881648869359441533788413e-06
3795,-3.0161941765998450881648869359441533788413e-06
3796,-3.0161941765998450881648869359441533788413e-06
3797,-3.0161941765998450881648869359441533788413e-06
3798,-3.0161941765998450881648869359441533788413e-06
3799,-3.0161941765998450881648869359441533788413e-06
3800,-3.0161941765998450881648869359441533788413e-06
3801,-3.0161941765998450881648869359441533788413e-06
3802,-3.0161941765998450881648869359441533788413e-06
3803,-3.0161941765998450881648869359441533788413e-06
3804,-3.0161941765998450881648869359441533788413e-06
3805,-3.0161941765998450881648869359441533788413e-06
3806,-3.0161941765998450881648869359441533788413e-06
3807,-3.0161941765998450881648869359441533788413e-06
3808,-3.0161941765998450881648869359441533788413e-06
3809,-3.0161941765998450881648869359441533788413e-06
3810,-3.0161941765998450881648869359441533788413e-06
3811,-3.0161941765998450881648869359441533788413e-06
3812,-3.0161941765998450881648869359441533788413e-06
3813,-3.0161941765998450881648869359441533788413e-06
3814,-3.0161941765998450881648869359441533788413e-06
3815,-3.0161941765998450881648869359441533788413e-06
3816,-3.0161941765998450881648869359441533788413e-06
3817,-3.0161941765998450881648869359441533788413e-06
3818,-3.0161941750380137422168913552411595446756e-06
3819,-3.0161941756976872367032767308092644498174e-06
3820,-3.0161941744560165571255143379669760861361e-06
3821,-3.0161941719823127388438489815403187321863e-06
3822,-3.0161941765998450881648869359441533788413e-06
3823,-3.0161941765998450881648869359441533788413e-06
3824,-3.0161941765998450881648869359441533788413e-06
3825,-3.0161941765998450881648869359441533788413e-06
3826,-3.0161941765998450881648869359441533788413e-06
3827,-3.0161941765998450881648869359441533788413e-06
3828,-3.0161941765998450881648869359441533788413e-06
3829,-3.0161941765998450881648869359441533788413e-06
3830,-3.0161941776587188579451196540626156661347e-06
3831,-3.0161941763476190052632903981777445778789e-06
3832,-3.0161941794033212791857536533290939928520e-06
3833,-3.0161941765998450881648869359441533788413e-06
3834,-3.0161941779452468105951999655101047892458e-06
3835,-3.0161941797593296504332097129896794740489e-06
3836,-3.0161941736314841930820772331056645043645e-06
3837,-3.0161941765998450881648869359441533788413e-06
3838,-3.0161941765998450881648869359441533788413e-06
3839,-3.0161941765998450881648869359441533788413e-06
3840,-3.0161941765998450881648869359441533788413e-06
3841,-3.0161941765998450881648869359441533788413e-06
3842,-3.0161941765998450881648869359441533788413e-06
3843,-3.0161941765998450881648869359441533788413e-06
3844,-3.0161941765998450881648869359441533788413e-06
3845,-3.0161941765998450881648869359441533788413e-06
3846,-3.0161941765998450881648869359441533788413e-06
3847,-3.0161941765998450881648869359441533788413e-06
3848,-3.0161941765998450881648869359441533788413e-06
3849,-3.0161941765998450881648869359441533788413e-06
3850,-3.0161941765998450881648869359441533788413e-06
3851,-3.0161941765998450881648869359441533788413e-06
3852,-3.0161941765998450881648869359441533788413e-06
3853,-3.0161941765998450881648869359441533788413e-06
3854,-3.0161941765998450881648869359441533788413e-06
3855,-3.0161941765998450881648869359441533788413e-06
3856,-3.0161941765998450881648869359441533788413e-06
3857,-3.0161941765998450881648869359441533788413e-06
3858,-3.0161941765998450881648869359441533788413e-06
3859,-3.0161941765998450881648869359441533788413e-06
3860,-3.0161941765998450881648869359441533788413e-06
3861,-3.0161941765998450881648869359441533788413e-06
3862,-3.0161941765998450881648869359441533788413e-06
3863,-3.0161941765998450881648869359441533788413e-06
3864,-3.0161941765998450881648869359441533788413e-06
3865,-3.0161941765998450881648869359441533788413e-06
3866,-3.0161941765998450881648869359441533788413e-06
3867,-3.0161941765998450881648869359441533788413e-06
3868,-3.0161941765998450881648869359441533788413e-06
3869,-3.0161941765998450881648869359441533788413e-06
3870,-3.0161941765998450881648869359441533788413e-06
3871,-3.0161941765998450881648869359441533788413e-06
3872,-3.0161941765998450881648869359441533788413e-06
3873,-3.0161941765998450881648869359441533788413e-06
3874,-3.0161941765998450881648869359441533788413e-06
3875,-3.0161941765998450881648869359441533788413e-06
3876,-3.0161941765998450881648869359441533788413e-06
3877,-3.0161941765998450881648869359441533788413e-06
3878,-3.0161941765998450881648869359441533788413e-06
3879,-3.0161941765998450881648869359441533788413e-06
3880,-3.0161941765998450881648869359441533788413e-06
3881,-3.0161941765998450881648869359441533788413e-06
3882,-3.0161941765998450881648869359441533788413e-06
3883,-3.0161941765998450881648869359441533788413e-06
3884,-3.0161941765998450881648869359441533788413e-06
3885,-3.0161941765998450881648869359441533788413e-06
3886,-3.0161941765998450881648869359441533788413e-06
3887,-3.0161941765998450881648869359441533788413e-06
3888,-3.0161941765998450881648869359441533788413e-06
3889,-3.0161941765998450881648869359441533788413e-06
3890,-3.0161941765998450881648869359441533788413e-06
3891,-3.0161941765998450881648869359441533788413e-06
3892,-3.0161941765998450881648869359441533788413e-06
3893,-3.0161941765998450881648869359441533788413e-06
3894,-3.0161941765998450881648869359441533788413e-06
3895,-3.0161941765998450881648869359441533788413e-06
3896,-3.0161941765998450881648869359441533788413e-06
3897,-3.0161941779452468105951999655101047892458e-06
3898,-3.0161941797593296504332097129896794740489e-06
3899,-3.0161941736314841930820772331056645043645e-06
3900,-3.0161941765998450881648869359441533788413e-06
3901,-3.0161941765998450881648869359441533788413e-06
3902,-3.0161941765998450881648869359441533788413e-06
3903,-3.0161941765998450881648869359441533788413e-06
3904,-3.0161941765998450881648869359441533788413e-06
3905,-3.0161941765998450881648869359441533788413e-06
3906,-3.0161941765998450881648869359441533788413e-06
3907,-3.0161941765998450881648869359441533788413e-06
3908,-3.0161941765998450881648869359441533788413e-06
3909,-3.0161941765998450881648869359441533788413e-06
3910,-3.0161941765998450881648869359441533788413e-06
3911,-3.0161941765998450881648869359441533788413e-06
3912,-3.0161941765998450881648869359441533788413e-06
3913,-3.0161941765998450881648869359441533788413e-06
3914,-3.0161941765998450881648869359441533788413e-06
3915,-3.0161941765998450881648869359441533788413e-06
3916,-3.0161941765998450881648869359441533788413e-06
3917,-3.0161941765998450881648869359441533788413e-06
3918,-3.0161941775778394934600691590365073579960e-06
3919,-6.7286770811977255853416227254766959803564e-16
3920,3.4130046266518250350323464515195937272655e-16
3921,5.9401502498936283036545802360706147737801e-02
3922,5.9401502498933313189954930066960514523089e-02
3923,5.9401502498933313189954930066960514523089e-02
3924,5.9401502498933313189954930066960514523089e-02
3925,5.9401502498933313189954930066960514523089e-02
3926,5.9401502498933313189954930066960514523089e-02
3927,5.9401502498933313189954930066960514523089e-02
3928,5.9401502498933313189954930066960514523089e-02
3929,5.9401502498933313189954930066960514523089e-02
3930,5.9401502498933313189954930066960514523089e-02
3931,5.9401502498933313189954930066960514523089e-02
3932,5.9401502498933313189954930066960514523089e-02
3933,5.9401502498933313189954930066960514523089e-02
3934,5.9401502498933313189954930066960514523089e-02
3935,5.9401502498933313189954930066960514523089e-02
3936,5.9401502498933313189954930066960514523089e-02
3937,5.9401502498934388718510035687359049916267e-02
3938,5.9401502498937629181963160363011411391199e-02
3939,5.9401502498935117302369945946338702924550e-02
3940,5.9401502498932418072641326034499797970057e-02
3941,5.9401502498932008677900995508025516755879e-02
3942,5.9401502498930350282257961680443258956075e-02
3943,5.9401502498933313189954930066960514523089e-02
3944,5.9401502498933313189954930066960514523089e-02
3945,5.9401502498933313189954930066960514523089e-02
3946,5.9401502498933313189954930066960514523089e-02
3947,5.9401502498933313189954930066960514523089e-02
3948,5.9401502498933313189954930066960514523089e-02
3949,5.9401502498933313189954930066960514523089e-02
3950,5.9401502498933313189954930066960514523089e-02
3951,5.9401502498933313189954930066960514523089e-02
3952,5.9401502498933313189954930066960514523089e-02
3953,5.9401502498933313189954930066960514523089e-02
3954,5.9401502498933313189954930066960514523089e-02
3955,5.9401502498933313189954930066960514523089e-02
3956,5.9401502498933313189954930066960514523089e-02
3957,5.9401502498933313189954930066960514523089e-02
3958,5.9401502498933313189954930066960514523089e-02
3959,5.9401502498934388718510035687359049916267e-02
3960,5.9401502498936394058848264876360190100968e-02
3961,5.9401502498930364160045769494900014251471e-02
3962,5.9401502498930294771106730422616237774491e-02
3963,5.9401502498936470386681207855872344225645e-02
3964,5.9401502498933722584695260593434795737267e-02
3965,5.9401502498933972384875801253656391054392e-02
3966,5.9401502498933313189954930066960514523089e-02
3967,5.9401502498933313189954930066960514523089e-02
3968,5.9401502498933313189954930066960514523089e-02
3969,5.9401502498933313189954930066960514523089e-02
3970,5.9401502498933313189954930066960514523089e-02
3971,5.9401502498933313189954930066960514523089e-02
3972,5.9401502498933313189954930066960514523089e-02
3973,5.9401502498933313189954930066960514523089e-02
3974,5.9401502498930884577088562537028337828815e-02
3975,5.9401502498938725527199977705095079727471e-02
3976,5.9401502498929115159143066193792037665844e-02
3977,5.9401502498929684148443186586519004777074e-02
3978,5.9401502498933313189954930066960514523089e-02
3979,5.9401502498933313189954930066960514523089e-02
3980,5.9401502498933313189954930066960514523089e-02
3981,5.9401502498933313189954930066960514523089e-02
3982,5.9401502498933313189954930066960514523089e-02
3983,5.9401502498933313189954930066960514523089e-02
3984,5.9401502498933313189954930066960514523089e-02
3985,5.9401502498933313189954930066960514523089e-02
3986,5.9401502498933313189954930066960514523089e-02
3987,5.9401502498933313189954930066960514523089e-02
3988,5.9401502498933313189954930066960514523089e-02
3989,5.9401502498933313189954930066960514523089e-02
3990,5.9401502498933313189954930066960514523089e-02
3991,5.9401502498930884577088562537028337828815e-02
3992,5.9401502498938725527199977705095079727471e-02
3993,5.9401502498929115159143066193792037665844e-02
3994,5.9401502498929684148443186586519004777074e-02
3995,5.9401502498933313189954930066960514523089e-02
3996,5.9401502498933313189954930066960514523089e-02
3997,5.9401502498933264617697602716361870989203e-02
3998,5.9401502498936470386681207855872344225645e-02
3999,5.9401502498934957707810156080086017027497e-02
4000,5.9401502498930454365666520288868923671544e-02
4001,5.9401502498930364160045769494900014251471e-02
4002,5.9401502498930350282257961680443258956075e-02
4003,5.9401502498933313189954930066960514523089e-02
4004,5.9401502498933313189954930066960514523089e-02
4005,5.9401502498933313189954930066960514523089e-02
4006,5.9401502498933313189954930066960514523089e-02
4007,5.9401502498933313189954930066960514523089e-02
4008,5.9401502498933313189954930066960514523089e-02
4009,5.9401502498933313189954930066960514523089e-02
4010,5.9401502498933313189954930066960514523089e-02
4011,5.9401502498933313189954930066960514523089e-02
4012,5.9401502498933313189954930066960514523089e-02
4013,5.9401502498933313189954930066960514523089e-02
4014,5.9401502498933313189954930066960514523089e-02
4015,5.9401502498933313189954930066960514523089e-02
4016,5.9401502498933313189954930066960514523089e-02
4017,5.9401502498933313189954930066960514523089e-02
4018,5.9401502498933313189954930066960514523089e-02
4019,5.9401502498933313189954930066960514523089e-02
4020,5.9401502498933313189954930066960514523089e-02
4021,5.9401502498933313189954930066960514523089e-02
4022,5.9401502498933313189954930066960514523089e-02
4023,5.9401502498933313189954930066960514523089e-02
4024,5.9401502498933313189954930066960514523089e-02
4025,5.9401502498933313189954930066960514523089e-02
4026,5.9401502498933313189954930066960514523089e-02
4027,5.9401502498933313189954930066960514523089e-02
4028,5.9401502498933313189954930066960514523089e-02
4029,5.9401502498933313189954930066960514523089e-02
4030,5.9401502498934388718510035687359049916267e-02
4031,5.9401502498936394058848264876360190100968e-02
4032,5.9401502498930364160045769494900014251471e-02
4033,5.9401502498930350282257961680443258956075e-02
4034,5.9401502498933313189954930066960514523089e-02
4035,5.9401502498933313189954930066960514523089e-02
4036,5.9401502498933313189954930066960514523089e-02
4037,5.9401502498933313189954930066960514523089e-02
4038,5.9401502498933313189954930066960514523089e-02
4039,5.9401502498933313189954930066960514523089e-02
4040,5.9401502498933313189954930066960514523089e-02
4041,5.9401502498933313189954930066960514523089e-02
4042,5.9401502498933313189954930066960514523089e-02
4043,5.9401502498933313189954930066960514523089e-02
4044,5.9401502498933313189954930066960514523089e-02
4045,5.9401502498933313189954930066960514523089e-02
4046,5.9401502498933313189954930066960514523089e-02
4047,5.9401502498933313189954930066960514523089e-02
4048,5.9401502498933313189954930066960514523089e-02
4049,5.9401502498933313189954930066960514523089e-02
4050,5.9401502498933313189954930066960514523089e-02
4051,5.9401502498933313189954930066960514523089e-02
4052,5.9401502498933313189954930066960514523089e-02
4053,5.9401502498933313189954930066960514523089e-02
4054,5.9401502498933313189954930066960514523089e-02
4055,5.9401502498933313189954930066960514523089e-02
4056,5.9401502498933313189954930066960514523089e-02
4057,5.9401502498933313189954930066960514523089e-02
4058,5.9401502498933313189954930066960514523089e-02
4059,5.9401502498933313189954930066960514523089e-02
4060,5.9401502498933313189954930066960514523089e-02
4061,5.9401502498933313189954930066960514523089e-02
4062,5.9401502498933313189954930066960514523089e-02
4063,5.9401502498934388718510035687359049916267e-02
4064,5.9401502498936394058848264876360190100968e-02
4065,5.9401502498930364160045769494900014251471e-02
4066,5.9401502498930350282257961680443258956075e-02
4067,5.9401502498933313189954930066960514523089e-02
4068,5.9401502498933313189954930066960514523089e-02
4069,5.9401502498933313189954930066960514523089e-02
4070,5.9401502498933313189954930066960514523089e-02
4071,5.9401502498933313189954930066960514523089e-02
4072,5.9401502498933313189954930066960514523089e-02
4073,5.9401502498933313189954930066960514523089e-02
4074,5.9401502498933313189954930066960514523089e-02
4075,5.9401502498932889917426791726029478013515e-02
4076,5.9401502498938982266274422272545052692294e-02
4077,5.9401502498930003337562766319024376571178e-02
4078,5.9401502498933972384875801253656391054392e-02
4079,5.9401502498932182150248593188734957948327e-02
4080,5.9401502498937330809525292352191172540188e-02
4081,5.9401502498933674012437933242836152203381e-02
4082,5.9401502498936616103453189907668274827302e-02
4083,5.9401502498933313189954930066960514523089e-02
4084,5.9401502498933313189954930066960514523089e-02
4085,5.9401502498933313189954930066960514523089e-02
4086,5.9401502498933313189954930066960514523089e-02
4087,5.9401502498933313189954930066960514523089e-02
4088,5.9401502498933313189954930066960514523089e-02
4089,5.9401502498933313189954930066960514523089e-02
4090,5.9401502498933313189954930066960514523089e-02
4091,5.9401502498933313189954930066960514523089e-02
4092,5.9401502498933313189954930066960514523089e-02
4093,5.9401502498933313189954930066960514523089e-02
4094,5.9401502498933313189954930066960514523089e-02
4095,5.9401502498933313189954930066960514523089e-02
4096,5.9401502498933313189954930066960514523089e-02
4097,5.9401502498933313189954930066960514523089e-02
4098,5.9401502498933313189954930066960514523089e-02
4099,5.9401502498933313189954930066960514523089e-02
4100,5.9401502498933313189954930066960514523089e-02
4101,5.9401502498933313189954930066960514523089e-02
4102,5.9401502498933313189954930066960514523089e-02
4103,5.9401502498933313189954930066960514523089e-02
4104,5.9401502498933313189954930066960514523089e-02
4105,5.9401502498933313189954930066960514523089e-02
4106,5.9401502498933313189954930066960514523089e-02
4107,5.9401502498933313189954930066960514523089e-02
4108,5.9401502498933313189954930066960514523089e-02
4109,5.9401502498933313189954930066960514523089e-02
4110,5.9401502498933313189954930066960514523089e-02
4111,5.9401502498933313189954930066960514523089e-02
4112,5.9401502498933313189954930066960514523089e-02
4113,5.9401502498933313189954930066960514523089e-02
4114,5.9401502498933313189954930066960514523089e-02
4115,5.9401502498933313189954930066960514523089e-02
4116,5.9401502498933313189954930066960514523089e-02
4117,5.9401502498933313189954930066960514523089e-02
4118,5.9401502498933313189954930066960514523089e-02
4119,5.9401502498933313189954930066960514523089e-02
4120,5.9401502498933313189954930066960514523089e-02
4121,5.9401502498933313189954930066960514523089e-02
4122,5.9401502498933313189954930066960514523089e-02
4123,5.9401502498933313189954930066960514523089e-02
4124,5.9401502498933313189954930066960514523089e-02
4125,5.9401502498933313189954930066960514523089e-02
4126,5.9401502498933313189954930066960514523089e-02
4127,5.9401502498933313189954930066960514523089e-02
4128,5.9401502498933313189954930066960514523089e-02
4129,5.9401502498933313189954930066960514523089e-02
4130,5.9401502498933313189954930066960514523089e-02
4131,5.9401502498933313189954930066960514523089e-02
4132,5.9401502498933313189954930066960514523089e-02
4133,5.9401502498933313189954930066960514523089e-02
4134,5.9401502498933313189954930066960514523089e-02
4135,5.9401502498933313189954930066960514523089e-02
4136,5.9401502498933313189954930066960514523089e-02
4137,5.9401502498933313189954930066960514523089e-02
4138,5.9401502498933313189954930066960514523089e-02
4139,5.9401502498933313189954930066960514523089e-02
4140,5.9401502498933313189954930066960514523089e-02
4141,5.9401502498933313189954930066960514523089e-02
4142,5.9401502498932182150248593188734957948327e-02
4143,5.9401502498937330809525292352191172540188e-02
4144,5.9401502498933674012437933242836152203381e-02
4145,5.9401502498936616103453189907668274827302e-02
4146,5.9401502498933313189954930066960514523089e-02
4147,5.9401502498933313189954930066960514523089e-02
4148,5.9401502498933313189954930066960514523089e-02
4149,5.9401502498933313189954930066960514523089e-02
4150,5.9401502498933313189954930066960514523089e-02
4151,5.9401502498933313189954930066960514523089e-02
4152,5.9401502498933313189954930066960514523089e-02
4153,5.9401502498933313189954930066960514523089e-02
4154,5.9401502498933313189954930066960514523089e-02
4155,5.9401502498933313189954930066960514523089e-02
4156,5.9401502498933313189954930066960514523089e-02
4157,5.9401502498933313189954930066960514523089e-02
4158,5.9401502498933313189954930066960514523089e-02
4159,5.9401502498933313189954930066960514523089e-02
4160,5.9401502498933313189954930066960514523089e-02
4161,5.9401502498933313189954930066960514523089e-02
4162,5.9401502498933313189954930066960514523089e-02
4163,5.9401502498931481321964298558668815530837e-02
4164,-3.1834704179993877664851341141229290601924e-16
4165,0.0000000000000000000000000000000000000000e+00
4166,-1.1876091674162478351028937595401657745242e-01
4167,-1.1876091674162378430956721331313019618392e-01
4168,-1.1876091674162378430956721331313019618392e-01
4169,-1.1876091674162378430956721331313019618392e-01
4170,-1.1876091674162378430956721331313019618392e-01
4171,-1.1876091674162378430956721331313019618392e-01
4172,-1.1876091674162378430956721331313019618392e-01
4173,-1.1876091674162378430956721331313019618392e-01
4174,-1.1876091674162378430956721331313019618392e-01
4175,-1.1876091674162378430956721331313019618392e-01
4176,-1.1876091674162378430956721331313019618392e-01
4177,-1.1876091674162378430956721331313019618392e-01
4178,-1.1876091674162378430956721331313019618392e-01
4179,-1.1876091674162378430956721331313019618392e-01
4180,-1.1876091674162378430956721331313019618392e-01
4181,-1.1876091674162378430956721331313019618392e-01
4182,-1.1876091674162378430956721331313019618392e-01
4183,-1.1876091674162232714184739279517089016736e-01
4184,-1.1876091674162246591972547093973844312131e-01
4185,-1.1876091674162213285281808339277631603181e-01
4186,-1.1876091674162465861019910562390577979386e-01
4187,-1.1876091674162345124265982576616806909442e-01
4188,-1.1876091674162378430956721331313019618392e-01
4189,-1.1876091674162378430956721331313019618392e-01
4190,-1.1876091674162378430956721331313019618392e-01
4191,-1.1876091674162378430956721331313019618392e-01
4192,-1.1876091674162378430956721331313019618392e-01
4193,-1.1876091674162378430956721331313019618392e-01
4194,-1.1876091674162378430956721331313019618392e-01
4195,-1.1876091674162378430956721331313019618392e-01
4196,-1.1876091674162378430956721331313019618392e-01
4197,-1.1876091674162378430956721331313019618392e-01
4198,-1.1876091674162378430956721331313019618392e-01
4199,-1.1876091674162378430956721331313019618392e-01
4200,-1.1876091674162378430956721331313019618392e-01
4201,-1.1876091674162378430956721331313019618392e-01
4202,-1.1876091674162378430956721331313019618392e-01
4203,-1.1876091674162378430956721331313019618392e-01
4204,-1.1876091674162378430956721331313019618392e-01
4205,-1.1876091674162232714184739279517089016736e-01
4206,-1.1876091674162037037376649095676839351654e-01
4207,-1.1876091674162345124265982576616806909442e-01
4208,-1.1876091674162138345227646141211153008044e-01
4209,-1.1876091674162567168870907607924891635776e-01
4210,-1.1876091674162279898663285848670057021081e-01
4211,-1.1876091674162378430956721331313019618392e-01
4212,-1.1876091674162378430956721331313019618392e-01
4213,-1.1876091674162378430956721331313019618392e-01
4214,-1.1876091674162378430956721331313019618392e-01
4215,-1.1876091674162378430956721331313019618392e-01
4216,-1.1876091674162378430956721331313019618392e-01
4217,-1.1876091674162378430956721331313019618392e-01
4218,-1.1876091674162378430956721331313019618392e-01
4219,-1.1876091674162378430956721331313019618392e-01
4220,-1.1876091674162488065480403065521386452019e-01
4221,-1.1876091674162291000893532100235461257398e-01
4222,-1.1876091674162478351028937595401657745242e-01
4223,-1.1876091674162378430956721331313019618392e-01
4224,-1.1876091674162378430956721331313019618392e-01
4225,-1.1876091674162378430956721331313019618392e-01
4226,-1.1876091674162378430956721331313019618392e-01
4227,-1.1876091674162378430956721331313019618392e-01
4228,-1.1876091674162378430956721331313019618392e-01
4229,-1.1876091674162378430956721331313019618392e-01
4230,-1.1876091674162378430956721331313019618392e-01
4231,-1.1876091674162378430956721331313019618392e-01
4232,-1.1876091674162378430956721331313019618392e-01
4233,-1.1876091674162378430956721331313019618392e-01
4234,-1.1876091674162378430956721331313019618392e-01
4235,-1.1876091674162378430956721331313019618392e-01
4236,-1.1876091674162378430956721331313019618392e-01
4237,-1.1876091674162488065480403065521386452019e-01
4238,-1.1876091674162291000893532100235461257398e-01
4239,-1.1876091674162478351028937595401657745242e-01
4240,-1.1876091674162378430956721331313019618392e-01
4241,-1.1876091674162378430956721331313019618392e-01
4242,-1.1876091674162378430956721331313019618392e-01
4243,-1.1876091674162138345227646141211153008044e-01
4244,-1.1876091674162567168870907607924891635776e-01
4245,-1.1876091674162496392153087754195439629257e-01
4246,-1.1876091674162037037376649095676839351654e-01
4247,-1.1876091674162345124265982576616806909442e-01
4248,-1.1876091674162378430956721331313019618392e-01
4249,-1.1876091674162378430956721331313019618392e-01
4250,-1.1876091674162378430956721331313019618392e-01
4251,-1.1876091674162378430956721331313019618392e-01
4252,-1.1876091674162378430956721331313019618392e-01
4253,-1.1876091674162378430956721331313019618392e-01
4254,-1.1876091674162378430956721331313019618392e-01
4255,-1.1876091674162378430956721331313019618392e-01
4256,-1.1876091674162378430956721331313019618392e-01
4257,-1.1876091674162378430956721331313019618392e-01
4258,-1.1876091674162378430956721331313019618392e-01
4259,-1.1876091674162378430956721331313019618392e-01
4260,-1.1876091674162378430956721331313019618392e-01
4261,-1.1876091674162378430956721331313019618392e-01
4262,-1.1876091674162378430956721331313019618392e-01
4263,-1.1876091674162378430956721331313019618392e-01
4264,-1.1876091674162378430956721331313019618392e-01
4265,-1.1876091674162378430956721331313019618392e-01
4266,-1.1876091674162378430956721331313019618392e-01
4267,-1.1876091674162378430956721331313019618392e-01
4268,-1.1876091674162378430956721331313019618392e-01
4269,-1.1876091674162378430956721331313019618392e-01
4270,-1.1876091674162378430956721331313019618392e-01
4271,-1.1876091674162378430956721331313019618392e-01
4272,-1.1876091674162378430956721331313019618392e-01
4273,-1.1876091674162378430956721331313019618392e-01
4274,-1.1876091674162378430956721331313019618392e-01
4275,-1.1876091674162378430956721331313019618392e-01
4276,-1.1876091674162232714184739279517089016736e-01
4277,-1.1876091674162037037376649095676839351654e-01
4278,-1.1876091674162345124265982576616806909442e-01
4279,-1.1876091674162378430956721331313019618392e-01
4280,-1.1876091674162378430956721331313019618392e-01
4281,-1.1876091674162378430956721331313019618392e-01
4282,-1.1876091674162378430956721331313019618392e-01
4283,-1.1876091674162378430956721331313019618392e-01
4284,-1.1876091674162378430956721331313019618392e-01
4285,-1.1876091674162378430956721331313019618392e-01
4286,-1.1876091674162378430956721331313019618392e-01
4287,-1.1876091674162378430956721331313019618392e-01
4288,-1.1876091674162378430956721331313019618392e-01
4289,-1.1876091674162378430956721331313019618392e-01
4290,-1.1876091674162378430956721331313019618392e-01
4291,-1.1876091674162378430956721331313019618392e-01
4292,-1.1876091674162378430956721331313019618392e-01
4293,-1.1876091674162378430956721331313019618392e-01
4294,-1.1876091674162378430956721331313019618392e-01
4295,-1.1876091674162378430956721331313019618392e-01
4296,-1.1876091674162378430956721331313019618392e-01
4297,-1.1876091674162378430956721331313019618392e-01
4298,-1.1876091674162378430956721331313019618392e-01
4299,-1.1876091674162378430956721331313019618392e-01
4300,-1.1876091674162378430956721331313019618392e-01
4301,-1.1876091674162378430956721331313019618392e-01
4302,-1.1876091674162378430956721331313019618392e-01
4303,-1.1876091674162378430956721331313019618392e-01
4304,-1.1876091674162378430956721331313019618392e-01
4305,-1.1876091674162378430956721331313019618392e-01
4306,-1.1876091674162378430956721331313019618392e-01
4307,-1.1876091674162378430956721331313019618392e-01
4308,-1.1876091674162378430956721331313019618392e-01
4309,-1.1876091674162232714184739279517089016736e-01
4310,-1.1876091674162037037376649095676839351654e-01
4311,-1.1876091674162345124265982576616806909442e-01
4312,-1.1876091674162378430956721331313019618392e-01
4313,-1.1876091674162378430956721331313019618392e-01
4314,-1.1876091674162378430956721331313019618392e-01
4315,-1.1876091674162378430956721331313019618392e-01
4316,-1.1876091674162378430956721331313019618392e-01
4317,-1.1876091674162378430956721331313019618392e-01
4318,-1.1876091674162378430956721331313019618392e-01
4319,-1.1876091674162378430956721331313019618392e-01
4320,-1.1876091674162378430956721331313019618392e-01
4321,-1.1876091674162295164229874444572487846017e-01
4322,-1.1876091674162327083141832417823025025427e-01
4323,-1.1876091674162445044338198840705445036292e-01
4324,-1.1876091674162378430956721331313019618392e-01
4325,-1.1876091674162345124265982576616806909442e-01
4326,-1.1876091674162314593132805384811945259571e-01
4327,-1.1876091674162411737647460086009232327342e-01
4328,-1.1876091674162378430956721331313019618392e-01
4329,-1.1876091674162378430956721331313019618392e-01
4330,-1.1876091674162378430956721331313019618392e-01
4331,-1.1876091674162378430956721331313019618392e-01
4332,-1.1876091674162378430956721331313019618392e-01
4333,-1.1876091674162378430956721331313019618392e-01
4334,-1.1876091674162378430956721331313019618392e-01
4335,-1.1876091674162378430956721331313019618392e-01
4336,-1.1876091674162378430956721331313019618392e-01
4337,-1.1876091674162378430956721331313019618392e-01
4338,-1.1876091674162378430956721331313019618392e-01
4339,-1.1876091674162378430956721331313019618392e-01
4340,-1.1876091674162378430956721331313019618392e-01
4341,-1.1876091674162378430956721331313019618392e-01
4342,-1.1876091674162378430956721331313019618392e-01
4343,-1.1876091674162378430956721331313019618392e-01
4344,-1.1876091674162378430956721331313019618392e-01
4345,-1.1876091674162378430956721331313019618392e-01
4346,-1.1876091674162378430956721331313019618392e-01
4347,-1.1876091674162378430956721331313019618392e-01
4348,-1.1876091674162378430956721331313019618392e-01
4349,-1.1876091674162378430956721331313019618392e-01
4350,-1.1876091674162378430956721331313019618392e-01
4351,-1.1876091674162378430956721331313019618392e-01
4352,-1.1876091674162378430956721331313019618392e-01
4353,-1.1876091674162378430956721331313019618392e-01
4354,-1.1876091674162378430956721331313019618392e-01
4355,-1.1876091674162378430956721331313019618392e-01
4356,-1.1876091674162378430956721331313019618392e-01
4357,-1.1876091674162378430956721331313019618392e-01
4358,-1.1876091674162378430956721331313019618392e-01
4359,-1.1876091674162378430956721331313019618392e-01
4360,-1.1876091674162378430956721331313019618392e-01
4361,-1.1876091674162378430956721331313019618392e-01
4362,-1.1876091674162378430956721331313019618392e-01
4363,-1.1876091674162378430956721331313019618392e-01
4364,-1.1876091674162378430956721331313019618392e-01
4365,-1.1876091674162378430956721331313019618392e-01
4366,-1.1876091674162378430956721331313019618392e-01
4367,-1.1876091674162378430956721331313019618392e-01
4368,-1.1876091674162378430956721331313019618392e-01
4369,-1.1876091674162378430956721331313019618392e-01
4370,-1.1876091674162378430956721331313019618392e-01
4371,-1.1876091674162378430956721331313019618392e-01
4372,-1.1876091674162378430956721331313019618392e-01
4373,-1.1876091674162378430956721331313019618392e-01
4374,-1.1876091674162378430956721331313019618392e-01
4375,-1.1876091674162378430956721331313019618392e-01
4376,-1.1876091674162378430956721331313019618392e-01
4377,-1.1876091674162378430956721331313019618392e-01
4378,-1.1876091674162378430956721331313019618392e-01
4379,-1.1876091674162378430956721331313019618392e-01
4380,-1.1876091674162378430956721331313019618392e-01
4381,-1.1876091674162378430956721331313019618392e-01
4382,-1.1876091674162378430956721331313019618392e-01
4383,-1.1876091674162378430956721331313019618392e-01
4384,-1.1876091674162378430956721331313019618392e-01
4385,-1.1876091674162378430956721331313019618392e-01
4386,-1.1876091674162378430956721331313019618392e-01
4387,-1.1876091674162378430956721331313019618392e-01
4388,-1.1876091674162345124265982576616806909442e-01
4389,-1.1876091674162314593132805384811945259571e-01
4390,-1.1876091674162411737647460086009232327342e-01
4391,-1.1876091674162378430956721331313019618392e-01
4392,-1.1876091674162378430956721331313019618392e-01
4393,-1.1876091674162378430956721331313019618392e-01
4394,-1.1876091674162378430956721331313019618392e-01
4395,-1.1876091674162378430956721331313019618392e-01
4396,-1.1876091674162378430956721331313019618392e-01
4397,-1.1876091674162378430956721331313019618392e-01
4398,-1.1876091674162378430956721331313019618392e-01
4399,-1.1876091674162378430956721331313019618392e-01
4400,-1.1876091674162378430956721331313019618392e-01
4401,-1.1876091674162378430956721331313019618392e-01
4402,-1.1876091674162378430956721331313019618392e-01
4403,-1.1876091674162378430956721331313019618392e-01
4404,-1.1876091674162378430956721331313019618392e-01
4405,-1.1876091674162378430956721331313019618392e-01
4406,-1.1876091674162378430956721331313019618392e-01
4407,-1.1876091674162378430956721331313019618392e-01
4408,-1.1876091674162378430956721331313019618392e-01
4409,6.3669408359989480962932853245782919360085e-16
