v -3.489949670250108 -50.0 99.93908270190957
v -3.489949670250108 -49.59016393442623 99.93908270190957
v -3.489949670250108 -49.18032786885246 99.93908270190957
v -3.489949670250108 -48.77049180327869 99.93908270190957
v -3.489949670250108 -48.36065573770492 99.93908270190957
v -3.489949670250108 -47.950819672131146 99.93908270190957
v -3.489949670250108 -47.540983606557376 99.93908270190957
v -3.489949670250108 -47.131147540983605 99.93908270190957
v -3.489949670250108 -46.721311475409834 99.93908270190957
v -3.489949670250108 -46.31147540983606 99.93908270190957
v -3.489949670250108 -45.90163934426229 99.93908270190957
v -3.489949670250108 -45.49180327868852 99.93908270190957
v -3.489949670250108 -45.08196721311475 99.93908270190957
v -3.489949670250108 -44.67213114754098 99.93908270190957
v -3.489949670250108 -44.26229508196721 99.93908270190957
v -3.489949670250108 -43.85245901639344 99.93908270190957
v -3.489949670250108 -43.44262295081967 99.93908270190957
v -3.489949670250108 -43.0327868852459 99.93908270190957
v -3.489949670250108 -42.62295081967213 99.93908270190957
v -3.489949670250108 -42.21311475409836 99.93908270190957
v -3.489949670250108 -41.803278688524586 99.93908270190957
v -3.489949670250108 -41.39344262295082 99.93908270190957
v -3.489949670250108 -40.98360655737705 99.93908270190957
v -3.489949670250108 -40.57377049180328 99.93908270190957
v -3.489949670250108 -40.16393442622951 99.93908270190957
v -3.489949670250108 -39.75409836065574 99.93908270190957
v -3.489949670250108 -39.34426229508197 99.93908270190957
v -3.489949670250108 -38.9344262295082 99.93908270190957
v -3.489949670250108 -38.52459016393443 99.93908270190957
v -3.489949670250108 -38.114754098360656 99.93908270190957
v -3.489949670250108 -37.704918032786885 99.93908270190957
v -3.489949670250108 -37.295081967213115 99.93908270190957
v -3.489949670250108 -36.885245901639344 99.93908270190957
v -3.489949670250108 -36.47540983606557 99.93908270190957
v -3.489949670250108 -36.0655737704918 99.93908270190957
v -3.489949670250108 -35.65573770491803 99.93908270190957
v -3.489949670250108 -35.24590163934426 99.93908270190957
v -3.489949670250108 -34.83606557377049 99.93908270190957
v -3.489949670250108 -34.42622950819672 99.93908270190957
v -3.489949670250108 -34.01639344262295 99.93908270190957
v -3.489949670250108 -33.60655737704918 99.93908270190957
v -3.489949670250108 -33.196721311475414 99.93908270190957
v -3.489949670250108 -32.786885245901644 99.93908270190957
v -3.489949670250108 -32.37704918032787 99.93908270190957
v -3.489949670250108 -31.9672131147541 99.93908270190957
v -3.489949670250108 -31.557377049180328 99.93908270190957
v -3.489949670250108 -31.147540983606557 99.93908270190957
v -3.489949670250108 -30.737704918032787 99.93908270190957
v -3.489949670250108 -30.327868852459016 99.93908270190957
v -3.489949670250108 -29.918032786885245 99.93908270190957
v -3.489949670250108 -29.508196721311474 99.93908270190957
v -3.489949670250108 -29.098360655737704 99.93908270190957
v -3.489949670250108 -28.688524590163933 99.93908270190957
v -3.489949670250108 -28.278688524590162 99.93908270190957
v -3.489949670250108 -27.86885245901639 99.93908270190957
v -3.489949670250108 -27.45901639344262 99.93908270190957
v -3.489949670250108 -27.049180327868854 99.93908270190957
v -3.489949670250108 -26.639344262295083 99.93908270190957
v -3.489949670250108 -26.229508196721312 99.93908270190957
v -3.489949670250108 -25.81967213114754 99.93908270190957
v -3.489949670250108 -25.40983606557377 99.93908270190957
v -3.489949670250108 -25.0 99.93908270190957
v -3.489949670250108 -24.59016393442623 99.93908270190957
v -3.489949670250108 -24.18032786885246 99.93908270190957
v -3.489949670250108 -23.770491803278688 99.93908270190957
v -3.489949670250108 -23.360655737704917 99.93908270190957
v -3.489949670250108 -22.950819672131146 99.93908270190957
v -3.489949670250108 -22.540983606557376 99.93908270190957
v -3.489949670250108 -22.131147540983605 99.93908270190957
v -3.489949670250108 -21.721311475409834 99.93908270190957
v -3.489949670250108 -21.311475409836063 99.93908270190957
v -3.489949670250108 -20.901639344262293 99.93908270190957
v -3.489949670250108 -20.491803278688522 99.93908270190957
v -3.489949670250108 -20.081967213114755 99.93908270190957
v -3.489949670250108 -19.672131147540984 99.93908270190957
v -3.489949670250108 -19.262295081967213 99.93908270190957
v -3.489949670250108 -18.852459016393443 99.93908270190957
v -3.489949670250108 -18.442622950819672 99.93908270190957
v -3.489949670250108 -18.0327868852459 99.93908270190957
v -3.489949670250108 -17.622950819672127 99.93908270190957
v -3.489949670250108 -17.213114754098356 99.93908270190957
v -3.489949670250108 -16.803278688524593 99.93908270190957
v -3.489949670250108 -16.393442622950822 99.93908270190957
v -3.489949670250108 -15.983606557377051 99.93908270190957
v -3.489949670250108 -15.57377049180328 99.93908270190957
v -3.489949670250108 -15.16393442622951 99.93908270190957
v -3.489949670250108 -14.754098360655739 99.93908270190957
v -3.489949670250108 -14.344262295081968 99.93908270190957
v -3.489949670250108 -13.934426229508198 99.93908270190957
v -3.489949670250108 -13.524590163934427 99.93908270190957
v -3.489949670250108 -13.114754098360656 99.93908270190957
v -3.489949670250108 -12.704918032786885 99.93908270190957
v -3.489949670250108 -12.295081967213115 99.93908270190957
v -3.489949670250108 -11.885245901639344 99.93908270190957
v -3.489949670250108 -11.475409836065573 99.93908270190957
v -3.489949670250108 -11.065573770491802 99.93908270190957
v -3.489949670250108 -10.655737704918032 99.93908270190957
v -3.489949670250108 -10.245901639344261 99.93908270190957
v -3.489949670250108 -9.83606557377049 99.93908270190957
v -3.489949670250108 -9.42622950819672 99.93908270190957
v -3.489949670250108 -9.016393442622949 99.93908270190957
v -3.489949670250108 -8.606557377049178 99.93908270190957
v -3.489949670250108 -8.196721311475407 99.93908270190957
v -3.489949670250108 -7.786885245901637 99.93908270190957
v -3.489949670250108 -7.377049180327866 99.93908270190957
v -3.489949670250108 -6.967213114754095 99.93908270190957
v -3.489949670250108 -6.5573770491803245 99.93908270190957
v -3.489949670250108 -6.147540983606554 99.93908270190957
v -3.489949670250108 -5.737704918032783 99.93908270190957
v -3.489949670250108 -5.327868852459012 99.93908270190957
v -3.489949670250108 -4.918032786885242 99.93908270190957
v -3.489949670250108 -4.508196721311471 99.93908270190957
v -3.489949670250108 -4.098360655737707 99.93908270190957
v -3.489949670250108 -3.6885245901639365 99.93908270190957
v -3.489949670250108 -3.278688524590166 99.93908270190957
v -3.489949670250108 -2.868852459016395 99.93908270190957
v -3.489949670250108 -2.4590163934426243 99.93908270190957
v -3.489949670250108 -2.0491803278688536 99.93908270190957
v -3.489949670250108 -1.639344262295083 99.93908270190957
v -3.489949670250108 -1.2295081967213122 99.93908270190957
v -3.489949670250108 -0.8196721311475414 99.93908270190957
v -3.489949670250108 -0.4098360655737707 99.93908270190957
v -3.489949670250108 0.0 99.93908270190957
v -3.489949670250108 0.4098360655737707 99.93908270190957
v -3.489949670250108 0.8196721311475414 99.93908270190957
v -3.489949670250108 1.2295081967213122 99.93908270190957
v -3.489949670250108 1.639344262295083 99.93908270190957
v -3.489949670250108 2.0491803278688536 99.93908270190957
v -3.489949670250108 2.4590163934426243 99.93908270190957
v -3.489949670250108 2.868852459016395 99.93908270190957
v -3.489949670250108 3.278688524590166 99.93908270190957
v -3.489949670250108 3.6885245901639365 99.93908270190957
v -3.489949670250108 4.098360655737707 99.93908270190957
v -3.489949670250108 4.508196721311478 99.93908270190957
v -3.489949670250108 4.918032786885249 99.93908270190957
v -3.489949670250108 5.327868852459019 99.93908270190957
v -3.489949670250108 5.73770491803279 99.93908270190957
v -3.489949670250108 6.147540983606561 99.93908270190957
v -3.489949670250108 6.557377049180332 99.93908270190957
v -3.489949670250108 6.967213114754102 99.93908270190957
v -3.489949670250108 7.377049180327873 99.93908270190957
v -3.489949670250108 7.786885245901644 99.93908270190957
v -3.489949670250108 8.196721311475414 99.93908270190957
v -3.489949670250108 8.606557377049185 99.93908270190957
v -3.489949670250108 9.016393442622956 99.93908270190957
v -3.489949670250108 9.42622950819672 99.93908270190957
v -3.489949670250108 9.83606557377049 99.93908270190957
v -3.489949670250108 10.245901639344261 99.93908270190957
v -3.489949670250108 10.655737704918032 99.93908270190957
v -3.489949670250108 11.065573770491802 99.93908270190957
v -3.489949670250108 11.475409836065573 99.93908270190957
v -3.489949670250108 11.885245901639344 99.93908270190957
v -3.489949670250108 12.295081967213115 99.93908270190957
v -3.489949670250108 12.704918032786885 99.93908270190957
v -3.489949670250108 13.114754098360656 99.93908270190957
v -3.489949670250108 13.524590163934427 99.93908270190957
v -3.489949670250108 13.934426229508198 99.93908270190957
v -3.489949670250108 14.344262295081975 99.93908270190957
v -3.489949670250108 14.754098360655746 99.93908270190957
v -3.489949670250108 15.163934426229517 99.93908270190957
v -3.489949670250108 15.573770491803288 99.93908270190957
v -3.489949670250108 15.983606557377044 99.93908270190957
v -3.489949670250108 16.393442622950815 99.93908270190957
v -3.489949670250108 16.803278688524586 99.93908270190957
v -3.489949670250108 17.213114754098356 99.93908270190957
v -3.489949670250108 17.622950819672127 99.93908270190957
v -3.489949670250108 18.032786885245898 99.93908270190957
v -3.489949670250108 18.44262295081967 99.93908270190957
v -3.489949670250108 18.85245901639344 99.93908270190957
v -3.489949670250108 19.26229508196721 99.93908270190957
v -3.489949670250108 19.67213114754098 99.93908270190957
v -3.489949670250108 20.08196721311475 99.93908270190957
v -3.489949670250108 20.491803278688522 99.93908270190957
v -3.489949670250108 20.901639344262293 99.93908270190957
v -3.489949670250108 21.311475409836063 99.93908270190957
v -3.489949670250108 21.721311475409834 99.93908270190957
v -3.489949670250108 22.131147540983605 99.93908270190957
v -3.489949670250108 22.540983606557376 99.93908270190957
v -3.489949670250108 22.950819672131146 99.93908270190957
v -3.489949670250108 23.360655737704917 99.93908270190957
v -3.489949670250108 23.770491803278688 99.93908270190957
v -3.489949670250108 24.18032786885246 99.93908270190957
v -3.489949670250108 24.59016393442623 99.93908270190957
v -3.489949670250108 25.0 99.93908270190957
v -3.489949670250108 25.40983606557377 99.93908270190957
v -3.489949670250108 25.81967213114754 99.93908270190957
v -3.489949670250108 26.229508196721312 99.93908270190957
v -3.489949670250108 26.639344262295083 99.93908270190957
v -3.489949670250108 27.049180327868854 99.93908270190957
v -3.489949670250108 27.459016393442624 99.93908270190957
v -3.489949670250108 27.868852459016395 99.93908270190957
v -3.489949670250108 28.278688524590166 99.93908270190957
v -3.489949670250108 28.688524590163937 99.93908270190957
v -3.489949670250108 29.098360655737707 99.93908270190957
v -3.489949670250108 29.508196721311478 99.93908270190957
v -3.489949670250108 29.91803278688525 99.93908270190957
v -3.489949670250108 30.32786885245902 99.93908270190957
v -3.489949670250108 30.73770491803279 99.93908270190957
v -3.489949670250108 31.14754098360656 99.93908270190957
v -3.489949670250108 31.55737704918033 99.93908270190957
v -3.489949670250108 31.967213114754102 99.93908270190957
v -3.489949670250108 32.37704918032787 99.93908270190957
v -3.489949670250108 32.786885245901644 99.93908270190957
v -3.489949670250108 33.196721311475414 99.93908270190957
v -3.489949670250108 33.606557377049185 99.93908270190957
v -3.489949670250108 34.016393442622956 99.93908270190957
v -3.489949670250108 34.42622950819673 99.93908270190957
v -3.489949670250108 34.8360655737705 99.93908270190957
v -3.489949670250108 35.24590163934427 99.93908270190957
v -3.489949670250108 35.65573770491804 99.93908270190957
v -3.489949670250108 36.06557377049181 99.93908270190957
v -3.489949670250108 36.47540983606558 99.93908270190957
v -3.489949670250108 36.88524590163935 99.93908270190957
v -3.489949670250108 37.29508196721312 99.93908270190957
v -3.489949670250108 37.70491803278689 99.93908270190957
v -3.489949670250108 38.11475409836066 99.93908270190957
v -3.489949670250108 38.524590163934434 99.93908270190957
v -3.489949670250108 38.934426229508205 99.93908270190957
v -3.489949670250108 39.344262295081975 99.93908270190957
v -3.489949670250108 39.754098360655746 99.93908270190957
v -3.489949670250108 40.16393442622952 99.93908270190957
v -3.489949670250108 40.57377049180329 99.93908270190957
v -3.489949670250108 40.98360655737706 99.93908270190957
v -3.489949670250108 41.39344262295083 99.93908270190957
v -3.489949670250108 41.803278688524586 99.93908270190957
v -3.489949670250108 42.213114754098356 99.93908270190957
v -3.489949670250108 42.62295081967213 99.93908270190957
v -3.489949670250108 43.0327868852459 99.93908270190957
v -3.489949670250108 43.44262295081967 99.93908270190957
v -3.489949670250108 43.85245901639344 99.93908270190957
v -3.489949670250108 44.26229508196721 99.93908270190957
v -3.489949670250108 44.67213114754098 99.93908270190957
v -3.489949670250108 45.08196721311475 99.93908270190957
v -3.489949670250108 45.49180327868852 99.93908270190957
v -3.489949670250108 45.90163934426229 99.93908270190957
v -3.489949670250108 46.31147540983606 99.93908270190957
v -3.489949670250108 46.721311475409834 99.93908270190957
v -3.489949670250108 47.131147540983605 99.93908270190957
v -3.489949670250108 47.540983606557376 99.93908270190957
v -3.489949670250108 47.950819672131146 99.93908270190957
v -3.489949670250108 48.36065573770492 99.93908270190957
v -3.489949670250108 48.77049180327869 99.93908270190957
v -3.489949670250108 49.18032786885246 99.93908270190957
v -3.489949670250108 49.59016393442623 99.93908270190957
v -3.489949670250108 50.0 99.93908270190957
v -3.0795058556170547 -50.0 99.9525719713366
v -3.0795058556170547 -49.59016393442623 99.9525719713366
v -3.0795058556170547 -49.18032786885246 99.9525719713366
v -3.0795058556170547 -48.77049180327869 99.9525719713366
v -3.0795058556170547 -48.36065573770492 99.9525719713366
v -3.0795058556170547 -47.950819672131146 99.9525719713366
v -3.0795058556170547 -47.540983606557376 99.9525719713366
v -3.0795058556170547 -47.131147540983605 99.9525719713366
v -3.0795058556170547 -46.721311475409834 99.9525719713366
v -3.0795058556170547 -46.31147540983606 99.9525719713366
v -3.0795058556170547 -45.90163934426229 99.9525719713366
v -3.0795058556170547 -45.49180327868852 99.9525719713366
v -3.0795058556170547 -45.08196721311475 99.9525719713366
v -3.0795058556170547 -44.67213114754098 99.9525719713366
v -3.0795058556170547 -44.26229508196721 99.9525719713366
v -3.0795058556170547 -43.85245901639344 99.9525719713366
v -3.0795058556170547 -43.44262295081967 99.9525719713366
v -3.0795058556170547 -43.0327868852459 99.9525719713366
v -3.0795058556170547 -42.62295081967213 99.9525719713366
v -3.0795058556170547 -42.21311475409836 99.9525719713366
v -3.0795058556170547 -41.803278688524586 99.9525719713366
v -3.0795058556170547 -41.39344262295082 99.9525719713366
v -3.0795058556170547 -40.98360655737705 99.9525719713366
v -3.0795058556170547 -40.57377049180328 99.9525719713366
v -3.0795058556170547 -40.16393442622951 99.9525719713366
v -3.0795058556170547 -39.75409836065574 99.9525719713366
v -3.0795058556170547 -39.34426229508197 99.9525719713366
v -3.0795058556170547 -38.9344262295082 99.9525719713366
v -3.0795058556170547 -38.52459016393443 99.9525719713366
v -3.0795058556170547 -38.114754098360656 99.9525719713366
v -3.0795058556170547 -37.704918032786885 99.9525719713366
v -3.0795058556170547 -37.295081967213115 99.9525719713366
v -3.0795058556170547 -36.885245901639344 99.9525719713366
v -3.0795058556170547 -36.47540983606557 99.9525719713366
v -3.0795058556170547 -36.0655737704918 99.9525719713366
v -3.0795058556170547 -35.65573770491803 99.9525719713366
v -3.0795058556170547 -35.24590163934426 99.9525719713366
v -3.0795058556170547 -34.83606557377049 99.9525719713366
v -3.0795058556170547 -34.42622950819672 99.9525719713366
v -3.0795058556170547 -34.01639344262295 99.9525719713366
v -3.0795058556170547 -33.60655737704918 99.9525719713366
v -3.0795058556170547 -33.196721311475414 99.9525719713366
v -3.0795058556170547 -32.786885245901644 99.9525719713366
v -3.0795058556170547 -32.37704918032787 99.9525719713366
v -3.0795058556170547 -31.9672131147541 99.9525719713366
v -3.0795058556170547 -31.557377049180328 99.9525719713366
v -3.0795058556170547 -31.147540983606557 99.9525719713366
v -3.0795058556170547 -30.737704918032787 99.9525719713366
v -3.0795058556170547 -30.327868852459016 99.9525719713366
v -3.0795058556170547 -29.918032786885245 99.9525719713366
v -3.0795058556170547 -29.508196721311474 99.9525719713366
v -3.0795058556170547 -29.098360655737704 99.9525719713366
v -3.0795058556170547 -28.688524590163933 99.9525719713366
v -3.0795058556170547 -28.278688524590162 99.9525719713366
v -3.0795058556170547 -27.86885245901639 99.9525719713366
v -3.0795058556170547 -27.45901639344262 99.9525719713366
v -3.0795058556170547 -27.049180327868854 99.9525719713366
v -3.0795058556170547 -26.639344262295083 99.9525719713366
v -3.0795058556170547 -26.229508196721312 99.9525719713366
v -3.0795058556170547 -25.81967213114754 99.9525719713366
v -3.0795058556170547 -25.40983606557377 99.9525719713366
v -3.0795058556170547 -25.0 99.9525719713366
v -3.0795058556170547 -24.59016393442623 99.9525719713366
v -3.0795058556170547 -24.18032786885246 99.9525719713366
v -3.0795058556170547 -23.770491803278688 99.9525719713366
v -3.0795058556170547 -23.360655737704917 99.9525719713366
v -3.0795058556170547 -22.950819672131146 99.9525719713366
v -3.0795058556170547 -22.540983606557376 99.9525719713366
v -3.0795058556170547 -22.131147540983605 99.9525719713366
v -3.0795058556170547 -21.721311475409834 99.9525719713366
v -3.0795058556170547 -21.311475409836063 99.9525719713366
v -3.0795058556170547 -20.901639344262293 99.9525719713366
v -3.0795058556170547 -20.491803278688522 99.9525719713366
v -3.0795058556170547 -20.081967213114755 99.9525719713366
v -3.0795058556170547 -19.672131147540984 99.9525719713366
v -3.0795058556170547 -19.262295081967213 99.9525719713366
v -3.0795058556170547 -18.852459016393443 99.9525719713366
v -3.0795058556170547 -18.442622950819672 99.9525719713366
v -3.0795058556170547 -18.0327868852459 99.9525719713366
v -3.0795058556170547 -17.622950819672127 99.9525719713366
v -3.0795058556170547 -17.213114754098356 99.9525719713366
v -3.0795058556170547 -16.803278688524593 99.9525719713366
v -3.0795058556170547 -16.393442622950822 99.9525719713366
v -3.0795058556170547 -15.983606557377051 99.9525719713366
v -3.0795058556170547 -15.57377049180328 99.9525719713366
v -3.0795058556170547 -15.16393442622951 99.9525719713366
v -3.0795058556170547 -14.754098360655739 99.9525719713366
v -3.0795058556170547 -14.344262295081968 99.9525719713366
v -3.0795058556170547 -13.934426229508198 99.9525719713366
v -3.0795058556170547 -13.524590163934427 99.9525719713366
v -3.0795058556170547 -13.114754098360656 99.9525719713366
v -3.0795058556170547 -12.704918032786885 99.9525719713366
v -3.0795058556170547 -12.295081967213115 99.9525719713366
v -3.0795058556170547 -11.885245901639344 99.9525719713366
v -3.0795058556170547 -11.475409836065573 99.9525719713366
v -3.0795058556170547 -11.065573770491802 99.9525719713366
v -3.0795058556170547 -10.655737704918032 99.9525719713366
v -3.0795058556170547 -10.245901639344261 99.9525719713366
v -3.0795058556170547 -9.83606557377049 99.9525719713366
v -3.0795058556170547 -9.42622950819672 99.9525719713366
v -3.0795058556170547 -9.016393442622949 99.9525719713366
v -3.0795058556170547 -8.606557377049178 99.9525719713366
v -3.0795058556170547 -8.196721311475407 99.9525719713366
v -3.0795058556170547 -7.786885245901637 99.9525719713366
v -3.0795058556170547 -7.377049180327866 99.9525719713366
v -3.0795058556170547 -6.967213114754095 99.9525719713366
v -3.0795058556170547 -6.5573770491803245 99.9525719713366
v -3.0795058556170547 -6.147540983606554 99.9525719713366
v -3.0795058556170547 -5.737704918032783 99.9525719713366
v -3.0795058556170547 -5.327868852459012 99.9525719713366
v -3.0795058556170547 -4.918032786885242 99.9525719713366
v -3.0795058556170547 -4.508196721311471 99.9525719713366
v -3.0795058556170547 -4.098360655737707 99.9525719713366
v -3.0795058556170547 -3.6885245901639365 99.9525719713366
v -3.0795058556170547 -3.278688524590166 99.9525719713366
v -3.0795058556170547 -2.868852459016395 99.9525719713366
v -3.0795058556170547 -2.4590163934426243 99.9525719713366
v -3.0795058556170547 -2.0491803278688536 99.9525719713366
v -3.0795058556170547 -1.639344262295083 99.9525719713366
v -3.0795058556170547 -1.2295081967213122 99.9525719713366
v -3.0795058556170547 -0.8196721311475414 99.9525719713366
v -3.0795058556170547 -0.4098360655737707 99.9525719713366
v -3.0795058556170547 0.0 99.9525719713366
v -3.0795058556170547 0.4098360655737707 99.9525719713366
v -3.0795058556170547 0.8196721311475414 99.9525719713366
v -3.0795058556170547 1.2295081967213122 99.9525719713366
v -3.0795058556170547 1.639344262295083 99.9525719713366
v -3.0795058556170547 2.0491803278688536 99.9525719713366
v -3.0795058556170547 2.4590163934426243 99.9525719713366
v -3.0795058556170547 2.868852459016395 99.9525719713366
v -3.0795058556170547 3.278688524590166 99.9525719713366
v -3.0795058556170547 3.6885245901639365 99.9525719713366
v -3.0795058556170547 4.098360655737707 99.9525719713366
v -3.0795058556170547 4.508196721311478 99.9525719713366
v -3.0795058556170547 4.918032786885249 99.9525719713366
v -3.0795058556170547 5.327868852459019 99.9525719713366
v -3.0795058556170547 5.73770491803279 99.9525719713366
v -3.0795058556170547 6.147540983606561 99.9525719713366
v -3.0795058556170547 6.557377049180332 99.9525719713366
v -3.0795058556170547 6.967213114754102 99.9525719713366
v -3.0795058556170547 7.377049180327873 99.9525719713366
v -3.0795058556170547 7.786885245901644 99.9525719713366
v -3.0795058556170547 8.196721311475414 99.9525719713366
v -3.0795058556170547 8.606557377049185 99.9525719713366
v -3.0795058556170547 9.016393442622956 99.9525719713366
v -3.0795058556170547 9.42622950819672 99.9525719713366
v -3.0795058556170547 9.83606557377049 99.9525719713366
v -3.0795058556170547 10.245901639344261 99.9525719713366
v -3.0795058556170547 10.655737704918032 99.9525719713366
v -3.0795058556170547 11.065573770491802 99.9525719713366
v -3.0795058556170547 11.475409836065573 99.9525719713366
v -3.0795058556170547 11.885245901639344 99.9525719713366
v -3.0795058556170547 12.295081967213115 99.9525719713366
v -3.0795058556170547 12.704918032786885 99.9525719713366
v -3.0795058556170547 13.114754098360656 99.9525719713366
v -3.0795058556170547 13.524590163934427 99.9525719713366
v -3.0795058556170547 13.934426229508198 99.9525719713366
v -3.0795058556170547 14.344262295081975 99.9525719713366
v -3.0795058556170547 14.754098360655746 99.9525719713366
v -3.0795058556170547 15.163934426229517 99.9525719713366
v -3.0795058556170547 15.573770491803288 99.9525719713366
v -3.0795058556170547 15.983606557377044 99.9525719713366
v -3.0795058556170547 16.393442622950815 99.9525719713366
v -3.0795058556170547 16.803278688524586 99.9525719713366
v -3.0795058556170547 17.213114754098356 99.9525719713366
v -3.0795058556170547 17.622950819672127 99.9525719713366
v -3.0795058556170547 18.032786885245898 99.9525719713366
v -3.0795058556170547 18.44262295081967 99.9525719713366
v -3.0795058556170547 18.85245901639344 99.9525719713366
v -3.0795058556170547 19.26229508196721 99.9525719713366
v -3.0795058556170547 19.67213114754098 99.9525719713366
v -3.0795058556170547 20.08196721311475 99.9525719713366
v -3.0795058556170547 20.491803278688522 99.9525719713366
v -3.0795058556170547 20.901639344262293 99.9525719713366
v -3.0795058556170547 21.311475409836063 99.9525719713366
v -3.0795058556170547 21.721311475409834 99.9525719713366
v -3.0795058556170547 22.131147540983605 99.9525719713366
v -3.0795058556170547 22.540983606557376 99.9525719713366
v -3.0795058556170547 22.950819672131146 99.9525719713366
v -3.0795058556170547 23.360655737704917 99.9525719713366
v -3.0795058556170547 23.770491803278688 99.9525719713366
v -3.0795058556170547 24.18032786885246 99.9525719713366
v -3.0795058556170547 24.59016393442623 99.9525719713366
v -3.0795058556170547 25.0 99.9525719713366
v -3.0795058556170547 25.40983606557377 99.9525719713366
v -3.0795058556170547 25.81967213114754 99.9525719713366
v -3.0795058556170547 26.229508196721312 99.9525719713366
v -3.0795058556170547 26.639344262295083 99.9525719713366
v -3.0795058556170547 27.049180327868854 99.9525719713366
v -3.0795058556170547 27.459016393442624 99.9525719713366
v -3.0795058556170547 27.868852459016395 99.9525719713366
v -3.0795058556170547 28.278688524590166 99.9525719713366
v -3.0795058556170547 28.688524590163937 99.9525719713366
v -3.0795058556170547 29.098360655737707 99.9525719713366
v -3.0795058556170547 29.508196721311478 99.9525719713366
v -3.0795058556170547 29.91803278688525 99.9525719713366
v -3.0795058556170547 30.32786885245902 99.9525719713366
v -3.0795058556170547 30.73770491803279 99.9525719713366
v -3.0795058556170547 31.14754098360656 99.9525719713366
v -3.0795058556170547 31.55737704918033 99.9525719713366
v -3.0795058556170547 31.967213114754102 99.9525719713366
v -3.0795058556170547 32.37704918032787 99.9525719713366
v -3.0795058556170547 32.786885245901644 99.9525719713366
v -3.0795058556170547 33.196721311475414 99.9525719713366
v -3.0795058556170547 33.606557377049185 99.9525719713366
v -3.0795058556170547 34.016393442622956 99.9525719713366
v -3.0795058556170547 34.42622950819673 99.9525719713366
v -3.0795058556170547 34.8360655737705 99.9525719713366
v -3.0795058556170547 35.24590163934427 99.9525719713366
v -3.0795058556170547 35.65573770491804 99.9525719713366
v -3.0795058556170547 36.06557377049181 99.9525719713366
v -3.0795058556170547 36.47540983606558 99.9525719713366
v -3.0795058556170547 36.88524590163935 99.9525719713366
v -3.0795058556170547 37.29508196721312 99.9525719713366
v -3.0795058556170547 37.70491803278689 99.9525719713366
v -3.0795058556170547 38.11475409836066 99.9525719713366
v -3.0795058556170547 38.524590163934434 99.9525719713366
v -3.0795058556170547 38.934426229508205 99.9525719713366
v -3.0795058556170547 39.344262295081975 99.9525719713366
v -3.0795058556170547 39.754098360655746 99.9525719713366
v -3.0795058556170547 40.16393442622952 99.9525719713366
v -3.0795058556170547 40.57377049180329 99.9525719713366
v -3.0795058556170547 40.98360655737706 99.9525719713366
v -3.0795058556170547 41.39344262295083 99.9525719713366
v -3.0795058556170547 41.803278688524586 99.9525719713366
v -3.0795058556170547 42.213114754098356 99.9525719713366
v -3.0795058556170547 42.62295081967213 99.9525719713366
v -3.0795058556170547 43.0327868852459 99.9525719713366
v -3.0795058556170547 43.44262295081967 99.9525719713366
v -3.0795058556170547 43.85245901639344 99.9525719713366
v -3.0795058556170547 44.26229508196721 99.9525719713366
v -3.0795058556170547 44.67213114754098 99.9525719713366
v -3.0795058556170547 45.08196721311475 99.9525719713366
v -3.0795058556170547 45.49180327868852 99.9525719713366
v -3.0795058556170547 45.90163934426229 99.9525719713366
v -3.0795058556170547 46.31147540983606 99.9525719713366
v -3.0795058556170547 46.721311475409834 99.9525719713366
v -3.0795058556170547 47.131147540983605 99.9525719713366
v -3.0795058556170547 47.540983606557376 99.9525719713366
v -3.0795058556170547 47.950819672131146 99.9525719713366
v -3.0795058556170547 48.36065573770492 99.9525719713366
v -3.0795058556170547 48.77049180327869 99.9525719713366
v -3.0795058556170547 49.18032786885246 99.9525719713366
v -3.0795058556170547 49.59016393442623 99.9525719713366
v -3.0795058556170547 50.0 99.9525719713366
v -2.66901010632324 -50.0 99.96437557976515
v -2.66901010632324 -49.59016393442623 99.96437557976515
v -2.66901010632324 -49.18032786885246 99.96437557976515
v -2.66901010632324 -48.77049180327869 99.96437557976515
v -2.66901010632324 -48.36065573770492 99.96437557976515
v -2.66901010632324 -47.950819672131146 99.96437557976515
v -2.66901010632324 -47.540983606557376 99.96437557976515
v -2.66901010632324 -47.131147540983605 99.96437557976515
v -2.66901010632324 -46.721311475409834 99.96437557976515
v -2.66901010632324 -46.31147540983606 99.96437557976515
v -2.66901010632324 -45.90163934426229 99.96437557976515
v -2.66901010632324 -45.49180327868852 99.96437557976515
v -2.66901010632324 -45.08196721311475 99.96437557976515
v -2.66901010632324 -44.67213114754098 99.96437557976515
v -2.66901010632324 -44.26229508196721 99.96437557976515
v -2.66901010632324 -43.85245901639344 99.96437557976515
v -2.66901010632324 -43.44262295081967 99.96437557976515
v -2.66901010632324 -43.0327868852459 99.96437557976515
v -2.66901010632324 -42.62295081967213 99.96437557976515
v -2.66901010632324 -42.21311475409836 99.96437557976515
v -2.66901010632324 -41.803278688524586 99.96437557976515
v -2.66901010632324 -41.39344262295082 99.96437557976515
v -2.66901010632324 -40.98360655737705 99.96437557976515
v -2.66901010632324 -40.57377049180328 99.96437557976515
v -2.66901010632324 -40.16393442622951 99.96437557976515
v -2.66901010632324 -39.75409836065574 99.96437557976515
v -2.66901010632324 -39.34426229508197 99.96437557976515
v -2.66901010632324 -38.9344262295082 99.96437557976515
v -2.66901010632324 -38.52459016393443 99.96437557976515
v -2.66901010632324 -38.114754098360656 99.96437557976515
v -2.66901010632324 -37.704918032786885 99.96437557976515
v -2.66901010632324 -37.295081967213115 99.96437557976515
v -2.66901010632324 -36.885245901639344 99.96437557976515
v -2.66901010632324 -36.47540983606557 99.96437557976515
v -2.66901010632324 -36.0655737704918 99.96437557976515
v -2.66901010632324 -35.65573770491803 99.96437557976515
v -2.66901010632324 -35.24590163934426 99.96437557976515
v -2.66901010632324 -34.83606557377049 99.96437557976515
v -2.66901010632324 -34.42622950819672 99.96437557976515
v -2.66901010632324 -34.01639344262295 99.96437557976515
v -2.66901010632324 -33.60655737704918 99.96437557976515
v -2.66901010632324 -33.196721311475414 99.96437557976515
v -2.66901010632324 -32.786885245901644 99.96437557976515
v -2.66901010632324 -32.37704918032787 99.96437557976515
v -2.66901010632324 -31.9672131147541 99.96437557976515
v -2.66901010632324 -31.557377049180328 99.96437557976515
v -2.66901010632324 -31.147540983606557 99.96437557976515
v -2.66901010632324 -30.737704918032787 99.96437557976515
v -2.66901010632324 -30.327868852459016 99.96437557976515
v -2.66901010632324 -29.918032786885245 99.96437557976515
v -2.66901010632324 -29.508196721311474 99.96437557976515
v -2.66901010632324 -29.098360655737704 99.96437557976515
v -2.66901010632324 -28.688524590163933 99.96437557976515
v -2.66901010632324 -28.278688524590162 99.96437557976515
v -2.66901010632324 -27.86885245901639 99.96437557976515
v -2.66901010632324 -27.45901639344262 99.96437557976515
v -2.66901010632324 -27.049180327868854 99.96437557976515
v -2.66901010632324 -26.639344262295083 99.96437557976515
v -2.66901010632324 -26.229508196721312 99.96437557976515
v -2.66901010632324 -25.81967213114754 99.96437557976515
v -2.66901010632324 -25.40983606557377 99.96437557976515
v -2.66901010632324 -25.0 99.96437557976515
v -2.66901010632324 -24.59016393442623 99.96437557976515
v -2.66901010632324 -24.18032786885246 99.96437557976515
v -2.66901010632324 -23.770491803278688 99.96437557976515
v -2.66901010632324 -23.360655737704917 99.96437557976515
v -2.66901010632324 -22.950819672131146 99.96437557976515
v -2.66901010632324 -22.540983606557376 99.96437557976515
v -2.66901010632324 -22.131147540983605 99.96437557976515
v -2.66901010632324 -21.721311475409834 99.96437557976515
v -2.66901010632324 -21.311475409836063 99.96437557976515
v -2.66901010632324 -20.901639344262293 99.96437557976515
v -2.66901010632324 -20.491803278688522 99.96437557976515
v -2.66901010632324 -20.081967213114755 99.96437557976515
v -2.66901010632324 -19.672131147540984 99.96437557976515
v -2.66901010632324 -19.262295081967213 99.96437557976515
v -2.66901010632324 -18.852459016393443 99.96437557976515
v -2.66901010632324 -18.442622950819672 99.96437557976515
v -2.66901010632324 -18.0327868852459 99.96437557976515
v -2.66901010632324 -17.622950819672127 99.96437557976515
v -2.66901010632324 -17.213114754098356 99.96437557976515
v -2.66901010632324 -16.803278688524593 99.96437557976515
v -2.66901010632324 -16.393442622950822 99.96437557976515
v -2.66901010632324 -15.983606557377051 99.96437557976515
v -2.66901010632324 -15.57377049180328 99.96437557976515
v -2.66901010632324 -15.16393442622951 99.96437557976515
v -2.66901010632324 -14.754098360655739 99.96437557976515
v -2.66901010632324 -14.344262295081968 99.96437557976515
v -2.66901010632324 -13.934426229508198 99.96437557976515
v -2.66901010632324 -13.524590163934427 99.96437557976515
v -2.66901010632324 -13.114754098360656 99.96437557976515
v -2.66901010632324 -12.704918032786885 99.96437557976515
v -2.66901010632324 -12.295081967213115 99.96437557976515
v -2.66901010632324 -11.885245901639344 99.96437557976515
v -2.66901010632324 -11.475409836065573 99.96437557976515
v -2.66901010632324 -11.065573770491802 99.96437557976515
v -2.66901010632324 -10.655737704918032 99.96437557976515
v -2.66901010632324 -10.245901639344261 99.96437557976515
v -2.66901010632324 -9.83606557377049 99.96437557976515
v -2.66901010632324 -9.42622950819672 99.96437557976515
v -2.66901010632324 -9.016393442622949 99.96437557976515
v -2.66901010632324 -8.606557377049178 99.96437557976515
v -2.66901010632324 -8.196721311475407 99.96437557976515
v -2.66901010632324 -7.786885245901637 99.96437557976515
v -2.66901010632324 -7.377049180327866 99.96437557976515
v -2.66901010632324 -6.967213114754095 99.96437557976515
v -2.66901010632324 -6.5573770491803245 99.96437557976515
v -2.66901010632324 -6.147540983606554 99.96437557976515
v -2.66901010632324 -5.737704918032783 99.96437557976515
v -2.66901010632324 -5.327868852459012 99.96437557976515
v -2.66901010632324 -4.918032786885242 99.96437557976515
v -2.66901010632324 -4.508196721311471 99.96437557976515
v -2.66901010632324 -4.098360655737707 99.96437557976515
v -2.66901010632324 -3.6885245901639365 99.96437557976515
v -2.66901010632324 -3.278688524590166 99.96437557976515
v -2.66901010632324 -2.868852459016395 99.96437557976515
v -2.66901010632324 -2.4590163934426243 99.96437557976515
v -2.66901010632324 -2.0491803278688536 99.96437557976515
v -2.66901010632324 -1.639344262295083 99.96437557976515
v -2.66901010632324 -1.2295081967213122 99.96437557976515
v -2.66901010632324 -0.8196721311475414 99.96437557976515
v -2.66901010632324 -0.4098360655737707 99.96437557976515
v -2.66901010632324 0.0 99.96437557976515
v -2.66901010632324 0.4098360655737707 99.96437557976515
v -2.66901010632324 0.8196721311475414 99.96437557976515
v -2.66901010632324 1.2295081967213122 99.96437557976515
v -2.66901010632324 1.639344262295083 99.96437557976515
v -2.66901010632324 2.0491803278688536 99.96437557976515
v -2.66901010632324 2.4590163934426243 99.96437557976515
v -2.66901010632324 2.868852459016395 99.96437557976515
v -2.66901010632324 3.278688524590166 99.96437557976515
v -2.66901010632324 3.6885245901639365 99.96437557976515
v -2.66901010632324 4.098360655737707 99.96437557976515
v -2.66901010632324 4.508196721311478 99.96437557976515
v -2.66901010632324 4.918032786885249 99.96437557976515
v -2.66901010632324 5.327868852459019 99.96437557976515
v -2.66901010632324 5.73770491803279 99.96437557976515
v -2.66901010632324 6.147540983606561 99.96437557976515
v -2.66901010632324 6.557377049180332 99.96437557976515
v -2.66901010632324 6.967213114754102 99.96437557976515
v -2.66901010632324 7.377049180327873 99.96437557976515
v -2.66901010632324 7.786885245901644 99.96437557976515
v -2.66901010632324 8.196721311475414 99.96437557976515
v -2.66901010632324 8.606557377049185 99.96437557976515
v -2.66901010632324 9.016393442622956 99.96437557976515
v -2.66901010632324 9.42622950819672 99.96437557976515
v -2.66901010632324 9.83606557377049 99.96437557976515
v -2.66901010632324 10.245901639344261 99.96437557976515
v -2.66901010632324 10.655737704918032 99.96437557976515
v -2.66901010632324 11.065573770491802 99.96437557976515
v -2.66901010632324 11.475409836065573 99.96437557976515
v -2.66901010632324 11.885245901639344 99.96437557976515
v -2.66901010632324 12.295081967213115 99.96437557976515
v -2.66901010632324 12.704918032786885 99.96437557976515
v -2.66901010632324 13.114754098360656 99.96437557976515
v -2.66901010632324 13.524590163934427 99.96437557976515
v -2.66901010632324 13.934426229508198 99.96437557976515
v -2.66901010632324 14.344262295081975 99.96437557976515
v -2.66901010632324 14.754098360655746 99.96437557976515
v -2.66901010632324 15.163934426229517 99.96437557976515
v -2.66901010632324 15.573770491803288 99.96437557976515
v -2.66901010632324 15.983606557377044 99.96437557976515
v -2.66901010632324 16.393442622950815 99.96437557976515
v -2.66901010632324 16.803278688524586 99.96437557976515
v -2.66901010632324 17.213114754098356 99.96437557976515
v -2.66901010632324 17.622950819672127 99.96437557976515
v -2.66901010632324 18.032786885245898 99.96437557976515
v -2.66901010632324 18.44262295081967 99.96437557976515
v -2.66901010632324 18.85245901639344 99.96437557976515
v -2.66901010632324 19.26229508196721 99.96437557976515
v -2.66901010632324 19.67213114754098 99.96437557976515
v -2.66901010632324 20.08196721311475 99.96437557976515
v -2.66901010632324 20.491803278688522 99.96437557976515
v -2.66901010632324 20.901639344262293 99.96437557976515
v -2.66901010632324 21.311475409836063 99.96437557976515
v -2.66901010632324 21.721311475409834 99.96437557976515
v -2.66901010632324 22.131147540983605 99.96437557976515
v -2.66901010632324 22.540983606557376 99.96437557976515
v -2.66901010632324 22.950819672131146 99.96437557976515
v -2.66901010632324 23.360655737704917 99.96437557976515
v -2.66901010632324 23.770491803278688 99.96437557976515
v -2.66901010632324 24.18032786885246 99.96437557976515
v -2.66901010632324 24.59016393442623 99.96437557976515
v -2.66901010632324 25.0 99.96437557976515
v -2.66901010632324 25.40983606557377 99.96437557976515
v -2.66901010632324 25.81967213114754 99.96437557976515
v -2.66901010632324 26.229508196721312 99.96437557976515
v -2.66901010632324 26.639344262295083 99.96437557976515
v -2.66901010632324 27.049180327868854 99.96437557976515
v -2.66901010632324 27.459016393442624 99.96437557976515
v -2.66901010632324 27.868852459016395 99.96437557976515
v -2.66901010632324 28.278688524590166 99.96437557976515
v -2.66901010632324 28.688524590163937 99.96437557976515
v -2.66901010632324 29.098360655737707 99.96437557976515
v -2.66901010632324 29.508196721311478 99.96437557976515
v -2.66901010632324 29.91803278688525 99.96437557976515
v -2.66901010632324 30.32786885245902 99.96437557976515
v -2.66901010632324 30.73770491803279 99.96437557976515
v -2.66901010632324 31.14754098360656 99.96437557976515
v -2.66901010632324 31.55737704918033 99.96437557976515
v -2.66901010632324 31.967213114754102 99.96437557976515
v -2.66901010632324 32.37704918032787 99.96437557976515
v -2.66901010632324 32.786885245901644 99.96437557976515
v -2.66901010632324 33.196721311475414 99.96437557976515
v -2.66901010632324 33.606557377049185 99.96437557976515
v -2.66901010632324 34.016393442622956 99.96437557976515
v -2.66901010632324 34.42622950819673 99.96437557976515
v -2.66901010632324 34.8360655737705 99.96437557976515
v -2.66901010632324 35.24590163934427 99.96437557976515
v -2.66901010632324 35.65573770491804 99.96437557976515
v -2.66901010632324 36.06557377049181 99.96437557976515
v -2.66901010632324 36.47540983606558 99.96437557976515
v -2.66901010632324 36.88524590163935 99.96437557976515
v -2.66901010632324 37.29508196721312 99.96437557976515
v -2.66901010632324 37.70491803278689 99.96437557976515
v -2.66901010632324 38.11475409836066 99.96437557976515
v -2.66901010632324 38.524590163934434 99.96437557976515
v -2.66901010632324 38.934426229508205 99.96437557976515
v -2.66901010632324 39.344262295081975 99.96437557976515
v -2.66901010632324 39.754098360655746 99.96437557976515
v -2.66901010632324 40.16393442622952 99.96437557976515
v -2.66901010632324 40.57377049180329 99.96437557976515
v -2.66901010632324 40.98360655737706 99.96437557976515
v -2.66901010632324 41.39344262295083 99.96437557976515
v -2.66901010632324 41.803278688524586 99.96437557976515
v -2.66901010632324 42.213114754098356 99.96437557976515
v -2.66901010632324 42.62295081967213 99.96437557976515
v -2.66901010632324 43.0327868852459 99.96437557976515
v -2.66901010632324 43.44262295081967 99.96437557976515
v -2.66901010632324 43.85245901639344 99.96437557976515
v -2.66901010632324 44.26229508196721 99.96437557976515
v -2.66901010632324 44.67213114754098 99.96437557976515
v -2.66901010632324 45.08196721311475 99.96437557976515
v -2.66901010632324 45.49180327868852 99.96437557976515
v -2.66901010632324 45.90163934426229 99.96437557976515
v -2.66901010632324 46.31147540983606 99.96437557976515
v -2.66901010632324 46.721311475409834 99.96437557976515
v -2.66901010632324 47.131147540983605 99.96437557976515
v -2.66901010632324 47.540983606557376 99.96437557976515
v -2.66901010632324 47.950819672131146 99.96437557976515
v -2.66901010632324 48.36065573770492 99.96437557976515
v -2.66901010632324 48.77049180327869 99.96437557976515
v -2.66901010632324 49.18032786885246 99.96437557976515
v -2.66901010632324 49.59016393442623 99.96437557976515
v -2.66901010632324 50.0 99.96437557976515
v -2.258469345218826 -50.0 99.97449332813198
v -2.258469345218826 -49.59016393442623 99.97449332813198
v -2.258469345218826 -49.18032786885246 99.97449332813198
v -2.258469345218826 -48.77049180327869 99.97449332813198
v -2.258469345218826 -48.36065573770492 99.97449332813198
v -2.258469345218826 -47.950819672131146 99.97449332813198
v -2.258469345218826 -47.540983606557376 99.97449332813198
v -2.258469345218826 -47.131147540983605 99.97449332813198
v -2.258469345218826 -46.721311475409834 99.97449332813198
v -2.258469345218826 -46.31147540983606 99.97449332813198
v -2.258469345218826 -45.90163934426229 99.97449332813198
v -2.258469345218826 -45.49180327868852 99.97449332813198
v -2.258469345218826 -45.08196721311475 99.97449332813198
v -2.258469345218826 -44.67213114754098 99.97449332813198
v -2.258469345218826 -44.26229508196721 99.97449332813198
v -2.258469345218826 -43.85245901639344 99.97449332813198
v -2.258469345218826 -43.44262295081967 99.97449332813198
v -2.258469345218826 -43.0327868852459 99.97449332813198
v -2.258469345218826 -42.62295081967213 99.97449332813198
v -2.258469345218826 -42.21311475409836 99.97449332813198
v -2.258469345218826 -41.803278688524586 99.97449332813198
v -2.258469345218826 -41.39344262295082 99.97449332813198
v -2.258469345218826 -40.98360655737705 99.97449332813198
v -2.258469345218826 -40.57377049180328 99.97449332813198
v -2.258469345218826 -40.16393442622951 99.97449332813198
v -2.258469345218826 -39.75409836065574 99.97449332813198
v -2.258469345218826 -39.34426229508197 99.97449332813198
v -2.258469345218826 -38.9344262295082 99.97449332813198
v -2.258469345218826 -38.52459016393443 99.97449332813198
v -2.258469345218826 -38.114754098360656 99.97449332813198
v -2.258469345218826 -37.704918032786885 99.97449332813198
v -2.258469345218826 -37.295081967213115 99.97449332813198
v -2.258469345218826 -36.885245901639344 99.97449332813198
v -2.258469345218826 -36.47540983606557 99.97449332813198
v -2.258469345218826 -36.0655737704918 99.97449332813198
v -2.258469345218826 -35.65573770491803 99.97449332813198
v -2.258469345218826 -35.24590163934426 99.97449332813198
v -2.258469345218826 -34.83606557377049 99.97449332813198
v -2.258469345218826 -34.42622950819672 99.97449332813198
v -2.258469345218826 -34.01639344262295 99.97449332813198
v -2.258469345218826 -33.60655737704918 99.97449332813198
v -2.258469345218826 -33.196721311475414 99.97449332813198
v -2.258469345218826 -32.786885245901644 99.97449332813198
v -2.258469345218826 -32.37704918032787 99.97449332813198
v -2.258469345218826 -31.9672131147541 99.97449332813198
v -2.258469345218826 -31.557377049180328 99.97449332813198
v -2.258469345218826 -31.147540983606557 99.97449332813198
v -2.258469345218826 -30.737704918032787 99.97449332813198
v -2.258469345218826 -30.327868852459016 99.97449332813198
v -2.258469345218826 -29.918032786885245 99.97449332813198
v -2.258469345218826 -29.508196721311474 99.97449332813198
v -2.258469345218826 -29.098360655737704 99.97449332813198
v -2.258469345218826 -28.688524590163933 99.97449332813198
v -2.258469345218826 -28.278688524590162 99.97449332813198
v -2.258469345218826 -27.86885245901639 99.97449332813198
v -2.258469345218826 -27.45901639344262 99.97449332813198
v -2.258469345218826 -27.049180327868854 99.97449332813198
v -2.258469345218826 -26.639344262295083 99.97449332813198
v -2.258469345218826 -26.229508196721312 99.97449332813198
v -2.258469345218826 -25.81967213114754 99.97449332813198
v -2.258469345218826 -25.40983606557377 99.97449332813198
v -2.258469345218826 -25.0 99.97449332813198
v -2.258469345218826 -24.59016393442623 99.97449332813198
v -2.258469345218826 -24.18032786885246 99.97449332813198
v -2.258469345218826 -23.770491803278688 99.97449332813198
v -2.258469345218826 -23.360655737704917 99.97449332813198
v -2.258469345218826 -22.950819672131146 99.97449332813198
v -2.258469345218826 -22.540983606557376 99.97449332813198
v -2.258469345218826 -22.131147540983605 99.97449332813198
v -2.258469345218826 -21.721311475409834 99.97449332813198
v -2.258469345218826 -21.311475409836063 99.97449332813198
v -2.258469345218826 -20.901639344262293 99.97449332813198
v -2.258469345218826 -20.491803278688522 99.97449332813198
v -2.258469345218826 -20.081967213114755 99.97449332813198
v -2.258469345218826 -19.672131147540984 99.97449332813198
v -2.258469345218826 -19.262295081967213 99.97449332813198
v -2.258469345218826 -18.852459016393443 99.97449332813198
v -2.258469345218826 -18.442622950819672 99.97449332813198
v -2.258469345218826 -18.0327868852459 99.97449332813198
v -2.258469345218826 -17.622950819672127 99.97449332813198
v -2.258469345218826 -17.213114754098356 99.97449332813198
v -2.258469345218826 -16.803278688524593 99.97449332813198
v -2.258469345218826 -16.393442622950822 99.97449332813198
v -2.258469345218826 -15.983606557377051 99.97449332813198
v -2.258469345218826 -15.57377049180328 99.97449332813198
v -2.258469345218826 -15.16393442622951 99.97449332813198
v -2.258469345218826 -14.754098360655739 99.97449332813198
v -2.258469345218826 -14.344262295081968 99.97449332813198
v -2.258469345218826 -13.934426229508198 99.97449332813198
v -2.258469345218826 -13.524590163934427 99.97449332813198
v -2.258469345218826 -13.114754098360656 99.97449332813198
v -2.258469345218826 -12.704918032786885 99.97449332813198
v -2.258469345218826 -12.295081967213115 99.97449332813198
v -2.258469345218826 -11.885245901639344 99.97449332813198
v -2.258469345218826 -11.475409836065573 99.97449332813198
v -2.258469345218826 -11.065573770491802 99.97449332813198
v -2.258469345218826 -10.655737704918032 99.97449332813198
v -2.258469345218826 -10.245901639344261 99.97449332813198
v -2.258469345218826 -9.83606557377049 99.97449332813198
v -2.258469345218826 -9.42622950819672 99.97449332813198
v -2.258469345218826 -9.016393442622949 99.97449332813198
v -2.258469345218826 -8.606557377049178 99.97449332813198
v -2.258469345218826 -8.196721311475407 99.97449332813198
v -2.258469345218826 -7.786885245901637 99.97449332813198
v -2.258469345218826 -7.377049180327866 99.97449332813198
v -2.258469345218826 -6.967213114754095 99.97449332813198
v -2.258469345218826 -6.5573770491803245 99.97449332813198
v -2.258469345218826 -6.147540983606554 99.97449332813198
v -2.258469345218826 -5.737704918032783 99.97449332813198
v -2.258469345218826 -5.327868852459012 99.97449332813198
v -2.258469345218826 -4.918032786885242 99.97449332813198
v -2.258469345218826 -4.508196721311471 99.97449332813198
v -2.258469345218826 -4.098360655737707 99.97449332813198
v -2.258469345218826 -3.6885245901639365 99.97449332813198
v -2.258469345218826 -3.278688524590166 99.97449332813198
v -2.258469345218826 -2.868852459016395 99.97449332813198
v -2.258469345218826 -2.4590163934426243 99.97449332813198
v -2.258469345218826 -2.0491803278688536 99.97449332813198
v -2.258469345218826 -1.639344262295083 99.97449332813198
v -2.258469345218826 -1.2295081967213122 99.97449332813198
v -2.258469345218826 -0.8196721311475414 99.97449332813198
v -2.258469345218826 -0.4098360655737707 99.97449332813198
v -2.258469345218826 0.0 99.97449332813198
v -2.258469345218826 0.4098360655737707 99.97449332813198
v -2.258469345218826 0.8196721311475414 99.97449332813198
v -2.258469345218826 1.2295081967213122 99.97449332813198
v -2.258469345218826 1.639344262295083 99.97449332813198
v -2.258469345218826 2.0491803278688536 99.97449332813198
v -2.258469345218826 2.4590163934426243 99.97449332813198
v -2.258469345218826 2.868852459016395 99.97449332813198
v -2.258469345218826 3.278688524590166 99.97449332813198
v -2.258469345218826 3.6885245901639365 99.97449332813198
v -2.258469345218826 4.098360655737707 99.97449332813198
v -2.258469345218826 4.508196721311478 99.97449332813198
v -2.258469345218826 4.918032786885249 99.97449332813198
v -2.258469345218826 5.327868852459019 99.97449332813198
v -2.258469345218826 5.73770491803279 99.97449332813198
v -2.258469345218826 6.147540983606561 99.97449332813198
v -2.258469345218826 6.557377049180332 99.97449332813198
v -2.258469345218826 6.967213114754102 99.97449332813198
v -2.258469345218826 7.377049180327873 99.97449332813198
v -2.258469345218826 7.786885245901644 99.97449332813198
v -2.258469345218826 8.196721311475414 99.97449332813198
v -2.258469345218826 8.606557377049185 99.97449332813198
v -2.258469345218826 9.016393442622956 99.97449332813198
v -2.258469345218826 9.42622950819672 99.97449332813198
v -2.258469345218826 9.83606557377049 99.97449332813198
v -2.258469345218826 10.245901639344261 99.97449332813198
v -2.258469345218826 10.655737704918032 99.97449332813198
v -2.258469345218826 11.065573770491802 99.97449332813198
v -2.258469345218826 11.475409836065573 99.97449332813198
v -2.258469345218826 11.885245901639344 99.97449332813198
v -2.258469345218826 12.295081967213115 99.97449332813198
v -2.258469345218826 12.704918032786885 99.97449332813198
v -2.258469345218826 13.114754098360656 99.97449332813198
v -2.258469345218826 13.524590163934427 99.97449332813198
v -2.258469345218826 13.934426229508198 99.97449332813198
v -2.258469345218826 14.344262295081975 99.97449332813198
v -2.258469345218826 14.754098360655746 99.97449332813198
v -2.258469345218826 15.163934426229517 99.97449332813198
v -2.258469345218826 15.573770491803288 99.97449332813198
v -2.258469345218826 15.983606557377044 99.97449332813198
v -2.258469345218826 16.393442622950815 99.97449332813198
v -2.258469345218826 16.803278688524586 99.97449332813198
v -2.258469345218826 17.213114754098356 99.97449332813198
v -2.258469345218826 17.622950819672127 99.97449332813198
v -2.258469345218826 18.032786885245898 99.97449332813198
v -2.258469345218826 18.44262295081967 99.97449332813198
v -2.258469345218826 18.85245901639344 99.97449332813198
v -2.258469345218826 19.26229508196721 99.97449332813198
v -2.258469345218826 19.67213114754098 99.97449332813198
v -2.258469345218826 20.08196721311475 99.97449332813198
v -2.258469345218826 20.491803278688522 99.97449332813198
v -2.258469345218826 20.901639344262293 99.97449332813198
v -2.258469345218826 21.311475409836063 99.97449332813198
v -2.258469345218826 21.721311475409834 99.97449332813198
v -2.258469345218826 22.131147540983605 99.97449332813198
v -2.258469345218826 22.540983606557376 99.97449332813198
v -2.258469345218826 22.950819672131146 99.97449332813198
v -2.258469345218826 23.360655737704917 99.97449332813198
v -2.258469345218826 23.770491803278688 99.97449332813198
v -2.258469345218826 24.18032786885246 99.97449332813198
v -2.258469345218826 24.59016393442623 99.97449332813198
v -2.258469345218826 25.0 99.97449332813198
v -2.258469345218826 25.40983606557377 99.97449332813198
v -2.258469345218826 25.81967213114754 99.97449332813198
v -2.258469345218826 26.229508196721312 99.97449332813198
v -2.258469345218826 26.639344262295083 99.97449332813198
v -2.258469345218826 27.049180327868854 99.97449332813198
v -2.258469345218826 27.459016393442624 99.97449332813198
v -2.258469345218826 27.868852459016395 99.97449332813198
v -2.258469345218826 28.278688524590166 99.97449332813198
v -2.258469345218826 28.688524590163937 99.97449332813198
v -2.258469345218826 29.098360655737707 99.97449332813198
v -2.258469345218826 29.508196721311478 99.97449332813198
v -2.258469345218826 29.91803278688525 99.97449332813198
v -2.258469345218826 30.32786885245902 99.97449332813198
v -2.258469345218826 30.73770491803279 99.97449332813198
v -2.258469345218826 31.14754098360656 99.97449332813198
v -2.258469345218826 31.55737704918033 99.97449332813198
v -2.258469345218826 31.967213114754102 99.97449332813198
v -2.258469345218826 32.37704918032787 99.97449332813198
v -2.258469345218826 32.786885245901644 99.97449332813198
v -2.258469345218826 33.196721311475414 99.97449332813198
v -2.258469345218826 33.606557377049185 99.97449332813198
v -2.258469345218826 34.016393442622956 99.97449332813198
v -2.258469345218826 34.42622950819673 99.97449332813198
v -2.258469345218826 34.8360655737705 99.97449332813198
v -2.258469345218826 35.24590163934427 99.97449332813198
v -2.258469345218826 35.65573770491804 99.97449332813198
v -2.258469345218826 36.06557377049181 99.97449332813198
v -2.258469345218826 36.47540983606558 99.97449332813198
v -2.258469345218826 36.88524590163935 99.97449332813198
v -2.258469345218826 37.29508196721312 99.97449332813198
v -2.258469345218826 37.70491803278689 99.97449332813198
v -2.258469345218826 38.11475409836066 99.97449332813198
v -2.258469345218826 38.524590163934434 99.97449332813198
v -2.258469345218826 38.934426229508205 99.97449332813198
v -2.258469345218826 39.344262295081975 99.97449332813198
v -2.258469345218826 39.754098360655746 99.97449332813198
v -2.258469345218826 40.16393442622952 99.97449332813198
v -2.258469345218826 40.57377049180329 99.97449332813198
v -2.258469345218826 40.98360655737706 99.97449332813198
v -2.258469345218826 41.39344262295083 99.97449332813198
v -2.258469345218826 41.803278688524586 99.97449332813198
v -2.258469345218826 42.213114754098356 99.97449332813198
v -2.258469345218826 42.62295081967213 99.97449332813198
v -2.258469345218826 43.0327868852459 99.97449332813198
v -2.258469345218826 43.44262295081967 99.97449332813198
v -2.258469345218826 43.85245901639344 99.97449332813198
v -2.258469345218826 44.26229508196721 99.97449332813198
v -2.258469345218826 44.67213114754098 99.97449332813198
v -2.258469345218826 45.08196721311475 99.97449332813198
v -2.258469345218826 45.49180327868852 99.97449332813198
v -2.258469345218826 45.90163934426229 99.97449332813198
v -2.258469345218826 46.31147540983606 99.97449332813198
v -2.258469345218826 46.721311475409834 99.97449332813198
v -2.258469345218826 47.131147540983605 99.97449332813198
v -2.258469345218826 47.540983606557376 99.97449332813198
v -2.258469345218826 47.950819672131146 99.97449332813198
v -2.258469345218826 48.36065573770492 99.97449332813198
v -2.258469345218826 48.77049180327869 99.97449332813198
v -2.258469345218826 49.18032786885246 99.97449332813198
v -2.258469345218826 49.59016393442623 99.97449332813198
v -2.258469345218826 50.0 99.97449332813198
v -1.8478904959129916 -50.0 99.98292504580527
v -1.8478904959129916 -49.59016393442623 99.98292504580527
v -1.8478904959129916 -49.18032786885246 99.98292504580527
v -1.8478904959129916 -48.77049180327869 99.98292504580527
v -1.8478904959129916 -48.36065573770492 99.98292504580527
v -1.8478904959129916 -47.950819672131146 99.98292504580527
v -1.8478904959129916 -47.540983606557376 99.98292504580527
v -1.8478904959129916 -47.131147540983605 99.98292504580527
v -1.8478904959129916 -46.721311475409834 99.98292504580527
v -1.8478904959129916 -46.31147540983606 99.98292504580527
v -1.8478904959129916 -45.90163934426229 99.98292504580527
v -1.8478904959129916 -45.49180327868852 99.98292504580527
v -1.8478904959129916 -45.08196721311475 99.98292504580527
v -1.8478904959129916 -44.67213114754098 99.98292504580527
v -1.8478904959129916 -44.26229508196721 99.98292504580527
v -1.8478904959129916 -43.85245901639344 99.98292504580527
v -1.8478904959129916 -43.44262295081967 99.98292504580527
v -1.8478904959129916 -43.0327868852459 99.98292504580527
v -1.8478904959129916 -42.62295081967213 99.98292504580527
v -1.8478904959129916 -42.21311475409836 99.98292504580527
v -1.8478904959129916 -41.803278688524586 99.98292504580527
v -1.8478904959129916 -41.39344262295082 99.98292504580527
v -1.8478904959129916 -40.98360655737705 99.98292504580527
v -1.8478904959129916 -40.57377049180328 99.98292504580527
v -1.8478904959129916 -40.16393442622951 99.98292504580527
v -1.8478904959129916 -39.75409836065574 99.98292504580527
v -1.8478904959129916 -39.34426229508197 99.98292504580527
v -1.8478904959129916 -38.9344262295082 99.98292504580527
v -1.8478904959129916 -38.52459016393443 99.98292504580527
v -1.8478904959129916 -38.114754098360656 99.98292504580527
v -1.8478904959129916 -37.704918032786885 99.98292504580527
v -1.8478904959129916 -37.295081967213115 99.98292504580527
v -1.8478904959129916 -36.885245901639344 99.98292504580527
v -1.8478904959129916 -36.47540983606557 99.98292504580527
v -1.8478904959129916 -36.0655737704918 99.98292504580527
v -1.8478904959129916 -35.65573770491803 99.98292504580527
v -1.8478904959129916 -35.24590163934426 99.98292504580527
v -1.8478904959129916 -34.83606557377049 99.98292504580527
v -1.8478904959129916 -34.42622950819672 99.98292504580527
v -1.8478904959129916 -34.01639344262295 99.98292504580527
v -1.8478904959129916 -33.60655737704918 99.98292504580527
v -1.8478904959129916 -33.196721311475414 99.98292504580527
v -1.8478904959129916 -32.786885245901644 99.98292504580527
v -1.8478904959129916 -32.37704918032787 99.98292504580527
v -1.8478904959129916 -31.9672131147541 99.98292504580527
v -1.8478904959129916 -31.557377049180328 99.98292504580527
v -1.8478904959129916 -31.147540983606557 99.98292504580527
v -1.8478904959129916 -30.737704918032787 99.98292504580527
v -1.8478904959129916 -30.327868852459016 99.98292504580527
v -1.8478904959129916 -29.918032786885245 99.98292504580527
v -1.8478904959129916 -29.508196721311474 99.98292504580527
v -1.8478904959129916 -29.098360655737704 99.98292504580527
v -1.8478904959129916 -28.688524590163933 99.98292504580527
v -1.8478904959129916 -28.278688524590162 99.98292504580527
v -1.8478904959129916 -27.86885245901639 99.98292504580527
v -1.8478904959129916 -27.45901639344262 99.98292504580527
v -1.8478904959129916 -27.049180327868854 99.98292504580527
v -1.8478904959129916 -26.639344262295083 99.98292504580527
v -1.8478904959129916 -26.229508196721312 99.98292504580527
v -1.8478904959129916 -25.81967213114754 99.98292504580527
v -1.8478904959129916 -25.40983606557377 99.98292504580527
v -1.8478904959129916 -25.0 99.98292504580527
v -1.8478904959129916 -24.59016393442623 99.98292504580527
v -1.8478904959129916 -24.18032786885246 99.98292504580527
v -1.8478904959129916 -23.770491803278688 99.98292504580527
v -1.8478904959129916 -23.360655737704917 99.98292504580527
v -1.8478904959129916 -22.950819672131146 99.98292504580527
v -1.8478904959129916 -22.540983606557376 99.98292504580527
v -1.8478904959129916 -22.131147540983605 99.98292504580527
v -1.8478904959129916 -21.721311475409834 99.98292504580527
v -1.8478904959129916 -21.311475409836063 99.98292504580527
v -1.8478904959129916 -20.901639344262293 99.98292504580527
v -1.8478904959129916 -20.491803278688522 99.98292504580527
v -1.8478904959129916 -20.081967213114755 99.98292504580527
v -1.8478904959129916 -19.672131147540984 99.98292504580527
v -1.8478904959129916 -19.262295081967213 99.98292504580527
v -1.8478904959129916 -18.852459016393443 99.98292504580527
v -1.8478904959129916 -18.442622950819672 99.98292504580527
v -1.8478904959129916 -18.0327868852459 99.98292504580527
v -1.8478904959129916 -17.622950819672127 99.98292504580527
v -1.8478904959129916 -17.213114754098356 99.98292504580527
v -1.8478904959129916 -16.803278688524593 99.98292504580527
v -1.8478904959129916 -16.393442622950822 99.98292504580527
v -1.8478904959129916 -15.983606557377051 99.98292504580527
v -1.8478904959129916 -15.57377049180328 99.98292504580527
v -1.8478904959129916 -15.16393442622951 99.98292504580527
v -1.8478904959129916 -14.754098360655739 99.98292504580527
v -1.8478904959129916 -14.344262295081968 99.98292504580527
v -1.8478904959129916 -13.934426229508198 99.98292504580527
v -1.8478904959129916 -13.524590163934427 99.98292504580527
v -1.8478904959129916 -13.114754098360656 99.98292504580527
v -1.8478904959129916 -12.704918032786885 99.98292504580527
v -1.8478904959129916 -12.295081967213115 99.98292504580527
v -1.8478904959129916 -11.885245901639344 99.98292504580527
v -1.8478904959129916 -11.475409836065573 99.98292504580527
v -1.8478904959129916 -11.065573770491802 99.98292504580527
v -1.8478904959129916 -10.655737704918032 99.98292504580527
v -1.8478904959129916 -10.245901639344261 99.98292504580527
v -1.8478904959129916 -9.83606557377049 99.98292504580527
v -1.8478904959129916 -9.42622950819672 99.98292504580527
v -1.8478904959129916 -9.016393442622949 99.98292504580527
v -1.8478904959129916 -8.606557377049178 99.98292504580527
v -1.8478904959129916 -8.196721311475407 99.98292504580527
v -1.8478904959129916 -7.786885245901637 99.98292504580527
v -1.8478904959129916 -7.377049180327866 99.98292504580527
v -1.8478904959129916 -6.967213114754095 99.98292504580527
v -1.8478904959129916 -6.5573770491803245 99.98292504580527
v -1.8478904959129916 -6.147540983606554 99.98292504580527
v -1.8478904959129916 -5.737704918032783 99.98292504580527
v -1.8478904959129916 -5.327868852459012 99.98292504580527
v -1.8478904959129916 -4.918032786885242 99.98292504580527
v -1.8478904959129916 -4.508196721311471 99.98292504580527
v -1.8478904959129916 -4.098360655737707 99.98292504580527
v -1.8478904959129916 -3.6885245901639365 99.98292504580527
v -1.8478904959129916 -3.278688524590166 99.98292504580527
v -1.8478904959129916 -2.868852459016395 99.98292504580527
v -1.8478904959129916 -2.4590163934426243 99.98292504580527
v -1.8478904959129916 -2.0491803278688536 99.98292504580527
v -1.8478904959129916 -1.639344262295083 99.98292504580527
v -1.8478904959129916 -1.2295081967213122 99.98292504580527
v -1.8478904959129916 -0.8196721311475414 99.98292504580527
v -1.8478904959129916 -0.4098360655737707 99.98292504580527
v -1.8478904959129916 0.0 99.98292504580527
v -1.8478904959129916 0.4098360655737707 99.98292504580527
v -1.8478904959129916 0.8196721311475414 99.98292504580527
v -1.8478904959129916 1.2295081967213122 99.98292504580527
v -1.8478904959129916 1.639344262295083 99.98292504580527
v -1.8478904959129916 2.0491803278688536 99.98292504580527
v -1.8478904959129916 2.4590163934426243 99.98292504580527
v -1.8478904959129916 2.868852459016395 99.98292504580527
v -1.8478904959129916 3.278688524590166 99.98292504580527
v -1.8478904959129916 3.6885245901639365 99.98292504580527
v -1.8478904959129916 4.098360655737707 99.98292504580527
v -1.8478904959129916 4.508196721311478 99.98292504580527
v -1.8478904959129916 4.918032786885249 99.98292504580527
v -1.8478904959129916 5.327868852459019 99.98292504580527
v -1.8478904959129916 5.73770491803279 99.98292504580527
v -1.8478904959129916 6.147540983606561 99.98292504580527
v -1.8478904959129916 6.557377049180332 99.98292504580527
v -1.8478904959129916 6.967213114754102 99.98292504580527
v -1.8478904959129916 7.377049180327873 99.98292504580527
v -1.8478904959129916 7.786885245901644 99.98292504580527
v -1.8478904959129916 8.196721311475414 99.98292504580527
v -1.8478904959129916 8.606557377049185 99.98292504580527
v -1.8478904959129916 9.016393442622956 99.98292504580527
v -1.8478904959129916 9.42622950819672 99.98292504580527
v -1.8478904959129916 9.83606557377049 99.98292504580527
v -1.8478904959129916 10.245901639344261 99.98292504580527
v -1.8478904959129916 10.655737704918032 99.98292504580527
v -1.8478904959129916 11.065573770491802 99.98292504580527
v -1.8478904959129916 11.475409836065573 99.98292504580527
v -1.8478904959129916 11.885245901639344 99.98292504580527
v -1.8478904959129916 12.295081967213115 99.98292504580527
v -1.8478904959129916 12.704918032786885 99.98292504580527
v -1.8478904959129916 13.114754098360656 99.98292504580527
v -1.8478904959129916 13.524590163934427 99.98292504580527
v -1.8478904959129916 13.934426229508198 99.98292504580527
v -1.8478904959129916 14.344262295081975 99.98292504580527
v -1.8478904959129916 14.754098360655746 99.98292504580527
v -1.8478904959129916 15.163934426229517 99.98292504580527
v -1.8478904959129916 15.573770491803288 99.98292504580527
v -1.8478904959129916 15.983606557377044 99.98292504580527
v -1.8478904959129916 16.393442622950815 99.98292504580527
v -1.8478904959129916 16.803278688524586 99.98292504580527
v -1.8478904959129916 17.213114754098356 99.98292504580527
v -1.8478904959129916 17.622950819672127 99.98292504580527
v -1.8478904959129916 18.032786885245898 99.98292504580527
v -1.8478904959129916 18.44262295081967 99.98292504580527
v -1.8478904959129916 18.85245901639344 99.98292504580527
v -1.8478904959129916 19.26229508196721 99.98292504580527
v -1.8478904959129916 19.67213114754098 99.98292504580527
v -1.8478904959129916 20.08196721311475 99.98292504580527
v -1.8478904959129916 20.491803278688522 99.98292504580527
v -1.8478904959129916 20.901639344262293 99.98292504580527
v -1.8478904959129916 21.311475409836063 99.98292504580527
v -1.8478904959129916 21.721311475409834 99.98292504580527
v -1.8478904959129916 22.131147540983605 99.98292504580527
v -1.8478904959129916 22.540983606557376 99.98292504580527
v -1.8478904959129916 22.950819672131146 99.98292504580527
v -1.8478904959129916 23.360655737704917 99.98292504580527
v -1.8478904959129916 23.770491803278688 99.98292504580527
v -1.8478904959129916 24.18032786885246 99.98292504580527
v -1.8478904959129916 24.59016393442623 99.98292504580527
v -1.8478904959129916 25.0 99.98292504580527
v -1.8478904959129916 25.40983606557377 99.98292504580527
v -1.8478904959129916 25.81967213114754 99.98292504580527
v -1.8478904959129916 26.229508196721312 99.98292504580527
v -1.8478904959129916 26.639344262295083 99.98292504580527
v -1.8478904959129916 27.049180327868854 99.98292504580527
v -1.8478904959129916 27.459016393442624 99.98292504580527
v -1.8478904959129916 27.868852459016395 99.98292504580527
v -1.8478904959129916 28.278688524590166 99.98292504580527
v -1.8478904959129916 28.688524590163937 99.98292504580527
v -1.8478904959129916 29.098360655737707 99.98292504580527
v -1.8478904959129916 29.508196721311478 99.98292504580527
v -1.8478904959129916 29.91803278688525 99.98292504580527
v -1.8478904959129916 30.32786885245902 99.98292504580527
v -1.8478904959129916 30.73770491803279 99.98292504580527
v -1.8478904959129916 31.14754098360656 99.98292504580527
v -1.8478904959129916 31.55737704918033 99.98292504580527
v -1.8478904959129916 31.967213114754102 99.98292504580527
v -1.8478904959129916 32.37704918032787 99.98292504580527
v -1.8478904959129916 32.786885245901644 99.98292504580527
v -1.8478904959129916 33.196721311475414 99.98292504580527
v -1.8478904959129916 33.606557377049185 99.98292504580527
v -1.8478904959129916 34.016393442622956 99.98292504580527
v -1.8478904959129916 34.42622950819673 99.98292504580527
v -1.8478904959129916 34.8360655737705 99.98292504580527
v -1.8478904959129916 35.24590163934427 99.98292504580527
v -1.8478904959129916 35.65573770491804 99.98292504580527
v -1.8478904959129916 36.06557377049181 99.98292504580527
v -1.8478904959129916 36.47540983606558 99.98292504580527
v -1.8478904959129916 36.88524590163935 99.98292504580527
v -1.8478904959129916 37.29508196721312 99.98292504580527
v -1.8478904959129916 37.70491803278689 99.98292504580527
v -1.8478904959129916 38.11475409836066 99.98292504580527
v -1.8478904959129916 38.524590163934434 99.98292504580527
v -1.8478904959129916 38.934426229508205 99.98292504580527
v -1.8478904959129916 39.344262295081975 99.98292504580527
v -1.8478904959129916 39.754098360655746 99.98292504580527
v -1.8478904959129916 40.16393442622952 99.98292504580527
v -1.8478904959129916 40.57377049180329 99.98292504580527
v -1.8478904959129916 40.98360655737706 99.98292504580527
v -1.8478904959129916 41.39344262295083 99.98292504580527
v -1.8478904959129916 41.803278688524586 99.98292504580527
v -1.8478904959129916 42.213114754098356 99.98292504580527
v -1.8478904959129916 42.62295081967213 99.98292504580527
v -1.8478904959129916 43.0327868852459 99.98292504580527
v -1.8478904959129916 43.44262295081967 99.98292504580527
v -1.8478904959129916 43.85245901639344 99.98292504580527
v -1.8478904959129916 44.26229508196721 99.98292504580527
v -1.8478904959129916 44.67213114754098 99.98292504580527
v -1.8478904959129916 45.08196721311475 99.98292504580527
v -1.8478904959129916 45.49180327868852 99.98292504580527
v -1.8478904959129916 45.90163934426229 99.98292504580527
v -1.8478904959129916 46.31147540983606 99.98292504580527
v -1.8478904959129916 46.721311475409834 99.98292504580527
v -1.8478904959129916 47.131147540983605 99.98292504580527
v -1.8478904959129916 47.540983606557376 99.98292504580527
v -1.8478904959129916 47.950819672131146 99.98292504580527
v -1.8478904959129916 48.36065573770492 99.98292504580527
v -1.8478904959129916 48.77049180327869 99.98292504580527
v -1.8478904959129916 49.18032786885246 99.98292504580527
v -1.8478904959129916 49.59016393442623 99.98292504580527
v -1.8478904959129916 50.0 99.98292504580527
v -1.4372804826573482 -50.0 99.98967059058737
v -1.4372804826573482 -49.59016393442623 99.98967059058737
v -1.4372804826573482 -49.18032786885246 99.98967059058737
v -1.4372804826573482 -48.77049180327869 99.98967059058737
v -1.4372804826573482 -48.36065573770492 99.98967059058737
v -1.4372804826573482 -47.950819672131146 99.98967059058737
v -1.4372804826573482 -47.540983606557376 99.98967059058737
v -1.4372804826573482 -47.131147540983605 99.98967059058737
v -1.4372804826573482 -46.721311475409834 99.98967059058737
v -1.4372804826573482 -46.31147540983606 99.98967059058737
v -1.4372804826573482 -45.90163934426229 99.98967059058737
v -1.4372804826573482 -45.49180327868852 99.98967059058737
v -1.4372804826573482 -45.08196721311475 99.98967059058737
v -1.4372804826573482 -44.67213114754098 99.98967059058737
v -1.4372804826573482 -44.26229508196721 99.98967059058737
v -1.4372804826573482 -43.85245901639344 99.98967059058737
v -1.4372804826573482 -43.44262295081967 99.98967059058737
v -1.4372804826573482 -43.0327868852459 99.98967059058737
v -1.4372804826573482 -42.62295081967213 99.98967059058737
v -1.4372804826573482 -42.21311475409836 99.98967059058737
v -1.4372804826573482 -41.803278688524586 99.98967059058737
v -1.4372804826573482 -41.39344262295082 99.98967059058737
v -1.4372804826573482 -40.98360655737705 99.98967059058737
v -1.4372804826573482 -40.57377049180328 99.98967059058737
v -1.4372804826573482 -40.16393442622951 99.98967059058737
v -1.4372804826573482 -39.75409836065574 99.98967059058737
v -1.4372804826573482 -39.34426229508197 99.98967059058737
v -1.4372804826573482 -38.9344262295082 99.98967059058737
v -1.4372804826573482 -38.52459016393443 99.98967059058737
v -1.4372804826573482 -38.114754098360656 99.98967059058737
v -1.4372804826573482 -37.704918032786885 99.98967059058737
v -1.4372804826573482 -37.295081967213115 99.98967059058737
v -1.4372804826573482 -36.885245901639344 99.98967059058737
v -1.4372804826573482 -36.47540983606557 99.98967059058737
v -1.4372804826573482 -36.0655737704918 99.98967059058737
v -1.4372804826573482 -35.65573770491803 99.98967059058737
v -1.4372804826573482 -35.24590163934426 99.98967059058737
v -1.4372804826573482 -34.83606557377049 99.98967059058737
v -1.4372804826573482 -34.42622950819672 99.98967059058737
v -1.4372804826573482 -34.01639344262295 99.98967059058737
v -1.4372804826573482 -33.60655737704918 99.98967059058737
v -1.4372804826573482 -33.196721311475414 99.98967059058737
v -1.4372804826573482 -32.786885245901644 99.98967059058737
v -1.4372804826573482 -32.37704918032787 99.98967059058737
v -1.4372804826573482 -31.9672131147541 99.98967059058737
v -1.4372804826573482 -31.557377049180328 99.98967059058737
v -1.4372804826573482 -31.147540983606557 99.98967059058737
v -1.4372804826573482 -30.737704918032787 99.98967059058737
v -1.4372804826573482 -30.327868852459016 99.98967059058737
v -1.4372804826573482 -29.918032786885245 99.98967059058737
v -1.4372804826573482 -29.508196721311474 99.98967059058737
v -1.4372804826573482 -29.098360655737704 99.98967059058737
v -1.4372804826573482 -28.688524590163933 99.98967059058737
v -1.4372804826573482 -28.278688524590162 99.98967059058737
v -1.4372804826573482 -27.86885245901639 99.98967059058737
v -1.4372804826573482 -27.45901639344262 99.98967059058737
v -1.4372804826573482 -27.049180327868854 99.98967059058737
v -1.4372804826573482 -26.639344262295083 99.98967059058737
v -1.4372804826573482 -26.229508196721312 99.98967059058737
v -1.4372804826573482 -25.81967213114754 99.98967059058737
v -1.4372804826573482 -25.40983606557377 99.98967059058737
v -1.4372804826573482 -25.0 99.98967059058737
v -1.4372804826573482 -24.59016393442623 99.98967059058737
v -1.4372804826573482 -24.18032786885246 99.98967059058737
v -1.4372804826573482 -23.770491803278688 99.98967059058737
v -1.4372804826573482 -23.360655737704917 99.98967059058737
v -1.4372804826573482 -22.950819672131146 99.98967059058737
v -1.4372804826573482 -22.540983606557376 99.98967059058737
v -1.4372804826573482 -22.131147540983605 99.98967059058737
v -1.4372804826573482 -21.721311475409834 99.98967059058737
v -1.4372804826573482 -21.311475409836063 99.98967059058737
v -1.4372804826573482 -20.901639344262293 99.98967059058737
v -1.4372804826573482 -20.491803278688522 99.98967059058737
v -1.4372804826573482 -20.081967213114755 99.98967059058737
v -1.4372804826573482 -19.672131147540984 99.98967059058737
v -1.4372804826573482 -19.262295081967213 99.98967059058737
v -1.4372804826573482 -18.852459016393443 99.98967059058737
v -1.4372804826573482 -18.442622950819672 99.98967059058737
v -1.4372804826573482 -18.0327868852459 99.98967059058737
v -1.4372804826573482 -17.622950819672127 99.98967059058737
v -1.4372804826573482 -17.213114754098356 99.98967059058737
v -1.4372804826573482 -16.803278688524593 99.98967059058737
v -1.4372804826573482 -16.393442622950822 99.98967059058737
v -1.4372804826573482 -15.983606557377051 99.98967059058737
v -1.4372804826573482 -15.57377049180328 99.98967059058737
v -1.4372804826573482 -15.16393442622951 99.98967059058737
v -1.4372804826573482 -14.754098360655739 99.98967059058737
v -1.4372804826573482 -14.344262295081968 99.98967059058737
v -1.4372804826573482 -13.934426229508198 99.98967059058737
v -1.4372804826573482 -13.524590163934427 99.98967059058737
v -1.4372804826573482 -13.114754098360656 99.98967059058737
v -1.4372804826573482 -12.704918032786885 99.98967059058737
v -1.4372804826573482 -12.295081967213115 99.98967059058737
v -1.4372804826573482 -11.885245901639344 99.98967059058737
v -1.4372804826573482 -11.475409836065573 99.98967059058737
v -1.4372804826573482 -11.065573770491802 99.98967059058737
v -1.4372804826573482 -10.655737704918032 99.98967059058737
v -1.4372804826573482 -10.245901639344261 99.98967059058737
v -1.4372804826573482 -9.83606557377049 99.98967059058737
v -1.4372804826573482 -9.42622950819672 99.98967059058737
v -1.4372804826573482 -9.016393442622949 99.98967059058737
v -1.4372804826573482 -8.606557377049178 99.98967059058737
v -1.4372804826573482 -8.196721311475407 99.98967059058737
v -1.4372804826573482 -7.786885245901637 99.98967059058737
v -1.4372804826573482 -7.377049180327866 99.98967059058737
v -1.4372804826573482 -6.967213114754095 99.98967059058737
v -1.4372804826573482 -6.5573770491803245 99.98967059058737
v -1.4372804826573482 -6.147540983606554 99.98967059058737
v -1.4372804826573482 -5.737704918032783 99.98967059058737
v -1.4372804826573482 -5.327868852459012 99.98967059058737
v -1.4372804826573482 -4.918032786885242 99.98967059058737
v -1.4372804826573482 -4.508196721311471 99.98967059058737
v -1.4372804826573482 -4.098360655737707 99.98967059058737
v -1.4372804826573482 -3.6885245901639365 99.98967059058737
v -1.4372804826573482 -3.278688524590166 99.98967059058737
v -1.4372804826573482 -2.868852459016395 99.98967059058737
v -1.4372804826573482 -2.4590163934426243 99.98967059058737
v -1.4372804826573482 -2.0491803278688536 99.98967059058737
v -1.4372804826573482 -1.639344262295083 99.98967059058737
v -1.4372804826573482 -1.2295081967213122 99.98967059058737
v -1.4372804826573482 -0.8196721311475414 99.98967059058737
v -1.4372804826573482 -0.4098360655737707 99.98967059058737
v -1.4372804826573482 0.0 99.98967059058737
v -1.4372804826573482 0.4098360655737707 99.98967059058737
v -1.4372804826573482 0.8196721311475414 99.98967059058737
v -1.4372804826573482 1.2295081967213122 99.98967059058737
v -1.4372804826573482 1.639344262295083 99.98967059058737
v -1.4372804826573482 2.0491803278688536 99.98967059058737
v -1.4372804826573482 2.4590163934426243 99.98967059058737
v -1.4372804826573482 2.868852459016395 99.98967059058737
v -1.4372804826573482 3.278688524590166 99.98967059058737
v -1.4372804826573482 3.6885245901639365 99.98967059058737
v -1.4372804826573482 4.098360655737707 99.98967059058737
v -1.4372804826573482 4.508196721311478 99.98967059058737
v -1.4372804826573482 4.918032786885249 99.98967059058737
v -1.4372804826573482 5.327868852459019 99.98967059058737
v -1.4372804826573482 5.73770491803279 99.98967059058737
v -1.4372804826573482 6.147540983606561 99.98967059058737
v -1.4372804826573482 6.557377049180332 99.98967059058737
v -1.4372804826573482 6.967213114754102 99.98967059058737
v -1.4372804826573482 7.377049180327873 99.98967059058737
v -1.4372804826573482 7.786885245901644 99.98967059058737
v -1.4372804826573482 8.196721311475414 99.98967059058737
v -1.4372804826573482 8.606557377049185 99.98967059058737
v -1.4372804826573482 9.016393442622956 99.98967059058737
v -1.4372804826573482 9.42622950819672 99.98967059058737
v -1.4372804826573482 9.83606557377049 99.98967059058737
v -1.4372804826573482 10.245901639344261 99.98967059058737
v -1.4372804826573482 10.655737704918032 99.98967059058737
v -1.4372804826573482 11.065573770491802 99.98967059058737
v -1.4372804826573482 11.475409836065573 99.98967059058737
v -1.4372804826573482 11.885245901639344 99.98967059058737
v -1.4372804826573482 12.295081967213115 99.98967059058737
v -1.4372804826573482 12.704918032786885 99.98967059058737
v -1.4372804826573482 13.114754098360656 99.98967059058737
v -1.4372804826573482 13.524590163934427 99.98967059058737
v -1.4372804826573482 13.934426229508198 99.98967059058737
v -1.4372804826573482 14.344262295081975 99.98967059058737
v -1.4372804826573482 14.754098360655746 99.98967059058737
v -1.4372804826573482 15.163934426229517 99.98967059058737
v -1.4372804826573482 15.573770491803288 99.98967059058737
v -1.4372804826573482 15.983606557377044 99.98967059058737
v -1.4372804826573482 16.393442622950815 99.98967059058737
v -1.4372804826573482 16.803278688524586 99.98967059058737
v -1.4372804826573482 17.213114754098356 99.98967059058737
v -1.4372804826573482 17.622950819672127 99.98967059058737
v -1.4372804826573482 18.032786885245898 99.98967059058737
v -1.4372804826573482 18.44262295081967 99.98967059058737
v -1.4372804826573482 18.85245901639344 99.98967059058737
v -1.4372804826573482 19.26229508196721 99.98967059058737
v -1.4372804826573482 19.67213114754098 99.98967059058737
v -1.4372804826573482 20.08196721311475 99.98967059058737
v -1.4372804826573482 20.491803278688522 99.98967059058737
v -1.4372804826573482 20.901639344262293 99.98967059058737
v -1.4372804826573482 21.311475409836063 99.98967059058737
v -1.4372804826573482 21.721311475409834 99.98967059058737
v -1.4372804826573482 22.131147540983605 99.98967059058737
v -1.4372804826573482 22.540983606557376 99.98967059058737
v -1.4372804826573482 22.950819672131146 99.98967059058737
v -1.4372804826573482 23.360655737704917 99.98967059058737
v -1.4372804826573482 23.770491803278688 99.98967059058737
v -1.4372804826573482 24.18032786885246 99.98967059058737
v -1.4372804826573482 24.59016393442623 99.98967059058737
v -1.4372804826573482 25.0 99.98967059058737
v -1.4372804826573482 25.40983606557377 99.98967059058737
v -1.4372804826573482 25.81967213114754 99.98967059058737
v -1.4372804826573482 26.229508196721312 99.98967059058737
v -1.4372804826573482 26.639344262295083 99.98967059058737
v -1.4372804826573482 27.049180327868854 99.98967059058737
v -1.4372804826573482 27.459016393442624 99.98967059058737
v -1.4372804826573482 27.868852459016395 99.98967059058737
v -1.4372804826573482 28.278688524590166 99.98967059058737
v -1.4372804826573482 28.688524590163937 99.98967059058737
v -1.4372804826573482 29.098360655737707 99.98967059058737
v -1.4372804826573482 29.508196721311478 99.98967059058737
v -1.4372804826573482 29.91803278688525 99.98967059058737
v -1.4372804826573482 30.32786885245902 99.98967059058737
v -1.4372804826573482 30.73770491803279 99.98967059058737
v -1.4372804826573482 31.14754098360656 99.98967059058737
v -1.4372804826573482 31.55737704918033 99.98967059058737
v -1.4372804826573482 31.967213114754102 99.98967059058737
v -1.4372804826573482 32.37704918032787 99.98967059058737
v -1.4372804826573482 32.786885245901644 99.98967059058737
v -1.4372804826573482 33.196721311475414 99.98967059058737
v -1.4372804826573482 33.606557377049185 99.98967059058737
v -1.4372804826573482 34.016393442622956 99.98967059058737
v -1.4372804826573482 34.42622950819673 99.98967059058737
v -1.4372804826573482 34.8360655737705 99.98967059058737
v -1.4372804826573482 35.24590163934427 99.98967059058737
v -1.4372804826573482 35.65573770491804 99.98967059058737
v -1.4372804826573482 36.06557377049181 99.98967059058737
v -1.4372804826573482 36.47540983606558 99.98967059058737
v -1.4372804826573482 36.88524590163935 99.98967059058737
v -1.4372804826573482 37.29508196721312 99.98967059058737
v -1.4372804826573482 37.70491803278689 99.98967059058737
v -1.4372804826573482 38.11475409836066 99.98967059058737
v -1.4372804826573482 38.524590163934434 99.98967059058737
v -1.4372804826573482 38.934426229508205 99.98967059058737
v -1.4372804826573482 39.344262295081975 99.98967059058737
v -1.4372804826573482 39.754098360655746 99.98967059058737
v -1.4372804826573482 40.16393442622952 99.98967059058737
v -1.4372804826573482 40.57377049180329 99.98967059058737
v -1.4372804826573482 40.98360655737706 99.98967059058737
v -1.4372804826573482 41.39344262295083 99.98967059058737
v -1.4372804826573482 41.803278688524586 99.98967059058737
v -1.4372804826573482 42.213114754098356 99.98967059058737
v -1.4372804826573482 42.62295081967213 99.98967059058737
v -1.4372804826573482 43.0327868852459 99.98967059058737
v -1.4372804826573482 43.44262295081967 99.98967059058737
v -1.4372804826573482 43.85245901639344 99.98967059058737
v -1.4372804826573482 44.26229508196721 99.98967059058737
v -1.4372804826573482 44.67213114754098 99.98967059058737
v -1.4372804826573482 45.08196721311475 99.98967059058737
v -1.4372804826573482 45.49180327868852 99.98967059058737
v -1.4372804826573482 45.90163934426229 99.98967059058737
v -1.4372804826573482 46.31147540983606 99.98967059058737
v -1.4372804826573482 46.721311475409834 99.98967059058737
v -1.4372804826573482 47.131147540983605 99.98967059058737
v -1.4372804826573482 47.540983606557376 99.98967059058737
v -1.4372804826573482 47.950819672131146 99.98967059058737
v -1.4372804826573482 48.36065573770492 99.98967059058737
v -1.4372804826573482 48.77049180327869 99.98967059058737
v -1.4372804826573482 49.18032786885246 99.98967059058737
v -1.4372804826573482 49.59016393442623 99.98967059058737
v -1.4372804826573482 50.0 99.98967059058737
v -1.0266462302290087 -50.0 99.99472984871731
v -1.0266462302290087 -49.59016393442623 99.99472984871731
v -1.0266462302290087 -49.18032786885246 99.99472984871731
v -1.0266462302290087 -48.77049180327869 99.99472984871731
v -1.0266462302290087 -48.36065573770492 99.99472984871731
v -1.0266462302290087 -47.950819672131146 99.99472984871731
v -1.0266462302290087 -47.540983606557376 99.99472984871731
v -1.0266462302290087 -47.131147540983605 99.99472984871731
v -1.0266462302290087 -46.721311475409834 99.99472984871731
v -1.0266462302290087 -46.31147540983606 99.99472984871731
v -1.0266462302290087 -45.90163934426229 99.99472984871731
v -1.0266462302290087 -45.49180327868852 99.99472984871731
v -1.0266462302290087 -45.08196721311475 99.99472984871731
v -1.0266462302290087 -44.67213114754098 99.99472984871731
v -1.0266462302290087 -44.26229508196721 99.99472984871731
v -1.0266462302290087 -43.85245901639344 99.99472984871731
v -1.0266462302290087 -43.44262295081967 99.99472984871731
v -1.0266462302290087 -43.0327868852459 99.99472984871731
v -1.0266462302290087 -42.62295081967213 99.99472984871731
v -1.0266462302290087 -42.21311475409836 99.99472984871731
v -1.0266462302290087 -41.803278688524586 99.99472984871731
v -1.0266462302290087 -41.39344262295082 99.99472984871731
v -1.0266462302290087 -40.98360655737705 99.99472984871731
v -1.0266462302290087 -40.57377049180328 99.99472984871731
v -1.0266462302290087 -40.16393442622951 99.99472984871731
v -1.0266462302290087 -39.75409836065574 99.99472984871731
v -1.0266462302290087 -39.34426229508197 99.99472984871731
v -1.0266462302290087 -38.9344262295082 99.99472984871731
v -1.0266462302290087 -38.52459016393443 99.99472984871731
v -1.0266462302290087 -38.114754098360656 99.99472984871731
v -1.0266462302290087 -37.704918032786885 99.99472984871731
v -1.0266462302290087 -37.295081967213115 99.99472984871731
v -1.0266462302290087 -36.885245901639344 99.99472984871731
v -1.0266462302290087 -36.47540983606557 99.99472984871731
v -1.0266462302290087 -36.0655737704918 99.99472984871731
v -1.0266462302290087 -35.65573770491803 99.99472984871731
v -1.0266462302290087 -35.24590163934426 99.99472984871731
v -1.0266462302290087 -34.83606557377049 99.99472984871731
v -1.0266462302290087 -34.42622950819672 99.99472984871731
v -1.0266462302290087 -34.01639344262295 99.99472984871731
v -1.0266462302290087 -33.60655737704918 99.99472984871731
v -1.0266462302290087 -33.196721311475414 99.99472984871731
v -1.0266462302290087 -32.786885245901644 99.99472984871731
v -1.0266462302290087 -32.37704918032787 99.99472984871731
v -1.0266462302290087 -31.9672131147541 99.99472984871731
v -1.0266462302290087 -31.557377049180328 99.99472984871731
v -1.0266462302290087 -31.147540983606557 99.99472984871731
v -1.0266462302290087 -30.737704918032787 99.99472984871731
v -1.0266462302290087 -30.327868852459016 99.99472984871731
v -1.0266462302290087 -29.918032786885245 99.99472984871731
v -1.0266462302290087 -29.508196721311474 99.99472984871731
v -1.0266462302290087 -29.098360655737704 99.99472984871731
v -1.0266462302290087 -28.688524590163933 99.99472984871731
v -1.0266462302290087 -28.278688524590162 99.99472984871731
v -1.0266462302290087 -27.86885245901639 99.99472984871731
v -1.0266462302290087 -27.45901639344262 99.99472984871731
v -1.0266462302290087 -27.049180327868854 99.99472984871731
v -1.0266462302290087 -26.639344262295083 99.99472984871731
v -1.0266462302290087 -26.229508196721312 99.99472984871731
v -1.0266462302290087 -25.81967213114754 99.99472984871731
v -1.0266462302290087 -25.40983606557377 99.99472984871731
v -1.0266462302290087 -25.0 99.99472984871731
v -1.0266462302290087 -24.59016393442623 99.99472984871731
v -1.0266462302290087 -24.18032786885246 99.99472984871731
v -1.0266462302290087 -23.770491803278688 99.99472984871731
v -1.0266462302290087 -23.360655737704917 99.99472984871731
v -1.0266462302290087 -22.950819672131146 99.99472984871731
v -1.0266462302290087 -22.540983606557376 99.99472984871731
v -1.0266462302290087 -22.131147540983605 99.99472984871731
v -1.0266462302290087 -21.721311475409834 99.99472984871731
v -1.0266462302290087 -21.311475409836063 99.99472984871731
v -1.0266462302290087 -20.901639344262293 99.99472984871731
v -1.0266462302290087 -20.491803278688522 99.99472984871731
v -1.0266462302290087 -20.081967213114755 99.99472984871731
v -1.0266462302290087 -19.672131147540984 99.99472984871731
v -1.0266462302290087 -19.262295081967213 99.99472984871731
v -1.0266462302290087 -18.852459016393443 99.99472984871731
v -1.0266462302290087 -18.442622950819672 99.99472984871731
v -1.0266462302290087 -18.0327868852459 99.99472984871731
v -1.0266462302290087 -17.622950819672127 99.99472984871731
v -1.0266462302290087 -17.213114754098356 99.99472984871731
v -1.0266462302290087 -16.803278688524593 99.99472984871731
v -1.0266462302290087 -16.393442622950822 99.99472984871731
v -1.0266462302290087 -15.983606557377051 99.99472984871731
v -1.0266462302290087 -15.57377049180328 99.99472984871731
v -1.0266462302290087 -15.16393442622951 99.99472984871731
v -1.0266462302290087 -14.754098360655739 99.99472984871731
v -1.0266462302290087 -14.344262295081968 99.99472984871731
v -1.0266462302290087 -13.934426229508198 99.99472984871731
v -1.0266462302290087 -13.524590163934427 99.99472984871731
v -1.0266462302290087 -13.114754098360656 99.99472984871731
v -1.0266462302290087 -12.704918032786885 99.99472984871731
v -1.0266462302290087 -12.295081967213115 99.99472984871731
v -1.0266462302290087 -11.885245901639344 99.99472984871731
v -1.0266462302290087 -11.475409836065573 99.99472984871731
v -1.0266462302290087 -11.065573770491802 99.99472984871731
v -1.0266462302290087 -10.655737704918032 99.99472984871731
v -1.0266462302290087 -10.245901639344261 99.99472984871731
v -1.0266462302290087 -9.83606557377049 99.99472984871731
v -1.0266462302290087 -9.42622950819672 99.99472984871731
v -1.0266462302290087 -9.016393442622949 99.99472984871731
v -1.0266462302290087 -8.606557377049178 99.99472984871731
v -1.0266462302290087 -8.196721311475407 99.99472984871731
v -1.0266462302290087 -7.786885245901637 99.99472984871731
v -1.0266462302290087 -7.377049180327866 99.99472984871731
v -1.0266462302290087 -6.967213114754095 99.99472984871731
v -1.0266462302290087 -6.5573770491803245 99.99472984871731
v -1.0266462302290087 -6.147540983606554 99.99472984871731
v -1.0266462302290087 -5.737704918032783 99.99472984871731
v -1.0266462302290087 -5.327868852459012 99.99472984871731
v -1.0266462302290087 -4.918032786885242 99.99472984871731
v -1.0266462302290087 -4.508196721311471 99.99472984871731
v -1.0266462302290087 -4.098360655737707 99.99472984871731
v -1.0266462302290087 -3.6885245901639365 99.99472984871731
v -1.0266462302290087 -3.278688524590166 99.99472984871731
v -1.0266462302290087 -2.868852459016395 99.99472984871731
v -1.0266462302290087 -2.4590163934426243 99.99472984871731
v -1.0266462302290087 -2.0491803278688536 99.99472984871731
v -1.0266462302290087 -1.639344262295083 99.99472984871731
v -1.0266462302290087 -1.2295081967213122 99.99472984871731
v -1.0266462302290087 -0.8196721311475414 99.99472984871731
v -1.0266462302290087 -0.4098360655737707 99.99472984871731
v -1.0266462302290087 0.0 99.99472984871731
v -1.0266462302290087 0.4098360655737707 99.99472984871731
v -1.0266462302290087 0.8196721311475414 99.99472984871731
v -1.0266462302290087 1.2295081967213122 99.99472984871731
v -1.0266462302290087 1.639344262295083 99.99472984871731
v -1.0266462302290087 2.0491803278688536 99.99472984871731
v -1.0266462302290087 2.4590163934426243 99.99472984871731
v -1.0266462302290087 2.868852459016395 99.99472984871731
v -1.0266462302290087 3.278688524590166 99.99472984871731
v -1.0266462302290087 3.6885245901639365 99.99472984871731
v -1.0266462302290087 4.098360655737707 99.99472984871731
v -1.0266462302290087 4.508196721311478 99.99472984871731
v -1.0266462302290087 4.918032786885249 99.99472984871731
v -1.0266462302290087 5.327868852459019 99.99472984871731
v -1.0266462302290087 5.73770491803279 99.99472984871731
v -1.0266462302290087 6.147540983606561 99.99472984871731
v -1.0266462302290087 6.557377049180332 99.99472984871731
v -1.0266462302290087 6.967213114754102 99.99472984871731
v -1.0266462302290087 7.377049180327873 99.99472984871731
v -1.0266462302290087 7.786885245901644 99.99472984871731
v -1.0266462302290087 8.196721311475414 99.99472984871731
v -1.0266462302290087 8.606557377049185 99.99472984871731
v -1.0266462302290087 9.016393442622956 99.99472984871731
v -1.0266462302290087 9.42622950819672 99.99472984871731
v -1.0266462302290087 9.83606557377049 99.99472984871731
v -1.0266462302290087 10.245901639344261 99.99472984871731
v -1.0266462302290087 10.655737704918032 99.99472984871731
v -1.0266462302290087 11.065573770491802 99.99472984871731
v -1.0266462302290087 11.475409836065573 99.99472984871731
v -1.0266462302290087 11.885245901639344 99.99472984871731
v -1.0266462302290087 12.295081967213115 99.99472984871731
v -1.0266462302290087 12.704918032786885 99.99472984871731
v -1.0266462302290087 13.114754098360656 99.99472984871731
v -1.0266462302290087 13.524590163934427 99.99472984871731
v -1.0266462302290087 13.934426229508198 99.99472984871731
v -1.0266462302290087 14.344262295081975 99.99472984871731
v -1.0266462302290087 14.754098360655746 99.99472984871731
v -1.0266462302290087 15.163934426229517 99.99472984871731
v -1.0266462302290087 15.573770491803288 99.99472984871731
v -1.0266462302290087 15.983606557377044 99.99472984871731
v -1.0266462302290087 16.393442622950815 99.99472984871731
v -1.0266462302290087 16.803278688524586 99.99472984871731
v -1.0266462302290087 17.213114754098356 99.99472984871731
v -1.0266462302290087 17.622950819672127 99.99472984871731
v -1.0266462302290087 18.032786885245898 99.99472984871731
v -1.0266462302290087 18.44262295081967 99.99472984871731
v -1.0266462302290087 18.85245901639344 99.99472984871731
v -1.0266462302290087 19.26229508196721 99.99472984871731
v -1.0266462302290087 19.67213114754098 99.99472984871731
v -1.0266462302290087 20.08196721311475 99.99472984871731
v -1.0266462302290087 20.491803278688522 99.99472984871731
v -1.0266462302290087 20.901639344262293 99.99472984871731
v -1.0266462302290087 21.311475409836063 99.99472984871731
v -1.0266462302290087 21.721311475409834 99.99472984871731
v -1.0266462302290087 22.131147540983605 99.99472984871731
v -1.0266462302290087 22.540983606557376 99.99472984871731
v -1.0266462302290087 22.950819672131146 99.99472984871731
v -1.0266462302290087 23.360655737704917 99.99472984871731
v -1.0266462302290087 23.770491803278688 99.99472984871731
v -1.0266462302290087 24.18032786885246 99.99472984871731
v -1.0266462302290087 24.59016393442623 99.99472984871731
v -1.0266462302290087 25.0 99.99472984871731
v -1.0266462302290087 25.40983606557377 99.99472984871731
v -1.0266462302290087 25.81967213114754 99.99472984871731
v -1.0266462302290087 26.229508196721312 99.99472984871731
v -1.0266462302290087 26.639344262295083 99.99472984871731
v -1.0266462302290087 27.049180327868854 99.99472984871731
v -1.0266462302290087 27.459016393442624 99.99472984871731
v -1.0266462302290087 27.868852459016395 99.99472984871731
v -1.0266462302290087 28.278688524590166 99.99472984871731
v -1.0266462302290087 28.688524590163937 99.99472984871731
v -1.0266462302290087 29.098360655737707 99.99472984871731
v -1.0266462302290087 29.508196721311478 99.99472984871731
v -1.0266462302290087 29.91803278688525 99.99472984871731
v -1.0266462302290087 30.32786885245902 99.99472984871731
v -1.0266462302290087 30.73770491803279 99.99472984871731
v -1.0266462302290087 31.14754098360656 99.99472984871731
v -1.0266462302290087 31.55737704918033 99.99472984871731
v -1.0266462302290087 31.967213114754102 99.99472984871731
v -1.0266462302290087 32.37704918032787 99.99472984871731
v -1.0266462302290087 32.786885245901644 99.99472984871731
v -1.0266462302290087 33.196721311475414 99.99472984871731
v -1.0266462302290087 33.606557377049185 99.99472984871731
v -1.0266462302290087 34.016393442622956 99.99472984871731
v -1.0266462302290087 34.42622950819673 99.99472984871731
v -1.0266462302290087 34.8360655737705 99.99472984871731
v -1.0266462302290087 35.24590163934427 99.99472984871731
v -1.0266462302290087 35.65573770491804 99.99472984871731
v -1.0266462302290087 36.06557377049181 99.99472984871731
v -1.0266462302290087 36.47540983606558 99.99472984871731
v -1.0266462302290087 36.88524590163935 99.99472984871731
v -1.0266462302290087 37.29508196721312 99.99472984871731
v -1.0266462302290087 37.70491803278689 99.99472984871731
v -1.0266462302290087 38.11475409836066 99.99472984871731
v -1.0266462302290087 38.524590163934434 99.99472984871731
v -1.0266462302290087 38.934426229508205 99.99472984871731
v -1.0266462302290087 39.344262295081975 99.99472984871731
v -1.0266462302290087 39.754098360655746 99.99472984871731
v -1.0266462302290087 40.16393442622952 99.99472984871731
v -1.0266462302290087 40.57377049180329 99.99472984871731
v -1.0266462302290087 40.98360655737706 99.99472984871731
v -1.0266462302290087 41.39344262295083 99.99472984871731
v -1.0266462302290087 41.803278688524586 99.99472984871731
v -1.0266462302290087 42.213114754098356 99.99472984871731
v -1.0266462302290087 42.62295081967213 99.99472984871731
v -1.0266462302290087 43.0327868852459 99.99472984871731
v -1.0266462302290087 43.44262295081967 99.99472984871731
v -1.0266462302290087 43.85245901639344 99.99472984871731
v -1.0266462302290087 44.26229508196721 99.99472984871731
v -1.0266462302290087 44.67213114754098 99.99472984871731
v -1.0266462302290087 45.08196721311475 99.99472984871731
v -1.0266462302290087 45.49180327868852 99.99472984871731
v -1.0266462302290087 45.90163934426229 99.99472984871731
v -1.0266462302290087 46.31147540983606 99.99472984871731
v -1.0266462302290087 46.721311475409834 99.99472984871731
v -1.0266462302290087 47.131147540983605 99.99472984871731
v -1.0266462302290087 47.540983606557376 99.99472984871731
v -1.0266462302290087 47.950819672131146 99.99472984871731
v -1.0266462302290087 48.36065573770492 99.99472984871731
v -1.0266462302290087 48.77049180327869 99.99472984871731
v -1.0266462302290087 49.18032786885246 99.99472984871731
v -1.0266462302290087 49.59016393442623 99.99472984871731
v -1.0266462302290087 50.0 99.99472984871731
v -0.615994663813869 -50.0 99.99810273487269
v -0.615994663813869 -49.59016393442623 99.99810273487269
v -0.615994663813869 -49.18032786885246 99.99810273487269
v -0.615994663813869 -48.77049180327869 99.99810273487269
v -0.615994663813869 -48.36065573770492 99.99810273487269
v -0.615994663813869 -47.950819672131146 99.99810273487269
v -0.615994663813869 -47.540983606557376 99.99810273487269
v -0.615994663813869 -47.131147540983605 99.99810273487269
v -0.615994663813869 -46.721311475409834 99.99810273487269
v -0.615994663813869 -46.31147540983606 99.99810273487269
v -0.615994663813869 -45.90163934426229 99.99810273487269
v -0.615994663813869 -45.49180327868852 99.99810273487269
v -0.615994663813869 -45.08196721311475 99.99810273487269
v -0.615994663813869 -44.67213114754098 99.99810273487269
v -0.615994663813869 -44.26229508196721 99.99810273487269
v -0.615994663813869 -43.85245901639344 99.99810273487269
v -0.615994663813869 -43.44262295081967 99.99810273487269
v -0.615994663813869 -43.0327868852459 99.99810273487269
v -0.615994663813869 -42.62295081967213 99.99810273487269
v -0.615994663813869 -42.21311475409836 99.99810273487269
v -0.615994663813869 -41.803278688524586 99.99810273487269
v -0.615994663813869 -41.39344262295082 99.99810273487269
v -0.615994663813869 -40.98360655737705 99.99810273487269
v -0.615994663813869 -40.57377049180328 99.99810273487269
v -0.615994663813869 -40.16393442622951 99.99810273487269
v -0.615994663813869 -39.75409836065574 99.99810273487269
v -0.615994663813869 -39.34426229508197 99.99810273487269
v -0.615994663813869 -38.9344262295082 99.99810273487269
v -0.615994663813869 -38.52459016393443 99.99810273487269
v -0.615994663813869 -38.114754098360656 99.99810273487269
v -0.615994663813869 -37.704918032786885 99.99810273487269
v -0.615994663813869 -37.295081967213115 99.99810273487269
v -0.615994663813869 -36.885245901639344 99.99810273487269
v -0.615994663813869 -36.47540983606557 99.99810273487269
v -0.615994663813869 -36.0655737704918 99.99810273487269
v -0.615994663813869 -35.65573770491803 99.99810273487269
v -0.615994663813869 -35.24590163934426 99.99810273487269
v -0.615994663813869 -34.83606557377049 99.99810273487269
v -0.615994663813869 -34.42622950819672 99.99810273487269
v -0.615994663813869 -34.01639344262295 99.99810273487269
v -0.615994663813869 -33.60655737704918 99.99810273487269
v -0.615994663813869 -33.196721311475414 99.99810273487269
v -0.615994663813869 -32.786885245901644 99.99810273487269
v -0.615994663813869 -32.37704918032787 99.99810273487269
v -0.615994663813869 -31.9672131147541 99.99810273487269
v -0.615994663813869 -31.557377049180328 99.99810273487269
v -0.615994663813869 -31.147540983606557 99.99810273487269
v -0.615994663813869 -30.737704918032787 99.99810273487269
v -0.615994663813869 -30.327868852459016 99.99810273487269
v -0.615994663813869 -29.918032786885245 99.99810273487269
v -0.615994663813869 -29.508196721311474 99.99810273487269
v -0.615994663813869 -29.098360655737704 99.99810273487269
v -0.615994663813869 -28.688524590163933 99.99810273487269
v -0.615994663813869 -28.278688524590162 99.99810273487269
v -0.615994663813869 -27.86885245901639 99.99810273487269
v -0.615994663813869 -27.45901639344262 99.99810273487269
v -0.615994663813869 -27.049180327868854 99.99810273487269
v -0.615994663813869 -26.639344262295083 99.99810273487269
v -0.615994663813869 -26.229508196721312 99.99810273487269
v -0.615994663813869 -25.81967213114754 99.99810273487269
v -0.615994663813869 -25.40983606557377 99.99810273487269
v -0.615994663813869 -25.0 99.99810273487269
v -0.615994663813869 -24.59016393442623 99.99810273487269
v -0.615994663813869 -24.18032786885246 99.99810273487269
v -0.615994663813869 -23.770491803278688 99.99810273487269
v -0.615994663813869 -23.360655737704917 99.99810273487269
v -0.615994663813869 -22.950819672131146 99.99810273487269
v -0.615994663813869 -22.540983606557376 99.99810273487269
v -0.615994663813869 -22.131147540983605 99.99810273487269
v -0.615994663813869 -21.721311475409834 99.99810273487269
v -0.615994663813869 -21.311475409836063 99.99810273487269
v -0.615994663813869 -20.901639344262293 99.99810273487269
v -0.615994663813869 -20.491803278688522 99.99810273487269
v -0.615994663813869 -20.081967213114755 99.99810273487269
v -0.615994663813869 -19.672131147540984 99.99810273487269
v -0.615994663813869 -19.262295081967213 99.99810273487269
v -0.615994663813869 -18.852459016393443 99.99810273487269
v -0.615994663813869 -18.442622950819672 99.99810273487269
v -0.615994663813869 -18.0327868852459 99.99810273487269
v -0.615994663813869 -17.622950819672127 99.99810273487269
v -0.615994663813869 -17.213114754098356 99.99810273487269
v -0.615994663813869 -16.803278688524593 99.99810273487269
v -0.615994663813869 -16.393442622950822 99.99810273487269
v -0.615994663813869 -15.983606557377051 99.99810273487269
v -0.615994663813869 -15.57377049180328 99.99810273487269
v -0.615994663813869 -15.16393442622951 99.99810273487269
v -0.615994663813869 -14.754098360655739 99.99810273487269
v -0.615994663813869 -14.344262295081968 99.99810273487269
v -0.615994663813869 -13.934426229508198 99.99810273487269
v -0.615994663813869 -13.524590163934427 99.99810273487269
v -0.615994663813869 -13.114754098360656 99.99810273487269
v -0.615994663813869 -12.704918032786885 99.99810273487269
v -0.615994663813869 -12.295081967213115 99.99810273487269
v -0.615994663813869 -11.885245901639344 99.99810273487269
v -0.615994663813869 -11.475409836065573 99.99810273487269
v -0.615994663813869 -11.065573770491802 99.99810273487269
v -0.615994663813869 -10.655737704918032 99.99810273487269
v -0.615994663813869 -10.245901639344261 99.99810273487269
v -0.615994663813869 -9.83606557377049 99.99810273487269
v -0.615994663813869 -9.42622950819672 99.99810273487269
v -0.615994663813869 -9.016393442622949 99.99810273487269
v -0.615994663813869 -8.606557377049178 99.99810273487269
v -0.615994663813869 -8.196721311475407 99.99810273487269
v -0.615994663813869 -7.786885245901637 99.99810273487269
v -0.615994663813869 -7.377049180327866 99.99810273487269
v -0.615994663813869 -6.967213114754095 99.99810273487269
v -0.615994663813869 -6.5573770491803245 99.99810273487269
v -0.615994663813869 -6.147540983606554 99.99810273487269
v -0.615994663813869 -5.737704918032783 99.99810273487269
v -0.615994663813869 -5.327868852459012 99.99810273487269
v -0.615994663813869 -4.918032786885242 99.99810273487269
v -0.615994663813869 -4.508196721311471 99.99810273487269
v -0.615994663813869 -4.098360655737707 99.99810273487269
v -0.615994663813869 -3.6885245901639365 99.99810273487269
v -0.615994663813869 -3.278688524590166 99.99810273487269
v -0.615994663813869 -2.868852459016395 99.99810273487269
v -0.615994663813869 -2.4590163934426243 99.99810273487269
v -0.615994663813869 -2.0491803278688536 99.99810273487269
v -0.615994663813869 -1.639344262295083 99.99810273487269
v -0.615994663813869 -1.2295081967213122 99.99810273487269
v -0.615994663813869 -0.8196721311475414 99.99810273487269
v -0.615994663813869 -0.4098360655737707 99.99810273487269
v -0.615994663813869 0.0 99.99810273487269
v -0.615994663813869 0.4098360655737707 99.99810273487269
v -0.615994663813869 0.8196721311475414 99.99810273487269
v -0.615994663813869 1.2295081967213122 99.99810273487269
v -0.615994663813869 1.639344262295083 99.99810273487269
v -0.615994663813869 2.0491803278688536 99.99810273487269
v -0.615994663813869 2.4590163934426243 99.99810273487269
v -0.615994663813869 2.868852459016395 99.99810273487269
v -0.615994663813869 3.278688524590166 99.99810273487269
v -0.615994663813869 3.6885245901639365 99.99810273487269
v -0.615994663813869 4.098360655737707 99.99810273487269
v -0.615994663813869 4.508196721311478 99.99810273487269
v -0.615994663813869 4.918032786885249 99.99810273487269
v -0.615994663813869 5.327868852459019 99.99810273487269
v -0.615994663813869 5.73770491803279 99.99810273487269
v -0.615994663813869 6.147540983606561 99.99810273487269
v -0.615994663813869 6.557377049180332 99.99810273487269
v -0.615994663813869 6.967213114754102 99.99810273487269
v -0.615994663813869 7.377049180327873 99.99810273487269
v -0.615994663813869 7.786885245901644 99.99810273487269
v -0.615994663813869 8.196721311475414 99.99810273487269
v -0.615994663813869 8.606557377049185 99.99810273487269
v -0.615994663813869 9.016393442622956 99.99810273487269
v -0.615994663813869 9.42622950819672 99.99810273487269
v -0.615994663813869 9.83606557377049 99.99810273487269
v -0.615994663813869 10.245901639344261 99.99810273487269
v -0.615994663813869 10.655737704918032 99.99810273487269
v -0.615994663813869 11.065573770491802 99.99810273487269
v -0.615994663813869 11.475409836065573 99.99810273487269
v -0.615994663813869 11.885245901639344 99.99810273487269
v -0.615994663813869 12.295081967213115 99.99810273487269
v -0.615994663813869 12.704918032786885 99.99810273487269
v -0.615994663813869 13.114754098360656 99.99810273487269
v -0.615994663813869 13.524590163934427 99.99810273487269
v -0.615994663813869 13.934426229508198 99.99810273487269
v -0.615994663813869 14.344262295081975 99.99810273487269
v -0.615994663813869 14.754098360655746 99.99810273487269
v -0.615994663813869 15.163934426229517 99.99810273487269
v -0.615994663813869 15.573770491803288 99.99810273487269
v -0.615994663813869 15.983606557377044 99.99810273487269
v -0.615994663813869 16.393442622950815 99.99810273487269
v -0.615994663813869 16.803278688524586 99.99810273487269
v -0.615994663813869 17.213114754098356 99.99810273487269
v -0.615994663813869 17.622950819672127 99.99810273487269
v -0.615994663813869 18.032786885245898 99.99810273487269
v -0.615994663813869 18.44262295081967 99.99810273487269
v -0.615994663813869 18.85245901639344 99.99810273487269
v -0.615994663813869 19.26229508196721 99.99810273487269
v -0.615994663813869 19.67213114754098 99.99810273487269
v -0.615994663813869 20.08196721311475 99.99810273487269
v -0.615994663813869 20.491803278688522 99.99810273487269
v -0.615994663813869 20.901639344262293 99.99810273487269
v -0.615994663813869 21.311475409836063 99.99810273487269
v -0.615994663813869 21.721311475409834 99.99810273487269
v -0.615994663813869 22.131147540983605 99.99810273487269
v -0.615994663813869 22.540983606557376 99.99810273487269
v -0.615994663813869 22.950819672131146 99.99810273487269
v -0.615994663813869 23.360655737704917 99.99810273487269
v -0.615994663813869 23.770491803278688 99.99810273487269
v -0.615994663813869 24.18032786885246 99.99810273487269
v -0.615994663813869 24.59016393442623 99.99810273487269
v -0.615994663813869 25.0 99.99810273487269
v -0.615994663813869 25.40983606557377 99.99810273487269
v -0.615994663813869 25.81967213114754 99.99810273487269
v -0.615994663813869 26.229508196721312 99.99810273487269
v -0.615994663813869 26.639344262295083 99.99810273487269
v -0.615994663813869 27.049180327868854 99.99810273487269
v -0.615994663813869 27.459016393442624 99.99810273487269
v -0.615994663813869 27.868852459016395 99.99810273487269
v -0.615994663813869 28.278688524590166 99.99810273487269
v -0.615994663813869 28.688524590163937 99.99810273487269
v -0.615994663813869 29.098360655737707 99.99810273487269
v -0.615994663813869 29.508196721311478 99.99810273487269
v -0.615994663813869 29.91803278688525 99.99810273487269
v -0.615994663813869 30.32786885245902 99.99810273487269
v -0.615994663813869 30.73770491803279 99.99810273487269
v -0.615994663813869 31.14754098360656 99.99810273487269
v -0.615994663813869 31.55737704918033 99.99810273487269
v -0.615994663813869 31.967213114754102 99.99810273487269
v -0.615994663813869 32.37704918032787 99.99810273487269
v -0.615994663813869 32.786885245901644 99.99810273487269
v -0.615994663813869 33.196721311475414 99.99810273487269
v -0.615994663813869 33.606557377049185 99.99810273487269
v -0.615994663813869 34.016393442622956 99.99810273487269
v -0.615994663813869 34.42622950819673 99.99810273487269
v -0.615994663813869 34.8360655737705 99.99810273487269
v -0.615994663813869 35.24590163934427 99.99810273487269
v -0.615994663813869 35.65573770491804 99.99810273487269
v -0.615994663813869 36.06557377049181 99.99810273487269
v -0.615994663813869 36.47540983606558 99.99810273487269
v -0.615994663813869 36.88524590163935 99.99810273487269
v -0.615994663813869 37.29508196721312 99.99810273487269
v -0.615994663813869 37.70491803278689 99.99810273487269
v -0.615994663813869 38.11475409836066 99.99810273487269
v -0.615994663813869 38.524590163934434 99.99810273487269
v -0.615994663813869 38.934426229508205 99.99810273487269
v -0.615994663813869 39.344262295081975 99.99810273487269
v -0.615994663813869 39.754098360655746 99.99810273487269
v -0.615994663813869 40.16393442622952 99.99810273487269
v -0.615994663813869 40.57377049180329 99.99810273487269
v -0.615994663813869 40.98360655737706 99.99810273487269
v -0.615994663813869 41.39344262295083 99.99810273487269
v -0.615994663813869 41.803278688524586 99.99810273487269
v -0.615994663813869 42.213114754098356 99.99810273487269
v -0.615994663813869 42.62295081967213 99.99810273487269
v -0.615994663813869 43.0327868852459 99.99810273487269
v -0.615994663813869 43.44262295081967 99.99810273487269
v -0.615994663813869 43.85245901639344 99.99810273487269
v -0.615994663813869 44.26229508196721 99.99810273487269
v -0.615994663813869 44.67213114754098 99.99810273487269
v -0.615994663813869 45.08196721311475 99.99810273487269
v -0.615994663813869 45.49180327868852 99.99810273487269
v -0.615994663813869 45.90163934426229 99.99810273487269
v -0.615994663813869 46.31147540983606 99.99810273487269
v -0.615994663813869 46.721311475409834 99.99810273487269
v -0.615994663813869 47.131147540983605 99.99810273487269
v -0.615994663813869 47.540983606557376 99.99810273487269
v -0.615994663813869 47.950819672131146 99.99810273487269
v -0.615994663813869 48.36065573770492 99.99810273487269
v -0.615994663813869 48.77049180327869 99.99810273487269
v -0.615994663813869 49.18032786885246 99.99810273487269
v -0.615994663813869 49.59016393442623 99.99810273487269
v -0.615994663813869 50.0 99.99810273487269
v -0.2053327088898862 -50.0 99.9997891921711
v -0.2053327088898862 -49.59016393442623 99.9997891921711
v -0.2053327088898862 -49.18032786885246 99.9997891921711
v -0.2053327088898862 -48.77049180327869 99.9997891921711
v -0.2053327088898862 -48.36065573770492 99.9997891921711
v -0.2053327088898862 -47.950819672131146 99.9997891921711
v -0.2053327088898862 -47.540983606557376 99.9997891921711
v -0.2053327088898862 -47.131147540983605 99.9997891921711
v -0.2053327088898862 -46.721311475409834 99.9997891921711
v -0.2053327088898862 -46.31147540983606 99.9997891921711
v -0.2053327088898862 -45.90163934426229 99.9997891921711
v -0.2053327088898862 -45.49180327868852 99.9997891921711
v -0.2053327088898862 -45.08196721311475 99.9997891921711
v -0.2053327088898862 -44.67213114754098 99.9997891921711
v -0.2053327088898862 -44.26229508196721 99.9997891921711
v -0.2053327088898862 -43.85245901639344 99.9997891921711
v -0.2053327088898862 -43.44262295081967 99.9997891921711
v -0.2053327088898862 -43.0327868852459 99.9997891921711
v -0.2053327088898862 -42.62295081967213 99.9997891921711
v -0.2053327088898862 -42.21311475409836 99.9997891921711
v -0.2053327088898862 -41.803278688524586 99.9997891921711
v -0.2053327088898862 -41.39344262295082 99.9997891921711
v -0.2053327088898862 -40.98360655737705 99.9997891921711
v -0.2053327088898862 -40.57377049180328 99.9997891921711
v -0.2053327088898862 -40.16393442622951 99.9997891921711
v -0.2053327088898862 -39.75409836065574 99.9997891921711
v -0.2053327088898862 -39.34426229508197 99.9997891921711
v -0.2053327088898862 -38.9344262295082 99.9997891921711
v -0.2053327088898862 -38.52459016393443 99.9997891921711
v -0.2053327088898862 -38.114754098360656 99.9997891921711
v -0.2053327088898862 -37.704918032786885 99.9997891921711
v -0.2053327088898862 -37.295081967213115 99.9997891921711
v -0.2053327088898862 -36.885245901639344 99.9997891921711
v -0.2053327088898862 -36.47540983606557 99.9997891921711
v -0.2053327088898862 -36.0655737704918 99.9997891921711
v -0.2053327088898862 -35.65573770491803 99.9997891921711
v -0.2053327088898862 -35.24590163934426 99.9997891921711
v -0.2053327088898862 -34.83606557377049 99.9997891921711
v -0.2053327088898862 -34.42622950819672 99.9997891921711
v -0.2053327088898862 -34.01639344262295 99.9997891921711
v -0.2053327088898862 -33.60655737704918 99.9997891921711
v -0.2053327088898862 -33.196721311475414 99.9997891921711
v -0.2053327088898862 -32.786885245901644 99.9997891921711
v -0.2053327088898862 -32.37704918032787 99.9997891921711
v -0.2053327088898862 -31.9672131147541 99.9997891921711
v -0.2053327088898862 -31.557377049180328 99.9997891921711
v -0.2053327088898862 -31.147540983606557 99.9997891921711
v -0.2053327088898862 -30.737704918032787 99.9997891921711
v -0.2053327088898862 -30.327868852459016 99.9997891921711
v -0.2053327088898862 -29.918032786885245 99.9997891921711
v -0.2053327088898862 -29.508196721311474 99.9997891921711
v -0.2053327088898862 -29.098360655737704 99.9997891921711
v -0.2053327088898862 -28.688524590163933 99.9997891921711
v -0.2053327088898862 -28.278688524590162 99.9997891921711
v -0.2053327088898862 -27.86885245901639 99.9997891921711
v -0.2053327088898862 -27.45901639344262 99.9997891921711
v -0.2053327088898862 -27.049180327868854 99.9997891921711
v -0.2053327088898862 -26.639344262295083 99.9997891921711
v -0.2053327088898862 -26.229508196721312 99.9997891921711
v -0.2053327088898862 -25.81967213114754 99.9997891921711
v -0.2053327088898862 -25.40983606557377 99.9997891921711
v -0.2053327088898862 -25.0 99.9997891921711
v -0.2053327088898862 -24.59016393442623 99.9997891921711
v -0.2053327088898862 -24.18032786885246 99.9997891921711
v -0.2053327088898862 -23.770491803278688 99.9997891921711
v -0.2053327088898862 -23.360655737704917 99.9997891921711
v -0.2053327088898862 -22.950819672131146 99.9997891921711
v -0.2053327088898862 -22.540983606557376 99.9997891921711
v -0.2053327088898862 -22.131147540983605 99.9997891921711
v -0.2053327088898862 -21.721311475409834 99.9997891921711
v -0.2053327088898862 -21.311475409836063 99.9997891921711
v -0.2053327088898862 -20.901639344262293 99.9997891921711
v -0.2053327088898862 -20.491803278688522 99.9997891921711
v -0.2053327088898862 -20.081967213114755 99.9997891921711
v -0.2053327088898862 -19.672131147540984 99.9997891921711
v -0.2053327088898862 -19.262295081967213 99.9997891921711
v -0.2053327088898862 -18.852459016393443 99.9997891921711
v -0.2053327088898862 -18.442622950819672 99.9997891921711
v -0.2053327088898862 -18.0327868852459 99.9997891921711
v -0.2053327088898862 -17.622950819672127 99.9997891921711
v -0.2053327088898862 -17.213114754098356 99.9997891921711
v -0.2053327088898862 -16.803278688524593 99.9997891921711
v -0.2053327088898862 -16.393442622950822 99.9997891921711
v -0.2053327088898862 -15.983606557377051 99.9997891921711
v -0.2053327088898862 -15.57377049180328 99.9997891921711
v -0.2053327088898862 -15.16393442622951 99.9997891921711
v -0.2053327088898862 -14.754098360655739 99.9997891921711
v -0.2053327088898862 -14.344262295081968 99.9997891921711
v -0.2053327088898862 -13.934426229508198 99.9997891921711
v -0.2053327088898862 -13.524590163934427 99.9997891921711
v -0.2053327088898862 -13.114754098360656 99.9997891921711
v -0.2053327088898862 -12.704918032786885 99.9997891921711
v -0.2053327088898862 -12.295081967213115 99.9997891921711
v -0.2053327088898862 -11.885245901639344 99.9997891921711
v -0.2053327088898862 -11.475409836065573 99.9997891921711
v -0.2053327088898862 -11.065573770491802 99.9997891921711
v -0.2053327088898862 -10.655737704918032 99.9997891921711
v -0.2053327088898862 -10.245901639344261 99.9997891921711
v -0.2053327088898862 -9.83606557377049 99.9997891921711
v -0.2053327088898862 -9.42622950819672 99.9997891921711
v -0.2053327088898862 -9.016393442622949 99.9997891921711
v -0.2053327088898862 -8.606557377049178 99.9997891921711
v -0.2053327088898862 -8.196721311475407 99.9997891921711
v -0.2053327088898862 -7.786885245901637 99.9997891921711
v -0.2053327088898862 -7.377049180327866 99.9997891921711
v -0.2053327088898862 -6.967213114754095 99.9997891921711
v -0.2053327088898862 -6.5573770491803245 99.9997891921711
v -0.2053327088898862 -6.147540983606554 99.9997891921711
v -0.2053327088898862 -5.737704918032783 99.9997891921711
v -0.2053327088898862 -5.327868852459012 99.9997891921711
v -0.2053327088898862 -4.918032786885242 99.9997891921711
v -0.2053327088898862 -4.508196721311471 99.9997891921711
v -0.2053327088898862 -4.098360655737707 99.9997891921711
v -0.2053327088898862 -3.6885245901639365 99.9997891921711
v -0.2053327088898862 -3.278688524590166 99.9997891921711
v -0.2053327088898862 -2.868852459016395 99.9997891921711
v -0.2053327088898862 -2.4590163934426243 99.9997891921711
v -0.2053327088898862 -2.0491803278688536 99.9997891921711
v -0.2053327088898862 -1.639344262295083 99.9997891921711
v -0.2053327088898862 -1.2295081967213122 99.9997891921711
v -0.2053327088898862 -0.8196721311475414 99.9997891921711
v -0.2053327088898862 -0.4098360655737707 99.9997891921711
v -0.2053327088898862 0.0 99.9997891921711
v -0.2053327088898862 0.4098360655737707 99.9997891921711
v -0.2053327088898862 0.8196721311475414 99.9997891921711
v -0.2053327088898862 1.2295081967213122 99.9997891921711
v -0.2053327088898862 1.639344262295083 99.9997891921711
v -0.2053327088898862 2.0491803278688536 99.9997891921711
v -0.2053327088898862 2.4590163934426243 99.9997891921711
v -0.2053327088898862 2.868852459016395 99.9997891921711
v -0.2053327088898862 3.278688524590166 99.9997891921711
v -0.2053327088898862 3.6885245901639365 99.9997891921711
v -0.2053327088898862 4.098360655737707 99.9997891921711
v -0.2053327088898862 4.508196721311478 99.9997891921711
v -0.2053327088898862 4.918032786885249 99.9997891921711
v -0.2053327088898862 5.327868852459019 99.9997891921711
v -0.2053327088898862 5.73770491803279 99.9997891921711
v -0.2053327088898862 6.147540983606561 99.9997891921711
v -0.2053327088898862 6.557377049180332 99.9997891921711
v -0.2053327088898862 6.967213114754102 99.9997891921711
v -0.2053327088898862 7.377049180327873 99.9997891921711
v -0.2053327088898862 7.786885245901644 99.9997891921711
v -0.2053327088898862 8.196721311475414 99.9997891921711
v -0.2053327088898862 8.606557377049185 99.9997891921711
v -0.2053327088898862 9.016393442622956 99.9997891921711
v -0.2053327088898862 9.42622950819672 99.9997891921711
v -0.2053327088898862 9.83606557377049 99.9997891921711
v -0.2053327088898862 10.245901639344261 99.9997891921711
v -0.2053327088898862 10.655737704918032 99.9997891921711
v -0.2053327088898862 11.065573770491802 99.9997891921711
v -0.2053327088898862 11.475409836065573 99.9997891921711
v -0.2053327088898862 11.885245901639344 99.9997891921711
v -0.2053327088898862 12.295081967213115 99.9997891921711
v -0.2053327088898862 12.704918032786885 99.9997891921711
v -0.2053327088898862 13.114754098360656 99.9997891921711
v -0.2053327088898862 13.524590163934427 99.9997891921711
v -0.2053327088898862 13.934426229508198 99.9997891921711
v -0.2053327088898862 14.344262295081975 99.9997891921711
v -0.2053327088898862 14.754098360655746 99.9997891921711
v -0.2053327088898862 15.163934426229517 99.9997891921711
v -0.2053327088898862 15.573770491803288 99.9997891921711
v -0.2053327088898862 15.983606557377044 99.9997891921711
v -0.2053327088898862 16.393442622950815 99.9997891921711
v -0.2053327088898862 16.803278688524586 99.9997891921711
v -0.2053327088898862 17.213114754098356 99.9997891921711
v -0.2053327088898862 17.622950819672127 99.9997891921711
v -0.2053327088898862 18.032786885245898 99.9997891921711
v -0.2053327088898862 18.44262295081967 99.9997891921711
v -0.2053327088898862 18.85245901639344 99.9997891921711
v -0.2053327088898862 19.26229508196721 99.9997891921711
v -0.2053327088898862 19.67213114754098 99.9997891921711
v -0.2053327088898862 20.08196721311475 99.9997891921711
v -0.2053327088898862 20.491803278688522 99.9997891921711
v -0.2053327088898862 20.901639344262293 99.9997891921711
v -0.2053327088898862 21.311475409836063 99.9997891921711
v -0.2053327088898862 21.721311475409834 99.9997891921711
v -0.2053327088898862 22.131147540983605 99.9997891921711
v -0.2053327088898862 22.540983606557376 99.9997891921711
v -0.2053327088898862 22.950819672131146 99.9997891921711
v -0.2053327088898862 23.360655737704917 99.9997891921711
v -0.2053327088898862 23.770491803278688 99.9997891921711
v -0.2053327088898862 24.18032786885246 99.9997891921711
v -0.2053327088898862 24.59016393442623 99.9997891921711
v -0.2053327088898862 25.0 99.9997891921711
v -0.2053327088898862 25.40983606557377 99.9997891921711
v -0.2053327088898862 25.81967213114754 99.9997891921711
v -0.2053327088898862 26.229508196721312 99.9997891921711
v -0.2053327088898862 26.639344262295083 99.9997891921711
v -0.2053327088898862 27.049180327868854 99.9997891921711
v -0.2053327088898862 27.459016393442624 99.9997891921711
v -0.2053327088898862 27.868852459016395 99.9997891921711
v -0.2053327088898862 28.278688524590166 99.9997891921711
v -0.2053327088898862 28.688524590163937 99.9997891921711
v -0.2053327088898862 29.098360655737707 99.9997891921711
v -0.2053327088898862 29.508196721311478 99.9997891921711
v -0.2053327088898862 29.91803278688525 99.9997891921711
v -0.2053327088898862 30.32786885245902 99.9997891921711
v -0.2053327088898862 30.73770491803279 99.9997891921711
v -0.2053327088898862 31.14754098360656 99.9997891921711
v -0.2053327088898862 31.55737704918033 99.9997891921711
v -0.2053327088898862 31.967213114754102 99.9997891921711
v -0.2053327088898862 32.37704918032787 99.9997891921711
v -0.2053327088898862 32.786885245901644 99.9997891921711
v -0.2053327088898862 33.196721311475414 99.9997891921711
v -0.2053327088898862 33.606557377049185 99.9997891921711
v -0.2053327088898862 34.016393442622956 99.9997891921711
v -0.2053327088898862 34.42622950819673 99.9997891921711
v -0.2053327088898862 34.8360655737705 99.9997891921711
v -0.2053327088898862 35.24590163934427 99.9997891921711
v -0.2053327088898862 35.65573770491804 99.9997891921711
v -0.2053327088898862 36.06557377049181 99.9997891921711
v -0.2053327088898862 36.47540983606558 99.9997891921711
v -0.2053327088898862 36.88524590163935 99.9997891921711
v -0.2053327088898862 37.29508196721312 99.9997891921711
v -0.2053327088898862 37.70491803278689 99.9997891921711
v -0.2053327088898862 38.11475409836066 99.9997891921711
v -0.2053327088898862 38.524590163934434 99.9997891921711
v -0.2053327088898862 38.934426229508205 99.9997891921711
v -0.2053327088898862 39.344262295081975 99.9997891921711
v -0.2053327088898862 39.754098360655746 99.9997891921711
v -0.2053327088898862 40.16393442622952 99.9997891921711
v -0.2053327088898862 40.57377049180329 99.9997891921711
v -0.2053327088898862 40.98360655737706 99.9997891921711
v -0.2053327088898862 41.39344262295083 99.9997891921711
v -0.2053327088898862 41.803278688524586 99.9997891921711
v -0.2053327088898862 42.213114754098356 99.9997891921711
v -0.2053327088898862 42.62295081967213 99.9997891921711
v -0.2053327088898862 43.0327868852459 99.9997891921711
v -0.2053327088898862 43.44262295081967 99.9997891921711
v -0.2053327088898862 43.85245901639344 99.9997891921711
v -0.2053327088898862 44.26229508196721 99.9997891921711
v -0.2053327088898862 44.67213114754098 99.9997891921711
v -0.2053327088898862 45.08196721311475 99.9997891921711
v -0.2053327088898862 45.49180327868852 99.9997891921711
v -0.2053327088898862 45.90163934426229 99.9997891921711
v -0.2053327088898862 46.31147540983606 99.9997891921711
v -0.2053327088898862 46.721311475409834 99.9997891921711
v -0.2053327088898862 47.131147540983605 99.9997891921711
v -0.2053327088898862 47.540983606557376 99.9997891921711
v -0.2053327088898862 47.950819672131146 99.9997891921711
v -0.2053327088898862 48.36065573770492 99.9997891921711
v -0.2053327088898862 48.77049180327869 99.9997891921711
v -0.2053327088898862 49.18032786885246 99.9997891921711
v -0.2053327088898862 49.59016393442623 99.9997891921711
v -0.2053327088898862 50.0 99.9997891921711
v 0.20533270888987398 -50.0 99.9997891921711
v 0.20533270888987398 -49.59016393442623 99.9997891921711
v 0.20533270888987398 -49.18032786885246 99.9997891921711
v 0.20533270888987398 -48.77049180327869 99.9997891921711
v 0.20533270888987398 -48.36065573770492 99.9997891921711
v 0.20533270888987398 -47.950819672131146 99.9997891921711
v 0.20533270888987398 -47.540983606557376 99.9997891921711
v 0.20533270888987398 -47.131147540983605 99.9997891921711
v 0.20533270888987398 -46.721311475409834 99.9997891921711
v 0.20533270888987398 -46.31147540983606 99.9997891921711
v 0.20533270888987398 -45.90163934426229 99.9997891921711
v 0.20533270888987398 -45.49180327868852 99.9997891921711
v 0.20533270888987398 -45.08196721311475 99.9997891921711
v 0.20533270888987398 -44.67213114754098 99.9997891921711
v 0.20533270888987398 -44.26229508196721 99.9997891921711
v 0.20533270888987398 -43.85245901639344 99.9997891921711
v 0.20533270888987398 -43.44262295081967 99.9997891921711
v 0.20533270888987398 -43.0327868852459 99.9997891921711
v 0.20533270888987398 -42.62295081967213 99.9997891921711
v 0.20533270888987398 -42.21311475409836 99.9997891921711
v 0.20533270888987398 -41.803278688524586 99.9997891921711
v 0.20533270888987398 -41.39344262295082 99.9997891921711
v 0.20533270888987398 -40.98360655737705 99.9997891921711
v 0.20533270888987398 -40.57377049180328 99.9997891921711
v 0.20533270888987398 -40.16393442622951 99.9997891921711
v 0.20533270888987398 -39.75409836065574 99.9997891921711
v 0.20533270888987398 -39.34426229508197 99.9997891921711
v 0.20533270888987398 -38.9344262295082 99.9997891921711
v 0.20533270888987398 -38.52459016393443 99.9997891921711
v 0.20533270888987398 -38.114754098360656 99.9997891921711
v 0.20533270888987398 -37.704918032786885 99.9997891921711
v 0.20533270888987398 -37.295081967213115 99.9997891921711
v 0.20533270888987398 -36.885245901639344 99.9997891921711
v 0.20533270888987398 -36.47540983606557 99.9997891921711
v 0.20533270888987398 -36.0655737704918 99.9997891921711
v 0.20533270888987398 -35.65573770491803 99.9997891921711
v 0.20533270888987398 -35.24590163934426 99.9997891921711
v 0.20533270888987398 -34.83606557377049 99.9997891921711
v 0.20533270888987398 -34.42622950819672 99.9997891921711
v 0.20533270888987398 -34.01639344262295 99.9997891921711
v 0.20533270888987398 -33.60655737704918 99.9997891921711
v 0.20533270888987398 -33.196721311475414 99.9997891921711
v 0.20533270888987398 -32.786885245901644 99.9997891921711
v 0.20533270888987398 -32.37704918032787 99.9997891921711
v 0.20533270888987398 -31.9672131147541 99.9997891921711
v 0.20533270888987398 -31.557377049180328 99.9997891921711
v 0.20533270888987398 -31.147540983606557 99.9997891921711
v 0.20533270888987398 -30.737704918032787 99.9997891921711
v 0.20533270888987398 -30.327868852459016 99.9997891921711
v 0.20533270888987398 -29.918032786885245 99.9997891921711
v 0.20533270888987398 -29.508196721311474 99.9997891921711
v 0.20533270888987398 -29.098360655737704 99.9997891921711
v 0.20533270888987398 -28.688524590163933 99.9997891921711
v 0.20533270888987398 -28.278688524590162 99.9997891921711
v 0.20533270888987398 -27.86885245901639 99.9997891921711
v 0.20533270888987398 -27.45901639344262 99.9997891921711
v 0.20533270888987398 -27.049180327868854 99.9997891921711
v 0.20533270888987398 -26.639344262295083 99.9997891921711
v 0.20533270888987398 -26.229508196721312 99.9997891921711
v 0.20533270888987398 -25.81967213114754 99.9997891921711
v 0.20533270888987398 -25.40983606557377 99.9997891921711
v 0.20533270888987398 -25.0 99.9997891921711
v 0.20533270888987398 -24.59016393442623 99.9997891921711
v 0.20533270888987398 -24.18032786885246 99.9997891921711
v 0.20533270888987398 -23.770491803278688 99.9997891921711
v 0.20533270888987398 -23.360655737704917 99.9997891921711
v 0.20533270888987398 -22.950819672131146 99.9997891921711
v 0.20533270888987398 -22.540983606557376 99.9997891921711
v 0.20533270888987398 -22.131147540983605 99.9997891921711
v 0.20533270888987398 -21.721311475409834 99.9997891921711
v 0.20533270888987398 -21.311475409836063 99.9997891921711
v 0.20533270888987398 -20.901639344262293 99.9997891921711
v 0.20533270888987398 -20.491803278688522 99.9997891921711
v 0.20533270888987398 -20.081967213114755 99.9997891921711
v 0.20533270888987398 -19.672131147540984 99.9997891921711
v 0.20533270888987398 -19.262295081967213 99.9997891921711
v 0.20533270888987398 -18.852459016393443 99.9997891921711
v 0.20533270888987398 -18.442622950819672 99.9997891921711
v 0.20533270888987398 -18.0327868852459 99.9997891921711
v 0.20533270888987398 -17.622950819672127 99.9997891921711
v 0.20533270888987398 -17.213114754098356 99.9997891921711
v 0.20533270888987398 -16.803278688524593 99.9997891921711
v 0.20533270888987398 -16.393442622950822 99.9997891921711
v 0.20533270888987398 -15.983606557377051 99.9997891921711
v 0.20533270888987398 -15.57377049180328 99.9997891921711
v 0.20533270888987398 -15.16393442622951 99.9997891921711
v 0.20533270888987398 -14.754098360655739 99.9997891921711
v 0.20533270888987398 -14.344262295081968 99.9997891921711
v 0.20533270888987398 -13.934426229508198 99.9997891921711
v 0.20533270888987398 -13.524590163934427 99.9997891921711
v 0.20533270888987398 -13.114754098360656 99.9997891921711
v 0.20533270888987398 -12.704918032786885 99.9997891921711
v 0.20533270888987398 -12.295081967213115 99.9997891921711
v 0.20533270888987398 -11.885245901639344 99.9997891921711
v 0.20533270888987398 -11.475409836065573 99.9997891921711
v 0.20533270888987398 -11.065573770491802 99.9997891921711
v 0.20533270888987398 -10.655737704918032 99.9997891921711
v 0.20533270888987398 -10.245901639344261 99.9997891921711
v 0.20533270888987398 -9.83606557377049 99.9997891921711
v 0.20533270888987398 -9.42622950819672 99.9997891921711
v 0.20533270888987398 -9.016393442622949 99.9997891921711
v 0.20533270888987398 -8.606557377049178 99.9997891921711
v 0.20533270888987398 -8.196721311475407 99.9997891921711
v 0.20533270888987398 -7.786885245901637 99.9997891921711
v 0.20533270888987398 -7.377049180327866 99.9997891921711
v 0.20533270888987398 -6.967213114754095 99.9997891921711
v 0.20533270888987398 -6.5573770491803245 99.9997891921711
v 0.20533270888987398 -6.147540983606554 99.9997891921711
v 0.20533270888987398 -5.737704918032783 99.9997891921711
v 0.20533270888987398 -5.327868852459012 99.9997891921711
v 0.20533270888987398 -4.918032786885242 99.9997891921711
v 0.20533270888987398 -4.508196721311471 99.9997891921711
v 0.20533270888987398 -4.098360655737707 99.9997891921711
v 0.20533270888987398 -3.6885245901639365 99.9997891921711
v 0.20533270888987398 -3.278688524590166 99.9997891921711
v 0.20533270888987398 -2.868852459016395 99.9997891921711
v 0.20533270888987398 -2.4590163934426243 99.9997891921711
v 0.20533270888987398 -2.0491803278688536 99.9997891921711
v 0.20533270888987398 -1.639344262295083 99.9997891921711
v 0.20533270888987398 -1.2295081967213122 99.9997891921711
v 0.20533270888987398 -0.8196721311475414 99.9997891921711
v 0.20533270888987398 -0.4098360655737707 99.9997891921711
v 0.20533270888987398 0.0 99.9997891921711
v 0.20533270888987398 0.4098360655737707 99.9997891921711
v 0.20533270888987398 0.8196721311475414 99.9997891921711
v 0.20533270888987398 1.2295081967213122 99.9997891921711
v 0.20533270888987398 1.639344262295083 99.9997891921711
v 0.20533270888987398 2.0491803278688536 99.9997891921711
v 0.20533270888987398 2.4590163934426243 99.9997891921711
v 0.20533270888987398 2.868852459016395 99.9997891921711
v 0.20533270888987398 3.278688524590166 99.9997891921711
v 0.20533270888987398 3.6885245901639365 99.9997891921711
v 0.20533270888987398 4.098360655737707 99.9997891921711
v 0.20533270888987398 4.508196721311478 99.9997891921711
v 0.20533270888987398 4.918032786885249 99.9997891921711
v 0.20533270888987398 5.327868852459019 99.9997891921711
v 0.20533270888987398 5.73770491803279 99.9997891921711
v 0.20533270888987398 6.147540983606561 99.9997891921711
v 0.20533270888987398 6.557377049180332 99.9997891921711
v 0.20533270888987398 6.967213114754102 99.9997891921711
v 0.20533270888987398 7.377049180327873 99.9997891921711
v 0.20533270888987398 7.786885245901644 99.9997891921711
v 0.20533270888987398 8.196721311475414 99.9997891921711
v 0.20533270888987398 8.606557377049185 99.9997891921711
v 0.20533270888987398 9.016393442622956 99.9997891921711
v 0.20533270888987398 9.42622950819672 99.9997891921711
v 0.20533270888987398 9.83606557377049 99.9997891921711
v 0.20533270888987398 10.245901639344261 99.9997891921711
v 0.20533270888987398 10.655737704918032 99.9997891921711
v 0.20533270888987398 11.065573770491802 99.9997891921711
v 0.20533270888987398 11.475409836065573 99.9997891921711
v 0.20533270888987398 11.885245901639344 99.9997891921711
v 0.20533270888987398 12.295081967213115 99.9997891921711
v 0.20533270888987398 12.704918032786885 99.9997891921711
v 0.20533270888987398 13.114754098360656 99.9997891921711
v 0.20533270888987398 13.524590163934427 99.9997891921711
v 0.20533270888987398 13.934426229508198 99.9997891921711
v 0.20533270888987398 14.344262295081975 99.9997891921711
v 0.20533270888987398 14.754098360655746 99.9997891921711
v 0.20533270888987398 15.163934426229517 99.9997891921711
v 0.20533270888987398 15.573770491803288 99.9997891921711
v 0.20533270888987398 15.983606557377044 99.9997891921711
v 0.20533270888987398 16.393442622950815 99.9997891921711
v 0.20533270888987398 16.803278688524586 99.9997891921711
v 0.20533270888987398 17.213114754098356 99.9997891921711
v 0.20533270888987398 17.622950819672127 99.9997891921711
v 0.20533270888987398 18.032786885245898 99.9997891921711
v 0.20533270888987398 18.44262295081967 99.9997891921711
v 0.20533270888987398 18.85245901639344 99.9997891921711
v 0.20533270888987398 19.26229508196721 99.9997891921711
v 0.20533270888987398 19.67213114754098 99.9997891921711
v 0.20533270888987398 20.08196721311475 99.9997891921711
v 0.20533270888987398 20.491803278688522 99.9997891921711
v 0.20533270888987398 20.901639344262293 99.9997891921711
v 0.20533270888987398 21.311475409836063 99.9997891921711
v 0.20533270888987398 21.721311475409834 99.9997891921711
v 0.20533270888987398 22.131147540983605 99.9997891921711
v 0.20533270888987398 22.540983606557376 99.9997891921711
v 0.20533270888987398 22.950819672131146 99.9997891921711
v 0.20533270888987398 23.360655737704917 99.9997891921711
v 0.20533270888987398 23.770491803278688 99.9997891921711
v 0.20533270888987398 24.18032786885246 99.9997891921711
v 0.20533270888987398 24.59016393442623 99.9997891921711
v 0.20533270888987398 25.0 99.9997891921711
v 0.20533270888987398 25.40983606557377 99.9997891921711
v 0.20533270888987398 25.81967213114754 99.9997891921711
v 0.20533270888987398 26.229508196721312 99.9997891921711
v 0.20533270888987398 26.639344262295083 99.9997891921711
v 0.20533270888987398 27.049180327868854 99.9997891921711
v 0.20533270888987398 27.459016393442624 99.9997891921711
v 0.20533270888987398 27.868852459016395 99.9997891921711
v 0.20533270888987398 28.278688524590166 99.9997891921711
v 0.20533270888987398 28.688524590163937 99.9997891921711
v 0.20533270888987398 29.098360655737707 99.9997891921711
v 0.20533270888987398 29.508196721311478 99.9997891921711
v 0.20533270888987398 29.91803278688525 99.9997891921711
v 0.20533270888987398 30.32786885245902 99.9997891921711
v 0.20533270888987398 30.73770491803279 99.9997891921711
v 0.20533270888987398 31.14754098360656 99.9997891921711
v 0.20533270888987398 31.55737704918033 99.9997891921711
v 0.20533270888987398 31.967213114754102 99.9997891921711
v 0.20533270888987398 32.37704918032787 99.9997891921711
v 0.20533270888987398 32.786885245901644 99.9997891921711
v 0.20533270888987398 33.196721311475414 99.9997891921711
v 0.20533270888987398 33.606557377049185 99.9997891921711
v 0.20533270888987398 34.016393442622956 99.9997891921711
v 0.20533270888987398 34.42622950819673 99.9997891921711
v 0.20533270888987398 34.8360655737705 99.9997891921711
v 0.20533270888987398 35.24590163934427 99.9997891921711
v 0.20533270888987398 35.65573770491804 99.9997891921711
v 0.20533270888987398 36.06557377049181 99.9997891921711
v 0.20533270888987398 36.47540983606558 99.9997891921711
v 0.20533270888987398 36.88524590163935 99.9997891921711
v 0.20533270888987398 37.29508196721312 99.9997891921711
v 0.20533270888987398 37.70491803278689 99.9997891921711
v 0.20533270888987398 38.11475409836066 99.9997891921711
v 0.20533270888987398 38.524590163934434 99.9997891921711
v 0.20533270888987398 38.934426229508205 99.9997891921711
v 0.20533270888987398 39.344262295081975 99.9997891921711
v 0.20533270888987398 39.754098360655746 99.9997891921711
v 0.20533270888987398 40.16393442622952 99.9997891921711
v 0.20533270888987398 40.57377049180329 99.9997891921711
v 0.20533270888987398 40.98360655737706 99.9997891921711
v 0.20533270888987398 41.39344262295083 99.9997891921711
v 0.20533270888987398 41.803278688524586 99.9997891921711
v 0.20533270888987398 42.213114754098356 99.9997891921711
v 0.20533270888987398 42.62295081967213 99.9997891921711
v 0.20533270888987398 43.0327868852459 99.9997891921711
v 0.20533270888987398 43.44262295081967 99.9997891921711
v 0.20533270888987398 43.85245901639344 99.9997891921711
v 0.20533270888987398 44.26229508196721 99.9997891921711
v 0.20533270888987398 44.67213114754098 99.9997891921711
v 0.20533270888987398 45.08196721311475 99.9997891921711
v 0.20533270888987398 45.49180327868852 99.9997891921711
v 0.20533270888987398 45.90163934426229 99.9997891921711
v 0.20533270888987398 46.31147540983606 99.9997891921711
v 0.20533270888987398 46.721311475409834 99.9997891921711
v 0.20533270888987398 47.131147540983605 99.9997891921711
v 0.20533270888987398 47.540983606557376 99.9997891921711
v 0.20533270888987398 47.950819672131146 99.9997891921711
v 0.20533270888987398 48.36065573770492 99.9997891921711
v 0.20533270888987398 48.77049180327869 99.9997891921711
v 0.20533270888987398 49.18032786885246 99.9997891921711
v 0.20533270888987398 49.59016393442623 99.9997891921711
v 0.20533270888987398 50.0 99.9997891921711
v 0.6159946638138568 -50.0 99.99810273487269
v 0.6159946638138568 -49.59016393442623 99.99810273487269
v 0.6159946638138568 -49.18032786885246 99.99810273487269
v 0.6159946638138568 -48.77049180327869 99.99810273487269
v 0.6159946638138568 -48.36065573770492 99.99810273487269
v 0.6159946638138568 -47.950819672131146 99.99810273487269
v 0.6159946638138568 -47.540983606557376 99.99810273487269
v 0.6159946638138568 -47.131147540983605 99.99810273487269
v 0.6159946638138568 -46.721311475409834 99.99810273487269
v 0.6159946638138568 -46.31147540983606 99.99810273487269
v 0.6159946638138568 -45.90163934426229 99.99810273487269
v 0.6159946638138568 -45.49180327868852 99.99810273487269
v 0.6159946638138568 -45.08196721311475 99.99810273487269
v 0.6159946638138568 -44.67213114754098 99.99810273487269
v 0.6159946638138568 -44.26229508196721 99.99810273487269
v 0.6159946638138568 -43.85245901639344 99.99810273487269
v 0.6159946638138568 -43.44262295081967 99.99810273487269
v 0.6159946638138568 -43.0327868852459 99.99810273487269
v 0.6159946638138568 -42.62295081967213 99.99810273487269
v 0.6159946638138568 -42.21311475409836 99.99810273487269
v 0.6159946638138568 -41.803278688524586 99.99810273487269
v 0.6159946638138568 -41.39344262295082 99.99810273487269
v 0.6159946638138568 -40.98360655737705 99.99810273487269
v 0.6159946638138568 -40.57377049180328 99.99810273487269
v 0.6159946638138568 -40.16393442622951 99.99810273487269
v 0.6159946638138568 -39.75409836065574 99.99810273487269
v 0.6159946638138568 -39.34426229508197 99.99810273487269
v 0.6159946638138568 -38.9344262295082 99.99810273487269
v 0.6159946638138568 -38.52459016393443 99.99810273487269
v 0.6159946638138568 -38.114754098360656 99.99810273487269
v 0.6159946638138568 -37.704918032786885 99.99810273487269
v 0.6159946638138568 -37.295081967213115 99.99810273487269
v 0.6159946638138568 -36.885245901639344 99.99810273487269
v 0.6159946638138568 -36.47540983606557 99.99810273487269
v 0.6159946638138568 -36.0655737704918 99.99810273487269
v 0.6159946638138568 -35.65573770491803 99.99810273487269
v 0.6159946638138568 -35.24590163934426 99.99810273487269
v 0.6159946638138568 -34.83606557377049 99.99810273487269
v 0.6159946638138568 -34.42622950819672 99.99810273487269
v 0.6159946638138568 -34.01639344262295 99.99810273487269
v 0.6159946638138568 -33.60655737704918 99.99810273487269
v 0.6159946638138568 -33.196721311475414 99.99810273487269
v 0.6159946638138568 -32.786885245901644 99.99810273487269
v 0.6159946638138568 -32.37704918032787 99.99810273487269
v 0.6159946638138568 -31.9672131147541 99.99810273487269
v 0.6159946638138568 -31.557377049180328 99.99810273487269
v 0.6159946638138568 -31.147540983606557 99.99810273487269
v 0.6159946638138568 -30.737704918032787 99.99810273487269
v 0.6159946638138568 -30.327868852459016 99.99810273487269
v 0.6159946638138568 -29.918032786885245 99.99810273487269
v 0.6159946638138568 -29.508196721311474 99.99810273487269
v 0.6159946638138568 -29.098360655737704 99.99810273487269
v 0.6159946638138568 -28.688524590163933 99.99810273487269
v 0.6159946638138568 -28.278688524590162 99.99810273487269
v 0.6159946638138568 -27.86885245901639 99.99810273487269
v 0.6159946638138568 -27.45901639344262 99.99810273487269
v 0.6159946638138568 -27.049180327868854 99.99810273487269
v 0.6159946638138568 -26.639344262295083 99.99810273487269
v 0.6159946638138568 -26.229508196721312 99.99810273487269
v 0.6159946638138568 -25.81967213114754 99.99810273487269
v 0.6159946638138568 -25.40983606557377 99.99810273487269
v 0.6159946638138568 -25.0 99.99810273487269
v 0.6159946638138568 -24.59016393442623 99.99810273487269
v 0.6159946638138568 -24.18032786885246 99.99810273487269
v 0.6159946638138568 -23.770491803278688 99.99810273487269
v 0.6159946638138568 -23.360655737704917 99.99810273487269
v 0.6159946638138568 -22.950819672131146 99.99810273487269
v 0.6159946638138568 -22.540983606557376 99.99810273487269
v 0.6159946638138568 -22.131147540983605 99.99810273487269
v 0.6159946638138568 -21.721311475409834 99.99810273487269
v 0.6159946638138568 -21.311475409836063 99.99810273487269
v 0.6159946638138568 -20.901639344262293 99.99810273487269
v 0.6159946638138568 -20.491803278688522 99.99810273487269
v 0.6159946638138568 -20.081967213114755 99.99810273487269
v 0.6159946638138568 -19.672131147540984 99.99810273487269
v 0.6159946638138568 -19.262295081967213 99.99810273487269
v 0.6159946638138568 -18.852459016393443 99.99810273487269
v 0.6159946638138568 -18.442622950819672 99.99810273487269
v 0.6159946638138568 -18.0327868852459 99.99810273487269
v 0.6159946638138568 -17.622950819672127 99.99810273487269
v 0.6159946638138568 -17.213114754098356 99.99810273487269
v 0.6159946638138568 -16.803278688524593 99.99810273487269
v 0.6159946638138568 -16.393442622950822 99.99810273487269
v 0.6159946638138568 -15.983606557377051 99.99810273487269
v 0.6159946638138568 -15.57377049180328 99.99810273487269
v 0.6159946638138568 -15.16393442622951 99.99810273487269
v 0.6159946638138568 -14.754098360655739 99.99810273487269
v 0.6159946638138568 -14.344262295081968 99.99810273487269
v 0.6159946638138568 -13.934426229508198 99.99810273487269
v 0.6159946638138568 -13.524590163934427 99.99810273487269
v 0.6159946638138568 -13.114754098360656 99.99810273487269
v 0.6159946638138568 -12.704918032786885 99.99810273487269
v 0.6159946638138568 -12.295081967213115 99.99810273487269
v 0.6159946638138568 -11.885245901639344 99.99810273487269
v 0.6159946638138568 -11.475409836065573 99.99810273487269
v 0.6159946638138568 -11.065573770491802 99.99810273487269
v 0.6159946638138568 -10.655737704918032 99.99810273487269
v 0.6159946638138568 -10.245901639344261 99.99810273487269
v 0.6159946638138568 -9.83606557377049 99.99810273487269
v 0.6159946638138568 -9.42622950819672 99.99810273487269
v 0.6159946638138568 -9.016393442622949 99.99810273487269
v 0.6159946638138568 -8.606557377049178 99.99810273487269
v 0.6159946638138568 -8.196721311475407 99.99810273487269
v 0.6159946638138568 -7.786885245901637 99.99810273487269
v 0.6159946638138568 -7.377049180327866 99.99810273487269
v 0.6159946638138568 -6.967213114754095 99.99810273487269
v 0.6159946638138568 -6.5573770491803245 99.99810273487269
v 0.6159946638138568 -6.147540983606554 99.99810273487269
v 0.6159946638138568 -5.737704918032783 99.99810273487269
v 0.6159946638138568 -5.327868852459012 99.99810273487269
v 0.6159946638138568 -4.918032786885242 99.99810273487269
v 0.6159946638138568 -4.508196721311471 99.99810273487269
v 0.6159946638138568 -4.098360655737707 99.99810273487269
v 0.6159946638138568 -3.6885245901639365 99.99810273487269
v 0.6159946638138568 -3.278688524590166 99.99810273487269
v 0.6159946638138568 -2.868852459016395 99.99810273487269
v 0.6159946638138568 -2.4590163934426243 99.99810273487269
v 0.6159946638138568 -2.0491803278688536 99.99810273487269
v 0.6159946638138568 -1.639344262295083 99.99810273487269
v 0.6159946638138568 -1.2295081967213122 99.99810273487269
v 0.6159946638138568 -0.8196721311475414 99.99810273487269
v 0.6159946638138568 -0.4098360655737707 99.99810273487269
v 0.6159946638138568 0.0 99.99810273487269
v 0.6159946638138568 0.4098360655737707 99.99810273487269
v 0.6159946638138568 0.8196721311475414 99.99810273487269
v 0.6159946638138568 1.2295081967213122 99.99810273487269
v 0.6159946638138568 1.639344262295083 99.99810273487269
v 0.6159946638138568 2.0491803278688536 99.99810273487269
v 0.6159946638138568 2.4590163934426243 99.99810273487269
v 0.6159946638138568 2.868852459016395 99.99810273487269
v 0.6159946638138568 3.278688524590166 99.99810273487269
v 0.6159946638138568 3.6885245901639365 99.99810273487269
v 0.6159946638138568 4.098360655737707 99.99810273487269
v 0.6159946638138568 4.508196721311478 99.99810273487269
v 0.6159946638138568 4.918032786885249 99.99810273487269
v 0.6159946638138568 5.327868852459019 99.99810273487269
v 0.6159946638138568 5.73770491803279 99.99810273487269
v 0.6159946638138568 6.147540983606561 99.99810273487269
v 0.6159946638138568 6.557377049180332 99.99810273487269
v 0.6159946638138568 6.967213114754102 99.99810273487269
v 0.6159946638138568 7.377049180327873 99.99810273487269
v 0.6159946638138568 7.786885245901644 99.99810273487269
v 0.6159946638138568 8.196721311475414 99.99810273487269
v 0.6159946638138568 8.606557377049185 99.99810273487269
v 0.6159946638138568 9.016393442622956 99.99810273487269
v 0.6159946638138568 9.42622950819672 99.99810273487269
v 0.6159946638138568 9.83606557377049 99.99810273487269
v 0.6159946638138568 10.245901639344261 99.99810273487269
v 0.6159946638138568 10.655737704918032 99.99810273487269
v 0.6159946638138568 11.065573770491802 99.99810273487269
v 0.6159946638138568 11.475409836065573 99.99810273487269
v 0.6159946638138568 11.885245901639344 99.99810273487269
v 0.6159946638138568 12.295081967213115 99.99810273487269
v 0.6159946638138568 12.704918032786885 99.99810273487269
v 0.6159946638138568 13.114754098360656 99.99810273487269
v 0.6159946638138568 13.524590163934427 99.99810273487269
v 0.6159946638138568 13.934426229508198 99.99810273487269
v 0.6159946638138568 14.344262295081975 99.99810273487269
v 0.6159946638138568 14.754098360655746 99.99810273487269
v 0.6159946638138568 15.163934426229517 99.99810273487269
v 0.6159946638138568 15.573770491803288 99.99810273487269
v 0.6159946638138568 15.983606557377044 99.99810273487269
v 0.6159946638138568 16.393442622950815 99.99810273487269
v 0.6159946638138568 16.803278688524586 99.99810273487269
v 0.6159946638138568 17.213114754098356 99.99810273487269
v 0.6159946638138568 17.622950819672127 99.99810273487269
v 0.6159946638138568 18.032786885245898 99.99810273487269
v 0.6159946638138568 18.44262295081967 99.99810273487269
v 0.6159946638138568 18.85245901639344 99.99810273487269
v 0.6159946638138568 19.26229508196721 99.99810273487269
v 0.6159946638138568 19.67213114754098 99.99810273487269
v 0.6159946638138568 20.08196721311475 99.99810273487269
v 0.6159946638138568 20.491803278688522 99.99810273487269
v 0.6159946638138568 20.901639344262293 99.99810273487269
v 0.6159946638138568 21.311475409836063 99.99810273487269
v 0.6159946638138568 21.721311475409834 99.99810273487269
v 0.6159946638138568 22.131147540983605 99.99810273487269
v 0.6159946638138568 22.540983606557376 99.99810273487269
v 0.6159946638138568 22.950819672131146 99.99810273487269
v 0.6159946638138568 23.360655737704917 99.99810273487269
v 0.6159946638138568 23.770491803278688 99.99810273487269
v 0.6159946638138568 24.18032786885246 99.99810273487269
v 0.6159946638138568 24.59016393442623 99.99810273487269
v 0.6159946638138568 25.0 99.99810273487269
v 0.6159946638138568 25.40983606557377 99.99810273487269
v 0.6159946638138568 25.81967213114754 99.99810273487269
v 0.6159946638138568 26.229508196721312 99.99810273487269
v 0.6159946638138568 26.639344262295083 99.99810273487269
v 0.6159946638138568 27.049180327868854 99.99810273487269
v 0.6159946638138568 27.459016393442624 99.99810273487269
v 0.6159946638138568 27.868852459016395 99.99810273487269
v 0.6159946638138568 28.278688524590166 99.99810273487269
v 0.6159946638138568 28.688524590163937 99.99810273487269
v 0.6159946638138568 29.098360655737707 99.99810273487269
v 0.6159946638138568 29.508196721311478 99.99810273487269
v 0.6159946638138568 29.91803278688525 99.99810273487269
v 0.6159946638138568 30.32786885245902 99.99810273487269
v 0.6159946638138568 30.73770491803279 99.99810273487269
v 0.6159946638138568 31.14754098360656 99.99810273487269
v 0.6159946638138568 31.55737704918033 99.99810273487269
v 0.6159946638138568 31.967213114754102 99.99810273487269
v 0.6159946638138568 32.37704918032787 99.99810273487269
v 0.6159946638138568 32.786885245901644 99.99810273487269
v 0.6159946638138568 33.196721311475414 99.99810273487269
v 0.6159946638138568 33.606557377049185 99.99810273487269
v 0.6159946638138568 34.016393442622956 99.99810273487269
v 0.6159946638138568 34.42622950819673 99.99810273487269
v 0.6159946638138568 34.8360655737705 99.99810273487269
v 0.6159946638138568 35.24590163934427 99.99810273487269
v 0.6159946638138568 35.65573770491804 99.99810273487269
v 0.6159946638138568 36.06557377049181 99.99810273487269
v 0.6159946638138568 36.47540983606558 99.99810273487269
v 0.6159946638138568 36.88524590163935 99.99810273487269
v 0.6159946638138568 37.29508196721312 99.99810273487269
v 0.6159946638138568 37.70491803278689 99.99810273487269
v 0.6159946638138568 38.11475409836066 99.99810273487269
v 0.6159946638138568 38.524590163934434 99.99810273487269
v 0.6159946638138568 38.934426229508205 99.99810273487269
v 0.6159946638138568 39.344262295081975 99.99810273487269
v 0.6159946638138568 39.754098360655746 99.99810273487269
v 0.6159946638138568 40.16393442622952 99.99810273487269
v 0.6159946638138568 40.57377049180329 99.99810273487269
v 0.6159946638138568 40.98360655737706 99.99810273487269
v 0.6159946638138568 41.39344262295083 99.99810273487269
v 0.6159946638138568 41.803278688524586 99.99810273487269
v 0.6159946638138568 42.213114754098356 99.99810273487269
v 0.6159946638138568 42.62295081967213 99.99810273487269
v 0.6159946638138568 43.0327868852459 99.99810273487269
v 0.6159946638138568 43.44262295081967 99.99810273487269
v 0.6159946638138568 43.85245901639344 99.99810273487269
v 0.6159946638138568 44.26229508196721 99.99810273487269
v 0.6159946638138568 44.67213114754098 99.99810273487269
v 0.6159946638138568 45.08196721311475 99.99810273487269
v 0.6159946638138568 45.49180327868852 99.99810273487269
v 0.6159946638138568 45.90163934426229 99.99810273487269
v 0.6159946638138568 46.31147540983606 99.99810273487269
v 0.6159946638138568 46.721311475409834 99.99810273487269
v 0.6159946638138568 47.131147540983605 99.99810273487269
v 0.6159946638138568 47.540983606557376 99.99810273487269
v 0.6159946638138568 47.950819672131146 99.99810273487269
v 0.6159946638138568 48.36065573770492 99.99810273487269
v 0.6159946638138568 48.77049180327869 99.99810273487269
v 0.6159946638138568 49.18032786885246 99.99810273487269
v 0.6159946638138568 49.59016393442623 99.99810273487269
v 0.6159946638138568 50.0 99.99810273487269
v 1.0266462302289965 -50.0 99.99472984871731
v 1.0266462302289965 -49.59016393442623 99.99472984871731
v 1.0266462302289965 -49.18032786885246 99.99472984871731
v 1.0266462302289965 -48.77049180327869 99.99472984871731
v 1.0266462302289965 -48.36065573770492 99.99472984871731
v 1.0266462302289965 -47.950819672131146 99.99472984871731
v 1.0266462302289965 -47.540983606557376 99.99472984871731
v 1.0266462302289965 -47.131147540983605 99.99472984871731
v 1.0266462302289965 -46.721311475409834 99.99472984871731
v 1.0266462302289965 -46.31147540983606 99.99472984871731
v 1.0266462302289965 -45.90163934426229 99.99472984871731
v 1.0266462302289965 -45.49180327868852 99.99472984871731
v 1.0266462302289965 -45.08196721311475 99.99472984871731
v 1.0266462302289965 -44.67213114754098 99.99472984871731
v 1.0266462302289965 -44.26229508196721 99.99472984871731
v 1.0266462302289965 -43.85245901639344 99.99472984871731
v 1.0266462302289965 -43.44262295081967 99.99472984871731
v 1.0266462302289965 -43.0327868852459 99.99472984871731
v 1.0266462302289965 -42.62295081967213 99.99472984871731
v 1.0266462302289965 -42.21311475409836 99.99472984871731
v 1.0266462302289965 -41.803278688524586 99.99472984871731
v 1.0266462302289965 -41.39344262295082 99.99472984871731
v 1.0266462302289965 -40.98360655737705 99.99472984871731
v 1.0266462302289965 -40.57377049180328 99.99472984871731
v 1.0266462302289965 -40.16393442622951 99.99472984871731
v 1.0266462302289965 -39.75409836065574 99.99472984871731
v 1.0266462302289965 -39.34426229508197 99.99472984871731
v 1.0266462302289965 -38.9344262295082 99.99472984871731
v 1.0266462302289965 -38.52459016393443 99.99472984871731
v 1.0266462302289965 -38.114754098360656 99.99472984871731
v 1.0266462302289965 -37.704918032786885 99.99472984871731
v 1.0266462302289965 -37.295081967213115 99.99472984871731
v 1.0266462302289965 -36.885245901639344 99.99472984871731
v 1.0266462302289965 -36.47540983606557 99.99472984871731
v 1.0266462302289965 -36.0655737704918 99.99472984871731
v 1.0266462302289965 -35.65573770491803 99.99472984871731
v 1.0266462302289965 -35.24590163934426 99.99472984871731
v 1.0266462302289965 -34.83606557377049 99.99472984871731
v 1.0266462302289965 -34.42622950819672 99.99472984871731
v 1.0266462302289965 -34.01639344262295 99.99472984871731
v 1.0266462302289965 -33.60655737704918 99.99472984871731
v 1.0266462302289965 -33.196721311475414 99.99472984871731
v 1.0266462302289965 -32.786885245901644 99.99472984871731
v 1.0266462302289965 -32.37704918032787 99.99472984871731
v 1.0266462302289965 -31.9672131147541 99.99472984871731
v 1.0266462302289965 -31.557377049180328 99.99472984871731
v 1.0266462302289965 -31.147540983606557 99.99472984871731
v 1.0266462302289965 -30.737704918032787 99.99472984871731
v 1.0266462302289965 -30.327868852459016 99.99472984871731
v 1.0266462302289965 -29.918032786885245 99.99472984871731
v 1.0266462302289965 -29.508196721311474 99.99472984871731
v 1.0266462302289965 -29.098360655737704 99.99472984871731
v 1.0266462302289965 -28.688524590163933 99.99472984871731
v 1.0266462302289965 -28.278688524590162 99.99472984871731
v 1.0266462302289965 -27.86885245901639 99.99472984871731
v 1.0266462302289965 -27.45901639344262 99.99472984871731
v 1.0266462302289965 -27.049180327868854 99.99472984871731
v 1.0266462302289965 -26.639344262295083 99.99472984871731
v 1.0266462302289965 -26.229508196721312 99.99472984871731
v 1.0266462302289965 -25.81967213114754 99.99472984871731
v 1.0266462302289965 -25.40983606557377 99.99472984871731
v 1.0266462302289965 -25.0 99.99472984871731
v 1.0266462302289965 -24.59016393442623 99.99472984871731
v 1.0266462302289965 -24.18032786885246 99.99472984871731
v 1.0266462302289965 -23.770491803278688 99.99472984871731
v 1.0266462302289965 -23.360655737704917 99.99472984871731
v 1.0266462302289965 -22.950819672131146 99.99472984871731
v 1.0266462302289965 -22.540983606557376 99.99472984871731
v 1.0266462302289965 -22.131147540983605 99.99472984871731
v 1.0266462302289965 -21.721311475409834 99.99472984871731
v 1.0266462302289965 -21.311475409836063 99.99472984871731
v 1.0266462302289965 -20.901639344262293 99.99472984871731
v 1.0266462302289965 -20.491803278688522 99.99472984871731
v 1.0266462302289965 -20.081967213114755 99.99472984871731
v 1.0266462302289965 -19.672131147540984 99.99472984871731
v 1.0266462302289965 -19.262295081967213 99.99472984871731
v 1.0266462302289965 -18.852459016393443 99.99472984871731
v 1.0266462302289965 -18.442622950819672 99.99472984871731
v 1.0266462302289965 -18.0327868852459 99.99472984871731
v 1.0266462302289965 -17.622950819672127 99.99472984871731
v 1.0266462302289965 -17.213114754098356 99.99472984871731
v 1.0266462302289965 -16.803278688524593 99.99472984871731
v 1.0266462302289965 -16.393442622950822 99.99472984871731
v 1.0266462302289965 -15.983606557377051 99.99472984871731
v 1.0266462302289965 -15.57377049180328 99.99472984871731
v 1.0266462302289965 -15.16393442622951 99.99472984871731
v 1.0266462302289965 -14.754098360655739 99.99472984871731
v 1.0266462302289965 -14.344262295081968 99.99472984871731
v 1.0266462302289965 -13.934426229508198 99.99472984871731
v 1.0266462302289965 -13.524590163934427 99.99472984871731
v 1.0266462302289965 -13.114754098360656 99.99472984871731
v 1.0266462302289965 -12.704918032786885 99.99472984871731
v 1.0266462302289965 -12.295081967213115 99.99472984871731
v 1.0266462302289965 -11.885245901639344 99.99472984871731
v 1.0266462302289965 -11.475409836065573 99.99472984871731
v 1.0266462302289965 -11.065573770491802 99.99472984871731
v 1.0266462302289965 -10.655737704918032 99.99472984871731
v 1.0266462302289965 -10.245901639344261 99.99472984871731
v 1.0266462302289965 -9.83606557377049 99.99472984871731
v 1.0266462302289965 -9.42622950819672 99.99472984871731
v 1.0266462302289965 -9.016393442622949 99.99472984871731
v 1.0266462302289965 -8.606557377049178 99.99472984871731
v 1.0266462302289965 -8.196721311475407 99.99472984871731
v 1.0266462302289965 -7.786885245901637 99.99472984871731
v 1.0266462302289965 -7.377049180327866 99.99472984871731
v 1.0266462302289965 -6.967213114754095 99.99472984871731
v 1.0266462302289965 -6.5573770491803245 99.99472984871731
v 1.0266462302289965 -6.147540983606554 99.99472984871731
v 1.0266462302289965 -5.737704918032783 99.99472984871731
v 1.0266462302289965 -5.327868852459012 99.99472984871731
v 1.0266462302289965 -4.918032786885242 99.99472984871731
v 1.0266462302289965 -4.508196721311471 99.99472984871731
v 1.0266462302289965 -4.098360655737707 99.99472984871731
v 1.0266462302289965 -3.6885245901639365 99.99472984871731
v 1.0266462302289965 -3.278688524590166 99.99472984871731
v 1.0266462302289965 -2.868852459016395 99.99472984871731
v 1.0266462302289965 -2.4590163934426243 99.99472984871731
v 1.0266462302289965 -2.0491803278688536 99.99472984871731
v 1.0266462302289965 -1.639344262295083 99.99472984871731
v 1.0266462302289965 -1.2295081967213122 99.99472984871731
v 1.0266462302289965 -0.8196721311475414 99.99472984871731
v 1.0266462302289965 -0.4098360655737707 99.99472984871731
v 1.0266462302289965 0.0 99.99472984871731
v 1.0266462302289965 0.4098360655737707 99.99472984871731
v 1.0266462302289965 0.8196721311475414 99.99472984871731
v 1.0266462302289965 1.2295081967213122 99.99472984871731
v 1.0266462302289965 1.639344262295083 99.99472984871731
v 1.0266462302289965 2.0491803278688536 99.99472984871731
v 1.0266462302289965 2.4590163934426243 99.99472984871731
v 1.0266462302289965 2.868852459016395 99.99472984871731
v 1.0266462302289965 3.278688524590166 99.99472984871731
v 1.0266462302289965 3.6885245901639365 99.99472984871731
v 1.0266462302289965 4.098360655737707 99.99472984871731
v 1.0266462302289965 4.508196721311478 99.99472984871731
v 1.0266462302289965 4.918032786885249 99.99472984871731
v 1.0266462302289965 5.327868852459019 99.99472984871731
v 1.0266462302289965 5.73770491803279 99.99472984871731
v 1.0266462302289965 6.147540983606561 99.99472984871731
v 1.0266462302289965 6.557377049180332 99.99472984871731
v 1.0266462302289965 6.967213114754102 99.99472984871731
v 1.0266462302289965 7.377049180327873 99.99472984871731
v 1.0266462302289965 7.786885245901644 99.99472984871731
v 1.0266462302289965 8.196721311475414 99.99472984871731
v 1.0266462302289965 8.606557377049185 99.99472984871731
v 1.0266462302289965 9.016393442622956 99.99472984871731
v 1.0266462302289965 9.42622950819672 99.99472984871731
v 1.0266462302289965 9.83606557377049 99.99472984871731
v 1.0266462302289965 10.245901639344261 99.99472984871731
v 1.0266462302289965 10.655737704918032 99.99472984871731
v 1.0266462302289965 11.065573770491802 99.99472984871731
v 1.0266462302289965 11.475409836065573 99.99472984871731
v 1.0266462302289965 11.885245901639344 99.99472984871731
v 1.0266462302289965 12.295081967213115 99.99472984871731
v 1.0266462302289965 12.704918032786885 99.99472984871731
v 1.0266462302289965 13.114754098360656 99.99472984871731
v 1.0266462302289965 13.524590163934427 99.99472984871731
v 1.0266462302289965 13.934426229508198 99.99472984871731
v 1.0266462302289965 14.344262295081975 99.99472984871731
v 1.0266462302289965 14.754098360655746 99.99472984871731
v 1.0266462302289965 15.163934426229517 99.99472984871731
v 1.0266462302289965 15.573770491803288 99.99472984871731
v 1.0266462302289965 15.983606557377044 99.99472984871731
v 1.0266462302289965 16.393442622950815 99.99472984871731
v 1.0266462302289965 16.803278688524586 99.99472984871731
v 1.0266462302289965 17.213114754098356 99.99472984871731
v 1.0266462302289965 17.622950819672127 99.99472984871731
v 1.0266462302289965 18.032786885245898 99.99472984871731
v 1.0266462302289965 18.44262295081967 99.99472984871731
v 1.0266462302289965 18.85245901639344 99.99472984871731
v 1.0266462302289965 19.26229508196721 99.99472984871731
v 1.0266462302289965 19.67213114754098 99.99472984871731
v 1.0266462302289965 20.08196721311475 99.99472984871731
v 1.0266462302289965 20.491803278688522 99.99472984871731
v 1.0266462302289965 20.901639344262293 99.99472984871731
v 1.0266462302289965 21.311475409836063 99.99472984871731
v 1.0266462302289965 21.721311475409834 99.99472984871731
v 1.0266462302289965 22.131147540983605 99.99472984871731
v 1.0266462302289965 22.540983606557376 99.99472984871731
v 1.0266462302289965 22.950819672131146 99.99472984871731
v 1.0266462302289965 23.360655737704917 99.99472984871731
v 1.0266462302289965 23.770491803278688 99.99472984871731
v 1.0266462302289965 24.18032786885246 99.99472984871731
v 1.0266462302289965 24.59016393442623 99.99472984871731
v 1.0266462302289965 25.0 99.99472984871731
v 1.0266462302289965 25.40983606557377 99.99472984871731
v 1.0266462302289965 25.81967213114754 99.99472984871731
v 1.0266462302289965 26.229508196721312 99.99472984871731
v 1.0266462302289965 26.639344262295083 99.99472984871731
v 1.0266462302289965 27.049180327868854 99.99472984871731
v 1.0266462302289965 27.459016393442624 99.99472984871731
v 1.0266462302289965 27.868852459016395 99.99472984871731
v 1.0266462302289965 28.278688524590166 99.99472984871731
v 1.0266462302289965 28.688524590163937 99.99472984871731
v 1.0266462302289965 29.098360655737707 99.99472984871731
v 1.0266462302289965 29.508196721311478 99.99472984871731
v 1.0266462302289965 29.91803278688525 99.99472984871731
v 1.0266462302289965 30.32786885245902 99.99472984871731
v 1.0266462302289965 30.73770491803279 99.99472984871731
v 1.0266462302289965 31.14754098360656 99.99472984871731
v 1.0266462302289965 31.55737704918033 99.99472984871731
v 1.0266462302289965 31.967213114754102 99.99472984871731
v 1.0266462302289965 32.37704918032787 99.99472984871731
v 1.0266462302289965 32.786885245901644 99.99472984871731
v 1.0266462302289965 33.196721311475414 99.99472984871731
v 1.0266462302289965 33.606557377049185 99.99472984871731
v 1.0266462302289965 34.016393442622956 99.99472984871731
v 1.0266462302289965 34.42622950819673 99.99472984871731
v 1.0266462302289965 34.8360655737705 99.99472984871731
v 1.0266462302289965 35.24590163934427 99.99472984871731
v 1.0266462302289965 35.65573770491804 99.99472984871731
v 1.0266462302289965 36.06557377049181 99.99472984871731
v 1.0266462302289965 36.47540983606558 99.99472984871731
v 1.0266462302289965 36.88524590163935 99.99472984871731
v 1.0266462302289965 37.29508196721312 99.99472984871731
v 1.0266462302289965 37.70491803278689 99.99472984871731
v 1.0266462302289965 38.11475409836066 99.99472984871731
v 1.0266462302289965 38.524590163934434 99.99472984871731
v 1.0266462302289965 38.934426229508205 99.99472984871731
v 1.0266462302289965 39.344262295081975 99.99472984871731
v 1.0266462302289965 39.754098360655746 99.99472984871731
v 1.0266462302289965 40.16393442622952 99.99472984871731
v 1.0266462302289965 40.57377049180329 99.99472984871731
v 1.0266462302289965 40.98360655737706 99.99472984871731
v 1.0266462302289965 41.39344262295083 99.99472984871731
v 1.0266462302289965 41.803278688524586 99.99472984871731
v 1.0266462302289965 42.213114754098356 99.99472984871731
v 1.0266462302289965 42.62295081967213 99.99472984871731
v 1.0266462302289965 43.0327868852459 99.99472984871731
v 1.0266462302289965 43.44262295081967 99.99472984871731
v 1.0266462302289965 43.85245901639344 99.99472984871731
v 1.0266462302289965 44.26229508196721 99.99472984871731
v 1.0266462302289965 44.67213114754098 99.99472984871731
v 1.0266462302289965 45.08196721311475 99.99472984871731
v 1.0266462302289965 45.49180327868852 99.99472984871731
v 1.0266462302289965 45.90163934426229 99.99472984871731
v 1.0266462302289965 46.31147540983606 99.99472984871731
v 1.0266462302289965 46.721311475409834 99.99472984871731
v 1.0266462302289965 47.131147540983605 99.99472984871731
v 1.0266462302289965 47.540983606557376 99.99472984871731
v 1.0266462302289965 47.950819672131146 99.99472984871731
v 1.0266462302289965 48.36065573770492 99.99472984871731
v 1.0266462302289965 48.77049180327869 99.99472984871731
v 1.0266462302289965 49.18032786885246 99.99472984871731
v 1.0266462302289965 49.59016393442623 99.99472984871731
v 1.0266462302289965 50.0 99.99472984871731
v 1.4372804826573362 -50.0 99.98967059058737
v 1.4372804826573362 -49.59016393442623 99.98967059058737
v 1.4372804826573362 -49.18032786885246 99.98967059058737
v 1.4372804826573362 -48.77049180327869 99.98967059058737
v 1.4372804826573362 -48.36065573770492 99.98967059058737
v 1.4372804826573362 -47.950819672131146 99.98967059058737
v 1.4372804826573362 -47.540983606557376 99.98967059058737
v 1.4372804826573362 -47.131147540983605 99.98967059058737
v 1.4372804826573362 -46.721311475409834 99.98967059058737
v 1.4372804826573362 -46.31147540983606 99.98967059058737
v 1.4372804826573362 -45.90163934426229 99.98967059058737
v 1.4372804826573362 -45.49180327868852 99.98967059058737
v 1.4372804826573362 -45.08196721311475 99.98967059058737
v 1.4372804826573362 -44.67213114754098 99.98967059058737
v 1.4372804826573362 -44.26229508196721 99.98967059058737
v 1.4372804826573362 -43.85245901639344 99.98967059058737
v 1.4372804826573362 -43.44262295081967 99.98967059058737
v 1.4372804826573362 -43.0327868852459 99.98967059058737
v 1.4372804826573362 -42.62295081967213 99.98967059058737
v 1.4372804826573362 -42.21311475409836 99.98967059058737
v 1.4372804826573362 -41.803278688524586 99.98967059058737
v 1.4372804826573362 -41.39344262295082 99.98967059058737
v 1.4372804826573362 -40.98360655737705 99.98967059058737
v 1.4372804826573362 -40.57377049180328 99.98967059058737
v 1.4372804826573362 -40.16393442622951 99.98967059058737
v 1.4372804826573362 -39.75409836065574 99.98967059058737
v 1.4372804826573362 -39.34426229508197 99.98967059058737
v 1.4372804826573362 -38.9344262295082 99.98967059058737
v 1.4372804826573362 -38.52459016393443 99.98967059058737
v 1.4372804826573362 -38.114754098360656 99.98967059058737
v 1.4372804826573362 -37.704918032786885 99.98967059058737
v 1.4372804826573362 -37.295081967213115 99.98967059058737
v 1.4372804826573362 -36.885245901639344 99.98967059058737
v 1.4372804826573362 -36.47540983606557 99.98967059058737
v 1.4372804826573362 -36.0655737704918 99.98967059058737
v 1.4372804826573362 -35.65573770491803 99.98967059058737
v 1.4372804826573362 -35.24590163934426 99.98967059058737
v 1.4372804826573362 -34.83606557377049 99.98967059058737
v 1.4372804826573362 -34.42622950819672 99.98967059058737
v 1.4372804826573362 -34.01639344262295 99.98967059058737
v 1.4372804826573362 -33.60655737704918 99.98967059058737
v 1.4372804826573362 -33.196721311475414 99.98967059058737
v 1.4372804826573362 -32.786885245901644 99.98967059058737
v 1.4372804826573362 -32.37704918032787 99.98967059058737
v 1.4372804826573362 -31.9672131147541 99.98967059058737
v 1.4372804826573362 -31.557377049180328 99.98967059058737
v 1.4372804826573362 -31.147540983606557 99.98967059058737
v 1.4372804826573362 -30.737704918032787 99.98967059058737
v 1.4372804826573362 -30.327868852459016 99.98967059058737
v 1.4372804826573362 -29.918032786885245 99.98967059058737
v 1.4372804826573362 -29.508196721311474 99.98967059058737
v 1.4372804826573362 -29.098360655737704 99.98967059058737
v 1.4372804826573362 -28.688524590163933 99.98967059058737
v 1.4372804826573362 -28.278688524590162 99.98967059058737
v 1.4372804826573362 -27.86885245901639 99.98967059058737
v 1.4372804826573362 -27.45901639344262 99.98967059058737
v 1.4372804826573362 -27.049180327868854 99.98967059058737
v 1.4372804826573362 -26.639344262295083 99.98967059058737
v 1.4372804826573362 -26.229508196721312 99.98967059058737
v 1.4372804826573362 -25.81967213114754 99.98967059058737
v 1.4372804826573362 -25.40983606557377 99.98967059058737
v 1.4372804826573362 -25.0 99.98967059058737
v 1.4372804826573362 -24.59016393442623 99.98967059058737
v 1.4372804826573362 -24.18032786885246 99.98967059058737
v 1.4372804826573362 -23.770491803278688 99.98967059058737
v 1.4372804826573362 -23.360655737704917 99.98967059058737
v 1.4372804826573362 -22.950819672131146 99.98967059058737
v 1.4372804826573362 -22.540983606557376 99.98967059058737
v 1.4372804826573362 -22.131147540983605 99.98967059058737
v 1.4372804826573362 -21.721311475409834 99.98967059058737
v 1.4372804826573362 -21.311475409836063 99.98967059058737
v 1.4372804826573362 -20.901639344262293 99.98967059058737
v 1.4372804826573362 -20.491803278688522 99.98967059058737
v 1.4372804826573362 -20.081967213114755 99.98967059058737
v 1.4372804826573362 -19.672131147540984 99.98967059058737
v 1.4372804826573362 -19.262295081967213 99.98967059058737
v 1.4372804826573362 -18.852459016393443 99.98967059058737
v 1.4372804826573362 -18.442622950819672 99.98967059058737
v 1.4372804826573362 -18.0327868852459 99.98967059058737
v 1.4372804826573362 -17.622950819672127 99.98967059058737
v 1.4372804826573362 -17.213114754098356 99.98967059058737
v 1.4372804826573362 -16.803278688524593 99.98967059058737
v 1.4372804826573362 -16.393442622950822 99.98967059058737
v 1.4372804826573362 -15.983606557377051 99.98967059058737
v 1.4372804826573362 -15.57377049180328 99.98967059058737
v 1.4372804826573362 -15.16393442622951 99.98967059058737
v 1.4372804826573362 -14.754098360655739 99.98967059058737
v 1.4372804826573362 -14.344262295081968 99.98967059058737
v 1.4372804826573362 -13.934426229508198 99.98967059058737
v 1.4372804826573362 -13.524590163934427 99.98967059058737
v 1.4372804826573362 -13.114754098360656 99.98967059058737
v 1.4372804826573362 -12.704918032786885 99.98967059058737
v 1.4372804826573362 -12.295081967213115 99.98967059058737
v 1.4372804826573362 -11.885245901639344 99.98967059058737
v 1.4372804826573362 -11.475409836065573 99.98967059058737
v 1.4372804826573362 -11.065573770491802 99.98967059058737
v 1.4372804826573362 -10.655737704918032 99.98967059058737
v 1.4372804826573362 -10.245901639344261 99.98967059058737
v 1.4372804826573362 -9.83606557377049 99.98967059058737
v 1.4372804826573362 -9.42622950819672 99.98967059058737
v 1.4372804826573362 -9.016393442622949 99.98967059058737
v 1.4372804826573362 -8.606557377049178 99.98967059058737
v 1.4372804826573362 -8.196721311475407 99.98967059058737
v 1.4372804826573362 -7.786885245901637 99.98967059058737
v 1.4372804826573362 -7.377049180327866 99.98967059058737
v 1.4372804826573362 -6.967213114754095 99.98967059058737
v 1.4372804826573362 -6.5573770491803245 99.98967059058737
v 1.4372804826573362 -6.147540983606554 99.98967059058737
v 1.4372804826573362 -5.737704918032783 99.98967059058737
v 1.4372804826573362 -5.327868852459012 99.98967059058737
v 1.4372804826573362 -4.918032786885242 99.98967059058737
v 1.4372804826573362 -4.508196721311471 99.98967059058737
v 1.4372804826573362 -4.098360655737707 99.98967059058737
v 1.4372804826573362 -3.6885245901639365 99.98967059058737
v 1.4372804826573362 -3.278688524590166 99.98967059058737
v 1.4372804826573362 -2.868852459016395 99.98967059058737
v 1.4372804826573362 -2.4590163934426243 99.98967059058737
v 1.4372804826573362 -2.0491803278688536 99.98967059058737
v 1.4372804826573362 -1.639344262295083 99.98967059058737
v 1.4372804826573362 -1.2295081967213122 99.98967059058737
v 1.4372804826573362 -0.8196721311475414 99.98967059058737
v 1.4372804826573362 -0.4098360655737707 99.98967059058737
v 1.4372804826573362 0.0 99.98967059058737
v 1.4372804826573362 0.4098360655737707 99.98967059058737
v 1.4372804826573362 0.8196721311475414 99.98967059058737
v 1.4372804826573362 1.2295081967213122 99.98967059058737
v 1.4372804826573362 1.639344262295083 99.98967059058737
v 1.4372804826573362 2.0491803278688536 99.98967059058737
v 1.4372804826573362 2.4590163934426243 99.98967059058737
v 1.4372804826573362 2.868852459016395 99.98967059058737
v 1.4372804826573362 3.278688524590166 99.98967059058737
v 1.4372804826573362 3.6885245901639365 99.98967059058737
v 1.4372804826573362 4.098360655737707 99.98967059058737
v 1.4372804826573362 4.508196721311478 99.98967059058737
v 1.4372804826573362 4.918032786885249 99.98967059058737
v 1.4372804826573362 5.327868852459019 99.98967059058737
v 1.4372804826573362 5.73770491803279 99.98967059058737
v 1.4372804826573362 6.147540983606561 99.98967059058737
v 1.4372804826573362 6.557377049180332 99.98967059058737
v 1.4372804826573362 6.967213114754102 99.98967059058737
v 1.4372804826573362 7.377049180327873 99.98967059058737
v 1.4372804826573362 7.786885245901644 99.98967059058737
v 1.4372804826573362 8.196721311475414 99.98967059058737
v 1.4372804826573362 8.606557377049185 99.98967059058737
v 1.4372804826573362 9.016393442622956 99.98967059058737
v 1.4372804826573362 9.42622950819672 99.98967059058737
v 1.4372804826573362 9.83606557377049 99.98967059058737
v 1.4372804826573362 10.245901639344261 99.98967059058737
v 1.4372804826573362 10.655737704918032 99.98967059058737
v 1.4372804826573362 11.065573770491802 99.98967059058737
v 1.4372804826573362 11.475409836065573 99.98967059058737
v 1.4372804826573362 11.885245901639344 99.98967059058737
v 1.4372804826573362 12.295081967213115 99.98967059058737
v 1.4372804826573362 12.704918032786885 99.98967059058737
v 1.4372804826573362 13.114754098360656 99.98967059058737
v 1.4372804826573362 13.524590163934427 99.98967059058737
v 1.4372804826573362 13.934426229508198 99.98967059058737
v 1.4372804826573362 14.344262295081975 99.98967059058737
v 1.4372804826573362 14.754098360655746 99.98967059058737
v 1.4372804826573362 15.163934426229517 99.98967059058737
v 1.4372804826573362 15.573770491803288 99.98967059058737
v 1.4372804826573362 15.983606557377044 99.98967059058737
v 1.4372804826573362 16.393442622950815 99.98967059058737
v 1.4372804826573362 16.803278688524586 99.98967059058737
v 1.4372804826573362 17.213114754098356 99.98967059058737
v 1.4372804826573362 17.622950819672127 99.98967059058737
v 1.4372804826573362 18.032786885245898 99.98967059058737
v 1.4372804826573362 18.44262295081967 99.98967059058737
v 1.4372804826573362 18.85245901639344 99.98967059058737
v 1.4372804826573362 19.26229508196721 99.98967059058737
v 1.4372804826573362 19.67213114754098 99.98967059058737
v 1.4372804826573362 20.08196721311475 99.98967059058737
v 1.4372804826573362 20.491803278688522 99.98967059058737
v 1.4372804826573362 20.901639344262293 99.98967059058737
v 1.4372804826573362 21.311475409836063 99.98967059058737
v 1.4372804826573362 21.721311475409834 99.98967059058737
v 1.4372804826573362 22.131147540983605 99.98967059058737
v 1.4372804826573362 22.540983606557376 99.98967059058737
v 1.4372804826573362 22.950819672131146 99.98967059058737
v 1.4372804826573362 23.360655737704917 99.98967059058737
v 1.4372804826573362 23.770491803278688 99.98967059058737
v 1.4372804826573362 24.18032786885246 99.98967059058737
v 1.4372804826573362 24.59016393442623 99.98967059058737
v 1.4372804826573362 25.0 99.98967059058737
v 1.4372804826573362 25.40983606557377 99.98967059058737
v 1.4372804826573362 25.81967213114754 99.98967059058737
v 1.4372804826573362 26.229508196721312 99.98967059058737
v 1.4372804826573362 26.639344262295083 99.98967059058737
v 1.4372804826573362 27.049180327868854 99.98967059058737
v 1.4372804826573362 27.459016393442624 99.98967059058737
v 1.4372804826573362 27.868852459016395 99.98967059058737
v 1.4372804826573362 28.278688524590166 99.98967059058737
v 1.4372804826573362 28.688524590163937 99.98967059058737
v 1.4372804826573362 29.098360655737707 99.98967059058737
v 1.4372804826573362 29.508196721311478 99.98967059058737
v 1.4372804826573362 29.91803278688525 99.98967059058737
v 1.4372804826573362 30.32786885245902 99.98967059058737
v 1.4372804826573362 30.73770491803279 99.98967059058737
v 1.4372804826573362 31.14754098360656 99.98967059058737
v 1.4372804826573362 31.55737704918033 99.98967059058737
v 1.4372804826573362 31.967213114754102 99.98967059058737
v 1.4372804826573362 32.37704918032787 99.98967059058737
v 1.4372804826573362 32.786885245901644 99.98967059058737
v 1.4372804826573362 33.196721311475414 99.98967059058737
v 1.4372804826573362 33.606557377049185 99.98967059058737
v 1.4372804826573362 34.016393442622956 99.98967059058737
v 1.4372804826573362 34.42622950819673 99.98967059058737
v 1.4372804826573362 34.8360655737705 99.98967059058737
v 1.4372804826573362 35.24590163934427 99.98967059058737
v 1.4372804826573362 35.65573770491804 99.98967059058737
v 1.4372804826573362 36.06557377049181 99.98967059058737
v 1.4372804826573362 36.47540983606558 99.98967059058737
v 1.4372804826573362 36.88524590163935 99.98967059058737
v 1.4372804826573362 37.29508196721312 99.98967059058737
v 1.4372804826573362 37.70491803278689 99.98967059058737
v 1.4372804826573362 38.11475409836066 99.98967059058737
v 1.4372804826573362 38.524590163934434 99.98967059058737
v 1.4372804826573362 38.934426229508205 99.98967059058737
v 1.4372804826573362 39.344262295081975 99.98967059058737
v 1.4372804826573362 39.754098360655746 99.98967059058737
v 1.4372804826573362 40.16393442622952 99.98967059058737
v 1.4372804826573362 40.57377049180329 99.98967059058737
v 1.4372804826573362 40.98360655737706 99.98967059058737
v 1.4372804826573362 41.39344262295083 99.98967059058737
v 1.4372804826573362 41.803278688524586 99.98967059058737
v 1.4372804826573362 42.213114754098356 99.98967059058737
v 1.4372804826573362 42.62295081967213 99.98967059058737
v 1.4372804826573362 43.0327868852459 99.98967059058737
v 1.4372804826573362 43.44262295081967 99.98967059058737
v 1.4372804826573362 43.85245901639344 99.98967059058737
v 1.4372804826573362 44.26229508196721 99.98967059058737
v 1.4372804826573362 44.67213114754098 99.98967059058737
v 1.4372804826573362 45.08196721311475 99.98967059058737
v 1.4372804826573362 45.49180327868852 99.98967059058737
v 1.4372804826573362 45.90163934426229 99.98967059058737
v 1.4372804826573362 46.31147540983606 99.98967059058737
v 1.4372804826573362 46.721311475409834 99.98967059058737
v 1.4372804826573362 47.131147540983605 99.98967059058737
v 1.4372804826573362 47.540983606557376 99.98967059058737
v 1.4372804826573362 47.950819672131146 99.98967059058737
v 1.4372804826573362 48.36065573770492 99.98967059058737
v 1.4372804826573362 48.77049180327869 99.98967059058737
v 1.4372804826573362 49.18032786885246 99.98967059058737
v 1.4372804826573362 49.59016393442623 99.98967059058737
v 1.4372804826573362 50.0 99.98967059058737
v 1.847890495912979 -50.0 99.98292504580527
v 1.847890495912979 -49.59016393442623 99.98292504580527
v 1.847890495912979 -49.18032786885246 99.98292504580527
v 1.847890495912979 -48.77049180327869 99.98292504580527
v 1.847890495912979 -48.36065573770492 99.98292504580527
v 1.847890495912979 -47.950819672131146 99.98292504580527
v 1.847890495912979 -47.540983606557376 99.98292504580527
v 1.847890495912979 -47.131147540983605 99.98292504580527
v 1.847890495912979 -46.721311475409834 99.98292504580527
v 1.847890495912979 -46.31147540983606 99.98292504580527
v 1.847890495912979 -45.90163934426229 99.98292504580527
v 1.847890495912979 -45.49180327868852 99.98292504580527
v 1.847890495912979 -45.08196721311475 99.98292504580527
v 1.847890495912979 -44.67213114754098 99.98292504580527
v 1.847890495912979 -44.26229508196721 99.98292504580527
v 1.847890495912979 -43.85245901639344 99.98292504580527
v 1.847890495912979 -43.44262295081967 99.98292504580527
v 1.847890495912979 -43.0327868852459 99.98292504580527
v 1.847890495912979 -42.62295081967213 99.98292504580527
v 1.847890495912979 -42.21311475409836 99.98292504580527
v 1.847890495912979 -41.803278688524586 99.98292504580527
v 1.847890495912979 -41.39344262295082 99.98292504580527
v 1.847890495912979 -40.98360655737705 99.98292504580527
v 1.847890495912979 -40.57377049180328 99.98292504580527
v 1.847890495912979 -40.16393442622951 99.98292504580527
v 1.847890495912979 -39.75409836065574 99.98292504580527
v 1.847890495912979 -39.34426229508197 99.98292504580527
v 1.847890495912979 -38.9344262295082 99.98292504580527
v 1.847890495912979 -38.52459016393443 99.98292504580527
v 1.847890495912979 -38.114754098360656 99.98292504580527
v 1.847890495912979 -37.704918032786885 99.98292504580527
v 1.847890495912979 -37.295081967213115 99.98292504580527
v 1.847890495912979 -36.885245901639344 99.98292504580527
v 1.847890495912979 -36.47540983606557 99.98292504580527
v 1.847890495912979 -36.0655737704918 99.98292504580527
v 1.847890495912979 -35.65573770491803 99.98292504580527
v 1.847890495912979 -35.24590163934426 99.98292504580527
v 1.847890495912979 -34.83606557377049 99.98292504580527
v 1.847890495912979 -34.42622950819672 99.98292504580527
v 1.847890495912979 -34.01639344262295 99.98292504580527
v 1.847890495912979 -33.60655737704918 99.98292504580527
v 1.847890495912979 -33.196721311475414 99.98292504580527
v 1.847890495912979 -32.786885245901644 99.98292504580527
v 1.847890495912979 -32.37704918032787 99.98292504580527
v 1.847890495912979 -31.9672131147541 99.98292504580527
v 1.847890495912979 -31.557377049180328 99.98292504580527
v 1.847890495912979 -31.147540983606557 99.98292504580527
v 1.847890495912979 -30.737704918032787 99.98292504580527
v 1.847890495912979 -30.327868852459016 99.98292504580527
v 1.847890495912979 -29.918032786885245 99.98292504580527
v 1.847890495912979 -29.508196721311474 99.98292504580527
v 1.847890495912979 -29.098360655737704 99.98292504580527
v 1.847890495912979 -28.688524590163933 99.98292504580527
v 1.847890495912979 -28.278688524590162 99.98292504580527
v 1.847890495912979 -27.86885245901639 99.98292504580527
v 1.847890495912979 -27.45901639344262 99.98292504580527
v 1.847890495912979 -27.049180327868854 99.98292504580527
v 1.847890495912979 -26.639344262295083 99.98292504580527
v 1.847890495912979 -26.229508196721312 99.98292504580527
v 1.847890495912979 -25.81967213114754 99.98292504580527
v 1.847890495912979 -25.40983606557377 99.98292504580527
v 1.847890495912979 -25.0 99.98292504580527
v 1.847890495912979 -24.59016393442623 99.98292504580527
v 1.847890495912979 -24.18032786885246 99.98292504580527
v 1.847890495912979 -23.770491803278688 99.98292504580527
v 1.847890495912979 -23.360655737704917 99.98292504580527
v 1.847890495912979 -22.950819672131146 99.98292504580527
v 1.847890495912979 -22.540983606557376 99.98292504580527
v 1.847890495912979 -22.131147540983605 99.98292504580527
v 1.847890495912979 -21.721311475409834 99.98292504580527
v 1.847890495912979 -21.311475409836063 99.98292504580527
v 1.847890495912979 -20.901639344262293 99.98292504580527
v 1.847890495912979 -20.491803278688522 99.98292504580527
v 1.847890495912979 -20.081967213114755 99.98292504580527
v 1.847890495912979 -19.672131147540984 99.98292504580527
v 1.847890495912979 -19.262295081967213 99.98292504580527
v 1.847890495912979 -18.852459016393443 99.98292504580527
v 1.847890495912979 -18.442622950819672 99.98292504580527
v 1.847890495912979 -18.0327868852459 99.98292504580527
v 1.847890495912979 -17.622950819672127 99.98292504580527
v 1.847890495912979 -17.213114754098356 99.98292504580527
v 1.847890495912979 -16.803278688524593 99.98292504580527
v 1.847890495912979 -16.393442622950822 99.98292504580527
v 1.847890495912979 -15.983606557377051 99.98292504580527
v 1.847890495912979 -15.57377049180328 99.98292504580527
v 1.847890495912979 -15.16393442622951 99.98292504580527
v 1.847890495912979 -14.754098360655739 99.98292504580527
v 1.847890495912979 -14.344262295081968 99.98292504580527
v 1.847890495912979 -13.934426229508198 99.98292504580527
v 1.847890495912979 -13.524590163934427 99.98292504580527
v 1.847890495912979 -13.114754098360656 99.98292504580527
v 1.847890495912979 -12.704918032786885 99.98292504580527
v 1.847890495912979 -12.295081967213115 99.98292504580527
v 1.847890495912979 -11.885245901639344 99.98292504580527
v 1.847890495912979 -11.475409836065573 99.98292504580527
v 1.847890495912979 -11.065573770491802 99.98292504580527
v 1.847890495912979 -10.655737704918032 99.98292504580527
v 1.847890495912979 -10.245901639344261 99.98292504580527
v 1.847890495912979 -9.83606557377049 99.98292504580527
v 1.847890495912979 -9.42622950819672 99.98292504580527
v 1.847890495912979 -9.016393442622949 99.98292504580527
v 1.847890495912979 -8.606557377049178 99.98292504580527
v 1.847890495912979 -8.196721311475407 99.98292504580527
v 1.847890495912979 -7.786885245901637 99.98292504580527
v 1.847890495912979 -7.377049180327866 99.98292504580527
v 1.847890495912979 -6.967213114754095 99.98292504580527
v 1.847890495912979 -6.5573770491803245 99.98292504580527
v 1.847890495912979 -6.147540983606554 99.98292504580527
v 1.847890495912979 -5.737704918032783 99.98292504580527
v 1.847890495912979 -5.327868852459012 99.98292504580527
v 1.847890495912979 -4.918032786885242 99.98292504580527
v 1.847890495912979 -4.508196721311471 99.98292504580527
v 1.847890495912979 -4.098360655737707 99.98292504580527
v 1.847890495912979 -3.6885245901639365 99.98292504580527
v 1.847890495912979 -3.278688524590166 99.98292504580527
v 1.847890495912979 -2.868852459016395 99.98292504580527
v 1.847890495912979 -2.4590163934426243 99.98292504580527
v 1.847890495912979 -2.0491803278688536 99.98292504580527
v 1.847890495912979 -1.639344262295083 99.98292504580527
v 1.847890495912979 -1.2295081967213122 99.98292504580527
v 1.847890495912979 -0.8196721311475414 99.98292504580527
v 1.847890495912979 -0.4098360655737707 99.98292504580527
v 1.847890495912979 0.0 99.98292504580527
v 1.847890495912979 0.4098360655737707 99.98292504580527
v 1.847890495912979 0.8196721311475414 99.98292504580527
v 1.847890495912979 1.2295081967213122 99.98292504580527
v 1.847890495912979 1.639344262295083 99.98292504580527
v 1.847890495912979 2.0491803278688536 99.98292504580527
v 1.847890495912979 2.4590163934426243 99.98292504580527
v 1.847890495912979 2.868852459016395 99.98292504580527
v 1.847890495912979 3.278688524590166 99.98292504580527
v 1.847890495912979 3.6885245901639365 99.98292504580527
v 1.847890495912979 4.098360655737707 99.98292504580527
v 1.847890495912979 4.508196721311478 99.98292504580527
v 1.847890495912979 4.918032786885249 99.98292504580527
v 1.847890495912979 5.327868852459019 99.98292504580527
v 1.847890495912979 5.73770491803279 99.98292504580527
v 1.847890495912979 6.147540983606561 99.98292504580527
v 1.847890495912979 6.557377049180332 99.98292504580527
v 1.847890495912979 6.967213114754102 99.98292504580527
v 1.847890495912979 7.377049180327873 99.98292504580527
v 1.847890495912979 7.786885245901644 99.98292504580527
v 1.847890495912979 8.196721311475414 99.98292504580527
v 1.847890495912979 8.606557377049185 99.98292504580527
v 1.847890495912979 9.016393442622956 99.98292504580527
v 1.847890495912979 9.42622950819672 99.98292504580527
v 1.847890495912979 9.83606557377049 99.98292504580527
v 1.847890495912979 10.245901639344261 99.98292504580527
v 1.847890495912979 10.655737704918032 99.98292504580527
v 1.847890495912979 11.065573770491802 99.98292504580527
v 1.847890495912979 11.475409836065573 99.98292504580527
v 1.847890495912979 11.885245901639344 99.98292504580527
v 1.847890495912979 12.295081967213115 99.98292504580527
v 1.847890495912979 12.704918032786885 99.98292504580527
v 1.847890495912979 13.114754098360656 99.98292504580527
v 1.847890495912979 13.524590163934427 99.98292504580527
v 1.847890495912979 13.934426229508198 99.98292504580527
v 1.847890495912979 14.344262295081975 99.98292504580527
v 1.847890495912979 14.754098360655746 99.98292504580527
v 1.847890495912979 15.163934426229517 99.98292504580527
v 1.847890495912979 15.573770491803288 99.98292504580527
v 1.847890495912979 15.983606557377044 99.98292504580527
v 1.847890495912979 16.393442622950815 99.98292504580527
v 1.847890495912979 16.803278688524586 99.98292504580527
v 1.847890495912979 17.213114754098356 99.98292504580527
v 1.847890495912979 17.622950819672127 99.98292504580527
v 1.847890495912979 18.032786885245898 99.98292504580527
v 1.847890495912979 18.44262295081967 99.98292504580527
v 1.847890495912979 18.85245901639344 99.98292504580527
v 1.847890495912979 19.26229508196721 99.98292504580527
v 1.847890495912979 19.67213114754098 99.98292504580527
v 1.847890495912979 20.08196721311475 99.98292504580527
v 1.847890495912979 20.491803278688522 99.98292504580527
v 1.847890495912979 20.901639344262293 99.98292504580527
v 1.847890495912979 21.311475409836063 99.98292504580527
v 1.847890495912979 21.721311475409834 99.98292504580527
v 1.847890495912979 22.131147540983605 99.98292504580527
v 1.847890495912979 22.540983606557376 99.98292504580527
v 1.847890495912979 22.950819672131146 99.98292504580527
v 1.847890495912979 23.360655737704917 99.98292504580527
v 1.847890495912979 23.770491803278688 99.98292504580527
v 1.847890495912979 24.18032786885246 99.98292504580527
v 1.847890495912979 24.59016393442623 99.98292504580527
v 1.847890495912979 25.0 99.98292504580527
v 1.847890495912979 25.40983606557377 99.98292504580527
v 1.847890495912979 25.81967213114754 99.98292504580527
v 1.847890495912979 26.229508196721312 99.98292504580527
v 1.847890495912979 26.639344262295083 99.98292504580527
v 1.847890495912979 27.049180327868854 99.98292504580527
v 1.847890495912979 27.459016393442624 99.98292504580527
v 1.847890495912979 27.868852459016395 99.98292504580527
v 1.847890495912979 28.278688524590166 99.98292504580527
v 1.847890495912979 28.688524590163937 99.98292504580527
v 1.847890495912979 29.098360655737707 99.98292504580527
v 1.847890495912979 29.508196721311478 99.98292504580527
v 1.847890495912979 29.91803278688525 99.98292504580527
v 1.847890495912979 30.32786885245902 99.98292504580527
v 1.847890495912979 30.73770491803279 99.98292504580527
v 1.847890495912979 31.14754098360656 99.98292504580527
v 1.847890495912979 31.55737704918033 99.98292504580527
v 1.847890495912979 31.967213114754102 99.98292504580527
v 1.847890495912979 32.37704918032787 99.98292504580527
v 1.847890495912979 32.786885245901644 99.98292504580527
v 1.847890495912979 33.196721311475414 99.98292504580527
v 1.847890495912979 33.606557377049185 99.98292504580527
v 1.847890495912979 34.016393442622956 99.98292504580527
v 1.847890495912979 34.42622950819673 99.98292504580527
v 1.847890495912979 34.8360655737705 99.98292504580527
v 1.847890495912979 35.24590163934427 99.98292504580527
v 1.847890495912979 35.65573770491804 99.98292504580527
v 1.847890495912979 36.06557377049181 99.98292504580527
v 1.847890495912979 36.47540983606558 99.98292504580527
v 1.847890495912979 36.88524590163935 99.98292504580527
v 1.847890495912979 37.29508196721312 99.98292504580527
v 1.847890495912979 37.70491803278689 99.98292504580527
v 1.847890495912979 38.11475409836066 99.98292504580527
v 1.847890495912979 38.524590163934434 99.98292504580527
v 1.847890495912979 38.934426229508205 99.98292504580527
v 1.847890495912979 39.344262295081975 99.98292504580527
v 1.847890495912979 39.754098360655746 99.98292504580527
v 1.847890495912979 40.16393442622952 99.98292504580527
v 1.847890495912979 40.57377049180329 99.98292504580527
v 1.847890495912979 40.98360655737706 99.98292504580527
v 1.847890495912979 41.39344262295083 99.98292504580527
v 1.847890495912979 41.803278688524586 99.98292504580527
v 1.847890495912979 42.213114754098356 99.98292504580527
v 1.847890495912979 42.62295081967213 99.98292504580527
v 1.847890495912979 43.0327868852459 99.98292504580527
v 1.847890495912979 43.44262295081967 99.98292504580527
v 1.847890495912979 43.85245901639344 99.98292504580527
v 1.847890495912979 44.26229508196721 99.98292504580527
v 1.847890495912979 44.67213114754098 99.98292504580527
v 1.847890495912979 45.08196721311475 99.98292504580527
v 1.847890495912979 45.49180327868852 99.98292504580527
v 1.847890495912979 45.90163934426229 99.98292504580527
v 1.847890495912979 46.31147540983606 99.98292504580527
v 1.847890495912979 46.721311475409834 99.98292504580527
v 1.847890495912979 47.131147540983605 99.98292504580527
v 1.847890495912979 47.540983606557376 99.98292504580527
v 1.847890495912979 47.950819672131146 99.98292504580527
v 1.847890495912979 48.36065573770492 99.98292504580527
v 1.847890495912979 48.77049180327869 99.98292504580527
v 1.847890495912979 49.18032786885246 99.98292504580527
v 1.847890495912979 49.59016393442623 99.98292504580527
v 1.847890495912979 50.0 99.98292504580527
v 2.2584693452188134 -50.0 99.97449332813198
v 2.2584693452188134 -49.59016393442623 99.97449332813198
v 2.2584693452188134 -49.18032786885246 99.97449332813198
v 2.2584693452188134 -48.77049180327869 99.97449332813198
v 2.2584693452188134 -48.36065573770492 99.97449332813198
v 2.2584693452188134 -47.950819672131146 99.97449332813198
v 2.2584693452188134 -47.540983606557376 99.97449332813198
v 2.2584693452188134 -47.131147540983605 99.97449332813198
v 2.2584693452188134 -46.721311475409834 99.97449332813198
v 2.2584693452188134 -46.31147540983606 99.97449332813198
v 2.2584693452188134 -45.90163934426229 99.97449332813198
v 2.2584693452188134 -45.49180327868852 99.97449332813198
v 2.2584693452188134 -45.08196721311475 99.97449332813198
v 2.2584693452188134 -44.67213114754098 99.97449332813198
v 2.2584693452188134 -44.26229508196721 99.97449332813198
v 2.2584693452188134 -43.85245901639344 99.97449332813198
v 2.2584693452188134 -43.44262295081967 99.97449332813198
v 2.2584693452188134 -43.0327868852459 99.97449332813198
v 2.2584693452188134 -42.62295081967213 99.97449332813198
v 2.2584693452188134 -42.21311475409836 99.97449332813198
v 2.2584693452188134 -41.803278688524586 99.97449332813198
v 2.2584693452188134 -41.39344262295082 99.97449332813198
v 2.2584693452188134 -40.98360655737705 99.97449332813198
v 2.2584693452188134 -40.57377049180328 99.97449332813198
v 2.2584693452188134 -40.16393442622951 99.97449332813198
v 2.2584693452188134 -39.75409836065574 99.97449332813198
v 2.2584693452188134 -39.34426229508197 99.97449332813198
v 2.2584693452188134 -38.9344262295082 99.97449332813198
v 2.2584693452188134 -38.52459016393443 99.97449332813198
v 2.2584693452188134 -38.114754098360656 99.97449332813198
v 2.2584693452188134 -37.704918032786885 99.97449332813198
v 2.2584693452188134 -37.295081967213115 99.97449332813198
v 2.2584693452188134 -36.885245901639344 99.97449332813198
v 2.2584693452188134 -36.47540983606557 99.97449332813198
v 2.2584693452188134 -36.0655737704918 99.97449332813198
v 2.2584693452188134 -35.65573770491803 99.97449332813198
v 2.2584693452188134 -35.24590163934426 99.97449332813198
v 2.2584693452188134 -34.83606557377049 99.97449332813198
v 2.2584693452188134 -34.42622950819672 99.97449332813198
v 2.2584693452188134 -34.01639344262295 99.97449332813198
v 2.2584693452188134 -33.60655737704918 99.97449332813198
v 2.2584693452188134 -33.196721311475414 99.97449332813198
v 2.2584693452188134 -32.786885245901644 99.97449332813198
v 2.2584693452188134 -32.37704918032787 99.97449332813198
v 2.2584693452188134 -31.9672131147541 99.97449332813198
v 2.2584693452188134 -31.557377049180328 99.97449332813198
v 2.2584693452188134 -31.147540983606557 99.97449332813198
v 2.2584693452188134 -30.737704918032787 99.97449332813198
v 2.2584693452188134 -30.327868852459016 99.97449332813198
v 2.2584693452188134 -29.918032786885245 99.97449332813198
v 2.2584693452188134 -29.508196721311474 99.97449332813198
v 2.2584693452188134 -29.098360655737704 99.97449332813198
v 2.2584693452188134 -28.688524590163933 99.97449332813198
v 2.2584693452188134 -28.278688524590162 99.97449332813198
v 2.2584693452188134 -27.86885245901639 99.97449332813198
v 2.2584693452188134 -27.45901639344262 99.97449332813198
v 2.2584693452188134 -27.049180327868854 99.97449332813198
v 2.2584693452188134 -26.639344262295083 99.97449332813198
v 2.2584693452188134 -26.229508196721312 99.97449332813198
v 2.2584693452188134 -25.81967213114754 99.97449332813198
v 2.2584693452188134 -25.40983606557377 99.97449332813198
v 2.2584693452188134 -25.0 99.97449332813198
v 2.2584693452188134 -24.59016393442623 99.97449332813198
v 2.2584693452188134 -24.18032786885246 99.97449332813198
v 2.2584693452188134 -23.770491803278688 99.97449332813198
v 2.2584693452188134 -23.360655737704917 99.97449332813198
v 2.2584693452188134 -22.950819672131146 99.97449332813198
v 2.2584693452188134 -22.540983606557376 99.97449332813198
v 2.2584693452188134 -22.131147540983605 99.97449332813198
v 2.2584693452188134 -21.721311475409834 99.97449332813198
v 2.2584693452188134 -21.311475409836063 99.97449332813198
v 2.2584693452188134 -20.901639344262293 99.97449332813198
v 2.2584693452188134 -20.491803278688522 99.97449332813198
v 2.2584693452188134 -20.081967213114755 99.97449332813198
v 2.2584693452188134 -19.672131147540984 99.97449332813198
v 2.2584693452188134 -19.262295081967213 99.97449332813198
v 2.2584693452188134 -18.852459016393443 99.97449332813198
v 2.2584693452188134 -18.442622950819672 99.97449332813198
v 2.2584693452188134 -18.0327868852459 99.97449332813198
v 2.2584693452188134 -17.622950819672127 99.97449332813198
v 2.2584693452188134 -17.213114754098356 99.97449332813198
v 2.2584693452188134 -16.803278688524593 99.97449332813198
v 2.2584693452188134 -16.393442622950822 99.97449332813198
v 2.2584693452188134 -15.983606557377051 99.97449332813198
v 2.2584693452188134 -15.57377049180328 99.97449332813198
v 2.2584693452188134 -15.16393442622951 99.97449332813198
v 2.2584693452188134 -14.754098360655739 99.97449332813198
v 2.2584693452188134 -14.344262295081968 99.97449332813198
v 2.2584693452188134 -13.934426229508198 99.97449332813198
v 2.2584693452188134 -13.524590163934427 99.97449332813198
v 2.2584693452188134 -13.114754098360656 99.97449332813198
v 2.2584693452188134 -12.704918032786885 99.97449332813198
v 2.2584693452188134 -12.295081967213115 99.97449332813198
v 2.2584693452188134 -11.885245901639344 99.97449332813198
v 2.2584693452188134 -11.475409836065573 99.97449332813198
v 2.2584693452188134 -11.065573770491802 99.97449332813198
v 2.2584693452188134 -10.655737704918032 99.97449332813198
v 2.2584693452188134 -10.245901639344261 99.97449332813198
v 2.2584693452188134 -9.83606557377049 99.97449332813198
v 2.2584693452188134 -9.42622950819672 99.97449332813198
v 2.2584693452188134 -9.016393442622949 99.97449332813198
v 2.2584693452188134 -8.606557377049178 99.97449332813198
v 2.2584693452188134 -8.196721311475407 99.97449332813198
v 2.2584693452188134 -7.786885245901637 99.97449332813198
v 2.2584693452188134 -7.377049180327866 99.97449332813198
v 2.2584693452188134 -6.967213114754095 99.97449332813198
v 2.2584693452188134 -6.5573770491803245 99.97449332813198
v 2.2584693452188134 -6.147540983606554 99.97449332813198
v 2.2584693452188134 -5.737704918032783 99.97449332813198
v 2.2584693452188134 -5.327868852459012 99.97449332813198
v 2.2584693452188134 -4.918032786885242 99.97449332813198
v 2.2584693452188134 -4.508196721311471 99.97449332813198
v 2.2584693452188134 -4.098360655737707 99.97449332813198
v 2.2584693452188134 -3.6885245901639365 99.97449332813198
v 2.2584693452188134 -3.278688524590166 99.97449332813198
v 2.2584693452188134 -2.868852459016395 99.97449332813198
v 2.2584693452188134 -2.4590163934426243 99.97449332813198
v 2.2584693452188134 -2.0491803278688536 99.97449332813198
v 2.2584693452188134 -1.639344262295083 99.97449332813198
v 2.2584693452188134 -1.2295081967213122 99.97449332813198
v 2.2584693452188134 -0.8196721311475414 99.97449332813198
v 2.2584693452188134 -0.4098360655737707 99.97449332813198
v 2.2584693452188134 0.0 99.97449332813198
v 2.2584693452188134 0.4098360655737707 99.97449332813198
v 2.2584693452188134 0.8196721311475414 99.97449332813198
v 2.2584693452188134 1.2295081967213122 99.97449332813198
v 2.2584693452188134 1.639344262295083 99.97449332813198
v 2.2584693452188134 2.0491803278688536 99.97449332813198
v 2.2584693452188134 2.4590163934426243 99.97449332813198
v 2.2584693452188134 2.868852459016395 99.97449332813198
v 2.2584693452188134 3.278688524590166 99.97449332813198
v 2.2584693452188134 3.6885245901639365 99.97449332813198
v 2.2584693452188134 4.098360655737707 99.97449332813198
v 2.2584693452188134 4.508196721311478 99.97449332813198
v 2.2584693452188134 4.918032786885249 99.97449332813198
v 2.2584693452188134 5.327868852459019 99.97449332813198
v 2.2584693452188134 5.73770491803279 99.97449332813198
v 2.2584693452188134 6.147540983606561 99.97449332813198
v 2.2584693452188134 6.557377049180332 99.97449332813198
v 2.2584693452188134 6.967213114754102 99.97449332813198
v 2.2584693452188134 7.377049180327873 99.97449332813198
v 2.2584693452188134 7.786885245901644 99.97449332813198
v 2.2584693452188134 8.196721311475414 99.97449332813198
v 2.2584693452188134 8.606557377049185 99.97449332813198
v 2.2584693452188134 9.016393442622956 99.97449332813198
v 2.2584693452188134 9.42622950819672 99.97449332813198
v 2.2584693452188134 9.83606557377049 99.97449332813198
v 2.2584693452188134 10.245901639344261 99.97449332813198
v 2.2584693452188134 10.655737704918032 99.97449332813198
v 2.2584693452188134 11.065573770491802 99.97449332813198
v 2.2584693452188134 11.475409836065573 99.97449332813198
v 2.2584693452188134 11.885245901639344 99.97449332813198
v 2.2584693452188134 12.295081967213115 99.97449332813198
v 2.2584693452188134 12.704918032786885 99.97449332813198
v 2.2584693452188134 13.114754098360656 99.97449332813198
v 2.2584693452188134 13.524590163934427 99.97449332813198
v 2.2584693452188134 13.934426229508198 99.97449332813198
v 2.2584693452188134 14.344262295081975 99.97449332813198
v 2.2584693452188134 14.754098360655746 99.97449332813198
v 2.2584693452188134 15.163934426229517 99.97449332813198
v 2.2584693452188134 15.573770491803288 99.97449332813198
v 2.2584693452188134 15.983606557377044 99.97449332813198
v 2.2584693452188134 16.393442622950815 99.97449332813198
v 2.2584693452188134 16.803278688524586 99.97449332813198
v 2.2584693452188134 17.213114754098356 99.97449332813198
v 2.2584693452188134 17.622950819672127 99.97449332813198
v 2.2584693452188134 18.032786885245898 99.97449332813198
v 2.2584693452188134 18.44262295081967 99.97449332813198
v 2.2584693452188134 18.85245901639344 99.97449332813198
v 2.2584693452188134 19.26229508196721 99.97449332813198
v 2.2584693452188134 19.67213114754098 99.97449332813198
v 2.2584693452188134 20.08196721311475 99.97449332813198
v 2.2584693452188134 20.491803278688522 99.97449332813198
v 2.2584693452188134 20.901639344262293 99.97449332813198
v 2.2584693452188134 21.311475409836063 99.97449332813198
v 2.2584693452188134 21.721311475409834 99.97449332813198
v 2.2584693452188134 22.131147540983605 99.97449332813198
v 2.2584693452188134 22.540983606557376 99.97449332813198
v 2.2584693452188134 22.950819672131146 99.97449332813198
v 2.2584693452188134 23.360655737704917 99.97449332813198
v 2.2584693452188134 23.770491803278688 99.97449332813198
v 2.2584693452188134 24.18032786885246 99.97449332813198
v 2.2584693452188134 24.59016393442623 99.97449332813198
v 2.2584693452188134 25.0 99.97449332813198
v 2.2584693452188134 25.40983606557377 99.97449332813198
v 2.2584693452188134 25.81967213114754 99.97449332813198
v 2.2584693452188134 26.229508196721312 99.97449332813198
v 2.2584693452188134 26.639344262295083 99.97449332813198
v 2.2584693452188134 27.049180327868854 99.97449332813198
v 2.2584693452188134 27.459016393442624 99.97449332813198
v 2.2584693452188134 27.868852459016395 99.97449332813198
v 2.2584693452188134 28.278688524590166 99.97449332813198
v 2.2584693452188134 28.688524590163937 99.97449332813198
v 2.2584693452188134 29.098360655737707 99.97449332813198
v 2.2584693452188134 29.508196721311478 99.97449332813198
v 2.2584693452188134 29.91803278688525 99.97449332813198
v 2.2584693452188134 30.32786885245902 99.97449332813198
v 2.2584693452188134 30.73770491803279 99.97449332813198
v 2.2584693452188134 31.14754098360656 99.97449332813198
v 2.2584693452188134 31.55737704918033 99.97449332813198
v 2.2584693452188134 31.967213114754102 99.97449332813198
v 2.2584693452188134 32.37704918032787 99.97449332813198
v 2.2584693452188134 32.786885245901644 99.97449332813198
v 2.2584693452188134 33.196721311475414 99.97449332813198
v 2.2584693452188134 33.606557377049185 99.97449332813198
v 2.2584693452188134 34.016393442622956 99.97449332813198
v 2.2584693452188134 34.42622950819673 99.97449332813198
v 2.2584693452188134 34.8360655737705 99.97449332813198
v 2.2584693452188134 35.24590163934427 99.97449332813198
v 2.2584693452188134 35.65573770491804 99.97449332813198
v 2.2584693452188134 36.06557377049181 99.97449332813198
v 2.2584693452188134 36.47540983606558 99.97449332813198
v 2.2584693452188134 36.88524590163935 99.97449332813198
v 2.2584693452188134 37.29508196721312 99.97449332813198
v 2.2584693452188134 37.70491803278689 99.97449332813198
v 2.2584693452188134 38.11475409836066 99.97449332813198
v 2.2584693452188134 38.524590163934434 99.97449332813198
v 2.2584693452188134 38.934426229508205 99.97449332813198
v 2.2584693452188134 39.344262295081975 99.97449332813198
v 2.2584693452188134 39.754098360655746 99.97449332813198
v 2.2584693452188134 40.16393442622952 99.97449332813198
v 2.2584693452188134 40.57377049180329 99.97449332813198
v 2.2584693452188134 40.98360655737706 99.97449332813198
v 2.2584693452188134 41.39344262295083 99.97449332813198
v 2.2584693452188134 41.803278688524586 99.97449332813198
v 2.2584693452188134 42.213114754098356 99.97449332813198
v 2.2584693452188134 42.62295081967213 99.97449332813198
v 2.2584693452188134 43.0327868852459 99.97449332813198
v 2.2584693452188134 43.44262295081967 99.97449332813198
v 2.2584693452188134 43.85245901639344 99.97449332813198
v 2.2584693452188134 44.26229508196721 99.97449332813198
v 2.2584693452188134 44.67213114754098 99.97449332813198
v 2.2584693452188134 45.08196721311475 99.97449332813198
v 2.2584693452188134 45.49180327868852 99.97449332813198
v 2.2584693452188134 45.90163934426229 99.97449332813198
v 2.2584693452188134 46.31147540983606 99.97449332813198
v 2.2584693452188134 46.721311475409834 99.97449332813198
v 2.2584693452188134 47.131147540983605 99.97449332813198
v 2.2584693452188134 47.540983606557376 99.97449332813198
v 2.2584693452188134 47.950819672131146 99.97449332813198
v 2.2584693452188134 48.36065573770492 99.97449332813198
v 2.2584693452188134 48.77049180327869 99.97449332813198
v 2.2584693452188134 49.18032786885246 99.97449332813198
v 2.2584693452188134 49.59016393442623 99.97449332813198
v 2.2584693452188134 50.0 99.97449332813198
v 2.6690101063232277 -50.0 99.96437557976515
v 2.6690101063232277 -49.59016393442623 99.96437557976515
v 2.6690101063232277 -49.18032786885246 99.96437557976515
v 2.6690101063232277 -48.77049180327869 99.96437557976515
v 2.6690101063232277 -48.36065573770492 99.96437557976515
v 2.6690101063232277 -47.950819672131146 99.96437557976515
v 2.6690101063232277 -47.540983606557376 99.96437557976515
v 2.6690101063232277 -47.131147540983605 99.96437557976515
v 2.6690101063232277 -46.721311475409834 99.96437557976515
v 2.6690101063232277 -46.31147540983606 99.96437557976515
v 2.6690101063232277 -45.90163934426229 99.96437557976515
v 2.6690101063232277 -45.49180327868852 99.96437557976515
v 2.6690101063232277 -45.08196721311475 99.96437557976515
v 2.6690101063232277 -44.67213114754098 99.96437557976515
v 2.6690101063232277 -44.26229508196721 99.96437557976515
v 2.6690101063232277 -43.85245901639344 99.96437557976515
v 2.6690101063232277 -43.44262295081967 99.96437557976515
v 2.6690101063232277 -43.0327868852459 99.96437557976515
v 2.6690101063232277 -42.62295081967213 99.96437557976515
v 2.6690101063232277 -42.21311475409836 99.96437557976515
v 2.6690101063232277 -41.803278688524586 99.96437557976515
v 2.6690101063232277 -41.39344262295082 99.96437557976515
v 2.6690101063232277 -40.98360655737705 99.96437557976515
v 2.6690101063232277 -40.57377049180328 99.96437557976515
v 2.6690101063232277 -40.16393442622951 99.96437557976515
v 2.6690101063232277 -39.75409836065574 99.96437557976515
v 2.6690101063232277 -39.34426229508197 99.96437557976515
v 2.6690101063232277 -38.9344262295082 99.96437557976515
v 2.6690101063232277 -38.52459016393443 99.96437557976515
v 2.6690101063232277 -38.114754098360656 99.96437557976515
v 2.6690101063232277 -37.704918032786885 99.96437557976515
v 2.6690101063232277 -37.295081967213115 99.96437557976515
v 2.6690101063232277 -36.885245901639344 99.96437557976515
v 2.6690101063232277 -36.47540983606557 99.96437557976515
v 2.6690101063232277 -36.0655737704918 99.96437557976515
v 2.6690101063232277 -35.65573770491803 99.96437557976515
v 2.6690101063232277 -35.24590163934426 99.96437557976515
v 2.6690101063232277 -34.83606557377049 99.96437557976515
v 2.6690101063232277 -34.42622950819672 99.96437557976515
v 2.6690101063232277 -34.01639344262295 99.96437557976515
v 2.6690101063232277 -33.60655737704918 99.96437557976515
v 2.6690101063232277 -33.196721311475414 99.96437557976515
v 2.6690101063232277 -32.786885245901644 99.96437557976515
v 2.6690101063232277 -32.37704918032787 99.96437557976515
v 2.6690101063232277 -31.9672131147541 99.96437557976515
v 2.6690101063232277 -31.557377049180328 99.96437557976515
v 2.6690101063232277 -31.147540983606557 99.96437557976515
v 2.6690101063232277 -30.737704918032787 99.96437557976515
v 2.6690101063232277 -30.327868852459016 99.96437557976515
v 2.6690101063232277 -29.918032786885245 99.96437557976515
v 2.6690101063232277 -29.508196721311474 99.96437557976515
v 2.6690101063232277 -29.098360655737704 99.96437557976515
v 2.6690101063232277 -28.688524590163933 99.96437557976515
v 2.6690101063232277 -28.278688524590162 99.96437557976515
v 2.6690101063232277 -27.86885245901639 99.96437557976515
v 2.6690101063232277 -27.45901639344262 99.96437557976515
v 2.6690101063232277 -27.049180327868854 99.96437557976515
v 2.6690101063232277 -26.639344262295083 99.96437557976515
v 2.6690101063232277 -26.229508196721312 99.96437557976515
v 2.6690101063232277 -25.81967213114754 99.96437557976515
v 2.6690101063232277 -25.40983606557377 99.96437557976515
v 2.6690101063232277 -25.0 99.96437557976515
v 2.6690101063232277 -24.59016393442623 99.96437557976515
v 2.6690101063232277 -24.18032786885246 99.96437557976515
v 2.6690101063232277 -23.770491803278688 99.96437557976515
v 2.6690101063232277 -23.360655737704917 99.96437557976515
v 2.6690101063232277 -22.950819672131146 99.96437557976515
v 2.6690101063232277 -22.540983606557376 99.96437557976515
v 2.6690101063232277 -22.131147540983605 99.96437557976515
v 2.6690101063232277 -21.721311475409834 99.96437557976515
v 2.6690101063232277 -21.311475409836063 99.96437557976515
v 2.6690101063232277 -20.901639344262293 99.96437557976515
v 2.6690101063232277 -20.491803278688522 99.96437557976515
v 2.6690101063232277 -20.081967213114755 99.96437557976515
v 2.6690101063232277 -19.672131147540984 99.96437557976515
v 2.6690101063232277 -19.262295081967213 99.96437557976515
v 2.6690101063232277 -18.852459016393443 99.96437557976515
v 2.6690101063232277 -18.442622950819672 99.96437557976515
v 2.6690101063232277 -18.0327868852459 99.96437557976515
v 2.6690101063232277 -17.622950819672127 99.96437557976515
v 2.6690101063232277 -17.213114754098356 99.96437557976515
v 2.6690101063232277 -16.803278688524593 99.96437557976515
v 2.6690101063232277 -16.393442622950822 99.96437557976515
v 2.6690101063232277 -15.983606557377051 99.96437557976515
v 2.6690101063232277 -15.57377049180328 99.96437557976515
v 2.6690101063232277 -15.16393442622951 99.96437557976515
v 2.6690101063232277 -14.754098360655739 99.96437557976515
v 2.6690101063232277 -14.344262295081968 99.96437557976515
v 2.6690101063232277 -13.934426229508198 99.96437557976515
v 2.6690101063232277 -13.524590163934427 99.96437557976515
v 2.6690101063232277 -13.114754098360656 99.96437557976515
v 2.6690101063232277 -12.704918032786885 99.96437557976515
v 2.6690101063232277 -12.295081967213115 99.96437557976515
v 2.6690101063232277 -11.885245901639344 99.96437557976515
v 2.6690101063232277 -11.475409836065573 99.96437557976515
v 2.6690101063232277 -11.065573770491802 99.96437557976515
v 2.6690101063232277 -10.655737704918032 99.96437557976515
v 2.6690101063232277 -10.245901639344261 99.96437557976515
v 2.6690101063232277 -9.83606557377049 99.96437557976515
v 2.6690101063232277 -9.42622950819672 99.96437557976515
v 2.6690101063232277 -9.016393442622949 99.96437557976515
v 2.6690101063232277 -8.606557377049178 99.96437557976515
v 2.6690101063232277 -8.196721311475407 99.96437557976515
v 2.6690101063232277 -7.786885245901637 99.96437557976515
v 2.6690101063232277 -7.377049180327866 99.96437557976515
v 2.6690101063232277 -6.967213114754095 99.96437557976515
v 2.6690101063232277 -6.5573770491803245 99.96437557976515
v 2.6690101063232277 -6.147540983606554 99.96437557976515
v 2.6690101063232277 -5.737704918032783 99.96437557976515
v 2.6690101063232277 -5.327868852459012 99.96437557976515
v 2.6690101063232277 -4.918032786885242 99.96437557976515
v 2.6690101063232277 -4.508196721311471 99.96437557976515
v 2.6690101063232277 -4.098360655737707 99.96437557976515
v 2.6690101063232277 -3.6885245901639365 99.96437557976515
v 2.6690101063232277 -3.278688524590166 99.96437557976515
v 2.6690101063232277 -2.868852459016395 99.96437557976515
v 2.6690101063232277 -2.4590163934426243 99.96437557976515
v 2.6690101063232277 -2.0491803278688536 99.96437557976515
v 2.6690101063232277 -1.639344262295083 99.96437557976515
v 2.6690101063232277 -1.2295081967213122 99.96437557976515
v 2.6690101063232277 -0.8196721311475414 99.96437557976515
v 2.6690101063232277 -0.4098360655737707 99.96437557976515
v 2.6690101063232277 0.0 99.96437557976515
v 2.6690101063232277 0.4098360655737707 99.96437557976515
v 2.6690101063232277 0.8196721311475414 99.96437557976515
v 2.6690101063232277 1.2295081967213122 99.96437557976515
v 2.6690101063232277 1.639344262295083 99.96437557976515
v 2.6690101063232277 2.0491803278688536 99.96437557976515
v 2.6690101063232277 2.4590163934426243 99.96437557976515
v 2.6690101063232277 2.868852459016395 99.96437557976515
v 2.6690101063232277 3.278688524590166 99.96437557976515
v 2.6690101063232277 3.6885245901639365 99.96437557976515
v 2.6690101063232277 4.098360655737707 99.96437557976515
v 2.6690101063232277 4.508196721311478 99.96437557976515
v 2.6690101063232277 4.918032786885249 99.96437557976515
v 2.6690101063232277 5.327868852459019 99.96437557976515
v 2.6690101063232277 5.73770491803279 99.96437557976515
v 2.6690101063232277 6.147540983606561 99.96437557976515
v 2.6690101063232277 6.557377049180332 99.96437557976515
v 2.6690101063232277 6.967213114754102 99.96437557976515
v 2.6690101063232277 7.377049180327873 99.96437557976515
v 2.6690101063232277 7.786885245901644 99.96437557976515
v 2.6690101063232277 8.196721311475414 99.96437557976515
v 2.6690101063232277 8.606557377049185 99.96437557976515
v 2.6690101063232277 9.016393442622956 99.96437557976515
v 2.6690101063232277 9.42622950819672 99.96437557976515
v 2.6690101063232277 9.83606557377049 99.96437557976515
v 2.6690101063232277 10.245901639344261 99.96437557976515
v 2.6690101063232277 10.655737704918032 99.96437557976515
v 2.6690101063232277 11.065573770491802 99.96437557976515
v 2.6690101063232277 11.475409836065573 99.96437557976515
v 2.6690101063232277 11.885245901639344 99.96437557976515
v 2.6690101063232277 12.295081967213115 99.96437557976515
v 2.6690101063232277 12.704918032786885 99.96437557976515
v 2.6690101063232277 13.114754098360656 99.96437557976515
v 2.6690101063232277 13.524590163934427 99.96437557976515
v 2.6690101063232277 13.934426229508198 99.96437557976515
v 2.6690101063232277 14.344262295081975 99.96437557976515
v 2.6690101063232277 14.754098360655746 99.96437557976515
v 2.6690101063232277 15.163934426229517 99.96437557976515
v 2.6690101063232277 15.573770491803288 99.96437557976515
v 2.6690101063232277 15.983606557377044 99.96437557976515
v 2.6690101063232277 16.393442622950815 99.96437557976515
v 2.6690101063232277 16.803278688524586 99.96437557976515
v 2.6690101063232277 17.213114754098356 99.96437557976515
v 2.6690101063232277 17.622950819672127 99.96437557976515
v 2.6690101063232277 18.032786885245898 99.96437557976515
v 2.6690101063232277 18.44262295081967 99.96437557976515
v 2.6690101063232277 18.85245901639344 99.96437557976515
v 2.6690101063232277 19.26229508196721 99.96437557976515
v 2.6690101063232277 19.67213114754098 99.96437557976515
v 2.6690101063232277 20.08196721311475 99.96437557976515
v 2.6690101063232277 20.491803278688522 99.96437557976515
v 2.6690101063232277 20.901639344262293 99.96437557976515
v 2.6690101063232277 21.311475409836063 99.96437557976515
v 2.6690101063232277 21.721311475409834 99.96437557976515
v 2.6690101063232277 22.131147540983605 99.96437557976515
v 2.6690101063232277 22.540983606557376 99.96437557976515
v 2.6690101063232277 22.950819672131146 99.96437557976515
v 2.6690101063232277 23.360655737704917 99.96437557976515
v 2.6690101063232277 23.770491803278688 99.96437557976515
v 2.6690101063232277 24.18032786885246 99.96437557976515
v 2.6690101063232277 24.59016393442623 99.96437557976515
v 2.6690101063232277 25.0 99.96437557976515
v 2.6690101063232277 25.40983606557377 99.96437557976515
v 2.6690101063232277 25.81967213114754 99.96437557976515
v 2.6690101063232277 26.229508196721312 99.96437557976515
v 2.6690101063232277 26.639344262295083 99.96437557976515
v 2.6690101063232277 27.049180327868854 99.96437557976515
v 2.6690101063232277 27.459016393442624 99.96437557976515
v 2.6690101063232277 27.868852459016395 99.96437557976515
v 2.6690101063232277 28.278688524590166 99.96437557976515
v 2.6690101063232277 28.688524590163937 99.96437557976515
v 2.6690101063232277 29.098360655737707 99.96437557976515
v 2.6690101063232277 29.508196721311478 99.96437557976515
v 2.6690101063232277 29.91803278688525 99.96437557976515
v 2.6690101063232277 30.32786885245902 99.96437557976515
v 2.6690101063232277 30.73770491803279 99.96437557976515
v 2.6690101063232277 31.14754098360656 99.96437557976515
v 2.6690101063232277 31.55737704918033 99.96437557976515
v 2.6690101063232277 31.967213114754102 99.96437557976515
v 2.6690101063232277 32.37704918032787 99.96437557976515
v 2.6690101063232277 32.786885245901644 99.96437557976515
v 2.6690101063232277 33.196721311475414 99.96437557976515
v 2.6690101063232277 33.606557377049185 99.96437557976515
v 2.6690101063232277 34.016393442622956 99.96437557976515
v 2.6690101063232277 34.42622950819673 99.96437557976515
v 2.6690101063232277 34.8360655737705 99.96437557976515
v 2.6690101063232277 35.24590163934427 99.96437557976515
v 2.6690101063232277 35.65573770491804 99.96437557976515
v 2.6690101063232277 36.06557377049181 99.96437557976515
v 2.6690101063232277 36.47540983606558 99.96437557976515
v 2.6690101063232277 36.88524590163935 99.96437557976515
v 2.6690101063232277 37.29508196721312 99.96437557976515
v 2.6690101063232277 37.70491803278689 99.96437557976515
v 2.6690101063232277 38.11475409836066 99.96437557976515
v 2.6690101063232277 38.524590163934434 99.96437557976515
v 2.6690101063232277 38.934426229508205 99.96437557976515
v 2.6690101063232277 39.344262295081975 99.96437557976515
v 2.6690101063232277 39.754098360655746 99.96437557976515
v 2.6690101063232277 40.16393442622952 99.96437557976515
v 2.6690101063232277 40.57377049180329 99.96437557976515
v 2.6690101063232277 40.98360655737706 99.96437557976515
v 2.6690101063232277 41.39344262295083 99.96437557976515
v 2.6690101063232277 41.803278688524586 99.96437557976515
v 2.6690101063232277 42.213114754098356 99.96437557976515
v 2.6690101063232277 42.62295081967213 99.96437557976515
v 2.6690101063232277 43.0327868852459 99.96437557976515
v 2.6690101063232277 43.44262295081967 99.96437557976515
v 2.6690101063232277 43.85245901639344 99.96437557976515
v 2.6690101063232277 44.26229508196721 99.96437557976515
v 2.6690101063232277 44.67213114754098 99.96437557976515
v 2.6690101063232277 45.08196721311475 99.96437557976515
v 2.6690101063232277 45.49180327868852 99.96437557976515
v 2.6690101063232277 45.90163934426229 99.96437557976515
v 2.6690101063232277 46.31147540983606 99.96437557976515
v 2.6690101063232277 46.721311475409834 99.96437557976515
v 2.6690101063232277 47.131147540983605 99.96437557976515
v 2.6690101063232277 47.540983606557376 99.96437557976515
v 2.6690101063232277 47.950819672131146 99.96437557976515
v 2.6690101063232277 48.36065573770492 99.96437557976515
v 2.6690101063232277 48.77049180327869 99.96437557976515
v 2.6690101063232277 49.18032786885246 99.96437557976515
v 2.6690101063232277 49.59016393442623 99.96437557976515
v 2.6690101063232277 50.0 99.96437557976515
v 3.0795058556170427 -50.0 99.9525719713366
v 3.0795058556170427 -49.59016393442623 99.9525719713366
v 3.0795058556170427 -49.18032786885246 99.9525719713366
v 3.0795058556170427 -48.77049180327869 99.9525719713366
v 3.0795058556170427 -48.36065573770492 99.9525719713366
v 3.0795058556170427 -47.950819672131146 99.9525719713366
v 3.0795058556170427 -47.540983606557376 99.9525719713366
v 3.0795058556170427 -47.131147540983605 99.9525719713366
v 3.0795058556170427 -46.721311475409834 99.9525719713366
v 3.0795058556170427 -46.31147540983606 99.9525719713366
v 3.0795058556170427 -45.90163934426229 99.9525719713366
v 3.0795058556170427 -45.49180327868852 99.9525719713366
v 3.0795058556170427 -45.08196721311475 99.9525719713366
v 3.0795058556170427 -44.67213114754098 99.9525719713366
v 3.0795058556170427 -44.26229508196721 99.9525719713366
v 3.0795058556170427 -43.85245901639344 99.9525719713366
v 3.0795058556170427 -43.44262295081967 99.9525719713366
v 3.0795058556170427 -43.0327868852459 99.9525719713366
v 3.0795058556170427 -42.62295081967213 99.9525719713366
v 3.0795058556170427 -42.21311475409836 99.9525719713366
v 3.0795058556170427 -41.803278688524586 99.9525719713366
v 3.0795058556170427 -41.39344262295082 99.9525719713366
v 3.0795058556170427 -40.98360655737705 99.9525719713366
v 3.0795058556170427 -40.57377049180328 99.9525719713366
v 3.0795058556170427 -40.16393442622951 99.9525719713366
v 3.0795058556170427 -39.75409836065574 99.9525719713366
v 3.0795058556170427 -39.34426229508197 99.9525719713366
v 3.0795058556170427 -38.9344262295082 99.9525719713366
v 3.0795058556170427 -38.52459016393443 99.9525719713366
v 3.0795058556170427 -38.114754098360656 99.9525719713366
v 3.0795058556170427 -37.704918032786885 99.9525719713366
v 3.0795058556170427 -37.295081967213115 99.9525719713366
v 3.0795058556170427 -36.885245901639344 99.9525719713366
v 3.0795058556170427 -36.47540983606557 99.9525719713366
v 3.0795058556170427 -36.0655737704918 99.9525719713366
v 3.0795058556170427 -35.65573770491803 99.9525719713366
v 3.0795058556170427 -35.24590163934426 99.9525719713366
v 3.0795058556170427 -34.83606557377049 99.9525719713366
v 3.0795058556170427 -34.42622950819672 99.9525719713366
v 3.0795058556170427 -34.01639344262295 99.9525719713366
v 3.0795058556170427 -33.60655737704918 99.9525719713366
v 3.0795058556170427 -33.196721311475414 99.9525719713366
v 3.0795058556170427 -32.786885245901644 99.9525719713366
v 3.0795058556170427 -32.37704918032787 99.9525719713366
v 3.0795058556170427 -31.9672131147541 99.9525719713366
v 3.0795058556170427 -31.557377049180328 99.9525719713366
v 3.0795058556170427 -31.147540983606557 99.9525719713366
v 3.0795058556170427 -30.737704918032787 99.9525719713366
v 3.0795058556170427 -30.327868852459016 99.9525719713366
v 3.0795058556170427 -29.918032786885245 99.9525719713366
v 3.0795058556170427 -29.508196721311474 99.9525719713366
v 3.0795058556170427 -29.098360655737704 99.9525719713366
v 3.0795058556170427 -28.688524590163933 99.9525719713366
v 3.0795058556170427 -28.278688524590162 99.9525719713366
v 3.0795058556170427 -27.86885245901639 99.9525719713366
v 3.0795058556170427 -27.45901639344262 99.9525719713366
v 3.0795058556170427 -27.049180327868854 99.9525719713366
v 3.0795058556170427 -26.639344262295083 99.9525719713366
v 3.0795058556170427 -26.229508196721312 99.9525719713366
v 3.0795058556170427 -25.81967213114754 99.9525719713366
v 3.0795058556170427 -25.40983606557377 99.9525719713366
v 3.0795058556170427 -25.0 99.9525719713366
v 3.0795058556170427 -24.59016393442623 99.9525719713366
v 3.0795058556170427 -24.18032786885246 99.9525719713366
v 3.0795058556170427 -23.770491803278688 99.9525719713366
v 3.0795058556170427 -23.360655737704917 99.9525719713366
v 3.0795058556170427 -22.950819672131146 99.9525719713366
v 3.0795058556170427 -22.540983606557376 99.9525719713366
v 3.0795058556170427 -22.131147540983605 99.9525719713366
v 3.0795058556170427 -21.721311475409834 99.9525719713366
v 3.0795058556170427 -21.311475409836063 99.9525719713366
v 3.0795058556170427 -20.901639344262293 99.9525719713366
v 3.0795058556170427 -20.491803278688522 99.9525719713366
v 3.0795058556170427 -20.081967213114755 99.9525719713366
v 3.0795058556170427 -19.672131147540984 99.9525719713366
v 3.0795058556170427 -19.262295081967213 99.9525719713366
v 3.0795058556170427 -18.852459016393443 99.9525719713366
v 3.0795058556170427 -18.442622950819672 99.9525719713366
v 3.0795058556170427 -18.0327868852459 99.9525719713366
v 3.0795058556170427 -17.622950819672127 99.9525719713366
v 3.0795058556170427 -17.213114754098356 99.9525719713366
v 3.0795058556170427 -16.803278688524593 99.9525719713366
v 3.0795058556170427 -16.393442622950822 99.9525719713366
v 3.0795058556170427 -15.983606557377051 99.9525719713366
v 3.0795058556170427 -15.57377049180328 99.9525719713366
v 3.0795058556170427 -15.16393442622951 99.9525719713366
v 3.0795058556170427 -14.754098360655739 99.9525719713366
v 3.0795058556170427 -14.344262295081968 99.9525719713366
v 3.0795058556170427 -13.934426229508198 99.9525719713366
v 3.0795058556170427 -13.524590163934427 99.9525719713366
v 3.0795058556170427 -13.114754098360656 99.9525719713366
v 3.0795058556170427 -12.704918032786885 99.9525719713366
v 3.0795058556170427 -12.295081967213115 99.9525719713366
v 3.0795058556170427 -11.885245901639344 99.9525719713366
v 3.0795058556170427 -11.475409836065573 99.9525719713366
v 3.0795058556170427 -11.065573770491802 99.9525719713366
v 3.0795058556170427 -10.655737704918032 99.9525719713366
v 3.0795058556170427 -10.245901639344261 99.9525719713366
v 3.0795058556170427 -9.83606557377049 99.9525719713366
v 3.0795058556170427 -9.42622950819672 99.9525719713366
v 3.0795058556170427 -9.016393442622949 99.9525719713366
v 3.0795058556170427 -8.606557377049178 99.9525719713366
v 3.0795058556170427 -8.196721311475407 99.9525719713366
v 3.0795058556170427 -7.786885245901637 99.9525719713366
v 3.0795058556170427 -7.377049180327866 99.9525719713366
v 3.0795058556170427 -6.967213114754095 99.9525719713366
v 3.0795058556170427 -6.5573770491803245 99.9525719713366
v 3.0795058556170427 -6.147540983606554 99.9525719713366
v 3.0795058556170427 -5.737704918032783 99.9525719713366
v 3.0795058556170427 -5.327868852459012 99.9525719713366
v 3.0795058556170427 -4.918032786885242 99.9525719713366
v 3.0795058556170427 -4.508196721311471 99.9525719713366
v 3.0795058556170427 -4.098360655737707 99.9525719713366
v 3.0795058556170427 -3.6885245901639365 99.9525719713366
v 3.0795058556170427 -3.278688524590166 99.9525719713366
v 3.0795058556170427 -2.868852459016395 99.9525719713366
v 3.0795058556170427 -2.4590163934426243 99.9525719713366
v 3.0795058556170427 -2.0491803278688536 99.9525719713366
v 3.0795058556170427 -1.639344262295083 99.9525719713366
v 3.0795058556170427 -1.2295081967213122 99.9525719713366
v 3.0795058556170427 -0.8196721311475414 99.9525719713366
v 3.0795058556170427 -0.4098360655737707 99.9525719713366
v 3.0795058556170427 0.0 99.9525719713366
v 3.0795058556170427 0.4098360655737707 99.9525719713366
v 3.0795058556170427 0.8196721311475414 99.9525719713366
v 3.0795058556170427 1.2295081967213122 99.9525719713366
v 3.0795058556170427 1.639344262295083 99.9525719713366
v 3.0795058556170427 2.0491803278688536 99.9525719713366
v 3.0795058556170427 2.4590163934426243 99.9525719713366
v 3.0795058556170427 2.868852459016395 99.9525719713366
v 3.0795058556170427 3.278688524590166 99.9525719713366
v 3.0795058556170427 3.6885245901639365 99.9525719713366
v 3.0795058556170427 4.098360655737707 99.9525719713366
v 3.0795058556170427 4.508196721311478 99.9525719713366
v 3.0795058556170427 4.918032786885249 99.9525719713366
v 3.0795058556170427 5.327868852459019 99.9525719713366
v 3.0795058556170427 5.73770491803279 99.9525719713366
v 3.0795058556170427 6.147540983606561 99.9525719713366
v 3.0795058556170427 6.557377049180332 99.9525719713366
v 3.0795058556170427 6.967213114754102 99.9525719713366
v 3.0795058556170427 7.377049180327873 99.9525719713366
v 3.0795058556170427 7.786885245901644 99.9525719713366
v 3.0795058556170427 8.196721311475414 99.9525719713366
v 3.0795058556170427 8.606557377049185 99.9525719713366
v 3.0795058556170427 9.016393442622956 99.9525719713366
v 3.0795058556170427 9.42622950819672 99.9525719713366
v 3.0795058556170427 9.83606557377049 99.9525719713366
v 3.0795058556170427 10.245901639344261 99.9525719713366
v 3.0795058556170427 10.655737704918032 99.9525719713366
v 3.0795058556170427 11.065573770491802 99.9525719713366
v 3.0795058556170427 11.475409836065573 99.9525719713366
v 3.0795058556170427 11.885245901639344 99.9525719713366
v 3.0795058556170427 12.295081967213115 99.9525719713366
v 3.0795058556170427 12.704918032786885 99.9525719713366
v 3.0795058556170427 13.114754098360656 99.9525719713366
v 3.0795058556170427 13.524590163934427 99.9525719713366
v 3.0795058556170427 13.934426229508198 99.9525719713366
v 3.0795058556170427 14.344262295081975 99.9525719713366
v 3.0795058556170427 14.754098360655746 99.9525719713366
v 3.0795058556170427 15.163934426229517 99.9525719713366
v 3.0795058556170427 15.573770491803288 99.9525719713366
v 3.0795058556170427 15.983606557377044 99.9525719713366
v 3.0795058556170427 16.393442622950815 99.9525719713366
v 3.0795058556170427 16.803278688524586 99.9525719713366
v 3.0795058556170427 17.213114754098356 99.9525719713366
v 3.0795058556170427 17.622950819672127 99.9525719713366
v 3.0795058556170427 18.032786885245898 99.9525719713366
v 3.0795058556170427 18.44262295081967 99.9525719713366
v 3.0795058556170427 18.85245901639344 99.9525719713366
v 3.0795058556170427 19.26229508196721 99.9525719713366
v 3.0795058556170427 19.67213114754098 99.9525719713366
v 3.0795058556170427 20.08196721311475 99.9525719713366
v 3.0795058556170427 20.491803278688522 99.9525719713366
v 3.0795058556170427 20.901639344262293 99.9525719713366
v 3.0795058556170427 21.311475409836063 99.9525719713366
v 3.0795058556170427 21.721311475409834 99.9525719713366
v 3.0795058556170427 22.131147540983605 99.9525719713366
v 3.0795058556170427 22.540983606557376 99.9525719713366
v 3.0795058556170427 22.950819672131146 99.9525719713366
v 3.0795058556170427 23.360655737704917 99.9525719713366
v 3.0795058556170427 23.770491803278688 99.9525719713366
v 3.0795058556170427 24.18032786885246 99.9525719713366
v 3.0795058556170427 24.59016393442623 99.9525719713366
v 3.0795058556170427 25.0 99.9525719713366
v 3.0795058556170427 25.40983606557377 99.9525719713366
v 3.0795058556170427 25.81967213114754 99.9525719713366
v 3.0795058556170427 26.229508196721312 99.9525719713366
v 3.0795058556170427 26.639344262295083 99.9525719713366
v 3.0795058556170427 27.049180327868854 99.9525719713366
v 3.0795058556170427 27.459016393442624 99.9525719713366
v 3.0795058556170427 27.868852459016395 99.9525719713366
v 3.0795058556170427 28.278688524590166 99.9525719713366
v 3.0795058556170427 28.688524590163937 99.9525719713366
v 3.0795058556170427 29.098360655737707 99.9525719713366
v 3.0795058556170427 29.508196721311478 99.9525719713366
v 3.0795058556170427 29.91803278688525 99.9525719713366
v 3.0795058556170427 30.32786885245902 99.9525719713366
v 3.0795058556170427 30.73770491803279 99.9525719713366
v 3.0795058556170427 31.14754098360656 99.9525719713366
v 3.0795058556170427 31.55737704918033 99.9525719713366
v 3.0795058556170427 31.967213114754102 99.9525719713366
v 3.0795058556170427 32.37704918032787 99.9525719713366
v 3.0795058556170427 32.786885245901644 99.9525719713366
v 3.0795058556170427 33.196721311475414 99.9525719713366
v 3.0795058556170427 33.606557377049185 99.9525719713366
v 3.0795058556170427 34.016393442622956 99.9525719713366
v 3.0795058556170427 34.42622950819673 99.9525719713366
v 3.0795058556170427 34.8360655737705 99.9525719713366
v 3.0795058556170427 35.24590163934427 99.9525719713366
v 3.0795058556170427 35.65573770491804 99.9525719713366
v 3.0795058556170427 36.06557377049181 99.9525719713366
v 3.0795058556170427 36.47540983606558 99.9525719713366
v 3.0795058556170427 36.88524590163935 99.9525719713366
v 3.0795058556170427 37.29508196721312 99.9525719713366
v 3.0795058556170427 37.70491803278689 99.9525719713366
v 3.0795058556170427 38.11475409836066 99.9525719713366
v 3.0795058556170427 38.524590163934434 99.9525719713366
v 3.0795058556170427 38.934426229508205 99.9525719713366
v 3.0795058556170427 39.344262295081975 99.9525719713366
v 3.0795058556170427 39.754098360655746 99.9525719713366
v 3.0795058556170427 40.16393442622952 99.9525719713366
v 3.0795058556170427 40.57377049180329 99.9525719713366
v 3.0795058556170427 40.98360655737706 99.9525719713366
v 3.0795058556170427 41.39344262295083 99.9525719713366
v 3.0795058556170427 41.803278688524586 99.9525719713366
v 3.0795058556170427 42.213114754098356 99.9525719713366
v 3.0795058556170427 42.62295081967213 99.9525719713366
v 3.0795058556170427 43.0327868852459 99.9525719713366
v 3.0795058556170427 43.44262295081967 99.9525719713366
v 3.0795058556170427 43.85245901639344 99.9525719713366
v 3.0795058556170427 44.26229508196721 99.9525719713366
v 3.0795058556170427 44.67213114754098 99.9525719713366
v 3.0795058556170427 45.08196721311475 99.9525719713366
v 3.0795058556170427 45.49180327868852 99.9525719713366
v 3.0795058556170427 45.90163934426229 99.9525719713366
v 3.0795058556170427 46.31147540983606 99.9525719713366
v 3.0795058556170427 46.721311475409834 99.9525719713366
v 3.0795058556170427 47.131147540983605 99.9525719713366
v 3.0795058556170427 47.540983606557376 99.9525719713366
v 3.0795058556170427 47.950819672131146 99.9525719713366
v 3.0795058556170427 48.36065573770492 99.9525719713366
v 3.0795058556170427 48.77049180327869 99.9525719713366
v 3.0795058556170427 49.18032786885246 99.9525719713366
v 3.0795058556170427 49.59016393442623 99.9525719713366
v 3.0795058556170427 50.0 99.9525719713366
v 3.4899496702500956 -50.0 99.93908270190957
v 3.4899496702500956 -49.59016393442623 99.93908270190957
v 3.4899496702500956 -49.18032786885246 99.93908270190957
v 3.4899496702500956 -48.77049180327869 99.93908270190957
v 3.4899496702500956 -48.36065573770492 99.93908270190957
v 3.4899496702500956 -47.950819672131146 99.93908270190957
v 3.4899496702500956 -47.540983606557376 99.93908270190957
v 3.4899496702500956 -47.131147540983605 99.93908270190957
v 3.4899496702500956 -46.721311475409834 99.93908270190957
v 3.4899496702500956 -46.31147540983606 99.93908270190957
v 3.4899496702500956 -45.90163934426229 99.93908270190957
v 3.4899496702500956 -45.49180327868852 99.93908270190957
v 3.4899496702500956 -45.08196721311475 99.93908270190957
v 3.4899496702500956 -44.67213114754098 99.93908270190957
v 3.4899496702500956 -44.26229508196721 99.93908270190957
v 3.4899496702500956 -43.85245901639344 99.93908270190957
v 3.4899496702500956 -43.44262295081967 99.93908270190957
v 3.4899496702500956 -43.0327868852459 99.93908270190957
v 3.4899496702500956 -42.62295081967213 99.93908270190957
v 3.4899496702500956 -42.21311475409836 99.93908270190957
v 3.4899496702500956 -41.803278688524586 99.93908270190957
v 3.4899496702500956 -41.39344262295082 99.93908270190957
v 3.4899496702500956 -40.98360655737705 99.93908270190957
v 3.4899496702500956 -40.57377049180328 99.93908270190957
v 3.4899496702500956 -40.16393442622951 99.93908270190957
v 3.4899496702500956 -39.75409836065574 99.93908270190957
v 3.4899496702500956 -39.34426229508197 99.93908270190957
v 3.4899496702500956 -38.9344262295082 99.93908270190957
v 3.4899496702500956 -38.52459016393443 99.93908270190957
v 3.4899496702500956 -38.114754098360656 99.93908270190957
v 3.4899496702500956 -37.704918032786885 99.93908270190957
v 3.4899496702500956 -37.295081967213115 99.93908270190957
v 3.4899496702500956 -36.885245901639344 99.93908270190957
v 3.4899496702500956 -36.47540983606557 99.93908270190957
v 3.4899496702500956 -36.0655737704918 99.93908270190957
v 3.4899496702500956 -35.65573770491803 99.93908270190957
v 3.4899496702500956 -35.24590163934426 99.93908270190957
v 3.4899496702500956 -34.83606557377049 99.93908270190957
v 3.4899496702500956 -34.42622950819672 99.93908270190957
v 3.4899496702500956 -34.01639344262295 99.93908270190957
v 3.4899496702500956 -33.60655737704918 99.93908270190957
v 3.4899496702500956 -33.196721311475414 99.93908270190957
v 3.4899496702500956 -32.786885245901644 99.93908270190957
v 3.4899496702500956 -32.37704918032787 99.93908270190957
v 3.4899496702500956 -31.9672131147541 99.93908270190957
v 3.4899496702500956 -31.557377049180328 99.93908270190957
v 3.4899496702500956 -31.147540983606557 99.93908270190957
v 3.4899496702500956 -30.737704918032787 99.93908270190957
v 3.4899496702500956 -30.327868852459016 99.93908270190957
v 3.4899496702500956 -29.918032786885245 99.93908270190957
v 3.4899496702500956 -29.508196721311474 99.93908270190957
v 3.4899496702500956 -29.098360655737704 99.93908270190957
v 3.4899496702500956 -28.688524590163933 99.93908270190957
v 3.4899496702500956 -28.278688524590162 99.93908270190957
v 3.4899496702500956 -27.86885245901639 99.93908270190957
v 3.4899496702500956 -27.45901639344262 99.93908270190957
v 3.4899496702500956 -27.049180327868854 99.93908270190957
v 3.4899496702500956 -26.639344262295083 99.93908270190957
v 3.4899496702500956 -26.229508196721312 99.93908270190957
v 3.4899496702500956 -25.81967213114754 99.93908270190957
v 3.4899496702500956 -25.40983606557377 99.93908270190957
v 3.4899496702500956 -25.0 99.93908270190957
v 3.4899496702500956 -24.59016393442623 99.93908270190957
v 3.4899496702500956 -24.18032786885246 99.93908270190957
v 3.4899496702500956 -23.770491803278688 99.93908270190957
v 3.4899496702500956 -23.360655737704917 99.93908270190957
v 3.4899496702500956 -22.950819672131146 99.93908270190957
v 3.4899496702500956 -22.540983606557376 99.93908270190957
v 3.4899496702500956 -22.131147540983605 99.93908270190957
v 3.4899496702500956 -21.721311475409834 99.93908270190957
v 3.4899496702500956 -21.311475409836063 99.93908270190957
v 3.4899496702500956 -20.901639344262293 99.93908270190957
v 3.4899496702500956 -20.491803278688522 99.93908270190957
v 3.4899496702500956 -20.081967213114755 99.93908270190957
v 3.4899496702500956 -19.672131147540984 99.93908270190957
v 3.4899496702500956 -19.262295081967213 99.93908270190957
v 3.4899496702500956 -18.852459016393443 99.93908270190957
v 3.4899496702500956 -18.442622950819672 99.93908270190957
v 3.4899496702500956 -18.0327868852459 99.93908270190957
v 3.4899496702500956 -17.622950819672127 99.93908270190957
v 3.4899496702500956 -17.213114754098356 99.93908270190957
v 3.4899496702500956 -16.803278688524593 99.93908270190957
v 3.4899496702500956 -16.393442622950822 99.93908270190957
v 3.4899496702500956 -15.983606557377051 99.93908270190957
v 3.4899496702500956 -15.57377049180328 99.93908270190957
v 3.4899496702500956 -15.16393442622951 99.93908270190957
v 3.4899496702500956 -14.754098360655739 99.93908270190957
v 3.4899496702500956 -14.344262295081968 99.93908270190957
v 3.4899496702500956 -13.934426229508198 99.93908270190957
v 3.4899496702500956 -13.524590163934427 99.93908270190957
v 3.4899496702500956 -13.114754098360656 99.93908270190957
v 3.4899496702500956 -12.704918032786885 99.93908270190957
v 3.4899496702500956 -12.295081967213115 99.93908270190957
v 3.4899496702500956 -11.885245901639344 99.93908270190957
v 3.4899496702500956 -11.475409836065573 99.93908270190957
v 3.4899496702500956 -11.065573770491802 99.93908270190957
v 3.4899496702500956 -10.655737704918032 99.93908270190957
v 3.4899496702500956 -10.245901639344261 99.93908270190957
v 3.4899496702500956 -9.83606557377049 99.93908270190957
v 3.4899496702500956 -9.42622950819672 99.93908270190957
v 3.4899496702500956 -9.016393442622949 99.93908270190957
v 3.4899496702500956 -8.606557377049178 99.93908270190957
v 3.4899496702500956 -8.196721311475407 99.93908270190957
v 3.4899496702500956 -7.786885245901637 99.93908270190957
v 3.4899496702500956 -7.377049180327866 99.93908270190957
v 3.4899496702500956 -6.967213114754095 99.93908270190957
v 3.4899496702500956 -6.5573770491803245 99.93908270190957
v 3.4899496702500956 -6.147540983606554 99.93908270190957
v 3.4899496702500956 -5.737704918032783 99.93908270190957
v 3.4899496702500956 -5.327868852459012 99.93908270190957
v 3.4899496702500956 -4.918032786885242 99.93908270190957
v 3.4899496702500956 -4.508196721311471 99.93908270190957
v 3.4899496702500956 -4.098360655737707 99.93908270190957
v 3.4899496702500956 -3.6885245901639365 99.93908270190957
v 3.4899496702500956 -3.278688524590166 99.93908270190957
v 3.4899496702500956 -2.868852459016395 99.93908270190957
v 3.4899496702500956 -2.4590163934426243 99.93908270190957
v 3.4899496702500956 -2.0491803278688536 99.93908270190957
v 3.4899496702500956 -1.639344262295083 99.93908270190957
v 3.4899496702500956 -1.2295081967213122 99.93908270190957
v 3.4899496702500956 -0.8196721311475414 99.93908270190957
v 3.4899496702500956 -0.4098360655737707 99.93908270190957
v 3.4899496702500956 0.0 99.93908270190957
v 3.4899496702500956 0.4098360655737707 99.93908270190957
v 3.4899496702500956 0.8196721311475414 99.93908270190957
v 3.4899496702500956 1.2295081967213122 99.93908270190957
v 3.4899496702500956 1.639344262295083 99.93908270190957
v 3.4899496702500956 2.0491803278688536 99.93908270190957
v 3.4899496702500956 2.4590163934426243 99.93908270190957
v 3.4899496702500956 2.868852459016395 99.93908270190957
v 3.4899496702500956 3.278688524590166 99.93908270190957
v 3.4899496702500956 3.6885245901639365 99.93908270190957
v 3.4899496702500956 4.098360655737707 99.93908270190957
v 3.4899496702500956 4.508196721311478 99.93908270190957
v 3.4899496702500956 4.918032786885249 99.93908270190957
v 3.4899496702500956 5.327868852459019 99.93908270190957
v 3.4899496702500956 5.73770491803279 99.93908270190957
v 3.4899496702500956 6.147540983606561 99.93908270190957
v 3.4899496702500956 6.557377049180332 99.93908270190957
v 3.4899496702500956 6.967213114754102 99.93908270190957
v 3.4899496702500956 7.377049180327873 99.93908270190957
v 3.4899496702500956 7.786885245901644 99.93908270190957
v 3.4899496702500956 8.196721311475414 99.93908270190957
v 3.4899496702500956 8.606557377049185 99.93908270190957
v 3.4899496702500956 9.016393442622956 99.93908270190957
v 3.4899496702500956 9.42622950819672 99.93908270190957
v 3.4899496702500956 9.83606557377049 99.93908270190957
v 3.4899496702500956 10.245901639344261 99.93908270190957
v 3.4899496702500956 10.655737704918032 99.93908270190957
v 3.4899496702500956 11.065573770491802 99.93908270190957
v 3.4899496702500956 11.475409836065573 99.93908270190957
v 3.4899496702500956 11.885245901639344 99.93908270190957
v 3.4899496702500956 12.295081967213115 99.93908270190957
v 3.4899496702500956 12.704918032786885 99.93908270190957
v 3.4899496702500956 13.114754098360656 99.93908270190957
v 3.4899496702500956 13.524590163934427 99.93908270190957
v 3.4899496702500956 13.934426229508198 99.93908270190957
v 3.4899496702500956 14.344262295081975 99.93908270190957
v 3.4899496702500956 14.754098360655746 99.93908270190957
v 3.4899496702500956 15.163934426229517 99.93908270190957
v 3.4899496702500956 15.573770491803288 99.93908270190957
v 3.4899496702500956 15.983606557377044 99.93908270190957
v 3.4899496702500956 16.393442622950815 99.93908270190957
v 3.4899496702500956 16.803278688524586 99.93908270190957
v 3.4899496702500956 17.213114754098356 99.93908270190957
v 3.4899496702500956 17.622950819672127 99.93908270190957
v 3.4899496702500956 18.032786885245898 99.93908270190957
v 3.4899496702500956 18.44262295081967 99.93908270190957
v 3.4899496702500956 18.85245901639344 99.93908270190957
v 3.4899496702500956 19.26229508196721 99.93908270190957
v 3.4899496702500956 19.67213114754098 99.93908270190957
v 3.4899496702500956 20.08196721311475 99.93908270190957
v 3.4899496702500956 20.491803278688522 99.93908270190957
v 3.4899496702500956 20.901639344262293 99.93908270190957
v 3.4899496702500956 21.311475409836063 99.93908270190957
v 3.4899496702500956 21.721311475409834 99.93908270190957
v 3.4899496702500956 22.131147540983605 99.93908270190957
v 3.4899496702500956 22.540983606557376 99.93908270190957
v 3.4899496702500956 22.950819672131146 99.93908270190957
v 3.4899496702500956 23.360655737704917 99.93908270190957
v 3.4899496702500956 23.770491803278688 99.93908270190957
v 3.4899496702500956 24.18032786885246 99.93908270190957
v 3.4899496702500956 24.59016393442623 99.93908270190957
v 3.4899496702500956 25.0 99.93908270190957
v 3.4899496702500956 25.40983606557377 99.93908270190957
v 3.4899496702500956 25.81967213114754 99.93908270190957
v 3.4899496702500956 26.229508196721312 99.93908270190957
v 3.4899496702500956 26.639344262295083 99.93908270190957
v 3.4899496702500956 27.049180327868854 99.93908270190957
v 3.4899496702500956 27.459016393442624 99.93908270190957
v 3.4899496702500956 27.868852459016395 99.93908270190957
v 3.4899496702500956 28.278688524590166 99.93908270190957
v 3.4899496702500956 28.688524590163937 99.93908270190957
v 3.4899496702500956 29.098360655737707 99.93908270190957
v 3.4899496702500956 29.508196721311478 99.93908270190957
v 3.4899496702500956 29.91803278688525 99.93908270190957
v 3.4899496702500956 30.32786885245902 99.93908270190957
v 3.4899496702500956 30.73770491803279 99.93908270190957
v 3.4899496702500956 31.14754098360656 99.93908270190957
v 3.4899496702500956 31.55737704918033 99.93908270190957
v 3.4899496702500956 31.967213114754102 99.93908270190957
v 3.4899496702500956 32.37704918032787 99.93908270190957
v 3.4899496702500956 32.786885245901644 99.93908270190957
v 3.4899496702500956 33.196721311475414 99.93908270190957
v 3.4899496702500956 33.606557377049185 99.93908270190957
v 3.4899496702500956 34.016393442622956 99.93908270190957
v 3.4899496702500956 34.42622950819673 99.93908270190957
v 3.4899496702500956 34.8360655737705 99.93908270190957
v 3.4899496702500956 35.24590163934427 99.93908270190957
v 3.4899496702500956 35.65573770491804 99.93908270190957
v 3.4899496702500956 36.06557377049181 99.93908270190957
v 3.4899496702500956 36.47540983606558 99.93908270190957
v 3.4899496702500956 36.88524590163935 99.93908270190957
v 3.4899496702500956 37.29508196721312 99.93908270190957
v 3.4899496702500956 37.70491803278689 99.93908270190957
v 3.4899496702500956 38.11475409836066 99.93908270190957
v 3.4899496702500956 38.524590163934434 99.93908270190957
v 3.4899496702500956 38.934426229508205 99.93908270190957
v 3.4899496702500956 39.344262295081975 99.93908270190957
v 3.4899496702500956 39.754098360655746 99.93908270190957
v 3.4899496702500956 40.16393442622952 99.93908270190957
v 3.4899496702500956 40.57377049180329 99.93908270190957
v 3.4899496702500956 40.98360655737706 99.93908270190957
v 3.4899496702500956 41.39344262295083 99.93908270190957
v 3.4899496702500956 41.803278688524586 99.93908270190957
v 3.4899496702500956 42.213114754098356 99.93908270190957
v 3.4899496702500956 42.62295081967213 99.93908270190957
v 3.4899496702500956 43.0327868852459 99.93908270190957
v 3.4899496702500956 43.44262295081967 99.93908270190957
v 3.4899496702500956 43.85245901639344 99.93908270190957
v 3.4899496702500956 44.26229508196721 99.93908270190957
v 3.4899496702500956 44.67213114754098 99.93908270190957
v 3.4899496702500956 45.08196721311475 99.93908270190957
v 3.4899496702500956 45.49180327868852 99.93908270190957
v 3.4899496702500956 45.90163934426229 99.93908270190957
v 3.4899496702500956 46.31147540983606 99.93908270190957
v 3.4899496702500956 46.721311475409834 99.93908270190957
v 3.4899496702500956 47.131147540983605 99.93908270190957
v 3.4899496702500956 47.540983606557376 99.93908270190957
v 3.4899496702500956 47.950819672131146 99.93908270190957
v 3.4899496702500956 48.36065573770492 99.93908270190957
v 3.4899496702500956 48.77049180327869 99.93908270190957
v 3.4899496702500956 49.18032786885246 99.93908270190957
v 3.4899496702500956 49.59016393442623 99.93908270190957
v 3.4899496702500956 50.0 99.93908270190957
f 1 247 2
f 1 246 247
f 2 248 3
f 2 247 248
f 3 249 4
f 3 248 249
f 4 250 5
f 4 249 250
f 5 251 6
f 5 250 251
f 6 252 7
f 6 251 252
f 7 253 8
f 7 252 253
f 8 254 9
f 8 253 254
f 9 255 10
f 9 254 255
f 10 256 11
f 10 255 256
f 11 257 12
f 11 256 257
f 12 258 13
f 12 257 258
f 13 259 14
f 13 258 259
f 14 260 15
f 14 259 260
f 15 261 16
f 15 260 261
f 16 262 17
f 16 261 262
f 17 263 18
f 17 262 263
f 18 264 19
f 18 263 264
f 19 265 20
f 19 264 265
f 20 266 21
f 20 265 266
f 21 267 22
f 21 266 267
f 22 268 23
f 22 267 268
f 23 269 24
f 23 268 269
f 24 270 25
f 24 269 270
f 25 271 26
f 25 270 271
f 26 272 27
f 26 271 272
f 27 273 28
f 27 272 273
f 28 274 29
f 28 273 274
f 29 275 30
f 29 274 275
f 30 276 31
f 30 275 276
f 31 277 32
f 31 276 277
f 32 278 33
f 32 277 278
f 33 279 34
f 33 278 279
f 34 280 35
f 34 279 280
f 35 281 36
f 35 280 281
f 36 282 37
f 36 281 282
f 37 283 38
f 37 282 283
f 38 284 39
f 38 283 284
f 39 285 40
f 39 284 285
f 40 286 41
f 40 285 286
f 41 287 42
f 41 286 287
f 42 288 43
f 42 287 288
f 43 289 44
f 43 288 289
f 44 290 45
f 44 289 290
f 45 291 46
f 45 290 291
f 46 292 47
f 46 291 292
f 47 293 48
f 47 292 293
f 48 294 49
f 48 293 294
f 49 295 50
f 49 294 295
f 50 296 51
f 50 295 296
f 51 297 52
f 51 296 297
f 52 298 53
f 52 297 298
f 53 299 54
f 53 298 299
f 54 300 55
f 54 299 300
f 55 301 56
f 55 300 301
f 56 302 57
f 56 301 302
f 57 303 58
f 57 302 303
f 58 304 59
f 58 303 304
f 59 305 60
f 59 304 305
f 60 306 61
f 60 305 306
f 61 307 62
f 61 306 307
f 62 308 63
f 62 307 308
f 63 309 64
f 63 308 309
f 64 310 65
f 64 309 310
f 65 311 66
f 65 310 311
f 66 312 67
f 66 311 312
f 67 313 68
f 67 312 313
f 68 314 69
f 68 313 314
f 69 315 70
f 69 314 315
f 70 316 71
f 70 315 316
f 71 317 72
f 71 316 317
f 72 318 73
f 72 317 318
f 73 319 74
f 73 318 319
f 74 320 75
f 74 319 320
f 75 321 76
f 75 320 321
f 76 322 77
f 76 321 322
f 77 323 78
f 77 322 323
f 78 324 79
f 78 323 324
f 79 325 80
f 79 324 325
f 80 326 81
f 80 325 326
f 81 327 82
f 81 326 327
f 82 328 83
f 82 327 328
f 83 329 84
f 83 328 329
f 84 330 85
f 84 329 330
f 85 331 86
f 85 330 331
f 86 332 87
f 86 331 332
f 87 333 88
f 87 332 333
f 88 334 89
f 88 333 334
f 89 335 90
f 89 334 335
f 90 336 91
f 90 335 336
f 91 337 92
f 91 336 337
f 92 338 93
f 92 337 338
f 93 339 94
f 93 338 339
f 94 340 95
f 94 339 340
f 95 341 96
f 95 340 341
f 96 342 97
f 96 341 342
f 97 343 98
f 97 342 343
f 98 344 99
f 98 343 344
f 99 345 100
f 99 344 345
f 100 346 101
f 100 345 346
f 101 347 102
f 101 346 347
f 102 348 103
f 102 347 348
f 103 349 104
f 103 348 349
f 104 350 105
f 104 349 350
f 105 351 106
f 105 350 351
f 106 352 107
f 106 351 352
f 107 353 108
f 107 352 353
f 108 354 109
f 108 353 354
f 109 355 110
f 109 354 355
f 110 356 111
f 110 355 356
f 111 357 112
f 111 356 357
f 112 358 113
f 112 357 358
f 113 359 114
f 113 358 359
f 114 360 115
f 114 359 360
f 115 361 116
f 115 360 361
f 116 362 117
f 116 361 362
f 117 363 118
f 117 362 363
f 118 364 119
f 118 363 364
f 119 365 120
f 119 364 365
f 120 366 121
f 120 365 366
f 121 367 122
f 121 366 367
f 122 368 123
f 122 367 368
f 123 369 124
f 123 368 369
f 124 370 125
f 124 369 370
f 125 371 126
f 125 370 371
f 126 372 127
f 126 371 372
f 127 373 128
f 127 372 373
f 128 374 129
f 128 373 374
f 129 375 130
f 129 374 375
f 130 376 131
f 130 375 376
f 131 377 132
f 131 376 377
f 132 378 133
f 132 377 378
f 133 379 134
f 133 378 379
f 134 380 135
f 134 379 380
f 135 381 136
f 135 380 381
f 136 382 137
f 136 381 382
f 137 383 138
f 137 382 383
f 138 384 139
f 138 383 384
f 139 385 140
f 139 384 385
f 140 386 141
f 140 385 386
f 141 387 142
f 141 386 387
f 142 388 143
f 142 387 388
f 143 389 144
f 143 388 389
f 144 390 145
f 144 389 390
f 145 391 146
f 145 390 391
f 146 392 147
f 146 391 392
f 147 393 148
f 147 392 393
f 148 394 149
f 148 393 394
f 149 395 150
f 149 394 395
f 150 396 151
f 150 395 396
f 151 397 152
f 151 396 397
f 152 398 153
f 152 397 398
f 153 399 154
f 153 398 399
f 154 400 155
f 154 399 400
f 155 401 156
f 155 400 401
f 156 402 157
f 156 401 402
f 157 403 158
f 157 402 403
f 158 404 159
f 158 403 404
f 159 405 160
f 159 404 405
f 160 406 161
f 160 405 406
f 161 407 162
f 161 406 407
f 162 408 163
f 162 407 408
f 163 409 164
f 163 408 409
f 164 410 165
f 164 409 410
f 165 411 166
f 165 410 411
f 166 412 167
f 166 411 412
f 167 413 168
f 167 412 413
f 168 414 169
f 168 413 414
f 169 415 170
f 169 414 415
f 170 416 171
f 170 415 416
f 171 417 172
f 171 416 417
f 172 418 173
f 172 417 418
f 173 419 174
f 173 418 419
f 174 420 175
f 174 419 420
f 175 421 176
f 175 420 421
f 176 422 177
f 176 421 422
f 177 423 178
f 177 422 423
f 178 424 179
f 178 423 424
f 179 425 180
f 179 424 425
f 180 426 181
f 180 425 426
f 181 427 182
f 181 426 427
f 182 428 183
f 182 427 428
f 183 429 184
f 183 428 429
f 184 430 185
f 184 429 430
f 185 431 186
f 185 430 431
f 186 432 187
f 186 431 432
f 187 433 188
f 187 432 433
f 188 434 189
f 188 433 434
f 189 435 190
f 189 434 435
f 190 436 191
f 190 435 436
f 191 437 192
f 191 436 437
f 192 438 193
f 192 437 438
f 193 439 194
f 193 438 439
f 194 440 195
f 194 439 440
f 195 441 196
f 195 440 441
f 196 442 197
f 196 441 442
f 197 443 198
f 197 442 443
f 198 444 199
f 198 443 444
f 199 445 200
f 199 444 445
f 200 446 201
f 200 445 446
f 201 447 202
f 201 446 447
f 202 448 203
f 202 447 448
f 203 449 204
f 203 448 449
f 204 450 205
f 204 449 450
f 205 451 206
f 205 450 451
f 206 452 207
f 206 451 452
f 207 453 208
f 207 452 453
f 208 454 209
f 208 453 454
f 209 455 210
f 209 454 455
f 210 456 211
f 210 455 456
f 211 457 212
f 211 456 457
f 212 458 213
f 212 457 458
f 213 459 214
f 213 458 459
f 214 460 215
f 214 459 460
f 215 461 216
f 215 460 461
f 216 462 217
f 216 461 462
f 217 463 218
f 217 462 463
f 218 464 219
f 218 463 464
f 219 465 220
f 219 464 465
f 220 466 221
f 220 465 466
f 221 467 222
f 221 466 467
f 222 468 223
f 222 467 468
f 223 469 224
f 223 468 469
f 224 470 225
f 224 469 470
f 225 471 226
f 225 470 471
f 226 472 227
f 226 471 472
f 227 473 228
f 227 472 473
f 228 474 229
f 228 473 474
f 229 475 230
f 229 474 475
f 230 476 231
f 230 475 476
f 231 477 232
f 231 476 477
f 232 478 233
f 232 477 478
f 233 479 234
f 233 478 479
f 234 480 235
f 234 479 480
f 235 481 236
f 235 480 481
f 236 482 237
f 236 481 482
f 237 483 238
f 237 482 483
f 238 484 239
f 238 483 484
f 239 485 240
f 239 484 485
f 240 486 241
f 240 485 486
f 241 487 242
f 241 486 487
f 242 488 243
f 242 487 488
f 243 489 244
f 243 488 489
f 244 490 245
f 244 489 490
f 246 492 247
f 246 491 492
f 247 493 248
f 247 492 493
f 248 494 249
f 248 493 494
f 249 495 250
f 249 494 495
f 250 496 251
f 250 495 496
f 251 497 252
f 251 496 497
f 252 498 253
f 252 497 498
f 253 499 254
f 253 498 499
f 254 500 255
f 254 499 500
f 255 501 256
f 255 500 501
f 256 502 257
f 256 501 502
f 257 503 258
f 257 502 503
f 258 504 259
f 258 503 504
f 259 505 260
f 259 504 505
f 260 506 261
f 260 505 506
f 261 507 262
f 261 506 507
f 262 508 263
f 262 507 508
f 263 509 264
f 263 508 509
f 264 510 265
f 264 509 510
f 265 511 266
f 265 510 511
f 266 512 267
f 266 511 512
f 267 513 268
f 267 512 513
f 268 514 269
f 268 513 514
f 269 515 270
f 269 514 515
f 270 516 271
f 270 515 516
f 271 517 272
f 271 516 517
f 272 518 273
f 272 517 518
f 273 519 274
f 273 518 519
f 274 520 275
f 274 519 520
f 275 521 276
f 275 520 521
f 276 522 277
f 276 521 522
f 277 523 278
f 277 522 523
f 278 524 279
f 278 523 524
f 279 525 280
f 279 524 525
f 280 526 281
f 280 525 526
f 281 527 282
f 281 526 527
f 282 528 283
f 282 527 528
f 283 529 284
f 283 528 529
f 284 530 285
f 284 529 530
f 285 531 286
f 285 530 531
f 286 532 287
f 286 531 532
f 287 533 288
f 287 532 533
f 288 534 289
f 288 533 534
f 289 535 290
f 289 534 535
f 290 536 291
f 290 535 536
f 291 537 292
f 291 536 537
f 292 538 293
f 292 537 538
f 293 539 294
f 293 538 539
f 294 540 295
f 294 539 540
f 295 541 296
f 295 540 541
f 296 542 297
f 296 541 542
f 297 543 298
f 297 542 543
f 298 544 299
f 298 543 544
f 299 545 300
f 299 544 545
f 300 546 301
f 300 545 546
f 301 547 302
f 301 546 547
f 302 548 303
f 302 547 548
f 303 549 304
f 303 548 549
f 304 550 305
f 304 549 550
f 305 551 306
f 305 550 551
f 306 552 307
f 306 551 552
f 307 553 308
f 307 552 553
f 308 554 309
f 308 553 554
f 309 555 310
f 309 554 555
f 310 556 311
f 310 555 556
f 311 557 312
f 311 556 557
f 312 558 313
f 312 557 558
f 313 559 314
f 313 558 559
f 314 560 315
f 314 559 560
f 315 561 316
f 315 560 561
f 316 562 317
f 316 561 562
f 317 563 318
f 317 562 563
f 318 564 319
f 318 563 564
f 319 565 320
f 319 564 565
f 320 566 321
f 320 565 566
f 321 567 322
f 321 566 567
f 322 568 323
f 322 567 568
f 323 569 324
f 323 568 569
f 324 570 325
f 324 569 570
f 325 571 326
f 325 570 571
f 326 572 327
f 326 571 572
f 327 573 328
f 327 572 573
f 328 574 329
f 328 573 574
f 329 575 330
f 329 574 575
f 330 576 331
f 330 575 576
f 331 577 332
f 331 576 577
f 332 578 333
f 332 577 578
f 333 579 334
f 333 578 579
f 334 580 335
f 334 579 580
f 335 581 336
f 335 580 581
f 336 582 337
f 336 581 582
f 337 583 338
f 337 582 583
f 338 584 339
f 338 583 584
f 339 585 340
f 339 584 585
f 340 586 341
f 340 585 586
f 341 587 342
f 341 586 587
f 342 588 343
f 342 587 588
f 343 589 344
f 343 588 589
f 344 590 345
f 344 589 590
f 345 591 346
f 345 590 591
f 346 592 347
f 346 591 592
f 347 593 348
f 347 592 593
f 348 594 349
f 348 593 594
f 349 595 350
f 349 594 595
f 350 596 351
f 350 595 596
f 351 597 352
f 351 596 597
f 352 598 353
f 352 597 598
f 353 599 354
f 353 598 599
f 354 600 355
f 354 599 600
f 355 601 356
f 355 600 601
f 356 602 357
f 356 601 602
f 357 603 358
f 357 602 603
f 358 604 359
f 358 603 604
f 359 605 360
f 359 604 605
f 360 606 361
f 360 605 606
f 361 607 362
f 361 606 607
f 362 608 363
f 362 607 608
f 363 609 364
f 363 608 609
f 364 610 365
f 364 609 610
f 365 611 366
f 365 610 611
f 366 612 367
f 366 611 612
f 367 613 368
f 367 612 613
f 368 614 369
f 368 613 614
f 369 615 370
f 369 614 615
f 370 616 371
f 370 615 616
f 371 617 372
f 371 616 617
f 372 618 373
f 372 617 618
f 373 619 374
f 373 618 619
f 374 620 375
f 374 619 620
f 375 621 376
f 375 620 621
f 376 622 377
f 376 621 622
f 377 623 378
f 377 622 623
f 378 624 379
f 378 623 624
f 379 625 380
f 379 624 625
f 380 626 381
f 380 625 626
f 381 627 382
f 381 626 627
f 382 628 383
f 382 627 628
f 383 629 384
f 383 628 629
f 384 630 385
f 384 629 630
f 385 631 386
f 385 630 631
f 386 632 387
f 386 631 632
f 387 633 388
f 387 632 633
f 388 634 389
f 388 633 634
f 389 635 390
f 389 634 635
f 390 636 391
f 390 635 636
f 391 637 392
f 391 636 637
f 392 638 393
f 392 637 638
f 393 639 394
f 393 638 639
f 394 640 395
f 394 639 640
f 395 641 396
f 395 640 641
f 396 642 397
f 396 641 642
f 397 643 398
f 397 642 643
f 398 644 399
f 398 643 644
f 399 645 400
f 399 644 645
f 400 646 401
f 400 645 646
f 401 647 402
f 401 646 647
f 402 648 403
f 402 647 648
f 403 649 404
f 403 648 649
f 404 650 405
f 404 649 650
f 405 651 406
f 405 650 651
f 406 652 407
f 406 651 652
f 407 653 408
f 407 652 653
f 408 654 409
f 408 653 654
f 409 655 410
f 409 654 655
f 410 656 411
f 410 655 656
f 411 657 412
f 411 656 657
f 412 658 413
f 412 657 658
f 413 659 414
f 413 658 659
f 414 660 415
f 414 659 660
f 415 661 416
f 415 660 661
f 416 662 417
f 416 661 662
f 417 663 418
f 417 662 663
f 418 664 419
f 418 663 664
f 419 665 420
f 419 664 665
f 420 666 421
f 420 665 666
f 421 667 422
f 421 666 667
f 422 668 423
f 422 667 668
f 423 669 424
f 423 668 669
f 424 670 425
f 424 669 670
f 425 671 426
f 425 670 671
f 426 672 427
f 426 671 672
f 427 673 428
f 427 672 673
f 428 674 429
f 428 673 674
f 429 675 430
f 429 674 675
f 430 676 431
f 430 675 676
f 431 677 432
f 431 676 677
f 432 678 433
f 432 677 678
f 433 679 434
f 433 678 679
f 434 680 435
f 434 679 680
f 435 681 436
f 435 680 681
f 436 682 437
f 436 681 682
f 437 683 438
f 437 682 683
f 438 684 439
f 438 683 684
f 439 685 440
f 439 684 685
f 440 686 441
f 440 685 686
f 441 687 442
f 441 686 687
f 442 688 443
f 442 687 688
f 443 689 444
f 443 688 689
f 444 690 445
f 444 689 690
f 445 691 446
f 445 690 691
f 446 692 447
f 446 691 692
f 447 693 448
f 447 692 693
f 448 694 449
f 448 693 694
f 449 695 450
f 449 694 695
f 450 696 451
f 450 695 696
f 451 697 452
f 451 696 697
f 452 698 453
f 452 697 698
f 453 699 454
f 453 698 699
f 454 700 455
f 454 699 700
f 455 701 456
f 455 700 701
f 456 702 457
f 456 701 702
f 457 703 458
f 457 702 703
f 458 704 459
f 458 703 704
f 459 705 460
f 459 704 705
f 460 706 461
f 460 705 706
f 461 707 462
f 461 706 707
f 462 708 463
f 462 707 708
f 463 709 464
f 463 708 709
f 464 710 465
f 464 709 710
f 465 711 466
f 465 710 711
f 466 712 467
f 466 711 712
f 467 713 468
f 467 712 713
f 468 714 469
f 468 713 714
f 469 715 470
f 469 714 715
f 470 716 471
f 470 715 716
f 471 717 472
f 471 716 717
f 472 718 473
f 472 717 718
f 473 719 474
f 473 718 719
f 474 720 475
f 474 719 720
f 475 721 476
f 475 720 721
f 476 722 477
f 476 721 722
f 477 723 478
f 477 722 723
f 478 724 479
f 478 723 724
f 479 725 480
f 479 724 725
f 480 726 481
f 480 725 726
f 481 727 482
f 481 726 727
f 482 728 483
f 482 727 728
f 483 729 484
f 483 728 729
f 484 730 485
f 484 729 730
f 485 731 486
f 485 730 731
f 486 732 487
f 486 731 732
f 487 733 488
f 487 732 733
f 488 734 489
f 488 733 734
f 489 735 490
f 489 734 735
f 491 737 492
f 491 736 737
f 492 738 493
f 492 737 738
f 493 739 494
f 493 738 739
f 494 740 495
f 494 739 740
f 495 741 496
f 495 740 741
f 496 742 497
f 496 741 742
f 497 743 498
f 497 742 743
f 498 744 499
f 498 743 744
f 499 745 500
f 499 744 745
f 500 746 501
f 500 745 746
f 501 747 502
f 501 746 747
f 502 748 503
f 502 747 748
f 503 749 504
f 503 748 749
f 504 750 505
f 504 749 750
f 505 751 506
f 505 750 751
f 506 752 507
f 506 751 752
f 507 753 508
f 507 752 753
f 508 754 509
f 508 753 754
f 509 755 510
f 509 754 755
f 510 756 511
f 510 755 756
f 511 757 512
f 511 756 757
f 512 758 513
f 512 757 758
f 513 759 514
f 513 758 759
f 514 760 515
f 514 759 760
f 515 761 516
f 515 760 761
f 516 762 517
f 516 761 762
f 517 763 518
f 517 762 763
f 518 764 519
f 518 763 764
f 519 765 520
f 519 764 765
f 520 766 521
f 520 765 766
f 521 767 522
f 521 766 767
f 522 768 523
f 522 767 768
f 523 769 524
f 523 768 769
f 524 770 525
f 524 769 770
f 525 771 526
f 525 770 771
f 526 772 527
f 526 771 772
f 527 773 528
f 527 772 773
f 528 774 529
f 528 773 774
f 529 775 530
f 529 774 775
f 530 776 531
f 530 775 776
f 531 777 532
f 531 776 777
f 532 778 533
f 532 777 778
f 533 779 534
f 533 778 779
f 534 780 535
f 534 779 780
f 535 781 536
f 535 780 781
f 536 782 537
f 536 781 782
f 537 783 538
f 537 782 783
f 538 784 539
f 538 783 784
f 539 785 540
f 539 784 785
f 540 786 541
f 540 785 786
f 541 787 542
f 541 786 787
f 542 788 543
f 542 787 788
f 543 789 544
f 543 788 789
f 544 790 545
f 544 789 790
f 545 791 546
f 545 790 791
f 546 792 547
f 546 791 792
f 547 793 548
f 547 792 793
f 548 794 549
f 548 793 794
f 549 795 550
f 549 794 795
f 550 796 551
f 550 795 796
f 551 797 552
f 551 796 797
f 552 798 553
f 552 797 798
f 553 799 554
f 553 798 799
f 554 800 555
f 554 799 800
f 555 801 556
f 555 800 801
f 556 802 557
f 556 801 802
f 557 803 558
f 557 802 803
f 558 804 559
f 558 803 804
f 559 805 560
f 559 804 805
f 560 806 561
f 560 805 806
f 561 807 562
f 561 806 807
f 562 808 563
f 562 807 808
f 563 809 564
f 563 808 809
f 564 810 565
f 564 809 810
f 565 811 566
f 565 810 811
f 566 812 567
f 566 811 812
f 567 813 568
f 567 812 813
f 568 814 569
f 568 813 814
f 569 815 570
f 569 814 815
f 570 816 571
f 570 815 816
f 571 817 572
f 571 816 817
f 572 818 573
f 572 817 818
f 573 819 574
f 573 818 819
f 574 820 575
f 574 819 820
f 575 821 576
f 575 820 821
f 576 822 577
f 576 821 822
f 577 823 578
f 577 822 823
f 578 824 579
f 578 823 824
f 579 825 580
f 579 824 825
f 580 826 581
f 580 825 826
f 581 827 582
f 581 826 827
f 582 828 583
f 582 827 828
f 583 829 584
f 583 828 829
f 584 830 585
f 584 829 830
f 585 831 586
f 585 830 831
f 586 832 587
f 586 831 832
f 587 833 588
f 587 832 833
f 588 834 589
f 588 833 834
f 589 835 590
f 589 834 835
f 590 836 591
f 590 835 836
f 591 837 592
f 591 836 837
f 592 838 593
f 592 837 838
f 593 839 594
f 593 838 839
f 594 840 595
f 594 839 840
f 595 841 596
f 595 840 841
f 596 842 597
f 596 841 842
f 597 843 598
f 597 842 843
f 598 844 599
f 598 843 844
f 599 845 600
f 599 844 845
f 600 846 601
f 600 845 846
f 601 847 602
f 601 846 847
f 602 848 603
f 602 847 848
f 603 849 604
f 603 848 849
f 604 850 605
f 604 849 850
f 605 851 606
f 605 850 851
f 606 852 607
f 606 851 852
f 607 853 608
f 607 852 853
f 608 854 609
f 608 853 854
f 609 855 610
f 609 854 855
f 610 856 611
f 610 855 856
f 611 857 612
f 611 856 857
f 612 858 613
f 612 857 858
f 613 859 614
f 613 858 859
f 614 860 615
f 614 859 860
f 615 861 616
f 615 860 861
f 616 862 617
f 616 861 862
f 617 863 618
f 617 862 863
f 618 864 619
f 618 863 864
f 619 865 620
f 619 864 865
f 620 866 621
f 620 865 866
f 621 867 622
f 621 866 867
f 622 868 623
f 622 867 868
f 623 869 624
f 623 868 869
f 624 870 625
f 624 869 870
f 625 871 626
f 625 870 871
f 626 872 627
f 626 871 872
f 627 873 628
f 627 872 873
f 628 874 629
f 628 873 874
f 629 875 630
f 629 874 875
f 630 876 631
f 630 875 876
f 631 877 632
f 631 876 877
f 632 878 633
f 632 877 878
f 633 879 634
f 633 878 879
f 634 880 635
f 634 879 880
f 635 881 636
f 635 880 881
f 636 882 637
f 636 881 882
f 637 883 638
f 637 882 883
f 638 884 639
f 638 883 884
f 639 885 640
f 639 884 885
f 640 886 641
f 640 885 886
f 641 887 642
f 641 886 887
f 642 888 643
f 642 887 888
f 643 889 644
f 643 888 889
f 644 890 645
f 644 889 890
f 645 891 646
f 645 890 891
f 646 892 647
f 646 891 892
f 647 893 648
f 647 892 893
f 648 894 649
f 648 893 894
f 649 895 650
f 649 894 895
f 650 896 651
f 650 895 896
f 651 897 652
f 651 896 897
f 652 898 653
f 652 897 898
f 653 899 654
f 653 898 899
f 654 900 655
f 654 899 900
f 655 901 656
f 655 900 901
f 656 902 657
f 656 901 902
f 657 903 658
f 657 902 903
f 658 904 659
f 658 903 904
f 659 905 660
f 659 904 905
f 660 906 661
f 660 905 906
f 661 907 662
f 661 906 907
f 662 908 663
f 662 907 908
f 663 909 664
f 663 908 909
f 664 910 665
f 664 909 910
f 665 911 666
f 665 910 911
f 666 912 667
f 666 911 912
f 667 913 668
f 667 912 913
f 668 914 669
f 668 913 914
f 669 915 670
f 669 914 915
f 670 916 671
f 670 915 916
f 671 917 672
f 671 916 917
f 672 918 673
f 672 917 918
f 673 919 674
f 673 918 919
f 674 920 675
f 674 919 920
f 675 921 676
f 675 920 921
f 676 922 677
f 676 921 922
f 677 923 678
f 677 922 923
f 678 924 679
f 678 923 924
f 679 925 680
f 679 924 925
f 680 926 681
f 680 925 926
f 681 927 682
f 681 926 927
f 682 928 683
f 682 927 928
f 683 929 684
f 683 928 929
f 684 930 685
f 684 929 930
f 685 931 686
f 685 930 931
f 686 932 687
f 686 931 932
f 687 933 688
f 687 932 933
f 688 934 689
f 688 933 934
f 689 935 690
f 689 934 935
f 690 936 691
f 690 935 936
f 691 937 692
f 691 936 937
f 692 938 693
f 692 937 938
f 693 939 694
f 693 938 939
f 694 940 695
f 694 939 940
f 695 941 696
f 695 940 941
f 696 942 697
f 696 941 942
f 697 943 698
f 697 942 943
f 698 944 699
f 698 943 944
f 699 945 700
f 699 944 945
f 700 946 701
f 700 945 946
f 701 947 702
f 701 946 947
f 702 948 703
f 702 947 948
f 703 949 704
f 703 948 949
f 704 950 705
f 704 949 950
f 705 951 706
f 705 950 951
f 706 952 707
f 706 951 952
f 707 953 708
f 707 952 953
f 708 954 709
f 708 953 954
f 709 955 710
f 709 954 955
f 710 956 711
f 710 955 956
f 711 957 712
f 711 956 957
f 712 958 713
f 712 957 958
f 713 959 714
f 713 958 959
f 714 960 715
f 714 959 960
f 715 961 716
f 715 960 961
f 716 962 717
f 716 961 962
f 717 963 718
f 717 962 963
f 718 964 719
f 718 963 964
f 719 965 720
f 719 964 965
f 720 966 721
f 720 965 966
f 721 967 722
f 721 966 967
f 722 968 723
f 722 967 968
f 723 969 724
f 723 968 969
f 724 970 725
f 724 969 970
f 725 971 726
f 725 970 971
f 726 972 727
f 726 971 972
f 727 973 728
f 727 972 973
f 728 974 729
f 728 973 974
f 729 975 730
f 729 974 975
f 730 976 731
f 730 975 976
f 731 977 732
f 731 976 977
f 732 978 733
f 732 977 978
f 733 979 734
f 733 978 979
f 734 980 735
f 734 979 980
f 736 982 737
f 736 981 982
f 737 983 738
f 737 982 983
f 738 984 739
f 738 983 984
f 739 985 740
f 739 984 985
f 740 986 741
f 740 985 986
f 741 987 742
f 741 986 987
f 742 988 743
f 742 987 988
f 743 989 744
f 743 988 989
f 744 990 745
f 744 989 990
f 745 991 746
f 745 990 991
f 746 992 747
f 746 991 992
f 747 993 748
f 747 992 993
f 748 994 749
f 748 993 994
f 749 995 750
f 749 994 995
f 750 996 751
f 750 995 996
f 751 997 752
f 751 996 997
f 752 998 753
f 752 997 998
f 753 999 754
f 753 998 999
f 754 1000 755
f 754 999 1000
f 755 1001 756
f 755 1000 1001
f 756 1002 757
f 756 1001 1002
f 757 1003 758
f 757 1002 1003
f 758 1004 759
f 758 1003 1004
f 759 1005 760
f 759 1004 1005
f 760 1006 761
f 760 1005 1006
f 761 1007 762
f 761 1006 1007
f 762 1008 763
f 762 1007 1008
f 763 1009 764
f 763 1008 1009
f 764 1010 765
f 764 1009 1010
f 765 1011 766
f 765 1010 1011
f 766 1012 767
f 766 1011 1012
f 767 1013 768
f 767 1012 1013
f 768 1014 769
f 768 1013 1014
f 769 1015 770
f 769 1014 1015
f 770 1016 771
f 770 1015 1016
f 771 1017 772
f 771 1016 1017
f 772 1018 773
f 772 1017 1018
f 773 1019 774
f 773 1018 1019
f 774 1020 775
f 774 1019 1020
f 775 1021 776
f 775 1020 1021
f 776 1022 777
f 776 1021 1022
f 777 1023 778
f 777 1022 1023
f 778 1024 779
f 778 1023 1024
f 779 1025 780
f 779 1024 1025
f 780 1026 781
f 780 1025 1026
f 781 1027 782
f 781 1026 1027
f 782 1028 783
f 782 1027 1028
f 783 1029 784
f 783 1028 1029
f 784 1030 785
f 784 1029 1030
f 785 1031 786
f 785 1030 1031
f 786 1032 787
f 786 1031 1032
f 787 1033 788
f 787 1032 1033
f 788 1034 789
f 788 1033 1034
f 789 1035 790
f 789 1034 1035
f 790 1036 791
f 790 1035 1036
f 791 1037 792
f 791 1036 1037
f 792 1038 793
f 792 1037 1038
f 793 1039 794
f 793 1038 1039
f 794 1040 795
f 794 1039 1040
f 795 1041 796
f 795 1040 1041
f 796 1042 797
f 796 1041 1042
f 797 1043 798
f 797 1042 1043
f 798 1044 799
f 798 1043 1044
f 799 1045 800
f 799 1044 1045
f 800 1046 801
f 800 1045 1046
f 801 1047 802
f 801 1046 1047
f 802 1048 803
f 802 1047 1048
f 803 1049 804
f 803 1048 1049
f 804 1050 805
f 804 1049 1050
f 805 1051 806
f 805 1050 1051
f 806 1052 807
f 806 1051 1052
f 807 1053 808
f 807 1052 1053
f 808 1054 809
f 808 1053 1054
f 809 1055 810
f 809 1054 1055
f 810 1056 811
f 810 1055 1056
f 811 1057 812
f 811 1056 1057
f 812 1058 813
f 812 1057 1058
f 813 1059 814
f 813 1058 1059
f 814 1060 815
f 814 1059 1060
f 815 1061 816
f 815 1060 1061
f 816 1062 817
f 816 1061 1062
f 817 1063 818
f 817 1062 1063
f 818 1064 819
f 818 1063 1064
f 819 1065 820
f 819 1064 1065
f 820 1066 821
f 820 1065 1066
f 821 1067 822
f 821 1066 1067
f 822 1068 823
f 822 1067 1068
f 823 1069 824
f 823 1068 1069
f 824 1070 825
f 824 1069 1070
f 825 1071 826
f 825 1070 1071
f 826 1072 827
f 826 1071 1072
f 827 1073 828
f 827 1072 1073
f 828 1074 829
f 828 1073 1074
f 829 1075 830
f 829 1074 1075
f 830 1076 831
f 830 1075 1076
f 831 1077 832
f 831 1076 1077
f 832 1078 833
f 832 1077 1078
f 833 1079 834
f 833 1078 1079
f 834 1080 835
f 834 1079 1080
f 835 1081 836
f 835 1080 1081
f 836 1082 837
f 836 1081 1082
f 837 1083 838
f 837 1082 1083
f 838 1084 839
f 838 1083 1084
f 839 1085 840
f 839 1084 1085
f 840 1086 841
f 840 1085 1086
f 841 1087 842
f 841 1086 1087
f 842 1088 843
f 842 1087 1088
f 843 1089 844
f 843 1088 1089
f 844 1090 845
f 844 1089 1090
f 845 1091 846
f 845 1090 1091
f 846 1092 847
f 846 1091 1092
f 847 1093 848
f 847 1092 1093
f 848 1094 849
f 848 1093 1094
f 849 1095 850
f 849 1094 1095
f 850 1096 851
f 850 1095 1096
f 851 1097 852
f 851 1096 1097
f 852 1098 853
f 852 1097 1098
f 853 1099 854
f 853 1098 1099
f 854 1100 855
f 854 1099 1100
f 855 1101 856
f 855 1100 1101
f 856 1102 857
f 856 1101 1102
f 857 1103 858
f 857 1102 1103
f 858 1104 859
f 858 1103 1104
f 859 1105 860
f 859 1104 1105
f 860 1106 861
f 860 1105 1106
f 861 1107 862
f 861 1106 1107
f 862 1108 863
f 862 1107 1108
f 863 1109 864
f 863 1108 1109
f 864 1110 865
f 864 1109 1110
f 865 1111 866
f 865 1110 1111
f 866 1112 867
f 866 1111 1112
f 867 1113 868
f 867 1112 1113
f 868 1114 869
f 868 1113 1114
f 869 1115 870
f 869 1114 1115
f 870 1116 871
f 870 1115 1116
f 871 1117 872
f 871 1116 1117
f 872 1118 873
f 872 1117 1118
f 873 1119 874
f 873 1118 1119
f 874 1120 875
f 874 1119 1120
f 875 1121 876
f 875 1120 1121
f 876 1122 877
f 876 1121 1122
f 877 1123 878
f 877 1122 1123
f 878 1124 879
f 878 1123 1124
f 879 1125 880
f 879 1124 1125
f 880 1126 881
f 880 1125 1126
f 881 1127 882
f 881 1126 1127
f 882 1128 883
f 882 1127 1128
f 883 1129 884
f 883 1128 1129
f 884 1130 885
f 884 1129 1130
f 885 1131 886
f 885 1130 1131
f 886 1132 887
f 886 1131 1132
f 887 1133 888
f 887 1132 1133
f 888 1134 889
f 888 1133 1134
f 889 1135 890
f 889 1134 1135
f 890 1136 891
f 890 1135 1136
f 891 1137 892
f 891 1136 1137
f 892 1138 893
f 892 1137 1138
f 893 1139 894
f 893 1138 1139
f 894 1140 895
f 894 1139 1140
f 895 1141 896
f 895 1140 1141
f 896 1142 897
f 896 1141 1142
f 897 1143 898
f 897 1142 1143
f 898 1144 899
f 898 1143 1144
f 899 1145 900
f 899 1144 1145
f 900 1146 901
f 900 1145 1146
f 901 1147 902
f 901 1146 1147
f 902 1148 903
f 902 1147 1148
f 903 1149 904
f 903 1148 1149
f 904 1150 905
f 904 1149 1150
f 905 1151 906
f 905 1150 1151
f 906 1152 907
f 906 1151 1152
f 907 1153 908
f 907 1152 1153
f 908 1154 909
f 908 1153 1154
f 909 1155 910
f 909 1154 1155
f 910 1156 911
f 910 1155 1156
f 911 1157 912
f 911 1156 1157
f 912 1158 913
f 912 1157 1158
f 913 1159 914
f 913 1158 1159
f 914 1160 915
f 914 1159 1160
f 915 1161 916
f 915 1160 1161
f 916 1162 917
f 916 1161 1162
f 917 1163 918
f 917 1162 1163
f 918 1164 919
f 918 1163 1164
f 919 1165 920
f 919 1164 1165
f 920 1166 921
f 920 1165 1166
f 921 1167 922
f 921 1166 1167
f 922 1168 923
f 922 1167 1168
f 923 1169 924
f 923 1168 1169
f 924 1170 925
f 924 1169 1170
f 925 1171 926
f 925 1170 1171
f 926 1172 927
f 926 1171 1172
f 927 1173 928
f 927 1172 1173
f 928 1174 929
f 928 1173 1174
f 929 1175 930
f 929 1174 1175
f 930 1176 931
f 930 1175 1176
f 931 1177 932
f 931 1176 1177
f 932 1178 933
f 932 1177 1178
f 933 1179 934
f 933 1178 1179
f 934 1180 935
f 934 1179 1180
f 935 1181 936
f 935 1180 1181
f 936 1182 937
f 936 1181 1182
f 937 1183 938
f 937 1182 1183
f 938 1184 939
f 938 1183 1184
f 939 1185 940
f 939 1184 1185
f 940 1186 941
f 940 1185 1186
f 941 1187 942
f 941 1186 1187
f 942 1188 943
f 942 1187 1188
f 943 1189 944
f 943 1188 1189
f 944 1190 945
f 944 1189 1190
f 945 1191 946
f 945 1190 1191
f 946 1192 947
f 946 1191 1192
f 947 1193 948
f 947 1192 1193
f 948 1194 949
f 948 1193 1194
f 949 1195 950
f 949 1194 1195
f 950 1196 951
f 950 1195 1196
f 951 1197 952
f 951 1196 1197
f 952 1198 953
f 952 1197 1198
f 953 1199 954
f 953 1198 1199
f 954 1200 955
f 954 1199 1200
f 955 1201 956
f 955 1200 1201
f 956 1202 957
f 956 1201 1202
f 957 1203 958
f 957 1202 1203
f 958 1204 959
f 958 1203 1204
f 959 1205 960
f 959 1204 1205
f 960 1206 961
f 960 1205 1206
f 961 1207 962
f 961 1206 1207
f 962 1208 963
f 962 1207 1208
f 963 1209 964
f 963 1208 1209
f 964 1210 965
f 964 1209 1210
f 965 1211 966
f 965 1210 1211
f 966 1212 967
f 966 1211 1212
f 967 1213 968
f 967 1212 1213
f 968 1214 969
f 968 1213 1214
f 969 1215 970
f 969 1214 1215
f 970 1216 971
f 970 1215 1216
f 971 1217 972
f 971 1216 1217
f 972 1218 973
f 972 1217 1218
f 973 1219 974
f 973 1218 1219
f 974 1220 975
f 974 1219 1220
f 975 1221 976
f 975 1220 1221
f 976 1222 977
f 976 1221 1222
f 977 1223 978
f 977 1222 1223
f 978 1224 979
f 978 1223 1224
f 979 1225 980
f 979 1224 1225
f 981 1227 982
f 981 1226 1227
f 982 1228 983
f 982 1227 1228
f 983 1229 984
f 983 1228 1229
f 984 1230 985
f 984 1229 1230
f 985 1231 986
f 985 1230 1231
f 986 1232 987
f 986 1231 1232
f 987 1233 988
f 987 1232 1233
f 988 1234 989
f 988 1233 1234
f 989 1235 990
f 989 1234 1235
f 990 1236 991
f 990 1235 1236
f 991 1237 992
f 991 1236 1237
f 992 1238 993
f 992 1237 1238
f 993 1239 994
f 993 1238 1239
f 994 1240 995
f 994 1239 1240
f 995 1241 996
f 995 1240 1241
f 996 1242 997
f 996 1241 1242
f 997 1243 998
f 997 1242 1243
f 998 1244 999
f 998 1243 1244
f 999 1245 1000
f 999 1244 1245
f 1000 1246 1001
f 1000 1245 1246
f 1001 1247 1002
f 1001 1246 1247
f 1002 1248 1003
f 1002 1247 1248
f 1003 1249 1004
f 1003 1248 1249
f 1004 1250 1005
f 1004 1249 1250
f 1005 1251 1006
f 1005 1250 1251
f 1006 1252 1007
f 1006 1251 1252
f 1007 1253 1008
f 1007 1252 1253
f 1008 1254 1009
f 1008 1253 1254
f 1009 1255 1010
f 1009 1254 1255
f 1010 1256 1011
f 1010 1255 1256
f 1011 1257 1012
f 1011 1256 1257
f 1012 1258 1013
f 1012 1257 1258
f 1013 1259 1014
f 1013 1258 1259
f 1014 1260 1015
f 1014 1259 1260
f 1015 1261 1016
f 1015 1260 1261
f 1016 1262 1017
f 1016 1261 1262
f 1017 1263 1018
f 1017 1262 1263
f 1018 1264 1019
f 1018 1263 1264
f 1019 1265 1020
f 1019 1264 1265
f 1020 1266 1021
f 1020 1265 1266
f 1021 1267 1022
f 1021 1266 1267
f 1022 1268 1023
f 1022 1267 1268
f 1023 1269 1024
f 1023 1268 1269
f 1024 1270 1025
f 1024 1269 1270
f 1025 1271 1026
f 1025 1270 1271
f 1026 1272 1027
f 1026 1271 1272
f 1027 1273 1028
f 1027 1272 1273
f 1028 1274 1029
f 1028 1273 1274
f 1029 1275 1030
f 1029 1274 1275
f 1030 1276 1031
f 1030 1275 1276
f 1031 1277 1032
f 1031 1276 1277
f 1032 1278 1033
f 1032 1277 1278
f 1033 1279 1034
f 1033 1278 1279
f 1034 1280 1035
f 1034 1279 1280
f 1035 1281 1036
f 1035 1280 1281
f 1036 1282 1037
f 1036 1281 1282
f 1037 1283 1038
f 1037 1282 1283
f 1038 1284 1039
f 1038 1283 1284
f 1039 1285 1040
f 1039 1284 1285
f 1040 1286 1041
f 1040 1285 1286
f 1041 1287 1042
f 1041 1286 1287
f 1042 1288 1043
f 1042 1287 1288
f 1043 1289 1044
f 1043 1288 1289
f 1044 1290 1045
f 1044 1289 1290
f 1045 1291 1046
f 1045 1290 1291
f 1046 1292 1047
f 1046 1291 1292
f 1047 1293 1048
f 1047 1292 1293
f 1048 1294 1049
f 1048 1293 1294
f 1049 1295 1050
f 1049 1294 1295
f 1050 1296 1051
f 1050 1295 1296
f 1051 1297 1052
f 1051 1296 1297
f 1052 1298 1053
f 1052 1297 1298
f 1053 1299 1054
f 1053 1298 1299
f 1054 1300 1055
f 1054 1299 1300
f 1055 1301 1056
f 1055 1300 1301
f 1056 1302 1057
f 1056 1301 1302
f 1057 1303 1058
f 1057 1302 1303
f 1058 1304 1059
f 1058 1303 1304
f 1059 1305 1060
f 1059 1304 1305
f 1060 1306 1061
f 1060 1305 1306
f 1061 1307 1062
f 1061 1306 1307
f 1062 1308 1063
f 1062 1307 1308
f 1063 1309 1064
f 1063 1308 1309
f 1064 1310 1065
f 1064 1309 1310
f 1065 1311 1066
f 1065 1310 1311
f 1066 1312 1067
f 1066 1311 1312
f 1067 1313 1068
f 1067 1312 1313
f 1068 1314 1069
f 1068 1313 1314
f 1069 1315 1070
f 1069 1314 1315
f 1070 1316 1071
f 1070 1315 1316
f 1071 1317 1072
f 1071 1316 1317
f 1072 1318 1073
f 1072 1317 1318
f 1073 1319 1074
f 1073 1318 1319
f 1074 1320 1075
f 1074 1319 1320
f 1075 1321 1076
f 1075 1320 1321
f 1076 1322 1077
f 1076 1321 1322
f 1077 1323 1078
f 1077 1322 1323
f 1078 1324 1079
f 1078 1323 1324
f 1079 1325 1080
f 1079 1324 1325
f 1080 1326 1081
f 1080 1325 1326
f 1081 1327 1082
f 1081 1326 1327
f 1082 1328 1083
f 1082 1327 1328
f 1083 1329 1084
f 1083 1328 1329
f 1084 1330 1085
f 1084 1329 1330
f 1085 1331 1086
f 1085 1330 1331
f 1086 1332 1087
f 1086 1331 1332
f 1087 1333 1088
f 1087 1332 1333
f 1088 1334 1089
f 1088 1333 1334
f 1089 1335 1090
f 1089 1334 1335
f 1090 1336 1091
f 1090 1335 1336
f 1091 1337 1092
f 1091 1336 1337
f 1092 1338 1093
f 1092 1337 1338
f 1093 1339 1094
f 1093 1338 1339
f 1094 1340 1095
f 1094 1339 1340
f 1095 1341 1096
f 1095 1340 1341
f 1096 1342 1097
f 1096 1341 1342
f 1097 1343 1098
f 1097 1342 1343
f 1098 1344 1099
f 1098 1343 1344
f 1099 1345 1100
f 1099 1344 1345
f 1100 1346 1101
f 1100 1345 1346
f 1101 1347 1102
f 1101 1346 1347
f 1102 1348 1103
f 1102 1347 1348
f 1103 1349 1104
f 1103 1348 1349
f 1104 1350 1105
f 1104 1349 1350
f 1105 1351 1106
f 1105 1350 1351
f 1106 1352 1107
f 1106 1351 1352
f 1107 1353 1108
f 1107 1352 1353
f 1108 1354 1109
f 1108 1353 1354
f 1109 1355 1110
f 1109 1354 1355
f 1110 1356 1111
f 1110 1355 1356
f 1111 1357 1112
f 1111 1356 1357
f 1112 1358 1113
f 1112 1357 1358
f 1113 1359 1114
f 1113 1358 1359
f 1114 1360 1115
f 1114 1359 1360
f 1115 1361 1116
f 1115 1360 1361
f 1116 1362 1117
f 1116 1361 1362
f 1117 1363 1118
f 1117 1362 1363
f 1118 1364 1119
f 1118 1363 1364
f 1119 1365 1120
f 1119 1364 1365
f 1120 1366 1121
f 1120 1365 1366
f 1121 1367 1122
f 1121 1366 1367
f 1122 1368 1123
f 1122 1367 1368
f 1123 1369 1124
f 1123 1368 1369
f 1124 1370 1125
f 1124 1369 1370
f 1125 1371 1126
f 1125 1370 1371
f 1126 1372 1127
f 1126 1371 1372
f 1127 1373 1128
f 1127 1372 1373
f 1128 1374 1129
f 1128 1373 1374
f 1129 1375 1130
f 1129 1374 1375
f 1130 1376 1131
f 1130 1375 1376
f 1131 1377 1132
f 1131 1376 1377
f 1132 1378 1133
f 1132 1377 1378
f 1133 1379 1134
f 1133 1378 1379
f 1134 1380 1135
f 1134 1379 1380
f 1135 1381 1136
f 1135 1380 1381
f 1136 1382 1137
f 1136 1381 1382
f 1137 1383 1138
f 1137 1382 1383
f 1138 1384 1139
f 1138 1383 1384
f 1139 1385 1140
f 1139 1384 1385
f 1140 1386 1141
f 1140 1385 1386
f 1141 1387 1142
f 1141 1386 1387
f 1142 1388 1143
f 1142 1387 1388
f 1143 1389 1144
f 1143 1388 1389
f 1144 1390 1145
f 1144 1389 1390
f 1145 1391 1146
f 1145 1390 1391
f 1146 1392 1147
f 1146 1391 1392
f 1147 1393 1148
f 1147 1392 1393
f 1148 1394 1149
f 1148 1393 1394
f 1149 1395 1150
f 1149 1394 1395
f 1150 1396 1151
f 1150 1395 1396
f 1151 1397 1152
f 1151 1396 1397
f 1152 1398 1153
f 1152 1397 1398
f 1153 1399 1154
f 1153 1398 1399
f 1154 1400 1155
f 1154 1399 1400
f 1155 1401 1156
f 1155 1400 1401
f 1156 1402 1157
f 1156 1401 1402
f 1157 1403 1158
f 1157 1402 1403
f 1158 1404 1159
f 1158 1403 1404
f 1159 1405 1160
f 1159 1404 1405
f 1160 1406 1161
f 1160 1405 1406
f 1161 1407 1162
f 1161 1406 1407
f 1162 1408 1163
f 1162 1407 1408
f 1163 1409 1164
f 1163 1408 1409
f 1164 1410 1165
f 1164 1409 1410
f 1165 1411 1166
f 1165 1410 1411
f 1166 1412 1167
f 1166 1411 1412
f 1167 1413 1168
f 1167 1412 1413
f 1168 1414 1169
f 1168 1413 1414
f 1169 1415 1170
f 1169 1414 1415
f 1170 1416 1171
f 1170 1415 1416
f 1171 1417 1172
f 1171 1416 1417
f 1172 1418 1173
f 1172 1417 1418
f 1173 1419 1174
f 1173 1418 1419
f 1174 1420 1175
f 1174 1419 1420
f 1175 1421 1176
f 1175 1420 1421
f 1176 1422 1177
f 1176 1421 1422
f 1177 1423 1178
f 1177 1422 1423
f 1178 1424 1179
f 1178 1423 1424
f 1179 1425 1180
f 1179 1424 1425
f 1180 1426 1181
f 1180 1425 1426
f 1181 1427 1182
f 1181 1426 1427
f 1182 1428 1183
f 1182 1427 1428
f 1183 1429 1184
f 1183 1428 1429
f 1184 1430 1185
f 1184 1429 1430
f 1185 1431 1186
f 1185 1430 1431
f 1186 1432 1187
f 1186 1431 1432
f 1187 1433 1188
f 1187 1432 1433
f 1188 1434 1189
f 1188 1433 1434
f 1189 1435 1190
f 1189 1434 1435
f 1190 1436 1191
f 1190 1435 1436
f 1191 1437 1192
f 1191 1436 1437
f 1192 1438 1193
f 1192 1437 1438
f 1193 1439 1194
f 1193 1438 1439
f 1194 1440 1195
f 1194 1439 1440
f 1195 1441 1196
f 1195 1440 1441
f 1196 1442 1197
f 1196 1441 1442
f 1197 1443 1198
f 1197 1442 1443
f 1198 1444 1199
f 1198 1443 1444
f 1199 1445 1200
f 1199 1444 1445
f 1200 1446 1201
f 1200 1445 1446
f 1201 1447 1202
f 1201 1446 1447
f 1202 1448 1203
f 1202 1447 1448
f 1203 1449 1204
f 1203 1448 1449
f 1204 1450 1205
f 1204 1449 1450
f 1205 1451 1206
f 1205 1450 1451
f 1206 1452 1207
f 1206 1451 1452
f 1207 1453 1208
f 1207 1452 1453
f 1208 1454 1209
f 1208 1453 1454
f 1209 1455 1210
f 1209 1454 1455
f 1210 1456 1211
f 1210 1455 1456
f 1211 1457 1212
f 1211 1456 1457
f 1212 1458 1213
f 1212 1457 1458
f 1213 1459 1214
f 1213 1458 1459
f 1214 1460 1215
f 1214 1459 1460
f 1215 1461 1216
f 1215 1460 1461
f 1216 1462 1217
f 1216 1461 1462
f 1217 1463 1218
f 1217 1462 1463
f 1218 1464 1219
f 1218 1463 1464
f 1219 1465 1220
f 1219 1464 1465
f 1220 1466 1221
f 1220 1465 1466
f 1221 1467 1222
f 1221 1466 1467
f 1222 1468 1223
f 1222 1467 1468
f 1223 1469 1224
f 1223 1468 1469
f 1224 1470 1225
f 1224 1469 1470
f 1226 1472 1227
f 1226 1471 1472
f 1227 1473 1228
f 1227 1472 1473
f 1228 1474 1229
f 1228 1473 1474
f 1229 1475 1230
f 1229 1474 1475
f 1230 1476 1231
f 1230 1475 1476
f 1231 1477 1232
f 1231 1476 1477
f 1232 1478 1233
f 1232 1477 1478
f 1233 1479 1234
f 1233 1478 1479
f 1234 1480 1235
f 1234 1479 1480
f 1235 1481 1236
f 1235 1480 1481
f 1236 1482 1237
f 1236 1481 1482
f 1237 1483 1238
f 1237 1482 1483
f 1238 1484 1239
f 1238 1483 1484
f 1239 1485 1240
f 1239 1484 1485
f 1240 1486 1241
f 1240 1485 1486
f 1241 1487 1242
f 1241 1486 1487
f 1242 1488 1243
f 1242 1487 1488
f 1243 1489 1244
f 1243 1488 1489
f 1244 1490 1245
f 1244 1489 1490
f 1245 1491 1246
f 1245 1490 1491
f 1246 1492 1247
f 1246 1491 1492
f 1247 1493 1248
f 1247 1492 1493
f 1248 1494 1249
f 1248 1493 1494
f 1249 1495 1250
f 1249 1494 1495
f 1250 1496 1251
f 1250 1495 1496
f 1251 1497 1252
f 1251 1496 1497
f 1252 1498 1253
f 1252 1497 1498
f 1253 1499 1254
f 1253 1498 1499
f 1254 1500 1255
f 1254 1499 1500
f 1255 1501 1256
f 1255 1500 1501
f 1256 1502 1257
f 1256 1501 1502
f 1257 1503 1258
f 1257 1502 1503
f 1258 1504 1259
f 1258 1503 1504
f 1259 1505 1260
f 1259 1504 1505
f 1260 1506 1261
f 1260 1505 1506
f 1261 1507 1262
f 1261 1506 1507
f 1262 1508 1263
f 1262 1507 1508
f 1263 1509 1264
f 1263 1508 1509
f 1264 1510 1265
f 1264 1509 1510
f 1265 1511 1266
f 1265 1510 1511
f 1266 1512 1267
f 1266 1511 1512
f 1267 1513 1268
f 1267 1512 1513
f 1268 1514 1269
f 1268 1513 1514
f 1269 1515 1270
f 1269 1514 1515
f 1270 1516 1271
f 1270 1515 1516
f 1271 1517 1272
f 1271 1516 1517
f 1272 1518 1273
f 1272 1517 1518
f 1273 1519 1274
f 1273 1518 1519
f 1274 1520 1275
f 1274 1519 1520
f 1275 1521 1276
f 1275 1520 1521
f 1276 1522 1277
f 1276 1521 1522
f 1277 1523 1278
f 1277 1522 1523
f 1278 1524 1279
f 1278 1523 1524
f 1279 1525 1280
f 1279 1524 1525
f 1280 1526 1281
f 1280 1525 1526
f 1281 1527 1282
f 1281 1526 1527
f 1282 1528 1283
f 1282 1527 1528
f 1283 1529 1284
f 1283 1528 1529
f 1284 1530 1285
f 1284 1529 1530
f 1285 1531 1286
f 1285 1530 1531
f 1286 1532 1287
f 1286 1531 1532
f 1287 1533 1288
f 1287 1532 1533
f 1288 1534 1289
f 1288 1533 1534
f 1289 1535 1290
f 1289 1534 1535
f 1290 1536 1291
f 1290 1535 1536
f 1291 1537 1292
f 1291 1536 1537
f 1292 1538 1293
f 1292 1537 1538
f 1293 1539 1294
f 1293 1538 1539
f 1294 1540 1295
f 1294 1539 1540
f 1295 1541 1296
f 1295 1540 1541
f 1296 1542 1297
f 1296 1541 1542
f 1297 1543 1298
f 1297 1542 1543
f 1298 1544 1299
f 1298 1543 1544
f 1299 1545 1300
f 1299 1544 1545
f 1300 1546 1301
f 1300 1545 1546
f 1301 1547 1302
f 1301 1546 1547
f 1302 1548 1303
f 1302 1547 1548
f 1303 1549 1304
f 1303 1548 1549
f 1304 1550 1305
f 1304 1549 1550
f 1305 1551 1306
f 1305 1550 1551
f 1306 1552 1307
f 1306 1551 1552
f 1307 1553 1308
f 1307 1552 1553
f 1308 1554 1309
f 1308 1553 1554
f 1309 1555 1310
f 1309 1554 1555
f 1310 1556 1311
f 1310 1555 1556
f 1311 1557 1312
f 1311 1556 1557
f 1312 1558 1313
f 1312 1557 1558
f 1313 1559 1314
f 1313 1558 1559
f 1314 1560 1315
f 1314 1559 1560
f 1315 1561 1316
f 1315 1560 1561
f 1316 1562 1317
f 1316 1561 1562
f 1317 1563 1318
f 1317 1562 1563
f 1318 1564 1319
f 1318 1563 1564
f 1319 1565 1320
f 1319 1564 1565
f 1320 1566 1321
f 1320 1565 1566
f 1321 1567 1322
f 1321 1566 1567
f 1322 1568 1323
f 1322 1567 1568
f 1323 1569 1324
f 1323 1568 1569
f 1324 1570 1325
f 1324 1569 1570
f 1325 1571 1326
f 1325 1570 1571
f 1326 1572 1327
f 1326 1571 1572
f 1327 1573 1328
f 1327 1572 1573
f 1328 1574 1329
f 1328 1573 1574
f 1329 1575 1330
f 1329 1574 1575
f 1330 1576 1331
f 1330 1575 1576
f 1331 1577 1332
f 1331 1576 1577
f 1332 1578 1333
f 1332 1577 1578
f 1333 1579 1334
f 1333 1578 1579
f 1334 1580 1335
f 1334 1579 1580
f 1335 1581 1336
f 1335 1580 1581
f 1336 1582 1337
f 1336 1581 1582
f 1337 1583 1338
f 1337 1582 1583
f 1338 1584 1339
f 1338 1583 1584
f 1339 1585 1340
f 1339 1584 1585
f 1340 1586 1341
f 1340 1585 1586
f 1341 1587 1342
f 1341 1586 1587
f 1342 1588 1343
f 1342 1587 1588
f 1343 1589 1344
f 1343 1588 1589
f 1344 1590 1345
f 1344 1589 1590
f 1345 1591 1346
f 1345 1590 1591
f 1346 1592 1347
f 1346 1591 1592
f 1347 1593 1348
f 1347 1592 1593
f 1348 1594 1349
f 1348 1593 1594
f 1349 1595 1350
f 1349 1594 1595
f 1350 1596 1351
f 1350 1595 1596
f 1351 1597 1352
f 1351 1596 1597
f 1352 1598 1353
f 1352 1597 1598
f 1353 1599 1354
f 1353 1598 1599
f 1354 1600 1355
f 1354 1599 1600
f 1355 1601 1356
f 1355 1600 1601
f 1356 1602 1357
f 1356 1601 1602
f 1357 1603 1358
f 1357 1602 1603
f 1358 1604 1359
f 1358 1603 1604
f 1359 1605 1360
f 1359 1604 1605
f 1360 1606 1361
f 1360 1605 1606
f 1361 1607 1362
f 1361 1606 1607
f 1362 1608 1363
f 1362 1607 1608
f 1363 1609 1364
f 1363 1608 1609
f 1364 1610 1365
f 1364 1609 1610
f 1365 1611 1366
f 1365 1610 1611
f 1366 1612 1367
f 1366 1611 1612
f 1367 1613 1368
f 1367 1612 1613
f 1368 1614 1369
f 1368 1613 1614
f 1369 1615 1370
f 1369 1614 1615
f 1370 1616 1371
f 1370 1615 1616
f 1371 1617 1372
f 1371 1616 1617
f 1372 1618 1373
f 1372 1617 1618
f 1373 1619 1374
f 1373 1618 1619
f 1374 1620 1375
f 1374 1619 1620
f 1375 1621 1376
f 1375 1620 1621
f 1376 1622 1377
f 1376 1621 1622
f 1377 1623 1378
f 1377 1622 1623
f 1378 1624 1379
f 1378 1623 1624
f 1379 1625 1380
f 1379 1624 1625
f 1380 1626 1381
f 1380 1625 1626
f 1381 1627 1382
f 1381 1626 1627
f 1382 1628 1383
f 1382 1627 1628
f 1383 1629 1384
f 1383 1628 1629
f 1384 1630 1385
f 1384 1629 1630
f 1385 1631 1386
f 1385 1630 1631
f 1386 1632 1387
f 1386 1631 1632
f 1387 1633 1388
f 1387 1632 1633
f 1388 1634 1389
f 1388 1633 1634
f 1389 1635 1390
f 1389 1634 1635
f 1390 1636 1391
f 1390 1635 1636
f 1391 1637 1392
f 1391 1636 1637
f 1392 1638 1393
f 1392 1637 1638
f 1393 1639 1394
f 1393 1638 1639
f 1394 1640 1395
f 1394 1639 1640
f 1395 1641 1396
f 1395 1640 1641
f 1396 1642 1397
f 1396 1641 1642
f 1397 1643 1398
f 1397 1642 1643
f 1398 1644 1399
f 1398 1643 1644
f 1399 1645 1400
f 1399 1644 1645
f 1400 1646 1401
f 1400 1645 1646
f 1401 1647 1402
f 1401 1646 1647
f 1402 1648 1403
f 1402 1647 1648
f 1403 1649 1404
f 1403 1648 1649
f 1404 1650 1405
f 1404 1649 1650
f 1405 1651 1406
f 1405 1650 1651
f 1406 1652 1407
f 1406 1651 1652
f 1407 1653 1408
f 1407 1652 1653
f 1408 1654 1409
f 1408 1653 1654
f 1409 1655 1410
f 1409 1654 1655
f 1410 1656 1411
f 1410 1655 1656
f 1411 1657 1412
f 1411 1656 1657
f 1412 1658 1413
f 1412 1657 1658
f 1413 1659 1414
f 1413 1658 1659
f 1414 1660 1415
f 1414 1659 1660
f 1415 1661 1416
f 1415 1660 1661
f 1416 1662 1417
f 1416 1661 1662
f 1417 1663 1418
f 1417 1662 1663
f 1418 1664 1419
f 1418 1663 1664
f 1419 1665 1420
f 1419 1664 1665
f 1420 1666 1421
f 1420 1665 1666
f 1421 1667 1422
f 1421 1666 1667
f 1422 1668 1423
f 1422 1667 1668
f 1423 1669 1424
f 1423 1668 1669
f 1424 1670 1425
f 1424 1669 1670
f 1425 1671 1426
f 1425 1670 1671
f 1426 1672 1427
f 1426 1671 1672
f 1427 1673 1428
f 1427 1672 1673
f 1428 1674 1429
f 1428 1673 1674
f 1429 1675 1430
f 1429 1674 1675
f 1430 1676 1431
f 1430 1675 1676
f 1431 1677 1432
f 1431 1676 1677
f 1432 1678 1433
f 1432 1677 1678
f 1433 1679 1434
f 1433 1678 1679
f 1434 1680 1435
f 1434 1679 1680
f 1435 1681 1436
f 1435 1680 1681
f 1436 1682 1437
f 1436 1681 1682
f 1437 1683 1438
f 1437 1682 1683
f 1438 1684 1439
f 1438 1683 1684
f 1439 1685 1440
f 1439 1684 1685
f 1440 1686 1441
f 1440 1685 1686
f 1441 1687 1442
f 1441 1686 1687
f 1442 1688 1443
f 1442 1687 1688
f 1443 1689 1444
f 1443 1688 1689
f 1444 1690 1445
f 1444 1689 1690
f 1445 1691 1446
f 1445 1690 1691
f 1446 1692 1447
f 1446 1691 1692
f 1447 1693 1448
f 1447 1692 1693
f 1448 1694 1449
f 1448 1693 1694
f 1449 1695 1450
f 1449 1694 1695
f 1450 1696 1451
f 1450 1695 1696
f 1451 1697 1452
f 1451 1696 1697
f 1452 1698 1453
f 1452 1697 1698
f 1453 1699 1454
f 1453 1698 1699
f 1454 1700 1455
f 1454 1699 1700
f 1455 1701 1456
f 1455 1700 1701
f 1456 1702 1457
f 1456 1701 1702
f 1457 1703 1458
f 1457 1702 1703
f 1458 1704 1459
f 1458 1703 1704
f 1459 1705 1460
f 1459 1704 1705
f 1460 1706 1461
f 1460 1705 1706
f 1461 1707 1462
f 1461 1706 1707
f 1462 1708 1463
f 1462 1707 1708
f 1463 1709 1464
f 1463 1708 1709
f 1464 1710 1465
f 1464 1709 1710
f 1465 1711 1466
f 1465 1710 1711
f 1466 1712 1467
f 1466 1711 1712
f 1467 1713 1468
f 1467 1712 1713
f 1468 1714 1469
f 1468 1713 1714
f 1469 1715 1470
f 1469 1714 1715
f 1471 1717 1472
f 1471 1716 1717
f 1472 1718 1473
f 1472 1717 1718
f 1473 1719 1474
f 1473 1718 1719
f 1474 1720 1475
f 1474 1719 1720
f 1475 1721 1476
f 1475 1720 1721
f 1476 1722 1477
f 1476 1721 1722
f 1477 1723 1478
f 1477 1722 1723
f 1478 1724 1479
f 1478 1723 1724
f 1479 1725 1480
f 1479 1724 1725
f 1480 1726 1481
f 1480 1725 1726
f 1481 1727 1482
f 1481 1726 1727
f 1482 1728 1483
f 1482 1727 1728
f 1483 1729 1484
f 1483 1728 1729
f 1484 1730 1485
f 1484 1729 1730
f 1485 1731 1486
f 1485 1730 1731
f 1486 1732 1487
f 1486 1731 1732
f 1487 1733 1488
f 1487 1732 1733
f 1488 1734 1489
f 1488 1733 1734
f 1489 1735 1490
f 1489 1734 1735
f 1490 1736 1491
f 1490 1735 1736
f 1491 1737 1492
f 1491 1736 1737
f 1492 1738 1493
f 1492 1737 1738
f 1493 1739 1494
f 1493 1738 1739
f 1494 1740 1495
f 1494 1739 1740
f 1495 1741 1496
f 1495 1740 1741
f 1496 1742 1497
f 1496 1741 1742
f 1497 1743 1498
f 1497 1742 1743
f 1498 1744 1499
f 1498 1743 1744
f 1499 1745 1500
f 1499 1744 1745
f 1500 1746 1501
f 1500 1745 1746
f 1501 1747 1502
f 1501 1746 1747
f 1502 1748 1503
f 1502 1747 1748
f 1503 1749 1504
f 1503 1748 1749
f 1504 1750 1505
f 1504 1749 1750
f 1505 1751 1506
f 1505 1750 1751
f 1506 1752 1507
f 1506 1751 1752
f 1507 1753 1508
f 1507 1752 1753
f 1508 1754 1509
f 1508 1753 1754
f 1509 1755 1510
f 1509 1754 1755
f 1510 1756 1511
f 1510 1755 1756
f 1511 1757 1512
f 1511 1756 1757
f 1512 1758 1513
f 1512 1757 1758
f 1513 1759 1514
f 1513 1758 1759
f 1514 1760 1515
f 1514 1759 1760
f 1515 1761 1516
f 1515 1760 1761
f 1516 1762 1517
f 1516 1761 1762
f 1517 1763 1518
f 1517 1762 1763
f 1518 1764 1519
f 1518 1763 1764
f 1519 1765 1520
f 1519 1764 1765
f 1520 1766 1521
f 1520 1765 1766
f 1521 1767 1522
f 1521 1766 1767
f 1522 1768 1523
f 1522 1767 1768
f 1523 1769 1524
f 1523 1768 1769
f 1524 1770 1525
f 1524 1769 1770
f 1525 1771 1526
f 1525 1770 1771
f 1526 1772 1527
f 1526 1771 1772
f 1527 1773 1528
f 1527 1772 1773
f 1528 1774 1529
f 1528 1773 1774
f 1529 1775 1530
f 1529 1774 1775
f 1530 1776 1531
f 1530 1775 1776
f 1531 1777 1532
f 1531 1776 1777
f 1532 1778 1533
f 1532 1777 1778
f 1533 1779 1534
f 1533 1778 1779
f 1534 1780 1535
f 1534 1779 1780
f 1535 1781 1536
f 1535 1780 1781
f 1536 1782 1537
f 1536 1781 1782
f 1537 1783 1538
f 1537 1782 1783
f 1538 1784 1539
f 1538 1783 1784
f 1539 1785 1540
f 1539 1784 1785
f 1540 1786 1541
f 1540 1785 1786
f 1541 1787 1542
f 1541 1786 1787
f 1542 1788 1543
f 1542 1787 1788
f 1543 1789 1544
f 1543 1788 1789
f 1544 1790 1545
f 1544 1789 1790
f 1545 1791 1546
f 1545 1790 1791
f 1546 1792 1547
f 1546 1791 1792
f 1547 1793 1548
f 1547 1792 1793
f 1548 1794 1549
f 1548 1793 1794
f 1549 1795 1550
f 1549 1794 1795
f 1550 1796 1551
f 1550 1795 1796
f 1551 1797 1552
f 1551 1796 1797
f 1552 1798 1553
f 1552 1797 1798
f 1553 1799 1554
f 1553 1798 1799
f 1554 1800 1555
f 1554 1799 1800
f 1555 1801 1556
f 1555 1800 1801
f 1556 1802 1557
f 1556 1801 1802
f 1557 1803 1558
f 1557 1802 1803
f 1558 1804 1559
f 1558 1803 1804
f 1559 1805 1560
f 1559 1804 1805
f 1560 1806 1561
f 1560 1805 1806
f 1561 1807 1562
f 1561 1806 1807
f 1562 1808 1563
f 1562 1807 1808
f 1563 1809 1564
f 1563 1808 1809
f 1564 1810 1565
f 1564 1809 1810
f 1565 1811 1566
f 1565 1810 1811
f 1566 1812 1567
f 1566 1811 1812
f 1567 1813 1568
f 1567 1812 1813
f 1568 1814 1569
f 1568 1813 1814
f 1569 1815 1570
f 1569 1814 1815
f 1570 1816 1571
f 1570 1815 1816
f 1571 1817 1572
f 1571 1816 1817
f 1572 1818 1573
f 1572 1817 1818
f 1573 1819 1574
f 1573 1818 1819
f 1574 1820 1575
f 1574 1819 1820
f 1575 1821 1576
f 1575 1820 1821
f 1576 1822 1577
f 1576 1821 1822
f 1577 1823 1578
f 1577 1822 1823
f 1578 1824 1579
f 1578 1823 1824
f 1579 1825 1580
f 1579 1824 1825
f 1580 1826 1581
f 1580 1825 1826
f 1581 1827 1582
f 1581 1826 1827
f 1582 1828 1583
f 1582 1827 1828
f 1583 1829 1584
f 1583 1828 1829
f 1584 1830 1585
f 1584 1829 1830
f 1585 1831 1586
f 1585 1830 1831
f 1586 1832 1587
f 1586 1831 1832
f 1587 1833 1588
f 1587 1832 1833
f 1588 1834 1589
f 1588 1833 1834
f 1589 1835 1590
f 1589 1834 1835
f 1590 1836 1591
f 1590 1835 1836
f 1591 1837 1592
f 1591 1836 1837
f 1592 1838 1593
f 1592 1837 1838
f 1593 1839 1594
f 1593 1838 1839
f 1594 1840 1595
f 1594 1839 1840
f 1595 1841 1596
f 1595 1840 1841
f 1596 1842 1597
f 1596 1841 1842
f 1597 1843 1598
f 1597 1842 1843
f 1598 1844 1599
f 1598 1843 1844
f 1599 1845 1600
f 1599 1844 1845
f 1600 1846 1601
f 1600 1845 1846
f 1601 1847 1602
f 1601 1846 1847
f 1602 1848 1603
f 1602 1847 1848
f 1603 1849 1604
f 1603 1848 1849
f 1604 1850 1605
f 1604 1849 1850
f 1605 1851 1606
f 1605 1850 1851
f 1606 1852 1607
f 1606 1851 1852
f 1607 1853 1608
f 1607 1852 1853
f 1608 1854 1609
f 1608 1853 1854
f 1609 1855 1610
f 1609 1854 1855
f 1610 1856 1611
f 1610 1855 1856
f 1611 1857 1612
f 1611 1856 1857
f 1612 1858 1613
f 1612 1857 1858
f 1613 1859 1614
f 1613 1858 1859
f 1614 1860 1615
f 1614 1859 1860
f 1615 1861 1616
f 1615 1860 1861
f 1616 1862 1617
f 1616 1861 1862
f 1617 1863 1618
f 1617 1862 1863
f 1618 1864 1619
f 1618 1863 1864
f 1619 1865 1620
f 1619 1864 1865
f 1620 1866 1621
f 1620 1865 1866
f 1621 1867 1622
f 1621 1866 1867
f 1622 1868 1623
f 1622 1867 1868
f 1623 1869 1624
f 1623 1868 1869
f 1624 1870 1625
f 1624 1869 1870
f 1625 1871 1626
f 1625 1870 1871
f 1626 1872 1627
f 1626 1871 1872
f 1627 1873 1628
f 1627 1872 1873
f 1628 1874 1629
f 1628 1873 1874
f 1629 1875 1630
f 1629 1874 1875
f 1630 1876 1631
f 1630 1875 1876
f 1631 1877 1632
f 1631 1876 1877
f 1632 1878 1633
f 1632 1877 1878
f 1633 1879 1634
f 1633 1878 1879
f 1634 1880 1635
f 1634 1879 1880
f 1635 1881 1636
f 1635 1880 1881
f 1636 1882 1637
f 1636 1881 1882
f 1637 1883 1638
f 1637 1882 1883
f 1638 1884 1639
f 1638 1883 1884
f 1639 1885 1640
f 1639 1884 1885
f 1640 1886 1641
f 1640 1885 1886
f 1641 1887 1642
f 1641 1886 1887
f 1642 1888 1643
f 1642 1887 1888
f 1643 1889 1644
f 1643 1888 1889
f 1644 1890 1645
f 1644 1889 1890
f 1645 1891 1646
f 1645 1890 1891
f 1646 1892 1647
f 1646 1891 1892
f 1647 1893 1648
f 1647 1892 1893
f 1648 1894 1649
f 1648 1893 1894
f 1649 1895 1650
f 1649 1894 1895
f 1650 1896 1651
f 1650 1895 1896
f 1651 1897 1652
f 1651 1896 1897
f 1652 1898 1653
f 1652 1897 1898
f 1653 1899 1654
f 1653 1898 1899
f 1654 1900 1655
f 1654 1899 1900
f 1655 1901 1656
f 1655 1900 1901
f 1656 1902 1657
f 1656 1901 1902
f 1657 1903 1658
f 1657 1902 1903
f 1658 1904 1659
f 1658 1903 1904
f 1659 1905 1660
f 1659 1904 1905
f 1660 1906 1661
f 1660 1905 1906
f 1661 1907 1662
f 1661 1906 1907
f 1662 1908 1663
f 1662 1907 1908
f 1663 1909 1664
f 1663 1908 1909
f 1664 1910 1665
f 1664 1909 1910
f 1665 1911 1666
f 1665 1910 1911
f 1666 1912 1667
f 1666 1911 1912
f 1667 1913 1668
f 1667 1912 1913
f 1668 1914 1669
f 1668 1913 1914
f 1669 1915 1670
f 1669 1914 1915
f 1670 1916 1671
f 1670 1915 1916
f 1671 1917 1672
f 1671 1916 1917
f 1672 1918 1673
f 1672 1917 1918
f 1673 1919 1674
f 1673 1918 1919
f 1674 1920 1675
f 1674 1919 1920
f 1675 1921 1676
f 1675 1920 1921
f 1676 1922 1677
f 1676 1921 1922
f 1677 1923 1678
f 1677 1922 1923
f 1678 1924 1679
f 1678 1923 1924
f 1679 1925 1680
f 1679 1924 1925
f 1680 1926 1681
f 1680 1925 1926
f 1681 1927 1682
f 1681 1926 1927
f 1682 1928 1683
f 1682 1927 1928
f 1683 1929 1684
f 1683 1928 1929
f 1684 1930 1685
f 1684 1929 1930
f 1685 1931 1686
f 1685 1930 1931
f 1686 1932 1687
f 1686 1931 1932
f 1687 1933 1688
f 1687 1932 1933
f 1688 1934 1689
f 1688 1933 1934
f 1689 1935 1690
f 1689 1934 1935
f 1690 1936 1691
f 1690 1935 1936
f 1691 1937 1692
f 1691 1936 1937
f 1692 1938 1693
f 1692 1937 1938
f 1693 1939 1694
f 1693 1938 1939
f 1694 1940 1695
f 1694 1939 1940
f 1695 1941 1696
f 1695 1940 1941
f 1696 1942 1697
f 1696 1941 1942
f 1697 1943 1698
f 1697 1942 1943
f 1698 1944 1699
f 1698 1943 1944
f 1699 1945 1700
f 1699 1944 1945
f 1700 1946 1701
f 1700 1945 1946
f 1701 1947 1702
f 1701 1946 1947
f 1702 1948 1703
f 1702 1947 1948
f 1703 1949 1704
f 1703 1948 1949
f 1704 1950 1705
f 1704 1949 1950
f 1705 1951 1706
f 1705 1950 1951
f 1706 1952 1707
f 1706 1951 1952
f 1707 1953 1708
f 1707 1952 1953
f 1708 1954 1709
f 1708 1953 1954
f 1709 1955 1710
f 1709 1954 1955
f 1710 1956 1711
f 1710 1955 1956
f 1711 1957 1712
f 1711 1956 1957
f 1712 1958 1713
f 1712 1957 1958
f 1713 1959 1714
f 1713 1958 1959
f 1714 1960 1715
f 1714 1959 1960
f 1716 1962 1717
f 1716 1961 1962
f 1717 1963 1718
f 1717 1962 1963
f 1718 1964 1719
f 1718 1963 1964
f 1719 1965 1720
f 1719 1964 1965
f 1720 1966 1721
f 1720 1965 1966
f 1721 1967 1722
f 1721 1966 1967
f 1722 1968 1723
f 1722 1967 1968
f 1723 1969 1724
f 1723 1968 1969
f 1724 1970 1725
f 1724 1969 1970
f 1725 1971 1726
f 1725 1970 1971
f 1726 1972 1727
f 1726 1971 1972
f 1727 1973 1728
f 1727 1972 1973
f 1728 1974 1729
f 1728 1973 1974
f 1729 1975 1730
f 1729 1974 1975
f 1730 1976 1731
f 1730 1975 1976
f 1731 1977 1732
f 1731 1976 1977
f 1732 1978 1733
f 1732 1977 1978
f 1733 1979 1734
f 1733 1978 1979
f 1734 1980 1735
f 1734 1979 1980
f 1735 1981 1736
f 1735 1980 1981
f 1736 1982 1737
f 1736 1981 1982
f 1737 1983 1738
f 1737 1982 1983
f 1738 1984 1739
f 1738 1983 1984
f 1739 1985 1740
f 1739 1984 1985
f 1740 1986 1741
f 1740 1985 1986
f 1741 1987 1742
f 1741 1986 1987
f 1742 1988 1743
f 1742 1987 1988
f 1743 1989 1744
f 1743 1988 1989
f 1744 1990 1745
f 1744 1989 1990
f 1745 1991 1746
f 1745 1990 1991
f 1746 1992 1747
f 1746 1991 1992
f 1747 1993 1748
f 1747 1992 1993
f 1748 1994 1749
f 1748 1993 1994
f 1749 1995 1750
f 1749 1994 1995
f 1750 1996 1751
f 1750 1995 1996
f 1751 1997 1752
f 1751 1996 1997
f 1752 1998 1753
f 1752 1997 1998
f 1753 1999 1754
f 1753 1998 1999
f 1754 2000 1755
f 1754 1999 2000
f 1755 2001 1756
f 1755 2000 2001
f 1756 2002 1757
f 1756 2001 2002
f 1757 2003 1758
f 1757 2002 2003
f 1758 2004 1759
f 1758 2003 2004
f 1759 2005 1760
f 1759 2004 2005
f 1760 2006 1761
f 1760 2005 2006
f 1761 2007 1762
f 1761 2006 2007
f 1762 2008 1763
f 1762 2007 2008
f 1763 2009 1764
f 1763 2008 2009
f 1764 2010 1765
f 1764 2009 2010
f 1765 2011 1766
f 1765 2010 2011
f 1766 2012 1767
f 1766 2011 2012
f 1767 2013 1768
f 1767 2012 2013
f 1768 2014 1769
f 1768 2013 2014
f 1769 2015 1770
f 1769 2014 2015
f 1770 2016 1771
f 1770 2015 2016
f 1771 2017 1772
f 1771 2016 2017
f 1772 2018 1773
f 1772 2017 2018
f 1773 2019 1774
f 1773 2018 2019
f 1774 2020 1775
f 1774 2019 2020
f 1775 2021 1776
f 1775 2020 2021
f 1776 2022 1777
f 1776 2021 2022
f 1777 2023 1778
f 1777 2022 2023
f 1778 2024 1779
f 1778 2023 2024
f 1779 2025 1780
f 1779 2024 2025
f 1780 2026 1781
f 1780 2025 2026
f 1781 2027 1782
f 1781 2026 2027
f 1782 2028 1783
f 1782 2027 2028
f 1783 2029 1784
f 1783 2028 2029
f 1784 2030 1785
f 1784 2029 2030
f 1785 2031 1786
f 1785 2030 2031
f 1786 2032 1787
f 1786 2031 2032
f 1787 2033 1788
f 1787 2032 2033
f 1788 2034 1789
f 1788 2033 2034
f 1789 2035 1790
f 1789 2034 2035
f 1790 2036 1791
f 1790 2035 2036
f 1791 2037 1792
f 1791 2036 2037
f 1792 2038 1793
f 1792 2037 2038
f 1793 2039 1794
f 1793 2038 2039
f 1794 2040 1795
f 1794 2039 2040
f 1795 2041 1796
f 1795 2040 2041
f 1796 2042 1797
f 1796 2041 2042
f 1797 2043 1798
f 1797 2042 2043
f 1798 2044 1799
f 1798 2043 2044
f 1799 2045 1800
f 1799 2044 2045
f 1800 2046 1801
f 1800 2045 2046
f 1801 2047 1802
f 1801 2046 2047
f 1802 2048 1803
f 1802 2047 2048
f 1803 2049 1804
f 1803 2048 2049
f 1804 2050 1805
f 1804 2049 2050
f 1805 2051 1806
f 1805 2050 2051
f 1806 2052 1807
f 1806 2051 2052
f 1807 2053 1808
f 1807 2052 2053
f 1808 2054 1809
f 1808 2053 2054
f 1809 2055 1810
f 1809 2054 2055
f 1810 2056 1811
f 1810 2055 2056
f 1811 2057 1812
f 1811 2056 2057
f 1812 2058 1813
f 1812 2057 2058
f 1813 2059 1814
f 1813 2058 2059
f 1814 2060 1815
f 1814 2059 2060
f 1815 2061 1816
f 1815 2060 2061
f 1816 2062 1817
f 1816 2061 2062
f 1817 2063 1818
f 1817 2062 2063
f 1818 2064 1819
f 1818 2063 2064
f 1819 2065 1820
f 1819 2064 2065
f 1820 2066 1821
f 1820 2065 2066
f 1821 2067 1822
f 1821 2066 2067
f 1822 2068 1823
f 1822 2067 2068
f 1823 2069 1824
f 1823 2068 2069
f 1824 2070 1825
f 1824 2069 2070
f 1825 2071 1826
f 1825 2070 2071
f 1826 2072 1827
f 1826 2071 2072
f 1827 2073 1828
f 1827 2072 2073
f 1828 2074 1829
f 1828 2073 2074
f 1829 2075 1830
f 1829 2074 2075
f 1830 2076 1831
f 1830 2075 2076
f 1831 2077 1832
f 1831 2076 2077
f 1832 2078 1833
f 1832 2077 2078
f 1833 2079 1834
f 1833 2078 2079
f 1834 2080 1835
f 1834 2079 2080
f 1835 2081 1836
f 1835 2080 2081
f 1836 2082 1837
f 1836 2081 2082
f 1837 2083 1838
f 1837 2082 2083
f 1838 2084 1839
f 1838 2083 2084
f 1839 2085 1840
f 1839 2084 2085
f 1840 2086 1841
f 1840 2085 2086
f 1841 2087 1842
f 1841 2086 2087
f 1842 2088 1843
f 1842 2087 2088
f 1843 2089 1844
f 1843 2088 2089
f 1844 2090 1845
f 1844 2089 2090
f 1845 2091 1846
f 1845 2090 2091
f 1846 2092 1847
f 1846 2091 2092
f 1847 2093 1848
f 1847 2092 2093
f 1848 2094 1849
f 1848 2093 2094
f 1849 2095 1850
f 1849 2094 2095
f 1850 2096 1851
f 1850 2095 2096
f 1851 2097 1852
f 1851 2096 2097
f 1852 2098 1853
f 1852 2097 2098
f 1853 2099 1854
f 1853 2098 2099
f 1854 2100 1855
f 1854 2099 2100
f 1855 2101 1856
f 1855 2100 2101
f 1856 2102 1857
f 1856 2101 2102
f 1857 2103 1858
f 1857 2102 2103
f 1858 2104 1859
f 1858 2103 2104
f 1859 2105 1860
f 1859 2104 2105
f 1860 2106 1861
f 1860 2105 2106
f 1861 2107 1862
f 1861 2106 2107
f 1862 2108 1863
f 1862 2107 2108
f 1863 2109 1864
f 1863 2108 2109
f 1864 2110 1865
f 1864 2109 2110
f 1865 2111 1866
f 1865 2110 2111
f 1866 2112 1867
f 1866 2111 2112
f 1867 2113 1868
f 1867 2112 2113
f 1868 2114 1869
f 1868 2113 2114
f 1869 2115 1870
f 1869 2114 2115
f 1870 2116 1871
f 1870 2115 2116
f 1871 2117 1872
f 1871 2116 2117
f 1872 2118 1873
f 1872 2117 2118
f 1873 2119 1874
f 1873 2118 2119
f 1874 2120 1875
f 1874 2119 2120
f 1875 2121 1876
f 1875 2120 2121
f 1876 2122 1877
f 1876 2121 2122
f 1877 2123 1878
f 1877 2122 2123
f 1878 2124 1879
f 1878 2123 2124
f 1879 2125 1880
f 1879 2124 2125
f 1880 2126 1881
f 1880 2125 2126
f 1881 2127 1882
f 1881 2126 2127
f 1882 2128 1883
f 1882 2127 2128
f 1883 2129 1884
f 1883 2128 2129
f 1884 2130 1885
f 1884 2129 2130
f 1885 2131 1886
f 1885 2130 2131
f 1886 2132 1887
f 1886 2131 2132
f 1887 2133 1888
f 1887 2132 2133
f 1888 2134 1889
f 1888 2133 2134
f 1889 2135 1890
f 1889 2134 2135
f 1890 2136 1891
f 1890 2135 2136
f 1891 2137 1892
f 1891 2136 2137
f 1892 2138 1893
f 1892 2137 2138
f 1893 2139 1894
f 1893 2138 2139
f 1894 2140 1895
f 1894 2139 2140
f 1895 2141 1896
f 1895 2140 2141
f 1896 2142 1897
f 1896 2141 2142
f 1897 2143 1898
f 1897 2142 2143
f 1898 2144 1899
f 1898 2143 2144
f 1899 2145 1900
f 1899 2144 2145
f 1900 2146 1901
f 1900 2145 2146
f 1901 2147 1902
f 1901 2146 2147
f 1902 2148 1903
f 1902 2147 2148
f 1903 2149 1904
f 1903 2148 2149
f 1904 2150 1905
f 1904 2149 2150
f 1905 2151 1906
f 1905 2150 2151
f 1906 2152 1907
f 1906 2151 2152
f 1907 2153 1908
f 1907 2152 2153
f 1908 2154 1909
f 1908 2153 2154
f 1909 2155 1910
f 1909 2154 2155
f 1910 2156 1911
f 1910 2155 2156
f 1911 2157 1912
f 1911 2156 2157
f 1912 2158 1913
f 1912 2157 2158
f 1913 2159 1914
f 1913 2158 2159
f 1914 2160 1915
f 1914 2159 2160
f 1915 2161 1916
f 1915 2160 2161
f 1916 2162 1917
f 1916 2161 2162
f 1917 2163 1918
f 1917 2162 2163
f 1918 2164 1919
f 1918 2163 2164
f 1919 2165 1920
f 1919 2164 2165
f 1920 2166 1921
f 1920 2165 2166
f 1921 2167 1922
f 1921 2166 2167
f 1922 2168 1923
f 1922 2167 2168
f 1923 2169 1924
f 1923 2168 2169
f 1924 2170 1925
f 1924 2169 2170
f 1925 2171 1926
f 1925 2170 2171
f 1926 2172 1927
f 1926 2171 2172
f 1927 2173 1928
f 1927 2172 2173
f 1928 2174 1929
f 1928 2173 2174
f 1929 2175 1930
f 1929 2174 2175
f 1930 2176 1931
f 1930 2175 2176
f 1931 2177 1932
f 1931 2176 2177
f 1932 2178 1933
f 1932 2177 2178
f 1933 2179 1934
f 1933 2178 2179
f 1934 2180 1935
f 1934 2179 2180
f 1935 2181 1936
f 1935 2180 2181
f 1936 2182 1937
f 1936 2181 2182
f 1937 2183 1938
f 1937 2182 2183
f 1938 2184 1939
f 1938 2183 2184
f 1939 2185 1940
f 1939 2184 2185
f 1940 2186 1941
f 1940 2185 2186
f 1941 2187 1942
f 1941 2186 2187
f 1942 2188 1943
f 1942 2187 2188
f 1943 2189 1944
f 1943 2188 2189
f 1944 2190 1945
f 1944 2189 2190
f 1945 2191 1946
f 1945 2190 2191
f 1946 2192 1947
f 1946 2191 2192
f 1947 2193 1948
f 1947 2192 2193
f 1948 2194 1949
f 1948 2193 2194
f 1949 2195 1950
f 1949 2194 2195
f 1950 2196 1951
f 1950 2195 2196
f 1951 2197 1952
f 1951 2196 2197
f 1952 2198 1953
f 1952 2197 2198
f 1953 2199 1954
f 1953 2198 2199
f 1954 2200 1955
f 1954 2199 2200
f 1955 2201 1956
f 1955 2200 2201
f 1956 2202 1957
f 1956 2201 2202
f 1957 2203 1958
f 1957 2202 2203
f 1958 2204 1959
f 1958 2203 2204
f 1959 2205 1960
f 1959 2204 2205
f 1961 2207 1962
f 1961 2206 2207
f 1962 2208 1963
f 1962 2207 2208
f 1963 2209 1964
f 1963 2208 2209
f 1964 2210 1965
f 1964 2209 2210
f 1965 2211 1966
f 1965 2210 2211
f 1966 2212 1967
f 1966 2211 2212
f 1967 2213 1968
f 1967 2212 2213
f 1968 2214 1969
f 1968 2213 2214
f 1969 2215 1970
f 1969 2214 2215
f 1970 2216 1971
f 1970 2215 2216
f 1971 2217 1972
f 1971 2216 2217
f 1972 2218 1973
f 1972 2217 2218
f 1973 2219 1974
f 1973 2218 2219
f 1974 2220 1975
f 1974 2219 2220
f 1975 2221 1976
f 1975 2220 2221
f 1976 2222 1977
f 1976 2221 2222
f 1977 2223 1978
f 1977 2222 2223
f 1978 2224 1979
f 1978 2223 2224
f 1979 2225 1980
f 1979 2224 2225
f 1980 2226 1981
f 1980 2225 2226
f 1981 2227 1982
f 1981 2226 2227
f 1982 2228 1983
f 1982 2227 2228
f 1983 2229 1984
f 1983 2228 2229
f 1984 2230 1985
f 1984 2229 2230
f 1985 2231 1986
f 1985 2230 2231
f 1986 2232 1987
f 1986 2231 2232
f 1987 2233 1988
f 1987 2232 2233
f 1988 2234 1989
f 1988 2233 2234
f 1989 2235 1990
f 1989 2234 2235
f 1990 2236 1991
f 1990 2235 2236
f 1991 2237 1992
f 1991 2236 2237
f 1992 2238 1993
f 1992 2237 2238
f 1993 2239 1994
f 1993 2238 2239
f 1994 2240 1995
f 1994 2239 2240
f 1995 2241 1996
f 1995 2240 2241
f 1996 2242 1997
f 1996 2241 2242
f 1997 2243 1998
f 1997 2242 2243
f 1998 2244 1999
f 1998 2243 2244
f 1999 2245 2000
f 1999 2244 2245
f 2000 2246 2001
f 2000 2245 2246
f 2001 2247 2002
f 2001 2246 2247
f 2002 2248 2003
f 2002 2247 2248
f 2003 2249 2004
f 2003 2248 2249
f 2004 2250 2005
f 2004 2249 2250
f 2005 2251 2006
f 2005 2250 2251
f 2006 2252 2007
f 2006 2251 2252
f 2007 2253 2008
f 2007 2252 2253
f 2008 2254 2009
f 2008 2253 2254
f 2009 2255 2010
f 2009 2254 2255
f 2010 2256 2011
f 2010 2255 2256
f 2011 2257 2012
f 2011 2256 2257
f 2012 2258 2013
f 2012 2257 2258
f 2013 2259 2014
f 2013 2258 2259
f 2014 2260 2015
f 2014 2259 2260
f 2015 2261 2016
f 2015 2260 2261
f 2016 2262 2017
f 2016 2261 2262
f 2017 2263 2018
f 2017 2262 2263
f 2018 2264 2019
f 2018 2263 2264
f 2019 2265 2020
f 2019 2264 2265
f 2020 2266 2021
f 2020 2265 2266
f 2021 2267 2022
f 2021 2266 2267
f 2022 2268 2023
f 2022 2267 2268
f 2023 2269 2024
f 2023 2268 2269
f 2024 2270 2025
f 2024 2269 2270
f 2025 2271 2026
f 2025 2270 2271
f 2026 2272 2027
f 2026 2271 2272
f 2027 2273 2028
f 2027 2272 2273
f 2028 2274 2029
f 2028 2273 2274
f 2029 2275 2030
f 2029 2274 2275
f 2030 2276 2031
f 2030 2275 2276
f 2031 2277 2032
f 2031 2276 2277
f 2032 2278 2033
f 2032 2277 2278
f 2033 2279 2034
f 2033 2278 2279
f 2034 2280 2035
f 2034 2279 2280
f 2035 2281 2036
f 2035 2280 2281
f 2036 2282 2037
f 2036 2281 2282
f 2037 2283 2038
f 2037 2282 2283
f 2038 2284 2039
f 2038 2283 2284
f 2039 2285 2040
f 2039 2284 2285
f 2040 2286 2041
f 2040 2285 2286
f 2041 2287 2042
f 2041 2286 2287
f 2042 2288 2043
f 2042 2287 2288
f 2043 2289 2044
f 2043 2288 2289
f 2044 2290 2045
f 2044 2289 2290
f 2045 2291 2046
f 2045 2290 2291
f 2046 2292 2047
f 2046 2291 2292
f 2047 2293 2048
f 2047 2292 2293
f 2048 2294 2049
f 2048 2293 2294
f 2049 2295 2050
f 2049 2294 2295
f 2050 2296 2051
f 2050 2295 2296
f 2051 2297 2052
f 2051 2296 2297
f 2052 2298 2053
f 2052 2297 2298
f 2053 2299 2054
f 2053 2298 2299
f 2054 2300 2055
f 2054 2299 2300
f 2055 2301 2056
f 2055 2300 2301
f 2056 2302 2057
f 2056 2301 2302
f 2057 2303 2058
f 2057 2302 2303
f 2058 2304 2059
f 2058 2303 2304
f 2059 2305 2060
f 2059 2304 2305
f 2060 2306 2061
f 2060 2305 2306
f 2061 2307 2062
f 2061 2306 2307
f 2062 2308 2063
f 2062 2307 2308
f 2063 2309 2064
f 2063 2308 2309
f 2064 2310 2065
f 2064 2309 2310
f 2065 2311 2066
f 2065 2310 2311
f 2066 2312 2067
f 2066 2311 2312
f 2067 2313 2068
f 2067 2312 2313
f 2068 2314 2069
f 2068 2313 2314
f 2069 2315 2070
f 2069 2314 2315
f 2070 2316 2071
f 2070 2315 2316
f 2071 2317 2072
f 2071 2316 2317
f 2072 2318 2073
f 2072 2317 2318
f 2073 2319 2074
f 2073 2318 2319
f 2074 2320 2075
f 2074 2319 2320
f 2075 2321 2076
f 2075 2320 2321
f 2076 2322 2077
f 2076 2321 2322
f 2077 2323 2078
f 2077 2322 2323
f 2078 2324 2079
f 2078 2323 2324
f 2079 2325 2080
f 2079 2324 2325
f 2080 2326 2081
f 2080 2325 2326
f 2081 2327 2082
f 2081 2326 2327
f 2082 2328 2083
f 2082 2327 2328
f 2083 2329 2084
f 2083 2328 2329
f 2084 2330 2085
f 2084 2329 2330
f 2085 2331 2086
f 2085 2330 2331
f 2086 2332 2087
f 2086 2331 2332
f 2087 2333 2088
f 2087 2332 2333
f 2088 2334 2089
f 2088 2333 2334
f 2089 2335 2090
f 2089 2334 2335
f 2090 2336 2091
f 2090 2335 2336
f 2091 2337 2092
f 2091 2336 2337
f 2092 2338 2093
f 2092 2337 2338
f 2093 2339 2094
f 2093 2338 2339
f 2094 2340 2095
f 2094 2339 2340
f 2095 2341 2096
f 2095 2340 2341
f 2096 2342 2097
f 2096 2341 2342
f 2097 2343 2098
f 2097 2342 2343
f 2098 2344 2099
f 2098 2343 2344
f 2099 2345 2100
f 2099 2344 2345
f 2100 2346 2101
f 2100 2345 2346
f 2101 2347 2102
f 2101 2346 2347
f 2102 2348 2103
f 2102 2347 2348
f 2103 2349 2104
f 2103 2348 2349
f 2104 2350 2105
f 2104 2349 2350
f 2105 2351 2106
f 2105 2350 2351
f 2106 2352 2107
f 2106 2351 2352
f 2107 2353 2108
f 2107 2352 2353
f 2108 2354 2109
f 2108 2353 2354
f 2109 2355 2110
f 2109 2354 2355
f 2110 2356 2111
f 2110 2355 2356
f 2111 2357 2112
f 2111 2356 2357
f 2112 2358 2113
f 2112 2357 2358
f 2113 2359 2114
f 2113 2358 2359
f 2114 2360 2115
f 2114 2359 2360
f 2115 2361 2116
f 2115 2360 2361
f 2116 2362 2117
f 2116 2361 2362
f 2117 2363 2118
f 2117 2362 2363
f 2118 2364 2119
f 2118 2363 2364
f 2119 2365 2120
f 2119 2364 2365
f 2120 2366 2121
f 2120 2365 2366
f 2121 2367 2122
f 2121 2366 2367
f 2122 2368 2123
f 2122 2367 2368
f 2123 2369 2124
f 2123 2368 2369
f 2124 2370 2125
f 2124 2369 2370
f 2125 2371 2126
f 2125 2370 2371
f 2126 2372 2127
f 2126 2371 2372
f 2127 2373 2128
f 2127 2372 2373
f 2128 2374 2129
f 2128 2373 2374
f 2129 2375 2130
f 2129 2374 2375
f 2130 2376 2131
f 2130 2375 2376
f 2131 2377 2132
f 2131 2376 2377
f 2132 2378 2133
f 2132 2377 2378
f 2133 2379 2134
f 2133 2378 2379
f 2134 2380 2135
f 2134 2379 2380
f 2135 2381 2136
f 2135 2380 2381
f 2136 2382 2137
f 2136 2381 2382
f 2137 2383 2138
f 2137 2382 2383
f 2138 2384 2139
f 2138 2383 2384
f 2139 2385 2140
f 2139 2384 2385
f 2140 2386 2141
f 2140 2385 2386
f 2141 2387 2142
f 2141 2386 2387
f 2142 2388 2143
f 2142 2387 2388
f 2143 2389 2144
f 2143 2388 2389
f 2144 2390 2145
f 2144 2389 2390
f 2145 2391 2146
f 2145 2390 2391
f 2146 2392 2147
f 2146 2391 2392
f 2147 2393 2148
f 2147 2392 2393
f 2148 2394 2149
f 2148 2393 2394
f 2149 2395 2150
f 2149 2394 2395
f 2150 2396 2151
f 2150 2395 2396
f 2151 2397 2152
f 2151 2396 2397
f 2152 2398 2153
f 2152 2397 2398
f 2153 2399 2154
f 2153 2398 2399
f 2154 2400 2155
f 2154 2399 2400
f 2155 2401 2156
f 2155 2400 2401
f 2156 2402 2157
f 2156 2401 2402
f 2157 2403 2158
f 2157 2402 2403
f 2158 2404 2159
f 2158 2403 2404
f 2159 2405 2160
f 2159 2404 2405
f 2160 2406 2161
f 2160 2405 2406
f 2161 2407 2162
f 2161 2406 2407
f 2162 2408 2163
f 2162 2407 2408
f 2163 2409 2164
f 2163 2408 2409
f 2164 2410 2165
f 2164 2409 2410
f 2165 2411 2166
f 2165 2410 2411
f 2166 2412 2167
f 2166 2411 2412
f 2167 2413 2168
f 2167 2412 2413
f 2168 2414 2169
f 2168 2413 2414
f 2169 2415 2170
f 2169 2414 2415
f 2170 2416 2171
f 2170 2415 2416
f 2171 2417 2172
f 2171 2416 2417
f 2172 2418 2173
f 2172 2417 2418
f 2173 2419 2174
f 2173 2418 2419
f 2174 2420 2175
f 2174 2419 2420
f 2175 2421 2176
f 2175 2420 2421
f 2176 2422 2177
f 2176 2421 2422
f 2177 2423 2178
f 2177 2422 2423
f 2178 2424 2179
f 2178 2423 2424
f 2179 2425 2180
f 2179 2424 2425
f 2180 2426 2181
f 2180 2425 2426
f 2181 2427 2182
f 2181 2426 2427
f 2182 2428 2183
f 2182 2427 2428
f 2183 2429 2184
f 2183 2428 2429
f 2184 2430 2185
f 2184 2429 2430
f 2185 2431 2186
f 2185 2430 2431
f 2186 2432 2187
f 2186 2431 2432
f 2187 2433 2188
f 2187 2432 2433
f 2188 2434 2189
f 2188 2433 2434
f 2189 2435 2190
f 2189 2434 2435
f 2190 2436 2191
f 2190 2435 2436
f 2191 2437 2192
f 2191 2436 2437
f 2192 2438 2193
f 2192 2437 2438
f 2193 2439 2194
f 2193 2438 2439
f 2194 2440 2195
f 2194 2439 2440
f 2195 2441 2196
f 2195 2440 2441
f 2196 2442 2197
f 2196 2441 2442
f 2197 2443 2198
f 2197 2442 2443
f 2198 2444 2199
f 2198 2443 2444
f 2199 2445 2200
f 2199 2444 2445
f 2200 2446 2201
f 2200 2445 2446
f 2201 2447 2202
f 2201 2446 2447
f 2202 2448 2203
f 2202 2447 2448
f 2203 2449 2204
f 2203 2448 2449
f 2204 2450 2205
f 2204 2449 2450
f 2206 2452 2207
f 2206 2451 2452
f 2207 2453 2208
f 2207 2452 2453
f 2208 2454 2209
f 2208 2453 2454
f 2209 2455 2210
f 2209 2454 2455
f 2210 2456 2211
f 2210 2455 2456
f 2211 2457 2212
f 2211 2456 2457
f 2212 2458 2213
f 2212 2457 2458
f 2213 2459 2214
f 2213 2458 2459
f 2214 2460 2215
f 2214 2459 2460
f 2215 2461 2216
f 2215 2460 2461
f 2216 2462 2217
f 2216 2461 2462
f 2217 2463 2218
f 2217 2462 2463
f 2218 2464 2219
f 2218 2463 2464
f 2219 2465 2220
f 2219 2464 2465
f 2220 2466 2221
f 2220 2465 2466
f 2221 2467 2222
f 2221 2466 2467
f 2222 2468 2223
f 2222 2467 2468
f 2223 2469 2224
f 2223 2468 2469
f 2224 2470 2225
f 2224 2469 2470
f 2225 2471 2226
f 2225 2470 2471
f 2226 2472 2227
f 2226 2471 2472
f 2227 2473 2228
f 2227 2472 2473
f 2228 2474 2229
f 2228 2473 2474
f 2229 2475 2230
f 2229 2474 2475
f 2230 2476 2231
f 2230 2475 2476
f 2231 2477 2232
f 2231 2476 2477
f 2232 2478 2233
f 2232 2477 2478
f 2233 2479 2234
f 2233 2478 2479
f 2234 2480 2235
f 2234 2479 2480
f 2235 2481 2236
f 2235 2480 2481
f 2236 2482 2237
f 2236 2481 2482
f 2237 2483 2238
f 2237 2482 2483
f 2238 2484 2239
f 2238 2483 2484
f 2239 2485 2240
f 2239 2484 2485
f 2240 2486 2241
f 2240 2485 2486
f 2241 2487 2242
f 2241 2486 2487
f 2242 2488 2243
f 2242 2487 2488
f 2243 2489 2244
f 2243 2488 2489
f 2244 2490 2245
f 2244 2489 2490
f 2245 2491 2246
f 2245 2490 2491
f 2246 2492 2247
f 2246 2491 2492
f 2247 2493 2248
f 2247 2492 2493
f 2248 2494 2249
f 2248 2493 2494
f 2249 2495 2250
f 2249 2494 2495
f 2250 2496 2251
f 2250 2495 2496
f 2251 2497 2252
f 2251 2496 2497
f 2252 2498 2253
f 2252 2497 2498
f 2253 2499 2254
f 2253 2498 2499
f 2254 2500 2255
f 2254 2499 2500
f 2255 2501 2256
f 2255 2500 2501
f 2256 2502 2257
f 2256 2501 2502
f 2257 2503 2258
f 2257 2502 2503
f 2258 2504 2259
f 2258 2503 2504
f 2259 2505 2260
f 2259 2504 2505
f 2260 2506 2261
f 2260 2505 2506
f 2261 2507 2262
f 2261 2506 2507
f 2262 2508 2263
f 2262 2507 2508
f 2263 2509 2264
f 2263 2508 2509
f 2264 2510 2265
f 2264 2509 2510
f 2265 2511 2266
f 2265 2510 2511
f 2266 2512 2267
f 2266 2511 2512
f 2267 2513 2268
f 2267 2512 2513
f 2268 2514 2269
f 2268 2513 2514
f 2269 2515 2270
f 2269 2514 2515
f 2270 2516 2271
f 2270 2515 2516
f 2271 2517 2272
f 2271 2516 2517
f 2272 2518 2273
f 2272 2517 2518
f 2273 2519 2274
f 2273 2518 2519
f 2274 2520 2275
f 2274 2519 2520
f 2275 2521 2276
f 2275 2520 2521
f 2276 2522 2277
f 2276 2521 2522
f 2277 2523 2278
f 2277 2522 2523
f 2278 2524 2279
f 2278 2523 2524
f 2279 2525 2280
f 2279 2524 2525
f 2280 2526 2281
f 2280 2525 2526
f 2281 2527 2282
f 2281 2526 2527
f 2282 2528 2283
f 2282 2527 2528
f 2283 2529 2284
f 2283 2528 2529
f 2284 2530 2285
f 2284 2529 2530
f 2285 2531 2286
f 2285 2530 2531
f 2286 2532 2287
f 2286 2531 2532
f 2287 2533 2288
f 2287 2532 2533
f 2288 2534 2289
f 2288 2533 2534
f 2289 2535 2290
f 2289 2534 2535
f 2290 2536 2291
f 2290 2535 2536
f 2291 2537 2292
f 2291 2536 2537
f 2292 2538 2293
f 2292 2537 2538
f 2293 2539 2294
f 2293 2538 2539
f 2294 2540 2295
f 2294 2539 2540
f 2295 2541 2296
f 2295 2540 2541
f 2296 2542 2297
f 2296 2541 2542
f 2297 2543 2298
f 2297 2542 2543
f 2298 2544 2299
f 2298 2543 2544
f 2299 2545 2300
f 2299 2544 2545
f 2300 2546 2301
f 2300 2545 2546
f 2301 2547 2302
f 2301 2546 2547
f 2302 2548 2303
f 2302 2547 2548
f 2303 2549 2304
f 2303 2548 2549
f 2304 2550 2305
f 2304 2549 2550
f 2305 2551 2306
f 2305 2550 2551
f 2306 2552 2307
f 2306 2551 2552
f 2307 2553 2308
f 2307 2552 2553
f 2308 2554 2309
f 2308 2553 2554
f 2309 2555 2310
f 2309 2554 2555
f 2310 2556 2311
f 2310 2555 2556
f 2311 2557 2312
f 2311 2556 2557
f 2312 2558 2313
f 2312 2557 2558
f 2313 2559 2314
f 2313 2558 2559
f 2314 2560 2315
f 2314 2559 2560
f 2315 2561 2316
f 2315 2560 2561
f 2316 2562 2317
f 2316 2561 2562
f 2317 2563 2318
f 2317 2562 2563
f 2318 2564 2319
f 2318 2563 2564
f 2319 2565 2320
f 2319 2564 2565
f 2320 2566 2321
f 2320 2565 2566
f 2321 2567 2322
f 2321 2566 2567
f 2322 2568 2323
f 2322 2567 2568
f 2323 2569 2324
f 2323 2568 2569
f 2324 2570 2325
f 2324 2569 2570
f 2325 2571 2326
f 2325 2570 2571
f 2326 2572 2327
f 2326 2571 2572
f 2327 2573 2328
f 2327 2572 2573
f 2328 2574 2329
f 2328 2573 2574
f 2329 2575 2330
f 2329 2574 2575
f 2330 2576 2331
f 2330 2575 2576
f 2331 2577 2332
f 2331 2576 2577
f 2332 2578 2333
f 2332 2577 2578
f 2333 2579 2334
f 2333 2578 2579
f 2334 2580 2335
f 2334 2579 2580
f 2335 2581 2336
f 2335 2580 2581
f 2336 2582 2337
f 2336 2581 2582
f 2337 2583 2338
f 2337 2582 2583
f 2338 2584 2339
f 2338 2583 2584
f 2339 2585 2340
f 2339 2584 2585
f 2340 2586 2341
f 2340 2585 2586
f 2341 2587 2342
f 2341 2586 2587
f 2342 2588 2343
f 2342 2587 2588
f 2343 2589 2344
f 2343 2588 2589
f 2344 2590 2345
f 2344 2589 2590
f 2345 2591 2346
f 2345 2590 2591
f 2346 2592 2347
f 2346 2591 2592
f 2347 2593 2348
f 2347 2592 2593
f 2348 2594 2349
f 2348 2593 2594
f 2349 2595 2350
f 2349 2594 2595
f 2350 2596 2351
f 2350 2595 2596
f 2351 2597 2352
f 2351 2596 2597
f 2352 2598 2353
f 2352 2597 2598
f 2353 2599 2354
f 2353 2598 2599
f 2354 2600 2355
f 2354 2599 2600
f 2355 2601 2356
f 2355 2600 2601
f 2356 2602 2357
f 2356 2601 2602
f 2357 2603 2358
f 2357 2602 2603
f 2358 2604 2359
f 2358 2603 2604
f 2359 2605 2360
f 2359 2604 2605
f 2360 2606 2361
f 2360 2605 2606
f 2361 2607 2362
f 2361 2606 2607
f 2362 2608 2363
f 2362 2607 2608
f 2363 2609 2364
f 2363 2608 2609
f 2364 2610 2365
f 2364 2609 2610
f 2365 2611 2366
f 2365 2610 2611
f 2366 2612 2367
f 2366 2611 2612
f 2367 2613 2368
f 2367 2612 2613
f 2368 2614 2369
f 2368 2613 2614
f 2369 2615 2370
f 2369 2614 2615
f 2370 2616 2371
f 2370 2615 2616
f 2371 2617 2372
f 2371 2616 2617
f 2372 2618 2373
f 2372 2617 2618
f 2373 2619 2374
f 2373 2618 2619
f 2374 2620 2375
f 2374 2619 2620
f 2375 2621 2376
f 2375 2620 2621
f 2376 2622 2377
f 2376 2621 2622
f 2377 2623 2378
f 2377 2622 2623
f 2378 2624 2379
f 2378 2623 2624
f 2379 2625 2380
f 2379 2624 2625
f 2380 2626 2381
f 2380 2625 2626
f 2381 2627 2382
f 2381 2626 2627
f 2382 2628 2383
f 2382 2627 2628
f 2383 2629 2384
f 2383 2628 2629
f 2384 2630 2385
f 2384 2629 2630
f 2385 2631 2386
f 2385 2630 2631
f 2386 2632 2387
f 2386 2631 2632
f 2387 2633 2388
f 2387 2632 2633
f 2388 2634 2389
f 2388 2633 2634
f 2389 2635 2390
f 2389 2634 2635
f 2390 2636 2391
f 2390 2635 2636
f 2391 2637 2392
f 2391 2636 2637
f 2392 2638 2393
f 2392 2637 2638
f 2393 2639 2394
f 2393 2638 2639
f 2394 2640 2395
f 2394 2639 2640
f 2395 2641 2396
f 2395 2640 2641
f 2396 2642 2397
f 2396 2641 2642
f 2397 2643 2398
f 2397 2642 2643
f 2398 2644 2399
f 2398 2643 2644
f 2399 2645 2400
f 2399 2644 2645
f 2400 2646 2401
f 2400 2645 2646
f 2401 2647 2402
f 2401 2646 2647
f 2402 2648 2403
f 2402 2647 2648
f 2403 2649 2404
f 2403 2648 2649
f 2404 2650 2405
f 2404 2649 2650
f 2405 2651 2406
f 2405 2650 2651
f 2406 2652 2407
f 2406 2651 2652
f 2407 2653 2408
f 2407 2652 2653
f 2408 2654 2409
f 2408 2653 2654
f 2409 2655 2410
f 2409 2654 2655
f 2410 2656 2411
f 2410 2655 2656
f 2411 2657 2412
f 2411 2656 2657
f 2412 2658 2413
f 2412 2657 2658
f 2413 2659 2414
f 2413 2658 2659
f 2414 2660 2415
f 2414 2659 2660
f 2415 2661 2416
f 2415 2660 2661
f 2416 2662 2417
f 2416 2661 2662
f 2417 2663 2418
f 2417 2662 2663
f 2418 2664 2419
f 2418 2663 2664
f 2419 2665 2420
f 2419 2664 2665
f 2420 2666 2421
f 2420 2665 2666
f 2421 2667 2422
f 2421 2666 2667
f 2422 2668 2423
f 2422 2667 2668
f 2423 2669 2424
f 2423 2668 2669
f 2424 2670 2425
f 2424 2669 2670
f 2425 2671 2426
f 2425 2670 2671
f 2426 2672 2427
f 2426 2671 2672
f 2427 2673 2428
f 2427 2672 2673
f 2428 2674 2429
f 2428 2673 2674
f 2429 2675 2430
f 2429 2674 2675
f 2430 2676 2431
f 2430 2675 2676
f 2431 2677 2432
f 2431 2676 2677
f 2432 2678 2433
f 2432 2677 2678
f 2433 2679 2434
f 2433 2678 2679
f 2434 2680 2435
f 2434 2679 2680
f 2435 2681 2436
f 2435 2680 2681
f 2436 2682 2437
f 2436 2681 2682
f 2437 2683 2438
f 2437 2682 2683
f 2438 2684 2439
f 2438 2683 2684
f 2439 2685 2440
f 2439 2684 2685
f 2440 2686 2441
f 2440 2685 2686
f 2441 2687 2442
f 2441 2686 2687
f 2442 2688 2443
f 2442 2687 2688
f 2443 2689 2444
f 2443 2688 2689
f 2444 2690 2445
f 2444 2689 2690
f 2445 2691 2446
f 2445 2690 2691
f 2446 2692 2447
f 2446 2691 2692
f 2447 2693 2448
f 2447 2692 2693
f 2448 2694 2449
f 2448 2693 2694
f 2449 2695 2450
f 2449 2694 2695
f 2451 2697 2452
f 2451 2696 2697
f 2452 2698 2453
f 2452 2697 2698
f 2453 2699 2454
f 2453 2698 2699
f 2454 2700 2455
f 2454 2699 2700
f 2455 2701 2456
f 2455 2700 2701
f 2456 2702 2457
f 2456 2701 2702
f 2457 2703 2458
f 2457 2702 2703
f 2458 2704 2459
f 2458 2703 2704
f 2459 2705 2460
f 2459 2704 2705
f 2460 2706 2461
f 2460 2705 2706
f 2461 2707 2462
f 2461 2706 2707
f 2462 2708 2463
f 2462 2707 2708
f 2463 2709 2464
f 2463 2708 2709
f 2464 2710 2465
f 2464 2709 2710
f 2465 2711 2466
f 2465 2710 2711
f 2466 2712 2467
f 2466 2711 2712
f 2467 2713 2468
f 2467 2712 2713
f 2468 2714 2469
f 2468 2713 2714
f 2469 2715 2470
f 2469 2714 2715
f 2470 2716 2471
f 2470 2715 2716
f 2471 2717 2472
f 2471 2716 2717
f 2472 2718 2473
f 2472 2717 2718
f 2473 2719 2474
f 2473 2718 2719
f 2474 2720 2475
f 2474 2719 2720
f 2475 2721 2476
f 2475 2720 2721
f 2476 2722 2477
f 2476 2721 2722
f 2477 2723 2478
f 2477 2722 2723
f 2478 2724 2479
f 2478 2723 2724
f 2479 2725 2480
f 2479 2724 2725
f 2480 2726 2481
f 2480 2725 2726
f 2481 2727 2482
f 2481 2726 2727
f 2482 2728 2483
f 2482 2727 2728
f 2483 2729 2484
f 2483 2728 2729
f 2484 2730 2485
f 2484 2729 2730
f 2485 2731 2486
f 2485 2730 2731
f 2486 2732 2487
f 2486 2731 2732
f 2487 2733 2488
f 2487 2732 2733
f 2488 2734 2489
f 2488 2733 2734
f 2489 2735 2490
f 2489 2734 2735
f 2490 2736 2491
f 2490 2735 2736
f 2491 2737 2492
f 2491 2736 2737
f 2492 2738 2493
f 2492 2737 2738
f 2493 2739 2494
f 2493 2738 2739
f 2494 2740 2495
f 2494 2739 2740
f 2495 2741 2496
f 2495 2740 2741
f 2496 2742 2497
f 2496 2741 2742
f 2497 2743 2498
f 2497 2742 2743
f 2498 2744 2499
f 2498 2743 2744
f 2499 2745 2500
f 2499 2744 2745
f 2500 2746 2501
f 2500 2745 2746
f 2501 2747 2502
f 2501 2746 2747
f 2502 2748 2503
f 2502 2747 2748
f 2503 2749 2504
f 2503 2748 2749
f 2504 2750 2505
f 2504 2749 2750
f 2505 2751 2506
f 2505 2750 2751
f 2506 2752 2507
f 2506 2751 2752
f 2507 2753 2508
f 2507 2752 2753
f 2508 2754 2509
f 2508 2753 2754
f 2509 2755 2510
f 2509 2754 2755
f 2510 2756 2511
f 2510 2755 2756
f 2511 2757 2512
f 2511 2756 2757
f 2512 2758 2513
f 2512 2757 2758
f 2513 2759 2514
f 2513 2758 2759
f 2514 2760 2515
f 2514 2759 2760
f 2515 2761 2516
f 2515 2760 2761
f 2516 2762 2517
f 2516 2761 2762
f 2517 2763 2518
f 2517 2762 2763
f 2518 2764 2519
f 2518 2763 2764
f 2519 2765 2520
f 2519 2764 2765
f 2520 2766 2521
f 2520 2765 2766
f 2521 2767 2522
f 2521 2766 2767
f 2522 2768 2523
f 2522 2767 2768
f 2523 2769 2524
f 2523 2768 2769
f 2524 2770 2525
f 2524 2769 2770
f 2525 2771 2526
f 2525 2770 2771
f 2526 2772 2527
f 2526 2771 2772
f 2527 2773 2528
f 2527 2772 2773
f 2528 2774 2529
f 2528 2773 2774
f 2529 2775 2530
f 2529 2774 2775
f 2530 2776 2531
f 2530 2775 2776
f 2531 2777 2532
f 2531 2776 2777
f 2532 2778 2533
f 2532 2777 2778
f 2533 2779 2534
f 2533 2778 2779
f 2534 2780 2535
f 2534 2779 2780
f 2535 2781 2536
f 2535 2780 2781
f 2536 2782 2537
f 2536 2781 2782
f 2537 2783 2538
f 2537 2782 2783
f 2538 2784 2539
f 2538 2783 2784
f 2539 2785 2540
f 2539 2784 2785
f 2540 2786 2541
f 2540 2785 2786
f 2541 2787 2542
f 2541 2786 2787
f 2542 2788 2543
f 2542 2787 2788
f 2543 2789 2544
f 2543 2788 2789
f 2544 2790 2545
f 2544 2789 2790
f 2545 2791 2546
f 2545 2790 2791
f 2546 2792 2547
f 2546 2791 2792
f 2547 2793 2548
f 2547 2792 2793
f 2548 2794 2549
f 2548 2793 2794
f 2549 2795 2550
f 2549 2794 2795
f 2550 2796 2551
f 2550 2795 2796
f 2551 2797 2552
f 2551 2796 2797
f 2552 2798 2553
f 2552 2797 2798
f 2553 2799 2554
f 2553 2798 2799
f 2554 2800 2555
f 2554 2799 2800
f 2555 2801 2556
f 2555 2800 2801
f 2556 2802 2557
f 2556 2801 2802
f 2557 2803 2558
f 2557 2802 2803
f 2558 2804 2559
f 2558 2803 2804
f 2559 2805 2560
f 2559 2804 2805
f 2560 2806 2561
f 2560 2805 2806
f 2561 2807 2562
f 2561 2806 2807
f 2562 2808 2563
f 2562 2807 2808
f 2563 2809 2564
f 2563 2808 2809
f 2564 2810 2565
f 2564 2809 2810
f 2565 2811 2566
f 2565 2810 2811
f 2566 2812 2567
f 2566 2811 2812
f 2567 2813 2568
f 2567 2812 2813
f 2568 2814 2569
f 2568 2813 2814
f 2569 2815 2570
f 2569 2814 2815
f 2570 2816 2571
f 2570 2815 2816
f 2571 2817 2572
f 2571 2816 2817
f 2572 2818 2573
f 2572 2817 2818
f 2573 2819 2574
f 2573 2818 2819
f 2574 2820 2575
f 2574 2819 2820
f 2575 2821 2576
f 2575 2820 2821
f 2576 2822 2577
f 2576 2821 2822
f 2577 2823 2578
f 2577 2822 2823
f 2578 2824 2579
f 2578 2823 2824
f 2579 2825 2580
f 2579 2824 2825
f 2580 2826 2581
f 2580 2825 2826
f 2581 2827 2582
f 2581 2826 2827
f 2582 2828 2583
f 2582 2827 2828
f 2583 2829 2584
f 2583 2828 2829
f 2584 2830 2585
f 2584 2829 2830
f 2585 2831 2586
f 2585 2830 2831
f 2586 2832 2587
f 2586 2831 2832
f 2587 2833 2588
f 2587 2832 2833
f 2588 2834 2589
f 2588 2833 2834
f 2589 2835 2590
f 2589 2834 2835
f 2590 2836 2591
f 2590 2835 2836
f 2591 2837 2592
f 2591 2836 2837
f 2592 2838 2593
f 2592 2837 2838
f 2593 2839 2594
f 2593 2838 2839
f 2594 2840 2595
f 2594 2839 2840
f 2595 2841 2596
f 2595 2840 2841
f 2596 2842 2597
f 2596 2841 2842
f 2597 2843 2598
f 2597 2842 2843
f 2598 2844 2599
f 2598 2843 2844
f 2599 2845 2600
f 2599 2844 2845
f 2600 2846 2601
f 2600 2845 2846
f 2601 2847 2602
f 2601 2846 2847
f 2602 2848 2603
f 2602 2847 2848
f 2603 2849 2604
f 2603 2848 2849
f 2604 2850 2605
f 2604 2849 2850
f 2605 2851 2606
f 2605 2850 2851
f 2606 2852 2607
f 2606 2851 2852
f 2607 2853 2608
f 2607 2852 2853
f 2608 2854 2609
f 2608 2853 2854
f 2609 2855 2610
f 2609 2854 2855
f 2610 2856 2611
f 2610 2855 2856
f 2611 2857 2612
f 2611 2856 2857
f 2612 2858 2613
f 2612 2857 2858
f 2613 2859 2614
f 2613 2858 2859
f 2614 2860 2615
f 2614 2859 2860
f 2615 2861 2616
f 2615 2860 2861
f 2616 2862 2617
f 2616 2861 2862
f 2617 2863 2618
f 2617 2862 2863
f 2618 2864 2619
f 2618 2863 2864
f 2619 2865 2620
f 2619 2864 2865
f 2620 2866 2621
f 2620 2865 2866
f 2621 2867 2622
f 2621 2866 2867
f 2622 2868 2623
f 2622 2867 2868
f 2623 2869 2624
f 2623 2868 2869
f 2624 2870 2625
f 2624 2869 2870
f 2625 2871 2626
f 2625 2870 2871
f 2626 2872 2627
f 2626 2871 2872
f 2627 2873 2628
f 2627 2872 2873
f 2628 2874 2629
f 2628 2873 2874
f 2629 2875 2630
f 2629 2874 2875
f 2630 2876 2631
f 2630 2875 2876
f 2631 2877 2632
f 2631 2876 2877
f 2632 2878 2633
f 2632 2877 2878
f 2633 2879 2634
f 2633 2878 2879
f 2634 2880 2635
f 2634 2879 2880
f 2635 2881 2636
f 2635 2880 2881
f 2636 2882 2637
f 2636 2881 2882
f 2637 2883 2638
f 2637 2882 2883
f 2638 2884 2639
f 2638 2883 2884
f 2639 2885 2640
f 2639 2884 2885
f 2640 2886 2641
f 2640 2885 2886
f 2641 2887 2642
f 2641 2886 2887
f 2642 2888 2643
f 2642 2887 2888
f 2643 2889 2644
f 2643 2888 2889
f 2644 2890 2645
f 2644 2889 2890
f 2645 2891 2646
f 2645 2890 2891
f 2646 2892 2647
f 2646 2891 2892
f 2647 2893 2648
f 2647 2892 2893
f 2648 2894 2649
f 2648 2893 2894
f 2649 2895 2650
f 2649 2894 2895
f 2650 2896 2651
f 2650 2895 2896
f 2651 2897 2652
f 2651 2896 2897
f 2652 2898 2653
f 2652 2897 2898
f 2653 2899 2654
f 2653 2898 2899
f 2654 2900 2655
f 2654 2899 2900
f 2655 2901 2656
f 2655 2900 2901
f 2656 2902 2657
f 2656 2901 2902
f 2657 2903 2658
f 2657 2902 2903
f 2658 2904 2659
f 2658 2903 2904
f 2659 2905 2660
f 2659 2904 2905
f 2660 2906 2661
f 2660 2905 2906
f 2661 2907 2662
f 2661 2906 2907
f 2662 2908 2663
f 2662 2907 2908
f 2663 2909 2664
f 2663 2908 2909
f 2664 2910 2665
f 2664 2909 2910
f 2665 2911 2666
f 2665 2910 2911
f 2666 2912 2667
f 2666 2911 2912
f 2667 2913 2668
f 2667 2912 2913
f 2668 2914 2669
f 2668 2913 2914
f 2669 2915 2670
f 2669 2914 2915
f 2670 2916 2671
f 2670 2915 2916
f 2671 2917 2672
f 2671 2916 2917
f 2672 2918 2673
f 2672 2917 2918
f 2673 2919 2674
f 2673 2918 2919
f 2674 2920 2675
f 2674 2919 2920
f 2675 2921 2676
f 2675 2920 2921
f 2676 2922 2677
f 2676 2921 2922
f 2677 2923 2678
f 2677 2922 2923
f 2678 2924 2679
f 2678 2923 2924
f 2679 2925 2680
f 2679 2924 2925
f 2680 2926 2681
f 2680 2925 2926
f 2681 2927 2682
f 2681 2926 2927
f 2682 2928 2683
f 2682 2927 2928
f 2683 2929 2684
f 2683 2928 2929
f 2684 2930 2685
f 2684 2929 2930
f 2685 2931 2686
f 2685 2930 2931
f 2686 2932 2687
f 2686 2931 2932
f 2687 2933 2688
f 2687 2932 2933
f 2688 2934 2689
f 2688 2933 2934
f 2689 2935 2690
f 2689 2934 2935
f 2690 2936 2691
f 2690 2935 2936
f 2691 2937 2692
f 2691 2936 2937
f 2692 2938 2693
f 2692 2937 2938
f 2693 2939 2694
f 2693 2938 2939
f 2694 2940 2695
f 2694 2939 2940
f 2696 2942 2697
f 2696 2941 2942
f 2697 2943 2698
f 2697 2942 2943
f 2698 2944 2699
f 2698 2943 2944
f 2699 2945 2700
f 2699 2944 2945
f 2700 2946 2701
f 2700 2945 2946
f 2701 2947 2702
f 2701 2946 2947
f 2702 2948 2703
f 2702 2947 2948
f 2703 2949 2704
f 2703 2948 2949
f 2704 2950 2705
f 2704 2949 2950
f 2705 2951 2706
f 2705 2950 2951
f 2706 2952 2707
f 2706 2951 2952
f 2707 2953 2708
f 2707 2952 2953
f 2708 2954 2709
f 2708 2953 2954
f 2709 2955 2710
f 2709 2954 2955
f 2710 2956 2711
f 2710 2955 2956
f 2711 2957 2712
f 2711 2956 2957
f 2712 2958 2713
f 2712 2957 2958
f 2713 2959 2714
f 2713 2958 2959
f 2714 2960 2715
f 2714 2959 2960
f 2715 2961 2716
f 2715 2960 2961
f 2716 2962 2717
f 2716 2961 2962
f 2717 2963 2718
f 2717 2962 2963
f 2718 2964 2719
f 2718 2963 2964
f 2719 2965 2720
f 2719 2964 2965
f 2720 2966 2721
f 2720 2965 2966
f 2721 2967 2722
f 2721 2966 2967
f 2722 2968 2723
f 2722 2967 2968
f 2723 2969 2724
f 2723 2968 2969
f 2724 2970 2725
f 2724 2969 2970
f 2725 2971 2726
f 2725 2970 2971
f 2726 2972 2727
f 2726 2971 2972
f 2727 2973 2728
f 2727 2972 2973
f 2728 2974 2729
f 2728 2973 2974
f 2729 2975 2730
f 2729 2974 2975
f 2730 2976 2731
f 2730 2975 2976
f 2731 2977 2732
f 2731 2976 2977
f 2732 2978 2733
f 2732 2977 2978
f 2733 2979 2734
f 2733 2978 2979
f 2734 2980 2735
f 2734 2979 2980
f 2735 2981 2736
f 2735 2980 2981
f 2736 2982 2737
f 2736 2981 2982
f 2737 2983 2738
f 2737 2982 2983
f 2738 2984 2739
f 2738 2983 2984
f 2739 2985 2740
f 2739 2984 2985
f 2740 2986 2741
f 2740 2985 2986
f 2741 2987 2742
f 2741 2986 2987
f 2742 2988 2743
f 2742 2987 2988
f 2743 2989 2744
f 2743 2988 2989
f 2744 2990 2745
f 2744 2989 2990
f 2745 2991 2746
f 2745 2990 2991
f 2746 2992 2747
f 2746 2991 2992
f 2747 2993 2748
f 2747 2992 2993
f 2748 2994 2749
f 2748 2993 2994
f 2749 2995 2750
f 2749 2994 2995
f 2750 2996 2751
f 2750 2995 2996
f 2751 2997 2752
f 2751 2996 2997
f 2752 2998 2753
f 2752 2997 2998
f 2753 2999 2754
f 2753 2998 2999
f 2754 3000 2755
f 2754 2999 3000
f 2755 3001 2756
f 2755 3000 3001
f 2756 3002 2757
f 2756 3001 3002
f 2757 3003 2758
f 2757 3002 3003
f 2758 3004 2759
f 2758 3003 3004
f 2759 3005 2760
f 2759 3004 3005
f 2760 3006 2761
f 2760 3005 3006
f 2761 3007 2762
f 2761 3006 3007
f 2762 3008 2763
f 2762 3007 3008
f 2763 3009 2764
f 2763 3008 3009
f 2764 3010 2765
f 2764 3009 3010
f 2765 3011 2766
f 2765 3010 3011
f 2766 3012 2767
f 2766 3011 3012
f 2767 3013 2768
f 2767 3012 3013
f 2768 3014 2769
f 2768 3013 3014
f 2769 3015 2770
f 2769 3014 3015
f 2770 3016 2771
f 2770 3015 3016
f 2771 3017 2772
f 2771 3016 3017
f 2772 3018 2773
f 2772 3017 3018
f 2773 3019 2774
f 2773 3018 3019
f 2774 3020 2775
f 2774 3019 3020
f 2775 3021 2776
f 2775 3020 3021
f 2776 3022 2777
f 2776 3021 3022
f 2777 3023 2778
f 2777 3022 3023
f 2778 3024 2779
f 2778 3023 3024
f 2779 3025 2780
f 2779 3024 3025
f 2780 3026 2781
f 2780 3025 3026
f 2781 3027 2782
f 2781 3026 3027
f 2782 3028 2783
f 2782 3027 3028
f 2783 3029 2784
f 2783 3028 3029
f 2784 3030 2785
f 2784 3029 3030
f 2785 3031 2786
f 2785 3030 3031
f 2786 3032 2787
f 2786 3031 3032
f 2787 3033 2788
f 2787 3032 3033
f 2788 3034 2789
f 2788 3033 3034
f 2789 3035 2790
f 2789 3034 3035
f 2790 3036 2791
f 2790 3035 3036
f 2791 3037 2792
f 2791 3036 3037
f 2792 3038 2793
f 2792 3037 3038
f 2793 3039 2794
f 2793 3038 3039
f 2794 3040 2795
f 2794 3039 3040
f 2795 3041 2796
f 2795 3040 3041
f 2796 3042 2797
f 2796 3041 3042
f 2797 3043 2798
f 2797 3042 3043
f 2798 3044 2799
f 2798 3043 3044
f 2799 3045 2800
f 2799 3044 3045
f 2800 3046 2801
f 2800 3045 3046
f 2801 3047 2802
f 2801 3046 3047
f 2802 3048 2803
f 2802 3047 3048
f 2803 3049 2804
f 2803 3048 3049
f 2804 3050 2805
f 2804 3049 3050
f 2805 3051 2806
f 2805 3050 3051
f 2806 3052 2807
f 2806 3051 3052
f 2807 3053 2808
f 2807 3052 3053
f 2808 3054 2809
f 2808 3053 3054
f 2809 3055 2810
f 2809 3054 3055
f 2810 3056 2811
f 2810 3055 3056
f 2811 3057 2812
f 2811 3056 3057
f 2812 3058 2813
f 2812 3057 3058
f 2813 3059 2814
f 2813 3058 3059
f 2814 3060 2815
f 2814 3059 3060
f 2815 3061 2816
f 2815 3060 3061
f 2816 3062 2817
f 2816 3061 3062
f 2817 3063 2818
f 2817 3062 3063
f 2818 3064 2819
f 2818 3063 3064
f 2819 3065 2820
f 2819 3064 3065
f 2820 3066 2821
f 2820 3065 3066
f 2821 3067 2822
f 2821 3066 3067
f 2822 3068 2823
f 2822 3067 3068
f 2823 3069 2824
f 2823 3068 3069
f 2824 3070 2825
f 2824 3069 3070
f 2825 3071 2826
f 2825 3070 3071
f 2826 3072 2827
f 2826 3071 3072
f 2827 3073 2828
f 2827 3072 3073
f 2828 3074 2829
f 2828 3073 3074
f 2829 3075 2830
f 2829 3074 3075
f 2830 3076 2831
f 2830 3075 3076
f 2831 3077 2832
f 2831 3076 3077
f 2832 3078 2833
f 2832 3077 3078
f 2833 3079 2834
f 2833 3078 3079
f 2834 3080 2835
f 2834 3079 3080
f 2835 3081 2836
f 2835 3080 3081
f 2836 3082 2837
f 2836 3081 3082
f 2837 3083 2838
f 2837 3082 3083
f 2838 3084 2839
f 2838 3083 3084
f 2839 3085 2840
f 2839 3084 3085
f 2840 3086 2841
f 2840 3085 3086
f 2841 3087 2842
f 2841 3086 3087
f 2842 3088 2843
f 2842 3087 3088
f 2843 3089 2844
f 2843 3088 3089
f 2844 3090 2845
f 2844 3089 3090
f 2845 3091 2846
f 2845 3090 3091
f 2846 3092 2847
f 2846 3091 3092
f 2847 3093 2848
f 2847 3092 3093
f 2848 3094 2849
f 2848 3093 3094
f 2849 3095 2850
f 2849 3094 3095
f 2850 3096 2851
f 2850 3095 3096
f 2851 3097 2852
f 2851 3096 3097
f 2852 3098 2853
f 2852 3097 3098
f 2853 3099 2854
f 2853 3098 3099
f 2854 3100 2855
f 2854 3099 3100
f 2855 3101 2856
f 2855 3100 3101
f 2856 3102 2857
f 2856 3101 3102
f 2857 3103 2858
f 2857 3102 3103
f 2858 3104 2859
f 2858 3103 3104
f 2859 3105 2860
f 2859 3104 3105
f 2860 3106 2861
f 2860 3105 3106
f 2861 3107 2862
f 2861 3106 3107
f 2862 3108 2863
f 2862 3107 3108
f 2863 3109 2864
f 2863 3108 3109
f 2864 3110 2865
f 2864 3109 3110
f 2865 3111 2866
f 2865 3110 3111
f 2866 3112 2867
f 2866 3111 3112
f 2867 3113 2868
f 2867 3112 3113
f 2868 3114 2869
f 2868 3113 3114
f 2869 3115 2870
f 2869 3114 3115
f 2870 3116 2871
f 2870 3115 3116
f 2871 3117 2872
f 2871 3116 3117
f 2872 3118 2873
f 2872 3117 3118
f 2873 3119 2874
f 2873 3118 3119
f 2874 3120 2875
f 2874 3119 3120
f 2875 3121 2876
f 2875 3120 3121
f 2876 3122 2877
f 2876 3121 3122
f 2877 3123 2878
f 2877 3122 3123
f 2878 3124 2879
f 2878 3123 3124
f 2879 3125 2880
f 2879 3124 3125
f 2880 3126 2881
f 2880 3125 3126
f 2881 3127 2882
f 2881 3126 3127
f 2882 3128 2883
f 2882 3127 3128
f 2883 3129 2884
f 2883 3128 3129
f 2884 3130 2885
f 2884 3129 3130
f 2885 3131 2886
f 2885 3130 3131
f 2886 3132 2887
f 2886 3131 3132
f 2887 3133 2888
f 2887 3132 3133
f 2888 3134 2889
f 2888 3133 3134
f 2889 3135 2890
f 2889 3134 3135
f 2890 3136 2891
f 2890 3135 3136
f 2891 3137 2892
f 2891 3136 3137
f 2892 3138 2893
f 2892 3137 3138
f 2893 3139 2894
f 2893 3138 3139
f 2894 3140 2895
f 2894 3139 3140
f 2895 3141 2896
f 2895 3140 3141
f 2896 3142 2897
f 2896 3141 3142
f 2897 3143 2898
f 2897 3142 3143
f 2898 3144 2899
f 2898 3143 3144
f 2899 3145 2900
f 2899 3144 3145
f 2900 3146 2901
f 2900 3145 3146
f 2901 3147 2902
f 2901 3146 3147
f 2902 3148 2903
f 2902 3147 3148
f 2903 3149 2904
f 2903 3148 3149
f 2904 3150 2905
f 2904 3149 3150
f 2905 3151 2906
f 2905 3150 3151
f 2906 3152 2907
f 2906 3151 3152
f 2907 3153 2908
f 2907 3152 3153
f 2908 3154 2909
f 2908 3153 3154
f 2909 3155 2910
f 2909 3154 3155
f 2910 3156 2911
f 2910 3155 3156
f 2911 3157 2912
f 2911 3156 3157
f 2912 3158 2913
f 2912 3157 3158
f 2913 3159 2914
f 2913 3158 3159
f 2914 3160 2915
f 2914 3159 3160
f 2915 3161 2916
f 2915 3160 3161
f 2916 3162 2917
f 2916 3161 3162
f 2917 3163 2918
f 2917 3162 3163
f 2918 3164 2919
f 2918 3163 3164
f 2919 3165 2920
f 2919 3164 3165
f 2920 3166 2921
f 2920 3165 3166
f 2921 3167 2922
f 2921 3166 3167
f 2922 3168 2923
f 2922 3167 3168
f 2923 3169 2924
f 2923 3168 3169
f 2924 3170 2925
f 2924 3169 3170
f 2925 3171 2926
f 2925 3170 3171
f 2926 3172 2927
f 2926 3171 3172
f 2927 3173 2928
f 2927 3172 3173
f 2928 3174 2929
f 2928 3173 3174
f 2929 3175 2930
f 2929 3174 3175
f 2930 3176 2931
f 2930 3175 3176
f 2931 3177 2932
f 2931 3176 3177
f 2932 3178 2933
f 2932 3177 3178
f 2933 3179 2934
f 2933 3178 3179
f 2934 3180 2935
f 2934 3179 3180
f 2935 3181 2936
f 2935 3180 3181
f 2936 3182 2937
f 2936 3181 3182
f 2937 3183 2938
f 2937 3182 3183
f 2938 3184 2939
f 2938 3183 3184
f 2939 3185 2940
f 2939 3184 3185
f 2941 3187 2942
f 2941 3186 3187
f 2942 3188 2943
f 2942 3187 3188
f 2943 3189 2944
f 2943 3188 3189
f 2944 3190 2945
f 2944 3189 3190
f 2945 3191 2946
f 2945 3190 3191
f 2946 3192 2947
f 2946 3191 3192
f 2947 3193 2948
f 2947 3192 3193
f 2948 3194 2949
f 2948 3193 3194
f 2949 3195 2950
f 2949 3194 3195
f 2950 3196 2951
f 2950 3195 3196
f 2951 3197 2952
f 2951 3196 3197
f 2952 3198 2953
f 2952 3197 3198
f 2953 3199 2954
f 2953 3198 3199
f 2954 3200 2955
f 2954 3199 3200
f 2955 3201 2956
f 2955 3200 3201
f 2956 3202 2957
f 2956 3201 3202
f 2957 3203 2958
f 2957 3202 3203
f 2958 3204 2959
f 2958 3203 3204
f 2959 3205 2960
f 2959 3204 3205
f 2960 3206 2961
f 2960 3205 3206
f 2961 3207 2962
f 2961 3206 3207
f 2962 3208 2963
f 2962 3207 3208
f 2963 3209 2964
f 2963 3208 3209
f 2964 3210 2965
f 2964 3209 3210
f 2965 3211 2966
f 2965 3210 3211
f 2966 3212 2967
f 2966 3211 3212
f 2967 3213 2968
f 2967 3212 3213
f 2968 3214 2969
f 2968 3213 3214
f 2969 3215 2970
f 2969 3214 3215
f 2970 3216 2971
f 2970 3215 3216
f 2971 3217 2972
f 2971 3216 3217
f 2972 3218 2973
f 2972 3217 3218
f 2973 3219 2974
f 2973 3218 3219
f 2974 3220 2975
f 2974 3219 3220
f 2975 3221 2976
f 2975 3220 3221
f 2976 3222 2977
f 2976 3221 3222
f 2977 3223 2978
f 2977 3222 3223
f 2978 3224 2979
f 2978 3223 3224
f 2979 3225 2980
f 2979 3224 3225
f 2980 3226 2981
f 2980 3225 3226
f 2981 3227 2982
f 2981 3226 3227
f 2982 3228 2983
f 2982 3227 3228
f 2983 3229 2984
f 2983 3228 3229
f 2984 3230 2985
f 2984 3229 3230
f 2985 3231 2986
f 2985 3230 3231
f 2986 3232 2987
f 2986 3231 3232
f 2987 3233 2988
f 2987 3232 3233
f 2988 3234 2989
f 2988 3233 3234
f 2989 3235 2990
f 2989 3234 3235
f 2990 3236 2991
f 2990 3235 3236
f 2991 3237 2992
f 2991 3236 3237
f 2992 3238 2993
f 2992 3237 3238
f 2993 3239 2994
f 2993 3238 3239
f 2994 3240 2995
f 2994 3239 3240
f 2995 3241 2996
f 2995 3240 3241
f 2996 3242 2997
f 2996 3241 3242
f 2997 3243 2998
f 2997 3242 3243
f 2998 3244 2999
f 2998 3243 3244
f 2999 3245 3000
f 2999 3244 3245
f 3000 3246 3001
f 3000 3245 3246
f 3001 3247 3002
f 3001 3246 3247
f 3002 3248 3003
f 3002 3247 3248
f 3003 3249 3004
f 3003 3248 3249
f 3004 3250 3005
f 3004 3249 3250
f 3005 3251 3006
f 3005 3250 3251
f 3006 3252 3007
f 3006 3251 3252
f 3007 3253 3008
f 3007 3252 3253
f 3008 3254 3009
f 3008 3253 3254
f 3009 3255 3010
f 3009 3254 3255
f 3010 3256 3011
f 3010 3255 3256
f 3011 3257 3012
f 3011 3256 3257
f 3012 3258 3013
f 3012 3257 3258
f 3013 3259 3014
f 3013 3258 3259
f 3014 3260 3015
f 3014 3259 3260
f 3015 3261 3016
f 3015 3260 3261
f 3016 3262 3017
f 3016 3261 3262
f 3017 3263 3018
f 3017 3262 3263
f 3018 3264 3019
f 3018 3263 3264
f 3019 3265 3020
f 3019 3264 3265
f 3020 3266 3021
f 3020 3265 3266
f 3021 3267 3022
f 3021 3266 3267
f 3022 3268 3023
f 3022 3267 3268
f 3023 3269 3024
f 3023 3268 3269
f 3024 3270 3025
f 3024 3269 3270
f 3025 3271 3026
f 3025 3270 3271
f 3026 3272 3027
f 3026 3271 3272
f 3027 3273 3028
f 3027 3272 3273
f 3028 3274 3029
f 3028 3273 3274
f 3029 3275 3030
f 3029 3274 3275
f 3030 3276 3031
f 3030 3275 3276
f 3031 3277 3032
f 3031 3276 3277
f 3032 3278 3033
f 3032 3277 3278
f 3033 3279 3034
f 3033 3278 3279
f 3034 3280 3035
f 3034 3279 3280
f 3035 3281 3036
f 3035 3280 3281
f 3036 3282 3037
f 3036 3281 3282
f 3037 3283 3038
f 3037 3282 3283
f 3038 3284 3039
f 3038 3283 3284
f 3039 3285 3040
f 3039 3284 3285
f 3040 3286 3041
f 3040 3285 3286
f 3041 3287 3042
f 3041 3286 3287
f 3042 3288 3043
f 3042 3287 3288
f 3043 3289 3044
f 3043 3288 3289
f 3044 3290 3045
f 3044 3289 3290
f 3045 3291 3046
f 3045 3290 3291
f 3046 3292 3047
f 3046 3291 3292
f 3047 3293 3048
f 3047 3292 3293
f 3048 3294 3049
f 3048 3293 3294
f 3049 3295 3050
f 3049 3294 3295
f 3050 3296 3051
f 3050 3295 3296
f 3051 3297 3052
f 3051 3296 3297
f 3052 3298 3053
f 3052 3297 3298
f 3053 3299 3054
f 3053 3298 3299
f 3054 3300 3055
f 3054 3299 3300
f 3055 3301 3056
f 3055 3300 3301
f 3056 3302 3057
f 3056 3301 3302
f 3057 3303 3058
f 3057 3302 3303
f 3058 3304 3059
f 3058 3303 3304
f 3059 3305 3060
f 3059 3304 3305
f 3060 3306 3061
f 3060 3305 3306
f 3061 3307 3062
f 3061 3306 3307
f 3062 3308 3063
f 3062 3307 3308
f 3063 3309 3064
f 3063 3308 3309
f 3064 3310 3065
f 3064 3309 3310
f 3065 3311 3066
f 3065 3310 3311
f 3066 3312 3067
f 3066 3311 3312
f 3067 3313 3068
f 3067 3312 3313
f 3068 3314 3069
f 3068 3313 3314
f 3069 3315 3070
f 3069 3314 3315
f 3070 3316 3071
f 3070 3315 3316
f 3071 3317 3072
f 3071 3316 3317
f 3072 3318 3073
f 3072 3317 3318
f 3073 3319 3074
f 3073 3318 3319
f 3074 3320 3075
f 3074 3319 3320
f 3075 3321 3076
f 3075 3320 3321
f 3076 3322 3077
f 3076 3321 3322
f 3077 3323 3078
f 3077 3322 3323
f 3078 3324 3079
f 3078 3323 3324
f 3079 3325 3080
f 3079 3324 3325
f 3080 3326 3081
f 3080 3325 3326
f 3081 3327 3082
f 3081 3326 3327
f 3082 3328 3083
f 3082 3327 3328
f 3083 3329 3084
f 3083 3328 3329
f 3084 3330 3085
f 3084 3329 3330
f 3085 3331 3086
f 3085 3330 3331
f 3086 3332 3087
f 3086 3331 3332
f 3087 3333 3088
f 3087 3332 3333
f 3088 3334 3089
f 3088 3333 3334
f 3089 3335 3090
f 3089 3334 3335
f 3090 3336 3091
f 3090 3335 3336
f 3091 3337 3092
f 3091 3336 3337
f 3092 3338 3093
f 3092 3337 3338
f 3093 3339 3094
f 3093 3338 3339
f 3094 3340 3095
f 3094 3339 3340
f 3095 3341 3096
f 3095 3340 3341
f 3096 3342 3097
f 3096 3341 3342
f 3097 3343 3098
f 3097 3342 3343
f 3098 3344 3099
f 3098 3343 3344
f 3099 3345 3100
f 3099 3344 3345
f 3100 3346 3101
f 3100 3345 3346
f 3101 3347 3102
f 3101 3346 3347
f 3102 3348 3103
f 3102 3347 3348
f 3103 3349 3104
f 3103 3348 3349
f 3104 3350 3105
f 3104 3349 3350
f 3105 3351 3106
f 3105 3350 3351
f 3106 3352 3107
f 3106 3351 3352
f 3107 3353 3108
f 3107 3352 3353
f 3108 3354 3109
f 3108 3353 3354
f 3109 3355 3110
f 3109 3354 3355
f 3110 3356 3111
f 3110 3355 3356
f 3111 3357 3112
f 3111 3356 3357
f 3112 3358 3113
f 3112 3357 3358
f 3113 3359 3114
f 3113 3358 3359
f 3114 3360 3115
f 3114 3359 3360
f 3115 3361 3116
f 3115 3360 3361
f 3116 3362 3117
f 3116 3361 3362
f 3117 3363 3118
f 3117 3362 3363
f 3118 3364 3119
f 3118 3363 3364
f 3119 3365 3120
f 3119 3364 3365
f 3120 3366 3121
f 3120 3365 3366
f 3121 3367 3122
f 3121 3366 3367
f 3122 3368 3123
f 3122 3367 3368
f 3123 3369 3124
f 3123 3368 3369
f 3124 3370 3125
f 3124 3369 3370
f 3125 3371 3126
f 3125 3370 3371
f 3126 3372 3127
f 3126 3371 3372
f 3127 3373 3128
f 3127 3372 3373
f 3128 3374 3129
f 3128 3373 3374
f 3129 3375 3130
f 3129 3374 3375
f 3130 3376 3131
f 3130 3375 3376
f 3131 3377 3132
f 3131 3376 3377
f 3132 3378 3133
f 3132 3377 3378
f 3133 3379 3134
f 3133 3378 3379
f 3134 3380 3135
f 3134 3379 3380
f 3135 3381 3136
f 3135 3380 3381
f 3136 3382 3137
f 3136 3381 3382
f 3137 3383 3138
f 3137 3382 3383
f 3138 3384 3139
f 3138 3383 3384
f 3139 3385 3140
f 3139 3384 3385
f 3140 3386 3141
f 3140 3385 3386
f 3141 3387 3142
f 3141 3386 3387
f 3142 3388 3143
f 3142 3387 3388
f 3143 3389 3144
f 3143 3388 3389
f 3144 3390 3145
f 3144 3389 3390
f 3145 3391 3146
f 3145 3390 3391
f 3146 3392 3147
f 3146 3391 3392
f 3147 3393 3148
f 3147 3392 3393
f 3148 3394 3149
f 3148 3393 3394
f 3149 3395 3150
f 3149 3394 3395
f 3150 3396 3151
f 3150 3395 3396
f 3151 3397 3152
f 3151 3396 3397
f 3152 3398 3153
f 3152 3397 3398
f 3153 3399 3154
f 3153 3398 3399
f 3154 3400 3155
f 3154 3399 3400
f 3155 3401 3156
f 3155 3400 3401
f 3156 3402 3157
f 3156 3401 3402
f 3157 3403 3158
f 3157 3402 3403
f 3158 3404 3159
f 3158 3403 3404
f 3159 3405 3160
f 3159 3404 3405
f 3160 3406 3161
f 3160 3405 3406
f 3161 3407 3162
f 3161 3406 3407
f 3162 3408 3163
f 3162 3407 3408
f 3163 3409 3164
f 3163 3408 3409
f 3164 3410 3165
f 3164 3409 3410
f 3165 3411 3166
f 3165 3410 3411
f 3166 3412 3167
f 3166 3411 3412
f 3167 3413 3168
f 3167 3412 3413
f 3168 3414 3169
f 3168 3413 3414
f 3169 3415 3170
f 3169 3414 3415
f 3170 3416 3171
f 3170 3415 3416
f 3171 3417 3172
f 3171 3416 3417
f 3172 3418 3173
f 3172 3417 3418
f 3173 3419 3174
f 3173 3418 3419
f 3174 3420 3175
f 3174 3419 3420
f 3175 3421 3176
f 3175 3420 3421
f 3176 3422 3177
f 3176 3421 3422
f 3177 3423 3178
f 3177 3422 3423
f 3178 3424 3179
f 3178 3423 3424
f 3179 3425 3180
f 3179 3424 3425
f 3180 3426 3181
f 3180 3425 3426
f 3181 3427 3182
f 3181 3426 3427
f 3182 3428 3183
f 3182 3427 3428
f 3183 3429 3184
f 3183 3428 3429
f 3184 3430 3185
f 3184 3429 3430
f 3186 3432 3187
f 3186 3431 3432
f 3187 3433 3188
f 3187 3432 3433
f 3188 3434 3189
f 3188 3433 3434
f 3189 3435 3190
f 3189 3434 3435
f 3190 3436 3191
f 3190 3435 3436
f 3191 3437 3192
f 3191 3436 3437
f 3192 3438 3193
f 3192 3437 3438
f 3193 3439 3194
f 3193 3438 3439
f 3194 3440 3195
f 3194 3439 3440
f 3195 3441 3196
f 3195 3440 3441
f 3196 3442 3197
f 3196 3441 3442
f 3197 3443 3198
f 3197 3442 3443
f 3198 3444 3199
f 3198 3443 3444
f 3199 3445 3200
f 3199 3444 3445
f 3200 3446 3201
f 3200 3445 3446
f 3201 3447 3202
f 3201 3446 3447
f 3202 3448 3203
f 3202 3447 3448
f 3203 3449 3204
f 3203 3448 3449
f 3204 3450 3205
f 3204 3449 3450
f 3205 3451 3206
f 3205 3450 3451
f 3206 3452 3207
f 3206 3451 3452
f 3207 3453 3208
f 3207 3452 3453
f 3208 3454 3209
f 3208 3453 3454
f 3209 3455 3210
f 3209 3454 3455
f 3210 3456 3211
f 3210 3455 3456
f 3211 3457 3212
f 3211 3456 3457
f 3212 3458 3213
f 3212 3457 3458
f 3213 3459 3214
f 3213 3458 3459
f 3214 3460 3215
f 3214 3459 3460
f 3215 3461 3216
f 3215 3460 3461
f 3216 3462 3217
f 3216 3461 3462
f 3217 3463 3218
f 3217 3462 3463
f 3218 3464 3219
f 3218 3463 3464
f 3219 3465 3220
f 3219 3464 3465
f 3220 3466 3221
f 3220 3465 3466
f 3221 3467 3222
f 3221 3466 3467
f 3222 3468 3223
f 3222 3467 3468
f 3223 3469 3224
f 3223 3468 3469
f 3224 3470 3225
f 3224 3469 3470
f 3225 3471 3226
f 3225 3470 3471
f 3226 3472 3227
f 3226 3471 3472
f 3227 3473 3228
f 3227 3472 3473
f 3228 3474 3229
f 3228 3473 3474
f 3229 3475 3230
f 3229 3474 3475
f 3230 3476 3231
f 3230 3475 3476
f 3231 3477 3232
f 3231 3476 3477
f 3232 3478 3233
f 3232 3477 3478
f 3233 3479 3234
f 3233 3478 3479
f 3234 3480 3235
f 3234 3479 3480
f 3235 3481 3236
f 3235 3480 3481
f 3236 3482 3237
f 3236 3481 3482
f 3237 3483 3238
f 3237 3482 3483
f 3238 3484 3239
f 3238 3483 3484
f 3239 3485 3240
f 3239 3484 3485
f 3240 3486 3241
f 3240 3485 3486
f 3241 3487 3242
f 3241 3486 3487
f 3242 3488 3243
f 3242 3487 3488
f 3243 3489 3244
f 3243 3488 3489
f 3244 3490 3245
f 3244 3489 3490
f 3245 3491 3246
f 3245 3490 3491
f 3246 3492 3247
f 3246 3491 3492
f 3247 3493 3248
f 3247 3492 3493
f 3248 3494 3249
f 3248 3493 3494
f 3249 3495 3250
f 3249 3494 3495
f 3250 3496 3251
f 3250 3495 3496
f 3251 3497 3252
f 3251 3496 3497
f 3252 3498 3253
f 3252 3497 3498
f 3253 3499 3254
f 3253 3498 3499
f 3254 3500 3255
f 3254 3499 3500
f 3255 3501 3256
f 3255 3500 3501
f 3256 3502 3257
f 3256 3501 3502
f 3257 3503 3258
f 3257 3502 3503
f 3258 3504 3259
f 3258 3503 3504
f 3259 3505 3260
f 3259 3504 3505
f 3260 3506 3261
f 3260 3505 3506
f 3261 3507 3262
f 3261 3506 3507
f 3262 3508 3263
f 3262 3507 3508
f 3263 3509 3264
f 3263 3508 3509
f 3264 3510 3265
f 3264 3509 3510
f 3265 3511 3266
f 3265 3510 3511
f 3266 3512 3267
f 3266 3511 3512
f 3267 3513 3268
f 3267 3512 3513
f 3268 3514 3269
f 3268 3513 3514
f 3269 3515 3270
f 3269 3514 3515
f 3270 3516 3271
f 3270 3515 3516
f 3271 3517 3272
f 3271 3516 3517
f 3272 3518 3273
f 3272 3517 3518
f 3273 3519 3274
f 3273 3518 3519
f 3274 3520 3275
f 3274 3519 3520
f 3275 3521 3276
f 3275 3520 3521
f 3276 3522 3277
f 3276 3521 3522
f 3277 3523 3278
f 3277 3522 3523
f 3278 3524 3279
f 3278 3523 3524
f 3279 3525 3280
f 3279 3524 3525
f 3280 3526 3281
f 3280 3525 3526
f 3281 3527 3282
f 3281 3526 3527
f 3282 3528 3283
f 3282 3527 3528
f 3283 3529 3284
f 3283 3528 3529
f 3284 3530 3285
f 3284 3529 3530
f 3285 3531 3286
f 3285 3530 3531
f 3286 3532 3287
f 3286 3531 3532
f 3287 3533 3288
f 3287 3532 3533
f 3288 3534 3289
f 3288 3533 3534
f 3289 3535 3290
f 3289 3534 3535
f 3290 3536 3291
f 3290 3535 3536
f 3291 3537 3292
f 3291 3536 3537
f 3292 3538 3293
f 3292 3537 3538
f 3293 3539 3294
f 3293 3538 3539
f 3294 3540 3295
f 3294 3539 3540
f 3295 3541 3296
f 3295 3540 3541
f 3296 3542 3297
f 3296 3541 3542
f 3297 3543 3298
f 3297 3542 3543
f 3298 3544 3299
f 3298 3543 3544
f 3299 3545 3300
f 3299 3544 3545
f 3300 3546 3301
f 3300 3545 3546
f 3301 3547 3302
f 3301 3546 3547
f 3302 3548 3303
f 3302 3547 3548
f 3303 3549 3304
f 3303 3548 3549
f 3304 3550 3305
f 3304 3549 3550
f 3305 3551 3306
f 3305 3550 3551
f 3306 3552 3307
f 3306 3551 3552
f 3307 3553 3308
f 3307 3552 3553
f 3308 3554 3309
f 3308 3553 3554
f 3309 3555 3310
f 3309 3554 3555
f 3310 3556 3311
f 3310 3555 3556
f 3311 3557 3312
f 3311 3556 3557
f 3312 3558 3313
f 3312 3557 3558
f 3313 3559 3314
f 3313 3558 3559
f 3314 3560 3315
f 3314 3559 3560
f 3315 3561 3316
f 3315 3560 3561
f 3316 3562 3317
f 3316 3561 3562
f 3317 3563 3318
f 3317 3562 3563
f 3318 3564 3319
f 3318 3563 3564
f 3319 3565 3320
f 3319 3564 3565
f 3320 3566 3321
f 3320 3565 3566
f 3321 3567 3322
f 3321 3566 3567
f 3322 3568 3323
f 3322 3567 3568
f 3323 3569 3324
f 3323 3568 3569
f 3324 3570 3325
f 3324 3569 3570
f 3325 3571 3326
f 3325 3570 3571
f 3326 3572 3327
f 3326 3571 3572
f 3327 3573 3328
f 3327 3572 3573
f 3328 3574 3329
f 3328 3573 3574
f 3329 3575 3330
f 3329 3574 3575
f 3330 3576 3331
f 3330 3575 3576
f 3331 3577 3332
f 3331 3576 3577
f 3332 3578 3333
f 3332 3577 3578
f 3333 3579 3334
f 3333 3578 3579
f 3334 3580 3335
f 3334 3579 3580
f 3335 3581 3336
f 3335 3580 3581
f 3336 3582 3337
f 3336 3581 3582
f 3337 3583 3338
f 3337 3582 3583
f 3338 3584 3339
f 3338 3583 3584
f 3339 3585 3340
f 3339 3584 3585
f 3340 3586 3341
f 3340 3585 3586
f 3341 3587 3342
f 3341 3586 3587
f 3342 3588 3343
f 3342 3587 3588
f 3343 3589 3344
f 3343 3588 3589
f 3344 3590 3345
f 3344 3589 3590
f 3345 3591 3346
f 3345 3590 3591
f 3346 3592 3347
f 3346 3591 3592
f 3347 3593 3348
f 3347 3592 3593
f 3348 3594 3349
f 3348 3593 3594
f 3349 3595 3350
f 3349 3594 3595
f 3350 3596 3351
f 3350 3595 3596
f 3351 3597 3352
f 3351 3596 3597
f 3352 3598 3353
f 3352 3597 3598
f 3353 3599 3354
f 3353 3598 3599
f 3354 3600 3355
f 3354 3599 3600
f 3355 3601 3356
f 3355 3600 3601
f 3356 3602 3357
f 3356 3601 3602
f 3357 3603 3358
f 3357 3602 3603
f 3358 3604 3359
f 3358 3603 3604
f 3359 3605 3360
f 3359 3604 3605
f 3360 3606 3361
f 3360 3605 3606
f 3361 3607 3362
f 3361 3606 3607
f 3362 3608 3363
f 3362 3607 3608
f 3363 3609 3364
f 3363 3608 3609
f 3364 3610 3365
f 3364 3609 3610
f 3365 3611 3366
f 3365 3610 3611
f 3366 3612 3367
f 3366 3611 3612
f 3367 3613 3368
f 3367 3612 3613
f 3368 3614 3369
f 3368 3613 3614
f 3369 3615 3370
f 3369 3614 3615
f 3370 3616 3371
f 3370 3615 3616
f 3371 3617 3372
f 3371 3616 3617
f 3372 3618 3373
f 3372 3617 3618
f 3373 3619 3374
f 3373 3618 3619
f 3374 3620 3375
f 3374 3619 3620
f 3375 3621 3376
f 3375 3620 3621
f 3376 3622 3377
f 3376 3621 3622
f 3377 3623 3378
f 3377 3622 3623
f 3378 3624 3379
f 3378 3623 3624
f 3379 3625 3380
f 3379 3624 3625
f 3380 3626 3381
f 3380 3625 3626
f 3381 3627 3382
f 3381 3626 3627
f 3382 3628 3383
f 3382 3627 3628
f 3383 3629 3384
f 3383 3628 3629
f 3384 3630 3385
f 3384 3629 3630
f 3385 3631 3386
f 3385 3630 3631
f 3386 3632 3387
f 3386 3631 3632
f 3387 3633 3388
f 3387 3632 3633
f 3388 3634 3389
f 3388 3633 3634
f 3389 3635 3390
f 3389 3634 3635
f 3390 3636 3391
f 3390 3635 3636
f 3391 3637 3392
f 3391 3636 3637
f 3392 3638 3393
f 3392 3637 3638
f 3393 3639 3394
f 3393 3638 3639
f 3394 3640 3395
f 3394 3639 3640
f 3395 3641 3396
f 3395 3640 3641
f 3396 3642 3397
f 3396 3641 3642
f 3397 3643 3398
f 3397 3642 3643
f 3398 3644 3399
f 3398 3643 3644
f 3399 3645 3400
f 3399 3644 3645
f 3400 3646 3401
f 3400 3645 3646
f 3401 3647 3402
f 3401 3646 3647
f 3402 3648 3403
f 3402 3647 3648
f 3403 3649 3404
f 3403 3648 3649
f 3404 3650 3405
f 3404 3649 3650
f 3405 3651 3406
f 3405 3650 3651
f 3406 3652 3407
f 3406 3651 3652
f 3407 3653 3408
f 3407 3652 3653
f 3408 3654 3409
f 3408 3653 3654
f 3409 3655 3410
f 3409 3654 3655
f 3410 3656 3411
f 3410 3655 3656
f 3411 3657 3412
f 3411 3656 3657
f 3412 3658 3413
f 3412 3657 3658
f 3413 3659 3414
f 3413 3658 3659
f 3414 3660 3415
f 3414 3659 3660
f 3415 3661 3416
f 3415 3660 3661
f 3416 3662 3417
f 3416 3661 3662
f 3417 3663 3418
f 3417 3662 3663
f 3418 3664 3419
f 3418 3663 3664
f 3419 3665 3420
f 3419 3664 3665
f 3420 3666 3421
f 3420 3665 3666
f 3421 3667 3422
f 3421 3666 3667
f 3422 3668 3423
f 3422 3667 3668
f 3423 3669 3424
f 3423 3668 3669
f 3424 3670 3425
f 3424 3669 3670
f 3425 3671 3426
f 3425 3670 3671
f 3426 3672 3427
f 3426 3671 3672
f 3427 3673 3428
f 3427 3672 3673
f 3428 3674 3429
f 3428 3673 3674
f 3429 3675 3430
f 3429 3674 3675
f 3431 3677 3432
f 3431 3676 3677
f 3432 3678 3433
f 3432 3677 3678
f 3433 3679 3434
f 3433 3678 3679
f 3434 3680 3435
f 3434 3679 3680
f 3435 3681 3436
f 3435 3680 3681
f 3436 3682 3437
f 3436 3681 3682
f 3437 3683 3438
f 3437 3682 3683
f 3438 3684 3439
f 3438 3683 3684
f 3439 3685 3440
f 3439 3684 3685
f 3440 3686 3441
f 3440 3685 3686
f 3441 3687 3442
f 3441 3686 3687
f 3442 3688 3443
f 3442 3687 3688
f 3443 3689 3444
f 3443 3688 3689
f 3444 3690 3445
f 3444 3689 3690
f 3445 3691 3446
f 3445 3690 3691
f 3446 3692 3447
f 3446 3691 3692
f 3447 3693 3448
f 3447 3692 3693
f 3448 3694 3449
f 3448 3693 3694
f 3449 3695 3450
f 3449 3694 3695
f 3450 3696 3451
f 3450 3695 3696
f 3451 3697 3452
f 3451 3696 3697
f 3452 3698 3453
f 3452 3697 3698
f 3453 3699 3454
f 3453 3698 3699
f 3454 3700 3455
f 3454 3699 3700
f 3455 3701 3456
f 3455 3700 3701
f 3456 3702 3457
f 3456 3701 3702
f 3457 3703 3458
f 3457 3702 3703
f 3458 3704 3459
f 3458 3703 3704
f 3459 3705 3460
f 3459 3704 3705
f 3460 3706 3461
f 3460 3705 3706
f 3461 3707 3462
f 3461 3706 3707
f 3462 3708 3463
f 3462 3707 3708
f 3463 3709 3464
f 3463 3708 3709
f 3464 3710 3465
f 3464 3709 3710
f 3465 3711 3466
f 3465 3710 3711
f 3466 3712 3467
f 3466 3711 3712
f 3467 3713 3468
f 3467 3712 3713
f 3468 3714 3469
f 3468 3713 3714
f 3469 3715 3470
f 3469 3714 3715
f 3470 3716 3471
f 3470 3715 3716
f 3471 3717 3472
f 3471 3716 3717
f 3472 3718 3473
f 3472 3717 3718
f 3473 3719 3474
f 3473 3718 3719
f 3474 3720 3475
f 3474 3719 3720
f 3475 3721 3476
f 3475 3720 3721
f 3476 3722 3477
f 3476 3721 3722
f 3477 3723 3478
f 3477 3722 3723
f 3478 3724 3479
f 3478 3723 3724
f 3479 3725 3480
f 3479 3724 3725
f 3480 3726 3481
f 3480 3725 3726
f 3481 3727 3482
f 3481 3726 3727
f 3482 3728 3483
f 3482 3727 3728
f 3483 3729 3484
f 3483 3728 3729
f 3484 3730 3485
f 3484 3729 3730
f 3485 3731 3486
f 3485 3730 3731
f 3486 3732 3487
f 3486 3731 3732
f 3487 3733 3488
f 3487 3732 3733
f 3488 3734 3489
f 3488 3733 3734
f 3489 3735 3490
f 3489 3734 3735
f 3490 3736 3491
f 3490 3735 3736
f 3491 3737 3492
f 3491 3736 3737
f 3492 3738 3493
f 3492 3737 3738
f 3493 3739 3494
f 3493 3738 3739
f 3494 3740 3495
f 3494 3739 3740
f 3495 3741 3496
f 3495 3740 3741
f 3496 3742 3497
f 3496 3741 3742
f 3497 3743 3498
f 3497 3742 3743
f 3498 3744 3499
f 3498 3743 3744
f 3499 3745 3500
f 3499 3744 3745
f 3500 3746 3501
f 3500 3745 3746
f 3501 3747 3502
f 3501 3746 3747
f 3502 3748 3503
f 3502 3747 3748
f 3503 3749 3504
f 3503 3748 3749
f 3504 3750 3505
f 3504 3749 3750
f 3505 3751 3506
f 3505 3750 3751
f 3506 3752 3507
f 3506 3751 3752
f 3507 3753 3508
f 3507 3752 3753
f 3508 3754 3509
f 3508 3753 3754
f 3509 3755 3510
f 3509 3754 3755
f 3510 3756 3511
f 3510 3755 3756
f 3511 3757 3512
f 3511 3756 3757
f 3512 3758 3513
f 3512 3757 3758
f 3513 3759 3514
f 3513 3758 3759
f 3514 3760 3515
f 3514 3759 3760
f 3515 3761 3516
f 3515 3760 3761
f 3516 3762 3517
f 3516 3761 3762
f 3517 3763 3518
f 3517 3762 3763
f 3518 3764 3519
f 3518 3763 3764
f 3519 3765 3520
f 3519 3764 3765
f 3520 3766 3521
f 3520 3765 3766
f 3521 3767 3522
f 3521 3766 3767
f 3522 3768 3523
f 3522 3767 3768
f 3523 3769 3524
f 3523 3768 3769
f 3524 3770 3525
f 3524 3769 3770
f 3525 3771 3526
f 3525 3770 3771
f 3526 3772 3527
f 3526 3771 3772
f 3527 3773 3528
f 3527 3772 3773
f 3528 3774 3529
f 3528 3773 3774
f 3529 3775 3530
f 3529 3774 3775
f 3530 3776 3531
f 3530 3775 3776
f 3531 3777 3532
f 3531 3776 3777
f 3532 3778 3533
f 3532 3777 3778
f 3533 3779 3534
f 3533 3778 3779
f 3534 3780 3535
f 3534 3779 3780
f 3535 3781 3536
f 3535 3780 3781
f 3536 3782 3537
f 3536 3781 3782
f 3537 3783 3538
f 3537 3782 3783
f 3538 3784 3539
f 3538 3783 3784
f 3539 3785 3540
f 3539 3784 3785
f 3540 3786 3541
f 3540 3785 3786
f 3541 3787 3542
f 3541 3786 3787
f 3542 3788 3543
f 3542 3787 3788
f 3543 3789 3544
f 3543 3788 3789
f 3544 3790 3545
f 3544 3789 3790
f 3545 3791 3546
f 3545 3790 3791
f 3546 3792 3547
f 3546 3791 3792
f 3547 3793 3548
f 3547 3792 3793
f 3548 3794 3549
f 3548 3793 3794
f 3549 3795 3550
f 3549 3794 3795
f 3550 3796 3551
f 3550 3795 3796
f 3551 3797 3552
f 3551 3796 3797
f 3552 3798 3553
f 3552 3797 3798
f 3553 3799 3554
f 3553 3798 3799
f 3554 3800 3555
f 3554 3799 3800
f 3555 3801 3556
f 3555 3800 3801
f 3556 3802 3557
f 3556 3801 3802
f 3557 3803 3558
f 3557 3802 3803
f 3558 3804 3559
f 3558 3803 3804
f 3559 3805 3560
f 3559 3804 3805
f 3560 3806 3561
f 3560 3805 3806
f 3561 3807 3562
f 3561 3806 3807
f 3562 3808 3563
f 3562 3807 3808
f 3563 3809 3564
f 3563 3808 3809
f 3564 3810 3565
f 3564 3809 3810
f 3565 3811 3566
f 3565 3810 3811
f 3566 3812 3567
f 3566 3811 3812
f 3567 3813 3568
f 3567 3812 3813
f 3568 3814 3569
f 3568 3813 3814
f 3569 3815 3570
f 3569 3814 3815
f 3570 3816 3571
f 3570 3815 3816
f 3571 3817 3572
f 3571 3816 3817
f 3572 3818 3573
f 3572 3817 3818
f 3573 3819 3574
f 3573 3818 3819
f 3574 3820 3575
f 3574 3819 3820
f 3575 3821 3576
f 3575 3820 3821
f 3576 3822 3577
f 3576 3821 3822
f 3577 3823 3578
f 3577 3822 3823
f 3578 3824 3579
f 3578 3823 3824
f 3579 3825 3580
f 3579 3824 3825
f 3580 3826 3581
f 3580 3825 3826
f 3581 3827 3582
f 3581 3826 3827
f 3582 3828 3583
f 3582 3827 3828
f 3583 3829 3584
f 3583 3828 3829
f 3584 3830 3585
f 3584 3829 3830
f 3585 3831 3586
f 3585 3830 3831
f 3586 3832 3587
f 3586 3831 3832
f 3587 3833 3588
f 3587 3832 3833
f 3588 3834 3589
f 3588 3833 3834
f 3589 3835 3590
f 3589 3834 3835
f 3590 3836 3591
f 3590 3835 3836
f 3591 3837 3592
f 3591 3836 3837
f 3592 3838 3593
f 3592 3837 3838
f 3593 3839 3594
f 3593 3838 3839
f 3594 3840 3595
f 3594 3839 3840
f 3595 3841 3596
f 3595 3840 3841
f 3596 3842 3597
f 3596 3841 3842
f 3597 3843 3598
f 3597 3842 3843
f 3598 3844 3599
f 3598 3843 3844
f 3599 3845 3600
f 3599 3844 3845
f 3600 3846 3601
f 3600 3845 3846
f 3601 3847 3602
f 3601 3846 3847
f 3602 3848 3603
f 3602 3847 3848
f 3603 3849 3604
f 3603 3848 3849
f 3604 3850 3605
f 3604 3849 3850
f 3605 3851 3606
f 3605 3850 3851
f 3606 3852 3607
f 3606 3851 3852
f 3607 3853 3608
f 3607 3852 3853
f 3608 3854 3609
f 3608 3853 3854
f 3609 3855 3610
f 3609 3854 3855
f 3610 3856 3611
f 3610 3855 3856
f 3611 3857 3612
f 3611 3856 3857
f 3612 3858 3613
f 3612 3857 3858
f 3613 3859 3614
f 3613 3858 3859
f 3614 3860 3615
f 3614 3859 3860
f 3615 3861 3616
f 3615 3860 3861
f 3616 3862 3617
f 3616 3861 3862
f 3617 3863 3618
f 3617 3862 3863
f 3618 3864 3619
f 3618 3863 3864
f 3619 3865 3620
f 3619 3864 3865
f 3620 3866 3621
f 3620 3865 3866
f 3621 3867 3622
f 3621 3866 3867
f 3622 3868 3623
f 3622 3867 3868
f 3623 3869 3624
f 3623 3868 3869
f 3624 3870 3625
f 3624 3869 3870
f 3625 3871 3626
f 3625 3870 3871
f 3626 3872 3627
f 3626 3871 3872
f 3627 3873 3628
f 3627 3872 3873
f 3628 3874 3629
f 3628 3873 3874
f 3629 3875 3630
f 3629 3874 3875
f 3630 3876 3631
f 3630 3875 3876
f 3631 3877 3632
f 3631 3876 3877
f 3632 3878 3633
f 3632 3877 3878
f 3633 3879 3634
f 3633 3878 3879
f 3634 3880 3635
f 3634 3879 3880
f 3635 3881 3636
f 3635 3880 3881
f 3636 3882 3637
f 3636 3881 3882
f 3637 3883 3638
f 3637 3882 3883
f 3638 3884 3639
f 3638 3883 3884
f 3639 3885 3640
f 3639 3884 3885
f 3640 3886 3641
f 3640 3885 3886
f 3641 3887 3642
f 3641 3886 3887
f 3642 3888 3643
f 3642 3887 3888
f 3643 3889 3644
f 3643 3888 3889
f 3644 3890 3645
f 3644 3889 3890
f 3645 3891 3646
f 3645 3890 3891
f 3646 3892 3647
f 3646 3891 3892
f 3647 3893 3648
f 3647 3892 3893
f 3648 3894 3649
f 3648 3893 3894
f 3649 3895 3650
f 3649 3894 3895
f 3650 3896 3651
f 3650 3895 3896
f 3651 3897 3652
f 3651 3896 3897
f 3652 3898 3653
f 3652 3897 3898
f 3653 3899 3654
f 3653 3898 3899
f 3654 3900 3655
f 3654 3899 3900
f 3655 3901 3656
f 3655 3900 3901
f 3656 3902 3657
f 3656 3901 3902
f 3657 3903 3658
f 3657 3902 3903
f 3658 3904 3659
f 3658 3903 3904
f 3659 3905 3660
f 3659 3904 3905
f 3660 3906 3661
f 3660 3905 3906
f 3661 3907 3662
f 3661 3906 3907
f 3662 3908 3663
f 3662 3907 3908
f 3663 3909 3664
f 3663 3908 3909
f 3664 3910 3665
f 3664 3909 3910
f 3665 3911 3666
f 3665 3910 3911
f 3666 3912 3667
f 3666 3911 3912
f 3667 3913 3668
f 3667 3912 3913
f 3668 3914 3669
f 3668 3913 3914
f 3669 3915 3670
f 3669 3914 3915
f 3670 3916 3671
f 3670 3915 3916
f 3671 3917 3672
f 3671 3916 3917
f 3672 3918 3673
f 3672 3917 3918
f 3673 3919 3674
f 3673 3918 3919
f 3674 3920 3675
f 3674 3919 3920
f 3676 3922 3677
f 3676 3921 3922
f 3677 3923 3678
f 3677 3922 3923
f 3678 3924 3679
f 3678 3923 3924
f 3679 3925 3680
f 3679 3924 3925
f 3680 3926 3681
f 3680 3925 3926
f 3681 3927 3682
f 3681 3926 3927
f 3682 3928 3683
f 3682 3927 3928
f 3683 3929 3684
f 3683 3928 3929
f 3684 3930 3685
f 3684 3929 3930
f 3685 3931 3686
f 3685 3930 3931
f 3686 3932 3687
f 3686 3931 3932
f 3687 3933 3688
f 3687 3932 3933
f 3688 3934 3689
f 3688 3933 3934
f 3689 3935 3690
f 3689 3934 3935
f 3690 3936 3691
f 3690 3935 3936
f 3691 3937 3692
f 3691 3936 3937
f 3692 3938 3693
f 3692 3937 3938
f 3693 3939 3694
f 3693 3938 3939
f 3694 3940 3695
f 3694 3939 3940
f 3695 3941 3696
f 3695 3940 3941
f 3696 3942 3697
f 3696 3941 3942
f 3697 3943 3698
f 3697 3942 3943
f 3698 3944 3699
f 3698 3943 3944
f 3699 3945 3700
f 3699 3944 3945
f 3700 3946 3701
f 3700 3945 3946
f 3701 3947 3702
f 3701 3946 3947
f 3702 3948 3703
f 3702 3947 3948
f 3703 3949 3704
f 3703 3948 3949
f 3704 3950 3705
f 3704 3949 3950
f 3705 3951 3706
f 3705 3950 3951
f 3706 3952 3707
f 3706 3951 3952
f 3707 3953 3708
f 3707 3952 3953
f 3708 3954 3709
f 3708 3953 3954
f 3709 3955 3710
f 3709 3954 3955
f 3710 3956 3711
f 3710 3955 3956
f 3711 3957 3712
f 3711 3956 3957
f 3712 3958 3713
f 3712 3957 3958
f 3713 3959 3714
f 3713 3958 3959
f 3714 3960 3715
f 3714 3959 3960
f 3715 3961 3716
f 3715 3960 3961
f 3716 3962 3717
f 3716 3961 3962
f 3717 3963 3718
f 3717 3962 3963
f 3718 3964 3719
f 3718 3963 3964
f 3719 3965 3720
f 3719 3964 3965
f 3720 3966 3721
f 3720 3965 3966
f 3721 3967 3722
f 3721 3966 3967
f 3722 3968 3723
f 3722 3967 3968
f 3723 3969 3724
f 3723 3968 3969
f 3724 3970 3725
f 3724 3969 3970
f 3725 3971 3726
f 3725 3970 3971
f 3726 3972 3727
f 3726 3971 3972
f 3727 3973 3728
f 3727 3972 3973
f 3728 3974 3729
f 3728 3973 3974
f 3729 3975 3730
f 3729 3974 3975
f 3730 3976 3731
f 3730 3975 3976
f 3731 3977 3732
f 3731 3976 3977
f 3732 3978 3733
f 3732 3977 3978
f 3733 3979 3734
f 3733 3978 3979
f 3734 3980 3735
f 3734 3979 3980
f 3735 3981 3736
f 3735 3980 3981
f 3736 3982 3737
f 3736 3981 3982
f 3737 3983 3738
f 3737 3982 3983
f 3738 3984 3739
f 3738 3983 3984
f 3739 3985 3740
f 3739 3984 3985
f 3740 3986 3741
f 3740 3985 3986
f 3741 3987 3742
f 3741 3986 3987
f 3742 3988 3743
f 3742 3987 3988
f 3743 3989 3744
f 3743 3988 3989
f 3744 3990 3745
f 3744 3989 3990
f 3745 3991 3746
f 3745 3990 3991
f 3746 3992 3747
f 3746 3991 3992
f 3747 3993 3748
f 3747 3992 3993
f 3748 3994 3749
f 3748 3993 3994
f 3749 3995 3750
f 3749 3994 3995
f 3750 3996 3751
f 3750 3995 3996
f 3751 3997 3752
f 3751 3996 3997
f 3752 3998 3753
f 3752 3997 3998
f 3753 3999 3754
f 3753 3998 3999
f 3754 4000 3755
f 3754 3999 4000
f 3755 4001 3756
f 3755 4000 4001
f 3756 4002 3757
f 3756 4001 4002
f 3757 4003 3758
f 3757 4002 4003
f 3758 4004 3759
f 3758 4003 4004
f 3759 4005 3760
f 3759 4004 4005
f 3760 4006 3761
f 3760 4005 4006
f 3761 4007 3762
f 3761 4006 4007
f 3762 4008 3763
f 3762 4007 4008
f 3763 4009 3764
f 3763 4008 4009
f 3764 4010 3765
f 3764 4009 4010
f 3765 4011 3766
f 3765 4010 4011
f 3766 4012 3767
f 3766 4011 4012
f 3767 4013 3768
f 3767 4012 4013
f 3768 4014 3769
f 3768 4013 4014
f 3769 4015 3770
f 3769 4014 4015
f 3770 4016 3771
f 3770 4015 4016
f 3771 4017 3772
f 3771 4016 4017
f 3772 4018 3773
f 3772 4017 4018
f 3773 4019 3774
f 3773 4018 4019
f 3774 4020 3775
f 3774 4019 4020
f 3775 4021 3776
f 3775 4020 4021
f 3776 4022 3777
f 3776 4021 4022
f 3777 4023 3778
f 3777 4022 4023
f 3778 4024 3779
f 3778 4023 4024
f 3779 4025 3780
f 3779 4024 4025
f 3780 4026 3781
f 3780 4025 4026
f 3781 4027 3782
f 3781 4026 4027
f 3782 4028 3783
f 3782 4027 4028
f 3783 4029 3784
f 3783 4028 4029
f 3784 4030 3785
f 3784 4029 4030
f 3785 4031 3786
f 3785 4030 4031
f 3786 4032 3787
f 3786 4031 4032
f 3787 4033 3788
f 3787 4032 4033
f 3788 4034 3789
f 3788 4033 4034
f 3789 4035 3790
f 3789 4034 4035
f 3790 4036 3791
f 3790 4035 4036
f 3791 4037 3792
f 3791 4036 4037
f 3792 4038 3793
f 3792 4037 4038
f 3793 4039 3794
f 3793 4038 4039
f 3794 4040 3795
f 3794 4039 4040
f 3795 4041 3796
f 3795 4040 4041
f 3796 4042 3797
f 3796 4041 4042
f 3797 4043 3798
f 3797 4042 4043
f 3798 4044 3799
f 3798 4043 4044
f 3799 4045 3800
f 3799 4044 4045
f 3800 4046 3801
f 3800 4045 4046
f 3801 4047 3802
f 3801 4046 4047
f 3802 4048 3803
f 3802 4047 4048
f 3803 4049 3804
f 3803 4048 4049
f 3804 4050 3805
f 3804 4049 4050
f 3805 4051 3806
f 3805 4050 4051
f 3806 4052 3807
f 3806 4051 4052
f 3807 4053 3808
f 3807 4052 4053
f 3808 4054 3809
f 3808 4053 4054
f 3809 4055 3810
f 3809 4054 4055
f 3810 4056 3811
f 3810 4055 4056
f 3811 4057 3812
f 3811 4056 4057
f 3812 4058 3813
f 3812 4057 4058
f 3813 4059 3814
f 3813 4058 4059
f 3814 4060 3815
f 3814 4059 4060
f 3815 4061 3816
f 3815 4060 4061
f 3816 4062 3817
f 3816 4061 4062
f 3817 4063 3818
f 3817 4062 4063
f 3818 4064 3819
f 3818 4063 4064
f 3819 4065 3820
f 3819 4064 4065
f 3820 4066 3821
f 3820 4065 4066
f 3821 4067 3822
f 3821 4066 4067
f 3822 4068 3823
f 3822 4067 4068
f 3823 4069 3824
f 3823 4068 4069
f 3824 4070 3825
f 3824 4069 4070
f 3825 4071 3826
f 3825 4070 4071
f 3826 4072 3827
f 3826 4071 4072
f 3827 4073 3828
f 3827 4072 4073
f 3828 4074 3829
f 3828 4073 4074
f 3829 4075 3830
f 3829 4074 4075
f 3830 4076 3831
f 3830 4075 4076
f 3831 4077 3832
f 3831 4076 4077
f 3832 4078 3833
f 3832 4077 4078
f 3833 4079 3834
f 3833 4078 4079
f 3834 4080 3835
f 3834 4079 4080
f 3835 4081 3836
f 3835 4080 4081
f 3836 4082 3837
f 3836 4081 4082
f 3837 4083 3838
f 3837 4082 4083
f 3838 4084 3839
f 3838 4083 4084
f 3839 4085 3840
f 3839 4084 4085
f 3840 4086 3841
f 3840 4085 4086
f 3841 4087 3842
f 3841 4086 4087
f 3842 4088 3843
f 3842 4087 4088
f 3843 4089 3844
f 3843 4088 4089
f 3844 4090 3845
f 3844 4089 4090
f 3845 4091 3846
f 3845 4090 4091
f 3846 4092 3847
f 3846 4091 4092
f 3847 4093 3848
f 3847 4092 4093
f 3848 4094 3849
f 3848 4093 4094
f 3849 4095 3850
f 3849 4094 4095
f 3850 4096 3851
f 3850 4095 4096
f 3851 4097 3852
f 3851 4096 4097
f 3852 4098 3853
f 3852 4097 4098
f 3853 4099 3854
f 3853 4098 4099
f 3854 4100 3855
f 3854 4099 4100
f 3855 4101 3856
f 3855 4100 4101
f 3856 4102 3857
f 3856 4101 4102
f 3857 4103 3858
f 3857 4102 4103
f 3858 4104 3859
f 3858 4103 4104
f 3859 4105 3860
f 3859 4104 4105
f 3860 4106 3861
f 3860 4105 4106
f 3861 4107 3862
f 3861 4106 4107
f 3862 4108 3863
f 3862 4107 4108
f 3863 4109 3864
f 3863 4108 4109
f 3864 4110 3865
f 3864 4109 4110
f 3865 4111 3866
f 3865 4110 4111
f 3866 4112 3867
f 3866 4111 4112
f 3867 4113 3868
f 3867 4112 4113
f 3868 4114 3869
f 3868 4113 4114
f 3869 4115 3870
f 3869 4114 4115
f 3870 4116 3871
f 3870 4115 4116
f 3871 4117 3872
f 3871 4116 4117
f 3872 4118 3873
f 3872 4117 4118
f 3873 4119 3874
f 3873 4118 4119
f 3874 4120 3875
f 3874 4119 4120
f 3875 4121 3876
f 3875 4120 4121
f 3876 4122 3877
f 3876 4121 4122
f 3877 4123 3878
f 3877 4122 4123
f 3878 4124 3879
f 3878 4123 4124
f 3879 4125 3880
f 3879 4124 4125
f 3880 4126 3881
f 3880 4125 4126
f 3881 4127 3882
f 3881 4126 4127
f 3882 4128 3883
f 3882 4127 4128
f 3883 4129 3884
f 3883 4128 4129
f 3884 4130 3885
f 3884 4129 4130
f 3885 4131 3886
f 3885 4130 4131
f 3886 4132 3887
f 3886 4131 4132
f 3887 4133 3888
f 3887 4132 4133
f 3888 4134 3889
f 3888 4133 4134
f 3889 4135 3890
f 3889 4134 4135
f 3890 4136 3891
f 3890 4135 4136
f 3891 4137 3892
f 3891 4136 4137
f 3892 4138 3893
f 3892 4137 4138
f 3893 4139 3894
f 3893 4138 4139
f 3894 4140 3895
f 3894 4139 4140
f 3895 4141 3896
f 3895 4140 4141
f 3896 4142 3897
f 3896 4141 4142
f 3897 4143 3898
f 3897 4142 4143
f 3898 4144 3899
f 3898 4143 4144
f 3899 4145 3900
f 3899 4144 4145
f 3900 4146 3901
f 3900 4145 4146
f 3901 4147 3902
f 3901 4146 4147
f 3902 4148 3903
f 3902 4147 4148
f 3903 4149 3904
f 3903 4148 4149
f 3904 4150 3905
f 3904 4149 4150
f 3905 4151 3906
f 3905 4150 4151
f 3906 4152 3907
f 3906 4151 4152
f 3907 4153 3908
f 3907 4152 4153
f 3908 4154 3909
f 3908 4153 4154
f 3909 4155 3910
f 3909 4154 4155
f 3910 4156 3911
f 3910 4155 4156
f 3911 4157 3912
f 3911 4156 4157
f 3912 4158 3913
f 3912 4157 4158
f 3913 4159 3914
f 3913 4158 4159
f 3914 4160 3915
f 3914 4159 4160
f 3915 4161 3916
f 3915 4160 4161
f 3916 4162 3917
f 3916 4161 4162
f 3917 4163 3918
f 3917 4162 4163
f 3918 4164 3919
f 3918 4163 4164
f 3919 4165 3920
f 3919 4164 4165
f 3921 4167 3922
f 3921 4166 4167
f 3922 4168 3923
f 3922 4167 4168
f 3923 4169 3924
f 3923 4168 4169
f 3924 4170 3925
f 3924 4169 4170
f 3925 4171 3926
f 3925 4170 4171
f 3926 4172 3927
f 3926 4171 4172
f 3927 4173 3928
f 3927 4172 4173
f 3928 4174 3929
f 3928 4173 4174
f 3929 4175 3930
f 3929 4174 4175
f 3930 4176 3931
f 3930 4175 4176
f 3931 4177 3932
f 3931 4176 4177
f 3932 4178 3933
f 3932 4177 4178
f 3933 4179 3934
f 3933 4178 4179
f 3934 4180 3935
f 3934 4179 4180
f 3935 4181 3936
f 3935 4180 4181
f 3936 4182 3937
f 3936 4181 4182
f 3937 4183 3938
f 3937 4182 4183
f 3938 4184 3939
f 3938 4183 4184
f 3939 4185 3940
f 3939 4184 4185
f 3940 4186 3941
f 3940 4185 4186
f 3941 4187 3942
f 3941 4186 4187
f 3942 4188 3943
f 3942 4187 4188
f 3943 4189 3944
f 3943 4188 4189
f 3944 4190 3945
f 3944 4189 4190
f 3945 4191 3946
f 3945 4190 4191
f 3946 4192 3947
f 3946 4191 4192
f 3947 4193 3948
f 3947 4192 4193
f 3948 4194 3949
f 3948 4193 4194
f 3949 4195 3950
f 3949 4194 4195
f 3950 4196 3951
f 3950 4195 4196
f 3951 4197 3952
f 3951 4196 4197
f 3952 4198 3953
f 3952 4197 4198
f 3953 4199 3954
f 3953 4198 4199
f 3954 4200 3955
f 3954 4199 4200
f 3955 4201 3956
f 3955 4200 4201
f 3956 4202 3957
f 3956 4201 4202
f 3957 4203 3958
f 3957 4202 4203
f 3958 4204 3959
f 3958 4203 4204
f 3959 4205 3960
f 3959 4204 4205
f 3960 4206 3961
f 3960 4205 4206
f 3961 4207 3962
f 3961 4206 4207
f 3962 4208 3963
f 3962 4207 4208
f 3963 4209 3964
f 3963 4208 4209
f 3964 4210 3965
f 3964 4209 4210
f 3965 4211 3966
f 3965 4210 4211
f 3966 4212 3967
f 3966 4211 4212
f 3967 4213 3968
f 3967 4212 4213
f 3968 4214 3969
f 3968 4213 4214
f 3969 4215 3970
f 3969 4214 4215
f 3970 4216 3971
f 3970 4215 4216
f 3971 4217 3972
f 3971 4216 4217
f 3972 4218 3973
f 3972 4217 4218
f 3973 4219 3974
f 3973 4218 4219
f 3974 4220 3975
f 3974 4219 4220
f 3975 4221 3976
f 3975 4220 4221
f 3976 4222 3977
f 3976 4221 4222
f 3977 4223 3978
f 3977 4222 4223
f 3978 4224 3979
f 3978 4223 4224
f 3979 4225 3980
f 3979 4224 4225
f 3980 4226 3981
f 3980 4225 4226
f 3981 4227 3982
f 3981 4226 4227
f 3982 4228 3983
f 3982 4227 4228
f 3983 4229 3984
f 3983 4228 4229
f 3984 4230 3985
f 3984 4229 4230
f 3985 4231 3986
f 3985 4230 4231
f 3986 4232 3987
f 3986 4231 4232
f 3987 4233 3988
f 3987 4232 4233
f 3988 4234 3989
f 3988 4233 4234
f 3989 4235 3990
f 3989 4234 4235
f 3990 4236 3991
f 3990 4235 4236
f 3991 4237 3992
f 3991 4236 4237
f 3992 4238 3993
f 3992 4237 4238
f 3993 4239 3994
f 3993 4238 4239
f 3994 4240 3995
f 3994 4239 4240
f 3995 4241 3996
f 3995 4240 4241
f 3996 4242 3997
f 3996 4241 4242
f 3997 4243 3998
f 3997 4242 4243
f 3998 4244 3999
f 3998 4243 4244
f 3999 4245 4000
f 3999 4244 4245
f 4000 4246 4001
f 4000 4245 4246
f 4001 4247 4002
f 4001 4246 4247
f 4002 4248 4003
f 4002 4247 4248
f 4003 4249 4004
f 4003 4248 4249
f 4004 4250 4005
f 4004 4249 4250
f 4005 4251 4006
f 4005 4250 4251
f 4006 4252 4007
f 4006 4251 4252
f 4007 4253 4008
f 4007 4252 4253
f 4008 4254 4009
f 4008 4253 4254
f 4009 4255 4010
f 4009 4254 4255
f 4010 4256 4011
f 4010 4255 4256
f 4011 4257 4012
f 4011 4256 4257
f 4012 4258 4013
f 4012 4257 4258
f 4013 4259 4014
f 4013 4258 4259
f 4014 4260 4015
f 4014 4259 4260
f 4015 4261 4016
f 4015 4260 4261
f 4016 4262 4017
f 4016 4261 4262
f 4017 4263 4018
f 4017 4262 4263
f 4018 4264 4019
f 4018 4263 4264
f 4019 4265 4020
f 4019 4264 4265
f 4020 4266 4021
f 4020 4265 4266
f 4021 4267 4022
f 4021 4266 4267
f 4022 4268 4023
f 4022 4267 4268
f 4023 4269 4024
f 4023 4268 4269
f 4024 4270 4025
f 4024 4269 4270
f 4025 4271 4026
f 4025 4270 4271
f 4026 4272 4027
f 4026 4271 4272
f 4027 4273 4028
f 4027 4272 4273
f 4028 4274 4029
f 4028 4273 4274
f 4029 4275 4030
f 4029 4274 4275
f 4030 4276 4031
f 4030 4275 4276
f 4031 4277 4032
f 4031 4276 4277
f 4032 4278 4033
f 4032 4277 4278
f 4033 4279 4034
f 4033 4278 4279
f 4034 4280 4035
f 4034 4279 4280
f 4035 4281 4036
f 4035 4280 4281
f 4036 4282 4037
f 4036 4281 4282
f 4037 4283 4038
f 4037 4282 4283
f 4038 4284 4039
f 4038 4283 4284
f 4039 4285 4040
f 4039 4284 4285
f 4040 4286 4041
f 4040 4285 4286
f 4041 4287 4042
f 4041 4286 4287
f 4042 4288 4043
f 4042 4287 4288
f 4043 4289 4044
f 4043 4288 4289
f 4044 4290 4045
f 4044 4289 4290
f 4045 4291 4046
f 4045 4290 4291
f 4046 4292 4047
f 4046 4291 4292
f 4047 4293 4048
f 4047 4292 4293
f 4048 4294 4049
f 4048 4293 4294
f 4049 4295 4050
f 4049 4294 4295
f 4050 4296 4051
f 4050 4295 4296
f 4051 4297 4052
f 4051 4296 4297
f 4052 4298 4053
f 4052 4297 4298
f 4053 4299 4054
f 4053 4298 4299
f 4054 4300 4055
f 4054 4299 4300
f 4055 4301 4056
f 4055 4300 4301
f 4056 4302 4057
f 4056 4301 4302
f 4057 4303 4058
f 4057 4302 4303
f 4058 4304 4059
f 4058 4303 4304
f 4059 4305 4060
f 4059 4304 4305
f 4060 4306 4061
f 4060 4305 4306
f 4061 4307 4062
f 4061 4306 4307
f 4062 4308 4063
f 4062 4307 4308
f 4063 4309 4064
f 4063 4308 4309
f 4064 4310 4065
f 4064 4309 4310
f 4065 4311 4066
f 4065 4310 4311
f 4066 4312 4067
f 4066 4311 4312
f 4067 4313 4068
f 4067 4312 4313
f 4068 4314 4069
f 4068 4313 4314
f 4069 4315 4070
f 4069 4314 4315
f 4070 4316 4071
f 4070 4315 4316
f 4071 4317 4072
f 4071 4316 4317
f 4072 4318 4073
f 4072 4317 4318
f 4073 4319 4074
f 4073 4318 4319
f 4074 4320 4075
f 4074 4319 4320
f 4075 4321 4076
f 4075 4320 4321
f 4076 4322 4077
f 4076 4321 4322
f 4077 4323 4078
f 4077 4322 4323
f 4078 4324 4079
f 4078 4323 4324
f 4079 4325 4080
f 4079 4324 4325
f 4080 4326 4081
f 4080 4325 4326
f 4081 4327 4082
f 4081 4326 4327
f 4082 4328 4083
f 4082 4327 4328
f 4083 4329 4084
f 4083 4328 4329
f 4084 4330 4085
f 4084 4329 4330
f 4085 4331 4086
f 4085 4330 4331
f 4086 4332 4087
f 4086 4331 4332
f 4087 4333 4088
f 4087 4332 4333
f 4088 4334 4089
f 4088 4333 4334
f 4089 4335 4090
f 4089 4334 4335
f 4090 4336 4091
f 4090 4335 4336
f 4091 4337 4092
f 4091 4336 4337
f 4092 4338 4093
f 4092 4337 4338
f 4093 4339 4094
f 4093 4338 4339
f 4094 4340 4095
f 4094 4339 4340
f 4095 4341 4096
f 4095 4340 4341
f 4096 4342 4097
f 4096 4341 4342
f 4097 4343 4098
f 4097 4342 4343
f 4098 4344 4099
f 4098 4343 4344
f 4099 4345 4100
f 4099 4344 4345
f 4100 4346 4101
f 4100 4345 4346
f 4101 4347 4102
f 4101 4346 4347
f 4102 4348 4103
f 4102 4347 4348
f 4103 4349 4104
f 4103 4348 4349
f 4104 4350 4105
f 4104 4349 4350
f 4105 4351 4106
f 4105 4350 4351
f 4106 4352 4107
f 4106 4351 4352
f 4107 4353 4108
f 4107 4352 4353
f 4108 4354 4109
f 4108 4353 4354
f 4109 4355 4110
f 4109 4354 4355
f 4110 4356 4111
f 4110 4355 4356
f 4111 4357 4112
f 4111 4356 4357
f 4112 4358 4113
f 4112 4357 4358
f 4113 4359 4114
f 4113 4358 4359
f 4114 4360 4115
f 4114 4359 4360
f 4115 4361 4116
f 4115 4360 4361
f 4116 4362 4117
f 4116 4361 4362
f 4117 4363 4118
f 4117 4362 4363
f 4118 4364 4119
f 4118 4363 4364
f 4119 4365 4120
f 4119 4364 4365
f 4120 4366 4121
f 4120 4365 4366
f 4121 4367 4122
f 4121 4366 4367
f 4122 4368 4123
f 4122 4367 4368
f 4123 4369 4124
f 4123 4368 4369
f 4124 4370 4125
f 4124 4369 4370
f 4125 4371 4126
f 4125 4370 4371
f 4126 4372 4127
f 4126 4371 4372
f 4127 4373 4128
f 4127 4372 4373
f 4128 4374 4129
f 4128 4373 4374
f 4129 4375 4130
f 4129 4374 4375
f 4130 4376 4131
f 4130 4375 4376
f 4131 4377 4132
f 4131 4376 4377
f 4132 4378 4133
f 4132 4377 4378
f 4133 4379 4134
f 4133 4378 4379
f 4134 4380 4135
f 4134 4379 4380
f 4135 4381 4136
f 4135 4380 4381
f 4136 4382 4137
f 4136 4381 4382
f 4137 4383 4138
f 4137 4382 4383
f 4138 4384 4139
f 4138 4383 4384
f 4139 4385 4140
f 4139 4384 4385
f 4140 4386 4141
f 4140 4385 4386
f 4141 4387 4142
f 4141 4386 4387
f 4142 4388 4143
f 4142 4387 4388
f 4143 4389 4144
f 4143 4388 4389
f 4144 4390 4145
f 4144 4389 4390
f 4145 4391 4146
f 4145 4390 4391
f 4146 4392 4147
f 4146 4391 4392
f 4147 4393 4148
f 4147 4392 4393
f 4148 4394 4149
f 4148 4393 4394
f 4149 4395 4150
f 4149 4394 4395
f 4150 4396 4151
f 4150 4395 4396
f 4151 4397 4152
f 4151 4396 4397
f 4152 4398 4153
f 4152 4397 4398
f 4153 4399 4154
f 4153 4398 4399
f 4154 4400 4155
f 4154 4399 4400
f 4155 4401 4156
f 4155 4400 4401
f 4156 4402 4157
f 4156 4401 4402
f 4157 4403 4158
f 4157 4402 4403
f 4158 4404 4159
f 4158 4403 4404
f 4159 4405 4160
f 4159 4404 4405
f 4160 4406 4161
f 4160 4405 4406
f 4161 4407 4162
f 4161 4406 4407
f 4162 4408 4163
f 4162 4407 4408
f 4163 4409 4164
f 4163 4408 4409
f 4164 4410 4165
f 4164 4409 4410
