v -3.489949670250108 -50.0 99.93908270190957
v -3.489949670250108 -49.69604863221885 99.93908270190957
v -3.489949670250108 -49.39209726443769 99.93908270190957
v -3.489949670250108 -49.088145896656535 99.93908270190957
v -3.489949670250108 -48.78419452887538 99.93908270190957
v -3.489949670250108 -48.48024316109422 99.93908270190957
v -3.489949670250108 -48.17629179331307 99.93908270190957
v -3.489949670250108 -47.87234042553192 99.93908270190957
v -3.489949670250108 -47.56838905775076 99.93908270190957
v -3.489949670250108 -47.264437689969604 99.93908270190957
v -3.489949670250108 -46.96048632218845 99.93908270190957
v -3.489949670250108 -46.65653495440729 99.93908270190957
v -3.489949670250108 -46.35258358662614 99.93908270190957
v -3.489949670250108 -46.048632218844986 99.93908270190957
v -3.489949670250108 -45.74468085106383 99.93908270190957
v -3.489949670250108 -45.440729483282674 99.93908270190957
v -3.489949670250108 -45.13677811550152 99.93908270190957
v -3.489949670250108 -44.83282674772036 99.93908270190957
v -3.489949670250108 -44.52887537993921 99.93908270190957
v -3.489949670250108 -44.224924012158056 99.93908270190957
v -3.489949670250108 -43.9209726443769 99.93908270190957
v -3.489949670250108 -43.61702127659574 99.93908270190957
v -3.489949670250108 -43.31306990881459 99.93908270190957
v -3.489949670250108 -43.00911854103344 99.93908270190957
v -3.489949670250108 -42.70516717325228 99.93908270190957
v -3.489949670250108 -42.401215805471125 99.93908270190957
v -3.489949670250108 -42.09726443768997 99.93908270190957
v -3.489949670250108 -41.79331306990881 99.93908270190957
v -3.489949670250108 -41.48936170212766 99.93908270190957
v -3.489949670250108 -41.18541033434651 99.93908270190957
v -3.489949670250108 -40.88145896656535 99.93908270190957
v -3.489949670250108 -40.577507598784194 99.93908270190957
v -3.489949670250108 -40.27355623100304 99.93908270190957
v -3.489949670250108 -39.96960486322189 99.93908270190957
v -3.489949670250108 -39.66565349544073 99.93908270190957
v -3.489949670250108 -39.361702127659576 99.93908270190957
v -3.489949670250108 -39.05775075987842 99.93908270190957
v -3.489949670250108 -38.753799392097264 99.93908270190957
v -3.489949670250108 -38.44984802431611 99.93908270190957
v -3.489949670250108 -38.14589665653496 99.93908270190957
v -3.489949670250108 -37.8419452887538 99.93908270190957
v -3.489949670250108 -37.537993920972646 99.93908270190957
v -3.489949670250108 -37.234042553191486 99.93908270190957
v -3.489949670250108 -36.93009118541033 99.93908270190957
v -3.489949670250108 -36.62613981762918 99.93908270190957
v -3.489949670250108 -36.32218844984803 99.93908270190957
v -3.489949670250108 -36.01823708206687 99.93908270190957
v -3.489949670250108 -35.714285714285715 99.93908270190957
v -3.489949670250108 -35.410334346504555 99.93908270190957
v -3.489949670250108 -35.1063829787234 99.93908270190957
v -3.489949670250108 -34.80243161094225 99.93908270190957
v -3.489949670250108 -34.4984802431611 99.93908270190957
v -3.489949670250108 -34.19452887537994 99.93908270190957
v -3.489949670250108 -33.890577507598785 99.93908270190957
v -3.489949670250108 -33.586626139817625 99.93908270190957
v -3.489949670250108 -33.28267477203647 99.93908270190957
v -3.489949670250108 -32.97872340425532 99.93908270190957
v -3.489949670250108 -32.67477203647417 99.93908270190957
v -3.489949670250108 -32.370820668693014 99.93908270190957
v -3.489949670250108 -32.066869300911854 99.93908270190957
v -3.489949670250108 -31.7629179331307 99.93908270190957
v -3.489949670250108 -31.458966565349545 99.93908270190957
v -3.489949670250108 -31.15501519756839 99.93908270190957
v -3.489949670250108 -30.851063829787236 99.93908270190957
v -3.489949670250108 -30.54711246200608 99.93908270190957
v -3.489949670250108 -30.243161094224924 99.93908270190957
v -3.489949670250108 -29.93920972644377 99.93908270190957
v -3.489949670250108 -29.635258358662615 99.93908270190957
v -3.489949670250108 -29.33130699088146 99.93908270190957
v -3.489949670250108 -29.027355623100306 99.93908270190957
v -3.489949670250108 -28.72340425531915 99.93908270190957
v -3.489949670250108 -28.419452887537997 99.93908270190957
v -3.489949670250108 -28.11550151975684 99.93908270190957
v -3.489949670250108 -27.811550151975684 99.93908270190957
v -3.489949670250108 -27.50759878419453 99.93908270190957
v -3.489949670250108 -27.203647416413375 99.93908270190957
v -3.489949670250108 -26.89969604863222 99.93908270190957
v -3.489949670250108 -26.595744680851066 99.93908270190957
v -3.489949670250108 -26.29179331306991 99.93908270190957
v -3.489949670250108 -25.987841945288753 99.93908270190957
v -3.489949670250108 -25.6838905775076 99.93908270190957
v -3.489949670250108 -25.379939209726444 99.93908270190957
v -3.489949670250108 -25.075987841945288 99.93908270190957
v -3.489949670250108 -24.772036474164135 99.93908270190957
v -3.489949670250108 -24.46808510638298 99.93908270190957
v -3.489949670250108 -24.164133738601826 99.93908270190957
v -3.489949670250108 -23.86018237082067 99.93908270190957
v -3.489949670250108 -23.556231003039514 99.93908270190957
v -3.489949670250108 -23.25227963525836 99.93908270190957
v -3.489949670250108 -22.948328267477205 99.93908270190957
v -3.489949670250108 -22.64437689969605 99.93908270190957
v -3.489949670250108 -22.340425531914896 99.93908270190957
v -3.489949670250108 -22.03647416413374 99.93908270190957
v -3.489949670250108 -21.732522796352583 99.93908270190957
v -3.489949670250108 -21.42857142857143 99.93908270190957
v -3.489949670250108 -21.124620060790274 99.93908270190957
v -3.489949670250108 -20.820668693009118 99.93908270190957
v -3.489949670250108 -20.516717325227965 99.93908270190957
v -3.489949670250108 -20.21276595744681 99.93908270190957
v -3.489949670250108 -19.908814589665656 99.93908270190957
v -3.489949670250108 -19.6048632218845 99.93908270190957
v -3.489949670250108 -19.300911854103344 99.93908270190957
v -3.489949670250108 -18.99696048632219 99.93908270190957
v -3.489949670250108 -18.693009118541035 99.93908270190957
v -3.489949670250108 -18.38905775075988 99.93908270190957
v -3.489949670250108 -18.085106382978726 99.93908270190957
v -3.489949670250108 -17.78115501519757 99.93908270190957
v -3.489949670250108 -17.477203647416417 99.93908270190957
v -3.489949670250108 -17.173252279635257 99.93908270190957
v -3.489949670250108 -16.869300911854104 99.93908270190957
v -3.489949670250108 -16.56534954407295 99.93908270190957
v -3.489949670250108 -16.26139817629179 99.93908270190957
v -3.489949670250108 -15.957446808510639 99.93908270190957
v -3.489949670250108 -15.653495440729486 99.93908270190957
v -3.489949670250108 -15.349544072948326 99.93908270190957
v -3.489949670250108 -15.045592705167174 99.93908270190957
v -3.489949670250108 -14.741641337386021 99.93908270190957
v -3.489949670250108 -14.437689969604868 99.93908270190957
v -3.489949670250108 -14.133738601823708 99.93908270190957
v -3.489949670250108 -13.829787234042556 99.93908270190957
v -3.489949670250108 -13.525835866261403 99.93908270190957
v -3.489949670250108 -13.221884498480243 99.93908270190957
v -3.489949670250108 -12.91793313069909 99.93908270190957
v -3.489949670250108 -12.613981762917938 99.93908270190957
v -3.489949670250108 -12.310030395136778 99.93908270190957
v -3.489949670250108 -12.006079027355625 99.93908270190957
v -3.489949670250108 -11.702127659574472 99.93908270190957
v -3.489949670250108 -11.398176291793312 99.93908270190957
v -3.489949670250108 -11.09422492401216 99.93908270190957
v -3.489949670250108 -10.790273556231007 99.93908270190957
v -3.489949670250108 -10.486322188449847 99.93908270190957
v -3.489949670250108 -10.182370820668694 99.93908270190957
v -3.489949670250108 -9.878419452887542 99.93908270190957
v -3.489949670250108 -9.574468085106382 99.93908270190957
v -3.489949670250108 -9.27051671732523 99.93908270190957
v -3.489949670250108 -8.966565349544076 99.93908270190957
v -3.489949670250108 -8.662613981762917 99.93908270190957
v -3.489949670250108 -8.358662613981764 99.93908270190957
v -3.489949670250108 -8.054711246200611 99.93908270190957
v -3.489949670250108 -7.750759878419451 99.93908270190957
v -3.489949670250108 -7.446808510638299 99.93908270190957
v -3.489949670250108 -7.142857142857146 99.93908270190957
v -3.489949670250108 -6.838905775075993 99.93908270190957
v -3.489949670250108 -6.534954407294833 99.93908270190957
v -3.489949670250108 -6.231003039513681 99.93908270190957
v -3.489949670250108 -5.927051671732528 99.93908270190957
v -3.489949670250108 -5.623100303951368 99.93908270190957
v -3.489949670250108 -5.319148936170215 99.93908270190957
v -3.489949670250108 -5.015197568389063 99.93908270190957
v -3.489949670250108 -4.711246200607903 99.93908270190957
v -3.489949670250108 -4.40729483282675 99.93908270190957
v -3.489949670250108 -4.103343465045597 99.93908270190957
v -3.489949670250108 -3.7993920972644375 99.93908270190957
v -3.489949670250108 -3.4954407294832848 99.93908270190957
v -3.489949670250108 -3.191489361702132 99.93908270190957
v -3.489949670250108 -2.887537993920972 99.93908270190957
v -3.489949670250108 -2.5835866261398195 99.93908270190957
v -3.489949670250108 -2.2796352583586668 99.93908270190957
v -3.489949670250108 -1.975683890577507 99.93908270190957
v -3.489949670250108 -1.6717325227963542 99.93908270190957
v -3.489949670250108 -1.3677811550152015 99.93908270190957
v -3.489949670250108 -1.0638297872340416 99.93908270190957
v -3.489949670250108 -0.7598784194528889 99.93908270190957
v -3.489949670250108 -0.4559270516717362 99.93908270190957
v -3.489949670250108 -0.15197568389057636 99.93908270190957
v -3.489949670250108 0.15197568389057636 99.93908270190957
v -3.489949670250108 0.4559270516717291 99.93908270190957
v -3.489949670250108 0.7598784194528818 99.93908270190957
v -3.489949670250108 1.0638297872340416 99.93908270190957
v -3.489949670250108 1.3677811550151944 99.93908270190957
v -3.489949670250108 1.671732522796347 99.93908270190957
v -3.489949670250108 1.975683890577507 99.93908270190957
v -3.489949670250108 2.2796352583586597 99.93908270190957
v -3.489949670250108 2.5835866261398124 99.93908270190957
v -3.489949670250108 2.887537993920972 99.93908270190957
v -3.489949670250108 3.191489361702125 99.93908270190957
v -3.489949670250108 3.4954407294832777 99.93908270190957
v -3.489949670250108 3.7993920972644375 99.93908270190957
v -3.489949670250108 4.10334346504559 99.93908270190957
v -3.489949670250108 4.407294832826743 99.93908270190957
v -3.489949670250108 4.711246200607903 99.93908270190957
v -3.489949670250108 5.0151975683890555 99.93908270190957
v -3.489949670250108 5.319148936170208 99.93908270190957
v -3.489949670250108 5.623100303951368 99.93908270190957
v -3.489949670250108 5.927051671732521 99.93908270190957
v -3.489949670250108 6.2310030395136735 99.93908270190957
v -3.489949670250108 6.534954407294833 99.93908270190957
v -3.489949670250108 6.838905775075986 99.93908270190957
v -3.489949670250108 7.142857142857139 99.93908270190957
v -3.489949670250108 7.446808510638299 99.93908270190957
v -3.489949670250108 7.750759878419451 99.93908270190957
v -3.489949670250108 8.054711246200604 99.93908270190957
v -3.489949670250108 8.358662613981764 99.93908270190957
v -3.489949670250108 8.662613981762917 99.93908270190957
v -3.489949670250108 8.96656534954407 99.93908270190957
v -3.489949670250108 9.270516717325222 99.93908270190957
v -3.489949670250108 9.574468085106382 99.93908270190957
v -3.489949670250108 9.878419452887535 99.93908270190957
v -3.489949670250108 10.182370820668687 99.93908270190957
v -3.489949670250108 10.486322188449847 99.93908270190957
v -3.489949670250108 10.790273556231 99.93908270190957
v -3.489949670250108 11.094224924012153 99.93908270190957
v -3.489949670250108 11.398176291793312 99.93908270190957
v -3.489949670250108 11.702127659574465 99.93908270190957
v -3.489949670250108 12.006079027355618 99.93908270190957
v -3.489949670250108 12.310030395136778 99.93908270190957
v -3.489949670250108 12.61398176291793 99.93908270190957
v -3.489949670250108 12.917933130699083 99.93908270190957
v -3.489949670250108 13.221884498480243 99.93908270190957
v -3.489949670250108 13.525835866261396 99.93908270190957
v -3.489949670250108 13.829787234042549 99.93908270190957
v -3.489949670250108 14.133738601823708 99.93908270190957
v -3.489949670250108 14.437689969604861 99.93908270190957
v -3.489949670250108 14.741641337386014 99.93908270190957
v -3.489949670250108 15.045592705167167 99.93908270190957
v -3.489949670250108 15.34954407294832 99.93908270190957
v -3.489949670250108 15.653495440729486 99.93908270190957
v -3.489949670250108 15.957446808510639 99.93908270190957
v -3.489949670250108 16.26139817629179 99.93908270190957
v -3.489949670250108 16.565349544072944 99.93908270190957
v -3.489949670250108 16.869300911854097 99.93908270190957
v -3.489949670250108 17.17325227963525 99.93908270190957
v -3.489949670250108 17.477203647416417 99.93908270190957
v -3.489949670250108 17.78115501519757 99.93908270190957
v -3.489949670250108 18.085106382978722 99.93908270190957
v -3.489949670250108 18.389057750759875 99.93908270190957
v -3.489949670250108 18.693009118541028 99.93908270190957
v -3.489949670250108 18.99696048632218 99.93908270190957
v -3.489949670250108 19.300911854103347 99.93908270190957
v -3.489949670250108 19.6048632218845 99.93908270190957
v -3.489949670250108 19.908814589665653 99.93908270190957
v -3.489949670250108 20.212765957446805 99.93908270190957
v -3.489949670250108 20.516717325227958 99.93908270190957
v -3.489949670250108 20.82066869300911 99.93908270190957
v -3.489949670250108 21.124620060790264 99.93908270190957
v -3.489949670250108 21.42857142857143 99.93908270190957
v -3.489949670250108 21.732522796352583 99.93908270190957
v -3.489949670250108 22.036474164133736 99.93908270190957
v -3.489949670250108 22.34042553191489 99.93908270190957
v -3.489949670250108 22.64437689969604 99.93908270190957
v -3.489949670250108 22.948328267477194 99.93908270190957
v -3.489949670250108 23.25227963525836 99.93908270190957
v -3.489949670250108 23.556231003039514 99.93908270190957
v -3.489949670250108 23.860182370820667 99.93908270190957
v -3.489949670250108 24.16413373860182 99.93908270190957
v -3.489949670250108 24.468085106382972 99.93908270190957
v -3.489949670250108 24.772036474164125 99.93908270190957
v -3.489949670250108 25.07598784194529 99.93908270190957
v -3.489949670250108 25.379939209726444 99.93908270190957
v -3.489949670250108 25.683890577507597 99.93908270190957
v -3.489949670250108 25.98784194528875 99.93908270190957
v -3.489949670250108 26.291793313069903 99.93908270190957
v -3.489949670250108 26.595744680851055 99.93908270190957
v -3.489949670250108 26.899696048632222 99.93908270190957
v -3.489949670250108 27.203647416413375 99.93908270190957
v -3.489949670250108 27.507598784194528 99.93908270190957
v -3.489949670250108 27.81155015197568 99.93908270190957
v -3.489949670250108 28.115501519756833 99.93908270190957
v -3.489949670250108 28.419452887537986 99.93908270190957
v -3.489949670250108 28.72340425531914 99.93908270190957
v -3.489949670250108 29.027355623100306 99.93908270190957
v -3.489949670250108 29.33130699088146 99.93908270190957
v -3.489949670250108 29.63525835866261 99.93908270190957
v -3.489949670250108 29.939209726443764 99.93908270190957
v -3.489949670250108 30.243161094224916 99.93908270190957
v -3.489949670250108 30.54711246200607 99.93908270190957
v -3.489949670250108 30.851063829787236 99.93908270190957
v -3.489949670250108 31.15501519756839 99.93908270190957
v -3.489949670250108 31.45896656534954 99.93908270190957
v -3.489949670250108 31.762917933130694 99.93908270190957
v -3.489949670250108 32.06686930091185 99.93908270190957
v -3.489949670250108 32.370820668693 99.93908270190957
v -3.489949670250108 32.67477203647417 99.93908270190957
v -3.489949670250108 32.97872340425532 99.93908270190957
v -3.489949670250108 33.28267477203647 99.93908270190957
v -3.489949670250108 33.586626139817625 99.93908270190957
v -3.489949670250108 33.89057750759878 99.93908270190957
v -3.489949670250108 34.19452887537993 99.93908270190957
v -3.489949670250108 34.4984802431611 99.93908270190957
v -3.489949670250108 34.80243161094225 99.93908270190957
v -3.489949670250108 35.1063829787234 99.93908270190957
v -3.489949670250108 35.410334346504555 99.93908270190957
v -3.489949670250108 35.71428571428571 99.93908270190957
v -3.489949670250108 36.01823708206686 99.93908270190957
v -3.489949670250108 36.322188449848014 99.93908270190957
v -3.489949670250108 36.62613981762918 99.93908270190957
v -3.489949670250108 36.93009118541033 99.93908270190957
v -3.489949670250108 37.234042553191486 99.93908270190957
v -3.489949670250108 37.53799392097264 99.93908270190957
v -3.489949670250108 37.84194528875379 99.93908270190957
v -3.489949670250108 38.145896656534944 99.93908270190957
v -3.489949670250108 38.44984802431611 99.93908270190957
v -3.489949670250108 38.753799392097264 99.93908270190957
v -3.489949670250108 39.05775075987842 99.93908270190957
v -3.489949670250108 39.36170212765957 99.93908270190957
v -3.489949670250108 39.66565349544072 99.93908270190957
v -3.489949670250108 39.969604863221875 99.93908270190957
v -3.489949670250108 40.27355623100304 99.93908270190957
v -3.489949670250108 40.577507598784194 99.93908270190957
v -3.489949670250108 40.88145896656535 99.93908270190957
v -3.489949670250108 41.1854103343465 99.93908270190957
v -3.489949670250108 41.48936170212765 99.93908270190957
v -3.489949670250108 41.793313069908805 99.93908270190957
v -3.489949670250108 42.09726443768997 99.93908270190957
v -3.489949670250108 42.401215805471125 99.93908270190957
v -3.489949670250108 42.70516717325228 99.93908270190957
v -3.489949670250108 43.00911854103343 99.93908270190957
v -3.489949670250108 43.31306990881458 99.93908270190957
v -3.489949670250108 43.617021276595736 99.93908270190957
v -3.489949670250108 43.92097264437689 99.93908270190957
v -3.489949670250108 44.224924012158056 99.93908270190957
v -3.489949670250108 44.52887537993921 99.93908270190957
v -3.489949670250108 44.83282674772036 99.93908270190957
v -3.489949670250108 45.136778115501514 99.93908270190957
v -3.489949670250108 45.44072948328267 99.93908270190957
v -3.489949670250108 45.74468085106382 99.93908270190957
v -3.489949670250108 46.048632218844986 99.93908270190957
v -3.489949670250108 46.35258358662614 99.93908270190957
v -3.489949670250108 46.65653495440729 99.93908270190957
v -3.489949670250108 46.960486322188444 99.93908270190957
v -3.489949670250108 47.2644376899696 99.93908270190957
v -3.489949670250108 47.56838905775075 99.93908270190957
v -3.489949670250108 47.87234042553192 99.93908270190957
v -3.489949670250108 48.17629179331307 99.93908270190957
v -3.489949670250108 48.48024316109422 99.93908270190957
v -3.489949670250108 48.784194528875375 99.93908270190957
v -3.489949670250108 49.08814589665653 99.93908270190957
v -3.489949670250108 49.39209726443768 99.93908270190957
v -3.489949670250108 49.69604863221885 99.93908270190957
v -3.489949670250108 50.0 99.93908270190957
v -3.1865834425106687 -50.0 99.9492155345099
v -3.1865834425106687 -49.69604863221885 99.9492155345099
v -3.1865834425106687 -49.39209726443769 99.9492155345099
v -3.1865834425106687 -49.088145896656535 99.9492155345099
v -3.1865834425106687 -48.78419452887538 99.9492155345099
v -3.1865834425106687 -48.48024316109422 99.9492155345099
v -3.1865834425106687 -48.17629179331307 99.9492155345099
v -3.1865834425106687 -47.87234042553192 99.9492155345099
v -3.1865834425106687 -47.56838905775076 99.9492155345099
v -3.1865834425106687 -47.264437689969604 99.9492155345099
v -3.1865834425106687 -46.96048632218845 99.9492155345099
v -3.1865834425106687 -46.65653495440729 99.9492155345099
v -3.1865834425106687 -46.35258358662614 99.9492155345099
v -3.1865834425106687 -46.048632218844986 99.9492155345099
v -3.1865834425106687 -45.74468085106383 99.9492155345099
v -3.1865834425106687 -45.440729483282674 99.9492155345099
v -3.1865834425106687 -45.13677811550152 99.9492155345099
v -3.1865834425106687 -44.83282674772036 99.9492155345099
v -3.1865834425106687 -44.52887537993921 99.9492155345099
v -3.1865834425106687 -44.224924012158056 99.9492155345099
v -3.1865834425106687 -43.9209726443769 99.9492155345099
v -3.1865834425106687 -43.61702127659574 99.9492155345099
v -3.1865834425106687 -43.31306990881459 99.9492155345099
v -3.1865834425106687 -43.00911854103344 99.9492155345099
v -3.1865834425106687 -42.70516717325228 99.9492155345099
v -3.1865834425106687 -42.401215805471125 99.9492155345099
v -3.1865834425106687 -42.09726443768997 99.9492155345099
v -3.1865834425106687 -41.79331306990881 99.9492155345099
v -3.1865834425106687 -41.48936170212766 99.9492155345099
v -3.1865834425106687 -41.18541033434651 99.9492155345099
v -3.1865834425106687 -40.88145896656535 99.9492155345099
v -3.1865834425106687 -40.577507598784194 99.9492155345099
v -3.1865834425106687 -40.27355623100304 99.9492155345099
v -3.1865834425106687 -39.96960486322189 99.9492155345099
v -3.1865834425106687 -39.66565349544073 99.9492155345099
v -3.1865834425106687 -39.361702127659576 99.9492155345099
v -3.1865834425106687 -39.05775075987842 99.9492155345099
v -3.1865834425106687 -38.753799392097264 99.9492155345099
v -3.1865834425106687 -38.44984802431611 99.9492155345099
v -3.1865834425106687 -38.14589665653496 99.9492155345099
v -3.1865834425106687 -37.8419452887538 99.9492155345099
v -3.1865834425106687 -37.537993920972646 99.9492155345099
v -3.1865834425106687 -37.234042553191486 99.9492155345099
v -3.1865834425106687 -36.93009118541033 99.9492155345099
v -3.1865834425106687 -36.62613981762918 99.9492155345099
v -3.1865834425106687 -36.32218844984803 99.9492155345099
v -3.1865834425106687 -36.01823708206687 99.9492155345099
v -3.1865834425106687 -35.714285714285715 99.9492155345099
v -3.1865834425106687 -35.410334346504555 99.9492155345099
v -3.1865834425106687 -35.1063829787234 99.9492155345099
v -3.1865834425106687 -34.80243161094225 99.9492155345099
v -3.1865834425106687 -34.4984802431611 99.9492155345099
v -3.1865834425106687 -34.19452887537994 99.9492155345099
v -3.1865834425106687 -33.890577507598785 99.9492155345099
v -3.1865834425106687 -33.586626139817625 99.9492155345099
v -3.1865834425106687 -33.28267477203647 99.9492155345099
v -3.1865834425106687 -32.97872340425532 99.9492155345099
v -3.1865834425106687 -32.67477203647417 99.9492155345099
v -3.1865834425106687 -32.370820668693014 99.9492155345099
v -3.1865834425106687 -32.066869300911854 99.9492155345099
v -3.1865834425106687 -31.7629179331307 99.9492155345099
v -3.1865834425106687 -31.458966565349545 99.9492155345099
v -3.1865834425106687 -31.15501519756839 99.9492155345099
v -3.1865834425106687 -30.851063829787236 99.9492155345099
v -3.1865834425106687 -30.54711246200608 99.9492155345099
v -3.1865834425106687 -30.243161094224924 99.9492155345099
v -3.1865834425106687 -29.93920972644377 99.9492155345099
v -3.1865834425106687 -29.635258358662615 99.9492155345099
v -3.1865834425106687 -29.33130699088146 99.9492155345099
v -3.1865834425106687 -29.027355623100306 99.9492155345099
v -3.1865834425106687 -28.72340425531915 99.9492155345099
v -3.1865834425106687 -28.419452887537997 99.9492155345099
v -3.1865834425106687 -28.11550151975684 99.9492155345099
v -3.1865834425106687 -27.811550151975684 99.9492155345099
v -3.1865834425106687 -27.50759878419453 99.9492155345099
v -3.1865834425106687 -27.203647416413375 99.9492155345099
v -3.1865834425106687 -26.89969604863222 99.9492155345099
v -3.1865834425106687 -26.595744680851066 99.9492155345099
v -3.1865834425106687 -26.29179331306991 99.9492155345099
v -3.1865834425106687 -25.987841945288753 99.9492155345099
v -3.1865834425106687 -25.6838905775076 99.9492155345099
v -3.1865834425106687 -25.379939209726444 99.9492155345099
v -3.1865834425106687 -25.075987841945288 99.9492155345099
v -3.1865834425106687 -24.772036474164135 99.9492155345099
v -3.1865834425106687 -24.46808510638298 99.9492155345099
v -3.1865834425106687 -24.164133738601826 99.9492155345099
v -3.1865834425106687 -23.86018237082067 99.9492155345099
v -3.1865834425106687 -23.556231003039514 99.9492155345099
v -3.1865834425106687 -23.25227963525836 99.9492155345099
v -3.1865834425106687 -22.948328267477205 99.9492155345099
v -3.1865834425106687 -22.64437689969605 99.9492155345099
v -3.1865834425106687 -22.340425531914896 99.9492155345099
v -3.1865834425106687 -22.03647416413374 99.9492155345099
v -3.1865834425106687 -21.732522796352583 99.9492155345099
v -3.1865834425106687 -21.42857142857143 99.9492155345099
v -3.1865834425106687 -21.124620060790274 99.9492155345099
v -3.1865834425106687 -20.820668693009118 99.9492155345099
v -3.1865834425106687 -20.516717325227965 99.9492155345099
v -3.1865834425106687 -20.21276595744681 99.9492155345099
v -3.1865834425106687 -19.908814589665656 99.9492155345099
v -3.1865834425106687 -19.6048632218845 99.9492155345099
v -3.1865834425106687 -19.300911854103344 99.9492155345099
v -3.1865834425106687 -18.99696048632219 99.9492155345099
v -3.1865834425106687 -18.693009118541035 99.9492155345099
v -3.1865834425106687 -18.38905775075988 99.9492155345099
v -3.1865834425106687 -18.085106382978726 99.9492155345099
v -3.1865834425106687 -17.78115501519757 99.9492155345099
v -3.1865834425106687 -17.477203647416417 99.9492155345099
v -3.1865834425106687 -17.173252279635257 99.9492155345099
v -3.1865834425106687 -16.869300911854104 99.9492155345099
v -3.1865834425106687 -16.56534954407295 99.9492155345099
v -3.1865834425106687 -16.26139817629179 99.9492155345099
v -3.1865834425106687 -15.957446808510639 99.9492155345099
v -3.1865834425106687 -15.653495440729486 99.9492155345099
v -3.1865834425106687 -15.349544072948326 99.9492155345099
v -3.1865834425106687 -15.045592705167174 99.9492155345099
v -3.1865834425106687 -14.741641337386021 99.9492155345099
v -3.1865834425106687 -14.437689969604868 99.9492155345099
v -3.1865834425106687 -14.133738601823708 99.9492155345099
v -3.1865834425106687 -13.829787234042556 99.9492155345099
v -3.1865834425106687 -13.525835866261403 99.9492155345099
v -3.1865834425106687 -13.221884498480243 99.9492155345099
v -3.1865834425106687 -12.91793313069909 99.9492155345099
v -3.1865834425106687 -12.613981762917938 99.9492155345099
v -3.1865834425106687 -12.310030395136778 99.9492155345099
v -3.1865834425106687 -12.006079027355625 99.9492155345099
v -3.1865834425106687 -11.702127659574472 99.9492155345099
v -3.1865834425106687 -11.398176291793312 99.9492155345099
v -3.1865834425106687 -11.09422492401216 99.9492155345099
v -3.1865834425106687 -10.790273556231007 99.9492155345099
v -3.1865834425106687 -10.486322188449847 99.9492155345099
v -3.1865834425106687 -10.182370820668694 99.9492155345099
v -3.1865834425106687 -9.878419452887542 99.9492155345099
v -3.1865834425106687 -9.574468085106382 99.9492155345099
v -3.1865834425106687 -9.27051671732523 99.9492155345099
v -3.1865834425106687 -8.966565349544076 99.9492155345099
v -3.1865834425106687 -8.662613981762917 99.9492155345099
v -3.1865834425106687 -8.358662613981764 99.9492155345099
v -3.1865834425106687 -8.054711246200611 99.9492155345099
v -3.1865834425106687 -7.750759878419451 99.9492155345099
v -3.1865834425106687 -7.446808510638299 99.9492155345099
v -3.1865834425106687 -7.142857142857146 99.9492155345099
v -3.1865834425106687 -6.838905775075993 99.9492155345099
v -3.1865834425106687 -6.534954407294833 99.9492155345099
v -3.1865834425106687 -6.231003039513681 99.9492155345099
v -3.1865834425106687 -5.927051671732528 99.9492155345099
v -3.1865834425106687 -5.623100303951368 99.9492155345099
v -3.1865834425106687 -5.319148936170215 99.9492155345099
v -3.1865834425106687 -5.015197568389063 99.9492155345099
v -3.1865834425106687 -4.711246200607903 99.9492155345099
v -3.1865834425106687 -4.40729483282675 99.9492155345099
v -3.1865834425106687 -4.103343465045597 99.9492155345099
v -3.1865834425106687 -3.7993920972644375 99.9492155345099
v -3.1865834425106687 -3.4954407294832848 99.9492155345099
v -3.1865834425106687 -3.191489361702132 99.9492155345099
v -3.1865834425106687 -2.887537993920972 99.9492155345099
v -3.1865834425106687 -2.5835866261398195 99.9492155345099
v -3.1865834425106687 -2.2796352583586668 99.9492155345099
v -3.1865834425106687 -1.975683890577507 99.9492155345099
v -3.1865834425106687 -1.6717325227963542 99.9492155345099
v -3.1865834425106687 -1.3677811550152015 99.9492155345099
v -3.1865834425106687 -1.0638297872340416 99.9492155345099
v -3.1865834425106687 -0.7598784194528889 99.9492155345099
v -3.1865834425106687 -0.4559270516717362 99.9492155345099
v -3.1865834425106687 -0.15197568389057636 99.9492155345099
v -3.1865834425106687 0.15197568389057636 99.9492155345099
v -3.1865834425106687 0.4559270516717291 99.9492155345099
v -3.1865834425106687 0.7598784194528818 99.9492155345099
v -3.1865834425106687 1.0638297872340416 99.9492155345099
v -3.1865834425106687 1.3677811550151944 99.9492155345099
v -3.1865834425106687 1.671732522796347 99.9492155345099
v -3.1865834425106687 1.975683890577507 99.9492155345099
v -3.1865834425106687 2.2796352583586597 99.9492155345099
v -3.1865834425106687 2.5835866261398124 99.9492155345099
v -3.1865834425106687 2.887537993920972 99.9492155345099
v -3.1865834425106687 3.191489361702125 99.9492155345099
v -3.1865834425106687 3.4954407294832777 99.9492155345099
v -3.1865834425106687 3.7993920972644375 99.9492155345099
v -3.1865834425106687 4.10334346504559 99.9492155345099
v -3.1865834425106687 4.407294832826743 99.9492155345099
v -3.1865834425106687 4.711246200607903 99.9492155345099
v -3.1865834425106687 5.0151975683890555 99.9492155345099
v -3.1865834425106687 5.319148936170208 99.9492155345099
v -3.1865834425106687 5.623100303951368 99.9492155345099
v -3.1865834425106687 5.927051671732521 99.9492155345099
v -3.1865834425106687 6.2310030395136735 99.9492155345099
v -3.1865834425106687 6.534954407294833 99.9492155345099
v -3.1865834425106687 6.838905775075986 99.9492155345099
v -3.1865834425106687 7.142857142857139 99.9492155345099
v -3.1865834425106687 7.446808510638299 99.9492155345099
v -3.1865834425106687 7.750759878419451 99.9492155345099
v -3.1865834425106687 8.054711246200604 99.9492155345099
v -3.1865834425106687 8.358662613981764 99.9492155345099
v -3.1865834425106687 8.662613981762917 99.9492155345099
v -3.1865834425106687 8.96656534954407 99.9492155345099
v -3.1865834425106687 9.270516717325222 99.9492155345099
v -3.1865834425106687 9.574468085106382 99.9492155345099
v -3.1865834425106687 9.878419452887535 99.9492155345099
v -3.1865834425106687 10.182370820668687 99.9492155345099
v -3.1865834425106687 10.486322188449847 99.9492155345099
v -3.1865834425106687 10.790273556231 99.9492155345099
v -3.1865834425106687 11.094224924012153 99.9492155345099
v -3.1865834425106687 11.398176291793312 99.9492155345099
v -3.1865834425106687 11.702127659574465 99.9492155345099
v -3.1865834425106687 12.006079027355618 99.9492155345099
v -3.1865834425106687 12.310030395136778 99.9492155345099
v -3.1865834425106687 12.61398176291793 99.9492155345099
v -3.1865834425106687 12.917933130699083 99.9492155345099
v -3.1865834425106687 13.221884498480243 99.9492155345099
v -3.1865834425106687 13.525835866261396 99.9492155345099
v -3.1865834425106687 13.829787234042549 99.9492155345099
v -3.1865834425106687 14.133738601823708 99.9492155345099
v -3.1865834425106687 14.437689969604861 99.9492155345099
v -3.1865834425106687 14.741641337386014 99.9492155345099
v -3.1865834425106687 15.045592705167167 99.9492155345099
v -3.1865834425106687 15.34954407294832 99.9492155345099
v -3.1865834425106687 15.653495440729486 99.9492155345099
v -3.1865834425106687 15.957446808510639 99.9492155345099
v -3.1865834425106687 16.26139817629179 99.9492155345099
v -3.1865834425106687 16.565349544072944 99.9492155345099
v -3.1865834425106687 16.869300911854097 99.9492155345099
v -3.1865834425106687 17.17325227963525 99.9492155345099
v -3.1865834425106687 17.477203647416417 99.9492155345099
v -3.1865834425106687 17.78115501519757 99.9492155345099
v -3.1865834425106687 18.085106382978722 99.9492155345099
v -3.1865834425106687 18.389057750759875 99.9492155345099
v -3.1865834425106687 18.693009118541028 99.9492155345099
v -3.1865834425106687 18.99696048632218 99.9492155345099
v -3.1865834425106687 19.300911854103347 99.9492155345099
v -3.1865834425106687 19.6048632218845 99.9492155345099
v -3.1865834425106687 19.908814589665653 99.9492155345099
v -3.1865834425106687 20.212765957446805 99.9492155345099
v -3.1865834425106687 20.516717325227958 99.9492155345099
v -3.1865834425106687 20.82066869300911 99.9492155345099
v -3.1865834425106687 21.124620060790264 99.9492155345099
v -3.1865834425106687 21.42857142857143 99.9492155345099
v -3.1865834425106687 21.732522796352583 99.9492155345099
v -3.1865834425106687 22.036474164133736 99.9492155345099
v -3.1865834425106687 22.34042553191489 99.9492155345099
v -3.1865834425106687 22.64437689969604 99.9492155345099
v -3.1865834425106687 22.948328267477194 99.9492155345099
v -3.1865834425106687 23.25227963525836 99.9492155345099
v -3.1865834425106687 23.556231003039514 99.9492155345099
v -3.1865834425106687 23.860182370820667 99.9492155345099
v -3.1865834425106687 24.16413373860182 99.9492155345099
v -3.1865834425106687 24.468085106382972 99.9492155345099
v -3.1865834425106687 24.772036474164125 99.9492155345099
v -3.1865834425106687 25.07598784194529 99.9492155345099
v -3.1865834425106687 25.379939209726444 99.9492155345099
v -3.1865834425106687 25.683890577507597 99.9492155345099
v -3.1865834425106687 25.98784194528875 99.9492155345099
v -3.1865834425106687 26.291793313069903 99.9492155345099
v -3.1865834425106687 26.595744680851055 99.9492155345099
v -3.1865834425106687 26.899696048632222 99.9492155345099
v -3.1865834425106687 27.203647416413375 99.9492155345099
v -3.1865834425106687 27.507598784194528 99.9492155345099
v -3.1865834425106687 27.81155015197568 99.9492155345099
v -3.1865834425106687 28.115501519756833 99.9492155345099
v -3.1865834425106687 28.419452887537986 99.9492155345099
v -3.1865834425106687 28.72340425531914 99.9492155345099
v -3.1865834425106687 29.027355623100306 99.9492155345099
v -3.1865834425106687 29.33130699088146 99.9492155345099
v -3.1865834425106687 29.63525835866261 99.9492155345099
v -3.1865834425106687 29.939209726443764 99.9492155345099
v -3.1865834425106687 30.243161094224916 99.9492155345099
v -3.1865834425106687 30.54711246200607 99.9492155345099
v -3.1865834425106687 30.851063829787236 99.9492155345099
v -3.1865834425106687 31.15501519756839 99.9492155345099
v -3.1865834425106687 31.45896656534954 99.9492155345099
v -3.1865834425106687 31.762917933130694 99.9492155345099
v -3.1865834425106687 32.06686930091185 99.9492155345099
v -3.1865834425106687 32.370820668693 99.9492155345099
v -3.1865834425106687 32.67477203647417 99.9492155345099
v -3.1865834425106687 32.97872340425532 99.9492155345099
v -3.1865834425106687 33.28267477203647 99.9492155345099
v -3.1865834425106687 33.586626139817625 99.9492155345099
v -3.1865834425106687 33.89057750759878 99.9492155345099
v -3.1865834425106687 34.19452887537993 99.9492155345099
v -3.1865834425106687 34.4984802431611 99.9492155345099
v -3.1865834425106687 34.80243161094225 99.9492155345099
v -3.1865834425106687 35.1063829787234 99.9492155345099
v -3.1865834425106687 35.410334346504555 99.9492155345099
v -3.1865834425106687 35.71428571428571 99.9492155345099
v -3.1865834425106687 36.01823708206686 99.9492155345099
v -3.1865834425106687 36.322188449848014 99.9492155345099
v -3.1865834425106687 36.62613981762918 99.9492155345099
v -3.1865834425106687 36.93009118541033 99.9492155345099
v -3.1865834425106687 37.234042553191486 99.9492155345099
v -3.1865834425106687 37.53799392097264 99.9492155345099
v -3.1865834425106687 37.84194528875379 99.9492155345099
v -3.1865834425106687 38.145896656534944 99.9492155345099
v -3.1865834425106687 38.44984802431611 99.9492155345099
v -3.1865834425106687 38.753799392097264 99.9492155345099
v -3.1865834425106687 39.05775075987842 99.9492155345099
v -3.1865834425106687 39.36170212765957 99.9492155345099
v -3.1865834425106687 39.66565349544072 99.9492155345099
v -3.1865834425106687 39.969604863221875 99.9492155345099
v -3.1865834425106687 40.27355623100304 99.9492155345099
v -3.1865834425106687 40.577507598784194 99.9492155345099
v -3.1865834425106687 40.88145896656535 99.9492155345099
v -3.1865834425106687 41.1854103343465 99.9492155345099
v -3.1865834425106687 41.48936170212765 99.9492155345099
v -3.1865834425106687 41.793313069908805 99.9492155345099
v -3.1865834425106687 42.09726443768997 99.9492155345099
v -3.1865834425106687 42.401215805471125 99.9492155345099
v -3.1865834425106687 42.70516717325228 99.9492155345099
v -3.1865834425106687 43.00911854103343 99.9492155345099
v -3.1865834425106687 43.31306990881458 99.9492155345099
v -3.1865834425106687 43.617021276595736 99.9492155345099
v -3.1865834425106687 43.92097264437689 99.9492155345099
v -3.1865834425106687 44.224924012158056 99.9492155345099
v -3.1865834425106687 44.52887537993921 99.9492155345099
v -3.1865834425106687 44.83282674772036 99.9492155345099
v -3.1865834425106687 45.136778115501514 99.9492155345099
v -3.1865834425106687 45.44072948328267 99.9492155345099
v -3.1865834425106687 45.74468085106382 99.9492155345099
v -3.1865834425106687 46.048632218844986 99.9492155345099
v -3.1865834425106687 46.35258358662614 99.9492155345099
v -3.1865834425106687 46.65653495440729 99.9492155345099
v -3.1865834425106687 46.960486322188444 99.9492155345099
v -3.1865834425106687 47.2644376899696 99.9492155345099
v -3.1865834425106687 47.56838905775075 99.9492155345099
v -3.1865834425106687 47.87234042553192 99.9492155345099
v -3.1865834425106687 48.17629179331307 99.9492155345099
v -3.1865834425106687 48.48024316109422 99.9492155345099
v -3.1865834425106687 48.784194528875375 99.9492155345099
v -3.1865834425106687 49.08814589665653 99.9492155345099
v -3.1865834425106687 49.39209726443768 99.9492155345099
v -3.1865834425106687 49.69604863221885 99.9492155345099
v -3.1865834425106687 50.0 99.9492155345099
v -2.883187855585418 -50.0 99.95842749758224
v -2.883187855585418 -49.69604863221885 99.95842749758224
v -2.883187855585418 -49.39209726443769 99.95842749758224
v -2.883187855585418 -49.088145896656535 99.95842749758224
v -2.883187855585418 -48.78419452887538 99.95842749758224
v -2.883187855585418 -48.48024316109422 99.95842749758224
v -2.883187855585418 -48.17629179331307 99.95842749758224
v -2.883187855585418 -47.87234042553192 99.95842749758224
v -2.883187855585418 -47.56838905775076 99.95842749758224
v -2.883187855585418 -47.264437689969604 99.95842749758224
v -2.883187855585418 -46.96048632218845 99.95842749758224
v -2.883187855585418 -46.65653495440729 99.95842749758224
v -2.883187855585418 -46.35258358662614 99.95842749758224
v -2.883187855585418 -46.048632218844986 99.95842749758224
v -2.883187855585418 -45.74468085106383 99.95842749758224
v -2.883187855585418 -45.440729483282674 99.95842749758224
v -2.883187855585418 -45.13677811550152 99.95842749758224
v -2.883187855585418 -44.83282674772036 99.95842749758224
v -2.883187855585418 -44.52887537993921 99.95842749758224
v -2.883187855585418 -44.224924012158056 99.95842749758224
v -2.883187855585418 -43.9209726443769 99.95842749758224
v -2.883187855585418 -43.61702127659574 99.95842749758224
v -2.883187855585418 -43.31306990881459 99.95842749758224
v -2.883187855585418 -43.00911854103344 99.95842749758224
v -2.883187855585418 -42.70516717325228 99.95842749758224
v -2.883187855585418 -42.401215805471125 99.95842749758224
v -2.883187855585418 -42.09726443768997 99.95842749758224
v -2.883187855585418 -41.79331306990881 99.95842749758224
v -2.883187855585418 -41.48936170212766 99.95842749758224
v -2.883187855585418 -41.18541033434651 99.95842749758224
v -2.883187855585418 -40.88145896656535 99.95842749758224
v -2.883187855585418 -40.577507598784194 99.95842749758224
v -2.883187855585418 -40.27355623100304 99.95842749758224
v -2.883187855585418 -39.96960486322189 99.95842749758224
v -2.883187855585418 -39.66565349544073 99.95842749758224
v -2.883187855585418 -39.361702127659576 99.95842749758224
v -2.883187855585418 -39.05775075987842 99.95842749758224
v -2.883187855585418 -38.753799392097264 99.95842749758224
v -2.883187855585418 -38.44984802431611 99.95842749758224
v -2.883187855585418 -38.14589665653496 99.95842749758224
v -2.883187855585418 -37.8419452887538 99.95842749758224
v -2.883187855585418 -37.537993920972646 99.95842749758224
v -2.883187855585418 -37.234042553191486 99.95842749758224
v -2.883187855585418 -36.93009118541033 99.95842749758224
v -2.883187855585418 -36.62613981762918 99.95842749758224
v -2.883187855585418 -36.32218844984803 99.95842749758224
v -2.883187855585418 -36.01823708206687 99.95842749758224
v -2.883187855585418 -35.714285714285715 99.95842749758224
v -2.883187855585418 -35.410334346504555 99.95842749758224
v -2.883187855585418 -35.1063829787234 99.95842749758224
v -2.883187855585418 -34.80243161094225 99.95842749758224
v -2.883187855585418 -34.4984802431611 99.95842749758224
v -2.883187855585418 -34.19452887537994 99.95842749758224
v -2.883187855585418 -33.890577507598785 99.95842749758224
v -2.883187855585418 -33.586626139817625 99.95842749758224
v -2.883187855585418 -33.28267477203647 99.95842749758224
v -2.883187855585418 -32.97872340425532 99.95842749758224
v -2.883187855585418 -32.67477203647417 99.95842749758224
v -2.883187855585418 -32.370820668693014 99.95842749758224
v -2.883187855585418 -32.066869300911854 99.95842749758224
v -2.883187855585418 -31.7629179331307 99.95842749758224
v -2.883187855585418 -31.458966565349545 99.95842749758224
v -2.883187855585418 -31.15501519756839 99.95842749758224
v -2.883187855585418 -30.851063829787236 99.95842749758224
v -2.883187855585418 -30.54711246200608 99.95842749758224
v -2.883187855585418 -30.243161094224924 99.95842749758224
v -2.883187855585418 -29.93920972644377 99.95842749758224
v -2.883187855585418 -29.635258358662615 99.95842749758224
v -2.883187855585418 -29.33130699088146 99.95842749758224
v -2.883187855585418 -29.027355623100306 99.95842749758224
v -2.883187855585418 -28.72340425531915 99.95842749758224
v -2.883187855585418 -28.419452887537997 99.95842749758224
v -2.883187855585418 -28.11550151975684 99.95842749758224
v -2.883187855585418 -27.811550151975684 99.95842749758224
v -2.883187855585418 -27.50759878419453 99.95842749758224
v -2.883187855585418 -27.203647416413375 99.95842749758224
v -2.883187855585418 -26.89969604863222 99.95842749758224
v -2.883187855585418 -26.595744680851066 99.95842749758224
v -2.883187855585418 -26.29179331306991 99.95842749758224
v -2.883187855585418 -25.987841945288753 99.95842749758224
v -2.883187855585418 -25.6838905775076 99.95842749758224
v -2.883187855585418 -25.379939209726444 99.95842749758224
v -2.883187855585418 -25.075987841945288 99.95842749758224
v -2.883187855585418 -24.772036474164135 99.95842749758224
v -2.883187855585418 -24.46808510638298 99.95842749758224
v -2.883187855585418 -24.164133738601826 99.95842749758224
v -2.883187855585418 -23.86018237082067 99.95842749758224
v -2.883187855585418 -23.556231003039514 99.95842749758224
v -2.883187855585418 -23.25227963525836 99.95842749758224
v -2.883187855585418 -22.948328267477205 99.95842749758224
v -2.883187855585418 -22.64437689969605 99.95842749758224
v -2.883187855585418 -22.340425531914896 99.95842749758224
v -2.883187855585418 -22.03647416413374 99.95842749758224
v -2.883187855585418 -21.732522796352583 99.95842749758224
v -2.883187855585418 -21.42857142857143 99.95842749758224
v -2.883187855585418 -21.124620060790274 99.95842749758224
v -2.883187855585418 -20.820668693009118 99.95842749758224
v -2.883187855585418 -20.516717325227965 99.95842749758224
v -2.883187855585418 -20.21276595744681 99.95842749758224
v -2.883187855585418 -19.908814589665656 99.95842749758224
v -2.883187855585418 -19.6048632218845 99.95842749758224
v -2.883187855585418 -19.300911854103344 99.95842749758224
v -2.883187855585418 -18.99696048632219 99.95842749758224
v -2.883187855585418 -18.693009118541035 99.95842749758224
v -2.883187855585418 -18.38905775075988 99.95842749758224
v -2.883187855585418 -18.085106382978726 99.95842749758224
v -2.883187855585418 -17.78115501519757 99.95842749758224
v -2.883187855585418 -17.477203647416417 99.95842749758224
v -2.883187855585418 -17.173252279635257 99.95842749758224
v -2.883187855585418 -16.869300911854104 99.95842749758224
v -2.883187855585418 -16.56534954407295 99.95842749758224
v -2.883187855585418 -16.26139817629179 99.95842749758224
v -2.883187855585418 -15.957446808510639 99.95842749758224
v -2.883187855585418 -15.653495440729486 99.95842749758224
v -2.883187855585418 -15.349544072948326 99.95842749758224
v -2.883187855585418 -15.045592705167174 99.95842749758224
v -2.883187855585418 -14.741641337386021 99.95842749758224
v -2.883187855585418 -14.437689969604868 99.95842749758224
v -2.883187855585418 -14.133738601823708 99.95842749758224
v -2.883187855585418 -13.829787234042556 99.95842749758224
v -2.883187855585418 -13.525835866261403 99.95842749758224
v -2.883187855585418 -13.221884498480243 99.95842749758224
v -2.883187855585418 -12.91793313069909 99.95842749758224
v -2.883187855585418 -12.613981762917938 99.95842749758224
v -2.883187855585418 -12.310030395136778 99.95842749758224
v -2.883187855585418 -12.006079027355625 99.95842749758224
v -2.883187855585418 -11.702127659574472 99.95842749758224
v -2.883187855585418 -11.398176291793312 99.95842749758224
v -2.883187855585418 -11.09422492401216 99.95842749758224
v -2.883187855585418 -10.790273556231007 99.95842749758224
v -2.883187855585418 -10.486322188449847 99.95842749758224
v -2.883187855585418 -10.182370820668694 99.95842749758224
v -2.883187855585418 -9.878419452887542 99.95842749758224
v -2.883187855585418 -9.574468085106382 99.95842749758224
v -2.883187855585418 -9.27051671732523 99.95842749758224
v -2.883187855585418 -8.966565349544076 99.95842749758224
v -2.883187855585418 -8.662613981762917 99.95842749758224
v -2.883187855585418 -8.358662613981764 99.95842749758224
v -2.883187855585418 -8.054711246200611 99.95842749758224
v -2.883187855585418 -7.750759878419451 99.95842749758224
v -2.883187855585418 -7.446808510638299 99.95842749758224
v -2.883187855585418 -7.142857142857146 99.95842749758224
v -2.883187855585418 -6.838905775075993 99.95842749758224
v -2.883187855585418 -6.534954407294833 99.95842749758224
v -2.883187855585418 -6.231003039513681 99.95842749758224
v -2.883187855585418 -5.927051671732528 99.95842749758224
v -2.883187855585418 -5.623100303951368 99.95842749758224
v -2.883187855585418 -5.319148936170215 99.95842749758224
v -2.883187855585418 -5.015197568389063 99.95842749758224
v -2.883187855585418 -4.711246200607903 99.95842749758224
v -2.883187855585418 -4.40729483282675 99.95842749758224
v -2.883187855585418 -4.103343465045597 99.95842749758224
v -2.883187855585418 -3.7993920972644375 99.95842749758224
v -2.883187855585418 -3.4954407294832848 99.95842749758224
v -2.883187855585418 -3.191489361702132 99.95842749758224
v -2.883187855585418 -2.887537993920972 99.95842749758224
v -2.883187855585418 -2.5835866261398195 99.95842749758224
v -2.883187855585418 -2.2796352583586668 99.95842749758224
v -2.883187855585418 -1.975683890577507 99.95842749758224
v -2.883187855585418 -1.6717325227963542 99.95842749758224
v -2.883187855585418 -1.3677811550152015 99.95842749758224
v -2.883187855585418 -1.0638297872340416 99.95842749758224
v -2.883187855585418 -0.7598784194528889 99.95842749758224
v -2.883187855585418 -0.4559270516717362 99.95842749758224
v -2.883187855585418 -0.15197568389057636 99.95842749758224
v -2.883187855585418 0.15197568389057636 99.95842749758224
v -2.883187855585418 0.4559270516717291 99.95842749758224
v -2.883187855585418 0.7598784194528818 99.95842749758224
v -2.883187855585418 1.0638297872340416 99.95842749758224
v -2.883187855585418 1.3677811550151944 99.95842749758224
v -2.883187855585418 1.671732522796347 99.95842749758224
v -2.883187855585418 1.975683890577507 99.95842749758224
v -2.883187855585418 2.2796352583586597 99.95842749758224
v -2.883187855585418 2.5835866261398124 99.95842749758224
v -2.883187855585418 2.887537993920972 99.95842749758224
v -2.883187855585418 3.191489361702125 99.95842749758224
v -2.883187855585418 3.4954407294832777 99.95842749758224
v -2.883187855585418 3.7993920972644375 99.95842749758224
v -2.883187855585418 4.10334346504559 99.95842749758224
v -2.883187855585418 4.407294832826743 99.95842749758224
v -2.883187855585418 4.711246200607903 99.95842749758224
v -2.883187855585418 5.0151975683890555 99.95842749758224
v -2.883187855585418 5.319148936170208 99.95842749758224
v -2.883187855585418 5.623100303951368 99.95842749758224
v -2.883187855585418 5.927051671732521 99.95842749758224
v -2.883187855585418 6.2310030395136735 99.95842749758224
v -2.883187855585418 6.534954407294833 99.95842749758224
v -2.883187855585418 6.838905775075986 99.95842749758224
v -2.883187855585418 7.142857142857139 99.95842749758224
v -2.883187855585418 7.446808510638299 99.95842749758224
v -2.883187855585418 7.750759878419451 99.95842749758224
v -2.883187855585418 8.054711246200604 99.95842749758224
v -2.883187855585418 8.358662613981764 99.95842749758224
v -2.883187855585418 8.662613981762917 99.95842749758224
v -2.883187855585418 8.96656534954407 99.95842749758224
v -2.883187855585418 9.270516717325222 99.95842749758224
v -2.883187855585418 9.574468085106382 99.95842749758224
v -2.883187855585418 9.878419452887535 99.95842749758224
v -2.883187855585418 10.182370820668687 99.95842749758224
v -2.883187855585418 10.486322188449847 99.95842749758224
v -2.883187855585418 10.790273556231 99.95842749758224
v -2.883187855585418 11.094224924012153 99.95842749758224
v -2.883187855585418 11.398176291793312 99.95842749758224
v -2.883187855585418 11.702127659574465 99.95842749758224
v -2.883187855585418 12.006079027355618 99.95842749758224
v -2.883187855585418 12.310030395136778 99.95842749758224
v -2.883187855585418 12.61398176291793 99.95842749758224
v -2.883187855585418 12.917933130699083 99.95842749758224
v -2.883187855585418 13.221884498480243 99.95842749758224
v -2.883187855585418 13.525835866261396 99.95842749758224
v -2.883187855585418 13.829787234042549 99.95842749758224
v -2.883187855585418 14.133738601823708 99.95842749758224
v -2.883187855585418 14.437689969604861 99.95842749758224
v -2.883187855585418 14.741641337386014 99.95842749758224
v -2.883187855585418 15.045592705167167 99.95842749758224
v -2.883187855585418 15.34954407294832 99.95842749758224
v -2.883187855585418 15.653495440729486 99.95842749758224
v -2.883187855585418 15.957446808510639 99.95842749758224
v -2.883187855585418 16.26139817629179 99.95842749758224
v -2.883187855585418 16.565349544072944 99.95842749758224
v -2.883187855585418 16.869300911854097 99.95842749758224
v -2.883187855585418 17.17325227963525 99.95842749758224
v -2.883187855585418 17.477203647416417 99.95842749758224
v -2.883187855585418 17.78115501519757 99.95842749758224
v -2.883187855585418 18.085106382978722 99.95842749758224
v -2.883187855585418 18.389057750759875 99.95842749758224
v -2.883187855585418 18.693009118541028 99.95842749758224
v -2.883187855585418 18.99696048632218 99.95842749758224
v -2.883187855585418 19.300911854103347 99.95842749758224
v -2.883187855585418 19.6048632218845 99.95842749758224
v -2.883187855585418 19.908814589665653 99.95842749758224
v -2.883187855585418 20.212765957446805 99.95842749758224
v -2.883187855585418 20.516717325227958 99.95842749758224
v -2.883187855585418 20.82066869300911 99.95842749758224
v -2.883187855585418 21.124620060790264 99.95842749758224
v -2.883187855585418 21.42857142857143 99.95842749758224
v -2.883187855585418 21.732522796352583 99.95842749758224
v -2.883187855585418 22.036474164133736 99.95842749758224
v -2.883187855585418 22.34042553191489 99.95842749758224
v -2.883187855585418 22.64437689969604 99.95842749758224
v -2.883187855585418 22.948328267477194 99.95842749758224
v -2.883187855585418 23.25227963525836 99.95842749758224
v -2.883187855585418 23.556231003039514 99.95842749758224
v -2.883187855585418 23.860182370820667 99.95842749758224
v -2.883187855585418 24.16413373860182 99.95842749758224
v -2.883187855585418 24.468085106382972 99.95842749758224
v -2.883187855585418 24.772036474164125 99.95842749758224
v -2.883187855585418 25.07598784194529 99.95842749758224
v -2.883187855585418 25.379939209726444 99.95842749758224
v -2.883187855585418 25.683890577507597 99.95842749758224
v -2.883187855585418 25.98784194528875 99.95842749758224
v -2.883187855585418 26.291793313069903 99.95842749758224
v -2.883187855585418 26.595744680851055 99.95842749758224
v -2.883187855585418 26.899696048632222 99.95842749758224
v -2.883187855585418 27.203647416413375 99.95842749758224
v -2.883187855585418 27.507598784194528 99.95842749758224
v -2.883187855585418 27.81155015197568 99.95842749758224
v -2.883187855585418 28.115501519756833 99.95842749758224
v -2.883187855585418 28.419452887537986 99.95842749758224
v -2.883187855585418 28.72340425531914 99.95842749758224
v -2.883187855585418 29.027355623100306 99.95842749758224
v -2.883187855585418 29.33130699088146 99.95842749758224
v -2.883187855585418 29.63525835866261 99.95842749758224
v -2.883187855585418 29.939209726443764 99.95842749758224
v -2.883187855585418 30.243161094224916 99.95842749758224
v -2.883187855585418 30.54711246200607 99.95842749758224
v -2.883187855585418 30.851063829787236 99.95842749758224
v -2.883187855585418 31.15501519756839 99.95842749758224
v -2.883187855585418 31.45896656534954 99.95842749758224
v -2.883187855585418 31.762917933130694 99.95842749758224
v -2.883187855585418 32.06686930091185 99.95842749758224
v -2.883187855585418 32.370820668693 99.95842749758224
v -2.883187855585418 32.67477203647417 99.95842749758224
v -2.883187855585418 32.97872340425532 99.95842749758224
v -2.883187855585418 33.28267477203647 99.95842749758224
v -2.883187855585418 33.586626139817625 99.95842749758224
v -2.883187855585418 33.89057750759878 99.95842749758224
v -2.883187855585418 34.19452887537993 99.95842749758224
v -2.883187855585418 34.4984802431611 99.95842749758224
v -2.883187855585418 34.80243161094225 99.95842749758224
v -2.883187855585418 35.1063829787234 99.95842749758224
v -2.883187855585418 35.410334346504555 99.95842749758224
v -2.883187855585418 35.71428571428571 99.95842749758224
v -2.883187855585418 36.01823708206686 99.95842749758224
v -2.883187855585418 36.322188449848014 99.95842749758224
v -2.883187855585418 36.62613981762918 99.95842749758224
v -2.883187855585418 36.93009118541033 99.95842749758224
v -2.883187855585418 37.234042553191486 99.95842749758224
v -2.883187855585418 37.53799392097264 99.95842749758224
v -2.883187855585418 37.84194528875379 99.95842749758224
v -2.883187855585418 38.145896656534944 99.95842749758224
v -2.883187855585418 38.44984802431611 99.95842749758224
v -2.883187855585418 38.753799392097264 99.95842749758224
v -2.883187855585418 39.05775075987842 99.95842749758224
v -2.883187855585418 39.36170212765957 99.95842749758224
v -2.883187855585418 39.66565349544072 99.95842749758224
v -2.883187855585418 39.969604863221875 99.95842749758224
v -2.883187855585418 40.27355623100304 99.95842749758224
v -2.883187855585418 40.577507598784194 99.95842749758224
v -2.883187855585418 40.88145896656535 99.95842749758224
v -2.883187855585418 41.1854103343465 99.95842749758224
v -2.883187855585418 41.48936170212765 99.95842749758224
v -2.883187855585418 41.793313069908805 99.95842749758224
v -2.883187855585418 42.09726443768997 99.95842749758224
v -2.883187855585418 42.401215805471125 99.95842749758224
v -2.883187855585418 42.70516717325228 99.95842749758224
v -2.883187855585418 43.00911854103343 99.95842749758224
v -2.883187855585418 43.31306990881458 99.95842749758224
v -2.883187855585418 43.617021276595736 99.95842749758224
v -2.883187855585418 43.92097264437689 99.95842749758224
v -2.883187855585418 44.224924012158056 99.95842749758224
v -2.883187855585418 44.52887537993921 99.95842749758224
v -2.883187855585418 44.83282674772036 99.95842749758224
v -2.883187855585418 45.136778115501514 99.95842749758224
v -2.883187855585418 45.44072948328267 99.95842749758224
v -2.883187855585418 45.74468085106382 99.95842749758224
v -2.883187855585418 46.048632218844986 99.95842749758224
v -2.883187855585418 46.35258358662614 99.95842749758224
v -2.883187855585418 46.65653495440729 99.95842749758224
v -2.883187855585418 46.960486322188444 99.95842749758224
v -2.883187855585418 47.2644376899696 99.95842749758224
v -2.883187855585418 47.56838905775075 99.95842749758224
v -2.883187855585418 47.87234042553192 99.95842749758224
v -2.883187855585418 48.17629179331307 99.95842749758224
v -2.883187855585418 48.48024316109422 99.95842749758224
v -2.883187855585418 48.784194528875375 99.95842749758224
v -2.883187855585418 49.08814589665653 99.95842749758224
v -2.883187855585418 49.39209726443768 99.95842749758224
v -2.883187855585418 49.69604863221885 99.95842749758224
v -2.883187855585418 50.0 99.95842749758224
v -2.5797657047714404 -50.0 99.9667185062533
v -2.5797657047714404 -49.69604863221885 99.9667185062533
v -2.5797657047714404 -49.39209726443769 99.9667185062533
v -2.5797657047714404 -49.088145896656535 99.9667185062533
v -2.5797657047714404 -48.78419452887538 99.9667185062533
v -2.5797657047714404 -48.48024316109422 99.9667185062533
v -2.5797657047714404 -48.17629179331307 99.9667185062533
v -2.5797657047714404 -47.87234042553192 99.9667185062533
v -2.5797657047714404 -47.56838905775076 99.9667185062533
v -2.5797657047714404 -47.264437689969604 99.9667185062533
v -2.5797657047714404 -46.96048632218845 99.9667185062533
v -2.5797657047714404 -46.65653495440729 99.9667185062533
v -2.5797657047714404 -46.35258358662614 99.9667185062533
v -2.5797657047714404 -46.048632218844986 99.9667185062533
v -2.5797657047714404 -45.74468085106383 99.9667185062533
v -2.5797657047714404 -45.440729483282674 99.9667185062533
v -2.5797657047714404 -45.13677811550152 99.9667185062533
v -2.5797657047714404 -44.83282674772036 99.9667185062533
v -2.5797657047714404 -44.52887537993921 99.9667185062533
v -2.5797657047714404 -44.224924012158056 99.9667185062533
v -2.5797657047714404 -43.9209726443769 99.9667185062533
v -2.5797657047714404 -43.61702127659574 99.9667185062533
v -2.5797657047714404 -43.31306990881459 99.9667185062533
v -2.5797657047714404 -43.00911854103344 99.9667185062533
v -2.5797657047714404 -42.70516717325228 99.9667185062533
v -2.5797657047714404 -42.401215805471125 99.9667185062533
v -2.5797657047714404 -42.09726443768997 99.9667185062533
v -2.5797657047714404 -41.79331306990881 99.9667185062533
v -2.5797657047714404 -41.48936170212766 99.9667185062533
v -2.5797657047714404 -41.18541033434651 99.9667185062533
v -2.5797657047714404 -40.88145896656535 99.9667185062533
v -2.5797657047714404 -40.577507598784194 99.9667185062533
v -2.5797657047714404 -40.27355623100304 99.9667185062533
v -2.5797657047714404 -39.96960486322189 99.9667185062533
v -2.5797657047714404 -39.66565349544073 99.9667185062533
v -2.5797657047714404 -39.361702127659576 99.9667185062533
v -2.5797657047714404 -39.05775075987842 99.9667185062533
v -2.5797657047714404 -38.753799392097264 99.9667185062533
v -2.5797657047714404 -38.44984802431611 99.9667185062533
v -2.5797657047714404 -38.14589665653496 99.9667185062533
v -2.5797657047714404 -37.8419452887538 99.9667185062533
v -2.5797657047714404 -37.537993920972646 99.9667185062533
v -2.5797657047714404 -37.234042553191486 99.9667185062533
v -2.5797657047714404 -36.93009118541033 99.9667185062533
v -2.5797657047714404 -36.62613981762918 99.9667185062533
v -2.5797657047714404 -36.32218844984803 99.9667185062533
v -2.5797657047714404 -36.01823708206687 99.9667185062533
v -2.5797657047714404 -35.714285714285715 99.9667185062533
v -2.5797657047714404 -35.410334346504555 99.9667185062533
v -2.5797657047714404 -35.1063829787234 99.9667185062533
v -2.5797657047714404 -34.80243161094225 99.9667185062533
v -2.5797657047714404 -34.4984802431611 99.9667185062533
v -2.5797657047714404 -34.19452887537994 99.9667185062533
v -2.5797657047714404 -33.890577507598785 99.9667185062533
v -2.5797657047714404 -33.586626139817625 99.9667185062533
v -2.5797657047714404 -33.28267477203647 99.9667185062533
v -2.5797657047714404 -32.97872340425532 99.9667185062533
v -2.5797657047714404 -32.67477203647417 99.9667185062533
v -2.5797657047714404 -32.370820668693014 99.9667185062533
v -2.5797657047714404 -32.066869300911854 99.9667185062533
v -2.5797657047714404 -31.7629179331307 99.9667185062533
v -2.5797657047714404 -31.458966565349545 99.9667185062533
v -2.5797657047714404 -31.15501519756839 99.9667185062533
v -2.5797657047714404 -30.851063829787236 99.9667185062533
v -2.5797657047714404 -30.54711246200608 99.9667185062533
v -2.5797657047714404 -30.243161094224924 99.9667185062533
v -2.5797657047714404 -29.93920972644377 99.9667185062533
v -2.5797657047714404 -29.635258358662615 99.9667185062533
v -2.5797657047714404 -29.33130699088146 99.9667185062533
v -2.5797657047714404 -29.027355623100306 99.9667185062533
v -2.5797657047714404 -28.72340425531915 99.9667185062533
v -2.5797657047714404 -28.419452887537997 99.9667185062533
v -2.5797657047714404 -28.11550151975684 99.9667185062533
v -2.5797657047714404 -27.811550151975684 99.9667185062533
v -2.5797657047714404 -27.50759878419453 99.9667185062533
v -2.5797657047714404 -27.203647416413375 99.9667185062533
v -2.5797657047714404 -26.89969604863222 99.9667185062533
v -2.5797657047714404 -26.595744680851066 99.9667185062533
v -2.5797657047714404 -26.29179331306991 99.9667185062533
v -2.5797657047714404 -25.987841945288753 99.9667185062533
v -2.5797657047714404 -25.6838905775076 99.9667185062533
v -2.5797657047714404 -25.379939209726444 99.9667185062533
v -2.5797657047714404 -25.075987841945288 99.9667185062533
v -2.5797657047714404 -24.772036474164135 99.9667185062533
v -2.5797657047714404 -24.46808510638298 99.9667185062533
v -2.5797657047714404 -24.164133738601826 99.9667185062533
v -2.5797657047714404 -23.86018237082067 99.9667185062533
v -2.5797657047714404 -23.556231003039514 99.9667185062533
v -2.5797657047714404 -23.25227963525836 99.9667185062533
v -2.5797657047714404 -22.948328267477205 99.9667185062533
v -2.5797657047714404 -22.64437689969605 99.9667185062533
v -2.5797657047714404 -22.340425531914896 99.9667185062533
v -2.5797657047714404 -22.03647416413374 99.9667185062533
v -2.5797657047714404 -21.732522796352583 99.9667185062533
v -2.5797657047714404 -21.42857142857143 99.9667185062533
v -2.5797657047714404 -21.124620060790274 99.9667185062533
v -2.5797657047714404 -20.820668693009118 99.9667185062533
v -2.5797657047714404 -20.516717325227965 99.9667185062533
v -2.5797657047714404 -20.21276595744681 99.9667185062533
v -2.5797657047714404 -19.908814589665656 99.9667185062533
v -2.5797657047714404 -19.6048632218845 99.9667185062533
v -2.5797657047714404 -19.300911854103344 99.9667185062533
v -2.5797657047714404 -18.99696048632219 99.9667185062533
v -2.5797657047714404 -18.693009118541035 99.9667185062533
v -2.5797657047714404 -18.38905775075988 99.9667185062533
v -2.5797657047714404 -18.085106382978726 99.9667185062533
v -2.5797657047714404 -17.78115501519757 99.9667185062533
v -2.5797657047714404 -17.477203647416417 99.9667185062533
v -2.5797657047714404 -17.173252279635257 99.9667185062533
v -2.5797657047714404 -16.869300911854104 99.9667185062533
v -2.5797657047714404 -16.56534954407295 99.9667185062533
v -2.5797657047714404 -16.26139817629179 99.9667185062533
v -2.5797657047714404 -15.957446808510639 99.9667185062533
v -2.5797657047714404 -15.653495440729486 99.9667185062533
v -2.5797657047714404 -15.349544072948326 99.9667185062533
v -2.5797657047714404 -15.045592705167174 99.9667185062533
v -2.5797657047714404 -14.741641337386021 99.9667185062533
v -2.5797657047714404 -14.437689969604868 99.9667185062533
v -2.5797657047714404 -14.133738601823708 99.9667185062533
v -2.5797657047714404 -13.829787234042556 99.9667185062533
v -2.5797657047714404 -13.525835866261403 99.9667185062533
v -2.5797657047714404 -13.221884498480243 99.9667185062533
v -2.5797657047714404 -12.91793313069909 99.9667185062533
v -2.5797657047714404 -12.613981762917938 99.9667185062533
v -2.5797657047714404 -12.310030395136778 99.9667185062533
v -2.5797657047714404 -12.006079027355625 99.9667185062533
v -2.5797657047714404 -11.702127659574472 99.9667185062533
v -2.5797657047714404 -11.398176291793312 99.9667185062533
v -2.5797657047714404 -11.09422492401216 99.9667185062533
v -2.5797657047714404 -10.790273556231007 99.9667185062533
v -2.5797657047714404 -10.486322188449847 99.9667185062533
v -2.5797657047714404 -10.182370820668694 99.9667185062533
v -2.5797657047714404 -9.878419452887542 99.9667185062533
v -2.5797657047714404 -9.574468085106382 99.9667185062533
v -2.5797657047714404 -9.27051671732523 99.9667185062533
v -2.5797657047714404 -8.966565349544076 99.9667185062533
v -2.5797657047714404 -8.662613981762917 99.9667185062533
v -2.5797657047714404 -8.358662613981764 99.9667185062533
v -2.5797657047714404 -8.054711246200611 99.9667185062533
v -2.5797657047714404 -7.750759878419451 99.9667185062533
v -2.5797657047714404 -7.446808510638299 99.9667185062533
v -2.5797657047714404 -7.142857142857146 99.9667185062533
v -2.5797657047714404 -6.838905775075993 99.9667185062533
v -2.5797657047714404 -6.534954407294833 99.9667185062533
v -2.5797657047714404 -6.231003039513681 99.9667185062533
v -2.5797657047714404 -5.927051671732528 99.9667185062533
v -2.5797657047714404 -5.623100303951368 99.9667185062533
v -2.5797657047714404 -5.319148936170215 99.9667185062533
v -2.5797657047714404 -5.015197568389063 99.9667185062533
v -2.5797657047714404 -4.711246200607903 99.9667185062533
v -2.5797657047714404 -4.40729483282675 99.9667185062533
v -2.5797657047714404 -4.103343465045597 99.9667185062533
v -2.5797657047714404 -3.7993920972644375 99.9667185062533
v -2.5797657047714404 -3.4954407294832848 99.9667185062533
v -2.5797657047714404 -3.191489361702132 99.9667185062533
v -2.5797657047714404 -2.887537993920972 99.9667185062533
v -2.5797657047714404 -2.5835866261398195 99.9667185062533
v -2.5797657047714404 -2.2796352583586668 99.9667185062533
v -2.5797657047714404 -1.975683890577507 99.9667185062533
v -2.5797657047714404 -1.6717325227963542 99.9667185062533
v -2.5797657047714404 -1.3677811550152015 99.9667185062533
v -2.5797657047714404 -1.0638297872340416 99.9667185062533
v -2.5797657047714404 -0.7598784194528889 99.9667185062533
v -2.5797657047714404 -0.4559270516717362 99.9667185062533
v -2.5797657047714404 -0.15197568389057636 99.9667185062533
v -2.5797657047714404 0.15197568389057636 99.9667185062533
v -2.5797657047714404 0.4559270516717291 99.9667185062533
v -2.5797657047714404 0.7598784194528818 99.9667185062533
v -2.5797657047714404 1.0638297872340416 99.9667185062533
v -2.5797657047714404 1.3677811550151944 99.9667185062533
v -2.5797657047714404 1.671732522796347 99.9667185062533
v -2.5797657047714404 1.975683890577507 99.9667185062533
v -2.5797657047714404 2.2796352583586597 99.9667185062533
v -2.5797657047714404 2.5835866261398124 99.9667185062533
v -2.5797657047714404 2.887537993920972 99.9667185062533
v -2.5797657047714404 3.191489361702125 99.9667185062533
v -2.5797657047714404 3.4954407294832777 99.9667185062533
v -2.5797657047714404 3.7993920972644375 99.9667185062533
v -2.5797657047714404 4.10334346504559 99.9667185062533
v -2.5797657047714404 4.407294832826743 99.9667185062533
v -2.5797657047714404 4.711246200607903 99.9667185062533
v -2.5797657047714404 5.0151975683890555 99.9667185062533
v -2.5797657047714404 5.319148936170208 99.9667185062533
v -2.5797657047714404 5.623100303951368 99.9667185062533
v -2.5797657047714404 5.927051671732521 99.9667185062533
v -2.5797657047714404 6.2310030395136735 99.9667185062533
v -2.5797657047714404 6.534954407294833 99.9667185062533
v -2.5797657047714404 6.838905775075986 99.9667185062533
v -2.5797657047714404 7.142857142857139 99.9667185062533
v -2.5797657047714404 7.446808510638299 99.9667185062533
v -2.5797657047714404 7.750759878419451 99.9667185062533
v -2.5797657047714404 8.054711246200604 99.9667185062533
v -2.5797657047714404 8.358662613981764 99.9667185062533
v -2.5797657047714404 8.662613981762917 99.9667185062533
v -2.5797657047714404 8.96656534954407 99.9667185062533
v -2.5797657047714404 9.270516717325222 99.9667185062533
v -2.5797657047714404 9.574468085106382 99.9667185062533
v -2.5797657047714404 9.878419452887535 99.9667185062533
v -2.5797657047714404 10.182370820668687 99.9667185062533
v -2.5797657047714404 10.486322188449847 99.9667185062533
v -2.5797657047714404 10.790273556231 99.9667185062533
v -2.5797657047714404 11.094224924012153 99.9667185062533
v -2.5797657047714404 11.398176291793312 99.9667185062533
v -2.5797657047714404 11.702127659574465 99.9667185062533
v -2.5797657047714404 12.006079027355618 99.9667185062533
v -2.5797657047714404 12.310030395136778 99.9667185062533
v -2.5797657047714404 12.61398176291793 99.9667185062533
v -2.5797657047714404 12.917933130699083 99.9667185062533
v -2.5797657047714404 13.221884498480243 99.9667185062533
v -2.5797657047714404 13.525835866261396 99.9667185062533
v -2.5797657047714404 13.829787234042549 99.9667185062533
v -2.5797657047714404 14.133738601823708 99.9667185062533
v -2.5797657047714404 14.437689969604861 99.9667185062533
v -2.5797657047714404 14.741641337386014 99.9667185062533
v -2.5797657047714404 15.045592705167167 99.9667185062533
v -2.5797657047714404 15.34954407294832 99.9667185062533
v -2.5797657047714404 15.653495440729486 99.9667185062533
v -2.5797657047714404 15.957446808510639 99.9667185062533
v -2.5797657047714404 16.26139817629179 99.9667185062533
v -2.5797657047714404 16.565349544072944 99.9667185062533
v -2.5797657047714404 16.869300911854097 99.9667185062533
v -2.5797657047714404 17.17325227963525 99.9667185062533
v -2.5797657047714404 17.477203647416417 99.9667185062533
v -2.5797657047714404 17.78115501519757 99.9667185062533
v -2.5797657047714404 18.085106382978722 99.9667185062533
v -2.5797657047714404 18.389057750759875 99.9667185062533
v -2.5797657047714404 18.693009118541028 99.9667185062533
v -2.5797657047714404 18.99696048632218 99.9667185062533
v -2.5797657047714404 19.300911854103347 99.9667185062533
v -2.5797657047714404 19.6048632218845 99.9667185062533
v -2.5797657047714404 19.908814589665653 99.9667185062533
v -2.5797657047714404 20.212765957446805 99.9667185062533
v -2.5797657047714404 20.516717325227958 99.9667185062533
v -2.5797657047714404 20.82066869300911 99.9667185062533
v -2.5797657047714404 21.124620060790264 99.9667185062533
v -2.5797657047714404 21.42857142857143 99.9667185062533
v -2.5797657047714404 21.732522796352583 99.9667185062533
v -2.5797657047714404 22.036474164133736 99.9667185062533
v -2.5797657047714404 22.34042553191489 99.9667185062533
v -2.5797657047714404 22.64437689969604 99.9667185062533
v -2.5797657047714404 22.948328267477194 99.9667185062533
v -2.5797657047714404 23.25227963525836 99.9667185062533
v -2.5797657047714404 23.556231003039514 99.9667185062533
v -2.5797657047714404 23.860182370820667 99.9667185062533
v -2.5797657047714404 24.16413373860182 99.9667185062533
v -2.5797657047714404 24.468085106382972 99.9667185062533
v -2.5797657047714404 24.772036474164125 99.9667185062533
v -2.5797657047714404 25.07598784194529 99.9667185062533
v -2.5797657047714404 25.379939209726444 99.9667185062533
v -2.5797657047714404 25.683890577507597 99.9667185062533
v -2.5797657047714404 25.98784194528875 99.9667185062533
v -2.5797657047714404 26.291793313069903 99.9667185062533
v -2.5797657047714404 26.595744680851055 99.9667185062533
v -2.5797657047714404 26.899696048632222 99.9667185062533
v -2.5797657047714404 27.203647416413375 99.9667185062533
v -2.5797657047714404 27.507598784194528 99.9667185062533
v -2.5797657047714404 27.81155015197568 99.9667185062533
v -2.5797657047714404 28.115501519756833 99.9667185062533
v -2.5797657047714404 28.419452887537986 99.9667185062533
v -2.5797657047714404 28.72340425531914 99.9667185062533
v -2.5797657047714404 29.027355623100306 99.9667185062533
v -2.5797657047714404 29.33130699088146 99.9667185062533
v -2.5797657047714404 29.63525835866261 99.9667185062533
v -2.5797657047714404 29.939209726443764 99.9667185062533
v -2.5797657047714404 30.243161094224916 99.9667185062533
v -2.5797657047714404 30.54711246200607 99.9667185062533
v -2.5797657047714404 30.851063829787236 99.9667185062533
v -2.5797657047714404 31.15501519756839 99.9667185062533
v -2.5797657047714404 31.45896656534954 99.9667185062533
v -2.5797657047714404 31.762917933130694 99.9667185062533
v -2.5797657047714404 32.06686930091185 99.9667185062533
v -2.5797657047714404 32.370820668693 99.9667185062533
v -2.5797657047714404 32.67477203647417 99.9667185062533
v -2.5797657047714404 32.97872340425532 99.9667185062533
v -2.5797657047714404 33.28267477203647 99.9667185062533
v -2.5797657047714404 33.586626139817625 99.9667185062533
v -2.5797657047714404 33.89057750759878 99.9667185062533
v -2.5797657047714404 34.19452887537993 99.9667185062533
v -2.5797657047714404 34.4984802431611 99.9667185062533
v -2.5797657047714404 34.80243161094225 99.9667185062533
v -2.5797657047714404 35.1063829787234 99.9667185062533
v -2.5797657047714404 35.410334346504555 99.9667185062533
v -2.5797657047714404 35.71428571428571 99.9667185062533
v -2.5797657047714404 36.01823708206686 99.9667185062533
v -2.5797657047714404 36.322188449848014 99.9667185062533
v -2.5797657047714404 36.62613981762918 99.9667185062533
v -2.5797657047714404 36.93009118541033 99.9667185062533
v -2.5797657047714404 37.234042553191486 99.9667185062533
v -2.5797657047714404 37.53799392097264 99.9667185062533
v -2.5797657047714404 37.84194528875379 99.9667185062533
v -2.5797657047714404 38.145896656534944 99.9667185062533
v -2.5797657047714404 38.44984802431611 99.9667185062533
v -2.5797657047714404 38.753799392097264 99.9667185062533
v -2.5797657047714404 39.05775075987842 99.9667185062533
v -2.5797657047714404 39.36170212765957 99.9667185062533
v -2.5797657047714404 39.66565349544072 99.9667185062533
v -2.5797657047714404 39.969604863221875 99.9667185062533
v -2.5797657047714404 40.27355623100304 99.9667185062533
v -2.5797657047714404 40.577507598784194 99.9667185062533
v -2.5797657047714404 40.88145896656535 99.9667185062533
v -2.5797657047714404 41.1854103343465 99.9667185062533
v -2.5797657047714404 41.48936170212765 99.9667185062533
v -2.5797657047714404 41.793313069908805 99.9667185062533
v -2.5797657047714404 42.09726443768997 99.9667185062533
v -2.5797657047714404 42.401215805471125 99.9667185062533
v -2.5797657047714404 42.70516717325228 99.9667185062533
v -2.5797657047714404 43.00911854103343 99.9667185062533
v -2.5797657047714404 43.31306990881458 99.9667185062533
v -2.5797657047714404 43.617021276595736 99.9667185062533
v -2.5797657047714404 43.92097264437689 99.9667185062533
v -2.5797657047714404 44.224924012158056 99.9667185062533
v -2.5797657047714404 44.52887537993921 99.9667185062533
v -2.5797657047714404 44.83282674772036 99.9667185062533
v -2.5797657047714404 45.136778115501514 99.9667185062533
v -2.5797657047714404 45.44072948328267 99.9667185062533
v -2.5797657047714404 45.74468085106382 99.9667185062533
v -2.5797657047714404 46.048632218844986 99.9667185062533
v -2.5797657047714404 46.35258358662614 99.9667185062533
v -2.5797657047714404 46.65653495440729 99.9667185062533
v -2.5797657047714404 46.960486322188444 99.9667185062533
v -2.5797657047714404 47.2644376899696 99.9667185062533
v -2.5797657047714404 47.56838905775075 99.9667185062533
v -2.5797657047714404 47.87234042553192 99.9667185062533
v -2.5797657047714404 48.17629179331307 99.9667185062533
v -2.5797657047714404 48.48024316109422 99.9667185062533
v -2.5797657047714404 48.784194528875375 99.9667185062533
v -2.5797657047714404 49.08814589665653 99.9667185062533
v -2.5797657047714404 49.39209726443768 99.9667185062533
v -2.5797657047714404 49.69604863221885 99.9667185062533
v -2.5797657047714404 50.0 99.9667185062533
v -2.276319785610588 -50.0 99.97408848413491
v -2.276319785610588 -49.69604863221885 99.97408848413491
v -2.276319785610588 -49.39209726443769 99.97408848413491
v -2.276319785610588 -49.088145896656535 99.97408848413491
v -2.276319785610588 -48.78419452887538 99.97408848413491
v -2.276319785610588 -48.48024316109422 99.97408848413491
v -2.276319785610588 -48.17629179331307 99.97408848413491
v -2.276319785610588 -47.87234042553192 99.97408848413491
v -2.276319785610588 -47.56838905775076 99.97408848413491
v -2.276319785610588 -47.264437689969604 99.97408848413491
v -2.276319785610588 -46.96048632218845 99.97408848413491
v -2.276319785610588 -46.65653495440729 99.97408848413491
v -2.276319785610588 -46.35258358662614 99.97408848413491
v -2.276319785610588 -46.048632218844986 99.97408848413491
v -2.276319785610588 -45.74468085106383 99.97408848413491
v -2.276319785610588 -45.440729483282674 99.97408848413491
v -2.276319785610588 -45.13677811550152 99.97408848413491
v -2.276319785610588 -44.83282674772036 99.97408848413491
v -2.276319785610588 -44.52887537993921 99.97408848413491
v -2.276319785610588 -44.224924012158056 99.97408848413491
v -2.276319785610588 -43.9209726443769 99.97408848413491
v -2.276319785610588 -43.61702127659574 99.97408848413491
v -2.276319785610588 -43.31306990881459 99.97408848413491
v -2.276319785610588 -43.00911854103344 99.97408848413491
v -2.276319785610588 -42.70516717325228 99.97408848413491
v -2.276319785610588 -42.401215805471125 99.97408848413491
v -2.276319785610588 -42.09726443768997 99.97408848413491
v -2.276319785610588 -41.79331306990881 99.97408848413491
v -2.276319785610588 -41.48936170212766 99.97408848413491
v -2.276319785610588 -41.18541033434651 99.97408848413491
v -2.276319785610588 -40.88145896656535 99.97408848413491
v -2.276319785610588 -40.577507598784194 99.97408848413491
v -2.276319785610588 -40.27355623100304 99.97408848413491
v -2.276319785610588 -39.96960486322189 99.97408848413491
v -2.276319785610588 -39.66565349544073 99.97408848413491
v -2.276319785610588 -39.361702127659576 99.97408848413491
v -2.276319785610588 -39.05775075987842 99.97408848413491
v -2.276319785610588 -38.753799392097264 99.97408848413491
v -2.276319785610588 -38.44984802431611 99.97408848413491
v -2.276319785610588 -38.14589665653496 99.97408848413491
v -2.276319785610588 -37.8419452887538 99.97408848413491
v -2.276319785610588 -37.537993920972646 99.97408848413491
v -2.276319785610588 -37.234042553191486 99.97408848413491
v -2.276319785610588 -36.93009118541033 99.97408848413491
v -2.276319785610588 -36.62613981762918 99.97408848413491
v -2.276319785610588 -36.32218844984803 99.97408848413491
v -2.276319785610588 -36.01823708206687 99.97408848413491
v -2.276319785610588 -35.714285714285715 99.97408848413491
v -2.276319785610588 -35.410334346504555 99.97408848413491
v -2.276319785610588 -35.1063829787234 99.97408848413491
v -2.276319785610588 -34.80243161094225 99.97408848413491
v -2.276319785610588 -34.4984802431611 99.97408848413491
v -2.276319785610588 -34.19452887537994 99.97408848413491
v -2.276319785610588 -33.890577507598785 99.97408848413491
v -2.276319785610588 -33.586626139817625 99.97408848413491
v -2.276319785610588 -33.28267477203647 99.97408848413491
v -2.276319785610588 -32.97872340425532 99.97408848413491
v -2.276319785610588 -32.67477203647417 99.97408848413491
v -2.276319785610588 -32.370820668693014 99.97408848413491
v -2.276319785610588 -32.066869300911854 99.97408848413491
v -2.276319785610588 -31.7629179331307 99.97408848413491
v -2.276319785610588 -31.458966565349545 99.97408848413491
v -2.276319785610588 -31.15501519756839 99.97408848413491
v -2.276319785610588 -30.851063829787236 99.97408848413491
v -2.276319785610588 -30.54711246200608 99.97408848413491
v -2.276319785610588 -30.243161094224924 99.97408848413491
v -2.276319785610588 -29.93920972644377 99.97408848413491
v -2.276319785610588 -29.635258358662615 99.97408848413491
v -2.276319785610588 -29.33130699088146 99.97408848413491
v -2.276319785610588 -29.027355623100306 99.97408848413491
v -2.276319785610588 -28.72340425531915 99.97408848413491
v -2.276319785610588 -28.419452887537997 99.97408848413491
v -2.276319785610588 -28.11550151975684 99.97408848413491
v -2.276319785610588 -27.811550151975684 99.97408848413491
v -2.276319785610588 -27.50759878419453 99.97408848413491
v -2.276319785610588 -27.203647416413375 99.97408848413491
v -2.276319785610588 -26.89969604863222 99.97408848413491
v -2.276319785610588 -26.595744680851066 99.97408848413491
v -2.276319785610588 -26.29179331306991 99.97408848413491
v -2.276319785610588 -25.987841945288753 99.97408848413491
v -2.276319785610588 -25.6838905775076 99.97408848413491
v -2.276319785610588 -25.379939209726444 99.97408848413491
v -2.276319785610588 -25.075987841945288 99.97408848413491
v -2.276319785610588 -24.772036474164135 99.97408848413491
v -2.276319785610588 -24.46808510638298 99.97408848413491
v -2.276319785610588 -24.164133738601826 99.97408848413491
v -2.276319785610588 -23.86018237082067 99.97408848413491
v -2.276319785610588 -23.556231003039514 99.97408848413491
v -2.276319785610588 -23.25227963525836 99.97408848413491
v -2.276319785610588 -22.948328267477205 99.97408848413491
v -2.276319785610588 -22.64437689969605 99.97408848413491
v -2.276319785610588 -22.340425531914896 99.97408848413491
v -2.276319785610588 -22.03647416413374 99.97408848413491
v -2.276319785610588 -21.732522796352583 99.97408848413491
v -2.276319785610588 -21.42857142857143 99.97408848413491
v -2.276319785610588 -21.124620060790274 99.97408848413491
v -2.276319785610588 -20.820668693009118 99.97408848413491
v -2.276319785610588 -20.516717325227965 99.97408848413491
v -2.276319785610588 -20.21276595744681 99.97408848413491
v -2.276319785610588 -19.908814589665656 99.97408848413491
v -2.276319785610588 -19.6048632218845 99.97408848413491
v -2.276319785610588 -19.300911854103344 99.97408848413491
v -2.276319785610588 -18.99696048632219 99.97408848413491
v -2.276319785610588 -18.693009118541035 99.97408848413491
v -2.276319785610588 -18.38905775075988 99.97408848413491
v -2.276319785610588 -18.085106382978726 99.97408848413491
v -2.276319785610588 -17.78115501519757 99.97408848413491
v -2.276319785610588 -17.477203647416417 99.97408848413491
v -2.276319785610588 -17.173252279635257 99.97408848413491
v -2.276319785610588 -16.869300911854104 99.97408848413491
v -2.276319785610588 -16.56534954407295 99.97408848413491
v -2.276319785610588 -16.26139817629179 99.97408848413491
v -2.276319785610588 -15.957446808510639 99.97408848413491
v -2.276319785610588 -15.653495440729486 99.97408848413491
v -2.276319785610588 -15.349544072948326 99.97408848413491
v -2.276319785610588 -15.045592705167174 99.97408848413491
v -2.276319785610588 -14.741641337386021 99.97408848413491
v -2.276319785610588 -14.437689969604868 99.97408848413491
v -2.276319785610588 -14.133738601823708 99.97408848413491
v -2.276319785610588 -13.829787234042556 99.97408848413491
v -2.276319785610588 -13.525835866261403 99.97408848413491
v -2.276319785610588 -13.221884498480243 99.97408848413491
v -2.276319785610588 -12.91793313069909 99.97408848413491
v -2.276319785610588 -12.613981762917938 99.97408848413491
v -2.276319785610588 -12.310030395136778 99.97408848413491
v -2.276319785610588 -12.006079027355625 99.97408848413491
v -2.276319785610588 -11.702127659574472 99.97408848413491
v -2.276319785610588 -11.398176291793312 99.97408848413491
v -2.276319785610588 -11.09422492401216 99.97408848413491
v -2.276319785610588 -10.790273556231007 99.97408848413491
v -2.276319785610588 -10.486322188449847 99.97408848413491
v -2.276319785610588 -10.182370820668694 99.97408848413491
v -2.276319785610588 -9.878419452887542 99.97408848413491
v -2.276319785610588 -9.574468085106382 99.97408848413491
v -2.276319785610588 -9.27051671732523 99.97408848413491
v -2.276319785610588 -8.966565349544076 99.97408848413491
v -2.276319785610588 -8.662613981762917 99.97408848413491
v -2.276319785610588 -8.358662613981764 99.97408848413491
v -2.276319785610588 -8.054711246200611 99.97408848413491
v -2.276319785610588 -7.750759878419451 99.97408848413491
v -2.276319785610588 -7.446808510638299 99.97408848413491
v -2.276319785610588 -7.142857142857146 99.97408848413491
v -2.276319785610588 -6.838905775075993 99.97408848413491
v -2.276319785610588 -6.534954407294833 99.97408848413491
v -2.276319785610588 -6.231003039513681 99.97408848413491
v -2.276319785610588 -5.927051671732528 99.97408848413491
v -2.276319785610588 -5.623100303951368 99.97408848413491
v -2.276319785610588 -5.319148936170215 99.97408848413491
v -2.276319785610588 -5.015197568389063 99.97408848413491
v -2.276319785610588 -4.711246200607903 99.97408848413491
v -2.276319785610588 -4.40729483282675 99.97408848413491
v -2.276319785610588 -4.103343465045597 99.97408848413491
v -2.276319785610588 -3.7993920972644375 99.97408848413491
v -2.276319785610588 -3.4954407294832848 99.97408848413491
v -2.276319785610588 -3.191489361702132 99.97408848413491
v -2.276319785610588 -2.887537993920972 99.97408848413491
v -2.276319785610588 -2.5835866261398195 99.97408848413491
v -2.276319785610588 -2.2796352583586668 99.97408848413491
v -2.276319785610588 -1.975683890577507 99.97408848413491
v -2.276319785610588 -1.6717325227963542 99.97408848413491
v -2.276319785610588 -1.3677811550152015 99.97408848413491
v -2.276319785610588 -1.0638297872340416 99.97408848413491
v -2.276319785610588 -0.7598784194528889 99.97408848413491
v -2.276319785610588 -0.4559270516717362 99.97408848413491
v -2.276319785610588 -0.15197568389057636 99.97408848413491
v -2.276319785610588 0.15197568389057636 99.97408848413491
v -2.276319785610588 0.4559270516717291 99.97408848413491
v -2.276319785610588 0.7598784194528818 99.97408848413491
v -2.276319785610588 1.0638297872340416 99.97408848413491
v -2.276319785610588 1.3677811550151944 99.97408848413491
v -2.276319785610588 1.671732522796347 99.97408848413491
v -2.276319785610588 1.975683890577507 99.97408848413491
v -2.276319785610588 2.2796352583586597 99.97408848413491
v -2.276319785610588 2.5835866261398124 99.97408848413491
v -2.276319785610588 2.887537993920972 99.97408848413491
v -2.276319785610588 3.191489361702125 99.97408848413491
v -2.276319785610588 3.4954407294832777 99.97408848413491
v -2.276319785610588 3.7993920972644375 99.97408848413491
v -2.276319785610588 4.10334346504559 99.97408848413491
v -2.276319785610588 4.407294832826743 99.97408848413491
v -2.276319785610588 4.711246200607903 99.97408848413491
v -2.276319785610588 5.0151975683890555 99.97408848413491
v -2.276319785610588 5.319148936170208 99.97408848413491
v -2.276319785610588 5.623100303951368 99.97408848413491
v -2.276319785610588 5.927051671732521 99.97408848413491
v -2.276319785610588 6.2310030395136735 99.97408848413491
v -2.276319785610588 6.534954407294833 99.97408848413491
v -2.276319785610588 6.838905775075986 99.97408848413491
v -2.276319785610588 7.142857142857139 99.97408848413491
v -2.276319785610588 7.446808510638299 99.97408848413491
v -2.276319785610588 7.750759878419451 99.97408848413491
v -2.276319785610588 8.054711246200604 99.97408848413491
v -2.276319785610588 8.358662613981764 99.97408848413491
v -2.276319785610588 8.662613981762917 99.97408848413491
v -2.276319785610588 8.96656534954407 99.97408848413491
v -2.276319785610588 9.270516717325222 99.97408848413491
v -2.276319785610588 9.574468085106382 99.97408848413491
v -2.276319785610588 9.878419452887535 99.97408848413491
v -2.276319785610588 10.182370820668687 99.97408848413491
v -2.276319785610588 10.486322188449847 99.97408848413491
v -2.276319785610588 10.790273556231 99.97408848413491
v -2.276319785610588 11.094224924012153 99.97408848413491
v -2.276319785610588 11.398176291793312 99.97408848413491
v -2.276319785610588 11.702127659574465 99.97408848413491
v -2.276319785610588 12.006079027355618 99.97408848413491
v -2.276319785610588 12.310030395136778 99.97408848413491
v -2.276319785610588 12.61398176291793 99.97408848413491
v -2.276319785610588 12.917933130699083 99.97408848413491
v -2.276319785610588 13.221884498480243 99.97408848413491
v -2.276319785610588 13.525835866261396 99.97408848413491
v -2.276319785610588 13.829787234042549 99.97408848413491
v -2.276319785610588 14.133738601823708 99.97408848413491
v -2.276319785610588 14.437689969604861 99.97408848413491
v -2.276319785610588 14.741641337386014 99.97408848413491
v -2.276319785610588 15.045592705167167 99.97408848413491
v -2.276319785610588 15.34954407294832 99.97408848413491
v -2.276319785610588 15.653495440729486 99.97408848413491
v -2.276319785610588 15.957446808510639 99.97408848413491
v -2.276319785610588 16.26139817629179 99.97408848413491
v -2.276319785610588 16.565349544072944 99.97408848413491
v -2.276319785610588 16.869300911854097 99.97408848413491
v -2.276319785610588 17.17325227963525 99.97408848413491
v -2.276319785610588 17.477203647416417 99.97408848413491
v -2.276319785610588 17.78115501519757 99.97408848413491
v -2.276319785610588 18.085106382978722 99.97408848413491
v -2.276319785610588 18.389057750759875 99.97408848413491
v -2.276319785610588 18.693009118541028 99.97408848413491
v -2.276319785610588 18.99696048632218 99.97408848413491
v -2.276319785610588 19.300911854103347 99.97408848413491
v -2.276319785610588 19.6048632218845 99.97408848413491
v -2.276319785610588 19.908814589665653 99.97408848413491
v -2.276319785610588 20.212765957446805 99.97408848413491
v -2.276319785610588 20.516717325227958 99.97408848413491
v -2.276319785610588 20.82066869300911 99.97408848413491
v -2.276319785610588 21.124620060790264 99.97408848413491
v -2.276319785610588 21.42857142857143 99.97408848413491
v -2.276319785610588 21.732522796352583 99.97408848413491
v -2.276319785610588 22.036474164133736 99.97408848413491
v -2.276319785610588 22.34042553191489 99.97408848413491
v -2.276319785610588 22.64437689969604 99.97408848413491
v -2.276319785610588 22.948328267477194 99.97408848413491
v -2.276319785610588 23.25227963525836 99.97408848413491
v -2.276319785610588 23.556231003039514 99.97408848413491
v -2.276319785610588 23.860182370820667 99.97408848413491
v -2.276319785610588 24.16413373860182 99.97408848413491
v -2.276319785610588 24.468085106382972 99.97408848413491
v -2.276319785610588 24.772036474164125 99.97408848413491
v -2.276319785610588 25.07598784194529 99.97408848413491
v -2.276319785610588 25.379939209726444 99.97408848413491
v -2.276319785610588 25.683890577507597 99.97408848413491
v -2.276319785610588 25.98784194528875 99.97408848413491
v -2.276319785610588 26.291793313069903 99.97408848413491
v -2.276319785610588 26.595744680851055 99.97408848413491
v -2.276319785610588 26.899696048632222 99.97408848413491
v -2.276319785610588 27.203647416413375 99.97408848413491
v -2.276319785610588 27.507598784194528 99.97408848413491
v -2.276319785610588 27.81155015197568 99.97408848413491
v -2.276319785610588 28.115501519756833 99.97408848413491
v -2.276319785610588 28.419452887537986 99.97408848413491
v -2.276319785610588 28.72340425531914 99.97408848413491
v -2.276319785610588 29.027355623100306 99.97408848413491
v -2.276319785610588 29.33130699088146 99.97408848413491
v -2.276319785610588 29.63525835866261 99.97408848413491
v -2.276319785610588 29.939209726443764 99.97408848413491
v -2.276319785610588 30.243161094224916 99.97408848413491
v -2.276319785610588 30.54711246200607 99.97408848413491
v -2.276319785610588 30.851063829787236 99.97408848413491
v -2.276319785610588 31.15501519756839 99.97408848413491
v -2.276319785610588 31.45896656534954 99.97408848413491
v -2.276319785610588 31.762917933130694 99.97408848413491
v -2.276319785610588 32.06686930091185 99.97408848413491
v -2.276319785610588 32.370820668693 99.97408848413491
v -2.276319785610588 32.67477203647417 99.97408848413491
v -2.276319785610588 32.97872340425532 99.97408848413491
v -2.276319785610588 33.28267477203647 99.97408848413491
v -2.276319785610588 33.586626139817625 99.97408848413491
v -2.276319785610588 33.89057750759878 99.97408848413491
v -2.276319785610588 34.19452887537993 99.97408848413491
v -2.276319785610588 34.4984802431611 99.97408848413491
v -2.276319785610588 34.80243161094225 99.97408848413491
v -2.276319785610588 35.1063829787234 99.97408848413491
v -2.276319785610588 35.410334346504555 99.97408848413491
v -2.276319785610588 35.71428571428571 99.97408848413491
v -2.276319785610588 36.01823708206686 99.97408848413491
v -2.276319785610588 36.322188449848014 99.97408848413491
v -2.276319785610588 36.62613981762918 99.97408848413491
v -2.276319785610588 36.93009118541033 99.97408848413491
v -2.276319785610588 37.234042553191486 99.97408848413491
v -2.276319785610588 37.53799392097264 99.97408848413491
v -2.276319785610588 37.84194528875379 99.97408848413491
v -2.276319785610588 38.145896656534944 99.97408848413491
v -2.276319785610588 38.44984802431611 99.97408848413491
v -2.276319785610588 38.753799392097264 99.97408848413491
v -2.276319785610588 39.05775075987842 99.97408848413491
v -2.276319785610588 39.36170212765957 99.97408848413491
v -2.276319785610588 39.66565349544072 99.97408848413491
v -2.276319785610588 39.969604863221875 99.97408848413491
v -2.276319785610588 40.27355623100304 99.97408848413491
v -2.276319785610588 40.577507598784194 99.97408848413491
v -2.276319785610588 40.88145896656535 99.97408848413491
v -2.276319785610588 41.1854103343465 99.97408848413491
v -2.276319785610588 41.48936170212765 99.97408848413491
v -2.276319785610588 41.793313069908805 99.97408848413491
v -2.276319785610588 42.09726443768997 99.97408848413491
v -2.276319785610588 42.401215805471125 99.97408848413491
v -2.276319785610588 42.70516717325228 99.97408848413491
v -2.276319785610588 43.00911854103343 99.97408848413491
v -2.276319785610588 43.31306990881458 99.97408848413491
v -2.276319785610588 43.617021276595736 99.97408848413491
v -2.276319785610588 43.92097264437689 99.97408848413491
v -2.276319785610588 44.224924012158056 99.97408848413491
v -2.276319785610588 44.52887537993921 99.97408848413491
v -2.276319785610588 44.83282674772036 99.97408848413491
v -2.276319785610588 45.136778115501514 99.97408848413491
v -2.276319785610588 45.44072948328267 99.97408848413491
v -2.276319785610588 45.74468085106382 99.97408848413491
v -2.276319785610588 46.048632218844986 99.97408848413491
v -2.276319785610588 46.35258358662614 99.97408848413491
v -2.276319785610588 46.65653495440729 99.97408848413491
v -2.276319785610588 46.960486322188444 99.97408848413491
v -2.276319785610588 47.2644376899696 99.97408848413491
v -2.276319785610588 47.56838905775075 99.97408848413491
v -2.276319785610588 47.87234042553192 99.97408848413491
v -2.276319785610588 48.17629179331307 99.97408848413491
v -2.276319785610588 48.48024316109422 99.97408848413491
v -2.276319785610588 48.784194528875375 99.97408848413491
v -2.276319785610588 49.08814589665653 99.97408848413491
v -2.276319785610588 49.39209726443768 99.97408848413491
v -2.276319785610588 49.69604863221885 99.97408848413491
v -2.276319785610588 50.0 99.97408848413491
v -1.9728528938636323 -50.0 99.98053736332474
v -1.9728528938636323 -49.69604863221885 99.98053736332474
v -1.9728528938636323 -49.39209726443769 99.98053736332474
v -1.9728528938636323 -49.088145896656535 99.98053736332474
v -1.9728528938636323 -48.78419452887538 99.98053736332474
v -1.9728528938636323 -48.48024316109422 99.98053736332474
v -1.9728528938636323 -48.17629179331307 99.98053736332474
v -1.9728528938636323 -47.87234042553192 99.98053736332474
v -1.9728528938636323 -47.56838905775076 99.98053736332474
v -1.9728528938636323 -47.264437689969604 99.98053736332474
v -1.9728528938636323 -46.96048632218845 99.98053736332474
v -1.9728528938636323 -46.65653495440729 99.98053736332474
v -1.9728528938636323 -46.35258358662614 99.98053736332474
v -1.9728528938636323 -46.048632218844986 99.98053736332474
v -1.9728528938636323 -45.74468085106383 99.98053736332474
v -1.9728528938636323 -45.440729483282674 99.98053736332474
v -1.9728528938636323 -45.13677811550152 99.98053736332474
v -1.9728528938636323 -44.83282674772036 99.98053736332474
v -1.9728528938636323 -44.52887537993921 99.98053736332474
v -1.9728528938636323 -44.224924012158056 99.98053736332474
v -1.9728528938636323 -43.9209726443769 99.98053736332474
v -1.9728528938636323 -43.61702127659574 99.98053736332474
v -1.9728528938636323 -43.31306990881459 99.98053736332474
v -1.9728528938636323 -43.00911854103344 99.98053736332474
v -1.9728528938636323 -42.70516717325228 99.98053736332474
v -1.9728528938636323 -42.401215805471125 99.98053736332474
v -1.9728528938636323 -42.09726443768997 99.98053736332474
v -1.9728528938636323 -41.79331306990881 99.98053736332474
v -1.9728528938636323 -41.48936170212766 99.98053736332474
v -1.9728528938636323 -41.18541033434651 99.98053736332474
v -1.9728528938636323 -40.88145896656535 99.98053736332474
v -1.9728528938636323 -40.577507598784194 99.98053736332474
v -1.9728528938636323 -40.27355623100304 99.98053736332474
v -1.9728528938636323 -39.96960486322189 99.98053736332474
v -1.9728528938636323 -39.66565349544073 99.98053736332474
v -1.9728528938636323 -39.361702127659576 99.98053736332474
v -1.9728528938636323 -39.05775075987842 99.98053736332474
v -1.9728528938636323 -38.753799392097264 99.98053736332474
v -1.9728528938636323 -38.44984802431611 99.98053736332474
v -1.9728528938636323 -38.14589665653496 99.98053736332474
v -1.9728528938636323 -37.8419452887538 99.98053736332474
v -1.9728528938636323 -37.537993920972646 99.98053736332474
v -1.9728528938636323 -37.234042553191486 99.98053736332474
v -1.9728528938636323 -36.93009118541033 99.98053736332474
v -1.9728528938636323 -36.62613981762918 99.98053736332474
v -1.9728528938636323 -36.32218844984803 99.98053736332474
v -1.9728528938636323 -36.01823708206687 99.98053736332474
v -1.9728528938636323 -35.714285714285715 99.98053736332474
v -1.9728528938636323 -35.410334346504555 99.98053736332474
v -1.9728528938636323 -35.1063829787234 99.98053736332474
v -1.9728528938636323 -34.80243161094225 99.98053736332474
v -1.9728528938636323 -34.4984802431611 99.98053736332474
v -1.9728528938636323 -34.19452887537994 99.98053736332474
v -1.9728528938636323 -33.890577507598785 99.98053736332474
v -1.9728528938636323 -33.586626139817625 99.98053736332474
v -1.9728528938636323 -33.28267477203647 99.98053736332474
v -1.9728528938636323 -32.97872340425532 99.98053736332474
v -1.9728528938636323 -32.67477203647417 99.98053736332474
v -1.9728528938636323 -32.370820668693014 99.98053736332474
v -1.9728528938636323 -32.066869300911854 99.98053736332474
v -1.9728528938636323 -31.7629179331307 99.98053736332474
v -1.9728528938636323 -31.458966565349545 99.98053736332474
v -1.9728528938636323 -31.15501519756839 99.98053736332474
v -1.9728528938636323 -30.851063829787236 99.98053736332474
v -1.9728528938636323 -30.54711246200608 99.98053736332474
v -1.9728528938636323 -30.243161094224924 99.98053736332474
v -1.9728528938636323 -29.93920972644377 99.98053736332474
v -1.9728528938636323 -29.635258358662615 99.98053736332474
v -1.9728528938636323 -29.33130699088146 99.98053736332474
v -1.9728528938636323 -29.027355623100306 99.98053736332474
v -1.9728528938636323 -28.72340425531915 99.98053736332474
v -1.9728528938636323 -28.419452887537997 99.98053736332474
v -1.9728528938636323 -28.11550151975684 99.98053736332474
v -1.9728528938636323 -27.811550151975684 99.98053736332474
v -1.9728528938636323 -27.50759878419453 99.98053736332474
v -1.9728528938636323 -27.203647416413375 99.98053736332474
v -1.9728528938636323 -26.89969604863222 99.98053736332474
v -1.9728528938636323 -26.595744680851066 99.98053736332474
v -1.9728528938636323 -26.29179331306991 99.98053736332474
v -1.9728528938636323 -25.987841945288753 99.98053736332474
v -1.9728528938636323 -25.6838905775076 99.98053736332474
v -1.9728528938636323 -25.379939209726444 99.98053736332474
v -1.9728528938636323 -25.075987841945288 99.98053736332474
v -1.9728528938636323 -24.772036474164135 99.98053736332474
v -1.9728528938636323 -24.46808510638298 99.98053736332474
v -1.9728528938636323 -24.164133738601826 99.98053736332474
v -1.9728528938636323 -23.86018237082067 99.98053736332474
v -1.9728528938636323 -23.556231003039514 99.98053736332474
v -1.9728528938636323 -23.25227963525836 99.98053736332474
v -1.9728528938636323 -22.948328267477205 99.98053736332474
v -1.9728528938636323 -22.64437689969605 99.98053736332474
v -1.9728528938636323 -22.340425531914896 99.98053736332474
v -1.9728528938636323 -22.03647416413374 99.98053736332474
v -1.9728528938636323 -21.732522796352583 99.98053736332474
v -1.9728528938636323 -21.42857142857143 99.98053736332474
v -1.9728528938636323 -21.124620060790274 99.98053736332474
v -1.9728528938636323 -20.820668693009118 99.98053736332474
v -1.9728528938636323 -20.516717325227965 99.98053736332474
v -1.9728528938636323 -20.21276595744681 99.98053736332474
v -1.9728528938636323 -19.908814589665656 99.98053736332474
v -1.9728528938636323 -19.6048632218845 99.98053736332474
v -1.9728528938636323 -19.300911854103344 99.98053736332474
v -1.9728528938636323 -18.99696048632219 99.98053736332474
v -1.9728528938636323 -18.693009118541035 99.98053736332474
v -1.9728528938636323 -18.38905775075988 99.98053736332474
v -1.9728528938636323 -18.085106382978726 99.98053736332474
v -1.9728528938636323 -17.78115501519757 99.98053736332474
v -1.9728528938636323 -17.477203647416417 99.98053736332474
v -1.9728528938636323 -17.173252279635257 99.98053736332474
v -1.9728528938636323 -16.869300911854104 99.98053736332474
v -1.9728528938636323 -16.56534954407295 99.98053736332474
v -1.9728528938636323 -16.26139817629179 99.98053736332474
v -1.9728528938636323 -15.957446808510639 99.98053736332474
v -1.9728528938636323 -15.653495440729486 99.98053736332474
v -1.9728528938636323 -15.349544072948326 99.98053736332474
v -1.9728528938636323 -15.045592705167174 99.98053736332474
v -1.9728528938636323 -14.741641337386021 99.98053736332474
v -1.9728528938636323 -14.437689969604868 99.98053736332474
v -1.9728528938636323 -14.133738601823708 99.98053736332474
v -1.9728528938636323 -13.829787234042556 99.98053736332474
v -1.9728528938636323 -13.525835866261403 99.98053736332474
v -1.9728528938636323 -13.221884498480243 99.98053736332474
v -1.9728528938636323 -12.91793313069909 99.98053736332474
v -1.9728528938636323 -12.613981762917938 99.98053736332474
v -1.9728528938636323 -12.310030395136778 99.98053736332474
v -1.9728528938636323 -12.006079027355625 99.98053736332474
v -1.9728528938636323 -11.702127659574472 99.98053736332474
v -1.9728528938636323 -11.398176291793312 99.98053736332474
v -1.9728528938636323 -11.09422492401216 99.98053736332474
v -1.9728528938636323 -10.790273556231007 99.98053736332474
v -1.9728528938636323 -10.486322188449847 99.98053736332474
v -1.9728528938636323 -10.182370820668694 99.98053736332474
v -1.9728528938636323 -9.878419452887542 99.98053736332474
v -1.9728528938636323 -9.574468085106382 99.98053736332474
v -1.9728528938636323 -9.27051671732523 99.98053736332474
v -1.9728528938636323 -8.966565349544076 99.98053736332474
v -1.9728528938636323 -8.662613981762917 99.98053736332474
v -1.9728528938636323 -8.358662613981764 99.98053736332474
v -1.9728528938636323 -8.054711246200611 99.98053736332474
v -1.9728528938636323 -7.750759878419451 99.98053736332474
v -1.9728528938636323 -7.446808510638299 99.98053736332474
v -1.9728528938636323 -7.142857142857146 99.98053736332474
v -1.9728528938636323 -6.838905775075993 99.98053736332474
v -1.9728528938636323 -6.534954407294833 99.98053736332474
v -1.9728528938636323 -6.231003039513681 99.98053736332474
v -1.9728528938636323 -5.927051671732528 99.98053736332474
v -1.9728528938636323 -5.623100303951368 99.98053736332474
v -1.9728528938636323 -5.319148936170215 99.98053736332474
v -1.9728528938636323 -5.015197568389063 99.98053736332474
v -1.9728528938636323 -4.711246200607903 99.98053736332474
v -1.9728528938636323 -4.40729483282675 99.98053736332474
v -1.9728528938636323 -4.103343465045597 99.98053736332474
v -1.9728528938636323 -3.7993920972644375 99.98053736332474
v -1.9728528938636323 -3.4954407294832848 99.98053736332474
v -1.9728528938636323 -3.191489361702132 99.98053736332474
v -1.9728528938636323 -2.887537993920972 99.98053736332474
v -1.9728528938636323 -2.5835866261398195 99.98053736332474
v -1.9728528938636323 -2.2796352583586668 99.98053736332474
v -1.9728528938636323 -1.975683890577507 99.98053736332474
v -1.9728528938636323 -1.6717325227963542 99.98053736332474
v -1.9728528938636323 -1.3677811550152015 99.98053736332474
v -1.9728528938636323 -1.0638297872340416 99.98053736332474
v -1.9728528938636323 -0.7598784194528889 99.98053736332474
v -1.9728528938636323 -0.4559270516717362 99.98053736332474
v -1.9728528938636323 -0.15197568389057636 99.98053736332474
v -1.9728528938636323 0.15197568389057636 99.98053736332474
v -1.9728528938636323 0.4559270516717291 99.98053736332474
v -1.9728528938636323 0.7598784194528818 99.98053736332474
v -1.9728528938636323 1.0638297872340416 99.98053736332474
v -1.9728528938636323 1.3677811550151944 99.98053736332474
v -1.9728528938636323 1.671732522796347 99.98053736332474
v -1.9728528938636323 1.975683890577507 99.98053736332474
v -1.9728528938636323 2.2796352583586597 99.98053736332474
v -1.9728528938636323 2.5835866261398124 99.98053736332474
v -1.9728528938636323 2.887537993920972 99.98053736332474
v -1.9728528938636323 3.191489361702125 99.98053736332474
v -1.9728528938636323 3.4954407294832777 99.98053736332474
v -1.9728528938636323 3.7993920972644375 99.98053736332474
v -1.9728528938636323 4.10334346504559 99.98053736332474
v -1.9728528938636323 4.407294832826743 99.98053736332474
v -1.9728528938636323 4.711246200607903 99.98053736332474
v -1.9728528938636323 5.0151975683890555 99.98053736332474
v -1.9728528938636323 5.319148936170208 99.98053736332474
v -1.9728528938636323 5.623100303951368 99.98053736332474
v -1.9728528938636323 5.927051671732521 99.98053736332474
v -1.9728528938636323 6.2310030395136735 99.98053736332474
v -1.9728528938636323 6.534954407294833 99.98053736332474
v -1.9728528938636323 6.838905775075986 99.98053736332474
v -1.9728528938636323 7.142857142857139 99.98053736332474
v -1.9728528938636323 7.446808510638299 99.98053736332474
v -1.9728528938636323 7.750759878419451 99.98053736332474
v -1.9728528938636323 8.054711246200604 99.98053736332474
v -1.9728528938636323 8.358662613981764 99.98053736332474
v -1.9728528938636323 8.662613981762917 99.98053736332474
v -1.9728528938636323 8.96656534954407 99.98053736332474
v -1.9728528938636323 9.270516717325222 99.98053736332474
v -1.9728528938636323 9.574468085106382 99.98053736332474
v -1.9728528938636323 9.878419452887535 99.98053736332474
v -1.9728528938636323 10.182370820668687 99.98053736332474
v -1.9728528938636323 10.486322188449847 99.98053736332474
v -1.9728528938636323 10.790273556231 99.98053736332474
v -1.9728528938636323 11.094224924012153 99.98053736332474
v -1.9728528938636323 11.398176291793312 99.98053736332474
v -1.9728528938636323 11.702127659574465 99.98053736332474
v -1.9728528938636323 12.006079027355618 99.98053736332474
v -1.9728528938636323 12.310030395136778 99.98053736332474
v -1.9728528938636323 12.61398176291793 99.98053736332474
v -1.9728528938636323 12.917933130699083 99.98053736332474
v -1.9728528938636323 13.221884498480243 99.98053736332474
v -1.9728528938636323 13.525835866261396 99.98053736332474
v -1.9728528938636323 13.829787234042549 99.98053736332474
v -1.9728528938636323 14.133738601823708 99.98053736332474
v -1.9728528938636323 14.437689969604861 99.98053736332474
v -1.9728528938636323 14.741641337386014 99.98053736332474
v -1.9728528938636323 15.045592705167167 99.98053736332474
v -1.9728528938636323 15.34954407294832 99.98053736332474
v -1.9728528938636323 15.653495440729486 99.98053736332474
v -1.9728528938636323 15.957446808510639 99.98053736332474
v -1.9728528938636323 16.26139817629179 99.98053736332474
v -1.9728528938636323 16.565349544072944 99.98053736332474
v -1.9728528938636323 16.869300911854097 99.98053736332474
v -1.9728528938636323 17.17325227963525 99.98053736332474
v -1.9728528938636323 17.477203647416417 99.98053736332474
v -1.9728528938636323 17.78115501519757 99.98053736332474
v -1.9728528938636323 18.085106382978722 99.98053736332474
v -1.9728528938636323 18.389057750759875 99.98053736332474
v -1.9728528938636323 18.693009118541028 99.98053736332474
v -1.9728528938636323 18.99696048632218 99.98053736332474
v -1.9728528938636323 19.300911854103347 99.98053736332474
v -1.9728528938636323 19.6048632218845 99.98053736332474
v -1.9728528938636323 19.908814589665653 99.98053736332474
v -1.9728528938636323 20.212765957446805 99.98053736332474
v -1.9728528938636323 20.516717325227958 99.98053736332474
v -1.9728528938636323 20.82066869300911 99.98053736332474
v -1.9728528938636323 21.124620060790264 99.98053736332474
v -1.9728528938636323 21.42857142857143 99.98053736332474
v -1.9728528938636323 21.732522796352583 99.98053736332474
v -1.9728528938636323 22.036474164133736 99.98053736332474
v -1.9728528938636323 22.34042553191489 99.98053736332474
v -1.9728528938636323 22.64437689969604 99.98053736332474
v -1.9728528938636323 22.948328267477194 99.98053736332474
v -1.9728528938636323 23.25227963525836 99.98053736332474
v -1.9728528938636323 23.556231003039514 99.98053736332474
v -1.9728528938636323 23.860182370820667 99.98053736332474
v -1.9728528938636323 24.16413373860182 99.98053736332474
v -1.9728528938636323 24.468085106382972 99.98053736332474
v -1.9728528938636323 24.772036474164125 99.98053736332474
v -1.9728528938636323 25.07598784194529 99.98053736332474
v -1.9728528938636323 25.379939209726444 99.98053736332474
v -1.9728528938636323 25.683890577507597 99.98053736332474
v -1.9728528938636323 25.98784194528875 99.98053736332474
v -1.9728528938636323 26.291793313069903 99.98053736332474
v -1.9728528938636323 26.595744680851055 99.98053736332474
v -1.9728528938636323 26.899696048632222 99.98053736332474
v -1.9728528938636323 27.203647416413375 99.98053736332474
v -1.9728528938636323 27.507598784194528 99.98053736332474
v -1.9728528938636323 27.81155015197568 99.98053736332474
v -1.9728528938636323 28.115501519756833 99.98053736332474
v -1.9728528938636323 28.419452887537986 99.98053736332474
v -1.9728528938636323 28.72340425531914 99.98053736332474
v -1.9728528938636323 29.027355623100306 99.98053736332474
v -1.9728528938636323 29.33130699088146 99.98053736332474
v -1.9728528938636323 29.63525835866261 99.98053736332474
v -1.9728528938636323 29.939209726443764 99.98053736332474
v -1.9728528938636323 30.243161094224916 99.98053736332474
v -1.9728528938636323 30.54711246200607 99.98053736332474
v -1.9728528938636323 30.851063829787236 99.98053736332474
v -1.9728528938636323 31.15501519756839 99.98053736332474
v -1.9728528938636323 31.45896656534954 99.98053736332474
v -1.9728528938636323 31.762917933130694 99.98053736332474
v -1.9728528938636323 32.06686930091185 99.98053736332474
v -1.9728528938636323 32.370820668693 99.98053736332474
v -1.9728528938636323 32.67477203647417 99.98053736332474
v -1.9728528938636323 32.97872340425532 99.98053736332474
v -1.9728528938636323 33.28267477203647 99.98053736332474
v -1.9728528938636323 33.586626139817625 99.98053736332474
v -1.9728528938636323 33.89057750759878 99.98053736332474
v -1.9728528938636323 34.19452887537993 99.98053736332474
v -1.9728528938636323 34.4984802431611 99.98053736332474
v -1.9728528938636323 34.80243161094225 99.98053736332474
v -1.9728528938636323 35.1063829787234 99.98053736332474
v -1.9728528938636323 35.410334346504555 99.98053736332474
v -1.9728528938636323 35.71428571428571 99.98053736332474
v -1.9728528938636323 36.01823708206686 99.98053736332474
v -1.9728528938636323 36.322188449848014 99.98053736332474
v -1.9728528938636323 36.62613981762918 99.98053736332474
v -1.9728528938636323 36.93009118541033 99.98053736332474
v -1.9728528938636323 37.234042553191486 99.98053736332474
v -1.9728528938636323 37.53799392097264 99.98053736332474
v -1.9728528938636323 37.84194528875379 99.98053736332474
v -1.9728528938636323 38.145896656534944 99.98053736332474
v -1.9728528938636323 38.44984802431611 99.98053736332474
v -1.9728528938636323 38.753799392097264 99.98053736332474
v -1.9728528938636323 39.05775075987842 99.98053736332474
v -1.9728528938636323 39.36170212765957 99.98053736332474
v -1.9728528938636323 39.66565349544072 99.98053736332474
v -1.9728528938636323 39.969604863221875 99.98053736332474
v -1.9728528938636323 40.27355623100304 99.98053736332474
v -1.9728528938636323 40.577507598784194 99.98053736332474
v -1.9728528938636323 40.88145896656535 99.98053736332474
v -1.9728528938636323 41.1854103343465 99.98053736332474
v -1.9728528938636323 41.48936170212765 99.98053736332474
v -1.9728528938636323 41.793313069908805 99.98053736332474
v -1.9728528938636323 42.09726443768997 99.98053736332474
v -1.9728528938636323 42.401215805471125 99.98053736332474
v -1.9728528938636323 42.70516717325228 99.98053736332474
v -1.9728528938636323 43.00911854103343 99.98053736332474
v -1.9728528938636323 43.31306990881458 99.98053736332474
v -1.9728528938636323 43.617021276595736 99.98053736332474
v -1.9728528938636323 43.92097264437689 99.98053736332474
v -1.9728528938636323 44.224924012158056 99.98053736332474
v -1.9728528938636323 44.52887537993921 99.98053736332474
v -1.9728528938636323 44.83282674772036 99.98053736332474
v -1.9728528938636323 45.136778115501514 99.98053736332474
v -1.9728528938636323 45.44072948328267 99.98053736332474
v -1.9728528938636323 45.74468085106382 99.98053736332474
v -1.9728528938636323 46.048632218844986 99.98053736332474
v -1.9728528938636323 46.35258358662614 99.98053736332474
v -1.9728528938636323 46.65653495440729 99.98053736332474
v -1.9728528938636323 46.960486322188444 99.98053736332474
v -1.9728528938636323 47.2644376899696 99.98053736332474
v -1.9728528938636323 47.56838905775075 99.98053736332474
v -1.9728528938636323 47.87234042553192 99.98053736332474
v -1.9728528938636323 48.17629179331307 99.98053736332474
v -1.9728528938636323 48.48024316109422 99.98053736332474
v -1.9728528938636323 48.784194528875375 99.98053736332474
v -1.9728528938636323 49.08814589665653 99.98053736332474
v -1.9728528938636323 49.39209726443768 99.98053736332474
v -1.9728528938636323 49.69604863221885 99.98053736332474
v -1.9728528938636323 50.0 99.98053736332474
v -1.6693678254846387 -50.0 99.98606508440682
v -1.6693678254846387 -49.69604863221885 99.98606508440682
v -1.6693678254846387 -49.39209726443769 99.98606508440682
v -1.6693678254846387 -49.088145896656535 99.98606508440682
v -1.6693678254846387 -48.78419452887538 99.98606508440682
v -1.6693678254846387 -48.48024316109422 99.98606508440682
v -1.6693678254846387 -48.17629179331307 99.98606508440682
v -1.6693678254846387 -47.87234042553192 99.98606508440682
v -1.6693678254846387 -47.56838905775076 99.98606508440682
v -1.6693678254846387 -47.264437689969604 99.98606508440682
v -1.6693678254846387 -46.96048632218845 99.98606508440682
v -1.6693678254846387 -46.65653495440729 99.98606508440682
v -1.6693678254846387 -46.35258358662614 99.98606508440682
v -1.6693678254846387 -46.048632218844986 99.98606508440682
v -1.6693678254846387 -45.74468085106383 99.98606508440682
v -1.6693678254846387 -45.440729483282674 99.98606508440682
v -1.6693678254846387 -45.13677811550152 99.98606508440682
v -1.6693678254846387 -44.83282674772036 99.98606508440682
v -1.6693678254846387 -44.52887537993921 99.98606508440682
v -1.6693678254846387 -44.224924012158056 99.98606508440682
v -1.6693678254846387 -43.9209726443769 99.98606508440682
v -1.6693678254846387 -43.61702127659574 99.98606508440682
v -1.6693678254846387 -43.31306990881459 99.98606508440682
v -1.6693678254846387 -43.00911854103344 99.98606508440682
v -1.6693678254846387 -42.70516717325228 99.98606508440682
v -1.6693678254846387 -42.401215805471125 99.98606508440682
v -1.6693678254846387 -42.09726443768997 99.98606508440682
v -1.6693678254846387 -41.79331306990881 99.98606508440682
v -1.6693678254846387 -41.48936170212766 99.98606508440682
v -1.6693678254846387 -41.18541033434651 99.98606508440682
v -1.6693678254846387 -40.88145896656535 99.98606508440682
v -1.6693678254846387 -40.577507598784194 99.98606508440682
v -1.6693678254846387 -40.27355623100304 99.98606508440682
v -1.6693678254846387 -39.96960486322189 99.98606508440682
v -1.6693678254846387 -39.66565349544073 99.98606508440682
v -1.6693678254846387 -39.361702127659576 99.98606508440682
v -1.6693678254846387 -39.05775075987842 99.98606508440682
v -1.6693678254846387 -38.753799392097264 99.98606508440682
v -1.6693678254846387 -38.44984802431611 99.98606508440682
v -1.6693678254846387 -38.14589665653496 99.98606508440682
v -1.6693678254846387 -37.8419452887538 99.98606508440682
v -1.6693678254846387 -37.537993920972646 99.98606508440682
v -1.6693678254846387 -37.234042553191486 99.98606508440682
v -1.6693678254846387 -36.93009118541033 99.98606508440682
v -1.6693678254846387 -36.62613981762918 99.98606508440682
v -1.6693678254846387 -36.32218844984803 99.98606508440682
v -1.6693678254846387 -36.01823708206687 99.98606508440682
v -1.6693678254846387 -35.714285714285715 99.98606508440682
v -1.6693678254846387 -35.410334346504555 99.98606508440682
v -1.6693678254846387 -35.1063829787234 99.98606508440682
v -1.6693678254846387 -34.80243161094225 99.98606508440682
v -1.6693678254846387 -34.4984802431611 99.98606508440682
v -1.6693678254846387 -34.19452887537994 99.98606508440682
v -1.6693678254846387 -33.890577507598785 99.98606508440682
v -1.6693678254846387 -33.586626139817625 99.98606508440682
v -1.6693678254846387 -33.28267477203647 99.98606508440682
v -1.6693678254846387 -32.97872340425532 99.98606508440682
v -1.6693678254846387 -32.67477203647417 99.98606508440682
v -1.6693678254846387 -32.370820668693014 99.98606508440682
v -1.6693678254846387 -32.066869300911854 99.98606508440682
v -1.6693678254846387 -31.7629179331307 99.98606508440682
v -1.6693678254846387 -31.458966565349545 99.98606508440682
v -1.6693678254846387 -31.15501519756839 99.98606508440682
v -1.6693678254846387 -30.851063829787236 99.98606508440682
v -1.6693678254846387 -30.54711246200608 99.98606508440682
v -1.6693678254846387 -30.243161094224924 99.98606508440682
v -1.6693678254846387 -29.93920972644377 99.98606508440682
v -1.6693678254846387 -29.635258358662615 99.98606508440682
v -1.6693678254846387 -29.33130699088146 99.98606508440682
v -1.6693678254846387 -29.027355623100306 99.98606508440682
v -1.6693678254846387 -28.72340425531915 99.98606508440682
v -1.6693678254846387 -28.419452887537997 99.98606508440682
v -1.6693678254846387 -28.11550151975684 99.98606508440682
v -1.6693678254846387 -27.811550151975684 99.98606508440682
v -1.6693678254846387 -27.50759878419453 99.98606508440682
v -1.6693678254846387 -27.203647416413375 99.98606508440682
v -1.6693678254846387 -26.89969604863222 99.98606508440682
v -1.6693678254846387 -26.595744680851066 99.98606508440682
v -1.6693678254846387 -26.29179331306991 99.98606508440682
v -1.6693678254846387 -25.987841945288753 99.98606508440682
v -1.6693678254846387 -25.6838905775076 99.98606508440682
v -1.6693678254846387 -25.379939209726444 99.98606508440682
v -1.6693678254846387 -25.075987841945288 99.98606508440682
v -1.6693678254846387 -24.772036474164135 99.98606508440682
v -1.6693678254846387 -24.46808510638298 99.98606508440682
v -1.6693678254846387 -24.164133738601826 99.98606508440682
v -1.6693678254846387 -23.86018237082067 99.98606508440682
v -1.6693678254846387 -23.556231003039514 99.98606508440682
v -1.6693678254846387 -23.25227963525836 99.98606508440682
v -1.6693678254846387 -22.948328267477205 99.98606508440682
v -1.6693678254846387 -22.64437689969605 99.98606508440682
v -1.6693678254846387 -22.340425531914896 99.98606508440682
v -1.6693678254846387 -22.03647416413374 99.98606508440682
v -1.6693678254846387 -21.732522796352583 99.98606508440682
v -1.6693678254846387 -21.42857142857143 99.98606508440682
v -1.6693678254846387 -21.124620060790274 99.98606508440682
v -1.6693678254846387 -20.820668693009118 99.98606508440682
v -1.6693678254846387 -20.516717325227965 99.98606508440682
v -1.6693678254846387 -20.21276595744681 99.98606508440682
v -1.6693678254846387 -19.908814589665656 99.98606508440682
v -1.6693678254846387 -19.6048632218845 99.98606508440682
v -1.6693678254846387 -19.300911854103344 99.98606508440682
v -1.6693678254846387 -18.99696048632219 99.98606508440682
v -1.6693678254846387 -18.693009118541035 99.98606508440682
v -1.6693678254846387 -18.38905775075988 99.98606508440682
v -1.6693678254846387 -18.085106382978726 99.98606508440682
v -1.6693678254846387 -17.78115501519757 99.98606508440682
v -1.6693678254846387 -17.477203647416417 99.98606508440682
v -1.6693678254846387 -17.173252279635257 99.98606508440682
v -1.6693678254846387 -16.869300911854104 99.98606508440682
v -1.6693678254846387 -16.56534954407295 99.98606508440682
v -1.6693678254846387 -16.26139817629179 99.98606508440682
v -1.6693678254846387 -15.957446808510639 99.98606508440682
v -1.6693678254846387 -15.653495440729486 99.98606508440682
v -1.6693678254846387 -15.349544072948326 99.98606508440682
v -1.6693678254846387 -15.045592705167174 99.98606508440682
v -1.6693678254846387 -14.741641337386021 99.98606508440682
v -1.6693678254846387 -14.437689969604868 99.98606508440682
v -1.6693678254846387 -14.133738601823708 99.98606508440682
v -1.6693678254846387 -13.829787234042556 99.98606508440682
v -1.6693678254846387 -13.525835866261403 99.98606508440682
v -1.6693678254846387 -13.221884498480243 99.98606508440682
v -1.6693678254846387 -12.91793313069909 99.98606508440682
v -1.6693678254846387 -12.613981762917938 99.98606508440682
v -1.6693678254846387 -12.310030395136778 99.98606508440682
v -1.6693678254846387 -12.006079027355625 99.98606508440682
v -1.6693678254846387 -11.702127659574472 99.98606508440682
v -1.6693678254846387 -11.398176291793312 99.98606508440682
v -1.6693678254846387 -11.09422492401216 99.98606508440682
v -1.6693678254846387 -10.790273556231007 99.98606508440682
v -1.6693678254846387 -10.486322188449847 99.98606508440682
v -1.6693678254846387 -10.182370820668694 99.98606508440682
v -1.6693678254846387 -9.878419452887542 99.98606508440682
v -1.6693678254846387 -9.574468085106382 99.98606508440682
v -1.6693678254846387 -9.27051671732523 99.98606508440682
v -1.6693678254846387 -8.966565349544076 99.98606508440682
v -1.6693678254846387 -8.662613981762917 99.98606508440682
v -1.6693678254846387 -8.358662613981764 99.98606508440682
v -1.6693678254846387 -8.054711246200611 99.98606508440682
v -1.6693678254846387 -7.750759878419451 99.98606508440682
v -1.6693678254846387 -7.446808510638299 99.98606508440682
v -1.6693678254846387 -7.142857142857146 99.98606508440682
v -1.6693678254846387 -6.838905775075993 99.98606508440682
v -1.6693678254846387 -6.534954407294833 99.98606508440682
v -1.6693678254846387 -6.231003039513681 99.98606508440682
v -1.6693678254846387 -5.927051671732528 99.98606508440682
v -1.6693678254846387 -5.623100303951368 99.98606508440682
v -1.6693678254846387 -5.319148936170215 99.98606508440682
v -1.6693678254846387 -5.015197568389063 99.98606508440682
v -1.6693678254846387 -4.711246200607903 99.98606508440682
v -1.6693678254846387 -4.40729483282675 99.98606508440682
v -1.6693678254846387 -4.103343465045597 99.98606508440682
v -1.6693678254846387 -3.7993920972644375 99.98606508440682
v -1.6693678254846387 -3.4954407294832848 99.98606508440682
v -1.6693678254846387 -3.191489361702132 99.98606508440682
v -1.6693678254846387 -2.887537993920972 99.98606508440682
v -1.6693678254846387 -2.5835866261398195 99.98606508440682
v -1.6693678254846387 -2.2796352583586668 99.98606508440682
v -1.6693678254846387 -1.975683890577507 99.98606508440682
v -1.6693678254846387 -1.6717325227963542 99.98606508440682
v -1.6693678254846387 -1.3677811550152015 99.98606508440682
v -1.6693678254846387 -1.0638297872340416 99.98606508440682
v -1.6693678254846387 -0.7598784194528889 99.98606508440682
v -1.6693678254846387 -0.4559270516717362 99.98606508440682
v -1.6693678254846387 -0.15197568389057636 99.98606508440682
v -1.6693678254846387 0.15197568389057636 99.98606508440682
v -1.6693678254846387 0.4559270516717291 99.98606508440682
v -1.6693678254846387 0.7598784194528818 99.98606508440682
v -1.6693678254846387 1.0638297872340416 99.98606508440682
v -1.6693678254846387 1.3677811550151944 99.98606508440682
v -1.6693678254846387 1.671732522796347 99.98606508440682
v -1.6693678254846387 1.975683890577507 99.98606508440682
v -1.6693678254846387 2.2796352583586597 99.98606508440682
v -1.6693678254846387 2.5835866261398124 99.98606508440682
v -1.6693678254846387 2.887537993920972 99.98606508440682
v -1.6693678254846387 3.191489361702125 99.98606508440682
v -1.6693678254846387 3.4954407294832777 99.98606508440682
v -1.6693678254846387 3.7993920972644375 99.98606508440682
v -1.6693678254846387 4.10334346504559 99.98606508440682
v -1.6693678254846387 4.407294832826743 99.98606508440682
v -1.6693678254846387 4.711246200607903 99.98606508440682
v -1.6693678254846387 5.0151975683890555 99.98606508440682
v -1.6693678254846387 5.319148936170208 99.98606508440682
v -1.6693678254846387 5.623100303951368 99.98606508440682
v -1.6693678254846387 5.927051671732521 99.98606508440682
v -1.6693678254846387 6.2310030395136735 99.98606508440682
v -1.6693678254846387 6.534954407294833 99.98606508440682
v -1.6693678254846387 6.838905775075986 99.98606508440682
v -1.6693678254846387 7.142857142857139 99.98606508440682
v -1.6693678254846387 7.446808510638299 99.98606508440682
v -1.6693678254846387 7.750759878419451 99.98606508440682
v -1.6693678254846387 8.054711246200604 99.98606508440682
v -1.6693678254846387 8.358662613981764 99.98606508440682
v -1.6693678254846387 8.662613981762917 99.98606508440682
v -1.6693678254846387 8.96656534954407 99.98606508440682
v -1.6693678254846387 9.270516717325222 99.98606508440682
v -1.6693678254846387 9.574468085106382 99.98606508440682
v -1.6693678254846387 9.878419452887535 99.98606508440682
v -1.6693678254846387 10.182370820668687 99.98606508440682
v -1.6693678254846387 10.486322188449847 99.98606508440682
v -1.6693678254846387 10.790273556231 99.98606508440682
v -1.6693678254846387 11.094224924012153 99.98606508440682
v -1.6693678254846387 11.398176291793312 99.98606508440682
v -1.6693678254846387 11.702127659574465 99.98606508440682
v -1.6693678254846387 12.006079027355618 99.98606508440682
v -1.6693678254846387 12.310030395136778 99.98606508440682
v -1.6693678254846387 12.61398176291793 99.98606508440682
v -1.6693678254846387 12.917933130699083 99.98606508440682
v -1.6693678254846387 13.221884498480243 99.98606508440682
v -1.6693678254846387 13.525835866261396 99.98606508440682
v -1.6693678254846387 13.829787234042549 99.98606508440682
v -1.6693678254846387 14.133738601823708 99.98606508440682
v -1.6693678254846387 14.437689969604861 99.98606508440682
v -1.6693678254846387 14.741641337386014 99.98606508440682
v -1.6693678254846387 15.045592705167167 99.98606508440682
v -1.6693678254846387 15.34954407294832 99.98606508440682
v -1.6693678254846387 15.653495440729486 99.98606508440682
v -1.6693678254846387 15.957446808510639 99.98606508440682
v -1.6693678254846387 16.26139817629179 99.98606508440682
v -1.6693678254846387 16.565349544072944 99.98606508440682
v -1.6693678254846387 16.869300911854097 99.98606508440682
v -1.6693678254846387 17.17325227963525 99.98606508440682
v -1.6693678254846387 17.477203647416417 99.98606508440682
v -1.6693678254846387 17.78115501519757 99.98606508440682
v -1.6693678254846387 18.085106382978722 99.98606508440682
v -1.6693678254846387 18.389057750759875 99.98606508440682
v -1.6693678254846387 18.693009118541028 99.98606508440682
v -1.6693678254846387 18.99696048632218 99.98606508440682
v -1.6693678254846387 19.300911854103347 99.98606508440682
v -1.6693678254846387 19.6048632218845 99.98606508440682
v -1.6693678254846387 19.908814589665653 99.98606508440682
v -1.6693678254846387 20.212765957446805 99.98606508440682
v -1.6693678254846387 20.516717325227958 99.98606508440682
v -1.6693678254846387 20.82066869300911 99.98606508440682
v -1.6693678254846387 21.124620060790264 99.98606508440682
v -1.6693678254846387 21.42857142857143 99.98606508440682
v -1.6693678254846387 21.732522796352583 99.98606508440682
v -1.6693678254846387 22.036474164133736 99.98606508440682
v -1.6693678254846387 22.34042553191489 99.98606508440682
v -1.6693678254846387 22.64437689969604 99.98606508440682
v -1.6693678254846387 22.948328267477194 99.98606508440682
v -1.6693678254846387 23.25227963525836 99.98606508440682
v -1.6693678254846387 23.556231003039514 99.98606508440682
v -1.6693678254846387 23.860182370820667 99.98606508440682
v -1.6693678254846387 24.16413373860182 99.98606508440682
v -1.6693678254846387 24.468085106382972 99.98606508440682
v -1.6693678254846387 24.772036474164125 99.98606508440682
v -1.6693678254846387 25.07598784194529 99.98606508440682
v -1.6693678254846387 25.379939209726444 99.98606508440682
v -1.6693678254846387 25.683890577507597 99.98606508440682
v -1.6693678254846387 25.98784194528875 99.98606508440682
v -1.6693678254846387 26.291793313069903 99.98606508440682
v -1.6693678254846387 26.595744680851055 99.98606508440682
v -1.6693678254846387 26.899696048632222 99.98606508440682
v -1.6693678254846387 27.203647416413375 99.98606508440682
v -1.6693678254846387 27.507598784194528 99.98606508440682
v -1.6693678254846387 27.81155015197568 99.98606508440682
v -1.6693678254846387 28.115501519756833 99.98606508440682
v -1.6693678254846387 28.419452887537986 99.98606508440682
v -1.6693678254846387 28.72340425531914 99.98606508440682
v -1.6693678254846387 29.027355623100306 99.98606508440682
v -1.6693678254846387 29.33130699088146 99.98606508440682
v -1.6693678254846387 29.63525835866261 99.98606508440682
v -1.6693678254846387 29.939209726443764 99.98606508440682
v -1.6693678254846387 30.243161094224916 99.98606508440682
v -1.6693678254846387 30.54711246200607 99.98606508440682
v -1.6693678254846387 30.851063829787236 99.98606508440682
v -1.6693678254846387 31.15501519756839 99.98606508440682
v -1.6693678254846387 31.45896656534954 99.98606508440682
v -1.6693678254846387 31.762917933130694 99.98606508440682
v -1.6693678254846387 32.06686930091185 99.98606508440682
v -1.6693678254846387 32.370820668693 99.98606508440682
v -1.6693678254846387 32.67477203647417 99.98606508440682
v -1.6693678254846387 32.97872340425532 99.98606508440682
v -1.6693678254846387 33.28267477203647 99.98606508440682
v -1.6693678254846387 33.586626139817625 99.98606508440682
v -1.6693678254846387 33.89057750759878 99.98606508440682
v -1.6693678254846387 34.19452887537993 99.98606508440682
v -1.6693678254846387 34.4984802431611 99.98606508440682
v -1.6693678254846387 34.80243161094225 99.98606508440682
v -1.6693678254846387 35.1063829787234 99.98606508440682
v -1.6693678254846387 35.410334346504555 99.98606508440682
v -1.6693678254846387 35.71428571428571 99.98606508440682
v -1.6693678254846387 36.01823708206686 99.98606508440682
v -1.6693678254846387 36.322188449848014 99.98606508440682
v -1.6693678254846387 36.62613981762918 99.98606508440682
v -1.6693678254846387 36.93009118541033 99.98606508440682
v -1.6693678254846387 37.234042553191486 99.98606508440682
v -1.6693678254846387 37.53799392097264 99.98606508440682
v -1.6693678254846387 37.84194528875379 99.98606508440682
v -1.6693678254846387 38.145896656534944 99.98606508440682
v -1.6693678254846387 38.44984802431611 99.98606508440682
v -1.6693678254846387 38.753799392097264 99.98606508440682
v -1.6693678254846387 39.05775075987842 99.98606508440682
v -1.6693678254846387 39.36170212765957 99.98606508440682
v -1.6693678254846387 39.66565349544072 99.98606508440682
v -1.6693678254846387 39.969604863221875 99.98606508440682
v -1.6693678254846387 40.27355623100304 99.98606508440682
v -1.6693678254846387 40.577507598784194 99.98606508440682
v -1.6693678254846387 40.88145896656535 99.98606508440682
v -1.6693678254846387 41.1854103343465 99.98606508440682
v -1.6693678254846387 41.48936170212765 99.98606508440682
v -1.6693678254846387 41.793313069908805 99.98606508440682
v -1.6693678254846387 42.09726443768997 99.98606508440682
v -1.6693678254846387 42.401215805471125 99.98606508440682
v -1.6693678254846387 42.70516717325228 99.98606508440682
v -1.6693678254846387 43.00911854103343 99.98606508440682
v -1.6693678254846387 43.31306990881458 99.98606508440682
v -1.6693678254846387 43.617021276595736 99.98606508440682
v -1.6693678254846387 43.92097264437689 99.98606508440682
v -1.6693678254846387 44.224924012158056 99.98606508440682
v -1.6693678254846387 44.52887537993921 99.98606508440682
v -1.6693678254846387 44.83282674772036 99.98606508440682
v -1.6693678254846387 45.136778115501514 99.98606508440682
v -1.6693678254846387 45.44072948328267 99.98606508440682
v -1.6693678254846387 45.74468085106382 99.98606508440682
v -1.6693678254846387 46.048632218844986 99.98606508440682
v -1.6693678254846387 46.35258358662614 99.98606508440682
v -1.6693678254846387 46.65653495440729 99.98606508440682
v -1.6693678254846387 46.960486322188444 99.98606508440682
v -1.6693678254846387 47.2644376899696 99.98606508440682
v -1.6693678254846387 47.56838905775075 99.98606508440682
v -1.6693678254846387 47.87234042553192 99.98606508440682
v -1.6693678254846387 48.17629179331307 99.98606508440682
v -1.6693678254846387 48.48024316109422 99.98606508440682
v -1.6693678254846387 48.784194528875375 99.98606508440682
v -1.6693678254846387 49.08814589665653 99.98606508440682
v -1.6693678254846387 49.39209726443768 99.98606508440682
v -1.6693678254846387 49.69604863221885 99.98606508440682
v -1.6693678254846387 50.0 99.98606508440682
v -1.3658673765951201 -50.0 99.9906715964522
v -1.3658673765951201 -49.69604863221885 99.9906715964522
v -1.3658673765951201 -49.39209726443769 99.9906715964522
v -1.3658673765951201 -49.088145896656535 99.9906715964522
v -1.3658673765951201 -48.78419452887538 99.9906715964522
v -1.3658673765951201 -48.48024316109422 99.9906715964522
v -1.3658673765951201 -48.17629179331307 99.9906715964522
v -1.3658673765951201 -47.87234042553192 99.9906715964522
v -1.3658673765951201 -47.56838905775076 99.9906715964522
v -1.3658673765951201 -47.264437689969604 99.9906715964522
v -1.3658673765951201 -46.96048632218845 99.9906715964522
v -1.3658673765951201 -46.65653495440729 99.9906715964522
v -1.3658673765951201 -46.35258358662614 99.9906715964522
v -1.3658673765951201 -46.048632218844986 99.9906715964522
v -1.3658673765951201 -45.74468085106383 99.9906715964522
v -1.3658673765951201 -45.440729483282674 99.9906715964522
v -1.3658673765951201 -45.13677811550152 99.9906715964522
v -1.3658673765951201 -44.83282674772036 99.9906715964522
v -1.3658673765951201 -44.52887537993921 99.9906715964522
v -1.3658673765951201 -44.224924012158056 99.9906715964522
v -1.3658673765951201 -43.9209726443769 99.9906715964522
v -1.3658673765951201 -43.61702127659574 99.9906715964522
v -1.3658673765951201 -43.31306990881459 99.9906715964522
v -1.3658673765951201 -43.00911854103344 99.9906715964522
v -1.3658673765951201 -42.70516717325228 99.9906715964522
v -1.3658673765951201 -42.401215805471125 99.9906715964522
v -1.3658673765951201 -42.09726443768997 99.9906715964522
v -1.3658673765951201 -41.79331306990881 99.9906715964522
v -1.3658673765951201 -41.48936170212766 99.9906715964522
v -1.3658673765951201 -41.18541033434651 99.9906715964522
v -1.3658673765951201 -40.88145896656535 99.9906715964522
v -1.3658673765951201 -40.577507598784194 99.9906715964522
v -1.3658673765951201 -40.27355623100304 99.9906715964522
v -1.3658673765951201 -39.96960486322189 99.9906715964522
v -1.3658673765951201 -39.66565349544073 99.9906715964522
v -1.3658673765951201 -39.361702127659576 99.9906715964522
v -1.3658673765951201 -39.05775075987842 99.9906715964522
v -1.3658673765951201 -38.753799392097264 99.9906715964522
v -1.3658673765951201 -38.44984802431611 99.9906715964522
v -1.3658673765951201 -38.14589665653496 99.9906715964522
v -1.3658673765951201 -37.8419452887538 99.9906715964522
v -1.3658673765951201 -37.537993920972646 99.9906715964522
v -1.3658673765951201 -37.234042553191486 99.9906715964522
v -1.3658673765951201 -36.93009118541033 99.9906715964522
v -1.3658673765951201 -36.62613981762918 99.9906715964522
v -1.3658673765951201 -36.32218844984803 99.9906715964522
v -1.3658673765951201 -36.01823708206687 99.9906715964522
v -1.3658673765951201 -35.714285714285715 99.9906715964522
v -1.3658673765951201 -35.410334346504555 99.9906715964522
v -1.3658673765951201 -35.1063829787234 99.9906715964522
v -1.3658673765951201 -34.80243161094225 99.9906715964522
v -1.3658673765951201 -34.4984802431611 99.9906715964522
v -1.3658673765951201 -34.19452887537994 99.9906715964522
v -1.3658673765951201 -33.890577507598785 99.9906715964522
v -1.3658673765951201 -33.586626139817625 99.9906715964522
v -1.3658673765951201 -33.28267477203647 99.9906715964522
v -1.3658673765951201 -32.97872340425532 99.9906715964522
v -1.3658673765951201 -32.67477203647417 99.9906715964522
v -1.3658673765951201 -32.370820668693014 99.9906715964522
v -1.3658673765951201 -32.066869300911854 99.9906715964522
v -1.3658673765951201 -31.7629179331307 99.9906715964522
v -1.3658673765951201 -31.458966565349545 99.9906715964522
v -1.3658673765951201 -31.15501519756839 99.9906715964522
v -1.3658673765951201 -30.851063829787236 99.9906715964522
v -1.3658673765951201 -30.54711246200608 99.9906715964522
v -1.3658673765951201 -30.243161094224924 99.9906715964522
v -1.3658673765951201 -29.93920972644377 99.9906715964522
v -1.3658673765951201 -29.635258358662615 99.9906715964522
v -1.3658673765951201 -29.33130699088146 99.9906715964522
v -1.3658673765951201 -29.027355623100306 99.9906715964522
v -1.3658673765951201 -28.72340425531915 99.9906715964522
v -1.3658673765951201 -28.419452887537997 99.9906715964522
v -1.3658673765951201 -28.11550151975684 99.9906715964522
v -1.3658673765951201 -27.811550151975684 99.9906715964522
v -1.3658673765951201 -27.50759878419453 99.9906715964522
v -1.3658673765951201 -27.203647416413375 99.9906715964522
v -1.3658673765951201 -26.89969604863222 99.9906715964522
v -1.3658673765951201 -26.595744680851066 99.9906715964522
v -1.3658673765951201 -26.29179331306991 99.9906715964522
v -1.3658673765951201 -25.987841945288753 99.9906715964522
v -1.3658673765951201 -25.6838905775076 99.9906715964522
v -1.3658673765951201 -25.379939209726444 99.9906715964522
v -1.3658673765951201 -25.075987841945288 99.9906715964522
v -1.3658673765951201 -24.772036474164135 99.9906715964522
v -1.3658673765951201 -24.46808510638298 99.9906715964522
v -1.3658673765951201 -24.164133738601826 99.9906715964522
v -1.3658673765951201 -23.86018237082067 99.9906715964522
v -1.3658673765951201 -23.556231003039514 99.9906715964522
v -1.3658673765951201 -23.25227963525836 99.9906715964522
v -1.3658673765951201 -22.948328267477205 99.9906715964522
v -1.3658673765951201 -22.64437689969605 99.9906715964522
v -1.3658673765951201 -22.340425531914896 99.9906715964522
v -1.3658673765951201 -22.03647416413374 99.9906715964522
v -1.3658673765951201 -21.732522796352583 99.9906715964522
v -1.3658673765951201 -21.42857142857143 99.9906715964522
v -1.3658673765951201 -21.124620060790274 99.9906715964522
v -1.3658673765951201 -20.820668693009118 99.9906715964522
v -1.3658673765951201 -20.516717325227965 99.9906715964522
v -1.3658673765951201 -20.21276595744681 99.9906715964522
v -1.3658673765951201 -19.908814589665656 99.9906715964522
v -1.3658673765951201 -19.6048632218845 99.9906715964522
v -1.3658673765951201 -19.300911854103344 99.9906715964522
v -1.3658673765951201 -18.99696048632219 99.9906715964522
v -1.3658673765951201 -18.693009118541035 99.9906715964522
v -1.3658673765951201 -18.38905775075988 99.9906715964522
v -1.3658673765951201 -18.085106382978726 99.9906715964522
v -1.3658673765951201 -17.78115501519757 99.9906715964522
v -1.3658673765951201 -17.477203647416417 99.9906715964522
v -1.3658673765951201 -17.173252279635257 99.9906715964522
v -1.3658673765951201 -16.869300911854104 99.9906715964522
v -1.3658673765951201 -16.56534954407295 99.9906715964522
v -1.3658673765951201 -16.26139817629179 99.9906715964522
v -1.3658673765951201 -15.957446808510639 99.9906715964522
v -1.3658673765951201 -15.653495440729486 99.9906715964522
v -1.3658673765951201 -15.349544072948326 99.9906715964522
v -1.3658673765951201 -15.045592705167174 99.9906715964522
v -1.3658673765951201 -14.741641337386021 99.9906715964522
v -1.3658673765951201 -14.437689969604868 99.9906715964522
v -1.3658673765951201 -14.133738601823708 99.9906715964522
v -1.3658673765951201 -13.829787234042556 99.9906715964522
v -1.3658673765951201 -13.525835866261403 99.9906715964522
v -1.3658673765951201 -13.221884498480243 99.9906715964522
v -1.3658673765951201 -12.91793313069909 99.9906715964522
v -1.3658673765951201 -12.613981762917938 99.9906715964522
v -1.3658673765951201 -12.310030395136778 99.9906715964522
v -1.3658673765951201 -12.006079027355625 99.9906715964522
v -1.3658673765951201 -11.702127659574472 99.9906715964522
v -1.3658673765951201 -11.398176291793312 99.9906715964522
v -1.3658673765951201 -11.09422492401216 99.9906715964522
v -1.3658673765951201 -10.790273556231007 99.9906715964522
v -1.3658673765951201 -10.486322188449847 99.9906715964522
v -1.3658673765951201 -10.182370820668694 99.9906715964522
v -1.3658673765951201 -9.878419452887542 99.9906715964522
v -1.3658673765951201 -9.574468085106382 99.9906715964522
v -1.3658673765951201 -9.27051671732523 99.9906715964522
v -1.3658673765951201 -8.966565349544076 99.9906715964522
v -1.3658673765951201 -8.662613981762917 99.9906715964522
v -1.3658673765951201 -8.358662613981764 99.9906715964522
v -1.3658673765951201 -8.054711246200611 99.9906715964522
v -1.3658673765951201 -7.750759878419451 99.9906715964522
v -1.3658673765951201 -7.446808510638299 99.9906715964522
v -1.3658673765951201 -7.142857142857146 99.9906715964522
v -1.3658673765951201 -6.838905775075993 99.9906715964522
v -1.3658673765951201 -6.534954407294833 99.9906715964522
v -1.3658673765951201 -6.231003039513681 99.9906715964522
v -1.3658673765951201 -5.927051671732528 99.9906715964522
v -1.3658673765951201 -5.623100303951368 99.9906715964522
v -1.3658673765951201 -5.319148936170215 99.9906715964522
v -1.3658673765951201 -5.015197568389063 99.9906715964522
v -1.3658673765951201 -4.711246200607903 99.9906715964522
v -1.3658673765951201 -4.40729483282675 99.9906715964522
v -1.3658673765951201 -4.103343465045597 99.9906715964522
v -1.3658673765951201 -3.7993920972644375 99.9906715964522
v -1.3658673765951201 -3.4954407294832848 99.9906715964522
v -1.3658673765951201 -3.191489361702132 99.9906715964522
v -1.3658673765951201 -2.887537993920972 99.9906715964522
v -1.3658673765951201 -2.5835866261398195 99.9906715964522
v -1.3658673765951201 -2.2796352583586668 99.9906715964522
v -1.3658673765951201 -1.975683890577507 99.9906715964522
v -1.3658673765951201 -1.6717325227963542 99.9906715964522
v -1.3658673765951201 -1.3677811550152015 99.9906715964522
v -1.3658673765951201 -1.0638297872340416 99.9906715964522
v -1.3658673765951201 -0.7598784194528889 99.9906715964522
v -1.3658673765951201 -0.4559270516717362 99.9906715964522
v -1.3658673765951201 -0.15197568389057636 99.9906715964522
v -1.3658673765951201 0.15197568389057636 99.9906715964522
v -1.3658673765951201 0.4559270516717291 99.9906715964522
v -1.3658673765951201 0.7598784194528818 99.9906715964522
v -1.3658673765951201 1.0638297872340416 99.9906715964522
v -1.3658673765951201 1.3677811550151944 99.9906715964522
v -1.3658673765951201 1.671732522796347 99.9906715964522
v -1.3658673765951201 1.975683890577507 99.9906715964522
v -1.3658673765951201 2.2796352583586597 99.9906715964522
v -1.3658673765951201 2.5835866261398124 99.9906715964522
v -1.3658673765951201 2.887537993920972 99.9906715964522
v -1.3658673765951201 3.191489361702125 99.9906715964522
v -1.3658673765951201 3.4954407294832777 99.9906715964522
v -1.3658673765951201 3.7993920972644375 99.9906715964522
v -1.3658673765951201 4.10334346504559 99.9906715964522
v -1.3658673765951201 4.407294832826743 99.9906715964522
v -1.3658673765951201 4.711246200607903 99.9906715964522
v -1.3658673765951201 5.0151975683890555 99.9906715964522
v -1.3658673765951201 5.319148936170208 99.9906715964522
v -1.3658673765951201 5.623100303951368 99.9906715964522
v -1.3658673765951201 5.927051671732521 99.9906715964522
v -1.3658673765951201 6.2310030395136735 99.9906715964522
v -1.3658673765951201 6.534954407294833 99.9906715964522
v -1.3658673765951201 6.838905775075986 99.9906715964522
v -1.3658673765951201 7.142857142857139 99.9906715964522
v -1.3658673765951201 7.446808510638299 99.9906715964522
v -1.3658673765951201 7.750759878419451 99.9906715964522
v -1.3658673765951201 8.054711246200604 99.9906715964522
v -1.3658673765951201 8.358662613981764 99.9906715964522
v -1.3658673765951201 8.662613981762917 99.9906715964522
v -1.3658673765951201 8.96656534954407 99.9906715964522
v -1.3658673765951201 9.270516717325222 99.9906715964522
v -1.3658673765951201 9.574468085106382 99.9906715964522
v -1.3658673765951201 9.878419452887535 99.9906715964522
v -1.3658673765951201 10.182370820668687 99.9906715964522
v -1.3658673765951201 10.486322188449847 99.9906715964522
v -1.3658673765951201 10.790273556231 99.9906715964522
v -1.3658673765951201 11.094224924012153 99.9906715964522
v -1.3658673765951201 11.398176291793312 99.9906715964522
v -1.3658673765951201 11.702127659574465 99.9906715964522
v -1.3658673765951201 12.006079027355618 99.9906715964522
v -1.3658673765951201 12.310030395136778 99.9906715964522
v -1.3658673765951201 12.61398176291793 99.9906715964522
v -1.3658673765951201 12.917933130699083 99.9906715964522
v -1.3658673765951201 13.221884498480243 99.9906715964522
v -1.3658673765951201 13.525835866261396 99.9906715964522
v -1.3658673765951201 13.829787234042549 99.9906715964522
v -1.3658673765951201 14.133738601823708 99.9906715964522
v -1.3658673765951201 14.437689969604861 99.9906715964522
v -1.3658673765951201 14.741641337386014 99.9906715964522
v -1.3658673765951201 15.045592705167167 99.9906715964522
v -1.3658673765951201 15.34954407294832 99.9906715964522
v -1.3658673765951201 15.653495440729486 99.9906715964522
v -1.3658673765951201 15.957446808510639 99.9906715964522
v -1.3658673765951201 16.26139817629179 99.9906715964522
v -1.3658673765951201 16.565349544072944 99.9906715964522
v -1.3658673765951201 16.869300911854097 99.9906715964522
v -1.3658673765951201 17.17325227963525 99.9906715964522
v -1.3658673765951201 17.477203647416417 99.9906715964522
v -1.3658673765951201 17.78115501519757 99.9906715964522
v -1.3658673765951201 18.085106382978722 99.9906715964522
v -1.3658673765951201 18.389057750759875 99.9906715964522
v -1.3658673765951201 18.693009118541028 99.9906715964522
v -1.3658673765951201 18.99696048632218 99.9906715964522
v -1.3658673765951201 19.300911854103347 99.9906715964522
v -1.3658673765951201 19.6048632218845 99.9906715964522
v -1.3658673765951201 19.908814589665653 99.9906715964522
v -1.3658673765951201 20.212765957446805 99.9906715964522
v -1.3658673765951201 20.516717325227958 99.9906715964522
v -1.3658673765951201 20.82066869300911 99.9906715964522
v -1.3658673765951201 21.124620060790264 99.9906715964522
v -1.3658673765951201 21.42857142857143 99.9906715964522
v -1.3658673765951201 21.732522796352583 99.9906715964522
v -1.3658673765951201 22.036474164133736 99.9906715964522
v -1.3658673765951201 22.34042553191489 99.9906715964522
v -1.3658673765951201 22.64437689969604 99.9906715964522
v -1.3658673765951201 22.948328267477194 99.9906715964522
v -1.3658673765951201 23.25227963525836 99.9906715964522
v -1.3658673765951201 23.556231003039514 99.9906715964522
v -1.3658673765951201 23.860182370820667 99.9906715964522
v -1.3658673765951201 24.16413373860182 99.9906715964522
v -1.3658673765951201 24.468085106382972 99.9906715964522
v -1.3658673765951201 24.772036474164125 99.9906715964522
v -1.3658673765951201 25.07598784194529 99.9906715964522
v -1.3658673765951201 25.379939209726444 99.9906715964522
v -1.3658673765951201 25.683890577507597 99.9906715964522
v -1.3658673765951201 25.98784194528875 99.9906715964522
v -1.3658673765951201 26.291793313069903 99.9906715964522
v -1.3658673765951201 26.595744680851055 99.9906715964522
v -1.3658673765951201 26.899696048632222 99.9906715964522
v -1.3658673765951201 27.203647416413375 99.9906715964522
v -1.3658673765951201 27.507598784194528 99.9906715964522
v -1.3658673765951201 27.81155015197568 99.9906715964522
v -1.3658673765951201 28.115501519756833 99.9906715964522
v -1.3658673765951201 28.419452887537986 99.9906715964522
v -1.3658673765951201 28.72340425531914 99.9906715964522
v -1.3658673765951201 29.027355623100306 99.9906715964522
v -1.3658673765951201 29.33130699088146 99.9906715964522
v -1.3658673765951201 29.63525835866261 99.9906715964522
v -1.3658673765951201 29.939209726443764 99.9906715964522
v -1.3658673765951201 30.243161094224916 99.9906715964522
v -1.3658673765951201 30.54711246200607 99.9906715964522
v -1.3658673765951201 30.851063829787236 99.9906715964522
v -1.3658673765951201 31.15501519756839 99.9906715964522
v -1.3658673765951201 31.45896656534954 99.9906715964522
v -1.3658673765951201 31.762917933130694 99.9906715964522
v -1.3658673765951201 32.06686930091185 99.9906715964522
v -1.3658673765951201 32.370820668693 99.9906715964522
v -1.3658673765951201 32.67477203647417 99.9906715964522
v -1.3658673765951201 32.97872340425532 99.9906715964522
v -1.3658673765951201 33.28267477203647 99.9906715964522
v -1.3658673765951201 33.586626139817625 99.9906715964522
v -1.3658673765951201 33.89057750759878 99.9906715964522
v -1.3658673765951201 34.19452887537993 99.9906715964522
v -1.3658673765951201 34.4984802431611 99.9906715964522
v -1.3658673765951201 34.80243161094225 99.9906715964522
v -1.3658673765951201 35.1063829787234 99.9906715964522
v -1.3658673765951201 35.410334346504555 99.9906715964522
v -1.3658673765951201 35.71428571428571 99.9906715964522
v -1.3658673765951201 36.01823708206686 99.9906715964522
v -1.3658673765951201 36.322188449848014 99.9906715964522
v -1.3658673765951201 36.62613981762918 99.9906715964522
v -1.3658673765951201 36.93009118541033 99.9906715964522
v -1.3658673765951201 37.234042553191486 99.9906715964522
v -1.3658673765951201 37.53799392097264 99.9906715964522
v -1.3658673765951201 37.84194528875379 99.9906715964522
v -1.3658673765951201 38.145896656534944 99.9906715964522
v -1.3658673765951201 38.44984802431611 99.9906715964522
v -1.3658673765951201 38.753799392097264 99.9906715964522
v -1.3658673765951201 39.05775075987842 99.9906715964522
v -1.3658673765951201 39.36170212765957 99.9906715964522
v -1.3658673765951201 39.66565349544072 99.9906715964522
v -1.3658673765951201 39.969604863221875 99.9906715964522
v -1.3658673765951201 40.27355623100304 99.9906715964522
v -1.3658673765951201 40.577507598784194 99.9906715964522
v -1.3658673765951201 40.88145896656535 99.9906715964522
v -1.3658673765951201 41.1854103343465 99.9906715964522
v -1.3658673765951201 41.48936170212765 99.9906715964522
v -1.3658673765951201 41.793313069908805 99.9906715964522
v -1.3658673765951201 42.09726443768997 99.9906715964522
v -1.3658673765951201 42.401215805471125 99.9906715964522
v -1.3658673765951201 42.70516717325228 99.9906715964522
v -1.3658673765951201 43.00911854103343 99.9906715964522
v -1.3658673765951201 43.31306990881458 99.9906715964522
v -1.3658673765951201 43.617021276595736 99.9906715964522
v -1.3658673765951201 43.92097264437689 99.9906715964522
v -1.3658673765951201 44.224924012158056 99.9906715964522
v -1.3658673765951201 44.52887537993921 99.9906715964522
v -1.3658673765951201 44.83282674772036 99.9906715964522
v -1.3658673765951201 45.136778115501514 99.9906715964522
v -1.3658673765951201 45.44072948328267 99.9906715964522
v -1.3658673765951201 45.74468085106382 99.9906715964522
v -1.3658673765951201 46.048632218844986 99.9906715964522
v -1.3658673765951201 46.35258358662614 99.9906715964522
v -1.3658673765951201 46.65653495440729 99.9906715964522
v -1.3658673765951201 46.960486322188444 99.9906715964522
v -1.3658673765951201 47.2644376899696 99.9906715964522
v -1.3658673765951201 47.56838905775075 99.9906715964522
v -1.3658673765951201 47.87234042553192 99.9906715964522
v -1.3658673765951201 48.17629179331307 99.9906715964522
v -1.3658673765951201 48.48024316109422 99.9906715964522
v -1.3658673765951201 48.784194528875375 99.9906715964522
v -1.3658673765951201 49.08814589665653 99.9906715964522
v -1.3658673765951201 49.39209726443768 99.9906715964522
v -1.3658673765951201 49.69604863221885 99.9906715964522
v -1.3658673765951201 50.0 99.9906715964522
v -1.0623543434582947 -50.0 99.99435685701937
v -1.0623543434582947 -49.69604863221885 99.99435685701937
v -1.0623543434582947 -49.39209726443769 99.99435685701937
v -1.0623543434582947 -49.088145896656535 99.99435685701937
v -1.0623543434582947 -48.78419452887538 99.99435685701937
v -1.0623543434582947 -48.48024316109422 99.99435685701937
v -1.0623543434582947 -48.17629179331307 99.99435685701937
v -1.0623543434582947 -47.87234042553192 99.99435685701937
v -1.0623543434582947 -47.56838905775076 99.99435685701937
v -1.0623543434582947 -47.264437689969604 99.99435685701937
v -1.0623543434582947 -46.96048632218845 99.99435685701937
v -1.0623543434582947 -46.65653495440729 99.99435685701937
v -1.0623543434582947 -46.35258358662614 99.99435685701937
v -1.0623543434582947 -46.048632218844986 99.99435685701937
v -1.0623543434582947 -45.74468085106383 99.99435685701937
v -1.0623543434582947 -45.440729483282674 99.99435685701937
v -1.0623543434582947 -45.13677811550152 99.99435685701937
v -1.0623543434582947 -44.83282674772036 99.99435685701937
v -1.0623543434582947 -44.52887537993921 99.99435685701937
v -1.0623543434582947 -44.224924012158056 99.99435685701937
v -1.0623543434582947 -43.9209726443769 99.99435685701937
v -1.0623543434582947 -43.61702127659574 99.99435685701937
v -1.0623543434582947 -43.31306990881459 99.99435685701937
v -1.0623543434582947 -43.00911854103344 99.99435685701937
v -1.0623543434582947 -42.70516717325228 99.99435685701937
v -1.0623543434582947 -42.401215805471125 99.99435685701937
v -1.0623543434582947 -42.09726443768997 99.99435685701937
v -1.0623543434582947 -41.79331306990881 99.99435685701937
v -1.0623543434582947 -41.48936170212766 99.99435685701937
v -1.0623543434582947 -41.18541033434651 99.99435685701937
v -1.0623543434582947 -40.88145896656535 99.99435685701937
v -1.0623543434582947 -40.577507598784194 99.99435685701937
v -1.0623543434582947 -40.27355623100304 99.99435685701937
v -1.0623543434582947 -39.96960486322189 99.99435685701937
v -1.0623543434582947 -39.66565349544073 99.99435685701937
v -1.0623543434582947 -39.361702127659576 99.99435685701937
v -1.0623543434582947 -39.05775075987842 99.99435685701937
v -1.0623543434582947 -38.753799392097264 99.99435685701937
v -1.0623543434582947 -38.44984802431611 99.99435685701937
v -1.0623543434582947 -38.14589665653496 99.99435685701937
v -1.0623543434582947 -37.8419452887538 99.99435685701937
v -1.0623543434582947 -37.537993920972646 99.99435685701937
v -1.0623543434582947 -37.234042553191486 99.99435685701937
v -1.0623543434582947 -36.93009118541033 99.99435685701937
v -1.0623543434582947 -36.62613981762918 99.99435685701937
v -1.0623543434582947 -36.32218844984803 99.99435685701937
v -1.0623543434582947 -36.01823708206687 99.99435685701937
v -1.0623543434582947 -35.714285714285715 99.99435685701937
v -1.0623543434582947 -35.410334346504555 99.99435685701937
v -1.0623543434582947 -35.1063829787234 99.99435685701937
v -1.0623543434582947 -34.80243161094225 99.99435685701937
v -1.0623543434582947 -34.4984802431611 99.99435685701937
v -1.0623543434582947 -34.19452887537994 99.99435685701937
v -1.0623543434582947 -33.890577507598785 99.99435685701937
v -1.0623543434582947 -33.586626139817625 99.99435685701937
v -1.0623543434582947 -33.28267477203647 99.99435685701937
v -1.0623543434582947 -32.97872340425532 99.99435685701937
v -1.0623543434582947 -32.67477203647417 99.99435685701937
v -1.0623543434582947 -32.370820668693014 99.99435685701937
v -1.0623543434582947 -32.066869300911854 99.99435685701937
v -1.0623543434582947 -31.7629179331307 99.99435685701937
v -1.0623543434582947 -31.458966565349545 99.99435685701937
v -1.0623543434582947 -31.15501519756839 99.99435685701937
v -1.0623543434582947 -30.851063829787236 99.99435685701937
v -1.0623543434582947 -30.54711246200608 99.99435685701937
v -1.0623543434582947 -30.243161094224924 99.99435685701937
v -1.0623543434582947 -29.93920972644377 99.99435685701937
v -1.0623543434582947 -29.635258358662615 99.99435685701937
v -1.0623543434582947 -29.33130699088146 99.99435685701937
v -1.0623543434582947 -29.027355623100306 99.99435685701937
v -1.0623543434582947 -28.72340425531915 99.99435685701937
v -1.0623543434582947 -28.419452887537997 99.99435685701937
v -1.0623543434582947 -28.11550151975684 99.99435685701937
v -1.0623543434582947 -27.811550151975684 99.99435685701937
v -1.0623543434582947 -27.50759878419453 99.99435685701937
v -1.0623543434582947 -27.203647416413375 99.99435685701937
v -1.0623543434582947 -26.89969604863222 99.99435685701937
v -1.0623543434582947 -26.595744680851066 99.99435685701937
v -1.0623543434582947 -26.29179331306991 99.99435685701937
v -1.0623543434582947 -25.987841945288753 99.99435685701937
v -1.0623543434582947 -25.6838905775076 99.99435685701937
v -1.0623543434582947 -25.379939209726444 99.99435685701937
v -1.0623543434582947 -25.075987841945288 99.99435685701937
v -1.0623543434582947 -24.772036474164135 99.99435685701937
v -1.0623543434582947 -24.46808510638298 99.99435685701937
v -1.0623543434582947 -24.164133738601826 99.99435685701937
v -1.0623543434582947 -23.86018237082067 99.99435685701937
v -1.0623543434582947 -23.556231003039514 99.99435685701937
v -1.0623543434582947 -23.25227963525836 99.99435685701937
v -1.0623543434582947 -22.948328267477205 99.99435685701937
v -1.0623543434582947 -22.64437689969605 99.99435685701937
v -1.0623543434582947 -22.340425531914896 99.99435685701937
v -1.0623543434582947 -22.03647416413374 99.99435685701937
v -1.0623543434582947 -21.732522796352583 99.99435685701937
v -1.0623543434582947 -21.42857142857143 99.99435685701937
v -1.0623543434582947 -21.124620060790274 99.99435685701937
v -1.0623543434582947 -20.820668693009118 99.99435685701937
v -1.0623543434582947 -20.516717325227965 99.99435685701937
v -1.0623543434582947 -20.21276595744681 99.99435685701937
v -1.0623543434582947 -19.908814589665656 99.99435685701937
v -1.0623543434582947 -19.6048632218845 99.99435685701937
v -1.0623543434582947 -19.300911854103344 99.99435685701937
v -1.0623543434582947 -18.99696048632219 99.99435685701937
v -1.0623543434582947 -18.693009118541035 99.99435685701937
v -1.0623543434582947 -18.38905775075988 99.99435685701937
v -1.0623543434582947 -18.085106382978726 99.99435685701937
v -1.0623543434582947 -17.78115501519757 99.99435685701937
v -1.0623543434582947 -17.477203647416417 99.99435685701937
v -1.0623543434582947 -17.173252279635257 99.99435685701937
v -1.0623543434582947 -16.869300911854104 99.99435685701937
v -1.0623543434582947 -16.56534954407295 99.99435685701937
v -1.0623543434582947 -16.26139817629179 99.99435685701937
v -1.0623543434582947 -15.957446808510639 99.99435685701937
v -1.0623543434582947 -15.653495440729486 99.99435685701937
v -1.0623543434582947 -15.349544072948326 99.99435685701937
v -1.0623543434582947 -15.045592705167174 99.99435685701937
v -1.0623543434582947 -14.741641337386021 99.99435685701937
v -1.0623543434582947 -14.437689969604868 99.99435685701937
v -1.0623543434582947 -14.133738601823708 99.99435685701937
v -1.0623543434582947 -13.829787234042556 99.99435685701937
v -1.0623543434582947 -13.525835866261403 99.99435685701937
v -1.0623543434582947 -13.221884498480243 99.99435685701937
v -1.0623543434582947 -12.91793313069909 99.99435685701937
v -1.0623543434582947 -12.613981762917938 99.99435685701937
v -1.0623543434582947 -12.310030395136778 99.99435685701937
v -1.0623543434582947 -12.006079027355625 99.99435685701937
v -1.0623543434582947 -11.702127659574472 99.99435685701937
v -1.0623543434582947 -11.398176291793312 99.99435685701937
v -1.0623543434582947 -11.09422492401216 99.99435685701937
v -1.0623543434582947 -10.790273556231007 99.99435685701937
v -1.0623543434582947 -10.486322188449847 99.99435685701937
v -1.0623543434582947 -10.182370820668694 99.99435685701937
v -1.0623543434582947 -9.878419452887542 99.99435685701937
v -1.0623543434582947 -9.574468085106382 99.99435685701937
v -1.0623543434582947 -9.27051671732523 99.99435685701937
v -1.0623543434582947 -8.966565349544076 99.99435685701937
v -1.0623543434582947 -8.662613981762917 99.99435685701937
v -1.0623543434582947 -8.358662613981764 99.99435685701937
v -1.0623543434582947 -8.054711246200611 99.99435685701937
v -1.0623543434582947 -7.750759878419451 99.99435685701937
v -1.0623543434582947 -7.446808510638299 99.99435685701937
v -1.0623543434582947 -7.142857142857146 99.99435685701937
v -1.0623543434582947 -6.838905775075993 99.99435685701937
v -1.0623543434582947 -6.534954407294833 99.99435685701937
v -1.0623543434582947 -6.231003039513681 99.99435685701937
v -1.0623543434582947 -5.927051671732528 99.99435685701937
v -1.0623543434582947 -5.623100303951368 99.99435685701937
v -1.0623543434582947 -5.319148936170215 99.99435685701937
v -1.0623543434582947 -5.015197568389063 99.99435685701937
v -1.0623543434582947 -4.711246200607903 99.99435685701937
v -1.0623543434582947 -4.40729483282675 99.99435685701937
v -1.0623543434582947 -4.103343465045597 99.99435685701937
v -1.0623543434582947 -3.7993920972644375 99.99435685701937
v -1.0623543434582947 -3.4954407294832848 99.99435685701937
v -1.0623543434582947 -3.191489361702132 99.99435685701937
v -1.0623543434582947 -2.887537993920972 99.99435685701937
v -1.0623543434582947 -2.5835866261398195 99.99435685701937
v -1.0623543434582947 -2.2796352583586668 99.99435685701937
v -1.0623543434582947 -1.975683890577507 99.99435685701937
v -1.0623543434582947 -1.6717325227963542 99.99435685701937
v -1.0623543434582947 -1.3677811550152015 99.99435685701937
v -1.0623543434582947 -1.0638297872340416 99.99435685701937
v -1.0623543434582947 -0.7598784194528889 99.99435685701937
v -1.0623543434582947 -0.4559270516717362 99.99435685701937
v -1.0623543434582947 -0.15197568389057636 99.99435685701937
v -1.0623543434582947 0.15197568389057636 99.99435685701937
v -1.0623543434582947 0.4559270516717291 99.99435685701937
v -1.0623543434582947 0.7598784194528818 99.99435685701937
v -1.0623543434582947 1.0638297872340416 99.99435685701937
v -1.0623543434582947 1.3677811550151944 99.99435685701937
v -1.0623543434582947 1.671732522796347 99.99435685701937
v -1.0623543434582947 1.975683890577507 99.99435685701937
v -1.0623543434582947 2.2796352583586597 99.99435685701937
v -1.0623543434582947 2.5835866261398124 99.99435685701937
v -1.0623543434582947 2.887537993920972 99.99435685701937
v -1.0623543434582947 3.191489361702125 99.99435685701937
v -1.0623543434582947 3.4954407294832777 99.99435685701937
v -1.0623543434582947 3.7993920972644375 99.99435685701937
v -1.0623543434582947 4.10334346504559 99.99435685701937
v -1.0623543434582947 4.407294832826743 99.99435685701937
v -1.0623543434582947 4.711246200607903 99.99435685701937
v -1.0623543434582947 5.0151975683890555 99.99435685701937
v -1.0623543434582947 5.319148936170208 99.99435685701937
v -1.0623543434582947 5.623100303951368 99.99435685701937
v -1.0623543434582947 5.927051671732521 99.99435685701937
v -1.0623543434582947 6.2310030395136735 99.99435685701937
v -1.0623543434582947 6.534954407294833 99.99435685701937
v -1.0623543434582947 6.838905775075986 99.99435685701937
v -1.0623543434582947 7.142857142857139 99.99435685701937
v -1.0623543434582947 7.446808510638299 99.99435685701937
v -1.0623543434582947 7.750759878419451 99.99435685701937
v -1.0623543434582947 8.054711246200604 99.99435685701937
v -1.0623543434582947 8.358662613981764 99.99435685701937
v -1.0623543434582947 8.662613981762917 99.99435685701937
v -1.0623543434582947 8.96656534954407 99.99435685701937
v -1.0623543434582947 9.270516717325222 99.99435685701937
v -1.0623543434582947 9.574468085106382 99.99435685701937
v -1.0623543434582947 9.878419452887535 99.99435685701937
v -1.0623543434582947 10.182370820668687 99.99435685701937
v -1.0623543434582947 10.486322188449847 99.99435685701937
v -1.0623543434582947 10.790273556231 99.99435685701937
v -1.0623543434582947 11.094224924012153 99.99435685701937
v -1.0623543434582947 11.398176291793312 99.99435685701937
v -1.0623543434582947 11.702127659574465 99.99435685701937
v -1.0623543434582947 12.006079027355618 99.99435685701937
v -1.0623543434582947 12.310030395136778 99.99435685701937
v -1.0623543434582947 12.61398176291793 99.99435685701937
v -1.0623543434582947 12.917933130699083 99.99435685701937
v -1.0623543434582947 13.221884498480243 99.99435685701937
v -1.0623543434582947 13.525835866261396 99.99435685701937
v -1.0623543434582947 13.829787234042549 99.99435685701937
v -1.0623543434582947 14.133738601823708 99.99435685701937
v -1.0623543434582947 14.437689969604861 99.99435685701937
v -1.0623543434582947 14.741641337386014 99.99435685701937
v -1.0623543434582947 15.045592705167167 99.99435685701937
v -1.0623543434582947 15.34954407294832 99.99435685701937
v -1.0623543434582947 15.653495440729486 99.99435685701937
v -1.0623543434582947 15.957446808510639 99.99435685701937
v -1.0623543434582947 16.26139817629179 99.99435685701937
v -1.0623543434582947 16.565349544072944 99.99435685701937
v -1.0623543434582947 16.869300911854097 99.99435685701937
v -1.0623543434582947 17.17325227963525 99.99435685701937
v -1.0623543434582947 17.477203647416417 99.99435685701937
v -1.0623543434582947 17.78115501519757 99.99435685701937
v -1.0623543434582947 18.085106382978722 99.99435685701937
v -1.0623543434582947 18.389057750759875 99.99435685701937
v -1.0623543434582947 18.693009118541028 99.99435685701937
v -1.0623543434582947 18.99696048632218 99.99435685701937
v -1.0623543434582947 19.300911854103347 99.99435685701937
v -1.0623543434582947 19.6048632218845 99.99435685701937
v -1.0623543434582947 19.908814589665653 99.99435685701937
v -1.0623543434582947 20.212765957446805 99.99435685701937
v -1.0623543434582947 20.516717325227958 99.99435685701937
v -1.0623543434582947 20.82066869300911 99.99435685701937
v -1.0623543434582947 21.124620060790264 99.99435685701937
v -1.0623543434582947 21.42857142857143 99.99435685701937
v -1.0623543434582947 21.732522796352583 99.99435685701937
v -1.0623543434582947 22.036474164133736 99.99435685701937
v -1.0623543434582947 22.34042553191489 99.99435685701937
v -1.0623543434582947 22.64437689969604 99.99435685701937
v -1.0623543434582947 22.948328267477194 99.99435685701937
v -1.0623543434582947 23.25227963525836 99.99435685701937
v -1.0623543434582947 23.556231003039514 99.99435685701937
v -1.0623543434582947 23.860182370820667 99.99435685701937
v -1.0623543434582947 24.16413373860182 99.99435685701937
v -1.0623543434582947 24.468085106382972 99.99435685701937
v -1.0623543434582947 24.772036474164125 99.99435685701937
v -1.0623543434582947 25.07598784194529 99.99435685701937
v -1.0623543434582947 25.379939209726444 99.99435685701937
v -1.0623543434582947 25.683890577507597 99.99435685701937
v -1.0623543434582947 25.98784194528875 99.99435685701937
v -1.0623543434582947 26.291793313069903 99.99435685701937
v -1.0623543434582947 26.595744680851055 99.99435685701937
v -1.0623543434582947 26.899696048632222 99.99435685701937
v -1.0623543434582947 27.203647416413375 99.99435685701937
v -1.0623543434582947 27.507598784194528 99.99435685701937
v -1.0623543434582947 27.81155015197568 99.99435685701937
v -1.0623543434582947 28.115501519756833 99.99435685701937
v -1.0623543434582947 28.419452887537986 99.99435685701937
v -1.0623543434582947 28.72340425531914 99.99435685701937
v -1.0623543434582947 29.027355623100306 99.99435685701937
v -1.0623543434582947 29.33130699088146 99.99435685701937
v -1.0623543434582947 29.63525835866261 99.99435685701937
v -1.0623543434582947 29.939209726443764 99.99435685701937
v -1.0623543434582947 30.243161094224916 99.99435685701937
v -1.0623543434582947 30.54711246200607 99.99435685701937
v -1.0623543434582947 30.851063829787236 99.99435685701937
v -1.0623543434582947 31.15501519756839 99.99435685701937
v -1.0623543434582947 31.45896656534954 99.99435685701937
v -1.0623543434582947 31.762917933130694 99.99435685701937
v -1.0623543434582947 32.06686930091185 99.99435685701937
v -1.0623543434582947 32.370820668693 99.99435685701937
v -1.0623543434582947 32.67477203647417 99.99435685701937
v -1.0623543434582947 32.97872340425532 99.99435685701937
v -1.0623543434582947 33.28267477203647 99.99435685701937
v -1.0623543434582947 33.586626139817625 99.99435685701937
v -1.0623543434582947 33.89057750759878 99.99435685701937
v -1.0623543434582947 34.19452887537993 99.99435685701937
v -1.0623543434582947 34.4984802431611 99.99435685701937
v -1.0623543434582947 34.80243161094225 99.99435685701937
v -1.0623543434582947 35.1063829787234 99.99435685701937
v -1.0623543434582947 35.410334346504555 99.99435685701937
v -1.0623543434582947 35.71428571428571 99.99435685701937
v -1.0623543434582947 36.01823708206686 99.99435685701937
v -1.0623543434582947 36.322188449848014 99.99435685701937
v -1.0623543434582947 36.62613981762918 99.99435685701937
v -1.0623543434582947 36.93009118541033 99.99435685701937
v -1.0623543434582947 37.234042553191486 99.99435685701937
v -1.0623543434582947 37.53799392097264 99.99435685701937
v -1.0623543434582947 37.84194528875379 99.99435685701937
v -1.0623543434582947 38.145896656534944 99.99435685701937
v -1.0623543434582947 38.44984802431611 99.99435685701937
v -1.0623543434582947 38.753799392097264 99.99435685701937
v -1.0623543434582947 39.05775075987842 99.99435685701937
v -1.0623543434582947 39.36170212765957 99.99435685701937
v -1.0623543434582947 39.66565349544072 99.99435685701937
v -1.0623543434582947 39.969604863221875 99.99435685701937
v -1.0623543434582947 40.27355623100304 99.99435685701937
v -1.0623543434582947 40.577507598784194 99.99435685701937
v -1.0623543434582947 40.88145896656535 99.99435685701937
v -1.0623543434582947 41.1854103343465 99.99435685701937
v -1.0623543434582947 41.48936170212765 99.99435685701937
v -1.0623543434582947 41.793313069908805 99.99435685701937
v -1.0623543434582947 42.09726443768997 99.99435685701937
v -1.0623543434582947 42.401215805471125 99.99435685701937
v -1.0623543434582947 42.70516717325228 99.99435685701937
v -1.0623543434582947 43.00911854103343 99.99435685701937
v -1.0623543434582947 43.31306990881458 99.99435685701937
v -1.0623543434582947 43.617021276595736 99.99435685701937
v -1.0623543434582947 43.92097264437689 99.99435685701937
v -1.0623543434582947 44.224924012158056 99.99435685701937
v -1.0623543434582947 44.52887537993921 99.99435685701937
v -1.0623543434582947 44.83282674772036 99.99435685701937
v -1.0623543434582947 45.136778115501514 99.99435685701937
v -1.0623543434582947 45.44072948328267 99.99435685701937
v -1.0623543434582947 45.74468085106382 99.99435685701937
v -1.0623543434582947 46.048632218844986 99.99435685701937
v -1.0623543434582947 46.35258358662614 99.99435685701937
v -1.0623543434582947 46.65653495440729 99.99435685701937
v -1.0623543434582947 46.960486322188444 99.99435685701937
v -1.0623543434582947 47.2644376899696 99.99435685701937
v -1.0623543434582947 47.56838905775075 99.99435685701937
v -1.0623543434582947 47.87234042553192 99.99435685701937
v -1.0623543434582947 48.17629179331307 99.99435685701937
v -1.0623543434582947 48.48024316109422 99.99435685701937
v -1.0623543434582947 48.784194528875375 99.99435685701937
v -1.0623543434582947 49.08814589665653 99.99435685701937
v -1.0623543434582947 49.39209726443768 99.99435685701937
v -1.0623543434582947 49.69604863221885 99.99435685701937
v -1.0623543434582947 50.0 99.99435685701937
v -0.7588315224533243 -50.0 99.99712083215462
v -0.7588315224533243 -49.69604863221885 99.99712083215462
v -0.7588315224533243 -49.39209726443769 99.99712083215462
v -0.7588315224533243 -49.088145896656535 99.99712083215462
v -0.7588315224533243 -48.78419452887538 99.99712083215462
v -0.7588315224533243 -48.48024316109422 99.99712083215462
v -0.7588315224533243 -48.17629179331307 99.99712083215462
v -0.7588315224533243 -47.87234042553192 99.99712083215462
v -0.7588315224533243 -47.56838905775076 99.99712083215462
v -0.7588315224533243 -47.264437689969604 99.99712083215462
v -0.7588315224533243 -46.96048632218845 99.99712083215462
v -0.7588315224533243 -46.65653495440729 99.99712083215462
v -0.7588315224533243 -46.35258358662614 99.99712083215462
v -0.7588315224533243 -46.048632218844986 99.99712083215462
v -0.7588315224533243 -45.74468085106383 99.99712083215462
v -0.7588315224533243 -45.440729483282674 99.99712083215462
v -0.7588315224533243 -45.13677811550152 99.99712083215462
v -0.7588315224533243 -44.83282674772036 99.99712083215462
v -0.7588315224533243 -44.52887537993921 99.99712083215462
v -0.7588315224533243 -44.224924012158056 99.99712083215462
v -0.7588315224533243 -43.9209726443769 99.99712083215462
v -0.7588315224533243 -43.61702127659574 99.99712083215462
v -0.7588315224533243 -43.31306990881459 99.99712083215462
v -0.7588315224533243 -43.00911854103344 99.99712083215462
v -0.7588315224533243 -42.70516717325228 99.99712083215462
v -0.7588315224533243 -42.401215805471125 99.99712083215462
v -0.7588315224533243 -42.09726443768997 99.99712083215462
v -0.7588315224533243 -41.79331306990881 99.99712083215462
v -0.7588315224533243 -41.48936170212766 99.99712083215462
v -0.7588315224533243 -41.18541033434651 99.99712083215462
v -0.7588315224533243 -40.88145896656535 99.99712083215462
v -0.7588315224533243 -40.577507598784194 99.99712083215462
v -0.7588315224533243 -40.27355623100304 99.99712083215462
v -0.7588315224533243 -39.96960486322189 99.99712083215462
v -0.7588315224533243 -39.66565349544073 99.99712083215462
v -0.7588315224533243 -39.361702127659576 99.99712083215462
v -0.7588315224533243 -39.05775075987842 99.99712083215462
v -0.7588315224533243 -38.753799392097264 99.99712083215462
v -0.7588315224533243 -38.44984802431611 99.99712083215462
v -0.7588315224533243 -38.14589665653496 99.99712083215462
v -0.7588315224533243 -37.8419452887538 99.99712083215462
v -0.7588315224533243 -37.537993920972646 99.99712083215462
v -0.7588315224533243 -37.234042553191486 99.99712083215462
v -0.7588315224533243 -36.93009118541033 99.99712083215462
v -0.7588315224533243 -36.62613981762918 99.99712083215462
v -0.7588315224533243 -36.32218844984803 99.99712083215462
v -0.7588315224533243 -36.01823708206687 99.99712083215462
v -0.7588315224533243 -35.714285714285715 99.99712083215462
v -0.7588315224533243 -35.410334346504555 99.99712083215462
v -0.7588315224533243 -35.1063829787234 99.99712083215462
v -0.7588315224533243 -34.80243161094225 99.99712083215462
v -0.7588315224533243 -34.4984802431611 99.99712083215462
v -0.7588315224533243 -34.19452887537994 99.99712083215462
v -0.7588315224533243 -33.890577507598785 99.99712083215462
v -0.7588315224533243 -33.586626139817625 99.99712083215462
v -0.7588315224533243 -33.28267477203647 99.99712083215462
v -0.7588315224533243 -32.97872340425532 99.99712083215462
v -0.7588315224533243 -32.67477203647417 99.99712083215462
v -0.7588315224533243 -32.370820668693014 99.99712083215462
v -0.7588315224533243 -32.066869300911854 99.99712083215462
v -0.7588315224533243 -31.7629179331307 99.99712083215462
v -0.7588315224533243 -31.458966565349545 99.99712083215462
v -0.7588315224533243 -31.15501519756839 99.99712083215462
v -0.7588315224533243 -30.851063829787236 99.99712083215462
v -0.7588315224533243 -30.54711246200608 99.99712083215462
v -0.7588315224533243 -30.243161094224924 99.99712083215462
v -0.7588315224533243 -29.93920972644377 99.99712083215462
v -0.7588315224533243 -29.635258358662615 99.99712083215462
v -0.7588315224533243 -29.33130699088146 99.99712083215462
v -0.7588315224533243 -29.027355623100306 99.99712083215462
v -0.7588315224533243 -28.72340425531915 99.99712083215462
v -0.7588315224533243 -28.419452887537997 99.99712083215462
v -0.7588315224533243 -28.11550151975684 99.99712083215462
v -0.7588315224533243 -27.811550151975684 99.99712083215462
v -0.7588315224533243 -27.50759878419453 99.99712083215462
v -0.7588315224533243 -27.203647416413375 99.99712083215462
v -0.7588315224533243 -26.89969604863222 99.99712083215462
v -0.7588315224533243 -26.595744680851066 99.99712083215462
v -0.7588315224533243 -26.29179331306991 99.99712083215462
v -0.7588315224533243 -25.987841945288753 99.99712083215462
v -0.7588315224533243 -25.6838905775076 99.99712083215462
v -0.7588315224533243 -25.379939209726444 99.99712083215462
v -0.7588315224533243 -25.075987841945288 99.99712083215462
v -0.7588315224533243 -24.772036474164135 99.99712083215462
v -0.7588315224533243 -24.46808510638298 99.99712083215462
v -0.7588315224533243 -24.164133738601826 99.99712083215462
v -0.7588315224533243 -23.86018237082067 99.99712083215462
v -0.7588315224533243 -23.556231003039514 99.99712083215462
v -0.7588315224533243 -23.25227963525836 99.99712083215462
v -0.7588315224533243 -22.948328267477205 99.99712083215462
v -0.7588315224533243 -22.64437689969605 99.99712083215462
v -0.7588315224533243 -22.340425531914896 99.99712083215462
v -0.7588315224533243 -22.03647416413374 99.99712083215462
v -0.7588315224533243 -21.732522796352583 99.99712083215462
v -0.7588315224533243 -21.42857142857143 99.99712083215462
v -0.7588315224533243 -21.124620060790274 99.99712083215462
v -0.7588315224533243 -20.820668693009118 99.99712083215462
v -0.7588315224533243 -20.516717325227965 99.99712083215462
v -0.7588315224533243 -20.21276595744681 99.99712083215462
v -0.7588315224533243 -19.908814589665656 99.99712083215462
v -0.7588315224533243 -19.6048632218845 99.99712083215462
v -0.7588315224533243 -19.300911854103344 99.99712083215462
v -0.7588315224533243 -18.99696048632219 99.99712083215462
v -0.7588315224533243 -18.693009118541035 99.99712083215462
v -0.7588315224533243 -18.38905775075988 99.99712083215462
v -0.7588315224533243 -18.085106382978726 99.99712083215462
v -0.7588315224533243 -17.78115501519757 99.99712083215462
v -0.7588315224533243 -17.477203647416417 99.99712083215462
v -0.7588315224533243 -17.173252279635257 99.99712083215462
v -0.7588315224533243 -16.869300911854104 99.99712083215462
v -0.7588315224533243 -16.56534954407295 99.99712083215462
v -0.7588315224533243 -16.26139817629179 99.99712083215462
v -0.7588315224533243 -15.957446808510639 99.99712083215462
v -0.7588315224533243 -15.653495440729486 99.99712083215462
v -0.7588315224533243 -15.349544072948326 99.99712083215462
v -0.7588315224533243 -15.045592705167174 99.99712083215462
v -0.7588315224533243 -14.741641337386021 99.99712083215462
v -0.7588315224533243 -14.437689969604868 99.99712083215462
v -0.7588315224533243 -14.133738601823708 99.99712083215462
v -0.7588315224533243 -13.829787234042556 99.99712083215462
v -0.7588315224533243 -13.525835866261403 99.99712083215462
v -0.7588315224533243 -13.221884498480243 99.99712083215462
v -0.7588315224533243 -12.91793313069909 99.99712083215462
v -0.7588315224533243 -12.613981762917938 99.99712083215462
v -0.7588315224533243 -12.310030395136778 99.99712083215462
v -0.7588315224533243 -12.006079027355625 99.99712083215462
v -0.7588315224533243 -11.702127659574472 99.99712083215462
v -0.7588315224533243 -11.398176291793312 99.99712083215462
v -0.7588315224533243 -11.09422492401216 99.99712083215462
v -0.7588315224533243 -10.790273556231007 99.99712083215462
v -0.7588315224533243 -10.486322188449847 99.99712083215462
v -0.7588315224533243 -10.182370820668694 99.99712083215462
v -0.7588315224533243 -9.878419452887542 99.99712083215462
v -0.7588315224533243 -9.574468085106382 99.99712083215462
v -0.7588315224533243 -9.27051671732523 99.99712083215462
v -0.7588315224533243 -8.966565349544076 99.99712083215462
v -0.7588315224533243 -8.662613981762917 99.99712083215462
v -0.7588315224533243 -8.358662613981764 99.99712083215462
v -0.7588315224533243 -8.054711246200611 99.99712083215462
v -0.7588315224533243 -7.750759878419451 99.99712083215462
v -0.7588315224533243 -7.446808510638299 99.99712083215462
v -0.7588315224533243 -7.142857142857146 99.99712083215462
v -0.7588315224533243 -6.838905775075993 99.99712083215462
v -0.7588315224533243 -6.534954407294833 99.99712083215462
v -0.7588315224533243 -6.231003039513681 99.99712083215462
v -0.7588315224533243 -5.927051671732528 99.99712083215462
v -0.7588315224533243 -5.623100303951368 99.99712083215462
v -0.7588315224533243 -5.319148936170215 99.99712083215462
v -0.7588315224533243 -5.015197568389063 99.99712083215462
v -0.7588315224533243 -4.711246200607903 99.99712083215462
v -0.7588315224533243 -4.40729483282675 99.99712083215462
v -0.7588315224533243 -4.103343465045597 99.99712083215462
v -0.7588315224533243 -3.7993920972644375 99.99712083215462
v -0.7588315224533243 -3.4954407294832848 99.99712083215462
v -0.7588315224533243 -3.191489361702132 99.99712083215462
v -0.7588315224533243 -2.887537993920972 99.99712083215462
v -0.7588315224533243 -2.5835866261398195 99.99712083215462
v -0.7588315224533243 -2.2796352583586668 99.99712083215462
v -0.7588315224533243 -1.975683890577507 99.99712083215462
v -0.7588315224533243 -1.6717325227963542 99.99712083215462
v -0.7588315224533243 -1.3677811550152015 99.99712083215462
v -0.7588315224533243 -1.0638297872340416 99.99712083215462
v -0.7588315224533243 -0.7598784194528889 99.99712083215462
v -0.7588315224533243 -0.4559270516717362 99.99712083215462
v -0.7588315224533243 -0.15197568389057636 99.99712083215462
v -0.7588315224533243 0.15197568389057636 99.99712083215462
v -0.7588315224533243 0.4559270516717291 99.99712083215462
v -0.7588315224533243 0.7598784194528818 99.99712083215462
v -0.7588315224533243 1.0638297872340416 99.99712083215462
v -0.7588315224533243 1.3677811550151944 99.99712083215462
v -0.7588315224533243 1.671732522796347 99.99712083215462
v -0.7588315224533243 1.975683890577507 99.99712083215462
v -0.7588315224533243 2.2796352583586597 99.99712083215462
v -0.7588315224533243 2.5835866261398124 99.99712083215462
v -0.7588315224533243 2.887537993920972 99.99712083215462
v -0.7588315224533243 3.191489361702125 99.99712083215462
v -0.7588315224533243 3.4954407294832777 99.99712083215462
v -0.7588315224533243 3.7993920972644375 99.99712083215462
v -0.7588315224533243 4.10334346504559 99.99712083215462
v -0.7588315224533243 4.407294832826743 99.99712083215462
v -0.7588315224533243 4.711246200607903 99.99712083215462
v -0.7588315224533243 5.0151975683890555 99.99712083215462
v -0.7588315224533243 5.319148936170208 99.99712083215462
v -0.7588315224533243 5.623100303951368 99.99712083215462
v -0.7588315224533243 5.927051671732521 99.99712083215462
v -0.7588315224533243 6.2310030395136735 99.99712083215462
v -0.7588315224533243 6.534954407294833 99.99712083215462
v -0.7588315224533243 6.838905775075986 99.99712083215462
v -0.7588315224533243 7.142857142857139 99.99712083215462
v -0.7588315224533243 7.446808510638299 99.99712083215462
v -0.7588315224533243 7.750759878419451 99.99712083215462
v -0.7588315224533243 8.054711246200604 99.99712083215462
v -0.7588315224533243 8.358662613981764 99.99712083215462
v -0.7588315224533243 8.662613981762917 99.99712083215462
v -0.7588315224533243 8.96656534954407 99.99712083215462
v -0.7588315224533243 9.270516717325222 99.99712083215462
v -0.7588315224533243 9.574468085106382 99.99712083215462
v -0.7588315224533243 9.878419452887535 99.99712083215462
v -0.7588315224533243 10.182370820668687 99.99712083215462
v -0.7588315224533243 10.486322188449847 99.99712083215462
v -0.7588315224533243 10.790273556231 99.99712083215462
v -0.7588315224533243 11.094224924012153 99.99712083215462
v -0.7588315224533243 11.398176291793312 99.99712083215462
v -0.7588315224533243 11.702127659574465 99.99712083215462
v -0.7588315224533243 12.006079027355618 99.99712083215462
v -0.7588315224533243 12.310030395136778 99.99712083215462
v -0.7588315224533243 12.61398176291793 99.99712083215462
v -0.7588315224533243 12.917933130699083 99.99712083215462
v -0.7588315224533243 13.221884498480243 99.99712083215462
v -0.7588315224533243 13.525835866261396 99.99712083215462
v -0.7588315224533243 13.829787234042549 99.99712083215462
v -0.7588315224533243 14.133738601823708 99.99712083215462
v -0.7588315224533243 14.437689969604861 99.99712083215462
v -0.7588315224533243 14.741641337386014 99.99712083215462
v -0.7588315224533243 15.045592705167167 99.99712083215462
v -0.7588315224533243 15.34954407294832 99.99712083215462
v -0.7588315224533243 15.653495440729486 99.99712083215462
v -0.7588315224533243 15.957446808510639 99.99712083215462
v -0.7588315224533243 16.26139817629179 99.99712083215462
v -0.7588315224533243 16.565349544072944 99.99712083215462
v -0.7588315224533243 16.869300911854097 99.99712083215462
v -0.7588315224533243 17.17325227963525 99.99712083215462
v -0.7588315224533243 17.477203647416417 99.99712083215462
v -0.7588315224533243 17.78115501519757 99.99712083215462
v -0.7588315224533243 18.085106382978722 99.99712083215462
v -0.7588315224533243 18.389057750759875 99.99712083215462
v -0.7588315224533243 18.693009118541028 99.99712083215462
v -0.7588315224533243 18.99696048632218 99.99712083215462
v -0.7588315224533243 19.300911854103347 99.99712083215462
v -0.7588315224533243 19.6048632218845 99.99712083215462
v -0.7588315224533243 19.908814589665653 99.99712083215462
v -0.7588315224533243 20.212765957446805 99.99712083215462
v -0.7588315224533243 20.516717325227958 99.99712083215462
v -0.7588315224533243 20.82066869300911 99.99712083215462
v -0.7588315224533243 21.124620060790264 99.99712083215462
v -0.7588315224533243 21.42857142857143 99.99712083215462
v -0.7588315224533243 21.732522796352583 99.99712083215462
v -0.7588315224533243 22.036474164133736 99.99712083215462
v -0.7588315224533243 22.34042553191489 99.99712083215462
v -0.7588315224533243 22.64437689969604 99.99712083215462
v -0.7588315224533243 22.948328267477194 99.99712083215462
v -0.7588315224533243 23.25227963525836 99.99712083215462
v -0.7588315224533243 23.556231003039514 99.99712083215462
v -0.7588315224533243 23.860182370820667 99.99712083215462
v -0.7588315224533243 24.16413373860182 99.99712083215462
v -0.7588315224533243 24.468085106382972 99.99712083215462
v -0.7588315224533243 24.772036474164125 99.99712083215462
v -0.7588315224533243 25.07598784194529 99.99712083215462
v -0.7588315224533243 25.379939209726444 99.99712083215462
v -0.7588315224533243 25.683890577507597 99.99712083215462
v -0.7588315224533243 25.98784194528875 99.99712083215462
v -0.7588315224533243 26.291793313069903 99.99712083215462
v -0.7588315224533243 26.595744680851055 99.99712083215462
v -0.7588315224533243 26.899696048632222 99.99712083215462
v -0.7588315224533243 27.203647416413375 99.99712083215462
v -0.7588315224533243 27.507598784194528 99.99712083215462
v -0.7588315224533243 27.81155015197568 99.99712083215462
v -0.7588315224533243 28.115501519756833 99.99712083215462
v -0.7588315224533243 28.419452887537986 99.99712083215462
v -0.7588315224533243 28.72340425531914 99.99712083215462
v -0.7588315224533243 29.027355623100306 99.99712083215462
v -0.7588315224533243 29.33130699088146 99.99712083215462
v -0.7588315224533243 29.63525835866261 99.99712083215462
v -0.7588315224533243 29.939209726443764 99.99712083215462
v -0.7588315224533243 30.243161094224916 99.99712083215462
v -0.7588315224533243 30.54711246200607 99.99712083215462
v -0.7588315224533243 30.851063829787236 99.99712083215462
v -0.7588315224533243 31.15501519756839 99.99712083215462
v -0.7588315224533243 31.45896656534954 99.99712083215462
v -0.7588315224533243 31.762917933130694 99.99712083215462
v -0.7588315224533243 32.06686930091185 99.99712083215462
v -0.7588315224533243 32.370820668693 99.99712083215462
v -0.7588315224533243 32.67477203647417 99.99712083215462
v -0.7588315224533243 32.97872340425532 99.99712083215462
v -0.7588315224533243 33.28267477203647 99.99712083215462
v -0.7588315224533243 33.586626139817625 99.99712083215462
v -0.7588315224533243 33.89057750759878 99.99712083215462
v -0.7588315224533243 34.19452887537993 99.99712083215462
v -0.7588315224533243 34.4984802431611 99.99712083215462
v -0.7588315224533243 34.80243161094225 99.99712083215462
v -0.7588315224533243 35.1063829787234 99.99712083215462
v -0.7588315224533243 35.410334346504555 99.99712083215462
v -0.7588315224533243 35.71428571428571 99.99712083215462
v -0.7588315224533243 36.01823708206686 99.99712083215462
v -0.7588315224533243 36.322188449848014 99.99712083215462
v -0.7588315224533243 36.62613981762918 99.99712083215462
v -0.7588315224533243 36.93009118541033 99.99712083215462
v -0.7588315224533243 37.234042553191486 99.99712083215462
v -0.7588315224533243 37.53799392097264 99.99712083215462
v -0.7588315224533243 37.84194528875379 99.99712083215462
v -0.7588315224533243 38.145896656534944 99.99712083215462
v -0.7588315224533243 38.44984802431611 99.99712083215462
v -0.7588315224533243 38.753799392097264 99.99712083215462
v -0.7588315224533243 39.05775075987842 99.99712083215462
v -0.7588315224533243 39.36170212765957 99.99712083215462
v -0.7588315224533243 39.66565349544072 99.99712083215462
v -0.7588315224533243 39.969604863221875 99.99712083215462
v -0.7588315224533243 40.27355623100304 99.99712083215462
v -0.7588315224533243 40.577507598784194 99.99712083215462
v -0.7588315224533243 40.88145896656535 99.99712083215462
v -0.7588315224533243 41.1854103343465 99.99712083215462
v -0.7588315224533243 41.48936170212765 99.99712083215462
v -0.7588315224533243 41.793313069908805 99.99712083215462
v -0.7588315224533243 42.09726443768997 99.99712083215462
v -0.7588315224533243 42.401215805471125 99.99712083215462
v -0.7588315224533243 42.70516717325228 99.99712083215462
v -0.7588315224533243 43.00911854103343 99.99712083215462
v -0.7588315224533243 43.31306990881458 99.99712083215462
v -0.7588315224533243 43.617021276595736 99.99712083215462
v -0.7588315224533243 43.92097264437689 99.99712083215462
v -0.7588315224533243 44.224924012158056 99.99712083215462
v -0.7588315224533243 44.52887537993921 99.99712083215462
v -0.7588315224533243 44.83282674772036 99.99712083215462
v -0.7588315224533243 45.136778115501514 99.99712083215462
v -0.7588315224533243 45.44072948328267 99.99712083215462
v -0.7588315224533243 45.74468085106382 99.99712083215462
v -0.7588315224533243 46.048632218844986 99.99712083215462
v -0.7588315224533243 46.35258358662614 99.99712083215462
v -0.7588315224533243 46.65653495440729 99.99712083215462
v -0.7588315224533243 46.960486322188444 99.99712083215462
v -0.7588315224533243 47.2644376899696 99.99712083215462
v -0.7588315224533243 47.56838905775075 99.99712083215462
v -0.7588315224533243 47.87234042553192 99.99712083215462
v -0.7588315224533243 48.17629179331307 99.99712083215462
v -0.7588315224533243 48.48024316109422 99.99712083215462
v -0.7588315224533243 48.784194528875375 99.99712083215462
v -0.7588315224533243 49.08814589665653 99.99712083215462
v -0.7588315224533243 49.39209726443768 99.99712083215462
v -0.7588315224533243 49.69604863221885 99.99712083215462
v -0.7588315224533243 50.0 99.99712083215462
v -0.4553017100495502 -50.0 99.99896349639243
v -0.4553017100495502 -49.69604863221885 99.99896349639243
v -0.4553017100495502 -49.39209726443769 99.99896349639243
v -0.4553017100495502 -49.088145896656535 99.99896349639243
v -0.4553017100495502 -48.78419452887538 99.99896349639243
v -0.4553017100495502 -48.48024316109422 99.99896349639243
v -0.4553017100495502 -48.17629179331307 99.99896349639243
v -0.4553017100495502 -47.87234042553192 99.99896349639243
v -0.4553017100495502 -47.56838905775076 99.99896349639243
v -0.4553017100495502 -47.264437689969604 99.99896349639243
v -0.4553017100495502 -46.96048632218845 99.99896349639243
v -0.4553017100495502 -46.65653495440729 99.99896349639243
v -0.4553017100495502 -46.35258358662614 99.99896349639243
v -0.4553017100495502 -46.048632218844986 99.99896349639243
v -0.4553017100495502 -45.74468085106383 99.99896349639243
v -0.4553017100495502 -45.440729483282674 99.99896349639243
v -0.4553017100495502 -45.13677811550152 99.99896349639243
v -0.4553017100495502 -44.83282674772036 99.99896349639243
v -0.4553017100495502 -44.52887537993921 99.99896349639243
v -0.4553017100495502 -44.224924012158056 99.99896349639243
v -0.4553017100495502 -43.9209726443769 99.99896349639243
v -0.4553017100495502 -43.61702127659574 99.99896349639243
v -0.4553017100495502 -43.31306990881459 99.99896349639243
v -0.4553017100495502 -43.00911854103344 99.99896349639243
v -0.4553017100495502 -42.70516717325228 99.99896349639243
v -0.4553017100495502 -42.401215805471125 99.99896349639243
v -0.4553017100495502 -42.09726443768997 99.99896349639243
v -0.4553017100495502 -41.79331306990881 99.99896349639243
v -0.4553017100495502 -41.48936170212766 99.99896349639243
v -0.4553017100495502 -41.18541033434651 99.99896349639243
v -0.4553017100495502 -40.88145896656535 99.99896349639243
v -0.4553017100495502 -40.577507598784194 99.99896349639243
v -0.4553017100495502 -40.27355623100304 99.99896349639243
v -0.4553017100495502 -39.96960486322189 99.99896349639243
v -0.4553017100495502 -39.66565349544073 99.99896349639243
v -0.4553017100495502 -39.361702127659576 99.99896349639243
v -0.4553017100495502 -39.05775075987842 99.99896349639243
v -0.4553017100495502 -38.753799392097264 99.99896349639243
v -0.4553017100495502 -38.44984802431611 99.99896349639243
v -0.4553017100495502 -38.14589665653496 99.99896349639243
v -0.4553017100495502 -37.8419452887538 99.99896349639243
v -0.4553017100495502 -37.537993920972646 99.99896349639243
v -0.4553017100495502 -37.234042553191486 99.99896349639243
v -0.4553017100495502 -36.93009118541033 99.99896349639243
v -0.4553017100495502 -36.62613981762918 99.99896349639243
v -0.4553017100495502 -36.32218844984803 99.99896349639243
v -0.4553017100495502 -36.01823708206687 99.99896349639243
v -0.4553017100495502 -35.714285714285715 99.99896349639243
v -0.4553017100495502 -35.410334346504555 99.99896349639243
v -0.4553017100495502 -35.1063829787234 99.99896349639243
v -0.4553017100495502 -34.80243161094225 99.99896349639243
v -0.4553017100495502 -34.4984802431611 99.99896349639243
v -0.4553017100495502 -34.19452887537994 99.99896349639243
v -0.4553017100495502 -33.890577507598785 99.99896349639243
v -0.4553017100495502 -33.586626139817625 99.99896349639243
v -0.4553017100495502 -33.28267477203647 99.99896349639243
v -0.4553017100495502 -32.97872340425532 99.99896349639243
v -0.4553017100495502 -32.67477203647417 99.99896349639243
v -0.4553017100495502 -32.370820668693014 99.99896349639243
v -0.4553017100495502 -32.066869300911854 99.99896349639243
v -0.4553017100495502 -31.7629179331307 99.99896349639243
v -0.4553017100495502 -31.458966565349545 99.99896349639243
v -0.4553017100495502 -31.15501519756839 99.99896349639243
v -0.4553017100495502 -30.851063829787236 99.99896349639243
v -0.4553017100495502 -30.54711246200608 99.99896349639243
v -0.4553017100495502 -30.243161094224924 99.99896349639243
v -0.4553017100495502 -29.93920972644377 99.99896349639243
v -0.4553017100495502 -29.635258358662615 99.99896349639243
v -0.4553017100495502 -29.33130699088146 99.99896349639243
v -0.4553017100495502 -29.027355623100306 99.99896349639243
v -0.4553017100495502 -28.72340425531915 99.99896349639243
v -0.4553017100495502 -28.419452887537997 99.99896349639243
v -0.4553017100495502 -28.11550151975684 99.99896349639243
v -0.4553017100495502 -27.811550151975684 99.99896349639243
v -0.4553017100495502 -27.50759878419453 99.99896349639243
v -0.4553017100495502 -27.203647416413375 99.99896349639243
v -0.4553017100495502 -26.89969604863222 99.99896349639243
v -0.4553017100495502 -26.595744680851066 99.99896349639243
v -0.4553017100495502 -26.29179331306991 99.99896349639243
v -0.4553017100495502 -25.987841945288753 99.99896349639243
v -0.4553017100495502 -25.6838905775076 99.99896349639243
v -0.4553017100495502 -25.379939209726444 99.99896349639243
v -0.4553017100495502 -25.075987841945288 99.99896349639243
v -0.4553017100495502 -24.772036474164135 99.99896349639243
v -0.4553017100495502 -24.46808510638298 99.99896349639243
v -0.4553017100495502 -24.164133738601826 99.99896349639243
v -0.4553017100495502 -23.86018237082067 99.99896349639243
v -0.4553017100495502 -23.556231003039514 99.99896349639243
v -0.4553017100495502 -23.25227963525836 99.99896349639243
v -0.4553017100495502 -22.948328267477205 99.99896349639243
v -0.4553017100495502 -22.64437689969605 99.99896349639243
v -0.4553017100495502 -22.340425531914896 99.99896349639243
v -0.4553017100495502 -22.03647416413374 99.99896349639243
v -0.4553017100495502 -21.732522796352583 99.99896349639243
v -0.4553017100495502 -21.42857142857143 99.99896349639243
v -0.4553017100495502 -21.124620060790274 99.99896349639243
v -0.4553017100495502 -20.820668693009118 99.99896349639243
v -0.4553017100495502 -20.516717325227965 99.99896349639243
v -0.4553017100495502 -20.21276595744681 99.99896349639243
v -0.4553017100495502 -19.908814589665656 99.99896349639243
v -0.4553017100495502 -19.6048632218845 99.99896349639243
v -0.4553017100495502 -19.300911854103344 99.99896349639243
v -0.4553017100495502 -18.99696048632219 99.99896349639243
v -0.4553017100495502 -18.693009118541035 99.99896349639243
v -0.4553017100495502 -18.38905775075988 99.99896349639243
v -0.4553017100495502 -18.085106382978726 99.99896349639243
v -0.4553017100495502 -17.78115501519757 99.99896349639243
v -0.4553017100495502 -17.477203647416417 99.99896349639243
v -0.4553017100495502 -17.173252279635257 99.99896349639243
v -0.4553017100495502 -16.869300911854104 99.99896349639243
v -0.4553017100495502 -16.56534954407295 99.99896349639243
v -0.4553017100495502 -16.26139817629179 99.99896349639243
v -0.4553017100495502 -15.957446808510639 99.99896349639243
v -0.4553017100495502 -15.653495440729486 99.99896349639243
v -0.4553017100495502 -15.349544072948326 99.99896349639243
v -0.4553017100495502 -15.045592705167174 99.99896349639243
v -0.4553017100495502 -14.741641337386021 99.99896349639243
v -0.4553017100495502 -14.437689969604868 99.99896349639243
v -0.4553017100495502 -14.133738601823708 99.99896349639243
v -0.4553017100495502 -13.829787234042556 99.99896349639243
v -0.4553017100495502 -13.525835866261403 99.99896349639243
v -0.4553017100495502 -13.221884498480243 99.99896349639243
v -0.4553017100495502 -12.91793313069909 99.99896349639243
v -0.4553017100495502 -12.613981762917938 99.99896349639243
v -0.4553017100495502 -12.310030395136778 99.99896349639243
v -0.4553017100495502 -12.006079027355625 99.99896349639243
v -0.4553017100495502 -11.702127659574472 99.99896349639243
v -0.4553017100495502 -11.398176291793312 99.99896349639243
v -0.4553017100495502 -11.09422492401216 99.99896349639243
v -0.4553017100495502 -10.790273556231007 99.99896349639243
v -0.4553017100495502 -10.486322188449847 99.99896349639243
v -0.4553017100495502 -10.182370820668694 99.99896349639243
v -0.4553017100495502 -9.878419452887542 99.99896349639243
v -0.4553017100495502 -9.574468085106382 99.99896349639243
v -0.4553017100495502 -9.27051671732523 99.99896349639243
v -0.4553017100495502 -8.966565349544076 99.99896349639243
v -0.4553017100495502 -8.662613981762917 99.99896349639243
v -0.4553017100495502 -8.358662613981764 99.99896349639243
v -0.4553017100495502 -8.054711246200611 99.99896349639243
v -0.4553017100495502 -7.750759878419451 99.99896349639243
v -0.4553017100495502 -7.446808510638299 99.99896349639243
v -0.4553017100495502 -7.142857142857146 99.99896349639243
v -0.4553017100495502 -6.838905775075993 99.99896349639243
v -0.4553017100495502 -6.534954407294833 99.99896349639243
v -0.4553017100495502 -6.231003039513681 99.99896349639243
v -0.4553017100495502 -5.927051671732528 99.99896349639243
v -0.4553017100495502 -5.623100303951368 99.99896349639243
v -0.4553017100495502 -5.319148936170215 99.99896349639243
v -0.4553017100495502 -5.015197568389063 99.99896349639243
v -0.4553017100495502 -4.711246200607903 99.99896349639243
v -0.4553017100495502 -4.40729483282675 99.99896349639243
v -0.4553017100495502 -4.103343465045597 99.99896349639243
v -0.4553017100495502 -3.7993920972644375 99.99896349639243
v -0.4553017100495502 -3.4954407294832848 99.99896349639243
v -0.4553017100495502 -3.191489361702132 99.99896349639243
v -0.4553017100495502 -2.887537993920972 99.99896349639243
v -0.4553017100495502 -2.5835866261398195 99.99896349639243
v -0.4553017100495502 -2.2796352583586668 99.99896349639243
v -0.4553017100495502 -1.975683890577507 99.99896349639243
v -0.4553017100495502 -1.6717325227963542 99.99896349639243
v -0.4553017100495502 -1.3677811550152015 99.99896349639243
v -0.4553017100495502 -1.0638297872340416 99.99896349639243
v -0.4553017100495502 -0.7598784194528889 99.99896349639243
v -0.4553017100495502 -0.4559270516717362 99.99896349639243
v -0.4553017100495502 -0.15197568389057636 99.99896349639243
v -0.4553017100495502 0.15197568389057636 99.99896349639243
v -0.4553017100495502 0.4559270516717291 99.99896349639243
v -0.4553017100495502 0.7598784194528818 99.99896349639243
v -0.4553017100495502 1.0638297872340416 99.99896349639243
v -0.4553017100495502 1.3677811550151944 99.99896349639243
v -0.4553017100495502 1.671732522796347 99.99896349639243
v -0.4553017100495502 1.975683890577507 99.99896349639243
v -0.4553017100495502 2.2796352583586597 99.99896349639243
v -0.4553017100495502 2.5835866261398124 99.99896349639243
v -0.4553017100495502 2.887537993920972 99.99896349639243
v -0.4553017100495502 3.191489361702125 99.99896349639243
v -0.4553017100495502 3.4954407294832777 99.99896349639243
v -0.4553017100495502 3.7993920972644375 99.99896349639243
v -0.4553017100495502 4.10334346504559 99.99896349639243
v -0.4553017100495502 4.407294832826743 99.99896349639243
v -0.4553017100495502 4.711246200607903 99.99896349639243
v -0.4553017100495502 5.0151975683890555 99.99896349639243
v -0.4553017100495502 5.319148936170208 99.99896349639243
v -0.4553017100495502 5.623100303951368 99.99896349639243
v -0.4553017100495502 5.927051671732521 99.99896349639243
v -0.4553017100495502 6.2310030395136735 99.99896349639243
v -0.4553017100495502 6.534954407294833 99.99896349639243
v -0.4553017100495502 6.838905775075986 99.99896349639243
v -0.4553017100495502 7.142857142857139 99.99896349639243
v -0.4553017100495502 7.446808510638299 99.99896349639243
v -0.4553017100495502 7.750759878419451 99.99896349639243
v -0.4553017100495502 8.054711246200604 99.99896349639243
v -0.4553017100495502 8.358662613981764 99.99896349639243
v -0.4553017100495502 8.662613981762917 99.99896349639243
v -0.4553017100495502 8.96656534954407 99.99896349639243
v -0.4553017100495502 9.270516717325222 99.99896349639243
v -0.4553017100495502 9.574468085106382 99.99896349639243
v -0.4553017100495502 9.878419452887535 99.99896349639243
v -0.4553017100495502 10.182370820668687 99.99896349639243
v -0.4553017100495502 10.486322188449847 99.99896349639243
v -0.4553017100495502 10.790273556231 99.99896349639243
v -0.4553017100495502 11.094224924012153 99.99896349639243
v -0.4553017100495502 11.398176291793312 99.99896349639243
v -0.4553017100495502 11.702127659574465 99.99896349639243
v -0.4553017100495502 12.006079027355618 99.99896349639243
v -0.4553017100495502 12.310030395136778 99.99896349639243
v -0.4553017100495502 12.61398176291793 99.99896349639243
v -0.4553017100495502 12.917933130699083 99.99896349639243
v -0.4553017100495502 13.221884498480243 99.99896349639243
v -0.4553017100495502 13.525835866261396 99.99896349639243
v -0.4553017100495502 13.829787234042549 99.99896349639243
v -0.4553017100495502 14.133738601823708 99.99896349639243
v -0.4553017100495502 14.437689969604861 99.99896349639243
v -0.4553017100495502 14.741641337386014 99.99896349639243
v -0.4553017100495502 15.045592705167167 99.99896349639243
v -0.4553017100495502 15.34954407294832 99.99896349639243
v -0.4553017100495502 15.653495440729486 99.99896349639243
v -0.4553017100495502 15.957446808510639 99.99896349639243
v -0.4553017100495502 16.26139817629179 99.99896349639243
v -0.4553017100495502 16.565349544072944 99.99896349639243
v -0.4553017100495502 16.869300911854097 99.99896349639243
v -0.4553017100495502 17.17325227963525 99.99896349639243
v -0.4553017100495502 17.477203647416417 99.99896349639243
v -0.4553017100495502 17.78115501519757 99.99896349639243
v -0.4553017100495502 18.085106382978722 99.99896349639243
v -0.4553017100495502 18.389057750759875 99.99896349639243
v -0.4553017100495502 18.693009118541028 99.99896349639243
v -0.4553017100495502 18.99696048632218 99.99896349639243
v -0.4553017100495502 19.300911854103347 99.99896349639243
v -0.4553017100495502 19.6048632218845 99.99896349639243
v -0.4553017100495502 19.908814589665653 99.99896349639243
v -0.4553017100495502 20.212765957446805 99.99896349639243
v -0.4553017100495502 20.516717325227958 99.99896349639243
v -0.4553017100495502 20.82066869300911 99.99896349639243
v -0.4553017100495502 21.124620060790264 99.99896349639243
v -0.4553017100495502 21.42857142857143 99.99896349639243
v -0.4553017100495502 21.732522796352583 99.99896349639243
v -0.4553017100495502 22.036474164133736 99.99896349639243
v -0.4553017100495502 22.34042553191489 99.99896349639243
v -0.4553017100495502 22.64437689969604 99.99896349639243
v -0.4553017100495502 22.948328267477194 99.99896349639243
v -0.4553017100495502 23.25227963525836 99.99896349639243
v -0.4553017100495502 23.556231003039514 99.99896349639243
v -0.4553017100495502 23.860182370820667 99.99896349639243
v -0.4553017100495502 24.16413373860182 99.99896349639243
v -0.4553017100495502 24.468085106382972 99.99896349639243
v -0.4553017100495502 24.772036474164125 99.99896349639243
v -0.4553017100495502 25.07598784194529 99.99896349639243
v -0.4553017100495502 25.379939209726444 99.99896349639243
v -0.4553017100495502 25.683890577507597 99.99896349639243
v -0.4553017100495502 25.98784194528875 99.99896349639243
v -0.4553017100495502 26.291793313069903 99.99896349639243
v -0.4553017100495502 26.595744680851055 99.99896349639243
v -0.4553017100495502 26.899696048632222 99.99896349639243
v -0.4553017100495502 27.203647416413375 99.99896349639243
v -0.4553017100495502 27.507598784194528 99.99896349639243
v -0.4553017100495502 27.81155015197568 99.99896349639243
v -0.4553017100495502 28.115501519756833 99.99896349639243
v -0.4553017100495502 28.419452887537986 99.99896349639243
v -0.4553017100495502 28.72340425531914 99.99896349639243
v -0.4553017100495502 29.027355623100306 99.99896349639243
v -0.4553017100495502 29.33130699088146 99.99896349639243
v -0.4553017100495502 29.63525835866261 99.99896349639243
v -0.4553017100495502 29.939209726443764 99.99896349639243
v -0.4553017100495502 30.243161094224916 99.99896349639243
v -0.4553017100495502 30.54711246200607 99.99896349639243
v -0.4553017100495502 30.851063829787236 99.99896349639243
v -0.4553017100495502 31.15501519756839 99.99896349639243
v -0.4553017100495502 31.45896656534954 99.99896349639243
v -0.4553017100495502 31.762917933130694 99.99896349639243
v -0.4553017100495502 32.06686930091185 99.99896349639243
v -0.4553017100495502 32.370820668693 99.99896349639243
v -0.4553017100495502 32.67477203647417 99.99896349639243
v -0.4553017100495502 32.97872340425532 99.99896349639243
v -0.4553017100495502 33.28267477203647 99.99896349639243
v -0.4553017100495502 33.586626139817625 99.99896349639243
v -0.4553017100495502 33.89057750759878 99.99896349639243
v -0.4553017100495502 34.19452887537993 99.99896349639243
v -0.4553017100495502 34.4984802431611 99.99896349639243
v -0.4553017100495502 34.80243161094225 99.99896349639243
v -0.4553017100495502 35.1063829787234 99.99896349639243
v -0.4553017100495502 35.410334346504555 99.99896349639243
v -0.4553017100495502 35.71428571428571 99.99896349639243
v -0.4553017100495502 36.01823708206686 99.99896349639243
v -0.4553017100495502 36.322188449848014 99.99896349639243
v -0.4553017100495502 36.62613981762918 99.99896349639243
v -0.4553017100495502 36.93009118541033 99.99896349639243
v -0.4553017100495502 37.234042553191486 99.99896349639243
v -0.4553017100495502 37.53799392097264 99.99896349639243
v -0.4553017100495502 37.84194528875379 99.99896349639243
v -0.4553017100495502 38.145896656534944 99.99896349639243
v -0.4553017100495502 38.44984802431611 99.99896349639243
v -0.4553017100495502 38.753799392097264 99.99896349639243
v -0.4553017100495502 39.05775075987842 99.99896349639243
v -0.4553017100495502 39.36170212765957 99.99896349639243
v -0.4553017100495502 39.66565349544072 99.99896349639243
v -0.4553017100495502 39.969604863221875 99.99896349639243
v -0.4553017100495502 40.27355623100304 99.99896349639243
v -0.4553017100495502 40.577507598784194 99.99896349639243
v -0.4553017100495502 40.88145896656535 99.99896349639243
v -0.4553017100495502 41.1854103343465 99.99896349639243
v -0.4553017100495502 41.48936170212765 99.99896349639243
v -0.4553017100495502 41.793313069908805 99.99896349639243
v -0.4553017100495502 42.09726443768997 99.99896349639243
v -0.4553017100495502 42.401215805471125 99.99896349639243
v -0.4553017100495502 42.70516717325228 99.99896349639243
v -0.4553017100495502 43.00911854103343 99.99896349639243
v -0.4553017100495502 43.31306990881458 99.99896349639243
v -0.4553017100495502 43.617021276595736 99.99896349639243
v -0.4553017100495502 43.92097264437689 99.99896349639243
v -0.4553017100495502 44.224924012158056 99.99896349639243
v -0.4553017100495502 44.52887537993921 99.99896349639243
v -0.4553017100495502 44.83282674772036 99.99896349639243
v -0.4553017100495502 45.136778115501514 99.99896349639243
v -0.4553017100495502 45.44072948328267 99.99896349639243
v -0.4553017100495502 45.74468085106382 99.99896349639243
v -0.4553017100495502 46.048632218844986 99.99896349639243
v -0.4553017100495502 46.35258358662614 99.99896349639243
v -0.4553017100495502 46.65653495440729 99.99896349639243
v -0.4553017100495502 46.960486322188444 99.99896349639243
v -0.4553017100495502 47.2644376899696 99.99896349639243
v -0.4553017100495502 47.56838905775075 99.99896349639243
v -0.4553017100495502 47.87234042553192 99.99896349639243
v -0.4553017100495502 48.17629179331307 99.99896349639243
v -0.4553017100495502 48.48024316109422 99.99896349639243
v -0.4553017100495502 48.784194528875375 99.99896349639243
v -0.4553017100495502 49.08814589665653 99.99896349639243
v -0.4553017100495502 49.39209726443768 99.99896349639243
v -0.4553017100495502 49.69604863221885 99.99896349639243
v -0.4553017100495502 50.0 99.99896349639243
v -0.151767702780728 -50.0 99.99988483275565
v -0.151767702780728 -49.69604863221885 99.99988483275565
v -0.151767702780728 -49.39209726443769 99.99988483275565
v -0.151767702780728 -49.088145896656535 99.99988483275565
v -0.151767702780728 -48.78419452887538 99.99988483275565
v -0.151767702780728 -48.48024316109422 99.99988483275565
v -0.151767702780728 -48.17629179331307 99.99988483275565
v -0.151767702780728 -47.87234042553192 99.99988483275565
v -0.151767702780728 -47.56838905775076 99.99988483275565
v -0.151767702780728 -47.264437689969604 99.99988483275565
v -0.151767702780728 -46.96048632218845 99.99988483275565
v -0.151767702780728 -46.65653495440729 99.99988483275565
v -0.151767702780728 -46.35258358662614 99.99988483275565
v -0.151767702780728 -46.048632218844986 99.99988483275565
v -0.151767702780728 -45.74468085106383 99.99988483275565
v -0.151767702780728 -45.440729483282674 99.99988483275565
v -0.151767702780728 -45.13677811550152 99.99988483275565
v -0.151767702780728 -44.83282674772036 99.99988483275565
v -0.151767702780728 -44.52887537993921 99.99988483275565
v -0.151767702780728 -44.224924012158056 99.99988483275565
v -0.151767702780728 -43.9209726443769 99.99988483275565
v -0.151767702780728 -43.61702127659574 99.99988483275565
v -0.151767702780728 -43.31306990881459 99.99988483275565
v -0.151767702780728 -43.00911854103344 99.99988483275565
v -0.151767702780728 -42.70516717325228 99.99988483275565
v -0.151767702780728 -42.401215805471125 99.99988483275565
v -0.151767702780728 -42.09726443768997 99.99988483275565
v -0.151767702780728 -41.79331306990881 99.99988483275565
v -0.151767702780728 -41.48936170212766 99.99988483275565
v -0.151767702780728 -41.18541033434651 99.99988483275565
v -0.151767702780728 -40.88145896656535 99.99988483275565
v -0.151767702780728 -40.577507598784194 99.99988483275565
v -0.151767702780728 -40.27355623100304 99.99988483275565
v -0.151767702780728 -39.96960486322189 99.99988483275565
v -0.151767702780728 -39.66565349544073 99.99988483275565
v -0.151767702780728 -39.361702127659576 99.99988483275565
v -0.151767702780728 -39.05775075987842 99.99988483275565
v -0.151767702780728 -38.753799392097264 99.99988483275565
v -0.151767702780728 -38.44984802431611 99.99988483275565
v -0.151767702780728 -38.14589665653496 99.99988483275565
v -0.151767702780728 -37.8419452887538 99.99988483275565
v -0.151767702780728 -37.537993920972646 99.99988483275565
v -0.151767702780728 -37.234042553191486 99.99988483275565
v -0.151767702780728 -36.93009118541033 99.99988483275565
v -0.151767702780728 -36.62613981762918 99.99988483275565
v -0.151767702780728 -36.32218844984803 99.99988483275565
v -0.151767702780728 -36.01823708206687 99.99988483275565
v -0.151767702780728 -35.714285714285715 99.99988483275565
v -0.151767702780728 -35.410334346504555 99.99988483275565
v -0.151767702780728 -35.1063829787234 99.99988483275565
v -0.151767702780728 -34.80243161094225 99.99988483275565
v -0.151767702780728 -34.4984802431611 99.99988483275565
v -0.151767702780728 -34.19452887537994 99.99988483275565
v -0.151767702780728 -33.890577507598785 99.99988483275565
v -0.151767702780728 -33.586626139817625 99.99988483275565
v -0.151767702780728 -33.28267477203647 99.99988483275565
v -0.151767702780728 -32.97872340425532 99.99988483275565
v -0.151767702780728 -32.67477203647417 99.99988483275565
v -0.151767702780728 -32.370820668693014 99.99988483275565
v -0.151767702780728 -32.066869300911854 99.99988483275565
v -0.151767702780728 -31.7629179331307 99.99988483275565
v -0.151767702780728 -31.458966565349545 99.99988483275565
v -0.151767702780728 -31.15501519756839 99.99988483275565
v -0.151767702780728 -30.851063829787236 99.99988483275565
v -0.151767702780728 -30.54711246200608 99.99988483275565
v -0.151767702780728 -30.243161094224924 99.99988483275565
v -0.151767702780728 -29.93920972644377 99.99988483275565
v -0.151767702780728 -29.635258358662615 99.99988483275565
v -0.151767702780728 -29.33130699088146 99.99988483275565
v -0.151767702780728 -29.027355623100306 99.99988483275565
v -0.151767702780728 -28.72340425531915 99.99988483275565
v -0.151767702780728 -28.419452887537997 99.99988483275565
v -0.151767702780728 -28.11550151975684 99.99988483275565
v -0.151767702780728 -27.811550151975684 99.99988483275565
v -0.151767702780728 -27.50759878419453 99.99988483275565
v -0.151767702780728 -27.203647416413375 99.99988483275565
v -0.151767702780728 -26.89969604863222 99.99988483275565
v -0.151767702780728 -26.595744680851066 99.99988483275565
v -0.151767702780728 -26.29179331306991 99.99988483275565
v -0.151767702780728 -25.987841945288753 99.99988483275565
v -0.151767702780728 -25.6838905775076 99.99988483275565
v -0.151767702780728 -25.379939209726444 99.99988483275565
v -0.151767702780728 -25.075987841945288 99.99988483275565
v -0.151767702780728 -24.772036474164135 99.99988483275565
v -0.151767702780728 -24.46808510638298 99.99988483275565
v -0.151767702780728 -24.164133738601826 99.99988483275565
v -0.151767702780728 -23.86018237082067 99.99988483275565
v -0.151767702780728 -23.556231003039514 99.99988483275565
v -0.151767702780728 -23.25227963525836 99.99988483275565
v -0.151767702780728 -22.948328267477205 99.99988483275565
v -0.151767702780728 -22.64437689969605 99.99988483275565
v -0.151767702780728 -22.340425531914896 99.99988483275565
v -0.151767702780728 -22.03647416413374 99.99988483275565
v -0.151767702780728 -21.732522796352583 99.99988483275565
v -0.151767702780728 -21.42857142857143 99.99988483275565
v -0.151767702780728 -21.124620060790274 99.99988483275565
v -0.151767702780728 -20.820668693009118 99.99988483275565
v -0.151767702780728 -20.516717325227965 99.99988483275565
v -0.151767702780728 -20.21276595744681 99.99988483275565
v -0.151767702780728 -19.908814589665656 99.99988483275565
v -0.151767702780728 -19.6048632218845 99.99988483275565
v -0.151767702780728 -19.300911854103344 99.99988483275565
v -0.151767702780728 -18.99696048632219 99.99988483275565
v -0.151767702780728 -18.693009118541035 99.99988483275565
v -0.151767702780728 -18.38905775075988 99.99988483275565
v -0.151767702780728 -18.085106382978726 99.99988483275565
v -0.151767702780728 -17.78115501519757 99.99988483275565
v -0.151767702780728 -17.477203647416417 99.99988483275565
v -0.151767702780728 -17.173252279635257 99.99988483275565
v -0.151767702780728 -16.869300911854104 99.99988483275565
v -0.151767702780728 -16.56534954407295 99.99988483275565
v -0.151767702780728 -16.26139817629179 99.99988483275565
v -0.151767702780728 -15.957446808510639 99.99988483275565
v -0.151767702780728 -15.653495440729486 99.99988483275565
v -0.151767702780728 -15.349544072948326 99.99988483275565
v -0.151767702780728 -15.045592705167174 99.99988483275565
v -0.151767702780728 -14.741641337386021 99.99988483275565
v -0.151767702780728 -14.437689969604868 99.99988483275565
v -0.151767702780728 -14.133738601823708 99.99988483275565
v -0.151767702780728 -13.829787234042556 99.99988483275565
v -0.151767702780728 -13.525835866261403 99.99988483275565
v -0.151767702780728 -13.221884498480243 99.99988483275565
v -0.151767702780728 -12.91793313069909 99.99988483275565
v -0.151767702780728 -12.613981762917938 99.99988483275565
v -0.151767702780728 -12.310030395136778 99.99988483275565
v -0.151767702780728 -12.006079027355625 99.99988483275565
v -0.151767702780728 -11.702127659574472 99.99988483275565
v -0.151767702780728 -11.398176291793312 99.99988483275565
v -0.151767702780728 -11.09422492401216 99.99988483275565
v -0.151767702780728 -10.790273556231007 99.99988483275565
v -0.151767702780728 -10.486322188449847 99.99988483275565
v -0.151767702780728 -10.182370820668694 99.99988483275565
v -0.151767702780728 -9.878419452887542 99.99988483275565
v -0.151767702780728 -9.574468085106382 99.99988483275565
v -0.151767702780728 -9.27051671732523 99.99988483275565
v -0.151767702780728 -8.966565349544076 99.99988483275565
v -0.151767702780728 -8.662613981762917 99.99988483275565
v -0.151767702780728 -8.358662613981764 99.99988483275565
v -0.151767702780728 -8.054711246200611 99.99988483275565
v -0.151767702780728 -7.750759878419451 99.99988483275565
v -0.151767702780728 -7.446808510638299 99.99988483275565
v -0.151767702780728 -7.142857142857146 99.99988483275565
v -0.151767702780728 -6.838905775075993 99.99988483275565
v -0.151767702780728 -6.534954407294833 99.99988483275565
v -0.151767702780728 -6.231003039513681 99.99988483275565
v -0.151767702780728 -5.927051671732528 99.99988483275565
v -0.151767702780728 -5.623100303951368 99.99988483275565
v -0.151767702780728 -5.319148936170215 99.99988483275565
v -0.151767702780728 -5.015197568389063 99.99988483275565
v -0.151767702780728 -4.711246200607903 99.99988483275565
v -0.151767702780728 -4.40729483282675 99.99988483275565
v -0.151767702780728 -4.103343465045597 99.99988483275565
v -0.151767702780728 -3.7993920972644375 99.99988483275565
v -0.151767702780728 -3.4954407294832848 99.99988483275565
v -0.151767702780728 -3.191489361702132 99.99988483275565
v -0.151767702780728 -2.887537993920972 99.99988483275565
v -0.151767702780728 -2.5835866261398195 99.99988483275565
v -0.151767702780728 -2.2796352583586668 99.99988483275565
v -0.151767702780728 -1.975683890577507 99.99988483275565
v -0.151767702780728 -1.6717325227963542 99.99988483275565
v -0.151767702780728 -1.3677811550152015 99.99988483275565
v -0.151767702780728 -1.0638297872340416 99.99988483275565
v -0.151767702780728 -0.7598784194528889 99.99988483275565
v -0.151767702780728 -0.4559270516717362 99.99988483275565
v -0.151767702780728 -0.15197568389057636 99.99988483275565
v -0.151767702780728 0.15197568389057636 99.99988483275565
v -0.151767702780728 0.4559270516717291 99.99988483275565
v -0.151767702780728 0.7598784194528818 99.99988483275565
v -0.151767702780728 1.0638297872340416 99.99988483275565
v -0.151767702780728 1.3677811550151944 99.99988483275565
v -0.151767702780728 1.671732522796347 99.99988483275565
v -0.151767702780728 1.975683890577507 99.99988483275565
v -0.151767702780728 2.2796352583586597 99.99988483275565
v -0.151767702780728 2.5835866261398124 99.99988483275565
v -0.151767702780728 2.887537993920972 99.99988483275565
v -0.151767702780728 3.191489361702125 99.99988483275565
v -0.151767702780728 3.4954407294832777 99.99988483275565
v -0.151767702780728 3.7993920972644375 99.99988483275565
v -0.151767702780728 4.10334346504559 99.99988483275565
v -0.151767702780728 4.407294832826743 99.99988483275565
v -0.151767702780728 4.711246200607903 99.99988483275565
v -0.151767702780728 5.0151975683890555 99.99988483275565
v -0.151767702780728 5.319148936170208 99.99988483275565
v -0.151767702780728 5.623100303951368 99.99988483275565
v -0.151767702780728 5.927051671732521 99.99988483275565
v -0.151767702780728 6.2310030395136735 99.99988483275565
v -0.151767702780728 6.534954407294833 99.99988483275565
v -0.151767702780728 6.838905775075986 99.99988483275565
v -0.151767702780728 7.142857142857139 99.99988483275565
v -0.151767702780728 7.446808510638299 99.99988483275565
v -0.151767702780728 7.750759878419451 99.99988483275565
v -0.151767702780728 8.054711246200604 99.99988483275565
v -0.151767702780728 8.358662613981764 99.99988483275565
v -0.151767702780728 8.662613981762917 99.99988483275565
v -0.151767702780728 8.96656534954407 99.99988483275565
v -0.151767702780728 9.270516717325222 99.99988483275565
v -0.151767702780728 9.574468085106382 99.99988483275565
v -0.151767702780728 9.878419452887535 99.99988483275565
v -0.151767702780728 10.182370820668687 99.99988483275565
v -0.151767702780728 10.486322188449847 99.99988483275565
v -0.151767702780728 10.790273556231 99.99988483275565
v -0.151767702780728 11.094224924012153 99.99988483275565
v -0.151767702780728 11.398176291793312 99.99988483275565
v -0.151767702780728 11.702127659574465 99.99988483275565
v -0.151767702780728 12.006079027355618 99.99988483275565
v -0.151767702780728 12.310030395136778 99.99988483275565
v -0.151767702780728 12.61398176291793 99.99988483275565
v -0.151767702780728 12.917933130699083 99.99988483275565
v -0.151767702780728 13.221884498480243 99.99988483275565
v -0.151767702780728 13.525835866261396 99.99988483275565
v -0.151767702780728 13.829787234042549 99.99988483275565
v -0.151767702780728 14.133738601823708 99.99988483275565
v -0.151767702780728 14.437689969604861 99.99988483275565
v -0.151767702780728 14.741641337386014 99.99988483275565
v -0.151767702780728 15.045592705167167 99.99988483275565
v -0.151767702780728 15.34954407294832 99.99988483275565
v -0.151767702780728 15.653495440729486 99.99988483275565
v -0.151767702780728 15.957446808510639 99.99988483275565
v -0.151767702780728 16.26139817629179 99.99988483275565
v -0.151767702780728 16.565349544072944 99.99988483275565
v -0.151767702780728 16.869300911854097 99.99988483275565
v -0.151767702780728 17.17325227963525 99.99988483275565
v -0.151767702780728 17.477203647416417 99.99988483275565
v -0.151767702780728 17.78115501519757 99.99988483275565
v -0.151767702780728 18.085106382978722 99.99988483275565
v -0.151767702780728 18.389057750759875 99.99988483275565
v -0.151767702780728 18.693009118541028 99.99988483275565
v -0.151767702780728 18.99696048632218 99.99988483275565
v -0.151767702780728 19.300911854103347 99.99988483275565
v -0.151767702780728 19.6048632218845 99.99988483275565
v -0.151767702780728 19.908814589665653 99.99988483275565
v -0.151767702780728 20.212765957446805 99.99988483275565
v -0.151767702780728 20.516717325227958 99.99988483275565
v -0.151767702780728 20.82066869300911 99.99988483275565
v -0.151767702780728 21.124620060790264 99.99988483275565
v -0.151767702780728 21.42857142857143 99.99988483275565
v -0.151767702780728 21.732522796352583 99.99988483275565
v -0.151767702780728 22.036474164133736 99.99988483275565
v -0.151767702780728 22.34042553191489 99.99988483275565
v -0.151767702780728 22.64437689969604 99.99988483275565
v -0.151767702780728 22.948328267477194 99.99988483275565
v -0.151767702780728 23.25227963525836 99.99988483275565
v -0.151767702780728 23.556231003039514 99.99988483275565
v -0.151767702780728 23.860182370820667 99.99988483275565
v -0.151767702780728 24.16413373860182 99.99988483275565
v -0.151767702780728 24.468085106382972 99.99988483275565
v -0.151767702780728 24.772036474164125 99.99988483275565
v -0.151767702780728 25.07598784194529 99.99988483275565
v -0.151767702780728 25.379939209726444 99.99988483275565
v -0.151767702780728 25.683890577507597 99.99988483275565
v -0.151767702780728 25.98784194528875 99.99988483275565
v -0.151767702780728 26.291793313069903 99.99988483275565
v -0.151767702780728 26.595744680851055 99.99988483275565
v -0.151767702780728 26.899696048632222 99.99988483275565
v -0.151767702780728 27.203647416413375 99.99988483275565
v -0.151767702780728 27.507598784194528 99.99988483275565
v -0.151767702780728 27.81155015197568 99.99988483275565
v -0.151767702780728 28.115501519756833 99.99988483275565
v -0.151767702780728 28.419452887537986 99.99988483275565
v -0.151767702780728 28.72340425531914 99.99988483275565
v -0.151767702780728 29.027355623100306 99.99988483275565
v -0.151767702780728 29.33130699088146 99.99988483275565
v -0.151767702780728 29.63525835866261 99.99988483275565
v -0.151767702780728 29.939209726443764 99.99988483275565
v -0.151767702780728 30.243161094224916 99.99988483275565
v -0.151767702780728 30.54711246200607 99.99988483275565
v -0.151767702780728 30.851063829787236 99.99988483275565
v -0.151767702780728 31.15501519756839 99.99988483275565
v -0.151767702780728 31.45896656534954 99.99988483275565
v -0.151767702780728 31.762917933130694 99.99988483275565
v -0.151767702780728 32.06686930091185 99.99988483275565
v -0.151767702780728 32.370820668693 99.99988483275565
v -0.151767702780728 32.67477203647417 99.99988483275565
v -0.151767702780728 32.97872340425532 99.99988483275565
v -0.151767702780728 33.28267477203647 99.99988483275565
v -0.151767702780728 33.586626139817625 99.99988483275565
v -0.151767702780728 33.89057750759878 99.99988483275565
v -0.151767702780728 34.19452887537993 99.99988483275565
v -0.151767702780728 34.4984802431611 99.99988483275565
v -0.151767702780728 34.80243161094225 99.99988483275565
v -0.151767702780728 35.1063829787234 99.99988483275565
v -0.151767702780728 35.410334346504555 99.99988483275565
v -0.151767702780728 35.71428571428571 99.99988483275565
v -0.151767702780728 36.01823708206686 99.99988483275565
v -0.151767702780728 36.322188449848014 99.99988483275565
v -0.151767702780728 36.62613981762918 99.99988483275565
v -0.151767702780728 36.93009118541033 99.99988483275565
v -0.151767702780728 37.234042553191486 99.99988483275565
v -0.151767702780728 37.53799392097264 99.99988483275565
v -0.151767702780728 37.84194528875379 99.99988483275565
v -0.151767702780728 38.145896656534944 99.99988483275565
v -0.151767702780728 38.44984802431611 99.99988483275565
v -0.151767702780728 38.753799392097264 99.99988483275565
v -0.151767702780728 39.05775075987842 99.99988483275565
v -0.151767702780728 39.36170212765957 99.99988483275565
v -0.151767702780728 39.66565349544072 99.99988483275565
v -0.151767702780728 39.969604863221875 99.99988483275565
v -0.151767702780728 40.27355623100304 99.99988483275565
v -0.151767702780728 40.577507598784194 99.99988483275565
v -0.151767702780728 40.88145896656535 99.99988483275565
v -0.151767702780728 41.1854103343465 99.99988483275565
v -0.151767702780728 41.48936170212765 99.99988483275565
v -0.151767702780728 41.793313069908805 99.99988483275565
v -0.151767702780728 42.09726443768997 99.99988483275565
v -0.151767702780728 42.401215805471125 99.99988483275565
v -0.151767702780728 42.70516717325228 99.99988483275565
v -0.151767702780728 43.00911854103343 99.99988483275565
v -0.151767702780728 43.31306990881458 99.99988483275565
v -0.151767702780728 43.617021276595736 99.99988483275565
v -0.151767702780728 43.92097264437689 99.99988483275565
v -0.151767702780728 44.224924012158056 99.99988483275565
v -0.151767702780728 44.52887537993921 99.99988483275565
v -0.151767702780728 44.83282674772036 99.99988483275565
v -0.151767702780728 45.136778115501514 99.99988483275565
v -0.151767702780728 45.44072948328267 99.99988483275565
v -0.151767702780728 45.74468085106382 99.99988483275565
v -0.151767702780728 46.048632218844986 99.99988483275565
v -0.151767702780728 46.35258358662614 99.99988483275565
v -0.151767702780728 46.65653495440729 99.99988483275565
v -0.151767702780728 46.960486322188444 99.99988483275565
v -0.151767702780728 47.2644376899696 99.99988483275565
v -0.151767702780728 47.56838905775075 99.99988483275565
v -0.151767702780728 47.87234042553192 99.99988483275565
v -0.151767702780728 48.17629179331307 99.99988483275565
v -0.151767702780728 48.48024316109422 99.99988483275565
v -0.151767702780728 48.784194528875375 99.99988483275565
v -0.151767702780728 49.08814589665653 99.99988483275565
v -0.151767702780728 49.39209726443768 99.99988483275565
v -0.151767702780728 49.69604863221885 99.99988483275565
v -0.151767702780728 50.0 99.99988483275565
v 0.15176770278071575 -50.0 99.99988483275565
v 0.15176770278071575 -49.69604863221885 99.99988483275565
v 0.15176770278071575 -49.39209726443769 99.99988483275565
v 0.15176770278071575 -49.088145896656535 99.99988483275565
v 0.15176770278071575 -48.78419452887538 99.99988483275565
v 0.15176770278071575 -48.48024316109422 99.99988483275565
v 0.15176770278071575 -48.17629179331307 99.99988483275565
v 0.15176770278071575 -47.87234042553192 99.99988483275565
v 0.15176770278071575 -47.56838905775076 99.99988483275565
v 0.15176770278071575 -47.264437689969604 99.99988483275565
v 0.15176770278071575 -46.96048632218845 99.99988483275565
v 0.15176770278071575 -46.65653495440729 99.99988483275565
v 0.15176770278071575 -46.35258358662614 99.99988483275565
v 0.15176770278071575 -46.048632218844986 99.99988483275565
v 0.15176770278071575 -45.74468085106383 99.99988483275565
v 0.15176770278071575 -45.440729483282674 99.99988483275565
v 0.15176770278071575 -45.13677811550152 99.99988483275565
v 0.15176770278071575 -44.83282674772036 99.99988483275565
v 0.15176770278071575 -44.52887537993921 99.99988483275565
v 0.15176770278071575 -44.224924012158056 99.99988483275565
v 0.15176770278071575 -43.9209726443769 99.99988483275565
v 0.15176770278071575 -43.61702127659574 99.99988483275565
v 0.15176770278071575 -43.31306990881459 99.99988483275565
v 0.15176770278071575 -43.00911854103344 99.99988483275565
v 0.15176770278071575 -42.70516717325228 99.99988483275565
v 0.15176770278071575 -42.401215805471125 99.99988483275565
v 0.15176770278071575 -42.09726443768997 99.99988483275565
v 0.15176770278071575 -41.79331306990881 99.99988483275565
v 0.15176770278071575 -41.48936170212766 99.99988483275565
v 0.15176770278071575 -41.18541033434651 99.99988483275565
v 0.15176770278071575 -40.88145896656535 99.99988483275565
v 0.15176770278071575 -40.577507598784194 99.99988483275565
v 0.15176770278071575 -40.27355623100304 99.99988483275565
v 0.15176770278071575 -39.96960486322189 99.99988483275565
v 0.15176770278071575 -39.66565349544073 99.99988483275565
v 0.15176770278071575 -39.361702127659576 99.99988483275565
v 0.15176770278071575 -39.05775075987842 99.99988483275565
v 0.15176770278071575 -38.753799392097264 99.99988483275565
v 0.15176770278071575 -38.44984802431611 99.99988483275565
v 0.15176770278071575 -38.14589665653496 99.99988483275565
v 0.15176770278071575 -37.8419452887538 99.99988483275565
v 0.15176770278071575 -37.537993920972646 99.99988483275565
v 0.15176770278071575 -37.234042553191486 99.99988483275565
v 0.15176770278071575 -36.93009118541033 99.99988483275565
v 0.15176770278071575 -36.62613981762918 99.99988483275565
v 0.15176770278071575 -36.32218844984803 99.99988483275565
v 0.15176770278071575 -36.01823708206687 99.99988483275565
v 0.15176770278071575 -35.714285714285715 99.99988483275565
v 0.15176770278071575 -35.410334346504555 99.99988483275565
v 0.15176770278071575 -35.1063829787234 99.99988483275565
v 0.15176770278071575 -34.80243161094225 99.99988483275565
v 0.15176770278071575 -34.4984802431611 99.99988483275565
v 0.15176770278071575 -34.19452887537994 99.99988483275565
v 0.15176770278071575 -33.890577507598785 99.99988483275565
v 0.15176770278071575 -33.586626139817625 99.99988483275565
v 0.15176770278071575 -33.28267477203647 99.99988483275565
v 0.15176770278071575 -32.97872340425532 99.99988483275565
v 0.15176770278071575 -32.67477203647417 99.99988483275565
v 0.15176770278071575 -32.370820668693014 99.99988483275565
v 0.15176770278071575 -32.066869300911854 99.99988483275565
v 0.15176770278071575 -31.7629179331307 99.99988483275565
v 0.15176770278071575 -31.458966565349545 99.99988483275565
v 0.15176770278071575 -31.15501519756839 99.99988483275565
v 0.15176770278071575 -30.851063829787236 99.99988483275565
v 0.15176770278071575 -30.54711246200608 99.99988483275565
v 0.15176770278071575 -30.243161094224924 99.99988483275565
v 0.15176770278071575 -29.93920972644377 99.99988483275565
v 0.15176770278071575 -29.635258358662615 99.99988483275565
v 0.15176770278071575 -29.33130699088146 99.99988483275565
v 0.15176770278071575 -29.027355623100306 99.99988483275565
v 0.15176770278071575 -28.72340425531915 99.99988483275565
v 0.15176770278071575 -28.419452887537997 99.99988483275565
v 0.15176770278071575 -28.11550151975684 99.99988483275565
v 0.15176770278071575 -27.811550151975684 99.99988483275565
v 0.15176770278071575 -27.50759878419453 99.99988483275565
v 0.15176770278071575 -27.203647416413375 99.99988483275565
v 0.15176770278071575 -26.89969604863222 99.99988483275565
v 0.15176770278071575 -26.595744680851066 99.99988483275565
v 0.15176770278071575 -26.29179331306991 99.99988483275565
v 0.15176770278071575 -25.987841945288753 99.99988483275565
v 0.15176770278071575 -25.6838905775076 99.99988483275565
v 0.15176770278071575 -25.379939209726444 99.99988483275565
v 0.15176770278071575 -25.075987841945288 99.99988483275565
v 0.15176770278071575 -24.772036474164135 99.99988483275565
v 0.15176770278071575 -24.46808510638298 99.99988483275565
v 0.15176770278071575 -24.164133738601826 99.99988483275565
v 0.15176770278071575 -23.86018237082067 99.99988483275565
v 0.15176770278071575 -23.556231003039514 99.99988483275565
v 0.15176770278071575 -23.25227963525836 99.99988483275565
v 0.15176770278071575 -22.948328267477205 99.99988483275565
v 0.15176770278071575 -22.64437689969605 99.99988483275565
v 0.15176770278071575 -22.340425531914896 99.99988483275565
v 0.15176770278071575 -22.03647416413374 99.99988483275565
v 0.15176770278071575 -21.732522796352583 99.99988483275565
v 0.15176770278071575 -21.42857142857143 99.99988483275565
v 0.15176770278071575 -21.124620060790274 99.99988483275565
v 0.15176770278071575 -20.820668693009118 99.99988483275565
v 0.15176770278071575 -20.516717325227965 99.99988483275565
v 0.15176770278071575 -20.21276595744681 99.99988483275565
v 0.15176770278071575 -19.908814589665656 99.99988483275565
v 0.15176770278071575 -19.6048632218845 99.99988483275565
v 0.15176770278071575 -19.300911854103344 99.99988483275565
v 0.15176770278071575 -18.99696048632219 99.99988483275565
v 0.15176770278071575 -18.693009118541035 99.99988483275565
v 0.15176770278071575 -18.38905775075988 99.99988483275565
v 0.15176770278071575 -18.085106382978726 99.99988483275565
v 0.15176770278071575 -17.78115501519757 99.99988483275565
v 0.15176770278071575 -17.477203647416417 99.99988483275565
v 0.15176770278071575 -17.173252279635257 99.99988483275565
v 0.15176770278071575 -16.869300911854104 99.99988483275565
v 0.15176770278071575 -16.56534954407295 99.99988483275565
v 0.15176770278071575 -16.26139817629179 99.99988483275565
v 0.15176770278071575 -15.957446808510639 99.99988483275565
v 0.15176770278071575 -15.653495440729486 99.99988483275565
v 0.15176770278071575 -15.349544072948326 99.99988483275565
v 0.15176770278071575 -15.045592705167174 99.99988483275565
v 0.15176770278071575 -14.741641337386021 99.99988483275565
v 0.15176770278071575 -14.437689969604868 99.99988483275565
v 0.15176770278071575 -14.133738601823708 99.99988483275565
v 0.15176770278071575 -13.829787234042556 99.99988483275565
v 0.15176770278071575 -13.525835866261403 99.99988483275565
v 0.15176770278071575 -13.221884498480243 99.99988483275565
v 0.15176770278071575 -12.91793313069909 99.99988483275565
v 0.15176770278071575 -12.613981762917938 99.99988483275565
v 0.15176770278071575 -12.310030395136778 99.99988483275565
v 0.15176770278071575 -12.006079027355625 99.99988483275565
v 0.15176770278071575 -11.702127659574472 99.99988483275565
v 0.15176770278071575 -11.398176291793312 99.99988483275565
v 0.15176770278071575 -11.09422492401216 99.99988483275565
v 0.15176770278071575 -10.790273556231007 99.99988483275565
v 0.15176770278071575 -10.486322188449847 99.99988483275565
v 0.15176770278071575 -10.182370820668694 99.99988483275565
v 0.15176770278071575 -9.878419452887542 99.99988483275565
v 0.15176770278071575 -9.574468085106382 99.99988483275565
v 0.15176770278071575 -9.27051671732523 99.99988483275565
v 0.15176770278071575 -8.966565349544076 99.99988483275565
v 0.15176770278071575 -8.662613981762917 99.99988483275565
v 0.15176770278071575 -8.358662613981764 99.99988483275565
v 0.15176770278071575 -8.054711246200611 99.99988483275565
v 0.15176770278071575 -7.750759878419451 99.99988483275565
v 0.15176770278071575 -7.446808510638299 99.99988483275565
v 0.15176770278071575 -7.142857142857146 99.99988483275565
v 0.15176770278071575 -6.838905775075993 99.99988483275565
v 0.15176770278071575 -6.534954407294833 99.99988483275565
v 0.15176770278071575 -6.231003039513681 99.99988483275565
v 0.15176770278071575 -5.927051671732528 99.99988483275565
v 0.15176770278071575 -5.623100303951368 99.99988483275565
v 0.15176770278071575 -5.319148936170215 99.99988483275565
v 0.15176770278071575 -5.015197568389063 99.99988483275565
v 0.15176770278071575 -4.711246200607903 99.99988483275565
v 0.15176770278071575 -4.40729483282675 99.99988483275565
v 0.15176770278071575 -4.103343465045597 99.99988483275565
v 0.15176770278071575 -3.7993920972644375 99.99988483275565
v 0.15176770278071575 -3.4954407294832848 99.99988483275565
v 0.15176770278071575 -3.191489361702132 99.99988483275565
v 0.15176770278071575 -2.887537993920972 99.99988483275565
v 0.15176770278071575 -2.5835866261398195 99.99988483275565
v 0.15176770278071575 -2.2796352583586668 99.99988483275565
v 0.15176770278071575 -1.975683890577507 99.99988483275565
v 0.15176770278071575 -1.6717325227963542 99.99988483275565
v 0.15176770278071575 -1.3677811550152015 99.99988483275565
v 0.15176770278071575 -1.0638297872340416 99.99988483275565
v 0.15176770278071575 -0.7598784194528889 99.99988483275565
v 0.15176770278071575 -0.4559270516717362 99.99988483275565
v 0.15176770278071575 -0.15197568389057636 99.99988483275565
v 0.15176770278071575 0.15197568389057636 99.99988483275565
v 0.15176770278071575 0.4559270516717291 99.99988483275565
v 0.15176770278071575 0.7598784194528818 99.99988483275565
v 0.15176770278071575 1.0638297872340416 99.99988483275565
v 0.15176770278071575 1.3677811550151944 99.99988483275565
v 0.15176770278071575 1.671732522796347 99.99988483275565
v 0.15176770278071575 1.975683890577507 99.99988483275565
v 0.15176770278071575 2.2796352583586597 99.99988483275565
v 0.15176770278071575 2.5835866261398124 99.99988483275565
v 0.15176770278071575 2.887537993920972 99.99988483275565
v 0.15176770278071575 3.191489361702125 99.99988483275565
v 0.15176770278071575 3.4954407294832777 99.99988483275565
v 0.15176770278071575 3.7993920972644375 99.99988483275565
v 0.15176770278071575 4.10334346504559 99.99988483275565
v 0.15176770278071575 4.407294832826743 99.99988483275565
v 0.15176770278071575 4.711246200607903 99.99988483275565
v 0.15176770278071575 5.0151975683890555 99.99988483275565
v 0.15176770278071575 5.319148936170208 99.99988483275565
v 0.15176770278071575 5.623100303951368 99.99988483275565
v 0.15176770278071575 5.927051671732521 99.99988483275565
v 0.15176770278071575 6.2310030395136735 99.99988483275565
v 0.15176770278071575 6.534954407294833 99.99988483275565
v 0.15176770278071575 6.838905775075986 99.99988483275565
v 0.15176770278071575 7.142857142857139 99.99988483275565
v 0.15176770278071575 7.446808510638299 99.99988483275565
v 0.15176770278071575 7.750759878419451 99.99988483275565
v 0.15176770278071575 8.054711246200604 99.99988483275565
v 0.15176770278071575 8.358662613981764 99.99988483275565
v 0.15176770278071575 8.662613981762917 99.99988483275565
v 0.15176770278071575 8.96656534954407 99.99988483275565
v 0.15176770278071575 9.270516717325222 99.99988483275565
v 0.15176770278071575 9.574468085106382 99.99988483275565
v 0.15176770278071575 9.878419452887535 99.99988483275565
v 0.15176770278071575 10.182370820668687 99.99988483275565
v 0.15176770278071575 10.486322188449847 99.99988483275565
v 0.15176770278071575 10.790273556231 99.99988483275565
v 0.15176770278071575 11.094224924012153 99.99988483275565
v 0.15176770278071575 11.398176291793312 99.99988483275565
v 0.15176770278071575 11.702127659574465 99.99988483275565
v 0.15176770278071575 12.006079027355618 99.99988483275565
v 0.15176770278071575 12.310030395136778 99.99988483275565
v 0.15176770278071575 12.61398176291793 99.99988483275565
v 0.15176770278071575 12.917933130699083 99.99988483275565
v 0.15176770278071575 13.221884498480243 99.99988483275565
v 0.15176770278071575 13.525835866261396 99.99988483275565
v 0.15176770278071575 13.829787234042549 99.99988483275565
v 0.15176770278071575 14.133738601823708 99.99988483275565
v 0.15176770278071575 14.437689969604861 99.99988483275565
v 0.15176770278071575 14.741641337386014 99.99988483275565
v 0.15176770278071575 15.045592705167167 99.99988483275565
v 0.15176770278071575 15.34954407294832 99.99988483275565
v 0.15176770278071575 15.653495440729486 99.99988483275565
v 0.15176770278071575 15.957446808510639 99.99988483275565
v 0.15176770278071575 16.26139817629179 99.99988483275565
v 0.15176770278071575 16.565349544072944 99.99988483275565
v 0.15176770278071575 16.869300911854097 99.99988483275565
v 0.15176770278071575 17.17325227963525 99.99988483275565
v 0.15176770278071575 17.477203647416417 99.99988483275565
v 0.15176770278071575 17.78115501519757 99.99988483275565
v 0.15176770278071575 18.085106382978722 99.99988483275565
v 0.15176770278071575 18.389057750759875 99.99988483275565
v 0.15176770278071575 18.693009118541028 99.99988483275565
v 0.15176770278071575 18.99696048632218 99.99988483275565
v 0.15176770278071575 19.300911854103347 99.99988483275565
v 0.15176770278071575 19.6048632218845 99.99988483275565
v 0.15176770278071575 19.908814589665653 99.99988483275565
v 0.15176770278071575 20.212765957446805 99.99988483275565
v 0.15176770278071575 20.516717325227958 99.99988483275565
v 0.15176770278071575 20.82066869300911 99.99988483275565
v 0.15176770278071575 21.124620060790264 99.99988483275565
v 0.15176770278071575 21.42857142857143 99.99988483275565
v 0.15176770278071575 21.732522796352583 99.99988483275565
v 0.15176770278071575 22.036474164133736 99.99988483275565
v 0.15176770278071575 22.34042553191489 99.99988483275565
v 0.15176770278071575 22.64437689969604 99.99988483275565
v 0.15176770278071575 22.948328267477194 99.99988483275565
v 0.15176770278071575 23.25227963525836 99.99988483275565
v 0.15176770278071575 23.556231003039514 99.99988483275565
v 0.15176770278071575 23.860182370820667 99.99988483275565
v 0.15176770278071575 24.16413373860182 99.99988483275565
v 0.15176770278071575 24.468085106382972 99.99988483275565
v 0.15176770278071575 24.772036474164125 99.99988483275565
v 0.15176770278071575 25.07598784194529 99.99988483275565
v 0.15176770278071575 25.379939209726444 99.99988483275565
v 0.15176770278071575 25.683890577507597 99.99988483275565
v 0.15176770278071575 25.98784194528875 99.99988483275565
v 0.15176770278071575 26.291793313069903 99.99988483275565
v 0.15176770278071575 26.595744680851055 99.99988483275565
v 0.15176770278071575 26.899696048632222 99.99988483275565
v 0.15176770278071575 27.203647416413375 99.99988483275565
v 0.15176770278071575 27.507598784194528 99.99988483275565
v 0.15176770278071575 27.81155015197568 99.99988483275565
v 0.15176770278071575 28.115501519756833 99.99988483275565
v 0.15176770278071575 28.419452887537986 99.99988483275565
v 0.15176770278071575 28.72340425531914 99.99988483275565
v 0.15176770278071575 29.027355623100306 99.99988483275565
v 0.15176770278071575 29.33130699088146 99.99988483275565
v 0.15176770278071575 29.63525835866261 99.99988483275565
v 0.15176770278071575 29.939209726443764 99.99988483275565
v 0.15176770278071575 30.243161094224916 99.99988483275565
v 0.15176770278071575 30.54711246200607 99.99988483275565
v 0.15176770278071575 30.851063829787236 99.99988483275565
v 0.15176770278071575 31.15501519756839 99.99988483275565
v 0.15176770278071575 31.45896656534954 99.99988483275565
v 0.15176770278071575 31.762917933130694 99.99988483275565
v 0.15176770278071575 32.06686930091185 99.99988483275565
v 0.15176770278071575 32.370820668693 99.99988483275565
v 0.15176770278071575 32.67477203647417 99.99988483275565
v 0.15176770278071575 32.97872340425532 99.99988483275565
v 0.15176770278071575 33.28267477203647 99.99988483275565
v 0.15176770278071575 33.586626139817625 99.99988483275565
v 0.15176770278071575 33.89057750759878 99.99988483275565
v 0.15176770278071575 34.19452887537993 99.99988483275565
v 0.15176770278071575 34.4984802431611 99.99988483275565
v 0.15176770278071575 34.80243161094225 99.99988483275565
v 0.15176770278071575 35.1063829787234 99.99988483275565
v 0.15176770278071575 35.410334346504555 99.99988483275565
v 0.15176770278071575 35.71428571428571 99.99988483275565
v 0.15176770278071575 36.01823708206686 99.99988483275565
v 0.15176770278071575 36.322188449848014 99.99988483275565
v 0.15176770278071575 36.62613981762918 99.99988483275565
v 0.15176770278071575 36.93009118541033 99.99988483275565
v 0.15176770278071575 37.234042553191486 99.99988483275565
v 0.15176770278071575 37.53799392097264 99.99988483275565
v 0.15176770278071575 37.84194528875379 99.99988483275565
v 0.15176770278071575 38.145896656534944 99.99988483275565
v 0.15176770278071575 38.44984802431611 99.99988483275565
v 0.15176770278071575 38.753799392097264 99.99988483275565
v 0.15176770278071575 39.05775075987842 99.99988483275565
v 0.15176770278071575 39.36170212765957 99.99988483275565
v 0.15176770278071575 39.66565349544072 99.99988483275565
v 0.15176770278071575 39.969604863221875 99.99988483275565
v 0.15176770278071575 40.27355623100304 99.99988483275565
v 0.15176770278071575 40.577507598784194 99.99988483275565
v 0.15176770278071575 40.88145896656535 99.99988483275565
v 0.15176770278071575 41.1854103343465 99.99988483275565
v 0.15176770278071575 41.48936170212765 99.99988483275565
v 0.15176770278071575 41.793313069908805 99.99988483275565
v 0.15176770278071575 42.09726443768997 99.99988483275565
v 0.15176770278071575 42.401215805471125 99.99988483275565
v 0.15176770278071575 42.70516717325228 99.99988483275565
v 0.15176770278071575 43.00911854103343 99.99988483275565
v 0.15176770278071575 43.31306990881458 99.99988483275565
v 0.15176770278071575 43.617021276595736 99.99988483275565
v 0.15176770278071575 43.92097264437689 99.99988483275565
v 0.15176770278071575 44.224924012158056 99.99988483275565
v 0.15176770278071575 44.52887537993921 99.99988483275565
v 0.15176770278071575 44.83282674772036 99.99988483275565
v 0.15176770278071575 45.136778115501514 99.99988483275565
v 0.15176770278071575 45.44072948328267 99.99988483275565
v 0.15176770278071575 45.74468085106382 99.99988483275565
v 0.15176770278071575 46.048632218844986 99.99988483275565
v 0.15176770278071575 46.35258358662614 99.99988483275565
v 0.15176770278071575 46.65653495440729 99.99988483275565
v 0.15176770278071575 46.960486322188444 99.99988483275565
v 0.15176770278071575 47.2644376899696 99.99988483275565
v 0.15176770278071575 47.56838905775075 99.99988483275565
v 0.15176770278071575 47.87234042553192 99.99988483275565
v 0.15176770278071575 48.17629179331307 99.99988483275565
v 0.15176770278071575 48.48024316109422 99.99988483275565
v 0.15176770278071575 48.784194528875375 99.99988483275565
v 0.15176770278071575 49.08814589665653 99.99988483275565
v 0.15176770278071575 49.39209726443768 99.99988483275565
v 0.15176770278071575 49.69604863221885 99.99988483275565
v 0.15176770278071575 50.0 99.99988483275565
v 0.45530171004953796 -50.0 99.99896349639243
v 0.45530171004953796 -49.69604863221885 99.99896349639243
v 0.45530171004953796 -49.39209726443769 99.99896349639243
v 0.45530171004953796 -49.088145896656535 99.99896349639243
v 0.45530171004953796 -48.78419452887538 99.99896349639243
v 0.45530171004953796 -48.48024316109422 99.99896349639243
v 0.45530171004953796 -48.17629179331307 99.99896349639243
v 0.45530171004953796 -47.87234042553192 99.99896349639243
v 0.45530171004953796 -47.56838905775076 99.99896349639243
v 0.45530171004953796 -47.264437689969604 99.99896349639243
v 0.45530171004953796 -46.96048632218845 99.99896349639243
v 0.45530171004953796 -46.65653495440729 99.99896349639243
v 0.45530171004953796 -46.35258358662614 99.99896349639243
v 0.45530171004953796 -46.048632218844986 99.99896349639243
v 0.45530171004953796 -45.74468085106383 99.99896349639243
v 0.45530171004953796 -45.440729483282674 99.99896349639243
v 0.45530171004953796 -45.13677811550152 99.99896349639243
v 0.45530171004953796 -44.83282674772036 99.99896349639243
v 0.45530171004953796 -44.52887537993921 99.99896349639243
v 0.45530171004953796 -44.224924012158056 99.99896349639243
v 0.45530171004953796 -43.9209726443769 99.99896349639243
v 0.45530171004953796 -43.61702127659574 99.99896349639243
v 0.45530171004953796 -43.31306990881459 99.99896349639243
v 0.45530171004953796 -43.00911854103344 99.99896349639243
v 0.45530171004953796 -42.70516717325228 99.99896349639243
v 0.45530171004953796 -42.401215805471125 99.99896349639243
v 0.45530171004953796 -42.09726443768997 99.99896349639243
v 0.45530171004953796 -41.79331306990881 99.99896349639243
v 0.45530171004953796 -41.48936170212766 99.99896349639243
v 0.45530171004953796 -41.18541033434651 99.99896349639243
v 0.45530171004953796 -40.88145896656535 99.99896349639243
v 0.45530171004953796 -40.577507598784194 99.99896349639243
v 0.45530171004953796 -40.27355623100304 99.99896349639243
v 0.45530171004953796 -39.96960486322189 99.99896349639243
v 0.45530171004953796 -39.66565349544073 99.99896349639243
v 0.45530171004953796 -39.361702127659576 99.99896349639243
v 0.45530171004953796 -39.05775075987842 99.99896349639243
v 0.45530171004953796 -38.753799392097264 99.99896349639243
v 0.45530171004953796 -38.44984802431611 99.99896349639243
v 0.45530171004953796 -38.14589665653496 99.99896349639243
v 0.45530171004953796 -37.8419452887538 99.99896349639243
v 0.45530171004953796 -37.537993920972646 99.99896349639243
v 0.45530171004953796 -37.234042553191486 99.99896349639243
v 0.45530171004953796 -36.93009118541033 99.99896349639243
v 0.45530171004953796 -36.62613981762918 99.99896349639243
v 0.45530171004953796 -36.32218844984803 99.99896349639243
v 0.45530171004953796 -36.01823708206687 99.99896349639243
v 0.45530171004953796 -35.714285714285715 99.99896349639243
v 0.45530171004953796 -35.410334346504555 99.99896349639243
v 0.45530171004953796 -35.1063829787234 99.99896349639243
v 0.45530171004953796 -34.80243161094225 99.99896349639243
v 0.45530171004953796 -34.4984802431611 99.99896349639243
v 0.45530171004953796 -34.19452887537994 99.99896349639243
v 0.45530171004953796 -33.890577507598785 99.99896349639243
v 0.45530171004953796 -33.586626139817625 99.99896349639243
v 0.45530171004953796 -33.28267477203647 99.99896349639243
v 0.45530171004953796 -32.97872340425532 99.99896349639243
v 0.45530171004953796 -32.67477203647417 99.99896349639243
v 0.45530171004953796 -32.370820668693014 99.99896349639243
v 0.45530171004953796 -32.066869300911854 99.99896349639243
v 0.45530171004953796 -31.7629179331307 99.99896349639243
v 0.45530171004953796 -31.458966565349545 99.99896349639243
v 0.45530171004953796 -31.15501519756839 99.99896349639243
v 0.45530171004953796 -30.851063829787236 99.99896349639243
v 0.45530171004953796 -30.54711246200608 99.99896349639243
v 0.45530171004953796 -30.243161094224924 99.99896349639243
v 0.45530171004953796 -29.93920972644377 99.99896349639243
v 0.45530171004953796 -29.635258358662615 99.99896349639243
v 0.45530171004953796 -29.33130699088146 99.99896349639243
v 0.45530171004953796 -29.027355623100306 99.99896349639243
v 0.45530171004953796 -28.72340425531915 99.99896349639243
v 0.45530171004953796 -28.419452887537997 99.99896349639243
v 0.45530171004953796 -28.11550151975684 99.99896349639243
v 0.45530171004953796 -27.811550151975684 99.99896349639243
v 0.45530171004953796 -27.50759878419453 99.99896349639243
v 0.45530171004953796 -27.203647416413375 99.99896349639243
v 0.45530171004953796 -26.89969604863222 99.99896349639243
v 0.45530171004953796 -26.595744680851066 99.99896349639243
v 0.45530171004953796 -26.29179331306991 99.99896349639243
v 0.45530171004953796 -25.987841945288753 99.99896349639243
v 0.45530171004953796 -25.6838905775076 99.99896349639243
v 0.45530171004953796 -25.379939209726444 99.99896349639243
v 0.45530171004953796 -25.075987841945288 99.99896349639243
v 0.45530171004953796 -24.772036474164135 99.99896349639243
v 0.45530171004953796 -24.46808510638298 99.99896349639243
v 0.45530171004953796 -24.164133738601826 99.99896349639243
v 0.45530171004953796 -23.86018237082067 99.99896349639243
v 0.45530171004953796 -23.556231003039514 99.99896349639243
v 0.45530171004953796 -23.25227963525836 99.99896349639243
v 0.45530171004953796 -22.948328267477205 99.99896349639243
v 0.45530171004953796 -22.64437689969605 99.99896349639243
v 0.45530171004953796 -22.340425531914896 99.99896349639243
v 0.45530171004953796 -22.03647416413374 99.99896349639243
v 0.45530171004953796 -21.732522796352583 99.99896349639243
v 0.45530171004953796 -21.42857142857143 99.99896349639243
v 0.45530171004953796 -21.124620060790274 99.99896349639243
v 0.45530171004953796 -20.820668693009118 99.99896349639243
v 0.45530171004953796 -20.516717325227965 99.99896349639243
v 0.45530171004953796 -20.21276595744681 99.99896349639243
v 0.45530171004953796 -19.908814589665656 99.99896349639243
v 0.45530171004953796 -19.6048632218845 99.99896349639243
v 0.45530171004953796 -19.300911854103344 99.99896349639243
v 0.45530171004953796 -18.99696048632219 99.99896349639243
v 0.45530171004953796 -18.693009118541035 99.99896349639243
v 0.45530171004953796 -18.38905775075988 99.99896349639243
v 0.45530171004953796 -18.085106382978726 99.99896349639243
v 0.45530171004953796 -17.78115501519757 99.99896349639243
v 0.45530171004953796 -17.477203647416417 99.99896349639243
v 0.45530171004953796 -17.173252279635257 99.99896349639243
v 0.45530171004953796 -16.869300911854104 99.99896349639243
v 0.45530171004953796 -16.56534954407295 99.99896349639243
v 0.45530171004953796 -16.26139817629179 99.99896349639243
v 0.45530171004953796 -15.957446808510639 99.99896349639243
v 0.45530171004953796 -15.653495440729486 99.99896349639243
v 0.45530171004953796 -15.349544072948326 99.99896349639243
v 0.45530171004953796 -15.045592705167174 99.99896349639243
v 0.45530171004953796 -14.741641337386021 99.99896349639243
v 0.45530171004953796 -14.437689969604868 99.99896349639243
v 0.45530171004953796 -14.133738601823708 99.99896349639243
v 0.45530171004953796 -13.829787234042556 99.99896349639243
v 0.45530171004953796 -13.525835866261403 99.99896349639243
v 0.45530171004953796 -13.221884498480243 99.99896349639243
v 0.45530171004953796 -12.91793313069909 99.99896349639243
v 0.45530171004953796 -12.613981762917938 99.99896349639243
v 0.45530171004953796 -12.310030395136778 99.99896349639243
v 0.45530171004953796 -12.006079027355625 99.99896349639243
v 0.45530171004953796 -11.702127659574472 99.99896349639243
v 0.45530171004953796 -11.398176291793312 99.99896349639243
v 0.45530171004953796 -11.09422492401216 99.99896349639243
v 0.45530171004953796 -10.790273556231007 99.99896349639243
v 0.45530171004953796 -10.486322188449847 99.99896349639243
v 0.45530171004953796 -10.182370820668694 99.99896349639243
v 0.45530171004953796 -9.878419452887542 99.99896349639243
v 0.45530171004953796 -9.574468085106382 99.99896349639243
v 0.45530171004953796 -9.27051671732523 99.99896349639243
v 0.45530171004953796 -8.966565349544076 99.99896349639243
v 0.45530171004953796 -8.662613981762917 99.99896349639243
v 0.45530171004953796 -8.358662613981764 99.99896349639243
v 0.45530171004953796 -8.054711246200611 99.99896349639243
v 0.45530171004953796 -7.750759878419451 99.99896349639243
v 0.45530171004953796 -7.446808510638299 99.99896349639243
v 0.45530171004953796 -7.142857142857146 99.99896349639243
v 0.45530171004953796 -6.838905775075993 99.99896349639243
v 0.45530171004953796 -6.534954407294833 99.99896349639243
v 0.45530171004953796 -6.231003039513681 99.99896349639243
v 0.45530171004953796 -5.927051671732528 99.99896349639243
v 0.45530171004953796 -5.623100303951368 99.99896349639243
v 0.45530171004953796 -5.319148936170215 99.99896349639243
v 0.45530171004953796 -5.015197568389063 99.99896349639243
v 0.45530171004953796 -4.711246200607903 99.99896349639243
v 0.45530171004953796 -4.40729483282675 99.99896349639243
v 0.45530171004953796 -4.103343465045597 99.99896349639243
v 0.45530171004953796 -3.7993920972644375 99.99896349639243
v 0.45530171004953796 -3.4954407294832848 99.99896349639243
v 0.45530171004953796 -3.191489361702132 99.99896349639243
v 0.45530171004953796 -2.887537993920972 99.99896349639243
v 0.45530171004953796 -2.5835866261398195 99.99896349639243
v 0.45530171004953796 -2.2796352583586668 99.99896349639243
v 0.45530171004953796 -1.975683890577507 99.99896349639243
v 0.45530171004953796 -1.6717325227963542 99.99896349639243
v 0.45530171004953796 -1.3677811550152015 99.99896349639243
v 0.45530171004953796 -1.0638297872340416 99.99896349639243
v 0.45530171004953796 -0.7598784194528889 99.99896349639243
v 0.45530171004953796 -0.4559270516717362 99.99896349639243
v 0.45530171004953796 -0.15197568389057636 99.99896349639243
v 0.45530171004953796 0.15197568389057636 99.99896349639243
v 0.45530171004953796 0.4559270516717291 99.99896349639243
v 0.45530171004953796 0.7598784194528818 99.99896349639243
v 0.45530171004953796 1.0638297872340416 99.99896349639243
v 0.45530171004953796 1.3677811550151944 99.99896349639243
v 0.45530171004953796 1.671732522796347 99.99896349639243
v 0.45530171004953796 1.975683890577507 99.99896349639243
v 0.45530171004953796 2.2796352583586597 99.99896349639243
v 0.45530171004953796 2.5835866261398124 99.99896349639243
v 0.45530171004953796 2.887537993920972 99.99896349639243
v 0.45530171004953796 3.191489361702125 99.99896349639243
v 0.45530171004953796 3.4954407294832777 99.99896349639243
v 0.45530171004953796 3.7993920972644375 99.99896349639243
v 0.45530171004953796 4.10334346504559 99.99896349639243
v 0.45530171004953796 4.407294832826743 99.99896349639243
v 0.45530171004953796 4.711246200607903 99.99896349639243
v 0.45530171004953796 5.0151975683890555 99.99896349639243
v 0.45530171004953796 5.319148936170208 99.99896349639243
v 0.45530171004953796 5.623100303951368 99.99896349639243
v 0.45530171004953796 5.927051671732521 99.99896349639243
v 0.45530171004953796 6.2310030395136735 99.99896349639243
v 0.45530171004953796 6.534954407294833 99.99896349639243
v 0.45530171004953796 6.838905775075986 99.99896349639243
v 0.45530171004953796 7.142857142857139 99.99896349639243
v 0.45530171004953796 7.446808510638299 99.99896349639243
v 0.45530171004953796 7.750759878419451 99.99896349639243
v 0.45530171004953796 8.054711246200604 99.99896349639243
v 0.45530171004953796 8.358662613981764 99.99896349639243
v 0.45530171004953796 8.662613981762917 99.99896349639243
v 0.45530171004953796 8.96656534954407 99.99896349639243
v 0.45530171004953796 9.270516717325222 99.99896349639243
v 0.45530171004953796 9.574468085106382 99.99896349639243
v 0.45530171004953796 9.878419452887535 99.99896349639243
v 0.45530171004953796 10.182370820668687 99.99896349639243
v 0.45530171004953796 10.486322188449847 99.99896349639243
v 0.45530171004953796 10.790273556231 99.99896349639243
v 0.45530171004953796 11.094224924012153 99.99896349639243
v 0.45530171004953796 11.398176291793312 99.99896349639243
v 0.45530171004953796 11.702127659574465 99.99896349639243
v 0.45530171004953796 12.006079027355618 99.99896349639243
v 0.45530171004953796 12.310030395136778 99.99896349639243
v 0.45530171004953796 12.61398176291793 99.99896349639243
v 0.45530171004953796 12.917933130699083 99.99896349639243
v 0.45530171004953796 13.221884498480243 99.99896349639243
v 0.45530171004953796 13.525835866261396 99.99896349639243
v 0.45530171004953796 13.829787234042549 99.99896349639243
v 0.45530171004953796 14.133738601823708 99.99896349639243
v 0.45530171004953796 14.437689969604861 99.99896349639243
v 0.45530171004953796 14.741641337386014 99.99896349639243
v 0.45530171004953796 15.045592705167167 99.99896349639243
v 0.45530171004953796 15.34954407294832 99.99896349639243
v 0.45530171004953796 15.653495440729486 99.99896349639243
v 0.45530171004953796 15.957446808510639 99.99896349639243
v 0.45530171004953796 16.26139817629179 99.99896349639243
v 0.45530171004953796 16.565349544072944 99.99896349639243
v 0.45530171004953796 16.869300911854097 99.99896349639243
v 0.45530171004953796 17.17325227963525 99.99896349639243
v 0.45530171004953796 17.477203647416417 99.99896349639243
v 0.45530171004953796 17.78115501519757 99.99896349639243
v 0.45530171004953796 18.085106382978722 99.99896349639243
v 0.45530171004953796 18.389057750759875 99.99896349639243
v 0.45530171004953796 18.693009118541028 99.99896349639243
v 0.45530171004953796 18.99696048632218 99.99896349639243
v 0.45530171004953796 19.300911854103347 99.99896349639243
v 0.45530171004953796 19.6048632218845 99.99896349639243
v 0.45530171004953796 19.908814589665653 99.99896349639243
v 0.45530171004953796 20.212765957446805 99.99896349639243
v 0.45530171004953796 20.516717325227958 99.99896349639243
v 0.45530171004953796 20.82066869300911 99.99896349639243
v 0.45530171004953796 21.124620060790264 99.99896349639243
v 0.45530171004953796 21.42857142857143 99.99896349639243
v 0.45530171004953796 21.732522796352583 99.99896349639243
v 0.45530171004953796 22.036474164133736 99.99896349639243
v 0.45530171004953796 22.34042553191489 99.99896349639243
v 0.45530171004953796 22.64437689969604 99.99896349639243
v 0.45530171004953796 22.948328267477194 99.99896349639243
v 0.45530171004953796 23.25227963525836 99.99896349639243
v 0.45530171004953796 23.556231003039514 99.99896349639243
v 0.45530171004953796 23.860182370820667 99.99896349639243
v 0.45530171004953796 24.16413373860182 99.99896349639243
v 0.45530171004953796 24.468085106382972 99.99896349639243
v 0.45530171004953796 24.772036474164125 99.99896349639243
v 0.45530171004953796 25.07598784194529 99.99896349639243
v 0.45530171004953796 25.379939209726444 99.99896349639243
v 0.45530171004953796 25.683890577507597 99.99896349639243
v 0.45530171004953796 25.98784194528875 99.99896349639243
v 0.45530171004953796 26.291793313069903 99.99896349639243
v 0.45530171004953796 26.595744680851055 99.99896349639243
v 0.45530171004953796 26.899696048632222 99.99896349639243
v 0.45530171004953796 27.203647416413375 99.99896349639243
v 0.45530171004953796 27.507598784194528 99.99896349639243
v 0.45530171004953796 27.81155015197568 99.99896349639243
v 0.45530171004953796 28.115501519756833 99.99896349639243
v 0.45530171004953796 28.419452887537986 99.99896349639243
v 0.45530171004953796 28.72340425531914 99.99896349639243
v 0.45530171004953796 29.027355623100306 99.99896349639243
v 0.45530171004953796 29.33130699088146 99.99896349639243
v 0.45530171004953796 29.63525835866261 99.99896349639243
v 0.45530171004953796 29.939209726443764 99.99896349639243
v 0.45530171004953796 30.243161094224916 99.99896349639243
v 0.45530171004953796 30.54711246200607 99.99896349639243
v 0.45530171004953796 30.851063829787236 99.99896349639243
v 0.45530171004953796 31.15501519756839 99.99896349639243
v 0.45530171004953796 31.45896656534954 99.99896349639243
v 0.45530171004953796 31.762917933130694 99.99896349639243
v 0.45530171004953796 32.06686930091185 99.99896349639243
v 0.45530171004953796 32.370820668693 99.99896349639243
v 0.45530171004953796 32.67477203647417 99.99896349639243
v 0.45530171004953796 32.97872340425532 99.99896349639243
v 0.45530171004953796 33.28267477203647 99.99896349639243
v 0.45530171004953796 33.586626139817625 99.99896349639243
v 0.45530171004953796 33.89057750759878 99.99896349639243
v 0.45530171004953796 34.19452887537993 99.99896349639243
v 0.45530171004953796 34.4984802431611 99.99896349639243
v 0.45530171004953796 34.80243161094225 99.99896349639243
v 0.45530171004953796 35.1063829787234 99.99896349639243
v 0.45530171004953796 35.410334346504555 99.99896349639243
v 0.45530171004953796 35.71428571428571 99.99896349639243
v 0.45530171004953796 36.01823708206686 99.99896349639243
v 0.45530171004953796 36.322188449848014 99.99896349639243
v 0.45530171004953796 36.62613981762918 99.99896349639243
v 0.45530171004953796 36.93009118541033 99.99896349639243
v 0.45530171004953796 37.234042553191486 99.99896349639243
v 0.45530171004953796 37.53799392097264 99.99896349639243
v 0.45530171004953796 37.84194528875379 99.99896349639243
v 0.45530171004953796 38.145896656534944 99.99896349639243
v 0.45530171004953796 38.44984802431611 99.99896349639243
v 0.45530171004953796 38.753799392097264 99.99896349639243
v 0.45530171004953796 39.05775075987842 99.99896349639243
v 0.45530171004953796 39.36170212765957 99.99896349639243
v 0.45530171004953796 39.66565349544072 99.99896349639243
v 0.45530171004953796 39.969604863221875 99.99896349639243
v 0.45530171004953796 40.27355623100304 99.99896349639243
v 0.45530171004953796 40.577507598784194 99.99896349639243
v 0.45530171004953796 40.88145896656535 99.99896349639243
v 0.45530171004953796 41.1854103343465 99.99896349639243
v 0.45530171004953796 41.48936170212765 99.99896349639243
v 0.45530171004953796 41.793313069908805 99.99896349639243
v 0.45530171004953796 42.09726443768997 99.99896349639243
v 0.45530171004953796 42.401215805471125 99.99896349639243
v 0.45530171004953796 42.70516717325228 99.99896349639243
v 0.45530171004953796 43.00911854103343 99.99896349639243
v 0.45530171004953796 43.31306990881458 99.99896349639243
v 0.45530171004953796 43.617021276595736 99.99896349639243
v 0.45530171004953796 43.92097264437689 99.99896349639243
v 0.45530171004953796 44.224924012158056 99.99896349639243
v 0.45530171004953796 44.52887537993921 99.99896349639243
v 0.45530171004953796 44.83282674772036 99.99896349639243
v 0.45530171004953796 45.136778115501514 99.99896349639243
v 0.45530171004953796 45.44072948328267 99.99896349639243
v 0.45530171004953796 45.74468085106382 99.99896349639243
v 0.45530171004953796 46.048632218844986 99.99896349639243
v 0.45530171004953796 46.35258358662614 99.99896349639243
v 0.45530171004953796 46.65653495440729 99.99896349639243
v 0.45530171004953796 46.960486322188444 99.99896349639243
v 0.45530171004953796 47.2644376899696 99.99896349639243
v 0.45530171004953796 47.56838905775075 99.99896349639243
v 0.45530171004953796 47.87234042553192 99.99896349639243
v 0.45530171004953796 48.17629179331307 99.99896349639243
v 0.45530171004953796 48.48024316109422 99.99896349639243
v 0.45530171004953796 48.784194528875375 99.99896349639243
v 0.45530171004953796 49.08814589665653 99.99896349639243
v 0.45530171004953796 49.39209726443768 99.99896349639243
v 0.45530171004953796 49.69604863221885 99.99896349639243
v 0.45530171004953796 50.0 99.99896349639243
v 0.7588315224533121 -50.0 99.99712083215462
v 0.7588315224533121 -49.69604863221885 99.99712083215462
v 0.7588315224533121 -49.39209726443769 99.99712083215462
v 0.7588315224533121 -49.088145896656535 99.99712083215462
v 0.7588315224533121 -48.78419452887538 99.99712083215462
v 0.7588315224533121 -48.48024316109422 99.99712083215462
v 0.7588315224533121 -48.17629179331307 99.99712083215462
v 0.7588315224533121 -47.87234042553192 99.99712083215462
v 0.7588315224533121 -47.56838905775076 99.99712083215462
v 0.7588315224533121 -47.264437689969604 99.99712083215462
v 0.7588315224533121 -46.96048632218845 99.99712083215462
v 0.7588315224533121 -46.65653495440729 99.99712083215462
v 0.7588315224533121 -46.35258358662614 99.99712083215462
v 0.7588315224533121 -46.048632218844986 99.99712083215462
v 0.7588315224533121 -45.74468085106383 99.99712083215462
v 0.7588315224533121 -45.440729483282674 99.99712083215462
v 0.7588315224533121 -45.13677811550152 99.99712083215462
v 0.7588315224533121 -44.83282674772036 99.99712083215462
v 0.7588315224533121 -44.52887537993921 99.99712083215462
v 0.7588315224533121 -44.224924012158056 99.99712083215462
v 0.7588315224533121 -43.9209726443769 99.99712083215462
v 0.7588315224533121 -43.61702127659574 99.99712083215462
v 0.7588315224533121 -43.31306990881459 99.99712083215462
v 0.7588315224533121 -43.00911854103344 99.99712083215462
v 0.7588315224533121 -42.70516717325228 99.99712083215462
v 0.7588315224533121 -42.401215805471125 99.99712083215462
v 0.7588315224533121 -42.09726443768997 99.99712083215462
v 0.7588315224533121 -41.79331306990881 99.99712083215462
v 0.7588315224533121 -41.48936170212766 99.99712083215462
v 0.7588315224533121 -41.18541033434651 99.99712083215462
v 0.7588315224533121 -40.88145896656535 99.99712083215462
v 0.7588315224533121 -40.577507598784194 99.99712083215462
v 0.7588315224533121 -40.27355623100304 99.99712083215462
v 0.7588315224533121 -39.96960486322189 99.99712083215462
v 0.7588315224533121 -39.66565349544073 99.99712083215462
v 0.7588315224533121 -39.361702127659576 99.99712083215462
v 0.7588315224533121 -39.05775075987842 99.99712083215462
v 0.7588315224533121 -38.753799392097264 99.99712083215462
v 0.7588315224533121 -38.44984802431611 99.99712083215462
v 0.7588315224533121 -38.14589665653496 99.99712083215462
v 0.7588315224533121 -37.8419452887538 99.99712083215462
v 0.7588315224533121 -37.537993920972646 99.99712083215462
v 0.7588315224533121 -37.234042553191486 99.99712083215462
v 0.7588315224533121 -36.93009118541033 99.99712083215462
v 0.7588315224533121 -36.62613981762918 99.99712083215462
v 0.7588315224533121 -36.32218844984803 99.99712083215462
v 0.7588315224533121 -36.01823708206687 99.99712083215462
v 0.7588315224533121 -35.714285714285715 99.99712083215462
v 0.7588315224533121 -35.410334346504555 99.99712083215462
v 0.7588315224533121 -35.1063829787234 99.99712083215462
v 0.7588315224533121 -34.80243161094225 99.99712083215462
v 0.7588315224533121 -34.4984802431611 99.99712083215462
v 0.7588315224533121 -34.19452887537994 99.99712083215462
v 0.7588315224533121 -33.890577507598785 99.99712083215462
v 0.7588315224533121 -33.586626139817625 99.99712083215462
v 0.7588315224533121 -33.28267477203647 99.99712083215462
v 0.7588315224533121 -32.97872340425532 99.99712083215462
v 0.7588315224533121 -32.67477203647417 99.99712083215462
v 0.7588315224533121 -32.370820668693014 99.99712083215462
v 0.7588315224533121 -32.066869300911854 99.99712083215462
v 0.7588315224533121 -31.7629179331307 99.99712083215462
v 0.7588315224533121 -31.458966565349545 99.99712083215462
v 0.7588315224533121 -31.15501519756839 99.99712083215462
v 0.7588315224533121 -30.851063829787236 99.99712083215462
v 0.7588315224533121 -30.54711246200608 99.99712083215462
v 0.7588315224533121 -30.243161094224924 99.99712083215462
v 0.7588315224533121 -29.93920972644377 99.99712083215462
v 0.7588315224533121 -29.635258358662615 99.99712083215462
v 0.7588315224533121 -29.33130699088146 99.99712083215462
v 0.7588315224533121 -29.027355623100306 99.99712083215462
v 0.7588315224533121 -28.72340425531915 99.99712083215462
v 0.7588315224533121 -28.419452887537997 99.99712083215462
v 0.7588315224533121 -28.11550151975684 99.99712083215462
v 0.7588315224533121 -27.811550151975684 99.99712083215462
v 0.7588315224533121 -27.50759878419453 99.99712083215462
v 0.7588315224533121 -27.203647416413375 99.99712083215462
v 0.7588315224533121 -26.89969604863222 99.99712083215462
v 0.7588315224533121 -26.595744680851066 99.99712083215462
v 0.7588315224533121 -26.29179331306991 99.99712083215462
v 0.7588315224533121 -25.987841945288753 99.99712083215462
v 0.7588315224533121 -25.6838905775076 99.99712083215462
v 0.7588315224533121 -25.379939209726444 99.99712083215462
v 0.7588315224533121 -25.075987841945288 99.99712083215462
v 0.7588315224533121 -24.772036474164135 99.99712083215462
v 0.7588315224533121 -24.46808510638298 99.99712083215462
v 0.7588315224533121 -24.164133738601826 99.99712083215462
v 0.7588315224533121 -23.86018237082067 99.99712083215462
v 0.7588315224533121 -23.556231003039514 99.99712083215462
v 0.7588315224533121 -23.25227963525836 99.99712083215462
v 0.7588315224533121 -22.948328267477205 99.99712083215462
v 0.7588315224533121 -22.64437689969605 99.99712083215462
v 0.7588315224533121 -22.340425531914896 99.99712083215462
v 0.7588315224533121 -22.03647416413374 99.99712083215462
v 0.7588315224533121 -21.732522796352583 99.99712083215462
v 0.7588315224533121 -21.42857142857143 99.99712083215462
v 0.7588315224533121 -21.124620060790274 99.99712083215462
v 0.7588315224533121 -20.820668693009118 99.99712083215462
v 0.7588315224533121 -20.516717325227965 99.99712083215462
v 0.7588315224533121 -20.21276595744681 99.99712083215462
v 0.7588315224533121 -19.908814589665656 99.99712083215462
v 0.7588315224533121 -19.6048632218845 99.99712083215462
v 0.7588315224533121 -19.300911854103344 99.99712083215462
v 0.7588315224533121 -18.99696048632219 99.99712083215462
v 0.7588315224533121 -18.693009118541035 99.99712083215462
v 0.7588315224533121 -18.38905775075988 99.99712083215462
v 0.7588315224533121 -18.085106382978726 99.99712083215462
v 0.7588315224533121 -17.78115501519757 99.99712083215462
v 0.7588315224533121 -17.477203647416417 99.99712083215462
v 0.7588315224533121 -17.173252279635257 99.99712083215462
v 0.7588315224533121 -16.869300911854104 99.99712083215462
v 0.7588315224533121 -16.56534954407295 99.99712083215462
v 0.7588315224533121 -16.26139817629179 99.99712083215462
v 0.7588315224533121 -15.957446808510639 99.99712083215462
v 0.7588315224533121 -15.653495440729486 99.99712083215462
v 0.7588315224533121 -15.349544072948326 99.99712083215462
v 0.7588315224533121 -15.045592705167174 99.99712083215462
v 0.7588315224533121 -14.741641337386021 99.99712083215462
v 0.7588315224533121 -14.437689969604868 99.99712083215462
v 0.7588315224533121 -14.133738601823708 99.99712083215462
v 0.7588315224533121 -13.829787234042556 99.99712083215462
v 0.7588315224533121 -13.525835866261403 99.99712083215462
v 0.7588315224533121 -13.221884498480243 99.99712083215462
v 0.7588315224533121 -12.91793313069909 99.99712083215462
v 0.7588315224533121 -12.613981762917938 99.99712083215462
v 0.7588315224533121 -12.310030395136778 99.99712083215462
v 0.7588315224533121 -12.006079027355625 99.99712083215462
v 0.7588315224533121 -11.702127659574472 99.99712083215462
v 0.7588315224533121 -11.398176291793312 99.99712083215462
v 0.7588315224533121 -11.09422492401216 99.99712083215462
v 0.7588315224533121 -10.790273556231007 99.99712083215462
v 0.7588315224533121 -10.486322188449847 99.99712083215462
v 0.7588315224533121 -10.182370820668694 99.99712083215462
v 0.7588315224533121 -9.878419452887542 99.99712083215462
v 0.7588315224533121 -9.574468085106382 99.99712083215462
v 0.7588315224533121 -9.27051671732523 99.99712083215462
v 0.7588315224533121 -8.966565349544076 99.99712083215462
v 0.7588315224533121 -8.662613981762917 99.99712083215462
v 0.7588315224533121 -8.358662613981764 99.99712083215462
v 0.7588315224533121 -8.054711246200611 99.99712083215462
v 0.7588315224533121 -7.750759878419451 99.99712083215462
v 0.7588315224533121 -7.446808510638299 99.99712083215462
v 0.7588315224533121 -7.142857142857146 99.99712083215462
v 0.7588315224533121 -6.838905775075993 99.99712083215462
v 0.7588315224533121 -6.534954407294833 99.99712083215462
v 0.7588315224533121 -6.231003039513681 99.99712083215462
v 0.7588315224533121 -5.927051671732528 99.99712083215462
v 0.7588315224533121 -5.623100303951368 99.99712083215462
v 0.7588315224533121 -5.319148936170215 99.99712083215462
v 0.7588315224533121 -5.015197568389063 99.99712083215462
v 0.7588315224533121 -4.711246200607903 99.99712083215462
v 0.7588315224533121 -4.40729483282675 99.99712083215462
v 0.7588315224533121 -4.103343465045597 99.99712083215462
v 0.7588315224533121 -3.7993920972644375 99.99712083215462
v 0.7588315224533121 -3.4954407294832848 99.99712083215462
v 0.7588315224533121 -3.191489361702132 99.99712083215462
v 0.7588315224533121 -2.887537993920972 99.99712083215462
v 0.7588315224533121 -2.5835866261398195 99.99712083215462
v 0.7588315224533121 -2.2796352583586668 99.99712083215462
v 0.7588315224533121 -1.975683890577507 99.99712083215462
v 0.7588315224533121 -1.6717325227963542 99.99712083215462
v 0.7588315224533121 -1.3677811550152015 99.99712083215462
v 0.7588315224533121 -1.0638297872340416 99.99712083215462
v 0.7588315224533121 -0.7598784194528889 99.99712083215462
v 0.7588315224533121 -0.4559270516717362 99.99712083215462
v 0.7588315224533121 -0.15197568389057636 99.99712083215462
v 0.7588315224533121 0.15197568389057636 99.99712083215462
v 0.7588315224533121 0.4559270516717291 99.99712083215462
v 0.7588315224533121 0.7598784194528818 99.99712083215462
v 0.7588315224533121 1.0638297872340416 99.99712083215462
v 0.7588315224533121 1.3677811550151944 99.99712083215462
v 0.7588315224533121 1.671732522796347 99.99712083215462
v 0.7588315224533121 1.975683890577507 99.99712083215462
v 0.7588315224533121 2.2796352583586597 99.99712083215462
v 0.7588315224533121 2.5835866261398124 99.99712083215462
v 0.7588315224533121 2.887537993920972 99.99712083215462
v 0.7588315224533121 3.191489361702125 99.99712083215462
v 0.7588315224533121 3.4954407294832777 99.99712083215462
v 0.7588315224533121 3.7993920972644375 99.99712083215462
v 0.7588315224533121 4.10334346504559 99.99712083215462
v 0.7588315224533121 4.407294832826743 99.99712083215462
v 0.7588315224533121 4.711246200607903 99.99712083215462
v 0.7588315224533121 5.0151975683890555 99.99712083215462
v 0.7588315224533121 5.319148936170208 99.99712083215462
v 0.7588315224533121 5.623100303951368 99.99712083215462
v 0.7588315224533121 5.927051671732521 99.99712083215462
v 0.7588315224533121 6.2310030395136735 99.99712083215462
v 0.7588315224533121 6.534954407294833 99.99712083215462
v 0.7588315224533121 6.838905775075986 99.99712083215462
v 0.7588315224533121 7.142857142857139 99.99712083215462
v 0.7588315224533121 7.446808510638299 99.99712083215462
v 0.7588315224533121 7.750759878419451 99.99712083215462
v 0.7588315224533121 8.054711246200604 99.99712083215462
v 0.7588315224533121 8.358662613981764 99.99712083215462
v 0.7588315224533121 8.662613981762917 99.99712083215462
v 0.7588315224533121 8.96656534954407 99.99712083215462
v 0.7588315224533121 9.270516717325222 99.99712083215462
v 0.7588315224533121 9.574468085106382 99.99712083215462
v 0.7588315224533121 9.878419452887535 99.99712083215462
v 0.7588315224533121 10.182370820668687 99.99712083215462
v 0.7588315224533121 10.486322188449847 99.99712083215462
v 0.7588315224533121 10.790273556231 99.99712083215462
v 0.7588315224533121 11.094224924012153 99.99712083215462
v 0.7588315224533121 11.398176291793312 99.99712083215462
v 0.7588315224533121 11.702127659574465 99.99712083215462
v 0.7588315224533121 12.006079027355618 99.99712083215462
v 0.7588315224533121 12.310030395136778 99.99712083215462
v 0.7588315224533121 12.61398176291793 99.99712083215462
v 0.7588315224533121 12.917933130699083 99.99712083215462
v 0.7588315224533121 13.221884498480243 99.99712083215462
v 0.7588315224533121 13.525835866261396 99.99712083215462
v 0.7588315224533121 13.829787234042549 99.99712083215462
v 0.7588315224533121 14.133738601823708 99.99712083215462
v 0.7588315224533121 14.437689969604861 99.99712083215462
v 0.7588315224533121 14.741641337386014 99.99712083215462
v 0.7588315224533121 15.045592705167167 99.99712083215462
v 0.7588315224533121 15.34954407294832 99.99712083215462
v 0.7588315224533121 15.653495440729486 99.99712083215462
v 0.7588315224533121 15.957446808510639 99.99712083215462
v 0.7588315224533121 16.26139817629179 99.99712083215462
v 0.7588315224533121 16.565349544072944 99.99712083215462
v 0.7588315224533121 16.869300911854097 99.99712083215462
v 0.7588315224533121 17.17325227963525 99.99712083215462
v 0.7588315224533121 17.477203647416417 99.99712083215462
v 0.7588315224533121 17.78115501519757 99.99712083215462
v 0.7588315224533121 18.085106382978722 99.99712083215462
v 0.7588315224533121 18.389057750759875 99.99712083215462
v 0.7588315224533121 18.693009118541028 99.99712083215462
v 0.7588315224533121 18.99696048632218 99.99712083215462
v 0.7588315224533121 19.300911854103347 99.99712083215462
v 0.7588315224533121 19.6048632218845 99.99712083215462
v 0.7588315224533121 19.908814589665653 99.99712083215462
v 0.7588315224533121 20.212765957446805 99.99712083215462
v 0.7588315224533121 20.516717325227958 99.99712083215462
v 0.7588315224533121 20.82066869300911 99.99712083215462
v 0.7588315224533121 21.124620060790264 99.99712083215462
v 0.7588315224533121 21.42857142857143 99.99712083215462
v 0.7588315224533121 21.732522796352583 99.99712083215462
v 0.7588315224533121 22.036474164133736 99.99712083215462
v 0.7588315224533121 22.34042553191489 99.99712083215462
v 0.7588315224533121 22.64437689969604 99.99712083215462
v 0.7588315224533121 22.948328267477194 99.99712083215462
v 0.7588315224533121 23.25227963525836 99.99712083215462
v 0.7588315224533121 23.556231003039514 99.99712083215462
v 0.7588315224533121 23.860182370820667 99.99712083215462
v 0.7588315224533121 24.16413373860182 99.99712083215462
v 0.7588315224533121 24.468085106382972 99.99712083215462
v 0.7588315224533121 24.772036474164125 99.99712083215462
v 0.7588315224533121 25.07598784194529 99.99712083215462
v 0.7588315224533121 25.379939209726444 99.99712083215462
v 0.7588315224533121 25.683890577507597 99.99712083215462
v 0.7588315224533121 25.98784194528875 99.99712083215462
v 0.7588315224533121 26.291793313069903 99.99712083215462
v 0.7588315224533121 26.595744680851055 99.99712083215462
v 0.7588315224533121 26.899696048632222 99.99712083215462
v 0.7588315224533121 27.203647416413375 99.99712083215462
v 0.7588315224533121 27.507598784194528 99.99712083215462
v 0.7588315224533121 27.81155015197568 99.99712083215462
v 0.7588315224533121 28.115501519756833 99.99712083215462
v 0.7588315224533121 28.419452887537986 99.99712083215462
v 0.7588315224533121 28.72340425531914 99.99712083215462
v 0.7588315224533121 29.027355623100306 99.99712083215462
v 0.7588315224533121 29.33130699088146 99.99712083215462
v 0.7588315224533121 29.63525835866261 99.99712083215462
v 0.7588315224533121 29.939209726443764 99.99712083215462
v 0.7588315224533121 30.243161094224916 99.99712083215462
v 0.7588315224533121 30.54711246200607 99.99712083215462
v 0.7588315224533121 30.851063829787236 99.99712083215462
v 0.7588315224533121 31.15501519756839 99.99712083215462
v 0.7588315224533121 31.45896656534954 99.99712083215462
v 0.7588315224533121 31.762917933130694 99.99712083215462
v 0.7588315224533121 32.06686930091185 99.99712083215462
v 0.7588315224533121 32.370820668693 99.99712083215462
v 0.7588315224533121 32.67477203647417 99.99712083215462
v 0.7588315224533121 32.97872340425532 99.99712083215462
v 0.7588315224533121 33.28267477203647 99.99712083215462
v 0.7588315224533121 33.586626139817625 99.99712083215462
v 0.7588315224533121 33.89057750759878 99.99712083215462
v 0.7588315224533121 34.19452887537993 99.99712083215462
v 0.7588315224533121 34.4984802431611 99.99712083215462
v 0.7588315224533121 34.80243161094225 99.99712083215462
v 0.7588315224533121 35.1063829787234 99.99712083215462
v 0.7588315224533121 35.410334346504555 99.99712083215462
v 0.7588315224533121 35.71428571428571 99.99712083215462
v 0.7588315224533121 36.01823708206686 99.99712083215462
v 0.7588315224533121 36.322188449848014 99.99712083215462
v 0.7588315224533121 36.62613981762918 99.99712083215462
v 0.7588315224533121 36.93009118541033 99.99712083215462
v 0.7588315224533121 37.234042553191486 99.99712083215462
v 0.7588315224533121 37.53799392097264 99.99712083215462
v 0.7588315224533121 37.84194528875379 99.99712083215462
v 0.7588315224533121 38.145896656534944 99.99712083215462
v 0.7588315224533121 38.44984802431611 99.99712083215462
v 0.7588315224533121 38.753799392097264 99.99712083215462
v 0.7588315224533121 39.05775075987842 99.99712083215462
v 0.7588315224533121 39.36170212765957 99.99712083215462
v 0.7588315224533121 39.66565349544072 99.99712083215462
v 0.7588315224533121 39.969604863221875 99.99712083215462
v 0.7588315224533121 40.27355623100304 99.99712083215462
v 0.7588315224533121 40.577507598784194 99.99712083215462
v 0.7588315224533121 40.88145896656535 99.99712083215462
v 0.7588315224533121 41.1854103343465 99.99712083215462
v 0.7588315224533121 41.48936170212765 99.99712083215462
v 0.7588315224533121 41.793313069908805 99.99712083215462
v 0.7588315224533121 42.09726443768997 99.99712083215462
v 0.7588315224533121 42.401215805471125 99.99712083215462
v 0.7588315224533121 42.70516717325228 99.99712083215462
v 0.7588315224533121 43.00911854103343 99.99712083215462
v 0.7588315224533121 43.31306990881458 99.99712083215462
v 0.7588315224533121 43.617021276595736 99.99712083215462
v 0.7588315224533121 43.92097264437689 99.99712083215462
v 0.7588315224533121 44.224924012158056 99.99712083215462
v 0.7588315224533121 44.52887537993921 99.99712083215462
v 0.7588315224533121 44.83282674772036 99.99712083215462
v 0.7588315224533121 45.136778115501514 99.99712083215462
v 0.7588315224533121 45.44072948328267 99.99712083215462
v 0.7588315224533121 45.74468085106382 99.99712083215462
v 0.7588315224533121 46.048632218844986 99.99712083215462
v 0.7588315224533121 46.35258358662614 99.99712083215462
v 0.7588315224533121 46.65653495440729 99.99712083215462
v 0.7588315224533121 46.960486322188444 99.99712083215462
v 0.7588315224533121 47.2644376899696 99.99712083215462
v 0.7588315224533121 47.56838905775075 99.99712083215462
v 0.7588315224533121 47.87234042553192 99.99712083215462
v 0.7588315224533121 48.17629179331307 99.99712083215462
v 0.7588315224533121 48.48024316109422 99.99712083215462
v 0.7588315224533121 48.784194528875375 99.99712083215462
v 0.7588315224533121 49.08814589665653 99.99712083215462
v 0.7588315224533121 49.39209726443768 99.99712083215462
v 0.7588315224533121 49.69604863221885 99.99712083215462
v 0.7588315224533121 50.0 99.99712083215462
v 1.0623543434582823 -50.0 99.99435685701937
v 1.0623543434582823 -49.69604863221885 99.99435685701937
v 1.0623543434582823 -49.39209726443769 99.99435685701937
v 1.0623543434582823 -49.088145896656535 99.99435685701937
v 1.0623543434582823 -48.78419452887538 99.99435685701937
v 1.0623543434582823 -48.48024316109422 99.99435685701937
v 1.0623543434582823 -48.17629179331307 99.99435685701937
v 1.0623543434582823 -47.87234042553192 99.99435685701937
v 1.0623543434582823 -47.56838905775076 99.99435685701937
v 1.0623543434582823 -47.264437689969604 99.99435685701937
v 1.0623543434582823 -46.96048632218845 99.99435685701937
v 1.0623543434582823 -46.65653495440729 99.99435685701937
v 1.0623543434582823 -46.35258358662614 99.99435685701937
v 1.0623543434582823 -46.048632218844986 99.99435685701937
v 1.0623543434582823 -45.74468085106383 99.99435685701937
v 1.0623543434582823 -45.440729483282674 99.99435685701937
v 1.0623543434582823 -45.13677811550152 99.99435685701937
v 1.0623543434582823 -44.83282674772036 99.99435685701937
v 1.0623543434582823 -44.52887537993921 99.99435685701937
v 1.0623543434582823 -44.224924012158056 99.99435685701937
v 1.0623543434582823 -43.9209726443769 99.99435685701937
v 1.0623543434582823 -43.61702127659574 99.99435685701937
v 1.0623543434582823 -43.31306990881459 99.99435685701937
v 1.0623543434582823 -43.00911854103344 99.99435685701937
v 1.0623543434582823 -42.70516717325228 99.99435685701937
v 1.0623543434582823 -42.401215805471125 99.99435685701937
v 1.0623543434582823 -42.09726443768997 99.99435685701937
v 1.0623543434582823 -41.79331306990881 99.99435685701937
v 1.0623543434582823 -41.48936170212766 99.99435685701937
v 1.0623543434582823 -41.18541033434651 99.99435685701937
v 1.0623543434582823 -40.88145896656535 99.99435685701937
v 1.0623543434582823 -40.577507598784194 99.99435685701937
v 1.0623543434582823 -40.27355623100304 99.99435685701937
v 1.0623543434582823 -39.96960486322189 99.99435685701937
v 1.0623543434582823 -39.66565349544073 99.99435685701937
v 1.0623543434582823 -39.361702127659576 99.99435685701937
v 1.0623543434582823 -39.05775075987842 99.99435685701937
v 1.0623543434582823 -38.753799392097264 99.99435685701937
v 1.0623543434582823 -38.44984802431611 99.99435685701937
v 1.0623543434582823 -38.14589665653496 99.99435685701937
v 1.0623543434582823 -37.8419452887538 99.99435685701937
v 1.0623543434582823 -37.537993920972646 99.99435685701937
v 1.0623543434582823 -37.234042553191486 99.99435685701937
v 1.0623543434582823 -36.93009118541033 99.99435685701937
v 1.0623543434582823 -36.62613981762918 99.99435685701937
v 1.0623543434582823 -36.32218844984803 99.99435685701937
v 1.0623543434582823 -36.01823708206687 99.99435685701937
v 1.0623543434582823 -35.714285714285715 99.99435685701937
v 1.0623543434582823 -35.410334346504555 99.99435685701937
v 1.0623543434582823 -35.1063829787234 99.99435685701937
v 1.0623543434582823 -34.80243161094225 99.99435685701937
v 1.0623543434582823 -34.4984802431611 99.99435685701937
v 1.0623543434582823 -34.19452887537994 99.99435685701937
v 1.0623543434582823 -33.890577507598785 99.99435685701937
v 1.0623543434582823 -33.586626139817625 99.99435685701937
v 1.0623543434582823 -33.28267477203647 99.99435685701937
v 1.0623543434582823 -32.97872340425532 99.99435685701937
v 1.0623543434582823 -32.67477203647417 99.99435685701937
v 1.0623543434582823 -32.370820668693014 99.99435685701937
v 1.0623543434582823 -32.066869300911854 99.99435685701937
v 1.0623543434582823 -31.7629179331307 99.99435685701937
v 1.0623543434582823 -31.458966565349545 99.99435685701937
v 1.0623543434582823 -31.15501519756839 99.99435685701937
v 1.0623543434582823 -30.851063829787236 99.99435685701937
v 1.0623543434582823 -30.54711246200608 99.99435685701937
v 1.0623543434582823 -30.243161094224924 99.99435685701937
v 1.0623543434582823 -29.93920972644377 99.99435685701937
v 1.0623543434582823 -29.635258358662615 99.99435685701937
v 1.0623543434582823 -29.33130699088146 99.99435685701937
v 1.0623543434582823 -29.027355623100306 99.99435685701937
v 1.0623543434582823 -28.72340425531915 99.99435685701937
v 1.0623543434582823 -28.419452887537997 99.99435685701937
v 1.0623543434582823 -28.11550151975684 99.99435685701937
v 1.0623543434582823 -27.811550151975684 99.99435685701937
v 1.0623543434582823 -27.50759878419453 99.99435685701937
v 1.0623543434582823 -27.203647416413375 99.99435685701937
v 1.0623543434582823 -26.89969604863222 99.99435685701937
v 1.0623543434582823 -26.595744680851066 99.99435685701937
v 1.0623543434582823 -26.29179331306991 99.99435685701937
v 1.0623543434582823 -25.987841945288753 99.99435685701937
v 1.0623543434582823 -25.6838905775076 99.99435685701937
v 1.0623543434582823 -25.379939209726444 99.99435685701937
v 1.0623543434582823 -25.075987841945288 99.99435685701937
v 1.0623543434582823 -24.772036474164135 99.99435685701937
v 1.0623543434582823 -24.46808510638298 99.99435685701937
v 1.0623543434582823 -24.164133738601826 99.99435685701937
v 1.0623543434582823 -23.86018237082067 99.99435685701937
v 1.0623543434582823 -23.556231003039514 99.99435685701937
v 1.0623543434582823 -23.25227963525836 99.99435685701937
v 1.0623543434582823 -22.948328267477205 99.99435685701937
v 1.0623543434582823 -22.64437689969605 99.99435685701937
v 1.0623543434582823 -22.340425531914896 99.99435685701937
v 1.0623543434582823 -22.03647416413374 99.99435685701937
v 1.0623543434582823 -21.732522796352583 99.99435685701937
v 1.0623543434582823 -21.42857142857143 99.99435685701937
v 1.0623543434582823 -21.124620060790274 99.99435685701937
v 1.0623543434582823 -20.820668693009118 99.99435685701937
v 1.0623543434582823 -20.516717325227965 99.99435685701937
v 1.0623543434582823 -20.21276595744681 99.99435685701937
v 1.0623543434582823 -19.908814589665656 99.99435685701937
v 1.0623543434582823 -19.6048632218845 99.99435685701937
v 1.0623543434582823 -19.300911854103344 99.99435685701937
v 1.0623543434582823 -18.99696048632219 99.99435685701937
v 1.0623543434582823 -18.693009118541035 99.99435685701937
v 1.0623543434582823 -18.38905775075988 99.99435685701937
v 1.0623543434582823 -18.085106382978726 99.99435685701937
v 1.0623543434582823 -17.78115501519757 99.99435685701937
v 1.0623543434582823 -17.477203647416417 99.99435685701937
v 1.0623543434582823 -17.173252279635257 99.99435685701937
v 1.0623543434582823 -16.869300911854104 99.99435685701937
v 1.0623543434582823 -16.56534954407295 99.99435685701937
v 1.0623543434582823 -16.26139817629179 99.99435685701937
v 1.0623543434582823 -15.957446808510639 99.99435685701937
v 1.0623543434582823 -15.653495440729486 99.99435685701937
v 1.0623543434582823 -15.349544072948326 99.99435685701937
v 1.0623543434582823 -15.045592705167174 99.99435685701937
v 1.0623543434582823 -14.741641337386021 99.99435685701937
v 1.0623543434582823 -14.437689969604868 99.99435685701937
v 1.0623543434582823 -14.133738601823708 99.99435685701937
v 1.0623543434582823 -13.829787234042556 99.99435685701937
v 1.0623543434582823 -13.525835866261403 99.99435685701937
v 1.0623543434582823 -13.221884498480243 99.99435685701937
v 1.0623543434582823 -12.91793313069909 99.99435685701937
v 1.0623543434582823 -12.613981762917938 99.99435685701937
v 1.0623543434582823 -12.310030395136778 99.99435685701937
v 1.0623543434582823 -12.006079027355625 99.99435685701937
v 1.0623543434582823 -11.702127659574472 99.99435685701937
v 1.0623543434582823 -11.398176291793312 99.99435685701937
v 1.0623543434582823 -11.09422492401216 99.99435685701937
v 1.0623543434582823 -10.790273556231007 99.99435685701937
v 1.0623543434582823 -10.486322188449847 99.99435685701937
v 1.0623543434582823 -10.182370820668694 99.99435685701937
v 1.0623543434582823 -9.878419452887542 99.99435685701937
v 1.0623543434582823 -9.574468085106382 99.99435685701937
v 1.0623543434582823 -9.27051671732523 99.99435685701937
v 1.0623543434582823 -8.966565349544076 99.99435685701937
v 1.0623543434582823 -8.662613981762917 99.99435685701937
v 1.0623543434582823 -8.358662613981764 99.99435685701937
v 1.0623543434582823 -8.054711246200611 99.99435685701937
v 1.0623543434582823 -7.750759878419451 99.99435685701937
v 1.0623543434582823 -7.446808510638299 99.99435685701937
v 1.0623543434582823 -7.142857142857146 99.99435685701937
v 1.0623543434582823 -6.838905775075993 99.99435685701937
v 1.0623543434582823 -6.534954407294833 99.99435685701937
v 1.0623543434582823 -6.231003039513681 99.99435685701937
v 1.0623543434582823 -5.927051671732528 99.99435685701937
v 1.0623543434582823 -5.623100303951368 99.99435685701937
v 1.0623543434582823 -5.319148936170215 99.99435685701937
v 1.0623543434582823 -5.015197568389063 99.99435685701937
v 1.0623543434582823 -4.711246200607903 99.99435685701937
v 1.0623543434582823 -4.40729483282675 99.99435685701937
v 1.0623543434582823 -4.103343465045597 99.99435685701937
v 1.0623543434582823 -3.7993920972644375 99.99435685701937
v 1.0623543434582823 -3.4954407294832848 99.99435685701937
v 1.0623543434582823 -3.191489361702132 99.99435685701937
v 1.0623543434582823 -2.887537993920972 99.99435685701937
v 1.0623543434582823 -2.5835866261398195 99.99435685701937
v 1.0623543434582823 -2.2796352583586668 99.99435685701937
v 1.0623543434582823 -1.975683890577507 99.99435685701937
v 1.0623543434582823 -1.6717325227963542 99.99435685701937
v 1.0623543434582823 -1.3677811550152015 99.99435685701937
v 1.0623543434582823 -1.0638297872340416 99.99435685701937
v 1.0623543434582823 -0.7598784194528889 99.99435685701937
v 1.0623543434582823 -0.4559270516717362 99.99435685701937
v 1.0623543434582823 -0.15197568389057636 99.99435685701937
v 1.0623543434582823 0.15197568389057636 99.99435685701937
v 1.0623543434582823 0.4559270516717291 99.99435685701937
v 1.0623543434582823 0.7598784194528818 99.99435685701937
v 1.0623543434582823 1.0638297872340416 99.99435685701937
v 1.0623543434582823 1.3677811550151944 99.99435685701937
v 1.0623543434582823 1.671732522796347 99.99435685701937
v 1.0623543434582823 1.975683890577507 99.99435685701937
v 1.0623543434582823 2.2796352583586597 99.99435685701937
v 1.0623543434582823 2.5835866261398124 99.99435685701937
v 1.0623543434582823 2.887537993920972 99.99435685701937
v 1.0623543434582823 3.191489361702125 99.99435685701937
v 1.0623543434582823 3.4954407294832777 99.99435685701937
v 1.0623543434582823 3.7993920972644375 99.99435685701937
v 1.0623543434582823 4.10334346504559 99.99435685701937
v 1.0623543434582823 4.407294832826743 99.99435685701937
v 1.0623543434582823 4.711246200607903 99.99435685701937
v 1.0623543434582823 5.0151975683890555 99.99435685701937
v 1.0623543434582823 5.319148936170208 99.99435685701937
v 1.0623543434582823 5.623100303951368 99.99435685701937
v 1.0623543434582823 5.927051671732521 99.99435685701937
v 1.0623543434582823 6.2310030395136735 99.99435685701937
v 1.0623543434582823 6.534954407294833 99.99435685701937
v 1.0623543434582823 6.838905775075986 99.99435685701937
v 1.0623543434582823 7.142857142857139 99.99435685701937
v 1.0623543434582823 7.446808510638299 99.99435685701937
v 1.0623543434582823 7.750759878419451 99.99435685701937
v 1.0623543434582823 8.054711246200604 99.99435685701937
v 1.0623543434582823 8.358662613981764 99.99435685701937
v 1.0623543434582823 8.662613981762917 99.99435685701937
v 1.0623543434582823 8.96656534954407 99.99435685701937
v 1.0623543434582823 9.270516717325222 99.99435685701937
v 1.0623543434582823 9.574468085106382 99.99435685701937
v 1.0623543434582823 9.878419452887535 99.99435685701937
v 1.0623543434582823 10.182370820668687 99.99435685701937
v 1.0623543434582823 10.486322188449847 99.99435685701937
v 1.0623543434582823 10.790273556231 99.99435685701937
v 1.0623543434582823 11.094224924012153 99.99435685701937
v 1.0623543434582823 11.398176291793312 99.99435685701937
v 1.0623543434582823 11.702127659574465 99.99435685701937
v 1.0623543434582823 12.006079027355618 99.99435685701937
v 1.0623543434582823 12.310030395136778 99.99435685701937
v 1.0623543434582823 12.61398176291793 99.99435685701937
v 1.0623543434582823 12.917933130699083 99.99435685701937
v 1.0623543434582823 13.221884498480243 99.99435685701937
v 1.0623543434582823 13.525835866261396 99.99435685701937
v 1.0623543434582823 13.829787234042549 99.99435685701937
v 1.0623543434582823 14.133738601823708 99.99435685701937
v 1.0623543434582823 14.437689969604861 99.99435685701937
v 1.0623543434582823 14.741641337386014 99.99435685701937
v 1.0623543434582823 15.045592705167167 99.99435685701937
v 1.0623543434582823 15.34954407294832 99.99435685701937
v 1.0623543434582823 15.653495440729486 99.99435685701937
v 1.0623543434582823 15.957446808510639 99.99435685701937
v 1.0623543434582823 16.26139817629179 99.99435685701937
v 1.0623543434582823 16.565349544072944 99.99435685701937
v 1.0623543434582823 16.869300911854097 99.99435685701937
v 1.0623543434582823 17.17325227963525 99.99435685701937
v 1.0623543434582823 17.477203647416417 99.99435685701937
v 1.0623543434582823 17.78115501519757 99.99435685701937
v 1.0623543434582823 18.085106382978722 99.99435685701937
v 1.0623543434582823 18.389057750759875 99.99435685701937
v 1.0623543434582823 18.693009118541028 99.99435685701937
v 1.0623543434582823 18.99696048632218 99.99435685701937
v 1.0623543434582823 19.300911854103347 99.99435685701937
v 1.0623543434582823 19.6048632218845 99.99435685701937
v 1.0623543434582823 19.908814589665653 99.99435685701937
v 1.0623543434582823 20.212765957446805 99.99435685701937
v 1.0623543434582823 20.516717325227958 99.99435685701937
v 1.0623543434582823 20.82066869300911 99.99435685701937
v 1.0623543434582823 21.124620060790264 99.99435685701937
v 1.0623543434582823 21.42857142857143 99.99435685701937
v 1.0623543434582823 21.732522796352583 99.99435685701937
v 1.0623543434582823 22.036474164133736 99.99435685701937
v 1.0623543434582823 22.34042553191489 99.99435685701937
v 1.0623543434582823 22.64437689969604 99.99435685701937
v 1.0623543434582823 22.948328267477194 99.99435685701937
v 1.0623543434582823 23.25227963525836 99.99435685701937
v 1.0623543434582823 23.556231003039514 99.99435685701937
v 1.0623543434582823 23.860182370820667 99.99435685701937
v 1.0623543434582823 24.16413373860182 99.99435685701937
v 1.0623543434582823 24.468085106382972 99.99435685701937
v 1.0623543434582823 24.772036474164125 99.99435685701937
v 1.0623543434582823 25.07598784194529 99.99435685701937
v 1.0623543434582823 25.379939209726444 99.99435685701937
v 1.0623543434582823 25.683890577507597 99.99435685701937
v 1.0623543434582823 25.98784194528875 99.99435685701937
v 1.0623543434582823 26.291793313069903 99.99435685701937
v 1.0623543434582823 26.595744680851055 99.99435685701937
v 1.0623543434582823 26.899696048632222 99.99435685701937
v 1.0623543434582823 27.203647416413375 99.99435685701937
v 1.0623543434582823 27.507598784194528 99.99435685701937
v 1.0623543434582823 27.81155015197568 99.99435685701937
v 1.0623543434582823 28.115501519756833 99.99435685701937
v 1.0623543434582823 28.419452887537986 99.99435685701937
v 1.0623543434582823 28.72340425531914 99.99435685701937
v 1.0623543434582823 29.027355623100306 99.99435685701937
v 1.0623543434582823 29.33130699088146 99.99435685701937
v 1.0623543434582823 29.63525835866261 99.99435685701937
v 1.0623543434582823 29.939209726443764 99.99435685701937
v 1.0623543434582823 30.243161094224916 99.99435685701937
v 1.0623543434582823 30.54711246200607 99.99435685701937
v 1.0623543434582823 30.851063829787236 99.99435685701937
v 1.0623543434582823 31.15501519756839 99.99435685701937
v 1.0623543434582823 31.45896656534954 99.99435685701937
v 1.0623543434582823 31.762917933130694 99.99435685701937
v 1.0623543434582823 32.06686930091185 99.99435685701937
v 1.0623543434582823 32.370820668693 99.99435685701937
v 1.0623543434582823 32.67477203647417 99.99435685701937
v 1.0623543434582823 32.97872340425532 99.99435685701937
v 1.0623543434582823 33.28267477203647 99.99435685701937
v 1.0623543434582823 33.586626139817625 99.99435685701937
v 1.0623543434582823 33.89057750759878 99.99435685701937
v 1.0623543434582823 34.19452887537993 99.99435685701937
v 1.0623543434582823 34.4984802431611 99.99435685701937
v 1.0623543434582823 34.80243161094225 99.99435685701937
v 1.0623543434582823 35.1063829787234 99.99435685701937
v 1.0623543434582823 35.410334346504555 99.99435685701937
v 1.0623543434582823 35.71428571428571 99.99435685701937
v 1.0623543434582823 36.01823708206686 99.99435685701937
v 1.0623543434582823 36.322188449848014 99.99435685701937
v 1.0623543434582823 36.62613981762918 99.99435685701937
v 1.0623543434582823 36.93009118541033 99.99435685701937
v 1.0623543434582823 37.234042553191486 99.99435685701937
v 1.0623543434582823 37.53799392097264 99.99435685701937
v 1.0623543434582823 37.84194528875379 99.99435685701937
v 1.0623543434582823 38.145896656534944 99.99435685701937
v 1.0623543434582823 38.44984802431611 99.99435685701937
v 1.0623543434582823 38.753799392097264 99.99435685701937
v 1.0623543434582823 39.05775075987842 99.99435685701937
v 1.0623543434582823 39.36170212765957 99.99435685701937
v 1.0623543434582823 39.66565349544072 99.99435685701937
v 1.0623543434582823 39.969604863221875 99.99435685701937
v 1.0623543434582823 40.27355623100304 99.99435685701937
v 1.0623543434582823 40.577507598784194 99.99435685701937
v 1.0623543434582823 40.88145896656535 99.99435685701937
v 1.0623543434582823 41.1854103343465 99.99435685701937
v 1.0623543434582823 41.48936170212765 99.99435685701937
v 1.0623543434582823 41.793313069908805 99.99435685701937
v 1.0623543434582823 42.09726443768997 99.99435685701937
v 1.0623543434582823 42.401215805471125 99.99435685701937
v 1.0623543434582823 42.70516717325228 99.99435685701937
v 1.0623543434582823 43.00911854103343 99.99435685701937
v 1.0623543434582823 43.31306990881458 99.99435685701937
v 1.0623543434582823 43.617021276595736 99.99435685701937
v 1.0623543434582823 43.92097264437689 99.99435685701937
v 1.0623543434582823 44.224924012158056 99.99435685701937
v 1.0623543434582823 44.52887537993921 99.99435685701937
v 1.0623543434582823 44.83282674772036 99.99435685701937
v 1.0623543434582823 45.136778115501514 99.99435685701937
v 1.0623543434582823 45.44072948328267 99.99435685701937
v 1.0623543434582823 45.74468085106382 99.99435685701937
v 1.0623543434582823 46.048632218844986 99.99435685701937
v 1.0623543434582823 46.35258358662614 99.99435685701937
v 1.0623543434582823 46.65653495440729 99.99435685701937
v 1.0623543434582823 46.960486322188444 99.99435685701937
v 1.0623543434582823 47.2644376899696 99.99435685701937
v 1.0623543434582823 47.56838905775075 99.99435685701937
v 1.0623543434582823 47.87234042553192 99.99435685701937
v 1.0623543434582823 48.17629179331307 99.99435685701937
v 1.0623543434582823 48.48024316109422 99.99435685701937
v 1.0623543434582823 48.784194528875375 99.99435685701937
v 1.0623543434582823 49.08814589665653 99.99435685701937
v 1.0623543434582823 49.39209726443768 99.99435685701937
v 1.0623543434582823 49.69604863221885 99.99435685701937
v 1.0623543434582823 50.0 99.99435685701937
v 1.365867376595108 -50.0 99.9906715964522
v 1.365867376595108 -49.69604863221885 99.9906715964522
v 1.365867376595108 -49.39209726443769 99.9906715964522
v 1.365867376595108 -49.088145896656535 99.9906715964522
v 1.365867376595108 -48.78419452887538 99.9906715964522
v 1.365867376595108 -48.48024316109422 99.9906715964522
v 1.365867376595108 -48.17629179331307 99.9906715964522
v 1.365867376595108 -47.87234042553192 99.9906715964522
v 1.365867376595108 -47.56838905775076 99.9906715964522
v 1.365867376595108 -47.264437689969604 99.9906715964522
v 1.365867376595108 -46.96048632218845 99.9906715964522
v 1.365867376595108 -46.65653495440729 99.9906715964522
v 1.365867376595108 -46.35258358662614 99.9906715964522
v 1.365867376595108 -46.048632218844986 99.9906715964522
v 1.365867376595108 -45.74468085106383 99.9906715964522
v 1.365867376595108 -45.440729483282674 99.9906715964522
v 1.365867376595108 -45.13677811550152 99.9906715964522
v 1.365867376595108 -44.83282674772036 99.9906715964522
v 1.365867376595108 -44.52887537993921 99.9906715964522
v 1.365867376595108 -44.224924012158056 99.9906715964522
v 1.365867376595108 -43.9209726443769 99.9906715964522
v 1.365867376595108 -43.61702127659574 99.9906715964522
v 1.365867376595108 -43.31306990881459 99.9906715964522
v 1.365867376595108 -43.00911854103344 99.9906715964522
v 1.365867376595108 -42.70516717325228 99.9906715964522
v 1.365867376595108 -42.401215805471125 99.9906715964522
v 1.365867376595108 -42.09726443768997 99.9906715964522
v 1.365867376595108 -41.79331306990881 99.9906715964522
v 1.365867376595108 -41.48936170212766 99.9906715964522
v 1.365867376595108 -41.18541033434651 99.9906715964522
v 1.365867376595108 -40.88145896656535 99.9906715964522
v 1.365867376595108 -40.577507598784194 99.9906715964522
v 1.365867376595108 -40.27355623100304 99.9906715964522
v 1.365867376595108 -39.96960486322189 99.9906715964522
v 1.365867376595108 -39.66565349544073 99.9906715964522
v 1.365867376595108 -39.361702127659576 99.9906715964522
v 1.365867376595108 -39.05775075987842 99.9906715964522
v 1.365867376595108 -38.753799392097264 99.9906715964522
v 1.365867376595108 -38.44984802431611 99.9906715964522
v 1.365867376595108 -38.14589665653496 99.9906715964522
v 1.365867376595108 -37.8419452887538 99.9906715964522
v 1.365867376595108 -37.537993920972646 99.9906715964522
v 1.365867376595108 -37.234042553191486 99.9906715964522
v 1.365867376595108 -36.93009118541033 99.9906715964522
v 1.365867376595108 -36.62613981762918 99.9906715964522
v 1.365867376595108 -36.32218844984803 99.9906715964522
v 1.365867376595108 -36.01823708206687 99.9906715964522
v 1.365867376595108 -35.714285714285715 99.9906715964522
v 1.365867376595108 -35.410334346504555 99.9906715964522
v 1.365867376595108 -35.1063829787234 99.9906715964522
v 1.365867376595108 -34.80243161094225 99.9906715964522
v 1.365867376595108 -34.4984802431611 99.9906715964522
v 1.365867376595108 -34.19452887537994 99.9906715964522
v 1.365867376595108 -33.890577507598785 99.9906715964522
v 1.365867376595108 -33.586626139817625 99.9906715964522
v 1.365867376595108 -33.28267477203647 99.9906715964522
v 1.365867376595108 -32.97872340425532 99.9906715964522
v 1.365867376595108 -32.67477203647417 99.9906715964522
v 1.365867376595108 -32.370820668693014 99.9906715964522
v 1.365867376595108 -32.066869300911854 99.9906715964522
v 1.365867376595108 -31.7629179331307 99.9906715964522
v 1.365867376595108 -31.458966565349545 99.9906715964522
v 1.365867376595108 -31.15501519756839 99.9906715964522
v 1.365867376595108 -30.851063829787236 99.9906715964522
v 1.365867376595108 -30.54711246200608 99.9906715964522
v 1.365867376595108 -30.243161094224924 99.9906715964522
v 1.365867376595108 -29.93920972644377 99.9906715964522
v 1.365867376595108 -29.635258358662615 99.9906715964522
v 1.365867376595108 -29.33130699088146 99.9906715964522
v 1.365867376595108 -29.027355623100306 99.9906715964522
v 1.365867376595108 -28.72340425531915 99.9906715964522
v 1.365867376595108 -28.419452887537997 99.9906715964522
v 1.365867376595108 -28.11550151975684 99.9906715964522
v 1.365867376595108 -27.811550151975684 99.9906715964522
v 1.365867376595108 -27.50759878419453 99.9906715964522
v 1.365867376595108 -27.203647416413375 99.9906715964522
v 1.365867376595108 -26.89969604863222 99.9906715964522
v 1.365867376595108 -26.595744680851066 99.9906715964522
v 1.365867376595108 -26.29179331306991 99.9906715964522
v 1.365867376595108 -25.987841945288753 99.9906715964522
v 1.365867376595108 -25.6838905775076 99.9906715964522
v 1.365867376595108 -25.379939209726444 99.9906715964522
v 1.365867376595108 -25.075987841945288 99.9906715964522
v 1.365867376595108 -24.772036474164135 99.9906715964522
v 1.365867376595108 -24.46808510638298 99.9906715964522
v 1.365867376595108 -24.164133738601826 99.9906715964522
v 1.365867376595108 -23.86018237082067 99.9906715964522
v 1.365867376595108 -23.556231003039514 99.9906715964522
v 1.365867376595108 -23.25227963525836 99.9906715964522
v 1.365867376595108 -22.948328267477205 99.9906715964522
v 1.365867376595108 -22.64437689969605 99.9906715964522
v 1.365867376595108 -22.340425531914896 99.9906715964522
v 1.365867376595108 -22.03647416413374 99.9906715964522
v 1.365867376595108 -21.732522796352583 99.9906715964522
v 1.365867376595108 -21.42857142857143 99.9906715964522
v 1.365867376595108 -21.124620060790274 99.9906715964522
v 1.365867376595108 -20.820668693009118 99.9906715964522
v 1.365867376595108 -20.516717325227965 99.9906715964522
v 1.365867376595108 -20.21276595744681 99.9906715964522
v 1.365867376595108 -19.908814589665656 99.9906715964522
v 1.365867376595108 -19.6048632218845 99.9906715964522
v 1.365867376595108 -19.300911854103344 99.9906715964522
v 1.365867376595108 -18.99696048632219 99.9906715964522
v 1.365867376595108 -18.693009118541035 99.9906715964522
v 1.365867376595108 -18.38905775075988 99.9906715964522
v 1.365867376595108 -18.085106382978726 99.9906715964522
v 1.365867376595108 -17.78115501519757 99.9906715964522
v 1.365867376595108 -17.477203647416417 99.9906715964522
v 1.365867376595108 -17.173252279635257 99.9906715964522
v 1.365867376595108 -16.869300911854104 99.9906715964522
v 1.365867376595108 -16.56534954407295 99.9906715964522
v 1.365867376595108 -16.26139817629179 99.9906715964522
v 1.365867376595108 -15.957446808510639 99.9906715964522
v 1.365867376595108 -15.653495440729486 99.9906715964522
v 1.365867376595108 -15.349544072948326 99.9906715964522
v 1.365867376595108 -15.045592705167174 99.9906715964522
v 1.365867376595108 -14.741641337386021 99.9906715964522
v 1.365867376595108 -14.437689969604868 99.9906715964522
v 1.365867376595108 -14.133738601823708 99.9906715964522
v 1.365867376595108 -13.829787234042556 99.9906715964522
v 1.365867376595108 -13.525835866261403 99.9906715964522
v 1.365867376595108 -13.221884498480243 99.9906715964522
v 1.365867376595108 -12.91793313069909 99.9906715964522
v 1.365867376595108 -12.613981762917938 99.9906715964522
v 1.365867376595108 -12.310030395136778 99.9906715964522
v 1.365867376595108 -12.006079027355625 99.9906715964522
v 1.365867376595108 -11.702127659574472 99.9906715964522
v 1.365867376595108 -11.398176291793312 99.9906715964522
v 1.365867376595108 -11.09422492401216 99.9906715964522
v 1.365867376595108 -10.790273556231007 99.9906715964522
v 1.365867376595108 -10.486322188449847 99.9906715964522
v 1.365867376595108 -10.182370820668694 99.9906715964522
v 1.365867376595108 -9.878419452887542 99.9906715964522
v 1.365867376595108 -9.574468085106382 99.9906715964522
v 1.365867376595108 -9.27051671732523 99.9906715964522
v 1.365867376595108 -8.966565349544076 99.9906715964522
v 1.365867376595108 -8.662613981762917 99.9906715964522
v 1.365867376595108 -8.358662613981764 99.9906715964522
v 1.365867376595108 -8.054711246200611 99.9906715964522
v 1.365867376595108 -7.750759878419451 99.9906715964522
v 1.365867376595108 -7.446808510638299 99.9906715964522
v 1.365867376595108 -7.142857142857146 99.9906715964522
v 1.365867376595108 -6.838905775075993 99.9906715964522
v 1.365867376595108 -6.534954407294833 99.9906715964522
v 1.365867376595108 -6.231003039513681 99.9906715964522
v 1.365867376595108 -5.927051671732528 99.9906715964522
v 1.365867376595108 -5.623100303951368 99.9906715964522
v 1.365867376595108 -5.319148936170215 99.9906715964522
v 1.365867376595108 -5.015197568389063 99.9906715964522
v 1.365867376595108 -4.711246200607903 99.9906715964522
v 1.365867376595108 -4.40729483282675 99.9906715964522
v 1.365867376595108 -4.103343465045597 99.9906715964522
v 1.365867376595108 -3.7993920972644375 99.9906715964522
v 1.365867376595108 -3.4954407294832848 99.9906715964522
v 1.365867376595108 -3.191489361702132 99.9906715964522
v 1.365867376595108 -2.887537993920972 99.9906715964522
v 1.365867376595108 -2.5835866261398195 99.9906715964522
v 1.365867376595108 -2.2796352583586668 99.9906715964522
v 1.365867376595108 -1.975683890577507 99.9906715964522
v 1.365867376595108 -1.6717325227963542 99.9906715964522
v 1.365867376595108 -1.3677811550152015 99.9906715964522
v 1.365867376595108 -1.0638297872340416 99.9906715964522
v 1.365867376595108 -0.7598784194528889 99.9906715964522
v 1.365867376595108 -0.4559270516717362 99.9906715964522
v 1.365867376595108 -0.15197568389057636 99.9906715964522
v 1.365867376595108 0.15197568389057636 99.9906715964522
v 1.365867376595108 0.4559270516717291 99.9906715964522
v 1.365867376595108 0.7598784194528818 99.9906715964522
v 1.365867376595108 1.0638297872340416 99.9906715964522
v 1.365867376595108 1.3677811550151944 99.9906715964522
v 1.365867376595108 1.671732522796347 99.9906715964522
v 1.365867376595108 1.975683890577507 99.9906715964522
v 1.365867376595108 2.2796352583586597 99.9906715964522
v 1.365867376595108 2.5835866261398124 99.9906715964522
v 1.365867376595108 2.887537993920972 99.9906715964522
v 1.365867376595108 3.191489361702125 99.9906715964522
v 1.365867376595108 3.4954407294832777 99.9906715964522
v 1.365867376595108 3.7993920972644375 99.9906715964522
v 1.365867376595108 4.10334346504559 99.9906715964522
v 1.365867376595108 4.407294832826743 99.9906715964522
v 1.365867376595108 4.711246200607903 99.9906715964522
v 1.365867376595108 5.0151975683890555 99.9906715964522
v 1.365867376595108 5.319148936170208 99.9906715964522
v 1.365867376595108 5.623100303951368 99.9906715964522
v 1.365867376595108 5.927051671732521 99.9906715964522
v 1.365867376595108 6.2310030395136735 99.9906715964522
v 1.365867376595108 6.534954407294833 99.9906715964522
v 1.365867376595108 6.838905775075986 99.9906715964522
v 1.365867376595108 7.142857142857139 99.9906715964522
v 1.365867376595108 7.446808510638299 99.9906715964522
v 1.365867376595108 7.750759878419451 99.9906715964522
v 1.365867376595108 8.054711246200604 99.9906715964522
v 1.365867376595108 8.358662613981764 99.9906715964522
v 1.365867376595108 8.662613981762917 99.9906715964522
v 1.365867376595108 8.96656534954407 99.9906715964522
v 1.365867376595108 9.270516717325222 99.9906715964522
v 1.365867376595108 9.574468085106382 99.9906715964522
v 1.365867376595108 9.878419452887535 99.9906715964522
v 1.365867376595108 10.182370820668687 99.9906715964522
v 1.365867376595108 10.486322188449847 99.9906715964522
v 1.365867376595108 10.790273556231 99.9906715964522
v 1.365867376595108 11.094224924012153 99.9906715964522
v 1.365867376595108 11.398176291793312 99.9906715964522
v 1.365867376595108 11.702127659574465 99.9906715964522
v 1.365867376595108 12.006079027355618 99.9906715964522
v 1.365867376595108 12.310030395136778 99.9906715964522
v 1.365867376595108 12.61398176291793 99.9906715964522
v 1.365867376595108 12.917933130699083 99.9906715964522
v 1.365867376595108 13.221884498480243 99.9906715964522
v 1.365867376595108 13.525835866261396 99.9906715964522
v 1.365867376595108 13.829787234042549 99.9906715964522
v 1.365867376595108 14.133738601823708 99.9906715964522
v 1.365867376595108 14.437689969604861 99.9906715964522
v 1.365867376595108 14.741641337386014 99.9906715964522
v 1.365867376595108 15.045592705167167 99.9906715964522
v 1.365867376595108 15.34954407294832 99.9906715964522
v 1.365867376595108 15.653495440729486 99.9906715964522
v 1.365867376595108 15.957446808510639 99.9906715964522
v 1.365867376595108 16.26139817629179 99.9906715964522
v 1.365867376595108 16.565349544072944 99.9906715964522
v 1.365867376595108 16.869300911854097 99.9906715964522
v 1.365867376595108 17.17325227963525 99.9906715964522
v 1.365867376595108 17.477203647416417 99.9906715964522
v 1.365867376595108 17.78115501519757 99.9906715964522
v 1.365867376595108 18.085106382978722 99.9906715964522
v 1.365867376595108 18.389057750759875 99.9906715964522
v 1.365867376595108 18.693009118541028 99.9906715964522
v 1.365867376595108 18.99696048632218 99.9906715964522
v 1.365867376595108 19.300911854103347 99.9906715964522
v 1.365867376595108 19.6048632218845 99.9906715964522
v 1.365867376595108 19.908814589665653 99.9906715964522
v 1.365867376595108 20.212765957446805 99.9906715964522
v 1.365867376595108 20.516717325227958 99.9906715964522
v 1.365867376595108 20.82066869300911 99.9906715964522
v 1.365867376595108 21.124620060790264 99.9906715964522
v 1.365867376595108 21.42857142857143 99.9906715964522
v 1.365867376595108 21.732522796352583 99.9906715964522
v 1.365867376595108 22.036474164133736 99.9906715964522
v 1.365867376595108 22.34042553191489 99.9906715964522
v 1.365867376595108 22.64437689969604 99.9906715964522
v 1.365867376595108 22.948328267477194 99.9906715964522
v 1.365867376595108 23.25227963525836 99.9906715964522
v 1.365867376595108 23.556231003039514 99.9906715964522
v 1.365867376595108 23.860182370820667 99.9906715964522
v 1.365867376595108 24.16413373860182 99.9906715964522
v 1.365867376595108 24.468085106382972 99.9906715964522
v 1.365867376595108 24.772036474164125 99.9906715964522
v 1.365867376595108 25.07598784194529 99.9906715964522
v 1.365867376595108 25.379939209726444 99.9906715964522
v 1.365867376595108 25.683890577507597 99.9906715964522
v 1.365867376595108 25.98784194528875 99.9906715964522
v 1.365867376595108 26.291793313069903 99.9906715964522
v 1.365867376595108 26.595744680851055 99.9906715964522
v 1.365867376595108 26.899696048632222 99.9906715964522
v 1.365867376595108 27.203647416413375 99.9906715964522
v 1.365867376595108 27.507598784194528 99.9906715964522
v 1.365867376595108 27.81155015197568 99.9906715964522
v 1.365867376595108 28.115501519756833 99.9906715964522
v 1.365867376595108 28.419452887537986 99.9906715964522
v 1.365867376595108 28.72340425531914 99.9906715964522
v 1.365867376595108 29.027355623100306 99.9906715964522
v 1.365867376595108 29.33130699088146 99.9906715964522
v 1.365867376595108 29.63525835866261 99.9906715964522
v 1.365867376595108 29.939209726443764 99.9906715964522
v 1.365867376595108 30.243161094224916 99.9906715964522
v 1.365867376595108 30.54711246200607 99.9906715964522
v 1.365867376595108 30.851063829787236 99.9906715964522
v 1.365867376595108 31.15501519756839 99.9906715964522
v 1.365867376595108 31.45896656534954 99.9906715964522
v 1.365867376595108 31.762917933130694 99.9906715964522
v 1.365867376595108 32.06686930091185 99.9906715964522
v 1.365867376595108 32.370820668693 99.9906715964522
v 1.365867376595108 32.67477203647417 99.9906715964522
v 1.365867376595108 32.97872340425532 99.9906715964522
v 1.365867376595108 33.28267477203647 99.9906715964522
v 1.365867376595108 33.586626139817625 99.9906715964522
v 1.365867376595108 33.89057750759878 99.9906715964522
v 1.365867376595108 34.19452887537993 99.9906715964522
v 1.365867376595108 34.4984802431611 99.9906715964522
v 1.365867376595108 34.80243161094225 99.9906715964522
v 1.365867376595108 35.1063829787234 99.9906715964522
v 1.365867376595108 35.410334346504555 99.9906715964522
v 1.365867376595108 35.71428571428571 99.9906715964522
v 1.365867376595108 36.01823708206686 99.9906715964522
v 1.365867376595108 36.322188449848014 99.9906715964522
v 1.365867376595108 36.62613981762918 99.9906715964522
v 1.365867376595108 36.93009118541033 99.9906715964522
v 1.365867376595108 37.234042553191486 99.9906715964522
v 1.365867376595108 37.53799392097264 99.9906715964522
v 1.365867376595108 37.84194528875379 99.9906715964522
v 1.365867376595108 38.145896656534944 99.9906715964522
v 1.365867376595108 38.44984802431611 99.9906715964522
v 1.365867376595108 38.753799392097264 99.9906715964522
v 1.365867376595108 39.05775075987842 99.9906715964522
v 1.365867376595108 39.36170212765957 99.9906715964522
v 1.365867376595108 39.66565349544072 99.9906715964522
v 1.365867376595108 39.969604863221875 99.9906715964522
v 1.365867376595108 40.27355623100304 99.9906715964522
v 1.365867376595108 40.577507598784194 99.9906715964522
v 1.365867376595108 40.88145896656535 99.9906715964522
v 1.365867376595108 41.1854103343465 99.9906715964522
v 1.365867376595108 41.48936170212765 99.9906715964522
v 1.365867376595108 41.793313069908805 99.9906715964522
v 1.365867376595108 42.09726443768997 99.9906715964522
v 1.365867376595108 42.401215805471125 99.9906715964522
v 1.365867376595108 42.70516717325228 99.9906715964522
v 1.365867376595108 43.00911854103343 99.9906715964522
v 1.365867376595108 43.31306990881458 99.9906715964522
v 1.365867376595108 43.617021276595736 99.9906715964522
v 1.365867376595108 43.92097264437689 99.9906715964522
v 1.365867376595108 44.224924012158056 99.9906715964522
v 1.365867376595108 44.52887537993921 99.9906715964522
v 1.365867376595108 44.83282674772036 99.9906715964522
v 1.365867376595108 45.136778115501514 99.9906715964522
v 1.365867376595108 45.44072948328267 99.9906715964522
v 1.365867376595108 45.74468085106382 99.9906715964522
v 1.365867376595108 46.048632218844986 99.9906715964522
v 1.365867376595108 46.35258358662614 99.9906715964522
v 1.365867376595108 46.65653495440729 99.9906715964522
v 1.365867376595108 46.960486322188444 99.9906715964522
v 1.365867376595108 47.2644376899696 99.9906715964522
v 1.365867376595108 47.56838905775075 99.9906715964522
v 1.365867376595108 47.87234042553192 99.9906715964522
v 1.365867376595108 48.17629179331307 99.9906715964522
v 1.365867376595108 48.48024316109422 99.9906715964522
v 1.365867376595108 48.784194528875375 99.9906715964522
v 1.365867376595108 49.08814589665653 99.9906715964522
v 1.365867376595108 49.39209726443768 99.9906715964522
v 1.365867376595108 49.69604863221885 99.9906715964522
v 1.365867376595108 50.0 99.9906715964522
v 1.6693678254846265 -50.0 99.98606508440682
v 1.6693678254846265 -49.69604863221885 99.98606508440682
v 1.6693678254846265 -49.39209726443769 99.98606508440682
v 1.6693678254846265 -49.088145896656535 99.98606508440682
v 1.6693678254846265 -48.78419452887538 99.98606508440682
v 1.6693678254846265 -48.48024316109422 99.98606508440682
v 1.6693678254846265 -48.17629179331307 99.98606508440682
v 1.6693678254846265 -47.87234042553192 99.98606508440682
v 1.6693678254846265 -47.56838905775076 99.98606508440682
v 1.6693678254846265 -47.264437689969604 99.98606508440682
v 1.6693678254846265 -46.96048632218845 99.98606508440682
v 1.6693678254846265 -46.65653495440729 99.98606508440682
v 1.6693678254846265 -46.35258358662614 99.98606508440682
v 1.6693678254846265 -46.048632218844986 99.98606508440682
v 1.6693678254846265 -45.74468085106383 99.98606508440682
v 1.6693678254846265 -45.440729483282674 99.98606508440682
v 1.6693678254846265 -45.13677811550152 99.98606508440682
v 1.6693678254846265 -44.83282674772036 99.98606508440682
v 1.6693678254846265 -44.52887537993921 99.98606508440682
v 1.6693678254846265 -44.224924012158056 99.98606508440682
v 1.6693678254846265 -43.9209726443769 99.98606508440682
v 1.6693678254846265 -43.61702127659574 99.98606508440682
v 1.6693678254846265 -43.31306990881459 99.98606508440682
v 1.6693678254846265 -43.00911854103344 99.98606508440682
v 1.6693678254846265 -42.70516717325228 99.98606508440682
v 1.6693678254846265 -42.401215805471125 99.98606508440682
v 1.6693678254846265 -42.09726443768997 99.98606508440682
v 1.6693678254846265 -41.79331306990881 99.98606508440682
v 1.6693678254846265 -41.48936170212766 99.98606508440682
v 1.6693678254846265 -41.18541033434651 99.98606508440682
v 1.6693678254846265 -40.88145896656535 99.98606508440682
v 1.6693678254846265 -40.577507598784194 99.98606508440682
v 1.6693678254846265 -40.27355623100304 99.98606508440682
v 1.6693678254846265 -39.96960486322189 99.98606508440682
v 1.6693678254846265 -39.66565349544073 99.98606508440682
v 1.6693678254846265 -39.361702127659576 99.98606508440682
v 1.6693678254846265 -39.05775075987842 99.98606508440682
v 1.6693678254846265 -38.753799392097264 99.98606508440682
v 1.6693678254846265 -38.44984802431611 99.98606508440682
v 1.6693678254846265 -38.14589665653496 99.98606508440682
v 1.6693678254846265 -37.8419452887538 99.98606508440682
v 1.6693678254846265 -37.537993920972646 99.98606508440682
v 1.6693678254846265 -37.234042553191486 99.98606508440682
v 1.6693678254846265 -36.93009118541033 99.98606508440682
v 1.6693678254846265 -36.62613981762918 99.98606508440682
v 1.6693678254846265 -36.32218844984803 99.98606508440682
v 1.6693678254846265 -36.01823708206687 99.98606508440682
v 1.6693678254846265 -35.714285714285715 99.98606508440682
v 1.6693678254846265 -35.410334346504555 99.98606508440682
v 1.6693678254846265 -35.1063829787234 99.98606508440682
v 1.6693678254846265 -34.80243161094225 99.98606508440682
v 1.6693678254846265 -34.4984802431611 99.98606508440682
v 1.6693678254846265 -34.19452887537994 99.98606508440682
v 1.6693678254846265 -33.890577507598785 99.98606508440682
v 1.6693678254846265 -33.586626139817625 99.98606508440682
v 1.6693678254846265 -33.28267477203647 99.98606508440682
v 1.6693678254846265 -32.97872340425532 99.98606508440682
v 1.6693678254846265 -32.67477203647417 99.98606508440682
v 1.6693678254846265 -32.370820668693014 99.98606508440682
v 1.6693678254846265 -32.066869300911854 99.98606508440682
v 1.6693678254846265 -31.7629179331307 99.98606508440682
v 1.6693678254846265 -31.458966565349545 99.98606508440682
v 1.6693678254846265 -31.15501519756839 99.98606508440682
v 1.6693678254846265 -30.851063829787236 99.98606508440682
v 1.6693678254846265 -30.54711246200608 99.98606508440682
v 1.6693678254846265 -30.243161094224924 99.98606508440682
v 1.6693678254846265 -29.93920972644377 99.98606508440682
v 1.6693678254846265 -29.635258358662615 99.98606508440682
v 1.6693678254846265 -29.33130699088146 99.98606508440682
v 1.6693678254846265 -29.027355623100306 99.98606508440682
v 1.6693678254846265 -28.72340425531915 99.98606508440682
v 1.6693678254846265 -28.419452887537997 99.98606508440682
v 1.6693678254846265 -28.11550151975684 99.98606508440682
v 1.6693678254846265 -27.811550151975684 99.98606508440682
v 1.6693678254846265 -27.50759878419453 99.98606508440682
v 1.6693678254846265 -27.203647416413375 99.98606508440682
v 1.6693678254846265 -26.89969604863222 99.98606508440682
v 1.6693678254846265 -26.595744680851066 99.98606508440682
v 1.6693678254846265 -26.29179331306991 99.98606508440682
v 1.6693678254846265 -25.987841945288753 99.98606508440682
v 1.6693678254846265 -25.6838905775076 99.98606508440682
v 1.6693678254846265 -25.379939209726444 99.98606508440682
v 1.6693678254846265 -25.075987841945288 99.98606508440682
v 1.6693678254846265 -24.772036474164135 99.98606508440682
v 1.6693678254846265 -24.46808510638298 99.98606508440682
v 1.6693678254846265 -24.164133738601826 99.98606508440682
v 1.6693678254846265 -23.86018237082067 99.98606508440682
v 1.6693678254846265 -23.556231003039514 99.98606508440682
v 1.6693678254846265 -23.25227963525836 99.98606508440682
v 1.6693678254846265 -22.948328267477205 99.98606508440682
v 1.6693678254846265 -22.64437689969605 99.98606508440682
v 1.6693678254846265 -22.340425531914896 99.98606508440682
v 1.6693678254846265 -22.03647416413374 99.98606508440682
v 1.6693678254846265 -21.732522796352583 99.98606508440682
v 1.6693678254846265 -21.42857142857143 99.98606508440682
v 1.6693678254846265 -21.124620060790274 99.98606508440682
v 1.6693678254846265 -20.820668693009118 99.98606508440682
v 1.6693678254846265 -20.516717325227965 99.98606508440682
v 1.6693678254846265 -20.21276595744681 99.98606508440682
v 1.6693678254846265 -19.908814589665656 99.98606508440682
v 1.6693678254846265 -19.6048632218845 99.98606508440682
v 1.6693678254846265 -19.300911854103344 99.98606508440682
v 1.6693678254846265 -18.99696048632219 99.98606508440682
v 1.6693678254846265 -18.693009118541035 99.98606508440682
v 1.6693678254846265 -18.38905775075988 99.98606508440682
v 1.6693678254846265 -18.085106382978726 99.98606508440682
v 1.6693678254846265 -17.78115501519757 99.98606508440682
v 1.6693678254846265 -17.477203647416417 99.98606508440682
v 1.6693678254846265 -17.173252279635257 99.98606508440682
v 1.6693678254846265 -16.869300911854104 99.98606508440682
v 1.6693678254846265 -16.56534954407295 99.98606508440682
v 1.6693678254846265 -16.26139817629179 99.98606508440682
v 1.6693678254846265 -15.957446808510639 99.98606508440682
v 1.6693678254846265 -15.653495440729486 99.98606508440682
v 1.6693678254846265 -15.349544072948326 99.98606508440682
v 1.6693678254846265 -15.045592705167174 99.98606508440682
v 1.6693678254846265 -14.741641337386021 99.98606508440682
v 1.6693678254846265 -14.437689969604868 99.98606508440682
v 1.6693678254846265 -14.133738601823708 99.98606508440682
v 1.6693678254846265 -13.829787234042556 99.98606508440682
v 1.6693678254846265 -13.525835866261403 99.98606508440682
v 1.6693678254846265 -13.221884498480243 99.98606508440682
v 1.6693678254846265 -12.91793313069909 99.98606508440682
v 1.6693678254846265 -12.613981762917938 99.98606508440682
v 1.6693678254846265 -12.310030395136778 99.98606508440682
v 1.6693678254846265 -12.006079027355625 99.98606508440682
v 1.6693678254846265 -11.702127659574472 99.98606508440682
v 1.6693678254846265 -11.398176291793312 99.98606508440682
v 1.6693678254846265 -11.09422492401216 99.98606508440682
v 1.6693678254846265 -10.790273556231007 99.98606508440682
v 1.6693678254846265 -10.486322188449847 99.98606508440682
v 1.6693678254846265 -10.182370820668694 99.98606508440682
v 1.6693678254846265 -9.878419452887542 99.98606508440682
v 1.6693678254846265 -9.574468085106382 99.98606508440682
v 1.6693678254846265 -9.27051671732523 99.98606508440682
v 1.6693678254846265 -8.966565349544076 99.98606508440682
v 1.6693678254846265 -8.662613981762917 99.98606508440682
v 1.6693678254846265 -8.358662613981764 99.98606508440682
v 1.6693678254846265 -8.054711246200611 99.98606508440682
v 1.6693678254846265 -7.750759878419451 99.98606508440682
v 1.6693678254846265 -7.446808510638299 99.98606508440682
v 1.6693678254846265 -7.142857142857146 99.98606508440682
v 1.6693678254846265 -6.838905775075993 99.98606508440682
v 1.6693678254846265 -6.534954407294833 99.98606508440682
v 1.6693678254846265 -6.231003039513681 99.98606508440682
v 1.6693678254846265 -5.927051671732528 99.98606508440682
v 1.6693678254846265 -5.623100303951368 99.98606508440682
v 1.6693678254846265 -5.319148936170215 99.98606508440682
v 1.6693678254846265 -5.015197568389063 99.98606508440682
v 1.6693678254846265 -4.711246200607903 99.98606508440682
v 1.6693678254846265 -4.40729483282675 99.98606508440682
v 1.6693678254846265 -4.103343465045597 99.98606508440682
v 1.6693678254846265 -3.7993920972644375 99.98606508440682
v 1.6693678254846265 -3.4954407294832848 99.98606508440682
v 1.6693678254846265 -3.191489361702132 99.98606508440682
v 1.6693678254846265 -2.887537993920972 99.98606508440682
v 1.6693678254846265 -2.5835866261398195 99.98606508440682
v 1.6693678254846265 -2.2796352583586668 99.98606508440682
v 1.6693678254846265 -1.975683890577507 99.98606508440682
v 1.6693678254846265 -1.6717325227963542 99.98606508440682
v 1.6693678254846265 -1.3677811550152015 99.98606508440682
v 1.6693678254846265 -1.0638297872340416 99.98606508440682
v 1.6693678254846265 -0.7598784194528889 99.98606508440682
v 1.6693678254846265 -0.4559270516717362 99.98606508440682
v 1.6693678254846265 -0.15197568389057636 99.98606508440682
v 1.6693678254846265 0.15197568389057636 99.98606508440682
v 1.6693678254846265 0.4559270516717291 99.98606508440682
v 1.6693678254846265 0.7598784194528818 99.98606508440682
v 1.6693678254846265 1.0638297872340416 99.98606508440682
v 1.6693678254846265 1.3677811550151944 99.98606508440682
v 1.6693678254846265 1.671732522796347 99.98606508440682
v 1.6693678254846265 1.975683890577507 99.98606508440682
v 1.6693678254846265 2.2796352583586597 99.98606508440682
v 1.6693678254846265 2.5835866261398124 99.98606508440682
v 1.6693678254846265 2.887537993920972 99.98606508440682
v 1.6693678254846265 3.191489361702125 99.98606508440682
v 1.6693678254846265 3.4954407294832777 99.98606508440682
v 1.6693678254846265 3.7993920972644375 99.98606508440682
v 1.6693678254846265 4.10334346504559 99.98606508440682
v 1.6693678254846265 4.407294832826743 99.98606508440682
v 1.6693678254846265 4.711246200607903 99.98606508440682
v 1.6693678254846265 5.0151975683890555 99.98606508440682
v 1.6693678254846265 5.319148936170208 99.98606508440682
v 1.6693678254846265 5.623100303951368 99.98606508440682
v 1.6693678254846265 5.927051671732521 99.98606508440682
v 1.6693678254846265 6.2310030395136735 99.98606508440682
v 1.6693678254846265 6.534954407294833 99.98606508440682
v 1.6693678254846265 6.838905775075986 99.98606508440682
v 1.6693678254846265 7.142857142857139 99.98606508440682
v 1.6693678254846265 7.446808510638299 99.98606508440682
v 1.6693678254846265 7.750759878419451 99.98606508440682
v 1.6693678254846265 8.054711246200604 99.98606508440682
v 1.6693678254846265 8.358662613981764 99.98606508440682
v 1.6693678254846265 8.662613981762917 99.98606508440682
v 1.6693678254846265 8.96656534954407 99.98606508440682
v 1.6693678254846265 9.270516717325222 99.98606508440682
v 1.6693678254846265 9.574468085106382 99.98606508440682
v 1.6693678254846265 9.878419452887535 99.98606508440682
v 1.6693678254846265 10.182370820668687 99.98606508440682
v 1.6693678254846265 10.486322188449847 99.98606508440682
v 1.6693678254846265 10.790273556231 99.98606508440682
v 1.6693678254846265 11.094224924012153 99.98606508440682
v 1.6693678254846265 11.398176291793312 99.98606508440682
v 1.6693678254846265 11.702127659574465 99.98606508440682
v 1.6693678254846265 12.006079027355618 99.98606508440682
v 1.6693678254846265 12.310030395136778 99.98606508440682
v 1.6693678254846265 12.61398176291793 99.98606508440682
v 1.6693678254846265 12.917933130699083 99.98606508440682
v 1.6693678254846265 13.221884498480243 99.98606508440682
v 1.6693678254846265 13.525835866261396 99.98606508440682
v 1.6693678254846265 13.829787234042549 99.98606508440682
v 1.6693678254846265 14.133738601823708 99.98606508440682
v 1.6693678254846265 14.437689969604861 99.98606508440682
v 1.6693678254846265 14.741641337386014 99.98606508440682
v 1.6693678254846265 15.045592705167167 99.98606508440682
v 1.6693678254846265 15.34954407294832 99.98606508440682
v 1.6693678254846265 15.653495440729486 99.98606508440682
v 1.6693678254846265 15.957446808510639 99.98606508440682
v 1.6693678254846265 16.26139817629179 99.98606508440682
v 1.6693678254846265 16.565349544072944 99.98606508440682
v 1.6693678254846265 16.869300911854097 99.98606508440682
v 1.6693678254846265 17.17325227963525 99.98606508440682
v 1.6693678254846265 17.477203647416417 99.98606508440682
v 1.6693678254846265 17.78115501519757 99.98606508440682
v 1.6693678254846265 18.085106382978722 99.98606508440682
v 1.6693678254846265 18.389057750759875 99.98606508440682
v 1.6693678254846265 18.693009118541028 99.98606508440682
v 1.6693678254846265 18.99696048632218 99.98606508440682
v 1.6693678254846265 19.300911854103347 99.98606508440682
v 1.6693678254846265 19.6048632218845 99.98606508440682
v 1.6693678254846265 19.908814589665653 99.98606508440682
v 1.6693678254846265 20.212765957446805 99.98606508440682
v 1.6693678254846265 20.516717325227958 99.98606508440682
v 1.6693678254846265 20.82066869300911 99.98606508440682
v 1.6693678254846265 21.124620060790264 99.98606508440682
v 1.6693678254846265 21.42857142857143 99.98606508440682
v 1.6693678254846265 21.732522796352583 99.98606508440682
v 1.6693678254846265 22.036474164133736 99.98606508440682
v 1.6693678254846265 22.34042553191489 99.98606508440682
v 1.6693678254846265 22.64437689969604 99.98606508440682
v 1.6693678254846265 22.948328267477194 99.98606508440682
v 1.6693678254846265 23.25227963525836 99.98606508440682
v 1.6693678254846265 23.556231003039514 99.98606508440682
v 1.6693678254846265 23.860182370820667 99.98606508440682
v 1.6693678254846265 24.16413373860182 99.98606508440682
v 1.6693678254846265 24.468085106382972 99.98606508440682
v 1.6693678254846265 24.772036474164125 99.98606508440682
v 1.6693678254846265 25.07598784194529 99.98606508440682
v 1.6693678254846265 25.379939209726444 99.98606508440682
v 1.6693678254846265 25.683890577507597 99.98606508440682
v 1.6693678254846265 25.98784194528875 99.98606508440682
v 1.6693678254846265 26.291793313069903 99.98606508440682
v 1.6693678254846265 26.595744680851055 99.98606508440682
v 1.6693678254846265 26.899696048632222 99.98606508440682
v 1.6693678254846265 27.203647416413375 99.98606508440682
v 1.6693678254846265 27.507598784194528 99.98606508440682
v 1.6693678254846265 27.81155015197568 99.98606508440682
v 1.6693678254846265 28.115501519756833 99.98606508440682
v 1.6693678254846265 28.419452887537986 99.98606508440682
v 1.6693678254846265 28.72340425531914 99.98606508440682
v 1.6693678254846265 29.027355623100306 99.98606508440682
v 1.6693678254846265 29.33130699088146 99.98606508440682
v 1.6693678254846265 29.63525835866261 99.98606508440682
v 1.6693678254846265 29.939209726443764 99.98606508440682
v 1.6693678254846265 30.243161094224916 99.98606508440682
v 1.6693678254846265 30.54711246200607 99.98606508440682
v 1.6693678254846265 30.851063829787236 99.98606508440682
v 1.6693678254846265 31.15501519756839 99.98606508440682
v 1.6693678254846265 31.45896656534954 99.98606508440682
v 1.6693678254846265 31.762917933130694 99.98606508440682
v 1.6693678254846265 32.06686930091185 99.98606508440682
v 1.6693678254846265 32.370820668693 99.98606508440682
v 1.6693678254846265 32.67477203647417 99.98606508440682
v 1.6693678254846265 32.97872340425532 99.98606508440682
v 1.6693678254846265 33.28267477203647 99.98606508440682
v 1.6693678254846265 33.586626139817625 99.98606508440682
v 1.6693678254846265 33.89057750759878 99.98606508440682
v 1.6693678254846265 34.19452887537993 99.98606508440682
v 1.6693678254846265 34.4984802431611 99.98606508440682
v 1.6693678254846265 34.80243161094225 99.98606508440682
v 1.6693678254846265 35.1063829787234 99.98606508440682
v 1.6693678254846265 35.410334346504555 99.98606508440682
v 1.6693678254846265 35.71428571428571 99.98606508440682
v 1.6693678254846265 36.01823708206686 99.98606508440682
v 1.6693678254846265 36.322188449848014 99.98606508440682
v 1.6693678254846265 36.62613981762918 99.98606508440682
v 1.6693678254846265 36.93009118541033 99.98606508440682
v 1.6693678254846265 37.234042553191486 99.98606508440682
v 1.6693678254846265 37.53799392097264 99.98606508440682
v 1.6693678254846265 37.84194528875379 99.98606508440682
v 1.6693678254846265 38.145896656534944 99.98606508440682
v 1.6693678254846265 38.44984802431611 99.98606508440682
v 1.6693678254846265 38.753799392097264 99.98606508440682
v 1.6693678254846265 39.05775075987842 99.98606508440682
v 1.6693678254846265 39.36170212765957 99.98606508440682
v 1.6693678254846265 39.66565349544072 99.98606508440682
v 1.6693678254846265 39.969604863221875 99.98606508440682
v 1.6693678254846265 40.27355623100304 99.98606508440682
v 1.6693678254846265 40.577507598784194 99.98606508440682
v 1.6693678254846265 40.88145896656535 99.98606508440682
v 1.6693678254846265 41.1854103343465 99.98606508440682
v 1.6693678254846265 41.48936170212765 99.98606508440682
v 1.6693678254846265 41.793313069908805 99.98606508440682
v 1.6693678254846265 42.09726443768997 99.98606508440682
v 1.6693678254846265 42.401215805471125 99.98606508440682
v 1.6693678254846265 42.70516717325228 99.98606508440682
v 1.6693678254846265 43.00911854103343 99.98606508440682
v 1.6693678254846265 43.31306990881458 99.98606508440682
v 1.6693678254846265 43.617021276595736 99.98606508440682
v 1.6693678254846265 43.92097264437689 99.98606508440682
v 1.6693678254846265 44.224924012158056 99.98606508440682
v 1.6693678254846265 44.52887537993921 99.98606508440682
v 1.6693678254846265 44.83282674772036 99.98606508440682
v 1.6693678254846265 45.136778115501514 99.98606508440682
v 1.6693678254846265 45.44072948328267 99.98606508440682
v 1.6693678254846265 45.74468085106382 99.98606508440682
v 1.6693678254846265 46.048632218844986 99.98606508440682
v 1.6693678254846265 46.35258358662614 99.98606508440682
v 1.6693678254846265 46.65653495440729 99.98606508440682
v 1.6693678254846265 46.960486322188444 99.98606508440682
v 1.6693678254846265 47.2644376899696 99.98606508440682
v 1.6693678254846265 47.56838905775075 99.98606508440682
v 1.6693678254846265 47.87234042553192 99.98606508440682
v 1.6693678254846265 48.17629179331307 99.98606508440682
v 1.6693678254846265 48.48024316109422 99.98606508440682
v 1.6693678254846265 48.784194528875375 99.98606508440682
v 1.6693678254846265 49.08814589665653 99.98606508440682
v 1.6693678254846265 49.39209726443768 99.98606508440682
v 1.6693678254846265 49.69604863221885 99.98606508440682
v 1.6693678254846265 50.0 99.98606508440682
v 1.9728528938636198 -50.0 99.98053736332474
v 1.9728528938636198 -49.69604863221885 99.98053736332474
v 1.9728528938636198 -49.39209726443769 99.98053736332474
v 1.9728528938636198 -49.088145896656535 99.98053736332474
v 1.9728528938636198 -48.78419452887538 99.98053736332474
v 1.9728528938636198 -48.48024316109422 99.98053736332474
v 1.9728528938636198 -48.17629179331307 99.98053736332474
v 1.9728528938636198 -47.87234042553192 99.98053736332474
v 1.9728528938636198 -47.56838905775076 99.98053736332474
v 1.9728528938636198 -47.264437689969604 99.98053736332474
v 1.9728528938636198 -46.96048632218845 99.98053736332474
v 1.9728528938636198 -46.65653495440729 99.98053736332474
v 1.9728528938636198 -46.35258358662614 99.98053736332474
v 1.9728528938636198 -46.048632218844986 99.98053736332474
v 1.9728528938636198 -45.74468085106383 99.98053736332474
v 1.9728528938636198 -45.440729483282674 99.98053736332474
v 1.9728528938636198 -45.13677811550152 99.98053736332474
v 1.9728528938636198 -44.83282674772036 99.98053736332474
v 1.9728528938636198 -44.52887537993921 99.98053736332474
v 1.9728528938636198 -44.224924012158056 99.98053736332474
v 1.9728528938636198 -43.9209726443769 99.98053736332474
v 1.9728528938636198 -43.61702127659574 99.98053736332474
v 1.9728528938636198 -43.31306990881459 99.98053736332474
v 1.9728528938636198 -43.00911854103344 99.98053736332474
v 1.9728528938636198 -42.70516717325228 99.98053736332474
v 1.9728528938636198 -42.401215805471125 99.98053736332474
v 1.9728528938636198 -42.09726443768997 99.98053736332474
v 1.9728528938636198 -41.79331306990881 99.98053736332474
v 1.9728528938636198 -41.48936170212766 99.98053736332474
v 1.9728528938636198 -41.18541033434651 99.98053736332474
v 1.9728528938636198 -40.88145896656535 99.98053736332474
v 1.9728528938636198 -40.577507598784194 99.98053736332474
v 1.9728528938636198 -40.27355623100304 99.98053736332474
v 1.9728528938636198 -39.96960486322189 99.98053736332474
v 1.9728528938636198 -39.66565349544073 99.98053736332474
v 1.9728528938636198 -39.361702127659576 99.98053736332474
v 1.9728528938636198 -39.05775075987842 99.98053736332474
v 1.9728528938636198 -38.753799392097264 99.98053736332474
v 1.9728528938636198 -38.44984802431611 99.98053736332474
v 1.9728528938636198 -38.14589665653496 99.98053736332474
v 1.9728528938636198 -37.8419452887538 99.98053736332474
v 1.9728528938636198 -37.537993920972646 99.98053736332474
v 1.9728528938636198 -37.234042553191486 99.98053736332474
v 1.9728528938636198 -36.93009118541033 99.98053736332474
v 1.9728528938636198 -36.62613981762918 99.98053736332474
v 1.9728528938636198 -36.32218844984803 99.98053736332474
v 1.9728528938636198 -36.01823708206687 99.98053736332474
v 1.9728528938636198 -35.714285714285715 99.98053736332474
v 1.9728528938636198 -35.410334346504555 99.98053736332474
v 1.9728528938636198 -35.1063829787234 99.98053736332474
v 1.9728528938636198 -34.80243161094225 99.98053736332474
v 1.9728528938636198 -34.4984802431611 99.98053736332474
v 1.9728528938636198 -34.19452887537994 99.98053736332474
v 1.9728528938636198 -33.890577507598785 99.98053736332474
v 1.9728528938636198 -33.586626139817625 99.98053736332474
v 1.9728528938636198 -33.28267477203647 99.98053736332474
v 1.9728528938636198 -32.97872340425532 99.98053736332474
v 1.9728528938636198 -32.67477203647417 99.98053736332474
v 1.9728528938636198 -32.370820668693014 99.98053736332474
v 1.9728528938636198 -32.066869300911854 99.98053736332474
v 1.9728528938636198 -31.7629179331307 99.98053736332474
v 1.9728528938636198 -31.458966565349545 99.98053736332474
v 1.9728528938636198 -31.15501519756839 99.98053736332474
v 1.9728528938636198 -30.851063829787236 99.98053736332474
v 1.9728528938636198 -30.54711246200608 99.98053736332474
v 1.9728528938636198 -30.243161094224924 99.98053736332474
v 1.9728528938636198 -29.93920972644377 99.98053736332474
v 1.9728528938636198 -29.635258358662615 99.98053736332474
v 1.9728528938636198 -29.33130699088146 99.98053736332474
v 1.9728528938636198 -29.027355623100306 99.98053736332474
v 1.9728528938636198 -28.72340425531915 99.98053736332474
v 1.9728528938636198 -28.419452887537997 99.98053736332474
v 1.9728528938636198 -28.11550151975684 99.98053736332474
v 1.9728528938636198 -27.811550151975684 99.98053736332474
v 1.9728528938636198 -27.50759878419453 99.98053736332474
v 1.9728528938636198 -27.203647416413375 99.98053736332474
v 1.9728528938636198 -26.89969604863222 99.98053736332474
v 1.9728528938636198 -26.595744680851066 99.98053736332474
v 1.9728528938636198 -26.29179331306991 99.98053736332474
v 1.9728528938636198 -25.987841945288753 99.98053736332474
v 1.9728528938636198 -25.6838905775076 99.98053736332474
v 1.9728528938636198 -25.379939209726444 99.98053736332474
v 1.9728528938636198 -25.075987841945288 99.98053736332474
v 1.9728528938636198 -24.772036474164135 99.98053736332474
v 1.9728528938636198 -24.46808510638298 99.98053736332474
v 1.9728528938636198 -24.164133738601826 99.98053736332474
v 1.9728528938636198 -23.86018237082067 99.98053736332474
v 1.9728528938636198 -23.556231003039514 99.98053736332474
v 1.9728528938636198 -23.25227963525836 99.98053736332474
v 1.9728528938636198 -22.948328267477205 99.98053736332474
v 1.9728528938636198 -22.64437689969605 99.98053736332474
v 1.9728528938636198 -22.340425531914896 99.98053736332474
v 1.9728528938636198 -22.03647416413374 99.98053736332474
v 1.9728528938636198 -21.732522796352583 99.98053736332474
v 1.9728528938636198 -21.42857142857143 99.98053736332474
v 1.9728528938636198 -21.124620060790274 99.98053736332474
v 1.9728528938636198 -20.820668693009118 99.98053736332474
v 1.9728528938636198 -20.516717325227965 99.98053736332474
v 1.9728528938636198 -20.21276595744681 99.98053736332474
v 1.9728528938636198 -19.908814589665656 99.98053736332474
v 1.9728528938636198 -19.6048632218845 99.98053736332474
v 1.9728528938636198 -19.300911854103344 99.98053736332474
v 1.9728528938636198 -18.99696048632219 99.98053736332474
v 1.9728528938636198 -18.693009118541035 99.98053736332474
v 1.9728528938636198 -18.38905775075988 99.98053736332474
v 1.9728528938636198 -18.085106382978726 99.98053736332474
v 1.9728528938636198 -17.78115501519757 99.98053736332474
v 1.9728528938636198 -17.477203647416417 99.98053736332474
v 1.9728528938636198 -17.173252279635257 99.98053736332474
v 1.9728528938636198 -16.869300911854104 99.98053736332474
v 1.9728528938636198 -16.56534954407295 99.98053736332474
v 1.9728528938636198 -16.26139817629179 99.98053736332474
v 1.9728528938636198 -15.957446808510639 99.98053736332474
v 1.9728528938636198 -15.653495440729486 99.98053736332474
v 1.9728528938636198 -15.349544072948326 99.98053736332474
v 1.9728528938636198 -15.045592705167174 99.98053736332474
v 1.9728528938636198 -14.741641337386021 99.98053736332474
v 1.9728528938636198 -14.437689969604868 99.98053736332474
v 1.9728528938636198 -14.133738601823708 99.98053736332474
v 1.9728528938636198 -13.829787234042556 99.98053736332474
v 1.9728528938636198 -13.525835866261403 99.98053736332474
v 1.9728528938636198 -13.221884498480243 99.98053736332474
v 1.9728528938636198 -12.91793313069909 99.98053736332474
v 1.9728528938636198 -12.613981762917938 99.98053736332474
v 1.9728528938636198 -12.310030395136778 99.98053736332474
v 1.9728528938636198 -12.006079027355625 99.98053736332474
v 1.9728528938636198 -11.702127659574472 99.98053736332474
v 1.9728528938636198 -11.398176291793312 99.98053736332474
v 1.9728528938636198 -11.09422492401216 99.98053736332474
v 1.9728528938636198 -10.790273556231007 99.98053736332474
v 1.9728528938636198 -10.486322188449847 99.98053736332474
v 1.9728528938636198 -10.182370820668694 99.98053736332474
v 1.9728528938636198 -9.878419452887542 99.98053736332474
v 1.9728528938636198 -9.574468085106382 99.98053736332474
v 1.9728528938636198 -9.27051671732523 99.98053736332474
v 1.9728528938636198 -8.966565349544076 99.98053736332474
v 1.9728528938636198 -8.662613981762917 99.98053736332474
v 1.9728528938636198 -8.358662613981764 99.98053736332474
v 1.9728528938636198 -8.054711246200611 99.98053736332474
v 1.9728528938636198 -7.750759878419451 99.98053736332474
v 1.9728528938636198 -7.446808510638299 99.98053736332474
v 1.9728528938636198 -7.142857142857146 99.98053736332474
v 1.9728528938636198 -6.838905775075993 99.98053736332474
v 1.9728528938636198 -6.534954407294833 99.98053736332474
v 1.9728528938636198 -6.231003039513681 99.98053736332474
v 1.9728528938636198 -5.927051671732528 99.98053736332474
v 1.9728528938636198 -5.623100303951368 99.98053736332474
v 1.9728528938636198 -5.319148936170215 99.98053736332474
v 1.9728528938636198 -5.015197568389063 99.98053736332474
v 1.9728528938636198 -4.711246200607903 99.98053736332474
v 1.9728528938636198 -4.40729483282675 99.98053736332474
v 1.9728528938636198 -4.103343465045597 99.98053736332474
v 1.9728528938636198 -3.7993920972644375 99.98053736332474
v 1.9728528938636198 -3.4954407294832848 99.98053736332474
v 1.9728528938636198 -3.191489361702132 99.98053736332474
v 1.9728528938636198 -2.887537993920972 99.98053736332474
v 1.9728528938636198 -2.5835866261398195 99.98053736332474
v 1.9728528938636198 -2.2796352583586668 99.98053736332474
v 1.9728528938636198 -1.975683890577507 99.98053736332474
v 1.9728528938636198 -1.6717325227963542 99.98053736332474
v 1.9728528938636198 -1.3677811550152015 99.98053736332474
v 1.9728528938636198 -1.0638297872340416 99.98053736332474
v 1.9728528938636198 -0.7598784194528889 99.98053736332474
v 1.9728528938636198 -0.4559270516717362 99.98053736332474
v 1.9728528938636198 -0.15197568389057636 99.98053736332474
v 1.9728528938636198 0.15197568389057636 99.98053736332474
v 1.9728528938636198 0.4559270516717291 99.98053736332474
v 1.9728528938636198 0.7598784194528818 99.98053736332474
v 1.9728528938636198 1.0638297872340416 99.98053736332474
v 1.9728528938636198 1.3677811550151944 99.98053736332474
v 1.9728528938636198 1.671732522796347 99.98053736332474
v 1.9728528938636198 1.975683890577507 99.98053736332474
v 1.9728528938636198 2.2796352583586597 99.98053736332474
v 1.9728528938636198 2.5835866261398124 99.98053736332474
v 1.9728528938636198 2.887537993920972 99.98053736332474
v 1.9728528938636198 3.191489361702125 99.98053736332474
v 1.9728528938636198 3.4954407294832777 99.98053736332474
v 1.9728528938636198 3.7993920972644375 99.98053736332474
v 1.9728528938636198 4.10334346504559 99.98053736332474
v 1.9728528938636198 4.407294832826743 99.98053736332474
v 1.9728528938636198 4.711246200607903 99.98053736332474
v 1.9728528938636198 5.0151975683890555 99.98053736332474
v 1.9728528938636198 5.319148936170208 99.98053736332474
v 1.9728528938636198 5.623100303951368 99.98053736332474
v 1.9728528938636198 5.927051671732521 99.98053736332474
v 1.9728528938636198 6.2310030395136735 99.98053736332474
v 1.9728528938636198 6.534954407294833 99.98053736332474
v 1.9728528938636198 6.838905775075986 99.98053736332474
v 1.9728528938636198 7.142857142857139 99.98053736332474
v 1.9728528938636198 7.446808510638299 99.98053736332474
v 1.9728528938636198 7.750759878419451 99.98053736332474
v 1.9728528938636198 8.054711246200604 99.98053736332474
v 1.9728528938636198 8.358662613981764 99.98053736332474
v 1.9728528938636198 8.662613981762917 99.98053736332474
v 1.9728528938636198 8.96656534954407 99.98053736332474
v 1.9728528938636198 9.270516717325222 99.98053736332474
v 1.9728528938636198 9.574468085106382 99.98053736332474
v 1.9728528938636198 9.878419452887535 99.98053736332474
v 1.9728528938636198 10.182370820668687 99.98053736332474
v 1.9728528938636198 10.486322188449847 99.98053736332474
v 1.9728528938636198 10.790273556231 99.98053736332474
v 1.9728528938636198 11.094224924012153 99.98053736332474
v 1.9728528938636198 11.398176291793312 99.98053736332474
v 1.9728528938636198 11.702127659574465 99.98053736332474
v 1.9728528938636198 12.006079027355618 99.98053736332474
v 1.9728528938636198 12.310030395136778 99.98053736332474
v 1.9728528938636198 12.61398176291793 99.98053736332474
v 1.9728528938636198 12.917933130699083 99.98053736332474
v 1.9728528938636198 13.221884498480243 99.98053736332474
v 1.9728528938636198 13.525835866261396 99.98053736332474
v 1.9728528938636198 13.829787234042549 99.98053736332474
v 1.9728528938636198 14.133738601823708 99.98053736332474
v 1.9728528938636198 14.437689969604861 99.98053736332474
v 1.9728528938636198 14.741641337386014 99.98053736332474
v 1.9728528938636198 15.045592705167167 99.98053736332474
v 1.9728528938636198 15.34954407294832 99.98053736332474
v 1.9728528938636198 15.653495440729486 99.98053736332474
v 1.9728528938636198 15.957446808510639 99.98053736332474
v 1.9728528938636198 16.26139817629179 99.98053736332474
v 1.9728528938636198 16.565349544072944 99.98053736332474
v 1.9728528938636198 16.869300911854097 99.98053736332474
v 1.9728528938636198 17.17325227963525 99.98053736332474
v 1.9728528938636198 17.477203647416417 99.98053736332474
v 1.9728528938636198 17.78115501519757 99.98053736332474
v 1.9728528938636198 18.085106382978722 99.98053736332474
v 1.9728528938636198 18.389057750759875 99.98053736332474
v 1.9728528938636198 18.693009118541028 99.98053736332474
v 1.9728528938636198 18.99696048632218 99.98053736332474
v 1.9728528938636198 19.300911854103347 99.98053736332474
v 1.9728528938636198 19.6048632218845 99.98053736332474
v 1.9728528938636198 19.908814589665653 99.98053736332474
v 1.9728528938636198 20.212765957446805 99.98053736332474
v 1.9728528938636198 20.516717325227958 99.98053736332474
v 1.9728528938636198 20.82066869300911 99.98053736332474
v 1.9728528938636198 21.124620060790264 99.98053736332474
v 1.9728528938636198 21.42857142857143 99.98053736332474
v 1.9728528938636198 21.732522796352583 99.98053736332474
v 1.9728528938636198 22.036474164133736 99.98053736332474
v 1.9728528938636198 22.34042553191489 99.98053736332474
v 1.9728528938636198 22.64437689969604 99.98053736332474
v 1.9728528938636198 22.948328267477194 99.98053736332474
v 1.9728528938636198 23.25227963525836 99.98053736332474
v 1.9728528938636198 23.556231003039514 99.98053736332474
v 1.9728528938636198 23.860182370820667 99.98053736332474
v 1.9728528938636198 24.16413373860182 99.98053736332474
v 1.9728528938636198 24.468085106382972 99.98053736332474
v 1.9728528938636198 24.772036474164125 99.98053736332474
v 1.9728528938636198 25.07598784194529 99.98053736332474
v 1.9728528938636198 25.379939209726444 99.98053736332474
v 1.9728528938636198 25.683890577507597 99.98053736332474
v 1.9728528938636198 25.98784194528875 99.98053736332474
v 1.9728528938636198 26.291793313069903 99.98053736332474
v 1.9728528938636198 26.595744680851055 99.98053736332474
v 1.9728528938636198 26.899696048632222 99.98053736332474
v 1.9728528938636198 27.203647416413375 99.98053736332474
v 1.9728528938636198 27.507598784194528 99.98053736332474
v 1.9728528938636198 27.81155015197568 99.98053736332474
v 1.9728528938636198 28.115501519756833 99.98053736332474
v 1.9728528938636198 28.419452887537986 99.98053736332474
v 1.9728528938636198 28.72340425531914 99.98053736332474
v 1.9728528938636198 29.027355623100306 99.98053736332474
v 1.9728528938636198 29.33130699088146 99.98053736332474
v 1.9728528938636198 29.63525835866261 99.98053736332474
v 1.9728528938636198 29.939209726443764 99.98053736332474
v 1.9728528938636198 30.243161094224916 99.98053736332474
v 1.9728528938636198 30.54711246200607 99.98053736332474
v 1.9728528938636198 30.851063829787236 99.98053736332474
v 1.9728528938636198 31.15501519756839 99.98053736332474
v 1.9728528938636198 31.45896656534954 99.98053736332474
v 1.9728528938636198 31.762917933130694 99.98053736332474
v 1.9728528938636198 32.06686930091185 99.98053736332474
v 1.9728528938636198 32.370820668693 99.98053736332474
v 1.9728528938636198 32.67477203647417 99.98053736332474
v 1.9728528938636198 32.97872340425532 99.98053736332474
v 1.9728528938636198 33.28267477203647 99.98053736332474
v 1.9728528938636198 33.586626139817625 99.98053736332474
v 1.9728528938636198 33.89057750759878 99.98053736332474
v 1.9728528938636198 34.19452887537993 99.98053736332474
v 1.9728528938636198 34.4984802431611 99.98053736332474
v 1.9728528938636198 34.80243161094225 99.98053736332474
v 1.9728528938636198 35.1063829787234 99.98053736332474
v 1.9728528938636198 35.410334346504555 99.98053736332474
v 1.9728528938636198 35.71428571428571 99.98053736332474
v 1.9728528938636198 36.01823708206686 99.98053736332474
v 1.9728528938636198 36.322188449848014 99.98053736332474
v 1.9728528938636198 36.62613981762918 99.98053736332474
v 1.9728528938636198 36.93009118541033 99.98053736332474
v 1.9728528938636198 37.234042553191486 99.98053736332474
v 1.9728528938636198 37.53799392097264 99.98053736332474
v 1.9728528938636198 37.84194528875379 99.98053736332474
v 1.9728528938636198 38.145896656534944 99.98053736332474
v 1.9728528938636198 38.44984802431611 99.98053736332474
v 1.9728528938636198 38.753799392097264 99.98053736332474
v 1.9728528938636198 39.05775075987842 99.98053736332474
v 1.9728528938636198 39.36170212765957 99.98053736332474
v 1.9728528938636198 39.66565349544072 99.98053736332474
v 1.9728528938636198 39.969604863221875 99.98053736332474
v 1.9728528938636198 40.27355623100304 99.98053736332474
v 1.9728528938636198 40.577507598784194 99.98053736332474
v 1.9728528938636198 40.88145896656535 99.98053736332474
v 1.9728528938636198 41.1854103343465 99.98053736332474
v 1.9728528938636198 41.48936170212765 99.98053736332474
v 1.9728528938636198 41.793313069908805 99.98053736332474
v 1.9728528938636198 42.09726443768997 99.98053736332474
v 1.9728528938636198 42.401215805471125 99.98053736332474
v 1.9728528938636198 42.70516717325228 99.98053736332474
v 1.9728528938636198 43.00911854103343 99.98053736332474
v 1.9728528938636198 43.31306990881458 99.98053736332474
v 1.9728528938636198 43.617021276595736 99.98053736332474
v 1.9728528938636198 43.92097264437689 99.98053736332474
v 1.9728528938636198 44.224924012158056 99.98053736332474
v 1.9728528938636198 44.52887537993921 99.98053736332474
v 1.9728528938636198 44.83282674772036 99.98053736332474
v 1.9728528938636198 45.136778115501514 99.98053736332474
v 1.9728528938636198 45.44072948328267 99.98053736332474
v 1.9728528938636198 45.74468085106382 99.98053736332474
v 1.9728528938636198 46.048632218844986 99.98053736332474
v 1.9728528938636198 46.35258358662614 99.98053736332474
v 1.9728528938636198 46.65653495440729 99.98053736332474
v 1.9728528938636198 46.960486322188444 99.98053736332474
v 1.9728528938636198 47.2644376899696 99.98053736332474
v 1.9728528938636198 47.56838905775075 99.98053736332474
v 1.9728528938636198 47.87234042553192 99.98053736332474
v 1.9728528938636198 48.17629179331307 99.98053736332474
v 1.9728528938636198 48.48024316109422 99.98053736332474
v 1.9728528938636198 48.784194528875375 99.98053736332474
v 1.9728528938636198 49.08814589665653 99.98053736332474
v 1.9728528938636198 49.39209726443768 99.98053736332474
v 1.9728528938636198 49.69604863221885 99.98053736332474
v 1.9728528938636198 50.0 99.98053736332474
v 2.2763197856105535 -50.0 99.97408848413491
v 2.2763197856105535 -49.69604863221885 99.97408848413491
v 2.2763197856105535 -49.39209726443769 99.97408848413491
v 2.2763197856105535 -49.088145896656535 99.97408848413491
v 2.2763197856105535 -48.78419452887538 99.97408848413491
v 2.2763197856105535 -48.48024316109422 99.97408848413491
v 2.2763197856105535 -48.17629179331307 99.97408848413491
v 2.2763197856105535 -47.87234042553192 99.97408848413491
v 2.2763197856105535 -47.56838905775076 99.97408848413491
v 2.2763197856105535 -47.264437689969604 99.97408848413491
v 2.2763197856105535 -46.96048632218845 99.97408848413491
v 2.2763197856105535 -46.65653495440729 99.97408848413491
v 2.2763197856105535 -46.35258358662614 99.97408848413491
v 2.2763197856105535 -46.048632218844986 99.97408848413491
v 2.2763197856105535 -45.74468085106383 99.97408848413491
v 2.2763197856105535 -45.440729483282674 99.97408848413491
v 2.2763197856105535 -45.13677811550152 99.97408848413491
v 2.2763197856105535 -44.83282674772036 99.97408848413491
v 2.2763197856105535 -44.52887537993921 99.97408848413491
v 2.2763197856105535 -44.224924012158056 99.97408848413491
v 2.2763197856105535 -43.9209726443769 99.97408848413491
v 2.2763197856105535 -43.61702127659574 99.97408848413491
v 2.2763197856105535 -43.31306990881459 99.97408848413491
v 2.2763197856105535 -43.00911854103344 99.97408848413491
v 2.2763197856105535 -42.70516717325228 99.97408848413491
v 2.2763197856105535 -42.401215805471125 99.97408848413491
v 2.2763197856105535 -42.09726443768997 99.97408848413491
v 2.2763197856105535 -41.79331306990881 99.97408848413491
v 2.2763197856105535 -41.48936170212766 99.97408848413491
v 2.2763197856105535 -41.18541033434651 99.97408848413491
v 2.2763197856105535 -40.88145896656535 99.97408848413491
v 2.2763197856105535 -40.577507598784194 99.97408848413491
v 2.2763197856105535 -40.27355623100304 99.97408848413491
v 2.2763197856105535 -39.96960486322189 99.97408848413491
v 2.2763197856105535 -39.66565349544073 99.97408848413491
v 2.2763197856105535 -39.361702127659576 99.97408848413491
v 2.2763197856105535 -39.05775075987842 99.97408848413491
v 2.2763197856105535 -38.753799392097264 99.97408848413491
v 2.2763197856105535 -38.44984802431611 99.97408848413491
v 2.2763197856105535 -38.14589665653496 99.97408848413491
v 2.2763197856105535 -37.8419452887538 99.97408848413491
v 2.2763197856105535 -37.537993920972646 99.97408848413491
v 2.2763197856105535 -37.234042553191486 99.97408848413491
v 2.2763197856105535 -36.93009118541033 99.97408848413491
v 2.2763197856105535 -36.62613981762918 99.97408848413491
v 2.2763197856105535 -36.32218844984803 99.97408848413491
v 2.2763197856105535 -36.01823708206687 99.97408848413491
v 2.2763197856105535 -35.714285714285715 99.97408848413491
v 2.2763197856105535 -35.410334346504555 99.97408848413491
v 2.2763197856105535 -35.1063829787234 99.97408848413491
v 2.2763197856105535 -34.80243161094225 99.97408848413491
v 2.2763197856105535 -34.4984802431611 99.97408848413491
v 2.2763197856105535 -34.19452887537994 99.97408848413491
v 2.2763197856105535 -33.890577507598785 99.97408848413491
v 2.2763197856105535 -33.586626139817625 99.97408848413491
v 2.2763197856105535 -33.28267477203647 99.97408848413491
v 2.2763197856105535 -32.97872340425532 99.97408848413491
v 2.2763197856105535 -32.67477203647417 99.97408848413491
v 2.2763197856105535 -32.370820668693014 99.97408848413491
v 2.2763197856105535 -32.066869300911854 99.97408848413491
v 2.2763197856105535 -31.7629179331307 99.97408848413491
v 2.2763197856105535 -31.458966565349545 99.97408848413491
v 2.2763197856105535 -31.15501519756839 99.97408848413491
v 2.2763197856105535 -30.851063829787236 99.97408848413491
v 2.2763197856105535 -30.54711246200608 99.97408848413491
v 2.2763197856105535 -30.243161094224924 99.97408848413491
v 2.2763197856105535 -29.93920972644377 99.97408848413491
v 2.2763197856105535 -29.635258358662615 99.97408848413491
v 2.2763197856105535 -29.33130699088146 99.97408848413491
v 2.2763197856105535 -29.027355623100306 99.97408848413491
v 2.2763197856105535 -28.72340425531915 99.97408848413491
v 2.2763197856105535 -28.419452887537997 99.97408848413491
v 2.2763197856105535 -28.11550151975684 99.97408848413491
v 2.2763197856105535 -27.811550151975684 99.97408848413491
v 2.2763197856105535 -27.50759878419453 99.97408848413491
v 2.2763197856105535 -27.203647416413375 99.97408848413491
v 2.2763197856105535 -26.89969604863222 99.97408848413491
v 2.2763197856105535 -26.595744680851066 99.97408848413491
v 2.2763197856105535 -26.29179331306991 99.97408848413491
v 2.2763197856105535 -25.987841945288753 99.97408848413491
v 2.2763197856105535 -25.6838905775076 99.97408848413491
v 2.2763197856105535 -25.379939209726444 99.97408848413491
v 2.2763197856105535 -25.075987841945288 99.97408848413491
v 2.2763197856105535 -24.772036474164135 99.97408848413491
v 2.2763197856105535 -24.46808510638298 99.97408848413491
v 2.2763197856105535 -24.164133738601826 99.97408848413491
v 2.2763197856105535 -23.86018237082067 99.97408848413491
v 2.2763197856105535 -23.556231003039514 99.97408848413491
v 2.2763197856105535 -23.25227963525836 99.97408848413491
v 2.2763197856105535 -22.948328267477205 99.97408848413491
v 2.2763197856105535 -22.64437689969605 99.97408848413491
v 2.2763197856105535 -22.340425531914896 99.97408848413491
v 2.2763197856105535 -22.03647416413374 99.97408848413491
v 2.2763197856105535 -21.732522796352583 99.97408848413491
v 2.2763197856105535 -21.42857142857143 99.97408848413491
v 2.2763197856105535 -21.124620060790274 99.97408848413491
v 2.2763197856105535 -20.820668693009118 99.97408848413491
v 2.2763197856105535 -20.516717325227965 99.97408848413491
v 2.2763197856105535 -20.21276595744681 99.97408848413491
v 2.2763197856105535 -19.908814589665656 99.97408848413491
v 2.2763197856105535 -19.6048632218845 99.97408848413491
v 2.2763197856105535 -19.300911854103344 99.97408848413491
v 2.2763197856105535 -18.99696048632219 99.97408848413491
v 2.2763197856105535 -18.693009118541035 99.97408848413491
v 2.2763197856105535 -18.38905775075988 99.97408848413491
v 2.2763197856105535 -18.085106382978726 99.97408848413491
v 2.2763197856105535 -17.78115501519757 99.97408848413491
v 2.2763197856105535 -17.477203647416417 99.97408848413491
v 2.2763197856105535 -17.173252279635257 99.97408848413491
v 2.2763197856105535 -16.869300911854104 99.97408848413491
v 2.2763197856105535 -16.56534954407295 99.97408848413491
v 2.2763197856105535 -16.26139817629179 99.97408848413491
v 2.2763197856105535 -15.957446808510639 99.97408848413491
v 2.2763197856105535 -15.653495440729486 99.97408848413491
v 2.2763197856105535 -15.349544072948326 99.97408848413491
v 2.2763197856105535 -15.045592705167174 99.97408848413491
v 2.2763197856105535 -14.741641337386021 99.97408848413491
v 2.2763197856105535 -14.437689969604868 99.97408848413491
v 2.2763197856105535 -14.133738601823708 99.97408848413491
v 2.2763197856105535 -13.829787234042556 99.97408848413491
v 2.2763197856105535 -13.525835866261403 99.97408848413491
v 2.2763197856105535 -13.221884498480243 99.97408848413491
v 2.2763197856105535 -12.91793313069909 99.97408848413491
v 2.2763197856105535 -12.613981762917938 99.97408848413491
v 2.2763197856105535 -12.310030395136778 99.97408848413491
v 2.2763197856105535 -12.006079027355625 99.97408848413491
v 2.2763197856105535 -11.702127659574472 99.97408848413491
v 2.2763197856105535 -11.398176291793312 99.97408848413491
v 2.2763197856105535 -11.09422492401216 99.97408848413491
v 2.2763197856105535 -10.790273556231007 99.97408848413491
v 2.2763197856105535 -10.486322188449847 99.97408848413491
v 2.2763197856105535 -10.182370820668694 99.97408848413491
v 2.2763197856105535 -9.878419452887542 99.97408848413491
v 2.2763197856105535 -9.574468085106382 99.97408848413491
v 2.2763197856105535 -9.27051671732523 99.97408848413491
v 2.2763197856105535 -8.966565349544076 99.97408848413491
v 2.2763197856105535 -8.662613981762917 99.97408848413491
v 2.2763197856105535 -8.358662613981764 99.97408848413491
v 2.2763197856105535 -8.054711246200611 99.97408848413491
v 2.2763197856105535 -7.750759878419451 99.97408848413491
v 2.2763197856105535 -7.446808510638299 99.97408848413491
v 2.2763197856105535 -7.142857142857146 99.97408848413491
v 2.2763197856105535 -6.838905775075993 99.97408848413491
v 2.2763197856105535 -6.534954407294833 99.97408848413491
v 2.2763197856105535 -6.231003039513681 99.97408848413491
v 2.2763197856105535 -5.927051671732528 99.97408848413491
v 2.2763197856105535 -5.623100303951368 99.97408848413491
v 2.2763197856105535 -5.319148936170215 99.97408848413491
v 2.2763197856105535 -5.015197568389063 99.97408848413491
v 2.2763197856105535 -4.711246200607903 99.97408848413491
v 2.2763197856105535 -4.40729483282675 99.97408848413491
v 2.2763197856105535 -4.103343465045597 99.97408848413491
v 2.2763197856105535 -3.7993920972644375 99.97408848413491
v 2.2763197856105535 -3.4954407294832848 99.97408848413491
v 2.2763197856105535 -3.191489361702132 99.97408848413491
v 2.2763197856105535 -2.887537993920972 99.97408848413491
v 2.2763197856105535 -2.5835866261398195 99.97408848413491
v 2.2763197856105535 -2.2796352583586668 99.97408848413491
v 2.2763197856105535 -1.975683890577507 99.97408848413491
v 2.2763197856105535 -1.6717325227963542 99.97408848413491
v 2.2763197856105535 -1.3677811550152015 99.97408848413491
v 2.2763197856105535 -1.0638297872340416 99.97408848413491
v 2.2763197856105535 -0.7598784194528889 99.97408848413491
v 2.2763197856105535 -0.4559270516717362 99.97408848413491
v 2.2763197856105535 -0.15197568389057636 99.97408848413491
v 2.2763197856105535 0.15197568389057636 99.97408848413491
v 2.2763197856105535 0.4559270516717291 99.97408848413491
v 2.2763197856105535 0.7598784194528818 99.97408848413491
v 2.2763197856105535 1.0638297872340416 99.97408848413491
v 2.2763197856105535 1.3677811550151944 99.97408848413491
v 2.2763197856105535 1.671732522796347 99.97408848413491
v 2.2763197856105535 1.975683890577507 99.97408848413491
v 2.2763197856105535 2.2796352583586597 99.97408848413491
v 2.2763197856105535 2.5835866261398124 99.97408848413491
v 2.2763197856105535 2.887537993920972 99.97408848413491
v 2.2763197856105535 3.191489361702125 99.97408848413491
v 2.2763197856105535 3.4954407294832777 99.97408848413491
v 2.2763197856105535 3.7993920972644375 99.97408848413491
v 2.2763197856105535 4.10334346504559 99.97408848413491
v 2.2763197856105535 4.407294832826743 99.97408848413491
v 2.2763197856105535 4.711246200607903 99.97408848413491
v 2.2763197856105535 5.0151975683890555 99.97408848413491
v 2.2763197856105535 5.319148936170208 99.97408848413491
v 2.2763197856105535 5.623100303951368 99.97408848413491
v 2.2763197856105535 5.927051671732521 99.97408848413491
v 2.2763197856105535 6.2310030395136735 99.97408848413491
v 2.2763197856105535 6.534954407294833 99.97408848413491
v 2.2763197856105535 6.838905775075986 99.97408848413491
v 2.2763197856105535 7.142857142857139 99.97408848413491
v 2.2763197856105535 7.446808510638299 99.97408848413491
v 2.2763197856105535 7.750759878419451 99.97408848413491
v 2.2763197856105535 8.054711246200604 99.97408848413491
v 2.2763197856105535 8.358662613981764 99.97408848413491
v 2.2763197856105535 8.662613981762917 99.97408848413491
v 2.2763197856105535 8.96656534954407 99.97408848413491
v 2.2763197856105535 9.270516717325222 99.97408848413491
v 2.2763197856105535 9.574468085106382 99.97408848413491
v 2.2763197856105535 9.878419452887535 99.97408848413491
v 2.2763197856105535 10.182370820668687 99.97408848413491
v 2.2763197856105535 10.486322188449847 99.97408848413491
v 2.2763197856105535 10.790273556231 99.97408848413491
v 2.2763197856105535 11.094224924012153 99.97408848413491
v 2.2763197856105535 11.398176291793312 99.97408848413491
v 2.2763197856105535 11.702127659574465 99.97408848413491
v 2.2763197856105535 12.006079027355618 99.97408848413491
v 2.2763197856105535 12.310030395136778 99.97408848413491
v 2.2763197856105535 12.61398176291793 99.97408848413491
v 2.2763197856105535 12.917933130699083 99.97408848413491
v 2.2763197856105535 13.221884498480243 99.97408848413491
v 2.2763197856105535 13.525835866261396 99.97408848413491
v 2.2763197856105535 13.829787234042549 99.97408848413491
v 2.2763197856105535 14.133738601823708 99.97408848413491
v 2.2763197856105535 14.437689969604861 99.97408848413491
v 2.2763197856105535 14.741641337386014 99.97408848413491
v 2.2763197856105535 15.045592705167167 99.97408848413491
v 2.2763197856105535 15.34954407294832 99.97408848413491
v 2.2763197856105535 15.653495440729486 99.97408848413491
v 2.2763197856105535 15.957446808510639 99.97408848413491
v 2.2763197856105535 16.26139817629179 99.97408848413491
v 2.2763197856105535 16.565349544072944 99.97408848413491
v 2.2763197856105535 16.869300911854097 99.97408848413491
v 2.2763197856105535 17.17325227963525 99.97408848413491
v 2.2763197856105535 17.477203647416417 99.97408848413491
v 2.2763197856105535 17.78115501519757 99.97408848413491
v 2.2763197856105535 18.085106382978722 99.97408848413491
v 2.2763197856105535 18.389057750759875 99.97408848413491
v 2.2763197856105535 18.693009118541028 99.97408848413491
v 2.2763197856105535 18.99696048632218 99.97408848413491
v 2.2763197856105535 19.300911854103347 99.97408848413491
v 2.2763197856105535 19.6048632218845 99.97408848413491
v 2.2763197856105535 19.908814589665653 99.97408848413491
v 2.2763197856105535 20.212765957446805 99.97408848413491
v 2.2763197856105535 20.516717325227958 99.97408848413491
v 2.2763197856105535 20.82066869300911 99.97408848413491
v 2.2763197856105535 21.124620060790264 99.97408848413491
v 2.2763197856105535 21.42857142857143 99.97408848413491
v 2.2763197856105535 21.732522796352583 99.97408848413491
v 2.2763197856105535 22.036474164133736 99.97408848413491
v 2.2763197856105535 22.34042553191489 99.97408848413491
v 2.2763197856105535 22.64437689969604 99.97408848413491
v 2.2763197856105535 22.948328267477194 99.97408848413491
v 2.2763197856105535 23.25227963525836 99.97408848413491
v 2.2763197856105535 23.556231003039514 99.97408848413491
v 2.2763197856105535 23.860182370820667 99.97408848413491
v 2.2763197856105535 24.16413373860182 99.97408848413491
v 2.2763197856105535 24.468085106382972 99.97408848413491
v 2.2763197856105535 24.772036474164125 99.97408848413491
v 2.2763197856105535 25.07598784194529 99.97408848413491
v 2.2763197856105535 25.379939209726444 99.97408848413491
v 2.2763197856105535 25.683890577507597 99.97408848413491
v 2.2763197856105535 25.98784194528875 99.97408848413491
v 2.2763197856105535 26.291793313069903 99.97408848413491
v 2.2763197856105535 26.595744680851055 99.97408848413491
v 2.2763197856105535 26.899696048632222 99.97408848413491
v 2.2763197856105535 27.203647416413375 99.97408848413491
v 2.2763197856105535 27.507598784194528 99.97408848413491
v 2.2763197856105535 27.81155015197568 99.97408848413491
v 2.2763197856105535 28.115501519756833 99.97408848413491
v 2.2763197856105535 28.419452887537986 99.97408848413491
v 2.2763197856105535 28.72340425531914 99.97408848413491
v 2.2763197856105535 29.027355623100306 99.97408848413491
v 2.2763197856105535 29.33130699088146 99.97408848413491
v 2.2763197856105535 29.63525835866261 99.97408848413491
v 2.2763197856105535 29.939209726443764 99.97408848413491
v 2.2763197856105535 30.243161094224916 99.97408848413491
v 2.2763197856105535 30.54711246200607 99.97408848413491
v 2.2763197856105535 30.851063829787236 99.97408848413491
v 2.2763197856105535 31.15501519756839 99.97408848413491
v 2.2763197856105535 31.45896656534954 99.97408848413491
v 2.2763197856105535 31.762917933130694 99.97408848413491
v 2.2763197856105535 32.06686930091185 99.97408848413491
v 2.2763197856105535 32.370820668693 99.97408848413491
v 2.2763197856105535 32.67477203647417 99.97408848413491
v 2.2763197856105535 32.97872340425532 99.97408848413491
v 2.2763197856105535 33.28267477203647 99.97408848413491
v 2.2763197856105535 33.586626139817625 99.97408848413491
v 2.2763197856105535 33.89057750759878 99.97408848413491
v 2.2763197856105535 34.19452887537993 99.97408848413491
v 2.2763197856105535 34.4984802431611 99.97408848413491
v 2.2763197856105535 34.80243161094225 99.97408848413491
v 2.2763197856105535 35.1063829787234 99.97408848413491
v 2.2763197856105535 35.410334346504555 99.97408848413491
v 2.2763197856105535 35.71428571428571 99.97408848413491
v 2.2763197856105535 36.01823708206686 99.97408848413491
v 2.2763197856105535 36.322188449848014 99.97408848413491
v 2.2763197856105535 36.62613981762918 99.97408848413491
v 2.2763197856105535 36.93009118541033 99.97408848413491
v 2.2763197856105535 37.234042553191486 99.97408848413491
v 2.2763197856105535 37.53799392097264 99.97408848413491
v 2.2763197856105535 37.84194528875379 99.97408848413491
v 2.2763197856105535 38.145896656534944 99.97408848413491
v 2.2763197856105535 38.44984802431611 99.97408848413491
v 2.2763197856105535 38.753799392097264 99.97408848413491
v 2.2763197856105535 39.05775075987842 99.97408848413491
v 2.2763197856105535 39.36170212765957 99.97408848413491
v 2.2763197856105535 39.66565349544072 99.97408848413491
v 2.2763197856105535 39.969604863221875 99.97408848413491
v 2.2763197856105535 40.27355623100304 99.97408848413491
v 2.2763197856105535 40.577507598784194 99.97408848413491
v 2.2763197856105535 40.88145896656535 99.97408848413491
v 2.2763197856105535 41.1854103343465 99.97408848413491
v 2.2763197856105535 41.48936170212765 99.97408848413491
v 2.2763197856105535 41.793313069908805 99.97408848413491
v 2.2763197856105535 42.09726443768997 99.97408848413491
v 2.2763197856105535 42.401215805471125 99.97408848413491
v 2.2763197856105535 42.70516717325228 99.97408848413491
v 2.2763197856105535 43.00911854103343 99.97408848413491
v 2.2763197856105535 43.31306990881458 99.97408848413491
v 2.2763197856105535 43.617021276595736 99.97408848413491
v 2.2763197856105535 43.92097264437689 99.97408848413491
v 2.2763197856105535 44.224924012158056 99.97408848413491
v 2.2763197856105535 44.52887537993921 99.97408848413491
v 2.2763197856105535 44.83282674772036 99.97408848413491
v 2.2763197856105535 45.136778115501514 99.97408848413491
v 2.2763197856105535 45.44072948328267 99.97408848413491
v 2.2763197856105535 45.74468085106382 99.97408848413491
v 2.2763197856105535 46.048632218844986 99.97408848413491
v 2.2763197856105535 46.35258358662614 99.97408848413491
v 2.2763197856105535 46.65653495440729 99.97408848413491
v 2.2763197856105535 46.960486322188444 99.97408848413491
v 2.2763197856105535 47.2644376899696 99.97408848413491
v 2.2763197856105535 47.56838905775075 99.97408848413491
v 2.2763197856105535 47.87234042553192 99.97408848413491
v 2.2763197856105535 48.17629179331307 99.97408848413491
v 2.2763197856105535 48.48024316109422 99.97408848413491
v 2.2763197856105535 48.784194528875375 99.97408848413491
v 2.2763197856105535 49.08814589665653 99.97408848413491
v 2.2763197856105535 49.39209726443768 99.97408848413491
v 2.2763197856105535 49.69604863221885 99.97408848413491
v 2.2763197856105535 50.0 99.97408848413491
v 2.5797657047714284 -50.0 99.9667185062533
v 2.5797657047714284 -49.69604863221885 99.9667185062533
v 2.5797657047714284 -49.39209726443769 99.9667185062533
v 2.5797657047714284 -49.088145896656535 99.9667185062533
v 2.5797657047714284 -48.78419452887538 99.9667185062533
v 2.5797657047714284 -48.48024316109422 99.9667185062533
v 2.5797657047714284 -48.17629179331307 99.9667185062533
v 2.5797657047714284 -47.87234042553192 99.9667185062533
v 2.5797657047714284 -47.56838905775076 99.9667185062533
v 2.5797657047714284 -47.264437689969604 99.9667185062533
v 2.5797657047714284 -46.96048632218845 99.9667185062533
v 2.5797657047714284 -46.65653495440729 99.9667185062533
v 2.5797657047714284 -46.35258358662614 99.9667185062533
v 2.5797657047714284 -46.048632218844986 99.9667185062533
v 2.5797657047714284 -45.74468085106383 99.9667185062533
v 2.5797657047714284 -45.440729483282674 99.9667185062533
v 2.5797657047714284 -45.13677811550152 99.9667185062533
v 2.5797657047714284 -44.83282674772036 99.9667185062533
v 2.5797657047714284 -44.52887537993921 99.9667185062533
v 2.5797657047714284 -44.224924012158056 99.9667185062533
v 2.5797657047714284 -43.9209726443769 99.9667185062533
v 2.5797657047714284 -43.61702127659574 99.9667185062533
v 2.5797657047714284 -43.31306990881459 99.9667185062533
v 2.5797657047714284 -43.00911854103344 99.9667185062533
v 2.5797657047714284 -42.70516717325228 99.9667185062533
v 2.5797657047714284 -42.401215805471125 99.9667185062533
v 2.5797657047714284 -42.09726443768997 99.9667185062533
v 2.5797657047714284 -41.79331306990881 99.9667185062533
v 2.5797657047714284 -41.48936170212766 99.9667185062533
v 2.5797657047714284 -41.18541033434651 99.9667185062533
v 2.5797657047714284 -40.88145896656535 99.9667185062533
v 2.5797657047714284 -40.577507598784194 99.9667185062533
v 2.5797657047714284 -40.27355623100304 99.9667185062533
v 2.5797657047714284 -39.96960486322189 99.9667185062533
v 2.5797657047714284 -39.66565349544073 99.9667185062533
v 2.5797657047714284 -39.361702127659576 99.9667185062533
v 2.5797657047714284 -39.05775075987842 99.9667185062533
v 2.5797657047714284 -38.753799392097264 99.9667185062533
v 2.5797657047714284 -38.44984802431611 99.9667185062533
v 2.5797657047714284 -38.14589665653496 99.9667185062533
v 2.5797657047714284 -37.8419452887538 99.9667185062533
v 2.5797657047714284 -37.537993920972646 99.9667185062533
v 2.5797657047714284 -37.234042553191486 99.9667185062533
v 2.5797657047714284 -36.93009118541033 99.9667185062533
v 2.5797657047714284 -36.62613981762918 99.9667185062533
v 2.5797657047714284 -36.32218844984803 99.9667185062533
v 2.5797657047714284 -36.01823708206687 99.9667185062533
v 2.5797657047714284 -35.714285714285715 99.9667185062533
v 2.5797657047714284 -35.410334346504555 99.9667185062533
v 2.5797657047714284 -35.1063829787234 99.9667185062533
v 2.5797657047714284 -34.80243161094225 99.9667185062533
v 2.5797657047714284 -34.4984802431611 99.9667185062533
v 2.5797657047714284 -34.19452887537994 99.9667185062533
v 2.5797657047714284 -33.890577507598785 99.9667185062533
v 2.5797657047714284 -33.586626139817625 99.9667185062533
v 2.5797657047714284 -33.28267477203647 99.9667185062533
v 2.5797657047714284 -32.97872340425532 99.9667185062533
v 2.5797657047714284 -32.67477203647417 99.9667185062533
v 2.5797657047714284 -32.370820668693014 99.9667185062533
v 2.5797657047714284 -32.066869300911854 99.9667185062533
v 2.5797657047714284 -31.7629179331307 99.9667185062533
v 2.5797657047714284 -31.458966565349545 99.9667185062533
v 2.5797657047714284 -31.15501519756839 99.9667185062533
v 2.5797657047714284 -30.851063829787236 99.9667185062533
v 2.5797657047714284 -30.54711246200608 99.9667185062533
v 2.5797657047714284 -30.243161094224924 99.9667185062533
v 2.5797657047714284 -29.93920972644377 99.9667185062533
v 2.5797657047714284 -29.635258358662615 99.9667185062533
v 2.5797657047714284 -29.33130699088146 99.9667185062533
v 2.5797657047714284 -29.027355623100306 99.9667185062533
v 2.5797657047714284 -28.72340425531915 99.9667185062533
v 2.5797657047714284 -28.419452887537997 99.9667185062533
v 2.5797657047714284 -28.11550151975684 99.9667185062533
v 2.5797657047714284 -27.811550151975684 99.9667185062533
v 2.5797657047714284 -27.50759878419453 99.9667185062533
v 2.5797657047714284 -27.203647416413375 99.9667185062533
v 2.5797657047714284 -26.89969604863222 99.9667185062533
v 2.5797657047714284 -26.595744680851066 99.9667185062533
v 2.5797657047714284 -26.29179331306991 99.9667185062533
v 2.5797657047714284 -25.987841945288753 99.9667185062533
v 2.5797657047714284 -25.6838905775076 99.9667185062533
v 2.5797657047714284 -25.379939209726444 99.9667185062533
v 2.5797657047714284 -25.075987841945288 99.9667185062533
v 2.5797657047714284 -24.772036474164135 99.9667185062533
v 2.5797657047714284 -24.46808510638298 99.9667185062533
v 2.5797657047714284 -24.164133738601826 99.9667185062533
v 2.5797657047714284 -23.86018237082067 99.9667185062533
v 2.5797657047714284 -23.556231003039514 99.9667185062533
v 2.5797657047714284 -23.25227963525836 99.9667185062533
v 2.5797657047714284 -22.948328267477205 99.9667185062533
v 2.5797657047714284 -22.64437689969605 99.9667185062533
v 2.5797657047714284 -22.340425531914896 99.9667185062533
v 2.5797657047714284 -22.03647416413374 99.9667185062533
v 2.5797657047714284 -21.732522796352583 99.9667185062533
v 2.5797657047714284 -21.42857142857143 99.9667185062533
v 2.5797657047714284 -21.124620060790274 99.9667185062533
v 2.5797657047714284 -20.820668693009118 99.9667185062533
v 2.5797657047714284 -20.516717325227965 99.9667185062533
v 2.5797657047714284 -20.21276595744681 99.9667185062533
v 2.5797657047714284 -19.908814589665656 99.9667185062533
v 2.5797657047714284 -19.6048632218845 99.9667185062533
v 2.5797657047714284 -19.300911854103344 99.9667185062533
v 2.5797657047714284 -18.99696048632219 99.9667185062533
v 2.5797657047714284 -18.693009118541035 99.9667185062533
v 2.5797657047714284 -18.38905775075988 99.9667185062533
v 2.5797657047714284 -18.085106382978726 99.9667185062533
v 2.5797657047714284 -17.78115501519757 99.9667185062533
v 2.5797657047714284 -17.477203647416417 99.9667185062533
v 2.5797657047714284 -17.173252279635257 99.9667185062533
v 2.5797657047714284 -16.869300911854104 99.9667185062533
v 2.5797657047714284 -16.56534954407295 99.9667185062533
v 2.5797657047714284 -16.26139817629179 99.9667185062533
v 2.5797657047714284 -15.957446808510639 99.9667185062533
v 2.5797657047714284 -15.653495440729486 99.9667185062533
v 2.5797657047714284 -15.349544072948326 99.9667185062533
v 2.5797657047714284 -15.045592705167174 99.9667185062533
v 2.5797657047714284 -14.741641337386021 99.9667185062533
v 2.5797657047714284 -14.437689969604868 99.9667185062533
v 2.5797657047714284 -14.133738601823708 99.9667185062533
v 2.5797657047714284 -13.829787234042556 99.9667185062533
v 2.5797657047714284 -13.525835866261403 99.9667185062533
v 2.5797657047714284 -13.221884498480243 99.9667185062533
v 2.5797657047714284 -12.91793313069909 99.9667185062533
v 2.5797657047714284 -12.613981762917938 99.9667185062533
v 2.5797657047714284 -12.310030395136778 99.9667185062533
v 2.5797657047714284 -12.006079027355625 99.9667185062533
v 2.5797657047714284 -11.702127659574472 99.9667185062533
v 2.5797657047714284 -11.398176291793312 99.9667185062533
v 2.5797657047714284 -11.09422492401216 99.9667185062533
v 2.5797657047714284 -10.790273556231007 99.9667185062533
v 2.5797657047714284 -10.486322188449847 99.9667185062533
v 2.5797657047714284 -10.182370820668694 99.9667185062533
v 2.5797657047714284 -9.878419452887542 99.9667185062533
v 2.5797657047714284 -9.574468085106382 99.9667185062533
v 2.5797657047714284 -9.27051671732523 99.9667185062533
v 2.5797657047714284 -8.966565349544076 99.9667185062533
v 2.5797657047714284 -8.662613981762917 99.9667185062533
v 2.5797657047714284 -8.358662613981764 99.9667185062533
v 2.5797657047714284 -8.054711246200611 99.9667185062533
v 2.5797657047714284 -7.750759878419451 99.9667185062533
v 2.5797657047714284 -7.446808510638299 99.9667185062533
v 2.5797657047714284 -7.142857142857146 99.9667185062533
v 2.5797657047714284 -6.838905775075993 99.9667185062533
v 2.5797657047714284 -6.534954407294833 99.9667185062533
v 2.5797657047714284 -6.231003039513681 99.9667185062533
v 2.5797657047714284 -5.927051671732528 99.9667185062533
v 2.5797657047714284 -5.623100303951368 99.9667185062533
v 2.5797657047714284 -5.319148936170215 99.9667185062533
v 2.5797657047714284 -5.015197568389063 99.9667185062533
v 2.5797657047714284 -4.711246200607903 99.9667185062533
v 2.5797657047714284 -4.40729483282675 99.9667185062533
v 2.5797657047714284 -4.103343465045597 99.9667185062533
v 2.5797657047714284 -3.7993920972644375 99.9667185062533
v 2.5797657047714284 -3.4954407294832848 99.9667185062533
v 2.5797657047714284 -3.191489361702132 99.9667185062533
v 2.5797657047714284 -2.887537993920972 99.9667185062533
v 2.5797657047714284 -2.5835866261398195 99.9667185062533
v 2.5797657047714284 -2.2796352583586668 99.9667185062533
v 2.5797657047714284 -1.975683890577507 99.9667185062533
v 2.5797657047714284 -1.6717325227963542 99.9667185062533
v 2.5797657047714284 -1.3677811550152015 99.9667185062533
v 2.5797657047714284 -1.0638297872340416 99.9667185062533
v 2.5797657047714284 -0.7598784194528889 99.9667185062533
v 2.5797657047714284 -0.4559270516717362 99.9667185062533
v 2.5797657047714284 -0.15197568389057636 99.9667185062533
v 2.5797657047714284 0.15197568389057636 99.9667185062533
v 2.5797657047714284 0.4559270516717291 99.9667185062533
v 2.5797657047714284 0.7598784194528818 99.9667185062533
v 2.5797657047714284 1.0638297872340416 99.9667185062533
v 2.5797657047714284 1.3677811550151944 99.9667185062533
v 2.5797657047714284 1.671732522796347 99.9667185062533
v 2.5797657047714284 1.975683890577507 99.9667185062533
v 2.5797657047714284 2.2796352583586597 99.9667185062533
v 2.5797657047714284 2.5835866261398124 99.9667185062533
v 2.5797657047714284 2.887537993920972 99.9667185062533
v 2.5797657047714284 3.191489361702125 99.9667185062533
v 2.5797657047714284 3.4954407294832777 99.9667185062533
v 2.5797657047714284 3.7993920972644375 99.9667185062533
v 2.5797657047714284 4.10334346504559 99.9667185062533
v 2.5797657047714284 4.407294832826743 99.9667185062533
v 2.5797657047714284 4.711246200607903 99.9667185062533
v 2.5797657047714284 5.0151975683890555 99.9667185062533
v 2.5797657047714284 5.319148936170208 99.9667185062533
v 2.5797657047714284 5.623100303951368 99.9667185062533
v 2.5797657047714284 5.927051671732521 99.9667185062533
v 2.5797657047714284 6.2310030395136735 99.9667185062533
v 2.5797657047714284 6.534954407294833 99.9667185062533
v 2.5797657047714284 6.838905775075986 99.9667185062533
v 2.5797657047714284 7.142857142857139 99.9667185062533
v 2.5797657047714284 7.446808510638299 99.9667185062533
v 2.5797657047714284 7.750759878419451 99.9667185062533
v 2.5797657047714284 8.054711246200604 99.9667185062533
v 2.5797657047714284 8.358662613981764 99.9667185062533
v 2.5797657047714284 8.662613981762917 99.9667185062533
v 2.5797657047714284 8.96656534954407 99.9667185062533
v 2.5797657047714284 9.270516717325222 99.9667185062533
v 2.5797657047714284 9.574468085106382 99.9667185062533
v 2.5797657047714284 9.878419452887535 99.9667185062533
v 2.5797657047714284 10.182370820668687 99.9667185062533
v 2.5797657047714284 10.486322188449847 99.9667185062533
v 2.5797657047714284 10.790273556231 99.9667185062533
v 2.5797657047714284 11.094224924012153 99.9667185062533
v 2.5797657047714284 11.398176291793312 99.9667185062533
v 2.5797657047714284 11.702127659574465 99.9667185062533
v 2.5797657047714284 12.006079027355618 99.9667185062533
v 2.5797657047714284 12.310030395136778 99.9667185062533
v 2.5797657047714284 12.61398176291793 99.9667185062533
v 2.5797657047714284 12.917933130699083 99.9667185062533
v 2.5797657047714284 13.221884498480243 99.9667185062533
v 2.5797657047714284 13.525835866261396 99.9667185062533
v 2.5797657047714284 13.829787234042549 99.9667185062533
v 2.5797657047714284 14.133738601823708 99.9667185062533
v 2.5797657047714284 14.437689969604861 99.9667185062533
v 2.5797657047714284 14.741641337386014 99.9667185062533
v 2.5797657047714284 15.045592705167167 99.9667185062533
v 2.5797657047714284 15.34954407294832 99.9667185062533
v 2.5797657047714284 15.653495440729486 99.9667185062533
v 2.5797657047714284 15.957446808510639 99.9667185062533
v 2.5797657047714284 16.26139817629179 99.9667185062533
v 2.5797657047714284 16.565349544072944 99.9667185062533
v 2.5797657047714284 16.869300911854097 99.9667185062533
v 2.5797657047714284 17.17325227963525 99.9667185062533
v 2.5797657047714284 17.477203647416417 99.9667185062533
v 2.5797657047714284 17.78115501519757 99.9667185062533
v 2.5797657047714284 18.085106382978722 99.9667185062533
v 2.5797657047714284 18.389057750759875 99.9667185062533
v 2.5797657047714284 18.693009118541028 99.9667185062533
v 2.5797657047714284 18.99696048632218 99.9667185062533
v 2.5797657047714284 19.300911854103347 99.9667185062533
v 2.5797657047714284 19.6048632218845 99.9667185062533
v 2.5797657047714284 19.908814589665653 99.9667185062533
v 2.5797657047714284 20.212765957446805 99.9667185062533
v 2.5797657047714284 20.516717325227958 99.9667185062533
v 2.5797657047714284 20.82066869300911 99.9667185062533
v 2.5797657047714284 21.124620060790264 99.9667185062533
v 2.5797657047714284 21.42857142857143 99.9667185062533
v 2.5797657047714284 21.732522796352583 99.9667185062533
v 2.5797657047714284 22.036474164133736 99.9667185062533
v 2.5797657047714284 22.34042553191489 99.9667185062533
v 2.5797657047714284 22.64437689969604 99.9667185062533
v 2.5797657047714284 22.948328267477194 99.9667185062533
v 2.5797657047714284 23.25227963525836 99.9667185062533
v 2.5797657047714284 23.556231003039514 99.9667185062533
v 2.5797657047714284 23.860182370820667 99.9667185062533
v 2.5797657047714284 24.16413373860182 99.9667185062533
v 2.5797657047714284 24.468085106382972 99.9667185062533
v 2.5797657047714284 24.772036474164125 99.9667185062533
v 2.5797657047714284 25.07598784194529 99.9667185062533
v 2.5797657047714284 25.379939209726444 99.9667185062533
v 2.5797657047714284 25.683890577507597 99.9667185062533
v 2.5797657047714284 25.98784194528875 99.9667185062533
v 2.5797657047714284 26.291793313069903 99.9667185062533
v 2.5797657047714284 26.595744680851055 99.9667185062533
v 2.5797657047714284 26.899696048632222 99.9667185062533
v 2.5797657047714284 27.203647416413375 99.9667185062533
v 2.5797657047714284 27.507598784194528 99.9667185062533
v 2.5797657047714284 27.81155015197568 99.9667185062533
v 2.5797657047714284 28.115501519756833 99.9667185062533
v 2.5797657047714284 28.419452887537986 99.9667185062533
v 2.5797657047714284 28.72340425531914 99.9667185062533
v 2.5797657047714284 29.027355623100306 99.9667185062533
v 2.5797657047714284 29.33130699088146 99.9667185062533
v 2.5797657047714284 29.63525835866261 99.9667185062533
v 2.5797657047714284 29.939209726443764 99.9667185062533
v 2.5797657047714284 30.243161094224916 99.9667185062533
v 2.5797657047714284 30.54711246200607 99.9667185062533
v 2.5797657047714284 30.851063829787236 99.9667185062533
v 2.5797657047714284 31.15501519756839 99.9667185062533
v 2.5797657047714284 31.45896656534954 99.9667185062533
v 2.5797657047714284 31.762917933130694 99.9667185062533
v 2.5797657047714284 32.06686930091185 99.9667185062533
v 2.5797657047714284 32.370820668693 99.9667185062533
v 2.5797657047714284 32.67477203647417 99.9667185062533
v 2.5797657047714284 32.97872340425532 99.9667185062533
v 2.5797657047714284 33.28267477203647 99.9667185062533
v 2.5797657047714284 33.586626139817625 99.9667185062533
v 2.5797657047714284 33.89057750759878 99.9667185062533
v 2.5797657047714284 34.19452887537993 99.9667185062533
v 2.5797657047714284 34.4984802431611 99.9667185062533
v 2.5797657047714284 34.80243161094225 99.9667185062533
v 2.5797657047714284 35.1063829787234 99.9667185062533
v 2.5797657047714284 35.410334346504555 99.9667185062533
v 2.5797657047714284 35.71428571428571 99.9667185062533
v 2.5797657047714284 36.01823708206686 99.9667185062533
v 2.5797657047714284 36.322188449848014 99.9667185062533
v 2.5797657047714284 36.62613981762918 99.9667185062533
v 2.5797657047714284 36.93009118541033 99.9667185062533
v 2.5797657047714284 37.234042553191486 99.9667185062533
v 2.5797657047714284 37.53799392097264 99.9667185062533
v 2.5797657047714284 37.84194528875379 99.9667185062533
v 2.5797657047714284 38.145896656534944 99.9667185062533
v 2.5797657047714284 38.44984802431611 99.9667185062533
v 2.5797657047714284 38.753799392097264 99.9667185062533
v 2.5797657047714284 39.05775075987842 99.9667185062533
v 2.5797657047714284 39.36170212765957 99.9667185062533
v 2.5797657047714284 39.66565349544072 99.9667185062533
v 2.5797657047714284 39.969604863221875 99.9667185062533
v 2.5797657047714284 40.27355623100304 99.9667185062533
v 2.5797657047714284 40.577507598784194 99.9667185062533
v 2.5797657047714284 40.88145896656535 99.9667185062533
v 2.5797657047714284 41.1854103343465 99.9667185062533
v 2.5797657047714284 41.48936170212765 99.9667185062533
v 2.5797657047714284 41.793313069908805 99.9667185062533
v 2.5797657047714284 42.09726443768997 99.9667185062533
v 2.5797657047714284 42.401215805471125 99.9667185062533
v 2.5797657047714284 42.70516717325228 99.9667185062533
v 2.5797657047714284 43.00911854103343 99.9667185062533
v 2.5797657047714284 43.31306990881458 99.9667185062533
v 2.5797657047714284 43.617021276595736 99.9667185062533
v 2.5797657047714284 43.92097264437689 99.9667185062533
v 2.5797657047714284 44.224924012158056 99.9667185062533
v 2.5797657047714284 44.52887537993921 99.9667185062533
v 2.5797657047714284 44.83282674772036 99.9667185062533
v 2.5797657047714284 45.136778115501514 99.9667185062533
v 2.5797657047714284 45.44072948328267 99.9667185062533
v 2.5797657047714284 45.74468085106382 99.9667185062533
v 2.5797657047714284 46.048632218844986 99.9667185062533
v 2.5797657047714284 46.35258358662614 99.9667185062533
v 2.5797657047714284 46.65653495440729 99.9667185062533
v 2.5797657047714284 46.960486322188444 99.9667185062533
v 2.5797657047714284 47.2644376899696 99.9667185062533
v 2.5797657047714284 47.56838905775075 99.9667185062533
v 2.5797657047714284 47.87234042553192 99.9667185062533
v 2.5797657047714284 48.17629179331307 99.9667185062533
v 2.5797657047714284 48.48024316109422 99.9667185062533
v 2.5797657047714284 48.784194528875375 99.9667185062533
v 2.5797657047714284 49.08814589665653 99.9667185062533
v 2.5797657047714284 49.39209726443768 99.9667185062533
v 2.5797657047714284 49.69604863221885 99.9667185062533
v 2.5797657047714284 50.0 99.9667185062533
v 2.8831878555854056 -50.0 99.95842749758224
v 2.8831878555854056 -49.69604863221885 99.95842749758224
v 2.8831878555854056 -49.39209726443769 99.95842749758224
v 2.8831878555854056 -49.088145896656535 99.95842749758224
v 2.8831878555854056 -48.78419452887538 99.95842749758224
v 2.8831878555854056 -48.48024316109422 99.95842749758224
v 2.8831878555854056 -48.17629179331307 99.95842749758224
v 2.8831878555854056 -47.87234042553192 99.95842749758224
v 2.8831878555854056 -47.56838905775076 99.95842749758224
v 2.8831878555854056 -47.264437689969604 99.95842749758224
v 2.8831878555854056 -46.96048632218845 99.95842749758224
v 2.8831878555854056 -46.65653495440729 99.95842749758224
v 2.8831878555854056 -46.35258358662614 99.95842749758224
v 2.8831878555854056 -46.048632218844986 99.95842749758224
v 2.8831878555854056 -45.74468085106383 99.95842749758224
v 2.8831878555854056 -45.440729483282674 99.95842749758224
v 2.8831878555854056 -45.13677811550152 99.95842749758224
v 2.8831878555854056 -44.83282674772036 99.95842749758224
v 2.8831878555854056 -44.52887537993921 99.95842749758224
v 2.8831878555854056 -44.224924012158056 99.95842749758224
v 2.8831878555854056 -43.9209726443769 99.95842749758224
v 2.8831878555854056 -43.61702127659574 99.95842749758224
v 2.8831878555854056 -43.31306990881459 99.95842749758224
v 2.8831878555854056 -43.00911854103344 99.95842749758224
v 2.8831878555854056 -42.70516717325228 99.95842749758224
v 2.8831878555854056 -42.401215805471125 99.95842749758224
v 2.8831878555854056 -42.09726443768997 99.95842749758224
v 2.8831878555854056 -41.79331306990881 99.95842749758224
v 2.8831878555854056 -41.48936170212766 99.95842749758224
v 2.8831878555854056 -41.18541033434651 99.95842749758224
v 2.8831878555854056 -40.88145896656535 99.95842749758224
v 2.8831878555854056 -40.577507598784194 99.95842749758224
v 2.8831878555854056 -40.27355623100304 99.95842749758224
v 2.8831878555854056 -39.96960486322189 99.95842749758224
v 2.8831878555854056 -39.66565349544073 99.95842749758224
v 2.8831878555854056 -39.361702127659576 99.95842749758224
v 2.8831878555854056 -39.05775075987842 99.95842749758224
v 2.8831878555854056 -38.753799392097264 99.95842749758224
v 2.8831878555854056 -38.44984802431611 99.95842749758224
v 2.8831878555854056 -38.14589665653496 99.95842749758224
v 2.8831878555854056 -37.8419452887538 99.95842749758224
v 2.8831878555854056 -37.537993920972646 99.95842749758224
v 2.8831878555854056 -37.234042553191486 99.95842749758224
v 2.8831878555854056 -36.93009118541033 99.95842749758224
v 2.8831878555854056 -36.62613981762918 99.95842749758224
v 2.8831878555854056 -36.32218844984803 99.95842749758224
v 2.8831878555854056 -36.01823708206687 99.95842749758224
v 2.8831878555854056 -35.714285714285715 99.95842749758224
v 2.8831878555854056 -35.410334346504555 99.95842749758224
v 2.8831878555854056 -35.1063829787234 99.95842749758224
v 2.8831878555854056 -34.80243161094225 99.95842749758224
v 2.8831878555854056 -34.4984802431611 99.95842749758224
v 2.8831878555854056 -34.19452887537994 99.95842749758224
v 2.8831878555854056 -33.890577507598785 99.95842749758224
v 2.8831878555854056 -33.586626139817625 99.95842749758224
v 2.8831878555854056 -33.28267477203647 99.95842749758224
v 2.8831878555854056 -32.97872340425532 99.95842749758224
v 2.8831878555854056 -32.67477203647417 99.95842749758224
v 2.8831878555854056 -32.370820668693014 99.95842749758224
v 2.8831878555854056 -32.066869300911854 99.95842749758224
v 2.8831878555854056 -31.7629179331307 99.95842749758224
v 2.8831878555854056 -31.458966565349545 99.95842749758224
v 2.8831878555854056 -31.15501519756839 99.95842749758224
v 2.8831878555854056 -30.851063829787236 99.95842749758224
v 2.8831878555854056 -30.54711246200608 99.95842749758224
v 2.8831878555854056 -30.243161094224924 99.95842749758224
v 2.8831878555854056 -29.93920972644377 99.95842749758224
v 2.8831878555854056 -29.635258358662615 99.95842749758224
v 2.8831878555854056 -29.33130699088146 99.95842749758224
v 2.8831878555854056 -29.027355623100306 99.95842749758224
v 2.8831878555854056 -28.72340425531915 99.95842749758224
v 2.8831878555854056 -28.419452887537997 99.95842749758224
v 2.8831878555854056 -28.11550151975684 99.95842749758224
v 2.8831878555854056 -27.811550151975684 99.95842749758224
v 2.8831878555854056 -27.50759878419453 99.95842749758224
v 2.8831878555854056 -27.203647416413375 99.95842749758224
v 2.8831878555854056 -26.89969604863222 99.95842749758224
v 2.8831878555854056 -26.595744680851066 99.95842749758224
v 2.8831878555854056 -26.29179331306991 99.95842749758224
v 2.8831878555854056 -25.987841945288753 99.95842749758224
v 2.8831878555854056 -25.6838905775076 99.95842749758224
v 2.8831878555854056 -25.379939209726444 99.95842749758224
v 2.8831878555854056 -25.075987841945288 99.95842749758224
v 2.8831878555854056 -24.772036474164135 99.95842749758224
v 2.8831878555854056 -24.46808510638298 99.95842749758224
v 2.8831878555854056 -24.164133738601826 99.95842749758224
v 2.8831878555854056 -23.86018237082067 99.95842749758224
v 2.8831878555854056 -23.556231003039514 99.95842749758224
v 2.8831878555854056 -23.25227963525836 99.95842749758224
v 2.8831878555854056 -22.948328267477205 99.95842749758224
v 2.8831878555854056 -22.64437689969605 99.95842749758224
v 2.8831878555854056 -22.340425531914896 99.95842749758224
v 2.8831878555854056 -22.03647416413374 99.95842749758224
v 2.8831878555854056 -21.732522796352583 99.95842749758224
v 2.8831878555854056 -21.42857142857143 99.95842749758224
v 2.8831878555854056 -21.124620060790274 99.95842749758224
v 2.8831878555854056 -20.820668693009118 99.95842749758224
v 2.8831878555854056 -20.516717325227965 99.95842749758224
v 2.8831878555854056 -20.21276595744681 99.95842749758224
v 2.8831878555854056 -19.908814589665656 99.95842749758224
v 2.8831878555854056 -19.6048632218845 99.95842749758224
v 2.8831878555854056 -19.300911854103344 99.95842749758224
v 2.8831878555854056 -18.99696048632219 99.95842749758224
v 2.8831878555854056 -18.693009118541035 99.95842749758224
v 2.8831878555854056 -18.38905775075988 99.95842749758224
v 2.8831878555854056 -18.085106382978726 99.95842749758224
v 2.8831878555854056 -17.78115501519757 99.95842749758224
v 2.8831878555854056 -17.477203647416417 99.95842749758224
v 2.8831878555854056 -17.173252279635257 99.95842749758224
v 2.8831878555854056 -16.869300911854104 99.95842749758224
v 2.8831878555854056 -16.56534954407295 99.95842749758224
v 2.8831878555854056 -16.26139817629179 99.95842749758224
v 2.8831878555854056 -15.957446808510639 99.95842749758224
v 2.8831878555854056 -15.653495440729486 99.95842749758224
v 2.8831878555854056 -15.349544072948326 99.95842749758224
v 2.8831878555854056 -15.045592705167174 99.95842749758224
v 2.8831878555854056 -14.741641337386021 99.95842749758224
v 2.8831878555854056 -14.437689969604868 99.95842749758224
v 2.8831878555854056 -14.133738601823708 99.95842749758224
v 2.8831878555854056 -13.829787234042556 99.95842749758224
v 2.8831878555854056 -13.525835866261403 99.95842749758224
v 2.8831878555854056 -13.221884498480243 99.95842749758224
v 2.8831878555854056 -12.91793313069909 99.95842749758224
v 2.8831878555854056 -12.613981762917938 99.95842749758224
v 2.8831878555854056 -12.310030395136778 99.95842749758224
v 2.8831878555854056 -12.006079027355625 99.95842749758224
v 2.8831878555854056 -11.702127659574472 99.95842749758224
v 2.8831878555854056 -11.398176291793312 99.95842749758224
v 2.8831878555854056 -11.09422492401216 99.95842749758224
v 2.8831878555854056 -10.790273556231007 99.95842749758224
v 2.8831878555854056 -10.486322188449847 99.95842749758224
v 2.8831878555854056 -10.182370820668694 99.95842749758224
v 2.8831878555854056 -9.878419452887542 99.95842749758224
v 2.8831878555854056 -9.574468085106382 99.95842749758224
v 2.8831878555854056 -9.27051671732523 99.95842749758224
v 2.8831878555854056 -8.966565349544076 99.95842749758224
v 2.8831878555854056 -8.662613981762917 99.95842749758224
v 2.8831878555854056 -8.358662613981764 99.95842749758224
v 2.8831878555854056 -8.054711246200611 99.95842749758224
v 2.8831878555854056 -7.750759878419451 99.95842749758224
v 2.8831878555854056 -7.446808510638299 99.95842749758224
v 2.8831878555854056 -7.142857142857146 99.95842749758224
v 2.8831878555854056 -6.838905775075993 99.95842749758224
v 2.8831878555854056 -6.534954407294833 99.95842749758224
v 2.8831878555854056 -6.231003039513681 99.95842749758224
v 2.8831878555854056 -5.927051671732528 99.95842749758224
v 2.8831878555854056 -5.623100303951368 99.95842749758224
v 2.8831878555854056 -5.319148936170215 99.95842749758224
v 2.8831878555854056 -5.015197568389063 99.95842749758224
v 2.8831878555854056 -4.711246200607903 99.95842749758224
v 2.8831878555854056 -4.40729483282675 99.95842749758224
v 2.8831878555854056 -4.103343465045597 99.95842749758224
v 2.8831878555854056 -3.7993920972644375 99.95842749758224
v 2.8831878555854056 -3.4954407294832848 99.95842749758224
v 2.8831878555854056 -3.191489361702132 99.95842749758224
v 2.8831878555854056 -2.887537993920972 99.95842749758224
v 2.8831878555854056 -2.5835866261398195 99.95842749758224
v 2.8831878555854056 -2.2796352583586668 99.95842749758224
v 2.8831878555854056 -1.975683890577507 99.95842749758224
v 2.8831878555854056 -1.6717325227963542 99.95842749758224
v 2.8831878555854056 -1.3677811550152015 99.95842749758224
v 2.8831878555854056 -1.0638297872340416 99.95842749758224
v 2.8831878555854056 -0.7598784194528889 99.95842749758224
v 2.8831878555854056 -0.4559270516717362 99.95842749758224
v 2.8831878555854056 -0.15197568389057636 99.95842749758224
v 2.8831878555854056 0.15197568389057636 99.95842749758224
v 2.8831878555854056 0.4559270516717291 99.95842749758224
v 2.8831878555854056 0.7598784194528818 99.95842749758224
v 2.8831878555854056 1.0638297872340416 99.95842749758224
v 2.8831878555854056 1.3677811550151944 99.95842749758224
v 2.8831878555854056 1.671732522796347 99.95842749758224
v 2.8831878555854056 1.975683890577507 99.95842749758224
v 2.8831878555854056 2.2796352583586597 99.95842749758224
v 2.8831878555854056 2.5835866261398124 99.95842749758224
v 2.8831878555854056 2.887537993920972 99.95842749758224
v 2.8831878555854056 3.191489361702125 99.95842749758224
v 2.8831878555854056 3.4954407294832777 99.95842749758224
v 2.8831878555854056 3.7993920972644375 99.95842749758224
v 2.8831878555854056 4.10334346504559 99.95842749758224
v 2.8831878555854056 4.407294832826743 99.95842749758224
v 2.8831878555854056 4.711246200607903 99.95842749758224
v 2.8831878555854056 5.0151975683890555 99.95842749758224
v 2.8831878555854056 5.319148936170208 99.95842749758224
v 2.8831878555854056 5.623100303951368 99.95842749758224
v 2.8831878555854056 5.927051671732521 99.95842749758224
v 2.8831878555854056 6.2310030395136735 99.95842749758224
v 2.8831878555854056 6.534954407294833 99.95842749758224
v 2.8831878555854056 6.838905775075986 99.95842749758224
v 2.8831878555854056 7.142857142857139 99.95842749758224
v 2.8831878555854056 7.446808510638299 99.95842749758224
v 2.8831878555854056 7.750759878419451 99.95842749758224
v 2.8831878555854056 8.054711246200604 99.95842749758224
v 2.8831878555854056 8.358662613981764 99.95842749758224
v 2.8831878555854056 8.662613981762917 99.95842749758224
v 2.8831878555854056 8.96656534954407 99.95842749758224
v 2.8831878555854056 9.270516717325222 99.95842749758224
v 2.8831878555854056 9.574468085106382 99.95842749758224
v 2.8831878555854056 9.878419452887535 99.95842749758224
v 2.8831878555854056 10.182370820668687 99.95842749758224
v 2.8831878555854056 10.486322188449847 99.95842749758224
v 2.8831878555854056 10.790273556231 99.95842749758224
v 2.8831878555854056 11.094224924012153 99.95842749758224
v 2.8831878555854056 11.398176291793312 99.95842749758224
v 2.8831878555854056 11.702127659574465 99.95842749758224
v 2.8831878555854056 12.006079027355618 99.95842749758224
v 2.8831878555854056 12.310030395136778 99.95842749758224
v 2.8831878555854056 12.61398176291793 99.95842749758224
v 2.8831878555854056 12.917933130699083 99.95842749758224
v 2.8831878555854056 13.221884498480243 99.95842749758224
v 2.8831878555854056 13.525835866261396 99.95842749758224
v 2.8831878555854056 13.829787234042549 99.95842749758224
v 2.8831878555854056 14.133738601823708 99.95842749758224
v 2.8831878555854056 14.437689969604861 99.95842749758224
v 2.8831878555854056 14.741641337386014 99.95842749758224
v 2.8831878555854056 15.045592705167167 99.95842749758224
v 2.8831878555854056 15.34954407294832 99.95842749758224
v 2.8831878555854056 15.653495440729486 99.95842749758224
v 2.8831878555854056 15.957446808510639 99.95842749758224
v 2.8831878555854056 16.26139817629179 99.95842749758224
v 2.8831878555854056 16.565349544072944 99.95842749758224
v 2.8831878555854056 16.869300911854097 99.95842749758224
v 2.8831878555854056 17.17325227963525 99.95842749758224
v 2.8831878555854056 17.477203647416417 99.95842749758224
v 2.8831878555854056 17.78115501519757 99.95842749758224
v 2.8831878555854056 18.085106382978722 99.95842749758224
v 2.8831878555854056 18.389057750759875 99.95842749758224
v 2.8831878555854056 18.693009118541028 99.95842749758224
v 2.8831878555854056 18.99696048632218 99.95842749758224
v 2.8831878555854056 19.300911854103347 99.95842749758224
v 2.8831878555854056 19.6048632218845 99.95842749758224
v 2.8831878555854056 19.908814589665653 99.95842749758224
v 2.8831878555854056 20.212765957446805 99.95842749758224
v 2.8831878555854056 20.516717325227958 99.95842749758224
v 2.8831878555854056 20.82066869300911 99.95842749758224
v 2.8831878555854056 21.124620060790264 99.95842749758224
v 2.8831878555854056 21.42857142857143 99.95842749758224
v 2.8831878555854056 21.732522796352583 99.95842749758224
v 2.8831878555854056 22.036474164133736 99.95842749758224
v 2.8831878555854056 22.34042553191489 99.95842749758224
v 2.8831878555854056 22.64437689969604 99.95842749758224
v 2.8831878555854056 22.948328267477194 99.95842749758224
v 2.8831878555854056 23.25227963525836 99.95842749758224
v 2.8831878555854056 23.556231003039514 99.95842749758224
v 2.8831878555854056 23.860182370820667 99.95842749758224
v 2.8831878555854056 24.16413373860182 99.95842749758224
v 2.8831878555854056 24.468085106382972 99.95842749758224
v 2.8831878555854056 24.772036474164125 99.95842749758224
v 2.8831878555854056 25.07598784194529 99.95842749758224
v 2.8831878555854056 25.379939209726444 99.95842749758224
v 2.8831878555854056 25.683890577507597 99.95842749758224
v 2.8831878555854056 25.98784194528875 99.95842749758224
v 2.8831878555854056 26.291793313069903 99.95842749758224
v 2.8831878555854056 26.595744680851055 99.95842749758224
v 2.8831878555854056 26.899696048632222 99.95842749758224
v 2.8831878555854056 27.203647416413375 99.95842749758224
v 2.8831878555854056 27.507598784194528 99.95842749758224
v 2.8831878555854056 27.81155015197568 99.95842749758224
v 2.8831878555854056 28.115501519756833 99.95842749758224
v 2.8831878555854056 28.419452887537986 99.95842749758224
v 2.8831878555854056 28.72340425531914 99.95842749758224
v 2.8831878555854056 29.027355623100306 99.95842749758224
v 2.8831878555854056 29.33130699088146 99.95842749758224
v 2.8831878555854056 29.63525835866261 99.95842749758224
v 2.8831878555854056 29.939209726443764 99.95842749758224
v 2.8831878555854056 30.243161094224916 99.95842749758224
v 2.8831878555854056 30.54711246200607 99.95842749758224
v 2.8831878555854056 30.851063829787236 99.95842749758224
v 2.8831878555854056 31.15501519756839 99.95842749758224
v 2.8831878555854056 31.45896656534954 99.95842749758224
v 2.8831878555854056 31.762917933130694 99.95842749758224
v 2.8831878555854056 32.06686930091185 99.95842749758224
v 2.8831878555854056 32.370820668693 99.95842749758224
v 2.8831878555854056 32.67477203647417 99.95842749758224
v 2.8831878555854056 32.97872340425532 99.95842749758224
v 2.8831878555854056 33.28267477203647 99.95842749758224
v 2.8831878555854056 33.586626139817625 99.95842749758224
v 2.8831878555854056 33.89057750759878 99.95842749758224
v 2.8831878555854056 34.19452887537993 99.95842749758224
v 2.8831878555854056 34.4984802431611 99.95842749758224
v 2.8831878555854056 34.80243161094225 99.95842749758224
v 2.8831878555854056 35.1063829787234 99.95842749758224
v 2.8831878555854056 35.410334346504555 99.95842749758224
v 2.8831878555854056 35.71428571428571 99.95842749758224
v 2.8831878555854056 36.01823708206686 99.95842749758224
v 2.8831878555854056 36.322188449848014 99.95842749758224
v 2.8831878555854056 36.62613981762918 99.95842749758224
v 2.8831878555854056 36.93009118541033 99.95842749758224
v 2.8831878555854056 37.234042553191486 99.95842749758224
v 2.8831878555854056 37.53799392097264 99.95842749758224
v 2.8831878555854056 37.84194528875379 99.95842749758224
v 2.8831878555854056 38.145896656534944 99.95842749758224
v 2.8831878555854056 38.44984802431611 99.95842749758224
v 2.8831878555854056 38.753799392097264 99.95842749758224
v 2.8831878555854056 39.05775075987842 99.95842749758224
v 2.8831878555854056 39.36170212765957 99.95842749758224
v 2.8831878555854056 39.66565349544072 99.95842749758224
v 2.8831878555854056 39.969604863221875 99.95842749758224
v 2.8831878555854056 40.27355623100304 99.95842749758224
v 2.8831878555854056 40.577507598784194 99.95842749758224
v 2.8831878555854056 40.88145896656535 99.95842749758224
v 2.8831878555854056 41.1854103343465 99.95842749758224
v 2.8831878555854056 41.48936170212765 99.95842749758224
v 2.8831878555854056 41.793313069908805 99.95842749758224
v 2.8831878555854056 42.09726443768997 99.95842749758224
v 2.8831878555854056 42.401215805471125 99.95842749758224
v 2.8831878555854056 42.70516717325228 99.95842749758224
v 2.8831878555854056 43.00911854103343 99.95842749758224
v 2.8831878555854056 43.31306990881458 99.95842749758224
v 2.8831878555854056 43.617021276595736 99.95842749758224
v 2.8831878555854056 43.92097264437689 99.95842749758224
v 2.8831878555854056 44.224924012158056 99.95842749758224
v 2.8831878555854056 44.52887537993921 99.95842749758224
v 2.8831878555854056 44.83282674772036 99.95842749758224
v 2.8831878555854056 45.136778115501514 99.95842749758224
v 2.8831878555854056 45.44072948328267 99.95842749758224
v 2.8831878555854056 45.74468085106382 99.95842749758224
v 2.8831878555854056 46.048632218844986 99.95842749758224
v 2.8831878555854056 46.35258358662614 99.95842749758224
v 2.8831878555854056 46.65653495440729 99.95842749758224
v 2.8831878555854056 46.960486322188444 99.95842749758224
v 2.8831878555854056 47.2644376899696 99.95842749758224
v 2.8831878555854056 47.56838905775075 99.95842749758224
v 2.8831878555854056 47.87234042553192 99.95842749758224
v 2.8831878555854056 48.17629179331307 99.95842749758224
v 2.8831878555854056 48.48024316109422 99.95842749758224
v 2.8831878555854056 48.784194528875375 99.95842749758224
v 2.8831878555854056 49.08814589665653 99.95842749758224
v 2.8831878555854056 49.39209726443768 99.95842749758224
v 2.8831878555854056 49.69604863221885 99.95842749758224
v 2.8831878555854056 50.0 99.95842749758224
v 3.186583442510657 -50.0 99.9492155345099
v 3.186583442510657 -49.69604863221885 99.9492155345099
v 3.186583442510657 -49.39209726443769 99.9492155345099
v 3.186583442510657 -49.088145896656535 99.9492155345099
v 3.186583442510657 -48.78419452887538 99.9492155345099
v 3.186583442510657 -48.48024316109422 99.9492155345099
v 3.186583442510657 -48.17629179331307 99.9492155345099
v 3.186583442510657 -47.87234042553192 99.9492155345099
v 3.186583442510657 -47.56838905775076 99.9492155345099
v 3.186583442510657 -47.264437689969604 99.9492155345099
v 3.186583442510657 -46.96048632218845 99.9492155345099
v 3.186583442510657 -46.65653495440729 99.9492155345099
v 3.186583442510657 -46.35258358662614 99.9492155345099
v 3.186583442510657 -46.048632218844986 99.9492155345099
v 3.186583442510657 -45.74468085106383 99.9492155345099
v 3.186583442510657 -45.440729483282674 99.9492155345099
v 3.186583442510657 -45.13677811550152 99.9492155345099
v 3.186583442510657 -44.83282674772036 99.9492155345099
v 3.186583442510657 -44.52887537993921 99.9492155345099
v 3.186583442510657 -44.224924012158056 99.9492155345099
v 3.186583442510657 -43.9209726443769 99.9492155345099
v 3.186583442510657 -43.61702127659574 99.9492155345099
v 3.186583442510657 -43.31306990881459 99.9492155345099
v 3.186583442510657 -43.00911854103344 99.9492155345099
v 3.186583442510657 -42.70516717325228 99.9492155345099
v 3.186583442510657 -42.401215805471125 99.9492155345099
v 3.186583442510657 -42.09726443768997 99.9492155345099
v 3.186583442510657 -41.79331306990881 99.9492155345099
v 3.186583442510657 -41.48936170212766 99.9492155345099
v 3.186583442510657 -41.18541033434651 99.9492155345099
v 3.186583442510657 -40.88145896656535 99.9492155345099
v 3.186583442510657 -40.577507598784194 99.9492155345099
v 3.186583442510657 -40.27355623100304 99.9492155345099
v 3.186583442510657 -39.96960486322189 99.9492155345099
v 3.186583442510657 -39.66565349544073 99.9492155345099
v 3.186583442510657 -39.361702127659576 99.9492155345099
v 3.186583442510657 -39.05775075987842 99.9492155345099
v 3.186583442510657 -38.753799392097264 99.9492155345099
v 3.186583442510657 -38.44984802431611 99.9492155345099
v 3.186583442510657 -38.14589665653496 99.9492155345099
v 3.186583442510657 -37.8419452887538 99.9492155345099
v 3.186583442510657 -37.537993920972646 99.9492155345099
v 3.186583442510657 -37.234042553191486 99.9492155345099
v 3.186583442510657 -36.93009118541033 99.9492155345099
v 3.186583442510657 -36.62613981762918 99.9492155345099
v 3.186583442510657 -36.32218844984803 99.9492155345099
v 3.186583442510657 -36.01823708206687 99.9492155345099
v 3.186583442510657 -35.714285714285715 99.9492155345099
v 3.186583442510657 -35.410334346504555 99.9492155345099
v 3.186583442510657 -35.1063829787234 99.9492155345099
v 3.186583442510657 -34.80243161094225 99.9492155345099
v 3.186583442510657 -34.4984802431611 99.9492155345099
v 3.186583442510657 -34.19452887537994 99.9492155345099
v 3.186583442510657 -33.890577507598785 99.9492155345099
v 3.186583442510657 -33.586626139817625 99.9492155345099
v 3.186583442510657 -33.28267477203647 99.9492155345099
v 3.186583442510657 -32.97872340425532 99.9492155345099
v 3.186583442510657 -32.67477203647417 99.9492155345099
v 3.186583442510657 -32.370820668693014 99.9492155345099
v 3.186583442510657 -32.066869300911854 99.9492155345099
v 3.186583442510657 -31.7629179331307 99.9492155345099
v 3.186583442510657 -31.458966565349545 99.9492155345099
v 3.186583442510657 -31.15501519756839 99.9492155345099
v 3.186583442510657 -30.851063829787236 99.9492155345099
v 3.186583442510657 -30.54711246200608 99.9492155345099
v 3.186583442510657 -30.243161094224924 99.9492155345099
v 3.186583442510657 -29.93920972644377 99.9492155345099
v 3.186583442510657 -29.635258358662615 99.9492155345099
v 3.186583442510657 -29.33130699088146 99.9492155345099
v 3.186583442510657 -29.027355623100306 99.9492155345099
v 3.186583442510657 -28.72340425531915 99.9492155345099
v 3.186583442510657 -28.419452887537997 99.9492155345099
v 3.186583442510657 -28.11550151975684 99.9492155345099
v 3.186583442510657 -27.811550151975684 99.9492155345099
v 3.186583442510657 -27.50759878419453 99.9492155345099
v 3.186583442510657 -27.203647416413375 99.9492155345099
v 3.186583442510657 -26.89969604863222 99.9492155345099
v 3.186583442510657 -26.595744680851066 99.9492155345099
v 3.186583442510657 -26.29179331306991 99.9492155345099
v 3.186583442510657 -25.987841945288753 99.9492155345099
v 3.186583442510657 -25.6838905775076 99.9492155345099
v 3.186583442510657 -25.379939209726444 99.9492155345099
v 3.186583442510657 -25.075987841945288 99.9492155345099
v 3.186583442510657 -24.772036474164135 99.9492155345099
v 3.186583442510657 -24.46808510638298 99.9492155345099
v 3.186583442510657 -24.164133738601826 99.9492155345099
v 3.186583442510657 -23.86018237082067 99.9492155345099
v 3.186583442510657 -23.556231003039514 99.9492155345099
v 3.186583442510657 -23.25227963525836 99.9492155345099
v 3.186583442510657 -22.948328267477205 99.9492155345099
v 3.186583442510657 -22.64437689969605 99.9492155345099
v 3.186583442510657 -22.340425531914896 99.9492155345099
v 3.186583442510657 -22.03647416413374 99.9492155345099
v 3.186583442510657 -21.732522796352583 99.9492155345099
v 3.186583442510657 -21.42857142857143 99.9492155345099
v 3.186583442510657 -21.124620060790274 99.9492155345099
v 3.186583442510657 -20.820668693009118 99.9492155345099
v 3.186583442510657 -20.516717325227965 99.9492155345099
v 3.186583442510657 -20.21276595744681 99.9492155345099
v 3.186583442510657 -19.908814589665656 99.9492155345099
v 3.186583442510657 -19.6048632218845 99.9492155345099
v 3.186583442510657 -19.300911854103344 99.9492155345099
v 3.186583442510657 -18.99696048632219 99.9492155345099
v 3.186583442510657 -18.693009118541035 99.9492155345099
v 3.186583442510657 -18.38905775075988 99.9492155345099
v 3.186583442510657 -18.085106382978726 99.9492155345099
v 3.186583442510657 -17.78115501519757 99.9492155345099
v 3.186583442510657 -17.477203647416417 99.9492155345099
v 3.186583442510657 -17.173252279635257 99.9492155345099
v 3.186583442510657 -16.869300911854104 99.9492155345099
v 3.186583442510657 -16.56534954407295 99.9492155345099
v 3.186583442510657 -16.26139817629179 99.9492155345099
v 3.186583442510657 -15.957446808510639 99.9492155345099
v 3.186583442510657 -15.653495440729486 99.9492155345099
v 3.186583442510657 -15.349544072948326 99.9492155345099
v 3.186583442510657 -15.045592705167174 99.9492155345099
v 3.186583442510657 -14.741641337386021 99.9492155345099
v 3.186583442510657 -14.437689969604868 99.9492155345099
v 3.186583442510657 -14.133738601823708 99.9492155345099
v 3.186583442510657 -13.829787234042556 99.9492155345099
v 3.186583442510657 -13.525835866261403 99.9492155345099
v 3.186583442510657 -13.221884498480243 99.9492155345099
v 3.186583442510657 -12.91793313069909 99.9492155345099
v 3.186583442510657 -12.613981762917938 99.9492155345099
v 3.186583442510657 -12.310030395136778 99.9492155345099
v 3.186583442510657 -12.006079027355625 99.9492155345099
v 3.186583442510657 -11.702127659574472 99.9492155345099
v 3.186583442510657 -11.398176291793312 99.9492155345099
v 3.186583442510657 -11.09422492401216 99.9492155345099
v 3.186583442510657 -10.790273556231007 99.9492155345099
v 3.186583442510657 -10.486322188449847 99.9492155345099
v 3.186583442510657 -10.182370820668694 99.9492155345099
v 3.186583442510657 -9.878419452887542 99.9492155345099
v 3.186583442510657 -9.574468085106382 99.9492155345099
v 3.186583442510657 -9.27051671732523 99.9492155345099
v 3.186583442510657 -8.966565349544076 99.9492155345099
v 3.186583442510657 -8.662613981762917 99.9492155345099
v 3.186583442510657 -8.358662613981764 99.9492155345099
v 3.186583442510657 -8.054711246200611 99.9492155345099
v 3.186583442510657 -7.750759878419451 99.9492155345099
v 3.186583442510657 -7.446808510638299 99.9492155345099
v 3.186583442510657 -7.142857142857146 99.9492155345099
v 3.186583442510657 -6.838905775075993 99.9492155345099
v 3.186583442510657 -6.534954407294833 99.9492155345099
v 3.186583442510657 -6.231003039513681 99.9492155345099
v 3.186583442510657 -5.927051671732528 99.9492155345099
v 3.186583442510657 -5.623100303951368 99.9492155345099
v 3.186583442510657 -5.319148936170215 99.9492155345099
v 3.186583442510657 -5.015197568389063 99.9492155345099
v 3.186583442510657 -4.711246200607903 99.9492155345099
v 3.186583442510657 -4.40729483282675 99.9492155345099
v 3.186583442510657 -4.103343465045597 99.9492155345099
v 3.186583442510657 -3.7993920972644375 99.9492155345099
v 3.186583442510657 -3.4954407294832848 99.9492155345099
v 3.186583442510657 -3.191489361702132 99.9492155345099
v 3.186583442510657 -2.887537993920972 99.9492155345099
v 3.186583442510657 -2.5835866261398195 99.9492155345099
v 3.186583442510657 -2.2796352583586668 99.9492155345099
v 3.186583442510657 -1.975683890577507 99.9492155345099
v 3.186583442510657 -1.6717325227963542 99.9492155345099
v 3.186583442510657 -1.3677811550152015 99.9492155345099
v 3.186583442510657 -1.0638297872340416 99.9492155345099
v 3.186583442510657 -0.7598784194528889 99.9492155345099
v 3.186583442510657 -0.4559270516717362 99.9492155345099
v 3.186583442510657 -0.15197568389057636 99.9492155345099
v 3.186583442510657 0.15197568389057636 99.9492155345099
v 3.186583442510657 0.4559270516717291 99.9492155345099
v 3.186583442510657 0.7598784194528818 99.9492155345099
v 3.186583442510657 1.0638297872340416 99.9492155345099
v 3.186583442510657 1.3677811550151944 99.9492155345099
v 3.186583442510657 1.671732522796347 99.9492155345099
v 3.186583442510657 1.975683890577507 99.9492155345099
v 3.186583442510657 2.2796352583586597 99.9492155345099
v 3.186583442510657 2.5835866261398124 99.9492155345099
v 3.186583442510657 2.887537993920972 99.9492155345099
v 3.186583442510657 3.191489361702125 99.9492155345099
v 3.186583442510657 3.4954407294832777 99.9492155345099
v 3.186583442510657 3.7993920972644375 99.9492155345099
v 3.186583442510657 4.10334346504559 99.9492155345099
v 3.186583442510657 4.407294832826743 99.9492155345099
v 3.186583442510657 4.711246200607903 99.9492155345099
v 3.186583442510657 5.0151975683890555 99.9492155345099
v 3.186583442510657 5.319148936170208 99.9492155345099
v 3.186583442510657 5.623100303951368 99.9492155345099
v 3.186583442510657 5.927051671732521 99.9492155345099
v 3.186583442510657 6.2310030395136735 99.9492155345099
v 3.186583442510657 6.534954407294833 99.9492155345099
v 3.186583442510657 6.838905775075986 99.9492155345099
v 3.186583442510657 7.142857142857139 99.9492155345099
v 3.186583442510657 7.446808510638299 99.9492155345099
v 3.186583442510657 7.750759878419451 99.9492155345099
v 3.186583442510657 8.054711246200604 99.9492155345099
v 3.186583442510657 8.358662613981764 99.9492155345099
v 3.186583442510657 8.662613981762917 99.9492155345099
v 3.186583442510657 8.96656534954407 99.9492155345099
v 3.186583442510657 9.270516717325222 99.9492155345099
v 3.186583442510657 9.574468085106382 99.9492155345099
v 3.186583442510657 9.878419452887535 99.9492155345099
v 3.186583442510657 10.182370820668687 99.9492155345099
v 3.186583442510657 10.486322188449847 99.9492155345099
v 3.186583442510657 10.790273556231 99.9492155345099
v 3.186583442510657 11.094224924012153 99.9492155345099
v 3.186583442510657 11.398176291793312 99.9492155345099
v 3.186583442510657 11.702127659574465 99.9492155345099
v 3.186583442510657 12.006079027355618 99.9492155345099
v 3.186583442510657 12.310030395136778 99.9492155345099
v 3.186583442510657 12.61398176291793 99.9492155345099
v 3.186583442510657 12.917933130699083 99.9492155345099
v 3.186583442510657 13.221884498480243 99.9492155345099
v 3.186583442510657 13.525835866261396 99.9492155345099
v 3.186583442510657 13.829787234042549 99.9492155345099
v 3.186583442510657 14.133738601823708 99.9492155345099
v 3.186583442510657 14.437689969604861 99.9492155345099
v 3.186583442510657 14.741641337386014 99.9492155345099
v 3.186583442510657 15.045592705167167 99.9492155345099
v 3.186583442510657 15.34954407294832 99.9492155345099
v 3.186583442510657 15.653495440729486 99.9492155345099
v 3.186583442510657 15.957446808510639 99.9492155345099
v 3.186583442510657 16.26139817629179 99.9492155345099
v 3.186583442510657 16.565349544072944 99.9492155345099
v 3.186583442510657 16.869300911854097 99.9492155345099
v 3.186583442510657 17.17325227963525 99.9492155345099
v 3.186583442510657 17.477203647416417 99.9492155345099
v 3.186583442510657 17.78115501519757 99.9492155345099
v 3.186583442510657 18.085106382978722 99.9492155345099
v 3.186583442510657 18.389057750759875 99.9492155345099
v 3.186583442510657 18.693009118541028 99.9492155345099
v 3.186583442510657 18.99696048632218 99.9492155345099
v 3.186583442510657 19.300911854103347 99.9492155345099
v 3.186583442510657 19.6048632218845 99.9492155345099
v 3.186583442510657 19.908814589665653 99.9492155345099
v 3.186583442510657 20.212765957446805 99.9492155345099
v 3.186583442510657 20.516717325227958 99.9492155345099
v 3.186583442510657 20.82066869300911 99.9492155345099
v 3.186583442510657 21.124620060790264 99.9492155345099
v 3.186583442510657 21.42857142857143 99.9492155345099
v 3.186583442510657 21.732522796352583 99.9492155345099
v 3.186583442510657 22.036474164133736 99.9492155345099
v 3.186583442510657 22.34042553191489 99.9492155345099
v 3.186583442510657 22.64437689969604 99.9492155345099
v 3.186583442510657 22.948328267477194 99.9492155345099
v 3.186583442510657 23.25227963525836 99.9492155345099
v 3.186583442510657 23.556231003039514 99.9492155345099
v 3.186583442510657 23.860182370820667 99.9492155345099
v 3.186583442510657 24.16413373860182 99.9492155345099
v 3.186583442510657 24.468085106382972 99.9492155345099
v 3.186583442510657 24.772036474164125 99.9492155345099
v 3.186583442510657 25.07598784194529 99.9492155345099
v 3.186583442510657 25.379939209726444 99.9492155345099
v 3.186583442510657 25.683890577507597 99.9492155345099
v 3.186583442510657 25.98784194528875 99.9492155345099
v 3.186583442510657 26.291793313069903 99.9492155345099
v 3.186583442510657 26.595744680851055 99.9492155345099
v 3.186583442510657 26.899696048632222 99.9492155345099
v 3.186583442510657 27.203647416413375 99.9492155345099
v 3.186583442510657 27.507598784194528 99.9492155345099
v 3.186583442510657 27.81155015197568 99.9492155345099
v 3.186583442510657 28.115501519756833 99.9492155345099
v 3.186583442510657 28.419452887537986 99.9492155345099
v 3.186583442510657 28.72340425531914 99.9492155345099
v 3.186583442510657 29.027355623100306 99.9492155345099
v 3.186583442510657 29.33130699088146 99.9492155345099
v 3.186583442510657 29.63525835866261 99.9492155345099
v 3.186583442510657 29.939209726443764 99.9492155345099
v 3.186583442510657 30.243161094224916 99.9492155345099
v 3.186583442510657 30.54711246200607 99.9492155345099
v 3.186583442510657 30.851063829787236 99.9492155345099
v 3.186583442510657 31.15501519756839 99.9492155345099
v 3.186583442510657 31.45896656534954 99.9492155345099
v 3.186583442510657 31.762917933130694 99.9492155345099
v 3.186583442510657 32.06686930091185 99.9492155345099
v 3.186583442510657 32.370820668693 99.9492155345099
v 3.186583442510657 32.67477203647417 99.9492155345099
v 3.186583442510657 32.97872340425532 99.9492155345099
v 3.186583442510657 33.28267477203647 99.9492155345099
v 3.186583442510657 33.586626139817625 99.9492155345099
v 3.186583442510657 33.89057750759878 99.9492155345099
v 3.186583442510657 34.19452887537993 99.9492155345099
v 3.186583442510657 34.4984802431611 99.9492155345099
v 3.186583442510657 34.80243161094225 99.9492155345099
v 3.186583442510657 35.1063829787234 99.9492155345099
v 3.186583442510657 35.410334346504555 99.9492155345099
v 3.186583442510657 35.71428571428571 99.9492155345099
v 3.186583442510657 36.01823708206686 99.9492155345099
v 3.186583442510657 36.322188449848014 99.9492155345099
v 3.186583442510657 36.62613981762918 99.9492155345099
v 3.186583442510657 36.93009118541033 99.9492155345099
v 3.186583442510657 37.234042553191486 99.9492155345099
v 3.186583442510657 37.53799392097264 99.9492155345099
v 3.186583442510657 37.84194528875379 99.9492155345099
v 3.186583442510657 38.145896656534944 99.9492155345099
v 3.186583442510657 38.44984802431611 99.9492155345099
v 3.186583442510657 38.753799392097264 99.9492155345099
v 3.186583442510657 39.05775075987842 99.9492155345099
v 3.186583442510657 39.36170212765957 99.9492155345099
v 3.186583442510657 39.66565349544072 99.9492155345099
v 3.186583442510657 39.969604863221875 99.9492155345099
v 3.186583442510657 40.27355623100304 99.9492155345099
v 3.186583442510657 40.577507598784194 99.9492155345099
v 3.186583442510657 40.88145896656535 99.9492155345099
v 3.186583442510657 41.1854103343465 99.9492155345099
v 3.186583442510657 41.48936170212765 99.9492155345099
v 3.186583442510657 41.793313069908805 99.9492155345099
v 3.186583442510657 42.09726443768997 99.9492155345099
v 3.186583442510657 42.401215805471125 99.9492155345099
v 3.186583442510657 42.70516717325228 99.9492155345099
v 3.186583442510657 43.00911854103343 99.9492155345099
v 3.186583442510657 43.31306990881458 99.9492155345099
v 3.186583442510657 43.617021276595736 99.9492155345099
v 3.186583442510657 43.92097264437689 99.9492155345099
v 3.186583442510657 44.224924012158056 99.9492155345099
v 3.186583442510657 44.52887537993921 99.9492155345099
v 3.186583442510657 44.83282674772036 99.9492155345099
v 3.186583442510657 45.136778115501514 99.9492155345099
v 3.186583442510657 45.44072948328267 99.9492155345099
v 3.186583442510657 45.74468085106382 99.9492155345099
v 3.186583442510657 46.048632218844986 99.9492155345099
v 3.186583442510657 46.35258358662614 99.9492155345099
v 3.186583442510657 46.65653495440729 99.9492155345099
v 3.186583442510657 46.960486322188444 99.9492155345099
v 3.186583442510657 47.2644376899696 99.9492155345099
v 3.186583442510657 47.56838905775075 99.9492155345099
v 3.186583442510657 47.87234042553192 99.9492155345099
v 3.186583442510657 48.17629179331307 99.9492155345099
v 3.186583442510657 48.48024316109422 99.9492155345099
v 3.186583442510657 48.784194528875375 99.9492155345099
v 3.186583442510657 49.08814589665653 99.9492155345099
v 3.186583442510657 49.39209726443768 99.9492155345099
v 3.186583442510657 49.69604863221885 99.9492155345099
v 3.186583442510657 50.0 99.9492155345099
v 3.4899496702500956 -50.0 99.93908270190957
v 3.4899496702500956 -49.69604863221885 99.93908270190957
v 3.4899496702500956 -49.39209726443769 99.93908270190957
v 3.4899496702500956 -49.088145896656535 99.93908270190957
v 3.4899496702500956 -48.78419452887538 99.93908270190957
v 3.4899496702500956 -48.48024316109422 99.93908270190957
v 3.4899496702500956 -48.17629179331307 99.93908270190957
v 3.4899496702500956 -47.87234042553192 99.93908270190957
v 3.4899496702500956 -47.56838905775076 99.93908270190957
v 3.4899496702500956 -47.264437689969604 99.93908270190957
v 3.4899496702500956 -46.96048632218845 99.93908270190957
v 3.4899496702500956 -46.65653495440729 99.93908270190957
v 3.4899496702500956 -46.35258358662614 99.93908270190957
v 3.4899496702500956 -46.048632218844986 99.93908270190957
v 3.4899496702500956 -45.74468085106383 99.93908270190957
v 3.4899496702500956 -45.440729483282674 99.93908270190957
v 3.4899496702500956 -45.13677811550152 99.93908270190957
v 3.4899496702500956 -44.83282674772036 99.93908270190957
v 3.4899496702500956 -44.52887537993921 99.93908270190957
v 3.4899496702500956 -44.224924012158056 99.93908270190957
v 3.4899496702500956 -43.9209726443769 99.93908270190957
v 3.4899496702500956 -43.61702127659574 99.93908270190957
v 3.4899496702500956 -43.31306990881459 99.93908270190957
v 3.4899496702500956 -43.00911854103344 99.93908270190957
v 3.4899496702500956 -42.70516717325228 99.93908270190957
v 3.4899496702500956 -42.401215805471125 99.93908270190957
v 3.4899496702500956 -42.09726443768997 99.93908270190957
v 3.4899496702500956 -41.79331306990881 99.93908270190957
v 3.4899496702500956 -41.48936170212766 99.93908270190957
v 3.4899496702500956 -41.18541033434651 99.93908270190957
v 3.4899496702500956 -40.88145896656535 99.93908270190957
v 3.4899496702500956 -40.577507598784194 99.93908270190957
v 3.4899496702500956 -40.27355623100304 99.93908270190957
v 3.4899496702500956 -39.96960486322189 99.93908270190957
v 3.4899496702500956 -39.66565349544073 99.93908270190957
v 3.4899496702500956 -39.361702127659576 99.93908270190957
v 3.4899496702500956 -39.05775075987842 99.93908270190957
v 3.4899496702500956 -38.753799392097264 99.93908270190957
v 3.4899496702500956 -38.44984802431611 99.93908270190957
v 3.4899496702500956 -38.14589665653496 99.93908270190957
v 3.4899496702500956 -37.8419452887538 99.93908270190957
v 3.4899496702500956 -37.537993920972646 99.93908270190957
v 3.4899496702500956 -37.234042553191486 99.93908270190957
v 3.4899496702500956 -36.93009118541033 99.93908270190957
v 3.4899496702500956 -36.62613981762918 99.93908270190957
v 3.4899496702500956 -36.32218844984803 99.93908270190957
v 3.4899496702500956 -36.01823708206687 99.93908270190957
v 3.4899496702500956 -35.714285714285715 99.93908270190957
v 3.4899496702500956 -35.410334346504555 99.93908270190957
v 3.4899496702500956 -35.1063829787234 99.93908270190957
v 3.4899496702500956 -34.80243161094225 99.93908270190957
v 3.4899496702500956 -34.4984802431611 99.93908270190957
v 3.4899496702500956 -34.19452887537994 99.93908270190957
v 3.4899496702500956 -33.890577507598785 99.93908270190957
v 3.4899496702500956 -33.586626139817625 99.93908270190957
v 3.4899496702500956 -33.28267477203647 99.93908270190957
v 3.4899496702500956 -32.97872340425532 99.93908270190957
v 3.4899496702500956 -32.67477203647417 99.93908270190957
v 3.4899496702500956 -32.370820668693014 99.93908270190957
v 3.4899496702500956 -32.066869300911854 99.93908270190957
v 3.4899496702500956 -31.7629179331307 99.93908270190957
v 3.4899496702500956 -31.458966565349545 99.93908270190957
v 3.4899496702500956 -31.15501519756839 99.93908270190957
v 3.4899496702500956 -30.851063829787236 99.93908270190957
v 3.4899496702500956 -30.54711246200608 99.93908270190957
v 3.4899496702500956 -30.243161094224924 99.93908270190957
v 3.4899496702500956 -29.93920972644377 99.93908270190957
v 3.4899496702500956 -29.635258358662615 99.93908270190957
v 3.4899496702500956 -29.33130699088146 99.93908270190957
v 3.4899496702500956 -29.027355623100306 99.93908270190957
v 3.4899496702500956 -28.72340425531915 99.93908270190957
v 3.4899496702500956 -28.419452887537997 99.93908270190957
v 3.4899496702500956 -28.11550151975684 99.93908270190957
v 3.4899496702500956 -27.811550151975684 99.93908270190957
v 3.4899496702500956 -27.50759878419453 99.93908270190957
v 3.4899496702500956 -27.203647416413375 99.93908270190957
v 3.4899496702500956 -26.89969604863222 99.93908270190957
v 3.4899496702500956 -26.595744680851066 99.93908270190957
v 3.4899496702500956 -26.29179331306991 99.93908270190957
v 3.4899496702500956 -25.987841945288753 99.93908270190957
v 3.4899496702500956 -25.6838905775076 99.93908270190957
v 3.4899496702500956 -25.379939209726444 99.93908270190957
v 3.4899496702500956 -25.075987841945288 99.93908270190957
v 3.4899496702500956 -24.772036474164135 99.93908270190957
v 3.4899496702500956 -24.46808510638298 99.93908270190957
v 3.4899496702500956 -24.164133738601826 99.93908270190957
v 3.4899496702500956 -23.86018237082067 99.93908270190957
v 3.4899496702500956 -23.556231003039514 99.93908270190957
v 3.4899496702500956 -23.25227963525836 99.93908270190957
v 3.4899496702500956 -22.948328267477205 99.93908270190957
v 3.4899496702500956 -22.64437689969605 99.93908270190957
v 3.4899496702500956 -22.340425531914896 99.93908270190957
v 3.4899496702500956 -22.03647416413374 99.93908270190957
v 3.4899496702500956 -21.732522796352583 99.93908270190957
v 3.4899496702500956 -21.42857142857143 99.93908270190957
v 3.4899496702500956 -21.124620060790274 99.93908270190957
v 3.4899496702500956 -20.820668693009118 99.93908270190957
v 3.4899496702500956 -20.516717325227965 99.93908270190957
v 3.4899496702500956 -20.21276595744681 99.93908270190957
v 3.4899496702500956 -19.908814589665656 99.93908270190957
v 3.4899496702500956 -19.6048632218845 99.93908270190957
v 3.4899496702500956 -19.300911854103344 99.93908270190957
v 3.4899496702500956 -18.99696048632219 99.93908270190957
v 3.4899496702500956 -18.693009118541035 99.93908270190957
v 3.4899496702500956 -18.38905775075988 99.93908270190957
v 3.4899496702500956 -18.085106382978726 99.93908270190957
v 3.4899496702500956 -17.78115501519757 99.93908270190957
v 3.4899496702500956 -17.477203647416417 99.93908270190957
v 3.4899496702500956 -17.173252279635257 99.93908270190957
v 3.4899496702500956 -16.869300911854104 99.93908270190957
v 3.4899496702500956 -16.56534954407295 99.93908270190957
v 3.4899496702500956 -16.26139817629179 99.93908270190957
v 3.4899496702500956 -15.957446808510639 99.93908270190957
v 3.4899496702500956 -15.653495440729486 99.93908270190957
v 3.4899496702500956 -15.349544072948326 99.93908270190957
v 3.4899496702500956 -15.045592705167174 99.93908270190957
v 3.4899496702500956 -14.741641337386021 99.93908270190957
v 3.4899496702500956 -14.437689969604868 99.93908270190957
v 3.4899496702500956 -14.133738601823708 99.93908270190957
v 3.4899496702500956 -13.829787234042556 99.93908270190957
v 3.4899496702500956 -13.525835866261403 99.93908270190957
v 3.4899496702500956 -13.221884498480243 99.93908270190957
v 3.4899496702500956 -12.91793313069909 99.93908270190957
v 3.4899496702500956 -12.613981762917938 99.93908270190957
v 3.4899496702500956 -12.310030395136778 99.93908270190957
v 3.4899496702500956 -12.006079027355625 99.93908270190957
v 3.4899496702500956 -11.702127659574472 99.93908270190957
v 3.4899496702500956 -11.398176291793312 99.93908270190957
v 3.4899496702500956 -11.09422492401216 99.93908270190957
v 3.4899496702500956 -10.790273556231007 99.93908270190957
v 3.4899496702500956 -10.486322188449847 99.93908270190957
v 3.4899496702500956 -10.182370820668694 99.93908270190957
v 3.4899496702500956 -9.878419452887542 99.93908270190957
v 3.4899496702500956 -9.574468085106382 99.93908270190957
v 3.4899496702500956 -9.27051671732523 99.93908270190957
v 3.4899496702500956 -8.966565349544076 99.93908270190957
v 3.4899496702500956 -8.662613981762917 99.93908270190957
v 3.4899496702500956 -8.358662613981764 99.93908270190957
v 3.4899496702500956 -8.054711246200611 99.93908270190957
v 3.4899496702500956 -7.750759878419451 99.93908270190957
v 3.4899496702500956 -7.446808510638299 99.93908270190957
v 3.4899496702500956 -7.142857142857146 99.93908270190957
v 3.4899496702500956 -6.838905775075993 99.93908270190957
v 3.4899496702500956 -6.534954407294833 99.93908270190957
v 3.4899496702500956 -6.231003039513681 99.93908270190957
v 3.4899496702500956 -5.927051671732528 99.93908270190957
v 3.4899496702500956 -5.623100303951368 99.93908270190957
v 3.4899496702500956 -5.319148936170215 99.93908270190957
v 3.4899496702500956 -5.015197568389063 99.93908270190957
v 3.4899496702500956 -4.711246200607903 99.93908270190957
v 3.4899496702500956 -4.40729483282675 99.93908270190957
v 3.4899496702500956 -4.103343465045597 99.93908270190957
v 3.4899496702500956 -3.7993920972644375 99.93908270190957
v 3.4899496702500956 -3.4954407294832848 99.93908270190957
v 3.4899496702500956 -3.191489361702132 99.93908270190957
v 3.4899496702500956 -2.887537993920972 99.93908270190957
v 3.4899496702500956 -2.5835866261398195 99.93908270190957
v 3.4899496702500956 -2.2796352583586668 99.93908270190957
v 3.4899496702500956 -1.975683890577507 99.93908270190957
v 3.4899496702500956 -1.6717325227963542 99.93908270190957
v 3.4899496702500956 -1.3677811550152015 99.93908270190957
v 3.4899496702500956 -1.0638297872340416 99.93908270190957
v 3.4899496702500956 -0.7598784194528889 99.93908270190957
v 3.4899496702500956 -0.4559270516717362 99.93908270190957
v 3.4899496702500956 -0.15197568389057636 99.93908270190957
v 3.4899496702500956 0.15197568389057636 99.93908270190957
v 3.4899496702500956 0.4559270516717291 99.93908270190957
v 3.4899496702500956 0.7598784194528818 99.93908270190957
v 3.4899496702500956 1.0638297872340416 99.93908270190957
v 3.4899496702500956 1.3677811550151944 99.93908270190957
v 3.4899496702500956 1.671732522796347 99.93908270190957
v 3.4899496702500956 1.975683890577507 99.93908270190957
v 3.4899496702500956 2.2796352583586597 99.93908270190957
v 3.4899496702500956 2.5835866261398124 99.93908270190957
v 3.4899496702500956 2.887537993920972 99.93908270190957
v 3.4899496702500956 3.191489361702125 99.93908270190957
v 3.4899496702500956 3.4954407294832777 99.93908270190957
v 3.4899496702500956 3.7993920972644375 99.93908270190957
v 3.4899496702500956 4.10334346504559 99.93908270190957
v 3.4899496702500956 4.407294832826743 99.93908270190957
v 3.4899496702500956 4.711246200607903 99.93908270190957
v 3.4899496702500956 5.0151975683890555 99.93908270190957
v 3.4899496702500956 5.319148936170208 99.93908270190957
v 3.4899496702500956 5.623100303951368 99.93908270190957
v 3.4899496702500956 5.927051671732521 99.93908270190957
v 3.4899496702500956 6.2310030395136735 99.93908270190957
v 3.4899496702500956 6.534954407294833 99.93908270190957
v 3.4899496702500956 6.838905775075986 99.93908270190957
v 3.4899496702500956 7.142857142857139 99.93908270190957
v 3.4899496702500956 7.446808510638299 99.93908270190957
v 3.4899496702500956 7.750759878419451 99.93908270190957
v 3.4899496702500956 8.054711246200604 99.93908270190957
v 3.4899496702500956 8.358662613981764 99.93908270190957
v 3.4899496702500956 8.662613981762917 99.93908270190957
v 3.4899496702500956 8.96656534954407 99.93908270190957
v 3.4899496702500956 9.270516717325222 99.93908270190957
v 3.4899496702500956 9.574468085106382 99.93908270190957
v 3.4899496702500956 9.878419452887535 99.93908270190957
v 3.4899496702500956 10.182370820668687 99.93908270190957
v 3.4899496702500956 10.486322188449847 99.93908270190957
v 3.4899496702500956 10.790273556231 99.93908270190957
v 3.4899496702500956 11.094224924012153 99.93908270190957
v 3.4899496702500956 11.398176291793312 99.93908270190957
v 3.4899496702500956 11.702127659574465 99.93908270190957
v 3.4899496702500956 12.006079027355618 99.93908270190957
v 3.4899496702500956 12.310030395136778 99.93908270190957
v 3.4899496702500956 12.61398176291793 99.93908270190957
v 3.4899496702500956 12.917933130699083 99.93908270190957
v 3.4899496702500956 13.221884498480243 99.93908270190957
v 3.4899496702500956 13.525835866261396 99.93908270190957
v 3.4899496702500956 13.829787234042549 99.93908270190957
v 3.4899496702500956 14.133738601823708 99.93908270190957
v 3.4899496702500956 14.437689969604861 99.93908270190957
v 3.4899496702500956 14.741641337386014 99.93908270190957
v 3.4899496702500956 15.045592705167167 99.93908270190957
v 3.4899496702500956 15.34954407294832 99.93908270190957
v 3.4899496702500956 15.653495440729486 99.93908270190957
v 3.4899496702500956 15.957446808510639 99.93908270190957
v 3.4899496702500956 16.26139817629179 99.93908270190957
v 3.4899496702500956 16.565349544072944 99.93908270190957
v 3.4899496702500956 16.869300911854097 99.93908270190957
v 3.4899496702500956 17.17325227963525 99.93908270190957
v 3.4899496702500956 17.477203647416417 99.93908270190957
v 3.4899496702500956 17.78115501519757 99.93908270190957
v 3.4899496702500956 18.085106382978722 99.93908270190957
v 3.4899496702500956 18.389057750759875 99.93908270190957
v 3.4899496702500956 18.693009118541028 99.93908270190957
v 3.4899496702500956 18.99696048632218 99.93908270190957
v 3.4899496702500956 19.300911854103347 99.93908270190957
v 3.4899496702500956 19.6048632218845 99.93908270190957
v 3.4899496702500956 19.908814589665653 99.93908270190957
v 3.4899496702500956 20.212765957446805 99.93908270190957
v 3.4899496702500956 20.516717325227958 99.93908270190957
v 3.4899496702500956 20.82066869300911 99.93908270190957
v 3.4899496702500956 21.124620060790264 99.93908270190957
v 3.4899496702500956 21.42857142857143 99.93908270190957
v 3.4899496702500956 21.732522796352583 99.93908270190957
v 3.4899496702500956 22.036474164133736 99.93908270190957
v 3.4899496702500956 22.34042553191489 99.93908270190957
v 3.4899496702500956 22.64437689969604 99.93908270190957
v 3.4899496702500956 22.948328267477194 99.93908270190957
v 3.4899496702500956 23.25227963525836 99.93908270190957
v 3.4899496702500956 23.556231003039514 99.93908270190957
v 3.4899496702500956 23.860182370820667 99.93908270190957
v 3.4899496702500956 24.16413373860182 99.93908270190957
v 3.4899496702500956 24.468085106382972 99.93908270190957
v 3.4899496702500956 24.772036474164125 99.93908270190957
v 3.4899496702500956 25.07598784194529 99.93908270190957
v 3.4899496702500956 25.379939209726444 99.93908270190957
v 3.4899496702500956 25.683890577507597 99.93908270190957
v 3.4899496702500956 25.98784194528875 99.93908270190957
v 3.4899496702500956 26.291793313069903 99.93908270190957
v 3.4899496702500956 26.595744680851055 99.93908270190957
v 3.4899496702500956 26.899696048632222 99.93908270190957
v 3.4899496702500956 27.203647416413375 99.93908270190957
v 3.4899496702500956 27.507598784194528 99.93908270190957
v 3.4899496702500956 27.81155015197568 99.93908270190957
v 3.4899496702500956 28.115501519756833 99.93908270190957
v 3.4899496702500956 28.419452887537986 99.93908270190957
v 3.4899496702500956 28.72340425531914 99.93908270190957
v 3.4899496702500956 29.027355623100306 99.93908270190957
v 3.4899496702500956 29.33130699088146 99.93908270190957
v 3.4899496702500956 29.63525835866261 99.93908270190957
v 3.4899496702500956 29.939209726443764 99.93908270190957
v 3.4899496702500956 30.243161094224916 99.93908270190957
v 3.4899496702500956 30.54711246200607 99.93908270190957
v 3.4899496702500956 30.851063829787236 99.93908270190957
v 3.4899496702500956 31.15501519756839 99.93908270190957
v 3.4899496702500956 31.45896656534954 99.93908270190957
v 3.4899496702500956 31.762917933130694 99.93908270190957
v 3.4899496702500956 32.06686930091185 99.93908270190957
v 3.4899496702500956 32.370820668693 99.93908270190957
v 3.4899496702500956 32.67477203647417 99.93908270190957
v 3.4899496702500956 32.97872340425532 99.93908270190957
v 3.4899496702500956 33.28267477203647 99.93908270190957
v 3.4899496702500956 33.586626139817625 99.93908270190957
v 3.4899496702500956 33.89057750759878 99.93908270190957
v 3.4899496702500956 34.19452887537993 99.93908270190957
v 3.4899496702500956 34.4984802431611 99.93908270190957
v 3.4899496702500956 34.80243161094225 99.93908270190957
v 3.4899496702500956 35.1063829787234 99.93908270190957
v 3.4899496702500956 35.410334346504555 99.93908270190957
v 3.4899496702500956 35.71428571428571 99.93908270190957
v 3.4899496702500956 36.01823708206686 99.93908270190957
v 3.4899496702500956 36.322188449848014 99.93908270190957
v 3.4899496702500956 36.62613981762918 99.93908270190957
v 3.4899496702500956 36.93009118541033 99.93908270190957
v 3.4899496702500956 37.234042553191486 99.93908270190957
v 3.4899496702500956 37.53799392097264 99.93908270190957
v 3.4899496702500956 37.84194528875379 99.93908270190957
v 3.4899496702500956 38.145896656534944 99.93908270190957
v 3.4899496702500956 38.44984802431611 99.93908270190957
v 3.4899496702500956 38.753799392097264 99.93908270190957
v 3.4899496702500956 39.05775075987842 99.93908270190957
v 3.4899496702500956 39.36170212765957 99.93908270190957
v 3.4899496702500956 39.66565349544072 99.93908270190957
v 3.4899496702500956 39.969604863221875 99.93908270190957
v 3.4899496702500956 40.27355623100304 99.93908270190957
v 3.4899496702500956 40.577507598784194 99.93908270190957
v 3.4899496702500956 40.88145896656535 99.93908270190957
v 3.4899496702500956 41.1854103343465 99.93908270190957
v 3.4899496702500956 41.48936170212765 99.93908270190957
v 3.4899496702500956 41.793313069908805 99.93908270190957
v 3.4899496702500956 42.09726443768997 99.93908270190957
v 3.4899496702500956 42.401215805471125 99.93908270190957
v 3.4899496702500956 42.70516717325228 99.93908270190957
v 3.4899496702500956 43.00911854103343 99.93908270190957
v 3.4899496702500956 43.31306990881458 99.93908270190957
v 3.4899496702500956 43.617021276595736 99.93908270190957
v 3.4899496702500956 43.92097264437689 99.93908270190957
v 3.4899496702500956 44.224924012158056 99.93908270190957
v 3.4899496702500956 44.52887537993921 99.93908270190957
v 3.4899496702500956 44.83282674772036 99.93908270190957
v 3.4899496702500956 45.136778115501514 99.93908270190957
v 3.4899496702500956 45.44072948328267 99.93908270190957
v 3.4899496702500956 45.74468085106382 99.93908270190957
v 3.4899496702500956 46.048632218844986 99.93908270190957
v 3.4899496702500956 46.35258358662614 99.93908270190957
v 3.4899496702500956 46.65653495440729 99.93908270190957
v 3.4899496702500956 46.960486322188444 99.93908270190957
v 3.4899496702500956 47.2644376899696 99.93908270190957
v 3.4899496702500956 47.56838905775075 99.93908270190957
v 3.4899496702500956 47.87234042553192 99.93908270190957
v 3.4899496702500956 48.17629179331307 99.93908270190957
v 3.4899496702500956 48.48024316109422 99.93908270190957
v 3.4899496702500956 48.784194528875375 99.93908270190957
v 3.4899496702500956 49.08814589665653 99.93908270190957
v 3.4899496702500956 49.39209726443768 99.93908270190957
v 3.4899496702500956 49.69604863221885 99.93908270190957
v 3.4899496702500956 50.0 99.93908270190957
f 1 332 2
f 1 331 332
f 2 333 3
f 2 332 333
f 3 334 4
f 3 333 334
f 4 335 5
f 4 334 335
f 5 336 6
f 5 335 336
f 6 337 7
f 6 336 337
f 7 338 8
f 7 337 338
f 8 339 9
f 8 338 339
f 9 340 10
f 9 339 340
f 10 341 11
f 10 340 341
f 11 342 12
f 11 341 342
f 12 343 13
f 12 342 343
f 13 344 14
f 13 343 344
f 14 345 15
f 14 344 345
f 15 346 16
f 15 345 346
f 16 347 17
f 16 346 347
f 17 348 18
f 17 347 348
f 18 349 19
f 18 348 349
f 19 350 20
f 19 349 350
f 20 351 21
f 20 350 351
f 21 352 22
f 21 351 352
f 22 353 23
f 22 352 353
f 23 354 24
f 23 353 354
f 24 355 25
f 24 354 355
f 25 356 26
f 25 355 356
f 26 357 27
f 26 356 357
f 27 358 28
f 27 357 358
f 28 359 29
f 28 358 359
f 29 360 30
f 29 359 360
f 30 361 31
f 30 360 361
f 31 362 32
f 31 361 362
f 32 363 33
f 32 362 363
f 33 364 34
f 33 363 364
f 34 365 35
f 34 364 365
f 35 366 36
f 35 365 366
f 36 367 37
f 36 366 367
f 37 368 38
f 37 367 368
f 38 369 39
f 38 368 369
f 39 370 40
f 39 369 370
f 40 371 41
f 40 370 371
f 41 372 42
f 41 371 372
f 42 373 43
f 42 372 373
f 43 374 44
f 43 373 374
f 44 375 45
f 44 374 375
f 45 376 46
f 45 375 376
f 46 377 47
f 46 376 377
f 47 378 48
f 47 377 378
f 48 379 49
f 48 378 379
f 49 380 50
f 49 379 380
f 50 381 51
f 50 380 381
f 51 382 52
f 51 381 382
f 52 383 53
f 52 382 383
f 53 384 54
f 53 383 384
f 54 385 55
f 54 384 385
f 55 386 56
f 55 385 386
f 56 387 57
f 56 386 387
f 57 388 58
f 57 387 388
f 58 389 59
f 58 388 389
f 59 390 60
f 59 389 390
f 60 391 61
f 60 390 391
f 61 392 62
f 61 391 392
f 62 393 63
f 62 392 393
f 63 394 64
f 63 393 394
f 64 395 65
f 64 394 395
f 65 396 66
f 65 395 396
f 66 397 67
f 66 396 397
f 67 398 68
f 67 397 398
f 68 399 69
f 68 398 399
f 69 400 70
f 69 399 400
f 70 401 71
f 70 400 401
f 71 402 72
f 71 401 402
f 72 403 73
f 72 402 403
f 73 404 74
f 73 403 404
f 74 405 75
f 74 404 405
f 75 406 76
f 75 405 406
f 76 407 77
f 76 406 407
f 77 408 78
f 77 407 408
f 78 409 79
f 78 408 409
f 79 410 80
f 79 409 410
f 80 411 81
f 80 410 411
f 81 412 82
f 81 411 412
f 82 413 83
f 82 412 413
f 83 414 84
f 83 413 414
f 84 415 85
f 84 414 415
f 85 416 86
f 85 415 416
f 86 417 87
f 86 416 417
f 87 418 88
f 87 417 418
f 88 419 89
f 88 418 419
f 89 420 90
f 89 419 420
f 90 421 91
f 90 420 421
f 91 422 92
f 91 421 422
f 92 423 93
f 92 422 423
f 93 424 94
f 93 423 424
f 94 425 95
f 94 424 425
f 95 426 96
f 95 425 426
f 96 427 97
f 96 426 427
f 97 428 98
f 97 427 428
f 98 429 99
f 98 428 429
f 99 430 100
f 99 429 430
f 100 431 101
f 100 430 431
f 101 432 102
f 101 431 432
f 102 433 103
f 102 432 433
f 103 434 104
f 103 433 434
f 104 435 105
f 104 434 435
f 105 436 106
f 105 435 436
f 106 437 107
f 106 436 437
f 107 438 108
f 107 437 438
f 108 439 109
f 108 438 439
f 109 440 110
f 109 439 440
f 110 441 111
f 110 440 441
f 111 442 112
f 111 441 442
f 112 443 113
f 112 442 443
f 113 444 114
f 113 443 444
f 114 445 115
f 114 444 445
f 115 446 116
f 115 445 446
f 116 447 117
f 116 446 447
f 117 448 118
f 117 447 448
f 118 449 119
f 118 448 449
f 119 450 120
f 119 449 450
f 120 451 121
f 120 450 451
f 121 452 122
f 121 451 452
f 122 453 123
f 122 452 453
f 123 454 124
f 123 453 454
f 124 455 125
f 124 454 455
f 125 456 126
f 125 455 456
f 126 457 127
f 126 456 457
f 127 458 128
f 127 457 458
f 128 459 129
f 128 458 459
f 129 460 130
f 129 459 460
f 130 461 131
f 130 460 461
f 131 462 132
f 131 461 462
f 132 463 133
f 132 462 463
f 133 464 134
f 133 463 464
f 134 465 135
f 134 464 465
f 135 466 136
f 135 465 466
f 136 467 137
f 136 466 467
f 137 468 138
f 137 467 468
f 138 469 139
f 138 468 469
f 139 470 140
f 139 469 470
f 140 471 141
f 140 470 471
f 141 472 142
f 141 471 472
f 142 473 143
f 142 472 473
f 143 474 144
f 143 473 474
f 144 475 145
f 144 474 475
f 145 476 146
f 145 475 476
f 146 477 147
f 146 476 477
f 147 478 148
f 147 477 478
f 148 479 149
f 148 478 479
f 149 480 150
f 149 479 480
f 150 481 151
f 150 480 481
f 151 482 152
f 151 481 482
f 152 483 153
f 152 482 483
f 153 484 154
f 153 483 484
f 154 485 155
f 154 484 485
f 155 486 156
f 155 485 486
f 156 487 157
f 156 486 487
f 157 488 158
f 157 487 488
f 158 489 159
f 158 488 489
f 159 490 160
f 159 489 490
f 160 491 161
f 160 490 491
f 161 492 162
f 161 491 492
f 162 493 163
f 162 492 493
f 163 494 164
f 163 493 494
f 164 495 165
f 164 494 495
f 165 496 166
f 165 495 496
f 166 497 167
f 166 496 497
f 167 498 168
f 167 497 498
f 168 499 169
f 168 498 499
f 169 500 170
f 169 499 500
f 170 501 171
f 170 500 501
f 171 502 172
f 171 501 502
f 172 503 173
f 172 502 503
f 173 504 174
f 173 503 504
f 174 505 175
f 174 504 505
f 175 506 176
f 175 505 506
f 176 507 177
f 176 506 507
f 177 508 178
f 177 507 508
f 178 509 179
f 178 508 509
f 179 510 180
f 179 509 510
f 180 511 181
f 180 510 511
f 181 512 182
f 181 511 512
f 182 513 183
f 182 512 513
f 183 514 184
f 183 513 514
f 184 515 185
f 184 514 515
f 185 516 186
f 185 515 516
f 186 517 187
f 186 516 517
f 187 518 188
f 187 517 518
f 188 519 189
f 188 518 519
f 189 520 190
f 189 519 520
f 190 521 191
f 190 520 521
f 191 522 192
f 191 521 522
f 192 523 193
f 192 522 523
f 193 524 194
f 193 523 524
f 194 525 195
f 194 524 525
f 195 526 196
f 195 525 526
f 196 527 197
f 196 526 527
f 197 528 198
f 197 527 528
f 198 529 199
f 198 528 529
f 199 530 200
f 199 529 530
f 200 531 201
f 200 530 531
f 201 532 202
f 201 531 532
f 202 533 203
f 202 532 533
f 203 534 204
f 203 533 534
f 204 535 205
f 204 534 535
f 205 536 206
f 205 535 536
f 206 537 207
f 206 536 537
f 207 538 208
f 207 537 538
f 208 539 209
f 208 538 539
f 209 540 210
f 209 539 540
f 210 541 211
f 210 540 541
f 211 542 212
f 211 541 542
f 212 543 213
f 212 542 543
f 213 544 214
f 213 543 544
f 214 545 215
f 214 544 545
f 215 546 216
f 215 545 546
f 216 547 217
f 216 546 547
f 217 548 218
f 217 547 548
f 218 549 219
f 218 548 549
f 219 550 220
f 219 549 550
f 220 551 221
f 220 550 551
f 221 552 222
f 221 551 552
f 222 553 223
f 222 552 553
f 223 554 224
f 223 553 554
f 224 555 225
f 224 554 555
f 225 556 226
f 225 555 556
f 226 557 227
f 226 556 557
f 227 558 228
f 227 557 558
f 228 559 229
f 228 558 559
f 229 560 230
f 229 559 560
f 230 561 231
f 230 560 561
f 231 562 232
f 231 561 562
f 232 563 233
f 232 562 563
f 233 564 234
f 233 563 564
f 234 565 235
f 234 564 565
f 235 566 236
f 235 565 566
f 236 567 237
f 236 566 567
f 237 568 238
f 237 567 568
f 238 569 239
f 238 568 569
f 239 570 240
f 239 569 570
f 240 571 241
f 240 570 571
f 241 572 242
f 241 571 572
f 242 573 243
f 242 572 573
f 243 574 244
f 243 573 574
f 244 575 245
f 244 574 575
f 245 576 246
f 245 575 576
f 246 577 247
f 246 576 577
f 247 578 248
f 247 577 578
f 248 579 249
f 248 578 579
f 249 580 250
f 249 579 580
f 250 581 251
f 250 580 581
f 251 582 252
f 251 581 582
f 252 583 253
f 252 582 583
f 253 584 254
f 253 583 584
f 254 585 255
f 254 584 585
f 255 586 256
f 255 585 586
f 256 587 257
f 256 586 587
f 257 588 258
f 257 587 588
f 258 589 259
f 258 588 589
f 259 590 260
f 259 589 590
f 260 591 261
f 260 590 591
f 261 592 262
f 261 591 592
f 262 593 263
f 262 592 593
f 263 594 264
f 263 593 594
f 264 595 265
f 264 594 595
f 265 596 266
f 265 595 596
f 266 597 267
f 266 596 597
f 267 598 268
f 267 597 598
f 268 599 269
f 268 598 599
f 269 600 270
f 269 599 600
f 270 601 271
f 270 600 601
f 271 602 272
f 271 601 602
f 272 603 273
f 272 602 603
f 273 604 274
f 273 603 604
f 274 605 275
f 274 604 605
f 275 606 276
f 275 605 606
f 276 607 277
f 276 606 607
f 277 608 278
f 277 607 608
f 278 609 279
f 278 608 609
f 279 610 280
f 279 609 610
f 280 611 281
f 280 610 611
f 281 612 282
f 281 611 612
f 282 613 283
f 282 612 613
f 283 614 284
f 283 613 614
f 284 615 285
f 284 614 615
f 285 616 286
f 285 615 616
f 286 617 287
f 286 616 617
f 287 618 288
f 287 617 618
f 288 619 289
f 288 618 619
f 289 620 290
f 289 619 620
f 290 621 291
f 290 620 621
f 291 622 292
f 291 621 622
f 292 623 293
f 292 622 623
f 293 624 294
f 293 623 624
f 294 625 295
f 294 624 625
f 295 626 296
f 295 625 626
f 296 627 297
f 296 626 627
f 297 628 298
f 297 627 628
f 298 629 299
f 298 628 629
f 299 630 300
f 299 629 630
f 300 631 301
f 300 630 631
f 301 632 302
f 301 631 632
f 302 633 303
f 302 632 633
f 303 634 304
f 303 633 634
f 304 635 305
f 304 634 635
f 305 636 306
f 305 635 636
f 306 637 307
f 306 636 637
f 307 638 308
f 307 637 638
f 308 639 309
f 308 638 639
f 309 640 310
f 309 639 640
f 310 641 311
f 310 640 641
f 311 642 312
f 311 641 642
f 312 643 313
f 312 642 643
f 313 644 314
f 313 643 644
f 314 645 315
f 314 644 645
f 315 646 316
f 315 645 646
f 316 647 317
f 316 646 647
f 317 648 318
f 317 647 648
f 318 649 319
f 318 648 649
f 319 650 320
f 319 649 650
f 320 651 321
f 320 650 651
f 321 652 322
f 321 651 652
f 322 653 323
f 322 652 653
f 323 654 324
f 323 653 654
f 324 655 325
f 324 654 655
f 325 656 326
f 325 655 656
f 326 657 327
f 326 656 657
f 327 658 328
f 327 657 658
f 328 659 329
f 328 658 659
f 329 660 330
f 329 659 660
f 331 662 332
f 331 661 662
f 332 663 333
f 332 662 663
f 333 664 334
f 333 663 664
f 334 665 335
f 334 664 665
f 335 666 336
f 335 665 666
f 336 667 337
f 336 666 667
f 337 668 338
f 337 667 668
f 338 669 339
f 338 668 669
f 339 670 340
f 339 669 670
f 340 671 341
f 340 670 671
f 341 672 342
f 341 671 672
f 342 673 343
f 342 672 673
f 343 674 344
f 343 673 674
f 344 675 345
f 344 674 675
f 345 676 346
f 345 675 676
f 346 677 347
f 346 676 677
f 347 678 348
f 347 677 678
f 348 679 349
f 348 678 679
f 349 680 350
f 349 679 680
f 350 681 351
f 350 680 681
f 351 682 352
f 351 681 682
f 352 683 353
f 352 682 683
f 353 684 354
f 353 683 684
f 354 685 355
f 354 684 685
f 355 686 356
f 355 685 686
f 356 687 357
f 356 686 687
f 357 688 358
f 357 687 688
f 358 689 359
f 358 688 689
f 359 690 360
f 359 689 690
f 360 691 361
f 360 690 691
f 361 692 362
f 361 691 692
f 362 693 363
f 362 692 693
f 363 694 364
f 363 693 694
f 364 695 365
f 364 694 695
f 365 696 366
f 365 695 696
f 366 697 367
f 366 696 697
f 367 698 368
f 367 697 698
f 368 699 369
f 368 698 699
f 369 700 370
f 369 699 700
f 370 701 371
f 370 700 701
f 371 702 372
f 371 701 702
f 372 703 373
f 372 702 703
f 373 704 374
f 373 703 704
f 374 705 375
f 374 704 705
f 375 706 376
f 375 705 706
f 376 707 377
f 376 706 707
f 377 708 378
f 377 707 708
f 378 709 379
f 378 708 709
f 379 710 380
f 379 709 710
f 380 711 381
f 380 710 711
f 381 712 382
f 381 711 712
f 382 713 383
f 382 712 713
f 383 714 384
f 383 713 714
f 384 715 385
f 384 714 715
f 385 716 386
f 385 715 716
f 386 717 387
f 386 716 717
f 387 718 388
f 387 717 718
f 388 719 389
f 388 718 719
f 389 720 390
f 389 719 720
f 390 721 391
f 390 720 721
f 391 722 392
f 391 721 722
f 392 723 393
f 392 722 723
f 393 724 394
f 393 723 724
f 394 725 395
f 394 724 725
f 395 726 396
f 395 725 726
f 396 727 397
f 396 726 727
f 397 728 398
f 397 727 728
f 398 729 399
f 398 728 729
f 399 730 400
f 399 729 730
f 400 731 401
f 400 730 731
f 401 732 402
f 401 731 732
f 402 733 403
f 402 732 733
f 403 734 404
f 403 733 734
f 404 735 405
f 404 734 735
f 405 736 406
f 405 735 736
f 406 737 407
f 406 736 737
f 407 738 408
f 407 737 738
f 408 739 409
f 408 738 739
f 409 740 410
f 409 739 740
f 410 741 411
f 410 740 741
f 411 742 412
f 411 741 742
f 412 743 413
f 412 742 743
f 413 744 414
f 413 743 744
f 414 745 415
f 414 744 745
f 415 746 416
f 415 745 746
f 416 747 417
f 416 746 747
f 417 748 418
f 417 747 748
f 418 749 419
f 418 748 749
f 419 750 420
f 419 749 750
f 420 751 421
f 420 750 751
f 421 752 422
f 421 751 752
f 422 753 423
f 422 752 753
f 423 754 424
f 423 753 754
f 424 755 425
f 424 754 755
f 425 756 426
f 425 755 756
f 426 757 427
f 426 756 757
f 427 758 428
f 427 757 758
f 428 759 429
f 428 758 759
f 429 760 430
f 429 759 760
f 430 761 431
f 430 760 761
f 431 762 432
f 431 761 762
f 432 763 433
f 432 762 763
f 433 764 434
f 433 763 764
f 434 765 435
f 434 764 765
f 435 766 436
f 435 765 766
f 436 767 437
f 436 766 767
f 437 768 438
f 437 767 768
f 438 769 439
f 438 768 769
f 439 770 440
f 439 769 770
f 440 771 441
f 440 770 771
f 441 772 442
f 441 771 772
f 442 773 443
f 442 772 773
f 443 774 444
f 443 773 774
f 444 775 445
f 444 774 775
f 445 776 446
f 445 775 776
f 446 777 447
f 446 776 777
f 447 778 448
f 447 777 778
f 448 779 449
f 448 778 779
f 449 780 450
f 449 779 780
f 450 781 451
f 450 780 781
f 451 782 452
f 451 781 782
f 452 783 453
f 452 782 783
f 453 784 454
f 453 783 784
f 454 785 455
f 454 784 785
f 455 786 456
f 455 785 786
f 456 787 457
f 456 786 787
f 457 788 458
f 457 787 788
f 458 789 459
f 458 788 789
f 459 790 460
f 459 789 790
f 460 791 461
f 460 790 791
f 461 792 462
f 461 791 792
f 462 793 463
f 462 792 793
f 463 794 464
f 463 793 794
f 464 795 465
f 464 794 795
f 465 796 466
f 465 795 796
f 466 797 467
f 466 796 797
f 467 798 468
f 467 797 798
f 468 799 469
f 468 798 799
f 469 800 470
f 469 799 800
f 470 801 471
f 470 800 801
f 471 802 472
f 471 801 802
f 472 803 473
f 472 802 803
f 473 804 474
f 473 803 804
f 474 805 475
f 474 804 805
f 475 806 476
f 475 805 806
f 476 807 477
f 476 806 807
f 477 808 478
f 477 807 808
f 478 809 479
f 478 808 809
f 479 810 480
f 479 809 810
f 480 811 481
f 480 810 811
f 481 812 482
f 481 811 812
f 482 813 483
f 482 812 813
f 483 814 484
f 483 813 814
f 484 815 485
f 484 814 815
f 485 816 486
f 485 815 816
f 486 817 487
f 486 816 817
f 487 818 488
f 487 817 818
f 488 819 489
f 488 818 819
f 489 820 490
f 489 819 820
f 490 821 491
f 490 820 821
f 491 822 492
f 491 821 822
f 492 823 493
f 492 822 823
f 493 824 494
f 493 823 824
f 494 825 495
f 494 824 825
f 495 826 496
f 495 825 826
f 496 827 497
f 496 826 827
f 497 828 498
f 497 827 828
f 498 829 499
f 498 828 829
f 499 830 500
f 499 829 830
f 500 831 501
f 500 830 831
f 501 832 502
f 501 831 832
f 502 833 503
f 502 832 833
f 503 834 504
f 503 833 834
f 504 835 505
f 504 834 835
f 505 836 506
f 505 835 836
f 506 837 507
f 506 836 837
f 507 838 508
f 507 837 838
f 508 839 509
f 508 838 839
f 509 840 510
f 509 839 840
f 510 841 511
f 510 840 841
f 511 842 512
f 511 841 842
f 512 843 513
f 512 842 843
f 513 844 514
f 513 843 844
f 514 845 515
f 514 844 845
f 515 846 516
f 515 845 846
f 516 847 517
f 516 846 847
f 517 848 518
f 517 847 848
f 518 849 519
f 518 848 849
f 519 850 520
f 519 849 850
f 520 851 521
f 520 850 851
f 521 852 522
f 521 851 852
f 522 853 523
f 522 852 853
f 523 854 524
f 523 853 854
f 524 855 525
f 524 854 855
f 525 856 526
f 525 855 856
f 526 857 527
f 526 856 857
f 527 858 528
f 527 857 858
f 528 859 529
f 528 858 859
f 529 860 530
f 529 859 860
f 530 861 531
f 530 860 861
f 531 862 532
f 531 861 862
f 532 863 533
f 532 862 863
f 533 864 534
f 533 863 864
f 534 865 535
f 534 864 865
f 535 866 536
f 535 865 866
f 536 867 537
f 536 866 867
f 537 868 538
f 537 867 868
f 538 869 539
f 538 868 869
f 539 870 540
f 539 869 870
f 540 871 541
f 540 870 871
f 541 872 542
f 541 871 872
f 542 873 543
f 542 872 873
f 543 874 544
f 543 873 874
f 544 875 545
f 544 874 875
f 545 876 546
f 545 875 876
f 546 877 547
f 546 876 877
f 547 878 548
f 547 877 878
f 548 879 549
f 548 878 879
f 549 880 550
f 549 879 880
f 550 881 551
f 550 880 881
f 551 882 552
f 551 881 882
f 552 883 553
f 552 882 883
f 553 884 554
f 553 883 884
f 554 885 555
f 554 884 885
f 555 886 556
f 555 885 886
f 556 887 557
f 556 886 887
f 557 888 558
f 557 887 888
f 558 889 559
f 558 888 889
f 559 890 560
f 559 889 890
f 560 891 561
f 560 890 891
f 561 892 562
f 561 891 892
f 562 893 563
f 562 892 893
f 563 894 564
f 563 893 894
f 564 895 565
f 564 894 895
f 565 896 566
f 565 895 896
f 566 897 567
f 566 896 897
f 567 898 568
f 567 897 898
f 568 899 569
f 568 898 899
f 569 900 570
f 569 899 900
f 570 901 571
f 570 900 901
f 571 902 572
f 571 901 902
f 572 903 573
f 572 902 903
f 573 904 574
f 573 903 904
f 574 905 575
f 574 904 905
f 575 906 576
f 575 905 906
f 576 907 577
f 576 906 907
f 577 908 578
f 577 907 908
f 578 909 579
f 578 908 909
f 579 910 580
f 579 909 910
f 580 911 581
f 580 910 911
f 581 912 582
f 581 911 912
f 582 913 583
f 582 912 913
f 583 914 584
f 583 913 914
f 584 915 585
f 584 914 915
f 585 916 586
f 585 915 916
f 586 917 587
f 586 916 917
f 587 918 588
f 587 917 918
f 588 919 589
f 588 918 919
f 589 920 590
f 589 919 920
f 590 921 591
f 590 920 921
f 591 922 592
f 591 921 922
f 592 923 593
f 592 922 923
f 593 924 594
f 593 923 924
f 594 925 595
f 594 924 925
f 595 926 596
f 595 925 926
f 596 927 597
f 596 926 927
f 597 928 598
f 597 927 928
f 598 929 599
f 598 928 929
f 599 930 600
f 599 929 930
f 600 931 601
f 600 930 931
f 601 932 602
f 601 931 932
f 602 933 603
f 602 932 933
f 603 934 604
f 603 933 934
f 604 935 605
f 604 934 935
f 605 936 606
f 605 935 936
f 606 937 607
f 606 936 937
f 607 938 608
f 607 937 938
f 608 939 609
f 608 938 939
f 609 940 610
f 609 939 940
f 610 941 611
f 610 940 941
f 611 942 612
f 611 941 942
f 612 943 613
f 612 942 943
f 613 944 614
f 613 943 944
f 614 945 615
f 614 944 945
f 615 946 616
f 615 945 946
f 616 947 617
f 616 946 947
f 617 948 618
f 617 947 948
f 618 949 619
f 618 948 949
f 619 950 620
f 619 949 950
f 620 951 621
f 620 950 951
f 621 952 622
f 621 951 952
f 622 953 623
f 622 952 953
f 623 954 624
f 623 953 954
f 624 955 625
f 624 954 955
f 625 956 626
f 625 955 956
f 626 957 627
f 626 956 957
f 627 958 628
f 627 957 958
f 628 959 629
f 628 958 959
f 629 960 630
f 629 959 960
f 630 961 631
f 630 960 961
f 631 962 632
f 631 961 962
f 632 963 633
f 632 962 963
f 633 964 634
f 633 963 964
f 634 965 635
f 634 964 965
f 635 966 636
f 635 965 966
f 636 967 637
f 636 966 967
f 637 968 638
f 637 967 968
f 638 969 639
f 638 968 969
f 639 970 640
f 639 969 970
f 640 971 641
f 640 970 971
f 641 972 642
f 641 971 972
f 642 973 643
f 642 972 973
f 643 974 644
f 643 973 974
f 644 975 645
f 644 974 975
f 645 976 646
f 645 975 976
f 646 977 647
f 646 976 977
f 647 978 648
f 647 977 978
f 648 979 649
f 648 978 979
f 649 980 650
f 649 979 980
f 650 981 651
f 650 980 981
f 651 982 652
f 651 981 982
f 652 983 653
f 652 982 983
f 653 984 654
f 653 983 984
f 654 985 655
f 654 984 985
f 655 986 656
f 655 985 986
f 656 987 657
f 656 986 987
f 657 988 658
f 657 987 988
f 658 989 659
f 658 988 989
f 659 990 660
f 659 989 990
f 661 992 662
f 661 991 992
f 662 993 663
f 662 992 993
f 663 994 664
f 663 993 994
f 664 995 665
f 664 994 995
f 665 996 666
f 665 995 996
f 666 997 667
f 666 996 997
f 667 998 668
f 667 997 998
f 668 999 669
f 668 998 999
f 669 1000 670
f 669 999 1000
f 670 1001 671
f 670 1000 1001
f 671 1002 672
f 671 1001 1002
f 672 1003 673
f 672 1002 1003
f 673 1004 674
f 673 1003 1004
f 674 1005 675
f 674 1004 1005
f 675 1006 676
f 675 1005 1006
f 676 1007 677
f 676 1006 1007
f 677 1008 678
f 677 1007 1008
f 678 1009 679
f 678 1008 1009
f 679 1010 680
f 679 1009 1010
f 680 1011 681
f 680 1010 1011
f 681 1012 682
f 681 1011 1012
f 682 1013 683
f 682 1012 1013
f 683 1014 684
f 683 1013 1014
f 684 1015 685
f 684 1014 1015
f 685 1016 686
f 685 1015 1016
f 686 1017 687
f 686 1016 1017
f 687 1018 688
f 687 1017 1018
f 688 1019 689
f 688 1018 1019
f 689 1020 690
f 689 1019 1020
f 690 1021 691
f 690 1020 1021
f 691 1022 692
f 691 1021 1022
f 692 1023 693
f 692 1022 1023
f 693 1024 694
f 693 1023 1024
f 694 1025 695
f 694 1024 1025
f 695 1026 696
f 695 1025 1026
f 696 1027 697
f 696 1026 1027
f 697 1028 698
f 697 1027 1028
f 698 1029 699
f 698 1028 1029
f 699 1030 700
f 699 1029 1030
f 700 1031 701
f 700 1030 1031
f 701 1032 702
f 701 1031 1032
f 702 1033 703
f 702 1032 1033
f 703 1034 704
f 703 1033 1034
f 704 1035 705
f 704 1034 1035
f 705 1036 706
f 705 1035 1036
f 706 1037 707
f 706 1036 1037
f 707 1038 708
f 707 1037 1038
f 708 1039 709
f 708 1038 1039
f 709 1040 710
f 709 1039 1040
f 710 1041 711
f 710 1040 1041
f 711 1042 712
f 711 1041 1042
f 712 1043 713
f 712 1042 1043
f 713 1044 714
f 713 1043 1044
f 714 1045 715
f 714 1044 1045
f 715 1046 716
f 715 1045 1046
f 716 1047 717
f 716 1046 1047
f 717 1048 718
f 717 1047 1048
f 718 1049 719
f 718 1048 1049
f 719 1050 720
f 719 1049 1050
f 720 1051 721
f 720 1050 1051
f 721 1052 722
f 721 1051 1052
f 722 1053 723
f 722 1052 1053
f 723 1054 724
f 723 1053 1054
f 724 1055 725
f 724 1054 1055
f 725 1056 726
f 725 1055 1056
f 726 1057 727
f 726 1056 1057
f 727 1058 728
f 727 1057 1058
f 728 1059 729
f 728 1058 1059
f 729 1060 730
f 729 1059 1060
f 730 1061 731
f 730 1060 1061
f 731 1062 732
f 731 1061 1062
f 732 1063 733
f 732 1062 1063
f 733 1064 734
f 733 1063 1064
f 734 1065 735
f 734 1064 1065
f 735 1066 736
f 735 1065 1066
f 736 1067 737
f 736 1066 1067
f 737 1068 738
f 737 1067 1068
f 738 1069 739
f 738 1068 1069
f 739 1070 740
f 739 1069 1070
f 740 1071 741
f 740 1070 1071
f 741 1072 742
f 741 1071 1072
f 742 1073 743
f 742 1072 1073
f 743 1074 744
f 743 1073 1074
f 744 1075 745
f 744 1074 1075
f 745 1076 746
f 745 1075 1076
f 746 1077 747
f 746 1076 1077
f 747 1078 748
f 747 1077 1078
f 748 1079 749
f 748 1078 1079
f 749 1080 750
f 749 1079 1080
f 750 1081 751
f 750 1080 1081
f 751 1082 752
f 751 1081 1082
f 752 1083 753
f 752 1082 1083
f 753 1084 754
f 753 1083 1084
f 754 1085 755
f 754 1084 1085
f 755 1086 756
f 755 1085 1086
f 756 1087 757
f 756 1086 1087
f 757 1088 758
f 757 1087 1088
f 758 1089 759
f 758 1088 1089
f 759 1090 760
f 759 1089 1090
f 760 1091 761
f 760 1090 1091
f 761 1092 762
f 761 1091 1092
f 762 1093 763
f 762 1092 1093
f 763 1094 764
f 763 1093 1094
f 764 1095 765
f 764 1094 1095
f 765 1096 766
f 765 1095 1096
f 766 1097 767
f 766 1096 1097
f 767 1098 768
f 767 1097 1098
f 768 1099 769
f 768 1098 1099
f 769 1100 770
f 769 1099 1100
f 770 1101 771
f 770 1100 1101
f 771 1102 772
f 771 1101 1102
f 772 1103 773
f 772 1102 1103
f 773 1104 774
f 773 1103 1104
f 774 1105 775
f 774 1104 1105
f 775 1106 776
f 775 1105 1106
f 776 1107 777
f 776 1106 1107
f 777 1108 778
f 777 1107 1108
f 778 1109 779
f 778 1108 1109
f 779 1110 780
f 779 1109 1110
f 780 1111 781
f 780 1110 1111
f 781 1112 782
f 781 1111 1112
f 782 1113 783
f 782 1112 1113
f 783 1114 784
f 783 1113 1114
f 784 1115 785
f 784 1114 1115
f 785 1116 786
f 785 1115 1116
f 786 1117 787
f 786 1116 1117
f 787 1118 788
f 787 1117 1118
f 788 1119 789
f 788 1118 1119
f 789 1120 790
f 789 1119 1120
f 790 1121 791
f 790 1120 1121
f 791 1122 792
f 791 1121 1122
f 792 1123 793
f 792 1122 1123
f 793 1124 794
f 793 1123 1124
f 794 1125 795
f 794 1124 1125
f 795 1126 796
f 795 1125 1126
f 796 1127 797
f 796 1126 1127
f 797 1128 798
f 797 1127 1128
f 798 1129 799
f 798 1128 1129
f 799 1130 800
f 799 1129 1130
f 800 1131 801
f 800 1130 1131
f 801 1132 802
f 801 1131 1132
f 802 1133 803
f 802 1132 1133
f 803 1134 804
f 803 1133 1134
f 804 1135 805
f 804 1134 1135
f 805 1136 806
f 805 1135 1136
f 806 1137 807
f 806 1136 1137
f 807 1138 808
f 807 1137 1138
f 808 1139 809
f 808 1138 1139
f 809 1140 810
f 809 1139 1140
f 810 1141 811
f 810 1140 1141
f 811 1142 812
f 811 1141 1142
f 812 1143 813
f 812 1142 1143
f 813 1144 814
f 813 1143 1144
f 814 1145 815
f 814 1144 1145
f 815 1146 816
f 815 1145 1146
f 816 1147 817
f 816 1146 1147
f 817 1148 818
f 817 1147 1148
f 818 1149 819
f 818 1148 1149
f 819 1150 820
f 819 1149 1150
f 820 1151 821
f 820 1150 1151
f 821 1152 822
f 821 1151 1152
f 822 1153 823
f 822 1152 1153
f 823 1154 824
f 823 1153 1154
f 824 1155 825
f 824 1154 1155
f 825 1156 826
f 825 1155 1156
f 826 1157 827
f 826 1156 1157
f 827 1158 828
f 827 1157 1158
f 828 1159 829
f 828 1158 1159
f 829 1160 830
f 829 1159 1160
f 830 1161 831
f 830 1160 1161
f 831 1162 832
f 831 1161 1162
f 832 1163 833
f 832 1162 1163
f 833 1164 834
f 833 1163 1164
f 834 1165 835
f 834 1164 1165
f 835 1166 836
f 835 1165 1166
f 836 1167 837
f 836 1166 1167
f 837 1168 838
f 837 1167 1168
f 838 1169 839
f 838 1168 1169
f 839 1170 840
f 839 1169 1170
f 840 1171 841
f 840 1170 1171
f 841 1172 842
f 841 1171 1172
f 842 1173 843
f 842 1172 1173
f 843 1174 844
f 843 1173 1174
f 844 1175 845
f 844 1174 1175
f 845 1176 846
f 845 1175 1176
f 846 1177 847
f 846 1176 1177
f 847 1178 848
f 847 1177 1178
f 848 1179 849
f 848 1178 1179
f 849 1180 850
f 849 1179 1180
f 850 1181 851
f 850 1180 1181
f 851 1182 852
f 851 1181 1182
f 852 1183 853
f 852 1182 1183
f 853 1184 854
f 853 1183 1184
f 854 1185 855
f 854 1184 1185
f 855 1186 856
f 855 1185 1186
f 856 1187 857
f 856 1186 1187
f 857 1188 858
f 857 1187 1188
f 858 1189 859
f 858 1188 1189
f 859 1190 860
f 859 1189 1190
f 860 1191 861
f 860 1190 1191
f 861 1192 862
f 861 1191 1192
f 862 1193 863
f 862 1192 1193
f 863 1194 864
f 863 1193 1194
f 864 1195 865
f 864 1194 1195
f 865 1196 866
f 865 1195 1196
f 866 1197 867
f 866 1196 1197
f 867 1198 868
f 867 1197 1198
f 868 1199 869
f 868 1198 1199
f 869 1200 870
f 869 1199 1200
f 870 1201 871
f 870 1200 1201
f 871 1202 872
f 871 1201 1202
f 872 1203 873
f 872 1202 1203
f 873 1204 874
f 873 1203 1204
f 874 1205 875
f 874 1204 1205
f 875 1206 876
f 875 1205 1206
f 876 1207 877
f 876 1206 1207
f 877 1208 878
f 877 1207 1208
f 878 1209 879
f 878 1208 1209
f 879 1210 880
f 879 1209 1210
f 880 1211 881
f 880 1210 1211
f 881 1212 882
f 881 1211 1212
f 882 1213 883
f 882 1212 1213
f 883 1214 884
f 883 1213 1214
f 884 1215 885
f 884 1214 1215
f 885 1216 886
f 885 1215 1216
f 886 1217 887
f 886 1216 1217
f 887 1218 888
f 887 1217 1218
f 888 1219 889
f 888 1218 1219
f 889 1220 890
f 889 1219 1220
f 890 1221 891
f 890 1220 1221
f 891 1222 892
f 891 1221 1222
f 892 1223 893
f 892 1222 1223
f 893 1224 894
f 893 1223 1224
f 894 1225 895
f 894 1224 1225
f 895 1226 896
f 895 1225 1226
f 896 1227 897
f 896 1226 1227
f 897 1228 898
f 897 1227 1228
f 898 1229 899
f 898 1228 1229
f 899 1230 900
f 899 1229 1230
f 900 1231 901
f 900 1230 1231
f 901 1232 902
f 901 1231 1232
f 902 1233 903
f 902 1232 1233
f 903 1234 904
f 903 1233 1234
f 904 1235 905
f 904 1234 1235
f 905 1236 906
f 905 1235 1236
f 906 1237 907
f 906 1236 1237
f 907 1238 908
f 907 1237 1238
f 908 1239 909
f 908 1238 1239
f 909 1240 910
f 909 1239 1240
f 910 1241 911
f 910 1240 1241
f 911 1242 912
f 911 1241 1242
f 912 1243 913
f 912 1242 1243
f 913 1244 914
f 913 1243 1244
f 914 1245 915
f 914 1244 1245
f 915 1246 916
f 915 1245 1246
f 916 1247 917
f 916 1246 1247
f 917 1248 918
f 917 1247 1248
f 918 1249 919
f 918 1248 1249
f 919 1250 920
f 919 1249 1250
f 920 1251 921
f 920 1250 1251
f 921 1252 922
f 921 1251 1252
f 922 1253 923
f 922 1252 1253
f 923 1254 924
f 923 1253 1254
f 924 1255 925
f 924 1254 1255
f 925 1256 926
f 925 1255 1256
f 926 1257 927
f 926 1256 1257
f 927 1258 928
f 927 1257 1258
f 928 1259 929
f 928 1258 1259
f 929 1260 930
f 929 1259 1260
f 930 1261 931
f 930 1260 1261
f 931 1262 932
f 931 1261 1262
f 932 1263 933
f 932 1262 1263
f 933 1264 934
f 933 1263 1264
f 934 1265 935
f 934 1264 1265
f 935 1266 936
f 935 1265 1266
f 936 1267 937
f 936 1266 1267
f 937 1268 938
f 937 1267 1268
f 938 1269 939
f 938 1268 1269
f 939 1270 940
f 939 1269 1270
f 940 1271 941
f 940 1270 1271
f 941 1272 942
f 941 1271 1272
f 942 1273 943
f 942 1272 1273
f 943 1274 944
f 943 1273 1274
f 944 1275 945
f 944 1274 1275
f 945 1276 946
f 945 1275 1276
f 946 1277 947
f 946 1276 1277
f 947 1278 948
f 947 1277 1278
f 948 1279 949
f 948 1278 1279
f 949 1280 950
f 949 1279 1280
f 950 1281 951
f 950 1280 1281
f 951 1282 952
f 951 1281 1282
f 952 1283 953
f 952 1282 1283
f 953 1284 954
f 953 1283 1284
f 954 1285 955
f 954 1284 1285
f 955 1286 956
f 955 1285 1286
f 956 1287 957
f 956 1286 1287
f 957 1288 958
f 957 1287 1288
f 958 1289 959
f 958 1288 1289
f 959 1290 960
f 959 1289 1290
f 960 1291 961
f 960 1290 1291
f 961 1292 962
f 961 1291 1292
f 962 1293 963
f 962 1292 1293
f 963 1294 964
f 963 1293 1294
f 964 1295 965
f 964 1294 1295
f 965 1296 966
f 965 1295 1296
f 966 1297 967
f 966 1296 1297
f 967 1298 968
f 967 1297 1298
f 968 1299 969
f 968 1298 1299
f 969 1300 970
f 969 1299 1300
f 970 1301 971
f 970 1300 1301
f 971 1302 972
f 971 1301 1302
f 972 1303 973
f 972 1302 1303
f 973 1304 974
f 973 1303 1304
f 974 1305 975
f 974 1304 1305
f 975 1306 976
f 975 1305 1306
f 976 1307 977
f 976 1306 1307
f 977 1308 978
f 977 1307 1308
f 978 1309 979
f 978 1308 1309
f 979 1310 980
f 979 1309 1310
f 980 1311 981
f 980 1310 1311
f 981 1312 982
f 981 1311 1312
f 982 1313 983
f 982 1312 1313
f 983 1314 984
f 983 1313 1314
f 984 1315 985
f 984 1314 1315
f 985 1316 986
f 985 1315 1316
f 986 1317 987
f 986 1316 1317
f 987 1318 988
f 987 1317 1318
f 988 1319 989
f 988 1318 1319
f 989 1320 990
f 989 1319 1320
f 991 1322 992
f 991 1321 1322
f 992 1323 993
f 992 1322 1323
f 993 1324 994
f 993 1323 1324
f 994 1325 995
f 994 1324 1325
f 995 1326 996
f 995 1325 1326
f 996 1327 997
f 996 1326 1327
f 997 1328 998
f 997 1327 1328
f 998 1329 999
f 998 1328 1329
f 999 1330 1000
f 999 1329 1330
f 1000 1331 1001
f 1000 1330 1331
f 1001 1332 1002
f 1001 1331 1332
f 1002 1333 1003
f 1002 1332 1333
f 1003 1334 1004
f 1003 1333 1334
f 1004 1335 1005
f 1004 1334 1335
f 1005 1336 1006
f 1005 1335 1336
f 1006 1337 1007
f 1006 1336 1337
f 1007 1338 1008
f 1007 1337 1338
f 1008 1339 1009
f 1008 1338 1339
f 1009 1340 1010
f 1009 1339 1340
f 1010 1341 1011
f 1010 1340 1341
f 1011 1342 1012
f 1011 1341 1342
f 1012 1343 1013
f 1012 1342 1343
f 1013 1344 1014
f 1013 1343 1344
f 1014 1345 1015
f 1014 1344 1345
f 1015 1346 1016
f 1015 1345 1346
f 1016 1347 1017
f 1016 1346 1347
f 1017 1348 1018
f 1017 1347 1348
f 1018 1349 1019
f 1018 1348 1349
f 1019 1350 1020
f 1019 1349 1350
f 1020 1351 1021
f 1020 1350 1351
f 1021 1352 1022
f 1021 1351 1352
f 1022 1353 1023
f 1022 1352 1353
f 1023 1354 1024
f 1023 1353 1354
f 1024 1355 1025
f 1024 1354 1355
f 1025 1356 1026
f 1025 1355 1356
f 1026 1357 1027
f 1026 1356 1357
f 1027 1358 1028
f 1027 1357 1358
f 1028 1359 1029
f 1028 1358 1359
f 1029 1360 1030
f 1029 1359 1360
f 1030 1361 1031
f 1030 1360 1361
f 1031 1362 1032
f 1031 1361 1362
f 1032 1363 1033
f 1032 1362 1363
f 1033 1364 1034
f 1033 1363 1364
f 1034 1365 1035
f 1034 1364 1365
f 1035 1366 1036
f 1035 1365 1366
f 1036 1367 1037
f 1036 1366 1367
f 1037 1368 1038
f 1037 1367 1368
f 1038 1369 1039
f 1038 1368 1369
f 1039 1370 1040
f 1039 1369 1370
f 1040 1371 1041
f 1040 1370 1371
f 1041 1372 1042
f 1041 1371 1372
f 1042 1373 1043
f 1042 1372 1373
f 1043 1374 1044
f 1043 1373 1374
f 1044 1375 1045
f 1044 1374 1375
f 1045 1376 1046
f 1045 1375 1376
f 1046 1377 1047
f 1046 1376 1377
f 1047 1378 1048
f 1047 1377 1378
f 1048 1379 1049
f 1048 1378 1379
f 1049 1380 1050
f 1049 1379 1380
f 1050 1381 1051
f 1050 1380 1381
f 1051 1382 1052
f 1051 1381 1382
f 1052 1383 1053
f 1052 1382 1383
f 1053 1384 1054
f 1053 1383 1384
f 1054 1385 1055
f 1054 1384 1385
f 1055 1386 1056
f 1055 1385 1386
f 1056 1387 1057
f 1056 1386 1387
f 1057 1388 1058
f 1057 1387 1388
f 1058 1389 1059
f 1058 1388 1389
f 1059 1390 1060
f 1059 1389 1390
f 1060 1391 1061
f 1060 1390 1391
f 1061 1392 1062
f 1061 1391 1392
f 1062 1393 1063
f 1062 1392 1393
f 1063 1394 1064
f 1063 1393 1394
f 1064 1395 1065
f 1064 1394 1395
f 1065 1396 1066
f 1065 1395 1396
f 1066 1397 1067
f 1066 1396 1397
f 1067 1398 1068
f 1067 1397 1398
f 1068 1399 1069
f 1068 1398 1399
f 1069 1400 1070
f 1069 1399 1400
f 1070 1401 1071
f 1070 1400 1401
f 1071 1402 1072
f 1071 1401 1402
f 1072 1403 1073
f 1072 1402 1403
f 1073 1404 1074
f 1073 1403 1404
f 1074 1405 1075
f 1074 1404 1405
f 1075 1406 1076
f 1075 1405 1406
f 1076 1407 1077
f 1076 1406 1407
f 1077 1408 1078
f 1077 1407 1408
f 1078 1409 1079
f 1078 1408 1409
f 1079 1410 1080
f 1079 1409 1410
f 1080 1411 1081
f 1080 1410 1411
f 1081 1412 1082
f 1081 1411 1412
f 1082 1413 1083
f 1082 1412 1413
f 1083 1414 1084
f 1083 1413 1414
f 1084 1415 1085
f 1084 1414 1415
f 1085 1416 1086
f 1085 1415 1416
f 1086 1417 1087
f 1086 1416 1417
f 1087 1418 1088
f 1087 1417 1418
f 1088 1419 1089
f 1088 1418 1419
f 1089 1420 1090
f 1089 1419 1420
f 1090 1421 1091
f 1090 1420 1421
f 1091 1422 1092
f 1091 1421 1422
f 1092 1423 1093
f 1092 1422 1423
f 1093 1424 1094
f 1093 1423 1424
f 1094 1425 1095
f 1094 1424 1425
f 1095 1426 1096
f 1095 1425 1426
f 1096 1427 1097
f 1096 1426 1427
f 1097 1428 1098
f 1097 1427 1428
f 1098 1429 1099
f 1098 1428 1429
f 1099 1430 1100
f 1099 1429 1430
f 1100 1431 1101
f 1100 1430 1431
f 1101 1432 1102
f 1101 1431 1432
f 1102 1433 1103
f 1102 1432 1433
f 1103 1434 1104
f 1103 1433 1434
f 1104 1435 1105
f 1104 1434 1435
f 1105 1436 1106
f 1105 1435 1436
f 1106 1437 1107
f 1106 1436 1437
f 1107 1438 1108
f 1107 1437 1438
f 1108 1439 1109
f 1108 1438 1439
f 1109 1440 1110
f 1109 1439 1440
f 1110 1441 1111
f 1110 1440 1441
f 1111 1442 1112
f 1111 1441 1442
f 1112 1443 1113
f 1112 1442 1443
f 1113 1444 1114
f 1113 1443 1444
f 1114 1445 1115
f 1114 1444 1445
f 1115 1446 1116
f 1115 1445 1446
f 1116 1447 1117
f 1116 1446 1447
f 1117 1448 1118
f 1117 1447 1448
f 1118 1449 1119
f 1118 1448 1449
f 1119 1450 1120
f 1119 1449 1450
f 1120 1451 1121
f 1120 1450 1451
f 1121 1452 1122
f 1121 1451 1452
f 1122 1453 1123
f 1122 1452 1453
f 1123 1454 1124
f 1123 1453 1454
f 1124 1455 1125
f 1124 1454 1455
f 1125 1456 1126
f 1125 1455 1456
f 1126 1457 1127
f 1126 1456 1457
f 1127 1458 1128
f 1127 1457 1458
f 1128 1459 1129
f 1128 1458 1459
f 1129 1460 1130
f 1129 1459 1460
f 1130 1461 1131
f 1130 1460 1461
f 1131 1462 1132
f 1131 1461 1462
f 1132 1463 1133
f 1132 1462 1463
f 1133 1464 1134
f 1133 1463 1464
f 1134 1465 1135
f 1134 1464 1465
f 1135 1466 1136
f 1135 1465 1466
f 1136 1467 1137
f 1136 1466 1467
f 1137 1468 1138
f 1137 1467 1468
f 1138 1469 1139
f 1138 1468 1469
f 1139 1470 1140
f 1139 1469 1470
f 1140 1471 1141
f 1140 1470 1471
f 1141 1472 1142
f 1141 1471 1472
f 1142 1473 1143
f 1142 1472 1473
f 1143 1474 1144
f 1143 1473 1474
f 1144 1475 1145
f 1144 1474 1475
f 1145 1476 1146
f 1145 1475 1476
f 1146 1477 1147
f 1146 1476 1477
f 1147 1478 1148
f 1147 1477 1478
f 1148 1479 1149
f 1148 1478 1479
f 1149 1480 1150
f 1149 1479 1480
f 1150 1481 1151
f 1150 1480 1481
f 1151 1482 1152
f 1151 1481 1482
f 1152 1483 1153
f 1152 1482 1483
f 1153 1484 1154
f 1153 1483 1484
f 1154 1485 1155
f 1154 1484 1485
f 1155 1486 1156
f 1155 1485 1486
f 1156 1487 1157
f 1156 1486 1487
f 1157 1488 1158
f 1157 1487 1488
f 1158 1489 1159
f 1158 1488 1489
f 1159 1490 1160
f 1159 1489 1490
f 1160 1491 1161
f 1160 1490 1491
f 1161 1492 1162
f 1161 1491 1492
f 1162 1493 1163
f 1162 1492 1493
f 1163 1494 1164
f 1163 1493 1494
f 1164 1495 1165
f 1164 1494 1495
f 1165 1496 1166
f 1165 1495 1496
f 1166 1497 1167
f 1166 1496 1497
f 1167 1498 1168
f 1167 1497 1498
f 1168 1499 1169
f 1168 1498 1499
f 1169 1500 1170
f 1169 1499 1500
f 1170 1501 1171
f 1170 1500 1501
f 1171 1502 1172
f 1171 1501 1502
f 1172 1503 1173
f 1172 1502 1503
f 1173 1504 1174
f 1173 1503 1504
f 1174 1505 1175
f 1174 1504 1505
f 1175 1506 1176
f 1175 1505 1506
f 1176 1507 1177
f 1176 1506 1507
f 1177 1508 1178
f 1177 1507 1508
f 1178 1509 1179
f 1178 1508 1509
f 1179 1510 1180
f 1179 1509 1510
f 1180 1511 1181
f 1180 1510 1511
f 1181 1512 1182
f 1181 1511 1512
f 1182 1513 1183
f 1182 1512 1513
f 1183 1514 1184
f 1183 1513 1514
f 1184 1515 1185
f 1184 1514 1515
f 1185 1516 1186
f 1185 1515 1516
f 1186 1517 1187
f 1186 1516 1517
f 1187 1518 1188
f 1187 1517 1518
f 1188 1519 1189
f 1188 1518 1519
f 1189 1520 1190
f 1189 1519 1520
f 1190 1521 1191
f 1190 1520 1521
f 1191 1522 1192
f 1191 1521 1522
f 1192 1523 1193
f 1192 1522 1523
f 1193 1524 1194
f 1193 1523 1524
f 1194 1525 1195
f 1194 1524 1525
f 1195 1526 1196
f 1195 1525 1526
f 1196 1527 1197
f 1196 1526 1527
f 1197 1528 1198
f 1197 1527 1528
f 1198 1529 1199
f 1198 1528 1529
f 1199 1530 1200
f 1199 1529 1530
f 1200 1531 1201
f 1200 1530 1531
f 1201 1532 1202
f 1201 1531 1532
f 1202 1533 1203
f 1202 1532 1533
f 1203 1534 1204
f 1203 1533 1534
f 1204 1535 1205
f 1204 1534 1535
f 1205 1536 1206
f 1205 1535 1536
f 1206 1537 1207
f 1206 1536 1537
f 1207 1538 1208
f 1207 1537 1538
f 1208 1539 1209
f 1208 1538 1539
f 1209 1540 1210
f 1209 1539 1540
f 1210 1541 1211
f 1210 1540 1541
f 1211 1542 1212
f 1211 1541 1542
f 1212 1543 1213
f 1212 1542 1543
f 1213 1544 1214
f 1213 1543 1544
f 1214 1545 1215
f 1214 1544 1545
f 1215 1546 1216
f 1215 1545 1546
f 1216 1547 1217
f 1216 1546 1547
f 1217 1548 1218
f 1217 1547 1548
f 1218 1549 1219
f 1218 1548 1549
f 1219 1550 1220
f 1219 1549 1550
f 1220 1551 1221
f 1220 1550 1551
f 1221 1552 1222
f 1221 1551 1552
f 1222 1553 1223
f 1222 1552 1553
f 1223 1554 1224
f 1223 1553 1554
f 1224 1555 1225
f 1224 1554 1555
f 1225 1556 1226
f 1225 1555 1556
f 1226 1557 1227
f 1226 1556 1557
f 1227 1558 1228
f 1227 1557 1558
f 1228 1559 1229
f 1228 1558 1559
f 1229 1560 1230
f 1229 1559 1560
f 1230 1561 1231
f 1230 1560 1561
f 1231 1562 1232
f 1231 1561 1562
f 1232 1563 1233
f 1232 1562 1563
f 1233 1564 1234
f 1233 1563 1564
f 1234 1565 1235
f 1234 1564 1565
f 1235 1566 1236
f 1235 1565 1566
f 1236 1567 1237
f 1236 1566 1567
f 1237 1568 1238
f 1237 1567 1568
f 1238 1569 1239
f 1238 1568 1569
f 1239 1570 1240
f 1239 1569 1570
f 1240 1571 1241
f 1240 1570 1571
f 1241 1572 1242
f 1241 1571 1572
f 1242 1573 1243
f 1242 1572 1573
f 1243 1574 1244
f 1243 1573 1574
f 1244 1575 1245
f 1244 1574 1575
f 1245 1576 1246
f 1245 1575 1576
f 1246 1577 1247
f 1246 1576 1577
f 1247 1578 1248
f 1247 1577 1578
f 1248 1579 1249
f 1248 1578 1579
f 1249 1580 1250
f 1249 1579 1580
f 1250 1581 1251
f 1250 1580 1581
f 1251 1582 1252
f 1251 1581 1582
f 1252 1583 1253
f 1252 1582 1583
f 1253 1584 1254
f 1253 1583 1584
f 1254 1585 1255
f 1254 1584 1585
f 1255 1586 1256
f 1255 1585 1586
f 1256 1587 1257
f 1256 1586 1587
f 1257 1588 1258
f 1257 1587 1588
f 1258 1589 1259
f 1258 1588 1589
f 1259 1590 1260
f 1259 1589 1590
f 1260 1591 1261
f 1260 1590 1591
f 1261 1592 1262
f 1261 1591 1592
f 1262 1593 1263
f 1262 1592 1593
f 1263 1594 1264
f 1263 1593 1594
f 1264 1595 1265
f 1264 1594 1595
f 1265 1596 1266
f 1265 1595 1596
f 1266 1597 1267
f 1266 1596 1597
f 1267 1598 1268
f 1267 1597 1598
f 1268 1599 1269
f 1268 1598 1599
f 1269 1600 1270
f 1269 1599 1600
f 1270 1601 1271
f 1270 1600 1601
f 1271 1602 1272
f 1271 1601 1602
f 1272 1603 1273
f 1272 1602 1603
f 1273 1604 1274
f 1273 1603 1604
f 1274 1605 1275
f 1274 1604 1605
f 1275 1606 1276
f 1275 1605 1606
f 1276 1607 1277
f 1276 1606 1607
f 1277 1608 1278
f 1277 1607 1608
f 1278 1609 1279
f 1278 1608 1609
f 1279 1610 1280
f 1279 1609 1610
f 1280 1611 1281
f 1280 1610 1611
f 1281 1612 1282
f 1281 1611 1612
f 1282 1613 1283
f 1282 1612 1613
f 1283 1614 1284
f 1283 1613 1614
f 1284 1615 1285
f 1284 1614 1615
f 1285 1616 1286
f 1285 1615 1616
f 1286 1617 1287
f 1286 1616 1617
f 1287 1618 1288
f 1287 1617 1618
f 1288 1619 1289
f 1288 1618 1619
f 1289 1620 1290
f 1289 1619 1620
f 1290 1621 1291
f 1290 1620 1621
f 1291 1622 1292
f 1291 1621 1622
f 1292 1623 1293
f 1292 1622 1623
f 1293 1624 1294
f 1293 1623 1624
f 1294 1625 1295
f 1294 1624 1625
f 1295 1626 1296
f 1295 1625 1626
f 1296 1627 1297
f 1296 1626 1627
f 1297 1628 1298
f 1297 1627 1628
f 1298 1629 1299
f 1298 1628 1629
f 1299 1630 1300
f 1299 1629 1630
f 1300 1631 1301
f 1300 1630 1631
f 1301 1632 1302
f 1301 1631 1632
f 1302 1633 1303
f 1302 1632 1633
f 1303 1634 1304
f 1303 1633 1634
f 1304 1635 1305
f 1304 1634 1635
f 1305 1636 1306
f 1305 1635 1636
f 1306 1637 1307
f 1306 1636 1637
f 1307 1638 1308
f 1307 1637 1638
f 1308 1639 1309
f 1308 1638 1639
f 1309 1640 1310
f 1309 1639 1640
f 1310 1641 1311
f 1310 1640 1641
f 1311 1642 1312
f 1311 1641 1642
f 1312 1643 1313
f 1312 1642 1643
f 1313 1644 1314
f 1313 1643 1644
f 1314 1645 1315
f 1314 1644 1645
f 1315 1646 1316
f 1315 1645 1646
f 1316 1647 1317
f 1316 1646 1647
f 1317 1648 1318
f 1317 1647 1648
f 1318 1649 1319
f 1318 1648 1649
f 1319 1650 1320
f 1319 1649 1650
f 1321 1652 1322
f 1321 1651 1652
f 1322 1653 1323
f 1322 1652 1653
f 1323 1654 1324
f 1323 1653 1654
f 1324 1655 1325
f 1324 1654 1655
f 1325 1656 1326
f 1325 1655 1656
f 1326 1657 1327
f 1326 1656 1657
f 1327 1658 1328
f 1327 1657 1658
f 1328 1659 1329
f 1328 1658 1659
f 1329 1660 1330
f 1329 1659 1660
f 1330 1661 1331
f 1330 1660 1661
f 1331 1662 1332
f 1331 1661 1662
f 1332 1663 1333
f 1332 1662 1663
f 1333 1664 1334
f 1333 1663 1664
f 1334 1665 1335
f 1334 1664 1665
f 1335 1666 1336
f 1335 1665 1666
f 1336 1667 1337
f 1336 1666 1667
f 1337 1668 1338
f 1337 1667 1668
f 1338 1669 1339
f 1338 1668 1669
f 1339 1670 1340
f 1339 1669 1670
f 1340 1671 1341
f 1340 1670 1671
f 1341 1672 1342
f 1341 1671 1672
f 1342 1673 1343
f 1342 1672 1673
f 1343 1674 1344
f 1343 1673 1674
f 1344 1675 1345
f 1344 1674 1675
f 1345 1676 1346
f 1345 1675 1676
f 1346 1677 1347
f 1346 1676 1677
f 1347 1678 1348
f 1347 1677 1678
f 1348 1679 1349
f 1348 1678 1679
f 1349 1680 1350
f 1349 1679 1680
f 1350 1681 1351
f 1350 1680 1681
f 1351 1682 1352
f 1351 1681 1682
f 1352 1683 1353
f 1352 1682 1683
f 1353 1684 1354
f 1353 1683 1684
f 1354 1685 1355
f 1354 1684 1685
f 1355 1686 1356
f 1355 1685 1686
f 1356 1687 1357
f 1356 1686 1687
f 1357 1688 1358
f 1357 1687 1688
f 1358 1689 1359
f 1358 1688 1689
f 1359 1690 1360
f 1359 1689 1690
f 1360 1691 1361
f 1360 1690 1691
f 1361 1692 1362
f 1361 1691 1692
f 1362 1693 1363
f 1362 1692 1693
f 1363 1694 1364
f 1363 1693 1694
f 1364 1695 1365
f 1364 1694 1695
f 1365 1696 1366
f 1365 1695 1696
f 1366 1697 1367
f 1366 1696 1697
f 1367 1698 1368
f 1367 1697 1698
f 1368 1699 1369
f 1368 1698 1699
f 1369 1700 1370
f 1369 1699 1700
f 1370 1701 1371
f 1370 1700 1701
f 1371 1702 1372
f 1371 1701 1702
f 1372 1703 1373
f 1372 1702 1703
f 1373 1704 1374
f 1373 1703 1704
f 1374 1705 1375
f 1374 1704 1705
f 1375 1706 1376
f 1375 1705 1706
f 1376 1707 1377
f 1376 1706 1707
f 1377 1708 1378
f 1377 1707 1708
f 1378 1709 1379
f 1378 1708 1709
f 1379 1710 1380
f 1379 1709 1710
f 1380 1711 1381
f 1380 1710 1711
f 1381 1712 1382
f 1381 1711 1712
f 1382 1713 1383
f 1382 1712 1713
f 1383 1714 1384
f 1383 1713 1714
f 1384 1715 1385
f 1384 1714 1715
f 1385 1716 1386
f 1385 1715 1716
f 1386 1717 1387
f 1386 1716 1717
f 1387 1718 1388
f 1387 1717 1718
f 1388 1719 1389
f 1388 1718 1719
f 1389 1720 1390
f 1389 1719 1720
f 1390 1721 1391
f 1390 1720 1721
f 1391 1722 1392
f 1391 1721 1722
f 1392 1723 1393
f 1392 1722 1723
f 1393 1724 1394
f 1393 1723 1724
f 1394 1725 1395
f 1394 1724 1725
f 1395 1726 1396
f 1395 1725 1726
f 1396 1727 1397
f 1396 1726 1727
f 1397 1728 1398
f 1397 1727 1728
f 1398 1729 1399
f 1398 1728 1729
f 1399 1730 1400
f 1399 1729 1730
f 1400 1731 1401
f 1400 1730 1731
f 1401 1732 1402
f 1401 1731 1732
f 1402 1733 1403
f 1402 1732 1733
f 1403 1734 1404
f 1403 1733 1734
f 1404 1735 1405
f 1404 1734 1735
f 1405 1736 1406
f 1405 1735 1736
f 1406 1737 1407
f 1406 1736 1737
f 1407 1738 1408
f 1407 1737 1738
f 1408 1739 1409
f 1408 1738 1739
f 1409 1740 1410
f 1409 1739 1740
f 1410 1741 1411
f 1410 1740 1741
f 1411 1742 1412
f 1411 1741 1742
f 1412 1743 1413
f 1412 1742 1743
f 1413 1744 1414
f 1413 1743 1744
f 1414 1745 1415
f 1414 1744 1745
f 1415 1746 1416
f 1415 1745 1746
f 1416 1747 1417
f 1416 1746 1747
f 1417 1748 1418
f 1417 1747 1748
f 1418 1749 1419
f 1418 1748 1749
f 1419 1750 1420
f 1419 1749 1750
f 1420 1751 1421
f 1420 1750 1751
f 1421 1752 1422
f 1421 1751 1752
f 1422 1753 1423
f 1422 1752 1753
f 1423 1754 1424
f 1423 1753 1754
f 1424 1755 1425
f 1424 1754 1755
f 1425 1756 1426
f 1425 1755 1756
f 1426 1757 1427
f 1426 1756 1757
f 1427 1758 1428
f 1427 1757 1758
f 1428 1759 1429
f 1428 1758 1759
f 1429 1760 1430
f 1429 1759 1760
f 1430 1761 1431
f 1430 1760 1761
f 1431 1762 1432
f 1431 1761 1762
f 1432 1763 1433
f 1432 1762 1763
f 1433 1764 1434
f 1433 1763 1764
f 1434 1765 1435
f 1434 1764 1765
f 1435 1766 1436
f 1435 1765 1766
f 1436 1767 1437
f 1436 1766 1767
f 1437 1768 1438
f 1437 1767 1768
f 1438 1769 1439
f 1438 1768 1769
f 1439 1770 1440
f 1439 1769 1770
f 1440 1771 1441
f 1440 1770 1771
f 1441 1772 1442
f 1441 1771 1772
f 1442 1773 1443
f 1442 1772 1773
f 1443 1774 1444
f 1443 1773 1774
f 1444 1775 1445
f 1444 1774 1775
f 1445 1776 1446
f 1445 1775 1776
f 1446 1777 1447
f 1446 1776 1777
f 1447 1778 1448
f 1447 1777 1778
f 1448 1779 1449
f 1448 1778 1779
f 1449 1780 1450
f 1449 1779 1780
f 1450 1781 1451
f 1450 1780 1781
f 1451 1782 1452
f 1451 1781 1782
f 1452 1783 1453
f 1452 1782 1783
f 1453 1784 1454
f 1453 1783 1784
f 1454 1785 1455
f 1454 1784 1785
f 1455 1786 1456
f 1455 1785 1786
f 1456 1787 1457
f 1456 1786 1787
f 1457 1788 1458
f 1457 1787 1788
f 1458 1789 1459
f 1458 1788 1789
f 1459 1790 1460
f 1459 1789 1790
f 1460 1791 1461
f 1460 1790 1791
f 1461 1792 1462
f 1461 1791 1792
f 1462 1793 1463
f 1462 1792 1793
f 1463 1794 1464
f 1463 1793 1794
f 1464 1795 1465
f 1464 1794 1795
f 1465 1796 1466
f 1465 1795 1796
f 1466 1797 1467
f 1466 1796 1797
f 1467 1798 1468
f 1467 1797 1798
f 1468 1799 1469
f 1468 1798 1799
f 1469 1800 1470
f 1469 1799 1800
f 1470 1801 1471
f 1470 1800 1801
f 1471 1802 1472
f 1471 1801 1802
f 1472 1803 1473
f 1472 1802 1803
f 1473 1804 1474
f 1473 1803 1804
f 1474 1805 1475
f 1474 1804 1805
f 1475 1806 1476
f 1475 1805 1806
f 1476 1807 1477
f 1476 1806 1807
f 1477 1808 1478
f 1477 1807 1808
f 1478 1809 1479
f 1478 1808 1809
f 1479 1810 1480
f 1479 1809 1810
f 1480 1811 1481
f 1480 1810 1811
f 1481 1812 1482
f 1481 1811 1812
f 1482 1813 1483
f 1482 1812 1813
f 1483 1814 1484
f 1483 1813 1814
f 1484 1815 1485
f 1484 1814 1815
f 1485 1816 1486
f 1485 1815 1816
f 1486 1817 1487
f 1486 1816 1817
f 1487 1818 1488
f 1487 1817 1818
f 1488 1819 1489
f 1488 1818 1819
f 1489 1820 1490
f 1489 1819 1820
f 1490 1821 1491
f 1490 1820 1821
f 1491 1822 1492
f 1491 1821 1822
f 1492 1823 1493
f 1492 1822 1823
f 1493 1824 1494
f 1493 1823 1824
f 1494 1825 1495
f 1494 1824 1825
f 1495 1826 1496
f 1495 1825 1826
f 1496 1827 1497
f 1496 1826 1827
f 1497 1828 1498
f 1497 1827 1828
f 1498 1829 1499
f 1498 1828 1829
f 1499 1830 1500
f 1499 1829 1830
f 1500 1831 1501
f 1500 1830 1831
f 1501 1832 1502
f 1501 1831 1832
f 1502 1833 1503
f 1502 1832 1833
f 1503 1834 1504
f 1503 1833 1834
f 1504 1835 1505
f 1504 1834 1835
f 1505 1836 1506
f 1505 1835 1836
f 1506 1837 1507
f 1506 1836 1837
f 1507 1838 1508
f 1507 1837 1838
f 1508 1839 1509
f 1508 1838 1839
f 1509 1840 1510
f 1509 1839 1840
f 1510 1841 1511
f 1510 1840 1841
f 1511 1842 1512
f 1511 1841 1842
f 1512 1843 1513
f 1512 1842 1843
f 1513 1844 1514
f 1513 1843 1844
f 1514 1845 1515
f 1514 1844 1845
f 1515 1846 1516
f 1515 1845 1846
f 1516 1847 1517
f 1516 1846 1847
f 1517 1848 1518
f 1517 1847 1848
f 1518 1849 1519
f 1518 1848 1849
f 1519 1850 1520
f 1519 1849 1850
f 1520 1851 1521
f 1520 1850 1851
f 1521 1852 1522
f 1521 1851 1852
f 1522 1853 1523
f 1522 1852 1853
f 1523 1854 1524
f 1523 1853 1854
f 1524 1855 1525
f 1524 1854 1855
f 1525 1856 1526
f 1525 1855 1856
f 1526 1857 1527
f 1526 1856 1857
f 1527 1858 1528
f 1527 1857 1858
f 1528 1859 1529
f 1528 1858 1859
f 1529 1860 1530
f 1529 1859 1860
f 1530 1861 1531
f 1530 1860 1861
f 1531 1862 1532
f 1531 1861 1862
f 1532 1863 1533
f 1532 1862 1863
f 1533 1864 1534
f 1533 1863 1864
f 1534 1865 1535
f 1534 1864 1865
f 1535 1866 1536
f 1535 1865 1866
f 1536 1867 1537
f 1536 1866 1867
f 1537 1868 1538
f 1537 1867 1868
f 1538 1869 1539
f 1538 1868 1869
f 1539 1870 1540
f 1539 1869 1870
f 1540 1871 1541
f 1540 1870 1871
f 1541 1872 1542
f 1541 1871 1872
f 1542 1873 1543
f 1542 1872 1873
f 1543 1874 1544
f 1543 1873 1874
f 1544 1875 1545
f 1544 1874 1875
f 1545 1876 1546
f 1545 1875 1876
f 1546 1877 1547
f 1546 1876 1877
f 1547 1878 1548
f 1547 1877 1878
f 1548 1879 1549
f 1548 1878 1879
f 1549 1880 1550
f 1549 1879 1880
f 1550 1881 1551
f 1550 1880 1881
f 1551 1882 1552
f 1551 1881 1882
f 1552 1883 1553
f 1552 1882 1883
f 1553 1884 1554
f 1553 1883 1884
f 1554 1885 1555
f 1554 1884 1885
f 1555 1886 1556
f 1555 1885 1886
f 1556 1887 1557
f 1556 1886 1887
f 1557 1888 1558
f 1557 1887 1888
f 1558 1889 1559
f 1558 1888 1889
f 1559 1890 1560
f 1559 1889 1890
f 1560 1891 1561
f 1560 1890 1891
f 1561 1892 1562
f 1561 1891 1892
f 1562 1893 1563
f 1562 1892 1893
f 1563 1894 1564
f 1563 1893 1894
f 1564 1895 1565
f 1564 1894 1895
f 1565 1896 1566
f 1565 1895 1896
f 1566 1897 1567
f 1566 1896 1897
f 1567 1898 1568
f 1567 1897 1898
f 1568 1899 1569
f 1568 1898 1899
f 1569 1900 1570
f 1569 1899 1900
f 1570 1901 1571
f 1570 1900 1901
f 1571 1902 1572
f 1571 1901 1902
f 1572 1903 1573
f 1572 1902 1903
f 1573 1904 1574
f 1573 1903 1904
f 1574 1905 1575
f 1574 1904 1905
f 1575 1906 1576
f 1575 1905 1906
f 1576 1907 1577
f 1576 1906 1907
f 1577 1908 1578
f 1577 1907 1908
f 1578 1909 1579
f 1578 1908 1909
f 1579 1910 1580
f 1579 1909 1910
f 1580 1911 1581
f 1580 1910 1911
f 1581 1912 1582
f 1581 1911 1912
f 1582 1913 1583
f 1582 1912 1913
f 1583 1914 1584
f 1583 1913 1914
f 1584 1915 1585
f 1584 1914 1915
f 1585 1916 1586
f 1585 1915 1916
f 1586 1917 1587
f 1586 1916 1917
f 1587 1918 1588
f 1587 1917 1918
f 1588 1919 1589
f 1588 1918 1919
f 1589 1920 1590
f 1589 1919 1920
f 1590 1921 1591
f 1590 1920 1921
f 1591 1922 1592
f 1591 1921 1922
f 1592 1923 1593
f 1592 1922 1923
f 1593 1924 1594
f 1593 1923 1924
f 1594 1925 1595
f 1594 1924 1925
f 1595 1926 1596
f 1595 1925 1926
f 1596 1927 1597
f 1596 1926 1927
f 1597 1928 1598
f 1597 1927 1928
f 1598 1929 1599
f 1598 1928 1929
f 1599 1930 1600
f 1599 1929 1930
f 1600 1931 1601
f 1600 1930 1931
f 1601 1932 1602
f 1601 1931 1932
f 1602 1933 1603
f 1602 1932 1933
f 1603 1934 1604
f 1603 1933 1934
f 1604 1935 1605
f 1604 1934 1935
f 1605 1936 1606
f 1605 1935 1936
f 1606 1937 1607
f 1606 1936 1937
f 1607 1938 1608
f 1607 1937 1938
f 1608 1939 1609
f 1608 1938 1939
f 1609 1940 1610
f 1609 1939 1940
f 1610 1941 1611
f 1610 1940 1941
f 1611 1942 1612
f 1611 1941 1942
f 1612 1943 1613
f 1612 1942 1943
f 1613 1944 1614
f 1613 1943 1944
f 1614 1945 1615
f 1614 1944 1945
f 1615 1946 1616
f 1615 1945 1946
f 1616 1947 1617
f 1616 1946 1947
f 1617 1948 1618
f 1617 1947 1948
f 1618 1949 1619
f 1618 1948 1949
f 1619 1950 1620
f 1619 1949 1950
f 1620 1951 1621
f 1620 1950 1951
f 1621 1952 1622
f 1621 1951 1952
f 1622 1953 1623
f 1622 1952 1953
f 1623 1954 1624
f 1623 1953 1954
f 1624 1955 1625
f 1624 1954 1955
f 1625 1956 1626
f 1625 1955 1956
f 1626 1957 1627
f 1626 1956 1957
f 1627 1958 1628
f 1627 1957 1958
f 1628 1959 1629
f 1628 1958 1959
f 1629 1960 1630
f 1629 1959 1960
f 1630 1961 1631
f 1630 1960 1961
f 1631 1962 1632
f 1631 1961 1962
f 1632 1963 1633
f 1632 1962 1963
f 1633 1964 1634
f 1633 1963 1964
f 1634 1965 1635
f 1634 1964 1965
f 1635 1966 1636
f 1635 1965 1966
f 1636 1967 1637
f 1636 1966 1967
f 1637 1968 1638
f 1637 1967 1968
f 1638 1969 1639
f 1638 1968 1969
f 1639 1970 1640
f 1639 1969 1970
f 1640 1971 1641
f 1640 1970 1971
f 1641 1972 1642
f 1641 1971 1972
f 1642 1973 1643
f 1642 1972 1973
f 1643 1974 1644
f 1643 1973 1974
f 1644 1975 1645
f 1644 1974 1975
f 1645 1976 1646
f 1645 1975 1976
f 1646 1977 1647
f 1646 1976 1977
f 1647 1978 1648
f 1647 1977 1978
f 1648 1979 1649
f 1648 1978 1979
f 1649 1980 1650
f 1649 1979 1980
f 1651 1982 1652
f 1651 1981 1982
f 1652 1983 1653
f 1652 1982 1983
f 1653 1984 1654
f 1653 1983 1984
f 1654 1985 1655
f 1654 1984 1985
f 1655 1986 1656
f 1655 1985 1986
f 1656 1987 1657
f 1656 1986 1987
f 1657 1988 1658
f 1657 1987 1988
f 1658 1989 1659
f 1658 1988 1989
f 1659 1990 1660
f 1659 1989 1990
f 1660 1991 1661
f 1660 1990 1991
f 1661 1992 1662
f 1661 1991 1992
f 1662 1993 1663
f 1662 1992 1993
f 1663 1994 1664
f 1663 1993 1994
f 1664 1995 1665
f 1664 1994 1995
f 1665 1996 1666
f 1665 1995 1996
f 1666 1997 1667
f 1666 1996 1997
f 1667 1998 1668
f 1667 1997 1998
f 1668 1999 1669
f 1668 1998 1999
f 1669 2000 1670
f 1669 1999 2000
f 1670 2001 1671
f 1670 2000 2001
f 1671 2002 1672
f 1671 2001 2002
f 1672 2003 1673
f 1672 2002 2003
f 1673 2004 1674
f 1673 2003 2004
f 1674 2005 1675
f 1674 2004 2005
f 1675 2006 1676
f 1675 2005 2006
f 1676 2007 1677
f 1676 2006 2007
f 1677 2008 1678
f 1677 2007 2008
f 1678 2009 1679
f 1678 2008 2009
f 1679 2010 1680
f 1679 2009 2010
f 1680 2011 1681
f 1680 2010 2011
f 1681 2012 1682
f 1681 2011 2012
f 1682 2013 1683
f 1682 2012 2013
f 1683 2014 1684
f 1683 2013 2014
f 1684 2015 1685
f 1684 2014 2015
f 1685 2016 1686
f 1685 2015 2016
f 1686 2017 1687
f 1686 2016 2017
f 1687 2018 1688
f 1687 2017 2018
f 1688 2019 1689
f 1688 2018 2019
f 1689 2020 1690
f 1689 2019 2020
f 1690 2021 1691
f 1690 2020 2021
f 1691 2022 1692
f 1691 2021 2022
f 1692 2023 1693
f 1692 2022 2023
f 1693 2024 1694
f 1693 2023 2024
f 1694 2025 1695
f 1694 2024 2025
f 1695 2026 1696
f 1695 2025 2026
f 1696 2027 1697
f 1696 2026 2027
f 1697 2028 1698
f 1697 2027 2028
f 1698 2029 1699
f 1698 2028 2029
f 1699 2030 1700
f 1699 2029 2030
f 1700 2031 1701
f 1700 2030 2031
f 1701 2032 1702
f 1701 2031 2032
f 1702 2033 1703
f 1702 2032 2033
f 1703 2034 1704
f 1703 2033 2034
f 1704 2035 1705
f 1704 2034 2035
f 1705 2036 1706
f 1705 2035 2036
f 1706 2037 1707
f 1706 2036 2037
f 1707 2038 1708
f 1707 2037 2038
f 1708 2039 1709
f 1708 2038 2039
f 1709 2040 1710
f 1709 2039 2040
f 1710 2041 1711
f 1710 2040 2041
f 1711 2042 1712
f 1711 2041 2042
f 1712 2043 1713
f 1712 2042 2043
f 1713 2044 1714
f 1713 2043 2044
f 1714 2045 1715
f 1714 2044 2045
f 1715 2046 1716
f 1715 2045 2046
f 1716 2047 1717
f 1716 2046 2047
f 1717 2048 1718
f 1717 2047 2048
f 1718 2049 1719
f 1718 2048 2049
f 1719 2050 1720
f 1719 2049 2050
f 1720 2051 1721
f 1720 2050 2051
f 1721 2052 1722
f 1721 2051 2052
f 1722 2053 1723
f 1722 2052 2053
f 1723 2054 1724
f 1723 2053 2054
f 1724 2055 1725
f 1724 2054 2055
f 1725 2056 1726
f 1725 2055 2056
f 1726 2057 1727
f 1726 2056 2057
f 1727 2058 1728
f 1727 2057 2058
f 1728 2059 1729
f 1728 2058 2059
f 1729 2060 1730
f 1729 2059 2060
f 1730 2061 1731
f 1730 2060 2061
f 1731 2062 1732
f 1731 2061 2062
f 1732 2063 1733
f 1732 2062 2063
f 1733 2064 1734
f 1733 2063 2064
f 1734 2065 1735
f 1734 2064 2065
f 1735 2066 1736
f 1735 2065 2066
f 1736 2067 1737
f 1736 2066 2067
f 1737 2068 1738
f 1737 2067 2068
f 1738 2069 1739
f 1738 2068 2069
f 1739 2070 1740
f 1739 2069 2070
f 1740 2071 1741
f 1740 2070 2071
f 1741 2072 1742
f 1741 2071 2072
f 1742 2073 1743
f 1742 2072 2073
f 1743 2074 1744
f 1743 2073 2074
f 1744 2075 1745
f 1744 2074 2075
f 1745 2076 1746
f 1745 2075 2076
f 1746 2077 1747
f 1746 2076 2077
f 1747 2078 1748
f 1747 2077 2078
f 1748 2079 1749
f 1748 2078 2079
f 1749 2080 1750
f 1749 2079 2080
f 1750 2081 1751
f 1750 2080 2081
f 1751 2082 1752
f 1751 2081 2082
f 1752 2083 1753
f 1752 2082 2083
f 1753 2084 1754
f 1753 2083 2084
f 1754 2085 1755
f 1754 2084 2085
f 1755 2086 1756
f 1755 2085 2086
f 1756 2087 1757
f 1756 2086 2087
f 1757 2088 1758
f 1757 2087 2088
f 1758 2089 1759
f 1758 2088 2089
f 1759 2090 1760
f 1759 2089 2090
f 1760 2091 1761
f 1760 2090 2091
f 1761 2092 1762
f 1761 2091 2092
f 1762 2093 1763
f 1762 2092 2093
f 1763 2094 1764
f 1763 2093 2094
f 1764 2095 1765
f 1764 2094 2095
f 1765 2096 1766
f 1765 2095 2096
f 1766 2097 1767
f 1766 2096 2097
f 1767 2098 1768
f 1767 2097 2098
f 1768 2099 1769
f 1768 2098 2099
f 1769 2100 1770
f 1769 2099 2100
f 1770 2101 1771
f 1770 2100 2101
f 1771 2102 1772
f 1771 2101 2102
f 1772 2103 1773
f 1772 2102 2103
f 1773 2104 1774
f 1773 2103 2104
f 1774 2105 1775
f 1774 2104 2105
f 1775 2106 1776
f 1775 2105 2106
f 1776 2107 1777
f 1776 2106 2107
f 1777 2108 1778
f 1777 2107 2108
f 1778 2109 1779
f 1778 2108 2109
f 1779 2110 1780
f 1779 2109 2110
f 1780 2111 1781
f 1780 2110 2111
f 1781 2112 1782
f 1781 2111 2112
f 1782 2113 1783
f 1782 2112 2113
f 1783 2114 1784
f 1783 2113 2114
f 1784 2115 1785
f 1784 2114 2115
f 1785 2116 1786
f 1785 2115 2116
f 1786 2117 1787
f 1786 2116 2117
f 1787 2118 1788
f 1787 2117 2118
f 1788 2119 1789
f 1788 2118 2119
f 1789 2120 1790
f 1789 2119 2120
f 1790 2121 1791
f 1790 2120 2121
f 1791 2122 1792
f 1791 2121 2122
f 1792 2123 1793
f 1792 2122 2123
f 1793 2124 1794
f 1793 2123 2124
f 1794 2125 1795
f 1794 2124 2125
f 1795 2126 1796
f 1795 2125 2126
f 1796 2127 1797
f 1796 2126 2127
f 1797 2128 1798
f 1797 2127 2128
f 1798 2129 1799
f 1798 2128 2129
f 1799 2130 1800
f 1799 2129 2130
f 1800 2131 1801
f 1800 2130 2131
f 1801 2132 1802
f 1801 2131 2132
f 1802 2133 1803
f 1802 2132 2133
f 1803 2134 1804
f 1803 2133 2134
f 1804 2135 1805
f 1804 2134 2135
f 1805 2136 1806
f 1805 2135 2136
f 1806 2137 1807
f 1806 2136 2137
f 1807 2138 1808
f 1807 2137 2138
f 1808 2139 1809
f 1808 2138 2139
f 1809 2140 1810
f 1809 2139 2140
f 1810 2141 1811
f 1810 2140 2141
f 1811 2142 1812
f 1811 2141 2142
f 1812 2143 1813
f 1812 2142 2143
f 1813 2144 1814
f 1813 2143 2144
f 1814 2145 1815
f 1814 2144 2145
f 1815 2146 1816
f 1815 2145 2146
f 1816 2147 1817
f 1816 2146 2147
f 1817 2148 1818
f 1817 2147 2148
f 1818 2149 1819
f 1818 2148 2149
f 1819 2150 1820
f 1819 2149 2150
f 1820 2151 1821
f 1820 2150 2151
f 1821 2152 1822
f 1821 2151 2152
f 1822 2153 1823
f 1822 2152 2153
f 1823 2154 1824
f 1823 2153 2154
f 1824 2155 1825
f 1824 2154 2155
f 1825 2156 1826
f 1825 2155 2156
f 1826 2157 1827
f 1826 2156 2157
f 1827 2158 1828
f 1827 2157 2158
f 1828 2159 1829
f 1828 2158 2159
f 1829 2160 1830
f 1829 2159 2160
f 1830 2161 1831
f 1830 2160 2161
f 1831 2162 1832
f 1831 2161 2162
f 1832 2163 1833
f 1832 2162 2163
f 1833 2164 1834
f 1833 2163 2164
f 1834 2165 1835
f 1834 2164 2165
f 1835 2166 1836
f 1835 2165 2166
f 1836 2167 1837
f 1836 2166 2167
f 1837 2168 1838
f 1837 2167 2168
f 1838 2169 1839
f 1838 2168 2169
f 1839 2170 1840
f 1839 2169 2170
f 1840 2171 1841
f 1840 2170 2171
f 1841 2172 1842
f 1841 2171 2172
f 1842 2173 1843
f 1842 2172 2173
f 1843 2174 1844
f 1843 2173 2174
f 1844 2175 1845
f 1844 2174 2175
f 1845 2176 1846
f 1845 2175 2176
f 1846 2177 1847
f 1846 2176 2177
f 1847 2178 1848
f 1847 2177 2178
f 1848 2179 1849
f 1848 2178 2179
f 1849 2180 1850
f 1849 2179 2180
f 1850 2181 1851
f 1850 2180 2181
f 1851 2182 1852
f 1851 2181 2182
f 1852 2183 1853
f 1852 2182 2183
f 1853 2184 1854
f 1853 2183 2184
f 1854 2185 1855
f 1854 2184 2185
f 1855 2186 1856
f 1855 2185 2186
f 1856 2187 1857
f 1856 2186 2187
f 1857 2188 1858
f 1857 2187 2188
f 1858 2189 1859
f 1858 2188 2189
f 1859 2190 1860
f 1859 2189 2190
f 1860 2191 1861
f 1860 2190 2191
f 1861 2192 1862
f 1861 2191 2192
f 1862 2193 1863
f 1862 2192 2193
f 1863 2194 1864
f 1863 2193 2194
f 1864 2195 1865
f 1864 2194 2195
f 1865 2196 1866
f 1865 2195 2196
f 1866 2197 1867
f 1866 2196 2197
f 1867 2198 1868
f 1867 2197 2198
f 1868 2199 1869
f 1868 2198 2199
f 1869 2200 1870
f 1869 2199 2200
f 1870 2201 1871
f 1870 2200 2201
f 1871 2202 1872
f 1871 2201 2202
f 1872 2203 1873
f 1872 2202 2203
f 1873 2204 1874
f 1873 2203 2204
f 1874 2205 1875
f 1874 2204 2205
f 1875 2206 1876
f 1875 2205 2206
f 1876 2207 1877
f 1876 2206 2207
f 1877 2208 1878
f 1877 2207 2208
f 1878 2209 1879
f 1878 2208 2209
f 1879 2210 1880
f 1879 2209 2210
f 1880 2211 1881
f 1880 2210 2211
f 1881 2212 1882
f 1881 2211 2212
f 1882 2213 1883
f 1882 2212 2213
f 1883 2214 1884
f 1883 2213 2214
f 1884 2215 1885
f 1884 2214 2215
f 1885 2216 1886
f 1885 2215 2216
f 1886 2217 1887
f 1886 2216 2217
f 1887 2218 1888
f 1887 2217 2218
f 1888 2219 1889
f 1888 2218 2219
f 1889 2220 1890
f 1889 2219 2220
f 1890 2221 1891
f 1890 2220 2221
f 1891 2222 1892
f 1891 2221 2222
f 1892 2223 1893
f 1892 2222 2223
f 1893 2224 1894
f 1893 2223 2224
f 1894 2225 1895
f 1894 2224 2225
f 1895 2226 1896
f 1895 2225 2226
f 1896 2227 1897
f 1896 2226 2227
f 1897 2228 1898
f 1897 2227 2228
f 1898 2229 1899
f 1898 2228 2229
f 1899 2230 1900
f 1899 2229 2230
f 1900 2231 1901
f 1900 2230 2231
f 1901 2232 1902
f 1901 2231 2232
f 1902 2233 1903
f 1902 2232 2233
f 1903 2234 1904
f 1903 2233 2234
f 1904 2235 1905
f 1904 2234 2235
f 1905 2236 1906
f 1905 2235 2236
f 1906 2237 1907
f 1906 2236 2237
f 1907 2238 1908
f 1907 2237 2238
f 1908 2239 1909
f 1908 2238 2239
f 1909 2240 1910
f 1909 2239 2240
f 1910 2241 1911
f 1910 2240 2241
f 1911 2242 1912
f 1911 2241 2242
f 1912 2243 1913
f 1912 2242 2243
f 1913 2244 1914
f 1913 2243 2244
f 1914 2245 1915
f 1914 2244 2245
f 1915 2246 1916
f 1915 2245 2246
f 1916 2247 1917
f 1916 2246 2247
f 1917 2248 1918
f 1917 2247 2248
f 1918 2249 1919
f 1918 2248 2249
f 1919 2250 1920
f 1919 2249 2250
f 1920 2251 1921
f 1920 2250 2251
f 1921 2252 1922
f 1921 2251 2252
f 1922 2253 1923
f 1922 2252 2253
f 1923 2254 1924
f 1923 2253 2254
f 1924 2255 1925
f 1924 2254 2255
f 1925 2256 1926
f 1925 2255 2256
f 1926 2257 1927
f 1926 2256 2257
f 1927 2258 1928
f 1927 2257 2258
f 1928 2259 1929
f 1928 2258 2259
f 1929 2260 1930
f 1929 2259 2260
f 1930 2261 1931
f 1930 2260 2261
f 1931 2262 1932
f 1931 2261 2262
f 1932 2263 1933
f 1932 2262 2263
f 1933 2264 1934
f 1933 2263 2264
f 1934 2265 1935
f 1934 2264 2265
f 1935 2266 1936
f 1935 2265 2266
f 1936 2267 1937
f 1936 2266 2267
f 1937 2268 1938
f 1937 2267 2268
f 1938 2269 1939
f 1938 2268 2269
f 1939 2270 1940
f 1939 2269 2270
f 1940 2271 1941
f 1940 2270 2271
f 1941 2272 1942
f 1941 2271 2272
f 1942 2273 1943
f 1942 2272 2273
f 1943 2274 1944
f 1943 2273 2274
f 1944 2275 1945
f 1944 2274 2275
f 1945 2276 1946
f 1945 2275 2276
f 1946 2277 1947
f 1946 2276 2277
f 1947 2278 1948
f 1947 2277 2278
f 1948 2279 1949
f 1948 2278 2279
f 1949 2280 1950
f 1949 2279 2280
f 1950 2281 1951
f 1950 2280 2281
f 1951 2282 1952
f 1951 2281 2282
f 1952 2283 1953
f 1952 2282 2283
f 1953 2284 1954
f 1953 2283 2284
f 1954 2285 1955
f 1954 2284 2285
f 1955 2286 1956
f 1955 2285 2286
f 1956 2287 1957
f 1956 2286 2287
f 1957 2288 1958
f 1957 2287 2288
f 1958 2289 1959
f 1958 2288 2289
f 1959 2290 1960
f 1959 2289 2290
f 1960 2291 1961
f 1960 2290 2291
f 1961 2292 1962
f 1961 2291 2292
f 1962 2293 1963
f 1962 2292 2293
f 1963 2294 1964
f 1963 2293 2294
f 1964 2295 1965
f 1964 2294 2295
f 1965 2296 1966
f 1965 2295 2296
f 1966 2297 1967
f 1966 2296 2297
f 1967 2298 1968
f 1967 2297 2298
f 1968 2299 1969
f 1968 2298 2299
f 1969 2300 1970
f 1969 2299 2300
f 1970 2301 1971
f 1970 2300 2301
f 1971 2302 1972
f 1971 2301 2302
f 1972 2303 1973
f 1972 2302 2303
f 1973 2304 1974
f 1973 2303 2304
f 1974 2305 1975
f 1974 2304 2305
f 1975 2306 1976
f 1975 2305 2306
f 1976 2307 1977
f 1976 2306 2307
f 1977 2308 1978
f 1977 2307 2308
f 1978 2309 1979
f 1978 2308 2309
f 1979 2310 1980
f 1979 2309 2310
f 1981 2312 1982
f 1981 2311 2312
f 1982 2313 1983
f 1982 2312 2313
f 1983 2314 1984
f 1983 2313 2314
f 1984 2315 1985
f 1984 2314 2315
f 1985 2316 1986
f 1985 2315 2316
f 1986 2317 1987
f 1986 2316 2317
f 1987 2318 1988
f 1987 2317 2318
f 1988 2319 1989
f 1988 2318 2319
f 1989 2320 1990
f 1989 2319 2320
f 1990 2321 1991
f 1990 2320 2321
f 1991 2322 1992
f 1991 2321 2322
f 1992 2323 1993
f 1992 2322 2323
f 1993 2324 1994
f 1993 2323 2324
f 1994 2325 1995
f 1994 2324 2325
f 1995 2326 1996
f 1995 2325 2326
f 1996 2327 1997
f 1996 2326 2327
f 1997 2328 1998
f 1997 2327 2328
f 1998 2329 1999
f 1998 2328 2329
f 1999 2330 2000
f 1999 2329 2330
f 2000 2331 2001
f 2000 2330 2331
f 2001 2332 2002
f 2001 2331 2332
f 2002 2333 2003
f 2002 2332 2333
f 2003 2334 2004
f 2003 2333 2334
f 2004 2335 2005
f 2004 2334 2335
f 2005 2336 2006
f 2005 2335 2336
f 2006 2337 2007
f 2006 2336 2337
f 2007 2338 2008
f 2007 2337 2338
f 2008 2339 2009
f 2008 2338 2339
f 2009 2340 2010
f 2009 2339 2340
f 2010 2341 2011
f 2010 2340 2341
f 2011 2342 2012
f 2011 2341 2342
f 2012 2343 2013
f 2012 2342 2343
f 2013 2344 2014
f 2013 2343 2344
f 2014 2345 2015
f 2014 2344 2345
f 2015 2346 2016
f 2015 2345 2346
f 2016 2347 2017
f 2016 2346 2347
f 2017 2348 2018
f 2017 2347 2348
f 2018 2349 2019
f 2018 2348 2349
f 2019 2350 2020
f 2019 2349 2350
f 2020 2351 2021
f 2020 2350 2351
f 2021 2352 2022
f 2021 2351 2352
f 2022 2353 2023
f 2022 2352 2353
f 2023 2354 2024
f 2023 2353 2354
f 2024 2355 2025
f 2024 2354 2355
f 2025 2356 2026
f 2025 2355 2356
f 2026 2357 2027
f 2026 2356 2357
f 2027 2358 2028
f 2027 2357 2358
f 2028 2359 2029
f 2028 2358 2359
f 2029 2360 2030
f 2029 2359 2360
f 2030 2361 2031
f 2030 2360 2361
f 2031 2362 2032
f 2031 2361 2362
f 2032 2363 2033
f 2032 2362 2363
f 2033 2364 2034
f 2033 2363 2364
f 2034 2365 2035
f 2034 2364 2365
f 2035 2366 2036
f 2035 2365 2366
f 2036 2367 2037
f 2036 2366 2367
f 2037 2368 2038
f 2037 2367 2368
f 2038 2369 2039
f 2038 2368 2369
f 2039 2370 2040
f 2039 2369 2370
f 2040 2371 2041
f 2040 2370 2371
f 2041 2372 2042
f 2041 2371 2372
f 2042 2373 2043
f 2042 2372 2373
f 2043 2374 2044
f 2043 2373 2374
f 2044 2375 2045
f 2044 2374 2375
f 2045 2376 2046
f 2045 2375 2376
f 2046 2377 2047
f 2046 2376 2377
f 2047 2378 2048
f 2047 2377 2378
f 2048 2379 2049
f 2048 2378 2379
f 2049 2380 2050
f 2049 2379 2380
f 2050 2381 2051
f 2050 2380 2381
f 2051 2382 2052
f 2051 2381 2382
f 2052 2383 2053
f 2052 2382 2383
f 2053 2384 2054
f 2053 2383 2384
f 2054 2385 2055
f 2054 2384 2385
f 2055 2386 2056
f 2055 2385 2386
f 2056 2387 2057
f 2056 2386 2387
f 2057 2388 2058
f 2057 2387 2388
f 2058 2389 2059
f 2058 2388 2389
f 2059 2390 2060
f 2059 2389 2390
f 2060 2391 2061
f 2060 2390 2391
f 2061 2392 2062
f 2061 2391 2392
f 2062 2393 2063
f 2062 2392 2393
f 2063 2394 2064
f 2063 2393 2394
f 2064 2395 2065
f 2064 2394 2395
f 2065 2396 2066
f 2065 2395 2396
f 2066 2397 2067
f 2066 2396 2397
f 2067 2398 2068
f 2067 2397 2398
f 2068 2399 2069
f 2068 2398 2399
f 2069 2400 2070
f 2069 2399 2400
f 2070 2401 2071
f 2070 2400 2401
f 2071 2402 2072
f 2071 2401 2402
f 2072 2403 2073
f 2072 2402 2403
f 2073 2404 2074
f 2073 2403 2404
f 2074 2405 2075
f 2074 2404 2405
f 2075 2406 2076
f 2075 2405 2406
f 2076 2407 2077
f 2076 2406 2407
f 2077 2408 2078
f 2077 2407 2408
f 2078 2409 2079
f 2078 2408 2409
f 2079 2410 2080
f 2079 2409 2410
f 2080 2411 2081
f 2080 2410 2411
f 2081 2412 2082
f 2081 2411 2412
f 2082 2413 2083
f 2082 2412 2413
f 2083 2414 2084
f 2083 2413 2414
f 2084 2415 2085
f 2084 2414 2415
f 2085 2416 2086
f 2085 2415 2416
f 2086 2417 2087
f 2086 2416 2417
f 2087 2418 2088
f 2087 2417 2418
f 2088 2419 2089
f 2088 2418 2419
f 2089 2420 2090
f 2089 2419 2420
f 2090 2421 2091
f 2090 2420 2421
f 2091 2422 2092
f 2091 2421 2422
f 2092 2423 2093
f 2092 2422 2423
f 2093 2424 2094
f 2093 2423 2424
f 2094 2425 2095
f 2094 2424 2425
f 2095 2426 2096
f 2095 2425 2426
f 2096 2427 2097
f 2096 2426 2427
f 2097 2428 2098
f 2097 2427 2428
f 2098 2429 2099
f 2098 2428 2429
f 2099 2430 2100
f 2099 2429 2430
f 2100 2431 2101
f 2100 2430 2431
f 2101 2432 2102
f 2101 2431 2432
f 2102 2433 2103
f 2102 2432 2433
f 2103 2434 2104
f 2103 2433 2434
f 2104 2435 2105
f 2104 2434 2435
f 2105 2436 2106
f 2105 2435 2436
f 2106 2437 2107
f 2106 2436 2437
f 2107 2438 2108
f 2107 2437 2438
f 2108 2439 2109
f 2108 2438 2439
f 2109 2440 2110
f 2109 2439 2440
f 2110 2441 2111
f 2110 2440 2441
f 2111 2442 2112
f 2111 2441 2442
f 2112 2443 2113
f 2112 2442 2443
f 2113 2444 2114
f 2113 2443 2444
f 2114 2445 2115
f 2114 2444 2445
f 2115 2446 2116
f 2115 2445 2446
f 2116 2447 2117
f 2116 2446 2447
f 2117 2448 2118
f 2117 2447 2448
f 2118 2449 2119
f 2118 2448 2449
f 2119 2450 2120
f 2119 2449 2450
f 2120 2451 2121
f 2120 2450 2451
f 2121 2452 2122
f 2121 2451 2452
f 2122 2453 2123
f 2122 2452 2453
f 2123 2454 2124
f 2123 2453 2454
f 2124 2455 2125
f 2124 2454 2455
f 2125 2456 2126
f 2125 2455 2456
f 2126 2457 2127
f 2126 2456 2457
f 2127 2458 2128
f 2127 2457 2458
f 2128 2459 2129
f 2128 2458 2459
f 2129 2460 2130
f 2129 2459 2460
f 2130 2461 2131
f 2130 2460 2461
f 2131 2462 2132
f 2131 2461 2462
f 2132 2463 2133
f 2132 2462 2463
f 2133 2464 2134
f 2133 2463 2464
f 2134 2465 2135
f 2134 2464 2465
f 2135 2466 2136
f 2135 2465 2466
f 2136 2467 2137
f 2136 2466 2467
f 2137 2468 2138
f 2137 2467 2468
f 2138 2469 2139
f 2138 2468 2469
f 2139 2470 2140
f 2139 2469 2470
f 2140 2471 2141
f 2140 2470 2471
f 2141 2472 2142
f 2141 2471 2472
f 2142 2473 2143
f 2142 2472 2473
f 2143 2474 2144
f 2143 2473 2474
f 2144 2475 2145
f 2144 2474 2475
f 2145 2476 2146
f 2145 2475 2476
f 2146 2477 2147
f 2146 2476 2477
f 2147 2478 2148
f 2147 2477 2478
f 2148 2479 2149
f 2148 2478 2479
f 2149 2480 2150
f 2149 2479 2480
f 2150 2481 2151
f 2150 2480 2481
f 2151 2482 2152
f 2151 2481 2482
f 2152 2483 2153
f 2152 2482 2483
f 2153 2484 2154
f 2153 2483 2484
f 2154 2485 2155
f 2154 2484 2485
f 2155 2486 2156
f 2155 2485 2486
f 2156 2487 2157
f 2156 2486 2487
f 2157 2488 2158
f 2157 2487 2488
f 2158 2489 2159
f 2158 2488 2489
f 2159 2490 2160
f 2159 2489 2490
f 2160 2491 2161
f 2160 2490 2491
f 2161 2492 2162
f 2161 2491 2492
f 2162 2493 2163
f 2162 2492 2493
f 2163 2494 2164
f 2163 2493 2494
f 2164 2495 2165
f 2164 2494 2495
f 2165 2496 2166
f 2165 2495 2496
f 2166 2497 2167
f 2166 2496 2497
f 2167 2498 2168
f 2167 2497 2498
f 2168 2499 2169
f 2168 2498 2499
f 2169 2500 2170
f 2169 2499 2500
f 2170 2501 2171
f 2170 2500 2501
f 2171 2502 2172
f 2171 2501 2502
f 2172 2503 2173
f 2172 2502 2503
f 2173 2504 2174
f 2173 2503 2504
f 2174 2505 2175
f 2174 2504 2505
f 2175 2506 2176
f 2175 2505 2506
f 2176 2507 2177
f 2176 2506 2507
f 2177 2508 2178
f 2177 2507 2508
f 2178 2509 2179
f 2178 2508 2509
f 2179 2510 2180
f 2179 2509 2510
f 2180 2511 2181
f 2180 2510 2511
f 2181 2512 2182
f 2181 2511 2512
f 2182 2513 2183
f 2182 2512 2513
f 2183 2514 2184
f 2183 2513 2514
f 2184 2515 2185
f 2184 2514 2515
f 2185 2516 2186
f 2185 2515 2516
f 2186 2517 2187
f 2186 2516 2517
f 2187 2518 2188
f 2187 2517 2518
f 2188 2519 2189
f 2188 2518 2519
f 2189 2520 2190
f 2189 2519 2520
f 2190 2521 2191
f 2190 2520 2521
f 2191 2522 2192
f 2191 2521 2522
f 2192 2523 2193
f 2192 2522 2523
f 2193 2524 2194
f 2193 2523 2524
f 2194 2525 2195
f 2194 2524 2525
f 2195 2526 2196
f 2195 2525 2526
f 2196 2527 2197
f 2196 2526 2527
f 2197 2528 2198
f 2197 2527 2528
f 2198 2529 2199
f 2198 2528 2529
f 2199 2530 2200
f 2199 2529 2530
f 2200 2531 2201
f 2200 2530 2531
f 2201 2532 2202
f 2201 2531 2532
f 2202 2533 2203
f 2202 2532 2533
f 2203 2534 2204
f 2203 2533 2534
f 2204 2535 2205
f 2204 2534 2535
f 2205 2536 2206
f 2205 2535 2536
f 2206 2537 2207
f 2206 2536 2537
f 2207 2538 2208
f 2207 2537 2538
f 2208 2539 2209
f 2208 2538 2539
f 2209 2540 2210
f 2209 2539 2540
f 2210 2541 2211
f 2210 2540 2541
f 2211 2542 2212
f 2211 2541 2542
f 2212 2543 2213
f 2212 2542 2543
f 2213 2544 2214
f 2213 2543 2544
f 2214 2545 2215
f 2214 2544 2545
f 2215 2546 2216
f 2215 2545 2546
f 2216 2547 2217
f 2216 2546 2547
f 2217 2548 2218
f 2217 2547 2548
f 2218 2549 2219
f 2218 2548 2549
f 2219 2550 2220
f 2219 2549 2550
f 2220 2551 2221
f 2220 2550 2551
f 2221 2552 2222
f 2221 2551 2552
f 2222 2553 2223
f 2222 2552 2553
f 2223 2554 2224
f 2223 2553 2554
f 2224 2555 2225
f 2224 2554 2555
f 2225 2556 2226
f 2225 2555 2556
f 2226 2557 2227
f 2226 2556 2557
f 2227 2558 2228
f 2227 2557 2558
f 2228 2559 2229
f 2228 2558 2559
f 2229 2560 2230
f 2229 2559 2560
f 2230 2561 2231
f 2230 2560 2561
f 2231 2562 2232
f 2231 2561 2562
f 2232 2563 2233
f 2232 2562 2563
f 2233 2564 2234
f 2233 2563 2564
f 2234 2565 2235
f 2234 2564 2565
f 2235 2566 2236
f 2235 2565 2566
f 2236 2567 2237
f 2236 2566 2567
f 2237 2568 2238
f 2237 2567 2568
f 2238 2569 2239
f 2238 2568 2569
f 2239 2570 2240
f 2239 2569 2570
f 2240 2571 2241
f 2240 2570 2571
f 2241 2572 2242
f 2241 2571 2572
f 2242 2573 2243
f 2242 2572 2573
f 2243 2574 2244
f 2243 2573 2574
f 2244 2575 2245
f 2244 2574 2575
f 2245 2576 2246
f 2245 2575 2576
f 2246 2577 2247
f 2246 2576 2577
f 2247 2578 2248
f 2247 2577 2578
f 2248 2579 2249
f 2248 2578 2579
f 2249 2580 2250
f 2249 2579 2580
f 2250 2581 2251
f 2250 2580 2581
f 2251 2582 2252
f 2251 2581 2582
f 2252 2583 2253
f 2252 2582 2583
f 2253 2584 2254
f 2253 2583 2584
f 2254 2585 2255
f 2254 2584 2585
f 2255 2586 2256
f 2255 2585 2586
f 2256 2587 2257
f 2256 2586 2587
f 2257 2588 2258
f 2257 2587 2588
f 2258 2589 2259
f 2258 2588 2589
f 2259 2590 2260
f 2259 2589 2590
f 2260 2591 2261
f 2260 2590 2591
f 2261 2592 2262
f 2261 2591 2592
f 2262 2593 2263
f 2262 2592 2593
f 2263 2594 2264
f 2263 2593 2594
f 2264 2595 2265
f 2264 2594 2595
f 2265 2596 2266
f 2265 2595 2596
f 2266 2597 2267
f 2266 2596 2597
f 2267 2598 2268
f 2267 2597 2598
f 2268 2599 2269
f 2268 2598 2599
f 2269 2600 2270
f 2269 2599 2600
f 2270 2601 2271
f 2270 2600 2601
f 2271 2602 2272
f 2271 2601 2602
f 2272 2603 2273
f 2272 2602 2603
f 2273 2604 2274
f 2273 2603 2604
f 2274 2605 2275
f 2274 2604 2605
f 2275 2606 2276
f 2275 2605 2606
f 2276 2607 2277
f 2276 2606 2607
f 2277 2608 2278
f 2277 2607 2608
f 2278 2609 2279
f 2278 2608 2609
f 2279 2610 2280
f 2279 2609 2610
f 2280 2611 2281
f 2280 2610 2611
f 2281 2612 2282
f 2281 2611 2612
f 2282 2613 2283
f 2282 2612 2613
f 2283 2614 2284
f 2283 2613 2614
f 2284 2615 2285
f 2284 2614 2615
f 2285 2616 2286
f 2285 2615 2616
f 2286 2617 2287
f 2286 2616 2617
f 2287 2618 2288
f 2287 2617 2618
f 2288 2619 2289
f 2288 2618 2619
f 2289 2620 2290
f 2289 2619 2620
f 2290 2621 2291
f 2290 2620 2621
f 2291 2622 2292
f 2291 2621 2622
f 2292 2623 2293
f 2292 2622 2623
f 2293 2624 2294
f 2293 2623 2624
f 2294 2625 2295
f 2294 2624 2625
f 2295 2626 2296
f 2295 2625 2626
f 2296 2627 2297
f 2296 2626 2627
f 2297 2628 2298
f 2297 2627 2628
f 2298 2629 2299
f 2298 2628 2629
f 2299 2630 2300
f 2299 2629 2630
f 2300 2631 2301
f 2300 2630 2631
f 2301 2632 2302
f 2301 2631 2632
f 2302 2633 2303
f 2302 2632 2633
f 2303 2634 2304
f 2303 2633 2634
f 2304 2635 2305
f 2304 2634 2635
f 2305 2636 2306
f 2305 2635 2636
f 2306 2637 2307
f 2306 2636 2637
f 2307 2638 2308
f 2307 2637 2638
f 2308 2639 2309
f 2308 2638 2639
f 2309 2640 2310
f 2309 2639 2640
f 2311 2642 2312
f 2311 2641 2642
f 2312 2643 2313
f 2312 2642 2643
f 2313 2644 2314
f 2313 2643 2644
f 2314 2645 2315
f 2314 2644 2645
f 2315 2646 2316
f 2315 2645 2646
f 2316 2647 2317
f 2316 2646 2647
f 2317 2648 2318
f 2317 2647 2648
f 2318 2649 2319
f 2318 2648 2649
f 2319 2650 2320
f 2319 2649 2650
f 2320 2651 2321
f 2320 2650 2651
f 2321 2652 2322
f 2321 2651 2652
f 2322 2653 2323
f 2322 2652 2653
f 2323 2654 2324
f 2323 2653 2654
f 2324 2655 2325
f 2324 2654 2655
f 2325 2656 2326
f 2325 2655 2656
f 2326 2657 2327
f 2326 2656 2657
f 2327 2658 2328
f 2327 2657 2658
f 2328 2659 2329
f 2328 2658 2659
f 2329 2660 2330
f 2329 2659 2660
f 2330 2661 2331
f 2330 2660 2661
f 2331 2662 2332
f 2331 2661 2662
f 2332 2663 2333
f 2332 2662 2663
f 2333 2664 2334
f 2333 2663 2664
f 2334 2665 2335
f 2334 2664 2665
f 2335 2666 2336
f 2335 2665 2666
f 2336 2667 2337
f 2336 2666 2667
f 2337 2668 2338
f 2337 2667 2668
f 2338 2669 2339
f 2338 2668 2669
f 2339 2670 2340
f 2339 2669 2670
f 2340 2671 2341
f 2340 2670 2671
f 2341 2672 2342
f 2341 2671 2672
f 2342 2673 2343
f 2342 2672 2673
f 2343 2674 2344
f 2343 2673 2674
f 2344 2675 2345
f 2344 2674 2675
f 2345 2676 2346
f 2345 2675 2676
f 2346 2677 2347
f 2346 2676 2677
f 2347 2678 2348
f 2347 2677 2678
f 2348 2679 2349
f 2348 2678 2679
f 2349 2680 2350
f 2349 2679 2680
f 2350 2681 2351
f 2350 2680 2681
f 2351 2682 2352
f 2351 2681 2682
f 2352 2683 2353
f 2352 2682 2683
f 2353 2684 2354
f 2353 2683 2684
f 2354 2685 2355
f 2354 2684 2685
f 2355 2686 2356
f 2355 2685 2686
f 2356 2687 2357
f 2356 2686 2687
f 2357 2688 2358
f 2357 2687 2688
f 2358 2689 2359
f 2358 2688 2689
f 2359 2690 2360
f 2359 2689 2690
f 2360 2691 2361
f 2360 2690 2691
f 2361 2692 2362
f 2361 2691 2692
f 2362 2693 2363
f 2362 2692 2693
f 2363 2694 2364
f 2363 2693 2694
f 2364 2695 2365
f 2364 2694 2695
f 2365 2696 2366
f 2365 2695 2696
f 2366 2697 2367
f 2366 2696 2697
f 2367 2698 2368
f 2367 2697 2698
f 2368 2699 2369
f 2368 2698 2699
f 2369 2700 2370
f 2369 2699 2700
f 2370 2701 2371
f 2370 2700 2701
f 2371 2702 2372
f 2371 2701 2702
f 2372 2703 2373
f 2372 2702 2703
f 2373 2704 2374
f 2373 2703 2704
f 2374 2705 2375
f 2374 2704 2705
f 2375 2706 2376
f 2375 2705 2706
f 2376 2707 2377
f 2376 2706 2707
f 2377 2708 2378
f 2377 2707 2708
f 2378 2709 2379
f 2378 2708 2709
f 2379 2710 2380
f 2379 2709 2710
f 2380 2711 2381
f 2380 2710 2711
f 2381 2712 2382
f 2381 2711 2712
f 2382 2713 2383
f 2382 2712 2713
f 2383 2714 2384
f 2383 2713 2714
f 2384 2715 2385
f 2384 2714 2715
f 2385 2716 2386
f 2385 2715 2716
f 2386 2717 2387
f 2386 2716 2717
f 2387 2718 2388
f 2387 2717 2718
f 2388 2719 2389
f 2388 2718 2719
f 2389 2720 2390
f 2389 2719 2720
f 2390 2721 2391
f 2390 2720 2721
f 2391 2722 2392
f 2391 2721 2722
f 2392 2723 2393
f 2392 2722 2723
f 2393 2724 2394
f 2393 2723 2724
f 2394 2725 2395
f 2394 2724 2725
f 2395 2726 2396
f 2395 2725 2726
f 2396 2727 2397
f 2396 2726 2727
f 2397 2728 2398
f 2397 2727 2728
f 2398 2729 2399
f 2398 2728 2729
f 2399 2730 2400
f 2399 2729 2730
f 2400 2731 2401
f 2400 2730 2731
f 2401 2732 2402
f 2401 2731 2732
f 2402 2733 2403
f 2402 2732 2733
f 2403 2734 2404
f 2403 2733 2734
f 2404 2735 2405
f 2404 2734 2735
f 2405 2736 2406
f 2405 2735 2736
f 2406 2737 2407
f 2406 2736 2737
f 2407 2738 2408
f 2407 2737 2738
f 2408 2739 2409
f 2408 2738 2739
f 2409 2740 2410
f 2409 2739 2740
f 2410 2741 2411
f 2410 2740 2741
f 2411 2742 2412
f 2411 2741 2742
f 2412 2743 2413
f 2412 2742 2743
f 2413 2744 2414
f 2413 2743 2744
f 2414 2745 2415
f 2414 2744 2745
f 2415 2746 2416
f 2415 2745 2746
f 2416 2747 2417
f 2416 2746 2747
f 2417 2748 2418
f 2417 2747 2748
f 2418 2749 2419
f 2418 2748 2749
f 2419 2750 2420
f 2419 2749 2750
f 2420 2751 2421
f 2420 2750 2751
f 2421 2752 2422
f 2421 2751 2752
f 2422 2753 2423
f 2422 2752 2753
f 2423 2754 2424
f 2423 2753 2754
f 2424 2755 2425
f 2424 2754 2755
f 2425 2756 2426
f 2425 2755 2756
f 2426 2757 2427
f 2426 2756 2757
f 2427 2758 2428
f 2427 2757 2758
f 2428 2759 2429
f 2428 2758 2759
f 2429 2760 2430
f 2429 2759 2760
f 2430 2761 2431
f 2430 2760 2761
f 2431 2762 2432
f 2431 2761 2762
f 2432 2763 2433
f 2432 2762 2763
f 2433 2764 2434
f 2433 2763 2764
f 2434 2765 2435
f 2434 2764 2765
f 2435 2766 2436
f 2435 2765 2766
f 2436 2767 2437
f 2436 2766 2767
f 2437 2768 2438
f 2437 2767 2768
f 2438 2769 2439
f 2438 2768 2769
f 2439 2770 2440
f 2439 2769 2770
f 2440 2771 2441
f 2440 2770 2771
f 2441 2772 2442
f 2441 2771 2772
f 2442 2773 2443
f 2442 2772 2773
f 2443 2774 2444
f 2443 2773 2774
f 2444 2775 2445
f 2444 2774 2775
f 2445 2776 2446
f 2445 2775 2776
f 2446 2777 2447
f 2446 2776 2777
f 2447 2778 2448
f 2447 2777 2778
f 2448 2779 2449
f 2448 2778 2779
f 2449 2780 2450
f 2449 2779 2780
f 2450 2781 2451
f 2450 2780 2781
f 2451 2782 2452
f 2451 2781 2782
f 2452 2783 2453
f 2452 2782 2783
f 2453 2784 2454
f 2453 2783 2784
f 2454 2785 2455
f 2454 2784 2785
f 2455 2786 2456
f 2455 2785 2786
f 2456 2787 2457
f 2456 2786 2787
f 2457 2788 2458
f 2457 2787 2788
f 2458 2789 2459
f 2458 2788 2789
f 2459 2790 2460
f 2459 2789 2790
f 2460 2791 2461
f 2460 2790 2791
f 2461 2792 2462
f 2461 2791 2792
f 2462 2793 2463
f 2462 2792 2793
f 2463 2794 2464
f 2463 2793 2794
f 2464 2795 2465
f 2464 2794 2795
f 2465 2796 2466
f 2465 2795 2796
f 2466 2797 2467
f 2466 2796 2797
f 2467 2798 2468
f 2467 2797 2798
f 2468 2799 2469
f 2468 2798 2799
f 2469 2800 2470
f 2469 2799 2800
f 2470 2801 2471
f 2470 2800 2801
f 2471 2802 2472
f 2471 2801 2802
f 2472 2803 2473
f 2472 2802 2803
f 2473 2804 2474
f 2473 2803 2804
f 2474 2805 2475
f 2474 2804 2805
f 2475 2806 2476
f 2475 2805 2806
f 2476 2807 2477
f 2476 2806 2807
f 2477 2808 2478
f 2477 2807 2808
f 2478 2809 2479
f 2478 2808 2809
f 2479 2810 2480
f 2479 2809 2810
f 2480 2811 2481
f 2480 2810 2811
f 2481 2812 2482
f 2481 2811 2812
f 2482 2813 2483
f 2482 2812 2813
f 2483 2814 2484
f 2483 2813 2814
f 2484 2815 2485
f 2484 2814 2815
f 2485 2816 2486
f 2485 2815 2816
f 2486 2817 2487
f 2486 2816 2817
f 2487 2818 2488
f 2487 2817 2818
f 2488 2819 2489
f 2488 2818 2819
f 2489 2820 2490
f 2489 2819 2820
f 2490 2821 2491
f 2490 2820 2821
f 2491 2822 2492
f 2491 2821 2822
f 2492 2823 2493
f 2492 2822 2823
f 2493 2824 2494
f 2493 2823 2824
f 2494 2825 2495
f 2494 2824 2825
f 2495 2826 2496
f 2495 2825 2826
f 2496 2827 2497
f 2496 2826 2827
f 2497 2828 2498
f 2497 2827 2828
f 2498 2829 2499
f 2498 2828 2829
f 2499 2830 2500
f 2499 2829 2830
f 2500 2831 2501
f 2500 2830 2831
f 2501 2832 2502
f 2501 2831 2832
f 2502 2833 2503
f 2502 2832 2833
f 2503 2834 2504
f 2503 2833 2834
f 2504 2835 2505
f 2504 2834 2835
f 2505 2836 2506
f 2505 2835 2836
f 2506 2837 2507
f 2506 2836 2837
f 2507 2838 2508
f 2507 2837 2838
f 2508 2839 2509
f 2508 2838 2839
f 2509 2840 2510
f 2509 2839 2840
f 2510 2841 2511
f 2510 2840 2841
f 2511 2842 2512
f 2511 2841 2842
f 2512 2843 2513
f 2512 2842 2843
f 2513 2844 2514
f 2513 2843 2844
f 2514 2845 2515
f 2514 2844 2845
f 2515 2846 2516
f 2515 2845 2846
f 2516 2847 2517
f 2516 2846 2847
f 2517 2848 2518
f 2517 2847 2848
f 2518 2849 2519
f 2518 2848 2849
f 2519 2850 2520
f 2519 2849 2850
f 2520 2851 2521
f 2520 2850 2851
f 2521 2852 2522
f 2521 2851 2852
f 2522 2853 2523
f 2522 2852 2853
f 2523 2854 2524
f 2523 2853 2854
f 2524 2855 2525
f 2524 2854 2855
f 2525 2856 2526
f 2525 2855 2856
f 2526 2857 2527
f 2526 2856 2857
f 2527 2858 2528
f 2527 2857 2858
f 2528 2859 2529
f 2528 2858 2859
f 2529 2860 2530
f 2529 2859 2860
f 2530 2861 2531
f 2530 2860 2861
f 2531 2862 2532
f 2531 2861 2862
f 2532 2863 2533
f 2532 2862 2863
f 2533 2864 2534
f 2533 2863 2864
f 2534 2865 2535
f 2534 2864 2865
f 2535 2866 2536
f 2535 2865 2866
f 2536 2867 2537
f 2536 2866 2867
f 2537 2868 2538
f 2537 2867 2868
f 2538 2869 2539
f 2538 2868 2869
f 2539 2870 2540
f 2539 2869 2870
f 2540 2871 2541
f 2540 2870 2871
f 2541 2872 2542
f 2541 2871 2872
f 2542 2873 2543
f 2542 2872 2873
f 2543 2874 2544
f 2543 2873 2874
f 2544 2875 2545
f 2544 2874 2875
f 2545 2876 2546
f 2545 2875 2876
f 2546 2877 2547
f 2546 2876 2877
f 2547 2878 2548
f 2547 2877 2878
f 2548 2879 2549
f 2548 2878 2879
f 2549 2880 2550
f 2549 2879 2880
f 2550 2881 2551
f 2550 2880 2881
f 2551 2882 2552
f 2551 2881 2882
f 2552 2883 2553
f 2552 2882 2883
f 2553 2884 2554
f 2553 2883 2884
f 2554 2885 2555
f 2554 2884 2885
f 2555 2886 2556
f 2555 2885 2886
f 2556 2887 2557
f 2556 2886 2887
f 2557 2888 2558
f 2557 2887 2888
f 2558 2889 2559
f 2558 2888 2889
f 2559 2890 2560
f 2559 2889 2890
f 2560 2891 2561
f 2560 2890 2891
f 2561 2892 2562
f 2561 2891 2892
f 2562 2893 2563
f 2562 2892 2893
f 2563 2894 2564
f 2563 2893 2894
f 2564 2895 2565
f 2564 2894 2895
f 2565 2896 2566
f 2565 2895 2896
f 2566 2897 2567
f 2566 2896 2897
f 2567 2898 2568
f 2567 2897 2898
f 2568 2899 2569
f 2568 2898 2899
f 2569 2900 2570
f 2569 2899 2900
f 2570 2901 2571
f 2570 2900 2901
f 2571 2902 2572
f 2571 2901 2902
f 2572 2903 2573
f 2572 2902 2903
f 2573 2904 2574
f 2573 2903 2904
f 2574 2905 2575
f 2574 2904 2905
f 2575 2906 2576
f 2575 2905 2906
f 2576 2907 2577
f 2576 2906 2907
f 2577 2908 2578
f 2577 2907 2908
f 2578 2909 2579
f 2578 2908 2909
f 2579 2910 2580
f 2579 2909 2910
f 2580 2911 2581
f 2580 2910 2911
f 2581 2912 2582
f 2581 2911 2912
f 2582 2913 2583
f 2582 2912 2913
f 2583 2914 2584
f 2583 2913 2914
f 2584 2915 2585
f 2584 2914 2915
f 2585 2916 2586
f 2585 2915 2916
f 2586 2917 2587
f 2586 2916 2917
f 2587 2918 2588
f 2587 2917 2918
f 2588 2919 2589
f 2588 2918 2919
f 2589 2920 2590
f 2589 2919 2920
f 2590 2921 2591
f 2590 2920 2921
f 2591 2922 2592
f 2591 2921 2922
f 2592 2923 2593
f 2592 2922 2923
f 2593 2924 2594
f 2593 2923 2924
f 2594 2925 2595
f 2594 2924 2925
f 2595 2926 2596
f 2595 2925 2926
f 2596 2927 2597
f 2596 2926 2927
f 2597 2928 2598
f 2597 2927 2928
f 2598 2929 2599
f 2598 2928 2929
f 2599 2930 2600
f 2599 2929 2930
f 2600 2931 2601
f 2600 2930 2931
f 2601 2932 2602
f 2601 2931 2932
f 2602 2933 2603
f 2602 2932 2933
f 2603 2934 2604
f 2603 2933 2934
f 2604 2935 2605
f 2604 2934 2935
f 2605 2936 2606
f 2605 2935 2936
f 2606 2937 2607
f 2606 2936 2937
f 2607 2938 2608
f 2607 2937 2938
f 2608 2939 2609
f 2608 2938 2939
f 2609 2940 2610
f 2609 2939 2940
f 2610 2941 2611
f 2610 2940 2941
f 2611 2942 2612
f 2611 2941 2942
f 2612 2943 2613
f 2612 2942 2943
f 2613 2944 2614
f 2613 2943 2944
f 2614 2945 2615
f 2614 2944 2945
f 2615 2946 2616
f 2615 2945 2946
f 2616 2947 2617
f 2616 2946 2947
f 2617 2948 2618
f 2617 2947 2948
f 2618 2949 2619
f 2618 2948 2949
f 2619 2950 2620
f 2619 2949 2950
f 2620 2951 2621
f 2620 2950 2951
f 2621 2952 2622
f 2621 2951 2952
f 2622 2953 2623
f 2622 2952 2953
f 2623 2954 2624
f 2623 2953 2954
f 2624 2955 2625
f 2624 2954 2955
f 2625 2956 2626
f 2625 2955 2956
f 2626 2957 2627
f 2626 2956 2957
f 2627 2958 2628
f 2627 2957 2958
f 2628 2959 2629
f 2628 2958 2959
f 2629 2960 2630
f 2629 2959 2960
f 2630 2961 2631
f 2630 2960 2961
f 2631 2962 2632
f 2631 2961 2962
f 2632 2963 2633
f 2632 2962 2963
f 2633 2964 2634
f 2633 2963 2964
f 2634 2965 2635
f 2634 2964 2965
f 2635 2966 2636
f 2635 2965 2966
f 2636 2967 2637
f 2636 2966 2967
f 2637 2968 2638
f 2637 2967 2968
f 2638 2969 2639
f 2638 2968 2969
f 2639 2970 2640
f 2639 2969 2970
f 2641 2972 2642
f 2641 2971 2972
f 2642 2973 2643
f 2642 2972 2973
f 2643 2974 2644
f 2643 2973 2974
f 2644 2975 2645
f 2644 2974 2975
f 2645 2976 2646
f 2645 2975 2976
f 2646 2977 2647
f 2646 2976 2977
f 2647 2978 2648
f 2647 2977 2978
f 2648 2979 2649
f 2648 2978 2979
f 2649 2980 2650
f 2649 2979 2980
f 2650 2981 2651
f 2650 2980 2981
f 2651 2982 2652
f 2651 2981 2982
f 2652 2983 2653
f 2652 2982 2983
f 2653 2984 2654
f 2653 2983 2984
f 2654 2985 2655
f 2654 2984 2985
f 2655 2986 2656
f 2655 2985 2986
f 2656 2987 2657
f 2656 2986 2987
f 2657 2988 2658
f 2657 2987 2988
f 2658 2989 2659
f 2658 2988 2989
f 2659 2990 2660
f 2659 2989 2990
f 2660 2991 2661
f 2660 2990 2991
f 2661 2992 2662
f 2661 2991 2992
f 2662 2993 2663
f 2662 2992 2993
f 2663 2994 2664
f 2663 2993 2994
f 2664 2995 2665
f 2664 2994 2995
f 2665 2996 2666
f 2665 2995 2996
f 2666 2997 2667
f 2666 2996 2997
f 2667 2998 2668
f 2667 2997 2998
f 2668 2999 2669
f 2668 2998 2999
f 2669 3000 2670
f 2669 2999 3000
f 2670 3001 2671
f 2670 3000 3001
f 2671 3002 2672
f 2671 3001 3002
f 2672 3003 2673
f 2672 3002 3003
f 2673 3004 2674
f 2673 3003 3004
f 2674 3005 2675
f 2674 3004 3005
f 2675 3006 2676
f 2675 3005 3006
f 2676 3007 2677
f 2676 3006 3007
f 2677 3008 2678
f 2677 3007 3008
f 2678 3009 2679
f 2678 3008 3009
f 2679 3010 2680
f 2679 3009 3010
f 2680 3011 2681
f 2680 3010 3011
f 2681 3012 2682
f 2681 3011 3012
f 2682 3013 2683
f 2682 3012 3013
f 2683 3014 2684
f 2683 3013 3014
f 2684 3015 2685
f 2684 3014 3015
f 2685 3016 2686
f 2685 3015 3016
f 2686 3017 2687
f 2686 3016 3017
f 2687 3018 2688
f 2687 3017 3018
f 2688 3019 2689
f 2688 3018 3019
f 2689 3020 2690
f 2689 3019 3020
f 2690 3021 2691
f 2690 3020 3021
f 2691 3022 2692
f 2691 3021 3022
f 2692 3023 2693
f 2692 3022 3023
f 2693 3024 2694
f 2693 3023 3024
f 2694 3025 2695
f 2694 3024 3025
f 2695 3026 2696
f 2695 3025 3026
f 2696 3027 2697
f 2696 3026 3027
f 2697 3028 2698
f 2697 3027 3028
f 2698 3029 2699
f 2698 3028 3029
f 2699 3030 2700
f 2699 3029 3030
f 2700 3031 2701
f 2700 3030 3031
f 2701 3032 2702
f 2701 3031 3032
f 2702 3033 2703
f 2702 3032 3033
f 2703 3034 2704
f 2703 3033 3034
f 2704 3035 2705
f 2704 3034 3035
f 2705 3036 2706
f 2705 3035 3036
f 2706 3037 2707
f 2706 3036 3037
f 2707 3038 2708
f 2707 3037 3038
f 2708 3039 2709
f 2708 3038 3039
f 2709 3040 2710
f 2709 3039 3040
f 2710 3041 2711
f 2710 3040 3041
f 2711 3042 2712
f 2711 3041 3042
f 2712 3043 2713
f 2712 3042 3043
f 2713 3044 2714
f 2713 3043 3044
f 2714 3045 2715
f 2714 3044 3045
f 2715 3046 2716
f 2715 3045 3046
f 2716 3047 2717
f 2716 3046 3047
f 2717 3048 2718
f 2717 3047 3048
f 2718 3049 2719
f 2718 3048 3049
f 2719 3050 2720
f 2719 3049 3050
f 2720 3051 2721
f 2720 3050 3051
f 2721 3052 2722
f 2721 3051 3052
f 2722 3053 2723
f 2722 3052 3053
f 2723 3054 2724
f 2723 3053 3054
f 2724 3055 2725
f 2724 3054 3055
f 2725 3056 2726
f 2725 3055 3056
f 2726 3057 2727
f 2726 3056 3057
f 2727 3058 2728
f 2727 3057 3058
f 2728 3059 2729
f 2728 3058 3059
f 2729 3060 2730
f 2729 3059 3060
f 2730 3061 2731
f 2730 3060 3061
f 2731 3062 2732
f 2731 3061 3062
f 2732 3063 2733
f 2732 3062 3063
f 2733 3064 2734
f 2733 3063 3064
f 2734 3065 2735
f 2734 3064 3065
f 2735 3066 2736
f 2735 3065 3066
f 2736 3067 2737
f 2736 3066 3067
f 2737 3068 2738
f 2737 3067 3068
f 2738 3069 2739
f 2738 3068 3069
f 2739 3070 2740
f 2739 3069 3070
f 2740 3071 2741
f 2740 3070 3071
f 2741 3072 2742
f 2741 3071 3072
f 2742 3073 2743
f 2742 3072 3073
f 2743 3074 2744
f 2743 3073 3074
f 2744 3075 2745
f 2744 3074 3075
f 2745 3076 2746
f 2745 3075 3076
f 2746 3077 2747
f 2746 3076 3077
f 2747 3078 2748
f 2747 3077 3078
f 2748 3079 2749
f 2748 3078 3079
f 2749 3080 2750
f 2749 3079 3080
f 2750 3081 2751
f 2750 3080 3081
f 2751 3082 2752
f 2751 3081 3082
f 2752 3083 2753
f 2752 3082 3083
f 2753 3084 2754
f 2753 3083 3084
f 2754 3085 2755
f 2754 3084 3085
f 2755 3086 2756
f 2755 3085 3086
f 2756 3087 2757
f 2756 3086 3087
f 2757 3088 2758
f 2757 3087 3088
f 2758 3089 2759
f 2758 3088 3089
f 2759 3090 2760
f 2759 3089 3090
f 2760 3091 2761
f 2760 3090 3091
f 2761 3092 2762
f 2761 3091 3092
f 2762 3093 2763
f 2762 3092 3093
f 2763 3094 2764
f 2763 3093 3094
f 2764 3095 2765
f 2764 3094 3095
f 2765 3096 2766
f 2765 3095 3096
f 2766 3097 2767
f 2766 3096 3097
f 2767 3098 2768
f 2767 3097 3098
f 2768 3099 2769
f 2768 3098 3099
f 2769 3100 2770
f 2769 3099 3100
f 2770 3101 2771
f 2770 3100 3101
f 2771 3102 2772
f 2771 3101 3102
f 2772 3103 2773
f 2772 3102 3103
f 2773 3104 2774
f 2773 3103 3104
f 2774 3105 2775
f 2774 3104 3105
f 2775 3106 2776
f 2775 3105 3106
f 2776 3107 2777
f 2776 3106 3107
f 2777 3108 2778
f 2777 3107 3108
f 2778 3109 2779
f 2778 3108 3109
f 2779 3110 2780
f 2779 3109 3110
f 2780 3111 2781
f 2780 3110 3111
f 2781 3112 2782
f 2781 3111 3112
f 2782 3113 2783
f 2782 3112 3113
f 2783 3114 2784
f 2783 3113 3114
f 2784 3115 2785
f 2784 3114 3115
f 2785 3116 2786
f 2785 3115 3116
f 2786 3117 2787
f 2786 3116 3117
f 2787 3118 2788
f 2787 3117 3118
f 2788 3119 2789
f 2788 3118 3119
f 2789 3120 2790
f 2789 3119 3120
f 2790 3121 2791
f 2790 3120 3121
f 2791 3122 2792
f 2791 3121 3122
f 2792 3123 2793
f 2792 3122 3123
f 2793 3124 2794
f 2793 3123 3124
f 2794 3125 2795
f 2794 3124 3125
f 2795 3126 2796
f 2795 3125 3126
f 2796 3127 2797
f 2796 3126 3127
f 2797 3128 2798
f 2797 3127 3128
f 2798 3129 2799
f 2798 3128 3129
f 2799 3130 2800
f 2799 3129 3130
f 2800 3131 2801
f 2800 3130 3131
f 2801 3132 2802
f 2801 3131 3132
f 2802 3133 2803
f 2802 3132 3133
f 2803 3134 2804
f 2803 3133 3134
f 2804 3135 2805
f 2804 3134 3135
f 2805 3136 2806
f 2805 3135 3136
f 2806 3137 2807
f 2806 3136 3137
f 2807 3138 2808
f 2807 3137 3138
f 2808 3139 2809
f 2808 3138 3139
f 2809 3140 2810
f 2809 3139 3140
f 2810 3141 2811
f 2810 3140 3141
f 2811 3142 2812
f 2811 3141 3142
f 2812 3143 2813
f 2812 3142 3143
f 2813 3144 2814
f 2813 3143 3144
f 2814 3145 2815
f 2814 3144 3145
f 2815 3146 2816
f 2815 3145 3146
f 2816 3147 2817
f 2816 3146 3147
f 2817 3148 2818
f 2817 3147 3148
f 2818 3149 2819
f 2818 3148 3149
f 2819 3150 2820
f 2819 3149 3150
f 2820 3151 2821
f 2820 3150 3151
f 2821 3152 2822
f 2821 3151 3152
f 2822 3153 2823
f 2822 3152 3153
f 2823 3154 2824
f 2823 3153 3154
f 2824 3155 2825
f 2824 3154 3155
f 2825 3156 2826
f 2825 3155 3156
f 2826 3157 2827
f 2826 3156 3157
f 2827 3158 2828
f 2827 3157 3158
f 2828 3159 2829
f 2828 3158 3159
f 2829 3160 2830
f 2829 3159 3160
f 2830 3161 2831
f 2830 3160 3161
f 2831 3162 2832
f 2831 3161 3162
f 2832 3163 2833
f 2832 3162 3163
f 2833 3164 2834
f 2833 3163 3164
f 2834 3165 2835
f 2834 3164 3165
f 2835 3166 2836
f 2835 3165 3166
f 2836 3167 2837
f 2836 3166 3167
f 2837 3168 2838
f 2837 3167 3168
f 2838 3169 2839
f 2838 3168 3169
f 2839 3170 2840
f 2839 3169 3170
f 2840 3171 2841
f 2840 3170 3171
f 2841 3172 2842
f 2841 3171 3172
f 2842 3173 2843
f 2842 3172 3173
f 2843 3174 2844
f 2843 3173 3174
f 2844 3175 2845
f 2844 3174 3175
f 2845 3176 2846
f 2845 3175 3176
f 2846 3177 2847
f 2846 3176 3177
f 2847 3178 2848
f 2847 3177 3178
f 2848 3179 2849
f 2848 3178 3179
f 2849 3180 2850
f 2849 3179 3180
f 2850 3181 2851
f 2850 3180 3181
f 2851 3182 2852
f 2851 3181 3182
f 2852 3183 2853
f 2852 3182 3183
f 2853 3184 2854
f 2853 3183 3184
f 2854 3185 2855
f 2854 3184 3185
f 2855 3186 2856
f 2855 3185 3186
f 2856 3187 2857
f 2856 3186 3187
f 2857 3188 2858
f 2857 3187 3188
f 2858 3189 2859
f 2858 3188 3189
f 2859 3190 2860
f 2859 3189 3190
f 2860 3191 2861
f 2860 3190 3191
f 2861 3192 2862
f 2861 3191 3192
f 2862 3193 2863
f 2862 3192 3193
f 2863 3194 2864
f 2863 3193 3194
f 2864 3195 2865
f 2864 3194 3195
f 2865 3196 2866
f 2865 3195 3196
f 2866 3197 2867
f 2866 3196 3197
f 2867 3198 2868
f 2867 3197 3198
f 2868 3199 2869
f 2868 3198 3199
f 2869 3200 2870
f 2869 3199 3200
f 2870 3201 2871
f 2870 3200 3201
f 2871 3202 2872
f 2871 3201 3202
f 2872 3203 2873
f 2872 3202 3203
f 2873 3204 2874
f 2873 3203 3204
f 2874 3205 2875
f 2874 3204 3205
f 2875 3206 2876
f 2875 3205 3206
f 2876 3207 2877
f 2876 3206 3207
f 2877 3208 2878
f 2877 3207 3208
f 2878 3209 2879
f 2878 3208 3209
f 2879 3210 2880
f 2879 3209 3210
f 2880 3211 2881
f 2880 3210 3211
f 2881 3212 2882
f 2881 3211 3212
f 2882 3213 2883
f 2882 3212 3213
f 2883 3214 2884
f 2883 3213 3214
f 2884 3215 2885
f 2884 3214 3215
f 2885 3216 2886
f 2885 3215 3216
f 2886 3217 2887
f 2886 3216 3217
f 2887 3218 2888
f 2887 3217 3218
f 2888 3219 2889
f 2888 3218 3219
f 2889 3220 2890
f 2889 3219 3220
f 2890 3221 2891
f 2890 3220 3221
f 2891 3222 2892
f 2891 3221 3222
f 2892 3223 2893
f 2892 3222 3223
f 2893 3224 2894
f 2893 3223 3224
f 2894 3225 2895
f 2894 3224 3225
f 2895 3226 2896
f 2895 3225 3226
f 2896 3227 2897
f 2896 3226 3227
f 2897 3228 2898
f 2897 3227 3228
f 2898 3229 2899
f 2898 3228 3229
f 2899 3230 2900
f 2899 3229 3230
f 2900 3231 2901
f 2900 3230 3231
f 2901 3232 2902
f 2901 3231 3232
f 2902 3233 2903
f 2902 3232 3233
f 2903 3234 2904
f 2903 3233 3234
f 2904 3235 2905
f 2904 3234 3235
f 2905 3236 2906
f 2905 3235 3236
f 2906 3237 2907
f 2906 3236 3237
f 2907 3238 2908
f 2907 3237 3238
f 2908 3239 2909
f 2908 3238 3239
f 2909 3240 2910
f 2909 3239 3240
f 2910 3241 2911
f 2910 3240 3241
f 2911 3242 2912
f 2911 3241 3242
f 2912 3243 2913
f 2912 3242 3243
f 2913 3244 2914
f 2913 3243 3244
f 2914 3245 2915
f 2914 3244 3245
f 2915 3246 2916
f 2915 3245 3246
f 2916 3247 2917
f 2916 3246 3247
f 2917 3248 2918
f 2917 3247 3248
f 2918 3249 2919
f 2918 3248 3249
f 2919 3250 2920
f 2919 3249 3250
f 2920 3251 2921
f 2920 3250 3251
f 2921 3252 2922
f 2921 3251 3252
f 2922 3253 2923
f 2922 3252 3253
f 2923 3254 2924
f 2923 3253 3254
f 2924 3255 2925
f 2924 3254 3255
f 2925 3256 2926
f 2925 3255 3256
f 2926 3257 2927
f 2926 3256 3257
f 2927 3258 2928
f 2927 3257 3258
f 2928 3259 2929
f 2928 3258 3259
f 2929 3260 2930
f 2929 3259 3260
f 2930 3261 2931
f 2930 3260 3261
f 2931 3262 2932
f 2931 3261 3262
f 2932 3263 2933
f 2932 3262 3263
f 2933 3264 2934
f 2933 3263 3264
f 2934 3265 2935
f 2934 3264 3265
f 2935 3266 2936
f 2935 3265 3266
f 2936 3267 2937
f 2936 3266 3267
f 2937 3268 2938
f 2937 3267 3268
f 2938 3269 2939
f 2938 3268 3269
f 2939 3270 2940
f 2939 3269 3270
f 2940 3271 2941
f 2940 3270 3271
f 2941 3272 2942
f 2941 3271 3272
f 2942 3273 2943
f 2942 3272 3273
f 2943 3274 2944
f 2943 3273 3274
f 2944 3275 2945
f 2944 3274 3275
f 2945 3276 2946
f 2945 3275 3276
f 2946 3277 2947
f 2946 3276 3277
f 2947 3278 2948
f 2947 3277 3278
f 2948 3279 2949
f 2948 3278 3279
f 2949 3280 2950
f 2949 3279 3280
f 2950 3281 2951
f 2950 3280 3281
f 2951 3282 2952
f 2951 3281 3282
f 2952 3283 2953
f 2952 3282 3283
f 2953 3284 2954
f 2953 3283 3284
f 2954 3285 2955
f 2954 3284 3285
f 2955 3286 2956
f 2955 3285 3286
f 2956 3287 2957
f 2956 3286 3287
f 2957 3288 2958
f 2957 3287 3288
f 2958 3289 2959
f 2958 3288 3289
f 2959 3290 2960
f 2959 3289 3290
f 2960 3291 2961
f 2960 3290 3291
f 2961 3292 2962
f 2961 3291 3292
f 2962 3293 2963
f 2962 3292 3293
f 2963 3294 2964
f 2963 3293 3294
f 2964 3295 2965
f 2964 3294 3295
f 2965 3296 2966
f 2965 3295 3296
f 2966 3297 2967
f 2966 3296 3297
f 2967 3298 2968
f 2967 3297 3298
f 2968 3299 2969
f 2968 3298 3299
f 2969 3300 2970
f 2969 3299 3300
f 2971 3302 2972
f 2971 3301 3302
f 2972 3303 2973
f 2972 3302 3303
f 2973 3304 2974
f 2973 3303 3304
f 2974 3305 2975
f 2974 3304 3305
f 2975 3306 2976
f 2975 3305 3306
f 2976 3307 2977
f 2976 3306 3307
f 2977 3308 2978
f 2977 3307 3308
f 2978 3309 2979
f 2978 3308 3309
f 2979 3310 2980
f 2979 3309 3310
f 2980 3311 2981
f 2980 3310 3311
f 2981 3312 2982
f 2981 3311 3312
f 2982 3313 2983
f 2982 3312 3313
f 2983 3314 2984
f 2983 3313 3314
f 2984 3315 2985
f 2984 3314 3315
f 2985 3316 2986
f 2985 3315 3316
f 2986 3317 2987
f 2986 3316 3317
f 2987 3318 2988
f 2987 3317 3318
f 2988 3319 2989
f 2988 3318 3319
f 2989 3320 2990
f 2989 3319 3320
f 2990 3321 2991
f 2990 3320 3321
f 2991 3322 2992
f 2991 3321 3322
f 2992 3323 2993
f 2992 3322 3323
f 2993 3324 2994
f 2993 3323 3324
f 2994 3325 2995
f 2994 3324 3325
f 2995 3326 2996
f 2995 3325 3326
f 2996 3327 2997
f 2996 3326 3327
f 2997 3328 2998
f 2997 3327 3328
f 2998 3329 2999
f 2998 3328 3329
f 2999 3330 3000
f 2999 3329 3330
f 3000 3331 3001
f 3000 3330 3331
f 3001 3332 3002
f 3001 3331 3332
f 3002 3333 3003
f 3002 3332 3333
f 3003 3334 3004
f 3003 3333 3334
f 3004 3335 3005
f 3004 3334 3335
f 3005 3336 3006
f 3005 3335 3336
f 3006 3337 3007
f 3006 3336 3337
f 3007 3338 3008
f 3007 3337 3338
f 3008 3339 3009
f 3008 3338 3339
f 3009 3340 3010
f 3009 3339 3340
f 3010 3341 3011
f 3010 3340 3341
f 3011 3342 3012
f 3011 3341 3342
f 3012 3343 3013
f 3012 3342 3343
f 3013 3344 3014
f 3013 3343 3344
f 3014 3345 3015
f 3014 3344 3345
f 3015 3346 3016
f 3015 3345 3346
f 3016 3347 3017
f 3016 3346 3347
f 3017 3348 3018
f 3017 3347 3348
f 3018 3349 3019
f 3018 3348 3349
f 3019 3350 3020
f 3019 3349 3350
f 3020 3351 3021
f 3020 3350 3351
f 3021 3352 3022
f 3021 3351 3352
f 3022 3353 3023
f 3022 3352 3353
f 3023 3354 3024
f 3023 3353 3354
f 3024 3355 3025
f 3024 3354 3355
f 3025 3356 3026
f 3025 3355 3356
f 3026 3357 3027
f 3026 3356 3357
f 3027 3358 3028
f 3027 3357 3358
f 3028 3359 3029
f 3028 3358 3359
f 3029 3360 3030
f 3029 3359 3360
f 3030 3361 3031
f 3030 3360 3361
f 3031 3362 3032
f 3031 3361 3362
f 3032 3363 3033
f 3032 3362 3363
f 3033 3364 3034
f 3033 3363 3364
f 3034 3365 3035
f 3034 3364 3365
f 3035 3366 3036
f 3035 3365 3366
f 3036 3367 3037
f 3036 3366 3367
f 3037 3368 3038
f 3037 3367 3368
f 3038 3369 3039
f 3038 3368 3369
f 3039 3370 3040
f 3039 3369 3370
f 3040 3371 3041
f 3040 3370 3371
f 3041 3372 3042
f 3041 3371 3372
f 3042 3373 3043
f 3042 3372 3373
f 3043 3374 3044
f 3043 3373 3374
f 3044 3375 3045
f 3044 3374 3375
f 3045 3376 3046
f 3045 3375 3376
f 3046 3377 3047
f 3046 3376 3377
f 3047 3378 3048
f 3047 3377 3378
f 3048 3379 3049
f 3048 3378 3379
f 3049 3380 3050
f 3049 3379 3380
f 3050 3381 3051
f 3050 3380 3381
f 3051 3382 3052
f 3051 3381 3382
f 3052 3383 3053
f 3052 3382 3383
f 3053 3384 3054
f 3053 3383 3384
f 3054 3385 3055
f 3054 3384 3385
f 3055 3386 3056
f 3055 3385 3386
f 3056 3387 3057
f 3056 3386 3387
f 3057 3388 3058
f 3057 3387 3388
f 3058 3389 3059
f 3058 3388 3389
f 3059 3390 3060
f 3059 3389 3390
f 3060 3391 3061
f 3060 3390 3391
f 3061 3392 3062
f 3061 3391 3392
f 3062 3393 3063
f 3062 3392 3393
f 3063 3394 3064
f 3063 3393 3394
f 3064 3395 3065
f 3064 3394 3395
f 3065 3396 3066
f 3065 3395 3396
f 3066 3397 3067
f 3066 3396 3397
f 3067 3398 3068
f 3067 3397 3398
f 3068 3399 3069
f 3068 3398 3399
f 3069 3400 3070
f 3069 3399 3400
f 3070 3401 3071
f 3070 3400 3401
f 3071 3402 3072
f 3071 3401 3402
f 3072 3403 3073
f 3072 3402 3403
f 3073 3404 3074
f 3073 3403 3404
f 3074 3405 3075
f 3074 3404 3405
f 3075 3406 3076
f 3075 3405 3406
f 3076 3407 3077
f 3076 3406 3407
f 3077 3408 3078
f 3077 3407 3408
f 3078 3409 3079
f 3078 3408 3409
f 3079 3410 3080
f 3079 3409 3410
f 3080 3411 3081
f 3080 3410 3411
f 3081 3412 3082
f 3081 3411 3412
f 3082 3413 3083
f 3082 3412 3413
f 3083 3414 3084
f 3083 3413 3414
f 3084 3415 3085
f 3084 3414 3415
f 3085 3416 3086
f 3085 3415 3416
f 3086 3417 3087
f 3086 3416 3417
f 3087 3418 3088
f 3087 3417 3418
f 3088 3419 3089
f 3088 3418 3419
f 3089 3420 3090
f 3089 3419 3420
f 3090 3421 3091
f 3090 3420 3421
f 3091 3422 3092
f 3091 3421 3422
f 3092 3423 3093
f 3092 3422 3423
f 3093 3424 3094
f 3093 3423 3424
f 3094 3425 3095
f 3094 3424 3425
f 3095 3426 3096
f 3095 3425 3426
f 3096 3427 3097
f 3096 3426 3427
f 3097 3428 3098
f 3097 3427 3428
f 3098 3429 3099
f 3098 3428 3429
f 3099 3430 3100
f 3099 3429 3430
f 3100 3431 3101
f 3100 3430 3431
f 3101 3432 3102
f 3101 3431 3432
f 3102 3433 3103
f 3102 3432 3433
f 3103 3434 3104
f 3103 3433 3434
f 3104 3435 3105
f 3104 3434 3435
f 3105 3436 3106
f 3105 3435 3436
f 3106 3437 3107
f 3106 3436 3437
f 3107 3438 3108
f 3107 3437 3438
f 3108 3439 3109
f 3108 3438 3439
f 3109 3440 3110
f 3109 3439 3440
f 3110 3441 3111
f 3110 3440 3441
f 3111 3442 3112
f 3111 3441 3442
f 3112 3443 3113
f 3112 3442 3443
f 3113 3444 3114
f 3113 3443 3444
f 3114 3445 3115
f 3114 3444 3445
f 3115 3446 3116
f 3115 3445 3446
f 3116 3447 3117
f 3116 3446 3447
f 3117 3448 3118
f 3117 3447 3448
f 3118 3449 3119
f 3118 3448 3449
f 3119 3450 3120
f 3119 3449 3450
f 3120 3451 3121
f 3120 3450 3451
f 3121 3452 3122
f 3121 3451 3452
f 3122 3453 3123
f 3122 3452 3453
f 3123 3454 3124
f 3123 3453 3454
f 3124 3455 3125
f 3124 3454 3455
f 3125 3456 3126
f 3125 3455 3456
f 3126 3457 3127
f 3126 3456 3457
f 3127 3458 3128
f 3127 3457 3458
f 3128 3459 3129
f 3128 3458 3459
f 3129 3460 3130
f 3129 3459 3460
f 3130 3461 3131
f 3130 3460 3461
f 3131 3462 3132
f 3131 3461 3462
f 3132 3463 3133
f 3132 3462 3463
f 3133 3464 3134
f 3133 3463 3464
f 3134 3465 3135
f 3134 3464 3465
f 3135 3466 3136
f 3135 3465 3466
f 3136 3467 3137
f 3136 3466 3467
f 3137 3468 3138
f 3137 3467 3468
f 3138 3469 3139
f 3138 3468 3469
f 3139 3470 3140
f 3139 3469 3470
f 3140 3471 3141
f 3140 3470 3471
f 3141 3472 3142
f 3141 3471 3472
f 3142 3473 3143
f 3142 3472 3473
f 3143 3474 3144
f 3143 3473 3474
f 3144 3475 3145
f 3144 3474 3475
f 3145 3476 3146
f 3145 3475 3476
f 3146 3477 3147
f 3146 3476 3477
f 3147 3478 3148
f 3147 3477 3478
f 3148 3479 3149
f 3148 3478 3479
f 3149 3480 3150
f 3149 3479 3480
f 3150 3481 3151
f 3150 3480 3481
f 3151 3482 3152
f 3151 3481 3482
f 3152 3483 3153
f 3152 3482 3483
f 3153 3484 3154
f 3153 3483 3484
f 3154 3485 3155
f 3154 3484 3485
f 3155 3486 3156
f 3155 3485 3486
f 3156 3487 3157
f 3156 3486 3487
f 3157 3488 3158
f 3157 3487 3488
f 3158 3489 3159
f 3158 3488 3489
f 3159 3490 3160
f 3159 3489 3490
f 3160 3491 3161
f 3160 3490 3491
f 3161 3492 3162
f 3161 3491 3492
f 3162 3493 3163
f 3162 3492 3493
f 3163 3494 3164
f 3163 3493 3494
f 3164 3495 3165
f 3164 3494 3495
f 3165 3496 3166
f 3165 3495 3496
f 3166 3497 3167
f 3166 3496 3497
f 3167 3498 3168
f 3167 3497 3498
f 3168 3499 3169
f 3168 3498 3499
f 3169 3500 3170
f 3169 3499 3500
f 3170 3501 3171
f 3170 3500 3501
f 3171 3502 3172
f 3171 3501 3502
f 3172 3503 3173
f 3172 3502 3503
f 3173 3504 3174
f 3173 3503 3504
f 3174 3505 3175
f 3174 3504 3505
f 3175 3506 3176
f 3175 3505 3506
f 3176 3507 3177
f 3176 3506 3507
f 3177 3508 3178
f 3177 3507 3508
f 3178 3509 3179
f 3178 3508 3509
f 3179 3510 3180
f 3179 3509 3510
f 3180 3511 3181
f 3180 3510 3511
f 3181 3512 3182
f 3181 3511 3512
f 3182 3513 3183
f 3182 3512 3513
f 3183 3514 3184
f 3183 3513 3514
f 3184 3515 3185
f 3184 3514 3515
f 3185 3516 3186
f 3185 3515 3516
f 3186 3517 3187
f 3186 3516 3517
f 3187 3518 3188
f 3187 3517 3518
f 3188 3519 3189
f 3188 3518 3519
f 3189 3520 3190
f 3189 3519 3520
f 3190 3521 3191
f 3190 3520 3521
f 3191 3522 3192
f 3191 3521 3522
f 3192 3523 3193
f 3192 3522 3523
f 3193 3524 3194
f 3193 3523 3524
f 3194 3525 3195
f 3194 3524 3525
f 3195 3526 3196
f 3195 3525 3526
f 3196 3527 3197
f 3196 3526 3527
f 3197 3528 3198
f 3197 3527 3528
f 3198 3529 3199
f 3198 3528 3529
f 3199 3530 3200
f 3199 3529 3530
f 3200 3531 3201
f 3200 3530 3531
f 3201 3532 3202
f 3201 3531 3532
f 3202 3533 3203
f 3202 3532 3533
f 3203 3534 3204
f 3203 3533 3534
f 3204 3535 3205
f 3204 3534 3535
f 3205 3536 3206
f 3205 3535 3536
f 3206 3537 3207
f 3206 3536 3537
f 3207 3538 3208
f 3207 3537 3538
f 3208 3539 3209
f 3208 3538 3539
f 3209 3540 3210
f 3209 3539 3540
f 3210 3541 3211
f 3210 3540 3541
f 3211 3542 3212
f 3211 3541 3542
f 3212 3543 3213
f 3212 3542 3543
f 3213 3544 3214
f 3213 3543 3544
f 3214 3545 3215
f 3214 3544 3545
f 3215 3546 3216
f 3215 3545 3546
f 3216 3547 3217
f 3216 3546 3547
f 3217 3548 3218
f 3217 3547 3548
f 3218 3549 3219
f 3218 3548 3549
f 3219 3550 3220
f 3219 3549 3550
f 3220 3551 3221
f 3220 3550 3551
f 3221 3552 3222
f 3221 3551 3552
f 3222 3553 3223
f 3222 3552 3553
f 3223 3554 3224
f 3223 3553 3554
f 3224 3555 3225
f 3224 3554 3555
f 3225 3556 3226
f 3225 3555 3556
f 3226 3557 3227
f 3226 3556 3557
f 3227 3558 3228
f 3227 3557 3558
f 3228 3559 3229
f 3228 3558 3559
f 3229 3560 3230
f 3229 3559 3560
f 3230 3561 3231
f 3230 3560 3561
f 3231 3562 3232
f 3231 3561 3562
f 3232 3563 3233
f 3232 3562 3563
f 3233 3564 3234
f 3233 3563 3564
f 3234 3565 3235
f 3234 3564 3565
f 3235 3566 3236
f 3235 3565 3566
f 3236 3567 3237
f 3236 3566 3567
f 3237 3568 3238
f 3237 3567 3568
f 3238 3569 3239
f 3238 3568 3569
f 3239 3570 3240
f 3239 3569 3570
f 3240 3571 3241
f 3240 3570 3571
f 3241 3572 3242
f 3241 3571 3572
f 3242 3573 3243
f 3242 3572 3573
f 3243 3574 3244
f 3243 3573 3574
f 3244 3575 3245
f 3244 3574 3575
f 3245 3576 3246
f 3245 3575 3576
f 3246 3577 3247
f 3246 3576 3577
f 3247 3578 3248
f 3247 3577 3578
f 3248 3579 3249
f 3248 3578 3579
f 3249 3580 3250
f 3249 3579 3580
f 3250 3581 3251
f 3250 3580 3581
f 3251 3582 3252
f 3251 3581 3582
f 3252 3583 3253
f 3252 3582 3583
f 3253 3584 3254
f 3253 3583 3584
f 3254 3585 3255
f 3254 3584 3585
f 3255 3586 3256
f 3255 3585 3586
f 3256 3587 3257
f 3256 3586 3587
f 3257 3588 3258
f 3257 3587 3588
f 3258 3589 3259
f 3258 3588 3589
f 3259 3590 3260
f 3259 3589 3590
f 3260 3591 3261
f 3260 3590 3591
f 3261 3592 3262
f 3261 3591 3592
f 3262 3593 3263
f 3262 3592 3593
f 3263 3594 3264
f 3263 3593 3594
f 3264 3595 3265
f 3264 3594 3595
f 3265 3596 3266
f 3265 3595 3596
f 3266 3597 3267
f 3266 3596 3597
f 3267 3598 3268
f 3267 3597 3598
f 3268 3599 3269
f 3268 3598 3599
f 3269 3600 3270
f 3269 3599 3600
f 3270 3601 3271
f 3270 3600 3601
f 3271 3602 3272
f 3271 3601 3602
f 3272 3603 3273
f 3272 3602 3603
f 3273 3604 3274
f 3273 3603 3604
f 3274 3605 3275
f 3274 3604 3605
f 3275 3606 3276
f 3275 3605 3606
f 3276 3607 3277
f 3276 3606 3607
f 3277 3608 3278
f 3277 3607 3608
f 3278 3609 3279
f 3278 3608 3609
f 3279 3610 3280
f 3279 3609 3610
f 3280 3611 3281
f 3280 3610 3611
f 3281 3612 3282
f 3281 3611 3612
f 3282 3613 3283
f 3282 3612 3613
f 3283 3614 3284
f 3283 3613 3614
f 3284 3615 3285
f 3284 3614 3615
f 3285 3616 3286
f 3285 3615 3616
f 3286 3617 3287
f 3286 3616 3617
f 3287 3618 3288
f 3287 3617 3618
f 3288 3619 3289
f 3288 3618 3619
f 3289 3620 3290
f 3289 3619 3620
f 3290 3621 3291
f 3290 3620 3621
f 3291 3622 3292
f 3291 3621 3622
f 3292 3623 3293
f 3292 3622 3623
f 3293 3624 3294
f 3293 3623 3624
f 3294 3625 3295
f 3294 3624 3625
f 3295 3626 3296
f 3295 3625 3626
f 3296 3627 3297
f 3296 3626 3627
f 3297 3628 3298
f 3297 3627 3628
f 3298 3629 3299
f 3298 3628 3629
f 3299 3630 3300
f 3299 3629 3630
f 3301 3632 3302
f 3301 3631 3632
f 3302 3633 3303
f 3302 3632 3633
f 3303 3634 3304
f 3303 3633 3634
f 3304 3635 3305
f 3304 3634 3635
f 3305 3636 3306
f 3305 3635 3636
f 3306 3637 3307
f 3306 3636 3637
f 3307 3638 3308
f 3307 3637 3638
f 3308 3639 3309
f 3308 3638 3639
f 3309 3640 3310
f 3309 3639 3640
f 3310 3641 3311
f 3310 3640 3641
f 3311 3642 3312
f 3311 3641 3642
f 3312 3643 3313
f 3312 3642 3643
f 3313 3644 3314
f 3313 3643 3644
f 3314 3645 3315
f 3314 3644 3645
f 3315 3646 3316
f 3315 3645 3646
f 3316 3647 3317
f 3316 3646 3647
f 3317 3648 3318
f 3317 3647 3648
f 3318 3649 3319
f 3318 3648 3649
f 3319 3650 3320
f 3319 3649 3650
f 3320 3651 3321
f 3320 3650 3651
f 3321 3652 3322
f 3321 3651 3652
f 3322 3653 3323
f 3322 3652 3653
f 3323 3654 3324
f 3323 3653 3654
f 3324 3655 3325
f 3324 3654 3655
f 3325 3656 3326
f 3325 3655 3656
f 3326 3657 3327
f 3326 3656 3657
f 3327 3658 3328
f 3327 3657 3658
f 3328 3659 3329
f 3328 3658 3659
f 3329 3660 3330
f 3329 3659 3660
f 3330 3661 3331
f 3330 3660 3661
f 3331 3662 3332
f 3331 3661 3662
f 3332 3663 3333
f 3332 3662 3663
f 3333 3664 3334
f 3333 3663 3664
f 3334 3665 3335
f 3334 3664 3665
f 3335 3666 3336
f 3335 3665 3666
f 3336 3667 3337
f 3336 3666 3667
f 3337 3668 3338
f 3337 3667 3668
f 3338 3669 3339
f 3338 3668 3669
f 3339 3670 3340
f 3339 3669 3670
f 3340 3671 3341
f 3340 3670 3671
f 3341 3672 3342
f 3341 3671 3672
f 3342 3673 3343
f 3342 3672 3673
f 3343 3674 3344
f 3343 3673 3674
f 3344 3675 3345
f 3344 3674 3675
f 3345 3676 3346
f 3345 3675 3676
f 3346 3677 3347
f 3346 3676 3677
f 3347 3678 3348
f 3347 3677 3678
f 3348 3679 3349
f 3348 3678 3679
f 3349 3680 3350
f 3349 3679 3680
f 3350 3681 3351
f 3350 3680 3681
f 3351 3682 3352
f 3351 3681 3682
f 3352 3683 3353
f 3352 3682 3683
f 3353 3684 3354
f 3353 3683 3684
f 3354 3685 3355
f 3354 3684 3685
f 3355 3686 3356
f 3355 3685 3686
f 3356 3687 3357
f 3356 3686 3687
f 3357 3688 3358
f 3357 3687 3688
f 3358 3689 3359
f 3358 3688 3689
f 3359 3690 3360
f 3359 3689 3690
f 3360 3691 3361
f 3360 3690 3691
f 3361 3692 3362
f 3361 3691 3692
f 3362 3693 3363
f 3362 3692 3693
f 3363 3694 3364
f 3363 3693 3694
f 3364 3695 3365
f 3364 3694 3695
f 3365 3696 3366
f 3365 3695 3696
f 3366 3697 3367
f 3366 3696 3697
f 3367 3698 3368
f 3367 3697 3698
f 3368 3699 3369
f 3368 3698 3699
f 3369 3700 3370
f 3369 3699 3700
f 3370 3701 3371
f 3370 3700 3701
f 3371 3702 3372
f 3371 3701 3702
f 3372 3703 3373
f 3372 3702 3703
f 3373 3704 3374
f 3373 3703 3704
f 3374 3705 3375
f 3374 3704 3705
f 3375 3706 3376
f 3375 3705 3706
f 3376 3707 3377
f 3376 3706 3707
f 3377 3708 3378
f 3377 3707 3708
f 3378 3709 3379
f 3378 3708 3709
f 3379 3710 3380
f 3379 3709 3710
f 3380 3711 3381
f 3380 3710 3711
f 3381 3712 3382
f 3381 3711 3712
f 3382 3713 3383
f 3382 3712 3713
f 3383 3714 3384
f 3383 3713 3714
f 3384 3715 3385
f 3384 3714 3715
f 3385 3716 3386
f 3385 3715 3716
f 3386 3717 3387
f 3386 3716 3717
f 3387 3718 3388
f 3387 3717 3718
f 3388 3719 3389
f 3388 3718 3719
f 3389 3720 3390
f 3389 3719 3720
f 3390 3721 3391
f 3390 3720 3721
f 3391 3722 3392
f 3391 3721 3722
f 3392 3723 3393
f 3392 3722 3723
f 3393 3724 3394
f 3393 3723 3724
f 3394 3725 3395
f 3394 3724 3725
f 3395 3726 3396
f 3395 3725 3726
f 3396 3727 3397
f 3396 3726 3727
f 3397 3728 3398
f 3397 3727 3728
f 3398 3729 3399
f 3398 3728 3729
f 3399 3730 3400
f 3399 3729 3730
f 3400 3731 3401
f 3400 3730 3731
f 3401 3732 3402
f 3401 3731 3732
f 3402 3733 3403
f 3402 3732 3733
f 3403 3734 3404
f 3403 3733 3734
f 3404 3735 3405
f 3404 3734 3735
f 3405 3736 3406
f 3405 3735 3736
f 3406 3737 3407
f 3406 3736 3737
f 3407 3738 3408
f 3407 3737 3738
f 3408 3739 3409
f 3408 3738 3739
f 3409 3740 3410
f 3409 3739 3740
f 3410 3741 3411
f 3410 3740 3741
f 3411 3742 3412
f 3411 3741 3742
f 3412 3743 3413
f 3412 3742 3743
f 3413 3744 3414
f 3413 3743 3744
f 3414 3745 3415
f 3414 3744 3745
f 3415 3746 3416
f 3415 3745 3746
f 3416 3747 3417
f 3416 3746 3747
f 3417 3748 3418
f 3417 3747 3748
f 3418 3749 3419
f 3418 3748 3749
f 3419 3750 3420
f 3419 3749 3750
f 3420 3751 3421
f 3420 3750 3751
f 3421 3752 3422
f 3421 3751 3752
f 3422 3753 3423
f 3422 3752 3753
f 3423 3754 3424
f 3423 3753 3754
f 3424 3755 3425
f 3424 3754 3755
f 3425 3756 3426
f 3425 3755 3756
f 3426 3757 3427
f 3426 3756 3757
f 3427 3758 3428
f 3427 3757 3758
f 3428 3759 3429
f 3428 3758 3759
f 3429 3760 3430
f 3429 3759 3760
f 3430 3761 3431
f 3430 3760 3761
f 3431 3762 3432
f 3431 3761 3762
f 3432 3763 3433
f 3432 3762 3763
f 3433 3764 3434
f 3433 3763 3764
f 3434 3765 3435
f 3434 3764 3765
f 3435 3766 3436
f 3435 3765 3766
f 3436 3767 3437
f 3436 3766 3767
f 3437 3768 3438
f 3437 3767 3768
f 3438 3769 3439
f 3438 3768 3769
f 3439 3770 3440
f 3439 3769 3770
f 3440 3771 3441
f 3440 3770 3771
f 3441 3772 3442
f 3441 3771 3772
f 3442 3773 3443
f 3442 3772 3773
f 3443 3774 3444
f 3443 3773 3774
f 3444 3775 3445
f 3444 3774 3775
f 3445 3776 3446
f 3445 3775 3776
f 3446 3777 3447
f 3446 3776 3777
f 3447 3778 3448
f 3447 3777 3778
f 3448 3779 3449
f 3448 3778 3779
f 3449 3780 3450
f 3449 3779 3780
f 3450 3781 3451
f 3450 3780 3781
f 3451 3782 3452
f 3451 3781 3782
f 3452 3783 3453
f 3452 3782 3783
f 3453 3784 3454
f 3453 3783 3784
f 3454 3785 3455
f 3454 3784 3785
f 3455 3786 3456
f 3455 3785 3786
f 3456 3787 3457
f 3456 3786 3787
f 3457 3788 3458
f 3457 3787 3788
f 3458 3789 3459
f 3458 3788 3789
f 3459 3790 3460
f 3459 3789 3790
f 3460 3791 3461
f 3460 3790 3791
f 3461 3792 3462
f 3461 3791 3792
f 3462 3793 3463
f 3462 3792 3793
f 3463 3794 3464
f 3463 3793 3794
f 3464 3795 3465
f 3464 3794 3795
f 3465 3796 3466
f 3465 3795 3796
f 3466 3797 3467
f 3466 3796 3797
f 3467 3798 3468
f 3467 3797 3798
f 3468 3799 3469
f 3468 3798 3799
f 3469 3800 3470
f 3469 3799 3800
f 3470 3801 3471
f 3470 3800 3801
f 3471 3802 3472
f 3471 3801 3802
f 3472 3803 3473
f 3472 3802 3803
f 3473 3804 3474
f 3473 3803 3804
f 3474 3805 3475
f 3474 3804 3805
f 3475 3806 3476
f 3475 3805 3806
f 3476 3807 3477
f 3476 3806 3807
f 3477 3808 3478
f 3477 3807 3808
f 3478 3809 3479
f 3478 3808 3809
f 3479 3810 3480
f 3479 3809 3810
f 3480 3811 3481
f 3480 3810 3811
f 3481 3812 3482
f 3481 3811 3812
f 3482 3813 3483
f 3482 3812 3813
f 3483 3814 3484
f 3483 3813 3814
f 3484 3815 3485
f 3484 3814 3815
f 3485 3816 3486
f 3485 3815 3816
f 3486 3817 3487
f 3486 3816 3817
f 3487 3818 3488
f 3487 3817 3818
f 3488 3819 3489
f 3488 3818 3819
f 3489 3820 3490
f 3489 3819 3820
f 3490 3821 3491
f 3490 3820 3821
f 3491 3822 3492
f 3491 3821 3822
f 3492 3823 3493
f 3492 3822 3823
f 3493 3824 3494
f 3493 3823 3824
f 3494 3825 3495
f 3494 3824 3825
f 3495 3826 3496
f 3495 3825 3826
f 3496 3827 3497
f 3496 3826 3827
f 3497 3828 3498
f 3497 3827 3828
f 3498 3829 3499
f 3498 3828 3829
f 3499 3830 3500
f 3499 3829 3830
f 3500 3831 3501
f 3500 3830 3831
f 3501 3832 3502
f 3501 3831 3832
f 3502 3833 3503
f 3502 3832 3833
f 3503 3834 3504
f 3503 3833 3834
f 3504 3835 3505
f 3504 3834 3835
f 3505 3836 3506
f 3505 3835 3836
f 3506 3837 3507
f 3506 3836 3837
f 3507 3838 3508
f 3507 3837 3838
f 3508 3839 3509
f 3508 3838 3839
f 3509 3840 3510
f 3509 3839 3840
f 3510 3841 3511
f 3510 3840 3841
f 3511 3842 3512
f 3511 3841 3842
f 3512 3843 3513
f 3512 3842 3843
f 3513 3844 3514
f 3513 3843 3844
f 3514 3845 3515
f 3514 3844 3845
f 3515 3846 3516
f 3515 3845 3846
f 3516 3847 3517
f 3516 3846 3847
f 3517 3848 3518
f 3517 3847 3848
f 3518 3849 3519
f 3518 3848 3849
f 3519 3850 3520
f 3519 3849 3850
f 3520 3851 3521
f 3520 3850 3851
f 3521 3852 3522
f 3521 3851 3852
f 3522 3853 3523
f 3522 3852 3853
f 3523 3854 3524
f 3523 3853 3854
f 3524 3855 3525
f 3524 3854 3855
f 3525 3856 3526
f 3525 3855 3856
f 3526 3857 3527
f 3526 3856 3857
f 3527 3858 3528
f 3527 3857 3858
f 3528 3859 3529
f 3528 3858 3859
f 3529 3860 3530
f 3529 3859 3860
f 3530 3861 3531
f 3530 3860 3861
f 3531 3862 3532
f 3531 3861 3862
f 3532 3863 3533
f 3532 3862 3863
f 3533 3864 3534
f 3533 3863 3864
f 3534 3865 3535
f 3534 3864 3865
f 3535 3866 3536
f 3535 3865 3866
f 3536 3867 3537
f 3536 3866 3867
f 3537 3868 3538
f 3537 3867 3868
f 3538 3869 3539
f 3538 3868 3869
f 3539 3870 3540
f 3539 3869 3870
f 3540 3871 3541
f 3540 3870 3871
f 3541 3872 3542
f 3541 3871 3872
f 3542 3873 3543
f 3542 3872 3873
f 3543 3874 3544
f 3543 3873 3874
f 3544 3875 3545
f 3544 3874 3875
f 3545 3876 3546
f 3545 3875 3876
f 3546 3877 3547
f 3546 3876 3877
f 3547 3878 3548
f 3547 3877 3878
f 3548 3879 3549
f 3548 3878 3879
f 3549 3880 3550
f 3549 3879 3880
f 3550 3881 3551
f 3550 3880 3881
f 3551 3882 3552
f 3551 3881 3882
f 3552 3883 3553
f 3552 3882 3883
f 3553 3884 3554
f 3553 3883 3884
f 3554 3885 3555
f 3554 3884 3885
f 3555 3886 3556
f 3555 3885 3886
f 3556 3887 3557
f 3556 3886 3887
f 3557 3888 3558
f 3557 3887 3888
f 3558 3889 3559
f 3558 3888 3889
f 3559 3890 3560
f 3559 3889 3890
f 3560 3891 3561
f 3560 3890 3891
f 3561 3892 3562
f 3561 3891 3892
f 3562 3893 3563
f 3562 3892 3893
f 3563 3894 3564
f 3563 3893 3894
f 3564 3895 3565
f 3564 3894 3895
f 3565 3896 3566
f 3565 3895 3896
f 3566 3897 3567
f 3566 3896 3897
f 3567 3898 3568
f 3567 3897 3898
f 3568 3899 3569
f 3568 3898 3899
f 3569 3900 3570
f 3569 3899 3900
f 3570 3901 3571
f 3570 3900 3901
f 3571 3902 3572
f 3571 3901 3902
f 3572 3903 3573
f 3572 3902 3903
f 3573 3904 3574
f 3573 3903 3904
f 3574 3905 3575
f 3574 3904 3905
f 3575 3906 3576
f 3575 3905 3906
f 3576 3907 3577
f 3576 3906 3907
f 3577 3908 3578
f 3577 3907 3908
f 3578 3909 3579
f 3578 3908 3909
f 3579 3910 3580
f 3579 3909 3910
f 3580 3911 3581
f 3580 3910 3911
f 3581 3912 3582
f 3581 3911 3912
f 3582 3913 3583
f 3582 3912 3913
f 3583 3914 3584
f 3583 3913 3914
f 3584 3915 3585
f 3584 3914 3915
f 3585 3916 3586
f 3585 3915 3916
f 3586 3917 3587
f 3586 3916 3917
f 3587 3918 3588
f 3587 3917 3918
f 3588 3919 3589
f 3588 3918 3919
f 3589 3920 3590
f 3589 3919 3920
f 3590 3921 3591
f 3590 3920 3921
f 3591 3922 3592
f 3591 3921 3922
f 3592 3923 3593
f 3592 3922 3923
f 3593 3924 3594
f 3593 3923 3924
f 3594 3925 3595
f 3594 3924 3925
f 3595 3926 3596
f 3595 3925 3926
f 3596 3927 3597
f 3596 3926 3927
f 3597 3928 3598
f 3597 3927 3928
f 3598 3929 3599
f 3598 3928 3929
f 3599 3930 3600
f 3599 3929 3930
f 3600 3931 3601
f 3600 3930 3931
f 3601 3932 3602
f 3601 3931 3932
f 3602 3933 3603
f 3602 3932 3933
f 3603 3934 3604
f 3603 3933 3934
f 3604 3935 3605
f 3604 3934 3935
f 3605 3936 3606
f 3605 3935 3936
f 3606 3937 3607
f 3606 3936 3937
f 3607 3938 3608
f 3607 3937 3938
f 3608 3939 3609
f 3608 3938 3939
f 3609 3940 3610
f 3609 3939 3940
f 3610 3941 3611
f 3610 3940 3941
f 3611 3942 3612
f 3611 3941 3942
f 3612 3943 3613
f 3612 3942 3943
f 3613 3944 3614
f 3613 3943 3944
f 3614 3945 3615
f 3614 3944 3945
f 3615 3946 3616
f 3615 3945 3946
f 3616 3947 3617
f 3616 3946 3947
f 3617 3948 3618
f 3617 3947 3948
f 3618 3949 3619
f 3618 3948 3949
f 3619 3950 3620
f 3619 3949 3950
f 3620 3951 3621
f 3620 3950 3951
f 3621 3952 3622
f 3621 3951 3952
f 3622 3953 3623
f 3622 3952 3953
f 3623 3954 3624
f 3623 3953 3954
f 3624 3955 3625
f 3624 3954 3955
f 3625 3956 3626
f 3625 3955 3956
f 3626 3957 3627
f 3626 3956 3957
f 3627 3958 3628
f 3627 3957 3958
f 3628 3959 3629
f 3628 3958 3959
f 3629 3960 3630
f 3629 3959 3960
f 3631 3962 3632
f 3631 3961 3962
f 3632 3963 3633
f 3632 3962 3963
f 3633 3964 3634
f 3633 3963 3964
f 3634 3965 3635
f 3634 3964 3965
f 3635 3966 3636
f 3635 3965 3966
f 3636 3967 3637
f 3636 3966 3967
f 3637 3968 3638
f 3637 3967 3968
f 3638 3969 3639
f 3638 3968 3969
f 3639 3970 3640
f 3639 3969 3970
f 3640 3971 3641
f 3640 3970 3971
f 3641 3972 3642
f 3641 3971 3972
f 3642 3973 3643
f 3642 3972 3973
f 3643 3974 3644
f 3643 3973 3974
f 3644 3975 3645
f 3644 3974 3975
f 3645 3976 3646
f 3645 3975 3976
f 3646 3977 3647
f 3646 3976 3977
f 3647 3978 3648
f 3647 3977 3978
f 3648 3979 3649
f 3648 3978 3979
f 3649 3980 3650
f 3649 3979 3980
f 3650 3981 3651
f 3650 3980 3981
f 3651 3982 3652
f 3651 3981 3982
f 3652 3983 3653
f 3652 3982 3983
f 3653 3984 3654
f 3653 3983 3984
f 3654 3985 3655
f 3654 3984 3985
f 3655 3986 3656
f 3655 3985 3986
f 3656 3987 3657
f 3656 3986 3987
f 3657 3988 3658
f 3657 3987 3988
f 3658 3989 3659
f 3658 3988 3989
f 3659 3990 3660
f 3659 3989 3990
f 3660 3991 3661
f 3660 3990 3991
f 3661 3992 3662
f 3661 3991 3992
f 3662 3993 3663
f 3662 3992 3993
f 3663 3994 3664
f 3663 3993 3994
f 3664 3995 3665
f 3664 3994 3995
f 3665 3996 3666
f 3665 3995 3996
f 3666 3997 3667
f 3666 3996 3997
f 3667 3998 3668
f 3667 3997 3998
f 3668 3999 3669
f 3668 3998 3999
f 3669 4000 3670
f 3669 3999 4000
f 3670 4001 3671
f 3670 4000 4001
f 3671 4002 3672
f 3671 4001 4002
f 3672 4003 3673
f 3672 4002 4003
f 3673 4004 3674
f 3673 4003 4004
f 3674 4005 3675
f 3674 4004 4005
f 3675 4006 3676
f 3675 4005 4006
f 3676 4007 3677
f 3676 4006 4007
f 3677 4008 3678
f 3677 4007 4008
f 3678 4009 3679
f 3678 4008 4009
f 3679 4010 3680
f 3679 4009 4010
f 3680 4011 3681
f 3680 4010 4011
f 3681 4012 3682
f 3681 4011 4012
f 3682 4013 3683
f 3682 4012 4013
f 3683 4014 3684
f 3683 4013 4014
f 3684 4015 3685
f 3684 4014 4015
f 3685 4016 3686
f 3685 4015 4016
f 3686 4017 3687
f 3686 4016 4017
f 3687 4018 3688
f 3687 4017 4018
f 3688 4019 3689
f 3688 4018 4019
f 3689 4020 3690
f 3689 4019 4020
f 3690 4021 3691
f 3690 4020 4021
f 3691 4022 3692
f 3691 4021 4022
f 3692 4023 3693
f 3692 4022 4023
f 3693 4024 3694
f 3693 4023 4024
f 3694 4025 3695
f 3694 4024 4025
f 3695 4026 3696
f 3695 4025 4026
f 3696 4027 3697
f 3696 4026 4027
f 3697 4028 3698
f 3697 4027 4028
f 3698 4029 3699
f 3698 4028 4029
f 3699 4030 3700
f 3699 4029 4030
f 3700 4031 3701
f 3700 4030 4031
f 3701 4032 3702
f 3701 4031 4032
f 3702 4033 3703
f 3702 4032 4033
f 3703 4034 3704
f 3703 4033 4034
f 3704 4035 3705
f 3704 4034 4035
f 3705 4036 3706
f 3705 4035 4036
f 3706 4037 3707
f 3706 4036 4037
f 3707 4038 3708
f 3707 4037 4038
f 3708 4039 3709
f 3708 4038 4039
f 3709 4040 3710
f 3709 4039 4040
f 3710 4041 3711
f 3710 4040 4041
f 3711 4042 3712
f 3711 4041 4042
f 3712 4043 3713
f 3712 4042 4043
f 3713 4044 3714
f 3713 4043 4044
f 3714 4045 3715
f 3714 4044 4045
f 3715 4046 3716
f 3715 4045 4046
f 3716 4047 3717
f 3716 4046 4047
f 3717 4048 3718
f 3717 4047 4048
f 3718 4049 3719
f 3718 4048 4049
f 3719 4050 3720
f 3719 4049 4050
f 3720 4051 3721
f 3720 4050 4051
f 3721 4052 3722
f 3721 4051 4052
f 3722 4053 3723
f 3722 4052 4053
f 3723 4054 3724
f 3723 4053 4054
f 3724 4055 3725
f 3724 4054 4055
f 3725 4056 3726
f 3725 4055 4056
f 3726 4057 3727
f 3726 4056 4057
f 3727 4058 3728
f 3727 4057 4058
f 3728 4059 3729
f 3728 4058 4059
f 3729 4060 3730
f 3729 4059 4060
f 3730 4061 3731
f 3730 4060 4061
f 3731 4062 3732
f 3731 4061 4062
f 3732 4063 3733
f 3732 4062 4063
f 3733 4064 3734
f 3733 4063 4064
f 3734 4065 3735
f 3734 4064 4065
f 3735 4066 3736
f 3735 4065 4066
f 3736 4067 3737
f 3736 4066 4067
f 3737 4068 3738
f 3737 4067 4068
f 3738 4069 3739
f 3738 4068 4069
f 3739 4070 3740
f 3739 4069 4070
f 3740 4071 3741
f 3740 4070 4071
f 3741 4072 3742
f 3741 4071 4072
f 3742 4073 3743
f 3742 4072 4073
f 3743 4074 3744
f 3743 4073 4074
f 3744 4075 3745
f 3744 4074 4075
f 3745 4076 3746
f 3745 4075 4076
f 3746 4077 3747
f 3746 4076 4077
f 3747 4078 3748
f 3747 4077 4078
f 3748 4079 3749
f 3748 4078 4079
f 3749 4080 3750
f 3749 4079 4080
f 3750 4081 3751
f 3750 4080 4081
f 3751 4082 3752
f 3751 4081 4082
f 3752 4083 3753
f 3752 4082 4083
f 3753 4084 3754
f 3753 4083 4084
f 3754 4085 3755
f 3754 4084 4085
f 3755 4086 3756
f 3755 4085 4086
f 3756 4087 3757
f 3756 4086 4087
f 3757 4088 3758
f 3757 4087 4088
f 3758 4089 3759
f 3758 4088 4089
f 3759 4090 3760
f 3759 4089 4090
f 3760 4091 3761
f 3760 4090 4091
f 3761 4092 3762
f 3761 4091 4092
f 3762 4093 3763
f 3762 4092 4093
f 3763 4094 3764
f 3763 4093 4094
f 3764 4095 3765
f 3764 4094 4095
f 3765 4096 3766
f 3765 4095 4096
f 3766 4097 3767
f 3766 4096 4097
f 3767 4098 3768
f 3767 4097 4098
f 3768 4099 3769
f 3768 4098 4099
f 3769 4100 3770
f 3769 4099 4100
f 3770 4101 3771
f 3770 4100 4101
f 3771 4102 3772
f 3771 4101 4102
f 3772 4103 3773
f 3772 4102 4103
f 3773 4104 3774
f 3773 4103 4104
f 3774 4105 3775
f 3774 4104 4105
f 3775 4106 3776
f 3775 4105 4106
f 3776 4107 3777
f 3776 4106 4107
f 3777 4108 3778
f 3777 4107 4108
f 3778 4109 3779
f 3778 4108 4109
f 3779 4110 3780
f 3779 4109 4110
f 3780 4111 3781
f 3780 4110 4111
f 3781 4112 3782
f 3781 4111 4112
f 3782 4113 3783
f 3782 4112 4113
f 3783 4114 3784
f 3783 4113 4114
f 3784 4115 3785
f 3784 4114 4115
f 3785 4116 3786
f 3785 4115 4116
f 3786 4117 3787
f 3786 4116 4117
f 3787 4118 3788
f 3787 4117 4118
f 3788 4119 3789
f 3788 4118 4119
f 3789 4120 3790
f 3789 4119 4120
f 3790 4121 3791
f 3790 4120 4121
f 3791 4122 3792
f 3791 4121 4122
f 3792 4123 3793
f 3792 4122 4123
f 3793 4124 3794
f 3793 4123 4124
f 3794 4125 3795
f 3794 4124 4125
f 3795 4126 3796
f 3795 4125 4126
f 3796 4127 3797
f 3796 4126 4127
f 3797 4128 3798
f 3797 4127 4128
f 3798 4129 3799
f 3798 4128 4129
f 3799 4130 3800
f 3799 4129 4130
f 3800 4131 3801
f 3800 4130 4131
f 3801 4132 3802
f 3801 4131 4132
f 3802 4133 3803
f 3802 4132 4133
f 3803 4134 3804
f 3803 4133 4134
f 3804 4135 3805
f 3804 4134 4135
f 3805 4136 3806
f 3805 4135 4136
f 3806 4137 3807
f 3806 4136 4137
f 3807 4138 3808
f 3807 4137 4138
f 3808 4139 3809
f 3808 4138 4139
f 3809 4140 3810
f 3809 4139 4140
f 3810 4141 3811
f 3810 4140 4141
f 3811 4142 3812
f 3811 4141 4142
f 3812 4143 3813
f 3812 4142 4143
f 3813 4144 3814
f 3813 4143 4144
f 3814 4145 3815
f 3814 4144 4145
f 3815 4146 3816
f 3815 4145 4146
f 3816 4147 3817
f 3816 4146 4147
f 3817 4148 3818
f 3817 4147 4148
f 3818 4149 3819
f 3818 4148 4149
f 3819 4150 3820
f 3819 4149 4150
f 3820 4151 3821
f 3820 4150 4151
f 3821 4152 3822
f 3821 4151 4152
f 3822 4153 3823
f 3822 4152 4153
f 3823 4154 3824
f 3823 4153 4154
f 3824 4155 3825
f 3824 4154 4155
f 3825 4156 3826
f 3825 4155 4156
f 3826 4157 3827
f 3826 4156 4157
f 3827 4158 3828
f 3827 4157 4158
f 3828 4159 3829
f 3828 4158 4159
f 3829 4160 3830
f 3829 4159 4160
f 3830 4161 3831
f 3830 4160 4161
f 3831 4162 3832
f 3831 4161 4162
f 3832 4163 3833
f 3832 4162 4163
f 3833 4164 3834
f 3833 4163 4164
f 3834 4165 3835
f 3834 4164 4165
f 3835 4166 3836
f 3835 4165 4166
f 3836 4167 3837
f 3836 4166 4167
f 3837 4168 3838
f 3837 4167 4168
f 3838 4169 3839
f 3838 4168 4169
f 3839 4170 3840
f 3839 4169 4170
f 3840 4171 3841
f 3840 4170 4171
f 3841 4172 3842
f 3841 4171 4172
f 3842 4173 3843
f 3842 4172 4173
f 3843 4174 3844
f 3843 4173 4174
f 3844 4175 3845
f 3844 4174 4175
f 3845 4176 3846
f 3845 4175 4176
f 3846 4177 3847
f 3846 4176 4177
f 3847 4178 3848
f 3847 4177 4178
f 3848 4179 3849
f 3848 4178 4179
f 3849 4180 3850
f 3849 4179 4180
f 3850 4181 3851
f 3850 4180 4181
f 3851 4182 3852
f 3851 4181 4182
f 3852 4183 3853
f 3852 4182 4183
f 3853 4184 3854
f 3853 4183 4184
f 3854 4185 3855
f 3854 4184 4185
f 3855 4186 3856
f 3855 4185 4186
f 3856 4187 3857
f 3856 4186 4187
f 3857 4188 3858
f 3857 4187 4188
f 3858 4189 3859
f 3858 4188 4189
f 3859 4190 3860
f 3859 4189 4190
f 3860 4191 3861
f 3860 4190 4191
f 3861 4192 3862
f 3861 4191 4192
f 3862 4193 3863
f 3862 4192 4193
f 3863 4194 3864
f 3863 4193 4194
f 3864 4195 3865
f 3864 4194 4195
f 3865 4196 3866
f 3865 4195 4196
f 3866 4197 3867
f 3866 4196 4197
f 3867 4198 3868
f 3867 4197 4198
f 3868 4199 3869
f 3868 4198 4199
f 3869 4200 3870
f 3869 4199 4200
f 3870 4201 3871
f 3870 4200 4201
f 3871 4202 3872
f 3871 4201 4202
f 3872 4203 3873
f 3872 4202 4203
f 3873 4204 3874
f 3873 4203 4204
f 3874 4205 3875
f 3874 4204 4205
f 3875 4206 3876
f 3875 4205 4206
f 3876 4207 3877
f 3876 4206 4207
f 3877 4208 3878
f 3877 4207 4208
f 3878 4209 3879
f 3878 4208 4209
f 3879 4210 3880
f 3879 4209 4210
f 3880 4211 3881
f 3880 4210 4211
f 3881 4212 3882
f 3881 4211 4212
f 3882 4213 3883
f 3882 4212 4213
f 3883 4214 3884
f 3883 4213 4214
f 3884 4215 3885
f 3884 4214 4215
f 3885 4216 3886
f 3885 4215 4216
f 3886 4217 3887
f 3886 4216 4217
f 3887 4218 3888
f 3887 4217 4218
f 3888 4219 3889
f 3888 4218 4219
f 3889 4220 3890
f 3889 4219 4220
f 3890 4221 3891
f 3890 4220 4221
f 3891 4222 3892
f 3891 4221 4222
f 3892 4223 3893
f 3892 4222 4223
f 3893 4224 3894
f 3893 4223 4224
f 3894 4225 3895
f 3894 4224 4225
f 3895 4226 3896
f 3895 4225 4226
f 3896 4227 3897
f 3896 4226 4227
f 3897 4228 3898
f 3897 4227 4228
f 3898 4229 3899
f 3898 4228 4229
f 3899 4230 3900
f 3899 4229 4230
f 3900 4231 3901
f 3900 4230 4231
f 3901 4232 3902
f 3901 4231 4232
f 3902 4233 3903
f 3902 4232 4233
f 3903 4234 3904
f 3903 4233 4234
f 3904 4235 3905
f 3904 4234 4235
f 3905 4236 3906
f 3905 4235 4236
f 3906 4237 3907
f 3906 4236 4237
f 3907 4238 3908
f 3907 4237 4238
f 3908 4239 3909
f 3908 4238 4239
f 3909 4240 3910
f 3909 4239 4240
f 3910 4241 3911
f 3910 4240 4241
f 3911 4242 3912
f 3911 4241 4242
f 3912 4243 3913
f 3912 4242 4243
f 3913 4244 3914
f 3913 4243 4244
f 3914 4245 3915
f 3914 4244 4245
f 3915 4246 3916
f 3915 4245 4246
f 3916 4247 3917
f 3916 4246 4247
f 3917 4248 3918
f 3917 4247 4248
f 3918 4249 3919
f 3918 4248 4249
f 3919 4250 3920
f 3919 4249 4250
f 3920 4251 3921
f 3920 4250 4251
f 3921 4252 3922
f 3921 4251 4252
f 3922 4253 3923
f 3922 4252 4253
f 3923 4254 3924
f 3923 4253 4254
f 3924 4255 3925
f 3924 4254 4255
f 3925 4256 3926
f 3925 4255 4256
f 3926 4257 3927
f 3926 4256 4257
f 3927 4258 3928
f 3927 4257 4258
f 3928 4259 3929
f 3928 4258 4259
f 3929 4260 3930
f 3929 4259 4260
f 3930 4261 3931
f 3930 4260 4261
f 3931 4262 3932
f 3931 4261 4262
f 3932 4263 3933
f 3932 4262 4263
f 3933 4264 3934
f 3933 4263 4264
f 3934 4265 3935
f 3934 4264 4265
f 3935 4266 3936
f 3935 4265 4266
f 3936 4267 3937
f 3936 4266 4267
f 3937 4268 3938
f 3937 4267 4268
f 3938 4269 3939
f 3938 4268 4269
f 3939 4270 3940
f 3939 4269 4270
f 3940 4271 3941
f 3940 4270 4271
f 3941 4272 3942
f 3941 4271 4272
f 3942 4273 3943
f 3942 4272 4273
f 3943 4274 3944
f 3943 4273 4274
f 3944 4275 3945
f 3944 4274 4275
f 3945 4276 3946
f 3945 4275 4276
f 3946 4277 3947
f 3946 4276 4277
f 3947 4278 3948
f 3947 4277 4278
f 3948 4279 3949
f 3948 4278 4279
f 3949 4280 3950
f 3949 4279 4280
f 3950 4281 3951
f 3950 4280 4281
f 3951 4282 3952
f 3951 4281 4282
f 3952 4283 3953
f 3952 4282 4283
f 3953 4284 3954
f 3953 4283 4284
f 3954 4285 3955
f 3954 4284 4285
f 3955 4286 3956
f 3955 4285 4286
f 3956 4287 3957
f 3956 4286 4287
f 3957 4288 3958
f 3957 4287 4288
f 3958 4289 3959
f 3958 4288 4289
f 3959 4290 3960
f 3959 4289 4290
f 3961 4292 3962
f 3961 4291 4292
f 3962 4293 3963
f 3962 4292 4293
f 3963 4294 3964
f 3963 4293 4294
f 3964 4295 3965
f 3964 4294 4295
f 3965 4296 3966
f 3965 4295 4296
f 3966 4297 3967
f 3966 4296 4297
f 3967 4298 3968
f 3967 4297 4298
f 3968 4299 3969
f 3968 4298 4299
f 3969 4300 3970
f 3969 4299 4300
f 3970 4301 3971
f 3970 4300 4301
f 3971 4302 3972
f 3971 4301 4302
f 3972 4303 3973
f 3972 4302 4303
f 3973 4304 3974
f 3973 4303 4304
f 3974 4305 3975
f 3974 4304 4305
f 3975 4306 3976
f 3975 4305 4306
f 3976 4307 3977
f 3976 4306 4307
f 3977 4308 3978
f 3977 4307 4308
f 3978 4309 3979
f 3978 4308 4309
f 3979 4310 3980
f 3979 4309 4310
f 3980 4311 3981
f 3980 4310 4311
f 3981 4312 3982
f 3981 4311 4312
f 3982 4313 3983
f 3982 4312 4313
f 3983 4314 3984
f 3983 4313 4314
f 3984 4315 3985
f 3984 4314 4315
f 3985 4316 3986
f 3985 4315 4316
f 3986 4317 3987
f 3986 4316 4317
f 3987 4318 3988
f 3987 4317 4318
f 3988 4319 3989
f 3988 4318 4319
f 3989 4320 3990
f 3989 4319 4320
f 3990 4321 3991
f 3990 4320 4321
f 3991 4322 3992
f 3991 4321 4322
f 3992 4323 3993
f 3992 4322 4323
f 3993 4324 3994
f 3993 4323 4324
f 3994 4325 3995
f 3994 4324 4325
f 3995 4326 3996
f 3995 4325 4326
f 3996 4327 3997
f 3996 4326 4327
f 3997 4328 3998
f 3997 4327 4328
f 3998 4329 3999
f 3998 4328 4329
f 3999 4330 4000
f 3999 4329 4330
f 4000 4331 4001
f 4000 4330 4331
f 4001 4332 4002
f 4001 4331 4332
f 4002 4333 4003
f 4002 4332 4333
f 4003 4334 4004
f 4003 4333 4334
f 4004 4335 4005
f 4004 4334 4335
f 4005 4336 4006
f 4005 4335 4336
f 4006 4337 4007
f 4006 4336 4337
f 4007 4338 4008
f 4007 4337 4338
f 4008 4339 4009
f 4008 4338 4339
f 4009 4340 4010
f 4009 4339 4340
f 4010 4341 4011
f 4010 4340 4341
f 4011 4342 4012
f 4011 4341 4342
f 4012 4343 4013
f 4012 4342 4343
f 4013 4344 4014
f 4013 4343 4344
f 4014 4345 4015
f 4014 4344 4345
f 4015 4346 4016
f 4015 4345 4346
f 4016 4347 4017
f 4016 4346 4347
f 4017 4348 4018
f 4017 4347 4348
f 4018 4349 4019
f 4018 4348 4349
f 4019 4350 4020
f 4019 4349 4350
f 4020 4351 4021
f 4020 4350 4351
f 4021 4352 4022
f 4021 4351 4352
f 4022 4353 4023
f 4022 4352 4353
f 4023 4354 4024
f 4023 4353 4354
f 4024 4355 4025
f 4024 4354 4355
f 4025 4356 4026
f 4025 4355 4356
f 4026 4357 4027
f 4026 4356 4357
f 4027 4358 4028
f 4027 4357 4358
f 4028 4359 4029
f 4028 4358 4359
f 4029 4360 4030
f 4029 4359 4360
f 4030 4361 4031
f 4030 4360 4361
f 4031 4362 4032
f 4031 4361 4362
f 4032 4363 4033
f 4032 4362 4363
f 4033 4364 4034
f 4033 4363 4364
f 4034 4365 4035
f 4034 4364 4365
f 4035 4366 4036
f 4035 4365 4366
f 4036 4367 4037
f 4036 4366 4367
f 4037 4368 4038
f 4037 4367 4368
f 4038 4369 4039
f 4038 4368 4369
f 4039 4370 4040
f 4039 4369 4370
f 4040 4371 4041
f 4040 4370 4371
f 4041 4372 4042
f 4041 4371 4372
f 4042 4373 4043
f 4042 4372 4373
f 4043 4374 4044
f 4043 4373 4374
f 4044 4375 4045
f 4044 4374 4375
f 4045 4376 4046
f 4045 4375 4376
f 4046 4377 4047
f 4046 4376 4377
f 4047 4378 4048
f 4047 4377 4378
f 4048 4379 4049
f 4048 4378 4379
f 4049 4380 4050
f 4049 4379 4380
f 4050 4381 4051
f 4050 4380 4381
f 4051 4382 4052
f 4051 4381 4382
f 4052 4383 4053
f 4052 4382 4383
f 4053 4384 4054
f 4053 4383 4384
f 4054 4385 4055
f 4054 4384 4385
f 4055 4386 4056
f 4055 4385 4386
f 4056 4387 4057
f 4056 4386 4387
f 4057 4388 4058
f 4057 4387 4388
f 4058 4389 4059
f 4058 4388 4389
f 4059 4390 4060
f 4059 4389 4390
f 4060 4391 4061
f 4060 4390 4391
f 4061 4392 4062
f 4061 4391 4392
f 4062 4393 4063
f 4062 4392 4393
f 4063 4394 4064
f 4063 4393 4394
f 4064 4395 4065
f 4064 4394 4395
f 4065 4396 4066
f 4065 4395 4396
f 4066 4397 4067
f 4066 4396 4397
f 4067 4398 4068
f 4067 4397 4398
f 4068 4399 4069
f 4068 4398 4399
f 4069 4400 4070
f 4069 4399 4400
f 4070 4401 4071
f 4070 4400 4401
f 4071 4402 4072
f 4071 4401 4402
f 4072 4403 4073
f 4072 4402 4403
f 4073 4404 4074
f 4073 4403 4404
f 4074 4405 4075
f 4074 4404 4405
f 4075 4406 4076
f 4075 4405 4406
f 4076 4407 4077
f 4076 4406 4407
f 4077 4408 4078
f 4077 4407 4408
f 4078 4409 4079
f 4078 4408 4409
f 4079 4410 4080
f 4079 4409 4410
f 4080 4411 4081
f 4080 4410 4411
f 4081 4412 4082
f 4081 4411 4412
f 4082 4413 4083
f 4082 4412 4413
f 4083 4414 4084
f 4083 4413 4414
f 4084 4415 4085
f 4084 4414 4415
f 4085 4416 4086
f 4085 4415 4416
f 4086 4417 4087
f 4086 4416 4417
f 4087 4418 4088
f 4087 4417 4418
f 4088 4419 4089
f 4088 4418 4419
f 4089 4420 4090
f 4089 4419 4420
f 4090 4421 4091
f 4090 4420 4421
f 4091 4422 4092
f 4091 4421 4422
f 4092 4423 4093
f 4092 4422 4423
f 4093 4424 4094
f 4093 4423 4424
f 4094 4425 4095
f 4094 4424 4425
f 4095 4426 4096
f 4095 4425 4426
f 4096 4427 4097
f 4096 4426 4427
f 4097 4428 4098
f 4097 4427 4428
f 4098 4429 4099
f 4098 4428 4429
f 4099 4430 4100
f 4099 4429 4430
f 4100 4431 4101
f 4100 4430 4431
f 4101 4432 4102
f 4101 4431 4432
f 4102 4433 4103
f 4102 4432 4433
f 4103 4434 4104
f 4103 4433 4434
f 4104 4435 4105
f 4104 4434 4435
f 4105 4436 4106
f 4105 4435 4436
f 4106 4437 4107
f 4106 4436 4437
f 4107 4438 4108
f 4107 4437 4438
f 4108 4439 4109
f 4108 4438 4439
f 4109 4440 4110
f 4109 4439 4440
f 4110 4441 4111
f 4110 4440 4441
f 4111 4442 4112
f 4111 4441 4442
f 4112 4443 4113
f 4112 4442 4443
f 4113 4444 4114
f 4113 4443 4444
f 4114 4445 4115
f 4114 4444 4445
f 4115 4446 4116
f 4115 4445 4446
f 4116 4447 4117
f 4116 4446 4447
f 4117 4448 4118
f 4117 4447 4448
f 4118 4449 4119
f 4118 4448 4449
f 4119 4450 4120
f 4119 4449 4450
f 4120 4451 4121
f 4120 4450 4451
f 4121 4452 4122
f 4121 4451 4452
f 4122 4453 4123
f 4122 4452 4453
f 4123 4454 4124
f 4123 4453 4454
f 4124 4455 4125
f 4124 4454 4455
f 4125 4456 4126
f 4125 4455 4456
f 4126 4457 4127
f 4126 4456 4457
f 4127 4458 4128
f 4127 4457 4458
f 4128 4459 4129
f 4128 4458 4459
f 4129 4460 4130
f 4129 4459 4460
f 4130 4461 4131
f 4130 4460 4461
f 4131 4462 4132
f 4131 4461 4462
f 4132 4463 4133
f 4132 4462 4463
f 4133 4464 4134
f 4133 4463 4464
f 4134 4465 4135
f 4134 4464 4465
f 4135 4466 4136
f 4135 4465 4466
f 4136 4467 4137
f 4136 4466 4467
f 4137 4468 4138
f 4137 4467 4468
f 4138 4469 4139
f 4138 4468 4469
f 4139 4470 4140
f 4139 4469 4470
f 4140 4471 4141
f 4140 4470 4471
f 4141 4472 4142
f 4141 4471 4472
f 4142 4473 4143
f 4142 4472 4473
f 4143 4474 4144
f 4143 4473 4474
f 4144 4475 4145
f 4144 4474 4475
f 4145 4476 4146
f 4145 4475 4476
f 4146 4477 4147
f 4146 4476 4477
f 4147 4478 4148
f 4147 4477 4478
f 4148 4479 4149
f 4148 4478 4479
f 4149 4480 4150
f 4149 4479 4480
f 4150 4481 4151
f 4150 4480 4481
f 4151 4482 4152
f 4151 4481 4482
f 4152 4483 4153
f 4152 4482 4483
f 4153 4484 4154
f 4153 4483 4484
f 4154 4485 4155
f 4154 4484 4485
f 4155 4486 4156
f 4155 4485 4486
f 4156 4487 4157
f 4156 4486 4487
f 4157 4488 4158
f 4157 4487 4488
f 4158 4489 4159
f 4158 4488 4489
f 4159 4490 4160
f 4159 4489 4490
f 4160 4491 4161
f 4160 4490 4491
f 4161 4492 4162
f 4161 4491 4492
f 4162 4493 4163
f 4162 4492 4493
f 4163 4494 4164
f 4163 4493 4494
f 4164 4495 4165
f 4164 4494 4495
f 4165 4496 4166
f 4165 4495 4496
f 4166 4497 4167
f 4166 4496 4497
f 4167 4498 4168
f 4167 4497 4498
f 4168 4499 4169
f 4168 4498 4499
f 4169 4500 4170
f 4169 4499 4500
f 4170 4501 4171
f 4170 4500 4501
f 4171 4502 4172
f 4171 4501 4502
f 4172 4503 4173
f 4172 4502 4503
f 4173 4504 4174
f 4173 4503 4504
f 4174 4505 4175
f 4174 4504 4505
f 4175 4506 4176
f 4175 4505 4506
f 4176 4507 4177
f 4176 4506 4507
f 4177 4508 4178
f 4177 4507 4508
f 4178 4509 4179
f 4178 4508 4509
f 4179 4510 4180
f 4179 4509 4510
f 4180 4511 4181
f 4180 4510 4511
f 4181 4512 4182
f 4181 4511 4512
f 4182 4513 4183
f 4182 4512 4513
f 4183 4514 4184
f 4183 4513 4514
f 4184 4515 4185
f 4184 4514 4515
f 4185 4516 4186
f 4185 4515 4516
f 4186 4517 4187
f 4186 4516 4517
f 4187 4518 4188
f 4187 4517 4518
f 4188 4519 4189
f 4188 4518 4519
f 4189 4520 4190
f 4189 4519 4520
f 4190 4521 4191
f 4190 4520 4521
f 4191 4522 4192
f 4191 4521 4522
f 4192 4523 4193
f 4192 4522 4523
f 4193 4524 4194
f 4193 4523 4524
f 4194 4525 4195
f 4194 4524 4525
f 4195 4526 4196
f 4195 4525 4526
f 4196 4527 4197
f 4196 4526 4527
f 4197 4528 4198
f 4197 4527 4528
f 4198 4529 4199
f 4198 4528 4529
f 4199 4530 4200
f 4199 4529 4530
f 4200 4531 4201
f 4200 4530 4531
f 4201 4532 4202
f 4201 4531 4532
f 4202 4533 4203
f 4202 4532 4533
f 4203 4534 4204
f 4203 4533 4534
f 4204 4535 4205
f 4204 4534 4535
f 4205 4536 4206
f 4205 4535 4536
f 4206 4537 4207
f 4206 4536 4537
f 4207 4538 4208
f 4207 4537 4538
f 4208 4539 4209
f 4208 4538 4539
f 4209 4540 4210
f 4209 4539 4540
f 4210 4541 4211
f 4210 4540 4541
f 4211 4542 4212
f 4211 4541 4542
f 4212 4543 4213
f 4212 4542 4543
f 4213 4544 4214
f 4213 4543 4544
f 4214 4545 4215
f 4214 4544 4545
f 4215 4546 4216
f 4215 4545 4546
f 4216 4547 4217
f 4216 4546 4547
f 4217 4548 4218
f 4217 4547 4548
f 4218 4549 4219
f 4218 4548 4549
f 4219 4550 4220
f 4219 4549 4550
f 4220 4551 4221
f 4220 4550 4551
f 4221 4552 4222
f 4221 4551 4552
f 4222 4553 4223
f 4222 4552 4553
f 4223 4554 4224
f 4223 4553 4554
f 4224 4555 4225
f 4224 4554 4555
f 4225 4556 4226
f 4225 4555 4556
f 4226 4557 4227
f 4226 4556 4557
f 4227 4558 4228
f 4227 4557 4558
f 4228 4559 4229
f 4228 4558 4559
f 4229 4560 4230
f 4229 4559 4560
f 4230 4561 4231
f 4230 4560 4561
f 4231 4562 4232
f 4231 4561 4562
f 4232 4563 4233
f 4232 4562 4563
f 4233 4564 4234
f 4233 4563 4564
f 4234 4565 4235
f 4234 4564 4565
f 4235 4566 4236
f 4235 4565 4566
f 4236 4567 4237
f 4236 4566 4567
f 4237 4568 4238
f 4237 4567 4568
f 4238 4569 4239
f 4238 4568 4569
f 4239 4570 4240
f 4239 4569 4570
f 4240 4571 4241
f 4240 4570 4571
f 4241 4572 4242
f 4241 4571 4572
f 4242 4573 4243
f 4242 4572 4573
f 4243 4574 4244
f 4243 4573 4574
f 4244 4575 4245
f 4244 4574 4575
f 4245 4576 4246
f 4245 4575 4576
f 4246 4577 4247
f 4246 4576 4577
f 4247 4578 4248
f 4247 4577 4578
f 4248 4579 4249
f 4248 4578 4579
f 4249 4580 4250
f 4249 4579 4580
f 4250 4581 4251
f 4250 4580 4581
f 4251 4582 4252
f 4251 4581 4582
f 4252 4583 4253
f 4252 4582 4583
f 4253 4584 4254
f 4253 4583 4584
f 4254 4585 4255
f 4254 4584 4585
f 4255 4586 4256
f 4255 4585 4586
f 4256 4587 4257
f 4256 4586 4587
f 4257 4588 4258
f 4257 4587 4588
f 4258 4589 4259
f 4258 4588 4589
f 4259 4590 4260
f 4259 4589 4590
f 4260 4591 4261
f 4260 4590 4591
f 4261 4592 4262
f 4261 4591 4592
f 4262 4593 4263
f 4262 4592 4593
f 4263 4594 4264
f 4263 4593 4594
f 4264 4595 4265
f 4264 4594 4595
f 4265 4596 4266
f 4265 4595 4596
f 4266 4597 4267
f 4266 4596 4597
f 4267 4598 4268
f 4267 4597 4598
f 4268 4599 4269
f 4268 4598 4599
f 4269 4600 4270
f 4269 4599 4600
f 4270 4601 4271
f 4270 4600 4601
f 4271 4602 4272
f 4271 4601 4602
f 4272 4603 4273
f 4272 4602 4603
f 4273 4604 4274
f 4273 4603 4604
f 4274 4605 4275
f 4274 4604 4605
f 4275 4606 4276
f 4275 4605 4606
f 4276 4607 4277
f 4276 4606 4607
f 4277 4608 4278
f 4277 4607 4608
f 4278 4609 4279
f 4278 4608 4609
f 4279 4610 4280
f 4279 4609 4610
f 4280 4611 4281
f 4280 4610 4611
f 4281 4612 4282
f 4281 4611 4612
f 4282 4613 4283
f 4282 4612 4613
f 4283 4614 4284
f 4283 4613 4614
f 4284 4615 4285
f 4284 4614 4615
f 4285 4616 4286
f 4285 4615 4616
f 4286 4617 4287
f 4286 4616 4617
f 4287 4618 4288
f 4287 4617 4618
f 4288 4619 4289
f 4288 4618 4619
f 4289 4620 4290
f 4289 4619 4620
f 4291 4622 4292
f 4291 4621 4622
f 4292 4623 4293
f 4292 4622 4623
f 4293 4624 4294
f 4293 4623 4624
f 4294 4625 4295
f 4294 4624 4625
f 4295 4626 4296
f 4295 4625 4626
f 4296 4627 4297
f 4296 4626 4627
f 4297 4628 4298
f 4297 4627 4628
f 4298 4629 4299
f 4298 4628 4629
f 4299 4630 4300
f 4299 4629 4630
f 4300 4631 4301
f 4300 4630 4631
f 4301 4632 4302
f 4301 4631 4632
f 4302 4633 4303
f 4302 4632 4633
f 4303 4634 4304
f 4303 4633 4634
f 4304 4635 4305
f 4304 4634 4635
f 4305 4636 4306
f 4305 4635 4636
f 4306 4637 4307
f 4306 4636 4637
f 4307 4638 4308
f 4307 4637 4638
f 4308 4639 4309
f 4308 4638 4639
f 4309 4640 4310
f 4309 4639 4640
f 4310 4641 4311
f 4310 4640 4641
f 4311 4642 4312
f 4311 4641 4642
f 4312 4643 4313
f 4312 4642 4643
f 4313 4644 4314
f 4313 4643 4644
f 4314 4645 4315
f 4314 4644 4645
f 4315 4646 4316
f 4315 4645 4646
f 4316 4647 4317
f 4316 4646 4647
f 4317 4648 4318
f 4317 4647 4648
f 4318 4649 4319
f 4318 4648 4649
f 4319 4650 4320
f 4319 4649 4650
f 4320 4651 4321
f 4320 4650 4651
f 4321 4652 4322
f 4321 4651 4652
f 4322 4653 4323
f 4322 4652 4653
f 4323 4654 4324
f 4323 4653 4654
f 4324 4655 4325
f 4324 4654 4655
f 4325 4656 4326
f 4325 4655 4656
f 4326 4657 4327
f 4326 4656 4657
f 4327 4658 4328
f 4327 4657 4658
f 4328 4659 4329
f 4328 4658 4659
f 4329 4660 4330
f 4329 4659 4660
f 4330 4661 4331
f 4330 4660 4661
f 4331 4662 4332
f 4331 4661 4662
f 4332 4663 4333
f 4332 4662 4663
f 4333 4664 4334
f 4333 4663 4664
f 4334 4665 4335
f 4334 4664 4665
f 4335 4666 4336
f 4335 4665 4666
f 4336 4667 4337
f 4336 4666 4667
f 4337 4668 4338
f 4337 4667 4668
f 4338 4669 4339
f 4338 4668 4669
f 4339 4670 4340
f 4339 4669 4670
f 4340 4671 4341
f 4340 4670 4671
f 4341 4672 4342
f 4341 4671 4672
f 4342 4673 4343
f 4342 4672 4673
f 4343 4674 4344
f 4343 4673 4674
f 4344 4675 4345
f 4344 4674 4675
f 4345 4676 4346
f 4345 4675 4676
f 4346 4677 4347
f 4346 4676 4677
f 4347 4678 4348
f 4347 4677 4678
f 4348 4679 4349
f 4348 4678 4679
f 4349 4680 4350
f 4349 4679 4680
f 4350 4681 4351
f 4350 4680 4681
f 4351 4682 4352
f 4351 4681 4682
f 4352 4683 4353
f 4352 4682 4683
f 4353 4684 4354
f 4353 4683 4684
f 4354 4685 4355
f 4354 4684 4685
f 4355 4686 4356
f 4355 4685 4686
f 4356 4687 4357
f 4356 4686 4687
f 4357 4688 4358
f 4357 4687 4688
f 4358 4689 4359
f 4358 4688 4689
f 4359 4690 4360
f 4359 4689 4690
f 4360 4691 4361
f 4360 4690 4691
f 4361 4692 4362
f 4361 4691 4692
f 4362 4693 4363
f 4362 4692 4693
f 4363 4694 4364
f 4363 4693 4694
f 4364 4695 4365
f 4364 4694 4695
f 4365 4696 4366
f 4365 4695 4696
f 4366 4697 4367
f 4366 4696 4697
f 4367 4698 4368
f 4367 4697 4698
f 4368 4699 4369
f 4368 4698 4699
f 4369 4700 4370
f 4369 4699 4700
f 4370 4701 4371
f 4370 4700 4701
f 4371 4702 4372
f 4371 4701 4702
f 4372 4703 4373
f 4372 4702 4703
f 4373 4704 4374
f 4373 4703 4704
f 4374 4705 4375
f 4374 4704 4705
f 4375 4706 4376
f 4375 4705 4706
f 4376 4707 4377
f 4376 4706 4707
f 4377 4708 4378
f 4377 4707 4708
f 4378 4709 4379
f 4378 4708 4709
f 4379 4710 4380
f 4379 4709 4710
f 4380 4711 4381
f 4380 4710 4711
f 4381 4712 4382
f 4381 4711 4712
f 4382 4713 4383
f 4382 4712 4713
f 4383 4714 4384
f 4383 4713 4714
f 4384 4715 4385
f 4384 4714 4715
f 4385 4716 4386
f 4385 4715 4716
f 4386 4717 4387
f 4386 4716 4717
f 4387 4718 4388
f 4387 4717 4718
f 4388 4719 4389
f 4388 4718 4719
f 4389 4720 4390
f 4389 4719 4720
f 4390 4721 4391
f 4390 4720 4721
f 4391 4722 4392
f 4391 4721 4722
f 4392 4723 4393
f 4392 4722 4723
f 4393 4724 4394
f 4393 4723 4724
f 4394 4725 4395
f 4394 4724 4725
f 4395 4726 4396
f 4395 4725 4726
f 4396 4727 4397
f 4396 4726 4727
f 4397 4728 4398
f 4397 4727 4728
f 4398 4729 4399
f 4398 4728 4729
f 4399 4730 4400
f 4399 4729 4730
f 4400 4731 4401
f 4400 4730 4731
f 4401 4732 4402
f 4401 4731 4732
f 4402 4733 4403
f 4402 4732 4733
f 4403 4734 4404
f 4403 4733 4734
f 4404 4735 4405
f 4404 4734 4735
f 4405 4736 4406
f 4405 4735 4736
f 4406 4737 4407
f 4406 4736 4737
f 4407 4738 4408
f 4407 4737 4738
f 4408 4739 4409
f 4408 4738 4739
f 4409 4740 4410
f 4409 4739 4740
f 4410 4741 4411
f 4410 4740 4741
f 4411 4742 4412
f 4411 4741 4742
f 4412 4743 4413
f 4412 4742 4743
f 4413 4744 4414
f 4413 4743 4744
f 4414 4745 4415
f 4414 4744 4745
f 4415 4746 4416
f 4415 4745 4746
f 4416 4747 4417
f 4416 4746 4747
f 4417 4748 4418
f 4417 4747 4748
f 4418 4749 4419
f 4418 4748 4749
f 4419 4750 4420
f 4419 4749 4750
f 4420 4751 4421
f 4420 4750 4751
f 4421 4752 4422
f 4421 4751 4752
f 4422 4753 4423
f 4422 4752 4753
f 4423 4754 4424
f 4423 4753 4754
f 4424 4755 4425
f 4424 4754 4755
f 4425 4756 4426
f 4425 4755 4756
f 4426 4757 4427
f 4426 4756 4757
f 4427 4758 4428
f 4427 4757 4758
f 4428 4759 4429
f 4428 4758 4759
f 4429 4760 4430
f 4429 4759 4760
f 4430 4761 4431
f 4430 4760 4761
f 4431 4762 4432
f 4431 4761 4762
f 4432 4763 4433
f 4432 4762 4763
f 4433 4764 4434
f 4433 4763 4764
f 4434 4765 4435
f 4434 4764 4765
f 4435 4766 4436
f 4435 4765 4766
f 4436 4767 4437
f 4436 4766 4767
f 4437 4768 4438
f 4437 4767 4768
f 4438 4769 4439
f 4438 4768 4769
f 4439 4770 4440
f 4439 4769 4770
f 4440 4771 4441
f 4440 4770 4771
f 4441 4772 4442
f 4441 4771 4772
f 4442 4773 4443
f 4442 4772 4773
f 4443 4774 4444
f 4443 4773 4774
f 4444 4775 4445
f 4444 4774 4775
f 4445 4776 4446
f 4445 4775 4776
f 4446 4777 4447
f 4446 4776 4777
f 4447 4778 4448
f 4447 4777 4778
f 4448 4779 4449
f 4448 4778 4779
f 4449 4780 4450
f 4449 4779 4780
f 4450 4781 4451
f 4450 4780 4781
f 4451 4782 4452
f 4451 4781 4782
f 4452 4783 4453
f 4452 4782 4783
f 4453 4784 4454
f 4453 4783 4784
f 4454 4785 4455
f 4454 4784 4785
f 4455 4786 4456
f 4455 4785 4786
f 4456 4787 4457
f 4456 4786 4787
f 4457 4788 4458
f 4457 4787 4788
f 4458 4789 4459
f 4458 4788 4789
f 4459 4790 4460
f 4459 4789 4790
f 4460 4791 4461
f 4460 4790 4791
f 4461 4792 4462
f 4461 4791 4792
f 4462 4793 4463
f 4462 4792 4793
f 4463 4794 4464
f 4463 4793 4794
f 4464 4795 4465
f 4464 4794 4795
f 4465 4796 4466
f 4465 4795 4796
f 4466 4797 4467
f 4466 4796 4797
f 4467 4798 4468
f 4467 4797 4798
f 4468 4799 4469
f 4468 4798 4799
f 4469 4800 4470
f 4469 4799 4800
f 4470 4801 4471
f 4470 4800 4801
f 4471 4802 4472
f 4471 4801 4802
f 4472 4803 4473
f 4472 4802 4803
f 4473 4804 4474
f 4473 4803 4804
f 4474 4805 4475
f 4474 4804 4805
f 4475 4806 4476
f 4475 4805 4806
f 4476 4807 4477
f 4476 4806 4807
f 4477 4808 4478
f 4477 4807 4808
f 4478 4809 4479
f 4478 4808 4809
f 4479 4810 4480
f 4479 4809 4810
f 4480 4811 4481
f 4480 4810 4811
f 4481 4812 4482
f 4481 4811 4812
f 4482 4813 4483
f 4482 4812 4813
f 4483 4814 4484
f 4483 4813 4814
f 4484 4815 4485
f 4484 4814 4815
f 4485 4816 4486
f 4485 4815 4816
f 4486 4817 4487
f 4486 4816 4817
f 4487 4818 4488
f 4487 4817 4818
f 4488 4819 4489
f 4488 4818 4819
f 4489 4820 4490
f 4489 4819 4820
f 4490 4821 4491
f 4490 4820 4821
f 4491 4822 4492
f 4491 4821 4822
f 4492 4823 4493
f 4492 4822 4823
f 4493 4824 4494
f 4493 4823 4824
f 4494 4825 4495
f 4494 4824 4825
f 4495 4826 4496
f 4495 4825 4826
f 4496 4827 4497
f 4496 4826 4827
f 4497 4828 4498
f 4497 4827 4828
f 4498 4829 4499
f 4498 4828 4829
f 4499 4830 4500
f 4499 4829 4830
f 4500 4831 4501
f 4500 4830 4831
f 4501 4832 4502
f 4501 4831 4832
f 4502 4833 4503
f 4502 4832 4833
f 4503 4834 4504
f 4503 4833 4834
f 4504 4835 4505
f 4504 4834 4835
f 4505 4836 4506
f 4505 4835 4836
f 4506 4837 4507
f 4506 4836 4837
f 4507 4838 4508
f 4507 4837 4838
f 4508 4839 4509
f 4508 4838 4839
f 4509 4840 4510
f 4509 4839 4840
f 4510 4841 4511
f 4510 4840 4841
f 4511 4842 4512
f 4511 4841 4842
f 4512 4843 4513
f 4512 4842 4843
f 4513 4844 4514
f 4513 4843 4844
f 4514 4845 4515
f 4514 4844 4845
f 4515 4846 4516
f 4515 4845 4846
f 4516 4847 4517
f 4516 4846 4847
f 4517 4848 4518
f 4517 4847 4848
f 4518 4849 4519
f 4518 4848 4849
f 4519 4850 4520
f 4519 4849 4850
f 4520 4851 4521
f 4520 4850 4851
f 4521 4852 4522
f 4521 4851 4852
f 4522 4853 4523
f 4522 4852 4853
f 4523 4854 4524
f 4523 4853 4854
f 4524 4855 4525
f 4524 4854 4855
f 4525 4856 4526
f 4525 4855 4856
f 4526 4857 4527
f 4526 4856 4857
f 4527 4858 4528
f 4527 4857 4858
f 4528 4859 4529
f 4528 4858 4859
f 4529 4860 4530
f 4529 4859 4860
f 4530 4861 4531
f 4530 4860 4861
f 4531 4862 4532
f 4531 4861 4862
f 4532 4863 4533
f 4532 4862 4863
f 4533 4864 4534
f 4533 4863 4864
f 4534 4865 4535
f 4534 4864 4865
f 4535 4866 4536
f 4535 4865 4866
f 4536 4867 4537
f 4536 4866 4867
f 4537 4868 4538
f 4537 4867 4868
f 4538 4869 4539
f 4538 4868 4869
f 4539 4870 4540
f 4539 4869 4870
f 4540 4871 4541
f 4540 4870 4871
f 4541 4872 4542
f 4541 4871 4872
f 4542 4873 4543
f 4542 4872 4873
f 4543 4874 4544
f 4543 4873 4874
f 4544 4875 4545
f 4544 4874 4875
f 4545 4876 4546
f 4545 4875 4876
f 4546 4877 4547
f 4546 4876 4877
f 4547 4878 4548
f 4547 4877 4878
f 4548 4879 4549
f 4548 4878 4879
f 4549 4880 4550
f 4549 4879 4880
f 4550 4881 4551
f 4550 4880 4881
f 4551 4882 4552
f 4551 4881 4882
f 4552 4883 4553
f 4552 4882 4883
f 4553 4884 4554
f 4553 4883 4884
f 4554 4885 4555
f 4554 4884 4885
f 4555 4886 4556
f 4555 4885 4886
f 4556 4887 4557
f 4556 4886 4887
f 4557 4888 4558
f 4557 4887 4888
f 4558 4889 4559
f 4558 4888 4889
f 4559 4890 4560
f 4559 4889 4890
f 4560 4891 4561
f 4560 4890 4891
f 4561 4892 4562
f 4561 4891 4892
f 4562 4893 4563
f 4562 4892 4893
f 4563 4894 4564
f 4563 4893 4894
f 4564 4895 4565
f 4564 4894 4895
f 4565 4896 4566
f 4565 4895 4896
f 4566 4897 4567
f 4566 4896 4897
f 4567 4898 4568
f 4567 4897 4898
f 4568 4899 4569
f 4568 4898 4899
f 4569 4900 4570
f 4569 4899 4900
f 4570 4901 4571
f 4570 4900 4901
f 4571 4902 4572
f 4571 4901 4902
f 4572 4903 4573
f 4572 4902 4903
f 4573 4904 4574
f 4573 4903 4904
f 4574 4905 4575
f 4574 4904 4905
f 4575 4906 4576
f 4575 4905 4906
f 4576 4907 4577
f 4576 4906 4907
f 4577 4908 4578
f 4577 4907 4908
f 4578 4909 4579
f 4578 4908 4909
f 4579 4910 4580
f 4579 4909 4910
f 4580 4911 4581
f 4580 4910 4911
f 4581 4912 4582
f 4581 4911 4912
f 4582 4913 4583
f 4582 4912 4913
f 4583 4914 4584
f 4583 4913 4914
f 4584 4915 4585
f 4584 4914 4915
f 4585 4916 4586
f 4585 4915 4916
f 4586 4917 4587
f 4586 4916 4917
f 4587 4918 4588
f 4587 4917 4918
f 4588 4919 4589
f 4588 4918 4919
f 4589 4920 4590
f 4589 4919 4920
f 4590 4921 4591
f 4590 4920 4921
f 4591 4922 4592
f 4591 4921 4922
f 4592 4923 4593
f 4592 4922 4923
f 4593 4924 4594
f 4593 4923 4924
f 4594 4925 4595
f 4594 4924 4925
f 4595 4926 4596
f 4595 4925 4926
f 4596 4927 4597
f 4596 4926 4927
f 4597 4928 4598
f 4597 4927 4928
f 4598 4929 4599
f 4598 4928 4929
f 4599 4930 4600
f 4599 4929 4930
f 4600 4931 4601
f 4600 4930 4931
f 4601 4932 4602
f 4601 4931 4932
f 4602 4933 4603
f 4602 4932 4933
f 4603 4934 4604
f 4603 4933 4934
f 4604 4935 4605
f 4604 4934 4935
f 4605 4936 4606
f 4605 4935 4936
f 4606 4937 4607
f 4606 4936 4937
f 4607 4938 4608
f 4607 4937 4938
f 4608 4939 4609
f 4608 4938 4939
f 4609 4940 4610
f 4609 4939 4940
f 4610 4941 4611
f 4610 4940 4941
f 4611 4942 4612
f 4611 4941 4942
f 4612 4943 4613
f 4612 4942 4943
f 4613 4944 4614
f 4613 4943 4944
f 4614 4945 4615
f 4614 4944 4945
f 4615 4946 4616
f 4615 4945 4946
f 4616 4947 4617
f 4616 4946 4947
f 4617 4948 4618
f 4617 4947 4948
f 4618 4949 4619
f 4618 4948 4949
f 4619 4950 4620
f 4619 4949 4950
f 4621 4952 4622
f 4621 4951 4952
f 4622 4953 4623
f 4622 4952 4953
f 4623 4954 4624
f 4623 4953 4954
f 4624 4955 4625
f 4624 4954 4955
f 4625 4956 4626
f 4625 4955 4956
f 4626 4957 4627
f 4626 4956 4957
f 4627 4958 4628
f 4627 4957 4958
f 4628 4959 4629
f 4628 4958 4959
f 4629 4960 4630
f 4629 4959 4960
f 4630 4961 4631
f 4630 4960 4961
f 4631 4962 4632
f 4631 4961 4962
f 4632 4963 4633
f 4632 4962 4963
f 4633 4964 4634
f 4633 4963 4964
f 4634 4965 4635
f 4634 4964 4965
f 4635 4966 4636
f 4635 4965 4966
f 4636 4967 4637
f 4636 4966 4967
f 4637 4968 4638
f 4637 4967 4968
f 4638 4969 4639
f 4638 4968 4969
f 4639 4970 4640
f 4639 4969 4970
f 4640 4971 4641
f 4640 4970 4971
f 4641 4972 4642
f 4641 4971 4972
f 4642 4973 4643
f 4642 4972 4973
f 4643 4974 4644
f 4643 4973 4974
f 4644 4975 4645
f 4644 4974 4975
f 4645 4976 4646
f 4645 4975 4976
f 4646 4977 4647
f 4646 4976 4977
f 4647 4978 4648
f 4647 4977 4978
f 4648 4979 4649
f 4648 4978 4979
f 4649 4980 4650
f 4649 4979 4980
f 4650 4981 4651
f 4650 4980 4981
f 4651 4982 4652
f 4651 4981 4982
f 4652 4983 4653
f 4652 4982 4983
f 4653 4984 4654
f 4653 4983 4984
f 4654 4985 4655
f 4654 4984 4985
f 4655 4986 4656
f 4655 4985 4986
f 4656 4987 4657
f 4656 4986 4987
f 4657 4988 4658
f 4657 4987 4988
f 4658 4989 4659
f 4658 4988 4989
f 4659 4990 4660
f 4659 4989 4990
f 4660 4991 4661
f 4660 4990 4991
f 4661 4992 4662
f 4661 4991 4992
f 4662 4993 4663
f 4662 4992 4993
f 4663 4994 4664
f 4663 4993 4994
f 4664 4995 4665
f 4664 4994 4995
f 4665 4996 4666
f 4665 4995 4996
f 4666 4997 4667
f 4666 4996 4997
f 4667 4998 4668
f 4667 4997 4998
f 4668 4999 4669
f 4668 4998 4999
f 4669 5000 4670
f 4669 4999 5000
f 4670 5001 4671
f 4670 5000 5001
f 4671 5002 4672
f 4671 5001 5002
f 4672 5003 4673
f 4672 5002 5003
f 4673 5004 4674
f 4673 5003 5004
f 4674 5005 4675
f 4674 5004 5005
f 4675 5006 4676
f 4675 5005 5006
f 4676 5007 4677
f 4676 5006 5007
f 4677 5008 4678
f 4677 5007 5008
f 4678 5009 4679
f 4678 5008 5009
f 4679 5010 4680
f 4679 5009 5010
f 4680 5011 4681
f 4680 5010 5011
f 4681 5012 4682
f 4681 5011 5012
f 4682 5013 4683
f 4682 5012 5013
f 4683 5014 4684
f 4683 5013 5014
f 4684 5015 4685
f 4684 5014 5015
f 4685 5016 4686
f 4685 5015 5016
f 4686 5017 4687
f 4686 5016 5017
f 4687 5018 4688
f 4687 5017 5018
f 4688 5019 4689
f 4688 5018 5019
f 4689 5020 4690
f 4689 5019 5020
f 4690 5021 4691
f 4690 5020 5021
f 4691 5022 4692
f 4691 5021 5022
f 4692 5023 4693
f 4692 5022 5023
f 4693 5024 4694
f 4693 5023 5024
f 4694 5025 4695
f 4694 5024 5025
f 4695 5026 4696
f 4695 5025 5026
f 4696 5027 4697
f 4696 5026 5027
f 4697 5028 4698
f 4697 5027 5028
f 4698 5029 4699
f 4698 5028 5029
f 4699 5030 4700
f 4699 5029 5030
f 4700 5031 4701
f 4700 5030 5031
f 4701 5032 4702
f 4701 5031 5032
f 4702 5033 4703
f 4702 5032 5033
f 4703 5034 4704
f 4703 5033 5034
f 4704 5035 4705
f 4704 5034 5035
f 4705 5036 4706
f 4705 5035 5036
f 4706 5037 4707
f 4706 5036 5037
f 4707 5038 4708
f 4707 5037 5038
f 4708 5039 4709
f 4708 5038 5039
f 4709 5040 4710
f 4709 5039 5040
f 4710 5041 4711
f 4710 5040 5041
f 4711 5042 4712
f 4711 5041 5042
f 4712 5043 4713
f 4712 5042 5043
f 4713 5044 4714
f 4713 5043 5044
f 4714 5045 4715
f 4714 5044 5045
f 4715 5046 4716
f 4715 5045 5046
f 4716 5047 4717
f 4716 5046 5047
f 4717 5048 4718
f 4717 5047 5048
f 4718 5049 4719
f 4718 5048 5049
f 4719 5050 4720
f 4719 5049 5050
f 4720 5051 4721
f 4720 5050 5051
f 4721 5052 4722
f 4721 5051 5052
f 4722 5053 4723
f 4722 5052 5053
f 4723 5054 4724
f 4723 5053 5054
f 4724 5055 4725
f 4724 5054 5055
f 4725 5056 4726
f 4725 5055 5056
f 4726 5057 4727
f 4726 5056 5057
f 4727 5058 4728
f 4727 5057 5058
f 4728 5059 4729
f 4728 5058 5059
f 4729 5060 4730
f 4729 5059 5060
f 4730 5061 4731
f 4730 5060 5061
f 4731 5062 4732
f 4731 5061 5062
f 4732 5063 4733
f 4732 5062 5063
f 4733 5064 4734
f 4733 5063 5064
f 4734 5065 4735
f 4734 5064 5065
f 4735 5066 4736
f 4735 5065 5066
f 4736 5067 4737
f 4736 5066 5067
f 4737 5068 4738
f 4737 5067 5068
f 4738 5069 4739
f 4738 5068 5069
f 4739 5070 4740
f 4739 5069 5070
f 4740 5071 4741
f 4740 5070 5071
f 4741 5072 4742
f 4741 5071 5072
f 4742 5073 4743
f 4742 5072 5073
f 4743 5074 4744
f 4743 5073 5074
f 4744 5075 4745
f 4744 5074 5075
f 4745 5076 4746
f 4745 5075 5076
f 4746 5077 4747
f 4746 5076 5077
f 4747 5078 4748
f 4747 5077 5078
f 4748 5079 4749
f 4748 5078 5079
f 4749 5080 4750
f 4749 5079 5080
f 4750 5081 4751
f 4750 5080 5081
f 4751 5082 4752
f 4751 5081 5082
f 4752 5083 4753
f 4752 5082 5083
f 4753 5084 4754
f 4753 5083 5084
f 4754 5085 4755
f 4754 5084 5085
f 4755 5086 4756
f 4755 5085 5086
f 4756 5087 4757
f 4756 5086 5087
f 4757 5088 4758
f 4757 5087 5088
f 4758 5089 4759
f 4758 5088 5089
f 4759 5090 4760
f 4759 5089 5090
f 4760 5091 4761
f 4760 5090 5091
f 4761 5092 4762
f 4761 5091 5092
f 4762 5093 4763
f 4762 5092 5093
f 4763 5094 4764
f 4763 5093 5094
f 4764 5095 4765
f 4764 5094 5095
f 4765 5096 4766
f 4765 5095 5096
f 4766 5097 4767
f 4766 5096 5097
f 4767 5098 4768
f 4767 5097 5098
f 4768 5099 4769
f 4768 5098 5099
f 4769 5100 4770
f 4769 5099 5100
f 4770 5101 4771
f 4770 5100 5101
f 4771 5102 4772
f 4771 5101 5102
f 4772 5103 4773
f 4772 5102 5103
f 4773 5104 4774
f 4773 5103 5104
f 4774 5105 4775
f 4774 5104 5105
f 4775 5106 4776
f 4775 5105 5106
f 4776 5107 4777
f 4776 5106 5107
f 4777 5108 4778
f 4777 5107 5108
f 4778 5109 4779
f 4778 5108 5109
f 4779 5110 4780
f 4779 5109 5110
f 4780 5111 4781
f 4780 5110 5111
f 4781 5112 4782
f 4781 5111 5112
f 4782 5113 4783
f 4782 5112 5113
f 4783 5114 4784
f 4783 5113 5114
f 4784 5115 4785
f 4784 5114 5115
f 4785 5116 4786
f 4785 5115 5116
f 4786 5117 4787
f 4786 5116 5117
f 4787 5118 4788
f 4787 5117 5118
f 4788 5119 4789
f 4788 5118 5119
f 4789 5120 4790
f 4789 5119 5120
f 4790 5121 4791
f 4790 5120 5121
f 4791 5122 4792
f 4791 5121 5122
f 4792 5123 4793
f 4792 5122 5123
f 4793 5124 4794
f 4793 5123 5124
f 4794 5125 4795
f 4794 5124 5125
f 4795 5126 4796
f 4795 5125 5126
f 4796 5127 4797
f 4796 5126 5127
f 4797 5128 4798
f 4797 5127 5128
f 4798 5129 4799
f 4798 5128 5129
f 4799 5130 4800
f 4799 5129 5130
f 4800 5131 4801
f 4800 5130 5131
f 4801 5132 4802
f 4801 5131 5132
f 4802 5133 4803
f 4802 5132 5133
f 4803 5134 4804
f 4803 5133 5134
f 4804 5135 4805
f 4804 5134 5135
f 4805 5136 4806
f 4805 5135 5136
f 4806 5137 4807
f 4806 5136 5137
f 4807 5138 4808
f 4807 5137 5138
f 4808 5139 4809
f 4808 5138 5139
f 4809 5140 4810
f 4809 5139 5140
f 4810 5141 4811
f 4810 5140 5141
f 4811 5142 4812
f 4811 5141 5142
f 4812 5143 4813
f 4812 5142 5143
f 4813 5144 4814
f 4813 5143 5144
f 4814 5145 4815
f 4814 5144 5145
f 4815 5146 4816
f 4815 5145 5146
f 4816 5147 4817
f 4816 5146 5147
f 4817 5148 4818
f 4817 5147 5148
f 4818 5149 4819
f 4818 5148 5149
f 4819 5150 4820
f 4819 5149 5150
f 4820 5151 4821
f 4820 5150 5151
f 4821 5152 4822
f 4821 5151 5152
f 4822 5153 4823
f 4822 5152 5153
f 4823 5154 4824
f 4823 5153 5154
f 4824 5155 4825
f 4824 5154 5155
f 4825 5156 4826
f 4825 5155 5156
f 4826 5157 4827
f 4826 5156 5157
f 4827 5158 4828
f 4827 5157 5158
f 4828 5159 4829
f 4828 5158 5159
f 4829 5160 4830
f 4829 5159 5160
f 4830 5161 4831
f 4830 5160 5161
f 4831 5162 4832
f 4831 5161 5162
f 4832 5163 4833
f 4832 5162 5163
f 4833 5164 4834
f 4833 5163 5164
f 4834 5165 4835
f 4834 5164 5165
f 4835 5166 4836
f 4835 5165 5166
f 4836 5167 4837
f 4836 5166 5167
f 4837 5168 4838
f 4837 5167 5168
f 4838 5169 4839
f 4838 5168 5169
f 4839 5170 4840
f 4839 5169 5170
f 4840 5171 4841
f 4840 5170 5171
f 4841 5172 4842
f 4841 5171 5172
f 4842 5173 4843
f 4842 5172 5173
f 4843 5174 4844
f 4843 5173 5174
f 4844 5175 4845
f 4844 5174 5175
f 4845 5176 4846
f 4845 5175 5176
f 4846 5177 4847
f 4846 5176 5177
f 4847 5178 4848
f 4847 5177 5178
f 4848 5179 4849
f 4848 5178 5179
f 4849 5180 4850
f 4849 5179 5180
f 4850 5181 4851
f 4850 5180 5181
f 4851 5182 4852
f 4851 5181 5182
f 4852 5183 4853
f 4852 5182 5183
f 4853 5184 4854
f 4853 5183 5184
f 4854 5185 4855
f 4854 5184 5185
f 4855 5186 4856
f 4855 5185 5186
f 4856 5187 4857
f 4856 5186 5187
f 4857 5188 4858
f 4857 5187 5188
f 4858 5189 4859
f 4858 5188 5189
f 4859 5190 4860
f 4859 5189 5190
f 4860 5191 4861
f 4860 5190 5191
f 4861 5192 4862
f 4861 5191 5192
f 4862 5193 4863
f 4862 5192 5193
f 4863 5194 4864
f 4863 5193 5194
f 4864 5195 4865
f 4864 5194 5195
f 4865 5196 4866
f 4865 5195 5196
f 4866 5197 4867
f 4866 5196 5197
f 4867 5198 4868
f 4867 5197 5198
f 4868 5199 4869
f 4868 5198 5199
f 4869 5200 4870
f 4869 5199 5200
f 4870 5201 4871
f 4870 5200 5201
f 4871 5202 4872
f 4871 5201 5202
f 4872 5203 4873
f 4872 5202 5203
f 4873 5204 4874
f 4873 5203 5204
f 4874 5205 4875
f 4874 5204 5205
f 4875 5206 4876
f 4875 5205 5206
f 4876 5207 4877
f 4876 5206 5207
f 4877 5208 4878
f 4877 5207 5208
f 4878 5209 4879
f 4878 5208 5209
f 4879 5210 4880
f 4879 5209 5210
f 4880 5211 4881
f 4880 5210 5211
f 4881 5212 4882
f 4881 5211 5212
f 4882 5213 4883
f 4882 5212 5213
f 4883 5214 4884
f 4883 5213 5214
f 4884 5215 4885
f 4884 5214 5215
f 4885 5216 4886
f 4885 5215 5216
f 4886 5217 4887
f 4886 5216 5217
f 4887 5218 4888
f 4887 5217 5218
f 4888 5219 4889
f 4888 5218 5219
f 4889 5220 4890
f 4889 5219 5220
f 4890 5221 4891
f 4890 5220 5221
f 4891 5222 4892
f 4891 5221 5222
f 4892 5223 4893
f 4892 5222 5223
f 4893 5224 4894
f 4893 5223 5224
f 4894 5225 4895
f 4894 5224 5225
f 4895 5226 4896
f 4895 5225 5226
f 4896 5227 4897
f 4896 5226 5227
f 4897 5228 4898
f 4897 5227 5228
f 4898 5229 4899
f 4898 5228 5229
f 4899 5230 4900
f 4899 5229 5230
f 4900 5231 4901
f 4900 5230 5231
f 4901 5232 4902
f 4901 5231 5232
f 4902 5233 4903
f 4902 5232 5233
f 4903 5234 4904
f 4903 5233 5234
f 4904 5235 4905
f 4904 5234 5235
f 4905 5236 4906
f 4905 5235 5236
f 4906 5237 4907
f 4906 5236 5237
f 4907 5238 4908
f 4907 5237 5238
f 4908 5239 4909
f 4908 5238 5239
f 4909 5240 4910
f 4909 5239 5240
f 4910 5241 4911
f 4910 5240 5241
f 4911 5242 4912
f 4911 5241 5242
f 4912 5243 4913
f 4912 5242 5243
f 4913 5244 4914
f 4913 5243 5244
f 4914 5245 4915
f 4914 5244 5245
f 4915 5246 4916
f 4915 5245 5246
f 4916 5247 4917
f 4916 5246 5247
f 4917 5248 4918
f 4917 5247 5248
f 4918 5249 4919
f 4918 5248 5249
f 4919 5250 4920
f 4919 5249 5250
f 4920 5251 4921
f 4920 5250 5251
f 4921 5252 4922
f 4921 5251 5252
f 4922 5253 4923
f 4922 5252 5253
f 4923 5254 4924
f 4923 5253 5254
f 4924 5255 4925
f 4924 5254 5255
f 4925 5256 4926
f 4925 5255 5256
f 4926 5257 4927
f 4926 5256 5257
f 4927 5258 4928
f 4927 5257 5258
f 4928 5259 4929
f 4928 5258 5259
f 4929 5260 4930
f 4929 5259 5260
f 4930 5261 4931
f 4930 5260 5261
f 4931 5262 4932
f 4931 5261 5262
f 4932 5263 4933
f 4932 5262 5263
f 4933 5264 4934
f 4933 5263 5264
f 4934 5265 4935
f 4934 5264 5265
f 4935 5266 4936
f 4935 5265 5266
f 4936 5267 4937
f 4936 5266 5267
f 4937 5268 4938
f 4937 5267 5268
f 4938 5269 4939
f 4938 5268 5269
f 4939 5270 4940
f 4939 5269 5270
f 4940 5271 4941
f 4940 5270 5271
f 4941 5272 4942
f 4941 5271 5272
f 4942 5273 4943
f 4942 5272 5273
f 4943 5274 4944
f 4943 5273 5274
f 4944 5275 4945
f 4944 5274 5275
f 4945 5276 4946
f 4945 5275 5276
f 4946 5277 4947
f 4946 5276 5277
f 4947 5278 4948
f 4947 5277 5278
f 4948 5279 4949
f 4948 5278 5279
f 4949 5280 4950
f 4949 5279 5280
f 4951 5282 4952
f 4951 5281 5282
f 4952 5283 4953
f 4952 5282 5283
f 4953 5284 4954
f 4953 5283 5284
f 4954 5285 4955
f 4954 5284 5285
f 4955 5286 4956
f 4955 5285 5286
f 4956 5287 4957
f 4956 5286 5287
f 4957 5288 4958
f 4957 5287 5288
f 4958 5289 4959
f 4958 5288 5289
f 4959 5290 4960
f 4959 5289 5290
f 4960 5291 4961
f 4960 5290 5291
f 4961 5292 4962
f 4961 5291 5292
f 4962 5293 4963
f 4962 5292 5293
f 4963 5294 4964
f 4963 5293 5294
f 4964 5295 4965
f 4964 5294 5295
f 4965 5296 4966
f 4965 5295 5296
f 4966 5297 4967
f 4966 5296 5297
f 4967 5298 4968
f 4967 5297 5298
f 4968 5299 4969
f 4968 5298 5299
f 4969 5300 4970
f 4969 5299 5300
f 4970 5301 4971
f 4970 5300 5301
f 4971 5302 4972
f 4971 5301 5302
f 4972 5303 4973
f 4972 5302 5303
f 4973 5304 4974
f 4973 5303 5304
f 4974 5305 4975
f 4974 5304 5305
f 4975 5306 4976
f 4975 5305 5306
f 4976 5307 4977
f 4976 5306 5307
f 4977 5308 4978
f 4977 5307 5308
f 4978 5309 4979
f 4978 5308 5309
f 4979 5310 4980
f 4979 5309 5310
f 4980 5311 4981
f 4980 5310 5311
f 4981 5312 4982
f 4981 5311 5312
f 4982 5313 4983
f 4982 5312 5313
f 4983 5314 4984
f 4983 5313 5314
f 4984 5315 4985
f 4984 5314 5315
f 4985 5316 4986
f 4985 5315 5316
f 4986 5317 4987
f 4986 5316 5317
f 4987 5318 4988
f 4987 5317 5318
f 4988 5319 4989
f 4988 5318 5319
f 4989 5320 4990
f 4989 5319 5320
f 4990 5321 4991
f 4990 5320 5321
f 4991 5322 4992
f 4991 5321 5322
f 4992 5323 4993
f 4992 5322 5323
f 4993 5324 4994
f 4993 5323 5324
f 4994 5325 4995
f 4994 5324 5325
f 4995 5326 4996
f 4995 5325 5326
f 4996 5327 4997
f 4996 5326 5327
f 4997 5328 4998
f 4997 5327 5328
f 4998 5329 4999
f 4998 5328 5329
f 4999 5330 5000
f 4999 5329 5330
f 5000 5331 5001
f 5000 5330 5331
f 5001 5332 5002
f 5001 5331 5332
f 5002 5333 5003
f 5002 5332 5333
f 5003 5334 5004
f 5003 5333 5334
f 5004 5335 5005
f 5004 5334 5335
f 5005 5336 5006
f 5005 5335 5336
f 5006 5337 5007
f 5006 5336 5337
f 5007 5338 5008
f 5007 5337 5338
f 5008 5339 5009
f 5008 5338 5339
f 5009 5340 5010
f 5009 5339 5340
f 5010 5341 5011
f 5010 5340 5341
f 5011 5342 5012
f 5011 5341 5342
f 5012 5343 5013
f 5012 5342 5343
f 5013 5344 5014
f 5013 5343 5344
f 5014 5345 5015
f 5014 5344 5345
f 5015 5346 5016
f 5015 5345 5346
f 5016 5347 5017
f 5016 5346 5347
f 5017 5348 5018
f 5017 5347 5348
f 5018 5349 5019
f 5018 5348 5349
f 5019 5350 5020
f 5019 5349 5350
f 5020 5351 5021
f 5020 5350 5351
f 5021 5352 5022
f 5021 5351 5352
f 5022 5353 5023
f 5022 5352 5353
f 5023 5354 5024
f 5023 5353 5354
f 5024 5355 5025
f 5024 5354 5355
f 5025 5356 5026
f 5025 5355 5356
f 5026 5357 5027
f 5026 5356 5357
f 5027 5358 5028
f 5027 5357 5358
f 5028 5359 5029
f 5028 5358 5359
f 5029 5360 5030
f 5029 5359 5360
f 5030 5361 5031
f 5030 5360 5361
f 5031 5362 5032
f 5031 5361 5362
f 5032 5363 5033
f 5032 5362 5363
f 5033 5364 5034
f 5033 5363 5364
f 5034 5365 5035
f 5034 5364 5365
f 5035 5366 5036
f 5035 5365 5366
f 5036 5367 5037
f 5036 5366 5367
f 5037 5368 5038
f 5037 5367 5368
f 5038 5369 5039
f 5038 5368 5369
f 5039 5370 5040
f 5039 5369 5370
f 5040 5371 5041
f 5040 5370 5371
f 5041 5372 5042
f 5041 5371 5372
f 5042 5373 5043
f 5042 5372 5373
f 5043 5374 5044
f 5043 5373 5374
f 5044 5375 5045
f 5044 5374 5375
f 5045 5376 5046
f 5045 5375 5376
f 5046 5377 5047
f 5046 5376 5377
f 5047 5378 5048
f 5047 5377 5378
f 5048 5379 5049
f 5048 5378 5379
f 5049 5380 5050
f 5049 5379 5380
f 5050 5381 5051
f 5050 5380 5381
f 5051 5382 5052
f 5051 5381 5382
f 5052 5383 5053
f 5052 5382 5383
f 5053 5384 5054
f 5053 5383 5384
f 5054 5385 5055
f 5054 5384 5385
f 5055 5386 5056
f 5055 5385 5386
f 5056 5387 5057
f 5056 5386 5387
f 5057 5388 5058
f 5057 5387 5388
f 5058 5389 5059
f 5058 5388 5389
f 5059 5390 5060
f 5059 5389 5390
f 5060 5391 5061
f 5060 5390 5391
f 5061 5392 5062
f 5061 5391 5392
f 5062 5393 5063
f 5062 5392 5393
f 5063 5394 5064
f 5063 5393 5394
f 5064 5395 5065
f 5064 5394 5395
f 5065 5396 5066
f 5065 5395 5396
f 5066 5397 5067
f 5066 5396 5397
f 5067 5398 5068
f 5067 5397 5398
f 5068 5399 5069
f 5068 5398 5399
f 5069 5400 5070
f 5069 5399 5400
f 5070 5401 5071
f 5070 5400 5401
f 5071 5402 5072
f 5071 5401 5402
f 5072 5403 5073
f 5072 5402 5403
f 5073 5404 5074
f 5073 5403 5404
f 5074 5405 5075
f 5074 5404 5405
f 5075 5406 5076
f 5075 5405 5406
f 5076 5407 5077
f 5076 5406 5407
f 5077 5408 5078
f 5077 5407 5408
f 5078 5409 5079
f 5078 5408 5409
f 5079 5410 5080
f 5079 5409 5410
f 5080 5411 5081
f 5080 5410 5411
f 5081 5412 5082
f 5081 5411 5412
f 5082 5413 5083
f 5082 5412 5413
f 5083 5414 5084
f 5083 5413 5414
f 5084 5415 5085
f 5084 5414 5415
f 5085 5416 5086
f 5085 5415 5416
f 5086 5417 5087
f 5086 5416 5417
f 5087 5418 5088
f 5087 5417 5418
f 5088 5419 5089
f 5088 5418 5419
f 5089 5420 5090
f 5089 5419 5420
f 5090 5421 5091
f 5090 5420 5421
f 5091 5422 5092
f 5091 5421 5422
f 5092 5423 5093
f 5092 5422 5423
f 5093 5424 5094
f 5093 5423 5424
f 5094 5425 5095
f 5094 5424 5425
f 5095 5426 5096
f 5095 5425 5426
f 5096 5427 5097
f 5096 5426 5427
f 5097 5428 5098
f 5097 5427 5428
f 5098 5429 5099
f 5098 5428 5429
f 5099 5430 5100
f 5099 5429 5430
f 5100 5431 5101
f 5100 5430 5431
f 5101 5432 5102
f 5101 5431 5432
f 5102 5433 5103
f 5102 5432 5433
f 5103 5434 5104
f 5103 5433 5434
f 5104 5435 5105
f 5104 5434 5435
f 5105 5436 5106
f 5105 5435 5436
f 5106 5437 5107
f 5106 5436 5437
f 5107 5438 5108
f 5107 5437 5438
f 5108 5439 5109
f 5108 5438 5439
f 5109 5440 5110
f 5109 5439 5440
f 5110 5441 5111
f 5110 5440 5441
f 5111 5442 5112
f 5111 5441 5442
f 5112 5443 5113
f 5112 5442 5443
f 5113 5444 5114
f 5113 5443 5444
f 5114 5445 5115
f 5114 5444 5445
f 5115 5446 5116
f 5115 5445 5446
f 5116 5447 5117
f 5116 5446 5447
f 5117 5448 5118
f 5117 5447 5448
f 5118 5449 5119
f 5118 5448 5449
f 5119 5450 5120
f 5119 5449 5450
f 5120 5451 5121
f 5120 5450 5451
f 5121 5452 5122
f 5121 5451 5452
f 5122 5453 5123
f 5122 5452 5453
f 5123 5454 5124
f 5123 5453 5454
f 5124 5455 5125
f 5124 5454 5455
f 5125 5456 5126
f 5125 5455 5456
f 5126 5457 5127
f 5126 5456 5457
f 5127 5458 5128
f 5127 5457 5458
f 5128 5459 5129
f 5128 5458 5459
f 5129 5460 5130
f 5129 5459 5460
f 5130 5461 5131
f 5130 5460 5461
f 5131 5462 5132
f 5131 5461 5462
f 5132 5463 5133
f 5132 5462 5463
f 5133 5464 5134
f 5133 5463 5464
f 5134 5465 5135
f 5134 5464 5465
f 5135 5466 5136
f 5135 5465 5466
f 5136 5467 5137
f 5136 5466 5467
f 5137 5468 5138
f 5137 5467 5468
f 5138 5469 5139
f 5138 5468 5469
f 5139 5470 5140
f 5139 5469 5470
f 5140 5471 5141
f 5140 5470 5471
f 5141 5472 5142
f 5141 5471 5472
f 5142 5473 5143
f 5142 5472 5473
f 5143 5474 5144
f 5143 5473 5474
f 5144 5475 5145
f 5144 5474 5475
f 5145 5476 5146
f 5145 5475 5476
f 5146 5477 5147
f 5146 5476 5477
f 5147 5478 5148
f 5147 5477 5478
f 5148 5479 5149
f 5148 5478 5479
f 5149 5480 5150
f 5149 5479 5480
f 5150 5481 5151
f 5150 5480 5481
f 5151 5482 5152
f 5151 5481 5482
f 5152 5483 5153
f 5152 5482 5483
f 5153 5484 5154
f 5153 5483 5484
f 5154 5485 5155
f 5154 5484 5485
f 5155 5486 5156
f 5155 5485 5486
f 5156 5487 5157
f 5156 5486 5487
f 5157 5488 5158
f 5157 5487 5488
f 5158 5489 5159
f 5158 5488 5489
f 5159 5490 5160
f 5159 5489 5490
f 5160 5491 5161
f 5160 5490 5491
f 5161 5492 5162
f 5161 5491 5492
f 5162 5493 5163
f 5162 5492 5493
f 5163 5494 5164
f 5163 5493 5494
f 5164 5495 5165
f 5164 5494 5495
f 5165 5496 5166
f 5165 5495 5496
f 5166 5497 5167
f 5166 5496 5497
f 5167 5498 5168
f 5167 5497 5498
f 5168 5499 5169
f 5168 5498 5499
f 5169 5500 5170
f 5169 5499 5500
f 5170 5501 5171
f 5170 5500 5501
f 5171 5502 5172
f 5171 5501 5502
f 5172 5503 5173
f 5172 5502 5503
f 5173 5504 5174
f 5173 5503 5504
f 5174 5505 5175
f 5174 5504 5505
f 5175 5506 5176
f 5175 5505 5506
f 5176 5507 5177
f 5176 5506 5507
f 5177 5508 5178
f 5177 5507 5508
f 5178 5509 5179
f 5178 5508 5509
f 5179 5510 5180
f 5179 5509 5510
f 5180 5511 5181
f 5180 5510 5511
f 5181 5512 5182
f 5181 5511 5512
f 5182 5513 5183
f 5182 5512 5513
f 5183 5514 5184
f 5183 5513 5514
f 5184 5515 5185
f 5184 5514 5515
f 5185 5516 5186
f 5185 5515 5516
f 5186 5517 5187
f 5186 5516 5517
f 5187 5518 5188
f 5187 5517 5518
f 5188 5519 5189
f 5188 5518 5519
f 5189 5520 5190
f 5189 5519 5520
f 5190 5521 5191
f 5190 5520 5521
f 5191 5522 5192
f 5191 5521 5522
f 5192 5523 5193
f 5192 5522 5523
f 5193 5524 5194
f 5193 5523 5524
f 5194 5525 5195
f 5194 5524 5525
f 5195 5526 5196
f 5195 5525 5526
f 5196 5527 5197
f 5196 5526 5527
f 5197 5528 5198
f 5197 5527 5528
f 5198 5529 5199
f 5198 5528 5529
f 5199 5530 5200
f 5199 5529 5530
f 5200 5531 5201
f 5200 5530 5531
f 5201 5532 5202
f 5201 5531 5532
f 5202 5533 5203
f 5202 5532 5533
f 5203 5534 5204
f 5203 5533 5534
f 5204 5535 5205
f 5204 5534 5535
f 5205 5536 5206
f 5205 5535 5536
f 5206 5537 5207
f 5206 5536 5537
f 5207 5538 5208
f 5207 5537 5538
f 5208 5539 5209
f 5208 5538 5539
f 5209 5540 5210
f 5209 5539 5540
f 5210 5541 5211
f 5210 5540 5541
f 5211 5542 5212
f 5211 5541 5542
f 5212 5543 5213
f 5212 5542 5543
f 5213 5544 5214
f 5213 5543 5544
f 5214 5545 5215
f 5214 5544 5545
f 5215 5546 5216
f 5215 5545 5546
f 5216 5547 5217
f 5216 5546 5547
f 5217 5548 5218
f 5217 5547 5548
f 5218 5549 5219
f 5218 5548 5549
f 5219 5550 5220
f 5219 5549 5550
f 5220 5551 5221
f 5220 5550 5551
f 5221 5552 5222
f 5221 5551 5552
f 5222 5553 5223
f 5222 5552 5553
f 5223 5554 5224
f 5223 5553 5554
f 5224 5555 5225
f 5224 5554 5555
f 5225 5556 5226
f 5225 5555 5556
f 5226 5557 5227
f 5226 5556 5557
f 5227 5558 5228
f 5227 5557 5558
f 5228 5559 5229
f 5228 5558 5559
f 5229 5560 5230
f 5229 5559 5560
f 5230 5561 5231
f 5230 5560 5561
f 5231 5562 5232
f 5231 5561 5562
f 5232 5563 5233
f 5232 5562 5563
f 5233 5564 5234
f 5233 5563 5564
f 5234 5565 5235
f 5234 5564 5565
f 5235 5566 5236
f 5235 5565 5566
f 5236 5567 5237
f 5236 5566 5567
f 5237 5568 5238
f 5237 5567 5568
f 5238 5569 5239
f 5238 5568 5569
f 5239 5570 5240
f 5239 5569 5570
f 5240 5571 5241
f 5240 5570 5571
f 5241 5572 5242
f 5241 5571 5572
f 5242 5573 5243
f 5242 5572 5573
f 5243 5574 5244
f 5243 5573 5574
f 5244 5575 5245
f 5244 5574 5575
f 5245 5576 5246
f 5245 5575 5576
f 5246 5577 5247
f 5246 5576 5577
f 5247 5578 5248
f 5247 5577 5578
f 5248 5579 5249
f 5248 5578 5579
f 5249 5580 5250
f 5249 5579 5580
f 5250 5581 5251
f 5250 5580 5581
f 5251 5582 5252
f 5251 5581 5582
f 5252 5583 5253
f 5252 5582 5583
f 5253 5584 5254
f 5253 5583 5584
f 5254 5585 5255
f 5254 5584 5585
f 5255 5586 5256
f 5255 5585 5586
f 5256 5587 5257
f 5256 5586 5587
f 5257 5588 5258
f 5257 5587 5588
f 5258 5589 5259
f 5258 5588 5589
f 5259 5590 5260
f 5259 5589 5590
f 5260 5591 5261
f 5260 5590 5591
f 5261 5592 5262
f 5261 5591 5592
f 5262 5593 5263
f 5262 5592 5593
f 5263 5594 5264
f 5263 5593 5594
f 5264 5595 5265
f 5264 5594 5595
f 5265 5596 5266
f 5265 5595 5596
f 5266 5597 5267
f 5266 5596 5597
f 5267 5598 5268
f 5267 5597 5598
f 5268 5599 5269
f 5268 5598 5599
f 5269 5600 5270
f 5269 5599 5600
f 5270 5601 5271
f 5270 5600 5601
f 5271 5602 5272
f 5271 5601 5602
f 5272 5603 5273
f 5272 5602 5603
f 5273 5604 5274
f 5273 5603 5604
f 5274 5605 5275
f 5274 5604 5605
f 5275 5606 5276
f 5275 5605 5606
f 5276 5607 5277
f 5276 5606 5607
f 5277 5608 5278
f 5277 5607 5608
f 5278 5609 5279
f 5278 5608 5609
f 5279 5610 5280
f 5279 5609 5610
f 5281 5612 5282
f 5281 5611 5612
f 5282 5613 5283
f 5282 5612 5613
f 5283 5614 5284
f 5283 5613 5614
f 5284 5615 5285
f 5284 5614 5615
f 5285 5616 5286
f 5285 5615 5616
f 5286 5617 5287
f 5286 5616 5617
f 5287 5618 5288
f 5287 5617 5618
f 5288 5619 5289
f 5288 5618 5619
f 5289 5620 5290
f 5289 5619 5620
f 5290 5621 5291
f 5290 5620 5621
f 5291 5622 5292
f 5291 5621 5622
f 5292 5623 5293
f 5292 5622 5623
f 5293 5624 5294
f 5293 5623 5624
f 5294 5625 5295
f 5294 5624 5625
f 5295 5626 5296
f 5295 5625 5626
f 5296 5627 5297
f 5296 5626 5627
f 5297 5628 5298
f 5297 5627 5628
f 5298 5629 5299
f 5298 5628 5629
f 5299 5630 5300
f 5299 5629 5630
f 5300 5631 5301
f 5300 5630 5631
f 5301 5632 5302
f 5301 5631 5632
f 5302 5633 5303
f 5302 5632 5633
f 5303 5634 5304
f 5303 5633 5634
f 5304 5635 5305
f 5304 5634 5635
f 5305 5636 5306
f 5305 5635 5636
f 5306 5637 5307
f 5306 5636 5637
f 5307 5638 5308
f 5307 5637 5638
f 5308 5639 5309
f 5308 5638 5639
f 5309 5640 5310
f 5309 5639 5640
f 5310 5641 5311
f 5310 5640 5641
f 5311 5642 5312
f 5311 5641 5642
f 5312 5643 5313
f 5312 5642 5643
f 5313 5644 5314
f 5313 5643 5644
f 5314 5645 5315
f 5314 5644 5645
f 5315 5646 5316
f 5315 5645 5646
f 5316 5647 5317
f 5316 5646 5647
f 5317 5648 5318
f 5317 5647 5648
f 5318 5649 5319
f 5318 5648 5649
f 5319 5650 5320
f 5319 5649 5650
f 5320 5651 5321
f 5320 5650 5651
f 5321 5652 5322
f 5321 5651 5652
f 5322 5653 5323
f 5322 5652 5653
f 5323 5654 5324
f 5323 5653 5654
f 5324 5655 5325
f 5324 5654 5655
f 5325 5656 5326
f 5325 5655 5656
f 5326 5657 5327
f 5326 5656 5657
f 5327 5658 5328
f 5327 5657 5658
f 5328 5659 5329
f 5328 5658 5659
f 5329 5660 5330
f 5329 5659 5660
f 5330 5661 5331
f 5330 5660 5661
f 5331 5662 5332
f 5331 5661 5662
f 5332 5663 5333
f 5332 5662 5663
f 5333 5664 5334
f 5333 5663 5664
f 5334 5665 5335
f 5334 5664 5665
f 5335 5666 5336
f 5335 5665 5666
f 5336 5667 5337
f 5336 5666 5667
f 5337 5668 5338
f 5337 5667 5668
f 5338 5669 5339
f 5338 5668 5669
f 5339 5670 5340
f 5339 5669 5670
f 5340 5671 5341
f 5340 5670 5671
f 5341 5672 5342
f 5341 5671 5672
f 5342 5673 5343
f 5342 5672 5673
f 5343 5674 5344
f 5343 5673 5674
f 5344 5675 5345
f 5344 5674 5675
f 5345 5676 5346
f 5345 5675 5676
f 5346 5677 5347
f 5346 5676 5677
f 5347 5678 5348
f 5347 5677 5678
f 5348 5679 5349
f 5348 5678 5679
f 5349 5680 5350
f 5349 5679 5680
f 5350 5681 5351
f 5350 5680 5681
f 5351 5682 5352
f 5351 5681 5682
f 5352 5683 5353
f 5352 5682 5683
f 5353 5684 5354
f 5353 5683 5684
f 5354 5685 5355
f 5354 5684 5685
f 5355 5686 5356
f 5355 5685 5686
f 5356 5687 5357
f 5356 5686 5687
f 5357 5688 5358
f 5357 5687 5688
f 5358 5689 5359
f 5358 5688 5689
f 5359 5690 5360
f 5359 5689 5690
f 5360 5691 5361
f 5360 5690 5691
f 5361 5692 5362
f 5361 5691 5692
f 5362 5693 5363
f 5362 5692 5693
f 5363 5694 5364
f 5363 5693 5694
f 5364 5695 5365
f 5364 5694 5695
f 5365 5696 5366
f 5365 5695 5696
f 5366 5697 5367
f 5366 5696 5697
f 5367 5698 5368
f 5367 5697 5698
f 5368 5699 5369
f 5368 5698 5699
f 5369 5700 5370
f 5369 5699 5700
f 5370 5701 5371
f 5370 5700 5701
f 5371 5702 5372
f 5371 5701 5702
f 5372 5703 5373
f 5372 5702 5703
f 5373 5704 5374
f 5373 5703 5704
f 5374 5705 5375
f 5374 5704 5705
f 5375 5706 5376
f 5375 5705 5706
f 5376 5707 5377
f 5376 5706 5707
f 5377 5708 5378
f 5377 5707 5708
f 5378 5709 5379
f 5378 5708 5709
f 5379 5710 5380
f 5379 5709 5710
f 5380 5711 5381
f 5380 5710 5711
f 5381 5712 5382
f 5381 5711 5712
f 5382 5713 5383
f 5382 5712 5713
f 5383 5714 5384
f 5383 5713 5714
f 5384 5715 5385
f 5384 5714 5715
f 5385 5716 5386
f 5385 5715 5716
f 5386 5717 5387
f 5386 5716 5717
f 5387 5718 5388
f 5387 5717 5718
f 5388 5719 5389
f 5388 5718 5719
f 5389 5720 5390
f 5389 5719 5720
f 5390 5721 5391
f 5390 5720 5721
f 5391 5722 5392
f 5391 5721 5722
f 5392 5723 5393
f 5392 5722 5723
f 5393 5724 5394
f 5393 5723 5724
f 5394 5725 5395
f 5394 5724 5725
f 5395 5726 5396
f 5395 5725 5726
f 5396 5727 5397
f 5396 5726 5727
f 5397 5728 5398
f 5397 5727 5728
f 5398 5729 5399
f 5398 5728 5729
f 5399 5730 5400
f 5399 5729 5730
f 5400 5731 5401
f 5400 5730 5731
f 5401 5732 5402
f 5401 5731 5732
f 5402 5733 5403
f 5402 5732 5733
f 5403 5734 5404
f 5403 5733 5734
f 5404 5735 5405
f 5404 5734 5735
f 5405 5736 5406
f 5405 5735 5736
f 5406 5737 5407
f 5406 5736 5737
f 5407 5738 5408
f 5407 5737 5738
f 5408 5739 5409
f 5408 5738 5739
f 5409 5740 5410
f 5409 5739 5740
f 5410 5741 5411
f 5410 5740 5741
f 5411 5742 5412
f 5411 5741 5742
f 5412 5743 5413
f 5412 5742 5743
f 5413 5744 5414
f 5413 5743 5744
f 5414 5745 5415
f 5414 5744 5745
f 5415 5746 5416
f 5415 5745 5746
f 5416 5747 5417
f 5416 5746 5747
f 5417 5748 5418
f 5417 5747 5748
f 5418 5749 5419
f 5418 5748 5749
f 5419 5750 5420
f 5419 5749 5750
f 5420 5751 5421
f 5420 5750 5751
f 5421 5752 5422
f 5421 5751 5752
f 5422 5753 5423
f 5422 5752 5753
f 5423 5754 5424
f 5423 5753 5754
f 5424 5755 5425
f 5424 5754 5755
f 5425 5756 5426
f 5425 5755 5756
f 5426 5757 5427
f 5426 5756 5757
f 5427 5758 5428
f 5427 5757 5758
f 5428 5759 5429
f 5428 5758 5759
f 5429 5760 5430
f 5429 5759 5760
f 5430 5761 5431
f 5430 5760 5761
f 5431 5762 5432
f 5431 5761 5762
f 5432 5763 5433
f 5432 5762 5763
f 5433 5764 5434
f 5433 5763 5764
f 5434 5765 5435
f 5434 5764 5765
f 5435 5766 5436
f 5435 5765 5766
f 5436 5767 5437
f 5436 5766 5767
f 5437 5768 5438
f 5437 5767 5768
f 5438 5769 5439
f 5438 5768 5769
f 5439 5770 5440
f 5439 5769 5770
f 5440 5771 5441
f 5440 5770 5771
f 5441 5772 5442
f 5441 5771 5772
f 5442 5773 5443
f 5442 5772 5773
f 5443 5774 5444
f 5443 5773 5774
f 5444 5775 5445
f 5444 5774 5775
f 5445 5776 5446
f 5445 5775 5776
f 5446 5777 5447
f 5446 5776 5777
f 5447 5778 5448
f 5447 5777 5778
f 5448 5779 5449
f 5448 5778 5779
f 5449 5780 5450
f 5449 5779 5780
f 5450 5781 5451
f 5450 5780 5781
f 5451 5782 5452
f 5451 5781 5782
f 5452 5783 5453
f 5452 5782 5783
f 5453 5784 5454
f 5453 5783 5784
f 5454 5785 5455
f 5454 5784 5785
f 5455 5786 5456
f 5455 5785 5786
f 5456 5787 5457
f 5456 5786 5787
f 5457 5788 5458
f 5457 5787 5788
f 5458 5789 5459
f 5458 5788 5789
f 5459 5790 5460
f 5459 5789 5790
f 5460 5791 5461
f 5460 5790 5791
f 5461 5792 5462
f 5461 5791 5792
f 5462 5793 5463
f 5462 5792 5793
f 5463 5794 5464
f 5463 5793 5794
f 5464 5795 5465
f 5464 5794 5795
f 5465 5796 5466
f 5465 5795 5796
f 5466 5797 5467
f 5466 5796 5797
f 5467 5798 5468
f 5467 5797 5798
f 5468 5799 5469
f 5468 5798 5799
f 5469 5800 5470
f 5469 5799 5800
f 5470 5801 5471
f 5470 5800 5801
f 5471 5802 5472
f 5471 5801 5802
f 5472 5803 5473
f 5472 5802 5803
f 5473 5804 5474
f 5473 5803 5804
f 5474 5805 5475
f 5474 5804 5805
f 5475 5806 5476
f 5475 5805 5806
f 5476 5807 5477
f 5476 5806 5807
f 5477 5808 5478
f 5477 5807 5808
f 5478 5809 5479
f 5478 5808 5809
f 5479 5810 5480
f 5479 5809 5810
f 5480 5811 5481
f 5480 5810 5811
f 5481 5812 5482
f 5481 5811 5812
f 5482 5813 5483
f 5482 5812 5813
f 5483 5814 5484
f 5483 5813 5814
f 5484 5815 5485
f 5484 5814 5815
f 5485 5816 5486
f 5485 5815 5816
f 5486 5817 5487
f 5486 5816 5817
f 5487 5818 5488
f 5487 5817 5818
f 5488 5819 5489
f 5488 5818 5819
f 5489 5820 5490
f 5489 5819 5820
f 5490 5821 5491
f 5490 5820 5821
f 5491 5822 5492
f 5491 5821 5822
f 5492 5823 5493
f 5492 5822 5823
f 5493 5824 5494
f 5493 5823 5824
f 5494 5825 5495
f 5494 5824 5825
f 5495 5826 5496
f 5495 5825 5826
f 5496 5827 5497
f 5496 5826 5827
f 5497 5828 5498
f 5497 5827 5828
f 5498 5829 5499
f 5498 5828 5829
f 5499 5830 5500
f 5499 5829 5830
f 5500 5831 5501
f 5500 5830 5831
f 5501 5832 5502
f 5501 5831 5832
f 5502 5833 5503
f 5502 5832 5833
f 5503 5834 5504
f 5503 5833 5834
f 5504 5835 5505
f 5504 5834 5835
f 5505 5836 5506
f 5505 5835 5836
f 5506 5837 5507
f 5506 5836 5837
f 5507 5838 5508
f 5507 5837 5838
f 5508 5839 5509
f 5508 5838 5839
f 5509 5840 5510
f 5509 5839 5840
f 5510 5841 5511
f 5510 5840 5841
f 5511 5842 5512
f 5511 5841 5842
f 5512 5843 5513
f 5512 5842 5843
f 5513 5844 5514
f 5513 5843 5844
f 5514 5845 5515
f 5514 5844 5845
f 5515 5846 5516
f 5515 5845 5846
f 5516 5847 5517
f 5516 5846 5847
f 5517 5848 5518
f 5517 5847 5848
f 5518 5849 5519
f 5518 5848 5849
f 5519 5850 5520
f 5519 5849 5850
f 5520 5851 5521
f 5520 5850 5851
f 5521 5852 5522
f 5521 5851 5852
f 5522 5853 5523
f 5522 5852 5853
f 5523 5854 5524
f 5523 5853 5854
f 5524 5855 5525
f 5524 5854 5855
f 5525 5856 5526
f 5525 5855 5856
f 5526 5857 5527
f 5526 5856 5857
f 5527 5858 5528
f 5527 5857 5858
f 5528 5859 5529
f 5528 5858 5859
f 5529 5860 5530
f 5529 5859 5860
f 5530 5861 5531
f 5530 5860 5861
f 5531 5862 5532
f 5531 5861 5862
f 5532 5863 5533
f 5532 5862 5863
f 5533 5864 5534
f 5533 5863 5864
f 5534 5865 5535
f 5534 5864 5865
f 5535 5866 5536
f 5535 5865 5866
f 5536 5867 5537
f 5536 5866 5867
f 5537 5868 5538
f 5537 5867 5868
f 5538 5869 5539
f 5538 5868 5869
f 5539 5870 5540
f 5539 5869 5870
f 5540 5871 5541
f 5540 5870 5871
f 5541 5872 5542
f 5541 5871 5872
f 5542 5873 5543
f 5542 5872 5873
f 5543 5874 5544
f 5543 5873 5874
f 5544 5875 5545
f 5544 5874 5875
f 5545 5876 5546
f 5545 5875 5876
f 5546 5877 5547
f 5546 5876 5877
f 5547 5878 5548
f 5547 5877 5878
f 5548 5879 5549
f 5548 5878 5879
f 5549 5880 5550
f 5549 5879 5880
f 5550 5881 5551
f 5550 5880 5881
f 5551 5882 5552
f 5551 5881 5882
f 5552 5883 5553
f 5552 5882 5883
f 5553 5884 5554
f 5553 5883 5884
f 5554 5885 5555
f 5554 5884 5885
f 5555 5886 5556
f 5555 5885 5886
f 5556 5887 5557
f 5556 5886 5887
f 5557 5888 5558
f 5557 5887 5888
f 5558 5889 5559
f 5558 5888 5889
f 5559 5890 5560
f 5559 5889 5890
f 5560 5891 5561
f 5560 5890 5891
f 5561 5892 5562
f 5561 5891 5892
f 5562 5893 5563
f 5562 5892 5893
f 5563 5894 5564
f 5563 5893 5894
f 5564 5895 5565
f 5564 5894 5895
f 5565 5896 5566
f 5565 5895 5896
f 5566 5897 5567
f 5566 5896 5897
f 5567 5898 5568
f 5567 5897 5898
f 5568 5899 5569
f 5568 5898 5899
f 5569 5900 5570
f 5569 5899 5900
f 5570 5901 5571
f 5570 5900 5901
f 5571 5902 5572
f 5571 5901 5902
f 5572 5903 5573
f 5572 5902 5903
f 5573 5904 5574
f 5573 5903 5904
f 5574 5905 5575
f 5574 5904 5905
f 5575 5906 5576
f 5575 5905 5906
f 5576 5907 5577
f 5576 5906 5907
f 5577 5908 5578
f 5577 5907 5908
f 5578 5909 5579
f 5578 5908 5909
f 5579 5910 5580
f 5579 5909 5910
f 5580 5911 5581
f 5580 5910 5911
f 5581 5912 5582
f 5581 5911 5912
f 5582 5913 5583
f 5582 5912 5913
f 5583 5914 5584
f 5583 5913 5914
f 5584 5915 5585
f 5584 5914 5915
f 5585 5916 5586
f 5585 5915 5916
f 5586 5917 5587
f 5586 5916 5917
f 5587 5918 5588
f 5587 5917 5918
f 5588 5919 5589
f 5588 5918 5919
f 5589 5920 5590
f 5589 5919 5920
f 5590 5921 5591
f 5590 5920 5921
f 5591 5922 5592
f 5591 5921 5922
f 5592 5923 5593
f 5592 5922 5923
f 5593 5924 5594
f 5593 5923 5924
f 5594 5925 5595
f 5594 5924 5925
f 5595 5926 5596
f 5595 5925 5926
f 5596 5927 5597
f 5596 5926 5927
f 5597 5928 5598
f 5597 5927 5928
f 5598 5929 5599
f 5598 5928 5929
f 5599 5930 5600
f 5599 5929 5930
f 5600 5931 5601
f 5600 5930 5931
f 5601 5932 5602
f 5601 5931 5932
f 5602 5933 5603
f 5602 5932 5933
f 5603 5934 5604
f 5603 5933 5934
f 5604 5935 5605
f 5604 5934 5935
f 5605 5936 5606
f 5605 5935 5936
f 5606 5937 5607
f 5606 5936 5937
f 5607 5938 5608
f 5607 5937 5938
f 5608 5939 5609
f 5608 5938 5939
f 5609 5940 5610
f 5609 5939 5940
f 5611 5942 5612
f 5611 5941 5942
f 5612 5943 5613
f 5612 5942 5943
f 5613 5944 5614
f 5613 5943 5944
f 5614 5945 5615
f 5614 5944 5945
f 5615 5946 5616
f 5615 5945 5946
f 5616 5947 5617
f 5616 5946 5947
f 5617 5948 5618
f 5617 5947 5948
f 5618 5949 5619
f 5618 5948 5949
f 5619 5950 5620
f 5619 5949 5950
f 5620 5951 5621
f 5620 5950 5951
f 5621 5952 5622
f 5621 5951 5952
f 5622 5953 5623
f 5622 5952 5953
f 5623 5954 5624
f 5623 5953 5954
f 5624 5955 5625
f 5624 5954 5955
f 5625 5956 5626
f 5625 5955 5956
f 5626 5957 5627
f 5626 5956 5957
f 5627 5958 5628
f 5627 5957 5958
f 5628 5959 5629
f 5628 5958 5959
f 5629 5960 5630
f 5629 5959 5960
f 5630 5961 5631
f 5630 5960 5961
f 5631 5962 5632
f 5631 5961 5962
f 5632 5963 5633
f 5632 5962 5963
f 5633 5964 5634
f 5633 5963 5964
f 5634 5965 5635
f 5634 5964 5965
f 5635 5966 5636
f 5635 5965 5966
f 5636 5967 5637
f 5636 5966 5967
f 5637 5968 5638
f 5637 5967 5968
f 5638 5969 5639
f 5638 5968 5969
f 5639 5970 5640
f 5639 5969 5970
f 5640 5971 5641
f 5640 5970 5971
f 5641 5972 5642
f 5641 5971 5972
f 5642 5973 5643
f 5642 5972 5973
f 5643 5974 5644
f 5643 5973 5974
f 5644 5975 5645
f 5644 5974 5975
f 5645 5976 5646
f 5645 5975 5976
f 5646 5977 5647
f 5646 5976 5977
f 5647 5978 5648
f 5647 5977 5978
f 5648 5979 5649
f 5648 5978 5979
f 5649 5980 5650
f 5649 5979 5980
f 5650 5981 5651
f 5650 5980 5981
f 5651 5982 5652
f 5651 5981 5982
f 5652 5983 5653
f 5652 5982 5983
f 5653 5984 5654
f 5653 5983 5984
f 5654 5985 5655
f 5654 5984 5985
f 5655 5986 5656
f 5655 5985 5986
f 5656 5987 5657
f 5656 5986 5987
f 5657 5988 5658
f 5657 5987 5988
f 5658 5989 5659
f 5658 5988 5989
f 5659 5990 5660
f 5659 5989 5990
f 5660 5991 5661
f 5660 5990 5991
f 5661 5992 5662
f 5661 5991 5992
f 5662 5993 5663
f 5662 5992 5993
f 5663 5994 5664
f 5663 5993 5994
f 5664 5995 5665
f 5664 5994 5995
f 5665 5996 5666
f 5665 5995 5996
f 5666 5997 5667
f 5666 5996 5997
f 5667 5998 5668
f 5667 5997 5998
f 5668 5999 5669
f 5668 5998 5999
f 5669 6000 5670
f 5669 5999 6000
f 5670 6001 5671
f 5670 6000 6001
f 5671 6002 5672
f 5671 6001 6002
f 5672 6003 5673
f 5672 6002 6003
f 5673 6004 5674
f 5673 6003 6004
f 5674 6005 5675
f 5674 6004 6005
f 5675 6006 5676
f 5675 6005 6006
f 5676 6007 5677
f 5676 6006 6007
f 5677 6008 5678
f 5677 6007 6008
f 5678 6009 5679
f 5678 6008 6009
f 5679 6010 5680
f 5679 6009 6010
f 5680 6011 5681
f 5680 6010 6011
f 5681 6012 5682
f 5681 6011 6012
f 5682 6013 5683
f 5682 6012 6013
f 5683 6014 5684
f 5683 6013 6014
f 5684 6015 5685
f 5684 6014 6015
f 5685 6016 5686
f 5685 6015 6016
f 5686 6017 5687
f 5686 6016 6017
f 5687 6018 5688
f 5687 6017 6018
f 5688 6019 5689
f 5688 6018 6019
f 5689 6020 5690
f 5689 6019 6020
f 5690 6021 5691
f 5690 6020 6021
f 5691 6022 5692
f 5691 6021 6022
f 5692 6023 5693
f 5692 6022 6023
f 5693 6024 5694
f 5693 6023 6024
f 5694 6025 5695
f 5694 6024 6025
f 5695 6026 5696
f 5695 6025 6026
f 5696 6027 5697
f 5696 6026 6027
f 5697 6028 5698
f 5697 6027 6028
f 5698 6029 5699
f 5698 6028 6029
f 5699 6030 5700
f 5699 6029 6030
f 5700 6031 5701
f 5700 6030 6031
f 5701 6032 5702
f 5701 6031 6032
f 5702 6033 5703
f 5702 6032 6033
f 5703 6034 5704
f 5703 6033 6034
f 5704 6035 5705
f 5704 6034 6035
f 5705 6036 5706
f 5705 6035 6036
f 5706 6037 5707
f 5706 6036 6037
f 5707 6038 5708
f 5707 6037 6038
f 5708 6039 5709
f 5708 6038 6039
f 5709 6040 5710
f 5709 6039 6040
f 5710 6041 5711
f 5710 6040 6041
f 5711 6042 5712
f 5711 6041 6042
f 5712 6043 5713
f 5712 6042 6043
f 5713 6044 5714
f 5713 6043 6044
f 5714 6045 5715
f 5714 6044 6045
f 5715 6046 5716
f 5715 6045 6046
f 5716 6047 5717
f 5716 6046 6047
f 5717 6048 5718
f 5717 6047 6048
f 5718 6049 5719
f 5718 6048 6049
f 5719 6050 5720
f 5719 6049 6050
f 5720 6051 5721
f 5720 6050 6051
f 5721 6052 5722
f 5721 6051 6052
f 5722 6053 5723
f 5722 6052 6053
f 5723 6054 5724
f 5723 6053 6054
f 5724 6055 5725
f 5724 6054 6055
f 5725 6056 5726
f 5725 6055 6056
f 5726 6057 5727
f 5726 6056 6057
f 5727 6058 5728
f 5727 6057 6058
f 5728 6059 5729
f 5728 6058 6059
f 5729 6060 5730
f 5729 6059 6060
f 5730 6061 5731
f 5730 6060 6061
f 5731 6062 5732
f 5731 6061 6062
f 5732 6063 5733
f 5732 6062 6063
f 5733 6064 5734
f 5733 6063 6064
f 5734 6065 5735
f 5734 6064 6065
f 5735 6066 5736
f 5735 6065 6066
f 5736 6067 5737
f 5736 6066 6067
f 5737 6068 5738
f 5737 6067 6068
f 5738 6069 5739
f 5738 6068 6069
f 5739 6070 5740
f 5739 6069 6070
f 5740 6071 5741
f 5740 6070 6071
f 5741 6072 5742
f 5741 6071 6072
f 5742 6073 5743
f 5742 6072 6073
f 5743 6074 5744
f 5743 6073 6074
f 5744 6075 5745
f 5744 6074 6075
f 5745 6076 5746
f 5745 6075 6076
f 5746 6077 5747
f 5746 6076 6077
f 5747 6078 5748
f 5747 6077 6078
f 5748 6079 5749
f 5748 6078 6079
f 5749 6080 5750
f 5749 6079 6080
f 5750 6081 5751
f 5750 6080 6081
f 5751 6082 5752
f 5751 6081 6082
f 5752 6083 5753
f 5752 6082 6083
f 5753 6084 5754
f 5753 6083 6084
f 5754 6085 5755
f 5754 6084 6085
f 5755 6086 5756
f 5755 6085 6086
f 5756 6087 5757
f 5756 6086 6087
f 5757 6088 5758
f 5757 6087 6088
f 5758 6089 5759
f 5758 6088 6089
f 5759 6090 5760
f 5759 6089 6090
f 5760 6091 5761
f 5760 6090 6091
f 5761 6092 5762
f 5761 6091 6092
f 5762 6093 5763
f 5762 6092 6093
f 5763 6094 5764
f 5763 6093 6094
f 5764 6095 5765
f 5764 6094 6095
f 5765 6096 5766
f 5765 6095 6096
f 5766 6097 5767
f 5766 6096 6097
f 5767 6098 5768
f 5767 6097 6098
f 5768 6099 5769
f 5768 6098 6099
f 5769 6100 5770
f 5769 6099 6100
f 5770 6101 5771
f 5770 6100 6101
f 5771 6102 5772
f 5771 6101 6102
f 5772 6103 5773
f 5772 6102 6103
f 5773 6104 5774
f 5773 6103 6104
f 5774 6105 5775
f 5774 6104 6105
f 5775 6106 5776
f 5775 6105 6106
f 5776 6107 5777
f 5776 6106 6107
f 5777 6108 5778
f 5777 6107 6108
f 5778 6109 5779
f 5778 6108 6109
f 5779 6110 5780
f 5779 6109 6110
f 5780 6111 5781
f 5780 6110 6111
f 5781 6112 5782
f 5781 6111 6112
f 5782 6113 5783
f 5782 6112 6113
f 5783 6114 5784
f 5783 6113 6114
f 5784 6115 5785
f 5784 6114 6115
f 5785 6116 5786
f 5785 6115 6116
f 5786 6117 5787
f 5786 6116 6117
f 5787 6118 5788
f 5787 6117 6118
f 5788 6119 5789
f 5788 6118 6119
f 5789 6120 5790
f 5789 6119 6120
f 5790 6121 5791
f 5790 6120 6121
f 5791 6122 5792
f 5791 6121 6122
f 5792 6123 5793
f 5792 6122 6123
f 5793 6124 5794
f 5793 6123 6124
f 5794 6125 5795
f 5794 6124 6125
f 5795 6126 5796
f 5795 6125 6126
f 5796 6127 5797
f 5796 6126 6127
f 5797 6128 5798
f 5797 6127 6128
f 5798 6129 5799
f 5798 6128 6129
f 5799 6130 5800
f 5799 6129 6130
f 5800 6131 5801
f 5800 6130 6131
f 5801 6132 5802
f 5801 6131 6132
f 5802 6133 5803
f 5802 6132 6133
f 5803 6134 5804
f 5803 6133 6134
f 5804 6135 5805
f 5804 6134 6135
f 5805 6136 5806
f 5805 6135 6136
f 5806 6137 5807
f 5806 6136 6137
f 5807 6138 5808
f 5807 6137 6138
f 5808 6139 5809
f 5808 6138 6139
f 5809 6140 5810
f 5809 6139 6140
f 5810 6141 5811
f 5810 6140 6141
f 5811 6142 5812
f 5811 6141 6142
f 5812 6143 5813
f 5812 6142 6143
f 5813 6144 5814
f 5813 6143 6144
f 5814 6145 5815
f 5814 6144 6145
f 5815 6146 5816
f 5815 6145 6146
f 5816 6147 5817
f 5816 6146 6147
f 5817 6148 5818
f 5817 6147 6148
f 5818 6149 5819
f 5818 6148 6149
f 5819 6150 5820
f 5819 6149 6150
f 5820 6151 5821
f 5820 6150 6151
f 5821 6152 5822
f 5821 6151 6152
f 5822 6153 5823
f 5822 6152 6153
f 5823 6154 5824
f 5823 6153 6154
f 5824 6155 5825
f 5824 6154 6155
f 5825 6156 5826
f 5825 6155 6156
f 5826 6157 5827
f 5826 6156 6157
f 5827 6158 5828
f 5827 6157 6158
f 5828 6159 5829
f 5828 6158 6159
f 5829 6160 5830
f 5829 6159 6160
f 5830 6161 5831
f 5830 6160 6161
f 5831 6162 5832
f 5831 6161 6162
f 5832 6163 5833
f 5832 6162 6163
f 5833 6164 5834
f 5833 6163 6164
f 5834 6165 5835
f 5834 6164 6165
f 5835 6166 5836
f 5835 6165 6166
f 5836 6167 5837
f 5836 6166 6167
f 5837 6168 5838
f 5837 6167 6168
f 5838 6169 5839
f 5838 6168 6169
f 5839 6170 5840
f 5839 6169 6170
f 5840 6171 5841
f 5840 6170 6171
f 5841 6172 5842
f 5841 6171 6172
f 5842 6173 5843
f 5842 6172 6173
f 5843 6174 5844
f 5843 6173 6174
f 5844 6175 5845
f 5844 6174 6175
f 5845 6176 5846
f 5845 6175 6176
f 5846 6177 5847
f 5846 6176 6177
f 5847 6178 5848
f 5847 6177 6178
f 5848 6179 5849
f 5848 6178 6179
f 5849 6180 5850
f 5849 6179 6180
f 5850 6181 5851
f 5850 6180 6181
f 5851 6182 5852
f 5851 6181 6182
f 5852 6183 5853
f 5852 6182 6183
f 5853 6184 5854
f 5853 6183 6184
f 5854 6185 5855
f 5854 6184 6185
f 5855 6186 5856
f 5855 6185 6186
f 5856 6187 5857
f 5856 6186 6187
f 5857 6188 5858
f 5857 6187 6188
f 5858 6189 5859
f 5858 6188 6189
f 5859 6190 5860
f 5859 6189 6190
f 5860 6191 5861
f 5860 6190 6191
f 5861 6192 5862
f 5861 6191 6192
f 5862 6193 5863
f 5862 6192 6193
f 5863 6194 5864
f 5863 6193 6194
f 5864 6195 5865
f 5864 6194 6195
f 5865 6196 5866
f 5865 6195 6196
f 5866 6197 5867
f 5866 6196 6197
f 5867 6198 5868
f 5867 6197 6198
f 5868 6199 5869
f 5868 6198 6199
f 5869 6200 5870
f 5869 6199 6200
f 5870 6201 5871
f 5870 6200 6201
f 5871 6202 5872
f 5871 6201 6202
f 5872 6203 5873
f 5872 6202 6203
f 5873 6204 5874
f 5873 6203 6204
f 5874 6205 5875
f 5874 6204 6205
f 5875 6206 5876
f 5875 6205 6206
f 5876 6207 5877
f 5876 6206 6207
f 5877 6208 5878
f 5877 6207 6208
f 5878 6209 5879
f 5878 6208 6209
f 5879 6210 5880
f 5879 6209 6210
f 5880 6211 5881
f 5880 6210 6211
f 5881 6212 5882
f 5881 6211 6212
f 5882 6213 5883
f 5882 6212 6213
f 5883 6214 5884
f 5883 6213 6214
f 5884 6215 5885
f 5884 6214 6215
f 5885 6216 5886
f 5885 6215 6216
f 5886 6217 5887
f 5886 6216 6217
f 5887 6218 5888
f 5887 6217 6218
f 5888 6219 5889
f 5888 6218 6219
f 5889 6220 5890
f 5889 6219 6220
f 5890 6221 5891
f 5890 6220 6221
f 5891 6222 5892
f 5891 6221 6222
f 5892 6223 5893
f 5892 6222 6223
f 5893 6224 5894
f 5893 6223 6224
f 5894 6225 5895
f 5894 6224 6225
f 5895 6226 5896
f 5895 6225 6226
f 5896 6227 5897
f 5896 6226 6227
f 5897 6228 5898
f 5897 6227 6228
f 5898 6229 5899
f 5898 6228 6229
f 5899 6230 5900
f 5899 6229 6230
f 5900 6231 5901
f 5900 6230 6231
f 5901 6232 5902
f 5901 6231 6232
f 5902 6233 5903
f 5902 6232 6233
f 5903 6234 5904
f 5903 6233 6234
f 5904 6235 5905
f 5904 6234 6235
f 5905 6236 5906
f 5905 6235 6236
f 5906 6237 5907
f 5906 6236 6237
f 5907 6238 5908
f 5907 6237 6238
f 5908 6239 5909
f 5908 6238 6239
f 5909 6240 5910
f 5909 6239 6240
f 5910 6241 5911
f 5910 6240 6241
f 5911 6242 5912
f 5911 6241 6242
f 5912 6243 5913
f 5912 6242 6243
f 5913 6244 5914
f 5913 6243 6244
f 5914 6245 5915
f 5914 6244 6245
f 5915 6246 5916
f 5915 6245 6246
f 5916 6247 5917
f 5916 6246 6247
f 5917 6248 5918
f 5917 6247 6248
f 5918 6249 5919
f 5918 6248 6249
f 5919 6250 5920
f 5919 6249 6250
f 5920 6251 5921
f 5920 6250 6251
f 5921 6252 5922
f 5921 6251 6252
f 5922 6253 5923
f 5922 6252 6253
f 5923 6254 5924
f 5923 6253 6254
f 5924 6255 5925
f 5924 6254 6255
f 5925 6256 5926
f 5925 6255 6256
f 5926 6257 5927
f 5926 6256 6257
f 5927 6258 5928
f 5927 6257 6258
f 5928 6259 5929
f 5928 6258 6259
f 5929 6260 5930
f 5929 6259 6260
f 5930 6261 5931
f 5930 6260 6261
f 5931 6262 5932
f 5931 6261 6262
f 5932 6263 5933
f 5932 6262 6263
f 5933 6264 5934
f 5933 6263 6264
f 5934 6265 5935
f 5934 6264 6265
f 5935 6266 5936
f 5935 6265 6266
f 5936 6267 5937
f 5936 6266 6267
f 5937 6268 5938
f 5937 6267 6268
f 5938 6269 5939
f 5938 6268 6269
f 5939 6270 5940
f 5939 6269 6270
f 5941 6272 5942
f 5941 6271 6272
f 5942 6273 5943
f 5942 6272 6273
f 5943 6274 5944
f 5943 6273 6274
f 5944 6275 5945
f 5944 6274 6275
f 5945 6276 5946
f 5945 6275 6276
f 5946 6277 5947
f 5946 6276 6277
f 5947 6278 5948
f 5947 6277 6278
f 5948 6279 5949
f 5948 6278 6279
f 5949 6280 5950
f 5949 6279 6280
f 5950 6281 5951
f 5950 6280 6281
f 5951 6282 5952
f 5951 6281 6282
f 5952 6283 5953
f 5952 6282 6283
f 5953 6284 5954
f 5953 6283 6284
f 5954 6285 5955
f 5954 6284 6285
f 5955 6286 5956
f 5955 6285 6286
f 5956 6287 5957
f 5956 6286 6287
f 5957 6288 5958
f 5957 6287 6288
f 5958 6289 5959
f 5958 6288 6289
f 5959 6290 5960
f 5959 6289 6290
f 5960 6291 5961
f 5960 6290 6291
f 5961 6292 5962
f 5961 6291 6292
f 5962 6293 5963
f 5962 6292 6293
f 5963 6294 5964
f 5963 6293 6294
f 5964 6295 5965
f 5964 6294 6295
f 5965 6296 5966
f 5965 6295 6296
f 5966 6297 5967
f 5966 6296 6297
f 5967 6298 5968
f 5967 6297 6298
f 5968 6299 5969
f 5968 6298 6299
f 5969 6300 5970
f 5969 6299 6300
f 5970 6301 5971
f 5970 6300 6301
f 5971 6302 5972
f 5971 6301 6302
f 5972 6303 5973
f 5972 6302 6303
f 5973 6304 5974
f 5973 6303 6304
f 5974 6305 5975
f 5974 6304 6305
f 5975 6306 5976
f 5975 6305 6306
f 5976 6307 5977
f 5976 6306 6307
f 5977 6308 5978
f 5977 6307 6308
f 5978 6309 5979
f 5978 6308 6309
f 5979 6310 5980
f 5979 6309 6310
f 5980 6311 5981
f 5980 6310 6311
f 5981 6312 5982
f 5981 6311 6312
f 5982 6313 5983
f 5982 6312 6313
f 5983 6314 5984
f 5983 6313 6314
f 5984 6315 5985
f 5984 6314 6315
f 5985 6316 5986
f 5985 6315 6316
f 5986 6317 5987
f 5986 6316 6317
f 5987 6318 5988
f 5987 6317 6318
f 5988 6319 5989
f 5988 6318 6319
f 5989 6320 5990
f 5989 6319 6320
f 5990 6321 5991
f 5990 6320 6321
f 5991 6322 5992
f 5991 6321 6322
f 5992 6323 5993
f 5992 6322 6323
f 5993 6324 5994
f 5993 6323 6324
f 5994 6325 5995
f 5994 6324 6325
f 5995 6326 5996
f 5995 6325 6326
f 5996 6327 5997
f 5996 6326 6327
f 5997 6328 5998
f 5997 6327 6328
f 5998 6329 5999
f 5998 6328 6329
f 5999 6330 6000
f 5999 6329 6330
f 6000 6331 6001
f 6000 6330 6331
f 6001 6332 6002
f 6001 6331 6332
f 6002 6333 6003
f 6002 6332 6333
f 6003 6334 6004
f 6003 6333 6334
f 6004 6335 6005
f 6004 6334 6335
f 6005 6336 6006
f 6005 6335 6336
f 6006 6337 6007
f 6006 6336 6337
f 6007 6338 6008
f 6007 6337 6338
f 6008 6339 6009
f 6008 6338 6339
f 6009 6340 6010
f 6009 6339 6340
f 6010 6341 6011
f 6010 6340 6341
f 6011 6342 6012
f 6011 6341 6342
f 6012 6343 6013
f 6012 6342 6343
f 6013 6344 6014
f 6013 6343 6344
f 6014 6345 6015
f 6014 6344 6345
f 6015 6346 6016
f 6015 6345 6346
f 6016 6347 6017
f 6016 6346 6347
f 6017 6348 6018
f 6017 6347 6348
f 6018 6349 6019
f 6018 6348 6349
f 6019 6350 6020
f 6019 6349 6350
f 6020 6351 6021
f 6020 6350 6351
f 6021 6352 6022
f 6021 6351 6352
f 6022 6353 6023
f 6022 6352 6353
f 6023 6354 6024
f 6023 6353 6354
f 6024 6355 6025
f 6024 6354 6355
f 6025 6356 6026
f 6025 6355 6356
f 6026 6357 6027
f 6026 6356 6357
f 6027 6358 6028
f 6027 6357 6358
f 6028 6359 6029
f 6028 6358 6359
f 6029 6360 6030
f 6029 6359 6360
f 6030 6361 6031
f 6030 6360 6361
f 6031 6362 6032
f 6031 6361 6362
f 6032 6363 6033
f 6032 6362 6363
f 6033 6364 6034
f 6033 6363 6364
f 6034 6365 6035
f 6034 6364 6365
f 6035 6366 6036
f 6035 6365 6366
f 6036 6367 6037
f 6036 6366 6367
f 6037 6368 6038
f 6037 6367 6368
f 6038 6369 6039
f 6038 6368 6369
f 6039 6370 6040
f 6039 6369 6370
f 6040 6371 6041
f 6040 6370 6371
f 6041 6372 6042
f 6041 6371 6372
f 6042 6373 6043
f 6042 6372 6373
f 6043 6374 6044
f 6043 6373 6374
f 6044 6375 6045
f 6044 6374 6375
f 6045 6376 6046
f 6045 6375 6376
f 6046 6377 6047
f 6046 6376 6377
f 6047 6378 6048
f 6047 6377 6378
f 6048 6379 6049
f 6048 6378 6379
f 6049 6380 6050
f 6049 6379 6380
f 6050 6381 6051
f 6050 6380 6381
f 6051 6382 6052
f 6051 6381 6382
f 6052 6383 6053
f 6052 6382 6383
f 6053 6384 6054
f 6053 6383 6384
f 6054 6385 6055
f 6054 6384 6385
f 6055 6386 6056
f 6055 6385 6386
f 6056 6387 6057
f 6056 6386 6387
f 6057 6388 6058
f 6057 6387 6388
f 6058 6389 6059
f 6058 6388 6389
f 6059 6390 6060
f 6059 6389 6390
f 6060 6391 6061
f 6060 6390 6391
f 6061 6392 6062
f 6061 6391 6392
f 6062 6393 6063
f 6062 6392 6393
f 6063 6394 6064
f 6063 6393 6394
f 6064 6395 6065
f 6064 6394 6395
f 6065 6396 6066
f 6065 6395 6396
f 6066 6397 6067
f 6066 6396 6397
f 6067 6398 6068
f 6067 6397 6398
f 6068 6399 6069
f 6068 6398 6399
f 6069 6400 6070
f 6069 6399 6400
f 6070 6401 6071
f 6070 6400 6401
f 6071 6402 6072
f 6071 6401 6402
f 6072 6403 6073
f 6072 6402 6403
f 6073 6404 6074
f 6073 6403 6404
f 6074 6405 6075
f 6074 6404 6405
f 6075 6406 6076
f 6075 6405 6406
f 6076 6407 6077
f 6076 6406 6407
f 6077 6408 6078
f 6077 6407 6408
f 6078 6409 6079
f 6078 6408 6409
f 6079 6410 6080
f 6079 6409 6410
f 6080 6411 6081
f 6080 6410 6411
f 6081 6412 6082
f 6081 6411 6412
f 6082 6413 6083
f 6082 6412 6413
f 6083 6414 6084
f 6083 6413 6414
f 6084 6415 6085
f 6084 6414 6415
f 6085 6416 6086
f 6085 6415 6416
f 6086 6417 6087
f 6086 6416 6417
f 6087 6418 6088
f 6087 6417 6418
f 6088 6419 6089
f 6088 6418 6419
f 6089 6420 6090
f 6089 6419 6420
f 6090 6421 6091
f 6090 6420 6421
f 6091 6422 6092
f 6091 6421 6422
f 6092 6423 6093
f 6092 6422 6423
f 6093 6424 6094
f 6093 6423 6424
f 6094 6425 6095
f 6094 6424 6425
f 6095 6426 6096
f 6095 6425 6426
f 6096 6427 6097
f 6096 6426 6427
f 6097 6428 6098
f 6097 6427 6428
f 6098 6429 6099
f 6098 6428 6429
f 6099 6430 6100
f 6099 6429 6430
f 6100 6431 6101
f 6100 6430 6431
f 6101 6432 6102
f 6101 6431 6432
f 6102 6433 6103
f 6102 6432 6433
f 6103 6434 6104
f 6103 6433 6434
f 6104 6435 6105
f 6104 6434 6435
f 6105 6436 6106
f 6105 6435 6436
f 6106 6437 6107
f 6106 6436 6437
f 6107 6438 6108
f 6107 6437 6438
f 6108 6439 6109
f 6108 6438 6439
f 6109 6440 6110
f 6109 6439 6440
f 6110 6441 6111
f 6110 6440 6441
f 6111 6442 6112
f 6111 6441 6442
f 6112 6443 6113
f 6112 6442 6443
f 6113 6444 6114
f 6113 6443 6444
f 6114 6445 6115
f 6114 6444 6445
f 6115 6446 6116
f 6115 6445 6446
f 6116 6447 6117
f 6116 6446 6447
f 6117 6448 6118
f 6117 6447 6448
f 6118 6449 6119
f 6118 6448 6449
f 6119 6450 6120
f 6119 6449 6450
f 6120 6451 6121
f 6120 6450 6451
f 6121 6452 6122
f 6121 6451 6452
f 6122 6453 6123
f 6122 6452 6453
f 6123 6454 6124
f 6123 6453 6454
f 6124 6455 6125
f 6124 6454 6455
f 6125 6456 6126
f 6125 6455 6456
f 6126 6457 6127
f 6126 6456 6457
f 6127 6458 6128
f 6127 6457 6458
f 6128 6459 6129
f 6128 6458 6459
f 6129 6460 6130
f 6129 6459 6460
f 6130 6461 6131
f 6130 6460 6461
f 6131 6462 6132
f 6131 6461 6462
f 6132 6463 6133
f 6132 6462 6463
f 6133 6464 6134
f 6133 6463 6464
f 6134 6465 6135
f 6134 6464 6465
f 6135 6466 6136
f 6135 6465 6466
f 6136 6467 6137
f 6136 6466 6467
f 6137 6468 6138
f 6137 6467 6468
f 6138 6469 6139
f 6138 6468 6469
f 6139 6470 6140
f 6139 6469 6470
f 6140 6471 6141
f 6140 6470 6471
f 6141 6472 6142
f 6141 6471 6472
f 6142 6473 6143
f 6142 6472 6473
f 6143 6474 6144
f 6143 6473 6474
f 6144 6475 6145
f 6144 6474 6475
f 6145 6476 6146
f 6145 6475 6476
f 6146 6477 6147
f 6146 6476 6477
f 6147 6478 6148
f 6147 6477 6478
f 6148 6479 6149
f 6148 6478 6479
f 6149 6480 6150
f 6149 6479 6480
f 6150 6481 6151
f 6150 6480 6481
f 6151 6482 6152
f 6151 6481 6482
f 6152 6483 6153
f 6152 6482 6483
f 6153 6484 6154
f 6153 6483 6484
f 6154 6485 6155
f 6154 6484 6485
f 6155 6486 6156
f 6155 6485 6486
f 6156 6487 6157
f 6156 6486 6487
f 6157 6488 6158
f 6157 6487 6488
f 6158 6489 6159
f 6158 6488 6489
f 6159 6490 6160
f 6159 6489 6490
f 6160 6491 6161
f 6160 6490 6491
f 6161 6492 6162
f 6161 6491 6492
f 6162 6493 6163
f 6162 6492 6493
f 6163 6494 6164
f 6163 6493 6494
f 6164 6495 6165
f 6164 6494 6495
f 6165 6496 6166
f 6165 6495 6496
f 6166 6497 6167
f 6166 6496 6497
f 6167 6498 6168
f 6167 6497 6498
f 6168 6499 6169
f 6168 6498 6499
f 6169 6500 6170
f 6169 6499 6500
f 6170 6501 6171
f 6170 6500 6501
f 6171 6502 6172
f 6171 6501 6502
f 6172 6503 6173
f 6172 6502 6503
f 6173 6504 6174
f 6173 6503 6504
f 6174 6505 6175
f 6174 6504 6505
f 6175 6506 6176
f 6175 6505 6506
f 6176 6507 6177
f 6176 6506 6507
f 6177 6508 6178
f 6177 6507 6508
f 6178 6509 6179
f 6178 6508 6509
f 6179 6510 6180
f 6179 6509 6510
f 6180 6511 6181
f 6180 6510 6511
f 6181 6512 6182
f 6181 6511 6512
f 6182 6513 6183
f 6182 6512 6513
f 6183 6514 6184
f 6183 6513 6514
f 6184 6515 6185
f 6184 6514 6515
f 6185 6516 6186
f 6185 6515 6516
f 6186 6517 6187
f 6186 6516 6517
f 6187 6518 6188
f 6187 6517 6518
f 6188 6519 6189
f 6188 6518 6519
f 6189 6520 6190
f 6189 6519 6520
f 6190 6521 6191
f 6190 6520 6521
f 6191 6522 6192
f 6191 6521 6522
f 6192 6523 6193
f 6192 6522 6523
f 6193 6524 6194
f 6193 6523 6524
f 6194 6525 6195
f 6194 6524 6525
f 6195 6526 6196
f 6195 6525 6526
f 6196 6527 6197
f 6196 6526 6527
f 6197 6528 6198
f 6197 6527 6528
f 6198 6529 6199
f 6198 6528 6529
f 6199 6530 6200
f 6199 6529 6530
f 6200 6531 6201
f 6200 6530 6531
f 6201 6532 6202
f 6201 6531 6532
f 6202 6533 6203
f 6202 6532 6533
f 6203 6534 6204
f 6203 6533 6534
f 6204 6535 6205
f 6204 6534 6535
f 6205 6536 6206
f 6205 6535 6536
f 6206 6537 6207
f 6206 6536 6537
f 6207 6538 6208
f 6207 6537 6538
f 6208 6539 6209
f 6208 6538 6539
f 6209 6540 6210
f 6209 6539 6540
f 6210 6541 6211
f 6210 6540 6541
f 6211 6542 6212
f 6211 6541 6542
f 6212 6543 6213
f 6212 6542 6543
f 6213 6544 6214
f 6213 6543 6544
f 6214 6545 6215
f 6214 6544 6545
f 6215 6546 6216
f 6215 6545 6546
f 6216 6547 6217
f 6216 6546 6547
f 6217 6548 6218
f 6217 6547 6548
f 6218 6549 6219
f 6218 6548 6549
f 6219 6550 6220
f 6219 6549 6550
f 6220 6551 6221
f 6220 6550 6551
f 6221 6552 6222
f 6221 6551 6552
f 6222 6553 6223
f 6222 6552 6553
f 6223 6554 6224
f 6223 6553 6554
f 6224 6555 6225
f 6224 6554 6555
f 6225 6556 6226
f 6225 6555 6556
f 6226 6557 6227
f 6226 6556 6557
f 6227 6558 6228
f 6227 6557 6558
f 6228 6559 6229
f 6228 6558 6559
f 6229 6560 6230
f 6229 6559 6560
f 6230 6561 6231
f 6230 6560 6561
f 6231 6562 6232
f 6231 6561 6562
f 6232 6563 6233
f 6232 6562 6563
f 6233 6564 6234
f 6233 6563 6564
f 6234 6565 6235
f 6234 6564 6565
f 6235 6566 6236
f 6235 6565 6566
f 6236 6567 6237
f 6236 6566 6567
f 6237 6568 6238
f 6237 6567 6568
f 6238 6569 6239
f 6238 6568 6569
f 6239 6570 6240
f 6239 6569 6570
f 6240 6571 6241
f 6240 6570 6571
f 6241 6572 6242
f 6241 6571 6572
f 6242 6573 6243
f 6242 6572 6573
f 6243 6574 6244
f 6243 6573 6574
f 6244 6575 6245
f 6244 6574 6575
f 6245 6576 6246
f 6245 6575 6576
f 6246 6577 6247
f 6246 6576 6577
f 6247 6578 6248
f 6247 6577 6578
f 6248 6579 6249
f 6248 6578 6579
f 6249 6580 6250
f 6249 6579 6580
f 6250 6581 6251
f 6250 6580 6581
f 6251 6582 6252
f 6251 6581 6582
f 6252 6583 6253
f 6252 6582 6583
f 6253 6584 6254
f 6253 6583 6584
f 6254 6585 6255
f 6254 6584 6585
f 6255 6586 6256
f 6255 6585 6586
f 6256 6587 6257
f 6256 6586 6587
f 6257 6588 6258
f 6257 6587 6588
f 6258 6589 6259
f 6258 6588 6589
f 6259 6590 6260
f 6259 6589 6590
f 6260 6591 6261
f 6260 6590 6591
f 6261 6592 6262
f 6261 6591 6592
f 6262 6593 6263
f 6262 6592 6593
f 6263 6594 6264
f 6263 6593 6594
f 6264 6595 6265
f 6264 6594 6595
f 6265 6596 6266
f 6265 6595 6596
f 6266 6597 6267
f 6266 6596 6597
f 6267 6598 6268
f 6267 6597 6598
f 6268 6599 6269
f 6268 6598 6599
f 6269 6600 6270
f 6269 6599 6600
f 6271 6602 6272
f 6271 6601 6602
f 6272 6603 6273
f 6272 6602 6603
f 6273 6604 6274
f 6273 6603 6604
f 6274 6605 6275
f 6274 6604 6605
f 6275 6606 6276
f 6275 6605 6606
f 6276 6607 6277
f 6276 6606 6607
f 6277 6608 6278
f 6277 6607 6608
f 6278 6609 6279
f 6278 6608 6609
f 6279 6610 6280
f 6279 6609 6610
f 6280 6611 6281
f 6280 6610 6611
f 6281 6612 6282
f 6281 6611 6612
f 6282 6613 6283
f 6282 6612 6613
f 6283 6614 6284
f 6283 6613 6614
f 6284 6615 6285
f 6284 6614 6615
f 6285 6616 6286
f 6285 6615 6616
f 6286 6617 6287
f 6286 6616 6617
f 6287 6618 6288
f 6287 6617 6618
f 6288 6619 6289
f 6288 6618 6619
f 6289 6620 6290
f 6289 6619 6620
f 6290 6621 6291
f 6290 6620 6621
f 6291 6622 6292
f 6291 6621 6622
f 6292 6623 6293
f 6292 6622 6623
f 6293 6624 6294
f 6293 6623 6624
f 6294 6625 6295
f 6294 6624 6625
f 6295 6626 6296
f 6295 6625 6626
f 6296 6627 6297
f 6296 6626 6627
f 6297 6628 6298
f 6297 6627 6628
f 6298 6629 6299
f 6298 6628 6629
f 6299 6630 6300
f 6299 6629 6630
f 6300 6631 6301
f 6300 6630 6631
f 6301 6632 6302
f 6301 6631 6632
f 6302 6633 6303
f 6302 6632 6633
f 6303 6634 6304
f 6303 6633 6634
f 6304 6635 6305
f 6304 6634 6635
f 6305 6636 6306
f 6305 6635 6636
f 6306 6637 6307
f 6306 6636 6637
f 6307 6638 6308
f 6307 6637 6638
f 6308 6639 6309
f 6308 6638 6639
f 6309 6640 6310
f 6309 6639 6640
f 6310 6641 6311
f 6310 6640 6641
f 6311 6642 6312
f 6311 6641 6642
f 6312 6643 6313
f 6312 6642 6643
f 6313 6644 6314
f 6313 6643 6644
f 6314 6645 6315
f 6314 6644 6645
f 6315 6646 6316
f 6315 6645 6646
f 6316 6647 6317
f 6316 6646 6647
f 6317 6648 6318
f 6317 6647 6648
f 6318 6649 6319
f 6318 6648 6649
f 6319 6650 6320
f 6319 6649 6650
f 6320 6651 6321
f 6320 6650 6651
f 6321 6652 6322
f 6321 6651 6652
f 6322 6653 6323
f 6322 6652 6653
f 6323 6654 6324
f 6323 6653 6654
f 6324 6655 6325
f 6324 6654 6655
f 6325 6656 6326
f 6325 6655 6656
f 6326 6657 6327
f 6326 6656 6657
f 6327 6658 6328
f 6327 6657 6658
f 6328 6659 6329
f 6328 6658 6659
f 6329 6660 6330
f 6329 6659 6660
f 6330 6661 6331
f 6330 6660 6661
f 6331 6662 6332
f 6331 6661 6662
f 6332 6663 6333
f 6332 6662 6663
f 6333 6664 6334
f 6333 6663 6664
f 6334 6665 6335
f 6334 6664 6665
f 6335 6666 6336
f 6335 6665 6666
f 6336 6667 6337
f 6336 6666 6667
f 6337 6668 6338
f 6337 6667 6668
f 6338 6669 6339
f 6338 6668 6669
f 6339 6670 6340
f 6339 6669 6670
f 6340 6671 6341
f 6340 6670 6671
f 6341 6672 6342
f 6341 6671 6672
f 6342 6673 6343
f 6342 6672 6673
f 6343 6674 6344
f 6343 6673 6674
f 6344 6675 6345
f 6344 6674 6675
f 6345 6676 6346
f 6345 6675 6676
f 6346 6677 6347
f 6346 6676 6677
f 6347 6678 6348
f 6347 6677 6678
f 6348 6679 6349
f 6348 6678 6679
f 6349 6680 6350
f 6349 6679 6680
f 6350 6681 6351
f 6350 6680 6681
f 6351 6682 6352
f 6351 6681 6682
f 6352 6683 6353
f 6352 6682 6683
f 6353 6684 6354
f 6353 6683 6684
f 6354 6685 6355
f 6354 6684 6685
f 6355 6686 6356
f 6355 6685 6686
f 6356 6687 6357
f 6356 6686 6687
f 6357 6688 6358
f 6357 6687 6688
f 6358 6689 6359
f 6358 6688 6689
f 6359 6690 6360
f 6359 6689 6690
f 6360 6691 6361
f 6360 6690 6691
f 6361 6692 6362
f 6361 6691 6692
f 6362 6693 6363
f 6362 6692 6693
f 6363 6694 6364
f 6363 6693 6694
f 6364 6695 6365
f 6364 6694 6695
f 6365 6696 6366
f 6365 6695 6696
f 6366 6697 6367
f 6366 6696 6697
f 6367 6698 6368
f 6367 6697 6698
f 6368 6699 6369
f 6368 6698 6699
f 6369 6700 6370
f 6369 6699 6700
f 6370 6701 6371
f 6370 6700 6701
f 6371 6702 6372
f 6371 6701 6702
f 6372 6703 6373
f 6372 6702 6703
f 6373 6704 6374
f 6373 6703 6704
f 6374 6705 6375
f 6374 6704 6705
f 6375 6706 6376
f 6375 6705 6706
f 6376 6707 6377
f 6376 6706 6707
f 6377 6708 6378
f 6377 6707 6708
f 6378 6709 6379
f 6378 6708 6709
f 6379 6710 6380
f 6379 6709 6710
f 6380 6711 6381
f 6380 6710 6711
f 6381 6712 6382
f 6381 6711 6712
f 6382 6713 6383
f 6382 6712 6713
f 6383 6714 6384
f 6383 6713 6714
f 6384 6715 6385
f 6384 6714 6715
f 6385 6716 6386
f 6385 6715 6716
f 6386 6717 6387
f 6386 6716 6717
f 6387 6718 6388
f 6387 6717 6718
f 6388 6719 6389
f 6388 6718 6719
f 6389 6720 6390
f 6389 6719 6720
f 6390 6721 6391
f 6390 6720 6721
f 6391 6722 6392
f 6391 6721 6722
f 6392 6723 6393
f 6392 6722 6723
f 6393 6724 6394
f 6393 6723 6724
f 6394 6725 6395
f 6394 6724 6725
f 6395 6726 6396
f 6395 6725 6726
f 6396 6727 6397
f 6396 6726 6727
f 6397 6728 6398
f 6397 6727 6728
f 6398 6729 6399
f 6398 6728 6729
f 6399 6730 6400
f 6399 6729 6730
f 6400 6731 6401
f 6400 6730 6731
f 6401 6732 6402
f 6401 6731 6732
f 6402 6733 6403
f 6402 6732 6733
f 6403 6734 6404
f 6403 6733 6734
f 6404 6735 6405
f 6404 6734 6735
f 6405 6736 6406
f 6405 6735 6736
f 6406 6737 6407
f 6406 6736 6737
f 6407 6738 6408
f 6407 6737 6738
f 6408 6739 6409
f 6408 6738 6739
f 6409 6740 6410
f 6409 6739 6740
f 6410 6741 6411
f 6410 6740 6741
f 6411 6742 6412
f 6411 6741 6742
f 6412 6743 6413
f 6412 6742 6743
f 6413 6744 6414
f 6413 6743 6744
f 6414 6745 6415
f 6414 6744 6745
f 6415 6746 6416
f 6415 6745 6746
f 6416 6747 6417
f 6416 6746 6747
f 6417 6748 6418
f 6417 6747 6748
f 6418 6749 6419
f 6418 6748 6749
f 6419 6750 6420
f 6419 6749 6750
f 6420 6751 6421
f 6420 6750 6751
f 6421 6752 6422
f 6421 6751 6752
f 6422 6753 6423
f 6422 6752 6753
f 6423 6754 6424
f 6423 6753 6754
f 6424 6755 6425
f 6424 6754 6755
f 6425 6756 6426
f 6425 6755 6756
f 6426 6757 6427
f 6426 6756 6757
f 6427 6758 6428
f 6427 6757 6758
f 6428 6759 6429
f 6428 6758 6759
f 6429 6760 6430
f 6429 6759 6760
f 6430 6761 6431
f 6430 6760 6761
f 6431 6762 6432
f 6431 6761 6762
f 6432 6763 6433
f 6432 6762 6763
f 6433 6764 6434
f 6433 6763 6764
f 6434 6765 6435
f 6434 6764 6765
f 6435 6766 6436
f 6435 6765 6766
f 6436 6767 6437
f 6436 6766 6767
f 6437 6768 6438
f 6437 6767 6768
f 6438 6769 6439
f 6438 6768 6769
f 6439 6770 6440
f 6439 6769 6770
f 6440 6771 6441
f 6440 6770 6771
f 6441 6772 6442
f 6441 6771 6772
f 6442 6773 6443
f 6442 6772 6773
f 6443 6774 6444
f 6443 6773 6774
f 6444 6775 6445
f 6444 6774 6775
f 6445 6776 6446
f 6445 6775 6776
f 6446 6777 6447
f 6446 6776 6777
f 6447 6778 6448
f 6447 6777 6778
f 6448 6779 6449
f 6448 6778 6779
f 6449 6780 6450
f 6449 6779 6780
f 6450 6781 6451
f 6450 6780 6781
f 6451 6782 6452
f 6451 6781 6782
f 6452 6783 6453
f 6452 6782 6783
f 6453 6784 6454
f 6453 6783 6784
f 6454 6785 6455
f 6454 6784 6785
f 6455 6786 6456
f 6455 6785 6786
f 6456 6787 6457
f 6456 6786 6787
f 6457 6788 6458
f 6457 6787 6788
f 6458 6789 6459
f 6458 6788 6789
f 6459 6790 6460
f 6459 6789 6790
f 6460 6791 6461
f 6460 6790 6791
f 6461 6792 6462
f 6461 6791 6792
f 6462 6793 6463
f 6462 6792 6793
f 6463 6794 6464
f 6463 6793 6794
f 6464 6795 6465
f 6464 6794 6795
f 6465 6796 6466
f 6465 6795 6796
f 6466 6797 6467
f 6466 6796 6797
f 6467 6798 6468
f 6467 6797 6798
f 6468 6799 6469
f 6468 6798 6799
f 6469 6800 6470
f 6469 6799 6800
f 6470 6801 6471
f 6470 6800 6801
f 6471 6802 6472
f 6471 6801 6802
f 6472 6803 6473
f 6472 6802 6803
f 6473 6804 6474
f 6473 6803 6804
f 6474 6805 6475
f 6474 6804 6805
f 6475 6806 6476
f 6475 6805 6806
f 6476 6807 6477
f 6476 6806 6807
f 6477 6808 6478
f 6477 6807 6808
f 6478 6809 6479
f 6478 6808 6809
f 6479 6810 6480
f 6479 6809 6810
f 6480 6811 6481
f 6480 6810 6811
f 6481 6812 6482
f 6481 6811 6812
f 6482 6813 6483
f 6482 6812 6813
f 6483 6814 6484
f 6483 6813 6814
f 6484 6815 6485
f 6484 6814 6815
f 6485 6816 6486
f 6485 6815 6816
f 6486 6817 6487
f 6486 6816 6817
f 6487 6818 6488
f 6487 6817 6818
f 6488 6819 6489
f 6488 6818 6819
f 6489 6820 6490
f 6489 6819 6820
f 6490 6821 6491
f 6490 6820 6821
f 6491 6822 6492
f 6491 6821 6822
f 6492 6823 6493
f 6492 6822 6823
f 6493 6824 6494
f 6493 6823 6824
f 6494 6825 6495
f 6494 6824 6825
f 6495 6826 6496
f 6495 6825 6826
f 6496 6827 6497
f 6496 6826 6827
f 6497 6828 6498
f 6497 6827 6828
f 6498 6829 6499
f 6498 6828 6829
f 6499 6830 6500
f 6499 6829 6830
f 6500 6831 6501
f 6500 6830 6831
f 6501 6832 6502
f 6501 6831 6832
f 6502 6833 6503
f 6502 6832 6833
f 6503 6834 6504
f 6503 6833 6834
f 6504 6835 6505
f 6504 6834 6835
f 6505 6836 6506
f 6505 6835 6836
f 6506 6837 6507
f 6506 6836 6837
f 6507 6838 6508
f 6507 6837 6838
f 6508 6839 6509
f 6508 6838 6839
f 6509 6840 6510
f 6509 6839 6840
f 6510 6841 6511
f 6510 6840 6841
f 6511 6842 6512
f 6511 6841 6842
f 6512 6843 6513
f 6512 6842 6843
f 6513 6844 6514
f 6513 6843 6844
f 6514 6845 6515
f 6514 6844 6845
f 6515 6846 6516
f 6515 6845 6846
f 6516 6847 6517
f 6516 6846 6847
f 6517 6848 6518
f 6517 6847 6848
f 6518 6849 6519
f 6518 6848 6849
f 6519 6850 6520
f 6519 6849 6850
f 6520 6851 6521
f 6520 6850 6851
f 6521 6852 6522
f 6521 6851 6852
f 6522 6853 6523
f 6522 6852 6853
f 6523 6854 6524
f 6523 6853 6854
f 6524 6855 6525
f 6524 6854 6855
f 6525 6856 6526
f 6525 6855 6856
f 6526 6857 6527
f 6526 6856 6857
f 6527 6858 6528
f 6527 6857 6858
f 6528 6859 6529
f 6528 6858 6859
f 6529 6860 6530
f 6529 6859 6860
f 6530 6861 6531
f 6530 6860 6861
f 6531 6862 6532
f 6531 6861 6862
f 6532 6863 6533
f 6532 6862 6863
f 6533 6864 6534
f 6533 6863 6864
f 6534 6865 6535
f 6534 6864 6865
f 6535 6866 6536
f 6535 6865 6866
f 6536 6867 6537
f 6536 6866 6867
f 6537 6868 6538
f 6537 6867 6868
f 6538 6869 6539
f 6538 6868 6869
f 6539 6870 6540
f 6539 6869 6870
f 6540 6871 6541
f 6540 6870 6871
f 6541 6872 6542
f 6541 6871 6872
f 6542 6873 6543
f 6542 6872 6873
f 6543 6874 6544
f 6543 6873 6874
f 6544 6875 6545
f 6544 6874 6875
f 6545 6876 6546
f 6545 6875 6876
f 6546 6877 6547
f 6546 6876 6877
f 6547 6878 6548
f 6547 6877 6878
f 6548 6879 6549
f 6548 6878 6879
f 6549 6880 6550
f 6549 6879 6880
f 6550 6881 6551
f 6550 6880 6881
f 6551 6882 6552
f 6551 6881 6882
f 6552 6883 6553
f 6552 6882 6883
f 6553 6884 6554
f 6553 6883 6884
f 6554 6885 6555
f 6554 6884 6885
f 6555 6886 6556
f 6555 6885 6886
f 6556 6887 6557
f 6556 6886 6887
f 6557 6888 6558
f 6557 6887 6888
f 6558 6889 6559
f 6558 6888 6889
f 6559 6890 6560
f 6559 6889 6890
f 6560 6891 6561
f 6560 6890 6891
f 6561 6892 6562
f 6561 6891 6892
f 6562 6893 6563
f 6562 6892 6893
f 6563 6894 6564
f 6563 6893 6894
f 6564 6895 6565
f 6564 6894 6895
f 6565 6896 6566
f 6565 6895 6896
f 6566 6897 6567
f 6566 6896 6897
f 6567 6898 6568
f 6567 6897 6898
f 6568 6899 6569
f 6568 6898 6899
f 6569 6900 6570
f 6569 6899 6900
f 6570 6901 6571
f 6570 6900 6901
f 6571 6902 6572
f 6571 6901 6902
f 6572 6903 6573
f 6572 6902 6903
f 6573 6904 6574
f 6573 6903 6904
f 6574 6905 6575
f 6574 6904 6905
f 6575 6906 6576
f 6575 6905 6906
f 6576 6907 6577
f 6576 6906 6907
f 6577 6908 6578
f 6577 6907 6908
f 6578 6909 6579
f 6578 6908 6909
f 6579 6910 6580
f 6579 6909 6910
f 6580 6911 6581
f 6580 6910 6911
f 6581 6912 6582
f 6581 6911 6912
f 6582 6913 6583
f 6582 6912 6913
f 6583 6914 6584
f 6583 6913 6914
f 6584 6915 6585
f 6584 6914 6915
f 6585 6916 6586
f 6585 6915 6916
f 6586 6917 6587
f 6586 6916 6917
f 6587 6918 6588
f 6587 6917 6918
f 6588 6919 6589
f 6588 6918 6919
f 6589 6920 6590
f 6589 6919 6920
f 6590 6921 6591
f 6590 6920 6921
f 6591 6922 6592
f 6591 6921 6922
f 6592 6923 6593
f 6592 6922 6923
f 6593 6924 6594
f 6593 6923 6924
f 6594 6925 6595
f 6594 6924 6925
f 6595 6926 6596
f 6595 6925 6926
f 6596 6927 6597
f 6596 6926 6927
f 6597 6928 6598
f 6597 6927 6928
f 6598 6929 6599
f 6598 6928 6929
f 6599 6930 6600
f 6599 6929 6930
f 6601 6932 6602
f 6601 6931 6932
f 6602 6933 6603
f 6602 6932 6933
f 6603 6934 6604
f 6603 6933 6934
f 6604 6935 6605
f 6604 6934 6935
f 6605 6936 6606
f 6605 6935 6936
f 6606 6937 6607
f 6606 6936 6937
f 6607 6938 6608
f 6607 6937 6938
f 6608 6939 6609
f 6608 6938 6939
f 6609 6940 6610
f 6609 6939 6940
f 6610 6941 6611
f 6610 6940 6941
f 6611 6942 6612
f 6611 6941 6942
f 6612 6943 6613
f 6612 6942 6943
f 6613 6944 6614
f 6613 6943 6944
f 6614 6945 6615
f 6614 6944 6945
f 6615 6946 6616
f 6615 6945 6946
f 6616 6947 6617
f 6616 6946 6947
f 6617 6948 6618
f 6617 6947 6948
f 6618 6949 6619
f 6618 6948 6949
f 6619 6950 6620
f 6619 6949 6950
f 6620 6951 6621
f 6620 6950 6951
f 6621 6952 6622
f 6621 6951 6952
f 6622 6953 6623
f 6622 6952 6953
f 6623 6954 6624
f 6623 6953 6954
f 6624 6955 6625
f 6624 6954 6955
f 6625 6956 6626
f 6625 6955 6956
f 6626 6957 6627
f 6626 6956 6957
f 6627 6958 6628
f 6627 6957 6958
f 6628 6959 6629
f 6628 6958 6959
f 6629 6960 6630
f 6629 6959 6960
f 6630 6961 6631
f 6630 6960 6961
f 6631 6962 6632
f 6631 6961 6962
f 6632 6963 6633
f 6632 6962 6963
f 6633 6964 6634
f 6633 6963 6964
f 6634 6965 6635
f 6634 6964 6965
f 6635 6966 6636
f 6635 6965 6966
f 6636 6967 6637
f 6636 6966 6967
f 6637 6968 6638
f 6637 6967 6968
f 6638 6969 6639
f 6638 6968 6969
f 6639 6970 6640
f 6639 6969 6970
f 6640 6971 6641
f 6640 6970 6971
f 6641 6972 6642
f 6641 6971 6972
f 6642 6973 6643
f 6642 6972 6973
f 6643 6974 6644
f 6643 6973 6974
f 6644 6975 6645
f 6644 6974 6975
f 6645 6976 6646
f 6645 6975 6976
f 6646 6977 6647
f 6646 6976 6977
f 6647 6978 6648
f 6647 6977 6978
f 6648 6979 6649
f 6648 6978 6979
f 6649 6980 6650
f 6649 6979 6980
f 6650 6981 6651
f 6650 6980 6981
f 6651 6982 6652
f 6651 6981 6982
f 6652 6983 6653
f 6652 6982 6983
f 6653 6984 6654
f 6653 6983 6984
f 6654 6985 6655
f 6654 6984 6985
f 6655 6986 6656
f 6655 6985 6986
f 6656 6987 6657
f 6656 6986 6987
f 6657 6988 6658
f 6657 6987 6988
f 6658 6989 6659
f 6658 6988 6989
f 6659 6990 6660
f 6659 6989 6990
f 6660 6991 6661
f 6660 6990 6991
f 6661 6992 6662
f 6661 6991 6992
f 6662 6993 6663
f 6662 6992 6993
f 6663 6994 6664
f 6663 6993 6994
f 6664 6995 6665
f 6664 6994 6995
f 6665 6996 6666
f 6665 6995 6996
f 6666 6997 6667
f 6666 6996 6997
f 6667 6998 6668
f 6667 6997 6998
f 6668 6999 6669
f 6668 6998 6999
f 6669 7000 6670
f 6669 6999 7000
f 6670 7001 6671
f 6670 7000 7001
f 6671 7002 6672
f 6671 7001 7002
f 6672 7003 6673
f 6672 7002 7003
f 6673 7004 6674
f 6673 7003 7004
f 6674 7005 6675
f 6674 7004 7005
f 6675 7006 6676
f 6675 7005 7006
f 6676 7007 6677
f 6676 7006 7007
f 6677 7008 6678
f 6677 7007 7008
f 6678 7009 6679
f 6678 7008 7009
f 6679 7010 6680
f 6679 7009 7010
f 6680 7011 6681
f 6680 7010 7011
f 6681 7012 6682
f 6681 7011 7012
f 6682 7013 6683
f 6682 7012 7013
f 6683 7014 6684
f 6683 7013 7014
f 6684 7015 6685
f 6684 7014 7015
f 6685 7016 6686
f 6685 7015 7016
f 6686 7017 6687
f 6686 7016 7017
f 6687 7018 6688
f 6687 7017 7018
f 6688 7019 6689
f 6688 7018 7019
f 6689 7020 6690
f 6689 7019 7020
f 6690 7021 6691
f 6690 7020 7021
f 6691 7022 6692
f 6691 7021 7022
f 6692 7023 6693
f 6692 7022 7023
f 6693 7024 6694
f 6693 7023 7024
f 6694 7025 6695
f 6694 7024 7025
f 6695 7026 6696
f 6695 7025 7026
f 6696 7027 6697
f 6696 7026 7027
f 6697 7028 6698
f 6697 7027 7028
f 6698 7029 6699
f 6698 7028 7029
f 6699 7030 6700
f 6699 7029 7030
f 6700 7031 6701
f 6700 7030 7031
f 6701 7032 6702
f 6701 7031 7032
f 6702 7033 6703
f 6702 7032 7033
f 6703 7034 6704
f 6703 7033 7034
f 6704 7035 6705
f 6704 7034 7035
f 6705 7036 6706
f 6705 7035 7036
f 6706 7037 6707
f 6706 7036 7037
f 6707 7038 6708
f 6707 7037 7038
f 6708 7039 6709
f 6708 7038 7039
f 6709 7040 6710
f 6709 7039 7040
f 6710 7041 6711
f 6710 7040 7041
f 6711 7042 6712
f 6711 7041 7042
f 6712 7043 6713
f 6712 7042 7043
f 6713 7044 6714
f 6713 7043 7044
f 6714 7045 6715
f 6714 7044 7045
f 6715 7046 6716
f 6715 7045 7046
f 6716 7047 6717
f 6716 7046 7047
f 6717 7048 6718
f 6717 7047 7048
f 6718 7049 6719
f 6718 7048 7049
f 6719 7050 6720
f 6719 7049 7050
f 6720 7051 6721
f 6720 7050 7051
f 6721 7052 6722
f 6721 7051 7052
f 6722 7053 6723
f 6722 7052 7053
f 6723 7054 6724
f 6723 7053 7054
f 6724 7055 6725
f 6724 7054 7055
f 6725 7056 6726
f 6725 7055 7056
f 6726 7057 6727
f 6726 7056 7057
f 6727 7058 6728
f 6727 7057 7058
f 6728 7059 6729
f 6728 7058 7059
f 6729 7060 6730
f 6729 7059 7060
f 6730 7061 6731
f 6730 7060 7061
f 6731 7062 6732
f 6731 7061 7062
f 6732 7063 6733
f 6732 7062 7063
f 6733 7064 6734
f 6733 7063 7064
f 6734 7065 6735
f 6734 7064 7065
f 6735 7066 6736
f 6735 7065 7066
f 6736 7067 6737
f 6736 7066 7067
f 6737 7068 6738
f 6737 7067 7068
f 6738 7069 6739
f 6738 7068 7069
f 6739 7070 6740
f 6739 7069 7070
f 6740 7071 6741
f 6740 7070 7071
f 6741 7072 6742
f 6741 7071 7072
f 6742 7073 6743
f 6742 7072 7073
f 6743 7074 6744
f 6743 7073 7074
f 6744 7075 6745
f 6744 7074 7075
f 6745 7076 6746
f 6745 7075 7076
f 6746 7077 6747
f 6746 7076 7077
f 6747 7078 6748
f 6747 7077 7078
f 6748 7079 6749
f 6748 7078 7079
f 6749 7080 6750
f 6749 7079 7080
f 6750 7081 6751
f 6750 7080 7081
f 6751 7082 6752
f 6751 7081 7082
f 6752 7083 6753
f 6752 7082 7083
f 6753 7084 6754
f 6753 7083 7084
f 6754 7085 6755
f 6754 7084 7085
f 6755 7086 6756
f 6755 7085 7086
f 6756 7087 6757
f 6756 7086 7087
f 6757 7088 6758
f 6757 7087 7088
f 6758 7089 6759
f 6758 7088 7089
f 6759 7090 6760
f 6759 7089 7090
f 6760 7091 6761
f 6760 7090 7091
f 6761 7092 6762
f 6761 7091 7092
f 6762 7093 6763
f 6762 7092 7093
f 6763 7094 6764
f 6763 7093 7094
f 6764 7095 6765
f 6764 7094 7095
f 6765 7096 6766
f 6765 7095 7096
f 6766 7097 6767
f 6766 7096 7097
f 6767 7098 6768
f 6767 7097 7098
f 6768 7099 6769
f 6768 7098 7099
f 6769 7100 6770
f 6769 7099 7100
f 6770 7101 6771
f 6770 7100 7101
f 6771 7102 6772
f 6771 7101 7102
f 6772 7103 6773
f 6772 7102 7103
f 6773 7104 6774
f 6773 7103 7104
f 6774 7105 6775
f 6774 7104 7105
f 6775 7106 6776
f 6775 7105 7106
f 6776 7107 6777
f 6776 7106 7107
f 6777 7108 6778
f 6777 7107 7108
f 6778 7109 6779
f 6778 7108 7109
f 6779 7110 6780
f 6779 7109 7110
f 6780 7111 6781
f 6780 7110 7111
f 6781 7112 6782
f 6781 7111 7112
f 6782 7113 6783
f 6782 7112 7113
f 6783 7114 6784
f 6783 7113 7114
f 6784 7115 6785
f 6784 7114 7115
f 6785 7116 6786
f 6785 7115 7116
f 6786 7117 6787
f 6786 7116 7117
f 6787 7118 6788
f 6787 7117 7118
f 6788 7119 6789
f 6788 7118 7119
f 6789 7120 6790
f 6789 7119 7120
f 6790 7121 6791
f 6790 7120 7121
f 6791 7122 6792
f 6791 7121 7122
f 6792 7123 6793
f 6792 7122 7123
f 6793 7124 6794
f 6793 7123 7124
f 6794 7125 6795
f 6794 7124 7125
f 6795 7126 6796
f 6795 7125 7126
f 6796 7127 6797
f 6796 7126 7127
f 6797 7128 6798
f 6797 7127 7128
f 6798 7129 6799
f 6798 7128 7129
f 6799 7130 6800
f 6799 7129 7130
f 6800 7131 6801
f 6800 7130 7131
f 6801 7132 6802
f 6801 7131 7132
f 6802 7133 6803
f 6802 7132 7133
f 6803 7134 6804
f 6803 7133 7134
f 6804 7135 6805
f 6804 7134 7135
f 6805 7136 6806
f 6805 7135 7136
f 6806 7137 6807
f 6806 7136 7137
f 6807 7138 6808
f 6807 7137 7138
f 6808 7139 6809
f 6808 7138 7139
f 6809 7140 6810
f 6809 7139 7140
f 6810 7141 6811
f 6810 7140 7141
f 6811 7142 6812
f 6811 7141 7142
f 6812 7143 6813
f 6812 7142 7143
f 6813 7144 6814
f 6813 7143 7144
f 6814 7145 6815
f 6814 7144 7145
f 6815 7146 6816
f 6815 7145 7146
f 6816 7147 6817
f 6816 7146 7147
f 6817 7148 6818
f 6817 7147 7148
f 6818 7149 6819
f 6818 7148 7149
f 6819 7150 6820
f 6819 7149 7150
f 6820 7151 6821
f 6820 7150 7151
f 6821 7152 6822
f 6821 7151 7152
f 6822 7153 6823
f 6822 7152 7153
f 6823 7154 6824
f 6823 7153 7154
f 6824 7155 6825
f 6824 7154 7155
f 6825 7156 6826
f 6825 7155 7156
f 6826 7157 6827
f 6826 7156 7157
f 6827 7158 6828
f 6827 7157 7158
f 6828 7159 6829
f 6828 7158 7159
f 6829 7160 6830
f 6829 7159 7160
f 6830 7161 6831
f 6830 7160 7161
f 6831 7162 6832
f 6831 7161 7162
f 6832 7163 6833
f 6832 7162 7163
f 6833 7164 6834
f 6833 7163 7164
f 6834 7165 6835
f 6834 7164 7165
f 6835 7166 6836
f 6835 7165 7166
f 6836 7167 6837
f 6836 7166 7167
f 6837 7168 6838
f 6837 7167 7168
f 6838 7169 6839
f 6838 7168 7169
f 6839 7170 6840
f 6839 7169 7170
f 6840 7171 6841
f 6840 7170 7171
f 6841 7172 6842
f 6841 7171 7172
f 6842 7173 6843
f 6842 7172 7173
f 6843 7174 6844
f 6843 7173 7174
f 6844 7175 6845
f 6844 7174 7175
f 6845 7176 6846
f 6845 7175 7176
f 6846 7177 6847
f 6846 7176 7177
f 6847 7178 6848
f 6847 7177 7178
f 6848 7179 6849
f 6848 7178 7179
f 6849 7180 6850
f 6849 7179 7180
f 6850 7181 6851
f 6850 7180 7181
f 6851 7182 6852
f 6851 7181 7182
f 6852 7183 6853
f 6852 7182 7183
f 6853 7184 6854
f 6853 7183 7184
f 6854 7185 6855
f 6854 7184 7185
f 6855 7186 6856
f 6855 7185 7186
f 6856 7187 6857
f 6856 7186 7187
f 6857 7188 6858
f 6857 7187 7188
f 6858 7189 6859
f 6858 7188 7189
f 6859 7190 6860
f 6859 7189 7190
f 6860 7191 6861
f 6860 7190 7191
f 6861 7192 6862
f 6861 7191 7192
f 6862 7193 6863
f 6862 7192 7193
f 6863 7194 6864
f 6863 7193 7194
f 6864 7195 6865
f 6864 7194 7195
f 6865 7196 6866
f 6865 7195 7196
f 6866 7197 6867
f 6866 7196 7197
f 6867 7198 6868
f 6867 7197 7198
f 6868 7199 6869
f 6868 7198 7199
f 6869 7200 6870
f 6869 7199 7200
f 6870 7201 6871
f 6870 7200 7201
f 6871 7202 6872
f 6871 7201 7202
f 6872 7203 6873
f 6872 7202 7203
f 6873 7204 6874
f 6873 7203 7204
f 6874 7205 6875
f 6874 7204 7205
f 6875 7206 6876
f 6875 7205 7206
f 6876 7207 6877
f 6876 7206 7207
f 6877 7208 6878
f 6877 7207 7208
f 6878 7209 6879
f 6878 7208 7209
f 6879 7210 6880
f 6879 7209 7210
f 6880 7211 6881
f 6880 7210 7211
f 6881 7212 6882
f 6881 7211 7212
f 6882 7213 6883
f 6882 7212 7213
f 6883 7214 6884
f 6883 7213 7214
f 6884 7215 6885
f 6884 7214 7215
f 6885 7216 6886
f 6885 7215 7216
f 6886 7217 6887
f 6886 7216 7217
f 6887 7218 6888
f 6887 7217 7218
f 6888 7219 6889
f 6888 7218 7219
f 6889 7220 6890
f 6889 7219 7220
f 6890 7221 6891
f 6890 7220 7221
f 6891 7222 6892
f 6891 7221 7222
f 6892 7223 6893
f 6892 7222 7223
f 6893 7224 6894
f 6893 7223 7224
f 6894 7225 6895
f 6894 7224 7225
f 6895 7226 6896
f 6895 7225 7226
f 6896 7227 6897
f 6896 7226 7227
f 6897 7228 6898
f 6897 7227 7228
f 6898 7229 6899
f 6898 7228 7229
f 6899 7230 6900
f 6899 7229 7230
f 6900 7231 6901
f 6900 7230 7231
f 6901 7232 6902
f 6901 7231 7232
f 6902 7233 6903
f 6902 7232 7233
f 6903 7234 6904
f 6903 7233 7234
f 6904 7235 6905
f 6904 7234 7235
f 6905 7236 6906
f 6905 7235 7236
f 6906 7237 6907
f 6906 7236 7237
f 6907 7238 6908
f 6907 7237 7238
f 6908 7239 6909
f 6908 7238 7239
f 6909 7240 6910
f 6909 7239 7240
f 6910 7241 6911
f 6910 7240 7241
f 6911 7242 6912
f 6911 7241 7242
f 6912 7243 6913
f 6912 7242 7243
f 6913 7244 6914
f 6913 7243 7244
f 6914 7245 6915
f 6914 7244 7245
f 6915 7246 6916
f 6915 7245 7246
f 6916 7247 6917
f 6916 7246 7247
f 6917 7248 6918
f 6917 7247 7248
f 6918 7249 6919
f 6918 7248 7249
f 6919 7250 6920
f 6919 7249 7250
f 6920 7251 6921
f 6920 7250 7251
f 6921 7252 6922
f 6921 7251 7252
f 6922 7253 6923
f 6922 7252 7253
f 6923 7254 6924
f 6923 7253 7254
f 6924 7255 6925
f 6924 7254 7255
f 6925 7256 6926
f 6925 7255 7256
f 6926 7257 6927
f 6926 7256 7257
f 6927 7258 6928
f 6927 7257 7258
f 6928 7259 6929
f 6928 7258 7259
f 6929 7260 6930
f 6929 7259 7260
f 6931 7262 6932
f 6931 7261 7262
f 6932 7263 6933
f 6932 7262 7263
f 6933 7264 6934
f 6933 7263 7264
f 6934 7265 6935
f 6934 7264 7265
f 6935 7266 6936
f 6935 7265 7266
f 6936 7267 6937
f 6936 7266 7267
f 6937 7268 6938
f 6937 7267 7268
f 6938 7269 6939
f 6938 7268 7269
f 6939 7270 6940
f 6939 7269 7270
f 6940 7271 6941
f 6940 7270 7271
f 6941 7272 6942
f 6941 7271 7272
f 6942 7273 6943
f 6942 7272 7273
f 6943 7274 6944
f 6943 7273 7274
f 6944 7275 6945
f 6944 7274 7275
f 6945 7276 6946
f 6945 7275 7276
f 6946 7277 6947
f 6946 7276 7277
f 6947 7278 6948
f 6947 7277 7278
f 6948 7279 6949
f 6948 7278 7279
f 6949 7280 6950
f 6949 7279 7280
f 6950 7281 6951
f 6950 7280 7281
f 6951 7282 6952
f 6951 7281 7282
f 6952 7283 6953
f 6952 7282 7283
f 6953 7284 6954
f 6953 7283 7284
f 6954 7285 6955
f 6954 7284 7285
f 6955 7286 6956
f 6955 7285 7286
f 6956 7287 6957
f 6956 7286 7287
f 6957 7288 6958
f 6957 7287 7288
f 6958 7289 6959
f 6958 7288 7289
f 6959 7290 6960
f 6959 7289 7290
f 6960 7291 6961
f 6960 7290 7291
f 6961 7292 6962
f 6961 7291 7292
f 6962 7293 6963
f 6962 7292 7293
f 6963 7294 6964
f 6963 7293 7294
f 6964 7295 6965
f 6964 7294 7295
f 6965 7296 6966
f 6965 7295 7296
f 6966 7297 6967
f 6966 7296 7297
f 6967 7298 6968
f 6967 7297 7298
f 6968 7299 6969
f 6968 7298 7299
f 6969 7300 6970
f 6969 7299 7300
f 6970 7301 6971
f 6970 7300 7301
f 6971 7302 6972
f 6971 7301 7302
f 6972 7303 6973
f 6972 7302 7303
f 6973 7304 6974
f 6973 7303 7304
f 6974 7305 6975
f 6974 7304 7305
f 6975 7306 6976
f 6975 7305 7306
f 6976 7307 6977
f 6976 7306 7307
f 6977 7308 6978
f 6977 7307 7308
f 6978 7309 6979
f 6978 7308 7309
f 6979 7310 6980
f 6979 7309 7310
f 6980 7311 6981
f 6980 7310 7311
f 6981 7312 6982
f 6981 7311 7312
f 6982 7313 6983
f 6982 7312 7313
f 6983 7314 6984
f 6983 7313 7314
f 6984 7315 6985
f 6984 7314 7315
f 6985 7316 6986
f 6985 7315 7316
f 6986 7317 6987
f 6986 7316 7317
f 6987 7318 6988
f 6987 7317 7318
f 6988 7319 6989
f 6988 7318 7319
f 6989 7320 6990
f 6989 7319 7320
f 6990 7321 6991
f 6990 7320 7321
f 6991 7322 6992
f 6991 7321 7322
f 6992 7323 6993
f 6992 7322 7323
f 6993 7324 6994
f 6993 7323 7324
f 6994 7325 6995
f 6994 7324 7325
f 6995 7326 6996
f 6995 7325 7326
f 6996 7327 6997
f 6996 7326 7327
f 6997 7328 6998
f 6997 7327 7328
f 6998 7329 6999
f 6998 7328 7329
f 6999 7330 7000
f 6999 7329 7330
f 7000 7331 7001
f 7000 7330 7331
f 7001 7332 7002
f 7001 7331 7332
f 7002 7333 7003
f 7002 7332 7333
f 7003 7334 7004
f 7003 7333 7334
f 7004 7335 7005
f 7004 7334 7335
f 7005 7336 7006
f 7005 7335 7336
f 7006 7337 7007
f 7006 7336 7337
f 7007 7338 7008
f 7007 7337 7338
f 7008 7339 7009
f 7008 7338 7339
f 7009 7340 7010
f 7009 7339 7340
f 7010 7341 7011
f 7010 7340 7341
f 7011 7342 7012
f 7011 7341 7342
f 7012 7343 7013
f 7012 7342 7343
f 7013 7344 7014
f 7013 7343 7344
f 7014 7345 7015
f 7014 7344 7345
f 7015 7346 7016
f 7015 7345 7346
f 7016 7347 7017
f 7016 7346 7347
f 7017 7348 7018
f 7017 7347 7348
f 7018 7349 7019
f 7018 7348 7349
f 7019 7350 7020
f 7019 7349 7350
f 7020 7351 7021
f 7020 7350 7351
f 7021 7352 7022
f 7021 7351 7352
f 7022 7353 7023
f 7022 7352 7353
f 7023 7354 7024
f 7023 7353 7354
f 7024 7355 7025
f 7024 7354 7355
f 7025 7356 7026
f 7025 7355 7356
f 7026 7357 7027
f 7026 7356 7357
f 7027 7358 7028
f 7027 7357 7358
f 7028 7359 7029
f 7028 7358 7359
f 7029 7360 7030
f 7029 7359 7360
f 7030 7361 7031
f 7030 7360 7361
f 7031 7362 7032
f 7031 7361 7362
f 7032 7363 7033
f 7032 7362 7363
f 7033 7364 7034
f 7033 7363 7364
f 7034 7365 7035
f 7034 7364 7365
f 7035 7366 7036
f 7035 7365 7366
f 7036 7367 7037
f 7036 7366 7367
f 7037 7368 7038
f 7037 7367 7368
f 7038 7369 7039
f 7038 7368 7369
f 7039 7370 7040
f 7039 7369 7370
f 7040 7371 7041
f 7040 7370 7371
f 7041 7372 7042
f 7041 7371 7372
f 7042 7373 7043
f 7042 7372 7373
f 7043 7374 7044
f 7043 7373 7374
f 7044 7375 7045
f 7044 7374 7375
f 7045 7376 7046
f 7045 7375 7376
f 7046 7377 7047
f 7046 7376 7377
f 7047 7378 7048
f 7047 7377 7378
f 7048 7379 7049
f 7048 7378 7379
f 7049 7380 7050
f 7049 7379 7380
f 7050 7381 7051
f 7050 7380 7381
f 7051 7382 7052
f 7051 7381 7382
f 7052 7383 7053
f 7052 7382 7383
f 7053 7384 7054
f 7053 7383 7384
f 7054 7385 7055
f 7054 7384 7385
f 7055 7386 7056
f 7055 7385 7386
f 7056 7387 7057
f 7056 7386 7387
f 7057 7388 7058
f 7057 7387 7388
f 7058 7389 7059
f 7058 7388 7389
f 7059 7390 7060
f 7059 7389 7390
f 7060 7391 7061
f 7060 7390 7391
f 7061 7392 7062
f 7061 7391 7392
f 7062 7393 7063
f 7062 7392 7393
f 7063 7394 7064
f 7063 7393 7394
f 7064 7395 7065
f 7064 7394 7395
f 7065 7396 7066
f 7065 7395 7396
f 7066 7397 7067
f 7066 7396 7397
f 7067 7398 7068
f 7067 7397 7398
f 7068 7399 7069
f 7068 7398 7399
f 7069 7400 7070
f 7069 7399 7400
f 7070 7401 7071
f 7070 7400 7401
f 7071 7402 7072
f 7071 7401 7402
f 7072 7403 7073
f 7072 7402 7403
f 7073 7404 7074
f 7073 7403 7404
f 7074 7405 7075
f 7074 7404 7405
f 7075 7406 7076
f 7075 7405 7406
f 7076 7407 7077
f 7076 7406 7407
f 7077 7408 7078
f 7077 7407 7408
f 7078 7409 7079
f 7078 7408 7409
f 7079 7410 7080
f 7079 7409 7410
f 7080 7411 7081
f 7080 7410 7411
f 7081 7412 7082
f 7081 7411 7412
f 7082 7413 7083
f 7082 7412 7413
f 7083 7414 7084
f 7083 7413 7414
f 7084 7415 7085
f 7084 7414 7415
f 7085 7416 7086
f 7085 7415 7416
f 7086 7417 7087
f 7086 7416 7417
f 7087 7418 7088
f 7087 7417 7418
f 7088 7419 7089
f 7088 7418 7419
f 7089 7420 7090
f 7089 7419 7420
f 7090 7421 7091
f 7090 7420 7421
f 7091 7422 7092
f 7091 7421 7422
f 7092 7423 7093
f 7092 7422 7423
f 7093 7424 7094
f 7093 7423 7424
f 7094 7425 7095
f 7094 7424 7425
f 7095 7426 7096
f 7095 7425 7426
f 7096 7427 7097
f 7096 7426 7427
f 7097 7428 7098
f 7097 7427 7428
f 7098 7429 7099
f 7098 7428 7429
f 7099 7430 7100
f 7099 7429 7430
f 7100 7431 7101
f 7100 7430 7431
f 7101 7432 7102
f 7101 7431 7432
f 7102 7433 7103
f 7102 7432 7433
f 7103 7434 7104
f 7103 7433 7434
f 7104 7435 7105
f 7104 7434 7435
f 7105 7436 7106
f 7105 7435 7436
f 7106 7437 7107
f 7106 7436 7437
f 7107 7438 7108
f 7107 7437 7438
f 7108 7439 7109
f 7108 7438 7439
f 7109 7440 7110
f 7109 7439 7440
f 7110 7441 7111
f 7110 7440 7441
f 7111 7442 7112
f 7111 7441 7442
f 7112 7443 7113
f 7112 7442 7443
f 7113 7444 7114
f 7113 7443 7444
f 7114 7445 7115
f 7114 7444 7445
f 7115 7446 7116
f 7115 7445 7446
f 7116 7447 7117
f 7116 7446 7447
f 7117 7448 7118
f 7117 7447 7448
f 7118 7449 7119
f 7118 7448 7449
f 7119 7450 7120
f 7119 7449 7450
f 7120 7451 7121
f 7120 7450 7451
f 7121 7452 7122
f 7121 7451 7452
f 7122 7453 7123
f 7122 7452 7453
f 7123 7454 7124
f 7123 7453 7454
f 7124 7455 7125
f 7124 7454 7455
f 7125 7456 7126
f 7125 7455 7456
f 7126 7457 7127
f 7126 7456 7457
f 7127 7458 7128
f 7127 7457 7458
f 7128 7459 7129
f 7128 7458 7459
f 7129 7460 7130
f 7129 7459 7460
f 7130 7461 7131
f 7130 7460 7461
f 7131 7462 7132
f 7131 7461 7462
f 7132 7463 7133
f 7132 7462 7463
f 7133 7464 7134
f 7133 7463 7464
f 7134 7465 7135
f 7134 7464 7465
f 7135 7466 7136
f 7135 7465 7466
f 7136 7467 7137
f 7136 7466 7467
f 7137 7468 7138
f 7137 7467 7468
f 7138 7469 7139
f 7138 7468 7469
f 7139 7470 7140
f 7139 7469 7470
f 7140 7471 7141
f 7140 7470 7471
f 7141 7472 7142
f 7141 7471 7472
f 7142 7473 7143
f 7142 7472 7473
f 7143 7474 7144
f 7143 7473 7474
f 7144 7475 7145
f 7144 7474 7475
f 7145 7476 7146
f 7145 7475 7476
f 7146 7477 7147
f 7146 7476 7477
f 7147 7478 7148
f 7147 7477 7478
f 7148 7479 7149
f 7148 7478 7479
f 7149 7480 7150
f 7149 7479 7480
f 7150 7481 7151
f 7150 7480 7481
f 7151 7482 7152
f 7151 7481 7482
f 7152 7483 7153
f 7152 7482 7483
f 7153 7484 7154
f 7153 7483 7484
f 7154 7485 7155
f 7154 7484 7485
f 7155 7486 7156
f 7155 7485 7486
f 7156 7487 7157
f 7156 7486 7487
f 7157 7488 7158
f 7157 7487 7488
f 7158 7489 7159
f 7158 7488 7489
f 7159 7490 7160
f 7159 7489 7490
f 7160 7491 7161
f 7160 7490 7491
f 7161 7492 7162
f 7161 7491 7492
f 7162 7493 7163
f 7162 7492 7493
f 7163 7494 7164
f 7163 7493 7494
f 7164 7495 7165
f 7164 7494 7495
f 7165 7496 7166
f 7165 7495 7496
f 7166 7497 7167
f 7166 7496 7497
f 7167 7498 7168
f 7167 7497 7498
f 7168 7499 7169
f 7168 7498 7499
f 7169 7500 7170
f 7169 7499 7500
f 7170 7501 7171
f 7170 7500 7501
f 7171 7502 7172
f 7171 7501 7502
f 7172 7503 7173
f 7172 7502 7503
f 7173 7504 7174
f 7173 7503 7504
f 7174 7505 7175
f 7174 7504 7505
f 7175 7506 7176
f 7175 7505 7506
f 7176 7507 7177
f 7176 7506 7507
f 7177 7508 7178
f 7177 7507 7508
f 7178 7509 7179
f 7178 7508 7509
f 7179 7510 7180
f 7179 7509 7510
f 7180 7511 7181
f 7180 7510 7511
f 7181 7512 7182
f 7181 7511 7512
f 7182 7513 7183
f 7182 7512 7513
f 7183 7514 7184
f 7183 7513 7514
f 7184 7515 7185
f 7184 7514 7515
f 7185 7516 7186
f 7185 7515 7516
f 7186 7517 7187
f 7186 7516 7517
f 7187 7518 7188
f 7187 7517 7518
f 7188 7519 7189
f 7188 7518 7519
f 7189 7520 7190
f 7189 7519 7520
f 7190 7521 7191
f 7190 7520 7521
f 7191 7522 7192
f 7191 7521 7522
f 7192 7523 7193
f 7192 7522 7523
f 7193 7524 7194
f 7193 7523 7524
f 7194 7525 7195
f 7194 7524 7525
f 7195 7526 7196
f 7195 7525 7526
f 7196 7527 7197
f 7196 7526 7527
f 7197 7528 7198
f 7197 7527 7528
f 7198 7529 7199
f 7198 7528 7529
f 7199 7530 7200
f 7199 7529 7530
f 7200 7531 7201
f 7200 7530 7531
f 7201 7532 7202
f 7201 7531 7532
f 7202 7533 7203
f 7202 7532 7533
f 7203 7534 7204
f 7203 7533 7534
f 7204 7535 7205
f 7204 7534 7535
f 7205 7536 7206
f 7205 7535 7536
f 7206 7537 7207
f 7206 7536 7537
f 7207 7538 7208
f 7207 7537 7538
f 7208 7539 7209
f 7208 7538 7539
f 7209 7540 7210
f 7209 7539 7540
f 7210 7541 7211
f 7210 7540 7541
f 7211 7542 7212
f 7211 7541 7542
f 7212 7543 7213
f 7212 7542 7543
f 7213 7544 7214
f 7213 7543 7544
f 7214 7545 7215
f 7214 7544 7545
f 7215 7546 7216
f 7215 7545 7546
f 7216 7547 7217
f 7216 7546 7547
f 7217 7548 7218
f 7217 7547 7548
f 7218 7549 7219
f 7218 7548 7549
f 7219 7550 7220
f 7219 7549 7550
f 7220 7551 7221
f 7220 7550 7551
f 7221 7552 7222
f 7221 7551 7552
f 7222 7553 7223
f 7222 7552 7553
f 7223 7554 7224
f 7223 7553 7554
f 7224 7555 7225
f 7224 7554 7555
f 7225 7556 7226
f 7225 7555 7556
f 7226 7557 7227
f 7226 7556 7557
f 7227 7558 7228
f 7227 7557 7558
f 7228 7559 7229
f 7228 7558 7559
f 7229 7560 7230
f 7229 7559 7560
f 7230 7561 7231
f 7230 7560 7561
f 7231 7562 7232
f 7231 7561 7562
f 7232 7563 7233
f 7232 7562 7563
f 7233 7564 7234
f 7233 7563 7564
f 7234 7565 7235
f 7234 7564 7565
f 7235 7566 7236
f 7235 7565 7566
f 7236 7567 7237
f 7236 7566 7567
f 7237 7568 7238
f 7237 7567 7568
f 7238 7569 7239
f 7238 7568 7569
f 7239 7570 7240
f 7239 7569 7570
f 7240 7571 7241
f 7240 7570 7571
f 7241 7572 7242
f 7241 7571 7572
f 7242 7573 7243
f 7242 7572 7573
f 7243 7574 7244
f 7243 7573 7574
f 7244 7575 7245
f 7244 7574 7575
f 7245 7576 7246
f 7245 7575 7576
f 7246 7577 7247
f 7246 7576 7577
f 7247 7578 7248
f 7247 7577 7578
f 7248 7579 7249
f 7248 7578 7579
f 7249 7580 7250
f 7249 7579 7580
f 7250 7581 7251
f 7250 7580 7581
f 7251 7582 7252
f 7251 7581 7582
f 7252 7583 7253
f 7252 7582 7583
f 7253 7584 7254
f 7253 7583 7584
f 7254 7585 7255
f 7254 7584 7585
f 7255 7586 7256
f 7255 7585 7586
f 7256 7587 7257
f 7256 7586 7587
f 7257 7588 7258
f 7257 7587 7588
f 7258 7589 7259
f 7258 7588 7589
f 7259 7590 7260
f 7259 7589 7590
f 7261 7592 7262
f 7261 7591 7592
f 7262 7593 7263
f 7262 7592 7593
f 7263 7594 7264
f 7263 7593 7594
f 7264 7595 7265
f 7264 7594 7595
f 7265 7596 7266
f 7265 7595 7596
f 7266 7597 7267
f 7266 7596 7597
f 7267 7598 7268
f 7267 7597 7598
f 7268 7599 7269
f 7268 7598 7599
f 7269 7600 7270
f 7269 7599 7600
f 7270 7601 7271
f 7270 7600 7601
f 7271 7602 7272
f 7271 7601 7602
f 7272 7603 7273
f 7272 7602 7603
f 7273 7604 7274
f 7273 7603 7604
f 7274 7605 7275
f 7274 7604 7605
f 7275 7606 7276
f 7275 7605 7606
f 7276 7607 7277
f 7276 7606 7607
f 7277 7608 7278
f 7277 7607 7608
f 7278 7609 7279
f 7278 7608 7609
f 7279 7610 7280
f 7279 7609 7610
f 7280 7611 7281
f 7280 7610 7611
f 7281 7612 7282
f 7281 7611 7612
f 7282 7613 7283
f 7282 7612 7613
f 7283 7614 7284
f 7283 7613 7614
f 7284 7615 7285
f 7284 7614 7615
f 7285 7616 7286
f 7285 7615 7616
f 7286 7617 7287
f 7286 7616 7617
f 7287 7618 7288
f 7287 7617 7618
f 7288 7619 7289
f 7288 7618 7619
f 7289 7620 7290
f 7289 7619 7620
f 7290 7621 7291
f 7290 7620 7621
f 7291 7622 7292
f 7291 7621 7622
f 7292 7623 7293
f 7292 7622 7623
f 7293 7624 7294
f 7293 7623 7624
f 7294 7625 7295
f 7294 7624 7625
f 7295 7626 7296
f 7295 7625 7626
f 7296 7627 7297
f 7296 7626 7627
f 7297 7628 7298
f 7297 7627 7628
f 7298 7629 7299
f 7298 7628 7629
f 7299 7630 7300
f 7299 7629 7630
f 7300 7631 7301
f 7300 7630 7631
f 7301 7632 7302
f 7301 7631 7632
f 7302 7633 7303
f 7302 7632 7633
f 7303 7634 7304
f 7303 7633 7634
f 7304 7635 7305
f 7304 7634 7635
f 7305 7636 7306
f 7305 7635 7636
f 7306 7637 7307
f 7306 7636 7637
f 7307 7638 7308
f 7307 7637 7638
f 7308 7639 7309
f 7308 7638 7639
f 7309 7640 7310
f 7309 7639 7640
f 7310 7641 7311
f 7310 7640 7641
f 7311 7642 7312
f 7311 7641 7642
f 7312 7643 7313
f 7312 7642 7643
f 7313 7644 7314
f 7313 7643 7644
f 7314 7645 7315
f 7314 7644 7645
f 7315 7646 7316
f 7315 7645 7646
f 7316 7647 7317
f 7316 7646 7647
f 7317 7648 7318
f 7317 7647 7648
f 7318 7649 7319
f 7318 7648 7649
f 7319 7650 7320
f 7319 7649 7650
f 7320 7651 7321
f 7320 7650 7651
f 7321 7652 7322
f 7321 7651 7652
f 7322 7653 7323
f 7322 7652 7653
f 7323 7654 7324
f 7323 7653 7654
f 7324 7655 7325
f 7324 7654 7655
f 7325 7656 7326
f 7325 7655 7656
f 7326 7657 7327
f 7326 7656 7657
f 7327 7658 7328
f 7327 7657 7658
f 7328 7659 7329
f 7328 7658 7659
f 7329 7660 7330
f 7329 7659 7660
f 7330 7661 7331
f 7330 7660 7661
f 7331 7662 7332
f 7331 7661 7662
f 7332 7663 7333
f 7332 7662 7663
f 7333 7664 7334
f 7333 7663 7664
f 7334 7665 7335
f 7334 7664 7665
f 7335 7666 7336
f 7335 7665 7666
f 7336 7667 7337
f 7336 7666 7667
f 7337 7668 7338
f 7337 7667 7668
f 7338 7669 7339
f 7338 7668 7669
f 7339 7670 7340
f 7339 7669 7670
f 7340 7671 7341
f 7340 7670 7671
f 7341 7672 7342
f 7341 7671 7672
f 7342 7673 7343
f 7342 7672 7673
f 7343 7674 7344
f 7343 7673 7674
f 7344 7675 7345
f 7344 7674 7675
f 7345 7676 7346
f 7345 7675 7676
f 7346 7677 7347
f 7346 7676 7677
f 7347 7678 7348
f 7347 7677 7678
f 7348 7679 7349
f 7348 7678 7679
f 7349 7680 7350
f 7349 7679 7680
f 7350 7681 7351
f 7350 7680 7681
f 7351 7682 7352
f 7351 7681 7682
f 7352 7683 7353
f 7352 7682 7683
f 7353 7684 7354
f 7353 7683 7684
f 7354 7685 7355
f 7354 7684 7685
f 7355 7686 7356
f 7355 7685 7686
f 7356 7687 7357
f 7356 7686 7687
f 7357 7688 7358
f 7357 7687 7688
f 7358 7689 7359
f 7358 7688 7689
f 7359 7690 7360
f 7359 7689 7690
f 7360 7691 7361
f 7360 7690 7691
f 7361 7692 7362
f 7361 7691 7692
f 7362 7693 7363
f 7362 7692 7693
f 7363 7694 7364
f 7363 7693 7694
f 7364 7695 7365
f 7364 7694 7695
f 7365 7696 7366
f 7365 7695 7696
f 7366 7697 7367
f 7366 7696 7697
f 7367 7698 7368
f 7367 7697 7698
f 7368 7699 7369
f 7368 7698 7699
f 7369 7700 7370
f 7369 7699 7700
f 7370 7701 7371
f 7370 7700 7701
f 7371 7702 7372
f 7371 7701 7702
f 7372 7703 7373
f 7372 7702 7703
f 7373 7704 7374
f 7373 7703 7704
f 7374 7705 7375
f 7374 7704 7705
f 7375 7706 7376
f 7375 7705 7706
f 7376 7707 7377
f 7376 7706 7707
f 7377 7708 7378
f 7377 7707 7708
f 7378 7709 7379
f 7378 7708 7709
f 7379 7710 7380
f 7379 7709 7710
f 7380 7711 7381
f 7380 7710 7711
f 7381 7712 7382
f 7381 7711 7712
f 7382 7713 7383
f 7382 7712 7713
f 7383 7714 7384
f 7383 7713 7714
f 7384 7715 7385
f 7384 7714 7715
f 7385 7716 7386
f 7385 7715 7716
f 7386 7717 7387
f 7386 7716 7717
f 7387 7718 7388
f 7387 7717 7718
f 7388 7719 7389
f 7388 7718 7719
f 7389 7720 7390
f 7389 7719 7720
f 7390 7721 7391
f 7390 7720 7721
f 7391 7722 7392
f 7391 7721 7722
f 7392 7723 7393
f 7392 7722 7723
f 7393 7724 7394
f 7393 7723 7724
f 7394 7725 7395
f 7394 7724 7725
f 7395 7726 7396
f 7395 7725 7726
f 7396 7727 7397
f 7396 7726 7727
f 7397 7728 7398
f 7397 7727 7728
f 7398 7729 7399
f 7398 7728 7729
f 7399 7730 7400
f 7399 7729 7730
f 7400 7731 7401
f 7400 7730 7731
f 7401 7732 7402
f 7401 7731 7732
f 7402 7733 7403
f 7402 7732 7733
f 7403 7734 7404
f 7403 7733 7734
f 7404 7735 7405
f 7404 7734 7735
f 7405 7736 7406
f 7405 7735 7736
f 7406 7737 7407
f 7406 7736 7737
f 7407 7738 7408
f 7407 7737 7738
f 7408 7739 7409
f 7408 7738 7739
f 7409 7740 7410
f 7409 7739 7740
f 7410 7741 7411
f 7410 7740 7741
f 7411 7742 7412
f 7411 7741 7742
f 7412 7743 7413
f 7412 7742 7743
f 7413 7744 7414
f 7413 7743 7744
f 7414 7745 7415
f 7414 7744 7745
f 7415 7746 7416
f 7415 7745 7746
f 7416 7747 7417
f 7416 7746 7747
f 7417 7748 7418
f 7417 7747 7748
f 7418 7749 7419
f 7418 7748 7749
f 7419 7750 7420
f 7419 7749 7750
f 7420 7751 7421
f 7420 7750 7751
f 7421 7752 7422
f 7421 7751 7752
f 7422 7753 7423
f 7422 7752 7753
f 7423 7754 7424
f 7423 7753 7754
f 7424 7755 7425
f 7424 7754 7755
f 7425 7756 7426
f 7425 7755 7756
f 7426 7757 7427
f 7426 7756 7757
f 7427 7758 7428
f 7427 7757 7758
f 7428 7759 7429
f 7428 7758 7759
f 7429 7760 7430
f 7429 7759 7760
f 7430 7761 7431
f 7430 7760 7761
f 7431 7762 7432
f 7431 7761 7762
f 7432 7763 7433
f 7432 7762 7763
f 7433 7764 7434
f 7433 7763 7764
f 7434 7765 7435
f 7434 7764 7765
f 7435 7766 7436
f 7435 7765 7766
f 7436 7767 7437
f 7436 7766 7767
f 7437 7768 7438
f 7437 7767 7768
f 7438 7769 7439
f 7438 7768 7769
f 7439 7770 7440
f 7439 7769 7770
f 7440 7771 7441
f 7440 7770 7771
f 7441 7772 7442
f 7441 7771 7772
f 7442 7773 7443
f 7442 7772 7773
f 7443 7774 7444
f 7443 7773 7774
f 7444 7775 7445
f 7444 7774 7775
f 7445 7776 7446
f 7445 7775 7776
f 7446 7777 7447
f 7446 7776 7777
f 7447 7778 7448
f 7447 7777 7778
f 7448 7779 7449
f 7448 7778 7779
f 7449 7780 7450
f 7449 7779 7780
f 7450 7781 7451
f 7450 7780 7781
f 7451 7782 7452
f 7451 7781 7782
f 7452 7783 7453
f 7452 7782 7783
f 7453 7784 7454
f 7453 7783 7784
f 7454 7785 7455
f 7454 7784 7785
f 7455 7786 7456
f 7455 7785 7786
f 7456 7787 7457
f 7456 7786 7787
f 7457 7788 7458
f 7457 7787 7788
f 7458 7789 7459
f 7458 7788 7789
f 7459 7790 7460
f 7459 7789 7790
f 7460 7791 7461
f 7460 7790 7791
f 7461 7792 7462
f 7461 7791 7792
f 7462 7793 7463
f 7462 7792 7793
f 7463 7794 7464
f 7463 7793 7794
f 7464 7795 7465
f 7464 7794 7795
f 7465 7796 7466
f 7465 7795 7796
f 7466 7797 7467
f 7466 7796 7797
f 7467 7798 7468
f 7467 7797 7798
f 7468 7799 7469
f 7468 7798 7799
f 7469 7800 7470
f 7469 7799 7800
f 7470 7801 7471
f 7470 7800 7801
f 7471 7802 7472
f 7471 7801 7802
f 7472 7803 7473
f 7472 7802 7803
f 7473 7804 7474
f 7473 7803 7804
f 7474 7805 7475
f 7474 7804 7805
f 7475 7806 7476
f 7475 7805 7806
f 7476 7807 7477
f 7476 7806 7807
f 7477 7808 7478
f 7477 7807 7808
f 7478 7809 7479
f 7478 7808 7809
f 7479 7810 7480
f 7479 7809 7810
f 7480 7811 7481
f 7480 7810 7811
f 7481 7812 7482
f 7481 7811 7812
f 7482 7813 7483
f 7482 7812 7813
f 7483 7814 7484
f 7483 7813 7814
f 7484 7815 7485
f 7484 7814 7815
f 7485 7816 7486
f 7485 7815 7816
f 7486 7817 7487
f 7486 7816 7817
f 7487 7818 7488
f 7487 7817 7818
f 7488 7819 7489
f 7488 7818 7819
f 7489 7820 7490
f 7489 7819 7820
f 7490 7821 7491
f 7490 7820 7821
f 7491 7822 7492
f 7491 7821 7822
f 7492 7823 7493
f 7492 7822 7823
f 7493 7824 7494
f 7493 7823 7824
f 7494 7825 7495
f 7494 7824 7825
f 7495 7826 7496
f 7495 7825 7826
f 7496 7827 7497
f 7496 7826 7827
f 7497 7828 7498
f 7497 7827 7828
f 7498 7829 7499
f 7498 7828 7829
f 7499 7830 7500
f 7499 7829 7830
f 7500 7831 7501
f 7500 7830 7831
f 7501 7832 7502
f 7501 7831 7832
f 7502 7833 7503
f 7502 7832 7833
f 7503 7834 7504
f 7503 7833 7834
f 7504 7835 7505
f 7504 7834 7835
f 7505 7836 7506
f 7505 7835 7836
f 7506 7837 7507
f 7506 7836 7837
f 7507 7838 7508
f 7507 7837 7838
f 7508 7839 7509
f 7508 7838 7839
f 7509 7840 7510
f 7509 7839 7840
f 7510 7841 7511
f 7510 7840 7841
f 7511 7842 7512
f 7511 7841 7842
f 7512 7843 7513
f 7512 7842 7843
f 7513 7844 7514
f 7513 7843 7844
f 7514 7845 7515
f 7514 7844 7845
f 7515 7846 7516
f 7515 7845 7846
f 7516 7847 7517
f 7516 7846 7847
f 7517 7848 7518
f 7517 7847 7848
f 7518 7849 7519
f 7518 7848 7849
f 7519 7850 7520
f 7519 7849 7850
f 7520 7851 7521
f 7520 7850 7851
f 7521 7852 7522
f 7521 7851 7852
f 7522 7853 7523
f 7522 7852 7853
f 7523 7854 7524
f 7523 7853 7854
f 7524 7855 7525
f 7524 7854 7855
f 7525 7856 7526
f 7525 7855 7856
f 7526 7857 7527
f 7526 7856 7857
f 7527 7858 7528
f 7527 7857 7858
f 7528 7859 7529
f 7528 7858 7859
f 7529 7860 7530
f 7529 7859 7860
f 7530 7861 7531
f 7530 7860 7861
f 7531 7862 7532
f 7531 7861 7862
f 7532 7863 7533
f 7532 7862 7863
f 7533 7864 7534
f 7533 7863 7864
f 7534 7865 7535
f 7534 7864 7865
f 7535 7866 7536
f 7535 7865 7866
f 7536 7867 7537
f 7536 7866 7867
f 7537 7868 7538
f 7537 7867 7868
f 7538 7869 7539
f 7538 7868 7869
f 7539 7870 7540
f 7539 7869 7870
f 7540 7871 7541
f 7540 7870 7871
f 7541 7872 7542
f 7541 7871 7872
f 7542 7873 7543
f 7542 7872 7873
f 7543 7874 7544
f 7543 7873 7874
f 7544 7875 7545
f 7544 7874 7875
f 7545 7876 7546
f 7545 7875 7876
f 7546 7877 7547
f 7546 7876 7877
f 7547 7878 7548
f 7547 7877 7878
f 7548 7879 7549
f 7548 7878 7879
f 7549 7880 7550
f 7549 7879 7880
f 7550 7881 7551
f 7550 7880 7881
f 7551 7882 7552
f 7551 7881 7882
f 7552 7883 7553
f 7552 7882 7883
f 7553 7884 7554
f 7553 7883 7884
f 7554 7885 7555
f 7554 7884 7885
f 7555 7886 7556
f 7555 7885 7886
f 7556 7887 7557
f 7556 7886 7887
f 7557 7888 7558
f 7557 7887 7888
f 7558 7889 7559
f 7558 7888 7889
f 7559 7890 7560
f 7559 7889 7890
f 7560 7891 7561
f 7560 7890 7891
f 7561 7892 7562
f 7561 7891 7892
f 7562 7893 7563
f 7562 7892 7893
f 7563 7894 7564
f 7563 7893 7894
f 7564 7895 7565
f 7564 7894 7895
f 7565 7896 7566
f 7565 7895 7896
f 7566 7897 7567
f 7566 7896 7897
f 7567 7898 7568
f 7567 7897 7898
f 7568 7899 7569
f 7568 7898 7899
f 7569 7900 7570
f 7569 7899 7900
f 7570 7901 7571
f 7570 7900 7901
f 7571 7902 7572
f 7571 7901 7902
f 7572 7903 7573
f 7572 7902 7903
f 7573 7904 7574
f 7573 7903 7904
f 7574 7905 7575
f 7574 7904 7905
f 7575 7906 7576
f 7575 7905 7906
f 7576 7907 7577
f 7576 7906 7907
f 7577 7908 7578
f 7577 7907 7908
f 7578 7909 7579
f 7578 7908 7909
f 7579 7910 7580
f 7579 7909 7910
f 7580 7911 7581
f 7580 7910 7911
f 7581 7912 7582
f 7581 7911 7912
f 7582 7913 7583
f 7582 7912 7913
f 7583 7914 7584
f 7583 7913 7914
f 7584 7915 7585
f 7584 7914 7915
f 7585 7916 7586
f 7585 7915 7916
f 7586 7917 7587
f 7586 7916 7917
f 7587 7918 7588
f 7587 7917 7918
f 7588 7919 7589
f 7588 7918 7919
f 7589 7920 7590
f 7589 7919 7920
