v -3.489949670250108 -50.0 99.93908270190957
v -3.489949670250108 -49.36708860759494 99.93908270190957
v -3.489949670250108 -48.734177215189874 99.93908270190957
v -3.489949670250108 -48.10126582278481 99.93908270190957
v -3.489949670250108 -47.46835443037975 99.93908270190957
v -3.489949670250108 -46.835443037974684 99.93908270190957
v -3.489949670250108 -46.20253164556962 99.93908270190957
v -3.489949670250108 -45.56962025316456 99.93908270190957
v -3.489949670250108 -44.936708860759495 99.93908270190957
v -3.489949670250108 -44.30379746835443 99.93908270190957
v -3.489949670250108 -43.67088607594937 99.93908270190957
v -3.489949670250108 -43.037974683544306 99.93908270190957
v -3.489949670250108 -42.40506329113924 99.93908270190957
v -3.489949670250108 -41.77215189873418 99.93908270190957
v -3.489949670250108 -41.139240506329116 99.93908270190957
v -3.489949670250108 -40.50632911392405 99.93908270190957
v -3.489949670250108 -39.87341772151899 99.93908270190957
v -3.489949670250108 -39.24050632911393 99.93908270190957
v -3.489949670250108 -38.607594936708864 99.93908270190957
v -3.489949670250108 -37.9746835443038 99.93908270190957
v -3.489949670250108 -37.34177215189874 99.93908270190957
v -3.489949670250108 -36.70886075949367 99.93908270190957
v -3.489949670250108 -36.075949367088604 99.93908270190957
v -3.489949670250108 -35.44303797468354 99.93908270190957
v -3.489949670250108 -34.81012658227848 99.93908270190957
v -3.489949670250108 -34.177215189873415 99.93908270190957
v -3.489949670250108 -33.54430379746835 99.93908270190957
v -3.489949670250108 -32.91139240506329 99.93908270190957
v -3.489949670250108 -32.278481012658226 99.93908270190957
v -3.489949670250108 -31.645569620253163 99.93908270190957
v -3.489949670250108 -31.0126582278481 99.93908270190957
v -3.489949670250108 -30.379746835443036 99.93908270190957
v -3.489949670250108 -29.746835443037973 99.93908270190957
v -3.489949670250108 -29.11392405063291 99.93908270190957
v -3.489949670250108 -28.481012658227847 99.93908270190957
v -3.489949670250108 -27.848101265822784 99.93908270190957
v -3.489949670250108 -27.21518987341772 99.93908270190957
v -3.489949670250108 -26.582278481012658 99.93908270190957
v -3.489949670250108 -25.949367088607595 99.93908270190957
v -3.489949670250108 -25.31645569620253 99.93908270190957
v -3.489949670250108 -24.68354430379747 99.93908270190957
v -3.489949670250108 -24.050632911392402 99.93908270190957
v -3.489949670250108 -23.41772151898734 99.93908270190957
v -3.489949670250108 -22.784810126582276 99.93908270190957
v -3.489949670250108 -22.151898734177212 99.93908270190957
v -3.489949670250108 -21.51898734177215 99.93908270190957
v -3.489949670250108 -20.886075949367086 99.93908270190957
v -3.489949670250108 -20.253164556962023 99.93908270190957
v -3.489949670250108 -19.62025316455696 99.93908270190957
v -3.489949670250108 -18.987341772151897 99.93908270190957
v -3.489949670250108 -18.354430379746834 99.93908270190957
v -3.489949670250108 -17.721518987341767 99.93908270190957
v -3.489949670250108 -17.088607594936704 99.93908270190957
v -3.489949670250108 -16.45569620253164 99.93908270190957
v -3.489949670250108 -15.822784810126578 99.93908270190957
v -3.489949670250108 -15.189873417721515 99.93908270190957
v -3.489949670250108 -14.556962025316452 99.93908270190957
v -3.489949670250108 -13.924050632911388 99.93908270190957
v -3.489949670250108 -13.291139240506325 99.93908270190957
v -3.489949670250108 -12.658227848101262 99.93908270190957
v -3.489949670250108 -12.0253164556962 99.93908270190957
v -3.489949670250108 -11.392405063291136 99.93908270190957
v -3.489949670250108 -10.759493670886073 99.93908270190957
v -3.489949670250108 -10.12658227848101 99.93908270190957
v -3.489949670250108 -9.493670886075947 99.93908270190957
v -3.489949670250108 -8.860759493670884 99.93908270190957
v -3.489949670250108 -8.22784810126582 99.93908270190957
v -3.489949670250108 -7.594936708860757 99.93908270190957
v -3.489949670250108 -6.962025316455694 99.93908270190957
v -3.489949670250108 -6.329113924050631 99.93908270190957
v -3.489949670250108 -5.696202531645568 99.93908270190957
v -3.489949670250108 -5.063291139240505 99.93908270190957
v -3.489949670250108 -4.430379746835442 99.93908270190957
v -3.489949670250108 -3.7974683544303787 99.93908270190957
v -3.489949670250108 -3.1645569620253156 99.93908270190957
v -3.489949670250108 -2.5316455696202524 99.93908270190957
v -3.489949670250108 -1.8987341772151893 99.93908270190957
v -3.489949670250108 -1.2658227848101262 99.93908270190957
v -3.489949670250108 -0.6329113924050631 99.93908270190957
v -3.489949670250108 0.0 99.93908270190957
v -3.489949670250108 0.6329113924050631 99.93908270190957
v -3.489949670250108 1.2658227848101333 99.93908270190957
v -3.489949670250108 1.8987341772151964 99.93908270190957
v -3.489949670250108 2.5316455696202596 99.93908270190957
v -3.489949670250108 3.1645569620253227 99.93908270190957
v -3.489949670250108 3.7974683544303858 99.93908270190957
v -3.489949670250108 4.430379746835449 99.93908270190957
v -3.489949670250108 5.063291139240512 99.93908270190957
v -3.489949670250108 5.696202531645575 99.93908270190957
v -3.489949670250108 6.329113924050638 99.93908270190957
v -3.489949670250108 6.962025316455701 99.93908270190957
v -3.489949670250108 7.594936708860764 99.93908270190957
v -3.489949670250108 8.227848101265828 99.93908270190957
v -3.489949670250108 8.86075949367089 99.93908270190957
v -3.489949670250108 9.493670886075954 99.93908270190957
v -3.489949670250108 10.126582278481017 99.93908270190957
v -3.489949670250108 10.75949367088608 99.93908270190957
v -3.489949670250108 11.392405063291143 99.93908270190957
v -3.489949670250108 12.025316455696206 99.93908270190957
v -3.489949670250108 12.65822784810127 99.93908270190957
v -3.489949670250108 13.291139240506332 99.93908270190957
v -3.489949670250108 13.924050632911396 99.93908270190957
v -3.489949670250108 14.556962025316466 99.93908270190957
v -3.489949670250108 15.189873417721529 99.93908270190957
v -3.489949670250108 15.822784810126592 99.93908270190957
v -3.489949670250108 16.455696202531655 99.93908270190957
v -3.489949670250108 17.088607594936718 99.93908270190957
v -3.489949670250108 17.72151898734178 99.93908270190957
v -3.489949670250108 18.354430379746844 99.93908270190957
v -3.489949670250108 18.987341772151908 99.93908270190957
v -3.489949670250108 19.62025316455697 99.93908270190957
v -3.489949670250108 20.253164556962034 99.93908270190957
v -3.489949670250108 20.886075949367097 99.93908270190957
v -3.489949670250108 21.51898734177216 99.93908270190957
v -3.489949670250108 22.151898734177223 99.93908270190957
v -3.489949670250108 22.784810126582286 99.93908270190957
v -3.489949670250108 23.41772151898735 99.93908270190957
v -3.489949670250108 24.050632911392412 99.93908270190957
v -3.489949670250108 24.683544303797476 99.93908270190957
v -3.489949670250108 25.31645569620254 99.93908270190957
v -3.489949670250108 25.9493670886076 99.93908270190957
v -3.489949670250108 26.582278481012665 99.93908270190957
v -3.489949670250108 27.215189873417728 99.93908270190957
v -3.489949670250108 27.84810126582279 99.93908270190957
v -3.489949670250108 28.481012658227854 99.93908270190957
v -3.489949670250108 29.113924050632917 99.93908270190957
v -3.489949670250108 29.74683544303798 99.93908270190957
v -3.489949670250108 30.379746835443044 99.93908270190957
v -3.489949670250108 31.012658227848107 99.93908270190957
v -3.489949670250108 31.64556962025317 99.93908270190957
v -3.489949670250108 32.27848101265823 99.93908270190957
v -3.489949670250108 32.911392405063296 99.93908270190957
v -3.489949670250108 33.54430379746836 99.93908270190957
v -3.489949670250108 34.17721518987342 99.93908270190957
v -3.489949670250108 34.810126582278485 99.93908270190957
v -3.489949670250108 35.44303797468355 99.93908270190957
v -3.489949670250108 36.07594936708861 99.93908270190957
v -3.489949670250108 36.708860759493675 99.93908270190957
v -3.489949670250108 37.34177215189874 99.93908270190957
v -3.489949670250108 37.9746835443038 99.93908270190957
v -3.489949670250108 38.607594936708864 99.93908270190957
v -3.489949670250108 39.24050632911393 99.93908270190957
v -3.489949670250108 39.87341772151899 99.93908270190957
v -3.489949670250108 40.50632911392405 99.93908270190957
v -3.489949670250108 41.139240506329116 99.93908270190957
v -3.489949670250108 41.77215189873418 99.93908270190957
v -3.489949670250108 42.40506329113924 99.93908270190957
v -3.489949670250108 43.037974683544306 99.93908270190957
v -3.489949670250108 43.67088607594937 99.93908270190957
v -3.489949670250108 44.30379746835443 99.93908270190957
v -3.489949670250108 44.936708860759495 99.93908270190957
v -3.489949670250108 45.56962025316456 99.93908270190957
v -3.489949670250108 46.20253164556962 99.93908270190957
v -3.489949670250108 46.835443037974684 99.93908270190957
v -3.489949670250108 47.46835443037975 99.93908270190957
v -3.489949670250108 48.10126582278481 99.93908270190957
v -3.489949670250108 48.734177215189874 99.93908270190957
v -3.489949670250108 49.36708860759494 99.93908270190957
v -3.489949670250108 50.0 99.93908270190957
v -2.8556050793696253 -50.0 99.95921928281892
v -2.8556050793696253 -49.36708860759494 99.95921928281892
v -2.8556050793696253 -48.734177215189874 99.95921928281892
v -2.8556050793696253 -48.10126582278481 99.95921928281892
v -2.8556050793696253 -47.46835443037975 99.95921928281892
v -2.8556050793696253 -46.835443037974684 99.95921928281892
v -2.8556050793696253 -46.20253164556962 99.95921928281892
v -2.8556050793696253 -45.56962025316456 99.95921928281892
v -2.8556050793696253 -44.936708860759495 99.95921928281892
v -2.8556050793696253 -44.30379746835443 99.95921928281892
v -2.8556050793696253 -43.67088607594937 99.95921928281892
v -2.8556050793696253 -43.037974683544306 99.95921928281892
v -2.8556050793696253 -42.40506329113924 99.95921928281892
v -2.8556050793696253 -41.77215189873418 99.95921928281892
v -2.8556050793696253 -41.139240506329116 99.95921928281892
v -2.8556050793696253 -40.50632911392405 99.95921928281892
v -2.8556050793696253 -39.87341772151899 99.95921928281892
v -2.8556050793696253 -39.24050632911393 99.95921928281892
v -2.8556050793696253 -38.607594936708864 99.95921928281892
v -2.8556050793696253 -37.9746835443038 99.95921928281892
v -2.8556050793696253 -37.34177215189874 99.95921928281892
v -2.8556050793696253 -36.70886075949367 99.95921928281892
v -2.8556050793696253 -36.075949367088604 99.95921928281892
v -2.8556050793696253 -35.44303797468354 99.95921928281892
v -2.8556050793696253 -34.81012658227848 99.95921928281892
v -2.8556050793696253 -34.177215189873415 99.95921928281892
v -2.8556050793696253 -33.54430379746835 99.95921928281892
v -2.8556050793696253 -32.91139240506329 99.95921928281892
v -2.8556050793696253 -32.278481012658226 99.95921928281892
v -2.8556050793696253 -31.645569620253163 99.95921928281892
v -2.8556050793696253 -31.0126582278481 99.95921928281892
v -2.8556050793696253 -30.379746835443036 99.95921928281892
v -2.8556050793696253 -29.746835443037973 99.95921928281892
v -2.8556050793696253 -29.11392405063291 99.95921928281892
v -2.8556050793696253 -28.481012658227847 99.95921928281892
v -2.8556050793696253 -27.848101265822784 99.95921928281892
v -2.8556050793696253 -27.21518987341772 99.95921928281892
v -2.8556050793696253 -26.582278481012658 99.95921928281892
v -2.8556050793696253 -25.949367088607595 99.95921928281892
v -2.8556050793696253 -25.31645569620253 99.95921928281892
v -2.8556050793696253 -24.68354430379747 99.95921928281892
v -2.8556050793696253 -24.050632911392402 99.95921928281892
v -2.8556050793696253 -23.41772151898734 99.95921928281892
v -2.8556050793696253 -22.784810126582276 99.95921928281892
v -2.8556050793696253 -22.151898734177212 99.95921928281892
v -2.8556050793696253 -21.51898734177215 99.95921928281892
v -2.8556050793696253 -20.886075949367086 99.95921928281892
v -2.8556050793696253 -20.253164556962023 99.95921928281892
v -2.8556050793696253 -19.62025316455696 99.95921928281892
v -2.8556050793696253 -18.987341772151897 99.95921928281892
v -2.8556050793696253 -18.354430379746834 99.95921928281892
v -2.8556050793696253 -17.721518987341767 99.95921928281892
v -2.8556050793696253 -17.088607594936704 99.95921928281892
v -2.8556050793696253 -16.45569620253164 99.95921928281892
v -2.8556050793696253 -15.822784810126578 99.95921928281892
v -2.8556050793696253 -15.189873417721515 99.95921928281892
v -2.8556050793696253 -14.556962025316452 99.95921928281892
v -2.8556050793696253 -13.924050632911388 99.95921928281892
v -2.8556050793696253 -13.291139240506325 99.95921928281892
v -2.8556050793696253 -12.658227848101262 99.95921928281892
v -2.8556050793696253 -12.0253164556962 99.95921928281892
v -2.8556050793696253 -11.392405063291136 99.95921928281892
v -2.8556050793696253 -10.759493670886073 99.95921928281892
v -2.8556050793696253 -10.12658227848101 99.95921928281892
v -2.8556050793696253 -9.493670886075947 99.95921928281892
v -2.8556050793696253 -8.860759493670884 99.95921928281892
v -2.8556050793696253 -8.22784810126582 99.95921928281892
v -2.8556050793696253 -7.594936708860757 99.95921928281892
v -2.8556050793696253 -6.962025316455694 99.95921928281892
v -2.8556050793696253 -6.329113924050631 99.95921928281892
v -2.8556050793696253 -5.696202531645568 99.95921928281892
v -2.8556050793696253 -5.063291139240505 99.95921928281892
v -2.8556050793696253 -4.430379746835442 99.95921928281892
v -2.8556050793696253 -3.7974683544303787 99.95921928281892
v -2.8556050793696253 -3.1645569620253156 99.95921928281892
v -2.8556050793696253 -2.5316455696202524 99.95921928281892
v -2.8556050793696253 -1.8987341772151893 99.95921928281892
v -2.8556050793696253 -1.2658227848101262 99.95921928281892
v -2.8556050793696253 -0.6329113924050631 99.95921928281892
v -2.8556050793696253 0.0 99.95921928281892
v -2.8556050793696253 0.6329113924050631 99.95921928281892
v -2.8556050793696253 1.2658227848101333 99.95921928281892
v -2.8556050793696253 1.8987341772151964 99.95921928281892
v -2.8556050793696253 2.5316455696202596 99.95921928281892
v -2.8556050793696253 3.1645569620253227 99.95921928281892
v -2.8556050793696253 3.7974683544303858 99.95921928281892
v -2.8556050793696253 4.430379746835449 99.95921928281892
v -2.8556050793696253 5.063291139240512 99.95921928281892
v -2.8556050793696253 5.696202531645575 99.95921928281892
v -2.8556050793696253 6.329113924050638 99.95921928281892
v -2.8556050793696253 6.962025316455701 99.95921928281892
v -2.8556050793696253 7.594936708860764 99.95921928281892
v -2.8556050793696253 8.227848101265828 99.95921928281892
v -2.8556050793696253 8.86075949367089 99.95921928281892
v -2.8556050793696253 9.493670886075954 99.95921928281892
v -2.8556050793696253 10.126582278481017 99.95921928281892
v -2.8556050793696253 10.75949367088608 99.95921928281892
v -2.8556050793696253 11.392405063291143 99.95921928281892
v -2.8556050793696253 12.025316455696206 99.95921928281892
v -2.8556050793696253 12.65822784810127 99.95921928281892
v -2.8556050793696253 13.291139240506332 99.95921928281892
v -2.8556050793696253 13.924050632911396 99.95921928281892
v -2.8556050793696253 14.556962025316466 99.95921928281892
v -2.8556050793696253 15.189873417721529 99.95921928281892
v -2.8556050793696253 15.822784810126592 99.95921928281892
v -2.8556050793696253 16.455696202531655 99.95921928281892
v -2.8556050793696253 17.088607594936718 99.95921928281892
v -2.8556050793696253 17.72151898734178 99.95921928281892
v -2.8556050793696253 18.354430379746844 99.95921928281892
v -2.8556050793696253 18.987341772151908 99.95921928281892
v -2.8556050793696253 19.62025316455697 99.95921928281892
v -2.8556050793696253 20.253164556962034 99.95921928281892
v -2.8556050793696253 20.886075949367097 99.95921928281892
v -2.8556050793696253 21.51898734177216 99.95921928281892
v -2.8556050793696253 22.151898734177223 99.95921928281892
v -2.8556050793696253 22.784810126582286 99.95921928281892
v -2.8556050793696253 23.41772151898735 99.95921928281892
v -2.8556050793696253 24.050632911392412 99.95921928281892
v -2.8556050793696253 24.683544303797476 99.95921928281892
v -2.8556050793696253 25.31645569620254 99.95921928281892
v -2.8556050793696253 25.9493670886076 99.95921928281892
v -2.8556050793696253 26.582278481012665 99.95921928281892
v -2.8556050793696253 27.215189873417728 99.95921928281892
v -2.8556050793696253 27.84810126582279 99.95921928281892
v -2.8556050793696253 28.481012658227854 99.95921928281892
v -2.8556050793696253 29.113924050632917 99.95921928281892
v -2.8556050793696253 29.74683544303798 99.95921928281892
v -2.8556050793696253 30.379746835443044 99.95921928281892
v -2.8556050793696253 31.012658227848107 99.95921928281892
v -2.8556050793696253 31.64556962025317 99.95921928281892
v -2.8556050793696253 32.27848101265823 99.95921928281892
v -2.8556050793696253 32.911392405063296 99.95921928281892
v -2.8556050793696253 33.54430379746836 99.95921928281892
v -2.8556050793696253 34.17721518987342 99.95921928281892
v -2.8556050793696253 34.810126582278485 99.95921928281892
v -2.8556050793696253 35.44303797468355 99.95921928281892
v -2.8556050793696253 36.07594936708861 99.95921928281892
v -2.8556050793696253 36.708860759493675 99.95921928281892
v -2.8556050793696253 37.34177215189874 99.95921928281892
v -2.8556050793696253 37.9746835443038 99.95921928281892
v -2.8556050793696253 38.607594936708864 99.95921928281892
v -2.8556050793696253 39.24050632911393 99.95921928281892
v -2.8556050793696253 39.87341772151899 99.95921928281892
v -2.8556050793696253 40.50632911392405 99.95921928281892
v -2.8556050793696253 41.139240506329116 99.95921928281892
v -2.8556050793696253 41.77215189873418 99.95921928281892
v -2.8556050793696253 42.40506329113924 99.95921928281892
v -2.8556050793696253 43.037974683544306 99.95921928281892
v -2.8556050793696253 43.67088607594937 99.95921928281892
v -2.8556050793696253 44.30379746835443 99.95921928281892
v -2.8556050793696253 44.936708860759495 99.95921928281892
v -2.8556050793696253 45.56962025316456 99.95921928281892
v -2.8556050793696253 46.20253164556962 99.95921928281892
v -2.8556050793696253 46.835443037974684 99.95921928281892
v -2.8556050793696253 47.46835443037975 99.95921928281892
v -2.8556050793696253 48.10126582278481 99.95921928281892
v -2.8556050793696253 48.734177215189874 99.95921928281892
v -2.8556050793696253 49.36708860759494 99.95921928281892
v -2.8556050793696253 50.0 99.95921928281892
v -2.221145465132952 -50.0 99.97532952095092
v -2.221145465132952 -49.36708860759494 99.97532952095092
v -2.221145465132952 -48.734177215189874 99.97532952095092
v -2.221145465132952 -48.10126582278481 99.97532952095092
v -2.221145465132952 -47.46835443037975 99.97532952095092
v -2.221145465132952 -46.835443037974684 99.97532952095092
v -2.221145465132952 -46.20253164556962 99.97532952095092
v -2.221145465132952 -45.56962025316456 99.97532952095092
v -2.221145465132952 -44.936708860759495 99.97532952095092
v -2.221145465132952 -44.30379746835443 99.97532952095092
v -2.221145465132952 -43.67088607594937 99.97532952095092
v -2.221145465132952 -43.037974683544306 99.97532952095092
v -2.221145465132952 -42.40506329113924 99.97532952095092
v -2.221145465132952 -41.77215189873418 99.97532952095092
v -2.221145465132952 -41.139240506329116 99.97532952095092
v -2.221145465132952 -40.50632911392405 99.97532952095092
v -2.221145465132952 -39.87341772151899 99.97532952095092
v -2.221145465132952 -39.24050632911393 99.97532952095092
v -2.221145465132952 -38.607594936708864 99.97532952095092
v -2.221145465132952 -37.9746835443038 99.97532952095092
v -2.221145465132952 -37.34177215189874 99.97532952095092
v -2.221145465132952 -36.70886075949367 99.97532952095092
v -2.221145465132952 -36.075949367088604 99.97532952095092
v -2.221145465132952 -35.44303797468354 99.97532952095092
v -2.221145465132952 -34.81012658227848 99.97532952095092
v -2.221145465132952 -34.177215189873415 99.97532952095092
v -2.221145465132952 -33.54430379746835 99.97532952095092
v -2.221145465132952 -32.91139240506329 99.97532952095092
v -2.221145465132952 -32.278481012658226 99.97532952095092
v -2.221145465132952 -31.645569620253163 99.97532952095092
v -2.221145465132952 -31.0126582278481 99.97532952095092
v -2.221145465132952 -30.379746835443036 99.97532952095092
v -2.221145465132952 -29.746835443037973 99.97532952095092
v -2.221145465132952 -29.11392405063291 99.97532952095092
v -2.221145465132952 -28.481012658227847 99.97532952095092
v -2.221145465132952 -27.848101265822784 99.97532952095092
v -2.221145465132952 -27.21518987341772 99.97532952095092
v -2.221145465132952 -26.582278481012658 99.97532952095092
v -2.221145465132952 -25.949367088607595 99.97532952095092
v -2.221145465132952 -25.31645569620253 99.97532952095092
v -2.221145465132952 -24.68354430379747 99.97532952095092
v -2.221145465132952 -24.050632911392402 99.97532952095092
v -2.221145465132952 -23.41772151898734 99.97532952095092
v -2.221145465132952 -22.784810126582276 99.97532952095092
v -2.221145465132952 -22.151898734177212 99.97532952095092
v -2.221145465132952 -21.51898734177215 99.97532952095092
v -2.221145465132952 -20.886075949367086 99.97532952095092
v -2.221145465132952 -20.253164556962023 99.97532952095092
v -2.221145465132952 -19.62025316455696 99.97532952095092
v -2.221145465132952 -18.987341772151897 99.97532952095092
v -2.221145465132952 -18.354430379746834 99.97532952095092
v -2.221145465132952 -17.721518987341767 99.97532952095092
v -2.221145465132952 -17.088607594936704 99.97532952095092
v -2.221145465132952 -16.45569620253164 99.97532952095092
v -2.221145465132952 -15.822784810126578 99.97532952095092
v -2.221145465132952 -15.189873417721515 99.97532952095092
v -2.221145465132952 -14.556962025316452 99.97532952095092
v -2.221145465132952 -13.924050632911388 99.97532952095092
v -2.221145465132952 -13.291139240506325 99.97532952095092
v -2.221145465132952 -12.658227848101262 99.97532952095092
v -2.221145465132952 -12.0253164556962 99.97532952095092
v -2.221145465132952 -11.392405063291136 99.97532952095092
v -2.221145465132952 -10.759493670886073 99.97532952095092
v -2.221145465132952 -10.12658227848101 99.97532952095092
v -2.221145465132952 -9.493670886075947 99.97532952095092
v -2.221145465132952 -8.860759493670884 99.97532952095092
v -2.221145465132952 -8.22784810126582 99.97532952095092
v -2.221145465132952 -7.594936708860757 99.97532952095092
v -2.221145465132952 -6.962025316455694 99.97532952095092
v -2.221145465132952 -6.329113924050631 99.97532952095092
v -2.221145465132952 -5.696202531645568 99.97532952095092
v -2.221145465132952 -5.063291139240505 99.97532952095092
v -2.221145465132952 -4.430379746835442 99.97532952095092
v -2.221145465132952 -3.7974683544303787 99.97532952095092
v -2.221145465132952 -3.1645569620253156 99.97532952095092
v -2.221145465132952 -2.5316455696202524 99.97532952095092
v -2.221145465132952 -1.8987341772151893 99.97532952095092
v -2.221145465132952 -1.2658227848101262 99.97532952095092
v -2.221145465132952 -0.6329113924050631 99.97532952095092
v -2.221145465132952 0.0 99.97532952095092
v -2.221145465132952 0.6329113924050631 99.97532952095092
v -2.221145465132952 1.2658227848101333 99.97532952095092
v -2.221145465132952 1.8987341772151964 99.97532952095092
v -2.221145465132952 2.5316455696202596 99.97532952095092
v -2.221145465132952 3.1645569620253227 99.97532952095092
v -2.221145465132952 3.7974683544303858 99.97532952095092
v -2.221145465132952 4.430379746835449 99.97532952095092
v -2.221145465132952 5.063291139240512 99.97532952095092
v -2.221145465132952 5.696202531645575 99.97532952095092
v -2.221145465132952 6.329113924050638 99.97532952095092
v -2.221145465132952 6.962025316455701 99.97532952095092
v -2.221145465132952 7.594936708860764 99.97532952095092
v -2.221145465132952 8.227848101265828 99.97532952095092
v -2.221145465132952 8.86075949367089 99.97532952095092
v -2.221145465132952 9.493670886075954 99.97532952095092
v -2.221145465132952 10.126582278481017 99.97532952095092
v -2.221145465132952 10.75949367088608 99.97532952095092
v -2.221145465132952 11.392405063291143 99.97532952095092
v -2.221145465132952 12.025316455696206 99.97532952095092
v -2.221145465132952 12.65822784810127 99.97532952095092
v -2.221145465132952 13.291139240506332 99.97532952095092
v -2.221145465132952 13.924050632911396 99.97532952095092
v -2.221145465132952 14.556962025316466 99.97532952095092
v -2.221145465132952 15.189873417721529 99.97532952095092
v -2.221145465132952 15.822784810126592 99.97532952095092
v -2.221145465132952 16.455696202531655 99.97532952095092
v -2.221145465132952 17.088607594936718 99.97532952095092
v -2.221145465132952 17.72151898734178 99.97532952095092
v -2.221145465132952 18.354430379746844 99.97532952095092
v -2.221145465132952 18.987341772151908 99.97532952095092
v -2.221145465132952 19.62025316455697 99.97532952095092
v -2.221145465132952 20.253164556962034 99.97532952095092
v -2.221145465132952 20.886075949367097 99.97532952095092
v -2.221145465132952 21.51898734177216 99.97532952095092
v -2.221145465132952 22.151898734177223 99.97532952095092
v -2.221145465132952 22.784810126582286 99.97532952095092
v -2.221145465132952 23.41772151898735 99.97532952095092
v -2.221145465132952 24.050632911392412 99.97532952095092
v -2.221145465132952 24.683544303797476 99.97532952095092
v -2.221145465132952 25.31645569620254 99.97532952095092
v -2.221145465132952 25.9493670886076 99.97532952095092
v -2.221145465132952 26.582278481012665 99.97532952095092
v -2.221145465132952 27.215189873417728 99.97532952095092
v -2.221145465132952 27.84810126582279 99.97532952095092
v -2.221145465132952 28.481012658227854 99.97532952095092
v -2.221145465132952 29.113924050632917 99.97532952095092
v -2.221145465132952 29.74683544303798 99.97532952095092
v -2.221145465132952 30.379746835443044 99.97532952095092
v -2.221145465132952 31.012658227848107 99.97532952095092
v -2.221145465132952 31.64556962025317 99.97532952095092
v -2.221145465132952 32.27848101265823 99.97532952095092
v -2.221145465132952 32.911392405063296 99.97532952095092
v -2.221145465132952 33.54430379746836 99.97532952095092
v -2.221145465132952 34.17721518987342 99.97532952095092
v -2.221145465132952 34.810126582278485 99.97532952095092
v -2.221145465132952 35.44303797468355 99.97532952095092
v -2.221145465132952 36.07594936708861 99.97532952095092
v -2.221145465132952 36.708860759493675 99.97532952095092
v -2.221145465132952 37.34177215189874 99.97532952095092
v -2.221145465132952 37.9746835443038 99.97532952095092
v -2.221145465132952 38.607594936708864 99.97532952095092
v -2.221145465132952 39.24050632911393 99.97532952095092
v -2.221145465132952 39.87341772151899 99.97532952095092
v -2.221145465132952 40.50632911392405 99.97532952095092
v -2.221145465132952 41.139240506329116 99.97532952095092
v -2.221145465132952 41.77215189873418 99.97532952095092
v -2.221145465132952 42.40506329113924 99.97532952095092
v -2.221145465132952 43.037974683544306 99.97532952095092
v -2.221145465132952 43.67088607594937 99.97532952095092
v -2.221145465132952 44.30379746835443 99.97532952095092
v -2.221145465132952 44.936708860759495 99.97532952095092
v -2.221145465132952 45.56962025316456 99.97532952095092
v -2.221145465132952 46.20253164556962 99.97532952095092
v -2.221145465132952 46.835443037974684 99.97532952095092
v -2.221145465132952 47.46835443037975 99.97532952095092
v -2.221145465132952 48.10126582278481 99.97532952095092
v -2.221145465132952 48.734177215189874 99.97532952095092
v -2.221145465132952 49.36708860759494 99.97532952095092
v -2.221145465132952 50.0 99.97532952095092
v -1.5865963834807932 -50.0 99.98741276738751
v -1.5865963834807932 -49.36708860759494 99.98741276738751
v -1.5865963834807932 -48.734177215189874 99.98741276738751
v -1.5865963834807932 -48.10126582278481 99.98741276738751
v -1.5865963834807932 -47.46835443037975 99.98741276738751
v -1.5865963834807932 -46.835443037974684 99.98741276738751
v -1.5865963834807932 -46.20253164556962 99.98741276738751
v -1.5865963834807932 -45.56962025316456 99.98741276738751
v -1.5865963834807932 -44.936708860759495 99.98741276738751
v -1.5865963834807932 -44.30379746835443 99.98741276738751
v -1.5865963834807932 -43.67088607594937 99.98741276738751
v -1.5865963834807932 -43.037974683544306 99.98741276738751
v -1.5865963834807932 -42.40506329113924 99.98741276738751
v -1.5865963834807932 -41.77215189873418 99.98741276738751
v -1.5865963834807932 -41.139240506329116 99.98741276738751
v -1.5865963834807932 -40.50632911392405 99.98741276738751
v -1.5865963834807932 -39.87341772151899 99.98741276738751
v -1.5865963834807932 -39.24050632911393 99.98741276738751
v -1.5865963834807932 -38.607594936708864 99.98741276738751
v -1.5865963834807932 -37.9746835443038 99.98741276738751
v -1.5865963834807932 -37.34177215189874 99.98741276738751
v -1.5865963834807932 -36.70886075949367 99.98741276738751
v -1.5865963834807932 -36.075949367088604 99.98741276738751
v -1.5865963834807932 -35.44303797468354 99.98741276738751
v -1.5865963834807932 -34.81012658227848 99.98741276738751
v -1.5865963834807932 -34.177215189873415 99.98741276738751
v -1.5865963834807932 -33.54430379746835 99.98741276738751
v -1.5865963834807932 -32.91139240506329 99.98741276738751
v -1.5865963834807932 -32.278481012658226 99.98741276738751
v -1.5865963834807932 -31.645569620253163 99.98741276738751
v -1.5865963834807932 -31.0126582278481 99.98741276738751
v -1.5865963834807932 -30.379746835443036 99.98741276738751
v -1.5865963834807932 -29.746835443037973 99.98741276738751
v -1.5865963834807932 -29.11392405063291 99.98741276738751
v -1.5865963834807932 -28.481012658227847 99.98741276738751
v -1.5865963834807932 -27.848101265822784 99.98741276738751
v -1.5865963834807932 -27.21518987341772 99.98741276738751
v -1.5865963834807932 -26.582278481012658 99.98741276738751
v -1.5865963834807932 -25.949367088607595 99.98741276738751
v -1.5865963834807932 -25.31645569620253 99.98741276738751
v -1.5865963834807932 -24.68354430379747 99.98741276738751
v -1.5865963834807932 -24.050632911392402 99.98741276738751
v -1.5865963834807932 -23.41772151898734 99.98741276738751
v -1.5865963834807932 -22.784810126582276 99.98741276738751
v -1.5865963834807932 -22.151898734177212 99.98741276738751
v -1.5865963834807932 -21.51898734177215 99.98741276738751
v -1.5865963834807932 -20.886075949367086 99.98741276738751
v -1.5865963834807932 -20.253164556962023 99.98741276738751
v -1.5865963834807932 -19.62025316455696 99.98741276738751
v -1.5865963834807932 -18.987341772151897 99.98741276738751
v -1.5865963834807932 -18.354430379746834 99.98741276738751
v -1.5865963834807932 -17.721518987341767 99.98741276738751
v -1.5865963834807932 -17.088607594936704 99.98741276738751
v -1.5865963834807932 -16.45569620253164 99.98741276738751
v -1.5865963834807932 -15.822784810126578 99.98741276738751
v -1.5865963834807932 -15.189873417721515 99.98741276738751
v -1.5865963834807932 -14.556962025316452 99.98741276738751
v -1.5865963834807932 -13.924050632911388 99.98741276738751
v -1.5865963834807932 -13.291139240506325 99.98741276738751
v -1.5865963834807932 -12.658227848101262 99.98741276738751
v -1.5865963834807932 -12.0253164556962 99.98741276738751
v -1.5865963834807932 -11.392405063291136 99.98741276738751
v -1.5865963834807932 -10.759493670886073 99.98741276738751
v -1.5865963834807932 -10.12658227848101 99.98741276738751
v -1.5865963834807932 -9.493670886075947 99.98741276738751
v -1.5865963834807932 -8.860759493670884 99.98741276738751
v -1.5865963834807932 -8.22784810126582 99.98741276738751
v -1.5865963834807932 -7.594936708860757 99.98741276738751
v -1.5865963834807932 -6.962025316455694 99.98741276738751
v -1.5865963834807932 -6.329113924050631 99.98741276738751
v -1.5865963834807932 -5.696202531645568 99.98741276738751
v -1.5865963834807932 -5.063291139240505 99.98741276738751
v -1.5865963834807932 -4.430379746835442 99.98741276738751
v -1.5865963834807932 -3.7974683544303787 99.98741276738751
v -1.5865963834807932 -3.1645569620253156 99.98741276738751
v -1.5865963834807932 -2.5316455696202524 99.98741276738751
v -1.5865963834807932 -1.8987341772151893 99.98741276738751
v -1.5865963834807932 -1.2658227848101262 99.98741276738751
v -1.5865963834807932 -0.6329113924050631 99.98741276738751
v -1.5865963834807932 0.0 99.98741276738751
v -1.5865963834807932 0.6329113924050631 99.98741276738751
v -1.5865963834807932 1.2658227848101333 99.98741276738751
v -1.5865963834807932 1.8987341772151964 99.98741276738751
v -1.5865963834807932 2.5316455696202596 99.98741276738751
v -1.5865963834807932 3.1645569620253227 99.98741276738751
v -1.5865963834807932 3.7974683544303858 99.98741276738751
v -1.5865963834807932 4.430379746835449 99.98741276738751
v -1.5865963834807932 5.063291139240512 99.98741276738751
v -1.5865963834807932 5.696202531645575 99.98741276738751
v -1.5865963834807932 6.329113924050638 99.98741276738751
v -1.5865963834807932 6.962025316455701 99.98741276738751
v -1.5865963834807932 7.594936708860764 99.98741276738751
v -1.5865963834807932 8.227848101265828 99.98741276738751
v -1.5865963834807932 8.86075949367089 99.98741276738751
v -1.5865963834807932 9.493670886075954 99.98741276738751
v -1.5865963834807932 10.126582278481017 99.98741276738751
v -1.5865963834807932 10.75949367088608 99.98741276738751
v -1.5865963834807932 11.392405063291143 99.98741276738751
v -1.5865963834807932 12.025316455696206 99.98741276738751
v -1.5865963834807932 12.65822784810127 99.98741276738751
v -1.5865963834807932 13.291139240506332 99.98741276738751
v -1.5865963834807932 13.924050632911396 99.98741276738751
v -1.5865963834807932 14.556962025316466 99.98741276738751
v -1.5865963834807932 15.189873417721529 99.98741276738751
v -1.5865963834807932 15.822784810126592 99.98741276738751
v -1.5865963834807932 16.455696202531655 99.98741276738751
v -1.5865963834807932 17.088607594936718 99.98741276738751
v -1.5865963834807932 17.72151898734178 99.98741276738751
v -1.5865963834807932 18.354430379746844 99.98741276738751
v -1.5865963834807932 18.987341772151908 99.98741276738751
v -1.5865963834807932 19.62025316455697 99.98741276738751
v -1.5865963834807932 20.253164556962034 99.98741276738751
v -1.5865963834807932 20.886075949367097 99.98741276738751
v -1.5865963834807932 21.51898734177216 99.98741276738751
v -1.5865963834807932 22.151898734177223 99.98741276738751
v -1.5865963834807932 22.784810126582286 99.98741276738751
v -1.5865963834807932 23.41772151898735 99.98741276738751
v -1.5865963834807932 24.050632911392412 99.98741276738751
v -1.5865963834807932 24.683544303797476 99.98741276738751
v -1.5865963834807932 25.31645569620254 99.98741276738751
v -1.5865963834807932 25.9493670886076 99.98741276738751
v -1.5865963834807932 26.582278481012665 99.98741276738751
v -1.5865963834807932 27.215189873417728 99.98741276738751
v -1.5865963834807932 27.84810126582279 99.98741276738751
v -1.5865963834807932 28.481012658227854 99.98741276738751
v -1.5865963834807932 29.113924050632917 99.98741276738751
v -1.5865963834807932 29.74683544303798 99.98741276738751
v -1.5865963834807932 30.379746835443044 99.98741276738751
v -1.5865963834807932 31.012658227848107 99.98741276738751
v -1.5865963834807932 31.64556962025317 99.98741276738751
v -1.5865963834807932 32.27848101265823 99.98741276738751
v -1.5865963834807932 32.911392405063296 99.98741276738751
v -1.5865963834807932 33.54430379746836 99.98741276738751
v -1.5865963834807932 34.17721518987342 99.98741276738751
v -1.5865963834807932 34.810126582278485 99.98741276738751
v -1.5865963834807932 35.44303797468355 99.98741276738751
v -1.5865963834807932 36.07594936708861 99.98741276738751
v -1.5865963834807932 36.708860759493675 99.98741276738751
v -1.5865963834807932 37.34177215189874 99.98741276738751
v -1.5865963834807932 37.9746835443038 99.98741276738751
v -1.5865963834807932 38.607594936708864 99.98741276738751
v -1.5865963834807932 39.24050632911393 99.98741276738751
v -1.5865963834807932 39.87341772151899 99.98741276738751
v -1.5865963834807932 40.50632911392405 99.98741276738751
v -1.5865963834807932 41.139240506329116 99.98741276738751
v -1.5865963834807932 41.77215189873418 99.98741276738751
v -1.5865963834807932 42.40506329113924 99.98741276738751
v -1.5865963834807932 43.037974683544306 99.98741276738751
v -1.5865963834807932 43.67088607594937 99.98741276738751
v -1.5865963834807932 44.30379746835443 99.98741276738751
v -1.5865963834807932 44.936708860759495 99.98741276738751
v -1.5865963834807932 45.56962025316456 99.98741276738751
v -1.5865963834807932 46.20253164556962 99.98741276738751
v -1.5865963834807932 46.835443037974684 99.98741276738751
v -1.5865963834807932 47.46835443037975 99.98741276738751
v -1.5865963834807932 48.10126582278481 99.98741276738751
v -1.5865963834807932 48.734177215189874 99.98741276738751
v -1.5865963834807932 49.36708860759494 99.98741276738751
v -1.5865963834807932 50.0 99.98741276738751
v -0.9519833939576758 -50.0 99.99546853541729
v -0.9519833939576758 -49.36708860759494 99.99546853541729
v -0.9519833939576758 -48.734177215189874 99.99546853541729
v -0.9519833939576758 -48.10126582278481 99.99546853541729
v -0.9519833939576758 -47.46835443037975 99.99546853541729
v -0.9519833939576758 -46.835443037974684 99.99546853541729
v -0.9519833939576758 -46.20253164556962 99.99546853541729
v -0.9519833939576758 -45.56962025316456 99.99546853541729
v -0.9519833939576758 -44.936708860759495 99.99546853541729
v -0.9519833939576758 -44.30379746835443 99.99546853541729
v -0.9519833939576758 -43.67088607594937 99.99546853541729
v -0.9519833939576758 -43.037974683544306 99.99546853541729
v -0.9519833939576758 -42.40506329113924 99.99546853541729
v -0.9519833939576758 -41.77215189873418 99.99546853541729
v -0.9519833939576758 -41.139240506329116 99.99546853541729
v -0.9519833939576758 -40.50632911392405 99.99546853541729
v -0.9519833939576758 -39.87341772151899 99.99546853541729
v -0.9519833939576758 -39.24050632911393 99.99546853541729
v -0.9519833939576758 -38.607594936708864 99.99546853541729
v -0.9519833939576758 -37.9746835443038 99.99546853541729
v -0.9519833939576758 -37.34177215189874 99.99546853541729
v -0.9519833939576758 -36.70886075949367 99.99546853541729
v -0.9519833939576758 -36.075949367088604 99.99546853541729
v -0.9519833939576758 -35.44303797468354 99.99546853541729
v -0.9519833939576758 -34.81012658227848 99.99546853541729
v -0.9519833939576758 -34.177215189873415 99.99546853541729
v -0.9519833939576758 -33.54430379746835 99.99546853541729
v -0.9519833939576758 -32.91139240506329 99.99546853541729
v -0.9519833939576758 -32.278481012658226 99.99546853541729
v -0.9519833939576758 -31.645569620253163 99.99546853541729
v -0.9519833939576758 -31.0126582278481 99.99546853541729
v -0.9519833939576758 -30.379746835443036 99.99546853541729
v -0.9519833939576758 -29.746835443037973 99.99546853541729
v -0.9519833939576758 -29.11392405063291 99.99546853541729
v -0.9519833939576758 -28.481012658227847 99.99546853541729
v -0.9519833939576758 -27.848101265822784 99.99546853541729
v -0.9519833939576758 -27.21518987341772 99.99546853541729
v -0.9519833939576758 -26.582278481012658 99.99546853541729
v -0.9519833939576758 -25.949367088607595 99.99546853541729
v -0.9519833939576758 -25.31645569620253 99.99546853541729
v -0.9519833939576758 -24.68354430379747 99.99546853541729
v -0.9519833939576758 -24.050632911392402 99.99546853541729
v -0.9519833939576758 -23.41772151898734 99.99546853541729
v -0.9519833939576758 -22.784810126582276 99.99546853541729
v -0.9519833939576758 -22.151898734177212 99.99546853541729
v -0.9519833939576758 -21.51898734177215 99.99546853541729
v -0.9519833939576758 -20.886075949367086 99.99546853541729
v -0.9519833939576758 -20.253164556962023 99.99546853541729
v -0.9519833939576758 -19.62025316455696 99.99546853541729
v -0.9519833939576758 -18.987341772151897 99.99546853541729
v -0.9519833939576758 -18.354430379746834 99.99546853541729
v -0.9519833939576758 -17.721518987341767 99.99546853541729
v -0.9519833939576758 -17.088607594936704 99.99546853541729
v -0.9519833939576758 -16.45569620253164 99.99546853541729
v -0.9519833939576758 -15.822784810126578 99.99546853541729
v -0.9519833939576758 -15.189873417721515 99.99546853541729
v -0.9519833939576758 -14.556962025316452 99.99546853541729
v -0.9519833939576758 -13.924050632911388 99.99546853541729
v -0.9519833939576758 -13.291139240506325 99.99546853541729
v -0.9519833939576758 -12.658227848101262 99.99546853541729
v -0.9519833939576758 -12.0253164556962 99.99546853541729
v -0.9519833939576758 -11.392405063291136 99.99546853541729
v -0.9519833939576758 -10.759493670886073 99.99546853541729
v -0.9519833939576758 -10.12658227848101 99.99546853541729
v -0.9519833939576758 -9.493670886075947 99.99546853541729
v -0.9519833939576758 -8.860759493670884 99.99546853541729
v -0.9519833939576758 -8.22784810126582 99.99546853541729
v -0.9519833939576758 -7.594936708860757 99.99546853541729
v -0.9519833939576758 -6.962025316455694 99.99546853541729
v -0.9519833939576758 -6.329113924050631 99.99546853541729
v -0.9519833939576758 -5.696202531645568 99.99546853541729
v -0.9519833939576758 -5.063291139240505 99.99546853541729
v -0.9519833939576758 -4.430379746835442 99.99546853541729
v -0.9519833939576758 -3.7974683544303787 99.99546853541729
v -0.9519833939576758 -3.1645569620253156 99.99546853541729
v -0.9519833939576758 -2.5316455696202524 99.99546853541729
v -0.9519833939576758 -1.8987341772151893 99.99546853541729
v -0.9519833939576758 -1.2658227848101262 99.99546853541729
v -0.9519833939576758 -0.6329113924050631 99.99546853541729
v -0.9519833939576758 0.0 99.99546853541729
v -0.9519833939576758 0.6329113924050631 99.99546853541729
v -0.9519833939576758 1.2658227848101333 99.99546853541729
v -0.9519833939576758 1.8987341772151964 99.99546853541729
v -0.9519833939576758 2.5316455696202596 99.99546853541729
v -0.9519833939576758 3.1645569620253227 99.99546853541729
v -0.9519833939576758 3.7974683544303858 99.99546853541729
v -0.9519833939576758 4.430379746835449 99.99546853541729
v -0.9519833939576758 5.063291139240512 99.99546853541729
v -0.9519833939576758 5.696202531645575 99.99546853541729
v -0.9519833939576758 6.329113924050638 99.99546853541729
v -0.9519833939576758 6.962025316455701 99.99546853541729
v -0.9519833939576758 7.594936708860764 99.99546853541729
v -0.9519833939576758 8.227848101265828 99.99546853541729
v -0.9519833939576758 8.86075949367089 99.99546853541729
v -0.9519833939576758 9.493670886075954 99.99546853541729
v -0.9519833939576758 10.126582278481017 99.99546853541729
v -0.9519833939576758 10.75949367088608 99.99546853541729
v -0.9519833939576758 11.392405063291143 99.99546853541729
v -0.9519833939576758 12.025316455696206 99.99546853541729
v -0.9519833939576758 12.65822784810127 99.99546853541729
v -0.9519833939576758 13.291139240506332 99.99546853541729
v -0.9519833939576758 13.924050632911396 99.99546853541729
v -0.9519833939576758 14.556962025316466 99.99546853541729
v -0.9519833939576758 15.189873417721529 99.99546853541729
v -0.9519833939576758 15.822784810126592 99.99546853541729
v -0.9519833939576758 16.455696202531655 99.99546853541729
v -0.9519833939576758 17.088607594936718 99.99546853541729
v -0.9519833939576758 17.72151898734178 99.99546853541729
v -0.9519833939576758 18.354430379746844 99.99546853541729
v -0.9519833939576758 18.987341772151908 99.99546853541729
v -0.9519833939576758 19.62025316455697 99.99546853541729
v -0.9519833939576758 20.253164556962034 99.99546853541729
v -0.9519833939576758 20.886075949367097 99.99546853541729
v -0.9519833939576758 21.51898734177216 99.99546853541729
v -0.9519833939576758 22.151898734177223 99.99546853541729
v -0.9519833939576758 22.784810126582286 99.99546853541729
v -0.9519833939576758 23.41772151898735 99.99546853541729
v -0.9519833939576758 24.050632911392412 99.99546853541729
v -0.9519833939576758 24.683544303797476 99.99546853541729
v -0.9519833939576758 25.31645569620254 99.99546853541729
v -0.9519833939576758 25.9493670886076 99.99546853541729
v -0.9519833939576758 26.582278481012665 99.99546853541729
v -0.9519833939576758 27.215189873417728 99.99546853541729
v -0.9519833939576758 27.84810126582279 99.99546853541729
v -0.9519833939576758 28.481012658227854 99.99546853541729
v -0.9519833939576758 29.113924050632917 99.99546853541729
v -0.9519833939576758 29.74683544303798 99.99546853541729
v -0.9519833939576758 30.379746835443044 99.99546853541729
v -0.9519833939576758 31.012658227848107 99.99546853541729
v -0.9519833939576758 31.64556962025317 99.99546853541729
v -0.9519833939576758 32.27848101265823 99.99546853541729
v -0.9519833939576758 32.911392405063296 99.99546853541729
v -0.9519833939576758 33.54430379746836 99.99546853541729
v -0.9519833939576758 34.17721518987342 99.99546853541729
v -0.9519833939576758 34.810126582278485 99.99546853541729
v -0.9519833939576758 35.44303797468355 99.99546853541729
v -0.9519833939576758 36.07594936708861 99.99546853541729
v -0.9519833939576758 36.708860759493675 99.99546853541729
v -0.9519833939576758 37.34177215189874 99.99546853541729
v -0.9519833939576758 37.9746835443038 99.99546853541729
v -0.9519833939576758 38.607594936708864 99.99546853541729
v -0.9519833939576758 39.24050632911393 99.99546853541729
v -0.9519833939576758 39.87341772151899 99.99546853541729
v -0.9519833939576758 40.50632911392405 99.99546853541729
v -0.9519833939576758 41.139240506329116 99.99546853541729
v -0.9519833939576758 41.77215189873418 99.99546853541729
v -0.9519833939576758 42.40506329113924 99.99546853541729
v -0.9519833939576758 43.037974683544306 99.99546853541729
v -0.9519833939576758 43.67088607594937 99.99546853541729
v -0.9519833939576758 44.30379746835443 99.99546853541729
v -0.9519833939576758 44.936708860759495 99.99546853541729
v -0.9519833939576758 45.56962025316456 99.99546853541729
v -0.9519833939576758 46.20253164556962 99.99546853541729
v -0.9519833939576758 46.835443037974684 99.99546853541729
v -0.9519833939576758 47.46835443037975 99.99546853541729
v -0.9519833939576758 48.10126582278481 99.99546853541729
v -0.9519833939576758 48.734177215189874 99.99546853541729
v -0.9519833939576758 49.36708860759494 99.99546853541729
v -0.9519833939576758 50.0 99.99546853541729
v -0.3173320586822395 -50.0 99.99949650055511
v -0.3173320586822395 -49.36708860759494 99.99949650055511
v -0.3173320586822395 -48.734177215189874 99.99949650055511
v -0.3173320586822395 -48.10126582278481 99.99949650055511
v -0.3173320586822395 -47.46835443037975 99.99949650055511
v -0.3173320586822395 -46.835443037974684 99.99949650055511
v -0.3173320586822395 -46.20253164556962 99.99949650055511
v -0.3173320586822395 -45.56962025316456 99.99949650055511
v -0.3173320586822395 -44.936708860759495 99.99949650055511
v -0.3173320586822395 -44.30379746835443 99.99949650055511
v -0.3173320586822395 -43.67088607594937 99.99949650055511
v -0.3173320586822395 -43.037974683544306 99.99949650055511
v -0.3173320586822395 -42.40506329113924 99.99949650055511
v -0.3173320586822395 -41.77215189873418 99.99949650055511
v -0.3173320586822395 -41.139240506329116 99.99949650055511
v -0.3173320586822395 -40.50632911392405 99.99949650055511
v -0.3173320586822395 -39.87341772151899 99.99949650055511
v -0.3173320586822395 -39.24050632911393 99.99949650055511
v -0.3173320586822395 -38.607594936708864 99.99949650055511
v -0.3173320586822395 -37.9746835443038 99.99949650055511
v -0.3173320586822395 -37.34177215189874 99.99949650055511
v -0.3173320586822395 -36.70886075949367 99.99949650055511
v -0.3173320586822395 -36.075949367088604 99.99949650055511
v -0.3173320586822395 -35.44303797468354 99.99949650055511
v -0.3173320586822395 -34.81012658227848 99.99949650055511
v -0.3173320586822395 -34.177215189873415 99.99949650055511
v -0.3173320586822395 -33.54430379746835 99.99949650055511
v -0.3173320586822395 -32.91139240506329 99.99949650055511
v -0.3173320586822395 -32.278481012658226 99.99949650055511
v -0.3173320586822395 -31.645569620253163 99.99949650055511
v -0.3173320586822395 -31.0126582278481 99.99949650055511
v -0.3173320586822395 -30.379746835443036 99.99949650055511
v -0.3173320586822395 -29.746835443037973 99.99949650055511
v -0.3173320586822395 -29.11392405063291 99.99949650055511
v -0.3173320586822395 -28.481012658227847 99.99949650055511
v -0.3173320586822395 -27.848101265822784 99.99949650055511
v -0.3173320586822395 -27.21518987341772 99.99949650055511
v -0.3173320586822395 -26.582278481012658 99.99949650055511
v -0.3173320586822395 -25.949367088607595 99.99949650055511
v -0.3173320586822395 -25.31645569620253 99.99949650055511
v -0.3173320586822395 -24.68354430379747 99.99949650055511
v -0.3173320586822395 -24.050632911392402 99.99949650055511
v -0.3173320586822395 -23.41772151898734 99.99949650055511
v -0.3173320586822395 -22.784810126582276 99.99949650055511
v -0.3173320586822395 -22.151898734177212 99.99949650055511
v -0.3173320586822395 -21.51898734177215 99.99949650055511
v -0.3173320586822395 -20.886075949367086 99.99949650055511
v -0.3173320586822395 -20.253164556962023 99.99949650055511
v -0.3173320586822395 -19.62025316455696 99.99949650055511
v -0.3173320586822395 -18.987341772151897 99.99949650055511
v -0.3173320586822395 -18.354430379746834 99.99949650055511
v -0.3173320586822395 -17.721518987341767 99.99949650055511
v -0.3173320586822395 -17.088607594936704 99.99949650055511
v -0.3173320586822395 -16.45569620253164 99.99949650055511
v -0.3173320586822395 -15.822784810126578 99.99949650055511
v -0.3173320586822395 -15.189873417721515 99.99949650055511
v -0.3173320586822395 -14.556962025316452 99.99949650055511
v -0.3173320586822395 -13.924050632911388 99.99949650055511
v -0.3173320586822395 -13.291139240506325 99.99949650055511
v -0.3173320586822395 -12.658227848101262 99.99949650055511
v -0.3173320586822395 -12.0253164556962 99.99949650055511
v -0.3173320586822395 -11.392405063291136 99.99949650055511
v -0.3173320586822395 -10.759493670886073 99.99949650055511
v -0.3173320586822395 -10.12658227848101 99.99949650055511
v -0.3173320586822395 -9.493670886075947 99.99949650055511
v -0.3173320586822395 -8.860759493670884 99.99949650055511
v -0.3173320586822395 -8.22784810126582 99.99949650055511
v -0.3173320586822395 -7.594936708860757 99.99949650055511
v -0.3173320586822395 -6.962025316455694 99.99949650055511
v -0.3173320586822395 -6.329113924050631 99.99949650055511
v -0.3173320586822395 -5.696202531645568 99.99949650055511
v -0.3173320586822395 -5.063291139240505 99.99949650055511
v -0.3173320586822395 -4.430379746835442 99.99949650055511
v -0.3173320586822395 -3.7974683544303787 99.99949650055511
v -0.3173320586822395 -3.1645569620253156 99.99949650055511
v -0.3173320586822395 -2.5316455696202524 99.99949650055511
v -0.3173320586822395 -1.8987341772151893 99.99949650055511
v -0.3173320586822395 -1.2658227848101262 99.99949650055511
v -0.3173320586822395 -0.6329113924050631 99.99949650055511
v -0.3173320586822395 0.0 99.99949650055511
v -0.3173320586822395 0.6329113924050631 99.99949650055511
v -0.3173320586822395 1.2658227848101333 99.99949650055511
v -0.3173320586822395 1.8987341772151964 99.99949650055511
v -0.3173320586822395 2.5316455696202596 99.99949650055511
v -0.3173320586822395 3.1645569620253227 99.99949650055511
v -0.3173320586822395 3.7974683544303858 99.99949650055511
v -0.3173320586822395 4.430379746835449 99.99949650055511
v -0.3173320586822395 5.063291139240512 99.99949650055511
v -0.3173320586822395 5.696202531645575 99.99949650055511
v -0.3173320586822395 6.329113924050638 99.99949650055511
v -0.3173320586822395 6.962025316455701 99.99949650055511
v -0.3173320586822395 7.594936708860764 99.99949650055511
v -0.3173320586822395 8.227848101265828 99.99949650055511
v -0.3173320586822395 8.86075949367089 99.99949650055511
v -0.3173320586822395 9.493670886075954 99.99949650055511
v -0.3173320586822395 10.126582278481017 99.99949650055511
v -0.3173320586822395 10.75949367088608 99.99949650055511
v -0.3173320586822395 11.392405063291143 99.99949650055511
v -0.3173320586822395 12.025316455696206 99.99949650055511
v -0.3173320586822395 12.65822784810127 99.99949650055511
v -0.3173320586822395 13.291139240506332 99.99949650055511
v -0.3173320586822395 13.924050632911396 99.99949650055511
v -0.3173320586822395 14.556962025316466 99.99949650055511
v -0.3173320586822395 15.189873417721529 99.99949650055511
v -0.3173320586822395 15.822784810126592 99.99949650055511
v -0.3173320586822395 16.455696202531655 99.99949650055511
v -0.3173320586822395 17.088607594936718 99.99949650055511
v -0.3173320586822395 17.72151898734178 99.99949650055511
v -0.3173320586822395 18.354430379746844 99.99949650055511
v -0.3173320586822395 18.987341772151908 99.99949650055511
v -0.3173320586822395 19.62025316455697 99.99949650055511
v -0.3173320586822395 20.253164556962034 99.99949650055511
v -0.3173320586822395 20.886075949367097 99.99949650055511
v -0.3173320586822395 21.51898734177216 99.99949650055511
v -0.3173320586822395 22.151898734177223 99.99949650055511
v -0.3173320586822395 22.784810126582286 99.99949650055511
v -0.3173320586822395 23.41772151898735 99.99949650055511
v -0.3173320586822395 24.050632911392412 99.99949650055511
v -0.3173320586822395 24.683544303797476 99.99949650055511
v -0.3173320586822395 25.31645569620254 99.99949650055511
v -0.3173320586822395 25.9493670886076 99.99949650055511
v -0.3173320586822395 26.582278481012665 99.99949650055511
v -0.3173320586822395 27.215189873417728 99.99949650055511
v -0.3173320586822395 27.84810126582279 99.99949650055511
v -0.3173320586822395 28.481012658227854 99.99949650055511
v -0.3173320586822395 29.113924050632917 99.99949650055511
v -0.3173320586822395 29.74683544303798 99.99949650055511
v -0.3173320586822395 30.379746835443044 99.99949650055511
v -0.3173320586822395 31.012658227848107 99.99949650055511
v -0.3173320586822395 31.64556962025317 99.99949650055511
v -0.3173320586822395 32.27848101265823 99.99949650055511
v -0.3173320586822395 32.911392405063296 99.99949650055511
v -0.3173320586822395 33.54430379746836 99.99949650055511
v -0.3173320586822395 34.17721518987342 99.99949650055511
v -0.3173320586822395 34.810126582278485 99.99949650055511
v -0.3173320586822395 35.44303797468355 99.99949650055511
v -0.3173320586822395 36.07594936708861 99.99949650055511
v -0.3173320586822395 36.708860759493675 99.99949650055511
v -0.3173320586822395 37.34177215189874 99.99949650055511
v -0.3173320586822395 37.9746835443038 99.99949650055511
v -0.3173320586822395 38.607594936708864 99.99949650055511
v -0.3173320586822395 39.24050632911393 99.99949650055511
v -0.3173320586822395 39.87341772151899 99.99949650055511
v -0.3173320586822395 40.50632911392405 99.99949650055511
v -0.3173320586822395 41.139240506329116 99.99949650055511
v -0.3173320586822395 41.77215189873418 99.99949650055511
v -0.3173320586822395 42.40506329113924 99.99949650055511
v -0.3173320586822395 43.037974683544306 99.99949650055511
v -0.3173320586822395 43.67088607594937 99.99949650055511
v -0.3173320586822395 44.30379746835443 99.99949650055511
v -0.3173320586822395 44.936708860759495 99.99949650055511
v -0.3173320586822395 45.56962025316456 99.99949650055511
v -0.3173320586822395 46.20253164556962 99.99949650055511
v -0.3173320586822395 46.835443037974684 99.99949650055511
v -0.3173320586822395 47.46835443037975 99.99949650055511
v -0.3173320586822395 48.10126582278481 99.99949650055511
v -0.3173320586822395 48.734177215189874 99.99949650055511
v -0.3173320586822395 49.36708860759494 99.99949650055511
v -0.3173320586822395 50.0 99.99949650055511
v 0.31733205868222725 -50.0 99.99949650055511
v 0.31733205868222725 -49.36708860759494 99.99949650055511
v 0.31733205868222725 -48.734177215189874 99.99949650055511
v 0.31733205868222725 -48.10126582278481 99.99949650055511
v 0.31733205868222725 -47.46835443037975 99.99949650055511
v 0.31733205868222725 -46.835443037974684 99.99949650055511
v 0.31733205868222725 -46.20253164556962 99.99949650055511
v 0.31733205868222725 -45.56962025316456 99.99949650055511
v 0.31733205868222725 -44.936708860759495 99.99949650055511
v 0.31733205868222725 -44.30379746835443 99.99949650055511
v 0.31733205868222725 -43.67088607594937 99.99949650055511
v 0.31733205868222725 -43.037974683544306 99.99949650055511
v 0.31733205868222725 -42.40506329113924 99.99949650055511
v 0.31733205868222725 -41.77215189873418 99.99949650055511
v 0.31733205868222725 -41.139240506329116 99.99949650055511
v 0.31733205868222725 -40.50632911392405 99.99949650055511
v 0.31733205868222725 -39.87341772151899 99.99949650055511
v 0.31733205868222725 -39.24050632911393 99.99949650055511
v 0.31733205868222725 -38.607594936708864 99.99949650055511
v 0.31733205868222725 -37.9746835443038 99.99949650055511
v 0.31733205868222725 -37.34177215189874 99.99949650055511
v 0.31733205868222725 -36.70886075949367 99.99949650055511
v 0.31733205868222725 -36.075949367088604 99.99949650055511
v 0.31733205868222725 -35.44303797468354 99.99949650055511
v 0.31733205868222725 -34.81012658227848 99.99949650055511
v 0.31733205868222725 -34.177215189873415 99.99949650055511
v 0.31733205868222725 -33.54430379746835 99.99949650055511
v 0.31733205868222725 -32.91139240506329 99.99949650055511
v 0.31733205868222725 -32.278481012658226 99.99949650055511
v 0.31733205868222725 -31.645569620253163 99.99949650055511
v 0.31733205868222725 -31.0126582278481 99.99949650055511
v 0.31733205868222725 -30.379746835443036 99.99949650055511
v 0.31733205868222725 -29.746835443037973 99.99949650055511
v 0.31733205868222725 -29.11392405063291 99.99949650055511
v 0.31733205868222725 -28.481012658227847 99.99949650055511
v 0.31733205868222725 -27.848101265822784 99.99949650055511
v 0.31733205868222725 -27.21518987341772 99.99949650055511
v 0.31733205868222725 -26.582278481012658 99.99949650055511
v 0.31733205868222725 -25.949367088607595 99.99949650055511
v 0.31733205868222725 -25.31645569620253 99.99949650055511
v 0.31733205868222725 -24.68354430379747 99.99949650055511
v 0.31733205868222725 -24.050632911392402 99.99949650055511
v 0.31733205868222725 -23.41772151898734 99.99949650055511
v 0.31733205868222725 -22.784810126582276 99.99949650055511
v 0.31733205868222725 -22.151898734177212 99.99949650055511
v 0.31733205868222725 -21.51898734177215 99.99949650055511
v 0.31733205868222725 -20.886075949367086 99.99949650055511
v 0.31733205868222725 -20.253164556962023 99.99949650055511
v 0.31733205868222725 -19.62025316455696 99.99949650055511
v 0.31733205868222725 -18.987341772151897 99.99949650055511
v 0.31733205868222725 -18.354430379746834 99.99949650055511
v 0.31733205868222725 -17.721518987341767 99.99949650055511
v 0.31733205868222725 -17.088607594936704 99.99949650055511
v 0.31733205868222725 -16.45569620253164 99.99949650055511
v 0.31733205868222725 -15.822784810126578 99.99949650055511
v 0.31733205868222725 -15.189873417721515 99.99949650055511
v 0.31733205868222725 -14.556962025316452 99.99949650055511
v 0.31733205868222725 -13.924050632911388 99.99949650055511
v 0.31733205868222725 -13.291139240506325 99.99949650055511
v 0.31733205868222725 -12.658227848101262 99.99949650055511
v 0.31733205868222725 -12.0253164556962 99.99949650055511
v 0.31733205868222725 -11.392405063291136 99.99949650055511
v 0.31733205868222725 -10.759493670886073 99.99949650055511
v 0.31733205868222725 -10.12658227848101 99.99949650055511
v 0.31733205868222725 -9.493670886075947 99.99949650055511
v 0.31733205868222725 -8.860759493670884 99.99949650055511
v 0.31733205868222725 -8.22784810126582 99.99949650055511
v 0.31733205868222725 -7.594936708860757 99.99949650055511
v 0.31733205868222725 -6.962025316455694 99.99949650055511
v 0.31733205868222725 -6.329113924050631 99.99949650055511
v 0.31733205868222725 -5.696202531645568 99.99949650055511
v 0.31733205868222725 -5.063291139240505 99.99949650055511
v 0.31733205868222725 -4.430379746835442 99.99949650055511
v 0.31733205868222725 -3.7974683544303787 99.99949650055511
v 0.31733205868222725 -3.1645569620253156 99.99949650055511
v 0.31733205868222725 -2.5316455696202524 99.99949650055511
v 0.31733205868222725 -1.8987341772151893 99.99949650055511
v 0.31733205868222725 -1.2658227848101262 99.99949650055511
v 0.31733205868222725 -0.6329113924050631 99.99949650055511
v 0.31733205868222725 0.0 99.99949650055511
v 0.31733205868222725 0.6329113924050631 99.99949650055511
v 0.31733205868222725 1.2658227848101333 99.99949650055511
v 0.31733205868222725 1.8987341772151964 99.99949650055511
v 0.31733205868222725 2.5316455696202596 99.99949650055511
v 0.31733205868222725 3.1645569620253227 99.99949650055511
v 0.31733205868222725 3.7974683544303858 99.99949650055511
v 0.31733205868222725 4.430379746835449 99.99949650055511
v 0.31733205868222725 5.063291139240512 99.99949650055511
v 0.31733205868222725 5.696202531645575 99.99949650055511
v 0.31733205868222725 6.329113924050638 99.99949650055511
v 0.31733205868222725 6.962025316455701 99.99949650055511
v 0.31733205868222725 7.594936708860764 99.99949650055511
v 0.31733205868222725 8.227848101265828 99.99949650055511
v 0.31733205868222725 8.86075949367089 99.99949650055511
v 0.31733205868222725 9.493670886075954 99.99949650055511
v 0.31733205868222725 10.126582278481017 99.99949650055511
v 0.31733205868222725 10.75949367088608 99.99949650055511
v 0.31733205868222725 11.392405063291143 99.99949650055511
v 0.31733205868222725 12.025316455696206 99.99949650055511
v 0.31733205868222725 12.65822784810127 99.99949650055511
v 0.31733205868222725 13.291139240506332 99.99949650055511
v 0.31733205868222725 13.924050632911396 99.99949650055511
v 0.31733205868222725 14.556962025316466 99.99949650055511
v 0.31733205868222725 15.189873417721529 99.99949650055511
v 0.31733205868222725 15.822784810126592 99.99949650055511
v 0.31733205868222725 16.455696202531655 99.99949650055511
v 0.31733205868222725 17.088607594936718 99.99949650055511
v 0.31733205868222725 17.72151898734178 99.99949650055511
v 0.31733205868222725 18.354430379746844 99.99949650055511
v 0.31733205868222725 18.987341772151908 99.99949650055511
v 0.31733205868222725 19.62025316455697 99.99949650055511
v 0.31733205868222725 20.253164556962034 99.99949650055511
v 0.31733205868222725 20.886075949367097 99.99949650055511
v 0.31733205868222725 21.51898734177216 99.99949650055511
v 0.31733205868222725 22.151898734177223 99.99949650055511
v 0.31733205868222725 22.784810126582286 99.99949650055511
v 0.31733205868222725 23.41772151898735 99.99949650055511
v 0.31733205868222725 24.050632911392412 99.99949650055511
v 0.31733205868222725 24.683544303797476 99.99949650055511
v 0.31733205868222725 25.31645569620254 99.99949650055511
v 0.31733205868222725 25.9493670886076 99.99949650055511
v 0.31733205868222725 26.582278481012665 99.99949650055511
v 0.31733205868222725 27.215189873417728 99.99949650055511
v 0.31733205868222725 27.84810126582279 99.99949650055511
v 0.31733205868222725 28.481012658227854 99.99949650055511
v 0.31733205868222725 29.113924050632917 99.99949650055511
v 0.31733205868222725 29.74683544303798 99.99949650055511
v 0.31733205868222725 30.379746835443044 99.99949650055511
v 0.31733205868222725 31.012658227848107 99.99949650055511
v 0.31733205868222725 31.64556962025317 99.99949650055511
v 0.31733205868222725 32.27848101265823 99.99949650055511
v 0.31733205868222725 32.911392405063296 99.99949650055511
v 0.31733205868222725 33.54430379746836 99.99949650055511
v 0.31733205868222725 34.17721518987342 99.99949650055511
v 0.31733205868222725 34.810126582278485 99.99949650055511
v 0.31733205868222725 35.44303797468355 99.99949650055511
v 0.31733205868222725 36.07594936708861 99.99949650055511
v 0.31733205868222725 36.708860759493675 99.99949650055511
v 0.31733205868222725 37.34177215189874 99.99949650055511
v 0.31733205868222725 37.9746835443038 99.99949650055511
v 0.31733205868222725 38.607594936708864 99.99949650055511
v 0.31733205868222725 39.24050632911393 99.99949650055511
v 0.31733205868222725 39.87341772151899 99.99949650055511
v 0.31733205868222725 40.50632911392405 99.99949650055511
v 0.31733205868222725 41.139240506329116 99.99949650055511
v 0.31733205868222725 41.77215189873418 99.99949650055511
v 0.31733205868222725 42.40506329113924 99.99949650055511
v 0.31733205868222725 43.037974683544306 99.99949650055511
v 0.31733205868222725 43.67088607594937 99.99949650055511
v 0.31733205868222725 44.30379746835443 99.99949650055511
v 0.31733205868222725 44.936708860759495 99.99949650055511
v 0.31733205868222725 45.56962025316456 99.99949650055511
v 0.31733205868222725 46.20253164556962 99.99949650055511
v 0.31733205868222725 46.835443037974684 99.99949650055511
v 0.31733205868222725 47.46835443037975 99.99949650055511
v 0.31733205868222725 48.10126582278481 99.99949650055511
v 0.31733205868222725 48.734177215189874 99.99949650055511
v 0.31733205868222725 49.36708860759494 99.99949650055511
v 0.31733205868222725 50.0 99.99949650055511
v 0.9519833939576637 -50.0 99.99546853541729
v 0.9519833939576637 -49.36708860759494 99.99546853541729
v 0.9519833939576637 -48.734177215189874 99.99546853541729
v 0.9519833939576637 -48.10126582278481 99.99546853541729
v 0.9519833939576637 -47.46835443037975 99.99546853541729
v 0.9519833939576637 -46.835443037974684 99.99546853541729
v 0.9519833939576637 -46.20253164556962 99.99546853541729
v 0.9519833939576637 -45.56962025316456 99.99546853541729
v 0.9519833939576637 -44.936708860759495 99.99546853541729
v 0.9519833939576637 -44.30379746835443 99.99546853541729
v 0.9519833939576637 -43.67088607594937 99.99546853541729
v 0.9519833939576637 -43.037974683544306 99.99546853541729
v 0.9519833939576637 -42.40506329113924 99.99546853541729
v 0.9519833939576637 -41.77215189873418 99.99546853541729
v 0.9519833939576637 -41.139240506329116 99.99546853541729
v 0.9519833939576637 -40.50632911392405 99.99546853541729
v 0.9519833939576637 -39.87341772151899 99.99546853541729
v 0.9519833939576637 -39.24050632911393 99.99546853541729
v 0.9519833939576637 -38.607594936708864 99.99546853541729
v 0.9519833939576637 -37.9746835443038 99.99546853541729
v 0.9519833939576637 -37.34177215189874 99.99546853541729
v 0.9519833939576637 -36.70886075949367 99.99546853541729
v 0.9519833939576637 -36.075949367088604 99.99546853541729
v 0.9519833939576637 -35.44303797468354 99.99546853541729
v 0.9519833939576637 -34.81012658227848 99.99546853541729
v 0.9519833939576637 -34.177215189873415 99.99546853541729
v 0.9519833939576637 -33.54430379746835 99.99546853541729
v 0.9519833939576637 -32.91139240506329 99.99546853541729
v 0.9519833939576637 -32.278481012658226 99.99546853541729
v 0.9519833939576637 -31.645569620253163 99.99546853541729
v 0.9519833939576637 -31.0126582278481 99.99546853541729
v 0.9519833939576637 -30.379746835443036 99.99546853541729
v 0.9519833939576637 -29.746835443037973 99.99546853541729
v 0.9519833939576637 -29.11392405063291 99.99546853541729
v 0.9519833939576637 -28.481012658227847 99.99546853541729
v 0.9519833939576637 -27.848101265822784 99.99546853541729
v 0.9519833939576637 -27.21518987341772 99.99546853541729
v 0.9519833939576637 -26.582278481012658 99.99546853541729
v 0.9519833939576637 -25.949367088607595 99.99546853541729
v 0.9519833939576637 -25.31645569620253 99.99546853541729
v 0.9519833939576637 -24.68354430379747 99.99546853541729
v 0.9519833939576637 -24.050632911392402 99.99546853541729
v 0.9519833939576637 -23.41772151898734 99.99546853541729
v 0.9519833939576637 -22.784810126582276 99.99546853541729
v 0.9519833939576637 -22.151898734177212 99.99546853541729
v 0.9519833939576637 -21.51898734177215 99.99546853541729
v 0.9519833939576637 -20.886075949367086 99.99546853541729
v 0.9519833939576637 -20.253164556962023 99.99546853541729
v 0.9519833939576637 -19.62025316455696 99.99546853541729
v 0.9519833939576637 -18.987341772151897 99.99546853541729
v 0.9519833939576637 -18.354430379746834 99.99546853541729
v 0.9519833939576637 -17.721518987341767 99.99546853541729
v 0.9519833939576637 -17.088607594936704 99.99546853541729
v 0.9519833939576637 -16.45569620253164 99.99546853541729
v 0.9519833939576637 -15.822784810126578 99.99546853541729
v 0.9519833939576637 -15.189873417721515 99.99546853541729
v 0.9519833939576637 -14.556962025316452 99.99546853541729
v 0.9519833939576637 -13.924050632911388 99.99546853541729
v 0.9519833939576637 -13.291139240506325 99.99546853541729
v 0.9519833939576637 -12.658227848101262 99.99546853541729
v 0.9519833939576637 -12.0253164556962 99.99546853541729
v 0.9519833939576637 -11.392405063291136 99.99546853541729
v 0.9519833939576637 -10.759493670886073 99.99546853541729
v 0.9519833939576637 -10.12658227848101 99.99546853541729
v 0.9519833939576637 -9.493670886075947 99.99546853541729
v 0.9519833939576637 -8.860759493670884 99.99546853541729
v 0.9519833939576637 -8.22784810126582 99.99546853541729
v 0.9519833939576637 -7.594936708860757 99.99546853541729
v 0.9519833939576637 -6.962025316455694 99.99546853541729
v 0.9519833939576637 -6.329113924050631 99.99546853541729
v 0.9519833939576637 -5.696202531645568 99.99546853541729
v 0.9519833939576637 -5.063291139240505 99.99546853541729
v 0.9519833939576637 -4.430379746835442 99.99546853541729
v 0.9519833939576637 -3.7974683544303787 99.99546853541729
v 0.9519833939576637 -3.1645569620253156 99.99546853541729
v 0.9519833939576637 -2.5316455696202524 99.99546853541729
v 0.9519833939576637 -1.8987341772151893 99.99546853541729
v 0.9519833939576637 -1.2658227848101262 99.99546853541729
v 0.9519833939576637 -0.6329113924050631 99.99546853541729
v 0.9519833939576637 0.0 99.99546853541729
v 0.9519833939576637 0.6329113924050631 99.99546853541729
v 0.9519833939576637 1.2658227848101333 99.99546853541729
v 0.9519833939576637 1.8987341772151964 99.99546853541729
v 0.9519833939576637 2.5316455696202596 99.99546853541729
v 0.9519833939576637 3.1645569620253227 99.99546853541729
v 0.9519833939576637 3.7974683544303858 99.99546853541729
v 0.9519833939576637 4.430379746835449 99.99546853541729
v 0.9519833939576637 5.063291139240512 99.99546853541729
v 0.9519833939576637 5.696202531645575 99.99546853541729
v 0.9519833939576637 6.329113924050638 99.99546853541729
v 0.9519833939576637 6.962025316455701 99.99546853541729
v 0.9519833939576637 7.594936708860764 99.99546853541729
v 0.9519833939576637 8.227848101265828 99.99546853541729
v 0.9519833939576637 8.86075949367089 99.99546853541729
v 0.9519833939576637 9.493670886075954 99.99546853541729
v 0.9519833939576637 10.126582278481017 99.99546853541729
v 0.9519833939576637 10.75949367088608 99.99546853541729
v 0.9519833939576637 11.392405063291143 99.99546853541729
v 0.9519833939576637 12.025316455696206 99.99546853541729
v 0.9519833939576637 12.65822784810127 99.99546853541729
v 0.9519833939576637 13.291139240506332 99.99546853541729
v 0.9519833939576637 13.924050632911396 99.99546853541729
v 0.9519833939576637 14.556962025316466 99.99546853541729
v 0.9519833939576637 15.189873417721529 99.99546853541729
v 0.9519833939576637 15.822784810126592 99.99546853541729
v 0.9519833939576637 16.455696202531655 99.99546853541729
v 0.9519833939576637 17.088607594936718 99.99546853541729
v 0.9519833939576637 17.72151898734178 99.99546853541729
v 0.9519833939576637 18.354430379746844 99.99546853541729
v 0.9519833939576637 18.987341772151908 99.99546853541729
v 0.9519833939576637 19.62025316455697 99.99546853541729
v 0.9519833939576637 20.253164556962034 99.99546853541729
v 0.9519833939576637 20.886075949367097 99.99546853541729
v 0.9519833939576637 21.51898734177216 99.99546853541729
v 0.9519833939576637 22.151898734177223 99.99546853541729
v 0.9519833939576637 22.784810126582286 99.99546853541729
v 0.9519833939576637 23.41772151898735 99.99546853541729
v 0.9519833939576637 24.050632911392412 99.99546853541729
v 0.9519833939576637 24.683544303797476 99.99546853541729
v 0.9519833939576637 25.31645569620254 99.99546853541729
v 0.9519833939576637 25.9493670886076 99.99546853541729
v 0.9519833939576637 26.582278481012665 99.99546853541729
v 0.9519833939576637 27.215189873417728 99.99546853541729
v 0.9519833939576637 27.84810126582279 99.99546853541729
v 0.9519833939576637 28.481012658227854 99.99546853541729
v 0.9519833939576637 29.113924050632917 99.99546853541729
v 0.9519833939576637 29.74683544303798 99.99546853541729
v 0.9519833939576637 30.379746835443044 99.99546853541729
v 0.9519833939576637 31.012658227848107 99.99546853541729
v 0.9519833939576637 31.64556962025317 99.99546853541729
v 0.9519833939576637 32.27848101265823 99.99546853541729
v 0.9519833939576637 32.911392405063296 99.99546853541729
v 0.9519833939576637 33.54430379746836 99.99546853541729
v 0.9519833939576637 34.17721518987342 99.99546853541729
v 0.9519833939576637 34.810126582278485 99.99546853541729
v 0.9519833939576637 35.44303797468355 99.99546853541729
v 0.9519833939576637 36.07594936708861 99.99546853541729
v 0.9519833939576637 36.708860759493675 99.99546853541729
v 0.9519833939576637 37.34177215189874 99.99546853541729
v 0.9519833939576637 37.9746835443038 99.99546853541729
v 0.9519833939576637 38.607594936708864 99.99546853541729
v 0.9519833939576637 39.24050632911393 99.99546853541729
v 0.9519833939576637 39.87341772151899 99.99546853541729
v 0.9519833939576637 40.50632911392405 99.99546853541729
v 0.9519833939576637 41.139240506329116 99.99546853541729
v 0.9519833939576637 41.77215189873418 99.99546853541729
v 0.9519833939576637 42.40506329113924 99.99546853541729
v 0.9519833939576637 43.037974683544306 99.99546853541729
v 0.9519833939576637 43.67088607594937 99.99546853541729
v 0.9519833939576637 44.30379746835443 99.99546853541729
v 0.9519833939576637 44.936708860759495 99.99546853541729
v 0.9519833939576637 45.56962025316456 99.99546853541729
v 0.9519833939576637 46.20253164556962 99.99546853541729
v 0.9519833939576637 46.835443037974684 99.99546853541729
v 0.9519833939576637 47.46835443037975 99.99546853541729
v 0.9519833939576637 48.10126582278481 99.99546853541729
v 0.9519833939576637 48.734177215189874 99.99546853541729
v 0.9519833939576637 49.36708860759494 99.99546853541729
v 0.9519833939576637 50.0 99.99546853541729
v 1.5865963834807806 -50.0 99.98741276738751
v 1.5865963834807806 -49.36708860759494 99.98741276738751
v 1.5865963834807806 -48.734177215189874 99.98741276738751
v 1.5865963834807806 -48.10126582278481 99.98741276738751
v 1.5865963834807806 -47.46835443037975 99.98741276738751
v 1.5865963834807806 -46.835443037974684 99.98741276738751
v 1.5865963834807806 -46.20253164556962 99.98741276738751
v 1.5865963834807806 -45.56962025316456 99.98741276738751
v 1.5865963834807806 -44.936708860759495 99.98741276738751
v 1.5865963834807806 -44.30379746835443 99.98741276738751
v 1.5865963834807806 -43.67088607594937 99.98741276738751
v 1.5865963834807806 -43.037974683544306 99.98741276738751
v 1.5865963834807806 -42.40506329113924 99.98741276738751
v 1.5865963834807806 -41.77215189873418 99.98741276738751
v 1.5865963834807806 -41.139240506329116 99.98741276738751
v 1.5865963834807806 -40.50632911392405 99.98741276738751
v 1.5865963834807806 -39.87341772151899 99.98741276738751
v 1.5865963834807806 -39.24050632911393 99.98741276738751
v 1.5865963834807806 -38.607594936708864 99.98741276738751
v 1.5865963834807806 -37.9746835443038 99.98741276738751
v 1.5865963834807806 -37.34177215189874 99.98741276738751
v 1.5865963834807806 -36.70886075949367 99.98741276738751
v 1.5865963834807806 -36.075949367088604 99.98741276738751
v 1.5865963834807806 -35.44303797468354 99.98741276738751
v 1.5865963834807806 -34.81012658227848 99.98741276738751
v 1.5865963834807806 -34.177215189873415 99.98741276738751
v 1.5865963834807806 -33.54430379746835 99.98741276738751
v 1.5865963834807806 -32.91139240506329 99.98741276738751
v 1.5865963834807806 -32.278481012658226 99.98741276738751
v 1.5865963834807806 -31.645569620253163 99.98741276738751
v 1.5865963834807806 -31.0126582278481 99.98741276738751
v 1.5865963834807806 -30.379746835443036 99.98741276738751
v 1.5865963834807806 -29.746835443037973 99.98741276738751
v 1.5865963834807806 -29.11392405063291 99.98741276738751
v 1.5865963834807806 -28.481012658227847 99.98741276738751
v 1.5865963834807806 -27.848101265822784 99.98741276738751
v 1.5865963834807806 -27.21518987341772 99.98741276738751
v 1.5865963834807806 -26.582278481012658 99.98741276738751
v 1.5865963834807806 -25.949367088607595 99.98741276738751
v 1.5865963834807806 -25.31645569620253 99.98741276738751
v 1.5865963834807806 -24.68354430379747 99.98741276738751
v 1.5865963834807806 -24.050632911392402 99.98741276738751
v 1.5865963834807806 -23.41772151898734 99.98741276738751
v 1.5865963834807806 -22.784810126582276 99.98741276738751
v 1.5865963834807806 -22.151898734177212 99.98741276738751
v 1.5865963834807806 -21.51898734177215 99.98741276738751
v 1.5865963834807806 -20.886075949367086 99.98741276738751
v 1.5865963834807806 -20.253164556962023 99.98741276738751
v 1.5865963834807806 -19.62025316455696 99.98741276738751
v 1.5865963834807806 -18.987341772151897 99.98741276738751
v 1.5865963834807806 -18.354430379746834 99.98741276738751
v 1.5865963834807806 -17.721518987341767 99.98741276738751
v 1.5865963834807806 -17.088607594936704 99.98741276738751
v 1.5865963834807806 -16.45569620253164 99.98741276738751
v 1.5865963834807806 -15.822784810126578 99.98741276738751
v 1.5865963834807806 -15.189873417721515 99.98741276738751
v 1.5865963834807806 -14.556962025316452 99.98741276738751
v 1.5865963834807806 -13.924050632911388 99.98741276738751
v 1.5865963834807806 -13.291139240506325 99.98741276738751
v 1.5865963834807806 -12.658227848101262 99.98741276738751
v 1.5865963834807806 -12.0253164556962 99.98741276738751
v 1.5865963834807806 -11.392405063291136 99.98741276738751
v 1.5865963834807806 -10.759493670886073 99.98741276738751
v 1.5865963834807806 -10.12658227848101 99.98741276738751
v 1.5865963834807806 -9.493670886075947 99.98741276738751
v 1.5865963834807806 -8.860759493670884 99.98741276738751
v 1.5865963834807806 -8.22784810126582 99.98741276738751
v 1.5865963834807806 -7.594936708860757 99.98741276738751
v 1.5865963834807806 -6.962025316455694 99.98741276738751
v 1.5865963834807806 -6.329113924050631 99.98741276738751
v 1.5865963834807806 -5.696202531645568 99.98741276738751
v 1.5865963834807806 -5.063291139240505 99.98741276738751
v 1.5865963834807806 -4.430379746835442 99.98741276738751
v 1.5865963834807806 -3.7974683544303787 99.98741276738751
v 1.5865963834807806 -3.1645569620253156 99.98741276738751
v 1.5865963834807806 -2.5316455696202524 99.98741276738751
v 1.5865963834807806 -1.8987341772151893 99.98741276738751
v 1.5865963834807806 -1.2658227848101262 99.98741276738751
v 1.5865963834807806 -0.6329113924050631 99.98741276738751
v 1.5865963834807806 0.0 99.98741276738751
v 1.5865963834807806 0.6329113924050631 99.98741276738751
v 1.5865963834807806 1.2658227848101333 99.98741276738751
v 1.5865963834807806 1.8987341772151964 99.98741276738751
v 1.5865963834807806 2.5316455696202596 99.98741276738751
v 1.5865963834807806 3.1645569620253227 99.98741276738751
v 1.5865963834807806 3.7974683544303858 99.98741276738751
v 1.5865963834807806 4.430379746835449 99.98741276738751
v 1.5865963834807806 5.063291139240512 99.98741276738751
v 1.5865963834807806 5.696202531645575 99.98741276738751
v 1.5865963834807806 6.329113924050638 99.98741276738751
v 1.5865963834807806 6.962025316455701 99.98741276738751
v 1.5865963834807806 7.594936708860764 99.98741276738751
v 1.5865963834807806 8.227848101265828 99.98741276738751
v 1.5865963834807806 8.86075949367089 99.98741276738751
v 1.5865963834807806 9.493670886075954 99.98741276738751
v 1.5865963834807806 10.126582278481017 99.98741276738751
v 1.5865963834807806 10.75949367088608 99.98741276738751
v 1.5865963834807806 11.392405063291143 99.98741276738751
v 1.5865963834807806 12.025316455696206 99.98741276738751
v 1.5865963834807806 12.65822784810127 99.98741276738751
v 1.5865963834807806 13.291139240506332 99.98741276738751
v 1.5865963834807806 13.924050632911396 99.98741276738751
v 1.5865963834807806 14.556962025316466 99.98741276738751
v 1.5865963834807806 15.189873417721529 99.98741276738751
v 1.5865963834807806 15.822784810126592 99.98741276738751
v 1.5865963834807806 16.455696202531655 99.98741276738751
v 1.5865963834807806 17.088607594936718 99.98741276738751
v 1.5865963834807806 17.72151898734178 99.98741276738751
v 1.5865963834807806 18.354430379746844 99.98741276738751
v 1.5865963834807806 18.987341772151908 99.98741276738751
v 1.5865963834807806 19.62025316455697 99.98741276738751
v 1.5865963834807806 20.253164556962034 99.98741276738751
v 1.5865963834807806 20.886075949367097 99.98741276738751
v 1.5865963834807806 21.51898734177216 99.98741276738751
v 1.5865963834807806 22.151898734177223 99.98741276738751
v 1.5865963834807806 22.784810126582286 99.98741276738751
v 1.5865963834807806 23.41772151898735 99.98741276738751
v 1.5865963834807806 24.050632911392412 99.98741276738751
v 1.5865963834807806 24.683544303797476 99.98741276738751
v 1.5865963834807806 25.31645569620254 99.98741276738751
v 1.5865963834807806 25.9493670886076 99.98741276738751
v 1.5865963834807806 26.582278481012665 99.98741276738751
v 1.5865963834807806 27.215189873417728 99.98741276738751
v 1.5865963834807806 27.84810126582279 99.98741276738751
v 1.5865963834807806 28.481012658227854 99.98741276738751
v 1.5865963834807806 29.113924050632917 99.98741276738751
v 1.5865963834807806 29.74683544303798 99.98741276738751
v 1.5865963834807806 30.379746835443044 99.98741276738751
v 1.5865963834807806 31.012658227848107 99.98741276738751
v 1.5865963834807806 31.64556962025317 99.98741276738751
v 1.5865963834807806 32.27848101265823 99.98741276738751
v 1.5865963834807806 32.911392405063296 99.98741276738751
v 1.5865963834807806 33.54430379746836 99.98741276738751
v 1.5865963834807806 34.17721518987342 99.98741276738751
v 1.5865963834807806 34.810126582278485 99.98741276738751
v 1.5865963834807806 35.44303797468355 99.98741276738751
v 1.5865963834807806 36.07594936708861 99.98741276738751
v 1.5865963834807806 36.708860759493675 99.98741276738751
v 1.5865963834807806 37.34177215189874 99.98741276738751
v 1.5865963834807806 37.9746835443038 99.98741276738751
v 1.5865963834807806 38.607594936708864 99.98741276738751
v 1.5865963834807806 39.24050632911393 99.98741276738751
v 1.5865963834807806 39.87341772151899 99.98741276738751
v 1.5865963834807806 40.50632911392405 99.98741276738751
v 1.5865963834807806 41.139240506329116 99.98741276738751
v 1.5865963834807806 41.77215189873418 99.98741276738751
v 1.5865963834807806 42.40506329113924 99.98741276738751
v 1.5865963834807806 43.037974683544306 99.98741276738751
v 1.5865963834807806 43.67088607594937 99.98741276738751
v 1.5865963834807806 44.30379746835443 99.98741276738751
v 1.5865963834807806 44.936708860759495 99.98741276738751
v 1.5865963834807806 45.56962025316456 99.98741276738751
v 1.5865963834807806 46.20253164556962 99.98741276738751
v 1.5865963834807806 46.835443037974684 99.98741276738751
v 1.5865963834807806 47.46835443037975 99.98741276738751
v 1.5865963834807806 48.10126582278481 99.98741276738751
v 1.5865963834807806 48.734177215189874 99.98741276738751
v 1.5865963834807806 49.36708860759494 99.98741276738751
v 1.5865963834807806 50.0 99.98741276738751
v 2.22114546513294 -50.0 99.97532952095092
v 2.22114546513294 -49.36708860759494 99.97532952095092
v 2.22114546513294 -48.734177215189874 99.97532952095092
v 2.22114546513294 -48.10126582278481 99.97532952095092
v 2.22114546513294 -47.46835443037975 99.97532952095092
v 2.22114546513294 -46.835443037974684 99.97532952095092
v 2.22114546513294 -46.20253164556962 99.97532952095092
v 2.22114546513294 -45.56962025316456 99.97532952095092
v 2.22114546513294 -44.936708860759495 99.97532952095092
v 2.22114546513294 -44.30379746835443 99.97532952095092
v 2.22114546513294 -43.67088607594937 99.97532952095092
v 2.22114546513294 -43.037974683544306 99.97532952095092
v 2.22114546513294 -42.40506329113924 99.97532952095092
v 2.22114546513294 -41.77215189873418 99.97532952095092
v 2.22114546513294 -41.139240506329116 99.97532952095092
v 2.22114546513294 -40.50632911392405 99.97532952095092
v 2.22114546513294 -39.87341772151899 99.97532952095092
v 2.22114546513294 -39.24050632911393 99.97532952095092
v 2.22114546513294 -38.607594936708864 99.97532952095092
v 2.22114546513294 -37.9746835443038 99.97532952095092
v 2.22114546513294 -37.34177215189874 99.97532952095092
v 2.22114546513294 -36.70886075949367 99.97532952095092
v 2.22114546513294 -36.075949367088604 99.97532952095092
v 2.22114546513294 -35.44303797468354 99.97532952095092
v 2.22114546513294 -34.81012658227848 99.97532952095092
v 2.22114546513294 -34.177215189873415 99.97532952095092
v 2.22114546513294 -33.54430379746835 99.97532952095092
v 2.22114546513294 -32.91139240506329 99.97532952095092
v 2.22114546513294 -32.278481012658226 99.97532952095092
v 2.22114546513294 -31.645569620253163 99.97532952095092
v 2.22114546513294 -31.0126582278481 99.97532952095092
v 2.22114546513294 -30.379746835443036 99.97532952095092
v 2.22114546513294 -29.746835443037973 99.97532952095092
v 2.22114546513294 -29.11392405063291 99.97532952095092
v 2.22114546513294 -28.481012658227847 99.97532952095092
v 2.22114546513294 -27.848101265822784 99.97532952095092
v 2.22114546513294 -27.21518987341772 99.97532952095092
v 2.22114546513294 -26.582278481012658 99.97532952095092
v 2.22114546513294 -25.949367088607595 99.97532952095092
v 2.22114546513294 -25.31645569620253 99.97532952095092
v 2.22114546513294 -24.68354430379747 99.97532952095092
v 2.22114546513294 -24.050632911392402 99.97532952095092
v 2.22114546513294 -23.41772151898734 99.97532952095092
v 2.22114546513294 -22.784810126582276 99.97532952095092
v 2.22114546513294 -22.151898734177212 99.97532952095092
v 2.22114546513294 -21.51898734177215 99.97532952095092
v 2.22114546513294 -20.886075949367086 99.97532952095092
v 2.22114546513294 -20.253164556962023 99.97532952095092
v 2.22114546513294 -19.62025316455696 99.97532952095092
v 2.22114546513294 -18.987341772151897 99.97532952095092
v 2.22114546513294 -18.354430379746834 99.97532952095092
v 2.22114546513294 -17.721518987341767 99.97532952095092
v 2.22114546513294 -17.088607594936704 99.97532952095092
v 2.22114546513294 -16.45569620253164 99.97532952095092
v 2.22114546513294 -15.822784810126578 99.97532952095092
v 2.22114546513294 -15.189873417721515 99.97532952095092
v 2.22114546513294 -14.556962025316452 99.97532952095092
v 2.22114546513294 -13.924050632911388 99.97532952095092
v 2.22114546513294 -13.291139240506325 99.97532952095092
v 2.22114546513294 -12.658227848101262 99.97532952095092
v 2.22114546513294 -12.0253164556962 99.97532952095092
v 2.22114546513294 -11.392405063291136 99.97532952095092
v 2.22114546513294 -10.759493670886073 99.97532952095092
v 2.22114546513294 -10.12658227848101 99.97532952095092
v 2.22114546513294 -9.493670886075947 99.97532952095092
v 2.22114546513294 -8.860759493670884 99.97532952095092
v 2.22114546513294 -8.22784810126582 99.97532952095092
v 2.22114546513294 -7.594936708860757 99.97532952095092
v 2.22114546513294 -6.962025316455694 99.97532952095092
v 2.22114546513294 -6.329113924050631 99.97532952095092
v 2.22114546513294 -5.696202531645568 99.97532952095092
v 2.22114546513294 -5.063291139240505 99.97532952095092
v 2.22114546513294 -4.430379746835442 99.97532952095092
v 2.22114546513294 -3.7974683544303787 99.97532952095092
v 2.22114546513294 -3.1645569620253156 99.97532952095092
v 2.22114546513294 -2.5316455696202524 99.97532952095092
v 2.22114546513294 -1.8987341772151893 99.97532952095092
v 2.22114546513294 -1.2658227848101262 99.97532952095092
v 2.22114546513294 -0.6329113924050631 99.97532952095092
v 2.22114546513294 0.0 99.97532952095092
v 2.22114546513294 0.6329113924050631 99.97532952095092
v 2.22114546513294 1.2658227848101333 99.97532952095092
v 2.22114546513294 1.8987341772151964 99.97532952095092
v 2.22114546513294 2.5316455696202596 99.97532952095092
v 2.22114546513294 3.1645569620253227 99.97532952095092
v 2.22114546513294 3.7974683544303858 99.97532952095092
v 2.22114546513294 4.430379746835449 99.97532952095092
v 2.22114546513294 5.063291139240512 99.97532952095092
v 2.22114546513294 5.696202531645575 99.97532952095092
v 2.22114546513294 6.329113924050638 99.97532952095092
v 2.22114546513294 6.962025316455701 99.97532952095092
v 2.22114546513294 7.594936708860764 99.97532952095092
v 2.22114546513294 8.227848101265828 99.97532952095092
v 2.22114546513294 8.86075949367089 99.97532952095092
v 2.22114546513294 9.493670886075954 99.97532952095092
v 2.22114546513294 10.126582278481017 99.97532952095092
v 2.22114546513294 10.75949367088608 99.97532952095092
v 2.22114546513294 11.392405063291143 99.97532952095092
v 2.22114546513294 12.025316455696206 99.97532952095092
v 2.22114546513294 12.65822784810127 99.97532952095092
v 2.22114546513294 13.291139240506332 99.97532952095092
v 2.22114546513294 13.924050632911396 99.97532952095092
v 2.22114546513294 14.556962025316466 99.97532952095092
v 2.22114546513294 15.189873417721529 99.97532952095092
v 2.22114546513294 15.822784810126592 99.97532952095092
v 2.22114546513294 16.455696202531655 99.97532952095092
v 2.22114546513294 17.088607594936718 99.97532952095092
v 2.22114546513294 17.72151898734178 99.97532952095092
v 2.22114546513294 18.354430379746844 99.97532952095092
v 2.22114546513294 18.987341772151908 99.97532952095092
v 2.22114546513294 19.62025316455697 99.97532952095092
v 2.22114546513294 20.253164556962034 99.97532952095092
v 2.22114546513294 20.886075949367097 99.97532952095092
v 2.22114546513294 21.51898734177216 99.97532952095092
v 2.22114546513294 22.151898734177223 99.97532952095092
v 2.22114546513294 22.784810126582286 99.97532952095092
v 2.22114546513294 23.41772151898735 99.97532952095092
v 2.22114546513294 24.050632911392412 99.97532952095092
v 2.22114546513294 24.683544303797476 99.97532952095092
v 2.22114546513294 25.31645569620254 99.97532952095092
v 2.22114546513294 25.9493670886076 99.97532952095092
v 2.22114546513294 26.582278481012665 99.97532952095092
v 2.22114546513294 27.215189873417728 99.97532952095092
v 2.22114546513294 27.84810126582279 99.97532952095092
v 2.22114546513294 28.481012658227854 99.97532952095092
v 2.22114546513294 29.113924050632917 99.97532952095092
v 2.22114546513294 29.74683544303798 99.97532952095092
v 2.22114546513294 30.379746835443044 99.97532952095092
v 2.22114546513294 31.012658227848107 99.97532952095092
v 2.22114546513294 31.64556962025317 99.97532952095092
v 2.22114546513294 32.27848101265823 99.97532952095092
v 2.22114546513294 32.911392405063296 99.97532952095092
v 2.22114546513294 33.54430379746836 99.97532952095092
v 2.22114546513294 34.17721518987342 99.97532952095092
v 2.22114546513294 34.810126582278485 99.97532952095092
v 2.22114546513294 35.44303797468355 99.97532952095092
v 2.22114546513294 36.07594936708861 99.97532952095092
v 2.22114546513294 36.708860759493675 99.97532952095092
v 2.22114546513294 37.34177215189874 99.97532952095092
v 2.22114546513294 37.9746835443038 99.97532952095092
v 2.22114546513294 38.607594936708864 99.97532952095092
v 2.22114546513294 39.24050632911393 99.97532952095092
v 2.22114546513294 39.87341772151899 99.97532952095092
v 2.22114546513294 40.50632911392405 99.97532952095092
v 2.22114546513294 41.139240506329116 99.97532952095092
v 2.22114546513294 41.77215189873418 99.97532952095092
v 2.22114546513294 42.40506329113924 99.97532952095092
v 2.22114546513294 43.037974683544306 99.97532952095092
v 2.22114546513294 43.67088607594937 99.97532952095092
v 2.22114546513294 44.30379746835443 99.97532952095092
v 2.22114546513294 44.936708860759495 99.97532952095092
v 2.22114546513294 45.56962025316456 99.97532952095092
v 2.22114546513294 46.20253164556962 99.97532952095092
v 2.22114546513294 46.835443037974684 99.97532952095092
v 2.22114546513294 47.46835443037975 99.97532952095092
v 2.22114546513294 48.10126582278481 99.97532952095092
v 2.22114546513294 48.734177215189874 99.97532952095092
v 2.22114546513294 49.36708860759494 99.97532952095092
v 2.22114546513294 50.0 99.97532952095092
v 2.8556050793696355 -50.0 99.95921928281892
v 2.8556050793696355 -49.36708860759494 99.95921928281892
v 2.8556050793696355 -48.734177215189874 99.95921928281892
v 2.8556050793696355 -48.10126582278481 99.95921928281892
v 2.8556050793696355 -47.46835443037975 99.95921928281892
v 2.8556050793696355 -46.835443037974684 99.95921928281892
v 2.8556050793696355 -46.20253164556962 99.95921928281892
v 2.8556050793696355 -45.56962025316456 99.95921928281892
v 2.8556050793696355 -44.936708860759495 99.95921928281892
v 2.8556050793696355 -44.30379746835443 99.95921928281892
v 2.8556050793696355 -43.67088607594937 99.95921928281892
v 2.8556050793696355 -43.037974683544306 99.95921928281892
v 2.8556050793696355 -42.40506329113924 99.95921928281892
v 2.8556050793696355 -41.77215189873418 99.95921928281892
v 2.8556050793696355 -41.139240506329116 99.95921928281892
v 2.8556050793696355 -40.50632911392405 99.95921928281892
v 2.8556050793696355 -39.87341772151899 99.95921928281892
v 2.8556050793696355 -39.24050632911393 99.95921928281892
v 2.8556050793696355 -38.607594936708864 99.95921928281892
v 2.8556050793696355 -37.9746835443038 99.95921928281892
v 2.8556050793696355 -37.34177215189874 99.95921928281892
v 2.8556050793696355 -36.70886075949367 99.95921928281892
v 2.8556050793696355 -36.075949367088604 99.95921928281892
v 2.8556050793696355 -35.44303797468354 99.95921928281892
v 2.8556050793696355 -34.81012658227848 99.95921928281892
v 2.8556050793696355 -34.177215189873415 99.95921928281892
v 2.8556050793696355 -33.54430379746835 99.95921928281892
v 2.8556050793696355 -32.91139240506329 99.95921928281892
v 2.8556050793696355 -32.278481012658226 99.95921928281892
v 2.8556050793696355 -31.645569620253163 99.95921928281892
v 2.8556050793696355 -31.0126582278481 99.95921928281892
v 2.8556050793696355 -30.379746835443036 99.95921928281892
v 2.8556050793696355 -29.746835443037973 99.95921928281892
v 2.8556050793696355 -29.11392405063291 99.95921928281892
v 2.8556050793696355 -28.481012658227847 99.95921928281892
v 2.8556050793696355 -27.848101265822784 99.95921928281892
v 2.8556050793696355 -27.21518987341772 99.95921928281892
v 2.8556050793696355 -26.582278481012658 99.95921928281892
v 2.8556050793696355 -25.949367088607595 99.95921928281892
v 2.8556050793696355 -25.31645569620253 99.95921928281892
v 2.8556050793696355 -24.68354430379747 99.95921928281892
v 2.8556050793696355 -24.050632911392402 99.95921928281892
v 2.8556050793696355 -23.41772151898734 99.95921928281892
v 2.8556050793696355 -22.784810126582276 99.95921928281892
v 2.8556050793696355 -22.151898734177212 99.95921928281892
v 2.8556050793696355 -21.51898734177215 99.95921928281892
v 2.8556050793696355 -20.886075949367086 99.95921928281892
v 2.8556050793696355 -20.253164556962023 99.95921928281892
v 2.8556050793696355 -19.62025316455696 99.95921928281892
v 2.8556050793696355 -18.987341772151897 99.95921928281892
v 2.8556050793696355 -18.354430379746834 99.95921928281892
v 2.8556050793696355 -17.721518987341767 99.95921928281892
v 2.8556050793696355 -17.088607594936704 99.95921928281892
v 2.8556050793696355 -16.45569620253164 99.95921928281892
v 2.8556050793696355 -15.822784810126578 99.95921928281892
v 2.8556050793696355 -15.189873417721515 99.95921928281892
v 2.8556050793696355 -14.556962025316452 99.95921928281892
v 2.8556050793696355 -13.924050632911388 99.95921928281892
v 2.8556050793696355 -13.291139240506325 99.95921928281892
v 2.8556050793696355 -12.658227848101262 99.95921928281892
v 2.8556050793696355 -12.0253164556962 99.95921928281892
v 2.8556050793696355 -11.392405063291136 99.95921928281892
v 2.8556050793696355 -10.759493670886073 99.95921928281892
v 2.8556050793696355 -10.12658227848101 99.95921928281892
v 2.8556050793696355 -9.493670886075947 99.95921928281892
v 2.8556050793696355 -8.860759493670884 99.95921928281892
v 2.8556050793696355 -8.22784810126582 99.95921928281892
v 2.8556050793696355 -7.594936708860757 99.95921928281892
v 2.8556050793696355 -6.962025316455694 99.95921928281892
v 2.8556050793696355 -6.329113924050631 99.95921928281892
v 2.8556050793696355 -5.696202531645568 99.95921928281892
v 2.8556050793696355 -5.063291139240505 99.95921928281892
v 2.8556050793696355 -4.430379746835442 99.95921928281892
v 2.8556050793696355 -3.7974683544303787 99.95921928281892
v 2.8556050793696355 -3.1645569620253156 99.95921928281892
v 2.8556050793696355 -2.5316455696202524 99.95921928281892
v 2.8556050793696355 -1.8987341772151893 99.95921928281892
v 2.8556050793696355 -1.2658227848101262 99.95921928281892
v 2.8556050793696355 -0.6329113924050631 99.95921928281892
v 2.8556050793696355 0.0 99.95921928281892
v 2.8556050793696355 0.6329113924050631 99.95921928281892
v 2.8556050793696355 1.2658227848101333 99.95921928281892
v 2.8556050793696355 1.8987341772151964 99.95921928281892
v 2.8556050793696355 2.5316455696202596 99.95921928281892
v 2.8556050793696355 3.1645569620253227 99.95921928281892
v 2.8556050793696355 3.7974683544303858 99.95921928281892
v 2.8556050793696355 4.430379746835449 99.95921928281892
v 2.8556050793696355 5.063291139240512 99.95921928281892
v 2.8556050793696355 5.696202531645575 99.95921928281892
v 2.8556050793696355 6.329113924050638 99.95921928281892
v 2.8556050793696355 6.962025316455701 99.95921928281892
v 2.8556050793696355 7.594936708860764 99.95921928281892
v 2.8556050793696355 8.227848101265828 99.95921928281892
v 2.8556050793696355 8.86075949367089 99.95921928281892
v 2.8556050793696355 9.493670886075954 99.95921928281892
v 2.8556050793696355 10.126582278481017 99.95921928281892
v 2.8556050793696355 10.75949367088608 99.95921928281892
v 2.8556050793696355 11.392405063291143 99.95921928281892
v 2.8556050793696355 12.025316455696206 99.95921928281892
v 2.8556050793696355 12.65822784810127 99.95921928281892
v 2.8556050793696355 13.291139240506332 99.95921928281892
v 2.8556050793696355 13.924050632911396 99.95921928281892
v 2.8556050793696355 14.556962025316466 99.95921928281892
v 2.8556050793696355 15.189873417721529 99.95921928281892
v 2.8556050793696355 15.822784810126592 99.95921928281892
v 2.8556050793696355 16.455696202531655 99.95921928281892
v 2.8556050793696355 17.088607594936718 99.95921928281892
v 2.8556050793696355 17.72151898734178 99.95921928281892
v 2.8556050793696355 18.354430379746844 99.95921928281892
v 2.8556050793696355 18.987341772151908 99.95921928281892
v 2.8556050793696355 19.62025316455697 99.95921928281892
v 2.8556050793696355 20.253164556962034 99.95921928281892
v 2.8556050793696355 20.886075949367097 99.95921928281892
v 2.8556050793696355 21.51898734177216 99.95921928281892
v 2.8556050793696355 22.151898734177223 99.95921928281892
v 2.8556050793696355 22.784810126582286 99.95921928281892
v 2.8556050793696355 23.41772151898735 99.95921928281892
v 2.8556050793696355 24.050632911392412 99.95921928281892
v 2.8556050793696355 24.683544303797476 99.95921928281892
v 2.8556050793696355 25.31645569620254 99.95921928281892
v 2.8556050793696355 25.9493670886076 99.95921928281892
v 2.8556050793696355 26.582278481012665 99.95921928281892
v 2.8556050793696355 27.215189873417728 99.95921928281892
v 2.8556050793696355 27.84810126582279 99.95921928281892
v 2.8556050793696355 28.481012658227854 99.95921928281892
v 2.8556050793696355 29.113924050632917 99.95921928281892
v 2.8556050793696355 29.74683544303798 99.95921928281892
v 2.8556050793696355 30.379746835443044 99.95921928281892
v 2.8556050793696355 31.012658227848107 99.95921928281892
v 2.8556050793696355 31.64556962025317 99.95921928281892
v 2.8556050793696355 32.27848101265823 99.95921928281892
v 2.8556050793696355 32.911392405063296 99.95921928281892
v 2.8556050793696355 33.54430379746836 99.95921928281892
v 2.8556050793696355 34.17721518987342 99.95921928281892
v 2.8556050793696355 34.810126582278485 99.95921928281892
v 2.8556050793696355 35.44303797468355 99.95921928281892
v 2.8556050793696355 36.07594936708861 99.95921928281892
v 2.8556050793696355 36.708860759493675 99.95921928281892
v 2.8556050793696355 37.34177215189874 99.95921928281892
v 2.8556050793696355 37.9746835443038 99.95921928281892
v 2.8556050793696355 38.607594936708864 99.95921928281892
v 2.8556050793696355 39.24050632911393 99.95921928281892
v 2.8556050793696355 39.87341772151899 99.95921928281892
v 2.8556050793696355 40.50632911392405 99.95921928281892
v 2.8556050793696355 41.139240506329116 99.95921928281892
v 2.8556050793696355 41.77215189873418 99.95921928281892
v 2.8556050793696355 42.40506329113924 99.95921928281892
v 2.8556050793696355 43.037974683544306 99.95921928281892
v 2.8556050793696355 43.67088607594937 99.95921928281892
v 2.8556050793696355 44.30379746835443 99.95921928281892
v 2.8556050793696355 44.936708860759495 99.95921928281892
v 2.8556050793696355 45.56962025316456 99.95921928281892
v 2.8556050793696355 46.20253164556962 99.95921928281892
v 2.8556050793696355 46.835443037974684 99.95921928281892
v 2.8556050793696355 47.46835443037975 99.95921928281892
v 2.8556050793696355 48.10126582278481 99.95921928281892
v 2.8556050793696355 48.734177215189874 99.95921928281892
v 2.8556050793696355 49.36708860759494 99.95921928281892
v 2.8556050793696355 50.0 99.95921928281892
v 3.4899496702500956 -50.0 99.93908270190957
v 3.4899496702500956 -49.36708860759494 99.93908270190957
v 3.4899496702500956 -48.734177215189874 99.93908270190957
v 3.4899496702500956 -48.10126582278481 99.93908270190957
v 3.4899496702500956 -47.46835443037975 99.93908270190957
v 3.4899496702500956 -46.835443037974684 99.93908270190957
v 3.4899496702500956 -46.20253164556962 99.93908270190957
v 3.4899496702500956 -45.56962025316456 99.93908270190957
v 3.4899496702500956 -44.936708860759495 99.93908270190957
v 3.4899496702500956 -44.30379746835443 99.93908270190957
v 3.4899496702500956 -43.67088607594937 99.93908270190957
v 3.4899496702500956 -43.037974683544306 99.93908270190957
v 3.4899496702500956 -42.40506329113924 99.93908270190957
v 3.4899496702500956 -41.77215189873418 99.93908270190957
v 3.4899496702500956 -41.139240506329116 99.93908270190957
v 3.4899496702500956 -40.50632911392405 99.93908270190957
v 3.4899496702500956 -39.87341772151899 99.93908270190957
v 3.4899496702500956 -39.24050632911393 99.93908270190957
v 3.4899496702500956 -38.607594936708864 99.93908270190957
v 3.4899496702500956 -37.9746835443038 99.93908270190957
v 3.4899496702500956 -37.34177215189874 99.93908270190957
v 3.4899496702500956 -36.70886075949367 99.93908270190957
v 3.4899496702500956 -36.075949367088604 99.93908270190957
v 3.4899496702500956 -35.44303797468354 99.93908270190957
v 3.4899496702500956 -34.81012658227848 99.93908270190957
v 3.4899496702500956 -34.177215189873415 99.93908270190957
v 3.4899496702500956 -33.54430379746835 99.93908270190957
v 3.4899496702500956 -32.91139240506329 99.93908270190957
v 3.4899496702500956 -32.278481012658226 99.93908270190957
v 3.4899496702500956 -31.645569620253163 99.93908270190957
v 3.4899496702500956 -31.0126582278481 99.93908270190957
v 3.4899496702500956 -30.379746835443036 99.93908270190957
v 3.4899496702500956 -29.746835443037973 99.93908270190957
v 3.4899496702500956 -29.11392405063291 99.93908270190957
v 3.4899496702500956 -28.481012658227847 99.93908270190957
v 3.4899496702500956 -27.848101265822784 99.93908270190957
v 3.4899496702500956 -27.21518987341772 99.93908270190957
v 3.4899496702500956 -26.582278481012658 99.93908270190957
v 3.4899496702500956 -25.949367088607595 99.93908270190957
v 3.4899496702500956 -25.31645569620253 99.93908270190957
v 3.4899496702500956 -24.68354430379747 99.93908270190957
v 3.4899496702500956 -24.050632911392402 99.93908270190957
v 3.4899496702500956 -23.41772151898734 99.93908270190957
v 3.4899496702500956 -22.784810126582276 99.93908270190957
v 3.4899496702500956 -22.151898734177212 99.93908270190957
v 3.4899496702500956 -21.51898734177215 99.93908270190957
v 3.4899496702500956 -20.886075949367086 99.93908270190957
v 3.4899496702500956 -20.253164556962023 99.93908270190957
v 3.4899496702500956 -19.62025316455696 99.93908270190957
v 3.4899496702500956 -18.987341772151897 99.93908270190957
v 3.4899496702500956 -18.354430379746834 99.93908270190957
v 3.4899496702500956 -17.721518987341767 99.93908270190957
v 3.4899496702500956 -17.088607594936704 99.93908270190957
v 3.4899496702500956 -16.45569620253164 99.93908270190957
v 3.4899496702500956 -15.822784810126578 99.93908270190957
v 3.4899496702500956 -15.189873417721515 99.93908270190957
v 3.4899496702500956 -14.556962025316452 99.93908270190957
v 3.4899496702500956 -13.924050632911388 99.93908270190957
v 3.4899496702500956 -13.291139240506325 99.93908270190957
v 3.4899496702500956 -12.658227848101262 99.93908270190957
v 3.4899496702500956 -12.0253164556962 99.93908270190957
v 3.4899496702500956 -11.392405063291136 99.93908270190957
v 3.4899496702500956 -10.759493670886073 99.93908270190957
v 3.4899496702500956 -10.12658227848101 99.93908270190957
v 3.4899496702500956 -9.493670886075947 99.93908270190957
v 3.4899496702500956 -8.860759493670884 99.93908270190957
v 3.4899496702500956 -8.22784810126582 99.93908270190957
v 3.4899496702500956 -7.594936708860757 99.93908270190957
v 3.4899496702500956 -6.962025316455694 99.93908270190957
v 3.4899496702500956 -6.329113924050631 99.93908270190957
v 3.4899496702500956 -5.696202531645568 99.93908270190957
v 3.4899496702500956 -5.063291139240505 99.93908270190957
v 3.4899496702500956 -4.430379746835442 99.93908270190957
v 3.4899496702500956 -3.7974683544303787 99.93908270190957
v 3.4899496702500956 -3.1645569620253156 99.93908270190957
v 3.4899496702500956 -2.5316455696202524 99.93908270190957
v 3.4899496702500956 -1.8987341772151893 99.93908270190957
v 3.4899496702500956 -1.2658227848101262 99.93908270190957
v 3.4899496702500956 -0.6329113924050631 99.93908270190957
v 3.4899496702500956 0.0 99.93908270190957
v 3.4899496702500956 0.6329113924050631 99.93908270190957
v 3.4899496702500956 1.2658227848101333 99.93908270190957
v 3.4899496702500956 1.8987341772151964 99.93908270190957
v 3.4899496702500956 2.5316455696202596 99.93908270190957
v 3.4899496702500956 3.1645569620253227 99.93908270190957
v 3.4899496702500956 3.7974683544303858 99.93908270190957
v 3.4899496702500956 4.430379746835449 99.93908270190957
v 3.4899496702500956 5.063291139240512 99.93908270190957
v 3.4899496702500956 5.696202531645575 99.93908270190957
v 3.4899496702500956 6.329113924050638 99.93908270190957
v 3.4899496702500956 6.962025316455701 99.93908270190957
v 3.4899496702500956 7.594936708860764 99.93908270190957
v 3.4899496702500956 8.227848101265828 99.93908270190957
v 3.4899496702500956 8.86075949367089 99.93908270190957
v 3.4899496702500956 9.493670886075954 99.93908270190957
v 3.4899496702500956 10.126582278481017 99.93908270190957
v 3.4899496702500956 10.75949367088608 99.93908270190957
v 3.4899496702500956 11.392405063291143 99.93908270190957
v 3.4899496702500956 12.025316455696206 99.93908270190957
v 3.4899496702500956 12.65822784810127 99.93908270190957
v 3.4899496702500956 13.291139240506332 99.93908270190957
v 3.4899496702500956 13.924050632911396 99.93908270190957
v 3.4899496702500956 14.556962025316466 99.93908270190957
v 3.4899496702500956 15.189873417721529 99.93908270190957
v 3.4899496702500956 15.822784810126592 99.93908270190957
v 3.4899496702500956 16.455696202531655 99.93908270190957
v 3.4899496702500956 17.088607594936718 99.93908270190957
v 3.4899496702500956 17.72151898734178 99.93908270190957
v 3.4899496702500956 18.354430379746844 99.93908270190957
v 3.4899496702500956 18.987341772151908 99.93908270190957
v 3.4899496702500956 19.62025316455697 99.93908270190957
v 3.4899496702500956 20.253164556962034 99.93908270190957
v 3.4899496702500956 20.886075949367097 99.93908270190957
v 3.4899496702500956 21.51898734177216 99.93908270190957
v 3.4899496702500956 22.151898734177223 99.93908270190957
v 3.4899496702500956 22.784810126582286 99.93908270190957
v 3.4899496702500956 23.41772151898735 99.93908270190957
v 3.4899496702500956 24.050632911392412 99.93908270190957
v 3.4899496702500956 24.683544303797476 99.93908270190957
v 3.4899496702500956 25.31645569620254 99.93908270190957
v 3.4899496702500956 25.9493670886076 99.93908270190957
v 3.4899496702500956 26.582278481012665 99.93908270190957
v 3.4899496702500956 27.215189873417728 99.93908270190957
v 3.4899496702500956 27.84810126582279 99.93908270190957
v 3.4899496702500956 28.481012658227854 99.93908270190957
v 3.4899496702500956 29.113924050632917 99.93908270190957
v 3.4899496702500956 29.74683544303798 99.93908270190957
v 3.4899496702500956 30.379746835443044 99.93908270190957
v 3.4899496702500956 31.012658227848107 99.93908270190957
v 3.4899496702500956 31.64556962025317 99.93908270190957
v 3.4899496702500956 32.27848101265823 99.93908270190957
v 3.4899496702500956 32.911392405063296 99.93908270190957
v 3.4899496702500956 33.54430379746836 99.93908270190957
v 3.4899496702500956 34.17721518987342 99.93908270190957
v 3.4899496702500956 34.810126582278485 99.93908270190957
v 3.4899496702500956 35.44303797468355 99.93908270190957
v 3.4899496702500956 36.07594936708861 99.93908270190957
v 3.4899496702500956 36.708860759493675 99.93908270190957
v 3.4899496702500956 37.34177215189874 99.93908270190957
v 3.4899496702500956 37.9746835443038 99.93908270190957
v 3.4899496702500956 38.607594936708864 99.93908270190957
v 3.4899496702500956 39.24050632911393 99.93908270190957
v 3.4899496702500956 39.87341772151899 99.93908270190957
v 3.4899496702500956 40.50632911392405 99.93908270190957
v 3.4899496702500956 41.139240506329116 99.93908270190957
v 3.4899496702500956 41.77215189873418 99.93908270190957
v 3.4899496702500956 42.40506329113924 99.93908270190957
v 3.4899496702500956 43.037974683544306 99.93908270190957
v 3.4899496702500956 43.67088607594937 99.93908270190957
v 3.4899496702500956 44.30379746835443 99.93908270190957
v 3.4899496702500956 44.936708860759495 99.93908270190957
v 3.4899496702500956 45.56962025316456 99.93908270190957
v 3.4899496702500956 46.20253164556962 99.93908270190957
v 3.4899496702500956 46.835443037974684 99.93908270190957
v 3.4899496702500956 47.46835443037975 99.93908270190957
v 3.4899496702500956 48.10126582278481 99.93908270190957
v 3.4899496702500956 48.734177215189874 99.93908270190957
v 3.4899496702500956 49.36708860759494 99.93908270190957
v 3.4899496702500956 50.0 99.93908270190957
f 1 161 2
f 1 160 161
f 2 162 3
f 2 161 162
f 3 163 4
f 3 162 163
f 4 164 5
f 4 163 164
f 5 165 6
f 5 164 165
f 6 166 7
f 6 165 166
f 7 167 8
f 7 166 167
f 8 168 9
f 8 167 168
f 9 169 10
f 9 168 169
f 10 170 11
f 10 169 170
f 11 171 12
f 11 170 171
f 12 172 13
f 12 171 172
f 13 173 14
f 13 172 173
f 14 174 15
f 14 173 174
f 15 175 16
f 15 174 175
f 16 176 17
f 16 175 176
f 17 177 18
f 17 176 177
f 18 178 19
f 18 177 178
f 19 179 20
f 19 178 179
f 20 180 21
f 20 179 180
f 21 181 22
f 21 180 181
f 22 182 23
f 22 181 182
f 23 183 24
f 23 182 183
f 24 184 25
f 24 183 184
f 25 185 26
f 25 184 185
f 26 186 27
f 26 185 186
f 27 187 28
f 27 186 187
f 28 188 29
f 28 187 188
f 29 189 30
f 29 188 189
f 30 190 31
f 30 189 190
f 31 191 32
f 31 190 191
f 32 192 33
f 32 191 192
f 33 193 34
f 33 192 193
f 34 194 35
f 34 193 194
f 35 195 36
f 35 194 195
f 36 196 37
f 36 195 196
f 37 197 38
f 37 196 197
f 38 198 39
f 38 197 198
f 39 199 40
f 39 198 199
f 40 200 41
f 40 199 200
f 41 201 42
f 41 200 201
f 42 202 43
f 42 201 202
f 43 203 44
f 43 202 203
f 44 204 45
f 44 203 204
f 45 205 46
f 45 204 205
f 46 206 47
f 46 205 206
f 47 207 48
f 47 206 207
f 48 208 49
f 48 207 208
f 49 209 50
f 49 208 209
f 50 210 51
f 50 209 210
f 51 211 52
f 51 210 211
f 52 212 53
f 52 211 212
f 53 213 54
f 53 212 213
f 54 214 55
f 54 213 214
f 55 215 56
f 55 214 215
f 56 216 57
f 56 215 216
f 57 217 58
f 57 216 217
f 58 218 59
f 58 217 218
f 59 219 60
f 59 218 219
f 60 220 61
f 60 219 220
f 61 221 62
f 61 220 221
f 62 222 63
f 62 221 222
f 63 223 64
f 63 222 223
f 64 224 65
f 64 223 224
f 65 225 66
f 65 224 225
f 66 226 67
f 66 225 226
f 67 227 68
f 67 226 227
f 68 228 69
f 68 227 228
f 69 229 70
f 69 228 229
f 70 230 71
f 70 229 230
f 71 231 72
f 71 230 231
f 72 232 73
f 72 231 232
f 73 233 74
f 73 232 233
f 74 234 75
f 74 233 234
f 75 235 76
f 75 234 235
f 76 236 77
f 76 235 236
f 77 237 78
f 77 236 237
f 78 238 79
f 78 237 238
f 79 239 80
f 79 238 239
f 80 240 81
f 80 239 240
f 81 241 82
f 81 240 241
f 82 242 83
f 82 241 242
f 83 243 84
f 83 242 243
f 84 244 85
f 84 243 244
f 85 245 86
f 85 244 245
f 86 246 87
f 86 245 246
f 87 247 88
f 87 246 247
f 88 248 89
f 88 247 248
f 89 249 90
f 89 248 249
f 90 250 91
f 90 249 250
f 91 251 92
f 91 250 251
f 92 252 93
f 92 251 252
f 93 253 94
f 93 252 253
f 94 254 95
f 94 253 254
f 95 255 96
f 95 254 255
f 96 256 97
f 96 255 256
f 97 257 98
f 97 256 257
f 98 258 99
f 98 257 258
f 99 259 100
f 99 258 259
f 100 260 101
f 100 259 260
f 101 261 102
f 101 260 261
f 102 262 103
f 102 261 262
f 103 263 104
f 103 262 263
f 104 264 105
f 104 263 264
f 105 265 106
f 105 264 265
f 106 266 107
f 106 265 266
f 107 267 108
f 107 266 267
f 108 268 109
f 108 267 268
f 109 269 110
f 109 268 269
f 110 270 111
f 110 269 270
f 111 271 112
f 111 270 271
f 112 272 113
f 112 271 272
f 113 273 114
f 113 272 273
f 114 274 115
f 114 273 274
f 115 275 116
f 115 274 275
f 116 276 117
f 116 275 276
f 117 277 118
f 117 276 277
f 118 278 119
f 118 277 278
f 119 279 120
f 119 278 279
f 120 280 121
f 120 279 280
f 121 281 122
f 121 280 281
f 122 282 123
f 122 281 282
f 123 283 124
f 123 282 283
f 124 284 125
f 124 283 284
f 125 285 126
f 125 284 285
f 126 286 127
f 126 285 286
f 127 287 128
f 127 286 287
f 128 288 129
f 128 287 288
f 129 289 130
f 129 288 289
f 130 290 131
f 130 289 290
f 131 291 132
f 131 290 291
f 132 292 133
f 132 291 292
f 133 293 134
f 133 292 293
f 134 294 135
f 134 293 294
f 135 295 136
f 135 294 295
f 136 296 137
f 136 295 296
f 137 297 138
f 137 296 297
f 138 298 139
f 138 297 298
f 139 299 140
f 139 298 299
f 140 300 141
f 140 299 300
f 141 301 142
f 141 300 301
f 142 302 143
f 142 301 302
f 143 303 144
f 143 302 303
f 144 304 145
f 144 303 304
f 145 305 146
f 145 304 305
f 146 306 147
f 146 305 306
f 147 307 148
f 147 306 307
f 148 308 149
f 148 307 308
f 149 309 150
f 149 308 309
f 150 310 151
f 150 309 310
f 151 311 152
f 151 310 311
f 152 312 153
f 152 311 312
f 153 313 154
f 153 312 313
f 154 314 155
f 154 313 314
f 155 315 156
f 155 314 315
f 156 316 157
f 156 315 316
f 157 317 158
f 157 316 317
f 158 318 159
f 158 317 318
f 160 320 161
f 160 319 320
f 161 321 162
f 161 320 321
f 162 322 163
f 162 321 322
f 163 323 164
f 163 322 323
f 164 324 165
f 164 323 324
f 165 325 166
f 165 324 325
f 166 326 167
f 166 325 326
f 167 327 168
f 167 326 327
f 168 328 169
f 168 327 328
f 169 329 170
f 169 328 329
f 170 330 171
f 170 329 330
f 171 331 172
f 171 330 331
f 172 332 173
f 172 331 332
f 173 333 174
f 173 332 333
f 174 334 175
f 174 333 334
f 175 335 176
f 175 334 335
f 176 336 177
f 176 335 336
f 177 337 178
f 177 336 337
f 178 338 179
f 178 337 338
f 179 339 180
f 179 338 339
f 180 340 181
f 180 339 340
f 181 341 182
f 181 340 341
f 182 342 183
f 182 341 342
f 183 343 184
f 183 342 343
f 184 344 185
f 184 343 344
f 185 345 186
f 185 344 345
f 186 346 187
f 186 345 346
f 187 347 188
f 187 346 347
f 188 348 189
f 188 347 348
f 189 349 190
f 189 348 349
f 190 350 191
f 190 349 350
f 191 351 192
f 191 350 351
f 192 352 193
f 192 351 352
f 193 353 194
f 193 352 353
f 194 354 195
f 194 353 354
f 195 355 196
f 195 354 355
f 196 356 197
f 196 355 356
f 197 357 198
f 197 356 357
f 198 358 199
f 198 357 358
f 199 359 200
f 199 358 359
f 200 360 201
f 200 359 360
f 201 361 202
f 201 360 361
f 202 362 203
f 202 361 362
f 203 363 204
f 203 362 363
f 204 364 205
f 204 363 364
f 205 365 206
f 205 364 365
f 206 366 207
f 206 365 366
f 207 367 208
f 207 366 367
f 208 368 209
f 208 367 368
f 209 369 210
f 209 368 369
f 210 370 211
f 210 369 370
f 211 371 212
f 211 370 371
f 212 372 213
f 212 371 372
f 213 373 214
f 213 372 373
f 214 374 215
f 214 373 374
f 215 375 216
f 215 374 375
f 216 376 217
f 216 375 376
f 217 377 218
f 217 376 377
f 218 378 219
f 218 377 378
f 219 379 220
f 219 378 379
f 220 380 221
f 220 379 380
f 221 381 222
f 221 380 381
f 222 382 223
f 222 381 382
f 223 383 224
f 223 382 383
f 224 384 225
f 224 383 384
f 225 385 226
f 225 384 385
f 226 386 227
f 226 385 386
f 227 387 228
f 227 386 387
f 228 388 229
f 228 387 388
f 229 389 230
f 229 388 389
f 230 390 231
f 230 389 390
f 231 391 232
f 231 390 391
f 232 392 233
f 232 391 392
f 233 393 234
f 233 392 393
f 234 394 235
f 234 393 394
f 235 395 236
f 235 394 395
f 236 396 237
f 236 395 396
f 237 397 238
f 237 396 397
f 238 398 239
f 238 397 398
f 239 399 240
f 239 398 399
f 240 400 241
f 240 399 400
f 241 401 242
f 241 400 401
f 242 402 243
f 242 401 402
f 243 403 244
f 243 402 403
f 244 404 245
f 244 403 404
f 245 405 246
f 245 404 405
f 246 406 247
f 246 405 406
f 247 407 248
f 247 406 407
f 248 408 249
f 248 407 408
f 249 409 250
f 249 408 409
f 250 410 251
f 250 409 410
f 251 411 252
f 251 410 411
f 252 412 253
f 252 411 412
f 253 413 254
f 253 412 413
f 254 414 255
f 254 413 414
f 255 415 256
f 255 414 415
f 256 416 257
f 256 415 416
f 257 417 258
f 257 416 417
f 258 418 259
f 258 417 418
f 259 419 260
f 259 418 419
f 260 420 261
f 260 419 420
f 261 421 262
f 261 420 421
f 262 422 263
f 262 421 422
f 263 423 264
f 263 422 423
f 264 424 265
f 264 423 424
f 265 425 266
f 265 424 425
f 266 426 267
f 266 425 426
f 267 427 268
f 267 426 427
f 268 428 269
f 268 427 428
f 269 429 270
f 269 428 429
f 270 430 271
f 270 429 430
f 271 431 272
f 271 430 431
f 272 432 273
f 272 431 432
f 273 433 274
f 273 432 433
f 274 434 275
f 274 433 434
f 275 435 276
f 275 434 435
f 276 436 277
f 276 435 436
f 277 437 278
f 277 436 437
f 278 438 279
f 278 437 438
f 279 439 280
f 279 438 439
f 280 440 281
f 280 439 440
f 281 441 282
f 281 440 441
f 282 442 283
f 282 441 442
f 283 443 284
f 283 442 443
f 284 444 285
f 284 443 444
f 285 445 286
f 285 444 445
f 286 446 287
f 286 445 446
f 287 447 288
f 287 446 447
f 288 448 289
f 288 447 448
f 289 449 290
f 289 448 449
f 290 450 291
f 290 449 450
f 291 451 292
f 291 450 451
f 292 452 293
f 292 451 452
f 293 453 294
f 293 452 453
f 294 454 295
f 294 453 454
f 295 455 296
f 295 454 455
f 296 456 297
f 296 455 456
f 297 457 298
f 297 456 457
f 298 458 299
f 298 457 458
f 299 459 300
f 299 458 459
f 300 460 301
f 300 459 460
f 301 461 302
f 301 460 461
f 302 462 303
f 302 461 462
f 303 463 304
f 303 462 463
f 304 464 305
f 304 463 464
f 305 465 306
f 305 464 465
f 306 466 307
f 306 465 466
f 307 467 308
f 307 466 467
f 308 468 309
f 308 467 468
f 309 469 310
f 309 468 469
f 310 470 311
f 310 469 470
f 311 471 312
f 311 470 471
f 312 472 313
f 312 471 472
f 313 473 314
f 313 472 473
f 314 474 315
f 314 473 474
f 315 475 316
f 315 474 475
f 316 476 317
f 316 475 476
f 317 477 318
f 317 476 477
f 319 479 320
f 319 478 479
f 320 480 321
f 320 479 480
f 321 481 322
f 321 480 481
f 322 482 323
f 322 481 482
f 323 483 324
f 323 482 483
f 324 484 325
f 324 483 484
f 325 485 326
f 325 484 485
f 326 486 327
f 326 485 486
f 327 487 328
f 327 486 487
f 328 488 329
f 328 487 488
f 329 489 330
f 329 488 489
f 330 490 331
f 330 489 490
f 331 491 332
f 331 490 491
f 332 492 333
f 332 491 492
f 333 493 334
f 333 492 493
f 334 494 335
f 334 493 494
f 335 495 336
f 335 494 495
f 336 496 337
f 336 495 496
f 337 497 338
f 337 496 497
f 338 498 339
f 338 497 498
f 339 499 340
f 339 498 499
f 340 500 341
f 340 499 500
f 341 501 342
f 341 500 501
f 342 502 343
f 342 501 502
f 343 503 344
f 343 502 503
f 344 504 345
f 344 503 504
f 345 505 346
f 345 504 505
f 346 506 347
f 346 505 506
f 347 507 348
f 347 506 507
f 348 508 349
f 348 507 508
f 349 509 350
f 349 508 509
f 350 510 351
f 350 509 510
f 351 511 352
f 351 510 511
f 352 512 353
f 352 511 512
f 353 513 354
f 353 512 513
f 354 514 355
f 354 513 514
f 355 515 356
f 355 514 515
f 356 516 357
f 356 515 516
f 357 517 358
f 357 516 517
f 358 518 359
f 358 517 518
f 359 519 360
f 359 518 519
f 360 520 361
f 360 519 520
f 361 521 362
f 361 520 521
f 362 522 363
f 362 521 522
f 363 523 364
f 363 522 523
f 364 524 365
f 364 523 524
f 365 525 366
f 365 524 525
f 366 526 367
f 366 525 526
f 367 527 368
f 367 526 527
f 368 528 369
f 368 527 528
f 369 529 370
f 369 528 529
f 370 530 371
f 370 529 530
f 371 531 372
f 371 530 531
f 372 532 373
f 372 531 532
f 373 533 374
f 373 532 533
f 374 534 375
f 374 533 534
f 375 535 376
f 375 534 535
f 376 536 377
f 376 535 536
f 377 537 378
f 377 536 537
f 378 538 379
f 378 537 538
f 379 539 380
f 379 538 539
f 380 540 381
f 380 539 540
f 381 541 382
f 381 540 541
f 382 542 383
f 382 541 542
f 383 543 384
f 383 542 543
f 384 544 385
f 384 543 544
f 385 545 386
f 385 544 545
f 386 546 387
f 386 545 546
f 387 547 388
f 387 546 547
f 388 548 389
f 388 547 548
f 389 549 390
f 389 548 549
f 390 550 391
f 390 549 550
f 391 551 392
f 391 550 551
f 392 552 393
f 392 551 552
f 393 553 394
f 393 552 553
f 394 554 395
f 394 553 554
f 395 555 396
f 395 554 555
f 396 556 397
f 396 555 556
f 397 557 398
f 397 556 557
f 398 558 399
f 398 557 558
f 399 559 400
f 399 558 559
f 400 560 401
f 400 559 560
f 401 561 402
f 401 560 561
f 402 562 403
f 402 561 562
f 403 563 404
f 403 562 563
f 404 564 405
f 404 563 564
f 405 565 406
f 405 564 565
f 406 566 407
f 406 565 566
f 407 567 408
f 407 566 567
f 408 568 409
f 408 567 568
f 409 569 410
f 409 568 569
f 410 570 411
f 410 569 570
f 411 571 412
f 411 570 571
f 412 572 413
f 412 571 572
f 413 573 414
f 413 572 573
f 414 574 415
f 414 573 574
f 415 575 416
f 415 574 575
f 416 576 417
f 416 575 576
f 417 577 418
f 417 576 577
f 418 578 419
f 418 577 578
f 419 579 420
f 419 578 579
f 420 580 421
f 420 579 580
f 421 581 422
f 421 580 581
f 422 582 423
f 422 581 582
f 423 583 424
f 423 582 583
f 424 584 425
f 424 583 584
f 425 585 426
f 425 584 585
f 426 586 427
f 426 585 586
f 427 587 428
f 427 586 587
f 428 588 429
f 428 587 588
f 429 589 430
f 429 588 589
f 430 590 431
f 430 589 590
f 431 591 432
f 431 590 591
f 432 592 433
f 432 591 592
f 433 593 434
f 433 592 593
f 434 594 435
f 434 593 594
f 435 595 436
f 435 594 595
f 436 596 437
f 436 595 596
f 437 597 438
f 437 596 597
f 438 598 439
f 438 597 598
f 439 599 440
f 439 598 599
f 440 600 441
f 440 599 600
f 441 601 442
f 441 600 601
f 442 602 443
f 442 601 602
f 443 603 444
f 443 602 603
f 444 604 445
f 444 603 604
f 445 605 446
f 445 604 605
f 446 606 447
f 446 605 606
f 447 607 448
f 447 606 607
f 448 608 449
f 448 607 608
f 449 609 450
f 449 608 609
f 450 610 451
f 450 609 610
f 451 611 452
f 451 610 611
f 452 612 453
f 452 611 612
f 453 613 454
f 453 612 613
f 454 614 455
f 454 613 614
f 455 615 456
f 455 614 615
f 456 616 457
f 456 615 616
f 457 617 458
f 457 616 617
f 458 618 459
f 458 617 618
f 459 619 460
f 459 618 619
f 460 620 461
f 460 619 620
f 461 621 462
f 461 620 621
f 462 622 463
f 462 621 622
f 463 623 464
f 463 622 623
f 464 624 465
f 464 623 624
f 465 625 466
f 465 624 625
f 466 626 467
f 466 625 626
f 467 627 468
f 467 626 627
f 468 628 469
f 468 627 628
f 469 629 470
f 469 628 629
f 470 630 471
f 470 629 630
f 471 631 472
f 471 630 631
f 472 632 473
f 472 631 632
f 473 633 474
f 473 632 633
f 474 634 475
f 474 633 634
f 475 635 476
f 475 634 635
f 476 636 477
f 476 635 636
f 478 638 479
f 478 637 638
f 479 639 480
f 479 638 639
f 480 640 481
f 480 639 640
f 481 641 482
f 481 640 641
f 482 642 483
f 482 641 642
f 483 643 484
f 483 642 643
f 484 644 485
f 484 643 644
f 485 645 486
f 485 644 645
f 486 646 487
f 486 645 646
f 487 647 488
f 487 646 647
f 488 648 489
f 488 647 648
f 489 649 490
f 489 648 649
f 490 650 491
f 490 649 650
f 491 651 492
f 491 650 651
f 492 652 493
f 492 651 652
f 493 653 494
f 493 652 653
f 494 654 495
f 494 653 654
f 495 655 496
f 495 654 655
f 496 656 497
f 496 655 656
f 497 657 498
f 497 656 657
f 498 658 499
f 498 657 658
f 499 659 500
f 499 658 659
f 500 660 501
f 500 659 660
f 501 661 502
f 501 660 661
f 502 662 503
f 502 661 662
f 503 663 504
f 503 662 663
f 504 664 505
f 504 663 664
f 505 665 506
f 505 664 665
f 506 666 507
f 506 665 666
f 507 667 508
f 507 666 667
f 508 668 509
f 508 667 668
f 509 669 510
f 509 668 669
f 510 670 511
f 510 669 670
f 511 671 512
f 511 670 671
f 512 672 513
f 512 671 672
f 513 673 514
f 513 672 673
f 514 674 515
f 514 673 674
f 515 675 516
f 515 674 675
f 516 676 517
f 516 675 676
f 517 677 518
f 517 676 677
f 518 678 519
f 518 677 678
f 519 679 520
f 519 678 679
f 520 680 521
f 520 679 680
f 521 681 522
f 521 680 681
f 522 682 523
f 522 681 682
f 523 683 524
f 523 682 683
f 524 684 525
f 524 683 684
f 525 685 526
f 525 684 685
f 526 686 527
f 526 685 686
f 527 687 528
f 527 686 687
f 528 688 529
f 528 687 688
f 529 689 530
f 529 688 689
f 530 690 531
f 530 689 690
f 531 691 532
f 531 690 691
f 532 692 533
f 532 691 692
f 533 693 534
f 533 692 693
f 534 694 535
f 534 693 694
f 535 695 536
f 535 694 695
f 536 696 537
f 536 695 696
f 537 697 538
f 537 696 697
f 538 698 539
f 538 697 698
f 539 699 540
f 539 698 699
f 540 700 541
f 540 699 700
f 541 701 542
f 541 700 701
f 542 702 543
f 542 701 702
f 543 703 544
f 543 702 703
f 544 704 545
f 544 703 704
f 545 705 546
f 545 704 705
f 546 706 547
f 546 705 706
f 547 707 548
f 547 706 707
f 548 708 549
f 548 707 708
f 549 709 550
f 549 708 709
f 550 710 551
f 550 709 710
f 551 711 552
f 551 710 711
f 552 712 553
f 552 711 712
f 553 713 554
f 553 712 713
f 554 714 555
f 554 713 714
f 555 715 556
f 555 714 715
f 556 716 557
f 556 715 716
f 557 717 558
f 557 716 717
f 558 718 559
f 558 717 718
f 559 719 560
f 559 718 719
f 560 720 561
f 560 719 720
f 561 721 562
f 561 720 721
f 562 722 563
f 562 721 722
f 563 723 564
f 563 722 723
f 564 724 565
f 564 723 724
f 565 725 566
f 565 724 725
f 566 726 567
f 566 725 726
f 567 727 568
f 567 726 727
f 568 728 569
f 568 727 728
f 569 729 570
f 569 728 729
f 570 730 571
f 570 729 730
f 571 731 572
f 571 730 731
f 572 732 573
f 572 731 732
f 573 733 574
f 573 732 733
f 574 734 575
f 574 733 734
f 575 735 576
f 575 734 735
f 576 736 577
f 576 735 736
f 577 737 578
f 577 736 737
f 578 738 579
f 578 737 738
f 579 739 580
f 579 738 739
f 580 740 581
f 580 739 740
f 581 741 582
f 581 740 741
f 582 742 583
f 582 741 742
f 583 743 584
f 583 742 743
f 584 744 585
f 584 743 744
f 585 745 586
f 585 744 745
f 586 746 587
f 586 745 746
f 587 747 588
f 587 746 747
f 588 748 589
f 588 747 748
f 589 749 590
f 589 748 749
f 590 750 591
f 590 749 750
f 591 751 592
f 591 750 751
f 592 752 593
f 592 751 752
f 593 753 594
f 593 752 753
f 594 754 595
f 594 753 754
f 595 755 596
f 595 754 755
f 596 756 597
f 596 755 756
f 597 757 598
f 597 756 757
f 598 758 599
f 598 757 758
f 599 759 600
f 599 758 759
f 600 760 601
f 600 759 760
f 601 761 602
f 601 760 761
f 602 762 603
f 602 761 762
f 603 763 604
f 603 762 763
f 604 764 605
f 604 763 764
f 605 765 606
f 605 764 765
f 606 766 607
f 606 765 766
f 607 767 608
f 607 766 767
f 608 768 609
f 608 767 768
f 609 769 610
f 609 768 769
f 610 770 611
f 610 769 770
f 611 771 612
f 611 770 771
f 612 772 613
f 612 771 772
f 613 773 614
f 613 772 773
f 614 774 615
f 614 773 774
f 615 775 616
f 615 774 775
f 616 776 617
f 616 775 776
f 617 777 618
f 617 776 777
f 618 778 619
f 618 777 778
f 619 779 620
f 619 778 779
f 620 780 621
f 620 779 780
f 621 781 622
f 621 780 781
f 622 782 623
f 622 781 782
f 623 783 624
f 623 782 783
f 624 784 625
f 624 783 784
f 625 785 626
f 625 784 785
f 626 786 627
f 626 785 786
f 627 787 628
f 627 786 787
f 628 788 629
f 628 787 788
f 629 789 630
f 629 788 789
f 630 790 631
f 630 789 790
f 631 791 632
f 631 790 791
f 632 792 633
f 632 791 792
f 633 793 634
f 633 792 793
f 634 794 635
f 634 793 794
f 635 795 636
f 635 794 795
f 637 797 638
f 637 796 797
f 638 798 639
f 638 797 798
f 639 799 640
f 639 798 799
f 640 800 641
f 640 799 800
f 641 801 642
f 641 800 801
f 642 802 643
f 642 801 802
f 643 803 644
f 643 802 803
f 644 804 645
f 644 803 804
f 645 805 646
f 645 804 805
f 646 806 647
f 646 805 806
f 647 807 648
f 647 806 807
f 648 808 649
f 648 807 808
f 649 809 650
f 649 808 809
f 650 810 651
f 650 809 810
f 651 811 652
f 651 810 811
f 652 812 653
f 652 811 812
f 653 813 654
f 653 812 813
f 654 814 655
f 654 813 814
f 655 815 656
f 655 814 815
f 656 816 657
f 656 815 816
f 657 817 658
f 657 816 817
f 658 818 659
f 658 817 818
f 659 819 660
f 659 818 819
f 660 820 661
f 660 819 820
f 661 821 662
f 661 820 821
f 662 822 663
f 662 821 822
f 663 823 664
f 663 822 823
f 664 824 665
f 664 823 824
f 665 825 666
f 665 824 825
f 666 826 667
f 666 825 826
f 667 827 668
f 667 826 827
f 668 828 669
f 668 827 828
f 669 829 670
f 669 828 829
f 670 830 671
f 670 829 830
f 671 831 672
f 671 830 831
f 672 832 673
f 672 831 832
f 673 833 674
f 673 832 833
f 674 834 675
f 674 833 834
f 675 835 676
f 675 834 835
f 676 836 677
f 676 835 836
f 677 837 678
f 677 836 837
f 678 838 679
f 678 837 838
f 679 839 680
f 679 838 839
f 680 840 681
f 680 839 840
f 681 841 682
f 681 840 841
f 682 842 683
f 682 841 842
f 683 843 684
f 683 842 843
f 684 844 685
f 684 843 844
f 685 845 686
f 685 844 845
f 686 846 687
f 686 845 846
f 687 847 688
f 687 846 847
f 688 848 689
f 688 847 848
f 689 849 690
f 689 848 849
f 690 850 691
f 690 849 850
f 691 851 692
f 691 850 851
f 692 852 693
f 692 851 852
f 693 853 694
f 693 852 853
f 694 854 695
f 694 853 854
f 695 855 696
f 695 854 855
f 696 856 697
f 696 855 856
f 697 857 698
f 697 856 857
f 698 858 699
f 698 857 858
f 699 859 700
f 699 858 859
f 700 860 701
f 700 859 860
f 701 861 702
f 701 860 861
f 702 862 703
f 702 861 862
f 703 863 704
f 703 862 863
f 704 864 705
f 704 863 864
f 705 865 706
f 705 864 865
f 706 866 707
f 706 865 866
f 707 867 708
f 707 866 867
f 708 868 709
f 708 867 868
f 709 869 710
f 709 868 869
f 710 870 711
f 710 869 870
f 711 871 712
f 711 870 871
f 712 872 713
f 712 871 872
f 713 873 714
f 713 872 873
f 714 874 715
f 714 873 874
f 715 875 716
f 715 874 875
f 716 876 717
f 716 875 876
f 717 877 718
f 717 876 877
f 718 878 719
f 718 877 878
f 719 879 720
f 719 878 879
f 720 880 721
f 720 879 880
f 721 881 722
f 721 880 881
f 722 882 723
f 722 881 882
f 723 883 724
f 723 882 883
f 724 884 725
f 724 883 884
f 725 885 726
f 725 884 885
f 726 886 727
f 726 885 886
f 727 887 728
f 727 886 887
f 728 888 729
f 728 887 888
f 729 889 730
f 729 888 889
f 730 890 731
f 730 889 890
f 731 891 732
f 731 890 891
f 732 892 733
f 732 891 892
f 733 893 734
f 733 892 893
f 734 894 735
f 734 893 894
f 735 895 736
f 735 894 895
f 736 896 737
f 736 895 896
f 737 897 738
f 737 896 897
f 738 898 739
f 738 897 898
f 739 899 740
f 739 898 899
f 740 900 741
f 740 899 900
f 741 901 742
f 741 900 901
f 742 902 743
f 742 901 902
f 743 903 744
f 743 902 903
f 744 904 745
f 744 903 904
f 745 905 746
f 745 904 905
f 746 906 747
f 746 905 906
f 747 907 748
f 747 906 907
f 748 908 749
f 748 907 908
f 749 909 750
f 749 908 909
f 750 910 751
f 750 909 910
f 751 911 752
f 751 910 911
f 752 912 753
f 752 911 912
f 753 913 754
f 753 912 913
f 754 914 755
f 754 913 914
f 755 915 756
f 755 914 915
f 756 916 757
f 756 915 916
f 757 917 758
f 757 916 917
f 758 918 759
f 758 917 918
f 759 919 760
f 759 918 919
f 760 920 761
f 760 919 920
f 761 921 762
f 761 920 921
f 762 922 763
f 762 921 922
f 763 923 764
f 763 922 923
f 764 924 765
f 764 923 924
f 765 925 766
f 765 924 925
f 766 926 767
f 766 925 926
f 767 927 768
f 767 926 927
f 768 928 769
f 768 927 928
f 769 929 770
f 769 928 929
f 770 930 771
f 770 929 930
f 771 931 772
f 771 930 931
f 772 932 773
f 772 931 932
f 773 933 774
f 773 932 933
f 774 934 775
f 774 933 934
f 775 935 776
f 775 934 935
f 776 936 777
f 776 935 936
f 777 937 778
f 777 936 937
f 778 938 779
f 778 937 938
f 779 939 780
f 779 938 939
f 780 940 781
f 780 939 940
f 781 941 782
f 781 940 941
f 782 942 783
f 782 941 942
f 783 943 784
f 783 942 943
f 784 944 785
f 784 943 944
f 785 945 786
f 785 944 945
f 786 946 787
f 786 945 946
f 787 947 788
f 787 946 947
f 788 948 789
f 788 947 948
f 789 949 790
f 789 948 949
f 790 950 791
f 790 949 950
f 791 951 792
f 791 950 951
f 792 952 793
f 792 951 952
f 793 953 794
f 793 952 953
f 794 954 795
f 794 953 954
f 796 956 797
f 796 955 956
f 797 957 798
f 797 956 957
f 798 958 799
f 798 957 958
f 799 959 800
f 799 958 959
f 800 960 801
f 800 959 960
f 801 961 802
f 801 960 961
f 802 962 803
f 802 961 962
f 803 963 804
f 803 962 963
f 804 964 805
f 804 963 964
f 805 965 806
f 805 964 965
f 806 966 807
f 806 965 966
f 807 967 808
f 807 966 967
f 808 968 809
f 808 967 968
f 809 969 810
f 809 968 969
f 810 970 811
f 810 969 970
f 811 971 812
f 811 970 971
f 812 972 813
f 812 971 972
f 813 973 814
f 813 972 973
f 814 974 815
f 814 973 974
f 815 975 816
f 815 974 975
f 816 976 817
f 816 975 976
f 817 977 818
f 817 976 977
f 818 978 819
f 818 977 978
f 819 979 820
f 819 978 979
f 820 980 821
f 820 979 980
f 821 981 822
f 821 980 981
f 822 982 823
f 822 981 982
f 823 983 824
f 823 982 983
f 824 984 825
f 824 983 984
f 825 985 826
f 825 984 985
f 826 986 827
f 826 985 986
f 827 987 828
f 827 986 987
f 828 988 829
f 828 987 988
f 829 989 830
f 829 988 989
f 830 990 831
f 830 989 990
f 831 991 832
f 831 990 991
f 832 992 833
f 832 991 992
f 833 993 834
f 833 992 993
f 834 994 835
f 834 993 994
f 835 995 836
f 835 994 995
f 836 996 837
f 836 995 996
f 837 997 838
f 837 996 997
f 838 998 839
f 838 997 998
f 839 999 840
f 839 998 999
f 840 1000 841
f 840 999 1000
f 841 1001 842
f 841 1000 1001
f 842 1002 843
f 842 1001 1002
f 843 1003 844
f 843 1002 1003
f 844 1004 845
f 844 1003 1004
f 845 1005 846
f 845 1004 1005
f 846 1006 847
f 846 1005 1006
f 847 1007 848
f 847 1006 1007
f 848 1008 849
f 848 1007 1008
f 849 1009 850
f 849 1008 1009
f 850 1010 851
f 850 1009 1010
f 851 1011 852
f 851 1010 1011
f 852 1012 853
f 852 1011 1012
f 853 1013 854
f 853 1012 1013
f 854 1014 855
f 854 1013 1014
f 855 1015 856
f 855 1014 1015
f 856 1016 857
f 856 1015 1016
f 857 1017 858
f 857 1016 1017
f 858 1018 859
f 858 1017 1018
f 859 1019 860
f 859 1018 1019
f 860 1020 861
f 860 1019 1020
f 861 1021 862
f 861 1020 1021
f 862 1022 863
f 862 1021 1022
f 863 1023 864
f 863 1022 1023
f 864 1024 865
f 864 1023 1024
f 865 1025 866
f 865 1024 1025
f 866 1026 867
f 866 1025 1026
f 867 1027 868
f 867 1026 1027
f 868 1028 869
f 868 1027 1028
f 869 1029 870
f 869 1028 1029
f 870 1030 871
f 870 1029 1030
f 871 1031 872
f 871 1030 1031
f 872 1032 873
f 872 1031 1032
f 873 1033 874
f 873 1032 1033
f 874 1034 875
f 874 1033 1034
f 875 1035 876
f 875 1034 1035
f 876 1036 877
f 876 1035 1036
f 877 1037 878
f 877 1036 1037
f 878 1038 879
f 878 1037 1038
f 879 1039 880
f 879 1038 1039
f 880 1040 881
f 880 1039 1040
f 881 1041 882
f 881 1040 1041
f 882 1042 883
f 882 1041 1042
f 883 1043 884
f 883 1042 1043
f 884 1044 885
f 884 1043 1044
f 885 1045 886
f 885 1044 1045
f 886 1046 887
f 886 1045 1046
f 887 1047 888
f 887 1046 1047
f 888 1048 889
f 888 1047 1048
f 889 1049 890
f 889 1048 1049
f 890 1050 891
f 890 1049 1050
f 891 1051 892
f 891 1050 1051
f 892 1052 893
f 892 1051 1052
f 893 1053 894
f 893 1052 1053
f 894 1054 895
f 894 1053 1054
f 895 1055 896
f 895 1054 1055
f 896 1056 897
f 896 1055 1056
f 897 1057 898
f 897 1056 1057
f 898 1058 899
f 898 1057 1058
f 899 1059 900
f 899 1058 1059
f 900 1060 901
f 900 1059 1060
f 901 1061 902
f 901 1060 1061
f 902 1062 903
f 902 1061 1062
f 903 1063 904
f 903 1062 1063
f 904 1064 905
f 904 1063 1064
f 905 1065 906
f 905 1064 1065
f 906 1066 907
f 906 1065 1066
f 907 1067 908
f 907 1066 1067
f 908 1068 909
f 908 1067 1068
f 909 1069 910
f 909 1068 1069
f 910 1070 911
f 910 1069 1070
f 911 1071 912
f 911 1070 1071
f 912 1072 913
f 912 1071 1072
f 913 1073 914
f 913 1072 1073
f 914 1074 915
f 914 1073 1074
f 915 1075 916
f 915 1074 1075
f 916 1076 917
f 916 1075 1076
f 917 1077 918
f 917 1076 1077
f 918 1078 919
f 918 1077 1078
f 919 1079 920
f 919 1078 1079
f 920 1080 921
f 920 1079 1080
f 921 1081 922
f 921 1080 1081
f 922 1082 923
f 922 1081 1082
f 923 1083 924
f 923 1082 1083
f 924 1084 925
f 924 1083 1084
f 925 1085 926
f 925 1084 1085
f 926 1086 927
f 926 1085 1086
f 927 1087 928
f 927 1086 1087
f 928 1088 929
f 928 1087 1088
f 929 1089 930
f 929 1088 1089
f 930 1090 931
f 930 1089 1090
f 931 1091 932
f 931 1090 1091
f 932 1092 933
f 932 1091 1092
f 933 1093 934
f 933 1092 1093
f 934 1094 935
f 934 1093 1094
f 935 1095 936
f 935 1094 1095
f 936 1096 937
f 936 1095 1096
f 937 1097 938
f 937 1096 1097
f 938 1098 939
f 938 1097 1098
f 939 1099 940
f 939 1098 1099
f 940 1100 941
f 940 1099 1100
f 941 1101 942
f 941 1100 1101
f 942 1102 943
f 942 1101 1102
f 943 1103 944
f 943 1102 1103
f 944 1104 945
f 944 1103 1104
f 945 1105 946
f 945 1104 1105
f 946 1106 947
f 946 1105 1106
f 947 1107 948
f 947 1106 1107
f 948 1108 949
f 948 1107 1108
f 949 1109 950
f 949 1108 1109
f 950 1110 951
f 950 1109 1110
f 951 1111 952
f 951 1110 1111
f 952 1112 953
f 952 1111 1112
f 953 1113 954
f 953 1112 1113
f 955 1115 956
f 955 1114 1115
f 956 1116 957
f 956 1115 1116
f 957 1117 958
f 957 1116 1117
f 958 1118 959
f 958 1117 1118
f 959 1119 960
f 959 1118 1119
f 960 1120 961
f 960 1119 1120
f 961 1121 962
f 961 1120 1121
f 962 1122 963
f 962 1121 1122
f 963 1123 964
f 963 1122 1123
f 964 1124 965
f 964 1123 1124
f 965 1125 966
f 965 1124 1125
f 966 1126 967
f 966 1125 1126
f 967 1127 968
f 967 1126 1127
f 968 1128 969
f 968 1127 1128
f 969 1129 970
f 969 1128 1129
f 970 1130 971
f 970 1129 1130
f 971 1131 972
f 971 1130 1131
f 972 1132 973
f 972 1131 1132
f 973 1133 974
f 973 1132 1133
f 974 1134 975
f 974 1133 1134
f 975 1135 976
f 975 1134 1135
f 976 1136 977
f 976 1135 1136
f 977 1137 978
f 977 1136 1137
f 978 1138 979
f 978 1137 1138
f 979 1139 980
f 979 1138 1139
f 980 1140 981
f 980 1139 1140
f 981 1141 982
f 981 1140 1141
f 982 1142 983
f 982 1141 1142
f 983 1143 984
f 983 1142 1143
f 984 1144 985
f 984 1143 1144
f 985 1145 986
f 985 1144 1145
f 986 1146 987
f 986 1145 1146
f 987 1147 988
f 987 1146 1147
f 988 1148 989
f 988 1147 1148
f 989 1149 990
f 989 1148 1149
f 990 1150 991
f 990 1149 1150
f 991 1151 992
f 991 1150 1151
f 992 1152 993
f 992 1151 1152
f 993 1153 994
f 993 1152 1153
f 994 1154 995
f 994 1153 1154
f 995 1155 996
f 995 1154 1155
f 996 1156 997
f 996 1155 1156
f 997 1157 998
f 997 1156 1157
f 998 1158 999
f 998 1157 1158
f 999 1159 1000
f 999 1158 1159
f 1000 1160 1001
f 1000 1159 1160
f 1001 1161 1002
f 1001 1160 1161
f 1002 1162 1003
f 1002 1161 1162
f 1003 1163 1004
f 1003 1162 1163
f 1004 1164 1005
f 1004 1163 1164
f 1005 1165 1006
f 1005 1164 1165
f 1006 1166 1007
f 1006 1165 1166
f 1007 1167 1008
f 1007 1166 1167
f 1008 1168 1009
f 1008 1167 1168
f 1009 1169 1010
f 1009 1168 1169
f 1010 1170 1011
f 1010 1169 1170
f 1011 1171 1012
f 1011 1170 1171
f 1012 1172 1013
f 1012 1171 1172
f 1013 1173 1014
f 1013 1172 1173
f 1014 1174 1015
f 1014 1173 1174
f 1015 1175 1016
f 1015 1174 1175
f 1016 1176 1017
f 1016 1175 1176
f 1017 1177 1018
f 1017 1176 1177
f 1018 1178 1019
f 1018 1177 1178
f 1019 1179 1020
f 1019 1178 1179
f 1020 1180 1021
f 1020 1179 1180
f 1021 1181 1022
f 1021 1180 1181
f 1022 1182 1023
f 1022 1181 1182
f 1023 1183 1024
f 1023 1182 1183
f 1024 1184 1025
f 1024 1183 1184
f 1025 1185 1026
f 1025 1184 1185
f 1026 1186 1027
f 1026 1185 1186
f 1027 1187 1028
f 1027 1186 1187
f 1028 1188 1029
f 1028 1187 1188
f 1029 1189 1030
f 1029 1188 1189
f 1030 1190 1031
f 1030 1189 1190
f 1031 1191 1032
f 1031 1190 1191
f 1032 1192 1033
f 1032 1191 1192
f 1033 1193 1034
f 1033 1192 1193
f 1034 1194 1035
f 1034 1193 1194
f 1035 1195 1036
f 1035 1194 1195
f 1036 1196 1037
f 1036 1195 1196
f 1037 1197 1038
f 1037 1196 1197
f 1038 1198 1039
f 1038 1197 1198
f 1039 1199 1040
f 1039 1198 1199
f 1040 1200 1041
f 1040 1199 1200
f 1041 1201 1042
f 1041 1200 1201
f 1042 1202 1043
f 1042 1201 1202
f 1043 1203 1044
f 1043 1202 1203
f 1044 1204 1045
f 1044 1203 1204
f 1045 1205 1046
f 1045 1204 1205
f 1046 1206 1047
f 1046 1205 1206
f 1047 1207 1048
f 1047 1206 1207
f 1048 1208 1049
f 1048 1207 1208
f 1049 1209 1050
f 1049 1208 1209
f 1050 1210 1051
f 1050 1209 1210
f 1051 1211 1052
f 1051 1210 1211
f 1052 1212 1053
f 1052 1211 1212
f 1053 1213 1054
f 1053 1212 1213
f 1054 1214 1055
f 1054 1213 1214
f 1055 1215 1056
f 1055 1214 1215
f 1056 1216 1057
f 1056 1215 1216
f 1057 1217 1058
f 1057 1216 1217
f 1058 1218 1059
f 1058 1217 1218
f 1059 1219 1060
f 1059 1218 1219
f 1060 1220 1061
f 1060 1219 1220
f 1061 1221 1062
f 1061 1220 1221
f 1062 1222 1063
f 1062 1221 1222
f 1063 1223 1064
f 1063 1222 1223
f 1064 1224 1065
f 1064 1223 1224
f 1065 1225 1066
f 1065 1224 1225
f 1066 1226 1067
f 1066 1225 1226
f 1067 1227 1068
f 1067 1226 1227
f 1068 1228 1069
f 1068 1227 1228
f 1069 1229 1070
f 1069 1228 1229
f 1070 1230 1071
f 1070 1229 1230
f 1071 1231 1072
f 1071 1230 1231
f 1072 1232 1073
f 1072 1231 1232
f 1073 1233 1074
f 1073 1232 1233
f 1074 1234 1075
f 1074 1233 1234
f 1075 1235 1076
f 1075 1234 1235
f 1076 1236 1077
f 1076 1235 1236
f 1077 1237 1078
f 1077 1236 1237
f 1078 1238 1079
f 1078 1237 1238
f 1079 1239 1080
f 1079 1238 1239
f 1080 1240 1081
f 1080 1239 1240
f 1081 1241 1082
f 1081 1240 1241
f 1082 1242 1083
f 1082 1241 1242
f 1083 1243 1084
f 1083 1242 1243
f 1084 1244 1085
f 1084 1243 1244
f 1085 1245 1086
f 1085 1244 1245
f 1086 1246 1087
f 1086 1245 1246
f 1087 1247 1088
f 1087 1246 1247
f 1088 1248 1089
f 1088 1247 1248
f 1089 1249 1090
f 1089 1248 1249
f 1090 1250 1091
f 1090 1249 1250
f 1091 1251 1092
f 1091 1250 1251
f 1092 1252 1093
f 1092 1251 1252
f 1093 1253 1094
f 1093 1252 1253
f 1094 1254 1095
f 1094 1253 1254
f 1095 1255 1096
f 1095 1254 1255
f 1096 1256 1097
f 1096 1255 1256
f 1097 1257 1098
f 1097 1256 1257
f 1098 1258 1099
f 1098 1257 1258
f 1099 1259 1100
f 1099 1258 1259
f 1100 1260 1101
f 1100 1259 1260
f 1101 1261 1102
f 1101 1260 1261
f 1102 1262 1103
f 1102 1261 1262
f 1103 1263 1104
f 1103 1262 1263
f 1104 1264 1105
f 1104 1263 1264
f 1105 1265 1106
f 1105 1264 1265
f 1106 1266 1107
f 1106 1265 1266
f 1107 1267 1108
f 1107 1266 1267
f 1108 1268 1109
f 1108 1267 1268
f 1109 1269 1110
f 1109 1268 1269
f 1110 1270 1111
f 1110 1269 1270
f 1111 1271 1112
f 1111 1270 1271
f 1112 1272 1113
f 1112 1271 1272
f 1114 1274 1115
f 1114 1273 1274
f 1115 1275 1116
f 1115 1274 1275
f 1116 1276 1117
f 1116 1275 1276
f 1117 1277 1118
f 1117 1276 1277
f 1118 1278 1119
f 1118 1277 1278
f 1119 1279 1120
f 1119 1278 1279
f 1120 1280 1121
f 1120 1279 1280
f 1121 1281 1122
f 1121 1280 1281
f 1122 1282 1123
f 1122 1281 1282
f 1123 1283 1124
f 1123 1282 1283
f 1124 1284 1125
f 1124 1283 1284
f 1125 1285 1126
f 1125 1284 1285
f 1126 1286 1127
f 1126 1285 1286
f 1127 1287 1128
f 1127 1286 1287
f 1128 1288 1129
f 1128 1287 1288
f 1129 1289 1130
f 1129 1288 1289
f 1130 1290 1131
f 1130 1289 1290
f 1131 1291 1132
f 1131 1290 1291
f 1132 1292 1133
f 1132 1291 1292
f 1133 1293 1134
f 1133 1292 1293
f 1134 1294 1135
f 1134 1293 1294
f 1135 1295 1136
f 1135 1294 1295
f 1136 1296 1137
f 1136 1295 1296
f 1137 1297 1138
f 1137 1296 1297
f 1138 1298 1139
f 1138 1297 1298
f 1139 1299 1140
f 1139 1298 1299
f 1140 1300 1141
f 1140 1299 1300
f 1141 1301 1142
f 1141 1300 1301
f 1142 1302 1143
f 1142 1301 1302
f 1143 1303 1144
f 1143 1302 1303
f 1144 1304 1145
f 1144 1303 1304
f 1145 1305 1146
f 1145 1304 1305
f 1146 1306 1147
f 1146 1305 1306
f 1147 1307 1148
f 1147 1306 1307
f 1148 1308 1149
f 1148 1307 1308
f 1149 1309 1150
f 1149 1308 1309
f 1150 1310 1151
f 1150 1309 1310
f 1151 1311 1152
f 1151 1310 1311
f 1152 1312 1153
f 1152 1311 1312
f 1153 1313 1154
f 1153 1312 1313
f 1154 1314 1155
f 1154 1313 1314
f 1155 1315 1156
f 1155 1314 1315
f 1156 1316 1157
f 1156 1315 1316
f 1157 1317 1158
f 1157 1316 1317
f 1158 1318 1159
f 1158 1317 1318
f 1159 1319 1160
f 1159 1318 1319
f 1160 1320 1161
f 1160 1319 1320
f 1161 1321 1162
f 1161 1320 1321
f 1162 1322 1163
f 1162 1321 1322
f 1163 1323 1164
f 1163 1322 1323
f 1164 1324 1165
f 1164 1323 1324
f 1165 1325 1166
f 1165 1324 1325
f 1166 1326 1167
f 1166 1325 1326
f 1167 1327 1168
f 1167 1326 1327
f 1168 1328 1169
f 1168 1327 1328
f 1169 1329 1170
f 1169 1328 1329
f 1170 1330 1171
f 1170 1329 1330
f 1171 1331 1172
f 1171 1330 1331
f 1172 1332 1173
f 1172 1331 1332
f 1173 1333 1174
f 1173 1332 1333
f 1174 1334 1175
f 1174 1333 1334
f 1175 1335 1176
f 1175 1334 1335
f 1176 1336 1177
f 1176 1335 1336
f 1177 1337 1178
f 1177 1336 1337
f 1178 1338 1179
f 1178 1337 1338
f 1179 1339 1180
f 1179 1338 1339
f 1180 1340 1181
f 1180 1339 1340
f 1181 1341 1182
f 1181 1340 1341
f 1182 1342 1183
f 1182 1341 1342
f 1183 1343 1184
f 1183 1342 1343
f 1184 1344 1185
f 1184 1343 1344
f 1185 1345 1186
f 1185 1344 1345
f 1186 1346 1187
f 1186 1345 1346
f 1187 1347 1188
f 1187 1346 1347
f 1188 1348 1189
f 1188 1347 1348
f 1189 1349 1190
f 1189 1348 1349
f 1190 1350 1191
f 1190 1349 1350
f 1191 1351 1192
f 1191 1350 1351
f 1192 1352 1193
f 1192 1351 1352
f 1193 1353 1194
f 1193 1352 1353
f 1194 1354 1195
f 1194 1353 1354
f 1195 1355 1196
f 1195 1354 1355
f 1196 1356 1197
f 1196 1355 1356
f 1197 1357 1198
f 1197 1356 1357
f 1198 1358 1199
f 1198 1357 1358
f 1199 1359 1200
f 1199 1358 1359
f 1200 1360 1201
f 1200 1359 1360
f 1201 1361 1202
f 1201 1360 1361
f 1202 1362 1203
f 1202 1361 1362
f 1203 1363 1204
f 1203 1362 1363
f 1204 1364 1205
f 1204 1363 1364
f 1205 1365 1206
f 1205 1364 1365
f 1206 1366 1207
f 1206 1365 1366
f 1207 1367 1208
f 1207 1366 1367
f 1208 1368 1209
f 1208 1367 1368
f 1209 1369 1210
f 1209 1368 1369
f 1210 1370 1211
f 1210 1369 1370
f 1211 1371 1212
f 1211 1370 1371
f 1212 1372 1213
f 1212 1371 1372
f 1213 1373 1214
f 1213 1372 1373
f 1214 1374 1215
f 1214 1373 1374
f 1215 1375 1216
f 1215 1374 1375
f 1216 1376 1217
f 1216 1375 1376
f 1217 1377 1218
f 1217 1376 1377
f 1218 1378 1219
f 1218 1377 1378
f 1219 1379 1220
f 1219 1378 1379
f 1220 1380 1221
f 1220 1379 1380
f 1221 1381 1222
f 1221 1380 1381
f 1222 1382 1223
f 1222 1381 1382
f 1223 1383 1224
f 1223 1382 1383
f 1224 1384 1225
f 1224 1383 1384
f 1225 1385 1226
f 1225 1384 1385
f 1226 1386 1227
f 1226 1385 1386
f 1227 1387 1228
f 1227 1386 1387
f 1228 1388 1229
f 1228 1387 1388
f 1229 1389 1230
f 1229 1388 1389
f 1230 1390 1231
f 1230 1389 1390
f 1231 1391 1232
f 1231 1390 1391
f 1232 1392 1233
f 1232 1391 1392
f 1233 1393 1234
f 1233 1392 1393
f 1234 1394 1235
f 1234 1393 1394
f 1235 1395 1236
f 1235 1394 1395
f 1236 1396 1237
f 1236 1395 1396
f 1237 1397 1238
f 1237 1396 1397
f 1238 1398 1239
f 1238 1397 1398
f 1239 1399 1240
f 1239 1398 1399
f 1240 1400 1241
f 1240 1399 1400
f 1241 1401 1242
f 1241 1400 1401
f 1242 1402 1243
f 1242 1401 1402
f 1243 1403 1244
f 1243 1402 1403
f 1244 1404 1245
f 1244 1403 1404
f 1245 1405 1246
f 1245 1404 1405
f 1246 1406 1247
f 1246 1405 1406
f 1247 1407 1248
f 1247 1406 1407
f 1248 1408 1249
f 1248 1407 1408
f 1249 1409 1250
f 1249 1408 1409
f 1250 1410 1251
f 1250 1409 1410
f 1251 1411 1252
f 1251 1410 1411
f 1252 1412 1253
f 1252 1411 1412
f 1253 1413 1254
f 1253 1412 1413
f 1254 1414 1255
f 1254 1413 1414
f 1255 1415 1256
f 1255 1414 1415
f 1256 1416 1257
f 1256 1415 1416
f 1257 1417 1258
f 1257 1416 1417
f 1258 1418 1259
f 1258 1417 1418
f 1259 1419 1260
f 1259 1418 1419
f 1260 1420 1261
f 1260 1419 1420
f 1261 1421 1262
f 1261 1420 1421
f 1262 1422 1263
f 1262 1421 1422
f 1263 1423 1264
f 1263 1422 1423
f 1264 1424 1265
f 1264 1423 1424
f 1265 1425 1266
f 1265 1424 1425
f 1266 1426 1267
f 1266 1425 1426
f 1267 1427 1268
f 1267 1426 1427
f 1268 1428 1269
f 1268 1427 1428
f 1269 1429 1270
f 1269 1428 1429
f 1270 1430 1271
f 1270 1429 1430
f 1271 1431 1272
f 1271 1430 1431
f 1273 1433 1274
f 1273 1432 1433
f 1274 1434 1275
f 1274 1433 1434
f 1275 1435 1276
f 1275 1434 1435
f 1276 1436 1277
f 1276 1435 1436
f 1277 1437 1278
f 1277 1436 1437
f 1278 1438 1279
f 1278 1437 1438
f 1279 1439 1280
f 1279 1438 1439
f 1280 1440 1281
f 1280 1439 1440
f 1281 1441 1282
f 1281 1440 1441
f 1282 1442 1283
f 1282 1441 1442
f 1283 1443 1284
f 1283 1442 1443
f 1284 1444 1285
f 1284 1443 1444
f 1285 1445 1286
f 1285 1444 1445
f 1286 1446 1287
f 1286 1445 1446
f 1287 1447 1288
f 1287 1446 1447
f 1288 1448 1289
f 1288 1447 1448
f 1289 1449 1290
f 1289 1448 1449
f 1290 1450 1291
f 1290 1449 1450
f 1291 1451 1292
f 1291 1450 1451
f 1292 1452 1293
f 1292 1451 1452
f 1293 1453 1294
f 1293 1452 1453
f 1294 1454 1295
f 1294 1453 1454
f 1295 1455 1296
f 1295 1454 1455
f 1296 1456 1297
f 1296 1455 1456
f 1297 1457 1298
f 1297 1456 1457
f 1298 1458 1299
f 1298 1457 1458
f 1299 1459 1300
f 1299 1458 1459
f 1300 1460 1301
f 1300 1459 1460
f 1301 1461 1302
f 1301 1460 1461
f 1302 1462 1303
f 1302 1461 1462
f 1303 1463 1304
f 1303 1462 1463
f 1304 1464 1305
f 1304 1463 1464
f 1305 1465 1306
f 1305 1464 1465
f 1306 1466 1307
f 1306 1465 1466
f 1307 1467 1308
f 1307 1466 1467
f 1308 1468 1309
f 1308 1467 1468
f 1309 1469 1310
f 1309 1468 1469
f 1310 1470 1311
f 1310 1469 1470
f 1311 1471 1312
f 1311 1470 1471
f 1312 1472 1313
f 1312 1471 1472
f 1313 1473 1314
f 1313 1472 1473
f 1314 1474 1315
f 1314 1473 1474
f 1315 1475 1316
f 1315 1474 1475
f 1316 1476 1317
f 1316 1475 1476
f 1317 1477 1318
f 1317 1476 1477
f 1318 1478 1319
f 1318 1477 1478
f 1319 1479 1320
f 1319 1478 1479
f 1320 1480 1321
f 1320 1479 1480
f 1321 1481 1322
f 1321 1480 1481
f 1322 1482 1323
f 1322 1481 1482
f 1323 1483 1324
f 1323 1482 1483
f 1324 1484 1325
f 1324 1483 1484
f 1325 1485 1326
f 1325 1484 1485
f 1326 1486 1327
f 1326 1485 1486
f 1327 1487 1328
f 1327 1486 1487
f 1328 1488 1329
f 1328 1487 1488
f 1329 1489 1330
f 1329 1488 1489
f 1330 1490 1331
f 1330 1489 1490
f 1331 1491 1332
f 1331 1490 1491
f 1332 1492 1333
f 1332 1491 1492
f 1333 1493 1334
f 1333 1492 1493
f 1334 1494 1335
f 1334 1493 1494
f 1335 1495 1336
f 1335 1494 1495
f 1336 1496 1337
f 1336 1495 1496
f 1337 1497 1338
f 1337 1496 1497
f 1338 1498 1339
f 1338 1497 1498
f 1339 1499 1340
f 1339 1498 1499
f 1340 1500 1341
f 1340 1499 1500
f 1341 1501 1342
f 1341 1500 1501
f 1342 1502 1343
f 1342 1501 1502
f 1343 1503 1344
f 1343 1502 1503
f 1344 1504 1345
f 1344 1503 1504
f 1345 1505 1346
f 1345 1504 1505
f 1346 1506 1347
f 1346 1505 1506
f 1347 1507 1348
f 1347 1506 1507
f 1348 1508 1349
f 1348 1507 1508
f 1349 1509 1350
f 1349 1508 1509
f 1350 1510 1351
f 1350 1509 1510
f 1351 1511 1352
f 1351 1510 1511
f 1352 1512 1353
f 1352 1511 1512
f 1353 1513 1354
f 1353 1512 1513
f 1354 1514 1355
f 1354 1513 1514
f 1355 1515 1356
f 1355 1514 1515
f 1356 1516 1357
f 1356 1515 1516
f 1357 1517 1358
f 1357 1516 1517
f 1358 1518 1359
f 1358 1517 1518
f 1359 1519 1360
f 1359 1518 1519
f 1360 1520 1361
f 1360 1519 1520
f 1361 1521 1362
f 1361 1520 1521
f 1362 1522 1363
f 1362 1521 1522
f 1363 1523 1364
f 1363 1522 1523
f 1364 1524 1365
f 1364 1523 1524
f 1365 1525 1366
f 1365 1524 1525
f 1366 1526 1367
f 1366 1525 1526
f 1367 1527 1368
f 1367 1526 1527
f 1368 1528 1369
f 1368 1527 1528
f 1369 1529 1370
f 1369 1528 1529
f 1370 1530 1371
f 1370 1529 1530
f 1371 1531 1372
f 1371 1530 1531
f 1372 1532 1373
f 1372 1531 1532
f 1373 1533 1374
f 1373 1532 1533
f 1374 1534 1375
f 1374 1533 1534
f 1375 1535 1376
f 1375 1534 1535
f 1376 1536 1377
f 1376 1535 1536
f 1377 1537 1378
f 1377 1536 1537
f 1378 1538 1379
f 1378 1537 1538
f 1379 1539 1380
f 1379 1538 1539
f 1380 1540 1381
f 1380 1539 1540
f 1381 1541 1382
f 1381 1540 1541
f 1382 1542 1383
f 1382 1541 1542
f 1383 1543 1384
f 1383 1542 1543
f 1384 1544 1385
f 1384 1543 1544
f 1385 1545 1386
f 1385 1544 1545
f 1386 1546 1387
f 1386 1545 1546
f 1387 1547 1388
f 1387 1546 1547
f 1388 1548 1389
f 1388 1547 1548
f 1389 1549 1390
f 1389 1548 1549
f 1390 1550 1391
f 1390 1549 1550
f 1391 1551 1392
f 1391 1550 1551
f 1392 1552 1393
f 1392 1551 1552
f 1393 1553 1394
f 1393 1552 1553
f 1394 1554 1395
f 1394 1553 1554
f 1395 1555 1396
f 1395 1554 1555
f 1396 1556 1397
f 1396 1555 1556
f 1397 1557 1398
f 1397 1556 1557
f 1398 1558 1399
f 1398 1557 1558
f 1399 1559 1400
f 1399 1558 1559
f 1400 1560 1401
f 1400 1559 1560
f 1401 1561 1402
f 1401 1560 1561
f 1402 1562 1403
f 1402 1561 1562
f 1403 1563 1404
f 1403 1562 1563
f 1404 1564 1405
f 1404 1563 1564
f 1405 1565 1406
f 1405 1564 1565
f 1406 1566 1407
f 1406 1565 1566
f 1407 1567 1408
f 1407 1566 1567
f 1408 1568 1409
f 1408 1567 1568
f 1409 1569 1410
f 1409 1568 1569
f 1410 1570 1411
f 1410 1569 1570
f 1411 1571 1412
f 1411 1570 1571
f 1412 1572 1413
f 1412 1571 1572
f 1413 1573 1414
f 1413 1572 1573
f 1414 1574 1415
f 1414 1573 1574
f 1415 1575 1416
f 1415 1574 1575
f 1416 1576 1417
f 1416 1575 1576
f 1417 1577 1418
f 1417 1576 1577
f 1418 1578 1419
f 1418 1577 1578
f 1419 1579 1420
f 1419 1578 1579
f 1420 1580 1421
f 1420 1579 1580
f 1421 1581 1422
f 1421 1580 1581
f 1422 1582 1423
f 1422 1581 1582
f 1423 1583 1424
f 1423 1582 1583
f 1424 1584 1425
f 1424 1583 1584
f 1425 1585 1426
f 1425 1584 1585
f 1426 1586 1427
f 1426 1585 1586
f 1427 1587 1428
f 1427 1586 1587
f 1428 1588 1429
f 1428 1587 1588
f 1429 1589 1430
f 1429 1588 1589
f 1430 1590 1431
f 1430 1589 1590
f 1432 1592 1433
f 1432 1591 1592
f 1433 1593 1434
f 1433 1592 1593
f 1434 1594 1435
f 1434 1593 1594
f 1435 1595 1436
f 1435 1594 1595
f 1436 1596 1437
f 1436 1595 1596
f 1437 1597 1438
f 1437 1596 1597
f 1438 1598 1439
f 1438 1597 1598
f 1439 1599 1440
f 1439 1598 1599
f 1440 1600 1441
f 1440 1599 1600
f 1441 1601 1442
f 1441 1600 1601
f 1442 1602 1443
f 1442 1601 1602
f 1443 1603 1444
f 1443 1602 1603
f 1444 1604 1445
f 1444 1603 1604
f 1445 1605 1446
f 1445 1604 1605
f 1446 1606 1447
f 1446 1605 1606
f 1447 1607 1448
f 1447 1606 1607
f 1448 1608 1449
f 1448 1607 1608
f 1449 1609 1450
f 1449 1608 1609
f 1450 1610 1451
f 1450 1609 1610
f 1451 1611 1452
f 1451 1610 1611
f 1452 1612 1453
f 1452 1611 1612
f 1453 1613 1454
f 1453 1612 1613
f 1454 1614 1455
f 1454 1613 1614
f 1455 1615 1456
f 1455 1614 1615
f 1456 1616 1457
f 1456 1615 1616
f 1457 1617 1458
f 1457 1616 1617
f 1458 1618 1459
f 1458 1617 1618
f 1459 1619 1460
f 1459 1618 1619
f 1460 1620 1461
f 1460 1619 1620
f 1461 1621 1462
f 1461 1620 1621
f 1462 1622 1463
f 1462 1621 1622
f 1463 1623 1464
f 1463 1622 1623
f 1464 1624 1465
f 1464 1623 1624
f 1465 1625 1466
f 1465 1624 1625
f 1466 1626 1467
f 1466 1625 1626
f 1467 1627 1468
f 1467 1626 1627
f 1468 1628 1469
f 1468 1627 1628
f 1469 1629 1470
f 1469 1628 1629
f 1470 1630 1471
f 1470 1629 1630
f 1471 1631 1472
f 1471 1630 1631
f 1472 1632 1473
f 1472 1631 1632
f 1473 1633 1474
f 1473 1632 1633
f 1474 1634 1475
f 1474 1633 1634
f 1475 1635 1476
f 1475 1634 1635
f 1476 1636 1477
f 1476 1635 1636
f 1477 1637 1478
f 1477 1636 1637
f 1478 1638 1479
f 1478 1637 1638
f 1479 1639 1480
f 1479 1638 1639
f 1480 1640 1481
f 1480 1639 1640
f 1481 1641 1482
f 1481 1640 1641
f 1482 1642 1483
f 1482 1641 1642
f 1483 1643 1484
f 1483 1642 1643
f 1484 1644 1485
f 1484 1643 1644
f 1485 1645 1486
f 1485 1644 1645
f 1486 1646 1487
f 1486 1645 1646
f 1487 1647 1488
f 1487 1646 1647
f 1488 1648 1489
f 1488 1647 1648
f 1489 1649 1490
f 1489 1648 1649
f 1490 1650 1491
f 1490 1649 1650
f 1491 1651 1492
f 1491 1650 1651
f 1492 1652 1493
f 1492 1651 1652
f 1493 1653 1494
f 1493 1652 1653
f 1494 1654 1495
f 1494 1653 1654
f 1495 1655 1496
f 1495 1654 1655
f 1496 1656 1497
f 1496 1655 1656
f 1497 1657 1498
f 1497 1656 1657
f 1498 1658 1499
f 1498 1657 1658
f 1499 1659 1500
f 1499 1658 1659
f 1500 1660 1501
f 1500 1659 1660
f 1501 1661 1502
f 1501 1660 1661
f 1502 1662 1503
f 1502 1661 1662
f 1503 1663 1504
f 1503 1662 1663
f 1504 1664 1505
f 1504 1663 1664
f 1505 1665 1506
f 1505 1664 1665
f 1506 1666 1507
f 1506 1665 1666
f 1507 1667 1508
f 1507 1666 1667
f 1508 1668 1509
f 1508 1667 1668
f 1509 1669 1510
f 1509 1668 1669
f 1510 1670 1511
f 1510 1669 1670
f 1511 1671 1512
f 1511 1670 1671
f 1512 1672 1513
f 1512 1671 1672
f 1513 1673 1514
f 1513 1672 1673
f 1514 1674 1515
f 1514 1673 1674
f 1515 1675 1516
f 1515 1674 1675
f 1516 1676 1517
f 1516 1675 1676
f 1517 1677 1518
f 1517 1676 1677
f 1518 1678 1519
f 1518 1677 1678
f 1519 1679 1520
f 1519 1678 1679
f 1520 1680 1521
f 1520 1679 1680
f 1521 1681 1522
f 1521 1680 1681
f 1522 1682 1523
f 1522 1681 1682
f 1523 1683 1524
f 1523 1682 1683
f 1524 1684 1525
f 1524 1683 1684
f 1525 1685 1526
f 1525 1684 1685
f 1526 1686 1527
f 1526 1685 1686
f 1527 1687 1528
f 1527 1686 1687
f 1528 1688 1529
f 1528 1687 1688
f 1529 1689 1530
f 1529 1688 1689
f 1530 1690 1531
f 1530 1689 1690
f 1531 1691 1532
f 1531 1690 1691
f 1532 1692 1533
f 1532 1691 1692
f 1533 1693 1534
f 1533 1692 1693
f 1534 1694 1535
f 1534 1693 1694
f 1535 1695 1536
f 1535 1694 1695
f 1536 1696 1537
f 1536 1695 1696
f 1537 1697 1538
f 1537 1696 1697
f 1538 1698 1539
f 1538 1697 1698
f 1539 1699 1540
f 1539 1698 1699
f 1540 1700 1541
f 1540 1699 1700
f 1541 1701 1542
f 1541 1700 1701
f 1542 1702 1543
f 1542 1701 1702
f 1543 1703 1544
f 1543 1702 1703
f 1544 1704 1545
f 1544 1703 1704
f 1545 1705 1546
f 1545 1704 1705
f 1546 1706 1547
f 1546 1705 1706
f 1547 1707 1548
f 1547 1706 1707
f 1548 1708 1549
f 1548 1707 1708
f 1549 1709 1550
f 1549 1708 1709
f 1550 1710 1551
f 1550 1709 1710
f 1551 1711 1552
f 1551 1710 1711
f 1552 1712 1553
f 1552 1711 1712
f 1553 1713 1554
f 1553 1712 1713
f 1554 1714 1555
f 1554 1713 1714
f 1555 1715 1556
f 1555 1714 1715
f 1556 1716 1557
f 1556 1715 1716
f 1557 1717 1558
f 1557 1716 1717
f 1558 1718 1559
f 1558 1717 1718
f 1559 1719 1560
f 1559 1718 1719
f 1560 1720 1561
f 1560 1719 1720
f 1561 1721 1562
f 1561 1720 1721
f 1562 1722 1563
f 1562 1721 1722
f 1563 1723 1564
f 1563 1722 1723
f 1564 1724 1565
f 1564 1723 1724
f 1565 1725 1566
f 1565 1724 1725
f 1566 1726 1567
f 1566 1725 1726
f 1567 1727 1568
f 1567 1726 1727
f 1568 1728 1569
f 1568 1727 1728
f 1569 1729 1570
f 1569 1728 1729
f 1570 1730 1571
f 1570 1729 1730
f 1571 1731 1572
f 1571 1730 1731
f 1572 1732 1573
f 1572 1731 1732
f 1573 1733 1574
f 1573 1732 1733
f 1574 1734 1575
f 1574 1733 1734
f 1575 1735 1576
f 1575 1734 1735
f 1576 1736 1577
f 1576 1735 1736
f 1577 1737 1578
f 1577 1736 1737
f 1578 1738 1579
f 1578 1737 1738
f 1579 1739 1580
f 1579 1738 1739
f 1580 1740 1581
f 1580 1739 1740
f 1581 1741 1582
f 1581 1740 1741
f 1582 1742 1583
f 1582 1741 1742
f 1583 1743 1584
f 1583 1742 1743
f 1584 1744 1585
f 1584 1743 1744
f 1585 1745 1586
f 1585 1744 1745
f 1586 1746 1587
f 1586 1745 1746
f 1587 1747 1588
f 1587 1746 1747
f 1588 1748 1589
f 1588 1747 1748
f 1589 1749 1590
f 1589 1748 1749
f 1591 1751 1592
f 1591 1750 1751
f 1592 1752 1593
f 1592 1751 1752
f 1593 1753 1594
f 1593 1752 1753
f 1594 1754 1595
f 1594 1753 1754
f 1595 1755 1596
f 1595 1754 1755
f 1596 1756 1597
f 1596 1755 1756
f 1597 1757 1598
f 1597 1756 1757
f 1598 1758 1599
f 1598 1757 1758
f 1599 1759 1600
f 1599 1758 1759
f 1600 1760 1601
f 1600 1759 1760
f 1601 1761 1602
f 1601 1760 1761
f 1602 1762 1603
f 1602 1761 1762
f 1603 1763 1604
f 1603 1762 1763
f 1604 1764 1605
f 1604 1763 1764
f 1605 1765 1606
f 1605 1764 1765
f 1606 1766 1607
f 1606 1765 1766
f 1607 1767 1608
f 1607 1766 1767
f 1608 1768 1609
f 1608 1767 1768
f 1609 1769 1610
f 1609 1768 1769
f 1610 1770 1611
f 1610 1769 1770
f 1611 1771 1612
f 1611 1770 1771
f 1612 1772 1613
f 1612 1771 1772
f 1613 1773 1614
f 1613 1772 1773
f 1614 1774 1615
f 1614 1773 1774
f 1615 1775 1616
f 1615 1774 1775
f 1616 1776 1617
f 1616 1775 1776
f 1617 1777 1618
f 1617 1776 1777
f 1618 1778 1619
f 1618 1777 1778
f 1619 1779 1620
f 1619 1778 1779
f 1620 1780 1621
f 1620 1779 1780
f 1621 1781 1622
f 1621 1780 1781
f 1622 1782 1623
f 1622 1781 1782
f 1623 1783 1624
f 1623 1782 1783
f 1624 1784 1625
f 1624 1783 1784
f 1625 1785 1626
f 1625 1784 1785
f 1626 1786 1627
f 1626 1785 1786
f 1627 1787 1628
f 1627 1786 1787
f 1628 1788 1629
f 1628 1787 1788
f 1629 1789 1630
f 1629 1788 1789
f 1630 1790 1631
f 1630 1789 1790
f 1631 1791 1632
f 1631 1790 1791
f 1632 1792 1633
f 1632 1791 1792
f 1633 1793 1634
f 1633 1792 1793
f 1634 1794 1635
f 1634 1793 1794
f 1635 1795 1636
f 1635 1794 1795
f 1636 1796 1637
f 1636 1795 1796
f 1637 1797 1638
f 1637 1796 1797
f 1638 1798 1639
f 1638 1797 1798
f 1639 1799 1640
f 1639 1798 1799
f 1640 1800 1641
f 1640 1799 1800
f 1641 1801 1642
f 1641 1800 1801
f 1642 1802 1643
f 1642 1801 1802
f 1643 1803 1644
f 1643 1802 1803
f 1644 1804 1645
f 1644 1803 1804
f 1645 1805 1646
f 1645 1804 1805
f 1646 1806 1647
f 1646 1805 1806
f 1647 1807 1648
f 1647 1806 1807
f 1648 1808 1649
f 1648 1807 1808
f 1649 1809 1650
f 1649 1808 1809
f 1650 1810 1651
f 1650 1809 1810
f 1651 1811 1652
f 1651 1810 1811
f 1652 1812 1653
f 1652 1811 1812
f 1653 1813 1654
f 1653 1812 1813
f 1654 1814 1655
f 1654 1813 1814
f 1655 1815 1656
f 1655 1814 1815
f 1656 1816 1657
f 1656 1815 1816
f 1657 1817 1658
f 1657 1816 1817
f 1658 1818 1659
f 1658 1817 1818
f 1659 1819 1660
f 1659 1818 1819
f 1660 1820 1661
f 1660 1819 1820
f 1661 1821 1662
f 1661 1820 1821
f 1662 1822 1663
f 1662 1821 1822
f 1663 1823 1664
f 1663 1822 1823
f 1664 1824 1665
f 1664 1823 1824
f 1665 1825 1666
f 1665 1824 1825
f 1666 1826 1667
f 1666 1825 1826
f 1667 1827 1668
f 1667 1826 1827
f 1668 1828 1669
f 1668 1827 1828
f 1669 1829 1670
f 1669 1828 1829
f 1670 1830 1671
f 1670 1829 1830
f 1671 1831 1672
f 1671 1830 1831
f 1672 1832 1673
f 1672 1831 1832
f 1673 1833 1674
f 1673 1832 1833
f 1674 1834 1675
f 1674 1833 1834
f 1675 1835 1676
f 1675 1834 1835
f 1676 1836 1677
f 1676 1835 1836
f 1677 1837 1678
f 1677 1836 1837
f 1678 1838 1679
f 1678 1837 1838
f 1679 1839 1680
f 1679 1838 1839
f 1680 1840 1681
f 1680 1839 1840
f 1681 1841 1682
f 1681 1840 1841
f 1682 1842 1683
f 1682 1841 1842
f 1683 1843 1684
f 1683 1842 1843
f 1684 1844 1685
f 1684 1843 1844
f 1685 1845 1686
f 1685 1844 1845
f 1686 1846 1687
f 1686 1845 1846
f 1687 1847 1688
f 1687 1846 1847
f 1688 1848 1689
f 1688 1847 1848
f 1689 1849 1690
f 1689 1848 1849
f 1690 1850 1691
f 1690 1849 1850
f 1691 1851 1692
f 1691 1850 1851
f 1692 1852 1693
f 1692 1851 1852
f 1693 1853 1694
f 1693 1852 1853
f 1694 1854 1695
f 1694 1853 1854
f 1695 1855 1696
f 1695 1854 1855
f 1696 1856 1697
f 1696 1855 1856
f 1697 1857 1698
f 1697 1856 1857
f 1698 1858 1699
f 1698 1857 1858
f 1699 1859 1700
f 1699 1858 1859
f 1700 1860 1701
f 1700 1859 1860
f 1701 1861 1702
f 1701 1860 1861
f 1702 1862 1703
f 1702 1861 1862
f 1703 1863 1704
f 1703 1862 1863
f 1704 1864 1705
f 1704 1863 1864
f 1705 1865 1706
f 1705 1864 1865
f 1706 1866 1707
f 1706 1865 1866
f 1707 1867 1708
f 1707 1866 1867
f 1708 1868 1709
f 1708 1867 1868
f 1709 1869 1710
f 1709 1868 1869
f 1710 1870 1711
f 1710 1869 1870
f 1711 1871 1712
f 1711 1870 1871
f 1712 1872 1713
f 1712 1871 1872
f 1713 1873 1714
f 1713 1872 1873
f 1714 1874 1715
f 1714 1873 1874
f 1715 1875 1716
f 1715 1874 1875
f 1716 1876 1717
f 1716 1875 1876
f 1717 1877 1718
f 1717 1876 1877
f 1718 1878 1719
f 1718 1877 1878
f 1719 1879 1720
f 1719 1878 1879
f 1720 1880 1721
f 1720 1879 1880
f 1721 1881 1722
f 1721 1880 1881
f 1722 1882 1723
f 1722 1881 1882
f 1723 1883 1724
f 1723 1882 1883
f 1724 1884 1725
f 1724 1883 1884
f 1725 1885 1726
f 1725 1884 1885
f 1726 1886 1727
f 1726 1885 1886
f 1727 1887 1728
f 1727 1886 1887
f 1728 1888 1729
f 1728 1887 1888
f 1729 1889 1730
f 1729 1888 1889
f 1730 1890 1731
f 1730 1889 1890
f 1731 1891 1732
f 1731 1890 1891
f 1732 1892 1733
f 1732 1891 1892
f 1733 1893 1734
f 1733 1892 1893
f 1734 1894 1735
f 1734 1893 1894
f 1735 1895 1736
f 1735 1894 1895
f 1736 1896 1737
f 1736 1895 1896
f 1737 1897 1738
f 1737 1896 1897
f 1738 1898 1739
f 1738 1897 1898
f 1739 1899 1740
f 1739 1898 1899
f 1740 1900 1741
f 1740 1899 1900
f 1741 1901 1742
f 1741 1900 1901
f 1742 1902 1743
f 1742 1901 1902
f 1743 1903 1744
f 1743 1902 1903
f 1744 1904 1745
f 1744 1903 1904
f 1745 1905 1746
f 1745 1904 1905
f 1746 1906 1747
f 1746 1905 1906
f 1747 1907 1748
f 1747 1906 1907
f 1748 1908 1749
f 1748 1907 1908
