index,H
0,3.4919638229491889447331232076976448297501e+00
1,3.2945085867338681495652963349130004644394e+00
2,3.2945085867338841367768509371671825647354e+00
3,3.2945085867338730345466046856017783284187e+00
4,3.2945085867338681495652963349130004644394e+00
5,3.2945085867338841367768509371671825647354e+00
6,3.2945085867338730345466046856017783284187e+00
7,3.2945085867338681495652963349130004644394e+00
8,3.2945085867338841367768509371671825647354e+00
9,3.2945085867338730345466046856017783284187e+00
10,3.2945085867338681495652963349130004644394e+00
11,3.2945085867338841367768509371671825647354e+00
12,3.2945085867338730345466046856017783284187e+00
13,3.2945085867338730345466046856017783284187e+00
14,3.2945085867338681495652963349130004644394e+00
15,3.2945085867338841367768509371671825647354e+00
16,3.2945085867338681495652963349130004644394e+00
17,3.2945085867338841367768509371671825647354e+00
18,3.2945085867338730345466046856017783284187e+00
19,3.2945085867338730345466046856017783284187e+00
20,3.2945085867338681495652963349130004644394e+00
21,3.2945085867338841367768509371671825647354e+00
22,3.2945085867338730345466046856017783284187e+00
23,3.2945085867338681495652963349130004644394e+00
24,3.2945085867338841367768509371671825647354e+00
25,3.2945085867338730345466046856017783284187e+00
26,3.2945085867338681495652963349130004644394e+00
27,3.2945085867338841367768509371671825647354e+00
28,3.2945085867338730345466046856017783284187e+00
29,3.2945085867338681495652963349130004644394e+00
30,3.2945085867338841367768509371671825647354e+00
31,3.2945085867338730345466046856017783284187e+00
32,3.2945085867338730345466046856017783284187e+00
33,3.2945085867338681495652963349130004644394e+00
34,3.2945085867338841367768509371671825647354e+00
35,3.2945085867338681495652963349130004644394e+00
36,3.2945085867338841367768509371671825647354e+00
37,3.2945085867338730345466046856017783284187e+00
38,3.2945085867338730345466046856017783284187e+00
39,3.2945085867338681495652963349130004644394e+00
40,3.2945085867338841367768509371671825647354e+00
41,3.2945085867338681495652963349130004644394e+00
42,3.2945085867338841367768509371671825647354e+00
43,3.2945085867338730345466046856017783284187e+00
44,3.2945085867338730345466046856017783284187e+00
45,3.2945085867338681495652963349130004644394e+00
46,3.2945085867338841367768509371671825647354e+00
47,3.2945085867338681495652963349130004644394e+00
48,3.2945085867338841367768509371671825647354e+00
49,3.2945085867338730345466046856017783284187e+00
50,3.2945085867338730345466046856017783284187e+00
51,3.2945085867338681495652963349130004644394e+00
52,3.2945085867338841367768509371671825647354e+00
53,3.2945085867338681495652963349130004644394e+00
54,3.2945085867338841367768509371671825647354e+00
55,3.2945085867338730345466046856017783284187e+00
56,3.2945085867338730345466046856017783284187e+00
57,3.2945085867338730345466046856017783284187e+00
58,3.2945085867338681495652963349130004644394e+00
59,3.2945085867338841367768509371671825647354e+00
60,3.2945085867338739227250243857270106673241e+00
61,3.2945085867338725904573948355391621589661e+00
62,3.2945085867338783636171228863531723618507e+00
63,3.2945085867338739227250243857270106673241e+00
64,3.2945085867338725904573948355391621589661e+00
65,3.2945085867338783636171228863531723618507e+00
66,3.2945085867338739227250243857270106673241e+00
67,3.2945085867338725904573948355391621589661e+00
68,3.2945085867338783636171228863531723618507e+00
69,3.2945085867338739227250243857270106673241e+00
70,3.2945085867338783636171228863531723618507e+00
71,3.2945085867338739227250243857270106673241e+00
72,3.2945085867338725904573948355391621589661e+00
73,3.2945085867338783636171228863531723618507e+00
74,3.2945085867338739227250243857270106673241e+00
75,3.2945085867338725904573948355391621589661e+00
76,3.2945085867338783636171228863531723618507e+00
77,3.2945085867338739227250243857270106673241e+00
78,3.2945085867338725904573948355391621589661e+00
79,3.2945085867338783636171228863531723618507e+00
80,3.2945085867338739227250243857270106673241e+00
81,3.2945085867338725904573948355391621589661e+00
82,3.2945085867338783636171228863531723618507e+00
83,3.2945085867338739227250243857270106673241e+00
84,3.2945085867338783636171228863531723618507e+00
85,3.2945085867338739227250243857270106673241e+00
86,3.2945085867338725904573948355391621589661e+00
87,3.2945085867338783636171228863531723618507e+00
88,3.2945085867338739227250243857270106673241e+00
89,3.2945085867338725904573948355391621589661e+00
90,3.2945085867338783636171228863531723618507e+00
91,3.2945085867338739227250243857270106673241e+00
92,3.2945085867338725904573948355391621589661e+00
93,3.2945085867338783636171228863531723618507e+00
94,3.2945085867338739227250243857270106673241e+00
95,3.2945085867338725904573948355391621589661e+00
96,3.2945085867338783636171228863531723618507e+00
97,3.2945085867338739227250243857270106673241e+00
98,3.2945085867338783636171228863531723618507e+00
99,3.2945085867338739227250243857270106673241e+00
100,3.2945085867338725904573948355391621589661e+00
101,3.2945085867338783636171228863531723618507e+00
102,3.2945085867338739227250243857270106673241e+00
103,3.2945085867338725904573948355391621589661e+00
104,3.2945085867338783636171228863531723618507e+00
105,3.2945085867338739227250243857270106673241e+00
106,3.2945085867338783636171228863531723618507e+00
107,3.2945085867338681495652963349130004644394e+00
108,3.2945085867338841367768509371671825647354e+00
109,3.2945085867338730345466046856017783284187e+00
110,3.2945085867338681495652963349130004644394e+00
111,3.2945085867338841367768509371671825647354e+00
112,3.2945085867338730345466046856017783284187e+00
113,3.2945085867338681495652963349130004644394e+00
114,3.2945085867338841367768509371671825647354e+00
115,3.2945085867338730345466046856017783284187e+00
116,3.2945085867338730345466046856017783284187e+00
117,3.2945085867338681495652963349130004644394e+00
118,3.2945085867338841367768509371671825647354e+00
119,3.2945085867338730345466046856017783284187e+00
120,3.2945085867338681495652963349130004644394e+00
121,3.2945085867338841367768509371671825647354e+00
122,3.2945085867338730345466046856017783284187e+00
123,3.2945085867338681495652963349130004644394e+00
124,3.2945085867338841367768509371671825647354e+00
125,3.2945085867338730345466046856017783284187e+00
126,3.2945085867338681495652963349130004644394e+00
127,3.2945085867338841367768509371671825647354e+00
128,3.2945085867338730345466046856017783284187e+00
129,3.2945085867338681495652963349130004644394e+00
130,3.2945085867338841367768509371671825647354e+00
131,3.2945085867338730345466046856017783284187e+00
132,3.2945085867338681495652963349130004644394e+00
133,3.2945085867338841367768509371671825647354e+00
134,3.2945085867338730345466046856017783284187e+00
135,3.2945085867338681495652963349130004644394e+00
136,3.2945085867338841367768509371671825647354e+00
137,3.2945085867338730345466046856017783284187e+00
138,3.2945085867338681495652963349130004644394e+00
139,3.2945085867338841367768509371671825647354e+00
140,3.2945085867338730345466046856017783284187e+00
141,3.2945085867338730345466046856017783284187e+00
142,3.2945085867338681495652963349130004644394e+00
143,3.2945085867338841367768509371671825647354e+00
144,3.2945085867338730345466046856017783284187e+00
145,3.2945085867338681495652963349130004644394e+00
146,3.2945085867338841367768509371671825647354e+00
147,3.2945085867338730345466046856017783284187e+00
148,3.2945085867338681495652963349130004644394e+00
149,3.2945085867338841367768509371671825647354e+00
150,3.2945085867338730345466046856017783284187e+00
151,3.2945085867338681495652963349130004644394e+00
152,3.2945085867338841367768509371671825647354e+00
153,3.2945085867338730345466046856017783284187e+00
154,3.2945085867338681495652963349130004644394e+00
155,3.2945085867338841367768509371671825647354e+00
156,3.2945085867338730345466046856017783284187e+00
157,3.2945085867338681495652963349130004644394e+00
158,3.2945085867338841367768509371671825647354e+00
159,3.2945085867338730345466046856017783284187e+00
160,3.2945085867338681495652963349130004644394e+00
161,3.2945085867338841367768509371671825647354e+00
162,3.2945085867338730345466046856017783284187e+00
163,3.2945085867338681495652963349130004644394e+00
164,3.2945085867338841367768509371671825647354e+00
165,3.2945085867338730345466046856017783284187e+00
166,3.2945085867338730345466046856017783284187e+00
167,3.2945085867338681495652963349130004644394e+00
168,3.2945085867338841367768509371671825647354e+00
169,3.2945085867338730345466046856017783284187e+00
170,3.2945085867338681495652963349130004644394e+00
171,3.2945085867338841367768509371671825647354e+00
172,3.2945085867338730345466046856017783284187e+00
173,3.2945085867338681495652963349130004644394e+00
174,3.2945085867338841367768509371671825647354e+00
175,3.2945085867338730345466046856017783284187e+00
176,3.2945085867338681495652963349130004644394e+00
177,3.2945085867338841367768509371671825647354e+00
178,3.2945085867338730345466046856017783284187e+00
179,3.2945085867338681495652963349130004644394e+00
180,3.2945085867338841367768509371671825647354e+00
181,3.2945085867338730345466046856017783284187e+00
182,3.2945085867338681495652963349130004644394e+00
183,3.2945085867338841367768509371671825647354e+00
184,3.2945085867338730345466046856017783284187e+00
185,3.2945085867338681495652963349130004644394e+00
186,3.2945085867338841367768509371671825647354e+00
187,3.2945085867338730345466046856017783284187e+00
188,3.2945085867338681495652963349130004644394e+00
189,3.2945085867338841367768509371671825647354e+00
190,3.2945085867338730345466046856017783284187e+00
191,3.2945085867338681495652963349130004644394e+00
192,3.2945085867338841367768509371671825647354e+00
193,3.2945085867338730345466046856017783284187e+00
194,3.2945085867338730345466046856017783284187e+00
195,3.2945085867338681495652963349130004644394e+00
196,3.2945085867338841367768509371671825647354e+00
197,3.2945085867338730345466046856017783284187e+00
198,3.2945085867338681495652963349130004644394e+00
199,3.2945085867338841367768509371671825647354e+00
200,3.2945085867338730345466046856017783284187e+00
201,3.2945085867338681495652963349130004644394e+00
202,3.2945085867338841367768509371671825647354e+00
203,3.2945085867338730345466046856017783284187e+00
204,3.2945085867338681495652963349130004644394e+00
205,3.2945085867338841367768509371671825647354e+00
206,3.2945085867338730345466046856017783284187e+00
207,3.2945085867338681495652963349130004644394e+00
208,3.2945085867338841367768509371671825647354e+00
209,3.2945085867338730345466046856017783284187e+00
210,3.2945085867338681495652963349130004644394e+00
211,3.2945085867338841367768509371671825647354e+00
212,3.2945085867338730345466046856017783284187e+00
213,3.2945085867338730345466046856017783284187e+00
214,3.2945085867338730345466046856017783284187e+00
215,3.2945085867338579355134697834728285670280e+00
216,3.2945085867339027885236646397970616817474e+00
217,3.2945085867338730345466046856017783284187e+00
218,3.2945085867338730345466046856017783284187e+00
219,3.2945085867338730345466046856017783284187e+00
220,3.2945085867338730345466046856017783284187e+00
221,3.2945085867338579355134697834728285670280e+00
222,3.2945085867339027885236646397970616817474e+00
223,3.2945085867338730345466046856017783284187e+00
224,3.2945085867338730345466046856017783284187e+00
225,3.2945085867338730345466046856017783284187e+00
226,3.2945085867338730345466046856017783284187e+00
227,3.2945085867338579355134697834728285670280e+00
228,3.2945085867339027885236646397970616817474e+00
229,3.2945085867338730345466046856017783284187e+00
230,3.2945085867338730345466046856017783284187e+00
231,3.2945085867338730345466046856017783284187e+00
232,3.2945085867338730345466046856017783284187e+00
233,3.2945085867338730345466046856017783284187e+00
234,3.2945085867338579355134697834728285670280e+00
235,3.2945085867339027885236646397970616817474e+00
236,3.2945085867338730345466046856017783284187e+00
237,3.2945085867338730345466046856017783284187e+00
238,3.2945085867338730345466046856017783284187e+00
239,3.2945085867338730345466046856017783284187e+00
240,3.2945085867338579355134697834728285670280e+00
241,3.2945085867339027885236646397970616817474e+00
242,3.2945085867338730345466046856017783284187e+00
243,3.2945085867338730345466046856017783284187e+00
244,3.2945085867338730345466046856017783284187e+00
245,3.2945085867338730345466046856017783284187e+00
246,3.2945085867338579355134697834728285670280e+00
247,3.2945085867339027885236646397970616817474e+00
248,3.2945085867338730345466046856017783284187e+00
249,3.2945085867338730345466046856017783284187e+00
250,3.2945085867338730345466046856017783284187e+00
251,3.2945085867338730345466046856017783284187e+00
252,3.2945085867338579355134697834728285670280e+00
253,3.2945085867339027885236646397970616817474e+00
254,3.2945085867338730345466046856017783284187e+00
255,3.2945085867338730345466046856017783284187e+00
256,3.2945085867338730345466046856017783284187e+00
257,3.2945085867338730345466046856017783284187e+00
258,3.2945085867338730345466046856017783284187e+00
259,3.2945085867338579355134697834728285670280e+00
260,3.2945085867339027885236646397970616817474e+00
261,3.2945085867338730345466046856017783284187e+00
262,3.2945085867338730345466046856017783284187e+00
263,3.2945085867338730345466046856017783284187e+00
264,3.2945085867338730345466046856017783284187e+00
265,3.2945085867338579355134697834728285670280e+00
266,3.2945085867339027885236646397970616817474e+00
267,3.2945085867338730345466046856017783284187e+00
268,3.2945085867338730345466046856017783284187e+00
269,3.2945085867338730345466046856017783284187e+00
270,3.2945085867338730345466046856017783284187e+00
271,3.2945085867338579355134697834728285670280e+00
272,3.2945085867339027885236646397970616817474e+00
273,3.2945085867338730345466046856017783284187e+00
274,3.2945085867338730345466046856017783284187e+00
275,3.2945085867338730345466046856017783284187e+00
276,3.2945085867338730345466046856017783284187e+00
277,3.2945085867338579355134697834728285670280e+00
278,3.2945085867339027885236646397970616817474e+00
279,3.2945085867338730345466046856017783284187e+00
280,3.2945085867338730345466046856017783284187e+00
281,3.2945085867338730345466046856017783284187e+00
282,3.2945085867338730345466046856017783284187e+00
283,3.2945085867338730345466046856017783284187e+00
284,3.2945085867338579355134697834728285670280e+00
285,3.2945085867339027885236646397970616817474e+00
286,3.2945085867338730345466046856017783284187e+00
287,3.2945085867338730345466046856017783284187e+00
288,3.2945085867338730345466046856017783284187e+00
289,3.2945085867338730345466046856017783284187e+00
290,3.2945085867338579355134697834728285670280e+00
291,3.2945085867339027885236646397970616817474e+00
292,3.2945085867338730345466046856017783284187e+00
293,3.2945085867338730345466046856017783284187e+00
294,3.2945085867338730345466046856017783284187e+00
295,3.2945085867338730345466046856017783284187e+00
296,3.2945085867338579355134697834728285670280e+00
297,3.2945085867339027885236646397970616817474e+00
298,3.2945085867338730345466046856017783284187e+00
299,3.2945085867338730345466046856017783284187e+00
300,3.2945085867338730345466046856017783284187e+00
301,3.2945085867338730345466046856017783284187e+00
302,3.2945085867338579355134697834728285670280e+00
303,3.2945085867339027885236646397970616817474e+00
304,3.2945085867338730345466046856017783284187e+00
305,3.2945085867338730345466046856017783284187e+00
306,3.2945085867338730345466046856017783284187e+00
307,3.2945085867338730345466046856017783284187e+00
308,3.2945085867338730345466046856017783284187e+00
309,3.2945085867338579355134697834728285670280e+00
310,3.2945085867339027885236646397970616817474e+00
311,3.2945085867338730345466046856017783284187e+00
312,3.2945085867338730345466046856017783284187e+00
313,3.2945085867338730345466046856017783284187e+00
314,3.2945085867338730345466046856017783284187e+00
315,3.2945085867338579355134697834728285670280e+00
316,3.2945085867339027885236646397970616817474e+00
317,3.2945085867338730345466046856017783284187e+00
318,3.2945085867338730345466046856017783284187e+00
319,3.2945085867338730345466046856017783284187e+00
320,3.2945085867338730345466046856017783284187e+00
321,3.2945085867338579355134697834728285670280e+00
322,3.2945085867339027885236646397970616817474e+00
323,3.2945085867338730345466046856017783284187e+00
324,3.2945085867338730345466046856017783284187e+00
325,3.2945085867338730345466046856017783284187e+00
326,3.2945085867338730345466046856017783284187e+00
327,3.2945085867338579355134697834728285670280e+00
328,3.2945085867339027885236646397970616817474e+00
329,6.9839276458981958128902078897226601839066e+00
330,3.2900037993897335297788231400772929191589e+00
331,4.9999999999562382349549416460376960458234e-03
332,4.9999999995900294355588577843718667281792e-03
333,4.9999999996790172804295160347010096302256e-03
334,4.9999999999562382349549416460376960458234e-03
335,4.9999999995900294355588577843718667281792e-03
336,4.9999999996790172804295160347010096302256e-03
337,4.9999999999562382349549416460376960458234e-03
338,4.9999999995900294355588577843718667281792e-03
339,4.9999999996790172804295160347010096302256e-03
340,4.9999999999562382349549416460376960458234e-03
341,4.9999999995900294355588577843718667281792e-03
342,4.9999999996790172804295160347010096302256e-03
343,4.9999999996790172804295160347010096302256e-03
344,4.9999999999562382349549416460376960458234e-03
345,4.9999999995900294355588577843718667281792e-03
346,4.9999999999562382349549416460376960458234e-03
347,4.9999999995900294355588577843718667281792e-03
348,4.9999999996790172804295160347010096302256e-03
349,4.9999999996790172804295160347010096302256e-03
350,4.9999999999562382349549416460376960458234e-03
351,4.9999999995900294355588577843718667281792e-03
352,4.9999999996790172804295160347010096302256e-03
353,4.9999999999562382349549416460376960458234e-03
354,4.9999999995900294355588577843718667281792e-03
355,4.9999999996790172804295160347010096302256e-03
356,4.9999999999562382349549416460376960458234e-03
357,4.9999999995900294355588577843718667281792e-03
358,4.9999999996790172804295160347010096302256e-03
359,4.9999999999562382349549416460376960458234e-03
360,4.9999999995900294355588577843718667281792e-03
361,4.9999999996790172804295160347010096302256e-03
362,4.9999999996790172804295160347010096302256e-03
363,4.9999999999562382349549416460376960458234e-03
364,4.9999999995900294355588577843718667281792e-03
365,4.9999999999562382349549416460376960458234e-03
366,4.9999999995900294355588577843718667281792e-03
367,4.9999999996790172804295160347010096302256e-03
368,4.9999999996790172804295160347010096302256e-03
369,4.9999999999562382349549416460376960458234e-03
370,4.9999999995900294355588577843718667281792e-03
371,4.9999999999562382349549416460376960458234e-03
372,4.9999999995900294355588577843718667281792e-03
373,4.9999999996790172804295160347010096302256e-03
374,4.9999999996790172804295160347010096302256e-03
375,4.9999999999562382349549416460376960458234e-03
376,4.9999999995900294355588577843718667281792e-03
377,4.9999999999562382349549416460376960458234e-03
378,4.9999999995900294355588577843718667281792e-03
379,4.9999999996790172804295160347010096302256e-03
380,4.9999999996790172804295160347010096302256e-03
381,4.9999999999562382349549416460376960458234e-03
382,4.9999999995900294355588577843718667281792e-03
383,4.9999999999562382349549416460376960458234e-03
384,4.9999999995900294355588577843718667281792e-03
385,4.9999999996790172804295160347010096302256e-03
386,4.9999999996790172804295160347010096302256e-03
387,4.9999999996790172804295160347010096302256e-03
388,4.9999999999562382349549416460376960458234e-03
389,4.9999999995900294355588577843718667281792e-03
390,5.0000000000451115880761854270986077608541e-03
391,4.9999999997289226727481548095965990796685e-03
392,4.9999999996792436618431310080268303863704e-03
393,5.0000000000451115880761854270986077608541e-03
394,4.9999999997289226727481548095965990796685e-03
395,4.9999999996792436618431310080268303863704e-03
396,5.0000000000451115880761854270986077608541e-03
397,4.9999999997289226727481548095965990796685e-03
398,4.9999999996792436618431310080268303863704e-03
399,5.0000000000451115880761854270986077608541e-03
400,4.9999999996792436618431310080268303863704e-03
401,5.0000000000451115880761854270986077608541e-03
402,4.9999999997289226727481548095965990796685e-03
403,4.9999999996792436618431310080268303863704e-03
404,5.0000000000451115880761854270986077608541e-03
405,4.9999999997289226727481548095965990796685e-03
406,4.9999999996792436618431310080268303863704e-03
407,5.0000000000451115880761854270986077608541e-03
408,4.9999999997289226727481548095965990796685e-03
409,4.9999999996792436618431310080268303863704e-03
410,5.0000000000451115880761854270986077608541e-03
411,4.9999999997289226727481548095965990796685e-03
412,4.9999999996792436618431310080268303863704e-03
413,5.0000000000451115880761854270986077608541e-03
414,4.9999999996792436618431310080268303863704e-03
415,5.0000000000451115880761854270986077608541e-03
416,4.9999999997289226727481548095965990796685e-03
417,4.9999999996792436618431310080268303863704e-03
418,5.0000000000451115880761854270986077608541e-03
419,4.9999999997289226727481548095965990796685e-03
420,4.9999999996792436618431310080268303863704e-03
421,5.0000000000451115880761854270986077608541e-03
422,4.9999999997289226727481548095965990796685e-03
423,4.9999999996792436618431310080268303863704e-03
424,5.0000000000451115880761854270986077608541e-03
425,4.9999999997289226727481548095965990796685e-03
426,4.9999999996792436618431310080268303863704e-03
427,5.0000000000451115880761854270986077608541e-03
428,4.9999999996792436618431310080268303863704e-03
429,5.0000000000451115880761854270986077608541e-03
430,4.9999999997289226727481548095965990796685e-03
431,4.9999999996792436618431310080268303863704e-03
432,5.0000000000451115880761854270986077608541e-03
433,4.9999999997289226727481548095965990796685e-03
434,4.9999999996792436618431310080268303863704e-03
435,5.0000000000451115880761854270986077608541e-03
436,4.9999999996792436618431310080268303863704e-03
437,4.9999999999562382349549416460376960458234e-03
438,4.9999999995900294355588577843718667281792e-03
439,4.9999999996790172804295160347010096302256e-03
440,4.9999999999562382349549416460376960458234e-03
441,4.9999999995900294355588577843718667281792e-03
442,4.9999999996790172804295160347010096302256e-03
443,4.9999999999562382349549416460376960458234e-03
444,4.9999999995900294355588577843718667281792e-03
445,4.9999999996790172804295160347010096302256e-03
446,4.9999999996790172804295160347010096302256e-03
447,4.9999999999562382349549416460376960458234e-03
448,4.9999999995900294355588577843718667281792e-03
449,4.9999999996790172804295160347010096302256e-03
450,4.9999999999562382349549416460376960458234e-03
451,4.9999999995900294355588577843718667281792e-03
452,4.9999999996790172804295160347010096302256e-03
453,4.9999999999562382349549416460376960458234e-03
454,4.9999999995900294355588577843718667281792e-03
455,4.9999999996790172804295160347010096302256e-03
456,4.9999999999562382349549416460376960458234e-03
457,4.9999999995900294355588577843718667281792e-03
458,4.9999999996790172804295160347010096302256e-03
459,4.9999999999562382349549416460376960458234e-03
460,4.9999999995900294355588577843718667281792e-03
461,4.9999999996790172804295160347010096302256e-03
462,4.9999999999562382349549416460376960458234e-03
463,4.9999999995900294355588577843718667281792e-03
464,4.9999999996790172804295160347010096302256e-03
465,4.9999999999562382349549416460376960458234e-03
466,4.9999999995900294355588577843718667281792e-03
467,4.9999999996790172804295160347010096302256e-03
468,4.9999999999562382349549416460376960458234e-03
469,4.9999999995900294355588577843718667281792e-03
470,4.9999999996790172804295160347010096302256e-03
471,4.9999999996790172804295160347010096302256e-03
472,4.9999999999562382349549416460376960458234e-03
473,4.9999999995900294355588577843718667281792e-03
474,4.9999999996790172804295160347010096302256e-03
475,4.9999999999562382349549416460376960458234e-03
476,4.9999999995900294355588577843718667281792e-03
477,4.9999999996790172804295160347010096302256e-03
478,4.9999999999562382349549416460376960458234e-03
479,4.9999999995900294355588577843718667281792e-03
480,4.9999999996790172804295160347010096302256e-03
481,4.9999999999562382349549416460376960458234e-03
482,4.9999999995900294355588577843718667281792e-03
483,4.9999999996790172804295160347010096302256e-03
484,4.9999999999562382349549416460376960458234e-03
485,4.9999999995900294355588577843718667281792e-03
486,4.9999999996790172804295160347010096302256e-03
487,4.9999999999562382349549416460376960458234e-03
488,4.9999999995900294355588577843718667281792e-03
489,4.9999999996790172804295160347010096302256e-03
490,4.9999999999562382349549416460376960458234e-03
491,4.9999999995900294355588577843718667281792e-03
492,4.9999999996790172804295160347010096302256e-03
493,4.9999999999562382349549416460376960458234e-03
494,4.9999999995900294355588577843718667281792e-03
495,4.9999999996790172804295160347010096302256e-03
496,4.9999999996790172804295160347010096302256e-03
497,4.9999999999562382349549416460376960458234e-03
498,4.9999999995900294355588577843718667281792e-03
499,4.9999999996790172804295160347010096302256e-03
500,4.9999999999562382349549416460376960458234e-03
501,4.9999999995900294355588577843718667281792e-03
502,4.9999999996790172804295160347010096302256e-03
503,4.9999999999562382349549416460376960458234e-03
504,4.9999999995900294355588577843718667281792e-03
505,4.9999999996790172804295160347010096302256e-03
506,4.9999999999562382349549416460376960458234e-03
507,4.9999999995900294355588577843718667281792e-03
508,4.9999999996790172804295160347010096302256e-03
509,4.9999999999562382349549416460376960458234e-03
510,4.9999999995900294355588577843718667281792e-03
511,4.9999999996790172804295160347010096302256e-03
512,4.9999999999562382349549416460376960458234e-03
513,4.9999999995900294355588577843718667281792e-03
514,4.9999999996790172804295160347010096302256e-03
515,4.9999999999562382349549416460376960458234e-03
516,4.9999999995900294355588577843718667281792e-03
517,4.9999999996790172804295160347010096302256e-03
518,4.9999999999562382349549416460376960458234e-03
519,4.9999999995900294355588577843718667281792e-03
520,4.9999999996790172804295160347010096302256e-03
521,4.9999999999562382349549416460376960458234e-03
522,4.9999999995900294355588577843718667281792e-03
523,4.9999999996790172804295160347010096302256e-03
524,4.9999999996790172804295160347010096302256e-03
525,4.9999999999562382349549416460376960458234e-03
526,4.9999999995900294355588577843718667281792e-03
527,4.9999999996790172804295160347010096302256e-03
528,4.9999999999562382349549416460376960458234e-03
529,4.9999999995900294355588577843718667281792e-03
530,4.9999999996790172804295160347010096302256e-03
531,4.9999999999562382349549416460376960458234e-03
532,4.9999999995900294355588577843718667281792e-03
533,4.9999999996790172804295160347010096302256e-03
534,4.9999999999562382349549416460376960458234e-03
535,4.9999999995900294355588577843718667281792e-03
536,4.9999999996790172804295160347010096302256e-03
537,4.9999999999562382349549416460376960458234e-03
538,4.9999999995900294355588577843718667281792e-03
539,4.9999999996790172804295160347010096302256e-03
540,4.9999999999562382349549416460376960458234e-03
541,4.9999999995900294355588577843718667281792e-03
542,4.9999999996790172804295160347010096302256e-03
543,4.9999999996790172804295160347010096302256e-03
544,4.9999999996790172804295160347010096302256e-03
545,4.9999999996149539424616925487043772591278e-03
546,4.9999999998426086431080328509324317565188e-03
547,4.9999999996790172804295160347010096302256e-03
548,4.9999999996790172804295160347010096302256e-03
549,4.9999999996790172804295160347010096302256e-03
550,4.9999999996790172804295160347010096302256e-03
551,4.9999999996149539424616925487043772591278e-03
552,4.9999999998426086431080328509324317565188e-03
553,4.9999999996790172804295160347010096302256e-03
554,4.9999999996790172804295160347010096302256e-03
555,4.9999999996790172804295160347010096302256e-03
556,4.9999999996790172804295160347010096302256e-03
557,4.9999999996149539424616925487043772591278e-03
558,4.9999999998426086431080328509324317565188e-03
559,4.9999999996790172804295160347010096302256e-03
560,4.9999999996790172804295160347010096302256e-03
561,4.9999999996790172804295160347010096302256e-03
562,4.9999999996790172804295160347010096302256e-03
563,4.9999999996790172804295160347010096302256e-03
564,4.9999999996149539424616925487043772591278e-03
565,4.9999999998426086431080328509324317565188e-03
566,4.9999999996790172804295160347010096302256e-03
567,4.9999999996790172804295160347010096302256e-03
568,4.9999999996790172804295160347010096302256e-03
569,4.9999999996790172804295160347010096302256e-03
570,4.9999999996149539424616925487043772591278e-03
571,4.9999999998426086431080328509324317565188e-03
572,4.9999999996790172804295160347010096302256e-03
573,4.9999999996790172804295160347010096302256e-03
574,4.9999999996790172804295160347010096302256e-03
575,4.9999999996790172804295160347010096302256e-03
576,4.9999999996149539424616925487043772591278e-03
577,4.9999999998426086431080328509324317565188e-03
578,4.9999999996790172804295160347010096302256e-03
579,4.9999999996790172804295160347010096302256e-03
580,4.9999999996790172804295160347010096302256e-03
581,4.9999999996790172804295160347010096302256e-03
582,4.9999999996149539424616925487043772591278e-03
583,4.9999999998426086431080328509324317565188e-03
584,4.9999999996790172804295160347010096302256e-03
585,4.9999999996790172804295160347010096302256e-03
586,4.9999999996790172804295160347010096302256e-03
587,4.9999999996790172804295160347010096302256e-03
588,4.9999999996790172804295160347010096302256e-03
589,4.9999999996149539424616925487043772591278e-03
590,4.9999999998426086431080328509324317565188e-03
591,4.9999999996790172804295160347010096302256e-03
592,4.9999999996790172804295160347010096302256e-03
593,4.9999999996790172804295160347010096302256e-03
594,4.9999999996790172804295160347010096302256e-03
595,4.9999999996149539424616925487043772591278e-03
596,4.9999999998426086431080328509324317565188e-03
597,4.9999999996790172804295160347010096302256e-03
598,4.9999999996790172804295160347010096302256e-03
599,4.9999999996790172804295160347010096302256e-03
600,4.9999999996790172804295160347010096302256e-03
601,4.9999999996149539424616925487043772591278e-03
602,4.9999999998426086431080328509324317565188e-03
603,4.9999999996790172804295160347010096302256e-03
604,4.9999999996790172804295160347010096302256e-03
605,4.9999999996790172804295160347010096302256e-03
606,4.9999999996790172804295160347010096302256e-03
607,4.9999999996149539424616925487043772591278e-03
608,4.9999999998426086431080328509324317565188e-03
609,4.9999999996790172804295160347010096302256e-03
610,4.9999999996790172804295160347010096302256e-03
611,4.9999999996790172804295160347010096302256e-03
612,4.9999999996790172804295160347010096302256e-03
613,4.9999999996790172804295160347010096302256e-03
614,4.9999999996149539424616925487043772591278e-03
615,4.9999999998426086431080328509324317565188e-03
616,4.9999999996790172804295160347010096302256e-03
617,4.9999999996790172804295160347010096302256e-03
618,4.9999999996790172804295160347010096302256e-03
619,4.9999999996790172804295160347010096302256e-03
620,4.9999999996149539424616925487043772591278e-03
621,4.9999999998426086431080328509324317565188e-03
622,4.9999999996790172804295160347010096302256e-03
623,4.9999999996790172804295160347010096302256e-03
624,4.9999999996790172804295160347010096302256e-03
625,4.9999999996790172804295160347010096302256e-03
626,4.9999999996149539424616925487043772591278e-03
627,4.9999999998426086431080328509324317565188e-03
628,4.9999999996790172804295160347010096302256e-03
629,4.9999999996790172804295160347010096302256e-03
630,4.9999999996790172804295160347010096302256e-03
631,4.9999999996790172804295160347010096302256e-03
632,4.9999999996149539424616925487043772591278e-03
633,4.9999999998426086431080328509324317565188e-03
634,4.9999999996790172804295160347010096302256e-03
635,4.9999999996790172804295160347010096302256e-03
636,4.9999999996790172804295160347010096302256e-03
637,4.9999999996790172804295160347010096302256e-03
638,4.9999999996790172804295160347010096302256e-03
639,4.9999999996149539424616925487043772591278e-03
640,4.9999999998426086431080328509324317565188e-03
641,4.9999999996790172804295160347010096302256e-03
642,4.9999999996790172804295160347010096302256e-03
643,4.9999999996790172804295160347010096302256e-03
644,4.9999999996790172804295160347010096302256e-03
645,4.9999999996149539424616925487043772591278e-03
646,4.9999999998426086431080328509324317565188e-03
647,4.9999999996790172804295160347010096302256e-03
648,4.9999999996790172804295160347010096302256e-03
649,4.9999999996790172804295160347010096302256e-03
650,4.9999999996790172804295160347010096302256e-03
651,4.9999999996149539424616925487043772591278e-03
652,4.9999999998426086431080328509324317565188e-03
653,4.9999999996790172804295160347010096302256e-03
654,4.9999999996790172804295160347010096302256e-03
655,4.9999999996790172804295160347010096302256e-03
656,4.9999999996790172804295160347010096302256e-03
657,4.9999999996149539424616925487043772591278e-03
658,4.9999999998426086431080328509324317565188e-03
659,3.2900037993898547661331122071715071797371e+00
660,3.2900037993898409993676068552304059267044e+00
661,4.9999999994304322736837775664753280580044e-03
662,4.9999999996328892484798167572535021463409e-03
663,4.9999999999242664139309511028841370716691e-03
664,4.9999999994304322736837775664753280580044e-03
665,4.9999999996328892484798167572535021463409e-03
666,4.9999999999242664139309511028841370716691e-03
667,4.9999999994304322736837775664753280580044e-03
668,4.9999999996328892484798167572535021463409e-03
669,4.9999999999242664139309511028841370716691e-03
670,4.9999999994304322736837775664753280580044e-03
671,4.9999999996328892484798167572535021463409e-03
672,4.9999999999242664139309511028841370716691e-03
673,4.9999999999242664139309511028841370716691e-03
674,4.9999999994304322736837775664753280580044e-03
675,4.9999999996328892484798167572535021463409e-03
676,4.9999999994304322736837775664753280580044e-03
677,4.9999999996328892484798167572535021463409e-03
678,4.9999999999242664139309511028841370716691e-03
679,4.9999999999242664139309511028841370716691e-03
680,4.9999999994304322736837775664753280580044e-03
681,4.9999999996328892484798167572535021463409e-03
682,4.9999999999242664139309511028841370716691e-03
683,4.9999999994304322736837775664753280580044e-03
684,4.9999999996328892484798167572535021463409e-03
685,4.9999999999242664139309511028841370716691e-03
686,4.9999999994304322736837775664753280580044e-03
687,4.9999999996328892484798167572535021463409e-03
688,4.9999999999242664139309511028841370716691e-03
689,4.9999999994304322736837775664753280580044e-03
690,4.9999999996328892484798167572535021463409e-03
691,4.9999999999242664139309511028841370716691e-03
692,4.9999999999242664139309511028841370716691e-03
693,4.9999999994304322736837775664753280580044e-03
694,4.9999999996328892484798167572535021463409e-03
695,4.9999999994304322736837775664753280580044e-03
696,4.9999999996328892484798167572535021463409e-03
697,4.9999999999242664139309511028841370716691e-03
698,4.9999999999242664139309511028841370716691e-03
699,4.9999999994304322736837775664753280580044e-03
700,4.9999999996328892484798167572535021463409e-03
701,4.9999999994304322736837775664753280580044e-03
702,4.9999999996328892484798167572535021463409e-03
703,4.9999999999242664139309511028841370716691e-03
704,4.9999999999242664139309511028841370716691e-03
705,4.9999999994304322736837775664753280580044e-03
706,4.9999999996328892484798167572535021463409e-03
707,4.9999999994304322736837775664753280580044e-03
708,4.9999999996328892484798167572535021463409e-03
709,4.9999999999242664139309511028841370716691e-03
710,4.9999999999242664139309511028841370716691e-03
711,4.9999999994304322736837775664753280580044e-03
712,4.9999999996328892484798167572535021463409e-03
713,4.9999999994304322736837775664753280580044e-03
714,4.9999999996328892484798167572535021463409e-03
715,4.9999999999242664139309511028841370716691e-03
716,4.9999999999242664139309511028841370716691e-03
717,4.9999999999242664139309511028841370716691e-03
718,4.9999999994304322736837775664753280580044e-03
719,4.9999999996328892484798167572535021463409e-03
720,4.9999999996970384552597010952013079077005e-03
721,4.9999999996080159159195233087302767671645e-03
722,5.0000000000129810398541430060959100956097e-03
723,4.9999999996970384552597010952013079077005e-03
724,4.9999999996080159159195233087302767671645e-03
725,5.0000000000129810398541430060959100956097e-03
726,4.9999999996970384552597010952013079077005e-03
727,4.9999999996080159159195233087302767671645e-03
728,5.0000000000129810398541430060959100956097e-03
729,4.9999999996970384552597010952013079077005e-03
730,5.0000000000129810398541430060959100956097e-03
731,4.9999999996970384552597010952013079077005e-03
732,4.9999999996080159159195233087302767671645e-03
733,5.0000000000129810398541430060959100956097e-03
734,4.9999999996970384552597010952013079077005e-03
735,4.9999999996080159159195233087302767671645e-03
736,5.0000000000129810398541430060959100956097e-03
737,4.9999999996970384552597010952013079077005e-03
738,4.9999999996080159159195233087302767671645e-03
739,5.0000000000129810398541430060959100956097e-03
740,4.9999999996970384552597010952013079077005e-03
741,4.9999999996080159159195233087302767671645e-03
742,5.0000000000129810398541430060959100956097e-03
743,4.9999999996970384552597010952013079077005e-03
744,5.0000000000129810398541430060959100956097e-03
745,4.9999999996970384552597010952013079077005e-03
746,4.9999999996080159159195233087302767671645e-03
747,5.0000000000129810398541430060959100956097e-03
748,4.9999999996970384552597010952013079077005e-03
749,4.9999999996080159159195233087302767671645e-03
750,5.0000000000129810398541430060959100956097e-03
751,4.9999999996970384552597010952013079077005e-03
752,4.9999999996080159159195233087302767671645e-03
753,5.0000000000129810398541430060959100956097e-03
754,4.9999999996970384552597010952013079077005e-03
755,4.9999999996080159159195233087302767671645e-03
756,5.0000000000129810398541430060959100956097e-03
757,4.9999999996970384552597010952013079077005e-03
758,5.0000000000129810398541430060959100956097e-03
759,4.9999999996970384552597010952013079077005e-03
760,4.9999999996080159159195233087302767671645e-03
761,5.0000000000129810398541430060959100956097e-03
762,4.9999999996970384552597010952013079077005e-03
763,4.9999999996080159159195233087302767671645e-03
764,5.0000000000129810398541430060959100956097e-03
765,4.9999999996970384552597010952013079077005e-03
766,5.0000000000129810398541430060959100956097e-03
767,4.9999999994304322736837775664753280580044e-03
768,4.9999999996328892484798167572535021463409e-03
769,4.9999999999242664139309511028841370716691e-03
770,4.9999999994304322736837775664753280580044e-03
771,4.9999999996328892484798167572535021463409e-03
772,4.9999999999242664139309511028841370716691e-03
773,4.9999999994304322736837775664753280580044e-03
774,4.9999999996328892484798167572535021463409e-03
775,4.9999999999242664139309511028841370716691e-03
776,4.9999999999242664139309511028841370716691e-03
777,4.9999999994304322736837775664753280580044e-03
778,4.9999999996328892484798167572535021463409e-03
779,4.9999999999242664139309511028841370716691e-03
780,4.9999999994304322736837775664753280580044e-03
781,4.9999999996328892484798167572535021463409e-03
782,4.9999999999242664139309511028841370716691e-03
783,4.9999999994304322736837775664753280580044e-03
784,4.9999999996328892484798167572535021463409e-03
785,4.9999999999242664139309511028841370716691e-03
786,4.9999999994304322736837775664753280580044e-03
787,4.9999999996328892484798167572535021463409e-03
788,4.9999999999242664139309511028841370716691e-03
789,4.9999999994304322736837775664753280580044e-03
790,4.9999999996328892484798167572535021463409e-03
791,4.9999999999242664139309511028841370716691e-03
792,4.9999999994304322736837775664753280580044e-03
793,4.9999999996328892484798167572535021463409e-03
794,4.9999999999242664139309511028841370716691e-03
795,4.9999999994304322736837775664753280580044e-03
796,4.9999999996328892484798167572535021463409e-03
797,4.9999999999242664139309511028841370716691e-03
798,4.9999999994304322736837775664753280580044e-03
799,4.9999999996328892484798167572535021463409e-03
800,4.9999999999242664139309511028841370716691e-03
801,4.9999999999242664139309511028841370716691e-03
802,4.9999999994304322736837775664753280580044e-03
803,4.9999999996328892484798167572535021463409e-03
804,4.9999999999242664139309511028841370716691e-03
805,4.9999999994304322736837775664753280580044e-03
806,4.9999999996328892484798167572535021463409e-03
807,4.9999999999242664139309511028841370716691e-03
808,4.9999999994304322736837775664753280580044e-03
809,4.9999999996328892484798167572535021463409e-03
810,4.9999999999242664139309511028841370716691e-03
811,4.9999999994304322736837775664753280580044e-03
812,4.9999999996328892484798167572535021463409e-03
813,4.9999999999242664139309511028841370716691e-03
814,4.9999999994304322736837775664753280580044e-03
815,4.9999999996328892484798167572535021463409e-03
816,4.9999999999242664139309511028841370716691e-03
817,4.9999999994304322736837775664753280580044e-03
818,4.9999999996328892484798167572535021463409e-03
819,4.9999999999242664139309511028841370716691e-03
820,4.9999999994304322736837775664753280580044e-03
821,4.9999999996328892484798167572535021463409e-03
822,4.9999999999242664139309511028841370716691e-03
823,4.9999999994304322736837775664753280580044e-03
824,4.9999999996328892484798167572535021463409e-03
825,4.9999999999242664139309511028841370716691e-03
826,4.9999999999242664139309511028841370716691e-03
827,4.9999999994304322736837775664753280580044e-03
828,4.9999999996328892484798167572535021463409e-03
829,4.9999999999242664139309511028841370716691e-03
830,4.9999999994304322736837775664753280580044e-03
831,4.9999999996328892484798167572535021463409e-03
832,4.9999999999242664139309511028841370716691e-03
833,4.9999999994304322736837775664753280580044e-03
834,4.9999999996328892484798167572535021463409e-03
835,4.9999999999242664139309511028841370716691e-03
836,4.9999999994304322736837775664753280580044e-03
837,4.9999999996328892484798167572535021463409e-03
838,4.9999999999242664139309511028841370716691e-03
839,4.9999999994304322736837775664753280580044e-03
840,4.9999999996328892484798167572535021463409e-03
841,4.9999999999242664139309511028841370716691e-03
842,4.9999999994304322736837775664753280580044e-03
843,4.9999999996328892484798167572535021463409e-03
844,4.9999999999242664139309511028841370716691e-03
845,4.9999999994304322736837775664753280580044e-03
846,4.9999999996328892484798167572535021463409e-03
847,4.9999999999242664139309511028841370716691e-03
848,4.9999999994304322736837775664753280580044e-03
849,4.9999999996328892484798167572535021463409e-03
850,4.9999999999242664139309511028841370716691e-03
851,4.9999999994304322736837775664753280580044e-03
852,4.9999999996328892484798167572535021463409e-03
853,4.9999999999242664139309511028841370716691e-03
854,4.9999999999242664139309511028841370716691e-03
855,4.9999999994304322736837775664753280580044e-03
856,4.9999999996328892484798167572535021463409e-03
857,4.9999999999242664139309511028841370716691e-03
858,4.9999999994304322736837775664753280580044e-03
859,4.9999999996328892484798167572535021463409e-03
860,4.9999999999242664139309511028841370716691e-03
861,4.9999999994304322736837775664753280580044e-03
862,4.9999999996328892484798167572535021463409e-03
863,4.9999999999242664139309511028841370716691e-03
864,4.9999999994304322736837775664753280580044e-03
865,4.9999999996328892484798167572535021463409e-03
866,4.9999999999242664139309511028841370716691e-03
867,4.9999999994304322736837775664753280580044e-03
868,4.9999999996328892484798167572535021463409e-03
869,4.9999999999242664139309511028841370716691e-03
870,4.9999999994304322736837775664753280580044e-03
871,4.9999999996328892484798167572535021463409e-03
872,4.9999999999242664139309511028841370716691e-03
873,4.9999999999242664139309511028841370716691e-03
874,4.9999999999242664139309511028841370716691e-03
875,4.9999999998603219045212320281734719173983e-03
876,4.9999999997218094391349119121059629833326e-03
877,4.9999999999242664139309511028841370716691e-03
878,4.9999999999242664139309511028841370716691e-03
879,4.9999999999242664139309511028841370716691e-03
880,4.9999999999242664139309511028841370716691e-03
881,4.9999999998603219045212320281734719173983e-03
882,4.9999999997218094391349119121059629833326e-03
883,4.9999999999242664139309511028841370716691e-03
884,4.9999999999242664139309511028841370716691e-03
885,4.9999999999242664139309511028841370716691e-03
886,4.9999999999242664139309511028841370716691e-03
887,4.9999999998603219045212320281734719173983e-03
888,4.9999999997218094391349119121059629833326e-03
889,4.9999999999242664139309511028841370716691e-03
890,4.9999999999242664139309511028841370716691e-03
891,4.9999999999242664139309511028841370716691e-03
892,4.9999999999242664139309511028841370716691e-03
893,4.9999999999242664139309511028841370716691e-03
894,4.9999999998603219045212320281734719173983e-03
895,4.9999999997218094391349119121059629833326e-03
896,4.9999999999242664139309511028841370716691e-03
897,4.9999999999242664139309511028841370716691e-03
898,4.9999999999242664139309511028841370716691e-03
899,4.9999999999242664139309511028841370716691e-03
900,4.9999999998603219045212320281734719173983e-03
901,4.9999999997218094391349119121059629833326e-03
902,4.9999999999242664139309511028841370716691e-03
903,4.9999999999242664139309511028841370716691e-03
904,4.9999999999242664139309511028841370716691e-03
905,4.9999999999242664139309511028841370716691e-03
906,4.9999999998603219045212320281734719173983e-03
907,4.9999999997218094391349119121059629833326e-03
908,4.9999999999242664139309511028841370716691e-03
909,4.9999999999242664139309511028841370716691e-03
910,4.9999999999242664139309511028841370716691e-03
911,4.9999999999242664139309511028841370716691e-03
912,4.9999999998603219045212320281734719173983e-03
913,4.9999999997218094391349119121059629833326e-03
914,4.9999999999242664139309511028841370716691e-03
915,4.9999999999242664139309511028841370716691e-03
916,4.9999999999242664139309511028841370716691e-03
917,4.9999999999242664139309511028841370716691e-03
918,4.9999999999242664139309511028841370716691e-03
919,4.9999999998603219045212320281734719173983e-03
920,4.9999999997218094391349119121059629833326e-03
921,4.9999999999242664139309511028841370716691e-03
922,4.9999999999242664139309511028841370716691e-03
923,4.9999999999242664139309511028841370716691e-03
924,4.9999999999242664139309511028841370716691e-03
925,4.9999999998603219045212320281734719173983e-03
926,4.9999999997218094391349119121059629833326e-03
927,4.9999999999242664139309511028841370716691e-03
928,4.9999999999242664139309511028841370716691e-03
929,4.9999999999242664139309511028841370716691e-03
930,4.9999999999242664139309511028841370716691e-03
931,4.9999999998603219045212320281734719173983e-03
932,4.9999999997218094391349119121059629833326e-03
933,4.9999999999242664139309511028841370716691e-03
934,4.9999999999242664139309511028841370716691e-03
935,4.9999999999242664139309511028841370716691e-03
936,4.9999999999242664139309511028841370716691e-03
937,4.9999999998603219045212320281734719173983e-03
938,4.9999999997218094391349119121059629833326e-03
939,4.9999999999242664139309511028841370716691e-03
940,4.9999999999242664139309511028841370716691e-03
941,4.9999999999242664139309511028841370716691e-03
942,4.9999999999242664139309511028841370716691e-03
943,4.9999999999242664139309511028841370716691e-03
944,4.9999999998603219045212320281734719173983e-03
945,4.9999999997218094391349119121059629833326e-03
946,4.9999999999242664139309511028841370716691e-03
947,4.9999999999242664139309511028841370716691e-03
948,4.9999999999242664139309511028841370716691e-03
949,4.9999999999242664139309511028841370716691e-03
950,4.9999999998603219045212320281734719173983e-03
951,4.9999999997218094391349119121059629833326e-03
952,4.9999999999242664139309511028841370716691e-03
953,4.9999999999242664139309511028841370716691e-03
954,4.9999999999242664139309511028841370716691e-03
955,4.9999999999242664139309511028841370716691e-03
956,4.9999999998603219045212320281734719173983e-03
957,4.9999999997218094391349119121059629833326e-03
958,4.9999999999242664139309511028841370716691e-03
959,4.9999999999242664139309511028841370716691e-03
960,4.9999999999242664139309511028841370716691e-03
961,4.9999999999242664139309511028841370716691e-03
962,4.9999999998603219045212320281734719173983e-03
963,4.9999999997218094391349119121059629833326e-03
964,4.9999999999242664139309511028841370716691e-03
965,4.9999999999242664139309511028841370716691e-03
966,4.9999999999242664139309511028841370716691e-03
967,4.9999999999242664139309511028841370716691e-03
968,4.9999999999242664139309511028841370716691e-03
969,4.9999999998603219045212320281734719173983e-03
970,4.9999999997218094391349119121059629833326e-03
971,4.9999999999242664139309511028841370716691e-03
972,4.9999999999242664139309511028841370716691e-03
973,4.9999999999242664139309511028841370716691e-03
974,4.9999999999242664139309511028841370716691e-03
975,4.9999999998603219045212320281734719173983e-03
976,4.9999999997218094391349119121059629833326e-03
977,4.9999999999242664139309511028841370716691e-03
978,4.9999999999242664139309511028841370716691e-03
979,4.9999999999242664139309511028841370716691e-03
980,4.9999999999242664139309511028841370716691e-03
981,4.9999999998603219045212320281734719173983e-03
982,4.9999999997218094391349119121059629833326e-03
983,4.9999999999242664139309511028841370716691e-03
984,4.9999999999242664139309511028841370716691e-03
985,4.9999999999242664139309511028841370716691e-03
986,4.9999999999242664139309511028841370716691e-03
987,4.9999999998603219045212320281734719173983e-03
988,4.9999999997218094391349119121059629833326e-03
989,3.2900037993898707533446668094256892800331e+00
990,3.2900037993899222676930094166891649365425e+00
991,4.9999999994811026790553221132995531661436e-03
992,4.9999999998222776839695846717859240015969e-03
993,5.0000000000248361400889685057791211875156e-03
994,4.9999999994811026790553221132995531661436e-03
995,4.9999999998222776839695846717859240015969e-03
996,5.0000000000248361400889685057791211875156e-03
997,4.9999999994811026790553221132995531661436e-03
998,4.9999999998222776839695846717859240015969e-03
999,5.0000000000248361400889685057791211875156e-03
1000,4.9999999994811026790553221132995531661436e-03
1001,4.9999999998222776839695846717859240015969e-03
1002,5.0000000000248361400889685057791211875156e-03
1003,5.0000000000248361400889685057791211875156e-03
1004,4.9999999994811026790553221132995531661436e-03
1005,4.9999999998222776839695846717859240015969e-03
1006,4.9999999994811026790553221132995531661436e-03
1007,4.9999999998222776839695846717859240015969e-03
1008,5.0000000000248361400889685057791211875156e-03
1009,5.0000000000248361400889685057791211875156e-03
1010,4.9999999994811026790553221132995531661436e-03
1011,4.9999999998222776839695846717859240015969e-03
1012,5.0000000000248361400889685057791211875156e-03
1013,4.9999999994811026790553221132995531661436e-03
1014,4.9999999998222776839695846717859240015969e-03
1015,5.0000000000248361400889685057791211875156e-03
1016,4.9999999994811026790553221132995531661436e-03
1017,4.9999999998222776839695846717859240015969e-03
1018,5.0000000000248361400889685057791211875156e-03
1019,4.9999999994811026790553221132995531661436e-03
1020,4.9999999998222776839695846717859240015969e-03
1021,5.0000000000248361400889685057791211875156e-03
1022,5.0000000000248361400889685057791211875156e-03
1023,4.9999999994811026790553221132995531661436e-03
1024,4.9999999998222776839695846717859240015969e-03
1025,4.9999999994811026790553221132995531661436e-03
1026,4.9999999998222776839695846717859240015969e-03
1027,5.0000000000248361400889685057791211875156e-03
1028,5.0000000000248361400889685057791211875156e-03
1029,4.9999999994811026790553221132995531661436e-03
1030,4.9999999998222776839695846717859240015969e-03
1031,4.9999999994811026790553221132995531661436e-03
1032,4.9999999998222776839695846717859240015969e-03
1033,5.0000000000248361400889685057791211875156e-03
1034,5.0000000000248361400889685057791211875156e-03
1035,4.9999999994811026790553221132995531661436e-03
1036,4.9999999998222776839695846717859240015969e-03
1037,4.9999999994811026790553221132995531661436e-03
1038,4.9999999998222776839695846717859240015969e-03
1039,5.0000000000248361400889685057791211875156e-03
1040,5.0000000000248361400889685057791211875156e-03
1041,4.9999999994811026790553221132995531661436e-03
1042,4.9999999998222776839695846717859240015969e-03
1043,4.9999999994811026790553221132995531661436e-03
1044,4.9999999998222776839695846717859240015969e-03
1045,5.0000000000248361400889685057791211875156e-03
1046,5.0000000000248361400889685057791211875156e-03
1047,5.0000000000248361400889685057791211875156e-03
1048,4.9999999994811026790553221132995531661436e-03
1049,4.9999999998222776839695846717859240015969e-03
1050,4.9999999993675450782326663556887069717050e-03
1051,4.9999999994562709798584521081465936731547e-03
1052,4.9999999999360651356528073563367797760293e-03
1053,4.9999999993675450782326663556887069717050e-03
1054,4.9999999994562709798584521081465936731547e-03
1055,4.9999999999360651356528073563367797760293e-03
1056,4.9999999993675450782326663556887069717050e-03
1057,4.9999999994562709798584521081465936731547e-03
1058,4.9999999999360651356528073563367797760293e-03
1059,4.9999999993675450782326663556887069717050e-03
1060,4.9999999999360651356528073563367797760293e-03
1061,4.9999999993675450782326663556887069717050e-03
1062,4.9999999994562709798584521081465936731547e-03
1063,4.9999999999360651356528073563367797760293e-03
1064,4.9999999993675450782326663556887069717050e-03
1065,4.9999999994562709798584521081465936731547e-03
1066,4.9999999999360651356528073563367797760293e-03
1067,4.9999999993675450782326663556887069717050e-03
1068,4.9999999994562709798584521081465936731547e-03
1069,4.9999999999360651356528073563367797760293e-03
1070,4.9999999993675450782326663556887069717050e-03
1071,4.9999999994562709798584521081465936731547e-03
1072,4.9999999999360651356528073563367797760293e-03
1073,4.9999999993675450782326663556887069717050e-03
1074,4.9999999999360651356528073563367797760293e-03
1075,4.9999999993675450782326663556887069717050e-03
1076,4.9999999994562709798584521081465936731547e-03
1077,4.9999999999360651356528073563367797760293e-03
1078,4.9999999993675450782326663556887069717050e-03
1079,4.9999999994562709798584521081465936731547e-03
1080,4.9999999999360651356528073563367797760293e-03
1081,4.9999999993675450782326663556887069717050e-03
1082,4.9999999994562709798584521081465936731547e-03
1083,4.9999999999360651356528073563367797760293e-03
1084,4.9999999993675450782326663556887069717050e-03
1085,4.9999999994562709798584521081465936731547e-03
1086,4.9999999999360651356528073563367797760293e-03
1087,4.9999999993675450782326663556887069717050e-03
1088,4.9999999999360651356528073563367797760293e-03
1089,4.9999999993675450782326663556887069717050e-03
1090,4.9999999994562709798584521081465936731547e-03
1091,4.9999999999360651356528073563367797760293e-03
1092,4.9999999993675450782326663556887069717050e-03
1093,4.9999999994562709798584521081465936731547e-03
1094,4.9999999999360651356528073563367797760293e-03
1095,4.9999999993675450782326663556887069717050e-03
1096,4.9999999999360651356528073563367797760293e-03
1097,4.9999999994811026790553221132995531661436e-03
1098,4.9999999998222776839695846717859240015969e-03
1099,5.0000000000248361400889685057791211875156e-03
1100,4.9999999994811026790553221132995531661436e-03
1101,4.9999999998222776839695846717859240015969e-03
1102,5.0000000000248361400889685057791211875156e-03
1103,4.9999999994811026790553221132995531661436e-03
1104,4.9999999998222776839695846717859240015969e-03
1105,5.0000000000248361400889685057791211875156e-03
1106,5.0000000000248361400889685057791211875156e-03
1107,4.9999999994811026790553221132995531661436e-03
1108,4.9999999998222776839695846717859240015969e-03
1109,5.0000000000248361400889685057791211875156e-03
1110,4.9999999994811026790553221132995531661436e-03
1111,4.9999999998222776839695846717859240015969e-03
1112,5.0000000000248361400889685057791211875156e-03
1113,4.9999999994811026790553221132995531661436e-03
1114,4.9999999998222776839695846717859240015969e-03
1115,5.0000000000248361400889685057791211875156e-03
1116,4.9999999994811026790553221132995531661436e-03
1117,4.9999999998222776839695846717859240015969e-03
1118,5.0000000000248361400889685057791211875156e-03
1119,4.9999999994811026790553221132995531661436e-03
1120,4.9999999998222776839695846717859240015969e-03
1121,5.0000000000248361400889685057791211875156e-03
1122,4.9999999994811026790553221132995531661436e-03
1123,4.9999999998222776839695846717859240015969e-03
1124,5.0000000000248361400889685057791211875156e-03
1125,4.9999999994811026790553221132995531661436e-03
1126,4.9999999998222776839695846717859240015969e-03
1127,5.0000000000248361400889685057791211875156e-03
1128,4.9999999994811026790553221132995531661436e-03
1129,4.9999999998222776839695846717859240015969e-03
1130,5.0000000000248361400889685057791211875156e-03
1131,5.0000000000248361400889685057791211875156e-03
1132,4.9999999994811026790553221132995531661436e-03
1133,4.9999999998222776839695846717859240015969e-03
1134,5.0000000000248361400889685057791211875156e-03
1135,4.9999999994811026790553221132995531661436e-03
1136,4.9999999998222776839695846717859240015969e-03
1137,5.0000000000248361400889685057791211875156e-03
1138,4.9999999994811026790553221132995531661436e-03
1139,4.9999999998222776839695846717859240015969e-03
1140,5.0000000000248361400889685057791211875156e-03
1141,4.9999999994811026790553221132995531661436e-03
1142,4.9999999998222776839695846717859240015969e-03
1143,5.0000000000248361400889685057791211875156e-03
1144,4.9999999994811026790553221132995531661436e-03
1145,4.9999999998222776839695846717859240015969e-03
1146,5.0000000000248361400889685057791211875156e-03
1147,4.9999999994811026790553221132995531661436e-03
1148,4.9999999998222776839695846717859240015969e-03
1149,5.0000000000248361400889685057791211875156e-03
1150,4.9999999994811026790553221132995531661436e-03
1151,4.9999999998222776839695846717859240015969e-03
1152,5.0000000000248361400889685057791211875156e-03
1153,4.9999999994811026790553221132995531661436e-03
1154,4.9999999998222776839695846717859240015969e-03
1155,5.0000000000248361400889685057791211875156e-03
1156,5.0000000000248361400889685057791211875156e-03
1157,4.9999999994811026790553221132995531661436e-03
1158,4.9999999998222776839695846717859240015969e-03
1159,5.0000000000248361400889685057791211875156e-03
1160,4.9999999994811026790553221132995531661436e-03
1161,4.9999999998222776839695846717859240015969e-03
1162,5.0000000000248361400889685057791211875156e-03
1163,4.9999999994811026790553221132995531661436e-03
1164,4.9999999998222776839695846717859240015969e-03
1165,5.0000000000248361400889685057791211875156e-03
1166,4.9999999994811026790553221132995531661436e-03
1167,4.9999999998222776839695846717859240015969e-03
1168,5.0000000000248361400889685057791211875156e-03
1169,4.9999999994811026790553221132995531661436e-03
1170,4.9999999998222776839695846717859240015969e-03
1171,5.0000000000248361400889685057791211875156e-03
1172,4.9999999994811026790553221132995531661436e-03
1173,4.9999999998222776839695846717859240015969e-03
1174,5.0000000000248361400889685057791211875156e-03
1175,4.9999999994811026790553221132995531661436e-03
1176,4.9999999998222776839695846717859240015969e-03
1177,5.0000000000248361400889685057791211875156e-03
1178,4.9999999994811026790553221132995531661436e-03
1179,4.9999999998222776839695846717859240015969e-03
1180,5.0000000000248361400889685057791211875156e-03
1181,4.9999999994811026790553221132995531661436e-03
1182,4.9999999998222776839695846717859240015969e-03
1183,5.0000000000248361400889685057791211875156e-03
1184,5.0000000000248361400889685057791211875156e-03
1185,4.9999999994811026790553221132995531661436e-03
1186,4.9999999998222776839695846717859240015969e-03
1187,5.0000000000248361400889685057791211875156e-03
1188,4.9999999994811026790553221132995531661436e-03
1189,4.9999999998222776839695846717859240015969e-03
1190,5.0000000000248361400889685057791211875156e-03
1191,4.9999999994811026790553221132995531661436e-03
1192,4.9999999998222776839695846717859240015969e-03
1193,5.0000000000248361400889685057791211875156e-03
1194,4.9999999994811026790553221132995531661436e-03
1195,4.9999999998222776839695846717859240015969e-03
1196,5.0000000000248361400889685057791211875156e-03
1197,4.9999999994811026790553221132995531661436e-03
1198,4.9999999998222776839695846717859240015969e-03
1199,5.0000000000248361400889685057791211875156e-03
1200,4.9999999994811026790553221132995531661436e-03
1201,4.9999999998222776839695846717859240015969e-03
1202,5.0000000000248361400889685057791211875156e-03
1203,5.0000000000248361400889685057791211875156e-03
1204,5.0000000000248361400889685057791211875156e-03
1205,4.9999999999037524414657873705891688587144e-03
1206,4.9999999998223236541416980571739259175956e-03
1207,5.0000000000248361400889685057791211875156e-03
1208,5.0000000000248361400889685057791211875156e-03
1209,5.0000000000248361400889685057791211875156e-03
1210,5.0000000000248361400889685057791211875156e-03
1211,4.9999999999037524414657873705891688587144e-03
1212,4.9999999998223236541416980571739259175956e-03
1213,5.0000000000248361400889685057791211875156e-03
1214,5.0000000000248361400889685057791211875156e-03
1215,5.0000000000248361400889685057791211875156e-03
1216,5.0000000000248361400889685057791211875156e-03
1217,4.9999999999037524414657873705891688587144e-03
1218,4.9999999998223236541416980571739259175956e-03
1219,5.0000000000248361400889685057791211875156e-03
1220,5.0000000000248361400889685057791211875156e-03
1221,5.0000000000248361400889685057791211875156e-03
1222,5.0000000000248361400889685057791211875156e-03
1223,5.0000000000248361400889685057791211875156e-03
1224,4.9999999999037524414657873705891688587144e-03
1225,4.9999999998223236541416980571739259175956e-03
1226,5.0000000000248361400889685057791211875156e-03
1227,5.0000000000248361400889685057791211875156e-03
1228,5.0000000000248361400889685057791211875156e-03
1229,5.0000000000248361400889685057791211875156e-03
1230,4.9999999999037524414657873705891688587144e-03
1231,4.9999999998223236541416980571739259175956e-03
1232,5.0000000000248361400889685057791211875156e-03
1233,5.0000000000248361400889685057791211875156e-03
1234,5.0000000000248361400889685057791211875156e-03
1235,5.0000000000248361400889685057791211875156e-03
1236,4.9999999999037524414657873705891688587144e-03
1237,4.9999999998223236541416980571739259175956e-03
1238,5.0000000000248361400889685057791211875156e-03
1239,5.0000000000248361400889685057791211875156e-03
1240,5.0000000000248361400889685057791211875156e-03
1241,5.0000000000248361400889685057791211875156e-03
1242,4.9999999999037524414657873705891688587144e-03
1243,4.9999999998223236541416980571739259175956e-03
1244,5.0000000000248361400889685057791211875156e-03
1245,5.0000000000248361400889685057791211875156e-03
1246,5.0000000000248361400889685057791211875156e-03
1247,5.0000000000248361400889685057791211875156e-03
1248,5.0000000000248361400889685057791211875156e-03
1249,4.9999999999037524414657873705891688587144e-03
1250,4.9999999998223236541416980571739259175956e-03
1251,5.0000000000248361400889685057791211875156e-03
1252,5.0000000000248361400889685057791211875156e-03
1253,5.0000000000248361400889685057791211875156e-03
1254,5.0000000000248361400889685057791211875156e-03
1255,4.9999999999037524414657873705891688587144e-03
1256,4.9999999998223236541416980571739259175956e-03
1257,5.0000000000248361400889685057791211875156e-03
1258,5.0000000000248361400889685057791211875156e-03
1259,5.0000000000248361400889685057791211875156e-03
1260,5.0000000000248361400889685057791211875156e-03
1261,4.9999999999037524414657873705891688587144e-03
1262,4.9999999998223236541416980571739259175956e-03
1263,5.0000000000248361400889685057791211875156e-03
1264,5.0000000000248361400889685057791211875156e-03
1265,5.0000000000248361400889685057791211875156e-03
1266,5.0000000000248361400889685057791211875156e-03
1267,4.9999999999037524414657873705891688587144e-03
1268,4.9999999998223236541416980571739259175956e-03
1269,5.0000000000248361400889685057791211875156e-03
1270,5.0000000000248361400889685057791211875156e-03
1271,5.0000000000248361400889685057791211875156e-03
1272,5.0000000000248361400889685057791211875156e-03
1273,5.0000000000248361400889685057791211875156e-03
1274,4.9999999999037524414657873705891688587144e-03
1275,4.9999999998223236541416980571739259175956e-03
1276,5.0000000000248361400889685057791211875156e-03
1277,5.0000000000248361400889685057791211875156e-03
1278,5.0000000000248361400889685057791211875156e-03
1279,5.0000000000248361400889685057791211875156e-03
1280,4.9999999999037524414657873705891688587144e-03
1281,4.9999999998223236541416980571739259175956e-03
1282,5.0000000000248361400889685057791211875156e-03
1283,5.0000000000248361400889685057791211875156e-03
1284,5.0000000000248361400889685057791211875156e-03
1285,5.0000000000248361400889685057791211875156e-03
1286,4.9999999999037524414657873705891688587144e-03
1287,4.9999999998223236541416980571739259175956e-03
1288,5.0000000000248361400889685057791211875156e-03
1289,5.0000000000248361400889685057791211875156e-03
1290,5.0000000000248361400889685057791211875156e-03
1291,5.0000000000248361400889685057791211875156e-03
1292,4.9999999999037524414657873705891688587144e-03
1293,4.9999999998223236541416980571739259175956e-03
1294,5.0000000000248361400889685057791211875156e-03
1295,5.0000000000248361400889685057791211875156e-03
1296,5.0000000000248361400889685057791211875156e-03
1297,5.0000000000248361400889685057791211875156e-03
1298,5.0000000000248361400889685057791211875156e-03
1299,4.9999999999037524414657873705891688587144e-03
1300,4.9999999998223236541416980571739259175956e-03
1301,5.0000000000248361400889685057791211875156e-03
1302,5.0000000000248361400889685057791211875156e-03
1303,5.0000000000248361400889685057791211875156e-03
1304,5.0000000000248361400889685057791211875156e-03
1305,4.9999999999037524414657873705891688587144e-03
1306,4.9999999998223236541416980571739259175956e-03
1307,5.0000000000248361400889685057791211875156e-03
1308,5.0000000000248361400889685057791211875156e-03
1309,5.0000000000248361400889685057791211875156e-03
1310,5.0000000000248361400889685057791211875156e-03
1311,4.9999999999037524414657873705891688587144e-03
1312,4.9999999998223236541416980571739259175956e-03
1313,5.0000000000248361400889685057791211875156e-03
1314,5.0000000000248361400889685057791211875156e-03
1315,5.0000000000248361400889685057791211875156e-03
1316,5.0000000000248361400889685057791211875156e-03
1317,4.9999999999037524414657873705891688587144e-03
1318,4.9999999998223236541416980571739259175956e-03
1319,3.2900037993896549259886796789942309260368e+00
1320,3.2900037993898156862826454016612842679024e+00
1321,4.9999999999911729636759005757085105869919e-03
1322,4.9999999997390187633783398268860764801502e-03
1323,4.9999999995755592396839972479938296601176e-03
1324,4.9999999999911729636759005757085105869919e-03
1325,4.9999999997390187633783398268860764801502e-03
1326,4.9999999995755592396839972479938296601176e-03
1327,4.9999999999911729636759005757085105869919e-03
1328,4.9999999997390187633783398268860764801502e-03
1329,4.9999999995755592396839972479938296601176e-03
1330,4.9999999999911729636759005757085105869919e-03
1331,4.9999999997390187633783398268860764801502e-03
1332,4.9999999995755592396839972479938296601176e-03
1333,4.9999999995755592396839972479938296601176e-03
1334,4.9999999999911729636759005757085105869919e-03
1335,4.9999999997390187633783398268860764801502e-03
1336,4.9999999999911729636759005757085105869919e-03
1337,4.9999999997390187633783398268860764801502e-03
1338,4.9999999995755592396839972479938296601176e-03
1339,4.9999999995755592396839972479938296601176e-03
1340,4.9999999999911729636759005757085105869919e-03
1341,4.9999999997390187633783398268860764801502e-03
1342,4.9999999995755592396839972479938296601176e-03
1343,4.9999999999911729636759005757085105869919e-03
1344,4.9999999997390187633783398268860764801502e-03
1345,4.9999999995755592396839972479938296601176e-03
1346,4.9999999999911729636759005757085105869919e-03
1347,4.9999999997390187633783398268860764801502e-03
1348,4.9999999995755592396839972479938296601176e-03
1349,4.9999999999911729636759005757085105869919e-03
1350,4.9999999997390187633783398268860764801502e-03
1351,4.9999999995755592396839972479938296601176e-03
1352,4.9999999995755592396839972479938296601176e-03
1353,4.9999999999911729636759005757085105869919e-03
1354,4.9999999997390187633783398268860764801502e-03
1355,4.9999999999911729636759005757085105869919e-03
1356,4.9999999997390187633783398268860764801502e-03
1357,4.9999999995755592396839972479938296601176e-03
1358,4.9999999995755592396839972479938296601176e-03
1359,4.9999999999911729636759005757085105869919e-03
1360,4.9999999997390187633783398268860764801502e-03
1361,4.9999999999911729636759005757085105869919e-03
1362,4.9999999997390187633783398268860764801502e-03
1363,4.9999999995755592396839972479938296601176e-03
1364,4.9999999995755592396839972479938296601176e-03
1365,4.9999999999911729636759005757085105869919e-03
1366,4.9999999997390187633783398268860764801502e-03
1367,4.9999999999911729636759005757085105869919e-03
1368,4.9999999997390187633783398268860764801502e-03
1369,4.9999999995755592396839972479938296601176e-03
1370,4.9999999995755592396839972479938296601176e-03
1371,4.9999999999911729636759005757085105869919e-03
1372,4.9999999997390187633783398268860764801502e-03
1373,4.9999999999911729636759005757085105869919e-03
1374,4.9999999997390187633783398268860764801502e-03
1375,4.9999999995755592396839972479938296601176e-03
1376,4.9999999995755592396839972479938296601176e-03
1377,4.9999999995755592396839972479938296601176e-03
1378,4.9999999999911729636759005757085105869919e-03
1379,4.9999999997390187633783398268860764801502e-03
1380,4.9999999995754378090406788714972208254039e-03
1381,4.9999999997140569599207715612010360928252e-03
1382,4.9999999999166128139549414299835916608572e-03
1383,4.9999999995754378090406788714972208254039e-03
1384,4.9999999997140569599207715612010360928252e-03
1385,4.9999999999166128139549414299835916608572e-03
1386,4.9999999995754378090406788714972208254039e-03
1387,4.9999999997140569599207715612010360928252e-03
1388,4.9999999999166128139549414299835916608572e-03
1389,4.9999999995754378090406788714972208254039e-03
1390,4.9999999999166128139549414299835916608572e-03
1391,4.9999999995754378090406788714972208254039e-03
1392,4.9999999997140569599207715612010360928252e-03
1393,4.9999999999166128139549414299835916608572e-03
1394,4.9999999995754378090406788714972208254039e-03
1395,4.9999999997140569599207715612010360928252e-03
1396,4.9999999999166128139549414299835916608572e-03
1397,4.9999999995754378090406788714972208254039e-03
1398,4.9999999997140569599207715612010360928252e-03
1399,4.9999999999166128139549414299835916608572e-03
1400,4.9999999995754378090406788714972208254039e-03
1401,4.9999999997140569599207715612010360928252e-03
1402,4.9999999999166128139549414299835916608572e-03
1403,4.9999999995754378090406788714972208254039e-03
1404,4.9999999999166128139549414299835916608572e-03
1405,4.9999999995754378090406788714972208254039e-03
1406,4.9999999997140569599207715612010360928252e-03
1407,4.9999999999166128139549414299835916608572e-03
1408,4.9999999995754378090406788714972208254039e-03
1409,4.9999999997140569599207715612010360928252e-03
1410,4.9999999999166128139549414299835916608572e-03
1411,4.9999999995754378090406788714972208254039e-03
1412,4.9999999997140569599207715612010360928252e-03
1413,4.9999999999166128139549414299835916608572e-03
1414,4.9999999995754378090406788714972208254039e-03
1415,4.9999999997140569599207715612010360928252e-03
1416,4.9999999999166128139549414299835916608572e-03
1417,4.9999999995754378090406788714972208254039e-03
1418,4.9999999999166128139549414299835916608572e-03
1419,4.9999999995754378090406788714972208254039e-03
1420,4.9999999997140569599207715612010360928252e-03
1421,4.9999999999166128139549414299835916608572e-03
1422,4.9999999995754378090406788714972208254039e-03
1423,4.9999999997140569599207715612010360928252e-03
1424,4.9999999999166128139549414299835916608572e-03
1425,4.9999999995754378090406788714972208254039e-03
1426,4.9999999999166128139549414299835916608572e-03
1427,4.9999999999911729636759005757085105869919e-03
1428,4.9999999997390187633783398268860764801502e-03
1429,4.9999999995755592396839972479938296601176e-03
1430,4.9999999999911729636759005757085105869919e-03
1431,4.9999999997390187633783398268860764801502e-03
1432,4.9999999995755592396839972479938296601176e-03
1433,4.9999999999911729636759005757085105869919e-03
1434,4.9999999997390187633783398268860764801502e-03
1435,4.9999999995755592396839972479938296601176e-03
1436,4.9999999995755592396839972479938296601176e-03
1437,4.9999999999911729636759005757085105869919e-03
1438,4.9999999997390187633783398268860764801502e-03
1439,4.9999999995755592396839972479938296601176e-03
1440,4.9999999999911729636759005757085105869919e-03
1441,4.9999999997390187633783398268860764801502e-03
1442,4.9999999995755592396839972479938296601176e-03
1443,4.9999999999911729636759005757085105869919e-03
1444,4.9999999997390187633783398268860764801502e-03
1445,4.9999999995755592396839972479938296601176e-03
1446,4.9999999999911729636759005757085105869919e-03
1447,4.9999999997390187633783398268860764801502e-03
1448,4.9999999995755592396839972479938296601176e-03
1449,4.9999999999911729636759005757085105869919e-03
1450,4.9999999997390187633783398268860764801502e-03
1451,4.9999999995755592396839972479938296601176e-03
1452,4.9999999999911729636759005757085105869919e-03
1453,4.9999999997390187633783398268860764801502e-03
1454,4.9999999995755592396839972479938296601176e-03
1455,4.9999999999911729636759005757085105869919e-03
1456,4.9999999997390187633783398268860764801502e-03
1457,4.9999999995755592396839972479938296601176e-03
1458,4.9999999999911729636759005757085105869919e-03
1459,4.9999999997390187633783398268860764801502e-03
1460,4.9999999995755592396839972479938296601176e-03
1461,4.9999999995755592396839972479938296601176e-03
1462,4.9999999999911729636759005757085105869919e-03
1463,4.9999999997390187633783398268860764801502e-03
1464,4.9999999995755592396839972479938296601176e-03
1465,4.9999999999911729636759005757085105869919e-03
1466,4.9999999997390187633783398268860764801502e-03
1467,4.9999999995755592396839972479938296601176e-03
1468,4.9999999999911729636759005757085105869919e-03
1469,4.9999999997390187633783398268860764801502e-03
1470,4.9999999995755592396839972479938296601176e-03
1471,4.9999999999911729636759005757085105869919e-03
1472,4.9999999997390187633783398268860764801502e-03
1473,4.9999999995755592396839972479938296601176e-03
1474,4.9999999999911729636759005757085105869919e-03
1475,4.9999999997390187633783398268860764801502e-03
1476,4.9999999995755592396839972479938296601176e-03
1477,4.9999999999911729636759005757085105869919e-03
1478,4.9999999997390187633783398268860764801502e-03
1479,4.9999999995755592396839972479938296601176e-03
1480,4.9999999999911729636759005757085105869919e-03
1481,4.9999999997390187633783398268860764801502e-03
1482,4.9999999995755592396839972479938296601176e-03
1483,4.9999999999911729636759005757085105869919e-03
1484,4.9999999997390187633783398268860764801502e-03
1485,4.9999999995755592396839972479938296601176e-03
1486,4.9999999995755592396839972479938296601176e-03
1487,4.9999999999911729636759005757085105869919e-03
1488,4.9999999997390187633783398268860764801502e-03
1489,4.9999999995755592396839972479938296601176e-03
1490,4.9999999999911729636759005757085105869919e-03
1491,4.9999999997390187633783398268860764801502e-03
1492,4.9999999995755592396839972479938296601176e-03
1493,4.9999999999911729636759005757085105869919e-03
1494,4.9999999997390187633783398268860764801502e-03
1495,4.9999999995755592396839972479938296601176e-03
1496,4.9999999999911729636759005757085105869919e-03
1497,4.9999999997390187633783398268860764801502e-03
1498,4.9999999995755592396839972479938296601176e-03
1499,4.9999999999911729636759005757085105869919e-03
1500,4.9999999997390187633783398268860764801502e-03
1501,4.9999999995755592396839972479938296601176e-03
1502,4.9999999999911729636759005757085105869919e-03
1503,4.9999999997390187633783398268860764801502e-03
1504,4.9999999995755592396839972479938296601176e-03
1505,4.9999999999911729636759005757085105869919e-03
1506,4.9999999997390187633783398268860764801502e-03
1507,4.9999999995755592396839972479938296601176e-03
1508,4.9999999999911729636759005757085105869919e-03
1509,4.9999999997390187633783398268860764801502e-03
1510,4.9999999995755592396839972479938296601176e-03
1511,4.9999999999911729636759005757085105869919e-03
1512,4.9999999997390187633783398268860764801502e-03
1513,4.9999999995755592396839972479938296601176e-03
1514,4.9999999995755592396839972479938296601176e-03
1515,4.9999999999911729636759005757085105869919e-03
1516,4.9999999997390187633783398268860764801502e-03
1517,4.9999999995755592396839972479938296601176e-03
1518,4.9999999999911729636759005757085105869919e-03
1519,4.9999999997390187633783398268860764801502e-03
1520,4.9999999995755592396839972479938296601176e-03
1521,4.9999999999911729636759005757085105869919e-03
1522,4.9999999997390187633783398268860764801502e-03
1523,4.9999999995755592396839972479938296601176e-03
1524,4.9999999999911729636759005757085105869919e-03
1525,4.9999999997390187633783398268860764801502e-03
1526,4.9999999995755592396839972479938296601176e-03
1527,4.9999999999911729636759005757085105869919e-03
1528,4.9999999997390187633783398268860764801502e-03
1529,4.9999999995755592396839972479938296601176e-03
1530,4.9999999999911729636759005757085105869919e-03
1531,4.9999999997390187633783398268860764801502e-03
1532,4.9999999995755592396839972479938296601176e-03
1533,4.9999999995755592396839972479938296601176e-03
1534,4.9999999995755592396839972479938296601176e-03
1535,4.9999999999093555982931924575041193747893e-03
1536,4.9999999999164913833116230534869828261435e-03
1537,4.9999999995755592396839972479938296601176e-03
1538,4.9999999995755592396839972479938296601176e-03
1539,4.9999999995755592396839972479938296601176e-03
1540,4.9999999995755592396839972479938296601176e-03
1541,4.9999999999093555982931924575041193747893e-03
1542,4.9999999999164913833116230534869828261435e-03
1543,4.9999999995755592396839972479938296601176e-03
1544,4.9999999995755592396839972479938296601176e-03
1545,4.9999999995755592396839972479938296601176e-03
1546,4.9999999995755592396839972479938296601176e-03
1547,4.9999999999093555982931924575041193747893e-03
1548,4.9999999999164913833116230534869828261435e-03
1549,4.9999999995755592396839972479938296601176e-03
1550,4.9999999995755592396839972479938296601176e-03
1551,4.9999999995755592396839972479938296601176e-03
1552,4.9999999995755592396839972479938296601176e-03
1553,4.9999999995755592396839972479938296601176e-03
1554,4.9999999999093555982931924575041193747893e-03
1555,4.9999999999164913833116230534869828261435e-03
1556,4.9999999995755592396839972479938296601176e-03
1557,4.9999999995755592396839972479938296601176e-03
1558,4.9999999995755592396839972479938296601176e-03
1559,4.9999999995755592396839972479938296601176e-03
1560,4.9999999999093555982931924575041193747893e-03
1561,4.9999999999164913833116230534869828261435e-03
1562,4.9999999995755592396839972479938296601176e-03
1563,4.9999999995755592396839972479938296601176e-03
1564,4.9999999995755592396839972479938296601176e-03
1565,4.9999999995755592396839972479938296601176e-03
1566,4.9999999999093555982931924575041193747893e-03
1567,4.9999999999164913833116230534869828261435e-03
1568,4.9999999995755592396839972479938296601176e-03
1569,4.9999999995755592396839972479938296601176e-03
1570,4.9999999995755592396839972479938296601176e-03
1571,4.9999999995755592396839972479938296601176e-03
1572,4.9999999999093555982931924575041193747893e-03
1573,4.9999999999164913833116230534869828261435e-03
1574,4.9999999995755592396839972479938296601176e-03
1575,4.9999999995755592396839972479938296601176e-03
1576,4.9999999995755592396839972479938296601176e-03
1577,4.9999999995755592396839972479938296601176e-03
1578,4.9999999995755592396839972479938296601176e-03
1579,4.9999999999093555982931924575041193747893e-03
1580,4.9999999999164913833116230534869828261435e-03
1581,4.9999999995755592396839972479938296601176e-03
1582,4.9999999995755592396839972479938296601176e-03
1583,4.9999999995755592396839972479938296601176e-03
1584,4.9999999995755592396839972479938296601176e-03
1585,4.9999999999093555982931924575041193747893e-03
1586,4.9999999999164913833116230534869828261435e-03
1587,4.9999999995755592396839972479938296601176e-03
1588,4.9999999995755592396839972479938296601176e-03
1589,4.9999999995755592396839972479938296601176e-03
1590,4.9999999995755592396839972479938296601176e-03
1591,4.9999999999093555982931924575041193747893e-03
1592,4.9999999999164913833116230534869828261435e-03
1593,4.9999999995755592396839972479938296601176e-03
1594,4.9999999995755592396839972479938296601176e-03
1595,4.9999999995755592396839972479938296601176e-03
1596,4.9999999995755592396839972479938296601176e-03
1597,4.9999999999093555982931924575041193747893e-03
1598,4.9999999999164913833116230534869828261435e-03
1599,4.9999999995755592396839972479938296601176e-03
1600,4.9999999995755592396839972479938296601176e-03
1601,4.9999999995755592396839972479938296601176e-03
1602,4.9999999995755592396839972479938296601176e-03
1603,4.9999999995755592396839972479938296601176e-03
1604,4.9999999999093555982931924575041193747893e-03
1605,4.9999999999164913833116230534869828261435e-03
1606,4.9999999995755592396839972479938296601176e-03
1607,4.9999999995755592396839972479938296601176e-03
1608,4.9999999995755592396839972479938296601176e-03
1609,4.9999999995755592396839972479938296601176e-03
1610,4.9999999999093555982931924575041193747893e-03
1611,4.9999999999164913833116230534869828261435e-03
1612,4.9999999995755592396839972479938296601176e-03
1613,4.9999999995755592396839972479938296601176e-03
1614,4.9999999995755592396839972479938296601176e-03
1615,4.9999999995755592396839972479938296601176e-03
1616,4.9999999999093555982931924575041193747893e-03
1617,4.9999999999164913833116230534869828261435e-03
1618,4.9999999995755592396839972479938296601176e-03
1619,4.9999999995755592396839972479938296601176e-03
1620,4.9999999995755592396839972479938296601176e-03
1621,4.9999999995755592396839972479938296601176e-03
1622,4.9999999999093555982931924575041193747893e-03
1623,4.9999999999164913833116230534869828261435e-03
1624,4.9999999995755592396839972479938296601176e-03
1625,4.9999999995755592396839972479938296601176e-03
1626,4.9999999995755592396839972479938296601176e-03
1627,4.9999999995755592396839972479938296601176e-03
1628,4.9999999995755592396839972479938296601176e-03
1629,4.9999999999093555982931924575041193747893e-03
1630,4.9999999999164913833116230534869828261435e-03
1631,4.9999999995755592396839972479938296601176e-03
1632,4.9999999995755592396839972479938296601176e-03
1633,4.9999999995755592396839972479938296601176e-03
1634,4.9999999995755592396839972479938296601176e-03
1635,4.9999999999093555982931924575041193747893e-03
1636,4.9999999999164913833116230534869828261435e-03
1637,4.9999999995755592396839972479938296601176e-03
1638,4.9999999995755592396839972479938296601176e-03
1639,4.9999999995755592396839972479938296601176e-03
1640,4.9999999995755592396839972479938296601176e-03
1641,4.9999999999093555982931924575041193747893e-03
1642,4.9999999999164913833116230534869828261435e-03
1643,4.9999999995755592396839972479938296601176e-03
1644,4.9999999995755592396839972479938296601176e-03
1645,4.9999999995755592396839972479938296601176e-03
1646,4.9999999995755592396839972479938296601176e-03
1647,4.9999999999093555982931924575041193747893e-03
1648,4.9999999999164913833116230534869828261435e-03
1649,3.2900037993898663124525683087995275855064e+00
1650,3.2900037993898565424899516074219718575478e+00
1651,4.9999999998866246492257303657424927223474e-03
1652,5.0000000000002898029038966853931924561039e-03
1653,4.9999999998617773375175765693256835220382e-03
1654,4.9999999998866246492257303657424927223474e-03
1655,5.0000000000002898029038966853931924561039e-03
1656,4.9999999998617773375175765693256835220382e-03
1657,4.9999999998866246492257303657424927223474e-03
1658,5.0000000000002898029038966853931924561039e-03
1659,4.9999999998617773375175765693256835220382e-03
1660,4.9999999998866246492257303657424927223474e-03
1661,5.0000000000002898029038966853931924561039e-03
1662,4.9999999998617773375175765693256835220382e-03
1663,4.9999999998617773375175765693256835220382e-03
1664,4.9999999998866246492257303657424927223474e-03
1665,5.0000000000002898029038966853931924561039e-03
1666,4.9999999998866246492257303657424927223474e-03
1667,5.0000000000002898029038966853931924561039e-03
1668,4.9999999998617773375175765693256835220382e-03
1669,4.9999999998617773375175765693256835220382e-03
1670,4.9999999998866246492257303657424927223474e-03
1671,5.0000000000002898029038966853931924561039e-03
1672,4.9999999998617773375175765693256835220382e-03
1673,4.9999999998866246492257303657424927223474e-03
1674,5.0000000000002898029038966853931924561039e-03
1675,4.9999999998617773375175765693256835220382e-03
1676,4.9999999998866246492257303657424927223474e-03
1677,5.0000000000002898029038966853931924561039e-03
1678,4.9999999998617773375175765693256835220382e-03
1679,4.9999999998866246492257303657424927223474e-03
1680,5.0000000000002898029038966853931924561039e-03
1681,4.9999999998617773375175765693256835220382e-03
1682,4.9999999998617773375175765693256835220382e-03
1683,4.9999999998866246492257303657424927223474e-03
1684,5.0000000000002898029038966853931924561039e-03
1685,4.9999999998866246492257303657424927223474e-03
1686,5.0000000000002898029038966853931924561039e-03
1687,4.9999999998617773375175765693256835220382e-03
1688,4.9999999998617773375175765693256835220382e-03
1689,4.9999999998866246492257303657424927223474e-03
1690,5.0000000000002898029038966853931924561039e-03
1691,4.9999999998866246492257303657424927223474e-03
1692,5.0000000000002898029038966853931924561039e-03
1693,4.9999999998617773375175765693256835220382e-03
1694,4.9999999998617773375175765693256835220382e-03
1695,4.9999999998866246492257303657424927223474e-03
1696,5.0000000000002898029038966853931924561039e-03
1697,4.9999999998866246492257303657424927223474e-03
1698,5.0000000000002898029038966853931924561039e-03
1699,4.9999999998617773375175765693256835220382e-03
1700,4.9999999998617773375175765693256835220382e-03
1701,4.9999999998866246492257303657424927223474e-03
1702,5.0000000000002898029038966853931924561039e-03
1703,4.9999999998866246492257303657424927223474e-03
1704,5.0000000000002898029038966853931924561039e-03
1705,4.9999999998617773375175765693256835220382e-03
1706,4.9999999998617773375175765693256835220382e-03
1707,4.9999999998617773375175765693256835220382e-03
1708,4.9999999998866246492257303657424927223474e-03
1709,5.0000000000002898029038966853931924561039e-03
1710,5.0000000002917285510384282076756790047511e-03
1711,4.9999999998865899547562108296006044838578e-03
1712,5.0000000003165767301083199924960354110226e-03
1713,5.0000000002917285510384282076756790047511e-03
1714,4.9999999998865899547562108296006044838578e-03
1715,5.0000000003165767301083199924960354110226e-03
1716,5.0000000002917285510384282076756790047511e-03
1717,4.9999999998865899547562108296006044838578e-03
1718,5.0000000003165767301083199924960354110226e-03
1719,5.0000000002917285510384282076756790047511e-03
1720,5.0000000003165767301083199924960354110226e-03
1721,5.0000000002917285510384282076756790047511e-03
1722,4.9999999998865899547562108296006044838578e-03
1723,5.0000000003165767301083199924960354110226e-03
1724,5.0000000002917285510384282076756790047511e-03
1725,4.9999999998865899547562108296006044838578e-03
1726,5.0000000003165767301083199924960354110226e-03
1727,5.0000000002917285510384282076756790047511e-03
1728,4.9999999998865899547562108296006044838578e-03
1729,5.0000000003165767301083199924960354110226e-03
1730,5.0000000002917285510384282076756790047511e-03
1731,4.9999999998865899547562108296006044838578e-03
1732,5.0000000003165767301083199924960354110226e-03
1733,5.0000000002917285510384282076756790047511e-03
1734,5.0000000003165767301083199924960354110226e-03
1735,5.0000000002917285510384282076756790047511e-03
1736,4.9999999998865899547562108296006044838578e-03
1737,5.0000000003165767301083199924960354110226e-03
1738,5.0000000002917285510384282076756790047511e-03
1739,4.9999999998865899547562108296006044838578e-03
1740,5.0000000003165767301083199924960354110226e-03
1741,5.0000000002917285510384282076756790047511e-03
1742,4.9999999998865899547562108296006044838578e-03
1743,5.0000000003165767301083199924960354110226e-03
1744,5.0000000002917285510384282076756790047511e-03
1745,4.9999999998865899547562108296006044838578e-03
1746,5.0000000003165767301083199924960354110226e-03
1747,5.0000000002917285510384282076756790047511e-03
1748,5.0000000003165767301083199924960354110226e-03
1749,5.0000000002917285510384282076756790047511e-03
1750,4.9999999998865899547562108296006044838578e-03
1751,5.0000000003165767301083199924960354110226e-03
1752,5.0000000002917285510384282076756790047511e-03
1753,4.9999999998865899547562108296006044838578e-03
1754,5.0000000003165767301083199924960354110226e-03
1755,5.0000000002917285510384282076756790047511e-03
1756,5.0000000003165767301083199924960354110226e-03
1757,4.9999999998866246492257303657424927223474e-03
1758,5.0000000000002898029038966853931924561039e-03
1759,4.9999999998617773375175765693256835220382e-03
1760,4.9999999998866246492257303657424927223474e-03
1761,5.0000000000002898029038966853931924561039e-03
1762,4.9999999998617773375175765693256835220382e-03
1763,4.9999999998866246492257303657424927223474e-03
1764,5.0000000000002898029038966853931924561039e-03
1765,4.9999999998617773375175765693256835220382e-03
1766,4.9999999998617773375175765693256835220382e-03
1767,4.9999999998866246492257303657424927223474e-03
1768,5.0000000000002898029038966853931924561039e-03
1769,4.9999999998617773375175765693256835220382e-03
1770,4.9999999998866246492257303657424927223474e-03
1771,5.0000000000002898029038966853931924561039e-03
1772,4.9999999998617773375175765693256835220382e-03
1773,4.9999999998866246492257303657424927223474e-03
1774,5.0000000000002898029038966853931924561039e-03
1775,4.9999999998617773375175765693256835220382e-03
1776,4.9999999998866246492257303657424927223474e-03
1777,5.0000000000002898029038966853931924561039e-03
1778,4.9999999998617773375175765693256835220382e-03
1779,4.9999999998866246492257303657424927223474e-03
1780,5.0000000000002898029038966853931924561039e-03
1781,4.9999999998617773375175765693256835220382e-03
1782,4.9999999998866246492257303657424927223474e-03
1783,5.0000000000002898029038966853931924561039e-03
1784,4.9999999998617773375175765693256835220382e-03
1785,4.9999999998866246492257303657424927223474e-03
1786,5.0000000000002898029038966853931924561039e-03
1787,4.9999999998617773375175765693256835220382e-03
1788,4.9999999998866246492257303657424927223474e-03
1789,5.0000000000002898029038966853931924561039e-03
1790,4.9999999998617773375175765693256835220382e-03
1791,4.9999999998617773375175765693256835220382e-03
1792,4.9999999998866246492257303657424927223474e-03
1793,5.0000000000002898029038966853931924561039e-03
1794,4.9999999998617773375175765693256835220382e-03
1795,4.9999999998866246492257303657424927223474e-03
1796,5.0000000000002898029038966853931924561039e-03
1797,4.9999999998617773375175765693256835220382e-03
1798,4.9999999998866246492257303657424927223474e-03
1799,5.0000000000002898029038966853931924561039e-03
1800,4.9999999998617773375175765693256835220382e-03
1801,4.9999999998866246492257303657424927223474e-03
1802,5.0000000000002898029038966853931924561039e-03
1803,4.9999999998617773375175765693256835220382e-03
1804,4.9999999998866246492257303657424927223474e-03
1805,5.0000000000002898029038966853931924561039e-03
1806,4.9999999998617773375175765693256835220382e-03
1807,4.9999999998866246492257303657424927223474e-03
1808,5.0000000000002898029038966853931924561039e-03
1809,4.9999999998617773375175765693256835220382e-03
1810,4.9999999998866246492257303657424927223474e-03
1811,5.0000000000002898029038966853931924561039e-03
1812,4.9999999998617773375175765693256835220382e-03
1813,4.9999999998866246492257303657424927223474e-03
1814,5.0000000000002898029038966853931924561039e-03
1815,4.9999999998617773375175765693256835220382e-03
1816,4.9999999998617773375175765693256835220382e-03
1817,4.9999999998866246492257303657424927223474e-03
1818,5.0000000000002898029038966853931924561039e-03
1819,4.9999999998617773375175765693256835220382e-03
1820,4.9999999998866246492257303657424927223474e-03
1821,5.0000000000002898029038966853931924561039e-03
1822,4.9999999998617773375175765693256835220382e-03
1823,4.9999999998866246492257303657424927223474e-03
1824,5.0000000000002898029038966853931924561039e-03
1825,4.9999999998617773375175765693256835220382e-03
1826,4.9999999998866246492257303657424927223474e-03
1827,5.0000000000002898029038966853931924561039e-03
1828,4.9999999998617773375175765693256835220382e-03
1829,4.9999999998866246492257303657424927223474e-03
1830,5.0000000000002898029038966853931924561039e-03
1831,4.9999999998617773375175765693256835220382e-03
1832,4.9999999998866246492257303657424927223474e-03
1833,5.0000000000002898029038966853931924561039e-03
1834,4.9999999998617773375175765693256835220382e-03
1835,4.9999999998866246492257303657424927223474e-03
1836,5.0000000000002898029038966853931924561039e-03
1837,4.9999999998617773375175765693256835220382e-03
1838,4.9999999998866246492257303657424927223474e-03
1839,5.0000000000002898029038966853931924561039e-03
1840,4.9999999998617773375175765693256835220382e-03
1841,4.9999999998866246492257303657424927223474e-03
1842,5.0000000000002898029038966853931924561039e-03
1843,4.9999999998617773375175765693256835220382e-03
1844,4.9999999998617773375175765693256835220382e-03
1845,4.9999999998866246492257303657424927223474e-03
1846,5.0000000000002898029038966853931924561039e-03
1847,4.9999999998617773375175765693256835220382e-03
1848,4.9999999998866246492257303657424927223474e-03
1849,5.0000000000002898029038966853931924561039e-03
1850,4.9999999998617773375175765693256835220382e-03
1851,4.9999999998866246492257303657424927223474e-03
1852,5.0000000000002898029038966853931924561039e-03
1853,4.9999999998617773375175765693256835220382e-03
1854,4.9999999998866246492257303657424927223474e-03
1855,5.0000000000002898029038966853931924561039e-03
1856,4.9999999998617773375175765693256835220382e-03
1857,4.9999999998866246492257303657424927223474e-03
1858,5.0000000000002898029038966853931924561039e-03
1859,4.9999999998617773375175765693256835220382e-03
1860,4.9999999998866246492257303657424927223474e-03
1861,5.0000000000002898029038966853931924561039e-03
1862,4.9999999998617773375175765693256835220382e-03
1863,4.9999999998617773375175765693256835220382e-03
1864,4.9999999998617773375175765693256835220382e-03
1865,4.9999999998938523745883877325013600056991e-03
1866,5.0000000000890720830426516840816475450993e-03
1867,4.9999999998617773375175765693256835220382e-03
1868,4.9999999998617773375175765693256835220382e-03
1869,4.9999999998617773375175765693256835220382e-03
1870,4.9999999998617773375175765693256835220382e-03
1871,4.9999999998938523745883877325013600056991e-03
1872,5.0000000000890720830426516840816475450993e-03
1873,4.9999999998617773375175765693256835220382e-03
1874,4.9999999998617773375175765693256835220382e-03
1875,4.9999999998617773375175765693256835220382e-03
1876,4.9999999998617773375175765693256835220382e-03
1877,4.9999999998938523745883877325013600056991e-03
1878,5.0000000000890720830426516840816475450993e-03
1879,4.9999999998617773375175765693256835220382e-03
1880,4.9999999998617773375175765693256835220382e-03
1881,4.9999999998617773375175765693256835220382e-03
1882,4.9999999998617773375175765693256835220382e-03
1883,4.9999999998617773375175765693256835220382e-03
1884,4.9999999998938523745883877325013600056991e-03
1885,5.0000000000890720830426516840816475450993e-03
1886,4.9999999998617773375175765693256835220382e-03
1887,4.9999999998617773375175765693256835220382e-03
1888,4.9999999998617773375175765693256835220382e-03
1889,4.9999999998617773375175765693256835220382e-03
1890,4.9999999998938523745883877325013600056991e-03
1891,5.0000000000890720830426516840816475450993e-03
1892,4.9999999998617773375175765693256835220382e-03
1893,4.9999999998617773375175765693256835220382e-03
1894,4.9999999998617773375175765693256835220382e-03
1895,4.9999999998617773375175765693256835220382e-03
1896,4.9999999998938523745883877325013600056991e-03
1897,5.0000000000890720830426516840816475450993e-03
1898,4.9999999998617773375175765693256835220382e-03
1899,4.9999999998617773375175765693256835220382e-03
1900,4.9999999998617773375175765693256835220382e-03
1901,4.9999999998617773375175765693256835220382e-03
1902,4.9999999998938523745883877325013600056991e-03
1903,5.0000000000890720830426516840816475450993e-03
1904,4.9999999998617773375175765693256835220382e-03
1905,4.9999999998617773375175765693256835220382e-03
1906,4.9999999998617773375175765693256835220382e-03
1907,4.9999999998617773375175765693256835220382e-03
1908,4.9999999998617773375175765693256835220382e-03
1909,4.9999999998938523745883877325013600056991e-03
1910,5.0000000000890720830426516840816475450993e-03
1911,4.9999999998617773375175765693256835220382e-03
1912,4.9999999998617773375175765693256835220382e-03
1913,4.9999999998617773375175765693256835220382e-03
1914,4.9999999998617773375175765693256835220382e-03
1915,4.9999999998938523745883877325013600056991e-03
1916,5.0000000000890720830426516840816475450993e-03
1917,4.9999999998617773375175765693256835220382e-03
1918,4.9999999998617773375175765693256835220382e-03
1919,4.9999999998617773375175765693256835220382e-03
1920,4.9999999998617773375175765693256835220382e-03
1921,4.9999999998938523745883877325013600056991e-03
1922,5.0000000000890720830426516840816475450993e-03
1923,4.9999999998617773375175765693256835220382e-03
1924,4.9999999998617773375175765693256835220382e-03
1925,4.9999999998617773375175765693256835220382e-03
1926,4.9999999998617773375175765693256835220382e-03
1927,4.9999999998938523745883877325013600056991e-03
1928,5.0000000000890720830426516840816475450993e-03
1929,4.9999999998617773375175765693256835220382e-03
1930,4.9999999998617773375175765693256835220382e-03
1931,4.9999999998617773375175765693256835220382e-03
1932,4.9999999998617773375175765693256835220382e-03
1933,4.9999999998617773375175765693256835220382e-03
1934,4.9999999998938523745883877325013600056991e-03
1935,5.0000000000890720830426516840816475450993e-03
1936,4.9999999998617773375175765693256835220382e-03
1937,4.9999999998617773375175765693256835220382e-03
1938,4.9999999998617773375175765693256835220382e-03
1939,4.9999999998617773375175765693256835220382e-03
1940,4.9999999998938523745883877325013600056991e-03
1941,5.0000000000890720830426516840816475450993e-03
1942,4.9999999998617773375175765693256835220382e-03
1943,4.9999999998617773375175765693256835220382e-03
1944,4.9999999998617773375175765693256835220382e-03
1945,4.9999999998617773375175765693256835220382e-03
1946,4.9999999998938523745883877325013600056991e-03
1947,5.0000000000890720830426516840816475450993e-03
1948,4.9999999998617773375175765693256835220382e-03
1949,4.9999999998617773375175765693256835220382e-03
1950,4.9999999998617773375175765693256835220382e-03
1951,4.9999999998617773375175765693256835220382e-03
1952,4.9999999998938523745883877325013600056991e-03
1953,5.0000000000890720830426516840816475450993e-03
1954,4.9999999998617773375175765693256835220382e-03
1955,4.9999999998617773375175765693256835220382e-03
1956,4.9999999998617773375175765693256835220382e-03
1957,4.9999999998617773375175765693256835220382e-03
1958,4.9999999998617773375175765693256835220382e-03
1959,4.9999999998938523745883877325013600056991e-03
1960,5.0000000000890720830426516840816475450993e-03
1961,4.9999999998617773375175765693256835220382e-03
1962,4.9999999998617773375175765693256835220382e-03
1963,4.9999999998617773375175765693256835220382e-03
1964,4.9999999998617773375175765693256835220382e-03
1965,4.9999999998938523745883877325013600056991e-03
1966,5.0000000000890720830426516840816475450993e-03
1967,4.9999999998617773375175765693256835220382e-03
1968,4.9999999998617773375175765693256835220382e-03
1969,4.9999999998617773375175765693256835220382e-03
1970,4.9999999998617773375175765693256835220382e-03
1971,4.9999999998938523745883877325013600056991e-03
1972,5.0000000000890720830426516840816475450993e-03
1973,4.9999999998617773375175765693256835220382e-03
1974,4.9999999998617773375175765693256835220382e-03
1975,4.9999999998617773375175765693256835220382e-03
1976,4.9999999998617773375175765693256835220382e-03
1977,4.9999999998938523745883877325013600056991e-03
1978,5.0000000000890720830426516840816475450993e-03
1979,3.2900037993898436639028659556061029434204e+00
1980,3.2900037993901345423353177466196939349174e+00
1981,5.0000000001699214727257647439273569034413e-03
1982,4.9999999995764899188288588049999816576019e-03
1983,5.0000000003475857796031434077121957670897e-03
1984,5.0000000001699214727257647439273569034413e-03
1985,4.9999999995764899188288588049999816576019e-03
1986,5.0000000003475857796031434077121957670897e-03
1987,5.0000000001699214727257647439273569034413e-03
1988,4.9999999995764899188288588049999816576019e-03
1989,5.0000000003475857796031434077121957670897e-03
1990,5.0000000001699214727257647439273569034413e-03
1991,4.9999999995764899188288588049999816576019e-03
1992,5.0000000003475857796031434077121957670897e-03
1993,5.0000000003475857796031434077121957670897e-03
1994,5.0000000001699214727257647439273569034413e-03
1995,4.9999999995764899188288588049999816576019e-03
1996,5.0000000001699214727257647439273569034413e-03
1997,4.9999999995764899188288588049999816576019e-03
1998,5.0000000003475857796031434077121957670897e-03
1999,5.0000000003475857796031434077121957670897e-03
2000,5.0000000001699214727257647439273569034413e-03
2001,4.9999999995764899188288588049999816576019e-03
2002,5.0000000003475857796031434077121957670897e-03
2003,5.0000000001699214727257647439273569034413e-03
2004,4.9999999995764899188288588049999816576019e-03
2005,5.0000000003475857796031434077121957670897e-03
2006,5.0000000001699214727257647439273569034413e-03
2007,4.9999999995764899188288588049999816576019e-03
2008,5.0000000003475857796031434077121957670897e-03
2009,5.0000000001699214727257647439273569034413e-03
2010,4.9999999995764899188288588049999816576019e-03
2011,5.0000000003475857796031434077121957670897e-03
2012,5.0000000003475857796031434077121957670897e-03
2013,5.0000000001699214727257647439273569034413e-03
2014,4.9999999995764899188288588049999816576019e-03
2015,5.0000000001699214727257647439273569034413e-03
2016,4.9999999995764899188288588049999816576019e-03
2017,5.0000000003475857796031434077121957670897e-03
2018,5.0000000003475857796031434077121957670897e-03
2019,5.0000000001699214727257647439273569034413e-03
2020,4.9999999995764899188288588049999816576019e-03
2021,5.0000000001699214727257647439273569034413e-03
2022,4.9999999995764899188288588049999816576019e-03
2023,5.0000000003475857796031434077121957670897e-03
2024,5.0000000003475857796031434077121957670897e-03
2025,5.0000000001699214727257647439273569034413e-03
2026,4.9999999995764899188288588049999816576019e-03
2027,5.0000000001699214727257647439273569034413e-03
2028,4.9999999995764899188288588049999816576019e-03
2029,5.0000000003475857796031434077121957670897e-03
2030,5.0000000003475857796031434077121957670897e-03
2031,5.0000000001699214727257647439273569034413e-03
2032,4.9999999995764899188288588049999816576019e-03
2033,5.0000000001699214727257647439273569034413e-03
2034,4.9999999995764899188288588049999816576019e-03
2035,5.0000000003475857796031434077121957670897e-03
2036,5.0000000003475857796031434077121957670897e-03
2037,5.0000000003475857796031434077121957670897e-03
2038,5.0000000001699214727257647439273569034413e-03
2039,4.9999999995764899188288588049999816576019e-03
2040,5.0000000004221606744736483562974171945825e-03
2041,4.9999999995126147983581788025730929803103e-03
2042,4.9999999996014031500290997200863785110414e-03
2043,5.0000000004221606744736483562974171945825e-03
2044,4.9999999995126147983581788025730929803103e-03
2045,4.9999999996014031500290997200863785110414e-03
2046,5.0000000004221606744736483562974171945825e-03
2047,4.9999999995126147983581788025730929803103e-03
2048,4.9999999996014031500290997200863785110414e-03
2049,5.0000000004221606744736483562974171945825e-03
2050,4.9999999996014031500290997200863785110414e-03
2051,5.0000000004221606744736483562974171945825e-03
2052,4.9999999995126147983581788025730929803103e-03
2053,4.9999999996014031500290997200863785110414e-03
2054,5.0000000004221606744736483562974171945825e-03
2055,4.9999999995126147983581788025730929803103e-03
2056,4.9999999996014031500290997200863785110414e-03
2057,5.0000000004221606744736483562974171945825e-03
2058,4.9999999995126147983581788025730929803103e-03
2059,4.9999999996014031500290997200863785110414e-03
2060,5.0000000004221606744736483562974171945825e-03
2061,4.9999999995126147983581788025730929803103e-03
2062,4.9999999996014031500290997200863785110414e-03
2063,5.0000000004221606744736483562974171945825e-03
2064,4.9999999996014031500290997200863785110414e-03
2065,5.0000000004221606744736483562974171945825e-03
2066,4.9999999995126147983581788025730929803103e-03
2067,4.9999999996014031500290997200863785110414e-03
2068,5.0000000004221606744736483562974171945825e-03
2069,4.9999999995126147983581788025730929803103e-03
2070,4.9999999996014031500290997200863785110414e-03
2071,5.0000000004221606744736483562974171945825e-03
2072,4.9999999995126147983581788025730929803103e-03
2073,4.9999999996014031500290997200863785110414e-03
2074,5.0000000004221606744736483562974171945825e-03
2075,4.9999999995126147983581788025730929803103e-03
2076,4.9999999996014031500290997200863785110414e-03
2077,5.0000000004221606744736483562974171945825e-03
2078,4.9999999996014031500290997200863785110414e-03
2079,5.0000000004221606744736483562974171945825e-03
2080,4.9999999995126147983581788025730929803103e-03
2081,4.9999999996014031500290997200863785110414e-03
2082,5.0000000004221606744736483562974171945825e-03
2083,4.9999999995126147983581788025730929803103e-03
2084,4.9999999996014031500290997200863785110414e-03
2085,5.0000000004221606744736483562974171945825e-03
2086,4.9999999996014031500290997200863785110414e-03
2087,5.0000000001699214727257647439273569034413e-03
2088,4.9999999995764899188288588049999816576019e-03
2089,5.0000000003475857796031434077121957670897e-03
2090,5.0000000001699214727257647439273569034413e-03
2091,4.9999999995764899188288588049999816576019e-03
2092,5.0000000003475857796031434077121957670897e-03
2093,5.0000000001699214727257647439273569034413e-03
2094,4.9999999995764899188288588049999816576019e-03
2095,5.0000000003475857796031434077121957670897e-03
2096,5.0000000003475857796031434077121957670897e-03
2097,5.0000000001699214727257647439273569034413e-03
2098,4.9999999995764899188288588049999816576019e-03
2099,5.0000000003475857796031434077121957670897e-03
2100,5.0000000001699214727257647439273569034413e-03
2101,4.9999999995764899188288588049999816576019e-03
2102,5.0000000003475857796031434077121957670897e-03
2103,5.0000000001699214727257647439273569034413e-03
2104,4.9999999995764899188288588049999816576019e-03
2105,5.0000000003475857796031434077121957670897e-03
2106,5.0000000001699214727257647439273569034413e-03
2107,4.9999999995764899188288588049999816576019e-03
2108,5.0000000003475857796031434077121957670897e-03
2109,5.0000000001699214727257647439273569034413e-03
2110,4.9999999995764899188288588049999816576019e-03
2111,5.0000000003475857796031434077121957670897e-03
2112,5.0000000001699214727257647439273569034413e-03
2113,4.9999999995764899188288588049999816576019e-03
2114,5.0000000003475857796031434077121957670897e-03
2115,5.0000000001699214727257647439273569034413e-03
2116,4.9999999995764899188288588049999816576019e-03
2117,5.0000000003475857796031434077121957670897e-03
2118,5.0000000001699214727257647439273569034413e-03
2119,4.9999999995764899188288588049999816576019e-03
2120,5.0000000003475857796031434077121957670897e-03
2121,5.0000000003475857796031434077121957670897e-03
2122,5.0000000001699214727257647439273569034413e-03
2123,4.9999999995764899188288588049999816576019e-03
2124,5.0000000003475857796031434077121957670897e-03
2125,5.0000000001699214727257647439273569034413e-03
2126,4.9999999995764899188288588049999816576019e-03
2127,5.0000000003475857796031434077121957670897e-03
2128,5.0000000001699214727257647439273569034413e-03
2129,4.9999999995764899188288588049999816576019e-03
2130,5.0000000003475857796031434077121957670897e-03
2131,5.0000000001699214727257647439273569034413e-03
2132,4.9999999995764899188288588049999816576019e-03
2133,5.0000000003475857796031434077121957670897e-03
2134,5.0000000001699214727257647439273569034413e-03
2135,4.9999999995764899188288588049999816576019e-03
2136,5.0000000003475857796031434077121957670897e-03
2137,5.0000000001699214727257647439273569034413e-03
2138,4.9999999995764899188288588049999816576019e-03
2139,5.0000000003475857796031434077121957670897e-03
2140,5.0000000001699214727257647439273569034413e-03
2141,4.9999999995764899188288588049999816576019e-03
2142,5.0000000003475857796031434077121957670897e-03
2143,5.0000000001699214727257647439273569034413e-03
2144,4.9999999995764899188288588049999816576019e-03
2145,5.0000000003475857796031434077121957670897e-03
2146,5.0000000003475857796031434077121957670897e-03
2147,5.0000000001699214727257647439273569034413e-03
2148,4.9999999995764899188288588049999816576019e-03
2149,5.0000000003475857796031434077121957670897e-03
2150,5.0000000001699214727257647439273569034413e-03
2151,4.9999999995764899188288588049999816576019e-03
2152,5.0000000003475857796031434077121957670897e-03
2153,5.0000000001699214727257647439273569034413e-03
2154,4.9999999995764899188288588049999816576019e-03
2155,5.0000000003475857796031434077121957670897e-03
2156,5.0000000001699214727257647439273569034413e-03
2157,4.9999999995764899188288588049999816576019e-03
2158,5.0000000003475857796031434077121957670897e-03
2159,5.0000000001699214727257647439273569034413e-03
2160,4.9999999995764899188288588049999816576019e-03
2161,5.0000000003475857796031434077121957670897e-03
2162,5.0000000001699214727257647439273569034413e-03
2163,4.9999999995764899188288588049999816576019e-03
2164,5.0000000003475857796031434077121957670897e-03
2165,5.0000000001699214727257647439273569034413e-03
2166,4.9999999995764899188288588049999816576019e-03
2167,5.0000000003475857796031434077121957670897e-03
2168,5.0000000001699214727257647439273569034413e-03
2169,4.9999999995764899188288588049999816576019e-03
2170,5.0000000003475857796031434077121957670897e-03
2171,5.0000000001699214727257647439273569034413e-03
2172,4.9999999995764899188288588049999816576019e-03
2173,5.0000000003475857796031434077121957670897e-03
2174,5.0000000003475857796031434077121957670897e-03
2175,5.0000000001699214727257647439273569034413e-03
2176,4.9999999995764899188288588049999816576019e-03
2177,5.0000000003475857796031434077121957670897e-03
2178,5.0000000001699214727257647439273569034413e-03
2179,4.9999999995764899188288588049999816576019e-03
2180,5.0000000003475857796031434077121957670897e-03
2181,5.0000000001699214727257647439273569034413e-03
2182,4.9999999995764899188288588049999816576019e-03
2183,5.0000000003475857796031434077121957670897e-03
2184,5.0000000001699214727257647439273569034413e-03
2185,4.9999999995764899188288588049999816576019e-03
2186,5.0000000003475857796031434077121957670897e-03
2187,5.0000000001699214727257647439273569034413e-03
2188,4.9999999995764899188288588049999816576019e-03
2189,5.0000000003475857796031434077121957670897e-03
2190,5.0000000001699214727257647439273569034413e-03
2191,4.9999999995764899188288588049999816576019e-03
2192,5.0000000003475857796031434077121957670897e-03
2193,5.0000000003475857796031434077121957670897e-03
2194,5.0000000003475857796031434077121957670897e-03
2195,5.0000000001523209683385040591474535176530e-03
2196,4.9999999995267233043882981746719451621175e-03
2197,5.0000000003475857796031434077121957670897e-03
2198,5.0000000003475857796031434077121957670897e-03
2199,5.0000000003475857796031434077121957670897e-03
2200,5.0000000003475857796031434077121957670897e-03
2201,5.0000000001523209683385040591474535176530e-03
2202,4.9999999995267233043882981746719451621175e-03
2203,5.0000000003475857796031434077121957670897e-03
2204,5.0000000003475857796031434077121957670897e-03
2205,5.0000000003475857796031434077121957670897e-03
2206,5.0000000003475857796031434077121957670897e-03
2207,5.0000000001523209683385040591474535176530e-03
2208,4.9999999995267233043882981746719451621175e-03
2209,5.0000000003475857796031434077121957670897e-03
2210,5.0000000003475857796031434077121957670897e-03
2211,5.0000000003475857796031434077121957670897e-03
2212,5.0000000003475857796031434077121957670897e-03
2213,5.0000000003475857796031434077121957670897e-03
2214,5.0000000001523209683385040591474535176530e-03
2215,4.9999999995267233043882981746719451621175e-03
2216,5.0000000003475857796031434077121957670897e-03
2217,5.0000000003475857796031434077121957670897e-03
2218,5.0000000003475857796031434077121957670897e-03
2219,5.0000000003475857796031434077121957670897e-03
2220,5.0000000001523209683385040591474535176530e-03
2221,4.9999999995267233043882981746719451621175e-03
2222,5.0000000003475857796031434077121957670897e-03
2223,5.0000000003475857796031434077121957670897e-03
2224,5.0000000003475857796031434077121957670897e-03
2225,5.0000000003475857796031434077121957670897e-03
2226,5.0000000001523209683385040591474535176530e-03
2227,4.9999999995267233043882981746719451621175e-03
2228,5.0000000003475857796031434077121957670897e-03
2229,5.0000000003475857796031434077121957670897e-03
2230,5.0000000003475857796031434077121957670897e-03
2231,5.0000000003475857796031434077121957670897e-03
2232,5.0000000001523209683385040591474535176530e-03
2233,4.9999999995267233043882981746719451621175e-03
2234,5.0000000003475857796031434077121957670897e-03
2235,5.0000000003475857796031434077121957670897e-03
2236,5.0000000003475857796031434077121957670897e-03
2237,5.0000000003475857796031434077121957670897e-03
2238,5.0000000003475857796031434077121957670897e-03
2239,5.0000000001523209683385040591474535176530e-03
2240,4.9999999995267233043882981746719451621175e-03
2241,5.0000000003475857796031434077121957670897e-03
2242,5.0000000003475857796031434077121957670897e-03
2243,5.0000000003475857796031434077121957670897e-03
2244,5.0000000003475857796031434077121957670897e-03
2245,5.0000000001523209683385040591474535176530e-03
2246,4.9999999995267233043882981746719451621175e-03
2247,5.0000000003475857796031434077121957670897e-03
2248,5.0000000003475857796031434077121957670897e-03
2249,5.0000000003475857796031434077121957670897e-03
2250,5.0000000003475857796031434077121957670897e-03
2251,5.0000000001523209683385040591474535176530e-03
2252,4.9999999995267233043882981746719451621175e-03
2253,5.0000000003475857796031434077121957670897e-03
2254,5.0000000003475857796031434077121957670897e-03
2255,5.0000000003475857796031434077121957670897e-03
2256,5.0000000003475857796031434077121957670897e-03
2257,5.0000000001523209683385040591474535176530e-03
2258,4.9999999995267233043882981746719451621175e-03
2259,5.0000000003475857796031434077121957670897e-03
2260,5.0000000003475857796031434077121957670897e-03
2261,5.0000000003475857796031434077121957670897e-03
2262,5.0000000003475857796031434077121957670897e-03
2263,5.0000000003475857796031434077121957670897e-03
2264,5.0000000001523209683385040591474535176530e-03
2265,4.9999999995267233043882981746719451621175e-03
2266,5.0000000003475857796031434077121957670897e-03
2267,5.0000000003475857796031434077121957670897e-03
2268,5.0000000003475857796031434077121957670897e-03
2269,5.0000000003475857796031434077121957670897e-03
2270,5.0000000001523209683385040591474535176530e-03
2271,4.9999999995267233043882981746719451621175e-03
2272,5.0000000003475857796031434077121957670897e-03
2273,5.0000000003475857796031434077121957670897e-03
2274,5.0000000003475857796031434077121957670897e-03
2275,5.0000000003475857796031434077121957670897e-03
2276,5.0000000001523209683385040591474535176530e-03
2277,4.9999999995267233043882981746719451621175e-03
2278,5.0000000003475857796031434077121957670897e-03
2279,5.0000000003475857796031434077121957670897e-03
2280,5.0000000003475857796031434077121957670897e-03
2281,5.0000000003475857796031434077121957670897e-03
2282,5.0000000001523209683385040591474535176530e-03
2283,4.9999999995267233043882981746719451621175e-03
2284,5.0000000003475857796031434077121957670897e-03
2285,5.0000000003475857796031434077121957670897e-03
2286,5.0000000003475857796031434077121957670897e-03
2287,5.0000000003475857796031434077121957670897e-03
2288,5.0000000003475857796031434077121957670897e-03
2289,5.0000000001523209683385040591474535176530e-03
2290,4.9999999995267233043882981746719451621175e-03
2291,5.0000000003475857796031434077121957670897e-03
2292,5.0000000003475857796031434077121957670897e-03
2293,5.0000000003475857796031434077121957670897e-03
2294,5.0000000003475857796031434077121957670897e-03
2295,5.0000000001523209683385040591474535176530e-03
2296,4.9999999995267233043882981746719451621175e-03
2297,5.0000000003475857796031434077121957670897e-03
2298,5.0000000003475857796031434077121957670897e-03
2299,5.0000000003475857796031434077121957670897e-03
2300,5.0000000003475857796031434077121957670897e-03
2301,5.0000000001523209683385040591474535176530e-03
2302,4.9999999995267233043882981746719451621175e-03
2303,5.0000000003475857796031434077121957670897e-03
2304,5.0000000003475857796031434077121957670897e-03
2305,5.0000000003475857796031434077121957670897e-03
2306,5.0000000003475857796031434077121957670897e-03
2307,5.0000000001523209683385040591474535176530e-03
2308,4.9999999995267233043882981746719451621175e-03
2309,3.2900037993901785071670929028186947107315e+00
2310,3.2900037993898809673964933608658611774445e+00
2311,4.9999999995822665480038615726243733661249e-03
2312,5.0000000005805903674493961830194166395813e-03
2313,4.9999999998984476570762502944944571936503e-03
2314,4.9999999995822665480038615726243733661249e-03
2315,5.0000000005805903674493961830194166395813e-03
2316,4.9999999998984476570762502944944571936503e-03
2317,4.9999999995822665480038615726243733661249e-03
2318,5.0000000005805903674493961830194166395813e-03
2319,4.9999999998984476570762502944944571936503e-03
2320,4.9999999995822665480038615726243733661249e-03
2321,5.0000000005805903674493961830194166395813e-03
2322,4.9999999998984476570762502944944571936503e-03
2323,4.9999999998984476570762502944944571936503e-03
2324,4.9999999995822665480038615726243733661249e-03
2325,5.0000000005805903674493961830194166395813e-03
2326,4.9999999995822665480038615726243733661249e-03
2327,5.0000000005805903674493961830194166395813e-03
2328,4.9999999998984476570762502944944571936503e-03
2329,4.9999999998984476570762502944944571936503e-03
2330,4.9999999995822665480038615726243733661249e-03
2331,5.0000000005805903674493961830194166395813e-03
2332,4.9999999998984476570762502944944571936503e-03
2333,4.9999999995822665480038615726243733661249e-03
2334,5.0000000005805903674493961830194166395813e-03
2335,4.9999999998984476570762502944944571936503e-03
2336,4.9999999995822665480038615726243733661249e-03
2337,5.0000000005805903674493961830194166395813e-03
2338,4.9999999998984476570762502944944571936503e-03
2339,4.9999999995822665480038615726243733661249e-03
2340,5.0000000005805903674493961830194166395813e-03
2341,4.9999999998984476570762502944944571936503e-03
2342,4.9999999998984476570762502944944571936503e-03
2343,4.9999999995822665480038615726243733661249e-03
2344,5.0000000005805903674493961830194166395813e-03
2345,4.9999999995822665480038615726243733661249e-03
2346,5.0000000005805903674493961830194166395813e-03
2347,4.9999999998984476570762502944944571936503e-03
2348,4.9999999998984476570762502944944571936503e-03
2349,4.9999999995822665480038615726243733661249e-03
2350,5.0000000005805903674493961830194166395813e-03
2351,4.9999999995822665480038615726243733661249e-03
2352,5.0000000005805903674493961830194166395813e-03
2353,4.9999999998984476570762502944944571936503e-03
2354,4.9999999998984476570762502944944571936503e-03
2355,4.9999999995822665480038615726243733661249e-03
2356,5.0000000005805903674493961830194166395813e-03
2357,4.9999999995822665480038615726243733661249e-03
2358,5.0000000005805903674493961830194166395813e-03
2359,4.9999999998984476570762502944944571936503e-03
2360,4.9999999998984476570762502944944571936503e-03
2361,4.9999999995822665480038615726243733661249e-03
2362,5.0000000005805903674493961830194166395813e-03
2363,4.9999999995822665480038615726243733661249e-03
2364,5.0000000005805903674493961830194166395813e-03
2365,4.9999999998984476570762502944944571936503e-03
2366,4.9999999998984476570762502944944571936503e-03
2367,4.9999999998984476570762502944944571936503e-03
2368,4.9999999995822665480038615726243733661249e-03
2369,5.0000000005805903674493961830194166395813e-03
2370,4.9999999998096185394036439220144529826939e-03
2371,4.9999999996959308343202899038715258939192e-03
2372,4.9999999996959542530872155907673004548997e-03
2373,4.9999999998096185394036439220144529826939e-03
2374,4.9999999996959308343202899038715258939192e-03
2375,4.9999999996959542530872155907673004548997e-03
2376,4.9999999998096185394036439220144529826939e-03
2377,4.9999999996959308343202899038715258939192e-03
2378,4.9999999996959542530872155907673004548997e-03
2379,4.9999999998096185394036439220144529826939e-03
2380,4.9999999996959542530872155907673004548997e-03
2381,4.9999999998096185394036439220144529826939e-03
2382,4.9999999996959308343202899038715258939192e-03
2383,4.9999999996959542530872155907673004548997e-03
2384,4.9999999998096185394036439220144529826939e-03
2385,4.9999999996959308343202899038715258939192e-03
2386,4.9999999996959542530872155907673004548997e-03
2387,4.9999999998096185394036439220144529826939e-03
2388,4.9999999996959308343202899038715258939192e-03
2389,4.9999999996959542530872155907673004548997e-03
2390,4.9999999998096185394036439220144529826939e-03
2391,4.9999999996959308343202899038715258939192e-03
2392,4.9999999996959542530872155907673004548997e-03
2393,4.9999999998096185394036439220144529826939e-03
2394,4.9999999996959542530872155907673004548997e-03
2395,4.9999999998096185394036439220144529826939e-03
2396,4.9999999996959308343202899038715258939192e-03
2397,4.9999999996959542530872155907673004548997e-03
2398,4.9999999998096185394036439220144529826939e-03
2399,4.9999999996959308343202899038715258939192e-03
2400,4.9999999996959542530872155907673004548997e-03
2401,4.9999999998096185394036439220144529826939e-03
2402,4.9999999996959308343202899038715258939192e-03
2403,4.9999999996959542530872155907673004548997e-03
2404,4.9999999998096185394036439220144529826939e-03
2405,4.9999999996959308343202899038715258939192e-03
2406,4.9999999996959542530872155907673004548997e-03
2407,4.9999999998096185394036439220144529826939e-03
2408,4.9999999996959542530872155907673004548997e-03
2409,4.9999999998096185394036439220144529826939e-03
2410,4.9999999996959308343202899038715258939192e-03
2411,4.9999999996959542530872155907673004548997e-03
2412,4.9999999998096185394036439220144529826939e-03
2413,4.9999999996959308343202899038715258939192e-03
2414,4.9999999996959542530872155907673004548997e-03
2415,4.9999999998096185394036439220144529826939e-03
2416,4.9999999996959542530872155907673004548997e-03
2417,4.9999999995822665480038615726243733661249e-03
2418,5.0000000005805903674493961830194166395813e-03
2419,4.9999999998984476570762502944944571936503e-03
2420,4.9999999995822665480038615726243733661249e-03
2421,5.0000000005805903674493961830194166395813e-03
2422,4.9999999998984476570762502944944571936503e-03
2423,4.9999999995822665480038615726243733661249e-03
2424,5.0000000005805903674493961830194166395813e-03
2425,4.9999999998984476570762502944944571936503e-03
2426,4.9999999998984476570762502944944571936503e-03
2427,4.9999999995822665480038615726243733661249e-03
2428,5.0000000005805903674493961830194166395813e-03
2429,4.9999999998984476570762502944944571936503e-03
2430,4.9999999995822665480038615726243733661249e-03
2431,5.0000000005805903674493961830194166395813e-03
2432,4.9999999998984476570762502944944571936503e-03
2433,4.9999999995822665480038615726243733661249e-03
2434,5.0000000005805903674493961830194166395813e-03
2435,4.9999999998984476570762502944944571936503e-03
2436,4.9999999995822665480038615726243733661249e-03
2437,5.0000000005805903674493961830194166395813e-03
2438,4.9999999998984476570762502944944571936503e-03
2439,4.9999999995822665480038615726243733661249e-03
2440,5.0000000005805903674493961830194166395813e-03
2441,4.9999999998984476570762502944944571936503e-03
2442,4.9999999995822665480038615726243733661249e-03
2443,5.0000000005805903674493961830194166395813e-03
2444,4.9999999998984476570762502944944571936503e-03
2445,4.9999999995822665480038615726243733661249e-03
2446,5.0000000005805903674493961830194166395813e-03
2447,4.9999999998984476570762502944944571936503e-03
2448,4.9999999995822665480038615726243733661249e-03
2449,5.0000000005805903674493961830194166395813e-03
2450,4.9999999998984476570762502944944571936503e-03
2451,4.9999999998984476570762502944944571936503e-03
2452,4.9999999995822665480038615726243733661249e-03
2453,5.0000000005805903674493961830194166395813e-03
2454,4.9999999998984476570762502944944571936503e-03
2455,4.9999999995822665480038615726243733661249e-03
2456,5.0000000005805903674493961830194166395813e-03
2457,4.9999999998984476570762502944944571936503e-03
2458,4.9999999995822665480038615726243733661249e-03
2459,5.0000000005805903674493961830194166395813e-03
2460,4.9999999998984476570762502944944571936503e-03
2461,4.9999999995822665480038615726243733661249e-03
2462,5.0000000005805903674493961830194166395813e-03
2463,4.9999999998984476570762502944944571936503e-03
2464,4.9999999995822665480038615726243733661249e-03
2465,5.0000000005805903674493961830194166395813e-03
2466,4.9999999998984476570762502944944571936503e-03
2467,4.9999999995822665480038615726243733661249e-03
2468,5.0000000005805903674493961830194166395813e-03
2469,4.9999999998984476570762502944944571936503e-03
2470,4.9999999995822665480038615726243733661249e-03
2471,5.0000000005805903674493961830194166395813e-03
2472,4.9999999998984476570762502944944571936503e-03
2473,4.9999999995822665480038615726243733661249e-03
2474,5.0000000005805903674493961830194166395813e-03
2475,4.9999999998984476570762502944944571936503e-03
2476,4.9999999998984476570762502944944571936503e-03
2477,4.9999999995822665480038615726243733661249e-03
2478,5.0000000005805903674493961830194166395813e-03
2479,4.9999999998984476570762502944944571936503e-03
2480,4.9999999995822665480038615726243733661249e-03
2481,5.0000000005805903674493961830194166395813e-03
2482,4.9999999998984476570762502944944571936503e-03
2483,4.9999999995822665480038615726243733661249e-03
2484,5.0000000005805903674493961830194166395813e-03
2485,4.9999999998984476570762502944944571936503e-03
2486,4.9999999995822665480038615726243733661249e-03
2487,5.0000000005805903674493961830194166395813e-03
2488,4.9999999998984476570762502944944571936503e-03
2489,4.9999999995822665480038615726243733661249e-03
2490,5.0000000005805903674493961830194166395813e-03
2491,4.9999999998984476570762502944944571936503e-03
2492,4.9999999995822665480038615726243733661249e-03
2493,5.0000000005805903674493961830194166395813e-03
2494,4.9999999998984476570762502944944571936503e-03
2495,4.9999999995822665480038615726243733661249e-03
2496,5.0000000005805903674493961830194166395813e-03
2497,4.9999999998984476570762502944944571936503e-03
2498,4.9999999995822665480038615726243733661249e-03
2499,5.0000000005805903674493961830194166395813e-03
2500,4.9999999998984476570762502944944571936503e-03
2501,4.9999999995822665480038615726243733661249e-03
2502,5.0000000005805903674493961830194166395813e-03
2503,4.9999999998984476570762502944944571936503e-03
2504,4.9999999998984476570762502944944571936503e-03
2505,4.9999999995822665480038615726243733661249e-03
2506,5.0000000005805903674493961830194166395813e-03
2507,4.9999999998984476570762502944944571936503e-03
2508,4.9999999995822665480038615726243733661249e-03
2509,5.0000000005805903674493961830194166395813e-03
2510,4.9999999998984476570762502944944571936503e-03
2511,4.9999999995822665480038615726243733661249e-03
2512,5.0000000005805903674493961830194166395813e-03
2513,4.9999999998984476570762502944944571936503e-03
2514,4.9999999995822665480038615726243733661249e-03
2515,5.0000000005805903674493961830194166395813e-03
2516,4.9999999998984476570762502944944571936503e-03
2517,4.9999999995822665480038615726243733661249e-03
2518,5.0000000005805903674493961830194166395813e-03
2519,4.9999999998984476570762502944944571936503e-03
2520,4.9999999995822665480038615726243733661249e-03
2521,5.0000000005805903674493961830194166395813e-03
2522,4.9999999998984476570762502944944571936503e-03
2523,4.9999999998984476570762502944944571936503e-03
2524,4.9999999998984476570762502944944571936503e-03
2525,5.0000000000369956842938279351074015721679e-03
2526,4.9999999998984120952449927699490217491984e-03
2527,4.9999999998984476570762502944944571936503e-03
2528,4.9999999998984476570762502944944571936503e-03
2529,4.9999999998984476570762502944944571936503e-03
2530,4.9999999998984476570762502944944571936503e-03
2531,5.0000000000369956842938279351074015721679e-03
2532,4.9999999998984120952449927699490217491984e-03
2533,4.9999999998984476570762502944944571936503e-03
2534,4.9999999998984476570762502944944571936503e-03
2535,4.9999999998984476570762502944944571936503e-03
2536,4.9999999998984476570762502944944571936503e-03
2537,5.0000000000369956842938279351074015721679e-03
2538,4.9999999998984120952449927699490217491984e-03
2539,4.9999999998984476570762502944944571936503e-03
2540,4.9999999998984476570762502944944571936503e-03
2541,4.9999999998984476570762502944944571936503e-03
2542,4.9999999998984476570762502944944571936503e-03
2543,4.9999999998984476570762502944944571936503e-03
2544,5.0000000000369956842938279351074015721679e-03
2545,4.9999999998984120952449927699490217491984e-03
2546,4.9999999998984476570762502944944571936503e-03
2547,4.9999999998984476570762502944944571936503e-03
2548,4.9999999998984476570762502944944571936503e-03
2549,4.9999999998984476570762502944944571936503e-03
2550,5.0000000000369956842938279351074015721679e-03
2551,4.9999999998984120952449927699490217491984e-03
2552,4.9999999998984476570762502944944571936503e-03
2553,4.9999999998984476570762502944944571936503e-03
2554,4.9999999998984476570762502944944571936503e-03
2555,4.9999999998984476570762502944944571936503e-03
2556,5.0000000000369956842938279351074015721679e-03
2557,4.9999999998984120952449927699490217491984e-03
2558,4.9999999998984476570762502944944571936503e-03
2559,4.9999999998984476570762502944944571936503e-03
2560,4.9999999998984476570762502944944571936503e-03
2561,4.9999999998984476570762502944944571936503e-03
2562,5.0000000000369956842938279351074015721679e-03
2563,4.9999999998984120952449927699490217491984e-03
2564,4.9999999998984476570762502944944571936503e-03
2565,4.9999999998984476570762502944944571936503e-03
2566,4.9999999998984476570762502944944571936503e-03
2567,4.9999999998984476570762502944944571936503e-03
2568,4.9999999998984476570762502944944571936503e-03
2569,5.0000000000369956842938279351074015721679e-03
2570,4.9999999998984120952449927699490217491984e-03
2571,4.9999999998984476570762502944944571936503e-03
2572,4.9999999998984476570762502944944571936503e-03
2573,4.9999999998984476570762502944944571936503e-03
2574,4.9999999998984476570762502944944571936503e-03
2575,5.0000000000369956842938279351074015721679e-03
2576,4.9999999998984120952449927699490217491984e-03
2577,4.9999999998984476570762502944944571936503e-03
2578,4.9999999998984476570762502944944571936503e-03
2579,4.9999999998984476570762502944944571936503e-03
2580,4.9999999998984476570762502944944571936503e-03
2581,5.0000000000369956842938279351074015721679e-03
2582,4.9999999998984120952449927699490217491984e-03
2583,4.9999999998984476570762502944944571936503e-03
2584,4.9999999998984476570762502944944571936503e-03
2585,4.9999999998984476570762502944944571936503e-03
2586,4.9999999998984476570762502944944571936503e-03
2587,5.0000000000369956842938279351074015721679e-03
2588,4.9999999998984120952449927699490217491984e-03
2589,4.9999999998984476570762502944944571936503e-03
2590,4.9999999998984476570762502944944571936503e-03
2591,4.9999999998984476570762502944944571936503e-03
2592,4.9999999998984476570762502944944571936503e-03
2593,4.9999999998984476570762502944944571936503e-03
2594,5.0000000000369956842938279351074015721679e-03
2595,4.9999999998984120952449927699490217491984e-03
2596,4.9999999998984476570762502944944571936503e-03
2597,4.9999999998984476570762502944944571936503e-03
2598,4.9999999998984476570762502944944571936503e-03
2599,4.9999999998984476570762502944944571936503e-03
2600,5.0000000000369956842938279351074015721679e-03
2601,4.9999999998984120952449927699490217491984e-03
2602,4.9999999998984476570762502944944571936503e-03
2603,4.9999999998984476570762502944944571936503e-03
2604,4.9999999998984476570762502944944571936503e-03
2605,4.9999999998984476570762502944944571936503e-03
2606,5.0000000000369956842938279351074015721679e-03
2607,4.9999999998984120952449927699490217491984e-03
2608,4.9999999998984476570762502944944571936503e-03
2609,4.9999999998984476570762502944944571936503e-03
2610,4.9999999998984476570762502944944571936503e-03
2611,4.9999999998984476570762502944944571936503e-03
2612,5.0000000000369956842938279351074015721679e-03
2613,4.9999999998984120952449927699490217491984e-03
2614,4.9999999998984476570762502944944571936503e-03
2615,4.9999999998984476570762502944944571936503e-03
2616,4.9999999998984476570762502944944571936503e-03
2617,4.9999999998984476570762502944944571936503e-03
2618,4.9999999998984476570762502944944571936503e-03
2619,5.0000000000369956842938279351074015721679e-03
2620,4.9999999998984120952449927699490217491984e-03
2621,4.9999999998984476570762502944944571936503e-03
2622,4.9999999998984476570762502944944571936503e-03
2623,4.9999999998984476570762502944944571936503e-03
2624,4.9999999998984476570762502944944571936503e-03
2625,5.0000000000369956842938279351074015721679e-03
2626,4.9999999998984120952449927699490217491984e-03
2627,4.9999999998984476570762502944944571936503e-03
2628,4.9999999998984476570762502944944571936503e-03
2629,4.9999999998984476570762502944944571936503e-03
2630,4.9999999998984476570762502944944571936503e-03
2631,5.0000000000369956842938279351074015721679e-03
2632,4.9999999998984120952449927699490217491984e-03
2633,4.9999999998984476570762502944944571936503e-03
2634,4.9999999998984476570762502944944571936503e-03
2635,4.9999999998984476570762502944944571936503e-03
2636,4.9999999998984476570762502944944571936503e-03
2637,5.0000000000369956842938279351074015721679e-03
2638,4.9999999998984120952449927699490217491984e-03
2639,3.2900037993898245680668424029136076569557e+00
2640,3.2900037993898121335689666011603549122810e+00
2641,4.9999999999754528995365987498189497273415e-03
2642,4.9999999999754528995365987498189497273415e-03
2643,4.9999999998617443777715330099908896954730e-03
2644,4.9999999999754528995365987498189497273415e-03
2645,4.9999999999754528995365987498189497273415e-03
2646,4.9999999998617443777715330099908896954730e-03
2647,4.9999999999754528995365987498189497273415e-03
2648,4.9999999999754528995365987498189497273415e-03
2649,4.9999999998617443777715330099908896954730e-03
2650,4.9999999999754528995365987498189497273415e-03
2651,4.9999999999754528995365987498189497273415e-03
2652,4.9999999998617443777715330099908896954730e-03
2653,4.9999999998617443777715330099908896954730e-03
2654,4.9999999999754528995365987498189497273415e-03
2655,4.9999999999754528995365987498189497273415e-03
2656,4.9999999999754528995365987498189497273415e-03
2657,4.9999999999754528995365987498189497273415e-03
2658,4.9999999998617443777715330099908896954730e-03
2659,4.9999999998617443777715330099908896954730e-03
2660,4.9999999999754528995365987498189497273415e-03
2661,4.9999999999754528995365987498189497273415e-03
2662,4.9999999998617443777715330099908896954730e-03
2663,4.9999999999754528995365987498189497273415e-03
2664,4.9999999999754528995365987498189497273415e-03
2665,4.9999999998617443777715330099908896954730e-03
2666,4.9999999999754528995365987498189497273415e-03
2667,4.9999999999754528995365987498189497273415e-03
2668,4.9999999998617443777715330099908896954730e-03
2669,4.9999999999754528995365987498189497273415e-03
2670,4.9999999999754528995365987498189497273415e-03
2671,4.9999999998617443777715330099908896954730e-03
2672,4.9999999998617443777715330099908896954730e-03
2673,4.9999999999754528995365987498189497273415e-03
2674,4.9999999999754528995365987498189497273415e-03
2675,4.9999999999754528995365987498189497273415e-03
2676,4.9999999999754528995365987498189497273415e-03
2677,4.9999999998617443777715330099908896954730e-03
2678,4.9999999998617443777715330099908896954730e-03
2679,4.9999999999754528995365987498189497273415e-03
2680,4.9999999999754528995365987498189497273415e-03
2681,4.9999999999754528995365987498189497273415e-03
2682,4.9999999999754528995365987498189497273415e-03
2683,4.9999999998617443777715330099908896954730e-03
2684,4.9999999998617443777715330099908896954730e-03
2685,4.9999999999754528995365987498189497273415e-03
2686,4.9999999999754528995365987498189497273415e-03
2687,4.9999999999754528995365987498189497273415e-03
2688,4.9999999999754528995365987498189497273415e-03
2689,4.9999999998617443777715330099908896954730e-03
2690,4.9999999998617443777715330099908896954730e-03
2691,4.9999999999754528995365987498189497273415e-03
2692,4.9999999999754528995365987498189497273415e-03
2693,4.9999999999754528995365987498189497273415e-03
2694,4.9999999999754528995365987498189497273415e-03
2695,4.9999999998617443777715330099908896954730e-03
2696,4.9999999998617443777715330099908896954730e-03
2697,4.9999999998617443777715330099908896954730e-03
2698,4.9999999999754528995365987498189497273415e-03
2699,4.9999999999754528995365987498189497273415e-03
2700,4.9999999998866168429700884701105678686872e-03
2701,5.0000000000891432067051667331725184340030e-03
2702,4.9999999998866168429700884701105678686872e-03
2703,4.9999999998866168429700884701105678686872e-03
2704,5.0000000000891432067051667331725184340030e-03
2705,4.9999999998866168429700884701105678686872e-03
2706,4.9999999998866168429700884701105678686872e-03
2707,5.0000000000891432067051667331725184340030e-03
2708,4.9999999998866168429700884701105678686872e-03
2709,4.9999999998866168429700884701105678686872e-03
2710,4.9999999998866168429700884701105678686872e-03
2711,4.9999999998866168429700884701105678686872e-03
2712,5.0000000000891432067051667331725184340030e-03
2713,4.9999999998866168429700884701105678686872e-03
2714,4.9999999998866168429700884701105678686872e-03
2715,5.0000000000891432067051667331725184340030e-03
2716,4.9999999998866168429700884701105678686872e-03
2717,4.9999999998866168429700884701105678686872e-03
2718,5.0000000000891432067051667331725184340030e-03
2719,4.9999999998866168429700884701105678686872e-03
2720,4.9999999998866168429700884701105678686872e-03
2721,5.0000000000891432067051667331725184340030e-03
2722,4.9999999998866168429700884701105678686872e-03
2723,4.9999999998866168429700884701105678686872e-03
2724,4.9999999998866168429700884701105678686872e-03
2725,4.9999999998866168429700884701105678686872e-03
2726,5.0000000000891432067051667331725184340030e-03
2727,4.9999999998866168429700884701105678686872e-03
2728,4.9999999998866168429700884701105678686872e-03
2729,5.0000000000891432067051667331725184340030e-03
2730,4.9999999998866168429700884701105678686872e-03
2731,4.9999999998866168429700884701105678686872e-03
2732,5.0000000000891432067051667331725184340030e-03
2733,4.9999999998866168429700884701105678686872e-03
2734,4.9999999998866168429700884701105678686872e-03
2735,5.0000000000891432067051667331725184340030e-03
2736,4.9999999998866168429700884701105678686872e-03
2737,4.9999999998866168429700884701105678686872e-03
2738,4.9999999998866168429700884701105678686872e-03
2739,4.9999999998866168429700884701105678686872e-03
2740,5.0000000000891432067051667331725184340030e-03
2741,4.9999999998866168429700884701105678686872e-03
2742,4.9999999998866168429700884701105678686872e-03
2743,5.0000000000891432067051667331725184340030e-03
2744,4.9999999998866168429700884701105678686872e-03
2745,4.9999999998866168429700884701105678686872e-03
2746,4.9999999998866168429700884701105678686872e-03
2747,4.9999999999754528995365987498189497273415e-03
2748,4.9999999999754528995365987498189497273415e-03
2749,4.9999999998617443777715330099908896954730e-03
2750,4.9999999999754528995365987498189497273415e-03
2751,4.9999999999754528995365987498189497273415e-03
2752,4.9999999998617443777715330099908896954730e-03
2753,4.9999999999754528995365987498189497273415e-03
2754,4.9999999999754528995365987498189497273415e-03
2755,4.9999999998617443777715330099908896954730e-03
2756,4.9999999998617443777715330099908896954730e-03
2757,4.9999999999754528995365987498189497273415e-03
2758,4.9999999999754528995365987498189497273415e-03
2759,4.9999999998617443777715330099908896954730e-03
2760,4.9999999999754528995365987498189497273415e-03
2761,4.9999999999754528995365987498189497273415e-03
2762,4.9999999998617443777715330099908896954730e-03
2763,4.9999999999754528995365987498189497273415e-03
2764,4.9999999999754528995365987498189497273415e-03
2765,4.9999999998617443777715330099908896954730e-03
2766,4.9999999999754528995365987498189497273415e-03
2767,4.9999999999754528995365987498189497273415e-03
2768,4.9999999998617443777715330099908896954730e-03
2769,4.9999999999754528995365987498189497273415e-03
2770,4.9999999999754528995365987498189497273415e-03
2771,4.9999999998617443777715330099908896954730e-03
2772,4.9999999999754528995365987498189497273415e-03
2773,4.9999999999754528995365987498189497273415e-03
2774,4.9999999998617443777715330099908896954730e-03
2775,4.9999999999754528995365987498189497273415e-03
2776,4.9999999999754528995365987498189497273415e-03
2777,4.9999999998617443777715330099908896954730e-03
2778,4.9999999999754528995365987498189497273415e-03
2779,4.9999999999754528995365987498189497273415e-03
2780,4.9999999998617443777715330099908896954730e-03
2781,4.9999999998617443777715330099908896954730e-03
2782,4.9999999999754528995365987498189497273415e-03
2783,4.9999999999754528995365987498189497273415e-03
2784,4.9999999998617443777715330099908896954730e-03
2785,4.9999999999754528995365987498189497273415e-03
2786,4.9999999999754528995365987498189497273415e-03
2787,4.9999999998617443777715330099908896954730e-03
2788,4.9999999999754528995365987498189497273415e-03
2789,4.9999999999754528995365987498189497273415e-03
2790,4.9999999998617443777715330099908896954730e-03
2791,4.9999999999754528995365987498189497273415e-03
2792,4.9999999999754528995365987498189497273415e-03
2793,4.9999999998617443777715330099908896954730e-03
2794,4.9999999999754528995365987498189497273415e-03
2795,4.9999999999754528995365987498189497273415e-03
2796,4.9999999998617443777715330099908896954730e-03
2797,4.9999999999754528995365987498189497273415e-03
2798,4.9999999999754528995365987498189497273415e-03
2799,4.9999999998617443777715330099908896954730e-03
2800,4.9999999999754528995365987498189497273415e-03
2801,4.9999999999754528995365987498189497273415e-03
2802,4.9999999998617443777715330099908896954730e-03
2803,4.9999999999754528995365987498189497273415e-03
2804,4.9999999999754528995365987498189497273415e-03
2805,4.9999999998617443777715330099908896954730e-03
2806,4.9999999998617443777715330099908896954730e-03
2807,4.9999999999754528995365987498189497273415e-03
2808,4.9999999999754528995365987498189497273415e-03
2809,4.9999999998617443777715330099908896954730e-03
2810,4.9999999999754528995365987498189497273415e-03
2811,4.9999999999754528995365987498189497273415e-03
2812,4.9999999998617443777715330099908896954730e-03
2813,4.9999999999754528995365987498189497273415e-03
2814,4.9999999999754528995365987498189497273415e-03
2815,4.9999999998617443777715330099908896954730e-03
2816,4.9999999999754528995365987498189497273415e-03
2817,4.9999999999754528995365987498189497273415e-03
2818,4.9999999998617443777715330099908896954730e-03
2819,4.9999999999754528995365987498189497273415e-03
2820,4.9999999999754528995365987498189497273415e-03
2821,4.9999999998617443777715330099908896954730e-03
2822,4.9999999999754528995365987498189497273415e-03
2823,4.9999999999754528995365987498189497273415e-03
2824,4.9999999998617443777715330099908896954730e-03
2825,4.9999999999754528995365987498189497273415e-03
2826,4.9999999999754528995365987498189497273415e-03
2827,4.9999999998617443777715330099908896954730e-03
2828,4.9999999999754528995365987498189497273415e-03
2829,4.9999999999754528995365987498189497273415e-03
2830,4.9999999998617443777715330099908896954730e-03
2831,4.9999999999754528995365987498189497273415e-03
2832,4.9999999999754528995365987498189497273415e-03
2833,4.9999999998617443777715330099908896954730e-03
2834,4.9999999998617443777715330099908896954730e-03
2835,4.9999999999754528995365987498189497273415e-03
2836,4.9999999999754528995365987498189497273415e-03
2837,4.9999999998617443777715330099908896954730e-03
2838,4.9999999999754528995365987498189497273415e-03
2839,4.9999999999754528995365987498189497273415e-03
2840,4.9999999998617443777715330099908896954730e-03
2841,4.9999999999754528995365987498189497273415e-03
2842,4.9999999999754528995365987498189497273415e-03
2843,4.9999999998617443777715330099908896954730e-03
2844,4.9999999999754528995365987498189497273415e-03
2845,4.9999999999754528995365987498189497273415e-03
2846,4.9999999998617443777715330099908896954730e-03
2847,4.9999999999754528995365987498189497273415e-03
2848,4.9999999999754528995365987498189497273415e-03
2849,4.9999999998617443777715330099908896954730e-03
2850,4.9999999999754528995365987498189497273415e-03
2851,4.9999999999754528995365987498189497273415e-03
2852,4.9999999998617443777715330099908896954730e-03
2853,4.9999999998617443777715330099908896954730e-03
2854,4.9999999998617443777715330099908896954730e-03
2855,4.9999999997407751708977663440691685536876e-03
2856,4.9999999998617634597297687548689282266423e-03
2857,4.9999999998617443777715330099908896954730e-03
2858,4.9999999998617443777715330099908896954730e-03
2859,4.9999999998617443777715330099908896954730e-03
2860,4.9999999998617443777715330099908896954730e-03
2861,4.9999999997407751708977663440691685536876e-03
2862,4.9999999998617634597297687548689282266423e-03
2863,4.9999999998617443777715330099908896954730e-03
2864,4.9999999998617443777715330099908896954730e-03
2865,4.9999999998617443777715330099908896954730e-03
2866,4.9999999998617443777715330099908896954730e-03
2867,4.9999999997407751708977663440691685536876e-03
2868,4.9999999998617634597297687548689282266423e-03
2869,4.9999999998617443777715330099908896954730e-03
2870,4.9999999998617443777715330099908896954730e-03
2871,4.9999999998617443777715330099908896954730e-03
2872,4.9999999998617443777715330099908896954730e-03
2873,4.9999999998617443777715330099908896954730e-03
2874,4.9999999997407751708977663440691685536876e-03
2875,4.9999999998617634597297687548689282266423e-03
2876,4.9999999998617443777715330099908896954730e-03
2877,4.9999999998617443777715330099908896954730e-03
2878,4.9999999998617443777715330099908896954730e-03
2879,4.9999999998617443777715330099908896954730e-03
2880,4.9999999997407751708977663440691685536876e-03
2881,4.9999999998617634597297687548689282266423e-03
2882,4.9999999998617443777715330099908896954730e-03
2883,4.9999999998617443777715330099908896954730e-03
2884,4.9999999998617443777715330099908896954730e-03
2885,4.9999999998617443777715330099908896954730e-03
2886,4.9999999997407751708977663440691685536876e-03
2887,4.9999999998617634597297687548689282266423e-03
2888,4.9999999998617443777715330099908896954730e-03
2889,4.9999999998617443777715330099908896954730e-03
2890,4.9999999998617443777715330099908896954730e-03
2891,4.9999999998617443777715330099908896954730e-03
2892,4.9999999997407751708977663440691685536876e-03
2893,4.9999999998617634597297687548689282266423e-03
2894,4.9999999998617443777715330099908896954730e-03
2895,4.9999999998617443777715330099908896954730e-03
2896,4.9999999998617443777715330099908896954730e-03
2897,4.9999999998617443777715330099908896954730e-03
2898,4.9999999998617443777715330099908896954730e-03
2899,4.9999999997407751708977663440691685536876e-03
2900,4.9999999998617634597297687548689282266423e-03
2901,4.9999999998617443777715330099908896954730e-03
2902,4.9999999998617443777715330099908896954730e-03
2903,4.9999999998617443777715330099908896954730e-03
2904,4.9999999998617443777715330099908896954730e-03
2905,4.9999999997407751708977663440691685536876e-03
2906,4.9999999998617634597297687548689282266423e-03
2907,4.9999999998617443777715330099908896954730e-03
2908,4.9999999998617443777715330099908896954730e-03
2909,4.9999999998617443777715330099908896954730e-03
2910,4.9999999998617443777715330099908896954730e-03
2911,4.9999999997407751708977663440691685536876e-03
2912,4.9999999998617634597297687548689282266423e-03
2913,4.9999999998617443777715330099908896954730e-03
2914,4.9999999998617443777715330099908896954730e-03
2915,4.9999999998617443777715330099908896954730e-03
2916,4.9999999998617443777715330099908896954730e-03
2917,4.9999999997407751708977663440691685536876e-03
2918,4.9999999998617634597297687548689282266423e-03
2919,4.9999999998617443777715330099908896954730e-03
2920,4.9999999998617443777715330099908896954730e-03
2921,4.9999999998617443777715330099908896954730e-03
2922,4.9999999998617443777715330099908896954730e-03
2923,4.9999999998617443777715330099908896954730e-03
2924,4.9999999997407751708977663440691685536876e-03
2925,4.9999999998617634597297687548689282266423e-03
2926,4.9999999998617443777715330099908896954730e-03
2927,4.9999999998617443777715330099908896954730e-03
2928,4.9999999998617443777715330099908896954730e-03
2929,4.9999999998617443777715330099908896954730e-03
2930,4.9999999997407751708977663440691685536876e-03
2931,4.9999999998617634597297687548689282266423e-03
2932,4.9999999998617443777715330099908896954730e-03
2933,4.9999999998617443777715330099908896954730e-03
2934,4.9999999998617443777715330099908896954730e-03
2935,4.9999999998617443777715330099908896954730e-03
2936,4.9999999997407751708977663440691685536876e-03
2937,4.9999999998617634597297687548689282266423e-03
2938,4.9999999998617443777715330099908896954730e-03
2939,4.9999999998617443777715330099908896954730e-03
2940,4.9999999998617443777715330099908896954730e-03
2941,4.9999999998617443777715330099908896954730e-03
2942,4.9999999997407751708977663440691685536876e-03
2943,4.9999999998617634597297687548689282266423e-03
2944,4.9999999998617443777715330099908896954730e-03
2945,4.9999999998617443777715330099908896954730e-03
2946,4.9999999998617443777715330099908896954730e-03
2947,4.9999999998617443777715330099908896954730e-03
2948,4.9999999998617443777715330099908896954730e-03
2949,4.9999999997407751708977663440691685536876e-03
2950,4.9999999998617634597297687548689282266423e-03
2951,4.9999999998617443777715330099908896954730e-03
2952,4.9999999998617443777715330099908896954730e-03
2953,4.9999999998617443777715330099908896954730e-03
2954,4.9999999998617443777715330099908896954730e-03
2955,4.9999999997407751708977663440691685536876e-03
2956,4.9999999998617634597297687548689282266423e-03
2957,4.9999999998617443777715330099908896954730e-03
2958,4.9999999998617443777715330099908896954730e-03
2959,4.9999999998617443777715330099908896954730e-03
2960,4.9999999998617443777715330099908896954730e-03
2961,4.9999999997407751708977663440691685536876e-03
2962,4.9999999998617634597297687548689282266423e-03
2963,4.9999999998617443777715330099908896954730e-03
2964,4.9999999998617443777715330099908896954730e-03
2965,4.9999999998617443777715330099908896954730e-03
2966,4.9999999998617443777715330099908896954730e-03
2967,4.9999999997407751708977663440691685536876e-03
2968,4.9999999998617634597297687548689282266423e-03
2969,3.2900037993898116894797567510977387428284e+00
2970,3.2900037993898116894797567510977387428284e+00
2971,4.9999999998593417857573051321651291800663e-03
2972,4.9999999998593383163103531785509403562173e-03
2973,4.9999999997456480091417851951973716495559e-03
2974,4.9999999998593417857573051321651291800663e-03
2975,4.9999999998593383163103531785509403562173e-03
2976,4.9999999997456480091417851951973716495559e-03
2977,4.9999999998593417857573051321651291800663e-03
2978,4.9999999998593383163103531785509403562173e-03
2979,4.9999999997456480091417851951973716495559e-03
2980,4.9999999998593417857573051321651291800663e-03
2981,4.9999999998593383163103531785509403562173e-03
2982,4.9999999997456480091417851951973716495559e-03
2983,4.9999999997456480091417851951973716495559e-03
2984,4.9999999998593417857573051321651291800663e-03
2985,4.9999999998593383163103531785509403562173e-03
2986,4.9999999998593417857573051321651291800663e-03
2987,4.9999999998593383163103531785509403562173e-03
2988,4.9999999997456480091417851951973716495559e-03
2989,4.9999999997456480091417851951973716495559e-03
2990,4.9999999998593417857573051321651291800663e-03
2991,4.9999999998593383163103531785509403562173e-03
2992,4.9999999997456480091417851951973716495559e-03
2993,4.9999999998593417857573051321651291800663e-03
2994,4.9999999998593383163103531785509403562173e-03
2995,4.9999999997456480091417851951973716495559e-03
2996,4.9999999998593417857573051321651291800663e-03
2997,4.9999999998593383163103531785509403562173e-03
2998,4.9999999997456480091417851951973716495559e-03
2999,4.9999999998593417857573051321651291800663e-03
3000,4.9999999998593383163103531785509403562173e-03
3001,4.9999999997456480091417851951973716495559e-03
3002,4.9999999997456480091417851951973716495559e-03
3003,4.9999999998593417857573051321651291800663e-03
3004,4.9999999998593383163103531785509403562173e-03
3005,4.9999999998593417857573051321651291800663e-03
3006,4.9999999998593383163103531785509403562173e-03
3007,4.9999999997456480091417851951973716495559e-03
3008,4.9999999997456480091417851951973716495559e-03
3009,4.9999999998593417857573051321651291800663e-03
3010,4.9999999998593383163103531785509403562173e-03
3011,4.9999999998593417857573051321651291800663e-03
3012,4.9999999998593383163103531785509403562173e-03
3013,4.9999999997456480091417851951973716495559e-03
3014,4.9999999997456480091417851951973716495559e-03
3015,4.9999999998593417857573051321651291800663e-03
3016,4.9999999998593383163103531785509403562173e-03
3017,4.9999999998593417857573051321651291800663e-03
3018,4.9999999998593383163103531785509403562173e-03
3019,4.9999999997456480091417851951973716495559e-03
3020,4.9999999997456480091417851951973716495559e-03
3021,4.9999999998593417857573051321651291800663e-03
3022,4.9999999998593383163103531785509403562173e-03
3023,4.9999999998593417857573051321651291800663e-03
3024,4.9999999998593383163103531785509403562173e-03
3025,4.9999999997456480091417851951973716495559e-03
3026,4.9999999997456480091417851951973716495559e-03
3027,4.9999999997456480091417851951973716495559e-03
3028,4.9999999998593417857573051321651291800663e-03
3029,4.9999999998593383163103531785509403562173e-03
3030,4.9999999998842081794236946734599769115448e-03
3031,4.9999999999730251540319692082903202390298e-03
3032,4.9999999997705178722551266901064082048833e-03
3033,4.9999999998842081794236946734599769115448e-03
3034,4.9999999999730251540319692082903202390298e-03
3035,4.9999999997705178722551266901064082048833e-03
3036,4.9999999998842081794236946734599769115448e-03
3037,4.9999999999730251540319692082903202390298e-03
3038,4.9999999997705178722551266901064082048833e-03
3039,4.9999999998842081794236946734599769115448e-03
3040,4.9999999997705178722551266901064082048833e-03
3041,4.9999999998842081794236946734599769115448e-03
3042,4.9999999999730251540319692082903202390298e-03
3043,4.9999999997705178722551266901064082048833e-03
3044,4.9999999998842081794236946734599769115448e-03
3045,4.9999999999730251540319692082903202390298e-03
3046,4.9999999997705178722551266901064082048833e-03
3047,4.9999999998842081794236946734599769115448e-03
3048,4.9999999999730251540319692082903202390298e-03
3049,4.9999999997705178722551266901064082048833e-03
3050,4.9999999998842081794236946734599769115448e-03
3051,4.9999999999730251540319692082903202390298e-03
3052,4.9999999997705178722551266901064082048833e-03
3053,4.9999999998842081794236946734599769115448e-03
3054,4.9999999997705178722551266901064082048833e-03
3055,4.9999999998842081794236946734599769115448e-03
3056,4.9999999999730251540319692082903202390298e-03
3057,4.9999999997705178722551266901064082048833e-03
3058,4.9999999998842081794236946734599769115448e-03
3059,4.9999999999730251540319692082903202390298e-03
3060,4.9999999997705178722551266901064082048833e-03
3061,4.9999999998842081794236946734599769115448e-03
3062,4.9999999999730251540319692082903202390298e-03
3063,4.9999999997705178722551266901064082048833e-03
3064,4.9999999998842081794236946734599769115448e-03
3065,4.9999999999730251540319692082903202390298e-03
3066,4.9999999997705178722551266901064082048833e-03
3067,4.9999999998842081794236946734599769115448e-03
3068,4.9999999997705178722551266901064082048833e-03
3069,4.9999999998842081794236946734599769115448e-03
3070,4.9999999999730251540319692082903202390298e-03
3071,4.9999999997705178722551266901064082048833e-03
3072,4.9999999998842081794236946734599769115448e-03
3073,4.9999999999730251540319692082903202390298e-03
3074,4.9999999997705178722551266901064082048833e-03
3075,4.9999999998842081794236946734599769115448e-03
3076,4.9999999997705178722551266901064082048833e-03
3077,4.9999999998593417857573051321651291800663e-03
3078,4.9999999998593383163103531785509403562173e-03
3079,4.9999999997456480091417851951973716495559e-03
3080,4.9999999998593417857573051321651291800663e-03
3081,4.9999999998593383163103531785509403562173e-03
3082,4.9999999997456480091417851951973716495559e-03
3083,4.9999999998593417857573051321651291800663e-03
3084,4.9999999998593383163103531785509403562173e-03
3085,4.9999999997456480091417851951973716495559e-03
3086,4.9999999997456480091417851951973716495559e-03
3087,4.9999999998593417857573051321651291800663e-03
3088,4.9999999998593383163103531785509403562173e-03
3089,4.9999999997456480091417851951973716495559e-03
3090,4.9999999998593417857573051321651291800663e-03
3091,4.9999999998593383163103531785509403562173e-03
3092,4.9999999997456480091417851951973716495559e-03
3093,4.9999999998593417857573051321651291800663e-03
3094,4.9999999998593383163103531785509403562173e-03
3095,4.9999999997456480091417851951973716495559e-03
3096,4.9999999998593417857573051321651291800663e-03
3097,4.9999999998593383163103531785509403562173e-03
3098,4.9999999997456480091417851951973716495559e-03
3099,4.9999999998593417857573051321651291800663e-03
3100,4.9999999998593383163103531785509403562173e-03
3101,4.9999999997456480091417851951973716495559e-03
3102,4.9999999998593417857573051321651291800663e-03
3103,4.9999999998593383163103531785509403562173e-03
3104,4.9999999997456480091417851951973716495559e-03
3105,4.9999999998593417857573051321651291800663e-03
3106,4.9999999998593383163103531785509403562173e-03
3107,4.9999999997456480091417851951973716495559e-03
3108,4.9999999998593417857573051321651291800663e-03
3109,4.9999999998593383163103531785509403562173e-03
3110,4.9999999997456480091417851951973716495559e-03
3111,4.9999999997456480091417851951973716495559e-03
3112,4.9999999998593417857573051321651291800663e-03
3113,4.9999999998593383163103531785509403562173e-03
3114,4.9999999997456480091417851951973716495559e-03
3115,4.9999999998593417857573051321651291800663e-03
3116,4.9999999998593383163103531785509403562173e-03
3117,4.9999999997456480091417851951973716495559e-03
3118,4.9999999998593417857573051321651291800663e-03
3119,4.9999999998593383163103531785509403562173e-03
3120,4.9999999997456480091417851951973716495559e-03
3121,4.9999999998593417857573051321651291800663e-03
3122,4.9999999998593383163103531785509403562173e-03
3123,4.9999999997456480091417851951973716495559e-03
3124,4.9999999998593417857573051321651291800663e-03
3125,4.9999999998593383163103531785509403562173e-03
3126,4.9999999997456480091417851951973716495559e-03
3127,4.9999999998593417857573051321651291800663e-03
3128,4.9999999998593383163103531785509403562173e-03
3129,4.9999999997456480091417851951973716495559e-03
3130,4.9999999998593417857573051321651291800663e-03
3131,4.9999999998593383163103531785509403562173e-03
3132,4.9999999997456480091417851951973716495559e-03
3133,4.9999999998593417857573051321651291800663e-03
3134,4.9999999998593383163103531785509403562173e-03
3135,4.9999999997456480091417851951973716495559e-03
3136,4.9999999997456480091417851951973716495559e-03
3137,4.9999999998593417857573051321651291800663e-03
3138,4.9999999998593383163103531785509403562173e-03
3139,4.9999999997456480091417851951973716495559e-03
3140,4.9999999998593417857573051321651291800663e-03
3141,4.9999999998593383163103531785509403562173e-03
3142,4.9999999997456480091417851951973716495559e-03
3143,4.9999999998593417857573051321651291800663e-03
3144,4.9999999998593383163103531785509403562173e-03
3145,4.9999999997456480091417851951973716495559e-03
3146,4.9999999998593417857573051321651291800663e-03
3147,4.9999999998593383163103531785509403562173e-03
3148,4.9999999997456480091417851951973716495559e-03
3149,4.9999999998593417857573051321651291800663e-03
3150,4.9999999998593383163103531785509403562173e-03
3151,4.9999999997456480091417851951973716495559e-03
3152,4.9999999998593417857573051321651291800663e-03
3153,4.9999999998593383163103531785509403562173e-03
3154,4.9999999997456480091417851951973716495559e-03
3155,4.9999999998593417857573051321651291800663e-03
3156,4.9999999998593383163103531785509403562173e-03
3157,4.9999999997456480091417851951973716495559e-03
3158,4.9999999998593417857573051321651291800663e-03
3159,4.9999999998593383163103531785509403562173e-03
3160,4.9999999997456480091417851951973716495559e-03
3161,4.9999999998593417857573051321651291800663e-03
3162,4.9999999998593383163103531785509403562173e-03
3163,4.9999999997456480091417851951973716495559e-03
3164,4.9999999997456480091417851951973716495559e-03
3165,4.9999999998593417857573051321651291800663e-03
3166,4.9999999998593383163103531785509403562173e-03
3167,4.9999999997456480091417851951973716495559e-03
3168,4.9999999998593417857573051321651291800663e-03
3169,4.9999999998593383163103531785509403562173e-03
3170,4.9999999997456480091417851951973716495559e-03
3171,4.9999999998593417857573051321651291800663e-03
3172,4.9999999998593383163103531785509403562173e-03
3173,4.9999999997456480091417851951973716495559e-03
3174,4.9999999998593417857573051321651291800663e-03
3175,4.9999999998593383163103531785509403562173e-03
3176,4.9999999997456480091417851951973716495559e-03
3177,4.9999999998593417857573051321651291800663e-03
3178,4.9999999998593383163103531785509403562173e-03
3179,4.9999999997456480091417851951973716495559e-03
3180,4.9999999998593417857573051321651291800663e-03
3181,4.9999999998593383163103531785509403562173e-03
3182,4.9999999997456480091417851951973716495559e-03
3183,4.9999999997456480091417851951973716495559e-03
3184,4.9999999997456480091417851951973716495559e-03
3185,4.9999999997383430885844468605228030355647e-03
3186,4.9999999997705213417020786437205970287323e-03
3187,4.9999999997456480091417851951973716495559e-03
3188,4.9999999997456480091417851951973716495559e-03
3189,4.9999999997456480091417851951973716495559e-03
3190,4.9999999997456480091417851951973716495559e-03
3191,4.9999999997383430885844468605228030355647e-03
3192,4.9999999997705213417020786437205970287323e-03
3193,4.9999999997456480091417851951973716495559e-03
3194,4.9999999997456480091417851951973716495559e-03
3195,4.9999999997456480091417851951973716495559e-03
3196,4.9999999997456480091417851951973716495559e-03
3197,4.9999999997383430885844468605228030355647e-03
3198,4.9999999997705213417020786437205970287323e-03
3199,4.9999999997456480091417851951973716495559e-03
3200,4.9999999997456480091417851951973716495559e-03
3201,4.9999999997456480091417851951973716495559e-03
3202,4.9999999997456480091417851951973716495559e-03
3203,4.9999999997456480091417851951973716495559e-03
3204,4.9999999997383430885844468605228030355647e-03
3205,4.9999999997705213417020786437205970287323e-03
3206,4.9999999997456480091417851951973716495559e-03
3207,4.9999999997456480091417851951973716495559e-03
3208,4.9999999997456480091417851951973716495559e-03
3209,4.9999999997456480091417851951973716495559e-03
3210,4.9999999997383430885844468605228030355647e-03
3211,4.9999999997705213417020786437205970287323e-03
3212,4.9999999997456480091417851951973716495559e-03
3213,4.9999999997456480091417851951973716495559e-03
3214,4.9999999997456480091417851951973716495559e-03
3215,4.9999999997456480091417851951973716495559e-03
3216,4.9999999997383430885844468605228030355647e-03
3217,4.9999999997705213417020786437205970287323e-03
3218,4.9999999997456480091417851951973716495559e-03
3219,4.9999999997456480091417851951973716495559e-03
3220,4.9999999997456480091417851951973716495559e-03
3221,4.9999999997456480091417851951973716495559e-03
3222,4.9999999997383430885844468605228030355647e-03
3223,4.9999999997705213417020786437205970287323e-03
3224,4.9999999997456480091417851951973716495559e-03
3225,4.9999999997456480091417851951973716495559e-03
3226,4.9999999997456480091417851951973716495559e-03
3227,4.9999999997456480091417851951973716495559e-03
3228,4.9999999997456480091417851951973716495559e-03
3229,4.9999999997383430885844468605228030355647e-03
3230,4.9999999997705213417020786437205970287323e-03
3231,4.9999999997456480091417851951973716495559e-03
3232,4.9999999997456480091417851951973716495559e-03
3233,4.9999999997456480091417851951973716495559e-03
3234,4.9999999997456480091417851951973716495559e-03
3235,4.9999999997383430885844468605228030355647e-03
3236,4.9999999997705213417020786437205970287323e-03
3237,4.9999999997456480091417851951973716495559e-03
3238,4.9999999997456480091417851951973716495559e-03
3239,4.9999999997456480091417851951973716495559e-03
3240,4.9999999997456480091417851951973716495559e-03
3241,4.9999999997383430885844468605228030355647e-03
3242,4.9999999997705213417020786437205970287323e-03
3243,4.9999999997456480091417851951973716495559e-03
3244,4.9999999997456480091417851951973716495559e-03
3245,4.9999999997456480091417851951973716495559e-03
3246,4.9999999997456480091417851951973716495559e-03
3247,4.9999999997383430885844468605228030355647e-03
3248,4.9999999997705213417020786437205970287323e-03
3249,4.9999999997456480091417851951973716495559e-03
3250,4.9999999997456480091417851951973716495559e-03
3251,4.9999999997456480091417851951973716495559e-03
3252,4.9999999997456480091417851951973716495559e-03
3253,4.9999999997456480091417851951973716495559e-03
3254,4.9999999997383430885844468605228030355647e-03
3255,4.9999999997705213417020786437205970287323e-03
3256,4.9999999997456480091417851951973716495559e-03
3257,4.9999999997456480091417851951973716495559e-03
3258,4.9999999997456480091417851951973716495559e-03
3259,4.9999999997456480091417851951973716495559e-03
3260,4.9999999997383430885844468605228030355647e-03
3261,4.9999999997705213417020786437205970287323e-03
3262,4.9999999997456480091417851951973716495559e-03
3263,4.9999999997456480091417851951973716495559e-03
3264,4.9999999997456480091417851951973716495559e-03
3265,4.9999999997456480091417851951973716495559e-03
3266,4.9999999997383430885844468605228030355647e-03
3267,4.9999999997705213417020786437205970287323e-03
3268,4.9999999997456480091417851951973716495559e-03
3269,4.9999999997456480091417851951973716495559e-03
3270,4.9999999997456480091417851951973716495559e-03
3271,4.9999999997456480091417851951973716495559e-03
3272,4.9999999997383430885844468605228030355647e-03
3273,4.9999999997705213417020786437205970287323e-03
3274,4.9999999997456480091417851951973716495559e-03
3275,4.9999999997456480091417851951973716495559e-03
3276,4.9999999997456480091417851951973716495559e-03
3277,4.9999999997456480091417851951973716495559e-03
3278,4.9999999997456480091417851951973716495559e-03
3279,4.9999999997383430885844468605228030355647e-03
3280,4.9999999997705213417020786437205970287323e-03
3281,4.9999999997456480091417851951973716495559e-03
3282,4.9999999997456480091417851951973716495559e-03
3283,4.9999999997456480091417851951973716495559e-03
3284,4.9999999997456480091417851951973716495559e-03
3285,4.9999999997383430885844468605228030355647e-03
3286,4.9999999997705213417020786437205970287323e-03
3287,4.9999999997456480091417851951973716495559e-03
3288,4.9999999997456480091417851951973716495559e-03
3289,4.9999999997456480091417851951973716495559e-03
3290,4.9999999997456480091417851951973716495559e-03
3291,4.9999999997383430885844468605228030355647e-03
3292,4.9999999997705213417020786437205970287323e-03
3293,4.9999999997456480091417851951973716495559e-03
3294,4.9999999997456480091417851951973716495559e-03
3295,4.9999999997456480091417851951973716495559e-03
3296,4.9999999997456480091417851951973716495559e-03
3297,4.9999999997383430885844468605228030355647e-03
3298,4.9999999997705213417020786437205970287323e-03
3299,3.2900037993898116894797567510977387428284e+00
3300,3.2900037993897877086624248477164655923843e+00
3301,4.9999999999483773355235527446893684100360e-03
3302,4.9999999997209975885481547663857782026753e-03
3303,4.9999999998346870283549847613357997033745e-03
3304,4.9999999999483773355235527446893684100360e-03
3305,4.9999999997209975885481547663857782026753e-03
3306,4.9999999998346870283549847613357997033745e-03
3307,4.9999999999483773355235527446893684100360e-03
3308,4.9999999997209975885481547663857782026753e-03
3309,4.9999999998346870283549847613357997033745e-03
3310,4.9999999999483773355235527446893684100360e-03
3311,4.9999999997209975885481547663857782026753e-03
3312,4.9999999998346870283549847613357997033745e-03
3313,4.9999999998346870283549847613357997033745e-03
3314,4.9999999999483773355235527446893684100360e-03
3315,4.9999999997209975885481547663857782026753e-03
3316,4.9999999999483773355235527446893684100360e-03
3317,4.9999999997209975885481547663857782026753e-03
3318,4.9999999998346870283549847613357997033745e-03
3319,4.9999999998346870283549847613357997033745e-03
3320,4.9999999999483773355235527446893684100360e-03
3321,4.9999999997209975885481547663857782026753e-03
3322,4.9999999998346870283549847613357997033745e-03
3323,4.9999999999483773355235527446893684100360e-03
3324,4.9999999997209975885481547663857782026753e-03
3325,4.9999999998346870283549847613357997033745e-03
3326,4.9999999999483773355235527446893684100360e-03
3327,4.9999999997209975885481547663857782026753e-03
3328,4.9999999998346870283549847613357997033745e-03
3329,4.9999999999483773355235527446893684100360e-03
3330,4.9999999997209975885481547663857782026753e-03
3331,4.9999999998346870283549847613357997033745e-03
3332,4.9999999998346870283549847613357997033745e-03
3333,4.9999999999483773355235527446893684100360e-03
3334,4.9999999997209975885481547663857782026753e-03
3335,4.9999999999483773355235527446893684100360e-03
3336,4.9999999997209975885481547663857782026753e-03
3337,4.9999999998346870283549847613357997033745e-03
3338,4.9999999998346870283549847613357997033745e-03
3339,4.9999999999483773355235527446893684100360e-03
3340,4.9999999997209975885481547663857782026753e-03
3341,4.9999999999483773355235527446893684100360e-03
3342,4.9999999997209975885481547663857782026753e-03
3343,4.9999999998346870283549847613357997033745e-03
3344,4.9999999998346870283549847613357997033745e-03
3345,4.9999999999483773355235527446893684100360e-03
3346,4.9999999997209975885481547663857782026753e-03
3347,4.9999999999483773355235527446893684100360e-03
3348,4.9999999997209975885481547663857782026753e-03
3349,4.9999999998346870283549847613357997033745e-03
3350,4.9999999998346870283549847613357997033745e-03
3351,4.9999999999483773355235527446893684100360e-03
3352,4.9999999997209975885481547663857782026753e-03
3353,4.9999999999483773355235527446893684100360e-03
3354,4.9999999997209975885481547663857782026753e-03
3355,4.9999999998346870283549847613357997033745e-03
3356,4.9999999998346870283549847613357997033745e-03
3357,4.9999999998346870283549847613357997033745e-03
3358,4.9999999999483773355235527446893684100360e-03
3359,4.9999999997209975885481547663857782026753e-03
3360,4.9999999997458657169380202844877203460783e-03
3361,4.9999999996073150876352286786641343496740e-03
3362,4.9999999996321806139398802315554348751903e-03
3363,4.9999999997458657169380202844877203460783e-03
3364,4.9999999996073150876352286786641343496740e-03
3365,4.9999999996321806139398802315554348751903e-03
3366,4.9999999997458657169380202844877203460783e-03
3367,4.9999999996073150876352286786641343496740e-03
3368,4.9999999996321806139398802315554348751903e-03
3369,4.9999999997458657169380202844877203460783e-03
3370,4.9999999996321806139398802315554348751903e-03
3371,4.9999999997458657169380202844877203460783e-03
3372,4.9999999996073150876352286786641343496740e-03
3373,4.9999999996321806139398802315554348751903e-03
3374,4.9999999997458657169380202844877203460783e-03
3375,4.9999999996073150876352286786641343496740e-03
3376,4.9999999996321806139398802315554348751903e-03
3377,4.9999999997458657169380202844877203460783e-03
3378,4.9999999996073150876352286786641343496740e-03
3379,4.9999999996321806139398802315554348751903e-03
3380,4.9999999997458657169380202844877203460783e-03
3381,4.9999999996073150876352286786641343496740e-03
3382,4.9999999996321806139398802315554348751903e-03
3383,4.9999999997458657169380202844877203460783e-03
3384,4.9999999996321806139398802315554348751903e-03
3385,4.9999999997458657169380202844877203460783e-03
3386,4.9999999996073150876352286786641343496740e-03
3387,4.9999999996321806139398802315554348751903e-03
3388,4.9999999997458657169380202844877203460783e-03
3389,4.9999999996073150876352286786641343496740e-03
3390,4.9999999996321806139398802315554348751903e-03
3391,4.9999999997458657169380202844877203460783e-03
3392,4.9999999996073150876352286786641343496740e-03
3393,4.9999999996321806139398802315554348751903e-03
3394,4.9999999997458657169380202844877203460783e-03
3395,4.9999999996073150876352286786641343496740e-03
3396,4.9999999996321806139398802315554348751903e-03
3397,4.9999999997458657169380202844877203460783e-03
3398,4.9999999996321806139398802315554348751903e-03
3399,4.9999999997458657169380202844877203460783e-03
3400,4.9999999996073150876352286786641343496740e-03
3401,4.9999999996321806139398802315554348751903e-03
3402,4.9999999997458657169380202844877203460783e-03
3403,4.9999999996073150876352286786641343496740e-03
3404,4.9999999996321806139398802315554348751903e-03
3405,4.9999999997458657169380202844877203460783e-03
3406,4.9999999996321806139398802315554348751903e-03
3407,4.9999999999483773355235527446893684100360e-03
3408,4.9999999997209975885481547663857782026753e-03
3409,4.9999999998346870283549847613357997033745e-03
3410,4.9999999999483773355235527446893684100360e-03
3411,4.9999999997209975885481547663857782026753e-03
3412,4.9999999998346870283549847613357997033745e-03
3413,4.9999999999483773355235527446893684100360e-03
3414,4.9999999997209975885481547663857782026753e-03
3415,4.9999999998346870283549847613357997033745e-03
3416,4.9999999998346870283549847613357997033745e-03
3417,4.9999999999483773355235527446893684100360e-03
3418,4.9999999997209975885481547663857782026753e-03
3419,4.9999999998346870283549847613357997033745e-03
3420,4.9999999999483773355235527446893684100360e-03
3421,4.9999999997209975885481547663857782026753e-03
3422,4.9999999998346870283549847613357997033745e-03
3423,4.9999999999483773355235527446893684100360e-03
3424,4.9999999997209975885481547663857782026753e-03
3425,4.9999999998346870283549847613357997033745e-03
3426,4.9999999999483773355235527446893684100360e-03
3427,4.9999999997209975885481547663857782026753e-03
3428,4.9999999998346870283549847613357997033745e-03
3429,4.9999999999483773355235527446893684100360e-03
3430,4.9999999997209975885481547663857782026753e-03
3431,4.9999999998346870283549847613357997033745e-03
3432,4.9999999999483773355235527446893684100360e-03
3433,4.9999999997209975885481547663857782026753e-03
3434,4.9999999998346870283549847613357997033745e-03
3435,4.9999999999483773355235527446893684100360e-03
3436,4.9999999997209975885481547663857782026753e-03
3437,4.9999999998346870283549847613357997033745e-03
3438,4.9999999999483773355235527446893684100360e-03
3439,4.9999999997209975885481547663857782026753e-03
3440,4.9999999998346870283549847613357997033745e-03
3441,4.9999999998346870283549847613357997033745e-03
3442,4.9999999999483773355235527446893684100360e-03
3443,4.9999999997209975885481547663857782026753e-03
3444,4.9999999998346870283549847613357997033745e-03
3445,4.9999999999483773355235527446893684100360e-03
3446,4.9999999997209975885481547663857782026753e-03
3447,4.9999999998346870283549847613357997033745e-03
3448,4.9999999999483773355235527446893684100360e-03
3449,4.9999999997209975885481547663857782026753e-03
3450,4.9999999998346870283549847613357997033745e-03
3451,4.9999999999483773355235527446893684100360e-03
3452,4.9999999997209975885481547663857782026753e-03
3453,4.9999999998346870283549847613357997033745e-03
3454,4.9999999999483773355235527446893684100360e-03
3455,4.9999999997209975885481547663857782026753e-03
3456,4.9999999998346870283549847613357997033745e-03
3457,4.9999999999483773355235527446893684100360e-03
3458,4.9999999997209975885481547663857782026753e-03
3459,4.9999999998346870283549847613357997033745e-03
3460,4.9999999999483773355235527446893684100360e-03
3461,4.9999999997209975885481547663857782026753e-03
3462,4.9999999998346870283549847613357997033745e-03
3463,4.9999999999483773355235527446893684100360e-03
3464,4.9999999997209975885481547663857782026753e-03
3465,4.9999999998346870283549847613357997033745e-03
3466,4.9999999998346870283549847613357997033745e-03
3467,4.9999999999483773355235527446893684100360e-03
3468,4.9999999997209975885481547663857782026753e-03
3469,4.9999999998346870283549847613357997033745e-03
3470,4.9999999999483773355235527446893684100360e-03
3471,4.9999999997209975885481547663857782026753e-03
3472,4.9999999998346870283549847613357997033745e-03
3473,4.9999999999483773355235527446893684100360e-03
3474,4.9999999997209975885481547663857782026753e-03
3475,4.9999999998346870283549847613357997033745e-03
3476,4.9999999999483773355235527446893684100360e-03
3477,4.9999999997209975885481547663857782026753e-03
3478,4.9999999998346870283549847613357997033745e-03
3479,4.9999999999483773355235527446893684100360e-03
3480,4.9999999997209975885481547663857782026753e-03
3481,4.9999999998346870283549847613357997033745e-03
3482,4.9999999999483773355235527446893684100360e-03
3483,4.9999999997209975885481547663857782026753e-03
3484,4.9999999998346870283549847613357997033745e-03
3485,4.9999999999483773355235527446893684100360e-03
3486,4.9999999997209975885481547663857782026753e-03
3487,4.9999999998346870283549847613357997033745e-03
3488,4.9999999999483773355235527446893684100360e-03
3489,4.9999999997209975885481547663857782026753e-03
3490,4.9999999998346870283549847613357997033745e-03
3491,4.9999999999483773355235527446893684100360e-03
3492,4.9999999997209975885481547663857782026753e-03
3493,4.9999999998346870283549847613357997033745e-03
3494,4.9999999998346870283549847613357997033745e-03
3495,4.9999999999483773355235527446893684100360e-03
3496,4.9999999997209975885481547663857782026753e-03
3497,4.9999999998346870283549847613357997033745e-03
3498,4.9999999999483773355235527446893684100360e-03
3499,4.9999999997209975885481547663857782026753e-03
3500,4.9999999998346870283549847613357997033745e-03
3501,4.9999999999483773355235527446893684100360e-03
3502,4.9999999997209975885481547663857782026753e-03
3503,4.9999999998346870283549847613357997033745e-03
3504,4.9999999999483773355235527446893684100360e-03
3505,4.9999999997209975885481547663857782026753e-03
3506,4.9999999998346870283549847613357997033745e-03
3507,4.9999999999483773355235527446893684100360e-03
3508,4.9999999997209975885481547663857782026753e-03
3509,4.9999999998346870283549847613357997033745e-03
3510,4.9999999999483773355235527446893684100360e-03
3511,4.9999999997209975885481547663857782026753e-03
3512,4.9999999998346870283549847613357997033745e-03
3513,4.9999999998346870283549847613357997033745e-03
3514,4.9999999998346870283549847613357997033745e-03
3515,4.9999999993550680796317031706621492048725e-03
3516,5.0000000000371934427700892911161645315588e-03
3517,4.9999999998346870283549847613357997033745e-03
3518,4.9999999998346870283549847613357997033745e-03
3519,4.9999999998346870283549847613357997033745e-03
3520,4.9999999998346870283549847613357997033745e-03
3521,4.9999999993550680796317031706621492048725e-03
3522,5.0000000000371934427700892911161645315588e-03
3523,4.9999999998346870283549847613357997033745e-03
3524,4.9999999998346870283549847613357997033745e-03
3525,4.9999999998346870283549847613357997033745e-03
3526,4.9999999998346870283549847613357997033745e-03
3527,4.9999999993550680796317031706621492048725e-03
3528,5.0000000000371934427700892911161645315588e-03
3529,4.9999999998346870283549847613357997033745e-03
3530,4.9999999998346870283549847613357997033745e-03
3531,4.9999999998346870283549847613357997033745e-03
3532,4.9999999998346870283549847613357997033745e-03
3533,4.9999999998346870283549847613357997033745e-03
3534,4.9999999993550680796317031706621492048725e-03
3535,5.0000000000371934427700892911161645315588e-03
3536,4.9999999998346870283549847613357997033745e-03
3537,4.9999999998346870283549847613357997033745e-03
3538,4.9999999998346870283549847613357997033745e-03
3539,4.9999999998346870283549847613357997033745e-03
3540,4.9999999993550680796317031706621492048725e-03
3541,5.0000000000371934427700892911161645315588e-03
3542,4.9999999998346870283549847613357997033745e-03
3543,4.9999999998346870283549847613357997033745e-03
3544,4.9999999998346870283549847613357997033745e-03
3545,4.9999999998346870283549847613357997033745e-03
3546,4.9999999993550680796317031706621492048725e-03
3547,5.0000000000371934427700892911161645315588e-03
3548,4.9999999998346870283549847613357997033745e-03
3549,4.9999999998346870283549847613357997033745e-03
3550,4.9999999998346870283549847613357997033745e-03
3551,4.9999999998346870283549847613357997033745e-03
3552,4.9999999993550680796317031706621492048725e-03
3553,5.0000000000371934427700892911161645315588e-03
3554,4.9999999998346870283549847613357997033745e-03
3555,4.9999999998346870283549847613357997033745e-03
3556,4.9999999998346870283549847613357997033745e-03
3557,4.9999999998346870283549847613357997033745e-03
3558,4.9999999998346870283549847613357997033745e-03
3559,4.9999999993550680796317031706621492048725e-03
3560,5.0000000000371934427700892911161645315588e-03
3561,4.9999999998346870283549847613357997033745e-03
3562,4.9999999998346870283549847613357997033745e-03
3563,4.9999999998346870283549847613357997033745e-03
3564,4.9999999998346870283549847613357997033745e-03
3565,4.9999999993550680796317031706621492048725e-03
3566,5.0000000000371934427700892911161645315588e-03
3567,4.9999999998346870283549847613357997033745e-03
3568,4.9999999998346870283549847613357997033745e-03
3569,4.9999999998346870283549847613357997033745e-03
3570,4.9999999998346870283549847613357997033745e-03
3571,4.9999999993550680796317031706621492048725e-03
3572,5.0000000000371934427700892911161645315588e-03
3573,4.9999999998346870283549847613357997033745e-03
3574,4.9999999998346870283549847613357997033745e-03
3575,4.9999999998346870283549847613357997033745e-03
3576,4.9999999998346870283549847613357997033745e-03
3577,4.9999999993550680796317031706621492048725e-03
3578,5.0000000000371934427700892911161645315588e-03
3579,4.9999999998346870283549847613357997033745e-03
3580,4.9999999998346870283549847613357997033745e-03
3581,4.9999999998346870283549847613357997033745e-03
3582,4.9999999998346870283549847613357997033745e-03
3583,4.9999999998346870283549847613357997033745e-03
3584,4.9999999993550680796317031706621492048725e-03
3585,5.0000000000371934427700892911161645315588e-03
3586,4.9999999998346870283549847613357997033745e-03
3587,4.9999999998346870283549847613357997033745e-03
3588,4.9999999998346870283549847613357997033745e-03
3589,4.9999999998346870283549847613357997033745e-03
3590,4.9999999993550680796317031706621492048725e-03
3591,5.0000000000371934427700892911161645315588e-03
3592,4.9999999998346870283549847613357997033745e-03
3593,4.9999999998346870283549847613357997033745e-03
3594,4.9999999998346870283549847613357997033745e-03
3595,4.9999999998346870283549847613357997033745e-03
3596,4.9999999993550680796317031706621492048725e-03
3597,5.0000000000371934427700892911161645315588e-03
3598,4.9999999998346870283549847613357997033745e-03
3599,4.9999999998346870283549847613357997033745e-03
3600,4.9999999998346870283549847613357997033745e-03
3601,4.9999999998346870283549847613357997033745e-03
3602,4.9999999993550680796317031706621492048725e-03
3603,5.0000000000371934427700892911161645315588e-03
3604,4.9999999998346870283549847613357997033745e-03
3605,4.9999999998346870283549847613357997033745e-03
3606,4.9999999998346870283549847613357997033745e-03
3607,4.9999999998346870283549847613357997033745e-03
3608,4.9999999998346870283549847613357997033745e-03
3609,4.9999999993550680796317031706621492048725e-03
3610,5.0000000000371934427700892911161645315588e-03
3611,4.9999999998346870283549847613357997033745e-03
3612,4.9999999998346870283549847613357997033745e-03
3613,4.9999999998346870283549847613357997033745e-03
3614,4.9999999998346870283549847613357997033745e-03
3615,4.9999999993550680796317031706621492048725e-03
3616,5.0000000000371934427700892911161645315588e-03
3617,4.9999999998346870283549847613357997033745e-03
3618,4.9999999998346870283549847613357997033745e-03
3619,4.9999999998346870283549847613357997033745e-03
3620,4.9999999998346870283549847613357997033745e-03
3621,4.9999999993550680796317031706621492048725e-03
3622,5.0000000000371934427700892911161645315588e-03
3623,4.9999999998346870283549847613357997033745e-03
3624,4.9999999998346870283549847613357997033745e-03
3625,4.9999999998346870283549847613357997033745e-03
3626,4.9999999998346870283549847613357997033745e-03
3627,4.9999999993550680796317031706621492048725e-03
3628,5.0000000000371934427700892911161645315588e-03
3629,3.2900037993899258204066882171900942921638e+00
3630,3.2900037993897655042019323445856571197510e+00
3631,4.9999999998645147311626679709206655388698e-03
3632,4.9999999991823937048329717924843862419948e-03
3633,5.0000000002304459748025955434513889485970e-03
3634,4.9999999998645147311626679709206655388698e-03
3635,4.9999999991823937048329717924843862419948e-03
3636,5.0000000002304459748025955434513889485970e-03
3637,4.9999999998645147311626679709206655388698e-03
3638,4.9999999991823937048329717924843862419948e-03
3639,5.0000000002304459748025955434513889485970e-03
3640,4.9999999998645147311626679709206655388698e-03
3641,4.9999999991823937048329717924843862419948e-03
3642,5.0000000002304459748025955434513889485970e-03
3643,5.0000000002304459748025955434513889485970e-03
3644,4.9999999998645147311626679709206655388698e-03
3645,4.9999999991823937048329717924843862419948e-03
3646,4.9999999998645147311626679709206655388698e-03
3647,4.9999999991823937048329717924843862419948e-03
3648,5.0000000002304459748025955434513889485970e-03
3649,5.0000000002304459748025955434513889485970e-03
3650,4.9999999998645147311626679709206655388698e-03
3651,4.9999999991823937048329717924843862419948e-03
3652,5.0000000002304459748025955434513889485970e-03
3653,4.9999999998645147311626679709206655388698e-03
3654,4.9999999991823937048329717924843862419948e-03
3655,5.0000000002304459748025955434513889485970e-03
3656,4.9999999998645147311626679709206655388698e-03
3657,4.9999999991823937048329717924843862419948e-03
3658,5.0000000002304459748025955434513889485970e-03
3659,4.9999999998645147311626679709206655388698e-03
3660,4.9999999991823937048329717924843862419948e-03
3661,5.0000000002304459748025955434513889485970e-03
3662,5.0000000002304459748025955434513889485970e-03
3663,4.9999999998645147311626679709206655388698e-03
3664,4.9999999991823937048329717924843862419948e-03
3665,4.9999999998645147311626679709206655388698e-03
3666,4.9999999991823937048329717924843862419948e-03
3667,5.0000000002304459748025955434513889485970e-03
3668,5.0000000002304459748025955434513889485970e-03
3669,4.9999999998645147311626679709206655388698e-03
3670,4.9999999991823937048329717924843862419948e-03
3671,4.9999999998645147311626679709206655388698e-03
3672,4.9999999991823937048329717924843862419948e-03
3673,5.0000000002304459748025955434513889485970e-03
3674,5.0000000002304459748025955434513889485970e-03
3675,4.9999999998645147311626679709206655388698e-03
3676,4.9999999991823937048329717924843862419948e-03
3677,4.9999999998645147311626679709206655388698e-03
3678,4.9999999991823937048329717924843862419948e-03
3679,5.0000000002304459748025955434513889485970e-03
3680,5.0000000002304459748025955434513889485970e-03
3681,4.9999999998645147311626679709206655388698e-03
3682,4.9999999991823937048329717924843862419948e-03
3683,4.9999999998645147311626679709206655388698e-03
3684,4.9999999991823937048329717924843862419948e-03
3685,5.0000000002304459748025955434513889485970e-03
3686,5.0000000002304459748025955434513889485970e-03
3687,5.0000000002304459748025955434513889485970e-03
3688,4.9999999998645147311626679709206655388698e-03
3689,4.9999999991823937048329717924843862419948e-03
3690,5.0000000003441319451624735847872216254473e-03
3691,5.0000000002304459748025955434513889485970e-03
3692,5.0000000002304451074408575550478417426348e-03
3693,5.0000000003441319451624735847872216254473e-03
3694,5.0000000002304459748025955434513889485970e-03
3695,5.0000000002304451074408575550478417426348e-03
3696,5.0000000003441319451624735847872216254473e-03
3697,5.0000000002304459748025955434513889485970e-03
3698,5.0000000002304451074408575550478417426348e-03
3699,5.0000000003441319451624735847872216254473e-03
3700,5.0000000002304451074408575550478417426348e-03
3701,5.0000000003441319451624735847872216254473e-03
3702,5.0000000002304459748025955434513889485970e-03
3703,5.0000000002304451074408575550478417426348e-03
3704,5.0000000003441319451624735847872216254473e-03
3705,5.0000000002304459748025955434513889485970e-03
3706,5.0000000002304451074408575550478417426348e-03
3707,5.0000000003441319451624735847872216254473e-03
3708,5.0000000002304459748025955434513889485970e-03
3709,5.0000000002304451074408575550478417426348e-03
3710,5.0000000003441319451624735847872216254473e-03
3711,5.0000000002304459748025955434513889485970e-03
3712,5.0000000002304451074408575550478417426348e-03
3713,5.0000000003441319451624735847872216254473e-03
3714,5.0000000002304451074408575550478417426348e-03
3715,5.0000000003441319451624735847872216254473e-03
3716,5.0000000002304459748025955434513889485970e-03
3717,5.0000000002304451074408575550478417426348e-03
3718,5.0000000003441319451624735847872216254473e-03
3719,5.0000000002304459748025955434513889485970e-03
3720,5.0000000002304451074408575550478417426348e-03
3721,5.0000000003441319451624735847872216254473e-03
3722,5.0000000002304459748025955434513889485970e-03
3723,5.0000000002304451074408575550478417426348e-03
3724,5.0000000003441319451624735847872216254473e-03
3725,5.0000000002304459748025955434513889485970e-03
3726,5.0000000002304451074408575550478417426348e-03
3727,5.0000000003441319451624735847872216254473e-03
3728,5.0000000002304451074408575550478417426348e-03
3729,5.0000000003441319451624735847872216254473e-03
3730,5.0000000002304459748025955434513889485970e-03
3731,5.0000000002304451074408575550478417426348e-03
3732,5.0000000003441319451624735847872216254473e-03
3733,5.0000000002304459748025955434513889485970e-03
3734,5.0000000002304451074408575550478417426348e-03
3735,5.0000000003441319451624735847872216254473e-03
3736,5.0000000002304451074408575550478417426348e-03
3737,4.9999999998645147311626679709206655388698e-03
3738,4.9999999991823937048329717924843862419948e-03
3739,5.0000000002304459748025955434513889485970e-03
3740,4.9999999998645147311626679709206655388698e-03
3741,4.9999999991823937048329717924843862419948e-03
3742,5.0000000002304459748025955434513889485970e-03
3743,4.9999999998645147311626679709206655388698e-03
3744,4.9999999991823937048329717924843862419948e-03
3745,5.0000000002304459748025955434513889485970e-03
3746,5.0000000002304459748025955434513889485970e-03
3747,4.9999999998645147311626679709206655388698e-03
3748,4.9999999991823937048329717924843862419948e-03
3749,5.0000000002304459748025955434513889485970e-03
3750,4.9999999998645147311626679709206655388698e-03
3751,4.9999999991823937048329717924843862419948e-03
3752,5.0000000002304459748025955434513889485970e-03
3753,4.9999999998645147311626679709206655388698e-03
3754,4.9999999991823937048329717924843862419948e-03
3755,5.0000000002304459748025955434513889485970e-03
3756,4.9999999998645147311626679709206655388698e-03
3757,4.9999999991823937048329717924843862419948e-03
3758,5.0000000002304459748025955434513889485970e-03
3759,4.9999999998645147311626679709206655388698e-03
3760,4.9999999991823937048329717924843862419948e-03
3761,5.0000000002304459748025955434513889485970e-03
3762,4.9999999998645147311626679709206655388698e-03
3763,4.9999999991823937048329717924843862419948e-03
3764,5.0000000002304459748025955434513889485970e-03
3765,4.9999999998645147311626679709206655388698e-03
3766,4.9999999991823937048329717924843862419948e-03
3767,5.0000000002304459748025955434513889485970e-03
3768,4.9999999998645147311626679709206655388698e-03
3769,4.9999999991823937048329717924843862419948e-03
3770,5.0000000002304459748025955434513889485970e-03
3771,5.0000000002304459748025955434513889485970e-03
3772,4.9999999998645147311626679709206655388698e-03
3773,4.9999999991823937048329717924843862419948e-03
3774,5.0000000002304459748025955434513889485970e-03
3775,4.9999999998645147311626679709206655388698e-03
3776,4.9999999991823937048329717924843862419948e-03
3777,5.0000000002304459748025955434513889485970e-03
3778,4.9999999998645147311626679709206655388698e-03
3779,4.9999999991823937048329717924843862419948e-03
3780,5.0000000002304459748025955434513889485970e-03
3781,4.9999999998645147311626679709206655388698e-03
3782,4.9999999991823937048329717924843862419948e-03
3783,5.0000000002304459748025955434513889485970e-03
3784,4.9999999998645147311626679709206655388698e-03
3785,4.9999999991823937048329717924843862419948e-03
3786,5.0000000002304459748025955434513889485970e-03
3787,4.9999999998645147311626679709206655388698e-03
3788,4.9999999991823937048329717924843862419948e-03
3789,5.0000000002304459748025955434513889485970e-03
3790,4.9999999998645147311626679709206655388698e-03
3791,4.9999999991823937048329717924843862419948e-03
3792,5.0000000002304459748025955434513889485970e-03
3793,4.9999999998645147311626679709206655388698e-03
3794,4.9999999991823937048329717924843862419948e-03
3795,5.0000000002304459748025955434513889485970e-03
3796,5.0000000002304459748025955434513889485970e-03
3797,4.9999999998645147311626679709206655388698e-03
3798,4.9999999991823937048329717924843862419948e-03
3799,5.0000000002304459748025955434513889485970e-03
3800,4.9999999998645147311626679709206655388698e-03
3801,4.9999999991823937048329717924843862419948e-03
3802,5.0000000002304459748025955434513889485970e-03
3803,4.9999999998645147311626679709206655388698e-03
3804,4.9999999991823937048329717924843862419948e-03
3805,5.0000000002304459748025955434513889485970e-03
3806,4.9999999998645147311626679709206655388698e-03
3807,4.9999999991823937048329717924843862419948e-03
3808,5.0000000002304459748025955434513889485970e-03
3809,4.9999999998645147311626679709206655388698e-03
3810,4.9999999991823937048329717924843862419948e-03
3811,5.0000000002304459748025955434513889485970e-03
3812,4.9999999998645147311626679709206655388698e-03
3813,4.9999999991823937048329717924843862419948e-03
3814,5.0000000002304459748025955434513889485970e-03
3815,4.9999999998645147311626679709206655388698e-03
3816,4.9999999991823937048329717924843862419948e-03
3817,5.0000000002304459748025955434513889485970e-03
3818,4.9999999998645147311626679709206655388698e-03
3819,4.9999999991823937048329717924843862419948e-03
3820,5.0000000002304459748025955434513889485970e-03
3821,4.9999999998645147311626679709206655388698e-03
3822,4.9999999991823937048329717924843862419948e-03
3823,5.0000000002304459748025955434513889485970e-03
3824,5.0000000002304459748025955434513889485970e-03
3825,4.9999999998645147311626679709206655388698e-03
3826,4.9999999991823937048329717924843862419948e-03
3827,5.0000000002304459748025955434513889485970e-03
3828,4.9999999998645147311626679709206655388698e-03
3829,4.9999999991823937048329717924843862419948e-03
3830,5.0000000002304459748025955434513889485970e-03
3831,4.9999999998645147311626679709206655388698e-03
3832,4.9999999991823937048329717924843862419948e-03
3833,5.0000000002304459748025955434513889485970e-03
3834,4.9999999998645147311626679709206655388698e-03
3835,4.9999999991823937048329717924843862419948e-03
3836,5.0000000002304459748025955434513889485970e-03
3837,4.9999999998645147311626679709206655388698e-03
3838,4.9999999991823937048329717924843862419948e-03
3839,5.0000000002304459748025955434513889485970e-03
3840,4.9999999998645147311626679709206655388698e-03
3841,4.9999999991823937048329717924843862419948e-03
3842,5.0000000002304459748025955434513889485970e-03
3843,5.0000000002304459748025955434513889485970e-03
3844,5.0000000002304459748025955434513889485970e-03
3845,5.0000000003690018082758150796962581807747e-03
3846,5.0000000002304468421643335318549361545593e-03
3847,5.0000000002304459748025955434513889485970e-03
3848,5.0000000002304459748025955434513889485970e-03
3849,5.0000000002304459748025955434513889485970e-03
3850,5.0000000002304459748025955434513889485970e-03
3851,5.0000000003690018082758150796962581807747e-03
3852,5.0000000002304468421643335318549361545593e-03
3853,5.0000000002304459748025955434513889485970e-03
3854,5.0000000002304459748025955434513889485970e-03
3855,5.0000000002304459748025955434513889485970e-03
3856,5.0000000002304459748025955434513889485970e-03
3857,5.0000000003690018082758150796962581807747e-03
3858,5.0000000002304468421643335318549361545593e-03
3859,5.0000000002304459748025955434513889485970e-03
3860,5.0000000002304459748025955434513889485970e-03
3861,5.0000000002304459748025955434513889485970e-03
3862,5.0000000002304459748025955434513889485970e-03
3863,5.0000000002304459748025955434513889485970e-03
3864,5.0000000003690018082758150796962581807747e-03
3865,5.0000000002304468421643335318549361545593e-03
3866,5.0000000002304459748025955434513889485970e-03
3867,5.0000000002304459748025955434513889485970e-03
3868,5.0000000002304459748025955434513889485970e-03
3869,5.0000000002304459748025955434513889485970e-03
3870,5.0000000003690018082758150796962581807747e-03
3871,5.0000000002304468421643335318549361545593e-03
3872,5.0000000002304459748025955434513889485970e-03
3873,5.0000000002304459748025955434513889485970e-03
3874,5.0000000002304459748025955434513889485970e-03
3875,5.0000000002304459748025955434513889485970e-03
3876,5.0000000003690018082758150796962581807747e-03
3877,5.0000000002304468421643335318549361545593e-03
3878,5.0000000002304459748025955434513889485970e-03
3879,5.0000000002304459748025955434513889485970e-03
3880,5.0000000002304459748025955434513889485970e-03
3881,5.0000000002304459748025955434513889485970e-03
3882,5.0000000003690018082758150796962581807747e-03
3883,5.0000000002304468421643335318549361545593e-03
3884,5.0000000002304459748025955434513889485970e-03
3885,5.0000000002304459748025955434513889485970e-03
3886,5.0000000002304459748025955434513889485970e-03
3887,5.0000000002304459748025955434513889485970e-03
3888,5.0000000002304459748025955434513889485970e-03
3889,5.0000000003690018082758150796962581807747e-03
3890,5.0000000002304468421643335318549361545593e-03
3891,5.0000000002304459748025955434513889485970e-03
3892,5.0000000002304459748025955434513889485970e-03
3893,5.0000000002304459748025955434513889485970e-03
3894,5.0000000002304459748025955434513889485970e-03
3895,5.0000000003690018082758150796962581807747e-03
3896,5.0000000002304468421643335318549361545593e-03
3897,5.0000000002304459748025955434513889485970e-03
3898,5.0000000002304459748025955434513889485970e-03
3899,5.0000000002304459748025955434513889485970e-03
3900,5.0000000002304459748025955434513889485970e-03
3901,5.0000000003690018082758150796962581807747e-03
3902,5.0000000002304468421643335318549361545593e-03
3903,5.0000000002304459748025955434513889485970e-03
3904,5.0000000002304459748025955434513889485970e-03
3905,5.0000000002304459748025955434513889485970e-03
3906,5.0000000002304459748025955434513889485970e-03
3907,5.0000000003690018082758150796962581807747e-03
3908,5.0000000002304468421643335318549361545593e-03
3909,5.0000000002304459748025955434513889485970e-03
3910,5.0000000002304459748025955434513889485970e-03
3911,5.0000000002304459748025955434513889485970e-03
3912,5.0000000002304459748025955434513889485970e-03
3913,5.0000000002304459748025955434513889485970e-03
3914,5.0000000003690018082758150796962581807747e-03
3915,5.0000000002304468421643335318549361545593e-03
3916,5.0000000002304459748025955434513889485970e-03
3917,5.0000000002304459748025955434513889485970e-03
3918,5.0000000002304459748025955434513889485970e-03
3919,5.0000000002304459748025955434513889485970e-03
3920,5.0000000003690018082758150796962581807747e-03
3921,5.0000000002304468421643335318549361545593e-03
3922,5.0000000002304459748025955434513889485970e-03
3923,5.0000000002304459748025955434513889485970e-03
3924,5.0000000002304459748025955434513889485970e-03
3925,5.0000000002304459748025955434513889485970e-03
3926,5.0000000003690018082758150796962581807747e-03
3927,5.0000000002304468421643335318549361545593e-03
3928,5.0000000002304459748025955434513889485970e-03
3929,5.0000000002304459748025955434513889485970e-03
3930,5.0000000002304459748025955434513889485970e-03
3931,5.0000000002304459748025955434513889485970e-03
3932,5.0000000003690018082758150796962581807747e-03
3933,5.0000000002304468421643335318549361545593e-03
3934,5.0000000002304459748025955434513889485970e-03
3935,5.0000000002304459748025955434513889485970e-03
3936,5.0000000002304459748025955434513889485970e-03
3937,5.0000000002304459748025955434513889485970e-03
3938,5.0000000002304459748025955434513889485970e-03
3939,5.0000000003690018082758150796962581807747e-03
3940,5.0000000002304468421643335318549361545593e-03
3941,5.0000000002304459748025955434513889485970e-03
3942,5.0000000002304459748025955434513889485970e-03
3943,5.0000000002304459748025955434513889485970e-03
3944,5.0000000002304459748025955434513889485970e-03
3945,5.0000000003690018082758150796962581807747e-03
3946,5.0000000002304468421643335318549361545593e-03
3947,5.0000000002304459748025955434513889485970e-03
3948,5.0000000002304459748025955434513889485970e-03
3949,5.0000000002304459748025955434513889485970e-03
3950,5.0000000002304459748025955434513889485970e-03
3951,5.0000000003690018082758150796962581807747e-03
3952,5.0000000002304468421643335318549361545593e-03
3953,5.0000000002304459748025955434513889485970e-03
3954,5.0000000002304459748025955434513889485970e-03
3955,5.0000000002304459748025955434513889485970e-03
3956,5.0000000002304459748025955434513889485970e-03
3957,5.0000000003690018082758150796962581807747e-03
3958,5.0000000002304468421643335318549361545593e-03
3959,3.2900037993897193189241079380735754966736e+00
3960,3.2900037993900292931925832817796617746353e+00
3961,5.0000000003027804743038764456741773756221e-03
3962,5.0000000004164673120254924754135572584346e-03
3963,5.0000000003915991836356269573116151150316e-03
3964,5.0000000003027804743038764456741773756221e-03
3965,5.0000000004164673120254924754135572584346e-03
3966,5.0000000003915991836356269573116151150316e-03
3967,5.0000000003027804743038764456741773756221e-03
3968,5.0000000004164673120254924754135572584346e-03
3969,5.0000000003915991836356269573116151150316e-03
3970,5.0000000003027804743038764456741773756221e-03
3971,5.0000000004164673120254924754135572584346e-03
3972,5.0000000003915991836356269573116151150316e-03
3973,5.0000000003915991836356269573116151150316e-03
3974,5.0000000003027804743038764456741773756221e-03
3975,5.0000000004164673120254924754135572584346e-03
3976,5.0000000003027804743038764456741773756221e-03
3977,5.0000000004164673120254924754135572584346e-03
3978,5.0000000003915991836356269573116151150316e-03
3979,5.0000000003915991836356269573116151150316e-03
3980,5.0000000003027804743038764456741773756221e-03
3981,5.0000000004164673120254924754135572584346e-03
3982,5.0000000003915991836356269573116151150316e-03
3983,5.0000000003027804743038764456741773756221e-03
3984,5.0000000004164673120254924754135572584346e-03
3985,5.0000000003915991836356269573116151150316e-03
3986,5.0000000003027804743038764456741773756221e-03
3987,5.0000000004164673120254924754135572584346e-03
3988,5.0000000003915991836356269573116151150316e-03
3989,5.0000000003027804743038764456741773756221e-03
3990,5.0000000004164673120254924754135572584346e-03
3991,5.0000000003915991836356269573116151150316e-03
3992,5.0000000003915991836356269573116151150316e-03
3993,5.0000000003027804743038764456741773756221e-03
3994,5.0000000004164673120254924754135572584346e-03
3995,5.0000000003027804743038764456741773756221e-03
3996,5.0000000004164673120254924754135572584346e-03
3997,5.0000000003915991836356269573116151150316e-03
3998,5.0000000003915991836356269573116151150316e-03
3999,5.0000000003027804743038764456741773756221e-03
4000,5.0000000004164673120254924754135572584346e-03
4001,5.0000000003027804743038764456741773756221e-03
4002,5.0000000004164673120254924754135572584346e-03
4003,5.0000000003915991836356269573116151150316e-03
4004,5.0000000003915991836356269573116151150316e-03
4005,5.0000000003027804743038764456741773756221e-03
4006,5.0000000004164673120254924754135572584346e-03
4007,5.0000000003027804743038764456741773756221e-03
4008,5.0000000004164673120254924754135572584346e-03
4009,5.0000000003915991836356269573116151150316e-03
4010,5.0000000003915991836356269573116151150316e-03
4011,5.0000000003027804743038764456741773756221e-03
4012,5.0000000004164673120254924754135572584346e-03
4013,5.0000000003027804743038764456741773756221e-03
4014,5.0000000004164673120254924754135572584346e-03
4015,5.0000000003915991836356269573116151150316e-03
4016,5.0000000003915991836356269573116151150316e-03
4017,5.0000000003915991836356269573116151150316e-03
4018,5.0000000003027804743038764456741773756221e-03
4019,5.0000000004164673120254924754135572584346e-03
4020,4.9999999998480322560556743383131106384099e-03
4021,4.9999999998480331234174123267166578443721e-03
4022,4.9999999999617199611390283564560377271846e-03
4023,4.9999999998480322560556743383131106384099e-03
4024,4.9999999998480331234174123267166578443721e-03
4025,4.9999999999617199611390283564560377271846e-03
4026,4.9999999998480322560556743383131106384099e-03
4027,4.9999999998480331234174123267166578443721e-03
4028,4.9999999999617199611390283564560377271846e-03
4029,4.9999999998480322560556743383131106384099e-03
4030,4.9999999999617199611390283564560377271846e-03
4031,4.9999999998480322560556743383131106384099e-03
4032,4.9999999998480331234174123267166578443721e-03
4033,4.9999999999617199611390283564560377271846e-03
4034,4.9999999998480322560556743383131106384099e-03
4035,4.9999999998480331234174123267166578443721e-03
4036,4.9999999999617199611390283564560377271846e-03
4037,4.9999999998480322560556743383131106384099e-03
4038,4.9999999998480331234174123267166578443721e-03
4039,4.9999999999617199611390283564560377271846e-03
4040,4.9999999998480322560556743383131106384099e-03
4041,4.9999999998480331234174123267166578443721e-03
4042,4.9999999999617199611390283564560377271846e-03
4043,4.9999999998480322560556743383131106384099e-03
4044,4.9999999999617199611390283564560377271846e-03
4045,4.9999999998480322560556743383131106384099e-03
4046,4.9999999998480331234174123267166578443721e-03
4047,4.9999999999617199611390283564560377271846e-03
4048,4.9999999998480322560556743383131106384099e-03
4049,4.9999999998480331234174123267166578443721e-03
4050,4.9999999999617199611390283564560377271846e-03
4051,4.9999999998480322560556743383131106384099e-03
4052,4.9999999998480331234174123267166578443721e-03
4053,4.9999999999617199611390283564560377271846e-03
4054,4.9999999998480322560556743383131106384099e-03
4055,4.9999999998480331234174123267166578443721e-03
4056,4.9999999999617199611390283564560377271846e-03
4057,4.9999999998480322560556743383131106384099e-03
4058,4.9999999999617199611390283564560377271846e-03
4059,4.9999999998480322560556743383131106384099e-03
4060,4.9999999998480331234174123267166578443721e-03
4061,4.9999999999617199611390283564560377271846e-03
4062,4.9999999998480322560556743383131106384099e-03
4063,4.9999999998480331234174123267166578443721e-03
4064,4.9999999999617199611390283564560377271846e-03
4065,4.9999999998480322560556743383131106384099e-03
4066,4.9999999999617199611390283564560377271846e-03
4067,5.0000000003027804743038764456741773756221e-03
4068,5.0000000004164673120254924754135572584346e-03
4069,5.0000000003915991836356269573116151150316e-03
4070,5.0000000003027804743038764456741773756221e-03
4071,5.0000000004164673120254924754135572584346e-03
4072,5.0000000003915991836356269573116151150316e-03
4073,5.0000000003027804743038764456741773756221e-03
4074,5.0000000004164673120254924754135572584346e-03
4075,5.0000000003915991836356269573116151150316e-03
4076,5.0000000003915991836356269573116151150316e-03
4077,5.0000000003027804743038764456741773756221e-03
4078,5.0000000004164673120254924754135572584346e-03
4079,5.0000000003915991836356269573116151150316e-03
4080,5.0000000003027804743038764456741773756221e-03
4081,5.0000000004164673120254924754135572584346e-03
4082,5.0000000003915991836356269573116151150316e-03
4083,5.0000000003027804743038764456741773756221e-03
4084,5.0000000004164673120254924754135572584346e-03
4085,5.0000000003915991836356269573116151150316e-03
4086,5.0000000003027804743038764456741773756221e-03
4087,5.0000000004164673120254924754135572584346e-03
4088,5.0000000003915991836356269573116151150316e-03
4089,5.0000000003027804743038764456741773756221e-03
4090,5.0000000004164673120254924754135572584346e-03
4091,5.0000000003915991836356269573116151150316e-03
4092,5.0000000003027804743038764456741773756221e-03
4093,5.0000000004164673120254924754135572584346e-03
4094,5.0000000003915991836356269573116151150316e-03
4095,5.0000000003027804743038764456741773756221e-03
4096,5.0000000004164673120254924754135572584346e-03
4097,5.0000000003915991836356269573116151150316e-03
4098,5.0000000003027804743038764456741773756221e-03
4099,5.0000000004164673120254924754135572584346e-03
4100,5.0000000003915991836356269573116151150316e-03
4101,5.0000000003915991836356269573116151150316e-03
4102,5.0000000003027804743038764456741773756221e-03
4103,5.0000000004164673120254924754135572584346e-03
4104,5.0000000003915991836356269573116151150316e-03
4105,5.0000000003027804743038764456741773756221e-03
4106,5.0000000004164673120254924754135572584346e-03
4107,5.0000000003915991836356269573116151150316e-03
4108,5.0000000003027804743038764456741773756221e-03
4109,5.0000000004164673120254924754135572584346e-03
4110,5.0000000003915991836356269573116151150316e-03
4111,5.0000000003027804743038764456741773756221e-03
4112,5.0000000004164673120254924754135572584346e-03
4113,5.0000000003915991836356269573116151150316e-03
4114,5.0000000003027804743038764456741773756221e-03
4115,5.0000000004164673120254924754135572584346e-03
4116,5.0000000003915991836356269573116151150316e-03
4117,5.0000000003027804743038764456741773756221e-03
4118,5.0000000004164673120254924754135572584346e-03
4119,5.0000000003915991836356269573116151150316e-03
4120,5.0000000003027804743038764456741773756221e-03
4121,5.0000000004164673120254924754135572584346e-03
4122,5.0000000003915991836356269573116151150316e-03
4123,5.0000000003027804743038764456741773756221e-03
4124,5.0000000004164673120254924754135572584346e-03
4125,5.0000000003915991836356269573116151150316e-03
4126,5.0000000003915991836356269573116151150316e-03
4127,5.0000000003027804743038764456741773756221e-03
4128,5.0000000004164673120254924754135572584346e-03
4129,5.0000000003915991836356269573116151150316e-03
4130,5.0000000003027804743038764456741773756221e-03
4131,5.0000000004164673120254924754135572584346e-03
4132,5.0000000003915991836356269573116151150316e-03
4133,5.0000000003027804743038764456741773756221e-03
4134,5.0000000004164673120254924754135572584346e-03
4135,5.0000000003915991836356269573116151150316e-03
4136,5.0000000003027804743038764456741773756221e-03
4137,5.0000000004164673120254924754135572584346e-03
4138,5.0000000003915991836356269573116151150316e-03
4139,5.0000000003027804743038764456741773756221e-03
4140,5.0000000004164673120254924754135572584346e-03
4141,5.0000000003915991836356269573116151150316e-03
4142,5.0000000003027804743038764456741773756221e-03
4143,5.0000000004164673120254924754135572584346e-03
4144,5.0000000003915991836356269573116151150316e-03
4145,5.0000000003027804743038764456741773756221e-03
4146,5.0000000004164673120254924754135572584346e-03
4147,5.0000000003915991836356269573116151150316e-03
4148,5.0000000003027804743038764456741773756221e-03
4149,5.0000000004164673120254924754135572584346e-03
4150,5.0000000003915991836356269573116151150316e-03
4151,5.0000000003027804743038764456741773756221e-03
4152,5.0000000004164673120254924754135572584346e-03
4153,5.0000000003915991836356269573116151150316e-03
4154,5.0000000003915991836356269573116151150316e-03
4155,5.0000000003027804743038764456741773756221e-03
4156,5.0000000004164673120254924754135572584346e-03
4157,5.0000000003915991836356269573116151150316e-03
4158,5.0000000003027804743038764456741773756221e-03
4159,5.0000000004164673120254924754135572584346e-03
4160,5.0000000003915991836356269573116151150316e-03
4161,5.0000000003027804743038764456741773756221e-03
4162,5.0000000004164673120254924754135572584346e-03
4163,5.0000000003915991836356269573116151150316e-03
4164,5.0000000003027804743038764456741773756221e-03
4165,5.0000000004164673120254924754135572584346e-03
4166,5.0000000003915991836356269573116151150316e-03
4167,5.0000000003027804743038764456741773756221e-03
4168,5.0000000004164673120254924754135572584346e-03
4169,5.0000000003915991836356269573116151150316e-03
4170,5.0000000003027804743038764456741773756221e-03
4171,5.0000000004164673120254924754135572584346e-03
4172,5.0000000003915991836356269573116151150316e-03
4173,5.0000000003915991836356269573116151150316e-03
4174,5.0000000003915991836356269573116151150316e-03
4175,4.9999999999617199611390283564560377271846e-03
4176,4.9999999992795980674475941896162112243474e-03
4177,5.0000000003915991836356269573116151150316e-03
4178,5.0000000003915991836356269573116151150316e-03
4179,5.0000000003915991836356269573116151150316e-03
4180,5.0000000003915991836356269573116151150316e-03
4181,4.9999999999617199611390283564560377271846e-03
4182,4.9999999992795980674475941896162112243474e-03
4183,5.0000000003915991836356269573116151150316e-03
4184,5.0000000003915991836356269573116151150316e-03
4185,5.0000000003915991836356269573116151150316e-03
4186,5.0000000003915991836356269573116151150316e-03
4187,4.9999999999617199611390283564560377271846e-03
4188,4.9999999992795980674475941896162112243474e-03
4189,5.0000000003915991836356269573116151150316e-03
4190,5.0000000003915991836356269573116151150316e-03
4191,5.0000000003915991836356269573116151150316e-03
4192,5.0000000003915991836356269573116151150316e-03
4193,5.0000000003915991836356269573116151150316e-03
4194,4.9999999999617199611390283564560377271846e-03
4195,4.9999999992795980674475941896162112243474e-03
4196,5.0000000003915991836356269573116151150316e-03
4197,5.0000000003915991836356269573116151150316e-03
4198,5.0000000003915991836356269573116151150316e-03
4199,5.0000000003915991836356269573116151150316e-03
4200,4.9999999999617199611390283564560377271846e-03
4201,4.9999999992795980674475941896162112243474e-03
4202,5.0000000003915991836356269573116151150316e-03
4203,5.0000000003915991836356269573116151150316e-03
4204,5.0000000003915991836356269573116151150316e-03
4205,5.0000000003915991836356269573116151150316e-03
4206,4.9999999999617199611390283564560377271846e-03
4207,4.9999999992795980674475941896162112243474e-03
4208,5.0000000003915991836356269573116151150316e-03
4209,5.0000000003915991836356269573116151150316e-03
4210,5.0000000003915991836356269573116151150316e-03
4211,5.0000000003915991836356269573116151150316e-03
4212,4.9999999999617199611390283564560377271846e-03
4213,4.9999999992795980674475941896162112243474e-03
4214,5.0000000003915991836356269573116151150316e-03
4215,5.0000000003915991836356269573116151150316e-03
4216,5.0000000003915991836356269573116151150316e-03
4217,5.0000000003915991836356269573116151150316e-03
4218,5.0000000003915991836356269573116151150316e-03
4219,4.9999999999617199611390283564560377271846e-03
4220,4.9999999992795980674475941896162112243474e-03
4221,5.0000000003915991836356269573116151150316e-03
4222,5.0000000003915991836356269573116151150316e-03
4223,5.0000000003915991836356269573116151150316e-03
4224,5.0000000003915991836356269573116151150316e-03
4225,4.9999999999617199611390283564560377271846e-03
4226,4.9999999992795980674475941896162112243474e-03
4227,5.0000000003915991836356269573116151150316e-03
4228,5.0000000003915991836356269573116151150316e-03
4229,5.0000000003915991836356269573116151150316e-03
4230,5.0000000003915991836356269573116151150316e-03
4231,4.9999999999617199611390283564560377271846e-03
4232,4.9999999992795980674475941896162112243474e-03
4233,5.0000000003915991836356269573116151150316e-03
4234,5.0000000003915991836356269573116151150316e-03
4235,5.0000000003915991836356269573116151150316e-03
4236,5.0000000003915991836356269573116151150316e-03
4237,4.9999999999617199611390283564560377271846e-03
4238,4.9999999992795980674475941896162112243474e-03
4239,5.0000000003915991836356269573116151150316e-03
4240,5.0000000003915991836356269573116151150316e-03
4241,5.0000000003915991836356269573116151150316e-03
4242,5.0000000003915991836356269573116151150316e-03
4243,5.0000000003915991836356269573116151150316e-03
4244,4.9999999999617199611390283564560377271846e-03
4245,4.9999999992795980674475941896162112243474e-03
4246,5.0000000003915991836356269573116151150316e-03
4247,5.0000000003915991836356269573116151150316e-03
4248,5.0000000003915991836356269573116151150316e-03
4249,5.0000000003915991836356269573116151150316e-03
4250,4.9999999999617199611390283564560377271846e-03
4251,4.9999999992795980674475941896162112243474e-03
4252,5.0000000003915991836356269573116151150316e-03
4253,5.0000000003915991836356269573116151150316e-03
4254,5.0000000003915991836356269573116151150316e-03
4255,5.0000000003915991836356269573116151150316e-03
4256,4.9999999999617199611390283564560377271846e-03
4257,4.9999999992795980674475941896162112243474e-03
4258,5.0000000003915991836356269573116151150316e-03
4259,5.0000000003915991836356269573116151150316e-03
4260,5.0000000003915991836356269573116151150316e-03
4261,5.0000000003915991836356269573116151150316e-03
4262,4.9999999999617199611390283564560377271846e-03
4263,4.9999999992795980674475941896162112243474e-03
4264,5.0000000003915991836356269573116151150316e-03
4265,5.0000000003915991836356269573116151150316e-03
4266,5.0000000003915991836356269573116151150316e-03
4267,5.0000000003915991836356269573116151150316e-03
4268,5.0000000003915991836356269573116151150316e-03
4269,4.9999999999617199611390283564560377271846e-03
4270,4.9999999992795980674475941896162112243474e-03
4271,5.0000000003915991836356269573116151150316e-03
4272,5.0000000003915991836356269573116151150316e-03
4273,5.0000000003915991836356269573116151150316e-03
4274,5.0000000003915991836356269573116151150316e-03
4275,4.9999999999617199611390283564560377271846e-03
4276,4.9999999992795980674475941896162112243474e-03
4277,5.0000000003915991836356269573116151150316e-03
4278,5.0000000003915991836356269573116151150316e-03
4279,5.0000000003915991836356269573116151150316e-03
4280,5.0000000003915991836356269573116151150316e-03
4281,4.9999999999617199611390283564560377271846e-03
4282,4.9999999992795980674475941896162112243474e-03
4283,5.0000000003915991836356269573116151150316e-03
4284,5.0000000003915991836356269573116151150316e-03
4285,5.0000000003915991836356269573116151150316e-03
4286,5.0000000003915991836356269573116151150316e-03
4287,4.9999999999617199611390283564560377271846e-03
4288,4.9999999992795980674475941896162112243474e-03
4289,3.2900037993901074528935168928001075983047e+00
4290,3.2900037993900763666488273884169757366180e+00
4291,5.0000000001723934536790316940368938958272e-03
4292,5.0000000001723934536790316940368938958272e-03
4293,5.0000000001475209884804762339172157226130e-03
4294,5.0000000001723934536790316940368938958272e-03
4295,5.0000000001723934536790316940368938958272e-03
4296,5.0000000001475209884804762339172157226130e-03
4297,5.0000000001723934536790316940368938958272e-03
4298,5.0000000001723934536790316940368938958272e-03
4299,5.0000000001475209884804762339172157226130e-03
4300,5.0000000001723934536790316940368938958272e-03
4301,5.0000000001723934536790316940368938958272e-03
4302,5.0000000001475209884804762339172157226130e-03
4303,5.0000000001475209884804762339172157226130e-03
4304,5.0000000001723934536790316940368938958272e-03
4305,5.0000000001723934536790316940368938958272e-03
4306,5.0000000001723934536790316940368938958272e-03
4307,5.0000000001723934536790316940368938958272e-03
4308,5.0000000001475209884804762339172157226130e-03
4309,5.0000000001475209884804762339172157226130e-03
4310,5.0000000001723934536790316940368938958272e-03
4311,5.0000000001723934536790316940368938958272e-03
4312,5.0000000001475209884804762339172157226130e-03
4313,5.0000000001723934536790316940368938958272e-03
4314,5.0000000001723934536790316940368938958272e-03
4315,5.0000000001475209884804762339172157226130e-03
4316,5.0000000001723934536790316940368938958272e-03
4317,5.0000000001723934536790316940368938958272e-03
4318,5.0000000001475209884804762339172157226130e-03
4319,5.0000000001723934536790316940368938958272e-03
4320,5.0000000001723934536790316940368938958272e-03
4321,5.0000000001475209884804762339172157226130e-03
4322,5.0000000001475209884804762339172157226130e-03
4323,5.0000000001723934536790316940368938958272e-03
4324,5.0000000001723934536790316940368938958272e-03
4325,5.0000000001723934536790316940368938958272e-03
4326,5.0000000001723934536790316940368938958272e-03
4327,5.0000000001475209884804762339172157226130e-03
4328,5.0000000001475209884804762339172157226130e-03
4329,5.0000000001723934536790316940368938958272e-03
4330,5.0000000001723934536790316940368938958272e-03
4331,5.0000000001723934536790316940368938958272e-03
4332,5.0000000001723934536790316940368938958272e-03
4333,5.0000000001475209884804762339172157226130e-03
4334,5.0000000001475209884804762339172157226130e-03
4335,5.0000000001723934536790316940368938958272e-03
4336,5.0000000001723934536790316940368938958272e-03
4337,5.0000000001723934536790316940368938958272e-03
4338,5.0000000001723934536790316940368938958272e-03
4339,5.0000000001475209884804762339172157226130e-03
4340,5.0000000001475209884804762339172157226130e-03
4341,5.0000000001723934536790316940368938958272e-03
4342,5.0000000001723934536790316940368938958272e-03
4343,5.0000000001723934536790316940368938958272e-03
4344,5.0000000001723934536790316940368938958272e-03
4345,5.0000000001475209884804762339172157226130e-03
4346,5.0000000001475209884804762339172157226130e-03
4347,5.0000000001475209884804762339172157226130e-03
4348,5.0000000001723934536790316940368938958272e-03
4349,5.0000000001723934536790316940368938958272e-03
4350,4.9999999996927710355087981497490545734763e-03
4351,4.9999999996039488567300956844974280102178e-03
4352,4.9999999995790807283402301663954858668149e-03
4353,4.9999999996927710355087981497490545734763e-03
4354,4.9999999996039488567300956844974280102178e-03
4355,4.9999999995790807283402301663954858668149e-03
4356,4.9999999996927710355087981497490545734763e-03
4357,4.9999999996039488567300956844974280102178e-03
4358,4.9999999995790807283402301663954858668149e-03
4359,4.9999999996927710355087981497490545734763e-03
4360,4.9999999995790807283402301663954858668149e-03
4361,4.9999999996927710355087981497490545734763e-03
4362,4.9999999996039488567300956844974280102178e-03
4363,4.9999999995790807283402301663954858668149e-03
4364,4.9999999996927710355087981497490545734763e-03
4365,4.9999999996039488567300956844974280102178e-03
4366,4.9999999995790807283402301663954858668149e-03
4367,4.9999999996927710355087981497490545734763e-03
4368,4.9999999996039488567300956844974280102178e-03
4369,4.9999999995790807283402301663954858668149e-03
4370,4.9999999996927710355087981497490545734763e-03
4371,4.9999999996039488567300956844974280102178e-03
4372,4.9999999995790807283402301663954858668149e-03
4373,4.9999999996927710355087981497490545734763e-03
4374,4.9999999995790807283402301663954858668149e-03
4375,4.9999999996927710355087981497490545734763e-03
4376,4.9999999996039488567300956844974280102178e-03
4377,4.9999999995790807283402301663954858668149e-03
4378,4.9999999996927710355087981497490545734763e-03
4379,4.9999999996039488567300956844974280102178e-03
4380,4.9999999995790807283402301663954858668149e-03
4381,4.9999999996927710355087981497490545734763e-03
4382,4.9999999996039488567300956844974280102178e-03
4383,4.9999999995790807283402301663954858668149e-03
4384,4.9999999996927710355087981497490545734763e-03
4385,4.9999999996039488567300956844974280102178e-03
4386,4.9999999995790807283402301663954858668149e-03
4387,4.9999999996927710355087981497490545734763e-03
4388,4.9999999995790807283402301663954858668149e-03
4389,4.9999999996927710355087981497490545734763e-03
4390,4.9999999996039488567300956844974280102178e-03
4391,4.9999999995790807283402301663954858668149e-03
4392,4.9999999996927710355087981497490545734763e-03
4393,4.9999999996039488567300956844974280102178e-03
4394,4.9999999995790807283402301663954858668149e-03
4395,4.9999999996927710355087981497490545734763e-03
4396,4.9999999995790807283402301663954858668149e-03
4397,5.0000000001723934536790316940368938958272e-03
4398,5.0000000001723934536790316940368938958272e-03
4399,5.0000000001475209884804762339172157226130e-03
4400,5.0000000001723934536790316940368938958272e-03
4401,5.0000000001723934536790316940368938958272e-03
4402,5.0000000001475209884804762339172157226130e-03
4403,5.0000000001723934536790316940368938958272e-03
4404,5.0000000001723934536790316940368938958272e-03
4405,5.0000000001475209884804762339172157226130e-03
4406,5.0000000001475209884804762339172157226130e-03
4407,5.0000000001723934536790316940368938958272e-03
4408,5.0000000001723934536790316940368938958272e-03
4409,5.0000000001475209884804762339172157226130e-03
4410,5.0000000001723934536790316940368938958272e-03
4411,5.0000000001723934536790316940368938958272e-03
4412,5.0000000001475209884804762339172157226130e-03
4413,5.0000000001723934536790316940368938958272e-03
4414,5.0000000001723934536790316940368938958272e-03
4415,5.0000000001475209884804762339172157226130e-03
4416,5.0000000001723934536790316940368938958272e-03
4417,5.0000000001723934536790316940368938958272e-03
4418,5.0000000001475209884804762339172157226130e-03
4419,5.0000000001723934536790316940368938958272e-03
4420,5.0000000001723934536790316940368938958272e-03
4421,5.0000000001475209884804762339172157226130e-03
4422,5.0000000001723934536790316940368938958272e-03
4423,5.0000000001723934536790316940368938958272e-03
4424,5.0000000001475209884804762339172157226130e-03
4425,5.0000000001723934536790316940368938958272e-03
4426,5.0000000001723934536790316940368938958272e-03
4427,5.0000000001475209884804762339172157226130e-03
4428,5.0000000001723934536790316940368938958272e-03
4429,5.0000000001723934536790316940368938958272e-03
4430,5.0000000001475209884804762339172157226130e-03
4431,5.0000000001475209884804762339172157226130e-03
4432,5.0000000001723934536790316940368938958272e-03
4433,5.0000000001723934536790316940368938958272e-03
4434,5.0000000001475209884804762339172157226130e-03
4435,5.0000000001723934536790316940368938958272e-03
4436,5.0000000001723934536790316940368938958272e-03
4437,5.0000000001475209884804762339172157226130e-03
4438,5.0000000001723934536790316940368938958272e-03
4439,5.0000000001723934536790316940368938958272e-03
4440,5.0000000001475209884804762339172157226130e-03
4441,5.0000000001723934536790316940368938958272e-03
4442,5.0000000001723934536790316940368938958272e-03
4443,5.0000000001475209884804762339172157226130e-03
4444,5.0000000001723934536790316940368938958272e-03
4445,5.0000000001723934536790316940368938958272e-03
4446,5.0000000001475209884804762339172157226130e-03
4447,5.0000000001723934536790316940368938958272e-03
4448,5.0000000001723934536790316940368938958272e-03
4449,5.0000000001475209884804762339172157226130e-03
4450,5.0000000001723934536790316940368938958272e-03
4451,5.0000000001723934536790316940368938958272e-03
4452,5.0000000001475209884804762339172157226130e-03
4453,5.0000000001723934536790316940368938958272e-03
4454,5.0000000001723934536790316940368938958272e-03
4455,5.0000000001475209884804762339172157226130e-03
4456,5.0000000001475209884804762339172157226130e-03
4457,5.0000000001723934536790316940368938958272e-03
4458,5.0000000001723934536790316940368938958272e-03
4459,5.0000000001475209884804762339172157226130e-03
4460,5.0000000001723934536790316940368938958272e-03
4461,5.0000000001723934536790316940368938958272e-03
4462,5.0000000001475209884804762339172157226130e-03
4463,5.0000000001723934536790316940368938958272e-03
4464,5.0000000001723934536790316940368938958272e-03
4465,5.0000000001475209884804762339172157226130e-03
4466,5.0000000001723934536790316940368938958272e-03
4467,5.0000000001723934536790316940368938958272e-03
4468,5.0000000001475209884804762339172157226130e-03
4469,5.0000000001723934536790316940368938958272e-03
4470,5.0000000001723934536790316940368938958272e-03
4471,5.0000000001475209884804762339172157226130e-03
4472,5.0000000001723934536790316940368938958272e-03
4473,5.0000000001723934536790316940368938958272e-03
4474,5.0000000001475209884804762339172157226130e-03
4475,5.0000000001723934536790316940368938958272e-03
4476,5.0000000001723934536790316940368938958272e-03
4477,5.0000000001475209884804762339172157226130e-03
4478,5.0000000001723934536790316940368938958272e-03
4479,5.0000000001723934536790316940368938958272e-03
4480,5.0000000001475209884804762339172157226130e-03
4481,5.0000000001723934536790316940368938958272e-03
4482,5.0000000001723934536790316940368938958272e-03
4483,5.0000000001475209884804762339172157226130e-03
4484,5.0000000001475209884804762339172157226130e-03
4485,5.0000000001723934536790316940368938958272e-03
4486,5.0000000001723934536790316940368938958272e-03
4487,5.0000000001475209884804762339172157226130e-03
4488,5.0000000001723934536790316940368938958272e-03
4489,5.0000000001723934536790316940368938958272e-03
4490,5.0000000001475209884804762339172157226130e-03
4491,5.0000000001723934536790316940368938958272e-03
4492,5.0000000001723934536790316940368938958272e-03
4493,5.0000000001475209884804762339172157226130e-03
4494,5.0000000001723934536790316940368938958272e-03
4495,5.0000000001723934536790316940368938958272e-03
4496,5.0000000001475209884804762339172157226130e-03
4497,5.0000000001723934536790316940368938958272e-03
4498,5.0000000001723934536790316940368938958272e-03
4499,5.0000000001475209884804762339172157226130e-03
4500,5.0000000001723934536790316940368938958272e-03
4501,5.0000000001723934536790316940368938958272e-03
4502,5.0000000001475209884804762339172157226130e-03
4503,5.0000000001475209884804762339172157226130e-03
4504,5.0000000001475209884804762339172157226130e-03
4505,5.0000000000660019955356361265330633614212e-03
4506,5.0000000001475209884804762339172157226130e-03
4507,5.0000000001475209884804762339172157226130e-03
4508,5.0000000001475209884804762339172157226130e-03
4509,5.0000000001475209884804762339172157226130e-03
4510,5.0000000001475209884804762339172157226130e-03
4511,5.0000000000660019955356361265330633614212e-03
4512,5.0000000001475209884804762339172157226130e-03
4513,5.0000000001475209884804762339172157226130e-03
4514,5.0000000001475209884804762339172157226130e-03
4515,5.0000000001475209884804762339172157226130e-03
4516,5.0000000001475209884804762339172157226130e-03
4517,5.0000000000660019955356361265330633614212e-03
4518,5.0000000001475209884804762339172157226130e-03
4519,5.0000000001475209884804762339172157226130e-03
4520,5.0000000001475209884804762339172157226130e-03
4521,5.0000000001475209884804762339172157226130e-03
4522,5.0000000001475209884804762339172157226130e-03
4523,5.0000000001475209884804762339172157226130e-03
4524,5.0000000000660019955356361265330633614212e-03
4525,5.0000000001475209884804762339172157226130e-03
4526,5.0000000001475209884804762339172157226130e-03
4527,5.0000000001475209884804762339172157226130e-03
4528,5.0000000001475209884804762339172157226130e-03
4529,5.0000000001475209884804762339172157226130e-03
4530,5.0000000000660019955356361265330633614212e-03
4531,5.0000000001475209884804762339172157226130e-03
4532,5.0000000001475209884804762339172157226130e-03
4533,5.0000000001475209884804762339172157226130e-03
4534,5.0000000001475209884804762339172157226130e-03
4535,5.0000000001475209884804762339172157226130e-03
4536,5.0000000000660019955356361265330633614212e-03
4537,5.0000000001475209884804762339172157226130e-03
4538,5.0000000001475209884804762339172157226130e-03
4539,5.0000000001475209884804762339172157226130e-03
4540,5.0000000001475209884804762339172157226130e-03
4541,5.0000000001475209884804762339172157226130e-03
4542,5.0000000000660019955356361265330633614212e-03
4543,5.0000000001475209884804762339172157226130e-03
4544,5.0000000001475209884804762339172157226130e-03
4545,5.0000000001475209884804762339172157226130e-03
4546,5.0000000001475209884804762339172157226130e-03
4547,5.0000000001475209884804762339172157226130e-03
4548,5.0000000001475209884804762339172157226130e-03
4549,5.0000000000660019955356361265330633614212e-03
4550,5.0000000001475209884804762339172157226130e-03
4551,5.0000000001475209884804762339172157226130e-03
4552,5.0000000001475209884804762339172157226130e-03
4553,5.0000000001475209884804762339172157226130e-03
4554,5.0000000001475209884804762339172157226130e-03
4555,5.0000000000660019955356361265330633614212e-03
4556,5.0000000001475209884804762339172157226130e-03
4557,5.0000000001475209884804762339172157226130e-03
4558,5.0000000001475209884804762339172157226130e-03
4559,5.0000000001475209884804762339172157226130e-03
4560,5.0000000001475209884804762339172157226130e-03
4561,5.0000000000660019955356361265330633614212e-03
4562,5.0000000001475209884804762339172157226130e-03
4563,5.0000000001475209884804762339172157226130e-03
4564,5.0000000001475209884804762339172157226130e-03
4565,5.0000000001475209884804762339172157226130e-03
4566,5.0000000001475209884804762339172157226130e-03
4567,5.0000000000660019955356361265330633614212e-03
4568,5.0000000001475209884804762339172157226130e-03
4569,5.0000000001475209884804762339172157226130e-03
4570,5.0000000001475209884804762339172157226130e-03
4571,5.0000000001475209884804762339172157226130e-03
4572,5.0000000001475209884804762339172157226130e-03
4573,5.0000000001475209884804762339172157226130e-03
4574,5.0000000000660019955356361265330633614212e-03
4575,5.0000000001475209884804762339172157226130e-03
4576,5.0000000001475209884804762339172157226130e-03
4577,5.0000000001475209884804762339172157226130e-03
4578,5.0000000001475209884804762339172157226130e-03
4579,5.0000000001475209884804762339172157226130e-03
4580,5.0000000000660019955356361265330633614212e-03
4581,5.0000000001475209884804762339172157226130e-03
4582,5.0000000001475209884804762339172157226130e-03
4583,5.0000000001475209884804762339172157226130e-03
4584,5.0000000001475209884804762339172157226130e-03
4585,5.0000000001475209884804762339172157226130e-03
4586,5.0000000000660019955356361265330633614212e-03
4587,5.0000000001475209884804762339172157226130e-03
4588,5.0000000001475209884804762339172157226130e-03
4589,5.0000000001475209884804762339172157226130e-03
4590,5.0000000001475209884804762339172157226130e-03
4591,5.0000000001475209884804762339172157226130e-03
4592,5.0000000000660019955356361265330633614212e-03
4593,5.0000000001475209884804762339172157226130e-03
4594,5.0000000001475209884804762339172157226130e-03
4595,5.0000000001475209884804762339172157226130e-03
4596,5.0000000001475209884804762339172157226130e-03
4597,5.0000000001475209884804762339172157226130e-03
4598,5.0000000001475209884804762339172157226130e-03
4599,5.0000000000660019955356361265330633614212e-03
4600,5.0000000001475209884804762339172157226130e-03
4601,5.0000000001475209884804762339172157226130e-03
4602,5.0000000001475209884804762339172157226130e-03
4603,5.0000000001475209884804762339172157226130e-03
4604,5.0000000001475209884804762339172157226130e-03
4605,5.0000000000660019955356361265330633614212e-03
4606,5.0000000001475209884804762339172157226130e-03
4607,5.0000000001475209884804762339172157226130e-03
4608,5.0000000001475209884804762339172157226130e-03
4609,5.0000000001475209884804762339172157226130e-03
4610,5.0000000001475209884804762339172157226130e-03
4611,5.0000000000660019955356361265330633614212e-03
4612,5.0000000001475209884804762339172157226130e-03
4613,5.0000000001475209884804762339172157226130e-03
4614,5.0000000001475209884804762339172157226130e-03
4615,5.0000000001475209884804762339172157226130e-03
4616,5.0000000001475209884804762339172157226130e-03
4617,5.0000000000660019955356361265330633614212e-03
4618,5.0000000001475209884804762339172157226130e-03
4619,3.2900037993899950983234248269582167267799e+00
4620,3.2900037993900372867983605829067528247833e+00
4621,5.0000000001384501194245935096205357694998e-03
4622,5.0000000001135707153321341422724799485877e-03
4623,4.9999999995202458469290007769814110361040e-03
4624,5.0000000001384501194245935096205357694998e-03
4625,5.0000000001135707153321341422724799485877e-03
4626,4.9999999995202458469290007769814110361040e-03
4627,5.0000000001384501194245935096205357694998e-03
4628,5.0000000001135707153321341422724799485877e-03
4629,4.9999999995202458469290007769814110361040e-03
4630,5.0000000001384501194245935096205357694998e-03
4631,5.0000000001135707153321341422724799485877e-03
4632,4.9999999995202458469290007769814110361040e-03
4633,4.9999999995202458469290007769814110361040e-03
4634,5.0000000001384501194245935096205357694998e-03
4635,5.0000000001135707153321341422724799485877e-03
4636,5.0000000001384501194245935096205357694998e-03
4637,5.0000000001135707153321341422724799485877e-03
4638,4.9999999995202458469290007769814110361040e-03
4639,4.9999999995202458469290007769814110361040e-03
4640,5.0000000001384501194245935096205357694998e-03
4641,5.0000000001135707153321341422724799485877e-03
4642,4.9999999995202458469290007769814110361040e-03
4643,5.0000000001384501194245935096205357694998e-03
4644,5.0000000001135707153321341422724799485877e-03
4645,4.9999999995202458469290007769814110361040e-03
4646,5.0000000001384501194245935096205357694998e-03
4647,5.0000000001135707153321341422724799485877e-03
4648,4.9999999995202458469290007769814110361040e-03
4649,5.0000000001384501194245935096205357694998e-03
4650,5.0000000001135707153321341422724799485877e-03
4651,4.9999999995202458469290007769814110361040e-03
4652,4.9999999995202458469290007769814110361040e-03
4653,5.0000000001384501194245935096205357694998e-03
4654,5.0000000001135707153321341422724799485877e-03
4655,5.0000000001384501194245935096205357694998e-03
4656,5.0000000001135707153321341422724799485877e-03
4657,4.9999999995202458469290007769814110361040e-03
4658,4.9999999995202458469290007769814110361040e-03
4659,5.0000000001384501194245935096205357694998e-03
4660,5.0000000001135707153321341422724799485877e-03
4661,5.0000000001384501194245935096205357694998e-03
4662,5.0000000001135707153321341422724799485877e-03
4663,4.9999999995202458469290007769814110361040e-03
4664,4.9999999995202458469290007769814110361040e-03
4665,5.0000000001384501194245935096205357694998e-03
4666,5.0000000001135707153321341422724799485877e-03
4667,5.0000000001384501194245935096205357694998e-03
4668,5.0000000001135707153321341422724799485877e-03
4669,4.9999999995202458469290007769814110361040e-03
4670,4.9999999995202458469290007769814110361040e-03
4671,5.0000000001384501194245935096205357694998e-03
4672,5.0000000001135707153321341422724799485877e-03
4673,5.0000000001384501194245935096205357694998e-03
4674,5.0000000001135707153321341422724799485877e-03
4675,4.9999999995202458469290007769814110361040e-03
4676,4.9999999995202458469290007769814110361040e-03
4677,4.9999999995202458469290007769814110361040e-03
4678,5.0000000001384501194245935096205357694998e-03
4679,5.0000000001135707153321341422724799485877e-03
4680,4.9999999996339292152036648531066020950675e-03
4681,5.0000000001135776542260380495008575962856e-03
4682,5.0000000002024015677282164915595785714686e-03
4683,4.9999999996339292152036648531066020950675e-03
4684,5.0000000001135776542260380495008575962856e-03
4685,5.0000000002024015677282164915595785714686e-03
4686,4.9999999996339292152036648531066020950675e-03
4687,5.0000000001135776542260380495008575962856e-03
4688,5.0000000002024015677282164915595785714686e-03
4689,4.9999999996339292152036648531066020950675e-03
4690,5.0000000002024015677282164915595785714686e-03
4691,4.9999999996339292152036648531066020950675e-03
4692,5.0000000001135776542260380495008575962856e-03
4693,5.0000000002024015677282164915595785714686e-03
4694,4.9999999996339292152036648531066020950675e-03
4695,5.0000000001135776542260380495008575962856e-03
4696,5.0000000002024015677282164915595785714686e-03
4697,4.9999999996339292152036648531066020950675e-03
4698,5.0000000001135776542260380495008575962856e-03
4699,5.0000000002024015677282164915595785714686e-03
4700,4.9999999996339292152036648531066020950675e-03
4701,5.0000000001135776542260380495008575962856e-03
4702,5.0000000002024015677282164915595785714686e-03
4703,4.9999999996339292152036648531066020950675e-03
4704,5.0000000002024015677282164915595785714686e-03
4705,4.9999999996339292152036648531066020950675e-03
4706,5.0000000001135776542260380495008575962856e-03
4707,5.0000000002024015677282164915595785714686e-03
4708,4.9999999996339292152036648531066020950675e-03
4709,5.0000000001135776542260380495008575962856e-03
4710,5.0000000002024015677282164915595785714686e-03
4711,4.9999999996339292152036648531066020950675e-03
4712,5.0000000001135776542260380495008575962856e-03
4713,5.0000000002024015677282164915595785714686e-03
4714,4.9999999996339292152036648531066020950675e-03
4715,5.0000000001135776542260380495008575962856e-03
4716,5.0000000002024015677282164915595785714686e-03
4717,4.9999999996339292152036648531066020950675e-03
4718,5.0000000002024015677282164915595785714686e-03
4719,4.9999999996339292152036648531066020950675e-03
4720,5.0000000001135776542260380495008575962856e-03
4721,5.0000000002024015677282164915595785714686e-03
4722,4.9999999996339292152036648531066020950675e-03
4723,5.0000000001135776542260380495008575962856e-03
4724,5.0000000002024015677282164915595785714686e-03
4725,4.9999999996339292152036648531066020950675e-03
4726,5.0000000002024015677282164915595785714686e-03
4727,5.0000000001384501194245935096205357694998e-03
4728,5.0000000001135707153321341422724799485877e-03
4729,4.9999999995202458469290007769814110361040e-03
4730,5.0000000001384501194245935096205357694998e-03
4731,5.0000000001135707153321341422724799485877e-03
4732,4.9999999995202458469290007769814110361040e-03
4733,5.0000000001384501194245935096205357694998e-03
4734,5.0000000001135707153321341422724799485877e-03
4735,4.9999999995202458469290007769814110361040e-03
4736,4.9999999995202458469290007769814110361040e-03
4737,5.0000000001384501194245935096205357694998e-03
4738,5.0000000001135707153321341422724799485877e-03
4739,4.9999999995202458469290007769814110361040e-03
4740,5.0000000001384501194245935096205357694998e-03
4741,5.0000000001135707153321341422724799485877e-03
4742,4.9999999995202458469290007769814110361040e-03
4743,5.0000000001384501194245935096205357694998e-03
4744,5.0000000001135707153321341422724799485877e-03
4745,4.9999999995202458469290007769814110361040e-03
4746,5.0000000001384501194245935096205357694998e-03
4747,5.0000000001135707153321341422724799485877e-03
4748,4.9999999995202458469290007769814110361040e-03
4749,5.0000000001384501194245935096205357694998e-03
4750,5.0000000001135707153321341422724799485877e-03
4751,4.9999999995202458469290007769814110361040e-03
4752,5.0000000001384501194245935096205357694998e-03
4753,5.0000000001135707153321341422724799485877e-03
4754,4.9999999995202458469290007769814110361040e-03
4755,5.0000000001384501194245935096205357694998e-03
4756,5.0000000001135707153321341422724799485877e-03
4757,4.9999999995202458469290007769814110361040e-03
4758,5.0000000001384501194245935096205357694998e-03
4759,5.0000000001135707153321341422724799485877e-03
4760,4.9999999995202458469290007769814110361040e-03
4761,4.9999999995202458469290007769814110361040e-03
4762,5.0000000001384501194245935096205357694998e-03
4763,5.0000000001135707153321341422724799485877e-03
4764,4.9999999995202458469290007769814110361040e-03
4765,5.0000000001384501194245935096205357694998e-03
4766,5.0000000001135707153321341422724799485877e-03
4767,4.9999999995202458469290007769814110361040e-03
4768,5.0000000001384501194245935096205357694998e-03
4769,5.0000000001135707153321341422724799485877e-03
4770,4.9999999995202458469290007769814110361040e-03
4771,5.0000000001384501194245935096205357694998e-03
4772,5.0000000001135707153321341422724799485877e-03
4773,4.9999999995202458469290007769814110361040e-03
4774,5.0000000001384501194245935096205357694998e-03
4775,5.0000000001135707153321341422724799485877e-03
4776,4.9999999995202458469290007769814110361040e-03
4777,5.0000000001384501194245935096205357694998e-03
4778,5.0000000001135707153321341422724799485877e-03
4779,4.9999999995202458469290007769814110361040e-03
4780,5.0000000001384501194245935096205357694998e-03
4781,5.0000000001135707153321341422724799485877e-03
4782,4.9999999995202458469290007769814110361040e-03
4783,5.0000000001384501194245935096205357694998e-03
4784,5.0000000001135707153321341422724799485877e-03
4785,4.9999999995202458469290007769814110361040e-03
4786,4.9999999995202458469290007769814110361040e-03
4787,5.0000000001384501194245935096205357694998e-03
4788,5.0000000001135707153321341422724799485877e-03
4789,4.9999999995202458469290007769814110361040e-03
4790,5.0000000001384501194245935096205357694998e-03
4791,5.0000000001135707153321341422724799485877e-03
4792,4.9999999995202458469290007769814110361040e-03
4793,5.0000000001384501194245935096205357694998e-03
4794,5.0000000001135707153321341422724799485877e-03
4795,4.9999999995202458469290007769814110361040e-03
4796,5.0000000001384501194245935096205357694998e-03
4797,5.0000000001135707153321341422724799485877e-03
4798,4.9999999995202458469290007769814110361040e-03
4799,5.0000000001384501194245935096205357694998e-03
4800,5.0000000001135707153321341422724799485877e-03
4801,4.9999999995202458469290007769814110361040e-03
4802,5.0000000001384501194245935096205357694998e-03
4803,5.0000000001135707153321341422724799485877e-03
4804,4.9999999995202458469290007769814110361040e-03
4805,5.0000000001384501194245935096205357694998e-03
4806,5.0000000001135707153321341422724799485877e-03
4807,4.9999999995202458469290007769814110361040e-03
4808,5.0000000001384501194245935096205357694998e-03
4809,5.0000000001135707153321341422724799485877e-03
4810,4.9999999995202458469290007769814110361040e-03
4811,5.0000000001384501194245935096205357694998e-03
4812,5.0000000001135707153321341422724799485877e-03
4813,4.9999999995202458469290007769814110361040e-03
4814,4.9999999995202458469290007769814110361040e-03
4815,5.0000000001384501194245935096205357694998e-03
4816,5.0000000001135707153321341422724799485877e-03
4817,4.9999999995202458469290007769814110361040e-03
4818,5.0000000001384501194245935096205357694998e-03
4819,5.0000000001135707153321341422724799485877e-03
4820,4.9999999995202458469290007769814110361040e-03
4821,5.0000000001384501194245935096205357694998e-03
4822,5.0000000001135707153321341422724799485877e-03
4823,4.9999999995202458469290007769814110361040e-03
4824,5.0000000001384501194245935096205357694998e-03
4825,5.0000000001135707153321341422724799485877e-03
4826,4.9999999995202458469290007769814110361040e-03
4827,5.0000000001384501194245935096205357694998e-03
4828,5.0000000001135707153321341422724799485877e-03
4829,4.9999999995202458469290007769814110361040e-03
4830,5.0000000001384501194245935096205357694998e-03
4831,5.0000000001135707153321341422724799485877e-03
4832,4.9999999995202458469290007769814110361040e-03
4833,4.9999999995202458469290007769814110361040e-03
4834,4.9999999995202458469290007769814110361040e-03
4835,5.0000000001457541726201938558915571775287e-03
4836,5.0000000002023946288343125843312009237707e-03
4837,4.9999999995202458469290007769814110361040e-03
4838,4.9999999995202458469290007769814110361040e-03
4839,4.9999999995202458469290007769814110361040e-03
4840,4.9999999995202458469290007769814110361040e-03
4841,5.0000000001457541726201938558915571775287e-03
4842,5.0000000002023946288343125843312009237707e-03
4843,4.9999999995202458469290007769814110361040e-03
4844,4.9999999995202458469290007769814110361040e-03
4845,4.9999999995202458469290007769814110361040e-03
4846,4.9999999995202458469290007769814110361040e-03
4847,5.0000000001457541726201938558915571775287e-03
4848,5.0000000002023946288343125843312009237707e-03
4849,4.9999999995202458469290007769814110361040e-03
4850,4.9999999995202458469290007769814110361040e-03
4851,4.9999999995202458469290007769814110361040e-03
4852,4.9999999995202458469290007769814110361040e-03
4853,4.9999999995202458469290007769814110361040e-03
4854,5.0000000001457541726201938558915571775287e-03
4855,5.0000000002023946288343125843312009237707e-03
4856,4.9999999995202458469290007769814110361040e-03
4857,4.9999999995202458469290007769814110361040e-03
4858,4.9999999995202458469290007769814110361040e-03
4859,4.9999999995202458469290007769814110361040e-03
4860,5.0000000001457541726201938558915571775287e-03
4861,5.0000000002023946288343125843312009237707e-03
4862,4.9999999995202458469290007769814110361040e-03
4863,4.9999999995202458469290007769814110361040e-03
4864,4.9999999995202458469290007769814110361040e-03
4865,4.9999999995202458469290007769814110361040e-03
4866,5.0000000001457541726201938558915571775287e-03
4867,5.0000000002023946288343125843312009237707e-03
4868,4.9999999995202458469290007769814110361040e-03
4869,4.9999999995202458469290007769814110361040e-03
4870,4.9999999995202458469290007769814110361040e-03
4871,4.9999999995202458469290007769814110361040e-03
4872,5.0000000001457541726201938558915571775287e-03
4873,5.0000000002023946288343125843312009237707e-03
4874,4.9999999995202458469290007769814110361040e-03
4875,4.9999999995202458469290007769814110361040e-03
4876,4.9999999995202458469290007769814110361040e-03
4877,4.9999999995202458469290007769814110361040e-03
4878,4.9999999995202458469290007769814110361040e-03
4879,5.0000000001457541726201938558915571775287e-03
4880,5.0000000002023946288343125843312009237707e-03
4881,4.9999999995202458469290007769814110361040e-03
4882,4.9999999995202458469290007769814110361040e-03
4883,4.9999999995202458469290007769814110361040e-03
4884,4.9999999995202458469290007769814110361040e-03
4885,5.0000000001457541726201938558915571775287e-03
4886,5.0000000002023946288343125843312009237707e-03
4887,4.9999999995202458469290007769814110361040e-03
4888,4.9999999995202458469290007769814110361040e-03
4889,4.9999999995202458469290007769814110361040e-03
4890,4.9999999995202458469290007769814110361040e-03
4891,5.0000000001457541726201938558915571775287e-03
4892,5.0000000002023946288343125843312009237707e-03
4893,4.9999999995202458469290007769814110361040e-03
4894,4.9999999995202458469290007769814110361040e-03
4895,4.9999999995202458469290007769814110361040e-03
4896,4.9999999995202458469290007769814110361040e-03
4897,5.0000000001457541726201938558915571775287e-03
4898,5.0000000002023946288343125843312009237707e-03
4899,4.9999999995202458469290007769814110361040e-03
4900,4.9999999995202458469290007769814110361040e-03
4901,4.9999999995202458469290007769814110361040e-03
4902,4.9999999995202458469290007769814110361040e-03
4903,4.9999999995202458469290007769814110361040e-03
4904,5.0000000001457541726201938558915571775287e-03
4905,5.0000000002023946288343125843312009237707e-03
4906,4.9999999995202458469290007769814110361040e-03
4907,4.9999999995202458469290007769814110361040e-03
4908,4.9999999995202458469290007769814110361040e-03
4909,4.9999999995202458469290007769814110361040e-03
4910,5.0000000001457541726201938558915571775287e-03
4911,5.0000000002023946288343125843312009237707e-03
4912,4.9999999995202458469290007769814110361040e-03
4913,4.9999999995202458469290007769814110361040e-03
4914,4.9999999995202458469290007769814110361040e-03
4915,4.9999999995202458469290007769814110361040e-03
4916,5.0000000001457541726201938558915571775287e-03
4917,5.0000000002023946288343125843312009237707e-03
4918,4.9999999995202458469290007769814110361040e-03
4919,4.9999999995202458469290007769814110361040e-03
4920,4.9999999995202458469290007769814110361040e-03
4921,4.9999999995202458469290007769814110361040e-03
4922,5.0000000001457541726201938558915571775287e-03
4923,5.0000000002023946288343125843312009237707e-03
4924,4.9999999995202458469290007769814110361040e-03
4925,4.9999999995202458469290007769814110361040e-03
4926,4.9999999995202458469290007769814110361040e-03
4927,4.9999999995202458469290007769814110361040e-03
4928,4.9999999995202458469290007769814110361040e-03
4929,5.0000000001457541726201938558915571775287e-03
4930,5.0000000002023946288343125843312009237707e-03
4931,4.9999999995202458469290007769814110361040e-03
4932,4.9999999995202458469290007769814110361040e-03
4933,4.9999999995202458469290007769814110361040e-03
4934,4.9999999995202458469290007769814110361040e-03
4935,5.0000000001457541726201938558915571775287e-03
4936,5.0000000002023946288343125843312009237707e-03
4937,4.9999999995202458469290007769814110361040e-03
4938,4.9999999995202458469290007769814110361040e-03
4939,4.9999999995202458469290007769814110361040e-03
4940,4.9999999995202458469290007769814110361040e-03
4941,5.0000000001457541726201938558915571775287e-03
4942,5.0000000002023946288343125843312009237707e-03
4943,4.9999999995202458469290007769814110361040e-03
4944,4.9999999995202458469290007769814110361040e-03
4945,4.9999999995202458469290007769814110361040e-03
4946,4.9999999995202458469290007769814110361040e-03
4947,5.0000000001457541726201938558915571775287e-03
4948,5.0000000002023946288343125843312009237707e-03
4949,3.2900037993900128618918188294628635048866e+00
4950,3.2900037993898507693302235566079616546631e+00
4951,4.9999999998388781202729447272758989129215e-03
4952,4.9999999997003162152675592722061992390081e-03
4953,5.0000000000662396526518449491049977950752e-03
4954,4.9999999998388781202729447272758989129215e-03
4955,4.9999999997003162152675592722061992390081e-03
4956,5.0000000000662396526518449491049977950752e-03
4957,4.9999999998388781202729447272758989129215e-03
4958,4.9999999997003162152675592722061992390081e-03
4959,5.0000000000662396526518449491049977950752e-03
4960,4.9999999998388781202729447272758989129215e-03
4961,4.9999999997003162152675592722061992390081e-03
4962,5.0000000000662396526518449491049977950752e-03
4963,5.0000000000662396526518449491049977950752e-03
4964,4.9999999998388781202729447272758989129215e-03
4965,4.9999999997003162152675592722061992390081e-03
4966,4.9999999998388781202729447272758989129215e-03
4967,4.9999999997003162152675592722061992390081e-03
4968,5.0000000000662396526518449491049977950752e-03
4969,5.0000000000662396526518449491049977950752e-03
4970,4.9999999998388781202729447272758989129215e-03
4971,4.9999999997003162152675592722061992390081e-03
4972,5.0000000000662396526518449491049977950752e-03
4973,4.9999999998388781202729447272758989129215e-03
4974,4.9999999997003162152675592722061992390081e-03
4975,5.0000000000662396526518449491049977950752e-03
4976,4.9999999998388781202729447272758989129215e-03
4977,4.9999999997003162152675592722061992390081e-03
4978,5.0000000000662396526518449491049977950752e-03
4979,4.9999999998388781202729447272758989129215e-03
4980,4.9999999997003162152675592722061992390081e-03
4981,5.0000000000662396526518449491049977950752e-03
4982,5.0000000000662396526518449491049977950752e-03
4983,4.9999999998388781202729447272758989129215e-03
4984,4.9999999997003162152675592722061992390081e-03
4985,4.9999999998388781202729447272758989129215e-03
4986,4.9999999997003162152675592722061992390081e-03
4987,5.0000000000662396526518449491049977950752e-03
4988,5.0000000000662396526518449491049977950752e-03
4989,4.9999999998388781202729447272758989129215e-03
4990,4.9999999997003162152675592722061992390081e-03
4991,4.9999999998388781202729447272758989129215e-03
4992,4.9999999997003162152675592722061992390081e-03
4993,5.0000000000662396526518449491049977950752e-03
4994,5.0000000000662396526518449491049977950752e-03
4995,4.9999999998388781202729447272758989129215e-03
4996,4.9999999997003162152675592722061992390081e-03
4997,4.9999999998388781202729447272758989129215e-03
4998,4.9999999997003162152675592722061992390081e-03
4999,5.0000000000662396526518449491049977950752e-03
5000,5.0000000000662396526518449491049977950752e-03
5001,4.9999999998388781202729447272758989129215e-03
5002,4.9999999997003162152675592722061992390081e-03
5003,4.9999999998388781202729447272758989129215e-03
5004,4.9999999997003162152675592722061992390081e-03
5005,5.0000000000662396526518449491049977950752e-03
5006,5.0000000000662396526518449491049977950752e-03
5007,5.0000000000662396526518449491049977950752e-03
5008,4.9999999998388781202729447272758989129215e-03
5009,4.9999999997003162152675592722061992390081e-03
5010,4.9999999999525493454832769657514290884137e-03
5011,5.0000000006347258829642044020147295668721e-03
5012,5.0000000008372149501445491637241502758116e-03
5013,4.9999999999525493454832769657514290884137e-03
5014,5.0000000006347258829642044020147295668721e-03
5015,5.0000000008372149501445491637241502758116e-03
5016,4.9999999999525493454832769657514290884137e-03
5017,5.0000000006347258829642044020147295668721e-03
5018,5.0000000008372149501445491637241502758116e-03
5019,4.9999999999525493454832769657514290884137e-03
5020,5.0000000008372149501445491637241502758116e-03
5021,4.9999999999525493454832769657514290884137e-03
5022,5.0000000006347258829642044020147295668721e-03
5023,5.0000000008372149501445491637241502758116e-03
5024,4.9999999999525493454832769657514290884137e-03
5025,5.0000000006347258829642044020147295668721e-03
5026,5.0000000008372149501445491637241502758116e-03
5027,4.9999999999525493454832769657514290884137e-03
5028,5.0000000006347258829642044020147295668721e-03
5029,5.0000000008372149501445491637241502758116e-03
5030,4.9999999999525493454832769657514290884137e-03
5031,5.0000000006347258829642044020147295668721e-03
5032,5.0000000008372149501445491637241502758116e-03
5033,4.9999999999525493454832769657514290884137e-03
5034,5.0000000008372149501445491637241502758116e-03
5035,4.9999999999525493454832769657514290884137e-03
5036,5.0000000006347258829642044020147295668721e-03
5037,5.0000000008372149501445491637241502758116e-03
5038,4.9999999999525493454832769657514290884137e-03
5039,5.0000000006347258829642044020147295668721e-03
5040,5.0000000008372149501445491637241502758116e-03
5041,4.9999999999525493454832769657514290884137e-03
5042,5.0000000006347258829642044020147295668721e-03
5043,5.0000000008372149501445491637241502758116e-03
5044,4.9999999999525493454832769657514290884137e-03
5045,5.0000000006347258829642044020147295668721e-03
5046,5.0000000008372149501445491637241502758116e-03
5047,4.9999999999525493454832769657514290884137e-03
5048,5.0000000008372149501445491637241502758116e-03
5049,4.9999999999525493454832769657514290884137e-03
5050,5.0000000006347258829642044020147295668721e-03
5051,5.0000000008372149501445491637241502758116e-03
5052,4.9999999999525493454832769657514290884137e-03
5053,5.0000000006347258829642044020147295668721e-03
5054,5.0000000008372149501445491637241502758116e-03
5055,4.9999999999525493454832769657514290884137e-03
5056,5.0000000008372149501445491637241502758116e-03
5057,4.9999999998388781202729447272758989129215e-03
5058,4.9999999997003162152675592722061992390081e-03
5059,5.0000000000662396526518449491049977950752e-03
5060,4.9999999998388781202729447272758989129215e-03
5061,4.9999999997003162152675592722061992390081e-03
5062,5.0000000000662396526518449491049977950752e-03
5063,4.9999999998388781202729447272758989129215e-03
5064,4.9999999997003162152675592722061992390081e-03
5065,5.0000000000662396526518449491049977950752e-03
5066,5.0000000000662396526518449491049977950752e-03
5067,4.9999999998388781202729447272758989129215e-03
5068,4.9999999997003162152675592722061992390081e-03
5069,5.0000000000662396526518449491049977950752e-03
5070,4.9999999998388781202729447272758989129215e-03
5071,4.9999999997003162152675592722061992390081e-03
5072,5.0000000000662396526518449491049977950752e-03
5073,4.9999999998388781202729447272758989129215e-03
5074,4.9999999997003162152675592722061992390081e-03
5075,5.0000000000662396526518449491049977950752e-03
5076,4.9999999998388781202729447272758989129215e-03
5077,4.9999999997003162152675592722061992390081e-03
5078,5.0000000000662396526518449491049977950752e-03
5079,4.9999999998388781202729447272758989129215e-03
5080,4.9999999997003162152675592722061992390081e-03
5081,5.0000000000662396526518449491049977950752e-03
5082,4.9999999998388781202729447272758989129215e-03
5083,4.9999999997003162152675592722061992390081e-03
5084,5.0000000000662396526518449491049977950752e-03
5085,4.9999999998388781202729447272758989129215e-03
5086,4.9999999997003162152675592722061992390081e-03
5087,5.0000000000662396526518449491049977950752e-03
5088,4.9999999998388781202729447272758989129215e-03
5089,4.9999999997003162152675592722061992390081e-03
5090,5.0000000000662396526518449491049977950752e-03
5091,5.0000000000662396526518449491049977950752e-03
5092,4.9999999998388781202729447272758989129215e-03
5093,4.9999999997003162152675592722061992390081e-03
5094,5.0000000000662396526518449491049977950752e-03
5095,4.9999999998388781202729447272758989129215e-03
5096,4.9999999997003162152675592722061992390081e-03
5097,5.0000000000662396526518449491049977950752e-03
5098,4.9999999998388781202729447272758989129215e-03
5099,4.9999999997003162152675592722061992390081e-03
5100,5.0000000000662396526518449491049977950752e-03
5101,4.9999999998388781202729447272758989129215e-03
5102,4.9999999997003162152675592722061992390081e-03
5103,5.0000000000662396526518449491049977950752e-03
5104,4.9999999998388781202729447272758989129215e-03
5105,4.9999999997003162152675592722061992390081e-03
5106,5.0000000000662396526518449491049977950752e-03
5107,4.9999999998388781202729447272758989129215e-03
5108,4.9999999997003162152675592722061992390081e-03
5109,5.0000000000662396526518449491049977950752e-03
5110,4.9999999998388781202729447272758989129215e-03
5111,4.9999999997003162152675592722061992390081e-03
5112,5.0000000000662396526518449491049977950752e-03
5113,4.9999999998388781202729447272758989129215e-03
5114,4.9999999997003162152675592722061992390081e-03
5115,5.0000000000662396526518449491049977950752e-03
5116,5.0000000000662396526518449491049977950752e-03
5117,4.9999999998388781202729447272758989129215e-03
5118,4.9999999997003162152675592722061992390081e-03
5119,5.0000000000662396526518449491049977950752e-03
5120,4.9999999998388781202729447272758989129215e-03
5121,4.9999999997003162152675592722061992390081e-03
5122,5.0000000000662396526518449491049977950752e-03
5123,4.9999999998388781202729447272758989129215e-03
5124,4.9999999997003162152675592722061992390081e-03
5125,5.0000000000662396526518449491049977950752e-03
5126,4.9999999998388781202729447272758989129215e-03
5127,4.9999999997003162152675592722061992390081e-03
5128,5.0000000000662396526518449491049977950752e-03
5129,4.9999999998388781202729447272758989129215e-03
5130,4.9999999997003162152675592722061992390081e-03
5131,5.0000000000662396526518449491049977950752e-03
5132,4.9999999998388781202729447272758989129215e-03
5133,4.9999999997003162152675592722061992390081e-03
5134,5.0000000000662396526518449491049977950752e-03
5135,4.9999999998388781202729447272758989129215e-03
5136,4.9999999997003162152675592722061992390081e-03
5137,5.0000000000662396526518449491049977950752e-03
5138,4.9999999998388781202729447272758989129215e-03
5139,4.9999999997003162152675592722061992390081e-03
5140,5.0000000000662396526518449491049977950752e-03
5141,4.9999999998388781202729447272758989129215e-03
5142,4.9999999997003162152675592722061992390081e-03
5143,5.0000000000662396526518449491049977950752e-03
5144,5.0000000000662396526518449491049977950752e-03
5145,4.9999999998388781202729447272758989129215e-03
5146,4.9999999997003162152675592722061992390081e-03
5147,5.0000000000662396526518449491049977950752e-03
5148,4.9999999998388781202729447272758989129215e-03
5149,4.9999999997003162152675592722061992390081e-03
5150,5.0000000000662396526518449491049977950752e-03
5151,4.9999999998388781202729447272758989129215e-03
5152,4.9999999997003162152675592722061992390081e-03
5153,5.0000000000662396526518449491049977950752e-03
5154,4.9999999998388781202729447272758989129215e-03
5155,4.9999999997003162152675592722061992390081e-03
5156,5.0000000000662396526518449491049977950752e-03
5157,4.9999999998388781202729447272758989129215e-03
5158,4.9999999997003162152675592722061992390081e-03
5159,5.0000000000662396526518449491049977950752e-03
5160,4.9999999998388781202729447272758989129215e-03
5161,4.9999999997003162152675592722061992390081e-03
5162,5.0000000000662396526518449491049977950752e-03
5163,5.0000000000662396526518449491049977950752e-03
5164,5.0000000000662396526518449491049977950752e-03
5165,4.9999999997251695985078789874478388810530e-03
5166,4.9999999997003066742884413997671799734235e-03
5167,5.0000000000662396526518449491049977950752e-03
5168,5.0000000000662396526518449491049977950752e-03
5169,5.0000000000662396526518449491049977950752e-03
5170,5.0000000000662396526518449491049977950752e-03
5171,4.9999999997251695985078789874478388810530e-03
5172,4.9999999997003066742884413997671799734235e-03
5173,5.0000000000662396526518449491049977950752e-03
5174,5.0000000000662396526518449491049977950752e-03
5175,5.0000000000662396526518449491049977950752e-03
5176,5.0000000000662396526518449491049977950752e-03
5177,4.9999999997251695985078789874478388810530e-03
5178,4.9999999997003066742884413997671799734235e-03
5179,5.0000000000662396526518449491049977950752e-03
5180,5.0000000000662396526518449491049977950752e-03
5181,5.0000000000662396526518449491049977950752e-03
5182,5.0000000000662396526518449491049977950752e-03
5183,5.0000000000662396526518449491049977950752e-03
5184,4.9999999997251695985078789874478388810530e-03
5185,4.9999999997003066742884413997671799734235e-03
5186,5.0000000000662396526518449491049977950752e-03
5187,5.0000000000662396526518449491049977950752e-03
5188,5.0000000000662396526518449491049977950752e-03
5189,5.0000000000662396526518449491049977950752e-03
5190,4.9999999997251695985078789874478388810530e-03
5191,4.9999999997003066742884413997671799734235e-03
5192,5.0000000000662396526518449491049977950752e-03
5193,5.0000000000662396526518449491049977950752e-03
5194,5.0000000000662396526518449491049977950752e-03
5195,5.0000000000662396526518449491049977950752e-03
5196,4.9999999997251695985078789874478388810530e-03
5197,4.9999999997003066742884413997671799734235e-03
5198,5.0000000000662396526518449491049977950752e-03
5199,5.0000000000662396526518449491049977950752e-03
5200,5.0000000000662396526518449491049977950752e-03
5201,5.0000000000662396526518449491049977950752e-03
5202,4.9999999997251695985078789874478388810530e-03
5203,4.9999999997003066742884413997671799734235e-03
5204,5.0000000000662396526518449491049977950752e-03
5205,5.0000000000662396526518449491049977950752e-03
5206,5.0000000000662396526518449491049977950752e-03
5207,5.0000000000662396526518449491049977950752e-03
5208,5.0000000000662396526518449491049977950752e-03
5209,4.9999999997251695985078789874478388810530e-03
5210,4.9999999997003066742884413997671799734235e-03
5211,5.0000000000662396526518449491049977950752e-03
5212,5.0000000000662396526518449491049977950752e-03
5213,5.0000000000662396526518449491049977950752e-03
5214,5.0000000000662396526518449491049977950752e-03
5215,4.9999999997251695985078789874478388810530e-03
5216,4.9999999997003066742884413997671799734235e-03
5217,5.0000000000662396526518449491049977950752e-03
5218,5.0000000000662396526518449491049977950752e-03
5219,5.0000000000662396526518449491049977950752e-03
5220,5.0000000000662396526518449491049977950752e-03
5221,4.9999999997251695985078789874478388810530e-03
5222,4.9999999997003066742884413997671799734235e-03
5223,5.0000000000662396526518449491049977950752e-03
5224,5.0000000000662396526518449491049977950752e-03
5225,5.0000000000662396526518449491049977950752e-03
5226,5.0000000000662396526518449491049977950752e-03
5227,4.9999999997251695985078789874478388810530e-03
5228,4.9999999997003066742884413997671799734235e-03
5229,5.0000000000662396526518449491049977950752e-03
5230,5.0000000000662396526518449491049977950752e-03
5231,5.0000000000662396526518449491049977950752e-03
5232,5.0000000000662396526518449491049977950752e-03
5233,5.0000000000662396526518449491049977950752e-03
5234,4.9999999997251695985078789874478388810530e-03
5235,4.9999999997003066742884413997671799734235e-03
5236,5.0000000000662396526518449491049977950752e-03
5237,5.0000000000662396526518449491049977950752e-03
5238,5.0000000000662396526518449491049977950752e-03
5239,5.0000000000662396526518449491049977950752e-03
5240,4.9999999997251695985078789874478388810530e-03
5241,4.9999999997003066742884413997671799734235e-03
5242,5.0000000000662396526518449491049977950752e-03
5243,5.0000000000662396526518449491049977950752e-03
5244,5.0000000000662396526518449491049977950752e-03
5245,5.0000000000662396526518449491049977950752e-03
5246,4.9999999997251695985078789874478388810530e-03
5247,4.9999999997003066742884413997671799734235e-03
5248,5.0000000000662396526518449491049977950752e-03
5249,5.0000000000662396526518449491049977950752e-03
5250,5.0000000000662396526518449491049977950752e-03
5251,5.0000000000662396526518449491049977950752e-03
5252,4.9999999997251695985078789874478388810530e-03
5253,4.9999999997003066742884413997671799734235e-03
5254,5.0000000000662396526518449491049977950752e-03
5255,5.0000000000662396526518449491049977950752e-03
5256,5.0000000000662396526518449491049977950752e-03
5257,5.0000000000662396526518449491049977950752e-03
5258,5.0000000000662396526518449491049977950752e-03
5259,4.9999999997251695985078789874478388810530e-03
5260,4.9999999997003066742884413997671799734235e-03
5261,5.0000000000662396526518449491049977950752e-03
5262,5.0000000000662396526518449491049977950752e-03
5263,5.0000000000662396526518449491049977950752e-03
5264,5.0000000000662396526518449491049977950752e-03
5265,4.9999999997251695985078789874478388810530e-03
5266,4.9999999997003066742884413997671799734235e-03
5267,5.0000000000662396526518449491049977950752e-03
5268,5.0000000000662396526518449491049977950752e-03
5269,5.0000000000662396526518449491049977950752e-03
5270,5.0000000000662396526518449491049977950752e-03
5271,4.9999999997251695985078789874478388810530e-03
5272,4.9999999997003066742884413997671799734235e-03
5273,5.0000000000662396526518449491049977950752e-03
5274,5.0000000000662396526518449491049977950752e-03
5275,5.0000000000662396526518449491049977950752e-03
5276,5.0000000000662396526518449491049977950752e-03
5277,4.9999999997251695985078789874478388810530e-03
5278,4.9999999997003066742884413997671799734235e-03
5279,3.2900037993898876287346411118051037192345e+00
5280,3.2900037993899506894024398206965997815132e+00
5281,4.9999999999268294678667068353661306900904e-03
5282,4.9999999995608210290320982949197059497237e-03
5283,5.0000000000156473098367193586000212235376e-03
5284,4.9999999999268294678667068353661306900904e-03
5285,4.9999999995608210290320982949197059497237e-03
5286,5.0000000000156473098367193586000212235376e-03
5287,4.9999999999268294678667068353661306900904e-03
5288,4.9999999995608210290320982949197059497237e-03
5289,5.0000000000156473098367193586000212235376e-03
5290,4.9999999999268294678667068353661306900904e-03
5291,4.9999999995608210290320982949197059497237e-03
5292,5.0000000000156473098367193586000212235376e-03
5293,5.0000000000156473098367193586000212235376e-03
5294,4.9999999999268294678667068353661306900904e-03
5295,4.9999999995608210290320982949197059497237e-03
5296,4.9999999999268294678667068353661306900904e-03
5297,4.9999999995608210290320982949197059497237e-03
5298,5.0000000000156473098367193586000212235376e-03
5299,5.0000000000156473098367193586000212235376e-03
5300,4.9999999999268294678667068353661306900904e-03
5301,4.9999999995608210290320982949197059497237e-03
5302,5.0000000000156473098367193586000212235376e-03
5303,4.9999999999268294678667068353661306900904e-03
5304,4.9999999995608210290320982949197059497237e-03
5305,5.0000000000156473098367193586000212235376e-03
5306,4.9999999999268294678667068353661306900904e-03
5307,4.9999999995608210290320982949197059497237e-03
5308,5.0000000000156473098367193586000212235376e-03
5309,4.9999999999268294678667068353661306900904e-03
5310,4.9999999995608210290320982949197059497237e-03
5311,5.0000000000156473098367193586000212235376e-03
5312,5.0000000000156473098367193586000212235376e-03
5313,4.9999999999268294678667068353661306900904e-03
5314,4.9999999995608210290320982949197059497237e-03
5315,4.9999999999268294678667068353661306900904e-03
5316,4.9999999995608210290320982949197059497237e-03
5317,5.0000000000156473098367193586000212235376e-03
5318,5.0000000000156473098367193586000212235376e-03
5319,4.9999999999268294678667068353661306900904e-03
5320,4.9999999995608210290320982949197059497237e-03
5321,4.9999999999268294678667068353661306900904e-03
5322,4.9999999995608210290320982949197059497237e-03
5323,5.0000000000156473098367193586000212235376e-03
5324,5.0000000000156473098367193586000212235376e-03
5325,4.9999999999268294678667068353661306900904e-03
5326,4.9999999995608210290320982949197059497237e-03
5327,4.9999999999268294678667068353661306900904e-03
5328,4.9999999995608210290320982949197059497237e-03
5329,5.0000000000156473098367193586000212235376e-03
5330,5.0000000000156473098367193586000212235376e-03
5331,4.9999999999268294678667068353661306900904e-03
5332,4.9999999995608210290320982949197059497237e-03
5333,4.9999999999268294678667068353661306900904e-03
5334,4.9999999995608210290320982949197059497237e-03
5335,5.0000000000156473098367193586000212235376e-03
5336,5.0000000000156473098367193586000212235376e-03
5337,5.0000000000156473098367193586000212235376e-03
5338,4.9999999999268294678667068353661306900904e-03
5339,4.9999999995608210290320982949197059497237e-03
5340,4.9999999996106596344969119627421605400741e-03
5341,4.9999999997243603500063358069382957182825e-03
5342,4.9999999994720517593194131222844589501619e-03
5343,4.9999999996106596344969119627421605400741e-03
5344,4.9999999997243603500063358069382957182825e-03
5345,4.9999999994720517593194131222844589501619e-03
5346,4.9999999996106596344969119627421605400741e-03
5347,4.9999999997243603500063358069382957182825e-03
5348,4.9999999994720517593194131222844589501619e-03
5349,4.9999999996106596344969119627421605400741e-03
5350,4.9999999994720517593194131222844589501619e-03
5351,4.9999999996106596344969119627421605400741e-03
5352,4.9999999997243603500063358069382957182825e-03
5353,4.9999999994720517593194131222844589501619e-03
5354,4.9999999996106596344969119627421605400741e-03
5355,4.9999999997243603500063358069382957182825e-03
5356,4.9999999994720517593194131222844589501619e-03
5357,4.9999999996106596344969119627421605400741e-03
5358,4.9999999997243603500063358069382957182825e-03
5359,4.9999999994720517593194131222844589501619e-03
5360,4.9999999996106596344969119627421605400741e-03
5361,4.9999999997243603500063358069382957182825e-03
5362,4.9999999994720517593194131222844589501619e-03
5363,4.9999999996106596344969119627421605400741e-03
5364,4.9999999994720517593194131222844589501619e-03
5365,4.9999999996106596344969119627421605400741e-03
5366,4.9999999997243603500063358069382957182825e-03
5367,4.9999999994720517593194131222844589501619e-03
5368,4.9999999996106596344969119627421605400741e-03
5369,4.9999999997243603500063358069382957182825e-03
5370,4.9999999994720517593194131222844589501619e-03
5371,4.9999999996106596344969119627421605400741e-03
5372,4.9999999997243603500063358069382957182825e-03
5373,4.9999999994720517593194131222844589501619e-03
5374,4.9999999996106596344969119627421605400741e-03
5375,4.9999999997243603500063358069382957182825e-03
5376,4.9999999994720517593194131222844589501619e-03
5377,4.9999999996106596344969119627421605400741e-03
5378,4.9999999994720517593194131222844589501619e-03
5379,4.9999999996106596344969119627421605400741e-03
5380,4.9999999997243603500063358069382957182825e-03
5381,4.9999999994720517593194131222844589501619e-03
5382,4.9999999996106596344969119627421605400741e-03
5383,4.9999999997243603500063358069382957182825e-03
5384,4.9999999994720517593194131222844589501619e-03
5385,4.9999999996106596344969119627421605400741e-03
5386,4.9999999994720517593194131222844589501619e-03
5387,4.9999999999268294678667068353661306900904e-03
5388,4.9999999995608210290320982949197059497237e-03
5389,5.0000000000156473098367193586000212235376e-03
5390,4.9999999999268294678667068353661306900904e-03
5391,4.9999999995608210290320982949197059497237e-03
5392,5.0000000000156473098367193586000212235376e-03
5393,4.9999999999268294678667068353661306900904e-03
5394,4.9999999995608210290320982949197059497237e-03
5395,5.0000000000156473098367193586000212235376e-03
5396,5.0000000000156473098367193586000212235376e-03
5397,4.9999999999268294678667068353661306900904e-03
5398,4.9999999995608210290320982949197059497237e-03
5399,5.0000000000156473098367193586000212235376e-03
5400,4.9999999999268294678667068353661306900904e-03
5401,4.9999999995608210290320982949197059497237e-03
5402,5.0000000000156473098367193586000212235376e-03
5403,4.9999999999268294678667068353661306900904e-03
5404,4.9999999995608210290320982949197059497237e-03
5405,5.0000000000156473098367193586000212235376e-03
5406,4.9999999999268294678667068353661306900904e-03
5407,4.9999999995608210290320982949197059497237e-03
5408,5.0000000000156473098367193586000212235376e-03
5409,4.9999999999268294678667068353661306900904e-03
5410,4.9999999995608210290320982949197059497237e-03
5411,5.0000000000156473098367193586000212235376e-03
5412,4.9999999999268294678667068353661306900904e-03
5413,4.9999999995608210290320982949197059497237e-03
5414,5.0000000000156473098367193586000212235376e-03
5415,4.9999999999268294678667068353661306900904e-03
5416,4.9999999995608210290320982949197059497237e-03
5417,5.0000000000156473098367193586000212235376e-03
5418,4.9999999999268294678667068353661306900904e-03
5419,4.9999999995608210290320982949197059497237e-03
5420,5.0000000000156473098367193586000212235376e-03
5421,5.0000000000156473098367193586000212235376e-03
5422,4.9999999999268294678667068353661306900904e-03
5423,4.9999999995608210290320982949197059497237e-03
5424,5.0000000000156473098367193586000212235376e-03
5425,4.9999999999268294678667068353661306900904e-03
5426,4.9999999995608210290320982949197059497237e-03
5427,5.0000000000156473098367193586000212235376e-03
5428,4.9999999999268294678667068353661306900904e-03
5429,4.9999999995608210290320982949197059497237e-03
5430,5.0000000000156473098367193586000212235376e-03
5431,4.9999999999268294678667068353661306900904e-03
5432,4.9999999995608210290320982949197059497237e-03
5433,5.0000000000156473098367193586000212235376e-03
5434,4.9999999999268294678667068353661306900904e-03
5435,4.9999999995608210290320982949197059497237e-03
5436,5.0000000000156473098367193586000212235376e-03
5437,4.9999999999268294678667068353661306900904e-03
5438,4.9999999995608210290320982949197059497237e-03
5439,5.0000000000156473098367193586000212235376e-03
5440,4.9999999999268294678667068353661306900904e-03
5441,4.9999999995608210290320982949197059497237e-03
5442,5.0000000000156473098367193586000212235376e-03
5443,4.9999999999268294678667068353661306900904e-03
5444,4.9999999995608210290320982949197059497237e-03
5445,5.0000000000156473098367193586000212235376e-03
5446,5.0000000000156473098367193586000212235376e-03
5447,4.9999999999268294678667068353661306900904e-03
5448,4.9999999995608210290320982949197059497237e-03
5449,5.0000000000156473098367193586000212235376e-03
5450,4.9999999999268294678667068353661306900904e-03
5451,4.9999999995608210290320982949197059497237e-03
5452,5.0000000000156473098367193586000212235376e-03
5453,4.9999999999268294678667068353661306900904e-03
5454,4.9999999995608210290320982949197059497237e-03
5455,5.0000000000156473098367193586000212235376e-03
5456,4.9999999999268294678667068353661306900904e-03
5457,4.9999999995608210290320982949197059497237e-03
5458,5.0000000000156473098367193586000212235376e-03
5459,4.9999999999268294678667068353661306900904e-03
5460,4.9999999995608210290320982949197059497237e-03
5461,5.0000000000156473098367193586000212235376e-03
5462,4.9999999999268294678667068353661306900904e-03
5463,4.9999999995608210290320982949197059497237e-03
5464,5.0000000000156473098367193586000212235376e-03
5465,4.9999999999268294678667068353661306900904e-03
5466,4.9999999995608210290320982949197059497237e-03
5467,5.0000000000156473098367193586000212235376e-03
5468,4.9999999999268294678667068353661306900904e-03
5469,4.9999999995608210290320982949197059497237e-03
5470,5.0000000000156473098367193586000212235376e-03
5471,4.9999999999268294678667068353661306900904e-03
5472,4.9999999995608210290320982949197059497237e-03
5473,5.0000000000156473098367193586000212235376e-03
5474,5.0000000000156473098367193586000212235376e-03
5475,4.9999999999268294678667068353661306900904e-03
5476,4.9999999995608210290320982949197059497237e-03
5477,5.0000000000156473098367193586000212235376e-03
5478,4.9999999999268294678667068353661306900904e-03
5479,4.9999999995608210290320982949197059497237e-03
5480,5.0000000000156473098367193586000212235376e-03
5481,4.9999999999268294678667068353661306900904e-03
5482,4.9999999995608210290320982949197059497237e-03
5483,5.0000000000156473098367193586000212235376e-03
5484,4.9999999999268294678667068353661306900904e-03
5485,4.9999999995608210290320982949197059497237e-03
5486,5.0000000000156473098367193586000212235376e-03
5487,4.9999999999268294678667068353661306900904e-03
5488,4.9999999995608210290320982949197059497237e-03
5489,5.0000000000156473098367193586000212235376e-03
5490,4.9999999999268294678667068353661306900904e-03
5491,4.9999999995608210290320982949197059497237e-03
5492,5.0000000000156473098367193586000212235376e-03
5493,5.0000000000156473098367193586000212235376e-03
5494,5.0000000000156473098367193586000212235376e-03
5495,4.9999999999092211572238042549543024506420e-03
5496,4.9999999995359867277500143245561048388481e-03
5497,5.0000000000156473098367193586000212235376e-03
5498,5.0000000000156473098367193586000212235376e-03
5499,5.0000000000156473098367193586000212235376e-03
5500,5.0000000000156473098367193586000212235376e-03
5501,4.9999999999092211572238042549543024506420e-03
5502,4.9999999995359867277500143245561048388481e-03
5503,5.0000000000156473098367193586000212235376e-03
5504,5.0000000000156473098367193586000212235376e-03
5505,5.0000000000156473098367193586000212235376e-03
5506,5.0000000000156473098367193586000212235376e-03
5507,4.9999999999092211572238042549543024506420e-03
5508,4.9999999995359867277500143245561048388481e-03
5509,5.0000000000156473098367193586000212235376e-03
5510,5.0000000000156473098367193586000212235376e-03
5511,5.0000000000156473098367193586000212235376e-03
5512,5.0000000000156473098367193586000212235376e-03
5513,5.0000000000156473098367193586000212235376e-03
5514,4.9999999999092211572238042549543024506420e-03
5515,4.9999999995359867277500143245561048388481e-03
5516,5.0000000000156473098367193586000212235376e-03
5517,5.0000000000156473098367193586000212235376e-03
5518,5.0000000000156473098367193586000212235376e-03
5519,5.0000000000156473098367193586000212235376e-03
5520,4.9999999999092211572238042549543024506420e-03
5521,4.9999999995359867277500143245561048388481e-03
5522,5.0000000000156473098367193586000212235376e-03
5523,5.0000000000156473098367193586000212235376e-03
5524,5.0000000000156473098367193586000212235376e-03
5525,5.0000000000156473098367193586000212235376e-03
5526,4.9999999999092211572238042549543024506420e-03
5527,4.9999999995359867277500143245561048388481e-03
5528,5.0000000000156473098367193586000212235376e-03
5529,5.0000000000156473098367193586000212235376e-03
5530,5.0000000000156473098367193586000212235376e-03
5531,5.0000000000156473098367193586000212235376e-03
5532,4.9999999999092211572238042549543024506420e-03
5533,4.9999999995359867277500143245561048388481e-03
5534,5.0000000000156473098367193586000212235376e-03
5535,5.0000000000156473098367193586000212235376e-03
5536,5.0000000000156473098367193586000212235376e-03
5537,5.0000000000156473098367193586000212235376e-03
5538,5.0000000000156473098367193586000212235376e-03
5539,4.9999999999092211572238042549543024506420e-03
5540,4.9999999995359867277500143245561048388481e-03
5541,5.0000000000156473098367193586000212235376e-03
5542,5.0000000000156473098367193586000212235376e-03
5543,5.0000000000156473098367193586000212235376e-03
5544,5.0000000000156473098367193586000212235376e-03
5545,4.9999999999092211572238042549543024506420e-03
5546,4.9999999995359867277500143245561048388481e-03
5547,5.0000000000156473098367193586000212235376e-03
5548,5.0000000000156473098367193586000212235376e-03
5549,5.0000000000156473098367193586000212235376e-03
5550,5.0000000000156473098367193586000212235376e-03
5551,4.9999999999092211572238042549543024506420e-03
5552,4.9999999995359867277500143245561048388481e-03
5553,5.0000000000156473098367193586000212235376e-03
5554,5.0000000000156473098367193586000212235376e-03
5555,5.0000000000156473098367193586000212235376e-03
5556,5.0000000000156473098367193586000212235376e-03
5557,4.9999999999092211572238042549543024506420e-03
5558,4.9999999995359867277500143245561048388481e-03
5559,5.0000000000156473098367193586000212235376e-03
5560,5.0000000000156473098367193586000212235376e-03
5561,5.0000000000156473098367193586000212235376e-03
5562,5.0000000000156473098367193586000212235376e-03
5563,5.0000000000156473098367193586000212235376e-03
5564,4.9999999999092211572238042549543024506420e-03
5565,4.9999999995359867277500143245561048388481e-03
5566,5.0000000000156473098367193586000212235376e-03
5567,5.0000000000156473098367193586000212235376e-03
5568,5.0000000000156473098367193586000212235376e-03
5569,5.0000000000156473098367193586000212235376e-03
5570,4.9999999999092211572238042549543024506420e-03
5571,4.9999999995359867277500143245561048388481e-03
5572,5.0000000000156473098367193586000212235376e-03
5573,5.0000000000156473098367193586000212235376e-03
5574,5.0000000000156473098367193586000212235376e-03
5575,5.0000000000156473098367193586000212235376e-03
5576,4.9999999999092211572238042549543024506420e-03
5577,4.9999999995359867277500143245561048388481e-03
5578,5.0000000000156473098367193586000212235376e-03
5579,5.0000000000156473098367193586000212235376e-03
5580,5.0000000000156473098367193586000212235376e-03
5581,5.0000000000156473098367193586000212235376e-03
5582,4.9999999999092211572238042549543024506420e-03
5583,4.9999999995359867277500143245561048388481e-03
5584,5.0000000000156473098367193586000212235376e-03
5585,5.0000000000156473098367193586000212235376e-03
5586,5.0000000000156473098367193586000212235376e-03
5587,5.0000000000156473098367193586000212235376e-03
5588,5.0000000000156473098367193586000212235376e-03
5589,4.9999999999092211572238042549543024506420e-03
5590,4.9999999995359867277500143245561048388481e-03
5591,5.0000000000156473098367193586000212235376e-03
5592,5.0000000000156473098367193586000212235376e-03
5593,5.0000000000156473098367193586000212235376e-03
5594,5.0000000000156473098367193586000212235376e-03
5595,4.9999999999092211572238042549543024506420e-03
5596,4.9999999995359867277500143245561048388481e-03
5597,5.0000000000156473098367193586000212235376e-03
5598,5.0000000000156473098367193586000212235376e-03
5599,5.0000000000156473098367193586000212235376e-03
5600,5.0000000000156473098367193586000212235376e-03
5601,4.9999999999092211572238042549543024506420e-03
5602,4.9999999995359867277500143245561048388481e-03
5603,5.0000000000156473098367193586000212235376e-03
5604,5.0000000000156473098367193586000212235376e-03
5605,5.0000000000156473098367193586000212235376e-03
5606,5.0000000000156473098367193586000212235376e-03
5607,4.9999999999092211572238042549543024506420e-03
5608,4.9999999995359867277500143245561048388481e-03
5609,3.2900037993899702293276732234517112374306e+00
5610,3.2900037993898183508179045020369812846184e+00
5611,4.9999999997881296523449812241324252681807e-03
5612,4.9999999997881296523449812241324252681807e-03
5613,4.9999999995607282213261335357401549117640e-03
5614,4.9999999997881296523449812241324252681807e-03
5615,4.9999999997881296523449812241324252681807e-03
5616,4.9999999995607282213261335357401549117640e-03
5617,4.9999999997881296523449812241324252681807e-03
5618,4.9999999997881296523449812241324252681807e-03
5619,4.9999999995607282213261335357401549117640e-03
5620,4.9999999997881296523449812241324252681807e-03
5621,4.9999999997881296523449812241324252681807e-03
5622,4.9999999995607282213261335357401549117640e-03
5623,4.9999999995607282213261335357401549117640e-03
5624,4.9999999997881296523449812241324252681807e-03
5625,4.9999999997881296523449812241324252681807e-03
5626,4.9999999997881296523449812241324252681807e-03
5627,4.9999999997881296523449812241324252681807e-03
5628,4.9999999995607282213261335357401549117640e-03
5629,4.9999999995607282213261335357401549117640e-03
5630,4.9999999997881296523449812241324252681807e-03
5631,4.9999999997881296523449812241324252681807e-03
5632,4.9999999995607282213261335357401549117640e-03
5633,4.9999999997881296523449812241324252681807e-03
5634,4.9999999997881296523449812241324252681807e-03
5635,4.9999999995607282213261335357401549117640e-03
5636,4.9999999997881296523449812241324252681807e-03
5637,4.9999999997881296523449812241324252681807e-03
5638,4.9999999995607282213261335357401549117640e-03
5639,4.9999999997881296523449812241324252681807e-03
5640,4.9999999997881296523449812241324252681807e-03
5641,4.9999999995607282213261335357401549117640e-03
5642,4.9999999995607282213261335357401549117640e-03
5643,4.9999999997881296523449812241324252681807e-03
5644,4.9999999997881296523449812241324252681807e-03
5645,4.9999999997881296523449812241324252681807e-03
5646,4.9999999997881296523449812241324252681807e-03
5647,4.9999999995607282213261335357401549117640e-03
5648,4.9999999995607282213261335357401549117640e-03
5649,4.9999999997881296523449812241324252681807e-03
5650,4.9999999997881296523449812241324252681807e-03
5651,4.9999999997881296523449812241324252681807e-03
5652,4.9999999997881296523449812241324252681807e-03
5653,4.9999999995607282213261335357401549117640e-03
5654,4.9999999995607282213261335357401549117640e-03
5655,4.9999999997881296523449812241324252681807e-03
5656,4.9999999997881296523449812241324252681807e-03
5657,4.9999999997881296523449812241324252681807e-03
5658,4.9999999997881296523449812241324252681807e-03
5659,4.9999999995607282213261335357401549117640e-03
5660,4.9999999995607282213261335357401549117640e-03
5661,4.9999999997881296523449812241324252681807e-03
5662,4.9999999997881296523449812241324252681807e-03
5663,4.9999999997881296523449812241324252681807e-03
5664,4.9999999997881296523449812241324252681807e-03
5665,4.9999999995607282213261335357401549117640e-03
5666,4.9999999995607282213261335357401549117640e-03
5667,4.9999999995607282213261335357401549117640e-03
5668,4.9999999997881296523449812241324252681807e-03
5669,4.9999999997881296523449812241324252681807e-03
5670,5.0000000000155900639620121239659056300297e-03
5671,4.9999999996744289368355573799362900899723e-03
5672,4.9999999994471168440757224971093819476664e-03
5673,5.0000000000155900639620121239659056300297e-03
5674,4.9999999996744289368355573799362900899723e-03
5675,4.9999999994471168440757224971093819476664e-03
5676,5.0000000000155900639620121239659056300297e-03
5677,4.9999999996744289368355573799362900899723e-03
5678,4.9999999994471168440757224971093819476664e-03
5679,5.0000000000155900639620121239659056300297e-03
5680,4.9999999994471168440757224971093819476664e-03
5681,5.0000000000155900639620121239659056300297e-03
5682,4.9999999996744289368355573799362900899723e-03
5683,4.9999999994471168440757224971093819476664e-03
5684,5.0000000000155900639620121239659056300297e-03
5685,4.9999999996744289368355573799362900899723e-03
5686,4.9999999994471168440757224971093819476664e-03
5687,5.0000000000155900639620121239659056300297e-03
5688,4.9999999996744289368355573799362900899723e-03
5689,4.9999999994471168440757224971093819476664e-03
5690,5.0000000000155900639620121239659056300297e-03
5691,4.9999999996744289368355573799362900899723e-03
5692,4.9999999994471168440757224971093819476664e-03
5693,5.0000000000155900639620121239659056300297e-03
5694,4.9999999994471168440757224971093819476664e-03
5695,5.0000000000155900639620121239659056300297e-03
5696,4.9999999996744289368355573799362900899723e-03
5697,4.9999999994471168440757224971093819476664e-03
5698,5.0000000000155900639620121239659056300297e-03
5699,4.9999999996744289368355573799362900899723e-03
5700,4.9999999994471168440757224971093819476664e-03
5701,5.0000000000155900639620121239659056300297e-03
5702,4.9999999996744289368355573799362900899723e-03
5703,4.9999999994471168440757224971093819476664e-03
5704,5.0000000000155900639620121239659056300297e-03
5705,4.9999999996744289368355573799362900899723e-03
5706,4.9999999994471168440757224971093819476664e-03
5707,5.0000000000155900639620121239659056300297e-03
5708,4.9999999994471168440757224971093819476664e-03
5709,5.0000000000155900639620121239659056300297e-03
5710,4.9999999996744289368355573799362900899723e-03
5711,4.9999999994471168440757224971093819476664e-03
5712,5.0000000000155900639620121239659056300297e-03
5713,4.9999999996744289368355573799362900899723e-03
5714,4.9999999994471168440757224971093819476664e-03
5715,5.0000000000155900639620121239659056300297e-03
5716,4.9999999994471168440757224971093819476664e-03
5717,4.9999999997881296523449812241324252681807e-03
5718,4.9999999997881296523449812241324252681807e-03
5719,4.9999999995607282213261335357401549117640e-03
5720,4.9999999997881296523449812241324252681807e-03
5721,4.9999999997881296523449812241324252681807e-03
5722,4.9999999995607282213261335357401549117640e-03
5723,4.9999999997881296523449812241324252681807e-03
5724,4.9999999997881296523449812241324252681807e-03
5725,4.9999999995607282213261335357401549117640e-03
5726,4.9999999995607282213261335357401549117640e-03
5727,4.9999999997881296523449812241324252681807e-03
5728,4.9999999997881296523449812241324252681807e-03
5729,4.9999999995607282213261335357401549117640e-03
5730,4.9999999997881296523449812241324252681807e-03
5731,4.9999999997881296523449812241324252681807e-03
5732,4.9999999995607282213261335357401549117640e-03
5733,4.9999999997881296523449812241324252681807e-03
5734,4.9999999997881296523449812241324252681807e-03
5735,4.9999999995607282213261335357401549117640e-03
5736,4.9999999997881296523449812241324252681807e-03
5737,4.9999999997881296523449812241324252681807e-03
5738,4.9999999995607282213261335357401549117640e-03
5739,4.9999999997881296523449812241324252681807e-03
5740,4.9999999997881296523449812241324252681807e-03
5741,4.9999999995607282213261335357401549117640e-03
5742,4.9999999997881296523449812241324252681807e-03
5743,4.9999999997881296523449812241324252681807e-03
5744,4.9999999995607282213261335357401549117640e-03
5745,4.9999999997881296523449812241324252681807e-03
5746,4.9999999997881296523449812241324252681807e-03
5747,4.9999999995607282213261335357401549117640e-03
5748,4.9999999997881296523449812241324252681807e-03
5749,4.9999999997881296523449812241324252681807e-03
5750,4.9999999995607282213261335357401549117640e-03
5751,4.9999999995607282213261335357401549117640e-03
5752,4.9999999997881296523449812241324252681807e-03
5753,4.9999999997881296523449812241324252681807e-03
5754,4.9999999995607282213261335357401549117640e-03
5755,4.9999999997881296523449812241324252681807e-03
5756,4.9999999997881296523449812241324252681807e-03
5757,4.9999999995607282213261335357401549117640e-03
5758,4.9999999997881296523449812241324252681807e-03
5759,4.9999999997881296523449812241324252681807e-03
5760,4.9999999995607282213261335357401549117640e-03
5761,4.9999999997881296523449812241324252681807e-03
5762,4.9999999997881296523449812241324252681807e-03
5763,4.9999999995607282213261335357401549117640e-03
5764,4.9999999997881296523449812241324252681807e-03
5765,4.9999999997881296523449812241324252681807e-03
5766,4.9999999995607282213261335357401549117640e-03
5767,4.9999999997881296523449812241324252681807e-03
5768,4.9999999997881296523449812241324252681807e-03
5769,4.9999999995607282213261335357401549117640e-03
5770,4.9999999997881296523449812241324252681807e-03
5771,4.9999999997881296523449812241324252681807e-03
5772,4.9999999995607282213261335357401549117640e-03
5773,4.9999999997881296523449812241324252681807e-03
5774,4.9999999997881296523449812241324252681807e-03
5775,4.9999999995607282213261335357401549117640e-03
5776,4.9999999995607282213261335357401549117640e-03
5777,4.9999999997881296523449812241324252681807e-03
5778,4.9999999997881296523449812241324252681807e-03
5779,4.9999999995607282213261335357401549117640e-03
5780,4.9999999997881296523449812241324252681807e-03
5781,4.9999999997881296523449812241324252681807e-03
5782,4.9999999995607282213261335357401549117640e-03
5783,4.9999999997881296523449812241324252681807e-03
5784,4.9999999997881296523449812241324252681807e-03
5785,4.9999999995607282213261335357401549117640e-03
5786,4.9999999997881296523449812241324252681807e-03
5787,4.9999999997881296523449812241324252681807e-03
5788,4.9999999995607282213261335357401549117640e-03
5789,4.9999999997881296523449812241324252681807e-03
5790,4.9999999997881296523449812241324252681807e-03
5791,4.9999999995607282213261335357401549117640e-03
5792,4.9999999997881296523449812241324252681807e-03
5793,4.9999999997881296523449812241324252681807e-03
5794,4.9999999995607282213261335357401549117640e-03
5795,4.9999999997881296523449812241324252681807e-03
5796,4.9999999997881296523449812241324252681807e-03
5797,4.9999999995607282213261335357401549117640e-03
5798,4.9999999997881296523449812241324252681807e-03
5799,4.9999999997881296523449812241324252681807e-03
5800,4.9999999995607282213261335357401549117640e-03
5801,4.9999999997881296523449812241324252681807e-03
5802,4.9999999997881296523449812241324252681807e-03
5803,4.9999999995607282213261335357401549117640e-03
5804,4.9999999995607282213261335357401549117640e-03
5805,4.9999999997881296523449812241324252681807e-03
5806,4.9999999997881296523449812241324252681807e-03
5807,4.9999999995607282213261335357401549117640e-03
5808,4.9999999997881296523449812241324252681807e-03
5809,4.9999999997881296523449812241324252681807e-03
5810,4.9999999995607282213261335357401549117640e-03
5811,4.9999999997881296523449812241324252681807e-03
5812,4.9999999997881296523449812241324252681807e-03
5813,4.9999999995607282213261335357401549117640e-03
5814,4.9999999997881296523449812241324252681807e-03
5815,4.9999999997881296523449812241324252681807e-03
5816,4.9999999995607282213261335357401549117640e-03
5817,4.9999999997881296523449812241324252681807e-03
5818,4.9999999997881296523449812241324252681807e-03
5819,4.9999999995607282213261335357401549117640e-03
5820,4.9999999997881296523449812241324252681807e-03
5821,4.9999999997881296523449812241324252681807e-03
5822,4.9999999995607282213261335357401549117640e-03
5823,4.9999999995607282213261335357401549117640e-03
5824,4.9999999995607282213261335357401549117640e-03
5825,4.9999999998696790029506509256407298380509e-03
5826,5.0000000002678752358820091217239678371698e-03
5827,4.9999999995607282213261335357401549117640e-03
5828,4.9999999995607282213261335357401549117640e-03
5829,4.9999999995607282213261335357401549117640e-03
5830,4.9999999995607282213261335357401549117640e-03
5831,4.9999999998696790029506509256407298380509e-03
5832,5.0000000002678752358820091217239678371698e-03
5833,4.9999999995607282213261335357401549117640e-03
5834,4.9999999995607282213261335357401549117640e-03
5835,4.9999999995607282213261335357401549117640e-03
5836,4.9999999995607282213261335357401549117640e-03
5837,4.9999999998696790029506509256407298380509e-03
5838,5.0000000002678752358820091217239678371698e-03
5839,4.9999999995607282213261335357401549117640e-03
5840,4.9999999995607282213261335357401549117640e-03
5841,4.9999999995607282213261335357401549117640e-03
5842,4.9999999995607282213261335357401549117640e-03
5843,4.9999999995607282213261335357401549117640e-03
5844,4.9999999998696790029506509256407298380509e-03
5845,5.0000000002678752358820091217239678371698e-03
5846,4.9999999995607282213261335357401549117640e-03
5847,4.9999999995607282213261335357401549117640e-03
5848,4.9999999995607282213261335357401549117640e-03
5849,4.9999999995607282213261335357401549117640e-03
5850,4.9999999998696790029506509256407298380509e-03
5851,5.0000000002678752358820091217239678371698e-03
5852,4.9999999995607282213261335357401549117640e-03
5853,4.9999999995607282213261335357401549117640e-03
5854,4.9999999995607282213261335357401549117640e-03
5855,4.9999999995607282213261335357401549117640e-03
5856,4.9999999998696790029506509256407298380509e-03
5857,5.0000000002678752358820091217239678371698e-03
5858,4.9999999995607282213261335357401549117640e-03
5859,4.9999999995607282213261335357401549117640e-03
5860,4.9999999995607282213261335357401549117640e-03
5861,4.9999999995607282213261335357401549117640e-03
5862,4.9999999998696790029506509256407298380509e-03
5863,5.0000000002678752358820091217239678371698e-03
5864,4.9999999995607282213261335357401549117640e-03
5865,4.9999999995607282213261335357401549117640e-03
5866,4.9999999995607282213261335357401549117640e-03
5867,4.9999999995607282213261335357401549117640e-03
5868,4.9999999995607282213261335357401549117640e-03
5869,4.9999999998696790029506509256407298380509e-03
5870,5.0000000002678752358820091217239678371698e-03
5871,4.9999999995607282213261335357401549117640e-03
5872,4.9999999995607282213261335357401549117640e-03
5873,4.9999999995607282213261335357401549117640e-03
5874,4.9999999995607282213261335357401549117640e-03
5875,4.9999999998696790029506509256407298380509e-03
5876,5.0000000002678752358820091217239678371698e-03
5877,4.9999999995607282213261335357401549117640e-03
5878,4.9999999995607282213261335357401549117640e-03
5879,4.9999999995607282213261335357401549117640e-03
5880,4.9999999995607282213261335357401549117640e-03
5881,4.9999999998696790029506509256407298380509e-03
5882,5.0000000002678752358820091217239678371698e-03
5883,4.9999999995607282213261335357401549117640e-03
5884,4.9999999995607282213261335357401549117640e-03
5885,4.9999999995607282213261335357401549117640e-03
5886,4.9999999995607282213261335357401549117640e-03
5887,4.9999999998696790029506509256407298380509e-03
5888,5.0000000002678752358820091217239678371698e-03
5889,4.9999999995607282213261335357401549117640e-03
5890,4.9999999995607282213261335357401549117640e-03
5891,4.9999999995607282213261335357401549117640e-03
5892,4.9999999995607282213261335357401549117640e-03
5893,4.9999999995607282213261335357401549117640e-03
5894,4.9999999998696790029506509256407298380509e-03
5895,5.0000000002678752358820091217239678371698e-03
5896,4.9999999995607282213261335357401549117640e-03
5897,4.9999999995607282213261335357401549117640e-03
5898,4.9999999995607282213261335357401549117640e-03
5899,4.9999999995607282213261335357401549117640e-03
5900,4.9999999998696790029506509256407298380509e-03
5901,5.0000000002678752358820091217239678371698e-03
5902,4.9999999995607282213261335357401549117640e-03
5903,4.9999999995607282213261335357401549117640e-03
5904,4.9999999995607282213261335357401549117640e-03
5905,4.9999999995607282213261335357401549117640e-03
5906,4.9999999998696790029506509256407298380509e-03
5907,5.0000000002678752358820091217239678371698e-03
5908,4.9999999995607282213261335357401549117640e-03
5909,4.9999999995607282213261335357401549117640e-03
5910,4.9999999995607282213261335357401549117640e-03
5911,4.9999999995607282213261335357401549117640e-03
5912,4.9999999998696790029506509256407298380509e-03
5913,5.0000000002678752358820091217239678371698e-03
5914,4.9999999995607282213261335357401549117640e-03
5915,4.9999999995607282213261335357401549117640e-03
5916,4.9999999995607282213261335357401549117640e-03
5917,4.9999999995607282213261335357401549117640e-03
5918,4.9999999995607282213261335357401549117640e-03
5919,4.9999999998696790029506509256407298380509e-03
5920,5.0000000002678752358820091217239678371698e-03
5921,4.9999999995607282213261335357401549117640e-03
5922,4.9999999995607282213261335357401549117640e-03
5923,4.9999999995607282213261335357401549117640e-03
5924,4.9999999995607282213261335357401549117640e-03
5925,4.9999999998696790029506509256407298380509e-03
5926,5.0000000002678752358820091217239678371698e-03
5927,4.9999999995607282213261335357401549117640e-03
5928,4.9999999995607282213261335357401549117640e-03
5929,4.9999999995607282213261335357401549117640e-03
5930,4.9999999995607282213261335357401549117640e-03
5931,4.9999999998696790029506509256407298380509e-03
5932,5.0000000002678752358820091217239678371698e-03
5933,4.9999999995607282213261335357401549117640e-03
5934,4.9999999995607282213261335357401549117640e-03
5935,4.9999999995607282213261335357401549117640e-03
5936,4.9999999995607282213261335357401549117640e-03
5937,4.9999999998696790029506509256407298380509e-03
5938,5.0000000002678752358820091217239678371698e-03
5939,3.2900037993898987309648873633705079555511e+00
5940,3.2900037993897233157269965886371210217476e+00
5941,5.0000000000794868684761418364814744563773e-03
5942,5.0000000005343912118371818564810382667929e-03
5943,4.9999999995998046023459870923488779226318e-03
5944,5.0000000000794868684761418364814744563773e-03
5945,5.0000000005343912118371818564810382667929e-03
5946,4.9999999995998046023459870923488779226318e-03
5947,5.0000000000794868684761418364814744563773e-03
5948,5.0000000005343912118371818564810382667929e-03
5949,4.9999999995998046023459870923488779226318e-03
5950,5.0000000000794868684761418364814744563773e-03
5951,5.0000000005343912118371818564810382667929e-03
5952,4.9999999995998046023459870923488779226318e-03
5953,4.9999999995998046023459870923488779226318e-03
5954,5.0000000000794868684761418364814744563773e-03
5955,5.0000000005343912118371818564810382667929e-03
5956,5.0000000000794868684761418364814744563773e-03
5957,5.0000000005343912118371818564810382667929e-03
5958,4.9999999995998046023459870923488779226318e-03
5959,4.9999999995998046023459870923488779226318e-03
5960,5.0000000000794868684761418364814744563773e-03
5961,5.0000000005343912118371818564810382667929e-03
5962,4.9999999995998046023459870923488779226318e-03
5963,5.0000000000794868684761418364814744563773e-03
5964,5.0000000005343912118371818564810382667929e-03
5965,4.9999999995998046023459870923488779226318e-03
5966,5.0000000000794868684761418364814744563773e-03
5967,5.0000000005343912118371818564810382667929e-03
5968,4.9999999995998046023459870923488779226318e-03
5969,5.0000000000794868684761418364814744563773e-03
5970,5.0000000005343912118371818564810382667929e-03
5971,4.9999999995998046023459870923488779226318e-03
5972,4.9999999995998046023459870923488779226318e-03
5973,5.0000000000794868684761418364814744563773e-03
5974,5.0000000005343912118371818564810382667929e-03
5975,5.0000000000794868684761418364814744563773e-03
5976,5.0000000005343912118371818564810382667929e-03
5977,4.9999999995998046023459870923488779226318e-03
5978,4.9999999995998046023459870923488779226318e-03
5979,5.0000000000794868684761418364814744563773e-03
5980,5.0000000005343912118371818564810382667929e-03
5981,5.0000000000794868684761418364814744563773e-03
5982,5.0000000005343912118371818564810382667929e-03
5983,4.9999999995998046023459870923488779226318e-03
5984,4.9999999995998046023459870923488779226318e-03
5985,5.0000000000794868684761418364814744563773e-03
5986,5.0000000005343912118371818564810382667929e-03
5987,5.0000000000794868684761418364814744563773e-03
5988,5.0000000005343912118371818564810382667929e-03
5989,4.9999999995998046023459870923488779226318e-03
5990,4.9999999995998046023459870923488779226318e-03
5991,5.0000000000794868684761418364814744563773e-03
5992,5.0000000005343912118371818564810382667929e-03
5993,5.0000000000794868684761418364814744563773e-03
5994,5.0000000005343912118371818564810382667929e-03
5995,4.9999999995998046023459870923488779226318e-03
5996,4.9999999995998046023459870923488779226318e-03
5997,4.9999999995998046023459870923488779226318e-03
5998,5.0000000000794868684761418364814744563773e-03
5999,5.0000000005343912118371818564810382667929e-03
6000,4.9999999998770394346592205181423196336254e-03
6001,4.9999999997633040246802771378042962169275e-03
6002,4.9999999999907037209756488493894721614197e-03
6003,4.9999999998770394346592205181423196336254e-03
6004,4.9999999997633040246802771378042962169275e-03
6005,4.9999999999907037209756488493894721614197e-03
6006,4.9999999998770394346592205181423196336254e-03
6007,4.9999999997633040246802771378042962169275e-03
6008,4.9999999999907037209756488493894721614197e-03
6009,4.9999999998770394346592205181423196336254e-03
6010,4.9999999999907037209756488493894721614197e-03
6011,4.9999999998770394346592205181423196336254e-03
6012,4.9999999997633040246802771378042962169275e-03
6013,4.9999999999907037209756488493894721614197e-03
6014,4.9999999998770394346592205181423196336254e-03
6015,4.9999999997633040246802771378042962169275e-03
6016,4.9999999999907037209756488493894721614197e-03
6017,4.9999999998770394346592205181423196336254e-03
6018,4.9999999997633040246802771378042962169275e-03
6019,4.9999999999907037209756488493894721614197e-03
6020,4.9999999998770394346592205181423196336254e-03
6021,4.9999999997633040246802771378042962169275e-03
6022,4.9999999999907037209756488493894721614197e-03
6023,4.9999999998770394346592205181423196336254e-03
6024,4.9999999999907037209756488493894721614197e-03
6025,4.9999999998770394346592205181423196336254e-03
6026,4.9999999997633040246802771378042962169275e-03
6027,4.9999999999907037209756488493894721614197e-03
6028,4.9999999998770394346592205181423196336254e-03
6029,4.9999999997633040246802771378042962169275e-03
6030,4.9999999999907037209756488493894721614197e-03
6031,4.9999999998770394346592205181423196336254e-03
6032,4.9999999997633040246802771378042962169275e-03
6033,4.9999999999907037209756488493894721614197e-03
6034,4.9999999998770394346592205181423196336254e-03
6035,4.9999999997633040246802771378042962169275e-03
6036,4.9999999999907037209756488493894721614197e-03
6037,4.9999999998770394346592205181423196336254e-03
6038,4.9999999999907037209756488493894721614197e-03
6039,4.9999999998770394346592205181423196336254e-03
6040,4.9999999997633040246802771378042962169275e-03
6041,4.9999999999907037209756488493894721614197e-03
6042,4.9999999998770394346592205181423196336254e-03
6043,4.9999999997633040246802771378042962169275e-03
6044,4.9999999999907037209756488493894721614197e-03
6045,4.9999999998770394346592205181423196336254e-03
6046,4.9999999999907037209756488493894721614197e-03
6047,5.0000000000794868684761418364814744563773e-03
6048,5.0000000005343912118371818564810382667929e-03
6049,4.9999999995998046023459870923488779226318e-03
6050,5.0000000000794868684761418364814744563773e-03
6051,5.0000000005343912118371818564810382667929e-03
6052,4.9999999995998046023459870923488779226318e-03
6053,5.0000000000794868684761418364814744563773e-03
6054,5.0000000005343912118371818564810382667929e-03
6055,4.9999999995998046023459870923488779226318e-03
6056,4.9999999995998046023459870923488779226318e-03
6057,5.0000000000794868684761418364814744563773e-03
6058,5.0000000005343912118371818564810382667929e-03
6059,4.9999999995998046023459870923488779226318e-03
6060,5.0000000000794868684761418364814744563773e-03
6061,5.0000000005343912118371818564810382667929e-03
6062,4.9999999995998046023459870923488779226318e-03
6063,5.0000000000794868684761418364814744563773e-03
6064,5.0000000005343912118371818564810382667929e-03
6065,4.9999999995998046023459870923488779226318e-03
6066,5.0000000000794868684761418364814744563773e-03
6067,5.0000000005343912118371818564810382667929e-03
6068,4.9999999995998046023459870923488779226318e-03
6069,5.0000000000794868684761418364814744563773e-03
6070,5.0000000005343912118371818564810382667929e-03
6071,4.9999999995998046023459870923488779226318e-03
6072,5.0000000000794868684761418364814744563773e-03
6073,5.0000000005343912118371818564810382667929e-03
6074,4.9999999995998046023459870923488779226318e-03
6075,5.0000000000794868684761418364814744563773e-03
6076,5.0000000005343912118371818564810382667929e-03
6077,4.9999999995998046023459870923488779226318e-03
6078,5.0000000000794868684761418364814744563773e-03
6079,5.0000000005343912118371818564810382667929e-03
6080,4.9999999995998046023459870923488779226318e-03
6081,4.9999999995998046023459870923488779226318e-03
6082,5.0000000000794868684761418364814744563773e-03
6083,5.0000000005343912118371818564810382667929e-03
6084,4.9999999995998046023459870923488779226318e-03
6085,5.0000000000794868684761418364814744563773e-03
6086,5.0000000005343912118371818564810382667929e-03
6087,4.9999999995998046023459870923488779226318e-03
6088,5.0000000000794868684761418364814744563773e-03
6089,5.0000000005343912118371818564810382667929e-03
6090,4.9999999995998046023459870923488779226318e-03
6091,5.0000000000794868684761418364814744563773e-03
6092,5.0000000005343912118371818564810382667929e-03
6093,4.9999999995998046023459870923488779226318e-03
6094,5.0000000000794868684761418364814744563773e-03
6095,5.0000000005343912118371818564810382667929e-03
6096,4.9999999995998046023459870923488779226318e-03
6097,5.0000000000794868684761418364814744563773e-03
6098,5.0000000005343912118371818564810382667929e-03
6099,4.9999999995998046023459870923488779226318e-03
6100,5.0000000000794868684761418364814744563773e-03
6101,5.0000000005343912118371818564810382667929e-03
6102,4.9999999995998046023459870923488779226318e-03
6103,5.0000000000794868684761418364814744563773e-03
6104,5.0000000005343912118371818564810382667929e-03
6105,4.9999999995998046023459870923488779226318e-03
6106,4.9999999995998046023459870923488779226318e-03
6107,5.0000000000794868684761418364814744563773e-03
6108,5.0000000005343912118371818564810382667929e-03
6109,4.9999999995998046023459870923488779226318e-03
6110,5.0000000000794868684761418364814744563773e-03
6111,5.0000000005343912118371818564810382667929e-03
6112,4.9999999995998046023459870923488779226318e-03
6113,5.0000000000794868684761418364814744563773e-03
6114,5.0000000005343912118371818564810382667929e-03
6115,4.9999999995998046023459870923488779226318e-03
6116,5.0000000000794868684761418364814744563773e-03
6117,5.0000000005343912118371818564810382667929e-03
6118,4.9999999995998046023459870923488779226318e-03
6119,5.0000000000794868684761418364814744563773e-03
6120,5.0000000005343912118371818564810382667929e-03
6121,4.9999999995998046023459870923488779226318e-03
6122,5.0000000000794868684761418364814744563773e-03
6123,5.0000000005343912118371818564810382667929e-03
6124,4.9999999995998046023459870923488779226318e-03
6125,5.0000000000794868684761418364814744563773e-03
6126,5.0000000005343912118371818564810382667929e-03
6127,4.9999999995998046023459870923488779226318e-03
6128,5.0000000000794868684761418364814744563773e-03
6129,5.0000000005343912118371818564810382667929e-03
6130,4.9999999995998046023459870923488779226318e-03
6131,5.0000000000794868684761418364814744563773e-03
6132,5.0000000005343912118371818564810382667929e-03
6133,4.9999999995998046023459870923488779226318e-03
6134,4.9999999995998046023459870923488779226318e-03
6135,5.0000000000794868684761418364814744563773e-03
6136,5.0000000005343912118371818564810382667929e-03
6137,4.9999999995998046023459870923488779226318e-03
6138,5.0000000000794868684761418364814744563773e-03
6139,5.0000000005343912118371818564810382667929e-03
6140,4.9999999995998046023459870923488779226318e-03
6141,5.0000000000794868684761418364814744563773e-03
6142,5.0000000005343912118371818564810382667929e-03
6143,4.9999999995998046023459870923488779226318e-03
6144,5.0000000000794868684761418364814744563773e-03
6145,5.0000000005343912118371818564810382667929e-03
6146,4.9999999995998046023459870923488779226318e-03
6147,5.0000000000794868684761418364814744563773e-03
6148,5.0000000005343912118371818564810382667929e-03
6149,4.9999999995998046023459870923488779226318e-03
6150,5.0000000000794868684761418364814744563773e-03
6151,5.0000000005343912118371818564810382667929e-03
6152,4.9999999995998046023459870923488779226318e-03
6153,4.9999999995998046023459870923488779226318e-03
6154,4.9999999995998046023459870923488779226318e-03
6155,5.0000000004206566692199764645465620560572e-03
6156,5.0000000008504326756697544453800219343975e-03
6157,4.9999999995998046023459870923488779226318e-03
6158,4.9999999995998046023459870923488779226318e-03
6159,4.9999999995998046023459870923488779226318e-03
6160,4.9999999995998046023459870923488779226318e-03
6161,5.0000000004206566692199764645465620560572e-03
6162,5.0000000008504326756697544453800219343975e-03
6163,4.9999999995998046023459870923488779226318e-03
6164,4.9999999995998046023459870923488779226318e-03
6165,4.9999999995998046023459870923488779226318e-03
6166,4.9999999995998046023459870923488779226318e-03
6167,5.0000000004206566692199764645465620560572e-03
6168,5.0000000008504326756697544453800219343975e-03
6169,4.9999999995998046023459870923488779226318e-03
6170,4.9999999995998046023459870923488779226318e-03
6171,4.9999999995998046023459870923488779226318e-03
6172,4.9999999995998046023459870923488779226318e-03
6173,4.9999999995998046023459870923488779226318e-03
6174,5.0000000004206566692199764645465620560572e-03
6175,5.0000000008504326756697544453800219343975e-03
6176,4.9999999995998046023459870923488779226318e-03
6177,4.9999999995998046023459870923488779226318e-03
6178,4.9999999995998046023459870923488779226318e-03
6179,4.9999999995998046023459870923488779226318e-03
6180,5.0000000004206566692199764645465620560572e-03
6181,5.0000000008504326756697544453800219343975e-03
6182,4.9999999995998046023459870923488779226318e-03
6183,4.9999999995998046023459870923488779226318e-03
6184,4.9999999995998046023459870923488779226318e-03
6185,4.9999999995998046023459870923488779226318e-03
6186,5.0000000004206566692199764645465620560572e-03
6187,5.0000000008504326756697544453800219343975e-03
6188,4.9999999995998046023459870923488779226318e-03
6189,4.9999999995998046023459870923488779226318e-03
6190,4.9999999995998046023459870923488779226318e-03
6191,4.9999999995998046023459870923488779226318e-03
6192,5.0000000004206566692199764645465620560572e-03
6193,5.0000000008504326756697544453800219343975e-03
6194,4.9999999995998046023459870923488779226318e-03
6195,4.9999999995998046023459870923488779226318e-03
6196,4.9999999995998046023459870923488779226318e-03
6197,4.9999999995998046023459870923488779226318e-03
6198,4.9999999995998046023459870923488779226318e-03
6199,5.0000000004206566692199764645465620560572e-03
6200,5.0000000008504326756697544453800219343975e-03
6201,4.9999999995998046023459870923488779226318e-03
6202,4.9999999995998046023459870923488779226318e-03
6203,4.9999999995998046023459870923488779226318e-03
6204,4.9999999995998046023459870923488779226318e-03
6205,5.0000000004206566692199764645465620560572e-03
6206,5.0000000008504326756697544453800219343975e-03
6207,4.9999999995998046023459870923488779226318e-03
6208,4.9999999995998046023459870923488779226318e-03
6209,4.9999999995998046023459870923488779226318e-03
6210,4.9999999995998046023459870923488779226318e-03
6211,5.0000000004206566692199764645465620560572e-03
6212,5.0000000008504326756697544453800219343975e-03
6213,4.9999999995998046023459870923488779226318e-03
6214,4.9999999995998046023459870923488779226318e-03
6215,4.9999999995998046023459870923488779226318e-03
6216,4.9999999995998046023459870923488779226318e-03
6217,5.0000000004206566692199764645465620560572e-03
6218,5.0000000008504326756697544453800219343975e-03
6219,4.9999999995998046023459870923488779226318e-03
6220,4.9999999995998046023459870923488779226318e-03
6221,4.9999999995998046023459870923488779226318e-03
6222,4.9999999995998046023459870923488779226318e-03
6223,4.9999999995998046023459870923488779226318e-03
6224,5.0000000004206566692199764645465620560572e-03
6225,5.0000000008504326756697544453800219343975e-03
6226,4.9999999995998046023459870923488779226318e-03
6227,4.9999999995998046023459870923488779226318e-03
6228,4.9999999995998046023459870923488779226318e-03
6229,4.9999999995998046023459870923488779226318e-03
6230,5.0000000004206566692199764645465620560572e-03
6231,5.0000000008504326756697544453800219343975e-03
6232,4.9999999995998046023459870923488779226318e-03
6233,4.9999999995998046023459870923488779226318e-03
6234,4.9999999995998046023459870923488779226318e-03
6235,4.9999999995998046023459870923488779226318e-03
6236,5.0000000004206566692199764645465620560572e-03
6237,5.0000000008504326756697544453800219343975e-03
6238,4.9999999995998046023459870923488779226318e-03
6239,4.9999999995998046023459870923488779226318e-03
6240,4.9999999995998046023459870923488779226318e-03
6241,4.9999999995998046023459870923488779226318e-03
6242,5.0000000004206566692199764645465620560572e-03
6243,5.0000000008504326756697544453800219343975e-03
6244,4.9999999995998046023459870923488779226318e-03
6245,4.9999999995998046023459870923488779226318e-03
6246,4.9999999995998046023459870923488779226318e-03
6247,4.9999999995998046023459870923488779226318e-03
6248,4.9999999995998046023459870923488779226318e-03
6249,5.0000000004206566692199764645465620560572e-03
6250,5.0000000008504326756697544453800219343975e-03
6251,4.9999999995998046023459870923488779226318e-03
6252,4.9999999995998046023459870923488779226318e-03
6253,4.9999999995998046023459870923488779226318e-03
6254,4.9999999995998046023459870923488779226318e-03
6255,5.0000000004206566692199764645465620560572e-03
6256,5.0000000008504326756697544453800219343975e-03
6257,4.9999999995998046023459870923488779226318e-03
6258,4.9999999995998046023459870923488779226318e-03
6259,4.9999999995998046023459870923488779226318e-03
6260,4.9999999995998046023459870923488779226318e-03
6261,5.0000000004206566692199764645465620560572e-03
6262,5.0000000008504326756697544453800219343975e-03
6263,4.9999999995998046023459870923488779226318e-03
6264,4.9999999995998046023459870923488779226318e-03
6265,4.9999999995998046023459870923488779226318e-03
6266,4.9999999995998046023459870923488779226318e-03
6267,5.0000000004206566692199764645465620560572e-03
6268,5.0000000008504326756697544453800219343975e-03
6269,3.2900037993896820154304805328138172626495e+00
6270,3.2900037993900097532673498790245503187180e+00
6271,4.9999999998834917386281162521299847867340e-03
6272,4.9999999998834509726264307971632661065087e-03
6273,4.9999999999972288833305356092751026153564e-03
6274,4.9999999998834917386281162521299847867340e-03
6275,4.9999999998834509726264307971632661065087e-03
6276,4.9999999999972288833305356092751026153564e-03
6277,4.9999999998834917386281162521299847867340e-03
6278,4.9999999998834509726264307971632661065087e-03
6279,4.9999999999972288833305356092751026153564e-03
6280,4.9999999998834917386281162521299847867340e-03
6281,4.9999999998834509726264307971632661065087e-03
6282,4.9999999999972288833305356092751026153564e-03
6283,4.9999999999972288833305356092751026153564e-03
6284,4.9999999998834917386281162521299847867340e-03
6285,4.9999999998834509726264307971632661065087e-03
6286,4.9999999998834917386281162521299847867340e-03
6287,4.9999999998834509726264307971632661065087e-03
6288,4.9999999999972288833305356092751026153564e-03
6289,4.9999999999972288833305356092751026153564e-03
6290,4.9999999998834917386281162521299847867340e-03
6291,4.9999999998834509726264307971632661065087e-03
6292,4.9999999999972288833305356092751026153564e-03
6293,4.9999999998834917386281162521299847867340e-03
6294,4.9999999998834509726264307971632661065087e-03
6295,4.9999999999972288833305356092751026153564e-03
6296,4.9999999998834917386281162521299847867340e-03
6297,4.9999999998834509726264307971632661065087e-03
6298,4.9999999999972288833305356092751026153564e-03
6299,4.9999999998834917386281162521299847867340e-03
6300,4.9999999998834509726264307971632661065087e-03
6301,4.9999999999972288833305356092751026153564e-03
6302,4.9999999999972288833305356092751026153564e-03
6303,4.9999999998834917386281162521299847867340e-03
6304,4.9999999998834509726264307971632661065087e-03
6305,4.9999999998834917386281162521299847867340e-03
6306,4.9999999998834509726264307971632661065087e-03
6307,4.9999999999972288833305356092751026153564e-03
6308,4.9999999999972288833305356092751026153564e-03
6309,4.9999999998834917386281162521299847867340e-03
6310,4.9999999998834509726264307971632661065087e-03
6311,4.9999999998834917386281162521299847867340e-03
6312,4.9999999998834509726264307971632661065087e-03
6313,4.9999999999972288833305356092751026153564e-03
6314,4.9999999999972288833305356092751026153564e-03
6315,4.9999999998834917386281162521299847867340e-03
6316,4.9999999998834509726264307971632661065087e-03
6317,4.9999999998834917386281162521299847867340e-03
6318,4.9999999998834509726264307971632661065087e-03
6319,4.9999999999972288833305356092751026153564e-03
6320,4.9999999999972288833305356092751026153564e-03
6321,4.9999999998834917386281162521299847867340e-03
6322,4.9999999998834509726264307971632661065087e-03
6323,4.9999999998834917386281162521299847867340e-03
6324,4.9999999998834509726264307971632661065087e-03
6325,4.9999999999972288833305356092751026153564e-03
6326,4.9999999999972288833305356092751026153564e-03
6327,4.9999999999972288833305356092751026153564e-03
6328,4.9999999998834917386281162521299847867340e-03
6329,4.9999999998834509726264307971632661065087e-03
6330,4.9999999994785005938413569026579352794215e-03
6331,4.9999999994395256941448479892642353661358e-03
6332,4.9999999999333329461781438851630809949711e-03
6333,4.9999999994785005938413569026579352794215e-03
6334,4.9999999994395256941448479892642353661358e-03
6335,4.9999999999333329461781438851630809949711e-03
6336,4.9999999994785005938413569026579352794215e-03
6337,4.9999999994395256941448479892642353661358e-03
6338,4.9999999999333329461781438851630809949711e-03
6339,4.9999999994785005938413569026579352794215e-03
6340,4.9999999999333329461781438851630809949711e-03
6341,4.9999999994785005938413569026579352794215e-03
6342,4.9999999994395256941448479892642353661358e-03
6343,4.9999999999333329461781438851630809949711e-03
6344,4.9999999994785005938413569026579352794215e-03
6345,4.9999999994395256941448479892642353661358e-03
6346,4.9999999999333329461781438851630809949711e-03
6347,4.9999999994785005938413569026579352794215e-03
6348,4.9999999994395256941448479892642353661358e-03
6349,4.9999999999333329461781438851630809949711e-03
6350,4.9999999994785005938413569026579352794215e-03
6351,4.9999999994395256941448479892642353661358e-03
6352,4.9999999999333329461781438851630809949711e-03
6353,4.9999999994785005938413569026579352794215e-03
6354,4.9999999999333329461781438851630809949711e-03
6355,4.9999999994785005938413569026579352794215e-03
6356,4.9999999994395256941448479892642353661358e-03
6357,4.9999999999333329461781438851630809949711e-03
6358,4.9999999994785005938413569026579352794215e-03
6359,4.9999999994395256941448479892642353661358e-03
6360,4.9999999999333329461781438851630809949711e-03
6361,4.9999999994785005938413569026579352794215e-03
6362,4.9999999994395256941448479892642353661358e-03
6363,4.9999999999333329461781438851630809949711e-03
6364,4.9999999994785005938413569026579352794215e-03
6365,4.9999999994395256941448479892642353661358e-03
6366,4.9999999999333329461781438851630809949711e-03
6367,4.9999999994785005938413569026579352794215e-03
6368,4.9999999999333329461781438851630809949711e-03
6369,4.9999999994785005938413569026579352794215e-03
6370,4.9999999994395256941448479892642353661358e-03
6371,4.9999999999333329461781438851630809949711e-03
6372,4.9999999994785005938413569026579352794215e-03
6373,4.9999999994395256941448479892642353661358e-03
6374,4.9999999999333329461781438851630809949711e-03
6375,4.9999999994785005938413569026579352794215e-03
6376,4.9999999999333329461781438851630809949711e-03
6377,4.9999999998834917386281162521299847867340e-03
6378,4.9999999998834509726264307971632661065087e-03
6379,4.9999999999972288833305356092751026153564e-03
6380,4.9999999998834917386281162521299847867340e-03
6381,4.9999999998834509726264307971632661065087e-03
6382,4.9999999999972288833305356092751026153564e-03
6383,4.9999999998834917386281162521299847867340e-03
6384,4.9999999998834509726264307971632661065087e-03
6385,4.9999999999972288833305356092751026153564e-03
6386,4.9999999999972288833305356092751026153564e-03
6387,4.9999999998834917386281162521299847867340e-03
6388,4.9999999998834509726264307971632661065087e-03
6389,4.9999999999972288833305356092751026153564e-03
6390,4.9999999998834917386281162521299847867340e-03
6391,4.9999999998834509726264307971632661065087e-03
6392,4.9999999999972288833305356092751026153564e-03
6393,4.9999999998834917386281162521299847867340e-03
6394,4.9999999998834509726264307971632661065087e-03
6395,4.9999999999972288833305356092751026153564e-03
6396,4.9999999998834917386281162521299847867340e-03
6397,4.9999999998834509726264307971632661065087e-03
6398,4.9999999999972288833305356092751026153564e-03
6399,4.9999999998834917386281162521299847867340e-03
6400,4.9999999998834509726264307971632661065087e-03
6401,4.9999999999972288833305356092751026153564e-03
6402,4.9999999998834917386281162521299847867340e-03
6403,4.9999999998834509726264307971632661065087e-03
6404,4.9999999999972288833305356092751026153564e-03
6405,4.9999999998834917386281162521299847867340e-03
6406,4.9999999998834509726264307971632661065087e-03
6407,4.9999999999972288833305356092751026153564e-03
6408,4.9999999998834917386281162521299847867340e-03
6409,4.9999999998834509726264307971632661065087e-03
6410,4.9999999999972288833305356092751026153564e-03
6411,4.9999999999972288833305356092751026153564e-03
6412,4.9999999998834917386281162521299847867340e-03
6413,4.9999999998834509726264307971632661065087e-03
6414,4.9999999999972288833305356092751026153564e-03
6415,4.9999999998834917386281162521299847867340e-03
6416,4.9999999998834509726264307971632661065087e-03
6417,4.9999999999972288833305356092751026153564e-03
6418,4.9999999998834917386281162521299847867340e-03
6419,4.9999999998834509726264307971632661065087e-03
6420,4.9999999999972288833305356092751026153564e-03
6421,4.9999999998834917386281162521299847867340e-03
6422,4.9999999998834509726264307971632661065087e-03
6423,4.9999999999972288833305356092751026153564e-03
6424,4.9999999998834917386281162521299847867340e-03
6425,4.9999999998834509726264307971632661065087e-03
6426,4.9999999999972288833305356092751026153564e-03
6427,4.9999999998834917386281162521299847867340e-03
6428,4.9999999998834509726264307971632661065087e-03
6429,4.9999999999972288833305356092751026153564e-03
6430,4.9999999998834917386281162521299847867340e-03
6431,4.9999999998834509726264307971632661065087e-03
6432,4.9999999999972288833305356092751026153564e-03
6433,4.9999999998834917386281162521299847867340e-03
6434,4.9999999998834509726264307971632661065087e-03
6435,4.9999999999972288833305356092751026153564e-03
6436,4.9999999999972288833305356092751026153564e-03
6437,4.9999999998834917386281162521299847867340e-03
6438,4.9999999998834509726264307971632661065087e-03
6439,4.9999999999972288833305356092751026153564e-03
6440,4.9999999998834917386281162521299847867340e-03
6441,4.9999999998834509726264307971632661065087e-03
6442,4.9999999999972288833305356092751026153564e-03
6443,4.9999999998834917386281162521299847867340e-03
6444,4.9999999998834509726264307971632661065087e-03
6445,4.9999999999972288833305356092751026153564e-03
6446,4.9999999998834917386281162521299847867340e-03
6447,4.9999999998834509726264307971632661065087e-03
6448,4.9999999999972288833305356092751026153564e-03
6449,4.9999999998834917386281162521299847867340e-03
6450,4.9999999998834509726264307971632661065087e-03
6451,4.9999999999972288833305356092751026153564e-03
6452,4.9999999998834917386281162521299847867340e-03
6453,4.9999999998834509726264307971632661065087e-03
6454,4.9999999999972288833305356092751026153564e-03
6455,4.9999999998834917386281162521299847867340e-03
6456,4.9999999998834509726264307971632661065087e-03
6457,4.9999999999972288833305356092751026153564e-03
6458,4.9999999998834917386281162521299847867340e-03
6459,4.9999999998834509726264307971632661065087e-03
6460,4.9999999999972288833305356092751026153564e-03
6461,4.9999999998834917386281162521299847867340e-03
6462,4.9999999998834509726264307971632661065087e-03
6463,4.9999999999972288833305356092751026153564e-03
6464,4.9999999999972288833305356092751026153564e-03
6465,4.9999999998834917386281162521299847867340e-03
6466,4.9999999998834509726264307971632661065087e-03
6467,4.9999999999972288833305356092751026153564e-03
6468,4.9999999998834917386281162521299847867340e-03
6469,4.9999999998834509726264307971632661065087e-03
6470,4.9999999999972288833305356092751026153564e-03
6471,4.9999999998834917386281162521299847867340e-03
6472,4.9999999998834509726264307971632661065087e-03
6473,4.9999999999972288833305356092751026153564e-03
6474,4.9999999998834917386281162521299847867340e-03
6475,4.9999999998834509726264307971632661065087e-03
6476,4.9999999999972288833305356092751026153564e-03
6477,4.9999999998834917386281162521299847867340e-03
6478,4.9999999998834509726264307971632661065087e-03
6479,4.9999999999972288833305356092751026153564e-03
6480,4.9999999998834917386281162521299847867340e-03
6481,4.9999999998834509726264307971632661065087e-03
6482,4.9999999999972288833305356092751026153564e-03
6483,4.9999999999972288833305356092751026153564e-03
6484,4.9999999999972288833305356092751026153564e-03
6485,4.9999999998517723198698803344086627475917e-03
6486,4.9999999998196348327539340061775874346495e-03
6487,4.9999999999972288833305356092751026153564e-03
6488,4.9999999999972288833305356092751026153564e-03
6489,4.9999999999972288833305356092751026153564e-03
6490,4.9999999999972288833305356092751026153564e-03
6491,4.9999999998517723198698803344086627475917e-03
6492,4.9999999998196348327539340061775874346495e-03
6493,4.9999999999972288833305356092751026153564e-03
6494,4.9999999999972288833305356092751026153564e-03
6495,4.9999999999972288833305356092751026153564e-03
6496,4.9999999999972288833305356092751026153564e-03
6497,4.9999999998517723198698803344086627475917e-03
6498,4.9999999998196348327539340061775874346495e-03
6499,4.9999999999972288833305356092751026153564e-03
6500,4.9999999999972288833305356092751026153564e-03
6501,4.9999999999972288833305356092751026153564e-03
6502,4.9999999999972288833305356092751026153564e-03
6503,4.9999999999972288833305356092751026153564e-03
6504,4.9999999998517723198698803344086627475917e-03
6505,4.9999999998196348327539340061775874346495e-03
6506,4.9999999999972288833305356092751026153564e-03
6507,4.9999999999972288833305356092751026153564e-03
6508,4.9999999999972288833305356092751026153564e-03
6509,4.9999999999972288833305356092751026153564e-03
6510,4.9999999998517723198698803344086627475917e-03
6511,4.9999999998196348327539340061775874346495e-03
6512,4.9999999999972288833305356092751026153564e-03
6513,4.9999999999972288833305356092751026153564e-03
6514,4.9999999999972288833305356092751026153564e-03
6515,4.9999999999972288833305356092751026153564e-03
6516,4.9999999998517723198698803344086627475917e-03
6517,4.9999999998196348327539340061775874346495e-03
6518,4.9999999999972288833305356092751026153564e-03
6519,4.9999999999972288833305356092751026153564e-03
6520,4.9999999999972288833305356092751026153564e-03
6521,4.9999999999972288833305356092751026153564e-03
6522,4.9999999998517723198698803344086627475917e-03
6523,4.9999999998196348327539340061775874346495e-03
6524,4.9999999999972288833305356092751026153564e-03
6525,4.9999999999972288833305356092751026153564e-03
6526,4.9999999999972288833305356092751026153564e-03
6527,4.9999999999972288833305356092751026153564e-03
6528,4.9999999999972288833305356092751026153564e-03
6529,4.9999999998517723198698803344086627475917e-03
6530,4.9999999998196348327539340061775874346495e-03
6531,4.9999999999972288833305356092751026153564e-03
6532,4.9999999999972288833305356092751026153564e-03
6533,4.9999999999972288833305356092751026153564e-03
6534,4.9999999999972288833305356092751026153564e-03
6535,4.9999999998517723198698803344086627475917e-03
6536,4.9999999998196348327539340061775874346495e-03
6537,4.9999999999972288833305356092751026153564e-03
6538,4.9999999999972288833305356092751026153564e-03
6539,4.9999999999972288833305356092751026153564e-03
6540,4.9999999999972288833305356092751026153564e-03
6541,4.9999999998517723198698803344086627475917e-03
6542,4.9999999998196348327539340061775874346495e-03
6543,4.9999999999972288833305356092751026153564e-03
6544,4.9999999999972288833305356092751026153564e-03
6545,4.9999999999972288833305356092751026153564e-03
6546,4.9999999999972288833305356092751026153564e-03
6547,4.9999999998517723198698803344086627475917e-03
6548,4.9999999998196348327539340061775874346495e-03
6549,4.9999999999972288833305356092751026153564e-03
6550,4.9999999999972288833305356092751026153564e-03
6551,4.9999999999972288833305356092751026153564e-03
6552,4.9999999999972288833305356092751026153564e-03
6553,4.9999999999972288833305356092751026153564e-03
6554,4.9999999998517723198698803344086627475917e-03
6555,4.9999999998196348327539340061775874346495e-03
6556,4.9999999999972288833305356092751026153564e-03
6557,4.9999999999972288833305356092751026153564e-03
6558,4.9999999999972288833305356092751026153564e-03
6559,4.9999999999972288833305356092751026153564e-03
6560,4.9999999998517723198698803344086627475917e-03
6561,4.9999999998196348327539340061775874346495e-03
6562,4.9999999999972288833305356092751026153564e-03
6563,4.9999999999972288833305356092751026153564e-03
6564,4.9999999999972288833305356092751026153564e-03
6565,4.9999999999972288833305356092751026153564e-03
6566,4.9999999998517723198698803344086627475917e-03
6567,4.9999999998196348327539340061775874346495e-03
6568,4.9999999999972288833305356092751026153564e-03
6569,4.9999999999972288833305356092751026153564e-03
6570,4.9999999999972288833305356092751026153564e-03
6571,4.9999999999972288833305356092751026153564e-03
6572,4.9999999998517723198698803344086627475917e-03
6573,4.9999999998196348327539340061775874346495e-03
6574,4.9999999999972288833305356092751026153564e-03
6575,4.9999999999972288833305356092751026153564e-03
6576,4.9999999999972288833305356092751026153564e-03
6577,4.9999999999972288833305356092751026153564e-03
6578,4.9999999999972288833305356092751026153564e-03
6579,4.9999999998517723198698803344086627475917e-03
6580,4.9999999998196348327539340061775874346495e-03
6581,4.9999999999972288833305356092751026153564e-03
6582,4.9999999999972288833305356092751026153564e-03
6583,4.9999999999972288833305356092751026153564e-03
6584,4.9999999999972288833305356092751026153564e-03
6585,4.9999999998517723198698803344086627475917e-03
6586,4.9999999998196348327539340061775874346495e-03
6587,4.9999999999972288833305356092751026153564e-03
6588,4.9999999999972288833305356092751026153564e-03
6589,4.9999999999972288833305356092751026153564e-03
6590,4.9999999999972288833305356092751026153564e-03
6591,4.9999999998517723198698803344086627475917e-03
6592,4.9999999998196348327539340061775874346495e-03
6593,4.9999999999972288833305356092751026153564e-03
6594,4.9999999999972288833305356092751026153564e-03
6595,4.9999999999972288833305356092751026153564e-03
6596,4.9999999999972288833305356092751026153564e-03
6597,4.9999999998517723198698803344086627475917e-03
6598,4.9999999998196348327539340061775874346495e-03
6599,3.2900037993900195232299665804021060466766e+00
6600,3.2900037993897672805587717448361217975616e+00
6601,5.0000000001187610079722567490989604266360e-03
6602,4.9999999998664931832870195194118423387408e-03
6603,4.9999999996389668521779015009087743237615e-03
6604,5.0000000001187610079722567490989604266360e-03
6605,4.9999999998664931832870195194118423387408e-03
6606,4.9999999996389668521779015009087743237615e-03
6607,5.0000000001187610079722567490989604266360e-03
6608,4.9999999998664931832870195194118423387408e-03
6609,4.9999999996389668521779015009087743237615e-03
6610,5.0000000001187610079722567490989604266360e-03
6611,4.9999999998664931832870195194118423387408e-03
6612,4.9999999996389668521779015009087743237615e-03
6613,4.9999999996389668521779015009087743237615e-03
6614,5.0000000001187610079722567490989604266360e-03
6615,4.9999999998664931832870195194118423387408e-03
6616,5.0000000001187610079722567490989604266360e-03
6617,4.9999999998664931832870195194118423387408e-03
6618,4.9999999996389668521779015009087743237615e-03
6619,4.9999999996389668521779015009087743237615e-03
6620,5.0000000001187610079722567490989604266360e-03
6621,4.9999999998664931832870195194118423387408e-03
6622,4.9999999996389668521779015009087743237615e-03
6623,5.0000000001187610079722567490989604266360e-03
6624,4.9999999998664931832870195194118423387408e-03
6625,4.9999999996389668521779015009087743237615e-03
6626,5.0000000001187610079722567490989604266360e-03
6627,4.9999999998664931832870195194118423387408e-03
6628,4.9999999996389668521779015009087743237615e-03
6629,5.0000000001187610079722567490989604266360e-03
6630,4.9999999998664931832870195194118423387408e-03
6631,4.9999999996389668521779015009087743237615e-03
6632,4.9999999996389668521779015009087743237615e-03
6633,5.0000000001187610079722567490989604266360e-03
6634,4.9999999998664931832870195194118423387408e-03
6635,5.0000000001187610079722567490989604266360e-03
6636,4.9999999998664931832870195194118423387408e-03
6637,4.9999999996389668521779015009087743237615e-03
6638,4.9999999996389668521779015009087743237615e-03
6639,5.0000000001187610079722567490989604266360e-03
6640,4.9999999998664931832870195194118423387408e-03
6641,5.0000000001187610079722567490989604266360e-03
6642,4.9999999998664931832870195194118423387408e-03
6643,4.9999999996389668521779015009087743237615e-03
6644,4.9999999996389668521779015009087743237615e-03
6645,5.0000000001187610079722567490989604266360e-03
6646,4.9999999998664931832870195194118423387408e-03
6647,5.0000000001187610079722567490989604266360e-03
6648,4.9999999998664931832870195194118423387408e-03
6649,4.9999999996389668521779015009087743237615e-03
6650,4.9999999996389668521779015009087743237615e-03
6651,5.0000000001187610079722567490989604266360e-03
6652,4.9999999998664931832870195194118423387408e-03
6653,5.0000000001187610079722567490989604266360e-03
6654,4.9999999998664931832870195194118423387408e-03
6655,4.9999999996389668521779015009087743237615e-03
6656,4.9999999996389668521779015009087743237615e-03
6657,4.9999999996389668521779015009087743237615e-03
6658,5.0000000001187610079722567490989604266360e-03
6659,4.9999999998664931832870195194118423387408e-03
6660,5.0000000000936534877427064316179894376546e-03
6661,5.0000000000050203938228854383396537741646e-03
6662,4.9999999999551739821024298748852743301541e-03
6663,5.0000000000936534877427064316179894376546e-03
6664,5.0000000000050203938228854383396537741646e-03
6665,4.9999999999551739821024298748852743301541e-03
6666,5.0000000000936534877427064316179894376546e-03
6667,5.0000000000050203938228854383396537741646e-03
6668,4.9999999999551739821024298748852743301541e-03
6669,5.0000000000936534877427064316179894376546e-03
6670,4.9999999999551739821024298748852743301541e-03
6671,5.0000000000936534877427064316179894376546e-03
6672,5.0000000000050203938228854383396537741646e-03
6673,4.9999999999551739821024298748852743301541e-03
6674,5.0000000000936534877427064316179894376546e-03
6675,5.0000000000050203938228854383396537741646e-03
6676,4.9999999999551739821024298748852743301541e-03
6677,5.0000000000936534877427064316179894376546e-03
6678,5.0000000000050203938228854383396537741646e-03
6679,4.9999999999551739821024298748852743301541e-03
6680,5.0000000000936534877427064316179894376546e-03
6681,5.0000000000050203938228854383396537741646e-03
6682,4.9999999999551739821024298748852743301541e-03
6683,5.0000000000936534877427064316179894376546e-03
6684,4.9999999999551739821024298748852743301541e-03
6685,5.0000000000936534877427064316179894376546e-03
6686,5.0000000000050203938228854383396537741646e-03
6687,4.9999999999551739821024298748852743301541e-03
6688,5.0000000000936534877427064316179894376546e-03
6689,5.0000000000050203938228854383396537741646e-03
6690,4.9999999999551739821024298748852743301541e-03
6691,5.0000000000936534877427064316179894376546e-03
6692,5.0000000000050203938228854383396537741646e-03
6693,4.9999999999551739821024298748852743301541e-03
6694,5.0000000000936534877427064316179894376546e-03
6695,5.0000000000050203938228854383396537741646e-03
6696,4.9999999999551739821024298748852743301541e-03
6697,5.0000000000936534877427064316179894376546e-03
6698,4.9999999999551739821024298748852743301541e-03
6699,5.0000000000936534877427064316179894376546e-03
6700,5.0000000000050203938228854383396537741646e-03
6701,4.9999999999551739821024298748852743301541e-03
6702,5.0000000000936534877427064316179894376546e-03
6703,5.0000000000050203938228854383396537741646e-03
6704,4.9999999999551739821024298748852743301541e-03
6705,5.0000000000936534877427064316179894376546e-03
6706,4.9999999999551739821024298748852743301541e-03
6707,5.0000000001187610079722567490989604266360e-03
6708,4.9999999998664931832870195194118423387408e-03
6709,4.9999999996389668521779015009087743237615e-03
6710,5.0000000001187610079722567490989604266360e-03
6711,4.9999999998664931832870195194118423387408e-03
6712,4.9999999996389668521779015009087743237615e-03
6713,5.0000000001187610079722567490989604266360e-03
6714,4.9999999998664931832870195194118423387408e-03
6715,4.9999999996389668521779015009087743237615e-03
6716,4.9999999996389668521779015009087743237615e-03
6717,5.0000000001187610079722567490989604266360e-03
6718,4.9999999998664931832870195194118423387408e-03
6719,4.9999999996389668521779015009087743237615e-03
6720,5.0000000001187610079722567490989604266360e-03
6721,4.9999999998664931832870195194118423387408e-03
6722,4.9999999996389668521779015009087743237615e-03
6723,5.0000000001187610079722567490989604266360e-03
6724,4.9999999998664931832870195194118423387408e-03
6725,4.9999999996389668521779015009087743237615e-03
6726,5.0000000001187610079722567490989604266360e-03
6727,4.9999999998664931832870195194118423387408e-03
6728,4.9999999996389668521779015009087743237615e-03
6729,5.0000000001187610079722567490989604266360e-03
6730,4.9999999998664931832870195194118423387408e-03
6731,4.9999999996389668521779015009087743237615e-03
6732,5.0000000001187610079722567490989604266360e-03
6733,4.9999999998664931832870195194118423387408e-03
6734,4.9999999996389668521779015009087743237615e-03
6735,5.0000000001187610079722567490989604266360e-03
6736,4.9999999998664931832870195194118423387408e-03
6737,4.9999999996389668521779015009087743237615e-03
6738,5.0000000001187610079722567490989604266360e-03
6739,4.9999999998664931832870195194118423387408e-03
6740,4.9999999996389668521779015009087743237615e-03
6741,4.9999999996389668521779015009087743237615e-03
6742,5.0000000001187610079722567490989604266360e-03
6743,4.9999999998664931832870195194118423387408e-03
6744,4.9999999996389668521779015009087743237615e-03
6745,5.0000000001187610079722567490989604266360e-03
6746,4.9999999998664931832870195194118423387408e-03
6747,4.9999999996389668521779015009087743237615e-03
6748,5.0000000001187610079722567490989604266360e-03
6749,4.9999999998664931832870195194118423387408e-03
6750,4.9999999996389668521779015009087743237615e-03
6751,5.0000000001187610079722567490989604266360e-03
6752,4.9999999998664931832870195194118423387408e-03
6753,4.9999999996389668521779015009087743237615e-03
6754,5.0000000001187610079722567490989604266360e-03
6755,4.9999999998664931832870195194118423387408e-03
6756,4.9999999996389668521779015009087743237615e-03
6757,5.0000000001187610079722567490989604266360e-03
6758,4.9999999998664931832870195194118423387408e-03
6759,4.9999999996389668521779015009087743237615e-03
6760,5.0000000001187610079722567490989604266360e-03
6761,4.9999999998664931832870195194118423387408e-03
6762,4.9999999996389668521779015009087743237615e-03
6763,5.0000000001187610079722567490989604266360e-03
6764,4.9999999998664931832870195194118423387408e-03
6765,4.9999999996389668521779015009087743237615e-03
6766,4.9999999996389668521779015009087743237615e-03
6767,5.0000000001187610079722567490989604266360e-03
6768,4.9999999998664931832870195194118423387408e-03
6769,4.9999999996389668521779015009087743237615e-03
6770,5.0000000001187610079722567490989604266360e-03
6771,4.9999999998664931832870195194118423387408e-03
6772,4.9999999996389668521779015009087743237615e-03
6773,5.0000000001187610079722567490989604266360e-03
6774,4.9999999998664931832870195194118423387408e-03
6775,4.9999999996389668521779015009087743237615e-03
6776,5.0000000001187610079722567490989604266360e-03
6777,4.9999999998664931832870195194118423387408e-03
6778,4.9999999996389668521779015009087743237615e-03
6779,5.0000000001187610079722567490989604266360e-03
6780,4.9999999998664931832870195194118423387408e-03
6781,4.9999999996389668521779015009087743237615e-03
6782,5.0000000001187610079722567490989604266360e-03
6783,4.9999999998664931832870195194118423387408e-03
6784,4.9999999996389668521779015009087743237615e-03
6785,5.0000000001187610079722567490989604266360e-03
6786,4.9999999998664931832870195194118423387408e-03
6787,4.9999999996389668521779015009087743237615e-03
6788,5.0000000001187610079722567490989604266360e-03
6789,4.9999999998664931832870195194118423387408e-03
6790,4.9999999996389668521779015009087743237615e-03
6791,5.0000000001187610079722567490989604266360e-03
6792,4.9999999998664931832870195194118423387408e-03
6793,4.9999999996389668521779015009087743237615e-03
6794,4.9999999996389668521779015009087743237615e-03
6795,5.0000000001187610079722567490989604266360e-03
6796,4.9999999998664931832870195194118423387408e-03
6797,4.9999999996389668521779015009087743237615e-03
6798,5.0000000001187610079722567490989604266360e-03
6799,4.9999999998664931832870195194118423387408e-03
6800,4.9999999996389668521779015009087743237615e-03
6801,5.0000000001187610079722567490989604266360e-03
6802,4.9999999998664931832870195194118423387408e-03
6803,4.9999999996389668521779015009087743237615e-03
6804,5.0000000001187610079722567490989604266360e-03
6805,4.9999999998664931832870195194118423387408e-03
6806,4.9999999996389668521779015009087743237615e-03
6807,5.0000000001187610079722567490989604266360e-03
6808,4.9999999998664931832870195194118423387408e-03
6809,4.9999999996389668521779015009087743237615e-03
6810,5.0000000001187610079722567490989604266360e-03
6811,4.9999999998664931832870195194118423387408e-03
6812,4.9999999996389668521779015009087743237615e-03
6813,4.9999999996389668521779015009087743237615e-03
6814,4.9999999996389668521779015009087743237615e-03
6815,4.9999999996463567741855626991309691220522e-03
6816,5.0000000001825641374186837140314310090616e-03
6817,4.9999999996389668521779015009087743237615e-03
6818,4.9999999996389668521779015009087743237615e-03
6819,4.9999999996389668521779015009087743237615e-03
6820,4.9999999996389668521779015009087743237615e-03
6821,4.9999999996463567741855626991309691220522e-03
6822,5.0000000001825641374186837140314310090616e-03
6823,4.9999999996389668521779015009087743237615e-03
6824,4.9999999996389668521779015009087743237615e-03
6825,4.9999999996389668521779015009087743237615e-03
6826,4.9999999996389668521779015009087743237615e-03
6827,4.9999999996463567741855626991309691220522e-03
6828,5.0000000001825641374186837140314310090616e-03
6829,4.9999999996389668521779015009087743237615e-03
6830,4.9999999996389668521779015009087743237615e-03
6831,4.9999999996389668521779015009087743237615e-03
6832,4.9999999996389668521779015009087743237615e-03
6833,4.9999999996389668521779015009087743237615e-03
6834,4.9999999996463567741855626991309691220522e-03
6835,5.0000000001825641374186837140314310090616e-03
6836,4.9999999996389668521779015009087743237615e-03
6837,4.9999999996389668521779015009087743237615e-03
6838,4.9999999996389668521779015009087743237615e-03
6839,4.9999999996389668521779015009087743237615e-03
6840,4.9999999996463567741855626991309691220522e-03
6841,5.0000000001825641374186837140314310090616e-03
6842,4.9999999996389668521779015009087743237615e-03
6843,4.9999999996389668521779015009087743237615e-03
6844,4.9999999996389668521779015009087743237615e-03
6845,4.9999999996389668521779015009087743237615e-03
6846,4.9999999996463567741855626991309691220522e-03
6847,5.0000000001825641374186837140314310090616e-03
6848,4.9999999996389668521779015009087743237615e-03
6849,4.9999999996389668521779015009087743237615e-03
6850,4.9999999996389668521779015009087743237615e-03
6851,4.9999999996389668521779015009087743237615e-03
6852,4.9999999996463567741855626991309691220522e-03
6853,5.0000000001825641374186837140314310090616e-03
6854,4.9999999996389668521779015009087743237615e-03
6855,4.9999999996389668521779015009087743237615e-03
6856,4.9999999996389668521779015009087743237615e-03
6857,4.9999999996389668521779015009087743237615e-03
6858,4.9999999996389668521779015009087743237615e-03
6859,4.9999999996463567741855626991309691220522e-03
6860,5.0000000001825641374186837140314310090616e-03
6861,4.9999999996389668521779015009087743237615e-03
6862,4.9999999996389668521779015009087743237615e-03
6863,4.9999999996389668521779015009087743237615e-03
6864,4.9999999996389668521779015009087743237615e-03
6865,4.9999999996463567741855626991309691220522e-03
6866,5.0000000001825641374186837140314310090616e-03
6867,4.9999999996389668521779015009087743237615e-03
6868,4.9999999996389668521779015009087743237615e-03
6869,4.9999999996389668521779015009087743237615e-03
6870,4.9999999996389668521779015009087743237615e-03
6871,4.9999999996463567741855626991309691220522e-03
6872,5.0000000001825641374186837140314310090616e-03
6873,4.9999999996389668521779015009087743237615e-03
6874,4.9999999996389668521779015009087743237615e-03
6875,4.9999999996389668521779015009087743237615e-03
6876,4.9999999996389668521779015009087743237615e-03
6877,4.9999999996463567741855626991309691220522e-03
6878,5.0000000001825641374186837140314310090616e-03
6879,4.9999999996389668521779015009087743237615e-03
6880,4.9999999996389668521779015009087743237615e-03
6881,4.9999999996389668521779015009087743237615e-03
6882,4.9999999996389668521779015009087743237615e-03
6883,4.9999999996389668521779015009087743237615e-03
6884,4.9999999996463567741855626991309691220522e-03
6885,5.0000000001825641374186837140314310090616e-03
6886,4.9999999996389668521779015009087743237615e-03
6887,4.9999999996389668521779015009087743237615e-03
6888,4.9999999996389668521779015009087743237615e-03
6889,4.9999999996389668521779015009087743237615e-03
6890,4.9999999996463567741855626991309691220522e-03
6891,5.0000000001825641374186837140314310090616e-03
6892,4.9999999996389668521779015009087743237615e-03
6893,4.9999999996389668521779015009087743237615e-03
6894,4.9999999996389668521779015009087743237615e-03
6895,4.9999999996389668521779015009087743237615e-03
6896,4.9999999996463567741855626991309691220522e-03
6897,5.0000000001825641374186837140314310090616e-03
6898,4.9999999996389668521779015009087743237615e-03
6899,4.9999999996389668521779015009087743237615e-03
6900,4.9999999996389668521779015009087743237615e-03
6901,4.9999999996389668521779015009087743237615e-03
6902,4.9999999996463567741855626991309691220522e-03
6903,5.0000000001825641374186837140314310090616e-03
6904,4.9999999996389668521779015009087743237615e-03
6905,4.9999999996389668521779015009087743237615e-03
6906,4.9999999996389668521779015009087743237615e-03
6907,4.9999999996389668521779015009087743237615e-03
6908,4.9999999996389668521779015009087743237615e-03
6909,4.9999999996463567741855626991309691220522e-03
6910,5.0000000001825641374186837140314310090616e-03
6911,4.9999999996389668521779015009087743237615e-03
6912,4.9999999996389668521779015009087743237615e-03
6913,4.9999999996389668521779015009087743237615e-03
6914,4.9999999996389668521779015009087743237615e-03
6915,4.9999999996463567741855626991309691220522e-03
6916,5.0000000001825641374186837140314310090616e-03
6917,4.9999999996389668521779015009087743237615e-03
6918,4.9999999996389668521779015009087743237615e-03
6919,4.9999999996389668521779015009087743237615e-03
6920,4.9999999996389668521779015009087743237615e-03
6921,4.9999999996463567741855626991309691220522e-03
6922,5.0000000001825641374186837140314310090616e-03
6923,4.9999999996389668521779015009087743237615e-03
6924,4.9999999996389668521779015009087743237615e-03
6925,4.9999999996389668521779015009087743237615e-03
6926,4.9999999996389668521779015009087743237615e-03
6927,4.9999999996463567741855626991309691220522e-03
6928,5.0000000001825641374186837140314310090616e-03
6929,3.2900037993897424115630201413296163082123e+00
6930,3.2900037993898081367660779505968093872070e+00
6931,4.9999999994998758565123431196752790128812e-03
6932,4.9999999996135158567001077756231097737327e-03
6933,4.9999999997521827124757898275220213690773e-03
6934,4.9999999994998758565123431196752790128812e-03
6935,4.9999999996135158567001077756231097737327e-03
6936,4.9999999997521827124757898275220213690773e-03
6937,4.9999999994998758565123431196752790128812e-03
6938,4.9999999996135158567001077756231097737327e-03
6939,4.9999999997521827124757898275220213690773e-03
6940,4.9999999994998758565123431196752790128812e-03
6941,4.9999999996135158567001077756231097737327e-03
6942,4.9999999997521827124757898275220213690773e-03
6943,4.9999999997521827124757898275220213690773e-03
6944,4.9999999994998758565123431196752790128812e-03
6945,4.9999999996135158567001077756231097737327e-03
6946,4.9999999994998758565123431196752790128812e-03
6947,4.9999999996135158567001077756231097737327e-03
6948,4.9999999997521827124757898275220213690773e-03
6949,4.9999999997521827124757898275220213690773e-03
6950,4.9999999994998758565123431196752790128812e-03
6951,4.9999999996135158567001077756231097737327e-03
6952,4.9999999997521827124757898275220213690773e-03
6953,4.9999999994998758565123431196752790128812e-03
6954,4.9999999996135158567001077756231097737327e-03
6955,4.9999999997521827124757898275220213690773e-03
6956,4.9999999994998758565123431196752790128812e-03
6957,4.9999999996135158567001077756231097737327e-03
6958,4.9999999997521827124757898275220213690773e-03
6959,4.9999999994998758565123431196752790128812e-03
6960,4.9999999996135158567001077756231097737327e-03
6961,4.9999999997521827124757898275220213690773e-03
6962,4.9999999997521827124757898275220213690773e-03
6963,4.9999999994998758565123431196752790128812e-03
6964,4.9999999996135158567001077756231097737327e-03
6965,4.9999999994998758565123431196752790128812e-03
6966,4.9999999996135158567001077756231097737327e-03
6967,4.9999999997521827124757898275220213690773e-03
6968,4.9999999997521827124757898275220213690773e-03
6969,4.9999999994998758565123431196752790128812e-03
6970,4.9999999996135158567001077756231097737327e-03
6971,4.9999999994998758565123431196752790128812e-03
6972,4.9999999996135158567001077756231097737327e-03
6973,4.9999999997521827124757898275220213690773e-03
6974,4.9999999997521827124757898275220213690773e-03
6975,4.9999999994998758565123431196752790128812e-03
6976,4.9999999996135158567001077756231097737327e-03
6977,4.9999999994998758565123431196752790128812e-03
6978,4.9999999996135158567001077756231097737327e-03
6979,4.9999999997521827124757898275220213690773e-03
6980,4.9999999997521827124757898275220213690773e-03
6981,4.9999999994998758565123431196752790128812e-03
6982,4.9999999996135158567001077756231097737327e-03
6983,4.9999999994998758565123431196752790128812e-03
6984,4.9999999996135158567001077756231097737327e-03
6985,4.9999999997521827124757898275220213690773e-03
6986,4.9999999997521827124757898275220213690773e-03
6987,4.9999999997521827124757898275220213690773e-03
6988,4.9999999994998758565123431196752790128812e-03
6989,4.9999999996135158567001077756231097737327e-03
6990,5.0000000007755533368292155671497312141582e-03
6991,4.9999999997273605542580376948080811416730e-03
6992,4.9999999997521827124757898275220213690773e-03
6993,5.0000000007755533368292155671497312141582e-03
6994,4.9999999997273605542580376948080811416730e-03
6995,4.9999999997521827124757898275220213690773e-03
6996,5.0000000007755533368292155671497312141582e-03
6997,4.9999999997273605542580376948080811416730e-03
6998,4.9999999997521827124757898275220213690773e-03
6999,5.0000000007755533368292155671497312141582e-03
7000,4.9999999997521827124757898275220213690773e-03
7001,5.0000000007755533368292155671497312141582e-03
7002,4.9999999997273605542580376948080811416730e-03
7003,4.9999999997521827124757898275220213690773e-03
7004,5.0000000007755533368292155671497312141582e-03
7005,4.9999999997273605542580376948080811416730e-03
7006,4.9999999997521827124757898275220213690773e-03
7007,5.0000000007755533368292155671497312141582e-03
7008,4.9999999997273605542580376948080811416730e-03
7009,4.9999999997521827124757898275220213690773e-03
7010,5.0000000007755533368292155671497312141582e-03
7011,4.9999999997273605542580376948080811416730e-03
7012,4.9999999997521827124757898275220213690773e-03
7013,5.0000000007755533368292155671497312141582e-03
7014,4.9999999997521827124757898275220213690773e-03
7015,5.0000000007755533368292155671497312141582e-03
7016,4.9999999997273605542580376948080811416730e-03
7017,4.9999999997521827124757898275220213690773e-03
7018,5.0000000007755533368292155671497312141582e-03
7019,4.9999999997273605542580376948080811416730e-03
7020,4.9999999997521827124757898275220213690773e-03
7021,5.0000000007755533368292155671497312141582e-03
7022,4.9999999997273605542580376948080811416730e-03
7023,4.9999999997521827124757898275220213690773e-03
7024,5.0000000007755533368292155671497312141582e-03
7025,4.9999999997273605542580376948080811416730e-03
7026,4.9999999997521827124757898275220213690773e-03
7027,5.0000000007755533368292155671497312141582e-03
7028,4.9999999997521827124757898275220213690773e-03
7029,5.0000000007755533368292155671497312141582e-03
7030,4.9999999997273605542580376948080811416730e-03
7031,4.9999999997521827124757898275220213690773e-03
7032,5.0000000007755533368292155671497312141582e-03
7033,4.9999999997273605542580376948080811416730e-03
7034,4.9999999997521827124757898275220213690773e-03
7035,5.0000000007755533368292155671497312141582e-03
7036,4.9999999997521827124757898275220213690773e-03
7037,4.9999999994998758565123431196752790128812e-03
7038,4.9999999996135158567001077756231097737327e-03
7039,4.9999999997521827124757898275220213690773e-03
7040,4.9999999994998758565123431196752790128812e-03
7041,4.9999999996135158567001077756231097737327e-03
7042,4.9999999997521827124757898275220213690773e-03
7043,4.9999999994998758565123431196752790128812e-03
7044,4.9999999996135158567001077756231097737327e-03
7045,4.9999999997521827124757898275220213690773e-03
7046,4.9999999997521827124757898275220213690773e-03
7047,4.9999999994998758565123431196752790128812e-03
7048,4.9999999996135158567001077756231097737327e-03
7049,4.9999999997521827124757898275220213690773e-03
7050,4.9999999994998758565123431196752790128812e-03
7051,4.9999999996135158567001077756231097737327e-03
7052,4.9999999997521827124757898275220213690773e-03
7053,4.9999999994998758565123431196752790128812e-03
7054,4.9999999996135158567001077756231097737327e-03
7055,4.9999999997521827124757898275220213690773e-03
7056,4.9999999994998758565123431196752790128812e-03
7057,4.9999999996135158567001077756231097737327e-03
7058,4.9999999997521827124757898275220213690773e-03
7059,4.9999999994998758565123431196752790128812e-03
7060,4.9999999996135158567001077756231097737327e-03
7061,4.9999999997521827124757898275220213690773e-03
7062,4.9999999994998758565123431196752790128812e-03
7063,4.9999999996135158567001077756231097737327e-03
7064,4.9999999997521827124757898275220213690773e-03
7065,4.9999999994998758565123431196752790128812e-03
7066,4.9999999996135158567001077756231097737327e-03
7067,4.9999999997521827124757898275220213690773e-03
7068,4.9999999994998758565123431196752790128812e-03
7069,4.9999999996135158567001077756231097737327e-03
7070,4.9999999997521827124757898275220213690773e-03
7071,4.9999999997521827124757898275220213690773e-03
7072,4.9999999994998758565123431196752790128812e-03
7073,4.9999999996135158567001077756231097737327e-03
7074,4.9999999997521827124757898275220213690773e-03
7075,4.9999999994998758565123431196752790128812e-03
7076,4.9999999996135158567001077756231097737327e-03
7077,4.9999999997521827124757898275220213690773e-03
7078,4.9999999994998758565123431196752790128812e-03
7079,4.9999999996135158567001077756231097737327e-03
7080,4.9999999997521827124757898275220213690773e-03
7081,4.9999999994998758565123431196752790128812e-03
7082,4.9999999996135158567001077756231097737327e-03
7083,4.9999999997521827124757898275220213690773e-03
7084,4.9999999994998758565123431196752790128812e-03
7085,4.9999999996135158567001077756231097737327e-03
7086,4.9999999997521827124757898275220213690773e-03
7087,4.9999999994998758565123431196752790128812e-03
7088,4.9999999996135158567001077756231097737327e-03
7089,4.9999999997521827124757898275220213690773e-03
7090,4.9999999994998758565123431196752790128812e-03
7091,4.9999999996135158567001077756231097737327e-03
7092,4.9999999997521827124757898275220213690773e-03
7093,4.9999999994998758565123431196752790128812e-03
7094,4.9999999996135158567001077756231097737327e-03
7095,4.9999999997521827124757898275220213690773e-03
7096,4.9999999997521827124757898275220213690773e-03
7097,4.9999999994998758565123431196752790128812e-03
7098,4.9999999996135158567001077756231097737327e-03
7099,4.9999999997521827124757898275220213690773e-03
7100,4.9999999994998758565123431196752790128812e-03
7101,4.9999999996135158567001077756231097737327e-03
7102,4.9999999997521827124757898275220213690773e-03
7103,4.9999999994998758565123431196752790128812e-03
7104,4.9999999996135158567001077756231097737327e-03
7105,4.9999999997521827124757898275220213690773e-03
7106,4.9999999994998758565123431196752790128812e-03
7107,4.9999999996135158567001077756231097737327e-03
7108,4.9999999997521827124757898275220213690773e-03
7109,4.9999999994998758565123431196752790128812e-03
7110,4.9999999996135158567001077756231097737327e-03
7111,4.9999999997521827124757898275220213690773e-03
7112,4.9999999994998758565123431196752790128812e-03
7113,4.9999999996135158567001077756231097737327e-03
7114,4.9999999997521827124757898275220213690773e-03
7115,4.9999999994998758565123431196752790128812e-03
7116,4.9999999996135158567001077756231097737327e-03
7117,4.9999999997521827124757898275220213690773e-03
7118,4.9999999994998758565123431196752790128812e-03
7119,4.9999999996135158567001077756231097737327e-03
7120,4.9999999997521827124757898275220213690773e-03
7121,4.9999999994998758565123431196752790128812e-03
7122,4.9999999996135158567001077756231097737327e-03
7123,4.9999999997521827124757898275220213690773e-03
7124,4.9999999997521827124757898275220213690773e-03
7125,4.9999999994998758565123431196752790128812e-03
7126,4.9999999996135158567001077756231097737327e-03
7127,4.9999999997521827124757898275220213690773e-03
7128,4.9999999994998758565123431196752790128812e-03
7129,4.9999999996135158567001077756231097737327e-03
7130,4.9999999997521827124757898275220213690773e-03
7131,4.9999999994998758565123431196752790128812e-03
7132,4.9999999996135158567001077756231097737327e-03
7133,4.9999999997521827124757898275220213690773e-03
7134,4.9999999994998758565123431196752790128812e-03
7135,4.9999999996135158567001077756231097737327e-03
7136,4.9999999997521827124757898275220213690773e-03
7137,4.9999999994998758565123431196752790128812e-03
7138,4.9999999996135158567001077756231097737327e-03
7139,4.9999999997521827124757898275220213690773e-03
7140,4.9999999994998758565123431196752790128812e-03
7141,4.9999999996135158567001077756231097737327e-03
7142,4.9999999997521827124757898275220213690773e-03
7143,4.9999999997521827124757898275220213690773e-03
7144,4.9999999997521827124757898275220213690773e-03
7145,4.9999999996063202237217559797954891109839e-03
7146,4.9999999994111612305891512164635059889406e-03
7147,4.9999999997521827124757898275220213690773e-03
7148,4.9999999997521827124757898275220213690773e-03
7149,4.9999999997521827124757898275220213690773e-03
7150,4.9999999997521827124757898275220213690773e-03
7151,4.9999999996063202237217559797954891109839e-03
7152,4.9999999994111612305891512164635059889406e-03
7153,4.9999999997521827124757898275220213690773e-03
7154,4.9999999997521827124757898275220213690773e-03
7155,4.9999999997521827124757898275220213690773e-03
7156,4.9999999997521827124757898275220213690773e-03
7157,4.9999999996063202237217559797954891109839e-03
7158,4.9999999994111612305891512164635059889406e-03
7159,4.9999999997521827124757898275220213690773e-03
7160,4.9999999997521827124757898275220213690773e-03
7161,4.9999999997521827124757898275220213690773e-03
7162,4.9999999997521827124757898275220213690773e-03
7163,4.9999999997521827124757898275220213690773e-03
7164,4.9999999996063202237217559797954891109839e-03
7165,4.9999999994111612305891512164635059889406e-03
7166,4.9999999997521827124757898275220213690773e-03
7167,4.9999999997521827124757898275220213690773e-03
7168,4.9999999997521827124757898275220213690773e-03
7169,4.9999999997521827124757898275220213690773e-03
7170,4.9999999996063202237217559797954891109839e-03
7171,4.9999999994111612305891512164635059889406e-03
7172,4.9999999997521827124757898275220213690773e-03
7173,4.9999999997521827124757898275220213690773e-03
7174,4.9999999997521827124757898275220213690773e-03
7175,4.9999999997521827124757898275220213690773e-03
7176,4.9999999996063202237217559797954891109839e-03
7177,4.9999999994111612305891512164635059889406e-03
7178,4.9999999997521827124757898275220213690773e-03
7179,4.9999999997521827124757898275220213690773e-03
7180,4.9999999997521827124757898275220213690773e-03
7181,4.9999999997521827124757898275220213690773e-03
7182,4.9999999996063202237217559797954891109839e-03
7183,4.9999999994111612305891512164635059889406e-03
7184,4.9999999997521827124757898275220213690773e-03
7185,4.9999999997521827124757898275220213690773e-03
7186,4.9999999997521827124757898275220213690773e-03
7187,4.9999999997521827124757898275220213690773e-03
7188,4.9999999997521827124757898275220213690773e-03
7189,4.9999999996063202237217559797954891109839e-03
7190,4.9999999994111612305891512164635059889406e-03
7191,4.9999999997521827124757898275220213690773e-03
7192,4.9999999997521827124757898275220213690773e-03
7193,4.9999999997521827124757898275220213690773e-03
7194,4.9999999997521827124757898275220213690773e-03
7195,4.9999999996063202237217559797954891109839e-03
7196,4.9999999994111612305891512164635059889406e-03
7197,4.9999999997521827124757898275220213690773e-03
7198,4.9999999997521827124757898275220213690773e-03
7199,4.9999999997521827124757898275220213690773e-03
7200,4.9999999997521827124757898275220213690773e-03
7201,4.9999999996063202237217559797954891109839e-03
7202,4.9999999994111612305891512164635059889406e-03
7203,4.9999999997521827124757898275220213690773e-03
7204,4.9999999997521827124757898275220213690773e-03
7205,4.9999999997521827124757898275220213690773e-03
7206,4.9999999997521827124757898275220213690773e-03
7207,4.9999999996063202237217559797954891109839e-03
7208,4.9999999994111612305891512164635059889406e-03
7209,4.9999999997521827124757898275220213690773e-03
7210,4.9999999997521827124757898275220213690773e-03
7211,4.9999999997521827124757898275220213690773e-03
7212,4.9999999997521827124757898275220213690773e-03
7213,4.9999999997521827124757898275220213690773e-03
7214,4.9999999996063202237217559797954891109839e-03
7215,4.9999999994111612305891512164635059889406e-03
7216,4.9999999997521827124757898275220213690773e-03
7217,4.9999999997521827124757898275220213690773e-03
7218,4.9999999997521827124757898275220213690773e-03
7219,4.9999999997521827124757898275220213690773e-03
7220,4.9999999996063202237217559797954891109839e-03
7221,4.9999999994111612305891512164635059889406e-03
7222,4.9999999997521827124757898275220213690773e-03
7223,4.9999999997521827124757898275220213690773e-03
7224,4.9999999997521827124757898275220213690773e-03
7225,4.9999999997521827124757898275220213690773e-03
7226,4.9999999996063202237217559797954891109839e-03
7227,4.9999999994111612305891512164635059889406e-03
7228,4.9999999997521827124757898275220213690773e-03
7229,4.9999999997521827124757898275220213690773e-03
7230,4.9999999997521827124757898275220213690773e-03
7231,4.9999999997521827124757898275220213690773e-03
7232,4.9999999996063202237217559797954891109839e-03
7233,4.9999999994111612305891512164635059889406e-03
7234,4.9999999997521827124757898275220213690773e-03
7235,4.9999999997521827124757898275220213690773e-03
7236,4.9999999997521827124757898275220213690773e-03
7237,4.9999999997521827124757898275220213690773e-03
7238,4.9999999997521827124757898275220213690773e-03
7239,4.9999999996063202237217559797954891109839e-03
7240,4.9999999994111612305891512164635059889406e-03
7241,4.9999999997521827124757898275220213690773e-03
7242,4.9999999997521827124757898275220213690773e-03
7243,4.9999999997521827124757898275220213690773e-03
7244,4.9999999997521827124757898275220213690773e-03
7245,4.9999999996063202237217559797954891109839e-03
7246,4.9999999994111612305891512164635059889406e-03
7247,4.9999999997521827124757898275220213690773e-03
7248,4.9999999997521827124757898275220213690773e-03
7249,4.9999999997521827124757898275220213690773e-03
7250,4.9999999997521827124757898275220213690773e-03
7251,4.9999999996063202237217559797954891109839e-03
7252,4.9999999994111612305891512164635059889406e-03
7253,4.9999999997521827124757898275220213690773e-03
7254,4.9999999997521827124757898275220213690773e-03
7255,4.9999999997521827124757898275220213690773e-03
7256,4.9999999997521827124757898275220213690773e-03
7257,4.9999999996063202237217559797954891109839e-03
7258,4.9999999994111612305891512164635059889406e-03
7259,3.2900037993897441879198595415800809860229e+00
7260,3.2900037993901745103642042522551491856575e+00
7261,5.0000000005439027006559626897796988487244e-03
7262,5.0000000003166443843238830879727174760774e-03
7263,5.0000000005193173321926813912341458490118e-03
7264,5.0000000005439027006559626897796988487244e-03
7265,5.0000000003166443843238830879727174760774e-03
7266,5.0000000005193173321926813912341458490118e-03
7267,5.0000000005439027006559626897796988487244e-03
7268,5.0000000003166443843238830879727174760774e-03
7269,5.0000000005193173321926813912341458490118e-03
7270,5.0000000005439027006559626897796988487244e-03
7271,5.0000000003166443843238830879727174760774e-03
7272,5.0000000005193173321926813912341458490118e-03
7273,5.0000000005193173321926813912341458490118e-03
7274,5.0000000005439027006559626897796988487244e-03
7275,5.0000000003166443843238830879727174760774e-03
7276,5.0000000005439027006559626897796988487244e-03
7277,5.0000000003166443843238830879727174760774e-03
7278,5.0000000005193173321926813912341458490118e-03
7279,5.0000000005193173321926813912341458490118e-03
7280,5.0000000005439027006559626897796988487244e-03
7281,5.0000000003166443843238830879727174760774e-03
7282,5.0000000005193173321926813912341458490118e-03
7283,5.0000000005439027006559626897796988487244e-03
7284,5.0000000003166443843238830879727174760774e-03
7285,5.0000000005193173321926813912341458490118e-03
7286,5.0000000005439027006559626897796988487244e-03
7287,5.0000000003166443843238830879727174760774e-03
7288,5.0000000005193173321926813912341458490118e-03
7289,5.0000000005439027006559626897796988487244e-03
7290,5.0000000003166443843238830879727174760774e-03
7291,5.0000000005193173321926813912341458490118e-03
7292,5.0000000005193173321926813912341458490118e-03
7293,5.0000000005439027006559626897796988487244e-03
7294,5.0000000003166443843238830879727174760774e-03
7295,5.0000000005439027006559626897796988487244e-03
7296,5.0000000003166443843238830879727174760774e-03
7297,5.0000000005193173321926813912341458490118e-03
7298,5.0000000005193173321926813912341458490118e-03
7299,5.0000000005439027006559626897796988487244e-03
7300,5.0000000003166443843238830879727174760774e-03
7301,5.0000000005439027006559626897796988487244e-03
7302,5.0000000003166443843238830879727174760774e-03
7303,5.0000000005193173321926813912341458490118e-03
7304,5.0000000005193173321926813912341458490118e-03
7305,5.0000000005439027006559626897796988487244e-03
7306,5.0000000003166443843238830879727174760774e-03
7307,5.0000000005439027006559626897796988487244e-03
7308,5.0000000003166443843238830879727174760774e-03
7309,5.0000000005193173321926813912341458490118e-03
7310,5.0000000005193173321926813912341458490118e-03
7311,5.0000000005439027006559626897796988487244e-03
7312,5.0000000003166443843238830879727174760774e-03
7313,5.0000000005439027006559626897796988487244e-03
7314,5.0000000003166443843238830879727174760774e-03
7315,5.0000000005193173321926813912341458490118e-03
7316,5.0000000005193173321926813912341458490118e-03
7317,5.0000000005193173321926813912341458490118e-03
7318,5.0000000005439027006559626897796988487244e-03
7319,5.0000000003166443843238830879727174760774e-03
7320,5.0000000004550848586859501665458083152771e-03
7321,5.0000000003165316272979445955115807009861e-03
7322,5.0000000004551976157118886590069450903684e-03
7323,5.0000000004550848586859501665458083152771e-03
7324,5.0000000003165316272979445955115807009861e-03
7325,5.0000000004551976157118886590069450903684e-03
7326,5.0000000004550848586859501665458083152771e-03
7327,5.0000000003165316272979445955115807009861e-03
7328,5.0000000004551976157118886590069450903684e-03
7329,5.0000000004550848586859501665458083152771e-03
7330,5.0000000004551976157118886590069450903684e-03
7331,5.0000000004550848586859501665458083152771e-03
7332,5.0000000003165316272979445955115807009861e-03
7333,5.0000000004551976157118886590069450903684e-03
7334,5.0000000004550848586859501665458083152771e-03
7335,5.0000000003165316272979445955115807009861e-03
7336,5.0000000004551976157118886590069450903684e-03
7337,5.0000000004550848586859501665458083152771e-03
7338,5.0000000003165316272979445955115807009861e-03
7339,5.0000000004551976157118886590069450903684e-03
7340,5.0000000004550848586859501665458083152771e-03
7341,5.0000000003165316272979445955115807009861e-03
7342,5.0000000004551976157118886590069450903684e-03
7343,5.0000000004550848586859501665458083152771e-03
7344,5.0000000004551976157118886590069450903684e-03
7345,5.0000000004550848586859501665458083152771e-03
7346,5.0000000003165316272979445955115807009861e-03
7347,5.0000000004551976157118886590069450903684e-03
7348,5.0000000004550848586859501665458083152771e-03
7349,5.0000000003165316272979445955115807009861e-03
7350,5.0000000004551976157118886590069450903684e-03
7351,5.0000000004550848586859501665458083152771e-03
7352,5.0000000003165316272979445955115807009861e-03
7353,5.0000000004551976157118886590069450903684e-03
7354,5.0000000004550848586859501665458083152771e-03
7355,5.0000000003165316272979445955115807009861e-03
7356,5.0000000004551976157118886590069450903684e-03
7357,5.0000000004550848586859501665458083152771e-03
7358,5.0000000004551976157118886590069450903684e-03
7359,5.0000000004550848586859501665458083152771e-03
7360,5.0000000003165316272979445955115807009861e-03
7361,5.0000000004551976157118886590069450903684e-03
7362,5.0000000004550848586859501665458083152771e-03
7363,5.0000000003165316272979445955115807009861e-03
7364,5.0000000004551976157118886590069450903684e-03
7365,5.0000000004550848586859501665458083152771e-03
7366,5.0000000004551976157118886590069450903684e-03
7367,5.0000000005439027006559626897796988487244e-03
7368,5.0000000003166443843238830879727174760774e-03
7369,5.0000000005193173321926813912341458490118e-03
7370,5.0000000005439027006559626897796988487244e-03
7371,5.0000000003166443843238830879727174760774e-03
7372,5.0000000005193173321926813912341458490118e-03
7373,5.0000000005439027006559626897796988487244e-03
7374,5.0000000003166443843238830879727174760774e-03
7375,5.0000000005193173321926813912341458490118e-03
7376,5.0000000005193173321926813912341458490118e-03
7377,5.0000000005439027006559626897796988487244e-03
7378,5.0000000003166443843238830879727174760774e-03
7379,5.0000000005193173321926813912341458490118e-03
7380,5.0000000005439027006559626897796988487244e-03
7381,5.0000000003166443843238830879727174760774e-03
7382,5.0000000005193173321926813912341458490118e-03
7383,5.0000000005439027006559626897796988487244e-03
7384,5.0000000003166443843238830879727174760774e-03
7385,5.0000000005193173321926813912341458490118e-03
7386,5.0000000005439027006559626897796988487244e-03
7387,5.0000000003166443843238830879727174760774e-03
7388,5.0000000005193173321926813912341458490118e-03
7389,5.0000000005439027006559626897796988487244e-03
7390,5.0000000003166443843238830879727174760774e-03
7391,5.0000000005193173321926813912341458490118e-03
7392,5.0000000005439027006559626897796988487244e-03
7393,5.0000000003166443843238830879727174760774e-03
7394,5.0000000005193173321926813912341458490118e-03
7395,5.0000000005439027006559626897796988487244e-03
7396,5.0000000003166443843238830879727174760774e-03
7397,5.0000000005193173321926813912341458490118e-03
7398,5.0000000005439027006559626897796988487244e-03
7399,5.0000000003166443843238830879727174760774e-03
7400,5.0000000005193173321926813912341458490118e-03
7401,5.0000000005193173321926813912341458490118e-03
7402,5.0000000005439027006559626897796988487244e-03
7403,5.0000000003166443843238830879727174760774e-03
7404,5.0000000005193173321926813912341458490118e-03
7405,5.0000000005439027006559626897796988487244e-03
7406,5.0000000003166443843238830879727174760774e-03
7407,5.0000000005193173321926813912341458490118e-03
7408,5.0000000005439027006559626897796988487244e-03
7409,5.0000000003166443843238830879727174760774e-03
7410,5.0000000005193173321926813912341458490118e-03
7411,5.0000000005439027006559626897796988487244e-03
7412,5.0000000003166443843238830879727174760774e-03
7413,5.0000000005193173321926813912341458490118e-03
7414,5.0000000005439027006559626897796988487244e-03
7415,5.0000000003166443843238830879727174760774e-03
7416,5.0000000005193173321926813912341458490118e-03
7417,5.0000000005439027006559626897796988487244e-03
7418,5.0000000003166443843238830879727174760774e-03
7419,5.0000000005193173321926813912341458490118e-03
7420,5.0000000005439027006559626897796988487244e-03
7421,5.0000000003166443843238830879727174760774e-03
7422,5.0000000005193173321926813912341458490118e-03
7423,5.0000000005439027006559626897796988487244e-03
7424,5.0000000003166443843238830879727174760774e-03
7425,5.0000000005193173321926813912341458490118e-03
7426,5.0000000005193173321926813912341458490118e-03
7427,5.0000000005439027006559626897796988487244e-03
7428,5.0000000003166443843238830879727174760774e-03
7429,5.0000000005193173321926813912341458490118e-03
7430,5.0000000005439027006559626897796988487244e-03
7431,5.0000000003166443843238830879727174760774e-03
7432,5.0000000005193173321926813912341458490118e-03
7433,5.0000000005439027006559626897796988487244e-03
7434,5.0000000003166443843238830879727174760774e-03
7435,5.0000000005193173321926813912341458490118e-03
7436,5.0000000005439027006559626897796988487244e-03
7437,5.0000000003166443843238830879727174760774e-03
7438,5.0000000005193173321926813912341458490118e-03
7439,5.0000000005439027006559626897796988487244e-03
7440,5.0000000003166443843238830879727174760774e-03
7441,5.0000000005193173321926813912341458490118e-03
7442,5.0000000005439027006559626897796988487244e-03
7443,5.0000000003166443843238830879727174760774e-03
7444,5.0000000005193173321926813912341458490118e-03
7445,5.0000000005439027006559626897796988487244e-03
7446,5.0000000003166443843238830879727174760774e-03
7447,5.0000000005193173321926813912341458490118e-03
7448,5.0000000005439027006559626897796988487244e-03
7449,5.0000000003166443843238830879727174760774e-03
7450,5.0000000005193173321926813912341458490118e-03
7451,5.0000000005439027006559626897796988487244e-03
7452,5.0000000003166443843238830879727174760774e-03
7453,5.0000000005193173321926813912341458490118e-03
7454,5.0000000005193173321926813912341458490118e-03
7455,5.0000000005439027006559626897796988487244e-03
7456,5.0000000003166443843238830879727174760774e-03
7457,5.0000000005193173321926813912341458490118e-03
7458,5.0000000005439027006559626897796988487244e-03
7459,5.0000000003166443843238830879727174760774e-03
7460,5.0000000005193173321926813912341458490118e-03
7461,5.0000000005439027006559626897796988487244e-03
7462,5.0000000003166443843238830879727174760774e-03
7463,5.0000000005193173321926813912341458490118e-03
7464,5.0000000005439027006559626897796988487244e-03
7465,5.0000000003166443843238830879727174760774e-03
7466,5.0000000005193173321926813912341458490118e-03
7467,5.0000000005439027006559626897796988487244e-03
7468,5.0000000003166443843238830879727174760774e-03
7469,5.0000000005193173321926813912341458490118e-03
7470,5.0000000005439027006559626897796988487244e-03
7471,5.0000000003166443843238830879727174760774e-03
7472,5.0000000005193173321926813912341458490118e-03
7473,5.0000000005193173321926813912341458490118e-03
7474,5.0000000005193173321926813912341458490118e-03
7475,5.0000000003413425098131028789794072508812e-03
7476,5.0000000003166443843238830879727174760774e-03
7477,5.0000000005193173321926813912341458490118e-03
7478,5.0000000005193173321926813912341458490118e-03
7479,5.0000000005193173321926813912341458490118e-03
7480,5.0000000005193173321926813912341458490118e-03
7481,5.0000000003413425098131028789794072508812e-03
7482,5.0000000003166443843238830879727174760774e-03
7483,5.0000000005193173321926813912341458490118e-03
7484,5.0000000005193173321926813912341458490118e-03
7485,5.0000000005193173321926813912341458490118e-03
7486,5.0000000005193173321926813912341458490118e-03
7487,5.0000000003413425098131028789794072508812e-03
7488,5.0000000003166443843238830879727174760774e-03
7489,5.0000000005193173321926813912341458490118e-03
7490,5.0000000005193173321926813912341458490118e-03
7491,5.0000000005193173321926813912341458490118e-03
7492,5.0000000005193173321926813912341458490118e-03
7493,5.0000000005193173321926813912341458490118e-03
7494,5.0000000003413425098131028789794072508812e-03
7495,5.0000000003166443843238830879727174760774e-03
7496,5.0000000005193173321926813912341458490118e-03
7497,5.0000000005193173321926813912341458490118e-03
7498,5.0000000005193173321926813912341458490118e-03
7499,5.0000000005193173321926813912341458490118e-03
7500,5.0000000003413425098131028789794072508812e-03
7501,5.0000000003166443843238830879727174760774e-03
7502,5.0000000005193173321926813912341458490118e-03
7503,5.0000000005193173321926813912341458490118e-03
7504,5.0000000005193173321926813912341458490118e-03
7505,5.0000000005193173321926813912341458490118e-03
7506,5.0000000003413425098131028789794072508812e-03
7507,5.0000000003166443843238830879727174760774e-03
7508,5.0000000005193173321926813912341458490118e-03
7509,5.0000000005193173321926813912341458490118e-03
7510,5.0000000005193173321926813912341458490118e-03
7511,5.0000000005193173321926813912341458490118e-03
7512,5.0000000003413425098131028789794072508812e-03
7513,5.0000000003166443843238830879727174760774e-03
7514,5.0000000005193173321926813912341458490118e-03
7515,5.0000000005193173321926813912341458490118e-03
7516,5.0000000005193173321926813912341458490118e-03
7517,5.0000000005193173321926813912341458490118e-03
7518,5.0000000005193173321926813912341458490118e-03
7519,5.0000000003413425098131028789794072508812e-03
7520,5.0000000003166443843238830879727174760774e-03
7521,5.0000000005193173321926813912341458490118e-03
7522,5.0000000005193173321926813912341458490118e-03
7523,5.0000000005193173321926813912341458490118e-03
7524,5.0000000005193173321926813912341458490118e-03
7525,5.0000000003413425098131028789794072508812e-03
7526,5.0000000003166443843238830879727174760774e-03
7527,5.0000000005193173321926813912341458490118e-03
7528,5.0000000005193173321926813912341458490118e-03
7529,5.0000000005193173321926813912341458490118e-03
7530,5.0000000005193173321926813912341458490118e-03
7531,5.0000000003413425098131028789794072508812e-03
7532,5.0000000003166443843238830879727174760774e-03
7533,5.0000000005193173321926813912341458490118e-03
7534,5.0000000005193173321926813912341458490118e-03
7535,5.0000000005193173321926813912341458490118e-03
7536,5.0000000005193173321926813912341458490118e-03
7537,5.0000000003413425098131028789794072508812e-03
7538,5.0000000003166443843238830879727174760774e-03
7539,5.0000000005193173321926813912341458490118e-03
7540,5.0000000005193173321926813912341458490118e-03
7541,5.0000000005193173321926813912341458490118e-03
7542,5.0000000005193173321926813912341458490118e-03
7543,5.0000000005193173321926813912341458490118e-03
7544,5.0000000003413425098131028789794072508812e-03
7545,5.0000000003166443843238830879727174760774e-03
7546,5.0000000005193173321926813912341458490118e-03
7547,5.0000000005193173321926813912341458490118e-03
7548,5.0000000005193173321926813912341458490118e-03
7549,5.0000000005193173321926813912341458490118e-03
7550,5.0000000003413425098131028789794072508812e-03
7551,5.0000000003166443843238830879727174760774e-03
7552,5.0000000005193173321926813912341458490118e-03
7553,5.0000000005193173321926813912341458490118e-03
7554,5.0000000005193173321926813912341458490118e-03
7555,5.0000000005193173321926813912341458490118e-03
7556,5.0000000003413425098131028789794072508812e-03
7557,5.0000000003166443843238830879727174760774e-03
7558,5.0000000005193173321926813912341458490118e-03
7559,5.0000000005193173321926813912341458490118e-03
7560,5.0000000005193173321926813912341458490118e-03
7561,5.0000000005193173321926813912341458490118e-03
7562,5.0000000003413425098131028789794072508812e-03
7563,5.0000000003166443843238830879727174760774e-03
7564,5.0000000005193173321926813912341458490118e-03
7565,5.0000000005193173321926813912341458490118e-03
7566,5.0000000005193173321926813912341458490118e-03
7567,5.0000000005193173321926813912341458490118e-03
7568,5.0000000005193173321926813912341458490118e-03
7569,5.0000000003413425098131028789794072508812e-03
7570,5.0000000003166443843238830879727174760774e-03
7571,5.0000000005193173321926813912341458490118e-03
7572,5.0000000005193173321926813912341458490118e-03
7573,5.0000000005193173321926813912341458490118e-03
7574,5.0000000005193173321926813912341458490118e-03
7575,5.0000000003413425098131028789794072508812e-03
7576,5.0000000003166443843238830879727174760774e-03
7577,5.0000000005193173321926813912341458490118e-03
7578,5.0000000005193173321926813912341458490118e-03
7579,5.0000000005193173321926813912341458490118e-03
7580,5.0000000005193173321926813912341458490118e-03
7581,5.0000000003413425098131028789794072508812e-03
7582,5.0000000003166443843238830879727174760774e-03
7583,5.0000000005193173321926813912341458490118e-03
7584,5.0000000005193173321926813912341458490118e-03
7585,5.0000000005193173321926813912341458490118e-03
7586,5.0000000005193173321926813912341458490118e-03
7587,5.0000000003413425098131028789794072508812e-03
7588,5.0000000003166443843238830879727174760774e-03
7589,3.2900037993902335742291143105830997228622e+00
7590,6.9839276458983077233710901055019348859787e+00
7591,3.2945085867339067853265532903606072068214e+00
7592,3.2945085867338779195279130362905561923981e+00
7593,3.2945085867338796958847524365410208702087e+00
7594,3.2945085867339067853265532903606072068214e+00
7595,3.2945085867338779195279130362905561923981e+00
7596,3.2945085867338796958847524365410208702087e+00
7597,3.2945085867339067853265532903606072068214e+00
7598,3.2945085867338779195279130362905561923981e+00
7599,3.2945085867338796958847524365410208702087e+00
7600,3.2945085867339067853265532903606072068214e+00
7601,3.2945085867338779195279130362905561923981e+00
7602,3.2945085867338796958847524365410208702087e+00
7603,3.2945085867338796958847524365410208702087e+00
7604,3.2945085867339067853265532903606072068214e+00
7605,3.2945085867338779195279130362905561923981e+00
7606,3.2945085867339067853265532903606072068214e+00
7607,3.2945085867338779195279130362905561923981e+00
7608,3.2945085867338796958847524365410208702087e+00
7609,3.2945085867338796958847524365410208702087e+00
7610,3.2945085867339067853265532903606072068214e+00
7611,3.2945085867338779195279130362905561923981e+00
7612,3.2945085867338796958847524365410208702087e+00
7613,3.2945085867339067853265532903606072068214e+00
7614,3.2945085867338779195279130362905561923981e+00
7615,3.2945085867338796958847524365410208702087e+00
7616,3.2945085867339067853265532903606072068214e+00
7617,3.2945085867338779195279130362905561923981e+00
7618,3.2945085867338796958847524365410208702087e+00
7619,3.2945085867339067853265532903606072068214e+00
7620,3.2945085867338779195279130362905561923981e+00
7621,3.2945085867338796958847524365410208702087e+00
7622,3.2945085867338796958847524365410208702087e+00
7623,3.2945085867339067853265532903606072068214e+00
7624,3.2945085867338779195279130362905561923981e+00
7625,3.2945085867339067853265532903606072068214e+00
7626,3.2945085867338779195279130362905561923981e+00
7627,3.2945085867338796958847524365410208702087e+00
7628,3.2945085867338796958847524365410208702087e+00
7629,3.2945085867339067853265532903606072068214e+00
7630,3.2945085867338779195279130362905561923981e+00
7631,3.2945085867339067853265532903606072068214e+00
7632,3.2945085867338779195279130362905561923981e+00
7633,3.2945085867338796958847524365410208702087e+00
7634,3.2945085867338796958847524365410208702087e+00
7635,3.2945085867339067853265532903606072068214e+00
7636,3.2945085867338779195279130362905561923981e+00
7637,3.2945085867339067853265532903606072068214e+00
7638,3.2945085867338779195279130362905561923981e+00
7639,3.2945085867338796958847524365410208702087e+00
7640,3.2945085867338796958847524365410208702087e+00
7641,3.2945085867339067853265532903606072068214e+00
7642,3.2945085867338779195279130362905561923981e+00
7643,3.2945085867339067853265532903606072068214e+00
7644,3.2945085867338779195279130362905561923981e+00
7645,3.2945085867338796958847524365410208702087e+00
7646,3.2945085867338796958847524365410208702087e+00
7647,3.2945085867338796958847524365410208702087e+00
7648,3.2945085867339067853265532903606072068214e+00
7649,3.2945085867338779195279130362905561923981e+00
7650,3.2945085867338903540257888380438089370728e+00
7651,3.2945085867338876894905297376681119203568e+00
7652,3.2945085867338748109034440858522430062294e+00
7653,3.2945085867338903540257888380438089370728e+00
7654,3.2945085867338876894905297376681119203568e+00
7655,3.2945085867338748109034440858522430062294e+00
7656,3.2945085867338903540257888380438089370728e+00
7657,3.2945085867338876894905297376681119203568e+00
7658,3.2945085867338748109034440858522430062294e+00
7659,3.2945085867338903540257888380438089370728e+00
7660,3.2945085867338748109034440858522430062294e+00
7661,3.2945085867338903540257888380438089370728e+00
7662,3.2945085867338876894905297376681119203568e+00
7663,3.2945085867338748109034440858522430062294e+00
7664,3.2945085867338903540257888380438089370728e+00
7665,3.2945085867338876894905297376681119203568e+00
7666,3.2945085867338748109034440858522430062294e+00
7667,3.2945085867338903540257888380438089370728e+00
7668,3.2945085867338876894905297376681119203568e+00
7669,3.2945085867338748109034440858522430062294e+00
7670,3.2945085867338903540257888380438089370728e+00
7671,3.2945085867338876894905297376681119203568e+00
7672,3.2945085867338748109034440858522430062294e+00
7673,3.2945085867338903540257888380438089370728e+00
7674,3.2945085867338748109034440858522430062294e+00
7675,3.2945085867338903540257888380438089370728e+00
7676,3.2945085867338876894905297376681119203568e+00
7677,3.2945085867338748109034440858522430062294e+00
7678,3.2945085867338903540257888380438089370728e+00
7679,3.2945085867338876894905297376681119203568e+00
7680,3.2945085867338748109034440858522430062294e+00
7681,3.2945085867338903540257888380438089370728e+00
7682,3.2945085867338876894905297376681119203568e+00
7683,3.2945085867338748109034440858522430062294e+00
7684,3.2945085867338903540257888380438089370728e+00
7685,3.2945085867338876894905297376681119203568e+00
7686,3.2945085867338748109034440858522430062294e+00
7687,3.2945085867338903540257888380438089370728e+00
7688,3.2945085867338748109034440858522430062294e+00
7689,3.2945085867338903540257888380438089370728e+00
7690,3.2945085867338876894905297376681119203568e+00
7691,3.2945085867338748109034440858522430062294e+00
7692,3.2945085867338903540257888380438089370728e+00
7693,3.2945085867338876894905297376681119203568e+00
7694,3.2945085867338748109034440858522430062294e+00
7695,3.2945085867338903540257888380438089370728e+00
7696,3.2945085867338748109034440858522430062294e+00
7697,3.2945085867339067853265532903606072068214e+00
7698,3.2945085867338779195279130362905561923981e+00
7699,3.2945085867338796958847524365410208702087e+00
7700,3.2945085867339067853265532903606072068214e+00
7701,3.2945085867338779195279130362905561923981e+00
7702,3.2945085867338796958847524365410208702087e+00
7703,3.2945085867339067853265532903606072068214e+00
7704,3.2945085867338779195279130362905561923981e+00
7705,3.2945085867338796958847524365410208702087e+00
7706,3.2945085867338796958847524365410208702087e+00
7707,3.2945085867339067853265532903606072068214e+00
7708,3.2945085867338779195279130362905561923981e+00
7709,3.2945085867338796958847524365410208702087e+00
7710,3.2945085867339067853265532903606072068214e+00
7711,3.2945085867338779195279130362905561923981e+00
7712,3.2945085867338796958847524365410208702087e+00
7713,3.2945085867339067853265532903606072068214e+00
7714,3.2945085867338779195279130362905561923981e+00
7715,3.2945085867338796958847524365410208702087e+00
7716,3.2945085867339067853265532903606072068214e+00
7717,3.2945085867338779195279130362905561923981e+00
7718,3.2945085867338796958847524365410208702087e+00
7719,3.2945085867339067853265532903606072068214e+00
7720,3.2945085867338779195279130362905561923981e+00
7721,3.2945085867338796958847524365410208702087e+00
7722,3.2945085867339067853265532903606072068214e+00
7723,3.2945085867338779195279130362905561923981e+00
7724,3.2945085867338796958847524365410208702087e+00
7725,3.2945085867339067853265532903606072068214e+00
7726,3.2945085867338779195279130362905561923981e+00
7727,3.2945085867338796958847524365410208702087e+00
7728,3.2945085867339067853265532903606072068214e+00
7729,3.2945085867338779195279130362905561923981e+00
7730,3.2945085867338796958847524365410208702087e+00
7731,3.2945085867338796958847524365410208702087e+00
7732,3.2945085867339067853265532903606072068214e+00
7733,3.2945085867338779195279130362905561923981e+00
7734,3.2945085867338796958847524365410208702087e+00
7735,3.2945085867339067853265532903606072068214e+00
7736,3.2945085867338779195279130362905561923981e+00
7737,3.2945085867338796958847524365410208702087e+00
7738,3.2945085867339067853265532903606072068214e+00
7739,3.2945085867338779195279130362905561923981e+00
7740,3.2945085867338796958847524365410208702087e+00
7741,3.2945085867339067853265532903606072068214e+00
7742,3.2945085867338779195279130362905561923981e+00
7743,3.2945085867338796958847524365410208702087e+00
7744,3.2945085867339067853265532903606072068214e+00
7745,3.2945085867338779195279130362905561923981e+00
7746,3.2945085867338796958847524365410208702087e+00
7747,3.2945085867339067853265532903606072068214e+00
7748,3.2945085867338779195279130362905561923981e+00
7749,3.2945085867338796958847524365410208702087e+00
7750,3.2945085867339067853265532903606072068214e+00
7751,3.2945085867338779195279130362905561923981e+00
7752,3.2945085867338796958847524365410208702087e+00
7753,3.2945085867339067853265532903606072068214e+00
7754,3.2945085867338779195279130362905561923981e+00
7755,3.2945085867338796958847524365410208702087e+00
7756,3.2945085867338796958847524365410208702087e+00
7757,3.2945085867339067853265532903606072068214e+00
7758,3.2945085867338779195279130362905561923981e+00
7759,3.2945085867338796958847524365410208702087e+00
7760,3.2945085867339067853265532903606072068214e+00
7761,3.2945085867338779195279130362905561923981e+00
7762,3.2945085867338796958847524365410208702087e+00
7763,3.2945085867339067853265532903606072068214e+00
7764,3.2945085867338779195279130362905561923981e+00
7765,3.2945085867338796958847524365410208702087e+00
7766,3.2945085867339067853265532903606072068214e+00
7767,3.2945085867338779195279130362905561923981e+00
7768,3.2945085867338796958847524365410208702087e+00
7769,3.2945085867339067853265532903606072068214e+00
7770,3.2945085867338779195279130362905561923981e+00
7771,3.2945085867338796958847524365410208702087e+00
7772,3.2945085867339067853265532903606072068214e+00
7773,3.2945085867338779195279130362905561923981e+00
7774,3.2945085867338796958847524365410208702087e+00
7775,3.2945085867339067853265532903606072068214e+00
7776,3.2945085867338779195279130362905561923981e+00
7777,3.2945085867338796958847524365410208702087e+00
7778,3.2945085867339067853265532903606072068214e+00
7779,3.2945085867338779195279130362905561923981e+00
7780,3.2945085867338796958847524365410208702087e+00
7781,3.2945085867339067853265532903606072068214e+00
7782,3.2945085867338779195279130362905561923981e+00
7783,3.2945085867338796958847524365410208702087e+00
7784,3.2945085867338796958847524365410208702087e+00
7785,3.2945085867339067853265532903606072068214e+00
7786,3.2945085867338779195279130362905561923981e+00
7787,3.2945085867338796958847524365410208702087e+00
7788,3.2945085867339067853265532903606072068214e+00
7789,3.2945085867338779195279130362905561923981e+00
7790,3.2945085867338796958847524365410208702087e+00
7791,3.2945085867339067853265532903606072068214e+00
7792,3.2945085867338779195279130362905561923981e+00
7793,3.2945085867338796958847524365410208702087e+00
7794,3.2945085867339067853265532903606072068214e+00
7795,3.2945085867338779195279130362905561923981e+00
7796,3.2945085867338796958847524365410208702087e+00
7797,3.2945085867339067853265532903606072068214e+00
7798,3.2945085867338779195279130362905561923981e+00
7799,3.2945085867338796958847524365410208702087e+00
7800,3.2945085867339067853265532903606072068214e+00
7801,3.2945085867338779195279130362905561923981e+00
7802,3.2945085867338796958847524365410208702087e+00
7803,3.2945085867338796958847524365410208702087e+00
7804,3.2945085867338796958847524365410208702087e+00
7805,3.2945085867339045648805040400475263595581e+00
7806,3.2945085867338592677810993336606770753860e+00
7807,3.2945085867338796958847524365410208702087e+00
7808,3.2945085867338796958847524365410208702087e+00
7809,3.2945085867338796958847524365410208702087e+00
7810,3.2945085867338796958847524365410208702087e+00
7811,3.2945085867339045648805040400475263595581e+00
7812,3.2945085867338592677810993336606770753860e+00
7813,3.2945085867338796958847524365410208702087e+00
7814,3.2945085867338796958847524365410208702087e+00
7815,3.2945085867338796958847524365410208702087e+00
7816,3.2945085867338796958847524365410208702087e+00
7817,3.2945085867339045648805040400475263595581e+00
7818,3.2945085867338592677810993336606770753860e+00
7819,3.2945085867338796958847524365410208702087e+00
7820,3.2945085867338796958847524365410208702087e+00
7821,3.2945085867338796958847524365410208702087e+00
7822,3.2945085867338796958847524365410208702087e+00
7823,3.2945085867338796958847524365410208702087e+00
7824,3.2945085867339045648805040400475263595581e+00
7825,3.2945085867338592677810993336606770753860e+00
7826,3.2945085867338796958847524365410208702087e+00
7827,3.2945085867338796958847524365410208702087e+00
7828,3.2945085867338796958847524365410208702087e+00
7829,3.2945085867338796958847524365410208702087e+00
7830,3.2945085867339045648805040400475263595581e+00
7831,3.2945085867338592677810993336606770753860e+00
7832,3.2945085867338796958847524365410208702087e+00
7833,3.2945085867338796958847524365410208702087e+00
7834,3.2945085867338796958847524365410208702087e+00
7835,3.2945085867338796958847524365410208702087e+00
7836,3.2945085867339045648805040400475263595581e+00
7837,3.2945085867338592677810993336606770753860e+00
7838,3.2945085867338796958847524365410208702087e+00
7839,3.2945085867338796958847524365410208702087e+00
7840,3.2945085867338796958847524365410208702087e+00
7841,3.2945085867338796958847524365410208702087e+00
7842,3.2945085867339045648805040400475263595581e+00
7843,3.2945085867338592677810993336606770753860e+00
7844,3.2945085867338796958847524365410208702087e+00
7845,3.2945085867338796958847524365410208702087e+00
7846,3.2945085867338796958847524365410208702087e+00
7847,3.2945085867338796958847524365410208702087e+00
7848,3.2945085867338796958847524365410208702087e+00
7849,3.2945085867339045648805040400475263595581e+00
7850,3.2945085867338592677810993336606770753860e+00
7851,3.2945085867338796958847524365410208702087e+00
7852,3.2945085867338796958847524365410208702087e+00
7853,3.2945085867338796958847524365410208702087e+00
7854,3.2945085867338796958847524365410208702087e+00
7855,3.2945085867339045648805040400475263595581e+00
7856,3.2945085867338592677810993336606770753860e+00
7857,3.2945085867338796958847524365410208702087e+00
7858,3.2945085867338796958847524365410208702087e+00
7859,3.2945085867338796958847524365410208702087e+00
7860,3.2945085867338796958847524365410208702087e+00
7861,3.2945085867339045648805040400475263595581e+00
7862,3.2945085867338592677810993336606770753860e+00
7863,3.2945085867338796958847524365410208702087e+00
7864,3.2945085867338796958847524365410208702087e+00
7865,3.2945085867338796958847524365410208702087e+00
7866,3.2945085867338796958847524365410208702087e+00
7867,3.2945085867339045648805040400475263595581e+00
7868,3.2945085867338592677810993336606770753860e+00
7869,3.2945085867338796958847524365410208702087e+00
7870,3.2945085867338796958847524365410208702087e+00
7871,3.2945085867338796958847524365410208702087e+00
7872,3.2945085867338796958847524365410208702087e+00
7873,3.2945085867338796958847524365410208702087e+00
7874,3.2945085867339045648805040400475263595581e+00
7875,3.2945085867338592677810993336606770753860e+00
7876,3.2945085867338796958847524365410208702087e+00
7877,3.2945085867338796958847524365410208702087e+00
7878,3.2945085867338796958847524365410208702087e+00
7879,3.2945085867338796958847524365410208702087e+00
7880,3.2945085867339045648805040400475263595581e+00
7881,3.2945085867338592677810993336606770753860e+00
7882,3.2945085867338796958847524365410208702087e+00
7883,3.2945085867338796958847524365410208702087e+00
7884,3.2945085867338796958847524365410208702087e+00
7885,3.2945085867338796958847524365410208702087e+00
7886,3.2945085867339045648805040400475263595581e+00
7887,3.2945085867338592677810993336606770753860e+00
7888,3.2945085867338796958847524365410208702087e+00
7889,3.2945085867338796958847524365410208702087e+00
7890,3.2945085867338796958847524365410208702087e+00
7891,3.2945085867338796958847524365410208702087e+00
7892,3.2945085867339045648805040400475263595581e+00
7893,3.2945085867338592677810993336606770753860e+00
7894,3.2945085867338796958847524365410208702087e+00
7895,3.2945085867338796958847524365410208702087e+00
7896,3.2945085867338796958847524365410208702087e+00
7897,3.2945085867338796958847524365410208702087e+00
7898,3.2945085867338796958847524365410208702087e+00
7899,3.2945085867339045648805040400475263595581e+00
7900,3.2945085867338592677810993336606770753860e+00
7901,3.2945085867338796958847524365410208702087e+00
7902,3.2945085867338796958847524365410208702087e+00
7903,3.2945085867338796958847524365410208702087e+00
7904,3.2945085867338796958847524365410208702087e+00
7905,3.2945085867339045648805040400475263595581e+00
7906,3.2945085867338592677810993336606770753860e+00
7907,3.2945085867338796958847524365410208702087e+00
7908,3.2945085867338796958847524365410208702087e+00
7909,3.2945085867338796958847524365410208702087e+00
7910,3.2945085867338796958847524365410208702087e+00
7911,3.2945085867339045648805040400475263595581e+00
7912,3.2945085867338592677810993336606770753860e+00
7913,3.2945085867338796958847524365410208702087e+00
7914,3.2945085867338796958847524365410208702087e+00
7915,3.2945085867338796958847524365410208702087e+00
7916,3.2945085867338796958847524365410208702087e+00
7917,3.2945085867339045648805040400475263595581e+00
7918,3.2945085867338592677810993336606770753860e+00
7919,3.4919638229490956859990546945482492446899e+00
