index,H
0,2.5853988537487175847218168200924992561340e+00
1,2.4350723404140000027950918592978268861771e+00
2,2.4350723404140000027950918592978268861771e+00
3,2.4350723404140000027950918592978268861771e+00
4,2.4350723404140000027950918592978268861771e+00
5,2.4350723404140000027950918592978268861771e+00
6,2.4350723404140000027950918592978268861771e+00
7,2.4350723404140000027950918592978268861771e+00
8,2.4350723404140000027950918592978268861771e+00
9,2.4350723404140000027950918592978268861771e+00
10,2.4350723404140000027950918592978268861771e+00
11,2.4350723404140000027950918592978268861771e+00
12,2.4350723404140000027950918592978268861771e+00
13,2.4350723404140000027950918592978268861771e+00
14,2.4350723404140000027950918592978268861771e+00
15,2.4350723404140000027950918592978268861771e+00
16,2.4350723404140000027950918592978268861771e+00
17,2.4350723404140000027950918592978268861771e+00
18,2.4350723404140044436871903599239885807037e+00
19,2.4350723404139804628698584565427154302597e+00
20,2.4350723404140124372929676610510796308517e+00
21,2.4350723404139924532785244082333520054817e+00
22,2.4350723404140000027950918592978268861771e+00
23,2.4350723404140000027950918592978268861771e+00
24,2.4350723404140000027950918592978268861771e+00
25,2.4350723404140000027950918592978268861771e+00
26,2.4350723404140000027950918592978268861771e+00
27,2.4350723404140000027950918592978268861771e+00
28,2.4350723404140000027950918592978268861771e+00
29,2.4350723404140000027950918592978268861771e+00
30,2.4350723404140000027950918592978268861771e+00
31,2.4350723404140000027950918592978268861771e+00
32,2.4350723404140000027950918592978268861771e+00
33,2.4350723404140000027950918592978268861771e+00
34,2.4350723404140000027950918592978268861771e+00
35,2.4350723404140000027950918592978268861771e+00
36,2.4350723404140000027950918592978268861771e+00
37,2.4350723404140000027950918592978268861771e+00
38,2.4350723404140000027950918592978268861771e+00
39,2.4350723404140000027950918592978268861771e+00
40,2.4350723404140044436871903599239885807037e+00
41,2.4350723404139924532785244082333520054817e+00
42,2.4350723404140000027950918592978268861771e+00
43,2.4350723404139928973677342582959681749344e+00
44,2.4350723404140039995979805098613724112511e+00
45,2.4350723404140000027950918592978268861771e+00
46,2.4350723404140000027950918592978268861771e+00
47,2.4350723404140000027950918592978268861771e+00
48,2.4350723404140000027950918592978268861771e+00
49,2.4350723404140000027950918592978268861771e+00
50,2.4350723404140000027950918592978268861771e+00
51,2.4350723404140000027950918592978268861771e+00
52,2.4350723404140000027950918592978268861771e+00
53,2.4350723404140000027950918592978268861771e+00
54,2.4350723404140000027950918592978268861771e+00
55,2.4350723404140039995979805098613724112511e+00
56,2.4350723404139968941706229088595137000084e+00
57,2.4350723404140000027950918592978268861771e+00
58,2.4350723404140000027950918592978268861771e+00
59,2.4350723404140000027950918592978268861771e+00
60,2.4350723404140000027950918592978268861771e+00
61,2.4350723404140000027950918592978268861771e+00
62,2.4350723404140000027950918592978268861771e+00
63,2.4350723404140000027950918592978268861771e+00
64,2.4350723404140000027950918592978268861771e+00
65,2.4350723404140000027950918592978268861771e+00
66,2.4350723404140000027950918592978268861771e+00
67,2.4350723404140000027950918592978268861771e+00
68,2.4350723404140000027950918592978268861771e+00
69,2.4350723404140000027950918592978268861771e+00
70,2.4350723404140000027950918592978268861771e+00
71,2.4350723404140000027950918592978268861771e+00
72,2.4350723404140039995979805098613724112511e+00
73,2.4350723404139968941706229088595137000084e+00
74,2.4350723404140000027950918592978268861771e+00
75,2.4350723404140000027950918592978268861771e+00
76,2.4350723404140000027950918592978268861771e+00
77,2.4350723404140000027950918592978268861771e+00
78,2.4350723404139928973677342582959681749344e+00
79,2.4350723404140039995979805098613724112511e+00
80,2.4350723404140044436871903599239885807037e+00
81,2.4350723404139924532785244082333520054817e+00
82,2.4350723404140000027950918592978268861771e+00
83,2.4350723404140000027950918592978268861771e+00
84,2.4350723404140000027950918592978268861771e+00
85,2.4350723404140000027950918592978268861771e+00
86,2.4350723404140000027950918592978268861771e+00
87,2.4350723404140000027950918592978268861771e+00
88,2.4350723404140000027950918592978268861771e+00
89,2.4350723404140000027950918592978268861771e+00
90,2.4350723404140000027950918592978268861771e+00
91,2.4350723404140000027950918592978268861771e+00
92,2.4350723404140000027950918592978268861771e+00
93,2.4350723404140000027950918592978268861771e+00
94,2.4350723404140000027950918592978268861771e+00
95,2.4350723404140000027950918592978268861771e+00
96,2.4350723404140000027950918592978268861771e+00
97,2.4350723404140000027950918592978268861771e+00
98,2.4350723404140000027950918592978268861771e+00
99,2.4350723404140000027950918592978268861771e+00
100,2.4350723404140000027950918592978268861771e+00
101,2.4350723404140000027950918592978268861771e+00
102,2.4350723404140000027950918592978268861771e+00
103,2.4350723404140000027950918592978268861771e+00
104,2.4350723404140000027950918592978268861771e+00
105,2.4350723404140000027950918592978268861771e+00
106,2.4350723404140000027950918592978268861771e+00
107,2.4350723404140000027950918592978268861771e+00
108,2.4350723404140000027950918592978268861771e+00
109,2.4350723404140000027950918592978268861771e+00
110,2.4350723404140000027950918592978268861771e+00
111,2.4350723404140044436871903599239885807037e+00
112,2.4350723404139924532785244082333520054817e+00
113,2.4350723404140000027950918592978268861771e+00
114,2.4350723404140000027950918592978268861771e+00
115,2.4350723404140000027950918592978268861771e+00
116,2.4350723404140000027950918592978268861771e+00
117,2.4350723404140000027950918592978268861771e+00
118,2.4350723404140000027950918592978268861771e+00
119,2.4350723404140000027950918592978268861771e+00
120,2.4350723404140000027950918592978268861771e+00
121,2.4350723404140000027950918592978268861771e+00
122,2.4350723404140000027950918592978268861771e+00
123,2.4350723404140000027950918592978268861771e+00
124,2.4350723404140000027950918592978268861771e+00
125,2.4350723404140000027950918592978268861771e+00
126,2.4350723404140000027950918592978268861771e+00
127,2.4350723404140000027950918592978268861771e+00
128,2.4350723404140000027950918592978268861771e+00
129,2.4350723404140000027950918592978268861771e+00
130,2.4350723404140000027950918592978268861771e+00
131,2.4350723404140000027950918592978268861771e+00
132,2.4350723404140000027950918592978268861771e+00
133,2.4350723404140000027950918592978268861771e+00
134,2.4350723404140000027950918592978268861771e+00
135,2.4350723404140000027950918592978268861771e+00
136,2.4350723404140000027950918592978268861771e+00
137,2.4350723404140000027950918592978268861771e+00
138,2.4350723404140000027950918592978268861771e+00
139,2.4350723404140000027950918592978268861771e+00
140,2.4350723404140000027950918592978268861771e+00
141,2.4350723404140000027950918592978268861771e+00
142,2.4350723404140000027950918592978268861771e+00
143,2.4350723404140000027950918592978268861771e+00
144,2.4350723404140044436871903599239885807037e+00
145,2.4350723404139924532785244082333520054817e+00
146,2.4350723404140000027950918592978268861771e+00
147,2.4350723404140000027950918592978268861771e+00
148,2.4350723404140000027950918592978268861771e+00
149,2.4350723404140000027950918592978268861771e+00
150,2.4350723404140000027950918592978268861771e+00
151,2.4350723404140000027950918592978268861771e+00
152,2.4350723404140000027950918592978268861771e+00
153,2.4350723404140000027950918592978268861771e+00
154,2.4350723404140000027950918592978268861771e+00
155,2.4350723404140000027950918592978268861771e+00
156,2.4350723404139889005648456077324226498604e+00
157,2.4350723404140008909735115594230592250824e+00
158,2.4350723404140000027950918592978268861771e+00
159,2.4350723404140000027950918592978268861771e+00
160,2.4350723404140088845792888605501502752304e+00
161,2.4350723404139884564756357576698064804077e+00
162,2.4350723404140000027950918592978268861771e+00
163,2.4350723404140000027950918592978268861771e+00
164,2.4350723404140000027950918592978268861771e+00
165,2.4350723404140000027950918592978268861771e+00
166,2.4350723404140000027950918592978268861771e+00
167,2.4350723404140000027950918592978268861771e+00
168,2.4350723404140000027950918592978268861771e+00
169,2.4350723404140000027950918592978268861771e+00
170,2.4350723404140000027950918592978268861771e+00
171,2.4350723404140000027950918592978268861771e+00
172,2.4350723404140000027950918592978268861771e+00
173,2.4350723404140000027950918592978268861771e+00
174,2.4350723404140000027950918592978268861771e+00
175,2.4350723404140000027950918592978268861771e+00
176,2.4350723404140000027950918592978268861771e+00
177,2.4350723404140000027950918592978268861771e+00
178,2.4350723404140000027950918592978268861771e+00
179,2.4350723404140000027950918592978268861771e+00
180,2.4350723404140000027950918592978268861771e+00
181,2.4350723404140000027950918592978268861771e+00
182,2.4350723404140000027950918592978268861771e+00
183,2.4350723404140000027950918592978268861771e+00
184,2.4350723404140000027950918592978268861771e+00
185,2.4350723404140000027950918592978268861771e+00
186,2.4350723404140000027950918592978268861771e+00
187,2.4350723404140000027950918592978268861771e+00
188,2.4350723404140000027950918592978268861771e+00
189,2.4350723404140000027950918592978268861771e+00
190,2.4350723404140000027950918592978268861771e+00
191,2.4350723404140000027950918592978268861771e+00
192,2.4350723404140000027950918592978268861771e+00
193,2.4350723404140000027950918592978268861771e+00
194,2.4350723404140000027950918592978268861771e+00
195,2.4350723404140000027950918592978268861771e+00
196,2.4350723404140000027950918592978268861771e+00
197,2.4350723404140000027950918592978268861771e+00
198,2.4350723404140000027950918592978268861771e+00
199,2.4350723404140000027950918592978268861771e+00
200,2.4350723404140000027950918592978268861771e+00
201,2.4350723404140000027950918592978268861771e+00
202,2.4350723404140000027950918592978268861771e+00
203,2.4350723404140000027950918592978268861771e+00
204,2.4350723404140000027950918592978268861771e+00
205,2.4350723404140000027950918592978268861771e+00
206,2.4350723404140000027950918592978268861771e+00
207,2.4350723404140000027950918592978268861771e+00
208,2.4350723404140000027950918592978268861771e+00
209,2.4350723404140000027950918592978268861771e+00
210,2.4350723404140000027950918592978268861771e+00
211,2.4350723404140000027950918592978268861771e+00
212,2.4350723404140000027950918592978268861771e+00
213,2.4350723404140000027950918592978268861771e+00
214,2.4350723404140000027950918592978268861771e+00
215,2.4350723404140000027950918592978268861771e+00
216,2.4350723404140000027950918592978268861771e+00
217,2.4350723404140000027950918592978268861771e+00
218,2.4350723404140000027950918592978268861771e+00
219,2.4350723404140000027950918592978268861771e+00
220,2.4350723404140000027950918592978268861771e+00
221,2.4350723404140000027950918592978268861771e+00
222,2.4350723404140000027950918592978268861771e+00
223,2.4350723404140088845792888605501502752304e+00
224,2.4350723404139884564756357576698064804077e+00
225,2.4350723404140000027950918592978268861771e+00
226,2.4350723404140000027950918592978268861771e+00
227,2.4350723404140000027950918592978268861771e+00
228,2.4350723404140000027950918592978268861771e+00
229,2.4350723404140000027950918592978268861771e+00
230,2.4350723404140000027950918592978268861771e+00
231,2.4350723404140000027950918592978268861771e+00
232,2.4350723404140000027950918592978268861771e+00
233,2.4350723404140000027950918592978268861771e+00
234,2.4350723404140000027950918592978268861771e+00
235,2.4350723404140000027950918592978268861771e+00
236,2.4350723404140000027950918592978268861771e+00
237,2.4350723404140000027950918592978268861771e+00
238,2.4350723404140000027950918592978268861771e+00
239,2.4350723404140000027950918592978268861771e+00
240,2.4350723404140000027950918592978268861771e+00
241,2.4350723404140000027950918592978268861771e+00
242,2.4350723404140000027950918592978268861771e+00
243,2.4350723404140000027950918592978268861771e+00
244,5.1707977074974955655761732487007975578308e+00
245,2.4400051229454193801871042523998767137527e+00
246,5.0000000000265326996484738231174560496584e-03
247,5.0000000000265326996484738231174560496584e-03
248,5.0000000000265326996484738231174560496584e-03
249,5.0000000000265326996484738231174560496584e-03
250,5.0000000000265326996484738231174560496584e-03
251,5.0000000000265326996484738231174560496584e-03
252,5.0000000000265326996484738231174560496584e-03
253,5.0000000000265326996484738231174560496584e-03
254,5.0000000000265326996484738231174560496584e-03
255,5.0000000000265326996484738231174560496584e-03
256,5.0000000000265326996484738231174560496584e-03
257,5.0000000000265326996484738231174560496584e-03
258,5.0000000000265326996484738231174560496584e-03
259,5.0000000000265326996484738231174560496584e-03
260,5.0000000000265326996484738231174560496584e-03
261,5.0000000000265326996484738231174560496584e-03
262,5.0000000000265326996484738231174560496584e-03
263,4.9999999999945591439010073031568026635796e-03
264,5.0000000000434965605200510196937102591619e-03
265,5.0000000000514025627618153180264926049858e-03
266,5.0000000000513479189723220486030186293647e-03
267,5.0000000000265326996484738231174560496584e-03
268,5.0000000000265326996484738231174560496584e-03
269,5.0000000000265326996484738231174560496584e-03
270,5.0000000000265326996484738231174560496584e-03
271,5.0000000000265326996484738231174560496584e-03
272,5.0000000000265326996484738231174560496584e-03
273,5.0000000000265326996484738231174560496584e-03
274,5.0000000000265326996484738231174560496584e-03
275,5.0000000000265326996484738231174560496584e-03
276,5.0000000000265326996484738231174560496584e-03
277,5.0000000000265326996484738231174560496584e-03
278,5.0000000000265326996484738231174560496584e-03
279,5.0000000000265326996484738231174560496584e-03
280,5.0000000000265326996484738231174560496584e-03
281,5.0000000000265326996484738231174560496584e-03
282,5.0000000000265326996484738231174560496584e-03
283,5.0000000000265326996484738231174560496584e-03
284,5.0000000000265326996484738231174560496584e-03
285,4.9999999999945591439010073031568026635796e-03
286,5.0000000000513479189723220486030186293647e-03
287,5.0000000000265326996484738231174560496584e-03
288,5.0000000000708592212683711863974167499691e-03
289,4.9999999997991304012678881463216384872794e-03
290,5.0000000000265326996484738231174560496584e-03
291,5.0000000000265326996484738231174560496584e-03
292,5.0000000000265326996484738231174560496584e-03
293,5.0000000000265326996484738231174560496584e-03
294,5.0000000000265326996484738231174560496584e-03
295,5.0000000000265326996484738231174560496584e-03
296,5.0000000000265326996484738231174560496584e-03
297,5.0000000000265326996484738231174560496584e-03
298,5.0000000000265326996484738231174560496584e-03
299,5.0000000000265326996484738231174560496584e-03
300,5.0000000000468202907000225820866035064682e-03
301,4.9999999999697708127910367181812034687027e-03
302,5.0000000000265326996484738231174560496584e-03
303,5.0000000000265326996484738231174560496584e-03
304,5.0000000000265326996484738231174560496584e-03
305,5.0000000000265326996484738231174560496584e-03
306,5.0000000000265326996484738231174560496584e-03
307,5.0000000000265326996484738231174560496584e-03
308,5.0000000000265326996484738231174560496584e-03
309,5.0000000000265326996484738231174560496584e-03
310,5.0000000000265326996484738231174560496584e-03
311,5.0000000000265326996484738231174560496584e-03
312,5.0000000000265326996484738231174560496584e-03
313,5.0000000000265326996484738231174560496584e-03
314,5.0000000000265326996484738231174560496584e-03
315,5.0000000000265326996484738231174560496584e-03
316,5.0000000000265326996484738231174560496584e-03
317,5.0000000000468202907000225820866035064682e-03
318,4.9999999999697708127910367181812034687027e-03
319,5.0000000000265326996484738231174560496584e-03
320,5.0000000000265326996484738231174560496584e-03
321,5.0000000000265326996484738231174560496584e-03
322,5.0000000000265326996484738231174560496584e-03
323,5.0000000000708592212683711863974167499691e-03
324,4.9999999997991304012678881463216384872794e-03
325,4.9999999999945591439010073031568026635796e-03
326,5.0000000000513479189723220486030186293647e-03
327,5.0000000000265326996484738231174560496584e-03
328,5.0000000000265326996484738231174560496584e-03
329,5.0000000000265326996484738231174560496584e-03
330,5.0000000000265326996484738231174560496584e-03
331,5.0000000000265326996484738231174560496584e-03
332,5.0000000000265326996484738231174560496584e-03
333,5.0000000000265326996484738231174560496584e-03
334,5.0000000000265326996484738231174560496584e-03
335,5.0000000000265326996484738231174560496584e-03
336,5.0000000000265326996484738231174560496584e-03
337,5.0000000000265326996484738231174560496584e-03
338,5.0000000000265326996484738231174560496584e-03
339,5.0000000000265326996484738231174560496584e-03
340,5.0000000000265326996484738231174560496584e-03
341,5.0000000000265326996484738231174560496584e-03
342,5.0000000000265326996484738231174560496584e-03
343,5.0000000000265326996484738231174560496584e-03
344,5.0000000000265326996484738231174560496584e-03
345,5.0000000000265326996484738231174560496584e-03
346,5.0000000000265326996484738231174560496584e-03
347,5.0000000000265326996484738231174560496584e-03
348,5.0000000000265326996484738231174560496584e-03
349,5.0000000000265326996484738231174560496584e-03
350,5.0000000000265326996484738231174560496584e-03
351,5.0000000000265326996484738231174560496584e-03
352,5.0000000000265326996484738231174560496584e-03
353,5.0000000000265326996484738231174560496584e-03
354,5.0000000000265326996484738231174560496584e-03
355,5.0000000000265326996484738231174560496584e-03
356,4.9999999999945591439010073031568026635796e-03
357,5.0000000000513479189723220486030186293647e-03
358,5.0000000000265326996484738231174560496584e-03
359,5.0000000000265326996484738231174560496584e-03
360,5.0000000000265326996484738231174560496584e-03
361,5.0000000000265326996484738231174560496584e-03
362,5.0000000000265326996484738231174560496584e-03
363,5.0000000000265326996484738231174560496584e-03
364,5.0000000000265326996484738231174560496584e-03
365,5.0000000000265326996484738231174560496584e-03
366,5.0000000000265326996484738231174560496584e-03
367,5.0000000000265326996484738231174560496584e-03
368,5.0000000000265326996484738231174560496584e-03
369,5.0000000000265326996484738231174560496584e-03
370,5.0000000000265326996484738231174560496584e-03
371,5.0000000000265326996484738231174560496584e-03
372,5.0000000000265326996484738231174560496584e-03
373,5.0000000000265326996484738231174560496584e-03
374,5.0000000000265326996484738231174560496584e-03
375,5.0000000000265326996484738231174560496584e-03
376,5.0000000000265326996484738231174560496584e-03
377,5.0000000000265326996484738231174560496584e-03
378,5.0000000000265326996484738231174560496584e-03
379,5.0000000000265326996484738231174560496584e-03
380,5.0000000000265326996484738231174560496584e-03
381,5.0000000000265326996484738231174560496584e-03
382,5.0000000000265326996484738231174560496584e-03
383,5.0000000000265326996484738231174560496584e-03
384,5.0000000000265326996484738231174560496584e-03
385,5.0000000000265326996484738231174560496584e-03
386,5.0000000000265326996484738231174560496584e-03
387,5.0000000000265326996484738231174560496584e-03
388,5.0000000000265326996484738231174560496584e-03
389,4.9999999999945591439010073031568026635796e-03
390,5.0000000000513479189723220486030186293647e-03
391,5.0000000000265326996484738231174560496584e-03
392,5.0000000000265326996484738231174560496584e-03
393,5.0000000000265326996484738231174560496584e-03
394,5.0000000000265326996484738231174560496584e-03
395,5.0000000000265326996484738231174560496584e-03
396,5.0000000000265326996484738231174560496584e-03
397,5.0000000000265326996484738231174560496584e-03
398,5.0000000000265326996484738231174560496584e-03
399,5.0000000000265326996484738231174560496584e-03
400,5.0000000000265326996484738231174560496584e-03
401,4.9999999998606116033417201549582387087867e-03
402,4.9999999998239178650161207428936904761940e-03
403,5.0000000000265326996484738231174560496584e-03
404,5.0000000000265326996484738231174560496584e-03
405,4.9999999999820691348739742920770368073136e-03
406,4.9999999999251979604375506482938362751156e-03
407,5.0000000000265326996484738231174560496584e-03
408,5.0000000000265326996484738231174560496584e-03
409,5.0000000000265326996484738231174560496584e-03
410,5.0000000000265326996484738231174560496584e-03
411,5.0000000000265326996484738231174560496584e-03
412,5.0000000000265326996484738231174560496584e-03
413,5.0000000000265326996484738231174560496584e-03
414,5.0000000000265326996484738231174560496584e-03
415,5.0000000000265326996484738231174560496584e-03
416,5.0000000000265326996484738231174560496584e-03
417,5.0000000000265326996484738231174560496584e-03
418,5.0000000000265326996484738231174560496584e-03
419,5.0000000000265326996484738231174560496584e-03
420,5.0000000000265326996484738231174560496584e-03
421,5.0000000000265326996484738231174560496584e-03
422,5.0000000000265326996484738231174560496584e-03
423,5.0000000000265326996484738231174560496584e-03
424,5.0000000000265326996484738231174560496584e-03
425,5.0000000000265326996484738231174560496584e-03
426,5.0000000000265326996484738231174560496584e-03
427,5.0000000000265326996484738231174560496584e-03
428,5.0000000000265326996484738231174560496584e-03
429,5.0000000000265326996484738231174560496584e-03
430,5.0000000000265326996484738231174560496584e-03
431,5.0000000000265326996484738231174560496584e-03
432,5.0000000000265326996484738231174560496584e-03
433,5.0000000000265326996484738231174560496584e-03
434,5.0000000000265326996484738231174560496584e-03
435,5.0000000000265326996484738231174560496584e-03
436,5.0000000000265326996484738231174560496584e-03
437,5.0000000000265326996484738231174560496584e-03
438,5.0000000000265326996484738231174560496584e-03
439,5.0000000000265326996484738231174560496584e-03
440,5.0000000000265326996484738231174560496584e-03
441,5.0000000000265326996484738231174560496584e-03
442,5.0000000000265326996484738231174560496584e-03
443,5.0000000000265326996484738231174560496584e-03
444,5.0000000000265326996484738231174560496584e-03
445,5.0000000000265326996484738231174560496584e-03
446,5.0000000000265326996484738231174560496584e-03
447,5.0000000000265326996484738231174560496584e-03
448,5.0000000000265326996484738231174560496584e-03
449,5.0000000000265326996484738231174560496584e-03
450,5.0000000000265326996484738231174560496584e-03
451,5.0000000000265326996484738231174560496584e-03
452,5.0000000000265326996484738231174560496584e-03
453,5.0000000000265326996484738231174560496584e-03
454,5.0000000000265326996484738231174560496584e-03
455,5.0000000000265326996484738231174560496584e-03
456,5.0000000000265326996484738231174560496584e-03
457,5.0000000000265326996484738231174560496584e-03
458,5.0000000000265326996484738231174560496584e-03
459,5.0000000000265326996484738231174560496584e-03
460,5.0000000000265326996484738231174560496584e-03
461,5.0000000000265326996484738231174560496584e-03
462,5.0000000000265326996484738231174560496584e-03
463,5.0000000000265326996484738231174560496584e-03
464,5.0000000000265326996484738231174560496584e-03
465,5.0000000000265326996484738231174560496584e-03
466,5.0000000000265326996484738231174560496584e-03
467,5.0000000000265326996484738231174560496584e-03
468,4.9999999999820691348739742920770368073136e-03
469,4.9999999999251979604375506482938362751156e-03
470,5.0000000000265326996484738231174560496584e-03
471,5.0000000000265326996484738231174560496584e-03
472,5.0000000000265326996484738231174560496584e-03
473,5.0000000000265326996484738231174560496584e-03
474,5.0000000000265326996484738231174560496584e-03
475,5.0000000000265326996484738231174560496584e-03
476,5.0000000000265326996484738231174560496584e-03
477,5.0000000000265326996484738231174560496584e-03
478,5.0000000000265326996484738231174560496584e-03
479,5.0000000000265326996484738231174560496584e-03
480,5.0000000000265326996484738231174560496584e-03
481,5.0000000000265326996484738231174560496584e-03
482,5.0000000000265326996484738231174560496584e-03
483,5.0000000000265326996484738231174560496584e-03
484,5.0000000000265326996484738231174560496584e-03
485,5.0000000000265326996484738231174560496584e-03
486,5.0000000000265326996484738231174560496584e-03
487,5.0000000000265326996484738231174560496584e-03
488,5.0000000000265326996484738231174560496584e-03
489,2.4400051229454926549067295127315446734428e+00
490,2.4400051229453798562474275968270376324654e+00
491,4.9999999999631944760936086424862878629938e-03
492,4.9999999999631944760936086424862878629938e-03
493,4.9999999999631944760936086424862878629938e-03
494,4.9999999999631944760936086424862878629938e-03
495,4.9999999999631944760936086424862878629938e-03
496,4.9999999999631944760936086424862878629938e-03
497,4.9999999999631944760936086424862878629938e-03
498,4.9999999999631944760936086424862878629938e-03
499,4.9999999999631944760936086424862878629938e-03
500,4.9999999999631944760936086424862878629938e-03
501,4.9999999999631944760936086424862878629938e-03
502,4.9999999999631944760936086424862878629938e-03
503,4.9999999999631944760936086424862878629938e-03
504,4.9999999999631944760936086424862878629938e-03
505,4.9999999999631944760936086424862878629938e-03
506,4.9999999999631944760936086424862878629938e-03
507,4.9999999999631944760936086424862878629938e-03
508,4.9999999999063952926814380361975054256618e-03
509,5.0000000000201124880638836600610375171527e-03
510,5.0000000000645448278158156085737573448569e-03
511,5.0000000000645691139444792838730791117996e-03
512,4.9999999999631944760936086424862878629938e-03
513,4.9999999999631944760936086424862878629938e-03
514,4.9999999999631944760936086424862878629938e-03
515,4.9999999999631944760936086424862878629938e-03
516,4.9999999999631944760936086424862878629938e-03
517,4.9999999999631944760936086424862878629938e-03
518,4.9999999999631944760936086424862878629938e-03
519,4.9999999999631944760936086424862878629938e-03
520,4.9999999999631944760936086424862878629938e-03
521,4.9999999999631944760936086424862878629938e-03
522,4.9999999999631944760936086424862878629938e-03
523,4.9999999999631944760936086424862878629938e-03
524,4.9999999999631944760936086424862878629938e-03
525,4.9999999999631944760936086424862878629938e-03
526,4.9999999999631944760936086424862878629938e-03
527,4.9999999999631944760936086424862878629938e-03
528,4.9999999999631944760936086424862878629938e-03
529,4.9999999999631944760936086424862878629938e-03
530,4.9999999999063952926814380361975054256618e-03
531,5.0000000000645691139444792838730791117996e-03
532,4.9999999999631944760936086424862878629938e-03
533,5.0000000002350377878435061518302973126993e-03
534,5.0000000001782151856644098586457403143868e-03
535,4.9999999999631944760936086424862878629938e-03
536,4.9999999999631944760936086424862878629938e-03
537,4.9999999999631944760936086424862878629938e-03
538,4.9999999999631944760936086424862878629938e-03
539,4.9999999999631944760936086424862878629938e-03
540,4.9999999999631944760936086424862878629938e-03
541,4.9999999999631944760936086424862878629938e-03
542,4.9999999999631944760936086424862878629938e-03
543,4.9999999999631944760936086424862878629938e-03
544,4.9999999999631944760936086424862878629938e-03
545,5.0000000000076979395080556400898785796016e-03
546,5.0000000000396446070416445195405685808510e-03
547,4.9999999999631944760936086424862878629938e-03
548,4.9999999999631944760936086424862878629938e-03
549,4.9999999999631944760936086424862878629938e-03
550,4.9999999999631944760936086424862878629938e-03
551,4.9999999999631944760936086424862878629938e-03
552,4.9999999999631944760936086424862878629938e-03
553,4.9999999999631944760936086424862878629938e-03
554,4.9999999999631944760936086424862878629938e-03
555,4.9999999999631944760936086424862878629938e-03
556,4.9999999999631944760936086424862878629938e-03
557,4.9999999999631944760936086424862878629938e-03
558,4.9999999999631944760936086424862878629938e-03
559,4.9999999999631944760936086424862878629938e-03
560,4.9999999999631944760936086424862878629938e-03
561,4.9999999999631944760936086424862878629938e-03
562,5.0000000000076979395080556400898785796016e-03
563,5.0000000000396446070416445195405685808510e-03
564,4.9999999999631944760936086424862878629938e-03
565,4.9999999999631944760936086424862878629938e-03
566,4.9999999999631944760936086424862878629938e-03
567,4.9999999999631944760936086424862878629938e-03
568,5.0000000002350377878435061518302973126993e-03
569,5.0000000001782151856644098586457403143868e-03
570,4.9999999999063952926814380361975054256618e-03
571,5.0000000000645691139444792838730791117996e-03
572,4.9999999999631944760936086424862878629938e-03
573,4.9999999999631944760936086424862878629938e-03
574,4.9999999999631944760936086424862878629938e-03
575,4.9999999999631944760936086424862878629938e-03
576,4.9999999999631944760936086424862878629938e-03
577,4.9999999999631944760936086424862878629938e-03
578,4.9999999999631944760936086424862878629938e-03
579,4.9999999999631944760936086424862878629938e-03
580,4.9999999999631944760936086424862878629938e-03
581,4.9999999999631944760936086424862878629938e-03
582,4.9999999999631944760936086424862878629938e-03
583,4.9999999999631944760936086424862878629938e-03
584,4.9999999999631944760936086424862878629938e-03
585,4.9999999999631944760936086424862878629938e-03
586,4.9999999999631944760936086424862878629938e-03
587,4.9999999999631944760936086424862878629938e-03
588,4.9999999999631944760936086424862878629938e-03
589,4.9999999999631944760936086424862878629938e-03
590,4.9999999999631944760936086424862878629938e-03
591,4.9999999999631944760936086424862878629938e-03
592,4.9999999999631944760936086424862878629938e-03
593,4.9999999999631944760936086424862878629938e-03
594,4.9999999999631944760936086424862878629938e-03
595,4.9999999999631944760936086424862878629938e-03
596,4.9999999999631944760936086424862878629938e-03
597,4.9999999999631944760936086424862878629938e-03
598,4.9999999999631944760936086424862878629938e-03
599,4.9999999999631944760936086424862878629938e-03
600,4.9999999999631944760936086424862878629938e-03
601,4.9999999999063952926814380361975054256618e-03
602,5.0000000000645691139444792838730791117996e-03
603,4.9999999999631944760936086424862878629938e-03
604,4.9999999999631944760936086424862878629938e-03
605,4.9999999999631944760936086424862878629938e-03
606,4.9999999999631944760936086424862878629938e-03
607,4.9999999999631944760936086424862878629938e-03
608,4.9999999999631944760936086424862878629938e-03
609,4.9999999999631944760936086424862878629938e-03
610,4.9999999999631944760936086424862878629938e-03
611,4.9999999999631944760936086424862878629938e-03
612,4.9999999999631944760936086424862878629938e-03
613,4.9999999999631944760936086424862878629938e-03
614,4.9999999999631944760936086424862878629938e-03
615,4.9999999999631944760936086424862878629938e-03
616,4.9999999999631944760936086424862878629938e-03
617,4.9999999999631944760936086424862878629938e-03
618,4.9999999999631944760936086424862878629938e-03
619,4.9999999999631944760936086424862878629938e-03
620,4.9999999999631944760936086424862878629938e-03
621,4.9999999999631944760936086424862878629938e-03
622,4.9999999999631944760936086424862878629938e-03
623,4.9999999999631944760936086424862878629938e-03
624,4.9999999999631944760936086424862878629938e-03
625,4.9999999999631944760936086424862878629938e-03
626,4.9999999999631944760936086424862878629938e-03
627,4.9999999999631944760936086424862878629938e-03
628,4.9999999999631944760936086424862878629938e-03
629,4.9999999999631944760936086424862878629938e-03
630,4.9999999999631944760936086424862878629938e-03
631,4.9999999999631944760936086424862878629938e-03
632,4.9999999999631944760936086424862878629938e-03
633,4.9999999999631944760936086424862878629938e-03
634,4.9999999999063952926814380361975054256618e-03
635,5.0000000000645691139444792838730791117996e-03
636,4.9999999999631944760936086424862878629938e-03
637,4.9999999999631944760936086424862878629938e-03
638,4.9999999999631944760936086424862878629938e-03
639,4.9999999999631944760936086424862878629938e-03
640,4.9999999999631944760936086424862878629938e-03
641,4.9999999999631944760936086424862878629938e-03
642,4.9999999999631944760936086424862878629938e-03
643,4.9999999999631944760936086424862878629938e-03
644,4.9999999999631944760936086424862878629938e-03
645,4.9999999999631944760936086424862878629938e-03
646,4.9999999998939096204630949671354755992070e-03
647,5.0000000002350620739721698271296190796420e-03
648,4.9999999999631944760936086424862878629938e-03
649,4.9999999999631944760936086424862878629938e-03
650,5.0000000001338539695749929592238913755864e-03
651,4.9999999999063952926814380361975054256618e-03
652,4.9999999999631944760936086424862878629938e-03
653,4.9999999999631944760936086424862878629938e-03
654,4.9999999999631944760936086424862878629938e-03
655,4.9999999999631944760936086424862878629938e-03
656,4.9999999999631944760936086424862878629938e-03
657,4.9999999999631944760936086424862878629938e-03
658,4.9999999999631944760936086424862878629938e-03
659,4.9999999999631944760936086424862878629938e-03
660,4.9999999999631944760936086424862878629938e-03
661,4.9999999999631944760936086424862878629938e-03
662,4.9999999999631944760936086424862878629938e-03
663,4.9999999999631944760936086424862878629938e-03
664,4.9999999999631944760936086424862878629938e-03
665,4.9999999999631944760936086424862878629938e-03
666,4.9999999999631944760936086424862878629938e-03
667,4.9999999999631944760936086424862878629938e-03
668,4.9999999999631944760936086424862878629938e-03
669,4.9999999999631944760936086424862878629938e-03
670,4.9999999999631944760936086424862878629938e-03
671,4.9999999999631944760936086424862878629938e-03
672,4.9999999999631944760936086424862878629938e-03
673,4.9999999999631944760936086424862878629938e-03
674,4.9999999999631944760936086424862878629938e-03
675,4.9999999999631944760936086424862878629938e-03
676,4.9999999999631944760936086424862878629938e-03
677,4.9999999999631944760936086424862878629938e-03
678,4.9999999999631944760936086424862878629938e-03
679,4.9999999999631944760936086424862878629938e-03
680,4.9999999999631944760936086424862878629938e-03
681,4.9999999999631944760936086424862878629938e-03
682,4.9999999999631944760936086424862878629938e-03
683,4.9999999999631944760936086424862878629938e-03
684,4.9999999999631944760936086424862878629938e-03
685,4.9999999999631944760936086424862878629938e-03
686,4.9999999999631944760936086424862878629938e-03
687,4.9999999999631944760936086424862878629938e-03
688,4.9999999999631944760936086424862878629938e-03
689,4.9999999999631944760936086424862878629938e-03
690,4.9999999999631944760936086424862878629938e-03
691,4.9999999999631944760936086424862878629938e-03
692,4.9999999999631944760936086424862878629938e-03
693,4.9999999999631944760936086424862878629938e-03
694,4.9999999999631944760936086424862878629938e-03
695,4.9999999999631944760936086424862878629938e-03
696,4.9999999999631944760936086424862878629938e-03
697,4.9999999999631944760936086424862878629938e-03
698,4.9999999999631944760936086424862878629938e-03
699,4.9999999999631944760936086424862878629938e-03
700,4.9999999999631944760936086424862878629938e-03
701,4.9999999999631944760936086424862878629938e-03
702,4.9999999999631944760936086424862878629938e-03
703,4.9999999999631944760936086424862878629938e-03
704,4.9999999999631944760936086424862878629938e-03
705,4.9999999999631944760936086424862878629938e-03
706,4.9999999999631944760936086424862878629938e-03
707,4.9999999999631944760936086424862878629938e-03
708,4.9999999999631944760936086424862878629938e-03
709,4.9999999999631944760936086424862878629938e-03
710,4.9999999999631944760936086424862878629938e-03
711,4.9999999999631944760936086424862878629938e-03
712,4.9999999999631944760936086424862878629938e-03
713,5.0000000001338539695749929592238913755864e-03
714,4.9999999999063952926814380361975054256618e-03
715,4.9999999999631944760936086424862878629938e-03
716,4.9999999999631944760936086424862878629938e-03
717,4.9999999999631944760936086424862878629938e-03
718,4.9999999999631944760936086424862878629938e-03
719,4.9999999999631944760936086424862878629938e-03
720,4.9999999999631944760936086424862878629938e-03
721,4.9999999999631944760936086424862878629938e-03
722,4.9999999999631944760936086424862878629938e-03
723,4.9999999999631944760936086424862878629938e-03
724,4.9999999999631944760936086424862878629938e-03
725,4.9999999999631944760936086424862878629938e-03
726,4.9999999999631944760936086424862878629938e-03
727,4.9999999999631944760936086424862878629938e-03
728,4.9999999999631944760936086424862878629938e-03
729,4.9999999999631944760936086424862878629938e-03
730,4.9999999999631944760936086424862878629938e-03
731,4.9999999999631944760936086424862878629938e-03
732,4.9999999999631944760936086424862878629938e-03
733,4.9999999999631944760936086424862878629938e-03
734,2.4400051229453540990732562931952998042107e+00
735,2.4400051229453754153553290962008759379387e+00
736,4.9999999998131712530824444229438086040318e-03
737,4.9999999998131712530824444229438086040318e-03
738,4.9999999998131712530824444229438086040318e-03
739,4.9999999998131712530824444229438086040318e-03
740,4.9999999998131712530824444229438086040318e-03
741,4.9999999998131712530824444229438086040318e-03
742,4.9999999998131712530824444229438086040318e-03
743,4.9999999998131712530824444229438086040318e-03
744,4.9999999998131712530824444229438086040318e-03
745,4.9999999998131712530824444229438086040318e-03
746,4.9999999998131712530824444229438086040318e-03
747,4.9999999998131712530824444229438086040318e-03
748,4.9999999998131712530824444229438086040318e-03
749,4.9999999998131712530824444229438086040318e-03
750,4.9999999998131712530824444229438086040318e-03
751,4.9999999998131712530824444229438086040318e-03
752,4.9999999998131712530824444229438086040318e-03
753,4.9999999998210685817068288372411188902333e-03
754,4.9999999996753622180656329021530837053433e-03
755,4.9999999999596270172652623386966297402978e-03
756,4.9999999997119128417044642276323429541662e-03
757,4.9999999998131712530824444229438086040318e-03
758,4.9999999998131712530824444229438086040318e-03
759,4.9999999998131712530824444229438086040318e-03
760,4.9999999998131712530824444229438086040318e-03
761,4.9999999998131712530824444229438086040318e-03
762,4.9999999998131712530824444229438086040318e-03
763,4.9999999998131712530824444229438086040318e-03
764,4.9999999998131712530824444229438086040318e-03
765,4.9999999998131712530824444229438086040318e-03
766,4.9999999998131712530824444229438086040318e-03
767,4.9999999998131712530824444229438086040318e-03
768,4.9999999998131712530824444229438086040318e-03
769,4.9999999998131712530824444229438086040318e-03
770,4.9999999998131712530824444229438086040318e-03
771,4.9999999998131712530824444229438086040318e-03
772,4.9999999998131712530824444229438086040318e-03
773,4.9999999998131712530824444229438086040318e-03
774,4.9999999998131712530824444229438086040318e-03
775,4.9999999998210685817068288372411188902333e-03
776,4.9999999997119128417044642276323429541662e-03
777,4.9999999998131712530824444229438086040318e-03
778,4.9999999998131712530824444229438086040318e-03
779,4.9999999997563625286911559442160069011152e-03
780,4.9999999998131712530824444229438086040318e-03
781,4.9999999998131712530824444229438086040318e-03
782,4.9999999998131712530824444229438086040318e-03
783,4.9999999998131712530824444229438086040318e-03
784,4.9999999998131712530824444229438086040318e-03
785,4.9999999998131712530824444229438086040318e-03
786,4.9999999998131712530824444229438086040318e-03
787,4.9999999998131712530824444229438086040318e-03
788,4.9999999998131712530824444229438086040318e-03
789,4.9999999998131712530824444229438086040318e-03
790,4.9999999996550642186732282823413697769865e-03
791,4.9999999998700198761136803682347817812115e-03
792,4.9999999998131712530824444229438086040318e-03
793,4.9999999998131712530824444229438086040318e-03
794,4.9999999998131712530824444229438086040318e-03
795,4.9999999998131712530824444229438086040318e-03
796,4.9999999998131712530824444229438086040318e-03
797,4.9999999998131712530824444229438086040318e-03
798,4.9999999998131712530824444229438086040318e-03
799,4.9999999998131712530824444229438086040318e-03
800,4.9999999998131712530824444229438086040318e-03
801,4.9999999998131712530824444229438086040318e-03
802,4.9999999998131712530824444229438086040318e-03
803,4.9999999998131712530824444229438086040318e-03
804,4.9999999998131712530824444229438086040318e-03
805,4.9999999998131712530824444229438086040318e-03
806,4.9999999998131712530824444229438086040318e-03
807,4.9999999996550642186732282823413697769865e-03
808,4.9999999998700198761136803682347817812115e-03
809,4.9999999998131712530824444229438086040318e-03
810,4.9999999998131712530824444229438086040318e-03
811,4.9999999998131712530824444229438086040318e-03
812,4.9999999998131712530824444229438086040318e-03
813,4.9999999998131712530824444229438086040318e-03
814,4.9999999997563625286911559442160069011152e-03
815,4.9999999998210685817068288372411188902333e-03
816,4.9999999997119128417044642276323429541662e-03
817,4.9999999998131712530824444229438086040318e-03
818,4.9999999998131712530824444229438086040318e-03
819,4.9999999998131712530824444229438086040318e-03
820,4.9999999998131712530824444229438086040318e-03
821,4.9999999998131712530824444229438086040318e-03
822,4.9999999998131712530824444229438086040318e-03
823,4.9999999998131712530824444229438086040318e-03
824,4.9999999998131712530824444229438086040318e-03
825,4.9999999998131712530824444229438086040318e-03
826,4.9999999998131712530824444229438086040318e-03
827,4.9999999998131712530824444229438086040318e-03
828,4.9999999998131712530824444229438086040318e-03
829,4.9999999998131712530824444229438086040318e-03
830,4.9999999998131712530824444229438086040318e-03
831,4.9999999998131712530824444229438086040318e-03
832,4.9999999998131712530824444229438086040318e-03
833,4.9999999998131712530824444229438086040318e-03
834,4.9999999998131712530824444229438086040318e-03
835,4.9999999998131712530824444229438086040318e-03
836,4.9999999998131712530824444229438086040318e-03
837,4.9999999998131712530824444229438086040318e-03
838,4.9999999998131712530824444229438086040318e-03
839,4.9999999998131712530824444229438086040318e-03
840,4.9999999998131712530824444229438086040318e-03
841,4.9999999998131712530824444229438086040318e-03
842,4.9999999998131712530824444229438086040318e-03
843,4.9999999998131712530824444229438086040318e-03
844,4.9999999998131712530824444229438086040318e-03
845,4.9999999998131712530824444229438086040318e-03
846,4.9999999998210685817068288372411188902333e-03
847,4.9999999997119128417044642276323429541662e-03
848,4.9999999998131712530824444229438086040318e-03
849,4.9999999998131712530824444229438086040318e-03
850,4.9999999998131712530824444229438086040318e-03
851,4.9999999998131712530824444229438086040318e-03
852,4.9999999998131712530824444229438086040318e-03
853,4.9999999998131712530824444229438086040318e-03
854,4.9999999998131712530824444229438086040318e-03
855,4.9999999998131712530824444229438086040318e-03
856,4.9999999998131712530824444229438086040318e-03
857,4.9999999998131712530824444229438086040318e-03
858,4.9999999998131712530824444229438086040318e-03
859,4.9999999998131712530824444229438086040318e-03
860,4.9999999998131712530824444229438086040318e-03
861,4.9999999998131712530824444229438086040318e-03
862,4.9999999998131712530824444229438086040318e-03
863,4.9999999998131712530824444229438086040318e-03
864,4.9999999998131712530824444229438086040318e-03
865,4.9999999998131712530824444229438086040318e-03
866,4.9999999998131712530824444229438086040318e-03
867,4.9999999998131712530824444229438086040318e-03
868,4.9999999998131712530824444229438086040318e-03
869,4.9999999998131712530824444229438086040318e-03
870,4.9999999998131712530824444229438086040318e-03
871,4.9999999998131712530824444229438086040318e-03
872,4.9999999998131712530824444229438086040318e-03
873,4.9999999998131712530824444229438086040318e-03
874,4.9999999998131712530824444229438086040318e-03
875,4.9999999998131712530824444229438086040318e-03
876,4.9999999998131712530824444229438086040318e-03
877,4.9999999998131712530824444229438086040318e-03
878,4.9999999998131712530824444229438086040318e-03
879,4.9999999998210685817068288372411188902333e-03
880,4.9999999997119128417044642276323429541662e-03
881,4.9999999998131712530824444229438086040318e-03
882,4.9999999998131712530824444229438086040318e-03
883,4.9999999998131712530824444229438086040318e-03
884,4.9999999998131712530824444229438086040318e-03
885,4.9999999998131712530824444229438086040318e-03
886,4.9999999998131712530824444229438086040318e-03
887,4.9999999998131712530824444229438086040318e-03
888,4.9999999998131712530824444229438086040318e-03
889,4.9999999998131712530824444229438086040318e-03
890,4.9999999998131712530824444229438086040318e-03
891,4.9999999997641601107156716921053885016590e-03
892,4.9999999999143880310970011748850083677098e-03
893,4.9999999998131712530824444229438086040318e-03
894,4.9999999998131712530824444229438086040318e-03
895,4.9999999999837179895378902472202753415331e-03
896,4.9999999998131504364007327012586756609380e-03
897,4.9999999998131712530824444229438086040318e-03
898,4.9999999998131712530824444229438086040318e-03
899,4.9999999998131712530824444229438086040318e-03
900,4.9999999998131712530824444229438086040318e-03
901,4.9999999998131712530824444229438086040318e-03
902,4.9999999998131712530824444229438086040318e-03
903,4.9999999998131712530824444229438086040318e-03
904,4.9999999998131712530824444229438086040318e-03
905,4.9999999998131712530824444229438086040318e-03
906,4.9999999998131712530824444229438086040318e-03
907,4.9999999998131712530824444229438086040318e-03
908,4.9999999998131712530824444229438086040318e-03
909,4.9999999998131712530824444229438086040318e-03
910,4.9999999998131712530824444229438086040318e-03
911,4.9999999998131712530824444229438086040318e-03
912,4.9999999998131712530824444229438086040318e-03
913,4.9999999998131712530824444229438086040318e-03
914,4.9999999998131712530824444229438086040318e-03
915,4.9999999998131712530824444229438086040318e-03
916,4.9999999998131712530824444229438086040318e-03
917,4.9999999998131712530824444229438086040318e-03
918,4.9999999998131712530824444229438086040318e-03
919,4.9999999998131712530824444229438086040318e-03
920,4.9999999998131712530824444229438086040318e-03
921,4.9999999998131712530824444229438086040318e-03
922,4.9999999998131712530824444229438086040318e-03
923,4.9999999998131712530824444229438086040318e-03
924,4.9999999998131712530824444229438086040318e-03
925,4.9999999998131712530824444229438086040318e-03
926,4.9999999998131712530824444229438086040318e-03
927,4.9999999998131712530824444229438086040318e-03
928,4.9999999998131712530824444229438086040318e-03
929,4.9999999998131712530824444229438086040318e-03
930,4.9999999998131712530824444229438086040318e-03
931,4.9999999998131712530824444229438086040318e-03
932,4.9999999998131712530824444229438086040318e-03
933,4.9999999998131712530824444229438086040318e-03
934,4.9999999998131712530824444229438086040318e-03
935,4.9999999998131712530824444229438086040318e-03
936,4.9999999998131712530824444229438086040318e-03
937,4.9999999998131712530824444229438086040318e-03
938,4.9999999998131712530824444229438086040318e-03
939,4.9999999998131712530824444229438086040318e-03
940,4.9999999998131712530824444229438086040318e-03
941,4.9999999998131712530824444229438086040318e-03
942,4.9999999998131712530824444229438086040318e-03
943,4.9999999998131712530824444229438086040318e-03
944,4.9999999998131712530824444229438086040318e-03
945,4.9999999998131712530824444229438086040318e-03
946,4.9999999998131712530824444229438086040318e-03
947,4.9999999998131712530824444229438086040318e-03
948,4.9999999998131712530824444229438086040318e-03
949,4.9999999998131712530824444229438086040318e-03
950,4.9999999998131712530824444229438086040318e-03
951,4.9999999998131712530824444229438086040318e-03
952,4.9999999998131712530824444229438086040318e-03
953,4.9999999998131712530824444229438086040318e-03
954,4.9999999998131712530824444229438086040318e-03
955,4.9999999998131712530824444229438086040318e-03
956,4.9999999998131712530824444229438086040318e-03
957,4.9999999998131712530824444229438086040318e-03
958,4.9999999999837179895378902472202753415331e-03
959,4.9999999998131504364007327012586756609380e-03
960,4.9999999998131712530824444229438086040318e-03
961,4.9999999998131712530824444229438086040318e-03
962,4.9999999998131712530824444229438086040318e-03
963,4.9999999998131712530824444229438086040318e-03
964,4.9999999998131712530824444229438086040318e-03
965,4.9999999998131712530824444229438086040318e-03
966,4.9999999998131712530824444229438086040318e-03
967,4.9999999998131712530824444229438086040318e-03
968,4.9999999998131712530824444229438086040318e-03
969,4.9999999998131712530824444229438086040318e-03
970,4.9999999998131712530824444229438086040318e-03
971,4.9999999998131712530824444229438086040318e-03
972,4.9999999998131712530824444229438086040318e-03
973,4.9999999998131712530824444229438086040318e-03
974,4.9999999998131712530824444229438086040318e-03
975,4.9999999998131712530824444229438086040318e-03
976,4.9999999998131712530824444229438086040318e-03
977,4.9999999998131712530824444229438086040318e-03
978,4.9999999998131712530824444229438086040318e-03
979,2.4400051229454606804836203082231804728508e+00
980,2.4400051229454247092576224531512707471848e+00
981,5.0000000000851810982860357057688815984875e-03
982,5.0000000000851810982860357057688815984875e-03
983,5.0000000000851810982860357057688815984875e-03
984,5.0000000000851810982860357057688815984875e-03
985,5.0000000000851810982860357057688815984875e-03
986,5.0000000000851810982860357057688815984875e-03
987,5.0000000000851810982860357057688815984875e-03
988,5.0000000000851810982860357057688815984875e-03
989,5.0000000000851810982860357057688815984875e-03
990,5.0000000000851810982860357057688815984875e-03
991,5.0000000000851810982860357057688815984875e-03
992,5.0000000000851810982860357057688815984875e-03
993,5.0000000000851810982860357057688815984875e-03
994,5.0000000000851810982860357057688815984875e-03
995,5.0000000000851810982860357057688815984875e-03
996,5.0000000000851810982860357057688815984875e-03
997,5.0000000000851810982860357057688815984875e-03
998,5.0000000001387068584990380770705087343231e-03
999,5.0000000000329303598278762876816472271457e-03
1000,4.9999999999557473082112402096299774711952e-03
1001,4.9999999999270393694073000290245545329526e-03
1002,5.0000000000851810982860357057688815984875e-03
1003,5.0000000000851810982860357057688815984875e-03
1004,5.0000000000851810982860357057688815984875e-03
1005,5.0000000000851810982860357057688815984875e-03
1006,5.0000000000851810982860357057688815984875e-03
1007,5.0000000000851810982860357057688815984875e-03
1008,5.0000000000851810982860357057688815984875e-03
1009,5.0000000000851810982860357057688815984875e-03
1010,5.0000000000851810982860357057688815984875e-03
1011,5.0000000000851810982860357057688815984875e-03
1012,5.0000000000851810982860357057688815984875e-03
1013,5.0000000000851810982860357057688815984875e-03
1014,5.0000000000851810982860357057688815984875e-03
1015,5.0000000000851810982860357057688815984875e-03
1016,5.0000000000851810982860357057688815984875e-03
1017,5.0000000000851810982860357057688815984875e-03
1018,5.0000000000851810982860357057688815984875e-03
1019,5.0000000000851810982860357057688815984875e-03
1020,5.0000000001387068584990380770705087343231e-03
1021,4.9999999999270393694073000290245545329526e-03
1022,5.0000000000851810982860357057688815984875e-03
1023,5.0000000001171329699900525156408548355103e-03
1024,4.9999999998577805346289260057801584480330e-03
1025,5.0000000000851810982860357057688815984875e-03
1026,5.0000000000851810982860357057688815984875e-03
1027,5.0000000000851810982860357057688815984875e-03
1028,5.0000000000851810982860357057688815984875e-03
1029,5.0000000000851810982860357057688815984875e-03
1030,5.0000000000851810982860357057688815984875e-03
1031,5.0000000000851810982860357057688815984875e-03
1032,5.0000000000851810982860357057688815984875e-03
1033,5.0000000000851810982860357057688815984875e-03
1034,5.0000000000851810982860357057688815984875e-03
1035,4.9999999999636394326651966935060045216233e-03
1036,4.9999999999146638521296814872130198637024e-03
1037,5.0000000000851810982860357057688815984875e-03
1038,5.0000000000851810982860357057688815984875e-03
1039,5.0000000000851810982860357057688815984875e-03
1040,5.0000000000851810982860357057688815984875e-03
1041,5.0000000000851810982860357057688815984875e-03
1042,5.0000000000851810982860357057688815984875e-03
1043,5.0000000000851810982860357057688815984875e-03
1044,5.0000000000851810982860357057688815984875e-03
1045,5.0000000000851810982860357057688815984875e-03
1046,5.0000000000851810982860357057688815984875e-03
1047,5.0000000000851810982860357057688815984875e-03
1048,5.0000000000851810982860357057688815984875e-03
1049,5.0000000000851810982860357057688815984875e-03
1050,5.0000000000851810982860357057688815984875e-03
1051,5.0000000000851810982860357057688815984875e-03
1052,4.9999999999636394326651966935060045216233e-03
1053,4.9999999999146638521296814872130198637024e-03
1054,5.0000000000851810982860357057688815984875e-03
1055,5.0000000000851810982860357057688815984875e-03
1056,5.0000000000851810982860357057688815984875e-03
1057,5.0000000000851810982860357057688815984875e-03
1058,5.0000000001171329699900525156408548355103e-03
1059,4.9999999998577805346289260057801584480330e-03
1060,5.0000000001387068584990380770705087343231e-03
1061,4.9999999999270393694073000290245545329526e-03
1062,5.0000000000851810982860357057688815984875e-03
1063,5.0000000000851810982860357057688815984875e-03
1064,5.0000000000851810982860357057688815984875e-03
1065,5.0000000000851810982860357057688815984875e-03
1066,5.0000000000851810982860357057688815984875e-03
1067,5.0000000000851810982860357057688815984875e-03
1068,5.0000000000851810982860357057688815984875e-03
1069,5.0000000000851810982860357057688815984875e-03
1070,5.0000000000851810982860357057688815984875e-03
1071,5.0000000000851810982860357057688815984875e-03
1072,5.0000000000851810982860357057688815984875e-03
1073,5.0000000000851810982860357057688815984875e-03
1074,5.0000000000851810982860357057688815984875e-03
1075,5.0000000000851810982860357057688815984875e-03
1076,5.0000000000851810982860357057688815984875e-03
1077,5.0000000000851810982860357057688815984875e-03
1078,5.0000000000851810982860357057688815984875e-03
1079,5.0000000000851810982860357057688815984875e-03
1080,5.0000000000851810982860357057688815984875e-03
1081,5.0000000000851810982860357057688815984875e-03
1082,5.0000000000851810982860357057688815984875e-03
1083,5.0000000000851810982860357057688815984875e-03
1084,5.0000000000851810982860357057688815984875e-03
1085,5.0000000000851810982860357057688815984875e-03
1086,5.0000000000851810982860357057688815984875e-03
1087,5.0000000000851810982860357057688815984875e-03
1088,5.0000000000851810982860357057688815984875e-03
1089,5.0000000000851810982860357057688815984875e-03
1090,5.0000000000851810982860357057688815984875e-03
1091,5.0000000001387068584990380770705087343231e-03
1092,4.9999999999270393694073000290245545329526e-03
1093,5.0000000000851810982860357057688815984875e-03
1094,5.0000000000851810982860357057688815984875e-03
1095,5.0000000000851810982860357057688815984875e-03
1096,5.0000000000851810982860357057688815984875e-03
1097,5.0000000000851810982860357057688815984875e-03
1098,5.0000000000851810982860357057688815984875e-03
1099,5.0000000000851810982860357057688815984875e-03
1100,5.0000000000851810982860357057688815984875e-03
1101,5.0000000000851810982860357057688815984875e-03
1102,5.0000000000851810982860357057688815984875e-03
1103,5.0000000000851810982860357057688815984875e-03
1104,5.0000000000851810982860357057688815984875e-03
1105,5.0000000000851810982860357057688815984875e-03
1106,5.0000000000851810982860357057688815984875e-03
1107,5.0000000000851810982860357057688815984875e-03
1108,5.0000000000851810982860357057688815984875e-03
1109,5.0000000000851810982860357057688815984875e-03
1110,5.0000000000851810982860357057688815984875e-03
1111,5.0000000000851810982860357057688815984875e-03
1112,5.0000000000851810982860357057688815984875e-03
1113,5.0000000000851810982860357057688815984875e-03
1114,5.0000000000851810982860357057688815984875e-03
1115,5.0000000000851810982860357057688815984875e-03
1116,5.0000000000851810982860357057688815984875e-03
1117,5.0000000000851810982860357057688815984875e-03
1118,5.0000000000851810982860357057688815984875e-03
1119,5.0000000000851810982860357057688815984875e-03
1120,5.0000000000851810982860357057688815984875e-03
1121,5.0000000000851810982860357057688815984875e-03
1122,5.0000000000851810982860357057688815984875e-03
1123,5.0000000000851810982860357057688815984875e-03
1124,5.0000000001387068584990380770705087343231e-03
1125,4.9999999999270393694073000290245545329526e-03
1126,5.0000000000851810982860357057688815984875e-03
1127,5.0000000000851810982860357057688815984875e-03
1128,5.0000000000851810982860357057688815984875e-03
1129,5.0000000000851810982860357057688815984875e-03
1130,5.0000000000851810982860357057688815984875e-03
1131,5.0000000000851810982860357057688815984875e-03
1132,5.0000000000851810982860357057688815984875e-03
1133,5.0000000000851810982860357057688815984875e-03
1134,5.0000000000851810982860357057688815984875e-03
1135,5.0000000000851810982860357057688815984875e-03
1136,5.0000000000080483536502029551229497883469e-03
1137,4.9999999999146308923836379278782260371372e-03
1138,5.0000000000851810982860357057688815984875e-03
1139,5.0000000000851810982860357057688815984875e-03
1140,5.0000000000602990921083623732101841596887e-03
1141,5.0000000000602826122353405935427872464061e-03
1142,5.0000000000851810982860357057688815984875e-03
1143,5.0000000000851810982860357057688815984875e-03
1144,5.0000000000851810982860357057688815984875e-03
1145,5.0000000000851810982860357057688815984875e-03
1146,5.0000000000851810982860357057688815984875e-03
1147,5.0000000000851810982860357057688815984875e-03
1148,5.0000000000851810982860357057688815984875e-03
1149,5.0000000000851810982860357057688815984875e-03
1150,5.0000000000851810982860357057688815984875e-03
1151,5.0000000000851810982860357057688815984875e-03
1152,5.0000000000851810982860357057688815984875e-03
1153,5.0000000000851810982860357057688815984875e-03
1154,5.0000000000851810982860357057688815984875e-03
1155,5.0000000000851810982860357057688815984875e-03
1156,5.0000000000851810982860357057688815984875e-03
1157,5.0000000000851810982860357057688815984875e-03
1158,5.0000000000851810982860357057688815984875e-03
1159,5.0000000000851810982860357057688815984875e-03
1160,5.0000000000851810982860357057688815984875e-03
1161,5.0000000000851810982860357057688815984875e-03
1162,5.0000000000851810982860357057688815984875e-03
1163,5.0000000000851810982860357057688815984875e-03
1164,5.0000000000851810982860357057688815984875e-03
1165,5.0000000000851810982860357057688815984875e-03
1166,5.0000000000851810982860357057688815984875e-03
1167,5.0000000000851810982860357057688815984875e-03
1168,5.0000000000851810982860357057688815984875e-03
1169,5.0000000000851810982860357057688815984875e-03
1170,5.0000000000851810982860357057688815984875e-03
1171,5.0000000000851810982860357057688815984875e-03
1172,5.0000000000851810982860357057688815984875e-03
1173,5.0000000000851810982860357057688815984875e-03
1174,5.0000000000851810982860357057688815984875e-03
1175,5.0000000000851810982860357057688815984875e-03
1176,5.0000000000851810982860357057688815984875e-03
1177,5.0000000000851810982860357057688815984875e-03
1178,5.0000000000851810982860357057688815984875e-03
1179,5.0000000000851810982860357057688815984875e-03
1180,5.0000000000851810982860357057688815984875e-03
1181,5.0000000000851810982860357057688815984875e-03
1182,5.0000000000851810982860357057688815984875e-03
1183,5.0000000000851810982860357057688815984875e-03
1184,5.0000000000851810982860357057688815984875e-03
1185,5.0000000000851810982860357057688815984875e-03
1186,5.0000000000851810982860357057688815984875e-03
1187,5.0000000000851810982860357057688815984875e-03
1188,5.0000000000851810982860357057688815984875e-03
1189,5.0000000000851810982860357057688815984875e-03
1190,5.0000000000851810982860357057688815984875e-03
1191,5.0000000000851810982860357057688815984875e-03
1192,5.0000000000851810982860357057688815984875e-03
1193,5.0000000000851810982860357057688815984875e-03
1194,5.0000000000851810982860357057688815984875e-03
1195,5.0000000000851810982860357057688815984875e-03
1196,5.0000000000851810982860357057688815984875e-03
1197,5.0000000000851810982860357057688815984875e-03
1198,5.0000000000851810982860357057688815984875e-03
1199,5.0000000000851810982860357057688815984875e-03
1200,5.0000000000851810982860357057688815984875e-03
1201,5.0000000000851810982860357057688815984875e-03
1202,5.0000000000851810982860357057688815984875e-03
1203,5.0000000000602990921083623732101841596887e-03
1204,5.0000000000602826122353405935427872464061e-03
1205,5.0000000000851810982860357057688815984875e-03
1206,5.0000000000851810982860357057688815984875e-03
1207,5.0000000000851810982860357057688815984875e-03
1208,5.0000000000851810982860357057688815984875e-03
1209,5.0000000000851810982860357057688815984875e-03
1210,5.0000000000851810982860357057688815984875e-03
1211,5.0000000000851810982860357057688815984875e-03
1212,5.0000000000851810982860357057688815984875e-03
1213,5.0000000000851810982860357057688815984875e-03
1214,5.0000000000851810982860357057688815984875e-03
1215,5.0000000000851810982860357057688815984875e-03
1216,5.0000000000851810982860357057688815984875e-03
1217,5.0000000000851810982860357057688815984875e-03
1218,5.0000000000851810982860357057688815984875e-03
1219,5.0000000000851810982860357057688815984875e-03
1220,5.0000000000851810982860357057688815984875e-03
1221,5.0000000000851810982860357057688815984875e-03
1222,5.0000000000851810982860357057688815984875e-03
1223,5.0000000000851810982860357057688815984875e-03
1224,2.4400051229454664536433483590371906757355e+00
1225,2.4400051229454358114878687047166749835014e+00
1226,4.9999999997521376096654144305375666590407e-03
1227,4.9999999997521376096654144305375666590407e-03
1228,4.9999999997521376096654144305375666590407e-03
1229,4.9999999997521376096654144305375666590407e-03
1230,4.9999999997521376096654144305375666590407e-03
1231,4.9999999997521376096654144305375666590407e-03
1232,4.9999999997521376096654144305375666590407e-03
1233,4.9999999997521376096654144305375666590407e-03
1234,4.9999999997521376096654144305375666590407e-03
1235,4.9999999997521376096654144305375666590407e-03
1236,4.9999999997521376096654144305375666590407e-03
1237,4.9999999997521376096654144305375666590407e-03
1238,4.9999999997521376096654144305375666590407e-03
1239,4.9999999997521376096654144305375666590407e-03
1240,4.9999999997521376096654144305375666590407e-03
1241,4.9999999997521376096654144305375666590407e-03
1242,4.9999999997521376096654144305375666590407e-03
1243,4.9999999998690753191810109967718744883314e-03
1244,4.9999999999500591499335122591674007708207e-03
1245,5.0000000000716120912569451206763915251940e-03
1246,4.9999999999546414219953049951072898693383e-03
1247,4.9999999997521376096654144305375666590407e-03
1248,4.9999999997521376096654144305375666590407e-03
1249,4.9999999997521376096654144305375666590407e-03
1250,4.9999999997521376096654144305375666590407e-03
1251,4.9999999997521376096654144305375666590407e-03
1252,4.9999999997521376096654144305375666590407e-03
1253,4.9999999997521376096654144305375666590407e-03
1254,4.9999999997521376096654144305375666590407e-03
1255,4.9999999997521376096654144305375666590407e-03
1256,4.9999999997521376096654144305375666590407e-03
1257,4.9999999997521376096654144305375666590407e-03
1258,4.9999999997521376096654144305375666590407e-03
1259,4.9999999997521376096654144305375666590407e-03
1260,4.9999999997521376096654144305375666590407e-03
1261,4.9999999997521376096654144305375666590407e-03
1262,4.9999999997521376096654144305375666590407e-03
1263,4.9999999997521376096654144305375666590407e-03
1264,4.9999999997521376096654144305375666590407e-03
1265,4.9999999998690753191810109967718744883314e-03
1266,4.9999999999546414219953049951072898693383e-03
1267,4.9999999997521376096654144305375666590407e-03
1268,4.9999999999795260302581922928766289260238e-03
1269,4.9999999998658253147487684486804937478155e-03
1270,4.9999999997521376096654144305375666590407e-03
1271,4.9999999997521376096654144305375666590407e-03
1272,4.9999999997521376096654144305375666590407e-03
1273,4.9999999997521376096654144305375666590407e-03
1274,4.9999999997521376096654144305375666590407e-03
1275,4.9999999997521376096654144305375666590407e-03
1276,4.9999999997521376096654144305375666590407e-03
1277,4.9999999997521376096654144305375666590407e-03
1278,4.9999999997521376096654144305375666590407e-03
1279,4.9999999997521376096654144305375666590407e-03
1280,4.9999999999873721845400353913646540604532e-03
1281,4.9999999999795321017903582117014593677595e-03
1282,4.9999999997521376096654144305375666590407e-03
1283,4.9999999997521376096654144305375666590407e-03
1284,4.9999999997521376096654144305375666590407e-03
1285,4.9999999997521376096654144305375666590407e-03
1286,4.9999999997521376096654144305375666590407e-03
1287,4.9999999997521376096654144305375666590407e-03
1288,4.9999999997521376096654144305375666590407e-03
1289,4.9999999997521376096654144305375666590407e-03
1290,4.9999999997521376096654144305375666590407e-03
1291,4.9999999997521376096654144305375666590407e-03
1292,4.9999999997521376096654144305375666590407e-03
1293,4.9999999997521376096654144305375666590407e-03
1294,4.9999999997521376096654144305375666590407e-03
1295,4.9999999997521376096654144305375666590407e-03
1296,4.9999999997521376096654144305375666590407e-03
1297,4.9999999999873721845400353913646540604532e-03
1298,4.9999999999795321017903582117014593677595e-03
1299,4.9999999997521376096654144305375666590407e-03
1300,4.9999999997521376096654144305375666590407e-03
1301,4.9999999997521376096654144305375666590407e-03
1302,4.9999999997521376096654144305375666590407e-03
1303,4.9999999999795260302581922928766289260238e-03
1304,4.9999999998658253147487684486804937478155e-03
1305,4.9999999998690753191810109967718744883314e-03
1306,4.9999999999546414219953049951072898693383e-03
1307,4.9999999997521376096654144305375666590407e-03
1308,4.9999999997521376096654144305375666590407e-03
1309,4.9999999997521376096654144305375666590407e-03
1310,4.9999999997521376096654144305375666590407e-03
1311,4.9999999997521376096654144305375666590407e-03
1312,4.9999999997521376096654144305375666590407e-03
1313,4.9999999997521376096654144305375666590407e-03
1314,4.9999999997521376096654144305375666590407e-03
1315,4.9999999997521376096654144305375666590407e-03
1316,4.9999999997521376096654144305375666590407e-03
1317,4.9999999997521376096654144305375666590407e-03
1318,4.9999999997521376096654144305375666590407e-03
1319,4.9999999997521376096654144305375666590407e-03
1320,4.9999999997521376096654144305375666590407e-03
1321,4.9999999997521376096654144305375666590407e-03
1322,4.9999999997521376096654144305375666590407e-03
1323,4.9999999997521376096654144305375666590407e-03
1324,4.9999999997521376096654144305375666590407e-03
1325,4.9999999997521376096654144305375666590407e-03
1326,4.9999999997521376096654144305375666590407e-03
1327,4.9999999997521376096654144305375666590407e-03
1328,4.9999999997521376096654144305375666590407e-03
1329,4.9999999997521376096654144305375666590407e-03
1330,4.9999999997521376096654144305375666590407e-03
1331,4.9999999997521376096654144305375666590407e-03
1332,4.9999999997521376096654144305375666590407e-03
1333,4.9999999997521376096654144305375666590407e-03
1334,4.9999999997521376096654144305375666590407e-03
1335,4.9999999997521376096654144305375666590407e-03
1336,4.9999999998690753191810109967718744883314e-03
1337,4.9999999999546414219953049951072898693383e-03
1338,4.9999999997521376096654144305375666590407e-03
1339,4.9999999997521376096654144305375666590407e-03
1340,4.9999999997521376096654144305375666590407e-03
1341,4.9999999997521376096654144305375666590407e-03
1342,4.9999999997521376096654144305375666590407e-03
1343,4.9999999997521376096654144305375666590407e-03
1344,4.9999999997521376096654144305375666590407e-03
1345,4.9999999997521376096654144305375666590407e-03
1346,4.9999999997521376096654144305375666590407e-03
1347,4.9999999997521376096654144305375666590407e-03
1348,4.9999999997521376096654144305375666590407e-03
1349,4.9999999997521376096654144305375666590407e-03
1350,4.9999999997521376096654144305375666590407e-03
1351,4.9999999997521376096654144305375666590407e-03
1352,4.9999999997521376096654144305375666590407e-03
1353,4.9999999997521376096654144305375666590407e-03
1354,4.9999999997521376096654144305375666590407e-03
1355,4.9999999997521376096654144305375666590407e-03
1356,4.9999999997521376096654144305375666590407e-03
1357,4.9999999997521376096654144305375666590407e-03
1358,4.9999999997521376096654144305375666590407e-03
1359,4.9999999997521376096654144305375666590407e-03
1360,4.9999999997521376096654144305375666590407e-03
1361,4.9999999997521376096654144305375666590407e-03
1362,4.9999999997521376096654144305375666590407e-03
1363,4.9999999997521376096654144305375666590407e-03
1364,4.9999999997521376096654144305375666590407e-03
1365,4.9999999997521376096654144305375666590407e-03
1366,4.9999999997521376096654144305375666590407e-03
1367,4.9999999997521376096654144305375666590407e-03
1368,4.9999999997521376096654144305375666590407e-03
1369,4.9999999998690753191810109967718744883314e-03
1370,4.9999999999546414219953049951072898693383e-03
1371,4.9999999997521376096654144305375666590407e-03
1372,4.9999999997521376096654144305375666590407e-03
1373,4.9999999997521376096654144305375666590407e-03
1374,4.9999999997521376096654144305375666590407e-03
1375,4.9999999997521376096654144305375666590407e-03
1376,4.9999999997521376096654144305375666590407e-03
1377,4.9999999997521376096654144305375666590407e-03
1378,4.9999999997521376096654144305375666590407e-03
1379,4.9999999997521376096654144305375666590407e-03
1380,4.9999999997521376096654144305375666590407e-03
1381,4.9999999999056502289485059975504555040970e-03
1382,5.0000000000114857082178509983805270167068e-03
1383,4.9999999997521376096654144305375666590407e-03
1384,4.9999999997521376096654144305375666590407e-03
1385,5.0000000000239150019232248212119884556159e-03
1386,4.9999999999670646441685128991139208665118e-03
1387,4.9999999997521376096654144305375666590407e-03
1388,4.9999999997521376096654144305375666590407e-03
1389,4.9999999997521376096654144305375666590407e-03
1390,4.9999999997521376096654144305375666590407e-03
1391,4.9999999997521376096654144305375666590407e-03
1392,4.9999999997521376096654144305375666590407e-03
1393,4.9999999997521376096654144305375666590407e-03
1394,4.9999999997521376096654144305375666590407e-03
1395,4.9999999997521376096654144305375666590407e-03
1396,4.9999999997521376096654144305375666590407e-03
1397,4.9999999997521376096654144305375666590407e-03
1398,4.9999999997521376096654144305375666590407e-03
1399,4.9999999997521376096654144305375666590407e-03
1400,4.9999999997521376096654144305375666590407e-03
1401,4.9999999997521376096654144305375666590407e-03
1402,4.9999999997521376096654144305375666590407e-03
1403,4.9999999997521376096654144305375666590407e-03
1404,4.9999999997521376096654144305375666590407e-03
1405,4.9999999997521376096654144305375666590407e-03
1406,4.9999999997521376096654144305375666590407e-03
1407,4.9999999997521376096654144305375666590407e-03
1408,4.9999999997521376096654144305375666590407e-03
1409,4.9999999997521376096654144305375666590407e-03
1410,4.9999999997521376096654144305375666590407e-03
1411,4.9999999997521376096654144305375666590407e-03
1412,4.9999999997521376096654144305375666590407e-03
1413,4.9999999997521376096654144305375666590407e-03
1414,4.9999999997521376096654144305375666590407e-03
1415,4.9999999997521376096654144305375666590407e-03
1416,4.9999999997521376096654144305375666590407e-03
1417,4.9999999997521376096654144305375666590407e-03
1418,4.9999999997521376096654144305375666590407e-03
1419,4.9999999997521376096654144305375666590407e-03
1420,4.9999999997521376096654144305375666590407e-03
1421,4.9999999997521376096654144305375666590407e-03
1422,4.9999999997521376096654144305375666590407e-03
1423,4.9999999997521376096654144305375666590407e-03
1424,4.9999999997521376096654144305375666590407e-03
1425,4.9999999997521376096654144305375666590407e-03
1426,4.9999999997521376096654144305375666590407e-03
1427,4.9999999997521376096654144305375666590407e-03
1428,4.9999999997521376096654144305375666590407e-03
1429,4.9999999997521376096654144305375666590407e-03
1430,4.9999999997521376096654144305375666590407e-03
1431,4.9999999997521376096654144305375666590407e-03
1432,4.9999999997521376096654144305375666590407e-03
1433,4.9999999997521376096654144305375666590407e-03
1434,4.9999999997521376096654144305375666590407e-03
1435,4.9999999997521376096654144305375666590407e-03
1436,4.9999999997521376096654144305375666590407e-03
1437,4.9999999997521376096654144305375666590407e-03
1438,4.9999999997521376096654144305375666590407e-03
1439,4.9999999997521376096654144305375666590407e-03
1440,4.9999999997521376096654144305375666590407e-03
1441,4.9999999997521376096654144305375666590407e-03
1442,4.9999999997521376096654144305375666590407e-03
1443,4.9999999997521376096654144305375666590407e-03
1444,4.9999999997521376096654144305375666590407e-03
1445,4.9999999997521376096654144305375666590407e-03
1446,4.9999999997521376096654144305375666590407e-03
1447,4.9999999997521376096654144305375666590407e-03
1448,5.0000000000239150019232248212119884556159e-03
1449,4.9999999999670646441685128991139208665118e-03
1450,4.9999999997521376096654144305375666590407e-03
1451,4.9999999997521376096654144305375666590407e-03
1452,4.9999999997521376096654144305375666590407e-03
1453,4.9999999997521376096654144305375666590407e-03
1454,4.9999999997521376096654144305375666590407e-03
1455,4.9999999997521376096654144305375666590407e-03
1456,4.9999999997521376096654144305375666590407e-03
1457,4.9999999997521376096654144305375666590407e-03
1458,4.9999999997521376096654144305375666590407e-03
1459,4.9999999997521376096654144305375666590407e-03
1460,4.9999999997521376096654144305375666590407e-03
1461,4.9999999997521376096654144305375666590407e-03
1462,4.9999999997521376096654144305375666590407e-03
1463,4.9999999997521376096654144305375666590407e-03
1464,4.9999999997521376096654144305375666590407e-03
1465,4.9999999997521376096654144305375666590407e-03
1466,4.9999999997521376096654144305375666590407e-03
1467,4.9999999997521376096654144305375666590407e-03
1468,4.9999999997521376096654144305375666590407e-03
1469,2.4400051229453305623451342398766428232193e+00
1470,2.4400051229453496581811577925691381096840e+00
1471,4.9999999999228317976163182834170584101230e-03
1472,4.9999999999228317976163182834170584101230e-03
1473,4.9999999999228317976163182834170584101230e-03
1474,4.9999999999228317976163182834170584101230e-03
1475,4.9999999999228317976163182834170584101230e-03
1476,4.9999999999228317976163182834170584101230e-03
1477,4.9999999999228317976163182834170584101230e-03
1478,4.9999999999228317976163182834170584101230e-03
1479,4.9999999999228317976163182834170584101230e-03
1480,4.9999999999228317976163182834170584101230e-03
1481,4.9999999999228317976163182834170584101230e-03
1482,4.9999999999228317976163182834170584101230e-03
1483,4.9999999999228317976163182834170584101230e-03
1484,4.9999999999228317976163182834170584101230e-03
1485,4.9999999999228317976163182834170584101230e-03
1486,4.9999999999228317976163182834170584101230e-03
1487,4.9999999999228317976163182834170584101230e-03
1488,5.0000000000489513984902600896020885556936e-03
1489,4.9999999996954607242583001891489402623847e-03
1490,5.0000000000933620541987423280261282343417e-03
1491,5.0000000000613919678982277616796636721119e-03
1492,4.9999999999228317976163182834170584101230e-03
1493,4.9999999999228317976163182834170584101230e-03
1494,4.9999999999228317976163182834170584101230e-03
1495,4.9999999999228317976163182834170584101230e-03
1496,4.9999999999228317976163182834170584101230e-03
1497,4.9999999999228317976163182834170584101230e-03
1498,4.9999999999228317976163182834170584101230e-03
1499,4.9999999999228317976163182834170584101230e-03
1500,4.9999999999228317976163182834170584101230e-03
1501,4.9999999999228317976163182834170584101230e-03
1502,4.9999999999228317976163182834170584101230e-03
1503,4.9999999999228317976163182834170584101230e-03
1504,4.9999999999228317976163182834170584101230e-03
1505,4.9999999999228317976163182834170584101230e-03
1506,4.9999999999228317976163182834170584101230e-03
1507,4.9999999999228317976163182834170584101230e-03
1508,4.9999999999228317976163182834170584101230e-03
1509,4.9999999999228317976163182834170584101230e-03
1510,5.0000000000489513984902600896020885556936e-03
1511,5.0000000000613919678982277616796636721119e-03
1512,4.9999999999228317976163182834170584101230e-03
1513,5.0000000000365195026996723015599854988977e-03
1514,4.9999999999796786859240782519009371753782e-03
1515,4.9999999999228317976163182834170584101230e-03
1516,4.9999999999228317976163182834170584101230e-03
1517,4.9999999999228317976163182834170584101230e-03
1518,4.9999999999228317976163182834170584101230e-03
1519,4.9999999999228317976163182834170584101230e-03
1520,4.9999999999228317976163182834170584101230e-03
1521,4.9999999999228317976163182834170584101230e-03
1522,4.9999999999228317976163182834170584101230e-03
1523,4.9999999999228317976163182834170584101230e-03
1524,4.9999999999228317976163182834170584101230e-03
1525,4.9999999998784254787165259870107547612861e-03
1526,5.0000000001058026236067100001037033507600e-03
1527,4.9999999999228317976163182834170584101230e-03
1528,4.9999999999228317976163182834170584101230e-03
1529,4.9999999999228317976163182834170584101230e-03
1530,4.9999999999228317976163182834170584101230e-03
1531,4.9999999999228317976163182834170584101230e-03
1532,4.9999999999228317976163182834170584101230e-03
1533,4.9999999999228317976163182834170584101230e-03
1534,4.9999999999228317976163182834170584101230e-03
1535,4.9999999999228317976163182834170584101230e-03
1536,4.9999999999228317976163182834170584101230e-03
1537,4.9999999999228317976163182834170584101230e-03
1538,4.9999999999228317976163182834170584101230e-03
1539,4.9999999999228317976163182834170584101230e-03
1540,4.9999999999228317976163182834170584101230e-03
1541,4.9999999999228317976163182834170584101230e-03
1542,4.9999999998784254787165259870107547612861e-03
1543,5.0000000001058026236067100001037033507600e-03
1544,4.9999999999228317976163182834170584101230e-03
1545,4.9999999999228317976163182834170584101230e-03
1546,4.9999999999228317976163182834170584101230e-03
1547,4.9999999999228317976163182834170584101230e-03
1548,5.0000000000365195026996723015599854988977e-03
1549,4.9999999999796786859240782519009371753782e-03
1550,5.0000000000489513984902600896020885556936e-03
1551,5.0000000000613919678982277616796636721119e-03
1552,4.9999999999228317976163182834170584101230e-03
1553,4.9999999999228317976163182834170584101230e-03
1554,4.9999999999228317976163182834170584101230e-03
1555,4.9999999999228317976163182834170584101230e-03
1556,4.9999999999228317976163182834170584101230e-03
1557,4.9999999999228317976163182834170584101230e-03
1558,4.9999999999228317976163182834170584101230e-03
1559,4.9999999999228317976163182834170584101230e-03
1560,4.9999999999228317976163182834170584101230e-03
1561,4.9999999999228317976163182834170584101230e-03
1562,4.9999999999228317976163182834170584101230e-03
1563,4.9999999999228317976163182834170584101230e-03
1564,4.9999999999228317976163182834170584101230e-03
1565,4.9999999999228317976163182834170584101230e-03
1566,4.9999999999228317976163182834170584101230e-03
1567,4.9999999999228317976163182834170584101230e-03
1568,4.9999999999228317976163182834170584101230e-03
1569,4.9999999999228317976163182834170584101230e-03
1570,4.9999999999228317976163182834170584101230e-03
1571,4.9999999999228317976163182834170584101230e-03
1572,4.9999999999228317976163182834170584101230e-03
1573,4.9999999999228317976163182834170584101230e-03
1574,4.9999999999228317976163182834170584101230e-03
1575,4.9999999999228317976163182834170584101230e-03
1576,4.9999999999228317976163182834170584101230e-03
1577,4.9999999999228317976163182834170584101230e-03
1578,4.9999999999228317976163182834170584101230e-03
1579,4.9999999999228317976163182834170584101230e-03
1580,4.9999999999228317976163182834170584101230e-03
1581,5.0000000000489513984902600896020885556936e-03
1582,5.0000000000613919678982277616796636721119e-03
1583,4.9999999999228317976163182834170584101230e-03
1584,4.9999999999228317976163182834170584101230e-03
1585,4.9999999999228317976163182834170584101230e-03
1586,4.9999999999228317976163182834170584101230e-03
1587,4.9999999999228317976163182834170584101230e-03
1588,4.9999999999228317976163182834170584101230e-03
1589,4.9999999999228317976163182834170584101230e-03
1590,4.9999999999228317976163182834170584101230e-03
1591,4.9999999999228317976163182834170584101230e-03
1592,4.9999999999228317976163182834170584101230e-03
1593,4.9999999999228317976163182834170584101230e-03
1594,4.9999999999228317976163182834170584101230e-03
1595,4.9999999999228317976163182834170584101230e-03
1596,4.9999999999228317976163182834170584101230e-03
1597,4.9999999999228317976163182834170584101230e-03
1598,4.9999999999228317976163182834170584101230e-03
1599,4.9999999999228317976163182834170584101230e-03
1600,4.9999999999228317976163182834170584101230e-03
1601,4.9999999999228317976163182834170584101230e-03
1602,4.9999999999228317976163182834170584101230e-03
1603,4.9999999999228317976163182834170584101230e-03
1604,4.9999999999228317976163182834170584101230e-03
1605,4.9999999999228317976163182834170584101230e-03
1606,4.9999999999228317976163182834170584101230e-03
1607,4.9999999999228317976163182834170584101230e-03
1608,4.9999999999228317976163182834170584101230e-03
1609,4.9999999999228317976163182834170584101230e-03
1610,4.9999999999228317976163182834170584101230e-03
1611,4.9999999999228317976163182834170584101230e-03
1612,4.9999999999228317976163182834170584101230e-03
1613,4.9999999999228317976163182834170584101230e-03
1614,5.0000000000489513984902600896020885556936e-03
1615,5.0000000000613919678982277616796636721119e-03
1616,4.9999999999228317976163182834170584101230e-03
1617,4.9999999999228317976163182834170584101230e-03
1618,4.9999999999228317976163182834170584101230e-03
1619,4.9999999999228317976163182834170584101230e-03
1620,4.9999999999228317976163182834170584101230e-03
1621,4.9999999999228317976163182834170584101230e-03
1622,4.9999999999228317976163182834170584101230e-03
1623,4.9999999999228317976163182834170584101230e-03
1624,4.9999999999228317976163182834170584101230e-03
1625,4.9999999999228317976163182834170584101230e-03
1626,4.9999999998659849093085583149331796448678e-03
1627,5.0000000000365281763170521855954575585201e-03
1628,4.9999999999228317976163182834170584101230e-03
1629,4.9999999999228317976163182834170584101230e-03
1630,4.9999999998659849093085583149331796448678e-03
1631,4.9999999999228265934458903529957751743495e-03
1632,4.9999999999228317976163182834170584101230e-03
1633,4.9999999999228317976163182834170584101230e-03
1634,4.9999999999228317976163182834170584101230e-03
1635,4.9999999999228317976163182834170584101230e-03
1636,4.9999999999228317976163182834170584101230e-03
1637,4.9999999999228317976163182834170584101230e-03
1638,4.9999999999228317976163182834170584101230e-03
1639,4.9999999999228317976163182834170584101230e-03
1640,4.9999999999228317976163182834170584101230e-03
1641,4.9999999999228317976163182834170584101230e-03
1642,4.9999999999228317976163182834170584101230e-03
1643,4.9999999999228317976163182834170584101230e-03
1644,4.9999999999228317976163182834170584101230e-03
1645,4.9999999999228317976163182834170584101230e-03
1646,4.9999999999228317976163182834170584101230e-03
1647,4.9999999999228317976163182834170584101230e-03
1648,4.9999999999228317976163182834170584101230e-03
1649,4.9999999999228317976163182834170584101230e-03
1650,4.9999999999228317976163182834170584101230e-03
1651,4.9999999999228317976163182834170584101230e-03
1652,4.9999999999228317976163182834170584101230e-03
1653,4.9999999999228317976163182834170584101230e-03
1654,4.9999999999228317976163182834170584101230e-03
1655,4.9999999999228317976163182834170584101230e-03
1656,4.9999999999228317976163182834170584101230e-03
1657,4.9999999999228317976163182834170584101230e-03
1658,4.9999999999228317976163182834170584101230e-03
1659,4.9999999999228317976163182834170584101230e-03
1660,4.9999999999228317976163182834170584101230e-03
1661,4.9999999999228317976163182834170584101230e-03
1662,4.9999999999228317976163182834170584101230e-03
1663,4.9999999999228317976163182834170584101230e-03
1664,4.9999999999228317976163182834170584101230e-03
1665,4.9999999999228317976163182834170584101230e-03
1666,4.9999999999228317976163182834170584101230e-03
1667,4.9999999999228317976163182834170584101230e-03
1668,4.9999999999228317976163182834170584101230e-03
1669,4.9999999999228317976163182834170584101230e-03
1670,4.9999999999228317976163182834170584101230e-03
1671,4.9999999999228317976163182834170584101230e-03
1672,4.9999999999228317976163182834170584101230e-03
1673,4.9999999999228317976163182834170584101230e-03
1674,4.9999999999228317976163182834170584101230e-03
1675,4.9999999999228317976163182834170584101230e-03
1676,4.9999999999228317976163182834170584101230e-03
1677,4.9999999999228317976163182834170584101230e-03
1678,4.9999999999228317976163182834170584101230e-03
1679,4.9999999999228317976163182834170584101230e-03
1680,4.9999999999228317976163182834170584101230e-03
1681,4.9999999999228317976163182834170584101230e-03
1682,4.9999999999228317976163182834170584101230e-03
1683,4.9999999999228317976163182834170584101230e-03
1684,4.9999999999228317976163182834170584101230e-03
1685,4.9999999999228317976163182834170584101230e-03
1686,4.9999999999228317976163182834170584101230e-03
1687,4.9999999999228317976163182834170584101230e-03
1688,4.9999999999228317976163182834170584101230e-03
1689,4.9999999999228317976163182834170584101230e-03
1690,4.9999999999228317976163182834170584101230e-03
1691,4.9999999999228317976163182834170584101230e-03
1692,4.9999999999228317976163182834170584101230e-03
1693,4.9999999998659849093085583149331796448678e-03
1694,4.9999999999228265934458903529957751743495e-03
1695,4.9999999999228317976163182834170584101230e-03
1696,4.9999999999228317976163182834170584101230e-03
1697,4.9999999999228317976163182834170584101230e-03
1698,4.9999999999228317976163182834170584101230e-03
1699,4.9999999999228317976163182834170584101230e-03
1700,4.9999999999228317976163182834170584101230e-03
1701,4.9999999999228317976163182834170584101230e-03
1702,4.9999999999228317976163182834170584101230e-03
1703,4.9999999999228317976163182834170584101230e-03
1704,4.9999999999228317976163182834170584101230e-03
1705,4.9999999999228317976163182834170584101230e-03
1706,4.9999999999228317976163182834170584101230e-03
1707,4.9999999999228317976163182834170584101230e-03
1708,4.9999999999228317976163182834170584101230e-03
1709,4.9999999999228317976163182834170584101230e-03
1710,4.9999999999228317976163182834170584101230e-03
1711,4.9999999999228317976163182834170584101230e-03
1712,4.9999999999228317976163182834170584101230e-03
1713,4.9999999999228317976163182834170584101230e-03
1714,2.4400051229455623769126759725622832775116e+00
1715,2.4400051229454029488863398000830784440041e+00
1716,5.0000000000436396752068191062789992429316e-03
1717,5.0000000000436396752068191062789992429316e-03
1718,5.0000000000436396752068191062789992429316e-03
1719,5.0000000000436396752068191062789992429316e-03
1720,5.0000000000436396752068191062789992429316e-03
1721,5.0000000000436396752068191062789992429316e-03
1722,5.0000000000436396752068191062789992429316e-03
1723,5.0000000000436396752068191062789992429316e-03
1724,5.0000000000436396752068191062789992429316e-03
1725,5.0000000000436396752068191062789992429316e-03
1726,5.0000000000436396752068191062789992429316e-03
1727,5.0000000000436396752068191062789992429316e-03
1728,5.0000000000436396752068191062789992429316e-03
1729,5.0000000000436396752068191062789992429316e-03
1730,5.0000000000436396752068191062789992429316e-03
1731,5.0000000000436396752068191062789992429316e-03
1732,5.0000000000436396752068191062789992429316e-03
1733,4.9999999998241130214071681336918118176982e-03
1734,4.9999999998038262977173573631262115668505e-03
1735,4.9999999999822096474755284134516841731966e-03
1736,4.9999999999175148701624493696726858615875e-03
1737,5.0000000000436396752068191062789992429316e-03
1738,5.0000000000436396752068191062789992429316e-03
1739,5.0000000000436396752068191062789992429316e-03
1740,5.0000000000436396752068191062789992429316e-03
1741,5.0000000000436396752068191062789992429316e-03
1742,5.0000000000436396752068191062789992429316e-03
1743,5.0000000000436396752068191062789992429316e-03
1744,5.0000000000436396752068191062789992429316e-03
1745,5.0000000000436396752068191062789992429316e-03
1746,5.0000000000436396752068191062789992429316e-03
1747,5.0000000000436396752068191062789992429316e-03
1748,5.0000000000436396752068191062789992429316e-03
1749,5.0000000000436396752068191062789992429316e-03
1750,5.0000000000436396752068191062789992429316e-03
1751,5.0000000000436396752068191062789992429316e-03
1752,5.0000000000436396752068191062789992429316e-03
1753,5.0000000000436396752068191062789992429316e-03
1754,5.0000000000436396752068191062789992429316e-03
1755,4.9999999998241130214071681336918118176982e-03
1756,4.9999999999175148701624493696726858615875e-03
1757,5.0000000000436396752068191062789992429316e-03
1758,5.0000000000312025752458033878156129503623e-03
1759,4.9999999999743574216615193961388285970315e-03
1760,5.0000000000436396752068191062789992429316e-03
1761,5.0000000000436396752068191062789992429316e-03
1762,5.0000000000436396752068191062789992429316e-03
1763,5.0000000000436396752068191062789992429316e-03
1764,5.0000000000436396752068191062789992429316e-03
1765,5.0000000000436396752068191062789992429316e-03
1766,5.0000000000436396752068191062789992429316e-03
1767,5.0000000000436396752068191062789992429316e-03
1768,5.0000000000436396752068191062789992429316e-03
1769,5.0000000000436396752068191062789992429316e-03
1770,4.9999999999377998591287841634311917005107e-03
1771,4.9999999998731076839009190848628350067884e-03
1772,5.0000000000436396752068191062789992429316e-03
1773,5.0000000000436396752068191062789992429316e-03
1774,5.0000000000436396752068191062789992429316e-03
1775,5.0000000000436396752068191062789992429316e-03
1776,5.0000000000436396752068191062789992429316e-03
1777,5.0000000000436396752068191062789992429316e-03
1778,5.0000000000436396752068191062789992429316e-03
1779,5.0000000000436396752068191062789992429316e-03
1780,5.0000000000436396752068191062789992429316e-03
1781,5.0000000000436396752068191062789992429316e-03
1782,5.0000000000436396752068191062789992429316e-03
1783,5.0000000000436396752068191062789992429316e-03
1784,5.0000000000436396752068191062789992429316e-03
1785,5.0000000000436396752068191062789992429316e-03
1786,5.0000000000436396752068191062789992429316e-03
1787,4.9999999999377998591287841634311917005107e-03
1788,4.9999999998731076839009190848628350067884e-03
1789,5.0000000000436396752068191062789992429316e-03
1790,5.0000000000436396752068191062789992429316e-03
1791,5.0000000000436396752068191062789992429316e-03
1792,5.0000000000436396752068191062789992429316e-03
1793,5.0000000000312025752458033878156129503623e-03
1794,4.9999999999743574216615193961388285970315e-03
1795,4.9999999998241130214071681336918118176982e-03
1796,4.9999999999175148701624493696726858615875e-03
1797,5.0000000000436396752068191062789992429316e-03
1798,5.0000000000436396752068191062789992429316e-03
1799,5.0000000000436396752068191062789992429316e-03
1800,5.0000000000436396752068191062789992429316e-03
1801,5.0000000000436396752068191062789992429316e-03
1802,5.0000000000436396752068191062789992429316e-03
1803,5.0000000000436396752068191062789992429316e-03
1804,5.0000000000436396752068191062789992429316e-03
1805,5.0000000000436396752068191062789992429316e-03
1806,5.0000000000436396752068191062789992429316e-03
1807,5.0000000000436396752068191062789992429316e-03
1808,5.0000000000436396752068191062789992429316e-03
1809,5.0000000000436396752068191062789992429316e-03
1810,5.0000000000436396752068191062789992429316e-03
1811,5.0000000000436396752068191062789992429316e-03
1812,5.0000000000436396752068191062789992429316e-03
1813,5.0000000000436396752068191062789992429316e-03
1814,5.0000000000436396752068191062789992429316e-03
1815,5.0000000000436396752068191062789992429316e-03
1816,5.0000000000436396752068191062789992429316e-03
1817,5.0000000000436396752068191062789992429316e-03
1818,5.0000000000436396752068191062789992429316e-03
1819,5.0000000000436396752068191062789992429316e-03
1820,5.0000000000436396752068191062789992429316e-03
1821,5.0000000000436396752068191062789992429316e-03
1822,5.0000000000436396752068191062789992429316e-03
1823,5.0000000000436396752068191062789992429316e-03
1824,5.0000000000436396752068191062789992429316e-03
1825,5.0000000000436396752068191062789992429316e-03
1826,4.9999999998241130214071681336918118176982e-03
1827,4.9999999999175148701624493696726858615875e-03
1828,5.0000000000436396752068191062789992429316e-03
1829,5.0000000000436396752068191062789992429316e-03
1830,5.0000000000436396752068191062789992429316e-03
1831,5.0000000000436396752068191062789992429316e-03
1832,5.0000000000436396752068191062789992429316e-03
1833,5.0000000000436396752068191062789992429316e-03
1834,5.0000000000436396752068191062789992429316e-03
1835,5.0000000000436396752068191062789992429316e-03
1836,5.0000000000436396752068191062789992429316e-03
1837,5.0000000000436396752068191062789992429316e-03
1838,5.0000000000436396752068191062789992429316e-03
1839,5.0000000000436396752068191062789992429316e-03
1840,5.0000000000436396752068191062789992429316e-03
1841,5.0000000000436396752068191062789992429316e-03
1842,5.0000000000436396752068191062789992429316e-03
1843,5.0000000000436396752068191062789992429316e-03
1844,5.0000000000436396752068191062789992429316e-03
1845,5.0000000000436396752068191062789992429316e-03
1846,5.0000000000436396752068191062789992429316e-03
1847,5.0000000000436396752068191062789992429316e-03
1848,5.0000000000436396752068191062789992429316e-03
1849,5.0000000000436396752068191062789992429316e-03
1850,5.0000000000436396752068191062789992429316e-03
1851,5.0000000000436396752068191062789992429316e-03
1852,5.0000000000436396752068191062789992429316e-03
1853,5.0000000000436396752068191062789992429316e-03
1854,5.0000000000436396752068191062789992429316e-03
1855,5.0000000000436396752068191062789992429316e-03
1856,5.0000000000436396752068191062789992429316e-03
1857,5.0000000000436396752068191062789992429316e-03
1858,5.0000000000436396752068191062789992429316e-03
1859,4.9999999998241130214071681336918118176982e-03
1860,4.9999999999175148701624493696726858615875e-03
1861,5.0000000000436396752068191062789992429316e-03
1862,5.0000000000436396752068191062789992429316e-03
1863,5.0000000000436396752068191062789992429316e-03
1864,5.0000000000436396752068191062789992429316e-03
1865,5.0000000000436396752068191062789992429316e-03
1866,5.0000000000436396752068191062789992429316e-03
1867,5.0000000000436396752068191062789992429316e-03
1868,5.0000000000436396752068191062789992429316e-03
1869,5.0000000000436396752068191062789992429316e-03
1870,5.0000000000436396752068191062789992429316e-03
1871,4.9999999998855430491384588265191268874332e-03
1872,4.9999999999743556869380434193317341851071e-03
1873,5.0000000000436396752068191062789992429316e-03
1874,5.0000000000436396752068191062789992429316e-03
1875,5.0000000000436388078450811178754520369694e-03
1876,4.9999999999867988584312250566199509194121e-03
1877,5.0000000000436396752068191062789992429316e-03
1878,5.0000000000436396752068191062789992429316e-03
1879,5.0000000000436396752068191062789992429316e-03
1880,5.0000000000436396752068191062789992429316e-03
1881,5.0000000000436396752068191062789992429316e-03
1882,5.0000000000436396752068191062789992429316e-03
1883,5.0000000000436396752068191062789992429316e-03
1884,5.0000000000436396752068191062789992429316e-03
1885,5.0000000000436396752068191062789992429316e-03
1886,5.0000000000436396752068191062789992429316e-03
1887,5.0000000000436396752068191062789992429316e-03
1888,5.0000000000436396752068191062789992429316e-03
1889,5.0000000000436396752068191062789992429316e-03
1890,5.0000000000436396752068191062789992429316e-03
1891,5.0000000000436396752068191062789992429316e-03
1892,5.0000000000436396752068191062789992429316e-03
1893,5.0000000000436396752068191062789992429316e-03
1894,5.0000000000436396752068191062789992429316e-03
1895,5.0000000000436396752068191062789992429316e-03
1896,5.0000000000436396752068191062789992429316e-03
1897,5.0000000000436396752068191062789992429316e-03
1898,5.0000000000436396752068191062789992429316e-03
1899,5.0000000000436396752068191062789992429316e-03
1900,5.0000000000436396752068191062789992429316e-03
1901,5.0000000000436396752068191062789992429316e-03
1902,5.0000000000436396752068191062789992429316e-03
1903,5.0000000000436396752068191062789992429316e-03
1904,5.0000000000436396752068191062789992429316e-03
1905,5.0000000000436396752068191062789992429316e-03
1906,5.0000000000436396752068191062789992429316e-03
1907,5.0000000000436396752068191062789992429316e-03
1908,5.0000000000436396752068191062789992429316e-03
1909,5.0000000000436396752068191062789992429316e-03
1910,5.0000000000436396752068191062789992429316e-03
1911,5.0000000000436396752068191062789992429316e-03
1912,5.0000000000436396752068191062789992429316e-03
1913,5.0000000000436396752068191062789992429316e-03
1914,5.0000000000436396752068191062789992429316e-03
1915,5.0000000000436396752068191062789992429316e-03
1916,5.0000000000436396752068191062789992429316e-03
1917,5.0000000000436396752068191062789992429316e-03
1918,5.0000000000436396752068191062789992429316e-03
1919,5.0000000000436396752068191062789992429316e-03
1920,5.0000000000436396752068191062789992429316e-03
1921,5.0000000000436396752068191062789992429316e-03
1922,5.0000000000436396752068191062789992429316e-03
1923,5.0000000000436396752068191062789992429316e-03
1924,5.0000000000436396752068191062789992429316e-03
1925,5.0000000000436396752068191062789992429316e-03
1926,5.0000000000436396752068191062789992429316e-03
1927,5.0000000000436396752068191062789992429316e-03
1928,5.0000000000436396752068191062789992429316e-03
1929,5.0000000000436396752068191062789992429316e-03
1930,5.0000000000436396752068191062789992429316e-03
1931,5.0000000000436396752068191062789992429316e-03
1932,5.0000000000436396752068191062789992429316e-03
1933,5.0000000000436396752068191062789992429316e-03
1934,5.0000000000436396752068191062789992429316e-03
1935,5.0000000000436396752068191062789992429316e-03
1936,5.0000000000436396752068191062789992429316e-03
1937,5.0000000000436396752068191062789992429316e-03
1938,5.0000000000436388078450811178754520369694e-03
1939,4.9999999999867988584312250566199509194121e-03
1940,5.0000000000436396752068191062789992429316e-03
1941,5.0000000000436396752068191062789992429316e-03
1942,5.0000000000436396752068191062789992429316e-03
1943,5.0000000000436396752068191062789992429316e-03
1944,5.0000000000436396752068191062789992429316e-03
1945,5.0000000000436396752068191062789992429316e-03
1946,5.0000000000436396752068191062789992429316e-03
1947,5.0000000000436396752068191062789992429316e-03
1948,5.0000000000436396752068191062789992429316e-03
1949,5.0000000000436396752068191062789992429316e-03
1950,5.0000000000436396752068191062789992429316e-03
1951,5.0000000000436396752068191062789992429316e-03
1952,5.0000000000436396752068191062789992429316e-03
1953,5.0000000000436396752068191062789992429316e-03
1954,5.0000000000436396752068191062789992429316e-03
1955,5.0000000000436396752068191062789992429316e-03
1956,5.0000000000436396752068191062789992429316e-03
1957,5.0000000000436396752068191062789992429316e-03
1958,5.0000000000436396752068191062789992429316e-03
1959,2.4400051229454180479194747022120282053947e+00
1960,2.4400051229454189360978944023372605443001e+00
1961,4.9999999999585540907953706835087359650061e-03
1962,4.9999999999585540907953706835087359650061e-03
1963,4.9999999999585540907953706835087359650061e-03
1964,4.9999999999585540907953706835087359650061e-03
1965,4.9999999999585540907953706835087359650061e-03
1966,4.9999999999585540907953706835087359650061e-03
1967,4.9999999999585540907953706835087359650061e-03
1968,4.9999999999585540907953706835087359650061e-03
1969,4.9999999999585540907953706835087359650061e-03
1970,4.9999999999585540907953706835087359650061e-03
1971,4.9999999999585540907953706835087359650061e-03
1972,4.9999999999585540907953706835087359650061e-03
1973,4.9999999999585540907953706835087359650061e-03
1974,4.9999999999585540907953706835087359650061e-03
1975,4.9999999999585540907953706835087359650061e-03
1976,4.9999999999585540907953706835087359650061e-03
1977,4.9999999999585540907953706835087359650061e-03
1978,4.9999999998324318878362149121130642015487e-03
1979,4.9999999999212488624444894469434075290337e-03
1980,4.9999999999905276465428372034693893510848e-03
1981,4.9999999998448655183502786769622616702691e-03
1982,4.9999999999585540907953706835087359650061e-03
1983,4.9999999999585540907953706835087359650061e-03
1984,4.9999999999585540907953706835087359650061e-03
1985,4.9999999999585540907953706835087359650061e-03
1986,4.9999999999585540907953706835087359650061e-03
1987,4.9999999999585540907953706835087359650061e-03
1988,4.9999999999585540907953706835087359650061e-03
1989,4.9999999999585540907953706835087359650061e-03
1990,4.9999999999585540907953706835087359650061e-03
1991,4.9999999999585540907953706835087359650061e-03
1992,4.9999999999585540907953706835087359650061e-03
1993,4.9999999999585540907953706835087359650061e-03
1994,4.9999999999585540907953706835087359650061e-03
1995,4.9999999999585540907953706835087359650061e-03
1996,4.9999999999585540907953706835087359650061e-03
1997,4.9999999999585540907953706835087359650061e-03
1998,4.9999999999585540907953706835087359650061e-03
1999,4.9999999999585540907953706835087359650061e-03
2000,4.9999999998324318878362149121130642015487e-03
2001,4.9999999998448655183502786769622616702691e-03
2002,4.9999999999585540907953706835087359650061e-03
2003,5.0000000001166498495019929748650611145422e-03
2004,4.9999999998324318878362149121130642015487e-03
2005,4.9999999999585540907953706835087359650061e-03
2006,4.9999999999585540907953706835087359650061e-03
2007,4.9999999999585540907953706835087359650061e-03
2008,4.9999999999585540907953706835087359650061e-03
2009,4.9999999999585540907953706835087359650061e-03
2010,4.9999999999585540907953706835087359650061e-03
2011,4.9999999999585540907953706835087359650061e-03
2012,4.9999999999585540907953706835087359650061e-03
2013,4.9999999999585540907953706835087359650061e-03
2014,4.9999999999585540907953706835087359650061e-03
2015,4.9999999999017098045728246802354988176376e-03
2016,4.9999999998004565973652724153453164035454e-03
2017,4.9999999999585540907953706835087359650061e-03
2018,4.9999999999585540907953706835087359650061e-03
2019,4.9999999999585540907953706835087359650061e-03
2020,4.9999999999585540907953706835087359650061e-03
2021,4.9999999999585540907953706835087359650061e-03
2022,4.9999999999585540907953706835087359650061e-03
2023,4.9999999999585540907953706835087359650061e-03
2024,4.9999999999585540907953706835087359650061e-03
2025,4.9999999999585540907953706835087359650061e-03
2026,4.9999999999585540907953706835087359650061e-03
2027,4.9999999999585540907953706835087359650061e-03
2028,4.9999999999585540907953706835087359650061e-03
2029,4.9999999999585540907953706835087359650061e-03
2030,4.9999999999585540907953706835087359650061e-03
2031,4.9999999999585540907953706835087359650061e-03
2032,4.9999999999017098045728246802354988176376e-03
2033,4.9999999998004565973652724153453164035454e-03
2034,4.9999999999585540907953706835087359650061e-03
2035,4.9999999999585540907953706835087359650061e-03
2036,4.9999999999585540907953706835087359650061e-03
2037,4.9999999999585540907953706835087359650061e-03
2038,5.0000000001166498495019929748650611145422e-03
2039,4.9999999998324318878362149121130642015487e-03
2040,4.9999999998324318878362149121130642015487e-03
2041,4.9999999998448655183502786769622616702691e-03
2042,4.9999999999585540907953706835087359650061e-03
2043,4.9999999999585540907953706835087359650061e-03
2044,4.9999999999585540907953706835087359650061e-03
2045,4.9999999999585540907953706835087359650061e-03
2046,4.9999999999585540907953706835087359650061e-03
2047,4.9999999999585540907953706835087359650061e-03
2048,4.9999999999585540907953706835087359650061e-03
2049,4.9999999999585540907953706835087359650061e-03
2050,4.9999999999585540907953706835087359650061e-03
2051,4.9999999999585540907953706835087359650061e-03
2052,4.9999999999585540907953706835087359650061e-03
2053,4.9999999999585540907953706835087359650061e-03
2054,4.9999999999585540907953706835087359650061e-03
2055,4.9999999999585540907953706835087359650061e-03
2056,4.9999999999585540907953706835087359650061e-03
2057,4.9999999999585540907953706835087359650061e-03
2058,4.9999999999585540907953706835087359650061e-03
2059,4.9999999999585540907953706835087359650061e-03
2060,4.9999999999585540907953706835087359650061e-03
2061,4.9999999999585540907953706835087359650061e-03
2062,4.9999999999585540907953706835087359650061e-03
2063,4.9999999999585540907953706835087359650061e-03
2064,4.9999999999585540907953706835087359650061e-03
2065,4.9999999999585540907953706835087359650061e-03
2066,4.9999999999585540907953706835087359650061e-03
2067,4.9999999999585540907953706835087359650061e-03
2068,4.9999999999585540907953706835087359650061e-03
2069,4.9999999999585540907953706835087359650061e-03
2070,4.9999999999585540907953706835087359650061e-03
2071,4.9999999998324318878362149121130642015487e-03
2072,4.9999999998448655183502786769622616702691e-03
2073,4.9999999999585540907953706835087359650061e-03
2074,4.9999999999585540907953706835087359650061e-03
2075,4.9999999999585540907953706835087359650061e-03
2076,4.9999999999585540907953706835087359650061e-03
2077,4.9999999999585540907953706835087359650061e-03
2078,4.9999999999585540907953706835087359650061e-03
2079,4.9999999999585540907953706835087359650061e-03
2080,4.9999999999585540907953706835087359650061e-03
2081,4.9999999999585540907953706835087359650061e-03
2082,4.9999999999585540907953706835087359650061e-03
2083,4.9999999999585540907953706835087359650061e-03
2084,4.9999999999585540907953706835087359650061e-03
2085,4.9999999999585540907953706835087359650061e-03
2086,4.9999999999585540907953706835087359650061e-03
2087,4.9999999999585540907953706835087359650061e-03
2088,4.9999999999585540907953706835087359650061e-03
2089,4.9999999999585540907953706835087359650061e-03
2090,4.9999999999585540907953706835087359650061e-03
2091,4.9999999999585540907953706835087359650061e-03
2092,4.9999999999585540907953706835087359650061e-03
2093,4.9999999999585540907953706835087359650061e-03
2094,4.9999999999585540907953706835087359650061e-03
2095,4.9999999999585540907953706835087359650061e-03
2096,4.9999999999585540907953706835087359650061e-03
2097,4.9999999999585540907953706835087359650061e-03
2098,4.9999999999585540907953706835087359650061e-03
2099,4.9999999999585540907953706835087359650061e-03
2100,4.9999999999585540907953706835087359650061e-03
2101,4.9999999999585540907953706835087359650061e-03
2102,4.9999999999585540907953706835087359650061e-03
2103,4.9999999999585540907953706835087359650061e-03
2104,4.9999999998324318878362149121130642015487e-03
2105,4.9999999998448655183502786769622616702691e-03
2106,4.9999999999585540907953706835087359650061e-03
2107,4.9999999999585540907953706835087359650061e-03
2108,4.9999999999585540907953706835087359650061e-03
2109,4.9999999999585540907953706835087359650061e-03
2110,4.9999999999585540907953706835087359650061e-03
2111,4.9999999999585540907953706835087359650061e-03
2112,4.9999999999585540907953706835087359650061e-03
2113,4.9999999999585540907953706835087359650061e-03
2114,4.9999999999585540907953706835087359650061e-03
2115,4.9999999999585540907953706835087359650061e-03
2116,4.9999999999461187255578309418524440843612e-03
2117,4.9999999999585532234336326951051887590438e-03
2118,4.9999999999585540907953706835087359650061e-03
2119,4.9999999999585540907953706835087359650061e-03
2120,5.0000000001734924010010630013312038499862e-03
2121,4.9999999999461187255578309418524440843612e-03
2122,4.9999999999585540907953706835087359650061e-03
2123,4.9999999999585540907953706835087359650061e-03
2124,4.9999999999585540907953706835087359650061e-03
2125,4.9999999999585540907953706835087359650061e-03
2126,4.9999999999585540907953706835087359650061e-03
2127,4.9999999999585540907953706835087359650061e-03
2128,4.9999999999585540907953706835087359650061e-03
2129,4.9999999999585540907953706835087359650061e-03
2130,4.9999999999585540907953706835087359650061e-03
2131,4.9999999999585540907953706835087359650061e-03
2132,4.9999999999585540907953706835087359650061e-03
2133,4.9999999999585540907953706835087359650061e-03
2134,4.9999999999585540907953706835087359650061e-03
2135,4.9999999999585540907953706835087359650061e-03
2136,4.9999999999585540907953706835087359650061e-03
2137,4.9999999999585540907953706835087359650061e-03
2138,4.9999999999585540907953706835087359650061e-03
2139,4.9999999999585540907953706835087359650061e-03
2140,4.9999999999585540907953706835087359650061e-03
2141,4.9999999999585540907953706835087359650061e-03
2142,4.9999999999585540907953706835087359650061e-03
2143,4.9999999999585540907953706835087359650061e-03
2144,4.9999999999585540907953706835087359650061e-03
2145,4.9999999999585540907953706835087359650061e-03
2146,4.9999999999585540907953706835087359650061e-03
2147,4.9999999999585540907953706835087359650061e-03
2148,4.9999999999585540907953706835087359650061e-03
2149,4.9999999999585540907953706835087359650061e-03
2150,4.9999999999585540907953706835087359650061e-03
2151,4.9999999999585540907953706835087359650061e-03
2152,4.9999999999585540907953706835087359650061e-03
2153,4.9999999999585540907953706835087359650061e-03
2154,4.9999999999585540907953706835087359650061e-03
2155,4.9999999999585540907953706835087359650061e-03
2156,4.9999999999585540907953706835087359650061e-03
2157,4.9999999999585540907953706835087359650061e-03
2158,4.9999999999585540907953706835087359650061e-03
2159,4.9999999999585540907953706835087359650061e-03
2160,4.9999999999585540907953706835087359650061e-03
2161,4.9999999999585540907953706835087359650061e-03
2162,4.9999999999585540907953706835087359650061e-03
2163,4.9999999999585540907953706835087359650061e-03
2164,4.9999999999585540907953706835087359650061e-03
2165,4.9999999999585540907953706835087359650061e-03
2166,4.9999999999585540907953706835087359650061e-03
2167,4.9999999999585540907953706835087359650061e-03
2168,4.9999999999585540907953706835087359650061e-03
2169,4.9999999999585540907953706835087359650061e-03
2170,4.9999999999585540907953706835087359650061e-03
2171,4.9999999999585540907953706835087359650061e-03
2172,4.9999999999585540907953706835087359650061e-03
2173,4.9999999999585540907953706835087359650061e-03
2174,4.9999999999585540907953706835087359650061e-03
2175,4.9999999999585540907953706835087359650061e-03
2176,4.9999999999585540907953706835087359650061e-03
2177,4.9999999999585540907953706835087359650061e-03
2178,4.9999999999585540907953706835087359650061e-03
2179,4.9999999999585540907953706835087359650061e-03
2180,4.9999999999585540907953706835087359650061e-03
2181,4.9999999999585540907953706835087359650061e-03
2182,4.9999999999585540907953706835087359650061e-03
2183,5.0000000001734924010010630013312038499862e-03
2184,4.9999999999461187255578309418524440843612e-03
2185,4.9999999999585540907953706835087359650061e-03
2186,4.9999999999585540907953706835087359650061e-03
2187,4.9999999999585540907953706835087359650061e-03
2188,4.9999999999585540907953706835087359650061e-03
2189,4.9999999999585540907953706835087359650061e-03
2190,4.9999999999585540907953706835087359650061e-03
2191,4.9999999999585540907953706835087359650061e-03
2192,4.9999999999585540907953706835087359650061e-03
2193,4.9999999999585540907953706835087359650061e-03
2194,4.9999999999585540907953706835087359650061e-03
2195,4.9999999999585540907953706835087359650061e-03
2196,4.9999999999585540907953706835087359650061e-03
2197,4.9999999999585540907953706835087359650061e-03
2198,4.9999999999585540907953706835087359650061e-03
2199,4.9999999999585540907953706835087359650061e-03
2200,4.9999999999585540907953706835087359650061e-03
2201,4.9999999999585540907953706835087359650061e-03
2202,4.9999999999585540907953706835087359650061e-03
2203,4.9999999999585540907953706835087359650061e-03
2204,2.4400051229454606804836203082231804728508e+00
2205,2.4400051229454597923052006080979481339455e+00
2206,4.9999999999141122100643208625569968717173e-03
2207,4.9999999999141122100643208625569968717173e-03
2208,4.9999999999141122100643208625569968717173e-03
2209,4.9999999999141122100643208625569968717173e-03
2210,4.9999999999141122100643208625569968717173e-03
2211,4.9999999999141122100643208625569968717173e-03
2212,4.9999999999141122100643208625569968717173e-03
2213,4.9999999999141122100643208625569968717173e-03
2214,4.9999999999141122100643208625569968717173e-03
2215,4.9999999999141122100643208625569968717173e-03
2216,4.9999999999141122100643208625569968717173e-03
2217,4.9999999999141122100643208625569968717173e-03
2218,4.9999999999141122100643208625569968717173e-03
2219,4.9999999999141122100643208625569968717173e-03
2220,4.9999999999141122100643208625569968717173e-03
2221,4.9999999999141122100643208625569968717173e-03
2222,4.9999999999141122100643208625569968717173e-03
2223,4.9999999998207112286707776149796700337902e-03
2224,4.9999999999016759774650431324971577851102e-03
2225,4.9999999999219627011548539030627580359578e-03
2226,4.9999999999016768448267811209007049910724e-03
2227,4.9999999999141122100643208625569968717173e-03
2228,4.9999999999141122100643208625569968717173e-03
2229,4.9999999999141122100643208625569968717173e-03
2230,4.9999999999141122100643208625569968717173e-03
2231,4.9999999999141122100643208625569968717173e-03
2232,4.9999999999141122100643208625569968717173e-03
2233,4.9999999999141122100643208625569968717173e-03
2234,4.9999999999141122100643208625569968717173e-03
2235,4.9999999999141122100643208625569968717173e-03
2236,4.9999999999141122100643208625569968717173e-03
2237,4.9999999999141122100643208625569968717173e-03
2238,4.9999999999141122100643208625569968717173e-03
2239,4.9999999999141122100643208625569968717173e-03
2240,4.9999999999141122100643208625569968717173e-03
2241,4.9999999999141122100643208625569968717173e-03
2242,4.9999999999141122100643208625569968717173e-03
2243,4.9999999999141122100643208625569968717173e-03
2244,4.9999999999141122100643208625569968717173e-03
2245,4.9999999998207112286707776149796700337902e-03
2246,4.9999999999016768448267811209007049910724e-03
2247,4.9999999999141122100643208625569968717173e-03
2248,4.9999999999709556289251288774266868131235e-03
2249,5.0000000001290496529082751919759175507352e-03
2250,4.9999999999141122100643208625569968717173e-03
2251,4.9999999999141122100643208625569968717173e-03
2252,4.9999999999141122100643208625569968717173e-03
2253,4.9999999999141122100643208625569968717173e-03
2254,4.9999999999141122100643208625569968717173e-03
2255,4.9999999999141122100643208625569968717173e-03
2256,4.9999999999141122100643208625569968717173e-03
2257,4.9999999999141122100643208625569968717173e-03
2258,4.9999999999141122100643208625569968717173e-03
2259,4.9999999999141122100643208625569968717173e-03
2260,4.9999999998207120960325156033832172397524e-03
2261,5.0000000000846424666467449071660666959360e-03
2262,4.9999999999141122100643208625569968717173e-03
2263,4.9999999999141122100643208625569968717173e-03
2264,4.9999999999141122100643208625569968717173e-03
2265,4.9999999999141122100643208625569968717173e-03
2266,4.9999999999141122100643208625569968717173e-03
2267,4.9999999999141122100643208625569968717173e-03
2268,4.9999999999141122100643208625569968717173e-03
2269,4.9999999999141122100643208625569968717173e-03
2270,4.9999999999141122100643208625569968717173e-03
2271,4.9999999999141122100643208625569968717173e-03
2272,4.9999999999141122100643208625569968717173e-03
2273,4.9999999999141122100643208625569968717173e-03
2274,4.9999999999141122100643208625569968717173e-03
2275,4.9999999999141122100643208625569968717173e-03
2276,4.9999999999141122100643208625569968717173e-03
2277,4.9999999998207120960325156033832172397524e-03
2278,5.0000000000846424666467449071660666959360e-03
2279,4.9999999999141122100643208625569968717173e-03
2280,4.9999999999141122100643208625569968717173e-03
2281,4.9999999999141122100643208625569968717173e-03
2282,4.9999999999141122100643208625569968717173e-03
2283,4.9999999999709556289251288774266868131235e-03
2284,5.0000000001290496529082751919759175507352e-03
2285,4.9999999998207112286707776149796700337902e-03
2286,4.9999999999016768448267811209007049910724e-03
2287,4.9999999999141122100643208625569968717173e-03
2288,4.9999999999141122100643208625569968717173e-03
2289,4.9999999999141122100643208625569968717173e-03
2290,4.9999999999141122100643208625569968717173e-03
2291,4.9999999999141122100643208625569968717173e-03
2292,4.9999999999141122100643208625569968717173e-03
2293,4.9999999999141122100643208625569968717173e-03
2294,4.9999999999141122100643208625569968717173e-03
2295,4.9999999999141122100643208625569968717173e-03
2296,4.9999999999141122100643208625569968717173e-03
2297,4.9999999999141122100643208625569968717173e-03
2298,4.9999999999141122100643208625569968717173e-03
2299,4.9999999999141122100643208625569968717173e-03
2300,4.9999999999141122100643208625569968717173e-03
2301,4.9999999999141122100643208625569968717173e-03
2302,4.9999999999141122100643208625569968717173e-03
2303,4.9999999999141122100643208625569968717173e-03
2304,4.9999999999141122100643208625569968717173e-03
2305,4.9999999999141122100643208625569968717173e-03
2306,4.9999999999141122100643208625569968717173e-03
2307,4.9999999999141122100643208625569968717173e-03
2308,4.9999999999141122100643208625569968717173e-03
2309,4.9999999999141122100643208625569968717173e-03
2310,4.9999999999141122100643208625569968717173e-03
2311,4.9999999999141122100643208625569968717173e-03
2312,4.9999999999141122100643208625569968717173e-03
2313,4.9999999999141122100643208625569968717173e-03
2314,4.9999999999141122100643208625569968717173e-03
2315,4.9999999999141122100643208625569968717173e-03
2316,4.9999999998207112286707776149796700337902e-03
2317,4.9999999999016768448267811209007049910724e-03
2318,4.9999999999141122100643208625569968717173e-03
2319,4.9999999999141122100643208625569968717173e-03
2320,4.9999999999141122100643208625569968717173e-03
2321,4.9999999999141122100643208625569968717173e-03
2322,4.9999999999141122100643208625569968717173e-03
2323,4.9999999999141122100643208625569968717173e-03
2324,4.9999999999141122100643208625569968717173e-03
2325,4.9999999999141122100643208625569968717173e-03
2326,4.9999999999141122100643208625569968717173e-03
2327,4.9999999999141122100643208625569968717173e-03
2328,4.9999999999141122100643208625569968717173e-03
2329,4.9999999999141122100643208625569968717173e-03
2330,4.9999999999141122100643208625569968717173e-03
2331,4.9999999999141122100643208625569968717173e-03
2332,4.9999999999141122100643208625569968717173e-03
2333,4.9999999999141122100643208625569968717173e-03
2334,4.9999999999141122100643208625569968717173e-03
2335,4.9999999999141122100643208625569968717173e-03
2336,4.9999999999141122100643208625569968717173e-03
2337,4.9999999999141122100643208625569968717173e-03
2338,4.9999999999141122100643208625569968717173e-03
2339,4.9999999999141122100643208625569968717173e-03
2340,4.9999999999141122100643208625569968717173e-03
2341,4.9999999999141122100643208625569968717173e-03
2342,4.9999999999141122100643208625569968717173e-03
2343,4.9999999999141122100643208625569968717173e-03
2344,4.9999999999141122100643208625569968717173e-03
2345,4.9999999999141122100643208625569968717173e-03
2346,4.9999999999141122100643208625569968717173e-03
2347,4.9999999999141122100643208625569968717173e-03
2348,4.9999999999141122100643208625569968717173e-03
2349,4.9999999998207112286707776149796700337902e-03
2350,4.9999999999016768448267811209007049910724e-03
2351,4.9999999999141122100643208625569968717173e-03
2352,4.9999999999141122100643208625569968717173e-03
2353,4.9999999999141122100643208625569968717173e-03
2354,4.9999999999141122100643208625569968717173e-03
2355,4.9999999999141122100643208625569968717173e-03
2356,4.9999999999141122100643208625569968717173e-03
2357,4.9999999999141122100643208625569968717173e-03
2358,4.9999999999141122100643208625569968717173e-03
2359,4.9999999999141122100643208625569968717173e-03
2360,4.9999999999141122100643208625569968717173e-03
2361,4.9999999999833901268009306306794314878061e-03
2362,5.0000000001983284370066229485018993727863e-03
2363,4.9999999999141122100643208625569968717173e-03
2364,4.9999999999141122100643208625569968717173e-03
2365,4.9999999999709547615633908890231396071613e-03
2366,4.9999999999709538942016529006195924011990e-03
2367,4.9999999999141122100643208625569968717173e-03
2368,4.9999999999141122100643208625569968717173e-03
2369,4.9999999999141122100643208625569968717173e-03
2370,4.9999999999141122100643208625569968717173e-03
2371,4.9999999999141122100643208625569968717173e-03
2372,4.9999999999141122100643208625569968717173e-03
2373,4.9999999999141122100643208625569968717173e-03
2374,4.9999999999141122100643208625569968717173e-03
2375,4.9999999999141122100643208625569968717173e-03
2376,4.9999999999141122100643208625569968717173e-03
2377,4.9999999999141122100643208625569968717173e-03
2378,4.9999999999141122100643208625569968717173e-03
2379,4.9999999999141122100643208625569968717173e-03
2380,4.9999999999141122100643208625569968717173e-03
2381,4.9999999999141122100643208625569968717173e-03
2382,4.9999999999141122100643208625569968717173e-03
2383,4.9999999999141122100643208625569968717173e-03
2384,4.9999999999141122100643208625569968717173e-03
2385,4.9999999999141122100643208625569968717173e-03
2386,4.9999999999141122100643208625569968717173e-03
2387,4.9999999999141122100643208625569968717173e-03
2388,4.9999999999141122100643208625569968717173e-03
2389,4.9999999999141122100643208625569968717173e-03
2390,4.9999999999141122100643208625569968717173e-03
2391,4.9999999999141122100643208625569968717173e-03
2392,4.9999999999141122100643208625569968717173e-03
2393,4.9999999999141122100643208625569968717173e-03
2394,4.9999999999141122100643208625569968717173e-03
2395,4.9999999999141122100643208625569968717173e-03
2396,4.9999999999141122100643208625569968717173e-03
2397,4.9999999999141122100643208625569968717173e-03
2398,4.9999999999141122100643208625569968717173e-03
2399,4.9999999999141122100643208625569968717173e-03
2400,4.9999999999141122100643208625569968717173e-03
2401,4.9999999999141122100643208625569968717173e-03
2402,4.9999999999141122100643208625569968717173e-03
2403,4.9999999999141122100643208625569968717173e-03
2404,4.9999999999141122100643208625569968717173e-03
2405,4.9999999999141122100643208625569968717173e-03
2406,4.9999999999141122100643208625569968717173e-03
2407,4.9999999999141122100643208625569968717173e-03
2408,4.9999999999141122100643208625569968717173e-03
2409,4.9999999999141122100643208625569968717173e-03
2410,4.9999999999141122100643208625569968717173e-03
2411,4.9999999999141122100643208625569968717173e-03
2412,4.9999999999141122100643208625569968717173e-03
2413,4.9999999999141122100643208625569968717173e-03
2414,4.9999999999141122100643208625569968717173e-03
2415,4.9999999999141122100643208625569968717173e-03
2416,4.9999999999141122100643208625569968717173e-03
2417,4.9999999999141122100643208625569968717173e-03
2418,4.9999999999141122100643208625569968717173e-03
2419,4.9999999999141122100643208625569968717173e-03
2420,4.9999999999141122100643208625569968717173e-03
2421,4.9999999999141122100643208625569968717173e-03
2422,4.9999999999141122100643208625569968717173e-03
2423,4.9999999999141122100643208625569968717173e-03
2424,4.9999999999141122100643208625569968717173e-03
2425,4.9999999999141122100643208625569968717173e-03
2426,4.9999999999141122100643208625569968717173e-03
2427,4.9999999999141122100643208625569968717173e-03
2428,4.9999999999709547615633908890231396071613e-03
2429,4.9999999999709538942016529006195924011990e-03
2430,4.9999999999141122100643208625569968717173e-03
2431,4.9999999999141122100643208625569968717173e-03
2432,4.9999999999141122100643208625569968717173e-03
2433,4.9999999999141122100643208625569968717173e-03
2434,4.9999999999141122100643208625569968717173e-03
2435,4.9999999999141122100643208625569968717173e-03
2436,4.9999999999141122100643208625569968717173e-03
2437,4.9999999999141122100643208625569968717173e-03
2438,4.9999999999141122100643208625569968717173e-03
2439,4.9999999999141122100643208625569968717173e-03
2440,4.9999999999141122100643208625569968717173e-03
2441,4.9999999999141122100643208625569968717173e-03
2442,4.9999999999141122100643208625569968717173e-03
2443,4.9999999999141122100643208625569968717173e-03
2444,4.9999999999141122100643208625569968717173e-03
2445,4.9999999999141122100643208625569968717173e-03
2446,4.9999999999141122100643208625569968717173e-03
2447,4.9999999999141122100643208625569968717173e-03
2448,4.9999999999141122100643208625569968717173e-03
2449,2.4400051229453612045006138941971585154533e+00
2450,2.4400051229453496581811577925691381096840e+00
2451,4.9999999998286467212116335190330573823303e-03
2452,4.9999999998286467212116335190330573823303e-03
2453,4.9999999998286467212116335190330573823303e-03
2454,4.9999999998286467212116335190330573823303e-03
2455,4.9999999998286467212116335190330573823303e-03
2456,4.9999999998286467212116335190330573823303e-03
2457,4.9999999998286467212116335190330573823303e-03
2458,4.9999999998286467212116335190330573823303e-03
2459,4.9999999998286467212116335190330573823303e-03
2460,4.9999999998286467212116335190330573823303e-03
2461,4.9999999998286467212116335190330573823303e-03
2462,4.9999999998286467212116335190330573823303e-03
2463,4.9999999998286467212116335190330573823303e-03
2464,4.9999999998286467212116335190330573823303e-03
2465,4.9999999998286467212116335190330573823303e-03
2466,4.9999999998286467212116335190330573823303e-03
2467,4.9999999998286467212116335190330573823303e-03
2468,4.9999999999547732609794792324464651755989e-03
2469,4.9999999997718015676273495273562730289996e-03
2470,4.9999999999991769777940575636421272065490e-03
2471,4.9999999999672042894083290320850210264325e-03
2472,4.9999999998286467212116335190330573823303e-03
2473,4.9999999998286467212116335190330573823303e-03
2474,4.9999999998286467212116335190330573823303e-03
2475,4.9999999998286467212116335190330573823303e-03
2476,4.9999999998286467212116335190330573823303e-03
2477,4.9999999998286467212116335190330573823303e-03
2478,4.9999999998286467212116335190330573823303e-03
2479,4.9999999998286467212116335190330573823303e-03
2480,4.9999999998286467212116335190330573823303e-03
2481,4.9999999998286467212116335190330573823303e-03
2482,4.9999999998286467212116335190330573823303e-03
2483,4.9999999998286467212116335190330573823303e-03
2484,4.9999999998286467212116335190330573823303e-03
2485,4.9999999998286467212116335190330573823303e-03
2486,4.9999999998286467212116335190330573823303e-03
2487,4.9999999998286467212116335190330573823303e-03
2488,4.9999999998286467212116335190330573823303e-03
2489,4.9999999998286467212116335190330573823303e-03
2490,4.9999999999547732609794792324464651755989e-03
2491,4.9999999999672042894083290320850210264325e-03
2492,4.9999999998286467212116335190330573823303e-03
2493,4.9999999999991769777940575636421272065490e-03
2494,5.0000000000560221313783415553189115598798e-03
2495,4.9999999998286467212116335190330573823303e-03
2496,4.9999999998286467212116335190330573823303e-03
2497,4.9999999998286467212116335190330573823303e-03
2498,4.9999999998286467212116335190330573823303e-03
2499,4.9999999998286467212116335190330573823303e-03
2500,4.9999999998286467212116335190330573823303e-03
2501,4.9999999998286467212116335190330573823303e-03
2502,4.9999999998286467212116335190330573823303e-03
2503,4.9999999998286467212116335190330573823303e-03
2504,4.9999999998286467212116335190330573823303e-03
2505,4.9999999998410812190874352722858020570129e-03
2506,4.9999999998410864232578632027070852927864e-03
2507,4.9999999998286467212116335190330573823303e-03
2508,4.9999999998286467212116335190330573823303e-03
2509,4.9999999998286467212116335190330573823303e-03
2510,4.9999999998286467212116335190330573823303e-03
2511,4.9999999998286467212116335190330573823303e-03
2512,4.9999999998286467212116335190330573823303e-03
2513,4.9999999998286467212116335190330573823303e-03
2514,4.9999999998286467212116335190330573823303e-03
2515,4.9999999998286467212116335190330573823303e-03
2516,4.9999999998286467212116335190330573823303e-03
2517,4.9999999998286467212116335190330573823303e-03
2518,4.9999999998286467212116335190330573823303e-03
2519,4.9999999998286467212116335190330573823303e-03
2520,4.9999999998286467212116335190330573823303e-03
2521,4.9999999998286467212116335190330573823303e-03
2522,4.9999999998410812190874352722858020570129e-03
2523,4.9999999998410864232578632027070852927864e-03
2524,4.9999999998286467212116335190330573823303e-03
2525,4.9999999998286467212116335190330573823303e-03
2526,4.9999999998286467212116335190330573823303e-03
2527,4.9999999998286467212116335190330573823303e-03
2528,4.9999999999991769777940575636421272065490e-03
2529,5.0000000000560221313783415553189115598798e-03
2530,4.9999999999547732609794792324464651755989e-03
2531,4.9999999999672042894083290320850210264325e-03
2532,4.9999999998286467212116335190330573823303e-03
2533,4.9999999998286467212116335190330573823303e-03
2534,4.9999999998286467212116335190330573823303e-03
2535,4.9999999998286467212116335190330573823303e-03
2536,4.9999999998286467212116335190330573823303e-03
2537,4.9999999998286467212116335190330573823303e-03
2538,4.9999999998286467212116335190330573823303e-03
2539,4.9999999998286467212116335190330573823303e-03
2540,4.9999999998286467212116335190330573823303e-03
2541,4.9999999998286467212116335190330573823303e-03
2542,4.9999999998286467212116335190330573823303e-03
2543,4.9999999998286467212116335190330573823303e-03
2544,4.9999999998286467212116335190330573823303e-03
2545,4.9999999998286467212116335190330573823303e-03
2546,4.9999999998286467212116335190330573823303e-03
2547,4.9999999998286467212116335190330573823303e-03
2548,4.9999999998286467212116335190330573823303e-03
2549,4.9999999998286467212116335190330573823303e-03
2550,4.9999999998286467212116335190330573823303e-03
2551,4.9999999998286467212116335190330573823303e-03
2552,4.9999999998286467212116335190330573823303e-03
2553,4.9999999998286467212116335190330573823303e-03
2554,4.9999999998286467212116335190330573823303e-03
2555,4.9999999998286467212116335190330573823303e-03
2556,4.9999999998286467212116335190330573823303e-03
2557,4.9999999998286467212116335190330573823303e-03
2558,4.9999999998286467212116335190330573823303e-03
2559,4.9999999998286467212116335190330573823303e-03
2560,4.9999999998286467212116335190330573823303e-03
2561,4.9999999999547732609794792324464651755989e-03
2562,4.9999999999672042894083290320850210264325e-03
2563,4.9999999998286467212116335190330573823303e-03
2564,4.9999999998286467212116335190330573823303e-03
2565,4.9999999998286467212116335190330573823303e-03
2566,4.9999999998286467212116335190330573823303e-03
2567,4.9999999998286467212116335190330573823303e-03
2568,4.9999999998286467212116335190330573823303e-03
2569,4.9999999998286467212116335190330573823303e-03
2570,4.9999999998286467212116335190330573823303e-03
2571,4.9999999998286467212116335190330573823303e-03
2572,4.9999999998286467212116335190330573823303e-03
2573,4.9999999998286467212116335190330573823303e-03
2574,4.9999999998286467212116335190330573823303e-03
2575,4.9999999998286467212116335190330573823303e-03
2576,4.9999999998286467212116335190330573823303e-03
2577,4.9999999998286467212116335190330573823303e-03
2578,4.9999999998286467212116335190330573823303e-03
2579,4.9999999998286467212116335190330573823303e-03
2580,4.9999999998286467212116335190330573823303e-03
2581,4.9999999998286467212116335190330573823303e-03
2582,4.9999999998286467212116335190330573823303e-03
2583,4.9999999998286467212116335190330573823303e-03
2584,4.9999999998286467212116335190330573823303e-03
2585,4.9999999998286467212116335190330573823303e-03
2586,4.9999999998286467212116335190330573823303e-03
2587,4.9999999998286467212116335190330573823303e-03
2588,4.9999999998286467212116335190330573823303e-03
2589,4.9999999998286467212116335190330573823303e-03
2590,4.9999999998286467212116335190330573823303e-03
2591,4.9999999998286467212116335190330573823303e-03
2592,4.9999999998286467212116335190330573823303e-03
2593,4.9999999998286467212116335190330573823303e-03
2594,4.9999999999547732609794792324464651755989e-03
2595,4.9999999999672042894083290320850210264325e-03
2596,4.9999999998286467212116335190330573823303e-03
2597,4.9999999998286467212116335190330573823303e-03
2598,4.9999999998286467212116335190330573823303e-03
2599,4.9999999998286467212116335190330573823303e-03
2600,4.9999999998286467212116335190330573823303e-03
2601,4.9999999998286467212116335190330573823303e-03
2602,4.9999999998286467212116335190330573823303e-03
2603,4.9999999998286467212116335190330573823303e-03
2604,4.9999999998286467212116335190330573823303e-03
2605,4.9999999998286467212116335190330573823303e-03
2606,4.9999999998854892727107035454992001177743e-03
2607,4.9999999998854892727107035454992001177743e-03
2608,4.9999999998286467212116335190330573823303e-03
2609,4.9999999998286467212116335190330573823303e-03
2610,4.9999999999423318242097735719653428532183e-03
2611,4.9999999998854866706254895802885584998876e-03
2612,4.9999999998286467212116335190330573823303e-03
2613,4.9999999998286467212116335190330573823303e-03
2614,4.9999999998286467212116335190330573823303e-03
2615,4.9999999998286467212116335190330573823303e-03
2616,4.9999999998286467212116335190330573823303e-03
2617,4.9999999998286467212116335190330573823303e-03
2618,4.9999999998286467212116335190330573823303e-03
2619,4.9999999998286467212116335190330573823303e-03
2620,4.9999999998286467212116335190330573823303e-03
2621,4.9999999998286467212116335190330573823303e-03
2622,4.9999999998286467212116335190330573823303e-03
2623,4.9999999998286467212116335190330573823303e-03
2624,4.9999999998286467212116335190330573823303e-03
2625,4.9999999998286467212116335190330573823303e-03
2626,4.9999999998286467212116335190330573823303e-03
2627,4.9999999998286467212116335190330573823303e-03
2628,4.9999999998286467212116335190330573823303e-03
2629,4.9999999998286467212116335190330573823303e-03
2630,4.9999999998286467212116335190330573823303e-03
2631,4.9999999998286467212116335190330573823303e-03
2632,4.9999999998286467212116335190330573823303e-03
2633,4.9999999998286467212116335190330573823303e-03
2634,4.9999999998286467212116335190330573823303e-03
2635,4.9999999998286467212116335190330573823303e-03
2636,4.9999999998286467212116335190330573823303e-03
2637,4.9999999998286467212116335190330573823303e-03
2638,4.9999999998286467212116335190330573823303e-03
2639,4.9999999998286467212116335190330573823303e-03
2640,4.9999999998286467212116335190330573823303e-03
2641,4.9999999998286467212116335190330573823303e-03
2642,4.9999999998286467212116335190330573823303e-03
2643,4.9999999998286467212116335190330573823303e-03
2644,4.9999999998286467212116335190330573823303e-03
2645,4.9999999998286467212116335190330573823303e-03
2646,4.9999999998286467212116335190330573823303e-03
2647,4.9999999998286467212116335190330573823303e-03
2648,4.9999999998286467212116335190330573823303e-03
2649,4.9999999998286467212116335190330573823303e-03
2650,4.9999999998286467212116335190330573823303e-03
2651,4.9999999998286467212116335190330573823303e-03
2652,4.9999999998286467212116335190330573823303e-03
2653,4.9999999998286467212116335190330573823303e-03
2654,4.9999999998286467212116335190330573823303e-03
2655,4.9999999998286467212116335190330573823303e-03
2656,4.9999999998286467212116335190330573823303e-03
2657,4.9999999998286467212116335190330573823303e-03
2658,4.9999999998286467212116335190330573823303e-03
2659,4.9999999998286467212116335190330573823303e-03
2660,4.9999999998286467212116335190330573823303e-03
2661,4.9999999998286467212116335190330573823303e-03
2662,4.9999999998286467212116335190330573823303e-03
2663,4.9999999998286467212116335190330573823303e-03
2664,4.9999999998286467212116335190330573823303e-03
2665,4.9999999998286467212116335190330573823303e-03
2666,4.9999999998286467212116335190330573823303e-03
2667,4.9999999998286467212116335190330573823303e-03
2668,4.9999999998286467212116335190330573823303e-03
2669,4.9999999998286467212116335190330573823303e-03
2670,4.9999999998286467212116335190330573823303e-03
2671,4.9999999998286467212116335190330573823303e-03
2672,4.9999999998286467212116335190330573823303e-03
2673,4.9999999999423318242097735719653428532183e-03
2674,4.9999999998854866706254895802885584998876e-03
2675,4.9999999998286467212116335190330573823303e-03
2676,4.9999999998286467212116335190330573823303e-03
2677,4.9999999998286467212116335190330573823303e-03
2678,4.9999999998286467212116335190330573823303e-03
2679,4.9999999998286467212116335190330573823303e-03
2680,4.9999999998286467212116335190330573823303e-03
2681,4.9999999998286467212116335190330573823303e-03
2682,4.9999999998286467212116335190330573823303e-03
2683,4.9999999998286467212116335190330573823303e-03
2684,4.9999999998286467212116335190330573823303e-03
2685,4.9999999998286467212116335190330573823303e-03
2686,4.9999999998286467212116335190330573823303e-03
2687,4.9999999998286467212116335190330573823303e-03
2688,4.9999999998286467212116335190330573823303e-03
2689,4.9999999998286467212116335190330573823303e-03
2690,4.9999999998286467212116335190330573823303e-03
2691,4.9999999998286467212116335190330573823303e-03
2692,4.9999999998286467212116335190330573823303e-03
2693,4.9999999998286467212116335190330573823303e-03
2694,2.4400051229455050894046053144847974181175e+00
2695,2.4400051229454322587741899042157456278801e+00
2696,4.9999999999698827024552372222387930378318e-03
2697,4.9999999999698827024552372222387930378318e-03
2698,4.9999999999698827024552372222387930378318e-03
2699,4.9999999999698827024552372222387930378318e-03
2700,4.9999999999698827024552372222387930378318e-03
2701,4.9999999999698827024552372222387930378318e-03
2702,4.9999999999698827024552372222387930378318e-03
2703,4.9999999999698827024552372222387930378318e-03
2704,4.9999999999698827024552372222387930378318e-03
2705,4.9999999999698827024552372222387930378318e-03
2706,4.9999999999698827024552372222387930378318e-03
2707,4.9999999999698827024552372222387930378318e-03
2708,4.9999999999698827024552372222387930378318e-03
2709,4.9999999999698827024552372222387930378318e-03
2710,4.9999999999698827024552372222387930378318e-03
2711,4.9999999999698827024552372222387930378318e-03
2712,4.9999999999698827024552372222387930378318e-03
2713,5.0000000000640270128582365316560753853992e-03
2714,4.9999999999300655945111415690007561352104e-03
2715,4.9999999998810648604852246990049025043845e-03
2716,4.9999999997798064491072445036934368545189e-03
2717,4.9999999999698827024552372222387930378318e-03
2718,4.9999999999698827024552372222387930378318e-03
2719,4.9999999999698827024552372222387930378318e-03
2720,4.9999999999698827024552372222387930378318e-03
2721,4.9999999999698827024552372222387930378318e-03
2722,4.9999999999698827024552372222387930378318e-03
2723,4.9999999999698827024552372222387930378318e-03
2724,4.9999999999698827024552372222387930378318e-03
2725,4.9999999999698827024552372222387930378318e-03
2726,4.9999999999698827024552372222387930378318e-03
2727,4.9999999999698827024552372222387930378318e-03
2728,4.9999999999698827024552372222387930378318e-03
2729,4.9999999999698827024552372222387930378318e-03
2730,4.9999999999698827024552372222387930378318e-03
2731,4.9999999999698827024552372222387930378318e-03
2732,4.9999999999698827024552372222387930378318e-03
2733,4.9999999999698827024552372222387930378318e-03
2734,4.9999999999698827024552372222387930378318e-03
2735,5.0000000000640270128582365316560753853992e-03
2736,4.9999999997798064491072445036934368545189e-03
2737,4.9999999999698827024552372222387930378318e-03
2738,5.0000000000835634686446873331533424789086e-03
2739,4.9999999999130332120622632885442726546898e-03
2740,4.9999999999698827024552372222387930378318e-03
2741,4.9999999999698827024552372222387930378318e-03
2742,4.9999999999698827024552372222387930378318e-03
2743,4.9999999999698827024552372222387930378318e-03
2744,4.9999999999698827024552372222387930378318e-03
2745,4.9999999999698827024552372222387930378318e-03
2746,4.9999999999698827024552372222387930378318e-03
2747,4.9999999999698827024552372222387930378318e-03
2748,4.9999999999698827024552372222387930378318e-03
2749,4.9999999999698827024552372222387930378318e-03
2750,4.9999999998196417716478379134059650823474e-03
2751,4.9999999999823137308840870218773488886654e-03
2752,4.9999999999698827024552372222387930378318e-03
2753,4.9999999999698827024552372222387930378318e-03
2754,4.9999999999698827024552372222387930378318e-03
2755,4.9999999999698827024552372222387930378318e-03
2756,4.9999999999698827024552372222387930378318e-03
2757,4.9999999999698827024552372222387930378318e-03
2758,4.9999999999698827024552372222387930378318e-03
2759,4.9999999999698827024552372222387930378318e-03
2760,4.9999999999698827024552372222387930378318e-03
2761,4.9999999999698827024552372222387930378318e-03
2762,4.9999999999698827024552372222387930378318e-03
2763,4.9999999999698827024552372222387930378318e-03
2764,4.9999999999698827024552372222387930378318e-03
2765,4.9999999999698827024552372222387930378318e-03
2766,4.9999999999698827024552372222387930378318e-03
2767,4.9999999998196417716478379134059650823474e-03
2768,4.9999999999823137308840870218773488886654e-03
2769,4.9999999999698827024552372222387930378318e-03
2770,4.9999999999698827024552372222387930378318e-03
2771,4.9999999999698827024552372222387930378318e-03
2772,4.9999999999698827024552372222387930378318e-03
2773,5.0000000000835634686446873331533424789086e-03
2774,4.9999999999130332120622632885442726546898e-03
2775,5.0000000000640270128582365316560753853992e-03
2776,4.9999999997798064491072445036934368545189e-03
2777,4.9999999999698827024552372222387930378318e-03
2778,4.9999999999698827024552372222387930378318e-03
2779,4.9999999999698827024552372222387930378318e-03
2780,4.9999999999698827024552372222387930378318e-03
2781,4.9999999999698827024552372222387930378318e-03
2782,4.9999999999698827024552372222387930378318e-03
2783,4.9999999999698827024552372222387930378318e-03
2784,4.9999999999698827024552372222387930378318e-03
2785,4.9999999999698827024552372222387930378318e-03
2786,4.9999999999698827024552372222387930378318e-03
2787,4.9999999999698827024552372222387930378318e-03
2788,4.9999999999698827024552372222387930378318e-03
2789,4.9999999999698827024552372222387930378318e-03
2790,4.9999999999698827024552372222387930378318e-03
2791,4.9999999999698827024552372222387930378318e-03
2792,4.9999999999698827024552372222387930378318e-03
2793,4.9999999999698827024552372222387930378318e-03
2794,4.9999999999698827024552372222387930378318e-03
2795,4.9999999999698827024552372222387930378318e-03
2796,4.9999999999698827024552372222387930378318e-03
2797,4.9999999999698827024552372222387930378318e-03
2798,4.9999999999698827024552372222387930378318e-03
2799,4.9999999999698827024552372222387930378318e-03
2800,4.9999999999698827024552372222387930378318e-03
2801,4.9999999999698827024552372222387930378318e-03
2802,4.9999999999698827024552372222387930378318e-03
2803,4.9999999999698827024552372222387930378318e-03
2804,4.9999999999698827024552372222387930378318e-03
2805,4.9999999999698827024552372222387930378318e-03
2806,5.0000000000640270128582365316560753853992e-03
2807,4.9999999997798064491072445036934368545189e-03
2808,4.9999999999698827024552372222387930378318e-03
2809,4.9999999999698827024552372222387930378318e-03
2810,4.9999999999698827024552372222387930378318e-03
2811,4.9999999999698827024552372222387930378318e-03
2812,4.9999999999698827024552372222387930378318e-03
2813,4.9999999999698827024552372222387930378318e-03
2814,4.9999999999698827024552372222387930378318e-03
2815,4.9999999999698827024552372222387930378318e-03
2816,4.9999999999698827024552372222387930378318e-03
2817,4.9999999999698827024552372222387930378318e-03
2818,4.9999999999698827024552372222387930378318e-03
2819,4.9999999999698827024552372222387930378318e-03
2820,4.9999999999698827024552372222387930378318e-03
2821,4.9999999999698827024552372222387930378318e-03
2822,4.9999999999698827024552372222387930378318e-03
2823,4.9999999999698827024552372222387930378318e-03
2824,4.9999999999698827024552372222387930378318e-03
2825,4.9999999999698827024552372222387930378318e-03
2826,4.9999999999698827024552372222387930378318e-03
2827,4.9999999999698827024552372222387930378318e-03
2828,4.9999999999698827024552372222387930378318e-03
2829,4.9999999999698827024552372222387930378318e-03
2830,4.9999999999698827024552372222387930378318e-03
2831,4.9999999999698827024552372222387930378318e-03
2832,4.9999999999698827024552372222387930378318e-03
2833,4.9999999999698827024552372222387930378318e-03
2834,4.9999999999698827024552372222387930378318e-03
2835,4.9999999999698827024552372222387930378318e-03
2836,4.9999999999698827024552372222387930378318e-03
2837,4.9999999999698827024552372222387930378318e-03
2838,4.9999999999698827024552372222387930378318e-03
2839,5.0000000000640270128582365316560753853992e-03
2840,4.9999999997798064491072445036934368545189e-03
2841,4.9999999999698827024552372222387930378318e-03
2842,4.9999999999698827024552372222387930378318e-03
2843,4.9999999999698827024552372222387930378318e-03
2844,4.9999999999698827024552372222387930378318e-03
2845,4.9999999999698827024552372222387930378318e-03
2846,4.9999999999698827024552372222387930378318e-03
2847,4.9999999999698827024552372222387930378318e-03
2848,4.9999999999698827024552372222387930378318e-03
2849,4.9999999999698827024552372222387930378318e-03
2850,4.9999999999698827024552372222387930378318e-03
2851,5.0000000000313057912926240078377304598689e-03
2852,4.9999999997673754206783947040548810036853e-03
2853,4.9999999999698827024552372222387930378318e-03
2854,4.9999999999698827024552372222387930378318e-03
2855,4.9999999999947551676537926823584712110460e-03
2856,4.9999999999254737814702309606218477711082e-03
2857,4.9999999999698827024552372222387930378318e-03
2858,4.9999999999698827024552372222387930378318e-03
2859,4.9999999999698827024552372222387930378318e-03
2860,4.9999999999698827024552372222387930378318e-03
2861,4.9999999999698827024552372222387930378318e-03
2862,4.9999999999698827024552372222387930378318e-03
2863,4.9999999999698827024552372222387930378318e-03
2864,4.9999999999698827024552372222387930378318e-03
2865,4.9999999999698827024552372222387930378318e-03
2866,4.9999999999698827024552372222387930378318e-03
2867,4.9999999999698827024552372222387930378318e-03
2868,4.9999999999698827024552372222387930378318e-03
2869,4.9999999999698827024552372222387930378318e-03
2870,4.9999999999698827024552372222387930378318e-03
2871,4.9999999999698827024552372222387930378318e-03
2872,4.9999999999698827024552372222387930378318e-03
2873,4.9999999999698827024552372222387930378318e-03
2874,4.9999999999698827024552372222387930378318e-03
2875,4.9999999999698827024552372222387930378318e-03
2876,4.9999999999698827024552372222387930378318e-03
2877,4.9999999999698827024552372222387930378318e-03
2878,4.9999999999698827024552372222387930378318e-03
2879,4.9999999999698827024552372222387930378318e-03
2880,4.9999999999698827024552372222387930378318e-03
2881,4.9999999999698827024552372222387930378318e-03
2882,4.9999999999698827024552372222387930378318e-03
2883,4.9999999999698827024552372222387930378318e-03
2884,4.9999999999698827024552372222387930378318e-03
2885,4.9999999999698827024552372222387930378318e-03
2886,4.9999999999698827024552372222387930378318e-03
2887,4.9999999999698827024552372222387930378318e-03
2888,4.9999999999698827024552372222387930378318e-03
2889,4.9999999999698827024552372222387930378318e-03
2890,4.9999999999698827024552372222387930378318e-03
2891,4.9999999999698827024552372222387930378318e-03
2892,4.9999999999698827024552372222387930378318e-03
2893,4.9999999999698827024552372222387930378318e-03
2894,4.9999999999698827024552372222387930378318e-03
2895,4.9999999999698827024552372222387930378318e-03
2896,4.9999999999698827024552372222387930378318e-03
2897,4.9999999999698827024552372222387930378318e-03
2898,4.9999999999698827024552372222387930378318e-03
2899,4.9999999999698827024552372222387930378318e-03
2900,4.9999999999698827024552372222387930378318e-03
2901,4.9999999999698827024552372222387930378318e-03
2902,4.9999999999698827024552372222387930378318e-03
2903,4.9999999999698827024552372222387930378318e-03
2904,4.9999999999698827024552372222387930378318e-03
2905,4.9999999999698827024552372222387930378318e-03
2906,4.9999999999698827024552372222387930378318e-03
2907,4.9999999999698827024552372222387930378318e-03
2908,4.9999999999698827024552372222387930378318e-03
2909,4.9999999999698827024552372222387930378318e-03
2910,4.9999999999698827024552372222387930378318e-03
2911,4.9999999999698827024552372222387930378318e-03
2912,4.9999999999698827024552372222387930378318e-03
2913,4.9999999999698827024552372222387930378318e-03
2914,4.9999999999698827024552372222387930378318e-03
2915,4.9999999999698827024552372222387930378318e-03
2916,4.9999999999698827024552372222387930378318e-03
2917,4.9999999999698827024552372222387930378318e-03
2918,4.9999999999947551676537926823584712110460e-03
2919,4.9999999999254737814702309606218477711082e-03
2920,4.9999999999698827024552372222387930378318e-03
2921,4.9999999999698827024552372222387930378318e-03
2922,4.9999999999698827024552372222387930378318e-03
2923,4.9999999999698827024552372222387930378318e-03
2924,4.9999999999698827024552372222387930378318e-03
2925,4.9999999999698827024552372222387930378318e-03
2926,4.9999999999698827024552372222387930378318e-03
2927,4.9999999999698827024552372222387930378318e-03
2928,4.9999999999698827024552372222387930378318e-03
2929,4.9999999999698827024552372222387930378318e-03
2930,4.9999999999698827024552372222387930378318e-03
2931,4.9999999999698827024552372222387930378318e-03
2932,4.9999999999698827024552372222387930378318e-03
2933,4.9999999999698827024552372222387930378318e-03
2934,4.9999999999698827024552372222387930378318e-03
2935,4.9999999999698827024552372222387930378318e-03
2936,4.9999999999698827024552372222387930378318e-03
2937,4.9999999999698827024552372222387930378318e-03
2938,4.9999999999698827024552372222387930378318e-03
2939,2.4400051229453172396688387379981577396393e+00
2940,2.4400051229454438050936460058437660336494e+00
2941,4.9999999999751180979057352260497282259166e-03
2942,4.9999999999751180979057352260497282259166e-03
2943,4.9999999999751180979057352260497282259166e-03
2944,4.9999999999751180979057352260497282259166e-03
2945,4.9999999999751180979057352260497282259166e-03
2946,4.9999999999751180979057352260497282259166e-03
2947,4.9999999999751180979057352260497282259166e-03
2948,4.9999999999751180979057352260497282259166e-03
2949,4.9999999999751180979057352260497282259166e-03
2950,4.9999999999751180979057352260497282259166e-03
2951,4.9999999999751180979057352260497282259166e-03
2952,4.9999999999751180979057352260497282259166e-03
2953,4.9999999999751180979057352260497282259166e-03
2954,4.9999999999751180979057352260497282259166e-03
2955,4.9999999999751180979057352260497282259166e-03
2956,4.9999999999751180979057352260497282259166e-03
2957,4.9999999999751180979057352260497282259166e-03
2958,5.0000000001580967301517688383682980202138e-03
2959,4.9999999998589289215700226520766591420397e-03
2960,5.0000000000000009714451465470119728706777e-03
2961,4.9999999999431757671808362886167742544785e-03
2962,4.9999999999751180979057352260497282259166e-03
2963,4.9999999999751180979057352260497282259166e-03
2964,4.9999999999751180979057352260497282259166e-03
2965,4.9999999999751180979057352260497282259166e-03
2966,4.9999999999751180979057352260497282259166e-03
2967,4.9999999999751180979057352260497282259166e-03
2968,4.9999999999751180979057352260497282259166e-03
2969,4.9999999999751180979057352260497282259166e-03
2970,4.9999999999751180979057352260497282259166e-03
2971,4.9999999999751180979057352260497282259166e-03
2972,4.9999999999751180979057352260497282259166e-03
2973,4.9999999999751180979057352260497282259166e-03
2974,4.9999999999751180979057352260497282259166e-03
2975,4.9999999999751180979057352260497282259166e-03
2976,4.9999999999751180979057352260497282259166e-03
2977,4.9999999999751180979057352260497282259166e-03
2978,4.9999999999751180979057352260497282259166e-03
2979,4.9999999999751180979057352260497282259166e-03
2980,5.0000000001580967301517688383682980202138e-03
2981,4.9999999999431757671808362886167742544785e-03
2982,4.9999999999751180979057352260497282259166e-03
2983,4.9999999999751302409700670636993891093880e-03
2984,5.0000000000195391619550733253163343761116e-03
2985,4.9999999999751180979057352260497282259166e-03
2986,4.9999999999751180979057352260497282259166e-03
2987,4.9999999999751180979057352260497282259166e-03
2988,4.9999999999751180979057352260497282259166e-03
2989,4.9999999999751180979057352260497282259166e-03
2990,4.9999999999751180979057352260497282259166e-03
2991,4.9999999999751180979057352260497282259166e-03
2992,4.9999999999751180979057352260497282259166e-03
2993,4.9999999999751180979057352260497282259166e-03
2994,4.9999999999751180979057352260497282259166e-03
2995,4.9999999998817422700025936421752703608945e-03
2996,5.0000000000444341785588164839282399043441e-03
2997,4.9999999999751180979057352260497282259166e-03
2998,4.9999999999751180979057352260497282259166e-03
2999,4.9999999999751180979057352260497282259166e-03
3000,4.9999999999751180979057352260497282259166e-03
3001,4.9999999999751180979057352260497282259166e-03
3002,4.9999999999751180979057352260497282259166e-03
3003,4.9999999999751180979057352260497282259166e-03
3004,4.9999999999751180979057352260497282259166e-03
3005,4.9999999999751180979057352260497282259166e-03
3006,4.9999999999751180979057352260497282259166e-03
3007,4.9999999999751180979057352260497282259166e-03
3008,4.9999999999751180979057352260497282259166e-03
3009,4.9999999999751180979057352260497282259166e-03
3010,4.9999999999751180979057352260497282259166e-03
3011,4.9999999999751180979057352260497282259166e-03
3012,4.9999999998817422700025936421752703608945e-03
3013,5.0000000000444341785588164839282399043441e-03
3014,4.9999999999751180979057352260497282259166e-03
3015,4.9999999999751180979057352260497282259166e-03
3016,4.9999999999751180979057352260497282259166e-03
3017,4.9999999999751180979057352260497282259166e-03
3018,4.9999999999751302409700670636993891093880e-03
3019,5.0000000000195391619550733253163343761116e-03
3020,5.0000000001580967301517688383682980202138e-03
3021,4.9999999999431757671808362886167742544785e-03
3022,4.9999999999751180979057352260497282259166e-03
3023,4.9999999999751180979057352260497282259166e-03
3024,4.9999999999751180979057352260497282259166e-03
3025,4.9999999999751180979057352260497282259166e-03
3026,4.9999999999751180979057352260497282259166e-03
3027,4.9999999999751180979057352260497282259166e-03
3028,4.9999999999751180979057352260497282259166e-03
3029,4.9999999999751180979057352260497282259166e-03
3030,4.9999999999751180979057352260497282259166e-03
3031,4.9999999999751180979057352260497282259166e-03
3032,4.9999999999751180979057352260497282259166e-03
3033,4.9999999999751180979057352260497282259166e-03
3034,4.9999999999751180979057352260497282259166e-03
3035,4.9999999999751180979057352260497282259166e-03
3036,4.9999999999751180979057352260497282259166e-03
3037,4.9999999999751180979057352260497282259166e-03
3038,4.9999999999751180979057352260497282259166e-03
3039,4.9999999999751180979057352260497282259166e-03
3040,4.9999999999751180979057352260497282259166e-03
3041,4.9999999999751180979057352260497282259166e-03
3042,4.9999999999751180979057352260497282259166e-03
3043,4.9999999999751180979057352260497282259166e-03
3044,4.9999999999751180979057352260497282259166e-03
3045,4.9999999999751180979057352260497282259166e-03
3046,4.9999999999751180979057352260497282259166e-03
3047,4.9999999999751180979057352260497282259166e-03
3048,4.9999999999751180979057352260497282259166e-03
3049,4.9999999999751180979057352260497282259166e-03
3050,4.9999999999751180979057352260497282259166e-03
3051,5.0000000001580967301517688383682980202138e-03
3052,4.9999999999431757671808362886167742544785e-03
3053,4.9999999999751180979057352260497282259166e-03
3054,4.9999999999751180979057352260497282259166e-03
3055,4.9999999999751180979057352260497282259166e-03
3056,4.9999999999751180979057352260497282259166e-03
3057,4.9999999999751180979057352260497282259166e-03
3058,4.9999999999751180979057352260497282259166e-03
3059,4.9999999999751180979057352260497282259166e-03
3060,4.9999999999751180979057352260497282259166e-03
3061,4.9999999999751180979057352260497282259166e-03
3062,4.9999999999751180979057352260497282259166e-03
3063,4.9999999999751180979057352260497282259166e-03
3064,4.9999999999751180979057352260497282259166e-03
3065,4.9999999999751180979057352260497282259166e-03
3066,4.9999999999751180979057352260497282259166e-03
3067,4.9999999999751180979057352260497282259166e-03
3068,4.9999999999751180979057352260497282259166e-03
3069,4.9999999999751180979057352260497282259166e-03
3070,4.9999999999751180979057352260497282259166e-03
3071,4.9999999999751180979057352260497282259166e-03
3072,4.9999999999751180979057352260497282259166e-03
3073,4.9999999999751180979057352260497282259166e-03
3074,4.9999999999751180979057352260497282259166e-03
3075,4.9999999999751180979057352260497282259166e-03
3076,4.9999999999751180979057352260497282259166e-03
3077,4.9999999999751180979057352260497282259166e-03
3078,4.9999999999751180979057352260497282259166e-03
3079,4.9999999999751180979057352260497282259166e-03
3080,4.9999999999751180979057352260497282259166e-03
3081,4.9999999999751180979057352260497282259166e-03
3082,4.9999999999751180979057352260497282259166e-03
3083,4.9999999999751180979057352260497282259166e-03
3084,5.0000000001580967301517688383682980202138e-03
3085,4.9999999999431757671808362886167742544785e-03
3086,4.9999999999751180979057352260497282259166e-03
3087,4.9999999999751180979057352260497282259166e-03
3088,4.9999999999751180979057352260497282259166e-03
3089,4.9999999999751180979057352260497282259166e-03
3090,4.9999999999751180979057352260497282259166e-03
3091,4.9999999999751180979057352260497282259166e-03
3092,4.9999999999751180979057352260497282259166e-03
3093,4.9999999999751180979057352260497282259166e-03
3094,4.9999999999751180979057352260497282259166e-03
3095,4.9999999999751180979057352260497282259166e-03
3096,4.9999999999353044594085915264258801471442e-03
3097,4.9999999999999879610190767209587647812441e-03
3098,4.9999999999751180979057352260497282259166e-03
3099,4.9999999999751180979057352260497282259166e-03
3100,4.9999999999875846881658425502337195212021e-03
3101,5.0000000000319684556604471481477958150208e-03
3102,4.9999999999751180979057352260497282259166e-03
3103,4.9999999999751180979057352260497282259166e-03
3104,4.9999999999751180979057352260497282259166e-03
3105,4.9999999999751180979057352260497282259166e-03
3106,4.9999999999751180979057352260497282259166e-03
3107,4.9999999999751180979057352260497282259166e-03
3108,4.9999999999751180979057352260497282259166e-03
3109,4.9999999999751180979057352260497282259166e-03
3110,4.9999999999751180979057352260497282259166e-03
3111,4.9999999999751180979057352260497282259166e-03
3112,4.9999999999751180979057352260497282259166e-03
3113,4.9999999999751180979057352260497282259166e-03
3114,4.9999999999751180979057352260497282259166e-03
3115,4.9999999999751180979057352260497282259166e-03
3116,4.9999999999751180979057352260497282259166e-03
3117,4.9999999999751180979057352260497282259166e-03
3118,4.9999999999751180979057352260497282259166e-03
3119,4.9999999999751180979057352260497282259166e-03
3120,4.9999999999751180979057352260497282259166e-03
3121,4.9999999999751180979057352260497282259166e-03
3122,4.9999999999751180979057352260497282259166e-03
3123,4.9999999999751180979057352260497282259166e-03
3124,4.9999999999751180979057352260497282259166e-03
3125,4.9999999999751180979057352260497282259166e-03
3126,4.9999999999751180979057352260497282259166e-03
3127,4.9999999999751180979057352260497282259166e-03
3128,4.9999999999751180979057352260497282259166e-03
3129,4.9999999999751180979057352260497282259166e-03
3130,4.9999999999751180979057352260497282259166e-03
3131,4.9999999999751180979057352260497282259166e-03
3132,4.9999999999751180979057352260497282259166e-03
3133,4.9999999999751180979057352260497282259166e-03
3134,4.9999999999751180979057352260497282259166e-03
3135,4.9999999999751180979057352260497282259166e-03
3136,4.9999999999751180979057352260497282259166e-03
3137,4.9999999999751180979057352260497282259166e-03
3138,4.9999999999751180979057352260497282259166e-03
3139,4.9999999999751180979057352260497282259166e-03
3140,4.9999999999751180979057352260497282259166e-03
3141,4.9999999999751180979057352260497282259166e-03
3142,4.9999999999751180979057352260497282259166e-03
3143,4.9999999999751180979057352260497282259166e-03
3144,4.9999999999751180979057352260497282259166e-03
3145,4.9999999999751180979057352260497282259166e-03
3146,4.9999999999751180979057352260497282259166e-03
3147,4.9999999999751180979057352260497282259166e-03
3148,4.9999999999751180979057352260497282259166e-03
3149,4.9999999999751180979057352260497282259166e-03
3150,4.9999999999751180979057352260497282259166e-03
3151,4.9999999999751180979057352260497282259166e-03
3152,4.9999999999751180979057352260497282259166e-03
3153,4.9999999999751180979057352260497282259166e-03
3154,4.9999999999751180979057352260497282259166e-03
3155,4.9999999999751180979057352260497282259166e-03
3156,4.9999999999751180979057352260497282259166e-03
3157,4.9999999999751180979057352260497282259166e-03
3158,4.9999999999751180979057352260497282259166e-03
3159,4.9999999999751180979057352260497282259166e-03
3160,4.9999999999751180979057352260497282259166e-03
3161,4.9999999999751180979057352260497282259166e-03
3162,4.9999999999751180979057352260497282259166e-03
3163,4.9999999999875846881658425502337195212021e-03
3164,5.0000000000319684556604471481477958150208e-03
3165,4.9999999999751180979057352260497282259166e-03
3166,4.9999999999751180979057352260497282259166e-03
3167,4.9999999999751180979057352260497282259166e-03
3168,4.9999999999751180979057352260497282259166e-03
3169,4.9999999999751180979057352260497282259166e-03
3170,4.9999999999751180979057352260497282259166e-03
3171,4.9999999999751180979057352260497282259166e-03
3172,4.9999999999751180979057352260497282259166e-03
3173,4.9999999999751180979057352260497282259166e-03
3174,4.9999999999751180979057352260497282259166e-03
3175,4.9999999999751180979057352260497282259166e-03
3176,4.9999999999751180979057352260497282259166e-03
3177,4.9999999999751180979057352260497282259166e-03
3178,4.9999999999751180979057352260497282259166e-03
3179,4.9999999999751180979057352260497282259166e-03
3180,4.9999999999751180979057352260497282259166e-03
3181,4.9999999999751180979057352260497282259166e-03
3182,4.9999999999751180979057352260497282259166e-03
3183,4.9999999999751180979057352260497282259166e-03
3184,2.4400051229454411405583869054680690169334e+00
3185,2.4400051229453594281437744939466938376427e+00
3186,4.9999999999765119482186825905500882072374e-03
3187,4.9999999999765119482186825905500882072374e-03
3188,4.9999999999765119482186825905500882072374e-03
3189,4.9999999999765119482186825905500882072374e-03
3190,4.9999999999765119482186825905500882072374e-03
3191,4.9999999999765119482186825905500882072374e-03
3192,4.9999999999765119482186825905500882072374e-03
3193,4.9999999999765119482186825905500882072374e-03
3194,4.9999999999765119482186825905500882072374e-03
3195,4.9999999999765119482186825905500882072374e-03
3196,4.9999999999765119482186825905500882072374e-03
3197,4.9999999999765119482186825905500882072374e-03
3198,4.9999999999765119482186825905500882072374e-03
3199,4.9999999999765119482186825905500882072374e-03
3200,4.9999999999765119482186825905500882072374e-03
3201,4.9999999999765119482186825905500882072374e-03
3202,4.9999999999765119482186825905500882072374e-03
3203,5.0000000000699111948887498613203206332400e-03
3204,5.0000000001516617734176328724515769863501e-03
3205,4.9999999999686857432568132253436488099396e-03
3206,4.9999999998628441924553023056887468555942e-03
3207,4.9999999999765119482186825905500882072374e-03
3208,4.9999999999765119482186825905500882072374e-03
3209,4.9999999999765119482186825905500882072374e-03
3210,4.9999999999765119482186825905500882072374e-03
3211,4.9999999999765119482186825905500882072374e-03
3212,4.9999999999765119482186825905500882072374e-03
3213,4.9999999999765119482186825905500882072374e-03
3214,4.9999999999765119482186825905500882072374e-03
3215,4.9999999999765119482186825905500882072374e-03
3216,4.9999999999765119482186825905500882072374e-03
3217,4.9999999999765119482186825905500882072374e-03
3218,4.9999999999765119482186825905500882072374e-03
3219,4.9999999999765119482186825905500882072374e-03
3220,4.9999999999765119482186825905500882072374e-03
3221,4.9999999999765119482186825905500882072374e-03
3222,4.9999999999765119482186825905500882072374e-03
3223,4.9999999999765119482186825905500882072374e-03
3224,4.9999999999765119482186825905500882072374e-03
3225,5.0000000000699111948887498613203206332400e-03
3226,4.9999999998628441924553023056887468555942e-03
3227,4.9999999999765119482186825905500882072374e-03
3228,5.0000000000333779184846783039120055036619e-03
3229,4.9999999998628285799440185144248971482739e-03
3230,4.9999999999765119482186825905500882072374e-03
3231,4.9999999999765119482186825905500882072374e-03
3232,4.9999999999765119482186825905500882072374e-03
3233,4.9999999999765119482186825905500882072374e-03
3234,4.9999999999765119482186825905500882072374e-03
3235,4.9999999999765119482186825905500882072374e-03
3236,4.9999999999765119482186825905500882072374e-03
3237,4.9999999999765119482186825905500882072374e-03
3238,4.9999999999765119482186825905500882072374e-03
3239,4.9999999999765119482186825905500882072374e-03
3240,5.0000000000209529615879944230982800945640e-03
3241,4.9999999998059947020623283719942264724523e-03
3242,4.9999999999765119482186825905500882072374e-03
3243,4.9999999999765119482186825905500882072374e-03
3244,4.9999999999765119482186825905500882072374e-03
3245,4.9999999999765119482186825905500882072374e-03
3246,4.9999999999765119482186825905500882072374e-03
3247,4.9999999999765119482186825905500882072374e-03
3248,4.9999999999765119482186825905500882072374e-03
3249,4.9999999999765119482186825905500882072374e-03
3250,4.9999999999765119482186825905500882072374e-03
3251,4.9999999999765119482186825905500882072374e-03
3252,4.9999999999765119482186825905500882072374e-03
3253,4.9999999999765119482186825905500882072374e-03
3254,4.9999999999765119482186825905500882072374e-03
3255,4.9999999999765119482186825905500882072374e-03
3256,4.9999999999765119482186825905500882072374e-03
3257,5.0000000000209529615879944230982800945640e-03
3258,4.9999999998059947020623283719942264724523e-03
3259,4.9999999999765119482186825905500882072374e-03
3260,4.9999999999765119482186825905500882072374e-03
3261,4.9999999999765119482186825905500882072374e-03
3262,4.9999999999765119482186825905500882072374e-03
3263,5.0000000000333779184846783039120055036619e-03
3264,4.9999999998628285799440185144248971482739e-03
3265,5.0000000000699111948887498613203206332400e-03
3266,4.9999999998628441924553023056887468555942e-03
3267,4.9999999999765119482186825905500882072374e-03
3268,4.9999999999765119482186825905500882072374e-03
3269,4.9999999999765119482186825905500882072374e-03
3270,4.9999999999765119482186825905500882072374e-03
3271,4.9999999999765119482186825905500882072374e-03
3272,4.9999999999765119482186825905500882072374e-03
3273,4.9999999999765119482186825905500882072374e-03
3274,4.9999999999765119482186825905500882072374e-03
3275,4.9999999999765119482186825905500882072374e-03
3276,4.9999999999765119482186825905500882072374e-03
3277,4.9999999999765119482186825905500882072374e-03
3278,4.9999999999765119482186825905500882072374e-03
3279,4.9999999999765119482186825905500882072374e-03
3280,4.9999999999765119482186825905500882072374e-03
3281,4.9999999999765119482186825905500882072374e-03
3282,4.9999999999765119482186825905500882072374e-03
3283,4.9999999999765119482186825905500882072374e-03
3284,4.9999999999765119482186825905500882072374e-03
3285,4.9999999999765119482186825905500882072374e-03
3286,4.9999999999765119482186825905500882072374e-03
3287,4.9999999999765119482186825905500882072374e-03
3288,4.9999999999765119482186825905500882072374e-03
3289,4.9999999999765119482186825905500882072374e-03
3290,4.9999999999765119482186825905500882072374e-03
3291,4.9999999999765119482186825905500882072374e-03
3292,4.9999999999765119482186825905500882072374e-03
3293,4.9999999999765119482186825905500882072374e-03
3294,4.9999999999765119482186825905500882072374e-03
3295,4.9999999999765119482186825905500882072374e-03
3296,5.0000000000699111948887498613203206332400e-03
3297,4.9999999998628441924553023056887468555942e-03
3298,4.9999999999765119482186825905500882072374e-03
3299,4.9999999999765119482186825905500882072374e-03
3300,4.9999999999765119482186825905500882072374e-03
3301,4.9999999999765119482186825905500882072374e-03
3302,4.9999999999765119482186825905500882072374e-03
3303,4.9999999999765119482186825905500882072374e-03
3304,4.9999999999765119482186825905500882072374e-03
3305,4.9999999999765119482186825905500882072374e-03
3306,4.9999999999765119482186825905500882072374e-03
3307,4.9999999999765119482186825905500882072374e-03
3308,4.9999999999765119482186825905500882072374e-03
3309,4.9999999999765119482186825905500882072374e-03
3310,4.9999999999765119482186825905500882072374e-03
3311,4.9999999999765119482186825905500882072374e-03
3312,4.9999999999765119482186825905500882072374e-03
3313,4.9999999999765119482186825905500882072374e-03
3314,4.9999999999765119482186825905500882072374e-03
3315,4.9999999999765119482186825905500882072374e-03
3316,4.9999999999765119482186825905500882072374e-03
3317,4.9999999999765119482186825905500882072374e-03
3318,4.9999999999765119482186825905500882072374e-03
3319,4.9999999999765119482186825905500882072374e-03
3320,4.9999999999765119482186825905500882072374e-03
3321,4.9999999999765119482186825905500882072374e-03
3322,4.9999999999765119482186825905500882072374e-03
3323,4.9999999999765119482186825905500882072374e-03
3324,4.9999999999765119482186825905500882072374e-03
3325,4.9999999999765119482186825905500882072374e-03
3326,4.9999999999765119482186825905500882072374e-03
3327,4.9999999999765119482186825905500882072374e-03
3328,4.9999999999765119482186825905500882072374e-03
3329,5.0000000000699111948887498613203206332400e-03
3330,4.9999999998628441924553023056887468555942e-03
3331,4.9999999999765119482186825905500882072374e-03
3332,4.9999999999765119482186825905500882072374e-03
3333,4.9999999999765119482186825905500882072374e-03
3334,4.9999999999765119482186825905500882072374e-03
3335,4.9999999999765119482186825905500882072374e-03
3336,4.9999999999765119482186825905500882072374e-03
3337,4.9999999999765119482186825905500882072374e-03
3338,4.9999999999765119482186825905500882072374e-03
3339,4.9999999999765119482186825905500882072374e-03
3340,4.9999999999765119482186825905500882072374e-03
3341,5.0000000000824185511505426404710306087509e-03
3342,4.9999999998059773548275686039232823532075e-03
3343,4.9999999999765119482186825905500882072374e-03
3344,4.9999999999765119482186825905500882072374e-03
3345,5.0000000000333623059733945126481557963416e-03
3346,4.9999999999765449079647261498848820338026e-03
3347,4.9999999999765119482186825905500882072374e-03
3348,4.9999999999765119482186825905500882072374e-03
3349,4.9999999999765119482186825905500882072374e-03
3350,4.9999999999765119482186825905500882072374e-03
3351,4.9999999999765119482186825905500882072374e-03
3352,4.9999999999765119482186825905500882072374e-03
3353,4.9999999999765119482186825905500882072374e-03
3354,4.9999999999765119482186825905500882072374e-03
3355,4.9999999999765119482186825905500882072374e-03
3356,4.9999999999765119482186825905500882072374e-03
3357,4.9999999999765119482186825905500882072374e-03
3358,4.9999999999765119482186825905500882072374e-03
3359,4.9999999999765119482186825905500882072374e-03
3360,4.9999999999765119482186825905500882072374e-03
3361,4.9999999999765119482186825905500882072374e-03
3362,4.9999999999765119482186825905500882072374e-03
3363,4.9999999999765119482186825905500882072374e-03
3364,4.9999999999765119482186825905500882072374e-03
3365,4.9999999999765119482186825905500882072374e-03
3366,4.9999999999765119482186825905500882072374e-03
3367,4.9999999999765119482186825905500882072374e-03
3368,4.9999999999765119482186825905500882072374e-03
3369,4.9999999999765119482186825905500882072374e-03
3370,4.9999999999765119482186825905500882072374e-03
3371,4.9999999999765119482186825905500882072374e-03
3372,4.9999999999765119482186825905500882072374e-03
3373,4.9999999999765119482186825905500882072374e-03
3374,4.9999999999765119482186825905500882072374e-03
3375,4.9999999999765119482186825905500882072374e-03
3376,4.9999999999765119482186825905500882072374e-03
3377,4.9999999999765119482186825905500882072374e-03
3378,4.9999999999765119482186825905500882072374e-03
3379,4.9999999999765119482186825905500882072374e-03
3380,4.9999999999765119482186825905500882072374e-03
3381,4.9999999999765119482186825905500882072374e-03
3382,4.9999999999765119482186825905500882072374e-03
3383,4.9999999999765119482186825905500882072374e-03
3384,4.9999999999765119482186825905500882072374e-03
3385,4.9999999999765119482186825905500882072374e-03
3386,4.9999999999765119482186825905500882072374e-03
3387,4.9999999999765119482186825905500882072374e-03
3388,4.9999999999765119482186825905500882072374e-03
3389,4.9999999999765119482186825905500882072374e-03
3390,4.9999999999765119482186825905500882072374e-03
3391,4.9999999999765119482186825905500882072374e-03
3392,4.9999999999765119482186825905500882072374e-03
3393,4.9999999999765119482186825905500882072374e-03
3394,4.9999999999765119482186825905500882072374e-03
3395,4.9999999999765119482186825905500882072374e-03
3396,4.9999999999765119482186825905500882072374e-03
3397,4.9999999999765119482186825905500882072374e-03
3398,4.9999999999765119482186825905500882072374e-03
3399,4.9999999999765119482186825905500882072374e-03
3400,4.9999999999765119482186825905500882072374e-03
3401,4.9999999999765119482186825905500882072374e-03
3402,4.9999999999765119482186825905500882072374e-03
3403,4.9999999999765119482186825905500882072374e-03
3404,4.9999999999765119482186825905500882072374e-03
3405,4.9999999999765119482186825905500882072374e-03
3406,4.9999999999765119482186825905500882072374e-03
3407,4.9999999999765119482186825905500882072374e-03
3408,5.0000000000333623059733945126481557963416e-03
3409,4.9999999999765449079647261498848820338026e-03
3410,4.9999999999765119482186825905500882072374e-03
3411,4.9999999999765119482186825905500882072374e-03
3412,4.9999999999765119482186825905500882072374e-03
3413,4.9999999999765119482186825905500882072374e-03
3414,4.9999999999765119482186825905500882072374e-03
3415,4.9999999999765119482186825905500882072374e-03
3416,4.9999999999765119482186825905500882072374e-03
3417,4.9999999999765119482186825905500882072374e-03
3418,4.9999999999765119482186825905500882072374e-03
3419,4.9999999999765119482186825905500882072374e-03
3420,4.9999999999765119482186825905500882072374e-03
3421,4.9999999999765119482186825905500882072374e-03
3422,4.9999999999765119482186825905500882072374e-03
3423,4.9999999999765119482186825905500882072374e-03
3424,4.9999999999765119482186825905500882072374e-03
3425,4.9999999999765119482186825905500882072374e-03
3426,4.9999999999765119482186825905500882072374e-03
3427,4.9999999999765119482186825905500882072374e-03
3428,4.9999999999765119482186825905500882072374e-03
3429,2.4400051229454420287368066055933013558388e+00
3430,2.4400051229454460255396952561568468809128e+00
3431,4.9999999998505623502453865114603104302660e-03
3432,4.9999999998505623502453865114603104302660e-03
3433,4.9999999998505623502453865114603104302660e-03
3434,4.9999999998505623502453865114603104302660e-03
3435,4.9999999998505623502453865114603104302660e-03
3436,4.9999999998505623502453865114603104302660e-03
3437,4.9999999998505623502453865114603104302660e-03
3438,4.9999999998505623502453865114603104302660e-03
3439,4.9999999998505623502453865114603104302660e-03
3440,4.9999999998505623502453865114603104302660e-03
3441,4.9999999998505623502453865114603104302660e-03
3442,4.9999999998505623502453865114603104302660e-03
3443,4.9999999998505623502453865114603104302660e-03
3444,4.9999999998505623502453865114603104302660e-03
3445,4.9999999998505623502453865114603104302660e-03
3446,4.9999999998505623502453865114603104302660e-03
3447,4.9999999998505623502453865114603104302660e-03
3448,4.9999999998381217808374188393827353138477e-03
3449,4.9999999998505623502453865114603104302660e-03
3450,5.0000000001098861626691594040039490209892e-03
3451,4.9999999999961880492449495250184554606676e-03
3452,4.9999999998505623502453865114603104302660e-03
3453,4.9999999998505623502453865114603104302660e-03
3454,4.9999999998505623502453865114603104302660e-03
3455,4.9999999998505623502453865114603104302660e-03
3456,4.9999999998505623502453865114603104302660e-03
3457,4.9999999998505623502453865114603104302660e-03
3458,4.9999999998505623502453865114603104302660e-03
3459,4.9999999998505623502453865114603104302660e-03
3460,4.9999999998505623502453865114603104302660e-03
3461,4.9999999998505623502453865114603104302660e-03
3462,4.9999999998505623502453865114603104302660e-03
3463,4.9999999998505623502453865114603104302660e-03
3464,4.9999999998505623502453865114603104302660e-03
3465,4.9999999998505623502453865114603104302660e-03
3466,4.9999999998505623502453865114603104302660e-03
3467,4.9999999998505623502453865114603104302660e-03
3468,4.9999999998505623502453865114603104302660e-03
3469,4.9999999998505623502453865114603104302660e-03
3470,4.9999999998381217808374188393827353138477e-03
3471,4.9999999999961880492449495250184554606676e-03
3472,4.9999999998505623502453865114603104302660e-03
3473,4.9999999997937137272141505661693372530863e-03
3474,4.9999999998949305052287073181105370167643e-03
3475,4.9999999998505623502453865114603104302660e-03
3476,4.9999999998505623502453865114603104302660e-03
3477,4.9999999998505623502453865114603104302660e-03
3478,4.9999999998505623502453865114603104302660e-03
3479,4.9999999998505623502453865114603104302660e-03
3480,4.9999999998505623502453865114603104302660e-03
3481,4.9999999998505623502453865114603104302660e-03
3482,4.9999999998505623502453865114603104302660e-03
3483,4.9999999998505623502453865114603104302660e-03
3484,4.9999999998505623502453865114603104302660e-03
3485,5.0000000001098861626691594040039490209892e-03
3486,5.0000000000530765709161329368726001121104e-03
3487,4.9999999998505623502453865114603104302660e-03
3488,4.9999999998505623502453865114603104302660e-03
3489,4.9999999998505623502453865114603104302660e-03
3490,4.9999999998505623502453865114603104302660e-03
3491,4.9999999998505623502453865114603104302660e-03
3492,4.9999999998505623502453865114603104302660e-03
3493,4.9999999998505623502453865114603104302660e-03
3494,4.9999999998505623502453865114603104302660e-03
3495,4.9999999998505623502453865114603104302660e-03
3496,4.9999999998505623502453865114603104302660e-03
3497,4.9999999998505623502453865114603104302660e-03
3498,4.9999999998505623502453865114603104302660e-03
3499,4.9999999998505623502453865114603104302660e-03
3500,4.9999999998505623502453865114603104302660e-03
3501,4.9999999998505623502453865114603104302660e-03
3502,5.0000000001098861626691594040039490209892e-03
3503,5.0000000000530765709161329368726001121104e-03
3504,4.9999999998505623502453865114603104302660e-03
3505,4.9999999998505623502453865114603104302660e-03
3506,4.9999999998505623502453865114603104302660e-03
3507,4.9999999998505623502453865114603104302660e-03
3508,4.9999999997937137272141505661693372530863e-03
3509,4.9999999998949305052287073181105370167643e-03
3510,4.9999999998381217808374188393827353138477e-03
3511,4.9999999999961880492449495250184554606676e-03
3512,4.9999999998505623502453865114603104302660e-03
3513,4.9999999998505623502453865114603104302660e-03
3514,4.9999999998505623502453865114603104302660e-03
3515,4.9999999998505623502453865114603104302660e-03
3516,4.9999999998505623502453865114603104302660e-03
3517,4.9999999998505623502453865114603104302660e-03
3518,4.9999999998505623502453865114603104302660e-03
3519,4.9999999998505623502453865114603104302660e-03
3520,4.9999999998505623502453865114603104302660e-03
3521,4.9999999998505623502453865114603104302660e-03
3522,4.9999999998505623502453865114603104302660e-03
3523,4.9999999998505623502453865114603104302660e-03
3524,4.9999999998505623502453865114603104302660e-03
3525,4.9999999998505623502453865114603104302660e-03
3526,4.9999999998505623502453865114603104302660e-03
3527,4.9999999998505623502453865114603104302660e-03
3528,4.9999999998505623502453865114603104302660e-03
3529,4.9999999998505623502453865114603104302660e-03
3530,4.9999999998505623502453865114603104302660e-03
3531,4.9999999998505623502453865114603104302660e-03
3532,4.9999999998505623502453865114603104302660e-03
3533,4.9999999998505623502453865114603104302660e-03
3534,4.9999999998505623502453865114603104302660e-03
3535,4.9999999998505623502453865114603104302660e-03
3536,4.9999999998505623502453865114603104302660e-03
3537,4.9999999998505623502453865114603104302660e-03
3538,4.9999999998505623502453865114603104302660e-03
3539,4.9999999998505623502453865114603104302660e-03
3540,4.9999999998505623502453865114603104302660e-03
3541,4.9999999998381217808374188393827353138477e-03
3542,4.9999999999961880492449495250184554606676e-03
3543,4.9999999998505623502453865114603104302660e-03
3544,4.9999999998505623502453865114603104302660e-03
3545,4.9999999998505623502453865114603104302660e-03
3546,4.9999999998505623502453865114603104302660e-03
3547,4.9999999998505623502453865114603104302660e-03
3548,4.9999999998505623502453865114603104302660e-03
3549,4.9999999998505623502453865114603104302660e-03
3550,4.9999999998505623502453865114603104302660e-03
3551,4.9999999998505623502453865114603104302660e-03
3552,4.9999999998505623502453865114603104302660e-03
3553,4.9999999998505623502453865114603104302660e-03
3554,4.9999999998505623502453865114603104302660e-03
3555,4.9999999998505623502453865114603104302660e-03
3556,4.9999999998505623502453865114603104302660e-03
3557,4.9999999998505623502453865114603104302660e-03
3558,4.9999999998505623502453865114603104302660e-03
3559,4.9999999998505623502453865114603104302660e-03
3560,4.9999999998505623502453865114603104302660e-03
3561,4.9999999998505623502453865114603104302660e-03
3562,4.9999999998505623502453865114603104302660e-03
3563,4.9999999998505623502453865114603104302660e-03
3564,4.9999999998505623502453865114603104302660e-03
3565,4.9999999998505623502453865114603104302660e-03
3566,4.9999999998505623502453865114603104302660e-03
3567,4.9999999998505623502453865114603104302660e-03
3568,4.9999999998505623502453865114603104302660e-03
3569,4.9999999998505623502453865114603104302660e-03
3570,4.9999999998505623502453865114603104302660e-03
3571,4.9999999998505623502453865114603104302660e-03
3572,4.9999999998505623502453865114603104302660e-03
3573,4.9999999998505623502453865114603104302660e-03
3574,4.9999999998381217808374188393827353138477e-03
3575,4.9999999999961880492449495250184554606676e-03
3576,4.9999999998505623502453865114603104302660e-03
3577,4.9999999998505623502453865114603104302660e-03
3578,4.9999999998505623502453865114603104302660e-03
3579,4.9999999998505623502453865114603104302660e-03
3580,4.9999999998505623502453865114603104302660e-03
3581,4.9999999998505623502453865114603104302660e-03
3582,4.9999999998505623502453865114603104302660e-03
3583,4.9999999998505623502453865114603104302660e-03
3584,4.9999999998505623502453865114603104302660e-03
3585,4.9999999998505623502453865114603104302660e-03
3586,4.9999999999073710746366749901881121331826e-03
3587,5.0000000001099061119891331372855347581208e-03
3588,4.9999999998505623502453865114603104302660e-03
3589,4.9999999998505623502453865114603104302660e-03
3590,4.9999999999518597929015761849314003484324e-03
3591,4.9999999997812323918044974391250434564427e-03
3592,4.9999999998505623502453865114603104302660e-03
3593,4.9999999998505623502453865114603104302660e-03
3594,4.9999999998505623502453865114603104302660e-03
3595,4.9999999998505623502453865114603104302660e-03
3596,4.9999999998505623502453865114603104302660e-03
3597,4.9999999998505623502453865114603104302660e-03
3598,4.9999999998505623502453865114603104302660e-03
3599,4.9999999998505623502453865114603104302660e-03
3600,4.9999999998505623502453865114603104302660e-03
3601,4.9999999998505623502453865114603104302660e-03
3602,4.9999999998505623502453865114603104302660e-03
3603,4.9999999998505623502453865114603104302660e-03
3604,4.9999999998505623502453865114603104302660e-03
3605,4.9999999998505623502453865114603104302660e-03
3606,4.9999999998505623502453865114603104302660e-03
3607,4.9999999998505623502453865114603104302660e-03
3608,4.9999999998505623502453865114603104302660e-03
3609,4.9999999998505623502453865114603104302660e-03
3610,4.9999999998505623502453865114603104302660e-03
3611,4.9999999998505623502453865114603104302660e-03
3612,4.9999999998505623502453865114603104302660e-03
3613,4.9999999998505623502453865114603104302660e-03
3614,4.9999999998505623502453865114603104302660e-03
3615,4.9999999998505623502453865114603104302660e-03
3616,4.9999999998505623502453865114603104302660e-03
3617,4.9999999998505623502453865114603104302660e-03
3618,4.9999999998505623502453865114603104302660e-03
3619,4.9999999998505623502453865114603104302660e-03
3620,4.9999999998505623502453865114603104302660e-03
3621,4.9999999998505623502453865114603104302660e-03
3622,4.9999999998505623502453865114603104302660e-03
3623,4.9999999998505623502453865114603104302660e-03
3624,4.9999999998505623502453865114603104302660e-03
3625,4.9999999998505623502453865114603104302660e-03
3626,4.9999999998505623502453865114603104302660e-03
3627,4.9999999998505623502453865114603104302660e-03
3628,4.9999999998505623502453865114603104302660e-03
3629,4.9999999998505623502453865114603104302660e-03
3630,4.9999999998505623502453865114603104302660e-03
3631,4.9999999998505623502453865114603104302660e-03
3632,4.9999999998505623502453865114603104302660e-03
3633,4.9999999998505623502453865114603104302660e-03
3634,4.9999999998505623502453865114603104302660e-03
3635,4.9999999998505623502453865114603104302660e-03
3636,4.9999999998505623502453865114603104302660e-03
3637,4.9999999998505623502453865114603104302660e-03
3638,4.9999999998505623502453865114603104302660e-03
3639,4.9999999998505623502453865114603104302660e-03
3640,4.9999999998505623502453865114603104302660e-03
3641,4.9999999998505623502453865114603104302660e-03
3642,4.9999999998505623502453865114603104302660e-03
3643,4.9999999998505623502453865114603104302660e-03
3644,4.9999999998505623502453865114603104302660e-03
3645,4.9999999998505623502453865114603104302660e-03
3646,4.9999999998505623502453865114603104302660e-03
3647,4.9999999998505623502453865114603104302660e-03
3648,4.9999999998505623502453865114603104302660e-03
3649,4.9999999998505623502453865114603104302660e-03
3650,4.9999999998505623502453865114603104302660e-03
3651,4.9999999998505623502453865114603104302660e-03
3652,4.9999999998505623502453865114603104302660e-03
3653,4.9999999999518597929015761849314003484324e-03
3654,4.9999999997812323918044974391250434564427e-03
3655,4.9999999998505623502453865114603104302660e-03
3656,4.9999999998505623502453865114603104302660e-03
3657,4.9999999998505623502453865114603104302660e-03
3658,4.9999999998505623502453865114603104302660e-03
3659,4.9999999998505623502453865114603104302660e-03
3660,4.9999999998505623502453865114603104302660e-03
3661,4.9999999998505623502453865114603104302660e-03
3662,4.9999999998505623502453865114603104302660e-03
3663,4.9999999998505623502453865114603104302660e-03
3664,4.9999999998505623502453865114603104302660e-03
3665,4.9999999998505623502453865114603104302660e-03
3666,4.9999999998505623502453865114603104302660e-03
3667,4.9999999998505623502453865114603104302660e-03
3668,4.9999999998505623502453865114603104302660e-03
3669,4.9999999998505623502453865114603104302660e-03
3670,4.9999999998505623502453865114603104302660e-03
3671,4.9999999998505623502453865114603104302660e-03
3672,4.9999999998505623502453865114603104302660e-03
3673,4.9999999998505623502453865114603104302660e-03
3674,2.4400051229454140511165860516484826803207e+00
3675,2.4400051229454016166187102498952299356461e+00
3676,4.9999999999467128683483529982822801684961e-03
3677,4.9999999999467128683483529982822801684961e-03
3678,4.9999999999467128683483529982822801684961e-03
3679,4.9999999999467128683483529982822801684961e-03
3680,4.9999999999467128683483529982822801684961e-03
3681,4.9999999999467128683483529982822801684961e-03
3682,4.9999999999467128683483529982822801684961e-03
3683,4.9999999999467128683483529982822801684961e-03
3684,4.9999999999467128683483529982822801684961e-03
3685,4.9999999999467128683483529982822801684961e-03
3686,4.9999999999467128683483529982822801684961e-03
3687,4.9999999999467128683483529982822801684961e-03
3688,4.9999999999467128683483529982822801684961e-03
3689,4.9999999999467128683483529982822801684961e-03
3690,4.9999999999467128683483529982822801684961e-03
3691,4.9999999999467128683483529982822801684961e-03
3692,4.9999999999467128683483529982822801684961e-03
3693,4.9999999999500565478482982939567591529340e-03
3694,4.9999999999546388199100910298966482514516e-03
3695,4.9999999999056476268632920323398138862103e-03
3696,4.9999999999912163317627999958858708851039e-03
3697,4.9999999999467128683483529982822801684961e-03
3698,4.9999999999467128683483529982822801684961e-03
3699,4.9999999999467128683483529982822801684961e-03
3700,4.9999999999467128683483529982822801684961e-03
3701,4.9999999999467128683483529982822801684961e-03
3702,4.9999999999467128683483529982822801684961e-03
3703,4.9999999999467128683483529982822801684961e-03
3704,4.9999999999467128683483529982822801684961e-03
3705,4.9999999999467128683483529982822801684961e-03
3706,4.9999999999467128683483529982822801684961e-03
3707,4.9999999999467128683483529982822801684961e-03
3708,4.9999999999467128683483529982822801684961e-03
3709,4.9999999999467128683483529982822801684961e-03
3710,4.9999999999467128683483529982822801684961e-03
3711,4.9999999999467128683483529982822801684961e-03
3712,4.9999999999467128683483529982822801684961e-03
3713,4.9999999999467128683483529982822801684961e-03
3714,4.9999999999467128683483529982822801684961e-03
3715,4.9999999999500565478482982939567591529340e-03
3716,4.9999999999912163317627999958858708851039e-03
3717,4.9999999999467128683483529982822801684961e-03
3718,4.9999999999467128683483529982822801684961e-03
3719,4.9999999999911217893333592598992254352197e-03
3720,4.9999999999467128683483529982822801684961e-03
3721,4.9999999999467128683483529982822801684961e-03
3722,4.9999999999467128683483529982822801684961e-03
3723,4.9999999999467128683483529982822801684961e-03
3724,4.9999999999467128683483529982822801684961e-03
3725,4.9999999999467128683483529982822801684961e-03
3726,4.9999999999467128683483529982822801684961e-03
3727,4.9999999999467128683483529982822801684961e-03
3728,4.9999999999467128683483529982822801684961e-03
3729,4.9999999999467128683483529982822801684961e-03
3730,5.0000000001695649870514515100694552529603e-03
3731,4.9999999998775693926811314327096624765545e-03
3732,4.9999999999467128683483529982822801684961e-03
3733,4.9999999999467128683483529982822801684961e-03
3734,4.9999999999467128683483529982822801684961e-03
3735,4.9999999999467128683483529982822801684961e-03
3736,4.9999999999467128683483529982822801684961e-03
3737,4.9999999999467128683483529982822801684961e-03
3738,4.9999999999467128683483529982822801684961e-03
3739,4.9999999999467128683483529982822801684961e-03
3740,4.9999999999467128683483529982822801684961e-03
3741,4.9999999999467128683483529982822801684961e-03
3742,4.9999999999467128683483529982822801684961e-03
3743,4.9999999999467128683483529982822801684961e-03
3744,4.9999999999467128683483529982822801684961e-03
3745,4.9999999999467128683483529982822801684961e-03
3746,4.9999999999467128683483529982822801684961e-03
3747,5.0000000001695649870514515100694552529603e-03
3748,4.9999999998775693926811314327096624765545e-03
3749,4.9999999999467128683483529982822801684961e-03
3750,4.9999999999467128683483529982822801684961e-03
3751,4.9999999999467128683483529982822801684961e-03
3752,4.9999999999467128683483529982822801684961e-03
3753,4.9999999999467128683483529982822801684961e-03
3754,4.9999999999911217893333592598992254352197e-03
3755,4.9999999999500565478482982939567591529340e-03
3756,4.9999999999912163317627999958858708851039e-03
3757,4.9999999999467128683483529982822801684961e-03
3758,4.9999999999467128683483529982822801684961e-03
3759,4.9999999999467128683483529982822801684961e-03
3760,4.9999999999467128683483529982822801684961e-03
3761,4.9999999999467128683483529982822801684961e-03
3762,4.9999999999467128683483529982822801684961e-03
3763,4.9999999999467128683483529982822801684961e-03
3764,4.9999999999467128683483529982822801684961e-03
3765,4.9999999999467128683483529982822801684961e-03
3766,4.9999999999467128683483529982822801684961e-03
3767,4.9999999999467128683483529982822801684961e-03
3768,4.9999999999467128683483529982822801684961e-03
3769,4.9999999999467128683483529982822801684961e-03
3770,4.9999999999467128683483529982822801684961e-03
3771,4.9999999999467128683483529982822801684961e-03
3772,4.9999999999467128683483529982822801684961e-03
3773,4.9999999999467128683483529982822801684961e-03
3774,4.9999999999467128683483529982822801684961e-03
3775,4.9999999999467128683483529982822801684961e-03
3776,4.9999999999467128683483529982822801684961e-03
3777,4.9999999999467128683483529982822801684961e-03
3778,4.9999999999467128683483529982822801684961e-03
3779,4.9999999999467128683483529982822801684961e-03
3780,4.9999999999467128683483529982822801684961e-03
3781,4.9999999999467128683483529982822801684961e-03
3782,4.9999999999467128683483529982822801684961e-03
3783,4.9999999999467128683483529982822801684961e-03
3784,4.9999999999467128683483529982822801684961e-03
3785,4.9999999999467128683483529982822801684961e-03
3786,4.9999999999500565478482982939567591529340e-03
3787,4.9999999999912163317627999958858708851039e-03
3788,4.9999999999467128683483529982822801684961e-03
3789,4.9999999999467128683483529982822801684961e-03
3790,4.9999999999467128683483529982822801684961e-03
3791,4.9999999999467128683483529982822801684961e-03
3792,4.9999999999467128683483529982822801684961e-03
3793,4.9999999999467128683483529982822801684961e-03
3794,4.9999999999467128683483529982822801684961e-03
3795,4.9999999999467128683483529982822801684961e-03
3796,4.9999999999467128683483529982822801684961e-03
3797,4.9999999999467128683483529982822801684961e-03
3798,4.9999999999467128683483529982822801684961e-03
3799,4.9999999999467128683483529982822801684961e-03
3800,4.9999999999467128683483529982822801684961e-03
3801,4.9999999999467128683483529982822801684961e-03
3802,4.9999999999467128683483529982822801684961e-03
3803,4.9999999999467128683483529982822801684961e-03
3804,4.9999999999467128683483529982822801684961e-03
3805,4.9999999999467128683483529982822801684961e-03
3806,4.9999999999467128683483529982822801684961e-03
3807,4.9999999999467128683483529982822801684961e-03
3808,4.9999999999467128683483529982822801684961e-03
3809,4.9999999999467128683483529982822801684961e-03
3810,4.9999999999467128683483529982822801684961e-03
3811,4.9999999999467128683483529982822801684961e-03
3812,4.9999999999467128683483529982822801684961e-03
3813,4.9999999999467128683483529982822801684961e-03
3814,4.9999999999467128683483529982822801684961e-03
3815,4.9999999999467128683483529982822801684961e-03
3816,4.9999999999467128683483529982822801684961e-03
3817,4.9999999999467128683483529982822801684961e-03
3818,4.9999999999467128683483529982822801684961e-03
3819,4.9999999999500565478482982939567591529340e-03
3820,4.9999999999912163317627999958858708851039e-03
3821,4.9999999999467128683483529982822801684961e-03
3822,4.9999999999467128683483529982822801684961e-03
3823,4.9999999999467128683483529982822801684961e-03
3824,4.9999999999467128683483529982822801684961e-03
3825,4.9999999999467128683483529982822801684961e-03
3826,4.9999999999467128683483529982822801684961e-03
3827,4.9999999999467128683483529982822801684961e-03
3828,4.9999999999467128683483529982822801684961e-03
3829,4.9999999999467128683483529982822801684961e-03
3830,4.9999999999467128683483529982822801684961e-03
3831,4.9999999997841224411154747997443337226287e-03
3832,4.9999999998774748502516906967230170266703e-03
3833,4.9999999999467128683483529982822801684961e-03
3834,4.9999999999467128683483529982822801684961e-03
3835,4.9999999998525503433488559323905064957216e-03
3836,5.0000000000231152944007995131414645584300e-03
3837,4.9999999999467128683483529982822801684961e-03
3838,4.9999999999467128683483529982822801684961e-03
3839,4.9999999999467128683483529982822801684961e-03
3840,4.9999999999467128683483529982822801684961e-03
3841,4.9999999999467128683483529982822801684961e-03
3842,4.9999999999467128683483529982822801684961e-03
3843,4.9999999999467128683483529982822801684961e-03
3844,4.9999999999467128683483529982822801684961e-03
3845,4.9999999999467128683483529982822801684961e-03
3846,4.9999999999467128683483529982822801684961e-03
3847,4.9999999999467128683483529982822801684961e-03
3848,4.9999999999467128683483529982822801684961e-03
3849,4.9999999999467128683483529982822801684961e-03
3850,4.9999999999467128683483529982822801684961e-03
3851,4.9999999999467128683483529982822801684961e-03
3852,4.9999999999467128683483529982822801684961e-03
3853,4.9999999999467128683483529982822801684961e-03
3854,4.9999999999467128683483529982822801684961e-03
3855,4.9999999999467128683483529982822801684961e-03
3856,4.9999999999467128683483529982822801684961e-03
3857,4.9999999999467128683483529982822801684961e-03
3858,4.9999999999467128683483529982822801684961e-03
3859,4.9999999999467128683483529982822801684961e-03
3860,4.9999999999467128683483529982822801684961e-03
3861,4.9999999999467128683483529982822801684961e-03
3862,4.9999999999467128683483529982822801684961e-03
3863,4.9999999999467128683483529982822801684961e-03
3864,4.9999999999467128683483529982822801684961e-03
3865,4.9999999999467128683483529982822801684961e-03
3866,4.9999999999467128683483529982822801684961e-03
3867,4.9999999999467128683483529982822801684961e-03
3868,4.9999999999467128683483529982822801684961e-03
3869,4.9999999999467128683483529982822801684961e-03
3870,4.9999999999467128683483529982822801684961e-03
3871,4.9999999999467128683483529982822801684961e-03
3872,4.9999999999467128683483529982822801684961e-03
3873,4.9999999999467128683483529982822801684961e-03
3874,4.9999999999467128683483529982822801684961e-03
3875,4.9999999999467128683483529982822801684961e-03
3876,4.9999999999467128683483529982822801684961e-03
3877,4.9999999999467128683483529982822801684961e-03
3878,4.9999999999467128683483529982822801684961e-03
3879,4.9999999999467128683483529982822801684961e-03
3880,4.9999999999467128683483529982822801684961e-03
3881,4.9999999999467128683483529982822801684961e-03
3882,4.9999999999467128683483529982822801684961e-03
3883,4.9999999999467128683483529982822801684961e-03
3884,4.9999999999467128683483529982822801684961e-03
3885,4.9999999999467128683483529982822801684961e-03
3886,4.9999999999467128683483529982822801684961e-03
3887,4.9999999999467128683483529982822801684961e-03
3888,4.9999999999467128683483529982822801684961e-03
3889,4.9999999999467128683483529982822801684961e-03
3890,4.9999999999467128683483529982822801684961e-03
3891,4.9999999999467128683483529982822801684961e-03
3892,4.9999999999467128683483529982822801684961e-03
3893,4.9999999999467128683483529982822801684961e-03
3894,4.9999999999467128683483529982822801684961e-03
3895,4.9999999999467128683483529982822801684961e-03
3896,4.9999999999467128683483529982822801684961e-03
3897,4.9999999999467128683483529982822801684961e-03
3898,4.9999999998525503433488559323905064957216e-03
3899,5.0000000000231152944007995131414645584300e-03
3900,4.9999999999467128683483529982822801684961e-03
3901,4.9999999999467128683483529982822801684961e-03
3902,4.9999999999467128683483529982822801684961e-03
3903,4.9999999999467128683483529982822801684961e-03
3904,4.9999999999467128683483529982822801684961e-03
3905,4.9999999999467128683483529982822801684961e-03
3906,4.9999999999467128683483529982822801684961e-03
3907,4.9999999999467128683483529982822801684961e-03
3908,4.9999999999467128683483529982822801684961e-03
3909,4.9999999999467128683483529982822801684961e-03
3910,4.9999999999467128683483529982822801684961e-03
3911,4.9999999999467128683483529982822801684961e-03
3912,4.9999999999467128683483529982822801684961e-03
3913,4.9999999999467128683483529982822801684961e-03
3914,4.9999999999467128683483529982822801684961e-03
3915,4.9999999999467128683483529982822801684961e-03
3916,4.9999999999467128683483529982822801684961e-03
3917,4.9999999999467128683483529982822801684961e-03
3918,4.9999999999467128683483529982822801684961e-03
3919,2.4400051229454136070273762015858665108681e+00
3920,2.4400051229454531309670528571587055921555e+00
3921,4.9999999998474077556043226877591223455966e-03
3922,4.9999999998474077556043226877591223455966e-03
3923,4.9999999998474077556043226877591223455966e-03
3924,4.9999999998474077556043226877591223455966e-03
3925,4.9999999998474077556043226877591223455966e-03
3926,4.9999999998474077556043226877591223455966e-03
3927,4.9999999998474077556043226877591223455966e-03
3928,4.9999999998474077556043226877591223455966e-03
3929,4.9999999998474077556043226877591223455966e-03
3930,4.9999999998474077556043226877591223455966e-03
3931,4.9999999998474077556043226877591223455966e-03
3932,4.9999999998474077556043226877591223455966e-03
3933,4.9999999998474077556043226877591223455966e-03
3934,4.9999999998474077556043226877591223455966e-03
3935,4.9999999998474077556043226877591223455966e-03
3936,4.9999999998474077556043226877591223455966e-03
3937,4.9999999998474077556043226877591223455966e-03
3938,4.9999999999088065583130457980587380006909e-03
3939,4.9999999998154619554324717967119795503095e-03
3940,4.9999999998076366178323404199090873589739e-03
3941,4.9999999996324954662507700220430706394836e-03
3942,4.9999999998474077556043226877591223455966e-03
3943,4.9999999998474077556043226877591223455966e-03
3944,4.9999999998474077556043226877591223455966e-03
3945,4.9999999998474077556043226877591223455966e-03
3946,4.9999999998474077556043226877591223455966e-03
3947,4.9999999998474077556043226877591223455966e-03
3948,4.9999999998474077556043226877591223455966e-03
3949,4.9999999998474077556043226877591223455966e-03
3950,4.9999999998474077556043226877591223455966e-03
3951,4.9999999998474077556043226877591223455966e-03
3952,4.9999999998474077556043226877591223455966e-03
3953,4.9999999998474077556043226877591223455966e-03
3954,4.9999999998474077556043226877591223455966e-03
3955,4.9999999998474077556043226877591223455966e-03
3956,4.9999999998474077556043226877591223455966e-03
3957,4.9999999998474077556043226877591223455966e-03
3958,4.9999999998474077556043226877591223455966e-03
3959,4.9999999998474077556043226877591223455966e-03
3960,4.9999999999088065583130457980587380006909e-03
3961,4.9999999996324954662507700220430706394836e-03
3962,4.9999999998474077556043226877591223455966e-03
3963,5.0000000000055590254621762369424686767161e-03
3964,4.9999999998350001459423985750163410557434e-03
3965,4.9999999998474077556043226877591223455966e-03
3966,4.9999999998474077556043226877591223455966e-03
3967,4.9999999998474077556043226877591223455966e-03
3968,4.9999999998474077556043226877591223455966e-03
3969,4.9999999998474077556043226877591223455966e-03
3970,4.9999999998474077556043226877591223455966e-03
3971,4.9999999998474077556043226877591223455966e-03
3972,4.9999999998474077556043226877591223455966e-03
3973,4.9999999998474077556043226877591223455966e-03
3974,4.9999999998474077556043226877591223455966e-03
3975,4.9999999999657332439007006996689597144723e-03
3976,4.9999999999167411834921637137085781432688e-03
3977,4.9999999998474077556043226877591223455966e-03
3978,4.9999999998474077556043226877591223455966e-03
3979,4.9999999998474077556043226877591223455966e-03
3980,4.9999999998474077556043226877591223455966e-03
3981,4.9999999998474077556043226877591223455966e-03
3982,4.9999999998474077556043226877591223455966e-03
3983,4.9999999998474077556043226877591223455966e-03
3984,4.9999999998474077556043226877591223455966e-03
3985,4.9999999998474077556043226877591223455966e-03
3986,4.9999999998474077556043226877591223455966e-03
3987,4.9999999998474077556043226877591223455966e-03
3988,4.9999999998474077556043226877591223455966e-03
3989,4.9999999998474077556043226877591223455966e-03
3990,4.9999999998474077556043226877591223455966e-03
3991,4.9999999998474077556043226877591223455966e-03
3992,4.9999999999657332439007006996689597144723e-03
3993,4.9999999999167411834921637137085781432688e-03
3994,4.9999999998474077556043226877591223455966e-03
3995,4.9999999998474077556043226877591223455966e-03
3996,4.9999999998474077556043226877591223455966e-03
3997,4.9999999998474077556043226877591223455966e-03
3998,5.0000000000055590254621762369424686767161e-03
3999,4.9999999998350001459423985750163410557434e-03
4000,4.9999999999088065583130457980587380006909e-03
4001,4.9999999996324954662507700220430706394836e-03
4002,4.9999999998474077556043226877591223455966e-03
4003,4.9999999998474077556043226877591223455966e-03
4004,4.9999999998474077556043226877591223455966e-03
4005,4.9999999998474077556043226877591223455966e-03
4006,4.9999999998474077556043226877591223455966e-03
4007,4.9999999998474077556043226877591223455966e-03
4008,4.9999999998474077556043226877591223455966e-03
4009,4.9999999998474077556043226877591223455966e-03
4010,4.9999999998474077556043226877591223455966e-03
4011,4.9999999998474077556043226877591223455966e-03
4012,4.9999999998474077556043226877591223455966e-03
4013,4.9999999998474077556043226877591223455966e-03
4014,4.9999999998474077556043226877591223455966e-03
4015,4.9999999998474077556043226877591223455966e-03
4016,4.9999999998474077556043226877591223455966e-03
4017,4.9999999998474077556043226877591223455966e-03
4018,4.9999999998474077556043226877591223455966e-03
4019,4.9999999998474077556043226877591223455966e-03
4020,4.9999999998474077556043226877591223455966e-03
4021,4.9999999998474077556043226877591223455966e-03
4022,4.9999999998474077556043226877591223455966e-03
4023,4.9999999998474077556043226877591223455966e-03
4024,4.9999999998474077556043226877591223455966e-03
4025,4.9999999998474077556043226877591223455966e-03
4026,4.9999999998474077556043226877591223455966e-03
4027,4.9999999998474077556043226877591223455966e-03
4028,4.9999999998474077556043226877591223455966e-03
4029,4.9999999998474077556043226877591223455966e-03
4030,4.9999999998474077556043226877591223455966e-03
4031,4.9999999999088065583130457980587380006909e-03
4032,4.9999999996324954662507700220430706394836e-03
4033,4.9999999998474077556043226877591223455966e-03
4034,4.9999999998474077556043226877591223455966e-03
4035,4.9999999998474077556043226877591223455966e-03
4036,4.9999999998474077556043226877591223455966e-03
4037,4.9999999998474077556043226877591223455966e-03
4038,4.9999999998474077556043226877591223455966e-03
4039,4.9999999998474077556043226877591223455966e-03
4040,4.9999999998474077556043226877591223455966e-03
4041,4.9999999998474077556043226877591223455966e-03
4042,4.9999999998474077556043226877591223455966e-03
4043,4.9999999998474077556043226877591223455966e-03
4044,4.9999999998474077556043226877591223455966e-03
4045,4.9999999998474077556043226877591223455966e-03
4046,4.9999999998474077556043226877591223455966e-03
4047,4.9999999998474077556043226877591223455966e-03
4048,4.9999999998474077556043226877591223455966e-03
4049,4.9999999998474077556043226877591223455966e-03
4050,4.9999999998474077556043226877591223455966e-03
4051,4.9999999998474077556043226877591223455966e-03
4052,4.9999999998474077556043226877591223455966e-03
4053,4.9999999998474077556043226877591223455966e-03
4054,4.9999999998474077556043226877591223455966e-03
4055,4.9999999998474077556043226877591223455966e-03
4056,4.9999999998474077556043226877591223455966e-03
4057,4.9999999998474077556043226877591223455966e-03
4058,4.9999999998474077556043226877591223455966e-03
4059,4.9999999998474077556043226877591223455966e-03
4060,4.9999999998474077556043226877591223455966e-03
4061,4.9999999998474077556043226877591223455966e-03
4062,4.9999999998474077556043226877591223455966e-03
4063,4.9999999998474077556043226877591223455966e-03
4064,4.9999999999088065583130457980587380006909e-03
4065,4.9999999996324954662507700220430706394836e-03
4066,4.9999999998474077556043226877591223455966e-03
4067,4.9999999998474077556043226877591223455966e-03
4068,4.9999999998474077556043226877591223455966e-03
4069,4.9999999998474077556043226877591223455966e-03
4070,4.9999999998474077556043226877591223455966e-03
4071,4.9999999998474077556043226877591223455966e-03
4072,4.9999999998474077556043226877591223455966e-03
4073,4.9999999998474077556043226877591223455966e-03
4074,4.9999999998474077556043226877591223455966e-03
4075,4.9999999998474077556043226877591223455966e-03
4076,4.9999999999166874070644084326886513736099e-03
4077,4.9999999998474623993938159571825963212177e-03
4078,4.9999999998474077556043226877591223455966e-03
4079,4.9999999998474077556043226877591223455966e-03
4080,4.9999999998918713203788222187995415879413e-03
4081,4.9999999998599246528452333393488515866920e-03
4082,4.9999999998474077556043226877591223455966e-03
4083,4.9999999998474077556043226877591223455966e-03
4084,4.9999999998474077556043226877591223455966e-03
4085,4.9999999998474077556043226877591223455966e-03
4086,4.9999999998474077556043226877591223455966e-03
4087,4.9999999998474077556043226877591223455966e-03
4088,4.9999999998474077556043226877591223455966e-03
4089,4.9999999998474077556043226877591223455966e-03
4090,4.9999999998474077556043226877591223455966e-03
4091,4.9999999998474077556043226877591223455966e-03
4092,4.9999999998474077556043226877591223455966e-03
4093,4.9999999998474077556043226877591223455966e-03
4094,4.9999999998474077556043226877591223455966e-03
4095,4.9999999998474077556043226877591223455966e-03
4096,4.9999999998474077556043226877591223455966e-03
4097,4.9999999998474077556043226877591223455966e-03
4098,4.9999999998474077556043226877591223455966e-03
4099,4.9999999998474077556043226877591223455966e-03
4100,4.9999999998474077556043226877591223455966e-03
4101,4.9999999998474077556043226877591223455966e-03
4102,4.9999999998474077556043226877591223455966e-03
4103,4.9999999998474077556043226877591223455966e-03
4104,4.9999999998474077556043226877591223455966e-03
4105,4.9999999998474077556043226877591223455966e-03
4106,4.9999999998474077556043226877591223455966e-03
4107,4.9999999998474077556043226877591223455966e-03
4108,4.9999999998474077556043226877591223455966e-03
4109,4.9999999998474077556043226877591223455966e-03
4110,4.9999999998474077556043226877591223455966e-03
4111,4.9999999998474077556043226877591223455966e-03
4112,4.9999999998474077556043226877591223455966e-03
4113,4.9999999998474077556043226877591223455966e-03
4114,4.9999999998474077556043226877591223455966e-03
4115,4.9999999998474077556043226877591223455966e-03
4116,4.9999999998474077556043226877591223455966e-03
4117,4.9999999998474077556043226877591223455966e-03
4118,4.9999999998474077556043226877591223455966e-03
4119,4.9999999998474077556043226877591223455966e-03
4120,4.9999999998474077556043226877591223455966e-03
4121,4.9999999998474077556043226877591223455966e-03
4122,4.9999999998474077556043226877591223455966e-03
4123,4.9999999998474077556043226877591223455966e-03
4124,4.9999999998474077556043226877591223455966e-03
4125,4.9999999998474077556043226877591223455966e-03
4126,4.9999999998474077556043226877591223455966e-03
4127,4.9999999998474077556043226877591223455966e-03
4128,4.9999999998474077556043226877591223455966e-03
4129,4.9999999998474077556043226877591223455966e-03
4130,4.9999999998474077556043226877591223455966e-03
4131,4.9999999998474077556043226877591223455966e-03
4132,4.9999999998474077556043226877591223455966e-03
4133,4.9999999998474077556043226877591223455966e-03
4134,4.9999999998474077556043226877591223455966e-03
4135,4.9999999998474077556043226877591223455966e-03
4136,4.9999999998474077556043226877591223455966e-03
4137,4.9999999998474077556043226877591223455966e-03
4138,4.9999999998474077556043226877591223455966e-03
4139,4.9999999998474077556043226877591223455966e-03
4140,4.9999999998474077556043226877591223455966e-03
4141,4.9999999998474077556043226877591223455966e-03
4142,4.9999999998474077556043226877591223455966e-03
4143,4.9999999998918713203788222187995415879413e-03
4144,4.9999999998599246528452333393488515866920e-03
4145,4.9999999998474077556043226877591223455966e-03
4146,4.9999999998474077556043226877591223455966e-03
4147,4.9999999998474077556043226877591223455966e-03
4148,4.9999999998474077556043226877591223455966e-03
4149,4.9999999998474077556043226877591223455966e-03
4150,4.9999999998474077556043226877591223455966e-03
4151,4.9999999998474077556043226877591223455966e-03
4152,4.9999999998474077556043226877591223455966e-03
4153,4.9999999998474077556043226877591223455966e-03
4154,4.9999999998474077556043226877591223455966e-03
4155,4.9999999998474077556043226877591223455966e-03
4156,4.9999999998474077556043226877591223455966e-03
4157,4.9999999998474077556043226877591223455966e-03
4158,4.9999999998474077556043226877591223455966e-03
4159,4.9999999998474077556043226877591223455966e-03
4160,4.9999999998474077556043226877591223455966e-03
4161,4.9999999998474077556043226877591223455966e-03
4162,4.9999999998474077556043226877591223455966e-03
4163,4.9999999998474077556043226877591223455966e-03
4164,2.4400051229453683099279714951990172266960e+00
4165,5.1707977074973987541284259350504726171494e+00
4166,2.4350723404140008909735115594230592250824e+00
4167,2.4350723404140008909735115594230592250824e+00
4168,2.4350723404140008909735115594230592250824e+00
4169,2.4350723404140008909735115594230592250824e+00
4170,2.4350723404140008909735115594230592250824e+00
4171,2.4350723404140008909735115594230592250824e+00
4172,2.4350723404140008909735115594230592250824e+00
4173,2.4350723404140008909735115594230592250824e+00
4174,2.4350723404140008909735115594230592250824e+00
4175,2.4350723404140008909735115594230592250824e+00
4176,2.4350723404140008909735115594230592250824e+00
4177,2.4350723404140008909735115594230592250824e+00
4178,2.4350723404140008909735115594230592250824e+00
4179,2.4350723404140008909735115594230592250824e+00
4180,2.4350723404140008909735115594230592250824e+00
4181,2.4350723404140008909735115594230592250824e+00
4182,2.4350723404140008909735115594230592250824e+00
4183,2.4350723404139928973677342582959681749344e+00
4184,2.4350723404140097727577085606753826141357e+00
4185,2.4350723404139884564756357576698064804077e+00
4186,2.4350723404140097727577085606753826141357e+00
4187,2.4350723404140008909735115594230592250824e+00
4188,2.4350723404140008909735115594230592250824e+00
4189,2.4350723404140008909735115594230592250824e+00
4190,2.4350723404140008909735115594230592250824e+00
4191,2.4350723404140008909735115594230592250824e+00
4192,2.4350723404140008909735115594230592250824e+00
4193,2.4350723404140008909735115594230592250824e+00
4194,2.4350723404140008909735115594230592250824e+00
4195,2.4350723404140008909735115594230592250824e+00
4196,2.4350723404140008909735115594230592250824e+00
4197,2.4350723404140008909735115594230592250824e+00
4198,2.4350723404140008909735115594230592250824e+00
4199,2.4350723404140008909735115594230592250824e+00
4200,2.4350723404140008909735115594230592250824e+00
4201,2.4350723404140008909735115594230592250824e+00
4202,2.4350723404140008909735115594230592250824e+00
4203,2.4350723404140008909735115594230592250824e+00
4204,2.4350723404140008909735115594230592250824e+00
4205,2.4350723404139928973677342582959681749344e+00
4206,2.4350723404140097727577085606753826141357e+00
4207,2.4350723404140008909735115594230592250824e+00
4208,2.4350723404140039995979805098613724112511e+00
4209,2.4350723404139986705274623091099783778191e+00
4210,2.4350723404140008909735115594230592250824e+00
4211,2.4350723404140008909735115594230592250824e+00
4212,2.4350723404140008909735115594230592250824e+00
4213,2.4350723404140008909735115594230592250824e+00
4214,2.4350723404140008909735115594230592250824e+00
4215,2.4350723404140008909735115594230592250824e+00
4216,2.4350723404140008909735115594230592250824e+00
4217,2.4350723404140008909735115594230592250824e+00
4218,2.4350723404140008909735115594230592250824e+00
4219,2.4350723404140008909735115594230592250824e+00
4220,2.4350723404139973382598327589221298694611e+00
4221,2.4350723404140000027950918592978268861771e+00
4222,2.4350723404140008909735115594230592250824e+00
4223,2.4350723404140008909735115594230592250824e+00
4224,2.4350723404140008909735115594230592250824e+00
4225,2.4350723404140008909735115594230592250824e+00
4226,2.4350723404140008909735115594230592250824e+00
4227,2.4350723404140008909735115594230592250824e+00
4228,2.4350723404140008909735115594230592250824e+00
4229,2.4350723404140008909735115594230592250824e+00
4230,2.4350723404140008909735115594230592250824e+00
4231,2.4350723404140008909735115594230592250824e+00
4232,2.4350723404140008909735115594230592250824e+00
4233,2.4350723404140008909735115594230592250824e+00
4234,2.4350723404140008909735115594230592250824e+00
4235,2.4350723404140008909735115594230592250824e+00
4236,2.4350723404140008909735115594230592250824e+00
4237,2.4350723404139973382598327589221298694611e+00
4238,2.4350723404140000027950918592978268861771e+00
4239,2.4350723404140008909735115594230592250824e+00
4240,2.4350723404140008909735115594230592250824e+00
4241,2.4350723404140008909735115594230592250824e+00
4242,2.4350723404140008909735115594230592250824e+00
4243,2.4350723404140039995979805098613724112511e+00
4244,2.4350723404139986705274623091099783778191e+00
4245,2.4350723404139928973677342582959681749344e+00
4246,2.4350723404140097727577085606753826141357e+00
4247,2.4350723404140008909735115594230592250824e+00
4248,2.4350723404140008909735115594230592250824e+00
4249,2.4350723404140008909735115594230592250824e+00
4250,2.4350723404140008909735115594230592250824e+00
4251,2.4350723404140008909735115594230592250824e+00
4252,2.4350723404140008909735115594230592250824e+00
4253,2.4350723404140008909735115594230592250824e+00
4254,2.4350723404140008909735115594230592250824e+00
4255,2.4350723404140008909735115594230592250824e+00
4256,2.4350723404140008909735115594230592250824e+00
4257,2.4350723404140008909735115594230592250824e+00
4258,2.4350723404140008909735115594230592250824e+00
4259,2.4350723404140008909735115594230592250824e+00
4260,2.4350723404140008909735115594230592250824e+00
4261,2.4350723404140008909735115594230592250824e+00
4262,2.4350723404140008909735115594230592250824e+00
4263,2.4350723404140008909735115594230592250824e+00
4264,2.4350723404140008909735115594230592250824e+00
4265,2.4350723404140008909735115594230592250824e+00
4266,2.4350723404140008909735115594230592250824e+00
4267,2.4350723404140008909735115594230592250824e+00
4268,2.4350723404140008909735115594230592250824e+00
4269,2.4350723404140008909735115594230592250824e+00
4270,2.4350723404140008909735115594230592250824e+00
4271,2.4350723404140008909735115594230592250824e+00
4272,2.4350723404140008909735115594230592250824e+00
4273,2.4350723404140008909735115594230592250824e+00
4274,2.4350723404140008909735115594230592250824e+00
4275,2.4350723404140008909735115594230592250824e+00
4276,2.4350723404139928973677342582959681749344e+00
4277,2.4350723404140097727577085606753826141357e+00
4278,2.4350723404140008909735115594230592250824e+00
4279,2.4350723404140008909735115594230592250824e+00
4280,2.4350723404140008909735115594230592250824e+00
4281,2.4350723404140008909735115594230592250824e+00
4282,2.4350723404140008909735115594230592250824e+00
4283,2.4350723404140008909735115594230592250824e+00
4284,2.4350723404140008909735115594230592250824e+00
4285,2.4350723404140008909735115594230592250824e+00
4286,2.4350723404140008909735115594230592250824e+00
4287,2.4350723404140008909735115594230592250824e+00
4288,2.4350723404140008909735115594230592250824e+00
4289,2.4350723404140008909735115594230592250824e+00
4290,2.4350723404140008909735115594230592250824e+00
4291,2.4350723404140008909735115594230592250824e+00
4292,2.4350723404140008909735115594230592250824e+00
4293,2.4350723404140008909735115594230592250824e+00
4294,2.4350723404140008909735115594230592250824e+00
4295,2.4350723404140008909735115594230592250824e+00
4296,2.4350723404140008909735115594230592250824e+00
4297,2.4350723404140008909735115594230592250824e+00
4298,2.4350723404140008909735115594230592250824e+00
4299,2.4350723404140008909735115594230592250824e+00
4300,2.4350723404140008909735115594230592250824e+00
4301,2.4350723404140008909735115594230592250824e+00
4302,2.4350723404140008909735115594230592250824e+00
4303,2.4350723404140008909735115594230592250824e+00
4304,2.4350723404140008909735115594230592250824e+00
4305,2.4350723404140008909735115594230592250824e+00
4306,2.4350723404140008909735115594230592250824e+00
4307,2.4350723404140008909735115594230592250824e+00
4308,2.4350723404140008909735115594230592250824e+00
4309,2.4350723404139928973677342582959681749344e+00
4310,2.4350723404140097727577085606753826141357e+00
4311,2.4350723404140008909735115594230592250824e+00
4312,2.4350723404140008909735115594230592250824e+00
4313,2.4350723404140008909735115594230592250824e+00
4314,2.4350723404140008909735115594230592250824e+00
4315,2.4350723404140008909735115594230592250824e+00
4316,2.4350723404140008909735115594230592250824e+00
4317,2.4350723404140008909735115594230592250824e+00
4318,2.4350723404140008909735115594230592250824e+00
4319,2.4350723404140008909735115594230592250824e+00
4320,2.4350723404140008909735115594230592250824e+00
4321,2.4350723404140084404900790104875341057777e+00
4322,2.4350723404139906769216850079828873276711e+00
4323,2.4350723404140008909735115594230592250824e+00
4324,2.4350723404140008909735115594230592250824e+00
4325,2.4350723404139817951374880067305639386177e+00
4326,2.4350723404140164340958563116146251559258e+00
4327,2.4350723404140008909735115594230592250824e+00
4328,2.4350723404140008909735115594230592250824e+00
4329,2.4350723404140008909735115594230592250824e+00
4330,2.4350723404140008909735115594230592250824e+00
4331,2.4350723404140008909735115594230592250824e+00
4332,2.4350723404140008909735115594230592250824e+00
4333,2.4350723404140008909735115594230592250824e+00
4334,2.4350723404140008909735115594230592250824e+00
4335,2.4350723404140008909735115594230592250824e+00
4336,2.4350723404140008909735115594230592250824e+00
4337,2.4350723404140008909735115594230592250824e+00
4338,2.4350723404140008909735115594230592250824e+00
4339,2.4350723404140008909735115594230592250824e+00
4340,2.4350723404140008909735115594230592250824e+00
4341,2.4350723404140008909735115594230592250824e+00
4342,2.4350723404140008909735115594230592250824e+00
4343,2.4350723404140008909735115594230592250824e+00
4344,2.4350723404140008909735115594230592250824e+00
4345,2.4350723404140008909735115594230592250824e+00
4346,2.4350723404140008909735115594230592250824e+00
4347,2.4350723404140008909735115594230592250824e+00
4348,2.4350723404140008909735115594230592250824e+00
4349,2.4350723404140008909735115594230592250824e+00
4350,2.4350723404140008909735115594230592250824e+00
4351,2.4350723404140008909735115594230592250824e+00
4352,2.4350723404140008909735115594230592250824e+00
4353,2.4350723404140008909735115594230592250824e+00
4354,2.4350723404140008909735115594230592250824e+00
4355,2.4350723404140008909735115594230592250824e+00
4356,2.4350723404140008909735115594230592250824e+00
4357,2.4350723404140008909735115594230592250824e+00
4358,2.4350723404140008909735115594230592250824e+00
4359,2.4350723404140008909735115594230592250824e+00
4360,2.4350723404140008909735115594230592250824e+00
4361,2.4350723404140008909735115594230592250824e+00
4362,2.4350723404140008909735115594230592250824e+00
4363,2.4350723404140008909735115594230592250824e+00
4364,2.4350723404140008909735115594230592250824e+00
4365,2.4350723404140008909735115594230592250824e+00
4366,2.4350723404140008909735115594230592250824e+00
4367,2.4350723404140008909735115594230592250824e+00
4368,2.4350723404140008909735115594230592250824e+00
4369,2.4350723404140008909735115594230592250824e+00
4370,2.4350723404140008909735115594230592250824e+00
4371,2.4350723404140008909735115594230592250824e+00
4372,2.4350723404140008909735115594230592250824e+00
4373,2.4350723404140008909735115594230592250824e+00
4374,2.4350723404140008909735115594230592250824e+00
4375,2.4350723404140008909735115594230592250824e+00
4376,2.4350723404140008909735115594230592250824e+00
4377,2.4350723404140008909735115594230592250824e+00
4378,2.4350723404140008909735115594230592250824e+00
4379,2.4350723404140008909735115594230592250824e+00
4380,2.4350723404140008909735115594230592250824e+00
4381,2.4350723404140008909735115594230592250824e+00
4382,2.4350723404140008909735115594230592250824e+00
4383,2.4350723404140008909735115594230592250824e+00
4384,2.4350723404140008909735115594230592250824e+00
4385,2.4350723404140008909735115594230592250824e+00
4386,2.4350723404140008909735115594230592250824e+00
4387,2.4350723404140008909735115594230592250824e+00
4388,2.4350723404139817951374880067305639386177e+00
4389,2.4350723404140164340958563116146251559258e+00
4390,2.4350723404140008909735115594230592250824e+00
4391,2.4350723404140008909735115594230592250824e+00
4392,2.4350723404140008909735115594230592250824e+00
4393,2.4350723404140008909735115594230592250824e+00
4394,2.4350723404140008909735115594230592250824e+00
4395,2.4350723404140008909735115594230592250824e+00
4396,2.4350723404140008909735115594230592250824e+00
4397,2.4350723404140008909735115594230592250824e+00
4398,2.4350723404140008909735115594230592250824e+00
4399,2.4350723404140008909735115594230592250824e+00
4400,2.4350723404140008909735115594230592250824e+00
4401,2.4350723404140008909735115594230592250824e+00
4402,2.4350723404140008909735115594230592250824e+00
4403,2.4350723404140008909735115594230592250824e+00
4404,2.4350723404140008909735115594230592250824e+00
4405,2.4350723404140008909735115594230592250824e+00
4406,2.4350723404140008909735115594230592250824e+00
4407,2.4350723404140008909735115594230592250824e+00
4408,2.4350723404140008909735115594230592250824e+00
4409,2.5853988537486332077719453081954270601273e+00
