index,H
0,-9.9999779889302727362660958010387446392997e-07
1,-9.9999603735287506904702483495617215680795e-07
2,-9.9999377336516598655359946978826712893351e-07
3,-9.9999377336516598655359946978826712893351e-07
4,-9.9999377336516598655359946978826712893351e-07
5,-9.9999377336516598655359946978826712893351e-07
6,-9.9999377336516598655359946978826712893351e-07
7,-9.9999377336516598655359946978826712893351e-07
8,-9.9999377336516598655359946978826712893351e-07
9,-9.9999377336516598655359946978826712893351e-07
10,-9.9999377336516598655359946978826712893351e-07
11,-9.9999377336516598655359946978826712893351e-07
12,-9.9999377336516598655359946978826712893351e-07
13,-9.9999377336516598655359946978826712893351e-07
14,-9.9999377336516598655359946978826712893351e-07
15,-9.9999377336516598655359946978826712893351e-07
16,-9.9999377336516598655359946978826712893351e-07
17,-9.9999377336516598655359946978826712893351e-07
18,-9.9999377336516598655359946978826712893351e-07
19,-9.9999334736027769641032551806159034413213e-07
20,-9.9999369436693059900631789377323244139006e-07
21,-9.9999341414101086144053907867057517933063e-07
22,-9.9999490477169031739390365337571964232666e-07
23,-9.9999377336516598655359946978826712893351e-07
24,-9.9999377336516598655359946978826712893351e-07
25,-9.9999377336516598655359946978826712893351e-07
26,-9.9999377336516598655359946978826712893351e-07
27,-9.9999377336516598655359946978826712893351e-07
28,-9.9999377336516598655359946978826712893351e-07
29,-9.9999377336516598655359946978826712893351e-07
30,-9.9999377336516598655359946978826712893351e-07
31,-9.9999377336516598655359946978826712893351e-07
32,-9.9999377336516598655359946978826712893351e-07
33,-9.9999377336516598655359946978826712893351e-07
34,-9.9999377336516598655359946978826712893351e-07
35,-9.9999377336516598655359946978826712893351e-07
36,-9.9999377336516598655359946978826712893351e-07
37,-9.9999377336516598655359946978826712893351e-07
38,-9.9999377336516598655359946978826712893351e-07
39,-9.9999377336516598655359946978826712893351e-07
40,-9.9999116340881810261061960615203147995089e-07
41,-9.9999640307375955883164957149755736054431e-07
42,-9.9999377336516598655359946978826712893351e-07
43,-9.9999377336516598655359946978826712893351e-07
44,-9.9999377336516598655359946978826712893351e-07
45,-9.9999377336516598655359946978826712893351e-07
46,-9.9999377336516598655359946978826712893351e-07
47,-9.9999377336516598655359946978826712893351e-07
48,-9.9999377336516598655359946978826712893351e-07
49,-9.9999377336516598655359946978826712893351e-07
50,-9.9999116340881810261061960615203147995089e-07
51,-9.9999640307375955883164957149755736054431e-07
52,-9.9999377336516598655359946978826712893351e-07
53,-9.9999377336516598655359946978826712893351e-07
54,-9.9999377336516598655359946978826712893351e-07
55,-9.9999377336516598655359946978826712893351e-07
56,-9.9999377336516598655359946978826712893351e-07
57,-9.9999377336516598655359946978826712893351e-07
58,-9.9999377336516598655359946978826712893351e-07
59,-9.9999377336516598655359946978826712893351e-07
60,-9.9999377336516598655359946978826712893351e-07
61,-9.9999377336516598655359946978826712893351e-07
62,-9.9999377336516598655359946978826712893351e-07
63,-9.9999377336516598655359946978826712893351e-07
64,-9.9999377336516598655359946978826712893351e-07
65,-9.9999377336516598655359946978826712893351e-07
66,-9.9999377336516598655359946978826712893351e-07
67,-9.9999377336516598655359946978826712893351e-07
68,-9.9999377336516598655359946978826712893351e-07
69,-9.9999377336516598655359946978826712893351e-07
70,-9.9999377336516598655359946978826712893351e-07
71,-9.9999377336516598655359946978826712893351e-07
72,-9.9999377336516598655359946978826712893351e-07
73,-9.9999377336516598655359946978826712893351e-07
74,-9.9999377336516598655359946978826712893351e-07
75,-9.9999377336516598655359946978826712893351e-07
76,-9.9999377336516598655359946978826712893351e-07
77,-9.9999377336516598655359946978826712893351e-07
78,-9.9999377336516598655359946978826712893351e-07
79,-9.9999334736027769641032551806159034413213e-07
80,-9.9999369436693059900631789377323244139006e-07
81,-9.9999341414101086144053907867057517933063e-07
82,-9.9999490477169031739390365337571964232666e-07
83,-9.9999377336516598655359946978826712893351e-07
84,-9.9999377336516598655359946978826712893351e-07
85,-9.9999377336516598655359946978826712893351e-07
86,-9.9999377336516598655359946978826712893351e-07
87,-9.9999377336516598655359946978826712893351e-07
88,-9.9999377336516598655359946978826712893351e-07
89,-9.9999377336516598655359946978826712893351e-07
90,-9.9999377336516598655359946978826712893351e-07
91,-9.9999377336516598655359946978826712893351e-07
92,-9.9999377336516598655359946978826712893351e-07
93,-9.9999377336516598655359946978826712893351e-07
94,-9.9999377336516598655359946978826712893351e-07
95,-9.9999377336516598655359946978826712893351e-07
96,-9.9999377336516598655359946978826712893351e-07
97,-9.9999377336516598655359946978826712893351e-07
98,-9.9999377336516598655359946978826712893351e-07
99,-9.9999377336516598655359946978826712893351e-07
100,-9.9999334736027769641032551806159034413213e-07
101,-9.9999369436693059900631789377323244139006e-07
102,-9.9999341414101086144053907867057517933063e-07
103,-9.9999490477169031739390365337571964232666e-07
104,-9.9999377336516598655359946978826712893351e-07
105,-9.9999377336516598655359946978826712893351e-07
106,-9.9999377336516598655359946978826712893351e-07
107,-9.9999377336516598655359946978826712893351e-07
108,-9.9999377336516598655359946978826712893351e-07
109,-9.9999377336516598655359946978826712893351e-07
110,-9.9999377336516598655359946978826712893351e-07
111,-9.9999377336516598655359946978826712893351e-07
112,-9.9999377336516598655359946978826712893351e-07
113,-9.9999377336516598655359946978826712893351e-07
114,-9.9999377336516598655359946978826712893351e-07
115,-9.9999377336516598655359946978826712893351e-07
116,-9.9999377336516598655359946978826712893351e-07
117,-9.9999377336516598655359946978826712893351e-07
118,-9.9999377336516598655359946978826712893351e-07
119,-9.9999377336516598655359946978826712893351e-07
120,-9.9999377336516598655359946978826712893351e-07
121,-9.9999377336516598655359946978826712893351e-07
122,-9.9999377336516598655359946978826712893351e-07
123,-9.9999377336516598655359946978826712893351e-07
124,-9.9999377336516598655359946978826712893351e-07
125,-9.9999377336516598655359946978826712893351e-07
126,-9.9999377336516598655359946978826712893351e-07
127,-9.9999377336516598655359946978826712893351e-07
128,-9.9999377336516598655359946978826712893351e-07
129,-9.9999377336516598655359946978826712893351e-07
130,-9.9999377336516598655359946978826712893351e-07
131,-9.9999377336516598655359946978826712893351e-07
132,-9.9999377336516598655359946978826712893351e-07
133,-9.9999377336516598655359946978826712893351e-07
134,-9.9999377336516598655359946978826712893351e-07
135,-9.9999377336516598655359946978826712893351e-07
136,-9.9999377336516598655359946978826712893351e-07
137,-9.9999377336516598655359946978826712893351e-07
138,-9.9999377336516598655359946978826712893351e-07
139,-9.9999377336516598655359946978826712893351e-07
140,-9.9999377336516598655359946978826712893351e-07
141,-9.9999377336516598655359946978826712893351e-07
142,-9.9999377336516598655359946978826712893351e-07
143,-9.9999377336516598655359946978826712893351e-07
144,-9.9999377336516598655359946978826712893351e-07
145,-9.9999377336516598655359946978826712893351e-07
146,-9.9999377336516598655359946978826712893351e-07
147,-9.9999377336516598655359946978826712893351e-07
148,-9.9999377336516598655359946978826712893351e-07
149,-9.9999377336516598655359946978826712893351e-07
150,-9.9999377336516598655359946978826712893351e-07
151,-9.9999377336516598655359946978826712893351e-07
152,-9.9999377336516598655359946978826712893351e-07
153,-9.9999377336516598655359946978826712893351e-07
154,-9.9999377336516598655359946978826712893351e-07
155,-9.9999377336516598655359946978826712893351e-07
156,-9.9999377336516598655359946978826712893351e-07
157,-9.9999603735287506904702483495617215680795e-07
158,-9.9999553400704864441594487550757364147103e-07
159,-4.9652862707360106986342884738405700773001e-02
160,-4.9652862706196780606671126179207931272686e-02
161,-4.9652862706196780606671126179207931272686e-02
162,-4.9652862706196780606671126179207931272686e-02
163,-4.9652862706196780606671126179207931272686e-02
164,-4.9652862706196780606671126179207931272686e-02
165,-4.9652862706196780606671126179207931272686e-02
166,-4.9652862706196780606671126179207931272686e-02
167,-4.9652862706196780606671126179207931272686e-02
168,-4.9652862706196780606671126179207931272686e-02
169,-4.9652862706196780606671126179207931272686e-02
170,-4.9652862706196780606671126179207931272686e-02
171,-4.9652862706196780606671126179207931272686e-02
172,-4.9652862706196780606671126179207931272686e-02
173,-4.9652862706196780606671126179207931272686e-02
174,-4.9652862706196780606671126179207931272686e-02
175,-4.9652862706196780606671126179207931272686e-02
176,-4.9652862706196780606671126179207931272686e-02
177,-4.9652862706196780606671126179207931272686e-02
178,-4.9652862706196503050914969890072825364769e-02
179,-4.9652862706832286143754373597403173334897e-02
180,-4.9652862706508968382301816291146678850055e-02
181,-4.9652862707328417057883740426404983736575e-02
182,-4.9652862706196780606671126179207931272686e-02
183,-4.9652862706196780606671126179207931272686e-02
184,-4.9652862706196780606671126179207931272686e-02
185,-4.9652862706196780606671126179207931272686e-02
186,-4.9652862706196780606671126179207931272686e-02
187,-4.9652862706196780606671126179207931272686e-02
188,-4.9652862706196780606671126179207931272686e-02
189,-4.9652862706196780606671126179207931272686e-02
190,-4.9652862706196780606671126179207931272686e-02
191,-4.9652862706196780606671126179207931272686e-02
192,-4.9652862706196780606671126179207931272686e-02
193,-4.9652862706196780606671126179207931272686e-02
194,-4.9652862706196780606671126179207931272686e-02
195,-4.9652862706196780606671126179207931272686e-02
196,-4.9652862706196780606671126179207931272686e-02
197,-4.9652862706196780606671126179207931272686e-02
198,-4.9652862705630448902915929920709459111094e-02
199,-4.9652862707195939695470343622218933887780e-02
200,-4.9652862707681766352152408217079937458038e-02
201,-4.9652862706195739772585540094951284117997e-02
202,-4.9652862706196780606671126179207931272686e-02
203,-4.9652862706196780606671126179207931272686e-02
204,-4.9652862706196780606671126179207931272686e-02
205,-4.9652862706196780606671126179207931272686e-02
206,-4.9652862706196780606671126179207931272686e-02
207,-4.9652862706196780606671126179207931272686e-02
208,-4.9652862705630448902915929920709459111094e-02
209,-4.9652862707195939695470343622218933887780e-02
210,-4.9652862707681766352152408217079937458038e-02
211,-4.9652862706195739772585540094951284117997e-02
212,-4.9652862706196780606671126179207931272686e-02
213,-4.9652862706196780606671126179207931272686e-02
214,-4.9652862706196780606671126179207931272686e-02
215,-4.9652862706196780606671126179207931272686e-02
216,-4.9652862706196780606671126179207931272686e-02
217,-4.9652862706196780606671126179207931272686e-02
218,-4.9652862706196780606671126179207931272686e-02
219,-4.9652862706196780606671126179207931272686e-02
220,-4.9652862706196780606671126179207931272686e-02
221,-4.9652862706196780606671126179207931272686e-02
222,-4.9652862706196780606671126179207931272686e-02
223,-4.9652862706196780606671126179207931272686e-02
224,-4.9652862706196780606671126179207931272686e-02
225,-4.9652862706196780606671126179207931272686e-02
226,-4.9652862706196780606671126179207931272686e-02
227,-4.9652862706196780606671126179207931272686e-02
228,-4.9652862706196780606671126179207931272686e-02
229,-4.9652862706196780606671126179207931272686e-02
230,-4.9652862706196780606671126179207931272686e-02
231,-4.9652862706196780606671126179207931272686e-02
232,-4.9652862706196780606671126179207931272686e-02
233,-4.9652862706196780606671126179207931272686e-02
234,-4.9652862706196780606671126179207931272686e-02
235,-4.9652862706196780606671126179207931272686e-02
236,-4.9652862706196780606671126179207931272686e-02
237,-4.9652862706196780606671126179207931272686e-02
238,-4.9652862706196503050914969890072825364769e-02
239,-4.9652862706832286143754373597403173334897e-02
240,-4.9652862706508968382301816291146678850055e-02
241,-4.9652862707328417057883740426404983736575e-02
242,-4.9652862706196780606671126179207931272686e-02
243,-4.9652862706196780606671126179207931272686e-02
244,-4.9652862706196780606671126179207931272686e-02
245,-4.9652862706196780606671126179207931272686e-02
246,-4.9652862706196780606671126179207931272686e-02
247,-4.9652862706196780606671126179207931272686e-02
248,-4.9652862706196780606671126179207931272686e-02
249,-4.9652862706196780606671126179207931272686e-02
250,-4.9652862706196780606671126179207931272686e-02
251,-4.9652862706196780606671126179207931272686e-02
252,-4.9652862706196780606671126179207931272686e-02
253,-4.9652862706196780606671126179207931272686e-02
254,-4.9652862706196780606671126179207931272686e-02
255,-4.9652862706196780606671126179207931272686e-02
256,-4.9652862706196780606671126179207931272686e-02
257,-4.9652862706196780606671126179207931272686e-02
258,-4.9652862706196780606671126179207931272686e-02
259,-4.9652862706196503050914969890072825364769e-02
260,-4.9652862706832286143754373597403173334897e-02
261,-4.9652862706508968382301816291146678850055e-02
262,-4.9652862707328417057883740426404983736575e-02
263,-4.9652862706196780606671126179207931272686e-02
264,-4.9652862706196780606671126179207931272686e-02
265,-4.9652862706196780606671126179207931272686e-02
266,-4.9652862706196780606671126179207931272686e-02
267,-4.9652862706196780606671126179207931272686e-02
268,-4.9652862706196780606671126179207931272686e-02
269,-4.9652862706196780606671126179207931272686e-02
270,-4.9652862706196780606671126179207931272686e-02
271,-4.9652862706196780606671126179207931272686e-02
272,-4.9652862706196780606671126179207931272686e-02
273,-4.9652862706196780606671126179207931272686e-02
274,-4.9652862706196780606671126179207931272686e-02
275,-4.9652862706196780606671126179207931272686e-02
276,-4.9652862706196780606671126179207931272686e-02
277,-4.9652862706196780606671126179207931272686e-02
278,-4.9652862706196780606671126179207931272686e-02
279,-4.9652862706196780606671126179207931272686e-02
280,-4.9652862706196780606671126179207931272686e-02
281,-4.9652862706196780606671126179207931272686e-02
282,-4.9652862706196780606671126179207931272686e-02
283,-4.9652862706196780606671126179207931272686e-02
284,-4.9652862706196780606671126179207931272686e-02
285,-4.9652862706196780606671126179207931272686e-02
286,-4.9652862706196780606671126179207931272686e-02
287,-4.9652862706196780606671126179207931272686e-02
288,-4.9652862706196780606671126179207931272686e-02
289,-4.9652862706196780606671126179207931272686e-02
290,-4.9652862706196780606671126179207931272686e-02
291,-4.9652862706196780606671126179207931272686e-02
292,-4.9652862706196780606671126179207931272686e-02
293,-4.9652862706196780606671126179207931272686e-02
294,-4.9652862706196780606671126179207931272686e-02
295,-4.9652862706196780606671126179207931272686e-02
296,-4.9652862706196780606671126179207931272686e-02
297,-4.9652862706196780606671126179207931272686e-02
298,-4.9652862706196780606671126179207931272686e-02
299,-4.9652862706196780606671126179207931272686e-02
300,-4.9652862706196780606671126179207931272686e-02
301,-4.9652862706196780606671126179207931272686e-02
302,-4.9652862706196780606671126179207931272686e-02
303,-4.9652862706196780606671126179207931272686e-02
304,-4.9652862706196780606671126179207931272686e-02
305,-4.9652862706196780606671126179207931272686e-02
306,-4.9652862706196780606671126179207931272686e-02
307,-4.9652862706196780606671126179207931272686e-02
308,-4.9652862706196780606671126179207931272686e-02
309,-4.9652862706196780606671126179207931272686e-02
310,-4.9652862706196780606671126179207931272686e-02
311,-4.9652862706196780606671126179207931272686e-02
312,-4.9652862706196780606671126179207931272686e-02
313,-4.9652862706196780606671126179207931272686e-02
314,-4.9652862706196780606671126179207931272686e-02
315,-4.9652862706196780606671126179207931272686e-02
316,-4.9652862707328659919170377179398201406002e-02
317,-4.9652862707643505291166263759805588051677e-02
318,-9.9999770301766189434505144317810731990903e-07
319,-9.9999515451431708687056367640400011964630e-07
320,-9.9999515471076647371193816399292941810018e-07
321,-9.9999515471076647371193816399292941810018e-07
322,-9.9999515471076647371193816399292941810018e-07
323,-9.9999515471076647371193816399292941810018e-07
324,-9.9999515471076647371193816399292941810018e-07
325,-9.9999515471076647371193816399292941810018e-07
326,-9.9999515471076647371193816399292941810018e-07
327,-9.9999515471076647371193816399292941810018e-07
328,-9.9999515471076647371193816399292941810018e-07
329,-9.9999515471076647371193816399292941810018e-07
330,-9.9999515471076647371193816399292941810018e-07
331,-9.9999515471076647371193816399292941810018e-07
332,-9.9999515471076647371193816399292941810018e-07
333,-9.9999515471076647371193816399292941810018e-07
334,-9.9999515471076647371193816399292941810018e-07
335,-9.9999515471076647371193816399292941810018e-07
336,-9.9999515471076647371193816399292941810018e-07
337,-9.9999572081565216980891374481954514408244e-07
338,-9.9999380998909503301386430401676008727918e-07
339,-9.9999653894344488026866939189840621793337e-07
340,-9.9999515510366503563645032559570324792730e-07
341,-9.9999515471076647371193816399292941810018e-07
342,-9.9999515471076647371193816399292941810018e-07
343,-9.9999515471076647371193816399292941810018e-07
344,-9.9999515471076647371193816399292941810018e-07
345,-9.9999515471076647371193816399292941810018e-07
346,-9.9999515471076647371193816399292941810018e-07
347,-9.9999515471076647371193816399292941810018e-07
348,-9.9999515471076647371193816399292941810018e-07
349,-9.9999515471076647371193816399292941810018e-07
350,-9.9999515471076647371193816399292941810018e-07
351,-9.9999515471076647371193816399292941810018e-07
352,-9.9999515471076647371193816399292941810018e-07
353,-9.9999515471076647371193816399292941810018e-07
354,-9.9999515471076647371193816399292941810018e-07
355,-9.9999515471076647371193816399292941810018e-07
356,-9.9999515471076647371193816399292941810018e-07
357,-9.9999515490721564879507583800677394947343e-07
358,-9.9999424344759691449593952405905383784557e-07
359,-9.9999374832682696121204015543559862067013e-07
360,-9.9999515530011421071958799960954777930056e-07
361,-9.9999515471076647371193816399292941810018e-07
362,-9.9999515471076647371193816399292941810018e-07
363,-9.9999515471076647371193816399292941810018e-07
364,-9.9999515471076647371193816399292941810018e-07
365,-9.9999515471076647371193816399292941810018e-07
366,-9.9999515471076647371193816399292941810018e-07
367,-9.9999515490721564879507583800677394947343e-07
368,-9.9999424344759691449593952405905383784557e-07
369,-9.9999374832682696121204015543559862067013e-07
370,-9.9999515530011421071958799960954777930056e-07
371,-9.9999515471076647371193816399292941810018e-07
372,-9.9999515471076647371193816399292941810018e-07
373,-9.9999515471076647371193816399292941810018e-07
374,-9.9999515471076647371193816399292941810018e-07
375,-9.9999515471076647371193816399292941810018e-07
376,-9.9999515471076647371193816399292941810018e-07
377,-9.9999515471076647371193816399292941810018e-07
378,-9.9999515471076647371193816399292941810018e-07
379,-9.9999515471076647371193816399292941810018e-07
380,-9.9999515471076647371193816399292941810018e-07
381,-9.9999515471076647371193816399292941810018e-07
382,-9.9999515471076647371193816399292941810018e-07
383,-9.9999515471076647371193816399292941810018e-07
384,-9.9999515471076647371193816399292941810018e-07
385,-9.9999515471076647371193816399292941810018e-07
386,-9.9999515471076647371193816399292941810018e-07
387,-9.9999515471076647371193816399292941810018e-07
388,-9.9999515471076647371193816399292941810018e-07
389,-9.9999515471076647371193816399292941810018e-07
390,-9.9999515471076647371193816399292941810018e-07
391,-9.9999515471076647371193816399292941810018e-07
392,-9.9999515471076647371193816399292941810018e-07
393,-9.9999515471076647371193816399292941810018e-07
394,-9.9999515471076647371193816399292941810018e-07
395,-9.9999515471076647371193816399292941810018e-07
396,-9.9999515471076647371193816399292941810018e-07
397,-9.9999572081565216980891374481954514408244e-07
398,-9.9999380998909503301386430401676008727918e-07
399,-9.9999653894344488026866939189840621793337e-07
400,-9.9999515510366503563645032559570324792730e-07
401,-9.9999515471076647371193816399292941810018e-07
402,-9.9999515471076647371193816399292941810018e-07
403,-9.9999515471076647371193816399292941810018e-07
404,-9.9999515471076647371193816399292941810018e-07
405,-9.9999515471076647371193816399292941810018e-07
406,-9.9999515471076647371193816399292941810018e-07
407,-9.9999515471076647371193816399292941810018e-07
408,-9.9999515471076647371193816399292941810018e-07
409,-9.9999515471076647371193816399292941810018e-07
410,-9.9999515471076647371193816399292941810018e-07
411,-9.9999515471076647371193816399292941810018e-07
412,-9.9999515471076647371193816399292941810018e-07
413,-9.9999515471076647371193816399292941810018e-07
414,-9.9999515471076647371193816399292941810018e-07
415,-9.9999515471076647371193816399292941810018e-07
416,-9.9999515471076647371193816399292941810018e-07
417,-9.9999515471076647371193816399292941810018e-07
418,-9.9999572081565216980891374481954514408244e-07
419,-9.9999380998909503301386430401676008727918e-07
420,-9.9999653894344488026866939189840621793337e-07
421,-9.9999515510366503563645032559570324792730e-07
422,-9.9999515471076647371193816399292941810018e-07
423,-9.9999515471076647371193816399292941810018e-07
424,-9.9999515471076647371193816399292941810018e-07
425,-9.9999515471076647371193816399292941810018e-07
426,-9.9999515471076647371193816399292941810018e-07
427,-9.9999515471076647371193816399292941810018e-07
428,-9.9999515471076647371193816399292941810018e-07
429,-9.9999515471076647371193816399292941810018e-07
430,-9.9999515471076647371193816399292941810018e-07
431,-9.9999515471076647371193816399292941810018e-07
432,-9.9999515471076647371193816399292941810018e-07
433,-9.9999515471076647371193816399292941810018e-07
434,-9.9999515471076647371193816399292941810018e-07
435,-9.9999515471076647371193816399292941810018e-07
436,-9.9999515471076647371193816399292941810018e-07
437,-9.9999515471076647371193816399292941810018e-07
438,-9.9999515471076647371193816399292941810018e-07
439,-9.9999515471076647371193816399292941810018e-07
440,-9.9999515471076647371193816399292941810018e-07
441,-9.9999515471076647371193816399292941810018e-07
442,-9.9999515471076647371193816399292941810018e-07
443,-9.9999515471076647371193816399292941810018e-07
444,-9.9999515471076647371193816399292941810018e-07
445,-9.9999515471076647371193816399292941810018e-07
446,-9.9999515471076647371193816399292941810018e-07
447,-9.9999515471076647371193816399292941810018e-07
448,-9.9999515471076647371193816399292941810018e-07
449,-9.9999515471076647371193816399292941810018e-07
450,-9.9999515471076647371193816399292941810018e-07
451,-9.9999515471076647371193816399292941810018e-07
452,-9.9999515471076647371193816399292941810018e-07
453,-9.9999515471076647371193816399292941810018e-07
454,-9.9999515471076647371193816399292941810018e-07
455,-9.9999515471076647371193816399292941810018e-07
456,-9.9999515471076647371193816399292941810018e-07
457,-9.9999515471076647371193816399292941810018e-07
458,-9.9999515471076647371193816399292941810018e-07
459,-9.9999515471076647371193816399292941810018e-07
460,-9.9999515471076647371193816399292941810018e-07
461,-9.9999515471076647371193816399292941810018e-07
462,-9.9999515471076647371193816399292941810018e-07
463,-9.9999515471076647371193816399292941810018e-07
464,-9.9999515471076647371193816399292941810018e-07
465,-9.9999515471076647371193816399292941810018e-07
466,-9.9999515471076647371193816399292941810018e-07
467,-9.9999515471076647371193816399292941810018e-07
468,-9.9999515471076647371193816399292941810018e-07
469,-9.9999515471076647371193816399292941810018e-07
470,-9.9999515471076647371193816399292941810018e-07
471,-9.9999515471076647371193816399292941810018e-07
472,-9.9999515471076647371193816399292941810018e-07
473,-9.9999515471076647371193816399292941810018e-07
474,-9.9999515471076647371193816399292941810018e-07
475,-9.9999487168287974607906298113446652564562e-07
476,-9.9999522630878628570651363294263802572459e-07
477,-9.9999135233964870130560827904409038069389e-07
478,-9.9999294815960260301187893794416794435165e-07
479,-9.9999294844025574689804023581496394967871e-07
480,-9.9999294844025574689804023581496394967871e-07
481,-9.9999294844025574689804023581496394967871e-07
482,-9.9999294844025574689804023581496394967871e-07
483,-9.9999294844025574689804023581496394967871e-07
484,-9.9999294844025574689804023581496394967871e-07
485,-9.9999294844025574689804023581496394967871e-07
486,-9.9999294844025574689804023581496394967871e-07
487,-9.9999294844025574689804023581496394967871e-07
488,-9.9999294844025574689804023581496394967871e-07
489,-9.9999294844025574689804023581496394967871e-07
490,-9.9999294844025574689804023581496394967871e-07
491,-9.9999294844025574689804023581496394967871e-07
492,-9.9999294844025574689804023581496394967871e-07
493,-9.9999294844025574689804023581496394967871e-07
494,-9.9999294844025574689804023581496394967871e-07
495,-9.9999294844025574689804023581496394967871e-07
496,-9.9999351455741579743367788285501873701833e-07
497,-9.9999262581188721033095736373530471041704e-07
498,-9.9999474868107416680761741906158235337898e-07
499,-9.9999351448725245852257835499354854391640e-07
500,-9.9999294844025574689804023581496394967871e-07
501,-9.9999294844025574689804023581496394967871e-07
502,-9.9999294844025574689804023581496394967871e-07
503,-9.9999294844025574689804023581496394967871e-07
504,-9.9999294844025574689804023581496394967871e-07
505,-9.9999294844025574689804023581496394967871e-07
506,-9.9999294844025574689804023581496394967871e-07
507,-9.9999294844025574689804023581496394967871e-07
508,-9.9999294844025574689804023581496394967871e-07
509,-9.9999294844025574689804023581496394967871e-07
510,-9.9999294844025574689804023581496394967871e-07
511,-9.9999294844025574689804023581496394967871e-07
512,-9.9999294844025574689804023581496394967871e-07
513,-9.9999294844025574689804023581496394967871e-07
514,-9.9999294844025574689804023581496394967871e-07
515,-9.9999294844025574689804023581496394967871e-07
516,-9.9999316078242796870605667292064566709087e-07
517,-9.9999872021744243340171491574164264193314e-07
518,-9.9999482802602555065450175286745349012563e-07
519,-9.9999464644091941570769235120286211326857e-07
520,-9.9999294844025574689804023581496394967871e-07
521,-9.9999294844025574689804023581496394967871e-07
522,-9.9999294844025574689804023581496394967871e-07
523,-9.9999294844025574689804023581496394967871e-07
524,-9.9999294844025574689804023581496394967871e-07
525,-9.9999294844025574689804023581496394967871e-07
526,-9.9999316078242796870605667292064566709087e-07
527,-9.9999872021744243340171491574164264193314e-07
528,-9.9999482802602555065450175286745349012563e-07
529,-9.9999464644091941570769235120286211326857e-07
530,-9.9999294844025574689804023581496394967871e-07
531,-9.9999294844025574689804023581496394967871e-07
532,-9.9999294844025574689804023581496394967871e-07
533,-9.9999294844025574689804023581496394967871e-07
534,-9.9999294844025574689804023581496394967871e-07
535,-9.9999294844025574689804023581496394967871e-07
536,-9.9999294844025574689804023581496394967871e-07
537,-9.9999294844025574689804023581496394967871e-07
538,-9.9999294844025574689804023581496394967871e-07
539,-9.9999294844025574689804023581496394967871e-07
540,-9.9999294844025574689804023581496394967871e-07
541,-9.9999294844025574689804023581496394967871e-07
542,-9.9999294844025574689804023581496394967871e-07
543,-9.9999294844025574689804023581496394967871e-07
544,-9.9999294844025574689804023581496394967871e-07
545,-9.9999294844025574689804023581496394967871e-07
546,-9.9999294844025574689804023581496394967871e-07
547,-9.9999294844025574689804023581496394967871e-07
548,-9.9999294844025574689804023581496394967871e-07
549,-9.9999294844025574689804023581496394967871e-07
550,-9.9999294844025574689804023581496394967871e-07
551,-9.9999294844025574689804023581496394967871e-07
552,-9.9999294844025574689804023581496394967871e-07
553,-9.9999294844025574689804023581496394967871e-07
554,-9.9999294844025574689804023581496394967871e-07
555,-9.9999294844025574689804023581496394967871e-07
556,-9.9999351455741579743367788285501873701833e-07
557,-9.9999262581188721033095736373530471041704e-07
558,-9.9999474868107416680761741906158235337898e-07
559,-9.9999351448725245852257835499354854391640e-07
560,-9.9999294844025574689804023581496394967871e-07
561,-9.9999294844025574689804023581496394967871e-07
562,-9.9999294844025574689804023581496394967871e-07
563,-9.9999294844025574689804023581496394967871e-07
564,-9.9999294844025574689804023581496394967871e-07
565,-9.9999294844025574689804023581496394967871e-07
566,-9.9999294844025574689804023581496394967871e-07
567,-9.9999294844025574689804023581496394967871e-07
568,-9.9999294844025574689804023581496394967871e-07
569,-9.9999294844025574689804023581496394967871e-07
570,-9.9999294844025574689804023581496394967871e-07
571,-9.9999294844025574689804023581496394967871e-07
572,-9.9999294844025574689804023581496394967871e-07
573,-9.9999294844025574689804023581496394967871e-07
574,-9.9999294844025574689804023581496394967871e-07
575,-9.9999294844025574689804023581496394967871e-07
576,-9.9999294844025574689804023581496394967871e-07
577,-9.9999351455741579743367788285501873701833e-07
578,-9.9999262581188721033095736373530471041704e-07
579,-9.9999474868107416680761741906158235337898e-07
580,-9.9999351448725245852257835499354854391640e-07
581,-9.9999294844025574689804023581496394967871e-07
582,-9.9999294844025574689804023581496394967871e-07
583,-9.9999294844025574689804023581496394967871e-07
584,-9.9999294844025574689804023581496394967871e-07
585,-9.9999294844025574689804023581496394967871e-07
586,-9.9999294844025574689804023581496394967871e-07
587,-9.9999294844025574689804023581496394967871e-07
588,-9.9999294844025574689804023581496394967871e-07
589,-9.9999294844025574689804023581496394967871e-07
590,-9.9999294844025574689804023581496394967871e-07
591,-9.9999294844025574689804023581496394967871e-07
592,-9.9999294844025574689804023581496394967871e-07
593,-9.9999294844025574689804023581496394967871e-07
594,-9.9999294844025574689804023581496394967871e-07
595,-9.9999294844025574689804023581496394967871e-07
596,-9.9999294844025574689804023581496394967871e-07
597,-9.9999294844025574689804023581496394967871e-07
598,-9.9999294844025574689804023581496394967871e-07
599,-9.9999294844025574689804023581496394967871e-07
600,-9.9999294844025574689804023581496394967871e-07
601,-9.9999294844025574689804023581496394967871e-07
602,-9.9999294844025574689804023581496394967871e-07
603,-9.9999294844025574689804023581496394967871e-07
604,-9.9999294844025574689804023581496394967871e-07
605,-9.9999294844025574689804023581496394967871e-07
606,-9.9999294844025574689804023581496394967871e-07
607,-9.9999294844025574689804023581496394967871e-07
608,-9.9999294844025574689804023581496394967871e-07
609,-9.9999294844025574689804023581496394967871e-07
610,-9.9999294844025574689804023581496394967871e-07
611,-9.9999294844025574689804023581496394967871e-07
612,-9.9999294844025574689804023581496394967871e-07
613,-9.9999294844025574689804023581496394967871e-07
614,-9.9999294844025574689804023581496394967871e-07
615,-9.9999294844025574689804023581496394967871e-07
616,-9.9999294844025574689804023581496394967871e-07
617,-9.9999294844025574689804023581496394967871e-07
618,-9.9999294844025574689804023581496394967871e-07
619,-9.9999294844025574689804023581496394967871e-07
620,-9.9999294844025574689804023581496394967871e-07
621,-9.9999294844025574689804023581496394967871e-07
622,-9.9999294844025574689804023581496394967871e-07
623,-9.9999294844025574689804023581496394967871e-07
624,-9.9999294844025574689804023581496394967871e-07
625,-9.9999294844025574689804023581496394967871e-07
626,-9.9999294844025574689804023581496394967871e-07
627,-9.9999294844025574689804023581496394967871e-07
628,-9.9999294844025574689804023581496394967871e-07
629,-9.9999294844025574689804023581496394967871e-07
630,-9.9999294844025574689804023581496394967871e-07
631,-9.9999294844025574689804023581496394967871e-07
632,-9.9999294844025574689804023581496394967871e-07
633,-9.9999294844025574689804023581496394967871e-07
634,-9.9999294822976573016474165223055337037295e-07
635,-9.9999177636621276907236913894516661116540e-07
636,-9.9999434485961708218599176128948968766963e-07
637,-9.9999410163769409791998180048189226454269e-07
638,-9.9999296942443165943392203998119072139161e-07
639,-9.9999296942443165943392203998119072139161e-07
640,-9.9999296942443165943392203998119072139161e-07
641,-9.9999296942443165943392203998119072139161e-07
642,-9.9999296942443165943392203998119072139161e-07
643,-9.9999296942443165943392203998119072139161e-07
644,-9.9999296942443165943392203998119072139161e-07
645,-9.9999296942443165943392203998119072139161e-07
646,-9.9999296942443165943392203998119072139161e-07
647,-9.9999296942443165943392203998119072139161e-07
648,-9.9999296942443165943392203998119072139161e-07
649,-9.9999296942443165943392203998119072139161e-07
650,-9.9999296942443165943392203998119072139161e-07
651,-9.9999296942443165943392203998119072139161e-07
652,-9.9999296942443165943392203998119072139161e-07
653,-9.9999296942443165943392203998119072139161e-07
654,-9.9999296942443165943392203998119072139161e-07
655,-9.9999183744271393565106100659312104994569e-07
656,-9.9999473841979813586438186751026435672429e-07
657,-9.9999384959159278036253722804493904163792e-07
658,-9.9999296959282795033694454106543147986486e-07
659,-9.9999296942443165943392203998119072139161e-07
660,-9.9999296942443165943392203998119072139161e-07
661,-9.9999296942443165943392203998119072139161e-07
662,-9.9999296942443165943392203998119072139161e-07
663,-9.9999296942443165943392203998119072139161e-07
664,-9.9999296942443165943392203998119072139161e-07
665,-9.9999296942443165943392203998119072139161e-07
666,-9.9999296942443165943392203998119072139161e-07
667,-9.9999296942443165943392203998119072139161e-07
668,-9.9999296942443165943392203998119072139161e-07
669,-9.9999296942443165943392203998119072139161e-07
670,-9.9999296942443165943392203998119072139161e-07
671,-9.9999296942443165943392203998119072139161e-07
672,-9.9999296942443165943392203998119072139161e-07
673,-9.9999296942443165943392203998119072139161e-07
674,-9.9999296942443165943392203998119072139161e-07
675,-9.9999240348619673109391466081508070828932e-07
676,-9.9999255378681540918739227563616367433497e-07
677,-9.9999332331028932469355312989689466007803e-07
678,-9.9999296959282795033694454106543147986486e-07
679,-9.9999296942443165943392203998119072139161e-07
680,-9.9999296942443165943392203998119072139161e-07
681,-9.9999296942443165943392203998119072139161e-07
682,-9.9999296942443165943392203998119072139161e-07
683,-9.9999296942443165943392203998119072139161e-07
684,-9.9999296942443165943392203998119072139161e-07
685,-9.9999240348619673109391466081508070828932e-07
686,-9.9999255378681540918739227563616367433497e-07
687,-9.9999332331028932469355312989689466007803e-07
688,-9.9999296959282795033694454106543147986486e-07
689,-9.9999296942443165943392203998119072139161e-07
690,-9.9999296942443165943392203998119072139161e-07
691,-9.9999296942443165943392203998119072139161e-07
692,-9.9999296942443165943392203998119072139161e-07
693,-9.9999296942443165943392203998119072139161e-07
694,-9.9999296942443165943392203998119072139161e-07
695,-9.9999296942443165943392203998119072139161e-07
696,-9.9999296942443165943392203998119072139161e-07
697,-9.9999296942443165943392203998119072139161e-07
698,-9.9999296942443165943392203998119072139161e-07
699,-9.9999296942443165943392203998119072139161e-07
700,-9.9999296942443165943392203998119072139161e-07
701,-9.9999296942443165943392203998119072139161e-07
702,-9.9999296942443165943392203998119072139161e-07
703,-9.9999296942443165943392203998119072139161e-07
704,-9.9999296942443165943392203998119072139161e-07
705,-9.9999296942443165943392203998119072139161e-07
706,-9.9999296942443165943392203998119072139161e-07
707,-9.9999296942443165943392203998119072139161e-07
708,-9.9999296942443165943392203998119072139161e-07
709,-9.9999296942443165943392203998119072139161e-07
710,-9.9999296942443165943392203998119072139161e-07
711,-9.9999296942443165943392203998119072139161e-07
712,-9.9999296942443165943392203998119072139161e-07
713,-9.9999296942443165943392203998119072139161e-07
714,-9.9999296942443165943392203998119072139161e-07
715,-9.9999183744271393565106100659312104994569e-07
716,-9.9999473841979813586438186751026435672429e-07
717,-9.9999384959159278036253722804493904163792e-07
718,-9.9999296959282795033694454106543147986486e-07
719,-9.9999296942443165943392203998119072139161e-07
720,-9.9999296942443165943392203998119072139161e-07
721,-9.9999296942443165943392203998119072139161e-07
722,-9.9999296942443165943392203998119072139161e-07
723,-9.9999296942443165943392203998119072139161e-07
724,-9.9999296942443165943392203998119072139161e-07
725,-9.9999296942443165943392203998119072139161e-07
726,-9.9999296942443165943392203998119072139161e-07
727,-9.9999296942443165943392203998119072139161e-07
728,-9.9999296942443165943392203998119072139161e-07
729,-9.9999296942443165943392203998119072139161e-07
730,-9.9999296942443165943392203998119072139161e-07
731,-9.9999296942443165943392203998119072139161e-07
732,-9.9999296942443165943392203998119072139161e-07
733,-9.9999296942443165943392203998119072139161e-07
734,-9.9999296942443165943392203998119072139161e-07
735,-9.9999296942443165943392203998119072139161e-07
736,-9.9999183744271393565106100659312104994569e-07
737,-9.9999473841979813586438186751026435672429e-07
738,-9.9999384959159278036253722804493904163792e-07
739,-9.9999296959282795033694454106543147986486e-07
740,-9.9999296942443165943392203998119072139161e-07
741,-9.9999296942443165943392203998119072139161e-07
742,-9.9999296942443165943392203998119072139161e-07
743,-9.9999296942443165943392203998119072139161e-07
744,-9.9999296942443165943392203998119072139161e-07
745,-9.9999296942443165943392203998119072139161e-07
746,-9.9999296942443165943392203998119072139161e-07
747,-9.9999296942443165943392203998119072139161e-07
748,-9.9999296942443165943392203998119072139161e-07
749,-9.9999296942443165943392203998119072139161e-07
750,-9.9999296942443165943392203998119072139161e-07
751,-9.9999296942443165943392203998119072139161e-07
752,-9.9999296942443165943392203998119072139161e-07
753,-9.9999296942443165943392203998119072139161e-07
754,-9.9999296942443165943392203998119072139161e-07
755,-9.9999296942443165943392203998119072139161e-07
756,-9.9999296942443165943392203998119072139161e-07
757,-9.9999296942443165943392203998119072139161e-07
758,-9.9999296942443165943392203998119072139161e-07
759,-9.9999296942443165943392203998119072139161e-07
760,-9.9999296942443165943392203998119072139161e-07
761,-9.9999296942443165943392203998119072139161e-07
762,-9.9999296942443165943392203998119072139161e-07
763,-9.9999296942443165943392203998119072139161e-07
764,-9.9999296942443165943392203998119072139161e-07
765,-9.9999296942443165943392203998119072139161e-07
766,-9.9999296942443165943392203998119072139161e-07
767,-9.9999296942443165943392203998119072139161e-07
768,-9.9999296942443165943392203998119072139161e-07
769,-9.9999296942443165943392203998119072139161e-07
770,-9.9999296942443165943392203998119072139161e-07
771,-9.9999296942443165943392203998119072139161e-07
772,-9.9999296942443165943392203998119072139161e-07
773,-9.9999296942443165943392203998119072139161e-07
774,-9.9999296942443165943392203998119072139161e-07
775,-9.9999296942443165943392203998119072139161e-07
776,-9.9999296942443165943392203998119072139161e-07
777,-9.9999296942443165943392203998119072139161e-07
778,-9.9999296942443165943392203998119072139161e-07
779,-9.9999296942443165943392203998119072139161e-07
780,-9.9999296942443165943392203998119072139161e-07
781,-9.9999296942443165943392203998119072139161e-07
782,-9.9999296942443165943392203998119072139161e-07
783,-9.9999296942443165943392203998119072139161e-07
784,-9.9999296942443165943392203998119072139161e-07
785,-9.9999296942443165943392203998119072139161e-07
786,-9.9999296942443165943392203998119072139161e-07
787,-9.9999296942443165943392203998119072139161e-07
788,-9.9999296942443165943392203998119072139161e-07
789,-9.9999296942443165943392203998119072139161e-07
790,-9.9999296942443165943392203998119072139161e-07
791,-9.9999296942443165943392203998119072139161e-07
792,-9.9999296942443165943392203998119072139161e-07
793,-9.9999353563631074577979819528739113820848e-07
794,-9.9999498158223039635469648472865245025787e-07
795,-9.9999623226790640745831502400609025471567e-07
796,-9.9999535219751689492937232750513487644639e-07
797,-9.9999422012459193393558911505669684061104e-07
798,-9.9999422012459193393558911505669684061104e-07
799,-9.9999422012459193393558911505669684061104e-07
800,-9.9999422012459193393558911505669684061104e-07
801,-9.9999422012459193393558911505669684061104e-07
802,-9.9999422012459193393558911505669684061104e-07
803,-9.9999422012459193393558911505669684061104e-07
804,-9.9999422012459193393558911505669684061104e-07
805,-9.9999422012459193393558911505669684061104e-07
806,-9.9999422012459193393558911505669684061104e-07
807,-9.9999422012459193393558911505669684061104e-07
808,-9.9999422012459193393558911505669684061104e-07
809,-9.9999422012459193393558911505669684061104e-07
810,-9.9999422012459193393558911505669684061104e-07
811,-9.9999422012459193393558911505669684061104e-07
812,-9.9999422012459193393558911505669684061104e-07
813,-9.9999422012459193393558911505669684061104e-07
814,-9.9999478617333353343147109293376217920013e-07
815,-9.9999266328913927071183297135004153233240e-07
816,-9.9999488770292441529926198012789839708603e-07
817,-9.9999535220804191457371744994331308475921e-07
818,-9.9999422012459193393558911505669684061104e-07
819,-9.9999422012459193393558911505669684061104e-07
820,-9.9999422012459193393558911505669684061104e-07
821,-9.9999422012459193393558911505669684061104e-07
822,-9.9999422012459193393558911505669684061104e-07
823,-9.9999422012459193393558911505669684061104e-07
824,-9.9999422012459193393558911505669684061104e-07
825,-9.9999422012459193393558911505669684061104e-07
826,-9.9999422012459193393558911505669684061104e-07
827,-9.9999422012459193393558911505669684061104e-07
828,-9.9999422012459193393558911505669684061104e-07
829,-9.9999422012459193393558911505669684061104e-07
830,-9.9999422012459193393558911505669684061104e-07
831,-9.9999422012459193393558911505669684061104e-07
832,-9.9999422012459193393558911505669684061104e-07
833,-9.9999422012459193393558911505669684061104e-07
834,-9.9999535221505852375053526037707030127422e-07
835,-9.9999474627609711955850829712133531756990e-07
836,-9.9999248209165531770285188090108263736511e-07
837,-9.9999535222558333163664356924016374250641e-07
838,-9.9999422012459193393558911505669684061104e-07
839,-9.9999422012459193393558911505669684061104e-07
840,-9.9999422012459193393558911505669684061104e-07
841,-9.9999422012459193393558911505669684061104e-07
842,-9.9999422012459193393558911505669684061104e-07
843,-9.9999422012459193393558911505669684061104e-07
844,-9.9999535221505852375053526037707030127422e-07
845,-9.9999474627609711955850829712133531756990e-07
846,-9.9999248209165531770285188090108263736511e-07
847,-9.9999535222558333163664356924016374250641e-07
848,-9.9999422012459193393558911505669684061104e-07
849,-9.9999422012459193393558911505669684061104e-07
850,-9.9999422012459193393558911505669684061104e-07
851,-9.9999422012459193393558911505669684061104e-07
852,-9.9999422012459193393558911505669684061104e-07
853,-9.9999422012459193393558911505669684061104e-07
854,-9.9999422012459193393558911505669684061104e-07
855,-9.9999422012459193393558911505669684061104e-07
856,-9.9999422012459193393558911505669684061104e-07
857,-9.9999422012459193393558911505669684061104e-07
858,-9.9999422012459193393558911505669684061104e-07
859,-9.9999422012459193393558911505669684061104e-07
860,-9.9999422012459193393558911505669684061104e-07
861,-9.9999422012459193393558911505669684061104e-07
862,-9.9999422012459193393558911505669684061104e-07
863,-9.9999422012459193393558911505669684061104e-07
864,-9.9999422012459193393558911505669684061104e-07
865,-9.9999422012459193393558911505669684061104e-07
866,-9.9999422012459193393558911505669684061104e-07
867,-9.9999422012459193393558911505669684061104e-07
868,-9.9999422012459193393558911505669684061104e-07
869,-9.9999422012459193393558911505669684061104e-07
870,-9.9999422012459193393558911505669684061104e-07
871,-9.9999422012459193393558911505669684061104e-07
872,-9.9999422012459193393558911505669684061104e-07
873,-9.9999422012459193393558911505669684061104e-07
874,-9.9999478617333353343147109293376217920013e-07
875,-9.9999266328913927071183297135004153233240e-07
876,-9.9999488770292441529926198012789839708603e-07
877,-9.9999535220804191457371744994331308475921e-07
878,-9.9999422012459193393558911505669684061104e-07
879,-9.9999422012459193393558911505669684061104e-07
880,-9.9999422012459193393558911505669684061104e-07
881,-9.9999422012459193393558911505669684061104e-07
882,-9.9999422012459193393558911505669684061104e-07
883,-9.9999422012459193393558911505669684061104e-07
884,-9.9999422012459193393558911505669684061104e-07
885,-9.9999422012459193393558911505669684061104e-07
886,-9.9999422012459193393558911505669684061104e-07
887,-9.9999422012459193393558911505669684061104e-07
888,-9.9999422012459193393558911505669684061104e-07
889,-9.9999422012459193393558911505669684061104e-07
890,-9.9999422012459193393558911505669684061104e-07
891,-9.9999422012459193393558911505669684061104e-07
892,-9.9999422012459193393558911505669684061104e-07
893,-9.9999422012459193393558911505669684061104e-07
894,-9.9999422012459193393558911505669684061104e-07
895,-9.9999478617333353343147109293376217920013e-07
896,-9.9999266328913927071183297135004153233240e-07
897,-9.9999488770292441529926198012789839708603e-07
898,-9.9999535220804191457371744994331308475921e-07
899,-9.9999422012459193393558911505669684061104e-07
900,-9.9999422012459193393558911505669684061104e-07
901,-9.9999422012459193393558911505669684061104e-07
902,-9.9999422012459193393558911505669684061104e-07
903,-9.9999422012459193393558911505669684061104e-07
904,-9.9999422012459193393558911505669684061104e-07
905,-9.9999422012459193393558911505669684061104e-07
906,-9.9999422012459193393558911505669684061104e-07
907,-9.9999422012459193393558911505669684061104e-07
908,-9.9999422012459193393558911505669684061104e-07
909,-9.9999422012459193393558911505669684061104e-07
910,-9.9999422012459193393558911505669684061104e-07
911,-9.9999422012459193393558911505669684061104e-07
912,-9.9999422012459193393558911505669684061104e-07
913,-9.9999422012459193393558911505669684061104e-07
914,-9.9999422012459193393558911505669684061104e-07
915,-9.9999422012459193393558911505669684061104e-07
916,-9.9999422012459193393558911505669684061104e-07
917,-9.9999422012459193393558911505669684061104e-07
918,-9.9999422012459193393558911505669684061104e-07
919,-9.9999422012459193393558911505669684061104e-07
920,-9.9999422012459193393558911505669684061104e-07
921,-9.9999422012459193393558911505669684061104e-07
922,-9.9999422012459193393558911505669684061104e-07
923,-9.9999422012459193393558911505669684061104e-07
924,-9.9999422012459193393558911505669684061104e-07
925,-9.9999422012459193393558911505669684061104e-07
926,-9.9999422012459193393558911505669684061104e-07
927,-9.9999422012459193393558911505669684061104e-07
928,-9.9999422012459193393558911505669684061104e-07
929,-9.9999422012459193393558911505669684061104e-07
930,-9.9999422012459193393558911505669684061104e-07
931,-9.9999422012459193393558911505669684061104e-07
932,-9.9999422012459193393558911505669684061104e-07
933,-9.9999422012459193393558911505669684061104e-07
934,-9.9999422012459193393558911505669684061104e-07
935,-9.9999422012459193393558911505669684061104e-07
936,-9.9999422012459193393558911505669684061104e-07
937,-9.9999422012459193393558911505669684061104e-07
938,-9.9999422012459193393558911505669684061104e-07
939,-9.9999422012459193393558911505669684061104e-07
940,-9.9999422012459193393558911505669684061104e-07
941,-9.9999422012459193393558911505669684061104e-07
942,-9.9999422012459193393558911505669684061104e-07
943,-9.9999422012459193393558911505669684061104e-07
944,-9.9999422012459193393558911505669684061104e-07
945,-9.9999422012459193393558911505669684061104e-07
946,-9.9999422012459193393558911505669684061104e-07
947,-9.9999422012459193393558911505669684061104e-07
948,-9.9999422012459193393558911505669684061104e-07
949,-9.9999422012459193393558911505669684061104e-07
950,-9.9999422012459193393558911505669684061104e-07
951,-9.9999422012459193393558911505669684061104e-07
952,-9.9999457388882964401313237223778429552112e-07
953,-9.9999407862030008703664064884097939511776e-07
954,-9.9999546521095389435757668644688678227794e-07
955,-9.9999369630907486783204761449095343550653e-07
956,-9.9999369629504164947841199362343900247652e-07
957,-9.9999369629504164947841199362343900247652e-07
958,-9.9999369629504164947841199362343900247652e-07
959,-9.9999369629504164947841199362343900247652e-07
960,-9.9999369629504164947841199362343900247652e-07
961,-9.9999369629504164947841199362343900247652e-07
962,-9.9999369629504164947841199362343900247652e-07
963,-9.9999369629504164947841199362343900247652e-07
964,-9.9999369629504164947841199362343900247652e-07
965,-9.9999369629504164947841199362343900247652e-07
966,-9.9999369629504164947841199362343900247652e-07
967,-9.9999369629504164947841199362343900247652e-07
968,-9.9999369629504164947841199362343900247652e-07
969,-9.9999369629504164947841199362343900247652e-07
970,-9.9999369629504164947841199362343900247652e-07
971,-9.9999369629504164947841199362343900247652e-07
972,-9.9999369629504164947841199362343900247652e-07
973,-9.9999334250624612491936162028682844038485e-07
974,-9.9999581852205714149956546771269572104757e-07
975,-9.9999348356792831676886391945036081096987e-07
976,-9.9999482839954145764699375981132689616970e-07
977,-9.9999369629504164947841199362343900247652e-07
978,-9.9999369629504164947841199362343900247652e-07
979,-9.9999369629504164947841199362343900247652e-07
980,-9.9999369629504164947841199362343900247652e-07
981,-9.9999369629504164947841199362343900247652e-07
982,-9.9999369629504164947841199362343900247652e-07
983,-9.9999369629504164947841199362343900247652e-07
984,-9.9999369629504164947841199362343900247652e-07
985,-9.9999369629504164947841199362343900247652e-07
986,-9.9999369629504164947841199362343900247652e-07
987,-9.9999369629504164947841199362343900247652e-07
988,-9.9999369629504164947841199362343900247652e-07
989,-9.9999369629504164947841199362343900247652e-07
990,-9.9999369629504164947841199362343900247652e-07
991,-9.9999369629504164947841199362343900247652e-07
992,-9.9999369629504164947841199362343900247652e-07
993,-9.9999313024980846045005732775079465568524e-07
994,-9.9999492988380612419954934083632380747986e-07
995,-9.9999563745788918636659640265529347402662e-07
996,-9.9999256420457505966346584830306554181334e-07
997,-9.9999369629504164947841199362343900247652e-07
998,-9.9999369629504164947841199362343900247652e-07
999,-9.9999369629504164947841199362343900247652e-07
1000,-9.9999369629504164947841199362343900247652e-07
1001,-9.9999369629504164947841199362343900247652e-07
1002,-9.9999369629504164947841199362343900247652e-07
1003,-9.9999313024980846045005732775079465568524e-07
1004,-9.9999492988380612419954934083632380747986e-07
1005,-9.9999563745788918636659640265529347402662e-07
1006,-9.9999256420457505966346584830306554181334e-07
1007,-9.9999369629504164947841199362343900247652e-07
1008,-9.9999369629504164947841199362343900247652e-07
1009,-9.9999369629504164947841199362343900247652e-07
1010,-9.9999369629504164947841199362343900247652e-07
1011,-9.9999369629504164947841199362343900247652e-07
1012,-9.9999369629504164947841199362343900247652e-07
1013,-9.9999369629504164947841199362343900247652e-07
1014,-9.9999369629504164947841199362343900247652e-07
1015,-9.9999369629504164947841199362343900247652e-07
1016,-9.9999369629504164947841199362343900247652e-07
1017,-9.9999369629504164947841199362343900247652e-07
1018,-9.9999369629504164947841199362343900247652e-07
1019,-9.9999369629504164947841199362343900247652e-07
1020,-9.9999369629504164947841199362343900247652e-07
1021,-9.9999369629504164947841199362343900247652e-07
1022,-9.9999369629504164947841199362343900247652e-07
1023,-9.9999369629504164947841199362343900247652e-07
1024,-9.9999369629504164947841199362343900247652e-07
1025,-9.9999369629504164947841199362343900247652e-07
1026,-9.9999369629504164947841199362343900247652e-07
1027,-9.9999369629504164947841199362343900247652e-07
1028,-9.9999369629504164947841199362343900247652e-07
1029,-9.9999369629504164947841199362343900247652e-07
1030,-9.9999369629504164947841199362343900247652e-07
1031,-9.9999369629504164947841199362343900247652e-07
1032,-9.9999369629504164947841199362343900247652e-07
1033,-9.9999334250624612491936162028682844038485e-07
1034,-9.9999581852205714149956546771269572104757e-07
1035,-9.9999348356792831676886391945036081096987e-07
1036,-9.9999482839954145764699375981132689616970e-07
1037,-9.9999369629504164947841199362343900247652e-07
1038,-9.9999369629504164947841199362343900247652e-07
1039,-9.9999369629504164947841199362343900247652e-07
1040,-9.9999369629504164947841199362343900247652e-07
1041,-9.9999369629504164947841199362343900247652e-07
1042,-9.9999369629504164947841199362343900247652e-07
1043,-9.9999369629504164947841199362343900247652e-07
1044,-9.9999369629504164947841199362343900247652e-07
1045,-9.9999369629504164947841199362343900247652e-07
1046,-9.9999369629504164947841199362343900247652e-07
1047,-9.9999369629504164947841199362343900247652e-07
1048,-9.9999369629504164947841199362343900247652e-07
1049,-9.9999369629504164947841199362343900247652e-07
1050,-9.9999369629504164947841199362343900247652e-07
1051,-9.9999369629504164947841199362343900247652e-07
1052,-9.9999369629504164947841199362343900247652e-07
1053,-9.9999369629504164947841199362343900247652e-07
1054,-9.9999334250624612491936162028682844038485e-07
1055,-9.9999581852205714149956546771269572104757e-07
1056,-9.9999348356792831676886391945036081096987e-07
1057,-9.9999482839954145764699375981132689616970e-07
1058,-9.9999369629504164947841199362343900247652e-07
1059,-9.9999369629504164947841199362343900247652e-07
1060,-9.9999369629504164947841199362343900247652e-07
1061,-9.9999369629504164947841199362343900247652e-07
1062,-9.9999369629504164947841199362343900247652e-07
1063,-9.9999369629504164947841199362343900247652e-07
1064,-9.9999369629504164947841199362343900247652e-07
1065,-9.9999369629504164947841199362343900247652e-07
1066,-9.9999369629504164947841199362343900247652e-07
1067,-9.9999369629504164947841199362343900247652e-07
1068,-9.9999369629504164947841199362343900247652e-07
1069,-9.9999369629504164947841199362343900247652e-07
1070,-9.9999369629504164947841199362343900247652e-07
1071,-9.9999369629504164947841199362343900247652e-07
1072,-9.9999369629504164947841199362343900247652e-07
1073,-9.9999369629504164947841199362343900247652e-07
1074,-9.9999369629504164947841199362343900247652e-07
1075,-9.9999369629504164947841199362343900247652e-07
1076,-9.9999369629504164947841199362343900247652e-07
1077,-9.9999369629504164947841199362343900247652e-07
1078,-9.9999369629504164947841199362343900247652e-07
1079,-9.9999369629504164947841199362343900247652e-07
1080,-9.9999369629504164947841199362343900247652e-07
1081,-9.9999369629504164947841199362343900247652e-07
1082,-9.9999369629504164947841199362343900247652e-07
1083,-9.9999369629504164947841199362343900247652e-07
1084,-9.9999369629504164947841199362343900247652e-07
1085,-9.9999369629504164947841199362343900247652e-07
1086,-9.9999369629504164947841199362343900247652e-07
1087,-9.9999369629504164947841199362343900247652e-07
1088,-9.9999369629504164947841199362343900247652e-07
1089,-9.9999369629504164947841199362343900247652e-07
1090,-9.9999369629504164947841199362343900247652e-07
1091,-9.9999369629504164947841199362343900247652e-07
1092,-9.9999369629504164947841199362343900247652e-07
1093,-9.9999369629504164947841199362343900247652e-07
1094,-9.9999369629504164947841199362343900247652e-07
1095,-9.9999369629504164947841199362343900247652e-07
1096,-9.9999369629504164947841199362343900247652e-07
1097,-9.9999369629504164947841199362343900247652e-07
1098,-9.9999369629504164947841199362343900247652e-07
1099,-9.9999369629504164947841199362343900247652e-07
1100,-9.9999369629504164947841199362343900247652e-07
1101,-9.9999369629504164947841199362343900247652e-07
1102,-9.9999369629504164947841199362343900247652e-07
1103,-9.9999369629504164947841199362343900247652e-07
1104,-9.9999369629504164947841199362343900247652e-07
1105,-9.9999369629504164947841199362343900247652e-07
1106,-9.9999369629504164947841199362343900247652e-07
1107,-9.9999369629504164947841199362343900247652e-07
1108,-9.9999369629504164947841199362343900247652e-07
1109,-9.9999369629504164947841199362343900247652e-07
1110,-9.9999369629504164947841199362343900247652e-07
1111,-9.9999539444477485843358523925905601004160e-07
1112,-9.9999570843484813605008421771858095894459e-07
1113,-9.9999628232088214693665337989836316978653e-07
1114,-9.9999578711440198851127542784000823417045e-07
1115,-9.9999352285627319068394159434776113926091e-07
1116,-9.9999352285627319068394159434776113926091e-07
1117,-9.9999352285627319068394159434776113926091e-07
1118,-9.9999352285627319068394159434776113926091e-07
1119,-9.9999352285627319068394159434776113926091e-07
1120,-9.9999352285627319068394159434776113926091e-07
1121,-9.9999352285627319068394159434776113926091e-07
1122,-9.9999352285627319068394159434776113926091e-07
1123,-9.9999352285627319068394159434776113926091e-07
1124,-9.9999352285627319068394159434776113926091e-07
1125,-9.9999352285627319068394159434776113926091e-07
1126,-9.9999352285627319068394159434776113926091e-07
1127,-9.9999352285627319068394159434776113926091e-07
1128,-9.9999352285627319068394159434776113926091e-07
1129,-9.9999352285627319068394159434776113926091e-07
1130,-9.9999352285627319068394159434776113926091e-07
1131,-9.9999352285627319068394159434776113926091e-07
1132,-9.9999352285627319068394159434776113926091e-07
1133,-9.9999220860771719369725248072189316417280e-07
1134,-9.9999468497691120290489768390740366044156e-07
1135,-9.9999352285627319068394159434776113926091e-07
1136,-9.9999352285627319068394159434776113926091e-07
1137,-9.9999352285627319068394159434776113926091e-07
1138,-9.9999352285627319068394159434776113926091e-07
1139,-9.9999352285627319068394159434776113926091e-07
1140,-9.9999352285627319068394159434776113926091e-07
1141,-9.9999352285627319068394159434776113926091e-07
1142,-9.9999352285627319068394159434776113926091e-07
1143,-9.9999352285627319068394159434776113926091e-07
1144,-9.9999352285627319068394159434776113926091e-07
1145,-9.9999352285627319068394159434776113926091e-07
1146,-9.9999352285627319068394159434776113926091e-07
1147,-9.9999352285627319068394159434776113926091e-07
1148,-9.9999352285627319068394159434776113926091e-07
1149,-9.9999352285627319068394159434776113926091e-07
1150,-9.9999352285627319068394159434776113926091e-07
1151,-9.9999352285627319068394159434776113926091e-07
1152,-9.9999239072720900352851149117672235888676e-07
1153,-9.9999455272779939307942025095155003100444e-07
1154,-9.9999540199299398316769293959538345006877e-07
1155,-9.9999239072720900352851149117672235888676e-07
1156,-9.9999352285627319068394159434776113926091e-07
1157,-9.9999352285627319068394159434776113926091e-07
1158,-9.9999352285627319068394159434776113926091e-07
1159,-9.9999352285627319068394159434776113926091e-07
1160,-9.9999352285627319068394159434776113926091e-07
1161,-9.9999352285627319068394159434776113926091e-07
1162,-9.9999239072720900352851149117672235888676e-07
1163,-9.9999455272779939307942025095155003100444e-07
1164,-9.9999540199299398316769293959538345006877e-07
1165,-9.9999239072720900352851149117672235888676e-07
1166,-9.9999352285627319068394159434776113926091e-07
1167,-9.9999352285627319068394159434776113926091e-07
1168,-9.9999352285627319068394159434776113926091e-07
1169,-9.9999352285627319068394159434776113926091e-07
1170,-9.9999352285627319068394159434776113926091e-07
1171,-9.9999352285627319068394159434776113926091e-07
1172,-9.9999352285627319068394159434776113926091e-07
1173,-9.9999352285627319068394159434776113926091e-07
1174,-9.9999352285627319068394159434776113926091e-07
1175,-9.9999352285627319068394159434776113926091e-07
1176,-9.9999352285627319068394159434776113926091e-07
1177,-9.9999352285627319068394159434776113926091e-07
1178,-9.9999352285627319068394159434776113926091e-07
1179,-9.9999352285627319068394159434776113926091e-07
1180,-9.9999352285627319068394159434776113926091e-07
1181,-9.9999352285627319068394159434776113926091e-07
1182,-9.9999352285627319068394159434776113926091e-07
1183,-9.9999352285627319068394159434776113926091e-07
1184,-9.9999352285627319068394159434776113926091e-07
1185,-9.9999352285627319068394159434776113926091e-07
1186,-9.9999352285627319068394159434776113926091e-07
1187,-9.9999352285627319068394159434776113926091e-07
1188,-9.9999352285627319068394159434776113926091e-07
1189,-9.9999352285627319068394159434776113926091e-07
1190,-9.9999352285627319068394159434776113926091e-07
1191,-9.9999352285627319068394159434776113926091e-07
1192,-9.9999352285627319068394159434776113926091e-07
1193,-9.9999220860771719369725248072189316417280e-07
1194,-9.9999468497691120290489768390740366044156e-07
1195,-9.9999352285627319068394159434776113926091e-07
1196,-9.9999352285627319068394159434776113926091e-07
1197,-9.9999352285627319068394159434776113926091e-07
1198,-9.9999352285627319068394159434776113926091e-07
1199,-9.9999352285627319068394159434776113926091e-07
1200,-9.9999352285627319068394159434776113926091e-07
1201,-9.9999352285627319068394159434776113926091e-07
1202,-9.9999352285627319068394159434776113926091e-07
1203,-9.9999352285627319068394159434776113926091e-07
1204,-9.9999352285627319068394159434776113926091e-07
1205,-9.9999352285627319068394159434776113926091e-07
1206,-9.9999352285627319068394159434776113926091e-07
1207,-9.9999352285627319068394159434776113926091e-07
1208,-9.9999352285627319068394159434776113926091e-07
1209,-9.9999352285627319068394159434776113926091e-07
1210,-9.9999352285627319068394159434776113926091e-07
1211,-9.9999352285627319068394159434776113926091e-07
1212,-9.9999352285627319068394159434776113926091e-07
1213,-9.9999352285627319068394159434776113926091e-07
1214,-9.9999220860771719369725248072189316417280e-07
1215,-9.9999468497691120290489768390740366044156e-07
1216,-9.9999352285627319068394159434776113926091e-07
1217,-9.9999352285627319068394159434776113926091e-07
1218,-9.9999352285627319068394159434776113926091e-07
1219,-9.9999352285627319068394159434776113926091e-07
1220,-9.9999352285627319068394159434776113926091e-07
1221,-9.9999352285627319068394159434776113926091e-07
1222,-9.9999352285627319068394159434776113926091e-07
1223,-9.9999352285627319068394159434776113926091e-07
1224,-9.9999352285627319068394159434776113926091e-07
1225,-9.9999352285627319068394159434776113926091e-07
1226,-9.9999352285627319068394159434776113926091e-07
1227,-9.9999352285627319068394159434776113926091e-07
1228,-9.9999352285627319068394159434776113926091e-07
1229,-9.9999352285627319068394159434776113926091e-07
1230,-9.9999352285627319068394159434776113926091e-07
1231,-9.9999352285627319068394159434776113926091e-07
1232,-9.9999352285627319068394159434776113926091e-07
1233,-9.9999352285627319068394159434776113926091e-07
1234,-9.9999352285627319068394159434776113926091e-07
1235,-9.9999352285627319068394159434776113926091e-07
1236,-9.9999352285627319068394159434776113926091e-07
1237,-9.9999352285627319068394159434776113926091e-07
1238,-9.9999352285627319068394159434776113926091e-07
1239,-9.9999352285627319068394159434776113926091e-07
1240,-9.9999352285627319068394159434776113926091e-07
1241,-9.9999352285627319068394159434776113926091e-07
1242,-9.9999352285627319068394159434776113926091e-07
1243,-9.9999352285627319068394159434776113926091e-07
1244,-9.9999352285627319068394159434776113926091e-07
1245,-9.9999352285627319068394159434776113926091e-07
1246,-9.9999352285627319068394159434776113926091e-07
1247,-9.9999352285627319068394159434776113926091e-07
1248,-9.9999352285627319068394159434776113926091e-07
1249,-9.9999352285627319068394159434776113926091e-07
1250,-9.9999352285627319068394159434776113926091e-07
1251,-9.9999352285627319068394159434776113926091e-07
1252,-9.9999352285627319068394159434776113926091e-07
1253,-9.9999352285627319068394159434776113926091e-07
1254,-9.9999352285627319068394159434776113926091e-07
1255,-9.9999352285627319068394159434776113926091e-07
1256,-9.9999352285627319068394159434776113926091e-07
1257,-9.9999352285627319068394159434776113926091e-07
1258,-9.9999352285627319068394159434776113926091e-07
1259,-9.9999352285627319068394159434776113926091e-07
1260,-9.9999352285627319068394159434776113926091e-07
1261,-9.9999352285627319068394159434776113926091e-07
1262,-9.9999352285627319068394159434776113926091e-07
1263,-9.9999352285627319068394159434776113926091e-07
1264,-9.9999352285627319068394159434776113926091e-07
1265,-9.9999352285627319068394159434776113926091e-07
1266,-9.9999352285627319068394159434776113926091e-07
1267,-9.9999352285627319068394159434776113926091e-07
1268,-9.9999352285627319068394159434776113926091e-07
1269,-9.9999352285627319068394159434776113926091e-07
1270,-9.9999274444913064162712441201863455830789e-07
1271,-9.9999621167332584011089042369535562215788e-07
1272,-9.9999642104388307801098294963493273712629e-07
1273,-9.9999355989713218257350715867382007218112e-07
1274,-9.9999469185079913975862115488313364153328e-07
1275,-9.9999469185079913975862115488313364153328e-07
1276,-9.9999469185079913975862115488313364153328e-07
1277,-9.9999469185079913975862115488313364153328e-07
1278,-9.9999469185079913975862115488313364153328e-07
1279,-9.9999469185079913975862115488313364153328e-07
1280,-9.9999469185079913975862115488313364153328e-07
1281,-9.9999469185079913975862115488313364153328e-07
1282,-9.9999469185079913975862115488313364153328e-07
1283,-9.9999469185079913975862115488313364153328e-07
1284,-9.9999469185079913975862115488313364153328e-07
1285,-9.9999469185079913975862115488313364153328e-07
1286,-9.9999469185079913975862115488313364153328e-07
1287,-9.9999469185079913975862115488313364153328e-07
1288,-9.9999469185079913975862115488313364153328e-07
1289,-9.9999469185079913975862115488313364153328e-07
1290,-9.9999469185079913975862115488313364153328e-07
1291,-9.9999525782763272423029655977533280974967e-07
1292,-9.9999398275089824322022641345242277566285e-07
1293,-9.9999415533228152983729122849076986767614e-07
1294,-9.9999582380446630870197196466753197796606e-07
1295,-9.9999469185079913975862115488313364153328e-07
1296,-9.9999469185079913975862115488313364153328e-07
1297,-9.9999469185079913975862115488313364153328e-07
1298,-9.9999469185079913975862115488313364153328e-07
1299,-9.9999469185079913975862115488313364153328e-07
1300,-9.9999469185079913975862115488313364153328e-07
1301,-9.9999469185079913975862115488313364153328e-07
1302,-9.9999469185079913975862115488313364153328e-07
1303,-9.9999469185079913975862115488313364153328e-07
1304,-9.9999469185079913975862115488313364153328e-07
1305,-9.9999469185079913975862115488313364153328e-07
1306,-9.9999469185079913975862115488313364153328e-07
1307,-9.9999469185079913975862115488313364153328e-07
1308,-9.9999469185079913975862115488313364153328e-07
1309,-9.9999469185079913975862115488313364153328e-07
1310,-9.9999469185079913975862115488313364153328e-07
1311,-9.9999469171047267369465891273527802241006e-07
1312,-9.9999380207791445532652680611152007372766e-07
1313,-9.9999351905441620539337615330977016014913e-07
1314,-9.9999469185079913975862115488313364153328e-07
1315,-9.9999469185079913975862115488313364153328e-07
1316,-9.9999469185079913975862115488313364153328e-07
1317,-9.9999469185079913975862115488313364153328e-07
1318,-9.9999469185079913975862115488313364153328e-07
1319,-9.9999469185079913975862115488313364153328e-07
1320,-9.9999469185079913975862115488313364153328e-07
1321,-9.9999469171047267369465891273527802241006e-07
1322,-9.9999380207791445532652680611152007372766e-07
1323,-9.9999351905441620539337615330977016014913e-07
1324,-9.9999469185079913975862115488313364153328e-07
1325,-9.9999469185079913975862115488313364153328e-07
1326,-9.9999469185079913975862115488313364153328e-07
1327,-9.9999469185079913975862115488313364153328e-07
1328,-9.9999469185079913975862115488313364153328e-07
1329,-9.9999469185079913975862115488313364153328e-07
1330,-9.9999469185079913975862115488313364153328e-07
1331,-9.9999469185079913975862115488313364153328e-07
1332,-9.9999469185079913975862115488313364153328e-07
1333,-9.9999469185079913975862115488313364153328e-07
1334,-9.9999469185079913975862115488313364153328e-07
1335,-9.9999469185079913975862115488313364153328e-07
1336,-9.9999469185079913975862115488313364153328e-07
1337,-9.9999469185079913975862115488313364153328e-07
1338,-9.9999469185079913975862115488313364153328e-07
1339,-9.9999469185079913975862115488313364153328e-07
1340,-9.9999469185079913975862115488313364153328e-07
1341,-9.9999469185079913975862115488313364153328e-07
1342,-9.9999469185079913975862115488313364153328e-07
1343,-9.9999469185079913975862115488313364153328e-07
1344,-9.9999469185079913975862115488313364153328e-07
1345,-9.9999469185079913975862115488313364153328e-07
1346,-9.9999469185079913975862115488313364153328e-07
1347,-9.9999469185079913975862115488313364153328e-07
1348,-9.9999469185079913975862115488313364153328e-07
1349,-9.9999469185079913975862115488313364153328e-07
1350,-9.9999469185079913975862115488313364153328e-07
1351,-9.9999525782763272423029655977533280974967e-07
1352,-9.9999398275089824322022641345242277566285e-07
1353,-9.9999415533228152983729122849076986767614e-07
1354,-9.9999582380446630870197196466753197796606e-07
1355,-9.9999469185079913975862115488313364153328e-07
1356,-9.9999469185079913975862115488313364153328e-07
1357,-9.9999469185079913975862115488313364153328e-07
1358,-9.9999469185079913975862115488313364153328e-07
1359,-9.9999469185079913975862115488313364153328e-07
1360,-9.9999469185079913975862115488313364153328e-07
1361,-9.9999469185079913975862115488313364153328e-07
1362,-9.9999469185079913975862115488313364153328e-07
1363,-9.9999469185079913975862115488313364153328e-07
1364,-9.9999469185079913975862115488313364153328e-07
1365,-9.9999469185079913975862115488313364153328e-07
1366,-9.9999469185079913975862115488313364153328e-07
1367,-9.9999469185079913975862115488313364153328e-07
1368,-9.9999469185079913975862115488313364153328e-07
1369,-9.9999469185079913975862115488313364153328e-07
1370,-9.9999469185079913975862115488313364153328e-07
1371,-9.9999469185079913975862115488313364153328e-07
1372,-9.9999525782763272423029655977533280974967e-07
1373,-9.9999398275089824322022641345242277566285e-07
1374,-9.9999415533228152983729122849076986767614e-07
1375,-9.9999582380446630870197196466753197796606e-07
1376,-9.9999469185079913975862115488313364153328e-07
1377,-9.9999469185079913975862115488313364153328e-07
1378,-9.9999469185079913975862115488313364153328e-07
1379,-9.9999469185079913975862115488313364153328e-07
1380,-9.9999469185079913975862115488313364153328e-07
1381,-9.9999469185079913975862115488313364153328e-07
1382,-9.9999469185079913975862115488313364153328e-07
1383,-9.9999469185079913975862115488313364153328e-07
1384,-9.9999469185079913975862115488313364153328e-07
1385,-9.9999469185079913975862115488313364153328e-07
1386,-9.9999469185079913975862115488313364153328e-07
1387,-9.9999469185079913975862115488313364153328e-07
1388,-9.9999469185079913975862115488313364153328e-07
1389,-9.9999469185079913975862115488313364153328e-07
1390,-9.9999469185079913975862115488313364153328e-07
1391,-9.9999469185079913975862115488313364153328e-07
1392,-9.9999469185079913975862115488313364153328e-07
1393,-9.9999469185079913975862115488313364153328e-07
1394,-9.9999469185079913975862115488313364153328e-07
1395,-9.9999469185079913975862115488313364153328e-07
1396,-9.9999469185079913975862115488313364153328e-07
1397,-9.9999469185079913975862115488313364153328e-07
1398,-9.9999469185079913975862115488313364153328e-07
1399,-9.9999469185079913975862115488313364153328e-07
1400,-9.9999469185079913975862115488313364153328e-07
1401,-9.9999469185079913975862115488313364153328e-07
1402,-9.9999469185079913975862115488313364153328e-07
1403,-9.9999469185079913975862115488313364153328e-07
1404,-9.9999469185079913975862115488313364153328e-07
1405,-9.9999469185079913975862115488313364153328e-07
1406,-9.9999469185079913975862115488313364153328e-07
1407,-9.9999469185079913975862115488313364153328e-07
1408,-9.9999469185079913975862115488313364153328e-07
1409,-9.9999469185079913975862115488313364153328e-07
1410,-9.9999469185079913975862115488313364153328e-07
1411,-9.9999469185079913975862115488313364153328e-07
1412,-9.9999469185079913975862115488313364153328e-07
1413,-9.9999469185079913975862115488313364153328e-07
1414,-9.9999469185079913975862115488313364153328e-07
1415,-9.9999469185079913975862115488313364153328e-07
1416,-9.9999469185079913975862115488313364153328e-07
1417,-9.9999469185079913975862115488313364153328e-07
1418,-9.9999469185079913975862115488313364153328e-07
1419,-9.9999469185079913975862115488313364153328e-07
1420,-9.9999469185079913975862115488313364153328e-07
1421,-9.9999469185079913975862115488313364153328e-07
1422,-9.9999469185079913975862115488313364153328e-07
1423,-9.9999469185079913975862115488313364153328e-07
1424,-9.9999469185079913975862115488313364153328e-07
1425,-9.9999469185079913975862115488313364153328e-07
1426,-9.9999469185079913975862115488313364153328e-07
1427,-9.9999469185079913975862115488313364153328e-07
1428,-9.9999469185079913975862115488313364153328e-07
1429,-9.9999582408511945258813326253832798329313e-07
1430,-9.9999419605976375674115819852660891342566e-07
1431,-9.9999664722720025057699829579282990721367e-07
1432,-9.9999551511565334004549756435897833739546e-07
1433,-9.9999438290588173609330958913066211835030e-07
1434,-9.9999438290588173609330958913066211835030e-07
1435,-9.9999438290588173609330958913066211835030e-07
1436,-9.9999438290588173609330958913066211835030e-07
1437,-9.9999438290588173609330958913066211835030e-07
1438,-9.9999438290588173609330958913066211835030e-07
1439,-9.9999438290588173609330958913066211835030e-07
1440,-9.9999438290588173609330958913066211835030e-07
1441,-9.9999438290588173609330958913066211835030e-07
1442,-9.9999438290588173609330958913066211835030e-07
1443,-9.9999438290588173609330958913066211835030e-07
1444,-9.9999438290588173609330958913066211835030e-07
1445,-9.9999438290588173609330958913066211835030e-07
1446,-9.9999438290588173609330958913066211835030e-07
1447,-9.9999438290588173609330958913066211835030e-07
1448,-9.9999438290588173609330958913066211835030e-07
1449,-9.9999438290588173609330958913066211835030e-07
1450,-9.9999402891843496254649717447371415346424e-07
1451,-9.9999480537115444141594948479490057025032e-07
1452,-9.9999360153880669329533661948694600596355e-07
1453,-9.9999551511565334004549756435897833739546e-07
1454,-9.9999438290588173609330958913066211835030e-07
1455,-9.9999438290588173609330958913066211835030e-07
1456,-9.9999438290588173609330958913066211835030e-07
1457,-9.9999438290588173609330958913066211835030e-07
1458,-9.9999438290588173609330958913066211835030e-07
1459,-9.9999438290588173609330958913066211835030e-07
1460,-9.9999438290588173609330958913066211835030e-07
1461,-9.9999438290588173609330958913066211835030e-07
1462,-9.9999438290588173609330958913066211835030e-07
1463,-9.9999438290588173609330958913066211835030e-07
1464,-9.9999438290588173609330958913066211835030e-07
1465,-9.9999438290588173609330958913066211835030e-07
1466,-9.9999438290588173609330958913066211835030e-07
1467,-9.9999438290588173609330958913066211835030e-07
1468,-9.9999438290588173609330958913066211835030e-07
1469,-9.9999438290588173609330958913066211835030e-07
1470,-9.9999494881431825710714749594343331295931e-07
1471,-9.9999441304905264761896353797876457747407e-07
1472,-9.9999519166427603994885126015290666146029e-07
1473,-9.9999551472275477812098540275620450756833e-07
1474,-9.9999438290588173609330958913066211835030e-07
1475,-9.9999438290588173609330958913066211835030e-07
1476,-9.9999438290588173609330958913066211835030e-07
1477,-9.9999438290588173609330958913066211835030e-07
1478,-9.9999438290588173609330958913066211835030e-07
1479,-9.9999438290588173609330958913066211835030e-07
1480,-9.9999494881431825710714749594343331295931e-07
1481,-9.9999441304905264761896353797876457747407e-07
1482,-9.9999519166427603994885126015290666146029e-07
1483,-9.9999551472275477812098540275620450756833e-07
1484,-9.9999438290588173609330958913066211835030e-07
1485,-9.9999438290588173609330958913066211835030e-07
1486,-9.9999438290588173609330958913066211835030e-07
1487,-9.9999438290588173609330958913066211835030e-07
1488,-9.9999438290588173609330958913066211835030e-07
1489,-9.9999438290588173609330958913066211835030e-07
1490,-9.9999438290588173609330958913066211835030e-07
1491,-9.9999438290588173609330958913066211835030e-07
1492,-9.9999438290588173609330958913066211835030e-07
1493,-9.9999438290588173609330958913066211835030e-07
1494,-9.9999438290588173609330958913066211835030e-07
1495,-9.9999438290588173609330958913066211835030e-07
1496,-9.9999438290588173609330958913066211835030e-07
1497,-9.9999438290588173609330958913066211835030e-07
1498,-9.9999438290588173609330958913066211835030e-07
1499,-9.9999438290588173609330958913066211835030e-07
1500,-9.9999438290588173609330958913066211835030e-07
1501,-9.9999438290588173609330958913066211835030e-07
1502,-9.9999438290588173609330958913066211835030e-07
1503,-9.9999438290588173609330958913066211835030e-07
1504,-9.9999438290588173609330958913066211835030e-07
1505,-9.9999438290588173609330958913066211835030e-07
1506,-9.9999438290588173609330958913066211835030e-07
1507,-9.9999438290588173609330958913066211835030e-07
1508,-9.9999438290588173609330958913066211835030e-07
1509,-9.9999438290588173609330958913066211835030e-07
1510,-9.9999402891843496254649717447371415346424e-07
1511,-9.9999480537115444141594948479490057025032e-07
1512,-9.9999360153880669329533661948694600596355e-07
1513,-9.9999551511565334004549756435897833739546e-07
1514,-9.9999438290588173609330958913066211835030e-07
1515,-9.9999438290588173609330958913066211835030e-07
1516,-9.9999438290588173609330958913066211835030e-07
1517,-9.9999438290588173609330958913066211835030e-07
1518,-9.9999438290588173609330958913066211835030e-07
1519,-9.9999438290588173609330958913066211835030e-07
1520,-9.9999438290588173609330958913066211835030e-07
1521,-9.9999438290588173609330958913066211835030e-07
1522,-9.9999438290588173609330958913066211835030e-07
1523,-9.9999438290588173609330958913066211835030e-07
1524,-9.9999438290588173609330958913066211835030e-07
1525,-9.9999438290588173609330958913066211835030e-07
1526,-9.9999438290588173609330958913066211835030e-07
1527,-9.9999438290588173609330958913066211835030e-07
1528,-9.9999438290588173609330958913066211835030e-07
1529,-9.9999438290588173609330958913066211835030e-07
1530,-9.9999438290588173609330958913066211835030e-07
1531,-9.9999402891843496254649717447371415346424e-07
1532,-9.9999480537115444141594948479490057025032e-07
1533,-9.9999360153880669329533661948694600596355e-07
1534,-9.9999551511565334004549756435897833739546e-07
1535,-9.9999438290588173609330958913066211835030e-07
1536,-9.9999438290588173609330958913066211835030e-07
1537,-9.9999438290588173609330958913066211835030e-07
1538,-9.9999438290588173609330958913066211835030e-07
1539,-9.9999438290588173609330958913066211835030e-07
1540,-9.9999438290588173609330958913066211835030e-07
1541,-9.9999438290588173609330958913066211835030e-07
1542,-9.9999438290588173609330958913066211835030e-07
1543,-9.9999438290588173609330958913066211835030e-07
1544,-9.9999438290588173609330958913066211835030e-07
1545,-9.9999438290588173609330958913066211835030e-07
1546,-9.9999438290588173609330958913066211835030e-07
1547,-9.9999438290588173609330958913066211835030e-07
1548,-9.9999438290588173609330958913066211835030e-07
1549,-9.9999438290588173609330958913066211835030e-07
1550,-9.9999438290588173609330958913066211835030e-07
1551,-9.9999438290588173609330958913066211835030e-07
1552,-9.9999438290588173609330958913066211835030e-07
1553,-9.9999438290588173609330958913066211835030e-07
1554,-9.9999438290588173609330958913066211835030e-07
1555,-9.9999438290588173609330958913066211835030e-07
1556,-9.9999438290588173609330958913066211835030e-07
1557,-9.9999438290588173609330958913066211835030e-07
1558,-9.9999438290588173609330958913066211835030e-07
1559,-9.9999438290588173609330958913066211835030e-07
1560,-9.9999438290588173609330958913066211835030e-07
1561,-9.9999438290588173609330958913066211835030e-07
1562,-9.9999438290588173609330958913066211835030e-07
1563,-9.9999438290588173609330958913066211835030e-07
1564,-9.9999438290588173609330958913066211835030e-07
1565,-9.9999438290588173609330958913066211835030e-07
1566,-9.9999438290588173609330958913066211835030e-07
1567,-9.9999438290588173609330958913066211835030e-07
1568,-9.9999438290588173609330958913066211835030e-07
1569,-9.9999438290588173609330958913066211835030e-07
1570,-9.9999438290588173609330958913066211835030e-07
1571,-9.9999438290588173609330958913066211835030e-07
1572,-9.9999438290588173609330958913066211835030e-07
1573,-9.9999438290588173609330958913066211835030e-07
1574,-9.9999438290588173609330958913066211835030e-07
1575,-9.9999438290588173609330958913066211835030e-07
1576,-9.9999438290588173609330958913066211835030e-07
1577,-9.9999438290588173609330958913066211835030e-07
1578,-9.9999438290588173609330958913066211835030e-07
1579,-9.9999438290588173609330958913066211835030e-07
1580,-9.9999438290588173609330958913066211835030e-07
1581,-9.9999438290588173609330958913066211835030e-07
1582,-9.9999438290588173609330958913066211835030e-07
1583,-9.9999438290588173609330958913066211835030e-07
1584,-9.9999438290588173609330958913066211835030e-07
1585,-9.9999438290588173609330958913066211835030e-07
1586,-9.9999438290588173609330958913066211835030e-07
1587,-9.9999438290588173609330958913066211835030e-07
1588,-9.9999551550855169021177291238666740014196e-07
1589,-9.9999448437773631117740560231288426962237e-07
1590,-4.9652862708776633604568218061103834770620e-02
1591,-4.9652862708178278905446489943642518483102e-02
1592,-4.9652862707045636314617809148330707103014e-02
1593,-4.9652862707045636314617809148330707103014e-02
1594,-4.9652862707045636314617809148330707103014e-02
1595,-4.9652862707045636314617809148330707103014e-02
1596,-4.9652862707045636314617809148330707103014e-02
1597,-4.9652862707045636314617809148330707103014e-02
1598,-4.9652862707045636314617809148330707103014e-02
1599,-4.9652862707045636314617809148330707103014e-02
1600,-4.9652862707045636314617809148330707103014e-02
1601,-4.9652862707045636314617809148330707103014e-02
1602,-4.9652862707045636314617809148330707103014e-02
1603,-4.9652862707045636314617809148330707103014e-02
1604,-4.9652862707045636314617809148330707103014e-02
1605,-4.9652862707045636314617809148330707103014e-02
1606,-4.9652862707045636314617809148330707103014e-02
1607,-4.9652862707045636314617809148330707103014e-02
1608,-4.9652862707045636314617809148330707103014e-02
1609,-4.9652862707046122037191082654317142441869e-02
1610,-4.9652862705416828115190241987875197082758e-02
1611,-4.9652862707329784019982810150395380333066e-02
1612,-4.9652862707046642454233875696445466019213e-02
1613,-4.9652862707045636314617809148330707103014e-02
1614,-4.9652862707045636314617809148330707103014e-02
1615,-4.9652862707045636314617809148330707103014e-02
1616,-4.9652862707045636314617809148330707103014e-02
1617,-4.9652862707045636314617809148330707103014e-02
1618,-4.9652862707045636314617809148330707103014e-02
1619,-4.9652862707045636314617809148330707103014e-02
1620,-4.9652862707045636314617809148330707103014e-02
1621,-4.9652862707045636314617809148330707103014e-02
1622,-4.9652862707045636314617809148330707103014e-02
1623,-4.9652862707045636314617809148330707103014e-02
1624,-4.9652862707045636314617809148330707103014e-02
1625,-4.9652862707045636314617809148330707103014e-02
1626,-4.9652862707045636314617809148330707103014e-02
1627,-4.9652862707045636314617809148330707103014e-02
1628,-4.9652862707045636314617809148330707103014e-02
1629,-4.9652862705348195515586695591991883702576e-02
1630,-4.9652862708465916874445156281581148505211e-02
1631,-4.9652862709310283118036011273943586274981e-02
1632,-4.9652862704782370351086484561164979822934e-02
1633,-4.9652862707045636314617809148330707103014e-02
1634,-4.9652862707045636314617809148330707103014e-02
1635,-4.9652862707045636314617809148330707103014e-02
1636,-4.9652862707045636314617809148330707103014e-02
1637,-4.9652862707045636314617809148330707103014e-02
1638,-4.9652862707045636314617809148330707103014e-02
1639,-4.9652862705348195515586695591991883702576e-02
1640,-4.9652862708465916874445156281581148505211e-02
1641,-4.9652862709310283118036011273943586274981e-02
1642,-4.9652862704782370351086484561164979822934e-02
1643,-4.9652862707045636314617809148330707103014e-02
1644,-4.9652862707045636314617809148330707103014e-02
1645,-4.9652862707045636314617809148330707103014e-02
1646,-4.9652862707045636314617809148330707103014e-02
1647,-4.9652862707045636314617809148330707103014e-02
1648,-4.9652862707045636314617809148330707103014e-02
1649,-4.9652862707045636314617809148330707103014e-02
1650,-4.9652862707045636314617809148330707103014e-02
1651,-4.9652862707045636314617809148330707103014e-02
1652,-4.9652862707045636314617809148330707103014e-02
1653,-4.9652862707045636314617809148330707103014e-02
1654,-4.9652862707045636314617809148330707103014e-02
1655,-4.9652862707045636314617809148330707103014e-02
1656,-4.9652862707045636314617809148330707103014e-02
1657,-4.9652862707045636314617809148330707103014e-02
1658,-4.9652862707045636314617809148330707103014e-02
1659,-4.9652862707045636314617809148330707103014e-02
1660,-4.9652862707045636314617809148330707103014e-02
1661,-4.9652862707045636314617809148330707103014e-02
1662,-4.9652862707045636314617809148330707103014e-02
1663,-4.9652862707045636314617809148330707103014e-02
1664,-4.9652862707045636314617809148330707103014e-02
1665,-4.9652862707045636314617809148330707103014e-02
1666,-4.9652862707045636314617809148330707103014e-02
1667,-4.9652862707045636314617809148330707103014e-02
1668,-4.9652862707045636314617809148330707103014e-02
1669,-4.9652862707046122037191082654317142441869e-02
1670,-4.9652862705416828115190241987875197082758e-02
1671,-4.9652862707329784019982810150395380333066e-02
1672,-4.9652862707046642454233875696445466019213e-02
1673,-4.9652862707045636314617809148330707103014e-02
1674,-4.9652862707045636314617809148330707103014e-02
1675,-4.9652862707045636314617809148330707103014e-02
1676,-4.9652862707045636314617809148330707103014e-02
1677,-4.9652862707045636314617809148330707103014e-02
1678,-4.9652862707045636314617809148330707103014e-02
1679,-4.9652862707045636314617809148330707103014e-02
1680,-4.9652862707045636314617809148330707103014e-02
1681,-4.9652862707045636314617809148330707103014e-02
1682,-4.9652862707045636314617809148330707103014e-02
1683,-4.9652862707045636314617809148330707103014e-02
1684,-4.9652862707045636314617809148330707103014e-02
1685,-4.9652862707045636314617809148330707103014e-02
1686,-4.9652862707045636314617809148330707103014e-02
1687,-4.9652862707045636314617809148330707103014e-02
1688,-4.9652862707045636314617809148330707103014e-02
1689,-4.9652862707045636314617809148330707103014e-02
1690,-4.9652862707046122037191082654317142441869e-02
1691,-4.9652862705416828115190241987875197082758e-02
1692,-4.9652862707329784019982810150395380333066e-02
1693,-4.9652862707046642454233875696445466019213e-02
1694,-4.9652862707045636314617809148330707103014e-02
1695,-4.9652862707045636314617809148330707103014e-02
1696,-4.9652862707045636314617809148330707103014e-02
1697,-4.9652862707045636314617809148330707103014e-02
1698,-4.9652862707045636314617809148330707103014e-02
1699,-4.9652862707045636314617809148330707103014e-02
1700,-4.9652862707045636314617809148330707103014e-02
1701,-4.9652862707045636314617809148330707103014e-02
1702,-4.9652862707045636314617809148330707103014e-02
1703,-4.9652862707045636314617809148330707103014e-02
1704,-4.9652862707045636314617809148330707103014e-02
1705,-4.9652862707045636314617809148330707103014e-02
1706,-4.9652862707045636314617809148330707103014e-02
1707,-4.9652862707045636314617809148330707103014e-02
1708,-4.9652862707045636314617809148330707103014e-02
1709,-4.9652862707045636314617809148330707103014e-02
1710,-4.9652862707045636314617809148330707103014e-02
1711,-4.9652862707045636314617809148330707103014e-02
1712,-4.9652862707045636314617809148330707103014e-02
1713,-4.9652862707045636314617809148330707103014e-02
1714,-4.9652862707045636314617809148330707103014e-02
1715,-4.9652862707045636314617809148330707103014e-02
1716,-4.9652862707045636314617809148330707103014e-02
1717,-4.9652862707045636314617809148330707103014e-02
1718,-4.9652862707045636314617809148330707103014e-02
1719,-4.9652862707045636314617809148330707103014e-02
1720,-4.9652862707045636314617809148330707103014e-02
1721,-4.9652862707045636314617809148330707103014e-02
1722,-4.9652862707045636314617809148330707103014e-02
1723,-4.9652862707045636314617809148330707103014e-02
1724,-4.9652862707045636314617809148330707103014e-02
1725,-4.9652862707045636314617809148330707103014e-02
1726,-4.9652862707045636314617809148330707103014e-02
1727,-4.9652862707045636314617809148330707103014e-02
1728,-4.9652862707045636314617809148330707103014e-02
1729,-4.9652862707045636314617809148330707103014e-02
1730,-4.9652862707045636314617809148330707103014e-02
1731,-4.9652862707045636314617809148330707103014e-02
1732,-4.9652862707045636314617809148330707103014e-02
1733,-4.9652862707045636314617809148330707103014e-02
1734,-4.9652862707045636314617809148330707103014e-02
1735,-4.9652862707045636314617809148330707103014e-02
1736,-4.9652862707045636314617809148330707103014e-02
1737,-4.9652862707045636314617809148330707103014e-02
1738,-4.9652862707045636314617809148330707103014e-02
1739,-4.9652862707045636314617809148330707103014e-02
1740,-4.9652862707045636314617809148330707103014e-02
1741,-4.9652862707045636314617809148330707103014e-02
1742,-4.9652862707045636314617809148330707103014e-02
1743,-4.9652862707045636314617809148330707103014e-02
1744,-4.9652862707045636314617809148330707103014e-02
1745,-4.9652862707045636314617809148330707103014e-02
1746,-4.9652862707045636314617809148330707103014e-02
1747,-4.9652862704561769036093465956582804210484e-02
1748,-4.9652862707597951452687112805506330914795e-02
1749,-9.9999508705449071473050220992817571641353e-07
1750,-9.9999400743813131225480074493194848628264e-07
1751,-9.9999457438515135231386823239096983684249e-07
1752,-9.9999457438515135231386823239096983684249e-07
1753,-9.9999457438515135231386823239096983684249e-07
1754,-9.9999457438515135231386823239096983684249e-07
1755,-9.9999457438515135231386823239096983684249e-07
1756,-9.9999457438515135231386823239096983684249e-07
1757,-9.9999457438515135231386823239096983684249e-07
1758,-9.9999457438515135231386823239096983684249e-07
1759,-9.9999457438515135231386823239096983684249e-07
1760,-9.9999457438515135231386823239096983684249e-07
1761,-9.9999457438515135231386823239096983684249e-07
1762,-9.9999457438515135231386823239096983684249e-07
1763,-9.9999457438515135231386823239096983684249e-07
1764,-9.9999457438515135231386823239096983684249e-07
1765,-9.9999457438515135231386823239096983684249e-07
1766,-9.9999457438515135231386823239096983684249e-07
1767,-9.9999457438515135231386823239096983684249e-07
1768,-9.9999380248165080381115774055267308995099e-07
1769,-9.9999408864996406415737075640270958842848e-07
1770,-9.9999231032833941615930572338610815563698e-07
1771,-9.9999570703543366367220621843125982763922e-07
1772,-9.9999457438515135231386823239096983684249e-07
1773,-9.9999457438515135231386823239096983684249e-07
1774,-9.9999457438515135231386823239096983684249e-07
1775,-9.9999457438515135231386823239096983684249e-07
1776,-9.9999457438515135231386823239096983684249e-07
1777,-9.9999457438515135231386823239096983684249e-07
1778,-9.9999457438515135231386823239096983684249e-07
1779,-9.9999457438515135231386823239096983684249e-07
1780,-9.9999457438515135231386823239096983684249e-07
1781,-9.9999457438515135231386823239096983684249e-07
1782,-9.9999457438515135231386823239096983684249e-07
1783,-9.9999457438515135231386823239096983684249e-07
1784,-9.9999457438515135231386823239096983684249e-07
1785,-9.9999457438515135231386823239096983684249e-07
1786,-9.9999457438515135231386823239096983684249e-07
1787,-9.9999457438515135231386823239096983684249e-07
1788,-9.9999485903138558171791405032591271151432e-07
1789,-9.9999344594788767730459463217718152350244e-07
1790,-9.9999280545689190816257760352492311994865e-07
1791,-9.9999513884465564309510492851940099967578e-07
1792,-9.9999457438515135231386823239096983684249e-07
1793,-9.9999457438515135231386823239096983684249e-07
1794,-9.9999457438515135231386823239096983684249e-07
1795,-9.9999457438515135231386823239096983684249e-07
1796,-9.9999457438515135231386823239096983684249e-07
1797,-9.9999457438515135231386823239096983684249e-07
1798,-9.9999485903138558171791405032591271151432e-07
1799,-9.9999344594788767730459463217718152350244e-07
1800,-9.9999280545689190816257760352492311994865e-07
1801,-9.9999513884465564309510492851940099967578e-07
1802,-9.9999457438515135231386823239096983684249e-07
1803,-9.9999457438515135231386823239096983684249e-07
1804,-9.9999457438515135231386823239096983684249e-07
1805,-9.9999457438515135231386823239096983684249e-07
1806,-9.9999457438515135231386823239096983684249e-07
1807,-9.9999457438515135231386823239096983684249e-07
1808,-9.9999457438515135231386823239096983684249e-07
1809,-9.9999457438515135231386823239096983684249e-07
1810,-9.9999457438515135231386823239096983684249e-07
1811,-9.9999457438515135231386823239096983684249e-07
1812,-9.9999457438515135231386823239096983684249e-07
1813,-9.9999457438515135231386823239096983684249e-07
1814,-9.9999457438515135231386823239096983684249e-07
1815,-9.9999457438515135231386823239096983684249e-07
1816,-9.9999457438515135231386823239096983684249e-07
1817,-9.9999457438515135231386823239096983684249e-07
1818,-9.9999457438515135231386823239096983684249e-07
1819,-9.9999457438515135231386823239096983684249e-07
1820,-9.9999457438515135231386823239096983684249e-07
1821,-9.9999457438515135231386823239096983684249e-07
1822,-9.9999457438515135231386823239096983684249e-07
1823,-9.9999457438515135231386823239096983684249e-07
1824,-9.9999457438515135231386823239096983684249e-07
1825,-9.9999457438515135231386823239096983684249e-07
1826,-9.9999457438515135231386823239096983684249e-07
1827,-9.9999457438515135231386823239096983684249e-07
1828,-9.9999380248165080381115774055267308995099e-07
1829,-9.9999408864996406415737075640270958842848e-07
1830,-9.9999231032833941615930572338610815563698e-07
1831,-9.9999570703543366367220621843125982763922e-07
1832,-9.9999457438515135231386823239096983684249e-07
1833,-9.9999457438515135231386823239096983684249e-07
1834,-9.9999457438515135231386823239096983684249e-07
1835,-9.9999457438515135231386823239096983684249e-07
1836,-9.9999457438515135231386823239096983684249e-07
1837,-9.9999457438515135231386823239096983684249e-07
1838,-9.9999457438515135231386823239096983684249e-07
1839,-9.9999457438515135231386823239096983684249e-07
1840,-9.9999457438515135231386823239096983684249e-07
1841,-9.9999457438515135231386823239096983684249e-07
1842,-9.9999457438515135231386823239096983684249e-07
1843,-9.9999457438515135231386823239096983684249e-07
1844,-9.9999457438515135231386823239096983684249e-07
1845,-9.9999457438515135231386823239096983684249e-07
1846,-9.9999457438515135231386823239096983684249e-07
1847,-9.9999457438515135231386823239096983684249e-07
1848,-9.9999457438515135231386823239096983684249e-07
1849,-9.9999380248165080381115774055267308995099e-07
1850,-9.9999408864996406415737075640270958842848e-07
1851,-9.9999231032833941615930572338610815563698e-07
1852,-9.9999570703543366367220621843125982763922e-07
1853,-9.9999457438515135231386823239096983684249e-07
1854,-9.9999457438515135231386823239096983684249e-07
1855,-9.9999457438515135231386823239096983684249e-07
1856,-9.9999457438515135231386823239096983684249e-07
1857,-9.9999457438515135231386823239096983684249e-07
1858,-9.9999457438515135231386823239096983684249e-07
1859,-9.9999457438515135231386823239096983684249e-07
1860,-9.9999457438515135231386823239096983684249e-07
1861,-9.9999457438515135231386823239096983684249e-07
1862,-9.9999457438515135231386823239096983684249e-07
1863,-9.9999457438515135231386823239096983684249e-07
1864,-9.9999457438515135231386823239096983684249e-07
1865,-9.9999457438515135231386823239096983684249e-07
1866,-9.9999457438515135231386823239096983684249e-07
1867,-9.9999457438515135231386823239096983684249e-07
1868,-9.9999457438515135231386823239096983684249e-07
1869,-9.9999457438515135231386823239096983684249e-07
1870,-9.9999457438515135231386823239096983684249e-07
1871,-9.9999457438515135231386823239096983684249e-07
1872,-9.9999457438515135231386823239096983684249e-07
1873,-9.9999457438515135231386823239096983684249e-07
1874,-9.9999457438515135231386823239096983684249e-07
1875,-9.9999457438515135231386823239096983684249e-07
1876,-9.9999457438515135231386823239096983684249e-07
1877,-9.9999457438515135231386823239096983684249e-07
1878,-9.9999457438515135231386823239096983684249e-07
1879,-9.9999457438515135231386823239096983684249e-07
1880,-9.9999457438515135231386823239096983684249e-07
1881,-9.9999457438515135231386823239096983684249e-07
1882,-9.9999457438515135231386823239096983684249e-07
1883,-9.9999457438515135231386823239096983684249e-07
1884,-9.9999457438515135231386823239096983684249e-07
1885,-9.9999457438515135231386823239096983684249e-07
1886,-9.9999457438515135231386823239096983684249e-07
1887,-9.9999457438515135231386823239096983684249e-07
1888,-9.9999457438515135231386823239096983684249e-07
1889,-9.9999457438515135231386823239096983684249e-07
1890,-9.9999457438515135231386823239096983684249e-07
1891,-9.9999457438515135231386823239096983684249e-07
1892,-9.9999457438515135231386823239096983684249e-07
1893,-9.9999457438515135231386823239096983684249e-07
1894,-9.9999457438515135231386823239096983684249e-07
1895,-9.9999457438515135231386823239096983684249e-07
1896,-9.9999457438515135231386823239096983684249e-07
1897,-9.9999457438515135231386823239096983684249e-07
1898,-9.9999457438515135231386823239096983684249e-07
1899,-9.9999457438515135231386823239096983684249e-07
1900,-9.9999457438515135231386823239096983684249e-07
1901,-9.9999457438515135231386823239096983684249e-07
1902,-9.9999457438515135231386823239096983684249e-07
1903,-9.9999457438515135231386823239096983684249e-07
1904,-9.9999457438515135231386823239096983684249e-07
1905,-9.9999457438515135231386823239096983684249e-07
1906,-9.9999595238997236858007316290253285728795e-07
1907,-9.9999310964673998769643419731734113042876e-07
