index,H
0,-9.9999929594269308101193386578708910406021e-07
1,-1.0000019962129373021216894104612471494420e-06
2,-1.0000019962129373021216894104612471494420e-06
3,-1.0000019962129373021216894104612471494420e-06
4,-1.0000019962129373021216894104612471494420e-06
5,-1.0000019962129373021216894104612471494420e-06
6,-1.0000019962129373021216894104612471494420e-06
7,-1.0000019962129373021216894104612471494420e-06
8,-1.0000019962129373021216894104612471494420e-06
9,-1.0000019962129373021216894104612471494420e-06
10,-1.0000019962129373021216894104612471494420e-06
11,-1.0000019962129373021216894104612471494420e-06
12,-1.0000019962129373021216894104612471494420e-06
13,-1.0000019962129373021216894104612471494420e-06
14,-1.0000019962129373021216894104612471494420e-06
15,-1.0000019962129373021216894104612471494420e-06
16,-1.0000019962129373021216894104612471494420e-06
17,-1.0000101112060906316465801538240221191245e-06
18,-1.0000039861371454482085472173502616044516e-06
19,-9.9999736106068505702326905393295675139598e-07
20,-9.9999871284492589401540849763927454318946e-07
21,-1.0000012848774299488847873071395433441921e-06
22,-9.9999659567244928341865194826310059283969e-07
23,-1.0000019962129373021216894104612471494420e-06
24,-1.0000019962129373021216894104612471494420e-06
25,-1.0000019962129373021216894104612471494420e-06
26,-1.0000019962129373021216894104612471494420e-06
27,-1.0000019962129373021216894104612471494420e-06
28,-1.0000019962129373021216894104612471494420e-06
29,-1.0000019962129373021216894104612471494420e-06
30,-1.0000019962129373021216894104612471494420e-06
31,-1.0000019962129373021216894104612471494420e-06
32,-1.0000019962129373021216894104612471494420e-06
33,-1.0000019962129373021216894104612471494420e-06
34,-1.0000019962129373021216894104612471494420e-06
35,-1.0000019962129373021216894104612471494420e-06
36,-1.0000019962129373021216894104612471494420e-06
37,-1.0000019962129373021216894104612471494420e-06
38,-1.0000019962129373021216894104612471494420e-06
39,-1.0000101112060906316465801538240221191245e-06
40,-9.9999859153348509878953594837147633711538e-07
41,-1.0000012848774299488847873071395433441921e-06
42,-9.9999389771097166048588900794102940494668e-07
43,-1.0000166931212354537482963484640308138296e-06
44,-9.9999101119960401314978697129287610323445e-07
45,-1.0000020080865924289315049833248849608935e-06
46,-1.0000019962129373021216894104612471494420e-06
47,-1.0000019962129373021216894104612471494420e-06
48,-1.0000019962129373021216894104612471494420e-06
49,-1.0000019962129373021216894104612471494420e-06
50,-1.0000019962129373021216894104612471494420e-06
51,-1.0000019962129373021216894104612471494420e-06
52,-1.0000019962129373021216894104612471494420e-06
53,-1.0000019962129373021216894104612471494420e-06
54,-1.0000101052692629623625539606046608298584e-06
55,-1.0000086466930554642939654036437602258047e-06
56,-1.0000113390475294596916860240254365521650e-06
57,-1.0000074086270804476345424455230315174958e-06
58,-1.0000019962129373021216894104612471494420e-06
59,-1.0000019962129373021216894104612471494420e-06
60,-1.0000019962129373021216894104612471494420e-06
61,-1.0000019962129373021216894104612471494420e-06
62,-1.0000019962129373021216894104612471494420e-06
63,-1.0000019962129373021216894104612471494420e-06
64,-1.0000019962129373021216894104612471494420e-06
65,-1.0000019962129373021216894104612471494420e-06
66,-1.0000019962129373021216894104612471494420e-06
67,-1.0000019962129373021216894104612471494420e-06
68,-1.0000019962129373021216894104612471494420e-06
69,-1.0000019962129373021216894104612471494420e-06
70,-1.0000019962129373021216894104612471494420e-06
71,-1.0000101052692629623625539606046608298584e-06
72,-1.0000086466930554642939654036437602258047e-06
73,-1.0000113390475294596916860240254365521650e-06
74,-1.0000074086270804476345424455230315174958e-06
75,-1.0000019962129373021216894104612471494420e-06
76,-1.0000019962129373021216894104612471494420e-06
77,-9.9999930418828713671471584978345248373444e-07
78,-1.0000166931212354537482963484640308138296e-06
79,-9.9999911431910200410662532821692849438477e-07
80,-9.9999859153348509878953594837147633711538e-07
81,-1.0000012848774299488847873071395433441921e-06
82,-9.9999659567244928341865194826310059283969e-07
83,-1.0000019962129373021216894104612471494420e-06
84,-1.0000019962129373021216894104612471494420e-06
85,-1.0000019962129373021216894104612471494420e-06
86,-1.0000019962129373021216894104612471494420e-06
87,-1.0000019962129373021216894104612471494420e-06
88,-1.0000019962129373021216894104612471494420e-06
89,-1.0000019962129373021216894104612471494420e-06
90,-1.0000019962129373021216894104612471494420e-06
91,-1.0000019962129373021216894104612471494420e-06
92,-1.0000019962129373021216894104612471494420e-06
93,-1.0000019962129373021216894104612471494420e-06
94,-1.0000019962129373021216894104612471494420e-06
95,-1.0000019962129373021216894104612471494420e-06
96,-1.0000019962129373021216894104612471494420e-06
97,-1.0000019962129373021216894104612471494420e-06
98,-1.0000019962129373021216894104612471494420e-06
99,-1.0000019962129373021216894104612471494420e-06
100,-1.0000019962129373021216894104612471494420e-06
101,-1.0000019962129373021216894104612471494420e-06
102,-1.0000019962129373021216894104612471494420e-06
103,-1.0000019962129373021216894104612471494420e-06
104,-1.0000019962129373021216894104612471494420e-06
105,-1.0000019962129373021216894104612471494420e-06
106,-1.0000019962129373021216894104612471494420e-06
107,-1.0000019962129373021216894104612471494420e-06
108,-1.0000019962129373021216894104612471494420e-06
109,-1.0000019962129373021216894104612471494420e-06
110,-1.0000101112060906316465801538240221191245e-06
111,-9.9999859153348509878953594837147633711538e-07
112,-1.0000012848774299488847873071395433441921e-06
113,-9.9999659567244928341865194826310059283969e-07
114,-1.0000019962129373021216894104612471494420e-06
115,-1.0000019962129373021216894104612471494420e-06
116,-1.0000019962129373021216894104612471494420e-06
117,-1.0000019962129373021216894104612471494420e-06
118,-1.0000019962129373021216894104612471494420e-06
119,-1.0000019962129373021216894104612471494420e-06
120,-1.0000019962129373021216894104612471494420e-06
121,-1.0000019962129373021216894104612471494420e-06
122,-1.0000019962129373021216894104612471494420e-06
123,-1.0000019962129373021216894104612471494420e-06
124,-1.0000019962129373021216894104612471494420e-06
125,-1.0000019962129373021216894104612471494420e-06
126,-1.0000019962129373021216894104612471494420e-06
127,-1.0000019962129373021216894104612471494420e-06
128,-1.0000019962129373021216894104612471494420e-06
129,-1.0000019962129373021216894104612471494420e-06
130,-1.0000019962129373021216894104612471494420e-06
131,-1.0000019962129373021216894104612471494420e-06
132,-1.0000019962129373021216894104612471494420e-06
133,-1.0000019962129373021216894104612471494420e-06
134,-1.0000019962129373021216894104612471494420e-06
135,-1.0000019962129373021216894104612471494420e-06
136,-1.0000019962129373021216894104612471494420e-06
137,-1.0000019962129373021216894104612471494420e-06
138,-1.0000019962129373021216894104612471494420e-06
139,-1.0000019962129373021216894104612471494420e-06
140,-1.0000019962129373021216894104612471494420e-06
141,-1.0000019962129373021216894104612471494420e-06
142,-1.0000019962129373021216894104612471494420e-06
143,-1.0000101112060906316465801538240221191245e-06
144,-9.9999859153348509878953594837147633711538e-07
145,-1.0000012848774299488847873071395433441921e-06
146,-9.9999659567244928341865194826310059283969e-07
147,-1.0000019962129373021216894104612471494420e-06
148,-1.0000019962129373021216894104612471494420e-06
149,-1.0000019962129373021216894104612471494420e-06
150,-1.0000019962129373021216894104612471494420e-06
151,-1.0000019962129373021216894104612471494420e-06
152,-1.0000019962129373021216894104612471494420e-06
153,-1.0000019962129373021216894104612471494420e-06
154,-1.0000019962129373021216894104612471494420e-06
155,-9.9999929825145967918892647013917596154897e-07
156,-9.9999913246683816792981843585286227948927e-07
157,-1.0000004806230172985402138499666513382635e-06
158,-1.0000019962129373021216894104612471494420e-06
159,-9.9999659567244928341865194826310059283969e-07
160,-1.0000052218871257110355829991754639252122e-06
161,-1.0000082158501078911878650820610481275708e-06
162,-1.0000019962129373021216894104612471494420e-06
163,-1.0000019962129373021216894104612471494420e-06
164,-1.0000019962129373021216894104612471494420e-06
165,-1.0000019962129373021216894104612471494420e-06
166,-1.0000019962129373021216894104612471494420e-06
167,-1.0000019962129373021216894104612471494420e-06
168,-1.0000019962129373021216894104612471494420e-06
169,-1.0000019962129373021216894104612471494420e-06
170,-1.0000019962129373021216894104612471494420e-06
171,-1.0000019962129373021216894104612471494420e-06
172,-1.0000019962129373021216894104612471494420e-06
173,-1.0000019962129373021216894104612471494420e-06
174,-1.0000019962129373021216894104612471494420e-06
175,-1.0000019962129373021216894104612471494420e-06
176,-1.0000019962129373021216894104612471494420e-06
177,-1.0000019962129373021216894104612471494420e-06
178,-1.0000019962129373021216894104612471494420e-06
179,-1.0000019962129373021216894104612471494420e-06
180,-1.0000019962129373021216894104612471494420e-06
181,-1.0000019962129373021216894104612471494420e-06
182,-1.0000019962129373021216894104612471494420e-06
183,-1.0000019962129373021216894104612471494420e-06
184,-1.0000019962129373021216894104612471494420e-06
185,-1.0000019962129373021216894104612471494420e-06
186,-1.0000019962129373021216894104612471494420e-06
187,-1.0000019962129373021216894104612471494420e-06
188,-1.0000019962129373021216894104612471494420e-06
189,-1.0000019962129373021216894104612471494420e-06
190,-1.0000019962129373021216894104612471494420e-06
191,-1.0000019962129373021216894104612471494420e-06
192,-1.0000019962129373021216894104612471494420e-06
193,-1.0000019962129373021216894104612471494420e-06
194,-1.0000019962129373021216894104612471494420e-06
195,-1.0000019962129373021216894104612471494420e-06
196,-1.0000019962129373021216894104612471494420e-06
197,-1.0000019962129373021216894104612471494420e-06
198,-1.0000019962129373021216894104612471494420e-06
199,-1.0000019962129373021216894104612471494420e-06
200,-1.0000019962129373021216894104612471494420e-06
201,-1.0000019962129373021216894104612471494420e-06
202,-1.0000019962129373021216894104612471494420e-06
203,-1.0000019962129373021216894104612471494420e-06
204,-1.0000019962129373021216894104612471494420e-06
205,-1.0000019962129373021216894104612471494420e-06
206,-1.0000019962129373021216894104612471494420e-06
207,-1.0000019962129373021216894104612471494420e-06
208,-1.0000019962129373021216894104612471494420e-06
209,-1.0000019962129373021216894104612471494420e-06
210,-1.0000019962129373021216894104612471494420e-06
211,-1.0000019962129373021216894104612471494420e-06
212,-1.0000019962129373021216894104612471494420e-06
213,-1.0000019962129373021216894104612471494420e-06
214,-1.0000019962129373021216894104612471494420e-06
215,-1.0000019962129373021216894104612471494420e-06
216,-1.0000019962129373021216894104612471494420e-06
217,-1.0000019962129373021216894104612471494420e-06
218,-1.0000019962129373021216894104612471494420e-06
219,-1.0000019962129373021216894104612471494420e-06
220,-1.0000019962129373021216894104612471494420e-06
221,-1.0000019962129373021216894104612471494420e-06
222,-9.9999659567244928341865194826310059283969e-07
223,-1.0000052218871257110355829991754639252122e-06
224,-1.0000082158501078911878650820610481275708e-06
225,-1.0000019962129373021216894104612471494420e-06
226,-1.0000019962129373021216894104612471494420e-06
227,-1.0000019962129373021216894104612471494420e-06
228,-1.0000019962129373021216894104612471494420e-06
229,-1.0000019962129373021216894104612471494420e-06
230,-1.0000019962129373021216894104612471494420e-06
231,-1.0000019962129373021216894104612471494420e-06
232,-1.0000019962129373021216894104612471494420e-06
233,-1.0000019962129373021216894104612471494420e-06
234,-1.0000019962129373021216894104612471494420e-06
235,-1.0000019962129373021216894104612471494420e-06
236,-1.0000019962129373021216894104612471494420e-06
237,-1.0000019962129373021216894104612471494420e-06
238,-1.0000019962129373021216894104612471494420e-06
239,-1.0000019962129373021216894104612471494420e-06
240,-1.0000019962129373021216894104612471494420e-06
241,-1.0000019962129373021216894104612471494420e-06
242,-1.0000019962129373021216894104612471494420e-06
243,-1.0000020021497647596474787901055236716275e-06
244,-9.9999795471281289789956901042922154942971e-07
245,-1.1859179607073468132316662604353041388094e-01
246,-1.1859179605452048467117975860674050636590e-01
247,-1.1859179605452048467117975860674050636590e-01
248,-1.1859179605452048467117975860674050636590e-01
249,-1.1859179605452048467117975860674050636590e-01
250,-1.1859179605452048467117975860674050636590e-01
251,-1.1859179605452048467117975860674050636590e-01
252,-1.1859179605452048467117975860674050636590e-01
253,-1.1859179605452048467117975860674050636590e-01
254,-1.1859179605452048467117975860674050636590e-01
255,-1.1859179605452048467117975860674050636590e-01
256,-1.1859179605452048467117975860674050636590e-01
257,-1.1859179605452048467117975860674050636590e-01
258,-1.1859179605452048467117975860674050636590e-01
259,-1.1859179605452048467117975860674050636590e-01
260,-1.1859179605452048467117975860674050636590e-01
261,-1.1859179605452048467117975860674050636590e-01
262,-1.1859179605046045458127679239623830653727e-01
263,-1.1859179605703010218498150152299785986543e-01
264,-1.1859179606113562366331848352274391800165e-01
265,-1.1859179605707739768583053319161990657449e-01
266,-1.1859179606851821819901715571177192032337e-01
267,-1.1859179605452560557488084214128321036696e-01
268,-1.1859179605452048467117975860674050636590e-01
269,-1.1859179605452048467117975860674050636590e-01
270,-1.1859179605452048467117975860674050636590e-01
271,-1.1859179605452048467117975860674050636590e-01
272,-1.1859179605452048467117975860674050636590e-01
273,-1.1859179605452048467117975860674050636590e-01
274,-1.1859179605452048467117975860674050636590e-01
275,-1.1859179605452048467117975860674050636590e-01
276,-1.1859179605452048467117975860674050636590e-01
277,-1.1859179605452048467117975860674050636590e-01
278,-1.1859179605452048467117975860674050636590e-01
279,-1.1859179605452048467117975860674050636590e-01
280,-1.1859179605452048467117975860674050636590e-01
281,-1.1859179605452048467117975860674050636590e-01
282,-1.1859179605452048467117975860674050636590e-01
283,-1.1859179605452048467117975860674050636590e-01
284,-1.1859179605046045458127679239623830653727e-01
285,-1.1859179605703273896466498626978136599064e-01
286,-1.1859179605230402154703028827498201280832e-01
287,-1.1859179605182249006567474225448677316308e-01
288,-1.1859179606862546574319594583357684314251e-01
289,-1.1859179605525164979962227107534999959171e-01
290,-1.1859179605993215578241262164738145656884e-01
291,-1.1859179605452048467117975860674050636590e-01
292,-1.1859179605452048467117975860674050636590e-01
293,-1.1859179605452048467117975860674050636590e-01
294,-1.1859179605452048467117975860674050636590e-01
295,-1.1859179605452048467117975860674050636590e-01
296,-1.1859179605452048467117975860674050636590e-01
297,-1.1859179605452048467117975860674050636590e-01
298,-1.1859179605452048467117975860674050636590e-01
299,-1.1859179605452048467117975860674050636590e-01
300,-1.1859179607271454204298066770206787623465e-01
301,-1.1859179606625402936259661146323196589947e-01
302,-1.1859179604911920802301494859420927241445e-01
303,-1.1859179605452048467117975860674050636590e-01
304,-1.1859179605452048467117975860674050636590e-01
305,-1.1859179605452048467117975860674050636590e-01
306,-1.1859179605452048467117975860674050636590e-01
307,-1.1859179605452048467117975860674050636590e-01
308,-1.1859179605452048467117975860674050636590e-01
309,-1.1859179605452048467117975860674050636590e-01
310,-1.1859179605452048467117975860674050636590e-01
311,-1.1859179605452048467117975860674050636590e-01
312,-1.1859179605452048467117975860674050636590e-01
313,-1.1859179605452048467117975860674050636590e-01
314,-1.1859179605452048467117975860674050636590e-01
315,-1.1859179605452048467117975860674050636590e-01
316,-1.1859179605452048467117975860674050636590e-01
317,-1.1859179607271454204298066770206787623465e-01
318,-1.1859179606625402936259661146323196589947e-01
319,-1.1859179604911920802301494859420927241445e-01
320,-1.1859179605452048467117975860674050636590e-01
321,-1.1859179605452048467117975860674050636590e-01
322,-1.1859179605181456584883648019967949949205e-01
323,-1.1859179606862546574319594583357684314251e-01
324,-1.1859179604444400335516718314465833827853e-01
325,-1.1859179605703273896466498626978136599064e-01
326,-1.1859179605230402154703028827498201280832e-01
327,-1.1859179605452560557488084214128321036696e-01
328,-1.1859179605452048467117975860674050636590e-01
329,-1.1859179605452048467117975860674050636590e-01
330,-1.1859179605452048467117975860674050636590e-01
331,-1.1859179605452048467117975860674050636590e-01
332,-1.1859179605452048467117975860674050636590e-01
333,-1.1859179605452048467117975860674050636590e-01
334,-1.1859179605452048467117975860674050636590e-01
335,-1.1859179605452048467117975860674050636590e-01
336,-1.1859179605452048467117975860674050636590e-01
337,-1.1859179605452048467117975860674050636590e-01
338,-1.1859179605452048467117975860674050636590e-01
339,-1.1859179605452048467117975860674050636590e-01
340,-1.1859179605452048467117975860674050636590e-01
341,-1.1859179605452048467117975860674050636590e-01
342,-1.1859179605452048467117975860674050636590e-01
343,-1.1859179605452048467117975860674050636590e-01
344,-1.1859179605452048467117975860674050636590e-01
345,-1.1859179605452048467117975860674050636590e-01
346,-1.1859179605452048467117975860674050636590e-01
347,-1.1859179605452048467117975860674050636590e-01
348,-1.1859179605452048467117975860674050636590e-01
349,-1.1859179605452048467117975860674050636590e-01
350,-1.1859179605452048467117975860674050636590e-01
351,-1.1859179605452048467117975860674050636590e-01
352,-1.1859179605452048467117975860674050636590e-01
353,-1.1859179605452048467117975860674050636590e-01
354,-1.1859179605452048467117975860674050636590e-01
355,-1.1859179605046045458127679239623830653727e-01
356,-1.1859179605703273896466498626978136599064e-01
357,-1.1859179605230402154703028827498201280832e-01
358,-1.1859179605452560557488084214128321036696e-01
359,-1.1859179605452048467117975860674050636590e-01
360,-1.1859179605452048467117975860674050636590e-01
361,-1.1859179605452048467117975860674050636590e-01
362,-1.1859179605452048467117975860674050636590e-01
363,-1.1859179605452048467117975860674050636590e-01
364,-1.1859179605452048467117975860674050636590e-01
365,-1.1859179605452048467117975860674050636590e-01
366,-1.1859179605452048467117975860674050636590e-01
367,-1.1859179605452048467117975860674050636590e-01
368,-1.1859179605452048467117975860674050636590e-01
369,-1.1859179605452048467117975860674050636590e-01
370,-1.1859179605452048467117975860674050636590e-01
371,-1.1859179605452048467117975860674050636590e-01
372,-1.1859179605452048467117975860674050636590e-01
373,-1.1859179605452048467117975860674050636590e-01
374,-1.1859179605452048467117975860674050636590e-01
375,-1.1859179605452048467117975860674050636590e-01
376,-1.1859179605452048467117975860674050636590e-01
377,-1.1859179605452048467117975860674050636590e-01
378,-1.1859179605452048467117975860674050636590e-01
379,-1.1859179605452048467117975860674050636590e-01
380,-1.1859179605452048467117975860674050636590e-01
381,-1.1859179605452048467117975860674050636590e-01
382,-1.1859179605452048467117975860674050636590e-01
383,-1.1859179605452048467117975860674050636590e-01
384,-1.1859179605452048467117975860674050636590e-01
385,-1.1859179605452048467117975860674050636590e-01
386,-1.1859179605452048467117975860674050636590e-01
387,-1.1859179605452048467117975860674050636590e-01
388,-1.1859179605046045458127679239623830653727e-01
389,-1.1859179605703273896466498626978136599064e-01
390,-1.1859179605230402154703028827498201280832e-01
391,-1.1859179605452560557488084214128321036696e-01
392,-1.1859179605452048467117975860674050636590e-01
393,-1.1859179605452048467117975860674050636590e-01
394,-1.1859179605452048467117975860674050636590e-01
395,-1.1859179605452048467117975860674050636590e-01
396,-1.1859179605452048467117975860674050636590e-01
397,-1.1859179605452048467117975860674050636590e-01
398,-1.1859179605452048467117975860674050636590e-01
399,-1.1859179605452048467117975860674050636590e-01
400,-1.1859179605181721650630777276091976091266e-01
401,-1.1859179605554108494214204938543844036758e-01
402,-1.1859179605863039153046400997482123784721e-01
403,-1.1859179605452560557488084214128321036696e-01
404,-1.1859179605451784789149627385995700024068e-01
405,-1.1859179605548435254558370388622279278934e-01
406,-1.1859179604873079649784983757854206487536e-01
407,-1.1859179606533340467500181603099917992949e-01
408,-1.1859179605452048467117975860674050636590e-01
409,-1.1859179605452048467117975860674050636590e-01
410,-1.1859179605452048467117975860674050636590e-01
411,-1.1859179605452048467117975860674050636590e-01
412,-1.1859179605452048467117975860674050636590e-01
413,-1.1859179605452048467117975860674050636590e-01
414,-1.1859179605452048467117975860674050636590e-01
415,-1.1859179605452048467117975860674050636590e-01
416,-1.1859179605452048467117975860674050636590e-01
417,-1.1859179605452048467117975860674050636590e-01
418,-1.1859179605452048467117975860674050636590e-01
419,-1.1859179605452048467117975860674050636590e-01
420,-1.1859179605452048467117975860674050636590e-01
421,-1.1859179605452048467117975860674050636590e-01
422,-1.1859179605452048467117975860674050636590e-01
423,-1.1859179605452048467117975860674050636590e-01
424,-1.1859179605452048467117975860674050636590e-01
425,-1.1859179605452048467117975860674050636590e-01
426,-1.1859179605452048467117975860674050636590e-01
427,-1.1859179605452048467117975860674050636590e-01
428,-1.1859179605452048467117975860674050636590e-01
429,-1.1859179605452048467117975860674050636590e-01
430,-1.1859179605452048467117975860674050636590e-01
431,-1.1859179605452048467117975860674050636590e-01
432,-1.1859179605452048467117975860674050636590e-01
433,-1.1859179605452048467117975860674050636590e-01
434,-1.1859179605452048467117975860674050636590e-01
435,-1.1859179605452048467117975860674050636590e-01
436,-1.1859179605452048467117975860674050636590e-01
437,-1.1859179605452048467117975860674050636590e-01
438,-1.1859179605452048467117975860674050636590e-01
439,-1.1859179605452048467117975860674050636590e-01
440,-1.1859179605452048467117975860674050636590e-01
441,-1.1859179605452048467117975860674050636590e-01
442,-1.1859179605452048467117975860674050636590e-01
443,-1.1859179605452048467117975860674050636590e-01
444,-1.1859179605452048467117975860674050636590e-01
445,-1.1859179605452048467117975860674050636590e-01
446,-1.1859179605452048467117975860674050636590e-01
447,-1.1859179605452048467117975860674050636590e-01
448,-1.1859179605452048467117975860674050636590e-01
449,-1.1859179605452048467117975860674050636590e-01
450,-1.1859179605452048467117975860674050636590e-01
451,-1.1859179605452048467117975860674050636590e-01
452,-1.1859179605452048467117975860674050636590e-01
453,-1.1859179605452048467117975860674050636590e-01
454,-1.1859179605452048467117975860674050636590e-01
455,-1.1859179605452048467117975860674050636590e-01
456,-1.1859179605452048467117975860674050636590e-01
457,-1.1859179605452048467117975860674050636590e-01
458,-1.1859179605452048467117975860674050636590e-01
459,-1.1859179605452048467117975860674050636590e-01
460,-1.1859179605452048467117975860674050636590e-01
461,-1.1859179605452048467117975860674050636590e-01
462,-1.1859179605452048467117975860674050636590e-01
463,-1.1859179605452048467117975860674050636590e-01
464,-1.1859179605452048467117975860674050636590e-01
465,-1.1859179605452048467117975860674050636590e-01
466,-1.1859179605452048467117975860674050636590e-01
467,-1.1859179605451784789149627385995700024068e-01
468,-1.1859179605548435254558370388622279278934e-01
469,-1.1859179604873079649784983757854206487536e-01
470,-1.1859179606533340467500181603099917992949e-01
471,-1.1859179605452048467117975860674050636590e-01
472,-1.1859179605452048467117975860674050636590e-01
473,-1.1859179605452048467117975860674050636590e-01
474,-1.1859179605452048467117975860674050636590e-01
475,-1.1859179605452048467117975860674050636590e-01
476,-1.1859179605452048467117975860674050636590e-01
477,-1.1859179605452048467117975860674050636590e-01
478,-1.1859179605452048467117975860674050636590e-01
479,-1.1859179605452048467117975860674050636590e-01
480,-1.1859179605452048467117975860674050636590e-01
481,-1.1859179605452048467117975860674050636590e-01
482,-1.1859179605452048467117975860674050636590e-01
483,-1.1859179605452048467117975860674050636590e-01
484,-1.1859179605452048467117975860674050636590e-01
485,-1.1859179605452048467117975860674050636590e-01
486,-1.1859179605452048467117975860674050636590e-01
487,-1.1859179605452048467117975860674050636590e-01
488,-1.1859179605992439809902805336605524644256e-01
489,-1.1859179606803915696389140066457912325859e-01
490,-9.9999504620100407835132233502761778254353e-07
491,-9.9999437631483673505263659597730452333053e-07
492,-9.9999437180768590776951641740932785751284e-07
493,-9.9999437180768590776951641740932785751284e-07
494,-9.9999437180768590776951641740932785751284e-07
495,-9.9999437180768590776951641740932785751284e-07
496,-9.9999437180768590776951641740932785751284e-07
497,-9.9999437180768590776951641740932785751284e-07
498,-9.9999437180768590776951641740932785751284e-07
499,-9.9999437180768590776951641740932785751284e-07
500,-9.9999437180768590776951641740932785751284e-07
501,-9.9999437180768590776951641740932785751284e-07
502,-9.9999437180768590776951641740932785751284e-07
503,-9.9999437180768590776951641740932785751284e-07
504,-9.9999437180768590776951641740932785751284e-07
505,-9.9999437180768590776951641740932785751284e-07
506,-9.9999437180768590776951641740932785751284e-07
507,-9.9999301738711050310641232502506525747776e-07
508,-9.9998995984311823210979180975854774260370e-07
509,-9.9999422004402681867396996545638288012015e-07
510,-9.9999016776848161968998997956026286715314e-07
511,-1.0000048212854502878237615559608997273244e-06
512,-1.0000051801293820637932599493247209920810e-06
513,-9.9999437180768590776951641740932785751284e-07
514,-9.9999437180768590776951641740932785751284e-07
515,-9.9999437180768590776951641740932785751284e-07
516,-9.9999437180768590776951641740932785751284e-07
517,-9.9999437180768590776951641740932785751284e-07
518,-9.9999437180768590776951641740932785751284e-07
519,-9.9999437180768590776951641740932785751284e-07
520,-9.9999437180768590776951641740932785751284e-07
521,-9.9999437180768590776951641740932785751284e-07
522,-9.9999437180768590776951641740932785751284e-07
523,-9.9999437180768590776951641740932785751284e-07
524,-9.9999437180768590776951641740932785751284e-07
525,-9.9999437180768590776951641740932785751284e-07
526,-9.9999437180768590776951641740932785751284e-07
527,-9.9999437180768590776951641740932785751284e-07
528,-9.9999437180768590776951641740932785751284e-07
529,-9.9999301738711050310641232502506525747776e-07
530,-9.9999468594858801296298370792081655622496e-07
531,-1.0000048257926013268651185481039611602228e-06
532,-1.0000024769221703179665440217038785419845e-06
533,-9.9999292957861099249224252905055010387514e-07
534,-1.0000091440330337399340025067440151929077e-06
535,-9.9999436730053486872815942526626642461451e-07
536,-9.9999437180768590776951641740932785751284e-07
537,-9.9999437180768590776951641740932785751284e-07
538,-9.9999437180768590776951641740932785751284e-07
539,-9.9999437180768590776951641740932785751284e-07
540,-9.9999437180768590776951641740932785751284e-07
541,-9.9999437180768590776951641740932785751284e-07
542,-9.9999437180768590776951641740932785751284e-07
543,-9.9999437180768590776951641740932785751284e-07
544,-1.0000011225015949133034399293196159419495e-06
545,-9.9999865492278452861591407641039808140704e-07
546,-1.0000060881792230821081112618342601194854e-06
547,-1.0000051756222310247519029571816595591827e-06
548,-9.9999437180768590776951641740932785751284e-07
549,-9.9999437180768590776951641740932785751284e-07
550,-9.9999437180768590776951641740932785751284e-07
551,-9.9999437180768590776951641740932785751284e-07
552,-9.9999437180768590776951641740932785751284e-07
553,-9.9999437180768590776951641740932785751284e-07
554,-9.9999437180768590776951641740932785751284e-07
555,-9.9999437180768590776951641740932785751284e-07
556,-9.9999437180768590776951641740932785751284e-07
557,-9.9999437180768590776951641740932785751284e-07
558,-9.9999437180768590776951641740932785751284e-07
559,-9.9999437180768590776951641740932785751284e-07
560,-9.9999437180768590776951641740932785751284e-07
561,-1.0000011225015949133034399293196159419495e-06
562,-9.9999865492278452861591407641039808140704e-07
563,-1.0000060881792230821081112618342601194854e-06
564,-1.0000051756222310247519029571816595591827e-06
565,-9.9999437180768590776951641740932785751284e-07
566,-9.9999437180768590776951641740932785751284e-07
567,-9.9999166860047395018456367621340064033575e-07
568,-9.9999292957861099249224252905055010387514e-07
569,-1.0000077896124585470291352279348373599532e-06
570,-1.0000000968701625436577725553055628893162e-06
571,-1.0000048257926013268651185481039611602228e-06
572,-1.0000051801293820637932599493247209920810e-06
573,-9.9999437180768590776951641740932785751284e-07
574,-9.9999437180768590776951641740932785751284e-07
575,-9.9999437180768590776951641740932785751284e-07
576,-9.9999437180768590776951641740932785751284e-07
577,-9.9999437180768590776951641740932785751284e-07
578,-9.9999437180768590776951641740932785751284e-07
579,-9.9999437180768590776951641740932785751284e-07
580,-9.9999437180768590776951641740932785751284e-07
581,-9.9999437180768590776951641740932785751284e-07
582,-9.9999437180768590776951641740932785751284e-07
583,-9.9999437180768590776951641740932785751284e-07
584,-9.9999437180768590776951641740932785751284e-07
585,-9.9999437180768590776951641740932785751284e-07
586,-9.9999437180768590776951641740932785751284e-07
587,-9.9999437180768590776951641740932785751284e-07
588,-9.9999437180768590776951641740932785751284e-07
589,-9.9999437180768590776951641740932785751284e-07
590,-9.9999437180768590776951641740932785751284e-07
591,-9.9999437180768590776951641740932785751284e-07
592,-9.9999437180768590776951641740932785751284e-07
593,-9.9999437180768590776951641740932785751284e-07
594,-9.9999437180768590776951641740932785751284e-07
595,-9.9999437180768590776951641740932785751284e-07
596,-9.9999437180768590776951641740932785751284e-07
597,-9.9999437180768590776951641740932785751284e-07
598,-9.9999437180768590776951641740932785751284e-07
599,-9.9999437180768590776951641740932785751284e-07
600,-9.9999301738711050310641232502506525747776e-07
601,-9.9999468594858801296298370792081655622496e-07
602,-1.0000048257926013268651185481039611602228e-06
603,-1.0000051801293820637932599493247209920810e-06
604,-9.9999437180768590776951641740932785751284e-07
605,-9.9999437180768590776951641740932785751284e-07
606,-9.9999437180768590776951641740932785751284e-07
607,-9.9999437180768590776951641740932785751284e-07
608,-9.9999437180768590776951641740932785751284e-07
609,-9.9999437180768590776951641740932785751284e-07
610,-9.9999437180768590776951641740932785751284e-07
611,-9.9999437180768590776951641740932785751284e-07
612,-9.9999437180768590776951641740932785751284e-07
613,-9.9999437180768590776951641740932785751284e-07
614,-9.9999437180768590776951641740932785751284e-07
615,-9.9999437180768590776951641740932785751284e-07
616,-9.9999437180768590776951641740932785751284e-07
617,-9.9999437180768590776951641740932785751284e-07
618,-9.9999437180768590776951641740932785751284e-07
619,-9.9999437180768590776951641740932785751284e-07
620,-9.9999437180768590776951641740932785751284e-07
621,-9.9999437180768590776951641740932785751284e-07
622,-9.9999437180768590776951641740932785751284e-07
623,-9.9999437180768590776951641740932785751284e-07
624,-9.9999437180768590776951641740932785751284e-07
625,-9.9999437180768590776951641740932785751284e-07
626,-9.9999437180768590776951641740932785751284e-07
627,-9.9999437180768590776951641740932785751284e-07
628,-9.9999437180768590776951641740932785751284e-07
629,-9.9999437180768590776951641740932785751284e-07
630,-9.9999437180768590776951641740932785751284e-07
631,-9.9999437180768590776951641740932785751284e-07
632,-9.9999437180768590776951641740932785751284e-07
633,-9.9999301738711050310641232502506525747776e-07
634,-9.9999468594858801296298370792081655622496e-07
635,-1.0000048257926013268651185481039611602228e-06
636,-1.0000051801293820637932599493247209920810e-06
637,-9.9999437180768590776951641740932785751284e-07
638,-9.9999437180768590776951641740932785751284e-07
639,-9.9999437180768590776951641740932785751284e-07
640,-9.9999437180768590776951641740932785751284e-07
641,-9.9999437180768590776951641740932785751284e-07
642,-9.9999437180768590776951641740932785751284e-07
643,-9.9999437180768590776951641740932785751284e-07
644,-9.9999437180768590776951641740932785751284e-07
645,-9.9999436730053486872815942526626642461451e-07
646,-9.9999997797826162138491550013252862072477e-07
647,-9.9999930189476141411590668500730672008103e-07
648,-1.0000051801293820637932599493247209920810e-06
649,-9.9999436955411049412795632812533952460399e-07
650,-9.9999447971340602679527799490077910604668e-07
651,-9.9999493106062605551139117754377849678349e-07
652,-9.9999437180768590776951641740932785751284e-07
653,-9.9999437180768590776951641740932785751284e-07
654,-9.9999437180768590776951641740932785751284e-07
655,-9.9999437180768590776951641740932785751284e-07
656,-9.9999437180768590776951641740932785751284e-07
657,-9.9999437180768590776951641740932785751284e-07
658,-9.9999437180768590776951641740932785751284e-07
659,-9.9999437180768590776951641740932785751284e-07
660,-9.9999437180768590776951641740932785751284e-07
661,-9.9999437180768590776951641740932785751284e-07
662,-9.9999437180768590776951641740932785751284e-07
663,-9.9999437180768590776951641740932785751284e-07
664,-9.9999437180768590776951641740932785751284e-07
665,-9.9999437180768590776951641740932785751284e-07
666,-9.9999437180768590776951641740932785751284e-07
667,-9.9999437180768590776951641740932785751284e-07
668,-9.9999437180768590776951641740932785751284e-07
669,-9.9999437180768590776951641740932785751284e-07
670,-9.9999437180768590776951641740932785751284e-07
671,-9.9999437180768590776951641740932785751284e-07
672,-9.9999437180768590776951641740932785751284e-07
673,-9.9999437180768590776951641740932785751284e-07
674,-9.9999437180768590776951641740932785751284e-07
675,-9.9999437180768590776951641740932785751284e-07
676,-9.9999437180768590776951641740932785751284e-07
677,-9.9999437180768590776951641740932785751284e-07
678,-9.9999437180768590776951641740932785751284e-07
679,-9.9999437180768590776951641740932785751284e-07
680,-9.9999437180768590776951641740932785751284e-07
681,-9.9999437180768590776951641740932785751284e-07
682,-9.9999437180768590776951641740932785751284e-07
683,-9.9999437180768590776951641740932785751284e-07
684,-9.9999437180768590776951641740932785751284e-07
685,-9.9999437180768590776951641740932785751284e-07
686,-9.9999437180768590776951641740932785751284e-07
687,-9.9999437180768590776951641740932785751284e-07
688,-9.9999437180768590776951641740932785751284e-07
689,-9.9999437180768590776951641740932785751284e-07
690,-9.9999437180768590776951641740932785751284e-07
691,-9.9999437180768590776951641740932785751284e-07
692,-9.9999437180768590776951641740932785751284e-07
693,-9.9999437180768590776951641740932785751284e-07
694,-9.9999437180768590776951641740932785751284e-07
695,-9.9999437180768590776951641740932785751284e-07
696,-9.9999437180768590776951641740932785751284e-07
697,-9.9999437180768590776951641740932785751284e-07
698,-9.9999437180768590776951641740932785751284e-07
699,-9.9999437180768590776951641740932785751284e-07
700,-9.9999437180768590776951641740932785751284e-07
701,-9.9999437180768590776951641740932785751284e-07
702,-9.9999437180768590776951641740932785751284e-07
703,-9.9999437180768590776951641740932785751284e-07
704,-9.9999437180768590776951641740932785751284e-07
705,-9.9999437180768590776951641740932785751284e-07
706,-9.9999437180768590776951641740932785751284e-07
707,-9.9999437180768590776951641740932785751284e-07
708,-9.9999437180768590776951641740932785751284e-07
709,-9.9999437180768590776951641740932785751284e-07
710,-9.9999437180768590776951641740932785751284e-07
711,-9.9999437180768590776951641740932785751284e-07
712,-9.9999436955411049412795632812533952460399e-07
713,-9.9999447971340602679527799490077910604668e-07
714,-9.9999493106062605551139117754377849678349e-07
715,-9.9999437180768590776951641740932785751284e-07
716,-9.9999437180768590776951641740932785751284e-07
717,-9.9999437180768590776951641740932785751284e-07
718,-9.9999437180768590776951641740932785751284e-07
719,-9.9999437180768590776951641740932785751284e-07
720,-9.9999437180768590776951641740932785751284e-07
721,-9.9999437180768590776951641740932785751284e-07
722,-9.9999437180768590776951641740932785751284e-07
723,-9.9999437180768590776951641740932785751284e-07
724,-9.9999437180768590776951641740932785751284e-07
725,-9.9999437180768590776951641740932785751284e-07
726,-9.9999437180768590776951641740932785751284e-07
727,-9.9999437180768590776951641740932785751284e-07
728,-9.9999437180768590776951641740932785751284e-07
729,-9.9999437180768590776951641740932785751284e-07
730,-9.9999437180768590776951641740932785751284e-07
731,-9.9999437180768590776951641740932785751284e-07
732,-9.9999437180768590776951641740932785751284e-07
733,-9.9999707501489765359623234503017030760930e-07
734,-9.9999489133867866314973275182476086797578e-07
735,-9.9998050023196711825720136429529460997401e-07
736,-9.9999280955759905790340529019299964375023e-07
737,-9.9999280574372733377251122599549404412755e-07
738,-9.9999280574372733377251122599549404412755e-07
739,-9.9999280574372733377251122599549404412755e-07
740,-9.9999280574372733377251122599549404412755e-07
741,-9.9999280574372733377251122599549404412755e-07
742,-9.9999280574372733377251122599549404412755e-07
743,-9.9999280574372733377251122599549404412755e-07
744,-9.9999280574372733377251122599549404412755e-07
745,-9.9999280574372733377251122599549404412755e-07
746,-9.9999280574372733377251122599549404412755e-07
747,-9.9999280574372733377251122599549404412755e-07
748,-9.9999280574372733377251122599549404412755e-07
749,-9.9999280574372733377251122599549404412755e-07
750,-9.9999280574372733377251122599549404412755e-07
751,-9.9999280574372733377251122599549404412755e-07
752,-1.0000009151455632389125620373970804166674e-06
753,-1.0000037073646120636285063512649351480377e-06
754,-9.9999580981157688775102284489681991885845e-07
755,-1.0000018897176507070846370253680568396248e-06
756,-9.9998516432881599638510163735594105105520e-07
757,-9.9999280955759905790340529019299964375023e-07
758,-9.9999280574372733377251122599549404412755e-07
759,-9.9999280574372733377251122599549404412755e-07
760,-9.9999280574372733377251122599549404412755e-07
761,-9.9999280574372733377251122599549404412755e-07
762,-9.9999280574372733377251122599549404412755e-07
763,-9.9999280574372733377251122599549404412755e-07
764,-9.9999280574372733377251122599549404412755e-07
765,-9.9999280574372733377251122599549404412755e-07
766,-9.9999280574372733377251122599549404412755e-07
767,-9.9999280574372733377251122599549404412755e-07
768,-9.9999280574372733377251122599549404412755e-07
769,-9.9999280574372733377251122599549404412755e-07
770,-9.9999280574372733377251122599549404412755e-07
771,-9.9999280574372733377251122599549404412755e-07
772,-9.9999280574372733377251122599549404412755e-07
773,-9.9999280574372733377251122599549404412755e-07
774,-1.0000009151455632389125620373970804166674e-06
775,-1.0000010051841344811896427832720313233494e-06
776,-9.9998517195655944464688976575095225030054e-07
777,-9.9999010642365375619005501972580418623693e-07
778,-1.0000111138325930802277534056865526679303e-06
779,-9.9999219547048097430481071457020192383425e-07
780,-9.9999280955759905790340529019299964375023e-07
781,-9.9999280574372733377251122599549404412755e-07
782,-9.9999280574372733377251122599549404412755e-07
783,-9.9999280574372733377251122599549404412755e-07
784,-9.9999280574372733377251122599549404412755e-07
785,-9.9999280574372733377251122599549404412755e-07
786,-9.9999280574372733377251122599549404412755e-07
787,-9.9999280574372733377251122599549404412755e-07
788,-9.9999280574372733377251122599549404412755e-07
789,-9.9999551173807642858403204461081870135786e-07
790,-9.9999439750170382021820982693105506200482e-07
791,-9.9998695911601469122199740968692793785522e-07
792,-9.9999821582548966133010583112739055877682e-07
793,-9.9999280574372733377251122599549404412755e-07
794,-9.9999280574372733377251122599549404412755e-07
795,-9.9999280574372733377251122599549404412755e-07
796,-9.9999280574372733377251122599549404412755e-07
797,-9.9999280574372733377251122599549404412755e-07
798,-9.9999280574372733377251122599549404412755e-07
799,-9.9999280574372733377251122599549404412755e-07
800,-9.9999280574372733377251122599549404412755e-07
801,-9.9999280574372733377251122599549404412755e-07
802,-9.9999280574372733377251122599549404412755e-07
803,-9.9999280574372733377251122599549404412755e-07
804,-9.9999280574372733377251122599549404412755e-07
805,-9.9999280574372733377251122599549404412755e-07
806,-9.9999551173807642858403204461081870135786e-07
807,-9.9999439750170382021820982693105506200482e-07
808,-9.9998695911601469122199740968692793785522e-07
809,-9.9999821582548966133010583112739055877682e-07
810,-9.9999280574372733377251122599549404412755e-07
811,-9.9999280574372733377251122599549404412755e-07
812,-9.9999550887767263548586149646268950164085e-07
813,-1.0000111138325930802277534056865526679303e-06
814,-9.9999624874119713620486925298447289378601e-07
815,-1.0000064076381533604854492600089166387534e-06
816,-9.9998517195655944464688976575095225030054e-07
817,-9.9999280955759905790340529019299964375023e-07
818,-9.9999280574372733377251122599549404412755e-07
819,-9.9999280574372733377251122599549404412755e-07
820,-9.9999280574372733377251122599549404412755e-07
821,-9.9999280574372733377251122599549404412755e-07
822,-9.9999280574372733377251122599549404412755e-07
823,-9.9999280574372733377251122599549404412755e-07
824,-9.9999280574372733377251122599549404412755e-07
825,-9.9999280574372733377251122599549404412755e-07
826,-9.9999280574372733377251122599549404412755e-07
827,-9.9999280574372733377251122599549404412755e-07
828,-9.9999280574372733377251122599549404412755e-07
829,-9.9999280574372733377251122599549404412755e-07
830,-9.9999280574372733377251122599549404412755e-07
831,-9.9999280574372733377251122599549404412755e-07
832,-9.9999280574372733377251122599549404412755e-07
833,-9.9999280574372733377251122599549404412755e-07
834,-9.9999280574372733377251122599549404412755e-07
835,-9.9999280574372733377251122599549404412755e-07
836,-9.9999280574372733377251122599549404412755e-07
837,-9.9999280574372733377251122599549404412755e-07
838,-9.9999280574372733377251122599549404412755e-07
839,-9.9999280574372733377251122599549404412755e-07
840,-9.9999280574372733377251122599549404412755e-07
841,-9.9999280574372733377251122599549404412755e-07
842,-9.9999280574372733377251122599549404412755e-07
843,-9.9999280574372733377251122599549404412755e-07
844,-9.9999280574372733377251122599549404412755e-07
845,-1.0000009151455632389125620373970804166674e-06
846,-1.0000010051841344811896427832720313233494e-06
847,-9.9998517195655944464688976575095225030054e-07
848,-9.9999280955759905790340529019299964375023e-07
849,-9.9999280574372733377251122599549404412755e-07
850,-9.9999280574372733377251122599549404412755e-07
851,-9.9999280574372733377251122599549404412755e-07
852,-9.9999280574372733377251122599549404412755e-07
853,-9.9999280574372733377251122599549404412755e-07
854,-9.9999280574372733377251122599549404412755e-07
855,-9.9999280574372733377251122599549404412755e-07
856,-9.9999280574372733377251122599549404412755e-07
857,-9.9999280574372733377251122599549404412755e-07
858,-9.9999280574372733377251122599549404412755e-07
859,-9.9999280574372733377251122599549404412755e-07
860,-9.9999280574372733377251122599549404412755e-07
861,-9.9999280574372733377251122599549404412755e-07
862,-9.9999280574372733377251122599549404412755e-07
863,-9.9999280574372733377251122599549404412755e-07
864,-9.9999280574372733377251122599549404412755e-07
865,-9.9999280574372733377251122599549404412755e-07
866,-9.9999280574372733377251122599549404412755e-07
867,-9.9999280574372733377251122599549404412755e-07
868,-9.9999280574372733377251122599549404412755e-07
869,-9.9999280574372733377251122599549404412755e-07
870,-9.9999280574372733377251122599549404412755e-07
871,-9.9999280574372733377251122599549404412755e-07
872,-9.9999280574372733377251122599549404412755e-07
873,-9.9999280574372733377251122599549404412755e-07
874,-9.9999280574372733377251122599549404412755e-07
875,-9.9999280574372733377251122599549404412755e-07
876,-9.9999280574372733377251122599549404412755e-07
877,-9.9999280574372733377251122599549404412755e-07
878,-1.0000009151455632389125620373970804166674e-06
879,-1.0000010051841344811896427832720313233494e-06
880,-9.9998517195655944464688976575095225030054e-07
881,-9.9999280955759905790340529019299964375023e-07
882,-9.9999280574372733377251122599549404412755e-07
883,-9.9999280574372733377251122599549404412755e-07
884,-9.9999280574372733377251122599549404412755e-07
885,-9.9999280574372733377251122599549404412755e-07
886,-9.9999280574372733377251122599549404412755e-07
887,-9.9999280574372733377251122599549404412755e-07
888,-9.9999280574372733377251122599549404412755e-07
889,-9.9999280574372733377251122599549404412755e-07
890,-9.9999280669719526480523474204487044403322e-07
891,-9.9998640998624989918654344667192646056719e-07
892,-9.9999181148680063569138959378435060898482e-07
893,-9.9999821201161793719921176692988495915415e-07
894,-9.9999888588816829468298389566038864018083e-07
895,-9.9998766276497036921866619352261551512129e-07
896,-9.9999509900535691808904671662450169833392e-07
897,-9.9999821201161793719921176692988495915415e-07
898,-9.9999280574372733377251122599549404412755e-07
899,-9.9999280574372733377251122599549404412755e-07
900,-9.9999280574372733377251122599549404412755e-07
901,-9.9999280574372733377251122599549404412755e-07
902,-9.9999280574372733377251122599549404412755e-07
903,-9.9999280574372733377251122599549404412755e-07
904,-9.9999280574372733377251122599549404412755e-07
905,-9.9999280574372733377251122599549404412755e-07
906,-9.9999280574372733377251122599549404412755e-07
907,-9.9999280574372733377251122599549404412755e-07
908,-9.9999280574372733377251122599549404412755e-07
909,-9.9999280574372733377251122599549404412755e-07
910,-9.9999280574372733377251122599549404412755e-07
911,-9.9999280574372733377251122599549404412755e-07
912,-9.9999280574372733377251122599549404412755e-07
913,-9.9999280574372733377251122599549404412755e-07
914,-9.9999280574372733377251122599549404412755e-07
915,-9.9999280574372733377251122599549404412755e-07
916,-9.9999280574372733377251122599549404412755e-07
917,-9.9999280574372733377251122599549404412755e-07
918,-9.9999280574372733377251122599549404412755e-07
919,-9.9999280574372733377251122599549404412755e-07
920,-9.9999280574372733377251122599549404412755e-07
921,-9.9999280574372733377251122599549404412755e-07
922,-9.9999280574372733377251122599549404412755e-07
923,-9.9999280574372733377251122599549404412755e-07
924,-9.9999280574372733377251122599549404412755e-07
925,-9.9999280574372733377251122599549404412755e-07
926,-9.9999280574372733377251122599549404412755e-07
927,-9.9999280574372733377251122599549404412755e-07
928,-9.9999280574372733377251122599549404412755e-07
929,-9.9999280574372733377251122599549404412755e-07
930,-9.9999280574372733377251122599549404412755e-07
931,-9.9999280574372733377251122599549404412755e-07
932,-9.9999280574372733377251122599549404412755e-07
933,-9.9999280574372733377251122599549404412755e-07
934,-9.9999280574372733377251122599549404412755e-07
935,-9.9999280574372733377251122599549404412755e-07
936,-9.9999280574372733377251122599549404412755e-07
937,-9.9999280574372733377251122599549404412755e-07
938,-9.9999280574372733377251122599549404412755e-07
939,-9.9999280574372733377251122599549404412755e-07
940,-9.9999280574372733377251122599549404412755e-07
941,-9.9999280574372733377251122599549404412755e-07
942,-9.9999280574372733377251122599549404412755e-07
943,-9.9999280574372733377251122599549404412755e-07
944,-9.9999280574372733377251122599549404412755e-07
945,-9.9999280574372733377251122599549404412755e-07
946,-9.9999280574372733377251122599549404412755e-07
947,-9.9999280574372733377251122599549404412755e-07
948,-9.9999280574372733377251122599549404412755e-07
949,-9.9999280574372733377251122599549404412755e-07
950,-9.9999280574372733377251122599549404412755e-07
951,-9.9999280574372733377251122599549404412755e-07
952,-9.9999280574372733377251122599549404412755e-07
953,-9.9999280574372733377251122599549404412755e-07
954,-9.9999280574372733377251122599549404412755e-07
955,-9.9999280574372733377251122599549404412755e-07
956,-9.9999280574372733377251122599549404412755e-07
957,-9.9999888588816829468298389566038864018083e-07
958,-9.9998766276497036921866619352261551512129e-07
959,-9.9999509900535691808904671662450169833392e-07
960,-9.9999821201161793719921176692988495915415e-07
961,-9.9999280574372733377251122599549404412755e-07
962,-9.9999280574372733377251122599549404412755e-07
963,-9.9999280574372733377251122599549404412755e-07
964,-9.9999280574372733377251122599549404412755e-07
965,-9.9999280574372733377251122599549404412755e-07
966,-9.9999280574372733377251122599549404412755e-07
967,-9.9999280574372733377251122599549404412755e-07
968,-9.9999280574372733377251122599549404412755e-07
969,-9.9999280574372733377251122599549404412755e-07
970,-9.9999280574372733377251122599549404412755e-07
971,-9.9999280574372733377251122599549404412755e-07
972,-9.9999280574372733377251122599549404412755e-07
973,-9.9999280574372733377251122599549404412755e-07
974,-9.9999280574372733377251122599549404412755e-07
975,-9.9999280574372733377251122599549404412755e-07
976,-9.9999280574372733377251122599549404412755e-07
977,-9.9999280574372733377251122599549404412755e-07
978,-9.9999618561462678606780417334132238238453e-07
979,-9.9998320193571020578411114032579831700787e-07
980,-9.9998923558737708902871121202649007386754e-07
981,-9.9999613815566276601792209538510647348630e-07
982,-9.9998532765556092349846454420125851925150e-07
983,-9.9998532765556092349846454420125851925150e-07
984,-9.9998532765556092349846454420125851925150e-07
985,-9.9998532765556092349846454420125851925150e-07
986,-9.9998532765556092349846454420125851925150e-07
987,-9.9998532765556092349846454420125851925150e-07
988,-9.9998532765556092349846454420125851925150e-07
989,-9.9998532765556092349846454420125851925150e-07
990,-9.9998532765556092349846454420125851925150e-07
991,-9.9998532765556092349846454420125851925150e-07
992,-9.9998532765556092349846454420125851925150e-07
993,-9.9998532765556092349846454420125851925150e-07
994,-9.9998532765556092349846454420125851925150e-07
995,-9.9998532765556092349846454420125851925150e-07
996,-9.9998532765556092349846454420125851925150e-07
997,-9.9999883883035801966155439041150643220135e-07
998,-9.9999780806689659468664086588995942861402e-07
999,-1.0000123505902541355688665017376060006882e-06
1000,-9.9999411138192681829908910196014204530002e-07
1001,-1.0000011836177158342317148817524063986184e-06
1002,-9.9999613659539864278058378388447380302750e-07
1003,-9.9998532765556092349846454420125851925150e-07
1004,-9.9998532765556092349846454420125851925150e-07
1005,-9.9998532765556092349846454420125851925150e-07
1006,-9.9998532765556092349846454420125851925150e-07
1007,-9.9998532765556092349846454420125851925150e-07
1008,-9.9998532765556092349846454420125851925150e-07
1009,-9.9998532765556092349846454420125851925150e-07
1010,-9.9998532765556092349846454420125851925150e-07
1011,-9.9998532765556092349846454420125851925150e-07
1012,-9.9998532765556092349846454420125851925150e-07
1013,-9.9998532765556092349846454420125851925150e-07
1014,-9.9998532765556092349846454420125851925150e-07
1015,-9.9998532765556092349846454420125851925150e-07
1016,-9.9998532765556092349846454420125851925150e-07
1017,-9.9998532765556092349846454420125851925150e-07
1018,-9.9998532765556092349846454420125851925150e-07
1019,-9.9999883883035801966155439041150643220135e-07
1020,-1.0000146947925131421530415415377390786489e-06
1021,-1.0000011851779799574690531932530390690772e-06
1022,-9.9999343514057122163916392632021512554275e-07
1023,-1.0000076833386280807770092257658056666969e-06
1024,-9.9998336332150983920858278858334600158742e-07
1025,-9.9999613503513451954324547238384113256870e-07
1026,-9.9998532765556092349846454420125851925150e-07
1027,-9.9998532765556092349846454420125851925150e-07
1028,-9.9998532765556092349846454420125851925150e-07
1029,-9.9998532765556092349846454420125851925150e-07
1030,-9.9998532765556092349846454420125851925150e-07
1031,-9.9998532765556092349846454420125851925150e-07
1032,-9.9998532765556092349846454420125851925150e-07
1033,-9.9998532765556092349846454420125851925150e-07
1034,-9.9998803067065246787722271326614986719505e-07
1035,-1.0000071807629528109097457808096542919429e-06
1036,-9.9998676194901200781300996262013214277431e-07
1037,-9.9999073212547967726040575725532377759919e-07
1038,-9.9998532765556092349846454420125851925150e-07
1039,-9.9998532765556092349846454420125851925150e-07
1040,-9.9998532765556092349846454420125851925150e-07
1041,-9.9998532765556092349846454420125851925150e-07
1042,-9.9998532765556092349846454420125851925150e-07
1043,-9.9998532765556092349846454420125851925150e-07
1044,-9.9998532765556092349846454420125851925150e-07
1045,-9.9998532765556092349846454420125851925150e-07
1046,-9.9998532765556092349846454420125851925150e-07
1047,-9.9998532765556092349846454420125851925150e-07
1048,-9.9998532765556092349846454420125851925150e-07
1049,-9.9998532765556092349846454420125851925150e-07
1050,-9.9998532765556092349846454420125851925150e-07
1051,-9.9998803067065246787722271326614986719505e-07
1052,-1.0000071807629528109097457808096542919429e-06
1053,-9.9998676194901200781300996262013214277431e-07
1054,-9.9999073212547967726040575725532377759919e-07
1055,-9.9998532765556092349846454420125851925150e-07
1056,-9.9998532765556092349846454420125851925150e-07
1057,-9.9998532921582525849403966927697595679092e-07
1058,-1.0000076833386280807770092257658056666969e-06
1059,-9.9999552191607937993327644837782131048698e-07
1060,-1.0000092918828585116284386399843064907600e-06
1061,-1.0000011851779799574690531932530390690772e-06
1062,-9.9999613659539864278058378388447380302750e-07
1063,-9.9998532765556092349846454420125851925150e-07
1064,-9.9998532765556092349846454420125851925150e-07
1065,-9.9998532765556092349846454420125851925150e-07
1066,-9.9998532765556092349846454420125851925150e-07
1067,-9.9998532765556092349846454420125851925150e-07
1068,-9.9998532765556092349846454420125851925150e-07
1069,-9.9998532765556092349846454420125851925150e-07
1070,-9.9998532765556092349846454420125851925150e-07
1071,-9.9998532765556092349846454420125851925150e-07
1072,-9.9998532765556092349846454420125851925150e-07
1073,-9.9998532765556092349846454420125851925150e-07
1074,-9.9998532765556092349846454420125851925150e-07
1075,-9.9998532765556092349846454420125851925150e-07
1076,-9.9998532765556092349846454420125851925150e-07
1077,-9.9998532765556092349846454420125851925150e-07
1078,-9.9998532765556092349846454420125851925150e-07
1079,-9.9998532765556092349846454420125851925150e-07
1080,-9.9998532765556092349846454420125851925150e-07
1081,-9.9998532765556092349846454420125851925150e-07
1082,-9.9998532765556092349846454420125851925150e-07
1083,-9.9998532765556092349846454420125851925150e-07
1084,-9.9998532765556092349846454420125851925150e-07
1085,-9.9998532765556092349846454420125851925150e-07
1086,-9.9998532765556092349846454420125851925150e-07
1087,-9.9998532765556092349846454420125851925150e-07
1088,-9.9998532765556092349846454420125851925150e-07
1089,-9.9998532765556092349846454420125851925150e-07
1090,-9.9999883883035801966155439041150643220135e-07
1091,-1.0000146947925131421530415415377390786489e-06
1092,-1.0000011851779799574690531932530390690772e-06
1093,-9.9999613659539864278058378388447380302750e-07
1094,-9.9998532765556092349846454420125851925150e-07
1095,-9.9998532765556092349846454420125851925150e-07
1096,-9.9998532765556092349846454420125851925150e-07
1097,-9.9998532765556092349846454420125851925150e-07
1098,-9.9998532765556092349846454420125851925150e-07
1099,-9.9998532765556092349846454420125851925150e-07
1100,-9.9998532765556092349846454420125851925150e-07
1101,-9.9998532765556092349846454420125851925150e-07
1102,-9.9998532765556092349846454420125851925150e-07
1103,-9.9998532765556092349846454420125851925150e-07
1104,-9.9998532765556092349846454420125851925150e-07
1105,-9.9998532765556092349846454420125851925150e-07
1106,-9.9998532765556092349846454420125851925150e-07
1107,-9.9998532765556092349846454420125851925150e-07
1108,-9.9998532765556092349846454420125851925150e-07
1109,-9.9998532765556092349846454420125851925150e-07
1110,-9.9998532765556092349846454420125851925150e-07
1111,-9.9998532765556092349846454420125851925150e-07
1112,-9.9998532765556092349846454420125851925150e-07
1113,-9.9998532765556092349846454420125851925150e-07
1114,-9.9998532765556092349846454420125851925150e-07
1115,-9.9998532765556092349846454420125851925150e-07
1116,-9.9998532765556092349846454420125851925150e-07
1117,-9.9998532765556092349846454420125851925150e-07
1118,-9.9998532765556092349846454420125851925150e-07
1119,-9.9998532765556092349846454420125851925150e-07
1120,-9.9998532765556092349846454420125851925150e-07
1121,-9.9998532765556092349846454420125851925150e-07
1122,-9.9998532765556092349846454420125851925150e-07
1123,-9.9999883883035801966155439041150643220135e-07
1124,-1.0000146947925131421530415415377390786489e-06
1125,-1.0000011851779799574690531932530390690772e-06
1126,-9.9999613659539864278058378388447380302750e-07
1127,-9.9998532765556092349846454420125851925150e-07
1128,-9.9998532765556092349846454420125851925150e-07
1129,-9.9998532765556092349846454420125851925150e-07
1130,-9.9998532765556092349846454420125851925150e-07
1131,-9.9998532765556092349846454420125851925150e-07
1132,-9.9998532765556092349846454420125851925150e-07
1133,-9.9998532765556092349846454420125851925150e-07
1134,-9.9998532765556092349846454420125851925150e-07
1135,-9.9999681225165500793804988083346430016718e-07
1136,-1.0000046020155931608577697111694959630768e-06
1137,-9.9999649365293433310073693137676187348006e-07
1138,-9.9999613659539864278058378388447380302750e-07
1139,-9.9998870632690883303468881021514036433473e-07
1140,-9.9999383840455018389358279873313506413979e-07
1141,-9.9999166484495983150417551532651572188115e-07
1142,-9.9999613659539864278058378388447380302750e-07
1143,-9.9998532765556092349846454420125851925150e-07
1144,-9.9998532765556092349846454420125851925150e-07
1145,-9.9998532765556092349846454420125851925150e-07
1146,-9.9998532765556092349846454420125851925150e-07
1147,-9.9998532765556092349846454420125851925150e-07
1148,-9.9998532765556092349846454420125851925150e-07
1149,-9.9998532765556092349846454420125851925150e-07
1150,-9.9998532765556092349846454420125851925150e-07
1151,-9.9998532765556092349846454420125851925150e-07
1152,-9.9998532765556092349846454420125851925150e-07
1153,-9.9998532765556092349846454420125851925150e-07
1154,-9.9998532765556092349846454420125851925150e-07
1155,-9.9998532765556092349846454420125851925150e-07
1156,-9.9998532765556092349846454420125851925150e-07
1157,-9.9998532765556092349846454420125851925150e-07
1158,-9.9998532765556092349846454420125851925150e-07
1159,-9.9998532765556092349846454420125851925150e-07
1160,-9.9998532765556092349846454420125851925150e-07
1161,-9.9998532765556092349846454420125851925150e-07
1162,-9.9998532765556092349846454420125851925150e-07
1163,-9.9998532765556092349846454420125851925150e-07
1164,-9.9998532765556092349846454420125851925150e-07
1165,-9.9998532765556092349846454420125851925150e-07
1166,-9.9998532765556092349846454420125851925150e-07
1167,-9.9998532765556092349846454420125851925150e-07
1168,-9.9998532765556092349846454420125851925150e-07
1169,-9.9998532765556092349846454420125851925150e-07
1170,-9.9998532765556092349846454420125851925150e-07
1171,-9.9998532765556092349846454420125851925150e-07
1172,-9.9998532765556092349846454420125851925150e-07
1173,-9.9998532765556092349846454420125851925150e-07
1174,-9.9998532765556092349846454420125851925150e-07
1175,-9.9998532765556092349846454420125851925150e-07
1176,-9.9998532765556092349846454420125851925150e-07
1177,-9.9998532765556092349846454420125851925150e-07
1178,-9.9998532765556092349846454420125851925150e-07
1179,-9.9998532765556092349846454420125851925150e-07
1180,-9.9998532765556092349846454420125851925150e-07
1181,-9.9998532765556092349846454420125851925150e-07
1182,-9.9998532765556092349846454420125851925150e-07
1183,-9.9998532765556092349846454420125851925150e-07
1184,-9.9998532765556092349846454420125851925150e-07
1185,-9.9998532765556092349846454420125851925150e-07
1186,-9.9998532765556092349846454420125851925150e-07
1187,-9.9998532765556092349846454420125851925150e-07
1188,-9.9998532765556092349846454420125851925150e-07
1189,-9.9998532765556092349846454420125851925150e-07
1190,-9.9998532765556092349846454420125851925150e-07
1191,-9.9998532765556092349846454420125851925150e-07
1192,-9.9998532765556092349846454420125851925150e-07
1193,-9.9998532765556092349846454420125851925150e-07
1194,-9.9998532765556092349846454420125851925150e-07
1195,-9.9998532765556092349846454420125851925150e-07
1196,-9.9998532765556092349846454420125851925150e-07
1197,-9.9998532765556092349846454420125851925150e-07
1198,-9.9998532765556092349846454420125851925150e-07
1199,-9.9998532765556092349846454420125851925150e-07
1200,-9.9998532765556092349846454420125851925150e-07
1201,-9.9998532765556092349846454420125851925150e-07
1202,-9.9998870632690883303468881021514036433473e-07
1203,-9.9999383840455018389358279873313506413979e-07
1204,-9.9999166484495983150417551532651572188115e-07
1205,-9.9999613659539864278058378388447380302750e-07
1206,-9.9998532765556092349846454420125851925150e-07
1207,-9.9998532765556092349846454420125851925150e-07
1208,-9.9998532765556092349846454420125851925150e-07
1209,-9.9998532765556092349846454420125851925150e-07
1210,-9.9998532765556092349846454420125851925150e-07
1211,-9.9998532765556092349846454420125851925150e-07
1212,-9.9998532765556092349846454420125851925150e-07
1213,-9.9998532765556092349846454420125851925150e-07
1214,-9.9998532765556092349846454420125851925150e-07
1215,-9.9998532765556092349846454420125851925150e-07
1216,-9.9998532765556092349846454420125851925150e-07
1217,-9.9998532765556092349846454420125851925150e-07
1218,-9.9998532765556092349846454420125851925150e-07
1219,-9.9998532765556092349846454420125851925150e-07
1220,-9.9998532765556092349846454420125851925150e-07
1221,-9.9998532765556092349846454420125851925150e-07
1222,-9.9998532765556092349846454420125851925150e-07
1223,-9.9998600331181728865593064115024901639117e-07
1224,-1.0000008663842263466364117599494143462380e-06
1225,-1.0000029169749333845900168132869723081058e-06
1226,-1.0000056184982480781981567519167697355442e-06
1227,-1.0000002140105094452918795683293851084272e-06
1228,-1.0000002140105094452918795683293851084272e-06
1229,-1.0000002140105094452918795683293851084272e-06
1230,-1.0000002140105094452918795683293851084272e-06
1231,-1.0000002140105094452918795683293851084272e-06
1232,-1.0000002140105094452918795683293851084272e-06
1233,-1.0000002140105094452918795683293851084272e-06
1234,-1.0000002140105094452918795683293851084272e-06
1235,-1.0000002140105094452918795683293851084272e-06
1236,-1.0000002140105094452918795683293851084272e-06
1237,-1.0000002140105094452918795683293851084272e-06
1238,-1.0000002140105094452918795683293851084272e-06
1239,-1.0000002140105094452918795683293851084272e-06
1240,-1.0000002140105094452918795683293851084272e-06
1241,-1.0000002140105094452918795683293851084272e-06
1242,-1.0000096711434971123955107660807861691410e-06
1243,-9.9998499429247660748277474335177217312776e-07
1244,-1.0000073494975476142744303525988769365540e-06
1245,-9.9999316286892909811702141037459412586941e-07
1246,-9.9999580129590955318975940141479341605191e-07
1247,-1.0000110217724205847165692279121529395525e-06
1248,-1.0000002140105094452918795683293851084272e-06
1249,-1.0000002140105094452918795683293851084272e-06
1250,-1.0000002140105094452918795683293851084272e-06
1251,-1.0000002140105094452918795683293851084272e-06
1252,-1.0000002140105094452918795683293851084272e-06
1253,-1.0000002140105094452918795683293851084272e-06
1254,-1.0000002140105094452918795683293851084272e-06
1255,-1.0000002140105094452918795683293851084272e-06
1256,-1.0000002140105094452918795683293851084272e-06
1257,-1.0000002140105094452918795683293851084272e-06
1258,-1.0000002140105094452918795683293851084272e-06
1259,-1.0000002140105094452918795683293851084272e-06
1260,-1.0000002140105094452918795683293851084272e-06
1261,-1.0000002140105094452918795683293851084272e-06
1262,-1.0000002140105094452918795683293851084272e-06
1263,-1.0000002140105094452918795683293851084272e-06
1264,-1.0000096711434971123955107660807861691410e-06
1265,-9.9998972200568183782746177479250349051654e-07
1266,-9.9999309905204023673662080962110110249341e-07
1267,-1.0000029156475956985510858063270767104314e-06
1268,-1.0000008050354951435572921705774440681580e-06
1269,-9.9999877797335379466078970900344558003781e-07
1270,-1.0000056172846819518102920443247683124355e-06
1271,-1.0000002140105094452918795683293851084272e-06
1272,-1.0000002140105094452918795683293851084272e-06
1273,-1.0000002140105094452918795683293851084272e-06
1274,-1.0000002140105094452918795683293851084272e-06
1275,-1.0000002140105094452918795683293851084272e-06
1276,-1.0000002140105094452918795683293851084272e-06
1277,-1.0000002140105094452918795683293851084272e-06
1278,-1.0000002140105094452918795683293851084272e-06
1279,-1.0000029162543787617450181601230774219857e-06
1280,-1.0000028519056504065196143773985859581899e-06
1281,-9.9999812411659739915480420852089693539710e-07
1282,-1.0000056184982480781981567519167697355442e-06
1283,-1.0000002140105094452918795683293851084272e-06
1284,-1.0000002140105094452918795683293851084272e-06
1285,-1.0000002140105094452918795683293851084272e-06
1286,-1.0000002140105094452918795683293851084272e-06
1287,-1.0000002140105094452918795683293851084272e-06
1288,-1.0000002140105094452918795683293851084272e-06
1289,-1.0000002140105094452918795683293851084272e-06
1290,-1.0000002140105094452918795683293851084272e-06
1291,-1.0000002140105094452918795683293851084272e-06
1292,-1.0000002140105094452918795683293851084272e-06
1293,-1.0000002140105094452918795683293851084272e-06
1294,-1.0000002140105094452918795683293851084272e-06
1295,-1.0000002140105094452918795683293851084272e-06
1296,-1.0000029162543787617450181601230774219857e-06
1297,-1.0000028519056504065196143773985859581899e-06
1298,-9.9999812411659739915480420852089693539710e-07
1299,-1.0000056184982480781981567519167697355442e-06
1300,-1.0000002140105094452918795683293851084272e-06
1301,-1.0000002140105094452918795683293851084272e-06
1302,-9.9999751115985706564480862273969208331437e-07
1303,-1.0000008050354951435572921705774440681580e-06
1304,-1.0000028318321691670042452443345482038239e-06
1305,-9.9998431751794320492118459120511886339955e-07
1306,-9.9999309905204023673662080962110110249341e-07
1307,-1.0000110217724205847165692279121529395525e-06
1308,-1.0000002140105094452918795683293851084272e-06
1309,-1.0000002140105094452918795683293851084272e-06
1310,-1.0000002140105094452918795683293851084272e-06
1311,-1.0000002140105094452918795683293851084272e-06
1312,-1.0000002140105094452918795683293851084272e-06
1313,-1.0000002140105094452918795683293851084272e-06
1314,-1.0000002140105094452918795683293851084272e-06
1315,-1.0000002140105094452918795683293851084272e-06
1316,-1.0000002140105094452918795683293851084272e-06
1317,-1.0000002140105094452918795683293851084272e-06
1318,-1.0000002140105094452918795683293851084272e-06
1319,-1.0000002140105094452918795683293851084272e-06
1320,-1.0000002140105094452918795683293851084272e-06
1321,-1.0000002140105094452918795683293851084272e-06
1322,-1.0000002140105094452918795683293851084272e-06
1323,-1.0000002140105094452918795683293851084272e-06
1324,-1.0000002140105094452918795683293851084272e-06
1325,-1.0000002140105094452918795683293851084272e-06
1326,-1.0000002140105094452918795683293851084272e-06
1327,-1.0000002140105094452918795683293851084272e-06
1328,-1.0000002140105094452918795683293851084272e-06
1329,-1.0000002140105094452918795683293851084272e-06
1330,-1.0000002140105094452918795683293851084272e-06
1331,-1.0000002140105094452918795683293851084272e-06
1332,-1.0000002140105094452918795683293851084272e-06
1333,-1.0000002140105094452918795683293851084272e-06
1334,-1.0000002140105094452918795683293851084272e-06
1335,-1.0000096711434971123955107660807861691410e-06
1336,-9.9998972200568183782746177479250349051654e-07
1337,-9.9999309905204023673662080962110110249341e-07
1338,-1.0000110217724205847165692279121529395525e-06
1339,-1.0000002140105094452918795683293851084272e-06
1340,-1.0000002140105094452918795683293851084272e-06
1341,-1.0000002140105094452918795683293851084272e-06
1342,-1.0000002140105094452918795683293851084272e-06
1343,-1.0000002140105094452918795683293851084272e-06
1344,-1.0000002140105094452918795683293851084272e-06
1345,-1.0000002140105094452918795683293851084272e-06
1346,-1.0000002140105094452918795683293851084272e-06
1347,-1.0000002140105094452918795683293851084272e-06
1348,-1.0000002140105094452918795683293851084272e-06
1349,-1.0000002140105094452918795683293851084272e-06
1350,-1.0000002140105094452918795683293851084272e-06
1351,-1.0000002140105094452918795683293851084272e-06
1352,-1.0000002140105094452918795683293851084272e-06
1353,-1.0000002140105094452918795683293851084272e-06
1354,-1.0000002140105094452918795683293851084272e-06
1355,-1.0000002140105094452918795683293851084272e-06
1356,-1.0000002140105094452918795683293851084272e-06
1357,-1.0000002140105094452918795683293851084272e-06
1358,-1.0000002140105094452918795683293851084272e-06
1359,-1.0000002140105094452918795683293851084272e-06
1360,-1.0000002140105094452918795683293851084272e-06
1361,-1.0000002140105094452918795683293851084272e-06
1362,-1.0000002140105094452918795683293851084272e-06
1363,-1.0000002140105094452918795683293851084272e-06
1364,-1.0000002140105094452918795683293851084272e-06
1365,-1.0000002140105094452918795683293851084272e-06
1366,-1.0000002140105094452918795683293851084272e-06
1367,-1.0000002140105094452918795683293851084272e-06
1368,-1.0000096711434971123955107660807861691410e-06
1369,-9.9998972200568183782746177479250349051654e-07
1370,-9.9999309905204023673662080962110110249341e-07
1371,-1.0000110217724205847165692279121529395525e-06
1372,-1.0000002140105094452918795683293851084272e-06
1373,-1.0000002140105094452918795683293851084272e-06
1374,-1.0000002140105094452918795683293851084272e-06
1375,-1.0000002140105094452918795683293851084272e-06
1376,-1.0000002140105094452918795683293851084272e-06
1377,-1.0000002140105094452918795683293851084272e-06
1378,-1.0000002140105094452918795683293851084272e-06
1379,-1.0000002140105094452918795683293851084272e-06
1380,-9.9999615992415053012981780711232460134852e-07
1381,-1.0000001289426887970550371712019632752799e-06
1382,-9.9999810134961258550119912041909131517059e-07
1383,-1.0000002140105094452918795683293851084272e-06
1384,-9.9999480952277060062736557116691571422962e-07
1385,-1.0000078990933895326794845007101208977929e-06
1386,-9.9998710376776302078002077455831653196583e-07
1387,-1.0000002140105094452918795683293851084272e-06
1388,-1.0000002140105094452918795683293851084272e-06
1389,-1.0000002140105094452918795683293851084272e-06
1390,-1.0000002140105094452918795683293851084272e-06
1391,-1.0000002140105094452918795683293851084272e-06
1392,-1.0000002140105094452918795683293851084272e-06
1393,-1.0000002140105094452918795683293851084272e-06
1394,-1.0000002140105094452918795683293851084272e-06
1395,-1.0000002140105094452918795683293851084272e-06
1396,-1.0000002140105094452918795683293851084272e-06
1397,-1.0000002140105094452918795683293851084272e-06
1398,-1.0000002140105094452918795683293851084272e-06
1399,-1.0000002140105094452918795683293851084272e-06
1400,-1.0000002140105094452918795683293851084272e-06
1401,-1.0000002140105094452918795683293851084272e-06
1402,-1.0000002140105094452918795683293851084272e-06
1403,-1.0000002140105094452918795683293851084272e-06
1404,-1.0000002140105094452918795683293851084272e-06
1405,-1.0000002140105094452918795683293851084272e-06
1406,-1.0000002140105094452918795683293851084272e-06
1407,-1.0000002140105094452918795683293851084272e-06
1408,-1.0000002140105094452918795683293851084272e-06
1409,-1.0000002140105094452918795683293851084272e-06
1410,-1.0000002140105094452918795683293851084272e-06
1411,-1.0000002140105094452918795683293851084272e-06
1412,-1.0000002140105094452918795683293851084272e-06
1413,-1.0000002140105094452918795683293851084272e-06
1414,-1.0000002140105094452918795683293851084272e-06
1415,-1.0000002140105094452918795683293851084272e-06
1416,-1.0000002140105094452918795683293851084272e-06
1417,-1.0000002140105094452918795683293851084272e-06
1418,-1.0000002140105094452918795683293851084272e-06
1419,-1.0000002140105094452918795683293851084272e-06
1420,-1.0000002140105094452918795683293851084272e-06
1421,-1.0000002140105094452918795683293851084272e-06
1422,-1.0000002140105094452918795683293851084272e-06
1423,-1.0000002140105094452918795683293851084272e-06
1424,-1.0000002140105094452918795683293851084272e-06
1425,-1.0000002140105094452918795683293851084272e-06
1426,-1.0000002140105094452918795683293851084272e-06
1427,-1.0000002140105094452918795683293851084272e-06
1428,-1.0000002140105094452918795683293851084272e-06
1429,-1.0000002140105094452918795683293851084272e-06
1430,-1.0000002140105094452918795683293851084272e-06
1431,-1.0000002140105094452918795683293851084272e-06
1432,-1.0000002140105094452918795683293851084272e-06
1433,-1.0000002140105094452918795683293851084272e-06
1434,-1.0000002140105094452918795683293851084272e-06
1435,-1.0000002140105094452918795683293851084272e-06
1436,-1.0000002140105094452918795683293851084272e-06
1437,-1.0000002140105094452918795683293851084272e-06
1438,-1.0000002140105094452918795683293851084272e-06
1439,-1.0000002140105094452918795683293851084272e-06
1440,-1.0000002140105094452918795683293851084272e-06
1441,-1.0000002140105094452918795683293851084272e-06
1442,-1.0000002140105094452918795683293851084272e-06
1443,-1.0000002140105094452918795683293851084272e-06
1444,-1.0000002140105094452918795683293851084272e-06
1445,-1.0000002140105094452918795683293851084272e-06
1446,-1.0000002140105094452918795683293851084272e-06
1447,-9.9999480952277060062736557116691571422962e-07
1448,-1.0000078990933895326794845007101208977929e-06
1449,-9.9998710376776302078002077455831653196583e-07
1450,-1.0000002140105094452918795683293851084272e-06
1451,-1.0000002140105094452918795683293851084272e-06
1452,-1.0000002140105094452918795683293851084272e-06
1453,-1.0000002140105094452918795683293851084272e-06
1454,-1.0000002140105094452918795683293851084272e-06
1455,-1.0000002140105094452918795683293851084272e-06
1456,-1.0000002140105094452918795683293851084272e-06
1457,-1.0000002140105094452918795683293851084272e-06
1458,-1.0000002140105094452918795683293851084272e-06
1459,-1.0000002140105094452918795683293851084272e-06
1460,-1.0000002140105094452918795683293851084272e-06
1461,-1.0000002140105094452918795683293851084272e-06
1462,-1.0000002140105094452918795683293851084272e-06
1463,-1.0000002140105094452918795683293851084272e-06
1464,-1.0000002140105094452918795683293851084272e-06
1465,-1.0000002140105094452918795683293851084272e-06
1466,-1.0000002140105094452918795683293851084272e-06
1467,-1.0000002140105094452918795683293851084272e-06
1468,-1.0000002140105094452918795683293851084272e-06
1469,-9.9999548417356349376842929860265130059815e-07
1470,-1.0000128361100722854576438106133373651119e-06
1471,-9.9998919460072120323163111926811907892443e-07
1472,-9.9999459814828756951999872565339799734829e-07
1473,-9.9999459814828756951999872565339799734829e-07
1474,-9.9999459814828756951999872565339799734829e-07
1475,-9.9999459814828756951999872565339799734829e-07
1476,-9.9999459814828756951999872565339799734829e-07
1477,-9.9999459814828756951999872565339799734829e-07
1478,-9.9999459814828756951999872565339799734829e-07
1479,-9.9999459814828756951999872565339799734829e-07
1480,-9.9999459814828756951999872565339799734829e-07
1481,-9.9999459814828756951999872565339799734829e-07
1482,-9.9999459814828756951999872565339799734829e-07
1483,-9.9999459814828756951999872565339799734829e-07
1484,-9.9999459814828756951999872565339799734829e-07
1485,-9.9999459814828756951999872565339799734829e-07
1486,-9.9999459814828756951999872565339799734829e-07
1487,-9.9998784321268320369124286278728064303323e-07
1488,-9.9999438665405207912100296607782468072401e-07
1489,-9.9999580154928294221841188899047025984146e-07
1490,-9.9999445035086809099747571366600951137116e-07
1491,-1.0000004662816551349570565535018751290863e-06
1492,-9.9999189637450438637581492246075853813636e-07
1493,-9.9999459814828756951999872565339799734829e-07
1494,-9.9999459814828756951999872565339799734829e-07
1495,-9.9999459814828756951999872565339799734829e-07
1496,-9.9999459814828756951999872565339799734829e-07
1497,-9.9999459814828756951999872565339799734829e-07
1498,-9.9999459814828756951999872565339799734829e-07
1499,-9.9999459814828756951999872565339799734829e-07
1500,-9.9999459814828756951999872565339799734829e-07
1501,-9.9999459814828756951999872565339799734829e-07
1502,-9.9999459814828756951999872565339799734829e-07
1503,-9.9999459814828756951999872565339799734829e-07
1504,-9.9999459814828756951999872565339799734829e-07
1505,-9.9999459814828756951999872565339799734829e-07
1506,-9.9999459814828756951999872565339799734829e-07
1507,-9.9999459814828756951999872565339799734829e-07
1508,-9.9999459814828756951999872565339799734829e-07
1509,-9.9998784321268320369124286278728064303323e-07
1510,-9.9999438687076397636835801280286162295852e-07
1511,-1.0000004662816551349570565535018751290863e-06
1512,-9.9999189615779248912845987573572159590185e-07
1513,-1.0000059972817170208766231892516529455861e-06
1514,-9.9998317718472499021620508025121054629381e-07
1515,-1.0000000025627015247977865189388246847102e-06
1516,-9.9999459814828756951999872565339799734829e-07
1517,-9.9999459814828756951999872565339799734829e-07
1518,-9.9999459814828756951999872565339799734829e-07
1519,-9.9999459814828756951999872565339799734829e-07
1520,-9.9999459814828756951999872565339799734829e-07
1521,-9.9999459814828756951999872565339799734829e-07
1522,-9.9999459814828756951999872565339799734829e-07
1523,-9.9999459814828756951999872565339799734829e-07
1524,-9.9999189637450438637581492246075853813636e-07
1525,-1.0000046676560903828427651074406412590179e-06
1526,-9.9999280364356568050470275982322121421930e-07
1527,-9.9999459814828756951999872565339799734829e-07
1528,-9.9999459814828756951999872565339799734829e-07
1529,-9.9999459814828756951999872565339799734829e-07
1530,-9.9999459814828756951999872565339799734829e-07
1531,-9.9999459814828756951999872565339799734829e-07
1532,-9.9999459814828756951999872565339799734829e-07
1533,-9.9999459814828756951999872565339799734829e-07
1534,-9.9999459814828756951999872565339799734829e-07
1535,-9.9999459814828756951999872565339799734829e-07
1536,-9.9999459814828756951999872565339799734829e-07
1537,-9.9999459814828756951999872565339799734829e-07
1538,-9.9999459814828756951999872565339799734829e-07
1539,-9.9999459814828756951999872565339799734829e-07
1540,-9.9999459814828756951999872565339799734829e-07
1541,-9.9999189637450438637581492246075853813636e-07
1542,-1.0000046676560903828427651074406412590179e-06
1543,-9.9999280364356568050470275982322121421930e-07
1544,-9.9999459814828756951999872565339799734829e-07
1545,-9.9999459814828756951999872565339799734829e-07
1546,-9.9999459814828756951999872565339799734829e-07
1547,-9.9999189615779248912845987573572159590185e-07
1548,-1.0000059972817170208766231892516529455861e-06
1549,-9.9997777298702293218577233369082080116641e-07
1550,-9.9999979128517793164614580608828831032042e-07
1551,-1.0000004662816551349570565535018751290863e-06
1552,-9.9999189637450438637581492246075853813636e-07
1553,-9.9999459814828756951999872565339799734829e-07
1554,-9.9999459814828756951999872565339799734829e-07
1555,-9.9999459814828756951999872565339799734829e-07
1556,-9.9999459814828756951999872565339799734829e-07
1557,-9.9999459814828756951999872565339799734829e-07
1558,-9.9999459814828756951999872565339799734829e-07
1559,-9.9999459814828756951999872565339799734829e-07
1560,-9.9999459814828756951999872565339799734829e-07
1561,-9.9999459814828756951999872565339799734829e-07
1562,-9.9999459814828756951999872565339799734829e-07
1563,-9.9999459814828756951999872565339799734829e-07
1564,-9.9999459814828756951999872565339799734829e-07
1565,-9.9999459814828756951999872565339799734829e-07
1566,-9.9999459814828756951999872565339799734829e-07
1567,-9.9999459814828756951999872565339799734829e-07
1568,-9.9999459814828756951999872565339799734829e-07
1569,-9.9999459814828756951999872565339799734829e-07
1570,-9.9999459814828756951999872565339799734829e-07
1571,-9.9999459814828756951999872565339799734829e-07
1572,-9.9999459814828756951999872565339799734829e-07
1573,-9.9999459814828756951999872565339799734829e-07
1574,-9.9999459814828756951999872565339799734829e-07
1575,-9.9999459814828756951999872565339799734829e-07
1576,-9.9999459814828756951999872565339799734829e-07
1577,-9.9999459814828756951999872565339799734829e-07
1578,-9.9999459814828756951999872565339799734829e-07
1579,-9.9999459814828756951999872565339799734829e-07
1580,-9.9998784321268320369124286278728064303323e-07
1581,-9.9999438687076397636835801280286162295852e-07
1582,-1.0000004662816551349570565535018751290863e-06
1583,-9.9999189637450438637581492246075853813636e-07
1584,-9.9999459814828756951999872565339799734829e-07
1585,-9.9999459814828756951999872565339799734829e-07
1586,-9.9999459814828756951999872565339799734829e-07
1587,-9.9999459814828756951999872565339799734829e-07
1588,-9.9999459814828756951999872565339799734829e-07
1589,-9.9999459814828756951999872565339799734829e-07
1590,-9.9999459814828756951999872565339799734829e-07
1591,-9.9999459814828756951999872565339799734829e-07
1592,-9.9999459814828756951999872565339799734829e-07
1593,-9.9999459814828756951999872565339799734829e-07
1594,-9.9999459814828756951999872565339799734829e-07
1595,-9.9999459814828756951999872565339799734829e-07
1596,-9.9999459814828756951999872565339799734829e-07
1597,-9.9999459814828756951999872565339799734829e-07
1598,-9.9999459814828756951999872565339799734829e-07
1599,-9.9999459814828756951999872565339799734829e-07
1600,-9.9999459814828756951999872565339799734829e-07
1601,-9.9999459814828756951999872565339799734829e-07
1602,-9.9999459814828756951999872565339799734829e-07
1603,-9.9999459814828756951999872565339799734829e-07
1604,-9.9999459814828756951999872565339799734829e-07
1605,-9.9999459814828756951999872565339799734829e-07
1606,-9.9999459814828756951999872565339799734829e-07
1607,-9.9999459814828756951999872565339799734829e-07
1608,-9.9999459814828756951999872565339799734829e-07
1609,-9.9999459814828756951999872565339799734829e-07
1610,-9.9999459814828756951999872565339799734829e-07
1611,-9.9999459814828756951999872565339799734829e-07
1612,-9.9999459814828756951999872565339799734829e-07
1613,-9.9998784321268320369124286278728064303323e-07
1614,-9.9999438687076397636835801280286162295852e-07
1615,-1.0000004662816551349570565535018751290863e-06
1616,-9.9999189637450438637581492246075853813636e-07
1617,-9.9999459814828756951999872565339799734829e-07
1618,-9.9999459814828756951999872565339799734829e-07
1619,-9.9999459814828756951999872565339799734829e-07
1620,-9.9999459814828756951999872565339799734829e-07
1621,-9.9999459814828756951999872565339799734829e-07
1622,-9.9999459814828756951999872565339799734829e-07
1623,-9.9999459814828756951999872565339799734829e-07
1624,-9.9999459814828756951999872565339799734829e-07
1625,-9.9998919373387361424221093236797130998639e-07
1626,-1.0000037381370162230985942572458746724351e-06
1627,-9.9999871396399893063171478158057681184800e-07
1628,-9.9999459771486377502528863220332411287927e-07
1629,-9.9999459793157567227264367892836105511378e-07
1630,-9.9999822932392974031022472164442760345082e-07
1631,-9.9999282481470421087271088778081207237847e-07
1632,-9.9999730078891834165360271574618522549827e-07
1633,-9.9999459814828756951999872565339799734829e-07
1634,-9.9999459814828756951999872565339799734829e-07
1635,-9.9999459814828756951999872565339799734829e-07
1636,-9.9999459814828756951999872565339799734829e-07
1637,-9.9999459814828756951999872565339799734829e-07
1638,-9.9999459814828756951999872565339799734829e-07
1639,-9.9999459814828756951999872565339799734829e-07
1640,-9.9999459814828756951999872565339799734829e-07
1641,-9.9999459814828756951999872565339799734829e-07
1642,-9.9999459814828756951999872565339799734829e-07
1643,-9.9999459814828756951999872565339799734829e-07
1644,-9.9999459814828756951999872565339799734829e-07
1645,-9.9999459814828756951999872565339799734829e-07
1646,-9.9999459814828756951999872565339799734829e-07
1647,-9.9999459814828756951999872565339799734829e-07
1648,-9.9999459814828756951999872565339799734829e-07
1649,-9.9999459814828756951999872565339799734829e-07
1650,-9.9999459814828756951999872565339799734829e-07
1651,-9.9999459814828756951999872565339799734829e-07
1652,-9.9999459814828756951999872565339799734829e-07
1653,-9.9999459814828756951999872565339799734829e-07
1654,-9.9999459814828756951999872565339799734829e-07
1655,-9.9999459814828756951999872565339799734829e-07
1656,-9.9999459814828756951999872565339799734829e-07
1657,-9.9999459814828756951999872565339799734829e-07
1658,-9.9999459814828756951999872565339799734829e-07
1659,-9.9999459814828756951999872565339799734829e-07
1660,-9.9999459814828756951999872565339799734829e-07
1661,-9.9999459814828756951999872565339799734829e-07
1662,-9.9999459814828756951999872565339799734829e-07
1663,-9.9999459814828756951999872565339799734829e-07
1664,-9.9999459814828756951999872565339799734829e-07
1665,-9.9999459814828756951999872565339799734829e-07
1666,-9.9999459814828756951999872565339799734829e-07
1667,-9.9999459814828756951999872565339799734829e-07
1668,-9.9999459814828756951999872565339799734829e-07
1669,-9.9999459814828756951999872565339799734829e-07
1670,-9.9999459814828756951999872565339799734829e-07
1671,-9.9999459814828756951999872565339799734829e-07
1672,-9.9999459814828756951999872565339799734829e-07
1673,-9.9999459814828756951999872565339799734829e-07
1674,-9.9999459814828756951999872565339799734829e-07
1675,-9.9999459814828756951999872565339799734829e-07
1676,-9.9999459814828756951999872565339799734829e-07
1677,-9.9999459814828756951999872565339799734829e-07
1678,-9.9999459814828756951999872565339799734829e-07
1679,-9.9999459814828756951999872565339799734829e-07
1680,-9.9999459814828756951999872565339799734829e-07
1681,-9.9999459814828756951999872565339799734829e-07
1682,-9.9999459814828756951999872565339799734829e-07
1683,-9.9999459814828756951999872565339799734829e-07
1684,-9.9999459814828756951999872565339799734829e-07
1685,-9.9999459814828756951999872565339799734829e-07
1686,-9.9999459814828756951999872565339799734829e-07
1687,-9.9999459814828756951999872565339799734829e-07
1688,-9.9999459814828756951999872565339799734829e-07
1689,-9.9999459814828756951999872565339799734829e-07
1690,-9.9999459814828756951999872565339799734829e-07
1691,-9.9999459814828756951999872565339799734829e-07
1692,-9.9999459793157567227264367892836105511378e-07
1693,-9.9999822932392974031022472164442760345082e-07
1694,-9.9999282481470421087271088778081207237847e-07
1695,-9.9999730078891834165360271574618522549827e-07
1696,-9.9999459814828756951999872565339799734829e-07
1697,-9.9999459814828756951999872565339799734829e-07
1698,-9.9999459814828756951999872565339799734829e-07
1699,-9.9999459814828756951999872565339799734829e-07
1700,-9.9999459814828756951999872565339799734829e-07
1701,-9.9999459814828756951999872565339799734829e-07
1702,-9.9999459814828756951999872565339799734829e-07
1703,-9.9999459814828756951999872565339799734829e-07
1704,-9.9999459814828756951999872565339799734829e-07
1705,-9.9999459814828756951999872565339799734829e-07
1706,-9.9999459814828756951999872565339799734829e-07
1707,-9.9999459814828756951999872565339799734829e-07
1708,-9.9999459814828756951999872565339799734829e-07
1709,-9.9999459814828756951999872565339799734829e-07
1710,-9.9999459814828756951999872565339799734829e-07
1711,-9.9999459814828756951999872565339799734829e-07
1712,-9.9999459814828756951999872565339799734829e-07
1713,-9.9999459858171136401470881910347188181731e-07
1714,-1.0000162140045262344534337042856186883455e-06
1715,-1.0000034219253894006532472002457545556808e-06
1716,-1.0000020712042276402662212622662885053160e-06
1717,-1.0000020712042276402662212622662885053160e-06
1718,-1.0000020712042276402662212622662885053160e-06
1719,-1.0000020712042276402662212622662885053160e-06
1720,-1.0000020712042276402662212622662885053160e-06
1721,-1.0000020712042276402662212622662885053160e-06
1722,-1.0000020712042276402662212622662885053160e-06
1723,-1.0000020712042276402662212622662885053160e-06
1724,-1.0000020712042276402662212622662885053160e-06
1725,-1.0000020712042276402662212622662885053160e-06
1726,-1.0000020712042276402662212622662885053160e-06
1727,-1.0000020712042276402662212622662885053160e-06
1728,-1.0000020712042276402662212622662885053160e-06
1729,-1.0000020712042276402662212622662885053160e-06
1730,-1.0000020712042276402662212622662885053160e-06
1731,-1.0000020712042276402662212622662885053160e-06
1732,-9.9999936920928330756099238624257097285408e-07
1733,-9.9999331093221294878311926346281524047299e-07
1734,-9.9998744258710408719143143685403885001506e-07
1735,-9.9999525285297159083082191993741005830998e-07
1736,-1.0000047940531481218442684880121085200244e-06
1737,-1.0000128789239478568299374083849784256017e-06
1738,-1.0000020712042276402662212622662885053160e-06
1739,-1.0000020712042276402662212622662885053160e-06
1740,-1.0000020712042276402662212622662885053160e-06
1741,-1.0000020712042276402662212622662885053160e-06
1742,-1.0000020712042276402662212622662885053160e-06
1743,-1.0000020712042276402662212622662885053160e-06
1744,-1.0000020712042276402662212622662885053160e-06
1745,-1.0000020712042276402662212622662885053160e-06
1746,-1.0000020712042276402662212622662885053160e-06
1747,-1.0000020712042276402662212622662885053160e-06
1748,-1.0000020712042276402662212622662885053160e-06
1749,-1.0000020712042276402662212622662885053160e-06
1750,-1.0000020712042276402662212622662885053160e-06
1751,-1.0000020712042276402662212622662885053160e-06
1752,-1.0000020712042276402662212622662885053160e-06
1753,-1.0000020712042276402662212622662885053160e-06
1754,-9.9999936920928330756099238624257097285408e-07
1755,-9.9999736384336150699135917219173563807999e-07
1756,-1.0000020921882322403885208841889387088031e-06
1757,-1.0000047731991719729714501382900060377779e-06
1758,-9.9999643487012956625972597002327546533706e-07
1759,-1.0000092692404671623182576059574167004484e-06
1760,-1.0000020710091847516337625403903821563745e-06
1761,-1.0000020712042276402662212622662885053160e-06
1762,-1.0000020712042276402662212622662885053160e-06
1763,-1.0000020712042276402662212622662885053160e-06
1764,-1.0000020712042276402662212622662885053160e-06
1765,-1.0000020712042276402662212622662885053160e-06
1766,-1.0000020712042276402662212622662885053160e-06
1767,-1.0000020712042276402662212622662885053160e-06
1768,-1.0000020712042276402662212622662885053160e-06
1769,-1.0000020712042276402662212622662885053160e-06
1770,-1.0000033586319001968314079328847832073279e-06
1771,-1.0000013324282565978885295790434817320147e-06
1772,-1.0000074749990734170442202924378172212982e-06
1773,-1.0000020712042276402662212622662885053160e-06
1774,-1.0000020712042276402662212622662885053160e-06
1775,-1.0000020712042276402662212622662885053160e-06
1776,-1.0000020712042276402662212622662885053160e-06
1777,-1.0000020712042276402662212622662885053160e-06
1778,-1.0000020712042276402662212622662885053160e-06
1779,-1.0000020712042276402662212622662885053160e-06
1780,-1.0000020712042276402662212622662885053160e-06
1781,-1.0000020712042276402662212622662885053160e-06
1782,-1.0000020712042276402662212622662885053160e-06
1783,-1.0000020712042276402662212622662885053160e-06
1784,-1.0000020712042276402662212622662885053160e-06
1785,-1.0000020712042276402662212622662885053160e-06
1786,-1.0000020712042276402662212622662885053160e-06
1787,-1.0000033586319001968314079328847832073279e-06
1788,-1.0000013324282565978885295790434817320147e-06
1789,-1.0000074749990734170442202924378172212982e-06
1790,-1.0000020712042276402662212622662885053160e-06
1791,-1.0000020712042276402662212622662885053160e-06
1792,-9.9999936920928330756099238624257097285408e-07
1793,-9.9999643487012956625972597002327546533706e-07
1794,-1.0000018388681453010408519202489863175742e-06
1795,-1.0000027677032217211523356520386229817632e-06
1796,-1.0000020921882322403885208841889387088031e-06
1797,-1.0000128789239478568299374083849784256017e-06
1798,-1.0000020712042276402662212622662885053160e-06
1799,-1.0000020712042276402662212622662885053160e-06
1800,-1.0000020712042276402662212622662885053160e-06
1801,-1.0000020712042276402662212622662885053160e-06
1802,-1.0000020712042276402662212622662885053160e-06
1803,-1.0000020712042276402662212622662885053160e-06
1804,-1.0000020712042276402662212622662885053160e-06
1805,-1.0000020712042276402662212622662885053160e-06
1806,-1.0000020712042276402662212622662885053160e-06
1807,-1.0000020712042276402662212622662885053160e-06
1808,-1.0000020712042276402662212622662885053160e-06
1809,-1.0000020712042276402662212622662885053160e-06
1810,-1.0000020712042276402662212622662885053160e-06
1811,-1.0000020712042276402662212622662885053160e-06
1812,-1.0000020712042276402662212622662885053160e-06
1813,-1.0000020712042276402662212622662885053160e-06
1814,-1.0000020712042276402662212622662885053160e-06
1815,-1.0000020712042276402662212622662885053160e-06
1816,-1.0000020712042276402662212622662885053160e-06
1817,-1.0000020712042276402662212622662885053160e-06
1818,-1.0000020712042276402662212622662885053160e-06
1819,-1.0000020712042276402662212622662885053160e-06
1820,-1.0000020712042276402662212622662885053160e-06
1821,-1.0000020712042276402662212622662885053160e-06
1822,-1.0000020712042276402662212622662885053160e-06
1823,-1.0000020712042276402662212622662885053160e-06
1824,-1.0000020712042276402662212622662885053160e-06
1825,-9.9999936920928330756099238624257097285408e-07
1826,-9.9999736384336150699135917219173563807999e-07
1827,-1.0000020921882322403885208841889387088031e-06
1828,-1.0000128789239478568299374083849784256017e-06
1829,-1.0000020712042276402662212622662885053160e-06
1830,-1.0000020712042276402662212622662885053160e-06
1831,-1.0000020712042276402662212622662885053160e-06
1832,-1.0000020712042276402662212622662885053160e-06
1833,-1.0000020712042276402662212622662885053160e-06
1834,-1.0000020712042276402662212622662885053160e-06
1835,-1.0000020712042276402662212622662885053160e-06
1836,-1.0000020712042276402662212622662885053160e-06
1837,-1.0000020712042276402662212622662885053160e-06
1838,-1.0000020712042276402662212622662885053160e-06
1839,-1.0000020712042276402662212622662885053160e-06
1840,-1.0000020712042276402662212622662885053160e-06
1841,-1.0000020712042276402662212622662885053160e-06
1842,-1.0000020712042276402662212622662885053160e-06
1843,-1.0000020712042276402662212622662885053160e-06
1844,-1.0000020712042276402662212622662885053160e-06
1845,-1.0000020712042276402662212622662885053160e-06
1846,-1.0000020712042276402662212622662885053160e-06
1847,-1.0000020712042276402662212622662885053160e-06
1848,-1.0000020712042276402662212622662885053160e-06
1849,-1.0000020712042276402662212622662885053160e-06
1850,-1.0000020712042276402662212622662885053160e-06
1851,-1.0000020712042276402662212622662885053160e-06
1852,-1.0000020712042276402662212622662885053160e-06
1853,-1.0000020712042276402662212622662885053160e-06
1854,-1.0000020712042276402662212622662885053160e-06
1855,-1.0000020712042276402662212622662885053160e-06
1856,-1.0000020712042276402662212622662885053160e-06
1857,-1.0000020712042276402662212622662885053160e-06
1858,-9.9999936920928330756099238624257097285408e-07
1859,-9.9999736384336150699135917219173563807999e-07
1860,-1.0000020921882322403885208841889387088031e-06
1861,-1.0000128789239478568299374083849784256017e-06
1862,-1.0000020712042276402662212622662885053160e-06
1863,-1.0000020712042276402662212622662885053160e-06
1864,-1.0000020712042276402662212622662885053160e-06
1865,-1.0000020712042276402662212622662885053160e-06
1866,-1.0000020712042276402662212622662885053160e-06
1867,-1.0000020712042276402662212622662885053160e-06
1868,-1.0000020712042276402662212622662885053160e-06
1869,-1.0000020712042276402662212622662885053160e-06
1870,-1.0000020710741989772585031764906560169948e-06
1871,-9.9999725808073765902206885003433711744947e-07
1872,-9.9999928434939633062263509427625152170549e-07
1873,-1.0000209843886666264312253205037706038638e-06
1874,-1.0000020711392132028832438125909298776151e-06
1875,-9.9999271954569961258594158054480161013089e-07
1876,-1.0000002980985126615728116744596931653177e-06
1877,-1.0000020710741989772585031764906560169948e-06
1878,-1.0000020712042276402662212622662885053160e-06
1879,-1.0000020712042276402662212622662885053160e-06
1880,-1.0000020712042276402662212622662885053160e-06
1881,-1.0000020712042276402662212622662885053160e-06
1882,-1.0000020712042276402662212622662885053160e-06
1883,-1.0000020712042276402662212622662885053160e-06
1884,-1.0000020712042276402662212622662885053160e-06
1885,-1.0000020712042276402662212622662885053160e-06
1886,-1.0000020712042276402662212622662885053160e-06
1887,-1.0000020712042276402662212622662885053160e-06
1888,-1.0000020712042276402662212622662885053160e-06
1889,-1.0000020712042276402662212622662885053160e-06
1890,-1.0000020712042276402662212622662885053160e-06
1891,-1.0000020712042276402662212622662885053160e-06
1892,-1.0000020712042276402662212622662885053160e-06
1893,-1.0000020712042276402662212622662885053160e-06
1894,-1.0000020712042276402662212622662885053160e-06
1895,-1.0000020712042276402662212622662885053160e-06
1896,-1.0000020712042276402662212622662885053160e-06
1897,-1.0000020712042276402662212622662885053160e-06
1898,-1.0000020712042276402662212622662885053160e-06
1899,-1.0000020712042276402662212622662885053160e-06
1900,-1.0000020712042276402662212622662885053160e-06
1901,-1.0000020712042276402662212622662885053160e-06
1902,-1.0000020712042276402662212622662885053160e-06
1903,-1.0000020712042276402662212622662885053160e-06
1904,-1.0000020712042276402662212622662885053160e-06
1905,-1.0000020712042276402662212622662885053160e-06
1906,-1.0000020712042276402662212622662885053160e-06
1907,-1.0000020712042276402662212622662885053160e-06
1908,-1.0000020712042276402662212622662885053160e-06
1909,-1.0000020712042276402662212622662885053160e-06
1910,-1.0000020712042276402662212622662885053160e-06
1911,-1.0000020712042276402662212622662885053160e-06
1912,-1.0000020712042276402662212622662885053160e-06
1913,-1.0000020712042276402662212622662885053160e-06
1914,-1.0000020712042276402662212622662885053160e-06
1915,-1.0000020712042276402662212622662885053160e-06
1916,-1.0000020712042276402662212622662885053160e-06
1917,-1.0000020712042276402662212622662885053160e-06
1918,-1.0000020712042276402662212622662885053160e-06
1919,-1.0000020712042276402662212622662885053160e-06
1920,-1.0000020712042276402662212622662885053160e-06
1921,-1.0000020712042276402662212622662885053160e-06
1922,-1.0000020712042276402662212622662885053160e-06
1923,-1.0000020712042276402662212622662885053160e-06
1924,-1.0000020712042276402662212622662885053160e-06
1925,-1.0000020712042276402662212622662885053160e-06
1926,-1.0000020712042276402662212622662885053160e-06
1927,-1.0000020712042276402662212622662885053160e-06
1928,-1.0000020712042276402662212622662885053160e-06
1929,-1.0000020712042276402662212622662885053160e-06
1930,-1.0000020712042276402662212622662885053160e-06
1931,-1.0000020712042276402662212622662885053160e-06
1932,-1.0000020712042276402662212622662885053160e-06
1933,-1.0000020712042276402662212622662885053160e-06
1934,-1.0000020712042276402662212622662885053160e-06
1935,-1.0000020712042276402662212622662885053160e-06
1936,-1.0000020712042276402662212622662885053160e-06
1937,-1.0000020711392132028832438125909298776151e-06
1938,-9.9999271954569961258594158054480161013089e-07
1939,-1.0000002980985126615728116744596931653177e-06
1940,-1.0000020710741989772585031764906560169948e-06
1941,-1.0000020712042276402662212622662885053160e-06
1942,-1.0000020712042276402662212622662885053160e-06
1943,-1.0000020712042276402662212622662885053160e-06
1944,-1.0000020712042276402662212622662885053160e-06
1945,-1.0000020712042276402662212622662885053160e-06
1946,-1.0000020712042276402662212622662885053160e-06
1947,-1.0000020712042276402662212622662885053160e-06
1948,-1.0000020712042276402662212622662885053160e-06
1949,-1.0000020712042276402662212622662885053160e-06
1950,-1.0000020712042276402662212622662885053160e-06
1951,-1.0000020712042276402662212622662885053160e-06
1952,-1.0000020712042276402662212622662885053160e-06
1953,-1.0000020712042276402662212622662885053160e-06
1954,-1.0000020712042276402662212622662885053160e-06
1955,-1.0000020712042276402662212622662885053160e-06
1956,-1.0000020712042276402662212622662885053160e-06
1957,-1.0000020712042276402662212622662885053160e-06
1958,-1.0000047731341577473467095021897321771576e-06
1959,-1.0000000442772996430475804588433597075436e-06
1960,-9.9999562859371755719583955979157252613732e-07
1961,-9.9999495312151509872962851926958549597657e-07
1962,-9.9999495308900766827990298085682141504549e-07
1963,-9.9999495308900766827990298085682141504549e-07
1964,-9.9999495308900766827990298085682141504549e-07
1965,-9.9999495308900766827990298085682141504549e-07
1966,-9.9999495308900766827990298085682141504549e-07
1967,-9.9999495308900766827990298085682141504549e-07
1968,-9.9999495308900766827990298085682141504549e-07
1969,-9.9999495308900766827990298085682141504549e-07
1970,-9.9999495308900766827990298085682141504549e-07
1971,-9.9999495308900766827990298085682141504549e-07
1972,-9.9999495308900766827990298085682141504549e-07
1973,-9.9999495308900766827990298085682141504549e-07
1974,-9.9999495308900766827990298085682141504549e-07
1975,-9.9999495308900766827990298085682141504549e-07
1976,-9.9999495308900766827990298085682141504549e-07
1977,-1.0000044097811142628211972249729910799942e-06
1978,-1.0000013496058950328255554920731107415577e-06
1979,-1.0000054652627904691841688109010810592281e-06
1980,-1.0000027633685619537975020759690281124676e-06
1981,-9.9999459477551015849591288520148424368017e-07
1982,-1.0000030588746339755526655601602925571569e-06
1983,-9.9999495308900766827990298085682141504549e-07
1984,-9.9999495308900766827990298085682141504549e-07
1985,-9.9999495308900766827990298085682141504549e-07
1986,-9.9999495308900766827990298085682141504549e-07
1987,-9.9999495308900766827990298085682141504549e-07
1988,-9.9999495308900766827990298085682141504549e-07
1989,-9.9999495308900766827990298085682141504549e-07
1990,-9.9999495308900766827990298085682141504549e-07
1991,-9.9999495308900766827990298085682141504549e-07
1992,-9.9999495308900766827990298085682141504549e-07
1993,-9.9999495308900766827990298085682141504549e-07
1994,-9.9999495308900766827990298085682141504549e-07
1995,-9.9999495308900766827990298085682141504549e-07
1996,-9.9999495308900766827990298085682141504549e-07
1997,-9.9999495308900766827990298085682141504549e-07
1998,-9.9999495308900766827990298085682141504549e-07
1999,-1.0000044097811142628211972249729910799942e-06
2000,-9.9999594578493014808602285664607123294445e-07
2001,-9.9999729671850003131540474132776807891787e-07
2002,-1.0000017078923033701651689950096191239481e-06
2003,-9.9999351739436122481587739668773551215963e-07
2004,-9.9999892124783311648866194337736956754270e-07
2005,-9.9999225118936110664612411380591794340944e-07
2006,-9.9999495308900766827990298085682141504549e-07
2007,-9.9999495308900766827990298085682141504549e-07
2008,-9.9999495308900766827990298085682141504549e-07
2009,-9.9999495308900766827990298085682141504549e-07
2010,-9.9999495308900766827990298085682141504549e-07
2011,-9.9999495308900766827990298085682141504549e-07
2012,-9.9999495308900766827990298085682141504549e-07
2013,-9.9999495308900766827990298085682141504549e-07
2014,-1.0000044097811142628211972249729910799942e-06
2015,-1.0000090751460440960640121618729914132473e-06
2016,-1.0000023203210766327067712463949611390035e-06
2017,-1.0000030588421265451029400217475284762259e-06
2018,-9.9999495308900766827990298085682141504549e-07
2019,-9.9999495308900766827990298085682141504549e-07
2020,-9.9999495308900766827990298085682141504549e-07
2021,-9.9999495308900766827990298085682141504549e-07
2022,-9.9999495308900766827990298085682141504549e-07
2023,-9.9999495308900766827990298085682141504549e-07
2024,-9.9999495308900766827990298085682141504549e-07
2025,-9.9999495308900766827990298085682141504549e-07
2026,-9.9999495308900766827990298085682141504549e-07
2027,-9.9999495308900766827990298085682141504549e-07
2028,-9.9999495308900766827990298085682141504549e-07
2029,-9.9999495308900766827990298085682141504549e-07
2030,-9.9999495308900766827990298085682141504549e-07
2031,-1.0000044097811142628211972249729910799942e-06
2032,-1.0000090751460440960640121618729914132473e-06
2033,-1.0000023203210766327067712463949611390035e-06
2034,-1.0000030588421265451029400217475284762259e-06
2035,-9.9999495308900766827990298085682141504549e-07
2036,-9.9999495308900766827990298085682141504549e-07
2037,-9.9999360210667706289240641570614798183669e-07
2038,-9.9999351739436122481587739668773551215963e-07
2039,-1.0000083779399394992717193739184544654108e-06
2040,-9.9999054193145804465500149638135241048076e-07
2041,-9.9999729671850003131540474132776807891787e-07
2042,-1.0000030588746339755526655601602925571569e-06
2043,-9.9999495308900766827990298085682141504549e-07
2044,-9.9999495308900766827990298085682141504549e-07
2045,-9.9999495308900766827990298085682141504549e-07
2046,-9.9999495308900766827990298085682141504549e-07
2047,-9.9999495308900766827990298085682141504549e-07
2048,-9.9999495308900766827990298085682141504549e-07
2049,-9.9999495308900766827990298085682141504549e-07
2050,-9.9999495308900766827990298085682141504549e-07
2051,-9.9999495308900766827990298085682141504549e-07
2052,-9.9999495308900766827990298085682141504549e-07
2053,-9.9999495308900766827990298085682141504549e-07
2054,-9.9999495308900766827990298085682141504549e-07
2055,-9.9999495308900766827990298085682141504549e-07
2056,-9.9999495308900766827990298085682141504549e-07
2057,-9.9999495308900766827990298085682141504549e-07
2058,-9.9999495308900766827990298085682141504549e-07
2059,-9.9999495308900766827990298085682141504549e-07
2060,-9.9999495308900766827990298085682141504549e-07
2061,-9.9999495308900766827990298085682141504549e-07
2062,-9.9999495308900766827990298085682141504549e-07
2063,-9.9999495308900766827990298085682141504549e-07
2064,-9.9999495308900766827990298085682141504549e-07
2065,-9.9999495308900766827990298085682141504549e-07
2066,-9.9999495308900766827990298085682141504549e-07
2067,-9.9999495308900766827990298085682141504549e-07
2068,-9.9999495308900766827990298085682141504549e-07
2069,-9.9999495308900766827990298085682141504549e-07
2070,-1.0000044097811142628211972249729910799942e-06
2071,-9.9999594578493014808602285664607123294445e-07
2072,-9.9999729671850003131540474132776807891787e-07
2073,-1.0000030588746339755526655601602925571569e-06
2074,-9.9999495308900766827990298085682141504549e-07
2075,-9.9999495308900766827990298085682141504549e-07
2076,-9.9999495308900766827990298085682141504549e-07
2077,-9.9999495308900766827990298085682141504549e-07
2078,-9.9999495308900766827990298085682141504549e-07
2079,-9.9999495308900766827990298085682141504549e-07
2080,-9.9999495308900766827990298085682141504549e-07
2081,-9.9999495308900766827990298085682141504549e-07
2082,-9.9999495308900766827990298085682141504549e-07
2083,-9.9999495308900766827990298085682141504549e-07
2084,-9.9999495308900766827990298085682141504549e-07
2085,-9.9999495308900766827990298085682141504549e-07
2086,-9.9999495308900766827990298085682141504549e-07
2087,-9.9999495308900766827990298085682141504549e-07
2088,-9.9999495308900766827990298085682141504549e-07
2089,-9.9999495308900766827990298085682141504549e-07
2090,-9.9999495308900766827990298085682141504549e-07
2091,-9.9999495308900766827990298085682141504549e-07
2092,-9.9999495308900766827990298085682141504549e-07
2093,-9.9999495308900766827990298085682141504549e-07
2094,-9.9999495308900766827990298085682141504549e-07
2095,-9.9999495308900766827990298085682141504549e-07
2096,-9.9999495308900766827990298085682141504549e-07
2097,-9.9999495308900766827990298085682141504549e-07
2098,-9.9999495308900766827990298085682141504549e-07
2099,-9.9999495308900766827990298085682141504549e-07
2100,-9.9999495308900766827990298085682141504549e-07
2101,-9.9999495308900766827990298085682141504549e-07
2102,-9.9999495308900766827990298085682141504549e-07
2103,-1.0000044097811142628211972249729910799942e-06
2104,-9.9999594578493014808602285664607123294445e-07
2105,-9.9999729671850003131540474132776807891787e-07
2106,-1.0000030588746339755526655601602925571569e-06
2107,-9.9999495308900766827990298085682141504549e-07
2108,-9.9999495308900766827990298085682141504549e-07
2109,-9.9999495308900766827990298085682141504549e-07
2110,-9.9999495308900766827990298085682141504549e-07
2111,-9.9999495308900766827990298085682141504549e-07
2112,-9.9999495308900766827990298085682141504549e-07
2113,-9.9999495308900766827990298085682141504549e-07
2114,-9.9999495308900766827990298085682141504549e-07
2115,-9.9999360210667706289240641570614798183669e-07
2116,-9.9999757001324529973875724492282657251963e-07
2117,-9.9998743779475705480955152054667323113790e-07
2118,-1.0000084627064345292699488326748635813601e-06
2119,-9.9999630403883105497591082116981553440382e-07
2120,-9.9999723403026796083301920570196585913436e-07
2121,-9.9999940824596431669321356522361909924257e-07
2122,-1.0000003569316443144914105176090934889999e-06
2123,-9.9999495308900766827990298085682141504549e-07
2124,-9.9999495308900766827990298085682141504549e-07
2125,-9.9999495308900766827990298085682141504549e-07
2126,-9.9999495308900766827990298085682141504549e-07
2127,-9.9999495308900766827990298085682141504549e-07
2128,-9.9999495308900766827990298085682141504549e-07
2129,-9.9999495308900766827990298085682141504549e-07
2130,-9.9999495308900766827990298085682141504549e-07
2131,-9.9999495308900766827990298085682141504549e-07
2132,-9.9999495308900766827990298085682141504549e-07
2133,-9.9999495308900766827990298085682141504549e-07
2134,-9.9999495308900766827990298085682141504549e-07
2135,-9.9999495308900766827990298085682141504549e-07
2136,-9.9999495308900766827990298085682141504549e-07
2137,-9.9999495308900766827990298085682141504549e-07
2138,-9.9999495308900766827990298085682141504549e-07
2139,-9.9999495308900766827990298085682141504549e-07
2140,-9.9999495308900766827990298085682141504549e-07
2141,-9.9999495308900766827990298085682141504549e-07
2142,-9.9999495308900766827990298085682141504549e-07
2143,-9.9999495308900766827990298085682141504549e-07
2144,-9.9999495308900766827990298085682141504549e-07
2145,-9.9999495308900766827990298085682141504549e-07
2146,-9.9999495308900766827990298085682141504549e-07
2147,-9.9999495308900766827990298085682141504549e-07
2148,-9.9999495308900766827990298085682141504549e-07
2149,-9.9999495308900766827990298085682141504549e-07
2150,-9.9999495308900766827990298085682141504549e-07
2151,-9.9999495308900766827990298085682141504549e-07
2152,-9.9999495308900766827990298085682141504549e-07
2153,-9.9999495308900766827990298085682141504549e-07
2154,-9.9999495308900766827990298085682141504549e-07
2155,-9.9999495308900766827990298085682141504549e-07
2156,-9.9999495308900766827990298085682141504549e-07
2157,-9.9999495308900766827990298085682141504549e-07
2158,-9.9999495308900766827990298085682141504549e-07
2159,-9.9999495308900766827990298085682141504549e-07
2160,-9.9999495308900766827990298085682141504549e-07
2161,-9.9999495308900766827990298085682141504549e-07
2162,-9.9999495308900766827990298085682141504549e-07
2163,-9.9999495308900766827990298085682141504549e-07
2164,-9.9999495308900766827990298085682141504549e-07
2165,-9.9999495308900766827990298085682141504549e-07
2166,-9.9999495308900766827990298085682141504549e-07
2167,-9.9999495308900766827990298085682141504549e-07
2168,-9.9999495308900766827990298085682141504549e-07
2169,-9.9999495308900766827990298085682141504549e-07
2170,-9.9999495308900766827990298085682141504549e-07
2171,-9.9999495308900766827990298085682141504549e-07
2172,-9.9999495308900766827990298085682141504549e-07
2173,-9.9999495308900766827990298085682141504549e-07
2174,-9.9999495308900766827990298085682141504549e-07
2175,-9.9999495308900766827990298085682141504549e-07
2176,-9.9999495308900766827990298085682141504549e-07
2177,-9.9999495308900766827990298085682141504549e-07
2178,-9.9999495308900766827990298085682141504549e-07
2179,-9.9999495308900766827990298085682141504549e-07
2180,-9.9999495308900766827990298085682141504549e-07
2181,-9.9999495308900766827990298085682141504549e-07
2182,-9.9999630403883105497591082116981553440382e-07
2183,-9.9999723403026796083301920570196585913436e-07
2184,-9.9999940824596431669321356522361909924257e-07
2185,-1.0000003569316443144914105176090934889999e-06
2186,-9.9999495308900766827990298085682141504549e-07
2187,-9.9999495308900766827990298085682141504549e-07
2188,-9.9999495308900766827990298085682141504549e-07
2189,-9.9999495308900766827990298085682141504549e-07
2190,-9.9999495308900766827990298085682141504549e-07
2191,-9.9999495308900766827990298085682141504549e-07
2192,-9.9999495308900766827990298085682141504549e-07
2193,-9.9999495308900766827990298085682141504549e-07
2194,-9.9999495308900766827990298085682141504549e-07
2195,-9.9999495308900766827990298085682141504549e-07
2196,-9.9999495308900766827990298085682141504549e-07
2197,-9.9999495308900766827990298085682141504549e-07
2198,-9.9999495308900766827990298085682141504549e-07
2199,-9.9999495308900766827990298085682141504549e-07
2200,-9.9999495308900766827990298085682141504549e-07
2201,-9.9999495308900766827990298085682141504549e-07
2202,-9.9999495308900766827990298085682141504549e-07
2203,-9.9999495308900766827990298085682141504549e-07
2204,-9.9999968147569514773358861914331896514341e-07
2205,-1.0000067374269909378737761218580715194548e-06
2206,-9.9998714850014259493665019773445123973943e-07
2207,-9.9999255232110747967618283316149074835266e-07
2208,-9.9999255232110747967618283316149074835266e-07
2209,-9.9999255232110747967618283316149074835266e-07
2210,-9.9999255232110747967618283316149074835266e-07
2211,-9.9999255232110747967618283316149074835266e-07
2212,-9.9999255232110747967618283316149074835266e-07
2213,-9.9999255232110747967618283316149074835266e-07
2214,-9.9999255232110747967618283316149074835266e-07
2215,-9.9999255232110747967618283316149074835266e-07
2216,-9.9999255232110747967618283316149074835266e-07
2217,-9.9999255232110747967618283316149074835266e-07
2218,-9.9999255232110747967618283316149074835266e-07
2219,-9.9999255232110747967618283316149074835266e-07
2220,-9.9999255232110747967618283316149074835266e-07
2221,-9.9999255232110747967618283316149074835266e-07
2222,-9.9998579753406549301577958821507507991555e-07
2223,-9.9999016862040046474228993655941621909733e-07
2224,-9.9999255237528624808140964574931786046363e-07
2225,-9.9999240456536244567504502500643326357022e-07
2226,-9.9999894987281181950886186499127816773580e-07
2227,-9.9999255236445057910365900866178634487369e-07
2228,-9.9999255232110747967618283316149074835266e-07
2229,-9.9999255232110747967618283316149074835266e-07
2230,-9.9999255232110747967618283316149074835266e-07
2231,-9.9999255232110747967618283316149074835266e-07
2232,-9.9999255232110747967618283316149074835266e-07
2233,-9.9999255232110747967618283316149074835266e-07
2234,-9.9999255232110747967618283316149074835266e-07
2235,-9.9999255232110747967618283316149074835266e-07
2236,-9.9999255232110747967618283316149074835266e-07
2237,-9.9999255232110747967618283316149074835266e-07
2238,-9.9999255232110747967618283316149074835266e-07
2239,-9.9999255232110747967618283316149074835266e-07
2240,-9.9999255232110747967618283316149074835266e-07
2241,-9.9999255232110747967618283316149074835266e-07
2242,-9.9999255232110747967618283316149074835266e-07
2243,-9.9999255232110747967618283316149074835266e-07
2244,-9.9998579753406549301577958821507507991555e-07
2245,-9.9999016864207201445602802430956401735784e-07
2246,-9.9999894987281181950886186499127816773580e-07
2247,-9.9998985043229658702015460319811879230656e-07
2248,-1.0000131114105125871568480536155654192498e-06
2249,-9.9998353810760744390484337784652524305784e-07
2250,-9.9998714850014259493665019773445123973943e-07
2251,-9.9999255232110747967618283316149074835266e-07
2252,-9.9999255232110747967618283316149074835266e-07
2253,-9.9999255232110747967618283316149074835266e-07
2254,-9.9999255232110747967618283316149074835266e-07
2255,-9.9999255232110747967618283316149074835266e-07
2256,-9.9999255232110747967618283316149074835266e-07
2257,-9.9999255232110747967618283316149074835266e-07
2258,-9.9999255232110747967618283316149074835266e-07
2259,-9.9999255234277902938992092091163854661318e-07
2260,-1.0000045005796248306499966404525814311910e-06
2261,-9.9999721811405068446312102009576605610164e-07
2262,-9.9998714850014259493665019773445123973943e-07
2263,-9.9999255232110747967618283316149074835266e-07
2264,-9.9999255232110747967618283316149074835266e-07
2265,-9.9999255232110747967618283316149074835266e-07
2266,-9.9999255232110747967618283316149074835266e-07
2267,-9.9999255232110747967618283316149074835266e-07
2268,-9.9999255232110747967618283316149074835266e-07
2269,-9.9999255232110747967618283316149074835266e-07
2270,-9.9999255232110747967618283316149074835266e-07
2271,-9.9999255232110747967618283316149074835266e-07
2272,-9.9999255232110747967618283316149074835266e-07
2273,-9.9999255232110747967618283316149074835266e-07
2274,-9.9999255232110747967618283316149074835266e-07
2275,-9.9999255232110747967618283316149074835266e-07
2276,-9.9999255234277902938992092091163854661318e-07
2277,-1.0000045005796248306499966404525814311910e-06
2278,-9.9999721811405068446312102009576605610164e-07
2279,-9.9998714850014259493665019773445123973943e-07
2280,-9.9999255232110747967618283316149074835266e-07
2281,-9.9999255232110747967618283316149074835266e-07
2282,-9.9998174470084925991085565005755952938671e-07
2283,-1.0000131114105125871568480536155654192498e-06
2284,-9.9998353810760744390484337784652524305784e-07
2285,-9.9999016864207201445602802430956401735784e-07
2286,-9.9999894987281181950886186499127816773580e-07
2287,-9.9999255236445057910365900866178634487369e-07
2288,-9.9999255232110747967618283316149074835266e-07
2289,-9.9999255232110747967618283316149074835266e-07
2290,-9.9999255232110747967618283316149074835266e-07
2291,-9.9999255232110747967618283316149074835266e-07
2292,-9.9999255232110747967618283316149074835266e-07
2293,-9.9999255232110747967618283316149074835266e-07
2294,-9.9999255232110747967618283316149074835266e-07
2295,-9.9999255232110747967618283316149074835266e-07
2296,-9.9999255232110747967618283316149074835266e-07
2297,-9.9999255232110747967618283316149074835266e-07
2298,-9.9999255232110747967618283316149074835266e-07
2299,-9.9999255232110747967618283316149074835266e-07
2300,-9.9999255232110747967618283316149074835266e-07
2301,-9.9999255232110747967618283316149074835266e-07
2302,-9.9999255232110747967618283316149074835266e-07
2303,-9.9999255232110747967618283316149074835266e-07
2304,-9.9999255232110747967618283316149074835266e-07
2305,-9.9999255232110747967618283316149074835266e-07
2306,-9.9999255232110747967618283316149074835266e-07
2307,-9.9999255232110747967618283316149074835266e-07
2308,-9.9999255232110747967618283316149074835266e-07
2309,-9.9999255232110747967618283316149074835266e-07
2310,-9.9999255232110747967618283316149074835266e-07
2311,-9.9999255232110747967618283316149074835266e-07
2312,-9.9999255232110747967618283316149074835266e-07
2313,-9.9999255232110747967618283316149074835266e-07
2314,-9.9999255232110747967618283316149074835266e-07
2315,-9.9998579753406549301577958821507507991555e-07
2316,-9.9999016864207201445602802430956401735784e-07
2317,-9.9999894987281181950886186499127816773580e-07
2318,-9.9999255236445057910365900866178634487369e-07
2319,-9.9999255232110747967618283316149074835266e-07
2320,-9.9999255232110747967618283316149074835266e-07
2321,-9.9999255232110747967618283316149074835266e-07
2322,-9.9999255232110747967618283316149074835266e-07
2323,-9.9999255232110747967618283316149074835266e-07
2324,-9.9999255232110747967618283316149074835266e-07
2325,-9.9999255232110747967618283316149074835266e-07
2326,-9.9999255232110747967618283316149074835266e-07
2327,-9.9999255232110747967618283316149074835266e-07
2328,-9.9999255232110747967618283316149074835266e-07
2329,-9.9999255232110747967618283316149074835266e-07
2330,-9.9999255232110747967618283316149074835266e-07
2331,-9.9999255232110747967618283316149074835266e-07
2332,-9.9999255232110747967618283316149074835266e-07
2333,-9.9999255232110747967618283316149074835266e-07
2334,-9.9999255232110747967618283316149074835266e-07
2335,-9.9999255232110747967618283316149074835266e-07
2336,-9.9999255232110747967618283316149074835266e-07
2337,-9.9999255232110747967618283316149074835266e-07
2338,-9.9999255232110747967618283316149074835266e-07
2339,-9.9999255232110747967618283316149074835266e-07
2340,-9.9999255232110747967618283316149074835266e-07
2341,-9.9999255232110747967618283316149074835266e-07
2342,-9.9999255232110747967618283316149074835266e-07
2343,-9.9999255232110747967618283316149074835266e-07
2344,-9.9999255232110747967618283316149074835266e-07
2345,-9.9999255232110747967618283316149074835266e-07
2346,-9.9999255232110747967618283316149074835266e-07
2347,-9.9999255232110747967618283316149074835266e-07
2348,-9.9998579753406549301577958821507507991555e-07
2349,-9.9999016864207201445602802430956401735784e-07
2350,-9.9999894987281181950886186499127816773580e-07
2351,-9.9999255236445057910365900866178634487369e-07
2352,-9.9999255232110747967618283316149074835266e-07
2353,-9.9999255232110747967618283316149074835266e-07
2354,-9.9999255232110747967618283316149074835266e-07
2355,-9.9999255232110747967618283316149074835266e-07
2356,-9.9999255232110747967618283316149074835266e-07
2357,-9.9999255232110747967618283316149074835266e-07
2358,-9.9999255232110747967618283316149074835266e-07
2359,-9.9999255232110747967618283316149074835266e-07
2360,-9.9998444656798860285314579227078368717230e-07
2361,-1.0000022185415674092021781627082077648083e-06
2362,-1.0000037172308821146744610419698773284836e-06
2363,-9.9999255232110747967618283316149074835266e-07
2364,-9.9998174467917771019711756230741173112619e-07
2365,-1.0000036165248154158846378286584766215128e-06
2366,-9.9999483527240448463453952737678420703560e-07
2367,-9.9998714854348569436412637323474683626046e-07
2368,-9.9999255232110747967618283316149074835266e-07
2369,-9.9999255232110747967618283316149074835266e-07
2370,-9.9999255232110747967618283316149074835266e-07
2371,-9.9999255232110747967618283316149074835266e-07
2372,-9.9999255232110747967618283316149074835266e-07
2373,-9.9999255232110747967618283316149074835266e-07
2374,-9.9999255232110747967618283316149074835266e-07
2375,-9.9999255232110747967618283316149074835266e-07
2376,-9.9999255232110747967618283316149074835266e-07
2377,-9.9999255232110747967618283316149074835266e-07
2378,-9.9999255232110747967618283316149074835266e-07
2379,-9.9999255232110747967618283316149074835266e-07
2380,-9.9999255232110747967618283316149074835266e-07
2381,-9.9999255232110747967618283316149074835266e-07
2382,-9.9999255232110747967618283316149074835266e-07
2383,-9.9999255232110747967618283316149074835266e-07
2384,-9.9999255232110747967618283316149074835266e-07
2385,-9.9999255232110747967618283316149074835266e-07
2386,-9.9999255232110747967618283316149074835266e-07
2387,-9.9999255232110747967618283316149074835266e-07
2388,-9.9999255232110747967618283316149074835266e-07
2389,-9.9999255232110747967618283316149074835266e-07
2390,-9.9999255232110747967618283316149074835266e-07
2391,-9.9999255232110747967618283316149074835266e-07
2392,-9.9999255232110747967618283316149074835266e-07
2393,-9.9999255232110747967618283316149074835266e-07
2394,-9.9999255232110747967618283316149074835266e-07
2395,-9.9999255232110747967618283316149074835266e-07
2396,-9.9999255232110747967618283316149074835266e-07
2397,-9.9999255232110747967618283316149074835266e-07
2398,-9.9999255232110747967618283316149074835266e-07
2399,-9.9999255232110747967618283316149074835266e-07
2400,-9.9999255232110747967618283316149074835266e-07
2401,-9.9999255232110747967618283316149074835266e-07
2402,-9.9999255232110747967618283316149074835266e-07
2403,-9.9999255232110747967618283316149074835266e-07
2404,-9.9999255232110747967618283316149074835266e-07
2405,-9.9999255232110747967618283316149074835266e-07
2406,-9.9999255232110747967618283316149074835266e-07
2407,-9.9999255232110747967618283316149074835266e-07
2408,-9.9999255232110747967618283316149074835266e-07
2409,-9.9999255232110747967618283316149074835266e-07
2410,-9.9999255232110747967618283316149074835266e-07
2411,-9.9999255232110747967618283316149074835266e-07
2412,-9.9999255232110747967618283316149074835266e-07
2413,-9.9999255232110747967618283316149074835266e-07
2414,-9.9999255232110747967618283316149074835266e-07
2415,-9.9999255232110747967618283316149074835266e-07
2416,-9.9999255232110747967618283316149074835266e-07
2417,-9.9999255232110747967618283316149074835266e-07
2418,-9.9999255232110747967618283316149074835266e-07
2419,-9.9999255232110747967618283316149074835266e-07
2420,-9.9999255232110747967618283316149074835266e-07
2421,-9.9999255232110747967618283316149074835266e-07
2422,-9.9999255232110747967618283316149074835266e-07
2423,-9.9999255232110747967618283316149074835266e-07
2424,-9.9999255232110747967618283316149074835266e-07
2425,-9.9999255232110747967618283316149074835266e-07
2426,-9.9999255232110747967618283316149074835266e-07
2427,-9.9998174467917771019711756230741173112619e-07
2428,-1.0000036165248154158846378286584766215128e-06
2429,-9.9999483527240448463453952737678420703560e-07
2430,-9.9998714854348569436412637323474683626046e-07
2431,-9.9999255232110747967618283316149074835266e-07
2432,-9.9999255232110747967618283316149074835266e-07
2433,-9.9999255232110747967618283316149074835266e-07
2434,-9.9999255232110747967618283316149074835266e-07
2435,-9.9999255232110747967618283316149074835266e-07
2436,-9.9999255232110747967618283316149074835266e-07
2437,-9.9999255232110747967618283316149074835266e-07
2438,-9.9999255232110747967618283316149074835266e-07
2439,-9.9999255232110747967618283316149074835266e-07
2440,-9.9999255232110747967618283316149074835266e-07
2441,-9.9999255232110747967618283316149074835266e-07
2442,-9.9999255232110747967618283316149074835266e-07
2443,-9.9999255232110747967618283316149074835266e-07
2444,-9.9999255232110747967618283316149074835266e-07
2445,-9.9999255232110747967618283316149074835266e-07
2446,-9.9999255232110747967618283316149074835266e-07
2447,-9.9999255232110747967618283316149074835266e-07
2448,-9.9999525427493302147342532637530609918031e-07
2449,-9.9999998260744130900541052492380700300600e-07
2450,-9.9999684294890934553655219285683841690116e-07
2451,-9.9998738655173284696562729240154610010904e-07
2452,-9.9998738655173284696562729240154610010904e-07
2453,-9.9998738655173284696562729240154610010904e-07
2454,-9.9998738655173284696562729240154610010904e-07
2455,-9.9998738655173284696562729240154610010904e-07
2456,-9.9998738655173284696562729240154610010904e-07
2457,-9.9998738655173284696562729240154610010904e-07
2458,-9.9998738655173284696562729240154610010904e-07
2459,-9.9998738655173284696562729240154610010904e-07
2460,-9.9998738655173284696562729240154610010904e-07
2461,-9.9998738655173284696562729240154610010904e-07
2462,-9.9998738655173284696562729240154610010904e-07
2463,-9.9998738655173284696562729240154610010904e-07
2464,-9.9998738655173284696562729240154610010904e-07
2465,-9.9998738655173284696562729240154610010904e-07
2466,-9.9998738655173284696562729240154610010904e-07
2467,-9.9998333355931613614954716479088503433559e-07
2468,-1.0000082665200698409845242800586539999586e-06
2469,-9.9998603529420335459757668283842235723569e-07
2470,-9.9999511247235788692416455503142458383081e-07
2471,-1.0000040657616280808029545282278327533731e-06
2472,-1.0000008958763116189696548707921408549737e-06
2473,-9.9998738655173284696562729240154610010904e-07
2474,-9.9998738655173284696562729240154610010904e-07
2475,-9.9998738655173284696562729240154610010904e-07
2476,-9.9998738655173284696562729240154610010904e-07
2477,-9.9998738655173284696562729240154610010904e-07
2478,-9.9998738655173284696562729240154610010904e-07
2479,-9.9998738655173284696562729240154610010904e-07
2480,-9.9998738655173284696562729240154610010904e-07
2481,-9.9998738655173284696562729240154610010904e-07
2482,-9.9998738655173284696562729240154610010904e-07
2483,-9.9998738655173284696562729240154610010904e-07
2484,-9.9998738655173284696562729240154610010904e-07
2485,-9.9998738655173284696562729240154610010904e-07
2486,-9.9998738655173284696562729240154610010904e-07
2487,-9.9998738655173284696562729240154610010904e-07
2488,-9.9998738655173284696562729240154610010904e-07
2489,-9.9998333355931613614954716479088503433559e-07
2490,-1.0000082663900411779768061942830215116373e-06
2491,-1.0000040657616280808029545282278327533731e-06
2492,-9.9998873715911923605332428666159216845699e-07
2493,-1.0000133489011436231636400021050015141100e-06
2494,-1.0000056228504897084391478401244057749864e-06
2495,-9.9999549214648006781639647672088599961171e-07
2496,-9.9998738655173284696562729240154610010904e-07
2497,-9.9998738655173284696562729240154610010904e-07
2498,-9.9998738655173284696562729240154610010904e-07
2499,-9.9998738655173284696562729240154610010904e-07
2500,-9.9998738655173284696562729240154610010904e-07
2501,-9.9998738655173284696562729240154610010904e-07
2502,-9.9998738655173284696562729240154610010904e-07
2503,-9.9998738655173284696562729240154610010904e-07
2504,-9.9997792956942747073908941274344996941181e-07
2505,-1.0000060905458193724512335268106433261437e-06
2506,-1.0000028606556275948403882114501328715050e-06
2507,-9.9999008841664851666313808264963114424972e-07
2508,-9.9998738655173284696562729240154610010904e-07
2509,-9.9998738655173284696562729240154610010904e-07
2510,-9.9998738655173284696562729240154610010904e-07
2511,-9.9998738655173284696562729240154610010904e-07
2512,-9.9998738655173284696562729240154610010904e-07
2513,-9.9998738655173284696562729240154610010904e-07
2514,-9.9998738655173284696562729240154610010904e-07
2515,-9.9998738655173284696562729240154610010904e-07
2516,-9.9998738655173284696562729240154610010904e-07
2517,-9.9998738655173284696562729240154610010904e-07
2518,-9.9998738655173284696562729240154610010904e-07
2519,-9.9998738655173284696562729240154610010904e-07
2520,-9.9998738655173284696562729240154610010904e-07
2521,-9.9997792956942747073908941274344996941181e-07
2522,-1.0000060905458193724512335268106433261437e-06
2523,-1.0000028606556275948403882114501328715050e-06
2524,-9.9999008841664851666313808264963114424972e-07
2525,-9.9998738655173284696562729240154610010904e-07
2526,-9.9998738655173284696562729240154610010904e-07
2527,-9.9998333342928747314182907901525254601438e-07
2528,-1.0000133489011436231636400021050015141100e-06
2529,-1.0000002188606010430286900880769707100626e-06
2530,-1.0000028627902385015895026995624839116772e-06
2531,-1.0000040657616280808029545282278327533731e-06
2532,-1.0000008958763116189696548707921408549737e-06
2533,-9.9998738655173284696562729240154610010904e-07
2534,-9.9998738655173284696562729240154610010904e-07
2535,-9.9998738655173284696562729240154610010904e-07
2536,-9.9998738655173284696562729240154610010904e-07
2537,-9.9998738655173284696562729240154610010904e-07
2538,-9.9998738655173284696562729240154610010904e-07
2539,-9.9998738655173284696562729240154610010904e-07
2540,-9.9998738655173284696562729240154610010904e-07
2541,-9.9998738655173284696562729240154610010904e-07
2542,-9.9998738655173284696562729240154610010904e-07
2543,-9.9998738655173284696562729240154610010904e-07
2544,-9.9998738655173284696562729240154610010904e-07
2545,-9.9998738655173284696562729240154610010904e-07
2546,-9.9998738655173284696562729240154610010904e-07
2547,-9.9998738655173284696562729240154610010904e-07
2548,-9.9998738655173284696562729240154610010904e-07
2549,-9.9998738655173284696562729240154610010904e-07
2550,-9.9998738655173284696562729240154610010904e-07
2551,-9.9998738655173284696562729240154610010904e-07
2552,-9.9998738655173284696562729240154610010904e-07
2553,-9.9998738655173284696562729240154610010904e-07
2554,-9.9998738655173284696562729240154610010904e-07
2555,-9.9998738655173284696562729240154610010904e-07
2556,-9.9998738655173284696562729240154610010904e-07
2557,-9.9998738655173284696562729240154610010904e-07
2558,-9.9998738655173284696562729240154610010904e-07
2559,-9.9998738655173284696562729240154610010904e-07
2560,-9.9998333355931613614954716479088503433559e-07
2561,-1.0000082663900411779768061942830215116373e-06
2562,-1.0000040657616280808029545282278327533731e-06
2563,-1.0000008958763116189696548707921408549737e-06
2564,-9.9998738655173284696562729240154610010904e-07
2565,-9.9998738655173284696562729240154610010904e-07
2566,-9.9998738655173284696562729240154610010904e-07
2567,-9.9998738655173284696562729240154610010904e-07
2568,-9.9998738655173284696562729240154610010904e-07
2569,-9.9998738655173284696562729240154610010904e-07
2570,-9.9998738655173284696562729240154610010904e-07
2571,-9.9998738655173284696562729240154610010904e-07
2572,-9.9998738655173284696562729240154610010904e-07
2573,-9.9998738655173284696562729240154610010904e-07
2574,-9.9998738655173284696562729240154610010904e-07
2575,-9.9998738655173284696562729240154610010904e-07
2576,-9.9998738655173284696562729240154610010904e-07
2577,-9.9998738655173284696562729240154610010904e-07
2578,-9.9998738655173284696562729240154610010904e-07
2579,-9.9998738655173284696562729240154610010904e-07
2580,-9.9998738655173284696562729240154610010904e-07
2581,-9.9998738655173284696562729240154610010904e-07
2582,-9.9998738655173284696562729240154610010904e-07
2583,-9.9998738655173284696562729240154610010904e-07
2584,-9.9998738655173284696562729240154610010904e-07
2585,-9.9998738655173284696562729240154610010904e-07
2586,-9.9998738655173284696562729240154610010904e-07
2587,-9.9998738655173284696562729240154610010904e-07
2588,-9.9998738655173284696562729240154610010904e-07
2589,-9.9998738655173284696562729240154610010904e-07
2590,-9.9998738655173284696562729240154610010904e-07
2591,-9.9998738655173284696562729240154610010904e-07
2592,-9.9998738655173284696562729240154610010904e-07
2593,-9.9998333355931613614954716479088503433559e-07
2594,-1.0000082663900411779768061942830215116373e-06
2595,-1.0000040657616280808029545282278327533731e-06
2596,-1.0000008958763116189696548707921408549737e-06
2597,-9.9998738655173284696562729240154610010904e-07
2598,-9.9998738655173284696562729240154610010904e-07
2599,-9.9998738655173284696562729240154610010904e-07
2600,-9.9998738655173284696562729240154610010904e-07
2601,-9.9998738655173284696562729240154610010904e-07
2602,-9.9998738655173284696562729240154610010904e-07
2603,-9.9998738655173284696562729240154610010904e-07
2604,-9.9998738655173284696562729240154610010904e-07
2605,-9.9998333355931613614954716479088503433559e-07
2606,-1.0000139382207184793831646410500191279880e-06
2607,-1.0000017799586256758400185096213874658133e-06
2608,-9.9999279028156418636064887289771618839040e-07
2609,-9.9998198243181530678921464100339377978344e-07
2610,-1.0000049131960941513320127727038055809317e-06
2611,-9.9998937649761402507388088206630172294354e-07
2612,-9.9999819427145306352934343852023602039480e-07
2613,-9.9998738655173284696562729240154610010904e-07
2614,-9.9998738655173284696562729240154610010904e-07
2615,-9.9998738655173284696562729240154610010904e-07
2616,-9.9998738655173284696562729240154610010904e-07
2617,-9.9998738655173284696562729240154610010904e-07
2618,-9.9998738655173284696562729240154610010904e-07
2619,-9.9998738655173284696562729240154610010904e-07
2620,-9.9998738655173284696562729240154610010904e-07
2621,-9.9998738655173284696562729240154610010904e-07
2622,-9.9998738655173284696562729240154610010904e-07
2623,-9.9998738655173284696562729240154610010904e-07
2624,-9.9998738655173284696562729240154610010904e-07
2625,-9.9998738655173284696562729240154610010904e-07
2626,-9.9998738655173284696562729240154610010904e-07
2627,-9.9998738655173284696562729240154610010904e-07
2628,-9.9998738655173284696562729240154610010904e-07
2629,-9.9998738655173284696562729240154610010904e-07
2630,-9.9998738655173284696562729240154610010904e-07
2631,-9.9998738655173284696562729240154610010904e-07
2632,-9.9998738655173284696562729240154610010904e-07
2633,-9.9998738655173284696562729240154610010904e-07
2634,-9.9998738655173284696562729240154610010904e-07
2635,-9.9998738655173284696562729240154610010904e-07
2636,-9.9998738655173284696562729240154610010904e-07
2637,-9.9998738655173284696562729240154610010904e-07
2638,-9.9998738655173284696562729240154610010904e-07
2639,-9.9998738655173284696562729240154610010904e-07
2640,-9.9998738655173284696562729240154610010904e-07
2641,-9.9998738655173284696562729240154610010904e-07
2642,-9.9998738655173284696562729240154610010904e-07
2643,-9.9998738655173284696562729240154610010904e-07
2644,-9.9998738655173284696562729240154610010904e-07
2645,-9.9998738655173284696562729240154610010904e-07
2646,-9.9998738655173284696562729240154610010904e-07
2647,-9.9998738655173284696562729240154610010904e-07
2648,-9.9998738655173284696562729240154610010904e-07
2649,-9.9998738655173284696562729240154610010904e-07
2650,-9.9998738655173284696562729240154610010904e-07
2651,-9.9998738655173284696562729240154610010904e-07
2652,-9.9998738655173284696562729240154610010904e-07
2653,-9.9998738655173284696562729240154610010904e-07
2654,-9.9998738655173284696562729240154610010904e-07
2655,-9.9998738655173284696562729240154610010904e-07
2656,-9.9998738655173284696562729240154610010904e-07
2657,-9.9998738655173284696562729240154610010904e-07
2658,-9.9998738655173284696562729240154610010904e-07
2659,-9.9998738655173284696562729240154610010904e-07
2660,-9.9998738655173284696562729240154610010904e-07
2661,-9.9998738655173284696562729240154610010904e-07
2662,-9.9998738655173284696562729240154610010904e-07
2663,-9.9998738655173284696562729240154610010904e-07
2664,-9.9998738655173284696562729240154610010904e-07
2665,-9.9998738655173284696562729240154610010904e-07
2666,-9.9998738655173284696562729240154610010904e-07
2667,-9.9998738655173284696562729240154610010904e-07
2668,-9.9998738655173284696562729240154610010904e-07
2669,-9.9998738655173284696562729240154610010904e-07
2670,-9.9998738655173284696562729240154610010904e-07
2671,-9.9998738655173284696562729240154610010904e-07
2672,-9.9998198243181530678921464100339377978344e-07
2673,-1.0000049131960941513320127727038055809317e-06
2674,-9.9998937649761402507388088206630172294354e-07
2675,-9.9999819427145306352934343852023602039480e-07
2676,-9.9998738655173284696562729240154610010904e-07
2677,-9.9998738655173284696562729240154610010904e-07
2678,-9.9998738655173284696562729240154610010904e-07
2679,-9.9998738655173284696562729240154610010904e-07
2680,-9.9998738655173284696562729240154610010904e-07
2681,-9.9998738655173284696562729240154610010904e-07
2682,-9.9998738655173284696562729240154610010904e-07
2683,-9.9998738655173284696562729240154610010904e-07
2684,-9.9998738655173284696562729240154610010904e-07
2685,-9.9998738655173284696562729240154610010904e-07
2686,-9.9998738655173284696562729240154610010904e-07
2687,-9.9998738655173284696562729240154610010904e-07
2688,-9.9998738655173284696562729240154610010904e-07
2689,-9.9998738655173284696562729240154610010904e-07
2690,-9.9998738655173284696562729240154610010904e-07
2691,-9.9998738655173284696562729240154610010904e-07
2692,-9.9998738655173284696562729240154610010904e-07
2693,-9.9998198230178685553973336880284605854285e-07
2694,-1.0000002206051257489964135052873395181905e-06
2695,-1.0000083287192413931065114451879338730578e-06
2696,-1.0000046554737489214826967262594870078374e-06
2697,-1.0000046554737489214826967262594870078374e-06
2698,-1.0000046554737489214826967262594870078374e-06
2699,-1.0000046554737489214826967262594870078374e-06
2700,-1.0000046554737489214826967262594870078374e-06
2701,-1.0000046554737489214826967262594870078374e-06
2702,-1.0000046554737489214826967262594870078374e-06
2703,-1.0000046554737489214826967262594870078374e-06
2704,-1.0000046554737489214826967262594870078374e-06
2705,-1.0000046554737489214826967262594870078374e-06
2706,-1.0000046554737489214826967262594870078374e-06
2707,-1.0000046554737489214826967262594870078374e-06
2708,-1.0000046554737489214826967262594870078374e-06
2709,-1.0000046554737489214826967262594870078374e-06
2710,-1.0000046554737489214826967262594870078374e-06
2711,-1.0000046554737489214826967262594870078374e-06
2712,-1.0000120852432969382637614752518118166336e-06
2713,-1.0000013681541661841092319060186888179942e-06
2714,-9.9999766871721452593795454594216565169518e-07
2715,-9.9999091330755292458527892091035838006974e-07
2716,-9.9999528840466259342731249887270550402718e-07
2717,-9.9999925192618255519432911987420808941351e-07
2718,-1.0000046554737489214826967262594870078374e-06
2719,-1.0000046554737489214826967262594870078374e-06
2720,-1.0000046554737489214826967262594870078374e-06
2721,-1.0000046554737489214826967262594870078374e-06
2722,-1.0000046554737489214826967262594870078374e-06
2723,-1.0000046554737489214826967262594870078374e-06
2724,-1.0000046554737489214826967262594870078374e-06
2725,-1.0000046554737489214826967262594870078374e-06
2726,-1.0000046554737489214826967262594870078374e-06
2727,-1.0000046554737489214826967262594870078374e-06
2728,-1.0000046554737489214826967262594870078374e-06
2729,-1.0000046554737489214826967262594870078374e-06
2730,-1.0000046554737489214826967262594870078374e-06
2731,-1.0000046554737489214826967262594870078374e-06
2732,-1.0000046554737489214826967262594870078374e-06
2733,-1.0000046554737489214826967262594870078374e-06
2734,-1.0000120852432969382637614752518118166336e-06
2735,-1.0000027182825662411946995508649216333197e-06
2736,-9.9999258663087941028312869568006604481525e-07
2737,-9.9999654971897536579719840965640997865194e-07
2738,-9.9999713808671431171512175573035108300246e-07
2739,-1.0000140260149107564852620499973312462316e-06
2740,-9.9999925192618255519432911987420808941351e-07
2741,-1.0000046554737489214826967262594870078374e-06
2742,-1.0000046554737489214826967262594870078374e-06
2743,-1.0000046554737489214826967262594870078374e-06
2744,-1.0000046554737489214826967262594870078374e-06
2745,-1.0000046554737489214826967262594870078374e-06
2746,-1.0000046554737489214826967262594870078374e-06
2747,-1.0000046554737489214826967262594870078374e-06
2748,-1.0000046554737489214826967262594870078374e-06
2749,-1.0000033043701454326632497779381303359969e-06
2750,-9.9999393480418702939466375767540995411764e-07
2751,-1.0000128488460090701547052643993751530616e-06
2752,-1.0000046554737489214826967262594870078374e-06
2753,-1.0000046554737489214826967262594870078374e-06
2754,-1.0000046554737489214826967262594870078374e-06
2755,-1.0000046554737489214826967262594870078374e-06
2756,-1.0000046554737489214826967262594870078374e-06
2757,-1.0000046554737489214826967262594870078374e-06
2758,-1.0000046554737489214826967262594870078374e-06
2759,-1.0000046554737489214826967262594870078374e-06
2760,-1.0000046554737489214826967262594870078374e-06
2761,-1.0000046554737489214826967262594870078374e-06
2762,-1.0000046554737489214826967262594870078374e-06
2763,-1.0000046554737489214826967262594870078374e-06
2764,-1.0000046554737489214826967262594870078374e-06
2765,-1.0000046554737489214826967262594870078374e-06
2766,-1.0000033043701454326632497779381303359969e-06
2767,-9.9999393480418702939466375767540995411764e-07
2768,-1.0000128488460090701547052643993751530616e-06
2769,-1.0000046554737489214826967262594870078374e-06
2770,-1.0000046554737489214826967262594870078374e-06
2771,-1.0000046554737489214826967262594870078374e-06
2772,-1.0000019532665419438438028296167736641564e-06
2773,-9.9999713808671431171512175573035108300246e-07
2774,-1.0000160531037397842091425659294401384614e-06
2775,-1.0000027187159900356894096443149955177887e-06
2776,-9.9999258663087941028312869568006604481525e-07
2777,-9.9999925192618255519432911987420808941351e-07
2778,-1.0000046554737489214826967262594870078374e-06
2779,-1.0000046554737489214826967262594870078374e-06
2780,-1.0000046554737489214826967262594870078374e-06
2781,-1.0000046554737489214826967262594870078374e-06
2782,-1.0000046554737489214826967262594870078374e-06
2783,-1.0000046554737489214826967262594870078374e-06
2784,-1.0000046554737489214826967262594870078374e-06
2785,-1.0000046554737489214826967262594870078374e-06
2786,-1.0000046554737489214826967262594870078374e-06
2787,-1.0000046554737489214826967262594870078374e-06
2788,-1.0000046554737489214826967262594870078374e-06
2789,-1.0000046554737489214826967262594870078374e-06
2790,-1.0000046554737489214826967262594870078374e-06
2791,-1.0000046554737489214826967262594870078374e-06
2792,-1.0000046554737489214826967262594870078374e-06
2793,-1.0000046554737489214826967262594870078374e-06
2794,-1.0000046554737489214826967262594870078374e-06
2795,-1.0000046554737489214826967262594870078374e-06
2796,-1.0000046554737489214826967262594870078374e-06
2797,-1.0000046554737489214826967262594870078374e-06
2798,-1.0000046554737489214826967262594870078374e-06
2799,-1.0000046554737489214826967262594870078374e-06
2800,-1.0000046554737489214826967262594870078374e-06
2801,-1.0000046554737489214826967262594870078374e-06
2802,-1.0000046554737489214826967262594870078374e-06
2803,-1.0000046554737489214826967262594870078374e-06
2804,-1.0000046554737489214826967262594870078374e-06
2805,-1.0000120852432969382637614752518118166336e-06
2806,-1.0000027182825662411946995508649216333197e-06
2807,-9.9999258663087941028312869568006604481525e-07
2808,-9.9999925192618255519432911987420808941351e-07
2809,-1.0000046554737489214826967262594870078374e-06
2810,-1.0000046554737489214826967262594870078374e-06
2811,-1.0000046554737489214826967262594870078374e-06
2812,-1.0000046554737489214826967262594870078374e-06
2813,-1.0000046554737489214826967262594870078374e-06
2814,-1.0000046554737489214826967262594870078374e-06
2815,-1.0000046554737489214826967262594870078374e-06
2816,-1.0000046554737489214826967262594870078374e-06
2817,-1.0000046554737489214826967262594870078374e-06
2818,-1.0000046554737489214826967262594870078374e-06
2819,-1.0000046554737489214826967262594870078374e-06
2820,-1.0000046554737489214826967262594870078374e-06
2821,-1.0000046554737489214826967262594870078374e-06
2822,-1.0000046554737489214826967262594870078374e-06
2823,-1.0000046554737489214826967262594870078374e-06
2824,-1.0000046554737489214826967262594870078374e-06
2825,-1.0000046554737489214826967262594870078374e-06
2826,-1.0000046554737489214826967262594870078374e-06
2827,-1.0000046554737489214826967262594870078374e-06
2828,-1.0000046554737489214826967262594870078374e-06
2829,-1.0000046554737489214826967262594870078374e-06
2830,-1.0000046554737489214826967262594870078374e-06
2831,-1.0000046554737489214826967262594870078374e-06
2832,-1.0000046554737489214826967262594870078374e-06
2833,-1.0000046554737489214826967262594870078374e-06
2834,-1.0000046554737489214826967262594870078374e-06
2835,-1.0000046554737489214826967262594870078374e-06
2836,-1.0000046554737489214826967262594870078374e-06
2837,-1.0000046554737489214826967262594870078374e-06
2838,-1.0000120852432969382637614752518118166336e-06
2839,-1.0000027182825662411946995508649216333197e-06
2840,-9.9999258663087941028312869568006604481525e-07
2841,-9.9999925192618255519432911987420808941351e-07
2842,-1.0000046554737489214826967262594870078374e-06
2843,-1.0000046554737489214826967262594870078374e-06
2844,-1.0000046554737489214826967262594870078374e-06
2845,-1.0000046554737489214826967262594870078374e-06
2846,-1.0000046554737489214826967262594870078374e-06
2847,-1.0000046554737489214826967262594870078374e-06
2848,-1.0000046554737489214826967262594870078374e-06
2849,-1.0000046554737489214826967262594870078374e-06
2850,-1.0000120861101443154949448485768748184910e-06
2851,-9.9999029700997361611860495683723470961013e-07
2852,-9.9998894471445501007606047189080200610078e-07
2853,-1.0000046550403251269879866328094131233684e-06
2854,-1.0000046550403251269879866328094131233684e-06
2855,-1.0000076210798800427934172191379857963511e-06
2856,-1.0000069452030105583917795816772944306194e-06
2857,-9.9999925105933496620490893297406032047547e-07
2858,-1.0000046554737489214826967262594870078374e-06
2859,-1.0000046554737489214826967262594870078374e-06
2860,-1.0000046554737489214826967262594870078374e-06
2861,-1.0000046554737489214826967262594870078374e-06
2862,-1.0000046554737489214826967262594870078374e-06
2863,-1.0000046554737489214826967262594870078374e-06
2864,-1.0000046554737489214826967262594870078374e-06
2865,-1.0000046554737489214826967262594870078374e-06
2866,-1.0000046554737489214826967262594870078374e-06
2867,-1.0000046554737489214826967262594870078374e-06
2868,-1.0000046554737489214826967262594870078374e-06
2869,-1.0000046554737489214826967262594870078374e-06
2870,-1.0000046554737489214826967262594870078374e-06
2871,-1.0000046554737489214826967262594870078374e-06
2872,-1.0000046554737489214826967262594870078374e-06
2873,-1.0000046554737489214826967262594870078374e-06
2874,-1.0000046554737489214826967262594870078374e-06
2875,-1.0000046554737489214826967262594870078374e-06
2876,-1.0000046554737489214826967262594870078374e-06
2877,-1.0000046554737489214826967262594870078374e-06
2878,-1.0000046554737489214826967262594870078374e-06
2879,-1.0000046554737489214826967262594870078374e-06
2880,-1.0000046554737489214826967262594870078374e-06
2881,-1.0000046554737489214826967262594870078374e-06
2882,-1.0000046554737489214826967262594870078374e-06
2883,-1.0000046554737489214826967262594870078374e-06
2884,-1.0000046554737489214826967262594870078374e-06
2885,-1.0000046554737489214826967262594870078374e-06
2886,-1.0000046554737489214826967262594870078374e-06
2887,-1.0000046554737489214826967262594870078374e-06
2888,-1.0000046554737489214826967262594870078374e-06
2889,-1.0000046554737489214826967262594870078374e-06
2890,-1.0000046554737489214826967262594870078374e-06
2891,-1.0000046554737489214826967262594870078374e-06
2892,-1.0000046554737489214826967262594870078374e-06
2893,-1.0000046554737489214826967262594870078374e-06
2894,-1.0000046554737489214826967262594870078374e-06
2895,-1.0000046554737489214826967262594870078374e-06
2896,-1.0000046554737489214826967262594870078374e-06
2897,-1.0000046554737489214826967262594870078374e-06
2898,-1.0000046554737489214826967262594870078374e-06
2899,-1.0000046554737489214826967262594870078374e-06
2900,-1.0000046554737489214826967262594870078374e-06
2901,-1.0000046554737489214826967262594870078374e-06
2902,-1.0000046554737489214826967262594870078374e-06
2903,-1.0000046554737489214826967262594870078374e-06
2904,-1.0000046554737489214826967262594870078374e-06
2905,-1.0000046554737489214826967262594870078374e-06
2906,-1.0000046554737489214826967262594870078374e-06
2907,-1.0000046554737489214826967262594870078374e-06
2908,-1.0000046554737489214826967262594870078374e-06
2909,-1.0000046554737489214826967262594870078374e-06
2910,-1.0000046554737489214826967262594870078374e-06
2911,-1.0000046554737489214826967262594870078374e-06
2912,-1.0000046554737489214826967262594870078374e-06
2913,-1.0000046554737489214826967262594870078374e-06
2914,-1.0000046554737489214826967262594870078374e-06
2915,-1.0000046554737489214826967262594870078374e-06
2916,-1.0000046554737489214826967262594870078374e-06
2917,-1.0000046550403251269879866328094131233684e-06
2918,-1.0000076210798800427934172191379857963511e-06
2919,-1.0000069452030105583917795816772944306194e-06
2920,-9.9999925105933496620490893297406032047547e-07
2921,-1.0000046554737489214826967262594870078374e-06
2922,-1.0000046554737489214826967262594870078374e-06
2923,-1.0000046554737489214826967262594870078374e-06
2924,-1.0000046554737489214826967262594870078374e-06
2925,-1.0000046554737489214826967262594870078374e-06
2926,-1.0000046554737489214826967262594870078374e-06
2927,-1.0000046554737489214826967262594870078374e-06
2928,-1.0000046554737489214826967262594870078374e-06
2929,-1.0000046554737489214826967262594870078374e-06
2930,-1.0000046554737489214826967262594870078374e-06
2931,-1.0000046554737489214826967262594870078374e-06
2932,-1.0000046554737489214826967262594870078374e-06
2933,-1.0000046554737489214826967262594870078374e-06
2934,-1.0000046554737489214826967262594870078374e-06
2935,-1.0000046554737489214826967262594870078374e-06
2936,-1.0000046554737489214826967262594870078374e-06
2937,-1.0000046554737489214826967262594870078374e-06
2938,-1.0000073572475323163851173430272112341299e-06
2939,-9.9999076632280247840518609681037531800030e-07
2940,-1.0000007809641242721200322246533076508967e-06
2941,-1.0000014550081341020671635982930425257109e-06
2942,-9.9999875397783091200188971409135163526116e-07
2943,-9.9999875397783091200188971409135163526116e-07
2944,-9.9999875397783091200188971409135163526116e-07
2945,-9.9999875397783091200188971409135163526116e-07
2946,-9.9999875397783091200188971409135163526116e-07
2947,-9.9999875397783091200188971409135163526116e-07
2948,-9.9999875397783091200188971409135163526116e-07
2949,-9.9999875397783091200188971409135163526116e-07
2950,-9.9999875397783091200188971409135163526116e-07
2951,-9.9999875397783091200188971409135163526116e-07
2952,-9.9999875397783091200188971409135163526116e-07
2953,-9.9999875397783091200188971409135163526116e-07
2954,-9.9999875397783091200188971409135163526116e-07
2955,-9.9999875397783091200188971409135163526116e-07
2956,-9.9999875397783091200188971409135163526116e-07
2957,-9.9999875519139682663151760810826829128928e-07
2958,-1.0000011041163765455750322627692661114907e-06
2959,-9.9999807826516808178791799466278433783373e-07
2960,-9.9999320238780796467098661850503305004167e-07
2961,-9.9998489247350983643799777339511436480279e-07
2962,-9.9999335070365840548347723809596843125291e-07
2963,-9.9999875397783091200188971409135163526116e-07
2964,-9.9999875397783091200188971409135163526116e-07
2965,-9.9999875397783091200188971409135163526116e-07
2966,-9.9999875397783091200188971409135163526116e-07
2967,-9.9999875397783091200188971409135163526116e-07
2968,-9.9999875397783091200188971409135163526116e-07
2969,-9.9999875397783091200188971409135163526116e-07
2970,-9.9999875397783091200188971409135163526116e-07
2971,-9.9999875397783091200188971409135163526116e-07
2972,-9.9999875397783091200188971409135163526116e-07
2973,-9.9999875397783091200188971409135163526116e-07
2974,-9.9999875397783091200188971409135163526116e-07
2975,-9.9999875397783091200188971409135163526116e-07
2976,-9.9999875397783091200188971409135163526116e-07
2977,-9.9999875397783091200188971409135163526116e-07
2978,-9.9999875397783091200188971409135163526116e-07
2979,-9.9999875519139682663151760810826829128928e-07
2980,-9.9998827103682504629904043841337468734309e-07
2981,-9.9998219083642358317879153539742276279867e-07
2982,-9.9999605173396159554875112229765932170267e-07
2983,-1.0000105296461016235985697075960842994391e-06
2984,-9.9999243781583412541281562918582537236034e-07
2985,-9.9999875519139682663151760810826829128928e-07
2986,-9.9999875397783091200188971409135163526116e-07
2987,-9.9999875397783091200188971409135163526116e-07
2988,-9.9999875397783091200188971409135163526116e-07
2989,-9.9999875397783091200188971409135163526116e-07
2990,-9.9999875397783091200188971409135163526116e-07
2991,-9.9999875397783091200188971409135163526116e-07
2992,-9.9999875397783091200188971409135163526116e-07
2993,-9.9999875397783091200188971409135163526116e-07
2994,-1.0000014562217002284550283058850439488197e-06
2995,-9.9998571176062743620053131082814346086707e-07
2996,-9.9998991268380291682119596907707403943277e-07
2997,-9.9999335070365840548347723809596843125291e-07
2998,-9.9999875397783091200188971409135163526116e-07
2999,-9.9999875397783091200188971409135163526116e-07
3000,-9.9999875397783091200188971409135163526116e-07
3001,-9.9999875397783091200188971409135163526116e-07
3002,-9.9999875397783091200188971409135163526116e-07
3003,-9.9999875397783091200188971409135163526116e-07
3004,-9.9999875397783091200188971409135163526116e-07
3005,-9.9999875397783091200188971409135163526116e-07
3006,-9.9999875397783091200188971409135163526116e-07
3007,-9.9999875397783091200188971409135163526116e-07
3008,-9.9999875397783091200188971409135163526116e-07
3009,-9.9999875397783091200188971409135163526116e-07
3010,-9.9999875397783091200188971409135163526116e-07
3011,-1.0000014562217002284550283058850439488197e-06
3012,-9.9998571176062743620053131082814346086707e-07
3013,-9.9998991268380291682119596907707403943277e-07
3014,-9.9999335070365840548347723809596843125291e-07
3015,-9.9999875397783091200188971409135163526116e-07
3016,-9.9999875397783091200188971409135163526116e-07
3017,-9.9999605294752751017837901631457597773078e-07
3018,-1.0000105296461016235985697075960842994391e-06
3019,-9.9999649178842126916557427745990693779277e-07
3020,-9.9998286654908641339276325482599006022610e-07
3021,-9.9998219083642358317879153539742276279867e-07
3022,-9.9999335070365840548347723809596843125291e-07
3023,-9.9999875397783091200188971409135163526116e-07
3024,-9.9999875397783091200188971409135163526116e-07
3025,-9.9999875397783091200188971409135163526116e-07
3026,-9.9999875397783091200188971409135163526116e-07
3027,-9.9999875397783091200188971409135163526116e-07
3028,-9.9999875397783091200188971409135163526116e-07
3029,-9.9999875397783091200188971409135163526116e-07
3030,-9.9999875397783091200188971409135163526116e-07
3031,-9.9999875397783091200188971409135163526116e-07
3032,-9.9999875397783091200188971409135163526116e-07
3033,-9.9999875397783091200188971409135163526116e-07
3034,-9.9999875397783091200188971409135163526116e-07
3035,-9.9999875397783091200188971409135163526116e-07
3036,-9.9999875397783091200188971409135163526116e-07
3037,-9.9999875397783091200188971409135163526116e-07
3038,-9.9999875397783091200188971409135163526116e-07
3039,-9.9999875397783091200188971409135163526116e-07
3040,-9.9999875397783091200188971409135163526116e-07
3041,-9.9999875397783091200188971409135163526116e-07
3042,-9.9999875397783091200188971409135163526116e-07
3043,-9.9999875397783091200188971409135163526116e-07
3044,-9.9999875397783091200188971409135163526116e-07
3045,-9.9999875397783091200188971409135163526116e-07
3046,-9.9999875397783091200188971409135163526116e-07
3047,-9.9999875397783091200188971409135163526116e-07
3048,-9.9999875397783091200188971409135163526116e-07
3049,-9.9999875397783091200188971409135163526116e-07
3050,-9.9999875519139682663151760810826829128928e-07
3051,-9.9998827103682504629904043841337468734309e-07
3052,-9.9998219083642358317879153539742276279867e-07
3053,-9.9999335070365840548347723809596843125291e-07
3054,-9.9999875397783091200188971409135163526116e-07
3055,-9.9999875397783091200188971409135163526116e-07
3056,-9.9999875397783091200188971409135163526116e-07
3057,-9.9999875397783091200188971409135163526116e-07
3058,-9.9999875397783091200188971409135163526116e-07
3059,-9.9999875397783091200188971409135163526116e-07
3060,-9.9999875397783091200188971409135163526116e-07
3061,-9.9999875397783091200188971409135163526116e-07
3062,-9.9999875397783091200188971409135163526116e-07
3063,-9.9999875397783091200188971409135163526116e-07
3064,-9.9999875397783091200188971409135163526116e-07
3065,-9.9999875397783091200188971409135163526116e-07
3066,-9.9999875397783091200188971409135163526116e-07
3067,-9.9999875397783091200188971409135163526116e-07
3068,-9.9999875397783091200188971409135163526116e-07
3069,-9.9999875397783091200188971409135163526116e-07
3070,-9.9999875397783091200188971409135163526116e-07
3071,-9.9999875397783091200188971409135163526116e-07
3072,-9.9999875397783091200188971409135163526116e-07
3073,-9.9999875397783091200188971409135163526116e-07
3074,-9.9999875397783091200188971409135163526116e-07
3075,-9.9999875397783091200188971409135163526116e-07
3076,-9.9999875397783091200188971409135163526116e-07
3077,-9.9999875397783091200188971409135163526116e-07
3078,-9.9999875397783091200188971409135163526116e-07
3079,-9.9999875397783091200188971409135163526116e-07
3080,-9.9999875397783091200188971409135163526116e-07
3081,-9.9999875397783091200188971409135163526116e-07
3082,-9.9999875397783091200188971409135163526116e-07
3083,-9.9999875519139682663151760810826829128928e-07
3084,-9.9998827103682504629904043841337468734309e-07
3085,-9.9998219083642358317879153539742276279867e-07
3086,-9.9999335070365840548347723809596843125291e-07
3087,-9.9999875397783091200188971409135163526116e-07
3088,-9.9999875397783091200188971409135163526116e-07
3089,-9.9999875397783091200188971409135163526116e-07
3090,-9.9999875397783091200188971409135163526116e-07
3091,-9.9999875397783091200188971409135163526116e-07
3092,-9.9999875397783091200188971409135163526116e-07
3093,-9.9999875397783091200188971409135163526116e-07
3094,-9.9999875397783091200188971409135163526116e-07
3095,-1.0000034833596893543716539048960001423438e-06
3096,-9.9999963302487968688791759169776085514059e-07
3097,-9.9999099783458877577940228376096598594813e-07
3098,-9.9999605173396159554875112229765932170267e-07
3099,-9.9999875458461397519582206788735234681553e-07
3100,-1.0000044285713314816421183606198752613636e-06
3101,-9.9999429394325515385718791683267170355975e-07
3102,-9.9999875519139682663151760810826829128928e-07
3103,-9.9999875397783091200188971409135163526116e-07
3104,-9.9999875397783091200188971409135163526116e-07
3105,-9.9999875397783091200188971409135163526116e-07
3106,-9.9999875397783091200188971409135163526116e-07
3107,-9.9999875397783091200188971409135163526116e-07
3108,-9.9999875397783091200188971409135163526116e-07
3109,-9.9999875397783091200188971409135163526116e-07
3110,-9.9999875397783091200188971409135163526116e-07
3111,-9.9999875397783091200188971409135163526116e-07
3112,-9.9999875397783091200188971409135163526116e-07
3113,-9.9999875397783091200188971409135163526116e-07
3114,-9.9999875397783091200188971409135163526116e-07
3115,-9.9999875397783091200188971409135163526116e-07
3116,-9.9999875397783091200188971409135163526116e-07
3117,-9.9999875397783091200188971409135163526116e-07
3118,-9.9999875397783091200188971409135163526116e-07
3119,-9.9999875397783091200188971409135163526116e-07
3120,-9.9999875397783091200188971409135163526116e-07
3121,-9.9999875397783091200188971409135163526116e-07
3122,-9.9999875397783091200188971409135163526116e-07
3123,-9.9999875397783091200188971409135163526116e-07
3124,-9.9999875397783091200188971409135163526116e-07
3125,-9.9999875397783091200188971409135163526116e-07
3126,-9.9999875397783091200188971409135163526116e-07
3127,-9.9999875397783091200188971409135163526116e-07
3128,-9.9999875397783091200188971409135163526116e-07
3129,-9.9999875397783091200188971409135163526116e-07
3130,-9.9999875397783091200188971409135163526116e-07
3131,-9.9999875397783091200188971409135163526116e-07
3132,-9.9999875397783091200188971409135163526116e-07
3133,-9.9999875397783091200188971409135163526116e-07
3134,-9.9999875397783091200188971409135163526116e-07
3135,-9.9999875397783091200188971409135163526116e-07
3136,-9.9999875397783091200188971409135163526116e-07
3137,-9.9999875397783091200188971409135163526116e-07
3138,-9.9999875397783091200188971409135163526116e-07
3139,-9.9999875397783091200188971409135163526116e-07
3140,-9.9999875397783091200188971409135163526116e-07
3141,-9.9999875397783091200188971409135163526116e-07
3142,-9.9999875397783091200188971409135163526116e-07
3143,-9.9999875397783091200188971409135163526116e-07
3144,-9.9999875397783091200188971409135163526116e-07
3145,-9.9999875397783091200188971409135163526116e-07
3146,-9.9999875397783091200188971409135163526116e-07
3147,-9.9999875397783091200188971409135163526116e-07
3148,-9.9999875397783091200188971409135163526116e-07
3149,-9.9999875397783091200188971409135163526116e-07
3150,-9.9999875397783091200188971409135163526116e-07
3151,-9.9999875397783091200188971409135163526116e-07
3152,-9.9999875397783091200188971409135163526116e-07
3153,-9.9999875397783091200188971409135163526116e-07
3154,-9.9999875397783091200188971409135163526116e-07
3155,-9.9999875397783091200188971409135163526116e-07
3156,-9.9999875397783091200188971409135163526116e-07
3157,-9.9999875397783091200188971409135163526116e-07
3158,-9.9999875397783091200188971409135163526116e-07
3159,-9.9999875397783091200188971409135163526116e-07
3160,-9.9999875397783091200188971409135163526116e-07
3161,-9.9999875397783091200188971409135163526116e-07
3162,-9.9999875458461397519582206788735234681553e-07
3163,-1.0000044285713314816421183606198752613636e-06
3164,-9.9999429394325515385718791683267170355975e-07
3165,-9.9999875519139682663151760810826829128928e-07
3166,-9.9999875397783091200188971409135163526116e-07
3167,-9.9999875397783091200188971409135163526116e-07
3168,-9.9999875397783091200188971409135163526116e-07
3169,-9.9999875397783091200188971409135163526116e-07
3170,-9.9999875397783091200188971409135163526116e-07
3171,-9.9999875397783091200188971409135163526116e-07
3172,-9.9999875397783091200188971409135163526116e-07
3173,-9.9999875397783091200188971409135163526116e-07
3174,-9.9999875397783091200188971409135163526116e-07
3175,-9.9999875397783091200188971409135163526116e-07
3176,-9.9999875397783091200188971409135163526116e-07
3177,-9.9999875397783091200188971409135163526116e-07
3178,-9.9999875397783091200188971409135163526116e-07
3179,-9.9999875397783091200188971409135163526116e-07
3180,-9.9999875397783091200188971409135163526116e-07
3181,-9.9999875397783091200188971409135163526116e-07
3182,-9.9999875397783091200188971409135163526116e-07
3183,-1.0000007805090369747245829593063071172310e-06
3184,-9.9999334888330900414344336313288152950918e-07
3185,-1.0000064537674732237810268711819539078078e-06
3186,-9.9999361834644906665218577063170002361403e-07
3187,-9.9999902281636760865589017011068051488110e-07
3188,-9.9999902281636760865589017011068051488110e-07
3189,-9.9999902281636760865589017011068051488110e-07
3190,-9.9999902281636760865589017011068051488110e-07
3191,-9.9999902281636760865589017011068051488110e-07
3192,-9.9999902281636760865589017011068051488110e-07
3193,-9.9999902281636760865589017011068051488110e-07
3194,-9.9999902281636760865589017011068051488110e-07
3195,-9.9999902281636760865589017011068051488110e-07
3196,-9.9999902281636760865589017011068051488110e-07
3197,-9.9999902281636760865589017011068051488110e-07
3198,-9.9999902281636760865589017011068051488110e-07
3199,-9.9999902281636760865589017011068051488110e-07
3200,-9.9999902281636760865589017011068051488110e-07
3201,-9.9999902281636760865589017011068051488110e-07
3202,-9.9998686197891835107285328498871734836939e-07
3203,-1.0000091044136192623210035099190484686460e-06
3204,-9.9999767169888823785276008720979135091511e-07
3205,-9.9999594132483920080293072346622196278076e-07
3206,-1.0000022035031142824459135867720682711024e-06
3207,-9.9999902281636760865589017011068051488110e-07
3208,-9.9999902281636760865589017011068051488110e-07
3209,-9.9999902281636760865589017011068051488110e-07
3210,-9.9999902281636760865589017011068051488110e-07
3211,-9.9999902281636760865589017011068051488110e-07
3212,-9.9999902281636760865589017011068051488110e-07
3213,-9.9999902281636760865589017011068051488110e-07
3214,-9.9999902281636760865589017011068051488110e-07
3215,-9.9999902281636760865589017011068051488110e-07
3216,-9.9999902281636760865589017011068051488110e-07
3217,-9.9999902281636760865589017011068051488110e-07
3218,-9.9999902281636760865589017011068051488110e-07
3219,-9.9999902281636760865589017011068051488110e-07
3220,-9.9999902281636760865589017011068051488110e-07
3221,-9.9999902281636760865589017011068051488110e-07
3222,-9.9999902281636760865589017011068051488110e-07
3223,-9.9999902281636760865589017011068051488110e-07
3224,-9.9998686197891835107285328498871734836939e-07
3225,-1.0000064045190561761751587774305072287007e-06
3226,-9.9999680059345944016307387164355091613288e-07
3227,-9.9999496946392864921355266710767395466064e-07
3228,-1.0000114752486560205322349906276180320219e-06
3229,-1.0000064494502077015145339797252965752250e-06
3230,-9.9999361990671297813128726855724792699220e-07
3231,-9.9999902281636760865589017011068051488110e-07
3232,-9.9999902281636760865589017011068051488110e-07
3233,-9.9999902281636760865589017011068051488110e-07
3234,-9.9999902281636760865589017011068051488110e-07
3235,-9.9999902281636760865589017011068051488110e-07
3236,-9.9999902281636760865589017011068051488110e-07
3237,-9.9999902281636760865589017011068051488110e-07
3238,-9.9999902281636760865589017011068051488110e-07
3239,-9.9998416052409114168967024099954343796526e-07
3240,-1.0000096272114588530669724436572565196002e-06
3241,-1.0000063955209980724384141378968671176608e-06
3242,-9.9999902281636760865589017011068051488110e-07
3243,-9.9999902281636760865589017011068051488110e-07
3244,-9.9999902281636760865589017011068051488110e-07
3245,-9.9999902281636760865589017011068051488110e-07
3246,-9.9999902281636760865589017011068051488110e-07
3247,-9.9999902281636760865589017011068051488110e-07
3248,-9.9999902281636760865589017011068051488110e-07
3249,-9.9999902281636760865589017011068051488110e-07
3250,-9.9999902281636760865589017011068051488110e-07
3251,-9.9999902281636760865589017011068051488110e-07
3252,-9.9999902281636760865589017011068051488110e-07
3253,-9.9999902281636760865589017011068051488110e-07
3254,-9.9999902281636760865589017011068051488110e-07
3255,-9.9999902281636760865589017011068051488110e-07
3256,-9.9998416052409114168967024099954343796526e-07
3257,-1.0000096272114588530669724436572565196002e-06
3258,-1.0000063955209980724384141378968671176608e-06
3259,-9.9999902281636760865589017011068051488110e-07
3260,-9.9999902281636760865589017011068051488110e-07
3261,-9.9999902281636760865589017011068051488110e-07
3262,-9.9998956499400989545161145405360869631295e-07
3263,-1.0000114752486560205322349906276180320219e-06
3264,-1.0000010449802889477525927666712313168773e-06
3265,-9.9999559557921866865127635132237671200528e-07
3266,-9.9999680059345944016307387164355091613288e-07
3267,-9.9999902281636760865589017011068051488110e-07
3268,-9.9999902281636760865589017011068051488110e-07
3269,-9.9999902281636760865589017011068051488110e-07
3270,-9.9999902281636760865589017011068051488110e-07
3271,-9.9999902281636760865589017011068051488110e-07
3272,-9.9999902281636760865589017011068051488110e-07
3273,-9.9999902281636760865589017011068051488110e-07
3274,-9.9999902281636760865589017011068051488110e-07
3275,-9.9999902281636760865589017011068051488110e-07
3276,-9.9999902281636760865589017011068051488110e-07
3277,-9.9999902281636760865589017011068051488110e-07
3278,-9.9999902281636760865589017011068051488110e-07
3279,-9.9999902281636760865589017011068051488110e-07
3280,-9.9999902281636760865589017011068051488110e-07
3281,-9.9999902281636760865589017011068051488110e-07
3282,-9.9999902281636760865589017011068051488110e-07
3283,-9.9999902281636760865589017011068051488110e-07
3284,-9.9999902281636760865589017011068051488110e-07
3285,-9.9999902281636760865589017011068051488110e-07
3286,-9.9999902281636760865589017011068051488110e-07
3287,-9.9999902281636760865589017011068051488110e-07
3288,-9.9999902281636760865589017011068051488110e-07
3289,-9.9999902281636760865589017011068051488110e-07
3290,-9.9999902281636760865589017011068051488110e-07
3291,-9.9999902281636760865589017011068051488110e-07
3292,-9.9999902281636760865589017011068051488110e-07
3293,-9.9999902281636760865589017011068051488110e-07
3294,-9.9999902281636760865589017011068051488110e-07
3295,-9.9998686197891835107285328498871734836939e-07
3296,-1.0000064045190561761751587774305072287007e-06
3297,-9.9999680059345944016307387164355091613288e-07
3298,-9.9999902281636760865589017011068051488110e-07
3299,-9.9999902281636760865589017011068051488110e-07
3300,-9.9999902281636760865589017011068051488110e-07
3301,-9.9999902281636760865589017011068051488110e-07
3302,-9.9999902281636760865589017011068051488110e-07
3303,-9.9999902281636760865589017011068051488110e-07
3304,-9.9999902281636760865589017011068051488110e-07
3305,-9.9999902281636760865589017011068051488110e-07
3306,-9.9999902281636760865589017011068051488110e-07
3307,-9.9999902281636760865589017011068051488110e-07
3308,-9.9999902281636760865589017011068051488110e-07
3309,-9.9999902281636760865589017011068051488110e-07
3310,-9.9999902281636760865589017011068051488110e-07
3311,-9.9999902281636760865589017011068051488110e-07
3312,-9.9999902281636760865589017011068051488110e-07
3313,-9.9999902281636760865589017011068051488110e-07
3314,-9.9999902281636760865589017011068051488110e-07
3315,-9.9999902281636760865589017011068051488110e-07
3316,-9.9999902281636760865589017011068051488110e-07
3317,-9.9999902281636760865589017011068051488110e-07
3318,-9.9999902281636760865589017011068051488110e-07
3319,-9.9999902281636760865589017011068051488110e-07
3320,-9.9999902281636760865589017011068051488110e-07
3321,-9.9999902281636760865589017011068051488110e-07
3322,-9.9999902281636760865589017011068051488110e-07
3323,-9.9999902281636760865589017011068051488110e-07
3324,-9.9999902281636760865589017011068051488110e-07
3325,-9.9999902281636760865589017011068051488110e-07
3326,-9.9999902281636760865589017011068051488110e-07
3327,-9.9999902281636760865589017011068051488110e-07
3328,-9.9998686197891835107285328498871734836939e-07
3329,-1.0000064045190561761751587774305072287007e-06
3330,-9.9999680059345944016307387164355091613288e-07
3331,-9.9999902281636760865589017011068051488110e-07
3332,-9.9999902281636760865589017011068051488110e-07
3333,-9.9999902281636760865589017011068051488110e-07
3334,-9.9999902281636760865589017011068051488110e-07
3335,-9.9999902281636760865589017011068051488110e-07
3336,-9.9999902281636760865589017011068051488110e-07
3337,-9.9999902281636760865589017011068051488110e-07
3338,-9.9999902281636760865589017011068051488110e-07
3339,-9.9999902281636760865589017011068051488110e-07
3340,-9.9998956655427380693071295197915659969112e-07
3341,-1.0000066557502514473764745547845755879734e-06
3342,-1.0000026027878785716830308330504983871378e-06
3343,-9.9999902281636760865589017011068051488110e-07
3344,-9.9999361834644906665218577063170002361403e-07
3345,-1.0000003535155866962361821334570599617564e-06
3346,-9.9999022110965408348609920197169742550614e-07
3347,-9.9999902437663194365146529518639795242052e-07
3348,-9.9999902281636760865589017011068051488110e-07
3349,-9.9999902281636760865589017011068051488110e-07
3350,-9.9999902281636760865589017011068051488110e-07
3351,-9.9999902281636760865589017011068051488110e-07
3352,-9.9999902281636760865589017011068051488110e-07
3353,-9.9999902281636760865589017011068051488110e-07
3354,-9.9999902281636760865589017011068051488110e-07
3355,-9.9999902281636760865589017011068051488110e-07
3356,-9.9999902281636760865589017011068051488110e-07
3357,-9.9999902281636760865589017011068051488110e-07
3358,-9.9999902281636760865589017011068051488110e-07
3359,-9.9999902281636760865589017011068051488110e-07
3360,-9.9999902281636760865589017011068051488110e-07
3361,-9.9999902281636760865589017011068051488110e-07
3362,-9.9999902281636760865589017011068051488110e-07
3363,-9.9999902281636760865589017011068051488110e-07
3364,-9.9999902281636760865589017011068051488110e-07
3365,-9.9999902281636760865589017011068051488110e-07
3366,-9.9999902281636760865589017011068051488110e-07
3367,-9.9999902281636760865589017011068051488110e-07
3368,-9.9999902281636760865589017011068051488110e-07
3369,-9.9999902281636760865589017011068051488110e-07
3370,-9.9999902281636760865589017011068051488110e-07
3371,-9.9999902281636760865589017011068051488110e-07
3372,-9.9999902281636760865589017011068051488110e-07
3373,-9.9999902281636760865589017011068051488110e-07
3374,-9.9999902281636760865589017011068051488110e-07
3375,-9.9999902281636760865589017011068051488110e-07
3376,-9.9999902281636760865589017011068051488110e-07
3377,-9.9999902281636760865589017011068051488110e-07
3378,-9.9999902281636760865589017011068051488110e-07
3379,-9.9999902281636760865589017011068051488110e-07
3380,-9.9999902281636760865589017011068051488110e-07
3381,-9.9999902281636760865589017011068051488110e-07
3382,-9.9999902281636760865589017011068051488110e-07
3383,-9.9999902281636760865589017011068051488110e-07
3384,-9.9999902281636760865589017011068051488110e-07
3385,-9.9999902281636760865589017011068051488110e-07
3386,-9.9999902281636760865589017011068051488110e-07
3387,-9.9999902281636760865589017011068051488110e-07
3388,-9.9999902281636760865589017011068051488110e-07
3389,-9.9999902281636760865589017011068051488110e-07
3390,-9.9999902281636760865589017011068051488110e-07
3391,-9.9999902281636760865589017011068051488110e-07
3392,-9.9999902281636760865589017011068051488110e-07
3393,-9.9999902281636760865589017011068051488110e-07
3394,-9.9999902281636760865589017011068051488110e-07
3395,-9.9999902281636760865589017011068051488110e-07
3396,-9.9999902281636760865589017011068051488110e-07
3397,-9.9999902281636760865589017011068051488110e-07
3398,-9.9999902281636760865589017011068051488110e-07
3399,-9.9999902281636760865589017011068051488110e-07
3400,-9.9999902281636760865589017011068051488110e-07
3401,-9.9999902281636760865589017011068051488110e-07
3402,-9.9999902281636760865589017011068051488110e-07
3403,-9.9999902281636760865589017011068051488110e-07
3404,-9.9999902281636760865589017011068051488110e-07
3405,-9.9999902281636760865589017011068051488110e-07
3406,-9.9999902281636760865589017011068051488110e-07
3407,-9.9999361834644906665218577063170002361403e-07
3408,-1.0000003535155866962361821334570599617564e-06
3409,-9.9999022110965408348609920197169742550614e-07
3410,-9.9999902437663194365146529518639795242052e-07
3411,-9.9999902281636760865589017011068051488110e-07
3412,-9.9999902281636760865589017011068051488110e-07
3413,-9.9999902281636760865589017011068051488110e-07
3414,-9.9999902281636760865589017011068051488110e-07
3415,-9.9999902281636760865589017011068051488110e-07
3416,-9.9999902281636760865589017011068051488110e-07
3417,-9.9999902281636760865589017011068051488110e-07
3418,-9.9999902281636760865589017011068051488110e-07
3419,-9.9999902281636760865589017011068051488110e-07
3420,-9.9999902281636760865589017011068051488110e-07
3421,-9.9999902281636760865589017011068051488110e-07
3422,-9.9999902281636760865589017011068051488110e-07
3423,-9.9999902281636760865589017011068051488110e-07
3424,-9.9999902281636760865589017011068051488110e-07
3425,-9.9999902281636760865589017011068051488110e-07
3426,-9.9999902281636760865589017011068051488110e-07
3427,-9.9999902281636760865589017011068051488110e-07
3428,-9.9998821231626597789466943250191732772691e-07
3429,-1.0000057782087332207421066093688821752039e-06
3430,-1.0000077621089006441967936972270436513099e-06
3431,-1.0000007147817485217991756787925261562577e-06
3432,-1.0000007147817485217991756787925261562577e-06
3433,-1.0000007147817485217991756787925261562577e-06
3434,-1.0000007147817485217991756787925261562577e-06
3435,-1.0000007147817485217991756787925261562577e-06
3436,-1.0000007147817485217991756787925261562577e-06
3437,-1.0000007147817485217991756787925261562577e-06
3438,-1.0000007147817485217991756787925261562577e-06
3439,-1.0000007147817485217991756787925261562577e-06
3440,-1.0000007147817485217991756787925261562577e-06
3441,-1.0000007147817485217991756787925261562577e-06
3442,-1.0000007147817485217991756787925261562577e-06
3443,-1.0000007147817485217991756787925261562577e-06
3444,-1.0000007147817485217991756787925261562577e-06
3445,-1.0000007147817485217991756787925261562577e-06
3446,-1.0000007147817485217991756787925261562577e-06
3447,-1.0000027402252715301396229427566275660411e-06
3448,-9.9999743376899925616880723810986353328190e-07
3449,-9.9999372588997980325613984531329947458289e-07
3450,-9.9998832105229099049940617166543077587448e-07
3451,-9.9999135457802601453282127091926057005367e-07
3452,-9.9999530851385791837247513785813524123114e-07
3453,-1.0000007147817485217991756787925261562577e-06
3454,-1.0000007147817485217991756787925261562577e-06
3455,-1.0000007147817485217991756787925261562577e-06
3456,-1.0000007147817485217991756787925261562577e-06
3457,-1.0000007147817485217991756787925261562577e-06
3458,-1.0000007147817485217991756787925261562577e-06
3459,-1.0000007147817485217991756787925261562577e-06
3460,-1.0000007147817485217991756787925261562577e-06
3461,-1.0000007147817485217991756787925261562577e-06
3462,-1.0000007147817485217991756787925261562577e-06
3463,-1.0000007147817485217991756787925261562577e-06
3464,-1.0000007147817485217991756787925261562577e-06
3465,-1.0000007147817485217991756787925261562577e-06
3466,-1.0000007147817485217991756787925261562577e-06
3467,-1.0000007147817485217991756787925261562577e-06
3468,-1.0000007147817485217991756787925261562577e-06
3469,-1.0000027402252715301396229427566275660411e-06
3470,-9.9999338288195302772967589660657594663462e-07
3471,-9.9998865335101657488491803255081791235170e-07
3472,-9.9999260728684847872457189948969258352918e-07
3473,-9.9998778612492477199527943221291081954405e-07
3474,-1.0000127834396427662191127877511220845008e-06
3475,-9.9999531042079378043792216995688804104248e-07
3476,-1.0000007147817485217991756787925261562577e-06
3477,-1.0000007147817485217991756787925261562577e-06
3478,-1.0000007147817485217991756787925261562577e-06
3479,-1.0000007147817485217991756787925261562577e-06
3480,-1.0000007147817485217991756787925261562577e-06
3481,-1.0000007147817485217991756787925261562577e-06
3482,-1.0000007147817485217991756787925261562577e-06
3483,-1.0000007147817485217991756787925261562577e-06
3484,-9.9999666151103257165735395395333995338660e-07
3485,-9.9998459094620267693020662647107599241281e-07
3486,-1.0000035095466817126717709932059996447151e-06
3487,-1.0000007166886843838646227108912789560691e-06
3488,-1.0000007147817485217991756787925261562577e-06
3489,-1.0000007147817485217991756787925261562577e-06
3490,-1.0000007147817485217991756787925261562577e-06
3491,-1.0000007147817485217991756787925261562577e-06
3492,-1.0000007147817485217991756787925261562577e-06
3493,-1.0000007147817485217991756787925261562577e-06
3494,-1.0000007147817485217991756787925261562577e-06
3495,-1.0000007147817485217991756787925261562577e-06
3496,-1.0000007147817485217991756787925261562577e-06
3497,-1.0000007147817485217991756787925261562577e-06
3498,-1.0000007147817485217991756787925261562577e-06
3499,-1.0000007147817485217991756787925261562577e-06
3500,-1.0000007147817485217991756787925261562577e-06
3501,-9.9999666151103257165735395395333995338660e-07
3502,-9.9998459094620267693020662647107599241281e-07
3503,-1.0000035095466817126717709932059996447151e-06
3504,-1.0000007166886843838646227108912789560691e-06
3505,-1.0000007147817485217991756787925261562577e-06
3506,-1.0000007147817485217991756787925261562577e-06
3507,-9.9999800974086735802037837622657789893310e-07
3508,-9.9998778612492477199527943221291081954405e-07
3509,-1.0000121114700282708007876911193712032855e-06
3510,-9.9999878342903604496003534124470846222721e-07
3511,-9.9998865335101657488491803255081791235170e-07
3512,-9.9999530851385791837247513785813524123114e-07
3513,-1.0000007147817485217991756787925261562577e-06
3514,-1.0000007147817485217991756787925261562577e-06
3515,-1.0000007147817485217991756787925261562577e-06
3516,-1.0000007147817485217991756787925261562577e-06
3517,-1.0000007147817485217991756787925261562577e-06
3518,-1.0000007147817485217991756787925261562577e-06
3519,-1.0000007147817485217991756787925261562577e-06
3520,-1.0000007147817485217991756787925261562577e-06
3521,-1.0000007147817485217991756787925261562577e-06
3522,-1.0000007147817485217991756787925261562577e-06
3523,-1.0000007147817485217991756787925261562577e-06
3524,-1.0000007147817485217991756787925261562577e-06
3525,-1.0000007147817485217991756787925261562577e-06
3526,-1.0000007147817485217991756787925261562577e-06
3527,-1.0000007147817485217991756787925261562577e-06
3528,-1.0000007147817485217991756787925261562577e-06
3529,-1.0000007147817485217991756787925261562577e-06
3530,-1.0000007147817485217991756787925261562577e-06
3531,-1.0000007147817485217991756787925261562577e-06
3532,-1.0000007147817485217991756787925261562577e-06
3533,-1.0000007147817485217991756787925261562577e-06
3534,-1.0000007147817485217991756787925261562577e-06
3535,-1.0000007147817485217991756787925261562577e-06
3536,-1.0000007147817485217991756787925261562577e-06
3537,-1.0000007147817485217991756787925261562577e-06
3538,-1.0000007147817485217991756787925261562577e-06
3539,-1.0000007147817485217991756787925261562577e-06
3540,-1.0000027402252715301396229427566275660411e-06
3541,-9.9999338288195302772967589660657594663462e-07
3542,-9.9998865335101657488491803255081791235170e-07
3543,-9.9999530851385791837247513785813524123114e-07
3544,-1.0000007147817485217991756787925261562577e-06
3545,-1.0000007147817485217991756787925261562577e-06
3546,-1.0000007147817485217991756787925261562577e-06
3547,-1.0000007147817485217991756787925261562577e-06
3548,-1.0000007147817485217991756787925261562577e-06
3549,-1.0000007147817485217991756787925261562577e-06
3550,-1.0000007147817485217991756787925261562577e-06
3551,-1.0000007147817485217991756787925261562577e-06
3552,-1.0000007147817485217991756787925261562577e-06
3553,-1.0000007147817485217991756787925261562577e-06
3554,-1.0000007147817485217991756787925261562577e-06
3555,-1.0000007147817485217991756787925261562577e-06
3556,-1.0000007147817485217991756787925261562577e-06
3557,-1.0000007147817485217991756787925261562577e-06
3558,-1.0000007147817485217991756787925261562577e-06
3559,-1.0000007147817485217991756787925261562577e-06
3560,-1.0000007147817485217991756787925261562577e-06
3561,-1.0000007147817485217991756787925261562577e-06
3562,-1.0000007147817485217991756787925261562577e-06
3563,-1.0000007147817485217991756787925261562577e-06
3564,-1.0000007147817485217991756787925261562577e-06
3565,-1.0000007147817485217991756787925261562577e-06
3566,-1.0000007147817485217991756787925261562577e-06
3567,-1.0000007147817485217991756787925261562577e-06
3568,-1.0000007147817485217991756787925261562577e-06
3569,-1.0000007147817485217991756787925261562577e-06
3570,-1.0000007147817485217991756787925261562577e-06
3571,-1.0000007147817485217991756787925261562577e-06
3572,-1.0000007147817485217991756787925261562577e-06
3573,-1.0000027402252715301396229427566275660411e-06
3574,-9.9999338288195302772967589660657594663462e-07
3575,-9.9998865335101657488491803255081791235170e-07
3576,-9.9999530851385791837247513785813524123114e-07
3577,-1.0000007147817485217991756787925261562577e-06
3578,-1.0000007147817485217991756787925261562577e-06
3579,-1.0000007147817485217991756787925261562577e-06
3580,-1.0000007147817485217991756787925261562577e-06
3581,-1.0000007147817485217991756787925261562577e-06
3582,-1.0000007147817485217991756787925261562577e-06
3583,-1.0000007147817485217991756787925261562577e-06
3584,-1.0000007147817485217991756787925261562577e-06
3585,-1.0000027421322073922050699748553803658524e-06
3586,-9.9998634626410209647300996599339484305347e-07
3587,-9.9998499326692744318813114989819013089800e-07
3588,-9.9999260728684847872457189948969258352918e-07
3589,-1.0000034160087579614470789171609688139597e-06
3590,-1.0000030213919293523320772076878881762241e-06
3591,-1.0000030232988650026392874262115562089548e-06
3592,-9.9999530851385791837247513785813524123114e-07
3593,-1.0000007147817485217991756787925261562577e-06
3594,-1.0000007147817485217991756787925261562577e-06
3595,-1.0000007147817485217991756787925261562577e-06
3596,-1.0000007147817485217991756787925261562577e-06
3597,-1.0000007147817485217991756787925261562577e-06
3598,-1.0000007147817485217991756787925261562577e-06
3599,-1.0000007147817485217991756787925261562577e-06
3600,-1.0000007147817485217991756787925261562577e-06
3601,-1.0000007147817485217991756787925261562577e-06
3602,-1.0000007147817485217991756787925261562577e-06
3603,-1.0000007147817485217991756787925261562577e-06
3604,-1.0000007147817485217991756787925261562577e-06
3605,-1.0000007147817485217991756787925261562577e-06
3606,-1.0000007147817485217991756787925261562577e-06
3607,-1.0000007147817485217991756787925261562577e-06
3608,-1.0000007147817485217991756787925261562577e-06
3609,-1.0000007147817485217991756787925261562577e-06
3610,-1.0000007147817485217991756787925261562577e-06
3611,-1.0000007147817485217991756787925261562577e-06
3612,-1.0000007147817485217991756787925261562577e-06
3613,-1.0000007147817485217991756787925261562577e-06
3614,-1.0000007147817485217991756787925261562577e-06
3615,-1.0000007147817485217991756787925261562577e-06
3616,-1.0000007147817485217991756787925261562577e-06
3617,-1.0000007147817485217991756787925261562577e-06
3618,-1.0000007147817485217991756787925261562577e-06
3619,-1.0000007147817485217991756787925261562577e-06
3620,-1.0000007147817485217991756787925261562577e-06
3621,-1.0000007147817485217991756787925261562577e-06
3622,-1.0000007147817485217991756787925261562577e-06
3623,-1.0000007147817485217991756787925261562577e-06
3624,-1.0000007147817485217991756787925261562577e-06
3625,-1.0000007147817485217991756787925261562577e-06
3626,-1.0000007147817485217991756787925261562577e-06
3627,-1.0000007147817485217991756787925261562577e-06
3628,-1.0000007147817485217991756787925261562577e-06
3629,-1.0000007147817485217991756787925261562577e-06
3630,-1.0000007147817485217991756787925261562577e-06
3631,-1.0000007147817485217991756787925261562577e-06
3632,-1.0000007147817485217991756787925261562577e-06
3633,-1.0000007147817485217991756787925261562577e-06
3634,-1.0000007147817485217991756787925261562577e-06
3635,-1.0000007147817485217991756787925261562577e-06
3636,-1.0000007147817485217991756787925261562577e-06
3637,-1.0000007147817485217991756787925261562577e-06
3638,-1.0000007147817485217991756787925261562577e-06
3639,-1.0000007147817485217991756787925261562577e-06
3640,-1.0000007147817485217991756787925261562577e-06
3641,-1.0000007147817485217991756787925261562577e-06
3642,-1.0000007147817485217991756787925261562577e-06
3643,-1.0000007147817485217991756787925261562577e-06
3644,-1.0000007147817485217991756787925261562577e-06
3645,-1.0000007147817485217991756787925261562577e-06
3646,-1.0000007147817485217991756787925261562577e-06
3647,-1.0000007147817485217991756787925261562577e-06
3648,-1.0000007147817485217991756787925261562577e-06
3649,-1.0000007147817485217991756787925261562577e-06
3650,-1.0000007147817485217991756787925261562577e-06
3651,-1.0000007147817485217991756787925261562577e-06
3652,-1.0000034160087579614470789171609688139597e-06
3653,-1.0000030213919293523320772076878881762241e-06
3654,-1.0000030232988650026392874262115562089548e-06
3655,-9.9999530851385791837247513785813524123114e-07
3656,-1.0000007147817485217991756787925261562577e-06
3657,-1.0000007147817485217991756787925261562577e-06
3658,-1.0000007147817485217991756787925261562577e-06
3659,-1.0000007147817485217991756787925261562577e-06
3660,-1.0000007147817485217991756787925261562577e-06
3661,-1.0000007147817485217991756787925261562577e-06
3662,-1.0000007147817485217991756787925261562577e-06
3663,-1.0000007147817485217991756787925261562577e-06
3664,-1.0000007147817485217991756787925261562577e-06
3665,-1.0000007147817485217991756787925261562577e-06
3666,-1.0000007147817485217991756787925261562577e-06
3667,-1.0000007147817485217991756787925261562577e-06
3668,-1.0000007147817485217991756787925261562577e-06
3669,-1.0000007147817485217991756787925261562577e-06
3670,-1.0000007147817485217991756787925261562577e-06
3671,-1.0000007147817485217991756787925261562577e-06
3672,-1.0000007147817485217991756787925261562577e-06
3673,-1.0000007147817485217991756787925261562577e-06
3674,-9.9999357971363336677081499331842806554960e-07
3675,-9.9999958458093218093682124497645347105390e-07
3676,-1.0000016142399166686462142969449296003859e-06
3677,-9.9999621233264400427590262027122136601065e-07
3678,-9.9999621233264400427590262027122136601065e-07
3679,-9.9999621233264400427590262027122136601065e-07
3680,-9.9999621233264400427590262027122136601065e-07
3681,-9.9999621233264400427590262027122136601065e-07
3682,-9.9999621233264400427590262027122136601065e-07
3683,-9.9999621233264400427590262027122136601065e-07
3684,-9.9999621233264400427590262027122136601065e-07
3685,-9.9999621233264400427590262027122136601065e-07
3686,-9.9999621233264400427590262027122136601065e-07
3687,-9.9999621233264400427590262027122136601065e-07
3688,-9.9999621233264400427590262027122136601065e-07
3689,-9.9999621233264400427590262027122136601065e-07
3690,-9.9999621233264400427590262027122136601065e-07
3691,-9.9999621233264400427590262027122136601065e-07
3692,-1.0000043151935530008313701352817837175735e-06
3693,-9.9999519627890730142554323589543230355048e-07
3694,-9.9999824142823447975622803973738683680494e-07
3695,-9.9999605859710661353244830207298576851827e-07
3696,-9.9999316323955958737469164321343129131492e-07
3697,-9.9999621233264400427590262027122136601065e-07
3698,-9.9999621233264400427590262027122136601065e-07
3699,-9.9999621233264400427590262027122136601065e-07
3700,-9.9999621233264400427590262027122136601065e-07
3701,-9.9999621233264400427590262027122136601065e-07
3702,-9.9999621233264400427590262027122136601065e-07
3703,-9.9999621233264400427590262027122136601065e-07
3704,-9.9999621233264400427590262027122136601065e-07
3705,-9.9999621233264400427590262027122136601065e-07
3706,-9.9999621233264400427590262027122136601065e-07
3707,-9.9999621233264400427590262027122136601065e-07
3708,-9.9999621233264400427590262027122136601065e-07
3709,-9.9999621233264400427590262027122136601065e-07
3710,-9.9999621233264400427590262027122136601065e-07
3711,-9.9999621233264400427590262027122136601065e-07
3712,-9.9999621233264400427590262027122136601065e-07
3713,-9.9999621233264400427590262027122136601065e-07
3714,-1.0000043151935530008313701352817837175735e-06
3715,-9.9999654112178661577686571149126137925123e-07
3716,-9.9999316323955958737469164321343129131492e-07
3717,-9.9999621233264400427590262027122136601065e-07
3718,-1.0000106877914005344486865142772380465885e-06
3719,-9.9999258868092593571016285514119203980954e-07
3720,-9.9999621233264400427590262027122136601065e-07
3721,-9.9999621233264400427590262027122136601065e-07
3722,-9.9999621233264400427590262027122136601065e-07
3723,-9.9999621233264400427590262027122136601065e-07
3724,-9.9999621233264400427590262027122136601065e-07
3725,-9.9999621233264400427590262027122136601065e-07
3726,-9.9999621233264400427590262027122136601065e-07
3727,-9.9999621233264400427590262027122136601065e-07
3728,-9.9999621233264400427590262027122136601065e-07
3729,-1.0000016164934922940460111998040027003753e-06
3730,-9.9999330213921855696132534596642926771892e-07
3731,-9.9999548046319580766022171863793843726853e-07
3732,-9.9999620782549296523454562812815993311233e-07
3733,-9.9999621233264400427590262027122136601065e-07
3734,-9.9999621233264400427590262027122136601065e-07
3735,-9.9999621233264400427590262027122136601065e-07
3736,-9.9999621233264400427590262027122136601065e-07
3737,-9.9999621233264400427590262027122136601065e-07
3738,-9.9999621233264400427590262027122136601065e-07
3739,-9.9999621233264400427590262027122136601065e-07
3740,-9.9999621233264400427590262027122136601065e-07
3741,-9.9999621233264400427590262027122136601065e-07
3742,-9.9999621233264400427590262027122136601065e-07
3743,-9.9999621233264400427590262027122136601065e-07
3744,-9.9999621233264400427590262027122136601065e-07
3745,-9.9999621233264400427590262027122136601065e-07
3746,-1.0000016164934922940460111998040027003753e-06
3747,-9.9999330213921855696132534596642926771892e-07
3748,-9.9999548046319580766022171863793843726853e-07
3749,-9.9999620782549296523454562812815993311233e-07
3750,-9.9999621233264400427590262027122136601065e-07
3751,-9.9999621233264400427590262027122136601065e-07
3752,-1.0000016142399166686462142969449296003859e-06
3753,-1.0000106877914005344486865142772380465885e-06
3754,-9.9999664799889469937071214550305953139286e-07
3755,-9.9999113921451416316479084839263791195663e-07
3756,-9.9999316323955958737469164321343129131492e-07
3757,-9.9999621233264400427590262027122136601065e-07
3758,-9.9999621233264400427590262027122136601065e-07
3759,-9.9999621233264400427590262027122136601065e-07
3760,-9.9999621233264400427590262027122136601065e-07
3761,-9.9999621233264400427590262027122136601065e-07
3762,-9.9999621233264400427590262027122136601065e-07
3763,-9.9999621233264400427590262027122136601065e-07
3764,-9.9999621233264400427590262027122136601065e-07
3765,-9.9999621233264400427590262027122136601065e-07
3766,-9.9999621233264400427590262027122136601065e-07
3767,-9.9999621233264400427590262027122136601065e-07
3768,-9.9999621233264400427590262027122136601065e-07
3769,-9.9999621233264400427590262027122136601065e-07
3770,-9.9999621233264400427590262027122136601065e-07
3771,-9.9999621233264400427590262027122136601065e-07
3772,-9.9999621233264400427590262027122136601065e-07
3773,-9.9999621233264400427590262027122136601065e-07
3774,-9.9999621233264400427590262027122136601065e-07
3775,-9.9999621233264400427590262027122136601065e-07
3776,-9.9999621233264400427590262027122136601065e-07
3777,-9.9999621233264400427590262027122136601065e-07
3778,-9.9999621233264400427590262027122136601065e-07
3779,-9.9999621233264400427590262027122136601065e-07
3780,-9.9999621233264400427590262027122136601065e-07
3781,-9.9999621233264400427590262027122136601065e-07
3782,-9.9999621233264400427590262027122136601065e-07
3783,-9.9999621233264400427590262027122136601065e-07
3784,-9.9999621233264400427590262027122136601065e-07
3785,-1.0000043151935530008313701352817837175735e-06
3786,-9.9999654112178661577686571149126137925123e-07
3787,-9.9999316323955958737469164321343129131492e-07
3788,-9.9999621233264400427590262027122136601065e-07
3789,-9.9999621233264400427590262027122136601065e-07
3790,-9.9999621233264400427590262027122136601065e-07
3791,-9.9999621233264400427590262027122136601065e-07
3792,-9.9999621233264400427590262027122136601065e-07
3793,-9.9999621233264400427590262027122136601065e-07
3794,-9.9999621233264400427590262027122136601065e-07
3795,-9.9999621233264400427590262027122136601065e-07
3796,-9.9999621233264400427590262027122136601065e-07
3797,-9.9999621233264400427590262027122136601065e-07
3798,-9.9999621233264400427590262027122136601065e-07
3799,-9.9999621233264400427590262027122136601065e-07
3800,-9.9999621233264400427590262027122136601065e-07
3801,-9.9999621233264400427590262027122136601065e-07
3802,-9.9999621233264400427590262027122136601065e-07
3803,-9.9999621233264400427590262027122136601065e-07
3804,-9.9999621233264400427590262027122136601065e-07
3805,-9.9999621233264400427590262027122136601065e-07
3806,-9.9999621233264400427590262027122136601065e-07
3807,-9.9999621233264400427590262027122136601065e-07
3808,-9.9999621233264400427590262027122136601065e-07
3809,-9.9999621233264400427590262027122136601065e-07
3810,-9.9999621233264400427590262027122136601065e-07
3811,-9.9999621233264400427590262027122136601065e-07
3812,-9.9999621233264400427590262027122136601065e-07
3813,-9.9999621233264400427590262027122136601065e-07
3814,-9.9999621233264400427590262027122136601065e-07
3815,-9.9999621233264400427590262027122136601065e-07
3816,-9.9999621233264400427590262027122136601065e-07
3817,-9.9999621233264400427590262027122136601065e-07
3818,-1.0000043151935530008313701352817837175735e-06
3819,-9.9999654112178661577686571149126137925123e-07
3820,-9.9999316323955958737469164321343129131492e-07
3821,-9.9999621233264400427590262027122136601065e-07
3822,-9.9999621233264400427590262027122136601065e-07
3823,-9.9999621233264400427590262027122136601065e-07
3824,-9.9999621233264400427590262027122136601065e-07
3825,-9.9999621233264400427590262027122136601065e-07
3826,-9.9999621233264400427590262027122136601065e-07
3827,-9.9999621233264400427590262027122136601065e-07
3828,-9.9999621233264400427590262027122136601065e-07
3829,-9.9999621233264400427590262027122136601065e-07
3830,-1.0000090480597490226092423012960175299213e-06
3831,-9.9999978405538750266337306299435638834439e-07
3832,-9.9998574088251822948570333993156822316450e-07
3833,-9.9999621683979504331725961241428279890897e-07
3834,-1.0000016164934922940460111998040027003753e-06
3835,-1.0000100170528669009433137340736585940704e-06
3836,-9.9999447868194414901232575793033063860094e-07
3837,-1.0000016142399166686462142969449296003859e-06
3838,-9.9999621233264400427590262027122136601065e-07
3839,-9.9999621233264400427590262027122136601065e-07
3840,-9.9999621233264400427590262027122136601065e-07
3841,-9.9999621233264400427590262027122136601065e-07
3842,-9.9999621233264400427590262027122136601065e-07
3843,-9.9999621233264400427590262027122136601065e-07
3844,-9.9999621233264400427590262027122136601065e-07
3845,-9.9999621233264400427590262027122136601065e-07
3846,-9.9999621233264400427590262027122136601065e-07
3847,-9.9999621233264400427590262027122136601065e-07
3848,-9.9999621233264400427590262027122136601065e-07
3849,-9.9999621233264400427590262027122136601065e-07
3850,-9.9999621233264400427590262027122136601065e-07
3851,-9.9999621233264400427590262027122136601065e-07
3852,-9.9999621233264400427590262027122136601065e-07
3853,-9.9999621233264400427590262027122136601065e-07
3854,-9.9999621233264400427590262027122136601065e-07
3855,-9.9999621233264400427590262027122136601065e-07
3856,-9.9999621233264400427590262027122136601065e-07
3857,-9.9999621233264400427590262027122136601065e-07
3858,-9.9999621233264400427590262027122136601065e-07
3859,-9.9999621233264400427590262027122136601065e-07
3860,-9.9999621233264400427590262027122136601065e-07
3861,-9.9999621233264400427590262027122136601065e-07
3862,-9.9999621233264400427590262027122136601065e-07
3863,-9.9999621233264400427590262027122136601065e-07
3864,-9.9999621233264400427590262027122136601065e-07
3865,-9.9999621233264400427590262027122136601065e-07
3866,-9.9999621233264400427590262027122136601065e-07
3867,-9.9999621233264400427590262027122136601065e-07
3868,-9.9999621233264400427590262027122136601065e-07
3869,-9.9999621233264400427590262027122136601065e-07
3870,-9.9999621233264400427590262027122136601065e-07
3871,-9.9999621233264400427590262027122136601065e-07
3872,-9.9999621233264400427590262027122136601065e-07
3873,-9.9999621233264400427590262027122136601065e-07
3874,-9.9999621233264400427590262027122136601065e-07
3875,-9.9999621233264400427590262027122136601065e-07
3876,-9.9999621233264400427590262027122136601065e-07
3877,-9.9999621233264400427590262027122136601065e-07
3878,-9.9999621233264400427590262027122136601065e-07
3879,-9.9999621233264400427590262027122136601065e-07
3880,-9.9999621233264400427590262027122136601065e-07
3881,-9.9999621233264400427590262027122136601065e-07
3882,-9.9999621233264400427590262027122136601065e-07
3883,-9.9999621233264400427590262027122136601065e-07
3884,-9.9999621233264400427590262027122136601065e-07
3885,-9.9999621233264400427590262027122136601065e-07
3886,-9.9999621233264400427590262027122136601065e-07
3887,-9.9999621233264400427590262027122136601065e-07
3888,-9.9999621233264400427590262027122136601065e-07
3889,-9.9999621233264400427590262027122136601065e-07
3890,-9.9999621233264400427590262027122136601065e-07
3891,-9.9999621233264400427590262027122136601065e-07
3892,-9.9999621233264400427590262027122136601065e-07
3893,-9.9999621233264400427590262027122136601065e-07
3894,-9.9999621233264400427590262027122136601065e-07
3895,-9.9999621233264400427590262027122136601065e-07
3896,-9.9999621233264400427590262027122136601065e-07
3897,-1.0000016164934922940460111998040027003753e-06
3898,-1.0000100170528669009433137340736585940704e-06
3899,-9.9999447868194414901232575793033063860094e-07
3900,-1.0000016142399166686462142969449296003859e-06
3901,-9.9999621233264400427590262027122136601065e-07
3902,-9.9999621233264400427590262027122136601065e-07
3903,-9.9999621233264400427590262027122136601065e-07
3904,-9.9999621233264400427590262027122136601065e-07
3905,-9.9999621233264400427590262027122136601065e-07
3906,-9.9999621233264400427590262027122136601065e-07
3907,-9.9999621233264400427590262027122136601065e-07
3908,-9.9999621233264400427590262027122136601065e-07
3909,-9.9999621233264400427590262027122136601065e-07
3910,-9.9999621233264400427590262027122136601065e-07
3911,-9.9999621233264400427590262027122136601065e-07
3912,-9.9999621233264400427590262027122136601065e-07
3913,-9.9999621233264400427590262027122136601065e-07
3914,-9.9999621233264400427590262027122136601065e-07
3915,-9.9999621233264400427590262027122136601065e-07
3916,-9.9999621233264400427590262027122136601065e-07
3917,-9.9999621233264400427590262027122136601065e-07
3918,-9.9999823748447745294393868009663606244430e-07
3919,-9.9999485847546261184186616038926942451326e-07
3920,-1.1859179606442817045408588683130801655352e-01
3921,-1.1859179605519024058857269210420781746507e-01
3922,-1.1859179605519024058857269210420781746507e-01
3923,-1.1859179605519024058857269210420781746507e-01
3924,-1.1859179605519024058857269210420781746507e-01
3925,-1.1859179605519024058857269210420781746507e-01
3926,-1.1859179605519024058857269210420781746507e-01
3927,-1.1859179605519024058857269210420781746507e-01
3928,-1.1859179605519024058857269210420781746507e-01
3929,-1.1859179605519024058857269210420781746507e-01
3930,-1.1859179605519024058857269210420781746507e-01
3931,-1.1859179605519024058857269210420781746507e-01
3932,-1.1859179605519024058857269210420781746507e-01
3933,-1.1859179605519024058857269210420781746507e-01
3934,-1.1859179605519024058857269210420781746507e-01
3935,-1.1859179605519024058857269210420781746507e-01
3936,-1.1859179605519024058857269210420781746507e-01
3937,-1.1859179604978384303670679855713387951255e-01
3938,-1.1859179606648435900684290800199960358441e-01
3939,-1.1859179605923211853202303700527409091592e-01
3940,-1.1859179605671019142043576266587479040027e-01
3941,-1.1859179606735581469223461681394837796688e-01
3942,-1.1859179606058638245524861076773959212005e-01
3943,-1.1859179605519024058857269210420781746507e-01
3944,-1.1859179605519024058857269210420781746507e-01
3945,-1.1859179605519024058857269210420781746507e-01
3946,-1.1859179605519024058857269210420781746507e-01
3947,-1.1859179605519024058857269210420781746507e-01
3948,-1.1859179605519024058857269210420781746507e-01
3949,-1.1859179605519024058857269210420781746507e-01
3950,-1.1859179605519024058857269210420781746507e-01
3951,-1.1859179605519024058857269210420781746507e-01
3952,-1.1859179605519024058857269210420781746507e-01
3953,-1.1859179605519024058857269210420781746507e-01
3954,-1.1859179605519024058857269210420781746507e-01
3955,-1.1859179605519024058857269210420781746507e-01
3956,-1.1859179605519024058857269210420781746507e-01
3957,-1.1859179605519024058857269210420781746507e-01
3958,-1.1859179605519024058857269210420781746507e-01
3959,-1.1859179604978384303670679855713387951255e-01
3960,-1.1859179606483651048254301940687582828104e-01
3961,-1.1859179606194941714036872326687444001436e-01
3962,-1.1859179605623526576607673632679507136345e-01
3963,-1.1859179607207509521416000097815413028002e-01
3964,-1.1859179606870196010959261911921203136444e-01
3965,-1.1859179605519024058857269210420781746507e-01
3966,-1.1859179605519024058857269210420781746507e-01
3967,-1.1859179605519024058857269210420781746507e-01
3968,-1.1859179605519024058857269210420781746507e-01
3969,-1.1859179605519024058857269210420781746507e-01
3970,-1.1859179605519024058857269210420781746507e-01
3971,-1.1859179605519024058857269210420781746507e-01
3972,-1.1859179605519024058857269210420781746507e-01
3973,-1.1859179605519024058857269210420781746507e-01
3974,-1.1859179604543272634753492411618935875595e-01
3975,-1.1859179605798203516187072636967059224844e-01
3976,-1.1859179606195138778623743291973369196057e-01
3977,-1.1859179605518511968487160856966511346400e-01
3978,-1.1859179605519024058857269210420781746507e-01
3979,-1.1859179605519024058857269210420781746507e-01
3980,-1.1859179605519024058857269210420781746507e-01
3981,-1.1859179605519024058857269210420781746507e-01
3982,-1.1859179605519024058857269210420781746507e-01
3983,-1.1859179605519024058857269210420781746507e-01
3984,-1.1859179605519024058857269210420781746507e-01
3985,-1.1859179605519024058857269210420781746507e-01
3986,-1.1859179605519024058857269210420781746507e-01
3987,-1.1859179605519024058857269210420781746507e-01
3988,-1.1859179605519024058857269210420781746507e-01
3989,-1.1859179605519024058857269210420781746507e-01
3990,-1.1859179605519024058857269210420781746507e-01
3991,-1.1859179604543272634753492411618935875595e-01
3992,-1.1859179605798203516187072636967059224844e-01
3993,-1.1859179606195138778623743291973369196057e-01
3994,-1.1859179605518511968487160856966511346400e-01
3995,-1.1859179605519024058857269210420781746507e-01
3996,-1.1859179605519024058857269210420781746507e-01
3997,-1.1859179605083927655506670362228760495782e-01
3998,-1.1859179607207509521416000097815413028002e-01
3999,-1.1859179605624910192052112734018010087311e-01
4000,-1.1859179606212548463428646527972887270153e-01
4001,-1.1859179606194941714036872326687444001436e-01
4002,-1.1859179606058638245524861076773959212005e-01
4003,-1.1859179605519024058857269210420781746507e-01
4004,-1.1859179605519024058857269210420781746507e-01
4005,-1.1859179605519024058857269210420781746507e-01
4006,-1.1859179605519024058857269210420781746507e-01
4007,-1.1859179605519024058857269210420781746507e-01
4008,-1.1859179605519024058857269210420781746507e-01
4009,-1.1859179605519024058857269210420781746507e-01
4010,-1.1859179605519024058857269210420781746507e-01
4011,-1.1859179605519024058857269210420781746507e-01
4012,-1.1859179605519024058857269210420781746507e-01
4013,-1.1859179605519024058857269210420781746507e-01
4014,-1.1859179605519024058857269210420781746507e-01
4015,-1.1859179605519024058857269210420781746507e-01
4016,-1.1859179605519024058857269210420781746507e-01
4017,-1.1859179605519024058857269210420781746507e-01
4018,-1.1859179605519024058857269210420781746507e-01
4019,-1.1859179605519024058857269210420781746507e-01
4020,-1.1859179605519024058857269210420781746507e-01
4021,-1.1859179605519024058857269210420781746507e-01
4022,-1.1859179605519024058857269210420781746507e-01
4023,-1.1859179605519024058857269210420781746507e-01
4024,-1.1859179605519024058857269210420781746507e-01
4025,-1.1859179605519024058857269210420781746507e-01
4026,-1.1859179605519024058857269210420781746507e-01
4027,-1.1859179605519024058857269210420781746507e-01
4028,-1.1859179605519024058857269210420781746507e-01
4029,-1.1859179605519024058857269210420781746507e-01
4030,-1.1859179604978384303670679855713387951255e-01
4031,-1.1859179606483651048254301940687582828104e-01
4032,-1.1859179606194941714036872326687444001436e-01
4033,-1.1859179606058638245524861076773959212005e-01
4034,-1.1859179605519024058857269210420781746507e-01
4035,-1.1859179605519024058857269210420781746507e-01
4036,-1.1859179605519024058857269210420781746507e-01
4037,-1.1859179605519024058857269210420781746507e-01
4038,-1.1859179605519024058857269210420781746507e-01
4039,-1.1859179605519024058857269210420781746507e-01
4040,-1.1859179605519024058857269210420781746507e-01
4041,-1.1859179605519024058857269210420781746507e-01
4042,-1.1859179605519024058857269210420781746507e-01
4043,-1.1859179605519024058857269210420781746507e-01
4044,-1.1859179605519024058857269210420781746507e-01
4045,-1.1859179605519024058857269210420781746507e-01
4046,-1.1859179605519024058857269210420781746507e-01
4047,-1.1859179605519024058857269210420781746507e-01
4048,-1.1859179605519024058857269210420781746507e-01
4049,-1.1859179605519024058857269210420781746507e-01
4050,-1.1859179605519024058857269210420781746507e-01
4051,-1.1859179605519024058857269210420781746507e-01
4052,-1.1859179605519024058857269210420781746507e-01
4053,-1.1859179605519024058857269210420781746507e-01
4054,-1.1859179605519024058857269210420781746507e-01
4055,-1.1859179605519024058857269210420781746507e-01
4056,-1.1859179605519024058857269210420781746507e-01
4057,-1.1859179605519024058857269210420781746507e-01
4058,-1.1859179605519024058857269210420781746507e-01
4059,-1.1859179605519024058857269210420781746507e-01
4060,-1.1859179605519024058857269210420781746507e-01
4061,-1.1859179605519024058857269210420781746507e-01
4062,-1.1859179605519024058857269210420781746507e-01
4063,-1.1859179604978384303670679855713387951255e-01
4064,-1.1859179606483651048254301940687582828104e-01
4065,-1.1859179606194941714036872326687444001436e-01
4066,-1.1859179606058638245524861076773959212005e-01
4067,-1.1859179605519024058857269210420781746507e-01
4068,-1.1859179605519024058857269210420781746507e-01
4069,-1.1859179605519024058857269210420781746507e-01
4070,-1.1859179605519024058857269210420781746507e-01
4071,-1.1859179605519024058857269210420781746507e-01
4072,-1.1859179605519024058857269210420781746507e-01
4073,-1.1859179605519024058857269210420781746507e-01
4074,-1.1859179605519024058857269210420781746507e-01
4075,-1.1859179605248695854591289844393031671643e-01
4076,-1.1859179605787567579611163637309800833464e-01
4077,-1.1859179606598795053695738488386268727481e-01
4078,-1.1859179606059676304052885598139255307615e-01
4079,-1.1859179604978120625702331381035037338734e-01
4080,-1.1859179605298993120943151780011248774827e-01
4081,-1.1859179605249427214008761666264035739005e-01
4082,-1.1859179606599803968869366599392378702760e-01
4083,-1.1859179605519024058857269210420781746507e-01
4084,-1.1859179605519024058857269210420781746507e-01
4085,-1.1859179605519024058857269210420781746507e-01
4086,-1.1859179605519024058857269210420781746507e-01
4087,-1.1859179605519024058857269210420781746507e-01
4088,-1.1859179605519024058857269210420781746507e-01
4089,-1.1859179605519024058857269210420781746507e-01
4090,-1.1859179605519024058857269210420781746507e-01
4091,-1.1859179605519024058857269210420781746507e-01
4092,-1.1859179605519024058857269210420781746507e-01
4093,-1.1859179605519024058857269210420781746507e-01
4094,-1.1859179605519024058857269210420781746507e-01
4095,-1.1859179605519024058857269210420781746507e-01
4096,-1.1859179605519024058857269210420781746507e-01
4097,-1.1859179605519024058857269210420781746507e-01
4098,-1.1859179605519024058857269210420781746507e-01
4099,-1.1859179605519024058857269210420781746507e-01
4100,-1.1859179605519024058857269210420781746507e-01
4101,-1.1859179605519024058857269210420781746507e-01
4102,-1.1859179605519024058857269210420781746507e-01
4103,-1.1859179605519024058857269210420781746507e-01
4104,-1.1859179605519024058857269210420781746507e-01
4105,-1.1859179605519024058857269210420781746507e-01
4106,-1.1859179605519024058857269210420781746507e-01
4107,-1.1859179605519024058857269210420781746507e-01
4108,-1.1859179605519024058857269210420781746507e-01
4109,-1.1859179605519024058857269210420781746507e-01
4110,-1.1859179605519024058857269210420781746507e-01
4111,-1.1859179605519024058857269210420781746507e-01
4112,-1.1859179605519024058857269210420781746507e-01
4113,-1.1859179605519024058857269210420781746507e-01
4114,-1.1859179605519024058857269210420781746507e-01
4115,-1.1859179605519024058857269210420781746507e-01
4116,-1.1859179605519024058857269210420781746507e-01
4117,-1.1859179605519024058857269210420781746507e-01
4118,-1.1859179605519024058857269210420781746507e-01
4119,-1.1859179605519024058857269210420781746507e-01
4120,-1.1859179605519024058857269210420781746507e-01
4121,-1.1859179605519024058857269210420781746507e-01
4122,-1.1859179605519024058857269210420781746507e-01
4123,-1.1859179605519024058857269210420781746507e-01
4124,-1.1859179605519024058857269210420781746507e-01
4125,-1.1859179605519024058857269210420781746507e-01
4126,-1.1859179605519024058857269210420781746507e-01
4127,-1.1859179605519024058857269210420781746507e-01
4128,-1.1859179605519024058857269210420781746507e-01
4129,-1.1859179605519024058857269210420781746507e-01
4130,-1.1859179605519024058857269210420781746507e-01
4131,-1.1859179605519024058857269210420781746507e-01
4132,-1.1859179605519024058857269210420781746507e-01
4133,-1.1859179605519024058857269210420781746507e-01
4134,-1.1859179605519024058857269210420781746507e-01
4135,-1.1859179605519024058857269210420781746507e-01
4136,-1.1859179605519024058857269210420781746507e-01
4137,-1.1859179605519024058857269210420781746507e-01
4138,-1.1859179605519024058857269210420781746507e-01
4139,-1.1859179605519024058857269210420781746507e-01
4140,-1.1859179605519024058857269210420781746507e-01
4141,-1.1859179605519024058857269210420781746507e-01
4142,-1.1859179604978120625702331381035037338734e-01
4143,-1.1859179605298993120943151780011248774827e-01
4144,-1.1859179605249427214008761666264035739005e-01
4145,-1.1859179606599803968869366599392378702760e-01
4146,-1.1859179605519024058857269210420781746507e-01
4147,-1.1859179605519024058857269210420781746507e-01
4148,-1.1859179605519024058857269210420781746507e-01
4149,-1.1859179605519024058857269210420781746507e-01
4150,-1.1859179605519024058857269210420781746507e-01
4151,-1.1859179605519024058857269210420781746507e-01
4152,-1.1859179605519024058857269210420781746507e-01
4153,-1.1859179605519024058857269210420781746507e-01
4154,-1.1859179605519024058857269210420781746507e-01
4155,-1.1859179605519024058857269210420781746507e-01
4156,-1.1859179605519024058857269210420781746507e-01
4157,-1.1859179605519024058857269210420781746507e-01
4158,-1.1859179605519024058857269210420781746507e-01
4159,-1.1859179605519024058857269210420781746507e-01
4160,-1.1859179605519024058857269210420781746507e-01
4161,-1.1859179605519024058857269210420781746507e-01
4162,-1.1859179605519024058857269210420781746507e-01
4163,-1.1859179604167403854209084101967164315283e-01
4164,-1.1859179607085848506820013881224440410733e-01
4165,-9.9998688991890532129676316674959934971412e-07
4166,-1.0000022421186039233911976506496976924154e-06
4167,-1.0000022365116000840979185171342180638021e-06
4168,-1.0000022365116000840979185171342180638021e-06
4169,-1.0000022365116000840979185171342180638021e-06
4170,-1.0000022365116000840979185171342180638021e-06
4171,-1.0000022365116000840979185171342180638021e-06
4172,-1.0000022365116000840979185171342180638021e-06
4173,-1.0000022365116000840979185171342180638021e-06
4174,-1.0000022365116000840979185171342180638021e-06
4175,-1.0000022365116000840979185171342180638021e-06
4176,-1.0000022365116000840979185171342180638021e-06
4177,-1.0000022365116000840979185171342180638021e-06
4178,-1.0000022365116000840979185171342180638021e-06
4179,-1.0000022365116000840979185171342180638021e-06
4180,-1.0000022365116000840979185171342180638021e-06
4181,-1.0000022365116000840979185171342180638021e-06
4182,-1.0000003382100909745067119846484438028256e-06
4183,-9.9998759234356233018914481697203555654596e-07
4184,-9.9999285510792616197151688739452879417513e-07
4185,-9.9999425699503827299119331634136287334513e-07
4186,-1.0000042478616942487801202282815538069372e-06
4187,-1.0000076426590917303359982992727594819371e-06
4188,-1.0000022365116000840979185171342180638021e-06
4189,-1.0000022365116000840979185171342180638021e-06
4190,-1.0000022365116000840979185171342180638021e-06
4191,-1.0000022365116000840979185171342180638021e-06
4192,-1.0000022365116000840979185171342180638021e-06
4193,-1.0000022365116000840979185171342180638021e-06
4194,-1.0000022365116000840979185171342180638021e-06
4195,-1.0000022365116000840979185171342180638021e-06
4196,-1.0000022365116000840979185171342180638021e-06
4197,-1.0000022365116000840979185171342180638021e-06
4198,-1.0000022365116000840979185171342180638021e-06
4199,-1.0000022365116000840979185171342180638021e-06
4200,-1.0000022365116000840979185171342180638021e-06
4201,-1.0000022365116000840979185171342180638021e-06
4202,-1.0000022365116000840979185171342180638021e-06
4203,-1.0000022365116000840979185171342180638021e-06
4204,-1.0000003382100909745067119846484438028256e-06
4205,-9.9999086813446824896110462499443372053065e-07
4206,-9.9999342930005945702918741108122802074831e-07
4207,-1.0000114395806820055960691118190908355245e-06
4208,-9.9999607125196307517772317807747128881601e-07
4209,-1.0000008926431248141366040990685171152563e-06
4210,-9.9999683003428460786909167529179498501435e-07
4211,-1.0000022365116000840979185171342180638021e-06
4212,-1.0000022365116000840979185171342180638021e-06
4213,-1.0000022365116000840979185171342180638021e-06
4214,-1.0000022365116000840979185171342180638021e-06
4215,-1.0000022365116000840979185171342180638021e-06
4216,-1.0000022365116000840979185171342180638021e-06
4217,-1.0000022365116000840979185171342180638021e-06
4218,-1.0000022365116000840979185171342180638021e-06
4219,-9.9999662995141695507456385677569343783944e-07
4220,-9.9999528080577056965666353505195473871936e-07
4221,-1.0000028924493878937579741106311814746732e-06
4222,-1.0000022305747724148138923239148567745360e-06
4223,-1.0000022365116000840979185171342180638021e-06
4224,-1.0000022365116000840979185171342180638021e-06
4225,-1.0000022365116000840979185171342180638021e-06
4226,-1.0000022365116000840979185171342180638021e-06
4227,-1.0000022365116000840979185171342180638021e-06
4228,-1.0000022365116000840979185171342180638021e-06
4229,-1.0000022365116000840979185171342180638021e-06
4230,-1.0000022365116000840979185171342180638021e-06
4231,-1.0000022365116000840979185171342180638021e-06
4232,-1.0000022365116000840979185171342180638021e-06
4233,-1.0000022365116000840979185171342180638021e-06
4234,-1.0000022365116000840979185171342180638021e-06
4235,-1.0000022365116000840979185171342180638021e-06
4236,-9.9999662995141695507456385677569343783944e-07
4237,-9.9999528080577056965666353505195473871936e-07
4238,-1.0000028924493878937579741106311814746732e-06
4239,-1.0000022305747724148138923239148567745360e-06
4240,-1.0000022365116000840979185171342180638021e-06
4241,-1.0000022365116000840979185171342180638021e-06
4242,-1.0000006384997061799482310009978824894006e-06
4243,-9.9999607125196307517772317807747128881601e-07
4244,-9.9998954405540964943393134750637685215224e-07
4245,-9.9999086219764057967707843177507243126456e-07
4246,-9.9999342930005945702918741108122802074831e-07
4247,-1.0000076426590917303359982992727594819371e-06
4248,-1.0000022365116000840979185171342180638021e-06
4249,-1.0000022365116000840979185171342180638021e-06
4250,-1.0000022365116000840979185171342180638021e-06
4251,-1.0000022365116000840979185171342180638021e-06
4252,-1.0000022365116000840979185171342180638021e-06
4253,-1.0000022365116000840979185171342180638021e-06
4254,-1.0000022365116000840979185171342180638021e-06
4255,-1.0000022365116000840979185171342180638021e-06
4256,-1.0000022365116000840979185171342180638021e-06
4257,-1.0000022365116000840979185171342180638021e-06
4258,-1.0000022365116000840979185171342180638021e-06
4259,-1.0000022365116000840979185171342180638021e-06
4260,-1.0000022365116000840979185171342180638021e-06
4261,-1.0000022365116000840979185171342180638021e-06
4262,-1.0000022365116000840979185171342180638021e-06
4263,-1.0000022365116000840979185171342180638021e-06
4264,-1.0000022365116000840979185171342180638021e-06
4265,-1.0000022365116000840979185171342180638021e-06
4266,-1.0000022365116000840979185171342180638021e-06
4267,-1.0000022365116000840979185171342180638021e-06
4268,-1.0000022365116000840979185171342180638021e-06
4269,-1.0000022365116000840979185171342180638021e-06
4270,-1.0000022365116000840979185171342180638021e-06
4271,-1.0000022365116000840979185171342180638021e-06
4272,-1.0000022365116000840979185171342180638021e-06
4273,-1.0000022365116000840979185171342180638021e-06
4274,-1.0000022365116000840979185171342180638021e-06
4275,-1.0000003382100909745067119846484438028256e-06
4276,-9.9999086813446824896110462499443372053065e-07
4277,-9.9999342930005945702918741108122802074831e-07
4278,-1.0000076426590917303359982992727594819371e-06
4279,-1.0000022365116000840979185171342180638021e-06
4280,-1.0000022365116000840979185171342180638021e-06
4281,-1.0000022365116000840979185171342180638021e-06
4282,-1.0000022365116000840979185171342180638021e-06
4283,-1.0000022365116000840979185171342180638021e-06
4284,-1.0000022365116000840979185171342180638021e-06
4285,-1.0000022365116000840979185171342180638021e-06
4286,-1.0000022365116000840979185171342180638021e-06
4287,-1.0000022365116000840979185171342180638021e-06
4288,-1.0000022365116000840979185171342180638021e-06
4289,-1.0000022365116000840979185171342180638021e-06
4290,-1.0000022365116000840979185171342180638021e-06
4291,-1.0000022365116000840979185171342180638021e-06
4292,-1.0000022365116000840979185171342180638021e-06
4293,-1.0000022365116000840979185171342180638021e-06
4294,-1.0000022365116000840979185171342180638021e-06
4295,-1.0000022365116000840979185171342180638021e-06
4296,-1.0000022365116000840979185171342180638021e-06
4297,-1.0000022365116000840979185171342180638021e-06
4298,-1.0000022365116000840979185171342180638021e-06
4299,-1.0000022365116000840979185171342180638021e-06
4300,-1.0000022365116000840979185171342180638021e-06
4301,-1.0000022365116000840979185171342180638021e-06
4302,-1.0000022365116000840979185171342180638021e-06
4303,-1.0000022365116000840979185171342180638021e-06
4304,-1.0000022365116000840979185171342180638021e-06
4305,-1.0000022365116000840979185171342180638021e-06
4306,-1.0000022365116000840979185171342180638021e-06
4307,-1.0000022365116000840979185171342180638021e-06
4308,-1.0000003382100909745067119846484438028256e-06
4309,-9.9999086813446824896110462499443372053065e-07
4310,-9.9999342930005945702918741108122802074831e-07
4311,-1.0000076426590917303359982992727594819371e-06
4312,-1.0000022365116000840979185171342180638021e-06
4313,-1.0000022365116000840979185171342180638021e-06
4314,-1.0000022365116000840979185171342180638021e-06
4315,-1.0000022365116000840979185171342180638021e-06
4316,-1.0000022365116000840979185171342180638021e-06
4317,-1.0000022365116000840979185171342180638021e-06
4318,-1.0000022365116000840979185171342180638021e-06
4319,-1.0000022365116000840979185171342180638021e-06
4320,-1.0000018884286834017980890101928714841506e-06
4321,-9.9999461431421693500404268561965182016138e-07
4322,-9.9999481241753936742859033837138582612170e-07
4323,-1.0000076311152604335169297861130033311383e-06
4324,-1.0000017414164984054893766524108045246066e-06
4325,-9.9999374078199152134397657137876436195256e-07
4326,-1.0000062536047841506525691787632403872976e-06
4327,-9.9999682409745693858506548207243369574826e-07
4328,-1.0000022365116000840979185171342180638021e-06
4329,-1.0000022365116000840979185171342180638021e-06
4330,-1.0000022365116000840979185171342180638021e-06
4331,-1.0000022365116000840979185171342180638021e-06
4332,-1.0000022365116000840979185171342180638021e-06
4333,-1.0000022365116000840979185171342180638021e-06
4334,-1.0000022365116000840979185171342180638021e-06
4335,-1.0000022365116000840979185171342180638021e-06
4336,-1.0000022365116000840979185171342180638021e-06
4337,-1.0000022365116000840979185171342180638021e-06
4338,-1.0000022365116000840979185171342180638021e-06
4339,-1.0000022365116000840979185171342180638021e-06
4340,-1.0000022365116000840979185171342180638021e-06
4341,-1.0000022365116000840979185171342180638021e-06
4342,-1.0000022365116000840979185171342180638021e-06
4343,-1.0000022365116000840979185171342180638021e-06
4344,-1.0000022365116000840979185171342180638021e-06
4345,-1.0000022365116000840979185171342180638021e-06
4346,-1.0000022365116000840979185171342180638021e-06
4347,-1.0000022365116000840979185171342180638021e-06
4348,-1.0000022365116000840979185171342180638021e-06
4349,-1.0000022365116000840979185171342180638021e-06
4350,-1.0000022365116000840979185171342180638021e-06
4351,-1.0000022365116000840979185171342180638021e-06
4352,-1.0000022365116000840979185171342180638021e-06
4353,-1.0000022365116000840979185171342180638021e-06
4354,-1.0000022365116000840979185171342180638021e-06
4355,-1.0000022365116000840979185171342180638021e-06
4356,-1.0000022365116000840979185171342180638021e-06
4357,-1.0000022365116000840979185171342180638021e-06
4358,-1.0000022365116000840979185171342180638021e-06
4359,-1.0000022365116000840979185171342180638021e-06
4360,-1.0000022365116000840979185171342180638021e-06
4361,-1.0000022365116000840979185171342180638021e-06
4362,-1.0000022365116000840979185171342180638021e-06
4363,-1.0000022365116000840979185171342180638021e-06
4364,-1.0000022365116000840979185171342180638021e-06
4365,-1.0000022365116000840979185171342180638021e-06
4366,-1.0000022365116000840979185171342180638021e-06
4367,-1.0000022365116000840979185171342180638021e-06
4368,-1.0000022365116000840979185171342180638021e-06
4369,-1.0000022365116000840979185171342180638021e-06
4370,-1.0000022365116000840979185171342180638021e-06
4371,-1.0000022365116000840979185171342180638021e-06
4372,-1.0000022365116000840979185171342180638021e-06
4373,-1.0000022365116000840979185171342180638021e-06
4374,-1.0000022365116000840979185171342180638021e-06
4375,-1.0000022365116000840979185171342180638021e-06
4376,-1.0000022365116000840979185171342180638021e-06
4377,-1.0000022365116000840979185171342180638021e-06
4378,-1.0000022365116000840979185171342180638021e-06
4379,-1.0000022365116000840979185171342180638021e-06
4380,-1.0000022365116000840979185171342180638021e-06
4381,-1.0000022365116000840979185171342180638021e-06
4382,-1.0000022365116000840979185171342180638021e-06
4383,-1.0000022365116000840979185171342180638021e-06
4384,-1.0000022365116000840979185171342180638021e-06
4385,-1.0000022365116000840979185171342180638021e-06
4386,-1.0000022365116000840979185171342180638021e-06
4387,-1.0000017414164984054893766524108045246066e-06
4388,-9.9999374078199152134397657137876436195256e-07
4389,-1.0000062536047841506525691787632403872976e-06
4390,-9.9999682409745693858506548207243369574826e-07
4391,-1.0000022365116000840979185171342180638021e-06
4392,-1.0000022365116000840979185171342180638021e-06
4393,-1.0000022365116000840979185171342180638021e-06
4394,-1.0000022365116000840979185171342180638021e-06
4395,-1.0000022365116000840979185171342180638021e-06
4396,-1.0000022365116000840979185171342180638021e-06
4397,-1.0000022365116000840979185171342180638021e-06
4398,-1.0000022365116000840979185171342180638021e-06
4399,-1.0000022365116000840979185171342180638021e-06
4400,-1.0000022365116000840979185171342180638021e-06
4401,-1.0000022365116000840979185171342180638021e-06
4402,-1.0000022365116000840979185171342180638021e-06
4403,-1.0000022365116000840979185171342180638021e-06
4404,-1.0000022365116000840979185171342180638021e-06
4405,-1.0000022365116000840979185171342180638021e-06
4406,-1.0000022365116000840979185171342180638021e-06
4407,-1.0000022365116000840979185171342180638021e-06
4408,-9.9999889479231034984348710364931989147408e-07
4409,-1.0000019335868103226066996164211886366502e-06
