index,H
0,1.0000000000000819344592173365526832640171e+00
1,1.0000000000000410782519111307919956743717e+00
2,9.9999999999987532195433459492051042616367e-01
3,1.0000000000001065814103640150278806686401e+00
4,9.9999999999984356957583031544345431029797e-01
5,1.0000000000001767475055203249212354421616e+00
6,9.9999999999984356957583031544345431029797e-01
7,9.9999999999985766940824305493151769042015e-01
8,9.9999999999993016697175107765360735356808e-01
9,1.0000000000000317523785042794770561158657e+00
10,9.9999999999998989697047591107548214495182e-01
11,9.9999999999989097609898180962773039937019e-01
12,1.0000000212950315159332603798247873783112e+00
13,1.0000000268813524773037215709337033331394e+00
14,1.0000000315769952408118115272372961044312e+00
15,1.0000000345869093365536173223517835140228e+00
16,1.0000000352278508586323368945159018039703e+00
17,1.0000000331137124387481662779464386403561e+00
18,1.0000000283254300015300941595342010259628e+00
19,1.0000000215067812447955475363414734601974e+00
20,1.0000000138226790014073230850044637918472e+00
21,1.0000000067590908425785301005817018449306e+00
22,1.0000000017896917281490232198848389089108e+00
23,9.9999999999978295139868578189634718000889e-01
24,1.0000000017896693016439257917227223515511e+00
25,1.0000000067590475438805697194766253232956e+00
26,1.0000000138225932921898220229195430874825e+00
27,1.0000000215068585163180614472366869449615e+00
28,1.0000000283256231803363789367722347378731e+00
29,1.0000000331135978637320249617914669215679e+00
30,1.0000000352278806126093968487111851572990e+00
31,1.0000000345868060858123271827935241162777e+00
32,1.0000000315770973813300770416390150785446e+00
33,1.0000000268812139214702483513974584639072e+00
34,1.0000000212953576994578952508163638412952e+00
35,1.0000000212952080413941757797147147357464e+00
36,1.0000000268811450876427215916919521987438e+00
37,1.0000000315770125602909956796793267130852e+00
38,1.0000000345867752216122426034417003393173e+00
39,1.0000000352279141413447405284387059509754e+00
40,1.0000000331134839548496984207304194569588e+00
41,1.0000000283254721900050299154827371239662e+00
42,1.0000000215066080500037060119211673736572e+00
43,1.0000000138225650925249965439434163272381e+00
44,1.0000000067590142371898309647804126143456e+00
45,1.0000000017896517601201367142493836581707e+00
46,9.9999999999984123810747860261471942067146e-01
47,1.0000000017897308079994900253950618207455e+00
48,1.0000000067590053554056339635280892252922e+00
49,1.0000000138226698975785211587208323180676e+00
50,1.0000000215065409925330186524661257863045e+00
51,1.0000000283253398514204945968231186270714e+00
52,1.0000000331135030506857219734229147434235e+00
53,1.0000000352279321269577394559746608138084e+00
54,1.0000000345867190443271965705207549035549e+00
55,1.0000000315768942105165706379921175539494e+00
56,1.0000000268810806947072933326126076281071e+00
57,1.0000000212953785716507582037593238055706e+00
58,1.0000000212949833322539916480309329926968e+00
59,1.0000000268815090187501937180059030652046e+00
60,1.0000000315769446146418886200990527868271e+00
61,1.0000000345869417550659363769227638840675e+00
62,1.0000000352278521908999664447037503123283e+00
63,1.0000000331135179276742519505205564200878e+00
64,1.0000000283253318578147172956960275769234e+00
65,1.0000000215067401665436364055494777858257e+00
66,1.0000000138224027779187963460572063922882e+00
67,1.0000000067591077179685044029611162841320e+00
68,1.0000000017896351067747673369012773036957e+00
69,9.9999999999996380672939721989678218960762e-01
70,1.0000000017896413240237052377779036760330e+00
71,1.0000000067590875119094562251120805740356e+00
72,1.0000000138224711676571132557000964879990e+00
73,1.0000000215069599907025121865444816648960e+00
74,1.0000000283253864807875288533978164196014e+00
75,1.0000000331135490139189414549036882817745e+00
76,1.0000000352279947435363283148035407066345e+00
77,1.0000000345870501128331397922011092305183e+00
78,1.0000000315769259628950749174691736698151e+00
79,1.0000000268813651338462022977182641625404e+00
80,1.0000000212951243305781190429115667939186e+00
81,1.0000000212950315159332603798247873783112e+00
82,1.0000000268813524773037215709337033331394e+00
83,1.0000000315769952408118115272372961044312e+00
84,1.0000000345869093365536173223517835140228e+00
85,1.0000000352278508586323368945159018039703e+00
86,1.0000000331137124387481662779464386403561e+00
87,1.0000000283254300015300941595342010259628e+00
88,1.0000000215067812447955475363414734601974e+00
89,1.0000000138226790014073230850044637918472e+00
90,1.0000000067590908425785301005817018449306e+00
91,1.0000000017896917281490232198848389089108e+00
92,9.9999999999978295139868578189634718000889e-01
93,1.0000000017896693016439257917227223515511e+00
94,1.0000000067590475438805697194766253232956e+00
95,1.0000000138225932921898220229195430874825e+00
96,1.0000000215068585163180614472366869449615e+00
97,1.0000000283256231803363789367722347378731e+00
98,1.0000000331135978637320249617914669215679e+00
99,1.0000000352278806126093968487111851572990e+00
100,1.0000000345868060858123271827935241162777e+00
101,1.0000000315770973813300770416390150785446e+00
102,1.0000000268812139214702483513974584639072e+00
103,1.0000000212954052170033492075162939727306e+00
104,1.0000000212951851707998685014899820089340e+00
105,1.0000000268813051818028725392650812864304e+00
106,1.0000000315769956849010213772999122738838e+00
107,1.0000000345867654516496259020641446113586e+00
108,1.0000000352279163617907897787517867982388e+00
109,1.0000000331135940889737412362592294812202e+00
110,1.0000000283254162347645888075930997729301e+00
111,1.0000000215067432751681053559877909719944e+00
112,1.0000000138227378432276282183011062443256e+00
113,1.0000000067588918906125172725296579301357e+00
114,1.0000000017895727122407834031037054955959e+00
115,1.0000000000002162714451969804940745234489e+00
116,1.0000000017897996418270167851005680859089e+00
117,1.0000000067588266094986693133250810205936e+00
118,1.0000000138226341483971282286802306771278e+00
119,1.0000000215065709685546835316927172243595e+00
120,1.0000000283256973432344238972291350364685e+00
121,1.0000000331136704723178354470292106270790e+00
122,1.0000000352276003923179814592003822326660e+00
123,1.0000000345867432471891333989333361387253e+00
124,1.0000000315770416481342408587806858122349e+00
125,1.0000000268812172521393222268670797348022e+00
126,1.0000000212952555589396297364146448671818e+00
127,1.0000000212954511802365686889970675110817e+00
128,1.0000000268813262760403404172393493354321e+00
129,1.0000000315768220460199700028169900178909e+00
130,1.0000000345867408046984792235889472067356e+00
131,1.0000000352279128090771109782508574426174e+00
132,1.0000000331135450171160528043401427567005e+00
133,1.0000000283254562027934753132285550236702e+00
134,1.0000000215067335052054886546102352440357e+00
135,1.0000000138226847745670511358184739947319e+00
136,1.0000000067589764896069937094580382108688e+00
137,1.0000000017895958048796956063597463071346e+00
138,9.9999999999998057109706905976054258644581e-01
139,1.0000000017895391835054397233761847019196e+00
140,1.0000000067587861973805729576270096004009e+00
141,1.0000000138226248225237213773652911186218e+00
142,1.0000000215065143471804276487091556191444e+00
143,1.0000000283255741084786905048531480133533e+00
144,1.0000000331135212583433258259901776909828e+00
145,1.0000000352278108906034503888804465532303e+00
146,1.0000000345869053397507286717882379889488e+00
147,1.0000000315770893877242997405119240283966e+00
148,1.0000000268812345716185063793091103434563e+00
149,1.0000000212954121003861018834868445992470e+00
150,1.0000000212951263289795633681933395564556e+00
151,1.0000000268813549197943757462780922651291e+00
152,1.0000000315768478031941413064487278461456e+00
153,1.0000000345868462758858186134602874517441e+00
154,1.0000000352279905246888347392086870968342e+00
155,1.0000000331137841591555570630589500069618e+00
156,1.0000000283255943145377386827021837234497e+00
157,1.0000000215067514908184875821461901068687e+00
158,1.0000000138224869328240629329229705035686e+00
159,1.0000000067590246732862624412518925964832e+00
160,1.0000000017894599135814814871991984546185e+00
161,1.0000000000001243449787580175325274467468e+00
162,1.0000000017894941084506399420206435024738e+00
163,1.0000000067588141750007935115718282759190e+00
164,1.0000000138225157986227031869930215179920e+00
165,1.0000000215066324749102477653650566935539e+00
166,1.0000000283257566291439388805883936583996e+00
167,1.0000000331135419084915838539018295705318e+00
168,1.0000000352280367099666591457207687199116e+00
169,1.0000000345869055617953335968195460736752e+00
170,1.0000000315770474212939689095946960151196e+00
171,1.0000000268813009629553789636702276766300e+00
172,1.0000000212952033784574723540572449564934e+00
173,1.0000000212956980938372453238116577267647e+00
174,1.0000000268813160619885138657991774380207e+00
175,1.0000000315767521019694186179549433290958e+00
176,1.0000000345869246576313571495120413601398e+00
177,1.0000000352279321269577394559746608138084e+00
178,1.0000000331135165954066224003327079117298e+00
179,1.0000000283256318400759710129932500422001e+00
180,1.0000000215068518549799136962974444031715e+00
181,1.0000000138225679791048605693504214286804e+00
182,1.0000000067589847052573759356164373457432e+00
183,1.0000000017897214821260831740801222622395e+00
184,9.9999999999996169730565043209935538470745e-01
185,1.0000000017897587856197105793398804962635e+00
186,1.0000000067589631669306982075795531272888e+00
187,1.0000000138225648704803916189121082425117e+00
188,1.0000000215066864317492445479729212820530e+00
189,1.0000000283252923338750406401231884956360e+00
190,1.0000000331132801179023772419895976781845e+00
191,1.0000000352280109527924878420890308916569e+00
192,1.0000000345869524132069727784255519509315e+00
193,1.0000000315770334324838586326222866773605e+00
194,1.0000000268813316051108586179907433688641e+00
195,1.0000000212955855172225483329384587705135e+00
196,1.0000000212956980938372453238116577267647e+00
197,1.0000000268813160619885138657991774380207e+00
198,1.0000000315767521019694186179549433290958e+00
199,1.0000000345869246576313571495120413601398e+00
200,1.0000000352279321269577394559746608138084e+00
201,1.0000000331135165954066224003327079117298e+00
202,1.0000000283256318400759710129932500422001e+00
203,1.0000000215068518549799136962974444031715e+00
204,1.0000000138225679791048605693504214286804e+00
205,1.0000000067589847052573759356164373457432e+00
206,1.0000000017897214821260831740801222622395e+00
207,9.9999999999996169730565043209935538470745e-01
208,1.0000000017897587856197105793398804962635e+00
209,1.0000000067589631669306982075795531272888e+00
210,1.0000000138225648704803916189121082425117e+00
211,1.0000000215066864317492445479729212820530e+00
212,1.0000000283252923338750406401231884956360e+00
213,1.0000000331132801179023772419895976781845e+00
214,1.0000000352280109527924878420890308916569e+00
215,1.0000000345869524132069727784255519509315e+00
216,1.0000000315770334324838586326222866773605e+00
217,1.0000000268813316051108586179907433688641e+00
218,1.0000000212955855172225483329384587705135e+00
219,1.0000000212953608080823642012546770274639e+00
220,1.0000000268814568382680363356485031545162e+00
221,1.0000000315768435843466477308538742363453e+00
222,1.0000000345868516049563368142116814851761e+00
223,1.0000000352281119830877287313342094421387e+00
224,1.0000000331134719644410324690397828817368e+00
225,1.0000000283253533961413950237329117953777e+00
226,1.0000000215068853837152573760249651968479e+00
227,1.0000000138225151324888884118990972638130e+00
228,1.0000000067589738250717346090823411941528e+00
229,1.0000000017895280812751934718107804656029e+00
230,1.0000000000000779376563286859891377389431e+00
231,1.0000000017896080173329664830816909670830e+00
232,1.0000000067590364416503234679112210869789e+00
233,1.0000000138225031420802224602084606885910e+00
234,1.0000000215065885100784726091660559177399e+00
235,1.0000000283255698896311969292582944035530e+00
236,1.0000000331136780218344028980936855077744e+00
237,1.0000000352280986604114332294557243585587e+00
238,1.0000000345868567119822500899317674338818e+00
239,1.0000000315768748926359421602683141827583e+00
240,1.0000000268813606929541037970921024680138e+00
241,1.0000000212955024725403063712292350828648e+00
242,1.0000000212951263289795633681933395564556e+00
243,1.0000000268813549197943757462780922651291e+00
244,1.0000000315768478031941413064487278461456e+00
245,1.0000000345868462758858186134602874517441e+00
246,1.0000000352279905246888347392086870968342e+00
247,1.0000000331137841591555570630589500069618e+00
248,1.0000000283255943145377386827021837234497e+00
249,1.0000000215067514908184875821461901068687e+00
250,1.0000000138224869328240629329229705035686e+00
251,1.0000000067590246732862624412518925964832e+00
252,1.0000000017894599135814814871991984546185e+00
253,1.0000000000001243449787580175325274467468e+00
254,1.0000000017894941084506399420206435024738e+00
255,1.0000000067588141750007935115718282759190e+00
256,1.0000000138225157986227031869930215179920e+00
257,1.0000000215066324749102477653650566935539e+00
258,1.0000000283257566291439388805883936583996e+00
259,1.0000000331135419084915838539018295705318e+00
260,1.0000000352280367099666591457207687199116e+00
261,1.0000000345869055617953335968195460736752e+00
262,1.0000000315770474212939689095946960151196e+00
263,1.0000000268813009629553789636702276766300e+00
264,1.0000000212952226963381008317810483276844e+00
265,1.0000000212953292777484648468089289963245e+00
266,1.0000000268810036452293843467487022280693e+00
267,1.0000000315769936864995770520181395113468e+00
268,1.0000000345868633733203978408710099756718e+00
269,1.0000000352277582660320831564604304730892e+00
270,1.0000000331136036368917530126054771244526e+00
271,1.0000000283254049104897376309963874518871e+00
272,1.0000000215066549014153451935271732509136e+00
273,1.0000000138225326740126774893724359571934e+00
274,1.0000000067587642149646853795275092124939e+00
275,1.0000000017895045445470714184921234846115e+00
276,1.0000000000001112443470674406853504478931e+00
277,1.0000000017895533943601549253799021244049e+00
278,1.0000000067590886221324808502686209976673e+00
279,1.0000000138224667267650147550739347934723e+00
280,1.0000000215069018150160218283417634665966e+00
281,1.0000000283255885413780106318881735205650e+00
282,1.0000000331137082199006727023515850305557e+00
283,1.0000000352278928250626677254331298172474e+00
284,1.0000000345868127471504749337327666580677e+00
285,1.0000000315770640746393382869428023695946e+00
286,1.0000000268812196946299764022114686667919e+00
287,1.0000000212953032985296886181458830833435e+00
288,1.0000000212955719725016479060286656022072e+00
289,1.0000000268816158222051626580650918185711e+00
290,1.0000000315768688974316091844229958951473e+00
291,1.0000000345869004547694203210994601249695e+00
292,1.0000000352279176940584193289396353065968e+00
293,1.0000000331133505060421384769142605364323e+00
294,1.0000000283254801836108072166098281741142e+00
295,1.0000000215068425291065068449825048446655e+00
296,1.0000000138227964630033284265664406120777e+00
297,1.0000000067590297803121757169719785451889e+00
298,1.0000000017896790716065424931002780795097e+00
299,9.9999999999993816057752837878069840371609e-01
300,1.0000000017895334103457116725621744990349e+00
301,1.0000000067588223906511757377302274107933e+00
302,1.0000000138226912138605939617264084517956e+00
303,1.0000000215066058295576567616080865263939e+00
304,1.0000000283255536803750374019728042185307e+00
305,1.0000000331137344211640538560459390282631e+00
306,1.0000000352279103665864568029064685106277e+00
307,1.0000000345870396767367083157296292483807e+00
308,1.0000000315769661529685663481359370052814e+00
309,1.0000000268814162041053350549191236495972e+00
310,1.0000000212953363831758224478107877075672e+00
311,1.0000000212953190636966382953687570989132e+00
312,1.0000000268811781722888554213568568229675e+00
313,1.0000000315768751146805470852996222674847e+00
314,1.0000000345869859419423164581530727446079e+00
315,1.0000000352279081461404075525933876633644e+00
316,1.0000000331136544851062808447750285267830e+00
317,1.0000000283255698896311969292582944035530e+00
318,1.0000000215064999142811075216741301119328e+00
319,1.0000000138224789392182856317958794534206e+00
320,1.0000000067589176477866885761613957583904e+00
321,1.0000000017894867809786774159874767065048e+00
322,9.9999999999994482191567612971994094550610e-01
323,1.0000000017893888593079054771806113421917e+00
324,1.0000000067589374097565269039478152990341e+00
325,1.0000000138226390333784365793690085411072e+00
326,1.0000000215066628950211224946542643010616e+00
327,1.0000000283253689392637397759244777262211e+00
328,1.0000000331135485698297316048410721123219e+00
329,1.0000000352279463378124546579783782362938e+00
330,1.0000000345870447837626215914497151970863e+00
331,1.0000000315768196035293158274726010859013e+00
332,1.0000000268812692105768746841931715607643e+00
333,1.0000000212955570955131179289310239255428e+00
334,1.0000000212953870093457453549490310251713e+00
335,1.0000000268813711290505352735635824501514e+00
336,1.0000000315769965730794410774251446127892e+00
337,1.0000000345870418971827575660427100956440e+00
338,1.0000000352278701765129653722397051751614e+00
339,1.0000000331135838749219146848190575838089e+00
340,1.0000000283254240063257611836888827383518e+00
341,1.0000000215066564557275796687463298439980e+00
342,1.0000000138225606516328980433172546327114e+00
343,1.0000000067590606445122602963238023221493e+00
344,1.0000000017897552329060317788389511406422e+00
345,9.9999999999993594013147912846761755645275e-01
346,1.0000000017897230364383176492992788553238e+00
347,1.0000000067588832308729251963086426258087e+00
348,1.0000000138225531021163305922527797520161e+00
349,1.0000000215068451936417659453582018613815e+00
350,1.0000000283254446564740192116005346179008e+00
351,1.0000000331137031128747594266314990818501e+00
352,1.0000000352277413906421088540810160338879e+00
353,1.0000000345869006768140252461307682096958e+00
354,1.0000000315769426162404442948172800242901e+00
355,1.0000000268813096226949710398912429809570e+00
356,1.0000000212952784295339370146393775939941e+00
357,1.0000000212953439326923898988752625882626e+00
358,1.0000000268810036452293843467487022280693e+00
359,1.0000000315769936864995770520181395113468e+00
360,1.0000000345868633733203978408710099756718e+00
361,1.0000000352277582660320831564604304730892e+00
362,1.0000000331136036368917530126054771244526e+00
363,1.0000000283254049104897376309963874518871e+00
364,1.0000000215066549014153451935271732509136e+00
365,1.0000000138225326740126774893724359571934e+00
366,1.0000000067587642149646853795275092124939e+00
367,1.0000000017895045445470714184921234846115e+00
368,1.0000000000001112443470674406853504478931e+00
369,1.0000000017895533943601549253799021244049e+00
370,1.0000000067590886221324808502686209976673e+00
371,1.0000000138224667267650147550739347934723e+00
372,1.0000000215069018150160218283417634665966e+00
373,1.0000000283255885413780106318881735205650e+00
374,1.0000000331137082199006727023515850305557e+00
375,1.0000000352278928250626677254331298172474e+00
376,1.0000000345868127471504749337327666580677e+00
377,1.0000000315770640746393382869428023695946e+00
378,1.0000000268812196946299764022114686667919e+00
379,1.0000000212953032985296886181458830833435e+00
380,1.0000000212953159550721693449304439127445e+00
381,1.0000000268812028192400020998320542275906e+00
382,1.0000000315771166992107055193628184497356e+00
383,1.0000000345870134754733271620352752506733e+00
384,1.0000000352279321269577394559746608138084e+00
385,1.0000000331136036368917530126054771244526e+00
386,1.0000000283254293353962793844402767717838e+00
387,1.0000000215065338871056610514642670750618e+00
388,1.0000000138226790014073230850044637918472e+00
389,1.0000000067588965535492206981871277093887e+00
390,1.0000000017895651627242159520392306149006e+00
391,1.0000000000000510702591327572008594870567e+00
392,1.0000000017895254167399343714350834488869e+00
393,1.0000000067588998842182945736567489802837e+00
394,1.0000000138226321499956839033984579145908e+00
395,1.0000000215068465259093954955460503697395e+00
396,1.0000000283254528721244014377589337527752e+00
397,1.0000000331137530729108675586758181452751e+00
398,1.0000000352278111126480553139117546379566e+00
399,1.0000000345866719708709524638834409415722e+00
400,1.0000000315769497216678018958191387355328e+00
401,1.0000000268810964598742430098354816436768e+00
402,1.0000000212950954647794787888415157794952e+00
403,1.0000000212949833322539916480309329926968e+00
404,1.0000000268815090187501937180059030652046e+00
405,1.0000000315769446146418886200990527868271e+00
406,1.0000000345869417550659363769227638840675e+00
407,1.0000000352278521908999664447037503123283e+00
408,1.0000000331135179276742519505205564200878e+00
409,1.0000000283253318578147172956960275769234e+00
410,1.0000000215067401665436364055494777858257e+00
411,1.0000000138224027779187963460572063922882e+00
412,1.0000000067591077179685044029611162841320e+00
413,1.0000000017896351067747673369012773036957e+00
414,9.9999999999996380672939721989678218960762e-01
415,1.0000000017896413240237052377779036760330e+00
416,1.0000000067590875119094562251120805740356e+00
417,1.0000000138224711676571132557000964879990e+00
418,1.0000000215069599907025121865444816648960e+00
419,1.0000000283253864807875288533978164196014e+00
420,1.0000000331135490139189414549036882817745e+00
421,1.0000000352279947435363283148035407066345e+00
422,1.0000000345870501128331397922011092305183e+00
423,1.0000000315769259628950749174691736698151e+00
424,1.0000000268813651338462022977182641625404e+00
425,1.0000000212951876132905226768343709409237e+00
426,1.0000000212950992395377625143737532198429e+00
427,1.0000000268812510029192708316259086132050e+00
428,1.0000000315769252967612601423752494156361e+00
429,1.0000000345870219131683143132249824702740e+00
430,1.0000000352279205806382833543466404080391e+00
431,1.0000000331137486320187690580496564507484e+00
432,1.0000000283254235622365513336262665688992e+00
433,1.0000000215069044795512809287174604833126e+00
434,1.0000000138224904855377417334238998591900e+00
435,1.0000000067589955854430172621505334973335e+00
436,1.0000000017896264470351752606802619993687e+00
437,1.0000000000001540989558179717278108000755e+00
438,1.0000000017897086035389975222642533481121e+00
439,1.0000000067589753793839690843014977872372e+00
440,1.0000000138227840285054526248131878674030e+00
441,1.0000000215066635611549372697481885552406e+00
442,1.0000000283257317601481872770818881690502e+00
443,1.0000000331135043829533515236107632517815e+00
444,1.0000000352277815807156002847477793693542e+00
445,1.0000000345867927631360316809150390326977e+00
446,1.0000000315772712422557333411532454192638e+00
447,1.0000000268811102266397483617765828967094e+00
448,1.0000000212954165412782003841130062937737e+00
449,1.0000000212953159550721693449304439127445e+00
450,1.0000000268812028192400020998320542275906e+00
451,1.0000000315771166992107055193628184497356e+00
452,1.0000000345870134754733271620352752506733e+00
453,1.0000000352279321269577394559746608138084e+00
454,1.0000000331136036368917530126054771244526e+00
455,1.0000000283254293353962793844402767717838e+00
456,1.0000000215065338871056610514642670750618e+00
457,1.0000000138226790014073230850044637918472e+00
458,1.0000000067588965535492206981871277093887e+00
459,1.0000000017895651627242159520392306149006e+00
460,1.0000000000000510702591327572008594870567e+00
461,1.0000000017895254167399343714350834488869e+00
462,1.0000000067588998842182945736567489802837e+00
463,1.0000000138226321499956839033984579145908e+00
464,1.0000000215068465259093954955460503697395e+00
465,1.0000000283254528721244014377589337527752e+00
466,1.0000000331137530729108675586758181452751e+00
467,1.0000000352278111126480553139117546379566e+00
468,1.0000000345866719708709524638834409415722e+00
469,1.0000000315769497216678018958191387355328e+00
470,1.0000000268810964598742430098354816436768e+00
471,1.0000000212950954647794787888415157794952e+00
472,1.0000000212955377776324894512072205543518e+00
473,1.0000000268812854198330342114786617457867e+00
474,1.0000000315768267089566734284744597971439e+00
475,1.0000000345867918749576119807898066937923e+00
476,1.0000000352280400406357330211903899908066e+00
477,1.0000000331134313302783311883104033768177e+00
478,1.0000000283252219457352794051985256373882e+00
479,1.0000000215067543773983516075531952083111e+00
480,1.0000000138225331181018873394350521266460e+00
481,1.0000000067589569496817603067029267549515e+00
482,1.0000000017895311898996624222490936517715e+00
483,1.0000000000000681676937119846115820109844e+00
484,1.0000000017896464310496185134979896247387e+00
485,1.0000000067588963315046157731558196246624e+00
486,1.0000000138227151946779258651076816022396e+00
487,1.0000000215067417208558708807686343789101e+00
488,1.0000000283255690014527772291330620646477e+00
489,1.0000000331135334707965967027121223509312e+00
490,1.0000000352279567739088861344498582184315e+00
491,1.0000000345869775042473293069633655250072e+00
492,1.0000000315767934022659346737782470881939e+00
493,1.0000000268810897985360952588962391018867e+00
494,1.0000000212952266931409894823445938527584e+00
495,1.0000000212955271194914530497044324874878e+00
496,1.0000000268812896386805277870735153555870e+00
497,1.0000000315767920699983051235903985798359e+00
498,1.0000000345870068141351794110960327088833e+00
499,1.0000000352280231652457587188109755516052e+00
500,1.0000000331134637487906502428813837468624e+00
501,1.0000000283253334121269517709151841700077e+00
502,1.0000000215067419429004758057999424636364e+00
503,1.0000000138223945622684141198988072574139e+00
504,1.0000000067589656094213523829239420592785e+00
505,1.0000000017894992154765532177407294511795e+00
506,9.9999999999996513899702677008463069796562e-01
507,1.0000000017896404358452855376526713371277e+00
508,1.0000000067587877516928074328461661934853e+00
509,1.0000000138225551005177749175345525145531e+00
510,1.0000000215066122688511995875160209834576e+00
511,1.0000000283256020860989110587979666888714e+00
512,1.0000000331135341369304114778060466051102e+00
513,1.0000000352279725390758358116727322340012e+00
514,1.0000000345869732853998357313685119152069e+00
515,1.0000000315770531944536969604087062180042e+00
516,1.0000000268810675940756027557654306292534e+00
517,1.0000000212953741307586597031331621110439e+00
518,1.0000000212953090716894166689598932862282e+00
519,1.0000000268813673542922515480313450098038e+00
520,1.0000000315772186176843661087332293391228e+00
521,1.0000000345868462758858186134602874517441e+00
522,1.0000000352277700343961441831197589635849e+00
523,1.0000000331136866815739949743147008121014e+00
524,1.0000000283254004695976391303702257573605e+00
525,1.0000000215066677800024308453430421650410e+00
526,1.0000000138223759105216004172689281404018e+00
527,1.0000000067588885599434433970600366592407e+00
528,1.0000000017898402759897180658299475908279e+00
529,9.9999999999996391775169968241243623197079e-01
530,1.0000000017897212600814782490488141775131e+00
531,1.0000000067591243713138737803092226386070e+00
532,1.0000000138225038082140372353023849427700e+00
533,1.0000000215066433550958890918991528451443e+00
534,1.0000000283256647026774999176268465816975e+00
535,1.0000000331134872855187722962000407278538e+00
536,1.0000000352276505743986945162760093808174e+00
537,1.0000000345867436912783432489959523081779e+00
538,1.0000000315770818382077322894474491477013e+00
539,1.0000000268815576465186722998623736202717e+00
540,1.0000000212954356371142239368055015802383e+00
541,1.0000000212952337985683470833464525640011e+00
542,1.0000000268810624870496894800453446805477e+00
543,1.0000000315770427583572654839372262358665e+00
544,1.0000000345869535234299974035820923745632e+00
545,1.0000000352280193904874749932787381112576e+00
546,1.0000000331134419884193675898131914436817e+00
547,1.0000000283254679711575363398878835141659e+00
548,1.0000000215066935371766021489747799932957e+00
549,1.0000000138226723400691753340652212500572e+00
550,1.0000000067588941110585665228427387773991e+00
551,1.0000000017896075732437566330190747976303e+00
552,1.0000000000000166533453693773481063544750e+00
553,1.0000000017897618942441795297781936824322e+00
554,1.0000000067588203922497314124484546482563e+00
555,1.0000000138223870127518466688343323767185e+00
556,1.0000000215065762976252017324441112577915e+00
557,1.0000000283255234823087675977149046957493e+00
558,1.0000000331135074915778204740490764379501e+00
559,1.0000000352277225168506902264198288321495e+00
560,1.0000000345866237871916837320895865559578e+00
561,1.0000000315767387792931231160764582455158e+00
562,1.0000000268812265780127290781820192933083e+00
563,1.0000000212952362410590012586908414959908e+00
564,1.0000000212950992395377625143737532198429e+00
565,1.0000000268812510029192708316259086132050e+00
566,1.0000000315769252967612601423752494156361e+00
567,1.0000000345870219131683143132249824702740e+00
568,1.0000000352279205806382833543466404080391e+00
569,1.0000000331137486320187690580496564507484e+00
570,1.0000000283254235622365513336262665688992e+00
571,1.0000000215069044795512809287174604833126e+00
572,1.0000000138224904855377417334238998591900e+00
573,1.0000000067589955854430172621505334973335e+00
574,1.0000000017896264470351752606802619993687e+00
575,1.0000000000001540989558179717278108000755e+00
576,1.0000000017897086035389975222642533481121e+00
577,1.0000000067589753793839690843014977872372e+00
578,1.0000000138227840285054526248131878674030e+00
579,1.0000000215066635611549372697481885552406e+00
580,1.0000000283257317601481872770818881690502e+00
581,1.0000000331135043829533515236107632517815e+00
582,1.0000000352277815807156002847477793693542e+00
583,1.0000000345867927631360316809150390326977e+00
584,1.0000000315772712422557333411532454192638e+00
585,1.0000000268811102266397483617765828967094e+00
586,1.0000000212954165412782003841130062937737e+00
587,1.0000000212951594136256971978582441806793e+00
588,1.0000000268811450876427215916919521987438e+00
589,1.0000000315770125602909956796793267130852e+00
590,1.0000000345867752216122426034417003393173e+00
591,1.0000000352279141413447405284387059509754e+00
592,1.0000000331134839548496984207304194569588e+00
593,1.0000000283254721900050299154827371239662e+00
594,1.0000000215066080500037060119211673736572e+00
595,1.0000000138225650925249965439434163272381e+00
596,1.0000000067590142371898309647804126143456e+00
597,1.0000000017896517601201367142493836581707e+00
598,9.9999999999984123810747860261471942067146e-01
599,1.0000000017897308079994900253950618207455e+00
600,1.0000000067590053554056339635280892252922e+00
601,1.0000000138226698975785211587208323180676e+00
602,1.0000000215065409925330186524661257863045e+00
603,1.0000000283253398514204945968231186270714e+00
604,1.0000000331135030506857219734229147434235e+00
605,1.0000000352279321269577394559746608138084e+00
606,1.0000000345867190443271965705207549035549e+00
607,1.0000000315768942105165706379921175539494e+00
608,1.0000000268810806947072933326126076281071e+00
609,1.0000000212953472633614637743448838591576e+00
610,1.0000000212954358591588288618368096649647e+00
611,1.0000000268813624693109431973425671458244e+00
612,1.0000000315769264069842847675317898392677e+00
613,1.0000000345867821049949952794122509658337e+00
614,1.0000000352280955517869642790174111723900e+00
615,1.0000000331135807662974457343807443976402e+00
616,1.0000000283253758226464924518950283527374e+00
617,1.0000000215068736153511963493656367063522e+00
618,1.0000000138225153545334933369304053485394e+00
619,1.0000000067588796781592463958077132701874e+00
620,1.0000000017895214199370457208715379238129e+00
621,9.9999999999987876364571093290578573942184e-01
622,1.0000000017898118542802876618225127458572e+00
623,1.0000000067590288921337560168467462062836e+00
624,1.0000000138225264567637395884958095848560e+00
625,1.0000000215069317910376867075683549046516e+00
626,1.0000000283256429423062172645586542785168e+00
627,1.0000000331136860154401801992207765579224e+00
628,1.0000000352279598825333550848881714046001e+00
629,1.0000000345870261320158078888198360800743e+00
630,1.0000000315769497216678018958191387355328e+00
631,1.0000000268812918591265770373865962028503e+00
632,1.0000000212955220124655397739843465387821e+00
633,1.0000000212953554790118460005032829940319e+00
634,1.0000000268810771419936145321116782724857e+00
635,1.0000000315769144165756188158411532640457e+00
636,1.0000000345867010587141976429848000407219e+00
637,1.0000000352278770598957180482102558016777e+00
638,1.0000000331136951192689821255044080317020e+00
639,1.0000000283254788513431776664219796657562e+00
640,1.0000000215065807385173002330702729523182e+00
641,1.0000000138224993673219387346762232482433e+00
642,1.0000000067589547292357110563898459076881e+00
643,1.0000000017895802617573508541681803762913e+00
644,1.0000000000000439648317751561990007758141e+00
645,1.0000000017896344406409525618073530495167e+00
646,1.0000000067589247532140461771632544696331e+00
647,1.0000000138226456947165843303082510828972e+00
648,1.0000000215067965658732873635017313063145e+00
649,1.0000000283254875110827697426429949700832e+00
650,1.0000000331134852871173279709182679653168e+00
651,1.0000000352279272419764311052858829498291e+00
652,1.0000000345870116991164877617848105728626e+00
653,1.0000000315772343828513157859561033546925e+00
654,1.0000000268814357440305684576742351055145e+00
655,1.0000000212954260891962121604592539370060e+00
656,1.0000000212953554790118460005032829940319e+00
657,1.0000000268810771419936145321116782724857e+00
658,1.0000000315769144165756188158411532640457e+00
659,1.0000000345867010587141976429848000407219e+00
660,1.0000000352278770598957180482102558016777e+00
661,1.0000000331136951192689821255044080317020e+00
662,1.0000000283254788513431776664219796657562e+00
663,1.0000000215065807385173002330702729523182e+00
664,1.0000000138224993673219387346762232482433e+00
665,1.0000000067589547292357110563898459076881e+00
666,1.0000000017895802617573508541681803762913e+00
667,1.0000000000000439648317751561990007758141e+00
668,1.0000000017896344406409525618073530495167e+00
669,1.0000000067589247532140461771632544696331e+00
670,1.0000000138226456947165843303082510828972e+00
671,1.0000000215067965658732873635017313063145e+00
672,1.0000000283254875110827697426429949700832e+00
673,1.0000000331134852871173279709182679653168e+00
674,1.0000000352279272419764311052858829498291e+00
675,1.0000000345870116991164877617848105728626e+00
676,1.0000000315772343828513157859561033546925e+00
677,1.0000000268814357440305684576742351055145e+00
678,1.0000000212953474854060686993761919438839e+00
679,1.0000000212952497857799016856006346642971e+00
680,1.0000000268812143655594582014600746333599e+00
681,1.0000000315770436465356851840624585747719e+00
682,1.0000000345868618190081633656518533825874e+00
683,1.0000000352280871140919771278277039527893e+00
684,1.0000000331136600362214039705577306449413e+00
685,1.0000000283256094135708735848311334848404e+00
686,1.0000000215066204845015818136744201183319e+00
687,1.0000000138225941803682417230447754263878e+00
688,1.0000000067590424368546564437565393745899e+00
689,1.0000000017894379311655939090996980667114e+00
690,1.0000000000001449951270160454441793262959e+00
691,1.0000000017895218640262555709341540932655e+00
692,1.0000000067588354912828663145774044096470e+00
693,1.0000000138224851564672235326725058257580e+00
694,1.0000000215065838471417691835085861384869e+00
695,1.0000000283255086053202376206172630190849e+00
696,1.0000000331136205122817273149848915636539e+00
697,1.0000000352280005166960563656175509095192e+00
698,1.0000000345870843077022982470225542783737e+00
699,1.0000000315767625380658500944264233112335e+00
700,1.0000000268813491466346476954640820622444e+00
701,1.0000000212955093559230590471997857093811e+00
702,1.0000003267034609510943710120045579969883e+00
703,1.0000003256520091365899816082674078643322e+00
704,1.0000003194156050767560373060405254364014e+00
705,1.0000003082308497326380347658414393663406e+00
706,1.0000002928338758145798692567041143774986e+00
707,1.0000002744613269989315540442476049065590e+00
708,1.0000002547733881641534026130102574825287e+00
709,1.0000002356963382244003923915443010628223e+00
710,1.0000002192066892447996906412299722433090e+00
711,1.0000002070797917586020275848568417131901e+00
712,1.0000002006561254930261384288314729928970e+00
713,1.0000002006562451750681930207065306603909e+00
714,1.0000002070799478559592898818664252758026e+00
715,1.0000002192066443917894957849057391285896e+00
716,1.0000002356963675342882424956769682466984e+00
717,1.0000002547729913704444015820627100765705e+00
718,1.0000002744612586091932371346047148108482e+00
719,1.0000002928339040142446947356802411377430e+00
720,1.0000003082309203428224009257974103093147e+00
721,1.0000003194153845864633467499515973031521e+00
722,1.0000003256523024575130875746253877878189e+00
723,1.0000003267035095788628495938610285520554e+00
724,1.0000003256519469641006025995011441409588e+00
725,1.0000003199033238310278193239355459809303e+00
726,1.0000003080991572979030479473294690251350e+00
727,1.0000002907165264076638777623884379863739e+00
728,1.0000002688683924390034007956273853778839e+00
729,1.0000002442885029818597786288592033088207e+00
730,1.0000002192064640915702966594835743308067e+00
731,1.0000001961197013677917766472091898322105e+00
732,1.0000001774828986000898112251888960599899e+00
733,1.0000001653706456217207687586778774857521e+00
734,1.0000001611704638637689868119196034967899e+00
735,1.0000001653705667958860203725635074079037e+00
736,1.0000001774828488620983080181758850812912e+00
737,1.0000001961197471089803912036586552858353e+00
738,1.0000002192065331474424283442203886806965e+00
739,1.0000002442883597630896019836654886603355e+00
740,1.0000002688683149454362819597008638083935e+00
741,1.0000002907165246313070383621379733085632e+00
742,1.0000003080988597581324484053766354918480e+00
743,1.0000003199031359812920527474489063024521e+00
744,1.0000003256522020933516614604741334915161e+00
745,1.0000003194155318020364120457088574767113e+00
746,1.0000003080989483539298134928685612976551e+00
747,1.0000002899909610221129696583375334739685e+00
748,1.0000002659252915648835369211155921220779e+00
749,1.0000002375116070485461250427761115133762e+00
750,1.0000002070797746611674483574461191892624e+00
751,1.0000001774828706224695906712440773844719e+00
752,1.0000001517693855035417982435319572687149e+00
753,1.0000001327715677401641869437298737466335e+00
754,1.0000001226761527917119565245229750871658e+00
755,1.0000001226760100170309897293918766081333e+00
756,1.0000001327715997145872961482382379472256e+00
757,1.0000001517695678021624416942358948290348e+00
758,1.0000001774829021528034900256898254156113e+00
759,1.0000002070798783559979483470669947564602e+00
760,1.0000002375118270947496057488024234771729e+00
761,1.0000002659253344194922874521580524742603e+00
762,1.0000002899911213383177255309419706463814e+00
763,1.0000003080989601222938745195278897881508e+00
764,1.0000003194155444585788927724934183061123e+00
765,1.0000003082311412772043013319489546120167e+00
766,1.0000002907164522447658328019315376877785e+00
767,1.0000002659253210968159919502795673906803e+00
768,1.0000002351687258261847546236822381615639e+00
769,1.0000002006561765632852711860323324799538e+00
770,1.0000001653705452575593426445266231894493e+00
771,1.0000001327715972720966419728938490152359e+00
772,1.0000001063546555268857218834455125033855e+00
773,1.0000000891336471298131982621271163225174e+00
774,1.0000000831519895161392241789144463837147e+00
775,1.0000000891335352193323160463478416204453e+00
776,1.0000001063546350987820687805651687085629e+00
777,1.0000001327715573040677554672583937644958e+00
778,1.0000001653705699045104893230018205940723e+00
779,1.0000002006565515966229895639116875827312e+00
780,1.0000002351687460322438028015312738716602e+00
781,1.0000002659253817149931364838266745209694e+00
782,1.0000002907163938470347375186975114047527e+00
783,1.0000003082308817070611439703498035669327e+00
784,1.0000002928339093433152129364316351711750e+00
785,1.0000002688685560858772305437014438211918e+00
786,1.0000002375117684749739055405370891094208e+00
787,1.0000002006564168155478000699076801538467e+00
788,1.0000001611704605330999129364499822258949e+00
789,1.0000001226761179307089832946076057851315e+00
790,1.0000000891335694142014745011692866683006e+00
791,1.0000000642847701737281340683693997561932e+00
792,1.0000000510566937617085159217822365462780e+00
793,1.0000000510565341116375748242717236280441e+00
794,1.0000000642849231624609274149406701326370e+00
795,1.0000000891336335850922978352173231542110e+00
796,1.0000001226760351080713462579296901822090e+00
797,1.0000001611704616433229375616065226495266e+00
798,1.0000002006564092660312326188432052731514e+00
799,1.0000002375115248920423027811921201646328e+00
800,1.0000002688685429852455399668542668223381e+00
801,1.0000002928340216978853050022735260426998e+00
802,1.0000002744611466987123549188254401087761e+00
803,1.0000002442886053444226490682922303676605e+00
804,1.0000002070798843512022813229123130440712e+00
805,1.0000001653704484461115953308762982487679e+00
806,1.0000001226760417694094940088689327239990e+00
807,1.0000000831520805544272434417507611215115e+00
808,1.0000000510565987266176080083823762834072e+00
809,1.0000000300995450785990215081255882978439e+00
810,1.0000000228137655433613417699234560132027e+00
811,1.0000000300995024460348759021144360303879e+00
812,1.0000000510565760780679056551889516413212e+00
813,1.0000000831519624266974233250948600471020e+00
814,1.0000001226759023253976010892074555158615e+00
815,1.0000001653705776760716616990976035594940e+00
816,1.0000002070799409725765372058958746492863e+00
817,1.0000002442888191733771918734419159591198e+00
818,1.0000002744613725180755636756657622754574e+00
819,1.0000002547732254054579925650614313781261e+00
820,1.0000002192066208550613737315870821475983e+00
821,1.0000001774828692902019611210562288761139e+00
822,1.0000001327715080101654621103079989552498e+00
823,1.0000000891334490660256051342003047466278e+00
824,1.0000000510564861500029110175091773271561e+00
825,1.0000000228136391999811394271091558039188e+00
826,1.0000000077664206177274763831519521772861e+00
827,1.0000000077663697695129485509824007749557e+00
828,1.0000000228138536950694970073527656495571e+00
829,1.0000000510565170142029955968610011041164e+00
830,1.0000000891336755515226286661345511674881e+00
831,1.0000001327716798726896740845404565334320e+00
832,1.0000001774827853573412994592217728495598e+00
833,1.0000002192064172401586574778775684535503e+00
834,1.0000002547731519086937623796984553337097e+00
835,1.0000002356962460758893485035514459013939e+00
836,1.0000001961195943422922027821186929941177e+00
837,1.0000001517696204267338089266559109091759e+00
838,1.0000001063547563351363578476593829691410e+00
839,1.0000000642847919340994167214375920593739e+00
840,1.0000000300996148006049679679563269019127e+00
841,1.0000000077663853126352933031739667057991e+00
842,1.0000000000000079936057773011270910501480e+00
843,1.0000000077661905795167740507167764008045e+00
844,1.0000000300994489332850889695691876113415e+00
845,1.0000000642850055410093546015559695661068e+00
846,1.0000001063546495316813889076001942157745e+00
847,1.0000001517695105146543710361584089696407e+00
848,1.0000001961197531041847241795039735734463e+00
849,1.0000002356963024752189994615036994218826e+00
850,1.0000002192065429174050450455979444086552e+00
851,1.0000001774827249612087598507059738039970e+00
852,1.0000001327714211907249364230665378272533e+00
853,1.0000000891333857833132015002775005996227e+00
854,1.0000000510566822153890598201542161405087e+00
855,1.0000000228137773117254027965827845036983e+00
856,1.0000000077661055364330877637257799506187e+00
857,1.0000000077662420938651166579802520573139e+00
858,1.0000000228137895241786736733047291636467e+00
859,1.0000000510566902089948371212813071906567e+00
860,1.0000000891335307784402175457216799259186e+00
861,1.0000001327716345755902693781536072492599e+00
862,1.0000001774828572997932951693655923008919e+00
863,1.0000002192068064843510910577606409788132e+00
864,1.0000002070797258113543648505583405494690e+00
865,1.0000001653705632431723415720625780522823e+00
866,1.0000001226761312533852787964860908687115e+00
867,1.0000000831519464394858687228406779468060e+00
868,1.0000000510564568401150609133765101432800e+00
869,1.0000000300995870450293523390428163111210e+00
870,1.0000000228136554092372989543946459889412e+00
871,1.0000000300995364188594294319045729935169e+00
872,1.0000000510564905908950095181353390216827e+00
873,1.0000000831522322108924072381341829895973e+00
874,1.0000001226760371064727905832114629447460e+00
875,1.0000001653706531712373362097423523664474e+00
876,1.0000002070799445252902160063968040049076e+00
877,1.0000002006563404322037058591376990079880e+00
878,1.0000001611705162662957491193083114922047e+00
879,1.0000001226760679706728751625632867217064e+00
880,1.0000000891336364716721618606243282556534e+00
881,1.0000000642848980714205708864028565585613e+00
882,1.0000000510565465461354506260249763727188e+00
883,1.0000000510564996947238114444189704954624e+00
884,1.0000000642848507759197218547342345118523e+00
885,1.0000000891335605324172774999169632792473e+00
886,1.0000001226759780426078805248835124075413e+00
887,1.0000001611705329196411184966564178466797e+00
888,1.0000002006563644130210377625189721584320e+00
889,1.0000002006561592438060870335903018712997e+00
890,1.0000001653707439874807505475473590195179e+00
891,1.0000001327716023791225552486139349639416e+00
892,1.0000001063545271851040752153494395315647e+00
893,1.0000000891334013264355462524690665304661e+00
894,1.0000000831521360655784746995777823030949e+00
895,1.0000000891336302544232239597477018833160e+00
896,1.0000001063544183832476619500084780156612e+00
897,1.0000001327715366539194974393467418849468e+00
898,1.0000001653707011328720000165048986673355e+00
899,1.0000002006561905520953814630047418177128e+00
900,1.0000002070799591802341410584631375968456e+00
901,1.0000001774827083078633904733578674495220e+00
902,1.0000001517696115449496119254035875201225e+00
903,1.0000001327714460597206880265730433166027e+00
904,1.0000001226761441319723644483019597828388e+00
905,1.0000001226760306671792477573035284876823e+00
906,1.0000001327714584942185638283262960612774e+00
907,1.0000001517695642494487628937349654734135e+00
908,1.0000001774829063716509836012846790254116e+00
909,1.0000002070799576259219065832439810037613e+00
910,1.0000002192067041217882206183276139199734e+00
911,1.0000001961195734700993398291757330298424e+00
912,1.0000001774827755873786827578442171216011e+00
913,1.0000001653704679860368287336314097046852e+00
914,1.0000001611703948078968551271827891469002e+00
915,1.0000001653706178661451531297643668949604e+00
916,1.0000001774827682599067202318110503256321e+00
917,1.0000001961195585931108098520780913531780e+00
918,1.0000002192066446138341007099370472133160e+00
919,1.0000002356961450455941076143062673509121e+00
920,1.0000002192064989525732698893989436328411e+00
921,1.0000002070800482201207159960176795721054e+00
922,1.0000002006562578316106737474910914897919e+00
923,1.0000002006563184497878182810381986200809e+00
924,1.0000002070797360254061914019985124468803e+00
925,1.0000002192067365403005396728985942900181e+00
926,1.0000002356964667882266439846716821193695e+00
927,1.0000002547730906243828030710574239492416e+00
928,1.0000002442884665665445709237246774137020e+00
929,1.0000002375118506314777278021210804581642e+00
930,1.0000002351687846680050597569788806140423e+00
931,1.0000002375116621156081464505405165255070e+00
932,1.0000002442886899434171255052206106483936e+00
933,1.0000002547729973656487345579080283641815e+00
934,1.0000002744613782912352917264797724783421e+00
935,1.0000002688684952456554810851230286061764e+00
936,1.0000002659252476000517617649165913462639e+00
937,1.0000002659254130232824309132411144673824e+00
938,1.0000002688686311369536952042835764586926e+00
939,1.0000002744613891714209330530138686299324e+00
940,1.0000002928339126739842868119012564420700e+00
941,1.0000002907165763676999858944327570497990e+00
942,1.0000002899909734566108454600907862186432e+00
943,1.0000002907164655674421283038100227713585e+00
944,1.0000002928341173991100276907673105597496e+00
945,1.0000003082308317470250358383054845035076e+00
946,1.0000003080990103043745875766035169363022e+00
947,1.0000003080990440551545361813623458147049e+00
948,1.0000003082306687662850208653253503143787e+00
949,1.0000003194155764330020019770017825067043e+00
950,1.0000003199034166456726779870223253965378e+00
951,1.0000003194155506758278306733700446784496e+00
952,1.0000003256521301508996657503303140401840e+00
953,1.0000003256519613969999227265361696481705e+00
954,1.0000003267037758103441547063994221389294e+00
955,1.0000003267037920196003142336849123239517e+00
956,1.0000003256521725614192064313101582229137e+00
957,1.0000003194155713259760887012816965579987e+00
958,1.0000003082310016111478034872561693191528e+00
959,1.0000002928338771468474988068919628858566e+00
960,1.0000002744611038441036043877829797565937e+00
961,1.0000002547730770796619026441476307809353e+00
962,1.0000002356962307548116086763911880552769e+00
963,1.0000002192064854078523694624891504645348e+00
964,1.0000002070798528208683819684665650129318e+00
965,1.0000002006564934209364992057089693844318e+00
966,1.0000002006563806222771972898044623434544e+00
967,1.0000002070798632569648134449380449950695e+00
968,1.0000002192066423933880514596239663660526e+00
969,1.0000002356961434912818731390871107578278e+00
970,1.0000002547731121627094807990943081676960e+00
971,1.0000002744614506777764972866862080991268e+00
972,1.0000002928342115460225159040419384837151e+00
973,1.0000003082310224833406664401991292834282e+00
974,1.0000003194156157348970737075433135032654e+00
975,1.0000003256522267403028081389493308961391e+00
976,1.0000003267037087528734673469443805515766e+00
977,1.0000003256519678362934655524441041052341e+00
978,1.0000003199031359812920527474489063024521e+00
979,1.0000003080991184400971860668505541980267e+00
980,1.0000002907165570498193574167089536786079e+00
981,1.0000002688686446816745956311933696269989e+00
982,1.0000002442885906894787240162258967757225e+00
983,1.0000002192066628214917045625043101608753e+00
984,1.0000001961196007815857456080266274511814e+00
985,1.0000001774827160794245628494536504149437e+00
986,1.0000001653706123150300300039816647768021e+00
987,1.0000001611705788828743379781371913850307e+00
988,1.0000001653706300785984240064863115549088e+00
989,1.0000001774828453093846292176749557256699e+00
990,1.0000001961196656186103837171685881912708e+00
991,1.0000002192064805228710611118003726005554e+00
992,1.0000002442886186670989445701707154512405e+00
993,1.0000002688684823670683954333071596920490e+00
994,1.0000002907166101184799344991915859282017e+00
995,1.0000003080990473858236100568319670855999e+00
996,1.0000003199030600420371683867415413260460e+00
997,1.0000003256522604910827567437081597745419e+00
998,1.0000003194154936103643649403238669037819e+00
999,1.0000003080989119386146057877340354025364e+00
1000,1.0000002899911224485407501560985110700130e+00
1001,1.0000002659251998604617028831853531301022e+00
1002,1.0000002375116578967606528749456629157066e+00
1003,1.0000002070797875397545340092619881033897e+00
1004,1.0000001774827746992002630577189847826958e+00
1005,1.0000001517695364938731472648214548826218e+00
1006,1.0000001327715912768923089970485307276249e+00
1007,1.0000001226759869243920775261358357965946e+00
1008,1.0000001226761343620097477469244040548801e+00
1009,1.0000001327714300725091334243188612163067e+00
1010,1.0000001517696579522720412569469772279263e+00
1011,1.0000001774828171097198037386988289654255e+00
1012,1.0000002070798941211648980242898687720299e+00
1013,1.0000002375116014974310019169934093952179e+00
1014,1.0000002659252853476345990202389657497406e+00
1015,1.0000002899911368814400702831335365772247e+00
1016,1.0000003080991366477547899194178171455860e+00
1017,1.0000003194154705177254527370678260922432e+00
1018,1.0000003082309005808525625980109907686710e+00
1019,1.0000002907165768117891957444953732192516e+00
1020,1.0000002659253821590823463338892906904221e+00
1021,1.0000002351690735480360672227106988430023e+00
1022,1.0000002006564763235019199782982468605042e+00
1023,1.0000001653706487303452377091161906719208e+00
1024,1.0000001327713279319908679099171422421932e+00
1025,1.0000001063545520540998268188559450209141e+00
1026,1.0000000891335303343510076956590637564659e+00
1027,1.0000000831521316246863761989516206085682e+00
1028,1.0000000891335500963208460234454832971096e+00
1029,1.0000001063545584933933696447638794779778e+00
1030,1.0000001327714662657797362044220790266991e+00
1031,1.0000001653705896664803276507882401347160e+00
1032,1.0000002006563140088957197804120369255543e+00
1033,1.0000002351686692048104987406986765563488e+00
1034,1.0000002659253144354778441993403248488903e+00
1035,1.0000002907165714827186775437439791858196e+00
1036,1.0000003082309218971346354010165669023991e+00
1037,1.0000002928340618879587964329402893781662e+00
1038,1.0000002688683755636134264932479709386826e+00
1039,1.0000002375117520436731410882202908396721e+00
1040,1.0000002006564023826484799428726546466351e+00
1041,1.0000001611704363302379761080374009907246e+00
1042,1.0000001226762478268028644379228353500366e+00
1043,1.0000000891334641650587400363292545080185e+00
1044,1.0000000642848061449541319234413094818592e+00
1045,1.0000000510566517952781850908650085330009e+00
1046,1.0000000510566122713385084352921694517136e+00
1047,1.0000000642847304277438524877652525901794e+00
1048,1.0000000891335742991827828518580645322800e+00
1049,1.0000001226761012773636139172594994306564e+00
1050,1.0000001611704307791228529822546988725662e+00
1051,1.0000002006562986878179799532517790794373e+00
1052,1.0000002375116321395864815713139250874519e+00
1053,1.0000002688686295826414607290644198656082e+00
1054,1.0000002928341928942757022014120593667030e+00
1055,1.0000002744613458727229726719087921082973e+00
1056,1.0000002442886735121163610529038123786449e+00
1057,1.0000002070798788000871581971296109259129e+00
1058,1.0000001653706169779667334296391345560551e+00
1059,1.0000001226760328876252970076166093349457e+00
1060,1.0000000831519455513074490227154456079006e+00
1061,1.0000000510565603129009559779660776257515e+00
1062,1.0000000300995859348063277138862758874893e+00
1063,1.0000000228138237190478321281261742115021e+00
1064,1.0000000300995530722047988092526793479919e+00
1065,1.0000000510564783784417386414133943617344e+00
1066,1.0000000831519606503405839248443953692913e+00
1067,1.0000001226760573125318387610604986548424e+00
1068,1.0000001653706698245827055870904587209225e+00
1069,1.0000002070798832409792566977557726204395e+00
1070,1.0000002442884123876609692160855047404766e+00
1071,1.0000002744612019878189812516211532056332e+00
1072,1.0000002547732205204766842143726535141468e+00
1073,1.0000002192065762240957838002941571176052e+00
1074,1.0000001774828153333629643384483642876148e+00
1075,1.0000001327716994126149074872955679893494e+00
1076,1.0000000891334122066211875790031626820564e+00
1077,1.0000000510565880684765716068795882165432e+00
1078,1.0000000228137977398290558994631282985210e+00
1079,1.0000000077663833142338489778921939432621e+00
1080,1.0000000077663102615588286425918340682983e+00
1081,1.0000000228139029889717903643031604588032e+00
1082,1.0000000510563580302658692744444124400616e+00
1083,1.0000000891335178998531318939058110117912e+00
1084,1.0000001327714691523596002298290841281414e+00
1085,1.0000001774827993461514097361941821873188e+00
1086,1.0000002192064731953990985857672058045864e+00
1087,1.0000002547730395541236703138565644621849e+00
1088,1.0000002356962096605741407984169200062752e+00
1089,1.0000001961194591171278034380520693957806e+00
1090,1.0000001517694985242457050844677723944187e+00
1091,1.0000001063545804758092572228633798658848e+00
1092,1.0000000642846416099018824752420186996460e+00
1093,1.0000000300995210977816896047443151473999e+00
1094,1.0000000077663777631187258521094918251038e+00
1095,9.9999999999988897769753748434595763683319e-01
1096,1.0000000077663380171344442715053446590900e+00
1097,1.0000000300995164348449861790868453681469e+00
1098,1.0000000642848012599728235727525316178799e+00
1099,1.0000001063544801116478311087121255695820e+00
1100,1.0000001517696466279971900803502649068832e+00
1101,1.0000001961197688693516738567268475890160e+00
1102,1.0000002356963049177096536368480883538723e+00
1103,1.0000002192065515771446371218189597129822e+00
1104,1.0000001774828928269300831743748858571053e+00
1105,1.0000001327715413168562008650042116641998e+00
1106,1.0000000891335221187006254695006646215916e+00
1107,1.0000000510567248479532054261653684079647e+00
1108,1.0000000228137568836217496937024407088757e+00
1109,1.0000000077664850106629046422312967479229e+00
1110,1.0000000077662438702219560582307167351246e+00
1111,1.0000000228137297941799488398828543722630e+00
1112,1.0000000510565387745742782499291934072971e+00
1113,1.0000000891336224828620515836519189178944e+00
1114,1.0000001327712644272338593509630300104618e+00
1115,1.0000001774828251033255810398259200155735e+00
1116,1.0000002192066148598570407557417638599873e+00
1117,1.0000002070796809583441699942341074347496e+00
1118,1.0000001653705870019450685504125431180000e+00
1119,1.0000001226760049100050764536717906594276e+00
1120,1.0000000831520863275869714925647713243961e+00
1121,1.0000000510568147760182000638451427221298e+00
1122,1.0000000300994866808679262248915620148182e+00
1123,1.0000000228138239410924370531574822962284e+00
1124,1.0000000300995277591198373556835576891899e+00
1125,1.0000000510565858480305223565665073692799e+00
1126,1.0000000831519371136124618715257383882999e+00
1127,1.0000001226761137118614897190127521753311e+00
1128,1.0000001653705130610916285149869509041309e+00
1129,1.0000002070798184039546185886138118803501e+00
1130,1.0000002006562056511285163651336915791035e+00
1131,1.0000001611705287007936249210615642368793e+00
1132,1.0000001226759174244307359913364052772522e+00
1133,1.0000000891335443231611179726314730942249e+00
1134,1.0000000642848954068853117860271595418453e+00
1135,1.0000000510566982026006144224083982408047e+00
1136,1.0000000510567066402956015735981054604053e+00
1137,1.0000000642848070331325516235665418207645e+00
1138,1.0000000891335178998531318939058110117912e+00
1139,1.0000001226761585648716845753369852900505e+00
1140,1.0000001611705515713879321992862969636917e+00
1141,1.0000002006562542788969949469901621341705e+00
1142,1.0000002006563064593791523293475620448589e+00
1143,1.0000001653706940274446424155030399560928e+00
1144,1.0000001327716321330996152028092183172703e+00
1145,1.0000001063546308799345752049703150987625e+00
1146,1.0000000891335585340158331746351905167103e+00
1147,1.0000000831521247413036235229810699820518e+00
1148,1.0000000891338671760166789681534282863140e+00
1149,1.0000001063546462010123150321305729448795e+00
1150,1.0000001327715701826548411190742626786232e+00
1151,1.0000001653704220228036092521506361663342e+00
1152,1.0000002006562831446956352010602131485939e+00
1153,1.0000002070796627506865661416668444871902e+00
1154,1.0000001774828386480464814667357131838799e+00
1155,1.0000001517694765418298175063682720065117e+00
1156,1.0000001327716168120218753756489604711533e+00
1157,1.0000001226761912054286085549392737448215e+00
1158,1.0000001226759920314179908018559217453003e+00
1159,1.0000001327716230292708132765255868434906e+00
1160,1.0000001517694914188183474834659136831760e+00
1161,1.0000001774828264355932105900137685239315e+00
1162,1.0000002070797446851457834782195277512074e+00
1163,1.0000002192067942718978201810386963188648e+00
1164,1.0000001961196129940390164847485721111298e+00
1165,1.0000001774830284961836923685041256248951e+00
1166,1.0000001653705707926889090231270529329777e+00
1167,1.0000001611704023574134225782472640275955e+00
1168,1.0000001653705445914255278694326989352703e+00
1169,1.0000001774829216927287234284449368715286e+00
1170,1.0000001961196856026248269699863158166409e+00
1171,1.0000002192066022033145600289572030305862e+00
1172,1.0000002356962611749224834056803956627846e+00
1173,1.0000002192065788886310429006698541343212e+00
1174,1.0000002070798648112770479201572015881538e+00
1175,1.0000002006563548651030259861727245151997e+00
1176,1.0000002006564416845435516734141856431961e+00
1177,1.0000002070799016706814654753543436527252e+00
1178,1.0000002192067687367682538024382665753365e+00
1179,1.0000002356961410487912189637427218258381e+00
1180,1.0000002547731099422634315487812273204327e+00
1181,1.0000002442885267406325056072091683745384e+00
1182,1.0000002375118890451943798325373791158199e+00
1183,1.0000002351689176727234098507324233651161e+00
1184,1.0000002375117105213320201073656789958477e+00
1185,1.0000002442884392550581651448737829923630e+00
1186,1.0000002547731594582103298307629302144051e+00
1187,1.0000002744614697736125208393787033855915e+00
1188,1.0000002688685265539447755145374685525894e+00
1189,1.0000002659253786063686675333883613348007e+00
1190,1.0000002659252351655538859631633386015892e+00
1191,1.0000002688683855556206481196568347513676e+00
1192,1.0000002744614324701188934341189451515675e+00
1193,1.0000002928339033481108799605863168835640e+00
1194,1.0000002907162566234688938493491150438786e+00
1195,1.0000002899909181675042191272950731217861e+00
1196,1.0000002907162579557365233995369635522366e+00
1197,1.0000002928339628560649998689768835902214e+00
1198,1.0000003082310051638614822877570986747742e+00
1199,1.0000003080993191684200382951530627906322e+00
1200,1.0000003080990587100984612334286794066429e+00
1201,1.0000003082309303348296225522062741219997e+00
1202,1.0000003194155142605126229682355187833309e+00
1203,1.0000003199032081457886533826240338385105e+00
1204,1.0000003194154980512564634409500285983086e+00
1205,1.0000003256520111349914259335491806268692e+00
1206,1.0000003256522398409344987157965078949928e+00
1207,1.0000003267036317033955583610804751515388e+00
1208,1.0000003267037536058836622032686136662960e+00
1209,1.0000003256519385264056154483114369213581e+00
1210,1.0000003194156517061230715626152232289314e+00
1211,1.0000003082308919211129705217899754643440e+00
1212,1.0000002928338977969957568348036147654057e+00
1213,1.0000002744613163407905176427448168396950e+00
1214,1.0000002547731028368360739477793686091900e+00
1215,1.0000002356962689464836557817761786282063e+00
1216,1.0000002192065322592640086440951563417912e+00
1217,1.0000002070798081899027920371736399829388e+00
1218,1.0000002006562893619445731019368395209312e+00
1219,1.0000002006563553091922358362353406846523e+00
1220,1.0000002070796618625081464415416121482849e+00
1221,1.0000002192066019812699551039258949458599e+00
1222,1.0000002356964095007185733265941962599754e+00
1223,1.0000002547732094182464379628072492778301e+00
1224,1.0000002744612608296392863849177956581116e+00
1225,1.0000002928338884711223499834886752068996e+00
1226,1.0000003082308572821546022169059142470360e+00
1227,1.0000003194156472652309730619890615344048e+00
1228,1.0000003256519802707913413541973568499088e+00
1229,1.0000003267037695930952168055227957665920e+00
1230,1.0000003256520597627599045154056511819363e+00
1231,1.0000003199032820866420934180496260523796e+00
1232,1.0000003080990602644106957086478359997272e+00
1233,1.0000002907165272958422974625136703252792e+00
1234,1.0000002688682954055110485569457523524761e+00
1235,1.0000002442885382869519617088371887803078e+00
1236,1.0000002192065686745792163492296822369099e+00
1237,1.0000001961195748023669693793635815382004e+00
1238,1.0000001774827051992389215229195542633533e+00
1239,1.0000001653705530291205150206224061548710e+00
1240,1.0000001611705451320943893733783625066280e+00
1241,1.0000001653707513149527130735805258154869e+00
1242,1.0000001774827451672678080285550095140934e+00
1243,1.0000001961196407496146321136620827019215e+00
1244,1.0000002192064003647686831754981540143490e+00
1245,1.0000002442885782549808482144726440310478e+00
1246,1.0000002688685050156180977865005843341351e+00
1247,1.0000002907165386201171486391103826463223e+00
1248,1.0000003080990718107301518102758564054966e+00
1249,1.0000003199033022927011415958986617624760e+00
1250,1.0000003256520906269599890947574749588966e+00
1251,1.0000003194156448227403188866446726024151e+00
1252,1.0000003080989312564952342654578387737274e+00
1253,1.0000002899910882536715917012770660221577e+00
1254,1.0000002659252404946244041639147326350212e+00
1255,1.0000002375116179287317663693102076649666e+00
1256,1.0000002070797793241041517831035889685154e+00
1257,1.0000001774828131129169150881352834403515e+00
1258,1.0000001517694871999708539078710600733757e+00
1259,1.0000001327716656618349588825367391109467e+00
1260,1.0000001226760211192612359809572808444500e+00
1261,1.0000001226758745698219854602939449250698e+00
1262,1.0000001327715579702015702423523180186749e+00
1263,1.0000001517693708485978731914656236767769e+00
1264,1.0000001774829481160367095071705989539623e+00
1265,1.0000002070798759135072941717226058244705e+00
1266,1.0000002375117711395091646409127861261368e+00
1267,1.0000002659252049674876161589054390788078e+00
1268,1.0000002899909696818525617345585487782955e+00
1269,1.0000003080990498283142642321763560175896e+00
1270,1.0000003194155431263112632223055697977543e+00
1271,1.0000003082307884483270754572004079818726e+00
1272,1.0000002907165315146897910381085239350796e+00
1273,1.0000002659252154035840476353769190609455e+00
1274,1.0000002351688861423895104962866753339767e+00
1275,1.0000002006563486478540880852960981428623e+00
1276,1.0000001653706749316086188628105446696281e+00
1277,1.0000001327715679622087918687611818313599e+00
1278,1.0000001063544601276333878558943979442120e+00
1279,1.0000000891336859876190601426060311496258e+00
1280,1.0000000831520348132386288853012956678867e+00
1281,1.0000000891334130947996072791283950209618e+00
1282,1.0000001063545809198984670729259960353374e+00
1283,1.0000001327714731491624888803926296532154e+00
1284,1.0000001653705028470398019635467790067196e+00
1285,1.0000002006562138667788985912920907139778e+00
1286,1.0000002351690380208992792177014052867889e+00
1287,1.0000002659252027470415669085923582315445e+00
1288,1.0000002907164831089659173812833614647388e+00
1289,1.0000003082308313029358259882428683340549e+00
1290,1.0000002928338698193755362808587960898876e+00
1291,1.0000002688685081242425667369388975203037e+00
1292,1.0000002375116636699203809257596731185913e+00
1293,1.0000002006564032708268996429978869855404e+00
1294,1.0000001611705591209044996503507718443871e+00
1295,1.0000001226760779626800967889721505343914e+00
1296,1.0000000891334988040171083412133157253265e+00
1297,1.0000000642848643206406222816440276801586e+00
1298,1.0000000510566164901860020108870230615139e+00
1299,1.0000000510566280365054581125150434672832e+00
1300,1.0000000642848820842090162841486744582653e+00
1301,1.0000000891334657193709745115484111011028e+00
1302,1.0000001226761896511163740797201171517372e+00
1303,1.0000001611704909532107876657391898334026e+00
1304,1.0000002006563879497491598158376291394234e+00
1305,1.0000002375115171204811304050963371992111e+00
1306,1.0000002688683864437990678197820670902729e+00
1307,1.0000002928339273289282118639675900340080e+00
1308,1.0000002744612925820177906643948517739773e+00
1309,1.0000002442884707853920644993195310235023e+00
1310,1.0000002070798488240654933179030194878578e+00
1311,1.0000001653705568038787987461546435952187e+00
1312,1.0000001226760333317145068576792255043983e+00
1313,1.0000000831519513244671770735294558107853e+00
1314,1.0000000510565694167297579042497090995312e+00
1315,1.0000000300996640945072613249067217111588e+00
1316,1.0000000228138901103847047124872915446758e+00
1317,1.0000000300995557367400579096283763647079e+00
1318,1.0000000510566582345717279167729429900646e+00
1319,1.0000000831519806343550271776621229946613e+00
1320,1.0000001226760868444642937902244739234447e+00
1321,1.0000001653705647974845760472817346453667e+00
1322,1.0000002070797600062235233053797855973244e+00
1323,1.0000002442884508013776212465018033981323e+00
1324,1.0000002744613554206409844482550397515297e+00
1325,1.0000002547729283097766028731712140142918e+00
1326,1.0000002192064401107529647561023011803627e+00
1327,1.0000001774827995681960146612254902720451e+00
1328,1.0000001327717009669271419625147245824337e+00
1329,1.0000000891336151553900890576187521219254e+00
1330,1.0000000510565651978822643286548554897308e+00
1331,1.0000000228136731728056929568992927670479e+00
1332,1.0000000077662509756493136592325754463673e+00
1333,1.0000000077664741304772633156972005963326e+00
1334,1.0000000228138168356650794521556235849857e+00
1335,1.0000000510564799327539731166325509548187e+00
1336,1.0000000891338074460179541347315534949303e+00
1337,1.0000001327712519927359835492097772657871e+00
1338,1.0000001774829512246611784576089121401310e+00
1339,1.0000002192064740835775182858924381434917e+00
1340,1.0000002547733370938942698558093979954720e+00
1341,1.0000002356964925454008152883034199476242e+00
1342,1.0000001961195845723295860807411372661591e+00
1343,1.0000001517696017749869952240260317921638e+00
1344,1.0000001063544952106809660108410753309727e+00
1345,1.0000000642850264132022175544989295303822e+00
1346,1.0000000300995768309775257876026444137096e+00
1347,1.0000000077664663589160909396014176309109e+00
1348,9.9999999999999977795539507496869191527367e-01
1349,1.0000000077663617759071712498553097248077e+00
1350,1.0000000300996010338394626160152256488800e+00
1351,1.0000000642848492216074873795150779187679e+00
1352,1.0000001063544785573355966334929689764977e+00
1353,1.0000001517695071839852971606887876987457e+00
1354,1.0000001961194426858270389857352711260319e+00
1355,1.0000002356963921812393891741521656513214e+00
1356,1.0000002192064503248047913075424730777740e+00
1357,1.0000001774826168254861613604589365422726e+00
1358,1.0000001327714140852975788220646791160107e+00
1359,1.0000000891334384078845687326975166797638e+00
1360,1.0000000510566364742004452637047506868839e+00
1361,1.0000000228139280800121468928409740328789e+00
1362,1.0000000077663795394755652523599565029144e+00
1363,1.0000000077661856945354657000279985368252e+00
1364,1.0000000228139089841761233401484787464142e+00
1365,1.0000000510565707489973874544375576078892e+00
1366,1.0000000891335329988862667960347607731819e+00
1367,1.0000001327714742593855135055491700768471e+00
1368,1.0000001774828917167070585492183454334736e+00
1369,1.0000002192065855499691906516090966761112e+00
1370,1.0000002070797369135846111021237447857857e+00
1371,1.0000001653705623549939218719373457133770e+00
1372,1.0000001226760695249851096377824433147907e+00
1373,1.0000000831521331789986106741707772016525e+00
1374,1.0000000510566195988104709613253362476826e+00
1375,1.0000000300994327240289294422836974263191e+00
1376,1.0000000228136876057050130839343182742596e+00
1377,1.0000000300996314539503373453044332563877e+00
1378,1.0000000510566240397025694619514979422092e+00
1379,1.0000000831521280719726973984506912529469e+00
1380,1.0000001226760424355433087839628569781780e+00
1381,1.0000001653706926951770128653151914477348e+00
1382,1.0000002070798237330251367893652059137821e+00
1383,1.0000002006563060152899424792849458754063e+00
1384,1.0000001611706526016831730885314755141735e+00
1385,1.0000001226759567263258077218779362738132e+00
1386,1.0000000891336036090706329559907317161560e+00
1387,1.0000000642849917742438492496148683130741e+00
1388,1.0000000510565172362476005218923091888428e+00
1389,1.0000000510564828193338371420395560562611e+00
1390,1.0000000642848874132795344849000684916973e+00
1391,1.0000000891336409125642603612504899501801e+00
1392,1.0000001226759764882956460496643558144569e+00
1393,1.0000001611706341719809643109329044818878e+00
1394,1.0000002006562545009415998720214702188969e+00
1395,1.0000002006563424306051501844194717705250e+00
1396,1.0000001653703676218754026194801554083824e+00
1397,1.0000001327714929111323272081790491938591e+00
1398,1.0000001063545591595271844198578037321568e+00
1399,1.0000000891336058295166822063038125634193e+00
1400,1.0000000831519670896341267507523298263550e+00
1401,1.0000000891335307784402175457216799259186e+00
1402,1.0000001063544705637298193323658779263496e+00
1403,1.0000001327713121668239182326942682266235e+00
1404,1.0000001653704153614654615012113936245441e+00
1405,1.0000002006565125167725227584014646708965e+00
1406,1.0000002070799058895289590509491972625256e+00
1407,1.0000001774828459755184439927688799798489e+00
1408,1.0000001517695777941696633206447586417198e+00
1409,1.0000001327716803167788839346030727028847e+00
1410,1.0000001226759658301546096481615677475929e+00
1411,1.0000001226759833716783987256349064409733e+00
1412,1.0000001327715610788260391927906312048435e+00
1413,1.0000001517697252317873335414333269000053e+00
1414,1.0000001774829065936955885263159871101379e+00
1415,1.0000002070798739151058498464408330619335e+00
1416,1.0000002192065189365877131422166712582111e+00
1417,1.0000001961196662847441984922625124454498e+00
1418,1.0000001774827274036994140260503627359867e+00
1419,1.0000001653707164539497398436651565134525e+00
1420,1.0000001611705884307923497544834390282631e+00
1421,1.0000001653706864779280749644385650753975e+00
1422,1.0000001774826743350388369435677304863930e+00
1423,1.0000001961196685051902477425755932927132e+00
1424,1.0000002192066019812699551039258949458599e+00
1425,1.0000002356961752436603774185641668736935e+00
1426,1.0000002192065786665864379756385460495949e+00
1427,1.0000002070797870956653241591993719339371e+00
1428,1.0000002006563606382627540369867347180843e+00
1429,1.0000002006563140088957197804120369255543e+00
1430,1.0000002070796765174520714936079457402229e+00
1431,1.0000002192066610451348651622538454830647e+00
1432,1.0000002356960964178256290324497967958450e+00
1433,1.0000002547730229007783009365084581077099e+00
1434,1.0000002442883570985543428832897916436195e+00
1435,1.0000002375120113917716935247881338000298e+00
1436,1.0000002351686911872263863187981769442558e+00
1437,1.0000002375118841602130714818486012518406e+00
1438,1.0000002442885405073980109591502696275711e+00
1439,1.0000002547729716084745632542762905359268e+00
1440,1.0000002744613329941358870200929231941700e+00
1441,1.0000002688683957696724746710970066487789e+00
1442,1.0000002659253477421685829540365375578403e+00
1443,1.0000002659252962278202403467730619013309e+00
1444,1.0000002688683471419039960892405360937119e+00
1445,1.0000002744612463967399662578827701508999e+00
1446,1.0000002928341833463576904250658117234707e+00
1447,1.0000002907165472798567407153313979506493e+00
1448,1.0000002899911679676847597875166684389114e+00
1449,1.0000002907163934029455276686348952353001e+00
1450,1.0000002928339541963254077927558682858944e+00
1451,1.0000003082310997548631803510943427681923e+00
1452,1.0000003080991268777921732180402614176273e+00
1453,1.0000003080988080217395008730818517506123e+00
1454,1.0000003082309909530067670857533812522888e+00
1455,1.0000003194154114538605426787398755550385e+00
1456,1.0000003199033642431459156796336174011230e+00
1457,1.0000003194154591934506015604711137712002e+00
1458,1.0000003256521927674782546091591939330101e+00
1459,1.0000003256523173345016175517230294644833e+00
1460,1.0000003267035351139924159724614582955837e+00
1461,1.0000003267038146681500165868783369660378e+00
1462,1.0000003256521770023113049319363199174404e+00
1463,1.0000003194154583052721818603458814322948e+00
1464,1.0000003082309549817807692306814715266228e+00
1465,1.0000002928338600494129195794812403619289e+00
1466,1.0000002744612384031341889567556791007519e+00
1467,1.0000002547731896562765996350208297371864e+00
1468,1.0000002356964754479662360608926974236965e+00
1469,1.0000002192065315931301938690012320876122e+00
1470,1.0000002070799627329478198589640669524670e+00
1471,1.0000002006563346590439778083236888051033e+00
1472,1.0000002006562893619445731019368395209312e+00
1473,1.0000002070798887920943798235384747385979e+00
1474,1.0000002192064569861429390584817156195641e+00
1475,1.0000002356962509608706568542402237653732e+00
1476,1.0000002547730610924503480418934486806393e+00
1477,1.0000002744613096794523698918055742979050e+00
1478,1.0000002928339246643929527635918930172920e+00
1479,1.0000003082307236113024373480584472417831e+00
1480,1.0000003194156923402857728433446027338505e+00
1481,1.0000003256521359240593938011443242430687e+00
1482,1.0000003267033956699805230527999810874462e+00
1483,1.0000003256520415551023006628383882343769e+00
1484,1.0000003199033251632954488741233944892883e+00
1485,1.0000003080989823267543670226586982607841e+00
1486,1.0000002907164029508635394449811428785324e+00
1487,1.0000002688684579421618536798632703721523e+00
1488,1.0000002442884019515645377396140247583389e+00
1489,1.0000002192066632655809144125669263303280e+00
1490,1.0000001961196236521800528862513601779938e+00
1491,1.0000001774829845313519172123051248490810e+00
1492,1.0000001653706749316086188628105446696281e+00
1493,1.0000001611706201831708540339604951441288e+00
1494,1.0000001653704810866685193104785867035389e+00
1495,1.0000001774826785538863305191625840961933e+00
1496,1.0000001961194129318499790315399877727032e+00
1497,1.0000002192065360340222923696273937821388e+00
1498,1.0000002442887678810734541912097483873367e+00
1499,1.0000002688685214469188622388173826038837e+00
1500,1.0000002907164040610865640701376833021641e+00
1501,1.0000003080990029769026250505703501403332e+00
1502,1.0000003199033806744466801319504156708717e+00
1503,1.0000003256522569383690779432072304189205e+00
1504,1.0000003194157061070512781952857039868832e+00
1505,1.0000003080989607884276892946218140423298e+00
1506,1.0000002899910238607361634421977214515209e+00
1507,1.0000002659252853476345990202389657497406e+00
1508,1.0000002375116827657564044784521684050560e+00
1509,1.0000002070797395781198702024994418025017e+00
1510,1.0000001774828040090881131618516519665718e+00
1511,1.0000001517693546393417136641801334917545e+00
1512,1.0000001327716572241399717313470318913460e+00
1513,1.0000001226760752981448376885964535176754e+00
1514,1.0000001226761352501881674470496363937855e+00
1515,1.0000001327714078680486409211880527436733e+00
1516,1.0000001517694707686700894555542618036270e+00
1517,1.0000001774828612965961838199291378259659e+00
1518,1.0000002070798312825417042404296807944775e+00
1519,1.0000002375116066044569151927134953439236e+00
1520,1.0000002659251820968933088806807063519955e+00
1521,1.0000002899909055109617384005105122923851e+00
1522,1.0000003080989601222938745195278897881508e+00
1523,1.0000003194156923402857728433446027338505e+00
1524,1.0000003082307342694434737495612353086472e+00
1525,1.0000002907165630450236903925542719662189e+00
1526,1.0000002659255184944697703031124547123909e+00
1527,1.0000002351688874746571400464745238423347e+00
1528,1.0000002006564179257708246950642205774784e+00
1529,1.0000001653704855275606178111047483980656e+00
1530,1.0000001327715855037325809462345205247402e+00
1531,1.0000001063546588575547957589151337742805e+00
1532,1.0000000891336844333068256673868745565414e+00
1533,1.0000000831519983979234211801667697727680e+00
1534,1.0000000891335889541267079039243981242180e+00
1535,1.0000001063543757506835163439973257482052e+00
1536,1.0000001327714771459653775309561751782894e+00
1537,1.0000001653706189763681777549209073185921e+00
1538,1.0000002006561792278205302864080294966698e+00
1539,1.0000002351687398149948649006546474993229e+00
1540,1.0000002659252766878950069440179504454136e+00
1541,1.0000002907164089460678724208264611661434e+00
1542,1.0000003082310005009247788620996288955212e+00
1543,1.0000002928338980190403617598349228501320e+00
1544,1.0000002688683788942825003687175922095776e+00
1545,1.0000002375116807673549601531703956425190e+00
1546,1.0000002006561690137687037349678575992584e+00
1547,1.0000001611704432136207287840079516172409e+00
1548,1.0000001226761445760615742983645759522915e+00
1549,1.0000000891336930930464177436078898608685e+00
1550,1.0000000642848521081873514049220830202103e+00
1551,1.0000000510565778544247450554394163191319e+00
1552,1.0000000510565310030131058738334104418755e+00
1553,1.0000000642849404819401115673827007412910e+00
1554,1.0000000891334861474746276144287548959255e+00
1555,1.0000001226759638317531653228797949850559e+00
1556,1.0000001611704105730638048044056631624699e+00
1557,1.0000002006564403522759221232263371348381e+00
1558,1.0000002375118248743035564984893426299095e+00
1559,1.0000002688683546914205635403050109744072e+00
1560,1.0000002928339657426448638943838886916637e+00
1561,1.0000002744614437943937446107156574726105e+00
1562,1.0000002442884410314150045451242476701736e+00
1563,1.0000002070798508224669376431847922503948e+00
1564,1.0000001653705841153652045250055380165577e+00
1565,1.0000001226761277006715999959851615130901e+00
1566,1.0000000831520292621235057595185935497284e+00
1567,1.0000000510567146339013788747251965105534e+00
1568,1.0000000300995566249184776097536087036133e+00
1569,1.0000000228137579938447743188589811325073e+00
1570,1.0000000300995495194911200087517499923706e+00
1571,1.0000000510564266420487911091186106204987e+00
1572,1.0000000831520310384803451597690582275391e+00
1573,1.0000001226761132677722798689501360058784e+00
1574,1.0000001653703041171183940605260431766510e+00
1575,1.0000002070800537712358391218003816902637e+00
1576,1.0000002442883186848376908528734929859638e+00
1577,1.0000002744613847305288345523877069354057e+00
1578,1.0000002547730126867264743850682862102985e+00
1579,1.0000002192066104189649422551156021654606e+00
1580,1.0000001774828020106866688365698792040348e+00
1581,1.0000001327715404286777811648789793252945e+00
1582,1.0000000891335723007813385265762917697430e+00
1583,1.0000000510566240397025694619514979422092e+00
1584,1.0000000228137226887525912388809956610203e+00
1585,1.0000000077662860586968918141792528331280e+00
1586,1.0000000077664019659806626805220730602741e+00
1587,1.0000000228139400704208128445316106081009e+00
1588,1.0000000510567095268754655990051105618477e+00
1589,1.0000000891335178998531318939058110117912e+00
1590,1.0000001327714995724704749591182917356491e+00
1591,1.0000001774829252454424022289458662271500e+00
1592,1.0000002192067547479581435254658572375774e+00
1593,1.0000002547731952073917227608035318553448e+00
1594,1.0000002356965425054369234203477390110493e+00
1595,1.0000001961195843502849811557098291814327e+00
1596,1.0000001517696490704878442556946538388729e+00
1597,1.0000001063547006019405216648010537028313e+00
1598,1.0000000642847592935424927418353036046028e+00
1599,1.0000000300995930402336853148881345987320e+00
1600,1.0000000077662540842737826096708886325359e+00
1601,1.0000000000000452970994047063868492841721e+00
1602,1.0000000077665163189521990716457366943359e+00
1603,1.0000000300996421120913737468072213232517e+00
1604,1.0000000642848216880764766756328754127026e+00
1605,1.0000001063544785573355966334929689764977e+00
1606,1.0000001517693346553272704113624058663845e+00
1607,1.0000001961196951505428387463325634598732e+00
1608,1.0000002356963639815745636951760388910770e+00
1609,1.0000002192065606809734390481025911867619e+00
1610,1.0000001774826914324734161709784530103207e+00
1611,1.0000001327714778120991923060500994324684e+00
1612,1.0000000891333755692613749488373287022114e+00
1613,1.0000000510566633415976411924930289387703e+00
1614,1.0000000228138163915758696020930074155331e+00
1615,1.0000000077664945585809164185775443911552e+00
1616,1.0000000077662449804449806833872571587563e+00
1617,1.0000000228138148372636351268738508224487e+00
1618,1.0000000510567743639001037081470713019371e+00
1619,1.0000000891336136010778545823995955288410e+00
1620,1.0000001327714915788646976579912006855011e+00
1621,1.0000001774830509226887897966662421822548e+00
1622,1.0000002192065577943935750226955860853195e+00
1623,1.0000002070797298081572535011218860745430e+00
1624,1.0000001653704873039174572113552130758762e+00
1625,1.0000001226761499051320924991159699857235e+00
1626,1.0000000831520685640185774900601245462894e+00
1627,1.0000000510567621514468328314251266419888e+00
1628,1.0000000300996456648050525473081506788731e+00
1629,1.0000000228138259394938813784392550587654e+00
1630,1.0000000300995048885255300774588249623775e+00
1631,1.0000000510566000588852375585702247917652e+00
1632,1.0000000831521094202258836958208121359348e+00
1633,1.0000001226759305250624265681835822761059e+00
1634,1.0000001653706604987092987357755191624165e+00
1635,1.0000002070797286979342288759653456509113e+00
1636,1.0000002006563244449921512568835169076920e+00
1637,1.0000001611703976944767191525897942483425e+00
1638,1.0000001226760122374770389797049574553967e+00
1639,1.0000000891335774078072518022963777184486e+00
1640,1.0000000642847759468878621191834099590778e+00
1641,1.0000000510562809807879602885805070400238e+00
1642,1.0000000510563706868083500012289732694626e+00
1643,1.0000000642847195475582111612311564385891e+00
1644,1.0000000891335576458374134745099581778049e+00
1645,1.0000001226759382966235989442793652415276e+00
1646,1.0000001611703424053700928197940811514854e+00
1647,1.0000002006562793699373514755279757082462e+00
1648,1.0000002006565122947279178333701565861702e+00
1649,1.0000001653707204507526284942287020385265e+00
1650,1.0000001327713330390167811856372281908989e+00
1651,1.0000001063545873591920098988339304924011e+00
1652,1.0000000891335452113395376727567054331303e+00
1653,1.0000000831520046151723590810433961451054e+00
1654,1.0000000891335178998531318939058110117912e+00
1655,1.0000001063544303736563279016991145908833e+00
1656,1.0000001327714518328804160773870535194874e+00
1657,1.0000001653707681903426873759599402546883e+00
1658,1.0000002006565482659539156884420663118362e+00
1659,1.0000002070798779119087384970043785870075e+00
1660,1.0000001774827236289411303005181252956390e+00
1661,1.0000001517693994923519085205043666064739e+00
1662,1.0000001327713636811722608399577438831329e+00
1663,1.0000001226761305872514640213921666145325e+00
1664,1.0000001226760106831648045044858008623123e+00
1665,1.0000001327713385901319043114199303090572e+00
1666,1.0000001517696175401539449012489058077335e+00
1667,1.0000001774827449452232031035237014293671e+00
1668,1.0000002070797278097558091758401133120060e+00
1669,1.0000002192065564621259454725077375769615e+00
1670,1.0000001961196307576074104872532188892365e+00
1671,1.0000001774828581879717148694908246397972e+00
1672,1.0000001653705714588227237982209771871567e+00
1673,1.0000001611704809612035660393303260207176e+00
1674,1.0000001653706018789335985275101847946644e+00
1675,1.0000001774828013445528540614759549498558e+00
1676,1.0000001961197237942968740753713063895702e+00
1677,1.0000002192065617911964636732591316103935e+00
1678,1.0000002356962689464836557817761786282063e+00
1679,1.0000002192066457240571253350935876369476e+00
1680,1.0000002070798099662596314374241046607494e+00
1681,1.0000002006564663314946983518893830478191e+00
1682,1.0000002006563279977058300573844462633133e+00
1683,1.0000002070797489039932770538143813610077e+00
1684,1.0000002192064783024250118614872917532921e+00
1685,1.0000002356964099448077831766568124294281e+00
1686,1.0000002547731399182850964280078187584877e+00
1687,1.0000002442886688491796576272463425993919e+00
1688,1.0000002375118122177610757717047818005085e+00
1689,1.0000002351687504731359013021574355661869e+00
1690,1.0000002375116194830440008445293642580509e+00
1691,1.0000002442889037723716683103702962398529e+00
1692,1.0000002547732262936364122651866637170315e+00
1693,1.0000002744611906635441300750244408845901e+00
1694,1.0000002688684375140582005769829265773296e+00
1695,1.0000002659252926751065615462721325457096e+00
1696,1.0000002659253171000131032997160218656063e+00
1697,1.0000002688685687424197112704860046505928e+00
1698,1.0000002744612999094897531904280185699463e+00
1699,1.0000002928339271068836069389362819492817e+00
1700,1.0000002907165170817904709110734984278679e+00
1701,1.0000002899911448750458475842606276273727e+00
1702,1.0000002907164735610479056049371138215065e+00
1703,1.0000002928340101515658489006455056369305e+00
1704,1.0000003082307984403342970836092717945576e+00
1705,1.0000003080990298442998209793586283922195e+00
1706,1.0000003080989741111039847965002991259098e+00
1707,1.0000003082309627533419416067772544920444e+00
1708,1.0000003194156399377590105359558947384357e+00
1709,1.0000003199030287337478739573271013796329e+00
1710,1.0000003194155289154565480203018523752689e+00
1711,1.0000003256522416172913381160469725728035e+00
1712,1.0000003256521052819039141468238085508347e+00
1713,1.0000003267037691490060069554601795971394e+00
1714,1.0000003267040373788887563932803459465504e+00
1715,1.0000003256518166239175116061232984066010e+00
1716,1.0000003194156823482785512169357389211655e+00
1717,1.0000003082309216750900304759852588176727e+00
1718,1.0000002928340057106737504000193439424038e+00
1719,1.0000002744611855565182167993043549358845e+00
1720,1.0000002547729980317825493330019526183605e+00
1721,1.0000002356963826333213773978059180080891e+00
1722,1.0000002192065648998209326236974447965622e+00
1723,1.0000002070798392761474815415567718446255e+00
1724,1.0000002006564299161794906467548571527004e+00
1725,1.0000002006561798939543450615019537508488e+00
1726,1.0000002070799043352167245757300406694412e+00
1727,1.0000002192065546857691060722572728991508e+00
1728,1.0000002356962292004993742011720314621925e+00
1729,1.0000002547730242330459304866963066160679e+00
1730,1.0000002744613212257718259934335947036743e+00
1731,1.0000002928337514696011112391715869307518e+00
1732,1.0000003082309874002930882852524518966675e+00
1733,1.0000003194156876773490694176871329545975e+00
1734,1.0000003256524230277335618666256777942181e+00
1735,1.0000003267038044540981900354381650686264e+00
1736,1.0000003256519176542127524953684769570827e+00
1737,1.0000003199032170275728503838763572275639e+00
1738,1.0000003080989703363457010709680616855621e+00
1739,1.0000002907163614285224184641265310347080e+00
1740,1.0000002688683684581860688922461122274399e+00
1741,1.0000002442886268827493267963291145861149e+00
1742,1.0000002192064205708277313533471897244453e+00
1743,1.0000001961195996713627209828700870275497e+00
1744,1.0000001774827309564130928265512920916080e+00
1745,1.0000001653703376458537377402535639703274e+00
1746,1.0000001611704862902740842400817200541496e+00
1747,1.0000001653704844173375931859482079744339e+00
1748,1.0000001774828208844780874642310664057732e+00
1749,1.0000001961197537703185389545978978276253e+00
1750,1.0000002192065657879993523238226771354675e+00
1751,1.0000002442885247422310612819273956120014e+00
1752,1.0000002688685378782196266911341808736324e+00
1753,1.0000002907166605226052524812985211610794e+00
1754,1.0000003080991701764901335991453379392624e+00
1755,1.0000003199034159795388632119284011423588e+00
1756,1.0000003256520815231311871684738434851170e+00
1757,1.0000003194156825703231561419670470058918e+00
1758,1.0000003080991199944094205420697107911110e+00
1759,1.0000002899912114884273250936530530452728e+00
1760,1.0000002659253546255513356300070881843567e+00
1761,1.0000002375117917896574226688244380056858e+00
1762,1.0000002070798732489720350713469088077545e+00
1763,1.0000001774828191081212480639806017279625e+00
1764,1.0000001517694994124241247845930047333241e+00
1765,1.0000001327716219190477886513690464198589e+00
1766,1.0000001226761758843508687277790158987045e+00
1767,1.0000001226759511752106845960952341556549e+00
1768,1.0000001327715355436964728141902014613152e+00
1769,1.0000001517695717989653303447994403541088e+00
1770,1.0000001774830253875592234180658124387264e+00
1771,1.0000002070800084741364344154135324060917e+00
1772,1.0000002375117664765724612152553163468838e+00
1773,1.0000002659253921510895679602981545031071e+00
1774,1.0000002899909841147518818615935742855072e+00
1775,1.0000003080990087500623531013843603432178e+00
1776,1.0000003194156881214382792677497491240501e+00
1777,1.0000003082310253699205304656061343848705e+00
1778,1.0000002907162448551048328226897865533829e+00
1779,1.0000002659253111048087703238707035779953e+00
1780,1.0000002351691099633512749278452247381210e+00
1781,1.0000002006562869194539189265924505889416e+00
1782,1.0000001653705110626901841897051781415939e+00
1783,1.0000001327713956555953700444661080837250e+00
1784,1.0000001063546231083734028288745321333408e+00
1785,1.0000000891336697783629006153205409646034e+00
1786,1.0000000831519035848771181917982175946236e+00
1787,1.0000000891334981378832935661193914711475e+00
1788,1.0000001063546026802697497259941883385181e+00
1789,1.0000001327713343712844107358250766992569e+00
1790,1.0000001653706169779667334296391345560551e+00
1791,1.0000002006563959433549371169647201895714e+00
1792,1.0000002351689407653623220539884641766548e+00
1793,1.0000002659253734993427542576682753860950e+00
1794,1.0000002907162204301982910692458972334862e+00
1795,1.0000003082308261959099127125227823853493e+00
1796,1.0000002928338964647281272846157662570477e+00
1797,1.0000002688684024310106224220362491905689e+00
1798,1.0000002375117833519624355176347307860851e+00
1799,1.0000002006562336287487369190785102546215e+00
1800,1.0000001611703890347371270763687789440155e+00
1801,1.0000001226759793748755100750713609158993e+00
1802,1.0000000891335873998144734287052415311337e+00
1803,1.0000000642849287135760505407233722507954e+00
1804,1.0000000510566535716350244911154732108116e+00
1805,1.0000000510566275924162482624524272978306e+00
1806,1.0000000642848818621644113591173663735390e+00
1807,1.0000000891335909525281522292061708867550e+00
1808,1.0000001226762975647943676449358463287354e+00
1809,1.0000001611704081305731506290612742304802e+00
1810,1.0000002006564283618672561715357005596161e+00
1811,1.0000002375118046682445083206403069198132e+00
1812,1.0000002688686171481435849273111671209335e+00
1813,1.0000002928338596053237097294186241924763e+00
1814,1.0000002744611866667412414244608953595161e+00
1815,1.0000002442887534481741340641747228801250e+00
1816,1.0000002070799154374469708272954449057579e+00
1817,1.0000001653706762638762484129983931779861e+00
1818,1.0000001226760546479965796606848016381264e+00
1819,1.0000000831521953514879896829370409250259e+00
1820,1.0000000510565454359124260008684359490871e+00
1821,1.0000000300996307878165225702105090022087e+00
1822,1.0000000228139782620928599499166011810303e+00
1823,1.0000000300994862367787163748289458453655e+00
1824,1.0000000510566700029357889434322714805603e+00
1825,1.0000000831518844890410946391057223081589e+00
1826,1.0000001226759409611588580446550622582436e+00
1827,1.0000001653705961057738704766961745917797e+00
1828,1.0000002070799343112383894549566321074963e+00
1829,1.0000002442887800935267250679316930472851e+00
1830,1.0000002744613756267000326261040754616261e+00
1831,1.0000002547729904822659818819374777376652e+00
1832,1.0000002192063615069628212950192391872406e+00
1833,1.0000001774828024547758786866324953734875e+00
1834,1.0000001327714784782330070811440236866474e+00
1835,1.0000000891334721586645173374563455581665e+00
1836,1.0000000510565032474374902449198998510838e+00
1837,1.0000000228139140912020366158685646951199e+00
1838,1.0000000077662847264292622639914043247700e+00
1839,1.0000000077663402375804935218184255063534e+00
1840,1.0000000228138512525788428320083767175674e+00
1841,1.0000000510565010269914409946068190038204e+00
1842,1.0000000891336009445353738556150346994400e+00
1843,1.0000001327715091203884867354645393788815e+00
1844,1.0000001774828584100163197945221327245235e+00
1845,1.0000002192064556538753095082938671112061e+00
1846,1.0000002547730881818921488957130350172520e+00
1847,1.0000002356963046956650487118167802691460e+00
1848,1.0000001961195488231481931507005356252193e+00
1849,1.0000001517695844555078110715840011835098e+00
1850,1.0000001063545376212005066918209195137024e+00
1851,1.0000000642849964371805526752723380923271e+00
1852,1.0000000300995828261818587634479627013206e+00
1853,1.0000000077661943542750577762490138411522e+00
1854,9.9999999999990529797599947414710186421871e-01
1855,1.0000000077663273589934078700025565922260e+00
1856,1.0000000300995590674091317850979976356030e+00
1857,1.0000000642846542664443632020265795290470e+00
1858,1.0000001063546410939864017564104869961739e+00
1859,1.0000001517695940034258228479302488267422e+00
1860,1.0000001961196900435169254706124775111675e+00
1861,1.0000002356964414751416825311025604605675e+00
1862,1.0000002192064429973328287815093062818050e+00
1863,1.0000001774829181400150446279440075159073e+00
1864,1.0000001327713887722126173684955574572086e+00
1865,1.0000000891337619268739445033133961260319e+00
1866,1.0000000510565905109672257822239771485329e+00
1867,1.0000000228137830848851308473967947065830e+00
1868,1.0000000077662867248307065892731770873070e+00
1869,1.0000000077663180331200010186876170337200e+00
1870,1.0000000228140066838022903539240360260010e+00
1871,1.0000000510566824374336647451855242252350e+00
1872,1.0000000891334190900039402549737133085728e+00
1873,1.0000001327713852194989385679946281015873e+00
1874,1.0000001774827538270074001047760248184204e+00
1875,1.0000002192066386186297677340917289257050e+00
1876,1.0000002070799471898254751067725010216236e+00
1877,1.0000001653704779780440503600402735173702e+00
1878,1.0000001226761465744630186236463487148285e+00
1879,1.0000000831520561295207016883068718016148e+00
1880,1.0000000510565456579570309258997440338135e+00
1881,1.0000000300996696456223844506894238293171e+00
1882,1.0000000228137504443282068677945062518120e+00
1883,1.0000000300994695834333469974808394908905e+00
1884,1.0000000510567499389935619547031819820404e+00
1885,1.0000000831521176358762659219792112708092e+00
1886,1.0000001226760022454698173532960936427116e+00
1887,1.0000001653703778359272291709203273057938e+00
1888,1.0000002070799083320196132262935861945152e+00
1889,1.0000002006563917245074435413698665797710e+00
1890,1.0000001611705482407188583238166756927967e+00
1891,1.0000001226758405969974319305038079619408e+00
1892,1.0000000891336724428981597156962379813194e+00
1893,1.0000000642849533605271972191985696554184e+00
1894,1.0000000510566560141256786664598621428013e+00
1895,1.0000000510567150779905887247878126800060e+00
1896,1.0000000642846336162961051741149276494980e+00
1897,1.0000000891334162034240762295667082071304e+00
1898,1.0000001226759542838351535465335473418236e+00
1899,1.0000001611704896209431581155513413250446e+00
1900,1.0000002006562491718710816712700761854649e+00
1901,1.0000002006564636669594392515136860311031e+00
1902,1.0000001653707106807900117928511463105679e+00
1903,1.0000001327716121490851719499914906919003e+00
1904,1.0000001063546668511605730600422248244286e+00
1905,1.0000000891335190100761565190623514354229e+00
1906,1.0000000831521820288116941810585558414459e+00
1907,1.0000000891337392783242421501199714839458e+00
1908,1.0000001063547434565492721958435140550137e+00
1909,1.0000001327715448695698796655051410198212e+00
1910,1.0000001653706096504947709036059677600861e+00
1911,1.0000002006563637468872229874250479042530e+00
1912,1.0000002070797375797184258772176690399647e+00
1913,1.0000001774828404244033208669861778616905e+00
1914,1.0000001517695427111220851656980812549591e+00
1915,1.0000001327713647913952854651142843067646e+00
1916,1.0000001226759984707115336277638562023640e+00
1917,1.0000001226761323636083034216426312923431e+00
1918,1.0000001327716969701242533119511790573597e+00
1919,1.0000001517694476760311772522982209920883e+00
1920,1.0000001774828168876751988136675208806992e+00
1921,1.0000002070798235109805318643338978290558e+00
1922,1.0000002192064265660320643291925080120564e+00
1923,1.0000001961195270627769104976323433220387e+00
1924,1.0000001774827509404275360793690197169781e+00
1925,1.0000001653704924109433704870752990245819e+00
1926,1.0000001611705691129117212767596356570721e+00
1927,1.0000001653706496185236574092414230108261e+00
1928,1.0000001774828877199041698986547999083996e+00
1929,1.0000001961197180211371460245572961866856e+00
1930,1.0000002192066752559895803642575629055500e+00
1931,1.0000002356963386684896022416069172322750e+00
1932,1.0000002192066352879606938586221076548100e+00
1933,1.0000002070798532649575918185291811823845e+00
1934,1.0000002006563140088957197804120369255543e+00
1935,1.0000002006563364354008172085741534829140e+00
1936,1.0000002070798366116122224411810748279095e+00
1937,1.0000002192064811890048758868942968547344e+00
1938,1.0000002356961972260762649966636672616005e+00
1939,1.0000002547731621227455889311386272311211e+00
1940,1.0000002442885829179175516401301138103008e+00
1941,1.0000002375115957242712738661793991923332e+00
1942,1.0000002351689452062544205546146258711815e+00
1943,1.0000002375118068886905575709533877670765e+00
1944,1.0000002442884610154294477979419752955437e+00
1945,1.0000002547730877378029390456504188477993e+00
1946,1.0000002744612768168508409871719777584076e+00
1947,1.0000002688684688223474950063973665237427e+00
1948,1.0000002659254063619442831623018719255924e+00
1949,1.0000002659250846193117467919364571571350e+00
1950,1.0000002688684623830539521804894320666790e+00
1951,1.0000002744613147864782831675256602466106e+00
1952,1.0000002928340649965832653833786025643349e+00
1953,1.0000002907163860754735651426017284393311e+00
1954,1.0000002899908908560178133484441787004471e+00
1955,1.0000002907164093901570822708890773355961e+00
1956,1.0000002928338762586690791067667305469513e+00
1957,1.0000003082309618651635219066520221531391e+00
1958,1.0000003080989137149714451879845000803471e+00
1959,1.0000003080990147452666860772296786308289e+00
1960,1.0000003082309303348296225522062741219997e+00
1961,1.0000003194156783514756625663721933960915e+00
1962,1.0000003199032365674980837866314686834812e+00
1963,1.0000003194158519903567139408551156520844e+00
1964,1.0000003256520706429455458419397473335266e+00
1965,1.0000003256520821892650019435677677392960e+00
1966,1.0000003267038484189299651916371658444405e+00
1967,1.0000003267038146681500165868783369660378e+00
1968,1.0000003256521770023113049319363199174404e+00
1969,1.0000003194154583052721818603458814322948e+00
1970,1.0000003082309549817807692306814715266228e+00
1971,1.0000002928338600494129195794812403619289e+00
1972,1.0000002744612384031341889567556791007519e+00
1973,1.0000002547731896562765996350208297371864e+00
1974,1.0000002356964754479662360608926974236965e+00
1975,1.0000002192065315931301938690012320876122e+00
1976,1.0000002070799627329478198589640669524670e+00
1977,1.0000002006563346590439778083236888051033e+00
1978,1.0000002006562893619445731019368395209312e+00
1979,1.0000002070798887920943798235384747385979e+00
1980,1.0000002192064569861429390584817156195641e+00
1981,1.0000002356962509608706568542402237653732e+00
1982,1.0000002547730610924503480418934486806393e+00
1983,1.0000002744613096794523698918055742979050e+00
1984,1.0000002928339246643929527635918930172920e+00
1985,1.0000003082307236113024373480584472417831e+00
1986,1.0000003194156923402857728433446027338505e+00
1987,1.0000003256521359240593938011443242430687e+00
1988,1.0000003267033956699805230527999810874462e+00
1989,1.0000003256520415551023006628383882343769e+00
1990,1.0000003199033251632954488741233944892883e+00
1991,1.0000003080989823267543670226586982607841e+00
1992,1.0000002907164029508635394449811428785324e+00
1993,1.0000002688684579421618536798632703721523e+00
1994,1.0000002442884019515645377396140247583389e+00
1995,1.0000002192066632655809144125669263303280e+00
1996,1.0000001961196236521800528862513601779938e+00
1997,1.0000001774829845313519172123051248490810e+00
1998,1.0000001653706749316086188628105446696281e+00
1999,1.0000001611706201831708540339604951441288e+00
2000,1.0000001653704810866685193104785867035389e+00
2001,1.0000001774826785538863305191625840961933e+00
2002,1.0000001961194129318499790315399877727032e+00
2003,1.0000002192065360340222923696273937821388e+00
2004,1.0000002442887678810734541912097483873367e+00
2005,1.0000002688685214469188622388173826038837e+00
2006,1.0000002907164040610865640701376833021641e+00
2007,1.0000003080990029769026250505703501403332e+00
2008,1.0000003199033806744466801319504156708717e+00
2009,1.0000003256522569383690779432072304189205e+00
2010,1.0000003194157061070512781952857039868832e+00
2011,1.0000003080989607884276892946218140423298e+00
2012,1.0000002899910238607361634421977214515209e+00
2013,1.0000002659252853476345990202389657497406e+00
2014,1.0000002375116827657564044784521684050560e+00
2015,1.0000002070797395781198702024994418025017e+00
2016,1.0000001774828040090881131618516519665718e+00
2017,1.0000001517693546393417136641801334917545e+00
2018,1.0000001327716572241399717313470318913460e+00
2019,1.0000001226760752981448376885964535176754e+00
2020,1.0000001226761352501881674470496363937855e+00
2021,1.0000001327714078680486409211880527436733e+00
2022,1.0000001517694707686700894555542618036270e+00
2023,1.0000001774828612965961838199291378259659e+00
2024,1.0000002070798312825417042404296807944775e+00
2025,1.0000002375116066044569151927134953439236e+00
2026,1.0000002659251820968933088806807063519955e+00
2027,1.0000002899909055109617384005105122923851e+00
2028,1.0000003080989601222938745195278897881508e+00
2029,1.0000003194156923402857728433446027338505e+00
2030,1.0000003082307342694434737495612353086472e+00
2031,1.0000002907165630450236903925542719662189e+00
2032,1.0000002659255184944697703031124547123909e+00
2033,1.0000002351688874746571400464745238423347e+00
2034,1.0000002006564179257708246950642205774784e+00
2035,1.0000001653704855275606178111047483980656e+00
2036,1.0000001327715855037325809462345205247402e+00
2037,1.0000001063546588575547957589151337742805e+00
2038,1.0000000891336844333068256673868745565414e+00
2039,1.0000000831519983979234211801667697727680e+00
2040,1.0000000891335889541267079039243981242180e+00
2041,1.0000001063543757506835163439973257482052e+00
2042,1.0000001327714771459653775309561751782894e+00
2043,1.0000001653706189763681777549209073185921e+00
2044,1.0000002006561792278205302864080294966698e+00
2045,1.0000002351687398149948649006546474993229e+00
2046,1.0000002659252766878950069440179504454136e+00
2047,1.0000002907164089460678724208264611661434e+00
2048,1.0000003082310005009247788620996288955212e+00
2049,1.0000002928338980190403617598349228501320e+00
2050,1.0000002688683788942825003687175922095776e+00
2051,1.0000002375116807673549601531703956425190e+00
2052,1.0000002006561690137687037349678575992584e+00
2053,1.0000001611704432136207287840079516172409e+00
2054,1.0000001226761445760615742983645759522915e+00
2055,1.0000000891336930930464177436078898608685e+00
2056,1.0000000642848521081873514049220830202103e+00
2057,1.0000000510565778544247450554394163191319e+00
2058,1.0000000510565310030131058738334104418755e+00
2059,1.0000000642849404819401115673827007412910e+00
2060,1.0000000891334861474746276144287548959255e+00
2061,1.0000001226759638317531653228797949850559e+00
2062,1.0000001611704105730638048044056631624699e+00
2063,1.0000002006564403522759221232263371348381e+00
2064,1.0000002375118248743035564984893426299095e+00
2065,1.0000002688683546914205635403050109744072e+00
2066,1.0000002928339657426448638943838886916637e+00
2067,1.0000002744614437943937446107156574726105e+00
2068,1.0000002442884410314150045451242476701736e+00
2069,1.0000002070798508224669376431847922503948e+00
2070,1.0000001653705841153652045250055380165577e+00
2071,1.0000001226761277006715999959851615130901e+00
2072,1.0000000831520292621235057595185935497284e+00
2073,1.0000000510567146339013788747251965105534e+00
2074,1.0000000300995566249184776097536087036133e+00
2075,1.0000000228137579938447743188589811325073e+00
2076,1.0000000300995495194911200087517499923706e+00
2077,1.0000000510564266420487911091186106204987e+00
2078,1.0000000831520310384803451597690582275391e+00
2079,1.0000001226761132677722798689501360058784e+00
2080,1.0000001653703041171183940605260431766510e+00
2081,1.0000002070800537712358391218003816902637e+00
2082,1.0000002442883186848376908528734929859638e+00
2083,1.0000002744613847305288345523877069354057e+00
2084,1.0000002547730126867264743850682862102985e+00
2085,1.0000002192066104189649422551156021654606e+00
2086,1.0000001774828020106866688365698792040348e+00
2087,1.0000001327715404286777811648789793252945e+00
2088,1.0000000891335723007813385265762917697430e+00
2089,1.0000000510566240397025694619514979422092e+00
2090,1.0000000228137226887525912388809956610203e+00
2091,1.0000000077662860586968918141792528331280e+00
2092,1.0000000077664019659806626805220730602741e+00
2093,1.0000000228139400704208128445316106081009e+00
2094,1.0000000510567095268754655990051105618477e+00
2095,1.0000000891335178998531318939058110117912e+00
2096,1.0000001327714995724704749591182917356491e+00
2097,1.0000001774829252454424022289458662271500e+00
2098,1.0000002192067547479581435254658572375774e+00
2099,1.0000002547731952073917227608035318553448e+00
2100,1.0000002356965425054369234203477390110493e+00
2101,1.0000001961195843502849811557098291814327e+00
2102,1.0000001517696490704878442556946538388729e+00
2103,1.0000001063547006019405216648010537028313e+00
2104,1.0000000642847592935424927418353036046028e+00
2105,1.0000000300995930402336853148881345987320e+00
2106,1.0000000077662540842737826096708886325359e+00
2107,1.0000000000000452970994047063868492841721e+00
2108,1.0000000077665163189521990716457366943359e+00
2109,1.0000000300996421120913737468072213232517e+00
2110,1.0000000642848216880764766756328754127026e+00
2111,1.0000001063544785573355966334929689764977e+00
2112,1.0000001517693346553272704113624058663845e+00
2113,1.0000001961196951505428387463325634598732e+00
2114,1.0000002356963639815745636951760388910770e+00
2115,1.0000002192065606809734390481025911867619e+00
2116,1.0000001774826914324734161709784530103207e+00
2117,1.0000001327714778120991923060500994324684e+00
2118,1.0000000891333755692613749488373287022114e+00
2119,1.0000000510566633415976411924930289387703e+00
2120,1.0000000228138163915758696020930074155331e+00
2121,1.0000000077664945585809164185775443911552e+00
2122,1.0000000077662449804449806833872571587563e+00
2123,1.0000000228138148372636351268738508224487e+00
2124,1.0000000510567743639001037081470713019371e+00
2125,1.0000000891336136010778545823995955288410e+00
2126,1.0000001327714915788646976579912006855011e+00
2127,1.0000001774830509226887897966662421822548e+00
2128,1.0000002192065577943935750226955860853195e+00
2129,1.0000002070797298081572535011218860745430e+00
2130,1.0000001653704873039174572113552130758762e+00
2131,1.0000001226761499051320924991159699857235e+00
2132,1.0000000831520685640185774900601245462894e+00
2133,1.0000000510567621514468328314251266419888e+00
2134,1.0000000300996456648050525473081506788731e+00
2135,1.0000000228138259394938813784392550587654e+00
2136,1.0000000300995048885255300774588249623775e+00
2137,1.0000000510566000588852375585702247917652e+00
2138,1.0000000831521094202258836958208121359348e+00
2139,1.0000001226759305250624265681835822761059e+00
2140,1.0000001653706604987092987357755191624165e+00
2141,1.0000002070797286979342288759653456509113e+00
2142,1.0000002006563244449921512568835169076920e+00
2143,1.0000001611703976944767191525897942483425e+00
2144,1.0000001226760122374770389797049574553967e+00
2145,1.0000000891335774078072518022963777184486e+00
2146,1.0000000642847759468878621191834099590778e+00
2147,1.0000000510562809807879602885805070400238e+00
2148,1.0000000510563706868083500012289732694626e+00
2149,1.0000000642847195475582111612311564385891e+00
2150,1.0000000891335576458374134745099581778049e+00
2151,1.0000001226759382966235989442793652415276e+00
2152,1.0000001611703424053700928197940811514854e+00
2153,1.0000002006562793699373514755279757082462e+00
2154,1.0000002006565122947279178333701565861702e+00
2155,1.0000001653707204507526284942287020385265e+00
2156,1.0000001327713330390167811856372281908989e+00
2157,1.0000001063545873591920098988339304924011e+00
2158,1.0000000891335452113395376727567054331303e+00
2159,1.0000000831520046151723590810433961451054e+00
2160,1.0000000891335178998531318939058110117912e+00
2161,1.0000001063544303736563279016991145908833e+00
2162,1.0000001327714518328804160773870535194874e+00
2163,1.0000001653707681903426873759599402546883e+00
2164,1.0000002006565482659539156884420663118362e+00
2165,1.0000002070798779119087384970043785870075e+00
2166,1.0000001774827236289411303005181252956390e+00
2167,1.0000001517693994923519085205043666064739e+00
2168,1.0000001327713636811722608399577438831329e+00
2169,1.0000001226761305872514640213921666145325e+00
2170,1.0000001226760106831648045044858008623123e+00
2171,1.0000001327713385901319043114199303090572e+00
2172,1.0000001517696175401539449012489058077335e+00
2173,1.0000001774827449452232031035237014293671e+00
2174,1.0000002070797278097558091758401133120060e+00
2175,1.0000002192065564621259454725077375769615e+00
2176,1.0000001961196307576074104872532188892365e+00
2177,1.0000001774828581879717148694908246397972e+00
2178,1.0000001653705714588227237982209771871567e+00
2179,1.0000001611704809612035660393303260207176e+00
2180,1.0000001653706018789335985275101847946644e+00
2181,1.0000001774828013445528540614759549498558e+00
2182,1.0000001961197237942968740753713063895702e+00
2183,1.0000002192065617911964636732591316103935e+00
2184,1.0000002356962689464836557817761786282063e+00
2185,1.0000002192066457240571253350935876369476e+00
2186,1.0000002070798099662596314374241046607494e+00
2187,1.0000002006564663314946983518893830478191e+00
2188,1.0000002006563279977058300573844462633133e+00
2189,1.0000002070797489039932770538143813610077e+00
2190,1.0000002192064783024250118614872917532921e+00
2191,1.0000002356964099448077831766568124294281e+00
2192,1.0000002547731399182850964280078187584877e+00
2193,1.0000002442886688491796576272463425993919e+00
2194,1.0000002375118122177610757717047818005085e+00
2195,1.0000002351687504731359013021574355661869e+00
2196,1.0000002375116194830440008445293642580509e+00
2197,1.0000002442889037723716683103702962398529e+00
2198,1.0000002547732262936364122651866637170315e+00
2199,1.0000002744611906635441300750244408845901e+00
2200,1.0000002688684375140582005769829265773296e+00
2201,1.0000002659252926751065615462721325457096e+00
2202,1.0000002659253171000131032997160218656063e+00
2203,1.0000002688685687424197112704860046505928e+00
2204,1.0000002744612999094897531904280185699463e+00
2205,1.0000002928339271068836069389362819492817e+00
2206,1.0000002907165170817904709110734984278679e+00
2207,1.0000002899911448750458475842606276273727e+00
2208,1.0000002907164735610479056049371138215065e+00
2209,1.0000002928340101515658489006455056369305e+00
2210,1.0000003082307984403342970836092717945576e+00
2211,1.0000003080990298442998209793586283922195e+00
2212,1.0000003080989741111039847965002991259098e+00
2213,1.0000003082309627533419416067772544920444e+00
2214,1.0000003194156399377590105359558947384357e+00
2215,1.0000003199030287337478739573271013796329e+00
2216,1.0000003194155289154565480203018523752689e+00
2217,1.0000003256522416172913381160469725728035e+00
2218,1.0000003256521052819039141468238085508347e+00
2219,1.0000003267037074206058377967565320432186e+00
2220,1.0000003267036539078560508642112836241722e+00
2221,1.0000003256520391126116464874939993023872e+00
2222,1.0000003194155935304365812044125050306320e+00
2223,1.0000003082309629753865465318085625767708e+00
2224,1.0000002928339715158045919451978988945484e+00
2225,1.0000002744613754046554277010727673768997e+00
2226,1.0000002547730868496245193455251865088940e+00
2227,1.0000002356962782723570626330911181867123e+00
2228,1.0000002192063848216463384233065880835056e+00
2229,1.0000002070796885078607374452985823154449e+00
2230,1.0000002006562900280783878770307637751102e+00
2231,1.0000002006563377676684467587620019912720e+00
2232,1.0000002070798037490106935365474782884121e+00
2233,1.0000002192065708950252655995427630841732e+00
2234,1.0000002356961108507249491594848223030567e+00
2235,1.0000002547731574598088855054811574518681e+00
2236,1.0000002744611657945483784715179353952408e+00
2237,1.0000002928340052665845405499567277729511e+00
2238,1.0000003082306592183670090889791026711464e+00
2239,1.0000003194158786357093049446120858192444e+00
2240,1.0000003256518961158860747673315927386284e+00
2241,1.0000003267034864862239373906049877405167e+00
2242,1.0000003256519123251422342946170829236507e+00
2243,1.0000003199030507161637615354266017675400e+00
2244,1.0000003080989838810666014978778548538685e+00
2245,1.0000002907165710386294676936813630163670e+00
2246,1.0000002688685754037578590214252471923828e+00
2247,1.0000002442886231079910430707968771457672e+00
2248,1.0000002192066401729420022093108855187893e+00
2249,1.0000001961193747401779319261549971997738e+00
2250,1.0000001774828286560392598403268493711948e+00
2251,1.0000001653705918869263769011013209819794e+00
2252,1.0000001611704918413892073658644221723080e+00
2253,1.0000001653705206106081959660514257848263e+00
2254,1.0000001774828533029904065188020467758179e+00
2255,1.0000001961196616218074950666050426661968e+00
2256,1.0000002192065797768094626007950864732265e+00
2257,1.0000002442887723219655526918359100818634e+00
2258,1.0000002688685118990008504624711349606514e+00
2259,1.0000002907165437271430619148304685950279e+00
2260,1.0000003080989785519960832971264608204365e+00
2261,1.0000003199033236089832143989042378962040e+00
2262,1.0000003256521738936868359814980067312717e+00
2263,1.0000003194156676933346261648694053292274e+00
2264,1.0000003080991899384599719269317574799061e+00
2265,1.0000002899909041786941088503226637840271e+00
2266,1.0000002659251898684544812567764893174171e+00
2267,1.0000002375116365804785800719400867819786e+00
2268,1.0000002070797995301631999609526246786118e+00
2269,1.0000001774829332390481795300729572772980e+00
2270,1.0000001517694179220541172981029376387596e+00
2271,1.0000001327715262178230659628752619028091e+00
2272,1.0000001226760255601533344815834425389767e+00
2273,1.0000001226759194228321803166181780397892e+00
2274,1.0000001327712868537389567791251465678215e+00
2275,1.0000001517696519570677082811016589403152e+00
2276,1.0000001774827911305010275100357830524445e+00
2277,1.0000002070798497122439130180282518267632e+00
2278,1.0000002375115757402568306133616715669632e+00
2279,1.0000002659252458236949223646661266684532e+00
2280,1.0000002899911801801380306642386130988598e+00
2281,1.0000003080990285120321914291707798838615e+00
2282,1.0000003194157447428125351507333107292652e+00
2283,1.0000003082310282565003944910131394863129e+00
2284,1.0000002907164406984463767003035172820091e+00
2285,1.0000002659252826830993399198632687330246e+00
2286,1.0000002351688919155492385471006855368614e+00
2287,1.0000002006562964673719307029386982321739e+00
2288,1.0000001653705541393435396457789465785027e+00
2289,1.0000001327714043153349621206871233880520e+00
2290,1.0000001063545520540998268188559450209141e+00
2291,1.0000000891334328567694456069148145616055e+00
2292,1.0000000831520790001150089665316045284271e+00
2293,1.0000000891336315866908535099355503916740e+00
2294,1.0000001063546344326482540054712444543839e+00
2295,1.0000001327713547993880638387054204940796e+00
2296,1.0000001653705377080427751934621483087540e+00
2297,1.0000002006564714385206116276094689965248e+00
2298,1.0000002351687151680437182221794500946999e+00
2299,1.0000002659252356096430958132259547710419e+00
2300,1.0000002907166130050597985245985910296440e+00
2301,1.0000003082307813428997178561985492706299e+00
2302,1.0000002928338946883712878843653015792370e+00
2303,1.0000002688685485363606630926369689404964e+00
2304,1.0000002375119223518851185872335918247700e+00
2305,1.0000002006562029865932572647579945623875e+00
2306,1.0000001611705959803089172055479139089584e+00
2307,1.0000001226759651640207948730676434934139e+00
2308,1.0000000891335241171020697947824373841286e+00
2309,1.0000000642848061449541319234413094818592e+00
2310,1.0000000510567370604064763028873130679131e+00
2311,1.0000000510566440237170127147692255675793e+00
2312,1.0000000642848596577039188559865579009056e+00
2313,1.0000000891334641650587400363292545080185e+00
2314,1.0000001226760706352081342629389837384224e+00
2315,1.0000001611705418014253154979087412357330e+00
2316,1.0000002006562187517602069419808685779572e+00
2317,1.0000002375115617514467203363892622292042e+00
2318,1.0000002688682465556979650500579737126827e+00
2319,1.0000002928342257568772311060456559062004e+00
2320,1.0000002744613381011618002958130091428757e+00
2321,1.0000002442887332421150858863256871700287e+00
2322,1.0000002070797209263730564998695626854897e+00
2323,1.0000001653706609427985085858381353318691e+00
2324,1.0000001226759795969201150001026690006256e+00
2325,1.0000000831518811583720207636361010372639e+00
2326,1.0000000510565603129009559779660776257515e+00
2327,1.0000000300995015578564562019892036914825e+00
2328,1.0000000228138472557759541814448311924934e+00
2329,1.0000000300995532942494037342839874327183e+00
2330,1.0000000510565827394060534061281941831112e+00
2331,1.0000000831519855193363355283509008586407e+00
2332,1.0000001226760313333130625323974527418613e+00
2333,1.0000001653705188342513565658009611070156e+00
2334,1.0000002070799236530973530534538440406322e+00
2335,1.0000002442887188092157657592906616628170e+00
2336,1.0000002744614395755462510351208038628101e+00
2337,1.0000002547729509583263052263646386563778e+00
2338,1.0000002192065478023863533962867222726345e+00
2339,1.0000001774828592981947394946473650634289e+00
2340,1.0000001327716101506837276247097179293633e+00
2341,1.0000000891333351571432785931392572820187e+00
2342,1.0000000510566147138291626106365583837032e+00
2343,1.0000000228139138691574316908372566103935e+00
2344,1.0000000077661792552419228741200640797615e+00
2345,1.0000000077663655506654549753875471651554e+00
2346,1.0000000228138139490852154267486184835434e+00
2347,1.0000000510566735556494677439332008361816e+00
2348,1.0000000891334956953926393907750025391579e+00
2349,1.0000001327714367338472811752581037580967e+00
2350,1.0000001774827993461514097361941821873188e+00
2351,1.0000002192065329253978234191890805959702e+00
2352,1.0000002547731110524864561739377677440643e+00
2353,1.0000002356963542116119469937984831631184e+00
2354,1.0000001961194873167926289170281961560249e+00
2355,1.0000001517695982222733164235251024365425e+00
2356,1.0000001063545260748810505901928991079330e+00
2357,1.0000000642849133924983107135631144046783e+00
2358,1.0000000300995199875586649795877747237682e+00
2359,1.0000000077662281050550063810078427195549e+00
2360,1.0000000000001183497744250416872091591358e+00
2361,1.0000000077665143205507547463639639317989e+00
2362,1.0000000300994378310548427180037833750248e+00
2363,1.0000000642847446385985676897689700126648e+00
2364,1.0000001063544801116478311087121255695820e+00
2365,1.0000001517696466279971900803502649068832e+00
2366,1.0000001961195517097280571761075407266617e+00
2367,1.0000002356964388106064234307268634438515e+00
2368,1.0000002192067243278472687961766496300697e+00
2369,1.0000001774828193301658529890119098126888e+00
2370,1.0000001327715548615771012919140048325062e+00
2371,1.0000000891334499542040248343255370855331e+00
2372,1.0000000510565651978822643286548554897308e+00
2373,1.0000000228139178659603203414008021354675e+00
2374,1.0000000077662918318566198649932630360126e+00
2375,1.0000000077663615538625663248240016400814e+00
2376,1.0000000228139136471128267658059485256672e+00
2377,1.0000000510567361722280566027620807290077e+00
2378,1.0000000891337443853501554258400574326515e+00
2379,1.0000001327713670118413347154273651540279e+00
2380,1.0000001774827478318030671289307065308094e+00
2381,1.0000002192066541617521124862832948565483e+00
2382,1.0000002070797373576738209521863609552383e+00
2383,1.0000001653705594684140578465303406119347e+00
2384,1.0000001226761481287752530988655053079128e+00
2385,1.0000000831519846311579158282256685197353e+00
2386,1.0000000510565645317484495535609312355518e+00
2387,1.0000000300996081392668202170170843601227e+00
2388,1.0000000228137426727670344916987232863903e+00
2389,1.0000000300994984492319872515508905053139e+00
2390,1.0000000510564548417136165880947373807430e+00
2391,1.0000000831519815225334468777873553335667e+00
2392,1.0000001226760486527922466848394833505154e+00
2393,1.0000001653704557735835578569094650447369e+00
2394,1.0000002070798210684898776889895088970661e+00
2395,1.0000002006564472356586747991968877613544e+00
2396,1.0000001611703976944767191525897942483425e+00
2397,1.0000001226758461481125550562865100800991e+00
2398,1.0000000891334290820111618813825771212578e+00
2399,1.0000000642850406240569327565026469528675e+00
2400,1.0000000510566957601099602470640093088150e+00
2401,1.0000000510566213751673103615758009254932e+00
2402,1.0000000642848865251011147847748361527920e+00
2403,1.0000000891336466857239884120645001530647e+00
2404,1.0000001226759940298194351271376945078373e+00
2405,1.0000001611707198811984653730178251862526e+00
2406,1.0000002006562873635431287766550667583942e+00
2407,1.0000002006563211143230773814138956367970e+00
2408,1.0000001653704091442165236003347672522068e+00
2409,1.0000001327716321330996152028092183172703e+00
2410,1.0000001063547188095981255173683166503906e+00
2411,1.0000000891336267017095451592467725276947e+00
2412,1.0000000831520976518618226691614836454391e+00
2413,1.0000000891336240371742860588710755109787e+00
2414,1.0000001063546835045059424373903311789036e+00
2415,1.0000001327714871379725991573650389909744e+00
2416,1.0000001653707151216821102934773080050945e+00
2417,1.0000002006564547851752422502613626420498e+00
2418,1.0000002070797782138811271579470485448837e+00
2419,1.0000001774827511624721410044003278017044e+00
2420,1.0000001517696068820129084997461177408695e+00
2421,1.0000001327714369558918861002894118428230e+00
2422,1.0000001226761017214528237673221156001091e+00
2423,1.0000001226760044659158666036091744899750e+00
2424,1.0000001327714607146646130786393769085407e+00
2425,1.0000001517693963837274395700660534203053e+00
2426,1.0000001774828433109831848923931829631329e+00
2427,1.0000002070798104103488412874867208302021e+00
2428,1.0000002192065953199318073529866524040699e+00
2429,1.0000001961196700595024822177947498857975e+00
2430,1.0000001774827638190146217311848886311054e+00
2431,1.0000001653705075099765053892042487859726e+00
2432,1.0000001611705713333577705270727165043354e+00
2433,1.0000001653704950754786295874509960412979e+00
2434,1.0000001774827964595715457107871770858765e+00
2435,1.0000001961195261745984907975071109831333e+00
2436,1.0000002192066423933880514596239663660526e+00
2437,1.0000002356964639016467799592646770179272e+00
2438,1.0000002192065513551000321967876516282558e+00
2439,1.0000002070799032249936999505735002458096e+00
2440,1.0000002006564485679263043493847362697124e+00
2441,1.0000002006563708523145805884269066154957e+00
2442,1.0000002070800551035034686719882301986217e+00
2443,1.0000002192067072304126895687659271061420e+00
2444,1.0000002356962744975987789075588807463646e+00
2445,1.0000002547732271818148319653118960559368e+00
2446,1.0000002442884889930496683518867939710617e+00
2447,1.0000002375117802433379665671964175999165e+00
2448,1.0000002351689183388572246258263476192951e+00
2449,1.0000002375115637498481646616710349917412e+00
2450,1.0000002442886353204443139475188218057156e+00
2451,1.0000002547729951452026853075949475169182e+00
2452,1.0000002744613607497115026490064337849617e+00
2453,1.0000002688683751195242166431853547692299e+00
2454,1.0000002659255009529459812256391160190105e+00
2455,1.0000002659252005265955176582792773842812e+00
2456,1.0000002688684463958423975782352499663830e+00
2457,1.0000002744614062688555122804245911538601e+00
2458,1.0000002928340485652825009310618042945862e+00
2459,1.0000002907162415244357589472201652824879e+00
2460,1.0000002899911284437450831319438293576241e+00
2461,1.0000002907164726728694859048118814826012e+00
2462,1.0000002928339677410463082196656614542007e+00
2463,1.0000003082308090984753334851120598614216e+00
2464,1.0000003080989365855657524662092328071594e+00
2465,1.0000003080990786941129044862464070320129e+00
2466,1.0000003082308681623402435434400103986263e+00
2467,1.0000003194156497077216272373334504663944e+00
2468,1.0000003199033733469747176059172488749027e+00
2469,1.0000003194154980512564634409500285983086e+00
2470,1.0000003256521234895615179993910714983940e+00
2471,1.0000003256523142258771486012847162783146e+00
2472,1.0000003267040580290370144211919978260994e+00
2473,1.0000003267040051824210422637406736612320e+00
2474,1.0000003256519569561078242259100079536438e+00
2475,1.0000003194156190655661475830129347741604e+00
2476,1.0000003082309887325607178354403004050255e+00
2477,1.0000002928339815078118135716067627072334e+00
2478,1.0000002744613163407905176427448168396950e+00
2479,1.0000002547730406643466949390131048858166e+00
2480,1.0000002356962989225053206610027700662613e+00
2481,1.0000002192066184125707195562426932156086e+00
2482,1.0000002070796818465225896943593397736549e+00
2483,1.0000002006563746270728643139591440558434e+00
2484,1.0000002006563135648065099303494207561016e+00
2485,1.0000002070798612585633691196562722325325e+00
2486,1.0000002192064585404551735337008722126484e+00
2487,1.0000002356962960359254566355957649648190e+00
2488,1.0000002547730926227842473963391967117786e+00
2489,1.0000002744613778471460818764171563088894e+00
2490,1.0000002928338096452876015973743051290512e+00
2491,1.0000003082308266399991225625853985548019e+00
2492,1.0000003194157665031838178038015030324459e+00
2493,1.0000003256521590166983060044003650546074e+00
2494,1.0000003267036947640633570699719712138176e+00
2495,1.0000003256521654559918488303082995116711e+00
2496,1.0000003199031670675367422518320381641388e+00
2497,1.0000003080989965376090822246624156832695e+00
2498,1.0000002907167517829378766691661439836025e+00
2499,1.0000002688682938511988140817265957593918e+00
2500,1.0000002442885917997017486413824371993542e+00
2501,1.0000002192065693407130311243236064910889e+00
2502,1.0000001961195741362331546042696572840214e+00
2503,1.0000001774827926848132619852549396455288e+00
2504,1.0000001653703827209085375216091051697731e+00
2505,1.0000001611706590409767159144394099712372e+00
2506,1.0000001653706802606791370635619387030602e+00
2507,1.0000001774827458334016228036489337682724e+00
2508,1.0000001961197417799098730029072612524033e+00
2509,1.0000002192064356698608662554761394858360e+00
2510,1.0000002442886934961308043057215400040150e+00
2511,1.0000002688685221130526770139113068580627e+00
2512,1.0000002907166247734238595512579195201397e+00
2513,1.0000003080990951254136689385632053017616e+00
2514,1.0000003199031626266446437512058764696121e+00
2515,1.0000003256520650918304227161570452153683e+00
2516,1.0000003194155833163847546529723331332207e+00
2517,1.0000003080989521286880972184007987380028e+00
2518,1.0000002899909830045288572364370338618755e+00
2519,1.0000002659253375281167564025963656604290e+00
2520,1.0000002375116419095490982726914808154106e+00
2521,1.0000002070799263176326121538295410573483e+00
2522,1.0000001774827858014305093092843890190125e+00
2523,1.0000001517694871999708539078710600733757e+00
2524,1.0000001327717518151416697946842759847641e+00
2525,1.0000001226760071304511257039848715066910e+00
2526,1.0000001226758588046550357830710709095001e+00
2527,1.0000001327714431731408240011660382151604e+00
2528,1.0000001517694867558816440578084439039230e+00
2529,1.0000001774829487821705242822645232081413e+00
2530,1.0000002070798563735820607689674943685532e+00
2531,1.0000002375118322017755190245225094258785e+00
2532,1.0000002659253508507930519044748507440090e+00
2533,1.0000002899909998799188315388164483010769e+00
2534,1.0000003080989481318852085678372532129288e+00
2535,1.0000003194156092956035308816353790462017e+00
2536,1.0000003082308324131588506133994087576866e+00
2537,1.0000002907164415866247964004287496209145e+00
2538,1.0000002659254296766278002905892208218575e+00
2539,1.0000002351688610513491539677488617599010e+00
2540,1.0000002006564012724254553177161142230034e+00
2541,1.0000001653706915849539882401586510241032e+00
2542,1.0000001327713792242946055921493098139763e+00
2543,1.0000001063545189694536929891910403966904e+00
2544,1.0000000891336435770995194616261869668961e+00
2545,1.0000000831521378419353140998282469809055e+00
2546,1.0000000891334277497435323311947286128998e+00
2547,1.0000001063545975732438364502741023898125e+00
2548,1.0000001327715117849237458358402363955975e+00
2549,1.0000001653703984860754871988319791853428e+00
2550,1.0000002006563104561820409799111075699329e+00
2551,1.0000002351689232238385329765151254832745e+00
2552,1.0000002659254512149544780186261050403118e+00
2553,1.0000002907166001264727128727827221155167e+00
2554,1.0000003082307540314133120773476548492908e+00
2555,1.0000002928339959407111336986417882144451e+00
2556,1.0000002688683620188925260663381777703762e+00
2557,1.0000002375116492370210607987246476113796e+00
2558,1.0000002006563397660698910840437747538090e+00
2559,1.0000001611702653558921838339301757514477e+00
2560,1.0000001226760124595216439047362655401230e+00
2561,1.0000000891334850372516029892722144722939e+00
2562,1.0000000642849080634277925128117203712463e+00
2563,1.0000000510564868161367257926031015813351e+00
2564,1.0000000510565996147960277085076086223125e+00
2565,1.0000000642850095378122432521195150911808e+00
2566,1.0000000891334677177724188368301838636398e+00
2567,1.0000001226759973604885090026073157787323e+00
2568,1.0000001611703774884176709747407585382462e+00
2569,1.0000002006563606382627540369867347180843e+00
2570,1.0000002375117567066098445138777606189251e+00
2571,1.0000002688682232410144479217706248164177e+00
2572,1.0000002928338866947655105832382105290890e+00
2573,1.0000002744611662386375883215805515646935e+00
2574,1.0000002442886506415220537746790796518326e+00
2575,1.0000002070799791642485843112808652222157e+00
2576,1.0000001653705665738414154475321993231773e+00
2577,1.0000001226761219275118719451711513102055e+00
2578,1.0000000831519719746154351014411076903343e+00
2579,1.0000000510565694167297579042497090995312e+00
2580,1.0000000300995783852897602628218010067940e+00
2581,1.0000000228138314906090045042219571769238e+00
2582,1.0000000300995128821313073785859160125256e+00
2583,1.0000000510567488287705373295466415584087e+00
2584,1.0000000831520625688142445142148062586784e+00
2585,1.0000001226761185968427980697015300393105e+00
2586,1.0000001653705474780053918948397040367126e+00
2587,1.0000002070797520126177460042526945471764e+00
2588,1.0000002442885829179175516401301138103008e+00
2589,1.0000002744612144223168570533744059503078e+00
2590,1.0000002547731707824851810073596425354481e+00
2591,1.0000002192064101347312998768757097423077e+00
2592,1.0000001774828188860766431389492936432362e+00
2593,1.0000001327714660437351312793907709419727e+00
2594,1.0000000891336109365425954820238985121250e+00
2595,1.0000000510565598688117461279034614562988e+00
2596,1.0000000228138106184161415512789972126484e+00
2597,1.0000000077662194453154143047868274152279e+00
2598,1.0000000077662984931947676159325055778027e+00
2599,1.0000000228137668756289713201113045215607e+00
2600,1.0000000510565254518979827480507083237171e+00
2601,1.0000000891336036090706329559907317161560e+00
2602,1.0000001327713290422138925350736826658249e+00
2603,1.0000001774830282741390874434728175401688e+00
2604,1.0000002192064740835775182858924381434917e+00
2605,1.0000002547730555413352249161107465624809e+00
2606,1.0000002356963051397542585618793964385986e+00
2607,1.0000001961196325339642498875036835670471e+00
2608,1.0000001517694963037996558341546915471554e+00
2609,1.0000001063545735924265045468928292393684e+00
2610,1.0000000642850264132022175544989295303822e+00
2611,1.0000000300995763868883159375400282442570e+00
2612,1.0000000077663038222652858166838996112347e+00
2613,1.0000000000000455191440096314181573688984e+00
2614,1.0000000077662334341255245817592367529869e+00
2615,1.0000000300993945323568823368987068533897e+00
2616,1.0000000642848156928721436997875571250916e+00
2617,1.0000001063546266610870816293754614889622e+00
2618,1.0000001517696437414173260549432598054409e+00
2619,1.0000001961196027799871899333084002137184e+00
2620,1.0000002356962740535095690574962645769119e+00
2621,1.0000002192065637895979079985409043729305e+00
2622,1.0000001774828184419874332888866774737835e+00
2623,1.0000001327714975740690306338365189731121e+00
2624,1.0000000891334264174759027810068801045418e+00
2625,1.0000000510566096068032493349164724349976e+00
2626,1.0000000228137484459267625425127334892750e+00
2627,1.0000000077664079611849956563673913478851e+00
2628,1.0000000077663773190295160020468756556511e+00
2629,1.0000000228138405944378064305055886507034e+00
2630,1.0000000510563706868083500012289732694626e+00
2631,1.0000000891336038311152378810220398008823e+00
2632,1.0000001327714742593855135055491700768471e+00
2633,1.0000001774829274658884514792589470744133e+00
2634,1.0000002192066950179594186920439824461937e+00
2635,1.0000002070796061293123102586832828819752e+00
2636,1.0000001653706978022029261410352773964405e+00
2637,1.0000001226762296191452605853555724024773e+00
2638,1.0000000831520792221596138915629126131535e+00
2639,1.0000000510566042777327311341650784015656e+00
2640,1.0000000300995155466665664789616130292416e+00
2641,1.0000000228137577718001693938276730477810e+00
2642,1.0000000300996187974078566185198724269867e+00
2643,1.0000000510565534295182033019955269992352e+00
2644,1.0000000831520543531638622880564071238041e+00
2645,1.0000001226761043859880828676978126168251e+00
2646,1.0000001653706276361077698311419226229191e+00
2647,1.0000002070797346931385618518106639385223e+00
2648,1.0000002006563928347304681665264070034027e+00
2649,1.0000001611706492710140992130618542432785e+00
2650,1.0000001226761130457276749439188279211521e+00
2651,1.0000000891336027208922132558654993772507e+00
2652,1.0000000642848985155097807364654727280140e+00
2653,1.0000000510565489886261048013693653047085e+00
2654,1.0000000510564124311940759071148931980133e+00
2655,1.0000000642847266529855687622330151498318e+00
2656,1.0000000891334519526054691596073098480701e+00
2657,1.0000001226759724914927573991008102893829e+00
2658,1.0000001611705608972613390506012365221977e+00
2659,1.0000002006561226064462744034244678914547e+00
2660,1.0000002006563066814237572543788701295853e+00
2661,1.0000001653704897464081113866996020078659e+00
2662,1.0000001327716019350333453985513187944889e+00
2663,1.0000001063546142265892058276222087442875e+00
2664,1.0000000891334615005234809359535574913025e+00
2665,1.0000000831520170496702348827966488897800e+00
2666,1.0000000891335605324172774999169632792473e+00
2667,1.0000001063544068369282058483804576098919e+00
2668,1.0000001327713372578642747612320818006992e+00
2669,1.0000001653704424509072623550309799611568e+00
2670,1.0000002006562380696408354197046719491482e+00
2671,1.0000002070798403863705061667133122682571e+00
2672,1.0000001774828763956293187220580875873566e+00
2673,1.0000001517696059938344887996208854019642e+00
2674,1.0000001327715499765957929412252269685268e+00
2675,1.0000001226760490968814565349020995199680e+00
2676,1.0000001226760235617518901563016697764397e+00
2677,1.0000001327715213328417576121864840388298e+00
2678,1.0000001517696470720863999304128810763359e+00
2679,1.0000001774829267997546367041650228202343e+00
2680,1.0000002070800240172587791676050983369350e+00
2681,1.0000002192067374284789593730238266289234e+00
2682,1.0000001961196856026248269699863158166409e+00
2683,1.0000001774828417566709504171740263700485e+00
2684,1.0000001653706993565151606162544339895248e+00
2685,1.0000001611705713333577705270727165043354e+00
2686,1.0000001653705212767420107411453500390053e+00
2687,1.0000001774828286560392598403268493711948e+00
2688,1.0000001961196258726261021365644410252571e+00
2689,1.0000002192067296569177869969280436635017e+00
2690,1.0000002356961084082342949841404333710670e+00
2691,1.0000002192066186346153244812740013003349e+00
2692,1.0000002070797802122825714832288213074207e+00
2693,1.0000002006563446510511994347325526177883e+00
2694,1.0000002006562829226510302760289050638676e+00
2695,1.0000002070798870157375404232880100607872e+00
2696,1.0000002192065873263260300518595613539219e+00
2697,1.0000002356960993044054930578568018972874e+00
2698,1.0000002547730275637150043621659278869629e+00
2699,1.0000002442883648701155152593855746090412e+00
2700,1.0000002375119307895801057384232990443707e+00
2701,1.0000002351686911872263863187981769442558e+00
2702,1.0000002375118204334114579978631809353828e+00
2703,1.0000002442887283571337775356369093060493e+00
2704,1.0000002547732065316665739374002441763878e+00
2705,1.0000002744612197513873752541257999837399e+00
2706,1.0000002688684961338339007852482609450817e+00
2707,1.0000002659253477421685829540365375578403e+00
2708,1.0000002659252640313525262172333896160126e+00
2709,1.0000002688683760077026363433105871081352e+00
2710,1.0000002744611800054030936735216528177261e+00
2711,1.0000002928341324981431625928962603211403e+00
2712,1.0000002907165472798567407153313979506493e+00
2713,1.0000002899910875875377769261831417679787e+00
2714,1.0000002907164324827959944741451181471348e+00
2715,1.0000002928338973529065469847409985959530e+00
2716,1.0000003082307706847586814546957612037659e+00
2717,1.0000003080991484161188509460771456360817e+00
2718,1.0000003080990005344119708752259612083435e+00
2719,1.0000003082309214530454255509539507329464e+00
2720,1.0000003194155071550852653672336600720882e+00
2721,1.0000003199031268774632508211652748286724e+00
2722,1.0000003194158015862313959587481804192066e+00
2723,1.0000003256518144034714623558102175593376e+00
2724,1.0000003256516780680840383865870535373688e+00
2725,1.0000003267035588727651429508114233613014e+00
2726,1.0000003267038513055098292170441709458828e+00
2727,1.0000003256518903427263467165175825357437e+00
2728,1.0000003194155211438953756442060694098473e+00
2729,1.0000003082309265600713388266740366816521e+00
2730,1.0000002928339342123109645399381406605244e+00
2731,1.0000002744613112337646043670247308909893e+00
2732,1.0000002547729438528989476253627799451351e+00
2733,1.0000002356962169880461033244500868022442e+00
2734,1.0000002192067569684041927757789380848408e+00
2735,1.0000002070799105524656624766066670417786e+00
2736,1.0000002006563997181132208424969576299191e+00
2737,1.0000002006562802581157711756532080471516e+00
2738,1.0000002070798894582281945986323989927769e+00
2739,1.0000002192064563200091242833877913653851e+00
2740,1.0000002356963855199012414232129231095314e+00
2741,1.0000002547730688640115204179892316460609e+00
2742,1.0000002744614140404166846565203741192818e+00
2743,1.0000002928340177010824163517099805176258e+00
2744,1.0000003082308892565777114214142784476280e+00
2745,1.0000003194156437125172942614881321787834e+00
2746,1.0000003256522955741303348986548371613026e+00
2747,1.0000003267035120213535037692054174840450e+00
2748,1.0000003256521841077386625329381786286831e+00
2749,1.0000003199032170275728503838763572275639e+00
2750,1.0000003080988482118129923037486150860786e+00
2751,1.0000002907164482479629441513679921627045e+00
2752,1.0000002688683402585212434132699854671955e+00
2753,1.0000002442886690712242625522776506841183e+00
2754,1.0000002192065413630928105703787878155708e+00
2755,1.0000001961196562927369768658536486327648e+00
2756,1.0000001774829734291216709607397206127644e+00
2757,1.0000001653704078119488940501469187438488e+00
2758,1.0000001611705309212396741713746450841427e+00
2759,1.0000001653706531712373362097423523664474e+00
2760,1.0000001774828906064840339240618050098419e+00
2761,1.0000001961195155164574543960043229162693e+00
2762,1.0000002192065537975906863721320405602455e+00
2763,1.0000002442887014897365816068486310541630e+00
2764,1.0000002688684517249129157789866439998150e+00
2765,1.0000002907166549714901293555158190429211e+00
2766,1.0000003080992010406902181784971617162228e+00
2767,1.0000003199033744571977422310737892985344e+00
2768,1.0000003256519565120186143758473917841911e+00
2769,1.0000003194156228403244313085451722145081e+00
2770,1.0000003080990065296163038510712794959545e+00
2771,1.0000002899911837328517094647395424544811e+00
2772,1.0000002659254152437284801635541953146458e+00
2773,1.0000002375115473185474002093542367219925e+00
2774,1.0000002070799169917592053025146014988422e+00
2775,1.0000001774828650713544675454613752663136e+00
2776,1.0000001517694596664398432039888575673103e+00
2777,1.0000001327715020149611291344626806676388e+00
2778,1.0000001226759545058797584715648554265499e+00
2779,1.0000001226760730776987884382833726704121e+00
2780,1.0000001327714733712070938054239377379417e+00
2781,1.0000001517695917829797735976171679794788e+00
2782,1.0000001774826952072316998965106904506683e+00
2783,1.0000002070797371356292160271550528705120e+00
2784,1.0000002375117766906242877666954882442951e+00
2785,1.0000002659252038572645915337488986551762e+00
2786,1.0000002899910773734859503747429698705673e+00
2787,1.0000003080991775039620961251785047352314e+00
2788,1.0000003194154563068707375350641086697578e+00
2789,1.0000003082309827373563848595949821174145e+00
2790,1.0000002907162450771494377477210946381092e+00
2791,1.0000002659252467118733420647913590073586e+00
2792,1.0000002351689756263652952839038334786892e+00
2793,1.0000002006562869194539189265924505889416e+00
2794,1.0000001653705226090096402913331985473633e+00
2795,1.0000001327714598264861933785141445696354e+00
2796,1.0000001063546481994137593574123457074165e+00
2797,1.0000000891336591202218642138177528977394e+00
2798,1.0000000831520312605249500848003663122654e+00
2799,1.0000000891335780739410665773903019726276e+00
2800,1.0000001063546366530943032557843253016472e+00
2801,1.0000001327713350374182255109190009534359e+00
2802,1.0000001653705792303838961743167601525784e+00
2803,1.0000002006564199241722690203459933400154e+00
2804,1.0000002351689132318313113501062616705894e+00
2805,1.0000002659252393844013795387581922113895e+00
2806,1.0000002907162104381910694428370334208012e+00
2807,1.0000003082306829771397360673290677368641e+00
2808,1.0000002928338991292633863849914632737637e+00
2809,1.0000002688683795604163151438115164637566e+00
2810,1.0000002375117713615537695659440942108631e+00
2811,1.0000002006564601142457604510127566754818e+00
2812,1.0000001611704261161861495565972290933132e+00
2813,1.0000001226759385186682038693106733262539e+00
2814,1.0000000891335354413769209713791497051716e+00
2815,1.0000000642847495235798760404577478766441e+00
2816,1.0000000510568280986944955657236278057098e+00
2817,1.0000000510566924294408863715943880379200e+00
2818,1.0000000642849025123126693870290182530880e+00
2819,1.0000000891335742991827828518580645322800e+00
2820,1.0000001226760653061376160621875897049904e+00
2821,1.0000001611705862103463005041703581809998e+00
2822,1.0000002006562545009415998720214702188969e+00
2823,1.0000002375117940101034719191375188529491e+00
2824,1.0000002688683637952493654665886424481869e+00
2825,1.0000002928340936403373007124173454940319e+00
2826,1.0000002744615175132025797211099416017532e+00
2827,1.0000002442887758746792314923368394374847e+00
2828,1.0000002070796942810204654961125925183296e+00
2829,1.0000001653703924908711542229866608977318e+00
2830,1.0000001226760200090382113558007404208183e+00
2831,1.0000000831521635991094854034599848091602e+00
2832,1.0000000510565958400377439829753711819649e+00
2833,1.0000000300996307878165225702105090022087e+00
2834,1.0000000228139171998265055663068778812885e+00
2835,1.0000000300996332303071767455548979341984e+00
2836,1.0000000510564677203007022399106062948704e+00
2837,1.0000000831519124666613151930505409836769e+00
2838,1.0000001226761712214141653021215461194515e+00
2839,1.0000001653706549475941756099928170442581e+00
2840,1.0000002070800031450659162146621383726597e+00
2841,1.0000002442885131959116051802993752062321e+00
2842,1.0000002744612035421312157268403097987175e+00
2843,1.0000002547732029789528951368993148207664e+00
2844,1.0000002192064265660320643291925080120564e+00
2845,1.0000001774827800282707812584703788161278e+00
2846,1.0000001327715368759641023643780499696732e+00
2847,1.0000000891335185659869466689997352659702e+00
2848,1.0000000510565598688117461279034614562988e+00
2849,1.0000000228138703484148663847008720040321e+00
2850,1.0000000077662960507041134405881166458130e+00
2851,1.0000000077663564468366530491039156913757e+00
2852,1.0000000228137682078966008702991530299187e+00
2853,1.0000000510566435796278028647066093981266e+00
2854,1.0000000891336504604822721375967375934124e+00
2855,1.0000001327715382082317319145658984780312e+00
2856,1.0000001774830069578570146404672414064407e+00
2857,1.0000002192064592065889883087947964668274e+00
2858,1.0000002547731772217787238332675769925117e+00
2859,1.0000002356962587324318292303360067307949e+00
2860,1.0000001961197440003559222532203420996666e+00
2861,1.0000001517694958597104459840920753777027e+00
2862,1.0000001063545385093789263919461518526077e+00
2863,1.0000000642849489196350987185724079608917e+00
2864,1.0000000300994569268908662706962786614895e+00
2865,1.0000000077663331321531359208165667951107e+00
2866,1.0000000000000019984014443252817727625370e+00
2867,1.0000000077663597775057269245735369622707e+00
2868,1.0000000300994267288245964664383791387081e+00
2869,1.0000000642849302678882850159425288438797e+00
2870,1.0000001063546537505288824831950478255749e+00
2871,1.0000001517695644714933678187662735581398e+00
2872,1.0000001961197320099472563015297055244446e+00
2873,1.0000002356963026972636043865350075066090e+00
2874,1.0000002192064796346926414116751402616501e+00
2875,1.0000001774828928269300831743748858571053e+00
2876,1.0000001327713998744428636200609616935253e+00
2877,1.0000000891337059716335033954237587749958e+00
2878,1.0000000510565549838304377772146835923195e+00
2879,1.0000000228137779778592175716767087578773e+00
2880,1.0000000077661104214143961144145578145981e+00
2881,1.0000000077662418718205117329489439725876e+00
2882,1.0000000228139345193056897187489084899426e+00
2883,1.0000000510565052458389345702016726136208e+00
2884,1.0000000891334024366585708776256069540977e+00
2885,1.0000001327714422849624043010408058762550e+00
2886,1.0000001774827538270074001047760248184204e+00
2887,1.0000002192065946537979925778927281498909e+00
2888,1.0000002070799935971479044383158907294273e+00
2889,1.0000001653705077320211103142355568706989e+00
2890,1.0000001226760277805993837318965233862400e+00
2891,1.0000000831520885480330207428778521716595e+00
2892,1.0000000510564257538703714089933782815933e+00
2893,1.0000000300996452207158426972455345094204e+00
2894,1.0000000228137548852203053684206679463387e+00
2895,1.0000000300995326441011457063723355531693e+00
2896,1.0000000510566147138291626106365583837032e+00
2897,1.0000000831520883259884158178465440869331e+00
2898,1.0000001226759873684812873761984519660473e+00
2899,1.0000001653704486681562002559076063334942e+00
2900,1.0000002070799083320196132262935861945152e+00
2901,1.0000002006562023204594424896640703082085e+00
2902,1.0000001611705005011287994420854374766350e+00
2903,1.0000001226758767902680347106070257723331e+00
2904,1.0000000891336968678047014691401273012161e+00
2905,1.0000000642848685394881158572388812899590e+00
2906,1.0000000510565982825283981583197601139545e+00
2907,1.0000000510567643718928820817382074892521e+00
2908,1.0000000642849442566983952929149381816387e+00
2909,1.0000000891334857033854177643661387264729e+00
2910,1.0000001226761543460241909997421316802502e+00
2911,1.0000001611706321735795199856511317193508e+00
2912,1.0000002006564050471837390432483516633511e+00
2913,1.0000002006564165935031951448763720691204e+00
2914,1.0000001653703847193099818468908779323101e+00
2915,1.0000001327714840293481302069267258048058e+00
2916,1.0000001063544843304953246843069791793823e+00
2917,1.0000000891337004205183802696410566568375e+00
2918,1.0000000831521000943524768445058725774288e+00
2919,1.0000000891334919206343556652427650988102e+00
2920,1.0000001063545953527977871999610215425491e+00
2921,1.0000001327715735133239149945438839495182e+00
2922,1.0000001653704957416124443625449202954769e+00
2923,1.0000002006564632228702294014510698616505e+00
2924,1.0000002070797728848106089571956545114517e+00
2925,1.0000001774826539069351838406873866915703e+00
2926,1.0000001517696388564360177042544819414616e+00
2927,1.0000001327715675181195820186985656619072e+00
2928,1.0000001226760679706728751625632867217064e+00
2929,1.0000001226761148220845143441692925989628e+00
2930,1.0000001327714220789033561231917701661587e+00
2931,1.0000001517695327191148635392892174422741e+00
2932,1.0000001774828446432508144425810314714909e+00
2933,1.0000002070798954534325275744777172803879e+00
2934,1.0000002192065842177015611014212481677532e+00
2935,1.0000001961195710276086856538313440978527e+00
2936,1.0000001774827835809844600589713081717491e+00
2937,1.0000001653704924109433704870752990245819e+00
2938,1.0000001611706621496011848648777231574059e+00
2939,1.0000001653705894444357227257569320499897e+00
2940,1.0000001774828899403502191489678807556629e+00
2941,1.0000001961196021138533751582144759595394e+00
2942,1.0000002192067314332746263971785083413124e+00
2943,1.0000002356962671701268163815257139503956e+00
2944,1.0000002192065238215690214929054491221905e+00
2945,1.0000002070798752473734793966286815702915e+00
2946,1.0000002006563024625762636787840165197849e+00
2947,1.0000002006563117884496705300989560782909e+00
2948,1.0000002070798070796797674120170995593071e+00
2949,1.0000002192065147177402195666218176484108e+00
2950,1.0000002356961323890516268875217065215111e+00
2951,1.0000002547730608704057431168621405959129e+00
2952,1.0000002442886102294039574189810082316399e+00
2953,1.0000002375116916475406014797044917941093e+00
2954,1.0000002351688779267391282701282761991024e+00
2955,1.0000002375116410213706785725662484765053e+00
2956,1.0000002442885991271737111674156039953232e+00
2957,1.0000002547731612345671692310133948922157e+00
2958,1.0000002744612195293427703290944918990135e+00
2959,1.0000002688684790363993215578375384211540e+00
2960,1.0000002659251607806112360776751302182674e+00
2961,1.0000002659253670600492114317603409290314e+00
2962,1.0000002688685745155794393213000148534775e+00
2963,1.0000002744613580851762435486307367682457e+00
2964,1.0000002928341209518237064912682399153709e+00
2965,1.0000002907165339571804452134529128670692e+00
2966,1.0000002899913436049672554872813634574413e+00
2967,1.0000002907165723708970972438692115247250e+00
2968,1.0000002928338593832791048043873161077499e+00
2969,1.0000003082308579482884169919998385012150e+00
2970,1.0000003080993042914315083180554211139679e+00
2971,1.0000003080990549353401775078964419662952e+00
2972,1.0000003082311066382459330270648933947086e+00
2973,1.0000003194158033625882353589986450970173e+00
2974,1.0000003199032725387240816417033784091473e+00
2975,1.0000003194157605079794848279561847448349e+00
2976,1.0000003256519218730602460709633305668831e+00
2977,1.0000003256521339256579494758625514805317e+00
2978,1.0000003267035662002371054768445901572704e+00
2979,1.0000003267034858200901226155110634863377e+00
2980,1.0000003256521736716422310564666986465454e+00
2981,1.0000003194156936725534023935324512422085e+00
2982,1.0000003082310413571320850678603164851665e+00
2983,1.0000002928340538943530191318131983280182e+00
2984,1.0000002744613936123130315536400303244591e+00
2985,1.0000002547730388879898555387626402080059e+00
2986,1.0000002356961816829539202444721013307571e+00
2987,1.0000002192064243455860150788794271647930e+00
2988,1.0000002070798001962970147360465489327908e+00
2989,1.0000002006563597500843343368615023791790e+00
2990,1.0000002006563433187835698845447041094303e+00
2991,1.0000002070799258735434023037669248878956e+00
2992,1.0000002192067347639437002726481296122074e+00
2993,1.0000002356961965599424502215697430074215e+00
2994,1.0000002547730504343093116403906606137753e+00
2995,1.0000002744613130101214437672751955688000e+00
2996,1.0000002928338043162170833966229110956192e+00
2997,1.0000003082309374402569801532081328332424e+00
2998,1.0000003194155628882811015500919893383980e+00
2999,1.0000003256519705008287246528198011219501e+00
3000,1.0000003267036883247698142440640367567539e+00
3001,1.0000003256522043137977107107872143387794e+00
3002,1.0000003199032203582419242593459784984589e+00
3003,1.0000003080990114145976122017600573599339e+00
3004,1.0000002907165905785547010964364744722843e+00
3005,1.0000002688683764517918461933732032775879e+00
3006,1.0000002442888584752722636039834469556808e+00
3007,1.0000002192064478823141371321980841457844e+00
3008,1.0000001961196376409901631632237695157528e+00
3009,1.0000001774827658174160660564666613936424e+00
3010,1.0000001653706387383380160827073268592358e+00
3011,1.0000001611703623893845360726118087768555e+00
3012,1.0000001653704553294943480068468488752842e+00
3013,1.0000001774829228029517480536014772951603e+00
3014,1.0000001961196840483125924947671592235565e+00
3015,1.0000002192066186346153244812740013003349e+00
3016,1.0000002442884403652811897700303234159946e+00
3017,1.0000002688686180363220046274363994598389e+00
3018,1.0000002907165503884812096657697111368179e+00
3019,1.0000003080990025328134152005077339708805e+00
3020,1.0000003199030209621867015812313184142113e+00
3021,1.0000003256516596383818296089884825050831e+00
3022,1.0000003194155469010695469478378072381020e+00
3023,1.0000003080992587722874986866372637450695e+00
3024,1.0000002899910414022599525196710601449013e+00
3025,1.0000002659253723891197296325117349624634e+00
3026,1.0000002375115828456841882143635302782059e+00
3027,1.0000002070798110764826560625806450843811e+00
3028,1.0000001774828546352580360689898952841759e+00
3029,1.0000001517695582542444299178896471858025e+00
3030,1.0000001327715914989369139220798388123512e+00
3031,1.0000001226761217054672670201398432254791e+00
3032,1.0000001226760713013419490380329079926014e+00
3033,1.0000001327714207466357265730039216578007e+00
3034,1.0000001517695693564746761694550514221191e+00
3035,1.0000001774827982359283851110376417636871e+00
3036,1.0000002070798357234338027410558424890041e+00
3037,1.0000002375117380548630308112478815019131e+00
3038,1.0000002659252509307208356403862126171589e+00
3039,1.0000002899910114262382876404444687068462e+00
3040,1.0000003080990278458983766540768556296825e+00
3041,1.0000003194155919761243467291933484375477e+00
3042,1.0000003082310049418168773627257905900478e+00
3043,1.0000002907164871057688060318469069898129e+00
3044,1.0000002659253341974476825271267443895340e+00
3045,1.0000002351687331536567171497154049575329e+00
3046,1.0000002006561616862967412089346908032894e+00
3047,1.0000001653704446713533116053440608084202e+00
3048,1.0000001327715450916144845905364491045475e+00
3049,1.0000001063546155588568353778100572526455e+00
3050,1.0000000891334632768803203362040221691132e+00
3051,1.0000000831519320065865485958056524395943e+00
3052,1.0000000891337690323013021043152548372746e+00
3053,1.0000001063547458990399263711879029870033e+00
3054,1.0000001327713223808757447841344401240349e+00
3055,1.0000001653704386761489786294987425208092e+00
3056,1.0000002006563579737274949366110377013683e+00
3057,1.0000002351688559443232406920287758111954e+00
3058,1.0000002659251712167076675541466102004051e+00
3059,1.0000002907163616505670233891578391194344e+00
3060,1.0000003082309827373563848595949821174145e+00
3061,1.0000002928338813656949923824868164956570e+00
3062,1.0000002688686560059494468077900819480419e+00
3063,1.0000002375117782449365222419146448373795e+00
3064,1.0000002006564752132788953531417064368725e+00
3065,1.0000001611704427695315189339453354477882e+00
3066,1.0000001226761365824557969972374849021435e+00
3067,1.0000000891334186459147304049110971391201e+00
3068,1.0000000642849800058797882229555398225784e+00
3069,1.0000000510567534917072407552041113376617e+00
3070,1.0000000510566244837917793120141141116619e+00
3071,1.0000000642848676513096961571136489510536e+00
3072,1.0000000891337157415961200968013145029545e+00
3073,1.0000001226759243078134886673069559037685e+00
3074,1.0000001611706588189321109894081018865108e+00
3075,1.0000002006562278555890088682645000517368e+00
3076,1.0000002375116581188052577999769710004330e+00
3077,1.0000002688685305507476641651010140776634e+00
3078,1.0000002928340503416393403313122689723969e+00
3079,1.0000002744612925820177906643948517739773e+00
3080,1.0000002442886741782501758279977366328239e+00
3081,1.0000002070796776276750961187644861638546e+00
3082,1.0000001653704779780440503600402735173702e+00
3083,1.0000001226761237038687113454216159880161e+00
3084,1.0000000831521027588877359448815695941448e+00
3085,1.0000000510565481004476851012441329658031e+00
3086,1.0000000300995612878551810354110784828663e+00
3087,1.0000000228136713964488535566488280892372e+00
3088,1.0000000300996347846194112207740545272827e+00
3089,1.0000000510567044198495523232850246131420e+00
3090,1.0000000831520459154688751368666999042034e+00
3091,1.0000001226760242278857049313955940306187e+00
3092,1.0000001653706045434688576278858818113804e+00
3093,1.0000002070797864295315093841054476797581e+00
3094,1.0000002442886872788818664048449136316776e+00
3095,1.0000002744611933280793891754001379013062e+00
3096,1.0000002547731270396980107761919498443604e+00
3097,1.0000002192066694828298523134435527026653e+00
3098,1.0000001774828255474147908898885361850262e+00
3099,1.0000001327714491683451569770113565027714e+00
3100,1.0000000891335665276216104757622815668583e+00
3101,1.0000000510566080524910148596973158419132e+00
3102,1.0000000228138030688995741002145223319530e+00
3103,1.0000000077665773812185534552554599940777e+00
3104,1.0000000077664012998468479054281488060951e+00
3105,1.0000000228138150593082400519051589071751e+00
3106,1.0000000510565416611541422753361985087395e+00
3107,1.0000000891334419605982475331984460353851e+00
3108,1.0000001327715499765957929412252269685268e+00
3109,1.0000001774828037870435082368203438818455e+00
3110,1.0000002192063892625384369239327497780323e+00
3111,1.0000002547731656754592677316395565867424e+00
3112,1.0000002356963799687861182974302209913731e+00
3113,1.0000001961194964206214308433118276298046e+00
3114,1.0000001517693848374079834684380330145359e+00
3115,1.0000001063548364932387357839616015553474e+00
3116,1.0000000642849293797098653158172965049744e+00
3117,1.0000000300997282653980846589547581970692e+00
3118,1.0000000077663391273574688966618850827217e+00
3119,1.0000000000000370814490224802284501492977e+00
3120,1.0000000077662074549067483530961908400059e+00
3121,1.0000000300994174029511896151234395802021e+00
3122,1.0000000642849868892625408989260904490948e+00
3123,1.0000001063547352408988899696851149201393e+00
3124,1.0000001517695815689279470461769960820675e+00
3125,1.0000001961196178790203248354373499751091e+00
3126,1.0000002356962667260376065314630977809429e+00
3127,1.0000002192065131634279850914026610553265e+00
3128,1.0000001774827824707614354338147677481174e+00
3129,1.0000001327713949894615552693721838295460e+00
3130,1.0000000891334412944644327581045217812061e+00
3131,1.0000000510565585365441165777156129479408e+00
3132,1.0000000228137453373022935920744203031063e+00
3133,1.0000000077660420316760792047716677188873e+00
3134,1.0000000077663133701832975930301472544670e+00
3135,1.0000000228137360114288867407594807446003e+00
3136,1.0000000510567017553142932229093275964260e+00
3137,1.0000000891334521746500740846386179327965e+00
3138,1.0000001327713383680872993863886222243309e+00
3139,1.0000001774826683398345039677224121987820e+00
3140,1.0000002192065478023863533962867222726345e+00
3141,1.0000002070797844311300650588236749172211e+00
3142,1.0000001653706542814603608348988927900791e+00
3143,1.0000001226761312533852787964860908687115e+00
3144,1.0000000831520199362500989082036539912224e+00
3145,1.0000000510567039757603424732224084436893e+00
3146,1.0000000300995108837298630533041432499886e+00
3147,1.0000000228136374236243000268586911261082e+00
3148,1.0000000300995353086364048067480325698853e+00
3149,1.0000000510566020572866818838519975543022e+00
3150,1.0000000831519781918643730023177340626717e+00
3151,1.0000001226759673844668441233807243406773e+00
3152,1.0000001653706065418703019531676545739174e+00
3153,1.0000002070799947073709290634724311530590e+00
3154,1.0000002006561867773370977374725043773651e+00
3155,1.0000001611705162662957491193083114922047e+00
3156,1.0000001226760679706728751625632867217064e+00
3157,1.0000000891335643071755612254492007195950e+00
3158,1.0000000642848174692289831000380218029022e+00
3159,1.0000000510567110811877000742242671549320e+00
3160,1.0000000510565489886261048013693653047085e+00
3161,1.0000000642849711240955912217032164335251e+00
3162,1.0000000891334990260617132662446238100529e+00
3163,1.0000001226759451800063516202499158680439e+00
3164,1.0000001611705917614614236299530602991581e+00
3165,1.0000002006563417644713354093255475163460e+00
3166,1.0000002006562793699373514755279757082462e+00
3167,1.0000001653705063997534807640477083623409e+00
3168,1.0000001327713781140715809669927693903446e+00
3169,1.0000001063545251867026308900676667690277e+00
3170,1.0000000891334155372902614544727839529514e+00
3171,1.0000000831519142430181545933010056614876e+00
3172,1.0000000891336540131959509380976669490337e+00
3173,1.0000001063544894375212379600270651280880e+00
3174,1.0000001327714216348141462731291539967060e+00
3175,1.0000001653706145354760792542947456240654e+00
3176,1.0000002006565300582963118358748033642769e+00
3177,1.0000002070799165476699954524519853293896e+00
3178,1.0000001774827271816548091010190546512604e+00
3179,1.0000001517695262798213207133812829852104e+00
3180,1.0000001327714482801667372768861241638660e+00
3181,1.0000001226762009753912252563168294727802e+00
3182,1.0000001226758754580004051604191772639751e+00
3183,1.0000001327715941634721730224555358290672e+00
3184,1.0000001517696910369181750866118818521500e+00
3185,1.0000001774828715106480103713693097233772e+00
3186,1.0000002070798488240654933179030194878578e+00
3187,1.0000002192065704509360557494801469147205e+00
3188,1.0000001961198066169345111120492219924927e+00
3189,1.0000001774827906864118176599731668829918e+00
3190,1.0000001653705434812025032442761585116386e+00
3191,1.0000001611705835458110414037946611642838e+00
3192,1.0000001653705754556256124487845227122307e+00
3193,1.0000001774828646272652576953987590968609e+00
3194,1.0000001961195781330360432548332028090954e+00
3195,1.0000002192064403327975696811336092650890e+00
3196,1.0000002356962298666331889762659557163715e+00
3197,1.0000002192065799988540675258263945579529e+00
3198,1.0000002070797275877112042508088052272797e+00
3199,1.0000002006562669354394756737747229635715e+00
3200,1.0000002006564912004904499553958885371685e+00
3201,1.0000002070797706643645597068825736641884e+00
3202,1.0000002192065207129445525424671359360218e+00
3203,1.0000002356962525151828913294593803584576e+00
3204,1.0000002547731763336003041331423446536064e+00
3205,1.0000002442887077069855195077252574265003e+00
3206,1.0000002375117873487653241681982763111591e+00
3207,1.0000002351688537238771914417156949639320e+00
3208,1.0000002375116328057202963464078493416309e+00
3209,1.0000002442884772246856073252274654805660e+00
3210,1.0000002547730200141984369111014530062675e+00
3211,1.0000002744614300276282392587745562195778e+00
3212,1.0000002688685369900412069910089485347271e+00
3213,1.0000002659252575920589833913254551589489e+00
3214,1.0000002659255264880755476042395457625389e+00
3215,1.0000002688686671081796930593554861843586e+00
3216,1.0000002744614415739476953604025766253471e+00
3217,1.0000002928338169727595641234074719250202e+00
3218,1.0000002907165397303401732642669230699539e+00
3219,1.0000002899909554709978465325548313558102e+00
3220,1.0000002907166256616022792513831518590450e+00
3221,1.0000002928339386532030630405643023550510e+00
3222,1.0000003082309292246065979270497336983681e+00
3223,1.0000003080990624848567449589609168469906e+00
3224,1.0000003080989949832968477494432590901852e+00
3225,1.0000003082307140633844255717121995985508e+00
3226,1.0000003194155477892479666479630395770073e+00
3227,1.0000003199034324108396276642451994121075e+00
3228,1.0000003194155977492840747800073586404324e+00
3229,1.0000003256520693106779162917518988251686e+00
3230,1.0000003256519367500487760480609722435474e+00
3231,1.0000003267036547960344705643365159630775e+00
3232,1.0000003267034609510943710120045579969883e+00
3233,1.0000003256520091365899816082674078643322e+00
3234,1.0000003194156050767560373060405254364014e+00
3235,1.0000003082308497326380347658414393663406e+00
3236,1.0000002928338758145798692567041143774986e+00
3237,1.0000002744613269989315540442476049065590e+00
3238,1.0000002547733881641534026130102574825287e+00
3239,1.0000002356963382244003923915443010628223e+00
3240,1.0000002192066892447996906412299722433090e+00
3241,1.0000002070797917586020275848568417131901e+00
3242,1.0000002006561254930261384288314729928970e+00
3243,1.0000002006562451750681930207065306603909e+00
3244,1.0000002070799478559592898818664252758026e+00
3245,1.0000002192066443917894957849057391285896e+00
3246,1.0000002356963675342882424956769682466984e+00
3247,1.0000002547729913704444015820627100765705e+00
3248,1.0000002744612586091932371346047148108482e+00
3249,1.0000002928339040142446947356802411377430e+00
3250,1.0000003082309203428224009257974103093147e+00
3251,1.0000003194153845864633467499515973031521e+00
3252,1.0000003256523024575130875746253877878189e+00
3253,1.0000003267035095788628495938610285520554e+00
3254,1.0000003256519469641006025995011441409588e+00
3255,1.0000003199033238310278193239355459809303e+00
3256,1.0000003080991572979030479473294690251350e+00
3257,1.0000002907165264076638777623884379863739e+00
3258,1.0000002688683924390034007956273853778839e+00
3259,1.0000002442885029818597786288592033088207e+00
3260,1.0000002192064640915702966594835743308067e+00
3261,1.0000001961197013677917766472091898322105e+00
3262,1.0000001774828986000898112251888960599899e+00
3263,1.0000001653706456217207687586778774857521e+00
3264,1.0000001611704638637689868119196034967899e+00
3265,1.0000001653705667958860203725635074079037e+00
3266,1.0000001774828488620983080181758850812912e+00
3267,1.0000001961197471089803912036586552858353e+00
3268,1.0000002192065331474424283442203886806965e+00
3269,1.0000002442883597630896019836654886603355e+00
3270,1.0000002688683149454362819597008638083935e+00
3271,1.0000002907165246313070383621379733085632e+00
3272,1.0000003080988597581324484053766354918480e+00
3273,1.0000003199031359812920527474489063024521e+00
3274,1.0000003256522020933516614604741334915161e+00
3275,1.0000003194155318020364120457088574767113e+00
3276,1.0000003080989483539298134928685612976551e+00
3277,1.0000002899909610221129696583375334739685e+00
3278,1.0000002659252915648835369211155921220779e+00
3279,1.0000002375116070485461250427761115133762e+00
3280,1.0000002070797746611674483574461191892624e+00
3281,1.0000001774828706224695906712440773844719e+00
3282,1.0000001517693855035417982435319572687149e+00
3283,1.0000001327715677401641869437298737466335e+00
3284,1.0000001226761527917119565245229750871658e+00
3285,1.0000001226760100170309897293918766081333e+00
3286,1.0000001327715997145872961482382379472256e+00
3287,1.0000001517695678021624416942358948290348e+00
3288,1.0000001774829021528034900256898254156113e+00
3289,1.0000002070798783559979483470669947564602e+00
3290,1.0000002375118270947496057488024234771729e+00
3291,1.0000002659253344194922874521580524742603e+00
3292,1.0000002899911213383177255309419706463814e+00
3293,1.0000003080989601222938745195278897881508e+00
3294,1.0000003194155444585788927724934183061123e+00
3295,1.0000003082311412772043013319489546120167e+00
3296,1.0000002907164522447658328019315376877785e+00
3297,1.0000002659253210968159919502795673906803e+00
3298,1.0000002351687258261847546236822381615639e+00
3299,1.0000002006561765632852711860323324799538e+00
3300,1.0000001653705452575593426445266231894493e+00
3301,1.0000001327715972720966419728938490152359e+00
3302,1.0000001063546555268857218834455125033855e+00
3303,1.0000000891336471298131982621271163225174e+00
3304,1.0000000831519895161392241789144463837147e+00
3305,1.0000000891335352193323160463478416204453e+00
3306,1.0000001063546350987820687805651687085629e+00
3307,1.0000001327715573040677554672583937644958e+00
3308,1.0000001653705699045104893230018205940723e+00
3309,1.0000002006565515966229895639116875827312e+00
3310,1.0000002351687460322438028015312738716602e+00
3311,1.0000002659253817149931364838266745209694e+00
3312,1.0000002907163938470347375186975114047527e+00
3313,1.0000003082308817070611439703498035669327e+00
3314,1.0000002928339093433152129364316351711750e+00
3315,1.0000002688685560858772305437014438211918e+00
3316,1.0000002375117684749739055405370891094208e+00
3317,1.0000002006564168155478000699076801538467e+00
3318,1.0000001611704605330999129364499822258949e+00
3319,1.0000001226761179307089832946076057851315e+00
3320,1.0000000891335694142014745011692866683006e+00
3321,1.0000000642847701737281340683693997561932e+00
3322,1.0000000510566937617085159217822365462780e+00
3323,1.0000000510565341116375748242717236280441e+00
3324,1.0000000642849231624609274149406701326370e+00
3325,1.0000000891336335850922978352173231542110e+00
3326,1.0000001226760351080713462579296901822090e+00
3327,1.0000001611704616433229375616065226495266e+00
3328,1.0000002006564092660312326188432052731514e+00
3329,1.0000002375115248920423027811921201646328e+00
3330,1.0000002688685429852455399668542668223381e+00
3331,1.0000002928340216978853050022735260426998e+00
3332,1.0000002744611466987123549188254401087761e+00
3333,1.0000002442886053444226490682922303676605e+00
3334,1.0000002070798843512022813229123130440712e+00
3335,1.0000001653704484461115953308762982487679e+00
3336,1.0000001226760417694094940088689327239990e+00
3337,1.0000000831520805544272434417507611215115e+00
3338,1.0000000510565987266176080083823762834072e+00
3339,1.0000000300995450785990215081255882978439e+00
3340,1.0000000228137655433613417699234560132027e+00
3341,1.0000000300995024460348759021144360303879e+00
3342,1.0000000510565760780679056551889516413212e+00
3343,1.0000000831519624266974233250948600471020e+00
3344,1.0000001226759023253976010892074555158615e+00
3345,1.0000001653705776760716616990976035594940e+00
3346,1.0000002070799409725765372058958746492863e+00
3347,1.0000002442888191733771918734419159591198e+00
3348,1.0000002744613725180755636756657622754574e+00
3349,1.0000002547732254054579925650614313781261e+00
3350,1.0000002192066208550613737315870821475983e+00
3351,1.0000001774828692902019611210562288761139e+00
3352,1.0000001327715080101654621103079989552498e+00
3353,1.0000000891334490660256051342003047466278e+00
3354,1.0000000510564861500029110175091773271561e+00
3355,1.0000000228136391999811394271091558039188e+00
3356,1.0000000077664206177274763831519521772861e+00
3357,1.0000000077663697695129485509824007749557e+00
3358,1.0000000228138536950694970073527656495571e+00
3359,1.0000000510565170142029955968610011041164e+00
3360,1.0000000891336755515226286661345511674881e+00
3361,1.0000001327716798726896740845404565334320e+00
3362,1.0000001774827853573412994592217728495598e+00
3363,1.0000002192064172401586574778775684535503e+00
3364,1.0000002547731519086937623796984553337097e+00
3365,1.0000002356962460758893485035514459013939e+00
3366,1.0000001961195943422922027821186929941177e+00
3367,1.0000001517696204267338089266559109091759e+00
3368,1.0000001063547563351363578476593829691410e+00
3369,1.0000000642847919340994167214375920593739e+00
3370,1.0000000300996148006049679679563269019127e+00
3371,1.0000000077663853126352933031739667057991e+00
3372,1.0000000000000079936057773011270910501480e+00
3373,1.0000000077661905795167740507167764008045e+00
3374,1.0000000300994489332850889695691876113415e+00
3375,1.0000000642850055410093546015559695661068e+00
3376,1.0000001063546495316813889076001942157745e+00
3377,1.0000001517695105146543710361584089696407e+00
3378,1.0000001961197531041847241795039735734463e+00
3379,1.0000002356963024752189994615036994218826e+00
3380,1.0000002192065429174050450455979444086552e+00
3381,1.0000001774827249612087598507059738039970e+00
3382,1.0000001327714211907249364230665378272533e+00
3383,1.0000000891333857833132015002775005996227e+00
3384,1.0000000510566822153890598201542161405087e+00
3385,1.0000000228137773117254027965827845036983e+00
3386,1.0000000077661055364330877637257799506187e+00
3387,1.0000000077662420938651166579802520573139e+00
3388,1.0000000228137895241786736733047291636467e+00
3389,1.0000000510566902089948371212813071906567e+00
3390,1.0000000891335307784402175457216799259186e+00
3391,1.0000001327716345755902693781536072492599e+00
3392,1.0000001774828572997932951693655923008919e+00
3393,1.0000002192068064843510910577606409788132e+00
3394,1.0000002070797258113543648505583405494690e+00
3395,1.0000001653705632431723415720625780522823e+00
3396,1.0000001226761312533852787964860908687115e+00
3397,1.0000000831519464394858687228406779468060e+00
3398,1.0000000510564568401150609133765101432800e+00
3399,1.0000000300995870450293523390428163111210e+00
3400,1.0000000228136554092372989543946459889412e+00
3401,1.0000000300995364188594294319045729935169e+00
3402,1.0000000510564905908950095181353390216827e+00
3403,1.0000000831522322108924072381341829895973e+00
3404,1.0000001226760371064727905832114629447460e+00
3405,1.0000001653706531712373362097423523664474e+00
3406,1.0000002070799445252902160063968040049076e+00
3407,1.0000002006563404322037058591376990079880e+00
3408,1.0000001611705162662957491193083114922047e+00
3409,1.0000001226760679706728751625632867217064e+00
3410,1.0000000891336364716721618606243282556534e+00
3411,1.0000000642848980714205708864028565585613e+00
3412,1.0000000510565465461354506260249763727188e+00
3413,1.0000000510564996947238114444189704954624e+00
3414,1.0000000642848507759197218547342345118523e+00
3415,1.0000000891335605324172774999169632792473e+00
3416,1.0000001226759780426078805248835124075413e+00
3417,1.0000001611705329196411184966564178466797e+00
3418,1.0000002006563644130210377625189721584320e+00
3419,1.0000002006561592438060870335903018712997e+00
3420,1.0000001653707439874807505475473590195179e+00
3421,1.0000001327716023791225552486139349639416e+00
3422,1.0000001063545271851040752153494395315647e+00
3423,1.0000000891334013264355462524690665304661e+00
3424,1.0000000831521360655784746995777823030949e+00
3425,1.0000000891336302544232239597477018833160e+00
3426,1.0000001063544183832476619500084780156612e+00
3427,1.0000001327715366539194974393467418849468e+00
3428,1.0000001653707011328720000165048986673355e+00
3429,1.0000002006561905520953814630047418177128e+00
3430,1.0000002070799591802341410584631375968456e+00
3431,1.0000001774827083078633904733578674495220e+00
3432,1.0000001517696115449496119254035875201225e+00
3433,1.0000001327714460597206880265730433166027e+00
3434,1.0000001226761441319723644483019597828388e+00
3435,1.0000001226760306671792477573035284876823e+00
3436,1.0000001327714584942185638283262960612774e+00
3437,1.0000001517695642494487628937349654734135e+00
3438,1.0000001774829063716509836012846790254116e+00
3439,1.0000002070799576259219065832439810037613e+00
3440,1.0000002192067041217882206183276139199734e+00
3441,1.0000001961195734700993398291757330298424e+00
3442,1.0000001774827755873786827578442171216011e+00
3443,1.0000001653704679860368287336314097046852e+00
3444,1.0000001611703948078968551271827891469002e+00
3445,1.0000001653706178661451531297643668949604e+00
3446,1.0000001774827682599067202318110503256321e+00
3447,1.0000001961195585931108098520780913531780e+00
3448,1.0000002192066446138341007099370472133160e+00
3449,1.0000002356961450455941076143062673509121e+00
3450,1.0000002192064989525732698893989436328411e+00
3451,1.0000002070800482201207159960176795721054e+00
3452,1.0000002006562578316106737474910914897919e+00
3453,1.0000002006563184497878182810381986200809e+00
3454,1.0000002070797360254061914019985124468803e+00
3455,1.0000002192067365403005396728985942900181e+00
3456,1.0000002356964667882266439846716821193695e+00
3457,1.0000002547730906243828030710574239492416e+00
3458,1.0000002442884665665445709237246774137020e+00
3459,1.0000002375118506314777278021210804581642e+00
3460,1.0000002351687846680050597569788806140423e+00
3461,1.0000002375116621156081464505405165255070e+00
3462,1.0000002442886899434171255052206106483936e+00
3463,1.0000002547729973656487345579080283641815e+00
3464,1.0000002744613782912352917264797724783421e+00
3465,1.0000002688684952456554810851230286061764e+00
3466,1.0000002659252476000517617649165913462639e+00
3467,1.0000002659254130232824309132411144673824e+00
3468,1.0000002688686311369536952042835764586926e+00
3469,1.0000002744613891714209330530138686299324e+00
3470,1.0000002928339126739842868119012564420700e+00
3471,1.0000002907165763676999858944327570497990e+00
3472,1.0000002899909734566108454600907862186432e+00
3473,1.0000002907164655674421283038100227713585e+00
3474,1.0000002928341173991100276907673105597496e+00
3475,1.0000003082308317470250358383054845035076e+00
3476,1.0000003080990103043745875766035169363022e+00
3477,1.0000003080990440551545361813623458147049e+00
3478,1.0000003082306687662850208653253503143787e+00
3479,1.0000003194155764330020019770017825067043e+00
3480,1.0000003199034166456726779870223253965378e+00
3481,1.0000003194155506758278306733700446784496e+00
3482,1.0000003256521301508996657503303140401840e+00
3483,1.0000003256519613969999227265361696481705e+00
3484,1.0000003267037758103441547063994221389294e+00
3485,1.0000003267039507814928356310701929032803e+00
3486,1.0000003256521725614192064313101582229137e+00
3487,1.0000003194155713259760887012816965579987e+00
3488,1.0000003082310016111478034872561693191528e+00
3489,1.0000002928338771468474988068919628858566e+00
3490,1.0000002744611038441036043877829797565937e+00
3491,1.0000002547730770796619026441476307809353e+00
3492,1.0000002356962307548116086763911880552769e+00
3493,1.0000002192064854078523694624891504645348e+00
3494,1.0000002070798528208683819684665650129318e+00
3495,1.0000002006564934209364992057089693844318e+00
3496,1.0000002006563806222771972898044623434544e+00
3497,1.0000002070798632569648134449380449950695e+00
3498,1.0000002192066423933880514596239663660526e+00
3499,1.0000002356961434912818731390871107578278e+00
3500,1.0000002547731121627094807990943081676960e+00
3501,1.0000002744614506777764972866862080991268e+00
3502,1.0000002928342115460225159040419384837151e+00
3503,1.0000003082310224833406664401991292834282e+00
3504,1.0000003194156157348970737075433135032654e+00
3505,1.0000003256522267403028081389493308961391e+00
3506,1.0000003267037087528734673469443805515766e+00
3507,1.0000003256519252037293199464329518377781e+00
3508,1.0000003199031359812920527474489063024521e+00
3509,1.0000003080991184400971860668505541980267e+00
3510,1.0000002907165570498193574167089536786079e+00
3511,1.0000002688686446816745956311933696269989e+00
3512,1.0000002442885906894787240162258967757225e+00
3513,1.0000002192066628214917045625043101608753e+00
3514,1.0000001961196007815857456080266274511814e+00
3515,1.0000001774827160794245628494536504149437e+00
3516,1.0000001653706123150300300039816647768021e+00
3517,1.0000001611705788828743379781371913850307e+00
3518,1.0000001653706300785984240064863115549088e+00
3519,1.0000001774828453093846292176749557256699e+00
3520,1.0000001961196656186103837171685881912708e+00
3521,1.0000002192064805228710611118003726005554e+00
3522,1.0000002442886186670989445701707154512405e+00
3523,1.0000002688684823670683954333071596920490e+00
3524,1.0000002907166101184799344991915859282017e+00
3525,1.0000003080990473858236100568319670855999e+00
3526,1.0000003199030600420371683867415413260460e+00
3527,1.0000003256522604910827567437081597745419e+00
3528,1.0000003194155531183184848487144336104393e+00
3529,1.0000003080989119386146057877340354025364e+00
3530,1.0000002899911224485407501560985110700130e+00
3531,1.0000002659251998604617028831853531301022e+00
3532,1.0000002375116578967606528749456629157066e+00
3533,1.0000002070797875397545340092619881033897e+00
3534,1.0000001774827746992002630577189847826958e+00
3535,1.0000001517695364938731472648214548826218e+00
3536,1.0000001327715912768923089970485307276249e+00
3537,1.0000001226759869243920775261358357965946e+00
3538,1.0000001226761343620097477469244040548801e+00
3539,1.0000001327714300725091334243188612163067e+00
3540,1.0000001517696579522720412569469772279263e+00
3541,1.0000001774828171097198037386988289654255e+00
3542,1.0000002070798941211648980242898687720299e+00
3543,1.0000002375116014974310019169934093952179e+00
3544,1.0000002659252853476345990202389657497406e+00
3545,1.0000002899911368814400702831335365772247e+00
3546,1.0000003080991366477547899194178171455860e+00
3547,1.0000003194154705177254527370678260922432e+00
3548,1.0000003082309487645318313298048451542854e+00
3549,1.0000002907165768117891957444953732192516e+00
3550,1.0000002659253821590823463338892906904221e+00
3551,1.0000002351690735480360672227106988430023e+00
3552,1.0000002006564763235019199782982468605042e+00
3553,1.0000001653706487303452377091161906719208e+00
3554,1.0000001327713279319908679099171422421932e+00
3555,1.0000001063545520540998268188559450209141e+00
3556,1.0000000891335303343510076956590637564659e+00
3557,1.0000000831521316246863761989516206085682e+00
3558,1.0000000891335500963208460234454832971096e+00
3559,1.0000001063545584933933696447638794779778e+00
3560,1.0000001327714662657797362044220790266991e+00
3561,1.0000001653705896664803276507882401347160e+00
3562,1.0000002006563140088957197804120369255543e+00
3563,1.0000002351686692048104987406986765563488e+00
3564,1.0000002659253144354778441993403248488903e+00
3565,1.0000002907165714827186775437439791858196e+00
3566,1.0000003082309218971346354010165669023991e+00
3567,1.0000002928338720398215855311718769371510e+00
3568,1.0000002688683755636134264932479709386826e+00
3569,1.0000002375117520436731410882202908396721e+00
3570,1.0000002006564023826484799428726546466351e+00
3571,1.0000001611704363302379761080374009907246e+00
3572,1.0000001226762478268028644379228353500366e+00
3573,1.0000000891334641650587400363292545080185e+00
3574,1.0000000642848061449541319234413094818592e+00
3575,1.0000000510566517952781850908650085330009e+00
3576,1.0000000510566122713385084352921694517136e+00
3577,1.0000000642847304277438524877652525901794e+00
3578,1.0000000891335742991827828518580645322800e+00
3579,1.0000001226761012773636139172594994306564e+00
3580,1.0000001611704307791228529822546988725662e+00
3581,1.0000002006562986878179799532517790794373e+00
3582,1.0000002375116321395864815713139250874519e+00
3583,1.0000002688686295826414607290644198656082e+00
3584,1.0000002928341928942757022014120593667030e+00
3585,1.0000002744613458727229726719087921082973e+00
3586,1.0000002442886735121163610529038123786449e+00
3587,1.0000002070798788000871581971296109259129e+00
3588,1.0000001653706169779667334296391345560551e+00
3589,1.0000001226760328876252970076166093349457e+00
3590,1.0000000831519455513074490227154456079006e+00
3591,1.0000000510565603129009559779660776257515e+00
3592,1.0000000300995859348063277138862758874893e+00
3593,1.0000000228138237190478321281261742115021e+00
3594,1.0000000300995530722047988092526793479919e+00
3595,1.0000000510564783784417386414133943617344e+00
3596,1.0000000831519606503405839248443953692913e+00
3597,1.0000001226760573125318387610604986548424e+00
3598,1.0000001653706698245827055870904587209225e+00
3599,1.0000002070798832409792566977557726204395e+00
3600,1.0000002442884123876609692160855047404766e+00
3601,1.0000002744612019878189812516211532056332e+00
3602,1.0000002547729216484384551222319714725018e+00
3603,1.0000002192065762240957838002941571176052e+00
3604,1.0000001774828153333629643384483642876148e+00
3605,1.0000001327716994126149074872955679893494e+00
3606,1.0000000891334122066211875790031626820564e+00
3607,1.0000000510565880684765716068795882165432e+00
3608,1.0000000228137977398290558994631282985210e+00
3609,1.0000000077663833142338489778921939432621e+00
3610,1.0000000077663102615588286425918340682983e+00
3611,1.0000000228139029889717903643031604588032e+00
3612,1.0000000510563580302658692744444124400616e+00
3613,1.0000000891335178998531318939058110117912e+00
3614,1.0000001327714691523596002298290841281414e+00
3615,1.0000001774827993461514097361941821873188e+00
3616,1.0000002192064731953990985857672058045864e+00
3617,1.0000002547730395541236703138565644621849e+00
3618,1.0000002356964088345847585515002720057964e+00
3619,1.0000001961194591171278034380520693957806e+00
3620,1.0000001517694985242457050844677723944187e+00
3621,1.0000001063545804758092572228633798658848e+00
3622,1.0000000642846416099018824752420186996460e+00
3623,1.0000000300995210977816896047443151473999e+00
3624,1.0000000077663777631187258521094918251038e+00
3625,9.9999999999988897769753748434595763683319e-01
3626,1.0000000077663380171344442715053446590900e+00
3627,1.0000000300995164348449861790868453681469e+00
3628,1.0000000642848012599728235727525316178799e+00
3629,1.0000001063544801116478311087121255695820e+00
3630,1.0000001517696466279971900803502649068832e+00
3631,1.0000001961197688693516738567268475890160e+00
3632,1.0000002356963049177096536368480883538723e+00
3633,1.0000002192067385387019839981803670525551e+00
3634,1.0000001774828928269300831743748858571053e+00
3635,1.0000001327715413168562008650042116641998e+00
3636,1.0000000891335221187006254695006646215916e+00
3637,1.0000000510567248479532054261653684079647e+00
3638,1.0000000228137568836217496937024407088757e+00
3639,1.0000000077664850106629046422312967479229e+00
3640,1.0000000077662438702219560582307167351246e+00
3641,1.0000000228137297941799488398828543722630e+00
3642,1.0000000510565387745742782499291934072971e+00
3643,1.0000000891336224828620515836519189178944e+00
3644,1.0000001327712644272338593509630300104618e+00
3645,1.0000001774828251033255810398259200155735e+00
3646,1.0000002192066148598570407557417638599873e+00
3647,1.0000002070797375797184258772176690399647e+00
3648,1.0000001653705870019450685504125431180000e+00
3649,1.0000001226760049100050764536717906594276e+00
3650,1.0000000831520863275869714925647713243961e+00
3651,1.0000000510568147760182000638451427221298e+00
3652,1.0000000300994866808679262248915620148182e+00
3653,1.0000000228138239410924370531574822962284e+00
3654,1.0000000300995277591198373556835576891899e+00
3655,1.0000000510565858480305223565665073692799e+00
3656,1.0000000831519371136124618715257383882999e+00
3657,1.0000001226761137118614897190127521753311e+00
3658,1.0000001653705130610916285149869509041309e+00
3659,1.0000002070798184039546185886138118803501e+00
3660,1.0000002006563051271115227791597135365009e+00
3661,1.0000001611705287007936249210615642368793e+00
3662,1.0000001226759174244307359913364052772522e+00
3663,1.0000000891335443231611179726314730942249e+00
3664,1.0000000642848954068853117860271595418453e+00
3665,1.0000000510566982026006144224083982408047e+00
3666,1.0000000510567066402956015735981054604053e+00
3667,1.0000000642848070331325516235665418207645e+00
3668,1.0000000891335178998531318939058110117912e+00
3669,1.0000001226761585648716845753369852900505e+00
3670,1.0000001611705515713879321992862969636917e+00
3671,1.0000002006562542788969949469901621341705e+00
3672,1.0000002006560935186030292243231087923050e+00
3673,1.0000001653706940274446424155030399560928e+00
3674,1.0000001327716321330996152028092183172703e+00
3675,1.0000001063546308799345752049703150987625e+00
3676,1.0000000891335585340158331746351905167103e+00
3677,1.0000000831521247413036235229810699820518e+00
3678,1.0000000891338671760166789681534282863140e+00
3679,1.0000001063546462010123150321305729448795e+00
3680,1.0000001327715701826548411190742626786232e+00
3681,1.0000001653704220228036092521506361663342e+00
3682,1.0000002006562831446956352010602131485939e+00
3683,1.0000002070797349151831667768419720232487e+00
3684,1.0000001774828386480464814667357131838799e+00
3685,1.0000001517694765418298175063682720065117e+00
3686,1.0000001327716168120218753756489604711533e+00
3687,1.0000001226761912054286085549392737448215e+00
3688,1.0000001226759920314179908018559217453003e+00
3689,1.0000001327716230292708132765255868434906e+00
3690,1.0000001517694914188183474834659136831760e+00
3691,1.0000001774828264355932105900137685239315e+00
3692,1.0000002070797446851457834782195277512074e+00
3693,1.0000002192067083406357141939224675297737e+00
3694,1.0000001961196129940390164847485721111298e+00
3695,1.0000001774830284961836923685041256248951e+00
3696,1.0000001653705707926889090231270529329777e+00
3697,1.0000001611704023574134225782472640275955e+00
3698,1.0000001653705445914255278694326989352703e+00
3699,1.0000001774829216927287234284449368715286e+00
3700,1.0000001961196856026248269699863158166409e+00
3701,1.0000002192066022033145600289572030305862e+00
3702,1.0000002356962953697916418605018407106400e+00
3703,1.0000002192065788886310429006698541343212e+00
3704,1.0000002070798648112770479201572015881538e+00
3705,1.0000002006563548651030259861727245151997e+00
3706,1.0000002006564416845435516734141856431961e+00
3707,1.0000002070799016706814654753543436527252e+00
3708,1.0000002192067687367682538024382665753365e+00
3709,1.0000002356961410487912189637427218258381e+00
3710,1.0000002547729960333811050077201798558235e+00
3711,1.0000002442885267406325056072091683745384e+00
3712,1.0000002375118890451943798325373791158199e+00
3713,1.0000002351689176727234098507324233651161e+00
3714,1.0000002375117105213320201073656789958477e+00
3715,1.0000002442884392550581651448737829923630e+00
3716,1.0000002547731594582103298307629302144051e+00
3717,1.0000002744614697736125208393787033855915e+00
3718,1.0000002688685265539447755145374685525894e+00
3719,1.0000002659253786063686675333883613348007e+00
3720,1.0000002659252351655538859631633386015892e+00
3721,1.0000002688683855556206481196568347513676e+00
3722,1.0000002744614324701188934341189451515675e+00
3723,1.0000002928340303576248970784945413470268e+00
3724,1.0000002907162566234688938493491150438786e+00
3725,1.0000002899909181675042191272950731217861e+00
3726,1.0000002907162579557365233995369635522366e+00
3727,1.0000002928339628560649998689768835902214e+00
3728,1.0000003082311235136359073294443078339100e+00
3729,1.0000003080993191684200382951530627906322e+00
3730,1.0000003080990587100984612334286794066429e+00
3731,1.0000003082309303348296225522062741219997e+00
3732,1.0000003194155371311069302464602515101433e+00
3733,1.0000003199032081457886533826240338385105e+00
3734,1.0000003194154980512564634409500285983086e+00
3735,1.0000003256519962580028959564515389502048e+00
3736,1.0000003256522398409344987157965078949928e+00
3737,1.0000003267040580290370144211919978260994e+00
3738,1.0000003267037249621296268742298707365990e+00
3739,1.0000003256519567340632193008786998689175e+00
3740,1.0000003194155926422581615042872726917267e+00
3741,1.0000003082309003588079576729796826839447e+00
3742,1.0000002928339815078118135716067627072334e+00
3743,1.0000002744613163407905176427448168396950e+00
3744,1.0000002547730408863912998640444129705429e+00
3745,1.0000002356963562100133913190802559256554e+00
3746,1.0000002192066768103018148394767194986343e+00
3747,1.0000002070797511244393263041274622082710e+00
3748,1.0000002006563746270728643139591440558434e+00
3749,1.0000002006562986878179799532517790794373e+00
3750,1.0000002070797755493458680575713515281677e+00
3751,1.0000002192065720052482902246993035078049e+00
3752,1.0000002356962571781195947551168501377106e+00
3753,1.0000002547731816626708223338937386870384e+00
3754,1.0000002744613192273703816681518219411373e+00
3755,1.0000002928338800334273628322989679872990e+00
3756,1.0000003082309085744583398991380818188190e+00
3757,1.0000003194156321661978381598601117730141e+00
3758,1.0000003256520095806791914583300240337849e+00
3759,1.0000003267035686427277596521889790892601e+00
3760,1.0000003256520597627599045154056511819363e+00
3761,1.0000003199032820866420934180496260523796e+00
3762,1.0000003080990602644106957086478359997272e+00
3763,1.0000002907165272958422974625136703252792e+00
3764,1.0000002688682954055110485569457523524761e+00
3765,1.0000002442885382869519617088371887803078e+00
3766,1.0000002192065686745792163492296822369099e+00
3767,1.0000001961195748023669693793635815382004e+00
3768,1.0000001774827051992389215229195542633533e+00
3769,1.0000001653705530291205150206224061548710e+00
3770,1.0000001611705451320943893733783625066280e+00
3771,1.0000001653707513149527130735805258154869e+00
3772,1.0000001774827451672678080285550095140934e+00
3773,1.0000001961196407496146321136620827019215e+00
3774,1.0000002192064003647686831754981540143490e+00
3775,1.0000002442885782549808482144726440310478e+00
3776,1.0000002688685050156180977865005843341351e+00
3777,1.0000002907165386201171486391103826463223e+00
3778,1.0000003080990718107301518102758564054966e+00
3779,1.0000003199033022927011415958986617624760e+00
3780,1.0000003256520906269599890947574749588966e+00
3781,1.0000003194156448227403188866446726024151e+00
3782,1.0000003080989312564952342654578387737274e+00
3783,1.0000002899910882536715917012770660221577e+00
3784,1.0000002659252404946244041639147326350212e+00
3785,1.0000002375116179287317663693102076649666e+00
3786,1.0000002070797793241041517831035889685154e+00
3787,1.0000001774828131129169150881352834403515e+00
3788,1.0000001517694871999708539078710600733757e+00
3789,1.0000001327716656618349588825367391109467e+00
3790,1.0000001226760211192612359809572808444500e+00
3791,1.0000001226758745698219854602939449250698e+00
3792,1.0000001327715579702015702423523180186749e+00
3793,1.0000001517693708485978731914656236767769e+00
3794,1.0000001774829481160367095071705989539623e+00
3795,1.0000002070798759135072941717226058244705e+00
3796,1.0000002375117711395091646409127861261368e+00
3797,1.0000002659252049674876161589054390788078e+00
3798,1.0000002899909696818525617345585487782955e+00
3799,1.0000003080990498283142642321763560175896e+00
3800,1.0000003194155431263112632223055697977543e+00
3801,1.0000003082307884483270754572004079818726e+00
3802,1.0000002907165315146897910381085239350796e+00
3803,1.0000002659252154035840476353769190609455e+00
3804,1.0000002351688861423895104962866753339767e+00
3805,1.0000002006563486478540880852960981428623e+00
3806,1.0000001653706749316086188628105446696281e+00
3807,1.0000001327715679622087918687611818313599e+00
3808,1.0000001063544601276333878558943979442120e+00
3809,1.0000000891336859876190601426060311496258e+00
3810,1.0000000831520348132386288853012956678867e+00
3811,1.0000000891334130947996072791283950209618e+00
3812,1.0000001063545809198984670729259960353374e+00
3813,1.0000001327714731491624888803926296532154e+00
3814,1.0000001653705028470398019635467790067196e+00
3815,1.0000002006562138667788985912920907139778e+00
3816,1.0000002351690380208992792177014052867889e+00
3817,1.0000002659252027470415669085923582315445e+00
3818,1.0000002907164831089659173812833614647388e+00
3819,1.0000003082308313029358259882428683340549e+00
3820,1.0000002928338698193755362808587960898876e+00
3821,1.0000002688685081242425667369388975203037e+00
3822,1.0000002375116636699203809257596731185913e+00
3823,1.0000002006564032708268996429978869855404e+00
3824,1.0000001611705591209044996503507718443871e+00
3825,1.0000001226760779626800967889721505343914e+00
3826,1.0000000891334988040171083412133157253265e+00
3827,1.0000000642848643206406222816440276801586e+00
3828,1.0000000510566164901860020108870230615139e+00
3829,1.0000000510566280365054581125150434672832e+00
3830,1.0000000642848820842090162841486744582653e+00
3831,1.0000000891334657193709745115484111011028e+00
3832,1.0000001226761896511163740797201171517372e+00
3833,1.0000001611704909532107876657391898334026e+00
3834,1.0000002006563879497491598158376291394234e+00
3835,1.0000002375115171204811304050963371992111e+00
3836,1.0000002688683864437990678197820670902729e+00
3837,1.0000002928339273289282118639675900340080e+00
3838,1.0000002744612925820177906643948517739773e+00
3839,1.0000002442884707853920644993195310235023e+00
3840,1.0000002070798488240654933179030194878578e+00
3841,1.0000001653705568038787987461546435952187e+00
3842,1.0000001226760333317145068576792255043983e+00
3843,1.0000000831519513244671770735294558107853e+00
3844,1.0000000510565694167297579042497090995312e+00
3845,1.0000000300996640945072613249067217111588e+00
3846,1.0000000228138901103847047124872915446758e+00
3847,1.0000000300995557367400579096283763647079e+00
3848,1.0000000510566582345717279167729429900646e+00
3849,1.0000000831519806343550271776621229946613e+00
3850,1.0000001226760868444642937902244739234447e+00
3851,1.0000001653705647974845760472817346453667e+00
3852,1.0000002070797600062235233053797855973244e+00
3853,1.0000002442884508013776212465018033981323e+00
3854,1.0000002744613554206409844482550397515297e+00
3855,1.0000002547729283097766028731712140142918e+00
3856,1.0000002192064401107529647561023011803627e+00
3857,1.0000001774827995681960146612254902720451e+00
3858,1.0000001327717009669271419625147245824337e+00
3859,1.0000000891336151553900890576187521219254e+00
3860,1.0000000510565651978822643286548554897308e+00
3861,1.0000000228136731728056929568992927670479e+00
3862,1.0000000077662509756493136592325754463673e+00
3863,1.0000000077664741304772633156972005963326e+00
3864,1.0000000228138168356650794521556235849857e+00
3865,1.0000000510564799327539731166325509548187e+00
3866,1.0000000891338074460179541347315534949303e+00
3867,1.0000001327712519927359835492097772657871e+00
3868,1.0000001774829512246611784576089121401310e+00
3869,1.0000002192064740835775182858924381434917e+00
3870,1.0000002547733370938942698558093979954720e+00
3871,1.0000002356964925454008152883034199476242e+00
3872,1.0000001961195845723295860807411372661591e+00
3873,1.0000001517696017749869952240260317921638e+00
3874,1.0000001063544952106809660108410753309727e+00
3875,1.0000000642850264132022175544989295303822e+00
3876,1.0000000300995768309775257876026444137096e+00
3877,1.0000000077664663589160909396014176309109e+00
3878,9.9999999999999977795539507496869191527367e-01
3879,1.0000000077663617759071712498553097248077e+00
3880,1.0000000300996010338394626160152256488800e+00
3881,1.0000000642848492216074873795150779187679e+00
3882,1.0000001063544785573355966334929689764977e+00
3883,1.0000001517695071839852971606887876987457e+00
3884,1.0000001961194426858270389857352711260319e+00
3885,1.0000002356963921812393891741521656513214e+00
3886,1.0000002192064503248047913075424730777740e+00
3887,1.0000001774826168254861613604589365422726e+00
3888,1.0000001327714140852975788220646791160107e+00
3889,1.0000000891334384078845687326975166797638e+00
3890,1.0000000510566364742004452637047506868839e+00
3891,1.0000000228139280800121468928409740328789e+00
3892,1.0000000077663795394755652523599565029144e+00
3893,1.0000000077661856945354657000279985368252e+00
3894,1.0000000228139089841761233401484787464142e+00
3895,1.0000000510565707489973874544375576078892e+00
3896,1.0000000891335329988862667960347607731819e+00
3897,1.0000001327714742593855135055491700768471e+00
3898,1.0000001774828917167070585492183454334736e+00
3899,1.0000002192065855499691906516090966761112e+00
3900,1.0000002070797369135846111021237447857857e+00
3901,1.0000001653705623549939218719373457133770e+00
3902,1.0000001226760695249851096377824433147907e+00
3903,1.0000000831521331789986106741707772016525e+00
3904,1.0000000510566195988104709613253362476826e+00
3905,1.0000000300994327240289294422836974263191e+00
3906,1.0000000228136876057050130839343182742596e+00
3907,1.0000000300996314539503373453044332563877e+00
3908,1.0000000510566240397025694619514979422092e+00
3909,1.0000000831521280719726973984506912529469e+00
3910,1.0000001226760424355433087839628569781780e+00
3911,1.0000001653706926951770128653151914477348e+00
3912,1.0000002070798237330251367893652059137821e+00
3913,1.0000002006563060152899424792849458754063e+00
3914,1.0000001611706526016831730885314755141735e+00
3915,1.0000001226759567263258077218779362738132e+00
3916,1.0000000891336036090706329559907317161560e+00
3917,1.0000000642849917742438492496148683130741e+00
3918,1.0000000510565172362476005218923091888428e+00
3919,1.0000000510564828193338371420395560562611e+00
3920,1.0000000642848874132795344849000684916973e+00
3921,1.0000000891336409125642603612504899501801e+00
3922,1.0000001226759764882956460496643558144569e+00
3923,1.0000001611706341719809643109329044818878e+00
3924,1.0000002006562545009415998720214702188969e+00
3925,1.0000002006563424306051501844194717705250e+00
3926,1.0000001653703676218754026194801554083824e+00
3927,1.0000001327714929111323272081790491938591e+00
3928,1.0000001063545591595271844198578037321568e+00
3929,1.0000000891336058295166822063038125634193e+00
3930,1.0000000831519670896341267507523298263550e+00
3931,1.0000000891335307784402175457216799259186e+00
3932,1.0000001063544705637298193323658779263496e+00
3933,1.0000001327713121668239182326942682266235e+00
3934,1.0000001653704153614654615012113936245441e+00
3935,1.0000002006565125167725227584014646708965e+00
3936,1.0000002070799058895289590509491972625256e+00
3937,1.0000001774828459755184439927688799798489e+00
3938,1.0000001517695777941696633206447586417198e+00
3939,1.0000001327716803167788839346030727028847e+00
3940,1.0000001226759658301546096481615677475929e+00
3941,1.0000001226759833716783987256349064409733e+00
3942,1.0000001327715610788260391927906312048435e+00
3943,1.0000001517697252317873335414333269000053e+00
3944,1.0000001774829065936955885263159871101379e+00
3945,1.0000002070798739151058498464408330619335e+00
3946,1.0000002192065189365877131422166712582111e+00
3947,1.0000001961196662847441984922625124454498e+00
3948,1.0000001774827274036994140260503627359867e+00
3949,1.0000001653707164539497398436651565134525e+00
3950,1.0000001611705884307923497544834390282631e+00
3951,1.0000001653706864779280749644385650753975e+00
3952,1.0000001774826743350388369435677304863930e+00
3953,1.0000001961196685051902477425755932927132e+00
3954,1.0000002192066019812699551039258949458599e+00
3955,1.0000002356961752436603774185641668736935e+00
3956,1.0000002192065786665864379756385460495949e+00
3957,1.0000002070797870956653241591993719339371e+00
3958,1.0000002006563606382627540369867347180843e+00
3959,1.0000002006563140088957197804120369255543e+00
3960,1.0000002070796765174520714936079457402229e+00
3961,1.0000002192066610451348651622538454830647e+00
3962,1.0000002356960964178256290324497967958450e+00
3963,1.0000002547730229007783009365084581077099e+00
3964,1.0000002442883570985543428832897916436195e+00
3965,1.0000002375120113917716935247881338000298e+00
3966,1.0000002351686911872263863187981769442558e+00
3967,1.0000002375118841602130714818486012518406e+00
3968,1.0000002442885405073980109591502696275711e+00
3969,1.0000002547729716084745632542762905359268e+00
3970,1.0000002744613329941358870200929231941700e+00
3971,1.0000002688683957696724746710970066487789e+00
3972,1.0000002659253477421685829540365375578403e+00
3973,1.0000002659252962278202403467730619013309e+00
3974,1.0000002688683471419039960892405360937119e+00
3975,1.0000002744612463967399662578827701508999e+00
3976,1.0000002928341833463576904250658117234707e+00
3977,1.0000002907165472798567407153313979506493e+00
3978,1.0000002899911679676847597875166684389114e+00
3979,1.0000002907163934029455276686348952353001e+00
3980,1.0000002928339541963254077927558682858944e+00
3981,1.0000003082310997548631803510943427681923e+00
3982,1.0000003080991268777921732180402614176273e+00
3983,1.0000003080988080217395008730818517506123e+00
3984,1.0000003082309909530067670857533812522888e+00
3985,1.0000003194154114538605426787398755550385e+00
3986,1.0000003199033642431459156796336174011230e+00
3987,1.0000003194154591934506015604711137712002e+00
3988,1.0000003256521927674782546091591939330101e+00
3989,1.0000003256523173345016175517230294644833e+00
3990,1.0000003267035351139924159724614582955837e+00
3991,1.0000003267038146681500165868783369660378e+00
3992,1.0000003256521770023113049319363199174404e+00
3993,1.0000003194154583052721818603458814322948e+00
3994,1.0000003082309549817807692306814715266228e+00
3995,1.0000002928338600494129195794812403619289e+00
3996,1.0000002744612384031341889567556791007519e+00
3997,1.0000002547731896562765996350208297371864e+00
3998,1.0000002356964754479662360608926974236965e+00
3999,1.0000002192065315931301938690012320876122e+00
4000,1.0000002070799627329478198589640669524670e+00
4001,1.0000002006563346590439778083236888051033e+00
4002,1.0000002006562893619445731019368395209312e+00
4003,1.0000002070798887920943798235384747385979e+00
4004,1.0000002192064569861429390584817156195641e+00
4005,1.0000002356962509608706568542402237653732e+00
4006,1.0000002547730610924503480418934486806393e+00
4007,1.0000002744613096794523698918055742979050e+00
4008,1.0000002928339246643929527635918930172920e+00
4009,1.0000003082307236113024373480584472417831e+00
4010,1.0000003194156923402857728433446027338505e+00
4011,1.0000003256521359240593938011443242430687e+00
4012,1.0000003267033956699805230527999810874462e+00
4013,1.0000003256520415551023006628383882343769e+00
4014,1.0000003199033251632954488741233944892883e+00
4015,1.0000003080989823267543670226586982607841e+00
4016,1.0000002907164029508635394449811428785324e+00
4017,1.0000002688684579421618536798632703721523e+00
4018,1.0000002442884019515645377396140247583389e+00
4019,1.0000002192066632655809144125669263303280e+00
4020,1.0000001961196236521800528862513601779938e+00
4021,1.0000001774829845313519172123051248490810e+00
4022,1.0000001653706749316086188628105446696281e+00
4023,1.0000001611706201831708540339604951441288e+00
4024,1.0000001653704810866685193104785867035389e+00
4025,1.0000001774826785538863305191625840961933e+00
4026,1.0000001961194129318499790315399877727032e+00
4027,1.0000002192065360340222923696273937821388e+00
4028,1.0000002442887678810734541912097483873367e+00
4029,1.0000002688685214469188622388173826038837e+00
4030,1.0000002907164040610865640701376833021641e+00
4031,1.0000003080990029769026250505703501403332e+00
4032,1.0000003199033806744466801319504156708717e+00
4033,1.0000003256522569383690779432072304189205e+00
4034,1.0000003194157061070512781952857039868832e+00
4035,1.0000003080989607884276892946218140423298e+00
4036,1.0000002899910238607361634421977214515209e+00
4037,1.0000002659252853476345990202389657497406e+00
4038,1.0000002375116827657564044784521684050560e+00
4039,1.0000002070797395781198702024994418025017e+00
4040,1.0000001774828040090881131618516519665718e+00
4041,1.0000001517693546393417136641801334917545e+00
4042,1.0000001327716572241399717313470318913460e+00
4043,1.0000001226760752981448376885964535176754e+00
4044,1.0000001226761352501881674470496363937855e+00
4045,1.0000001327714078680486409211880527436733e+00
4046,1.0000001517694707686700894555542618036270e+00
4047,1.0000001774828612965961838199291378259659e+00
4048,1.0000002070798312825417042404296807944775e+00
4049,1.0000002375116066044569151927134953439236e+00
4050,1.0000002659251820968933088806807063519955e+00
4051,1.0000002899909055109617384005105122923851e+00
4052,1.0000003080989601222938745195278897881508e+00
4053,1.0000003194156923402857728433446027338505e+00
4054,1.0000003082307342694434737495612353086472e+00
4055,1.0000002907165630450236903925542719662189e+00
4056,1.0000002659255184944697703031124547123909e+00
4057,1.0000002351688874746571400464745238423347e+00
4058,1.0000002006564179257708246950642205774784e+00
4059,1.0000001653704855275606178111047483980656e+00
4060,1.0000001327715855037325809462345205247402e+00
4061,1.0000001063546588575547957589151337742805e+00
4062,1.0000000891336844333068256673868745565414e+00
4063,1.0000000831519983979234211801667697727680e+00
4064,1.0000000891335889541267079039243981242180e+00
4065,1.0000001063543757506835163439973257482052e+00
4066,1.0000001327714771459653775309561751782894e+00
4067,1.0000001653706189763681777549209073185921e+00
4068,1.0000002006561792278205302864080294966698e+00
4069,1.0000002351687398149948649006546474993229e+00
4070,1.0000002659252766878950069440179504454136e+00
4071,1.0000002907164089460678724208264611661434e+00
4072,1.0000003082310005009247788620996288955212e+00
4073,1.0000002928338980190403617598349228501320e+00
4074,1.0000002688683788942825003687175922095776e+00
4075,1.0000002375116807673549601531703956425190e+00
4076,1.0000002006561690137687037349678575992584e+00
4077,1.0000001611704432136207287840079516172409e+00
4078,1.0000001226761445760615742983645759522915e+00
4079,1.0000000891336930930464177436078898608685e+00
4080,1.0000000642848521081873514049220830202103e+00
4081,1.0000000510565778544247450554394163191319e+00
4082,1.0000000510565310030131058738334104418755e+00
4083,1.0000000642849404819401115673827007412910e+00
4084,1.0000000891334861474746276144287548959255e+00
4085,1.0000001226759638317531653228797949850559e+00
4086,1.0000001611704105730638048044056631624699e+00
4087,1.0000002006564403522759221232263371348381e+00
4088,1.0000002375118248743035564984893426299095e+00
4089,1.0000002688683546914205635403050109744072e+00
4090,1.0000002928339657426448638943838886916637e+00
4091,1.0000002744614437943937446107156574726105e+00
4092,1.0000002442884410314150045451242476701736e+00
4093,1.0000002070798508224669376431847922503948e+00
4094,1.0000001653705841153652045250055380165577e+00
4095,1.0000001226761277006715999959851615130901e+00
4096,1.0000000831520292621235057595185935497284e+00
4097,1.0000000510567146339013788747251965105534e+00
4098,1.0000000300995566249184776097536087036133e+00
4099,1.0000000228137579938447743188589811325073e+00
4100,1.0000000300995495194911200087517499923706e+00
4101,1.0000000510564266420487911091186106204987e+00
4102,1.0000000831520310384803451597690582275391e+00
4103,1.0000001226761132677722798689501360058784e+00
4104,1.0000001653703041171183940605260431766510e+00
4105,1.0000002070800537712358391218003816902637e+00
4106,1.0000002442883186848376908528734929859638e+00
4107,1.0000002744613847305288345523877069354057e+00
4108,1.0000002547730126867264743850682862102985e+00
4109,1.0000002192066104189649422551156021654606e+00
4110,1.0000001774828020106866688365698792040348e+00
4111,1.0000001327715404286777811648789793252945e+00
4112,1.0000000891335723007813385265762917697430e+00
4113,1.0000000510566240397025694619514979422092e+00
4114,1.0000000228137226887525912388809956610203e+00
4115,1.0000000077662860586968918141792528331280e+00
4116,1.0000000077664019659806626805220730602741e+00
4117,1.0000000228139400704208128445316106081009e+00
4118,1.0000000510567095268754655990051105618477e+00
4119,1.0000000891335178998531318939058110117912e+00
4120,1.0000001327714995724704749591182917356491e+00
4121,1.0000001774829252454424022289458662271500e+00
4122,1.0000002192067547479581435254658572375774e+00
4123,1.0000002547731952073917227608035318553448e+00
4124,1.0000002356965425054369234203477390110493e+00
4125,1.0000001961195843502849811557098291814327e+00
4126,1.0000001517696490704878442556946538388729e+00
4127,1.0000001063547006019405216648010537028313e+00
4128,1.0000000642847592935424927418353036046028e+00
4129,1.0000000300995930402336853148881345987320e+00
4130,1.0000000077662540842737826096708886325359e+00
4131,1.0000000000000452970994047063868492841721e+00
4132,1.0000000077665163189521990716457366943359e+00
4133,1.0000000300996421120913737468072213232517e+00
4134,1.0000000642848216880764766756328754127026e+00
4135,1.0000001063544785573355966334929689764977e+00
4136,1.0000001517693346553272704113624058663845e+00
4137,1.0000001961196951505428387463325634598732e+00
4138,1.0000002356963639815745636951760388910770e+00
4139,1.0000002192065606809734390481025911867619e+00
4140,1.0000001774826914324734161709784530103207e+00
4141,1.0000001327714778120991923060500994324684e+00
4142,1.0000000891333755692613749488373287022114e+00
4143,1.0000000510566633415976411924930289387703e+00
4144,1.0000000228138163915758696020930074155331e+00
4145,1.0000000077664945585809164185775443911552e+00
4146,1.0000000077662449804449806833872571587563e+00
4147,1.0000000228138148372636351268738508224487e+00
4148,1.0000000510567743639001037081470713019371e+00
4149,1.0000000891336136010778545823995955288410e+00
4150,1.0000001327714915788646976579912006855011e+00
4151,1.0000001774830509226887897966662421822548e+00
4152,1.0000002192065577943935750226955860853195e+00
4153,1.0000002070797298081572535011218860745430e+00
4154,1.0000001653704873039174572113552130758762e+00
4155,1.0000001226761499051320924991159699857235e+00
4156,1.0000000831520685640185774900601245462894e+00
4157,1.0000000510567621514468328314251266419888e+00
4158,1.0000000300996456648050525473081506788731e+00
4159,1.0000000228138259394938813784392550587654e+00
4160,1.0000000300995048885255300774588249623775e+00
4161,1.0000000510566000588852375585702247917652e+00
4162,1.0000000831521094202258836958208121359348e+00
4163,1.0000001226759305250624265681835822761059e+00
4164,1.0000001653706604987092987357755191624165e+00
4165,1.0000002070797286979342288759653456509113e+00
4166,1.0000002006563244449921512568835169076920e+00
4167,1.0000001611703976944767191525897942483425e+00
4168,1.0000001226760122374770389797049574553967e+00
4169,1.0000000891335774078072518022963777184486e+00
4170,1.0000000642847759468878621191834099590778e+00
4171,1.0000000510562809807879602885805070400238e+00
4172,1.0000000510563706868083500012289732694626e+00
4173,1.0000000642847195475582111612311564385891e+00
4174,1.0000000891335576458374134745099581778049e+00
4175,1.0000001226759382966235989442793652415276e+00
4176,1.0000001611703424053700928197940811514854e+00
4177,1.0000002006562793699373514755279757082462e+00
4178,1.0000002006565122947279178333701565861702e+00
4179,1.0000001653707204507526284942287020385265e+00
4180,1.0000001327713330390167811856372281908989e+00
4181,1.0000001063545873591920098988339304924011e+00
4182,1.0000000891335452113395376727567054331303e+00
4183,1.0000000831520046151723590810433961451054e+00
4184,1.0000000891335178998531318939058110117912e+00
4185,1.0000001063544303736563279016991145908833e+00
4186,1.0000001327714518328804160773870535194874e+00
4187,1.0000001653707681903426873759599402546883e+00
4188,1.0000002006565482659539156884420663118362e+00
4189,1.0000002070798779119087384970043785870075e+00
4190,1.0000001774827236289411303005181252956390e+00
4191,1.0000001517693994923519085205043666064739e+00
4192,1.0000001327713636811722608399577438831329e+00
4193,1.0000001226761305872514640213921666145325e+00
4194,1.0000001226760106831648045044858008623123e+00
4195,1.0000001327713385901319043114199303090572e+00
4196,1.0000001517696175401539449012489058077335e+00
4197,1.0000001774827449452232031035237014293671e+00
4198,1.0000002070797278097558091758401133120060e+00
4199,1.0000002192065564621259454725077375769615e+00
4200,1.0000001961196307576074104872532188892365e+00
4201,1.0000001774828581879717148694908246397972e+00
4202,1.0000001653705714588227237982209771871567e+00
4203,1.0000001611704809612035660393303260207176e+00
4204,1.0000001653706018789335985275101847946644e+00
4205,1.0000001774828013445528540614759549498558e+00
4206,1.0000001961197237942968740753713063895702e+00
4207,1.0000002192065617911964636732591316103935e+00
4208,1.0000002356962689464836557817761786282063e+00
4209,1.0000002192066457240571253350935876369476e+00
4210,1.0000002070798099662596314374241046607494e+00
4211,1.0000002006564663314946983518893830478191e+00
4212,1.0000002006563279977058300573844462633133e+00
4213,1.0000002070797489039932770538143813610077e+00
4214,1.0000002192064783024250118614872917532921e+00
4215,1.0000002356964099448077831766568124294281e+00
4216,1.0000002547731399182850964280078187584877e+00
4217,1.0000002442886688491796576272463425993919e+00
4218,1.0000002375118122177610757717047818005085e+00
4219,1.0000002351687504731359013021574355661869e+00
4220,1.0000002375116194830440008445293642580509e+00
4221,1.0000002442889037723716683103702962398529e+00
4222,1.0000002547732262936364122651866637170315e+00
4223,1.0000002744611906635441300750244408845901e+00
4224,1.0000002688684375140582005769829265773296e+00
4225,1.0000002659252926751065615462721325457096e+00
4226,1.0000002659253171000131032997160218656063e+00
4227,1.0000002688685687424197112704860046505928e+00
4228,1.0000002744612999094897531904280185699463e+00
4229,1.0000002928339271068836069389362819492817e+00
4230,1.0000002907165170817904709110734984278679e+00
4231,1.0000002899911448750458475842606276273727e+00
4232,1.0000002907164735610479056049371138215065e+00
4233,1.0000002928340101515658489006455056369305e+00
4234,1.0000003082307984403342970836092717945576e+00
4235,1.0000003080990298442998209793586283922195e+00
4236,1.0000003080989741111039847965002991259098e+00
4237,1.0000003082309627533419416067772544920444e+00
4238,1.0000003194156399377590105359558947384357e+00
4239,1.0000003199030287337478739573271013796329e+00
4240,1.0000003194155289154565480203018523752689e+00
4241,1.0000003256522416172913381160469725728035e+00
4242,1.0000003256521052819039141468238085508347e+00
4243,1.0000003267037691490060069554601795971394e+00
4244,1.0000003267040373788887563932803459465504e+00
4245,1.0000003256518166239175116061232984066010e+00
4246,1.0000003194156823482785512169357389211655e+00
4247,1.0000003082309216750900304759852588176727e+00
4248,1.0000002928340057106737504000193439424038e+00
4249,1.0000002744611855565182167993043549358845e+00
4250,1.0000002547729980317825493330019526183605e+00
4251,1.0000002356963826333213773978059180080891e+00
4252,1.0000002192065648998209326236974447965622e+00
4253,1.0000002070798392761474815415567718446255e+00
4254,1.0000002006564299161794906467548571527004e+00
4255,1.0000002006561798939543450615019537508488e+00
4256,1.0000002070799043352167245757300406694412e+00
4257,1.0000002192065546857691060722572728991508e+00
4258,1.0000002356962292004993742011720314621925e+00
4259,1.0000002547730242330459304866963066160679e+00
4260,1.0000002744613212257718259934335947036743e+00
4261,1.0000002928337514696011112391715869307518e+00
4262,1.0000003082309874002930882852524518966675e+00
4263,1.0000003194156876773490694176871329545975e+00
4264,1.0000003256524230277335618666256777942181e+00
4265,1.0000003267038044540981900354381650686264e+00
4266,1.0000003256519176542127524953684769570827e+00
4267,1.0000003199032170275728503838763572275639e+00
4268,1.0000003080989703363457010709680616855621e+00
4269,1.0000002907163614285224184641265310347080e+00
4270,1.0000002688683684581860688922461122274399e+00
4271,1.0000002442886268827493267963291145861149e+00
4272,1.0000002192064205708277313533471897244453e+00
4273,1.0000001961195996713627209828700870275497e+00
4274,1.0000001774827309564130928265512920916080e+00
4275,1.0000001653703376458537377402535639703274e+00
4276,1.0000001611704862902740842400817200541496e+00
4277,1.0000001653704844173375931859482079744339e+00
4278,1.0000001774828208844780874642310664057732e+00
4279,1.0000001961197537703185389545978978276253e+00
4280,1.0000002192065657879993523238226771354675e+00
4281,1.0000002442885247422310612819273956120014e+00
4282,1.0000002688685378782196266911341808736324e+00
4283,1.0000002907166605226052524812985211610794e+00
4284,1.0000003080991701764901335991453379392624e+00
4285,1.0000003199034159795388632119284011423588e+00
4286,1.0000003256520815231311871684738434851170e+00
4287,1.0000003194156825703231561419670470058918e+00
4288,1.0000003080991199944094205420697107911110e+00
4289,1.0000002899912114884273250936530530452728e+00
4290,1.0000002659253546255513356300070881843567e+00
4291,1.0000002375117917896574226688244380056858e+00
4292,1.0000002070798732489720350713469088077545e+00
4293,1.0000001774828191081212480639806017279625e+00
4294,1.0000001517694994124241247845930047333241e+00
4295,1.0000001327716219190477886513690464198589e+00
4296,1.0000001226761758843508687277790158987045e+00
4297,1.0000001226759511752106845960952341556549e+00
4298,1.0000001327715355436964728141902014613152e+00
4299,1.0000001517695717989653303447994403541088e+00
4300,1.0000001774830253875592234180658124387264e+00
4301,1.0000002070800084741364344154135324060917e+00
4302,1.0000002375117664765724612152553163468838e+00
4303,1.0000002659253921510895679602981545031071e+00
4304,1.0000002899909841147518818615935742855072e+00
4305,1.0000003080990087500623531013843603432178e+00
4306,1.0000003194156881214382792677497491240501e+00
4307,1.0000003082310253699205304656061343848705e+00
4308,1.0000002907162448551048328226897865533829e+00
4309,1.0000002659253111048087703238707035779953e+00
4310,1.0000002351691099633512749278452247381210e+00
4311,1.0000002006562869194539189265924505889416e+00
4312,1.0000001653705110626901841897051781415939e+00
4313,1.0000001327713956555953700444661080837250e+00
4314,1.0000001063546231083734028288745321333408e+00
4315,1.0000000891336697783629006153205409646034e+00
4316,1.0000000831519035848771181917982175946236e+00
4317,1.0000000891334981378832935661193914711475e+00
4318,1.0000001063546026802697497259941883385181e+00
4319,1.0000001327713343712844107358250766992569e+00
4320,1.0000001653706169779667334296391345560551e+00
4321,1.0000002006563959433549371169647201895714e+00
4322,1.0000002351689407653623220539884641766548e+00
4323,1.0000002659253734993427542576682753860950e+00
4324,1.0000002907162204301982910692458972334862e+00
4325,1.0000003082308261959099127125227823853493e+00
4326,1.0000002928338964647281272846157662570477e+00
4327,1.0000002688684024310106224220362491905689e+00
4328,1.0000002375117833519624355176347307860851e+00
4329,1.0000002006562336287487369190785102546215e+00
4330,1.0000001611703890347371270763687789440155e+00
4331,1.0000001226759793748755100750713609158993e+00
4332,1.0000000891335873998144734287052415311337e+00
4333,1.0000000642849287135760505407233722507954e+00
4334,1.0000000510566535716350244911154732108116e+00
4335,1.0000000510566275924162482624524272978306e+00
4336,1.0000000642848818621644113591173663735390e+00
4337,1.0000000891335909525281522292061708867550e+00
4338,1.0000001226762975647943676449358463287354e+00
4339,1.0000001611704081305731506290612742304802e+00
4340,1.0000002006564283618672561715357005596161e+00
4341,1.0000002375118046682445083206403069198132e+00
4342,1.0000002688686171481435849273111671209335e+00
4343,1.0000002928338596053237097294186241924763e+00
4344,1.0000002744611866667412414244608953595161e+00
4345,1.0000002442887534481741340641747228801250e+00
4346,1.0000002070799154374469708272954449057579e+00
4347,1.0000001653706762638762484129983931779861e+00
4348,1.0000001226760546479965796606848016381264e+00
4349,1.0000000831521953514879896829370409250259e+00
4350,1.0000000510565454359124260008684359490871e+00
4351,1.0000000300996307878165225702105090022087e+00
4352,1.0000000228139782620928599499166011810303e+00
4353,1.0000000300994862367787163748289458453655e+00
4354,1.0000000510566700029357889434322714805603e+00
4355,1.0000000831518844890410946391057223081589e+00
4356,1.0000001226759409611588580446550622582436e+00
4357,1.0000001653705961057738704766961745917797e+00
4358,1.0000002070799343112383894549566321074963e+00
4359,1.0000002442887800935267250679316930472851e+00
4360,1.0000002744613756267000326261040754616261e+00
4361,1.0000002547729904822659818819374777376652e+00
4362,1.0000002192063615069628212950192391872406e+00
4363,1.0000001774828024547758786866324953734875e+00
4364,1.0000001327714784782330070811440236866474e+00
4365,1.0000000891334721586645173374563455581665e+00
4366,1.0000000510565032474374902449198998510838e+00
4367,1.0000000228139140912020366158685646951199e+00
4368,1.0000000077662847264292622639914043247700e+00
4369,1.0000000077663402375804935218184255063534e+00
4370,1.0000000228138512525788428320083767175674e+00
4371,1.0000000510565010269914409946068190038204e+00
4372,1.0000000891336009445353738556150346994400e+00
4373,1.0000001327715091203884867354645393788815e+00
4374,1.0000001774828584100163197945221327245235e+00
4375,1.0000002192064556538753095082938671112061e+00
4376,1.0000002547730881818921488957130350172520e+00
4377,1.0000002356963046956650487118167802691460e+00
4378,1.0000001961195488231481931507005356252193e+00
4379,1.0000001517695844555078110715840011835098e+00
4380,1.0000001063545376212005066918209195137024e+00
4381,1.0000000642849964371805526752723380923271e+00
4382,1.0000000300995828261818587634479627013206e+00
4383,1.0000000077661943542750577762490138411522e+00
4384,9.9999999999990529797599947414710186421871e-01
4385,1.0000000077663273589934078700025565922260e+00
4386,1.0000000300995590674091317850979976356030e+00
4387,1.0000000642846542664443632020265795290470e+00
4388,1.0000001063546410939864017564104869961739e+00
4389,1.0000001517695940034258228479302488267422e+00
4390,1.0000001961196900435169254706124775111675e+00
4391,1.0000002356964414751416825311025604605675e+00
4392,1.0000002192064429973328287815093062818050e+00
4393,1.0000001774829181400150446279440075159073e+00
4394,1.0000001327713887722126173684955574572086e+00
4395,1.0000000891337619268739445033133961260319e+00
4396,1.0000000510565905109672257822239771485329e+00
4397,1.0000000228137830848851308473967947065830e+00
4398,1.0000000077662867248307065892731770873070e+00
4399,1.0000000077663180331200010186876170337200e+00
4400,1.0000000228140066838022903539240360260010e+00
4401,1.0000000510566824374336647451855242252350e+00
4402,1.0000000891334190900039402549737133085728e+00
4403,1.0000001327713852194989385679946281015873e+00
4404,1.0000001774827538270074001047760248184204e+00
4405,1.0000002192066386186297677340917289257050e+00
4406,1.0000002070799471898254751067725010216236e+00
4407,1.0000001653704779780440503600402735173702e+00
4408,1.0000001226761465744630186236463487148285e+00
4409,1.0000000831520561295207016883068718016148e+00
4410,1.0000000510565456579570309258997440338135e+00
4411,1.0000000300996696456223844506894238293171e+00
4412,1.0000000228137504443282068677945062518120e+00
4413,1.0000000300994695834333469974808394908905e+00
4414,1.0000000510567499389935619547031819820404e+00
4415,1.0000000831521176358762659219792112708092e+00
4416,1.0000001226760022454698173532960936427116e+00
4417,1.0000001653703778359272291709203273057938e+00
4418,1.0000002070799083320196132262935861945152e+00
4419,1.0000002006563917245074435413698665797710e+00
4420,1.0000001611705482407188583238166756927967e+00
4421,1.0000001226758405969974319305038079619408e+00
4422,1.0000000891336724428981597156962379813194e+00
4423,1.0000000642849533605271972191985696554184e+00
4424,1.0000000510566560141256786664598621428013e+00
4425,1.0000000510567150779905887247878126800060e+00
4426,1.0000000642846336162961051741149276494980e+00
4427,1.0000000891334162034240762295667082071304e+00
4428,1.0000001226759542838351535465335473418236e+00
4429,1.0000001611704896209431581155513413250446e+00
4430,1.0000002006562491718710816712700761854649e+00
4431,1.0000002006564636669594392515136860311031e+00
4432,1.0000001653707106807900117928511463105679e+00
4433,1.0000001327716121490851719499914906919003e+00
4434,1.0000001063546668511605730600422248244286e+00
4435,1.0000000891335190100761565190623514354229e+00
4436,1.0000000831521820288116941810585558414459e+00
4437,1.0000000891337392783242421501199714839458e+00
4438,1.0000001063547434565492721958435140550137e+00
4439,1.0000001327715448695698796655051410198212e+00
4440,1.0000001653706096504947709036059677600861e+00
4441,1.0000002006563637468872229874250479042530e+00
4442,1.0000002070797375797184258772176690399647e+00
4443,1.0000001774828404244033208669861778616905e+00
4444,1.0000001517695427111220851656980812549591e+00
4445,1.0000001327713647913952854651142843067646e+00
4446,1.0000001226759984707115336277638562023640e+00
4447,1.0000001226761323636083034216426312923431e+00
4448,1.0000001327716969701242533119511790573597e+00
4449,1.0000001517694476760311772522982209920883e+00
4450,1.0000001774828168876751988136675208806992e+00
4451,1.0000002070798235109805318643338978290558e+00
4452,1.0000002192064265660320643291925080120564e+00
4453,1.0000001961195270627769104976323433220387e+00
4454,1.0000001774827509404275360793690197169781e+00
4455,1.0000001653704924109433704870752990245819e+00
4456,1.0000001611705691129117212767596356570721e+00
4457,1.0000001653706496185236574092414230108261e+00
4458,1.0000001774828877199041698986547999083996e+00
4459,1.0000001961197180211371460245572961866856e+00
4460,1.0000002192066752559895803642575629055500e+00
4461,1.0000002356963386684896022416069172322750e+00
4462,1.0000002192066352879606938586221076548100e+00
4463,1.0000002070798532649575918185291811823845e+00
4464,1.0000002006563140088957197804120369255543e+00
4465,1.0000002006563364354008172085741534829140e+00
4466,1.0000002070798366116122224411810748279095e+00
4467,1.0000002192064811890048758868942968547344e+00
4468,1.0000002356961972260762649966636672616005e+00
4469,1.0000002547731621227455889311386272311211e+00
4470,1.0000002442885829179175516401301138103008e+00
4471,1.0000002375115957242712738661793991923332e+00
4472,1.0000002351689452062544205546146258711815e+00
4473,1.0000002375118068886905575709533877670765e+00
4474,1.0000002442884610154294477979419752955437e+00
4475,1.0000002547730877378029390456504188477993e+00
4476,1.0000002744612768168508409871719777584076e+00
4477,1.0000002688684688223474950063973665237427e+00
4478,1.0000002659254063619442831623018719255924e+00
4479,1.0000002659250846193117467919364571571350e+00
4480,1.0000002688684623830539521804894320666790e+00
4481,1.0000002744613147864782831675256602466106e+00
4482,1.0000002928340649965832653833786025643349e+00
4483,1.0000002907163860754735651426017284393311e+00
4484,1.0000002899908908560178133484441787004471e+00
4485,1.0000002907164093901570822708890773355961e+00
4486,1.0000002928338762586690791067667305469513e+00
4487,1.0000003082309618651635219066520221531391e+00
4488,1.0000003080989137149714451879845000803471e+00
4489,1.0000003080990147452666860772296786308289e+00
4490,1.0000003082309303348296225522062741219997e+00
4491,1.0000003194156783514756625663721933960915e+00
4492,1.0000003199032365674980837866314686834812e+00
4493,1.0000003194158519903567139408551156520844e+00
4494,1.0000003256520706429455458419397473335266e+00
4495,1.0000003256520821892650019435677677392960e+00
4496,1.0000003267038484189299651916371658444405e+00
4497,1.0000003267037549381512917534564621746540e+00
4498,1.0000003256520391126116464874939993023872e+00
4499,1.0000003194155935304365812044125050306320e+00
4500,1.0000003082309629753865465318085625767708e+00
4501,1.0000002928339715158045919451978988945484e+00
4502,1.0000002744613754046554277010727673768997e+00
4503,1.0000002547730868496245193455251865088940e+00
4504,1.0000002356962782723570626330911181867123e+00
4505,1.0000002192063848216463384233065880835056e+00
4506,1.0000002070796885078607374452985823154449e+00
4507,1.0000002006562900280783878770307637751102e+00
4508,1.0000002006563377676684467587620019912720e+00
4509,1.0000002070798037490106935365474782884121e+00
4510,1.0000002192065708950252655995427630841732e+00
4511,1.0000002356961108507249491594848223030567e+00
4512,1.0000002547731574598088855054811574518681e+00
4513,1.0000002744611657945483784715179353952408e+00
4514,1.0000002928340052665845405499567277729511e+00
4515,1.0000003082306592183670090889791026711464e+00
4516,1.0000003194158786357093049446120858192444e+00
4517,1.0000003256518961158860747673315927386284e+00
4518,1.0000003267034864862239373906049877405167e+00
4519,1.0000003256518268379693381575634703040123e+00
4520,1.0000003199030507161637615354266017675400e+00
4521,1.0000003080989838810666014978778548538685e+00
4522,1.0000002907165710386294676936813630163670e+00
4523,1.0000002688685754037578590214252471923828e+00
4524,1.0000002442886231079910430707968771457672e+00
4525,1.0000002192066401729420022093108855187893e+00
4526,1.0000001961193747401779319261549971997738e+00
4527,1.0000001774828286560392598403268493711948e+00
4528,1.0000001653705918869263769011013209819794e+00
4529,1.0000001611704918413892073658644221723080e+00
4530,1.0000001653705206106081959660514257848263e+00
4531,1.0000001774828533029904065188020467758179e+00
4532,1.0000001961196616218074950666050426661968e+00
4533,1.0000002192065797768094626007950864732265e+00
4534,1.0000002442887723219655526918359100818634e+00
4535,1.0000002688685118990008504624711349606514e+00
4536,1.0000002907165437271430619148304685950279e+00
4537,1.0000003080989785519960832971264608204365e+00
4538,1.0000003199033236089832143989042378962040e+00
4539,1.0000003256521738936868359814980067312717e+00
4540,1.0000003194154754027067610877566039562225e+00
4541,1.0000003080991899384599719269317574799061e+00
4542,1.0000002899909041786941088503226637840271e+00
4543,1.0000002659251898684544812567764893174171e+00
4544,1.0000002375116365804785800719400867819786e+00
4545,1.0000002070797995301631999609526246786118e+00
4546,1.0000001774829332390481795300729572772980e+00
4547,1.0000001517694179220541172981029376387596e+00
4548,1.0000001327715262178230659628752619028091e+00
4549,1.0000001226760255601533344815834425389767e+00
4550,1.0000001226759194228321803166181780397892e+00
4551,1.0000001327712868537389567791251465678215e+00
4552,1.0000001517696519570677082811016589403152e+00
4553,1.0000001774827911305010275100357830524445e+00
4554,1.0000002070798497122439130180282518267632e+00
4555,1.0000002375115757402568306133616715669632e+00
4556,1.0000002659252458236949223646661266684532e+00
4557,1.0000002899911801801380306642386130988598e+00
4558,1.0000003080990285120321914291707798838615e+00
4559,1.0000003194157447428125351507333107292652e+00
4560,1.0000003082309523172455101303057745099068e+00
4561,1.0000002907164406984463767003035172820091e+00
4562,1.0000002659252826830993399198632687330246e+00
4563,1.0000002351688919155492385471006855368614e+00
4564,1.0000002006562964673719307029386982321739e+00
4565,1.0000001653705541393435396457789465785027e+00
4566,1.0000001327714043153349621206871233880520e+00
4567,1.0000001063545520540998268188559450209141e+00
4568,1.0000000891334328567694456069148145616055e+00
4569,1.0000000831520790001150089665316045284271e+00
4570,1.0000000891336315866908535099355503916740e+00
4571,1.0000001063546344326482540054712444543839e+00
4572,1.0000001327713547993880638387054204940796e+00
4573,1.0000001653705377080427751934621483087540e+00
4574,1.0000002006564714385206116276094689965248e+00
4575,1.0000002351687151680437182221794500946999e+00
4576,1.0000002659252356096430958132259547710419e+00
4577,1.0000002907166130050597985245985910296440e+00
4578,1.0000003082307813428997178561985492706299e+00
4579,1.0000002928339726260276165703544393181801e+00
4580,1.0000002688685485363606630926369689404964e+00
4581,1.0000002375119223518851185872335918247700e+00
4582,1.0000002006562029865932572647579945623875e+00
4583,1.0000001611705959803089172055479139089584e+00
4584,1.0000001226759651640207948730676434934139e+00
4585,1.0000000891335241171020697947824373841286e+00
4586,1.0000000642848061449541319234413094818592e+00
4587,1.0000000510567370604064763028873130679131e+00
4588,1.0000000510566440237170127147692255675793e+00
4589,1.0000000642848596577039188559865579009056e+00
4590,1.0000000891334641650587400363292545080185e+00
4591,1.0000001226760706352081342629389837384224e+00
4592,1.0000001611705418014253154979087412357330e+00
4593,1.0000002006562187517602069419808685779572e+00
4594,1.0000002375115617514467203363892622292042e+00
4595,1.0000002688682465556979650500579737126827e+00
4596,1.0000002928342257568772311060456559062004e+00
4597,1.0000002744613458727229726719087921082973e+00
4598,1.0000002442887332421150858863256871700287e+00
4599,1.0000002070797209263730564998695626854897e+00
4600,1.0000001653706609427985085858381353318691e+00
4601,1.0000001226759795969201150001026690006256e+00
4602,1.0000000831518811583720207636361010372639e+00
4603,1.0000000510565603129009559779660776257515e+00
4604,1.0000000300995015578564562019892036914825e+00
4605,1.0000000228138472557759541814448311924934e+00
4606,1.0000000300995532942494037342839874327183e+00
4607,1.0000000510565827394060534061281941831112e+00
4608,1.0000000831519855193363355283509008586407e+00
4609,1.0000001226760313333130625323974527418613e+00
4610,1.0000001653705188342513565658009611070156e+00
4611,1.0000002070799236530973530534538440406322e+00
4612,1.0000002442887188092157657592906616628170e+00
4613,1.0000002744614395755462510351208038628101e+00
4614,1.0000002547731829949384518840815871953964e+00
4615,1.0000002192065478023863533962867222726345e+00
4616,1.0000001774828592981947394946473650634289e+00
4617,1.0000001327716101506837276247097179293633e+00
4618,1.0000000891333351571432785931392572820187e+00
4619,1.0000000510566147138291626106365583837032e+00
4620,1.0000000228139138691574316908372566103935e+00
4621,1.0000000077661792552419228741200640797615e+00
4622,1.0000000077663655506654549753875471651554e+00
4623,1.0000000228138139490852154267486184835434e+00
4624,1.0000000510566735556494677439332008361816e+00
4625,1.0000000891334956953926393907750025391579e+00
4626,1.0000001327714367338472811752581037580967e+00
4627,1.0000001774827993461514097361941821873188e+00
4628,1.0000002192065329253978234191890805959702e+00
4629,1.0000002547731110524864561739377677440643e+00
4630,1.0000002356962696126174705568701028823853e+00
4631,1.0000001961194873167926289170281961560249e+00
4632,1.0000001517695982222733164235251024365425e+00
4633,1.0000001063545260748810505901928991079330e+00
4634,1.0000000642849133924983107135631144046783e+00
4635,1.0000000300995199875586649795877747237682e+00
4636,1.0000000077662281050550063810078427195549e+00
4637,1.0000000000001183497744250416872091591358e+00
4638,1.0000000077665143205507547463639639317989e+00
4639,1.0000000300994378310548427180037833750248e+00
4640,1.0000000642847446385985676897689700126648e+00
4641,1.0000001063544801116478311087121255695820e+00
4642,1.0000001517696466279971900803502649068832e+00
4643,1.0000001961195517097280571761075407266617e+00
4644,1.0000002356964388106064234307268634438515e+00
4645,1.0000002192065515771446371218189597129822e+00
4646,1.0000001774828193301658529890119098126888e+00
4647,1.0000001327715548615771012919140048325062e+00
4648,1.0000000891334499542040248343255370855331e+00
4649,1.0000000510565651978822643286548554897308e+00
4650,1.0000000228139178659603203414008021354675e+00
4651,1.0000000077662918318566198649932630360126e+00
4652,1.0000000077663615538625663248240016400814e+00
4653,1.0000000228139136471128267658059485256672e+00
4654,1.0000000510567361722280566027620807290077e+00
4655,1.0000000891337443853501554258400574326515e+00
4656,1.0000001327713670118413347154273651540279e+00
4657,1.0000001774827478318030671289307065308094e+00
4658,1.0000002192066541617521124862832948565483e+00
4659,1.0000002070799240971865629035164602100849e+00
4660,1.0000001653705594684140578465303406119347e+00
4661,1.0000001226761481287752530988655053079128e+00
4662,1.0000000831519846311579158282256685197353e+00
4663,1.0000000510565645317484495535609312355518e+00
4664,1.0000000300996081392668202170170843601227e+00
4665,1.0000000228137426727670344916987232863903e+00
4666,1.0000000300994984492319872515508905053139e+00
4667,1.0000000510564548417136165880947373807430e+00
4668,1.0000000831519815225334468777873553335667e+00
4669,1.0000001226760486527922466848394833505154e+00
4670,1.0000001653704557735835578569094650447369e+00
4671,1.0000002070798210684898776889895088970661e+00
4672,1.0000002006563477596756683851708658039570e+00
4673,1.0000001611703976944767191525897942483425e+00
4674,1.0000001226758461481125550562865100800991e+00
4675,1.0000000891334290820111618813825771212578e+00
4676,1.0000000642850406240569327565026469528675e+00
4677,1.0000000510566957601099602470640093088150e+00
4678,1.0000000510566213751673103615758009254932e+00
4679,1.0000000642848865251011147847748361527920e+00
4680,1.0000000891336466857239884120645001530647e+00
4681,1.0000001226759940298194351271376945078373e+00
4682,1.0000001611707198811984653730178251862526e+00
4683,1.0000002006562873635431287766550667583942e+00
4684,1.0000002006563919465520484664011746644974e+00
4685,1.0000001653704091442165236003347672522068e+00
4686,1.0000001327716321330996152028092183172703e+00
4687,1.0000001063547188095981255173683166503906e+00
4688,1.0000000891336267017095451592467725276947e+00
4689,1.0000000831520976518618226691614836454391e+00
4690,1.0000000891336240371742860588710755109787e+00
4691,1.0000001063546835045059424373903311789036e+00
4692,1.0000001327714871379725991573650389909744e+00
4693,1.0000001653707151216821102934773080050945e+00
4694,1.0000002006564547851752422502613626420498e+00
4695,1.0000002070796631947757759917294606566429e+00
4696,1.0000001774827511624721410044003278017044e+00
4697,1.0000001517696068820129084997461177408695e+00
4698,1.0000001327714369558918861002894118428230e+00
4699,1.0000001226761017214528237673221156001091e+00
4700,1.0000001226760044659158666036091744899750e+00
4701,1.0000001327714607146646130786393769085407e+00
4702,1.0000001517693963837274395700660534203053e+00
4703,1.0000001774828433109831848923931829631329e+00
4704,1.0000002070798104103488412874867208302021e+00
4705,1.0000002192067933837194004809134639799595e+00
4706,1.0000001961196700595024822177947498857975e+00
4707,1.0000001774827638190146217311848886311054e+00
4708,1.0000001653705075099765053892042487859726e+00
4709,1.0000001611705713333577705270727165043354e+00
4710,1.0000001653704950754786295874509960412979e+00
4711,1.0000001774827964595715457107871770858765e+00
4712,1.0000001961195261745984907975071109831333e+00
4713,1.0000002192066423933880514596239663660526e+00
4714,1.0000002356963759719832296468666754662991e+00
4715,1.0000002192065513551000321967876516282558e+00
4716,1.0000002070799032249936999505735002458096e+00
4717,1.0000002006564485679263043493847362697124e+00
4718,1.0000002006563708523145805884269066154957e+00
4719,1.0000002070800551035034686719882301986217e+00
4720,1.0000002192067072304126895687659271061420e+00
4721,1.0000002356962744975987789075588807463646e+00
4722,1.0000002547730522106661510406411252915859e+00
4723,1.0000002442884889930496683518867939710617e+00
4724,1.0000002375117802433379665671964175999165e+00
4725,1.0000002351689183388572246258263476192951e+00
4726,1.0000002375115637498481646616710349917412e+00
4727,1.0000002442886353204443139475188218057156e+00
4728,1.0000002547729951452026853075949475169182e+00
4729,1.0000002744614697736125208393787033855915e+00
4730,1.0000002688683751195242166431853547692299e+00
4731,1.0000002659255009529459812256391160190105e+00
4732,1.0000002659252005265955176582792773842812e+00
4733,1.0000002688684463958423975782352499663830e+00
4734,1.0000002744614062688555122804245911538601e+00
4735,1.0000002928340530061745994316879659891129e+00
4736,1.0000002907162415244357589472201652824879e+00
4737,1.0000002899911284437450831319438293576241e+00
4738,1.0000002907164726728694859048118814826012e+00
4739,1.0000002928339677410463082196656614542007e+00
4740,1.0000003082308421831214673147769644856453e+00
4741,1.0000003080989365855657524662092328071594e+00
4742,1.0000003080990786941129044862464070320129e+00
4743,1.0000003082308681623402435434400103986263e+00
4744,1.0000003194157309760470297987922094762325e+00
4745,1.0000003199033733469747176059172488749027e+00
4746,1.0000003194154980512564634409500285983086e+00
4747,1.0000003256520113570360308585804887115955e+00
4748,1.0000003256523142258771486012847162783146e+00
4749,1.0000003267036317033955583610804751515388e+00
4750,1.0000003267038146681500165868783369660378e+00
4751,1.0000003256521770023113049319363199174404e+00
4752,1.0000003194154583052721818603458814322948e+00
4753,1.0000003082309549817807692306814715266228e+00
4754,1.0000002928338600494129195794812403619289e+00
4755,1.0000002744612384031341889567556791007519e+00
4756,1.0000002547731896562765996350208297371864e+00
4757,1.0000002356964754479662360608926974236965e+00
4758,1.0000002192065315931301938690012320876122e+00
4759,1.0000002070799627329478198589640669524670e+00
4760,1.0000002006563346590439778083236888051033e+00
4761,1.0000002006562893619445731019368395209312e+00
4762,1.0000002070798887920943798235384747385979e+00
4763,1.0000002192064569861429390584817156195641e+00
4764,1.0000002356962509608706568542402237653732e+00
4765,1.0000002547730610924503480418934486806393e+00
4766,1.0000002744613096794523698918055742979050e+00
4767,1.0000002928339246643929527635918930172920e+00
4768,1.0000003082307236113024373480584472417831e+00
4769,1.0000003194156923402857728433446027338505e+00
4770,1.0000003256521359240593938011443242430687e+00
4771,1.0000003267033956699805230527999810874462e+00
4772,1.0000003256520415551023006628383882343769e+00
4773,1.0000003199033251632954488741233944892883e+00
4774,1.0000003080989823267543670226586982607841e+00
4775,1.0000002907164029508635394449811428785324e+00
4776,1.0000002688684579421618536798632703721523e+00
4777,1.0000002442884019515645377396140247583389e+00
4778,1.0000002192066632655809144125669263303280e+00
4779,1.0000001961196236521800528862513601779938e+00
4780,1.0000001774829845313519172123051248490810e+00
4781,1.0000001653706749316086188628105446696281e+00
4782,1.0000001611706201831708540339604951441288e+00
4783,1.0000001653704810866685193104785867035389e+00
4784,1.0000001774826785538863305191625840961933e+00
4785,1.0000001961194129318499790315399877727032e+00
4786,1.0000002192065360340222923696273937821388e+00
4787,1.0000002442887678810734541912097483873367e+00
4788,1.0000002688685214469188622388173826038837e+00
4789,1.0000002907164040610865640701376833021641e+00
4790,1.0000003080990029769026250505703501403332e+00
4791,1.0000003199033806744466801319504156708717e+00
4792,1.0000003256522569383690779432072304189205e+00
4793,1.0000003194157061070512781952857039868832e+00
4794,1.0000003080989607884276892946218140423298e+00
4795,1.0000002899910238607361634421977214515209e+00
4796,1.0000002659252853476345990202389657497406e+00
4797,1.0000002375116827657564044784521684050560e+00
4798,1.0000002070797395781198702024994418025017e+00
4799,1.0000001774828040090881131618516519665718e+00
4800,1.0000001517693546393417136641801334917545e+00
4801,1.0000001327716572241399717313470318913460e+00
4802,1.0000001226760752981448376885964535176754e+00
4803,1.0000001226761352501881674470496363937855e+00
4804,1.0000001327714078680486409211880527436733e+00
4805,1.0000001517694707686700894555542618036270e+00
4806,1.0000001774828612965961838199291378259659e+00
4807,1.0000002070798312825417042404296807944775e+00
4808,1.0000002375116066044569151927134953439236e+00
4809,1.0000002659251820968933088806807063519955e+00
4810,1.0000002899909055109617384005105122923851e+00
4811,1.0000003080989601222938745195278897881508e+00
4812,1.0000003194156923402857728433446027338505e+00
4813,1.0000003082307342694434737495612353086472e+00
4814,1.0000002907165630450236903925542719662189e+00
4815,1.0000002659255184944697703031124547123909e+00
4816,1.0000002351688874746571400464745238423347e+00
4817,1.0000002006564179257708246950642205774784e+00
4818,1.0000001653704855275606178111047483980656e+00
4819,1.0000001327715855037325809462345205247402e+00
4820,1.0000001063546588575547957589151337742805e+00
4821,1.0000000891336844333068256673868745565414e+00
4822,1.0000000831519983979234211801667697727680e+00
4823,1.0000000891335889541267079039243981242180e+00
4824,1.0000001063543757506835163439973257482052e+00
4825,1.0000001327714771459653775309561751782894e+00
4826,1.0000001653706189763681777549209073185921e+00
4827,1.0000002006561792278205302864080294966698e+00
4828,1.0000002351687398149948649006546474993229e+00
4829,1.0000002659252766878950069440179504454136e+00
4830,1.0000002907164089460678724208264611661434e+00
4831,1.0000003082310005009247788620996288955212e+00
4832,1.0000002928338980190403617598349228501320e+00
4833,1.0000002688683788942825003687175922095776e+00
4834,1.0000002375116807673549601531703956425190e+00
4835,1.0000002006561690137687037349678575992584e+00
4836,1.0000001611704432136207287840079516172409e+00
4837,1.0000001226761445760615742983645759522915e+00
4838,1.0000000891336930930464177436078898608685e+00
4839,1.0000000642848521081873514049220830202103e+00
4840,1.0000000510565778544247450554394163191319e+00
4841,1.0000000510565310030131058738334104418755e+00
4842,1.0000000642849404819401115673827007412910e+00
4843,1.0000000891334861474746276144287548959255e+00
4844,1.0000001226759638317531653228797949850559e+00
4845,1.0000001611704105730638048044056631624699e+00
4846,1.0000002006564403522759221232263371348381e+00
4847,1.0000002375118248743035564984893426299095e+00
4848,1.0000002688683546914205635403050109744072e+00
4849,1.0000002928339657426448638943838886916637e+00
4850,1.0000002744614437943937446107156574726105e+00
4851,1.0000002442884410314150045451242476701736e+00
4852,1.0000002070798508224669376431847922503948e+00
4853,1.0000001653705841153652045250055380165577e+00
4854,1.0000001226761277006715999959851615130901e+00
4855,1.0000000831520292621235057595185935497284e+00
4856,1.0000000510567146339013788747251965105534e+00
4857,1.0000000300995566249184776097536087036133e+00
4858,1.0000000228137579938447743188589811325073e+00
4859,1.0000000300995495194911200087517499923706e+00
4860,1.0000000510564266420487911091186106204987e+00
4861,1.0000000831520310384803451597690582275391e+00
4862,1.0000001226761132677722798689501360058784e+00
4863,1.0000001653703041171183940605260431766510e+00
4864,1.0000002070800537712358391218003816902637e+00
4865,1.0000002442883186848376908528734929859638e+00
4866,1.0000002744613847305288345523877069354057e+00
4867,1.0000002547730126867264743850682862102985e+00
4868,1.0000002192066104189649422551156021654606e+00
4869,1.0000001774828020106866688365698792040348e+00
4870,1.0000001327715404286777811648789793252945e+00
4871,1.0000000891335723007813385265762917697430e+00
4872,1.0000000510566240397025694619514979422092e+00
4873,1.0000000228137226887525912388809956610203e+00
4874,1.0000000077662860586968918141792528331280e+00
4875,1.0000000077664019659806626805220730602741e+00
4876,1.0000000228139400704208128445316106081009e+00
4877,1.0000000510567095268754655990051105618477e+00
4878,1.0000000891335178998531318939058110117912e+00
4879,1.0000001327714995724704749591182917356491e+00
4880,1.0000001774829252454424022289458662271500e+00
4881,1.0000002192067547479581435254658572375774e+00
4882,1.0000002547731952073917227608035318553448e+00
4883,1.0000002356965425054369234203477390110493e+00
4884,1.0000001961195843502849811557098291814327e+00
4885,1.0000001517696490704878442556946538388729e+00
4886,1.0000001063547006019405216648010537028313e+00
4887,1.0000000642847592935424927418353036046028e+00
4888,1.0000000300995930402336853148881345987320e+00
4889,1.0000000077662540842737826096708886325359e+00
4890,1.0000000000000452970994047063868492841721e+00
4891,1.0000000077665163189521990716457366943359e+00
4892,1.0000000300996421120913737468072213232517e+00
4893,1.0000000642848216880764766756328754127026e+00
4894,1.0000001063544785573355966334929689764977e+00
4895,1.0000001517693346553272704113624058663845e+00
4896,1.0000001961196951505428387463325634598732e+00
4897,1.0000002356963639815745636951760388910770e+00
4898,1.0000002192065606809734390481025911867619e+00
4899,1.0000001774826914324734161709784530103207e+00
4900,1.0000001327714778120991923060500994324684e+00
4901,1.0000000891333755692613749488373287022114e+00
4902,1.0000000510566633415976411924930289387703e+00
4903,1.0000000228138163915758696020930074155331e+00
4904,1.0000000077664945585809164185775443911552e+00
4905,1.0000000077662449804449806833872571587563e+00
4906,1.0000000228138148372636351268738508224487e+00
4907,1.0000000510567743639001037081470713019371e+00
4908,1.0000000891336136010778545823995955288410e+00
4909,1.0000001327714915788646976579912006855011e+00
4910,1.0000001774830509226887897966662421822548e+00
4911,1.0000002192065577943935750226955860853195e+00
4912,1.0000002070797298081572535011218860745430e+00
4913,1.0000001653704873039174572113552130758762e+00
4914,1.0000001226761499051320924991159699857235e+00
4915,1.0000000831520685640185774900601245462894e+00
4916,1.0000000510567621514468328314251266419888e+00
4917,1.0000000300996456648050525473081506788731e+00
4918,1.0000000228138259394938813784392550587654e+00
4919,1.0000000300995048885255300774588249623775e+00
4920,1.0000000510566000588852375585702247917652e+00
4921,1.0000000831521094202258836958208121359348e+00
4922,1.0000001226759305250624265681835822761059e+00
4923,1.0000001653706604987092987357755191624165e+00
4924,1.0000002070797286979342288759653456509113e+00
4925,1.0000002006563244449921512568835169076920e+00
4926,1.0000001611703976944767191525897942483425e+00
4927,1.0000001226760122374770389797049574553967e+00
4928,1.0000000891335774078072518022963777184486e+00
4929,1.0000000642847759468878621191834099590778e+00
4930,1.0000000510562809807879602885805070400238e+00
4931,1.0000000510563706868083500012289732694626e+00
4932,1.0000000642847195475582111612311564385891e+00
4933,1.0000000891335576458374134745099581778049e+00
4934,1.0000001226759382966235989442793652415276e+00
4935,1.0000001611703424053700928197940811514854e+00
4936,1.0000002006562793699373514755279757082462e+00
4937,1.0000002006565122947279178333701565861702e+00
4938,1.0000001653707204507526284942287020385265e+00
4939,1.0000001327713330390167811856372281908989e+00
4940,1.0000001063545873591920098988339304924011e+00
4941,1.0000000891335452113395376727567054331303e+00
4942,1.0000000831520046151723590810433961451054e+00
4943,1.0000000891335178998531318939058110117912e+00
4944,1.0000001063544303736563279016991145908833e+00
4945,1.0000001327714518328804160773870535194874e+00
4946,1.0000001653707681903426873759599402546883e+00
4947,1.0000002006565482659539156884420663118362e+00
4948,1.0000002070798779119087384970043785870075e+00
4949,1.0000001774827236289411303005181252956390e+00
4950,1.0000001517693994923519085205043666064739e+00
4951,1.0000001327713636811722608399577438831329e+00
4952,1.0000001226761305872514640213921666145325e+00
4953,1.0000001226760106831648045044858008623123e+00
4954,1.0000001327713385901319043114199303090572e+00
4955,1.0000001517696175401539449012489058077335e+00
4956,1.0000001774827449452232031035237014293671e+00
4957,1.0000002070797278097558091758401133120060e+00
4958,1.0000002192065564621259454725077375769615e+00
4959,1.0000001961196307576074104872532188892365e+00
4960,1.0000001774828581879717148694908246397972e+00
4961,1.0000001653705714588227237982209771871567e+00
4962,1.0000001611704809612035660393303260207176e+00
4963,1.0000001653706018789335985275101847946644e+00
4964,1.0000001774828013445528540614759549498558e+00
4965,1.0000001961197237942968740753713063895702e+00
4966,1.0000002192065617911964636732591316103935e+00
4967,1.0000002356962689464836557817761786282063e+00
4968,1.0000002192066457240571253350935876369476e+00
4969,1.0000002070798099662596314374241046607494e+00
4970,1.0000002006564663314946983518893830478191e+00
4971,1.0000002006563279977058300573844462633133e+00
4972,1.0000002070797489039932770538143813610077e+00
4973,1.0000002192064783024250118614872917532921e+00
4974,1.0000002356964099448077831766568124294281e+00
4975,1.0000002547731399182850964280078187584877e+00
4976,1.0000002442886688491796576272463425993919e+00
4977,1.0000002375118122177610757717047818005085e+00
4978,1.0000002351687504731359013021574355661869e+00
4979,1.0000002375116194830440008445293642580509e+00
4980,1.0000002442889037723716683103702962398529e+00
4981,1.0000002547732262936364122651866637170315e+00
4982,1.0000002744611906635441300750244408845901e+00
4983,1.0000002688684375140582005769829265773296e+00
4984,1.0000002659252926751065615462721325457096e+00
4985,1.0000002659253171000131032997160218656063e+00
4986,1.0000002688685687424197112704860046505928e+00
4987,1.0000002744612999094897531904280185699463e+00
4988,1.0000002928339271068836069389362819492817e+00
4989,1.0000002907165170817904709110734984278679e+00
4990,1.0000002899911448750458475842606276273727e+00
4991,1.0000002907164735610479056049371138215065e+00
4992,1.0000002928340101515658489006455056369305e+00
4993,1.0000003082307984403342970836092717945576e+00
4994,1.0000003080990298442998209793586283922195e+00
4995,1.0000003080989741111039847965002991259098e+00
4996,1.0000003082309627533419416067772544920444e+00
4997,1.0000003194156399377590105359558947384357e+00
4998,1.0000003199030287337478739573271013796329e+00
4999,1.0000003194155289154565480203018523752689e+00
5000,1.0000003256522416172913381160469725728035e+00
5001,1.0000003256521052819039141468238085508347e+00
5002,1.0000003267037074206058377967565320432186e+00
5003,1.0000003267034858200901226155110634863377e+00
5004,1.0000003256521736716422310564666986465454e+00
5005,1.0000003194156936725534023935324512422085e+00
5006,1.0000003082310413571320850678603164851665e+00
5007,1.0000002928340538943530191318131983280182e+00
5008,1.0000002744613936123130315536400303244591e+00
5009,1.0000002547730388879898555387626402080059e+00
5010,1.0000002356961816829539202444721013307571e+00
5011,1.0000002192064243455860150788794271647930e+00
5012,1.0000002070798001962970147360465489327908e+00
5013,1.0000002006563597500843343368615023791790e+00
5014,1.0000002006563433187835698845447041094303e+00
5015,1.0000002070799258735434023037669248878956e+00
5016,1.0000002192067347639437002726481296122074e+00
5017,1.0000002356961965599424502215697430074215e+00
5018,1.0000002547730504343093116403906606137753e+00
5019,1.0000002744613130101214437672751955688000e+00
5020,1.0000002928338043162170833966229110956192e+00
5021,1.0000003082309374402569801532081328332424e+00
5022,1.0000003194155628882811015500919893383980e+00
5023,1.0000003256519705008287246528198011219501e+00
5024,1.0000003267036883247698142440640367567539e+00
5025,1.0000003256522043137977107107872143387794e+00
5026,1.0000003199032203582419242593459784984589e+00
5027,1.0000003080990114145976122017600573599339e+00
5028,1.0000002907165905785547010964364744722843e+00
5029,1.0000002688683764517918461933732032775879e+00
5030,1.0000002442888584752722636039834469556808e+00
5031,1.0000002192064478823141371321980841457844e+00
5032,1.0000001961196376409901631632237695157528e+00
5033,1.0000001774827658174160660564666613936424e+00
5034,1.0000001653706387383380160827073268592358e+00
5035,1.0000001611703623893845360726118087768555e+00
5036,1.0000001653704553294943480068468488752842e+00
5037,1.0000001774829228029517480536014772951603e+00
5038,1.0000001961196840483125924947671592235565e+00
5039,1.0000002192066186346153244812740013003349e+00
5040,1.0000002442884403652811897700303234159946e+00
5041,1.0000002688686180363220046274363994598389e+00
5042,1.0000002907165503884812096657697111368179e+00
5043,1.0000003080990025328134152005077339708805e+00
5044,1.0000003199030209621867015812313184142113e+00
5045,1.0000003256516596383818296089884825050831e+00
5046,1.0000003194155469010695469478378072381020e+00
5047,1.0000003080992587722874986866372637450695e+00
5048,1.0000002899910414022599525196710601449013e+00
5049,1.0000002659253723891197296325117349624634e+00
5050,1.0000002375115828456841882143635302782059e+00
5051,1.0000002070798110764826560625806450843811e+00
5052,1.0000001774828546352580360689898952841759e+00
5053,1.0000001517695582542444299178896471858025e+00
5054,1.0000001327715914989369139220798388123512e+00
5055,1.0000001226761217054672670201398432254791e+00
5056,1.0000001226760713013419490380329079926014e+00
5057,1.0000001327714207466357265730039216578007e+00
5058,1.0000001517695693564746761694550514221191e+00
5059,1.0000001774827982359283851110376417636871e+00
5060,1.0000002070798357234338027410558424890041e+00
5061,1.0000002375117380548630308112478815019131e+00
5062,1.0000002659252509307208356403862126171589e+00
5063,1.0000002899910114262382876404444687068462e+00
5064,1.0000003080990278458983766540768556296825e+00
5065,1.0000003194155919761243467291933484375477e+00
5066,1.0000003082310049418168773627257905900478e+00
5067,1.0000002907164871057688060318469069898129e+00
5068,1.0000002659253341974476825271267443895340e+00
5069,1.0000002351687331536567171497154049575329e+00
5070,1.0000002006561616862967412089346908032894e+00
5071,1.0000001653704446713533116053440608084202e+00
5072,1.0000001327715450916144845905364491045475e+00
5073,1.0000001063546155588568353778100572526455e+00
5074,1.0000000891334632768803203362040221691132e+00
5075,1.0000000831519320065865485958056524395943e+00
5076,1.0000000891337690323013021043152548372746e+00
5077,1.0000001063547458990399263711879029870033e+00
5078,1.0000001327713223808757447841344401240349e+00
5079,1.0000001653704386761489786294987425208092e+00
5080,1.0000002006563579737274949366110377013683e+00
5081,1.0000002351688559443232406920287758111954e+00
5082,1.0000002659251712167076675541466102004051e+00
5083,1.0000002907163616505670233891578391194344e+00
5084,1.0000003082309827373563848595949821174145e+00
5085,1.0000002928338813656949923824868164956570e+00
5086,1.0000002688686560059494468077900819480419e+00
5087,1.0000002375117782449365222419146448373795e+00
5088,1.0000002006564752132788953531417064368725e+00
5089,1.0000001611704427695315189339453354477882e+00
5090,1.0000001226761365824557969972374849021435e+00
5091,1.0000000891334186459147304049110971391201e+00
5092,1.0000000642849800058797882229555398225784e+00
5093,1.0000000510567534917072407552041113376617e+00
5094,1.0000000510566244837917793120141141116619e+00
5095,1.0000000642848676513096961571136489510536e+00
5096,1.0000000891337157415961200968013145029545e+00
5097,1.0000001226759243078134886673069559037685e+00
5098,1.0000001611706588189321109894081018865108e+00
5099,1.0000002006562278555890088682645000517368e+00
5100,1.0000002375116581188052577999769710004330e+00
5101,1.0000002688685305507476641651010140776634e+00
5102,1.0000002928340503416393403313122689723969e+00
5103,1.0000002744612925820177906643948517739773e+00
5104,1.0000002442886741782501758279977366328239e+00
5105,1.0000002070796776276750961187644861638546e+00
5106,1.0000001653704779780440503600402735173702e+00
5107,1.0000001226761237038687113454216159880161e+00
5108,1.0000000831521027588877359448815695941448e+00
5109,1.0000000510565481004476851012441329658031e+00
5110,1.0000000300995612878551810354110784828663e+00
5111,1.0000000228136713964488535566488280892372e+00
5112,1.0000000300996347846194112207740545272827e+00
5113,1.0000000510567044198495523232850246131420e+00
5114,1.0000000831520459154688751368666999042034e+00
5115,1.0000001226760242278857049313955940306187e+00
5116,1.0000001653706045434688576278858818113804e+00
5117,1.0000002070797864295315093841054476797581e+00
5118,1.0000002442886872788818664048449136316776e+00
5119,1.0000002744611933280793891754001379013062e+00
5120,1.0000002547731270396980107761919498443604e+00
5121,1.0000002192066694828298523134435527026653e+00
5122,1.0000001774828255474147908898885361850262e+00
5123,1.0000001327714491683451569770113565027714e+00
5124,1.0000000891335665276216104757622815668583e+00
5125,1.0000000510566080524910148596973158419132e+00
5126,1.0000000228138030688995741002145223319530e+00
5127,1.0000000077665773812185534552554599940777e+00
5128,1.0000000077664012998468479054281488060951e+00
5129,1.0000000228138150593082400519051589071751e+00
5130,1.0000000510565416611541422753361985087395e+00
5131,1.0000000891334419605982475331984460353851e+00
5132,1.0000001327715499765957929412252269685268e+00
5133,1.0000001774828037870435082368203438818455e+00
5134,1.0000002192063892625384369239327497780323e+00
5135,1.0000002547731656754592677316395565867424e+00
5136,1.0000002356963799687861182974302209913731e+00
5137,1.0000001961194964206214308433118276298046e+00
5138,1.0000001517693848374079834684380330145359e+00
5139,1.0000001063548364932387357839616015553474e+00
5140,1.0000000642849293797098653158172965049744e+00
5141,1.0000000300997282653980846589547581970692e+00
5142,1.0000000077663391273574688966618850827217e+00
5143,1.0000000000000370814490224802284501492977e+00
5144,1.0000000077662074549067483530961908400059e+00
5145,1.0000000300994174029511896151234395802021e+00
5146,1.0000000642849868892625408989260904490948e+00
5147,1.0000001063547352408988899696851149201393e+00
5148,1.0000001517695815689279470461769960820675e+00
5149,1.0000001961196178790203248354373499751091e+00
5150,1.0000002356962667260376065314630977809429e+00
5151,1.0000002192065131634279850914026610553265e+00
5152,1.0000001774827824707614354338147677481174e+00
5153,1.0000001327713949894615552693721838295460e+00
5154,1.0000000891334412944644327581045217812061e+00
5155,1.0000000510565585365441165777156129479408e+00
5156,1.0000000228137453373022935920744203031063e+00
5157,1.0000000077660420316760792047716677188873e+00
5158,1.0000000077663133701832975930301472544670e+00
5159,1.0000000228137360114288867407594807446003e+00
5160,1.0000000510567017553142932229093275964260e+00
5161,1.0000000891334521746500740846386179327965e+00
5162,1.0000001327713383680872993863886222243309e+00
5163,1.0000001774826683398345039677224121987820e+00
5164,1.0000002192065478023863533962867222726345e+00
5165,1.0000002070797844311300650588236749172211e+00
5166,1.0000001653706542814603608348988927900791e+00
5167,1.0000001226761312533852787964860908687115e+00
5168,1.0000000831520199362500989082036539912224e+00
5169,1.0000000510567039757603424732224084436893e+00
5170,1.0000000300995108837298630533041432499886e+00
5171,1.0000000228136374236243000268586911261082e+00
5172,1.0000000300995353086364048067480325698853e+00
5173,1.0000000510566020572866818838519975543022e+00
5174,1.0000000831519781918643730023177340626717e+00
5175,1.0000001226759673844668441233807243406773e+00
5176,1.0000001653706065418703019531676545739174e+00
5177,1.0000002070799947073709290634724311530590e+00
5178,1.0000002006561867773370977374725043773651e+00
5179,1.0000001611705162662957491193083114922047e+00
5180,1.0000001226760679706728751625632867217064e+00
5181,1.0000000891335643071755612254492007195950e+00
5182,1.0000000642848174692289831000380218029022e+00
5183,1.0000000510567110811877000742242671549320e+00
5184,1.0000000510565489886261048013693653047085e+00
5185,1.0000000642849711240955912217032164335251e+00
5186,1.0000000891334990260617132662446238100529e+00
5187,1.0000001226759451800063516202499158680439e+00
5188,1.0000001611705917614614236299530602991581e+00
5189,1.0000002006563417644713354093255475163460e+00
5190,1.0000002006562793699373514755279757082462e+00
5191,1.0000001653705063997534807640477083623409e+00
5192,1.0000001327713781140715809669927693903446e+00
5193,1.0000001063545251867026308900676667690277e+00
5194,1.0000000891334155372902614544727839529514e+00
5195,1.0000000831519142430181545933010056614876e+00
5196,1.0000000891336540131959509380976669490337e+00
5197,1.0000001063544894375212379600270651280880e+00
5198,1.0000001327714216348141462731291539967060e+00
5199,1.0000001653706145354760792542947456240654e+00
5200,1.0000002006565300582963118358748033642769e+00
5201,1.0000002070799165476699954524519853293896e+00
5202,1.0000001774827271816548091010190546512604e+00
5203,1.0000001517695262798213207133812829852104e+00
5204,1.0000001327714482801667372768861241638660e+00
5205,1.0000001226762009753912252563168294727802e+00
5206,1.0000001226758754580004051604191772639751e+00
5207,1.0000001327715941634721730224555358290672e+00
5208,1.0000001517696910369181750866118818521500e+00
5209,1.0000001774828715106480103713693097233772e+00
5210,1.0000002070798488240654933179030194878578e+00
5211,1.0000002192065704509360557494801469147205e+00
5212,1.0000001961198066169345111120492219924927e+00
5213,1.0000001774827906864118176599731668829918e+00
5214,1.0000001653705434812025032442761585116386e+00
5215,1.0000001611705835458110414037946611642838e+00
5216,1.0000001653705754556256124487845227122307e+00
5217,1.0000001774828646272652576953987590968609e+00
5218,1.0000001961195781330360432548332028090954e+00
5219,1.0000002192064403327975696811336092650890e+00
5220,1.0000002356962298666331889762659557163715e+00
5221,1.0000002192065799988540675258263945579529e+00
5222,1.0000002070797275877112042508088052272797e+00
5223,1.0000002006562669354394756737747229635715e+00
5224,1.0000002006564912004904499553958885371685e+00
5225,1.0000002070797706643645597068825736641884e+00
5226,1.0000002192065207129445525424671359360218e+00
5227,1.0000002356962525151828913294593803584576e+00
5228,1.0000002547731763336003041331423446536064e+00
5229,1.0000002442887077069855195077252574265003e+00
5230,1.0000002375117873487653241681982763111591e+00
5231,1.0000002351688537238771914417156949639320e+00
5232,1.0000002375116328057202963464078493416309e+00
5233,1.0000002442884772246856073252274654805660e+00
5234,1.0000002547730200141984369111014530062675e+00
5235,1.0000002744614300276282392587745562195778e+00
5236,1.0000002688685369900412069910089485347271e+00
5237,1.0000002659252575920589833913254551589489e+00
5238,1.0000002659255264880755476042395457625389e+00
5239,1.0000002688686671081796930593554861843586e+00
5240,1.0000002744614415739476953604025766253471e+00
5241,1.0000002928338169727595641234074719250202e+00
5242,1.0000002907165397303401732642669230699539e+00
5243,1.0000002899909554709978465325548313558102e+00
5244,1.0000002907166256616022792513831518590450e+00
5245,1.0000002928339386532030630405643023550510e+00
5246,1.0000003082309292246065979270497336983681e+00
5247,1.0000003080990624848567449589609168469906e+00
5248,1.0000003080989949832968477494432590901852e+00
5249,1.0000003082307140633844255717121995985508e+00
5250,1.0000003194155477892479666479630395770073e+00
5251,1.0000003199034324108396276642451994121075e+00
5252,1.0000003194155977492840747800073586404324e+00
5253,1.0000003256520693106779162917518988251686e+00
5254,1.0000003256519367500487760480609722435474e+00
5255,1.0000003267036547960344705643365159630775e+00
5256,1.0000003267038513055098292170441709458828e+00
5257,1.0000003256518903427263467165175825357437e+00
5258,1.0000003194155211438953756442060694098473e+00
5259,1.0000003082309265600713388266740366816521e+00
5260,1.0000002928339342123109645399381406605244e+00
5261,1.0000002744613112337646043670247308909893e+00
5262,1.0000002547729438528989476253627799451351e+00
5263,1.0000002356962169880461033244500868022442e+00
5264,1.0000002192067569684041927757789380848408e+00
5265,1.0000002070799105524656624766066670417786e+00
5266,1.0000002006563997181132208424969576299191e+00
5267,1.0000002006562802581157711756532080471516e+00
5268,1.0000002070798894582281945986323989927769e+00
5269,1.0000002192064563200091242833877913653851e+00
5270,1.0000002356963855199012414232129231095314e+00
5271,1.0000002547730688640115204179892316460609e+00
5272,1.0000002744614140404166846565203741192818e+00
5273,1.0000002928340177010824163517099805176258e+00
5274,1.0000003082308892565777114214142784476280e+00
5275,1.0000003194156437125172942614881321787834e+00
5276,1.0000003256522955741303348986548371613026e+00
5277,1.0000003267036627896402478654636070132256e+00
5278,1.0000003256521841077386625329381786286831e+00
5279,1.0000003199032170275728503838763572275639e+00
5280,1.0000003080988482118129923037486150860786e+00
5281,1.0000002907164482479629441513679921627045e+00
5282,1.0000002688683402585212434132699854671955e+00
5283,1.0000002442886690712242625522776506841183e+00
5284,1.0000002192065413630928105703787878155708e+00
5285,1.0000001961196562927369768658536486327648e+00
5286,1.0000001774829734291216709607397206127644e+00
5287,1.0000001653704078119488940501469187438488e+00
5288,1.0000001611705309212396741713746450841427e+00
5289,1.0000001653706531712373362097423523664474e+00
5290,1.0000001774828906064840339240618050098419e+00
5291,1.0000001961195155164574543960043229162693e+00
5292,1.0000002192065537975906863721320405602455e+00
5293,1.0000002442887014897365816068486310541630e+00
5294,1.0000002688684517249129157789866439998150e+00
5295,1.0000002907166549714901293555158190429211e+00
5296,1.0000003080992010406902181784971617162228e+00
5297,1.0000003199033744571977422310737892985344e+00
5298,1.0000003256519163219451229451806284487247e+00
5299,1.0000003194156228403244313085451722145081e+00
5300,1.0000003080990065296163038510712794959545e+00
5301,1.0000002899911837328517094647395424544811e+00
5302,1.0000002659254152437284801635541953146458e+00
5303,1.0000002375115473185474002093542367219925e+00
5304,1.0000002070799169917592053025146014988422e+00
5305,1.0000001774828650713544675454613752663136e+00
5306,1.0000001517694596664398432039888575673103e+00
5307,1.0000001327715020149611291344626806676388e+00
5308,1.0000001226759545058797584715648554265499e+00
5309,1.0000001226760730776987884382833726704121e+00
5310,1.0000001327714733712070938054239377379417e+00
5311,1.0000001517695917829797735976171679794788e+00
5312,1.0000001774826952072316998965106904506683e+00
5313,1.0000002070797371356292160271550528705120e+00
5314,1.0000002375117766906242877666954882442951e+00
5315,1.0000002659252038572645915337488986551762e+00
5316,1.0000002899910773734859503747429698705673e+00
5317,1.0000003080991775039620961251785047352314e+00
5318,1.0000003194156725783159345155581831932068e+00
5319,1.0000003082309827373563848595949821174145e+00
5320,1.0000002907162450771494377477210946381092e+00
5321,1.0000002659252467118733420647913590073586e+00
5322,1.0000002351689756263652952839038334786892e+00
5323,1.0000002006562869194539189265924505889416e+00
5324,1.0000001653705226090096402913331985473633e+00
5325,1.0000001327714598264861933785141445696354e+00
5326,1.0000001063546481994137593574123457074165e+00
5327,1.0000000891336591202218642138177528977394e+00
5328,1.0000000831520312605249500848003663122654e+00
5329,1.0000000891335780739410665773903019726276e+00
5330,1.0000001063546366530943032557843253016472e+00
5331,1.0000001327713350374182255109190009534359e+00
5332,1.0000001653705792303838961743167601525784e+00
5333,1.0000002006564199241722690203459933400154e+00
5334,1.0000002351689132318313113501062616705894e+00
5335,1.0000002659252393844013795387581922113895e+00
5336,1.0000002907162104381910694428370334208012e+00
5337,1.0000003082307766799630144305410794913769e+00
5338,1.0000002928338991292633863849914632737637e+00
5339,1.0000002688683795604163151438115164637566e+00
5340,1.0000002375117713615537695659440942108631e+00
5341,1.0000002006564601142457604510127566754818e+00
5342,1.0000001611704261161861495565972290933132e+00
5343,1.0000001226759385186682038693106733262539e+00
5344,1.0000000891335354413769209713791497051716e+00
5345,1.0000000642847495235798760404577478766441e+00
5346,1.0000000510568280986944955657236278057098e+00
5347,1.0000000510566924294408863715943880379200e+00
5348,1.0000000642849025123126693870290182530880e+00
5349,1.0000000891335742991827828518580645322800e+00
5350,1.0000001226760653061376160621875897049904e+00
5351,1.0000001611705862103463005041703581809998e+00
5352,1.0000002006562545009415998720214702188969e+00
5353,1.0000002375117940101034719191375188529491e+00
5354,1.0000002688683637952493654665886424481869e+00
5355,1.0000002928340718799660180593491531908512e+00
5356,1.0000002744615175132025797211099416017532e+00
5357,1.0000002442887758746792314923368394374847e+00
5358,1.0000002070796942810204654961125925183296e+00
5359,1.0000001653703924908711542229866608977318e+00
5360,1.0000001226760200090382113558007404208183e+00
5361,1.0000000831521635991094854034599848091602e+00
5362,1.0000000510565958400377439829753711819649e+00
5363,1.0000000300996307878165225702105090022087e+00
5364,1.0000000228139171998265055663068778812885e+00
5365,1.0000000300996332303071767455548979341984e+00
5366,1.0000000510564677203007022399106062948704e+00
5367,1.0000000831519124666613151930505409836769e+00
5368,1.0000001226761712214141653021215461194515e+00
5369,1.0000001653706549475941756099928170442581e+00
5370,1.0000002070800031450659162146621383726597e+00
5371,1.0000002442885131959116051802993752062321e+00
5372,1.0000002744613756267000326261040754616261e+00
5373,1.0000002547732029789528951368993148207664e+00
5374,1.0000002192064265660320643291925080120564e+00
5375,1.0000001774827800282707812584703788161278e+00
5376,1.0000001327715368759641023643780499696732e+00
5377,1.0000000891335185659869466689997352659702e+00
5378,1.0000000510565598688117461279034614562988e+00
5379,1.0000000228138703484148663847008720040321e+00
5380,1.0000000077662960507041134405881166458130e+00
5381,1.0000000077663564468366530491039156913757e+00
5382,1.0000000228137682078966008702991530299187e+00
5383,1.0000000510566435796278028647066093981266e+00
5384,1.0000000891336504604822721375967375934124e+00
5385,1.0000001327715382082317319145658984780312e+00
5386,1.0000001774830069578570146404672414064407e+00
5387,1.0000002192064592065889883087947964668274e+00
5388,1.0000002547731299262778748015989549458027e+00
5389,1.0000002356962587324318292303360067307949e+00
5390,1.0000001961197440003559222532203420996666e+00
5391,1.0000001517694958597104459840920753777027e+00
5392,1.0000001063545385093789263919461518526077e+00
5393,1.0000000642849489196350987185724079608917e+00
5394,1.0000000300994569268908662706962786614895e+00
5395,1.0000000077663331321531359208165667951107e+00
5396,1.0000000000000019984014443252817727625370e+00
5397,1.0000000077663597775057269245735369622707e+00
5398,1.0000000300994267288245964664383791387081e+00
5399,1.0000000642849302678882850159425288438797e+00
5400,1.0000001063546537505288824831950478255749e+00
5401,1.0000001517695644714933678187662735581398e+00
5402,1.0000001961197320099472563015297055244446e+00
5403,1.0000002356964414751416825311025604605675e+00
5404,1.0000002192064796346926414116751402616501e+00
5405,1.0000001774828928269300831743748858571053e+00
5406,1.0000001327713998744428636200609616935253e+00
5407,1.0000000891337059716335033954237587749958e+00
5408,1.0000000510565549838304377772146835923195e+00
5409,1.0000000228137779778592175716767087578773e+00
5410,1.0000000077661104214143961144145578145981e+00
5411,1.0000000077662418718205117329489439725876e+00
5412,1.0000000228139345193056897187489084899426e+00
5413,1.0000000510565052458389345702016726136208e+00
5414,1.0000000891334024366585708776256069540977e+00
5415,1.0000001327714422849624043010408058762550e+00
5416,1.0000001774827538270074001047760248184204e+00
5417,1.0000002192066408390758169844048097729683e+00
5418,1.0000002070799935971479044383158907294273e+00
5419,1.0000001653705077320211103142355568706989e+00
5420,1.0000001226760277805993837318965233862400e+00
5421,1.0000000831520885480330207428778521716595e+00
5422,1.0000000510564257538703714089933782815933e+00
5423,1.0000000300996452207158426972455345094204e+00
5424,1.0000000228137548852203053684206679463387e+00
5425,1.0000000300995326441011457063723355531693e+00
5426,1.0000000510566147138291626106365583837032e+00
5427,1.0000000831520883259884158178465440869331e+00
5428,1.0000001226759873684812873761984519660473e+00
5429,1.0000001653704486681562002559076063334942e+00
5430,1.0000002070799083320196132262935861945152e+00
5431,1.0000002006562023204594424896640703082085e+00
5432,1.0000001611705005011287994420854374766350e+00
5433,1.0000001226758767902680347106070257723331e+00
5434,1.0000000891336968678047014691401273012161e+00
5435,1.0000000642848685394881158572388812899590e+00
5436,1.0000000510565982825283981583197601139545e+00
5437,1.0000000510567643718928820817382074892521e+00
5438,1.0000000642849442566983952929149381816387e+00
5439,1.0000000891334857033854177643661387264729e+00
5440,1.0000001226761543460241909997421316802502e+00
5441,1.0000001611706321735795199856511317193508e+00
5442,1.0000002006564767675911298283608630299568e+00
5443,1.0000002006564165935031951448763720691204e+00
5444,1.0000001653703847193099818468908779323101e+00
5445,1.0000001327714840293481302069267258048058e+00
5446,1.0000001063544843304953246843069791793823e+00
5447,1.0000000891337004205183802696410566568375e+00
5448,1.0000000831521000943524768445058725774288e+00
5449,1.0000000891334919206343556652427650988102e+00
5450,1.0000001063545953527977871999610215425491e+00
5451,1.0000001327715735133239149945438839495182e+00
5452,1.0000001653704957416124443625449202954769e+00
5453,1.0000002006562782597143268503714352846146e+00
5454,1.0000002070797728848106089571956545114517e+00
5455,1.0000001774826539069351838406873866915703e+00
5456,1.0000001517696388564360177042544819414616e+00
5457,1.0000001327715675181195820186985656619072e+00
5458,1.0000001226760679706728751625632867217064e+00
5459,1.0000001226761148220845143441692925989628e+00
5460,1.0000001327714220789033561231917701661587e+00
5461,1.0000001517695327191148635392892174422741e+00
5462,1.0000001774828446432508144425810314714909e+00
5463,1.0000002070797961994941260854830034077168e+00
5464,1.0000002192065842177015611014212481677532e+00
5465,1.0000001961195710276086856538313440978527e+00
5466,1.0000001774827835809844600589713081717491e+00
5467,1.0000001653704924109433704870752990245819e+00
5468,1.0000001611706621496011848648777231574059e+00
5469,1.0000001653705894444357227257569320499897e+00
5470,1.0000001774828899403502191489678807556629e+00
5471,1.0000001961196021138533751582144759595394e+00
5472,1.0000002192065906569951039273291826248169e+00
5473,1.0000002356962671701268163815257139503956e+00
5474,1.0000002192065238215690214929054491221905e+00
5475,1.0000002070798752473734793966286815702915e+00
5476,1.0000002006563024625762636787840165197849e+00
5477,1.0000002006563117884496705300989560782909e+00
5478,1.0000002070798070796797674120170995593071e+00
5479,1.0000002192065147177402195666218176484108e+00
5480,1.0000002356963118010924063128186389803886e+00
5481,1.0000002547730608704057431168621405959129e+00
5482,1.0000002442886102294039574189810082316399e+00
5483,1.0000002375116916475406014797044917941093e+00
5484,1.0000002351688779267391282701282761991024e+00
5485,1.0000002375116410213706785725662484765053e+00
5486,1.0000002442885991271737111674156039953232e+00
5487,1.0000002547731159374677645246265456080437e+00
5488,1.0000002744612195293427703290944918990135e+00
5489,1.0000002688684790363993215578375384211540e+00
5490,1.0000002659251607806112360776751302182674e+00
5491,1.0000002659253670600492114317603409290314e+00
5492,1.0000002688685745155794393213000148534775e+00
5493,1.0000002744613318839128623949363827705383e+00
5494,1.0000002928341209518237064912682399153709e+00
5495,1.0000002907165339571804452134529128670692e+00
5496,1.0000002899913436049672554872813634574413e+00
5497,1.0000002907165723708970972438692115247250e+00
5498,1.0000002928337492491550619888585060834885e+00
5499,1.0000003082308579482884169919998385012150e+00
5500,1.0000003080993042914315083180554211139679e+00
5501,1.0000003080990549353401775078964419662952e+00
5502,1.0000003082310389146414308925159275531769e+00
5503,1.0000003194158033625882353589986450970173e+00
5504,1.0000003199032725387240816417033784091473e+00
5505,1.0000003194156772412526379412156529724598e+00
5506,1.0000003256519218730602460709633305668831e+00
5507,1.0000003256520917371830137199140153825283e+00
5508,1.0000003267035397769291193981189280748367e+00
5509,1.0000003267039057064380358497146517038345e+00
5510,1.0000003256519569561078242259100079536438e+00
5511,1.0000003194156190655661475830129347741604e+00
5512,1.0000003082309887325607178354403004050255e+00
5513,1.0000002928339815078118135716067627072334e+00
5514,1.0000002744613163407905176427448168396950e+00
5515,1.0000002547730406643466949390131048858166e+00
5516,1.0000002356962989225053206610027700662613e+00
5517,1.0000002192066184125707195562426932156086e+00
5518,1.0000002070796818465225896943593397736549e+00
5519,1.0000002006563746270728643139591440558434e+00
5520,1.0000002006563135648065099303494207561016e+00
5521,1.0000002070798612585633691196562722325325e+00
5522,1.0000002192064585404551735337008722126484e+00
5523,1.0000002356962960359254566355957649648190e+00
5524,1.0000002547730926227842473963391967117786e+00
5525,1.0000002744613778471460818764171563088894e+00
5526,1.0000002928338096452876015973743051290512e+00
5527,1.0000003082308266399991225625853985548019e+00
5528,1.0000003194157665031838178038015030324459e+00
5529,1.0000003256521590166983060044003650546074e+00
5530,1.0000003267036947640633570699719712138176e+00
5531,1.0000003256521654559918488303082995116711e+00
5532,1.0000003199031670675367422518320381641388e+00
5533,1.0000003080989965376090822246624156832695e+00
5534,1.0000002907167517829378766691661439836025e+00
5535,1.0000002688682938511988140817265957593918e+00
5536,1.0000002442885917997017486413824371993542e+00
5537,1.0000002192065693407130311243236064910889e+00
5538,1.0000001961195741362331546042696572840214e+00
5539,1.0000001774827926848132619852549396455288e+00
5540,1.0000001653703827209085375216091051697731e+00
5541,1.0000001611706590409767159144394099712372e+00
5542,1.0000001653706802606791370635619387030602e+00
5543,1.0000001774827458334016228036489337682724e+00
5544,1.0000001961197417799098730029072612524033e+00
5545,1.0000002192064356698608662554761394858360e+00
5546,1.0000002442886934961308043057215400040150e+00
5547,1.0000002688685221130526770139113068580627e+00
5548,1.0000002907166247734238595512579195201397e+00
5549,1.0000003080990951254136689385632053017616e+00
5550,1.0000003199031626266446437512058764696121e+00
5551,1.0000003256520650918304227161570452153683e+00
5552,1.0000003194155833163847546529723331332207e+00
5553,1.0000003080989521286880972184007987380028e+00
5554,1.0000002899909830045288572364370338618755e+00
5555,1.0000002659253375281167564025963656604290e+00
5556,1.0000002375116419095490982726914808154106e+00
5557,1.0000002070799263176326121538295410573483e+00
5558,1.0000001774827858014305093092843890190125e+00
5559,1.0000001517694871999708539078710600733757e+00
5560,1.0000001327717518151416697946842759847641e+00
5561,1.0000001226760071304511257039848715066910e+00
5562,1.0000001226758588046550357830710709095001e+00
5563,1.0000001327714431731408240011660382151604e+00
5564,1.0000001517694867558816440578084439039230e+00
5565,1.0000001774829487821705242822645232081413e+00
5566,1.0000002070798563735820607689674943685532e+00
5567,1.0000002375118322017755190245225094258785e+00
5568,1.0000002659253508507930519044748507440090e+00
5569,1.0000002899909998799188315388164483010769e+00
5570,1.0000003080989481318852085678372532129288e+00
5571,1.0000003194156092956035308816353790462017e+00
5572,1.0000003082308324131588506133994087576866e+00
5573,1.0000002907164415866247964004287496209145e+00
5574,1.0000002659254296766278002905892208218575e+00
5575,1.0000002351688610513491539677488617599010e+00
5576,1.0000002006564012724254553177161142230034e+00
5577,1.0000001653706915849539882401586510241032e+00
5578,1.0000001327713792242946055921493098139763e+00
5579,1.0000001063545189694536929891910403966904e+00
5580,1.0000000891336435770995194616261869668961e+00
5581,1.0000000831521378419353140998282469809055e+00
5582,1.0000000891334277497435323311947286128998e+00
5583,1.0000001063545975732438364502741023898125e+00
5584,1.0000001327715117849237458358402363955975e+00
5585,1.0000001653703984860754871988319791853428e+00
5586,1.0000002006563104561820409799111075699329e+00
5587,1.0000002351689232238385329765151254832745e+00
5588,1.0000002659254512149544780186261050403118e+00
5589,1.0000002907166001264727128727827221155167e+00
5590,1.0000003082307540314133120773476548492908e+00
5591,1.0000002928339959407111336986417882144451e+00
5592,1.0000002688683620188925260663381777703762e+00
5593,1.0000002375116492370210607987246476113796e+00
5594,1.0000002006563397660698910840437747538090e+00
5595,1.0000001611702653558921838339301757514477e+00
5596,1.0000001226760124595216439047362655401230e+00
5597,1.0000000891334850372516029892722144722939e+00
5598,1.0000000642849080634277925128117203712463e+00
5599,1.0000000510564868161367257926031015813351e+00
5600,1.0000000510565996147960277085076086223125e+00
5601,1.0000000642850095378122432521195150911808e+00
5602,1.0000000891334677177724188368301838636398e+00
5603,1.0000001226759973604885090026073157787323e+00
5604,1.0000001611703774884176709747407585382462e+00
5605,1.0000002006563606382627540369867347180843e+00
5606,1.0000002375117567066098445138777606189251e+00
5607,1.0000002688682232410144479217706248164177e+00
5608,1.0000002928338866947655105832382105290890e+00
5609,1.0000002744611662386375883215805515646935e+00
5610,1.0000002442886506415220537746790796518326e+00
5611,1.0000002070799791642485843112808652222157e+00
5612,1.0000001653705665738414154475321993231773e+00
5613,1.0000001226761219275118719451711513102055e+00
5614,1.0000000831519719746154351014411076903343e+00
5615,1.0000000510565694167297579042497090995312e+00
5616,1.0000000300995783852897602628218010067940e+00
5617,1.0000000228138314906090045042219571769238e+00
5618,1.0000000300995128821313073785859160125256e+00
5619,1.0000000510567488287705373295466415584087e+00
5620,1.0000000831520625688142445142148062586784e+00
5621,1.0000001226761185968427980697015300393105e+00
5622,1.0000001653705474780053918948397040367126e+00
5623,1.0000002070797520126177460042526945471764e+00
5624,1.0000002442885829179175516401301138103008e+00
5625,1.0000002744612144223168570533744059503078e+00
5626,1.0000002547731707824851810073596425354481e+00
5627,1.0000002192064101347312998768757097423077e+00
5628,1.0000001774828188860766431389492936432362e+00
5629,1.0000001327714660437351312793907709419727e+00
5630,1.0000000891336109365425954820238985121250e+00
5631,1.0000000510565598688117461279034614562988e+00
5632,1.0000000228138106184161415512789972126484e+00
5633,1.0000000077662194453154143047868274152279e+00
5634,1.0000000077662984931947676159325055778027e+00
5635,1.0000000228137668756289713201113045215607e+00
5636,1.0000000510565254518979827480507083237171e+00
5637,1.0000000891336036090706329559907317161560e+00
5638,1.0000001327713290422138925350736826658249e+00
5639,1.0000001774830282741390874434728175401688e+00
5640,1.0000002192064740835775182858924381434917e+00
5641,1.0000002547730555413352249161107465624809e+00
5642,1.0000002356963051397542585618793964385986e+00
5643,1.0000001961196325339642498875036835670471e+00
5644,1.0000001517694963037996558341546915471554e+00
5645,1.0000001063545735924265045468928292393684e+00
5646,1.0000000642850264132022175544989295303822e+00
5647,1.0000000300995763868883159375400282442570e+00
5648,1.0000000077663038222652858166838996112347e+00
5649,1.0000000000000455191440096314181573688984e+00
5650,1.0000000077662334341255245817592367529869e+00
5651,1.0000000300993945323568823368987068533897e+00
5652,1.0000000642848156928721436997875571250916e+00
5653,1.0000001063546266610870816293754614889622e+00
5654,1.0000001517696437414173260549432598054409e+00
5655,1.0000001961196027799871899333084002137184e+00
5656,1.0000002356962740535095690574962645769119e+00
5657,1.0000002192065637895979079985409043729305e+00
5658,1.0000001774828184419874332888866774737835e+00
5659,1.0000001327714975740690306338365189731121e+00
5660,1.0000000891334264174759027810068801045418e+00
5661,1.0000000510566096068032493349164724349976e+00
5662,1.0000000228137484459267625425127334892750e+00
5663,1.0000000077664079611849956563673913478851e+00
5664,1.0000000077663773190295160020468756556511e+00
5665,1.0000000228138405944378064305055886507034e+00
5666,1.0000000510563706868083500012289732694626e+00
5667,1.0000000891336038311152378810220398008823e+00
5668,1.0000001327714742593855135055491700768471e+00
5669,1.0000001774829274658884514792589470744133e+00
5670,1.0000002192066950179594186920439824461937e+00
5671,1.0000002070796061293123102586832828819752e+00
5672,1.0000001653706978022029261410352773964405e+00
5673,1.0000001226762296191452605853555724024773e+00
5674,1.0000000831520792221596138915629126131535e+00
5675,1.0000000510566042777327311341650784015656e+00
5676,1.0000000300995155466665664789616130292416e+00
5677,1.0000000228137577718001693938276730477810e+00
5678,1.0000000300996187974078566185198724269867e+00
5679,1.0000000510565534295182033019955269992352e+00
5680,1.0000000831520543531638622880564071238041e+00
5681,1.0000001226761043859880828676978126168251e+00
5682,1.0000001653706276361077698311419226229191e+00
5683,1.0000002070797346931385618518106639385223e+00
5684,1.0000002006563928347304681665264070034027e+00
5685,1.0000001611706492710140992130618542432785e+00
5686,1.0000001226761130457276749439188279211521e+00
5687,1.0000000891336027208922132558654993772507e+00
5688,1.0000000642848985155097807364654727280140e+00
5689,1.0000000510565489886261048013693653047085e+00
5690,1.0000000510564124311940759071148931980133e+00
5691,1.0000000642847266529855687622330151498318e+00
5692,1.0000000891334519526054691596073098480701e+00
5693,1.0000001226759724914927573991008102893829e+00
5694,1.0000001611705608972613390506012365221977e+00
5695,1.0000002006561226064462744034244678914547e+00
5696,1.0000002006563066814237572543788701295853e+00
5697,1.0000001653704897464081113866996020078659e+00
5698,1.0000001327716019350333453985513187944889e+00
5699,1.0000001063546142265892058276222087442875e+00
5700,1.0000000891334615005234809359535574913025e+00
5701,1.0000000831520170496702348827966488897800e+00
5702,1.0000000891335605324172774999169632792473e+00
5703,1.0000001063544068369282058483804576098919e+00
5704,1.0000001327713372578642747612320818006992e+00
5705,1.0000001653704424509072623550309799611568e+00
5706,1.0000002006562380696408354197046719491482e+00
5707,1.0000002070798403863705061667133122682571e+00
5708,1.0000001774828763956293187220580875873566e+00
5709,1.0000001517696059938344887996208854019642e+00
5710,1.0000001327715499765957929412252269685268e+00
5711,1.0000001226760490968814565349020995199680e+00
5712,1.0000001226760235617518901563016697764397e+00
5713,1.0000001327715213328417576121864840388298e+00
5714,1.0000001517696470720863999304128810763359e+00
5715,1.0000001774829267997546367041650228202343e+00
5716,1.0000002070800240172587791676050983369350e+00
5717,1.0000002192067374284789593730238266289234e+00
5718,1.0000001961196856026248269699863158166409e+00
5719,1.0000001774828417566709504171740263700485e+00
5720,1.0000001653706993565151606162544339895248e+00
5721,1.0000001611705713333577705270727165043354e+00
5722,1.0000001653705212767420107411453500390053e+00
5723,1.0000001774828286560392598403268493711948e+00
5724,1.0000001961196258726261021365644410252571e+00
5725,1.0000002192067296569177869969280436635017e+00
5726,1.0000002356961084082342949841404333710670e+00
5727,1.0000002192066186346153244812740013003349e+00
5728,1.0000002070797802122825714832288213074207e+00
5729,1.0000002006563446510511994347325526177883e+00
5730,1.0000002006562829226510302760289050638676e+00
5731,1.0000002070798870157375404232880100607872e+00
5732,1.0000002192065873263260300518595613539219e+00
5733,1.0000002356960993044054930578568018972874e+00
5734,1.0000002547730275637150043621659278869629e+00
5735,1.0000002442883648701155152593855746090412e+00
5736,1.0000002375119307895801057384232990443707e+00
5737,1.0000002351686911872263863187981769442558e+00
5738,1.0000002375118204334114579978631809353828e+00
5739,1.0000002442887283571337775356369093060493e+00
5740,1.0000002547732065316665739374002441763878e+00
5741,1.0000002744612197513873752541257999837399e+00
5742,1.0000002688684961338339007852482609450817e+00
5743,1.0000002659253477421685829540365375578403e+00
5744,1.0000002659252640313525262172333896160126e+00
5745,1.0000002688683760077026363433105871081352e+00
5746,1.0000002744611800054030936735216528177261e+00
5747,1.0000002928341324981431625928962603211403e+00
5748,1.0000002907165472798567407153313979506493e+00
5749,1.0000002899910875875377769261831417679787e+00
5750,1.0000002907164324827959944741451181471348e+00
5751,1.0000002928338973529065469847409985959530e+00
5752,1.0000003082307706847586814546957612037659e+00
5753,1.0000003080991484161188509460771456360817e+00
5754,1.0000003080990005344119708752259612083435e+00
5755,1.0000003082309214530454255509539507329464e+00
5756,1.0000003194155071550852653672336600720882e+00
5757,1.0000003199031268774632508211652748286724e+00
5758,1.0000003194158015862313959587481804192066e+00
5759,1.0000003256518144034714623558102175593376e+00
5760,1.0000003256516780680840383865870535373688e+00
5761,1.0000003267035588727651429508114233613014e+00
