index,H
0,1.0000000000001405542349175448180176317692e+00
1,9.9999999999989963583857388584874570369720e-01
2,9.9999999999978750331308674503816291689873e-01
3,1.0000000000000810462807976364274509251118e+00
4,9.9999999999950117679503591716638766229153e-01
5,9.9999999999970834441143097137683071196079e-01
6,9.9999999999976441067417454178212210536003e-01
7,9.9999999999974531483815098908962681889534e-01
8,9.9999999999975441866695291537325829267502e-01
9,9.9999999999975441866695291537325829267502e-01
10,1.0000000000002606803661819867556914687157e+00
11,9.9999999999923661064826774236280471086502e-01
12,1.0000000375672712937813457756419666111469e+00
13,1.0000000415388632379887212664471007883549e+00
14,1.0000000447632273470333075238158926367760e+00
15,1.0000000469510543776863187304115854203701e+00
16,1.0000000478375006274234237935161218047142e+00
17,1.0000000472183057098618519376032054424286e+00
18,1.0000000449857535667064212248078547418118e+00
19,1.0000000411588918503014156158315017819405e+00
20,1.0000000359116985038099301164038479328156e+00
21,1.0000000295801170224763154692482203245163e+00
22,1.0000000226468530595269612604170106351376e+00
23,1.0000000157081994078822617666446603834629e+00
24,1.0000000094102086123371009307447820901871e+00
25,1.0000000043757399925681284003076143562794e+00
26,1.0000000011239371655591412491048686206341e+00
27,1.0000000000002520206265899105346761643887e+00
28,1.0000000011239575936627943519852124154568e+00
29,1.0000000043757426571033875006833113729954e+00
30,1.0000000094100354175452594063244760036469e+00
31,1.0000000157081345708576236575026996433735e+00
32,1.0000000226470981967707984949811361730099e+00
33,1.0000000295795870020043594195158220827579e+00
34,1.0000000359117913184547887794906273484230e+00
35,1.0000000411588432225329370339750312268734e+00
36,1.0000000449855399597964833446894772350788e+00
37,1.0000000472181189703491099862731061875820e+00
38,1.0000000478375477008796679001534357666969e+00
39,1.0000000469502408062538734156987629830837e+00
40,1.0000000447627939159644938627025112509727e+00
41,1.0000000415386556262831163621740415692329e+00
42,1.0000000375672863928144806777709163725376e+00
43,1.0000000375671267427435395802604034543037e+00
44,1.0000000415389995733761452356702648103237e+00
45,1.0000000447628185629156405411777086555958e+00
46,1.0000000469506427069887877223663963377476e+00
47,1.0000000478370447698495127042406238615513e+00
48,1.0000000472187717814875895783188752830029e+00
49,1.0000000449856591977493280865019187331200e+00
50,1.0000000411588942927920697911758907139301e+00
51,1.0000000359117275916531752955052070319653e+00
52,1.0000000295798965321836249131592921912670e+00
53,1.0000000226467948838404709022142924368382e+00
54,1.0000000157081774254663741885451599955559e+00
55,1.0000000094099996683638664762838743627071e+00
56,1.0000000043756678280715277651324868202209e+00
57,1.0000000011238812103187001412152312695980e+00
58,1.0000000000000690558721316847368143498898e+00
59,1.0000000011238594499474174881470389664173e+00
60,1.0000000043751917644385684980079531669617e+00
61,1.0000000094100602865410110098309814929962e+00
62,1.0000000157081259111180315812816843390465e+00
63,1.0000000226470533437606036386569030582905e+00
64,1.0000000295795490323769172391621395945549e+00
65,1.0000000359118330628405146853765472769737e+00
66,1.0000000411585190374097464882652275264263e+00
67,1.0000000449855439565993719952530227601528e+00
68,1.0000000472179579880105393385747447609901e+00
69,1.0000000478370345557976861528004519641399e+00
70,1.0000000469502283717559976139455102384090e+00
71,1.0000000447634287414899745272123254835606e+00
72,1.0000000415384711072164236611570231616497e+00
73,1.0000000375673256947095524083124473690987e+00
74,1.0000000375676787456313832080923020839691e+00
75,1.0000000415382093166272170492447912693024e+00
76,1.0000000447631145483740056079113855957985e+00
77,1.0000000469509331413320296633173711597919e+00
78,1.0000000478374624357513766881311312317848e+00
79,1.0000000472183414590432448676438070833683e+00
80,1.0000000449853205797268174137570895254612e+00
81,1.0000000411587852688910516008036211133003e+00
82,1.0000000359121405946183358537382446229458e+00
83,1.0000000295797422111832020164001733064651e+00
84,1.0000000226471084108226250464213080704212e+00
85,1.0000000157079778073665465853991918265820e+00
86,1.0000000094102885483948739420156925916672e+00
87,1.0000000043757371059882643749006092548370e+00
88,1.0000000011240559594227761408546939492226e+00
89,1.0000000000001780797731498751090839505196e+00
90,1.0000000011241807484907440084498375654221e+00
91,1.0000000043758554557626894165878184139729e+00
92,1.0000000094099930070257187253446318209171e+00
93,1.0000000157082300500377414209651760756969e+00
94,1.0000000226471810194084355316590517759323e+00
95,1.0000000295800783867150585138006135821342e+00
96,1.0000000359116985038099301164038479328156e+00
97,1.0000000411590206361722721339901909232140e+00
98,1.0000000449855812600929994005127809941769e+00
99,1.0000000472181038713159750841441564261913e+00
100,1.0000000478373389789510383707238361239433e+00
101,1.0000000469506713507428230514051392674446e+00
102,1.0000000447630046362945677174138836562634e+00
103,1.0000000415385394969547405707999132573605e+00
104,1.0000000375676083574916219731676392257214e+00
105,1.0000000375672712937813457756419666111469e+00
106,1.0000000415388632379887212664471007883549e+00
107,1.0000000447632273470333075238158926367760e+00
108,1.0000000469510543776863187304115854203701e+00
109,1.0000000478375006274234237935161218047142e+00
110,1.0000000472183057098618519376032054424286e+00
111,1.0000000449857535667064212248078547418118e+00
112,1.0000000411588918503014156158315017819405e+00
113,1.0000000359116985038099301164038479328156e+00
114,1.0000000295801170224763154692482203245163e+00
115,1.0000000226468530595269612604170106351376e+00
116,1.0000000157081994078822617666446603834629e+00
117,1.0000000094102086123371009307447820901871e+00
118,1.0000000043757399925681284003076143562794e+00
119,1.0000000011239371655591412491048686206341e+00
120,1.0000000000002520206265899105346761643887e+00
121,1.0000000011239575936627943519852124154568e+00
122,1.0000000043757426571033875006833113729954e+00
123,1.0000000094100354175452594063244760036469e+00
124,1.0000000157081345708576236575026996433735e+00
125,1.0000000226470981967707984949811361730099e+00
126,1.0000000295795870020043594195158220827579e+00
127,1.0000000359117913184547887794906273484230e+00
128,1.0000000411588432225329370339750312268734e+00
129,1.0000000449855399597964833446894772350788e+00
130,1.0000000472181189703491099862731061875820e+00
131,1.0000000478375477008796679001534357666969e+00
132,1.0000000469502408062538734156987629830837e+00
133,1.0000000447627939159644938627025112509727e+00
134,1.0000000415386556262831163621740415692329e+00
135,1.0000000375672863928144806777709163725376e+00
136,1.0000000375674620300969763775356113910675e+00
137,1.0000000415387797492172694546752609312534e+00
138,1.0000000447629155964079927798593416810036e+00
139,1.0000000469504848332746860251063480973244e+00
140,1.0000000478375294932220640475861728191376e+00
141,1.0000000472181649335823294677538797259331e+00
142,1.0000000449853339024031129156355746090412e+00
143,1.0000000411587852688910516008036211133003e+00
144,1.0000000359119025628018562201759777963161e+00
145,1.0000000295795157256861784844659268856049e+00
146,1.0000000226468104269628156544058583676815e+00
147,1.0000000157081889717858302901731804013252e+00
148,1.0000000094101506586952154975733719766140e+00
149,1.0000000043751815503867419465677812695503e+00
150,1.0000000011239638109117322528618387877941e+00
151,9.9999999999991817656308512596297077834606e-01
152,1.0000000011241518826921037543797865509987e+00
153,1.0000000043755041811976980170584283769131e+00
154,1.0000000094097132308235131858964450657368e+00
155,1.0000000157081159191108099548728205263615e+00
156,1.0000000226469107911242417685571126639843e+00
157,1.0000000295800306471249996320693753659725e+00
158,1.0000000359116250070456999310408718883991e+00
159,1.0000000411585776571854466965305618941784e+00
160,1.0000000449855326323245208186563104391098e+00
161,1.0000000472183037114604076123214326798916e+00
162,1.0000000478372430556817107571987435221672e+00
163,1.0000000469508019129705189698142930865288e+00
164,1.0000000447632384492635537753812968730927e+00
165,1.0000000415389469488047780032502487301826e+00
166,1.0000000375672370989121873208205215632915e+00
167,1.0000000375674908958956166316056624054909e+00
168,1.0000000415387533259092833759495988488197e+00
169,1.0000000447624570742988225902081467211246e+00
170,1.0000000469506105105210735928267240524292e+00
171,1.0000000478371524614829013444250449538231e+00
172,1.0000000472181833632845382453524507582188e+00
173,1.0000000449854076212119480260298587381840e+00
174,1.0000000411586711379641201347112655639648e+00
175,1.0000000359118330628405146853765472769737e+00
176,1.0000000295798094906984943008865229785442e+00
177,1.0000000226470555642066528889699839055538e+00
178,1.0000000157079997897824341634986922144890e+00
179,1.0000000094100709446820474113337695598602e+00
180,1.0000000043751127165592151868622750043869e+00
181,1.0000000011240273156687408118159510195255e+00
182,9.9999999999982824849809048828319646418095e-01
183,1.0000000011238134867141980066662654280663e+00
184,1.0000000043756598344657504640053957700729e+00
185,1.0000000094100061076574093021918088197708e+00
186,1.0000000157081068152820080285891890525818e+00
187,1.0000000226468710451399601879529654979706e+00
188,1.0000000295799753580183732992736622691154e+00
189,1.0000000359114700199114622591878287494183e+00
190,1.0000000411588927384798353159567341208458e+00
191,1.0000000449855219741834844171535223722458e+00
192,1.0000000472186005850971923791803419589996e+00
193,1.0000000478366661837981155258603394031525e+00
194,1.0000000469502099420537888363469392061234e+00
195,1.0000000447631984812346672697458416223526e+00
196,1.0000000415385454921590735466452315449715e+00
197,1.0000000375671767027796477123047225177288e+00
198,1.0000000375670810015549250238109380006790e+00
199,1.0000000415387544361323080011061392724514e+00
200,1.0000000447629497912771512346807867288589e+00
201,1.0000000469504841671408712500124238431454e+00
202,1.0000000478376784851519687435938976705074e+00
203,1.0000000472183541155857255944283679127693e+00
204,1.0000000449856369932888355833711102604866e+00
205,1.0000000411588250148753331814077682793140e+00
206,1.0000000359120224668885157370823435485363e+00
207,1.0000000295798170402150617519509978592396e+00
208,1.0000000226470444619764066374045796692371e+00
209,1.0000000157080015661392735637491568922997e+00
210,1.0000000094097609704135720676276832818985e+00
211,1.0000000043755050693761177171836607158184e+00
212,1.0000000011241856334720523591386154294014e+00
213,9.9999999999983812948300965217640623450279e-01
214,1.0000000011237974995026434044120833277702e+00
215,1.0000000043756680501161326901637949049473e+00
216,1.0000000094101271219670934442547149956226e+00
217,1.0000000157081616602994245113222859799862e+00
218,1.0000000226468575004190597610431723296642e+00
219,1.0000000295800439698012951339478604495525e+00
220,1.0000000359117464654445939231663942337036e+00
221,1.0000000411584477610915655532153323292732e+00
222,1.0000000449858148510173805334488861262798e+00
223,1.0000000472184586985946452841744758188725e+00
224,1.0000000478374260204361689829966053366661e+00
225,1.0000000469502057232062952607520855963230e+00
226,1.0000000447632431122002572010387666523457e+00
227,1.0000000415389027619283979220199398696423e+00
228,1.0000000375672577490604453487321734428406e+00
229,1.0000000375670294872065824165474623441696e+00
230,1.0000000415385341678842223700485192239285e+00
231,1.0000000447628032418379007140174508094788e+00
232,1.0000000469503200761778316518757492303848e+00
233,1.0000000478370421053142536038649268448353e+00
234,1.0000000472184289446175853299791924655437e+00
235,1.0000000449858703621686117912759073078632e+00
236,1.0000000411586000836905441246926784515381e+00
237,1.0000000359115190917691506911069154739380e+00
238,1.0000000295798601168684172080247662961483e+00
239,1.0000000226465139974152407376095652580261e+00
240,1.0000000157080863871783549257088452577591e+00
241,1.0000000094102288183961491085938178002834e+00
242,1.0000000043756200884814688834012486040592e+00
243,1.0000000011241907404979656348587013781071e+00
244,1.0000000000000930366894635881180875003338e+00
245,1.0000000011236076513654325026436708867550e+00
246,1.0000000043754708745069592623622156679630e+00
247,1.0000000094099874559105955995619297027588e+00
248,1.0000000157082140628261868187109939754009e+00
249,1.0000000226471164044284023475483991205692e+00
250,1.0000000295796955818161677598254755139351e+00
251,1.0000000359119807225027898311964236199856e+00
252,1.0000000411586371651395666049211286008358e+00
253,1.0000000449855084294625839902437292039394e+00
254,1.0000000472180368138452877246891148388386e+00
255,1.0000000478374944101744858926394954323769e+00
256,1.0000000469502297040236271641333587467670e+00
257,1.0000000447627639399428289834759198129177e+00
258,1.0000000415388108354619589590583927929401e+00
259,1.0000000375674000796522022938006557524204e+00
260,1.0000000375670294872065824165474623441696e+00
261,1.0000000415385341678842223700485192239285e+00
262,1.0000000447628032418379007140174508094788e+00
263,1.0000000469503200761778316518757492303848e+00
264,1.0000000478370421053142536038649268448353e+00
265,1.0000000472184289446175853299791924655437e+00
266,1.0000000449858703621686117912759073078632e+00
267,1.0000000411586000836905441246926784515381e+00
268,1.0000000359115190917691506911069154739380e+00
269,1.0000000295798601168684172080247662961483e+00
270,1.0000000226465139974152407376095652580261e+00
271,1.0000000157080863871783549257088452577591e+00
272,1.0000000094102288183961491085938178002834e+00
273,1.0000000043756200884814688834012486040592e+00
274,1.0000000011241907404979656348587013781071e+00
275,1.0000000000000930366894635881180875003338e+00
276,1.0000000011236076513654325026436708867550e+00
277,1.0000000043754708745069592623622156679630e+00
278,1.0000000094099874559105955995619297027588e+00
279,1.0000000157082140628261868187109939754009e+00
280,1.0000000226471164044284023475483991205692e+00
281,1.0000000295796955818161677598254755139351e+00
282,1.0000000359119807225027898311964236199856e+00
283,1.0000000411586371651395666049211286008358e+00
284,1.0000000449855084294625839902437292039394e+00
285,1.0000000472180368138452877246891148388386e+00
286,1.0000000478374944101744858926394954323769e+00
287,1.0000000469502297040236271641333587467670e+00
288,1.0000000447627639399428289834759198129177e+00
289,1.0000000415388108354619589590583927929401e+00
290,1.0000000375674000796522022938006557524204e+00
291,1.0000000375674400476810887994361110031605e+00
292,1.0000000415386600671752148628002032637596e+00
293,1.0000000447631378630575227361987344920635e+00
294,1.0000000469505219147237085053347982466221e+00
295,1.0000000478373558543410126731032505631447e+00
296,1.0000000472186374445016099343774840235710e+00
297,1.0000000449854169470853548773447982966900e+00
298,1.0000000411590517224169616383733227849007e+00
299,1.0000000359119181059242009723675437271595e+00
300,1.0000000295803583849618689782801084220409e+00
301,1.0000000226472380848719012647052295506001e+00
302,1.0000000157081712082174362876685336232185e+00
303,1.0000000094101031411497615408734418451786e+00
304,1.0000000043754551093400095851393416523933e+00
305,1.0000000011240952613178478713962249457836e+00
306,1.0000000000002347011474057580926455557346e+00
307,1.0000000011239993380485202578711323440075e+00
308,1.0000000043753394241008436438278295099735e+00
309,1.0000000094102041714450024301186203956604e+00
310,1.0000000157079820262140401609940454363823e+00
311,1.0000000226469900610482000047340989112854e+00
312,1.0000000295799371663463261938886716961861e+00
313,1.0000000359119212145486699228058569133282e+00
314,1.0000000411587752768838299743947573006153e+00
315,1.0000000449854553608020069077610969543457e+00
316,1.0000000472182282162947331016766838729382e+00
317,1.0000000478371315892900383914820849895477e+00
318,1.0000000469507723810380639406503178179264e+00
319,1.0000000447633876632380633964203298091888e+00
320,1.0000000415388663466131902168854139745235e+00
321,1.0000000375675035524380973583902232348919e+00
322,1.0000000375670810015549250238109380006790e+00
323,1.0000000415387544361323080011061392724514e+00
324,1.0000000447629497912771512346807867288589e+00
325,1.0000000469504841671408712500124238431454e+00
326,1.0000000478376784851519687435938976705074e+00
327,1.0000000472183541155857255944283679127693e+00
328,1.0000000449856369932888355833711102604866e+00
329,1.0000000411588250148753331814077682793140e+00
330,1.0000000359120224668885157370823435485363e+00
331,1.0000000295798170402150617519509978592396e+00
332,1.0000000226470444619764066374045796692371e+00
333,1.0000000157080015661392735637491568922997e+00
334,1.0000000094097609704135720676276832818985e+00
335,1.0000000043755050693761177171836607158184e+00
336,1.0000000011241856334720523591386154294014e+00
337,9.9999999999983812948300965217640623450279e-01
338,1.0000000011237974995026434044120833277702e+00
339,1.0000000043756680501161326901637949049473e+00
340,1.0000000094101271219670934442547149956226e+00
341,1.0000000157081616602994245113222859799862e+00
342,1.0000000226468575004190597610431723296642e+00
343,1.0000000295800439698012951339478604495525e+00
344,1.0000000359117464654445939231663942337036e+00
345,1.0000000411584477610915655532153323292732e+00
346,1.0000000449858148510173805334488861262798e+00
347,1.0000000472184586985946452841744758188725e+00
348,1.0000000478374260204361689829966053366661e+00
349,1.0000000469502057232062952607520855963230e+00
350,1.0000000447632431122002572010387666523457e+00
351,1.0000000415389027619283979220199398696423e+00
352,1.0000000375672575270158404237008653581142e+00
353,1.0000000375672646324431980247027240693569e+00
354,1.0000000415389505015184568037511780858040e+00
355,1.0000000447631669509007679153000935912132e+00
356,1.0000000469510073042300746237742714583874e+00
357,1.0000000478375119516982749701128341257572e+00
358,1.0000000472186494349102758860681205987930e+00
359,1.0000000449856636386414265871280804276466e+00
360,1.0000000411587490756204488207004033029079e+00
361,1.0000000359117160453337191938771866261959e+00
362,1.0000000295798543437086891572107560932636e+00
363,1.0000000226468455100103938093525357544422e+00
364,1.0000000157081323504115744071896187961102e+00
365,1.0000000094097358793732155390898697078228e+00
366,1.0000000043756041012699142811470665037632e+00
367,1.0000000011240557373781712158233858644962e+00
368,9.9999999999987199128526071945088915526867e-01
369,1.0000000011240308683824196123168803751469e+00
370,1.0000000043756356316038136355928145349026e+00
371,1.0000000094098058234237669239519163966179e+00
372,1.0000000157080992657654405775247141718864e+00
373,1.0000000226471810194084355316590517759323e+00
374,1.0000000295794553295536388759501278400421e+00
375,1.0000000359114875614352513366611674427986e+00
376,1.0000000411586142945452593266963958740234e+00
377,1.0000000449854049566766889256541617214680e+00
378,1.0000000472183792066260821229661814868450e+00
379,1.0000000478372204071320084040053188800812e+00
380,1.0000000469502130506782577867852523922920e+00
381,1.0000000447629744382282979131559841334820e+00
382,1.0000000415387120256127673201262950897217e+00
383,1.0000000375677795538820191723061725497246e+00
384,1.0000000375670679009232344469637610018253e+00
385,1.0000000415388650143455606666975654661655e+00
386,1.0000000447629748823175077632186003029346e+00
387,1.0000000469503200761778316518757492303848e+00
388,1.0000000478374098111800094557111151516438e+00
389,1.0000000472184360500449429309810511767864e+00
390,1.0000000449856580875263034613453783094883e+00
391,1.0000000411584035742151854719850234687328e+00
392,1.0000000359115190917691506911069154739380e+00
393,1.0000000295801210192792041198117658495903e+00
394,1.0000000226469341058077588968444615602493e+00
395,1.0000000157080863871783549257088452577591e+00
396,1.0000000094101337833052411951939575374126e+00
397,1.0000000043755861156569153536111116409302e+00
398,1.0000000011239322805778328984160907566547e+00
399,9.9999999999983468779163331419113092124462e-01
400,1.0000000011239276176411294727586209774017e+00
401,1.0000000043757675260991391041898168623447e+00
402,1.0000000094099874559105955995619297027588e+00
403,1.0000000157082140628261868187109939754009e+00
404,1.0000000226470358022368145611835643649101e+00
405,1.0000000295795039573221174578065983951092e+00
406,1.0000000359118175197181699331849813461304e+00
407,1.0000000411589700100023492268519476056099e+00
408,1.0000000449854558048912167578237131237984e+00
409,1.0000000472183938615700071750325150787830e+00
410,1.0000000478374944101744858926394954323769e+00
411,1.0000000469504808364717973745428025722504e+00
412,1.0000000447623185184653493706719018518925e+00
413,1.0000000415386975927134471930912695825100e+00
414,1.0000000375674000796522022938006557524204e+00
415,1.0000000375670727859045427976525388658047e+00
416,1.0000000415385024155057180905714631080627e+00
417,1.0000000447629147082295730797341093420982e+00
418,1.0000000469504872757653402004507370293140e+00
419,1.0000000478371926515563927750918082892895e+00
420,1.0000000472186663103002501884475350379944e+00
421,1.0000000449856329964859469328075647354126e+00
422,1.0000000411589287097058331710286438465118e+00
423,1.0000000359117473536230136232916265726089e+00
424,1.0000000295801130256734268186846747994423e+00
425,1.0000000226469685227215222766972146928310e+00
426,1.0000000157081061491481932534952647984028e+00
427,1.0000000094098009384424585732631385326385e+00
428,1.0000000043756418488527515364694409072399e+00
429,1.0000000011239864594614346060552634298801e+00
430,9.9999999999980504483687582251150161027908e-01
431,1.0000000011239369435145363240735605359077e+00
432,1.0000000043754344591917515572276897728443e+00
433,1.0000000094103058678740580944577232003212e+00
434,1.0000000157081112561741065292153507471085e+00
435,1.0000000226469833997100522537948563694954e+00
436,1.0000000295796620530808240800979547202587e+00
437,1.0000000359118004222835907057742588222027e+00
438,1.0000000411584710757750826815026812255383e+00
439,1.0000000449857258111308055958943441510201e+00
440,1.0000000472182806188214954090653918683529e+00
441,1.0000000478372348400313285310403443872929e+00
442,1.0000000469505780920087545382557436823845e+00
443,1.0000000447628911715014510264154523611069e+00
444,1.0000000415386800511896581156179308891296e+00
445,1.0000000375674160668637568960548378527164e+00
446,1.0000000375670963226326648509711958467960e+00
447,1.0000000415387741981021463288925588130951e+00
448,1.0000000447627557242924467573175206780434e+00
449,1.0000000469504037869938883886788971722126e+00
450,1.0000000478374155843397375065251253545284e+00
451,1.0000000472186991729017790930811315774918e+00
452,1.0000000449852957107310658102505840361118e+00
453,1.0000000411590372895176415113382972776890e+00
454,1.0000000359119181059242009723675437271595e+00
455,1.0000000295800210992069878557231277227402e+00
456,1.0000000226471275066586485991138033568859e+00
457,1.0000000157081641027900786866666749119759e+00
458,1.0000000094099317227147594167036004364491e+00
459,1.0000000043755121748034753181855194270611e+00
460,1.0000000011238110442235438313218764960766e+00
461,1.0000000000000643929354282590793445706367e+00
462,1.0000000011239986719147054827772080898285e+00
463,1.0000000043756243073289624589961022138596e+00
464,1.0000000094102305947529885088442824780941e+00
465,1.0000000157081538887382521352265030145645e+00
466,1.0000000226470733277750468914746306836605e+00
467,1.0000000295800235416976420310675166547298e+00
468,1.0000000359119212145486699228058569133282e+00
469,1.0000000411587683935010772984242066740990e+00
470,1.0000000449855035444812756395549513399601e+00
471,1.0000000472180028410207341948989778757095e+00
472,1.0000000478374078127785651304293423891068e+00
473,1.0000000469506431510779975724290125072002e+00
474,1.0000000447629642241764713617158122360706e+00
475,1.0000000415384953100783604895696043968201e+00
476,1.0000000375671946883926466398406773805618e+00
477,1.0000000375673914199126102175796404480934e+00
478,1.0000000415389505015184568037511780858040e+00
479,1.0000000447631669509007679153000935912132e+00
480,1.0000000469510073042300746237742714583874e+00
481,1.0000000478375119516982749701128341257572e+00
482,1.0000000472186494349102758860681205987930e+00
483,1.0000000449856636386414265871280804276466e+00
484,1.0000000411587490756204488207004033029079e+00
485,1.0000000359117160453337191938771866261959e+00
486,1.0000000295798543437086891572107560932636e+00
487,1.0000000226468455100103938093525357544422e+00
488,1.0000000157081323504115744071896187961102e+00
489,1.0000000094097358793732155390898697078228e+00
490,1.0000000043756041012699142811470665037632e+00
491,1.0000000011240557373781712158233858644962e+00
492,9.9999999999987199128526071945088915526867e-01
493,1.0000000011240308683824196123168803751469e+00
494,1.0000000043756356316038136355928145349026e+00
495,1.0000000094098058234237669239519163966179e+00
496,1.0000000157080992657654405775247141718864e+00
497,1.0000000226471810194084355316590517759323e+00
498,1.0000000295794553295536388759501278400421e+00
499,1.0000000359114875614352513366611674427986e+00
500,1.0000000411586142945452593266963958740234e+00
501,1.0000000449854049566766889256541617214680e+00
502,1.0000000472183792066260821229661814868450e+00
503,1.0000000478372204071320084040053188800812e+00
504,1.0000000469502130506782577867852523922920e+00
505,1.0000000447629744382282979131559841334820e+00
506,1.0000000415387120256127673201262950897217e+00
507,1.0000000375677795538820191723061725497246e+00
508,1.0000000375673234742635031579993665218353e+00
509,1.0000000415387992891425028574303723871708e+00
510,1.0000000447631183231322893334436230361462e+00
511,1.0000000469510716971655028828536160290241e+00
512,1.0000000478376132040381207843893207609653e+00
513,1.0000000472191001854582736996235325932503e+00
514,1.0000000449856114581592692047706805169582e+00
515,1.0000000411587859350248663758975453674793e+00
516,1.0000000359117282577869900705991312861443e+00
517,1.0000000295800561822545660106698051095009e+00
518,1.0000000226471390529781047007418237626553e+00
519,1.0000000157080628504502328723901882767677e+00
520,1.0000000094095702340979414657340385019779e+00
521,1.0000000043755150613833393435925245285034e+00
522,1.0000000011240557373781712158233858644962e+00
523,9.9999999999981181719732603596639819443226e-01
524,1.0000000011239433828080791499814949929714e+00
525,1.0000000043759134094045748497592285275459e+00
526,1.0000000094098495662109371551196090877056e+00
527,1.0000000157085153773550700861960649490356e+00
528,1.0000000226469833997100522537948563694954e+00
529,1.0000000295794553295536388759501278400421e+00
530,1.0000000359118004222835907057742588222027e+00
531,1.0000000411586162929467036519781686365604e+00
532,1.0000000449854906658941899877390824258327e+00
533,1.0000000472185264221991474187234416604042e+00
534,1.0000000478370536516337097054929472506046e+00
535,1.0000000469501668654004333802731707692146e+00
536,1.0000000447629744382282979131559841334820e+00
537,1.0000000415386800511896581156179308891296e+00
538,1.0000000375677795538820191723061725497246e+00
539,1.0000000375676787456313832080923020839691e+00
540,1.0000000415382093166272170492447912693024e+00
541,1.0000000447631145483740056079113855957985e+00
542,1.0000000469509331413320296633173711597919e+00
543,1.0000000478374624357513766881311312317848e+00
544,1.0000000472183414590432448676438070833683e+00
545,1.0000000449853205797268174137570895254612e+00
546,1.0000000411587852688910516008036211133003e+00
547,1.0000000359121405946183358537382446229458e+00
548,1.0000000295797422111832020164001733064651e+00
549,1.0000000226471084108226250464213080704212e+00
550,1.0000000157079778073665465853991918265820e+00
551,1.0000000094102885483948739420156925916672e+00
552,1.0000000043757371059882643749006092548370e+00
553,1.0000000011240559594227761408546939492226e+00
554,1.0000000000001780797731498751090839505196e+00
555,1.0000000011241807484907440084498375654221e+00
556,1.0000000043758554557626894165878184139729e+00
557,1.0000000094099930070257187253446318209171e+00
558,1.0000000157082300500377414209651760756969e+00
559,1.0000000226471810194084355316590517759323e+00
560,1.0000000295800783867150585138006135821342e+00
561,1.0000000359116985038099301164038479328156e+00
562,1.0000000411590206361722721339901909232140e+00
563,1.0000000449855812600929994005127809941769e+00
564,1.0000000472181038713159750841441564261913e+00
565,1.0000000478373389789510383707238361239433e+00
566,1.0000000469506713507428230514051392674446e+00
567,1.0000000447630046362945677174138836562634e+00
568,1.0000000415385394969547405707999132573605e+00
569,1.0000000375676654229550877062138170003891e+00
570,1.0000000375675861530311294700368307530880e+00
571,1.0000000415386673946471773888333700597286e+00
572,1.0000000447629102673374745791079476475716e+00
573,1.0000000469504841671408712500124238431454e+00
574,1.0000000478376784851519687435938976705074e+00
575,1.0000000472181393984527630891534499824047e+00
576,1.0000000449853287953771996399154886603355e+00
577,1.0000000411588305659904563071904703974724e+00
578,1.0000000359120224668885157370823435485363e+00
579,1.0000000295797364380234739655861631035805e+00
580,1.0000000226471386088888948506792075932026e+00
581,1.0000000157080015661392735637491568922997e+00
582,1.0000000094098839831247005349723622202873e+00
583,1.0000000043754420087083190082921646535397e+00
584,1.0000000011239726926959292541141621768475e+00
585,1.0000000000000368594044175551971420645714e+00
586,1.0000000011237974995026434044120833277702e+00
587,1.0000000043756609446887750891619361937046e+00
588,1.0000000094098966396671812617569230496883e+00
589,1.0000000157081190277352789053111337125301e+00
590,1.0000000226471581488141282534343190491199e+00
591,1.0000000295802602412464921144419349730015e+00
592,1.0000000359114864512122267115046270191669e+00
593,1.0000000411584477610915655532153323292732e+00
594,1.0000000449855543926958034717245027422905e+00
595,1.0000000472185646138711945241084322333336e+00
596,1.0000000478367434553206294367555528879166e+00
597,1.0000000469502057232062952607520855963230e+00
598,1.0000000447631824940231126674916595220566e+00
599,1.0000000415385326135719878948293626308441e+00
600,1.0000000375672444263841498468536883592606e+00
601,1.0000000375674500396883104258449748158455e+00
602,1.0000000415387992891425028574303723871708e+00
603,1.0000000447631183231322893334436230361462e+00
604,1.0000000469510716971655028828536160290241e+00
605,1.0000000478376132040381207843893207609653e+00
606,1.0000000472191001854582736996235325932503e+00
607,1.0000000449856114581592692047706805169582e+00
608,1.0000000411587859350248663758975453674793e+00
609,1.0000000359117282577869900705991312861443e+00
610,1.0000000295800561822545660106698051095009e+00
611,1.0000000226471390529781047007418237626553e+00
612,1.0000000157080628504502328723901882767677e+00
613,1.0000000094095702340979414657340385019779e+00
614,1.0000000043755150613833393435925245285034e+00
615,1.0000000011240557373781712158233858644962e+00
616,9.9999999999981181719732603596639819443226e-01
617,1.0000000011239433828080791499814949929714e+00
618,1.0000000043759134094045748497592285275459e+00
619,1.0000000094098495662109371551196090877056e+00
620,1.0000000157085153773550700861960649490356e+00
621,1.0000000226469833997100522537948563694954e+00
622,1.0000000295794553295536388759501278400421e+00
623,1.0000000359118004222835907057742588222027e+00
624,1.0000000411586162929467036519781686365604e+00
625,1.0000000449854906658941899877390824258327e+00
626,1.0000000472185264221991474187234416604042e+00
627,1.0000000478370536516337097054929472506046e+00
628,1.0000000469501668654004333802731707692146e+00
629,1.0000000447629744382282979131559841334820e+00
630,1.0000000415386800511896581156179308891296e+00
631,1.0000000375677795538820191723061725497246e+00
632,1.0000000375679671815731808237615041434765e+00
633,1.0000000415387797492172694546752609312534e+00
634,1.0000000447629155964079927798593416810036e+00
635,1.0000000469504848332746860251063480973244e+00
636,1.0000000478375294932220640475861728191376e+00
637,1.0000000472181649335823294677538797259331e+00
638,1.0000000449852548545237596044898964464664e+00
639,1.0000000411587852688910516008036211133003e+00
640,1.0000000359119025628018562201759777963161e+00
641,1.0000000295795157256861784844659268856049e+00
642,1.0000000226473049202979836991289630532265e+00
643,1.0000000157081847529383367145783267915249e+00
644,1.0000000094100387482143332817940972745419e+00
645,1.0000000043750485456683918528142385184765e+00
646,1.0000000011239944530672119071823544800282e+00
647,9.9999999999991817656308512596297077834606e-01
648,1.0000000011241518826921037543797865509987e+00
649,1.0000000043755041811976980170584283769131e+00
650,1.0000000094100018888099157265969552099705e+00
651,1.0000000157081587737195604859152808785439e+00
652,1.0000000226468830355486261396436020731926e+00
653,1.0000000295800306471249996320693753659725e+00
654,1.0000000359116250070456999310408718883991e+00
655,1.0000000411585776571854466965305618941784e+00
656,1.0000000449855326323245208186563104391098e+00
657,1.0000000472183037114604076123214326798916e+00
658,1.0000000478372557122241914839833043515682e+00
659,1.0000000469508019129705189698142930865288e+00
660,1.0000000447632384492635537753812968730927e+00
661,1.0000000415389469488047780032502487301826e+00
662,1.0000000375672692953799014503601938486099e+00
663,1.0000000375674908958956166316056624054909e+00
664,1.0000000415387533259092833759495988488197e+00
665,1.0000000447624570742988225902081467211246e+00
666,1.0000000469506105105210735928267240524292e+00
667,1.0000000478370938417072011361597105860710e+00
668,1.0000000472181687083406131932861171662807e+00
669,1.0000000449855874773419373013894073665142e+00
670,1.0000000411588343407487400327227078378201e+00
671,1.0000000359118330628405146853765472769737e+00
672,1.0000000295798094906984943008865229785442e+00
673,1.0000000226470555642066528889699839055538e+00
674,1.0000000157079997897824341634986922144890e+00
675,1.0000000094100709446820474113337695598602e+00
676,1.0000000043752370615379732043948024511337e+00
677,1.0000000011238592279028125631157308816910e+00
678,9.9999999999982824849809048828319646418095e-01
679,1.0000000011238134867141980066662654280663e+00
680,1.0000000043756598344657504640053957700729e+00
681,1.0000000094101268999224885192234069108963e+00
682,1.0000000157081068152820080285891890525818e+00
683,1.0000000226468710451399601879529654979706e+00
684,1.0000000295802513594622951131896115839481e+00
685,1.0000000359114700199114622591878287494183e+00
686,1.0000000411584413217980227273073978722095e+00
687,1.0000000449855219741834844171535223722458e+00
688,1.0000000472186005850971923791803419589996e+00
689,1.0000000478365800304914046137128025293350e+00
690,1.0000000469504655153940575473825447261333e+00
691,1.0000000447631984812346672697458416223526e+00
692,1.0000000415395604580481858647544868290424e+00
693,1.0000000375672577490604453487321734428406e+00
694,1.0000000375674400476810887994361110031605e+00
695,1.0000000415388141661310328345280140638351e+00
696,1.0000000447630099653650859181652776896954e+00
697,1.0000000469505219147237085053347982466221e+00
698,1.0000000478372290668716004802263341844082e+00
699,1.0000000472184717992263358610216528177261e+00
700,1.0000000449852388673122050022357143461704e+00
701,1.0000000411590517224169616383733227849007e+00
702,1.0000000359119181059242009723675437271595e+00
703,1.0000000295803583849618689782801084220409e+00
704,1.0000000226472380848719012647052295506001e+00
705,1.0000000157082258311902478453703224658966e+00
706,1.0000000094101031411497615408734418451786e+00
707,1.0000000043758539014504549413686618208885e+00
708,1.0000000011241805264461390834185294806957e+00
709,1.0000000000001780797731498751090839505196e+00
710,1.0000000011239993380485202578711323440075e+00
711,1.0000000043753682898994838978978805243969e+00
712,1.0000000094098335789993825528654269874096e+00
713,1.0000000157079820262140401609940454363823e+00
714,1.0000000226469900610482000047340989112854e+00
715,1.0000000295799371663463261938886716961861e+00
716,1.0000000359116869574904740147758275270462e+00
717,1.0000000411590259652427903347415849566460e+00
718,1.0000000449854817841099929864867590367794e+00
719,1.0000000472184642497097684099571779370308e+00
720,1.0000000478370183465415266255149617791176e+00
721,1.0000000469507723810380639406503178179264e+00
722,1.0000000447632542144305034526041708886623e+00
723,1.0000000415388134999972180594340898096561e+00
724,1.0000000375674815700222097802907228469849e+00
725,1.0000000375670727859045427976525388658047e+00
726,1.0000000415385297269921238694223575294018e+00
727,1.0000000447627874766709510367945767939091e+00
728,1.0000000469504872757653402004507370293140e+00
729,1.0000000478371422474310747929848730564117e+00
730,1.0000000472184435995615103820455260574818e+00
731,1.0000000449854711259689565849839709699154e+00
732,1.0000000411589180515647967695258557796478e+00
733,1.0000000359117473536230136232916265726089e+00
734,1.0000000295801130256734268186846747994423e+00
735,1.0000000226469685227215222766972146928310e+00
736,1.0000000157081061491481932534952647984028e+00
737,1.0000000094098009384424585732631385326385e+00
738,1.0000000043756418488527515364694409072399e+00
739,1.0000000011241227948488585752784274518490e+00
740,9.9999999999980504483687582251150161027908e-01
741,1.0000000011239369435145363240735605359077e+00
742,1.0000000043753904943599764010286889970303e+00
743,1.0000000094103236314424520969623699784279e+00
744,1.0000000157079271811966236782609485089779e+00
745,1.0000000226469833997100522537948563694954e+00
746,1.0000000295798143756798026515753008425236e+00
747,1.0000000359118004222835907057742588222027e+00
748,1.0000000411585407977810291413334198296070e+00
749,1.0000000449854464790178099065087735652924e+00
750,1.0000000472182806188214954090653918683529e+00
751,1.0000000478372348400313285310403443872929e+00
752,1.0000000469501886257717160333413630723953e+00
753,1.0000000447626158361913439875934273004532e+00
754,1.0000000415387972907410585321485996246338e+00
755,1.0000000375673581132218714628834277391434e+00
756,1.0000000375675861530311294700368307530880e+00
757,1.0000000415386673946471773888333700597286e+00
758,1.0000000447629102673374745791079476475716e+00
759,1.0000000469504841671408712500124238431454e+00
760,1.0000000478376784851519687435938976705074e+00
761,1.0000000472181393984527630891534499824047e+00
762,1.0000000449853287953771996399154886603355e+00
763,1.0000000411588305659904563071904703974724e+00
764,1.0000000359120224668885157370823435485363e+00
765,1.0000000295797364380234739655861631035805e+00
766,1.0000000226471386088888948506792075932026e+00
767,1.0000000157080015661392735637491568922997e+00
768,1.0000000094098839831247005349723622202873e+00
769,1.0000000043754420087083190082921646535397e+00
770,1.0000000011239726926959292541141621768475e+00
771,1.0000000000000368594044175551971420645714e+00
772,1.0000000011237974995026434044120833277702e+00
773,1.0000000043756609446887750891619361937046e+00
774,1.0000000094098966396671812617569230496883e+00
775,1.0000000157081190277352789053111337125301e+00
776,1.0000000226471581488141282534343190491199e+00
777,1.0000000295802602412464921144419349730015e+00
778,1.0000000359114864512122267115046270191669e+00
779,1.0000000411584477610915655532153323292732e+00
780,1.0000000449855543926958034717245027422905e+00
781,1.0000000472185646138711945241084322333336e+00
782,1.0000000478367434553206294367555528879166e+00
783,1.0000000469502057232062952607520855963230e+00
784,1.0000000447631824940231126674916595220566e+00
785,1.0000000415385326135719878948293626308441e+00
786,1.0000000375672444263841498468536883592606e+00
787,1.0000000375670974328556894761277362704277e+00
788,1.0000000415389995733761452356702648103237e+00
789,1.0000000447628185629156405411777086555958e+00
790,1.0000000469506427069887877223663963377476e+00
791,1.0000000478370447698495127042406238615513e+00
792,1.0000000472187717814875895783188752830029e+00
793,1.0000000449856591977493280865019187331200e+00
794,1.0000000411588942927920697911758907139301e+00
795,1.0000000359117275916531752955052070319653e+00
796,1.0000000295798965321836249131592921912670e+00
797,1.0000000226467948838404709022142924368382e+00
798,1.0000000157081774254663741885451599955559e+00
799,1.0000000094099996683638664762838743627071e+00
800,1.0000000043756678280715277651324868202209e+00
801,1.0000000011238812103187001412152312695980e+00
802,1.0000000000000690558721316847368143498898e+00
803,1.0000000011238594499474174881470389664173e+00
804,1.0000000043751917644385684980079531669617e+00
805,1.0000000094100602865410110098309814929962e+00
806,1.0000000157081259111180315812816843390465e+00
807,1.0000000226470533437606036386569030582905e+00
808,1.0000000295795490323769172391621395945549e+00
809,1.0000000359118330628405146853765472769737e+00
810,1.0000000411585190374097464882652275264263e+00
811,1.0000000449855439565993719952530227601528e+00
812,1.0000000472179579880105393385747447609901e+00
813,1.0000000478370345557976861528004519641399e+00
814,1.0000000469502283717559976139455102384090e+00
815,1.0000000447634287414899745272123254835606e+00
816,1.0000000415384711072164236611570231616497e+00
817,1.0000000375672921659742087285849265754223e+00
818,1.0000000375670963226326648509711958467960e+00
819,1.0000000415384411311947587819304317235947e+00
820,1.0000000447629642241764713617158122360706e+00
821,1.0000000469506431510779975724290125072002e+00
822,1.0000000478374078127785651304293423891068e+00
823,1.0000000472181944655147844969178549945354e+00
824,1.0000000449856996098674244421999901533127e+00
825,1.0000000411587852688910516008036211133003e+00
826,1.0000000359121405946183358537382446229458e+00
827,1.0000000295801343419554996216902509331703e+00
828,1.0000000226471794650962010564398951828480e+00
829,1.0000000157082706842004427016945555806160e+00
830,1.0000000094101175740490816679084673523903e+00
831,1.0000000043758510148705909159616567194462e+00
832,1.0000000011238854291661937168100848793983e+00
833,1.0000000000000643929354282590793445706367e+00
834,1.0000000011239245090166605223203077912331e+00
835,1.0000000043753987100103586271870881319046e+00
836,1.0000000094099332770269938919227570295334e+00
837,1.0000000157079438345419930556090548634529e+00
838,1.0000000226470104891518531076144427061081e+00
839,1.0000000295800146599134450298151932656765e+00
840,1.0000000359116985038099301164038479328156e+00
841,1.0000000411590206361722721339901909232140e+00
842,1.0000000449852957107310658102505840361118e+00
843,1.0000000472186991729017790930811315774918e+00
844,1.0000000478376027679416893079178407788277e+00
845,1.0000000469504515265839472704101353883743e+00
846,1.0000000447630099653650859181652776896954e+00
847,1.0000000415387741981021463288925588130951e+00
848,1.0000000375670963226326648509711958467960e+00
849,1.0000000375674500396883104258449748158455e+00
850,1.0000000415383965002291688506375066936016e+00
851,1.0000000447631949285209884692449122667313e+00
852,1.0000000469509406908485971143818460404873e+00
853,1.0000000478372448320385501574492081999779e+00
854,1.0000000472186729716383979393867775797844e+00
855,1.0000000449853965189817017744644545018673e+00
856,1.0000000411586222881510366278234869241714e+00
857,1.0000000359119447512767919761245138943195e+00
858,1.0000000295800344218832833576016128063202e+00
859,1.0000000226465852737334216726594604551792e+00
860,1.0000000157083399621171793114626780152321e+00
861,1.0000000094100136571739767532562837004662e+00
862,1.0000000043756021028684699558652937412262e+00
863,1.0000000011241678699036583566339686512947e+00
864,1.0000000000001536548666081216651946306229e+00
865,1.0000000011239795760786819300847128033638e+00
866,1.0000000043757968359869892083224840462208e+00
867,1.0000000094099867897767808244680054485798e+00
868,1.0000000157082087337556686179595999419689e+00
869,1.0000000226471834618990897070034407079220e+00
870,1.0000000295796149796245799734606407582760e+00
871,1.0000000359119025628018562201759777963161e+00
872,1.0000000411586189574819627523538656532764e+00
873,1.0000000449851351724817050126148387789726e+00
874,1.0000000472183634414591324457433074712753e+00
875,1.0000000478372079726341326022520661354065e+00
876,1.0000000469502126065890479367226362228394e+00
877,1.0000000447627201971556587523082271218300e+00
878,1.0000000415387240160214332718169316649437e+00
879,1.0000000375672486452316434224485419690609e+00
880,1.0000000375674500396883104258449748158455e+00
881,1.0000000415383965002291688506375066936016e+00
882,1.0000000447631949285209884692449122667313e+00
883,1.0000000469509406908485971143818460404873e+00
884,1.0000000478372448320385501574492081999779e+00
885,1.0000000472186729716383979393867775797844e+00
886,1.0000000449853965189817017744644545018673e+00
887,1.0000000411586222881510366278234869241714e+00
888,1.0000000359119447512767919761245138943195e+00
889,1.0000000295800344218832833576016128063202e+00
890,1.0000000226465852737334216726594604551792e+00
891,1.0000000157083399621171793114626780152321e+00
892,1.0000000094100136571739767532562837004662e+00
893,1.0000000043756021028684699558652937412262e+00
894,1.0000000011241678699036583566339686512947e+00
895,1.0000000000001536548666081216651946306229e+00
896,1.0000000011239795760786819300847128033638e+00
897,1.0000000043757968359869892083224840462208e+00
898,1.0000000094099867897767808244680054485798e+00
899,1.0000000157082087337556686179595999419689e+00
900,1.0000000226471834618990897070034407079220e+00
901,1.0000000295796149796245799734606407582760e+00
902,1.0000000359119025628018562201759777963161e+00
903,1.0000000411586189574819627523538656532764e+00
904,1.0000000449851351724817050126148387789726e+00
905,1.0000000472183634414591324457433074712753e+00
906,1.0000000478372079726341326022520661354065e+00
907,1.0000000469502126065890479367226362228394e+00
908,1.0000000447627201971556587523082271218300e+00
909,1.0000000415387240160214332718169316649437e+00
910,1.0000000375671531660515256589860655367374e+00
911,1.0000000375670974328556894761277362704277e+00
912,1.0000000415390422059402908416814170777798e+00
913,1.0000000447628032418379007140174508094788e+00
914,1.0000000469503409483706946048187091946602e+00
915,1.0000000478370421053142536038649268448353e+00
916,1.0000000472184289446175853299791924655437e+00
917,1.0000000449858703621686117912759073078632e+00
918,1.0000000411585905357725323483464308083057e+00
919,1.0000000359113319081671988897142000496387e+00
920,1.0000000295801210192792041198117658495903e+00
921,1.0000000226470071584827792321448214352131e+00
922,1.0000000157079385054714748548576608300209e+00
923,1.0000000094101337833052411951939575374126e+00
924,1.0000000043755861156569153536111116409302e+00
925,1.0000000011239322805778328984160907566547e+00
926,1.0000000000000930366894635881180875003338e+00
927,1.0000000011241856334720523591386154294014e+00
928,1.0000000043756607226441701641306281089783e+00
929,1.0000000094099874559105955995619297027588e+00
930,1.0000000157082140628261868187109939754009e+00
931,1.0000000226470358022368145611835643649101e+00
932,1.0000000295795348215222020371584221720695e+00
933,1.0000000359119807225027898311964236199856e+00
934,1.0000000411588028104148406782769598066807e+00
935,1.0000000449854558048912167578237131237984e+00
936,1.0000000472183938615700071750325150787830e+00
937,1.0000000478374944101744858926394954323769e+00
938,1.0000000469504808364717973745428025722504e+00
939,1.0000000447623185184653493706719018518925e+00
940,1.0000000415386975927134471930912695825100e+00
941,1.0000000375674000796522022938006557524204e+00
942,1.0000001030635692345072129683103412389755e+00
943,1.0000001035011449879164047160884365439415e+00
944,1.0000001030639984467285330538288690149784e+00
945,1.0000001017417639026518827449763193726540e+00
946,1.0000000995670050851771293309866450726986e+00
947,1.0000000966197106766486513151903636753559e+00
948,1.0000000930272054944225601502694189548492e+00
949,1.0000000889631930345302635032567195594311e+00
950,1.0000000846397074649729574957746081054211e+00
951,1.0000000802931792165395563642960041761398e+00
952,1.0000000761742158239542277442524209618568e+00
953,1.0000000725256363853787888729129917919636e+00
954,1.0000000695708892717306071062921546399593e+00
955,1.0000000674913864795456674983142875134945e+00
956,1.0000000664175181519510715588694438338280e+00
957,1.0000000664175727749238831165712326765060e+00
958,1.0000000674912594700316503804060630500317e+00
959,1.0000000695705937303614518896210938692093e+00
960,1.0000000725255082656417471298482269048691e+00
961,1.0000000761739034071950982252019457519054e+00
962,1.0000000802933248778003871848341077566147e+00
963,1.0000000846394057063548643782269209623337e+00
964,1.0000000889631297518178598693339154124260e+00
965,1.0000000930271648602598588695400394499302e+00
966,1.0000000966193556273253761901287361979485e+00
967,1.0000000995668509862213113592588342726231e+00
968,1.0000001017423414406692927514086477458477e+00
969,1.0000001030637628574027075956109911203384e+00
970,1.0000001035011465422286391913075931370258e+00
971,1.0000001030634968479660074081039056181908e+00
972,1.0000001035006320648790278937667608261108e+00
973,1.0000001032311496285132079719915054738522e+00
974,1.0000001019595088358471457468112930655479e+00
975,1.0000000996861213575783722262713126838207e+00
976,1.0000000964664097491407801499008201062679e+00
977,1.0000000924117495859633208965533412992954e+00
978,1.0000000876917198855409196767141111195087e+00
979,1.0000000825285513261775349747040309011936e+00
980,1.0000000771885357853108189374324865639210e+00
981,1.0000000719663604265008416405180469155312e+00
982,1.0000000671659832196525030667544342577457e+00
983,1.0000000630767302833845633358578197658062e+00
984,1.0000000599533971357146810987615026533604e+00
985,1.0000000579953165491531308362027630209923e+00
986,1.0000000573282175064804278008523397147655e+00
987,1.0000000579952159629470997970202006399632e+00
988,1.0000000599535940892792496015317738056183e+00
989,1.0000000630764693809737764240708202123642e+00
990,1.0000000671661508633292214653920382261276e+00
991,1.0000000719666923831852045623236335813999e+00
992,1.0000000771880894756549196245032362639904e+00
993,1.0000000825281547545131388687877915799618e+00
994,1.0000000876911034897176477898028679192066e+00
995,1.0000000924120779899340050178579986095428e+00
996,1.0000000964667334901747608455480076372623e+00
997,1.0000000996863849245244182384340092539787e+00
998,1.0000001019591295836619337933370843529701e+00
999,1.0000001032311796045348728512180969119072e+00
1000,1.0000001035007708427571060383343137800694e+00
1001,1.0000001030638079324575073769665323197842e+00
1002,1.0000001019590505357825804821914061903954e+00
1003,1.0000000997276805581037706360802985727787e+00
1004,1.0000000963902564432572717123548500239849e+00
1005,1.0000000920309006779973515222081914544106e+00
1006,1.0000000868027498768242367077618837356567e+00
1007,1.0000000809244158350708175930776633322239e+00
1008,1.0000000746763777481618262754636816680431e+00
1009,1.0000000683867980022512256255140528082848e+00
1010,1.0000000624080085387390681717079132795334e+00
1011,1.0000000570955014378426994881010614335537e+00
1012,1.0000000527783434733919420978054404258728e+00
1013,1.0000000497333159099611066267243586480618e+00
1014,1.0000000481584341294194473448442295193672e+00
1015,1.0000000481584594425044087984133511781693e+00
1016,1.0000000497332333093680745150777511298656e+00
1017,1.0000000527783785564395202527521178126335e+00
1018,1.0000000570955893675062498004990629851818e+00
1019,1.0000000624077154398605671303812414407730e+00
1020,1.0000000683866714368264183576684445142746e+00
1021,1.0000000746766610770777106154127977788448e+00
1022,1.0000000809242184374170392402447760105133e+00
1023,1.0000000868024154776492196106119081377983e+00
1024,1.0000000920310634366927615701570175588131e+00
1025,1.0000000963902857531451218164875172078609e+00
1026,1.0000000997275735326041967709898017346859e+00
1027,1.0000001019596476137252238913788460195065e+00
1028,1.0000001030637633014919174456736072897911e+00
1029,1.0000001017419932747287703023175708949566e+00
1030,1.0000000996861826418893315349123440682888e+00
1031,1.0000000963902444528486057606642134487629e+00
1032,1.0000000919020608503018365809111855924129e+00
1033,1.0000000863458740063549612386850640177727e+00
1034,1.0000000799221655523041363267111591994762e+00
1035,1.0000000729115283704118155583273619413376e+00
1036,1.0000000656555141365089411920052953064442e+00
1037,1.0000000585453074908315329594188369810581e+00
1038,1.0000000519910086094199641593149863183498e+00
1039,1.0000000463932379179965437288046814501286e+00
1040,1.0000000421078272250241525398450903594494e+00
1041,1.0000000394157244620885194308357313275337e+00
1042,1.0000000384983083190348907010047696530819e+00
1043,1.0000000394159733740906403909320943057537e+00
1044,1.0000000421075665446579705530893988907337e+00
1045,1.0000000463926796978597622000961564481258e+00
1046,1.0000000519908138763014449068577960133553e+00
1047,1.0000000585449062562304334278451278805733e+00
1048,1.0000000656553491573674818937433883547783e+00
1049,1.0000000729113500685940607581869699060917e+00
1050,1.0000000799226613779069339216221123933792e+00
1051,1.0000000863458484712253948600846342742443e+00
1052,1.0000000919024074619301245547831058502197e+00
1053,1.0000000963904034367857320830808021128178e+00
1054,1.0000000996862281610333411663305014371872e+00
1055,1.0000001017418882476306407625088468194008e+00
1056,1.0000000995671574077761079024639911949635e+00
1057,1.0000000964668487313247169367969036102295e+00
1058,1.0000000920311991059463707642862573266029e+00
1059,1.0000000863457563227143509720917791128159e+00
1060,1.0000000795821328836154862074181437492371e+00
1061,1.0000000720004829091180909017566591501236e+00
1062,1.0000000639439856620072077930672094225883e+00
1063,1.0000000558217978507968837220687419176102e+00
1064,1.0000000480856148232788882523891516029835e+00
1065,1.0000000411965304092376527478336356580257e+00
1066,1.0000000355862002088258577714441344141960e+00
1067,1.0000000316225656771251806276268325746059e+00
1068,1.0000000295703990182971665490185841917992e+00
1069,1.0000000295705488984054909451515413820744e+00
1070,1.0000000316224384455665585846873000264168e+00
1071,1.0000000355862757039915322820888832211494e+00
1072,1.0000000411964897750749514671042561531067e+00
1073,1.0000000480859581042381023507914505898952e+00
1074,1.0000000558218817836575453839031979441643e+00
1075,1.0000000639441986027833308980916626751423e+00
1076,1.0000000720006978482956583320628851652145e+00
1077,1.0000000795818289045513438395573757588863e+00
1078,1.0000000863454800992258242331445217132568e+00
1079,1.0000000920308032004157894334639422595501e+00
1080,1.0000000964665196612202180403983220458031e+00
1081,1.0000000995675082382518894519307650625706e+00
1082,1.0000000966195783380641159965307451784611e+00
1083,1.0000000924119518685984076000750064849854e+00
1084,1.0000000868023846134491350312600843608379e+00
1085,1.0000000799220920555399061413481831550598e+00
1086,1.0000000720005348675556433590827509760857e+00
1087,1.0000000633611525469035541391349397599697e+00
1088,1.0000000544146985248517012223601341247559e+00
1089,1.0000000456344420030063702142797410488129e+00
1090,1.0000000375262136920184730115579441189766e+00
1091,1.0000000305886262985666235181270167231560e+00
1092,1.0000000252702336833721119546680711209774e+00
1093,1.0000000219251066191361587698338553309441e+00
1094,1.0000000207843160460186027194140478968620e+00
1095,1.0000000219254188138506833638530224561691e+00
1096,1.0000000252698866276546141307335346937180e+00
1097,1.0000000305887606355526031620684079825878e+00
1098,1.0000000375264030960664740632637403905392e+00
1099,1.0000000456344304566869141126517206430435e+00
1100,1.0000000544146505632170374155975878238678e+00
1101,1.0000000633615573342183324712095782160759e+00
1102,1.0000000720005117749167311558267101645470e+00
1103,1.0000000799225421399540891798096708953381e+00
1104,1.0000000868023630751224573032232001423836e+00
1105,1.0000000924121015266621270711766555905342e+00
1106,1.0000000966197661877998825730173848569393e+00
1107,1.0000000930272014976196714997058734297752e+00
1108,1.0000000876917958247958040374214760959148e+00
1109,1.0000000809241909038860285363625735044479e+00
1110,1.0000000729113547315307641838444396853447e+00
1111,1.0000000639441635197357527431449852883816e+00
1112,1.0000000544144538316970738378586247563362e+00
1113,1.0000000447984749296637119186925701797009e+00
1114,1.0000000356268838874740367828053422272205e+00
1115,1.0000000274471614325477730744751170277596e+00
1116,1.0000000207777242078321933149709366261959e+00
1117,1.0000000160599262777338935848092660307884e+00
1118,1.0000000136164775010882976857828907668591e+00
1119,1.0000000136162179309451403241837397217751e+00
1120,1.0000000160598883081064514044555835425854e+00
1121,1.0000000207777182126278603391256183385849e+00
1122,1.0000000274472626848876188887516036629677e+00
1123,1.0000000356265592582616363870329223573208e+00
1124,1.0000000447986097107389014126965776085854e+00
1125,1.0000000544146157022140641856822185218334e+00
1126,1.0000000639442498950870685803238302469254e+00
1127,1.0000000729112719088931271471665240824223e+00
1128,1.0000000809239801835559546816512010991573e+00
1129,1.0000000876920023262783843165379948914051e+00
1130,1.0000000930272152643851768516469746828079e+00
1131,1.0000000889634952372375664708670228719711e+00
1132,1.0000000825278847482735500307171605527401e+00
1133,1.0000000746765032033636089181527495384216e+00
1134,1.0000000656556231604099593823775649070740e+00
1135,1.0000000558218919977093719353433698415756e+00
1136,1.0000000456341151533479205681942403316498e+00
1137,1.0000000356267304546520335861714556813240e+00
1138,1.0000000263756676499582454198389314115047e+00
1139,1.0000000184512254364221917057875543832779e+00
1140,1.0000000123702790233437553979456424713135e+00
1141,1.0000000085437195096460527565795928239822e+00
1142,1.0000000072377808191248504954273812472820e+00
1143,1.0000000085438880415011908553424291312695e+00
1144,1.0000000123699821497069706310867331922054e+00
1145,1.0000000184511796952335771493380889296532e+00
1146,1.0000000263754498242008139641257002949715e+00
1147,1.0000000356271583346057241215021349489689e+00
1148,1.0000000456342916788088359680841676890850e+00
1149,1.0000000558217678747752188428421504795551e+00
1150,1.0000000656552439082247474289033561944962e+00
1151,1.0000000746765513870428776499466039240360e+00
1152,1.0000000825281116778597834127140231430531e+00
1153,1.0000000889634508283165814646054059267044e+00
1154,1.0000000846394812015205388888716697692871e+00
1155,1.0000000771884038908154934688354842364788e+00
1156,1.0000000683864673778344922538963146507740e+00
1157,1.0000000585450807832899045024532824754715e+00
1158,1.0000000480857458295957940208609215915203e+00
1159,1.0000000375264452845414098192122764885426e+00
1160,1.0000000274471658734398715751012787222862e+00
1161,1.0000000184511430578737645191722549498081e+00
1162,1.0000000111104931921346405943040736019611e+00
1163,1.0000000059155653708842237392673268914223e+00
1164,1.0000000032234652724838497306336648762226e+00
1165,1.0000000032235139002523283124901354312897e+00
1166,1.0000000059154898757185492286225780844688e+00
1167,1.0000000111105240563347251736558973789215e+00
1168,1.0000000184511528278363812205498106777668e+00
1169,1.0000000274470162153761521039996296167374e+00
1170,1.0000000375261781648816850065486505627632e+00
1171,1.0000000480857746953944342749309726059437e+00
1172,1.0000000585451140899806432571494951844215e+00
1173,1.0000000683867475981259076434071175754070e+00
1174,1.0000000771884878236761551306699402630329e+00
1175,1.0000000846396335241195174603490158915520e+00
1176,1.0000000802931541254991998357581906020641e+00
1177,1.0000000719666797266427238355390727519989e+00
1178,1.0000000624080520594816334778442978858948e+00
1179,1.0000000519906926399471558397635817527771e+00
1180,1.0000000411963267943349364941241219639778e+00
1181,1.0000000305888629981154736015014350414276e+00
1182,1.0000000207777983707302382754278369247913e+00
1183,1.0000000123700860665820755457389168441296e+00
1184,1.0000000059152065468026648886734619736671e+00
1185,1.0000000018526340461733070696936920285225e+00
1186,1.0000000004659337360379822712275199592113e+00
1187,1.0000000018527799294787428152631036937237e+00
1188,1.0000000059151925579925546117010526359081e+00
1189,1.0000000123700820697791868951753713190556e+00
1190,1.0000000207775716631886098184622824192047e+00
1191,1.0000000305886167506486117417807690799236e+00
1192,1.0000000411961451618481078185141086578369e+00
1193,1.0000000519908731622109598902170546352863e+00
1194,1.0000000624078182465126474198768846690655e+00
1195,1.0000000719665183002149433377780951559544e+00
1196,1.0000000802932325072447383718099445104599e+00
1197,1.0000000761735468035595886249211616814137e+00
1198,1.0000000671660598250412022025557234883308e+00
1199,1.0000000570957485734879810479469597339630e+00
1200,1.0000000463926490557042825457756407558918e+00
1201,1.0000000355861824452574637689394876360893e+00
1202,1.0000000252698482139379621003172360360622e+00
1203,1.0000000160598419007840220729121938347816e+00
1204,1.0000000085437106278618557553272694349289e+00
1205,1.0000000032232962965395017818082123994827e+00
1206,1.0000000004659097552206503678462468087673e+00
1207,1.0000000004659443941790186727303080260754e+00
1208,1.0000000032235227820365253137424588203430e+00
1209,1.0000000085436637764502165737212635576725e+00
1210,1.0000000160601154597372897114837542176247e+00
1211,1.0000000252699912106635338204796425998211e+00
1212,1.0000000355863727374838845207705162465572e+00
1213,1.0000000463929221705683403342845849692822e+00
1214,1.0000000570954470369144928554305806756020e+00
1215,1.0000000671658690887255716006620787084103e+00
1216,1.0000000761737637411386003805091604590416e+00
1217,1.0000000725255937528146432669018395245075e+00
1218,1.0000000630767182929758973841671831905842e+00
1219,1.0000000527784753678872675664024427533150e+00
1220,1.0000000421078103496341782374656759202480e+00
1221,1.0000000316225730045971431536599993705750e+00
1222,1.0000000219251659050456737531931139528751e+00
1223,1.0000000136160909214311232062755152583122e+00
1224,1.0000000072377037696469415095634758472443e+00
1225,1.0000000032232576607782448263606056571007e+00
1226,1.0000000018527901435305693667032755911350e+00
1227,1.0000000032232208013738272711634635925293e+00
1228,1.0000000072374997106550154057913459837437e+00
1229,1.0000000136163078590101349618635140359402e+00
1230,1.0000000219253573074951191301806829869747e+00
1231,1.0000000316225725605079333035973832011223e+00
1232,1.0000000421075041501239866192918270826340e+00
1233,1.0000000527788852622279591741971671581268e+00
1234,1.0000000630767940101861768198432400822639e+00
1235,1.0000000725255395739310415592626668512821e+00
1236,1.0000000695706194875356231932528316974640e+00
1237,1.0000000599540632695294561926857568323612e+00
1238,1.0000000497330412407848143629962578415871e+00
1239,1.0000000394161239203327795621589757502079e+00
1240,1.0000000295705617769925765969674102962017e+00
1241,1.0000000207844048638605727319372817873955e+00
1242,1.0000000136162940922446296099224127829075e+00
1243,1.0000000085439093577832636583480052649975e+00
1244,1.0000000059156091136713939704350195825100e+00
1245,1.0000000059154634524105631498969160020351e+00
1246,1.0000000085439872954395923443371430039406e+00
1247,1.0000000136162630059999401055392809212208e+00
1248,1.0000000207841190924540342166437767446041e+00
1249,1.0000000295702140551412639979389496147633e+00
1250,1.0000000394160892813744112572749145328999e+00
1251,1.0000000497335088667227864789310842752457e+00
1252,1.0000000599535199263812046410748735070229e+00
1253,1.0000000695711914744379100739024579524994e+00
1254,1.0000000674912028486573944974225014448166e+00
1255,1.0000000579955761192962881978019140660763e+00
1256,1.0000000481582895783816411494626663625240e+00
1257,1.0000000384982914436449163986253552138805e+00
1258,1.0000000295703119768120359367458149790764e+00
1259,1.0000000219250733124454200151376426219940e+00
1260,1.0000000160599622489598914398811757564545e+00
1261,1.0000000123700727439057800438604317605495e+00
1262,1.0000000111105620259621673540095798671246e+00
1263,1.0000000123699728238335637797717936336994e+00
1264,1.0000000160598858656157972291111946105957e+00
1265,1.0000000219252194177954606857383623719215e+00
1266,1.0000000295707889286234149039955809712410e+00
1267,1.0000000384983884771372686373069882392883e+00
1268,1.0000000481586563960689773011836223304272e+00
1269,1.0000000579952406098982464754953980445862e+00
1270,1.0000000674909874653906172170536592602730e+00
1271,1.0000000664174486519897300240700133144855e+00
1272,1.0000000573279697047013314659125171601772e+00
1273,1.0000000481581703404287964076502248644829e+00
1274,1.0000000394161041583629412343725562095642e+00
1275,1.0000000316224071372772641552728600800037e+00
1276,1.0000000252695881997055948886554688215256e+00
1277,1.0000000207776678085025423570186831057072e+00
1278,1.0000000184508408551664615515619516372681e+00
1279,1.0000000184511588230407141963951289653778e+00
1280,1.0000000207779631278270926486584357917309e+00
1281,1.0000000252699168257208839349914342164993e+00
1282,1.0000000316227093399845671228831633925438e+00
1283,1.0000000394159214156530879336060024797916e+00
1284,1.0000000481581434730316004788619466125965e+00
1285,1.0000000573281917493062564972206018865108e+00
1286,1.0000000664178751996757910092128440737724e+00
1287,1.0000000664177746134697599700302816927433e+00
1288,1.0000000579955310442414884164463728666306e+00
1289,1.0000000497334182725239770661573857069016e+00
1290,1.0000000421075079248822703448240645229816e+00
1291,1.0000000355861757839193160180002450942993e+00
1292,1.0000000305886946883049404277699068188667e+00
1293,1.0000000274471347871951820707181468605995e+00
1294,1.0000000263751855911209531768690794706345e+00
1295,1.0000000274471518846297612981288693845272e+00
1296,1.0000000305887439822072337847203016281128e+00
1297,1.0000000355860811929176179546630010008812e+00
1298,1.0000000421077586132412307051708921790123e+00
1299,1.0000000497334931015558368017082102596760e+00
1300,1.0000000579951024981539831060217693448067e+00
1301,1.0000000664179602427594772962038405239582e+00
1302,1.0000000674911793119292724441038444638252e+00
1303,1.0000000599537759438106832021730951964855e+00
1304,1.0000000527786425674747761149774305522442e+00
1305,1.0000000463931386640581422398099675774574e+00
1306,1.0000000411966138980091045596054755151272e+00
1307,1.0000000375261861584874623076757416129112e+00
1308,1.0000000356270131174341031510266475379467e+00
1309,1.0000000356270088985866095754317939281464e+00
1310,1.0000000375264272989284108916763216257095e+00
1311,1.0000000411964291568978069335571490228176e+00
1312,1.0000000463927189997548339306376874446869e+00
1313,1.0000000527783281523142022706451825797558e+00
1314,1.0000000599538165779733844829024747014046e+00
1315,1.0000000674910871634182285561109893023968e+00
1316,1.0000000695707811360080086160451173782349e+00
1317,1.0000000630767194031989220093237236142159e+00
1318,1.0000000570956260048660624306648969650269e+00
1319,1.0000000519906062645958400025847367942333e+00
1320,1.0000000480855895101939267988200299441814e+00
1321,1.0000000456339788179604965989710763096809e+00
1322,1.0000000447981725049118040260509587824345e+00
1323,1.0000000456342712507051828652038238942623e+00
1324,1.0000000480858834972508475402719341218472e+00
1325,1.0000000519905558604705220204778015613556e+00
1326,1.0000000570956433243452465831069275736809e+00
1327,1.0000000630768033360595836711581796407700e+00
1328,1.0000000695704183151235611148877069354057e+00
1329,1.0000000725258952893881314594182185828686e+00
1330,1.0000000671658442197298199971555732190609e+00
1331,1.0000000624076599287093358725542202591896e+00
1332,1.0000000585450590229186218493850901722908e+00
1333,1.0000000558221535662539736222242936491966e+00
1334,1.0000000544147955583440534610417671501637e+00
1335,1.0000000544144194147833104580058716237545e+00
1336,1.0000000558221668889302691241027787327766e+00
1337,1.0000000585450219414695993691566400229931e+00
1338,1.0000000624078484445789172241347841918468e+00
1339,1.0000000671657871542663542641093954443932e+00
1340,1.0000000725257955913605201203608885407448e+00
1341,1.0000000761740066579363883647602051496506e+00
1342,1.0000000719662744952387356534018181264400e+00
1343,1.0000000683864413986157160252332687377930e+00
1344,1.0000000656553913458424176496919244527817e+00
1345,1.0000000639440036476202067206031642854214e+00
1346,1.0000000633615302447765316173899918794632e+00
1347,1.0000000639440871363916585323750041425228e+00
1348,1.0000000656555887434961960025248117744923e+00
1349,1.0000000683867487083489322685636579990387e+00
1350,1.0000000719667019311032163386698812246323e+00
1351,1.0000000761735585719236496515804901719093e+00
1352,1.0000000802934052579473700461676344275475e+00
1353,1.0000000771882906480669817028683610260487e+00
1354,1.0000000746767507830981003280612640082836e+00
1355,1.0000000729112390462915982425329275429249e+00
1356,1.0000000720005686183355919638415798544884e+00
1357,1.0000000720007478083317664641072042286396e+00
1358,1.0000000729114448816403637465555220842361e+00
1359,1.0000000746765225212442373958765529096127e+00
1360,1.0000000771882631145359709989861585199833e+00
1361,1.0000000802928492582566377677721902728081e+00
1362,1.0000000846393497511144232703372836112976e+00
1363,1.0000000825282413519090596309979446232319e+00
1364,1.0000000809246178956612993715680204331875e+00
1365,1.0000000799227821701720131386537104845047e+00
1366,1.0000000795821937238372356659965589642525e+00
1367,1.0000000799225881031873086612904444336891e+00
1368,1.0000000809243305699425263810553587973118e+00
1369,1.0000000825282753247336131607880815863609e+00
1370,1.0000000846394498932312444594572298228741e+00
1371,1.0000000889634357292834465624764561653137e+00
1372,1.0000000876917392034215481544379144906998e+00
1373,1.0000000868023732891742838546633720397949e+00
1374,1.0000000863456399713413702556863427162170e+00
1375,1.0000000863457338962092535439296625554562e+00
1376,1.0000000868024667699529572928440757095814e+00
1377,1.0000000876911814273739764757920056581497e+00
1378,1.0000000889634053091725718331872485578060e+00
1379,1.0000000930269437038333535383571870625019e+00
1380,1.0000000924121970058422448346391320228577e+00
1381,1.0000000920310760932352422969415783882141e+00
1382,1.0000000919021818646115207229740917682648e+00
1383,1.0000000920312785979149339254945516586304e+00
1384,1.0000000924118033207577127541298978030682e+00
1385,1.0000000930272308075075216038385406136513e+00
1386,1.0000000966197433172055752947926521301270e+00
1387,1.0000000964664290670214086276246234774590e+00
1388,1.0000000963902198058974590821890160441399e+00
1389,1.0000000963902293538154708585352636873722e+00
1390,1.0000000964667561387244631987414322793484e+00
1391,1.0000000966197373220012423189473338425159e+00
1392,1.0000000995670492720535094122169539332390e+00
1393,1.0000000996861995172793058372917585074902e+00
1394,1.0000000997281477399525329019525088369846e+00
1395,1.0000000996859108592929032965912483632565e+00
1396,1.0000000995669278136546154200914315879345e+00
1397,1.0000001017420254711964844318572431802750e+00
1398,1.0000001019591386874907357196207158267498e+00
1399,1.0000001019589335182757849906920455396175e+00
1400,1.0000001017418382875945326304645277559757e+00
1401,1.0000001030636491705649859795812517404556e+00
1402,1.0000001032311343074354681448312476277351e+00
1403,1.0000001030640739418942075644736178219318e+00
1404,1.0000001035014616235230278107337653636932e+00
1405,1.0000001035013286188046777169802226126194e+00
1406,1.0000001030636480603419613544247113168240e+00
1407,1.0000001030634755316839346050983294844627e+00
1408,1.0000001035009686845000942412298172712326e+00
1409,1.0000001030641152421907236202969215810299e+00
1410,1.0000001017423756355384512062300927937031e+00
1411,1.0000000995671993742064387333812192082405e+00
1412,1.0000000966194788620811095825047232210636e+00
1413,1.0000000930270613874739638049504719674587e+00
1414,1.0000000889636613266020503942854702472687e+00
1415,1.0000000846396366327439864107873290777206e+00
1416,1.0000000802931636734172116121044382452965e+00
1417,1.0000000761736957954894933209288865327835e+00
1418,1.0000000725262858658481945894891396164894e+00
1419,1.0000000695704533981711392698343843221664e+00
1420,1.0000000674911677656098163424758240580559e+00
1421,1.0000000664177675080424023690284229815006e+00
1422,1.0000000664176138531757942473632283508778e+00
1423,1.0000000674910669573591803782619535923004e+00
1424,1.0000000695707327302841349592199549078941e+00
1425,1.0000000725259141631795500870794057846069e+00
1426,1.0000000761739824550744515363476239144802e+00
1427,1.0000000802933453059040402877144515514374e+00
1428,1.0000000846396686071670956152956932783127e+00
1429,1.0000000889634854672749497694894671440125e+00
1430,1.0000000930271286669892560894368216395378e+00
1431,1.0000000966193369755785624874988570809364e+00
1432,1.0000000995671805004150201057200320065022e+00
1433,1.0000001017416617621336172305746003985405e+00
1434,1.0000001030641050281388970688567496836185e+00
1435,1.0000001035009453698165771129424683749676e+00
1436,1.0000001030638352439439131558174267411232e+00
1437,1.0000001035008756478106306531117297708988e+00
1438,1.0000001032311973681032668537227436900139e+00
1439,1.0000001019592033024707689037313684821129e+00
1440,1.0000000996863411817372480072663165628910e+00
1441,1.0000000964669419900587854499462991952896e+00
1442,1.0000000924120588940979814651655033230782e+00
1443,1.0000000876913128777800920943263918161392e+00
1444,1.0000000825280315197574054764118045568466e+00
1445,1.0000000771883494898872868361650034785271e+00
1446,1.0000000719664534631903052286361344158649e+00
1447,1.0000000671655497885836894056410528719425e+00
1448,1.0000000630767333920090322862961329519749e+00
1449,1.0000000599537279821760193954105488955975e+00
1450,1.0000000579953516322007089911494404077530e+00
1451,1.0000000573282761262561280091176740825176e+00
1452,1.0000000579951477952533878124086186289787e+00
1453,1.0000000599535328049682902928907424211502e+00
1454,1.0000000630765319975523652828997001051903e+00
1455,1.0000000671657021111826679771183989942074e+00
1456,1.0000000719663257875424733356339856982231e+00
1457,1.0000000771887369577228810157976113259792e+00
1458,1.0000000825284833805284279151237569749355e+00
1459,1.0000000876912453762201948848087340593338e+00
1460,1.0000000924119452072602598491357639431953e+00
1461,1.0000000964665423097699203935917466878891e+00
1462,1.0000000996863367408451495066401548683643e+00
1463,1.0000001019588253825531865004450082778931e+00
1464,1.0000001032314256299571297859074547886848e+00
1465,1.0000001035006091942847206155420280992985e+00
1466,1.0000001030639491528262396968784742057323e+00
1467,1.0000001019593875994928566797170788049698e+00
1468,1.0000000997273890135375040699727833271027e+00
1469,1.0000000963903055151149601442739367485046e+00
1470,1.0000000920311866714484949625330045819283e+00
1471,1.0000000868023692923713952040998265147209e+00
1472,1.0000000809241278432182298274710774421692e+00
1473,1.0000000746765449477493348240386694669724e+00
1474,1.0000000683868823792010971374111250042915e+00
1475,1.0000000624074905086757780736661516129971e+00
1476,1.0000000570953695433473740195040591061115e+00
1477,1.0000000527785868342789399321191012859344e+00
1478,1.0000000497332168780673100627609528601170e+00
1479,1.0000000481588455780723734278581105172634e+00
1480,1.0000000481584250255906454185605980455875e+00
1481,1.0000000497334602389543078970746137201786e+00
1482,1.0000000527789194570971176290186122059822e+00
1483,1.0000000570953813117114350461633875966072e+00
1484,1.0000000624077076682993947542854584753513e+00
1485,1.0000000683867469319920928683131933212280e+00
1486,1.0000000746768955561805114484741352498531e+00
1487,1.0000000809241691435147458832943812012672e+00
1488,1.0000000868025020750451403728220611810684e+00
1489,1.0000000920309297658405967013095505535603e+00
1490,1.0000000963902146988715458064689300954342e+00
1491,1.0000000997274085534627374727278947830200e+00
1492,1.0000001019587274608824145616381429135799e+00
1493,1.0000001030637171162140930391615256667137e+00
1494,1.0000001017417743387483142214477993547916e+00
1495,1.0000000996865743285724192901398055255413e+00
1496,1.0000000963900610440049376848037354648113e+00
1497,1.0000000919021441170286834676517173647881e+00
1498,1.0000000863455178468086614884668961167336e+00
1499,1.0000000799226997916235859520384110510349e+00
1500,1.0000000729115006148361999294138513505459e+00
1501,1.0000000656552556765888084555626846849918e+00
1502,1.0000000585453325818718894879566505551338e+00
1503,1.0000000519908591734008496132446452975273e+00
1504,1.0000000463929756833181272668298333883286e+00
1505,1.0000000421078281132025722399703226983547e+00
1506,1.0000000394160482031225001264829188585281e+00
1507,1.0000000384980558543190909404074773192406e+00
1508,1.0000000394161143724147677858127281069756e+00
1509,1.0000000421075299072981579229235649108887e+00
1510,1.0000000463932969818614537871326319873333e+00
1511,1.0000000519904681528515766331111080944538e+00
1512,1.0000000585452388790486111247446388006210e+00
1513,1.0000000656554923761376585389371030032635e+00
1514,1.0000000729113782682588862371630966663361e+00
1515,1.0000000799221615555012476761476136744022e+00
1516,1.0000000863458347044598895081435330212116e+00
1517,1.0000000919022824508175517621566541492939e+00
1518,1.0000000963897202055363777617458254098892e+00
1519,1.0000000996858766644237448417698033154011e+00
1520,1.0000001017414519299819630759884603321552e+00
1521,1.0000000995673621329018487813300453126431e+00
1522,1.0000000964666320157903101062402129173279e+00
1523,1.0000000920315397223703257623128592967987e+00
1524,1.0000000863455547062130790436640381813049e+00
1525,1.0000000795818082544030858116457238793373e+00
1526,1.0000000720005017829095095294178463518620e+00
1527,1.0000000639439177163581007334869354963303e+00
1528,1.0000000558218919977093719353433698415756e+00
1529,1.0000000480858974860609578172443434596062e+00
1530,1.0000000411963299029594054445624351501465e+00
1531,1.0000000355861311529537260867073200643063e+00
1532,1.0000000316225265972747138221166096627712e+00
1533,1.0000000295703073138753325110883451998234e+00
1534,1.0000000295701703123540937667712569236755e+00
1535,1.0000000316224482155291752860648557543755e+00
1536,1.0000000355862088685654498476651497185230e+00
1537,1.0000000411965126456692587453289888799191e+00
1538,1.0000000480860260498872094103717245161533e+00
1539,1.0000000558216195489791289219283498823643e+00
1540,1.0000000639443389349736435178783722221851e+00
1541,1.0000000720006541055084881008951924741268e+00
1542,1.0000000795820997989693523777532391250134e+00
1543,1.0000000863457048083660083648283034563065e+00
1544,1.0000000920309157770304864243371412158012e+00
1545,1.0000000964661495128638080132077448070049e+00
1546,1.0000000995672566617145093914587050676346e+00
1547,1.0000000966193545171023515649721957743168e+00
1548,1.0000000924120686640605981665430590510368e+00
1549,1.0000000868026903688701167993713170289993e+00
1550,1.0000000799227195535934242798248305916786e+00
1551,1.0000000720007178323101015848806127905846e+00
1552,1.0000000633612220468648956739343702793121e+00
1553,1.0000000544141629532646220468450337648392e+00
1554,1.0000000456341946453164837294025346636772e+00
1555,1.0000000375262696472589141194475814700127e+00
1556,1.0000000305886644902386706235120072960854e+00
1557,1.0000000252697629488096708882949315011501e+00
1558,1.0000000219250431143791502108797430992126e+00
1559,1.0000000207841535093677975964965298771858e+00
1560,1.0000000219252416222559531888691708445549e+00
1561,1.0000000252700136371686312486417591571808e+00
1562,1.0000000305884266804667959149810485541821e+00
1563,1.0000000375261648422053895046701654791832e+00
1564,1.0000000456342532650921839376678690314293e+00
1565,1.0000000544145446479404881756636314094067e+00
1566,1.0000000633614352096856237039901316165924e+00
1567,1.0000000720006023691155405686004087328911e+00
1568,1.0000000799225774450462722597876563668251e+00
1569,1.0000000868024747635587345939711667597294e+00
1570,1.0000000924117842249216892014374025166035e+00
1571,1.0000000966192303941681984724709764122963e+00
1572,1.0000000930268369003783845982979983091354e+00
1573,1.0000000876917187753178950515575706958771e+00
1574,1.0000000809242872712445659999502822756767e+00
1575,1.0000000729113207587062106540543027222157e+00
1576,1.0000000639442838679116221101139672100544e+00
1577,1.0000000544143403669039571468601934611797e+00
1578,1.0000000447984274121182579619926400482655e+00
1579,1.0000000356266145473682627198286354541779e+00
1580,1.0000000274471032568612827162723988294601e+00
1581,1.0000000207778778626988014366361312568188e+00
1582,1.0000000160600306386982083495240658521652e+00
1583,1.0000000136161126818024058593437075614929e+00
1584,1.0000000136164550745832002576207742094994e+00
1585,1.0000000160600237553154556735535152256489e+00
1586,1.0000000207778341199116312054684385657310e+00
1587,1.0000000274473661576735139533411711454391e+00
1588,1.0000000356269389545360581905697472393513e+00
1589,1.0000000447982648754674528390751220285892e+00
1590,1.0000000544143179403988597186980769038200e+00
1591,1.0000000639439845517841831679106689989567e+00
1592,1.0000000729113753816790222117560915648937e+00
1593,1.0000000809242362009854332427494227886200e+00
1594,1.0000000876910881686399079626426100730896e+00
1595,1.0000000930275574351213663248927332460880e+00
1596,1.0000000889634352851942367124138399958611e+00
1597,1.0000000825280679350726131815463304519653e+00
1598,1.0000000746762767178665853862185031175613e+00
1599,1.0000000656557044287353619438363239169121e+00
1600,1.0000000558219139801252595134428702294827e+00
1601,1.0000000456340476517880233586765825748444e+00
1602,1.0000000356269269641273922388791106641293e+00
1603,1.0000000263756803065007261466234922409058e+00
1604,1.0000000184513462286872709228191524744034e+00
1605,1.0000000123701886511895509102032519876957e+00
1606,1.0000000085437328323223482584580779075623e+00
1607,1.0000000072378962823194115117075853049755e+00
1608,1.0000000085435798435895549118868075311184e+00
1609,1.0000000123699561704881944024236872792244e+00
1610,1.0000000184511594891745289714890532195568e+00
1611,1.0000000263754733609289360174443572759628e+00
1612,1.0000000356266374179625699980533681809902e+00
1613,1.0000000456340774057650833128718659281731e+00
1614,1.0000000558218755664086074830265715718269e+00
1615,1.0000000656553285072192238658317364752293e+00
1616,1.0000000746764976522484857923700474202633e+00
1617,1.0000000825280674909834033314837142825127e+00
1618,1.0000000889631299738624647943652234971523e+00
1619,1.0000000846395538101063493741094134747982e+00
1620,1.0000000771883388317462504346622154116631e+00
1621,1.0000000683869225692745885680778883397579e+00
1622,1.0000000585448607370864237964269705116749e+00
1623,1.0000000480854833728727726338547654449940e+00
1624,1.0000000375262414475940886404714547097683e+00
1625,1.0000000274472449213192248862469568848610e+00
1626,1.0000000184512911616252495150547474622726e+00
1627,1.0000000111108993117170484765665605664253e+00
1628,1.0000000059154932063876231040921993553638e+00
1629,1.0000000032234312996592962008435279130936e+00
1630,1.0000000032233498092892887143534608185291e+00
1631,1.0000000059156282095074175231275148689747e+00
1632,1.0000000111106142064443247363669797778130e+00
1633,1.0000000184510984269081745878793299198151e+00
1634,1.0000000274473561656662923269323073327541e+00
1635,1.0000000375262037000112513851490803062916e+00
1636,1.0000000480859227991459192708134651184082e+00
1637,1.0000000585451500612066411122214049100876e+00
1638,1.0000000683867773521029675976024009287357e+00
1639,1.0000000771885155792517707595834508538246e+00
1640,1.0000000846398440224049863900290802121162e+00
1641,1.0000000802932276222634300211211666464806e+00
1642,1.0000000719663924009239508450264111161232e+00
1643,1.0000000624079998789994760954868979752064e+00
1644,1.0000000519908029961158035803236998617649e+00
1645,1.0000000411965030977512469689827412366867e+00
1646,1.0000000305888960827616074311663396656513e+00
1647,1.0000000207776151839311751245986670255661e+00
1648,1.0000000123701029419720498481183312833309e+00
1649,1.0000000059152629461323158466257154941559e+00
1650,1.0000000018529804357569901185343042016029e+00
1651,1.0000000004659594932121535748592577874660e+00
1652,1.0000000018530206258304815492010675370693e+00
1653,1.0000000059156408660498982499120756983757e+00
1654,1.0000000123700769627532736194552853703499e+00
1655,1.0000000207781067906864791439147666096687e+00
1656,1.0000000305886993512416438534273765981197e+00
1657,1.0000000411966134539198947095428593456745e+00
1658,1.0000000519907963347776558293844573199749e+00
1659,1.0000000624078981825704204311477951705456e+00
1660,1.0000000719666293225174058534321375191212e+00
1661,1.0000000802934161381330113727017305791378e+00
1662,1.0000000761739313848153187791467644274235e+00
1663,1.0000000671662183648891186749096959829330e+00
1664,1.0000000570954146184021738008596003055573e+00
1665,1.0000000463925680094234849093481898307800e+00
1666,1.0000000355860996226198267322615720331669e+00
1667,1.0000000252696530367302329977974295616150e+00
1668,1.0000000160598006004875060170888900756836e+00
1669,1.0000000085437683594591362634673714637756e+00
1670,1.0000000032234968028177490850794129073620e+00
1671,1.0000000004661491193047595515963621437550e+00
1672,1.0000000004659190810940572191611863672733e+00
1673,1.0000000032235971669791751992306672036648e+00
1674,1.0000000085441991259926908242050558328629e+00
1675,1.0000000160600219789586162733030505478382e+00
1676,1.0000000252699952074664224710431881248951e+00
1677,1.0000000355862286305352881754515692591667e+00
1678,1.0000000463933431671392781936447136104107e+00
1679,1.0000000570956559808877273098914884030819e+00
1680,1.0000000671661435358572589393588714301586e+00
1681,1.0000000761741070220978144789114594459534e+00
1682,1.0000000725256643629990094268578104674816e+00
1683,1.0000000630767147402622185836662538349628e+00
1684,1.0000000527786270243524313627858646214008e+00
1685,1.0000000421077670509362178563605993986130e+00
1686,1.0000000316221069329714055129443295300007e+00
1687,1.0000000219253968314347957857535220682621e+00
1688,1.0000000136160209773805718214134685695171e+00
1689,1.0000000072376582505029318781453184783459e+00
1690,1.0000000032235234481703400888363830745220e+00
1691,1.0000000018531971512913969490909948945045e+00
1692,1.0000000032230464963589611215866170823574e+00
1693,1.0000000072376642457072648539906367659569e+00
1694,1.0000000136159570285343534123967401683331e+00
1695,1.0000000219250584354568900380400009453297e+00
1696,1.0000000316223898177980800028308294713497e+00
1697,1.0000000421075143641758131707319989800453e+00
1698,1.0000000527786372384042579142260365188122e+00
1699,1.0000000630769061427116639606538228690624e+00
1700,1.0000000725261051215397856140043586492538e+00
1701,1.0000000695703796793623041594401001930237e+00
1702,1.0000000599535965317699037768761627376080e+00
1703,1.0000000497334096127843849899363704025745e+00
1704,1.0000000394162102956840953993378207087517e+00
1705,1.0000000295701767516476365926791913807392e+00
1706,1.0000000207842612010011862366809509694576e+00
1707,1.0000000136161195651851585353142581880093e+00
1708,1.0000000085436184793508118673344142735004e+00
1709,1.0000000059153388853872002073330804705620e+00
1710,1.0000000059156344267563554240041412413120e+00
1711,1.0000000085438112140678867945098318159580e+00
1712,1.0000000136161901753695246952702291309834e+00
1713,1.0000000207839474519744271674426272511482e+00
1714,1.0000000295703108665890113115892745554447e+00
1715,1.0000000394160295513756864238530397415161e+00
1716,1.0000000497331884563578796587535180151463e+00
1717,1.0000000599538845236224915424827486276627e+00
1718,1.0000000695708437525865974748739972710609e+00
1719,1.0000000674912810083583281084429472684860e+00
1720,1.0000000579954884116773428104352205991745e+00
1721,1.0000000481585280542873306330875493586063e+00
1722,1.0000000384981320156185802261461503803730e+00
1723,1.0000000295701749752907971924287267029285e+00
1724,1.0000000219257760836200077392277307808399e+00
1725,1.0000000160599988863197040700470097362995e+00
1726,1.0000000123698962184448646439705044031143e+00
1727,1.0000000111108837685947037243749946355820e+00
1728,1.0000000123700234500034866869100369513035e+00
1729,1.0000000160598820908575135035789571702480e+00
1730,1.0000000219253835087585002838750369846821e+00
1731,1.0000000295699547070427115613711066544056e+00
1732,1.0000000384980445300442397638107649981976e+00
1733,1.0000000481584059297546218658681027591228e+00
1734,1.0000000579954972934615398116875439882278e+00
1735,1.0000000674913207543426096890470944344997e+00
1736,1.0000000664172814524022214754950255155563e+00
1737,1.0000000573279679283444920656620524823666e+00
1738,1.0000000481584851996785801020450890064240e+00
1739,1.0000000394162289474309091019676998257637e+00
1740,1.0000000316221531182492299194564111530781e+00
1741,1.0000000252698488800717768754111602902412e+00
1742,1.0000000207776140737081504994421266019344e+00
1743,1.0000000184513788692441949024214409291744e+00
1744,1.0000000184512207734854882801300846040249e+00
1745,1.0000000207776906790968496352434158325195e+00
1746,1.0000000252699550173929310403764247894287e+00
1747,1.0000000316225221563826153214904479682446e+00
1748,1.0000000394158898853191885791602544486523e+00
1749,1.0000000481581468037006743543315678834915e+00
1750,1.0000000573283527316448271449189633131027e+00
1751,1.0000000664179795606401057739276438951492e+00
1752,1.0000000664177060016868381353560835123062e+00
1753,1.0000000579952745827228000052855350077152e+00
1754,1.0000000497333048077308603751589544117451e+00
1755,1.0000000421078605317148912945413030683994e+00
1756,1.0000000355862928014261115094996057450771e+00
1757,1.0000000305887821738792808901052922010422e+00
1758,1.0000000274470373096136199819738976657391e+00
1759,1.0000000263752579776621587370755150914192e+00
1760,1.0000000274471441130685889220330864191055e+00
1761,1.0000000305887004614646684785839170217514e+00
1762,1.0000000355863463141758984420448541641235e+00
1763,1.0000000421076837842093709696200676262379e+00
1764,1.0000000497331933413391880094422958791256e+00
1765,1.0000000579953280954725869378307834267616e+00
1766,1.0000000664176598164090137288440018892288e+00
1767,1.0000000674912854492504266090691089630127e+00
1768,1.0000000599537344214695622213184833526611e+00
1769,1.0000000527785617432385834035812877118587e+00
1770,1.0000000463930167615700383976218290627003e+00
1771,1.0000000411964247160057084329309873282909e+00
1772,1.0000000375262818597121849961695261299610e+00
1773,1.0000000356268003987025849710335023701191e+00
1774,1.0000000356266169898589168951730243861675e+00
1775,1.0000000375258475404649516349309124052525e+00
1776,1.0000000411963489987954289972549304366112e+00
1777,1.0000000463929674676677450406714342534542e+00
1778,1.0000000527786894188864152965834364295006e+00
1779,1.0000000599538951817635279439855366945267e+00
1780,1.0000000674910793918570561800152063369751e+00
1781,1.0000000695707322861949251091573387384415e+00
1782,1.0000000630769139142728363367496058344841e+00
1783,1.0000000570955132062067605147603899240494e+00
1784,1.0000000519911991236909898361773230135441e+00
1785,1.0000000480859541074352137002279050648212e+00
1786,1.0000000456343076660203905703383497893810e+00
1787,1.0000000447981698403765449256752617657185e+00
1788,1.0000000456338835608249837605399079620838e+00
1789,1.0000000480855639750643604202196002006531e+00
1790,1.0000000519909393315032275495468638837337e+00
1791,1.0000000570953790912653857958503067493439e+00
1792,1.0000000630768897114108995083370245993137e+00
1793,1.0000000695709883036244036702555604279041e+00
1794,1.0000000725256354972003691727877594530582e+00
1795,1.0000000671660398410267589497379958629608e+00
1796,1.0000000624077376443210596335120499134064e+00
1797,1.0000000585450727896841272013261914253235e+00
1798,1.0000000558219221957756417396012693643570e+00
1799,1.0000000544142464420360738586168736219406e+00
1800,1.0000000544142135794345449539832770824432e+00
1801,1.0000000558219308555152338158222846686840e+00
1802,1.0000000585451918055923670181073248386383e+00
1803,1.0000000624077136635037277301307767629623e+00
1804,1.0000000671656885664617675502086058259010e+00
1805,1.0000000725258535450024055535322986543179e+00
1806,1.0000000761736504983900886145420372486115e+00
1807,1.0000000719666259918483319779625162482262e+00
1808,1.0000000683866632211760361315100453794003e+00
1809,1.0000000656556156108933919313130900263786e+00
1810,1.0000000639437127691877549295895732939243e+00
1811,1.0000000633609664735246269628987647593021e+00
1812,1.0000000639441268823759401129791513085365e+00
1813,1.0000000656555341205233844448230229318142e+00
1814,1.0000000683870737816505425143986940383911e+00
1815,1.0000000719663584280993973152362741529942e+00
1816,1.0000000761740019949996849391027353703976e+00
1817,1.0000000802931989785093946920824237167835e+00
1818,1.0000000771885013683970555575797334313393e+00
1819,1.0000000746764372561159461838542483747005e+00
1820,1.0000000729113383002299997315276414155960e+00
1821,1.0000000720006521071070437756134197115898e+00
1822,1.0000000720008752619349934320780448615551e+00
1823,1.0000000729113633912703562600654549896717e+00
1824,1.0000000746761072978330275873304344713688e+00
1825,1.0000000771883021943864378044963814318180e+00
1826,1.0000000802931310328602876325021497905254e+00
1827,1.0000000846394330178412701570778153836727e+00
1828,1.0000000825281412097922384418779984116554e+00
1829,1.0000000809244864452551837530336342751980e+00
1830,1.0000000799226089753801716142334043979645e+00
1831,1.0000000795820771504196500245598144829273e+00
1832,1.0000000799224342262760956145939417183399e+00
1833,1.0000000809242290955580756417475640773773e+00
1834,1.0000000825278736460433037791517563164234e+00
1835,1.0000000846395851183956438035238534212112e+00
1836,1.0000000889635456413628844529739581048489e+00
1837,1.0000000876915293712698939998517744243145e+00
1838,1.0000000868026774902830311475554481148720e+00
1839,1.0000000863455671407109548454172909259796e+00
1840,1.0000000863455953403757803243934176862240e+00
1841,1.0000000868024569999903405914665199816227e+00
1842,1.0000000876914154623875674587907269597054e+00
1843,1.0000000889635611844852292051655240356922e+00
1844,1.0000000930272348043104102544020861387253e+00
1845,1.0000000924115979294981571001699194312096e+00
1846,1.0000000920312990260185870283748954534531e+00
1847,1.0000000919020350931276652772794477641582e+00
1848,1.0000000920315499364221523137530311942101e+00
1849,1.0000000924119534229106420752941630780697e+00
1850,1.0000000930271217836065034134662710130215e+00
1851,1.0000000966194326768032851759926415979862e+00
1852,1.0000000964670108238863122096518054604530e+00
1853,1.0000000963901154449331443174742162227631e+00
1854,1.0000000963902073713995832804357632994652e+00
1855,1.0000000964664195191033968512783758342266e+00
1856,1.0000000966198385743410881332238204777241e+00
1857,1.0000000995672033710093273839447647333145e+00
1858,1.0000000996859996771348733091144822537899e+00
1859,1.0000000997275111380702128371922299265862e+00
1860,1.0000000996859559343477030779467895627022e+00
1861,1.0000000995665019321023692100425250828266e+00
1862,1.0000001017416806359250358582357876002789e+00
1863,1.0000001019591977513556457779486663639545e+00
1864,1.0000001019589304096513160402537323534489e+00
1865,1.0000001017419410942466129199601709842682e+00
1866,1.0000001030642318156083092617336660623550e+00
1867,1.0000001032309411286291833675932139158249e+00
1868,1.0000001030642713395479859173065051436424e+00
1869,1.0000001035015189110310984688112512230873e+00
1870,1.0000001035008516669932987497304566204548e+00
1871,1.0000001030635734533547065439051948487759e+00
1872,1.0000001030632503784545406233519315719604e+00
1873,1.0000001035010701588845449805376119911671e+00
1874,1.0000001030639262822319324186537414789200e+00
1875,1.0000001017418820303817028616322204470634e+00
1876,1.0000000995668640868530019361060112714767e+00
1877,1.0000000966192306162128033975022844970226e+00
1878,1.0000000930269727916765987174585461616516e+00
1879,1.0000000889637308265633919290849007666111e+00
1880,1.0000000846392900211156984369154088199139e+00
1881,1.0000000802929627230497544587706215679646e+00
1882,1.0000000761739120669346903014229610562325e+00
1883,1.0000000725257773837029162677936255931854e+00
1884,1.0000000695703052944196542739518918097019e+00
1885,1.0000000674911460052385336894076317548752e+00
1886,1.0000000664174160114328060444677248597145e+00
1887,1.0000000664174062414701893430901691317558e+00
1888,1.0000000674911673215206064924132078886032e+00
1889,1.0000000695705832942650204131496138870716e+00
1890,1.0000000725258102463044451724272221326828e+00
1891,1.0000000761737761756364761822624132037163e+00
1892,1.0000000802930870680285124763031490147114e+00
1893,1.0000000846394438980269114836119115352631e+00
1894,1.0000000889636488921041745925322175025940e+00
1895,1.0000000930272843202573085363837890326977e+00
1896,1.0000000966194326768032851759926415979862e+00
1897,1.0000000995668831826890254887985065579414e+00
1898,1.0000001017418864712738013622583821415901e+00
1899,1.0000001030641838539736454549711197614670e+00
1900,1.0000001035011980565769817985710687935352e+00
1901,1.0000001030632288401278628953150473535061e+00
1902,1.0000001035005492422413908570888452231884e+00
1903,1.0000001032308392101555227782228030264378e+00
1904,1.0000001019593072193458738183835521340370e+00
1905,1.0000000996864382152296002459479495882988e+00
1906,1.0000000964667317138179214452975429594517e+00
1907,1.0000000924119090139896570690325461328030e+00
1908,1.0000000876917496395179796309093944728374e+00
1909,1.0000000825283035243984386397642083466053e+00
1910,1.0000000771885206862776840353035368025303e+00
1911,1.0000000719666157777965054265223443508148e+00
1912,1.0000000671658253459384013694943860173225e+00
1913,1.0000000630767000853182935315999202430248e+00
1914,1.0000000599535490142244498201762326061726e+00
1915,1.0000000579952508239500730269355699419975e+00
1916,1.0000000573281886406817875467822887003422e+00
1917,1.0000000579953847168468428208143450319767e+00
1918,1.0000000599535443512877463945187628269196e+00
1919,1.0000000630768286491445451247273012995720e+00
1920,1.0000000671660389528483392496127635240555e+00
1921,1.0000000719663904025225065197446383535862e+00
1922,1.0000000771880950267700427502859383821487e+00
1923,1.0000000825278776428461924297153018414974e+00
1924,1.0000000876919237224882408554549328982830e+00
1925,1.0000000924120191481136998845613561570644e+00
1926,1.0000000964669188974198732466902583837509e+00
1927,1.0000000996864133462338486424414440989494e+00
1928,1.0000001019590545325854691327549517154694e+00
1929,1.0000001032308116766245120743406005203724e+00
1930,1.0000001035010075423059561217087320983410e+00
1931,1.0000001030641481047922525249305181205273e+00
1932,1.0000001019593700579690676022437401115894e+00
1933,1.0000000997273885694482942199101671576500e+00
1934,1.0000000963898296735266058021807111799717e+00
1935,1.0000000920314702224089842275134287774563e+00
1936,1.0000000868026484024397859684540890157223e+00
1937,1.0000000809241504917679321806645020842552e+00
1938,1.0000000746762964798364237140049226582050e+00
1939,1.0000000683867227291301560399006120860577e+00
1940,1.0000000624080149780326109976158477365971e+00
1941,1.0000000570952691791859479053528048098087e+00
1942,1.0000000527783885484467418791609816253185e+00
1943,1.0000000497333187965409706521313637495041e+00
1944,1.0000000481587640877023659413680434226990e+00
1945,1.0000000481585049616484184298315085470676e+00
1946,1.0000000497333656479526098337373696267605e+00
1947,1.0000000527786059301149634848115965723991e+00
1948,1.0000000570954572509663194068707525730133e+00
1949,1.0000000624079576905245403395383618772030e+00
1950,1.0000000683869290085681313939858227968216e+00
1951,1.0000000746763177961184965170104987919331e+00
1952,1.0000000809245082056264664061018265783787e+00
1953,1.0000000868026548417333287943620234727859e+00
1954,1.0000000920314384700304799480363726615906e+00
1955,1.0000000963899027262016261374810710549355e+00
1956,1.0000000997274014480353798717260360717773e+00
1957,1.0000001019595659013106114798574708402157e+00
1958,1.0000001030638654420101829600753262639046e+00
1959,1.0000001017420023785575722286012023687363e+00
1960,1.0000000996860640700703015681938268244267e+00
1961,1.0000000963903243889063787719351239502430e+00
1962,1.0000000919018408040983558748848736286163e+00
1963,1.0000000863455198452101058137486688792706e+00
1964,1.0000000799228636605420206251437775790691e+00
1965,1.0000000729112690223132631217595189809799e+00
1966,1.0000000656555685374371478246757760643959e+00
1967,1.0000000585450707912826828760444186627865e+00
1968,1.0000000519911884655499534346745349466801e+00
1969,1.0000000463930023286707182705868035554886e+00
1970,1.0000000421077617218656996556092053651810e+00
1971,1.0000000394162098515948855492752045392990e+00
1972,1.0000000384980984868832365464186295866966e+00
1973,1.0000000394161774330825664947042241692543e+00
1974,1.0000000421078318879608559655025601387024e+00
1975,1.0000000463932439132008767046499997377396e+00
1976,1.0000000519908849305750209168763831257820e+00
1977,1.0000000585450159462652663933113217353821e+00
1978,1.0000000656557073153152259692433290183544e+00
1979,1.0000000729115401387758765849866904318333e+00
1980,1.0000000799229866732531490924884565174580e+00
1981,1.0000000863457938482525833023828454315662e+00
1982,1.0000000919023062095902787405066192150116e+00
1983,1.0000000963902873074573562917066738009453e+00
1984,1.0000000996865934244084428428323008120060e+00
1985,1.0000001017421391580342060478869825601578e+00
1986,1.0000000995669391379294665966881439089775e+00
1987,1.0000000964666744263098507872200571000576e+00
1988,1.0000000920310330165818868408678099513054e+00
1989,1.0000000863457274569157107180217280983925e+00
1990,1.0000000795817849397195686833583749830723e+00
1991,1.0000000720004538212748457226553000509739e+00
1992,1.0000000639440109750921692466363310813904e+00
1993,1.0000000558218651303121760065550915896893e+00
1994,1.0000000480858528550953678859514184296131e+00
1995,1.0000000411964229396488690326805226504803e+00
1996,1.0000000355861362599796393624274060130119e+00
1997,1.0000000316218624618613830534741282463074e+00
1998,1.0000000295701627628375263157067820429802e+00
1999,1.0000000295703819208625873216078616678715e+00
2000,1.0000000316220718499238273579976521432400e+00
2001,1.0000000355863596368521939439233392477036e+00
2002,1.0000000411961511570524407943594269454479e+00
2003,1.0000000480858077800405681045958772301674e+00
2004,1.0000000558217083668210989344515837728977e+00
2005,1.0000000639440584926376232033362612128258e+00
2006,1.0000000720007979904124795211828313767910e+00
2007,1.0000000795821910593019765656208619475365e+00
2008,1.0000000863459761468732267530867829918861e+00
2009,1.0000000920311780117089028863119892776012e+00
2010,1.0000000964664654823366163327591493725777e+00
2011,1.0000000995669764414230940019479021430016e+00
2012,1.0000000966196036511490774500998668372631e+00
2013,1.0000000924122034451357876605470664799213e+00
2014,1.0000000868022469457940815118490718305111e+00
2015,1.0000000799224737502157722701667807996273e+00
2016,1.0000000720005024490433243045117706060410e+00
2017,1.0000000633611725309179973919526673853397e+00
2018,1.0000000544144731495777023155824281275272e+00
2019,1.0000000456344089183602363846148364245892e+00
2020,1.0000000375263584651008841319708153605461e+00
2021,1.0000000305889222840249885848606936633587e+00
2022,1.0000000252702245795433100283844396471977e+00
2023,1.0000000219255538169704777828883379697800e+00
2024,1.0000000207839825350220053223893046379089e+00
2025,1.0000000219255551492381073330761864781380e+00
2026,1.0000000252702436753793335810769349336624e+00
2027,1.0000000305889074070364586077630519866943e+00
2028,1.0000000375265709617877973869326524436474e+00
2029,1.0000000456341611165811400496750138700008e+00
2030,1.0000000544144282965675074592581950128078e+00
2031,1.0000000633613466138882586164982058107853e+00
2032,1.0000000720007351517892857373226433992386e+00
2033,1.0000000799226540504349713955889455974102e+00
2034,1.0000000868023830591369005560409277677536e+00
2035,1.0000000924120064915712191577767953276634e+00
2036,1.0000000966197908347510292514925822615623e+00
2037,1.0000000930273180710372571411426179111004e+00
2038,1.0000000876913321956607205720501951873302e+00
2039,1.0000000809239395493932534009218215942383e+00
2040,1.0000000729113716069207384862238541245461e+00
2041,1.0000000639439898808547013686620630323887e+00
2042,1.0000000544144527214740492127020843327045e+00
2043,1.0000000447985124552019442489836364984512e+00
2044,1.0000000356266260936877188214566558599472e+00
2045,1.0000000274470357553013855067547410726547e+00
2046,1.0000000207774200067234460220788605511189e+00
2047,1.0000000160599973320074695948278531432152e+00
2048,1.0000000136161013575275546827469952404499e+00
2049,1.0000000136160636099447174274246208369732e+00
2050,1.0000000160600395204824053507763892412186e+00
2051,1.0000000207774855098818989063147455453873e+00
2052,1.0000000274472924388646788429468870162964e+00
2053,1.0000000356267260137599350855452939867973e+00
2054,1.0000000447984580542737376163131557404995e+00
2055,1.0000000544143916592076948290923610329628e+00
2056,1.0000000639441519734162966415169648826122e+00
2057,1.0000000729114890685167438277858309447765e+00
2058,1.0000000809239839583142384071834385395050e+00
2059,1.0000000876913930358824700306286104023457e+00
2060,1.0000000930274324240087935322662815451622e+00
2061,1.0000000889637228329576146279578097164631e+00
2062,1.0000000825283532623899418467772193253040e+00
2063,1.0000000746763901826597020772169344127178e+00
2064,1.0000000656553338362897420665831305086613e+00
2065,1.0000000558218473667437820040504448115826e+00
2066,1.0000000456345246035994023259263485670090e+00
2067,1.0000000356268092804867819722858257591724e+00
2068,1.0000000263752182316778771564713679254055e+00
2069,1.0000000184512352063848084071651101112366e+00
2070,1.0000000123701089371763828239636495709419e+00
2071,1.0000000085437403818389157095225527882576e+00
2072,1.0000000072374513049311417489661835134029e+00
2073,1.0000000085437164010215838061412796378136e+00
2074,1.0000000123699990250969449334661476314068e+00
2075,1.0000000184512716217000161122996360063553e+00
2076,1.0000000263755206564297850491129793226719e+00
2077,1.0000000356268710088869511309894733130932e+00
2078,1.0000000456343913768364473071414977312088e+00
2079,1.0000000558218706814272991323377937078476e+00
2080,1.0000000656553726940956039470620453357697e+00
2081,1.0000000746764392545173905091360211372375e+00
2082,1.0000000825281496474872255930677056312561e+00
2083,1.0000000889637359335893052048049867153168e+00
2084,1.0000000846397472109572390763787552714348e+00
2085,1.0000000771883481576196572859771549701691e+00
2086,1.0000000683869105788659226163872517645359e+00
2087,1.0000000585450474765991657477570697665215e+00
2088,1.0000000480857886842045445519033819437027e+00
2089,1.0000000375259170404262931697303429245949e+00
2090,1.0000000274471139150023191177751868963242e+00
2091,1.0000000184516195655959336363594047725201e+00
2092,1.0000000111109632605632668855832889676094e+00
2093,1.0000000059153510978404710840550251305103e+00
2094,1.0000000032234002134146066964603960514069e+00
2095,1.0000000032231814994787555406219325959682e+00
2096,1.0000000059153939524492216150974854826927e+00
2097,1.0000000111108808820148396989679895341396e+00
2098,1.0000000184510662304404604583396576344967e+00
2099,1.0000000274470619565647666604490950703621e+00
2100,1.0000000375260340579330886612297035753727e+00
2101,1.0000000480857904605613839521538466215134e+00
2102,1.0000000585449118073455565536278299987316e+00
2103,1.0000000683868539574916667334036901593208e+00
2104,1.0000000771884081096629870444303378462791e+00
2105,1.0000000846394914155723654403118416666985e+00
2106,1.0000000802929644994065938590210862457752e+00
2107,1.0000000719664074999570857471553608775139e+00
2108,1.0000000624076581523524964723037555813789e+00
2109,1.0000000519908962548498720934730954468250e+00
2110,1.0000000411963245738888872438110411167145e+00
2111,1.0000000305887515317238012357847765088081e+00
2112,1.0000000207773649396614246143144555389881e+00
2113,1.0000000123699872567328839068068191409111e+00
2114,1.0000000059155289555690160341328009963036e+00
2115,1.0000000018531196577242781131644733250141e+00
2116,1.0000000004660538621692467131651937961578e+00
2117,1.0000000018532804180182438358315266668797e+00
2118,1.0000000059155096376883875564089976251125e+00
2119,1.0000000123702013077320316369878128170967e+00
2120,1.0000000207777237637429834649083204567432e+00
2121,1.0000000305890590635016224041464738547802e+00
2122,1.0000000411963116953018015919951722025871e+00
2123,1.0000000519908920360023785178782418370247e+00
2124,1.0000000624077960420521549167460761964321e+00
2125,1.0000000719665862458640503973583690822124e+00
2126,1.0000000802930106846844182655331678688526e+00
2127,1.0000000761737042331844804721185937523842e+00
2128,1.0000000671659210471631240579881705343723e+00
2129,1.0000000570953826439790645963512361049652e+00
2130,1.0000000463929581417943381893564946949482e+00
2131,1.0000000355860960699061479317606426775455e+00
2132,1.0000000252698211244961612464976496994495e+00
2133,1.0000000160598814247236987284850329160690e+00
2134,1.0000000085438649488622786520863883197308e+00
2135,1.0000000032234390712204685769393108785152e+00
2136,1.0000000004661868668875968069187365472317e+00
2137,1.0000000004660032359993238060269504785538e+00
2138,1.0000000032234874769443422337644733488560e+00
2139,1.0000000085438611741039949265541508793831e+00
2140,1.0000000160598714327164771020761691033840e+00
2141,1.0000000252697645031219053635140880942345e+00
2142,1.0000000355864284706797207036288455128670e+00
2143,1.0000000463928997440632429061224684119225e+00
2144,1.0000000570954841183635153356590308248997e+00
2145,1.0000000671656976702905694764922372996807e+00
2146,1.0000000761740002186428455388522706925869e+00
2147,1.0000000725257471856366464635357260704041e+00
2148,1.0000000630767302833845633358578197658062e+00
2149,1.0000000527786701010057868188596330583096e+00
2150,1.0000000421077224199706279250676743686199e+00
2151,1.0000000316220591933813466312130913138390e+00
2152,1.0000000219248532662419393091113306581974e+00
2153,1.0000000136160775987548277043970301747322e+00
2154,1.0000000072378798510186470593907870352268e+00
2155,1.0000000032235782931877565715694800019264e+00
2156,1.0000000018532484435951346313231624662876e+00
2157,1.0000000032235418778725488664349541068077e+00
2158,1.0000000072378798510186470593907870352268e+00
2159,1.0000000136160596131418287768610753118992e+00
2160,1.0000000219254054911743878619745373725891e+00
2161,1.0000000316225672314374151028459891676903e+00
2162,1.0000000421078765189264458967954851686954e+00
2163,1.0000000527786392368057022395078092813492e+00
2164,1.0000000630766339160260258722701109945774e+00
2165,1.0000000725257223166408948600292205810547e+00
2166,1.0000000695708892717306071062921546399593e+00
2167,1.0000000599536580381254680105485022068024e+00
2168,1.0000000497332421911522715163300745189190e+00
2169,1.0000000394159727079568256158381700515747e+00
2170,1.0000000295704911668082104370114393532276e+00
2171,1.0000000207841384103346626943675801157951e+00
2172,1.0000000136161519836974775898852385580540e+00
2173,1.0000000085438713881558214779943227767944e+00
2174,1.0000000059155418341561016859486699104309e+00
2175,1.0000000059155489395834592869505286216736e+00
2176,1.0000000085438927044378942809998989105225e+00
2177,1.0000000136162079389379186977748759090900e+00
2178,1.0000000207841273081044164428021758794785e+00
2179,1.0000000295702844432810252328636124730110e+00
2180,1.0000000394159727079568256158381700515747e+00
2181,1.0000000497332888205193057729047723114491e+00
2182,1.0000000599538769741059240914182737469673e+00
2183,1.0000000695710791198678180080605670809746e+00
2184,1.0000000674907596476259641349315643310547e+00
2185,1.0000000579951284773727593346848152577877e+00
2186,1.0000000481582345113196197416982613503933e+00
2187,1.0000000384982821177715095473104156553745e+00
2188,1.0000000295700561814271623006789013743401e+00
2189,1.0000000219252884736675923704751767218113e+00
2190,1.0000000160600512888464663774357177317142e+00
2191,1.0000000123699426257672939755138941109180e+00
2192,1.0000000111110967093708268293994478881359e+00
2193,1.0000000123700236720480916119413450360298e+00
2194,1.0000000160598341292228496968164108693600e+00
2195,1.0000000219253060151913814479485154151917e+00
2196,1.0000000295702888841731237334897741675377e+00
2197,1.0000000384981952983309838600689545273781e+00
2198,1.0000000481583000144780726259341463446617e+00
2199,1.0000000579951948687096319190459325909615e+00
2200,1.0000000674910383136051450492232106626034e+00
2201,1.0000000664178414488958424044540151953697e+00
2202,1.0000000573281335736197661390178836882114e+00
2203,1.0000000481584880862584441274520941078663e+00
2204,1.0000000394161705496998138187336735427380e+00
2205,1.0000000316224033625189804297406226396561e+00
2206,1.0000000252700327330046548013342544436455e+00
2207,1.0000000207778121374957436273689381778240e+00
2208,1.0000000184512849443763116141781210899353e+00
2209,1.0000000184516160128822548358584754168987e+00
2210,1.0000000207777710592438324965769425034523e+00
2211,1.0000000252701015668321815610397607088089e+00
2212,1.0000000316223762730771795759210363030434e+00
2213,1.0000000394162864569835846850764937698841e+00
2214,1.0000000481587543177397492399904876947403e+00
2215,1.0000000573281098148470391606679186224937e+00
2216,1.0000000664178576581520019317395053803921e+00
2217,1.0000000664178207987475843765423633158207e+00
2218,1.0000000579951058288230569814913906157017e+00
2219,1.0000000497331369420095370514900423586369e+00
2220,1.0000000421074752843253463652217760682106e+00
2221,1.0000000355861822232128588439081795513630e+00
2222,1.0000000305888010476706995177664794027805e+00
2223,1.0000000274470866035159133389242924749851e+00
2224,1.0000000263752288898189135579741559922695e+00
2225,1.0000000274470857153374936387990601360798e+00
2226,1.0000000305884146900581299632904119789600e+00
2227,1.0000000355861873302387721196282655000687e+00
2228,1.0000000421074983769642585684778168797493e+00
2229,1.0000000497331849036442008582525886595249e+00
2230,1.0000000579953902679619659465970471501350e+00
2231,1.0000000664177772780050190704059787094593e+00
2232,1.0000000674912123965754062737687490880489e+00
2233,1.0000000599536369438880001325742341578007e+00
2234,1.0000000527783741155474217521259561181068e+00
2235,1.0000000463930631688924677291652187705040e+00
2236,1.0000000411964191648905853071482852101326e+00
2237,1.0000000375263444762907738549984060227871e+00
2238,1.0000000356269371781792187903192825615406e+00
2239,1.0000000356269538315245881676673889160156e+00
2240,1.0000000375262052543234858603682368993759e+00
2241,1.0000000411964895530303465420729480683804e+00
2242,1.0000000463928517824285790993599221110344e+00
2243,1.0000000527785517512313617771724238991737e+00
2244,1.0000000599536196244088159801322035491467e+00
2245,1.0000000674913096521123634374816901981831e+00
2246,1.0000000695709290177148886868963018059731e+00
2247,1.0000000630764962483709723528590984642506e+00
2248,1.0000000570954077350194211248890496790409e+00
2249,1.0000000519907623619531022995943203568459e+00
2250,1.0000000480857431650605349204852245748043e+00
2251,1.0000000456343003385484280443051829934120e+00
2252,1.0000000447984851437155384701327420771122e+00
2253,1.0000000456340738530514045123709365725517e+00
2254,1.0000000480859081442019942187471315264702e+00
2255,1.0000000519907799034768913770676590502262e+00
2256,1.0000000570954654666167016330291517078876e+00
2257,1.0000000630765011333522807035478763282299e+00
2258,1.0000000695709174713954325852682814002037e+00
2259,1.0000000725261923850695211513084359467030e+00
2260,1.0000000671659068363084088559844531118870e+00
2261,1.0000000624076008648444258142262697219849e+00
2262,1.0000000585449149159700255040661431849003e+00
2263,1.0000000558220649704566085347323678433895e+00
2264,1.0000000544146376846299517637817189097404e+00
2265,1.0000000544143452518852654975489713251591e+00
2266,1.0000000558221531221647637721616774797440e+00
2267,1.0000000585451884749232931426377035677433e+00
2268,1.0000000624076519351035585714271292090416e+00
2269,1.0000000671660769224757814299664460122585e+00
2270,1.0000000725260123068949269509175792336464e+00
2271,1.0000000761738723209504087208188138902187e+00
2272,1.0000000719663137971338073839433491230011e+00
2273,1.0000000683865934991700896716793067753315e+00
2274,1.0000000656553986733143801757250912487507e+00
2275,1.0000000639443149541563116144970990717411e+00
2276,1.0000000633614924971936943620676174759865e+00
2277,1.0000000639440518312994754523970186710358e+00
2278,1.0000000656556471412272912857588380575180e+00
2279,1.0000000683865639672376346425153315067291e+00
2280,1.0000000719666248816253073528059758245945e+00
2281,1.0000000761741727473008722881786525249481e+00
2282,1.0000000802934636556784653294016607105732e+00
2283,1.0000000771888351014382578796357847750187e+00
2284,1.0000000746766759540662405925104394555092e+00
2285,1.0000000729110491981543873407645151019096e+00
2286,1.0000000720004098564430705664562992751598e+00
2287,1.0000000720003503484889506580657325685024e+00
2288,1.0000000729109135289007781466352753341198e+00
2289,1.0000000746763770820280115003697574138641e+00
2290,1.0000000771886883299544024339411407709122e+00
2291,1.0000000802934636556784653294016607105732e+00
2292,1.0000000846392931297401673873537220060825e+00
2293,1.0000000825281214478224001140915788710117e+00
2294,1.0000000809243516641799942590296268463135e+00
2295,1.0000000799224950664978450731723569333553e+00
2296,1.0000000795818255738822699640877544879913e+00
2297,1.0000000799224788572416855458868667483330e+00
2298,1.0000000809242233223983475909335538744926e+00
2299,1.0000000825279633520636934918002225458622e+00
2300,1.0000000846394190290311598801054060459137e+00
2301,1.0000000889633056111449604941299185156822e+00
2302,1.0000000876914945102669207699364051222801e+00
2303,1.0000000868024341293960333132417872548103e+00
2304,1.0000000863454987509726379357744008302689e+00
2305,1.0000000863454696631293927566730417311192e+00
2306,1.0000000868023422029295943502802401781082e+00
2307,1.0000000876912327196777141580241732299328e+00
2308,1.0000000889633260392486135970102623105049e+00
2309,1.0000000930271342181043792152195237576962e+00
2310,1.0000000924120064915712191577767953276634e+00
2311,1.0000000920306646445823162139276973903179e+00
2312,1.0000000919020903822342916100751608610153e+00
2313,1.0000000920306408858095892355777323246002e+00
2314,1.0000000924118621625780178874265402555466e+00
2315,1.0000000930272985311120237383875064551830e+00
2316,1.0000000966195143892178975875140167772770e+00
2317,1.0000000964669637504300681030144914984703e+00
2318,1.0000000963903443729208220247528515756130e+00
2319,1.0000000963899269290635629658936522901058e+00
2320,1.0000000964669526481998218514490872621536e+00
2321,1.0000000966195161655747369877644814550877e+00
2322,1.0000000995669804382259826525114476680756e+00
2323,1.0000000996863989133345285154064185917377e+00
2324,1.0000000997273339464754826622083783149719e+00
2325,1.0000000996861511115554321804665960371494e+00
2326,1.0000000995667699399405137228313833475113e+00
2327,1.0000001017418542748060872327187098562717e+00
2328,1.0000001019591779893858074501622468233109e+00
2329,1.0000001019588771189461340327397920191288e+00
2330,1.0000001017421438209709094735444523394108e+00
2331,1.0000001030639955601486690284218639135361e+00
2332,1.0000001032316900850815954981953836977482e+00
2333,1.0000001030641720856095844283117912709713e+00
2334,1.0000001035011301109278747389907948672771e+00
2335,1.0000001035009549177345888892887160181999e+00
2336,1.0000001030632639231754410502617247402668e+00
2337,1.0000001030635365939502889887080527842045e+00
2338,1.0000001035009031813416413569939322769642e+00
2339,1.0000001030636089804914945489144884049892e+00
2340,1.0000001017421011884067638675333000719547e+00
2341,1.0000000995671529668840094018378295004368e+00
2342,1.0000000966193400842030314379371702671051e+00
2343,1.0000000930272252563923984780558384954929e+00
2344,1.0000000889635911605068940843921154737473e+00
2345,1.0000000846395038500702412420650944113731e+00
2346,1.0000000802932353938246023972169496119022e+00
2347,1.0000000761738863097605189977912232279778e+00
2348,1.0000000725257829348180393935763277113438e+00
2349,1.0000000695706847686494711524574086070061e+00
2350,1.0000000674911748710371739434776827692986e+00
2351,1.0000000664174646392012846263241954147816e+00
2352,1.0000000664174193421018799199373461306095e+00
2353,1.0000000674914366616263805553899146616459e+00
2354,1.0000000695708288755980674977763555943966e+00
2355,1.0000000725261106726549087397870607674122e+00
2356,1.0000000761739635812830329086864367127419e+00
2357,1.0000000802931006127494129032129421830177e+00
2358,1.0000000846394421216700720833614468574524e+00
2359,1.0000000889630280553888042049948126077652e+00
2360,1.0000000930273706956086243735626339912415e+00
2361,1.0000000966196893603665785121847875416279e+00
2362,1.0000000995670534909010029878118075430393e+00
2363,1.0000001017419146709386268412345089018345e+00
2364,1.0000001030639160681801058672135695815086e+00
2365,1.0000001035012171524130053512635640799999e+00
2366,1.0000001030636362919779003277653828263283e+00
2367,1.0000001035007182181857388059142976999283e+00
2368,1.0000001032315111171300259229610674083233e+00
2369,1.0000001019592652529155429874663241207600e+00
2370,1.0000000996864506497274760477012023329735e+00
2371,1.0000000964664172986573476009652949869633e+00
2372,1.0000000924120471257339204385061748325825e+00
2373,1.0000000876915349223850171256344765424728e+00
2374,1.0000000825278321237021827982971444725990e+00
2375,1.0000000771881960570652836395311169326305e+00
2376,1.0000000719666606308067002828465774655342e+00
2377,1.0000000671659325934825801596161909401417e+00
2378,1.0000000630767993392566950205946341156960e+00
2379,1.0000000599538143575273352325893938541412e+00
2380,1.0000000579956098700762368025607429444790e+00
2381,1.0000000573282938898245220116223208606243e+00
2382,1.0000000579951520141008813880034722387791e+00
2383,1.0000000599535459055999808697379194200039e+00
2384,1.0000000630764618314572089730063453316689e+00
2385,1.0000000671658715312162257760064676403999e+00
2386,1.0000000719665007586911542603047564625740e+00
2387,1.0000000771883643668758168132626451551914e+00
2388,1.0000000825283283933941902432707138359547e+00
2389,1.0000000876914707514941937915864400565624e+00
2390,1.0000000924119643030962834018282592296600e+00
2391,1.0000000964666861946739118138793855905533e+00
2392,1.0000000996863442903617169577046297490597e+00
2393,1.0000001019591502338101918212487362325191e+00
2394,1.0000001032312184623407347316970117390156e+00
2395,1.0000001035009806749087601929204538464546e+00
2396,1.0000001030639718013759420500718988478184e+00
2397,1.0000001019595219364788363236584700644016e+00
2398,1.0000000997275004799291764356894418597221e+00
2399,1.0000000963904525086434205149998888373375e+00
2400,1.0000000920313056873567347793141379952431e+00
2401,1.0000000868021694522269626759225502610207e+00
2402,1.0000000809242222121753229657770134508610e+00
2403,1.0000000746766262160747373854974284768105e+00
2404,1.0000000683866878681271828099852427840233e+00
2405,1.0000000624081997191439086236641742289066e+00
2406,1.0000000570956755208129607126465998589993e+00
2407,1.0000000527788017734565073624253273010254e+00
2408,1.0000000497333252358345134780392982065678e+00
2409,1.0000000481582589362261614951421506702900e+00
2410,1.0000000481584387923561507705016992986202e+00
2411,1.0000000497330947535346012955415062606335e+00
2412,1.0000000527784156378885427329805679619312e+00
2413,1.0000000570954445944238386800861917436123e+00
2414,1.0000000624078435595976088734460063278675e+00
2415,1.0000000683866412387601485534105449914932e+00
2416,1.0000000746766881665195114692323841154575e+00
2417,1.0000000809244706800882340758107602596283e+00
2418,1.0000000868023848354937399562913924455643e+00
2419,1.0000000920311082897029564264812506735325e+00
2420,1.0000000963900848027776646631537005305290e+00
2421,1.0000000997274651748369933557114563882351e+00
2422,1.0000001019588424799877657278557308018208e+00
2423,1.0000001030634793064422183306305669248104e+00
2424,1.0000001017415687254441536424565128982067e+00
2425,1.0000000996864017999143925408134236931801e+00
2426,1.0000000963902482276068894861964508891106e+00
2427,1.0000000919020008982585068224580027163029e+00
2428,1.0000000863456111055427300016162917017937e+00
2429,1.0000000799223136560556213225936517119408e+00
2430,1.0000000729113747155452074366621673107147e+00
2431,1.0000000656556613520820064877625554800034e+00
2432,1.0000000585450823376021389776724390685558e+00
2433,1.0000000519908491813936279868357814848423e+00
2434,1.0000000463928788718703799531795084476471e+00
2435,1.0000000421077785972556739579886198043823e+00
2436,1.0000000394161816519300600702990777790546e+00
2437,1.0000000384980738399320898679434321820736e+00
2438,1.0000000394160590833081414530170150101185e+00
2439,1.0000000421077634982225390558596700429916e+00
2440,1.0000000463931801863992632206645794212818e+00
2441,1.0000000519911289575958335262839682400227e+00
2442,1.0000000585450641299445351251051761209965e+00
2443,1.0000000656555054767693491157842800021172e+00
2444,1.0000000729115954278825029177824035286903e+00
2445,1.0000000799227917180900249149999581277370e+00
2446,1.0000000863456464106349130815942771732807e+00
2447,1.0000000919021003742415132364840246737003e+00
2448,1.0000000963901780615117331763030961155891e+00
2449,1.0000000996859339519318154998472891747952e+00
2450,1.0000001017420203641705711561371572315693e+00
2451,1.0000000995671600723113670028396882116795e+00
2452,1.0000000964664892411093433111091144382954e+00
2453,1.0000000920307516860674468262004666030407e+00
2454,1.0000000863459017619305768675985746085644e+00
2455,1.0000000795817916010577164342976175248623e+00
2456,1.0000000720006061438738242941326461732388e+00
2457,1.0000000639438246796686371453688479959965e+00
2458,1.0000000558218380408703751527355052530766e+00
2459,1.0000000480857687001901012990856543183327e+00
2460,1.0000000411961049717746163878473453223705e+00
2461,1.0000000355860854117651115302578546106815e+00
2462,1.0000000316225283736315532223670743405819e+00
2463,1.0000000295705830932746493999729864299297e+00
2464,1.0000000295702275998621644248487427830696e+00
2465,1.0000000316224506580198294614092446863651e+00
2466,1.0000000355863838397141307723359204828739e+00
2467,1.0000000411963445579033304966287687420845e+00
2468,1.0000000480858457496680102849495597183704e+00
2469,1.0000000558219519497527016937965527176857e+00
2470,1.0000000639440440597383030763012357056141e+00
2471,1.0000000720008717092213146315771155059338e+00
2472,1.0000000795823622556923737647593952715397e+00
2473,1.0000000863459022060197867176611907780170e+00
2474,1.0000000920312306362802701187320053577423e+00
2475,1.0000000964669295555609096481930464506149e+00
2476,1.0000000995670588199715211885632015764713e+00
2477,1.0000000966196649354600367587408982217312e+00
2478,1.0000000924118972456255960423732176423073e+00
2479,1.0000000868025846756381724844686686992645e+00
2480,1.0000000799227508618827187092392705380917e+00
2481,1.0000000720004680321295609246590174734592e+00
2482,1.0000000633611669798028742661699652671814e+00
2483,1.0000000544147025216545898729236796498299e+00
2484,1.0000000456341660015624484003637917339802e+00
2485,1.0000000375264308516420896921772509813309e+00
2486,1.0000000305888623319816588264075107872486e+00
2487,1.0000000252700431691010862778057344257832e+00
2488,1.0000000219252229705091394862392917275429e+00
2489,1.0000000207841639454642290729680098593235e+00
2490,1.0000000219253506461569713792414404451847e+00
2491,1.0000000252697569536053379124496132135391e+00
2492,1.0000000305886658225063001736998558044434e+00
2493,1.0000000375262212415350404626224189996719e+00
2494,1.0000000456344444454970243896241299808025e+00
2495,1.0000000544145677405794003789196722209454e+00
2496,1.0000000633615431233636172692058607935905e+00
2497,1.0000000720007842236469741692417301237583e+00
2498,1.0000000799223465186571502272272482514381e+00
2499,1.0000000868024283562363052624277770519257e+00
2500,1.0000000924117935507950960527523420751095e+00
2501,1.0000000966197821750114371752715669572353e+00
2502,1.0000000930271510934943535175989381968975e+00
2503,1.0000000876913528458089785999618470668793e+00
2504,1.0000000809242104438112619391176849603653e+00
2505,1.0000000729115821052062074159039184451103e+00
2506,1.0000000639440937977298062833142466843128e+00
2507,1.0000000544146130376788050853065215051174e+00
2508,1.0000000447985291085473136263317428529263e+00
2509,1.0000000356264953094154179780161939561367e+00
2510,1.0000000274471789740715621519484557211399e+00
2511,1.0000000207778569905059384836931712925434e+00
2512,1.0000000160599487042389910129713825881481e+00
2513,1.0000000136162869868172720089205540716648e+00
2514,1.0000000136160382968597559738554991781712e+00
2515,1.0000000160597557474773111607646569609642e+00
2516,1.0000000207779196070845273425220511853695e+00
2517,1.0000000274471048111735171914915554225445e+00
2518,1.0000000356269540535691930926986970007420e+00
2519,1.0000000447983918849814699569833464920521e+00
2520,1.0000000544144087566422740565030835568905e+00
2521,1.0000000639441459782119636656716465950012e+00
2522,1.0000000729113867059538733883528038859367e+00
2523,1.0000000809241216259692919265944510698318e+00
2524,1.0000000876913648362176445516524836421013e+00
2525,1.0000000930274066668346222286345437169075e+00
2526,1.0000000889634810263828512688633054494858e+00
2527,1.0000000825283195116099932420183904469013e+00
2528,1.0000000746766621873007352405693382024765e+00
2529,1.0000000656550531719091168270097114145756e+00
2530,1.0000000558217994051091181972878985106945e+00
2531,1.0000000456341586740904858743306249380112e+00
2532,1.0000000356269207468784543380024842917919e+00
2533,1.0000000263756050333796565610100515186787e+00
2534,1.0000000184510624556821767328074201941490e+00
2535,1.0000000123697887488560809288173913955688e+00
2536,1.0000000085438196517628739456995390355587e+00
2537,1.0000000072374288784260443208040669560432e+00
2538,1.0000000085439786357000002681161276996136e+00
2539,1.0000000123701024978828399980557151138783e+00
2540,1.0000000184512887191345953397103585302830e+00
2541,1.0000000263755910445695462840376421809196e+00
2542,1.0000000356265750234285860642557963728905e+00
2543,1.0000000456340687460254912366508506238461e+00
2544,1.0000000558218786750330764334648847579956e+00
2545,1.0000000656556147227149722311878576874733e+00
2546,1.0000000746766917192331902697333134710789e+00
2547,1.0000000825283112959596110158599913120270e+00
2548,1.0000000889635374257125022268155589699745e+00
2549,1.0000000846397252285413514982792548835278e+00
2550,1.0000000771884884898099699057638645172119e+00
2551,1.0000000683867846795749301236355677247047e+00
2552,1.0000000585452699652933006291277706623077e+00
2553,1.0000000480858839413400573903345502912998e+00
2554,1.0000000375261872687104869328322820365429e+00
2555,1.0000000274471441130685889220330864191055e+00
2556,1.0000000184513451184642462976626120507717e+00
2557,1.0000000111107332223525645531481131911278e+00
2558,1.0000000059152178710775160652701742947102e+00
2559,1.0000000032233204994014386102207936346531e+00
2560,1.0000000032233073987697480333736166357994e+00
2561,1.0000000059153359988073361819260753691196e+00
2562,1.0000000111107316680403300779289565980434e+00
2563,1.0000000184511348422233822930138558149338e+00
2564,1.0000000274471982919521906296722590923309e+00
2565,1.0000000375262501073336807166924700140953e+00
2566,1.0000000480860666840499106911011040210724e+00
2567,1.0000000585449446699470854582614265382290e+00
2568,1.0000000683867120709891196383978240191936e+00
2569,1.0000000771882058270279003409086726605892e+00
2570,1.0000000846394772047176502383081242442131e+00
2571,1.0000000802934154719991965976078063249588e+00
2572,1.0000000719666140014396660262718796730042e+00
2573,1.0000000624080231936829932237742468714714e+00
2574,1.0000000519905403173481772682862356305122e+00
2575,1.0000000411963234636658626186545006930828e+00
2576,1.0000000305886751483797070250147953629494e+00
2577,1.0000000207779438099464641709346324205399e+00
2578,1.0000000123702807997005947981961071491241e+00
2579,1.0000000059157787557495566943543963134289e+00
2580,1.0000000018528472089940350997494533658028e+00
2581,1.0000000004659574948107092495774850249290e+00
2582,1.0000000018527561707060158369131386280060e+00
2583,1.0000000059152300835307869419921189546585e+00
2584,1.0000000123701935361708592608920298516750e+00
2585,1.0000000207779384808759459701832383871078e+00
2586,1.0000000305887803975224414898548275232315e+00
2587,1.0000000411963940738502287786104716360569e+00
2588,1.0000000519905247742258325160946696996689e+00
2589,1.0000000624078746458422983778291381895542e+00
2590,1.0000000719668198367884315302944742143154e+00
2591,1.0000000802930593124528968473896384239197e+00
2592,1.0000000761739640253722427587490528821945e+00
2593,1.0000000671659605711028007135610096156597e+00
2594,1.0000000570956177892156802045064978301525e+00
2595,1.0000000463928251370759880956029519438744e+00
2596,1.0000000355862084244762399976025335490704e+00
2597,1.0000000252697822666902993660187348723412e+00
2598,1.0000000160601398846438314649276435375214e+00
2599,1.0000000085439550989718782147974707186222e+00
2600,1.0000000032233806734893732937052845954895e+00
2601,1.0000000004661331320932049493421800434589e+00
2602,1.0000000004659368446624512216658331453800e+00
2603,1.0000000032235281111070435144938528537750e+00
2604,1.0000000085439935126885302452137693762779e+00
2605,1.0000000160598858656157972291111946105957e+00
2606,1.0000000252698699743092447533854283392429e+00
2607,1.0000000355862974643628149351570755243301e+00
2608,1.0000000463929568095267086391686461865902e+00
2609,1.0000000570956457668359007584513165056705e+00
2610,1.0000000671659279305458767339587211608887e+00
2611,1.0000000761739196164512577524874359369278e+00
2612,1.0000000725255522304735222860472276806831e+00
2613,1.0000000630764216413837175423395819962025e+00
2614,1.0000000527785475323838682015775702893734e+00
2615,1.0000000421078405477004480417235754430294e+00
2616,1.0000000316226815844089514939696528017521e+00
2617,1.0000000219251123922958868206478655338287e+00
2618,1.0000000136164863828724946870352141559124e+00
2619,1.0000000072377703830284190189559012651443e+00
2620,1.0000000032231859403708540412480942904949e+00
2621,1.0000000018527823719693969906074926257133e+00
2622,1.0000000032233684610361024169833399355412e+00
2623,1.0000000072375090365284222571062855422497e+00
2624,1.0000000136160143160424240704742260277271e+00
2625,1.0000000219252911382028514708508737385273e+00
2626,1.0000000316224786356400500153540633618832e+00
2627,1.0000000421078316659162510404712520539761e+00
2628,1.0000000527788115434191240638028830289841e+00
2629,1.0000000630768954845706275591510348021984e+00
2630,1.0000000725258730849276389562874101102352e+00
2631,1.0000000695708868292399529309477657079697e+00
2632,1.0000000599535912026993855761247687041759e+00
2633,1.0000000497335335136739331574062816798687e+00
2634,1.0000000394161210337529155367519706487656e+00
2635,1.0000000295704305486310659034643322229385e+00
2636,1.0000000207841517330109581962460651993752e+00
2637,1.0000000136162545683049529543495737016201e+00
2638,1.0000000085438769392709446037770248949528e+00
2639,1.0000000059156728404730074544204398989677e+00
2640,1.0000000059154450227083543722983449697495e+00
2641,1.0000000085435578611736673337873071432114e+00
2642,1.0000000136164199915356221026740968227386e+00
2643,1.0000000207843895427828329047770239412785e+00
2644,1.0000000295704818409348035856964997947216e+00
2645,1.0000000394159416217121361114550381898880e+00
2646,1.0000000497331613669160788049339316785336e+00
2647,1.0000000599537552936624251742614433169365e+00
2648,1.0000000695708237685721542220562696456909e+00
2649,1.0000000674910054510036161445896141231060e+00
2650,1.0000000579951255907928953092778101563454e+00
2651,1.0000000481584518929878413473488762974739e+00
2652,1.0000000384983971368768607135280035436153e+00
2653,1.0000000295705264719003935169894248247147e+00
2654,1.0000000219254521205414221185492351651192e+00
2655,1.0000000160598758736085756027023307979107e+00
2656,1.0000000123701986431967725366121158003807e+00
2657,1.0000000111105344924311566501273773610592e+00
2658,1.0000000123705685695085776387713849544525e+00
2659,1.0000000160598876419726366293616592884064e+00
2660,1.0000000219251838906586726807290688157082e+00
2661,1.0000000295702555774823849787935614585876e+00
2662,1.0000000384981524437222333290264941751957e+00
2663,1.0000000481581896583094248853740282356739e+00
2664,1.0000000579953052248782796596060506999493e+00
2665,1.0000000674913529508103238185867667198181e+00
2666,1.0000000664177064457760479854186996817589e+00
2667,1.0000000573281813132098250207491219043732e+00
2668,1.0000000481581894362648199603427201509476e+00
2669,1.0000000394160679650923384542693383991718e+00
2670,1.0000000316226291818821891865809448063374e+00
2671,1.0000000252696334968049995950423181056976e+00
2672,1.0000000207776977845242072362452745437622e+00
2673,1.0000000184512058964969583030324429273605e+00
2674,1.0000000184511939060882923513418063521385e+00
2675,1.0000000207777559602106975944479927420616e+00
2676,1.0000000252699590141958196909399703145027e+00
2677,1.0000000316224708640788776392582803964615e+00
2678,1.0000000394161558947558887666673399507999e+00
2679,1.0000000481585931133565736672608181834221e+00
2680,1.0000000573281220273003100373898632824421e+00
2681,1.0000000664176353915024719754001125693321e+00
2682,1.0000000664178489984124098555184900760651e+00
2683,1.0000000579951693335800655404455028474331e+00
2684,1.0000000497334053939368914143415167927742e+00
2685,1.0000000421075010414995176688535138964653e+00
2686,1.0000000355860827472298524298821575939655e+00
2687,1.0000000305886262985666235181270167231560e+00
2688,1.0000000274472453654084347363095730543137e+00
2689,1.0000000263752342188894317587255500257015e+00
2690,1.0000000274471574357448844239115715026855e+00
2691,1.0000000305886964646617798280203714966774e+00
2692,1.0000000355863161161096286377869546413422e+00
2693,1.0000000421078925061380004990496672689915e+00
2694,1.0000000497334802229687511498923413455486e+00
2695,1.0000000579951968671110762443277053534985e+00
2696,1.0000000664178103626511529000708833336830e+00
2697,1.0000000674909785836064202158013358712196e+00
2698,1.0000000599533986900269155739806592464447e+00
2699,1.0000000527788290849429131412762217223644e+00
2700,1.0000000463932057215288295992650091648102e+00
2701,1.0000000411964036217682405549567192792892e+00
2702,1.0000000375266271390728434198535978794098e+00
2703,1.0000000356268321510810892505105584859848e+00
2704,1.0000000356268954337934928844333626329899e+00
2705,1.0000000375262285690070029886555857956409e+00
2706,1.0000000411961291746365532162599265575409e+00
2707,1.0000000463929734628720780165167525410652e+00
2708,1.0000000527786678805597375685465522110462e+00
2709,1.0000000599535447953769562445813789963722e+00
2710,1.0000000674912965514806728606345131993294e+00
2711,1.0000000695707478293172698613489046692848e+00
2712,1.0000000630766874287758128048153594136238e+00
2713,1.0000000570959275414395506231812760233879e+00
2714,1.0000000519906104834433335781795904040337e+00
2715,1.0000000480860209428612961346516385674477e+00
2716,1.0000000456344011467990640085190534591675e+00
2717,1.0000000447984473961327012148103676736355e+00
2718,1.0000000456340387700038263574242591857910e+00
2719,1.0000000480857109685928207909455522894859e+00
2720,1.0000000519908940344038228431600145995617e+00
2721,1.0000000570956248946430378055083565413952e+00
2722,1.0000000630765886189266211658832617104053e+00
2723,1.0000000695709370113206659880233928561211e+00
2724,1.0000000725254607480962931731482967734337e+00
2725,1.0000000671658915152306690288241952657700e+00
2726,1.0000000624076665900474836234934628009796e+00
2727,1.0000000585449546619543070846702903509140e+00
2728,1.0000000558217416735118376891477964818478e+00
2729,1.0000000544144986847072686941828578710556e+00
2730,1.0000000544143512470895984733942896127701e+00
2731,1.0000000558217401191996032139286398887634e+00
2732,1.0000000585454162926879462247597984969616e+00
2733,1.0000000624079015132394943066174164414406e+00
2734,1.0000000671658120232621058676159009337425e+00
2735,1.0000000725253843647521989623783156275749e+00
2736,1.0000000761740617249984097725246101617813e+00
2737,1.0000000719666741755276007097563706338406e+00
2738,1.0000000683867364958956613918417133390903e+00
2739,1.0000000656555032563232998654711991548538e+00
2740,1.0000000639439308169897913103341124951839e+00
2741,1.0000000633615446776758517444250173866749e+00
2742,1.0000000639442583327820557315135374665260e+00
2743,1.0000000656552379130204144530580379068851e+00
2744,1.0000000683866565598378883805708028376102e+00
2745,1.0000000719662753834171553535270504653454e+00
2746,1.0000000761737759535918712572311051189899e+00
2747,1.0000000802932413890289353730622678995132e+00
2748,1.0000000771883350569879667091299779713154e+00
2749,1.0000000746766584125424515150371007621288e+00
2750,1.0000000729113589503782577594392932951450e+00
2751,1.0000000720005741694507150896242819726467e+00
2752,1.0000000720005000065526701291673816740513e+00
2753,1.0000000729112195063663648397778160870075e+00
2754,1.0000000746767341297527309507131576538086e+00
2755,1.0000000771884913763898339311708696186543e+00
2756,1.0000000802935897770140627471846528351307e+00
2757,1.0000000846391410291857937409076839685440e+00
2758,1.0000000825278296812115286229527555406094e+00
2759,1.0000000809246014643605349192512221634388e+00
2760,1.0000000799222725778037101918016560375690e+00
2761,1.0000000795816628151868599161389283835888e+00
2762,1.0000000799225519099167058811872266232967e+00
2763,1.0000000809240892074569728720234706997871e+00
2764,1.0000000825281034622094011865556240081787e+00
2765,1.0000000846395860065740635036490857601166e+00
2766,1.0000000889633147149737624204135499894619e+00
2767,1.0000000876913686109759282771847210824490e+00
2768,1.0000000868024216948981575114885345101357e+00
2769,1.0000000863456985911170704639516770839691e+00
2770,1.0000000863455438260274377171299420297146e+00
2771,1.0000000868027434375306938818539492785931e+00
2772,1.0000000876921140147146616072859615087509e+00
2773,1.0000000889635380918463170019094832241535e+00
2774,1.0000000930272474608528909811866469681263e+00
2775,1.0000000924119234468889771960675716400146e+00
2776,1.0000000920310263552437390899285674095154e+00
2777,1.0000000919021501122330164434970356523991e+00
2778,1.0000000920311549190699906830559484660625e+00
2779,1.0000000924120562295627223647898063063622e+00
2780,1.0000000930272494592543353064684197306633e+00
2781,1.0000000966195830010008194221882149577141e+00
2782,1.0000000964667146163833422178868204355240e+00
2783,1.0000000963902506700975436615408398211002e+00
2784,1.0000000963900916861604173391242511570454e+00
2785,1.0000000964665225478000820658053271472454e+00
2786,1.0000000966192779117136524291709065437317e+00
2787,1.0000000995669919845454387541394680738449e+00
2788,1.0000000996858338098149943107273429632187e+00
2789,1.0000000997278357672826132329646497964859e+00
2790,1.0000000996862530300290927698370069265366e+00
2791,1.0000000995672959636095811220002360641956e+00
2792,1.0000001017421007443175540174706839025021e+00
2793,1.0000001019592306139571746825822629034519e+00
2794,1.0000001019592721362982956634368747472763e+00
2795,1.0000001017420530047274951357394456863403e+00
2796,1.0000001030637550858415352195152081549168e+00
2797,1.0000001032310343873632518807426095008850e+00
2798,1.0000001030640093269141743803629651665688e+00
2799,1.0000001035012175965022152013261802494526e+00
2800,1.0000001035014294270553136811940930783749e+00
2801,1.0000001030635257137646476621739566326141e+00
2802,1.0000001030630552012468115208321250975132e+00
2803,1.0000001035010543937175953033147379755974e+00
2804,1.0000001030639287247225865939981304109097e+00
2805,1.0000001017417496917971675429726019501686e+00
2806,1.0000000995670172976304002077085897326469e+00
2807,1.0000000966194733109659864567220211029053e+00
2808,1.0000000930271450982900205417536199092865e+00
2809,1.0000000889633726686156478535849601030350e+00
2810,1.0000000846398073850451737598632462322712e+00
2811,1.0000000802933401988781270119943656027317e+00
2812,1.0000000761738747634410628961632028222084e+00
2813,1.0000000725257707223647685168543830513954e+00
2814,1.0000000695707857989447120417025871574879e+00
2815,1.0000000674910425324526386248180642724037e+00
2816,1.0000000664176926790105426334775984287262e+00
2817,1.0000000664177222109429976626415736973286e+00
2818,1.0000000674910445308540829500998370349407e+00
2819,1.0000000695707567111014668626012280583382e+00
2820,1.0000000725261681822075843228958547115326e+00
2821,1.0000000761739760157809087104396894574165e+00
2822,1.0000000802934707611058229304035194218159e+00
2823,1.0000000846393994891059264773502945899963e+00
2824,1.0000000889637015166755418249522335827351e+00
2825,1.0000000930270405152811008520075120031834e+00
2826,1.0000000966196109786210399761330336332321e+00
2827,1.0000000995670796921643841415061615407467e+00
2828,1.0000001017421913385163634302443824708462e+00
2829,1.0000001030643572708100919044227339327335e+00
2830,1.0000001035011849559452912217238917946815e+00
2831,1.0000001030631973097939635408692993223667e+00
2832,1.0000001035009571381806381396017968654633e+00
2833,1.0000001032312697546444724139291793107986e+00
2834,1.0000001019590998296848738391418009996414e+00
2835,1.0000000996861861946030103354132734239101e+00
2836,1.0000000964665090030791816388955339789391e+00
2837,1.0000000924121832390767394826980307698250e+00
2838,1.0000000876909957980842591496184468269348e+00
2839,1.0000000825284622862909600371494889259338e+00
2840,1.0000000771883692518571251639514230191708e+00
2841,1.0000000719663699744188534168642945587635e+00
2842,1.0000000671658315631873392703710123896599e+00
2843,1.0000000630765437659164263095590285956860e+00
2844,1.0000000599536149614721125544747337698936e+00
2845,1.0000000579949748225061512130196206271648e+00
2846,1.0000000573281180304974213868263177573681e+00
2847,1.0000000579951247026144756091525778174400e+00
2848,1.0000000599534484280184187809936702251434e+00
2849,1.0000000630768386411517667511361651122570e+00
2850,1.0000000671657194306618521295604296028614e+00
2851,1.0000000719661692460960011885617859661579e+00
2852,1.0000000771882344707819356699474155902863e+00
2853,1.0000000825280745964107609324855729937553e+00
2854,1.0000000876917807257626691352925263345242e+00
2855,1.0000000924123542134225317568052560091019e+00
2856,1.0000000964670705538850370430736802518368e+00
2857,1.0000000996863507296552597836125642061234e+00
2858,1.0000001019589543904686479436350055038929e+00
2859,1.0000001032313119431194081698777154088020e+00
2860,1.0000001035010359640153865257161669433117e+00
2861,1.0000001030643432819999816274503245949745e+00
2862,1.0000001019589581652269316691672429442406e+00
2863,1.0000000997277196379542374415905214846134e+00
2864,1.0000000963899788875011154232197441160679e+00
2865,1.0000000920311740149060142357484437525272e+00
2866,1.0000000868025415989848170283949002623558e+00
2867,1.0000000809240212618078658124431967735291e+00
2868,1.0000000746765731474141603030147962272167e+00
2869,1.0000000683865413186879322893219068646431e+00
2870,1.0000000624077216571095050312578678131104e+00
2871,1.0000000570954084011532358999829739332199e+00
2872,1.0000000527783867720899024789105169475079e+00
2873,1.0000000497331900106701141339726746082306e+00
2874,1.0000000481584070399776464910246431827545e+00
2875,1.0000000481583519729156250832602381706238e+00
2876,1.0000000497332168780673100627609528601170e+00
2877,1.0000000527784038695244817063212394714355e+00
2878,1.0000000570955549505924864206463098526001e+00
2879,1.0000000624075919830602288129739463329315e+00
2880,1.0000000683869290085681313939858227968216e+00
2881,1.0000000746767137016490778478328138589859e+00
2882,1.0000000809243683175253636363777332007885e+00
2883,1.0000000868023357636360515243723057210445e+00
2884,1.0000000920307667851005817283294163644314e+00
2885,1.0000000963906425788252363417996093630791e+00
2886,1.0000000997274409719750565272988751530647e+00
2887,1.0000001019591284734389091681805439293385e+00
2888,1.0000001030640512933445052112801931798458e+00
2889,1.0000001017418791438018388362252153456211e+00
2890,1.0000000996862208335613786402973346412182e+00
2891,1.0000000963897484052012032407219521701336e+00
2892,1.0000000919021512224560410686535760760307e+00
2893,1.0000000863457481070639687459333799779415e+00
2894,1.0000000799225137182446587758022360503674e+00
2895,1.0000000729114346675885371951153501868248e+00
2896,1.0000000656554302036482795301708392798901e+00
2897,1.0000000585452926138430029823211953043938e+00
2898,1.0000000519905980489454577764263376593590e+00
2899,1.0000000463930369676290865754708647727966e+00
2900,1.0000000421075172507556771961390040814877e+00
2901,1.0000000394161092653888545100926421582699e+00
2902,1.0000000384980700651738061424111947417259e+00
2903,1.0000000394158841121594605283462442457676e+00
2904,1.0000000421077934742442039350862614810467e+00
2905,1.0000000463927485316872889598016627132893e+00
2906,1.0000000519911842467024598590796813368797e+00
2907,1.0000000585452062384916871451423503458500e+00
2908,1.0000000656555441125306060712318867444992e+00
2909,1.0000000729113565078876035840949043631554e+00
2910,1.0000000799227646286482240611803717911243e+00
2911,1.0000000863456000033124837500508874654770e+00
2912,1.0000000919018356970724425991647876799107e+00
2913,1.0000000963901798378685725765535607933998e+00
2914,1.0000000996863136482062373033841140568256e+00
2915,1.0000001017418898019428752377280034124851e+00
2916,1.0000000995673461456902941790758632123470e+00
2917,1.0000000964665090030791816388955339789391e+00
2918,1.0000000920310772034582669220981188118458e+00
2919,1.0000000863460780653468873424571938812733e+00
2920,1.0000000795822647781108116760151460766792e+00
2921,1.0000000720006414489660073741106316447258e+00
2922,1.0000000639439741156877516914391890168190e+00
2923,1.0000000558215607071588237886317074298859e+00
2924,1.0000000480860300466900980609352700412273e+00
2925,1.0000000411964575786072373375645838677883e+00
2926,1.0000000355860023670828695685486309230328e+00
2927,1.0000000316226511642980767646804451942444e+00
2928,1.0000000295702318187096580004435963928699e+00
2929,1.0000000295705464559148367698071524500847e+00
2930,1.0000000316225647889467609275016002357006e+00
2931,1.0000000355862339596058063762029632925987e+00
2932,1.0000000411964471425108058610931038856506e+00
2933,1.0000000480855448792283368675271049141884e+00
2934,1.0000000558219233059986663647578097879887e+00
2935,1.0000000639438730853925108021940104663372e+00
2936,1.0000000720005215448793478572042658925056e+00
2937,1.0000000795820207510899990666075609624386e+00
2938,1.0000000863458204936051743061398155987263e+00
2939,1.0000000920313083518919938796898350119591e+00
2940,1.0000000964666153624449407288921065628529e+00
2941,1.0000000995669282577438252701540477573872e+00
2942,1.0000000966194428908551117274328134953976e+00
2943,1.0000000924120029388575403572758659720421e+00
2944,1.0000000868028100509121713912463746964931e+00
2945,1.0000000799224126879494178865570574998856e+00
2946,1.0000000720006230192637985965120606124401e+00
2947,1.0000000633614705147778067839681170880795e+00
2948,1.0000000544144516112510245875455439090729e+00
2949,1.0000000456341986421193723799660801887512e+00
2950,1.0000000375261655083392042797640897333622e+00
2951,1.0000000305885192730670496530365198850632e+00
2952,1.0000000252701743974625969713088124990463e+00
2953,1.0000000219253153410647882992634549736977e+00
2954,1.0000000207842749677666915886220522224903e+00
2955,1.0000000219251783395435495549463666975498e+00
2956,1.0000000252700180780607297492679208517075e+00
2957,1.0000000305886489471163258713204413652420e+00
2958,1.0000000375261135499016518224379979074001e+00
2959,1.0000000456341797683279537523048929870129e+00
2960,1.0000000544146392389421862390008755028248e+00
2961,1.0000000633613457257098389163729734718800e+00
2962,1.0000000720006361198954891733592376112938e+00
2963,1.0000000799229462611350527367903850972652e+00
2964,1.0000000868026008848943320117541588842869e+00
2965,1.0000000924121401624233840266242623329163e+00
2966,1.0000000966193061113784779081470333039761e+00
2967,1.0000000930277987976069198339246213436127e+00
2968,1.0000000876910779545880814112024381756783e+00
2969,1.0000000809244080635096452169818803668022e+00
2970,1.0000000729113898145783423387911170721054e+00
2971,1.0000000639440165262072923724190331995487e+00
2972,1.0000000544143952119213736295932903885841e+00
2973,1.0000000447979850992652472996269352734089e+00
2974,1.0000000356268976542395421347464434802532e+00
2975,1.0000000274472866657049507921328768134117e+00
2976,1.0000000207779926597595476778224110603333e+00
2977,1.0000000160599356036073004361242055892944e+00
2978,1.0000000136162321417998555261874571442604e+00
2979,1.0000000136161653063737730917637236416340e+00
2980,1.0000000160599820109297297676675952970982e+00
2981,1.0000000207778843019923442625440657138824e+00
2982,1.0000000274471803063391917021363042294979e+00
2983,1.0000000356268095025313868973171338438988e+00
2984,1.0000000447985675222639656567480415105820e+00
2985,1.0000000544145251080152547729085199534893e+00
2986,1.0000000639441930516682077723089605569839e+00
2987,1.0000000729110563035817449417663738131523e+00
2988,1.0000000809245708222050552649307064712048e+00
2989,1.0000000876919015180277483523241244256496e+00
2990,1.0000000930266763621290238006622530519962e+00
2991,1.0000000889632270073548170330468565225601e+00
2992,1.0000000825280355165602941269753500819206e+00
2993,1.0000000746765271841809408215340226888657e+00
2994,1.0000000656553409417170996675849892199039e+00
2995,1.0000000558218500312790411044261418282986e+00
2996,1.0000000456340127907850501287612132728100e+00
2997,1.0000000356268159418249297232250683009624e+00
2998,1.0000000263752395479599499594769440591335e+00
2999,1.0000000184513762047089358020457439124584e+00
3000,1.0000000123699845921976248064311221241951e+00
3001,1.0000000085436602237365377732203342020512e+00
3002,1.0000000072378543158890806807903572916985e+00
3003,1.0000000085436107077896394912386313080788e+00
3004,1.0000000123700847343144459955510683357716e+00
3005,1.0000000184513990753032430802704766392708e+00
3006,1.0000000263758079821485580396256409585476e+00
3007,1.0000000356270142276571277761831879615784e+00
3008,1.0000000456341411325666967968572862446308e+00
3009,1.0000000558220072388593280265922658145428e+00
3010,1.0000000656555407818615321957622654736042e+00
3011,1.0000000746764359238483166336663998663425e+00
3012,1.0000000825281898375607170237344689667225e+00
3013,1.0000000889633886558272024558391422033310e+00
3014,1.0000000846394763165392305381828919053078e+00
3015,1.0000000771880710459527108469046652317047e+00
3016,1.0000000683864782580201335804304108023643e+00
3017,1.0000000585451243040324698085896670818329e+00
3018,1.0000000480858060036837287043454125523567e+00
3019,1.0000000375264372909356325180851854383945e+00
3020,1.0000000274473523909080086014000698924065e+00
3021,1.0000000184511610434867634467082098126411e+00
3022,1.0000000111105866729133140324847772717476e+00
3023,1.0000000059155644827058040391420945525169e+00
3024,1.0000000032231934898874214923125691711903e+00
3025,1.0000000032235092373156248868326656520367e+00
3026,1.0000000059154618980983286746777594089508e+00
3027,1.0000000111108333644693857422680594027042e+00
3028,1.0000000184514630241494614892872050404549e+00
3029,1.0000000274471754213578833514475263655186e+00
3030,1.0000000375260285068179655354470014572144e+00
3031,1.0000000480855104623145734876743517816067e+00
3032,1.0000000585448645118447075219592079520226e+00
3033,1.0000000683865541972750179411377757787704e+00
3034,1.0000000771884371975062322235316969454288e+00
3035,1.0000000846392196329759372019907459616661e+00
3036,1.0000000802932529353483914746902883052826e+00
3037,1.0000000719662811565768834043410606682301e+00
3038,1.0000000624076359478920039691729471087456e+00
3039,1.0000000519906666607283796111005358397961e+00
3040,1.0000000411964402591280531851225532591343e+00
3041,1.0000000305886134199795378663111478090286e+00
3042,1.0000000207777721694668571217334829270840e+00
3043,1.0000000123701791032715391338570043444633e+00
3044,1.0000000059155633724827794139855541288853e+00
3045,1.0000000018527748224528295395430177450180e+00
3046,1.0000000004658990970796139663434587419033e+00
3047,1.0000000018529857648275083192856982350349e+00
3048,1.0000000059154714460163404510240070521832e+00
3049,1.0000000123700476528654235153226181864738e+00
3050,1.0000000207773922511478303931653499603271e+00
3051,1.0000000305886698193091888242634013295174e+00
3052,1.0000000411963057000974686161498539149761e+00
3053,1.0000000519907483731429920226219110190868e+00
3054,1.0000000624077685085211442128638736903667e+00
3055,1.0000000719660351311546264696517027914524e+00
3056,1.0000000802930437693305520951980724930763e+00
3057,1.0000000761735996501755607823724858462811e+00
3058,1.0000000671660724815836829293402843177319e+00
3059,1.0000000570956208978401491549448110163212e+00
3060,1.0000000463927625204973992367740720510483e+00
3061,1.0000000355862175283050419238861650228500e+00
3062,1.0000000252700871339328614340047352015972e+00
3063,1.0000000160598723208948968022014014422894e+00
3064,1.0000000085438440766694156991434283554554e+00
3065,1.0000000032234623859039857052266597747803e+00
3066,1.0000000004658113894606685789767652750015e+00
3067,1.0000000004659368446624512216658331453800e+00
3068,1.0000000032234326319269257510313764214516e+00
3069,1.0000000085438336405729842226719483733177e+00
3070,1.0000000160600366339025413253693841397762e+00
3071,1.0000000252698104663551248449948616325855e+00
3072,1.0000000355861446976746265136171132326126e+00
3073,1.0000000463928666594171090764575637876987e+00
3074,1.0000000570955196455003033406683243811131e+00
3075,1.0000000671661231077536058364785276353359e+00
3076,1.0000000761737284360464173005311749875546e+00
3077,1.0000000725257995881634087709244340658188e+00
3078,1.0000000630766745501887271529994904994965e+00
3079,1.0000000527788099891068895885837264358997e+00
3080,1.0000000421077581691520208551082760095596e+00
3081,1.0000000316224413321464226100943051278591e+00
3082,1.0000000219250759769806791155133396387100e+00
3083,1.0000000136161903974141296203015372157097e+00
3084,1.0000000072376964421749789835303090512753e+00
3085,1.0000000032232909674689835810568183660507e+00
3086,1.0000000018530035283959023217903450131416e+00
3087,1.0000000032232221336414568213513121008873e+00
3088,1.0000000072377173143678419364732690155506e+00
3089,1.0000000136159785668610311404336243867874e+00
3090,1.0000000219253393218821202026447281241417e+00
3091,1.0000000316222166230062384784105233848095e+00
3092,1.0000000421078301116040165652520954608917e+00
3093,1.0000000527785803949853971062111668288708e+00
3094,1.0000000630767762466177828173385933041573e+00
3095,1.0000000725258546552254301786888390779495e+00
3096,1.0000000695707176312510000570910051465034e+00
3097,1.0000000599539664580817088790354318916798e+00
3098,1.0000000497334011750893978387466631829739e+00
3099,1.0000000394161270289572485125972889363766e+00
3100,1.0000000295702164976319181732833385467529e+00
3101,1.0000000207840893384769742624484933912754e+00
3102,1.0000000136160445141086938747321255505085e+00
3103,1.0000000085439286756638921360718086361885e+00
3104,1.0000000059155620402151498637977056205273e+00
3105,1.0000000059155527143417430124827660620213e+00
3106,1.0000000085436990815423996536992490291595e+00
3107,1.0000000136161624197939090663567185401917e+00
3108,1.0000000207842176802586209305445663630962e+00
3109,1.0000000295701649832835755660198628902435e+00
3110,1.0000000394161130401471382356248795986176e+00
3111,1.0000000497332786064674792214646004140377e+00
3112,1.0000000599536329470851114820106886327267e+00
3113,1.0000000695703805675407238595653325319290e+00
3114,1.0000000674912405962402317527448758482933e+00
3115,1.0000000579954269053217785767628811299801e+00
3116,1.0000000481585755718327845897874794900417e+00
3117,1.0000000384980292089664999366505071520805e+00
3118,1.0000000295700608443638657263363711535931e+00
3119,1.0000000219256566236225580723839811980724e+00
3120,1.0000000160598452314530959483818151056767e+00
3121,1.0000000123698113974057832820108160376549e+00
3122,1.0000000111108080513844242886989377439022e+00
3123,1.0000000123705048427069641547859646379948e+00
3124,1.0000000160600039933456173457670956850052e+00
3125,1.0000000219256617306484713481040671467781e+00
3126,1.0000000295702655694896066052024252712727e+00
3127,1.0000000384982035139813660862273536622524e+00
3128,1.0000000481583581901645629841368645429611e+00
3129,1.0000000579949479551089552842313423752785e+00
3130,1.0000000674913960274636792746605351567268e+00
3131,1.0000000664175623388274516400997526943684e+00
3132,1.0000000573280600768555359536549076437950e+00
3133,1.0000000481582502764865694189211353659630e+00
3134,1.0000000394160268868404273234773427248001e+00
3135,1.0000000316225103880185542948311194777489e+00
3136,1.0000000252701832792467939725611358880997e+00
3137,1.0000000207781030159281954183825291693211e+00
3138,1.0000000184512292111804754313197918236256e+00
3139,1.0000000184513651024786895504803396761417e+00
3140,1.0000000207776540417370370050775818526745e+00
3141,1.0000000252697036629001559049356728792191e+00
3142,1.0000000316219306295550950380857102572918e+00
3143,1.0000000394162822381360911094816401600838e+00
3144,1.0000000481584134792711893169325776398182e+00
3145,1.0000000573283815974434673989890143275261e+00
3146,1.0000000664175656694965255155693739652634e+00
3147,1.0000000664176391662607557009323500096798e+00
3148,1.0000000579953383095244134892709553241730e+00
3149,1.0000000497332588444976408936781808733940e+00
3150,1.0000000421079293655424180542468093335629e+00
3151,1.0000000355861875522833770446595735847950e+00
3152,1.0000000305890344165504757256712764501572e+00
3153,1.0000000274471523287189711481914855539799e+00
3154,1.0000000263753641149833129020407795906067e+00
3155,1.0000000274468932026650236366549506783485e+00
3156,1.0000000305888632201600785265327431261539e+00
3157,1.0000000355864056000854134254041127860546e+00
3158,1.0000000421078554246889780188212171196938e+00
3159,1.0000000497333443316705370307317934930325e+00
3160,1.0000000579953978174785333976615220308304e+00
3161,1.0000000664174506503911743493517860770226e+00
3162,1.0000000674912499221136386040598154067993e+00
3163,1.0000000599537319789789080459740944206715e+00
3164,1.0000000527786798709684035202371887862682e+00
3165,1.0000000463928275795666422709473408758640e+00
3166,1.0000000411963412272342566211591474711895e+00
3167,1.0000000375262092511263745109317824244499e+00
3168,1.0000000356266187662157562954234890639782e+00
3169,1.0000000356268317069918794004479423165321e+00
3170,1.0000000375263704555095500836614519357681e+00
3171,1.0000000411962655100239771854830905795097e+00
3172,1.0000000463930092120534709465573541820049e+00
3173,1.0000000527786410131625416397582739591599e+00
3174,1.0000000599536753576046521629905328154564e+00
3175,1.0000000674913134268706471630139276385307e+00
3176,1.0000000695710009601668843970401212573051e+00
3177,1.0000000630770056186946703746798448264599e+00
3178,1.0000000570950868805653044546488672494888e+00
3179,1.0000000519908691654080712396535091102123e+00
3180,1.0000000480857378359900167197338305413723e+00
3181,1.0000000456341924248704344790894538164139e+00
3182,1.0000000447987178464614999029436148703098e+00
3183,1.0000000456343582921903134774765931069851e+00
3184,1.0000000480857482720864481962053105235100e+00
3185,1.0000000519909144625074759460403583943844e+00
3186,1.0000000570951974587785571202402934432030e+00
3187,1.0000000630766827658391093791578896343708e+00
3188,1.0000000695703876729680814605671912431717e+00
3189,1.0000000725259750034012995456578209996223e+00
3190,1.0000000671655682182858981832396239042282e+00
3191,1.0000000624076830213482480758102610707283e+00
3192,1.0000000585451485068944066370022483170033e+00
3193,1.0000000558218680168920400319620966911316e+00
3194,1.0000000544143756719961402268381789326668e+00
3195,1.0000000544143550218478821989265270531178e+00
3196,1.0000000558220532020925475080730393528938e+00
3197,1.0000000585451067625086807311163283884525e+00
3198,1.0000000624078637656566570512950420379639e+00
3199,1.0000000671659710071992321900324895977974e+00
3200,1.0000000725258346712109869258711114525795e+00
3201,1.0000000761735330367940832729800604283810e+00
3202,1.0000000719665682602510514698224142193794e+00
3203,1.0000000683868930373421335389139130711555e+00
3204,1.0000000656558181155730835598660632967949e+00
3205,1.0000000639441282146435696631669998168945e+00
3206,1.0000000633609298361648143327329307794571e+00
3207,1.0000000639437662819375418621348217129707e+00
3208,1.0000000656554246525331564043881371617317e+00
3209,1.0000000683869023632155403902288526296616e+00
3210,1.0000000719663997283959133710595779120922e+00
3211,1.0000000761743335075948380108457058668137e+00
3212,1.0000000802930959498127094775554724037647e+00
3213,1.0000000771886128347887279232963919639587e+00
3214,1.0000000746766257719855275354348123073578e+00
3215,1.0000000729111815367389226594241335988045e+00
3216,1.0000000720007320431648167868843302130699e+00
3217,1.0000000720003490162213211078778840601444e+00
3218,1.0000000729111897523893048855825327336788e+00
3219,1.0000000746764448056325136349187232553959e+00
3220,1.0000000771883936767636669173953123390675e+00
3221,1.0000000802931212628976709311245940625668e+00
3222,1.0000000846395373788055849217926152050495e+00
3223,1.0000000825278527738504408262087963521481e+00
3224,1.0000000809243849708707330137258395552635e+00
3225,1.0000000799225521319613108062185347080231e+00
3226,1.0000000795822452381855782732600346207619e+00
3227,1.0000000799227406478308921577990986406803e+00
3228,1.0000000809241633703550178324803709983826e+00
3229,1.0000000825280197513933444497524760663509e+00
3230,1.0000000846393433118208804444293491542339e+00
3231,1.0000000889635989320680664604878984391689e+00
3232,1.0000000876915171588166231231298297643661e+00
3233,1.0000000868027889566747035132721066474915e+00
3234,1.0000000863454174826472353743156418204308e+00
3235,1.0000000863458520239390736605855636298656e+00
3236,1.0000000868027076883493009518133476376534e+00
3237,1.0000000876917969350188286625780165195465e+00
3238,1.0000000889636624368250750194420106709003e+00
3239,1.0000000930270400711918910019448958337307e+00
3240,1.0000000924124743395537961987429298460484e+00
3241,1.0000000920311673535678664848092012107372e+00
3242,1.0000000919022686840520464102155528962612e+00
3243,1.0000000920311757912628536359989084303379e+00
3244,1.0000000924118990219824354426236823201180e+00
3245,1.0000000930271284449446511644055135548115e+00
3246,1.0000000966195676799230795950279571115971e+00
3247,1.0000000964661561742019557641469873487949e+00
3248,1.0000000963905875117632149340352043509483e+00
3249,1.0000000963899204897700201399857178330421e+00
3250,1.0000000964670263670086569618433713912964e+00
3251,1.0000000966192776896690475041395984590054e+00
3252,1.0000000995669935388576732293586246669292e+00
3253,1.0000000996857978385889964556554332375526e+00
3254,1.0000000997273661429431967917480506002903e+00
3255,1.0000000996859976787334289838327094912529e+00
3256,1.0000000995672140291503637854475528001785e+00
3257,1.0000001017416646487134812559816054999828e+00
3258,1.0000001019587554385026351155829615890980e+00
3259,1.0000001019586948203254905820358544588089e+00
3260,1.0000001017413109316578356811078265309334e+00
3261,1.0000001030641638699592022021533921360970e+00
3262,1.0000001032310705806338546608458273112774e+00
3263,1.0000001030637371002285362919792532920837e+00
3264,1.0000001035015946282413779044873081147671e+00
3265,1.0000001035013508232651702201110310852528e+00
3266,1.0000001030647012179031207779189571738243e+00
3267,1.0000001030635365939502889887080527842045e+00
3268,1.0000001035009031813416413569939322769642e+00
3269,1.0000001030636089804914945489144884049892e+00
3270,1.0000001017421011884067638675333000719547e+00
3271,1.0000000995671529668840094018378295004368e+00
3272,1.0000000966193400842030314379371702671051e+00
3273,1.0000000930272252563923984780558384954929e+00
3274,1.0000000889635911605068940843921154737473e+00
3275,1.0000000846395038500702412420650944113731e+00
3276,1.0000000802932353938246023972169496119022e+00
3277,1.0000000761738863097605189977912232279778e+00
3278,1.0000000725257829348180393935763277113438e+00
3279,1.0000000695706847686494711524574086070061e+00
3280,1.0000000674911748710371739434776827692986e+00
3281,1.0000000664174646392012846263241954147816e+00
3282,1.0000000664174193421018799199373461306095e+00
3283,1.0000000674914366616263805553899146616459e+00
3284,1.0000000695708288755980674977763555943966e+00
3285,1.0000000725261106726549087397870607674122e+00
3286,1.0000000761739635812830329086864367127419e+00
3287,1.0000000802931006127494129032129421830177e+00
3288,1.0000000846394421216700720833614468574524e+00
3289,1.0000000889630280553888042049948126077652e+00
3290,1.0000000930273706956086243735626339912415e+00
3291,1.0000000966196893603665785121847875416279e+00
3292,1.0000000995670534909010029878118075430393e+00
3293,1.0000001017419146709386268412345089018345e+00
3294,1.0000001030639160681801058672135695815086e+00
3295,1.0000001035012171524130053512635640799999e+00
3296,1.0000001030636362919779003277653828263283e+00
3297,1.0000001035007182181857388059142976999283e+00
3298,1.0000001032315111171300259229610674083233e+00
3299,1.0000001019592652529155429874663241207600e+00
3300,1.0000000996864506497274760477012023329735e+00
3301,1.0000000964664172986573476009652949869633e+00
3302,1.0000000924120471257339204385061748325825e+00
3303,1.0000000876915349223850171256344765424728e+00
3304,1.0000000825278321237021827982971444725990e+00
3305,1.0000000771881960570652836395311169326305e+00
3306,1.0000000719666606308067002828465774655342e+00
3307,1.0000000671659325934825801596161909401417e+00
3308,1.0000000630767993392566950205946341156960e+00
3309,1.0000000599538143575273352325893938541412e+00
3310,1.0000000579956098700762368025607429444790e+00
3311,1.0000000573282938898245220116223208606243e+00
3312,1.0000000579951520141008813880034722387791e+00
3313,1.0000000599535459055999808697379194200039e+00
3314,1.0000000630764618314572089730063453316689e+00
3315,1.0000000671658715312162257760064676403999e+00
3316,1.0000000719665007586911542603047564625740e+00
3317,1.0000000771883643668758168132626451551914e+00
3318,1.0000000825283283933941902432707138359547e+00
3319,1.0000000876914707514941937915864400565624e+00
3320,1.0000000924119643030962834018282592296600e+00
3321,1.0000000964666861946739118138793855905533e+00
3322,1.0000000996863442903617169577046297490597e+00
3323,1.0000001019591502338101918212487362325191e+00
3324,1.0000001032312184623407347316970117390156e+00
3325,1.0000001035009806749087601929204538464546e+00
3326,1.0000001030639718013759420500718988478184e+00
3327,1.0000001019595219364788363236584700644016e+00
3328,1.0000000997275004799291764356894418597221e+00
3329,1.0000000963904525086434205149998888373375e+00
3330,1.0000000920313056873567347793141379952431e+00
3331,1.0000000868021694522269626759225502610207e+00
3332,1.0000000809242222121753229657770134508610e+00
3333,1.0000000746766262160747373854974284768105e+00
3334,1.0000000683866878681271828099852427840233e+00
3335,1.0000000624081997191439086236641742289066e+00
3336,1.0000000570956755208129607126465998589993e+00
3337,1.0000000527788017734565073624253273010254e+00
3338,1.0000000497333252358345134780392982065678e+00
3339,1.0000000481582589362261614951421506702900e+00
3340,1.0000000481584387923561507705016992986202e+00
3341,1.0000000497330947535346012955415062606335e+00
3342,1.0000000527784156378885427329805679619312e+00
3343,1.0000000570954445944238386800861917436123e+00
3344,1.0000000624078435595976088734460063278675e+00
3345,1.0000000683866412387601485534105449914932e+00
3346,1.0000000746766881665195114692323841154575e+00
3347,1.0000000809244706800882340758107602596283e+00
3348,1.0000000868023848354937399562913924455643e+00
3349,1.0000000920311082897029564264812506735325e+00
3350,1.0000000963900848027776646631537005305290e+00
3351,1.0000000997274651748369933557114563882351e+00
3352,1.0000001019588424799877657278557308018208e+00
3353,1.0000001030634793064422183306305669248104e+00
3354,1.0000001017415687254441536424565128982067e+00
3355,1.0000000996864017999143925408134236931801e+00
3356,1.0000000963902482276068894861964508891106e+00
3357,1.0000000919020008982585068224580027163029e+00
3358,1.0000000863456111055427300016162917017937e+00
3359,1.0000000799223136560556213225936517119408e+00
3360,1.0000000729113747155452074366621673107147e+00
3361,1.0000000656556613520820064877625554800034e+00
3362,1.0000000585450823376021389776724390685558e+00
3363,1.0000000519908491813936279868357814848423e+00
3364,1.0000000463928788718703799531795084476471e+00
3365,1.0000000421077785972556739579886198043823e+00
3366,1.0000000394161816519300600702990777790546e+00
3367,1.0000000384980738399320898679434321820736e+00
3368,1.0000000394160590833081414530170150101185e+00
3369,1.0000000421077634982225390558596700429916e+00
3370,1.0000000463931801863992632206645794212818e+00
3371,1.0000000519911289575958335262839682400227e+00
3372,1.0000000585450641299445351251051761209965e+00
3373,1.0000000656555054767693491157842800021172e+00
3374,1.0000000729115954278825029177824035286903e+00
3375,1.0000000799227917180900249149999581277370e+00
3376,1.0000000863456464106349130815942771732807e+00
3377,1.0000000919021003742415132364840246737003e+00
3378,1.0000000963901780615117331763030961155891e+00
3379,1.0000000996859339519318154998472891747952e+00
3380,1.0000001017420203641705711561371572315693e+00
3381,1.0000000995671600723113670028396882116795e+00
3382,1.0000000964664892411093433111091144382954e+00
3383,1.0000000920307516860674468262004666030407e+00
3384,1.0000000863459017619305768675985746085644e+00
3385,1.0000000795817916010577164342976175248623e+00
3386,1.0000000720006061438738242941326461732388e+00
3387,1.0000000639438246796686371453688479959965e+00
3388,1.0000000558218380408703751527355052530766e+00
3389,1.0000000480857687001901012990856543183327e+00
3390,1.0000000411961049717746163878473453223705e+00
3391,1.0000000355860854117651115302578546106815e+00
3392,1.0000000316225283736315532223670743405819e+00
3393,1.0000000295705830932746493999729864299297e+00
3394,1.0000000295702275998621644248487427830696e+00
3395,1.0000000316224506580198294614092446863651e+00
3396,1.0000000355863838397141307723359204828739e+00
3397,1.0000000411963445579033304966287687420845e+00
3398,1.0000000480858457496680102849495597183704e+00
3399,1.0000000558219519497527016937965527176857e+00
3400,1.0000000639440440597383030763012357056141e+00
3401,1.0000000720008717092213146315771155059338e+00
3402,1.0000000795823622556923737647593952715397e+00
3403,1.0000000863459022060197867176611907780170e+00
3404,1.0000000920312306362802701187320053577423e+00
3405,1.0000000964669295555609096481930464506149e+00
3406,1.0000000995670588199715211885632015764713e+00
3407,1.0000000966196649354600367587408982217312e+00
3408,1.0000000924118972456255960423732176423073e+00
3409,1.0000000868025846756381724844686686992645e+00
3410,1.0000000799227508618827187092392705380917e+00
3411,1.0000000720004680321295609246590174734592e+00
3412,1.0000000633611669798028742661699652671814e+00
3413,1.0000000544147025216545898729236796498299e+00
3414,1.0000000456341660015624484003637917339802e+00
3415,1.0000000375264308516420896921772509813309e+00
3416,1.0000000305888623319816588264075107872486e+00
3417,1.0000000252700431691010862778057344257832e+00
3418,1.0000000219252229705091394862392917275429e+00
3419,1.0000000207841639454642290729680098593235e+00
3420,1.0000000219253506461569713792414404451847e+00
3421,1.0000000252697569536053379124496132135391e+00
3422,1.0000000305886658225063001736998558044434e+00
3423,1.0000000375262212415350404626224189996719e+00
3424,1.0000000456344444454970243896241299808025e+00
3425,1.0000000544145677405794003789196722209454e+00
3426,1.0000000633615431233636172692058607935905e+00
3427,1.0000000720007842236469741692417301237583e+00
3428,1.0000000799223465186571502272272482514381e+00
3429,1.0000000868024283562363052624277770519257e+00
3430,1.0000000924117935507950960527523420751095e+00
3431,1.0000000966197821750114371752715669572353e+00
3432,1.0000000930271510934943535175989381968975e+00
3433,1.0000000876913528458089785999618470668793e+00
3434,1.0000000809242104438112619391176849603653e+00
3435,1.0000000729115821052062074159039184451103e+00
3436,1.0000000639440937977298062833142466843128e+00
3437,1.0000000544146130376788050853065215051174e+00
3438,1.0000000447985291085473136263317428529263e+00
3439,1.0000000356264953094154179780161939561367e+00
3440,1.0000000274471789740715621519484557211399e+00
3441,1.0000000207778569905059384836931712925434e+00
3442,1.0000000160599487042389910129713825881481e+00
3443,1.0000000136162869868172720089205540716648e+00
3444,1.0000000136160382968597559738554991781712e+00
3445,1.0000000160597557474773111607646569609642e+00
3446,1.0000000207779196070845273425220511853695e+00
3447,1.0000000274471048111735171914915554225445e+00
3448,1.0000000356269540535691930926986970007420e+00
3449,1.0000000447983918849814699569833464920521e+00
3450,1.0000000544144087566422740565030835568905e+00
3451,1.0000000639441459782119636656716465950012e+00
3452,1.0000000729113867059538733883528038859367e+00
3453,1.0000000809241216259692919265944510698318e+00
3454,1.0000000876913648362176445516524836421013e+00
3455,1.0000000930274066668346222286345437169075e+00
3456,1.0000000889634810263828512688633054494858e+00
3457,1.0000000825283195116099932420183904469013e+00
3458,1.0000000746766621873007352405693382024765e+00
3459,1.0000000656550531719091168270097114145756e+00
3460,1.0000000558217994051091181972878985106945e+00
3461,1.0000000456341586740904858743306249380112e+00
3462,1.0000000356269207468784543380024842917919e+00
3463,1.0000000263756050333796565610100515186787e+00
3464,1.0000000184510624556821767328074201941490e+00
3465,1.0000000123697887488560809288173913955688e+00
3466,1.0000000085438196517628739456995390355587e+00
3467,1.0000000072374288784260443208040669560432e+00
3468,1.0000000085439786357000002681161276996136e+00
3469,1.0000000123701024978828399980557151138783e+00
3470,1.0000000184512887191345953397103585302830e+00
3471,1.0000000263755910445695462840376421809196e+00
3472,1.0000000356265750234285860642557963728905e+00
3473,1.0000000456340687460254912366508506238461e+00
3474,1.0000000558218786750330764334648847579956e+00
3475,1.0000000656556147227149722311878576874733e+00
3476,1.0000000746766917192331902697333134710789e+00
3477,1.0000000825283112959596110158599913120270e+00
3478,1.0000000889635374257125022268155589699745e+00
3479,1.0000000846397252285413514982792548835278e+00
3480,1.0000000771884884898099699057638645172119e+00
3481,1.0000000683867846795749301236355677247047e+00
3482,1.0000000585452699652933006291277706623077e+00
3483,1.0000000480858839413400573903345502912998e+00
3484,1.0000000375261872687104869328322820365429e+00
3485,1.0000000274471441130685889220330864191055e+00
3486,1.0000000184513451184642462976626120507717e+00
3487,1.0000000111107332223525645531481131911278e+00
3488,1.0000000059152178710775160652701742947102e+00
3489,1.0000000032233204994014386102207936346531e+00
3490,1.0000000032233073987697480333736166357994e+00
3491,1.0000000059153359988073361819260753691196e+00
3492,1.0000000111107316680403300779289565980434e+00
3493,1.0000000184511348422233822930138558149338e+00
3494,1.0000000274471982919521906296722590923309e+00
3495,1.0000000375262501073336807166924700140953e+00
3496,1.0000000480860666840499106911011040210724e+00
3497,1.0000000585449446699470854582614265382290e+00
3498,1.0000000683867120709891196383978240191936e+00
3499,1.0000000771882058270279003409086726605892e+00
3500,1.0000000846394772047176502383081242442131e+00
3501,1.0000000802934154719991965976078063249588e+00
3502,1.0000000719666140014396660262718796730042e+00
3503,1.0000000624080231936829932237742468714714e+00
3504,1.0000000519905403173481772682862356305122e+00
3505,1.0000000411963234636658626186545006930828e+00
3506,1.0000000305886751483797070250147953629494e+00
3507,1.0000000207779438099464641709346324205399e+00
3508,1.0000000123702807997005947981961071491241e+00
3509,1.0000000059157787557495566943543963134289e+00
3510,1.0000000018528472089940350997494533658028e+00
3511,1.0000000004659574948107092495774850249290e+00
3512,1.0000000018527561707060158369131386280060e+00
3513,1.0000000059152300835307869419921189546585e+00
3514,1.0000000123701935361708592608920298516750e+00
3515,1.0000000207779384808759459701832383871078e+00
3516,1.0000000305887803975224414898548275232315e+00
3517,1.0000000411963940738502287786104716360569e+00
3518,1.0000000519905247742258325160946696996689e+00
3519,1.0000000624078746458422983778291381895542e+00
3520,1.0000000719668198367884315302944742143154e+00
3521,1.0000000802930593124528968473896384239197e+00
3522,1.0000000761739640253722427587490528821945e+00
3523,1.0000000671659605711028007135610096156597e+00
3524,1.0000000570956177892156802045064978301525e+00
3525,1.0000000463928251370759880956029519438744e+00
3526,1.0000000355862084244762399976025335490704e+00
3527,1.0000000252697822666902993660187348723412e+00
3528,1.0000000160601398846438314649276435375214e+00
3529,1.0000000085439550989718782147974707186222e+00
3530,1.0000000032233806734893732937052845954895e+00
3531,1.0000000004661331320932049493421800434589e+00
3532,1.0000000004659368446624512216658331453800e+00
3533,1.0000000032235281111070435144938528537750e+00
3534,1.0000000085439935126885302452137693762779e+00
3535,1.0000000160598858656157972291111946105957e+00
3536,1.0000000252698699743092447533854283392429e+00
3537,1.0000000355862974643628149351570755243301e+00
3538,1.0000000463929568095267086391686461865902e+00
3539,1.0000000570956457668359007584513165056705e+00
3540,1.0000000671659279305458767339587211608887e+00
3541,1.0000000761739196164512577524874359369278e+00
3542,1.0000000725255522304735222860472276806831e+00
3543,1.0000000630764216413837175423395819962025e+00
3544,1.0000000527785475323838682015775702893734e+00
3545,1.0000000421078405477004480417235754430294e+00
3546,1.0000000316226815844089514939696528017521e+00
3547,1.0000000219251123922958868206478655338287e+00
3548,1.0000000136164863828724946870352141559124e+00
3549,1.0000000072377703830284190189559012651443e+00
3550,1.0000000032231859403708540412480942904949e+00
3551,1.0000000018527823719693969906074926257133e+00
3552,1.0000000032233684610361024169833399355412e+00
3553,1.0000000072375090365284222571062855422497e+00
3554,1.0000000136160143160424240704742260277271e+00
3555,1.0000000219252911382028514708508737385273e+00
3556,1.0000000316224786356400500153540633618832e+00
3557,1.0000000421078316659162510404712520539761e+00
3558,1.0000000527788115434191240638028830289841e+00
3559,1.0000000630768954845706275591510348021984e+00
3560,1.0000000725258730849276389562874101102352e+00
3561,1.0000000695708868292399529309477657079697e+00
3562,1.0000000599535912026993855761247687041759e+00
3563,1.0000000497335335136739331574062816798687e+00
3564,1.0000000394161210337529155367519706487656e+00
3565,1.0000000295704305486310659034643322229385e+00
3566,1.0000000207841517330109581962460651993752e+00
3567,1.0000000136162545683049529543495737016201e+00
3568,1.0000000085438769392709446037770248949528e+00
3569,1.0000000059156728404730074544204398989677e+00
3570,1.0000000059154450227083543722983449697495e+00
3571,1.0000000085435578611736673337873071432114e+00
3572,1.0000000136164199915356221026740968227386e+00
3573,1.0000000207843895427828329047770239412785e+00
3574,1.0000000295704818409348035856964997947216e+00
3575,1.0000000394159416217121361114550381898880e+00
3576,1.0000000497331613669160788049339316785336e+00
3577,1.0000000599537552936624251742614433169365e+00
3578,1.0000000695708237685721542220562696456909e+00
3579,1.0000000674910054510036161445896141231060e+00
3580,1.0000000579951255907928953092778101563454e+00
3581,1.0000000481584518929878413473488762974739e+00
3582,1.0000000384983971368768607135280035436153e+00
3583,1.0000000295705264719003935169894248247147e+00
3584,1.0000000219254521205414221185492351651192e+00
3585,1.0000000160598758736085756027023307979107e+00
3586,1.0000000123701986431967725366121158003807e+00
3587,1.0000000111105344924311566501273773610592e+00
3588,1.0000000123705685695085776387713849544525e+00
3589,1.0000000160598876419726366293616592884064e+00
3590,1.0000000219251838906586726807290688157082e+00
3591,1.0000000295702555774823849787935614585876e+00
3592,1.0000000384981524437222333290264941751957e+00
3593,1.0000000481581896583094248853740282356739e+00
3594,1.0000000579953052248782796596060506999493e+00
3595,1.0000000674913529508103238185867667198181e+00
3596,1.0000000664177064457760479854186996817589e+00
3597,1.0000000573281813132098250207491219043732e+00
3598,1.0000000481581894362648199603427201509476e+00
3599,1.0000000394160679650923384542693383991718e+00
3600,1.0000000316226291818821891865809448063374e+00
3601,1.0000000252696334968049995950423181056976e+00
3602,1.0000000207776977845242072362452745437622e+00
3603,1.0000000184512058964969583030324429273605e+00
3604,1.0000000184511939060882923513418063521385e+00
3605,1.0000000207777559602106975944479927420616e+00
3606,1.0000000252699590141958196909399703145027e+00
3607,1.0000000316224708640788776392582803964615e+00
3608,1.0000000394161558947558887666673399507999e+00
3609,1.0000000481585931133565736672608181834221e+00
3610,1.0000000573281220273003100373898632824421e+00
3611,1.0000000664176353915024719754001125693321e+00
3612,1.0000000664178489984124098555184900760651e+00
3613,1.0000000579951693335800655404455028474331e+00
3614,1.0000000497334053939368914143415167927742e+00
3615,1.0000000421075010414995176688535138964653e+00
3616,1.0000000355860827472298524298821575939655e+00
3617,1.0000000305886262985666235181270167231560e+00
3618,1.0000000274472453654084347363095730543137e+00
3619,1.0000000263752342188894317587255500257015e+00
3620,1.0000000274471574357448844239115715026855e+00
3621,1.0000000305886964646617798280203714966774e+00
3622,1.0000000355863161161096286377869546413422e+00
3623,1.0000000421078925061380004990496672689915e+00
3624,1.0000000497334802229687511498923413455486e+00
3625,1.0000000579951968671110762443277053534985e+00
3626,1.0000000664178103626511529000708833336830e+00
3627,1.0000000674909785836064202158013358712196e+00
3628,1.0000000599533986900269155739806592464447e+00
3629,1.0000000527788290849429131412762217223644e+00
3630,1.0000000463932057215288295992650091648102e+00
3631,1.0000000411964036217682405549567192792892e+00
3632,1.0000000375266271390728434198535978794098e+00
3633,1.0000000356268321510810892505105584859848e+00
3634,1.0000000356268954337934928844333626329899e+00
3635,1.0000000375262285690070029886555857956409e+00
3636,1.0000000411961291746365532162599265575409e+00
3637,1.0000000463929734628720780165167525410652e+00
3638,1.0000000527786678805597375685465522110462e+00
3639,1.0000000599535447953769562445813789963722e+00
3640,1.0000000674912965514806728606345131993294e+00
3641,1.0000000695707478293172698613489046692848e+00
3642,1.0000000630766874287758128048153594136238e+00
3643,1.0000000570959275414395506231812760233879e+00
3644,1.0000000519906104834433335781795904040337e+00
3645,1.0000000480860209428612961346516385674477e+00
3646,1.0000000456344011467990640085190534591675e+00
3647,1.0000000447984473961327012148103676736355e+00
3648,1.0000000456340387700038263574242591857910e+00
3649,1.0000000480857109685928207909455522894859e+00
3650,1.0000000519908940344038228431600145995617e+00
3651,1.0000000570956248946430378055083565413952e+00
3652,1.0000000630765886189266211658832617104053e+00
3653,1.0000000695709370113206659880233928561211e+00
3654,1.0000000725254607480962931731482967734337e+00
3655,1.0000000671658915152306690288241952657700e+00
3656,1.0000000624076665900474836234934628009796e+00
3657,1.0000000585449546619543070846702903509140e+00
3658,1.0000000558217416735118376891477964818478e+00
3659,1.0000000544144986847072686941828578710556e+00
3660,1.0000000544143512470895984733942896127701e+00
3661,1.0000000558217401191996032139286398887634e+00
3662,1.0000000585454162926879462247597984969616e+00
3663,1.0000000624079015132394943066174164414406e+00
3664,1.0000000671658120232621058676159009337425e+00
3665,1.0000000725253843647521989623783156275749e+00
3666,1.0000000761740617249984097725246101617813e+00
3667,1.0000000719666741755276007097563706338406e+00
3668,1.0000000683867364958956613918417133390903e+00
3669,1.0000000656555032563232998654711991548538e+00
3670,1.0000000639439308169897913103341124951839e+00
3671,1.0000000633615446776758517444250173866749e+00
3672,1.0000000639442583327820557315135374665260e+00
3673,1.0000000656552379130204144530580379068851e+00
3674,1.0000000683866565598378883805708028376102e+00
3675,1.0000000719662753834171553535270504653454e+00
3676,1.0000000761737759535918712572311051189899e+00
3677,1.0000000802932413890289353730622678995132e+00
3678,1.0000000771883350569879667091299779713154e+00
3679,1.0000000746766584125424515150371007621288e+00
3680,1.0000000729113589503782577594392932951450e+00
3681,1.0000000720005741694507150896242819726467e+00
3682,1.0000000720005000065526701291673816740513e+00
3683,1.0000000729112195063663648397778160870075e+00
3684,1.0000000746767341297527309507131576538086e+00
3685,1.0000000771884913763898339311708696186543e+00
3686,1.0000000802935897770140627471846528351307e+00
3687,1.0000000846391410291857937409076839685440e+00
3688,1.0000000825278296812115286229527555406094e+00
3689,1.0000000809246014643605349192512221634388e+00
3690,1.0000000799222725778037101918016560375690e+00
3691,1.0000000795816628151868599161389283835888e+00
3692,1.0000000799225519099167058811872266232967e+00
3693,1.0000000809240892074569728720234706997871e+00
3694,1.0000000825281034622094011865556240081787e+00
3695,1.0000000846395860065740635036490857601166e+00
3696,1.0000000889633147149737624204135499894619e+00
3697,1.0000000876913686109759282771847210824490e+00
3698,1.0000000868024216948981575114885345101357e+00
3699,1.0000000863456985911170704639516770839691e+00
3700,1.0000000863455438260274377171299420297146e+00
3701,1.0000000868027434375306938818539492785931e+00
3702,1.0000000876921140147146616072859615087509e+00
3703,1.0000000889635380918463170019094832241535e+00
3704,1.0000000930272474608528909811866469681263e+00
3705,1.0000000924119234468889771960675716400146e+00
3706,1.0000000920310263552437390899285674095154e+00
3707,1.0000000919021501122330164434970356523991e+00
3708,1.0000000920311549190699906830559484660625e+00
3709,1.0000000924120562295627223647898063063622e+00
3710,1.0000000930272494592543353064684197306633e+00
3711,1.0000000966195830010008194221882149577141e+00
3712,1.0000000964667146163833422178868204355240e+00
3713,1.0000000963902506700975436615408398211002e+00
3714,1.0000000963900916861604173391242511570454e+00
3715,1.0000000964665225478000820658053271472454e+00
3716,1.0000000966192779117136524291709065437317e+00
3717,1.0000000995669919845454387541394680738449e+00
3718,1.0000000996858338098149943107273429632187e+00
3719,1.0000000997278357672826132329646497964859e+00
3720,1.0000000996862530300290927698370069265366e+00
3721,1.0000000995672959636095811220002360641956e+00
3722,1.0000001017421007443175540174706839025021e+00
3723,1.0000001019592306139571746825822629034519e+00
3724,1.0000001019592721362982956634368747472763e+00
3725,1.0000001017420530047274951357394456863403e+00
3726,1.0000001030637550858415352195152081549168e+00
3727,1.0000001032310343873632518807426095008850e+00
3728,1.0000001030640093269141743803629651665688e+00
3729,1.0000001035012175965022152013261802494526e+00
3730,1.0000001035014294270553136811940930783749e+00
3731,1.0000001030637171162140930391615256667137e+00
3732,1.0000001030637477583695726934820413589478e+00
3733,1.0000001035009544736453790392260998487473e+00
3734,1.0000001030639955601486690284218639135361e+00
3735,1.0000001017419803961416846505017019808292e+00
3736,1.0000000995673918868789087355253286659718e+00
3737,1.0000000966193653972879928915062919259071e+00
3738,1.0000000930275221300291832449147477746010e+00
3739,1.0000000889634577116993341405759565532207e+00
3740,1.0000000846393088949071170645765960216522e+00
3741,1.0000000802930848475824632259900681674480e+00
3742,1.0000000761736882459729258698644116520882e+00
3743,1.0000000725258872957823541582911275327206e+00
3744,1.0000000695704041042688459128839895129204e+00
3745,1.0000000674911109221909555344609543681145e+00
3746,1.0000000664176955655904066588846035301685e+00
3747,1.0000000664176460496435083769029006361961e+00
3748,1.0000000674909206299645347826299257576466e+00
3749,1.0000000695707611519935653632273897528648e+00
3750,1.0000000725261979361846442770911380648613e+00
3751,1.0000000761739420429563551806495524942875e+00
3752,1.0000000802931283683250285321264527738094e+00
3753,1.0000000846396459586173932621022686362267e+00
3754,1.0000000889635656253773277057916857302189e+00
3755,1.0000000930270893650941843588952906429768e+00
3756,1.0000000966193962614880774708581157028675e+00
3757,1.0000000995673721249090704077389091253281e+00
3758,1.0000001017418751469989501856616698205471e+00
3759,1.0000001030638892007829099384252913296223e+00
3760,1.0000001035014169925574378794408403337002e+00
3761,1.0000001030638663301886026602005586028099e+00
3762,1.0000001035009893346483522691414691507816e+00
3763,1.0000001032311578441635901981499046087265e+00
3764,1.0000001019590993855956639890791848301888e+00
3765,1.0000000996862052904390338881057687103748e+00
3766,1.0000000964669888414704246315523050725460e+00
3767,1.0000000924122833811935606718179769814014e+00
3768,1.0000000876914905134640321193728595972061e+00
3769,1.0000000825284180994145799559191800653934e+00
3770,1.0000000771878996275177087227348238229752e+00
3771,1.0000000719663206805165600599138997495174e+00
3772,1.0000000671654114547948211111361160874367e+00
3773,1.0000000630767333920090322862961329519749e+00
3774,1.0000000599535980860821382520953193306923e+00
3775,1.0000000579953438606395366150536574423313e+00
3776,1.0000000573283411853253710432909429073334e+00
3777,1.0000000579951022761093781809904612600803e+00
3778,1.0000000599536744694262324628653004765511e+00
3779,1.0000000630766225917511746956733986735344e+00
3780,1.0000000671662427897956604283535853028297e+00
3781,1.0000000719663664217051746163633652031422e+00
3782,1.0000000771887740391719034960260614752769e+00
3783,1.0000000825281825100887544977013021707535e+00
3784,1.0000000876913459624262259239912964403629e+00
3785,1.0000000924121059675542255718028172850609e+00
3786,1.0000000964667035141530959663214161992073e+00
3787,1.0000000996864968350053004542132839560509e+00
3788,1.0000001019589574990931168940733186900616e+00
3789,1.0000001032313798887685152294579893350601e+00
3790,1.0000001035008112548752023940323852002621e+00
3791,1.0000001030641580967994741513393819332123e+00
3792,1.0000001019593307560739958717022091150284e+00
3793,1.0000000997272944225358060066355392336845e+00
3794,1.0000000963902482276068894861964508891106e+00
3795,1.0000000920306593155117980131763033568859e+00
3796,1.0000000868022815847524498167331330478191e+00
3797,1.0000000809240394694654696650104597210884e+00
3798,1.0000000746764294845547738077584654092789e+00
3799,1.0000000683870196027669408067595213651657e+00
3800,1.0000000624077221011987148813204839825630e+00
3801,1.0000000570953695433473740195040591061115e+00
3802,1.0000000527785868342789399321191012859344e+00
3803,1.0000000497332168780673100627609528601170e+00
3804,1.0000000481583770639559816117980517446995e+00
3805,1.0000000481585353817592931591207161545753e+00
3806,1.0000000497336447580210005980916321277618e+00
3807,1.0000000527789194570971176290186122059822e+00
3808,1.0000000570953810896668301211320795118809e+00
3809,1.0000000624076903488202106018434278666973e+00
3810,1.0000000683867469319920928683131933212280e+00
3811,1.0000000746765049797204483184032142162323e+00
3812,1.0000000809244031785283368662931025028229e+00
3813,1.0000000868027387745939904561964794993401e+00
3814,1.0000000920309297658405967013095505535603e+00
3815,1.0000000963898487693626293548732064664364e+00
3816,1.0000000997275222403004590887576341629028e+00
3817,1.0000001019590005757464723501470871269703e+00
3818,1.0000001030637957200042365002445876598358e+00
3819,1.0000001017420050430928313289768993854523e+00
3820,1.0000000996865077151909417807473801076412e+00
3821,1.0000000963901884976081646527745760977268e+00
3822,1.0000000919021356793336963164620101451874e+00
3823,1.0000000863456341981816422048723325133324e+00
3824,1.0000000799225858827412594109773635864258e+00
3825,1.0000000729113729391883680364117026329041e+00
3826,1.0000000656553937883330718250363133847713e+00
3827,1.0000000585449728696119109372375532984734e+00
3828,1.0000000519909171270427350464160554111004e+00
3829,1.0000000463929756833181272668298333883286e+00
3830,1.0000000421078281132025722399703226983547e+00
3831,1.0000000394163086614440771882073022425175e+00
3832,1.0000000384980500811593628895934671163559e+00
3833,1.0000000394163797157176531982258893549442e+00
3834,1.0000000421075934120551664818776771426201e+00
3835,1.0000000463933922389969666255638003349304e+00
3836,1.0000000519904681528515766331111080944538e+00
3837,1.0000000585449533296866775344824418425560e+00
3838,1.0000000656557403999613597989082336425781e+00
3839,1.0000000729114084663251560414209961891174e+00
3840,1.0000000799224024738975913351168856024742e+00
3841,1.0000000863456739441659237854764796793461e+00
3842,1.0000000919022824508175517621566541492939e+00
3843,1.0000000963899777772780907980632036924362e+00
3844,1.0000000996861970747886516619473695755005e+00
3845,1.0000001017418356230592735300888307392597e+00
3846,1.0000000995673041792599633481586351990700e+00
3847,1.0000000964666106995082373032346367835999e+00
3848,1.0000000920315397223703257623128592967987e+00
3849,1.0000000863457612076956593227805569767952e+00
3850,1.0000000795818877463716489728540182113647e+00
3851,1.0000000720005017829095095294178463518620e+00
3852,1.0000000639442669925216478077345527708530e+00
3853,1.0000000558219281909799747154465876519680e+00
3854,1.0000000480858743934220456139883026480675e+00
3855,1.0000000411963299029594054445624351501465e+00
3856,1.0000000355861626832876254411530680954456e+00
3857,1.0000000316225916563439568562898784875870e+00
3858,1.0000000295705893105235873008496128022671e+00
3859,1.0000000295704032371446601246134378015995e+00
3860,1.0000000316223485175015639470075257122517e+00
3861,1.0000000355861791145883898934698663651943e+00
3862,1.0000000411965126456692587453289888799191e+00
3863,1.0000000480860260498872094103717245161533e+00
3864,1.0000000558215911272696985179209150373936e+00
3865,1.0000000639441659622264069184893742203712e+00
3866,1.0000000720006541055084881008951924741268e+00
3867,1.0000000795820997989693523777532391250134e+00
3868,1.0000000863457918498511389771010726690292e+00
3869,1.0000000920309157770304864243371412158012e+00
3870,1.0000000964661495128638080132077448070049e+00
3871,1.0000000995672566617145093914587050676346e+00
3872,1.0000000966194160234579157986445352435112e+00
3873,1.0000000924121257295240638995892368257046e+00
3874,1.0000000868025815670137035340303555130959e+00
3875,1.0000000799227515280165334843331947922707e+00
3876,1.0000000720007002907863125074072740972042e+00
3877,1.0000000633611640932230102407629601657391e+00
3878,1.0000000544144775904698008162085898220539e+00
3879,1.0000000456341484600386593228904530405998e+00
3880,1.0000000375262119156616336113074794411659e+00
3881,1.0000000305890055507518354716012254357338e+00
3882,1.0000000252699459135641291140927933156490e+00
3883,1.0000000219255444910970709315733984112740e+00
3884,1.0000000207842194566154603307950310409069e+00
3885,1.0000000219252678235193343425635248422623e+00
3886,1.0000000252701688463474738455261103808880e+00
3887,1.0000000305887017937322980287717655301094e+00
3888,1.0000000375261077767419237716239877045155e+00
3889,1.0000000456342250654273584586917422711849e+00
3890,1.0000000544144198588725203080684877932072e+00
3891,1.0000000633612260436677843244979158043861e+00
3892,1.0000000720006023691155405686004087328911e+00
3893,1.0000000799226866909918953751912340521812e+00
3894,1.0000000868025797906568641337798908352852e+00
3895,1.0000000924119154532831998949404805898666e+00
3896,1.0000000966191968654328547927434556186199e+00
3897,1.0000000930266721432815302250673994421959e+00
3898,1.0000000876918446746088875443092547357082e+00
3899,1.0000000809243914101642758396337740123272e+00
3900,1.0000000729112044073332299376488663256168e+00
3901,1.0000000639440478344965868018334731459618e+00
3902,1.0000000544144034275717558557516895234585e+00
3903,1.0000000447984858098493532452266663312912e+00
3904,1.0000000356267244594477006103261373937130e+00
3905,1.0000000274474865058493833203101530671120e+00
3906,1.0000000207779180527722928673028945922852e+00
3907,1.0000000160600284182521590992109850049019e+00
3908,1.0000000136161446562255150638520717620850e+00
3909,1.0000000136164550745832002576207742094994e+00
3910,1.0000000160600237553154556735535152256489e+00
3911,1.0000000207779680128084009993472136557102e+00
3912,1.0000000274471494421391071227844804525375e+00
3913,1.0000000356267528811571310143335722386837e+00
3914,1.0000000447980430529071327327983453869820e+00
3915,1.0000000544142897407340342397219501435757e+00
3916,1.0000000639441886107761092716827988624573e+00
3917,1.0000000729113074360299151521758176386356e+00
3918,1.0000000809239493193558701022993773221970e+00
3919,1.0000000876910288827303929792833514511585e+00
3920,1.0000000930277170851923074224032461643219e+00
3921,1.0000000889632172373922003316693007946014e+00
3922,1.0000000825276873506197716778842732310295e+00
3923,1.0000000746763864079014183516846969723701e+00
3924,1.0000000656555252387391874435706995427608e+00
3925,1.0000000558218253843278944259509444236755e+00
3926,1.0000000456341568977336464740801602602005e+00
3927,1.0000000356266913748015667806612327694893e+00
3928,1.0000000263758810348235783749260008335114e+00
3929,1.0000000184512041201401189027819782495499e+00
3930,1.0000000123701733301118110830429941415787e+00
3931,1.0000000085436746566358579002553597092628e+00
3932,1.0000000072378962823194115117075853049755e+00
3933,1.0000000085436364649638107948703691363335e+00
3934,1.0000000123699932519372168826521374285221e+00
3935,1.0000000184511312895097034925129264593124e+00
3936,1.0000000263754733609289360174443572759628e+00
3937,1.0000000356268583523444704042049124836922e+00
3938,1.0000000456343949295501261076424270868301e+00
3939,1.0000000558218409274502391781425103545189e+00
3940,1.0000000656553285072192238658317364752293e+00
3941,1.0000000746765909109825543055194430053234e+00
3942,1.0000000825281225580454247392481192946434e+00
3943,1.0000000889629097056143791633076034486294e+00
3944,1.0000000846393530817834971458069048821926e+00
3945,1.0000000771884218764284923963714390993118e+00
3946,1.0000000683868122131059408275177702307701e+00
3947,1.0000000585449178025498895294731482863426e+00
3948,1.0000000480857147433511045164777897298336e+00
3949,1.0000000375262119156616336113074794411659e+00
3950,1.0000000274471643191276370998821221292019e+00
3951,1.0000000184512596312913501606089994311333e+00
3952,1.0000000111110152190008193429093807935715e+00
3953,1.0000000059154647846781927000847645103931e+00
3954,1.0000000032233733460174107676721177995205e+00
3955,1.0000000032232647662056024273624643683434e+00
3956,1.0000000059156943787996851824573241174221e+00
3957,1.0000000111107330003079596281168051064014e+00
3958,1.0000000184509962863899090734776109457016e+00
3959,1.0000000274476816830571124228299595415592e+00
3960,1.0000000375264881391501603502547368407249e+00
3961,1.0000000480857249574029310679179616272449e+00
3962,1.0000000585450083967486989422468468546867e+00
3963,1.0000000683867376061186860169982537627220e+00
3964,1.0000000771885153572071658345521427690983e+00
3965,1.0000000846397332221471287994063459336758e+00
3966,1.0000000802930775201105006999569013714790e+00
3967,1.0000000719663013626359315821900963783264e+00
3968,1.0000000624080083166944632466766051948071e+00
3969,1.0000000519910343665941354629467241466045e+00
3970,1.0000000411964464763769910859991796314716e+00
3971,1.0000000305885805573780089616775512695312e+00
3972,1.0000000207775019411826633586315438151360e+00
3973,1.0000000123701540122311826053191907703876e+00
3974,1.0000000059154892095847344535286538302898e+00
3975,1.0000000018530799117399965325603261590004e+00
3976,1.0000000004659594932121535748592577874660e+00
3977,1.0000000018527963607795072675799019634724e+00
3978,1.0000000059155615961259400137350894510746e+00
3979,1.0000000123702996734920134258572943508625e+00
3980,1.0000000207779229377536012179916724562645e+00
3981,1.0000000305887291052187038076226599514484e+00
3982,1.0000000411965177526951720210490748286247e+00
3983,1.0000000519907963347776558293844573199749e+00
3984,1.0000000624078684285933604769525118172169e+00
3985,1.0000000719664112747153694726875983178616e+00
3986,1.0000000802934161381330113727017305791378e+00
3987,1.0000000761738143673085232876474037766457e+00
3988,1.0000000671660174145216615215758793056011e+00
3989,1.0000000570954665768397262581856921315193e+00
3990,1.0000000463925680094234849093481898307800e+00
3991,1.0000000355863256640276404141332022845745e+00
3992,1.0000000252698553193653197013190947473049e+00
3993,1.0000000160598649934229342761682346463203e+00
3994,1.0000000085439719743618525171768851578236e+00
3995,1.0000000032230003110811367150745354592800e+00
3996,1.0000000004661933061811396328266710042953e+00
3997,1.0000000004659188590494522941298782825470e+00
3998,1.0000000032234817037846141829504631459713e+00
3999,1.0000000085441991259926908242050558328629e+00
4000,1.0000000160600219789586162733030505478382e+00
4001,1.0000000252699952074664224710431881248951e+00
4002,1.0000000355864169243602646020008251070976e+00
4003,1.0000000463933129690730083893868140876293e+00
4004,1.0000000570956559808877273098914884030819e+00
4005,1.0000000671660624895764613029314205050468e+00
4006,1.0000000761739500365621324817766435444355e+00
4007,1.0000000725257769396137064177310094237328e+00
4008,1.0000000630767720277702892417437396943569e+00
4009,1.0000000527785701809335705547709949314594e+00
4010,1.0000000421075374568147253739880397915840e+00
4011,1.0000000316222223961659665292245335876942e+00
4012,1.0000000219253397659713300527073442935944e+00
4013,1.0000000136160209773805718214134685695171e+00
4014,1.0000000072380625937285003601573407649994e+00
4015,1.0000000032233495872446837893221527338028e+00
4016,1.0000000018529828782476442938786931335926e+00
4017,1.0000000032230180746495307175791822373867e+00
4018,1.0000000072376642457072648539906367659569e+00
4019,1.0000000136159570285343534123967401683331e+00
4020,1.0000000219250975153073568435502238571644e+00
4021,1.0000000316223818241923027017037384212017e+00
4022,1.0000000421075523338032553510856814682484e+00
4023,1.0000000527786372384042579142260365188122e+00
4024,1.0000000630769061427116639606538228690624e+00
4025,1.0000000725261051215397856140043586492538e+00
4026,1.0000000695703783470946746092522516846657e+00
4027,1.0000000599536813528089851388358511030674e+00
4028,1.0000000497333245697006987029453739523888e+00
4029,1.0000000394160970529355836333706974983215e+00
4030,1.0000000295700621766314952765242196619511e+00
4031,1.0000000207842612010011862366809509694576e+00
4032,1.0000000136161195651851585353142581880093e+00
4033,1.0000000085436704377883643246605060994625e+00
4034,1.0000000059152223119696145658963359892368e+00
4035,1.0000000059156248788383436476578935980797e+00
4036,1.0000000085437406038835206345538608729839e+00
4037,1.0000000136161901753695246952702291309834e+00
4038,1.0000000207839494503758714927244000136852e+00
4039,1.0000000295704303265864609784330241382122e+00
4040,1.0000000394159502814517281876760534942150e+00
4041,1.0000000497334367022261858437559567391872e+00
4042,1.0000000599541067902720214988221414387226e+00
4043,1.0000000695704549524833737450535409152508e+00
4044,1.0000000674913092080231535874190740287304e+00
4045,1.0000000579951455748073385620955377817154e+00
4046,1.0000000481584139233603991669951938092709e+00
4047,1.0000000384981906353942804344114847481251e+00
4048,1.0000000295703743713460198705433867871761e+00
4049,1.0000000219254283617686951401992700994015e+00
4050,1.0000000160598248033494428455014713108540e+00
4051,1.0000000123701309195922704020631499588490e+00
4052,1.0000000111109748068827229872113093733788e+00
4053,1.0000000123699543941313550021732226014137e+00
4054,1.0000000160599173959496965835569426417351e+00
4055,1.0000000219253510902461812293040566146374e+00
4056,1.0000000295700197661119545955443754792213e+00
4057,1.0000000384981746481827258321573026478291e+00
4058,1.0000000481587094647295543836662545800209e+00
4059,1.0000000579953707280367325438419356942177e+00
4060,1.0000000674911224685104116360889747738838e+00
4061,1.0000000664174806264128392285783775150776e+00
4062,1.0000000573283087668130519887199625372887e+00
4063,1.0000000481584567779691496980376541614532e+00
4064,1.0000000394158852223824851535027846693993e+00
4065,1.0000000316222679153099761606426909565926e+00
4066,1.0000000252700473879485798534005880355835e+00
4067,1.0000000207777670624409438460133969783783e+00
4068,1.0000000184510233758317099272971972823143e+00
4069,1.0000000184512840561978919140528887510300e+00
4070,1.0000000207779531358198710222495719790459e+00
4071,1.0000000252697684999247940140776336193085e+00
4072,1.0000000316225221563826153214904479682446e+00
4073,1.0000000394158898853191885791602544486523e+00
4074,1.0000000481580695321781604434363543987274e+00
4075,1.0000000573281884186371826217509806156158e+00
4076,1.0000000664175427989022182373446412384510e+00
4077,1.0000000664174788500559998283279128372669e+00
4078,1.0000000579952179613485441223019734025002e+00
4079,1.0000000497337899751926215685671195387840e+00
4080,1.0000000421076300494149791120435111224651e+00
4081,1.0000000355862317391597571258898824453354e+00
4082,1.0000000305888088192318718938622623682022e+00
4083,1.0000000274470373096136199819738976657391e+00
4084,1.0000000263754407203720120378420688211918e+00
4085,1.0000000274472791161883833410684019327164e+00
4086,1.0000000305887795093440217897295951843262e+00
4087,1.0000000355859670619906864885706454515457e+00
4088,1.0000000421076837842093709696200676262379e+00
4089,1.0000000497331933413391880094422958791256e+00
4090,1.0000000579953931545418299720040522515774e+00
4091,1.0000000664176955655904066588846035301685e+00
4092,1.0000000674911999620775304720154963433743e+00
4093,1.0000000599540499468531606908072717487812e+00
4094,1.0000000527785604109709538533934392035007e+00
4095,1.0000000463928160332471861693193204700947e+00
4096,1.0000000411961396107329846927314065396786e+00
4097,1.0000000375261643981161796546075493097305e+00
4098,1.0000000356268003987025849710335023701191e+00
4099,1.0000000356270186685492262768093496561050e+00
4100,1.0000000375262474427984216163167729973793e+00
4101,1.0000000411963940738502287786104716360569e+00
4102,1.0000000463929674676677450406714342534542e+00
4103,1.0000000527786894188864152965834364295006e+00
4104,1.0000000599537131051874894183129072189331e+00
4105,1.0000000674912172815567146244575269520283e+00
4106,1.0000000695706461328882141970098018646240e+00
4107,1.0000000630766003872906821925425902009010e+00
4108,1.0000000570954543643864553814637474715710e+00
4109,1.0000000519910543506085787157644517719746e+00
4110,1.0000000480856077178515306513872928917408e+00
4111,1.0000000456343105526002545957453548908234e+00
4112,1.0000000447984109808174935096758417785168e+00
4113,1.0000000456338873355832674860721454024315e+00
4114,1.0000000480860782303693667927291244268417e+00
4115,1.0000000519910543506085787157644517719746e+00
4116,1.0000000570953790912653857958503067493439e+00
4117,1.0000000630768897114108995083370245993137e+00
4118,1.0000000695709598819149732662481255829334e+00
4119,1.0000000725256350531111593227251432836056e+00
4120,1.0000000671660402851159687998006120324135e+00
4121,1.0000000624078253519400050208787433803082e+00
4122,1.0000000585448061141136122387251816689968e+00
4123,1.0000000558220485391558440824155695736408e+00
4124,1.0000000544145302150411680486286059021950e+00
4125,1.0000000544143203828895138940424658358097e+00
4126,1.0000000558220718538393612107029184699059e+00
4127,1.0000000585448964862678167264675721526146e+00
4128,1.0000000624078422273299793232581578195095e+00
4129,1.0000000671656692485811390724848024547100e+00
4130,1.0000000725258819667118359575397334992886e+00
4131,1.0000000761738208066020661135553382337093e+00
4132,1.0000000719664792203644765322678722441196e+00
4133,1.0000000683866046014003359232447110116482e+00
4134,1.0000000656554910438700289887492544949055e+00
4135,1.0000000639437127691877549295895732939243e+00
4136,1.0000000633611392242272586372564546763897e+00
4137,1.0000000639438495486643887488753534853458e+00
4138,1.0000000656554866029779304881230928003788e+00
4139,1.0000000683867147355243787387735210359097e+00
4140,1.0000000719665775861244583211373537778854e+00
4141,1.0000000761739824550744515363476239144802e+00
4142,1.0000000802929951415620735133416019380093e+00
4143,1.0000000771885013683970555575797334313393e+00
4144,1.0000000746763813008755050759646110236645e+00
4145,1.0000000729113383002299997315276414155960e+00
4146,1.0000000720006416710106122991419397294521e+00
4147,1.0000000720008752619349934320780448615551e+00
4148,1.0000000729111968578166624865843914449215e+00
4149,1.0000000746764714509851046386756934225559e+00
4150,1.0000000771882566752424281730782240629196e+00
4151,1.0000000802933941557171237946022301912308e+00
4152,1.0000000846394330178412701570778153836727e+00
4153,1.0000000825281412097922384418779984116554e+00
4154,1.0000000809245399580049706855788826942444e+00
4155,1.0000000799227111158984371286351233720779e+00
4156,1.0000000795821808452501500141806900501251e+00
4157,1.0000000799224557646027733426308259367943e+00
4158,1.0000000809244724564450734760612249374390e+00
4159,1.0000000825281718519477180961985141038895e+00
4160,1.0000000846392667064321813086280599236488e+00
4161,1.0000000889634887979440236449590884149075e+00
4162,1.0000000876914516556581702388939447700977e+00
4163,1.0000000868024541134104765660595148801804e+00
4164,1.0000000863457281230495254931156523525715e+00
4165,1.0000000863455735800044976713252253830433e+00
4166,1.0000000868025071820710536485421471297741e+00
4167,1.0000000876913870406781370547832921147346e+00
4168,1.0000000889632032485820900546968914568424e+00
4169,1.0000000930266323972972486444632522761822e+00
4170,1.0000000924117551370784440223360434174538e+00
4171,1.0000000920312990260185870283748954534531e+00
4172,1.0000000919022742351671695359982550144196e+00
4173,1.0000000920309135565844371740240603685379e+00
4174,1.0000000924121446033154825272504240274429e+00
4175,1.0000000930270649401876426054514013230801e+00
4176,1.0000000966192827966949607798596844077110e+00
4177,1.0000000964668256386858047335408627986908e+00
4178,1.0000000963901725103966100505203939974308e+00
4179,1.0000000963904140949267684845835901796818e+00
4180,1.0000000964666202474262490795808844268322e+00
4181,1.0000000966197462037854393201996572315693e+00
4182,1.0000000995672666537217310178675688803196e+00
4183,1.0000000996861133639725949251442216336727e+00
4184,1.0000000997273945646526271957554854452610e+00
4185,1.0000000996859559343477030779467895627022e+00
4186,1.0000000995672362336108562885783612728119e+00
4187,1.0000001017420367954713356084539555013180e+00
4188,1.0000001019589723760816468711709603667259e+00
4189,1.0000001019591284734389091681805439293385e+00
4190,1.0000001017417141646603795379633083939552e+00
4191,1.0000001030640877086597129164147190749645e+00
4192,1.0000001032311196524915430927649140357971e+00
4193,1.0000001030642144961291251092916354537010e+00
4194,1.0000001035012344718921895037055946886539e+00
4195,1.0000001035011130134932955115800723433495e+00
4196,1.0000001030643914656792503592441789805889e+00
4197,1.0000001030629219744838565020472742617130e+00
4198,1.0000001035007151095612698554759845137596e+00
4199,1.0000001030638674404116272853570990264416e+00
4200,1.0000001017416701998286043817643076181412e+00
4201,1.0000000995669424685985404721577651798725e+00
4202,1.0000000966193369755785624874988570809364e+00
4203,1.0000000930269727916765987174585461616516e+00
4204,1.0000000889637308265633919290849007666111e+00
4205,1.0000000846396452924835784870083443820477e+00
4206,1.0000000802930169019333561664097942411900e+00
4207,1.0000000761737963816955243601114489138126e+00
4208,1.0000000725260609346634055327740497887135e+00
4209,1.0000000695704192033019808150129392743111e+00
4210,1.0000000674910323184008120733778923749924e+00
4211,1.0000000664174730768962717775139026343822e+00
4212,1.0000000664174064635147942681214772164822e+00
4213,1.0000000674910820563923152803909033536911e+00
4214,1.0000000695704986952705439762212336063385e+00
4215,1.0000000725256956712883038562722504138947e+00
4216,1.0000000761738154775315479128039442002773e+00
4217,1.0000000802931379162430403084727004170418e+00
4218,1.0000000846393266584755110670812427997589e+00
4219,1.0000000889636488921041745925322175025940e+00
4220,1.0000000930272843202573085363837890326977e+00
4221,1.0000000966193260953929211609647609293461e+00
4222,1.0000000995669413583755158470012247562408e+00
4223,1.0000001017417596838043891693814657628536e+00
4224,1.0000001030642158283967546594794839620590e+00
4225,1.0000001035007426430922805593581870198250e+00
4226,1.0000001030635494725373746405239216983318e+00
4227,1.0000001035011585326373051429982297122478e+00
4228,1.0000001032310030790739574513281695544720e+00
4229,1.0000001019591160389410333664272911846638e+00
4230,1.0000000996864504276828711226698942482471e+00
4231,1.0000000964668227521059407081338576972485e+00
4232,1.0000000924117866674123433767817914485931e+00
4233,1.0000000876916861347609710719552822411060e+00
4234,1.0000000825282351346601217301213182508945e+00
4235,1.0000000771885149131179559844895265996456e+00
4236,1.0000000719666157777965054265223443508148e+00
4237,1.0000000671658253459384013694943860173225e+00
4238,1.0000000630767018616751329318503849208355e+00
4239,1.0000000599535494583136596702388487756252e+00
4240,1.0000000579952790236148985059116967022419e+00
4241,1.0000000573283589488937650457955896854401e+00
4242,1.0000000579953558510482025667442940175533e+00
4243,1.0000000599535447953769562445813789963722e+00
4244,1.0000000630767718057256843167124316096306e+00
4245,1.0000000671660389528483392496127635240555e+00
4246,1.0000000719663002524129069570335559546947e+00
4247,1.0000000771886441430780223527108319103718e+00
4248,1.0000000825283870131698904515360482037067e+00
4249,1.0000000876916692593709967695758678019047e+00
4250,1.0000000924120793222016345680458471179008e+00
4251,1.0000000964667548064568336485535837709904e+00
4252,1.0000000996864142344122683425666764378548e+00
4253,1.0000001019591291395727239432744681835175e+00
4254,1.0000001032307697101941812434233725070953e+00
4255,1.0000001035014314254567580064758658409119e+00
4256,1.0000001030642193811104334599804133176804e+00
4257,1.0000001019588773409907389577711001038551e+00
4258,1.0000000997274518521606978538329713046551e+00
4259,1.0000000963899560169068081449950113892555e+00
4260,1.0000000920312301921910602686693891882896e+00
4261,1.0000000868025955558238138110027648508549e+00
4262,1.0000000809243436705742169579025357961655e+00
4263,1.0000000746764705628066849385504610836506e+00
4264,1.0000000683870826634347395156510174274445e+00
4265,1.0000000624079261601906409850926138460636e+00
4266,1.0000000570952403133873076512827537953854e+00
4267,1.0000000527783887704913468041922897100449e+00
4268,1.0000000497333187965409706521313637495041e+00
4269,1.0000000481586215350660040712682530283928e+00
4270,1.0000000481586481804185950750252231955528e+00
4271,1.0000000497332526272487029928015545010567e+00
4272,1.0000000527786059301149634848115965723991e+00
4273,1.0000000570954288292568890028633177280426e+00
4274,1.0000000624078133615313390691881068050861e+00
4275,1.0000000683869276763005018437979742884636e+00
4276,1.0000000746764701187174750884878449141979e+00
4277,1.0000000809245095378940959562896750867367e+00
4278,1.0000000868026366340757249417947605252266e+00
4279,1.0000000920312468455364296460174955427647e+00
4280,1.0000000963899666750478445464977994561195e+00
4281,1.0000000997275779734962952716159634292126e+00
4282,1.0000001019593796058870793785899877548218e+00
4283,1.0000001030642904353840094699990004301071e+00
4284,1.0000001017419446469602917204611003398895e+00
4285,1.0000000996861146962402244753320701420307e+00
4286,1.0000000963904291939599033867125399410725e+00
4287,1.0000000919021323486646224409923888742924e+00
4288,1.0000000863456410815643948808428831398487e+00
4289,1.0000000799229709080861994152655825018883e+00
4290,1.0000000729113309727580372054944746196270e+00
4291,1.0000000656556500278071553111658431589603e+00
4292,1.0000000585450727896841272013261914253235e+00
4293,1.0000000519909539864471526016131974756718e+00
4294,1.0000000463929730187828681664541363716125e+00
4295,1.0000000421077617218656996556092053651810e+00
4296,1.0000000394162982253476457117358222603798e+00
4297,1.0000000384982694612290288205258548259735e+00
4298,1.0000000394161461247932720652897842228413e+00
4299,1.0000000421078318879608559655025601387024e+00
4300,1.0000000463931302263631550886202603578568e+00
4301,1.0000000519908263107993207086110487580299e+00
4302,1.0000000585447856860099591358448378741741e+00
4303,1.0000000656552405775556735534337349236012e+00
4304,1.0000000729115496866938883613329380750656e+00
4305,1.0000000799229471493134724369156174361706e+00
4306,1.0000000863458764488456154140294529497623e+00
4307,1.0000000919021976297784704001969657838345e+00
4308,1.0000000963903654671582899027271196246147e+00
4309,1.0000000996866933444806591069209389388561e+00
4310,1.0000001017418294058103356292122043669224e+00
4311,1.0000000995667837067060190747724846005440e+00
4312,1.0000000964670050507265841588377952575684e+00
4313,1.0000000920312379637522326447651721537113e+00
4314,1.0000000863453710753248060427722521126270e+00
4315,1.0000000795817018950373267216491512954235e+00
4316,1.0000000720006296806019463474513031542301e+00
4317,1.0000000639440087546461199963232502341270e+00
4318,1.0000000558218355983797209773911163210869e+00
4319,1.0000000480858923790350445415242575109005e+00
4320,1.0000000411965686009096998532186262309551e+00
4321,1.0000000355861660139566993166226893663406e+00
4322,1.0000000316219730400746357190655544400215e+00
4323,1.0000000295705939734602907265070825815201e+00
4324,1.0000000295705848696314888002234511077404e+00
4325,1.0000000316220118978804975995444692671299e+00
4326,1.0000000355864164802710547519382089376450e+00
4327,1.0000000411965015434390124937635846436024e+00
4328,1.0000000480857187401539931670413352549076e+00
4329,1.0000000558219075408317166875349357724190e+00
4330,1.0000000639440511651656606773030944168568e+00
4331,1.0000000720006758658797707539633847773075e+00
4332,1.0000000795819981025402967134141363203526e+00
4333,1.0000000863453528676672021902049891650677e+00
4334,1.0000000920308209639841834359685890376568e+00
4335,1.0000000964667778990957458518096245825291e+00
4336,1.0000000995669264813869858699035830795765e+00
4337,1.0000000966195499163546855925233103334904e+00
4338,1.0000000924122407486294150658068247139454e+00
4339,1.0000000868023959377239862078567966818810e+00
4340,1.0000000799226627101745634718099609017372e+00
4341,1.0000000720005493004549634861177764832973e+00
4342,1.0000000633615839795709234749665483832359e+00
4343,1.0000000544143894387616455787792801856995e+00
4344,1.0000000456342315047209012845996767282486e+00
4345,1.0000000375263584651008841319708153605461e+00
4346,1.0000000305889016338767305569490417838097e+00
4347,1.0000000252698209024515563214663416147232e+00
4348,1.0000000219254425726234103422029875218868e+00
4349,1.0000000207839825350220053223893046379089e+00
4350,1.0000000219257310085652079578721895813942e+00
4351,1.0000000252698411085106044993153773248196e+00
4352,1.0000000305889942264769842950045131146908e+00
4353,1.0000000375265709617877973869326524436474e+00
4354,1.0000000456339865895216689750668592751026e+00
4355,1.0000000544144516112510245875455439090729e+00
4356,1.0000000633613466138882586164982058107853e+00
4357,1.0000000720007427013058531883871182799339e+00
4358,1.0000000799223949243810238840524107217789e+00
4359,1.0000000868023386502159155497793108224869e+00
4360,1.0000000924119640810516784767969511449337e+00
4361,1.0000000966193602902620796157862059772015e+00
4362,1.0000000930276160548970665331580676138401e+00
4363,1.0000000876913042180405000181053765118122e+00
4364,1.0000000809238942522938486945349723100662e+00
4365,1.0000000729115636755039986383053474128246e+00
4366,1.0000000639439330374358405606471933424473e+00
4367,1.0000000544143961000997933297185227274895e+00
4368,1.0000000447984469520434913647477515041828e+00
4369,1.0000000356265623668861053374712355434895e+00
4370,1.0000000274469786898379197737085632979870e+00
4371,1.0000000207773622751261655139387585222721e+00
4372,1.0000000160600612808536880038445815443993e+00
4373,1.0000000136161013575275546827469952404499e+00
4374,1.0000000136160636099447174274246208369732e+00
4375,1.0000000160601574261676205424009822309017e+00
4376,1.0000000207774266680615937730181030929089e+00
4377,1.0000000274472944372661231682286597788334e+00
4378,1.0000000356268645695934083050815388560295e+00
4379,1.0000000447984469520434913647477515041828e+00
4380,1.0000000544141434133393886440899223089218e+00
4381,1.0000000639440875804808683824376203119755e+00
4382,1.0000000729114608688519183488097041845322e+00
4383,1.0000000809238682730750724658719263970852e+00
4384,1.0000000876912547020936017361236736178398e+00
4385,1.0000000930274497434879776847083121538162e+00
4386,1.0000000889634577116993341405759565532207e+00
4387,1.0000000825282799876703165864455513656139e+00
4388,1.0000000746767923054392213089158758521080e+00
4389,1.0000000656553249545055450653308071196079e+00
4390,1.0000000558219694912764907712698914110661e+00
4391,1.0000000456345494725951539294328540563583e+00
4392,1.0000000356267859658032648439984768629074e+00
4393,1.0000000263752182316778771564713679254055e+00
4394,1.0000000184514894474574475680128671228886e+00
4395,1.0000000123700218956912522116908803582191e+00
4396,1.0000000085437972252577765175374224781990e+00
4397,1.0000000072372763337824608242954127490520e+00
4398,1.0000000085437767971541234146570786833763e+00
4399,1.0000000123700281129401901125675067305565e+00
4400,1.0000000184512716217000161122996360063553e+00
4401,1.0000000263755206564297850491129793226719e+00
4402,1.0000000356266893764001224553794600069523e+00
4403,1.0000000456342938992548852183972485363483e+00
4404,1.0000000558216854962267916562268510460854e+00
4405,1.0000000656552436861801425038720481097698e+00
4406,1.0000000746765440595709151239134371280670e+00
4407,1.0000000825281820659995446476386860013008e+00
4408,1.0000000889634732548216788927675224840641e+00
4409,1.0000000846396670528548611400765366852283e+00
4410,1.0000000771883437167275587853509932756424e+00
4411,1.0000000683867906747792630994808860123158e+00
4412,1.0000000585450752321747813766705803573132e+00
4413,1.0000000480858439733111708846990950405598e+00
4414,1.0000000375261577367780319036683067679405e+00
4415,1.0000000274471987360414004797348752617836e+00
4416,1.0000000184513955225895642797695472836494e+00
4417,1.0000000111110796119362476019887253642082e+00
4418,1.0000000059156115561620481457794085144997e+00
4419,1.0000000032234286351240371004678308963776e+00
4420,1.0000000032233842262030520942062139511108e+00
4421,1.0000000059153248965770899303606711328030e+00
4422,1.0000000111108184874808557651704177260399e+00
4423,1.0000000184511796952335771493380889296532e+00
4424,1.0000000274471534389419957733480259776115e+00
4425,1.0000000375260340579330886612297035753727e+00
4426,1.0000000480858821649832179900840856134892e+00
4427,1.0000000585451469525821721617830917239189e+00
4428,1.0000000683868957018773926392896100878716e+00
4429,1.0000000771882855410410684271482750773430e+00
4430,1.0000000846397512077601277269423007965088e+00
4431,1.0000000802934005950106666205101646482944e+00
4432,1.0000000719663826309613341436488553881645e+00
4433,1.0000000624077498567743305102339945733547e+00
4434,1.0000000519908516238842821621801704168320e+00
4435,1.0000000411963470003939846719731576740742e+00
4436,1.0000000305885392570814929058542475104332e+00
4437,1.0000000207776651439672832566429860889912e+00
4438,1.0000000123697740939121558767510578036308e+00
4439,1.0000000059157625464933971670689061284065e+00
4440,1.0000000018530563750118744792416691780090e+00
4441,1.0000000004660978270010218693641945719719e+00
4442,1.0000000018527632761333734379149973392487e+00
4443,1.0000000059153935083600117650348693132401e+00
4444,1.0000000123700274468063753374735824763775e+00
4445,1.0000000207777661742625241458881646394730e+00
4446,1.0000000305885961005003537138691172003746e+00
4447,1.0000000411964666824360392638482153415680e+00
4448,1.0000000519910472451812211147625930607319e+00
4449,1.0000000624080291888873261996195651590824e+00
4450,1.0000000719664232651240354243782348930836e+00
4451,1.0000000802935280486138935884810052812099e+00
4452,1.0000000761736713705829515674849972128868e+00
4453,1.0000000671657420792115544827538542449474e+00
4454,1.0000000570952887191111813081079162657261e+00
4455,1.0000000463928713223538125021150335669518e+00
4456,1.0000000355862244116877945998567156493664e+00
4457,1.0000000252697782698874107154551893472672e+00
4458,1.0000000160596458353978732702671550214291e+00
4459,1.0000000085437512620245570360566489398479e+00
4460,1.0000000032231959323780756676569581031799e+00
4461,1.0000000004661551145090925274416804313660e+00
4462,1.0000000004659750363344983270508237183094e+00
4463,1.0000000032232443381019493244821205735207e+00
4464,1.0000000085437583674519146370585076510906e+00
4465,1.0000000160597870557666055901790969073772e+00
4466,1.0000000252698684199970102781662717461586e+00
4467,1.0000000355861813350344391437829472124577e+00
4468,1.0000000463925919902408168127294629812241e+00
4469,1.0000000570953513356897701669367961585522e+00
4470,1.0000000671659980966410330438520759344101e+00
4471,1.0000000761736500543008787644794210791588e+00
4472,1.0000000725259594602789547934662550687790e+00
4473,1.0000000630766865405973931046901270747185e+00
4474,1.0000000527783792225733350278460420668125e+00
4475,1.0000000421075396772607746243011206388474e+00
4476,1.0000000316222941165733573143370449542999e+00
4477,1.0000000219255738009849210357060655951500e+00
4478,1.0000000136160775987548277043970301747322e+00
4479,1.0000000072378798510186470593907870352268e+00
4480,1.0000000032234344082837651512818410992622e+00
4481,1.0000000018530059708865564971347339451313e+00
4482,1.0000000032233948843440884957090020179749e+00
4483,1.0000000072378798510186470593907870352268e+00
4484,1.0000000136160700492382602533325552940369e+00
4485,1.0000000219255442690524660065420903265476e+00
4486,1.0000000316225672314374151028459891676903e+00
4487,1.0000000421078085732773388372152112424374e+00
4488,1.0000000527786550019726519167306832969189e+00
4489,1.0000000630766499032375804745242930948734e+00
4490,1.0000000725259698963753862699377350509167e+00
4491,1.0000000695708661790916949030361138284206e+00
4492,1.0000000599534597522932699575903825461864e+00
4493,1.0000000497332761639768250461202114820480e+00
4494,1.0000000394159727079568256158381700515747e+00
4495,1.0000000295700723906833218279643915593624e+00
4496,1.0000000207841384103346626943675801157951e+00
4497,1.0000000136162150443652762987767346203327e+00
4498,1.0000000085440623465160570049192756414413e+00
4499,1.0000000059157008180932280083652585744858e+00
4500,1.0000000059157303500256830375292338430882e+00
4501,1.0000000085439950670007647204329259693623e+00
4502,1.0000000136162323638444604512187652289867e+00
4503,1.0000000207841273081044164428021758794785e+00
4504,1.0000000295700550712041376755223609507084e+00
4505,1.0000000394160377670260686500114388763905e+00
4506,1.0000000497331662518973871556227095425129e+00
4507,1.0000000599536893464147624399629421532154e+00
4508,1.0000000695710558051843008797732181847095e+00
4509,1.0000000674909879094798270671162754297256e+00
4510,1.0000000579951608958850783892557956278324e+00
4511,1.0000000481582345113196197416982613503933e+00
4512,1.0000000384982477008577461674576625227928e+00
4513,1.0000000295699285057793304076767526566982e+00
4514,1.0000000219252493938171255649649538099766e+00
4515,1.0000000160600512888464663774357177317142e+00
4516,1.0000000123702854626372982238535769283772e+00
4517,1.0000000111105546984902048279764130711555e+00
4518,1.0000000123703078891423956520156934857368e+00
4519,1.0000000160598341292228496968164108693600e+00
4520,1.0000000219252493938171255649649538099766e+00
4521,1.0000000295702387020924106764141470193863e+00
4522,1.0000000384980649581478928666911087930202e+00
4523,1.0000000481584370159993113702512346208096e+00
4524,1.0000000579951582313498192888800986111164e+00
4525,1.0000000674911762033048034936655312776566e+00
4526,1.0000000664177033371515790349803864955902e+00
4527,1.0000000573281506710543453664286062121391e+00
4528,1.0000000481586117651033873698906973004341e+00
4529,1.0000000394161705496998138187336735427380e+00
4530,1.0000000316225972074590799820725806057453e+00
4531,1.0000000252700622649371098304982297122478e+00
4532,1.0000000207777519634078089438844472169876e+00
4533,1.0000000184511261824837902167928405106068e+00
4534,1.0000000184515134282747794713941402733326e+00
4535,1.0000000207779971006516461784485727548599e+00
4536,1.0000000252701661818122147451504133641720e+00
4537,1.0000000316223718321850810752948746085167e+00
4538,1.0000000394162864569835846850764937698841e+00
4539,1.0000000481588193768089922741637565195560e+00
4540,1.0000000573282052940271569241303950548172e+00
4541,1.0000000664177841613877717463765293359756e+00
4542,1.0000000664178496645462246306124143302441e+00
4543,1.0000000579951058288230569814913906157017e+00
4544,1.0000000497330436832754685383406467735767e+00
4545,1.0000000421075925238767467817524448037148e+00
4546,1.0000000355861822232128588439081795513630e+00
4547,1.0000000305888221419081673957407474517822e+00
4548,1.0000000274470868255605182639556005597115e+00
4549,1.0000000263752288898189135579741559922695e+00
4550,1.0000000274471640970830321748508140444756e+00
4551,1.0000000305887308815755432078731246292591e+00
4552,1.0000000355861557999048727651825174689293e+00
4553,1.0000000421075285750305283727357164025307e+00
4554,1.0000000497330756576985777428490109741688e+00
4555,1.0000000579953904900065708716283552348614e+00
4556,1.0000000664178347875576946535147726535797e+00
4557,1.0000000674913034348634255366050638258457e+00
4558,1.0000000599536369438880001325742341578007e+00
4559,1.0000000527782604287097001360962167382240e+00
4560,1.0000000463932012806367310986388474702835e+00
4561,1.0000000411964475866000157111557200551033e+00
4562,1.0000000375262396712372492402209900319576e+00
4563,1.0000000356268203827170282238512299954891e+00
4564,1.0000000356268152756911149481311440467834e+00
4565,1.0000000375260313933978295608540065586567e+00
4566,1.0000000411963057000974686161498539149761e+00
4567,1.0000000463929288319064880852238275110722e+00
4568,1.0000000527784251858065545093268156051636e+00
4569,1.0000000599536196244088159801322035491467e+00
4570,1.0000000674911260212240904365899041295052e+00
4571,1.0000000695706803277573726518312469124794e+00
4572,1.0000000630765870646143866906641051173210e+00
4573,1.0000000570952034539828900960856117308140e+00
4574,1.0000000519907055185342414915794506669044e+00
4575,1.0000000480858390883298625340103171765804e+00
4576,1.0000000456343303145700929235317744314671e+00
4577,1.0000000447980754714194517873693257570267e+00
4578,1.0000000456343360877298209743457846343517e+00
4579,1.0000000480859132512279074944672174751759e+00
4580,1.0000000519907168428090926681761629879475e+00
4581,1.0000000570954086231978408250142820179462e+00
4582,1.0000000630765493170315494353417307138443e+00
4583,1.0000000695707349507301842095330357551575e+00
4584,1.0000000725259978739956068238825537264347e+00
4585,1.0000000671659632356380598139367066323757e+00
4586,1.0000000624075724431349954102188348770142e+00
4587,1.0000000585449815293515030134585686028004e+00
4588,1.0000000558219321877828633660101331770420e+00
4589,1.0000000544145579706167836775421164929867e+00
4590,1.0000000544146641079379378425073809921741e+00
4591,1.0000000558217028157059758086688816547394e+00
4592,1.0000000585449941858939837402431294322014e+00
4593,1.0000000624078377864378808226319961249828e+00
4594,1.0000000671659738937790962154394946992397e+00
4595,1.0000000725259554634760661429027095437050e+00
4596,1.0000000761736638210663841164205223321915e+00
4597,1.0000000719663137971338073839433491230011e+00
4598,1.0000000683866689943357641823240555822849e+00
4599,1.0000000656555587674745311232982203364372e+00
4600,1.0000000639441546379515557418926618993282e+00
4601,1.0000000633614924971936943620676174759865e+00
4602,1.0000000639440960181758555336273275315762e+00
4603,1.0000000656558074574320471583632752299309e+00
4604,1.0000000683864975759007620581542141735554e+00
4605,1.0000000719665458337459540416602976620197e+00
4606,1.0000000761736338450447192371939308941364e+00
4607,1.0000000802934607690986013039946556091309e+00
4608,1.0000000771887906925172728733741678297520e+00
4609,1.0000000746762389702837481308961287140846e+00
4610,1.0000000729111722108655158081091940402985e+00
4611,1.0000000720004096343984656414249911904335e+00
4612,1.0000000720003503484889506580657325685024e+00
4613,1.0000000729109936870031560829374939203262e+00
4614,1.0000000746763251235904590430436655879021e+00
4615,1.0000000771886892181328221340663731098175e+00
4616,1.0000000802936683808042062082677148282528e+00
4617,1.0000000846394967446428836410632357001305e+00
4618,1.0000000825280388472293680024449713528156e+00
4619,1.0000000809243958510563743402599357068539e+00
4620,1.0000000799225781111800870348815806210041e+00
4621,1.0000000795818255738822699640877544879913e+00
4622,1.0000000799225206016274114517727866768837e+00
4623,1.0000000809242552968214567954419180750847e+00
4624,1.0000000825279660165989525921759195625782e+00
4625,1.0000000846394105913361727289156988263130e+00
4626,1.0000000889636857515085921477293595671654e+00
4627,1.0000000876914454384092323380173183977604e+00
4628,1.0000000868024909728148941212566569447517e+00
4629,1.0000000863454987509726379357744008302689e+00
4630,1.0000000863454696631293927566730417311192e+00
4631,1.0000000868024021549729241087334230542183e+00
4632,1.0000000876914338920897762363892979919910e+00
4633,1.0000000889632398859419026848627254366875e+00
4634,1.0000000930271719656872164705418981611729e+00
4635,1.0000000924121319467730018004658631980419e+00
4636,1.0000000920309863872148525842931121587753e+00
4637,1.0000000919020903822342916100751608610153e+00
4638,1.0000000920309992658019382361089810729027e+00
4639,1.0000000924121177359182865984621457755566e+00
4640,1.0000000930271277788108363893115893006325e+00
4641,1.0000000966196307405908783039194531738758e+00
4642,1.0000000964668644964916666140197776257992e+00
4643,1.0000000963903443729208220247528515756130e+00
4644,1.0000000963899269290635629658936522901058e+00
4645,1.0000000964669288894270948730991221964359e+00
4646,1.0000000966195161655747369877644814550877e+00
4647,1.0000000995669220404948873692774213850498e+00
4648,1.0000000996862787872032640734687447547913e+00
4649,1.0000000997273339464754826622083783149719e+00
4650,1.0000000996860374247177105644368566572666e+00
4651,1.0000000995668432146601389831630513072014e+00
4652,1.0000001017419350990422799441148526966572e+00
4653,1.0000001019593645068539444764610379934311e+00
4654,1.0000001019591810980102764006005600094795e+00
4655,1.0000001017419357651760947192087769508362e+00
4656,1.0000001030637524213062761191395111382008e+00
4657,1.0000001032316900850815954981953836977482e+00
4658,1.0000001030637417631652397176367230713367e+00
4659,1.0000001035011987227107965736649930477142e+00
4660,1.0000001035009349337201456364709883928299e+00
4661,1.0000001030636389565131594281410798430443e+00
4662,1.0000001030638971943886872395523823797703e+00
4663,1.0000001035013605932277869214885868132114e+00
4664,1.0000001030638099308589517022483050823212e+00
4665,1.0000001017421173976629233948187902569771e+00
4666,1.0000000995673195003377031753188930451870e+00
4667,1.0000000966196711527089746596175245940685e+00
4668,1.0000000930270629417861982801696285605431e+00
4669,1.0000000889632933986916896174079738557339e+00
4670,1.0000000846398073850451737598632462322712e+00
4671,1.0000000802931177101839921306236647069454e+00
4672,1.0000000761737841692422534833895042538643e+00
4673,1.0000000725258588740729237542836926877499e+00
4674,1.0000000695708970432917794823879376053810e+00
4675,1.0000000674909372833099041599780321121216e+00
4676,1.0000000664176924569659377084462903439999e+00
4677,1.0000000664177268738797010882990434765816e+00
4678,1.0000000674910576314857735269470140337944e+00
4679,1.0000000695704207576142152902320958673954e+00
4680,1.0000000725259081679752171112340874969959e+00
4681,1.0000000761737000143369868965237401425838e+00
4682,1.0000000802933668442307180157513357698917e+00
4683,1.0000000846395693532286941263009794056416e+00
4684,1.0000000889635483058981435533496551215649e+00
4685,1.0000000930271411014871318911900743842125e+00
4686,1.0000000966191571194485732121393084526062e+00
4687,1.0000000995673590242773798308917321264744e+00
4688,1.0000001017419768434280058500007726252079e+00
4689,1.0000001030640270904825683828676119446754e+00
4690,1.0000001035007015648403694285661913454533e+00
4691,1.0000001030638034915654088763403706252575e+00
4692,1.0000001035007652916419829125516116619110e+00
4693,1.0000001032303997838823761412641033530235e+00
4694,1.0000001019590996076402689141104929149151e+00
4695,1.0000000996860967106272255477961152791977e+00
4696,1.0000000964666702074623572116252034902573e+00
4697,1.0000000924121066336880403468967415392399e+00
4698,1.0000000876911432357019293704070150852203e+00
4699,1.0000000825281893934715071736718527972698e+00
4700,1.0000000771886514705499848787439987063408e+00
4701,1.0000000719664055015556414218735881149769e+00
4702,1.0000000671662263584948959760367870330811e+00
4703,1.0000000630765437659164263095590285956860e+00
4704,1.0000000599536924550392313904012553393841e+00
4705,1.0000000579950039103493963921209797263145e+00
4706,1.0000000573282481486359074551728554069996e+00
4707,1.0000000579951247026144756091525778174400e+00
4708,1.0000000599535359135927592433290556073189e+00
4709,1.0000000630770111698097935004625469446182e+00
4710,1.0000000671656228412587097409414127469063e+00
4711,1.0000000719663502124490150890778750181198e+00
4712,1.0000000771880088734633318381384015083313e+00
4713,1.0000000825283505978546827464015223085880e+00
4714,1.0000000876919954428956316405674442648888e+00
4715,1.0000000924123773060614439600612968206406e+00
4716,1.0000000964668793734801965911174193024635e+00
4717,1.0000000996861819757555167598184198141098e+00
4718,1.0000001019592106299427314297645352780819e+00
4719,1.0000001032310161797056480281753465533257e+00
4720,1.0000001035013506012205652950797230005264e+00
4721,1.0000001030637957200042365002445876598358e+00
4722,1.0000001019588640183144434558926150202751e+00
4723,1.0000000997277764813730982496053911745548e+00
4724,1.0000000963902087036672128306236118078232e+00
4725,1.0000000920311740149060142357484437525272e+00
4726,1.0000000868027660860803962350473739206791e+00
4727,1.0000000809244564692335188738070428371429e+00
4728,1.0000000746765489445522234746022149920464e+00
4729,1.0000000683867393824755254172487184405327e+00
4730,1.0000000624076927913108647771878167986870e+00
4731,1.0000000570953313516753269141190685331821e+00
4732,1.0000000527785004589276240949402563273907e+00
4733,1.0000000497334233795498903418774716556072e+00
4734,1.0000000481585098466297267805202864110470e+00
4735,1.0000000481583803946250554872676730155945e+00
4736,1.0000000497332490745350241923006251454353e+00
4737,1.0000000527785695147997557796770706772804e+00
4738,1.0000000570953107015270688862074166536331e+00
4739,1.0000000624077713951010082382708787918091e+00
4740,1.0000000683867686923633755213813856244087e+00
4741,1.0000000746765949077854429560829885303974e+00
4742,1.0000000809242195476400638654013164341450e+00
4743,1.0000000868023091182834605206153355538845e+00
4744,1.0000000920308562690763665159465745091438e+00
4745,1.0000000963905131268205650485469959676266e+00
4746,1.0000000997271389913123584847198799252510e+00
4747,1.0000001019590656348157153843203559517860e+00
4748,1.0000001030639231736074634682154282927513e+00
4749,1.0000001017420925286671717913122847676277e+00
4750,1.0000000996862452584679203937412239611149e+00
4751,1.0000000963899722261629676722805015742779e+00
4752,1.0000000919021512224560410686535760760307e+00
4753,1.0000000863456275368434944539330899715424e+00
4754,1.0000000799223169867246951980632729828358e+00
4755,1.0000000729112923369967802500468678772449e+00
4756,1.0000000656555070310815835910034365952015e+00
4757,1.0000000585450083967486989422468468546867e+00
4758,1.0000000519903315954195477388566359877586e+00
4759,1.0000000463933267358385137413279153406620e+00
4760,1.0000000421075512235802307259291410446167e+00
4761,1.0000000394163868211450107992277480661869e+00
4762,1.0000000384980600731665845160023309290409e+00
4763,1.0000000394161319139385568632860668003559e+00
4764,1.0000000421077961387794630354619584977627e+00
4765,1.0000000463931004723860951344249770045280e+00
4766,1.0000000519909368890125733742024749517441e+00
4767,1.0000000585449506651514184341067448258400e+00
4768,1.0000000656556531364316242616041563451290e+00
4769,1.0000000729114530972907459727139212191105e+00
4770,1.0000000799223669467608033301075920462608e+00
4771,1.0000000863456000033124837500508874654770e+00
4772,1.0000000919017082434692156311939470469952e+00
4773,1.0000000963901798378685725765535607933998e+00
4774,1.0000000996861868607368251105071976780891e+00
4775,1.0000001017421438209709094735444523394108e+00
4776,1.0000000995673461456902941790758632123470e+00
4777,1.0000000964665087810345767138642258942127e+00
4778,1.0000000920309566332377926300978288054466e+00
4779,1.0000000863459608257954869259265251457691e+00
4780,1.0000000795822647781108116760151460766792e+00
4781,1.0000000720006414489660073741106316447258e+00
4782,1.0000000639442154781733052004710771143436e+00
4783,1.0000000558216455281979051505913957953453e+00
4784,1.0000000480857740292606194998370483517647e+00
4785,1.0000000411964358182359546844963915646076e+00
4786,1.0000000355859699485705505139776505529881e+00
4787,1.0000000316222965590640114896814338862896e+00
4788,1.0000000295705764319365016490337438881397e+00
4789,1.0000000295705464559148367698071524500847e+00
4790,1.0000000316225037266804065438918769359589e+00
4791,1.0000000355864149259588202767190523445606e+00
4792,1.0000000411966185609458079852629452943802e+00
4793,1.0000000480859367879560295477858744561672e+00
4794,1.0000000558219990232089458004338666796684e+00
4795,1.0000000639443038519260653629316948354244e+00
4796,1.0000000720008366261737364766304381191730e+00
4797,1.0000000795821273325003630816354416310787e+00
4798,1.0000000863454985289280330107430927455425e+00
4799,1.0000000920314287000678632466588169336319e+00
4800,1.0000000964666095892852126780780963599682e+00
4801,1.0000000995671816106380447308765724301338e+00
4802,1.0000000966196027629706577499746344983578e+00
4803,1.0000000924120029388575403572758659720421e+00
4804,1.0000000868025751277201607081224210560322e+00
4805,1.0000000799226282932608000919572077691555e+00
4806,1.0000000720006025911601454936317168176174e+00
4807,1.0000000633612664557858806801959872245789e+00
4808,1.0000000544145539738138950269785709679127e+00
4809,1.0000000456342457155756164866033941507339e+00
4810,1.0000000375261448581909462518524378538132e+00
4811,1.0000000305886227458529447176260873675346e+00
4812,1.0000000252701537473143389433971606194973e+00
4813,1.0000000219250606559029392883530817925930e+00
4814,1.0000000207842769661681359139038249850273e+00
4815,1.0000000219252431765681876640883274376392e+00
4816,1.0000000252698935110373668067040853202343e+00
4817,1.0000000305890579532785977789899334311485e+00
4818,1.0000000375259596729904387757414951920509e+00
4819,1.0000000456340489840556529088644310832024e+00
4820,1.0000000544144165282034464325988665223122e+00
4821,1.0000000633611596523309117401367984712124e+00
4822,1.0000000720007056198568307081586681306362e+00
4823,1.0000000799227106718092272785725072026253e+00
4824,1.0000000868025995526267024615663103759289e+00
4825,1.0000000924120091561064782581524923443794e+00
4826,1.0000000966195192741992059382027946412563e+00
4827,1.0000000930275805277602785281487740576267e+00
4828,1.0000000876913863745443222796893678605556e+00
4829,1.0000000809239648624782148544909432530403e+00
4830,1.0000000729112574759938070201314985752106e+00
4831,1.0000000639439456939783212874317541718483e+00
4832,1.0000000544141909308848426007898524403572e+00
4833,1.0000000447980850193374635637155734002590e+00
4834,1.0000000356266893764001224553794600069523e+00
4835,1.0000000274470877137389379640808328986168e+00
4836,1.0000000207777137717357618384994566440582e+00
4837,1.0000000160599356036073004361242055892944e+00
4838,1.0000000136161939501278084208024665713310e+00
4839,1.0000000136161937280832034957711584866047e+00
4840,1.0000000160597355414182629829156212508678e+00
4841,1.0000000207777710592438324965769425034523e+00
4842,1.0000000274474281081182880370761267840862e+00
4843,1.0000000356267171319757380842929705977440e+00
4844,1.0000000447982406726055160106625407934189e+00
4845,1.0000000544145184466771070219692774116993e+00
4846,1.0000000639442212513330332512850873172283e+00
4847,1.0000000729113829311955896628205664455891e+00
4848,1.0000000809245708222050552649307064712048e+00
4849,1.0000000876919015180277483523241244256496e+00
4850,1.0000000930266197407547679176786914467812e+00
4851,1.0000000889631515121891425224021077156067e+00
4852,1.0000000825280064287170489478739909827709e+00
4853,1.0000000746766495307582545137847773730755e+00
4854,1.0000000656552197053628106004907749593258e+00
4855,1.0000000558218156143652777245733886957169e+00
4856,1.0000000456342399424158884357893839478493e+00
4857,1.0000000356268441414897552022011950612068e+00
4858,1.0000000263752395479599499594769440591335e+00
4859,1.0000000184512984890972120410879142582417e+00
4860,1.0000000123701622278815648314775899052620e+00
4861,1.0000000085436355767853910947451367974281e+00
4862,1.0000000072378543158890806807903572916985e+00
4863,1.0000000085436855368214992267894558608532e+00
4864,1.0000000123702448284745969431241974234581e+00
4865,1.0000000184509030276558405603282153606415e+00
4866,1.0000000263758714869055665985797531902790e+00
4867,1.0000000356266556256201738506206311285496e+00
4868,1.0000000456341411325666967968572862446308e+00
4869,1.0000000558219219737310368145699612796307e+00
4870,1.0000000656554097755446264272904954850674e+00
4871,1.0000000746763506587200254216440953314304e+00
4872,1.0000000825280990213173026859294623136520e+00
4873,1.0000000889636511125502238428452983498573e+00
4874,1.0000000846395900033769521542126312851906e+00
4875,1.0000000771884760553120941040106117725372e+00
4876,1.0000000683866030470881014480255544185638e+00
4877,1.0000000585451076506871004312415607273579e+00
4878,1.0000000480856723328315638354979455471039e+00
4879,1.0000000375261395291204280511010438203812e+00
4880,1.0000000274476756878527794469846412539482e+00
4881,1.0000000184510724476893983592162840068340e+00
4882,1.0000000111106301936558793386211618781090e+00
4883,1.0000000059157267973120042370283044874668e+00
4884,1.0000000032232996272085756572778336703777e+00
4885,1.0000000032231215474354257821687497198582e+00
4886,1.0000000059154019460549989162245765328407e+00
4887,1.0000000111107056888215538492659106850624e+00
4888,1.0000000184513111456396927678724750876427e+00
4889,1.0000000274471181338498126933700405061245e+00
4890,1.0000000375260285068179655354470014572144e+00
4891,1.0000000480857371698562019446399062871933e+00
4892,1.0000000585449420054118263578857295215130e+00
4893,1.0000000683867893425116335492930375039577e+00
4894,1.0000000771880841465844014237518422305584e+00
4895,1.0000000846394117015591973540722392499447e+00
4896,1.0000000802935111732239192861015908420086e+00
4897,1.0000000719665844695072109971079044044018e+00
4898,1.0000000624079554700784910892252810299397e+00
4899,1.0000000519907012996867479159845970571041e+00
4900,1.0000000411964971025469139931374229490757e+00
4901,1.0000000305886720397552380745764821767807e+00
4902,1.0000000207781147842922564450418576598167e+00
4903,1.0000000123701136001130862496211193501949e+00
4904,1.0000000059157445608803982395329512655735e+00
4905,1.0000000018525063705254751766915433108807e+00
4906,1.0000000004658990970796139663434587419033e+00
4907,1.0000000018531598477977695438312366604805e+00
4908,1.0000000059157605480919528417871333658695e+00
4909,1.0000000123700467646870038151973858475685e+00
4910,1.0000000207774839555696644310955889523029e+00
4911,1.0000000305886924678588911774568259716034e+00
4912,1.0000000411964253821395232080249115824699e+00
4913,1.0000000519909184593103645966039039194584e+00
4914,1.0000000624078289046536838213796727359295e+00
4915,1.0000000719660351311546264696517027914524e+00
4916,1.0000000802930555376946131218574009835720e+00
4917,1.0000000761740297505753005680162459611893e+00
4918,1.0000000671657565121108746097888797521591e+00
4919,1.0000000570956695256086277368012815713882e+00
4920,1.0000000463927722904600159381516277790070e+00
4921,1.0000000355865328316440354683436453342438e+00
4922,1.0000000252698955094388111319858580827713e+00
4923,1.0000000160599995524535188451409339904785e+00
4924,1.0000000085441265174068803389673121273518e+00
4925,1.0000000032233991031915820713038556277752e+00
4926,1.0000000004659170826926128938794136047363e+00
4927,1.0000000004660918317966888935188762843609e+00
4928,1.0000000032230558222323679729015566408634e+00
4929,1.0000000085439741948079017674899660050869e+00
4930,1.0000000160600366339025413253693841397762e+00
4931,1.0000000252699221547914021357428282499313e+00
4932,1.0000000355862592726907678297720849514008e+00
4933,1.0000000463926359550725919689284637570381e+00
4934,1.0000000570954061807071866496698930859566e+00
4935,1.0000000671661231077536058364785276353359e+00
4936,1.0000000761737286580910222255624830722809e+00
4937,1.0000000725258877398715640083537437021732e+00
4938,1.0000000630767995613012999456259422004223e+00
4939,1.0000000527789341120410426810849457979202e+00
4940,1.0000000421075518897140455010230652987957e+00
4941,1.0000000316224129104369922060868702828884e+00
4942,1.0000000219252600519581619664677418768406e+00
4943,1.0000000136161657504629829418263398110867e+00
4944,1.0000000072376964421749789835303090512753e+00
4945,1.0000000032234357405513947014696896076202e+00
4946,1.0000000018530863510335393584682606160641e+00
4947,1.0000000032231204372124011570122092962265e+00
4948,1.0000000072377754900543322946759872138500e+00
4949,1.0000000136159785668610311404336243867874e+00
4950,1.0000000219253393218821202026447281241417e+00
4951,1.0000000316222166230062384784105233848095e+00
4952,1.0000000421078301116040165652520954608917e+00
4953,1.0000000527785233295219313731649890542030e+00
4954,1.0000000630768046683272132213460281491280e+00
4955,1.0000000725258879619161689333850517868996e+00
4956,1.0000000695704458486545718187699094414711e+00
4957,1.0000000599539544676730429273447953164577e+00
4958,1.0000000497331764659492137070628814399242e+00
4959,1.0000000394161236982881746371276676654816e+00
4960,1.0000000295700672836574085522443056106567e+00
4961,1.0000000207841908128614250017562881112099e+00
4962,1.0000000136160516195360514757339842617512e+00
4963,1.0000000085437461549986437603365629911423e+00
4964,1.0000000059155047527070792057202197611332e+00
4965,1.0000000059153777431930620878119952976704e+00
4966,1.0000000085439570973733225400792434811592e+00
4967,1.0000000136161624197939090663567185401917e+00
4968,1.0000000207842176802586209305445663630962e+00
4969,1.0000000295701649832835755660198628902435e+00
4970,1.0000000394159103134228416820405982434750e+00
4971,1.0000000497333350057971301794168539345264e+00
4972,1.0000000599536329470851114820106886327267e+00
4973,1.0000000695707780273835396656068041920662e+00
4974,1.0000000674911879716688645203248597681522e+00
4975,1.0000000579951018320201683309278450906277e+00
4976,1.0000000481585356038038980841520242393017e+00
4977,1.0000000384981475587409249783377163112164e+00
4978,1.0000000295700608443638657263363711535931e+00
4979,1.0000000219253926125873022101586684584618e+00
4980,1.0000000160599555876217436889419332146645e+00
4981,1.0000000123701748844240455582621507346630e+00
4982,1.0000000111107927303066844615386798977852e+00
4983,1.0000000123701260346109620513743720948696e+00
4984,1.0000000160598898624186858796747401356697e+00
4985,1.0000000219256617306484713481040671467781e+00
4986,1.0000000295702655694896066052024252712727e+00
4987,1.0000000384982035139813660862273536622524e+00
4988,1.0000000481584727651807043002918362617493e+00
4989,1.0000000579949195333995248802239075303078e+00
4990,1.0000000674913960274636792746605351567268e+00
4991,1.0000000664175623388274516400997526943684e+00
4992,1.0000000573280600768555359536549076437950e+00
4993,1.0000000481582178579742503643501549959183e+00
4994,1.0000000394162218420035515009658411145210e+00
4995,1.0000000316225103880185542948311194777489e+00
4996,1.0000000252697749392183368399855680763721e+00
4997,1.0000000207778951821779855890781618654728e+00
4998,1.0000000184512343182063887070398777723312e+00
4999,1.0000000184512423118121660081669688224792e+00
5000,1.0000000207780082028818924300139769911766e+00
5001,1.0000000252697611724528314880444668233395e+00
5002,1.0000000316219306295550950380857102572918e+00
5003,1.0000000394158790051335472526261582970619e+00
5004,1.0000000481584421230252246459713205695152e+00
5005,1.0000000573282108451422800499130971729755e+00
5006,1.0000000664175656694965255155693739652634e+00
5007,1.0000000664176558196061250782804563641548e+00
5008,1.0000000579953305379632411131751723587513e+00
5009,1.0000000497332131033090263372287154197693e+00
5010,1.0000000421076347123516825377009809017181e+00
5011,1.0000000355863492007557624674518592655659e+00
5012,1.0000000305885923257420699883368797600269e+00
5013,1.0000000274471920747032527287956327199936e+00
5014,1.0000000263756660956460109446197748184204e+00
5015,1.0000000274468932026650236366549506783485e+00
5016,1.0000000305889225060695935098920017480850e+00
5017,1.0000000355860587664125205265008844435215e+00
5018,1.0000000421076236101214362861355766654015e+00
5019,1.0000000497335177485069834801834076642990e+00
5020,1.0000000579952843526854167066630907356739e+00
5021,1.0000000664174506503911743493517860770226e+00
5022,1.0000000674911764253494084186968393623829e+00
5023,1.0000000599537319789789080459740944206715e+00
5024,1.0000000527785875004127547072130255401134e+00
5025,1.0000000463929701322030041410471312701702e+00
5026,1.0000000411963847479768219272955320775509e+00
5027,1.0000000375261945961824494588654488325119e+00
5028,1.0000000356264338030598537443438544869423e+00
5029,1.0000000356268317069918794004479423165321e+00
5030,1.0000000375262569907164333926630206406116e+00
5031,1.0000000411962572943735949593246914446354e+00
5032,1.0000000463931246752480319628375582396984e+00
5033,1.0000000527785282145032397238537669181824e+00
5034,1.0000000599535332490575001429533585906029e+00
5035,1.0000000674913134268706471630139276385307e+00
5036,1.0000000695710009601668843970401212573051e+00
5037,1.0000000630768830500727517573977820575237e+00
5038,1.0000000570954894474340335364104248583317e+00
5039,1.0000000519909593155176708023645915091038e+00
5040,1.0000000480856856555078593373764306306839e+00
5041,1.0000000456339457333143627693061716854572e+00
5042,1.0000000447987178464614999029436148703098e+00
5043,1.0000000456343582921903134774765931069851e+00
5044,1.0000000480859487783646954994765110313892e+00
5045,1.0000000519909184593103645966039039194584e+00
5046,1.0000000570951974587785571202402934432030e+00
5047,1.0000000630766523457282346498686820268631e+00
5048,1.0000000695704158726329069395433180034161e+00
5049,1.0000000725259268197220308138639666140079e+00
5050,1.0000000671655724371333917588344775140285e+00
5051,1.0000000624076843536158776259981095790863e+00
5052,1.0000000585449986267860822408692911267281e+00
5053,1.0000000558219899193801438741502352058887e+00
5054,1.0000000544147658043669935068464837968349e+00
5055,1.0000000544143547998032772738952189683914e+00
5056,1.0000000558220532020925475080730393528938e+00
5057,1.0000000585452781809436828552861697971821e+00
5058,1.0000000624078637656566570512950420379639e+00
5059,1.0000000671659710071992321900324895977974e+00
5060,1.0000000725258346712109869258711114525795e+00
5061,1.0000000761741121291237277546315453946590e+00
5062,1.0000000719666641835203790833475068211555e+00
5063,1.0000000683867591444453637450351379811764e+00
5064,1.0000000656552907596363866105093620717525e+00
5065,1.0000000639438573202255611249711364507675e+00
5066,1.0000000633609922306987982665305025875568e+00
5067,1.0000000639437662819375418621348217129707e+00
5068,1.0000000656555045885909294156590476632118e+00
5069,1.0000000683869023632155403902288526296616e+00
5070,1.0000000719663997283959133710595779120922e+00
5071,1.0000000761740244215047823672648519277573e+00
5072,1.0000000802934490007345402773353271186352e+00
5073,1.0000000771882886496655373775865882635117e+00
5074,1.0000000746764432513202791596995666623116e+00
5075,1.0000000729112310526858209414058364927769e+00
5076,1.0000000720008239696312557498458772897720e+00
5077,1.0000000720007367061015202125417999923229e+00
5078,1.0000000729112534791909183695679530501366e+00
5079,1.0000000746763824110985297011211514472961e+00
5080,1.0000000771883343908541519340360537171364e+00
5081,1.0000000802928930010438079989398829638958e+00
5082,1.0000000846394292430829864315455779433250e+00
5083,1.0000000825281736283045574964489787817001e+00
5084,1.0000000809243647648116848358768038451672e+00
5085,1.0000000799224182390645410123397596180439e+00
5086,1.0000000795821726295997677880222909152508e+00
5087,1.0000000799226800296537476242519915103912e+00
5088,1.0000000809241713639607951336074620485306e+00
5089,1.0000000825281367689001399412518367171288e+00
5090,1.0000000846395640241581759255495853722095e+00
5091,1.0000000889637421508382431056816130876541e+00
5092,1.0000000876914094671832344829454086720943e+00
5093,1.0000000868028404710230461205355823040009e+00
5094,1.0000000863456743882551336355390958487988e+00
5095,1.0000000863454812094488488583010621368885e+00
5096,1.0000000868027076883493009518133476376534e+00
5097,1.0000000876917971570634335876093246042728e+00
5098,1.0000000889636055934062142114271409809589e+00
5099,1.0000000930269832277730301939300261437893e+00
5100,1.0000000924122607326438583186245523393154e+00
5101,1.0000000920311238328253011786728166043758e+00
5102,1.0000000919021820866561256480053998529911e+00
5103,1.0000000920312579477666758975828997790813e+00
5104,1.0000000924120866496735970940790139138699e+00
5105,1.0000000930271020216366650856798514723778e+00
5106,1.0000000966195004004077873105416074395180e+00
5107,1.0000000964666502234479139588074758648872e+00
5108,1.0000000963901960471247321038390509784222e+00
5109,1.0000000963902226924773231075960211455822e+00
5110,1.0000000964667692393561537755886092782021e+00
5111,1.0000000966194702023415175062837079167366e+00
5112,1.0000000995671372017170597246149554848671e+00
5113,1.0000000996863622759747158852405846118927e+00
5114,1.0000000997273508218654569645877927541733e+00
5115,1.0000000996863511737444696336751803755760e+00
5116,1.0000000995669027226142588915536180138588e+00
5117,1.0000001017418556070737167829065583646297e+00
5118,1.0000001019590929463021211631712503731251e+00
5119,1.0000001019590136763781629269942641258240e+00
5120,1.0000001017421271676255400961963459849358e+00
5121,1.0000001030639396049082279205322265625000e+00
5122,1.0000001032312011428615505792549811303616e+00
5123,1.0000001030642085009247921334463171660900e+00
5124,1.0000001035005836591551542369415983557701e+00
5125,1.0000001035010976924155556844198144972324e+00
5126,1.0000001030637180043925127392867580056190e+00
5127,1.0000001030637373222731412170105613768101e+00
5128,1.0000001035010495087362869526259601116180e+00
5129,1.0000001030641574306656593762454576790333e+00
5130,1.0000001017416975113150101606152020394802e+00
5131,1.0000000995669542369626014988170936703682e+00
5132,1.0000000966196083140857808757573366165161e+00
5133,1.0000000930272976429336040382622741162777e+00
5134,1.0000000889634823586504808190511539578438e+00
5135,1.0000000846395695752732990513322874903679e+00
5136,1.0000000802933080024104128824546933174133e+00
5137,1.0000000761739331611721581793972291052341e+00
5138,1.0000000725263198386727481192792765796185e+00
5139,1.0000000695709450049264432891504839062691e+00
5140,1.0000000674913884779471118235960602760315e+00
5141,1.0000000664178483322785950804245658218861e+00
5142,1.0000000664175596742921925397240556776524e+00
5143,1.0000000674912810083583281084429472684860e+00
5144,1.0000000695706618980551638742326758801937e+00
5145,1.0000000725258335609879623007145710289478e+00
5146,1.0000000761738339072337566904025152325630e+00
5147,1.0000000802933248778003871848341077566147e+00
5148,1.0000000846395031839364264669711701571941e+00
5149,1.0000000889630180633815825785859487950802e+00
5150,1.0000000930270487309314830781659111380577e+00
5151,1.0000000966192903462115282309241592884064e+00
5152,1.0000000995671054493385554451378993690014e+00
5153,1.0000001017421109583693805689108557999134e+00
5154,1.0000001030641161303691433204221539199352e+00
5155,1.0000001035011651939754528939374722540379e+00
5156,1.0000001030635539134294731411500833928585e+00
5157,1.0000001035014214334495363800670020282269e+00
5158,1.0000001032311496285132079719915054738522e+00
5159,1.0000001019591657769325365734403021633625e+00
5160,1.0000000996863354085775199564523063600063e+00
5161,1.0000000964666617697673700604354962706566e+00
5162,1.0000000924122895984424985726946033537388e+00
5163,1.0000000876915962066959764342755079269409e+00
5164,1.0000000825285573213818679505493491888046e+00
5165,1.0000000771883192918210170319071039557457e+00
5166,1.0000000719662638370976992518990300595760e+00
5167,1.0000000671660320694655865736422128975391e+00
5168,1.0000000630765188969206747060525231063366e+00
5169,1.0000000599535043832588598888833075761795e+00
5170,1.0000000579952168511255194971454329788685e+00
5171,1.0000000573284364424608838817221112549305e+00
5172,1.0000000579954055890397057737573049962521e+00
5173,1.0000000599540606049941970923100598156452e+00
5174,1.0000000630769201315217742376262322068214e+00
5175,1.0000000671658433315514002970303408801556e+00
5176,1.0000000719666357618109486793400719761848e+00
5177,1.0000000771880894756549196245032362639904e+00
5178,1.0000000825278039240373573193210177123547e+00
5179,1.0000000876913086589325985187315382063389e+00
5180,1.0000000924119667455869375771726481616497e+00
5181,1.0000000964666027059024600021075457334518e+00
5182,1.0000000996863502855660499335499480366707e+00
5183,1.0000001019590016859694969753036275506020e+00
5184,1.0000001032311023330123589403228834271431e+00
5185,1.0000001035010499528254968026885762810707e+00
5186,1.0000001030636525012340598550508730113506e+00
5187,1.0000001019589850326241275979555211961269e+00
5188,1.0000000997273683633892460420611314475536e+00
5189,1.0000000963902397899119023350067436695099e+00
5190,1.0000000920313065755351544794393703341484e+00
5191,1.0000000868024085942664669346413575112820e+00
5192,1.0000000809244378174867051711771637201309e+00
5193,1.0000000746764752257433883642079308629036e+00
5194,1.0000000683866501205443455546628683805466e+00
5195,1.0000000624078464461774728988530114293098e+00
5196,1.0000000570954448164684436051174998283386e+00
5197,1.0000000527783940995618650049436837434769e+00
5198,1.0000000497334058380261012644041329622269e+00
5199,1.0000000481586777123510501041891984641552e+00
5200,1.0000000481585826772601421907893382012844e+00
5201,1.0000000497335828075762265143566764891148e+00
5202,1.0000000527787449300376465544104576110840e+00
5203,1.0000000570956113499221373785985633730888e+00
5204,1.0000000624078277944306591962231323122978e+00
5205,1.0000000683866381301356796029722318053246e+00
5206,1.0000000746763140213602127914782613515854e+00
5207,1.0000000809239955046336945088114589452744e+00
5208,1.0000000868023211086921264723059721291065e+00
5209,1.0000000920314746633010827281395904719830e+00
5210,1.0000000963902988537768123933346942067146e+00
5211,1.0000000997274698377736967813689261674881e+00
5212,1.0000001019594830786729744431795552372932e+00
5213,1.0000001030640839339014291908824816346169e+00
5214,1.0000001017417547988230808186926878988743e+00
5215,1.0000000996858877666539910933352075517178e+00
5216,1.0000000963902291317708659335039556026459e+00
5217,1.0000000919019613743188301668851636350155e+00
5218,1.0000000863459082012241196935065090656281e+00
5219,1.0000000799227468650798300586757250130177e+00
5220,1.0000000729117644038268508666078560054302e+00
5221,1.0000000656551699673713073934777639806271e+00
5222,1.0000000585451602752584676636615768074989e+00
5223,1.0000000519906768747802061625407077372074e+00
5224,1.0000000463931071337242428853642195463181e+00
5225,1.0000000421077528400815026543568819761276e+00
5226,1.0000000394158305994096735958009958267212e+00
5227,1.0000000384982996592952986247837543487549e+00
5228,1.0000000394161503436407656408846378326416e+00
5229,1.0000000421075405654391943244263529777527e+00
5230,1.0000000463928988558848232059972360730171e+00
5231,1.0000000519908138763014449068577960133553e+00
5232,1.0000000585450909973417310538934543728828e+00
5233,1.0000000656557046507799668688676320016384e+00
5234,1.0000000729113596165120725345332175493240e+00
5235,1.0000000799225945424808514871983788907528e+00
5236,1.0000000863454443500444313031039200723171e+00
5237,1.0000000919020983758400689112022519111633e+00
5238,1.0000000963903403761179333741893060505390e+00
5239,1.0000000996861713176144803583156317472458e+00
5240,1.0000001017416895177092328594881109893322e+00
5241,1.0000000995666411540696572046726942062378e+00
5242,1.0000000964667830061216591275297105312347e+00
5243,1.0000000920314706664981940775760449469090e+00
5244,1.0000000863456843802623552619479596614838e+00
5245,1.0000000795822441279625536481034941971302e+00
5246,1.0000000720005250975930266577051952481270e+00
5247,1.0000000639439856620072077930672094225883e+00
5248,1.0000000558217081447764940094202756881714e+00
5249,1.0000000480858277640550113574136048555374e+00
5250,1.0000000411965497271182812255574390292168e+00
5251,1.0000000355862392886763245769543573260307e+00
5252,1.0000000316225940988346110316342674195766e+00
5253,1.0000000295702666797126312303589656949043e+00
5254,1.0000000295705988584415990771958604454994e+00
5255,1.0000000316223409679849964959430508315563e+00
5256,1.0000000355862279644014734003576450049877e+00
5257,1.0000000411961853519215992491808719933033e+00
5258,1.0000000480857658136102372736786492168903e+00
5259,1.0000000558220469848436096071964129805565e+00
5260,1.0000000639437875982196146651403978466988e+00
5261,1.0000000720008435095564891526009887456894e+00
5262,1.0000000795822217014574562199413776397705e+00
5263,1.0000000863458062827504591041360981762409e+00
5264,1.0000000920310825325287851228495128452778e+00
5265,1.0000000964664153002559032756835222244263e+00
5266,1.0000000995671858294855383064714260399342e+00
5267,1.0000000966195399243474639661144465208054e+00
5268,1.0000000924117082856668048407300375401974e+00
5269,1.0000000868024536693212667159968987107277e+00
5270,1.0000000799224897374273268724209628999233e+00
5271,1.0000000720005015608649046043865382671356e+00
5272,1.0000000633610670597306580020813271403313e+00
5273,1.0000000544146478986817783152218908071518e+00
5274,1.0000000456344662058683070426923222839832e+00
5275,1.0000000375262243501595094130607321858406e+00
5276,1.0000000305886262985666235181270167231560e+00
5277,1.0000000252697101021936987308436073362827e+00
5278,1.0000000219252918043366662459447979927063e+00
5279,1.0000000207838954935368747101165354251862e+00
5280,1.0000000219252307420703118623350746929646e+00
5281,1.0000000252699843272807811445090919733047e+00
5282,1.0000000305888196994175132203963585197926e+00
5283,1.0000000375261717255881421806407161056995e+00
5284,1.0000000456341069376975383420358411967754e+00
5285,1.0000000544146181447047183610266074538231e+00
5286,1.0000000633615906409090712259057909250259e+00
5287,1.0000000720005119969613360808580182492733e+00
5288,1.0000000799224271208487380135920830070972e+00
5289,1.0000000868025069600264487235108390450478e+00
5290,1.0000000924114660350028316315729171037674e+00
5291,1.0000000966195397023028590410831384360790e+00
5292,1.0000000930274346444548427825793623924255e+00
5293,1.0000000876914563185948736645514145493507e+00
5294,1.0000000809244027344391270162304863333702e+00
5295,1.0000000729113882602661078635719604790211e+00
5296,1.0000000639440849159456092820619232952595e+00
5297,1.0000000544144092007314839065656997263432e+00
5298,1.0000000447987358320744988304795697331429e+00
5299,1.0000000356267080281469361580093391239643e+00
5300,1.0000000274471614325477730744751170277596e+00
5301,1.0000000207779682348530059243785217404366e+00
5302,1.0000000160599225029756098592770285904408e+00
5303,1.0000000136162878749956917090457864105701e+00
5304,1.0000000136162692232488780064159072935581e+00
5305,1.0000000160599071818978700321167707443237e+00
5306,1.0000000207774646376890359533717855811119e+00
5307,1.0000000274471776418039326017606072127819e+00
5308,1.0000000356265268397493173324619419872761e+00
5309,1.0000000447984269680290481119300238788128e+00
5310,1.0000000544146159242586691107135266065598e+00
5311,1.0000000639442532257561424557934515178204e+00
5312,1.0000000729114644215655971493106335401535e+00
5313,1.0000000809242517441077779949409887194633e+00
5314,1.0000000876914842962150942184962332248688e+00
5315,1.0000000930268073684459295691340230405331e+00
5316,1.0000000889634170775366328598465770483017e+00
5317,1.0000000825283184013869686168618500232697e+00
5318,1.0000000746766997128389675708604045212269e+00
5319,1.0000000656556231604099593823775649070740e+00
5320,1.0000000558218953283784458108129911124706e+00
5321,1.0000000456343096644218348956201225519180e+00
5322,1.0000000356267708667701299418695271015167e+00
5323,1.0000000263756676499582454198389314115047e+00
5324,1.0000000184510564604778437569621019065380e+00
5325,1.0000000123702532661695840943139046430588e+00
5326,1.0000000085436211438860709677101112902164e+00
5327,1.0000000072374810589082017031614668667316e+00
5328,1.0000000085437692476375559635926038026810e+00
5329,1.0000000123700409915272757643833756446838e+00
5330,1.0000000184510533518533748065237887203693e+00
5331,1.0000000263755912666141512090689502656460e+00
5332,1.0000000356271583346057241215021349489689e+00
5333,1.0000000456341950894056935794651508331299e+00
5334,1.0000000558217965185292541718808934092522e+00
5335,1.0000000656552896494133619853528216481209e+00
5336,1.0000000746766730674863765671034343540668e+00
5337,1.0000000825285257910479685961036011576653e+00
5338,1.0000000889635587419945750298211351037025e+00
5339,1.0000000846393579667648054964956827461720e+00
5340,1.0000000771882913142007964779622852802277e+00
5341,1.0000000683864826989122320810565724968910e+00
5342,1.0000000585449937418047738901805132627487e+00
5343,1.0000000480858877160983411158667877316475e+00
5344,1.0000000375263888852117588612600229680538e+00
5345,1.0000000274471658734398715751012787222862e+00
5346,1.0000000184513730960844668516074307262897e+00
5347,1.0000000111107028022416898238589055836201e+00
5348,1.0000000059153766329700374626554548740387e+00
5349,1.0000000032231763924528422649018466472626e+00
5350,1.0000000032235474289876719922176562249660e+00
5351,1.0000000059152864828604378999443724751472e+00
5352,1.0000000111107947287081287868204526603222e+00
5353,1.0000000184511648182450471722404472529888e+00
5354,1.0000000274471652073060568000073544681072e+00
5355,1.0000000375264457286306196692748926579952e+00
5356,1.0000000480858883822321558909607119858265e+00
5357,1.0000000585449915213587246398674324154854e+00
5358,1.0000000683869343376386495947372168302536e+00
5359,1.0000000771885446670950159386848099529743e+00
5360,1.0000000846396903675383782683638855814934e+00
5361,1.0000000802931541254991998357581906020641e+00
5362,1.0000000719665409487646456909715197980404e+00
5363,1.0000000624081561984013433175277896225452e+00
5364,1.0000000519907872309488539031008258461952e+00
5365,1.0000000411963552160443668981315568089485e+00
5366,1.0000000305888443463686598988715559244156e+00
5367,1.0000000207779158323262436169898137450218e+00
5368,1.0000000123704373411470669452683068811893e+00
5369,1.0000000059155267351229667838197201490402e+00
5370,1.0000000018527523959477321113809011876583e+00
5371,1.0000000004659339580825871962588280439377e+00
5372,1.0000000018528509837523188252816908061504e+00
5373,1.0000000059155833564972226668032817542553e+00
5374,1.0000000123703585153123185591539368033409e+00
5375,1.0000000207778187988338913783081807196140e+00
5376,1.0000000305885821116902434368967078626156e+00
5377,1.0000000411964329316560906590893864631653e+00
5378,1.0000000519907021878651676161098293960094e+00
5379,1.0000000624075577881910703581525012850761e+00
5380,1.0000000719665200765717827380285598337650e+00
5381,1.0000000802932893506635991798248142004013e+00
5382,1.0000000761735752252690190289285965263844e+00
5383,1.0000000671660305151533520984230563044548e+00
5384,1.0000000570954199474726920016109943389893e+00
5385,1.0000000463926774774137129497830756008625e+00
5386,1.0000000355861295986414916114881634712219e+00
5387,1.0000000252696490399273443472338840365410e+00
5388,1.0000000160598740972517362024518661201000e+00
5389,1.0000000085437172892000035062665119767189e+00
5390,1.0000000032233278268734011362539604306221e+00
5391,1.0000000004659097552206503678462468087673e+00
5392,1.0000000004659443941790186727303080260754e+00
5393,1.0000000032234379609974439517827704548836e+00
5394,1.0000000085439875174841972693684510886669e+00
5395,1.0000000160598925269539449800504371523857e+00
5396,1.0000000252698184599609021461219526827335e+00
5397,1.0000000355863785106436125715845264494419e+00
5398,1.0000000463929887839498178436770103871822e+00
5399,1.0000000570955320799981791424215771257877e+00
5400,1.0000000671657551798432450596010312438011e+00
5401,1.0000000761739744614686742352205328643322e+00
5402,1.0000000725256477096536400495097041130066e+00
5403,1.0000000630771679333008705725660547614098e+00
5404,1.0000000527788552862062942949705757200718e+00
5405,1.0000000421078534262875336935394443571568e+00
5406,1.0000000316224841867551731411367654800415e+00
5407,1.0000000219252573874229028660920448601246e+00
5408,1.0000000136158277985742870441754348576069e+00
5409,1.0000000072377037696469415095634758472443e+00
5410,1.0000000032232632118933679521433077752590e+00
5411,1.0000000018527863687722856411710381507874e+00
5412,1.0000000032232208013738272711634635925293e+00
5413,1.0000000072375896387200100434711202979088e+00
5414,1.0000000136164839403818405116908252239227e+00
5415,1.0000000219251365951578236490604467689991e+00
5416,1.0000000316226573815470146655570715665817e+00
5417,1.0000000421079442425309480313444510102272e+00
5418,1.0000000527785877224573596322443336248398e+00
5419,1.0000000630767316156521928860456682741642e+00
5420,1.0000000725254041267220372901647351682186e+00
5421,1.0000000695708284315088576477137394249439e+00
5422,1.0000000599536880141471328897750936448574e+00
5423,1.0000000497334506910362961207283660769463e+00
5424,1.0000000394161239203327795621589757502079e+00
5425,1.0000000295705067099305551892030052840710e+00
5426,1.0000000207844101929310909326886758208275e+00
5427,1.0000000136162847663712227586074732244015e+00
5428,1.0000000085435176711001759031205438077450e+00
5429,1.0000000059155109699560171065968461334705e+00
5430,1.0000000059157025944500674086157232522964e+00
5431,1.0000000085438480734723043497069738805294e+00
5432,1.0000000136162068287148940726183354854584e+00
5433,1.0000000207843087185466401933808811008930e+00
5434,1.0000000295701760855138218175852671265602e+00
5435,1.0000000394161223660205450869398191571236e+00
5436,1.0000000497335517213315370099735446274281e+00
5437,1.0000000599534186740413588267983868718147e+00
5438,1.0000000695708861631061381558538414537907e+00
5439,1.0000000674916504905809233605396002531052e+00
5440,1.0000000579952881274437004321953281760216e+00
5441,1.0000000481582871358909869741182774305344e+00
5442,1.0000000384982277168433029146399348974228e+00
5443,1.0000000295701607644360819904250092804432e+00
5444,1.0000000219252422883897679639630950987339e+00
5445,1.0000000160598672138689835264813154935837e+00
5446,1.0000000123703411958331344067119061946869e+00
5447,1.0000000111105435962599585764110088348389e+00
5448,1.0000000123702221799248945899307727813721e+00
5449,1.0000000160599027410057715314906090497971e+00
5450,1.0000000219254336908392133409506641328335e+00
5451,1.0000000295708026953889202559366822242737e+00
5452,1.0000000384982874468420277480618096888065e+00
5453,1.0000000481587376643943798626423813402653e+00
5454,1.0000000579951013879309584808652289211750e+00
5455,1.0000000674911413423018302637501619756222e+00
5456,1.0000000664175958675627953198272734880447e+00
5457,1.0000000573283485127973335693241097033024e+00
5458,1.0000000481583637412796861099195666611195e+00
5459,1.0000000394161387973213095392566174268723e+00
5460,1.0000000316224071372772641552728600800037e+00
5461,1.0000000252699565717051655155955813825130e+00
5462,1.0000000207777370864192789667868055403233e+00
5463,1.0000000184509225675810739630833268165588e+00
5464,1.0000000184511890211069840006530284881592e+00
5465,1.0000000207780028738113742292625829577446e+00
5466,1.0000000252698808544948860799195244908333e+00
5467,1.0000000316226769214722480683121830224991e+00
5468,1.0000000394157761984814669631305150687695e+00
5469,1.0000000481583977141042396397097036242485e+00
5470,1.0000000573281746518716772698098793625832e+00
5471,1.0000000664177046694192085851682350039482e+00
5472,1.0000000664180477283338177585392259061337e+00
5473,1.0000000579950276691221233704709447920322e+00
5474,1.0000000497334731175413935488904826343060e+00
5475,1.0000000421074228817985840578330680727959e+00
5476,1.0000000355864395729099669551942497491837e+00
5477,1.0000000305886131979349329412798397243023e+00
5478,1.0000000274471332328829475954989902675152e+00
5479,1.0000000263752821805240955654880963265896e+00
5480,1.0000000274472227168587323831161484122276e+00
5481,1.0000000305888248064434264961164444684982e+00
5482,1.0000000355862759260361372071201913058758e+00
5483,1.0000000421073185208342692931182682514191e+00
5484,1.0000000497331169579950937986723147332668e+00
5485,1.0000000579950678591956148011377081274986e+00
5486,1.0000000664175325848503916859044693410397e+00
5487,1.0000000674913105402907831376069225370884e+00
5488,1.0000000599536156276059273295686580240726e+00
5489,1.0000000527786707671396015939535573124886e+00
5490,1.0000000463929092919812546824687160551548e+00
5491,1.0000000411961216251199857651954516768456e+00
5492,1.0000000375261099971879730219370685517788e+00
5493,1.0000000356268547996307916037039831280708e+00
5494,1.0000000356270088985866095754317939281464e+00
5495,1.0000000375263766727584879845380783081055e+00
5496,1.0000000411963865243336613275459967553616e+00
5497,1.0000000463927474214642643346451222896576e+00
5498,1.0000000527783960979633093302254565060139e+00
5499,1.0000000599534399903234316298039630055428e+00
5500,1.0000000674909494957631750366999767720699e+00
5501,1.0000000695709494458185417897766456007957e+00
5502,1.0000000630764365183722475194372236728668e+00
5503,1.0000000570955978052012369516887702047825e+00
5504,1.0000000519908616158915037885890342295170e+00
5505,1.0000000480857407225698807451408356428146e+00
5506,1.0000000456339888099677182253799401223660e+00
5507,1.0000000447984129792189378349576145410538e+00
5508,1.0000000456341504584401036481722258031368e+00
5509,1.0000000480859743134942618780769407749176e+00
5510,1.0000000519906726559327125869458541274071e+00
5511,1.0000000570956573131553568600793369114399e+00
5512,1.0000000630764203091160879921517334878445e+00
5513,1.0000000695705688613657002861145883798599e+00
5514,1.0000000725256767974968852286110632121563e+00
5515,1.0000000671658175743772289933986030519009e+00
5516,1.0000000624076224031711035422631539404392e+00
5517,1.0000000585451283008353584591532126069069e+00
5518,1.0000000558217427837348623143043369054794e+00
5519,1.0000000544145843939247697562677785754204e+00
5520,1.0000000544144516112510245875455439090729e+00
5521,1.0000000558217332358168505379580892622471e+00
5522,1.0000000585450752321747813766705803573132e+00
5523,1.0000000624077025612734814785653725266457e+00
5524,1.0000000671659190487616797327063977718353e+00
5525,1.0000000725258848532916999829467386007309e+00
5526,1.0000000761739946675277224130695685744286e+00
5527,1.0000000719662744952387356534018181264400e+00
5528,1.0000000683866787642983808837016113102436e+00
5529,1.0000000656552796574061403589439578354359e+00
5530,1.0000000639440025373971820954466238617897e+00
5531,1.0000000633615302447765316173899918794632e+00
5532,1.0000000639440871363916585323750041425228e+00
5533,1.0000000656554011158050343510694801807404e+00
5534,1.0000000683867209527733166396501474082470e+00
5535,1.0000000719667654358602248976239934563637e+00
5536,1.0000000761737848353760682584834285080433e+00
5537,1.0000000802936457322545038550742901861668e+00
5538,1.0000000771884156591795544954948127269745e+00
5539,1.0000000746765316250730393221601843833923e+00
5540,1.0000000729113458497465671825921162962914e+00
5541,1.0000000720007982124570844462141394615173e+00
5542,1.0000000720007544696699142150464467704296e+00
5543,1.0000000729114417730158947961172088980675e+00
5544,1.0000000746766468662229954134090803563595e+00
5545,1.0000000771880583894102301201201044023037e+00
5546,1.0000000802934594368309717538068071007729e+00
5547,1.0000000846396419618145046115387231111526e+00
5548,1.0000000825281087912799193873070180416107e+00
5549,1.0000000809242417521005563685321249067783e+00
5550,1.0000000799224637582085506437579169869423e+00
5551,1.0000000795816776921753898932365700602531e+00
5552,1.0000000799223103253865474471240304410458e+00
5553,1.0000000809244882216120231532840989530087e+00
5554,1.0000000825280626060020949807949364185333e+00
5555,1.0000000846392840259113654610700905323029e+00
5556,1.0000000889634588219223587657324969768524e+00
5557,1.0000000876920240866496669696061871945858e+00
5558,1.0000000868026177602843063141335733234882e+00
5559,1.0000000863455362765108702660654671490192e+00
5560,1.0000000863458451405563209846150130033493e+00
5561,1.0000000868024980782422517222585156559944e+00
5562,1.0000000876912062963697280792985111474991e+00
5563,1.0000000889633628986530311522074043750763e+00
5564,1.0000000930272037180657207500189542770386e+00
5565,1.0000000924118073175606014046934433281422e+00
5566,1.0000000920311198360224125281092710793018e+00
5567,1.0000000919024127910006427555344998836517e+00
5568,1.0000000920314868757543536048615351319313e+00
5569,1.0000000924120313605669707612833008170128e+00
5570,1.0000000930272665566889145338791422545910e+00
5571,1.0000000966191555651363387369201518595219e+00
5572,1.0000000964664121916314343252452090382576e+00
5573,1.0000000963901045647475029909401200711727e+00
5574,1.0000000963902964112861582179903052747250e+00
5575,1.0000000964667081770897993919788859784603e+00
5576,1.0000000966194966256495035850093699991703e+00
5577,1.0000000995672679859893605680554173886776e+00
5578,1.0000000996861921898073433112585917115211e+00
5579,1.0000000997276266012647738534724339842796e+00
5580,1.0000000996861899693612940609455108642578e+00
5581,1.0000000995667701619851186478626914322376e+00
5582,1.0000001017416462190112724783830344676971e+00
5583,1.0000001019592186235485087308916263282299e+00
5584,1.0000001019591171491640579915838316082954e+00
5585,1.0000001017419386517559587446157820522785e+00
5586,1.0000001030637002408241187367821112275124e+00
5587,1.0000001032310759097043728615972213447094e+00
5588,1.0000001030638041576992236514342948794365e+00
5589,1.0000001035014998151950749161187559366226e+00
5590,1.0000001035011816252762173462542705237865e+00
5591,1.0000001030638394627914067314122803509235e+00
5592,1.0000001030635692345072129683103412389755e+00
5593,1.0000001035011449879164047160884365439415e+00
5594,1.0000001030639984467285330538288690149784e+00
5595,1.0000001017417639026518827449763193726540e+00
5596,1.0000000995670050851771293309866450726986e+00
5597,1.0000000966197106766486513151903636753559e+00
5598,1.0000000930272054944225601502694189548492e+00
5599,1.0000000889631930345302635032567195594311e+00
5600,1.0000000846397074649729574957746081054211e+00
5601,1.0000000802931792165395563642960041761398e+00
5602,1.0000000761742158239542277442524209618568e+00
5603,1.0000000725256363853787888729129917919636e+00
5604,1.0000000695708892717306071062921546399593e+00
5605,1.0000000674913864795456674983142875134945e+00
5606,1.0000000664175181519510715588694438338280e+00
5607,1.0000000664175727749238831165712326765060e+00
5608,1.0000000674912594700316503804060630500317e+00
5609,1.0000000695705937303614518896210938692093e+00
5610,1.0000000725255082656417471298482269048691e+00
5611,1.0000000761739034071950982252019457519054e+00
5612,1.0000000802933248778003871848341077566147e+00
5613,1.0000000846394057063548643782269209623337e+00
5614,1.0000000889631297518178598693339154124260e+00
5615,1.0000000930271648602598588695400394499302e+00
5616,1.0000000966193556273253761901287361979485e+00
5617,1.0000000995668509862213113592588342726231e+00
5618,1.0000001017423414406692927514086477458477e+00
5619,1.0000001030637628574027075956109911203384e+00
5620,1.0000001035011465422286391913075931370258e+00
5621,1.0000001030634968479660074081039056181908e+00
5622,1.0000001035006320648790278937667608261108e+00
5623,1.0000001032311496285132079719915054738522e+00
5624,1.0000001019595088358471457468112930655479e+00
5625,1.0000000996861213575783722262713126838207e+00
5626,1.0000000964664097491407801499008201062679e+00
5627,1.0000000924117495859633208965533412992954e+00
5628,1.0000000876917198855409196767141111195087e+00
5629,1.0000000825285513261775349747040309011936e+00
5630,1.0000000771885357853108189374324865639210e+00
5631,1.0000000719663604265008416405180469155312e+00
5632,1.0000000671659832196525030667544342577457e+00
5633,1.0000000630767302833845633358578197658062e+00
5634,1.0000000599533971357146810987615026533604e+00
5635,1.0000000579953165491531308362027630209923e+00
5636,1.0000000573282175064804278008523397147655e+00
5637,1.0000000579952159629470997970202006399632e+00
5638,1.0000000599535940892792496015317738056183e+00
5639,1.0000000630764693809737764240708202123642e+00
5640,1.0000000671661508633292214653920382261276e+00
5641,1.0000000719666923831852045623236335813999e+00
5642,1.0000000771880894756549196245032362639904e+00
5643,1.0000000825281547545131388687877915799618e+00
5644,1.0000000876911034897176477898028679192066e+00
5645,1.0000000924120779899340050178579986095428e+00
5646,1.0000000964667334901747608455480076372623e+00
5647,1.0000000996863849245244182384340092539787e+00
5648,1.0000001019591295836619337933370843529701e+00
5649,1.0000001032311796045348728512180969119072e+00
5650,1.0000001035007708427571060383343137800694e+00
5651,1.0000001030638079324575073769665323197842e+00
5652,1.0000001019590505357825804821914061903954e+00
5653,1.0000000997276805581037706360802985727787e+00
5654,1.0000000963902564432572717123548500239849e+00
5655,1.0000000920309006779973515222081914544106e+00
5656,1.0000000868027498768242367077618837356567e+00
5657,1.0000000809244158350708175930776633322239e+00
5658,1.0000000746763777481618262754636816680431e+00
5659,1.0000000683867980022512256255140528082848e+00
5660,1.0000000624080085387390681717079132795334e+00
5661,1.0000000570955014378426994881010614335537e+00
5662,1.0000000527783434733919420978054404258728e+00
5663,1.0000000497333159099611066267243586480618e+00
5664,1.0000000481584341294194473448442295193672e+00
5665,1.0000000481584594425044087984133511781693e+00
5666,1.0000000497332333093680745150777511298656e+00
5667,1.0000000527783785564395202527521178126335e+00
5668,1.0000000570955893675062498004990629851818e+00
5669,1.0000000624077154398605671303812414407730e+00
5670,1.0000000683866714368264183576684445142746e+00
5671,1.0000000746766610770777106154127977788448e+00
5672,1.0000000809242184374170392402447760105133e+00
5673,1.0000000868024154776492196106119081377983e+00
5674,1.0000000920310634366927615701570175588131e+00
5675,1.0000000963902857531451218164875172078609e+00
5676,1.0000000997275735326041967709898017346859e+00
5677,1.0000001019596476137252238913788460195065e+00
5678,1.0000001030637633014919174456736072897911e+00
5679,1.0000001017419932747287703023175708949566e+00
5680,1.0000000996861826418893315349123440682888e+00
5681,1.0000000963902444528486057606642134487629e+00
5682,1.0000000919020608503018365809111855924129e+00
5683,1.0000000863458740063549612386850640177727e+00
5684,1.0000000799221655523041363267111591994762e+00
5685,1.0000000729115283704118155583273619413376e+00
5686,1.0000000656555141365089411920052953064442e+00
5687,1.0000000585453074908315329594188369810581e+00
5688,1.0000000519910086094199641593149863183498e+00
5689,1.0000000463932379179965437288046814501286e+00
5690,1.0000000421078272250241525398450903594494e+00
5691,1.0000000394157244620885194308357313275337e+00
5692,1.0000000384983083190348907010047696530819e+00
5693,1.0000000394159733740906403909320943057537e+00
5694,1.0000000421075665446579705530893988907337e+00
5695,1.0000000463926796978597622000961564481258e+00
5696,1.0000000519908138763014449068577960133553e+00
5697,1.0000000585449062562304334278451278805733e+00
5698,1.0000000656553491573674818937433883547783e+00
5699,1.0000000729113500685940607581869699060917e+00
5700,1.0000000799226613779069339216221123933792e+00
5701,1.0000000863458484712253948600846342742443e+00
5702,1.0000000919024074619301245547831058502197e+00
5703,1.0000000963904034367857320830808021128178e+00
5704,1.0000000996862281610333411663305014371872e+00
5705,1.0000001017418882476306407625088468194008e+00
5706,1.0000000995671574077761079024639911949635e+00
5707,1.0000000964668487313247169367969036102295e+00
5708,1.0000000920311991059463707642862573266029e+00
5709,1.0000000863457563227143509720917791128159e+00
5710,1.0000000795821328836154862074181437492371e+00
5711,1.0000000720004829091180909017566591501236e+00
5712,1.0000000639439856620072077930672094225883e+00
5713,1.0000000558217978507968837220687419176102e+00
5714,1.0000000480856148232788882523891516029835e+00
5715,1.0000000411965304092376527478336356580257e+00
5716,1.0000000355862002088258577714441344141960e+00
5717,1.0000000316225656771251806276268325746059e+00
5718,1.0000000295703990182971665490185841917992e+00
5719,1.0000000295705488984054909451515413820744e+00
5720,1.0000000316224384455665585846873000264168e+00
5721,1.0000000355862757039915322820888832211494e+00
5722,1.0000000411964897750749514671042561531067e+00
5723,1.0000000480859581042381023507914505898952e+00
5724,1.0000000558218817836575453839031979441643e+00
5725,1.0000000639441986027833308980916626751423e+00
5726,1.0000000720006978482956583320628851652145e+00
5727,1.0000000795818289045513438395573757588863e+00
5728,1.0000000863454800992258242331445217132568e+00
5729,1.0000000920308032004157894334639422595501e+00
5730,1.0000000964665196612202180403983220458031e+00
5731,1.0000000995675082382518894519307650625706e+00
5732,1.0000000966195783380641159965307451784611e+00
5733,1.0000000924119518685984076000750064849854e+00
5734,1.0000000868023846134491350312600843608379e+00
5735,1.0000000799220920555399061413481831550598e+00
5736,1.0000000720005348675556433590827509760857e+00
5737,1.0000000633611525469035541391349397599697e+00
5738,1.0000000544146985248517012223601341247559e+00
5739,1.0000000456344420030063702142797410488129e+00
5740,1.0000000375262136920184730115579441189766e+00
5741,1.0000000305886262985666235181270167231560e+00
5742,1.0000000252702336833721119546680711209774e+00
5743,1.0000000219251066191361587698338553309441e+00
5744,1.0000000207843160460186027194140478968620e+00
5745,1.0000000219254188138506833638530224561691e+00
5746,1.0000000252698866276546141307335346937180e+00
5747,1.0000000305887606355526031620684079825878e+00
5748,1.0000000375264030960664740632637403905392e+00
5749,1.0000000456344304566869141126517206430435e+00
5750,1.0000000544146505632170374155975878238678e+00
5751,1.0000000633615573342183324712095782160759e+00
5752,1.0000000720005117749167311558267101645470e+00
5753,1.0000000799225421399540891798096708953381e+00
5754,1.0000000868023630751224573032232001423836e+00
5755,1.0000000924121015266621270711766555905342e+00
5756,1.0000000966197661877998825730173848569393e+00
5757,1.0000000930272014976196714997058734297752e+00
5758,1.0000000876917958247958040374214760959148e+00
5759,1.0000000809241909038860285363625735044479e+00
5760,1.0000000729113547315307641838444396853447e+00
5761,1.0000000639441635197357527431449852883816e+00
5762,1.0000000544144538316970738378586247563362e+00
5763,1.0000000447984749296637119186925701797009e+00
5764,1.0000000356268838874740367828053422272205e+00
5765,1.0000000274471614325477730744751170277596e+00
5766,1.0000000207777242078321933149709366261959e+00
5767,1.0000000160599262777338935848092660307884e+00
5768,1.0000000136164775010882976857828907668591e+00
5769,1.0000000136162179309451403241837397217751e+00
5770,1.0000000160598883081064514044555835425854e+00
5771,1.0000000207777182126278603391256183385849e+00
5772,1.0000000274472626848876188887516036629677e+00
5773,1.0000000356265592582616363870329223573208e+00
5774,1.0000000447986097107389014126965776085854e+00
5775,1.0000000544146157022140641856822185218334e+00
5776,1.0000000639442498950870685803238302469254e+00
5777,1.0000000729112719088931271471665240824223e+00
5778,1.0000000809239801835559546816512010991573e+00
5779,1.0000000876920023262783843165379948914051e+00
5780,1.0000000930272152643851768516469746828079e+00
5781,1.0000000889634952372375664708670228719711e+00
5782,1.0000000825278847482735500307171605527401e+00
5783,1.0000000746765032033636089181527495384216e+00
5784,1.0000000656556231604099593823775649070740e+00
5785,1.0000000558218919977093719353433698415756e+00
5786,1.0000000456341151533479205681942403316498e+00
5787,1.0000000356267304546520335861714556813240e+00
5788,1.0000000263756676499582454198389314115047e+00
5789,1.0000000184512254364221917057875543832779e+00
5790,1.0000000123702790233437553979456424713135e+00
5791,1.0000000085437195096460527565795928239822e+00
5792,1.0000000072377808191248504954273812472820e+00
5793,1.0000000085438880415011908553424291312695e+00
5794,1.0000000123699821497069706310867331922054e+00
5795,1.0000000184511796952335771493380889296532e+00
5796,1.0000000263754498242008139641257002949715e+00
5797,1.0000000356271583346057241215021349489689e+00
5798,1.0000000456342916788088359680841676890850e+00
5799,1.0000000558217678747752188428421504795551e+00
5800,1.0000000656552439082247474289033561944962e+00
5801,1.0000000746765513870428776499466039240360e+00
5802,1.0000000825281116778597834127140231430531e+00
5803,1.0000000889634508283165814646054059267044e+00
5804,1.0000000846394812015205388888716697692871e+00
5805,1.0000000771884038908154934688354842364788e+00
5806,1.0000000683864673778344922538963146507740e+00
5807,1.0000000585450807832899045024532824754715e+00
5808,1.0000000480857458295957940208609215915203e+00
5809,1.0000000375264452845414098192122764885426e+00
5810,1.0000000274471658734398715751012787222862e+00
5811,1.0000000184511430578737645191722549498081e+00
5812,1.0000000111104931921346405943040736019611e+00
5813,1.0000000059155653708842237392673268914223e+00
5814,1.0000000032234652724838497306336648762226e+00
5815,1.0000000032235139002523283124901354312897e+00
5816,1.0000000059154898757185492286225780844688e+00
5817,1.0000000111105240563347251736558973789215e+00
5818,1.0000000184511528278363812205498106777668e+00
5819,1.0000000274470162153761521039996296167374e+00
5820,1.0000000375261781648816850065486505627632e+00
5821,1.0000000480857746953944342749309726059437e+00
5822,1.0000000585451140899806432571494951844215e+00
5823,1.0000000683867475981259076434071175754070e+00
5824,1.0000000771884878236761551306699402630329e+00
5825,1.0000000846396335241195174603490158915520e+00
5826,1.0000000802931541254991998357581906020641e+00
5827,1.0000000719666797266427238355390727519989e+00
5828,1.0000000624080520594816334778442978858948e+00
5829,1.0000000519906926399471558397635817527771e+00
5830,1.0000000411963267943349364941241219639778e+00
5831,1.0000000305888629981154736015014350414276e+00
5832,1.0000000207777983707302382754278369247913e+00
5833,1.0000000123700860665820755457389168441296e+00
5834,1.0000000059152065468026648886734619736671e+00
5835,1.0000000018526340461733070696936920285225e+00
5836,1.0000000004659337360379822712275199592113e+00
5837,1.0000000018527799294787428152631036937237e+00
5838,1.0000000059151925579925546117010526359081e+00
5839,1.0000000123700820697791868951753713190556e+00
5840,1.0000000207775716631886098184622824192047e+00
5841,1.0000000305886167506486117417807690799236e+00
5842,1.0000000411961451618481078185141086578369e+00
5843,1.0000000519908731622109598902170546352863e+00
5844,1.0000000624078182465126474198768846690655e+00
5845,1.0000000719665183002149433377780951559544e+00
5846,1.0000000802932325072447383718099445104599e+00
5847,1.0000000761735468035595886249211616814137e+00
5848,1.0000000671660598250412022025557234883308e+00
5849,1.0000000570957485734879810479469597339630e+00
5850,1.0000000463926490557042825457756407558918e+00
5851,1.0000000355861824452574637689394876360893e+00
5852,1.0000000252698482139379621003172360360622e+00
5853,1.0000000160598419007840220729121938347816e+00
5854,1.0000000085437106278618557553272694349289e+00
5855,1.0000000032232962965395017818082123994827e+00
5856,1.0000000004659097552206503678462468087673e+00
5857,1.0000000004659443941790186727303080260754e+00
5858,1.0000000032235227820365253137424588203430e+00
5859,1.0000000085436637764502165737212635576725e+00
5860,1.0000000160601154597372897114837542176247e+00
5861,1.0000000252699912106635338204796425998211e+00
5862,1.0000000355863727374838845207705162465572e+00
5863,1.0000000463929221705683403342845849692822e+00
5864,1.0000000570954470369144928554305806756020e+00
5865,1.0000000671658690887255716006620787084103e+00
5866,1.0000000761737637411386003805091604590416e+00
5867,1.0000000725255937528146432669018395245075e+00
5868,1.0000000630767182929758973841671831905842e+00
5869,1.0000000527784753678872675664024427533150e+00
5870,1.0000000421078103496341782374656759202480e+00
5871,1.0000000316225730045971431536599993705750e+00
5872,1.0000000219251659050456737531931139528751e+00
5873,1.0000000136160909214311232062755152583122e+00
5874,1.0000000072377037696469415095634758472443e+00
5875,1.0000000032232576607782448263606056571007e+00
5876,1.0000000018527901435305693667032755911350e+00
5877,1.0000000032232208013738272711634635925293e+00
5878,1.0000000072374997106550154057913459837437e+00
5879,1.0000000136163078590101349618635140359402e+00
5880,1.0000000219253573074951191301806829869747e+00
5881,1.0000000316225725605079333035973832011223e+00
5882,1.0000000421075041501239866192918270826340e+00
5883,1.0000000527788852622279591741971671581268e+00
5884,1.0000000630767940101861768198432400822639e+00
5885,1.0000000725255395739310415592626668512821e+00
5886,1.0000000695706194875356231932528316974640e+00
5887,1.0000000599540632695294561926857568323612e+00
5888,1.0000000497330412407848143629962578415871e+00
5889,1.0000000394161239203327795621589757502079e+00
5890,1.0000000295705617769925765969674102962017e+00
5891,1.0000000207844048638605727319372817873955e+00
5892,1.0000000136162940922446296099224127829075e+00
5893,1.0000000085439093577832636583480052649975e+00
5894,1.0000000059156091136713939704350195825100e+00
5895,1.0000000059154634524105631498969160020351e+00
5896,1.0000000085439872954395923443371430039406e+00
5897,1.0000000136162630059999401055392809212208e+00
5898,1.0000000207841190924540342166437767446041e+00
5899,1.0000000295702140551412639979389496147633e+00
5900,1.0000000394160892813744112572749145328999e+00
5901,1.0000000497335088667227864789310842752457e+00
5902,1.0000000599535199263812046410748735070229e+00
5903,1.0000000695711914744379100739024579524994e+00
5904,1.0000000674912028486573944974225014448166e+00
5905,1.0000000579955761192962881978019140660763e+00
5906,1.0000000481582895783816411494626663625240e+00
5907,1.0000000384982914436449163986253552138805e+00
5908,1.0000000295703119768120359367458149790764e+00
5909,1.0000000219250733124454200151376426219940e+00
5910,1.0000000160599622489598914398811757564545e+00
5911,1.0000000123700727439057800438604317605495e+00
5912,1.0000000111105620259621673540095798671246e+00
5913,1.0000000123699728238335637797717936336994e+00
5914,1.0000000160598858656157972291111946105957e+00
5915,1.0000000219252194177954606857383623719215e+00
5916,1.0000000295707889286234149039955809712410e+00
5917,1.0000000384983884771372686373069882392883e+00
5918,1.0000000481586563960689773011836223304272e+00
5919,1.0000000579952406098982464754953980445862e+00
5920,1.0000000674909874653906172170536592602730e+00
5921,1.0000000664174486519897300240700133144855e+00
5922,1.0000000573279697047013314659125171601772e+00
5923,1.0000000481581703404287964076502248644829e+00
5924,1.0000000394161041583629412343725562095642e+00
5925,1.0000000316224071372772641552728600800037e+00
5926,1.0000000252695881997055948886554688215256e+00
5927,1.0000000207776678085025423570186831057072e+00
5928,1.0000000184508408551664615515619516372681e+00
5929,1.0000000184511588230407141963951289653778e+00
5930,1.0000000207779631278270926486584357917309e+00
5931,1.0000000252699168257208839349914342164993e+00
5932,1.0000000316227093399845671228831633925438e+00
5933,1.0000000394159214156530879336060024797916e+00
5934,1.0000000481581434730316004788619466125965e+00
5935,1.0000000573281917493062564972206018865108e+00
5936,1.0000000664178751996757910092128440737724e+00
5937,1.0000000664177746134697599700302816927433e+00
5938,1.0000000579955310442414884164463728666306e+00
5939,1.0000000497334182725239770661573857069016e+00
5940,1.0000000421075079248822703448240645229816e+00
5941,1.0000000355861757839193160180002450942993e+00
5942,1.0000000305886946883049404277699068188667e+00
5943,1.0000000274471347871951820707181468605995e+00
5944,1.0000000263751855911209531768690794706345e+00
5945,1.0000000274471518846297612981288693845272e+00
5946,1.0000000305887439822072337847203016281128e+00
5947,1.0000000355860811929176179546630010008812e+00
5948,1.0000000421077586132412307051708921790123e+00
5949,1.0000000497334931015558368017082102596760e+00
5950,1.0000000579951024981539831060217693448067e+00
5951,1.0000000664179602427594772962038405239582e+00
5952,1.0000000674911793119292724441038444638252e+00
5953,1.0000000599537759438106832021730951964855e+00
5954,1.0000000527786425674747761149774305522442e+00
5955,1.0000000463931386640581422398099675774574e+00
5956,1.0000000411966138980091045596054755151272e+00
5957,1.0000000375261861584874623076757416129112e+00
5958,1.0000000356270131174341031510266475379467e+00
5959,1.0000000356270088985866095754317939281464e+00
5960,1.0000000375264272989284108916763216257095e+00
5961,1.0000000411964291568978069335571490228176e+00
5962,1.0000000463927189997548339306376874446869e+00
5963,1.0000000527783281523142022706451825797558e+00
5964,1.0000000599538165779733844829024747014046e+00
5965,1.0000000674910871634182285561109893023968e+00
5966,1.0000000695707811360080086160451173782349e+00
5967,1.0000000630767194031989220093237236142159e+00
5968,1.0000000570956260048660624306648969650269e+00
5969,1.0000000519906062645958400025847367942333e+00
5970,1.0000000480855895101939267988200299441814e+00
5971,1.0000000456339788179604965989710763096809e+00
5972,1.0000000447981725049118040260509587824345e+00
5973,1.0000000456342712507051828652038238942623e+00
5974,1.0000000480858834972508475402719341218472e+00
5975,1.0000000519905558604705220204778015613556e+00
5976,1.0000000570956433243452465831069275736809e+00
5977,1.0000000630768033360595836711581796407700e+00
5978,1.0000000695704183151235611148877069354057e+00
5979,1.0000000725258952893881314594182185828686e+00
5980,1.0000000671658442197298199971555732190609e+00
5981,1.0000000624076599287093358725542202591896e+00
5982,1.0000000585450590229186218493850901722908e+00
5983,1.0000000558221535662539736222242936491966e+00
5984,1.0000000544147955583440534610417671501637e+00
5985,1.0000000544144194147833104580058716237545e+00
5986,1.0000000558221668889302691241027787327766e+00
5987,1.0000000585450219414695993691566400229931e+00
5988,1.0000000624078484445789172241347841918468e+00
5989,1.0000000671657871542663542641093954443932e+00
5990,1.0000000725257955913605201203608885407448e+00
5991,1.0000000761740066579363883647602051496506e+00
5992,1.0000000719662744952387356534018181264400e+00
5993,1.0000000683864413986157160252332687377930e+00
5994,1.0000000656553913458424176496919244527817e+00
5995,1.0000000639440036476202067206031642854214e+00
5996,1.0000000633615302447765316173899918794632e+00
5997,1.0000000639440871363916585323750041425228e+00
5998,1.0000000656555887434961960025248117744923e+00
5999,1.0000000683867487083489322685636579990387e+00
6000,1.0000000719667019311032163386698812246323e+00
6001,1.0000000761735585719236496515804901719093e+00
6002,1.0000000802934052579473700461676344275475e+00
6003,1.0000000771882906480669817028683610260487e+00
6004,1.0000000746767507830981003280612640082836e+00
6005,1.0000000729112390462915982425329275429249e+00
6006,1.0000000720005686183355919638415798544884e+00
6007,1.0000000720007478083317664641072042286396e+00
6008,1.0000000729114448816403637465555220842361e+00
6009,1.0000000746765225212442373958765529096127e+00
6010,1.0000000771882631145359709989861585199833e+00
6011,1.0000000802928492582566377677721902728081e+00
6012,1.0000000846393497511144232703372836112976e+00
6013,1.0000000825282413519090596309979446232319e+00
6014,1.0000000809246178956612993715680204331875e+00
6015,1.0000000799227821701720131386537104845047e+00
6016,1.0000000795821937238372356659965589642525e+00
6017,1.0000000799225881031873086612904444336891e+00
6018,1.0000000809243305699425263810553587973118e+00
6019,1.0000000825282753247336131607880815863609e+00
6020,1.0000000846394498932312444594572298228741e+00
6021,1.0000000889634357292834465624764561653137e+00
6022,1.0000000876917392034215481544379144906998e+00
6023,1.0000000868023732891742838546633720397949e+00
6024,1.0000000863456399713413702556863427162170e+00
6025,1.0000000863457338962092535439296625554562e+00
6026,1.0000000868024667699529572928440757095814e+00
6027,1.0000000876911814273739764757920056581497e+00
6028,1.0000000889634053091725718331872485578060e+00
6029,1.0000000930269437038333535383571870625019e+00
6030,1.0000000924121970058422448346391320228577e+00
6031,1.0000000920310760932352422969415783882141e+00
6032,1.0000000919021818646115207229740917682648e+00
6033,1.0000000920312785979149339254945516586304e+00
6034,1.0000000924118033207577127541298978030682e+00
6035,1.0000000930272308075075216038385406136513e+00
6036,1.0000000966197433172055752947926521301270e+00
6037,1.0000000964664290670214086276246234774590e+00
6038,1.0000000963902198058974590821890160441399e+00
6039,1.0000000963902293538154708585352636873722e+00
6040,1.0000000964667561387244631987414322793484e+00
6041,1.0000000966197373220012423189473338425159e+00
6042,1.0000000995670492720535094122169539332390e+00
6043,1.0000000996861995172793058372917585074902e+00
6044,1.0000000997281477399525329019525088369846e+00
6045,1.0000000996859108592929032965912483632565e+00
6046,1.0000000995669278136546154200914315879345e+00
6047,1.0000001017420254711964844318572431802750e+00
6048,1.0000001019591386874907357196207158267498e+00
6049,1.0000001019589335182757849906920455396175e+00
6050,1.0000001017418382875945326304645277559757e+00
6051,1.0000001030636491705649859795812517404556e+00
6052,1.0000001032311343074354681448312476277351e+00
6053,1.0000001030640739418942075644736178219318e+00
6054,1.0000001035014616235230278107337653636932e+00
6055,1.0000001035013286188046777169802226126194e+00
6056,1.0000001030636480603419613544247113168240e+00
6057,1.0000001030632776899409464022028259932995e+00
6058,1.0000001035009686845000942412298172712326e+00
6059,1.0000001030641152421907236202969215810299e+00
6060,1.0000001017423756355384512062300927937031e+00
6061,1.0000000995671993742064387333812192082405e+00
6062,1.0000000966194788620811095825047232210636e+00
6063,1.0000000930270613874739638049504719674587e+00
6064,1.0000000889636613266020503942854702472687e+00
6065,1.0000000846396366327439864107873290777206e+00
6066,1.0000000802931636734172116121044382452965e+00
6067,1.0000000761736957954894933209288865327835e+00
6068,1.0000000725262858658481945894891396164894e+00
6069,1.0000000695704533981711392698343843221664e+00
6070,1.0000000674911677656098163424758240580559e+00
6071,1.0000000664177675080424023690284229815006e+00
6072,1.0000000664176138531757942473632283508778e+00
6073,1.0000000674910669573591803782619535923004e+00
6074,1.0000000695707327302841349592199549078941e+00
6075,1.0000000725259141631795500870794057846069e+00
6076,1.0000000761739824550744515363476239144802e+00
6077,1.0000000802933453059040402877144515514374e+00
6078,1.0000000846396686071670956152956932783127e+00
6079,1.0000000889634854672749497694894671440125e+00
6080,1.0000000930271286669892560894368216395378e+00
6081,1.0000000966193369755785624874988570809364e+00
6082,1.0000000995671805004150201057200320065022e+00
6083,1.0000001017416617621336172305746003985405e+00
6084,1.0000001030641050281388970688567496836185e+00
6085,1.0000001035009453698165771129424683749676e+00
6086,1.0000001030638352439439131558174267411232e+00
6087,1.0000001035008756478106306531117297708988e+00
6088,1.0000001032311973681032668537227436900139e+00
6089,1.0000001019592033024707689037313684821129e+00
6090,1.0000000996863411817372480072663165628910e+00
6091,1.0000000964669419900587854499462991952896e+00
6092,1.0000000924120588940979814651655033230782e+00
6093,1.0000000876913128777800920943263918161392e+00
6094,1.0000000825280315197574054764118045568466e+00
6095,1.0000000771883494898872868361650034785271e+00
6096,1.0000000719664534631903052286361344158649e+00
6097,1.0000000671655497885836894056410528719425e+00
6098,1.0000000630767333920090322862961329519749e+00
6099,1.0000000599537279821760193954105488955975e+00
6100,1.0000000579953516322007089911494404077530e+00
6101,1.0000000573282761262561280091176740825176e+00
6102,1.0000000579951477952533878124086186289787e+00
6103,1.0000000599535328049682902928907424211502e+00
6104,1.0000000630765319975523652828997001051903e+00
6105,1.0000000671657021111826679771183989942074e+00
6106,1.0000000719663257875424733356339856982231e+00
6107,1.0000000771887369577228810157976113259792e+00
6108,1.0000000825284833805284279151237569749355e+00
6109,1.0000000876912453762201948848087340593338e+00
6110,1.0000000924119452072602598491357639431953e+00
6111,1.0000000964665423097699203935917466878891e+00
6112,1.0000000996863367408451495066401548683643e+00
6113,1.0000001019588253825531865004450082778931e+00
6114,1.0000001032314256299571297859074547886848e+00
6115,1.0000001035006091942847206155420280992985e+00
6116,1.0000001030639491528262396968784742057323e+00
6117,1.0000001019593875994928566797170788049698e+00
6118,1.0000000997273890135375040699727833271027e+00
6119,1.0000000963903055151149601442739367485046e+00
6120,1.0000000920311866714484949625330045819283e+00
6121,1.0000000868023692923713952040998265147209e+00
6122,1.0000000809241278432182298274710774421692e+00
6123,1.0000000746765449477493348240386694669724e+00
6124,1.0000000683868823792010971374111250042915e+00
6125,1.0000000624074905086757780736661516129971e+00
6126,1.0000000570953695433473740195040591061115e+00
6127,1.0000000527785868342789399321191012859344e+00
6128,1.0000000497332168780673100627609528601170e+00
6129,1.0000000481588455780723734278581105172634e+00
6130,1.0000000481584250255906454185605980455875e+00
6131,1.0000000497334602389543078970746137201786e+00
6132,1.0000000527789194570971176290186122059822e+00
6133,1.0000000570953813117114350461633875966072e+00
6134,1.0000000624077076682993947542854584753513e+00
6135,1.0000000683867469319920928683131933212280e+00
6136,1.0000000746768955561805114484741352498531e+00
6137,1.0000000809241691435147458832943812012672e+00
6138,1.0000000868025020750451403728220611810684e+00
6139,1.0000000920309297658405967013095505535603e+00
6140,1.0000000963902146988715458064689300954342e+00
6141,1.0000000997274085534627374727278947830200e+00
6142,1.0000001019587274608824145616381429135799e+00
6143,1.0000001030637171162140930391615256667137e+00
6144,1.0000001017417743387483142214477993547916e+00
6145,1.0000000996865743285724192901398055255413e+00
6146,1.0000000963900610440049376848037354648113e+00
6147,1.0000000919021441170286834676517173647881e+00
6148,1.0000000863455178468086614884668961167336e+00
6149,1.0000000799226997916235859520384110510349e+00
6150,1.0000000729115006148361999294138513505459e+00
6151,1.0000000656552556765888084555626846849918e+00
6152,1.0000000585453325818718894879566505551338e+00
6153,1.0000000519908591734008496132446452975273e+00
6154,1.0000000463929756833181272668298333883286e+00
6155,1.0000000421078281132025722399703226983547e+00
6156,1.0000000394160482031225001264829188585281e+00
6157,1.0000000384980558543190909404074773192406e+00
6158,1.0000000394161143724147677858127281069756e+00
6159,1.0000000421075299072981579229235649108887e+00
6160,1.0000000463932969818614537871326319873333e+00
6161,1.0000000519904681528515766331111080944538e+00
6162,1.0000000585452388790486111247446388006210e+00
6163,1.0000000656554923761376585389371030032635e+00
6164,1.0000000729113782682588862371630966663361e+00
6165,1.0000000799221615555012476761476136744022e+00
6166,1.0000000863458347044598895081435330212116e+00
6167,1.0000000919022824508175517621566541492939e+00
6168,1.0000000963897202055363777617458254098892e+00
6169,1.0000000996858766644237448417698033154011e+00
6170,1.0000001017414519299819630759884603321552e+00
6171,1.0000000995673836712285265093669295310974e+00
6172,1.0000000964666320157903101062402129173279e+00
6173,1.0000000920315397223703257623128592967987e+00
6174,1.0000000863455547062130790436640381813049e+00
6175,1.0000000795818082544030858116457238793373e+00
6176,1.0000000720005017829095095294178463518620e+00
6177,1.0000000639439177163581007334869354963303e+00
6178,1.0000000558218919977093719353433698415756e+00
6179,1.0000000480858974860609578172443434596062e+00
6180,1.0000000411963299029594054445624351501465e+00
6181,1.0000000355861311529537260867073200643063e+00
6182,1.0000000316225265972747138221166096627712e+00
6183,1.0000000295703073138753325110883451998234e+00
6184,1.0000000295701703123540937667712569236755e+00
6185,1.0000000316224482155291752860648557543755e+00
6186,1.0000000355862088685654498476651497185230e+00
6187,1.0000000411965126456692587453289888799191e+00
6188,1.0000000480860260498872094103717245161533e+00
6189,1.0000000558216195489791289219283498823643e+00
6190,1.0000000639443389349736435178783722221851e+00
6191,1.0000000720006541055084881008951924741268e+00
6192,1.0000000795820997989693523777532391250134e+00
6193,1.0000000863457048083660083648283034563065e+00
6194,1.0000000920309157770304864243371412158012e+00
6195,1.0000000964661495128638080132077448070049e+00
6196,1.0000000995672566617145093914587050676346e+00
6197,1.0000000966194610985127155800000764429569e+00
6198,1.0000000924120686640605981665430590510368e+00
6199,1.0000000868026903688701167993713170289993e+00
6200,1.0000000799227195535934242798248305916786e+00
6201,1.0000000720007178323101015848806127905846e+00
6202,1.0000000633612220468648956739343702793121e+00
6203,1.0000000544141629532646220468450337648392e+00
6204,1.0000000456341946453164837294025346636772e+00
6205,1.0000000375262696472589141194475814700127e+00
6206,1.0000000305886644902386706235120072960854e+00
6207,1.0000000252697629488096708882949315011501e+00
6208,1.0000000219250431143791502108797430992126e+00
6209,1.0000000207841535093677975964965298771858e+00
6210,1.0000000219252416222559531888691708445549e+00
6211,1.0000000252700136371686312486417591571808e+00
6212,1.0000000305884266804667959149810485541821e+00
6213,1.0000000375261648422053895046701654791832e+00
6214,1.0000000456342532650921839376678690314293e+00
6215,1.0000000544145446479404881756636314094067e+00
6216,1.0000000633614352096856237039901316165924e+00
6217,1.0000000720006023691155405686004087328911e+00
6218,1.0000000799225774450462722597876563668251e+00
6219,1.0000000868024747635587345939711667597294e+00
6220,1.0000000924117842249216892014374025166035e+00
6221,1.0000000966192303941681984724709764122963e+00
6222,1.0000000930267289867003910330822691321373e+00
6223,1.0000000876917187753178950515575706958771e+00
6224,1.0000000809242872712445659999502822756767e+00
6225,1.0000000729113207587062106540543027222157e+00
6226,1.0000000639442838679116221101139672100544e+00
6227,1.0000000544143403669039571468601934611797e+00
6228,1.0000000447984274121182579619926400482655e+00
6229,1.0000000356266145473682627198286354541779e+00
6230,1.0000000274471032568612827162723988294601e+00
6231,1.0000000207778778626988014366361312568188e+00
6232,1.0000000160600306386982083495240658521652e+00
6233,1.0000000136161126818024058593437075614929e+00
6234,1.0000000136164550745832002576207742094994e+00
6235,1.0000000160600237553154556735535152256489e+00
6236,1.0000000207778341199116312054684385657310e+00
6237,1.0000000274473661576735139533411711454391e+00
6238,1.0000000356269389545360581905697472393513e+00
6239,1.0000000447982648754674528390751220285892e+00
6240,1.0000000544143179403988597186980769038200e+00
6241,1.0000000639439845517841831679106689989567e+00
6242,1.0000000729113753816790222117560915648937e+00
6243,1.0000000809242362009854332427494227886200e+00
6244,1.0000000876910881686399079626426100730896e+00
6245,1.0000000930275574351213663248927332460880e+00
6246,1.0000000889634352851942367124138399958611e+00
6247,1.0000000825280679350726131815463304519653e+00
6248,1.0000000746762767178665853862185031175613e+00
6249,1.0000000656557044287353619438363239169121e+00
6250,1.0000000558219139801252595134428702294827e+00
6251,1.0000000456340476517880233586765825748444e+00
6252,1.0000000356269269641273922388791106641293e+00
6253,1.0000000263756803065007261466234922409058e+00
6254,1.0000000184513462286872709228191524744034e+00
6255,1.0000000123701886511895509102032519876957e+00
6256,1.0000000085437328323223482584580779075623e+00
6257,1.0000000072378962823194115117075853049755e+00
6258,1.0000000085435798435895549118868075311184e+00
6259,1.0000000123699561704881944024236872792244e+00
6260,1.0000000184511594891745289714890532195568e+00
6261,1.0000000263754733609289360174443572759628e+00
6262,1.0000000356266374179625699980533681809902e+00
6263,1.0000000456340774057650833128718659281731e+00
6264,1.0000000558218755664086074830265715718269e+00
6265,1.0000000656553285072192238658317364752293e+00
6266,1.0000000746764976522484857923700474202633e+00
6267,1.0000000825280674909834033314837142825127e+00
6268,1.0000000889631299738624647943652234971523e+00
6269,1.0000000846395538101063493741094134747982e+00
6270,1.0000000771883388317462504346622154116631e+00
6271,1.0000000683869225692745885680778883397579e+00
6272,1.0000000585448607370864237964269705116749e+00
6273,1.0000000480854833728727726338547654449940e+00
6274,1.0000000375262414475940886404714547097683e+00
6275,1.0000000274472449213192248862469568848610e+00
6276,1.0000000184512911616252495150547474622726e+00
6277,1.0000000111108993117170484765665605664253e+00
6278,1.0000000059154932063876231040921993553638e+00
6279,1.0000000032234312996592962008435279130936e+00
6280,1.0000000032233498092892887143534608185291e+00
6281,1.0000000059156282095074175231275148689747e+00
6282,1.0000000111106142064443247363669797778130e+00
6283,1.0000000184510984269081745878793299198151e+00
6284,1.0000000274473561656662923269323073327541e+00
6285,1.0000000375262037000112513851490803062916e+00
6286,1.0000000480859227991459192708134651184082e+00
6287,1.0000000585451500612066411122214049100876e+00
6288,1.0000000683867773521029675976024009287357e+00
6289,1.0000000771885155792517707595834508538246e+00
6290,1.0000000846398440224049863900290802121162e+00
6291,1.0000000802932276222634300211211666464806e+00
6292,1.0000000719663924009239508450264111161232e+00
6293,1.0000000624079998789994760954868979752064e+00
6294,1.0000000519908029961158035803236998617649e+00
6295,1.0000000411965030977512469689827412366867e+00
6296,1.0000000305888960827616074311663396656513e+00
6297,1.0000000207776151839311751245986670255661e+00
6298,1.0000000123701029419720498481183312833309e+00
6299,1.0000000059152629461323158466257154941559e+00
6300,1.0000000018529804357569901185343042016029e+00
6301,1.0000000004659594932121535748592577874660e+00
6302,1.0000000018530206258304815492010675370693e+00
6303,1.0000000059156408660498982499120756983757e+00
6304,1.0000000123700769627532736194552853703499e+00
6305,1.0000000207781067906864791439147666096687e+00
6306,1.0000000305886993512416438534273765981197e+00
6307,1.0000000411966134539198947095428593456745e+00
6308,1.0000000519907963347776558293844573199749e+00
6309,1.0000000624078981825704204311477951705456e+00
6310,1.0000000719666293225174058534321375191212e+00
6311,1.0000000802934161381330113727017305791378e+00
6312,1.0000000761739313848153187791467644274235e+00
6313,1.0000000671662183648891186749096959829330e+00
6314,1.0000000570954146184021738008596003055573e+00
6315,1.0000000463925680094234849093481898307800e+00
6316,1.0000000355860996226198267322615720331669e+00
6317,1.0000000252696530367302329977974295616150e+00
6318,1.0000000160598006004875060170888900756836e+00
6319,1.0000000085437683594591362634673714637756e+00
6320,1.0000000032234968028177490850794129073620e+00
6321,1.0000000004661491193047595515963621437550e+00
6322,1.0000000004659190810940572191611863672733e+00
6323,1.0000000032235971669791751992306672036648e+00
6324,1.0000000085441991259926908242050558328629e+00
6325,1.0000000160600219789586162733030505478382e+00
6326,1.0000000252699952074664224710431881248951e+00
6327,1.0000000355862286305352881754515692591667e+00
6328,1.0000000463933431671392781936447136104107e+00
6329,1.0000000570956559808877273098914884030819e+00
6330,1.0000000671661435358572589393588714301586e+00
6331,1.0000000761741070220978144789114594459534e+00
6332,1.0000000725257769396137064177310094237328e+00
6333,1.0000000630767147402622185836662538349628e+00
6334,1.0000000527786270243524313627858646214008e+00
6335,1.0000000421077670509362178563605993986130e+00
6336,1.0000000316221069329714055129443295300007e+00
6337,1.0000000219253968314347957857535220682621e+00
6338,1.0000000136160209773805718214134685695171e+00
6339,1.0000000072376582505029318781453184783459e+00
6340,1.0000000032235234481703400888363830745220e+00
6341,1.0000000018531971512913969490909948945045e+00
6342,1.0000000032230464963589611215866170823574e+00
6343,1.0000000072376642457072648539906367659569e+00
6344,1.0000000136159570285343534123967401683331e+00
6345,1.0000000219250584354568900380400009453297e+00
6346,1.0000000316223898177980800028308294713497e+00
6347,1.0000000421075143641758131707319989800453e+00
6348,1.0000000527786372384042579142260365188122e+00
6349,1.0000000630769061427116639606538228690624e+00
6350,1.0000000725261051215397856140043586492538e+00
6351,1.0000000695703796793623041594401001930237e+00
6352,1.0000000599535965317699037768761627376080e+00
6353,1.0000000497334096127843849899363704025745e+00
6354,1.0000000394162102956840953993378207087517e+00
6355,1.0000000295701767516476365926791913807392e+00
6356,1.0000000207842612010011862366809509694576e+00
6357,1.0000000136161195651851585353142581880093e+00
6358,1.0000000085436184793508118673344142735004e+00
6359,1.0000000059153388853872002073330804705620e+00
6360,1.0000000059156344267563554240041412413120e+00
6361,1.0000000085438112140678867945098318159580e+00
6362,1.0000000136161901753695246952702291309834e+00
6363,1.0000000207839474519744271674426272511482e+00
6364,1.0000000295703108665890113115892745554447e+00
6365,1.0000000394160295513756864238530397415161e+00
6366,1.0000000497331884563578796587535180151463e+00
6367,1.0000000599538845236224915424827486276627e+00
6368,1.0000000695708437525865974748739972710609e+00
6369,1.0000000674912810083583281084429472684860e+00
6370,1.0000000579954884116773428104352205991745e+00
6371,1.0000000481585280542873306330875493586063e+00
6372,1.0000000384981320156185802261461503803730e+00
6373,1.0000000295701749752907971924287267029285e+00
6374,1.0000000219257760836200077392277307808399e+00
6375,1.0000000160599988863197040700470097362995e+00
6376,1.0000000123698962184448646439705044031143e+00
6377,1.0000000111108837685947037243749946355820e+00
6378,1.0000000123700234500034866869100369513035e+00
6379,1.0000000160598820908575135035789571702480e+00
6380,1.0000000219253835087585002838750369846821e+00
6381,1.0000000295699547070427115613711066544056e+00
6382,1.0000000384980445300442397638107649981976e+00
6383,1.0000000481584059297546218658681027591228e+00
6384,1.0000000579954972934615398116875439882278e+00
6385,1.0000000674913207543426096890470944344997e+00
6386,1.0000000664173949171953381664934568107128e+00
6387,1.0000000573279679283444920656620524823666e+00
6388,1.0000000481584851996785801020450890064240e+00
6389,1.0000000394162289474309091019676998257637e+00
6390,1.0000000316221531182492299194564111530781e+00
6391,1.0000000252698488800717768754111602902412e+00
6392,1.0000000207776140737081504994421266019344e+00
6393,1.0000000184513788692441949024214409291744e+00
6394,1.0000000184512207734854882801300846040249e+00
6395,1.0000000207776906790968496352434158325195e+00
6396,1.0000000252699550173929310403764247894287e+00
6397,1.0000000316225221563826153214904479682446e+00
6398,1.0000000394158898853191885791602544486523e+00
6399,1.0000000481581468037006743543315678834915e+00
6400,1.0000000573283527316448271449189633131027e+00
6401,1.0000000664179795606401057739276438951492e+00
6402,1.0000000664177060016868381353560835123062e+00
6403,1.0000000579952745827228000052855350077152e+00
6404,1.0000000497333048077308603751589544117451e+00
6405,1.0000000421078605317148912945413030683994e+00
6406,1.0000000355862928014261115094996057450771e+00
6407,1.0000000305887821738792808901052922010422e+00
6408,1.0000000274470373096136199819738976657391e+00
6409,1.0000000263752579776621587370755150914192e+00
6410,1.0000000274471441130685889220330864191055e+00
6411,1.0000000305887004614646684785839170217514e+00
6412,1.0000000355863463141758984420448541641235e+00
6413,1.0000000421076837842093709696200676262379e+00
6414,1.0000000497331933413391880094422958791256e+00
6415,1.0000000579953280954725869378307834267616e+00
6416,1.0000000664176598164090137288440018892288e+00
6417,1.0000000674912854492504266090691089630127e+00
6418,1.0000000599537344214695622213184833526611e+00
6419,1.0000000527785617432385834035812877118587e+00
6420,1.0000000463930167615700383976218290627003e+00
6421,1.0000000411964247160057084329309873282909e+00
6422,1.0000000375262818597121849961695261299610e+00
6423,1.0000000356268003987025849710335023701191e+00
6424,1.0000000356266169898589168951730243861675e+00
6425,1.0000000375258475404649516349309124052525e+00
6426,1.0000000411963489987954289972549304366112e+00
6427,1.0000000463929674676677450406714342534542e+00
6428,1.0000000527786894188864152965834364295006e+00
6429,1.0000000599538951817635279439855366945267e+00
6430,1.0000000674910793918570561800152063369751e+00
6431,1.0000000695707322861949251091573387384415e+00
6432,1.0000000630769139142728363367496058344841e+00
6433,1.0000000570955132062067605147603899240494e+00
6434,1.0000000519911991236909898361773230135441e+00
6435,1.0000000480859541074352137002279050648212e+00
6436,1.0000000456343076660203905703383497893810e+00
6437,1.0000000447981698403765449256752617657185e+00
6438,1.0000000456338835608249837605399079620838e+00
6439,1.0000000480855639750643604202196002006531e+00
6440,1.0000000519909393315032275495468638837337e+00
6441,1.0000000570953790912653857958503067493439e+00
6442,1.0000000630768897114108995083370245993137e+00
6443,1.0000000695709883036244036702555604279041e+00
6444,1.0000000725256354972003691727877594530582e+00
6445,1.0000000671660398410267589497379958629608e+00
6446,1.0000000624077376443210596335120499134064e+00
6447,1.0000000585450727896841272013261914253235e+00
6448,1.0000000558219221957756417396012693643570e+00
6449,1.0000000544142464420360738586168736219406e+00
6450,1.0000000544142135794345449539832770824432e+00
6451,1.0000000558219308555152338158222846686840e+00
6452,1.0000000585451918055923670181073248386383e+00
6453,1.0000000624077136635037277301307767629623e+00
6454,1.0000000671656885664617675502086058259010e+00
6455,1.0000000725258535450024055535322986543179e+00
6456,1.0000000761736504983900886145420372486115e+00
6457,1.0000000719666259918483319779625162482262e+00
6458,1.0000000683866632211760361315100453794003e+00
6459,1.0000000656556156108933919313130900263786e+00
6460,1.0000000639437127691877549295895732939243e+00
6461,1.0000000633609664735246269628987647593021e+00
6462,1.0000000639441268823759401129791513085365e+00
6463,1.0000000656555341205233844448230229318142e+00
6464,1.0000000683870737816505425143986940383911e+00
6465,1.0000000719663584280993973152362741529942e+00
6466,1.0000000761740019949996849391027353703976e+00
6467,1.0000000802930877341623272513970732688904e+00
6468,1.0000000771885013683970555575797334313393e+00
6469,1.0000000746764372561159461838542483747005e+00
6470,1.0000000729113383002299997315276414155960e+00
6471,1.0000000720006521071070437756134197115898e+00
6472,1.0000000720008752619349934320780448615551e+00
6473,1.0000000729113633912703562600654549896717e+00
6474,1.0000000746761072978330275873304344713688e+00
6475,1.0000000771883021943864378044963814318180e+00
6476,1.0000000802931310328602876325021497905254e+00
6477,1.0000000846394330178412701570778153836727e+00
6478,1.0000000825281412097922384418779984116554e+00
6479,1.0000000809244864452551837530336342751980e+00
6480,1.0000000799226089753801716142334043979645e+00
6481,1.0000000795820771504196500245598144829273e+00
6482,1.0000000799224342262760956145939417183399e+00
6483,1.0000000809242290955580756417475640773773e+00
6484,1.0000000825278736460433037791517563164234e+00
6485,1.0000000846395851183956438035238534212112e+00
6486,1.0000000889635456413628844529739581048489e+00
6487,1.0000000876915293712698939998517744243145e+00
6488,1.0000000868026774902830311475554481148720e+00
6489,1.0000000863455671407109548454172909259796e+00
6490,1.0000000863455953403757803243934176862240e+00
6491,1.0000000868024569999903405914665199816227e+00
6492,1.0000000876914154623875674587907269597054e+00
6493,1.0000000889635611844852292051655240356922e+00
6494,1.0000000930272348043104102544020861387253e+00
6495,1.0000000924115979294981571001699194312096e+00
6496,1.0000000920312990260185870283748954534531e+00
6497,1.0000000919020350931276652772794477641582e+00
6498,1.0000000920315499364221523137530311942101e+00
6499,1.0000000924119534229106420752941630780697e+00
6500,1.0000000930271217836065034134662710130215e+00
6501,1.0000000966194326768032851759926415979862e+00
6502,1.0000000964670108238863122096518054604530e+00
6503,1.0000000963901154449331443174742162227631e+00
6504,1.0000000963902073713995832804357632994652e+00
6505,1.0000000964664195191033968512783758342266e+00
6506,1.0000000966198385743410881332238204777241e+00
6507,1.0000000995672249093360051119816489517689e+00
6508,1.0000000996859996771348733091144822537899e+00
6509,1.0000000997275111380702128371922299265862e+00
6510,1.0000000996859559343477030779467895627022e+00
6511,1.0000000995665019321023692100425250828266e+00
6512,1.0000001017416806359250358582357876002789e+00
6513,1.0000001019591977513556457779486663639545e+00
6514,1.0000001019589304096513160402537323534489e+00
6515,1.0000001017419410942466129199601709842682e+00
6516,1.0000001030642318156083092617336660623550e+00
6517,1.0000001032309411286291833675932139158249e+00
6518,1.0000001030642713395479859173065051436424e+00
6519,1.0000001035015189110310984688112512230873e+00
6520,1.0000001035008516669932987497304566204548e+00
6521,1.0000001030633756116117183410096913576126e+00
6522,1.0000001030634482201975288262474350631237e+00
6523,1.0000001035011705230459710946888662874699e+00
6524,1.0000001030639262822319324186537414789200e+00
6525,1.0000001017418820303817028616322204470634e+00
6526,1.0000000995668856251796796641428954899311e+00
6527,1.0000000966193371976231674125301651656628e+00
6528,1.0000000930269727916765987174585461616516e+00
6529,1.0000000889637308265633919290849007666111e+00
6530,1.0000000846392900211156984369154088199139e+00
6531,1.0000000802929627230497544587706215679646e+00
6532,1.0000000761739120669346903014229610562325e+00
6533,1.0000000725258899603176132586668245494366e+00
6534,1.0000000695704183151235611148877069354057e+00
6535,1.0000000674911460052385336894076317548752e+00
6536,1.0000000664174160114328060444677248597145e+00
6537,1.0000000664172927766770726520917378365993e+00
6538,1.0000000674911673215206064924132078886032e+00
6539,1.0000000695705846265326499633374623954296e+00
6540,1.0000000725258102463044451724272221326828e+00
6541,1.0000000761736642651555939664831385016441e+00
6542,1.0000000802930930632328454521484673023224e+00
6543,1.0000000846394438980269114836119115352631e+00
6544,1.0000000889636488921041745925322175025940e+00
6545,1.0000000930272843202573085363837890326977e+00
6546,1.0000000966193260953929211609647609293461e+00
6547,1.0000000995668831826890254887985065579414e+00
6548,1.0000001017418864712738013622583821415901e+00
6549,1.0000001030641589849778938514646142721176e+00
6550,1.0000001035010976924155556844198144972324e+00
6551,1.0000001030632288401278628953150473535061e+00
6552,1.0000001035005492422413908570888452231884e+00
6553,1.0000001032308392101555227782228030264378e+00
6554,1.0000001019593072193458738183835521340370e+00
6555,1.0000000996864382152296002459479495882988e+00
6556,1.0000000964667317138179214452975429594517e+00
6557,1.0000000924119090139896570690325461328030e+00
6558,1.0000000876917496395179796309093944728374e+00
6559,1.0000000825283035243984386397642083466053e+00
6560,1.0000000771885206862776840353035368025303e+00
6561,1.0000000719666157777965054265223443508148e+00
6562,1.0000000671658253459384013694943860173225e+00
6563,1.0000000630767000853182935315999202430248e+00
6564,1.0000000599535490142244498201762326061726e+00
6565,1.0000000579952508239500730269355699419975e+00
6566,1.0000000573281886406817875467822887003422e+00
6567,1.0000000579953847168468428208143450319767e+00
6568,1.0000000599535443512877463945187628269196e+00
6569,1.0000000630768286491445451247273012995720e+00
6570,1.0000000671660389528483392496127635240555e+00
6571,1.0000000719663904025225065197446383535862e+00
6572,1.0000000771880950267700427502859383821487e+00
6573,1.0000000825278776428461924297153018414974e+00
6574,1.0000000876919237224882408554549328982830e+00
6575,1.0000000924120191481136998845613561570644e+00
6576,1.0000000964669188974198732466902583837509e+00
6577,1.0000000996864133462338486424414440989494e+00
6578,1.0000001019590545325854691327549517154694e+00
6579,1.0000001032308116766245120743406005203724e+00
6580,1.0000001035010075423059561217087320983410e+00
6581,1.0000001030641481047922525249305181205273e+00
6582,1.0000001019593700579690676022437401115894e+00
6583,1.0000000997273885694482942199101671576500e+00
6584,1.0000000963898296735266058021807111799717e+00
6585,1.0000000920314702224089842275134287774563e+00
6586,1.0000000868026484024397859684540890157223e+00
6587,1.0000000809241504917679321806645020842552e+00
6588,1.0000000746762964798364237140049226582050e+00
6589,1.0000000683867227291301560399006120860577e+00
6590,1.0000000624080149780326109976158477365971e+00
6591,1.0000000570952691791859479053528048098087e+00
6592,1.0000000527783885484467418791609816253185e+00
6593,1.0000000497333187965409706521313637495041e+00
6594,1.0000000481587640877023659413680434226990e+00
6595,1.0000000481585049616484184298315085470676e+00
6596,1.0000000497333656479526098337373696267605e+00
6597,1.0000000527786059301149634848115965723991e+00
6598,1.0000000570954572509663194068707525730133e+00
6599,1.0000000624079576905245403395383618772030e+00
6600,1.0000000683869290085681313939858227968216e+00
6601,1.0000000746763177961184965170104987919331e+00
6602,1.0000000809245082056264664061018265783787e+00
6603,1.0000000868026548417333287943620234727859e+00
6604,1.0000000920314384700304799480363726615906e+00
6605,1.0000000963899027262016261374810710549355e+00
6606,1.0000000997274014480353798717260360717773e+00
6607,1.0000001019595659013106114798574708402157e+00
6608,1.0000001030638654420101829600753262639046e+00
6609,1.0000001017420023785575722286012023687363e+00
6610,1.0000000996860640700703015681938268244267e+00
6611,1.0000000963903243889063787719351239502430e+00
6612,1.0000000919018408040983558748848736286163e+00
6613,1.0000000863455198452101058137486688792706e+00
6614,1.0000000799228636605420206251437775790691e+00
6615,1.0000000729112690223132631217595189809799e+00
6616,1.0000000656555685374371478246757760643959e+00
6617,1.0000000585450707912826828760444186627865e+00
6618,1.0000000519911884655499534346745349466801e+00
6619,1.0000000463930023286707182705868035554886e+00
6620,1.0000000421077617218656996556092053651810e+00
6621,1.0000000394162098515948855492752045392990e+00
6622,1.0000000384980984868832365464186295866966e+00
6623,1.0000000394161774330825664947042241692543e+00
6624,1.0000000421078318879608559655025601387024e+00
6625,1.0000000463932439132008767046499997377396e+00
6626,1.0000000519908849305750209168763831257820e+00
6627,1.0000000585450159462652663933113217353821e+00
6628,1.0000000656557073153152259692433290183544e+00
6629,1.0000000729115401387758765849866904318333e+00
6630,1.0000000799229866732531490924884565174580e+00
6631,1.0000000863457938482525833023828454315662e+00
6632,1.0000000919023062095902787405066192150116e+00
6633,1.0000000963902873074573562917066738009453e+00
6634,1.0000000996865934244084428428323008120060e+00
6635,1.0000001017421391580342060478869825601578e+00
6636,1.0000000995669391379294665966881439089775e+00
6637,1.0000000964666744263098507872200571000576e+00
6638,1.0000000920310330165818868408678099513054e+00
6639,1.0000000863457274569157107180217280983925e+00
6640,1.0000000795817849397195686833583749830723e+00
6641,1.0000000720004538212748457226553000509739e+00
6642,1.0000000639440109750921692466363310813904e+00
6643,1.0000000558218651303121760065550915896893e+00
6644,1.0000000480858528550953678859514184296131e+00
6645,1.0000000411964229396488690326805226504803e+00
6646,1.0000000355861362599796393624274060130119e+00
6647,1.0000000316218624618613830534741282463074e+00
6648,1.0000000295701627628375263157067820429802e+00
6649,1.0000000295703819208625873216078616678715e+00
6650,1.0000000316220718499238273579976521432400e+00
6651,1.0000000355863596368521939439233392477036e+00
6652,1.0000000411961511570524407943594269454479e+00
6653,1.0000000480858077800405681045958772301674e+00
6654,1.0000000558217083668210989344515837728977e+00
6655,1.0000000639440584926376232033362612128258e+00
6656,1.0000000720007979904124795211828313767910e+00
6657,1.0000000795821910593019765656208619475365e+00
6658,1.0000000863459761468732267530867829918861e+00
6659,1.0000000920311780117089028863119892776012e+00
6660,1.0000000964664654823366163327591493725777e+00
6661,1.0000000995669764414230940019479021430016e+00
6662,1.0000000966196036511490774500998668372631e+00
6663,1.0000000924122034451357876605470664799213e+00
6664,1.0000000868022469457940815118490718305111e+00
6665,1.0000000799224737502157722701667807996273e+00
6666,1.0000000720005024490433243045117706060410e+00
6667,1.0000000633611725309179973919526673853397e+00
6668,1.0000000544144731495777023155824281275272e+00
6669,1.0000000456344089183602363846148364245892e+00
6670,1.0000000375263584651008841319708153605461e+00
6671,1.0000000305889222840249885848606936633587e+00
6672,1.0000000252702245795433100283844396471977e+00
6673,1.0000000219255538169704777828883379697800e+00
6674,1.0000000207839825350220053223893046379089e+00
6675,1.0000000219255551492381073330761864781380e+00
6676,1.0000000252702436753793335810769349336624e+00
6677,1.0000000305889074070364586077630519866943e+00
6678,1.0000000375265709617877973869326524436474e+00
6679,1.0000000456341611165811400496750138700008e+00
6680,1.0000000544144282965675074592581950128078e+00
6681,1.0000000633613466138882586164982058107853e+00
6682,1.0000000720007351517892857373226433992386e+00
6683,1.0000000799226540504349713955889455974102e+00
6684,1.0000000868023830591369005560409277677536e+00
6685,1.0000000924120064915712191577767953276634e+00
6686,1.0000000966197908347510292514925822615623e+00
6687,1.0000000930273180710372571411426179111004e+00
6688,1.0000000876913321956607205720501951873302e+00
6689,1.0000000809239395493932534009218215942383e+00
6690,1.0000000729113716069207384862238541245461e+00
6691,1.0000000639439898808547013686620630323887e+00
6692,1.0000000544144527214740492127020843327045e+00
6693,1.0000000447985124552019442489836364984512e+00
6694,1.0000000356266260936877188214566558599472e+00
6695,1.0000000274470357553013855067547410726547e+00
6696,1.0000000207774200067234460220788605511189e+00
6697,1.0000000160599973320074695948278531432152e+00
6698,1.0000000136161013575275546827469952404499e+00
6699,1.0000000136160636099447174274246208369732e+00
6700,1.0000000160600395204824053507763892412186e+00
6701,1.0000000207774855098818989063147455453873e+00
6702,1.0000000274472924388646788429468870162964e+00
6703,1.0000000356267260137599350855452939867973e+00
6704,1.0000000447984580542737376163131557404995e+00
6705,1.0000000544143916592076948290923610329628e+00
6706,1.0000000639441519734162966415169648826122e+00
6707,1.0000000729114890685167438277858309447765e+00
6708,1.0000000809239839583142384071834385395050e+00
6709,1.0000000876913930358824700306286104023457e+00
6710,1.0000000930274324240087935322662815451622e+00
6711,1.0000000889637228329576146279578097164631e+00
6712,1.0000000825283532623899418467772193253040e+00
6713,1.0000000746763901826597020772169344127178e+00
6714,1.0000000656553338362897420665831305086613e+00
6715,1.0000000558218473667437820040504448115826e+00
6716,1.0000000456345246035994023259263485670090e+00
6717,1.0000000356268092804867819722858257591724e+00
6718,1.0000000263752182316778771564713679254055e+00
6719,1.0000000184512352063848084071651101112366e+00
6720,1.0000000123701089371763828239636495709419e+00
6721,1.0000000085437403818389157095225527882576e+00
6722,1.0000000072374513049311417489661835134029e+00
6723,1.0000000085437164010215838061412796378136e+00
6724,1.0000000123699990250969449334661476314068e+00
6725,1.0000000184512716217000161122996360063553e+00
6726,1.0000000263755206564297850491129793226719e+00
6727,1.0000000356268710088869511309894733130932e+00
6728,1.0000000456343913768364473071414977312088e+00
6729,1.0000000558218706814272991323377937078476e+00
6730,1.0000000656553726940956039470620453357697e+00
6731,1.0000000746764392545173905091360211372375e+00
6732,1.0000000825281496474872255930677056312561e+00
6733,1.0000000889637359335893052048049867153168e+00
6734,1.0000000846397472109572390763787552714348e+00
6735,1.0000000771883481576196572859771549701691e+00
6736,1.0000000683869105788659226163872517645359e+00
6737,1.0000000585450474765991657477570697665215e+00
6738,1.0000000480857886842045445519033819437027e+00
6739,1.0000000375259170404262931697303429245949e+00
6740,1.0000000274471139150023191177751868963242e+00
6741,1.0000000184516195655959336363594047725201e+00
6742,1.0000000111109632605632668855832889676094e+00
6743,1.0000000059153510978404710840550251305103e+00
6744,1.0000000032234002134146066964603960514069e+00
6745,1.0000000032231814994787555406219325959682e+00
6746,1.0000000059153939524492216150974854826927e+00
6747,1.0000000111108808820148396989679895341396e+00
6748,1.0000000184510662304404604583396576344967e+00
6749,1.0000000274470619565647666604490950703621e+00
6750,1.0000000375260340579330886612297035753727e+00
6751,1.0000000480857904605613839521538466215134e+00
6752,1.0000000585449118073455565536278299987316e+00
6753,1.0000000683868539574916667334036901593208e+00
6754,1.0000000771884081096629870444303378462791e+00
6755,1.0000000846394914155723654403118416666985e+00
6756,1.0000000802929644994065938590210862457752e+00
6757,1.0000000719664074999570857471553608775139e+00
6758,1.0000000624076581523524964723037555813789e+00
6759,1.0000000519908962548498720934730954468250e+00
6760,1.0000000411963245738888872438110411167145e+00
6761,1.0000000305887515317238012357847765088081e+00
6762,1.0000000207773649396614246143144555389881e+00
6763,1.0000000123699872567328839068068191409111e+00
6764,1.0000000059155289555690160341328009963036e+00
6765,1.0000000018531196577242781131644733250141e+00
6766,1.0000000004660538621692467131651937961578e+00
6767,1.0000000018532804180182438358315266668797e+00
6768,1.0000000059155096376883875564089976251125e+00
6769,1.0000000123702013077320316369878128170967e+00
6770,1.0000000207777237637429834649083204567432e+00
6771,1.0000000305890590635016224041464738547802e+00
6772,1.0000000411963116953018015919951722025871e+00
6773,1.0000000519908920360023785178782418370247e+00
6774,1.0000000624077960420521549167460761964321e+00
6775,1.0000000719665862458640503973583690822124e+00
6776,1.0000000802930106846844182655331678688526e+00
6777,1.0000000761737042331844804721185937523842e+00
6778,1.0000000671659210471631240579881705343723e+00
6779,1.0000000570953826439790645963512361049652e+00
6780,1.0000000463929581417943381893564946949482e+00
6781,1.0000000355860960699061479317606426775455e+00
6782,1.0000000252698211244961612464976496994495e+00
6783,1.0000000160598814247236987284850329160690e+00
6784,1.0000000085438649488622786520863883197308e+00
6785,1.0000000032234390712204685769393108785152e+00
6786,1.0000000004661868668875968069187365472317e+00
6787,1.0000000004660032359993238060269504785538e+00
6788,1.0000000032234874769443422337644733488560e+00
6789,1.0000000085438611741039949265541508793831e+00
6790,1.0000000160598714327164771020761691033840e+00
6791,1.0000000252697645031219053635140880942345e+00
6792,1.0000000355864284706797207036288455128670e+00
6793,1.0000000463928997440632429061224684119225e+00
6794,1.0000000570954841183635153356590308248997e+00
6795,1.0000000671656976702905694764922372996807e+00
6796,1.0000000761740002186428455388522706925869e+00
6797,1.0000000725257471856366464635357260704041e+00
6798,1.0000000630767302833845633358578197658062e+00
6799,1.0000000527786701010057868188596330583096e+00
6800,1.0000000421077224199706279250676743686199e+00
6801,1.0000000316220591933813466312130913138390e+00
6802,1.0000000219248532662419393091113306581974e+00
6803,1.0000000136160775987548277043970301747322e+00
6804,1.0000000072378798510186470593907870352268e+00
6805,1.0000000032235782931877565715694800019264e+00
6806,1.0000000018532484435951346313231624662876e+00
6807,1.0000000032235418778725488664349541068077e+00
6808,1.0000000072378798510186470593907870352268e+00
6809,1.0000000136160596131418287768610753118992e+00
6810,1.0000000219254054911743878619745373725891e+00
6811,1.0000000316225672314374151028459891676903e+00
6812,1.0000000421078765189264458967954851686954e+00
6813,1.0000000527786392368057022395078092813492e+00
6814,1.0000000630766339160260258722701109945774e+00
6815,1.0000000725257223166408948600292205810547e+00
6816,1.0000000695708892717306071062921546399593e+00
6817,1.0000000599536580381254680105485022068024e+00
6818,1.0000000497332421911522715163300745189190e+00
6819,1.0000000394159727079568256158381700515747e+00
6820,1.0000000295704911668082104370114393532276e+00
6821,1.0000000207841384103346626943675801157951e+00
6822,1.0000000136161519836974775898852385580540e+00
6823,1.0000000085438713881558214779943227767944e+00
6824,1.0000000059155418341561016859486699104309e+00
6825,1.0000000059155489395834592869505286216736e+00
6826,1.0000000085438927044378942809998989105225e+00
6827,1.0000000136162079389379186977748759090900e+00
6828,1.0000000207841273081044164428021758794785e+00
6829,1.0000000295702844432810252328636124730110e+00
6830,1.0000000394159727079568256158381700515747e+00
6831,1.0000000497332888205193057729047723114491e+00
6832,1.0000000599538769741059240914182737469673e+00
6833,1.0000000695710791198678180080605670809746e+00
6834,1.0000000674907596476259641349315643310547e+00
6835,1.0000000579951284773727593346848152577877e+00
6836,1.0000000481582345113196197416982613503933e+00
6837,1.0000000384982821177715095473104156553745e+00
6838,1.0000000295700561814271623006789013743401e+00
6839,1.0000000219252884736675923704751767218113e+00
6840,1.0000000160600512888464663774357177317142e+00
6841,1.0000000123699426257672939755138941109180e+00
6842,1.0000000111110967093708268293994478881359e+00
6843,1.0000000123700236720480916119413450360298e+00
6844,1.0000000160598341292228496968164108693600e+00
6845,1.0000000219253060151913814479485154151917e+00
6846,1.0000000295702888841731237334897741675377e+00
6847,1.0000000384981952983309838600689545273781e+00
6848,1.0000000481583000144780726259341463446617e+00
6849,1.0000000579951948687096319190459325909615e+00
6850,1.0000000674910383136051450492232106626034e+00
6851,1.0000000664178414488958424044540151953697e+00
6852,1.0000000573281335736197661390178836882114e+00
6853,1.0000000481584880862584441274520941078663e+00
6854,1.0000000394161705496998138187336735427380e+00
6855,1.0000000316224033625189804297406226396561e+00
6856,1.0000000252700327330046548013342544436455e+00
6857,1.0000000207778121374957436273689381778240e+00
6858,1.0000000184512849443763116141781210899353e+00
6859,1.0000000184516160128822548358584754168987e+00
6860,1.0000000207777710592438324965769425034523e+00
6861,1.0000000252701015668321815610397607088089e+00
6862,1.0000000316223762730771795759210363030434e+00
6863,1.0000000394162864569835846850764937698841e+00
6864,1.0000000481587543177397492399904876947403e+00
6865,1.0000000573281098148470391606679186224937e+00
6866,1.0000000664178576581520019317395053803921e+00
6867,1.0000000664178207987475843765423633158207e+00
6868,1.0000000579951058288230569814913906157017e+00
6869,1.0000000497331369420095370514900423586369e+00
6870,1.0000000421074752843253463652217760682106e+00
6871,1.0000000355861822232128588439081795513630e+00
6872,1.0000000305888010476706995177664794027805e+00
6873,1.0000000274470866035159133389242924749851e+00
6874,1.0000000263752288898189135579741559922695e+00
6875,1.0000000274470857153374936387990601360798e+00
6876,1.0000000305884146900581299632904119789600e+00
6877,1.0000000355861873302387721196282655000687e+00
6878,1.0000000421074983769642585684778168797493e+00
6879,1.0000000497331849036442008582525886595249e+00
6880,1.0000000579953902679619659465970471501350e+00
6881,1.0000000664177772780050190704059787094593e+00
6882,1.0000000674912123965754062737687490880489e+00
6883,1.0000000599536369438880001325742341578007e+00
6884,1.0000000527783741155474217521259561181068e+00
6885,1.0000000463930631688924677291652187705040e+00
6886,1.0000000411964191648905853071482852101326e+00
6887,1.0000000375263444762907738549984060227871e+00
6888,1.0000000356269371781792187903192825615406e+00
6889,1.0000000356269538315245881676673889160156e+00
6890,1.0000000375262052543234858603682368993759e+00
6891,1.0000000411964895530303465420729480683804e+00
6892,1.0000000463928517824285790993599221110344e+00
6893,1.0000000527785517512313617771724238991737e+00
6894,1.0000000599536196244088159801322035491467e+00
6895,1.0000000674913096521123634374816901981831e+00
6896,1.0000000695709290177148886868963018059731e+00
6897,1.0000000630764962483709723528590984642506e+00
6898,1.0000000570954077350194211248890496790409e+00
6899,1.0000000519907623619531022995943203568459e+00
6900,1.0000000480857431650605349204852245748043e+00
6901,1.0000000456343003385484280443051829934120e+00
6902,1.0000000447984851437155384701327420771122e+00
6903,1.0000000456340738530514045123709365725517e+00
6904,1.0000000480859081442019942187471315264702e+00
6905,1.0000000519907799034768913770676590502262e+00
6906,1.0000000570954654666167016330291517078876e+00
6907,1.0000000630765011333522807035478763282299e+00
6908,1.0000000695709174713954325852682814002037e+00
6909,1.0000000725261923850695211513084359467030e+00
6910,1.0000000671659068363084088559844531118870e+00
6911,1.0000000624076008648444258142262697219849e+00
6912,1.0000000585449149159700255040661431849003e+00
6913,1.0000000558220649704566085347323678433895e+00
6914,1.0000000544146376846299517637817189097404e+00
6915,1.0000000544143452518852654975489713251591e+00
6916,1.0000000558221531221647637721616774797440e+00
6917,1.0000000585451884749232931426377035677433e+00
6918,1.0000000624076519351035585714271292090416e+00
6919,1.0000000671660769224757814299664460122585e+00
6920,1.0000000725260123068949269509175792336464e+00
6921,1.0000000761738723209504087208188138902187e+00
6922,1.0000000719663137971338073839433491230011e+00
6923,1.0000000683865934991700896716793067753315e+00
6924,1.0000000656553986733143801757250912487507e+00
6925,1.0000000639443149541563116144970990717411e+00
6926,1.0000000633614924971936943620676174759865e+00
6927,1.0000000639440518312994754523970186710358e+00
6928,1.0000000656556471412272912857588380575180e+00
6929,1.0000000683865639672376346425153315067291e+00
6930,1.0000000719666248816253073528059758245945e+00
6931,1.0000000761741727473008722881786525249481e+00
6932,1.0000000802934636556784653294016607105732e+00
6933,1.0000000771888351014382578796357847750187e+00
6934,1.0000000746766759540662405925104394555092e+00
6935,1.0000000729110491981543873407645151019096e+00
6936,1.0000000720004098564430705664562992751598e+00
6937,1.0000000720003503484889506580657325685024e+00
6938,1.0000000729109135289007781466352753341198e+00
6939,1.0000000746763770820280115003697574138641e+00
6940,1.0000000771886883299544024339411407709122e+00
6941,1.0000000802934636556784653294016607105732e+00
6942,1.0000000846392931297401673873537220060825e+00
6943,1.0000000825281214478224001140915788710117e+00
6944,1.0000000809243516641799942590296268463135e+00
6945,1.0000000799224950664978450731723569333553e+00
6946,1.0000000795818255738822699640877544879913e+00
6947,1.0000000799224788572416855458868667483330e+00
6948,1.0000000809242233223983475909335538744926e+00
6949,1.0000000825279633520636934918002225458622e+00
6950,1.0000000846394190290311598801054060459137e+00
6951,1.0000000889633056111449604941299185156822e+00
6952,1.0000000876914945102669207699364051222801e+00
6953,1.0000000868024341293960333132417872548103e+00
6954,1.0000000863454987509726379357744008302689e+00
6955,1.0000000863454696631293927566730417311192e+00
6956,1.0000000868023422029295943502802401781082e+00
6957,1.0000000876912327196777141580241732299328e+00
6958,1.0000000889633260392486135970102623105049e+00
6959,1.0000000930271342181043792152195237576962e+00
6960,1.0000000924120064915712191577767953276634e+00
6961,1.0000000920306646445823162139276973903179e+00
6962,1.0000000919020903822342916100751608610153e+00
6963,1.0000000920306408858095892355777323246002e+00
6964,1.0000000924118621625780178874265402555466e+00
6965,1.0000000930272985311120237383875064551830e+00
6966,1.0000000966195143892178975875140167772770e+00
6967,1.0000000964669637504300681030144914984703e+00
6968,1.0000000963903443729208220247528515756130e+00
6969,1.0000000963899269290635629658936522901058e+00
6970,1.0000000964669526481998218514490872621536e+00
6971,1.0000000966195161655747369877644814550877e+00
6972,1.0000000995669804382259826525114476680756e+00
6973,1.0000000996863989133345285154064185917377e+00
6974,1.0000000997273339464754826622083783149719e+00
6975,1.0000000996861511115554321804665960371494e+00
6976,1.0000000995667699399405137228313833475113e+00
6977,1.0000001017418542748060872327187098562717e+00
6978,1.0000001019591779893858074501622468233109e+00
6979,1.0000001019588771189461340327397920191288e+00
6980,1.0000001017421438209709094735444523394108e+00
6981,1.0000001030639955601486690284218639135361e+00
6982,1.0000001032316900850815954981953836977482e+00
6983,1.0000001030641720856095844283117912709713e+00
6984,1.0000001035011301109278747389907948672771e+00
6985,1.0000001035009549177345888892887160181999e+00
6986,1.0000001030632639231754410502617247402668e+00
6987,1.0000001030635365939502889887080527842045e+00
6988,1.0000001035009031813416413569939322769642e+00
6989,1.0000001030636089804914945489144884049892e+00
6990,1.0000001017421011884067638675333000719547e+00
6991,1.0000000995671529668840094018378295004368e+00
6992,1.0000000966193400842030314379371702671051e+00
6993,1.0000000930272252563923984780558384954929e+00
6994,1.0000000889635911605068940843921154737473e+00
6995,1.0000000846395038500702412420650944113731e+00
6996,1.0000000802932353938246023972169496119022e+00
6997,1.0000000761738863097605189977912232279778e+00
6998,1.0000000725257829348180393935763277113438e+00
6999,1.0000000695706847686494711524574086070061e+00
7000,1.0000000674911748710371739434776827692986e+00
7001,1.0000000664174646392012846263241954147816e+00
7002,1.0000000664174193421018799199373461306095e+00
7003,1.0000000674914366616263805553899146616459e+00
7004,1.0000000695708288755980674977763555943966e+00
7005,1.0000000725261106726549087397870607674122e+00
7006,1.0000000761739635812830329086864367127419e+00
7007,1.0000000802931006127494129032129421830177e+00
7008,1.0000000846394421216700720833614468574524e+00
7009,1.0000000889630280553888042049948126077652e+00
7010,1.0000000930273706956086243735626339912415e+00
7011,1.0000000966196893603665785121847875416279e+00
7012,1.0000000995670534909010029878118075430393e+00
7013,1.0000001017419146709386268412345089018345e+00
7014,1.0000001030639160681801058672135695815086e+00
7015,1.0000001035012171524130053512635640799999e+00
7016,1.0000001030636362919779003277653828263283e+00
7017,1.0000001035007182181857388059142976999283e+00
7018,1.0000001032315111171300259229610674083233e+00
7019,1.0000001019592652529155429874663241207600e+00
7020,1.0000000996864506497274760477012023329735e+00
7021,1.0000000964664172986573476009652949869633e+00
7022,1.0000000924120471257339204385061748325825e+00
7023,1.0000000876915349223850171256344765424728e+00
7024,1.0000000825278321237021827982971444725990e+00
7025,1.0000000771881960570652836395311169326305e+00
7026,1.0000000719666606308067002828465774655342e+00
7027,1.0000000671659325934825801596161909401417e+00
7028,1.0000000630767993392566950205946341156960e+00
7029,1.0000000599538143575273352325893938541412e+00
7030,1.0000000579956098700762368025607429444790e+00
7031,1.0000000573282938898245220116223208606243e+00
7032,1.0000000579951520141008813880034722387791e+00
7033,1.0000000599535459055999808697379194200039e+00
7034,1.0000000630764618314572089730063453316689e+00
7035,1.0000000671658715312162257760064676403999e+00
7036,1.0000000719665007586911542603047564625740e+00
7037,1.0000000771883643668758168132626451551914e+00
7038,1.0000000825283283933941902432707138359547e+00
7039,1.0000000876914707514941937915864400565624e+00
7040,1.0000000924119643030962834018282592296600e+00
7041,1.0000000964666861946739118138793855905533e+00
7042,1.0000000996863442903617169577046297490597e+00
7043,1.0000001019591502338101918212487362325191e+00
7044,1.0000001032312184623407347316970117390156e+00
7045,1.0000001035009806749087601929204538464546e+00
7046,1.0000001030639718013759420500718988478184e+00
7047,1.0000001019595219364788363236584700644016e+00
7048,1.0000000997275004799291764356894418597221e+00
7049,1.0000000963904525086434205149998888373375e+00
7050,1.0000000920313056873567347793141379952431e+00
7051,1.0000000868021694522269626759225502610207e+00
7052,1.0000000809242222121753229657770134508610e+00
7053,1.0000000746766262160747373854974284768105e+00
7054,1.0000000683866878681271828099852427840233e+00
7055,1.0000000624081997191439086236641742289066e+00
7056,1.0000000570956755208129607126465998589993e+00
7057,1.0000000527788017734565073624253273010254e+00
7058,1.0000000497333252358345134780392982065678e+00
7059,1.0000000481582589362261614951421506702900e+00
7060,1.0000000481584387923561507705016992986202e+00
7061,1.0000000497330947535346012955415062606335e+00
7062,1.0000000527784156378885427329805679619312e+00
7063,1.0000000570954445944238386800861917436123e+00
7064,1.0000000624078435595976088734460063278675e+00
7065,1.0000000683866412387601485534105449914932e+00
7066,1.0000000746766881665195114692323841154575e+00
7067,1.0000000809244706800882340758107602596283e+00
7068,1.0000000868023848354937399562913924455643e+00
7069,1.0000000920311082897029564264812506735325e+00
7070,1.0000000963900848027776646631537005305290e+00
7071,1.0000000997274651748369933557114563882351e+00
7072,1.0000001019588424799877657278557308018208e+00
7073,1.0000001030634793064422183306305669248104e+00
7074,1.0000001017415687254441536424565128982067e+00
7075,1.0000000996864017999143925408134236931801e+00
7076,1.0000000963902482276068894861964508891106e+00
7077,1.0000000919020008982585068224580027163029e+00
7078,1.0000000863456111055427300016162917017937e+00
7079,1.0000000799223136560556213225936517119408e+00
7080,1.0000000729113747155452074366621673107147e+00
7081,1.0000000656556613520820064877625554800034e+00
7082,1.0000000585450823376021389776724390685558e+00
7083,1.0000000519908491813936279868357814848423e+00
7084,1.0000000463928788718703799531795084476471e+00
7085,1.0000000421077785972556739579886198043823e+00
7086,1.0000000394161816519300600702990777790546e+00
7087,1.0000000384980738399320898679434321820736e+00
7088,1.0000000394160590833081414530170150101185e+00
7089,1.0000000421077634982225390558596700429916e+00
7090,1.0000000463931801863992632206645794212818e+00
7091,1.0000000519911289575958335262839682400227e+00
7092,1.0000000585450641299445351251051761209965e+00
7093,1.0000000656555054767693491157842800021172e+00
7094,1.0000000729115954278825029177824035286903e+00
7095,1.0000000799227917180900249149999581277370e+00
7096,1.0000000863456464106349130815942771732807e+00
7097,1.0000000919021003742415132364840246737003e+00
7098,1.0000000963901780615117331763030961155891e+00
7099,1.0000000996859339519318154998472891747952e+00
7100,1.0000001017420203641705711561371572315693e+00
7101,1.0000000995671600723113670028396882116795e+00
7102,1.0000000964664892411093433111091144382954e+00
7103,1.0000000920307516860674468262004666030407e+00
7104,1.0000000863459017619305768675985746085644e+00
7105,1.0000000795817916010577164342976175248623e+00
7106,1.0000000720006061438738242941326461732388e+00
7107,1.0000000639438246796686371453688479959965e+00
7108,1.0000000558218380408703751527355052530766e+00
7109,1.0000000480857687001901012990856543183327e+00
7110,1.0000000411961049717746163878473453223705e+00
7111,1.0000000355860854117651115302578546106815e+00
7112,1.0000000316225283736315532223670743405819e+00
7113,1.0000000295705830932746493999729864299297e+00
7114,1.0000000295702275998621644248487427830696e+00
7115,1.0000000316224506580198294614092446863651e+00
7116,1.0000000355863838397141307723359204828739e+00
7117,1.0000000411963445579033304966287687420845e+00
7118,1.0000000480858457496680102849495597183704e+00
7119,1.0000000558219519497527016937965527176857e+00
7120,1.0000000639440440597383030763012357056141e+00
7121,1.0000000720008717092213146315771155059338e+00
7122,1.0000000795823622556923737647593952715397e+00
7123,1.0000000863459022060197867176611907780170e+00
7124,1.0000000920312306362802701187320053577423e+00
7125,1.0000000964669295555609096481930464506149e+00
7126,1.0000000995670588199715211885632015764713e+00
7127,1.0000000966196649354600367587408982217312e+00
7128,1.0000000924118972456255960423732176423073e+00
7129,1.0000000868025846756381724844686686992645e+00
7130,1.0000000799227508618827187092392705380917e+00
7131,1.0000000720004680321295609246590174734592e+00
7132,1.0000000633611669798028742661699652671814e+00
7133,1.0000000544147025216545898729236796498299e+00
7134,1.0000000456341660015624484003637917339802e+00
7135,1.0000000375264308516420896921772509813309e+00
7136,1.0000000305888623319816588264075107872486e+00
7137,1.0000000252700431691010862778057344257832e+00
7138,1.0000000219252229705091394862392917275429e+00
7139,1.0000000207841639454642290729680098593235e+00
7140,1.0000000219253506461569713792414404451847e+00
7141,1.0000000252697569536053379124496132135391e+00
7142,1.0000000305886658225063001736998558044434e+00
7143,1.0000000375262212415350404626224189996719e+00
7144,1.0000000456344444454970243896241299808025e+00
7145,1.0000000544145677405794003789196722209454e+00
7146,1.0000000633615431233636172692058607935905e+00
7147,1.0000000720007842236469741692417301237583e+00
7148,1.0000000799223465186571502272272482514381e+00
7149,1.0000000868024283562363052624277770519257e+00
7150,1.0000000924117935507950960527523420751095e+00
7151,1.0000000966197821750114371752715669572353e+00
7152,1.0000000930271510934943535175989381968975e+00
7153,1.0000000876913528458089785999618470668793e+00
7154,1.0000000809242104438112619391176849603653e+00
7155,1.0000000729115821052062074159039184451103e+00
7156,1.0000000639440937977298062833142466843128e+00
7157,1.0000000544146130376788050853065215051174e+00
7158,1.0000000447985291085473136263317428529263e+00
7159,1.0000000356264953094154179780161939561367e+00
7160,1.0000000274471789740715621519484557211399e+00
7161,1.0000000207778569905059384836931712925434e+00
7162,1.0000000160599487042389910129713825881481e+00
7163,1.0000000136162869868172720089205540716648e+00
7164,1.0000000136160382968597559738554991781712e+00
7165,1.0000000160597557474773111607646569609642e+00
7166,1.0000000207779196070845273425220511853695e+00
7167,1.0000000274471048111735171914915554225445e+00
7168,1.0000000356269540535691930926986970007420e+00
7169,1.0000000447983918849814699569833464920521e+00
7170,1.0000000544144087566422740565030835568905e+00
7171,1.0000000639441459782119636656716465950012e+00
7172,1.0000000729113867059538733883528038859367e+00
7173,1.0000000809241216259692919265944510698318e+00
7174,1.0000000876913648362176445516524836421013e+00
7175,1.0000000930274066668346222286345437169075e+00
7176,1.0000000889634810263828512688633054494858e+00
7177,1.0000000825283195116099932420183904469013e+00
7178,1.0000000746766621873007352405693382024765e+00
7179,1.0000000656550531719091168270097114145756e+00
7180,1.0000000558217994051091181972878985106945e+00
7181,1.0000000456341586740904858743306249380112e+00
7182,1.0000000356269207468784543380024842917919e+00
7183,1.0000000263756050333796565610100515186787e+00
7184,1.0000000184510624556821767328074201941490e+00
7185,1.0000000123697887488560809288173913955688e+00
7186,1.0000000085438196517628739456995390355587e+00
7187,1.0000000072374288784260443208040669560432e+00
7188,1.0000000085439786357000002681161276996136e+00
7189,1.0000000123701024978828399980557151138783e+00
7190,1.0000000184512887191345953397103585302830e+00
7191,1.0000000263755910445695462840376421809196e+00
7192,1.0000000356265750234285860642557963728905e+00
7193,1.0000000456340687460254912366508506238461e+00
7194,1.0000000558218786750330764334648847579956e+00
7195,1.0000000656556147227149722311878576874733e+00
7196,1.0000000746766917192331902697333134710789e+00
7197,1.0000000825283112959596110158599913120270e+00
7198,1.0000000889635374257125022268155589699745e+00
7199,1.0000000846397252285413514982792548835278e+00
7200,1.0000000771884884898099699057638645172119e+00
7201,1.0000000683867846795749301236355677247047e+00
7202,1.0000000585452699652933006291277706623077e+00
7203,1.0000000480858839413400573903345502912998e+00
7204,1.0000000375261872687104869328322820365429e+00
7205,1.0000000274471441130685889220330864191055e+00
7206,1.0000000184513451184642462976626120507717e+00
7207,1.0000000111107332223525645531481131911278e+00
7208,1.0000000059152178710775160652701742947102e+00
7209,1.0000000032233204994014386102207936346531e+00
7210,1.0000000032233073987697480333736166357994e+00
7211,1.0000000059153359988073361819260753691196e+00
7212,1.0000000111107316680403300779289565980434e+00
7213,1.0000000184511348422233822930138558149338e+00
7214,1.0000000274471982919521906296722590923309e+00
7215,1.0000000375262501073336807166924700140953e+00
7216,1.0000000480860666840499106911011040210724e+00
7217,1.0000000585449446699470854582614265382290e+00
7218,1.0000000683867120709891196383978240191936e+00
7219,1.0000000771882058270279003409086726605892e+00
7220,1.0000000846394772047176502383081242442131e+00
7221,1.0000000802934154719991965976078063249588e+00
7222,1.0000000719666140014396660262718796730042e+00
7223,1.0000000624080231936829932237742468714714e+00
7224,1.0000000519905403173481772682862356305122e+00
7225,1.0000000411963234636658626186545006930828e+00
7226,1.0000000305886751483797070250147953629494e+00
7227,1.0000000207779438099464641709346324205399e+00
7228,1.0000000123702807997005947981961071491241e+00
7229,1.0000000059157787557495566943543963134289e+00
7230,1.0000000018528472089940350997494533658028e+00
7231,1.0000000004659574948107092495774850249290e+00
7232,1.0000000018527561707060158369131386280060e+00
7233,1.0000000059152300835307869419921189546585e+00
7234,1.0000000123701935361708592608920298516750e+00
7235,1.0000000207779384808759459701832383871078e+00
7236,1.0000000305887803975224414898548275232315e+00
7237,1.0000000411963940738502287786104716360569e+00
7238,1.0000000519905247742258325160946696996689e+00
7239,1.0000000624078746458422983778291381895542e+00
7240,1.0000000719668198367884315302944742143154e+00
7241,1.0000000802930593124528968473896384239197e+00
7242,1.0000000761739640253722427587490528821945e+00
7243,1.0000000671659605711028007135610096156597e+00
7244,1.0000000570956177892156802045064978301525e+00
7245,1.0000000463928251370759880956029519438744e+00
7246,1.0000000355862084244762399976025335490704e+00
7247,1.0000000252697822666902993660187348723412e+00
7248,1.0000000160601398846438314649276435375214e+00
7249,1.0000000085439550989718782147974707186222e+00
7250,1.0000000032233806734893732937052845954895e+00
7251,1.0000000004661331320932049493421800434589e+00
7252,1.0000000004659368446624512216658331453800e+00
7253,1.0000000032235281111070435144938528537750e+00
7254,1.0000000085439935126885302452137693762779e+00
7255,1.0000000160598858656157972291111946105957e+00
7256,1.0000000252698699743092447533854283392429e+00
7257,1.0000000355862974643628149351570755243301e+00
7258,1.0000000463929568095267086391686461865902e+00
7259,1.0000000570956457668359007584513165056705e+00
7260,1.0000000671659279305458767339587211608887e+00
7261,1.0000000761739196164512577524874359369278e+00
7262,1.0000000725255522304735222860472276806831e+00
7263,1.0000000630764216413837175423395819962025e+00
7264,1.0000000527785475323838682015775702893734e+00
7265,1.0000000421078405477004480417235754430294e+00
7266,1.0000000316226815844089514939696528017521e+00
7267,1.0000000219251123922958868206478655338287e+00
7268,1.0000000136164863828724946870352141559124e+00
7269,1.0000000072377703830284190189559012651443e+00
7270,1.0000000032231859403708540412480942904949e+00
7271,1.0000000018527823719693969906074926257133e+00
7272,1.0000000032233684610361024169833399355412e+00
7273,1.0000000072375090365284222571062855422497e+00
7274,1.0000000136160143160424240704742260277271e+00
7275,1.0000000219252911382028514708508737385273e+00
7276,1.0000000316224786356400500153540633618832e+00
7277,1.0000000421078316659162510404712520539761e+00
7278,1.0000000527788115434191240638028830289841e+00
7279,1.0000000630768954845706275591510348021984e+00
7280,1.0000000725258730849276389562874101102352e+00
7281,1.0000000695708868292399529309477657079697e+00
7282,1.0000000599535912026993855761247687041759e+00
7283,1.0000000497335335136739331574062816798687e+00
7284,1.0000000394161210337529155367519706487656e+00
7285,1.0000000295704305486310659034643322229385e+00
7286,1.0000000207841517330109581962460651993752e+00
7287,1.0000000136162545683049529543495737016201e+00
7288,1.0000000085438769392709446037770248949528e+00
7289,1.0000000059156728404730074544204398989677e+00
7290,1.0000000059154450227083543722983449697495e+00
7291,1.0000000085435578611736673337873071432114e+00
7292,1.0000000136164199915356221026740968227386e+00
7293,1.0000000207843895427828329047770239412785e+00
7294,1.0000000295704818409348035856964997947216e+00
7295,1.0000000394159416217121361114550381898880e+00
7296,1.0000000497331613669160788049339316785336e+00
7297,1.0000000599537552936624251742614433169365e+00
7298,1.0000000695708237685721542220562696456909e+00
7299,1.0000000674910054510036161445896141231060e+00
7300,1.0000000579951255907928953092778101563454e+00
7301,1.0000000481584518929878413473488762974739e+00
7302,1.0000000384983971368768607135280035436153e+00
7303,1.0000000295705264719003935169894248247147e+00
7304,1.0000000219254521205414221185492351651192e+00
7305,1.0000000160598758736085756027023307979107e+00
7306,1.0000000123701986431967725366121158003807e+00
7307,1.0000000111105344924311566501273773610592e+00
7308,1.0000000123705685695085776387713849544525e+00
7309,1.0000000160598876419726366293616592884064e+00
7310,1.0000000219251838906586726807290688157082e+00
7311,1.0000000295702555774823849787935614585876e+00
7312,1.0000000384981524437222333290264941751957e+00
7313,1.0000000481581896583094248853740282356739e+00
7314,1.0000000579953052248782796596060506999493e+00
7315,1.0000000674913529508103238185867667198181e+00
7316,1.0000000664177064457760479854186996817589e+00
7317,1.0000000573281813132098250207491219043732e+00
7318,1.0000000481581894362648199603427201509476e+00
7319,1.0000000394160679650923384542693383991718e+00
7320,1.0000000316226291818821891865809448063374e+00
7321,1.0000000252696334968049995950423181056976e+00
7322,1.0000000207776977845242072362452745437622e+00
7323,1.0000000184512058964969583030324429273605e+00
7324,1.0000000184511939060882923513418063521385e+00
7325,1.0000000207777559602106975944479927420616e+00
7326,1.0000000252699590141958196909399703145027e+00
7327,1.0000000316224708640788776392582803964615e+00
7328,1.0000000394161558947558887666673399507999e+00
7329,1.0000000481585931133565736672608181834221e+00
7330,1.0000000573281220273003100373898632824421e+00
7331,1.0000000664176353915024719754001125693321e+00
7332,1.0000000664178489984124098555184900760651e+00
7333,1.0000000579951693335800655404455028474331e+00
7334,1.0000000497334053939368914143415167927742e+00
7335,1.0000000421075010414995176688535138964653e+00
7336,1.0000000355860827472298524298821575939655e+00
7337,1.0000000305886262985666235181270167231560e+00
7338,1.0000000274472453654084347363095730543137e+00
7339,1.0000000263752342188894317587255500257015e+00
7340,1.0000000274471574357448844239115715026855e+00
7341,1.0000000305886964646617798280203714966774e+00
7342,1.0000000355863161161096286377869546413422e+00
7343,1.0000000421078925061380004990496672689915e+00
7344,1.0000000497334802229687511498923413455486e+00
7345,1.0000000579951968671110762443277053534985e+00
7346,1.0000000664178103626511529000708833336830e+00
7347,1.0000000674909785836064202158013358712196e+00
7348,1.0000000599533986900269155739806592464447e+00
7349,1.0000000527788290849429131412762217223644e+00
7350,1.0000000463932057215288295992650091648102e+00
7351,1.0000000411964036217682405549567192792892e+00
7352,1.0000000375266271390728434198535978794098e+00
7353,1.0000000356268321510810892505105584859848e+00
7354,1.0000000356268954337934928844333626329899e+00
7355,1.0000000375262285690070029886555857956409e+00
7356,1.0000000411961291746365532162599265575409e+00
7357,1.0000000463929734628720780165167525410652e+00
7358,1.0000000527786678805597375685465522110462e+00
7359,1.0000000599535447953769562445813789963722e+00
7360,1.0000000674912965514806728606345131993294e+00
7361,1.0000000695707478293172698613489046692848e+00
7362,1.0000000630766874287758128048153594136238e+00
7363,1.0000000570959275414395506231812760233879e+00
7364,1.0000000519906104834433335781795904040337e+00
7365,1.0000000480860209428612961346516385674477e+00
7366,1.0000000456344011467990640085190534591675e+00
7367,1.0000000447984473961327012148103676736355e+00
7368,1.0000000456340387700038263574242591857910e+00
7369,1.0000000480857109685928207909455522894859e+00
7370,1.0000000519908940344038228431600145995617e+00
7371,1.0000000570956248946430378055083565413952e+00
7372,1.0000000630765886189266211658832617104053e+00
7373,1.0000000695709370113206659880233928561211e+00
7374,1.0000000725254607480962931731482967734337e+00
7375,1.0000000671658915152306690288241952657700e+00
7376,1.0000000624076665900474836234934628009796e+00
7377,1.0000000585449546619543070846702903509140e+00
7378,1.0000000558217416735118376891477964818478e+00
7379,1.0000000544144986847072686941828578710556e+00
7380,1.0000000544143512470895984733942896127701e+00
7381,1.0000000558217401191996032139286398887634e+00
7382,1.0000000585454162926879462247597984969616e+00
7383,1.0000000624079015132394943066174164414406e+00
7384,1.0000000671658120232621058676159009337425e+00
7385,1.0000000725253843647521989623783156275749e+00
7386,1.0000000761740617249984097725246101617813e+00
7387,1.0000000719666741755276007097563706338406e+00
7388,1.0000000683867364958956613918417133390903e+00
7389,1.0000000656555032563232998654711991548538e+00
7390,1.0000000639439308169897913103341124951839e+00
7391,1.0000000633615446776758517444250173866749e+00
7392,1.0000000639442583327820557315135374665260e+00
7393,1.0000000656552379130204144530580379068851e+00
7394,1.0000000683866565598378883805708028376102e+00
7395,1.0000000719662753834171553535270504653454e+00
7396,1.0000000761737759535918712572311051189899e+00
7397,1.0000000802932413890289353730622678995132e+00
7398,1.0000000771883350569879667091299779713154e+00
7399,1.0000000746766584125424515150371007621288e+00
7400,1.0000000729113589503782577594392932951450e+00
7401,1.0000000720005741694507150896242819726467e+00
7402,1.0000000720005000065526701291673816740513e+00
7403,1.0000000729112195063663648397778160870075e+00
7404,1.0000000746767341297527309507131576538086e+00
7405,1.0000000771884913763898339311708696186543e+00
7406,1.0000000802935897770140627471846528351307e+00
7407,1.0000000846391410291857937409076839685440e+00
7408,1.0000000825278296812115286229527555406094e+00
7409,1.0000000809246014643605349192512221634388e+00
7410,1.0000000799222725778037101918016560375690e+00
7411,1.0000000795816628151868599161389283835888e+00
7412,1.0000000799225519099167058811872266232967e+00
7413,1.0000000809240892074569728720234706997871e+00
7414,1.0000000825281034622094011865556240081787e+00
7415,1.0000000846395860065740635036490857601166e+00
7416,1.0000000889633147149737624204135499894619e+00
7417,1.0000000876913686109759282771847210824490e+00
7418,1.0000000868024216948981575114885345101357e+00
7419,1.0000000863456985911170704639516770839691e+00
7420,1.0000000863455438260274377171299420297146e+00
7421,1.0000000868027434375306938818539492785931e+00
7422,1.0000000876921140147146616072859615087509e+00
7423,1.0000000889635380918463170019094832241535e+00
7424,1.0000000930272474608528909811866469681263e+00
7425,1.0000000924119234468889771960675716400146e+00
7426,1.0000000920310263552437390899285674095154e+00
7427,1.0000000919021501122330164434970356523991e+00
7428,1.0000000920311549190699906830559484660625e+00
7429,1.0000000924120562295627223647898063063622e+00
7430,1.0000000930272494592543353064684197306633e+00
7431,1.0000000966195830010008194221882149577141e+00
7432,1.0000000964667146163833422178868204355240e+00
7433,1.0000000963902506700975436615408398211002e+00
7434,1.0000000963900916861604173391242511570454e+00
7435,1.0000000964665225478000820658053271472454e+00
7436,1.0000000966192779117136524291709065437317e+00
7437,1.0000000995669919845454387541394680738449e+00
7438,1.0000000996858338098149943107273429632187e+00
7439,1.0000000997278357672826132329646497964859e+00
7440,1.0000000996862530300290927698370069265366e+00
7441,1.0000000995672959636095811220002360641956e+00
7442,1.0000001017421007443175540174706839025021e+00
7443,1.0000001019592306139571746825822629034519e+00
7444,1.0000001019592721362982956634368747472763e+00
7445,1.0000001017420530047274951357394456863403e+00
7446,1.0000001030637550858415352195152081549168e+00
7447,1.0000001032310343873632518807426095008850e+00
7448,1.0000001030640093269141743803629651665688e+00
7449,1.0000001035012175965022152013261802494526e+00
7450,1.0000001035014294270553136811940930783749e+00
7451,1.0000001030635257137646476621739566326141e+00
7452,1.0000001030630552012468115208321250975132e+00
7453,1.0000001035010543937175953033147379755974e+00
7454,1.0000001030639287247225865939981304109097e+00
7455,1.0000001017417496917971675429726019501686e+00
7456,1.0000000995670172976304002077085897326469e+00
7457,1.0000000966194733109659864567220211029053e+00
7458,1.0000000930271450982900205417536199092865e+00
7459,1.0000000889633726686156478535849601030350e+00
7460,1.0000000846398073850451737598632462322712e+00
7461,1.0000000802933401988781270119943656027317e+00
7462,1.0000000761738747634410628961632028222084e+00
7463,1.0000000725257707223647685168543830513954e+00
7464,1.0000000695707857989447120417025871574879e+00
7465,1.0000000674910425324526386248180642724037e+00
7466,1.0000000664176926790105426334775984287262e+00
7467,1.0000000664177222109429976626415736973286e+00
7468,1.0000000674910445308540829500998370349407e+00
7469,1.0000000695707567111014668626012280583382e+00
7470,1.0000000725261681822075843228958547115326e+00
7471,1.0000000761739760157809087104396894574165e+00
7472,1.0000000802934707611058229304035194218159e+00
7473,1.0000000846393994891059264773502945899963e+00
7474,1.0000000889637015166755418249522335827351e+00
7475,1.0000000930270405152811008520075120031834e+00
7476,1.0000000966196109786210399761330336332321e+00
7477,1.0000000995670796921643841415061615407467e+00
7478,1.0000001017421913385163634302443824708462e+00
7479,1.0000001030643572708100919044227339327335e+00
7480,1.0000001035011849559452912217238917946815e+00
7481,1.0000001030631973097939635408692993223667e+00
7482,1.0000001035009571381806381396017968654633e+00
7483,1.0000001032312697546444724139291793107986e+00
7484,1.0000001019590998296848738391418009996414e+00
7485,1.0000000996861861946030103354132734239101e+00
7486,1.0000000964665090030791816388955339789391e+00
7487,1.0000000924121832390767394826980307698250e+00
7488,1.0000000876909957980842591496184468269348e+00
7489,1.0000000825284622862909600371494889259338e+00
7490,1.0000000771883692518571251639514230191708e+00
7491,1.0000000719663699744188534168642945587635e+00
7492,1.0000000671658315631873392703710123896599e+00
7493,1.0000000630765437659164263095590285956860e+00
7494,1.0000000599536149614721125544747337698936e+00
7495,1.0000000579949748225061512130196206271648e+00
7496,1.0000000573281180304974213868263177573681e+00
7497,1.0000000579951247026144756091525778174400e+00
7498,1.0000000599534484280184187809936702251434e+00
7499,1.0000000630768386411517667511361651122570e+00
7500,1.0000000671657194306618521295604296028614e+00
7501,1.0000000719661692460960011885617859661579e+00
7502,1.0000000771882344707819356699474155902863e+00
7503,1.0000000825280745964107609324855729937553e+00
7504,1.0000000876917807257626691352925263345242e+00
7505,1.0000000924123542134225317568052560091019e+00
7506,1.0000000964670705538850370430736802518368e+00
7507,1.0000000996863507296552597836125642061234e+00
7508,1.0000001019589543904686479436350055038929e+00
7509,1.0000001032313119431194081698777154088020e+00
7510,1.0000001035010359640153865257161669433117e+00
7511,1.0000001030643432819999816274503245949745e+00
7512,1.0000001019589581652269316691672429442406e+00
7513,1.0000000997277196379542374415905214846134e+00
7514,1.0000000963899788875011154232197441160679e+00
7515,1.0000000920311740149060142357484437525272e+00
7516,1.0000000868025415989848170283949002623558e+00
7517,1.0000000809240212618078658124431967735291e+00
7518,1.0000000746765731474141603030147962272167e+00
7519,1.0000000683865413186879322893219068646431e+00
7520,1.0000000624077216571095050312578678131104e+00
7521,1.0000000570954084011532358999829739332199e+00
7522,1.0000000527783867720899024789105169475079e+00
7523,1.0000000497331900106701141339726746082306e+00
7524,1.0000000481584070399776464910246431827545e+00
7525,1.0000000481583519729156250832602381706238e+00
7526,1.0000000497332168780673100627609528601170e+00
7527,1.0000000527784038695244817063212394714355e+00
7528,1.0000000570955549505924864206463098526001e+00
7529,1.0000000624075919830602288129739463329315e+00
7530,1.0000000683869290085681313939858227968216e+00
7531,1.0000000746767137016490778478328138589859e+00
7532,1.0000000809243683175253636363777332007885e+00
7533,1.0000000868023357636360515243723057210445e+00
7534,1.0000000920307667851005817283294163644314e+00
7535,1.0000000963906425788252363417996093630791e+00
7536,1.0000000997274409719750565272988751530647e+00
7537,1.0000001019591284734389091681805439293385e+00
7538,1.0000001030640512933445052112801931798458e+00
7539,1.0000001017418791438018388362252153456211e+00
7540,1.0000000996862208335613786402973346412182e+00
7541,1.0000000963897484052012032407219521701336e+00
7542,1.0000000919021512224560410686535760760307e+00
7543,1.0000000863457481070639687459333799779415e+00
7544,1.0000000799225137182446587758022360503674e+00
7545,1.0000000729114346675885371951153501868248e+00
7546,1.0000000656554302036482795301708392798901e+00
7547,1.0000000585452926138430029823211953043938e+00
7548,1.0000000519905980489454577764263376593590e+00
7549,1.0000000463930369676290865754708647727966e+00
7550,1.0000000421075172507556771961390040814877e+00
7551,1.0000000394161092653888545100926421582699e+00
7552,1.0000000384980700651738061424111947417259e+00
7553,1.0000000394158841121594605283462442457676e+00
7554,1.0000000421077934742442039350862614810467e+00
7555,1.0000000463927485316872889598016627132893e+00
7556,1.0000000519911842467024598590796813368797e+00
7557,1.0000000585452062384916871451423503458500e+00
7558,1.0000000656555441125306060712318867444992e+00
7559,1.0000000729113565078876035840949043631554e+00
7560,1.0000000799227646286482240611803717911243e+00
7561,1.0000000863456000033124837500508874654770e+00
7562,1.0000000919018356970724425991647876799107e+00
7563,1.0000000963901798378685725765535607933998e+00
7564,1.0000000996863136482062373033841140568256e+00
7565,1.0000001017418898019428752377280034124851e+00
7566,1.0000000995673461456902941790758632123470e+00
7567,1.0000000964665090030791816388955339789391e+00
7568,1.0000000920310772034582669220981188118458e+00
7569,1.0000000863460780653468873424571938812733e+00
7570,1.0000000795822647781108116760151460766792e+00
7571,1.0000000720006414489660073741106316447258e+00
7572,1.0000000639439741156877516914391890168190e+00
7573,1.0000000558215607071588237886317074298859e+00
7574,1.0000000480860300466900980609352700412273e+00
7575,1.0000000411964575786072373375645838677883e+00
7576,1.0000000355860023670828695685486309230328e+00
7577,1.0000000316226511642980767646804451942444e+00
7578,1.0000000295702318187096580004435963928699e+00
7579,1.0000000295705464559148367698071524500847e+00
7580,1.0000000316225647889467609275016002357006e+00
7581,1.0000000355862339596058063762029632925987e+00
7582,1.0000000411964471425108058610931038856506e+00
7583,1.0000000480855448792283368675271049141884e+00
7584,1.0000000558219233059986663647578097879887e+00
7585,1.0000000639438730853925108021940104663372e+00
7586,1.0000000720005215448793478572042658925056e+00
7587,1.0000000795820207510899990666075609624386e+00
7588,1.0000000863458204936051743061398155987263e+00
7589,1.0000000920313083518919938796898350119591e+00
7590,1.0000000964666153624449407288921065628529e+00
7591,1.0000000995669282577438252701540477573872e+00
7592,1.0000000966194428908551117274328134953976e+00
7593,1.0000000924120029388575403572758659720421e+00
7594,1.0000000868028100509121713912463746964931e+00
7595,1.0000000799224126879494178865570574998856e+00
7596,1.0000000720006230192637985965120606124401e+00
7597,1.0000000633614705147778067839681170880795e+00
7598,1.0000000544144516112510245875455439090729e+00
7599,1.0000000456341986421193723799660801887512e+00
7600,1.0000000375261655083392042797640897333622e+00
7601,1.0000000305885192730670496530365198850632e+00
7602,1.0000000252701743974625969713088124990463e+00
7603,1.0000000219253153410647882992634549736977e+00
7604,1.0000000207842749677666915886220522224903e+00
7605,1.0000000219251783395435495549463666975498e+00
7606,1.0000000252700180780607297492679208517075e+00
7607,1.0000000305886489471163258713204413652420e+00
7608,1.0000000375261135499016518224379979074001e+00
7609,1.0000000456341797683279537523048929870129e+00
7610,1.0000000544146392389421862390008755028248e+00
7611,1.0000000633613457257098389163729734718800e+00
7612,1.0000000720006361198954891733592376112938e+00
7613,1.0000000799229462611350527367903850972652e+00
7614,1.0000000868026008848943320117541588842869e+00
7615,1.0000000924121401624233840266242623329163e+00
7616,1.0000000966193061113784779081470333039761e+00
7617,1.0000000930277987976069198339246213436127e+00
7618,1.0000000876910779545880814112024381756783e+00
7619,1.0000000809244080635096452169818803668022e+00
7620,1.0000000729113898145783423387911170721054e+00
7621,1.0000000639440165262072923724190331995487e+00
7622,1.0000000544143952119213736295932903885841e+00
7623,1.0000000447979850992652472996269352734089e+00
7624,1.0000000356268976542395421347464434802532e+00
7625,1.0000000274472866657049507921328768134117e+00
7626,1.0000000207779926597595476778224110603333e+00
7627,1.0000000160599356036073004361242055892944e+00
7628,1.0000000136162321417998555261874571442604e+00
7629,1.0000000136161653063737730917637236416340e+00
7630,1.0000000160599820109297297676675952970982e+00
7631,1.0000000207778843019923442625440657138824e+00
7632,1.0000000274471803063391917021363042294979e+00
7633,1.0000000356268095025313868973171338438988e+00
7634,1.0000000447985675222639656567480415105820e+00
7635,1.0000000544145251080152547729085199534893e+00
7636,1.0000000639441930516682077723089605569839e+00
7637,1.0000000729110563035817449417663738131523e+00
7638,1.0000000809245708222050552649307064712048e+00
7639,1.0000000876919015180277483523241244256496e+00
7640,1.0000000930266763621290238006622530519962e+00
7641,1.0000000889632270073548170330468565225601e+00
7642,1.0000000825280355165602941269753500819206e+00
7643,1.0000000746765271841809408215340226888657e+00
7644,1.0000000656553409417170996675849892199039e+00
7645,1.0000000558218500312790411044261418282986e+00
7646,1.0000000456340127907850501287612132728100e+00
7647,1.0000000356268159418249297232250683009624e+00
7648,1.0000000263752395479599499594769440591335e+00
7649,1.0000000184513762047089358020457439124584e+00
7650,1.0000000123699845921976248064311221241951e+00
7651,1.0000000085436602237365377732203342020512e+00
7652,1.0000000072378543158890806807903572916985e+00
7653,1.0000000085436107077896394912386313080788e+00
7654,1.0000000123700847343144459955510683357716e+00
7655,1.0000000184513990753032430802704766392708e+00
7656,1.0000000263758079821485580396256409585476e+00
7657,1.0000000356270142276571277761831879615784e+00
7658,1.0000000456341411325666967968572862446308e+00
7659,1.0000000558220072388593280265922658145428e+00
7660,1.0000000656555407818615321957622654736042e+00
7661,1.0000000746764359238483166336663998663425e+00
7662,1.0000000825281898375607170237344689667225e+00
7663,1.0000000889633886558272024558391422033310e+00
7664,1.0000000846394763165392305381828919053078e+00
7665,1.0000000771880710459527108469046652317047e+00
7666,1.0000000683864782580201335804304108023643e+00
7667,1.0000000585451243040324698085896670818329e+00
7668,1.0000000480858060036837287043454125523567e+00
7669,1.0000000375264372909356325180851854383945e+00
7670,1.0000000274473523909080086014000698924065e+00
7671,1.0000000184511610434867634467082098126411e+00
7672,1.0000000111105866729133140324847772717476e+00
7673,1.0000000059155644827058040391420945525169e+00
7674,1.0000000032231934898874214923125691711903e+00
7675,1.0000000032235092373156248868326656520367e+00
7676,1.0000000059154618980983286746777594089508e+00
7677,1.0000000111108333644693857422680594027042e+00
7678,1.0000000184514630241494614892872050404549e+00
7679,1.0000000274471754213578833514475263655186e+00
7680,1.0000000375260285068179655354470014572144e+00
7681,1.0000000480855104623145734876743517816067e+00
7682,1.0000000585448645118447075219592079520226e+00
7683,1.0000000683865541972750179411377757787704e+00
7684,1.0000000771884371975062322235316969454288e+00
7685,1.0000000846392196329759372019907459616661e+00
7686,1.0000000802932529353483914746902883052826e+00
7687,1.0000000719662811565768834043410606682301e+00
7688,1.0000000624076359478920039691729471087456e+00
7689,1.0000000519906666607283796111005358397961e+00
7690,1.0000000411964402591280531851225532591343e+00
7691,1.0000000305886134199795378663111478090286e+00
7692,1.0000000207777721694668571217334829270840e+00
7693,1.0000000123701791032715391338570043444633e+00
7694,1.0000000059155633724827794139855541288853e+00
7695,1.0000000018527748224528295395430177450180e+00
7696,1.0000000004658990970796139663434587419033e+00
7697,1.0000000018529857648275083192856982350349e+00
7698,1.0000000059154714460163404510240070521832e+00
7699,1.0000000123700476528654235153226181864738e+00
7700,1.0000000207773922511478303931653499603271e+00
7701,1.0000000305886698193091888242634013295174e+00
7702,1.0000000411963057000974686161498539149761e+00
7703,1.0000000519907483731429920226219110190868e+00
7704,1.0000000624077685085211442128638736903667e+00
7705,1.0000000719660351311546264696517027914524e+00
7706,1.0000000802930437693305520951980724930763e+00
7707,1.0000000761735996501755607823724858462811e+00
7708,1.0000000671660724815836829293402843177319e+00
7709,1.0000000570956208978401491549448110163212e+00
7710,1.0000000463927625204973992367740720510483e+00
7711,1.0000000355862175283050419238861650228500e+00
7712,1.0000000252700871339328614340047352015972e+00
7713,1.0000000160598723208948968022014014422894e+00
7714,1.0000000085438440766694156991434283554554e+00
7715,1.0000000032234623859039857052266597747803e+00
7716,1.0000000004658113894606685789767652750015e+00
7717,1.0000000004659368446624512216658331453800e+00
7718,1.0000000032234326319269257510313764214516e+00
7719,1.0000000085438336405729842226719483733177e+00
7720,1.0000000160600366339025413253693841397762e+00
7721,1.0000000252698104663551248449948616325855e+00
7722,1.0000000355861446976746265136171132326126e+00
7723,1.0000000463928666594171090764575637876987e+00
7724,1.0000000570955196455003033406683243811131e+00
7725,1.0000000671661231077536058364785276353359e+00
7726,1.0000000761737284360464173005311749875546e+00
7727,1.0000000725257995881634087709244340658188e+00
7728,1.0000000630766745501887271529994904994965e+00
7729,1.0000000527788099891068895885837264358997e+00
7730,1.0000000421077581691520208551082760095596e+00
7731,1.0000000316224413321464226100943051278591e+00
7732,1.0000000219250759769806791155133396387100e+00
7733,1.0000000136161903974141296203015372157097e+00
7734,1.0000000072376964421749789835303090512753e+00
7735,1.0000000032232909674689835810568183660507e+00
7736,1.0000000018530035283959023217903450131416e+00
7737,1.0000000032232221336414568213513121008873e+00
7738,1.0000000072377173143678419364732690155506e+00
7739,1.0000000136159785668610311404336243867874e+00
7740,1.0000000219253393218821202026447281241417e+00
7741,1.0000000316222166230062384784105233848095e+00
7742,1.0000000421078301116040165652520954608917e+00
7743,1.0000000527785803949853971062111668288708e+00
7744,1.0000000630767762466177828173385933041573e+00
7745,1.0000000725258546552254301786888390779495e+00
7746,1.0000000695707176312510000570910051465034e+00
7747,1.0000000599539664580817088790354318916798e+00
7748,1.0000000497334011750893978387466631829739e+00
7749,1.0000000394161270289572485125972889363766e+00
7750,1.0000000295702164976319181732833385467529e+00
7751,1.0000000207840893384769742624484933912754e+00
7752,1.0000000136160445141086938747321255505085e+00
7753,1.0000000085439286756638921360718086361885e+00
7754,1.0000000059155620402151498637977056205273e+00
7755,1.0000000059155527143417430124827660620213e+00
7756,1.0000000085436990815423996536992490291595e+00
7757,1.0000000136161624197939090663567185401917e+00
7758,1.0000000207842176802586209305445663630962e+00
7759,1.0000000295701649832835755660198628902435e+00
7760,1.0000000394161130401471382356248795986176e+00
7761,1.0000000497332786064674792214646004140377e+00
7762,1.0000000599536329470851114820106886327267e+00
7763,1.0000000695703805675407238595653325319290e+00
7764,1.0000000674912405962402317527448758482933e+00
7765,1.0000000579954269053217785767628811299801e+00
7766,1.0000000481585755718327845897874794900417e+00
7767,1.0000000384980292089664999366505071520805e+00
7768,1.0000000295700608443638657263363711535931e+00
7769,1.0000000219256566236225580723839811980724e+00
7770,1.0000000160598452314530959483818151056767e+00
7771,1.0000000123698113974057832820108160376549e+00
7772,1.0000000111108080513844242886989377439022e+00
7773,1.0000000123705048427069641547859646379948e+00
7774,1.0000000160600039933456173457670956850052e+00
7775,1.0000000219256617306484713481040671467781e+00
7776,1.0000000295702655694896066052024252712727e+00
7777,1.0000000384982035139813660862273536622524e+00
7778,1.0000000481583581901645629841368645429611e+00
7779,1.0000000579949479551089552842313423752785e+00
7780,1.0000000674913960274636792746605351567268e+00
7781,1.0000000664175623388274516400997526943684e+00
7782,1.0000000573280600768555359536549076437950e+00
7783,1.0000000481582502764865694189211353659630e+00
7784,1.0000000394160268868404273234773427248001e+00
7785,1.0000000316225103880185542948311194777489e+00
7786,1.0000000252701832792467939725611358880997e+00
7787,1.0000000207781030159281954183825291693211e+00
7788,1.0000000184512292111804754313197918236256e+00
7789,1.0000000184513651024786895504803396761417e+00
7790,1.0000000207776540417370370050775818526745e+00
7791,1.0000000252697036629001559049356728792191e+00
7792,1.0000000316219306295550950380857102572918e+00
7793,1.0000000394162822381360911094816401600838e+00
7794,1.0000000481584134792711893169325776398182e+00
7795,1.0000000573283815974434673989890143275261e+00
7796,1.0000000664175656694965255155693739652634e+00
7797,1.0000000664176391662607557009323500096798e+00
7798,1.0000000579953383095244134892709553241730e+00
7799,1.0000000497332588444976408936781808733940e+00
7800,1.0000000421079293655424180542468093335629e+00
7801,1.0000000355861875522833770446595735847950e+00
7802,1.0000000305890344165504757256712764501572e+00
7803,1.0000000274471523287189711481914855539799e+00
7804,1.0000000263753641149833129020407795906067e+00
7805,1.0000000274468932026650236366549506783485e+00
7806,1.0000000305888632201600785265327431261539e+00
7807,1.0000000355864056000854134254041127860546e+00
7808,1.0000000421078554246889780188212171196938e+00
7809,1.0000000497333443316705370307317934930325e+00
7810,1.0000000579953978174785333976615220308304e+00
7811,1.0000000664174506503911743493517860770226e+00
7812,1.0000000674912499221136386040598154067993e+00
7813,1.0000000599537319789789080459740944206715e+00
7814,1.0000000527786798709684035202371887862682e+00
7815,1.0000000463928275795666422709473408758640e+00
7816,1.0000000411963412272342566211591474711895e+00
7817,1.0000000375262092511263745109317824244499e+00
7818,1.0000000356266187662157562954234890639782e+00
7819,1.0000000356268317069918794004479423165321e+00
7820,1.0000000375263704555095500836614519357681e+00
7821,1.0000000411962655100239771854830905795097e+00
7822,1.0000000463930092120534709465573541820049e+00
7823,1.0000000527786410131625416397582739591599e+00
7824,1.0000000599536753576046521629905328154564e+00
7825,1.0000000674913134268706471630139276385307e+00
7826,1.0000000695710009601668843970401212573051e+00
7827,1.0000000630770056186946703746798448264599e+00
7828,1.0000000570950868805653044546488672494888e+00
7829,1.0000000519908691654080712396535091102123e+00
7830,1.0000000480857378359900167197338305413723e+00
7831,1.0000000456341924248704344790894538164139e+00
7832,1.0000000447987178464614999029436148703098e+00
7833,1.0000000456343582921903134774765931069851e+00
7834,1.0000000480857482720864481962053105235100e+00
7835,1.0000000519909144625074759460403583943844e+00
7836,1.0000000570951974587785571202402934432030e+00
7837,1.0000000630766827658391093791578896343708e+00
7838,1.0000000695703876729680814605671912431717e+00
7839,1.0000000725259750034012995456578209996223e+00
7840,1.0000000671655682182858981832396239042282e+00
7841,1.0000000624076830213482480758102610707283e+00
7842,1.0000000585451485068944066370022483170033e+00
7843,1.0000000558218680168920400319620966911316e+00
7844,1.0000000544143756719961402268381789326668e+00
7845,1.0000000544143550218478821989265270531178e+00
7846,1.0000000558220532020925475080730393528938e+00
7847,1.0000000585451067625086807311163283884525e+00
7848,1.0000000624078637656566570512950420379639e+00
7849,1.0000000671659710071992321900324895977974e+00
7850,1.0000000725258346712109869258711114525795e+00
7851,1.0000000761735330367940832729800604283810e+00
7852,1.0000000719665682602510514698224142193794e+00
7853,1.0000000683868930373421335389139130711555e+00
7854,1.0000000656558181155730835598660632967949e+00
7855,1.0000000639441282146435696631669998168945e+00
7856,1.0000000633609298361648143327329307794571e+00
7857,1.0000000639437662819375418621348217129707e+00
7858,1.0000000656554246525331564043881371617317e+00
7859,1.0000000683869023632155403902288526296616e+00
7860,1.0000000719663997283959133710595779120922e+00
7861,1.0000000761743335075948380108457058668137e+00
7862,1.0000000802930959498127094775554724037647e+00
7863,1.0000000771886128347887279232963919639587e+00
7864,1.0000000746766257719855275354348123073578e+00
7865,1.0000000729111815367389226594241335988045e+00
7866,1.0000000720007320431648167868843302130699e+00
7867,1.0000000720003490162213211078778840601444e+00
7868,1.0000000729111897523893048855825327336788e+00
7869,1.0000000746764448056325136349187232553959e+00
7870,1.0000000771883936767636669173953123390675e+00
7871,1.0000000802931212628976709311245940625668e+00
7872,1.0000000846395373788055849217926152050495e+00
7873,1.0000000825278527738504408262087963521481e+00
7874,1.0000000809243849708707330137258395552635e+00
7875,1.0000000799225521319613108062185347080231e+00
7876,1.0000000795822452381855782732600346207619e+00
7877,1.0000000799227406478308921577990986406803e+00
7878,1.0000000809241633703550178324803709983826e+00
7879,1.0000000825280197513933444497524760663509e+00
7880,1.0000000846393433118208804444293491542339e+00
7881,1.0000000889635989320680664604878984391689e+00
7882,1.0000000876915171588166231231298297643661e+00
7883,1.0000000868027889566747035132721066474915e+00
7884,1.0000000863454174826472353743156418204308e+00
7885,1.0000000863458520239390736605855636298656e+00
7886,1.0000000868027076883493009518133476376534e+00
7887,1.0000000876917969350188286625780165195465e+00
7888,1.0000000889636624368250750194420106709003e+00
7889,1.0000000930270400711918910019448958337307e+00
7890,1.0000000924124743395537961987429298460484e+00
7891,1.0000000920311673535678664848092012107372e+00
7892,1.0000000919022686840520464102155528962612e+00
7893,1.0000000920311757912628536359989084303379e+00
7894,1.0000000924118990219824354426236823201180e+00
7895,1.0000000930271284449446511644055135548115e+00
7896,1.0000000966195676799230795950279571115971e+00
7897,1.0000000964661561742019557641469873487949e+00
7898,1.0000000963905875117632149340352043509483e+00
7899,1.0000000963899204897700201399857178330421e+00
7900,1.0000000964670263670086569618433713912964e+00
7901,1.0000000966192776896690475041395984590054e+00
7902,1.0000000995669935388576732293586246669292e+00
7903,1.0000000996857978385889964556554332375526e+00
7904,1.0000000997273661429431967917480506002903e+00
7905,1.0000000996859976787334289838327094912529e+00
7906,1.0000000995672140291503637854475528001785e+00
7907,1.0000001017416646487134812559816054999828e+00
7908,1.0000001019587554385026351155829615890980e+00
7909,1.0000001019586948203254905820358544588089e+00
7910,1.0000001017413109316578356811078265309334e+00
7911,1.0000001030641638699592022021533921360970e+00
7912,1.0000001032310705806338546608458273112774e+00
7913,1.0000001030637371002285362919792532920837e+00
7914,1.0000001035015946282413779044873081147671e+00
7915,1.0000001035013508232651702201110310852528e+00
7916,1.0000001030645893074222385621396824717522e+00
7917,1.0000001030637477583695726934820413589478e+00
7918,1.0000001035009544736453790392260998487473e+00
7919,1.0000001030639955601486690284218639135361e+00
7920,1.0000001017419803961416846505017019808292e+00
7921,1.0000000995673918868789087355253286659718e+00
7922,1.0000000966193653972879928915062919259071e+00
7923,1.0000000930275221300291832449147477746010e+00
7924,1.0000000889634577116993341405759565532207e+00
7925,1.0000000846393088949071170645765960216522e+00
7926,1.0000000802930848475824632259900681674480e+00
7927,1.0000000761736882459729258698644116520882e+00
7928,1.0000000725258872957823541582911275327206e+00
7929,1.0000000695704041042688459128839895129204e+00
7930,1.0000000674911109221909555344609543681145e+00
7931,1.0000000664176955655904066588846035301685e+00
7932,1.0000000664176460496435083769029006361961e+00
7933,1.0000000674909206299645347826299257576466e+00
7934,1.0000000695707611519935653632273897528648e+00
7935,1.0000000725261979361846442770911380648613e+00
7936,1.0000000761739420429563551806495524942875e+00
7937,1.0000000802931283683250285321264527738094e+00
7938,1.0000000846396459586173932621022686362267e+00
7939,1.0000000889635656253773277057916857302189e+00
7940,1.0000000930270893650941843588952906429768e+00
7941,1.0000000966193962614880774708581157028675e+00
7942,1.0000000995673721249090704077389091253281e+00
7943,1.0000001017418751469989501856616698205471e+00
7944,1.0000001030638892007829099384252913296223e+00
7945,1.0000001035014169925574378794408403337002e+00
7946,1.0000001030638663301886026602005586028099e+00
7947,1.0000001035009893346483522691414691507816e+00
7948,1.0000001032311578441635901981499046087265e+00
7949,1.0000001019590993855956639890791848301888e+00
7950,1.0000000996862052904390338881057687103748e+00
7951,1.0000000964669888414704246315523050725460e+00
7952,1.0000000924122833811935606718179769814014e+00
7953,1.0000000876914905134640321193728595972061e+00
7954,1.0000000825284180994145799559191800653934e+00
7955,1.0000000771878996275177087227348238229752e+00
7956,1.0000000719663206805165600599138997495174e+00
7957,1.0000000671654114547948211111361160874367e+00
7958,1.0000000630767333920090322862961329519749e+00
7959,1.0000000599535980860821382520953193306923e+00
7960,1.0000000579953438606395366150536574423313e+00
7961,1.0000000573283411853253710432909429073334e+00
7962,1.0000000579951022761093781809904612600803e+00
7963,1.0000000599536744694262324628653004765511e+00
7964,1.0000000630766225917511746956733986735344e+00
7965,1.0000000671662427897956604283535853028297e+00
7966,1.0000000719663664217051746163633652031422e+00
7967,1.0000000771887740391719034960260614752769e+00
7968,1.0000000825281825100887544977013021707535e+00
7969,1.0000000876913459624262259239912964403629e+00
7970,1.0000000924121059675542255718028172850609e+00
7971,1.0000000964667035141530959663214161992073e+00
7972,1.0000000996864968350053004542132839560509e+00
7973,1.0000001019589574990931168940733186900616e+00
7974,1.0000001032313798887685152294579893350601e+00
7975,1.0000001035008112548752023940323852002621e+00
7976,1.0000001030641580967994741513393819332123e+00
7977,1.0000001019593307560739958717022091150284e+00
7978,1.0000000997272944225358060066355392336845e+00
7979,1.0000000963902482276068894861964508891106e+00
7980,1.0000000920306593155117980131763033568859e+00
7981,1.0000000868022815847524498167331330478191e+00
7982,1.0000000809240394694654696650104597210884e+00
7983,1.0000000746764294845547738077584654092789e+00
7984,1.0000000683870196027669408067595213651657e+00
7985,1.0000000624077221011987148813204839825630e+00
7986,1.0000000570953695433473740195040591061115e+00
7987,1.0000000527785868342789399321191012859344e+00
7988,1.0000000497332168780673100627609528601170e+00
7989,1.0000000481583770639559816117980517446995e+00
7990,1.0000000481585353817592931591207161545753e+00
7991,1.0000000497336447580210005980916321277618e+00
7992,1.0000000527789194570971176290186122059822e+00
7993,1.0000000570953810896668301211320795118809e+00
7994,1.0000000624076903488202106018434278666973e+00
7995,1.0000000683867469319920928683131933212280e+00
7996,1.0000000746765049797204483184032142162323e+00
7997,1.0000000809244031785283368662931025028229e+00
7998,1.0000000868027387745939904561964794993401e+00
7999,1.0000000920309297658405967013095505535603e+00
8000,1.0000000963898487693626293548732064664364e+00
8001,1.0000000997275222403004590887576341629028e+00
8002,1.0000001019590005757464723501470871269703e+00
8003,1.0000001030637957200042365002445876598358e+00
8004,1.0000001017420050430928313289768993854523e+00
8005,1.0000000996865077151909417807473801076412e+00
8006,1.0000000963901884976081646527745760977268e+00
8007,1.0000000919021356793336963164620101451874e+00
8008,1.0000000863456341981816422048723325133324e+00
8009,1.0000000799225858827412594109773635864258e+00
8010,1.0000000729113729391883680364117026329041e+00
8011,1.0000000656553937883330718250363133847713e+00
8012,1.0000000585449728696119109372375532984734e+00
8013,1.0000000519909171270427350464160554111004e+00
8014,1.0000000463929756833181272668298333883286e+00
8015,1.0000000421078281132025722399703226983547e+00
8016,1.0000000394163086614440771882073022425175e+00
8017,1.0000000384980500811593628895934671163559e+00
8018,1.0000000394163797157176531982258893549442e+00
8019,1.0000000421075934120551664818776771426201e+00
8020,1.0000000463933922389969666255638003349304e+00
8021,1.0000000519904681528515766331111080944538e+00
8022,1.0000000585449533296866775344824418425560e+00
8023,1.0000000656557403999613597989082336425781e+00
8024,1.0000000729114084663251560414209961891174e+00
8025,1.0000000799224024738975913351168856024742e+00
8026,1.0000000863456739441659237854764796793461e+00
8027,1.0000000919022824508175517621566541492939e+00
8028,1.0000000963899777772780907980632036924362e+00
8029,1.0000000996861970747886516619473695755005e+00
8030,1.0000001017418356230592735300888307392597e+00
8031,1.0000000995673257175866410761955194175243e+00
8032,1.0000000964666106995082373032346367835999e+00
8033,1.0000000920315397223703257623128592967987e+00
8034,1.0000000863457612076956593227805569767952e+00
8035,1.0000000795818877463716489728540182113647e+00
8036,1.0000000720005017829095095294178463518620e+00
8037,1.0000000639442669925216478077345527708530e+00
8038,1.0000000558219281909799747154465876519680e+00
8039,1.0000000480858743934220456139883026480675e+00
8040,1.0000000411963299029594054445624351501465e+00
8041,1.0000000355861626832876254411530680954456e+00
8042,1.0000000316225916563439568562898784875870e+00
8043,1.0000000295705893105235873008496128022671e+00
8044,1.0000000295704032371446601246134378015995e+00
8045,1.0000000316223485175015639470075257122517e+00
8046,1.0000000355861791145883898934698663651943e+00
8047,1.0000000411965126456692587453289888799191e+00
8048,1.0000000480860260498872094103717245161533e+00
8049,1.0000000558215911272696985179209150373936e+00
8050,1.0000000639441659622264069184893742203712e+00
8051,1.0000000720006541055084881008951924741268e+00
8052,1.0000000795820997989693523777532391250134e+00
8053,1.0000000863457918498511389771010726690292e+00
8054,1.0000000920309157770304864243371412158012e+00
8055,1.0000000964661495128638080132077448070049e+00
8056,1.0000000995672566617145093914587050676346e+00
8057,1.0000000966193096640921567086479626595974e+00
8058,1.0000000924121257295240638995892368257046e+00
8059,1.0000000868025815670137035340303555130959e+00
8060,1.0000000799227515280165334843331947922707e+00
8061,1.0000000720007002907863125074072740972042e+00
8062,1.0000000633611640932230102407629601657391e+00
8063,1.0000000544144775904698008162085898220539e+00
8064,1.0000000456341484600386593228904530405998e+00
8065,1.0000000375262119156616336113074794411659e+00
8066,1.0000000305890055507518354716012254357338e+00
8067,1.0000000252699459135641291140927933156490e+00
8068,1.0000000219255444910970709315733984112740e+00
8069,1.0000000207842194566154603307950310409069e+00
8070,1.0000000219252678235193343425635248422623e+00
8071,1.0000000252701688463474738455261103808880e+00
8072,1.0000000305887017937322980287717655301094e+00
8073,1.0000000375261077767419237716239877045155e+00
8074,1.0000000456342250654273584586917422711849e+00
8075,1.0000000544144198588725203080684877932072e+00
8076,1.0000000633612260436677843244979158043861e+00
8077,1.0000000720006023691155405686004087328911e+00
8078,1.0000000799226866909918953751912340521812e+00
8079,1.0000000868025797906568641337798908352852e+00
8080,1.0000000924119154532831998949404805898666e+00
8081,1.0000000966191968654328547927434556186199e+00
8082,1.0000000930267800569595237902831286191940e+00
8083,1.0000000876918446746088875443092547357082e+00
8084,1.0000000809243914101642758396337740123272e+00
8085,1.0000000729112044073332299376488663256168e+00
8086,1.0000000639440478344965868018334731459618e+00
8087,1.0000000544144034275717558557516895234585e+00
8088,1.0000000447984858098493532452266663312912e+00
8089,1.0000000356267244594477006103261373937130e+00
8090,1.0000000274474865058493833203101530671120e+00
8091,1.0000000207779180527722928673028945922852e+00
8092,1.0000000160600284182521590992109850049019e+00
8093,1.0000000136161446562255150638520717620850e+00
8094,1.0000000136164550745832002576207742094994e+00
8095,1.0000000160600237553154556735535152256489e+00
8096,1.0000000207779680128084009993472136557102e+00
8097,1.0000000274471494421391071227844804525375e+00
8098,1.0000000356267528811571310143335722386837e+00
8099,1.0000000447980430529071327327983453869820e+00
8100,1.0000000544142897407340342397219501435757e+00
8101,1.0000000639441886107761092716827988624573e+00
8102,1.0000000729113074360299151521758176386356e+00
8103,1.0000000809239493193558701022993773221970e+00
8104,1.0000000876910288827303929792833514511585e+00
8105,1.0000000930277170851923074224032461643219e+00
8106,1.0000000889632172373922003316693007946014e+00
8107,1.0000000825276873506197716778842732310295e+00
8108,1.0000000746763864079014183516846969723701e+00
8109,1.0000000656555252387391874435706995427608e+00
8110,1.0000000558218253843278944259509444236755e+00
8111,1.0000000456341568977336464740801602602005e+00
8112,1.0000000356266913748015667806612327694893e+00
8113,1.0000000263758810348235783749260008335114e+00
8114,1.0000000184512041201401189027819782495499e+00
8115,1.0000000123701733301118110830429941415787e+00
8116,1.0000000085436746566358579002553597092628e+00
8117,1.0000000072378962823194115117075853049755e+00
8118,1.0000000085436364649638107948703691363335e+00
8119,1.0000000123699932519372168826521374285221e+00
8120,1.0000000184511312895097034925129264593124e+00
8121,1.0000000263754733609289360174443572759628e+00
8122,1.0000000356268583523444704042049124836922e+00
8123,1.0000000456343949295501261076424270868301e+00
8124,1.0000000558218409274502391781425103545189e+00
8125,1.0000000656553285072192238658317364752293e+00
8126,1.0000000746765909109825543055194430053234e+00
8127,1.0000000825281225580454247392481192946434e+00
8128,1.0000000889629097056143791633076034486294e+00
8129,1.0000000846393530817834971458069048821926e+00
8130,1.0000000771884218764284923963714390993118e+00
8131,1.0000000683868122131059408275177702307701e+00
8132,1.0000000585449178025498895294731482863426e+00
8133,1.0000000480857147433511045164777897298336e+00
8134,1.0000000375262119156616336113074794411659e+00
8135,1.0000000274471643191276370998821221292019e+00
8136,1.0000000184512596312913501606089994311333e+00
8137,1.0000000111110152190008193429093807935715e+00
8138,1.0000000059154647846781927000847645103931e+00
8139,1.0000000032233733460174107676721177995205e+00
8140,1.0000000032232647662056024273624643683434e+00
8141,1.0000000059156943787996851824573241174221e+00
8142,1.0000000111107330003079596281168051064014e+00
8143,1.0000000184509962863899090734776109457016e+00
8144,1.0000000274476816830571124228299595415592e+00
8145,1.0000000375264881391501603502547368407249e+00
8146,1.0000000480857249574029310679179616272449e+00
8147,1.0000000585450083967486989422468468546867e+00
8148,1.0000000683867376061186860169982537627220e+00
8149,1.0000000771885153572071658345521427690983e+00
8150,1.0000000846397332221471287994063459336758e+00
8151,1.0000000802930775201105006999569013714790e+00
8152,1.0000000719663013626359315821900963783264e+00
8153,1.0000000624080083166944632466766051948071e+00
8154,1.0000000519910343665941354629467241466045e+00
8155,1.0000000411964464763769910859991796314716e+00
8156,1.0000000305885805573780089616775512695312e+00
8157,1.0000000207775019411826633586315438151360e+00
8158,1.0000000123701540122311826053191907703876e+00
8159,1.0000000059154892095847344535286538302898e+00
8160,1.0000000018530799117399965325603261590004e+00
8161,1.0000000004659594932121535748592577874660e+00
8162,1.0000000018527963607795072675799019634724e+00
8163,1.0000000059155615961259400137350894510746e+00
8164,1.0000000123702996734920134258572943508625e+00
8165,1.0000000207779229377536012179916724562645e+00
8166,1.0000000305887291052187038076226599514484e+00
8167,1.0000000411965177526951720210490748286247e+00
8168,1.0000000519907963347776558293844573199749e+00
8169,1.0000000624078684285933604769525118172169e+00
8170,1.0000000719664112747153694726875983178616e+00
8171,1.0000000802934161381330113727017305791378e+00
8172,1.0000000761738143673085232876474037766457e+00
8173,1.0000000671660174145216615215758793056011e+00
8174,1.0000000570954665768397262581856921315193e+00
8175,1.0000000463925680094234849093481898307800e+00
8176,1.0000000355863256640276404141332022845745e+00
8177,1.0000000252698553193653197013190947473049e+00
8178,1.0000000160598649934229342761682346463203e+00
8179,1.0000000085439719743618525171768851578236e+00
8180,1.0000000032230003110811367150745354592800e+00
8181,1.0000000004661933061811396328266710042953e+00
8182,1.0000000004659188590494522941298782825470e+00
8183,1.0000000032234817037846141829504631459713e+00
8184,1.0000000085441991259926908242050558328629e+00
8185,1.0000000160600219789586162733030505478382e+00
8186,1.0000000252699952074664224710431881248951e+00
8187,1.0000000355864169243602646020008251070976e+00
8188,1.0000000463933129690730083893868140876293e+00
8189,1.0000000570956559808877273098914884030819e+00
8190,1.0000000671660624895764613029314205050468e+00
8191,1.0000000761739500365621324817766435444355e+00
8192,1.0000000725256643629990094268578104674816e+00
8193,1.0000000630767720277702892417437396943569e+00
8194,1.0000000527785701809335705547709949314594e+00
8195,1.0000000421075374568147253739880397915840e+00
8196,1.0000000316222223961659665292245335876942e+00
8197,1.0000000219253397659713300527073442935944e+00
8198,1.0000000136160209773805718214134685695171e+00
8199,1.0000000072380625937285003601573407649994e+00
8200,1.0000000032233495872446837893221527338028e+00
8201,1.0000000018529828782476442938786931335926e+00
8202,1.0000000032230180746495307175791822373867e+00
8203,1.0000000072376642457072648539906367659569e+00
8204,1.0000000136159570285343534123967401683331e+00
8205,1.0000000219250975153073568435502238571644e+00
8206,1.0000000316223818241923027017037384212017e+00
8207,1.0000000421075523338032553510856814682484e+00
8208,1.0000000527786372384042579142260365188122e+00
8209,1.0000000630769061427116639606538228690624e+00
8210,1.0000000725261051215397856140043586492538e+00
8211,1.0000000695702653263907677683164365589619e+00
8212,1.0000000599536813528089851388358511030674e+00
8213,1.0000000497333245697006987029453739523888e+00
8214,1.0000000394160970529355836333706974983215e+00
8215,1.0000000295700621766314952765242196619511e+00
8216,1.0000000207842612010011862366809509694576e+00
8217,1.0000000136161195651851585353142581880093e+00
8218,1.0000000085436704377883643246605060994625e+00
8219,1.0000000059152223119696145658963359892368e+00
8220,1.0000000059156248788383436476578935980797e+00
8221,1.0000000085437406038835206345538608729839e+00
8222,1.0000000136161901753695246952702291309834e+00
8223,1.0000000207839494503758714927244000136852e+00
8224,1.0000000295704303265864609784330241382122e+00
8225,1.0000000394159502814517281876760534942150e+00
8226,1.0000000497334367022261858437559567391872e+00
8227,1.0000000599541067902720214988221414387226e+00
8228,1.0000000695704549524833737450535409152508e+00
8229,1.0000000674913092080231535874190740287304e+00
8230,1.0000000579951455748073385620955377817154e+00
8231,1.0000000481584139233603991669951938092709e+00
8232,1.0000000384981906353942804344114847481251e+00
8233,1.0000000295703743713460198705433867871761e+00
8234,1.0000000219254283617686951401992700994015e+00
8235,1.0000000160598248033494428455014713108540e+00
8236,1.0000000123701309195922704020631499588490e+00
8237,1.0000000111109748068827229872113093733788e+00
8238,1.0000000123699543941313550021732226014137e+00
8239,1.0000000160599173959496965835569426417351e+00
8240,1.0000000219253510902461812293040566146374e+00
8241,1.0000000295700197661119545955443754792213e+00
8242,1.0000000384981746481827258321573026478291e+00
8243,1.0000000481587094647295543836662545800209e+00
8244,1.0000000579953707280367325438419356942177e+00
8245,1.0000000674911224685104116360889747738838e+00
8246,1.0000000664173669395751176125486381351948e+00
8247,1.0000000573283087668130519887199625372887e+00
8248,1.0000000481584567779691496980376541614532e+00
8249,1.0000000394158852223824851535027846693993e+00
8250,1.0000000316222679153099761606426909565926e+00
8251,1.0000000252700473879485798534005880355835e+00
8252,1.0000000207777670624409438460133969783783e+00
8253,1.0000000184510233758317099272971972823143e+00
8254,1.0000000184512840561978919140528887510300e+00
8255,1.0000000207779531358198710222495719790459e+00
8256,1.0000000252697684999247940140776336193085e+00
8257,1.0000000316225221563826153214904479682446e+00
8258,1.0000000394158898853191885791602544486523e+00
8259,1.0000000481580695321781604434363543987274e+00
8260,1.0000000573281884186371826217509806156158e+00
8261,1.0000000664175427989022182373446412384510e+00
8262,1.0000000664174788500559998283279128372669e+00
8263,1.0000000579952179613485441223019734025002e+00
8264,1.0000000497337899751926215685671195387840e+00
8265,1.0000000421076300494149791120435111224651e+00
8266,1.0000000355862317391597571258898824453354e+00
8267,1.0000000305888088192318718938622623682022e+00
8268,1.0000000274470373096136199819738976657391e+00
8269,1.0000000263754407203720120378420688211918e+00
8270,1.0000000274472791161883833410684019327164e+00
8271,1.0000000305887795093440217897295951843262e+00
8272,1.0000000355859670619906864885706454515457e+00
8273,1.0000000421076837842093709696200676262379e+00
8274,1.0000000497331933413391880094422958791256e+00
8275,1.0000000579953931545418299720040522515774e+00
8276,1.0000000664176955655904066588846035301685e+00
8277,1.0000000674911999620775304720154963433743e+00
8278,1.0000000599540499468531606908072717487812e+00
8279,1.0000000527785604109709538533934392035007e+00
8280,1.0000000463928160332471861693193204700947e+00
8281,1.0000000411961396107329846927314065396786e+00
8282,1.0000000375261643981161796546075493097305e+00
8283,1.0000000356268003987025849710335023701191e+00
8284,1.0000000356270186685492262768093496561050e+00
8285,1.0000000375262474427984216163167729973793e+00
8286,1.0000000411963940738502287786104716360569e+00
8287,1.0000000463929674676677450406714342534542e+00
8288,1.0000000527786894188864152965834364295006e+00
8289,1.0000000599537131051874894183129072189331e+00
8290,1.0000000674912172815567146244575269520283e+00
8291,1.0000000695707578213244914877577684819698e+00
8292,1.0000000630766003872906821925425902009010e+00
8293,1.0000000570954543643864553814637474715710e+00
8294,1.0000000519910543506085787157644517719746e+00
8295,1.0000000480856077178515306513872928917408e+00
8296,1.0000000456343105526002545957453548908234e+00
8297,1.0000000447984109808174935096758417785168e+00
8298,1.0000000456338873355832674860721454024315e+00
8299,1.0000000480860782303693667927291244268417e+00
8300,1.0000000519910543506085787157644517719746e+00
8301,1.0000000570953790912653857958503067493439e+00
8302,1.0000000630768897114108995083370245993137e+00
8303,1.0000000695709598819149732662481255829334e+00
8304,1.0000000725257476297258563135983422398567e+00
8305,1.0000000671660402851159687998006120324135e+00
8306,1.0000000624078253519400050208787433803082e+00
8307,1.0000000585448061141136122387251816689968e+00
8308,1.0000000558220485391558440824155695736408e+00
8309,1.0000000544145302150411680486286059021950e+00
8310,1.0000000544143203828895138940424658358097e+00
8311,1.0000000558220718538393612107029184699059e+00
8312,1.0000000585448964862678167264675721526146e+00
8313,1.0000000624078422273299793232581578195095e+00
8314,1.0000000671656692485811390724848024547100e+00
8315,1.0000000725258819667118359575397334992886e+00
8316,1.0000000761738208066020661135553382337093e+00
8317,1.0000000719664792203644765322678722441196e+00
8318,1.0000000683866046014003359232447110116482e+00
8319,1.0000000656554910438700289887492544949055e+00
8320,1.0000000639437127691877549295895732939243e+00
8321,1.0000000633611392242272586372564546763897e+00
8322,1.0000000639438495486643887488753534853458e+00
8323,1.0000000656554866029779304881230928003788e+00
8324,1.0000000683867147355243787387735210359097e+00
8325,1.0000000719665775861244583211373537778854e+00
8326,1.0000000761739824550744515363476239144802e+00
8327,1.0000000802929951415620735133416019380093e+00
8328,1.0000000771885013683970555575797334313393e+00
8329,1.0000000746763813008755050759646110236645e+00
8330,1.0000000729113383002299997315276414155960e+00
8331,1.0000000720006416710106122991419397294521e+00
8332,1.0000000720008752619349934320780448615551e+00
8333,1.0000000729111968578166624865843914449215e+00
8334,1.0000000746764714509851046386756934225559e+00
8335,1.0000000771882566752424281730782240629196e+00
8336,1.0000000802933941557171237946022301912308e+00
8337,1.0000000846394330178412701570778153836727e+00
8338,1.0000000825281412097922384418779984116554e+00
8339,1.0000000809245399580049706855788826942444e+00
8340,1.0000000799227111158984371286351233720779e+00
8341,1.0000000795821808452501500141806900501251e+00
8342,1.0000000799224557646027733426308259367943e+00
8343,1.0000000809244724564450734760612249374390e+00
8344,1.0000000825281718519477180961985141038895e+00
8345,1.0000000846392667064321813086280599236488e+00
8346,1.0000000889634887979440236449590884149075e+00
8347,1.0000000876914516556581702388939447700977e+00
8348,1.0000000868024541134104765660595148801804e+00
8349,1.0000000863457281230495254931156523525715e+00
8350,1.0000000863455735800044976713252253830433e+00
8351,1.0000000868025071820710536485421471297741e+00
8352,1.0000000876913870406781370547832921147346e+00
8353,1.0000000889632032485820900546968914568424e+00
8354,1.0000000930266323972972486444632522761822e+00
8355,1.0000000924117551370784440223360434174538e+00
8356,1.0000000920312990260185870283748954534531e+00
8357,1.0000000919022742351671695359982550144196e+00
8358,1.0000000920309135565844371740240603685379e+00
8359,1.0000000924121446033154825272504240274429e+00
8360,1.0000000930270649401876426054514013230801e+00
8361,1.0000000966192827966949607798596844077110e+00
8362,1.0000000964668256386858047335408627986908e+00
8363,1.0000000963901725103966100505203939974308e+00
8364,1.0000000963904140949267684845835901796818e+00
8365,1.0000000964666202474262490795808844268322e+00
8366,1.0000000966197462037854393201996572315693e+00
8367,1.0000000995672451153950532898306846618652e+00
8368,1.0000000996861133639725949251442216336727e+00
8369,1.0000000997273945646526271957554854452610e+00
8370,1.0000000996859559343477030779467895627022e+00
8371,1.0000000995672362336108562885783612728119e+00
8372,1.0000001017420367954713356084539555013180e+00
8373,1.0000001019589723760816468711709603667259e+00
8374,1.0000001019591284734389091681805439293385e+00
8375,1.0000001017417141646603795379633083939552e+00
8376,1.0000001030640877086597129164147190749645e+00
8377,1.0000001032311196524915430927649140357971e+00
8378,1.0000001030642144961291251092916354537010e+00
8379,1.0000001035012344718921895037055946886539e+00
8380,1.0000001035011130134932955115800723433495e+00
8381,1.0000001030643914656792503592441789805889e+00
8382,1.0000001030635365939502889887080527842045e+00
8383,1.0000001035009031813416413569939322769642e+00
8384,1.0000001030636089804914945489144884049892e+00
8385,1.0000001017421011884067638675333000719547e+00
8386,1.0000000995671529668840094018378295004368e+00
8387,1.0000000966193400842030314379371702671051e+00
8388,1.0000000930272252563923984780558384954929e+00
8389,1.0000000889635911605068940843921154737473e+00
8390,1.0000000846395038500702412420650944113731e+00
8391,1.0000000802932353938246023972169496119022e+00
8392,1.0000000761738863097605189977912232279778e+00
8393,1.0000000725257829348180393935763277113438e+00
8394,1.0000000695706847686494711524574086070061e+00
8395,1.0000000674911748710371739434776827692986e+00
8396,1.0000000664174646392012846263241954147816e+00
8397,1.0000000664174193421018799199373461306095e+00
8398,1.0000000674914366616263805553899146616459e+00
8399,1.0000000695708288755980674977763555943966e+00
8400,1.0000000725261106726549087397870607674122e+00
8401,1.0000000761739635812830329086864367127419e+00
8402,1.0000000802931006127494129032129421830177e+00
8403,1.0000000846394421216700720833614468574524e+00
8404,1.0000000889630280553888042049948126077652e+00
8405,1.0000000930273706956086243735626339912415e+00
8406,1.0000000966196893603665785121847875416279e+00
8407,1.0000000995670534909010029878118075430393e+00
8408,1.0000001017419146709386268412345089018345e+00
8409,1.0000001030639160681801058672135695815086e+00
8410,1.0000001035012171524130053512635640799999e+00
8411,1.0000001030636362919779003277653828263283e+00
8412,1.0000001035007182181857388059142976999283e+00
8413,1.0000001032315111171300259229610674083233e+00
8414,1.0000001019592652529155429874663241207600e+00
8415,1.0000000996864506497274760477012023329735e+00
8416,1.0000000964664172986573476009652949869633e+00
8417,1.0000000924120471257339204385061748325825e+00
8418,1.0000000876915349223850171256344765424728e+00
8419,1.0000000825278321237021827982971444725990e+00
8420,1.0000000771881960570652836395311169326305e+00
8421,1.0000000719666606308067002828465774655342e+00
8422,1.0000000671659325934825801596161909401417e+00
8423,1.0000000630767993392566950205946341156960e+00
8424,1.0000000599538143575273352325893938541412e+00
8425,1.0000000579956098700762368025607429444790e+00
8426,1.0000000573282938898245220116223208606243e+00
8427,1.0000000579951520141008813880034722387791e+00
8428,1.0000000599535459055999808697379194200039e+00
8429,1.0000000630764618314572089730063453316689e+00
8430,1.0000000671658715312162257760064676403999e+00
8431,1.0000000719665007586911542603047564625740e+00
8432,1.0000000771883643668758168132626451551914e+00
8433,1.0000000825283283933941902432707138359547e+00
8434,1.0000000876914707514941937915864400565624e+00
8435,1.0000000924119643030962834018282592296600e+00
8436,1.0000000964666861946739118138793855905533e+00
8437,1.0000000996863442903617169577046297490597e+00
8438,1.0000001019591502338101918212487362325191e+00
8439,1.0000001032312184623407347316970117390156e+00
8440,1.0000001035009806749087601929204538464546e+00
8441,1.0000001030639718013759420500718988478184e+00
8442,1.0000001019595219364788363236584700644016e+00
8443,1.0000000997275004799291764356894418597221e+00
8444,1.0000000963904525086434205149998888373375e+00
8445,1.0000000920313056873567347793141379952431e+00
8446,1.0000000868021694522269626759225502610207e+00
8447,1.0000000809242222121753229657770134508610e+00
8448,1.0000000746766262160747373854974284768105e+00
8449,1.0000000683866878681271828099852427840233e+00
8450,1.0000000624081997191439086236641742289066e+00
8451,1.0000000570956755208129607126465998589993e+00
8452,1.0000000527788017734565073624253273010254e+00
8453,1.0000000497333252358345134780392982065678e+00
8454,1.0000000481582589362261614951421506702900e+00
8455,1.0000000481584387923561507705016992986202e+00
8456,1.0000000497330947535346012955415062606335e+00
8457,1.0000000527784156378885427329805679619312e+00
8458,1.0000000570954445944238386800861917436123e+00
8459,1.0000000624078435595976088734460063278675e+00
8460,1.0000000683866412387601485534105449914932e+00
8461,1.0000000746766881665195114692323841154575e+00
8462,1.0000000809244706800882340758107602596283e+00
8463,1.0000000868023848354937399562913924455643e+00
8464,1.0000000920311082897029564264812506735325e+00
8465,1.0000000963900848027776646631537005305290e+00
8466,1.0000000997274651748369933557114563882351e+00
8467,1.0000001019588424799877657278557308018208e+00
8468,1.0000001030634793064422183306305669248104e+00
8469,1.0000001017415687254441536424565128982067e+00
8470,1.0000000996864017999143925408134236931801e+00
8471,1.0000000963902482276068894861964508891106e+00
8472,1.0000000919020008982585068224580027163029e+00
8473,1.0000000863456111055427300016162917017937e+00
8474,1.0000000799223136560556213225936517119408e+00
8475,1.0000000729113747155452074366621673107147e+00
8476,1.0000000656556613520820064877625554800034e+00
8477,1.0000000585450823376021389776724390685558e+00
8478,1.0000000519908491813936279868357814848423e+00
8479,1.0000000463928788718703799531795084476471e+00
8480,1.0000000421077785972556739579886198043823e+00
8481,1.0000000394161816519300600702990777790546e+00
8482,1.0000000384980738399320898679434321820736e+00
8483,1.0000000394160590833081414530170150101185e+00
8484,1.0000000421077634982225390558596700429916e+00
8485,1.0000000463931801863992632206645794212818e+00
8486,1.0000000519911289575958335262839682400227e+00
8487,1.0000000585450641299445351251051761209965e+00
8488,1.0000000656555054767693491157842800021172e+00
8489,1.0000000729115954278825029177824035286903e+00
8490,1.0000000799227917180900249149999581277370e+00
8491,1.0000000863456464106349130815942771732807e+00
8492,1.0000000919021003742415132364840246737003e+00
8493,1.0000000963901780615117331763030961155891e+00
8494,1.0000000996859339519318154998472891747952e+00
8495,1.0000001017420203641705711561371572315693e+00
8496,1.0000000995671600723113670028396882116795e+00
8497,1.0000000964664892411093433111091144382954e+00
8498,1.0000000920307516860674468262004666030407e+00
8499,1.0000000863459017619305768675985746085644e+00
8500,1.0000000795817916010577164342976175248623e+00
8501,1.0000000720006061438738242941326461732388e+00
8502,1.0000000639438246796686371453688479959965e+00
8503,1.0000000558218380408703751527355052530766e+00
8504,1.0000000480857687001901012990856543183327e+00
8505,1.0000000411961049717746163878473453223705e+00
8506,1.0000000355860854117651115302578546106815e+00
8507,1.0000000316225283736315532223670743405819e+00
8508,1.0000000295705830932746493999729864299297e+00
8509,1.0000000295702275998621644248487427830696e+00
8510,1.0000000316224506580198294614092446863651e+00
8511,1.0000000355863838397141307723359204828739e+00
8512,1.0000000411963445579033304966287687420845e+00
8513,1.0000000480858457496680102849495597183704e+00
8514,1.0000000558219519497527016937965527176857e+00
8515,1.0000000639440440597383030763012357056141e+00
8516,1.0000000720008717092213146315771155059338e+00
8517,1.0000000795823622556923737647593952715397e+00
8518,1.0000000863459022060197867176611907780170e+00
8519,1.0000000920312306362802701187320053577423e+00
8520,1.0000000964669295555609096481930464506149e+00
8521,1.0000000995670588199715211885632015764713e+00
8522,1.0000000966196649354600367587408982217312e+00
8523,1.0000000924118972456255960423732176423073e+00
8524,1.0000000868025846756381724844686686992645e+00
8525,1.0000000799227508618827187092392705380917e+00
8526,1.0000000720004680321295609246590174734592e+00
8527,1.0000000633611669798028742661699652671814e+00
8528,1.0000000544147025216545898729236796498299e+00
8529,1.0000000456341660015624484003637917339802e+00
8530,1.0000000375264308516420896921772509813309e+00
8531,1.0000000305888623319816588264075107872486e+00
8532,1.0000000252700431691010862778057344257832e+00
8533,1.0000000219252229705091394862392917275429e+00
8534,1.0000000207841639454642290729680098593235e+00
8535,1.0000000219253506461569713792414404451847e+00
8536,1.0000000252697569536053379124496132135391e+00
8537,1.0000000305886658225063001736998558044434e+00
8538,1.0000000375262212415350404626224189996719e+00
8539,1.0000000456344444454970243896241299808025e+00
8540,1.0000000544145677405794003789196722209454e+00
8541,1.0000000633615431233636172692058607935905e+00
8542,1.0000000720007842236469741692417301237583e+00
8543,1.0000000799223465186571502272272482514381e+00
8544,1.0000000868024283562363052624277770519257e+00
8545,1.0000000924117935507950960527523420751095e+00
8546,1.0000000966197821750114371752715669572353e+00
8547,1.0000000930271510934943535175989381968975e+00
8548,1.0000000876913528458089785999618470668793e+00
8549,1.0000000809242104438112619391176849603653e+00
8550,1.0000000729115821052062074159039184451103e+00
8551,1.0000000639440937977298062833142466843128e+00
8552,1.0000000544146130376788050853065215051174e+00
8553,1.0000000447985291085473136263317428529263e+00
8554,1.0000000356264953094154179780161939561367e+00
8555,1.0000000274471789740715621519484557211399e+00
8556,1.0000000207778569905059384836931712925434e+00
8557,1.0000000160599487042389910129713825881481e+00
8558,1.0000000136162869868172720089205540716648e+00
8559,1.0000000136160382968597559738554991781712e+00
8560,1.0000000160597557474773111607646569609642e+00
8561,1.0000000207779196070845273425220511853695e+00
8562,1.0000000274471048111735171914915554225445e+00
8563,1.0000000356269540535691930926986970007420e+00
8564,1.0000000447983918849814699569833464920521e+00
8565,1.0000000544144087566422740565030835568905e+00
8566,1.0000000639441459782119636656716465950012e+00
8567,1.0000000729113867059538733883528038859367e+00
8568,1.0000000809241216259692919265944510698318e+00
8569,1.0000000876913648362176445516524836421013e+00
8570,1.0000000930274066668346222286345437169075e+00
8571,1.0000000889634810263828512688633054494858e+00
8572,1.0000000825283195116099932420183904469013e+00
8573,1.0000000746766621873007352405693382024765e+00
8574,1.0000000656550531719091168270097114145756e+00
8575,1.0000000558217994051091181972878985106945e+00
8576,1.0000000456341586740904858743306249380112e+00
8577,1.0000000356269207468784543380024842917919e+00
8578,1.0000000263756050333796565610100515186787e+00
8579,1.0000000184510624556821767328074201941490e+00
8580,1.0000000123697887488560809288173913955688e+00
8581,1.0000000085438196517628739456995390355587e+00
8582,1.0000000072374288784260443208040669560432e+00
8583,1.0000000085439786357000002681161276996136e+00
8584,1.0000000123701024978828399980557151138783e+00
8585,1.0000000184512887191345953397103585302830e+00
8586,1.0000000263755910445695462840376421809196e+00
8587,1.0000000356265750234285860642557963728905e+00
8588,1.0000000456340687460254912366508506238461e+00
8589,1.0000000558218786750330764334648847579956e+00
8590,1.0000000656556147227149722311878576874733e+00
8591,1.0000000746766917192331902697333134710789e+00
8592,1.0000000825283112959596110158599913120270e+00
8593,1.0000000889635374257125022268155589699745e+00
8594,1.0000000846397252285413514982792548835278e+00
8595,1.0000000771884884898099699057638645172119e+00
8596,1.0000000683867846795749301236355677247047e+00
8597,1.0000000585452699652933006291277706623077e+00
8598,1.0000000480858839413400573903345502912998e+00
8599,1.0000000375261872687104869328322820365429e+00
8600,1.0000000274471441130685889220330864191055e+00
8601,1.0000000184513451184642462976626120507717e+00
8602,1.0000000111107332223525645531481131911278e+00
8603,1.0000000059152178710775160652701742947102e+00
8604,1.0000000032233204994014386102207936346531e+00
8605,1.0000000032233073987697480333736166357994e+00
8606,1.0000000059153359988073361819260753691196e+00
8607,1.0000000111107316680403300779289565980434e+00
8608,1.0000000184511348422233822930138558149338e+00
8609,1.0000000274471982919521906296722590923309e+00
8610,1.0000000375262501073336807166924700140953e+00
8611,1.0000000480860666840499106911011040210724e+00
8612,1.0000000585449446699470854582614265382290e+00
8613,1.0000000683867120709891196383978240191936e+00
8614,1.0000000771882058270279003409086726605892e+00
8615,1.0000000846394772047176502383081242442131e+00
8616,1.0000000802934154719991965976078063249588e+00
8617,1.0000000719666140014396660262718796730042e+00
8618,1.0000000624080231936829932237742468714714e+00
8619,1.0000000519905403173481772682862356305122e+00
8620,1.0000000411963234636658626186545006930828e+00
8621,1.0000000305886751483797070250147953629494e+00
8622,1.0000000207779438099464641709346324205399e+00
8623,1.0000000123702807997005947981961071491241e+00
8624,1.0000000059157787557495566943543963134289e+00
8625,1.0000000018528472089940350997494533658028e+00
8626,1.0000000004659574948107092495774850249290e+00
8627,1.0000000018527561707060158369131386280060e+00
8628,1.0000000059152300835307869419921189546585e+00
8629,1.0000000123701935361708592608920298516750e+00
8630,1.0000000207779384808759459701832383871078e+00
8631,1.0000000305887803975224414898548275232315e+00
8632,1.0000000411963940738502287786104716360569e+00
8633,1.0000000519905247742258325160946696996689e+00
8634,1.0000000624078746458422983778291381895542e+00
8635,1.0000000719668198367884315302944742143154e+00
8636,1.0000000802930593124528968473896384239197e+00
8637,1.0000000761739640253722427587490528821945e+00
8638,1.0000000671659605711028007135610096156597e+00
8639,1.0000000570956177892156802045064978301525e+00
8640,1.0000000463928251370759880956029519438744e+00
8641,1.0000000355862084244762399976025335490704e+00
8642,1.0000000252697822666902993660187348723412e+00
8643,1.0000000160601398846438314649276435375214e+00
8644,1.0000000085439550989718782147974707186222e+00
8645,1.0000000032233806734893732937052845954895e+00
8646,1.0000000004661331320932049493421800434589e+00
8647,1.0000000004659368446624512216658331453800e+00
8648,1.0000000032235281111070435144938528537750e+00
8649,1.0000000085439935126885302452137693762779e+00
8650,1.0000000160598858656157972291111946105957e+00
8651,1.0000000252698699743092447533854283392429e+00
8652,1.0000000355862974643628149351570755243301e+00
8653,1.0000000463929568095267086391686461865902e+00
8654,1.0000000570956457668359007584513165056705e+00
8655,1.0000000671659279305458767339587211608887e+00
8656,1.0000000761739196164512577524874359369278e+00
8657,1.0000000725255522304735222860472276806831e+00
8658,1.0000000630764216413837175423395819962025e+00
8659,1.0000000527785475323838682015775702893734e+00
8660,1.0000000421078405477004480417235754430294e+00
8661,1.0000000316226815844089514939696528017521e+00
8662,1.0000000219251123922958868206478655338287e+00
8663,1.0000000136164863828724946870352141559124e+00
8664,1.0000000072377703830284190189559012651443e+00
8665,1.0000000032231859403708540412480942904949e+00
8666,1.0000000018527823719693969906074926257133e+00
8667,1.0000000032233684610361024169833399355412e+00
8668,1.0000000072375090365284222571062855422497e+00
8669,1.0000000136160143160424240704742260277271e+00
8670,1.0000000219252911382028514708508737385273e+00
8671,1.0000000316224786356400500153540633618832e+00
8672,1.0000000421078316659162510404712520539761e+00
8673,1.0000000527788115434191240638028830289841e+00
8674,1.0000000630768954845706275591510348021984e+00
8675,1.0000000725258730849276389562874101102352e+00
8676,1.0000000695708868292399529309477657079697e+00
8677,1.0000000599535912026993855761247687041759e+00
8678,1.0000000497335335136739331574062816798687e+00
8679,1.0000000394161210337529155367519706487656e+00
8680,1.0000000295704305486310659034643322229385e+00
8681,1.0000000207841517330109581962460651993752e+00
8682,1.0000000136162545683049529543495737016201e+00
8683,1.0000000085438769392709446037770248949528e+00
8684,1.0000000059156728404730074544204398989677e+00
8685,1.0000000059154450227083543722983449697495e+00
8686,1.0000000085435578611736673337873071432114e+00
8687,1.0000000136164199915356221026740968227386e+00
8688,1.0000000207843895427828329047770239412785e+00
8689,1.0000000295704818409348035856964997947216e+00
8690,1.0000000394159416217121361114550381898880e+00
8691,1.0000000497331613669160788049339316785336e+00
8692,1.0000000599537552936624251742614433169365e+00
8693,1.0000000695708237685721542220562696456909e+00
8694,1.0000000674910054510036161445896141231060e+00
8695,1.0000000579951255907928953092778101563454e+00
8696,1.0000000481584518929878413473488762974739e+00
8697,1.0000000384983971368768607135280035436153e+00
8698,1.0000000295705264719003935169894248247147e+00
8699,1.0000000219254521205414221185492351651192e+00
8700,1.0000000160598758736085756027023307979107e+00
8701,1.0000000123701986431967725366121158003807e+00
8702,1.0000000111105344924311566501273773610592e+00
8703,1.0000000123705685695085776387713849544525e+00
8704,1.0000000160598876419726366293616592884064e+00
8705,1.0000000219251838906586726807290688157082e+00
8706,1.0000000295702555774823849787935614585876e+00
8707,1.0000000384981524437222333290264941751957e+00
8708,1.0000000481581896583094248853740282356739e+00
8709,1.0000000579953052248782796596060506999493e+00
8710,1.0000000674913529508103238185867667198181e+00
8711,1.0000000664177064457760479854186996817589e+00
8712,1.0000000573281813132098250207491219043732e+00
8713,1.0000000481581894362648199603427201509476e+00
8714,1.0000000394160679650923384542693383991718e+00
8715,1.0000000316226291818821891865809448063374e+00
8716,1.0000000252696334968049995950423181056976e+00
8717,1.0000000207776977845242072362452745437622e+00
8718,1.0000000184512058964969583030324429273605e+00
8719,1.0000000184511939060882923513418063521385e+00
8720,1.0000000207777559602106975944479927420616e+00
8721,1.0000000252699590141958196909399703145027e+00
8722,1.0000000316224708640788776392582803964615e+00
8723,1.0000000394161558947558887666673399507999e+00
8724,1.0000000481585931133565736672608181834221e+00
8725,1.0000000573281220273003100373898632824421e+00
8726,1.0000000664176353915024719754001125693321e+00
8727,1.0000000664178489984124098555184900760651e+00
8728,1.0000000579951693335800655404455028474331e+00
8729,1.0000000497334053939368914143415167927742e+00
8730,1.0000000421075010414995176688535138964653e+00
8731,1.0000000355860827472298524298821575939655e+00
8732,1.0000000305886262985666235181270167231560e+00
8733,1.0000000274472453654084347363095730543137e+00
8734,1.0000000263752342188894317587255500257015e+00
8735,1.0000000274471574357448844239115715026855e+00
8736,1.0000000305886964646617798280203714966774e+00
8737,1.0000000355863161161096286377869546413422e+00
8738,1.0000000421078925061380004990496672689915e+00
8739,1.0000000497334802229687511498923413455486e+00
8740,1.0000000579951968671110762443277053534985e+00
8741,1.0000000664178103626511529000708833336830e+00
8742,1.0000000674909785836064202158013358712196e+00
8743,1.0000000599533986900269155739806592464447e+00
8744,1.0000000527788290849429131412762217223644e+00
8745,1.0000000463932057215288295992650091648102e+00
8746,1.0000000411964036217682405549567192792892e+00
8747,1.0000000375266271390728434198535978794098e+00
8748,1.0000000356268321510810892505105584859848e+00
8749,1.0000000356268954337934928844333626329899e+00
8750,1.0000000375262285690070029886555857956409e+00
8751,1.0000000411961291746365532162599265575409e+00
8752,1.0000000463929734628720780165167525410652e+00
8753,1.0000000527786678805597375685465522110462e+00
8754,1.0000000599535447953769562445813789963722e+00
8755,1.0000000674912965514806728606345131993294e+00
8756,1.0000000695707478293172698613489046692848e+00
8757,1.0000000630766874287758128048153594136238e+00
8758,1.0000000570959275414395506231812760233879e+00
8759,1.0000000519906104834433335781795904040337e+00
8760,1.0000000480860209428612961346516385674477e+00
8761,1.0000000456344011467990640085190534591675e+00
8762,1.0000000447984473961327012148103676736355e+00
8763,1.0000000456340387700038263574242591857910e+00
8764,1.0000000480857109685928207909455522894859e+00
8765,1.0000000519908940344038228431600145995617e+00
8766,1.0000000570956248946430378055083565413952e+00
8767,1.0000000630765886189266211658832617104053e+00
8768,1.0000000695709370113206659880233928561211e+00
8769,1.0000000725254607480962931731482967734337e+00
8770,1.0000000671658915152306690288241952657700e+00
8771,1.0000000624076665900474836234934628009796e+00
8772,1.0000000585449546619543070846702903509140e+00
8773,1.0000000558217416735118376891477964818478e+00
8774,1.0000000544144986847072686941828578710556e+00
8775,1.0000000544143512470895984733942896127701e+00
8776,1.0000000558217401191996032139286398887634e+00
8777,1.0000000585454162926879462247597984969616e+00
8778,1.0000000624079015132394943066174164414406e+00
8779,1.0000000671658120232621058676159009337425e+00
8780,1.0000000725253843647521989623783156275749e+00
8781,1.0000000761740617249984097725246101617813e+00
8782,1.0000000719666741755276007097563706338406e+00
8783,1.0000000683867364958956613918417133390903e+00
8784,1.0000000656555032563232998654711991548538e+00
8785,1.0000000639439308169897913103341124951839e+00
8786,1.0000000633615446776758517444250173866749e+00
8787,1.0000000639442583327820557315135374665260e+00
8788,1.0000000656552379130204144530580379068851e+00
8789,1.0000000683866565598378883805708028376102e+00
8790,1.0000000719662753834171553535270504653454e+00
8791,1.0000000761737759535918712572311051189899e+00
8792,1.0000000802932413890289353730622678995132e+00
8793,1.0000000771883350569879667091299779713154e+00
8794,1.0000000746766584125424515150371007621288e+00
8795,1.0000000729113589503782577594392932951450e+00
8796,1.0000000720005741694507150896242819726467e+00
8797,1.0000000720005000065526701291673816740513e+00
8798,1.0000000729112195063663648397778160870075e+00
8799,1.0000000746767341297527309507131576538086e+00
8800,1.0000000771884913763898339311708696186543e+00
8801,1.0000000802935897770140627471846528351307e+00
8802,1.0000000846391410291857937409076839685440e+00
8803,1.0000000825278296812115286229527555406094e+00
8804,1.0000000809246014643605349192512221634388e+00
8805,1.0000000799222725778037101918016560375690e+00
8806,1.0000000795816628151868599161389283835888e+00
8807,1.0000000799225519099167058811872266232967e+00
8808,1.0000000809240892074569728720234706997871e+00
8809,1.0000000825281034622094011865556240081787e+00
8810,1.0000000846395860065740635036490857601166e+00
8811,1.0000000889633147149737624204135499894619e+00
8812,1.0000000876913686109759282771847210824490e+00
8813,1.0000000868024216948981575114885345101357e+00
8814,1.0000000863456985911170704639516770839691e+00
8815,1.0000000863455438260274377171299420297146e+00
8816,1.0000000868027434375306938818539492785931e+00
8817,1.0000000876921140147146616072859615087509e+00
8818,1.0000000889635380918463170019094832241535e+00
8819,1.0000000930272474608528909811866469681263e+00
8820,1.0000000924119234468889771960675716400146e+00
8821,1.0000000920310263552437390899285674095154e+00
8822,1.0000000919021501122330164434970356523991e+00
8823,1.0000000920311549190699906830559484660625e+00
8824,1.0000000924120562295627223647898063063622e+00
8825,1.0000000930272494592543353064684197306633e+00
8826,1.0000000966195830010008194221882149577141e+00
8827,1.0000000964667146163833422178868204355240e+00
8828,1.0000000963902506700975436615408398211002e+00
8829,1.0000000963900916861604173391242511570454e+00
8830,1.0000000964665225478000820658053271472454e+00
8831,1.0000000966192779117136524291709065437317e+00
8832,1.0000000995669919845454387541394680738449e+00
8833,1.0000000996858338098149943107273429632187e+00
8834,1.0000000997278357672826132329646497964859e+00
8835,1.0000000996862530300290927698370069265366e+00
8836,1.0000000995672959636095811220002360641956e+00
8837,1.0000001017421007443175540174706839025021e+00
8838,1.0000001019592306139571746825822629034519e+00
8839,1.0000001019592721362982956634368747472763e+00
8840,1.0000001017420530047274951357394456863403e+00
8841,1.0000001030637550858415352195152081549168e+00
8842,1.0000001032310343873632518807426095008850e+00
8843,1.0000001030640093269141743803629651665688e+00
8844,1.0000001035012175965022152013261802494526e+00
8845,1.0000001035014294270553136811940930783749e+00
8846,1.0000001030637171162140930391615256667137e+00
8847,1.0000001030639287247225865939981304109097e+00
8848,1.0000001035010495087362869526259601116180e+00
8849,1.0000001030641574306656593762454576790333e+00
8850,1.0000001017416975113150101606152020394802e+00
8851,1.0000000995669542369626014988170936703682e+00
8852,1.0000000966196083140857808757573366165161e+00
8853,1.0000000930272976429336040382622741162777e+00
8854,1.0000000889634823586504808190511539578438e+00
8855,1.0000000846395695752732990513322874903679e+00
8856,1.0000000802933080024104128824546933174133e+00
8857,1.0000000761739331611721581793972291052341e+00
8858,1.0000000725263198386727481192792765796185e+00
8859,1.0000000695709450049264432891504839062691e+00
8860,1.0000000674913884779471118235960602760315e+00
8861,1.0000000664178483322785950804245658218861e+00
8862,1.0000000664175596742921925397240556776524e+00
8863,1.0000000674912810083583281084429472684860e+00
8864,1.0000000695706618980551638742326758801937e+00
8865,1.0000000725258335609879623007145710289478e+00
8866,1.0000000761738339072337566904025152325630e+00
8867,1.0000000802933248778003871848341077566147e+00
8868,1.0000000846395031839364264669711701571941e+00
8869,1.0000000889630180633815825785859487950802e+00
8870,1.0000000930270487309314830781659111380577e+00
8871,1.0000000966192903462115282309241592884064e+00
8872,1.0000000995671054493385554451378993690014e+00
8873,1.0000001017421109583693805689108557999134e+00
8874,1.0000001030641161303691433204221539199352e+00
8875,1.0000001035011651939754528939374722540379e+00
8876,1.0000001030635539134294731411500833928585e+00
8877,1.0000001035014214334495363800670020282269e+00
8878,1.0000001032311496285132079719915054738522e+00
8879,1.0000001019591657769325365734403021633625e+00
8880,1.0000000996863354085775199564523063600063e+00
8881,1.0000000964666617697673700604354962706566e+00
8882,1.0000000924122895984424985726946033537388e+00
8883,1.0000000876915962066959764342755079269409e+00
8884,1.0000000825285573213818679505493491888046e+00
8885,1.0000000771883192918210170319071039557457e+00
8886,1.0000000719662638370976992518990300595760e+00
8887,1.0000000671660320694655865736422128975391e+00
8888,1.0000000630765188969206747060525231063366e+00
8889,1.0000000599535043832588598888833075761795e+00
8890,1.0000000579952168511255194971454329788685e+00
8891,1.0000000573284364424608838817221112549305e+00
8892,1.0000000579954055890397057737573049962521e+00
8893,1.0000000599540606049941970923100598156452e+00
8894,1.0000000630769201315217742376262322068214e+00
8895,1.0000000671658433315514002970303408801556e+00
8896,1.0000000719666357618109486793400719761848e+00
8897,1.0000000771880894756549196245032362639904e+00
8898,1.0000000825278039240373573193210177123547e+00
8899,1.0000000876913086589325985187315382063389e+00
8900,1.0000000924119667455869375771726481616497e+00
8901,1.0000000964666027059024600021075457334518e+00
8902,1.0000000996863502855660499335499480366707e+00
8903,1.0000001019590016859694969753036275506020e+00
8904,1.0000001032311023330123589403228834271431e+00
8905,1.0000001035010499528254968026885762810707e+00
8906,1.0000001030636525012340598550508730113506e+00
8907,1.0000001019589850326241275979555211961269e+00
8908,1.0000000997273683633892460420611314475536e+00
8909,1.0000000963902397899119023350067436695099e+00
8910,1.0000000920313065755351544794393703341484e+00
8911,1.0000000868024085942664669346413575112820e+00
8912,1.0000000809244378174867051711771637201309e+00
8913,1.0000000746764752257433883642079308629036e+00
8914,1.0000000683866501205443455546628683805466e+00
8915,1.0000000624078464461774728988530114293098e+00
8916,1.0000000570954448164684436051174998283386e+00
8917,1.0000000527783940995618650049436837434769e+00
8918,1.0000000497334058380261012644041329622269e+00
8919,1.0000000481586777123510501041891984641552e+00
8920,1.0000000481585826772601421907893382012844e+00
8921,1.0000000497335828075762265143566764891148e+00
8922,1.0000000527787449300376465544104576110840e+00
8923,1.0000000570956113499221373785985633730888e+00
8924,1.0000000624078277944306591962231323122978e+00
8925,1.0000000683866381301356796029722318053246e+00
8926,1.0000000746763140213602127914782613515854e+00
8927,1.0000000809239955046336945088114589452744e+00
8928,1.0000000868023211086921264723059721291065e+00
8929,1.0000000920314746633010827281395904719830e+00
8930,1.0000000963902988537768123933346942067146e+00
8931,1.0000000997274698377736967813689261674881e+00
8932,1.0000001019594830786729744431795552372932e+00
8933,1.0000001030640839339014291908824816346169e+00
8934,1.0000001017417547988230808186926878988743e+00
8935,1.0000000996858877666539910933352075517178e+00
8936,1.0000000963902291317708659335039556026459e+00
8937,1.0000000919019613743188301668851636350155e+00
8938,1.0000000863459082012241196935065090656281e+00
8939,1.0000000799227468650798300586757250130177e+00
8940,1.0000000729117644038268508666078560054302e+00
8941,1.0000000656551699673713073934777639806271e+00
8942,1.0000000585451602752584676636615768074989e+00
8943,1.0000000519906768747802061625407077372074e+00
8944,1.0000000463931071337242428853642195463181e+00
8945,1.0000000421077528400815026543568819761276e+00
8946,1.0000000394158305994096735958009958267212e+00
8947,1.0000000384982996592952986247837543487549e+00
8948,1.0000000394161503436407656408846378326416e+00
8949,1.0000000421075405654391943244263529777527e+00
8950,1.0000000463928988558848232059972360730171e+00
8951,1.0000000519908138763014449068577960133553e+00
8952,1.0000000585450909973417310538934543728828e+00
8953,1.0000000656557046507799668688676320016384e+00
8954,1.0000000729113596165120725345332175493240e+00
8955,1.0000000799225945424808514871983788907528e+00
8956,1.0000000863454443500444313031039200723171e+00
8957,1.0000000919020983758400689112022519111633e+00
8958,1.0000000963903403761179333741893060505390e+00
8959,1.0000000996861713176144803583156317472458e+00
8960,1.0000001017416895177092328594881109893322e+00
8961,1.0000000995666411540696572046726942062378e+00
8962,1.0000000964667830061216591275297105312347e+00
8963,1.0000000920314706664981940775760449469090e+00
8964,1.0000000863456843802623552619479596614838e+00
8965,1.0000000795822441279625536481034941971302e+00
8966,1.0000000720005250975930266577051952481270e+00
8967,1.0000000639439856620072077930672094225883e+00
8968,1.0000000558217081447764940094202756881714e+00
8969,1.0000000480858277640550113574136048555374e+00
8970,1.0000000411965497271182812255574390292168e+00
8971,1.0000000355862392886763245769543573260307e+00
8972,1.0000000316225940988346110316342674195766e+00
8973,1.0000000295702666797126312303589656949043e+00
8974,1.0000000295705988584415990771958604454994e+00
8975,1.0000000316223409679849964959430508315563e+00
8976,1.0000000355862279644014734003576450049877e+00
8977,1.0000000411961853519215992491808719933033e+00
8978,1.0000000480857658136102372736786492168903e+00
8979,1.0000000558220469848436096071964129805565e+00
8980,1.0000000639437875982196146651403978466988e+00
8981,1.0000000720008435095564891526009887456894e+00
8982,1.0000000795822217014574562199413776397705e+00
8983,1.0000000863458062827504591041360981762409e+00
8984,1.0000000920310825325287851228495128452778e+00
8985,1.0000000964664153002559032756835222244263e+00
8986,1.0000000995671858294855383064714260399342e+00
8987,1.0000000966195399243474639661144465208054e+00
8988,1.0000000924117082856668048407300375401974e+00
8989,1.0000000868024536693212667159968987107277e+00
8990,1.0000000799224897374273268724209628999233e+00
8991,1.0000000720005015608649046043865382671356e+00
8992,1.0000000633610670597306580020813271403313e+00
8993,1.0000000544146478986817783152218908071518e+00
8994,1.0000000456344662058683070426923222839832e+00
8995,1.0000000375262243501595094130607321858406e+00
8996,1.0000000305886262985666235181270167231560e+00
8997,1.0000000252697101021936987308436073362827e+00
8998,1.0000000219252918043366662459447979927063e+00
8999,1.0000000207838954935368747101165354251862e+00
9000,1.0000000219252307420703118623350746929646e+00
9001,1.0000000252699843272807811445090919733047e+00
9002,1.0000000305888196994175132203963585197926e+00
9003,1.0000000375261717255881421806407161056995e+00
9004,1.0000000456341069376975383420358411967754e+00
9005,1.0000000544146181447047183610266074538231e+00
9006,1.0000000633615906409090712259057909250259e+00
9007,1.0000000720005119969613360808580182492733e+00
9008,1.0000000799224271208487380135920830070972e+00
9009,1.0000000868025069600264487235108390450478e+00
9010,1.0000000924114660350028316315729171037674e+00
9011,1.0000000966195397023028590410831384360790e+00
9012,1.0000000930274346444548427825793623924255e+00
9013,1.0000000876914563185948736645514145493507e+00
9014,1.0000000809244027344391270162304863333702e+00
9015,1.0000000729113882602661078635719604790211e+00
9016,1.0000000639440849159456092820619232952595e+00
9017,1.0000000544144092007314839065656997263432e+00
9018,1.0000000447987358320744988304795697331429e+00
9019,1.0000000356267080281469361580093391239643e+00
9020,1.0000000274471614325477730744751170277596e+00
9021,1.0000000207779682348530059243785217404366e+00
9022,1.0000000160599225029756098592770285904408e+00
9023,1.0000000136162878749956917090457864105701e+00
9024,1.0000000136162692232488780064159072935581e+00
9025,1.0000000160599071818978700321167707443237e+00
9026,1.0000000207774646376890359533717855811119e+00
9027,1.0000000274471776418039326017606072127819e+00
9028,1.0000000356265268397493173324619419872761e+00
9029,1.0000000447984269680290481119300238788128e+00
9030,1.0000000544146159242586691107135266065598e+00
9031,1.0000000639442532257561424557934515178204e+00
9032,1.0000000729114644215655971493106335401535e+00
9033,1.0000000809242517441077779949409887194633e+00
9034,1.0000000876914842962150942184962332248688e+00
9035,1.0000000930268073684459295691340230405331e+00
9036,1.0000000889634170775366328598465770483017e+00
9037,1.0000000825283184013869686168618500232697e+00
9038,1.0000000746766997128389675708604045212269e+00
9039,1.0000000656556231604099593823775649070740e+00
9040,1.0000000558218953283784458108129911124706e+00
9041,1.0000000456343096644218348956201225519180e+00
9042,1.0000000356267708667701299418695271015167e+00
9043,1.0000000263756676499582454198389314115047e+00
9044,1.0000000184510564604778437569621019065380e+00
9045,1.0000000123702532661695840943139046430588e+00
9046,1.0000000085436211438860709677101112902164e+00
9047,1.0000000072374810589082017031614668667316e+00
9048,1.0000000085437692476375559635926038026810e+00
9049,1.0000000123700409915272757643833756446838e+00
9050,1.0000000184510533518533748065237887203693e+00
9051,1.0000000263755912666141512090689502656460e+00
9052,1.0000000356271583346057241215021349489689e+00
9053,1.0000000456341950894056935794651508331299e+00
9054,1.0000000558217965185292541718808934092522e+00
9055,1.0000000656552896494133619853528216481209e+00
9056,1.0000000746766730674863765671034343540668e+00
9057,1.0000000825285257910479685961036011576653e+00
9058,1.0000000889635587419945750298211351037025e+00
9059,1.0000000846393579667648054964956827461720e+00
9060,1.0000000771882913142007964779622852802277e+00
9061,1.0000000683864826989122320810565724968910e+00
9062,1.0000000585449937418047738901805132627487e+00
9063,1.0000000480858877160983411158667877316475e+00
9064,1.0000000375263888852117588612600229680538e+00
9065,1.0000000274471658734398715751012787222862e+00
9066,1.0000000184513730960844668516074307262897e+00
9067,1.0000000111107028022416898238589055836201e+00
9068,1.0000000059153766329700374626554548740387e+00
9069,1.0000000032231763924528422649018466472626e+00
9070,1.0000000032235474289876719922176562249660e+00
9071,1.0000000059152864828604378999443724751472e+00
9072,1.0000000111107947287081287868204526603222e+00
9073,1.0000000184511648182450471722404472529888e+00
9074,1.0000000274471652073060568000073544681072e+00
9075,1.0000000375264457286306196692748926579952e+00
9076,1.0000000480858883822321558909607119858265e+00
9077,1.0000000585449915213587246398674324154854e+00
9078,1.0000000683869343376386495947372168302536e+00
9079,1.0000000771885446670950159386848099529743e+00
9080,1.0000000846396903675383782683638855814934e+00
9081,1.0000000802931541254991998357581906020641e+00
9082,1.0000000719665409487646456909715197980404e+00
9083,1.0000000624081561984013433175277896225452e+00
9084,1.0000000519907872309488539031008258461952e+00
9085,1.0000000411963552160443668981315568089485e+00
9086,1.0000000305888443463686598988715559244156e+00
9087,1.0000000207779158323262436169898137450218e+00
9088,1.0000000123704373411470669452683068811893e+00
9089,1.0000000059155267351229667838197201490402e+00
9090,1.0000000018527523959477321113809011876583e+00
9091,1.0000000004659339580825871962588280439377e+00
9092,1.0000000018528509837523188252816908061504e+00
9093,1.0000000059155833564972226668032817542553e+00
9094,1.0000000123703585153123185591539368033409e+00
9095,1.0000000207778187988338913783081807196140e+00
9096,1.0000000305885821116902434368967078626156e+00
9097,1.0000000411964329316560906590893864631653e+00
9098,1.0000000519907021878651676161098293960094e+00
9099,1.0000000624075577881910703581525012850761e+00
9100,1.0000000719665200765717827380285598337650e+00
9101,1.0000000802932893506635991798248142004013e+00
9102,1.0000000761735752252690190289285965263844e+00
9103,1.0000000671660305151533520984230563044548e+00
9104,1.0000000570954199474726920016109943389893e+00
9105,1.0000000463926774774137129497830756008625e+00
9106,1.0000000355861295986414916114881634712219e+00
9107,1.0000000252696490399273443472338840365410e+00
9108,1.0000000160598740972517362024518661201000e+00
9109,1.0000000085437172892000035062665119767189e+00
9110,1.0000000032233278268734011362539604306221e+00
9111,1.0000000004659097552206503678462468087673e+00
9112,1.0000000004659443941790186727303080260754e+00
9113,1.0000000032234379609974439517827704548836e+00
9114,1.0000000085439875174841972693684510886669e+00
9115,1.0000000160598925269539449800504371523857e+00
9116,1.0000000252698184599609021461219526827335e+00
9117,1.0000000355863785106436125715845264494419e+00
9118,1.0000000463929887839498178436770103871822e+00
9119,1.0000000570955320799981791424215771257877e+00
9120,1.0000000671657551798432450596010312438011e+00
9121,1.0000000761739744614686742352205328643322e+00
9122,1.0000000725256477096536400495097041130066e+00
9123,1.0000000630771679333008705725660547614098e+00
9124,1.0000000527788552862062942949705757200718e+00
9125,1.0000000421078534262875336935394443571568e+00
9126,1.0000000316224841867551731411367654800415e+00
9127,1.0000000219252573874229028660920448601246e+00
9128,1.0000000136158277985742870441754348576069e+00
9129,1.0000000072377037696469415095634758472443e+00
9130,1.0000000032232632118933679521433077752590e+00
9131,1.0000000018527863687722856411710381507874e+00
9132,1.0000000032232208013738272711634635925293e+00
9133,1.0000000072375896387200100434711202979088e+00
9134,1.0000000136164839403818405116908252239227e+00
9135,1.0000000219251365951578236490604467689991e+00
9136,1.0000000316226573815470146655570715665817e+00
9137,1.0000000421079442425309480313444510102272e+00
9138,1.0000000527785877224573596322443336248398e+00
9139,1.0000000630767316156521928860456682741642e+00
9140,1.0000000725254041267220372901647351682186e+00
9141,1.0000000695708284315088576477137394249439e+00
9142,1.0000000599536880141471328897750936448574e+00
9143,1.0000000497334506910362961207283660769463e+00
9144,1.0000000394161239203327795621589757502079e+00
9145,1.0000000295705067099305551892030052840710e+00
9146,1.0000000207844101929310909326886758208275e+00
9147,1.0000000136162847663712227586074732244015e+00
9148,1.0000000085435176711001759031205438077450e+00
9149,1.0000000059155109699560171065968461334705e+00
9150,1.0000000059157025944500674086157232522964e+00
9151,1.0000000085438480734723043497069738805294e+00
9152,1.0000000136162068287148940726183354854584e+00
9153,1.0000000207843087185466401933808811008930e+00
9154,1.0000000295701760855138218175852671265602e+00
9155,1.0000000394161223660205450869398191571236e+00
9156,1.0000000497335517213315370099735446274281e+00
9157,1.0000000599534186740413588267983868718147e+00
9158,1.0000000695708861631061381558538414537907e+00
9159,1.0000000674916504905809233605396002531052e+00
9160,1.0000000579952881274437004321953281760216e+00
9161,1.0000000481582871358909869741182774305344e+00
9162,1.0000000384982277168433029146399348974228e+00
9163,1.0000000295701607644360819904250092804432e+00
9164,1.0000000219252422883897679639630950987339e+00
9165,1.0000000160598672138689835264813154935837e+00
9166,1.0000000123703411958331344067119061946869e+00
9167,1.0000000111105435962599585764110088348389e+00
9168,1.0000000123702221799248945899307727813721e+00
9169,1.0000000160599027410057715314906090497971e+00
9170,1.0000000219254336908392133409506641328335e+00
9171,1.0000000295708026953889202559366822242737e+00
9172,1.0000000384982874468420277480618096888065e+00
9173,1.0000000481587376643943798626423813402653e+00
9174,1.0000000579951013879309584808652289211750e+00
9175,1.0000000674911413423018302637501619756222e+00
9176,1.0000000664175958675627953198272734880447e+00
9177,1.0000000573283485127973335693241097033024e+00
9178,1.0000000481583637412796861099195666611195e+00
9179,1.0000000394161387973213095392566174268723e+00
9180,1.0000000316224071372772641552728600800037e+00
9181,1.0000000252699565717051655155955813825130e+00
9182,1.0000000207777370864192789667868055403233e+00
9183,1.0000000184509225675810739630833268165588e+00
9184,1.0000000184511890211069840006530284881592e+00
9185,1.0000000207780028738113742292625829577446e+00
9186,1.0000000252698808544948860799195244908333e+00
9187,1.0000000316226769214722480683121830224991e+00
9188,1.0000000394157761984814669631305150687695e+00
9189,1.0000000481583977141042396397097036242485e+00
9190,1.0000000573281746518716772698098793625832e+00
9191,1.0000000664177046694192085851682350039482e+00
9192,1.0000000664180477283338177585392259061337e+00
9193,1.0000000579950276691221233704709447920322e+00
9194,1.0000000497334731175413935488904826343060e+00
9195,1.0000000421074228817985840578330680727959e+00
9196,1.0000000355864395729099669551942497491837e+00
9197,1.0000000305886131979349329412798397243023e+00
9198,1.0000000274471332328829475954989902675152e+00
9199,1.0000000263752821805240955654880963265896e+00
9200,1.0000000274472227168587323831161484122276e+00
9201,1.0000000305888248064434264961164444684982e+00
9202,1.0000000355862759260361372071201913058758e+00
9203,1.0000000421073185208342692931182682514191e+00
9204,1.0000000497331169579950937986723147332668e+00
9205,1.0000000579950678591956148011377081274986e+00
9206,1.0000000664175325848503916859044693410397e+00
9207,1.0000000674913105402907831376069225370884e+00
9208,1.0000000599536156276059273295686580240726e+00
9209,1.0000000527786707671396015939535573124886e+00
9210,1.0000000463929092919812546824687160551548e+00
9211,1.0000000411961216251199857651954516768456e+00
9212,1.0000000375261099971879730219370685517788e+00
9213,1.0000000356268547996307916037039831280708e+00
9214,1.0000000356270088985866095754317939281464e+00
9215,1.0000000375263766727584879845380783081055e+00
9216,1.0000000411963865243336613275459967553616e+00
9217,1.0000000463927474214642643346451222896576e+00
9218,1.0000000527783960979633093302254565060139e+00
9219,1.0000000599534399903234316298039630055428e+00
9220,1.0000000674909494957631750366999767720699e+00
9221,1.0000000695709494458185417897766456007957e+00
9222,1.0000000630764365183722475194372236728668e+00
9223,1.0000000570955978052012369516887702047825e+00
9224,1.0000000519908616158915037885890342295170e+00
9225,1.0000000480857407225698807451408356428146e+00
9226,1.0000000456339888099677182253799401223660e+00
9227,1.0000000447984129792189378349576145410538e+00
9228,1.0000000456341504584401036481722258031368e+00
9229,1.0000000480859743134942618780769407749176e+00
9230,1.0000000519906726559327125869458541274071e+00
9231,1.0000000570956573131553568600793369114399e+00
9232,1.0000000630764203091160879921517334878445e+00
9233,1.0000000695705688613657002861145883798599e+00
9234,1.0000000725256767974968852286110632121563e+00
9235,1.0000000671658175743772289933986030519009e+00
9236,1.0000000624076224031711035422631539404392e+00
9237,1.0000000585451283008353584591532126069069e+00
9238,1.0000000558217427837348623143043369054794e+00
9239,1.0000000544145843939247697562677785754204e+00
9240,1.0000000544144516112510245875455439090729e+00
9241,1.0000000558217332358168505379580892622471e+00
9242,1.0000000585450752321747813766705803573132e+00
9243,1.0000000624077025612734814785653725266457e+00
9244,1.0000000671659190487616797327063977718353e+00
9245,1.0000000725258848532916999829467386007309e+00
9246,1.0000000761739946675277224130695685744286e+00
9247,1.0000000719662744952387356534018181264400e+00
9248,1.0000000683866787642983808837016113102436e+00
9249,1.0000000656552796574061403589439578354359e+00
9250,1.0000000639440025373971820954466238617897e+00
9251,1.0000000633615302447765316173899918794632e+00
9252,1.0000000639440871363916585323750041425228e+00
9253,1.0000000656554011158050343510694801807404e+00
9254,1.0000000683867209527733166396501474082470e+00
9255,1.0000000719667654358602248976239934563637e+00
9256,1.0000000761737848353760682584834285080433e+00
9257,1.0000000802936457322545038550742901861668e+00
9258,1.0000000771884156591795544954948127269745e+00
9259,1.0000000746765316250730393221601843833923e+00
9260,1.0000000729113458497465671825921162962914e+00
9261,1.0000000720007982124570844462141394615173e+00
9262,1.0000000720007544696699142150464467704296e+00
9263,1.0000000729114417730158947961172088980675e+00
9264,1.0000000746766468662229954134090803563595e+00
9265,1.0000000771880583894102301201201044023037e+00
9266,1.0000000802934594368309717538068071007729e+00
9267,1.0000000846396419618145046115387231111526e+00
9268,1.0000000825281087912799193873070180416107e+00
9269,1.0000000809242417521005563685321249067783e+00
9270,1.0000000799224637582085506437579169869423e+00
9271,1.0000000795816776921753898932365700602531e+00
9272,1.0000000799223103253865474471240304410458e+00
9273,1.0000000809244882216120231532840989530087e+00
9274,1.0000000825280626060020949807949364185333e+00
9275,1.0000000846392840259113654610700905323029e+00
9276,1.0000000889634588219223587657324969768524e+00
9277,1.0000000876920240866496669696061871945858e+00
9278,1.0000000868026177602843063141335733234882e+00
9279,1.0000000863455362765108702660654671490192e+00
9280,1.0000000863458451405563209846150130033493e+00
9281,1.0000000868024980782422517222585156559944e+00
9282,1.0000000876912062963697280792985111474991e+00
9283,1.0000000889633628986530311522074043750763e+00
9284,1.0000000930272037180657207500189542770386e+00
9285,1.0000000924118073175606014046934433281422e+00
9286,1.0000000920311198360224125281092710793018e+00
9287,1.0000000919024127910006427555344998836517e+00
9288,1.0000000920314868757543536048615351319313e+00
9289,1.0000000924120313605669707612833008170128e+00
9290,1.0000000930272665566889145338791422545910e+00
9291,1.0000000966191555651363387369201518595219e+00
9292,1.0000000964664121916314343252452090382576e+00
9293,1.0000000963901045647475029909401200711727e+00
9294,1.0000000963902964112861582179903052747250e+00
9295,1.0000000964667081770897993919788859784603e+00
9296,1.0000000966194966256495035850093699991703e+00
9297,1.0000000995672679859893605680554173886776e+00
9298,1.0000000996861921898073433112585917115211e+00
9299,1.0000000997276266012647738534724339842796e+00
9300,1.0000000996861899693612940609455108642578e+00
9301,1.0000000995667701619851186478626914322376e+00
9302,1.0000001017416462190112724783830344676971e+00
9303,1.0000001019592186235485087308916263282299e+00
9304,1.0000001019591171491640579915838316082954e+00
9305,1.0000001017419386517559587446157820522785e+00
9306,1.0000001030637002408241187367821112275124e+00
9307,1.0000001032310759097043728615972213447094e+00
9308,1.0000001030638041576992236514342948794365e+00
9309,1.0000001035014998151950749161187559366226e+00
9310,1.0000001035011816252762173462542705237865e+00
9311,1.0000001030638394627914067314122803509235e+00
9312,1.0000001030638971943886872395523823797703e+00
9313,1.0000001035013605932277869214885868132114e+00
9314,1.0000001030638099308589517022483050823212e+00
9315,1.0000001017421173976629233948187902569771e+00
9316,1.0000000995673195003377031753188930451870e+00
9317,1.0000000966196711527089746596175245940685e+00
9318,1.0000000930270629417861982801696285605431e+00
9319,1.0000000889632933986916896174079738557339e+00
9320,1.0000000846398073850451737598632462322712e+00
9321,1.0000000802931177101839921306236647069454e+00
9322,1.0000000761737841692422534833895042538643e+00
9323,1.0000000725258588740729237542836926877499e+00
9324,1.0000000695708970432917794823879376053810e+00
9325,1.0000000674909372833099041599780321121216e+00
9326,1.0000000664176924569659377084462903439999e+00
9327,1.0000000664177268738797010882990434765816e+00
9328,1.0000000674910576314857735269470140337944e+00
9329,1.0000000695704207576142152902320958673954e+00
9330,1.0000000725259081679752171112340874969959e+00
9331,1.0000000761737000143369868965237401425838e+00
9332,1.0000000802933668442307180157513357698917e+00
9333,1.0000000846395693532286941263009794056416e+00
9334,1.0000000889635483058981435533496551215649e+00
9335,1.0000000930271411014871318911900743842125e+00
9336,1.0000000966191571194485732121393084526062e+00
9337,1.0000000995673590242773798308917321264744e+00
9338,1.0000001017419768434280058500007726252079e+00
9339,1.0000001030640270904825683828676119446754e+00
9340,1.0000001035007015648403694285661913454533e+00
9341,1.0000001030637475363249677684507332742214e+00
9342,1.0000001035007652916419829125516116619110e+00
9343,1.0000001032303997838823761412641033530235e+00
9344,1.0000001019590996076402689141104929149151e+00
9345,1.0000000996860967106272255477961152791977e+00
9346,1.0000000964666702074623572116252034902573e+00
9347,1.0000000924121066336880403468967415392399e+00
9348,1.0000000876911432357019293704070150852203e+00
9349,1.0000000825281893934715071736718527972698e+00
9350,1.0000000771886514705499848787439987063408e+00
9351,1.0000000719664055015556414218735881149769e+00
9352,1.0000000671662263584948959760367870330811e+00
9353,1.0000000630765437659164263095590285956860e+00
9354,1.0000000599536924550392313904012553393841e+00
9355,1.0000000579950039103493963921209797263145e+00
9356,1.0000000573282481486359074551728554069996e+00
9357,1.0000000579951247026144756091525778174400e+00
9358,1.0000000599535359135927592433290556073189e+00
9359,1.0000000630770111698097935004625469446182e+00
9360,1.0000000671656228412587097409414127469063e+00
9361,1.0000000719663502124490150890778750181198e+00
9362,1.0000000771880088734633318381384015083313e+00
9363,1.0000000825283505978546827464015223085880e+00
9364,1.0000000876919954428956316405674442648888e+00
9365,1.0000000924123773060614439600612968206406e+00
9366,1.0000000964668793734801965911174193024635e+00
9367,1.0000000996861819757555167598184198141098e+00
9368,1.0000001019592106299427314297645352780819e+00
9369,1.0000001032310161797056480281753465533257e+00
9370,1.0000001035013506012205652950797230005264e+00
9371,1.0000001030637957200042365002445876598358e+00
9372,1.0000001019588640183144434558926150202751e+00
9373,1.0000000997277764813730982496053911745548e+00
9374,1.0000000963902087036672128306236118078232e+00
9375,1.0000000920311740149060142357484437525272e+00
9376,1.0000000868027660860803962350473739206791e+00
9377,1.0000000809244564692335188738070428371429e+00
9378,1.0000000746765489445522234746022149920464e+00
9379,1.0000000683867393824755254172487184405327e+00
9380,1.0000000624076927913108647771878167986870e+00
9381,1.0000000570953313516753269141190685331821e+00
9382,1.0000000527785004589276240949402563273907e+00
9383,1.0000000497334233795498903418774716556072e+00
9384,1.0000000481585098466297267805202864110470e+00
9385,1.0000000481583803946250554872676730155945e+00
9386,1.0000000497332490745350241923006251454353e+00
9387,1.0000000527785695147997557796770706772804e+00
9388,1.0000000570953107015270688862074166536331e+00
9389,1.0000000624077713951010082382708787918091e+00
9390,1.0000000683867686923633755213813856244087e+00
9391,1.0000000746765949077854429560829885303974e+00
9392,1.0000000809242195476400638654013164341450e+00
9393,1.0000000868023091182834605206153355538845e+00
9394,1.0000000920308562690763665159465745091438e+00
9395,1.0000000963905131268205650485469959676266e+00
9396,1.0000000997271389913123584847198799252510e+00
9397,1.0000001019590656348157153843203559517860e+00
9398,1.0000001030639231736074634682154282927513e+00
9399,1.0000001017420925286671717913122847676277e+00
9400,1.0000000996862452584679203937412239611149e+00
9401,1.0000000963899722261629676722805015742779e+00
9402,1.0000000919021512224560410686535760760307e+00
9403,1.0000000863456275368434944539330899715424e+00
9404,1.0000000799223169867246951980632729828358e+00
9405,1.0000000729112923369967802500468678772449e+00
9406,1.0000000656555070310815835910034365952015e+00
9407,1.0000000585450083967486989422468468546867e+00
9408,1.0000000519903315954195477388566359877586e+00
9409,1.0000000463933267358385137413279153406620e+00
9410,1.0000000421075512235802307259291410446167e+00
9411,1.0000000394163868211450107992277480661869e+00
9412,1.0000000384980600731665845160023309290409e+00
9413,1.0000000394161319139385568632860668003559e+00
9414,1.0000000421077961387794630354619584977627e+00
9415,1.0000000463931004723860951344249770045280e+00
9416,1.0000000519909368890125733742024749517441e+00
9417,1.0000000585449506651514184341067448258400e+00
9418,1.0000000656556531364316242616041563451290e+00
9419,1.0000000729114530972907459727139212191105e+00
9420,1.0000000799223669467608033301075920462608e+00
9421,1.0000000863456000033124837500508874654770e+00
9422,1.0000000919017082434692156311939470469952e+00
9423,1.0000000963901798378685725765535607933998e+00
9424,1.0000000996861868607368251105071976780891e+00
9425,1.0000001017421438209709094735444523394108e+00
9426,1.0000000995673461456902941790758632123470e+00
9427,1.0000000964665087810345767138642258942127e+00
9428,1.0000000920309566332377926300978288054466e+00
9429,1.0000000863459608257954869259265251457691e+00
9430,1.0000000795822647781108116760151460766792e+00
9431,1.0000000720006414489660073741106316447258e+00
9432,1.0000000639442154781733052004710771143436e+00
9433,1.0000000558216455281979051505913957953453e+00
9434,1.0000000480857740292606194998370483517647e+00
9435,1.0000000411964358182359546844963915646076e+00
9436,1.0000000355859699485705505139776505529881e+00
9437,1.0000000316222965590640114896814338862896e+00
9438,1.0000000295705764319365016490337438881397e+00
9439,1.0000000295705464559148367698071524500847e+00
9440,1.0000000316225037266804065438918769359589e+00
9441,1.0000000355864149259588202767190523445606e+00
9442,1.0000000411966185609458079852629452943802e+00
9443,1.0000000480859367879560295477858744561672e+00
9444,1.0000000558219990232089458004338666796684e+00
9445,1.0000000639443038519260653629316948354244e+00
9446,1.0000000720008366261737364766304381191730e+00
9447,1.0000000795821273325003630816354416310787e+00
9448,1.0000000863454985289280330107430927455425e+00
9449,1.0000000920314287000678632466588169336319e+00
9450,1.0000000964666095892852126780780963599682e+00
9451,1.0000000995671385339846892748028039932251e+00
9452,1.0000000966196027629706577499746344983578e+00
9453,1.0000000924120029388575403572758659720421e+00
9454,1.0000000868025751277201607081224210560322e+00
9455,1.0000000799226282932608000919572077691555e+00
9456,1.0000000720006025911601454936317168176174e+00
9457,1.0000000633612664557858806801959872245789e+00
9458,1.0000000544145539738138950269785709679127e+00
9459,1.0000000456342457155756164866033941507339e+00
9460,1.0000000375261448581909462518524378538132e+00
9461,1.0000000305886227458529447176260873675346e+00
9462,1.0000000252701537473143389433971606194973e+00
9463,1.0000000219250606559029392883530817925930e+00
9464,1.0000000207842769661681359139038249850273e+00
9465,1.0000000219252431765681876640883274376392e+00
9466,1.0000000252698935110373668067040853202343e+00
9467,1.0000000305890579532785977789899334311485e+00
9468,1.0000000375259596729904387757414951920509e+00
9469,1.0000000456340489840556529088644310832024e+00
9470,1.0000000544144165282034464325988665223122e+00
9471,1.0000000633611596523309117401367984712124e+00
9472,1.0000000720007056198568307081586681306362e+00
9473,1.0000000799227106718092272785725072026253e+00
9474,1.0000000868025995526267024615663103759289e+00
9475,1.0000000924120091561064782581524923443794e+00
9476,1.0000000966193061113784779081470333039761e+00
9477,1.0000000930275805277602785281487740576267e+00
9478,1.0000000876913863745443222796893678605556e+00
9479,1.0000000809239648624782148544909432530403e+00
9480,1.0000000729112574759938070201314985752106e+00
9481,1.0000000639439456939783212874317541718483e+00
9482,1.0000000544141909308848426007898524403572e+00
9483,1.0000000447980850193374635637155734002590e+00
9484,1.0000000356266893764001224553794600069523e+00
9485,1.0000000274470877137389379640808328986168e+00
9486,1.0000000207777137717357618384994566440582e+00
9487,1.0000000160599356036073004361242055892944e+00
9488,1.0000000136161939501278084208024665713310e+00
9489,1.0000000136161937280832034957711584866047e+00
9490,1.0000000160597355414182629829156212508678e+00
9491,1.0000000207777710592438324965769425034523e+00
9492,1.0000000274474281081182880370761267840862e+00
9493,1.0000000356267171319757380842929705977440e+00
9494,1.0000000447982406726055160106625407934189e+00
9495,1.0000000544145184466771070219692774116993e+00
9496,1.0000000639442212513330332512850873172283e+00
9497,1.0000000729113829311955896628205664455891e+00
9498,1.0000000809245708222050552649307064712048e+00
9499,1.0000000876919015180277483523241244256496e+00
9500,1.0000000930266197407547679176786914467812e+00
9501,1.0000000889631515121891425224021077156067e+00
9502,1.0000000825280064287170489478739909827709e+00
9503,1.0000000746766495307582545137847773730755e+00
9504,1.0000000656552197053628106004907749593258e+00
9505,1.0000000558218156143652777245733886957169e+00
9506,1.0000000456342399424158884357893839478493e+00
9507,1.0000000356268441414897552022011950612068e+00
9508,1.0000000263752395479599499594769440591335e+00
9509,1.0000000184512984890972120410879142582417e+00
9510,1.0000000123701622278815648314775899052620e+00
9511,1.0000000085436355767853910947451367974281e+00
9512,1.0000000072378543158890806807903572916985e+00
9513,1.0000000085436855368214992267894558608532e+00
9514,1.0000000123702448284745969431241974234581e+00
9515,1.0000000184509030276558405603282153606415e+00
9516,1.0000000263758714869055665985797531902790e+00
9517,1.0000000356266556256201738506206311285496e+00
9518,1.0000000456341411325666967968572862446308e+00
9519,1.0000000558219219737310368145699612796307e+00
9520,1.0000000656554097755446264272904954850674e+00
9521,1.0000000746763506587200254216440953314304e+00
9522,1.0000000825280990213173026859294623136520e+00
9523,1.0000000889636351253386692405911162495613e+00
9524,1.0000000846395900033769521542126312851906e+00
9525,1.0000000771884760553120941040106117725372e+00
9526,1.0000000683866030470881014480255544185638e+00
9527,1.0000000585451076506871004312415607273579e+00
9528,1.0000000480856723328315638354979455471039e+00
9529,1.0000000375261395291204280511010438203812e+00
9530,1.0000000274476756878527794469846412539482e+00
9531,1.0000000184510724476893983592162840068340e+00
9532,1.0000000111106301936558793386211618781090e+00
9533,1.0000000059157267973120042370283044874668e+00
9534,1.0000000032232996272085756572778336703777e+00
9535,1.0000000032231215474354257821687497198582e+00
9536,1.0000000059154019460549989162245765328407e+00
9537,1.0000000111107056888215538492659106850624e+00
9538,1.0000000184513111456396927678724750876427e+00
9539,1.0000000274471181338498126933700405061245e+00
9540,1.0000000375260285068179655354470014572144e+00
9541,1.0000000480857371698562019446399062871933e+00
9542,1.0000000585449420054118263578857295215130e+00
9543,1.0000000683867893425116335492930375039577e+00
9544,1.0000000771880841465844014237518422305584e+00
9545,1.0000000846394117015591973540722392499447e+00
9546,1.0000000802935111732239192861015908420086e+00
9547,1.0000000719665844695072109971079044044018e+00
9548,1.0000000624079554700784910892252810299397e+00
9549,1.0000000519907012996867479159845970571041e+00
9550,1.0000000411964971025469139931374229490757e+00
9551,1.0000000305886720397552380745764821767807e+00
9552,1.0000000207781147842922564450418576598167e+00
9553,1.0000000123701136001130862496211193501949e+00
9554,1.0000000059157445608803982395329512655735e+00
9555,1.0000000018525063705254751766915433108807e+00
9556,1.0000000004658990970796139663434587419033e+00
9557,1.0000000018531598477977695438312366604805e+00
9558,1.0000000059157605480919528417871333658695e+00
9559,1.0000000123700467646870038151973858475685e+00
9560,1.0000000207774839555696644310955889523029e+00
9561,1.0000000305886924678588911774568259716034e+00
9562,1.0000000411964253821395232080249115824699e+00
9563,1.0000000519909184593103645966039039194584e+00
9564,1.0000000624078289046536838213796727359295e+00
9565,1.0000000719660351311546264696517027914524e+00
9566,1.0000000802930555376946131218574009835720e+00
9567,1.0000000761740297505753005680162459611893e+00
9568,1.0000000671657565121108746097888797521591e+00
9569,1.0000000570956695256086277368012815713882e+00
9570,1.0000000463927722904600159381516277790070e+00
9571,1.0000000355865328316440354683436453342438e+00
9572,1.0000000252698955094388111319858580827713e+00
9573,1.0000000160599995524535188451409339904785e+00
9574,1.0000000085441265174068803389673121273518e+00
9575,1.0000000032233991031915820713038556277752e+00
9576,1.0000000004659170826926128938794136047363e+00
9577,1.0000000004660918317966888935188762843609e+00
9578,1.0000000032230558222323679729015566408634e+00
9579,1.0000000085439741948079017674899660050869e+00
9580,1.0000000160600366339025413253693841397762e+00
9581,1.0000000252699221547914021357428282499313e+00
9582,1.0000000355862592726907678297720849514008e+00
9583,1.0000000463926359550725919689284637570381e+00
9584,1.0000000570954061807071866496698930859566e+00
9585,1.0000000671661231077536058364785276353359e+00
9586,1.0000000761737286580910222255624830722809e+00
9587,1.0000000725258877398715640083537437021732e+00
9588,1.0000000630767995613012999456259422004223e+00
9589,1.0000000527789341120410426810849457979202e+00
9590,1.0000000421075518897140455010230652987957e+00
9591,1.0000000316224129104369922060868702828884e+00
9592,1.0000000219252600519581619664677418768406e+00
9593,1.0000000136161657504629829418263398110867e+00
9594,1.0000000072376964421749789835303090512753e+00
9595,1.0000000032234357405513947014696896076202e+00
9596,1.0000000018530863510335393584682606160641e+00
9597,1.0000000032231204372124011570122092962265e+00
9598,1.0000000072377754900543322946759872138500e+00
9599,1.0000000136159785668610311404336243867874e+00
9600,1.0000000219253393218821202026447281241417e+00
9601,1.0000000316222166230062384784105233848095e+00
9602,1.0000000421078301116040165652520954608917e+00
9603,1.0000000527785233295219313731649890542030e+00
9604,1.0000000630768046683272132213460281491280e+00
9605,1.0000000725258879619161689333850517868996e+00
9606,1.0000000695704458486545718187699094414711e+00
9607,1.0000000599539544676730429273447953164577e+00
9608,1.0000000497331764659492137070628814399242e+00
9609,1.0000000394161236982881746371276676654816e+00
9610,1.0000000295700672836574085522443056106567e+00
9611,1.0000000207841908128614250017562881112099e+00
9612,1.0000000136160516195360514757339842617512e+00
9613,1.0000000085437461549986437603365629911423e+00
9614,1.0000000059155047527070792057202197611332e+00
9615,1.0000000059153777431930620878119952976704e+00
9616,1.0000000085439570973733225400792434811592e+00
9617,1.0000000136161624197939090663567185401917e+00
9618,1.0000000207842176802586209305445663630962e+00
9619,1.0000000295701649832835755660198628902435e+00
9620,1.0000000394159103134228416820405982434750e+00
9621,1.0000000497333350057971301794168539345264e+00
9622,1.0000000599536329470851114820106886327267e+00
9623,1.0000000695705533182433555339230224490166e+00
9624,1.0000000674911879716688645203248597681522e+00
9625,1.0000000579951018320201683309278450906277e+00
9626,1.0000000481585356038038980841520242393017e+00
9627,1.0000000384981475587409249783377163112164e+00
9628,1.0000000295700608443638657263363711535931e+00
9629,1.0000000219253926125873022101586684584618e+00
9630,1.0000000160599555876217436889419332146645e+00
9631,1.0000000123701748844240455582621507346630e+00
9632,1.0000000111107927303066844615386798977852e+00
9633,1.0000000123701260346109620513743720948696e+00
9634,1.0000000160598898624186858796747401356697e+00
9635,1.0000000219256617306484713481040671467781e+00
9636,1.0000000295702655694896066052024252712727e+00
9637,1.0000000384982035139813660862273536622524e+00
9638,1.0000000481584727651807043002918362617493e+00
9639,1.0000000579949195333995248802239075303078e+00
9640,1.0000000674913960274636792746605351567268e+00
9641,1.0000000664175623388274516400997526943684e+00
9642,1.0000000573280600768555359536549076437950e+00
9643,1.0000000481582178579742503643501549959183e+00
9644,1.0000000394162218420035515009658411145210e+00
9645,1.0000000316225103880185542948311194777489e+00
9646,1.0000000252697749392183368399855680763721e+00
9647,1.0000000207778951821779855890781618654728e+00
9648,1.0000000184512343182063887070398777723312e+00
9649,1.0000000184512423118121660081669688224792e+00
9650,1.0000000207780082028818924300139769911766e+00
9651,1.0000000252697611724528314880444668233395e+00
9652,1.0000000316219306295550950380857102572918e+00
9653,1.0000000394158790051335472526261582970619e+00
9654,1.0000000481584421230252246459713205695152e+00
9655,1.0000000573282108451422800499130971729755e+00
9656,1.0000000664175656694965255155693739652634e+00
9657,1.0000000664176558196061250782804563641548e+00
9658,1.0000000579953305379632411131751723587513e+00
9659,1.0000000497332131033090263372287154197693e+00
9660,1.0000000421076347123516825377009809017181e+00
9661,1.0000000355863492007557624674518592655659e+00
9662,1.0000000305885923257420699883368797600269e+00
9663,1.0000000274471920747032527287956327199936e+00
9664,1.0000000263756660956460109446197748184204e+00
9665,1.0000000274468932026650236366549506783485e+00
9666,1.0000000305889225060695935098920017480850e+00
9667,1.0000000355860587664125205265008844435215e+00
9668,1.0000000421076236101214362861355766654015e+00
9669,1.0000000497335177485069834801834076642990e+00
9670,1.0000000579952843526854167066630907356739e+00
9671,1.0000000664174506503911743493517860770226e+00
9672,1.0000000674911764253494084186968393623829e+00
9673,1.0000000599537319789789080459740944206715e+00
9674,1.0000000527785875004127547072130255401134e+00
9675,1.0000000463929701322030041410471312701702e+00
9676,1.0000000411963847479768219272955320775509e+00
9677,1.0000000375261945961824494588654488325119e+00
9678,1.0000000356264338030598537443438544869423e+00
9679,1.0000000356268317069918794004479423165321e+00
9680,1.0000000375262569907164333926630206406116e+00
9681,1.0000000411962572943735949593246914446354e+00
9682,1.0000000463931246752480319628375582396984e+00
9683,1.0000000527785282145032397238537669181824e+00
9684,1.0000000599535332490575001429533585906029e+00
9685,1.0000000674913134268706471630139276385307e+00
9686,1.0000000695710009601668843970401212573051e+00
9687,1.0000000630768830500727517573977820575237e+00
9688,1.0000000570954894474340335364104248583317e+00
9689,1.0000000519909593155176708023645915091038e+00
9690,1.0000000480856856555078593373764306306839e+00
9691,1.0000000456339457333143627693061716854572e+00
9692,1.0000000447987178464614999029436148703098e+00
9693,1.0000000456343582921903134774765931069851e+00
9694,1.0000000480859487783646954994765110313892e+00
9695,1.0000000519909184593103645966039039194584e+00
9696,1.0000000570951974587785571202402934432030e+00
9697,1.0000000630766523457282346498686820268631e+00
9698,1.0000000695704158726329069395433180034161e+00
9699,1.0000000725259268197220308138639666140079e+00
9700,1.0000000671655724371333917588344775140285e+00
9701,1.0000000624076843536158776259981095790863e+00
9702,1.0000000585449986267860822408692911267281e+00
9703,1.0000000558219899193801438741502352058887e+00
9704,1.0000000544147658043669935068464837968349e+00
9705,1.0000000544143547998032772738952189683914e+00
9706,1.0000000558220532020925475080730393528938e+00
9707,1.0000000585452781809436828552861697971821e+00
9708,1.0000000624078637656566570512950420379639e+00
9709,1.0000000671659710071992321900324895977974e+00
9710,1.0000000725258346712109869258711114525795e+00
9711,1.0000000761741121291237277546315453946590e+00
9712,1.0000000719666641835203790833475068211555e+00
9713,1.0000000683867591444453637450351379811764e+00
9714,1.0000000656552907596363866105093620717525e+00
9715,1.0000000639438573202255611249711364507675e+00
9716,1.0000000633609922306987982665305025875568e+00
9717,1.0000000639437662819375418621348217129707e+00
9718,1.0000000656555045885909294156590476632118e+00
9719,1.0000000683869023632155403902288526296616e+00
9720,1.0000000719663997283959133710595779120922e+00
9721,1.0000000761742482424665467988234013319016e+00
9722,1.0000000802934490007345402773353271186352e+00
9723,1.0000000771882886496655373775865882635117e+00
9724,1.0000000746764432513202791596995666623116e+00
9725,1.0000000729112310526858209414058364927769e+00
9726,1.0000000720008239696312557498458772897720e+00
9727,1.0000000720007367061015202125417999923229e+00
9728,1.0000000729112534791909183695679530501366e+00
9729,1.0000000746763824110985297011211514472961e+00
9730,1.0000000771883343908541519340360537171364e+00
9731,1.0000000802928930010438079989398829638958e+00
9732,1.0000000846394292430829864315455779433250e+00
9733,1.0000000825281736283045574964489787817001e+00
9734,1.0000000809243647648116848358768038451672e+00
9735,1.0000000799224182390645410123397596180439e+00
9736,1.0000000795821726295997677880222909152508e+00
9737,1.0000000799226800296537476242519915103912e+00
9738,1.0000000809241713639607951336074620485306e+00
9739,1.0000000825281367689001399412518367171288e+00
9740,1.0000000846395640241581759255495853722095e+00
9741,1.0000000889637421508382431056816130876541e+00
9742,1.0000000876914094671832344829454086720943e+00
9743,1.0000000868028404710230461205355823040009e+00
9744,1.0000000863456743882551336355390958487988e+00
9745,1.0000000863454812094488488583010621368885e+00
9746,1.0000000868027076883493009518133476376534e+00
9747,1.0000000876917971570634335876093246042728e+00
9748,1.0000000889636055934062142114271409809589e+00
9749,1.0000000930269832277730301939300261437893e+00
9750,1.0000000924122607326438583186245523393154e+00
9751,1.0000000920311238328253011786728166043758e+00
9752,1.0000000919021820866561256480053998529911e+00
9753,1.0000000920312579477666758975828997790813e+00
9754,1.0000000924120866496735970940790139138699e+00
9755,1.0000000930271020216366650856798514723778e+00
9756,1.0000000966195004004077873105416074395180e+00
9757,1.0000000964666502234479139588074758648872e+00
9758,1.0000000963901960471247321038390509784222e+00
9759,1.0000000963902226924773231075960211455822e+00
9760,1.0000000964667692393561537755886092782021e+00
9761,1.0000000966196833651622455363394692540169e+00
9762,1.0000000995671372017170597246149554848671e+00
9763,1.0000000996863622759747158852405846118927e+00
9764,1.0000000997273508218654569645877927541733e+00
9765,1.0000000996863511737444696336751803755760e+00
9766,1.0000000995669027226142588915536180138588e+00
9767,1.0000001017418556070737167829065583646297e+00
9768,1.0000001019590929463021211631712503731251e+00
9769,1.0000001019590136763781629269942641258240e+00
9770,1.0000001017423343352419351504067890346050e+00
9771,1.0000001030639396049082279205322265625000e+00
9772,1.0000001032312011428615505792549811303616e+00
9773,1.0000001030642085009247921334463171660900e+00
9774,1.0000001035005836591551542369415983557701e+00
9775,1.0000001035010976924155556844198144972324e+00
9776,1.0000001030637180043925127392867580056190e+00
9777,1.0000001030631757714672858128324151039124e+00
9778,1.0000001035007151095612698554759845137596e+00
9779,1.0000001030638674404116272853570990264416e+00
9780,1.0000001017416701998286043817643076181412e+00
9781,1.0000000995669424685985404721577651798725e+00
9782,1.0000000966193369755785624874988570809364e+00
9783,1.0000000930269727916765987174585461616516e+00
9784,1.0000000889637308265633919290849007666111e+00
9785,1.0000000846396452924835784870083443820477e+00
9786,1.0000000802930169019333561664097942411900e+00
9787,1.0000000761737963816955243601114489138126e+00
9788,1.0000000725260609346634055327740497887135e+00
9789,1.0000000695704192033019808150129392743111e+00
9790,1.0000000674910323184008120733778923749924e+00
9791,1.0000000664174730768962717775139026343822e+00
9792,1.0000000664174064635147942681214772164822e+00
9793,1.0000000674910820563923152803909033536911e+00
9794,1.0000000695704986952705439762212336063385e+00
9795,1.0000000725256956712883038562722504138947e+00
9796,1.0000000761738154775315479128039442002773e+00
9797,1.0000000802931379162430403084727004170418e+00
9798,1.0000000846393266584755110670812427997589e+00
9799,1.0000000889636488921041745925322175025940e+00
9800,1.0000000930272843202573085363837890326977e+00
9801,1.0000000966193260953929211609647609293461e+00
9802,1.0000000995669413583755158470012247562408e+00
9803,1.0000001017417596838043891693814657628536e+00
9804,1.0000001030642158283967546594794839620590e+00
9805,1.0000001035007426430922805593581870198250e+00
9806,1.0000001030635494725373746405239216983318e+00
9807,1.0000001035011585326373051429982297122478e+00
9808,1.0000001032310030790739574513281695544720e+00
9809,1.0000001019591160389410333664272911846638e+00
9810,1.0000000996864504276828711226698942482471e+00
9811,1.0000000964668227521059407081338576972485e+00
9812,1.0000000924117866674123433767817914485931e+00
9813,1.0000000876916861347609710719552822411060e+00
9814,1.0000000825282351346601217301213182508945e+00
9815,1.0000000771885149131179559844895265996456e+00
9816,1.0000000719666157777965054265223443508148e+00
9817,1.0000000671658253459384013694943860173225e+00
9818,1.0000000630767018616751329318503849208355e+00
9819,1.0000000599535494583136596702388487756252e+00
9820,1.0000000579952790236148985059116967022419e+00
9821,1.0000000573283589488937650457955896854401e+00
9822,1.0000000579953558510482025667442940175533e+00
9823,1.0000000599535447953769562445813789963722e+00
9824,1.0000000630767718057256843167124316096306e+00
9825,1.0000000671660389528483392496127635240555e+00
9826,1.0000000719663002524129069570335559546947e+00
9827,1.0000000771886441430780223527108319103718e+00
9828,1.0000000825283870131698904515360482037067e+00
9829,1.0000000876916692593709967695758678019047e+00
9830,1.0000000924120793222016345680458471179008e+00
9831,1.0000000964667548064568336485535837709904e+00
9832,1.0000000996864142344122683425666764378548e+00
9833,1.0000001019591291395727239432744681835175e+00
9834,1.0000001032307697101941812434233725070953e+00
9835,1.0000001035014314254567580064758658409119e+00
9836,1.0000001030642193811104334599804133176804e+00
9837,1.0000001019588773409907389577711001038551e+00
9838,1.0000000997274518521606978538329713046551e+00
9839,1.0000000963899560169068081449950113892555e+00
9840,1.0000000920312301921910602686693891882896e+00
9841,1.0000000868025955558238138110027648508549e+00
9842,1.0000000809243436705742169579025357961655e+00
9843,1.0000000746764705628066849385504610836506e+00
9844,1.0000000683870826634347395156510174274445e+00
9845,1.0000000624079261601906409850926138460636e+00
9846,1.0000000570952403133873076512827537953854e+00
9847,1.0000000527783887704913468041922897100449e+00
9848,1.0000000497333187965409706521313637495041e+00
9849,1.0000000481586215350660040712682530283928e+00
9850,1.0000000481586481804185950750252231955528e+00
9851,1.0000000497332526272487029928015545010567e+00
9852,1.0000000527786059301149634848115965723991e+00
9853,1.0000000570954288292568890028633177280426e+00
9854,1.0000000624078133615313390691881068050861e+00
9855,1.0000000683869276763005018437979742884636e+00
9856,1.0000000746764701187174750884878449141979e+00
9857,1.0000000809245095378940959562896750867367e+00
9858,1.0000000868026366340757249417947605252266e+00
9859,1.0000000920312468455364296460174955427647e+00
9860,1.0000000963899666750478445464977994561195e+00
9861,1.0000000997275779734962952716159634292126e+00
9862,1.0000001019593796058870793785899877548218e+00
9863,1.0000001030642904353840094699990004301071e+00
9864,1.0000001017419446469602917204611003398895e+00
9865,1.0000000996861146962402244753320701420307e+00
9866,1.0000000963904291939599033867125399410725e+00
9867,1.0000000919021323486646224409923888742924e+00
9868,1.0000000863456410815643948808428831398487e+00
9869,1.0000000799229709080861994152655825018883e+00
9870,1.0000000729113309727580372054944746196270e+00
9871,1.0000000656556500278071553111658431589603e+00
9872,1.0000000585450727896841272013261914253235e+00
9873,1.0000000519909539864471526016131974756718e+00
9874,1.0000000463929730187828681664541363716125e+00
9875,1.0000000421077617218656996556092053651810e+00
9876,1.0000000394162982253476457117358222603798e+00
9877,1.0000000384982694612290288205258548259735e+00
9878,1.0000000394161461247932720652897842228413e+00
9879,1.0000000421078318879608559655025601387024e+00
9880,1.0000000463931302263631550886202603578568e+00
9881,1.0000000519908263107993207086110487580299e+00
9882,1.0000000585447856860099591358448378741741e+00
9883,1.0000000656552405775556735534337349236012e+00
9884,1.0000000729115496866938883613329380750656e+00
9885,1.0000000799229471493134724369156174361706e+00
9886,1.0000000863458764488456154140294529497623e+00
9887,1.0000000919021976297784704001969657838345e+00
9888,1.0000000963903654671582899027271196246147e+00
9889,1.0000000996866933444806591069209389388561e+00
9890,1.0000001017418294058103356292122043669224e+00
9891,1.0000000995667837067060190747724846005440e+00
9892,1.0000000964670050507265841588377952575684e+00
9893,1.0000000920312379637522326447651721537113e+00
9894,1.0000000863453710753248060427722521126270e+00
9895,1.0000000795817018950373267216491512954235e+00
9896,1.0000000720006296806019463474513031542301e+00
9897,1.0000000639440087546461199963232502341270e+00
9898,1.0000000558218355983797209773911163210869e+00
9899,1.0000000480858923790350445415242575109005e+00
9900,1.0000000411965686009096998532186262309551e+00
9901,1.0000000355861660139566993166226893663406e+00
9902,1.0000000316219730400746357190655544400215e+00
9903,1.0000000295705939734602907265070825815201e+00
9904,1.0000000295705848696314888002234511077404e+00
9905,1.0000000316220118978804975995444692671299e+00
9906,1.0000000355864164802710547519382089376450e+00
9907,1.0000000411965015434390124937635846436024e+00
9908,1.0000000480857187401539931670413352549076e+00
9909,1.0000000558219075408317166875349357724190e+00
9910,1.0000000639440511651656606773030944168568e+00
9911,1.0000000720006758658797707539633847773075e+00
9912,1.0000000795819981025402967134141363203526e+00
9913,1.0000000863453528676672021902049891650677e+00
9914,1.0000000920308209639841834359685890376568e+00
9915,1.0000000964667778990957458518096245825291e+00
9916,1.0000000995669264813869858699035830795765e+00
9917,1.0000000966195499163546855925233103334904e+00
9918,1.0000000924122407486294150658068247139454e+00
9919,1.0000000868023959377239862078567966818810e+00
9920,1.0000000799226627101745634718099609017372e+00
9921,1.0000000720005493004549634861177764832973e+00
9922,1.0000000633615839795709234749665483832359e+00
9923,1.0000000544143894387616455787792801856995e+00
9924,1.0000000456342315047209012845996767282486e+00
9925,1.0000000375263584651008841319708153605461e+00
9926,1.0000000305889016338767305569490417838097e+00
9927,1.0000000252698209024515563214663416147232e+00
9928,1.0000000219254425726234103422029875218868e+00
9929,1.0000000207839825350220053223893046379089e+00
9930,1.0000000219257310085652079578721895813942e+00
9931,1.0000000252698411085106044993153773248196e+00
9932,1.0000000305889942264769842950045131146908e+00
9933,1.0000000375265709617877973869326524436474e+00
9934,1.0000000456339865895216689750668592751026e+00
9935,1.0000000544144516112510245875455439090729e+00
9936,1.0000000633613466138882586164982058107853e+00
9937,1.0000000720007427013058531883871182799339e+00
9938,1.0000000799223949243810238840524107217789e+00
9939,1.0000000868023386502159155497793108224869e+00
9940,1.0000000924119640810516784767969511449337e+00
9941,1.0000000966193602902620796157862059772015e+00
9942,1.0000000930276160548970665331580676138401e+00
9943,1.0000000876913042180405000181053765118122e+00
9944,1.0000000809238942522938486945349723100662e+00
9945,1.0000000729115636755039986383053474128246e+00
9946,1.0000000639439330374358405606471933424473e+00
9947,1.0000000544143961000997933297185227274895e+00
9948,1.0000000447984469520434913647477515041828e+00
9949,1.0000000356265623668861053374712355434895e+00
9950,1.0000000274469786898379197737085632979870e+00
9951,1.0000000207773622751261655139387585222721e+00
9952,1.0000000160600612808536880038445815443993e+00
9953,1.0000000136161013575275546827469952404499e+00
9954,1.0000000136160636099447174274246208369732e+00
9955,1.0000000160601574261676205424009822309017e+00
9956,1.0000000207774266680615937730181030929089e+00
9957,1.0000000274472944372661231682286597788334e+00
9958,1.0000000356268645695934083050815388560295e+00
9959,1.0000000447984469520434913647477515041828e+00
9960,1.0000000544141434133393886440899223089218e+00
9961,1.0000000639440875804808683824376203119755e+00
9962,1.0000000729114608688519183488097041845322e+00
9963,1.0000000809238682730750724658719263970852e+00
9964,1.0000000876912547020936017361236736178398e+00
9965,1.0000000930274497434879776847083121538162e+00
9966,1.0000000889634577116993341405759565532207e+00
9967,1.0000000825282799876703165864455513656139e+00
9968,1.0000000746767923054392213089158758521080e+00
9969,1.0000000656553249545055450653308071196079e+00
9970,1.0000000558219694912764907712698914110661e+00
9971,1.0000000456345494725951539294328540563583e+00
9972,1.0000000356267859658032648439984768629074e+00
9973,1.0000000263752182316778771564713679254055e+00
9974,1.0000000184514894474574475680128671228886e+00
9975,1.0000000123700218956912522116908803582191e+00
9976,1.0000000085437972252577765175374224781990e+00
9977,1.0000000072372763337824608242954127490520e+00
9978,1.0000000085437767971541234146570786833763e+00
9979,1.0000000123700281129401901125675067305565e+00
9980,1.0000000184512716217000161122996360063553e+00
9981,1.0000000263755206564297850491129793226719e+00
9982,1.0000000356266893764001224553794600069523e+00
9983,1.0000000456342938992548852183972485363483e+00
9984,1.0000000558216854962267916562268510460854e+00
9985,1.0000000656552436861801425038720481097698e+00
9986,1.0000000746765440595709151239134371280670e+00
9987,1.0000000825281820659995446476386860013008e+00
9988,1.0000000889634732548216788927675224840641e+00
9989,1.0000000846396670528548611400765366852283e+00
9990,1.0000000771883437167275587853509932756424e+00
9991,1.0000000683867906747792630994808860123158e+00
9992,1.0000000585450752321747813766705803573132e+00
9993,1.0000000480858439733111708846990950405598e+00
9994,1.0000000375261577367780319036683067679405e+00
9995,1.0000000274471987360414004797348752617836e+00
9996,1.0000000184513955225895642797695472836494e+00
9997,1.0000000111110796119362476019887253642082e+00
9998,1.0000000059156115561620481457794085144997e+00
9999,1.0000000032234286351240371004678308963776e+00
10000,1.0000000032233842262030520942062139511108e+00
10001,1.0000000059153248965770899303606711328030e+00
10002,1.0000000111108184874808557651704177260399e+00
10003,1.0000000184511796952335771493380889296532e+00
10004,1.0000000274471534389419957733480259776115e+00
10005,1.0000000375260340579330886612297035753727e+00
10006,1.0000000480858821649832179900840856134892e+00
10007,1.0000000585451469525821721617830917239189e+00
10008,1.0000000683868957018773926392896100878716e+00
10009,1.0000000771882855410410684271482750773430e+00
10010,1.0000000846397512077601277269423007965088e+00
10011,1.0000000802934005950106666205101646482944e+00
10012,1.0000000719663826309613341436488553881645e+00
10013,1.0000000624077498567743305102339945733547e+00
10014,1.0000000519908516238842821621801704168320e+00
10015,1.0000000411963470003939846719731576740742e+00
10016,1.0000000305885392570814929058542475104332e+00
10017,1.0000000207776651439672832566429860889912e+00
10018,1.0000000123697740939121558767510578036308e+00
10019,1.0000000059157625464933971670689061284065e+00
10020,1.0000000018530563750118744792416691780090e+00
10021,1.0000000004660978270010218693641945719719e+00
10022,1.0000000018527632761333734379149973392487e+00
10023,1.0000000059153935083600117650348693132401e+00
10024,1.0000000123700274468063753374735824763775e+00
10025,1.0000000207777661742625241458881646394730e+00
10026,1.0000000305885961005003537138691172003746e+00
10027,1.0000000411964666824360392638482153415680e+00
10028,1.0000000519910472451812211147625930607319e+00
10029,1.0000000624080291888873261996195651590824e+00
10030,1.0000000719664232651240354243782348930836e+00
10031,1.0000000802935280486138935884810052812099e+00
10032,1.0000000761736713705829515674849972128868e+00
10033,1.0000000671657420792115544827538542449474e+00
10034,1.0000000570952887191111813081079162657261e+00
10035,1.0000000463928713223538125021150335669518e+00
10036,1.0000000355862244116877945998567156493664e+00
10037,1.0000000252697782698874107154551893472672e+00
10038,1.0000000160596458353978732702671550214291e+00
10039,1.0000000085437512620245570360566489398479e+00
10040,1.0000000032231959323780756676569581031799e+00
10041,1.0000000004661551145090925274416804313660e+00
10042,1.0000000004659750363344983270508237183094e+00
10043,1.0000000032232443381019493244821205735207e+00
10044,1.0000000085437583674519146370585076510906e+00
10045,1.0000000160597870557666055901790969073772e+00
10046,1.0000000252698684199970102781662717461586e+00
10047,1.0000000355861813350344391437829472124577e+00
10048,1.0000000463925919902408168127294629812241e+00
10049,1.0000000570953513356897701669367961585522e+00
10050,1.0000000671659980966410330438520759344101e+00
10051,1.0000000761736500543008787644794210791588e+00
10052,1.0000000725259594602789547934662550687790e+00
10053,1.0000000630766865405973931046901270747185e+00
10054,1.0000000527783792225733350278460420668125e+00
10055,1.0000000421075396772607746243011206388474e+00
10056,1.0000000316222941165733573143370449542999e+00
10057,1.0000000219255738009849210357060655951500e+00
10058,1.0000000136160775987548277043970301747322e+00
10059,1.0000000072378798510186470593907870352268e+00
10060,1.0000000032234344082837651512818410992622e+00
10061,1.0000000018530059708865564971347339451313e+00
10062,1.0000000032233948843440884957090020179749e+00
10063,1.0000000072378798510186470593907870352268e+00
10064,1.0000000136160700492382602533325552940369e+00
10065,1.0000000219255442690524660065420903265476e+00
10066,1.0000000316225672314374151028459891676903e+00
10067,1.0000000421078085732773388372152112424374e+00
10068,1.0000000527786550019726519167306832969189e+00
10069,1.0000000630766499032375804745242930948734e+00
10070,1.0000000725259698963753862699377350509167e+00
10071,1.0000000695708661790916949030361138284206e+00
10072,1.0000000599534597522932699575903825461864e+00
10073,1.0000000497332761639768250461202114820480e+00
10074,1.0000000394159727079568256158381700515747e+00
10075,1.0000000295700723906833218279643915593624e+00
10076,1.0000000207841384103346626943675801157951e+00
10077,1.0000000136162150443652762987767346203327e+00
10078,1.0000000085440623465160570049192756414413e+00
10079,1.0000000059157008180932280083652585744858e+00
10080,1.0000000059157303500256830375292338430882e+00
10081,1.0000000085439950670007647204329259693623e+00
10082,1.0000000136162323638444604512187652289867e+00
10083,1.0000000207841273081044164428021758794785e+00
10084,1.0000000295700550712041376755223609507084e+00
10085,1.0000000394160377670260686500114388763905e+00
10086,1.0000000497331662518973871556227095425129e+00
10087,1.0000000599536893464147624399629421532154e+00
10088,1.0000000695710558051843008797732181847095e+00
10089,1.0000000674909879094798270671162754297256e+00
10090,1.0000000579951608958850783892557956278324e+00
10091,1.0000000481582345113196197416982613503933e+00
10092,1.0000000384982477008577461674576625227928e+00
10093,1.0000000295699285057793304076767526566982e+00
10094,1.0000000219252493938171255649649538099766e+00
10095,1.0000000160600512888464663774357177317142e+00
10096,1.0000000123702854626372982238535769283772e+00
10097,1.0000000111105546984902048279764130711555e+00
10098,1.0000000123703078891423956520156934857368e+00
10099,1.0000000160598341292228496968164108693600e+00
10100,1.0000000219252493938171255649649538099766e+00
10101,1.0000000295702387020924106764141470193863e+00
10102,1.0000000384980649581478928666911087930202e+00
10103,1.0000000481584370159993113702512346208096e+00
10104,1.0000000579951582313498192888800986111164e+00
10105,1.0000000674911762033048034936655312776566e+00
10106,1.0000000664177033371515790349803864955902e+00
10107,1.0000000573281506710543453664286062121391e+00
10108,1.0000000481586117651033873698906973004341e+00
10109,1.0000000394161705496998138187336735427380e+00
10110,1.0000000316225972074590799820725806057453e+00
10111,1.0000000252700622649371098304982297122478e+00
10112,1.0000000207777519634078089438844472169876e+00
10113,1.0000000184511261824837902167928405106068e+00
10114,1.0000000184515134282747794713941402733326e+00
10115,1.0000000207779971006516461784485727548599e+00
10116,1.0000000252701661818122147451504133641720e+00
10117,1.0000000316223718321850810752948746085167e+00
10118,1.0000000394162864569835846850764937698841e+00
10119,1.0000000481588193768089922741637565195560e+00
10120,1.0000000573282052940271569241303950548172e+00
10121,1.0000000664177841613877717463765293359756e+00
10122,1.0000000664178496645462246306124143302441e+00
10123,1.0000000579951058288230569814913906157017e+00
10124,1.0000000497330436832754685383406467735767e+00
10125,1.0000000421075925238767467817524448037148e+00
10126,1.0000000355861822232128588439081795513630e+00
10127,1.0000000305888221419081673957407474517822e+00
10128,1.0000000274470868255605182639556005597115e+00
10129,1.0000000263752288898189135579741559922695e+00
10130,1.0000000274471640970830321748508140444756e+00
10131,1.0000000305887308815755432078731246292591e+00
10132,1.0000000355861557999048727651825174689293e+00
10133,1.0000000421075285750305283727357164025307e+00
10134,1.0000000497330756576985777428490109741688e+00
10135,1.0000000579953904900065708716283552348614e+00
10136,1.0000000664178347875576946535147726535797e+00
10137,1.0000000674913034348634255366050638258457e+00
10138,1.0000000599536369438880001325742341578007e+00
10139,1.0000000527782604287097001360962167382240e+00
10140,1.0000000463932012806367310986388474702835e+00
10141,1.0000000411964475866000157111557200551033e+00
10142,1.0000000375262396712372492402209900319576e+00
10143,1.0000000356268203827170282238512299954891e+00
10144,1.0000000356268152756911149481311440467834e+00
10145,1.0000000375260313933978295608540065586567e+00
10146,1.0000000411963057000974686161498539149761e+00
10147,1.0000000463929288319064880852238275110722e+00
10148,1.0000000527784251858065545093268156051636e+00
10149,1.0000000599536196244088159801322035491467e+00
10150,1.0000000674911260212240904365899041295052e+00
10151,1.0000000695706803277573726518312469124794e+00
10152,1.0000000630765870646143866906641051173210e+00
10153,1.0000000570952034539828900960856117308140e+00
10154,1.0000000519907055185342414915794506669044e+00
10155,1.0000000480858390883298625340103171765804e+00
10156,1.0000000456343303145700929235317744314671e+00
10157,1.0000000447980754714194517873693257570267e+00
10158,1.0000000456343360877298209743457846343517e+00
10159,1.0000000480859132512279074944672174751759e+00
10160,1.0000000519907168428090926681761629879475e+00
10161,1.0000000570954086231978408250142820179462e+00
10162,1.0000000630765493170315494353417307138443e+00
10163,1.0000000695707349507301842095330357551575e+00
10164,1.0000000725259978739956068238825537264347e+00
10165,1.0000000671659632356380598139367066323757e+00
10166,1.0000000624075724431349954102188348770142e+00
10167,1.0000000585449815293515030134585686028004e+00
10168,1.0000000558219321877828633660101331770420e+00
10169,1.0000000544145579706167836775421164929867e+00
10170,1.0000000544146641079379378425073809921741e+00
10171,1.0000000558217028157059758086688816547394e+00
10172,1.0000000585449941858939837402431294322014e+00
10173,1.0000000624078377864378808226319961249828e+00
10174,1.0000000671659738937790962154394946992397e+00
10175,1.0000000725259554634760661429027095437050e+00
10176,1.0000000761736638210663841164205223321915e+00
10177,1.0000000719663137971338073839433491230011e+00
10178,1.0000000683866689943357641823240555822849e+00
10179,1.0000000656555587674745311232982203364372e+00
10180,1.0000000639441546379515557418926618993282e+00
10181,1.0000000633614924971936943620676174759865e+00
10182,1.0000000639440960181758555336273275315762e+00
10183,1.0000000656558074574320471583632752299309e+00
10184,1.0000000683864975759007620581542141735554e+00
10185,1.0000000719665458337459540416602976620197e+00
10186,1.0000000761736338450447192371939308941364e+00
10187,1.0000000802934607690986013039946556091309e+00
10188,1.0000000771887906925172728733741678297520e+00
10189,1.0000000746762389702837481308961287140846e+00
10190,1.0000000729111722108655158081091940402985e+00
10191,1.0000000720004096343984656414249911904335e+00
10192,1.0000000720003503484889506580657325685024e+00
10193,1.0000000729109936870031560829374939203262e+00
10194,1.0000000746763251235904590430436655879021e+00
10195,1.0000000771886892181328221340663731098175e+00
10196,1.0000000802936683808042062082677148282528e+00
10197,1.0000000846394967446428836410632357001305e+00
10198,1.0000000825280388472293680024449713528156e+00
10199,1.0000000809243958510563743402599357068539e+00
10200,1.0000000799225781111800870348815806210041e+00
10201,1.0000000795818255738822699640877544879913e+00
10202,1.0000000799225206016274114517727866768837e+00
10203,1.0000000809242552968214567954419180750847e+00
10204,1.0000000825279660165989525921759195625782e+00
10205,1.0000000846394105913361727289156988263130e+00
10206,1.0000000889636857515085921477293595671654e+00
10207,1.0000000876914454384092323380173183977604e+00
10208,1.0000000868024909728148941212566569447517e+00
10209,1.0000000863454987509726379357744008302689e+00
10210,1.0000000863454696631293927566730417311192e+00
10211,1.0000000868024021549729241087334230542183e+00
10212,1.0000000876914338920897762363892979919910e+00
10213,1.0000000889632398859419026848627254366875e+00
10214,1.0000000930271719656872164705418981611729e+00
10215,1.0000000924121319467730018004658631980419e+00
10216,1.0000000920309863872148525842931121587753e+00
10217,1.0000000919020903822342916100751608610153e+00
10218,1.0000000920309992658019382361089810729027e+00
10219,1.0000000924121177359182865984621457755566e+00
10220,1.0000000930271277788108363893115893006325e+00
10221,1.0000000966196307405908783039194531738758e+00
10222,1.0000000964668644964916666140197776257992e+00
10223,1.0000000963903443729208220247528515756130e+00
10224,1.0000000963899269290635629658936522901058e+00
10225,1.0000000964669288894270948730991221964359e+00
10226,1.0000000966195161655747369877644814550877e+00
10227,1.0000000995669220404948873692774213850498e+00
10228,1.0000000996862787872032640734687447547913e+00
10229,1.0000000997273339464754826622083783149719e+00
10230,1.0000000996860374247177105644368566572666e+00
10231,1.0000000995668432146601389831630513072014e+00
10232,1.0000001017419350990422799441148526966572e+00
10233,1.0000001019593645068539444764610379934311e+00
10234,1.0000001019591810980102764006005600094795e+00
10235,1.0000001017419357651760947192087769508362e+00
10236,1.0000001030637524213062761191395111382008e+00
10237,1.0000001032316900850815954981953836977482e+00
10238,1.0000001030637417631652397176367230713367e+00
10239,1.0000001035011987227107965736649930477142e+00
10240,1.0000001035009349337201456364709883928299e+00
10241,1.0000001030636389565131594281410798430443e+00
