index,H
0,4.1151029541397412786136586453030309418457e-15
1,-2.1740732763410669514669848467747215181589e-01
2,-2.1740732763411219075067037920234724879265e-01
3,-2.1740732763411846351075951133680064231157e-01
4,-2.1740732763410669514669848467747215181589e-01
5,-2.1740732763411219075067037920234724879265e-01
6,-2.1740732763411846351075951133680064231157e-01
7,-2.1740732763410669514669848467747215181589e-01
8,-2.1740732763411219075067037920234724879265e-01
9,-2.1740732763411846351075951133680064231157e-01
10,-2.1740732763410669514669848467747215181589e-01
11,-2.1740732763411219075067037920234724879265e-01
12,-2.1740732763411593775337848910567117854953e-01
13,-2.1740732763411846351075951133680064231157e-01
14,-2.1740732763410669514669848467747215181589e-01
15,-2.1740732763410869354814280995924491435289e-01
16,-2.1740732763410669514669848467747215181589e-01
17,-2.1740732763411219075067037920234724879265e-01
18,-2.1740732763411593775337848910567117854953e-01
19,-2.1740732763411846351075951133680064231157e-01
20,-2.1740732763410669514669848467747215181589e-01
21,-2.1740732763411219075067037920234724879265e-01
22,-2.1740732763411846351075951133680064231157e-01
23,-2.1740732763410669514669848467747215181589e-01
24,-2.1740732763411219075067037920234724879265e-01
25,-2.1740732763411846351075951133680064231157e-01
26,-2.1740732763410669514669848467747215181589e-01
27,-2.1740732763411219075067037920234724879265e-01
28,-2.1740732763411846351075951133680064231157e-01
29,-2.1740732763410669514669848467747215181589e-01
30,-2.1740732763411219075067037920234724879265e-01
31,-2.1740732763411593775337848910567117854953e-01
32,-2.1740732763411846351075951133680064231157e-01
33,-2.1740732763410669514669848467747215181589e-01
34,-2.1740732763410869354814280995924491435289e-01
35,-2.1740732763410669514669848467747215181589e-01
36,-2.1740732763411219075067037920234724879265e-01
37,-2.1740732763411593775337848910567117854953e-01
38,-2.1740732763411846351075951133680064231157e-01
39,-2.1740732763410669514669848467747215181589e-01
40,-2.1740732763410869354814280995924491435289e-01
41,-2.1740732763410669514669848467747215181589e-01
42,-2.1740732763411219075067037920234724879265e-01
43,-2.1740732763411593775337848910567117854953e-01
44,-2.1740732763411846351075951133680064231157e-01
45,-2.1740732763410669514669848467747215181589e-01
46,-2.1740732763410869354814280995924491435289e-01
47,-2.1740732763410669514669848467747215181589e-01
48,-2.1740732763411219075067037920234724879265e-01
49,-2.1740732763411593775337848910567117854953e-01
50,-2.1740732763411846351075951133680064231157e-01
51,-2.1740732763410669514669848467747215181589e-01
52,-2.1740732763410869354814280995924491435289e-01
53,-2.1740732763410669514669848467747215181589e-01
54,-2.1740732763411219075067037920234724879265e-01
55,-2.1740732763411593775337848910567117854953e-01
56,-2.1740732763411593775337848910567117854953e-01
57,-2.1740732763411846351075951133680064231157e-01
58,-2.1740732763410669514669848467747215181589e-01
59,-2.1740732763411346750714869813236873596907e-01
60,-2.1740732763410999806019674451817991212010e-01
61,-2.1740732763411085848304082901449874043465e-01
62,-2.1740732763410935968195758505316916853189e-01
63,-2.1740732763410999806019674451817991212010e-01
64,-2.1740732763411085848304082901449874043465e-01
65,-2.1740732763410935968195758505316916853189e-01
66,-2.1740732763410999806019674451817991212010e-01
67,-2.1740732763411085848304082901449874043465e-01
68,-2.1740732763410935968195758505316916853189e-01
69,-2.1740732763410372530010761238372651860118e-01
70,-2.1740732763410935968195758505316916853189e-01
71,-2.1740732763410999806019674451817991212010e-01
72,-2.1740732763411085848304082901449874043465e-01
73,-2.1740732763410935968195758505316916853189e-01
74,-2.1740732763410999806019674451817991212010e-01
75,-2.1740732763411085848304082901449874043465e-01
76,-2.1740732763410935968195758505316916853189e-01
77,-2.1740732763410999806019674451817991212010e-01
78,-2.1740732763411085848304082901449874043465e-01
79,-2.1740732763410935968195758505316916853189e-01
80,-2.1740732763410999806019674451817991212010e-01
81,-2.1740732763411085848304082901449874043465e-01
82,-2.1740732763410935968195758505316916853189e-01
83,-2.1740732763410372530010761238372651860118e-01
84,-2.1740732763410935968195758505316916853189e-01
85,-2.1740732763410999806019674451817991212010e-01
86,-2.1740732763411085848304082901449874043465e-01
87,-2.1740732763410935968195758505316916853189e-01
88,-2.1740732763410999806019674451817991212010e-01
89,-2.1740732763411085848304082901449874043465e-01
90,-2.1740732763410935968195758505316916853189e-01
91,-2.1740732763410999806019674451817991212010e-01
92,-2.1740732763411085848304082901449874043465e-01
93,-2.1740732763410935968195758505316916853189e-01
94,-2.1740732763410999806019674451817991212010e-01
95,-2.1740732763411085848304082901449874043465e-01
96,-2.1740732763410935968195758505316916853189e-01
97,-2.1740732763410372530010761238372651860118e-01
98,-2.1740732763410935968195758505316916853189e-01
99,-2.1740732763410999806019674451817991212010e-01
100,-2.1740732763411085848304082901449874043465e-01
101,-2.1740732763410935968195758505316916853189e-01
102,-2.1740732763410999806019674451817991212010e-01
103,-2.1740732763411085848304082901449874043465e-01
104,-2.1740732763410935968195758505316916853189e-01
105,-2.1740732763410372530010761238372651860118e-01
106,-2.1740732763411180217261176039755810052156e-01
107,-2.1740732763410669514669848467747215181589e-01
108,-2.1740732763411219075067037920234724879265e-01
109,-2.1740732763411846351075951133680064231157e-01
110,-2.1740732763410669514669848467747215181589e-01
111,-2.1740732763411219075067037920234724879265e-01
112,-2.1740732763411846351075951133680064231157e-01
113,-2.1740732763410669514669848467747215181589e-01
114,-2.1740732763411219075067037920234724879265e-01
115,-2.1740732763411593775337848910567117854953e-01
116,-2.1740732763411846351075951133680064231157e-01
117,-2.1740732763410669514669848467747215181589e-01
118,-2.1740732763411219075067037920234724879265e-01
119,-2.1740732763411846351075951133680064231157e-01
120,-2.1740732763410669514669848467747215181589e-01
121,-2.1740732763411219075067037920234724879265e-01
122,-2.1740732763411846351075951133680064231157e-01
123,-2.1740732763410669514669848467747215181589e-01
124,-2.1740732763411219075067037920234724879265e-01
125,-2.1740732763411846351075951133680064231157e-01
126,-2.1740732763410669514669848467747215181589e-01
127,-2.1740732763411219075067037920234724879265e-01
128,-2.1740732763411846351075951133680064231157e-01
129,-2.1740732763410669514669848467747215181589e-01
130,-2.1740732763411219075067037920234724879265e-01
131,-2.1740732763411846351075951133680064231157e-01
132,-2.1740732763410669514669848467747215181589e-01
133,-2.1740732763411219075067037920234724879265e-01
134,-2.1740732763411846351075951133680064231157e-01
135,-2.1740732763410669514669848467747215181589e-01
136,-2.1740732763411219075067037920234724879265e-01
137,-2.1740732763411846351075951133680064231157e-01
138,-2.1740732763410669514669848467747215181589e-01
139,-2.1740732763411219075067037920234724879265e-01
140,-2.1740732763411593775337848910567117854953e-01
141,-2.1740732763411846351075951133680064231157e-01
142,-2.1740732763410669514669848467747215181589e-01
143,-2.1740732763411219075067037920234724879265e-01
144,-2.1740732763411846351075951133680064231157e-01
145,-2.1740732763410669514669848467747215181589e-01
146,-2.1740732763411219075067037920234724879265e-01
147,-2.1740732763411846351075951133680064231157e-01
148,-2.1740732763410669514669848467747215181589e-01
149,-2.1740732763411219075067037920234724879265e-01
150,-2.1740732763411846351075951133680064231157e-01
151,-2.1740732763410669514669848467747215181589e-01
152,-2.1740732763411219075067037920234724879265e-01
153,-2.1740732763411846351075951133680064231157e-01
154,-2.1740732763410669514669848467747215181589e-01
155,-2.1740732763411219075067037920234724879265e-01
156,-2.1740732763411846351075951133680064231157e-01
157,-2.1740732763410669514669848467747215181589e-01
158,-2.1740732763411219075067037920234724879265e-01
159,-2.1740732763411846351075951133680064231157e-01
160,-2.1740732763410669514669848467747215181589e-01
161,-2.1740732763411219075067037920234724879265e-01
162,-2.1740732763411846351075951133680064231157e-01
163,-2.1740732763410669514669848467747215181589e-01
164,-2.1740732763411219075067037920234724879265e-01
165,-2.1740732763411593775337848910567117854953e-01
166,-2.1740732763411846351075951133680064231157e-01
167,-2.1740732763410669514669848467747215181589e-01
168,-2.1740732763411219075067037920234724879265e-01
169,-2.1740732763411846351075951133680064231157e-01
170,-2.1740732763410669514669848467747215181589e-01
171,-2.1740732763411219075067037920234724879265e-01
172,-2.1740732763411846351075951133680064231157e-01
173,-2.1740732763410669514669848467747215181589e-01
174,-2.1740732763411219075067037920234724879265e-01
175,-2.1740732763411846351075951133680064231157e-01
176,-2.1740732763410669514669848467747215181589e-01
177,-2.1740732763411219075067037920234724879265e-01
178,-2.1740732763411846351075951133680064231157e-01
179,-2.1740732763410669514669848467747215181589e-01
180,-2.1740732763411219075067037920234724879265e-01
181,-2.1740732763411846351075951133680064231157e-01
182,-2.1740732763410669514669848467747215181589e-01
183,-2.1740732763411219075067037920234724879265e-01
184,-2.1740732763411846351075951133680064231157e-01
185,-2.1740732763410669514669848467747215181589e-01
186,-2.1740732763411219075067037920234724879265e-01
187,-2.1740732763411846351075951133680064231157e-01
188,-2.1740732763410669514669848467747215181589e-01
189,-2.1740732763411219075067037920234724879265e-01
190,-2.1740732763411846351075951133680064231157e-01
191,-2.1740732763410669514669848467747215181589e-01
192,-2.1740732763411219075067037920234724879265e-01
193,-2.1740732763411593775337848910567117854953e-01
194,-2.1740732763411846351075951133680064231157e-01
195,-2.1740732763410669514669848467747215181589e-01
196,-2.1740732763411219075067037920234724879265e-01
197,-2.1740732763411846351075951133680064231157e-01
198,-2.1740732763410669514669848467747215181589e-01
199,-2.1740732763411219075067037920234724879265e-01
200,-2.1740732763411846351075951133680064231157e-01
201,-2.1740732763410669514669848467747215181589e-01
202,-2.1740732763411219075067037920234724879265e-01
203,-2.1740732763411846351075951133680064231157e-01
204,-2.1740732763410669514669848467747215181589e-01
205,-2.1740732763411219075067037920234724879265e-01
206,-2.1740732763411846351075951133680064231157e-01
207,-2.1740732763410669514669848467747215181589e-01
208,-2.1740732763411219075067037920234724879265e-01
209,-2.1740732763411846351075951133680064231157e-01
210,-2.1740732763410669514669848467747215181589e-01
211,-2.1740732763411219075067037920234724879265e-01
212,-2.1740732763411593775337848910567117854953e-01
213,-2.1740732763411593775337848910567117854953e-01
214,-2.1740732763412459749297056532668648287654e-01
215,-2.1740732763410952621541127882665023207664e-01
216,-2.1740732763411929617802798020420596003532e-01
217,-2.1740732763411593775337848910567117854953e-01
218,-2.1740732763411593775337848910567117854953e-01
219,-2.1740732763411593775337848910567117854953e-01
220,-2.1740732763412459749297056532668648287654e-01
221,-2.1740732763410952621541127882665023207664e-01
222,-2.1740732763411929617802798020420596003532e-01
223,-2.1740732763411593775337848910567117854953e-01
224,-2.1740732763411593775337848910567117854953e-01
225,-2.1740732763411593775337848910567117854953e-01
226,-2.1740732763412459749297056532668648287654e-01
227,-2.1740732763410952621541127882665023207664e-01
228,-2.1740732763411929617802798020420596003532e-01
229,-2.1740732763411593775337848910567117854953e-01
230,-2.1740732763411593775337848910567117854953e-01
231,-2.1740732763411593775337848910567117854953e-01
232,-2.1740732763411593775337848910567117854953e-01
233,-2.1740732763412459749297056532668648287654e-01
234,-2.1740732763410952621541127882665023207664e-01
235,-2.1740732763411929617802798020420596003532e-01
236,-2.1740732763411593775337848910567117854953e-01
237,-2.1740732763411593775337848910567117854953e-01
238,-2.1740732763411593775337848910567117854953e-01
239,-2.1740732763412459749297056532668648287654e-01
240,-2.1740732763410952621541127882665023207664e-01
241,-2.1740732763411929617802798020420596003532e-01
242,-2.1740732763411593775337848910567117854953e-01
243,-2.1740732763411593775337848910567117854953e-01
244,-2.1740732763411593775337848910567117854953e-01
245,-2.1740732763412459749297056532668648287654e-01
246,-2.1740732763410952621541127882665023207664e-01
247,-2.1740732763411929617802798020420596003532e-01
248,-2.1740732763411593775337848910567117854953e-01
249,-2.1740732763411593775337848910567117854953e-01
250,-2.1740732763411593775337848910567117854953e-01
251,-2.1740732763412459749297056532668648287654e-01
252,-2.1740732763410952621541127882665023207664e-01
253,-2.1740732763411929617802798020420596003532e-01
254,-2.1740732763411593775337848910567117854953e-01
255,-2.1740732763411593775337848910567117854953e-01
256,-2.1740732763411593775337848910567117854953e-01
257,-2.1740732763411593775337848910567117854953e-01
258,-2.1740732763412459749297056532668648287654e-01
259,-2.1740732763410952621541127882665023207664e-01
260,-2.1740732763411929617802798020420596003532e-01
261,-2.1740732763411593775337848910567117854953e-01
262,-2.1740732763411593775337848910567117854953e-01
263,-2.1740732763411593775337848910567117854953e-01
264,-2.1740732763412459749297056532668648287654e-01
265,-2.1740732763410952621541127882665023207664e-01
266,-2.1740732763411929617802798020420596003532e-01
267,-2.1740732763411593775337848910567117854953e-01
268,-2.1740732763411593775337848910567117854953e-01
269,-2.1740732763411593775337848910567117854953e-01
270,-2.1740732763412459749297056532668648287654e-01
271,-2.1740732763410952621541127882665023207664e-01
272,-2.1740732763411929617802798020420596003532e-01
273,-2.1740732763411593775337848910567117854953e-01
274,-2.1740732763411593775337848910567117854953e-01
275,-2.1740732763411593775337848910567117854953e-01
276,-2.1740732763412459749297056532668648287654e-01
277,-2.1740732763410952621541127882665023207664e-01
278,-2.1740732763411929617802798020420596003532e-01
279,-2.1740732763411593775337848910567117854953e-01
280,-2.1740732763411593775337848910567117854953e-01
281,-2.1740732763411593775337848910567117854953e-01
282,-2.1740732763411593775337848910567117854953e-01
283,-2.1740732763412459749297056532668648287654e-01
284,-2.1740732763410952621541127882665023207664e-01
285,-2.1740732763411929617802798020420596003532e-01
286,-2.1740732763411593775337848910567117854953e-01
287,-2.1740732763411593775337848910567117854953e-01
288,-2.1740732763411593775337848910567117854953e-01
289,-2.1740732763412459749297056532668648287654e-01
290,-2.1740732763410952621541127882665023207664e-01
291,-2.1740732763411929617802798020420596003532e-01
292,-2.1740732763411593775337848910567117854953e-01
293,-2.1740732763411593775337848910567117854953e-01
294,-2.1740732763411593775337848910567117854953e-01
295,-2.1740732763412459749297056532668648287654e-01
296,-2.1740732763410952621541127882665023207664e-01
297,-2.1740732763411929617802798020420596003532e-01
298,-2.1740732763411593775337848910567117854953e-01
299,-2.1740732763411593775337848910567117854953e-01
300,-2.1740732763411593775337848910567117854953e-01
301,-2.1740732763412459749297056532668648287654e-01
302,-2.1740732763410952621541127882665023207664e-01
303,-2.1740732763411929617802798020420596003532e-01
304,-2.1740732763411593775337848910567117854953e-01
305,-2.1740732763411593775337848910567117854953e-01
306,-2.1740732763411593775337848910567117854953e-01
307,-2.1740732763411593775337848910567117854953e-01
308,-2.1740732763412459749297056532668648287654e-01
309,-2.1740732763410952621541127882665023207664e-01
310,-2.1740732763411929617802798020420596003532e-01
311,-2.1740732763411593775337848910567117854953e-01
312,-2.1740732763411593775337848910567117854953e-01
313,-2.1740732763411593775337848910567117854953e-01
314,-2.1740732763412459749297056532668648287654e-01
315,-2.1740732763410952621541127882665023207664e-01
316,-2.1740732763411929617802798020420596003532e-01
317,-2.1740732763411593775337848910567117854953e-01
318,-2.1740732763411593775337848910567117854953e-01
319,-2.1740732763411593775337848910567117854953e-01
320,-2.1740732763412459749297056532668648287654e-01
321,-2.1740732763410952621541127882665023207664e-01
322,-2.1740732763411929617802798020420596003532e-01
323,-2.1740732763411593775337848910567117854953e-01
324,-2.1740732763411593775337848910567117854953e-01
325,-2.1740732763411593775337848910567117854953e-01
326,-2.1740732763412459749297056532668648287654e-01
327,-2.1740732763410952621541127882665023207664e-01
328,-2.1740732763412079497911122416553553193808e-01
329,0.0000000000000000000000000000000000000000e+00
330,1.3015251492584006934969682513391922718496e-15
331,1.0873373355814791585416401176189538091421e-01
332,1.0873373355812873675141361218265956267715e-01
333,1.0873373355815069141172557465324643999338e-01
334,1.0873373355815996177398119471035897731781e-01
335,1.0873373355812873675141361218265956267715e-01
336,1.0873373355815069141172557465324643999338e-01
337,1.0873373355815996177398119471035897731781e-01
338,1.0873373355812873675141361218265956267715e-01
339,1.0873373355815069141172557465324643999338e-01
340,1.0873373355815996177398119471035897731781e-01
341,1.0873373355812873675141361218265956267715e-01
342,1.0873373355814504315208779416934703476727e-01
343,1.0873373355813864549190839170478284358978e-01
344,1.0873373355815996177398119471035897731781e-01
345,1.0873373355813709117967391648562625050545e-01
346,1.0873373355814311413958250795985804870725e-01
347,1.0873373355812873675141361218265956267715e-01
348,1.0873373355814504315208779416934703476727e-01
349,1.0873373355813864549190839170478284358978e-01
350,1.0873373355815996177398119471035897731781e-01
351,1.0873373355812873675141361218265956267715e-01
352,1.0873373355815069141172557465324643999338e-01
353,1.0873373355815996177398119471035897731781e-01
354,1.0873373355812873675141361218265956267715e-01
355,1.0873373355815069141172557465324643999338e-01
356,1.0873373355815996177398119471035897731781e-01
357,1.0873373355812873675141361218265956267715e-01
358,1.0873373355815069141172557465324643999338e-01
359,1.0873373355815996177398119471035897731781e-01
360,1.0873373355812873675141361218265956267715e-01
361,1.0873373355814504315208779416934703476727e-01
362,1.0873373355813864549190839170478284358978e-01
363,1.0873373355815996177398119471035897731781e-01
364,1.0873373355813709117967391648562625050545e-01
365,1.0873373355814311413958250795985804870725e-01
366,1.0873373355812873675141361218265956267715e-01
367,1.0873373355814504315208779416934703476727e-01
368,1.0873373355813864549190839170478284358978e-01
369,1.0873373355815996177398119471035897731781e-01
370,1.0873373355813709117967391648562625050545e-01
371,1.0873373355814311413958250795985804870725e-01
372,1.0873373355812873675141361218265956267715e-01
373,1.0873373355814504315208779416934703476727e-01
374,1.0873373355813864549190839170478284358978e-01
375,1.0873373355815996177398119471035897731781e-01
376,1.0873373355813709117967391648562625050545e-01
377,1.0873373355814311413958250795985804870725e-01
378,1.0873373355812873675141361218265956267715e-01
379,1.0873373355814504315208779416934703476727e-01
380,1.0873373355813864549190839170478284358978e-01
381,1.0873373355815996177398119471035897731781e-01
382,1.0873373355813709117967391648562625050545e-01
383,1.0873373355814311413958250795985804870725e-01
384,1.0873373355812873675141361218265956267715e-01
385,1.0873373355814504315208779416934703476727e-01
386,1.0873373355814985874445710578584112226963e-01
387,1.0873373355813864549190839170478284358978e-01
388,1.0873373355815996177398119471035897731781e-01
389,1.0873373355814144880504557022504741325974e-01
390,1.0873373355816354224323561084020184352994e-01
391,1.0873373355813757690224718999161268584430e-01
392,1.0873373355816014218522269629829679615796e-01
393,1.0873373355814910934391548380517633631825e-01
394,1.0873373355813757690224718999161268584430e-01
395,1.0873373355816014218522269629829679615796e-01
396,1.0873373355814910934391548380517633631825e-01
397,1.0873373355813757690224718999161268584430e-01
398,1.0873373355816014218522269629829679615796e-01
399,1.0873373355814242025019211723702028393745e-01
400,1.0873373355816735863488275981580954976380e-01
401,1.0873373355814910934391548380517633631825e-01
402,1.0873373355813757690224718999161268584430e-01
403,1.0873373355816014218522269629829679615796e-01
404,1.0873373355814910934391548380517633631825e-01
405,1.0873373355813757690224718999161268584430e-01
406,1.0873373355816014218522269629829679615796e-01
407,1.0873373355814910934391548380517633631825e-01
408,1.0873373355813757690224718999161268584430e-01
409,1.0873373355816014218522269629829679615796e-01
410,1.0873373355814910934391548380517633631825e-01
411,1.0873373355813757690224718999161268584430e-01
412,1.0873373355816014218522269629829679615796e-01
413,1.0873373355814242025019211723702028393745e-01
414,1.0873373355816735863488275981580954976380e-01
415,1.0873373355814910934391548380517633631825e-01
416,1.0873373355813757690224718999161268584430e-01
417,1.0873373355816014218522269629829679615796e-01
418,1.0873373355814910934391548380517633631825e-01
419,1.0873373355813757690224718999161268584430e-01
420,1.0873373355816014218522269629829679615796e-01
421,1.0873373355814910934391548380517633631825e-01
422,1.0873373355813757690224718999161268584430e-01
423,1.0873373355816014218522269629829679615796e-01
424,1.0873373355814910934391548380517633631825e-01
425,1.0873373355813757690224718999161268584430e-01
426,1.0873373355816014218522269629829679615796e-01
427,1.0873373355814242025019211723702028393745e-01
428,1.0873373355816735863488275981580954976380e-01
429,1.0873373355814910934391548380517633631825e-01
430,1.0873373355813757690224718999161268584430e-01
431,1.0873373355816014218522269629829679615796e-01
432,1.0873373355814910934391548380517633631825e-01
433,1.0873373355813757690224718999161268584430e-01
434,1.0873373355816014218522269629829679615796e-01
435,1.0873373355814242025019211723702028393745e-01
436,1.0873373355814314189515812358877155929804e-01
437,1.0873373355815754703890263499488355591893e-01
438,1.0873373355812873675141361218265956267715e-01
439,1.0873373355815069141172557465324643999338e-01
440,1.0873373355815996177398119471035897731781e-01
441,1.0873373355812873675141361218265956267715e-01
442,1.0873373355815069141172557465324643999338e-01
443,1.0873373355815996177398119471035897731781e-01
444,1.0873373355812873675141361218265956267715e-01
445,1.0873373355814504315208779416934703476727e-01
446,1.0873373355813864549190839170478284358978e-01
447,1.0873373355815996177398119471035897731781e-01
448,1.0873373355812873675141361218265956267715e-01
449,1.0873373355815069141172557465324643999338e-01
450,1.0873373355815996177398119471035897731781e-01
451,1.0873373355812873675141361218265956267715e-01
452,1.0873373355815069141172557465324643999338e-01
453,1.0873373355815996177398119471035897731781e-01
454,1.0873373355812873675141361218265956267715e-01
455,1.0873373355815069141172557465324643999338e-01
456,1.0873373355815996177398119471035897731781e-01
457,1.0873373355812873675141361218265956267715e-01
458,1.0873373355815069141172557465324643999338e-01
459,1.0873373355815996177398119471035897731781e-01
460,1.0873373355812873675141361218265956267715e-01
461,1.0873373355815069141172557465324643999338e-01
462,1.0873373355815996177398119471035897731781e-01
463,1.0873373355812873675141361218265956267715e-01
464,1.0873373355815069141172557465324643999338e-01
465,1.0873373355815996177398119471035897731781e-01
466,1.0873373355812873675141361218265956267715e-01
467,1.0873373355815069141172557465324643999338e-01
468,1.0873373355815996177398119471035897731781e-01
469,1.0873373355812873675141361218265956267715e-01
470,1.0873373355814504315208779416934703476727e-01
471,1.0873373355813864549190839170478284358978e-01
472,1.0873373355815996177398119471035897731781e-01
473,1.0873373355812873675141361218265956267715e-01
474,1.0873373355815069141172557465324643999338e-01
475,1.0873373355815996177398119471035897731781e-01
476,1.0873373355812873675141361218265956267715e-01
477,1.0873373355815069141172557465324643999338e-01
478,1.0873373355815996177398119471035897731781e-01
479,1.0873373355812873675141361218265956267715e-01
480,1.0873373355815069141172557465324643999338e-01
481,1.0873373355815996177398119471035897731781e-01
482,1.0873373355812873675141361218265956267715e-01
483,1.0873373355815069141172557465324643999338e-01
484,1.0873373355815996177398119471035897731781e-01
485,1.0873373355812873675141361218265956267715e-01
486,1.0873373355815069141172557465324643999338e-01
487,1.0873373355815996177398119471035897731781e-01
488,1.0873373355812873675141361218265956267715e-01
489,1.0873373355815069141172557465324643999338e-01
490,1.0873373355815996177398119471035897731781e-01
491,1.0873373355812873675141361218265956267715e-01
492,1.0873373355815069141172557465324643999338e-01
493,1.0873373355815996177398119471035897731781e-01
494,1.0873373355812873675141361218265956267715e-01
495,1.0873373355814504315208779416934703476727e-01
496,1.0873373355813864549190839170478284358978e-01
497,1.0873373355815996177398119471035897731781e-01
498,1.0873373355812873675141361218265956267715e-01
499,1.0873373355815069141172557465324643999338e-01
500,1.0873373355815996177398119471035897731781e-01
501,1.0873373355812873675141361218265956267715e-01
502,1.0873373355815069141172557465324643999338e-01
503,1.0873373355815996177398119471035897731781e-01
504,1.0873373355812873675141361218265956267715e-01
505,1.0873373355815069141172557465324643999338e-01
506,1.0873373355815996177398119471035897731781e-01
507,1.0873373355812873675141361218265956267715e-01
508,1.0873373355815069141172557465324643999338e-01
509,1.0873373355815996177398119471035897731781e-01
510,1.0873373355812873675141361218265956267715e-01
511,1.0873373355815069141172557465324643999338e-01
512,1.0873373355815996177398119471035897731781e-01
513,1.0873373355812873675141361218265956267715e-01
514,1.0873373355815069141172557465324643999338e-01
515,1.0873373355815996177398119471035897731781e-01
516,1.0873373355812873675141361218265956267715e-01
517,1.0873373355815069141172557465324643999338e-01
518,1.0873373355815996177398119471035897731781e-01
519,1.0873373355812873675141361218265956267715e-01
520,1.0873373355815069141172557465324643999338e-01
521,1.0873373355815996177398119471035897731781e-01
522,1.0873373355812873675141361218265956267715e-01
523,1.0873373355814504315208779416934703476727e-01
524,1.0873373355813864549190839170478284358978e-01
525,1.0873373355815996177398119471035897731781e-01
526,1.0873373355812873675141361218265956267715e-01
527,1.0873373355815069141172557465324643999338e-01
528,1.0873373355815996177398119471035897731781e-01
529,1.0873373355812873675141361218265956267715e-01
530,1.0873373355815069141172557465324643999338e-01
531,1.0873373355815996177398119471035897731781e-01
532,1.0873373355812873675141361218265956267715e-01
533,1.0873373355815069141172557465324643999338e-01
534,1.0873373355815996177398119471035897731781e-01
535,1.0873373355812873675141361218265956267715e-01
536,1.0873373355815069141172557465324643999338e-01
537,1.0873373355815996177398119471035897731781e-01
538,1.0873373355812873675141361218265956267715e-01
539,1.0873373355815069141172557465324643999338e-01
540,1.0873373355815996177398119471035897731781e-01
541,1.0873373355812873675141361218265956267715e-01
542,1.0873373355814504315208779416934703476727e-01
543,1.0873373355814985874445710578584112226963e-01
544,1.0873373355812532281561288982629776000977e-01
545,1.0873373355815617313790966136366478167474e-01
546,1.0873373355813889529208893236500443890691e-01
547,1.0873373355813782670242773065183428116143e-01
548,1.0873373355814985874445710578584112226963e-01
549,1.0873373355814985874445710578584112226963e-01
550,1.0873373355812532281561288982629776000977e-01
551,1.0873373355815617313790966136366478167474e-01
552,1.0873373355813889529208893236500443890691e-01
553,1.0873373355813782670242773065183428116143e-01
554,1.0873373355814985874445710578584112226963e-01
555,1.0873373355814985874445710578584112226963e-01
556,1.0873373355812532281561288982629776000977e-01
557,1.0873373355815617313790966136366478167474e-01
558,1.0873373355813889529208893236500443890691e-01
559,1.0873373355813782670242773065183428116143e-01
560,1.0873373355814985874445710578584112226963e-01
561,1.0873373355814985874445710578584112226963e-01
562,1.0873373355814985874445710578584112226963e-01
563,1.0873373355812532281561288982629776000977e-01
564,1.0873373355815617313790966136366478167474e-01
565,1.0873373355813889529208893236500443890691e-01
566,1.0873373355813782670242773065183428116143e-01
567,1.0873373355814985874445710578584112226963e-01
568,1.0873373355814985874445710578584112226963e-01
569,1.0873373355812532281561288982629776000977e-01
570,1.0873373355815617313790966136366478167474e-01
571,1.0873373355813889529208893236500443890691e-01
572,1.0873373355813782670242773065183428116143e-01
573,1.0873373355814985874445710578584112226963e-01
574,1.0873373355814985874445710578584112226963e-01
575,1.0873373355812532281561288982629776000977e-01
576,1.0873373355815617313790966136366478167474e-01
577,1.0873373355813889529208893236500443890691e-01
578,1.0873373355813782670242773065183428116143e-01
579,1.0873373355814985874445710578584112226963e-01
580,1.0873373355814985874445710578584112226963e-01
581,1.0873373355812532281561288982629776000977e-01
582,1.0873373355815617313790966136366478167474e-01
583,1.0873373355813889529208893236500443890691e-01
584,1.0873373355813782670242773065183428116143e-01
585,1.0873373355814985874445710578584112226963e-01
586,1.0873373355814985874445710578584112226963e-01
587,1.0873373355814985874445710578584112226963e-01
588,1.0873373355812532281561288982629776000977e-01
589,1.0873373355815617313790966136366478167474e-01
590,1.0873373355813889529208893236500443890691e-01
591,1.0873373355813782670242773065183428116143e-01
592,1.0873373355814985874445710578584112226963e-01
593,1.0873373355814985874445710578584112226963e-01
594,1.0873373355812532281561288982629776000977e-01
595,1.0873373355815617313790966136366478167474e-01
596,1.0873373355813889529208893236500443890691e-01
597,1.0873373355813782670242773065183428116143e-01
598,1.0873373355814985874445710578584112226963e-01
599,1.0873373355814985874445710578584112226963e-01
600,1.0873373355812532281561288982629776000977e-01
601,1.0873373355815617313790966136366478167474e-01
602,1.0873373355813889529208893236500443890691e-01
603,1.0873373355813782670242773065183428116143e-01
604,1.0873373355814985874445710578584112226963e-01
605,1.0873373355814985874445710578584112226963e-01
606,1.0873373355812532281561288982629776000977e-01
607,1.0873373355815617313790966136366478167474e-01
608,1.0873373355813889529208893236500443890691e-01
609,1.0873373355813782670242773065183428116143e-01
610,1.0873373355814985874445710578584112226963e-01
611,1.0873373355814985874445710578584112226963e-01
612,1.0873373355814985874445710578584112226963e-01
613,1.0873373355812532281561288982629776000977e-01
614,1.0873373355815617313790966136366478167474e-01
615,1.0873373355813889529208893236500443890691e-01
616,1.0873373355813782670242773065183428116143e-01
617,1.0873373355814985874445710578584112226963e-01
618,1.0873373355814985874445710578584112226963e-01
619,1.0873373355812532281561288982629776000977e-01
620,1.0873373355815617313790966136366478167474e-01
621,1.0873373355813889529208893236500443890691e-01
622,1.0873373355813782670242773065183428116143e-01
623,1.0873373355814985874445710578584112226963e-01
624,1.0873373355814985874445710578584112226963e-01
625,1.0873373355812532281561288982629776000977e-01
626,1.0873373355815617313790966136366478167474e-01
627,1.0873373355813889529208893236500443890691e-01
628,1.0873373355813782670242773065183428116143e-01
629,1.0873373355814985874445710578584112226963e-01
630,1.0873373355814985874445710578584112226963e-01
631,1.0873373355812532281561288982629776000977e-01
632,1.0873373355815617313790966136366478167474e-01
633,1.0873373355813889529208893236500443890691e-01
634,1.0873373355813782670242773065183428116143e-01
635,1.0873373355814985874445710578584112226963e-01
636,1.0873373355814985874445710578584112226963e-01
637,1.0873373355814985874445710578584112226963e-01
638,1.0873373355812532281561288982629776000977e-01
639,1.0873373355815617313790966136366478167474e-01
640,1.0873373355813889529208893236500443890691e-01
641,1.0873373355813782670242773065183428116143e-01
642,1.0873373355814985874445710578584112226963e-01
643,1.0873373355814985874445710578584112226963e-01
644,1.0873373355812532281561288982629776000977e-01
645,1.0873373355815617313790966136366478167474e-01
646,1.0873373355813889529208893236500443890691e-01
647,1.0873373355813782670242773065183428116143e-01
648,1.0873373355814985874445710578584112226963e-01
649,1.0873373355814985874445710578584112226963e-01
650,1.0873373355812532281561288982629776000977e-01
651,1.0873373355815617313790966136366478167474e-01
652,1.0873373355813889529208893236500443890691e-01
653,1.0873373355813782670242773065183428116143e-01
654,1.0873373355814985874445710578584112226963e-01
655,1.0873373355814985874445710578584112226963e-01
656,1.0873373355812532281561288982629776000977e-01
657,1.0873373355815617313790966136366478167474e-01
658,1.0873373355814068552671614042992587201297e-01
659,1.8612927301314473200990360132921530020162e-15
660,1.9335955092472402523122612090176429349735e-15
661,-3.0188185558437598812124135622125820077599e-06
662,-3.0188185861929245468291034548702356232752e-06
663,-3.0188185690807909813515152314122858001610e-06
664,-3.0188185582504862632558396279280898966135e-06
665,-3.0188185861929245468291034548702356232752e-06
666,-3.0188185690807909813515152314122858001610e-06
667,-3.0188185582504862632558396279280898966135e-06
668,-3.0188185861929245468291034548702356232752e-06
669,-3.0188185690807909813515152314122858001610e-06
670,-3.0188185582504862632558396279280898966135e-06
671,-3.0188185861929245468291034548702356232752e-06
672,-3.0188185783710974747476220997333129503204e-06
673,-3.0188185738942441689548409899934711120295e-06
674,-3.0188185582504862632558396279280898966135e-06
675,-3.0188185787076630517238029494109241568367e-06
676,-3.0188185678773930619789647722406300545117e-06
677,-3.0188185861929245468291034548702356232752e-06
678,-3.0188185783710974747476220997333129503204e-06
679,-3.0188185738942441689548409899934711120295e-06
680,-3.0188185582504862632558396279280898966135e-06
681,-3.0188185861929245468291034548702356232752e-06
682,-3.0188185690807909813515152314122858001610e-06
683,-3.0188185582504862632558396279280898966135e-06
684,-3.0188185861929245468291034548702356232752e-06
685,-3.0188185690807909813515152314122858001610e-06
686,-3.0188185582504862632558396279280898966135e-06
687,-3.0188185861929245468291034548702356232752e-06
688,-3.0188185690807909813515152314122858001610e-06
689,-3.0188185582504862632558396279280898966135e-06
690,-3.0188185861929245468291034548702356232752e-06
691,-3.0188185783710974747476220997333129503204e-06
692,-3.0188185738942441689548409899934711120295e-06
693,-3.0188185582504862632558396279280898966135e-06
694,-3.0188185787076630517238029494109241568367e-06
695,-3.0188185678773930619789647722406300545117e-06
696,-3.0188185861929245468291034548702356232752e-06
697,-3.0188185783710974747476220997333129503204e-06
698,-3.0188185738942441689548409899934711120295e-06
699,-3.0188185582504862632558396279280898966135e-06
700,-3.0188185787076630517238029494109241568367e-06
701,-3.0188185678773930619789647722406300545117e-06
702,-3.0188185861929245468291034548702356232752e-06
703,-3.0188185783710974747476220997333129503204e-06
704,-3.0188185738942441689548409899934711120295e-06
705,-3.0188185582504862632558396279280898966135e-06
706,-3.0188185787076630517238029494109241568367e-06
707,-3.0188185678773930619789647722406300545117e-06
708,-3.0188185861929245468291034548702356232752e-06
709,-3.0188185783710974747476220997333129503204e-06
710,-3.0188185738942441689548409899934711120295e-06
711,-3.0188185582504862632558396279280898966135e-06
712,-3.0188185787076630517238029494109241568367e-06
713,-3.0188185678773930619789647722406300545117e-06
714,-3.0188185861929245468291034548702356232752e-06
715,-3.0188185783710974747476220997333129503204e-06
716,-3.0188185807778238567910481654488208391740e-06
717,-3.0188185738942441689548409899934711120295e-06
718,-3.0188185582504862632558396279280898966135e-06
719,-3.0188185703432647901138432405820921644590e-06
720,-3.0188185708858186154669028811170505832706e-06
721,-3.0188185656766028357861613579116166761196e-06
722,-3.0188185571062853589845240837030715397304e-06
723,-3.0188185660723650043471034953856957372409e-06
724,-3.0188185656766028357861613579116166761196e-06
725,-3.0188185571062853589845240837030715397304e-06
726,-3.0188185660723650043471034953856957372409e-06
727,-3.0188185656766028357861613579116166761196e-06
728,-3.0188185571062853589845240837030715397304e-06
729,-3.0188185765068897661899446210886921448946e-06
730,-3.0188185522928321713811983251218862278620e-06
731,-3.0188185660723650043471034953856957372409e-06
732,-3.0188185656766028357861613579116166761196e-06
733,-3.0188185571062853589845240837030715397304e-06
734,-3.0188185660723650043471034953856957372409e-06
735,-3.0188185656766028357861613579116166761196e-06
736,-3.0188185571062853589845240837030715397304e-06
737,-3.0188185660723650043471034953856957372409e-06
738,-3.0188185656766028357861613579116166761196e-06
739,-3.0188185571062853589845240837030715397304e-06
740,-3.0188185660723650043471034953856957372409e-06
741,-3.0188185656766028357861613579116166761196e-06
742,-3.0188185571062853589845240837030715397304e-06
743,-3.0188185765068897661899446210886921448946e-06
744,-3.0188185522928321713811983251218862278620e-06
745,-3.0188185660723650043471034953856957372409e-06
746,-3.0188185656766028357861613579116166761196e-06
747,-3.0188185571062853589845240837030715397304e-06
748,-3.0188185660723650043471034953856957372409e-06
749,-3.0188185656766028357861613579116166761196e-06
750,-3.0188185571062853589845240837030715397304e-06
751,-3.0188185660723650043471034953856957372409e-06
752,-3.0188185656766028357861613579116166761196e-06
753,-3.0188185571062853589845240837030715397304e-06
754,-3.0188185660723650043471034953856957372409e-06
755,-3.0188185656766028357861613579116166761196e-06
756,-3.0188185571062853589845240837030715397304e-06
757,-3.0188185765068897661899446210886921448946e-06
758,-3.0188185522928321713811983251218862278620e-06
759,-3.0188185660723650043471034953856957372409e-06
760,-3.0188185656766028357861613579116166761196e-06
761,-3.0188185571062853589845240837030715397304e-06
762,-3.0188185660723650043471034953856957372409e-06
763,-3.0188185656766028357861613579116166761196e-06
764,-3.0188185571062853589845240837030715397304e-06
765,-3.0188185765068897661899446210886921448946e-06
766,-3.0188185600555486257220647039467564809456e-06
767,-3.0188185606572130688157393207937673196284e-06
768,-3.0188185861929245468291034548702356232752e-06
769,-3.0188185690807909813515152314122858001610e-06
770,-3.0188185582504862632558396279280898966135e-06
771,-3.0188185861929245468291034548702356232752e-06
772,-3.0188185690807909813515152314122858001610e-06
773,-3.0188185582504862632558396279280898966135e-06
774,-3.0188185861929245468291034548702356232752e-06
775,-3.0188185783710974747476220997333129503204e-06
776,-3.0188185738942441689548409899934711120295e-06
777,-3.0188185582504862632558396279280898966135e-06
778,-3.0188185861929245468291034548702356232752e-06
779,-3.0188185690807909813515152314122858001610e-06
780,-3.0188185582504862632558396279280898966135e-06
781,-3.0188185861929245468291034548702356232752e-06
782,-3.0188185690807909813515152314122858001610e-06
783,-3.0188185582504862632558396279280898966135e-06
784,-3.0188185861929245468291034548702356232752e-06
785,-3.0188185690807909813515152314122858001610e-06
786,-3.0188185582504862632558396279280898966135e-06
787,-3.0188185861929245468291034548702356232752e-06
788,-3.0188185690807909813515152314122858001610e-06
789,-3.0188185582504862632558396279280898966135e-06
790,-3.0188185861929245468291034548702356232752e-06
791,-3.0188185690807909813515152314122858001610e-06
792,-3.0188185582504862632558396279280898966135e-06
793,-3.0188185861929245468291034548702356232752e-06
794,-3.0188185690807909813515152314122858001610e-06
795,-3.0188185582504862632558396279280898966135e-06
796,-3.0188185861929245468291034548702356232752e-06
797,-3.0188185690807909813515152314122858001610e-06
798,-3.0188185582504862632558396279280898966135e-06
799,-3.0188185861929245468291034548702356232752e-06
800,-3.0188185783710974747476220997333129503204e-06
801,-3.0188185738942441689548409899934711120295e-06
802,-3.0188185582504862632558396279280898966135e-06
803,-3.0188185861929245468291034548702356232752e-06
804,-3.0188185690807909813515152314122858001610e-06
805,-3.0188185582504862632558396279280898966135e-06
806,-3.0188185861929245468291034548702356232752e-06
807,-3.0188185690807909813515152314122858001610e-06
808,-3.0188185582504862632558396279280898966135e-06
809,-3.0188185861929245468291034548702356232752e-06
810,-3.0188185690807909813515152314122858001610e-06
811,-3.0188185582504862632558396279280898966135e-06
812,-3.0188185861929245468291034548702356232752e-06
813,-3.0188185690807909813515152314122858001610e-06
814,-3.0188185582504862632558396279280898966135e-06
815,-3.0188185861929245468291034548702356232752e-06
816,-3.0188185690807909813515152314122858001610e-06
817,-3.0188185582504862632558396279280898966135e-06
818,-3.0188185861929245468291034548702356232752e-06
819,-3.0188185690807909813515152314122858001610e-06
820,-3.0188185582504862632558396279280898966135e-06
821,-3.0188185861929245468291034548702356232752e-06
822,-3.0188185690807909813515152314122858001610e-06
823,-3.0188185582504862632558396279280898966135e-06
824,-3.0188185861929245468291034548702356232752e-06
825,-3.0188185783710974747476220997333129503204e-06
826,-3.0188185738942441689548409899934711120295e-06
827,-3.0188185582504862632558396279280898966135e-06
828,-3.0188185861929245468291034548702356232752e-06
829,-3.0188185690807909813515152314122858001610e-06
830,-3.0188185582504862632558396279280898966135e-06
831,-3.0188185861929245468291034548702356232752e-06
832,-3.0188185690807909813515152314122858001610e-06
833,-3.0188185582504862632558396279280898966135e-06
834,-3.0188185861929245468291034548702356232752e-06
835,-3.0188185690807909813515152314122858001610e-06
836,-3.0188185582504862632558396279280898966135e-06
837,-3.0188185861929245468291034548702356232752e-06
838,-3.0188185690807909813515152314122858001610e-06
839,-3.0188185582504862632558396279280898966135e-06
840,-3.0188185861929245468291034548702356232752e-06
841,-3.0188185690807909813515152314122858001610e-06
842,-3.0188185582504862632558396279280898966135e-06
843,-3.0188185861929245468291034548702356232752e-06
844,-3.0188185690807909813515152314122858001610e-06
845,-3.0188185582504862632558396279280898966135e-06
846,-3.0188185861929245468291034548702356232752e-06
847,-3.0188185690807909813515152314122858001610e-06
848,-3.0188185582504862632558396279280898966135e-06
849,-3.0188185861929245468291034548702356232752e-06
850,-3.0188185690807909813515152314122858001610e-06
851,-3.0188185582504862632558396279280898966135e-06
852,-3.0188185861929245468291034548702356232752e-06
853,-3.0188185783710974747476220997333129503204e-06
854,-3.0188185738942441689548409899934711120295e-06
855,-3.0188185582504862632558396279280898966135e-06
856,-3.0188185861929245468291034548702356232752e-06
857,-3.0188185690807909813515152314122858001610e-06
858,-3.0188185582504862632558396279280898966135e-06
859,-3.0188185861929245468291034548702356232752e-06
860,-3.0188185690807909813515152314122858001610e-06
861,-3.0188185582504862632558396279280898966135e-06
862,-3.0188185861929245468291034548702356232752e-06
863,-3.0188185690807909813515152314122858001610e-06
864,-3.0188185582504862632558396279280898966135e-06
865,-3.0188185861929245468291034548702356232752e-06
866,-3.0188185690807909813515152314122858001610e-06
867,-3.0188185582504862632558396279280898966135e-06
868,-3.0188185861929245468291034548702356232752e-06
869,-3.0188185690807909813515152314122858001610e-06
870,-3.0188185582504862632558396279280898966135e-06
871,-3.0188185861929245468291034548702356232752e-06
872,-3.0188185783710974747476220997333129503204e-06
873,-3.0188185807778238567910481654488208391740e-06
874,-3.0188185748325258580344789688387763249011e-06
875,-3.0188185408374417021673194461151013001654e-06
876,-3.0188185789727089782820933228091320188469e-06
877,-3.0188185711509174815843966482864502154371e-06
878,-3.0188185807778238567910481654488208391740e-06
879,-3.0188185807778238567910481654488208391740e-06
880,-3.0188185748325258580344789688387763249011e-06
881,-3.0188185408374417021673194461151013001654e-06
882,-3.0188185789727089782820933228091320188469e-06
883,-3.0188185711509174815843966482864502154371e-06
884,-3.0188185807778238567910481654488208391740e-06
885,-3.0188185807778238567910481654488208391740e-06
886,-3.0188185748325258580344789688387763249011e-06
887,-3.0188185408374417021673194461151013001654e-06
888,-3.0188185789727089782820933228091320188469e-06
889,-3.0188185711509174815843966482864502154371e-06
890,-3.0188185807778238567910481654488208391740e-06
891,-3.0188185807778238567910481654488208391740e-06
892,-3.0188185807778238567910481654488208391740e-06
893,-3.0188185748325258580344789688387763249011e-06
894,-3.0188185408374417021673194461151013001654e-06
895,-3.0188185789727089782820933228091320188469e-06
896,-3.0188185711509174815843966482864502154371e-06
897,-3.0188185807778238567910481654488208391740e-06
898,-3.0188185807778238567910481654488208391740e-06
899,-3.0188185748325258580344789688387763249011e-06
900,-3.0188185408374417021673194461151013001654e-06
901,-3.0188185789727089782820933228091320188469e-06
902,-3.0188185711509174815843966482864502154371e-06
903,-3.0188185807778238567910481654488208391740e-06
904,-3.0188185807778238567910481654488208391740e-06
905,-3.0188185748325258580344789688387763249011e-06
906,-3.0188185408374417021673194461151013001654e-06
907,-3.0188185789727089782820933228091320188469e-06
908,-3.0188185711509174815843966482864502154371e-06
909,-3.0188185807778238567910481654488208391740e-06
910,-3.0188185807778238567910481654488208391740e-06
911,-3.0188185748325258580344789688387763249011e-06
912,-3.0188185408374417021673194461151013001654e-06
913,-3.0188185789727089782820933228091320188469e-06
914,-3.0188185711509174815843966482864502154371e-06
915,-3.0188185807778238567910481654488208391740e-06
916,-3.0188185807778238567910481654488208391740e-06
917,-3.0188185807778238567910481654488208391740e-06
918,-3.0188185748325258580344789688387763249011e-06
919,-3.0188185408374417021673194461151013001654e-06
920,-3.0188185789727089782820933228091320188469e-06
921,-3.0188185711509174815843966482864502154371e-06
922,-3.0188185807778238567910481654488208391740e-06
923,-3.0188185807778238567910481654488208391740e-06
924,-3.0188185748325258580344789688387763249011e-06
925,-3.0188185408374417021673194461151013001654e-06
926,-3.0188185789727089782820933228091320188469e-06
927,-3.0188185711509174815843966482864502154371e-06
928,-3.0188185807778238567910481654488208391740e-06
929,-3.0188185807778238567910481654488208391740e-06
930,-3.0188185748325258580344789688387763249011e-06
931,-3.0188185408374417021673194461151013001654e-06
932,-3.0188185789727089782820933228091320188469e-06
933,-3.0188185711509174815843966482864502154371e-06
934,-3.0188185807778238567910481654488208391740e-06
935,-3.0188185807778238567910481654488208391740e-06
936,-3.0188185748325258580344789688387763249011e-06
937,-3.0188185408374417021673194461151013001654e-06
938,-3.0188185789727089782820933228091320188469e-06
939,-3.0188185711509174815843966482864502154371e-06
940,-3.0188185807778238567910481654488208391740e-06
941,-3.0188185807778238567910481654488208391740e-06
942,-3.0188185807778238567910481654488208391740e-06
943,-3.0188185748325258580344789688387763249011e-06
944,-3.0188185408374417021673194461151013001654e-06
945,-3.0188185789727089782820933228091320188469e-06
946,-3.0188185711509174815843966482864502154371e-06
947,-3.0188185807778238567910481654488208391740e-06
948,-3.0188185807778238567910481654488208391740e-06
949,-3.0188185748325258580344789688387763249011e-06
950,-3.0188185408374417021673194461151013001654e-06
951,-3.0188185789727089782820933228091320188469e-06
952,-3.0188185711509174815843966482864502154371e-06
953,-3.0188185807778238567910481654488208391740e-06
954,-3.0188185807778238567910481654488208391740e-06
955,-3.0188185748325258580344789688387763249011e-06
956,-3.0188185408374417021673194461151013001654e-06
957,-3.0188185789727089782820933228091320188469e-06
958,-3.0188185711509174815843966482864502154371e-06
959,-3.0188185807778238567910481654488208391740e-06
960,-3.0188185807778238567910481654488208391740e-06
961,-3.0188185748325258580344789688387763249011e-06
962,-3.0188185408374417021673194461151013001654e-06
963,-3.0188185789727089782820933228091320188469e-06
964,-3.0188185711509174815843966482864502154371e-06
965,-3.0188185807778238567910481654488208391740e-06
966,-3.0188185807778238567910481654488208391740e-06
967,-3.0188185807778238567910481654488208391740e-06
968,-3.0188185748325258580344789688387763249011e-06
969,-3.0188185408374417021673194461151013001654e-06
970,-3.0188185789727089782820933228091320188469e-06
971,-3.0188185711509174815843966482864502154371e-06
972,-3.0188185807778238567910481654488208391740e-06
973,-3.0188185807778238567910481654488208391740e-06
974,-3.0188185748325258580344789688387763249011e-06
975,-3.0188185408374417021673194461151013001654e-06
976,-3.0188185789727089782820933228091320188469e-06
977,-3.0188185711509174815843966482864502154371e-06
978,-3.0188185807778238567910481654488208391740e-06
979,-3.0188185807778238567910481654488208391740e-06
980,-3.0188185748325258580344789688387763249011e-06
981,-3.0188185408374417021673194461151013001654e-06
982,-3.0188185789727089782820933228091320188469e-06
983,-3.0188185711509174815843966482864502154371e-06
984,-3.0188185807778238567910481654488208391740e-06
985,-3.0188185807778238567910481654488208391740e-06
986,-3.0188185748325258580344789688387763249011e-06
987,-3.0188185408374417021673194461151013001654e-06
988,-3.0188185801064820599397611755598802574241e-06
989,8.0324833777198877799377628388726964413111e-16
990,-2.5402458446047674424098932240605066478907e-15
991,-3.0150819719416703233749212087477786781164e-06
992,-3.0150819758832763100176582726774654474866e-06
993,-3.0150819636316138840125347653220444499311e-06
994,-3.0150819815685766985815727259101493018534e-06
995,-3.0150819758832763100176582726774654474866e-06
996,-3.0150819636316138840125347653220444499311e-06
997,-3.0150819815685766985815727259101493018534e-06
998,-3.0150819758832763100176582726774654474866e-06
999,-3.0150819636316138840125347653220444499311e-06
1000,-3.0150819815685766985815727259101493018534e-06
1001,-3.0150819758832763100176582726774654474866e-06
1002,-3.0150819587353835546058352518050682533612e-06
1003,-3.0150819636316138840125347653220444499311e-06
1004,-3.0150819815685766985815727259101493018534e-06
1005,-3.0150819657374648458288135532967544349958e-06
1006,-3.0150819791618503165381466601946414129998e-06
1007,-3.0150819758832763100176582726774654474866e-06
1008,-3.0150819587353835546058352518050682533612e-06
1009,-3.0150819636316138840125347653220444499311e-06
1010,-3.0150819815685766985815727259101493018534e-06
1011,-3.0150819758832763100176582726774654474866e-06
1012,-3.0150819636316138840125347653220444499311e-06
1013,-3.0150819815685766985815727259101493018534e-06
1014,-3.0150819758832763100176582726774654474866e-06
1015,-3.0150819636316138840125347653220444499311e-06
1016,-3.0150819815685766985815727259101493018534e-06
1017,-3.0150819758832763100176582726774654474866e-06
1018,-3.0150819636316138840125347653220444499311e-06
1019,-3.0150819815685766985815727259101493018534e-06
1020,-3.0150819758832763100176582726774654474866e-06
1021,-3.0150819587353835546058352518050682533612e-06
1022,-3.0150819636316138840125347653220444499311e-06
1023,-3.0150819815685766985815727259101493018534e-06
1024,-3.0150819657374648458288135532967544349958e-06
1025,-3.0150819791618503165381466601946414129998e-06
1026,-3.0150819758832763100176582726774654474866e-06
1027,-3.0150819587353835546058352518050682533612e-06
1028,-3.0150819636316138840125347653220444499311e-06
1029,-3.0150819815685766985815727259101493018534e-06
1030,-3.0150819657374648458288135532967544349958e-06
1031,-3.0150819791618503165381466601946414129998e-06
1032,-3.0150819758832763100176582726774654474866e-06
1033,-3.0150819587353835546058352518050682533612e-06
1034,-3.0150819636316138840125347653220444499311e-06
1035,-3.0150819815685766985815727259101493018534e-06
1036,-3.0150819657374648458288135532967544349958e-06
1037,-3.0150819791618503165381466601946414129998e-06
1038,-3.0150819758832763100176582726774654474866e-06
1039,-3.0150819587353835546058352518050682533612e-06
1040,-3.0150819636316138840125347653220444499311e-06
1041,-3.0150819815685766985815727259101493018534e-06
1042,-3.0150819657374648458288135532967544349958e-06
1043,-3.0150819791618503165381466601946414129998e-06
1044,-3.0150819758832763100176582726774654474866e-06
1045,-3.0150819587353835546058352518050682533612e-06
1046,-3.0150819527185671759807964603661289970660e-06
1047,-3.0150819636316138840125347653220444499311e-06
1048,-3.0150819815685766985815727259101493018534e-06
1049,-3.0150819626691837091231503109600708967264e-06
1050,-3.0150819752139686627892024850527974422221e-06
1051,-3.0150819602254877270638630526455870040081e-06
1052,-3.0150819610145759974294439598185846307388e-06
1053,-3.0150819728072422807457764193372895533685e-06
1054,-3.0150819602254877270638630526455870040081e-06
1055,-3.0150819610145759974294439598185846307388e-06
1056,-3.0150819728072422807457764193372895533685e-06
1057,-3.0150819602254877270638630526455870040081e-06
1058,-3.0150819610145759974294439598185846307388e-06
1059,-3.0150819677465266233117643229766358103916e-06
1060,-3.0150819501843060076846057826482905284138e-06
1061,-3.0150819728072422807457764193372895533685e-06
1062,-3.0150819602254877270638630526455870040081e-06
1063,-3.0150819610145759974294439598185846307388e-06
1064,-3.0150819728072422807457764193372895533685e-06
1065,-3.0150819602254877270638630526455870040081e-06
1066,-3.0150819610145759974294439598185846307388e-06
1067,-3.0150819728072422807457764193372895533685e-06
1068,-3.0150819602254877270638630526455870040081e-06
1069,-3.0150819610145759974294439598185846307388e-06
1070,-3.0150819728072422807457764193372895533685e-06
1071,-3.0150819602254877270638630526455870040081e-06
1072,-3.0150819610145759974294439598185846307388e-06
1073,-3.0150819677465266233117643229766358103916e-06
1074,-3.0150819501843060076846057826482905284138e-06
1075,-3.0150819728072422807457764193372895533685e-06
1076,-3.0150819602254877270638630526455870040081e-06
1077,-3.0150819610145759974294439598185846307388e-06
1078,-3.0150819728072422807457764193372895533685e-06
1079,-3.0150819602254877270638630526455870040081e-06
1080,-3.0150819610145759974294439598185846307388e-06
1081,-3.0150819728072422807457764193372895533685e-06
1082,-3.0150819602254877270638630526455870040081e-06
1083,-3.0150819610145759974294439598185846307388e-06
1084,-3.0150819728072422807457764193372895533685e-06
1085,-3.0150819602254877270638630526455870040081e-06
1086,-3.0150819610145759974294439598185846307388e-06
1087,-3.0150819677465266233117643229766358103916e-06
1088,-3.0150819501843060076846057826482905284138e-06
1089,-3.0150819728072422807457764193372895533685e-06
1090,-3.0150819602254877270638630526455870040081e-06
1091,-3.0150819610145759974294439598185846307388e-06
1092,-3.0150819728072422807457764193372895533685e-06
1093,-3.0150819602254877270638630526455870040081e-06
1094,-3.0150819610145759974294439598185846307388e-06
1095,-3.0150819677465266233117643229766358103916e-06
1096,-3.0150819658879021324259135650169838527290e-06
1097,-3.0150819659248535212334087901586698876599e-06
1098,-3.0150819758832763100176582726774654474866e-06
1099,-3.0150819636316138840125347653220444499311e-06
1100,-3.0150819815685766985815727259101493018534e-06
1101,-3.0150819758832763100176582726774654474866e-06
1102,-3.0150819636316138840125347653220444499311e-06
1103,-3.0150819815685766985815727259101493018534e-06
1104,-3.0150819758832763100176582726774654474866e-06
1105,-3.0150819587353835546058352518050682533612e-06
1106,-3.0150819636316138840125347653220444499311e-06
1107,-3.0150819815685766985815727259101493018534e-06
1108,-3.0150819758832763100176582726774654474866e-06
1109,-3.0150819636316138840125347653220444499311e-06
1110,-3.0150819815685766985815727259101493018534e-06
1111,-3.0150819758832763100176582726774654474866e-06
1112,-3.0150819636316138840125347653220444499311e-06
1113,-3.0150819815685766985815727259101493018534e-06
1114,-3.0150819758832763100176582726774654474866e-06
1115,-3.0150819636316138840125347653220444499311e-06
1116,-3.0150819815685766985815727259101493018534e-06
1117,-3.0150819758832763100176582726774654474866e-06
1118,-3.0150819636316138840125347653220444499311e-06
1119,-3.0150819815685766985815727259101493018534e-06
1120,-3.0150819758832763100176582726774654474866e-06
1121,-3.0150819636316138840125347653220444499311e-06
1122,-3.0150819815685766985815727259101493018534e-06
1123,-3.0150819758832763100176582726774654474866e-06
1124,-3.0150819636316138840125347653220444499311e-06
1125,-3.0150819815685766985815727259101493018534e-06
1126,-3.0150819758832763100176582726774654474866e-06
1127,-3.0150819636316138840125347653220444499311e-06
1128,-3.0150819815685766985815727259101493018534e-06
1129,-3.0150819758832763100176582726774654474866e-06
1130,-3.0150819587353835546058352518050682533612e-06
1131,-3.0150819636316138840125347653220444499311e-06
1132,-3.0150819815685766985815727259101493018534e-06
1133,-3.0150819758832763100176582726774654474866e-06
1134,-3.0150819636316138840125347653220444499311e-06
1135,-3.0150819815685766985815727259101493018534e-06
1136,-3.0150819758832763100176582726774654474866e-06
1137,-3.0150819636316138840125347653220444499311e-06
1138,-3.0150819815685766985815727259101493018534e-06
1139,-3.0150819758832763100176582726774654474866e-06
1140,-3.0150819636316138840125347653220444499311e-06
1141,-3.0150819815685766985815727259101493018534e-06
1142,-3.0150819758832763100176582726774654474866e-06
1143,-3.0150819636316138840125347653220444499311e-06
1144,-3.0150819815685766985815727259101493018534e-06
1145,-3.0150819758832763100176582726774654474866e-06
1146,-3.0150819636316138840125347653220444499311e-06
1147,-3.0150819815685766985815727259101493018534e-06
1148,-3.0150819758832763100176582726774654474866e-06
1149,-3.0150819636316138840125347653220444499311e-06
1150,-3.0150819815685766985815727259101493018534e-06
1151,-3.0150819758832763100176582726774654474866e-06
1152,-3.0150819636316138840125347653220444499311e-06
1153,-3.0150819815685766985815727259101493018534e-06
1154,-3.0150819758832763100176582726774654474866e-06
1155,-3.0150819587353835546058352518050682533612e-06
1156,-3.0150819636316138840125347653220444499311e-06
1157,-3.0150819815685766985815727259101493018534e-06
1158,-3.0150819758832763100176582726774654474866e-06
1159,-3.0150819636316138840125347653220444499311e-06
1160,-3.0150819815685766985815727259101493018534e-06
1161,-3.0150819758832763100176582726774654474866e-06
1162,-3.0150819636316138840125347653220444499311e-06
1163,-3.0150819815685766985815727259101493018534e-06
1164,-3.0150819758832763100176582726774654474866e-06
1165,-3.0150819636316138840125347653220444499311e-06
1166,-3.0150819815685766985815727259101493018534e-06
1167,-3.0150819758832763100176582726774654474866e-06
1168,-3.0150819636316138840125347653220444499311e-06
1169,-3.0150819815685766985815727259101493018534e-06
1170,-3.0150819758832763100176582726774654474866e-06
1171,-3.0150819636316138840125347653220444499311e-06
1172,-3.0150819815685766985815727259101493018534e-06
1173,-3.0150819758832763100176582726774654474866e-06
1174,-3.0150819636316138840125347653220444499311e-06
1175,-3.0150819815685766985815727259101493018534e-06
1176,-3.0150819758832763100176582726774654474866e-06
1177,-3.0150819636316138840125347653220444499311e-06
1178,-3.0150819815685766985815727259101493018534e-06
1179,-3.0150819758832763100176582726774654474866e-06
1180,-3.0150819636316138840125347653220444499311e-06
1181,-3.0150819815685766985815727259101493018534e-06
1182,-3.0150819758832763100176582726774654474866e-06
1183,-3.0150819587353835546058352518050682533612e-06
1184,-3.0150819636316138840125347653220444499311e-06
1185,-3.0150819815685766985815727259101493018534e-06
1186,-3.0150819758832763100176582726774654474866e-06
1187,-3.0150819636316138840125347653220444499311e-06
1188,-3.0150819815685766985815727259101493018534e-06
1189,-3.0150819758832763100176582726774654474866e-06
1190,-3.0150819636316138840125347653220444499311e-06
1191,-3.0150819815685766985815727259101493018534e-06
1192,-3.0150819758832763100176582726774654474866e-06
1193,-3.0150819636316138840125347653220444499311e-06
1194,-3.0150819815685766985815727259101493018534e-06
1195,-3.0150819758832763100176582726774654474866e-06
1196,-3.0150819636316138840125347653220444499311e-06
1197,-3.0150819815685766985815727259101493018534e-06
1198,-3.0150819758832763100176582726774654474866e-06
1199,-3.0150819636316138840125347653220444499311e-06
1200,-3.0150819815685766985815727259101493018534e-06
1201,-3.0150819758832763100176582726774654474866e-06
1202,-3.0150819587353835546058352518050682533612e-06
1203,-3.0150819527185671759807964603661289970660e-06
1204,-3.0150819713858316332771251216948726892042e-06
1205,-3.0150819563437195359469587818690428093760e-06
1206,-3.0150819676101174728706164063218864157534e-06
1207,-3.0150819527185671759807964603661289970660e-06
1208,-3.0150819527185671759807964603661289970660e-06
1209,-3.0150819527185671759807964603661289970660e-06
1210,-3.0150819713858316332771251216948726892042e-06
1211,-3.0150819563437195359469587818690428093760e-06
1212,-3.0150819676101174728706164063218864157534e-06
1213,-3.0150819527185671759807964603661289970660e-06
1214,-3.0150819527185671759807964603661289970660e-06
1215,-3.0150819527185671759807964603661289970660e-06
1216,-3.0150819713858316332771251216948726892042e-06
1217,-3.0150819563437195359469587818690428093760e-06
1218,-3.0150819676101174728706164063218864157534e-06
1219,-3.0150819527185671759807964603661289970660e-06
1220,-3.0150819527185671759807964603661289970660e-06
1221,-3.0150819527185671759807964603661289970660e-06
1222,-3.0150819527185671759807964603661289970660e-06
1223,-3.0150819713858316332771251216948726892042e-06
1224,-3.0150819563437195359469587818690428093760e-06
1225,-3.0150819676101174728706164063218864157534e-06
1226,-3.0150819527185671759807964603661289970660e-06
1227,-3.0150819527185671759807964603661289970660e-06
1228,-3.0150819527185671759807964603661289970660e-06
1229,-3.0150819713858316332771251216948726892042e-06
1230,-3.0150819563437195359469587818690428093760e-06
1231,-3.0150819676101174728706164063218864157534e-06
1232,-3.0150819527185671759807964603661289970660e-06
1233,-3.0150819527185671759807964603661289970660e-06
1234,-3.0150819527185671759807964603661289970660e-06
1235,-3.0150819713858316332771251216948726892042e-06
1236,-3.0150819563437195359469587818690428093760e-06
1237,-3.0150819676101174728706164063218864157534e-06
1238,-3.0150819527185671759807964603661289970660e-06
1239,-3.0150819527185671759807964603661289970660e-06
1240,-3.0150819527185671759807964603661289970660e-06
1241,-3.0150819713858316332771251216948726892042e-06
1242,-3.0150819563437195359469587818690428093760e-06
1243,-3.0150819676101174728706164063218864157534e-06
1244,-3.0150819527185671759807964603661289970660e-06
1245,-3.0150819527185671759807964603661289970660e-06
1246,-3.0150819527185671759807964603661289970660e-06
1247,-3.0150819527185671759807964603661289970660e-06
1248,-3.0150819713858316332771251216948726892042e-06
1249,-3.0150819563437195359469587818690428093760e-06
1250,-3.0150819676101174728706164063218864157534e-06
1251,-3.0150819527185671759807964603661289970660e-06
1252,-3.0150819527185671759807964603661289970660e-06
1253,-3.0150819527185671759807964603661289970660e-06
1254,-3.0150819713858316332771251216948726892042e-06
1255,-3.0150819563437195359469587818690428093760e-06
1256,-3.0150819676101174728706164063218864157534e-06
1257,-3.0150819527185671759807964603661289970660e-06
1258,-3.0150819527185671759807964603661289970660e-06
1259,-3.0150819527185671759807964603661289970660e-06
1260,-3.0150819713858316332771251216948726892042e-06
1261,-3.0150819563437195359469587818690428093760e-06
1262,-3.0150819676101174728706164063218864157534e-06
1263,-3.0150819527185671759807964603661289970660e-06
1264,-3.0150819527185671759807964603661289970660e-06
1265,-3.0150819527185671759807964603661289970660e-06
1266,-3.0150819713858316332771251216948726892042e-06
1267,-3.0150819563437195359469587818690428093760e-06
1268,-3.0150819676101174728706164063218864157534e-06
1269,-3.0150819527185671759807964603661289970660e-06
1270,-3.0150819527185671759807964603661289970660e-06
1271,-3.0150819527185671759807964603661289970660e-06
1272,-3.0150819527185671759807964603661289970660e-06
1273,-3.0150819713858316332771251216948726892042e-06
1274,-3.0150819563437195359469587818690428093760e-06
1275,-3.0150819676101174728706164063218864157534e-06
1276,-3.0150819527185671759807964603661289970660e-06
1277,-3.0150819527185671759807964603661289970660e-06
1278,-3.0150819527185671759807964603661289970660e-06
1279,-3.0150819713858316332771251216948726892042e-06
1280,-3.0150819563437195359469587818690428093760e-06
1281,-3.0150819676101174728706164063218864157534e-06
1282,-3.0150819527185671759807964603661289970660e-06
1283,-3.0150819527185671759807964603661289970660e-06
1284,-3.0150819527185671759807964603661289970660e-06
1285,-3.0150819713858316332771251216948726892042e-06
1286,-3.0150819563437195359469587818690428093760e-06
1287,-3.0150819676101174728706164063218864157534e-06
1288,-3.0150819527185671759807964603661289970660e-06
1289,-3.0150819527185671759807964603661289970660e-06
1290,-3.0150819527185671759807964603661289970660e-06
1291,-3.0150819713858316332771251216948726892042e-06
1292,-3.0150819563437195359469587818690428093760e-06
1293,-3.0150819676101174728706164063218864157534e-06
1294,-3.0150819527185671759807964603661289970660e-06
1295,-3.0150819527185671759807964603661289970660e-06
1296,-3.0150819527185671759807964603661289970660e-06
1297,-3.0150819527185671759807964603661289970660e-06
1298,-3.0150819713858316332771251216948726892042e-06
1299,-3.0150819563437195359469587818690428093760e-06
1300,-3.0150819676101174728706164063218864157534e-06
1301,-3.0150819527185671759807964603661289970660e-06
1302,-3.0150819527185671759807964603661289970660e-06
1303,-3.0150819527185671759807964603661289970660e-06
1304,-3.0150819713858316332771251216948726892042e-06
1305,-3.0150819563437195359469587818690428093760e-06
1306,-3.0150819676101174728706164063218864157534e-06
1307,-3.0150819527185671759807964603661289970660e-06
1308,-3.0150819527185671759807964603661289970660e-06
1309,-3.0150819527185671759807964603661289970660e-06
1310,-3.0150819713858316332771251216948726892042e-06
1311,-3.0150819563437195359469587818690428093760e-06
1312,-3.0150819676101174728706164063218864157534e-06
1313,-3.0150819527185671759807964603661289970660e-06
1314,-3.0150819527185671759807964603661289970660e-06
1315,-3.0150819527185671759807964603661289970660e-06
1316,-3.0150819713858316332771251216948726892042e-06
1317,-3.0150819563437195359469587818690428093760e-06
1318,-3.0150819558177438394375603075703295985477e-06
1319,5.5635024185784775180024947885081785638056e-15
1320,5.9792396526610333026054788378732149821864e-16
1321,-3.0117488398593434359722022936045604524224e-06
1322,-3.0117488355136938396432177977857236328418e-06
1323,-3.0117488270573844564431675863147575000767e-06
1324,-3.0117488398593434359722022936045604524224e-06
1325,-3.0117488355136938396432177977857236328418e-06
1326,-3.0117488270573844564431675863147575000767e-06
1327,-3.0117488398593434359722022936045604524224e-06
1328,-3.0117488355136938396432177977857236328418e-06
1329,-3.0117488270573844564431675863147575000767e-06
1330,-3.0117488398593434359722022936045604524224e-06
1331,-3.0117488355136938396432177977857236328418e-06
1332,-3.0117488260372421152090850055005333274494e-06
1333,-3.0117488150237512756766163762867094533249e-06
1334,-3.0117488398593434359722022936045604524224e-06
1335,-3.0117488448069590191240839371911164334961e-06
1336,-3.0117488458761602381137147121936692428790e-06
1337,-3.0117488355136938396432177977857236328418e-06
1338,-3.0117488260372421152090850055005333274494e-06
1339,-3.0117488150237512756766163762867094533249e-06
1340,-3.0117488398593434359722022936045604524224e-06
1341,-3.0117488355136938396432177977857236328418e-06
1342,-3.0117488270573844564431675863147575000767e-06
1343,-3.0117488398593434359722022936045604524224e-06
1344,-3.0117488355136938396432177977857236328418e-06
1345,-3.0117488270573844564431675863147575000767e-06
1346,-3.0117488398593434359722022936045604524224e-06
1347,-3.0117488355136938396432177977857236328418e-06
1348,-3.0117488270573844564431675863147575000767e-06
1349,-3.0117488398593434359722022936045604524224e-06
1350,-3.0117488355136938396432177977857236328418e-06
1351,-3.0117488260372421152090850055005333274494e-06
1352,-3.0117488150237512756766163762867094533249e-06
1353,-3.0117488398593434359722022936045604524224e-06
1354,-3.0117488448069590191240839371911164334961e-06
1355,-3.0117488458761602381137147121936692428790e-06
1356,-3.0117488355136938396432177977857236328418e-06
1357,-3.0117488260372421152090850055005333274494e-06
1358,-3.0117488150237512756766163762867094533249e-06
1359,-3.0117488398593434359722022936045604524224e-06
1360,-3.0117488448069590191240839371911164334961e-06
1361,-3.0117488458761602381137147121936692428790e-06
1362,-3.0117488355136938396432177977857236328418e-06
1363,-3.0117488260372421152090850055005333274494e-06
1364,-3.0117488150237512756766163762867094533249e-06
1365,-3.0117488398593434359722022936045604524224e-06
1366,-3.0117488448069590191240839371911164334961e-06
1367,-3.0117488458761602381137147121936692428790e-06
1368,-3.0117488355136938396432177977857236328418e-06
1369,-3.0117488260372421152090850055005333274494e-06
1370,-3.0117488150237512756766163762867094533249e-06
1371,-3.0117488398593434359722022936045604524224e-06
1372,-3.0117488448069590191240839371911164334961e-06
1373,-3.0117488458761602381137147121936692428790e-06
1374,-3.0117488355136938396432177977857236328418e-06
1375,-3.0117488260372421152090850055005333274494e-06
1376,-3.0117488152069721254642468283302392251244e-06
1377,-3.0117488150237512756766163762867094533249e-06
1378,-3.0117488398593434359722022936045604524224e-06
1379,-3.0117488395749029960206302053427052101142e-06
1380,-3.0117488401439435416343318174803300735221e-06
1381,-3.0117488418149515052527759317868571997678e-06
1382,-3.0117488314522174443709466584717659998205e-06
1383,-3.0117488353304899305145324317489752274923e-06
1384,-3.0117488418149515052527759317868571997678e-06
1385,-3.0117488314522174443709466584717659998205e-06
1386,-3.0117488353304899305145324317489752274923e-06
1387,-3.0117488418149515052527759317868571997678e-06
1388,-3.0117488314522174443709466584717659998205e-06
1389,-3.0117488272241881136471151891864650451680e-06
1390,-3.0117488338589442499308463513374434228353e-06
1391,-3.0117488353304899305145324317489752274923e-06
1392,-3.0117488418149515052527759317868571997678e-06
1393,-3.0117488314522174443709466584717659998205e-06
1394,-3.0117488353304899305145324317489752274923e-06
1395,-3.0117488418149515052527759317868571997678e-06
1396,-3.0117488314522174443709466584717659998205e-06
1397,-3.0117488353304899305145324317489752274923e-06
1398,-3.0117488418149515052527759317868571997678e-06
1399,-3.0117488314522174443709466584717659998205e-06
1400,-3.0117488353304899305145324317489752274923e-06
1401,-3.0117488418149515052527759317868571997678e-06
1402,-3.0117488314522174443709466584717659998205e-06
1403,-3.0117488272241881136471151891864650451680e-06
1404,-3.0117488338589442499308463513374434228353e-06
1405,-3.0117488353304899305145324317489752274923e-06
1406,-3.0117488418149515052527759317868571997678e-06
1407,-3.0117488314522174443709466584717659998205e-06
1408,-3.0117488353304899305145324317489752274923e-06
1409,-3.0117488418149515052527759317868571997678e-06
1410,-3.0117488314522174443709466584717659998205e-06
1411,-3.0117488353304899305145324317489752274923e-06
1412,-3.0117488418149515052527759317868571997678e-06
1413,-3.0117488314522174443709466584717659998205e-06
1414,-3.0117488353304899305145324317489752274923e-06
1415,-3.0117488418149515052527759317868571997678e-06
1416,-3.0117488314522174443709466584717659998205e-06
1417,-3.0117488272241881136471151891864650451680e-06
1418,-3.0117488338589442499308463513374434228353e-06
1419,-3.0117488353304899305145324317489752274923e-06
1420,-3.0117488418149515052527759317868571997678e-06
1421,-3.0117488314522174443709466584717659998205e-06
1422,-3.0117488353304899305145324317489752274923e-06
1423,-3.0117488418149515052527759317868571997678e-06
1424,-3.0117488314522174443709466584717659998205e-06
1425,-3.0117488272241881136471151891864650451680e-06
1426,-3.0117488318708207033875482588891614454951e-06
1427,-3.0117488374526170539287762278890525635688e-06
1428,-3.0117488355136938396432177977857236328418e-06
1429,-3.0117488270573844564431675863147575000767e-06
1430,-3.0117488398593434359722022936045604524224e-06
1431,-3.0117488355136938396432177977857236328418e-06
1432,-3.0117488270573844564431675863147575000767e-06
1433,-3.0117488398593434359722022936045604524224e-06
1434,-3.0117488355136938396432177977857236328418e-06
1435,-3.0117488260372421152090850055005333274494e-06
1436,-3.0117488150237512756766163762867094533249e-06
1437,-3.0117488398593434359722022936045604524224e-06
1438,-3.0117488355136938396432177977857236328418e-06
1439,-3.0117488270573844564431675863147575000767e-06
1440,-3.0117488398593434359722022936045604524224e-06
1441,-3.0117488355136938396432177977857236328418e-06
1442,-3.0117488270573844564431675863147575000767e-06
1443,-3.0117488398593434359722022936045604524224e-06
1444,-3.0117488355136938396432177977857236328418e-06
1445,-3.0117488270573844564431675863147575000767e-06
1446,-3.0117488398593434359722022936045604524224e-06
1447,-3.0117488355136938396432177977857236328418e-06
1448,-3.0117488270573844564431675863147575000767e-06
1449,-3.0117488398593434359722022936045604524224e-06
1450,-3.0117488355136938396432177977857236328418e-06
1451,-3.0117488270573844564431675863147575000767e-06
1452,-3.0117488398593434359722022936045604524224e-06
1453,-3.0117488355136938396432177977857236328418e-06
1454,-3.0117488270573844564431675863147575000767e-06
1455,-3.0117488398593434359722022936045604524224e-06
1456,-3.0117488355136938396432177977857236328418e-06
1457,-3.0117488270573844564431675863147575000767e-06
1458,-3.0117488398593434359722022936045604524224e-06
1459,-3.0117488355136938396432177977857236328418e-06
1460,-3.0117488260372421152090850055005333274494e-06
1461,-3.0117488150237512756766163762867094533249e-06
1462,-3.0117488398593434359722022936045604524224e-06
1463,-3.0117488355136938396432177977857236328418e-06
1464,-3.0117488270573844564431675863147575000767e-06
1465,-3.0117488398593434359722022936045604524224e-06
1466,-3.0117488355136938396432177977857236328418e-06
1467,-3.0117488270573844564431675863147575000767e-06
1468,-3.0117488398593434359722022936045604524224e-06
1469,-3.0117488355136938396432177977857236328418e-06
1470,-3.0117488270573844564431675863147575000767e-06
1471,-3.0117488398593434359722022936045604524224e-06
1472,-3.0117488355136938396432177977857236328418e-06
1473,-3.0117488270573844564431675863147575000767e-06
1474,-3.0117488398593434359722022936045604524224e-06
1475,-3.0117488355136938396432177977857236328418e-06
1476,-3.0117488270573844564431675863147575000767e-06
1477,-3.0117488398593434359722022936045604524224e-06
1478,-3.0117488355136938396432177977857236328418e-06
1479,-3.0117488270573844564431675863147575000767e-06
1480,-3.0117488398593434359722022936045604524224e-06
1481,-3.0117488355136938396432177977857236328418e-06
1482,-3.0117488270573844564431675863147575000767e-06
1483,-3.0117488398593434359722022936045604524224e-06
1484,-3.0117488355136938396432177977857236328418e-06
1485,-3.0117488260372421152090850055005333274494e-06
1486,-3.0117488150237512756766163762867094533249e-06
1487,-3.0117488398593434359722022936045604524224e-06
1488,-3.0117488355136938396432177977857236328418e-06
1489,-3.0117488270573844564431675863147575000767e-06
1490,-3.0117488398593434359722022936045604524224e-06
1491,-3.0117488355136938396432177977857236328418e-06
1492,-3.0117488270573844564431675863147575000767e-06
1493,-3.0117488398593434359722022936045604524224e-06
1494,-3.0117488355136938396432177977857236328418e-06
1495,-3.0117488270573844564431675863147575000767e-06
1496,-3.0117488398593434359722022936045604524224e-06
1497,-3.0117488355136938396432177977857236328418e-06
1498,-3.0117488270573844564431675863147575000767e-06
1499,-3.0117488398593434359722022936045604524224e-06
1500,-3.0117488355136938396432177977857236328418e-06
1501,-3.0117488270573844564431675863147575000767e-06
1502,-3.0117488398593434359722022936045604524224e-06
1503,-3.0117488355136938396432177977857236328418e-06
1504,-3.0117488270573844564431675863147575000767e-06
1505,-3.0117488398593434359722022936045604524224e-06
1506,-3.0117488355136938396432177977857236328418e-06
1507,-3.0117488270573844564431675863147575000767e-06
1508,-3.0117488398593434359722022936045604524224e-06
1509,-3.0117488355136938396432177977857236328418e-06
1510,-3.0117488270573844564431675863147575000767e-06
1511,-3.0117488398593434359722022936045604524224e-06
1512,-3.0117488355136938396432177977857236328418e-06
1513,-3.0117488260372421152090850055005333274494e-06
1514,-3.0117488150237512756766163762867094533249e-06
1515,-3.0117488398593434359722022936045604524224e-06
1516,-3.0117488355136938396432177977857236328418e-06
1517,-3.0117488270573844564431675863147575000767e-06
1518,-3.0117488398593434359722022936045604524224e-06
1519,-3.0117488355136938396432177977857236328418e-06
1520,-3.0117488270573844564431675863147575000767e-06
1521,-3.0117488398593434359722022936045604524224e-06
1522,-3.0117488355136938396432177977857236328418e-06
1523,-3.0117488270573844564431675863147575000767e-06
1524,-3.0117488398593434359722022936045604524224e-06
1525,-3.0117488355136938396432177977857236328418e-06
1526,-3.0117488270573844564431675863147575000767e-06
1527,-3.0117488398593434359722022936045604524224e-06
1528,-3.0117488355136938396432177977857236328418e-06
1529,-3.0117488270573844564431675863147575000767e-06
1530,-3.0117488398593434359722022936045604524224e-06
1531,-3.0117488355136938396432177977857236328418e-06
1532,-3.0117488260372421152090850055005333274494e-06
1533,-3.0117488152069721254642468283302392251244e-06
1534,-3.0117488184343628955974732364087032010502e-06
1535,-3.0117488146737826728595571051938506457191e-06
1536,-3.0117488024211669112722988828068082511891e-06
1537,-3.0117488043767021357194086511599451227994e-06
1538,-3.0117488152069721254642468283302392251244e-06
1539,-3.0117488152069721254642468283302392251244e-06
1540,-3.0117488184343628955974732364087032010502e-06
1541,-3.0117488146737826728595571051938506457191e-06
1542,-3.0117488024211669112722988828068082511891e-06
1543,-3.0117488043767021357194086511599451227994e-06
1544,-3.0117488152069721254642468283302392251244e-06
1545,-3.0117488152069721254642468283302392251244e-06
1546,-3.0117488184343628955974732364087032010502e-06
1547,-3.0117488146737826728595571051938506457191e-06
1548,-3.0117488024211669112722988828068082511891e-06
1549,-3.0117488043767021357194086511599451227994e-06
1550,-3.0117488152069721254642468283302392251244e-06
1551,-3.0117488152069721254642468283302392251244e-06
1552,-3.0117488152069721254642468283302392251244e-06
1553,-3.0117488184343628955974732364087032010502e-06
1554,-3.0117488146737826728595571051938506457191e-06
1555,-3.0117488024211669112722988828068082511891e-06
1556,-3.0117488043767021357194086511599451227994e-06
1557,-3.0117488152069721254642468283302392251244e-06
1558,-3.0117488152069721254642468283302392251244e-06
1559,-3.0117488184343628955974732364087032010502e-06
1560,-3.0117488146737826728595571051938506457191e-06
1561,-3.0117488024211669112722988828068082511891e-06
1562,-3.0117488043767021357194086511599451227994e-06
1563,-3.0117488152069721254642468283302392251244e-06
1564,-3.0117488152069721254642468283302392251244e-06
1565,-3.0117488184343628955974732364087032010502e-06
1566,-3.0117488146737826728595571051938506457191e-06
1567,-3.0117488024211669112722988828068082511891e-06
1568,-3.0117488043767021357194086511599451227994e-06
1569,-3.0117488152069721254642468283302392251244e-06
1570,-3.0117488152069721254642468283302392251244e-06
1571,-3.0117488184343628955974732364087032010502e-06
1572,-3.0117488146737826728595571051938506457191e-06
1573,-3.0117488024211669112722988828068082511891e-06
1574,-3.0117488043767021357194086511599451227994e-06
1575,-3.0117488152069721254642468283302392251244e-06
1576,-3.0117488152069721254642468283302392251244e-06
1577,-3.0117488152069721254642468283302392251244e-06
1578,-3.0117488184343628955974732364087032010502e-06
1579,-3.0117488146737826728595571051938506457191e-06
1580,-3.0117488024211669112722988828068082511891e-06
1581,-3.0117488043767021357194086511599451227994e-06
1582,-3.0117488152069721254642468283302392251244e-06
1583,-3.0117488152069721254642468283302392251244e-06
1584,-3.0117488184343628955974732364087032010502e-06
1585,-3.0117488146737826728595571051938506457191e-06
1586,-3.0117488024211669112722988828068082511891e-06
1587,-3.0117488043767021357194086511599451227994e-06
1588,-3.0117488152069721254642468283302392251244e-06
1589,-3.0117488152069721254642468283302392251244e-06
1590,-3.0117488184343628955974732364087032010502e-06
1591,-3.0117488146737826728595571051938506457191e-06
1592,-3.0117488024211669112722988828068082511891e-06
1593,-3.0117488043767021357194086511599451227994e-06
1594,-3.0117488152069721254642468283302392251244e-06
1595,-3.0117488152069721254642468283302392251244e-06
1596,-3.0117488184343628955974732364087032010502e-06
1597,-3.0117488146737826728595571051938506457191e-06
1598,-3.0117488024211669112722988828068082511891e-06
1599,-3.0117488043767021357194086511599451227994e-06
1600,-3.0117488152069721254642468283302392251244e-06
1601,-3.0117488152069721254642468283302392251244e-06
1602,-3.0117488152069721254642468283302392251244e-06
1603,-3.0117488184343628955974732364087032010502e-06
1604,-3.0117488146737826728595571051938506457191e-06
1605,-3.0117488024211669112722988828068082511891e-06
1606,-3.0117488043767021357194086511599451227994e-06
1607,-3.0117488152069721254642468283302392251244e-06
1608,-3.0117488152069721254642468283302392251244e-06
1609,-3.0117488184343628955974732364087032010502e-06
1610,-3.0117488146737826728595571051938506457191e-06
1611,-3.0117488024211669112722988828068082511891e-06
1612,-3.0117488043767021357194086511599451227994e-06
1613,-3.0117488152069721254642468283302392251244e-06
1614,-3.0117488152069721254642468283302392251244e-06
1615,-3.0117488184343628955974732364087032010502e-06
1616,-3.0117488146737826728595571051938506457191e-06
1617,-3.0117488024211669112722988828068082511891e-06
1618,-3.0117488043767021357194086511599451227994e-06
1619,-3.0117488152069721254642468283302392251244e-06
1620,-3.0117488152069721254642468283302392251244e-06
1621,-3.0117488184343628955974732364087032010502e-06
1622,-3.0117488146737826728595571051938506457191e-06
1623,-3.0117488024211669112722988828068082511891e-06
1624,-3.0117488043767021357194086511599451227994e-06
1625,-3.0117488152069721254642468283302392251244e-06
1626,-3.0117488152069721254642468283302392251244e-06
1627,-3.0117488152069721254642468283302392251244e-06
1628,-3.0117488184343628955974732364087032010502e-06
1629,-3.0117488146737826728595571051938506457191e-06
1630,-3.0117488024211669112722988828068082511891e-06
1631,-3.0117488043767021357194086511599451227994e-06
1632,-3.0117488152069721254642468283302392251244e-06
1633,-3.0117488152069721254642468283302392251244e-06
1634,-3.0117488184343628955974732364087032010502e-06
1635,-3.0117488146737826728595571051938506457191e-06
1636,-3.0117488024211669112722988828068082511891e-06
1637,-3.0117488043767021357194086511599451227994e-06
1638,-3.0117488152069721254642468283302392251244e-06
1639,-3.0117488152069721254642468283302392251244e-06
1640,-3.0117488184343628955974732364087032010502e-06
1641,-3.0117488146737826728595571051938506457191e-06
1642,-3.0117488024211669112722988828068082511891e-06
1643,-3.0117488043767021357194086511599451227994e-06
1644,-3.0117488152069721254642468283302392251244e-06
1645,-3.0117488152069721254642468283302392251244e-06
1646,-3.0117488184343628955974732364087032010502e-06
1647,-3.0117488146737826728595571051938506457191e-06
1648,-3.0117487997098415521655956350599581128336e-06
1649,-9.0429093407245771929406121732711160543805e-16
1650,9.8398184508308216981324855970973738392701e-16
1651,-3.0088409065326446442580760054497091005032e-06
1652,-3.0088409044855582872234588120985421255682e-06
1653,-3.0088409025465389346983870189067289402374e-06
1654,-3.0088409101427346408396887311731404679449e-06
1655,-3.0088409044855582872234588120985421255682e-06
1656,-3.0088409025465389346983870189067289402374e-06
1657,-3.0088409101427346408396887311731404679449e-06
1658,-3.0088409044855582872234588120985421255682e-06
1659,-3.0088409025465389346983870189067289402374e-06
1660,-3.0088409101427346408396887311731404679449e-06
1661,-3.0088409044855582872234588120985421255682e-06
1662,-3.0088409062154278408960251384174355848700e-06
1663,-3.0088408965297221325568746003176201497809e-06
1664,-3.0088409101427346408396887311731404679449e-06
1665,-3.0088409108948367940469369868905502585221e-06
1666,-3.0088409113460978318614017640308944123717e-06
1667,-3.0088409044855582872234588120985421255682e-06
1668,-3.0088409062154278408960251384174355848700e-06
1669,-3.0088408965297221325568746003176201497809e-06
1670,-3.0088409101427346408396887311731404679449e-06
1671,-3.0088409044855582872234588120985421255682e-06
1672,-3.0088409025465389346983870189067289402374e-06
1673,-3.0088409101427346408396887311731404679449e-06
1674,-3.0088409044855582872234588120985421255682e-06
1675,-3.0088409025465389346983870189067289402374e-06
1676,-3.0088409101427346408396887311731404679449e-06
1677,-3.0088409044855582872234588120985421255682e-06
1678,-3.0088409025465389346983870189067289402374e-06
1679,-3.0088409101427346408396887311731404679449e-06
1680,-3.0088409044855582872234588120985421255682e-06
1681,-3.0088409062154278408960251384174355848700e-06
1682,-3.0088408965297221325568746003176201497809e-06
1683,-3.0088409101427346408396887311731404679449e-06
1684,-3.0088409108948367940469369868905502585221e-06
1685,-3.0088409113460978318614017640308944123717e-06
1686,-3.0088409044855582872234588120985421255682e-06
1687,-3.0088409062154278408960251384174355848700e-06
1688,-3.0088408965297221325568746003176201497809e-06
1689,-3.0088409101427346408396887311731404679449e-06
1690,-3.0088409108948367940469369868905502585221e-06
1691,-3.0088409113460978318614017640308944123717e-06
1692,-3.0088409044855582872234588120985421255682e-06
1693,-3.0088409062154278408960251384174355848700e-06
1694,-3.0088408965297221325568746003176201497809e-06
1695,-3.0088409101427346408396887311731404679449e-06
1696,-3.0088409108948367940469369868905502585221e-06
1697,-3.0088409113460978318614017640308944123717e-06
1698,-3.0088409044855582872234588120985421255682e-06
1699,-3.0088409062154278408960251384174355848700e-06
1700,-3.0088408965297221325568746003176201497809e-06
1701,-3.0088409101427346408396887311731404679449e-06
1702,-3.0088409108948367940469369868905502585221e-06
1703,-3.0088409113460978318614017640308944123717e-06
1704,-3.0088409044855582872234588120985421255682e-06
1705,-3.0088409062154278408960251384174355848700e-06
1706,-3.0088408959868396584202802912511032218390e-06
1707,-3.0088408965297221325568746003176201497809e-06
1708,-3.0088409101427346408396887311731404679449e-06
1709,-3.0088409079001221628762042376026286660817e-06
1710,-3.0088409097667011401697201300464712403482e-06
1711,-3.0088409097511784143783378220327051622007e-06
1712,-3.0088409039892088385937003736092520966849e-06
1713,-3.0088408989364311504248819528761771380232e-06
1714,-3.0088409097511784143783378220327051622007e-06
1715,-3.0088409039892088385937003736092520966849e-06
1716,-3.0088408989364311504248819528761771380232e-06
1717,-3.0088409097511784143783378220327051622007e-06
1718,-3.0088409039892088385937003736092520966849e-06
1719,-3.0088409060658960325195399737596702038900e-06
1720,-3.0088409051925720296154134064670060411117e-06
1721,-3.0088408989364311504248819528761771380232e-06
1722,-3.0088409097511784143783378220327051622007e-06
1723,-3.0088409039892088385937003736092520966849e-06
1724,-3.0088408989364311504248819528761771380232e-06
1725,-3.0088409097511784143783378220327051622007e-06
1726,-3.0088409039892088385937003736092520966849e-06
1727,-3.0088408989364311504248819528761771380232e-06
1728,-3.0088409097511784143783378220327051622007e-06
1729,-3.0088409039892088385937003736092520966849e-06
1730,-3.0088408989364311504248819528761771380232e-06
1731,-3.0088409097511784143783378220327051622007e-06
1732,-3.0088409039892088385937003736092520966849e-06
1733,-3.0088409060658960325195399737596702038900e-06
1734,-3.0088409051925720296154134064670060411117e-06
1735,-3.0088408989364311504248819528761771380232e-06
1736,-3.0088409097511784143783378220327051622007e-06
1737,-3.0088409039892088385937003736092520966849e-06
1738,-3.0088408989364311504248819528761771380232e-06
1739,-3.0088409097511784143783378220327051622007e-06
1740,-3.0088409039892088385937003736092520966849e-06
1741,-3.0088408989364311504248819528761771380232e-06
1742,-3.0088409097511784143783378220327051622007e-06
1743,-3.0088409039892088385937003736092520966849e-06
1744,-3.0088408989364311504248819528761771380232e-06
1745,-3.0088409097511784143783378220327051622007e-06
1746,-3.0088409039892088385937003736092520966849e-06
1747,-3.0088409060658960325195399737596702038900e-06
1748,-3.0088409051925720296154134064670060411117e-06
1749,-3.0088408989364311504248819528761771380232e-06
1750,-3.0088409097511784143783378220327051622007e-06
1751,-3.0088409039892088385937003736092520966849e-06
1752,-3.0088408989364311504248819528761771380232e-06
1753,-3.0088409097511784143783378220327051622007e-06
1754,-3.0088409039892088385937003736092520966849e-06
1755,-3.0088409060658960325195399737596702038900e-06
1756,-3.0088409097667015636861937571966407745094e-06
1757,-3.0088409143545060211739211597503640405193e-06
1758,-3.0088409044855582872234588120985421255682e-06
1759,-3.0088409025465389346983870189067289402374e-06
1760,-3.0088409101427346408396887311731404679449e-06
1761,-3.0088409044855582872234588120985421255682e-06
1762,-3.0088409025465389346983870189067289402374e-06
1763,-3.0088409101427346408396887311731404679449e-06
1764,-3.0088409044855582872234588120985421255682e-06
1765,-3.0088409062154278408960251384174355848700e-06
1766,-3.0088408965297221325568746003176201497809e-06
1767,-3.0088409101427346408396887311731404679449e-06
1768,-3.0088409044855582872234588120985421255682e-06
1769,-3.0088409025465389346983870189067289402374e-06
1770,-3.0088409101427346408396887311731404679449e-06
1771,-3.0088409044855582872234588120985421255682e-06
1772,-3.0088409025465389346983870189067289402374e-06
1773,-3.0088409101427346408396887311731404679449e-06
1774,-3.0088409044855582872234588120985421255682e-06
1775,-3.0088409025465389346983870189067289402374e-06
1776,-3.0088409101427346408396887311731404679449e-06
1777,-3.0088409044855582872234588120985421255682e-06
1778,-3.0088409025465389346983870189067289402374e-06
1779,-3.0088409101427346408396887311731404679449e-06
1780,-3.0088409044855582872234588120985421255682e-06
1781,-3.0088409025465389346983870189067289402374e-06
1782,-3.0088409101427346408396887311731404679449e-06
1783,-3.0088409044855582872234588120985421255682e-06
1784,-3.0088409025465389346983870189067289402374e-06
1785,-3.0088409101427346408396887311731404679449e-06
1786,-3.0088409044855582872234588120985421255682e-06
1787,-3.0088409025465389346983870189067289402374e-06
1788,-3.0088409101427346408396887311731404679449e-06
1789,-3.0088409044855582872234588120985421255682e-06
1790,-3.0088409062154278408960251384174355848700e-06
1791,-3.0088408965297221325568746003176201497809e-06
1792,-3.0088409101427346408396887311731404679449e-06
1793,-3.0088409044855582872234588120985421255682e-06
1794,-3.0088409025465389346983870189067289402374e-06
1795,-3.0088409101427346408396887311731404679449e-06
1796,-3.0088409044855582872234588120985421255682e-06
1797,-3.0088409025465389346983870189067289402374e-06
1798,-3.0088409101427346408396887311731404679449e-06
1799,-3.0088409044855582872234588120985421255682e-06
1800,-3.0088409025465389346983870189067289402374e-06
1801,-3.0088409101427346408396887311731404679449e-06
1802,-3.0088409044855582872234588120985421255682e-06
1803,-3.0088409025465389346983870189067289402374e-06
1804,-3.0088409101427346408396887311731404679449e-06
1805,-3.0088409044855582872234588120985421255682e-06
1806,-3.0088409025465389346983870189067289402374e-06
1807,-3.0088409101427346408396887311731404679449e-06
1808,-3.0088409044855582872234588120985421255682e-06
1809,-3.0088409025465389346983870189067289402374e-06
1810,-3.0088409101427346408396887311731404679449e-06
1811,-3.0088409044855582872234588120985421255682e-06
1812,-3.0088409025465389346983870189067289402374e-06
1813,-3.0088409101427346408396887311731404679449e-06
1814,-3.0088409044855582872234588120985421255682e-06
1815,-3.0088409062154278408960251384174355848700e-06
1816,-3.0088408965297221325568746003176201497809e-06
1817,-3.0088409101427346408396887311731404679449e-06
1818,-3.0088409044855582872234588120985421255682e-06
1819,-3.0088409025465389346983870189067289402374e-06
1820,-3.0088409101427346408396887311731404679449e-06
1821,-3.0088409044855582872234588120985421255682e-06
1822,-3.0088409025465389346983870189067289402374e-06
1823,-3.0088409101427346408396887311731404679449e-06
1824,-3.0088409044855582872234588120985421255682e-06
1825,-3.0088409025465389346983870189067289402374e-06
1826,-3.0088409101427346408396887311731404679449e-06
1827,-3.0088409044855582872234588120985421255682e-06
1828,-3.0088409025465389346983870189067289402374e-06
1829,-3.0088409101427346408396887311731404679449e-06
1830,-3.0088409044855582872234588120985421255682e-06
1831,-3.0088409025465389346983870189067289402374e-06
1832,-3.0088409101427346408396887311731404679449e-06
1833,-3.0088409044855582872234588120985421255682e-06
1834,-3.0088409025465389346983870189067289402374e-06
1835,-3.0088409101427346408396887311731404679449e-06
1836,-3.0088409044855582872234588120985421255682e-06
1837,-3.0088409025465389346983870189067289402374e-06
1838,-3.0088409101427346408396887311731404679449e-06
1839,-3.0088409044855582872234588120985421255682e-06
1840,-3.0088409025465389346983870189067289402374e-06
1841,-3.0088409101427346408396887311731404679449e-06
1842,-3.0088409044855582872234588120985421255682e-06
1843,-3.0088409062154278408960251384174355848700e-06
1844,-3.0088408965297221325568746003176201497809e-06
1845,-3.0088409101427346408396887311731404679449e-06
1846,-3.0088409044855582872234588120985421255682e-06
1847,-3.0088409025465389346983870189067289402374e-06
1848,-3.0088409101427346408396887311731404679449e-06
1849,-3.0088409044855582872234588120985421255682e-06
1850,-3.0088409025465389346983870189067289402374e-06
1851,-3.0088409101427346408396887311731404679449e-06
1852,-3.0088409044855582872234588120985421255682e-06
1853,-3.0088409025465389346983870189067289402374e-06
1854,-3.0088409101427346408396887311731404679449e-06
1855,-3.0088409044855582872234588120985421255682e-06
1856,-3.0088409025465389346983870189067289402374e-06
1857,-3.0088409101427346408396887311731404679449e-06
1858,-3.0088409044855582872234588120985421255682e-06
1859,-3.0088409025465389346983870189067289402374e-06
1860,-3.0088409101427346408396887311731404679449e-06
1861,-3.0088409044855582872234588120985421255682e-06
1862,-3.0088409062154278408960251384174355848700e-06
1863,-3.0088408959868396584202802912511032218390e-06
1864,-3.0088408989382603180744776144583951804634e-06
1865,-3.0088409107461922526827007018379589453616e-06
1866,-3.0088408945577756447567127628950345297199e-06
1867,-3.0088408983935664639801799841167806448539e-06
1868,-3.0088408959868396584202802912511032218390e-06
1869,-3.0088408959868396584202802912511032218390e-06
1870,-3.0088408989382603180744776144583951804634e-06
1871,-3.0088409107461922526827007018379589453616e-06
1872,-3.0088408945577756447567127628950345297199e-06
1873,-3.0088408983935664639801799841167806448539e-06
1874,-3.0088408959868396584202802912511032218390e-06
1875,-3.0088408959868396584202802912511032218390e-06
1876,-3.0088408989382603180744776144583951804634e-06
1877,-3.0088409107461922526827007018379589453616e-06
1878,-3.0088408945577756447567127628950345297199e-06
1879,-3.0088408983935664639801799841167806448539e-06
1880,-3.0088408959868396584202802912511032218390e-06
1881,-3.0088408959868396584202802912511032218390e-06
1882,-3.0088408959868396584202802912511032218390e-06
1883,-3.0088408989382603180744776144583951804634e-06
1884,-3.0088409107461922526827007018379589453616e-06
1885,-3.0088408945577756447567127628950345297199e-06
1886,-3.0088408983935664639801799841167806448539e-06
1887,-3.0088408959868396584202802912511032218390e-06
1888,-3.0088408959868396584202802912511032218390e-06
1889,-3.0088408989382603180744776144583951804634e-06
1890,-3.0088409107461922526827007018379589453616e-06
1891,-3.0088408945577756447567127628950345297199e-06
1892,-3.0088408983935664639801799841167806448539e-06
1893,-3.0088408959868396584202802912511032218390e-06
1894,-3.0088408959868396584202802912511032218390e-06
1895,-3.0088408989382603180744776144583951804634e-06
1896,-3.0088409107461922526827007018379589453616e-06
1897,-3.0088408945577756447567127628950345297199e-06
1898,-3.0088408983935664639801799841167806448539e-06
1899,-3.0088408959868396584202802912511032218390e-06
1900,-3.0088408959868396584202802912511032218390e-06
1901,-3.0088408989382603180744776144583951804634e-06
1902,-3.0088409107461922526827007018379589453616e-06
1903,-3.0088408945577756447567127628950345297199e-06
1904,-3.0088408983935664639801799841167806448539e-06
1905,-3.0088408959868396584202802912511032218390e-06
1906,-3.0088408959868396584202802912511032218390e-06
1907,-3.0088408959868396584202802912511032218390e-06
1908,-3.0088408989382603180744776144583951804634e-06
1909,-3.0088409107461922526827007018379589453616e-06
1910,-3.0088408945577756447567127628950345297199e-06
1911,-3.0088408983935664639801799841167806448539e-06
1912,-3.0088408959868396584202802912511032218390e-06
1913,-3.0088408959868396584202802912511032218390e-06
1914,-3.0088408989382603180744776144583951804634e-06
1915,-3.0088409107461922526827007018379589453616e-06
1916,-3.0088408945577756447567127628950345297199e-06
1917,-3.0088408983935664639801799841167806448539e-06
1918,-3.0088408959868396584202802912511032218390e-06
1919,-3.0088408959868396584202802912511032218390e-06
1920,-3.0088408989382603180744776144583951804634e-06
1921,-3.0088409107461922526827007018379589453616e-06
1922,-3.0088408945577756447567127628950345297199e-06
1923,-3.0088408983935664639801799841167806448539e-06
1924,-3.0088408959868396584202802912511032218390e-06
1925,-3.0088408959868396584202802912511032218390e-06
1926,-3.0088408989382603180744776144583951804634e-06
1927,-3.0088409107461922526827007018379589453616e-06
1928,-3.0088408945577756447567127628950345297199e-06
1929,-3.0088408983935664639801799841167806448539e-06
1930,-3.0088408959868396584202802912511032218390e-06
1931,-3.0088408959868396584202802912511032218390e-06
1932,-3.0088408959868396584202802912511032218390e-06
1933,-3.0088408989382603180744776144583951804634e-06
1934,-3.0088409107461922526827007018379589453616e-06
1935,-3.0088408945577756447567127628950345297199e-06
1936,-3.0088408983935664639801799841167806448539e-06
1937,-3.0088408959868396584202802912511032218390e-06
1938,-3.0088408959868396584202802912511032218390e-06
1939,-3.0088408989382603180744776144583951804634e-06
1940,-3.0088409107461922526827007018379589453616e-06
1941,-3.0088408945577756447567127628950345297199e-06
1942,-3.0088408983935664639801799841167806448539e-06
1943,-3.0088408959868396584202802912511032218390e-06
1944,-3.0088408959868396584202802912511032218390e-06
1945,-3.0088408989382603180744776144583951804634e-06
1946,-3.0088409107461922526827007018379589453616e-06
1947,-3.0088408945577756447567127628950345297199e-06
1948,-3.0088408983935664639801799841167806448539e-06
1949,-3.0088408959868396584202802912511032218390e-06
1950,-3.0088408959868396584202802912511032218390e-06
1951,-3.0088408989382603180744776144583951804634e-06
1952,-3.0088409107461922526827007018379589453616e-06
1953,-3.0088408945577756447567127628950345297199e-06
1954,-3.0088408983935664639801799841167806448539e-06
1955,-3.0088408959868396584202802912511032218390e-06
1956,-3.0088408959868396584202802912511032218390e-06
1957,-3.0088408959868396584202802912511032218390e-06
1958,-3.0088408989382603180744776144583951804634e-06
1959,-3.0088409107461922526827007018379589453616e-06
1960,-3.0088408945577756447567127628950345297199e-06
1961,-3.0088408983935664639801799841167806448539e-06
1962,-3.0088408959868396584202802912511032218390e-06
1963,-3.0088408959868396584202802912511032218390e-06
1964,-3.0088408989382603180744776144583951804634e-06
1965,-3.0088409107461922526827007018379589453616e-06
1966,-3.0088408945577756447567127628950345297199e-06
1967,-3.0088408983935664639801799841167806448539e-06
1968,-3.0088408959868396584202802912511032218390e-06
1969,-3.0088408959868396584202802912511032218390e-06
1970,-3.0088408989382603180744776144583951804634e-06
1971,-3.0088409107461922526827007018379589453616e-06
1972,-3.0088408945577756447567127628950345297199e-06
1973,-3.0088408983935664639801799841167806448539e-06
1974,-3.0088408959868396584202802912511032218390e-06
1975,-3.0088408959868396584202802912511032218390e-06
1976,-3.0088408989382603180744776144583951804634e-06
1977,-3.0088409107461922526827007018379589453616e-06
1978,-3.0088408946246361904482309601593925663110e-06
1979,-1.5985626119159329170257324807467923430958e-15
1980,1.2761636886909345722853307793802809320549e-15
1981,-3.0063414716092222019288952850057938803729e-06
1982,-3.0063414711043219556966046845936091358453e-06
1983,-3.0063414740911943323251834941922666644132e-06
1984,-3.0063414722109040091979886150097556196670e-06
1985,-3.0063414711043219556966046845936091358453e-06
1986,-3.0063414740911943323251834941922666644132e-06
1987,-3.0063414722109040091979886150097556196670e-06
1988,-3.0063414711043219556966046845936091358453e-06
1989,-3.0063414740911943323251834941922666644132e-06
1990,-3.0063414722109040091979886150097556196670e-06
1991,-3.0063414711043219556966046845936091358453e-06
1992,-3.0063414729846127023402731909262897147528e-06
1993,-3.0063414704811047592600443956190048311328e-06
1994,-3.0063414722109040091979886150097556196670e-06
1995,-3.0063414696161519829736320785773528996287e-06
1996,-3.0063414764226758130486946707371487264027e-06
1997,-3.0063414711043219556966046845936091358453e-06
1998,-3.0063414729846127023402731909262897147528e-06
1999,-3.0063414704811047592600443956190048311328e-06
2000,-3.0063414722109040091979886150097556196670e-06
2001,-3.0063414711043219556966046845936091358453e-06
2002,-3.0063414740911943323251834941922666644132e-06
2003,-3.0063414722109040091979886150097556196670e-06
2004,-3.0063414711043219556966046845936091358453e-06
2005,-3.0063414740911943323251834941922666644132e-06
2006,-3.0063414722109040091979886150097556196670e-06
2007,-3.0063414711043219556966046845936091358453e-06
2008,-3.0063414740911943323251834941922666644132e-06
2009,-3.0063414722109040091979886150097556196670e-06
2010,-3.0063414711043219556966046845936091358453e-06
2011,-3.0063414729846127023402731909262897147528e-06
2012,-3.0063414704811047592600443956190048311328e-06
2013,-3.0063414722109040091979886150097556196670e-06
2014,-3.0063414696161519829736320785773528996287e-06
2015,-3.0063414764226758130486946707371487264027e-06
2016,-3.0063414711043219556966046845936091358453e-06
2017,-3.0063414729846127023402731909262897147528e-06
2018,-3.0063414704811047592600443956190048311328e-06
2019,-3.0063414722109040091979886150097556196670e-06
2020,-3.0063414696161519829736320785773528996287e-06
2021,-3.0063414764226758130486946707371487264027e-06
2022,-3.0063414711043219556966046845936091358453e-06
2023,-3.0063414729846127023402731909262897147528e-06
2024,-3.0063414704811047592600443956190048311328e-06
2025,-3.0063414722109040091979886150097556196670e-06
2026,-3.0063414696161519829736320785773528996287e-06
2027,-3.0063414764226758130486946707371487264027e-06
2028,-3.0063414711043219556966046845936091358453e-06
2029,-3.0063414729846127023402731909262897147528e-06
2030,-3.0063414704811047592600443956190048311328e-06
2031,-3.0063414722109040091979886150097556196670e-06
2032,-3.0063414696161519829736320785773528996287e-06
2033,-3.0063414764226758130486946707371487264027e-06
2034,-3.0063414711043219556966046845936091358453e-06
2035,-3.0063414729846127023402731909262897147528e-06
2036,-3.0063414711795677040494668280645740310320e-06
2037,-3.0063414704811047592600443956190048311328e-06
2038,-3.0063414722109040091979886150097556196670e-06
2039,-3.0063414673267443228061365084746725528930e-06
2040,-3.0063414743168074870569971696054878407267e-06
2041,-3.0063414730928889239877904032693933800147e-06
2042,-3.0063414680788638401888034773490332440815e-06
2043,-3.0063414646899011118503456524431172169898e-06
2044,-3.0063414730928889239877904032693933800147e-06
2045,-3.0063414680788638401888034773490332440815e-06
2046,-3.0063414646899011118503456524431172169898e-06
2047,-3.0063414730928889239877904032693933800147e-06
2048,-3.0063414680788638401888034773490332440815e-06
2049,-3.0063414714382820593270313064282461823495e-06
2050,-3.0063414680788638401888034773490332440815e-06
2051,-3.0063414646899011118503456524431172169898e-06
2052,-3.0063414730928889239877904032693933800147e-06
2053,-3.0063414680788638401888034773490332440815e-06
2054,-3.0063414646899011118503456524431172169898e-06
2055,-3.0063414730928889239877904032693933800147e-06
2056,-3.0063414680788638401888034773490332440815e-06
2057,-3.0063414646899011118503456524431172169898e-06
2058,-3.0063414730928889239877904032693933800147e-06
2059,-3.0063414680788638401888034773490332440815e-06
2060,-3.0063414646899011118503456524431172169898e-06
2061,-3.0063414730928889239877904032693933800147e-06
2062,-3.0063414680788638401888034773490332440815e-06
2063,-3.0063414714382820593270313064282461823495e-06
2064,-3.0063414680788638401888034773490332440815e-06
2065,-3.0063414646899011118503456524431172169898e-06
2066,-3.0063414730928889239877904032693933800147e-06
2067,-3.0063414680788638401888034773490332440815e-06
2068,-3.0063414646899011118503456524431172169898e-06
2069,-3.0063414730928889239877904032693933800147e-06
2070,-3.0063414680788638401888034773490332440815e-06
2071,-3.0063414646899011118503456524431172169898e-06
2072,-3.0063414730928889239877904032693933800147e-06
2073,-3.0063414680788638401888034773490332440815e-06
2074,-3.0063414646899011118503456524431172169898e-06
2075,-3.0063414730928889239877904032693933800147e-06
2076,-3.0063414680788638401888034773490332440815e-06
2077,-3.0063414714382820593270313064282461823495e-06
2078,-3.0063414680788638401888034773490332440815e-06
2079,-3.0063414646899011118503456524431172169898e-06
2080,-3.0063414730928889239877904032693933800147e-06
2081,-3.0063414680788638401888034773490332440815e-06
2082,-3.0063414646899011118503456524431172169898e-06
2083,-3.0063414730928889239877904032693933800147e-06
2084,-3.0063414680788638401888034773490332440815e-06
2085,-3.0063414714382820593270313064282461823495e-06
2086,-3.0063414685632260785490190574398283729352e-06
2087,-3.0063414746176308147578883078754330426818e-06
2088,-3.0063414711043219556966046845936091358453e-06
2089,-3.0063414740911943323251834941922666644132e-06
2090,-3.0063414722109040091979886150097556196670e-06
2091,-3.0063414711043219556966046845936091358453e-06
2092,-3.0063414740911943323251834941922666644132e-06
2093,-3.0063414722109040091979886150097556196670e-06
2094,-3.0063414711043219556966046845936091358453e-06
2095,-3.0063414729846127023402731909262897147528e-06
2096,-3.0063414704811047592600443956190048311328e-06
2097,-3.0063414722109040091979886150097556196670e-06
2098,-3.0063414711043219556966046845936091358453e-06
2099,-3.0063414740911943323251834941922666644132e-06
2100,-3.0063414722109040091979886150097556196670e-06
2101,-3.0063414711043219556966046845936091358453e-06
2102,-3.0063414740911943323251834941922666644132e-06
2103,-3.0063414722109040091979886150097556196670e-06
2104,-3.0063414711043219556966046845936091358453e-06
2105,-3.0063414740911943323251834941922666644132e-06
2106,-3.0063414722109040091979886150097556196670e-06
2107,-3.0063414711043219556966046845936091358453e-06
2108,-3.0063414740911943323251834941922666644132e-06
2109,-3.0063414722109040091979886150097556196670e-06
2110,-3.0063414711043219556966046845936091358453e-06
2111,-3.0063414740911943323251834941922666644132e-06
2112,-3.0063414722109040091979886150097556196670e-06
2113,-3.0063414711043219556966046845936091358453e-06
2114,-3.0063414740911943323251834941922666644132e-06
2115,-3.0063414722109040091979886150097556196670e-06
2116,-3.0063414711043219556966046845936091358453e-06
2117,-3.0063414740911943323251834941922666644132e-06
2118,-3.0063414722109040091979886150097556196670e-06
2119,-3.0063414711043219556966046845936091358453e-06
2120,-3.0063414729846127023402731909262897147528e-06
2121,-3.0063414704811047592600443956190048311328e-06
2122,-3.0063414722109040091979886150097556196670e-06
2123,-3.0063414711043219556966046845936091358453e-06
2124,-3.0063414740911943323251834941922666644132e-06
2125,-3.0063414722109040091979886150097556196670e-06
2126,-3.0063414711043219556966046845936091358453e-06
2127,-3.0063414740911943323251834941922666644132e-06
2128,-3.0063414722109040091979886150097556196670e-06
2129,-3.0063414711043219556966046845936091358453e-06
2130,-3.0063414740911943323251834941922666644132e-06
2131,-3.0063414722109040091979886150097556196670e-06
2132,-3.0063414711043219556966046845936091358453e-06
2133,-3.0063414740911943323251834941922666644132e-06
2134,-3.0063414722109040091979886150097556196670e-06
2135,-3.0063414711043219556966046845936091358453e-06
2136,-3.0063414740911943323251834941922666644132e-06
2137,-3.0063414722109040091979886150097556196670e-06
2138,-3.0063414711043219556966046845936091358453e-06
2139,-3.0063414740911943323251834941922666644132e-06
2140,-3.0063414722109040091979886150097556196670e-06
2141,-3.0063414711043219556966046845936091358453e-06
2142,-3.0063414740911943323251834941922666644132e-06
2143,-3.0063414722109040091979886150097556196670e-06
2144,-3.0063414711043219556966046845936091358453e-06
2145,-3.0063414729846127023402731909262897147528e-06
2146,-3.0063414704811047592600443956190048311328e-06
2147,-3.0063414722109040091979886150097556196670e-06
2148,-3.0063414711043219556966046845936091358453e-06
2149,-3.0063414740911943323251834941922666644132e-06
2150,-3.0063414722109040091979886150097556196670e-06
2151,-3.0063414711043219556966046845936091358453e-06
2152,-3.0063414740911943323251834941922666644132e-06
2153,-3.0063414722109040091979886150097556196670e-06
2154,-3.0063414711043219556966046845936091358453e-06
2155,-3.0063414740911943323251834941922666644132e-06
2156,-3.0063414722109040091979886150097556196670e-06
2157,-3.0063414711043219556966046845936091358453e-06
2158,-3.0063414740911943323251834941922666644132e-06
2159,-3.0063414722109040091979886150097556196670e-06
2160,-3.0063414711043219556966046845936091358453e-06
2161,-3.0063414740911943323251834941922666644132e-06
2162,-3.0063414722109040091979886150097556196670e-06
2163,-3.0063414711043219556966046845936091358453e-06
2164,-3.0063414740911943323251834941922666644132e-06
2165,-3.0063414722109040091979886150097556196670e-06
2166,-3.0063414711043219556966046845936091358453e-06
2167,-3.0063414740911943323251834941922666644132e-06
2168,-3.0063414722109040091979886150097556196670e-06
2169,-3.0063414711043219556966046845936091358453e-06
2170,-3.0063414740911943323251834941922666644132e-06
2171,-3.0063414722109040091979886150097556196670e-06
2172,-3.0063414711043219556966046845936091358453e-06
2173,-3.0063414729846127023402731909262897147528e-06
2174,-3.0063414704811047592600443956190048311328e-06
2175,-3.0063414722109040091979886150097556196670e-06
2176,-3.0063414711043219556966046845936091358453e-06
2177,-3.0063414740911943323251834941922666644132e-06
2178,-3.0063414722109040091979886150097556196670e-06
2179,-3.0063414711043219556966046845936091358453e-06
2180,-3.0063414740911943323251834941922666644132e-06
2181,-3.0063414722109040091979886150097556196670e-06
2182,-3.0063414711043219556966046845936091358453e-06
2183,-3.0063414740911943323251834941922666644132e-06
2184,-3.0063414722109040091979886150097556196670e-06
2185,-3.0063414711043219556966046845936091358453e-06
2186,-3.0063414740911943323251834941922666644132e-06
2187,-3.0063414722109040091979886150097556196670e-06
2188,-3.0063414711043219556966046845936091358453e-06
2189,-3.0063414740911943323251834941922666644132e-06
2190,-3.0063414722109040091979886150097556196670e-06
2191,-3.0063414711043219556966046845936091358453e-06
2192,-3.0063414729846127023402731909262897147528e-06
2193,-3.0063414711795677040494668280645740310320e-06
2194,-3.0063414712868456973686448474580856782268e-06
2195,-3.0063414600428492408010217040725819970248e-06
2196,-3.0063414623422976295252697503945782386836e-06
2197,-3.0063414705778858967803734980606122917379e-06
2198,-3.0063414711795677040494668280645740310320e-06
2199,-3.0063414711795677040494668280645740310320e-06
2200,-3.0063414712868456973686448474580856782268e-06
2201,-3.0063414600428492408010217040725819970248e-06
2202,-3.0063414623422976295252697503945782386836e-06
2203,-3.0063414705778858967803734980606122917379e-06
2204,-3.0063414711795677040494668280645740310320e-06
2205,-3.0063414711795677040494668280645740310320e-06
2206,-3.0063414712868456973686448474580856782268e-06
2207,-3.0063414600428492408010217040725819970248e-06
2208,-3.0063414623422976295252697503945782386836e-06
2209,-3.0063414705778858967803734980606122917379e-06
2210,-3.0063414711795677040494668280645740310320e-06
2211,-3.0063414711795677040494668280645740310320e-06
2212,-3.0063414711795677040494668280645740310320e-06
2213,-3.0063414712868456973686448474580856782268e-06
2214,-3.0063414600428492408010217040725819970248e-06
2215,-3.0063414623422976295252697503945782386836e-06
2216,-3.0063414705778858967803734980606122917379e-06
2217,-3.0063414711795677040494668280645740310320e-06
2218,-3.0063414711795677040494668280645740310320e-06
2219,-3.0063414712868456973686448474580856782268e-06
2220,-3.0063414600428492408010217040725819970248e-06
2221,-3.0063414623422976295252697503945782386836e-06
2222,-3.0063414705778858967803734980606122917379e-06
2223,-3.0063414711795677040494668280645740310320e-06
2224,-3.0063414711795677040494668280645740310320e-06
2225,-3.0063414712868456973686448474580856782268e-06
2226,-3.0063414600428492408010217040725819970248e-06
2227,-3.0063414623422976295252697503945782386836e-06
2228,-3.0063414705778858967803734980606122917379e-06
2229,-3.0063414711795677040494668280645740310320e-06
2230,-3.0063414711795677040494668280645740310320e-06
2231,-3.0063414712868456973686448474580856782268e-06
2232,-3.0063414600428492408010217040725819970248e-06
2233,-3.0063414623422976295252697503945782386836e-06
2234,-3.0063414705778858967803734980606122917379e-06
2235,-3.0063414711795677040494668280645740310320e-06
2236,-3.0063414711795677040494668280645740310320e-06
2237,-3.0063414711795677040494668280645740310320e-06
2238,-3.0063414712868456973686448474580856782268e-06
2239,-3.0063414600428492408010217040725819970248e-06
2240,-3.0063414623422976295252697503945782386836e-06
2241,-3.0063414705778858967803734980606122917379e-06
2242,-3.0063414711795677040494668280645740310320e-06
2243,-3.0063414711795677040494668280645740310320e-06
2244,-3.0063414712868456973686448474580856782268e-06
2245,-3.0063414600428492408010217040725819970248e-06
2246,-3.0063414623422976295252697503945782386836e-06
2247,-3.0063414705778858967803734980606122917379e-06
2248,-3.0063414711795677040494668280645740310320e-06
2249,-3.0063414711795677040494668280645740310320e-06
2250,-3.0063414712868456973686448474580856782268e-06
2251,-3.0063414600428492408010217040725819970248e-06
2252,-3.0063414623422976295252697503945782386836e-06
2253,-3.0063414705778858967803734980606122917379e-06
2254,-3.0063414711795677040494668280645740310320e-06
2255,-3.0063414711795677040494668280645740310320e-06
2256,-3.0063414712868456973686448474580856782268e-06
2257,-3.0063414600428492408010217040725819970248e-06
2258,-3.0063414623422976295252697503945782386836e-06
2259,-3.0063414705778858967803734980606122917379e-06
2260,-3.0063414711795677040494668280645740310320e-06
2261,-3.0063414711795677040494668280645740310320e-06
2262,-3.0063414711795677040494668280645740310320e-06
2263,-3.0063414712868456973686448474580856782268e-06
2264,-3.0063414600428492408010217040725819970248e-06
2265,-3.0063414623422976295252697503945782386836e-06
2266,-3.0063414705778858967803734980606122917379e-06
2267,-3.0063414711795677040494668280645740310320e-06
2268,-3.0063414711795677040494668280645740310320e-06
2269,-3.0063414712868456973686448474580856782268e-06
2270,-3.0063414600428492408010217040725819970248e-06
2271,-3.0063414623422976295252697503945782386836e-06
2272,-3.0063414705778858967803734980606122917379e-06
2273,-3.0063414711795677040494668280645740310320e-06
2274,-3.0063414711795677040494668280645740310320e-06
2275,-3.0063414712868456973686448474580856782268e-06
2276,-3.0063414600428492408010217040725819970248e-06
2277,-3.0063414623422976295252697503945782386836e-06
2278,-3.0063414705778858967803734980606122917379e-06
2279,-3.0063414711795677040494668280645740310320e-06
2280,-3.0063414711795677040494668280645740310320e-06
2281,-3.0063414712868456973686448474580856782268e-06
2282,-3.0063414600428492408010217040725819970248e-06
2283,-3.0063414623422976295252697503945782386836e-06
2284,-3.0063414705778858967803734980606122917379e-06
2285,-3.0063414711795677040494668280645740310320e-06
2286,-3.0063414711795677040494668280645740310320e-06
2287,-3.0063414711795677040494668280645740310320e-06
2288,-3.0063414712868456973686448474580856782268e-06
2289,-3.0063414600428492408010217040725819970248e-06
2290,-3.0063414623422976295252697503945782386836e-06
2291,-3.0063414705778858967803734980606122917379e-06
2292,-3.0063414711795677040494668280645740310320e-06
2293,-3.0063414711795677040494668280645740310320e-06
2294,-3.0063414712868456973686448474580856782268e-06
2295,-3.0063414600428492408010217040725819970248e-06
2296,-3.0063414623422976295252697503945782386836e-06
2297,-3.0063414705778858967803734980606122917379e-06
2298,-3.0063414711795677040494668280645740310320e-06
2299,-3.0063414711795677040494668280645740310320e-06
2300,-3.0063414712868456973686448474580856782268e-06
2301,-3.0063414600428492408010217040725819970248e-06
2302,-3.0063414623422976295252697503945782386836e-06
2303,-3.0063414705778858967803734980606122917379e-06
2304,-3.0063414711795677040494668280645740310320e-06
2305,-3.0063414711795677040494668280645740310320e-06
2306,-3.0063414712868456973686448474580856782268e-06
2307,-3.0063414600428492408010217040725819970248e-06
2308,-3.0063414629081236851041412927454388182014e-06
2309,9.1228044070963977062740338790643284231461e-16
2310,-1.5489579337577381400165797850757199616310e-15
2311,-3.0042756210976821187527696643826402578270e-06
2312,-3.0042756247856089374728954383142465189849e-06
2313,-3.0042756239458176984011457399947886415248e-06
2314,-3.0042756220002046178981728458134980996874e-06
2315,-3.0042756247856089374728954383142465189849e-06
2316,-3.0042756239458176984011457399947886415248e-06
2317,-3.0042756220002046178981728458134980996874e-06
2318,-3.0042756247856089374728954383142465189849e-06
2319,-3.0042756239458176984011457399947886415248e-06
2320,-3.0042756220002046178981728458134980996874e-06
2321,-3.0042756247856089374728954383142465189849e-06
2322,-3.0042756233942548306210893610534995445960e-06
2323,-3.0042756206365683936958428656982533766495e-06
2324,-3.0042756220002046178981728458134980996874e-06
2325,-3.0042756249799233777707154618985541105758e-06
2326,-3.0042756223010457332909563243905637364151e-06
2327,-3.0042756247856089374728954383142465189849e-06
2328,-3.0042756233942548306210893610534995445960e-06
2329,-3.0042756206365683936958428656982533766495e-06
2330,-3.0042756220002046178981728458134980996874e-06
2331,-3.0042756247856089374728954383142465189849e-06
2332,-3.0042756239458176984011457399947886415248e-06
2333,-3.0042756220002046178981728458134980996874e-06
2334,-3.0042756247856089374728954383142465189849e-06
2335,-3.0042756239458176984011457399947886415248e-06
2336,-3.0042756220002046178981728458134980996874e-06
2337,-3.0042756247856089374728954383142465189849e-06
2338,-3.0042756239458176984011457399947886415248e-06
2339,-3.0042756220002046178981728458134980996874e-06
2340,-3.0042756247856089374728954383142465189849e-06
2341,-3.0042756233942548306210893610534995445960e-06
2342,-3.0042756206365683936958428656982533766495e-06
2343,-3.0042756220002046178981728458134980996874e-06
2344,-3.0042756249799233777707154618985541105758e-06
2345,-3.0042756223010457332909563243905637364151e-06
2346,-3.0042756247856089374728954383142465189849e-06
2347,-3.0042756233942548306210893610534995445960e-06
2348,-3.0042756206365683936958428656982533766495e-06
2349,-3.0042756220002046178981728458134980996874e-06
2350,-3.0042756249799233777707154618985541105758e-06
2351,-3.0042756223010457332909563243905637364151e-06
2352,-3.0042756247856089374728954383142465189849e-06
2353,-3.0042756233942548306210893610534995445960e-06
2354,-3.0042756206365683936958428656982533766495e-06
2355,-3.0042756220002046178981728458134980996874e-06
2356,-3.0042756249799233777707154618985541105758e-06
2357,-3.0042756223010457332909563243905637364151e-06
2358,-3.0042756247856089374728954383142465189849e-06
2359,-3.0042756233942548306210893610534995445960e-06
2360,-3.0042756206365683936958428656982533766495e-06
2361,-3.0042756220002046178981728458134980996874e-06
2362,-3.0042756249799233777707154618985541105758e-06
2363,-3.0042756223010457332909563243905637364151e-06
2364,-3.0042756247856089374728954383142465189849e-06
2365,-3.0042756233942548306210893610534995445960e-06
2366,-3.0042756239959362143737090639072917497288e-06
2367,-3.0042756206365683936958428656982533766495e-06
2368,-3.0042756220002046178981728458134980996874e-06
2369,-3.0042756224339765429342044567029290647042e-06
2370,-3.0042756241813182687262588632659543463888e-06
2371,-3.0042756186081434430386587902672701488882e-06
2372,-3.0042756233741221280142755234443541212386e-06
2373,-3.0042756238804775768499490118390582438224e-06
2374,-3.0042756186081434430386587902672701488882e-06
2375,-3.0042756233741221280142755234443541212386e-06
2376,-3.0042756238804775768499490118390582438224e-06
2377,-3.0042756186081434430386587902672701488882e-06
2378,-3.0042756233741221280142755234443541212386e-06
2379,-3.0042756237224546866937131134323024639343e-06
2380,-3.0042756233741221280142755234443541212386e-06
2381,-3.0042756238804775768499490118390582438224e-06
2382,-3.0042756186081434430386587902672701488882e-06
2383,-3.0042756233741221280142755234443541212386e-06
2384,-3.0042756238804775768499490118390582438224e-06
2385,-3.0042756186081434430386587902672701488882e-06
2386,-3.0042756233741221280142755234443541212386e-06
2387,-3.0042756238804775768499490118390582438224e-06
2388,-3.0042756186081434430386587902672701488882e-06
2389,-3.0042756233741221280142755234443541212386e-06
2390,-3.0042756238804775768499490118390582438224e-06
2391,-3.0042756186081434430386587902672701488882e-06
2392,-3.0042756233741221280142755234443541212386e-06
2393,-3.0042756237224546866937131134323024639343e-06
2394,-3.0042756233741221280142755234443541212386e-06
2395,-3.0042756238804775768499490118390582438224e-06
2396,-3.0042756186081434430386587902672701488882e-06
2397,-3.0042756233741221280142755234443541212386e-06
2398,-3.0042756238804775768499490118390582438224e-06
2399,-3.0042756186081434430386587902672701488882e-06
2400,-3.0042756233741221280142755234443541212386e-06
2401,-3.0042756238804775768499490118390582438224e-06
2402,-3.0042756186081434430386587902672701488882e-06
2403,-3.0042756233741221280142755234443541212386e-06
2404,-3.0042756238804775768499490118390582438224e-06
2405,-3.0042756186081434430386587902672701488882e-06
2406,-3.0042756233741221280142755234443541212386e-06
2407,-3.0042756237224546866937131134323024639343e-06
2408,-3.0042756233741221280142755234443541212386e-06
2409,-3.0042756238804775768499490118390582438224e-06
2410,-3.0042756186081434430386587902672701488882e-06
2411,-3.0042756233741221280142755234443541212386e-06
2412,-3.0042756238804775768499490118390582438224e-06
2413,-3.0042756186081434430386587902672701488882e-06
2414,-3.0042756233741221280142755234443541212386e-06
2415,-3.0042756237224546866937131134323024639343e-06
2416,-3.0042756267285788516639612882874743604589e-06
2417,-3.0042756198943189277310566315248863134002e-06
2418,-3.0042756247856089374728954383142465189849e-06
2419,-3.0042756239458176984011457399947886415248e-06
2420,-3.0042756220002046178981728458134980996874e-06
2421,-3.0042756247856089374728954383142465189849e-06
2422,-3.0042756239458176984011457399947886415248e-06
2423,-3.0042756220002046178981728458134980996874e-06
2424,-3.0042756247856089374728954383142465189849e-06
2425,-3.0042756233942548306210893610534995445960e-06
2426,-3.0042756206365683936958428656982533766495e-06
2427,-3.0042756220002046178981728458134980996874e-06
2428,-3.0042756247856089374728954383142465189849e-06
2429,-3.0042756239458176984011457399947886415248e-06
2430,-3.0042756220002046178981728458134980996874e-06
2431,-3.0042756247856089374728954383142465189849e-06
2432,-3.0042756239458176984011457399947886415248e-06
2433,-3.0042756220002046178981728458134980996874e-06
2434,-3.0042756247856089374728954383142465189849e-06
2435,-3.0042756239458176984011457399947886415248e-06
2436,-3.0042756220002046178981728458134980996874e-06
2437,-3.0042756247856089374728954383142465189849e-06
2438,-3.0042756239458176984011457399947886415248e-06
2439,-3.0042756220002046178981728458134980996874e-06
2440,-3.0042756247856089374728954383142465189849e-06
2441,-3.0042756239458176984011457399947886415248e-06
2442,-3.0042756220002046178981728458134980996874e-06
2443,-3.0042756247856089374728954383142465189849e-06
2444,-3.0042756239458176984011457399947886415248e-06
2445,-3.0042756220002046178981728458134980996874e-06
2446,-3.0042756247856089374728954383142465189849e-06
2447,-3.0042756239458176984011457399947886415248e-06
2448,-3.0042756220002046178981728458134980996874e-06
2449,-3.0042756247856089374728954383142465189849e-06
2450,-3.0042756233942548306210893610534995445960e-06
2451,-3.0042756206365683936958428656982533766495e-06
2452,-3.0042756220002046178981728458134980996874e-06
2453,-3.0042756247856089374728954383142465189849e-06
2454,-3.0042756239458176984011457399947886415248e-06
2455,-3.0042756220002046178981728458134980996874e-06
2456,-3.0042756247856089374728954383142465189849e-06
2457,-3.0042756239458176984011457399947886415248e-06
2458,-3.0042756220002046178981728458134980996874e-06
2459,-3.0042756247856089374728954383142465189849e-06
2460,-3.0042756239458176984011457399947886415248e-06
2461,-3.0042756220002046178981728458134980996874e-06
2462,-3.0042756247856089374728954383142465189849e-06
2463,-3.0042756239458176984011457399947886415248e-06
2464,-3.0042756220002046178981728458134980996874e-06
2465,-3.0042756247856089374728954383142465189849e-06
2466,-3.0042756239458176984011457399947886415248e-06
2467,-3.0042756220002046178981728458134980996874e-06
2468,-3.0042756247856089374728954383142465189849e-06
2469,-3.0042756239458176984011457399947886415248e-06
2470,-3.0042756220002046178981728458134980996874e-06
2471,-3.0042756247856089374728954383142465189849e-06
2472,-3.0042756239458176984011457399947886415248e-06
2473,-3.0042756220002046178981728458134980996874e-06
2474,-3.0042756247856089374728954383142465189849e-06
2475,-3.0042756233942548306210893610534995445960e-06
2476,-3.0042756206365683936958428656982533766495e-06
2477,-3.0042756220002046178981728458134980996874e-06
2478,-3.0042756247856089374728954383142465189849e-06
2479,-3.0042756239458176984011457399947886415248e-06
2480,-3.0042756220002046178981728458134980996874e-06
2481,-3.0042756247856089374728954383142465189849e-06
2482,-3.0042756239458176984011457399947886415248e-06
2483,-3.0042756220002046178981728458134980996874e-06
2484,-3.0042756247856089374728954383142465189849e-06
2485,-3.0042756239458176984011457399947886415248e-06
2486,-3.0042756220002046178981728458134980996874e-06
2487,-3.0042756247856089374728954383142465189849e-06
2488,-3.0042756239458176984011457399947886415248e-06
2489,-3.0042756220002046178981728458134980996874e-06
2490,-3.0042756247856089374728954383142465189849e-06
2491,-3.0042756239458176984011457399947886415248e-06
2492,-3.0042756220002046178981728458134980996874e-06
2493,-3.0042756247856089374728954383142465189849e-06
2494,-3.0042756239458176984011457399947886415248e-06
2495,-3.0042756220002046178981728458134980996874e-06
2496,-3.0042756247856089374728954383142465189849e-06
2497,-3.0042756239458176984011457399947886415248e-06
2498,-3.0042756220002046178981728458134980996874e-06
2499,-3.0042756247856089374728954383142465189849e-06
2500,-3.0042756239458176984011457399947886415248e-06
2501,-3.0042756220002046178981728458134980996874e-06
2502,-3.0042756247856089374728954383142465189849e-06
2503,-3.0042756233942548306210893610534995445960e-06
2504,-3.0042756206365683936958428656982533766495e-06
2505,-3.0042756220002046178981728458134980996874e-06
2506,-3.0042756247856089374728954383142465189849e-06
2507,-3.0042756239458176984011457399947886415248e-06
2508,-3.0042756220002046178981728458134980996874e-06
2509,-3.0042756247856089374728954383142465189849e-06
2510,-3.0042756239458176984011457399947886415248e-06
2511,-3.0042756220002046178981728458134980996874e-06
2512,-3.0042756247856089374728954383142465189849e-06
2513,-3.0042756239458176984011457399947886415248e-06
2514,-3.0042756220002046178981728458134980996874e-06
2515,-3.0042756247856089374728954383142465189849e-06
2516,-3.0042756239458176984011457399947886415248e-06
2517,-3.0042756220002046178981728458134980996874e-06
2518,-3.0042756247856089374728954383142465189849e-06
2519,-3.0042756239458176984011457399947886415248e-06
2520,-3.0042756220002046178981728458134980996874e-06
2521,-3.0042756247856089374728954383142465189849e-06
2522,-3.0042756233942548306210893610534995445960e-06
2523,-3.0042756239959362143737090639072917497288e-06
2524,-3.0042756195245915873533962964225807468210e-06
2525,-3.0042756214987894887273600641464099680888e-06
2526,-3.0042756215703370912325099323370025672375e-06
2527,-3.0042756221908912160829027010455760660079e-06
2528,-3.0042756239959362143737090639072917497288e-06
2529,-3.0042756239959362143737090639072917497288e-06
2530,-3.0042756195245915873533962964225807468210e-06
2531,-3.0042756214987894887273600641464099680888e-06
2532,-3.0042756215703370912325099323370025672375e-06
2533,-3.0042756221908912160829027010455760660079e-06
2534,-3.0042756239959362143737090639072917497288e-06
2535,-3.0042756239959362143737090639072917497288e-06
2536,-3.0042756195245915873533962964225807468210e-06
2537,-3.0042756214987894887273600641464099680888e-06
2538,-3.0042756215703370912325099323370025672375e-06
2539,-3.0042756221908912160829027010455760660079e-06
2540,-3.0042756239959362143737090639072917497288e-06
2541,-3.0042756239959362143737090639072917497288e-06
2542,-3.0042756239959362143737090639072917497288e-06
2543,-3.0042756195245915873533962964225807468210e-06
2544,-3.0042756214987894887273600641464099680888e-06
2545,-3.0042756215703370912325099323370025672375e-06
2546,-3.0042756221908912160829027010455760660079e-06
2547,-3.0042756239959362143737090639072917497288e-06
2548,-3.0042756239959362143737090639072917497288e-06
2549,-3.0042756195245915873533962964225807468210e-06
2550,-3.0042756214987894887273600641464099680888e-06
2551,-3.0042756215703370912325099323370025672375e-06
2552,-3.0042756221908912160829027010455760660079e-06
2553,-3.0042756239959362143737090639072917497288e-06
2554,-3.0042756239959362143737090639072917497288e-06
2555,-3.0042756195245915873533962964225807468210e-06
2556,-3.0042756214987894887273600641464099680888e-06
2557,-3.0042756215703370912325099323370025672375e-06
2558,-3.0042756221908912160829027010455760660079e-06
2559,-3.0042756239959362143737090639072917497288e-06
2560,-3.0042756239959362143737090639072917497288e-06
2561,-3.0042756195245915873533962964225807468210e-06
2562,-3.0042756214987894887273600641464099680888e-06
2563,-3.0042756215703370912325099323370025672375e-06
2564,-3.0042756221908912160829027010455760660079e-06
2565,-3.0042756239959362143737090639072917497288e-06
2566,-3.0042756239959362143737090639072917497288e-06
2567,-3.0042756239959362143737090639072917497288e-06
2568,-3.0042756195245915873533962964225807468210e-06
2569,-3.0042756214987894887273600641464099680888e-06
2570,-3.0042756215703370912325099323370025672375e-06
2571,-3.0042756221908912160829027010455760660079e-06
2572,-3.0042756239959362143737090639072917497288e-06
2573,-3.0042756239959362143737090639072917497288e-06
2574,-3.0042756195245915873533962964225807468210e-06
2575,-3.0042756214987894887273600641464099680888e-06
2576,-3.0042756215703370912325099323370025672375e-06
2577,-3.0042756221908912160829027010455760660079e-06
2578,-3.0042756239959362143737090639072917497288e-06
2579,-3.0042756239959362143737090639072917497288e-06
2580,-3.0042756195245915873533962964225807468210e-06
2581,-3.0042756214987894887273600641464099680888e-06
2582,-3.0042756215703370912325099323370025672375e-06
2583,-3.0042756221908912160829027010455760660079e-06
2584,-3.0042756239959362143737090639072917497288e-06
2585,-3.0042756239959362143737090639072917497288e-06
2586,-3.0042756195245915873533962964225807468210e-06
2587,-3.0042756214987894887273600641464099680888e-06
2588,-3.0042756215703370912325099323370025672375e-06
2589,-3.0042756221908912160829027010455760660079e-06
2590,-3.0042756239959362143737090639072917497288e-06
2591,-3.0042756239959362143737090639072917497288e-06
2592,-3.0042756239959362143737090639072917497288e-06
2593,-3.0042756195245915873533962964225807468210e-06
2594,-3.0042756214987894887273600641464099680888e-06
2595,-3.0042756215703370912325099323370025672375e-06
2596,-3.0042756221908912160829027010455760660079e-06
2597,-3.0042756239959362143737090639072917497288e-06
2598,-3.0042756239959362143737090639072917497288e-06
2599,-3.0042756195245915873533962964225807468210e-06
2600,-3.0042756214987894887273600641464099680888e-06
2601,-3.0042756215703370912325099323370025672375e-06
2602,-3.0042756221908912160829027010455760660079e-06
2603,-3.0042756239959362143737090639072917497288e-06
2604,-3.0042756239959362143737090639072917497288e-06
2605,-3.0042756195245915873533962964225807468210e-06
2606,-3.0042756214987894887273600641464099680888e-06
2607,-3.0042756215703370912325099323370025672375e-06
2608,-3.0042756221908912160829027010455760660079e-06
2609,-3.0042756239959362143737090639072917497288e-06
2610,-3.0042756239959362143737090639072917497288e-06
2611,-3.0042756195245915873533962964225807468210e-06
2612,-3.0042756214987894887273600641464099680888e-06
2613,-3.0042756215703370912325099323370025672375e-06
2614,-3.0042756221908912160829027010455760660079e-06
2615,-3.0042756239959362143737090639072917497288e-06
2616,-3.0042756239959362143737090639072917497288e-06
2617,-3.0042756239959362143737090639072917497288e-06
2618,-3.0042756195245915873533962964225807468210e-06
2619,-3.0042756214987894887273600641464099680888e-06
2620,-3.0042756215703370912325099323370025672375e-06
2621,-3.0042756221908912160829027010455760660079e-06
2622,-3.0042756239959362143737090639072917497288e-06
2623,-3.0042756239959362143737090639072917497288e-06
2624,-3.0042756195245915873533962964225807468210e-06
2625,-3.0042756214987894887273600641464099680888e-06
2626,-3.0042756215703370912325099323370025672375e-06
2627,-3.0042756221908912160829027010455760660079e-06
2628,-3.0042756239959362143737090639072917497288e-06
2629,-3.0042756239959362143737090639072917497288e-06
2630,-3.0042756195245915873533962964225807468210e-06
2631,-3.0042756214987894887273600641464099680888e-06
2632,-3.0042756215703370912325099323370025672375e-06
2633,-3.0042756221908912160829027010455760660079e-06
2634,-3.0042756239959362143737090639072917497288e-06
2635,-3.0042756239959362143737090639072917497288e-06
2636,-3.0042756195245915873533962964225807468210e-06
2637,-3.0042756214987894887273600641464099680888e-06
2638,-3.0042756188071572221278456721327287937129e-06
2639,4.9405718877289057292381628675953793779980e-16
2640,-6.2277034034802726137823118005861256974982e-17
2641,-3.0026082180456027839840927456949160045951e-06
2642,-3.0026082203799116606855387767716081270919e-06
2643,-3.0026082164103925502989834994682638580343e-06
2644,-3.0026082183464434758604025971218121071615e-06
2645,-3.0026082203799116606855387767716081270919e-06
2646,-3.0026082164103925502989834994682638580343e-06
2647,-3.0026082183464434758604025971218121071615e-06
2648,-3.0026082203799116606855387767716081270919e-06
2649,-3.0026082164103925502989834994682638580343e-06
2650,-3.0026082183464434758604025971218121071615e-06
2651,-3.0026082203799116606855387767716081270919e-06
2652,-3.0026082180578318221600767068402149106987e-06
2653,-3.0026082185162782404660997137568756443216e-06
2654,-3.0026082183464434758604025971218121071615e-06
2655,-3.0026082217032757034106630472658494568350e-06
2656,-3.0026082204523291660275188114104238934488e-06
2657,-3.0026082203799116606855387767716081270919e-06
2658,-3.0026082180578318221600767068402149106987e-06
2659,-3.0026082185162782404660997137568756443216e-06
2660,-3.0026082183464434758604025971218121071615e-06
2661,-3.0026082203799116606855387767716081270919e-06
2662,-3.0026082164103925502989834994682638580343e-06
2663,-3.0026082183464434758604025971218121071615e-06
2664,-3.0026082203799116606855387767716081270919e-06
2665,-3.0026082164103925502989834994682638580343e-06
2666,-3.0026082183464434758604025971218121071615e-06
2667,-3.0026082203799116606855387767716081270919e-06
2668,-3.0026082164103925502989834994682638580343e-06
2669,-3.0026082183464434758604025971218121071615e-06
2670,-3.0026082203799116606855387767716081270919e-06
2671,-3.0026082180578318221600767068402149106987e-06
2672,-3.0026082185162782404660997137568756443216e-06
2673,-3.0026082183464434758604025971218121071615e-06
2674,-3.0026082217032757034106630472658494568350e-06
2675,-3.0026082204523291660275188114104238934488e-06
2676,-3.0026082203799116606855387767716081270919e-06
2677,-3.0026082180578318221600767068402149106987e-06
2678,-3.0026082185162782404660997137568756443216e-06
2679,-3.0026082183464434758604025971218121071615e-06
2680,-3.0026082217032757034106630472658494568350e-06
2681,-3.0026082204523291660275188114104238934488e-06
2682,-3.0026082203799116606855387767716081270919e-06
2683,-3.0026082180578318221600767068402149106987e-06
2684,-3.0026082185162782404660997137568756443216e-06
2685,-3.0026082183464434758604025971218121071615e-06
2686,-3.0026082217032757034106630472658494568350e-06
2687,-3.0026082204523291660275188114104238934488e-06
2688,-3.0026082203799116606855387767716081270919e-06
2689,-3.0026082180578318221600767068402149106987e-06
2690,-3.0026082185162782404660997137568756443216e-06
2691,-3.0026082183464434758604025971218121071615e-06
2692,-3.0026082217032757034106630472658494568350e-06
2693,-3.0026082204523291660275188114104238934488e-06
2694,-3.0026082203799116606855387767716081270919e-06
2695,-3.0026082180578318221600767068402149106987e-06
2696,-3.0026082159519461319929604925516031244115e-06
2697,-3.0026082185162782404660997137568756443216e-06
2698,-3.0026082183464434758604025971218121071615e-06
2699,-3.0026082225325620398705649127801819986416e-06
2700,-3.0026082193905792958748841164906551171043e-06
2701,-3.0026082203790925798255438683437290592337e-06
2702,-3.0026082194865659164906886852142164912038e-06
2703,-3.0026082217973061014347838093563325401192e-06
2704,-3.0026082203790925798255438683437290592337e-06
2705,-3.0026082194865659164906886852142164912038e-06
2706,-3.0026082217973061014347838093563325401192e-06
2707,-3.0026082203790925798255438683437290592337e-06
2708,-3.0026082194865659164906886852142164912038e-06
2709,-3.0026082219585244233845365557922235666410e-06
2710,-3.0026082208403498769670302709355880210751e-06
2711,-3.0026082217973061014347838093563325401192e-06
2712,-3.0026082203790925798255438683437290592337e-06
2713,-3.0026082194865659164906886852142164912038e-06
2714,-3.0026082217973061014347838093563325401192e-06
2715,-3.0026082203790925798255438683437290592337e-06
2716,-3.0026082194865659164906886852142164912038e-06
2717,-3.0026082217973061014347838093563325401192e-06
2718,-3.0026082203790925798255438683437290592337e-06
2719,-3.0026082194865659164906886852142164912038e-06
2720,-3.0026082217973061014347838093563325401192e-06
2721,-3.0026082203790925798255438683437290592337e-06
2722,-3.0026082194865659164906886852142164912038e-06
2723,-3.0026082219585244233845365557922235666410e-06
2724,-3.0026082208403498769670302709355880210751e-06
2725,-3.0026082217973061014347838093563325401192e-06
2726,-3.0026082203790925798255438683437290592337e-06
2727,-3.0026082194865659164906886852142164912038e-06
2728,-3.0026082217973061014347838093563325401192e-06
2729,-3.0026082203790925798255438683437290592337e-06
2730,-3.0026082194865659164906886852142164912038e-06
2731,-3.0026082217973061014347838093563325401192e-06
2732,-3.0026082203790925798255438683437290592337e-06
2733,-3.0026082194865659164906886852142164912038e-06
2734,-3.0026082217973061014347838093563325401192e-06
2735,-3.0026082203790925798255438683437290592337e-06
2736,-3.0026082194865659164906886852142164912038e-06
2737,-3.0026082219585244233845365557922235666410e-06
2738,-3.0026082208403498769670302709355880210751e-06
2739,-3.0026082217973061014347838093563325401192e-06
2740,-3.0026082203790925798255438683437290592337e-06
2741,-3.0026082194865659164906886852142164912038e-06
2742,-3.0026082217973061014347838093563325401192e-06
2743,-3.0026082203790925798255438683437290592337e-06
2744,-3.0026082194865659164906886852142164912038e-06
2745,-3.0026082219585244233845365557922235666410e-06
2746,-3.0026082207631656937143766611386652698457e-06
2747,-3.0026082210540109732966121414143856327428e-06
2748,-3.0026082203799116606855387767716081270919e-06
2749,-3.0026082164103925502989834994682638580343e-06
2750,-3.0026082183464434758604025971218121071615e-06
2751,-3.0026082203799116606855387767716081270919e-06
2752,-3.0026082164103925502989834994682638580343e-06
2753,-3.0026082183464434758604025971218121071615e-06
2754,-3.0026082203799116606855387767716081270919e-06
2755,-3.0026082180578318221600767068402149106987e-06
2756,-3.0026082185162782404660997137568756443216e-06
2757,-3.0026082183464434758604025971218121071615e-06
2758,-3.0026082203799116606855387767716081270919e-06
2759,-3.0026082164103925502989834994682638580343e-06
2760,-3.0026082183464434758604025971218121071615e-06
2761,-3.0026082203799116606855387767716081270919e-06
2762,-3.0026082164103925502989834994682638580343e-06
2763,-3.0026082183464434758604025971218121071615e-06
2764,-3.0026082203799116606855387767716081270919e-06
2765,-3.0026082164103925502989834994682638580343e-06
2766,-3.0026082183464434758604025971218121071615e-06
2767,-3.0026082203799116606855387767716081270919e-06
2768,-3.0026082164103925502989834994682638580343e-06
2769,-3.0026082183464434758604025971218121071615e-06
2770,-3.0026082203799116606855387767716081270919e-06
2771,-3.0026082164103925502989834994682638580343e-06
2772,-3.0026082183464434758604025971218121071615e-06
2773,-3.0026082203799116606855387767716081270919e-06
2774,-3.0026082164103925502989834994682638580343e-06
2775,-3.0026082183464434758604025971218121071615e-06
2776,-3.0026082203799116606855387767716081270919e-06
2777,-3.0026082164103925502989834994682638580343e-06
2778,-3.0026082183464434758604025971218121071615e-06
2779,-3.0026082203799116606855387767716081270919e-06
2780,-3.0026082180578318221600767068402149106987e-06
2781,-3.0026082185162782404660997137568756443216e-06
2782,-3.0026082183464434758604025971218121071615e-06
2783,-3.0026082203799116606855387767716081270919e-06
2784,-3.0026082164103925502989834994682638580343e-06
2785,-3.0026082183464434758604025971218121071615e-06
2786,-3.0026082203799116606855387767716081270919e-06
2787,-3.0026082164103925502989834994682638580343e-06
2788,-3.0026082183464434758604025971218121071615e-06
2789,-3.0026082203799116606855387767716081270919e-06
2790,-3.0026082164103925502989834994682638580343e-06
2791,-3.0026082183464434758604025971218121071615e-06
2792,-3.0026082203799116606855387767716081270919e-06
2793,-3.0026082164103925502989834994682638580343e-06
2794,-3.0026082183464434758604025971218121071615e-06
2795,-3.0026082203799116606855387767716081270919e-06
2796,-3.0026082164103925502989834994682638580343e-06
2797,-3.0026082183464434758604025971218121071615e-06
2798,-3.0026082203799116606855387767716081270919e-06
2799,-3.0026082164103925502989834994682638580343e-06
2800,-3.0026082183464434758604025971218121071615e-06
2801,-3.0026082203799116606855387767716081270919e-06
2802,-3.0026082164103925502989834994682638580343e-06
2803,-3.0026082183464434758604025971218121071615e-06
2804,-3.0026082203799116606855387767716081270919e-06
2805,-3.0026082180578318221600767068402149106987e-06
2806,-3.0026082185162782404660997137568756443216e-06
2807,-3.0026082183464434758604025971218121071615e-06
2808,-3.0026082203799116606855387767716081270919e-06
2809,-3.0026082164103925502989834994682638580343e-06
2810,-3.0026082183464434758604025971218121071615e-06
2811,-3.0026082203799116606855387767716081270919e-06
2812,-3.0026082164103925502989834994682638580343e-06
2813,-3.0026082183464434758604025971218121071615e-06
2814,-3.0026082203799116606855387767716081270919e-06
2815,-3.0026082164103925502989834994682638580343e-06
2816,-3.0026082183464434758604025971218121071615e-06
2817,-3.0026082203799116606855387767716081270919e-06
2818,-3.0026082164103925502989834994682638580343e-06
2819,-3.0026082183464434758604025971218121071615e-06
2820,-3.0026082203799116606855387767716081270919e-06
2821,-3.0026082164103925502989834994682638580343e-06
2822,-3.0026082183464434758604025971218121071615e-06
2823,-3.0026082203799116606855387767716081270919e-06
2824,-3.0026082164103925502989834994682638580343e-06
2825,-3.0026082183464434758604025971218121071615e-06
2826,-3.0026082203799116606855387767716081270919e-06
2827,-3.0026082164103925502989834994682638580343e-06
2828,-3.0026082183464434758604025971218121071615e-06
2829,-3.0026082203799116606855387767716081270919e-06
2830,-3.0026082164103925502989834994682638580343e-06
2831,-3.0026082183464434758604025971218121071615e-06
2832,-3.0026082203799116606855387767716081270919e-06
2833,-3.0026082180578318221600767068402149106987e-06
2834,-3.0026082185162782404660997137568756443216e-06
2835,-3.0026082183464434758604025971218121071615e-06
2836,-3.0026082203799116606855387767716081270919e-06
2837,-3.0026082164103925502989834994682638580343e-06
2838,-3.0026082183464434758604025971218121071615e-06
2839,-3.0026082203799116606855387767716081270919e-06
2840,-3.0026082164103925502989834994682638580343e-06
2841,-3.0026082183464434758604025971218121071615e-06
2842,-3.0026082203799116606855387767716081270919e-06
2843,-3.0026082164103925502989834994682638580343e-06
2844,-3.0026082183464434758604025971218121071615e-06
2845,-3.0026082203799116606855387767716081270919e-06
2846,-3.0026082164103925502989834994682638580343e-06
2847,-3.0026082183464434758604025971218121071615e-06
2848,-3.0026082203799116606855387767716081270919e-06
2849,-3.0026082164103925502989834994682638580343e-06
2850,-3.0026082183464434758604025971218121071615e-06
2851,-3.0026082203799116606855387767716081270919e-06
2852,-3.0026082180578318221600767068402149106987e-06
2853,-3.0026082159519461319929604925516031244115e-06
2854,-3.0026082165004579870970068816715681236929e-06
2855,-3.0026082162095254631212042084609237235782e-06
2856,-3.0026082151903724563695146504427313516317e-06
2857,-3.0026082151998439787857122368341933338343e-06
2858,-3.0026082159519461319929604925516031244115e-06
2859,-3.0026082159519461319929604925516031244115e-06
2860,-3.0026082165004579870970068816715681236929e-06
2861,-3.0026082162095254631212042084609237235782e-06
2862,-3.0026082151903724563695146504427313516317e-06
2863,-3.0026082151998439787857122368341933338343e-06
2864,-3.0026082159519461319929604925516031244115e-06
2865,-3.0026082159519461319929604925516031244115e-06
2866,-3.0026082165004579870970068816715681236929e-06
2867,-3.0026082162095254631212042084609237235782e-06
2868,-3.0026082151903724563695146504427313516317e-06
2869,-3.0026082151998439787857122368341933338343e-06
2870,-3.0026082159519461319929604925516031244115e-06
2871,-3.0026082159519461319929604925516031244115e-06
2872,-3.0026082159519461319929604925516031244115e-06
2873,-3.0026082165004579870970068816715681236929e-06
2874,-3.0026082162095254631212042084609237235782e-06
2875,-3.0026082151903724563695146504427313516317e-06
2876,-3.0026082151998439787857122368341933338343e-06
2877,-3.0026082159519461319929604925516031244115e-06
2878,-3.0026082159519461319929604925516031244115e-06
2879,-3.0026082165004579870970068816715681236929e-06
2880,-3.0026082162095254631212042084609237235782e-06
2881,-3.0026082151903724563695146504427313516317e-06
2882,-3.0026082151998439787857122368341933338343e-06
2883,-3.0026082159519461319929604925516031244115e-06
2884,-3.0026082159519461319929604925516031244115e-06
2885,-3.0026082165004579870970068816715681236929e-06
2886,-3.0026082162095254631212042084609237235782e-06
2887,-3.0026082151903724563695146504427313516317e-06
2888,-3.0026082151998439787857122368341933338343e-06
2889,-3.0026082159519461319929604925516031244115e-06
2890,-3.0026082159519461319929604925516031244115e-06
2891,-3.0026082165004579870970068816715681236929e-06
2892,-3.0026082162095254631212042084609237235782e-06
2893,-3.0026082151903724563695146504427313516317e-06
2894,-3.0026082151998439787857122368341933338343e-06
2895,-3.0026082159519461319929604925516031244115e-06
2896,-3.0026082159519461319929604925516031244115e-06
2897,-3.0026082159519461319929604925516031244115e-06
2898,-3.0026082165004579870970068816715681236929e-06
2899,-3.0026082162095254631212042084609237235782e-06
2900,-3.0026082151903724563695146504427313516317e-06
2901,-3.0026082151998439787857122368341933338343e-06
2902,-3.0026082159519461319929604925516031244115e-06
2903,-3.0026082159519461319929604925516031244115e-06
2904,-3.0026082165004579870970068816715681236929e-06
2905,-3.0026082162095254631212042084609237235782e-06
2906,-3.0026082151903724563695146504427313516317e-06
2907,-3.0026082151998439787857122368341933338343e-06
2908,-3.0026082159519461319929604925516031244115e-06
2909,-3.0026082159519461319929604925516031244115e-06
2910,-3.0026082165004579870970068816715681236929e-06
2911,-3.0026082162095254631212042084609237235782e-06
2912,-3.0026082151903724563695146504427313516317e-06
2913,-3.0026082151998439787857122368341933338343e-06
2914,-3.0026082159519461319929604925516031244115e-06
2915,-3.0026082159519461319929604925516031244115e-06
2916,-3.0026082165004579870970068816715681236929e-06
2917,-3.0026082162095254631212042084609237235782e-06
2918,-3.0026082151903724563695146504427313516317e-06
2919,-3.0026082151998439787857122368341933338343e-06
2920,-3.0026082159519461319929604925516031244115e-06
2921,-3.0026082159519461319929604925516031244115e-06
2922,-3.0026082159519461319929604925516031244115e-06
2923,-3.0026082165004579870970068816715681236929e-06
2924,-3.0026082162095254631212042084609237235782e-06
2925,-3.0026082151903724563695146504427313516317e-06
2926,-3.0026082151998439787857122368341933338343e-06
2927,-3.0026082159519461319929604925516031244115e-06
2928,-3.0026082159519461319929604925516031244115e-06
2929,-3.0026082165004579870970068816715681236929e-06
2930,-3.0026082162095254631212042084609237235782e-06
2931,-3.0026082151903724563695146504427313516317e-06
2932,-3.0026082151998439787857122368341933338343e-06
2933,-3.0026082159519461319929604925516031244115e-06
2934,-3.0026082159519461319929604925516031244115e-06
2935,-3.0026082165004579870970068816715681236929e-06
2936,-3.0026082162095254631212042084609237235782e-06
2937,-3.0026082151903724563695146504427313516317e-06
2938,-3.0026082151998439787857122368341933338343e-06
2939,-3.0026082159519461319929604925516031244115e-06
2940,-3.0026082159519461319929604925516031244115e-06
2941,-3.0026082165004579870970068816715681236929e-06
2942,-3.0026082162095254631212042084609237235782e-06
2943,-3.0026082151903724563695146504427313516317e-06
2944,-3.0026082151998439787857122368341933338343e-06
2945,-3.0026082159519461319929604925516031244115e-06
2946,-3.0026082159519461319929604925516031244115e-06
2947,-3.0026082159519461319929604925516031244115e-06
2948,-3.0026082165004579870970068816715681236929e-06
2949,-3.0026082162095254631212042084609237235782e-06
2950,-3.0026082151903724563695146504427313516317e-06
2951,-3.0026082151998439787857122368341933338343e-06
2952,-3.0026082159519461319929604925516031244115e-06
2953,-3.0026082159519461319929604925516031244115e-06
2954,-3.0026082165004579870970068816715681236929e-06
2955,-3.0026082162095254631212042084609237235782e-06
2956,-3.0026082151903724563695146504427313516317e-06
2957,-3.0026082151998439787857122368341933338343e-06
2958,-3.0026082159519461319929604925516031244115e-06
2959,-3.0026082159519461319929604925516031244115e-06
2960,-3.0026082165004579870970068816715681236929e-06
2961,-3.0026082162095254631212042084609237235782e-06
2962,-3.0026082151903724563695146504427313516317e-06
2963,-3.0026082151998439787857122368341933338343e-06
2964,-3.0026082159519461319929604925516031244115e-06
2965,-3.0026082159519461319929604925516031244115e-06
2966,-3.0026082165004579870970068816715681236929e-06
2967,-3.0026082162095254631212042084609237235782e-06
2968,-3.0026082153266769982416766610056058084410e-06
2969,-1.0114985793364514517038654982077558853684e-15
2970,1.0152732991209842010772009631452291140207e-16
2971,-3.0013660310928605300291333729534315466481e-06
2972,-3.0013660306744199013384045982011372188936e-06
2973,-3.0013660318567491466974252178889770448222e-06
2974,-3.0013660323338290192936219508146322709763e-06
2975,-3.0013660306744199013384045982011372188936e-06
2976,-3.0013660318567491466974252178889770448222e-06
2977,-3.0013660323338290192936219508146322709763e-06
2978,-3.0013660306744199013384045982011372188936e-06
2979,-3.0013660318567491466974252178889770448222e-06
2980,-3.0013660323338290192936219508146322709763e-06
2981,-3.0013660306744199013384045982011372188936e-06
2982,-3.0013660320188373714840081307730912385523e-06
2983,-3.0013660320823800891211312336093186559083e-06
2984,-3.0013660323338290192936219508146322709763e-06
2985,-3.0013660319977331220866936106750344492866e-06
2986,-3.0013660315441215678435981500937757004976e-06
2987,-3.0013660306744199013384045982011372188936e-06
2988,-3.0013660320188373714840081307730912385523e-06
2989,-3.0013660320823800891211312336093186559083e-06
2990,-3.0013660323338290192936219508146322709763e-06
2991,-3.0013660306744199013384045982011372188936e-06
2992,-3.0013660318567491466974252178889770448222e-06
2993,-3.0013660323338290192936219508146322709763e-06
2994,-3.0013660306744199013384045982011372188936e-06
2995,-3.0013660318567491466974252178889770448222e-06
2996,-3.0013660323338290192936219508146322709763e-06
2997,-3.0013660306744199013384045982011372188936e-06
2998,-3.0013660318567491466974252178889770448222e-06
2999,-3.0013660323338290192936219508146322709763e-06
3000,-3.0013660306744199013384045982011372188936e-06
3001,-3.0013660320188373714840081307730912385523e-06
3002,-3.0013660320823800891211312336093186559083e-06
3003,-3.0013660323338290192936219508146322709763e-06
3004,-3.0013660319977331220866936106750344492866e-06
3005,-3.0013660315441215678435981500937757004976e-06
3006,-3.0013660306744199013384045982011372188936e-06
3007,-3.0013660320188373714840081307730912385523e-06
3008,-3.0013660320823800891211312336093186559083e-06
3009,-3.0013660323338290192936219508146322709763e-06
3010,-3.0013660319977331220866936106750344492866e-06
3011,-3.0013660315441215678435981500937757004976e-06
3012,-3.0013660306744199013384045982011372188936e-06
3013,-3.0013660320188373714840081307730912385523e-06
3014,-3.0013660320823800891211312336093186559083e-06
3015,-3.0013660323338290192936219508146322709763e-06
3016,-3.0013660319977331220866936106750344492866e-06
3017,-3.0013660315441215678435981500937757004976e-06
3018,-3.0013660306744199013384045982011372188936e-06
3019,-3.0013660320188373714840081307730912385523e-06
3020,-3.0013660320823800891211312336093186559083e-06
3021,-3.0013660323338290192936219508146322709763e-06
3022,-3.0013660319977331220866936106750344492866e-06
3023,-3.0013660315441215678435981500937757004976e-06
3024,-3.0013660306744199013384045982011372188936e-06
3025,-3.0013660320188373714840081307730912385523e-06
3026,-3.0013660328837549959031093943506718346725e-06
3027,-3.0013660320823800891211312336093186559083e-06
3028,-3.0013660323338290192936219508146322709763e-06
3029,-3.0013660300162393024215549269806402321592e-06
3030,-3.0013660327497196552966416543961614138425e-06
3031,-3.0013660326322772666104120309338298966395e-06
3032,-3.0013660309939897622279279115753425344337e-06
3033,-3.0013660326745094823275641915394373882009e-06
3034,-3.0013660326322772666104120309338298966395e-06
3035,-3.0013660309939897622279279115753425344337e-06
3036,-3.0013660326745094823275641915394373882009e-06
3037,-3.0013660326322772666104120309338298966395e-06
3038,-3.0013660309939897622279279115753425344337e-06
3039,-3.0013660328391231358463858008844837854667e-06
3040,-3.0013660316332764442233231594325815194679e-06
3041,-3.0013660326745094823275641915394373882009e-06
3042,-3.0013660326322772666104120309338298966395e-06
3043,-3.0013660309939897622279279115753425344337e-06
3044,-3.0013660326745094823275641915394373882009e-06
3045,-3.0013660326322772666104120309338298966395e-06
3046,-3.0013660309939897622279279115753425344337e-06
3047,-3.0013660326745094823275641915394373882009e-06
3048,-3.0013660326322772666104120309338298966395e-06
3049,-3.0013660309939897622279279115753425344337e-06
3050,-3.0013660326745094823275641915394373882009e-06
3051,-3.0013660326322772666104120309338298966395e-06
3052,-3.0013660309939897622279279115753425344337e-06
3053,-3.0013660328391231358463858008844837854667e-06
3054,-3.0013660316332764442233231594325815194679e-06
3055,-3.0013660326745094823275641915394373882009e-06
3056,-3.0013660326322772666104120309338298966395e-06
3057,-3.0013660309939897622279279115753425344337e-06
3058,-3.0013660326745094823275641915394373882009e-06
3059,-3.0013660326322772666104120309338298966395e-06
3060,-3.0013660309939897622279279115753425344337e-06
3061,-3.0013660326745094823275641915394373882009e-06
3062,-3.0013660326322772666104120309338298966395e-06
3063,-3.0013660309939897622279279115753425344337e-06
3064,-3.0013660326745094823275641915394373882009e-06
3065,-3.0013660326322772666104120309338298966395e-06
3066,-3.0013660309939897622279279115753425344337e-06
3067,-3.0013660328391231358463858008844837854667e-06
3068,-3.0013660316332764442233231594325815194679e-06
3069,-3.0013660326745094823275641915394373882009e-06
3070,-3.0013660326322772666104120309338298966395e-06
3071,-3.0013660309939897622279279115753425344337e-06
3072,-3.0013660326745094823275641915394373882009e-06
3073,-3.0013660326322772666104120309338298966395e-06
3074,-3.0013660309939897622279279115753425344337e-06
3075,-3.0013660328391231358463858008844837854667e-06
3076,-3.0013660319789480488989613649053467270278e-06
3077,-3.0013660319953830291745365543842893885085e-06
3078,-3.0013660306744199013384045982011372188936e-06
3079,-3.0013660318567491466974252178889770448222e-06
3080,-3.0013660323338290192936219508146322709763e-06
3081,-3.0013660306744199013384045982011372188936e-06
3082,-3.0013660318567491466974252178889770448222e-06
3083,-3.0013660323338290192936219508146322709763e-06
3084,-3.0013660306744199013384045982011372188936e-06
3085,-3.0013660320188373714840081307730912385523e-06
3086,-3.0013660320823800891211312336093186559083e-06
3087,-3.0013660323338290192936219508146322709763e-06
3088,-3.0013660306744199013384045982011372188936e-06
3089,-3.0013660318567491466974252178889770448222e-06
3090,-3.0013660323338290192936219508146322709763e-06
3091,-3.0013660306744199013384045982011372188936e-06
3092,-3.0013660318567491466974252178889770448222e-06
3093,-3.0013660323338290192936219508146322709763e-06
3094,-3.0013660306744199013384045982011372188936e-06
3095,-3.0013660318567491466974252178889770448222e-06
3096,-3.0013660323338290192936219508146322709763e-06
3097,-3.0013660306744199013384045982011372188936e-06
3098,-3.0013660318567491466974252178889770448222e-06
3099,-3.0013660323338290192936219508146322709763e-06
3100,-3.0013660306744199013384045982011372188936e-06
3101,-3.0013660318567491466974252178889770448222e-06
3102,-3.0013660323338290192936219508146322709763e-06
3103,-3.0013660306744199013384045982011372188936e-06
3104,-3.0013660318567491466974252178889770448222e-06
3105,-3.0013660323338290192936219508146322709763e-06
3106,-3.0013660306744199013384045982011372188936e-06
3107,-3.0013660318567491466974252178889770448222e-06
3108,-3.0013660323338290192936219508146322709763e-06
3109,-3.0013660306744199013384045982011372188936e-06
3110,-3.0013660320188373714840081307730912385523e-06
3111,-3.0013660320823800891211312336093186559083e-06
3112,-3.0013660323338290192936219508146322709763e-06
3113,-3.0013660306744199013384045982011372188936e-06
3114,-3.0013660318567491466974252178889770448222e-06
3115,-3.0013660323338290192936219508146322709763e-06
3116,-3.0013660306744199013384045982011372188936e-06
3117,-3.0013660318567491466974252178889770448222e-06
3118,-3.0013660323338290192936219508146322709763e-06
3119,-3.0013660306744199013384045982011372188936e-06
3120,-3.0013660318567491466974252178889770448222e-06
3121,-3.0013660323338290192936219508146322709763e-06
3122,-3.0013660306744199013384045982011372188936e-06
3123,-3.0013660318567491466974252178889770448222e-06
3124,-3.0013660323338290192936219508146322709763e-06
3125,-3.0013660306744199013384045982011372188936e-06
3126,-3.0013660318567491466974252178889770448222e-06
3127,-3.0013660323338290192936219508146322709763e-06
3128,-3.0013660306744199013384045982011372188936e-06
3129,-3.0013660318567491466974252178889770448222e-06
3130,-3.0013660323338290192936219508146322709763e-06
3131,-3.0013660306744199013384045982011372188936e-06
3132,-3.0013660318567491466974252178889770448222e-06
3133,-3.0013660323338290192936219508146322709763e-06
3134,-3.0013660306744199013384045982011372188936e-06
3135,-3.0013660320188373714840081307730912385523e-06
3136,-3.0013660320823800891211312336093186559083e-06
3137,-3.0013660323338290192936219508146322709763e-06
3138,-3.0013660306744199013384045982011372188936e-06
3139,-3.0013660318567491466974252178889770448222e-06
3140,-3.0013660323338290192936219508146322709763e-06
3141,-3.0013660306744199013384045982011372188936e-06
3142,-3.0013660318567491466974252178889770448222e-06
3143,-3.0013660323338290192936219508146322709763e-06
3144,-3.0013660306744199013384045982011372188936e-06
3145,-3.0013660318567491466974252178889770448222e-06
3146,-3.0013660323338290192936219508146322709763e-06
3147,-3.0013660306744199013384045982011372188936e-06
3148,-3.0013660318567491466974252178889770448222e-06
3149,-3.0013660323338290192936219508146322709763e-06
3150,-3.0013660306744199013384045982011372188936e-06
3151,-3.0013660318567491466974252178889770448222e-06
3152,-3.0013660323338290192936219508146322709763e-06
3153,-3.0013660306744199013384045982011372188936e-06
3154,-3.0013660318567491466974252178889770448222e-06
3155,-3.0013660323338290192936219508146322709763e-06
3156,-3.0013660306744199013384045982011372188936e-06
3157,-3.0013660318567491466974252178889770448222e-06
3158,-3.0013660323338290192936219508146322709763e-06
3159,-3.0013660306744199013384045982011372188936e-06
3160,-3.0013660318567491466974252178889770448222e-06
3161,-3.0013660323338290192936219508146322709763e-06
3162,-3.0013660306744199013384045982011372188936e-06
3163,-3.0013660320188373714840081307730912385523e-06
3164,-3.0013660320823800891211312336093186559083e-06
3165,-3.0013660323338290192936219508146322709763e-06
3166,-3.0013660306744199013384045982011372188936e-06
3167,-3.0013660318567491466974252178889770448222e-06
3168,-3.0013660323338290192936219508146322709763e-06
3169,-3.0013660306744199013384045982011372188936e-06
3170,-3.0013660318567491466974252178889770448222e-06
3171,-3.0013660323338290192936219508146322709763e-06
3172,-3.0013660306744199013384045982011372188936e-06
3173,-3.0013660318567491466974252178889770448222e-06
3174,-3.0013660323338290192936219508146322709763e-06
3175,-3.0013660306744199013384045982011372188936e-06
3176,-3.0013660318567491466974252178889770448222e-06
3177,-3.0013660323338290192936219508146322709763e-06
3178,-3.0013660306744199013384045982011372188936e-06
3179,-3.0013660318567491466974252178889770448222e-06
3180,-3.0013660323338290192936219508146322709763e-06
3181,-3.0013660306744199013384045982011372188936e-06
3182,-3.0013660320188373714840081307730912385523e-06
3183,-3.0013660328837549959031093943506718346725e-06
3184,-3.0013660334080442498145245566743000154020e-06
3185,-3.0013660325747857523484736497199065752284e-06
3186,-3.0013660310386843027227483232666216395046e-06
3187,-3.0013660322820731886340160643467100953785e-06
3188,-3.0013660328837549959031093943506718346725e-06
3189,-3.0013660328837549959031093943506718346725e-06
3190,-3.0013660334080442498145245566743000154020e-06
3191,-3.0013660325747857523484736497199065752284e-06
3192,-3.0013660310386843027227483232666216395046e-06
3193,-3.0013660322820731886340160643467100953785e-06
3194,-3.0013660328837549959031093943506718346725e-06
3195,-3.0013660328837549959031093943506718346725e-06
3196,-3.0013660334080442498145245566743000154020e-06
3197,-3.0013660325747857523484736497199065752284e-06
3198,-3.0013660310386843027227483232666216395046e-06
3199,-3.0013660322820731886340160643467100953785e-06
3200,-3.0013660328837549959031093943506718346725e-06
3201,-3.0013660328837549959031093943506718346725e-06
3202,-3.0013660328837549959031093943506718346725e-06
3203,-3.0013660334080442498145245566743000154020e-06
3204,-3.0013660325747857523484736497199065752284e-06
3205,-3.0013660310386843027227483232666216395046e-06
3206,-3.0013660322820731886340160643467100953785e-06
3207,-3.0013660328837549959031093943506718346725e-06
3208,-3.0013660328837549959031093943506718346725e-06
3209,-3.0013660334080442498145245566743000154020e-06
3210,-3.0013660325747857523484736497199065752284e-06
3211,-3.0013660310386843027227483232666216395046e-06
3212,-3.0013660322820731886340160643467100953785e-06
3213,-3.0013660328837549959031093943506718346725e-06
3214,-3.0013660328837549959031093943506718346725e-06
3215,-3.0013660334080442498145245566743000154020e-06
3216,-3.0013660325747857523484736497199065752284e-06
3217,-3.0013660310386843027227483232666216395046e-06
3218,-3.0013660322820731886340160643467100953785e-06
3219,-3.0013660328837549959031093943506718346725e-06
3220,-3.0013660328837549959031093943506718346725e-06
3221,-3.0013660334080442498145245566743000154020e-06
3222,-3.0013660325747857523484736497199065752284e-06
3223,-3.0013660310386843027227483232666216395046e-06
3224,-3.0013660322820731886340160643467100953785e-06
3225,-3.0013660328837549959031093943506718346725e-06
3226,-3.0013660328837549959031093943506718346725e-06
3227,-3.0013660328837549959031093943506718346725e-06
3228,-3.0013660334080442498145245566743000154020e-06
3229,-3.0013660325747857523484736497199065752284e-06
3230,-3.0013660310386843027227483232666216395046e-06
3231,-3.0013660322820731886340160643467100953785e-06
3232,-3.0013660328837549959031093943506718346725e-06
3233,-3.0013660328837549959031093943506718346725e-06
3234,-3.0013660334080442498145245566743000154020e-06
3235,-3.0013660325747857523484736497199065752284e-06
3236,-3.0013660310386843027227483232666216395046e-06
3237,-3.0013660322820731886340160643467100953785e-06
3238,-3.0013660328837549959031093943506718346725e-06
3239,-3.0013660328837549959031093943506718346725e-06
3240,-3.0013660334080442498145245566743000154020e-06
3241,-3.0013660325747857523484736497199065752284e-06
3242,-3.0013660310386843027227483232666216395046e-06
3243,-3.0013660322820731886340160643467100953785e-06
3244,-3.0013660328837549959031093943506718346725e-06
3245,-3.0013660328837549959031093943506718346725e-06
3246,-3.0013660334080442498145245566743000154020e-06
3247,-3.0013660325747857523484736497199065752284e-06
3248,-3.0013660310386843027227483232666216395046e-06
3249,-3.0013660322820731886340160643467100953785e-06
3250,-3.0013660328837549959031093943506718346725e-06
3251,-3.0013660328837549959031093943506718346725e-06
3252,-3.0013660328837549959031093943506718346725e-06
3253,-3.0013660334080442498145245566743000154020e-06
3254,-3.0013660325747857523484736497199065752284e-06
3255,-3.0013660310386843027227483232666216395046e-06
3256,-3.0013660322820731886340160643467100953785e-06
3257,-3.0013660328837549959031093943506718346725e-06
3258,-3.0013660328837549959031093943506718346725e-06
3259,-3.0013660334080442498145245566743000154020e-06
3260,-3.0013660325747857523484736497199065752284e-06
3261,-3.0013660310386843027227483232666216395046e-06
3262,-3.0013660322820731886340160643467100953785e-06
3263,-3.0013660328837549959031093943506718346725e-06
3264,-3.0013660328837549959031093943506718346725e-06
3265,-3.0013660334080442498145245566743000154020e-06
3266,-3.0013660325747857523484736497199065752284e-06
3267,-3.0013660310386843027227483232666216395046e-06
3268,-3.0013660322820731886340160643467100953785e-06
3269,-3.0013660328837549959031093943506718346725e-06
3270,-3.0013660328837549959031093943506718346725e-06
3271,-3.0013660334080442498145245566743000154020e-06
3272,-3.0013660325747857523484736497199065752284e-06
3273,-3.0013660310386843027227483232666216395046e-06
3274,-3.0013660322820731886340160643467100953785e-06
3275,-3.0013660328837549959031093943506718346725e-06
3276,-3.0013660328837549959031093943506718346725e-06
3277,-3.0013660328837549959031093943506718346725e-06
3278,-3.0013660334080442498145245566743000154020e-06
3279,-3.0013660325747857523484736497199065752284e-06
3280,-3.0013660310386843027227483232666216395046e-06
3281,-3.0013660322820731886340160643467100953785e-06
3282,-3.0013660328837549959031093943506718346725e-06
3283,-3.0013660328837549959031093943506718346725e-06
3284,-3.0013660334080442498145245566743000154020e-06
3285,-3.0013660325747857523484736497199065752284e-06
3286,-3.0013660310386843027227483232666216395046e-06
3287,-3.0013660322820731886340160643467100953785e-06
3288,-3.0013660328837549959031093943506718346725e-06
3289,-3.0013660328837549959031093943506718346725e-06
3290,-3.0013660334080442498145245566743000154020e-06
3291,-3.0013660325747857523484736497199065752284e-06
3292,-3.0013660310386843027227483232666216395046e-06
3293,-3.0013660322820731886340160643467100953785e-06
3294,-3.0013660328837549959031093943506718346725e-06
3295,-3.0013660328837549959031093943506718346725e-06
3296,-3.0013660334080442498145245566743000154020e-06
3297,-3.0013660325747857523484736497199065752284e-06
3298,-3.0013660306715886937122070993178013509350e-06
3299,2.0941982778713722499133358663993432626784e-16
3300,4.2104811614129176482207210744310748343676e-17
3301,-3.0005390230414712654874193759058087493941e-06
3302,-3.0005390240626673157078863063418339152122e-06
3303,-3.0005390240333409174915742928524409194324e-06
3304,-3.0005390232012928301071497810825761121123e-06
3305,-3.0005390240626673157078863063418339152122e-06
3306,-3.0005390240333409174915742928524409194324e-06
3307,-3.0005390232012928301071497810825761121123e-06
3308,-3.0005390240626673157078863063418339152122e-06
3309,-3.0005390240333409174915742928524409194324e-06
3310,-3.0005390232012928301071497810825761121123e-06
3311,-3.0005390240626673157078863063418339152122e-06
3312,-3.0005390239240334332307749698465215715260e-06
3313,-3.0005390235961817076994727349070757327354e-06
3314,-3.0005390232012928301071497810825761121123e-06
3315,-3.0005390238758347174331635176525168162698e-06
3316,-3.0005390233470125667045169670643645076780e-06
3317,-3.0005390240626673157078863063418339152122e-06
3318,-3.0005390239240334332307749698465215715260e-06
3319,-3.0005390235961817076994727349070757327354e-06
3320,-3.0005390232012928301071497810825761121123e-06
3321,-3.0005390240626673157078863063418339152122e-06
3322,-3.0005390240333409174915742928524409194324e-06
3323,-3.0005390232012928301071497810825761121123e-06
3324,-3.0005390240626673157078863063418339152122e-06
3325,-3.0005390240333409174915742928524409194324e-06
3326,-3.0005390232012928301071497810825761121123e-06
3327,-3.0005390240626673157078863063418339152122e-06
3328,-3.0005390240333409174915742928524409194324e-06
3329,-3.0005390232012928301071497810825761121123e-06
3330,-3.0005390240626673157078863063418339152122e-06
3331,-3.0005390239240334332307749698465215715260e-06
3332,-3.0005390235961817076994727349070757327354e-06
3333,-3.0005390232012928301071497810825761121123e-06
3334,-3.0005390238758347174331635176525168162698e-06
3335,-3.0005390233470125667045169670643645076780e-06
3336,-3.0005390240626673157078863063418339152122e-06
3337,-3.0005390239240334332307749698465215715260e-06
3338,-3.0005390235961817076994727349070757327354e-06
3339,-3.0005390232012928301071497810825761121123e-06
3340,-3.0005390238758347174331635176525168162698e-06
3341,-3.0005390233470125667045169670643645076780e-06
3342,-3.0005390240626673157078863063418339152122e-06
3343,-3.0005390239240334332307749698465215715260e-06
3344,-3.0005390235961817076994727349070757327354e-06
3345,-3.0005390232012928301071497810825761121123e-06
3346,-3.0005390238758347174331635176525168162698e-06
3347,-3.0005390233470125667045169670643645076780e-06
3348,-3.0005390240626673157078863063418339152122e-06
3349,-3.0005390239240334332307749698465215715260e-06
3350,-3.0005390235961817076994727349070757327354e-06
3351,-3.0005390232012928301071497810825761121123e-06
3352,-3.0005390238758347174331635176525168162698e-06
3353,-3.0005390233470125667045169670643645076780e-06
3354,-3.0005390240626673157078863063418339152122e-06
3355,-3.0005390239240334332307749698465215715260e-06
3356,-3.0005390237877149153149832633280524873953e-06
3357,-3.0005390235961817076994727349070757327354e-06
3358,-3.0005390232012928301071497810825761121123e-06
3359,-3.0005390239605367416091726701088404638540e-06
3360,-3.0005390236337692182503559396034020778643e-06
3361,-3.0005390233645313256361040338271450877983e-06
3362,-3.0005390234834386578046099697258952687662e-06
3363,-3.0005390231872083662602052750445480455710e-06
3364,-3.0005390233645313256361040338271450877983e-06
3365,-3.0005390234834386578046099697258952687662e-06
3366,-3.0005390231872083662602052750445480455710e-06
3367,-3.0005390233645313256361040338271450877983e-06
3368,-3.0005390234834386578046099697258952687662e-06
3369,-3.0005390233527973782177902112300316161964e-06
3370,-3.0005390233330183118664550440124472174830e-06
3371,-3.0005390231872083662602052750445480455710e-06
3372,-3.0005390233645313256361040338271450877983e-06
3373,-3.0005390234834386578046099697258952687662e-06
3374,-3.0005390231872083662602052750445480455710e-06
3375,-3.0005390233645313256361040338271450877983e-06
3376,-3.0005390234834386578046099697258952687662e-06
3377,-3.0005390231872083662602052750445480455710e-06
3378,-3.0005390233645313256361040338271450877983e-06
3379,-3.0005390234834386578046099697258952687662e-06
3380,-3.0005390231872083662602052750445480455710e-06
3381,-3.0005390233645313256361040338271450877983e-06
3382,-3.0005390234834386578046099697258952687662e-06
3383,-3.0005390233527973782177902112300316161964e-06
3384,-3.0005390233330183118664550440124472174830e-06
3385,-3.0005390231872083662602052750445480455710e-06
3386,-3.0005390233645313256361040338271450877983e-06
3387,-3.0005390234834386578046099697258952687662e-06
3388,-3.0005390231872083662602052750445480455710e-06
3389,-3.0005390233645313256361040338271450877983e-06
3390,-3.0005390234834386578046099697258952687662e-06
3391,-3.0005390231872083662602052750445480455710e-06
3392,-3.0005390233645313256361040338271450877983e-06
3393,-3.0005390234834386578046099697258952687662e-06
3394,-3.0005390231872083662602052750445480455710e-06
3395,-3.0005390233645313256361040338271450877983e-06
3396,-3.0005390234834386578046099697258952687662e-06
3397,-3.0005390233527973782177902112300316161964e-06
3398,-3.0005390233330183118664550440124472174830e-06
3399,-3.0005390231872083662602052750445480455710e-06
3400,-3.0005390233645313256361040338271450877983e-06
3401,-3.0005390234834386578046099697258952687662e-06
3402,-3.0005390231872083662602052750445480455710e-06
3403,-3.0005390233645313256361040338271450877983e-06
3404,-3.0005390234834386578046099697258952687662e-06
3405,-3.0005390233527973782177902112300316161964e-06
3406,-3.0005390231213989884562296645009737972032e-06
3407,-3.0005390231965922207663620413509164563948e-06
3408,-3.0005390240626673157078863063418339152122e-06
3409,-3.0005390240333409174915742928524409194324e-06
3410,-3.0005390232012928301071497810825761121123e-06
3411,-3.0005390240626673157078863063418339152122e-06
3412,-3.0005390240333409174915742928524409194324e-06
3413,-3.0005390232012928301071497810825761121123e-06
3414,-3.0005390240626673157078863063418339152122e-06
3415,-3.0005390239240334332307749698465215715260e-06
3416,-3.0005390235961817076994727349070757327354e-06
3417,-3.0005390232012928301071497810825761121123e-06
3418,-3.0005390240626673157078863063418339152122e-06
3419,-3.0005390240333409174915742928524409194324e-06
3420,-3.0005390232012928301071497810825761121123e-06
3421,-3.0005390240626673157078863063418339152122e-06
3422,-3.0005390240333409174915742928524409194324e-06
3423,-3.0005390232012928301071497810825761121123e-06
3424,-3.0005390240626673157078863063418339152122e-06
3425,-3.0005390240333409174915742928524409194324e-06
3426,-3.0005390232012928301071497810825761121123e-06
3427,-3.0005390240626673157078863063418339152122e-06
3428,-3.0005390240333409174915742928524409194324e-06
3429,-3.0005390232012928301071497810825761121123e-06
3430,-3.0005390240626673157078863063418339152122e-06
3431,-3.0005390240333409174915742928524409194324e-06
3432,-3.0005390232012928301071497810825761121123e-06
3433,-3.0005390240626673157078863063418339152122e-06
3434,-3.0005390240333409174915742928524409194324e-06
3435,-3.0005390232012928301071497810825761121123e-06
3436,-3.0005390240626673157078863063418339152122e-06
3437,-3.0005390240333409174915742928524409194324e-06
3438,-3.0005390232012928301071497810825761121123e-06
3439,-3.0005390240626673157078863063418339152122e-06
3440,-3.0005390239240334332307749698465215715260e-06
3441,-3.0005390235961817076994727349070757327354e-06
3442,-3.0005390232012928301071497810825761121123e-06
3443,-3.0005390240626673157078863063418339152122e-06
3444,-3.0005390240333409174915742928524409194324e-06
3445,-3.0005390232012928301071497810825761121123e-06
3446,-3.0005390240626673157078863063418339152122e-06
3447,-3.0005390240333409174915742928524409194324e-06
3448,-3.0005390232012928301071497810825761121123e-06
3449,-3.0005390240626673157078863063418339152122e-06
3450,-3.0005390240333409174915742928524409194324e-06
3451,-3.0005390232012928301071497810825761121123e-06
3452,-3.0005390240626673157078863063418339152122e-06
3453,-3.0005390240333409174915742928524409194324e-06
3454,-3.0005390232012928301071497810825761121123e-06
3455,-3.0005390240626673157078863063418339152122e-06
3456,-3.0005390240333409174915742928524409194324e-06
3457,-3.0005390232012928301071497810825761121123e-06
3458,-3.0005390240626673157078863063418339152122e-06
3459,-3.0005390240333409174915742928524409194324e-06
3460,-3.0005390232012928301071497810825761121123e-06
3461,-3.0005390240626673157078863063418339152122e-06
3462,-3.0005390240333409174915742928524409194324e-06
3463,-3.0005390232012928301071497810825761121123e-06
3464,-3.0005390240626673157078863063418339152122e-06
3465,-3.0005390239240334332307749698465215715260e-06
3466,-3.0005390235961817076994727349070757327354e-06
3467,-3.0005390232012928301071497810825761121123e-06
3468,-3.0005390240626673157078863063418339152122e-06
3469,-3.0005390240333409174915742928524409194324e-06
3470,-3.0005390232012928301071497810825761121123e-06
3471,-3.0005390240626673157078863063418339152122e-06
3472,-3.0005390240333409174915742928524409194324e-06
3473,-3.0005390232012928301071497810825761121123e-06
3474,-3.0005390240626673157078863063418339152122e-06
3475,-3.0005390240333409174915742928524409194324e-06
3476,-3.0005390232012928301071497810825761121123e-06
3477,-3.0005390240626673157078863063418339152122e-06
3478,-3.0005390240333409174915742928524409194324e-06
3479,-3.0005390232012928301071497810825761121123e-06
3480,-3.0005390240626673157078863063418339152122e-06
3481,-3.0005390240333409174915742928524409194324e-06
3482,-3.0005390232012928301071497810825761121123e-06
3483,-3.0005390240626673157078863063418339152122e-06
3484,-3.0005390240333409174915742928524409194324e-06
3485,-3.0005390232012928301071497810825761121123e-06
3486,-3.0005390240626673157078863063418339152122e-06
3487,-3.0005390240333409174915742928524409194324e-06
3488,-3.0005390232012928301071497810825761121123e-06
3489,-3.0005390240626673157078863063418339152122e-06
3490,-3.0005390240333409174915742928524409194324e-06
3491,-3.0005390232012928301071497810825761121123e-06
3492,-3.0005390240626673157078863063418339152122e-06
3493,-3.0005390239240334332307749698465215715260e-06
3494,-3.0005390235961817076994727349070757327354e-06
3495,-3.0005390232012928301071497810825761121123e-06
3496,-3.0005390240626673157078863063418339152122e-06
3497,-3.0005390240333409174915742928524409194324e-06
3498,-3.0005390232012928301071497810825761121123e-06
3499,-3.0005390240626673157078863063418339152122e-06
3500,-3.0005390240333409174915742928524409194324e-06
3501,-3.0005390232012928301071497810825761121123e-06
3502,-3.0005390240626673157078863063418339152122e-06
3503,-3.0005390240333409174915742928524409194324e-06
3504,-3.0005390232012928301071497810825761121123e-06
3505,-3.0005390240626673157078863063418339152122e-06
3506,-3.0005390240333409174915742928524409194324e-06
3507,-3.0005390232012928301071497810825761121123e-06
3508,-3.0005390240626673157078863063418339152122e-06
3509,-3.0005390240333409174915742928524409194324e-06
3510,-3.0005390232012928301071497810825761121123e-06
3511,-3.0005390240626673157078863063418339152122e-06
3512,-3.0005390239240334332307749698465215715260e-06
3513,-3.0005390237877149153149832633280524873953e-06
3514,-3.0005390238770624916902086259939963497345e-06
3515,-3.0005390230402790666141589481785700854743e-06
3516,-3.0005390238699054868023834152790385587650e-06
3517,-3.0005390237877149153149832633280524873953e-06
3518,-3.0005390237877149153149832633280524873953e-06
3519,-3.0005390237877149153149832633280524873953e-06
3520,-3.0005390238770624916902086259939963497345e-06
3521,-3.0005390230402790666141589481785700854743e-06
3522,-3.0005390238699054868023834152790385587650e-06
3523,-3.0005390237877149153149832633280524873953e-06
3524,-3.0005390237877149153149832633280524873953e-06
3525,-3.0005390237877149153149832633280524873953e-06
3526,-3.0005390238770624916902086259939963497345e-06
3527,-3.0005390230402790666141589481785700854743e-06
3528,-3.0005390238699054868023834152790385587650e-06
3529,-3.0005390237877149153149832633280524873953e-06
3530,-3.0005390237877149153149832633280524873953e-06
3531,-3.0005390237877149153149832633280524873953e-06
3532,-3.0005390237877149153149832633280524873953e-06
3533,-3.0005390238770624916902086259939963497345e-06
3534,-3.0005390230402790666141589481785700854743e-06
3535,-3.0005390238699054868023834152790385587650e-06
3536,-3.0005390237877149153149832633280524873953e-06
3537,-3.0005390237877149153149832633280524873953e-06
3538,-3.0005390237877149153149832633280524873953e-06
3539,-3.0005390238770624916902086259939963497345e-06
3540,-3.0005390230402790666141589481785700854743e-06
3541,-3.0005390238699054868023834152790385587650e-06
3542,-3.0005390237877149153149832633280524873953e-06
3543,-3.0005390237877149153149832633280524873953e-06
3544,-3.0005390237877149153149832633280524873953e-06
3545,-3.0005390238770624916902086259939963497345e-06
3546,-3.0005390230402790666141589481785700854743e-06
3547,-3.0005390238699054868023834152790385587650e-06
3548,-3.0005390237877149153149832633280524873953e-06
3549,-3.0005390237877149153149832633280524873953e-06
3550,-3.0005390237877149153149832633280524873953e-06
3551,-3.0005390238770624916902086259939963497345e-06
3552,-3.0005390230402790666141589481785700854743e-06
3553,-3.0005390238699054868023834152790385587650e-06
3554,-3.0005390237877149153149832633280524873953e-06
3555,-3.0005390237877149153149832633280524873953e-06
3556,-3.0005390237877149153149832633280524873953e-06
3557,-3.0005390237877149153149832633280524873953e-06
3558,-3.0005390238770624916902086259939963497345e-06
3559,-3.0005390230402790666141589481785700854743e-06
3560,-3.0005390238699054868023834152790385587650e-06
3561,-3.0005390237877149153149832633280524873953e-06
3562,-3.0005390237877149153149832633280524873953e-06
3563,-3.0005390237877149153149832633280524873953e-06
3564,-3.0005390238770624916902086259939963497345e-06
3565,-3.0005390230402790666141589481785700854743e-06
3566,-3.0005390238699054868023834152790385587650e-06
3567,-3.0005390237877149153149832633280524873953e-06
3568,-3.0005390237877149153149832633280524873953e-06
3569,-3.0005390237877149153149832633280524873953e-06
3570,-3.0005390238770624916902086259939963497345e-06
3571,-3.0005390230402790666141589481785700854743e-06
3572,-3.0005390238699054868023834152790385587650e-06
3573,-3.0005390237877149153149832633280524873953e-06
3574,-3.0005390237877149153149832633280524873953e-06
3575,-3.0005390237877149153149832633280524873953e-06
3576,-3.0005390238770624916902086259939963497345e-06
3577,-3.0005390230402790666141589481785700854743e-06
3578,-3.0005390238699054868023834152790385587650e-06
3579,-3.0005390237877149153149832633280524873953e-06
3580,-3.0005390237877149153149832633280524873953e-06
3581,-3.0005390237877149153149832633280524873953e-06
3582,-3.0005390237877149153149832633280524873953e-06
3583,-3.0005390238770624916902086259939963497345e-06
3584,-3.0005390230402790666141589481785700854743e-06
3585,-3.0005390238699054868023834152790385587650e-06
3586,-3.0005390237877149153149832633280524873953e-06
3587,-3.0005390237877149153149832633280524873953e-06
3588,-3.0005390237877149153149832633280524873953e-06
3589,-3.0005390238770624916902086259939963497345e-06
3590,-3.0005390230402790666141589481785700854743e-06
3591,-3.0005390238699054868023834152790385587650e-06
3592,-3.0005390237877149153149832633280524873953e-06
3593,-3.0005390237877149153149832633280524873953e-06
3594,-3.0005390237877149153149832633280524873953e-06
3595,-3.0005390238770624916902086259939963497345e-06
3596,-3.0005390230402790666141589481785700854743e-06
3597,-3.0005390238699054868023834152790385587650e-06
3598,-3.0005390237877149153149832633280524873953e-06
3599,-3.0005390237877149153149832633280524873953e-06
3600,-3.0005390237877149153149832633280524873953e-06
3601,-3.0005390238770624916902086259939963497345e-06
3602,-3.0005390230402790666141589481785700854743e-06
3603,-3.0005390238699054868023834152790385587650e-06
3604,-3.0005390237877149153149832633280524873953e-06
3605,-3.0005390237877149153149832633280524873953e-06
3606,-3.0005390237877149153149832633280524873953e-06
3607,-3.0005390237877149153149832633280524873953e-06
3608,-3.0005390238770624916902086259939963497345e-06
3609,-3.0005390230402790666141589481785700854743e-06
3610,-3.0005390238699054868023834152790385587650e-06
3611,-3.0005390237877149153149832633280524873953e-06
3612,-3.0005390237877149153149832633280524873953e-06
3613,-3.0005390237877149153149832633280524873953e-06
3614,-3.0005390238770624916902086259939963497345e-06
3615,-3.0005390230402790666141589481785700854743e-06
3616,-3.0005390238699054868023834152790385587650e-06
3617,-3.0005390237877149153149832633280524873953e-06
3618,-3.0005390237877149153149832633280524873953e-06
3619,-3.0005390237877149153149832633280524873953e-06
3620,-3.0005390238770624916902086259939963497345e-06
3621,-3.0005390230402790666141589481785700854743e-06
3622,-3.0005390238699054868023834152790385587650e-06
3623,-3.0005390237877149153149832633280524873953e-06
3624,-3.0005390237877149153149832633280524873953e-06
3625,-3.0005390237877149153149832633280524873953e-06
3626,-3.0005390238770624916902086259939963497345e-06
3627,-3.0005390230402790666141589481785700854743e-06
3628,-3.0005390236794619870735155442442732010022e-06
3629,-8.2955354862879107033671954719064197598584e-17
3630,-1.8900766149954725116105877896391000321919e-17
3631,-3.0001204978570491150896993454155747826917e-06
3632,-3.0001204978986003163172590485485713429625e-06
3633,-3.0001204978012537843046377006306357770882e-06
3634,-3.0001204978946539898160012632688520284319e-06
3635,-3.0001204978986003163172590485485713429625e-06
3636,-3.0001204978012537843046377006306357770882e-06
3637,-3.0001204978946539898160012632688520284319e-06
3638,-3.0001204978986003163172590485485713429625e-06
3639,-3.0001204978012537843046377006306357770882e-06
3640,-3.0001204978946539898160012632688520284319e-06
3641,-3.0001204978986003163172590485485713429625e-06
3642,-3.0001204977106110945530605127462564496454e-06
3643,-3.0001204978764639572737151634873598027298e-06
3644,-3.0001204978946539898160012632688520284319e-06
3645,-3.0001204978482238788122567901828219305571e-06
3646,-3.0001204977818389421206218825588507570501e-06
3647,-3.0001204978986003163172590485485713429625e-06
3648,-3.0001204977106110945530605127462564496454e-06
3649,-3.0001204978764639572737151634873598027298e-06
3650,-3.0001204978946539898160012632688520284319e-06
3651,-3.0001204978986003163172590485485713429625e-06
3652,-3.0001204978012537843046377006306357770882e-06
3653,-3.0001204978946539898160012632688520284319e-06
3654,-3.0001204978986003163172590485485713429625e-06
3655,-3.0001204978012537843046377006306357770882e-06
3656,-3.0001204978946539898160012632688520284319e-06
3657,-3.0001204978986003163172590485485713429625e-06
3658,-3.0001204978012537843046377006306357770882e-06
3659,-3.0001204978946539898160012632688520284319e-06
3660,-3.0001204978986003163172590485485713429625e-06
3661,-3.0001204977106110945530605127462564496454e-06
3662,-3.0001204978764639572737151634873598027298e-06
3663,-3.0001204978946539898160012632688520284319e-06
3664,-3.0001204978482238788122567901828219305571e-06
3665,-3.0001204977818389421206218825588507570501e-06
3666,-3.0001204978986003163172590485485713429625e-06
3667,-3.0001204977106110945530605127462564496454e-06
3668,-3.0001204978764639572737151634873598027298e-06
3669,-3.0001204978946539898160012632688520284319e-06
3670,-3.0001204978482238788122567901828219305571e-06
3671,-3.0001204977818389421206218825588507570501e-06
3672,-3.0001204978986003163172590485485713429625e-06
3673,-3.0001204977106110945530605127462564496454e-06
3674,-3.0001204978764639572737151634873598027298e-06
3675,-3.0001204978946539898160012632688520284319e-06
3676,-3.0001204978482238788122567901828219305571e-06
3677,-3.0001204977818389421206218825588507570501e-06
3678,-3.0001204978986003163172590485485713429625e-06
3679,-3.0001204977106110945530605127462564496454e-06
3680,-3.0001204978764639572737151634873598027298e-06
3681,-3.0001204978946539898160012632688520284319e-06
3682,-3.0001204978482238788122567901828219305571e-06
3683,-3.0001204977818389421206218825588507570501e-06
3684,-3.0001204978986003163172590485485713429625e-06
3685,-3.0001204977106110945530605127462564496454e-06
3686,-3.0001204977670184066425133895261723182557e-06
3687,-3.0001204978764639572737151634873598027298e-06
3688,-3.0001204978946539898160012632688520284319e-06
3689,-3.0001204979154291669133074876851807744060e-06
3690,-3.0001204979792827456420729187458462661198e-06
3691,-3.0001204977268271168117704655875499497597e-06
3692,-3.0001204977180200917426938778120870665589e-06
3693,-3.0001204979416774473992973737423994862183e-06
3694,-3.0001204977268271168117704655875499497597e-06
3695,-3.0001204977180200917426938778120870665589e-06
3696,-3.0001204979416774473992973737423994862183e-06
3697,-3.0001204977268271168117704655875499497597e-06
3698,-3.0001204977180200917426938778120870665589e-06
3699,-3.0001204978020550774727402687513944101738e-06
3700,-3.0001204976804152170163919599588098208187e-06
3701,-3.0001204979416774473992973737423994862183e-06
3702,-3.0001204977268271168117704655875499497597e-06
3703,-3.0001204977180200917426938778120870665589e-06
3704,-3.0001204979416774473992973737423994862183e-06
3705,-3.0001204977268271168117704655875499497597e-06
3706,-3.0001204977180200917426938778120870665589e-06
3707,-3.0001204979416774473992973737423994862183e-06
3708,-3.0001204977268271168117704655875499497597e-06
3709,-3.0001204977180200917426938778120870665589e-06
3710,-3.0001204979416774473992973737423994862183e-06
3711,-3.0001204977268271168117704655875499497597e-06
3712,-3.0001204977180200917426938778120870665589e-06
3713,-3.0001204978020550774727402687513944101738e-06
3714,-3.0001204976804152170163919599588098208187e-06
3715,-3.0001204979416774473992973737423994862183e-06
3716,-3.0001204977268271168117704655875499497597e-06
3717,-3.0001204977180200917426938778120870665589e-06
3718,-3.0001204979416774473992973737423994862183e-06
3719,-3.0001204977268271168117704655875499497597e-06
3720,-3.0001204977180200917426938778120870665589e-06
3721,-3.0001204979416774473992973737423994862183e-06
3722,-3.0001204977268271168117704655875499497597e-06
3723,-3.0001204977180200917426938778120870665589e-06
3724,-3.0001204979416774473992973737423994862183e-06
3725,-3.0001204977268271168117704655875499497597e-06
3726,-3.0001204977180200917426938778120870665589e-06
3727,-3.0001204978020550774727402687513944101738e-06
3728,-3.0001204976804152170163919599588098208187e-06
3729,-3.0001204979416774473992973737423994862183e-06
3730,-3.0001204977268271168117704655875499497597e-06
3731,-3.0001204977180200917426938778120870665589e-06
3732,-3.0001204979416774473992973737423994862183e-06
3733,-3.0001204977268271168117704655875499497597e-06
3734,-3.0001204977180200917426938778120870665589e-06
3735,-3.0001204978020550774727402687513944101738e-06
3736,-3.0001204978012355730962717331733458081544e-06
3737,-3.0001204978194438168469238004121280027903e-06
3738,-3.0001204978986003163172590485485713429625e-06
3739,-3.0001204978012537843046377006306357770882e-06
3740,-3.0001204978946539898160012632688520284319e-06
3741,-3.0001204978986003163172590485485713429625e-06
3742,-3.0001204978012537843046377006306357770882e-06
3743,-3.0001204978946539898160012632688520284319e-06
3744,-3.0001204978986003163172590485485713429625e-06
3745,-3.0001204977106110945530605127462564496454e-06
3746,-3.0001204978764639572737151634873598027298e-06
3747,-3.0001204978946539898160012632688520284319e-06
3748,-3.0001204978986003163172590485485713429625e-06
3749,-3.0001204978012537843046377006306357770882e-06
3750,-3.0001204978946539898160012632688520284319e-06
3751,-3.0001204978986003163172590485485713429625e-06
3752,-3.0001204978012537843046377006306357770882e-06
3753,-3.0001204978946539898160012632688520284319e-06
3754,-3.0001204978986003163172590485485713429625e-06
3755,-3.0001204978012537843046377006306357770882e-06
3756,-3.0001204978946539898160012632688520284319e-06
3757,-3.0001204978986003163172590485485713429625e-06
3758,-3.0001204978012537843046377006306357770882e-06
3759,-3.0001204978946539898160012632688520284319e-06
3760,-3.0001204978986003163172590485485713429625e-06
3761,-3.0001204978012537843046377006306357770882e-06
3762,-3.0001204978946539898160012632688520284319e-06
3763,-3.0001204978986003163172590485485713429625e-06
3764,-3.0001204978012537843046377006306357770882e-06
3765,-3.0001204978946539898160012632688520284319e-06
3766,-3.0001204978986003163172590485485713429625e-06
3767,-3.0001204978012537843046377006306357770882e-06
3768,-3.0001204978946539898160012632688520284319e-06
3769,-3.0001204978986003163172590485485713429625e-06
3770,-3.0001204977106110945530605127462564496454e-06
3771,-3.0001204978764639572737151634873598027298e-06
3772,-3.0001204978946539898160012632688520284319e-06
3773,-3.0001204978986003163172590485485713429625e-06
3774,-3.0001204978012537843046377006306357770882e-06
3775,-3.0001204978946539898160012632688520284319e-06
3776,-3.0001204978986003163172590485485713429625e-06
3777,-3.0001204978012537843046377006306357770882e-06
3778,-3.0001204978946539898160012632688520284319e-06
3779,-3.0001204978986003163172590485485713429625e-06
3780,-3.0001204978012537843046377006306357770882e-06
3781,-3.0001204978946539898160012632688520284319e-06
3782,-3.0001204978986003163172590485485713429625e-06
3783,-3.0001204978012537843046377006306357770882e-06
3784,-3.0001204978946539898160012632688520284319e-06
3785,-3.0001204978986003163172590485485713429625e-06
3786,-3.0001204978012537843046377006306357770882e-06
3787,-3.0001204978946539898160012632688520284319e-06
3788,-3.0001204978986003163172590485485713429625e-06
3789,-3.0001204978012537843046377006306357770882e-06
3790,-3.0001204978946539898160012632688520284319e-06
3791,-3.0001204978986003163172590485485713429625e-06
3792,-3.0001204978012537843046377006306357770882e-06
3793,-3.0001204978946539898160012632688520284319e-06
3794,-3.0001204978986003163172590485485713429625e-06
3795,-3.0001204977106110945530605127462564496454e-06
3796,-3.0001204978764639572737151634873598027298e-06
3797,-3.0001204978946539898160012632688520284319e-06
3798,-3.0001204978986003163172590485485713429625e-06
3799,-3.0001204978012537843046377006306357770882e-06
3800,-3.0001204978946539898160012632688520284319e-06
3801,-3.0001204978986003163172590485485713429625e-06
3802,-3.0001204978012537843046377006306357770882e-06
3803,-3.0001204978946539898160012632688520284319e-06
3804,-3.0001204978986003163172590485485713429625e-06
3805,-3.0001204978012537843046377006306357770882e-06
3806,-3.0001204978946539898160012632688520284319e-06
3807,-3.0001204978986003163172590485485713429625e-06
3808,-3.0001204978012537843046377006306357770882e-06
3809,-3.0001204978946539898160012632688520284319e-06
3810,-3.0001204978986003163172590485485713429625e-06
3811,-3.0001204978012537843046377006306357770882e-06
3812,-3.0001204978946539898160012632688520284319e-06
3813,-3.0001204978986003163172590485485713429625e-06
3814,-3.0001204978012537843046377006306357770882e-06
3815,-3.0001204978946539898160012632688520284319e-06
3816,-3.0001204978986003163172590485485713429625e-06
3817,-3.0001204978012537843046377006306357770882e-06
3818,-3.0001204978946539898160012632688520284319e-06
3819,-3.0001204978986003163172590485485713429625e-06
3820,-3.0001204978012537843046377006306357770882e-06
3821,-3.0001204978946539898160012632688520284319e-06
3822,-3.0001204978986003163172590485485713429625e-06
3823,-3.0001204977106110945530605127462564496454e-06
3824,-3.0001204978764639572737151634873598027298e-06
3825,-3.0001204978946539898160012632688520284319e-06
3826,-3.0001204978986003163172590485485713429625e-06
3827,-3.0001204978012537843046377006306357770882e-06
3828,-3.0001204978946539898160012632688520284319e-06
3829,-3.0001204978986003163172590485485713429625e-06
3830,-3.0001204978012537843046377006306357770882e-06
3831,-3.0001204978946539898160012632688520284319e-06
3832,-3.0001204978986003163172590485485713429625e-06
3833,-3.0001204978012537843046377006306357770882e-06
3834,-3.0001204978946539898160012632688520284319e-06
3835,-3.0001204978986003163172590485485713429625e-06
3836,-3.0001204978012537843046377006306357770882e-06
3837,-3.0001204978946539898160012632688520284319e-06
3838,-3.0001204978986003163172590485485713429625e-06
3839,-3.0001204978012537843046377006306357770882e-06
3840,-3.0001204978946539898160012632688520284319e-06
3841,-3.0001204978986003163172590485485713429625e-06
3842,-3.0001204977106110945530605127462564496454e-06
3843,-3.0001204977670184066425133895261723182557e-06
3844,-3.0001204979853314079184158774671331570971e-06
3845,-3.0001204979288533685778672666089050835581e-06
3846,-3.0001204978797635741197442904582004530312e-06
3847,-3.0001204977670184066425133895261723182557e-06
3848,-3.0001204977670184066425133895261723182557e-06
3849,-3.0001204977670184066425133895261723182557e-06
3850,-3.0001204979853314079184158774671331570971e-06
3851,-3.0001204979288533685778672666089050835581e-06
3852,-3.0001204978797635741197442904582004530312e-06
3853,-3.0001204977670184066425133895261723182557e-06
3854,-3.0001204977670184066425133895261723182557e-06
3855,-3.0001204977670184066425133895261723182557e-06
3856,-3.0001204979853314079184158774671331570971e-06
3857,-3.0001204979288533685778672666089050835581e-06
3858,-3.0001204978797635741197442904582004530312e-06
3859,-3.0001204977670184066425133895261723182557e-06
3860,-3.0001204977670184066425133895261723182557e-06
3861,-3.0001204977670184066425133895261723182557e-06
3862,-3.0001204977670184066425133895261723182557e-06
3863,-3.0001204979853314079184158774671331570971e-06
3864,-3.0001204979288533685778672666089050835581e-06
3865,-3.0001204978797635741197442904582004530312e-06
3866,-3.0001204977670184066425133895261723182557e-06
3867,-3.0001204977670184066425133895261723182557e-06
3868,-3.0001204977670184066425133895261723182557e-06
3869,-3.0001204979853314079184158774671331570971e-06
3870,-3.0001204979288533685778672666089050835581e-06
3871,-3.0001204978797635741197442904582004530312e-06
3872,-3.0001204977670184066425133895261723182557e-06
3873,-3.0001204977670184066425133895261723182557e-06
3874,-3.0001204977670184066425133895261723182557e-06
3875,-3.0001204979853314079184158774671331570971e-06
3876,-3.0001204979288533685778672666089050835581e-06
3877,-3.0001204978797635741197442904582004530312e-06
3878,-3.0001204977670184066425133895261723182557e-06
3879,-3.0001204977670184066425133895261723182557e-06
3880,-3.0001204977670184066425133895261723182557e-06
3881,-3.0001204979853314079184158774671331570971e-06
3882,-3.0001204979288533685778672666089050835581e-06
3883,-3.0001204978797635741197442904582004530312e-06
3884,-3.0001204977670184066425133895261723182557e-06
3885,-3.0001204977670184066425133895261723182557e-06
3886,-3.0001204977670184066425133895261723182557e-06
3887,-3.0001204977670184066425133895261723182557e-06
3888,-3.0001204979853314079184158774671331570971e-06
3889,-3.0001204979288533685778672666089050835581e-06
3890,-3.0001204978797635741197442904582004530312e-06
3891,-3.0001204977670184066425133895261723182557e-06
3892,-3.0001204977670184066425133895261723182557e-06
3893,-3.0001204977670184066425133895261723182557e-06
3894,-3.0001204979853314079184158774671331570971e-06
3895,-3.0001204979288533685778672666089050835581e-06
3896,-3.0001204978797635741197442904582004530312e-06
3897,-3.0001204977670184066425133895261723182557e-06
3898,-3.0001204977670184066425133895261723182557e-06
3899,-3.0001204977670184066425133895261723182557e-06
3900,-3.0001204979853314079184158774671331570971e-06
3901,-3.0001204979288533685778672666089050835581e-06
3902,-3.0001204978797635741197442904582004530312e-06
3903,-3.0001204977670184066425133895261723182557e-06
3904,-3.0001204977670184066425133895261723182557e-06
3905,-3.0001204977670184066425133895261723182557e-06
3906,-3.0001204979853314079184158774671331570971e-06
3907,-3.0001204979288533685778672666089050835581e-06
3908,-3.0001204978797635741197442904582004530312e-06
3909,-3.0001204977670184066425133895261723182557e-06
3910,-3.0001204977670184066425133895261723182557e-06
3911,-3.0001204977670184066425133895261723182557e-06
3912,-3.0001204977670184066425133895261723182557e-06
3913,-3.0001204979853314079184158774671331570971e-06
3914,-3.0001204979288533685778672666089050835581e-06
3915,-3.0001204978797635741197442904582004530312e-06
3916,-3.0001204977670184066425133895261723182557e-06
3917,-3.0001204977670184066425133895261723182557e-06
3918,-3.0001204977670184066425133895261723182557e-06
3919,-3.0001204979853314079184158774671331570971e-06
3920,-3.0001204979288533685778672666089050835581e-06
3921,-3.0001204978797635741197442904582004530312e-06
3922,-3.0001204977670184066425133895261723182557e-06
3923,-3.0001204977670184066425133895261723182557e-06
3924,-3.0001204977670184066425133895261723182557e-06
3925,-3.0001204979853314079184158774671331570971e-06
3926,-3.0001204979288533685778672666089050835581e-06
3927,-3.0001204978797635741197442904582004530312e-06
3928,-3.0001204977670184066425133895261723182557e-06
3929,-3.0001204977670184066425133895261723182557e-06
3930,-3.0001204977670184066425133895261723182557e-06
3931,-3.0001204979853314079184158774671331570971e-06
3932,-3.0001204979288533685778672666089050835581e-06
3933,-3.0001204978797635741197442904582004530312e-06
3934,-3.0001204977670184066425133895261723182557e-06
3935,-3.0001204977670184066425133895261723182557e-06
3936,-3.0001204977670184066425133895261723182557e-06
3937,-3.0001204977670184066425133895261723182557e-06
3938,-3.0001204979853314079184158774671331570971e-06
3939,-3.0001204979288533685778672666089050835581e-06
3940,-3.0001204978797635741197442904582004530312e-06
3941,-3.0001204977670184066425133895261723182557e-06
3942,-3.0001204977670184066425133895261723182557e-06
3943,-3.0001204977670184066425133895261723182557e-06
3944,-3.0001204979853314079184158774671331570971e-06
3945,-3.0001204979288533685778672666089050835581e-06
3946,-3.0001204978797635741197442904582004530312e-06
3947,-3.0001204977670184066425133895261723182557e-06
3948,-3.0001204977670184066425133895261723182557e-06
3949,-3.0001204977670184066425133895261723182557e-06
3950,-3.0001204979853314079184158774671331570971e-06
3951,-3.0001204979288533685778672666089050835581e-06
3952,-3.0001204978797635741197442904582004530312e-06
3953,-3.0001204977670184066425133895261723182557e-06
3954,-3.0001204977670184066425133895261723182557e-06
3955,-3.0001204977670184066425133895261723182557e-06
3956,-3.0001204979853314079184158774671331570971e-06
3957,-3.0001204979288533685778672666089050835581e-06
3958,-3.0001204979096003096867770199018821131176e-06
3959,1.0156570492470368359186996558748970806072e-16
3960,-7.2642561400923724911485597310647868501654e-17
3961,-3.0001204990977465538110665471682736438197e-06
3962,-3.0001204992507939724351306853833420973388e-06
3963,-3.0001204991631053100871028699314635446171e-06
3964,-3.0001204990977465538110665471682736438197e-06
3965,-3.0001204992507939724351306853833420973388e-06
3966,-3.0001204991631053100871028699314635446171e-06
3967,-3.0001204990977465538110665471682736438197e-06
3968,-3.0001204992507939724351306853833420973388e-06
3969,-3.0001204991631053100871028699314635446171e-06
3970,-3.0001204990977465538110665471682736438197e-06
3971,-3.0001204992507939724351306853833420973388e-06
3972,-3.0001204992132234025431925666937971186599e-06
3973,-3.0001204991631053100871028699314635446171e-06
3974,-3.0001204990977465538110665471682736438197e-06
3975,-3.0001204992758860529481184514777325489376e-06
3976,-3.0001204990977465538110665471682736438197e-06
3977,-3.0001204992507939724351306853833420973388e-06
3978,-3.0001204992132234025431925666937971186599e-06
3979,-3.0001204991631053100871028699314635446171e-06
3980,-3.0001204990977465538110665471682736438197e-06
3981,-3.0001204992507939724351306853833420973388e-06
3982,-3.0001204991631053100871028699314635446171e-06
3983,-3.0001204990977465538110665471682736438197e-06
3984,-3.0001204992507939724351306853833420973388e-06
3985,-3.0001204991631053100871028699314635446171e-06
3986,-3.0001204990977465538110665471682736438197e-06
3987,-3.0001204992507939724351306853833420973388e-06
3988,-3.0001204991631053100871028699314635446171e-06
3989,-3.0001204990977465538110665471682736438197e-06
3990,-3.0001204992507939724351306853833420973388e-06
3991,-3.0001204992132234025431925666937971186599e-06
3992,-3.0001204991631053100871028699314635446171e-06
3993,-3.0001204990977465538110665471682736438197e-06
3994,-3.0001204992758860529481184514777325489376e-06
3995,-3.0001204990977465538110665471682736438197e-06
3996,-3.0001204992507939724351306853833420973388e-06
3997,-3.0001204992132234025431925666937971186599e-06
3998,-3.0001204991631053100871028699314635446171e-06
3999,-3.0001204990977465538110665471682736438197e-06
4000,-3.0001204992758860529481184514777325489376e-06
4001,-3.0001204990977465538110665471682736438197e-06
4002,-3.0001204992507939724351306853833420973388e-06
4003,-3.0001204992132234025431925666937971186599e-06
4004,-3.0001204991631053100871028699314635446171e-06
4005,-3.0001204990977465538110665471682736438197e-06
4006,-3.0001204992758860529481184514777325489376e-06
4007,-3.0001204990977465538110665471682736438197e-06
4008,-3.0001204992507939724351306853833420973388e-06
4009,-3.0001204992132234025431925666937971186599e-06
4010,-3.0001204991631053100871028699314635446171e-06
4011,-3.0001204990977465538110665471682736438197e-06
4012,-3.0001204992758860529481184514777325489376e-06
4013,-3.0001204990977465538110665471682736438197e-06
4014,-3.0001204992507939724351306853833420973388e-06
4015,-3.0001204992132234025431925666937971186599e-06
4016,-3.0001204992132234025431925666937971186599e-06
4017,-3.0001204991631053100871028699314635446171e-06
4018,-3.0001204990977465538110665471682736438197e-06
4019,-3.0001204993721831111390917212755624632337e-06
4020,-3.0001204989750627252472273132077873469825e-06
4021,-3.0001204990426529898228050902142527434080e-06
4022,-3.0001204988833337157407964851385528959327e-06
4023,-3.0001204991254830711853822389212353982657e-06
4024,-3.0001204990426529898228050902142527434080e-06
4025,-3.0001204988833337157407964851385528959327e-06
4026,-3.0001204991254830711853822389212353982657e-06
4027,-3.0001204990426529898228050902142527434080e-06
4028,-3.0001204988833337157407964851385528959327e-06
4029,-3.0001204990238679166350728444445650211492e-06
4030,-3.0001204989585438887098739479952769215743e-06
4031,-3.0001204991254830711853822389212353982657e-06
4032,-3.0001204990426529898228050902142527434080e-06
4033,-3.0001204988833337157407964851385528959327e-06
4034,-3.0001204991254830711853822389212353982657e-06
4035,-3.0001204990426529898228050902142527434080e-06
4036,-3.0001204988833337157407964851385528959327e-06
4037,-3.0001204991254830711853822389212353982657e-06
4038,-3.0001204990426529898228050902142527434080e-06
4039,-3.0001204988833337157407964851385528959327e-06
4040,-3.0001204991254830711853822389212353982657e-06
4041,-3.0001204990426529898228050902142527434080e-06
4042,-3.0001204988833337157407964851385528959327e-06
4043,-3.0001204990238679166350728444445650211492e-06
4044,-3.0001204989585438887098739479952769215743e-06
4045,-3.0001204991254830711853822389212353982657e-06
4046,-3.0001204990426529898228050902142527434080e-06
4047,-3.0001204988833337157407964851385528959327e-06
4048,-3.0001204991254830711853822389212353982657e-06
4049,-3.0001204990426529898228050902142527434080e-06
4050,-3.0001204988833337157407964851385528959327e-06
4051,-3.0001204991254830711853822389212353982657e-06
4052,-3.0001204990426529898228050902142527434080e-06
4053,-3.0001204988833337157407964851385528959327e-06
4054,-3.0001204991254830711853822389212353982657e-06
4055,-3.0001204990426529898228050902142527434080e-06
4056,-3.0001204988833337157407964851385528959327e-06
4057,-3.0001204990238679166350728444445650211492e-06
4058,-3.0001204989585438887098739479952769215743e-06
4059,-3.0001204991254830711853822389212353982657e-06
4060,-3.0001204990426529898228050902142527434080e-06
4061,-3.0001204988833337157407964851385528959327e-06
4062,-3.0001204991254830711853822389212353982657e-06
4063,-3.0001204990426529898228050902142527434080e-06
4064,-3.0001204988833337157407964851385528959327e-06
4065,-3.0001204990238679166350728444445650211492e-06
4066,-3.0001204989562598643676027271309791899512e-06
4067,-3.0001204991729567267801440100249976694613e-06
4068,-3.0001204992507939724351306853833420973388e-06
4069,-3.0001204991631053100871028699314635446171e-06
4070,-3.0001204990977465538110665471682736438197e-06
4071,-3.0001204992507939724351306853833420973388e-06
4072,-3.0001204991631053100871028699314635446171e-06
4073,-3.0001204990977465538110665471682736438197e-06
4074,-3.0001204992507939724351306853833420973388e-06
4075,-3.0001204992132234025431925666937971186599e-06
4076,-3.0001204991631053100871028699314635446171e-06
4077,-3.0001204990977465538110665471682736438197e-06
4078,-3.0001204992507939724351306853833420973388e-06
4079,-3.0001204991631053100871028699314635446171e-06
4080,-3.0001204990977465538110665471682736438197e-06
4081,-3.0001204992507939724351306853833420973388e-06
4082,-3.0001204991631053100871028699314635446171e-06
4083,-3.0001204990977465538110665471682736438197e-06
4084,-3.0001204992507939724351306853833420973388e-06
4085,-3.0001204991631053100871028699314635446171e-06
4086,-3.0001204990977465538110665471682736438197e-06
4087,-3.0001204992507939724351306853833420973388e-06
4088,-3.0001204991631053100871028699314635446171e-06
4089,-3.0001204990977465538110665471682736438197e-06
4090,-3.0001204992507939724351306853833420973388e-06
4091,-3.0001204991631053100871028699314635446171e-06
4092,-3.0001204990977465538110665471682736438197e-06
4093,-3.0001204992507939724351306853833420973388e-06
4094,-3.0001204991631053100871028699314635446171e-06
4095,-3.0001204990977465538110665471682736438197e-06
4096,-3.0001204992507939724351306853833420973388e-06
4097,-3.0001204991631053100871028699314635446171e-06
4098,-3.0001204990977465538110665471682736438197e-06
4099,-3.0001204992507939724351306853833420973388e-06
4100,-3.0001204992132234025431925666937971186599e-06
4101,-3.0001204991631053100871028699314635446171e-06
4102,-3.0001204990977465538110665471682736438197e-06
4103,-3.0001204992507939724351306853833420973388e-06
4104,-3.0001204991631053100871028699314635446171e-06
4105,-3.0001204990977465538110665471682736438197e-06
4106,-3.0001204992507939724351306853833420973388e-06
4107,-3.0001204991631053100871028699314635446171e-06
4108,-3.0001204990977465538110665471682736438197e-06
4109,-3.0001204992507939724351306853833420973388e-06
4110,-3.0001204991631053100871028699314635446171e-06
4111,-3.0001204990977465538110665471682736438197e-06
4112,-3.0001204992507939724351306853833420973388e-06
4113,-3.0001204991631053100871028699314635446171e-06
4114,-3.0001204990977465538110665471682736438197e-06
4115,-3.0001204992507939724351306853833420973388e-06
4116,-3.0001204991631053100871028699314635446171e-06
4117,-3.0001204990977465538110665471682736438197e-06
4118,-3.0001204992507939724351306853833420973388e-06
4119,-3.0001204991631053100871028699314635446171e-06
4120,-3.0001204990977465538110665471682736438197e-06
4121,-3.0001204992507939724351306853833420973388e-06
4122,-3.0001204991631053100871028699314635446171e-06
4123,-3.0001204990977465538110665471682736438197e-06
4124,-3.0001204992507939724351306853833420973388e-06
4125,-3.0001204992132234025431925666937971186599e-06
4126,-3.0001204991631053100871028699314635446171e-06
4127,-3.0001204990977465538110665471682736438197e-06
4128,-3.0001204992507939724351306853833420973388e-06
4129,-3.0001204991631053100871028699314635446171e-06
4130,-3.0001204990977465538110665471682736438197e-06
4131,-3.0001204992507939724351306853833420973388e-06
4132,-3.0001204991631053100871028699314635446171e-06
4133,-3.0001204990977465538110665471682736438197e-06
4134,-3.0001204992507939724351306853833420973388e-06
4135,-3.0001204991631053100871028699314635446171e-06
4136,-3.0001204990977465538110665471682736438197e-06
4137,-3.0001204992507939724351306853833420973388e-06
4138,-3.0001204991631053100871028699314635446171e-06
4139,-3.0001204990977465538110665471682736438197e-06
4140,-3.0001204992507939724351306853833420973388e-06
4141,-3.0001204991631053100871028699314635446171e-06
4142,-3.0001204990977465538110665471682736438197e-06
4143,-3.0001204992507939724351306853833420973388e-06
4144,-3.0001204991631053100871028699314635446171e-06
4145,-3.0001204990977465538110665471682736438197e-06
4146,-3.0001204992507939724351306853833420973388e-06
4147,-3.0001204991631053100871028699314635446171e-06
4148,-3.0001204990977465538110665471682736438197e-06
4149,-3.0001204992507939724351306853833420973388e-06
4150,-3.0001204991631053100871028699314635446171e-06
4151,-3.0001204990977465538110665471682736438197e-06
4152,-3.0001204992507939724351306853833420973388e-06
4153,-3.0001204992132234025431925666937971186599e-06
4154,-3.0001204991631053100871028699314635446171e-06
4155,-3.0001204990977465538110665471682736438197e-06
4156,-3.0001204992507939724351306853833420973388e-06
4157,-3.0001204991631053100871028699314635446171e-06
4158,-3.0001204990977465538110665471682736438197e-06
4159,-3.0001204992507939724351306853833420973388e-06
4160,-3.0001204991631053100871028699314635446171e-06
4161,-3.0001204990977465538110665471682736438197e-06
4162,-3.0001204992507939724351306853833420973388e-06
4163,-3.0001204991631053100871028699314635446171e-06
4164,-3.0001204990977465538110665471682736438197e-06
4165,-3.0001204992507939724351306853833420973388e-06
4166,-3.0001204991631053100871028699314635446171e-06
4167,-3.0001204990977465538110665471682736438197e-06
4168,-3.0001204992507939724351306853833420973388e-06
4169,-3.0001204991631053100871028699314635446171e-06
4170,-3.0001204990977465538110665471682736438197e-06
4171,-3.0001204992507939724351306853833420973388e-06
4172,-3.0001204992132234025431925666937971186599e-06
4173,-3.0001204992132234025431925666937971186599e-06
4174,-3.0001204993583912971754235760046825021163e-06
4175,-3.0001204990851990312469149690954850484559e-06
4176,-3.0001204991191404884763420379822917993806e-06
4177,-3.0001204992132234025431925666937971186599e-06
4178,-3.0001204992132234025431925666937971186599e-06
4179,-3.0001204992132234025431925666937971186599e-06
4180,-3.0001204993583912971754235760046825021163e-06
4181,-3.0001204990851990312469149690954850484559e-06
4182,-3.0001204991191404884763420379822917993806e-06
4183,-3.0001204992132234025431925666937971186599e-06
4184,-3.0001204992132234025431925666937971186599e-06
4185,-3.0001204992132234025431925666937971186599e-06
4186,-3.0001204993583912971754235760046825021163e-06
4187,-3.0001204990851990312469149690954850484559e-06
4188,-3.0001204991191404884763420379822917993806e-06
4189,-3.0001204992132234025431925666937971186599e-06
4190,-3.0001204992132234025431925666937971186599e-06
4191,-3.0001204992132234025431925666937971186599e-06
4192,-3.0001204992132234025431925666937971186599e-06
4193,-3.0001204993583912971754235760046825021163e-06
4194,-3.0001204990851990312469149690954850484559e-06
4195,-3.0001204991191404884763420379822917993806e-06
4196,-3.0001204992132234025431925666937971186599e-06
4197,-3.0001204992132234025431925666937971186599e-06
4198,-3.0001204992132234025431925666937971186599e-06
4199,-3.0001204993583912971754235760046825021163e-06
4200,-3.0001204990851990312469149690954850484559e-06
4201,-3.0001204991191404884763420379822917993806e-06
4202,-3.0001204992132234025431925666937971186599e-06
4203,-3.0001204992132234025431925666937971186599e-06
4204,-3.0001204992132234025431925666937971186599e-06
4205,-3.0001204993583912971754235760046825021163e-06
4206,-3.0001204990851990312469149690954850484559e-06
4207,-3.0001204991191404884763420379822917993806e-06
4208,-3.0001204992132234025431925666937971186599e-06
4209,-3.0001204992132234025431925666937971186599e-06
4210,-3.0001204992132234025431925666937971186599e-06
4211,-3.0001204993583912971754235760046825021163e-06
4212,-3.0001204990851990312469149690954850484559e-06
4213,-3.0001204991191404884763420379822917993806e-06
4214,-3.0001204992132234025431925666937971186599e-06
4215,-3.0001204992132234025431925666937971186599e-06
4216,-3.0001204992132234025431925666937971186599e-06
4217,-3.0001204992132234025431925666937971186599e-06
4218,-3.0001204993583912971754235760046825021163e-06
4219,-3.0001204990851990312469149690954850484559e-06
4220,-3.0001204991191404884763420379822917993806e-06
4221,-3.0001204992132234025431925666937971186599e-06
4222,-3.0001204992132234025431925666937971186599e-06
4223,-3.0001204992132234025431925666937971186599e-06
4224,-3.0001204993583912971754235760046825021163e-06
4225,-3.0001204990851990312469149690954850484559e-06
4226,-3.0001204991191404884763420379822917993806e-06
4227,-3.0001204992132234025431925666937971186599e-06
4228,-3.0001204992132234025431925666937971186599e-06
4229,-3.0001204992132234025431925666937971186599e-06
4230,-3.0001204993583912971754235760046825021163e-06
4231,-3.0001204990851990312469149690954850484559e-06
4232,-3.0001204991191404884763420379822917993806e-06
4233,-3.0001204992132234025431925666937971186599e-06
4234,-3.0001204992132234025431925666937971186599e-06
4235,-3.0001204992132234025431925666937971186599e-06
4236,-3.0001204993583912971754235760046825021163e-06
4237,-3.0001204990851990312469149690954850484559e-06
4238,-3.0001204991191404884763420379822917993806e-06
4239,-3.0001204992132234025431925666937971186599e-06
4240,-3.0001204992132234025431925666937971186599e-06
4241,-3.0001204992132234025431925666937971186599e-06
4242,-3.0001204992132234025431925666937971186599e-06
4243,-3.0001204993583912971754235760046825021163e-06
4244,-3.0001204990851990312469149690954850484559e-06
4245,-3.0001204991191404884763420379822917993806e-06
4246,-3.0001204992132234025431925666937971186599e-06
4247,-3.0001204992132234025431925666937971186599e-06
4248,-3.0001204992132234025431925666937971186599e-06
4249,-3.0001204993583912971754235760046825021163e-06
4250,-3.0001204990851990312469149690954850484559e-06
4251,-3.0001204991191404884763420379822917993806e-06
4252,-3.0001204992132234025431925666937971186599e-06
4253,-3.0001204992132234025431925666937971186599e-06
4254,-3.0001204992132234025431925666937971186599e-06
4255,-3.0001204993583912971754235760046825021163e-06
4256,-3.0001204990851990312469149690954850484559e-06
4257,-3.0001204991191404884763420379822917993806e-06
4258,-3.0001204992132234025431925666937971186599e-06
4259,-3.0001204992132234025431925666937971186599e-06
4260,-3.0001204992132234025431925666937971186599e-06
4261,-3.0001204993583912971754235760046825021163e-06
4262,-3.0001204990851990312469149690954850484559e-06
4263,-3.0001204991191404884763420379822917993806e-06
4264,-3.0001204992132234025431925666937971186599e-06
4265,-3.0001204992132234025431925666937971186599e-06
4266,-3.0001204992132234025431925666937971186599e-06
4267,-3.0001204992132234025431925666937971186599e-06
4268,-3.0001204993583912971754235760046825021163e-06
4269,-3.0001204990851990312469149690954850484559e-06
4270,-3.0001204991191404884763420379822917993806e-06
4271,-3.0001204992132234025431925666937971186599e-06
4272,-3.0001204992132234025431925666937971186599e-06
4273,-3.0001204992132234025431925666937971186599e-06
4274,-3.0001204993583912971754235760046825021163e-06
4275,-3.0001204990851990312469149690954850484559e-06
4276,-3.0001204991191404884763420379822917993806e-06
4277,-3.0001204992132234025431925666937971186599e-06
4278,-3.0001204992132234025431925666937971186599e-06
4279,-3.0001204992132234025431925666937971186599e-06
4280,-3.0001204993583912971754235760046825021163e-06
4281,-3.0001204990851990312469149690954850484559e-06
4282,-3.0001204991191404884763420379822917993806e-06
4283,-3.0001204992132234025431925666937971186599e-06
4284,-3.0001204992132234025431925666937971186599e-06
4285,-3.0001204992132234025431925666937971186599e-06
4286,-3.0001204993583912971754235760046825021163e-06
4287,-3.0001204990851990312469149690954850484559e-06
4288,-3.0001204991682285888685705055323182932625e-06
4289,8.6977474424308927603706544431084074231732e-18
4290,1.6464738314393875176413790908931715201341e-16
4291,-3.0005390213088526663845392178364690494163e-06
4292,-3.0005390210087006122943471125852354930430e-06
4293,-3.0005390217768718275439567000351104297806e-06
4294,-3.0005390208575912050536008135459553614055e-06
4295,-3.0005390210087006122943471125852354930430e-06
4296,-3.0005390217768718275439567000351104297806e-06
4297,-3.0005390208575912050536008135459553614055e-06
4298,-3.0005390210087006122943471125852354930430e-06
4299,-3.0005390217768718275439567000351104297806e-06
4300,-3.0005390208575912050536008135459553614055e-06
4301,-3.0005390210087006122943471125852354930430e-06
4302,-3.0005390212719715813116660996229256852530e-06
4303,-3.0005390219272921734821116257485584810638e-06
4304,-3.0005390208575912050536008135459553614055e-06
4305,-3.0005390212127597431338542344203546008430e-06
4306,-3.0005390205567505131772909621190592588391e-06
4307,-3.0005390210087006122943471125852354930430e-06
4308,-3.0005390212719715813116660996229256852530e-06
4309,-3.0005390219272921734821116257485584810638e-06
4310,-3.0005390208575912050536008135459553614055e-06
4311,-3.0005390210087006122943471125852354930430e-06
4312,-3.0005390217768718275439567000351104297806e-06
4313,-3.0005390208575912050536008135459553614055e-06
4314,-3.0005390210087006122943471125852354930430e-06
4315,-3.0005390217768718275439567000351104297806e-06
4316,-3.0005390208575912050536008135459553614055e-06
4317,-3.0005390210087006122943471125852354930430e-06
4318,-3.0005390217768718275439567000351104297806e-06
4319,-3.0005390208575912050536008135459553614055e-06
4320,-3.0005390210087006122943471125852354930430e-06
4321,-3.0005390212719715813116660996229256852530e-06
4322,-3.0005390219272921734821116257485584810638e-06
4323,-3.0005390208575912050536008135459553614055e-06
4324,-3.0005390212127597431338542344203546008430e-06
4325,-3.0005390205567505131772909621190592588391e-06
4326,-3.0005390210087006122943471125852354930430e-06
4327,-3.0005390212719715813116660996229256852530e-06
4328,-3.0005390219272921734821116257485584810638e-06
4329,-3.0005390208575912050536008135459553614055e-06
4330,-3.0005390212127597431338542344203546008430e-06
4331,-3.0005390205567505131772909621190592588391e-06
4332,-3.0005390210087006122943471125852354930430e-06
4333,-3.0005390212719715813116660996229256852530e-06
4334,-3.0005390219272921734821116257485584810638e-06
4335,-3.0005390208575912050536008135459553614055e-06
4336,-3.0005390212127597431338542344203546008430e-06
4337,-3.0005390205567505131772909621190592588391e-06
4338,-3.0005390210087006122943471125852354930430e-06
4339,-3.0005390212719715813116660996229256852530e-06
4340,-3.0005390219272921734821116257485584810638e-06
4341,-3.0005390208575912050536008135459553614055e-06
4342,-3.0005390212127597431338542344203546008430e-06
4343,-3.0005390205567505131772909621190592588391e-06
4344,-3.0005390210087006122943471125852354930430e-06
4345,-3.0005390212719715813116660996229256852530e-06
4346,-3.0005390214223919272498210253363737365362e-06
4347,-3.0005390219272921734821116257485584810638e-06
4348,-3.0005390208575912050536008135459553614055e-06
4349,-3.0005390211587766393394431652108522712297e-06
4350,-3.0005390222113921061888874852741082577268e-06
4351,-3.0005390218732734943039158759248152819055e-06
4352,-3.0005390216852652142984041183648713513321e-06
4353,-3.0005390223618128756435160381377258431712e-06
4354,-3.0005390218732734943039158759248152819055e-06
4355,-3.0005390216852652142984041183648713513321e-06
4356,-3.0005390223618128756435160381377258431712e-06
4357,-3.0005390218732734943039158759248152819055e-06
4358,-3.0005390216852652142984041183648713513321e-06
4359,-3.0005390219861063296911875969419369880598e-06
4360,-3.0005390218356855602365590440783194026153e-06
4361,-3.0005390223618128756435160381377258431712e-06
4362,-3.0005390218732734943039158759248152819055e-06
4363,-3.0005390216852652142984041183648713513321e-06
4364,-3.0005390223618128756435160381377258431712e-06
4365,-3.0005390218732734943039158759248152819055e-06
4366,-3.0005390216852652142984041183648713513321e-06
4367,-3.0005390223618128756435160381377258431712e-06
4368,-3.0005390218732734943039158759248152819055e-06
4369,-3.0005390216852652142984041183648713513321e-06
4370,-3.0005390223618128756435160381377258431712e-06
4371,-3.0005390218732734943039158759248152819055e-06
4372,-3.0005390216852652142984041183648713513321e-06
4373,-3.0005390219861063296911875969419369880598e-06
4374,-3.0005390218356855602365590440783194026153e-06
4375,-3.0005390223618128756435160381377258431712e-06
4376,-3.0005390218732734943039158759248152819055e-06
4377,-3.0005390216852652142984041183648713513321e-06
4378,-3.0005390223618128756435160381377258431712e-06
4379,-3.0005390218732734943039158759248152819055e-06
4380,-3.0005390216852652142984041183648713513321e-06
4381,-3.0005390223618128756435160381377258431712e-06
4382,-3.0005390218732734943039158759248152819055e-06
4383,-3.0005390216852652142984041183648713513321e-06
4384,-3.0005390223618128756435160381377258431712e-06
4385,-3.0005390218732734943039158759248152819055e-06
4386,-3.0005390216852652142984041183648713513321e-06
4387,-3.0005390219861063296911875969419369880598e-06
4388,-3.0005390218356855602365590440783194026153e-06
4389,-3.0005390223618128756435160381377258431712e-06
4390,-3.0005390218732734943039158759248152819055e-06
4391,-3.0005390216852652142984041183648713513321e-06
4392,-3.0005390223618128756435160381377258431712e-06
4393,-3.0005390218732734943039158759248152819055e-06
4394,-3.0005390216852652142984041183648713513321e-06
4395,-3.0005390219861063296911875969419369880598e-06
4396,-3.0005390220400894334855986661514393176731e-06
4397,-3.0005390207071708591154458878325073101223e-06
4398,-3.0005390210087006122943471125852354930430e-06
4399,-3.0005390217768718275439567000351104297806e-06
4400,-3.0005390208575912050536008135459553614055e-06
4401,-3.0005390210087006122943471125852354930430e-06
4402,-3.0005390217768718275439567000351104297806e-06
4403,-3.0005390208575912050536008135459553614055e-06
4404,-3.0005390210087006122943471125852354930430e-06
4405,-3.0005390212719715813116660996229256852530e-06
4406,-3.0005390219272921734821116257485584810638e-06
4407,-3.0005390208575912050536008135459553614055e-06
4408,-3.0005390210087006122943471125852354930430e-06
4409,-3.0005390217768718275439567000351104297806e-06
4410,-3.0005390208575912050536008135459553614055e-06
4411,-3.0005390210087006122943471125852354930430e-06
4412,-3.0005390217768718275439567000351104297806e-06
4413,-3.0005390208575912050536008135459553614055e-06
4414,-3.0005390210087006122943471125852354930430e-06
4415,-3.0005390217768718275439567000351104297806e-06
4416,-3.0005390208575912050536008135459553614055e-06
4417,-3.0005390210087006122943471125852354930430e-06
4418,-3.0005390217768718275439567000351104297806e-06
4419,-3.0005390208575912050536008135459553614055e-06
4420,-3.0005390210087006122943471125852354930430e-06
4421,-3.0005390217768718275439567000351104297806e-06
4422,-3.0005390208575912050536008135459553614055e-06
4423,-3.0005390210087006122943471125852354930430e-06
4424,-3.0005390217768718275439567000351104297806e-06
4425,-3.0005390208575912050536008135459553614055e-06
4426,-3.0005390210087006122943471125852354930430e-06
4427,-3.0005390217768718275439567000351104297806e-06
4428,-3.0005390208575912050536008135459553614055e-06
4429,-3.0005390210087006122943471125852354930430e-06
4430,-3.0005390212719715813116660996229256852530e-06
4431,-3.0005390219272921734821116257485584810638e-06
4432,-3.0005390208575912050536008135459553614055e-06
4433,-3.0005390210087006122943471125852354930430e-06
4434,-3.0005390217768718275439567000351104297806e-06
4435,-3.0005390208575912050536008135459553614055e-06
4436,-3.0005390210087006122943471125852354930430e-06
4437,-3.0005390217768718275439567000351104297806e-06
4438,-3.0005390208575912050536008135459553614055e-06
4439,-3.0005390210087006122943471125852354930430e-06
4440,-3.0005390217768718275439567000351104297806e-06
4441,-3.0005390208575912050536008135459553614055e-06
4442,-3.0005390210087006122943471125852354930430e-06
4443,-3.0005390217768718275439567000351104297806e-06
4444,-3.0005390208575912050536008135459553614055e-06
4445,-3.0005390210087006122943471125852354930430e-06
4446,-3.0005390217768718275439567000351104297806e-06
4447,-3.0005390208575912050536008135459553614055e-06
4448,-3.0005390210087006122943471125852354930430e-06
4449,-3.0005390217768718275439567000351104297806e-06
4450,-3.0005390208575912050536008135459553614055e-06
4451,-3.0005390210087006122943471125852354930430e-06
4452,-3.0005390217768718275439567000351104297806e-06
4453,-3.0005390208575912050536008135459553614055e-06
4454,-3.0005390210087006122943471125852354930430e-06
4455,-3.0005390212719715813116660996229256852530e-06
4456,-3.0005390219272921734821116257485584810638e-06
4457,-3.0005390208575912050536008135459553614055e-06
4458,-3.0005390210087006122943471125852354930430e-06
4459,-3.0005390217768718275439567000351104297806e-06
4460,-3.0005390208575912050536008135459553614055e-06
4461,-3.0005390210087006122943471125852354930430e-06
4462,-3.0005390217768718275439567000351104297806e-06
4463,-3.0005390208575912050536008135459553614055e-06
4464,-3.0005390210087006122943471125852354930430e-06
4465,-3.0005390217768718275439567000351104297806e-06
4466,-3.0005390208575912050536008135459553614055e-06
4467,-3.0005390210087006122943471125852354930430e-06
4468,-3.0005390217768718275439567000351104297806e-06
4469,-3.0005390208575912050536008135459553614055e-06
4470,-3.0005390210087006122943471125852354930430e-06
4471,-3.0005390217768718275439567000351104297806e-06
4472,-3.0005390208575912050536008135459553614055e-06
4473,-3.0005390210087006122943471125852354930430e-06
4474,-3.0005390217768718275439567000351104297806e-06
4475,-3.0005390208575912050536008135459553614055e-06
4476,-3.0005390210087006122943471125852354930430e-06
4477,-3.0005390217768718275439567000351104297806e-06
4478,-3.0005390208575912050536008135459553614055e-06
4479,-3.0005390210087006122943471125852354930430e-06
4480,-3.0005390217768718275439567000351104297806e-06
4481,-3.0005390208575912050536008135459553614055e-06
4482,-3.0005390210087006122943471125852354930430e-06
4483,-3.0005390212719715813116660996229256852530e-06
4484,-3.0005390219272921734821116257485584810638e-06
4485,-3.0005390208575912050536008135459553614055e-06
4486,-3.0005390210087006122943471125852354930430e-06
4487,-3.0005390217768718275439567000351104297806e-06
4488,-3.0005390208575912050536008135459553614055e-06
4489,-3.0005390210087006122943471125852354930430e-06
4490,-3.0005390217768718275439567000351104297806e-06
4491,-3.0005390208575912050536008135459553614055e-06
4492,-3.0005390210087006122943471125852354930430e-06
4493,-3.0005390217768718275439567000351104297806e-06
4494,-3.0005390208575912050536008135459553614055e-06
4495,-3.0005390210087006122943471125852354930430e-06
4496,-3.0005390217768718275439567000351104297806e-06
4497,-3.0005390208575912050536008135459553614055e-06
4498,-3.0005390210087006122943471125852354930430e-06
4499,-3.0005390217768718275439567000351104297806e-06
4500,-3.0005390208575912050536008135459553614055e-06
4501,-3.0005390210087006122943471125852354930430e-06
4502,-3.0005390212719715813116660996229256852530e-06
4503,-3.0005390214223919272498210253363737365362e-06
4504,-3.0005390216424853917808520525900561892740e-06
4505,-3.0005390215880872418422863762144103816354e-06
4506,-3.0005390214599264982415008362615083115088e-06
4507,-3.0005390214223919272498210253363737365362e-06
4508,-3.0005390214223919272498210253363737365362e-06
4509,-3.0005390214223919272498210253363737365362e-06
4510,-3.0005390216424853917808520525900561892740e-06
4511,-3.0005390215880872418422863762144103816354e-06
4512,-3.0005390214599264982415008362615083115088e-06
4513,-3.0005390214223919272498210253363737365362e-06
4514,-3.0005390214223919272498210253363737365362e-06
4515,-3.0005390214223919272498210253363737365362e-06
4516,-3.0005390216424853917808520525900561892740e-06
4517,-3.0005390215880872418422863762144103816354e-06
4518,-3.0005390214599264982415008362615083115088e-06
4519,-3.0005390214223919272498210253363737365362e-06
4520,-3.0005390214223919272498210253363737365362e-06
4521,-3.0005390214223919272498210253363737365362e-06
4522,-3.0005390214223919272498210253363737365362e-06
4523,-3.0005390216424853917808520525900561892740e-06
4524,-3.0005390215880872418422863762144103816354e-06
4525,-3.0005390214599264982415008362615083115088e-06
4526,-3.0005390214223919272498210253363737365362e-06
4527,-3.0005390214223919272498210253363737365362e-06
4528,-3.0005390214223919272498210253363737365362e-06
4529,-3.0005390216424853917808520525900561892740e-06
4530,-3.0005390215880872418422863762144103816354e-06
4531,-3.0005390214599264982415008362615083115088e-06
4532,-3.0005390214223919272498210253363737365362e-06
4533,-3.0005390214223919272498210253363737365362e-06
4534,-3.0005390214223919272498210253363737365362e-06
4535,-3.0005390216424853917808520525900561892740e-06
4536,-3.0005390215880872418422863762144103816354e-06
4537,-3.0005390214599264982415008362615083115088e-06
4538,-3.0005390214223919272498210253363737365362e-06
4539,-3.0005390214223919272498210253363737365362e-06
4540,-3.0005390214223919272498210253363737365362e-06
4541,-3.0005390216424853917808520525900561892740e-06
4542,-3.0005390215880872418422863762144103816354e-06
4543,-3.0005390214599264982415008362615083115088e-06
4544,-3.0005390214223919272498210253363737365362e-06
4545,-3.0005390214223919272498210253363737365362e-06
4546,-3.0005390214223919272498210253363737365362e-06
4547,-3.0005390214223919272498210253363737365362e-06
4548,-3.0005390216424853917808520525900561892740e-06
4549,-3.0005390215880872418422863762144103816354e-06
4550,-3.0005390214599264982415008362615083115088e-06
4551,-3.0005390214223919272498210253363737365362e-06
4552,-3.0005390214223919272498210253363737365362e-06
4553,-3.0005390214223919272498210253363737365362e-06
4554,-3.0005390216424853917808520525900561892740e-06
4555,-3.0005390215880872418422863762144103816354e-06
4556,-3.0005390214599264982415008362615083115088e-06
4557,-3.0005390214223919272498210253363737365362e-06
4558,-3.0005390214223919272498210253363737365362e-06
4559,-3.0005390214223919272498210253363737365362e-06
4560,-3.0005390216424853917808520525900561892740e-06
4561,-3.0005390215880872418422863762144103816354e-06
4562,-3.0005390214599264982415008362615083115088e-06
4563,-3.0005390214223919272498210253363737365362e-06
4564,-3.0005390214223919272498210253363737365362e-06
4565,-3.0005390214223919272498210253363737365362e-06
4566,-3.0005390216424853917808520525900561892740e-06
4567,-3.0005390215880872418422863762144103816354e-06
4568,-3.0005390214599264982415008362615083115088e-06
4569,-3.0005390214223919272498210253363737365362e-06
4570,-3.0005390214223919272498210253363737365362e-06
4571,-3.0005390214223919272498210253363737365362e-06
4572,-3.0005390214223919272498210253363737365362e-06
4573,-3.0005390216424853917808520525900561892740e-06
4574,-3.0005390215880872418422863762144103816354e-06
4575,-3.0005390214599264982415008362615083115088e-06
4576,-3.0005390214223919272498210253363737365362e-06
4577,-3.0005390214223919272498210253363737365362e-06
4578,-3.0005390214223919272498210253363737365362e-06
4579,-3.0005390216424853917808520525900561892740e-06
4580,-3.0005390215880872418422863762144103816354e-06
4581,-3.0005390214599264982415008362615083115088e-06
4582,-3.0005390214223919272498210253363737365362e-06
4583,-3.0005390214223919272498210253363737365362e-06
4584,-3.0005390214223919272498210253363737365362e-06
4585,-3.0005390216424853917808520525900561892740e-06
4586,-3.0005390215880872418422863762144103816354e-06
4587,-3.0005390214599264982415008362615083115088e-06
4588,-3.0005390214223919272498210253363737365362e-06
4589,-3.0005390214223919272498210253363737365362e-06
4590,-3.0005390214223919272498210253363737365362e-06
4591,-3.0005390216424853917808520525900561892740e-06
4592,-3.0005390215880872418422863762144103816354e-06
4593,-3.0005390214599264982415008362615083115088e-06
4594,-3.0005390214223919272498210253363737365362e-06
4595,-3.0005390214223919272498210253363737365362e-06
4596,-3.0005390214223919272498210253363737365362e-06
4597,-3.0005390214223919272498210253363737365362e-06
4598,-3.0005390216424853917808520525900561892740e-06
4599,-3.0005390215880872418422863762144103816354e-06
4600,-3.0005390214599264982415008362615083115088e-06
4601,-3.0005390214223919272498210253363737365362e-06
4602,-3.0005390214223919272498210253363737365362e-06
4603,-3.0005390214223919272498210253363737365362e-06
4604,-3.0005390216424853917808520525900561892740e-06
4605,-3.0005390215880872418422863762144103816354e-06
4606,-3.0005390214599264982415008362615083115088e-06
4607,-3.0005390214223919272498210253363737365362e-06
4608,-3.0005390214223919272498210253363737365362e-06
4609,-3.0005390214223919272498210253363737365362e-06
4610,-3.0005390216424853917808520525900561892740e-06
4611,-3.0005390215880872418422863762144103816354e-06
4612,-3.0005390214599264982415008362615083115088e-06
4613,-3.0005390214223919272498210253363737365362e-06
4614,-3.0005390214223919272498210253363737365362e-06
4615,-3.0005390214223919272498210253363737365362e-06
4616,-3.0005390216424853917808520525900561892740e-06
4617,-3.0005390215880872418422863762144103816354e-06
4618,-3.0005390218502045519854450061902895185995e-06
4619,-1.0280474802439460606287965926813682157909e-16
4620,1.4203275646957472123866147441584593435566e-17
4621,-3.0013660327941766030497572348423318544519e-06
4622,-3.0013660322658931652755644192698269989705e-06
4623,-3.0013660341625939047228641132214477238449e-06
4624,-3.0013660333958579868023769376961240595847e-06
4625,-3.0013660322658931652755644192698269989705e-06
4626,-3.0013660341625939047228641132214477238449e-06
4627,-3.0013660333958579868023769376961240595847e-06
4628,-3.0013660322658931652755644192698269989705e-06
4629,-3.0013660341625939047228641132214477238449e-06
4630,-3.0013660333958579868023769376961240595847e-06
4631,-3.0013660322658931652755644192698269989705e-06
4632,-3.0013660325667685855027116970106249027594e-06
4633,-3.0013660338617532128465542617945516212785e-06
4634,-3.0013660333958579868023769376961240595847e-06
4635,-3.0013660332600366772266235054766880807620e-06
4636,-3.0013660336966991021951604162731896963123e-06
4637,-3.0013660322658931652755644192698269989705e-06
4638,-3.0013660325667685855027116970106249027594e-06
4639,-3.0013660338617532128465542617945516212785e-06
4640,-3.0013660333958579868023769376961240595847e-06
4641,-3.0013660322658931652755644192698269989705e-06
4642,-3.0013660341625939047228641132214477238449e-06
4643,-3.0013660333958579868023769376961240595847e-06
4644,-3.0013660322658931652755644192698269989705e-06
4645,-3.0013660341625939047228641132214477238449e-06
4646,-3.0013660333958579868023769376961240595847e-06
4647,-3.0013660322658931652755644192698269989705e-06
4648,-3.0013660341625939047228641132214477238449e-06
4649,-3.0013660333958579868023769376961240595847e-06
4650,-3.0013660322658931652755644192698269989705e-06
4651,-3.0013660325667685855027116970106249027594e-06
4652,-3.0013660338617532128465542617945516212785e-06
4653,-3.0013660333958579868023769376961240595847e-06
4654,-3.0013660332600366772266235054766880807620e-06
4655,-3.0013660336966991021951604162731896963123e-06
4656,-3.0013660322658931652755644192698269989705e-06
4657,-3.0013660325667685855027116970106249027594e-06
4658,-3.0013660338617532128465542617945516212785e-06
4659,-3.0013660333958579868023769376961240595847e-06
4660,-3.0013660332600366772266235054766880807620e-06
4661,-3.0013660336966991021951604162731896963123e-06
4662,-3.0013660322658931652755644192698269989705e-06
4663,-3.0013660325667685855027116970106249027594e-06
4664,-3.0013660338617532128465542617945516212785e-06
4665,-3.0013660333958579868023769376961240595847e-06
4666,-3.0013660332600366772266235054766880807620e-06
4667,-3.0013660336966991021951604162731896963123e-06
4668,-3.0013660322658931652755644192698269989705e-06
4669,-3.0013660325667685855027116970106249027594e-06
4670,-3.0013660338617532128465542617945516212785e-06
4671,-3.0013660333958579868023769376961240595847e-06
4672,-3.0013660332600366772266235054766880807620e-06
4673,-3.0013660336966991021951604162731896963123e-06
4674,-3.0013660322658931652755644192698269989705e-06
4675,-3.0013660325667685855027116970106249027594e-06
4676,-3.0013660322659278936264018455837288001931e-06
4677,-3.0013660338617532128465542617945516212785e-06
4678,-3.0013660333958579868023769376961240595847e-06
4679,-3.0013660330189012202199011491998703604622e-06
4680,-3.0013660339223469852778115180003126738484e-06
4681,-3.0013660324026199530719326985517270145465e-06
4682,-3.0013660330189185843953198623568212610735e-06
4683,-3.0013660327189833707396248579923891952603e-06
4684,-3.0013660324026199530719326985517270145465e-06
4685,-3.0013660330189185843953198623568212610735e-06
4686,-3.0013660327189833707396248579923891952603e-06
4687,-3.0013660324026199530719326985517270145465e-06
4688,-3.0013660330189185843953198623568212610735e-06
4689,-3.0013660323274275677947475760021234236774e-06
4690,-3.0013660324172367771262265323528595217795e-06
4691,-3.0013660327189833707396248579923891952603e-06
4692,-3.0013660324026199530719326985517270145465e-06
4693,-3.0013660330189185843953198623568212610735e-06
4694,-3.0013660327189833707396248579923891952603e-06
4695,-3.0013660324026199530719326985517270145465e-06
4696,-3.0013660330189185843953198623568212610735e-06
4697,-3.0013660327189833707396248579923891952603e-06
4698,-3.0013660324026199530719326985517270145465e-06
4699,-3.0013660330189185843953198623568212610735e-06
4700,-3.0013660327189833707396248579923891952603e-06
4701,-3.0013660324026199530719326985517270145465e-06
4702,-3.0013660330189185843953198623568212610735e-06
4703,-3.0013660323274275677947475760021234236774e-06
4704,-3.0013660324172367771262265323528595217795e-06
4705,-3.0013660327189833707396248579923891952603e-06
4706,-3.0013660324026199530719326985517270145465e-06
4707,-3.0013660330189185843953198623568212610735e-06
4708,-3.0013660327189833707396248579923891952603e-06
4709,-3.0013660324026199530719326985517270145465e-06
4710,-3.0013660330189185843953198623568212610735e-06
4711,-3.0013660327189833707396248579923891952603e-06
4712,-3.0013660324026199530719326985517270145465e-06
4713,-3.0013660330189185843953198623568212610735e-06
4714,-3.0013660327189833707396248579923891952603e-06
4715,-3.0013660324026199530719326985517270145465e-06
4716,-3.0013660330189185843953198623568212610735e-06
4717,-3.0013660323274275677947475760021234236774e-06
4718,-3.0013660324172367771262265323528595217795e-06
4719,-3.0013660327189833707396248579923891952603e-06
4720,-3.0013660324026199530719326985517270145465e-06
4721,-3.0013660330189185843953198623568212610735e-06
4722,-3.0013660327189833707396248579923891952603e-06
4723,-3.0013660324026199530719326985517270145465e-06
4724,-3.0013660330189185843953198623568212610735e-06
4725,-3.0013660323274275677947475760021234236774e-06
4726,-3.0013660329592129260092587400565733446456e-06
4727,-3.0013660333958579868023769376961240595847e-06
4728,-3.0013660322658931652755644192698269989705e-06
4729,-3.0013660341625939047228641132214477238449e-06
4730,-3.0013660333958579868023769376961240595847e-06
4731,-3.0013660322658931652755644192698269989705e-06
4732,-3.0013660341625939047228641132214477238449e-06
4733,-3.0013660333958579868023769376961240595847e-06
4734,-3.0013660322658931652755644192698269989705e-06
4735,-3.0013660325667685855027116970106249027594e-06
4736,-3.0013660338617532128465542617945516212785e-06
4737,-3.0013660333958579868023769376961240595847e-06
4738,-3.0013660322658931652755644192698269989705e-06
4739,-3.0013660341625939047228641132214477238449e-06
4740,-3.0013660333958579868023769376961240595847e-06
4741,-3.0013660322658931652755644192698269989705e-06
4742,-3.0013660341625939047228641132214477238449e-06
4743,-3.0013660333958579868023769376961240595847e-06
4744,-3.0013660322658931652755644192698269989705e-06
4745,-3.0013660341625939047228641132214477238449e-06
4746,-3.0013660333958579868023769376961240595847e-06
4747,-3.0013660322658931652755644192698269989705e-06
4748,-3.0013660341625939047228641132214477238449e-06
4749,-3.0013660333958579868023769376961240595847e-06
4750,-3.0013660322658931652755644192698269989705e-06
4751,-3.0013660341625939047228641132214477238449e-06
4752,-3.0013660333958579868023769376961240595847e-06
4753,-3.0013660322658931652755644192698269989705e-06
4754,-3.0013660341625939047228641132214477238449e-06
4755,-3.0013660333958579868023769376961240595847e-06
4756,-3.0013660322658931652755644192698269989705e-06
4757,-3.0013660341625939047228641132214477238449e-06
4758,-3.0013660333958579868023769376961240595847e-06
4759,-3.0013660322658931652755644192698269989705e-06
4760,-3.0013660325667685855027116970106249027594e-06
4761,-3.0013660338617532128465542617945516212785e-06
4762,-3.0013660333958579868023769376961240595847e-06
4763,-3.0013660322658931652755644192698269989705e-06
4764,-3.0013660341625939047228641132214477238449e-06
4765,-3.0013660333958579868023769376961240595847e-06
4766,-3.0013660322658931652755644192698269989705e-06
4767,-3.0013660341625939047228641132214477238449e-06
4768,-3.0013660333958579868023769376961240595847e-06
4769,-3.0013660322658931652755644192698269989705e-06
4770,-3.0013660341625939047228641132214477238449e-06
4771,-3.0013660333958579868023769376961240595847e-06
4772,-3.0013660322658931652755644192698269989705e-06
4773,-3.0013660341625939047228641132214477238449e-06
4774,-3.0013660333958579868023769376961240595847e-06
4775,-3.0013660322658931652755644192698269989705e-06
4776,-3.0013660341625939047228641132214477238449e-06
4777,-3.0013660333958579868023769376961240595847e-06
4778,-3.0013660322658931652755644192698269989705e-06
4779,-3.0013660341625939047228641132214477238449e-06
4780,-3.0013660333958579868023769376961240595847e-06
4781,-3.0013660322658931652755644192698269989705e-06
4782,-3.0013660341625939047228641132214477238449e-06
4783,-3.0013660333958579868023769376961240595847e-06
4784,-3.0013660322658931652755644192698269989705e-06
4785,-3.0013660325667685855027116970106249027594e-06
4786,-3.0013660338617532128465542617945516212785e-06
4787,-3.0013660333958579868023769376961240595847e-06
4788,-3.0013660322658931652755644192698269989705e-06
4789,-3.0013660341625939047228641132214477238449e-06
4790,-3.0013660333958579868023769376961240595847e-06
4791,-3.0013660322658931652755644192698269989705e-06
4792,-3.0013660341625939047228641132214477238449e-06
4793,-3.0013660333958579868023769376961240595847e-06
4794,-3.0013660322658931652755644192698269989705e-06
4795,-3.0013660341625939047228641132214477238449e-06
4796,-3.0013660333958579868023769376961240595847e-06
4797,-3.0013660322658931652755644192698269989705e-06
4798,-3.0013660341625939047228641132214477238449e-06
4799,-3.0013660333958579868023769376961240595847e-06
4800,-3.0013660322658931652755644192698269989705e-06
4801,-3.0013660341625939047228641132214477238449e-06
4802,-3.0013660333958579868023769376961240595847e-06
4803,-3.0013660322658931652755644192698269989705e-06
4804,-3.0013660341625939047228641132214477238449e-06
4805,-3.0013660333958579868023769376961240595847e-06
4806,-3.0013660322658931652755644192698269989705e-06
4807,-3.0013660341625939047228641132214477238449e-06
4808,-3.0013660333958579868023769376961240595847e-06
4809,-3.0013660322658931652755644192698269989705e-06
4810,-3.0013660341625939047228641132214477238449e-06
4811,-3.0013660333958579868023769376961240595847e-06
4812,-3.0013660322658931652755644192698269989705e-06
4813,-3.0013660325667685855027116970106249027594e-06
4814,-3.0013660338617532128465542617945516212785e-06
4815,-3.0013660333958579868023769376961240595847e-06
4816,-3.0013660322658931652755644192698269989705e-06
4817,-3.0013660341625939047228641132214477238449e-06
4818,-3.0013660333958579868023769376961240595847e-06
4819,-3.0013660322658931652755644192698269989705e-06
4820,-3.0013660341625939047228641132214477238449e-06
4821,-3.0013660333958579868023769376961240595847e-06
4822,-3.0013660322658931652755644192698269989705e-06
4823,-3.0013660341625939047228641132214477238449e-06
4824,-3.0013660333958579868023769376961240595847e-06
4825,-3.0013660322658931652755644192698269989705e-06
4826,-3.0013660341625939047228641132214477238449e-06
4827,-3.0013660333958579868023769376961240595847e-06
4828,-3.0013660322658931652755644192698269989705e-06
4829,-3.0013660341625939047228641132214477238449e-06
4830,-3.0013660333958579868023769376961240595847e-06
4831,-3.0013660322658931652755644192698269989705e-06
4832,-3.0013660325667685855027116970106249027594e-06
4833,-3.0013660322659278936264018455837288001931e-06
4834,-3.0013660329610420936588544016387913870858e-06
4835,-3.0013660340891248079768678647116786351035e-06
4836,-3.0013660330179601666155016215231654541640e-06
4837,-3.0013660334692910846481148784414827446199e-06
4838,-3.0013660322659278936264018455837288001931e-06
4839,-3.0013660322659278936264018455837288001931e-06
4840,-3.0013660329610420936588544016387913870858e-06
4841,-3.0013660340891248079768678647116786351035e-06
4842,-3.0013660330179601666155016215231654541640e-06
4843,-3.0013660334692910846481148784414827446199e-06
4844,-3.0013660322659278936264018455837288001931e-06
4845,-3.0013660322659278936264018455837288001931e-06
4846,-3.0013660329610420936588544016387913870858e-06
4847,-3.0013660340891248079768678647116786351035e-06
4848,-3.0013660330179601666155016215231654541640e-06
4849,-3.0013660334692910846481148784414827446199e-06
4850,-3.0013660322659278936264018455837288001931e-06
4851,-3.0013660322659278936264018455837288001931e-06
4852,-3.0013660322659278936264018455837288001931e-06
4853,-3.0013660329610420936588544016387913870858e-06
4854,-3.0013660340891248079768678647116786351035e-06
4855,-3.0013660330179601666155016215231654541640e-06
4856,-3.0013660334692910846481148784414827446199e-06
4857,-3.0013660322659278936264018455837288001931e-06
4858,-3.0013660322659278936264018455837288001931e-06
4859,-3.0013660329610420936588544016387913870858e-06
4860,-3.0013660340891248079768678647116786351035e-06
4861,-3.0013660330179601666155016215231654541640e-06
4862,-3.0013660334692910846481148784414827446199e-06
4863,-3.0013660322659278936264018455837288001931e-06
4864,-3.0013660322659278936264018455837288001931e-06
4865,-3.0013660329610420936588544016387913870858e-06
4866,-3.0013660340891248079768678647116786351035e-06
4867,-3.0013660330179601666155016215231654541640e-06
4868,-3.0013660334692910846481148784414827446199e-06
4869,-3.0013660322659278936264018455837288001931e-06
4870,-3.0013660322659278936264018455837288001931e-06
4871,-3.0013660329610420936588544016387913870858e-06
4872,-3.0013660340891248079768678647116786351035e-06
4873,-3.0013660330179601666155016215231654541640e-06
4874,-3.0013660334692910846481148784414827446199e-06
4875,-3.0013660322659278936264018455837288001931e-06
4876,-3.0013660322659278936264018455837288001931e-06
4877,-3.0013660322659278936264018455837288001931e-06
4878,-3.0013660329610420936588544016387913870858e-06
4879,-3.0013660340891248079768678647116786351035e-06
4880,-3.0013660330179601666155016215231654541640e-06
4881,-3.0013660334692910846481148784414827446199e-06
4882,-3.0013660322659278936264018455837288001931e-06
4883,-3.0013660322659278936264018455837288001931e-06
4884,-3.0013660329610420936588544016387913870858e-06
4885,-3.0013660340891248079768678647116786351035e-06
4886,-3.0013660330179601666155016215231654541640e-06
4887,-3.0013660334692910846481148784414827446199e-06
4888,-3.0013660322659278936264018455837288001931e-06
4889,-3.0013660322659278936264018455837288001931e-06
4890,-3.0013660329610420936588544016387913870858e-06
4891,-3.0013660340891248079768678647116786351035e-06
4892,-3.0013660330179601666155016215231654541640e-06
4893,-3.0013660334692910846481148784414827446199e-06
4894,-3.0013660322659278936264018455837288001931e-06
4895,-3.0013660322659278936264018455837288001931e-06
4896,-3.0013660329610420936588544016387913870858e-06
4897,-3.0013660340891248079768678647116786351035e-06
4898,-3.0013660330179601666155016215231654541640e-06
4899,-3.0013660334692910846481148784414827446199e-06
4900,-3.0013660322659278936264018455837288001931e-06
4901,-3.0013660322659278936264018455837288001931e-06
4902,-3.0013660322659278936264018455837288001931e-06
4903,-3.0013660329610420936588544016387913870858e-06
4904,-3.0013660340891248079768678647116786351035e-06
4905,-3.0013660330179601666155016215231654541640e-06
4906,-3.0013660334692910846481148784414827446199e-06
4907,-3.0013660322659278936264018455837288001931e-06
4908,-3.0013660322659278936264018455837288001931e-06
4909,-3.0013660329610420936588544016387913870858e-06
4910,-3.0013660340891248079768678647116786351035e-06
4911,-3.0013660330179601666155016215231654541640e-06
4912,-3.0013660334692910846481148784414827446199e-06
4913,-3.0013660322659278936264018455837288001931e-06
4914,-3.0013660322659278936264018455837288001931e-06
4915,-3.0013660329610420936588544016387913870858e-06
4916,-3.0013660340891248079768678647116786351035e-06
4917,-3.0013660330179601666155016215231654541640e-06
4918,-3.0013660334692910846481148784414827446199e-06
4919,-3.0013660322659278936264018455837288001931e-06
4920,-3.0013660322659278936264018455837288001931e-06
4921,-3.0013660329610420936588544016387913870858e-06
4922,-3.0013660340891248079768678647116786351035e-06
4923,-3.0013660330179601666155016215231654541640e-06
4924,-3.0013660334692910846481148784414827446199e-06
4925,-3.0013660322659278936264018455837288001931e-06
4926,-3.0013660322659278936264018455837288001931e-06
4927,-3.0013660322659278936264018455837288001931e-06
4928,-3.0013660329610420936588544016387913870858e-06
4929,-3.0013660340891248079768678647116786351035e-06
4930,-3.0013660330179601666155016215231654541640e-06
4931,-3.0013660334692910846481148784414827446199e-06
4932,-3.0013660322659278936264018455837288001931e-06
4933,-3.0013660322659278936264018455837288001931e-06
4934,-3.0013660329610420936588544016387913870858e-06
4935,-3.0013660340891248079768678647116786351035e-06
4936,-3.0013660330179601666155016215231654541640e-06
4937,-3.0013660334692910846481148784414827446199e-06
4938,-3.0013660322659278936264018455837288001931e-06
4939,-3.0013660322659278936264018455837288001931e-06
4940,-3.0013660329610420936588544016387913870858e-06
4941,-3.0013660340891248079768678647116786351035e-06
4942,-3.0013660330179601666155016215231654541640e-06
4943,-3.0013660334692910846481148784414827446199e-06
4944,-3.0013660322659278936264018455837288001931e-06
4945,-3.0013660322659278936264018455837288001931e-06
4946,-3.0013660329610420936588544016387913870858e-06
4947,-3.0013660340891248079768678647116786351035e-06
4948,-3.0013660336776421314313595400946610425308e-06
4949,5.9605030204878865777484410630775312258302e-17
4950,-1.6633590173498668556588822854613624382042e-16
4951,-3.0026082187725552584379399428948786976434e-06
4952,-3.0026082183540951479894243192347857984714e-06
4953,-3.0026082189067532293702805085144902363936e-06
4954,-3.0026082181708738746853202400410864925107e-06
4955,-3.0026082183540951479894243192347857984714e-06
4956,-3.0026082189067532293702805085144902363936e-06
4957,-3.0026082181708738746853202400410864925107e-06
4958,-3.0026082183540951479894243192347857984714e-06
4959,-3.0026082189067532293702805085144902363936e-06
4960,-3.0026082181708738746853202400410864925107e-06
4961,-3.0026082183540951479894243192347857984714e-06
4962,-3.0026082170003463393803937869774856039840e-06
4963,-3.0026082195084350366393738385184519756876e-06
4964,-3.0026082181708738746853202400410864925107e-06
4965,-3.0026082161991510035832335379080149095898e-06
4966,-3.0026082169675102601471335800331630139226e-06
4967,-3.0026082183540951479894243192347857984714e-06
4968,-3.0026082170003463393803937869774856039840e-06
4969,-3.0026082195084350366393738385184519756876e-06
4970,-3.0026082181708738746853202400410864925107e-06
4971,-3.0026082183540951479894243192347857984714e-06
4972,-3.0026082189067532293702805085144902363936e-06
4973,-3.0026082181708738746853202400410864925107e-06
4974,-3.0026082183540951479894243192347857984714e-06
4975,-3.0026082189067532293702805085144902363936e-06
4976,-3.0026082181708738746853202400410864925107e-06
4977,-3.0026082183540951479894243192347857984714e-06
4978,-3.0026082189067532293702805085144902363936e-06
4979,-3.0026082181708738746853202400410864925107e-06
4980,-3.0026082183540951479894243192347857984714e-06
4981,-3.0026082170003463393803937869774856039840e-06
4982,-3.0026082195084350366393738385184519756876e-06
4983,-3.0026082181708738746853202400410864925107e-06
4984,-3.0026082161991510035832335379080149095898e-06
4985,-3.0026082169675102601471335800331630139226e-06
4986,-3.0026082183540951479894243192347857984714e-06
4987,-3.0026082170003463393803937869774856039840e-06
4988,-3.0026082195084350366393738385184519756876e-06
4989,-3.0026082181708738746853202400410864925107e-06
4990,-3.0026082161991510035832335379080149095898e-06
4991,-3.0026082169675102601471335800331630139226e-06
4992,-3.0026082183540951479894243192347857984714e-06
4993,-3.0026082170003463393803937869774856039840e-06
4994,-3.0026082195084350366393738385184519756876e-06
4995,-3.0026082181708738746853202400410864925107e-06
4996,-3.0026082161991510035832335379080149095898e-06
4997,-3.0026082169675102601471335800331630139226e-06
4998,-3.0026082183540951479894243192347857984714e-06
4999,-3.0026082170003463393803937869774856039840e-06
5000,-3.0026082195084350366393738385184519756876e-06
5001,-3.0026082181708738746853202400410864925107e-06
5002,-3.0026082161991510035832335379080149095898e-06
5003,-3.0026082169675102601471335800331630139226e-06
5004,-3.0026082183540951479894243192347857984714e-06
5005,-3.0026082170003463393803937869774856039840e-06
5006,-3.0026082182037095304021068198352395484108e-06
5007,-3.0026082195084350366393738385184519756876e-06
5008,-3.0026082181708738746853202400410864925107e-06
5009,-3.0026082189393767033337798860737066775073e-06
5010,-3.0026082183213120083153675060616549785664e-06
5011,-3.0026082153455442336252925739081831579824e-06
5012,-3.0026082165326672619492989063649801551037e-06
5013,-3.0026082195246756228535541660695784571544e-06
5014,-3.0026082153455442336252925739081831579824e-06
5015,-3.0026082165326672619492989063649801551037e-06
5016,-3.0026082195246756228535541660695784571544e-06
5017,-3.0026082153455442336252925739081831579824e-06
5018,-3.0026082165326672619492989063649801551037e-06
5019,-3.0026082209111173621277589285138986952006e-06
5020,-3.0026082183377122602401052692266958388245e-06
5021,-3.0026082195246756228535541660695784571544e-06
5022,-3.0026082153455442336252925739081831579824e-06
5023,-3.0026082165326672619492989063649801551037e-06
5024,-3.0026082195246756228535541660695784571544e-06
5025,-3.0026082153455442336252925739081831579824e-06
5026,-3.0026082165326672619492989063649801551037e-06
5027,-3.0026082195246756228535541660695784571544e-06
5028,-3.0026082153455442336252925739081831579824e-06
5029,-3.0026082165326672619492989063649801551037e-06
5030,-3.0026082195246756228535541660695784571544e-06
5031,-3.0026082153455442336252925739081831579824e-06
5032,-3.0026082165326672619492989063649801551037e-06
5033,-3.0026082209111173621277589285138986952006e-06
5034,-3.0026082183377122602401052692266958388245e-06
5035,-3.0026082195246756228535541660695784571544e-06
5036,-3.0026082153455442336252925739081831579824e-06
5037,-3.0026082165326672619492989063649801551037e-06
5038,-3.0026082195246756228535541660695784571544e-06
5039,-3.0026082153455442336252925739081831579824e-06
5040,-3.0026082165326672619492989063649801551037e-06
5041,-3.0026082195246756228535541660695784571544e-06
5042,-3.0026082153455442336252925739081831579824e-06
5043,-3.0026082165326672619492989063649801551037e-06
5044,-3.0026082195246756228535541660695784571544e-06
5045,-3.0026082153455442336252925739081831579824e-06
5046,-3.0026082165326672619492989063649801551037e-06
5047,-3.0026082209111173621277589285138986952006e-06
5048,-3.0026082183377122602401052692266958388245e-06
5049,-3.0026082195246756228535541660695784571544e-06
5050,-3.0026082153455442336252925739081831579824e-06
5051,-3.0026082165326672619492989063649801551037e-06
5052,-3.0026082195246756228535541660695784571544e-06
5053,-3.0026082153455442336252925739081831579824e-06
5054,-3.0026082165326672619492989063649801551037e-06
5055,-3.0026082209111173621277589285138986952006e-06
5056,-3.0026082165000090596349621024918619127675e-06
5057,-3.0026082181708738746853202400410864925107e-06
5058,-3.0026082183540951479894243192347857984714e-06
5059,-3.0026082189067532293702805085144902363936e-06
5060,-3.0026082181708738746853202400410864925107e-06
5061,-3.0026082183540951479894243192347857984714e-06
5062,-3.0026082189067532293702805085144902363936e-06
5063,-3.0026082181708738746853202400410864925107e-06
5064,-3.0026082183540951479894243192347857984714e-06
5065,-3.0026082170003463393803937869774856039840e-06
5066,-3.0026082195084350366393738385184519756876e-06
5067,-3.0026082181708738746853202400410864925107e-06
5068,-3.0026082183540951479894243192347857984714e-06
5069,-3.0026082189067532293702805085144902363936e-06
5070,-3.0026082181708738746853202400410864925107e-06
5071,-3.0026082183540951479894243192347857984714e-06
5072,-3.0026082189067532293702805085144902363936e-06
5073,-3.0026082181708738746853202400410864925107e-06
5074,-3.0026082183540951479894243192347857984714e-06
5075,-3.0026082189067532293702805085144902363936e-06
5076,-3.0026082181708738746853202400410864925107e-06
5077,-3.0026082183540951479894243192347857984714e-06
5078,-3.0026082189067532293702805085144902363936e-06
5079,-3.0026082181708738746853202400410864925107e-06
5080,-3.0026082183540951479894243192347857984714e-06
5081,-3.0026082189067532293702805085144902363936e-06
5082,-3.0026082181708738746853202400410864925107e-06
5083,-3.0026082183540951479894243192347857984714e-06
5084,-3.0026082189067532293702805085144902363936e-06
5085,-3.0026082181708738746853202400410864925107e-06
5086,-3.0026082183540951479894243192347857984714e-06
5087,-3.0026082189067532293702805085144902363936e-06
5088,-3.0026082181708738746853202400410864925107e-06
5089,-3.0026082183540951479894243192347857984714e-06
5090,-3.0026082170003463393803937869774856039840e-06
5091,-3.0026082195084350366393738385184519756876e-06
5092,-3.0026082181708738746853202400410864925107e-06
5093,-3.0026082183540951479894243192347857984714e-06
5094,-3.0026082189067532293702805085144902363936e-06
5095,-3.0026082181708738746853202400410864925107e-06
5096,-3.0026082183540951479894243192347857984714e-06
5097,-3.0026082189067532293702805085144902363936e-06
5098,-3.0026082181708738746853202400410864925107e-06
5099,-3.0026082183540951479894243192347857984714e-06
5100,-3.0026082189067532293702805085144902363936e-06
5101,-3.0026082181708738746853202400410864925107e-06
5102,-3.0026082183540951479894243192347857984714e-06
5103,-3.0026082189067532293702805085144902363936e-06
5104,-3.0026082181708738746853202400410864925107e-06
5105,-3.0026082183540951479894243192347857984714e-06
5106,-3.0026082189067532293702805085144902363936e-06
5107,-3.0026082181708738746853202400410864925107e-06
5108,-3.0026082183540951479894243192347857984714e-06
5109,-3.0026082189067532293702805085144902363936e-06
5110,-3.0026082181708738746853202400410864925107e-06
5111,-3.0026082183540951479894243192347857984714e-06
5112,-3.0026082189067532293702805085144902363936e-06
5113,-3.0026082181708738746853202400410864925107e-06
5114,-3.0026082183540951479894243192347857984714e-06
5115,-3.0026082170003463393803937869774856039840e-06
5116,-3.0026082195084350366393738385184519756876e-06
5117,-3.0026082181708738746853202400410864925107e-06
5118,-3.0026082183540951479894243192347857984714e-06
5119,-3.0026082189067532293702805085144902363936e-06
5120,-3.0026082181708738746853202400410864925107e-06
5121,-3.0026082183540951479894243192347857984714e-06
5122,-3.0026082189067532293702805085144902363936e-06
5123,-3.0026082181708738746853202400410864925107e-06
5124,-3.0026082183540951479894243192347857984714e-06
5125,-3.0026082189067532293702805085144902363936e-06
5126,-3.0026082181708738746853202400410864925107e-06
5127,-3.0026082183540951479894243192347857984714e-06
5128,-3.0026082189067532293702805085144902363936e-06
5129,-3.0026082181708738746853202400410864925107e-06
5130,-3.0026082183540951479894243192347857984714e-06
5131,-3.0026082189067532293702805085144902363936e-06
5132,-3.0026082181708738746853202400410864925107e-06
5133,-3.0026082183540951479894243192347857984714e-06
5134,-3.0026082189067532293702805085144902363936e-06
5135,-3.0026082181708738746853202400410864925107e-06
5136,-3.0026082183540951479894243192347857984714e-06
5137,-3.0026082189067532293702805085144902363936e-06
5138,-3.0026082181708738746853202400410864925107e-06
5139,-3.0026082183540951479894243192347857984714e-06
5140,-3.0026082189067532293702805085144902363936e-06
5141,-3.0026082181708738746853202400410864925107e-06
5142,-3.0026082183540951479894243192347857984714e-06
5143,-3.0026082170003463393803937869774856039840e-06
5144,-3.0026082195084350366393738385184519756876e-06
5145,-3.0026082181708738746853202400410864925107e-06
5146,-3.0026082183540951479894243192347857984714e-06
5147,-3.0026082189067532293702805085144902363936e-06
5148,-3.0026082181708738746853202400410864925107e-06
5149,-3.0026082183540951479894243192347857984714e-06
5150,-3.0026082189067532293702805085144902363936e-06
5151,-3.0026082181708738746853202400410864925107e-06
5152,-3.0026082183540951479894243192347857984714e-06
5153,-3.0026082189067532293702805085144902363936e-06
5154,-3.0026082181708738746853202400410864925107e-06
5155,-3.0026082183540951479894243192347857984714e-06
5156,-3.0026082189067532293702805085144902363936e-06
5157,-3.0026082181708738746853202400410864925107e-06
5158,-3.0026082183540951479894243192347857984714e-06
5159,-3.0026082189067532293702805085144902363936e-06
5160,-3.0026082181708738746853202400410864925107e-06
5161,-3.0026082183540951479894243192347857984714e-06
5162,-3.0026082170003463393803937869774856039840e-06
5163,-3.0026082182037095304021068198352395484108e-06
5164,-3.0026082205285778013899300464828456824762e-06
5165,-3.0026082146621110414519504466790422725353e-06
5166,-3.0026082163985942283766783500453811939224e-06
5167,-3.0026082194070727214238198526929934928376e-06
5168,-3.0026082182037095304021068198352395484108e-06
5169,-3.0026082182037095304021068198352395484108e-06
5170,-3.0026082205285778013899300464828456824762e-06
5171,-3.0026082146621110414519504466790422725353e-06
5172,-3.0026082163985942283766783500453811939224e-06
5173,-3.0026082194070727214238198526929934928376e-06
5174,-3.0026082182037095304021068198352395484108e-06
5175,-3.0026082182037095304021068198352395484108e-06
5176,-3.0026082205285778013899300464828456824762e-06
5177,-3.0026082146621110414519504466790422725353e-06
5178,-3.0026082163985942283766783500453811939224e-06
5179,-3.0026082194070727214238198526929934928376e-06
5180,-3.0026082182037095304021068198352395484108e-06
5181,-3.0026082182037095304021068198352395484108e-06
5182,-3.0026082182037095304021068198352395484108e-06
5183,-3.0026082205285778013899300464828456824762e-06
5184,-3.0026082146621110414519504466790422725353e-06
5185,-3.0026082163985942283766783500453811939224e-06
5186,-3.0026082194070727214238198526929934928376e-06
5187,-3.0026082182037095304021068198352395484108e-06
5188,-3.0026082182037095304021068198352395484108e-06
5189,-3.0026082205285778013899300464828456824762e-06
5190,-3.0026082146621110414519504466790422725353e-06
5191,-3.0026082163985942283766783500453811939224e-06
5192,-3.0026082194070727214238198526929934928376e-06
5193,-3.0026082182037095304021068198352395484108e-06
5194,-3.0026082182037095304021068198352395484108e-06
5195,-3.0026082205285778013899300464828456824762e-06
5196,-3.0026082146621110414519504466790422725353e-06
5197,-3.0026082163985942283766783500453811939224e-06
5198,-3.0026082194070727214238198526929934928376e-06
5199,-3.0026082182037095304021068198352395484108e-06
5200,-3.0026082182037095304021068198352395484108e-06
5201,-3.0026082205285778013899300464828456824762e-06
5202,-3.0026082146621110414519504466790422725353e-06
5203,-3.0026082163985942283766783500453811939224e-06
5204,-3.0026082194070727214238198526929934928376e-06
5205,-3.0026082182037095304021068198352395484108e-06
5206,-3.0026082182037095304021068198352395484108e-06
5207,-3.0026082182037095304021068198352395484108e-06
5208,-3.0026082205285778013899300464828456824762e-06
5209,-3.0026082146621110414519504466790422725353e-06
5210,-3.0026082163985942283766783500453811939224e-06
5211,-3.0026082194070727214238198526929934928376e-06
5212,-3.0026082182037095304021068198352395484108e-06
5213,-3.0026082182037095304021068198352395484108e-06
5214,-3.0026082205285778013899300464828456824762e-06
5215,-3.0026082146621110414519504466790422725353e-06
5216,-3.0026082163985942283766783500453811939224e-06
5217,-3.0026082194070727214238198526929934928376e-06
5218,-3.0026082182037095304021068198352395484108e-06
5219,-3.0026082182037095304021068198352395484108e-06
5220,-3.0026082205285778013899300464828456824762e-06
5221,-3.0026082146621110414519504466790422725353e-06
5222,-3.0026082163985942283766783500453811939224e-06
5223,-3.0026082194070727214238198526929934928376e-06
5224,-3.0026082182037095304021068198352395484108e-06
5225,-3.0026082182037095304021068198352395484108e-06
5226,-3.0026082205285778013899300464828456824762e-06
5227,-3.0026082146621110414519504466790422725353e-06
5228,-3.0026082163985942283766783500453811939224e-06
5229,-3.0026082194070727214238198526929934928376e-06
5230,-3.0026082182037095304021068198352395484108e-06
5231,-3.0026082182037095304021068198352395484108e-06
5232,-3.0026082182037095304021068198352395484108e-06
5233,-3.0026082205285778013899300464828456824762e-06
5234,-3.0026082146621110414519504466790422725353e-06
5235,-3.0026082163985942283766783500453811939224e-06
5236,-3.0026082194070727214238198526929934928376e-06
5237,-3.0026082182037095304021068198352395484108e-06
5238,-3.0026082182037095304021068198352395484108e-06
5239,-3.0026082205285778013899300464828456824762e-06
5240,-3.0026082146621110414519504466790422725353e-06
5241,-3.0026082163985942283766783500453811939224e-06
5242,-3.0026082194070727214238198526929934928376e-06
5243,-3.0026082182037095304021068198352395484108e-06
5244,-3.0026082182037095304021068198352395484108e-06
5245,-3.0026082205285778013899300464828456824762e-06
5246,-3.0026082146621110414519504466790422725353e-06
5247,-3.0026082163985942283766783500453811939224e-06
5248,-3.0026082194070727214238198526929934928376e-06
5249,-3.0026082182037095304021068198352395484108e-06
5250,-3.0026082182037095304021068198352395484108e-06
5251,-3.0026082205285778013899300464828456824762e-06
5252,-3.0026082146621110414519504466790422725353e-06
5253,-3.0026082163985942283766783500453811939224e-06
5254,-3.0026082194070727214238198526929934928376e-06
5255,-3.0026082182037095304021068198352395484108e-06
5256,-3.0026082182037095304021068198352395484108e-06
5257,-3.0026082182037095304021068198352395484108e-06
5258,-3.0026082205285778013899300464828456824762e-06
5259,-3.0026082146621110414519504466790422725353e-06
5260,-3.0026082163985942283766783500453811939224e-06
5261,-3.0026082194070727214238198526929934928376e-06
5262,-3.0026082182037095304021068198352395484108e-06
5263,-3.0026082182037095304021068198352395484108e-06
5264,-3.0026082205285778013899300464828456824762e-06
5265,-3.0026082146621110414519504466790422725353e-06
5266,-3.0026082163985942283766783500453811939224e-06
5267,-3.0026082194070727214238198526929934928376e-06
5268,-3.0026082182037095304021068198352395484108e-06
5269,-3.0026082182037095304021068198352395484108e-06
5270,-3.0026082205285778013899300464828456824762e-06
5271,-3.0026082146621110414519504466790422725353e-06
5272,-3.0026082163985942283766783500453811939224e-06
5273,-3.0026082194070727214238198526929934928376e-06
5274,-3.0026082182037095304021068198352395484108e-06
5275,-3.0026082182037095304021068198352395484108e-06
5276,-3.0026082205285778013899300464828456824762e-06
5277,-3.0026082146621110414519504466790422725353e-06
5278,-3.0026082167851665129763849559907384900725e-06
5279,-5.2023769818635776806866580426451540466206e-16
5280,3.8913495230972755839259077756819419404574e-16
5281,-3.0042756195741095569663563213946844143720e-06
5282,-3.0042756208820855521387117176290715292453e-06
5283,-3.0042756278842363000633648717485613133249e-06
5284,-3.0042756231841995535479690471181157818137e-06
5285,-3.0042756208820855521387117176290715292453e-06
5286,-3.0042756278842363000633648717485613133249e-06
5287,-3.0042756231841995535479690471181157818137e-06
5288,-3.0042756208820855521387117176290715292453e-06
5289,-3.0042756278842363000633648717485613133249e-06
5290,-3.0042756231841995535479690471181157818137e-06
5291,-3.0042756208820855521387117176290715292453e-06
5292,-3.0042756259964150070021320082513938132251e-06
5293,-3.0042756302909631056232645646142387363398e-06
5294,-3.0042756231841995535479690471181157818137e-06
5295,-3.0042756205136008090946734411241791917746e-06
5296,-3.0042756183707463659446432885369304699452e-06
5297,-3.0042756208820855521387117176290715292453e-06
5298,-3.0042756259964150070021320082513938132251e-06
5299,-3.0042756302909631056232645646142387363398e-06
5300,-3.0042756231841995535479690471181157818137e-06
5301,-3.0042756208820855521387117176290715292453e-06
5302,-3.0042756278842363000633648717485613133249e-06
5303,-3.0042756231841995535479690471181157818137e-06
5304,-3.0042756208820855521387117176290715292453e-06
5305,-3.0042756278842363000633648717485613133249e-06
5306,-3.0042756231841995535479690471181157818137e-06
5307,-3.0042756208820855521387117176290715292453e-06
5308,-3.0042756278842363000633648717485613133249e-06
5309,-3.0042756231841995535479690471181157818137e-06
5310,-3.0042756208820855521387117176290715292453e-06
5311,-3.0042756259964150070021320082513938132251e-06
5312,-3.0042756302909631056232645646142387363398e-06
5313,-3.0042756231841995535479690471181157818137e-06
5314,-3.0042756205136008090946734411241791917746e-06
5315,-3.0042756183707463659446432885369304699452e-06
5316,-3.0042756208820855521387117176290715292453e-06
5317,-3.0042756259964150070021320082513938132251e-06
5318,-3.0042756302909631056232645646142387363398e-06
5319,-3.0042756231841995535479690471181157818137e-06
5320,-3.0042756205136008090946734411241791917746e-06
5321,-3.0042756183707463659446432885369304699452e-06
5322,-3.0042756208820855521387117176290715292453e-06
5323,-3.0042756259964150070021320082513938132251e-06
5324,-3.0042756302909631056232645646142387363398e-06
5325,-3.0042756231841995535479690471181157818137e-06
5326,-3.0042756205136008090946734411241791917746e-06
5327,-3.0042756183707463659446432885369304699452e-06
5328,-3.0042756208820855521387117176290715292453e-06
5329,-3.0042756259964150070021320082513938132251e-06
5330,-3.0042756302909631056232645646142387363398e-06
5331,-3.0042756231841995535479690471181157818137e-06
5332,-3.0042756205136008090946734411241791917746e-06
5333,-3.0042756183707463659446432885369304699452e-06
5334,-3.0042756208820855521387117176290715292453e-06
5335,-3.0042756259964150070021320082513938132251e-06
5336,-3.0042756284031418125620317011170712362400e-06
5337,-3.0042756302909631056232645646142387363398e-06
5338,-3.0042756231841995535479690471181157818137e-06
5339,-3.0042756219579321681160261059417848628073e-06
5340,-3.0042756237858987249924810902790284217190e-06
5341,-3.0042756234251681450640823062281370425808e-06
5342,-3.0042756237629945305822511819604514471393e-06
5343,-3.0042756310060787181557065417258911566023e-06
5344,-3.0042756234251681450640823062281370425808e-06
5345,-3.0042756237629945305822511819604514471393e-06
5346,-3.0042756310060787181557065417258911566023e-06
5347,-3.0042756234251681450640823062281370425808e-06
5348,-3.0042756237629945305822511819604514471393e-06
5349,-3.0042756316983079239698109508260870370577e-06
5350,-3.0042756309831745237454766334073141820227e-06
5351,-3.0042756310060787181557065417258911566023e-06
5352,-3.0042756234251681450640823062281370425808e-06
5353,-3.0042756237629945305822511819604514471393e-06
5354,-3.0042756310060787181557065417258911566023e-06
5355,-3.0042756234251681450640823062281370425808e-06
5356,-3.0042756237629945305822511819604514471393e-06
5357,-3.0042756310060787181557065417258911566023e-06
5358,-3.0042756234251681450640823062281370425808e-06
5359,-3.0042756237629945305822511819604514471393e-06
5360,-3.0042756310060787181557065417258911566023e-06
5361,-3.0042756234251681450640823062281370425808e-06
5362,-3.0042756237629945305822511819604514471393e-06
5363,-3.0042756316983079239698109508260870370577e-06
5364,-3.0042756309831745237454766334073141820227e-06
5365,-3.0042756310060787181557065417258911566023e-06
5366,-3.0042756234251681450640823062281370425808e-06
5367,-3.0042756237629945305822511819604514471393e-06
5368,-3.0042756310060787181557065417258911566023e-06
5369,-3.0042756234251681450640823062281370425808e-06
5370,-3.0042756237629945305822511819604514471393e-06
5371,-3.0042756310060787181557065417258911566023e-06
5372,-3.0042756234251681450640823062281370425808e-06
5373,-3.0042756237629945305822511819604514471393e-06
5374,-3.0042756310060787181557065417258911566023e-06
5375,-3.0042756234251681450640823062281370425808e-06
5376,-3.0042756237629945305822511819604514471393e-06
5377,-3.0042756316983079239698109508260870370577e-06
5378,-3.0042756309831745237454766334073141820227e-06
5379,-3.0042756310060787181557065417258911566023e-06
5380,-3.0042756234251681450640823062281370425808e-06
5381,-3.0042756237629945305822511819604514471393e-06
5382,-3.0042756310060787181557065417258911566023e-06
5383,-3.0042756234251681450640823062281370425808e-06
5384,-3.0042756237629945305822511819604514471393e-06
5385,-3.0042756316983079239698109508260870370577e-06
5386,-3.0042756304413660873860007771707358870117e-06
5387,-3.0042756243875627445696820799758697262405e-06
5388,-3.0042756208820855521387117176290715292453e-06
5389,-3.0042756278842363000633648717485613133249e-06
5390,-3.0042756231841995535479690471181157818137e-06
5391,-3.0042756208820855521387117176290715292453e-06
5392,-3.0042756278842363000633648717485613133249e-06
5393,-3.0042756231841995535479690471181157818137e-06
5394,-3.0042756208820855521387117176290715292453e-06
5395,-3.0042756259964150070021320082513938132251e-06
5396,-3.0042756302909631056232645646142387363398e-06
5397,-3.0042756231841995535479690471181157818137e-06
5398,-3.0042756208820855521387117176290715292453e-06
5399,-3.0042756278842363000633648717485613133249e-06
5400,-3.0042756231841995535479690471181157818137e-06
5401,-3.0042756208820855521387117176290715292453e-06
5402,-3.0042756278842363000633648717485613133249e-06
5403,-3.0042756231841995535479690471181157818137e-06
5404,-3.0042756208820855521387117176290715292453e-06
5405,-3.0042756278842363000633648717485613133249e-06
5406,-3.0042756231841995535479690471181157818137e-06
5407,-3.0042756208820855521387117176290715292453e-06
5408,-3.0042756278842363000633648717485613133249e-06
5409,-3.0042756231841995535479690471181157818137e-06
5410,-3.0042756208820855521387117176290715292453e-06
5411,-3.0042756278842363000633648717485613133249e-06
5412,-3.0042756231841995535479690471181157818137e-06
5413,-3.0042756208820855521387117176290715292453e-06
5414,-3.0042756278842363000633648717485613133249e-06
5415,-3.0042756231841995535479690471181157818137e-06
5416,-3.0042756208820855521387117176290715292453e-06
5417,-3.0042756278842363000633648717485613133249e-06
5418,-3.0042756231841995535479690471181157818137e-06
5419,-3.0042756208820855521387117176290715292453e-06
5420,-3.0042756259964150070021320082513938132251e-06
5421,-3.0042756302909631056232645646142387363398e-06
5422,-3.0042756231841995535479690471181157818137e-06
5423,-3.0042756208820855521387117176290715292453e-06
5424,-3.0042756278842363000633648717485613133249e-06
5425,-3.0042756231841995535479690471181157818137e-06
5426,-3.0042756208820855521387117176290715292453e-06
5427,-3.0042756278842363000633648717485613133249e-06
5428,-3.0042756231841995535479690471181157818137e-06
5429,-3.0042756208820855521387117176290715292453e-06
5430,-3.0042756278842363000633648717485613133249e-06
5431,-3.0042756231841995535479690471181157818137e-06
5432,-3.0042756208820855521387117176290715292453e-06
5433,-3.0042756278842363000633648717485613133249e-06
5434,-3.0042756231841995535479690471181157818137e-06
5435,-3.0042756208820855521387117176290715292453e-06
5436,-3.0042756278842363000633648717485613133249e-06
5437,-3.0042756231841995535479690471181157818137e-06
5438,-3.0042756208820855521387117176290715292453e-06
5439,-3.0042756278842363000633648717485613133249e-06
5440,-3.0042756231841995535479690471181157818137e-06
5441,-3.0042756208820855521387117176290715292453e-06
5442,-3.0042756278842363000633648717485613133249e-06
5443,-3.0042756231841995535479690471181157818137e-06
5444,-3.0042756208820855521387117176290715292453e-06
5445,-3.0042756259964150070021320082513938132251e-06
5446,-3.0042756302909631056232645646142387363398e-06
5447,-3.0042756231841995535479690471181157818137e-06
5448,-3.0042756208820855521387117176290715292453e-06
5449,-3.0042756278842363000633648717485613133249e-06
5450,-3.0042756231841995535479690471181157818137e-06
5451,-3.0042756208820855521387117176290715292453e-06
5452,-3.0042756278842363000633648717485613133249e-06
5453,-3.0042756231841995535479690471181157818137e-06
5454,-3.0042756208820855521387117176290715292453e-06
5455,-3.0042756278842363000633648717485613133249e-06
5456,-3.0042756231841995535479690471181157818137e-06
5457,-3.0042756208820855521387117176290715292453e-06
5458,-3.0042756278842363000633648717485613133249e-06
5459,-3.0042756231841995535479690471181157818137e-06
5460,-3.0042756208820855521387117176290715292453e-06
5461,-3.0042756278842363000633648717485613133249e-06
5462,-3.0042756231841995535479690471181157818137e-06
5463,-3.0042756208820855521387117176290715292453e-06
5464,-3.0042756278842363000633648717485613133249e-06
5465,-3.0042756231841995535479690471181157818137e-06
5466,-3.0042756208820855521387117176290715292453e-06
5467,-3.0042756278842363000633648717485613133249e-06
5468,-3.0042756231841995535479690471181157818137e-06
5469,-3.0042756208820855521387117176290715292453e-06
5470,-3.0042756278842363000633648717485613133249e-06
5471,-3.0042756231841995535479690471181157818137e-06
5472,-3.0042756208820855521387117176290715292453e-06
5473,-3.0042756259964150070021320082513938132251e-06
5474,-3.0042756302909631056232645646142387363398e-06
5475,-3.0042756231841995535479690471181157818137e-06
5476,-3.0042756208820855521387117176290715292453e-06
5477,-3.0042756278842363000633648717485613133249e-06
5478,-3.0042756231841995535479690471181157818137e-06
5479,-3.0042756208820855521387117176290715292453e-06
5480,-3.0042756278842363000633648717485613133249e-06
5481,-3.0042756231841995535479690471181157818137e-06
5482,-3.0042756208820855521387117176290715292453e-06
5483,-3.0042756278842363000633648717485613133249e-06
5484,-3.0042756231841995535479690471181157818137e-06
5485,-3.0042756208820855521387117176290715292453e-06
5486,-3.0042756278842363000633648717485613133249e-06
5487,-3.0042756231841995535479690471181157818137e-06
5488,-3.0042756208820855521387117176290715292453e-06
5489,-3.0042756278842363000633648717485613133249e-06
5490,-3.0042756231841995535479690471181157818137e-06
5491,-3.0042756208820855521387117176290715292453e-06
5492,-3.0042756259964150070021320082513938132251e-06
5493,-3.0042756284031418125620317011170712362400e-06
5494,-3.0042756279300442653673510612355457283229e-06
5495,-3.0042756190551693161168520657122726902344e-06
5496,-3.0042756187761647101042844498763884075743e-06
5497,-3.0042756296065050035837447339748251806668e-06
5498,-3.0042756284031418125620317011170712362400e-06
5499,-3.0042756284031418125620317011170712362400e-06
5500,-3.0042756279300442653673510612355457283229e-06
5501,-3.0042756190551693161168520657122726902344e-06
5502,-3.0042756187761647101042844498763884075743e-06
5503,-3.0042756296065050035837447339748251806668e-06
5504,-3.0042756284031418125620317011170712362400e-06
5505,-3.0042756284031418125620317011170712362400e-06
5506,-3.0042756279300442653673510612355457283229e-06
5507,-3.0042756190551693161168520657122726902344e-06
5508,-3.0042756187761647101042844498763884075743e-06
5509,-3.0042756296065050035837447339748251806668e-06
5510,-3.0042756284031418125620317011170712362400e-06
5511,-3.0042756284031418125620317011170712362400e-06
5512,-3.0042756284031418125620317011170712362400e-06
5513,-3.0042756279300442653673510612355457283229e-06
5514,-3.0042756190551693161168520657122726902344e-06
5515,-3.0042756187761647101042844498763884075743e-06
5516,-3.0042756296065050035837447339748251806668e-06
5517,-3.0042756284031418125620317011170712362400e-06
5518,-3.0042756284031418125620317011170712362400e-06
5519,-3.0042756279300442653673510612355457283229e-06
5520,-3.0042756190551693161168520657122726902344e-06
5521,-3.0042756187761647101042844498763884075743e-06
5522,-3.0042756296065050035837447339748251806668e-06
5523,-3.0042756284031418125620317011170712362400e-06
5524,-3.0042756284031418125620317011170712362400e-06
5525,-3.0042756279300442653673510612355457283229e-06
5526,-3.0042756190551693161168520657122726902344e-06
5527,-3.0042756187761647101042844498763884075743e-06
5528,-3.0042756296065050035837447339748251806668e-06
5529,-3.0042756284031418125620317011170712362400e-06
5530,-3.0042756284031418125620317011170712362400e-06
5531,-3.0042756279300442653673510612355457283229e-06
5532,-3.0042756190551693161168520657122726902344e-06
5533,-3.0042756187761647101042844498763884075743e-06
5534,-3.0042756296065050035837447339748251806668e-06
5535,-3.0042756284031418125620317011170712362400e-06
5536,-3.0042756284031418125620317011170712362400e-06
5537,-3.0042756284031418125620317011170712362400e-06
5538,-3.0042756279300442653673510612355457283229e-06
5539,-3.0042756190551693161168520657122726902344e-06
5540,-3.0042756187761647101042844498763884075743e-06
5541,-3.0042756296065050035837447339748251806668e-06
5542,-3.0042756284031418125620317011170712362400e-06
5543,-3.0042756284031418125620317011170712362400e-06
5544,-3.0042756279300442653673510612355457283229e-06
5545,-3.0042756190551693161168520657122726902344e-06
5546,-3.0042756187761647101042844498763884075743e-06
5547,-3.0042756296065050035837447339748251806668e-06
5548,-3.0042756284031418125620317011170712362400e-06
5549,-3.0042756284031418125620317011170712362400e-06
5550,-3.0042756279300442653673510612355457283229e-06
5551,-3.0042756190551693161168520657122726902344e-06
5552,-3.0042756187761647101042844498763884075743e-06
5553,-3.0042756296065050035837447339748251806668e-06
5554,-3.0042756284031418125620317011170712362400e-06
5555,-3.0042756284031418125620317011170712362400e-06
5556,-3.0042756279300442653673510612355457283229e-06
5557,-3.0042756190551693161168520657122726902344e-06
5558,-3.0042756187761647101042844498763884075743e-06
5559,-3.0042756296065050035837447339748251806668e-06
5560,-3.0042756284031418125620317011170712362400e-06
5561,-3.0042756284031418125620317011170712362400e-06
5562,-3.0042756284031418125620317011170712362400e-06
5563,-3.0042756279300442653673510612355457283229e-06
5564,-3.0042756190551693161168520657122726902344e-06
5565,-3.0042756187761647101042844498763884075743e-06
5566,-3.0042756296065050035837447339748251806668e-06
5567,-3.0042756284031418125620317011170712362400e-06
5568,-3.0042756284031418125620317011170712362400e-06
5569,-3.0042756279300442653673510612355457283229e-06
5570,-3.0042756190551693161168520657122726902344e-06
5571,-3.0042756187761647101042844498763884075743e-06
5572,-3.0042756296065050035837447339748251806668e-06
5573,-3.0042756284031418125620317011170712362400e-06
5574,-3.0042756284031418125620317011170712362400e-06
5575,-3.0042756279300442653673510612355457283229e-06
5576,-3.0042756190551693161168520657122726902344e-06
5577,-3.0042756187761647101042844498763884075743e-06
5578,-3.0042756296065050035837447339748251806668e-06
5579,-3.0042756284031418125620317011170712362400e-06
5580,-3.0042756284031418125620317011170712362400e-06
5581,-3.0042756279300442653673510612355457283229e-06
5582,-3.0042756190551693161168520657122726902344e-06
5583,-3.0042756187761647101042844498763884075743e-06
5584,-3.0042756296065050035837447339748251806668e-06
5585,-3.0042756284031418125620317011170712362400e-06
5586,-3.0042756284031418125620317011170712362400e-06
5587,-3.0042756284031418125620317011170712362400e-06
5588,-3.0042756279300442653673510612355457283229e-06
5589,-3.0042756190551693161168520657122726902344e-06
5590,-3.0042756187761647101042844498763884075743e-06
5591,-3.0042756296065050035837447339748251806668e-06
5592,-3.0042756284031418125620317011170712362400e-06
5593,-3.0042756284031418125620317011170712362400e-06
5594,-3.0042756279300442653673510612355457283229e-06
5595,-3.0042756190551693161168520657122726902344e-06
5596,-3.0042756187761647101042844498763884075743e-06
5597,-3.0042756296065050035837447339748251806668e-06
5598,-3.0042756284031418125620317011170712362400e-06
5599,-3.0042756284031418125620317011170712362400e-06
5600,-3.0042756279300442653673510612355457283229e-06
5601,-3.0042756190551693161168520657122726902344e-06
5602,-3.0042756187761647101042844498763884075743e-06
5603,-3.0042756296065050035837447339748251806668e-06
5604,-3.0042756284031418125620317011170712362400e-06
5605,-3.0042756284031418125620317011170712362400e-06
5606,-3.0042756279300442653673510612355457283229e-06
5607,-3.0042756190551693161168520657122726902344e-06
5608,-3.0042756177720016454201542449586881389223e-06
5609,-4.3591499099881860782529418132079597170731e-16
5610,4.0368715933721584489256185000861794391244e-17
5611,-3.0063414685555655125740511651732944642390e-06
5612,-3.0063414720785462173435580168767700115495e-06
5613,-3.0063414670000466796654682577472073035096e-06
5614,-3.0063414745723823147155635837624032546955e-06
5615,-3.0063414720785462173435580168767700115495e-06
5616,-3.0063414670000466796654682577472073035096e-06
5617,-3.0063414745723823147155635837624032546955e-06
5618,-3.0063414720785462173435580168767700115495e-06
5619,-3.0063414670000466796654682577472073035096e-06
5620,-3.0063414745723823147155635837624032546955e-06
5621,-3.0063414720785462173435580168767700115495e-06
5622,-3.0063414726802631764799624003448030862273e-06
5623,-3.0063414730168630582905070491861465598049e-06
5624,-3.0063414745723823147155635837624032546955e-06
5625,-3.0063414712117829081323896328603595407003e-06
5626,-3.0063414661488391305306250994577865753854e-06
5627,-3.0063414720785462173435580168767700115495e-06
5628,-3.0063414726802631764799624003448030862273e-06
5629,-3.0063414730168630582905070491861465598049e-06
5630,-3.0063414745723823147155635837624032546955e-06
5631,-3.0063414720785462173435580168767700115495e-06
5632,-3.0063414670000466796654682577472073035096e-06
5633,-3.0063414745723823147155635837624032546955e-06
5634,-3.0063414720785462173435580168767700115495e-06
5635,-3.0063414670000466796654682577472073035096e-06
5636,-3.0063414745723823147155635837624032546955e-06
5637,-3.0063414720785462173435580168767700115495e-06
5638,-3.0063414670000466796654682577472073035096e-06
5639,-3.0063414745723823147155635837624032546955e-06
5640,-3.0063414720785462173435580168767700115495e-06
5641,-3.0063414726802631764799624003448030862273e-06
5642,-3.0063414730168630582905070491861465598049e-06
5643,-3.0063414745723823147155635837624032546955e-06
5644,-3.0063414712117829081323896328603595407003e-06
5645,-3.0063414661488391305306250994577865753854e-06
5646,-3.0063414720785462173435580168767700115495e-06
5647,-3.0063414726802631764799624003448030862273e-06
5648,-3.0063414730168630582905070491861465598049e-06
5649,-3.0063414745723823147155635837624032546955e-06
5650,-3.0063414712117829081323896328603595407003e-06
5651,-3.0063414661488391305306250994577865753854e-06
5652,-3.0063414720785462173435580168767700115495e-06
5653,-3.0063414726802631764799624003448030862273e-06
5654,-3.0063414730168630582905070491861465598049e-06
5655,-3.0063414745723823147155635837624032546955e-06
5656,-3.0063414712117829081323896328603595407003e-06
5657,-3.0063414661488391305306250994577865753854e-06
5658,-3.0063414720785462173435580168767700115495e-06
5659,-3.0063414726802631764799624003448030862273e-06
5660,-3.0063414730168630582905070491861465598049e-06
5661,-3.0063414745723823147155635837624032546955e-06
5662,-3.0063414712117829081323896328603595407003e-06
5663,-3.0063414661488391305306250994577865753854e-06
5664,-3.0063414720785462173435580168767700115495e-06
5665,-3.0063414726802631764799624003448030862273e-06
5666,-3.0063414786970799786214748189339118766839e-06
5667,-3.0063414730168630582905070491861465598049e-06
5668,-3.0063414745723823147155635837624032546955e-06
5669,-3.0063414766860632490962611240714608129565e-06
5670,-3.0063414636907804343012202974438906721844e-06
5671,-3.0063414673086474638880483817304778426660e-06
5672,-3.0063414622457210504617025614848557779624e-06
5673,-3.0063414769277768060894845403296926633629e-06
5674,-3.0063414673086474638880483817304778426660e-06
5675,-3.0063414622457210504617025614848557779624e-06
5676,-3.0063414769277768060894845403296926633629e-06
5677,-3.0063414673086474638880483817304778426660e-06
5678,-3.0063414622457210504617025614848557779624e-06
5679,-3.0063414796431395477392754106427119609179e-06
5680,-3.0063414790928074188315795300940891365826e-06
5681,-3.0063414769277768060894845403296926633629e-06
5682,-3.0063414673086474638880483817304778426660e-06
5683,-3.0063414622457210504617025614848557779624e-06
5684,-3.0063414769277768060894845403296926633629e-06
5685,-3.0063414673086474638880483817304778426660e-06
5686,-3.0063414622457210504617025614848557779624e-06
5687,-3.0063414769277768060894845403296926633629e-06
5688,-3.0063414673086474638880483817304778426660e-06
5689,-3.0063414622457210504617025614848557779624e-06
5690,-3.0063414769277768060894845403296926633629e-06
5691,-3.0063414673086474638880483817304778426660e-06
5692,-3.0063414622457210504617025614848557779624e-06
5693,-3.0063414796431395477392754106427119609179e-06
5694,-3.0063414790928074188315795300940891365826e-06
5695,-3.0063414769277768060894845403296926633629e-06
5696,-3.0063414673086474638880483817304778426660e-06
5697,-3.0063414622457210504617025614848557779624e-06
5698,-3.0063414769277768060894845403296926633629e-06
5699,-3.0063414673086474638880483817304778426660e-06
5700,-3.0063414622457210504617025614848557779624e-06
5701,-3.0063414769277768060894845403296926633629e-06
5702,-3.0063414673086474638880483817304778426660e-06
5703,-3.0063414622457210504617025614848557779624e-06
5704,-3.0063414769277768060894845403296926633629e-06
5705,-3.0063414673086474638880483817304778426660e-06
5706,-3.0063414622457210504617025614848557779624e-06
5707,-3.0063414796431395477392754106427119609179e-06
5708,-3.0063414790928074188315795300940891365826e-06
5709,-3.0063414769277768060894845403296926633629e-06
5710,-3.0063414673086474638880483817304778426660e-06
5711,-3.0063414622457210504617025614848557779624e-06
5712,-3.0063414769277768060894845403296926633629e-06
5713,-3.0063414673086474638880483817304778426660e-06
5714,-3.0063414622457210504617025614848557779624e-06
5715,-3.0063414796431395477392754106427119609179e-06
5716,-3.0063414706101188885551886431635182361788e-06
5717,-3.0063414769791086967589896494779111435491e-06
5718,-3.0063414720785462173435580168767700115495e-06
5719,-3.0063414670000466796654682577472073035096e-06
5720,-3.0063414745723823147155635837624032546955e-06
5721,-3.0063414720785462173435580168767700115495e-06
5722,-3.0063414670000466796654682577472073035096e-06
5723,-3.0063414745723823147155635837624032546955e-06
5724,-3.0063414720785462173435580168767700115495e-06
5725,-3.0063414726802631764799624003448030862273e-06
5726,-3.0063414730168630582905070491861465598049e-06
5727,-3.0063414745723823147155635837624032546955e-06
5728,-3.0063414720785462173435580168767700115495e-06
5729,-3.0063414670000466796654682577472073035096e-06
5730,-3.0063414745723823147155635837624032546955e-06
5731,-3.0063414720785462173435580168767700115495e-06
5732,-3.0063414670000466796654682577472073035096e-06
5733,-3.0063414745723823147155635837624032546955e-06
5734,-3.0063414720785462173435580168767700115495e-06
5735,-3.0063414670000466796654682577472073035096e-06
5736,-3.0063414745723823147155635837624032546955e-06
5737,-3.0063414720785462173435580168767700115495e-06
5738,-3.0063414670000466796654682577472073035096e-06
5739,-3.0063414745723823147155635837624032546955e-06
5740,-3.0063414720785462173435580168767700115495e-06
5741,-3.0063414670000466796654682577472073035096e-06
5742,-3.0063414745723823147155635837624032546955e-06
5743,-3.0063414720785462173435580168767700115495e-06
5744,-3.0063414670000466796654682577472073035096e-06
5745,-3.0063414745723823147155635837624032546955e-06
5746,-3.0063414720785462173435580168767700115495e-06
5747,-3.0063414670000466796654682577472073035096e-06
5748,-3.0063414745723823147155635837624032546955e-06
5749,-3.0063414720785462173435580168767700115495e-06
5750,-3.0063414726802631764799624003448030862273e-06
5751,-3.0063414730168630582905070491861465598049e-06
5752,-3.0063414745723823147155635837624032546955e-06
5753,-3.0063414720785462173435580168767700115495e-06
5754,-3.0063414670000466796654682577472073035096e-06
5755,-3.0063414745723823147155635837624032546955e-06
5756,-3.0063414720785462173435580168767700115495e-06
5757,-3.0063414670000466796654682577472073035096e-06
5758,-3.0063414745723823147155635837624032546955e-06
5759,-3.0063414720785462173435580168767700115495e-06
5760,-3.0063414670000466796654682577472073035096e-06
5761,-3.0063414745723823147155635837624032546955e-06
5762,-3.0063414720785462173435580168767700115495e-06
5763,-3.0063414670000466796654682577472073035096e-06
5764,-3.0063414745723823147155635837624032546955e-06
5765,-3.0063414720785462173435580168767700115495e-06
5766,-3.0063414670000466796654682577472073035096e-06
5767,-3.0063414745723823147155635837624032546955e-06
5768,-3.0063414720785462173435580168767700115495e-06
5769,-3.0063414670000466796654682577472073035096e-06
5770,-3.0063414745723823147155635837624032546955e-06
5771,-3.0063414720785462173435580168767700115495e-06
5772,-3.0063414670000466796654682577472073035096e-06
5773,-3.0063414745723823147155635837624032546955e-06
5774,-3.0063414720785462173435580168767700115495e-06
5775,-3.0063414726802631764799624003448030862273e-06
5776,-3.0063414730168630582905070491861465598049e-06
5777,-3.0063414745723823147155635837624032546955e-06
5778,-3.0063414720785462173435580168767700115495e-06
5779,-3.0063414670000466796654682577472073035096e-06
5780,-3.0063414745723823147155635837624032546955e-06
5781,-3.0063414720785462173435580168767700115495e-06
5782,-3.0063414670000466796654682577472073035096e-06
5783,-3.0063414745723823147155635837624032546955e-06
5784,-3.0063414720785462173435580168767700115495e-06
5785,-3.0063414670000466796654682577472073035096e-06
5786,-3.0063414745723823147155635837624032546955e-06
5787,-3.0063414720785462173435580168767700115495e-06
5788,-3.0063414670000466796654682577472073035096e-06
5789,-3.0063414745723823147155635837624032546955e-06
5790,-3.0063414720785462173435580168767700115495e-06
5791,-3.0063414670000466796654682577472073035096e-06
5792,-3.0063414745723823147155635837624032546955e-06
5793,-3.0063414720785462173435580168767700115495e-06
5794,-3.0063414670000466796654682577472073035096e-06
5795,-3.0063414745723823147155635837624032546955e-06
5796,-3.0063414720785462173435580168767700115495e-06
5797,-3.0063414670000466796654682577472073035096e-06
5798,-3.0063414745723823147155635837624032546955e-06
5799,-3.0063414720785462173435580168767700115495e-06
5800,-3.0063414670000466796654682577472073035096e-06
5801,-3.0063414745723823147155635837624032546955e-06
5802,-3.0063414720785462173435580168767700115495e-06
5803,-3.0063414726802631764799624003448030862273e-06
5804,-3.0063414730168630582905070491861465598049e-06
5805,-3.0063414745723823147155635837624032546955e-06
5806,-3.0063414720785462173435580168767700115495e-06
5807,-3.0063414670000466796654682577472073035096e-06
5808,-3.0063414745723823147155635837624032546955e-06
5809,-3.0063414720785462173435580168767700115495e-06
5810,-3.0063414670000466796654682577472073035096e-06
5811,-3.0063414745723823147155635837624032546955e-06
5812,-3.0063414720785462173435580168767700115495e-06
5813,-3.0063414670000466796654682577472073035096e-06
5814,-3.0063414745723823147155635837624032546955e-06
5815,-3.0063414720785462173435580168767700115495e-06
5816,-3.0063414670000466796654682577472073035096e-06
5817,-3.0063414745723823147155635837624032546955e-06
5818,-3.0063414720785462173435580168767700115495e-06
5819,-3.0063414670000466796654682577472073035096e-06
5820,-3.0063414745723823147155635837624032546955e-06
5821,-3.0063414720785462173435580168767700115495e-06
5822,-3.0063414726802631764799624003448030862273e-06
5823,-3.0063414786970799786214748189339118766839e-06
5824,-3.0063414812780245207726390055391618716385e-06
5825,-3.0063414706971748172916174962621127519924e-06
5826,-3.0063414702734660671854406005509829924449e-06
5827,-3.0063414774937163640832881589259883980958e-06
5828,-3.0063414786970799786214748189339118766839e-06
5829,-3.0063414786970799786214748189339118766839e-06
5830,-3.0063414812780245207726390055391618716385e-06
5831,-3.0063414706971748172916174962621127519924e-06
5832,-3.0063414702734660671854406005509829924449e-06
5833,-3.0063414774937163640832881589259883980958e-06
5834,-3.0063414786970799786214748189339118766839e-06
5835,-3.0063414786970799786214748189339118766839e-06
5836,-3.0063414812780245207726390055391618716385e-06
5837,-3.0063414706971748172916174962621127519924e-06
5838,-3.0063414702734660671854406005509829924449e-06
5839,-3.0063414774937163640832881589259883980958e-06
5840,-3.0063414786970799786214748189339118766839e-06
5841,-3.0063414786970799786214748189339118766839e-06
5842,-3.0063414786970799786214748189339118766839e-06
5843,-3.0063414812780245207726390055391618716385e-06
5844,-3.0063414706971748172916174962621127519924e-06
5845,-3.0063414702734660671854406005509829924449e-06
5846,-3.0063414774937163640832881589259883980958e-06
5847,-3.0063414786970799786214748189339118766839e-06
5848,-3.0063414786970799786214748189339118766839e-06
5849,-3.0063414812780245207726390055391618716385e-06
5850,-3.0063414706971748172916174962621127519924e-06
5851,-3.0063414702734660671854406005509829924449e-06
5852,-3.0063414774937163640832881589259883980958e-06
5853,-3.0063414786970799786214748189339118766839e-06
5854,-3.0063414786970799786214748189339118766839e-06
5855,-3.0063414812780245207726390055391618716385e-06
5856,-3.0063414706971748172916174962621127519924e-06
5857,-3.0063414702734660671854406005509829924449e-06
5858,-3.0063414774937163640832881589259883980958e-06
5859,-3.0063414786970799786214748189339118766839e-06
5860,-3.0063414786970799786214748189339118766839e-06
5861,-3.0063414812780245207726390055391618716385e-06
5862,-3.0063414706971748172916174962621127519924e-06
5863,-3.0063414702734660671854406005509829924449e-06
5864,-3.0063414774937163640832881589259883980958e-06
5865,-3.0063414786970799786214748189339118766839e-06
5866,-3.0063414786970799786214748189339118766839e-06
5867,-3.0063414786970799786214748189339118766839e-06
5868,-3.0063414812780245207726390055391618716385e-06
5869,-3.0063414706971748172916174962621127519924e-06
5870,-3.0063414702734660671854406005509829924449e-06
5871,-3.0063414774937163640832881589259883980958e-06
5872,-3.0063414786970799786214748189339118766839e-06
5873,-3.0063414786970799786214748189339118766839e-06
5874,-3.0063414812780245207726390055391618716385e-06
5875,-3.0063414706971748172916174962621127519924e-06
5876,-3.0063414702734660671854406005509829924449e-06
5877,-3.0063414774937163640832881589259883980958e-06
5878,-3.0063414786970799786214748189339118766839e-06
5879,-3.0063414786970799786214748189339118766839e-06
5880,-3.0063414812780245207726390055391618716385e-06
5881,-3.0063414706971748172916174962621127519924e-06
5882,-3.0063414702734660671854406005509829924449e-06
5883,-3.0063414774937163640832881589259883980958e-06
5884,-3.0063414786970799786214748189339118766839e-06
5885,-3.0063414786970799786214748189339118766839e-06
5886,-3.0063414812780245207726390055391618716385e-06
5887,-3.0063414706971748172916174962621127519924e-06
5888,-3.0063414702734660671854406005509829924449e-06
5889,-3.0063414774937163640832881589259883980958e-06
5890,-3.0063414786970799786214748189339118766839e-06
5891,-3.0063414786970799786214748189339118766839e-06
5892,-3.0063414786970799786214748189339118766839e-06
5893,-3.0063414812780245207726390055391618716385e-06
5894,-3.0063414706971748172916174962621127519924e-06
5895,-3.0063414702734660671854406005509829924449e-06
5896,-3.0063414774937163640832881589259883980958e-06
5897,-3.0063414786970799786214748189339118766839e-06
5898,-3.0063414786970799786214748189339118766839e-06
5899,-3.0063414812780245207726390055391618716385e-06
5900,-3.0063414706971748172916174962621127519924e-06
5901,-3.0063414702734660671854406005509829924449e-06
5902,-3.0063414774937163640832881589259883980958e-06
5903,-3.0063414786970799786214748189339118766839e-06
5904,-3.0063414786970799786214748189339118766839e-06
5905,-3.0063414812780245207726390055391618716385e-06
5906,-3.0063414706971748172916174962621127519924e-06
5907,-3.0063414702734660671854406005509829924449e-06
5908,-3.0063414774937163640832881589259883980958e-06
5909,-3.0063414786970799786214748189339118766839e-06
5910,-3.0063414786970799786214748189339118766839e-06
5911,-3.0063414812780245207726390055391618716385e-06
5912,-3.0063414706971748172916174962621127519924e-06
5913,-3.0063414702734660671854406005509829924449e-06
5914,-3.0063414774937163640832881589259883980958e-06
5915,-3.0063414786970799786214748189339118766839e-06
5916,-3.0063414786970799786214748189339118766839e-06
5917,-3.0063414786970799786214748189339118766839e-06
5918,-3.0063414812780245207726390055391618716385e-06
5919,-3.0063414706971748172916174962621127519924e-06
5920,-3.0063414702734660671854406005509829924449e-06
5921,-3.0063414774937163640832881589259883980958e-06
5922,-3.0063414786970799786214748189339118766839e-06
5923,-3.0063414786970799786214748189339118766839e-06
5924,-3.0063414812780245207726390055391618716385e-06
5925,-3.0063414706971748172916174962621127519924e-06
5926,-3.0063414702734660671854406005509829924449e-06
5927,-3.0063414774937163640832881589259883980958e-06
5928,-3.0063414786970799786214748189339118766839e-06
5929,-3.0063414786970799786214748189339118766839e-06
5930,-3.0063414812780245207726390055391618716385e-06
5931,-3.0063414706971748172916174962621127519924e-06
5932,-3.0063414702734660671854406005509829924449e-06
5933,-3.0063414774937163640832881589259883980958e-06
5934,-3.0063414786970799786214748189339118766839e-06
5935,-3.0063414786970799786214748189339118766839e-06
5936,-3.0063414812780245207726390055391618716385e-06
5937,-3.0063414706971748172916174962621127519924e-06
5938,-3.0063414669532358273519329766587659946708e-06
5939,-4.4539506801885994862975032653138966659312e-16
5940,1.3741805278010688438845359578391675667910e-16
5941,-3.0088408895628511539183103096206650661770e-06
5942,-3.0088408861626224638648966630549708156650e-06
5943,-3.0088408919892414058322449577076440618839e-06
5944,-3.0088408835460347752932715181817258098818e-06
5945,-3.0088408861626224638648966630549708156650e-06
5946,-3.0088408919892414058322449577076440618839e-06
5947,-3.0088408835460347752932715181817258098818e-06
5948,-3.0088408861626224638648966630549708156650e-06
5949,-3.0088408919892414058322449577076440618839e-06
5950,-3.0088408835460347752932715181817258098818e-06
5951,-3.0088408861626224638648966630549708156650e-06
5952,-3.0088408879677030375394877065309273689309e-06
5953,-3.0088408931926050203704316177155675404720e-06
5954,-3.0088408835460347752932715181817258098818e-06
5955,-3.0088408916883655620886240528166766239337e-06
5956,-3.0088408799359447787116587924582944424401e-06
5957,-3.0088408861626224638648966630549708156650e-06
5958,-3.0088408879677030375394877065309273689309e-06
5959,-3.0088408931926050203704316177155675404720e-06
5960,-3.0088408835460347752932715181817258098818e-06
5961,-3.0088408861626224638648966630549708156650e-06
5962,-3.0088408919892414058322449577076440618839e-06
5963,-3.0088408835460347752932715181817258098818e-06
5964,-3.0088408861626224638648966630549708156650e-06
5965,-3.0088408919892414058322449577076440618839e-06
5966,-3.0088408835460347752932715181817258098818e-06
5967,-3.0088408861626224638648966630549708156650e-06
5968,-3.0088408919892414058322449577076440618839e-06
5969,-3.0088408835460347752932715181817258098818e-06
5970,-3.0088408861626224638648966630549708156650e-06
5971,-3.0088408879677030375394877065309273689309e-06
5972,-3.0088408931926050203704316177155675404720e-06
5973,-3.0088408835460347752932715181817258098818e-06
5974,-3.0088408916883655620886240528166766239337e-06
5975,-3.0088408799359447787116587924582944424401e-06
5976,-3.0088408861626224638648966630549708156650e-06
5977,-3.0088408879677030375394877065309273689309e-06
5978,-3.0088408931926050203704316177155675404720e-06
5979,-3.0088408835460347752932715181817258098818e-06
5980,-3.0088408916883655620886240528166766239337e-06
5981,-3.0088408799359447787116587924582944424401e-06
5982,-3.0088408861626224638648966630549708156650e-06
5983,-3.0088408879677030375394877065309273689309e-06
5984,-3.0088408931926050203704316177155675404720e-06
5985,-3.0088408835460347752932715181817258098818e-06
5986,-3.0088408916883655620886240528166766239337e-06
5987,-3.0088408799359447787116587924582944424401e-06
5988,-3.0088408861626224638648966630549708156650e-06
5989,-3.0088408879677030375394877065309273689309e-06
5990,-3.0088408931926050203704316177155675404720e-06
5991,-3.0088408835460347752932715181817258098818e-06
5992,-3.0088408916883655620886240528166766239337e-06
5993,-3.0088408799359447787116587924582944424401e-06
5994,-3.0088408861626224638648966630549708156650e-06
5995,-3.0088408879677030375394877065309273689309e-06
5996,-3.0088408891710662285612007393886813133577e-06
5997,-3.0088408931926050203704316177155675404720e-06
5998,-3.0088408835460347752932715181817258098818e-06
5999,-3.0088408896677820189406466627746183917225e-06
6000,-3.0088408982872532411879246128094678169873e-06
6001,-3.0088408944812356300604460485059732377522e-06
6002,-3.0088408974896616070648577845325633006723e-06
6003,-3.0088409031007064287912503713906531288558e-06
6004,-3.0088408944812356300604460485059732377522e-06
6005,-3.0088408974896616070648577845325633006723e-06
6006,-3.0088409031007064287912503713906531288558e-06
6007,-3.0088408944812356300604460485059732377522e-06
6008,-3.0088408974896616070648577845325633006723e-06
6009,-3.0088409007989104882536870316789290313864e-06
6010,-3.0088408986930247980865708173903172450991e-06
6011,-3.0088409031007064287912503713906531288558e-06
6012,-3.0088408944812356300604460485059732377522e-06
6013,-3.0088408974896616070648577845325633006723e-06
6014,-3.0088409031007064287912503713906531288558e-06
6015,-3.0088408944812356300604460485059732377522e-06
6016,-3.0088408974896616070648577845325633006723e-06
6017,-3.0088409031007064287912503713906531288558e-06
6018,-3.0088408944812356300604460485059732377522e-06
6019,-3.0088408974896616070648577845325633006723e-06
6020,-3.0088409031007064287912503713906531288558e-06
6021,-3.0088408944812356300604460485059732377522e-06
6022,-3.0088408974896616070648577845325633006723e-06
6023,-3.0088409007989104882536870316789290313864e-06
6024,-3.0088408986930247980865708173903172450991e-06
6025,-3.0088409031007064287912503713906531288558e-06
6026,-3.0088408944812356300604460485059732377522e-06
6027,-3.0088408974896616070648577845325633006723e-06
6028,-3.0088409031007064287912503713906531288558e-06
6029,-3.0088408944812356300604460485059732377522e-06
6030,-3.0088408974896616070648577845325633006723e-06
6031,-3.0088409031007064287912503713906531288558e-06
6032,-3.0088408944812356300604460485059732377522e-06
6033,-3.0088408974896616070648577845325633006723e-06
6034,-3.0088409031007064287912503713906531288558e-06
6035,-3.0088408944812356300604460485059732377522e-06
6036,-3.0088408974896616070648577845325633006723e-06
6037,-3.0088409007989104882536870316789290313864e-06
6038,-3.0088408986930247980865708173903172450991e-06
6039,-3.0088409031007064287912503713906531288558e-06
6040,-3.0088408944812356300604460485059732377522e-06
6041,-3.0088408974896616070648577845325633006723e-06
6042,-3.0088409031007064287912503713906531288558e-06
6043,-3.0088408944812356300604460485059732377522e-06
6044,-3.0088408974896616070648577845325633006723e-06
6045,-3.0088409007989104882536870316789290313864e-06
6046,-3.0088409001119269574819285045785832721776e-06
6047,-3.0088408847493979663149845510394797543086e-06
6048,-3.0088408861626224638648966630549708156650e-06
6049,-3.0088408919892414058322449577076440618839e-06
6050,-3.0088408835460347752932715181817258098818e-06
6051,-3.0088408861626224638648966630549708156650e-06
6052,-3.0088408919892414058322449577076440618839e-06
6053,-3.0088408835460347752932715181817258098818e-06
6054,-3.0088408861626224638648966630549708156650e-06
6055,-3.0088408879677030375394877065309273689309e-06
6056,-3.0088408931926050203704316177155675404720e-06
6057,-3.0088408835460347752932715181817258098818e-06
6058,-3.0088408861626224638648966630549708156650e-06
6059,-3.0088408919892414058322449577076440618839e-06
6060,-3.0088408835460347752932715181817258098818e-06
6061,-3.0088408861626224638648966630549708156650e-06
6062,-3.0088408919892414058322449577076440618839e-06
6063,-3.0088408835460347752932715181817258098818e-06
6064,-3.0088408861626224638648966630549708156650e-06
6065,-3.0088408919892414058322449577076440618839e-06
6066,-3.0088408835460347752932715181817258098818e-06
6067,-3.0088408861626224638648966630549708156650e-06
6068,-3.0088408919892414058322449577076440618839e-06
6069,-3.0088408835460347752932715181817258098818e-06
6070,-3.0088408861626224638648966630549708156650e-06
6071,-3.0088408919892414058322449577076440618839e-06
6072,-3.0088408835460347752932715181817258098818e-06
6073,-3.0088408861626224638648966630549708156650e-06
6074,-3.0088408919892414058322449577076440618839e-06
6075,-3.0088408835460347752932715181817258098818e-06
6076,-3.0088408861626224638648966630549708156650e-06
6077,-3.0088408919892414058322449577076440618839e-06
6078,-3.0088408835460347752932715181817258098818e-06
6079,-3.0088408861626224638648966630549708156650e-06
6080,-3.0088408879677030375394877065309273689309e-06
6081,-3.0088408931926050203704316177155675404720e-06
6082,-3.0088408835460347752932715181817258098818e-06
6083,-3.0088408861626224638648966630549708156650e-06
6084,-3.0088408919892414058322449577076440618839e-06
6085,-3.0088408835460347752932715181817258098818e-06
6086,-3.0088408861626224638648966630549708156650e-06
6087,-3.0088408919892414058322449577076440618839e-06
6088,-3.0088408835460347752932715181817258098818e-06
6089,-3.0088408861626224638648966630549708156650e-06
6090,-3.0088408919892414058322449577076440618839e-06
6091,-3.0088408835460347752932715181817258098818e-06
6092,-3.0088408861626224638648966630549708156650e-06
6093,-3.0088408919892414058322449577076440618839e-06
6094,-3.0088408835460347752932715181817258098818e-06
6095,-3.0088408861626224638648966630549708156650e-06
6096,-3.0088408919892414058322449577076440618839e-06
6097,-3.0088408835460347752932715181817258098818e-06
6098,-3.0088408861626224638648966630549708156650e-06
6099,-3.0088408919892414058322449577076440618839e-06
6100,-3.0088408835460347752932715181817258098818e-06
6101,-3.0088408861626224638648966630549708156650e-06
6102,-3.0088408919892414058322449577076440618839e-06
6103,-3.0088408835460347752932715181817258098818e-06
6104,-3.0088408861626224638648966630549708156650e-06
6105,-3.0088408879677030375394877065309273689309e-06
6106,-3.0088408931926050203704316177155675404720e-06
6107,-3.0088408835460347752932715181817258098818e-06
6108,-3.0088408861626224638648966630549708156650e-06
6109,-3.0088408919892414058322449577076440618839e-06
6110,-3.0088408835460347752932715181817258098818e-06
6111,-3.0088408861626224638648966630549708156650e-06
6112,-3.0088408919892414058322449577076440618839e-06
6113,-3.0088408835460347752932715181817258098818e-06
6114,-3.0088408861626224638648966630549708156650e-06
6115,-3.0088408919892414058322449577076440618839e-06
6116,-3.0088408835460347752932715181817258098818e-06
6117,-3.0088408861626224638648966630549708156650e-06
6118,-3.0088408919892414058322449577076440618839e-06
6119,-3.0088408835460347752932715181817258098818e-06
6120,-3.0088408861626224638648966630549708156650e-06
6121,-3.0088408919892414058322449577076440618839e-06
6122,-3.0088408835460347752932715181817258098818e-06
6123,-3.0088408861626224638648966630549708156650e-06
6124,-3.0088408919892414058322449577076440618839e-06
6125,-3.0088408835460347752932715181817258098818e-06
6126,-3.0088408861626224638648966630549708156650e-06
6127,-3.0088408919892414058322449577076440618839e-06
6128,-3.0088408835460347752932715181817258098818e-06
6129,-3.0088408861626224638648966630549708156650e-06
6130,-3.0088408919892414058322449577076440618839e-06
6131,-3.0088408835460347752932715181817258098818e-06
6132,-3.0088408861626224638648966630549708156650e-06
6133,-3.0088408879677030375394877065309273689309e-06
6134,-3.0088408931926050203704316177155675404720e-06
6135,-3.0088408835460347752932715181817258098818e-06
6136,-3.0088408861626224638648966630549708156650e-06
6137,-3.0088408919892414058322449577076440618839e-06
6138,-3.0088408835460347752932715181817258098818e-06
6139,-3.0088408861626224638648966630549708156650e-06
6140,-3.0088408919892414058322449577076440618839e-06
6141,-3.0088408835460347752932715181817258098818e-06
6142,-3.0088408861626224638648966630549708156650e-06
6143,-3.0088408919892414058322449577076440618839e-06
6144,-3.0088408835460347752932715181817258098818e-06
6145,-3.0088408861626224638648966630549708156650e-06
6146,-3.0088408919892414058322449577076440618839e-06
6147,-3.0088408835460347752932715181817258098818e-06
6148,-3.0088408861626224638648966630549708156650e-06
6149,-3.0088408919892414058322449577076440618839e-06
6150,-3.0088408835460347752932715181817258098818e-06
6151,-3.0088408861626224638648966630549708156650e-06
6152,-3.0088408879677030375394877065309273689309e-06
6153,-3.0088408891710662285612007393886813133577e-06
6154,-3.0088408957099395057651659846076341864318e-06
6155,-3.0088408947877179848819431673412339023344e-06
6156,-3.0088408894718374637358357381877738134790e-06
6157,-3.0088408891710662285612007393886813133577e-06
6158,-3.0088408891710662285612007393886813133577e-06
6159,-3.0088408891710662285612007393886813133577e-06
6160,-3.0088408957099395057651659846076341864318e-06
6161,-3.0088408947877179848819431673412339023344e-06
6162,-3.0088408894718374637358357381877738134790e-06
6163,-3.0088408891710662285612007393886813133577e-06
6164,-3.0088408891710662285612007393886813133577e-06
6165,-3.0088408891710662285612007393886813133577e-06
6166,-3.0088408957099395057651659846076341864318e-06
6167,-3.0088408947877179848819431673412339023344e-06
6168,-3.0088408894718374637358357381877738134790e-06
6169,-3.0088408891710662285612007393886813133577e-06
6170,-3.0088408891710662285612007393886813133577e-06
6171,-3.0088408891710662285612007393886813133577e-06
6172,-3.0088408891710662285612007393886813133577e-06
6173,-3.0088408957099395057651659846076341864318e-06
6174,-3.0088408947877179848819431673412339023344e-06
6175,-3.0088408894718374637358357381877738134790e-06
6176,-3.0088408891710662285612007393886813133577e-06
6177,-3.0088408891710662285612007393886813133577e-06
6178,-3.0088408891710662285612007393886813133577e-06
6179,-3.0088408957099395057651659846076341864318e-06
6180,-3.0088408947877179848819431673412339023344e-06
6181,-3.0088408894718374637358357381877738134790e-06
6182,-3.0088408891710662285612007393886813133577e-06
6183,-3.0088408891710662285612007393886813133577e-06
6184,-3.0088408891710662285612007393886813133577e-06
6185,-3.0088408957099395057651659846076341864318e-06
6186,-3.0088408947877179848819431673412339023344e-06
6187,-3.0088408894718374637358357381877738134790e-06
6188,-3.0088408891710662285612007393886813133577e-06
6189,-3.0088408891710662285612007393886813133577e-06
6190,-3.0088408891710662285612007393886813133577e-06
6191,-3.0088408957099395057651659846076341864318e-06
6192,-3.0088408947877179848819431673412339023344e-06
6193,-3.0088408894718374637358357381877738134790e-06
6194,-3.0088408891710662285612007393886813133577e-06
6195,-3.0088408891710662285612007393886813133577e-06
6196,-3.0088408891710662285612007393886813133577e-06
6197,-3.0088408891710662285612007393886813133577e-06
6198,-3.0088408957099395057651659846076341864318e-06
6199,-3.0088408947877179848819431673412339023344e-06
6200,-3.0088408894718374637358357381877738134790e-06
6201,-3.0088408891710662285612007393886813133577e-06
6202,-3.0088408891710662285612007393886813133577e-06
6203,-3.0088408891710662285612007393886813133577e-06
6204,-3.0088408957099395057651659846076341864318e-06
6205,-3.0088408947877179848819431673412339023344e-06
6206,-3.0088408894718374637358357381877738134790e-06
6207,-3.0088408891710662285612007393886813133577e-06
6208,-3.0088408891710662285612007393886813133577e-06
6209,-3.0088408891710662285612007393886813133577e-06
6210,-3.0088408957099395057651659846076341864318e-06
6211,-3.0088408947877179848819431673412339023344e-06
6212,-3.0088408894718374637358357381877738134790e-06
6213,-3.0088408891710662285612007393886813133577e-06
6214,-3.0088408891710662285612007393886813133577e-06
6215,-3.0088408891710662285612007393886813133577e-06
6216,-3.0088408957099395057651659846076341864318e-06
6217,-3.0088408947877179848819431673412339023344e-06
6218,-3.0088408894718374637358357381877738134790e-06
6219,-3.0088408891710662285612007393886813133577e-06
6220,-3.0088408891710662285612007393886813133577e-06
6221,-3.0088408891710662285612007393886813133577e-06
6222,-3.0088408891710662285612007393886813133577e-06
6223,-3.0088408957099395057651659846076341864318e-06
6224,-3.0088408947877179848819431673412339023344e-06
6225,-3.0088408894718374637358357381877738134790e-06
6226,-3.0088408891710662285612007393886813133577e-06
6227,-3.0088408891710662285612007393886813133577e-06
6228,-3.0088408891710662285612007393886813133577e-06
6229,-3.0088408957099395057651659846076341864318e-06
6230,-3.0088408947877179848819431673412339023344e-06
6231,-3.0088408894718374637358357381877738134790e-06
6232,-3.0088408891710662285612007393886813133577e-06
6233,-3.0088408891710662285612007393886813133577e-06
6234,-3.0088408891710662285612007393886813133577e-06
6235,-3.0088408957099395057651659846076341864318e-06
6236,-3.0088408947877179848819431673412339023344e-06
6237,-3.0088408894718374637358357381877738134790e-06
6238,-3.0088408891710662285612007393886813133577e-06
6239,-3.0088408891710662285612007393886813133577e-06
6240,-3.0088408891710662285612007393886813133577e-06
6241,-3.0088408957099395057651659846076341864318e-06
6242,-3.0088408947877179848819431673412339023344e-06
6243,-3.0088408894718374637358357381877738134790e-06
6244,-3.0088408891710662285612007393886813133577e-06
6245,-3.0088408891710662285612007393886813133577e-06
6246,-3.0088408891710662285612007393886813133577e-06
6247,-3.0088408891710662285612007393886813133577e-06
6248,-3.0088408957099395057651659846076341864318e-06
6249,-3.0088408947877179848819431673412339023344e-06
6250,-3.0088408894718374637358357381877738134790e-06
6251,-3.0088408891710662285612007393886813133577e-06
6252,-3.0088408891710662285612007393886813133577e-06
6253,-3.0088408891710662285612007393886813133577e-06
6254,-3.0088408957099395057651659846076341864318e-06
6255,-3.0088408947877179848819431673412339023344e-06
6256,-3.0088408894718374637358357381877738134790e-06
6257,-3.0088408891710662285612007393886813133577e-06
6258,-3.0088408891710662285612007393886813133577e-06
6259,-3.0088408891710662285612007393886813133577e-06
6260,-3.0088408957099395057651659846076341864318e-06
6261,-3.0088408947877179848819431673412339023344e-06
6262,-3.0088408894718374637358357381877738134790e-06
6263,-3.0088408891710662285612007393886813133577e-06
6264,-3.0088408891710662285612007393886813133577e-06
6265,-3.0088408891710662285612007393886813133577e-06
6266,-3.0088408957099395057651659846076341864318e-06
6267,-3.0088408947877179848819431673412339023344e-06
6268,-3.0088408926176636197296829222658232083631e-06
6269,-1.7738956740254665615269513859939836526359e-15
6270,-1.7610544716292599411359574228586754993423e-15
6271,-3.0117488284381938501346048786544429276546e-06
6272,-3.0117488241691418667423003896477240459717e-06
6273,-3.0117488381646193968635850241044593644801e-06
6274,-3.0117488284381938501346048786544429276546e-06
6275,-3.0117488241691418667423003896477240459717e-06
6276,-3.0117488381646193968635850241044593644801e-06
6277,-3.0117488284381938501346048786544429276546e-06
6278,-3.0117488241691418667423003896477240459717e-06
6279,-3.0117488381646193968635850241044593644801e-06
6280,-3.0117488284381938501346048786544429276546e-06
6281,-3.0117488241691418667423003896477240459717e-06
6282,-3.0117488298851531288748140102740080692456e-06
6283,-3.0117488405713462024234847169701367874950e-06
6284,-3.0117488284381938501346048786544429276546e-06
6285,-3.0117488300418817526876453377626674523526e-06
6286,-3.0117488332516470377379306372356282395231e-06
6287,-3.0117488241691418667423003896477240459717e-06
6288,-3.0117488298851531288748140102740080692456e-06
6289,-3.0117488405713462024234847169701367874950e-06
6290,-3.0117488284381938501346048786544429276546e-06
6291,-3.0117488241691418667423003896477240459717e-06
6292,-3.0117488381646193968635850241044593644801e-06
6293,-3.0117488284381938501346048786544429276546e-06
6294,-3.0117488241691418667423003896477240459717e-06
6295,-3.0117488381646193968635850241044593644801e-06
6296,-3.0117488284381938501346048786544429276546e-06
6297,-3.0117488241691418667423003896477240459717e-06
6298,-3.0117488381646193968635850241044593644801e-06
6299,-3.0117488284381938501346048786544429276546e-06
6300,-3.0117488241691418667423003896477240459717e-06
6301,-3.0117488298851531288748140102740080692456e-06
6302,-3.0117488405713462024234847169701367874950e-06
6303,-3.0117488284381938501346048786544429276546e-06
6304,-3.0117488300418817526876453377626674523526e-06
6305,-3.0117488332516470377379306372356282395231e-06
6306,-3.0117488241691418667423003896477240459717e-06
6307,-3.0117488298851531288748140102740080692456e-06
6308,-3.0117488405713462024234847169701367874950e-06
6309,-3.0117488284381938501346048786544429276546e-06
6310,-3.0117488300418817526876453377626674523526e-06
6311,-3.0117488332516470377379306372356282395231e-06
6312,-3.0117488241691418667423003896477240459717e-06
6313,-3.0117488298851531288748140102740080692456e-06
6314,-3.0117488405713462024234847169701367874950e-06
6315,-3.0117488284381938501346048786544429276546e-06
6316,-3.0117488300418817526876453377626674523526e-06
6317,-3.0117488332516470377379306372356282395231e-06
6318,-3.0117488241691418667423003896477240459717e-06
6319,-3.0117488298851531288748140102740080692456e-06
6320,-3.0117488405713462024234847169701367874950e-06
6321,-3.0117488284381938501346048786544429276546e-06
6322,-3.0117488300418817526876453377626674523526e-06
6323,-3.0117488332516470377379306372356282395231e-06
6324,-3.0117488241691418667423003896477240459717e-06
6325,-3.0117488298851531288748140102740080692456e-06
6326,-3.0117488250716999412714882516928227573771e-06
6327,-3.0117488405713462024234847169701367874950e-06
6328,-3.0117488284381938501346048786544429276546e-06
6329,-3.0117488281087124332127853698626296363727e-06
6330,-3.0117488323491419027679461689617212982739e-06
6331,-3.0117488277083872981649843164619895219403e-06
6332,-3.0117488275070484136355843801657883318512e-06
6333,-3.0117488251289619096047207175148585633906e-06
6334,-3.0117488277083872981649843164619895219403e-06
6335,-3.0117488275070484136355843801657883318512e-06
6336,-3.0117488251289619096047207175148585633906e-06
6337,-3.0117488277083872981649843164619895219403e-06
6338,-3.0117488275070484136355843801657883318512e-06
6339,-3.0117488240983150892752639310456785892711e-06
6340,-3.0117488226935948025157849944344334858215e-06
6341,-3.0117488251289619096047207175148585633906e-06
6342,-3.0117488277083872981649843164619895219403e-06
6343,-3.0117488275070484136355843801657883318512e-06
6344,-3.0117488251289619096047207175148585633906e-06
6345,-3.0117488277083872981649843164619895219403e-06
6346,-3.0117488275070484136355843801657883318512e-06
6347,-3.0117488251289619096047207175148585633906e-06
6348,-3.0117488277083872981649843164619895219403e-06
6349,-3.0117488275070484136355843801657883318512e-06
6350,-3.0117488251289619096047207175148585633906e-06
6351,-3.0117488277083872981649843164619895219403e-06
6352,-3.0117488275070484136355843801657883318512e-06
6353,-3.0117488240983150892752639310456785892711e-06
6354,-3.0117488226935948025157849944344334858215e-06
6355,-3.0117488251289619096047207175148585633906e-06
6356,-3.0117488277083872981649843164619895219403e-06
6357,-3.0117488275070484136355843801657883318512e-06
6358,-3.0117488251289619096047207175148585633906e-06
6359,-3.0117488277083872981649843164619895219403e-06
6360,-3.0117488275070484136355843801657883318512e-06
6361,-3.0117488251289619096047207175148585633906e-06
6362,-3.0117488277083872981649843164619895219403e-06
6363,-3.0117488275070484136355843801657883318512e-06
6364,-3.0117488251289619096047207175148585633906e-06
6365,-3.0117488277083872981649843164619895219403e-06
6366,-3.0117488275070484136355843801657883318512e-06
6367,-3.0117488240983150892752639310456785892711e-06
6368,-3.0117488226935948025157849944344334858215e-06
6369,-3.0117488251289619096047207175148585633906e-06
6370,-3.0117488277083872981649843164619895219403e-06
6371,-3.0117488275070484136355843801657883318512e-06
6372,-3.0117488251289619096047207175148585633906e-06
6373,-3.0117488277083872981649843164619895219403e-06
6374,-3.0117488275070484136355843801657883318512e-06
6375,-3.0117488240983150892752639310456785892711e-06
6376,-3.0117488294402177331104443480658261478311e-06
6377,-3.0117488284381938501346048786544429276546e-06
6378,-3.0117488241691418667423003896477240459717e-06
6379,-3.0117488381646193968635850241044593644801e-06
6380,-3.0117488284381938501346048786544429276546e-06
6381,-3.0117488241691418667423003896477240459717e-06
6382,-3.0117488381646193968635850241044593644801e-06
6383,-3.0117488284381938501346048786544429276546e-06
6384,-3.0117488241691418667423003896477240459717e-06
6385,-3.0117488298851531288748140102740080692456e-06
6386,-3.0117488405713462024234847169701367874950e-06
6387,-3.0117488284381938501346048786544429276546e-06
6388,-3.0117488241691418667423003896477240459717e-06
6389,-3.0117488381646193968635850241044593644801e-06
6390,-3.0117488284381938501346048786544429276546e-06
6391,-3.0117488241691418667423003896477240459717e-06
6392,-3.0117488381646193968635850241044593644801e-06
6393,-3.0117488284381938501346048786544429276546e-06
6394,-3.0117488241691418667423003896477240459717e-06
6395,-3.0117488381646193968635850241044593644801e-06
6396,-3.0117488284381938501346048786544429276546e-06
6397,-3.0117488241691418667423003896477240459717e-06
6398,-3.0117488381646193968635850241044593644801e-06
6399,-3.0117488284381938501346048786544429276546e-06
6400,-3.0117488241691418667423003896477240459717e-06
6401,-3.0117488381646193968635850241044593644801e-06
6402,-3.0117488284381938501346048786544429276546e-06
6403,-3.0117488241691418667423003896477240459717e-06
6404,-3.0117488381646193968635850241044593644801e-06
6405,-3.0117488284381938501346048786544429276546e-06
6406,-3.0117488241691418667423003896477240459717e-06
6407,-3.0117488381646193968635850241044593644801e-06
6408,-3.0117488284381938501346048786544429276546e-06
6409,-3.0117488241691418667423003896477240459717e-06
6410,-3.0117488298851531288748140102740080692456e-06
6411,-3.0117488405713462024234847169701367874950e-06
6412,-3.0117488284381938501346048786544429276546e-06
6413,-3.0117488241691418667423003896477240459717e-06
6414,-3.0117488381646193968635850241044593644801e-06
6415,-3.0117488284381938501346048786544429276546e-06
6416,-3.0117488241691418667423003896477240459717e-06
6417,-3.0117488381646193968635850241044593644801e-06
6418,-3.0117488284381938501346048786544429276546e-06
6419,-3.0117488241691418667423003896477240459717e-06
6420,-3.0117488381646193968635850241044593644801e-06
6421,-3.0117488284381938501346048786544429276546e-06
6422,-3.0117488241691418667423003896477240459717e-06
6423,-3.0117488381646193968635850241044593644801e-06
6424,-3.0117488284381938501346048786544429276546e-06
6425,-3.0117488241691418667423003896477240459717e-06
6426,-3.0117488381646193968635850241044593644801e-06
6427,-3.0117488284381938501346048786544429276546e-06
6428,-3.0117488241691418667423003896477240459717e-06
6429,-3.0117488381646193968635850241044593644801e-06
6430,-3.0117488284381938501346048786544429276546e-06
6431,-3.0117488241691418667423003896477240459717e-06
6432,-3.0117488381646193968635850241044593644801e-06
6433,-3.0117488284381938501346048786544429276546e-06
6434,-3.0117488241691418667423003896477240459717e-06
6435,-3.0117488298851531288748140102740080692456e-06
6436,-3.0117488405713462024234847169701367874950e-06
6437,-3.0117488284381938501346048786544429276546e-06
6438,-3.0117488241691418667423003896477240459717e-06
6439,-3.0117488381646193968635850241044593644801e-06
6440,-3.0117488284381938501346048786544429276546e-06
6441,-3.0117488241691418667423003896477240459717e-06
6442,-3.0117488381646193968635850241044593644801e-06
6443,-3.0117488284381938501346048786544429276546e-06
6444,-3.0117488241691418667423003896477240459717e-06
6445,-3.0117488381646193968635850241044593644801e-06
6446,-3.0117488284381938501346048786544429276546e-06
6447,-3.0117488241691418667423003896477240459717e-06
6448,-3.0117488381646193968635850241044593644801e-06
6449,-3.0117488284381938501346048786544429276546e-06
6450,-3.0117488241691418667423003896477240459717e-06
6451,-3.0117488381646193968635850241044593644801e-06
6452,-3.0117488284381938501346048786544429276546e-06
6453,-3.0117488241691418667423003896477240459717e-06
6454,-3.0117488381646193968635850241044593644801e-06
6455,-3.0117488284381938501346048786544429276546e-06
6456,-3.0117488241691418667423003896477240459717e-06
6457,-3.0117488381646193968635850241044593644801e-06
6458,-3.0117488284381938501346048786544429276546e-06
6459,-3.0117488241691418667423003896477240459717e-06
6460,-3.0117488381646193968635850241044593644801e-06
6461,-3.0117488284381938501346048786544429276546e-06
6462,-3.0117488241691418667423003896477240459717e-06
6463,-3.0117488298851531288748140102740080692456e-06
6464,-3.0117488405713462024234847169701367874950e-06
6465,-3.0117488284381938501346048786544429276546e-06
6466,-3.0117488241691418667423003896477240459717e-06
6467,-3.0117488381646193968635850241044593644801e-06
6468,-3.0117488284381938501346048786544429276546e-06
6469,-3.0117488241691418667423003896477240459717e-06
6470,-3.0117488381646193968635850241044593644801e-06
6471,-3.0117488284381938501346048786544429276546e-06
6472,-3.0117488241691418667423003896477240459717e-06
6473,-3.0117488381646193968635850241044593644801e-06
6474,-3.0117488284381938501346048786544429276546e-06
6475,-3.0117488241691418667423003896477240459717e-06
6476,-3.0117488381646193968635850241044593644801e-06
6477,-3.0117488284381938501346048786544429276546e-06
6478,-3.0117488241691418667423003896477240459717e-06
6479,-3.0117488381646193968635850241044593644801e-06
6480,-3.0117488284381938501346048786544429276546e-06
6481,-3.0117488241691418667423003896477240459717e-06
6482,-3.0117488298851531288748140102740080692456e-06
6483,-3.0117488250716999412714882516928227573771e-06
6484,-3.0117488267899465088418310687590206953246e-06
6485,-3.0117488307008077405980787932815445628876e-06
6486,-3.0117488271775149041875087319031223387356e-06
6487,-3.0117488346986063164781397688551933811141e-06
6488,-3.0117488250716999412714882516928227573771e-06
6489,-3.0117488250716999412714882516928227573771e-06
6490,-3.0117488267899465088418310687590206953246e-06
6491,-3.0117488307008077405980787932815445628876e-06
6492,-3.0117488271775149041875087319031223387356e-06
6493,-3.0117488346986063164781397688551933811141e-06
6494,-3.0117488250716999412714882516928227573771e-06
6495,-3.0117488250716999412714882516928227573771e-06
6496,-3.0117488267899465088418310687590206953246e-06
6497,-3.0117488307008077405980787932815445628876e-06
6498,-3.0117488271775149041875087319031223387356e-06
6499,-3.0117488346986063164781397688551933811141e-06
6500,-3.0117488250716999412714882516928227573771e-06
6501,-3.0117488250716999412714882516928227573771e-06
6502,-3.0117488250716999412714882516928227573771e-06
6503,-3.0117488267899465088418310687590206953246e-06
6504,-3.0117488307008077405980787932815445628876e-06
6505,-3.0117488271775149041875087319031223387356e-06
6506,-3.0117488346986063164781397688551933811141e-06
6507,-3.0117488250716999412714882516928227573771e-06
6508,-3.0117488250716999412714882516928227573771e-06
6509,-3.0117488267899465088418310687590206953246e-06
6510,-3.0117488307008077405980787932815445628876e-06
6511,-3.0117488271775149041875087319031223387356e-06
6512,-3.0117488346986063164781397688551933811141e-06
6513,-3.0117488250716999412714882516928227573771e-06
6514,-3.0117488250716999412714882516928227573771e-06
6515,-3.0117488267899465088418310687590206953246e-06
6516,-3.0117488307008077405980787932815445628876e-06
6517,-3.0117488271775149041875087319031223387356e-06
6518,-3.0117488346986063164781397688551933811141e-06
6519,-3.0117488250716999412714882516928227573771e-06
6520,-3.0117488250716999412714882516928227573771e-06
6521,-3.0117488267899465088418310687590206953246e-06
6522,-3.0117488307008077405980787932815445628876e-06
6523,-3.0117488271775149041875087319031223387356e-06
6524,-3.0117488346986063164781397688551933811141e-06
6525,-3.0117488250716999412714882516928227573771e-06
6526,-3.0117488250716999412714882516928227573771e-06
6527,-3.0117488250716999412714882516928227573771e-06
6528,-3.0117488267899465088418310687590206953246e-06
6529,-3.0117488307008077405980787932815445628876e-06
6530,-3.0117488271775149041875087319031223387356e-06
6531,-3.0117488346986063164781397688551933811141e-06
6532,-3.0117488250716999412714882516928227573771e-06
6533,-3.0117488250716999412714882516928227573771e-06
6534,-3.0117488267899465088418310687590206953246e-06
6535,-3.0117488307008077405980787932815445628876e-06
6536,-3.0117488271775149041875087319031223387356e-06
6537,-3.0117488346986063164781397688551933811141e-06
6538,-3.0117488250716999412714882516928227573771e-06
6539,-3.0117488250716999412714882516928227573771e-06
6540,-3.0117488267899465088418310687590206953246e-06
6541,-3.0117488307008077405980787932815445628876e-06
6542,-3.0117488271775149041875087319031223387356e-06
6543,-3.0117488346986063164781397688551933811141e-06
6544,-3.0117488250716999412714882516928227573771e-06
6545,-3.0117488250716999412714882516928227573771e-06
6546,-3.0117488267899465088418310687590206953246e-06
6547,-3.0117488307008077405980787932815445628876e-06
6548,-3.0117488271775149041875087319031223387356e-06
6549,-3.0117488346986063164781397688551933811141e-06
6550,-3.0117488250716999412714882516928227573771e-06
6551,-3.0117488250716999412714882516928227573771e-06
6552,-3.0117488250716999412714882516928227573771e-06
6553,-3.0117488267899465088418310687590206953246e-06
6554,-3.0117488307008077405980787932815445628876e-06
6555,-3.0117488271775149041875087319031223387356e-06
6556,-3.0117488346986063164781397688551933811141e-06
6557,-3.0117488250716999412714882516928227573771e-06
6558,-3.0117488250716999412714882516928227573771e-06
6559,-3.0117488267899465088418310687590206953246e-06
6560,-3.0117488307008077405980787932815445628876e-06
6561,-3.0117488271775149041875087319031223387356e-06
6562,-3.0117488346986063164781397688551933811141e-06
6563,-3.0117488250716999412714882516928227573771e-06
6564,-3.0117488250716999412714882516928227573771e-06
6565,-3.0117488267899465088418310687590206953246e-06
6566,-3.0117488307008077405980787932815445628876e-06
6567,-3.0117488271775149041875087319031223387356e-06
6568,-3.0117488346986063164781397688551933811141e-06
6569,-3.0117488250716999412714882516928227573771e-06
6570,-3.0117488250716999412714882516928227573771e-06
6571,-3.0117488267899465088418310687590206953246e-06
6572,-3.0117488307008077405980787932815445628876e-06
6573,-3.0117488271775149041875087319031223387356e-06
6574,-3.0117488346986063164781397688551933811141e-06
6575,-3.0117488250716999412714882516928227573771e-06
6576,-3.0117488250716999412714882516928227573771e-06
6577,-3.0117488250716999412714882516928227573771e-06
6578,-3.0117488267899465088418310687590206953246e-06
6579,-3.0117488307008077405980787932815445628876e-06
6580,-3.0117488271775149041875087319031223387356e-06
6581,-3.0117488346986063164781397688551933811141e-06
6582,-3.0117488250716999412714882516928227573771e-06
6583,-3.0117488250716999412714882516928227573771e-06
6584,-3.0117488267899465088418310687590206953246e-06
6585,-3.0117488307008077405980787932815445628876e-06
6586,-3.0117488271775149041875087319031223387356e-06
6587,-3.0117488346986063164781397688551933811141e-06
6588,-3.0117488250716999412714882516928227573771e-06
6589,-3.0117488250716999412714882516928227573771e-06
6590,-3.0117488267899465088418310687590206953246e-06
6591,-3.0117488307008077405980787932815445628876e-06
6592,-3.0117488271775149041875087319031223387356e-06
6593,-3.0117488346986063164781397688551933811141e-06
6594,-3.0117488250716999412714882516928227573771e-06
6595,-3.0117488250716999412714882516928227573771e-06
6596,-3.0117488267899465088418310687590206953246e-06
6597,-3.0117488307008077405980787932815445628876e-06
6598,-3.0117488335367765389920940988233155621856e-06
6599,6.4622342091768568989815054726390286090666e-16
6600,-1.6582716278603172742193125171026436993701e-15
6601,-3.0150819678157118509270219475215668580859e-06
6602,-3.0150819807660214513875956976463044156844e-06
6603,-3.0150819586779038988051584307958918884651e-06
6604,-3.0150819798493450316935731575496149048377e-06
6605,-3.0150819807660214513875956976463044156844e-06
6606,-3.0150819586779038988051584307958918884651e-06
6607,-3.0150819798493450316935731575496149048377e-06
6608,-3.0150819807660214513875956976463044156844e-06
6609,-3.0150819586779038988051584307958918884651e-06
6610,-3.0150819798493450316935731575496149048377e-06
6611,-3.0150819807660214513875956976463044156844e-06
6612,-3.0150819657240143861428888910625190078463e-06
6613,-3.0150819731182634616151357065394478240705e-06
6614,-3.0150819798493450316935731575496149048377e-06
6615,-3.0150819755249559623406716002413929800241e-06
6616,-3.0150819774426182261336734646839374818228e-06
6617,-3.0150819807660214513875956976463044156844e-06
6618,-3.0150819657240143861428888910625190078463e-06
6619,-3.0150819731182634616151357065394478240705e-06
6620,-3.0150819798493450316935731575496149048377e-06
6621,-3.0150819807660214513875956976463044156844e-06
6622,-3.0150819586779038988051584307958918884651e-06
6623,-3.0150819798493450316935731575496149048377e-06
6624,-3.0150819807660214513875956976463044156844e-06
6625,-3.0150819586779038988051584307958918884651e-06
6626,-3.0150819798493450316935731575496149048377e-06
6627,-3.0150819807660214513875956976463044156844e-06
6628,-3.0150819586779038988051584307958918884651e-06
6629,-3.0150819798493450316935731575496149048377e-06
6630,-3.0150819807660214513875956976463044156844e-06
6631,-3.0150819657240143861428888910625190078463e-06
6632,-3.0150819731182634616151357065394478240705e-06
6633,-3.0150819798493450316935731575496149048377e-06
6634,-3.0150819755249559623406716002413929800241e-06
6635,-3.0150819774426182261336734646839374818228e-06
6636,-3.0150819807660214513875956976463044156844e-06
6637,-3.0150819657240143861428888910625190078463e-06
6638,-3.0150819731182634616151357065394478240705e-06
6639,-3.0150819798493450316935731575496149048377e-06
6640,-3.0150819755249559623406716002413929800241e-06
6641,-3.0150819774426182261336734646839374818228e-06
6642,-3.0150819807660214513875956976463044156844e-06
6643,-3.0150819657240143861428888910625190078463e-06
6644,-3.0150819731182634616151357065394478240705e-06
6645,-3.0150819798493450316935731575496149048377e-06
6646,-3.0150819755249559623406716002413929800241e-06
6647,-3.0150819774426182261336734646839374818228e-06
6648,-3.0150819807660214513875956976463044156844e-06
6649,-3.0150819657240143861428888910625190078463e-06
6650,-3.0150819731182634616151357065394478240705e-06
6651,-3.0150819798493450316935731575496149048377e-06
6652,-3.0150819755249559623406716002413929800241e-06
6653,-3.0150819774426182261336734646839374818228e-06
6654,-3.0150819807660214513875956976463044156844e-06
6655,-3.0150819657240143861428888910625190078463e-06
6656,-3.0150819729441943793061143425093817427296e-06
6657,-3.0150819731182634616151357065394478240705e-06
6658,-3.0150819798493450316935731575496149048377e-06
6659,-3.0150819939581399000479589728174190099708e-06
6660,-3.0150819634913397222330654762201262997223e-06
6661,-3.0150819631597563930526344211369149661550e-06
6662,-3.0150819620690295257744301116176188770623e-06
6663,-3.0150819707115197153962909276669890346056e-06
6664,-3.0150819631597563930526344211369149661550e-06
6665,-3.0150819620690295257744301116176188770623e-06
6666,-3.0150819707115197153962909276669890346056e-06
6667,-3.0150819631597563930526344211369149661550e-06
6668,-3.0150819620690295257744301116176188770623e-06
6669,-3.0150819848203137367177294886344540714163e-06
6670,-3.0150819741026627065409813216456669238141e-06
6671,-3.0150819707115197153962909276669890346056e-06
6672,-3.0150819631597563930526344211369149661550e-06
6673,-3.0150819620690295257744301116176188770623e-06
6674,-3.0150819707115197153962909276669890346056e-06
6675,-3.0150819631597563930526344211369149661550e-06
6676,-3.0150819620690295257744301116176188770623e-06
6677,-3.0150819707115197153962909276669890346056e-06
6678,-3.0150819631597563930526344211369149661550e-06
6679,-3.0150819620690295257744301116176188770623e-06
6680,-3.0150819707115197153962909276669890346056e-06
6681,-3.0150819631597563930526344211369149661550e-06
6682,-3.0150819620690295257744301116176188770623e-06
6683,-3.0150819848203137367177294886344540714163e-06
6684,-3.0150819741026627065409813216456669238141e-06
6685,-3.0150819707115197153962909276669890346056e-06
6686,-3.0150819631597563930526344211369149661550e-06
6687,-3.0150819620690295257744301116176188770623e-06
6688,-3.0150819707115197153962909276669890346056e-06
6689,-3.0150819631597563930526344211369149661550e-06
6690,-3.0150819620690295257744301116176188770623e-06
6691,-3.0150819707115197153962909276669890346056e-06
6692,-3.0150819631597563930526344211369149661550e-06
6693,-3.0150819620690295257744301116176188770623e-06
6694,-3.0150819707115197153962909276669890346056e-06
6695,-3.0150819631597563930526344211369149661550e-06
6696,-3.0150819620690295257744301116176188770623e-06
6697,-3.0150819848203137367177294886344540714163e-06
6698,-3.0150819741026627065409813216456669238141e-06
6699,-3.0150819707115197153962909276669890346056e-06
6700,-3.0150819631597563930526344211369149661550e-06
6701,-3.0150819620690295257744301116176188770623e-06
6702,-3.0150819707115197153962909276669890346056e-06
6703,-3.0150819631597563930526344211369149661550e-06
6704,-3.0150819620690295257744301116176188770623e-06
6705,-3.0150819848203137367177294886344540714163e-06
6706,-3.0150819634913401457495391033702958338836e-06
6707,-3.0150819870695250248567986089964776397210e-06
6708,-3.0150819807660214513875956976463044156844e-06
6709,-3.0150819586779038988051584307958918884651e-06
6710,-3.0150819798493450316935731575496149048377e-06
6711,-3.0150819807660214513875956976463044156844e-06
6712,-3.0150819586779038988051584307958918884651e-06
6713,-3.0150819798493450316935731575496149048377e-06
6714,-3.0150819807660214513875956976463044156844e-06
6715,-3.0150819657240143861428888910625190078463e-06
6716,-3.0150819731182634616151357065394478240705e-06
6717,-3.0150819798493450316935731575496149048377e-06
6718,-3.0150819807660214513875956976463044156844e-06
6719,-3.0150819586779038988051584307958918884651e-06
6720,-3.0150819798493450316935731575496149048377e-06
6721,-3.0150819807660214513875956976463044156844e-06
6722,-3.0150819586779038988051584307958918884651e-06
6723,-3.0150819798493450316935731575496149048377e-06
6724,-3.0150819807660214513875956976463044156844e-06
6725,-3.0150819586779038988051584307958918884651e-06
6726,-3.0150819798493450316935731575496149048377e-06
6727,-3.0150819807660214513875956976463044156844e-06
6728,-3.0150819586779038988051584307958918884651e-06
6729,-3.0150819798493450316935731575496149048377e-06
6730,-3.0150819807660214513875956976463044156844e-06
6731,-3.0150819586779038988051584307958918884651e-06
6732,-3.0150819798493450316935731575496149048377e-06
6733,-3.0150819807660214513875956976463044156844e-06
6734,-3.0150819586779038988051584307958918884651e-06
6735,-3.0150819798493450316935731575496149048377e-06
6736,-3.0150819807660214513875956976463044156844e-06
6737,-3.0150819586779038988051584307958918884651e-06
6738,-3.0150819798493450316935731575496149048377e-06
6739,-3.0150819807660214513875956976463044156844e-06
6740,-3.0150819657240143861428888910625190078463e-06
6741,-3.0150819731182634616151357065394478240705e-06
6742,-3.0150819798493450316935731575496149048377e-06
6743,-3.0150819807660214513875956976463044156844e-06
6744,-3.0150819586779038988051584307958918884651e-06
6745,-3.0150819798493450316935731575496149048377e-06
6746,-3.0150819807660214513875956976463044156844e-06
6747,-3.0150819586779038988051584307958918884651e-06
6748,-3.0150819798493450316935731575496149048377e-06
6749,-3.0150819807660214513875956976463044156844e-06
6750,-3.0150819586779038988051584307958918884651e-06
6751,-3.0150819798493450316935731575496149048377e-06
6752,-3.0150819807660214513875956976463044156844e-06
6753,-3.0150819586779038988051584307958918884651e-06
6754,-3.0150819798493450316935731575496149048377e-06
6755,-3.0150819807660214513875956976463044156844e-06
6756,-3.0150819586779038988051584307958918884651e-06
6757,-3.0150819798493450316935731575496149048377e-06
6758,-3.0150819807660214513875956976463044156844e-06
6759,-3.0150819586779038988051584307958918884651e-06
6760,-3.0150819798493450316935731575496149048377e-06
6761,-3.0150819807660214513875956976463044156844e-06
6762,-3.0150819586779038988051584307958918884651e-06
6763,-3.0150819798493450316935731575496149048377e-06
6764,-3.0150819807660214513875956976463044156844e-06
6765,-3.0150819657240143861428888910625190078463e-06
6766,-3.0150819731182634616151357065394478240705e-06
6767,-3.0150819798493450316935731575496149048377e-06
6768,-3.0150819807660214513875956976463044156844e-06
6769,-3.0150819586779038988051584307958918884651e-06
6770,-3.0150819798493450316935731575496149048377e-06
6771,-3.0150819807660214513875956976463044156844e-06
6772,-3.0150819586779038988051584307958918884651e-06
6773,-3.0150819798493450316935731575496149048377e-06
6774,-3.0150819807660214513875956976463044156844e-06
6775,-3.0150819586779038988051584307958918884651e-06
6776,-3.0150819798493450316935731575496149048377e-06
6777,-3.0150819807660214513875956976463044156844e-06
6778,-3.0150819586779038988051584307958918884651e-06
6779,-3.0150819798493450316935731575496149048377e-06
6780,-3.0150819807660214513875956976463044156844e-06
6781,-3.0150819586779038988051584307958918884651e-06
6782,-3.0150819798493450316935731575496149048377e-06
6783,-3.0150819807660214513875956976463044156844e-06
6784,-3.0150819586779038988051584307958918884651e-06
6785,-3.0150819798493450316935731575496149048377e-06
6786,-3.0150819807660214513875956976463044156844e-06
6787,-3.0150819586779038988051584307958918884651e-06
6788,-3.0150819798493450316935731575496149048377e-06
6789,-3.0150819807660214513875956976463044156844e-06
6790,-3.0150819586779038988051584307958918884651e-06
6791,-3.0150819798493450316935731575496149048377e-06
6792,-3.0150819807660214513875956976463044156844e-06
6793,-3.0150819657240143861428888910625190078463e-06
6794,-3.0150819731182634616151357065394478240705e-06
6795,-3.0150819798493450316935731575496149048377e-06
6796,-3.0150819807660214513875956976463044156844e-06
6797,-3.0150819586779038988051584307958918884651e-06
6798,-3.0150819798493450316935731575496149048377e-06
6799,-3.0150819807660214513875956976463044156844e-06
6800,-3.0150819586779038988051584307958918884651e-06
6801,-3.0150819798493450316935731575496149048377e-06
6802,-3.0150819807660214513875956976463044156844e-06
6803,-3.0150819586779038988051584307958918884651e-06
6804,-3.0150819798493450316935731575496149048377e-06
6805,-3.0150819807660214513875956976463044156844e-06
6806,-3.0150819586779038988051584307958918884651e-06
6807,-3.0150819798493450316935731575496149048377e-06
6808,-3.0150819807660214513875956976463044156844e-06
6809,-3.0150819586779038988051584307958918884651e-06
6810,-3.0150819798493450316935731575496149048377e-06
6811,-3.0150819807660214513875956976463044156844e-06
6812,-3.0150819657240143861428888910625190078463e-06
6813,-3.0150819729441943793061143425093817427296e-06
6814,-3.0150819741192522703294304209364895541512e-06
6815,-3.0150819740065630070267183038268399286608e-06
6816,-3.0150819651222622751391734541304145977847e-06
6817,-3.0150819729441943793061143425093817427296e-06
6818,-3.0150819729441943793061143425093817427296e-06
6819,-3.0150819729441943793061143425093817427296e-06
6820,-3.0150819741192522703294304209364895541512e-06
6821,-3.0150819740065630070267183038268399286608e-06
6822,-3.0150819651222622751391734541304145977847e-06
6823,-3.0150819729441943793061143425093817427296e-06
6824,-3.0150819729441943793061143425093817427296e-06
6825,-3.0150819729441943793061143425093817427296e-06
6826,-3.0150819741192522703294304209364895541512e-06
6827,-3.0150819740065630070267183038268399286608e-06
6828,-3.0150819651222622751391734541304145977847e-06
6829,-3.0150819729441943793061143425093817427296e-06
6830,-3.0150819729441943793061143425093817427296e-06
6831,-3.0150819729441943793061143425093817427296e-06
6832,-3.0150819729441943793061143425093817427296e-06
6833,-3.0150819741192522703294304209364895541512e-06
6834,-3.0150819740065630070267183038268399286608e-06
6835,-3.0150819651222622751391734541304145977847e-06
6836,-3.0150819729441943793061143425093817427296e-06
6837,-3.0150819729441943793061143425093817427296e-06
6838,-3.0150819729441943793061143425093817427296e-06
6839,-3.0150819741192522703294304209364895541512e-06
6840,-3.0150819740065630070267183038268399286608e-06
6841,-3.0150819651222622751391734541304145977847e-06
6842,-3.0150819729441943793061143425093817427296e-06
6843,-3.0150819729441943793061143425093817427296e-06
6844,-3.0150819729441943793061143425093817427296e-06
6845,-3.0150819741192522703294304209364895541512e-06
6846,-3.0150819740065630070267183038268399286608e-06
6847,-3.0150819651222622751391734541304145977847e-06
6848,-3.0150819729441943793061143425093817427296e-06
6849,-3.0150819729441943793061143425093817427296e-06
6850,-3.0150819729441943793061143425093817427296e-06
6851,-3.0150819741192522703294304209364895541512e-06
6852,-3.0150819740065630070267183038268399286608e-06
6853,-3.0150819651222622751391734541304145977847e-06
6854,-3.0150819729441943793061143425093817427296e-06
6855,-3.0150819729441943793061143425093817427296e-06
6856,-3.0150819729441943793061143425093817427296e-06
6857,-3.0150819729441943793061143425093817427296e-06
6858,-3.0150819741192522703294304209364895541512e-06
6859,-3.0150819740065630070267183038268399286608e-06
6860,-3.0150819651222622751391734541304145977847e-06
6861,-3.0150819729441943793061143425093817427296e-06
6862,-3.0150819729441943793061143425093817427296e-06
6863,-3.0150819729441943793061143425093817427296e-06
6864,-3.0150819741192522703294304209364895541512e-06
6865,-3.0150819740065630070267183038268399286608e-06
6866,-3.0150819651222622751391734541304145977847e-06
6867,-3.0150819729441943793061143425093817427296e-06
6868,-3.0150819729441943793061143425093817427296e-06
6869,-3.0150819729441943793061143425093817427296e-06
6870,-3.0150819741192522703294304209364895541512e-06
6871,-3.0150819740065630070267183038268399286608e-06
6872,-3.0150819651222622751391734541304145977847e-06
6873,-3.0150819729441943793061143425093817427296e-06
6874,-3.0150819729441943793061143425093817427296e-06
6875,-3.0150819729441943793061143425093817427296e-06
6876,-3.0150819741192522703294304209364895541512e-06
6877,-3.0150819740065630070267183038268399286608e-06
6878,-3.0150819651222622751391734541304145977847e-06
6879,-3.0150819729441943793061143425093817427296e-06
6880,-3.0150819729441943793061143425093817427296e-06
6881,-3.0150819729441943793061143425093817427296e-06
6882,-3.0150819729441943793061143425093817427296e-06
6883,-3.0150819741192522703294304209364895541512e-06
6884,-3.0150819740065630070267183038268399286608e-06
6885,-3.0150819651222622751391734541304145977847e-06
6886,-3.0150819729441943793061143425093817427296e-06
6887,-3.0150819729441943793061143425093817427296e-06
6888,-3.0150819729441943793061143425093817427296e-06
6889,-3.0150819741192522703294304209364895541512e-06
6890,-3.0150819740065630070267183038268399286608e-06
6891,-3.0150819651222622751391734541304145977847e-06
6892,-3.0150819729441943793061143425093817427296e-06
6893,-3.0150819729441943793061143425093817427296e-06
6894,-3.0150819729441943793061143425093817427296e-06
6895,-3.0150819741192522703294304209364895541512e-06
6896,-3.0150819740065630070267183038268399286608e-06
6897,-3.0150819651222622751391734541304145977847e-06
6898,-3.0150819729441943793061143425093817427296e-06
6899,-3.0150819729441943793061143425093817427296e-06
6900,-3.0150819729441943793061143425093817427296e-06
6901,-3.0150819741192522703294304209364895541512e-06
6902,-3.0150819740065630070267183038268399286608e-06
6903,-3.0150819651222622751391734541304145977847e-06
6904,-3.0150819729441943793061143425093817427296e-06
6905,-3.0150819729441943793061143425093817427296e-06
6906,-3.0150819729441943793061143425093817427296e-06
6907,-3.0150819729441943793061143425093817427296e-06
6908,-3.0150819741192522703294304209364895541512e-06
6909,-3.0150819740065630070267183038268399286608e-06
6910,-3.0150819651222622751391734541304145977847e-06
6911,-3.0150819729441943793061143425093817427296e-06
6912,-3.0150819729441943793061143425093817427296e-06
6913,-3.0150819729441943793061143425093817427296e-06
6914,-3.0150819741192522703294304209364895541512e-06
6915,-3.0150819740065630070267183038268399286608e-06
6916,-3.0150819651222622751391734541304145977847e-06
6917,-3.0150819729441943793061143425093817427296e-06
6918,-3.0150819729441943793061143425093817427296e-06
6919,-3.0150819729441943793061143425093817427296e-06
6920,-3.0150819741192522703294304209364895541512e-06
6921,-3.0150819740065630070267183038268399286608e-06
6922,-3.0150819651222622751391734541304145977847e-06
6923,-3.0150819729441943793061143425093817427296e-06
6924,-3.0150819729441943793061143425093817427296e-06
6925,-3.0150819729441943793061143425093817427296e-06
6926,-3.0150819741192522703294304209364895541512e-06
6927,-3.0150819740065630070267183038268399286608e-06
6928,-3.0150819753850053671470534538689989290106e-06
6929,-1.5307347745110265940497779620542233950084e-15
6930,2.0163849492948705028305681906195013102305e-15
6931,-3.0188185383685926532228421120818140366282e-06
6932,-3.0188185300685417905498970914113243679822e-06
6933,-3.0188185413620384290385879194618112819626e-06
6934,-3.0188185215215062848529651434725806780079e-06
6935,-3.0188185300685417905498970914113243679822e-06
6936,-3.0188185413620384290385879194618112819626e-06
6937,-3.0188185215215062848529651434725806780079e-06
6938,-3.0188185300685417905498970914113243679822e-06
6939,-3.0188185413620384290385879194618112819626e-06
6940,-3.0188185215215062848529651434725806780079e-06
6941,-3.0188185300685417905498970914113243679822e-06
6942,-3.0188185276618509838902557063100573486736e-06
6943,-3.0188185437687648110820139851773191708162e-06
6944,-3.0188185215215062848529651434725806780079e-06
6945,-3.0188185401586392391166165788396469338295e-06
6946,-3.0188185191147794792930654506069032549931e-06
6947,-3.0188185300685417905498970914113243679822e-06
6948,-3.0188185276618509838902557063100573486736e-06
6949,-3.0188185437687648110820139851773191708162e-06
6950,-3.0188185215215062848529651434725806780079e-06
6951,-3.0188185300685417905498970914113243679822e-06
6952,-3.0188185413620384290385879194618112819626e-06
6953,-3.0188185215215062848529651434725806780079e-06
6954,-3.0188185300685417905498970914113243679822e-06
6955,-3.0188185413620384290385879194618112819626e-06
6956,-3.0188185215215062848529651434725806780079e-06
6957,-3.0188185300685417905498970914113243679822e-06
6958,-3.0188185413620384290385879194618112819626e-06
6959,-3.0188185215215062848529651434725806780079e-06
6960,-3.0188185300685417905498970914113243679822e-06
6961,-3.0188185276618509838902557063100573486736e-06
6962,-3.0188185437687648110820139851773191708162e-06
6963,-3.0188185215215062848529651434725806780079e-06
6964,-3.0188185401586392391166165788396469338295e-06
6965,-3.0188185191147794792930654506069032549931e-06
6966,-3.0188185300685417905498970914113243679822e-06
6967,-3.0188185276618509838902557063100573486736e-06
6968,-3.0188185437687648110820139851773191708162e-06
6969,-3.0188185215215062848529651434725806780079e-06
6970,-3.0188185401586392391166165788396469338295e-06
6971,-3.0188185191147794792930654506069032549931e-06
6972,-3.0188185300685417905498970914113243679822e-06
6973,-3.0188185276618509838902557063100573486736e-06
6974,-3.0188185437687648110820139851773191708162e-06
6975,-3.0188185215215062848529651434725806780079e-06
6976,-3.0188185401586392391166165788396469338295e-06
6977,-3.0188185191147794792930654506069032549931e-06
6978,-3.0188185300685417905498970914113243679822e-06
6979,-3.0188185276618509838902557063100573486736e-06
6980,-3.0188185437687648110820139851773191708162e-06
6981,-3.0188185215215062848529651434725806780079e-06
6982,-3.0188185401586392391166165788396469338295e-06
6983,-3.0188185191147794792930654506069032549931e-06
6984,-3.0188185300685417905498970914113243679822e-06
6985,-3.0188185276618509838902557063100573486736e-06
6986,-3.0188185396954841646568069163381053954254e-06
6987,-3.0188185437687648110820139851773191708162e-06
6988,-3.0188185215215062848529651434725806780079e-06
6989,-3.0188185432437920015821646024800628538287e-06
6990,-3.0188185516056063891865250681245669284181e-06
6991,-3.0188185486589274199710573182153794391525e-06
6992,-3.0188185480572629768773827013683686004697e-06
6993,-3.0188185660459663755129759710182923981847e-06
6994,-3.0188185486589274199710573182153794391525e-06
6995,-3.0188185480572629768773827013683686004697e-06
6996,-3.0188185660459663755129759710182923981847e-06
6997,-3.0188185486589274199710573182153794391525e-06
6998,-3.0188185480572629768773827013683686004697e-06
6999,-3.0188185504639897824372823942340460234846e-06
7000,-3.0188185576841697756005078456809087583679e-06
7001,-3.0188185660459663755129759710182923981847e-06
7002,-3.0188185486589274199710573182153794391525e-06
7003,-3.0188185480572629768773827013683686004697e-06
7004,-3.0188185660459663755129759710182923981847e-06
7005,-3.0188185486589274199710573182153794391525e-06
7006,-3.0188185480572629768773827013683686004697e-06
7007,-3.0188185660459663755129759710182923981847e-06
7008,-3.0188185486589274199710573182153794391525e-06
7009,-3.0188185480572629768773827013683686004697e-06
7010,-3.0188185660459663755129759710182923981847e-06
7011,-3.0188185486589274199710573182153794391525e-06
7012,-3.0188185480572629768773827013683686004697e-06
7013,-3.0188185504639897824372823942340460234846e-06
7014,-3.0188185576841697756005078456809087583679e-06
7015,-3.0188185660459663755129759710182923981847e-06
7016,-3.0188185486589274199710573182153794391525e-06
7017,-3.0188185480572629768773827013683686004697e-06
7018,-3.0188185660459663755129759710182923981847e-06
7019,-3.0188185486589274199710573182153794391525e-06
7020,-3.0188185480572629768773827013683686004697e-06
7021,-3.0188185660459663755129759710182923981847e-06
7022,-3.0188185486589274199710573182153794391525e-06
7023,-3.0188185480572629768773827013683686004697e-06
7024,-3.0188185660459663755129759710182923981847e-06
7025,-3.0188185486589274199710573182153794391525e-06
7026,-3.0188185480572629768773827013683686004697e-06
7027,-3.0188185504639897824372823942340460234846e-06
7028,-3.0188185576841697756005078456809087583679e-06
7029,-3.0188185660459663755129759710182923981847e-06
7030,-3.0188185486589274199710573182153794391525e-06
7031,-3.0188185480572629768773827013683686004697e-06
7032,-3.0188185660459663755129759710182923981847e-06
7033,-3.0188185486589274199710573182153794391525e-06
7034,-3.0188185480572629768773827013683686004697e-06
7035,-3.0188185504639897824372823942340460234846e-06
7036,-3.0188185594124702007382855806216781502371e-06
7037,-3.0188185335551394656195163535006287247597e-06
7038,-3.0188185300685417905498970914113243679822e-06
7039,-3.0188185413620384290385879194618112819626e-06
7040,-3.0188185215215062848529651434725806780079e-06
7041,-3.0188185300685417905498970914113243679822e-06
7042,-3.0188185413620384290385879194618112819626e-06
7043,-3.0188185215215062848529651434725806780079e-06
7044,-3.0188185300685417905498970914113243679822e-06
7045,-3.0188185276618509838902557063100573486736e-06
7046,-3.0188185437687648110820139851773191708162e-06
7047,-3.0188185215215062848529651434725806780079e-06
7048,-3.0188185300685417905498970914113243679822e-06
7049,-3.0188185413620384290385879194618112819626e-06
7050,-3.0188185215215062848529651434725806780079e-06
7051,-3.0188185300685417905498970914113243679822e-06
7052,-3.0188185413620384290385879194618112819626e-06
7053,-3.0188185215215062848529651434725806780079e-06
7054,-3.0188185300685417905498970914113243679822e-06
7055,-3.0188185413620384290385879194618112819626e-06
7056,-3.0188185215215062848529651434725806780079e-06
7057,-3.0188185300685417905498970914113243679822e-06
7058,-3.0188185413620384290385879194618112819626e-06
7059,-3.0188185215215062848529651434725806780079e-06
7060,-3.0188185300685417905498970914113243679822e-06
7061,-3.0188185413620384290385879194618112819626e-06
7062,-3.0188185215215062848529651434725806780079e-06
7063,-3.0188185300685417905498970914113243679822e-06
7064,-3.0188185413620384290385879194618112819626e-06
7065,-3.0188185215215062848529651434725806780079e-06
7066,-3.0188185300685417905498970914113243679822e-06
7067,-3.0188185413620384290385879194618112819626e-06
7068,-3.0188185215215062848529651434725806780079e-06
7069,-3.0188185300685417905498970914113243679822e-06
7070,-3.0188185276618509838902557063100573486736e-06
7071,-3.0188185437687648110820139851773191708162e-06
7072,-3.0188185215215062848529651434725806780079e-06
7073,-3.0188185300685417905498970914113243679822e-06
7074,-3.0188185413620384290385879194618112819626e-06
7075,-3.0188185215215062848529651434725806780079e-06
7076,-3.0188185300685417905498970914113243679822e-06
7077,-3.0188185413620384290385879194618112819626e-06
7078,-3.0188185215215062848529651434725806780079e-06
7079,-3.0188185300685417905498970914113243679822e-06
7080,-3.0188185413620384290385879194618112819626e-06
7081,-3.0188185215215062848529651434725806780079e-06
7082,-3.0188185300685417905498970914113243679822e-06
7083,-3.0188185413620384290385879194618112819626e-06
7084,-3.0188185215215062848529651434725806780079e-06
7085,-3.0188185300685417905498970914113243679822e-06
7086,-3.0188185413620384290385879194618112819626e-06
7087,-3.0188185215215062848529651434725806780079e-06
7088,-3.0188185300685417905498970914113243679822e-06
7089,-3.0188185413620384290385879194618112819626e-06
7090,-3.0188185215215062848529651434725806780079e-06
7091,-3.0188185300685417905498970914113243679822e-06
7092,-3.0188185413620384290385879194618112819626e-06
7093,-3.0188185215215062848529651434725806780079e-06
7094,-3.0188185300685417905498970914113243679822e-06
7095,-3.0188185276618509838902557063100573486736e-06
7096,-3.0188185437687648110820139851773191708162e-06
7097,-3.0188185215215062848529651434725806780079e-06
7098,-3.0188185300685417905498970914113243679822e-06
7099,-3.0188185413620384290385879194618112819626e-06
7100,-3.0188185215215062848529651434725806780079e-06
7101,-3.0188185300685417905498970914113243679822e-06
7102,-3.0188185413620384290385879194618112819626e-06
7103,-3.0188185215215062848529651434725806780079e-06
7104,-3.0188185300685417905498970914113243679822e-06
7105,-3.0188185413620384290385879194618112819626e-06
7106,-3.0188185215215062848529651434725806780079e-06
7107,-3.0188185300685417905498970914113243679822e-06
7108,-3.0188185413620384290385879194618112819626e-06
7109,-3.0188185215215062848529651434725806780079e-06
7110,-3.0188185300685417905498970914113243679822e-06
7111,-3.0188185413620384290385879194618112819626e-06
7112,-3.0188185215215062848529651434725806780079e-06
7113,-3.0188185300685417905498970914113243679822e-06
7114,-3.0188185413620384290385879194618112819626e-06
7115,-3.0188185215215062848529651434725806780079e-06
7116,-3.0188185300685417905498970914113243679822e-06
7117,-3.0188185413620384290385879194618112819626e-06
7118,-3.0188185215215062848529651434725806780079e-06
7119,-3.0188185300685417905498970914113243679822e-06
7120,-3.0188185413620384290385879194618112819626e-06
7121,-3.0188185215215062848529651434725806780079e-06
7122,-3.0188185300685417905498970914113243679822e-06
7123,-3.0188185276618509838902557063100573486736e-06
7124,-3.0188185437687648110820139851773191708162e-06
7125,-3.0188185215215062848529651434725806780079e-06
7126,-3.0188185300685417905498970914113243679822e-06
7127,-3.0188185413620384290385879194618112819626e-06
7128,-3.0188185215215062848529651434725806780079e-06
7129,-3.0188185300685417905498970914113243679822e-06
7130,-3.0188185413620384290385879194618112819626e-06
7131,-3.0188185215215062848529651434725806780079e-06
7132,-3.0188185300685417905498970914113243679822e-06
7133,-3.0188185413620384290385879194618112819626e-06
7134,-3.0188185215215062848529651434725806780079e-06
7135,-3.0188185300685417905498970914113243679822e-06
7136,-3.0188185413620384290385879194618112819626e-06
7137,-3.0188185215215062848529651434725806780079e-06
7138,-3.0188185300685417905498970914113243679822e-06
7139,-3.0188185413620384290385879194618112819626e-06
7140,-3.0188185215215062848529651434725806780079e-06
7141,-3.0188185300685417905498970914113243679822e-06
7142,-3.0188185276618509838902557063100573486736e-06
7143,-3.0188185396954841646568069163381053954254e-06
7144,-3.0188185502487726865835943740323799033831e-06
7145,-3.0188185460519285678788244803305573782382e-06
7146,-3.0188185366870052480931917865403235623489e-06
7147,-3.0188185372887577826133808506225975065718e-06
7148,-3.0188185396954841646568069163381053954254e-06
7149,-3.0188185396954841646568069163381053954254e-06
7150,-3.0188185502487726865835943740323799033831e-06
7151,-3.0188185460519285678788244803305573782382e-06
7152,-3.0188185366870052480931917865403235623489e-06
7153,-3.0188185372887577826133808506225975065718e-06
7154,-3.0188185396954841646568069163381053954254e-06
7155,-3.0188185396954841646568069163381053954254e-06
7156,-3.0188185502487726865835943740323799033831e-06
7157,-3.0188185460519285678788244803305573782382e-06
7158,-3.0188185366870052480931917865403235623489e-06
7159,-3.0188185372887577826133808506225975065718e-06
7160,-3.0188185396954841646568069163381053954254e-06
7161,-3.0188185396954841646568069163381053954254e-06
7162,-3.0188185396954841646568069163381053954254e-06
7163,-3.0188185502487726865835943740323799033831e-06
7164,-3.0188185460519285678788244803305573782382e-06
7165,-3.0188185366870052480931917865403235623489e-06
7166,-3.0188185372887577826133808506225975065718e-06
7167,-3.0188185396954841646568069163381053954254e-06
7168,-3.0188185396954841646568069163381053954254e-06
7169,-3.0188185502487726865835943740323799033831e-06
7170,-3.0188185460519285678788244803305573782382e-06
7171,-3.0188185366870052480931917865403235623489e-06
7172,-3.0188185372887577826133808506225975065718e-06
7173,-3.0188185396954841646568069163381053954254e-06
7174,-3.0188185396954841646568069163381053954254e-06
7175,-3.0188185502487726865835943740323799033831e-06
7176,-3.0188185460519285678788244803305573782382e-06
7177,-3.0188185366870052480931917865403235623489e-06
7178,-3.0188185372887577826133808506225975065718e-06
7179,-3.0188185396954841646568069163381053954254e-06
7180,-3.0188185396954841646568069163381053954254e-06
7181,-3.0188185502487726865835943740323799033831e-06
7182,-3.0188185460519285678788244803305573782382e-06
7183,-3.0188185366870052480931917865403235623489e-06
7184,-3.0188185372887577826133808506225975065718e-06
7185,-3.0188185396954841646568069163381053954254e-06
7186,-3.0188185396954841646568069163381053954254e-06
7187,-3.0188185396954841646568069163381053954254e-06
7188,-3.0188185502487726865835943740323799033831e-06
7189,-3.0188185460519285678788244803305573782382e-06
7190,-3.0188185366870052480931917865403235623489e-06
7191,-3.0188185372887577826133808506225975065718e-06
7192,-3.0188185396954841646568069163381053954254e-06
7193,-3.0188185396954841646568069163381053954254e-06
7194,-3.0188185502487726865835943740323799033831e-06
7195,-3.0188185460519285678788244803305573782382e-06
7196,-3.0188185366870052480931917865403235623489e-06
7197,-3.0188185372887577826133808506225975065718e-06
7198,-3.0188185396954841646568069163381053954254e-06
7199,-3.0188185396954841646568069163381053954254e-06
7200,-3.0188185502487726865835943740323799033831e-06
7201,-3.0188185460519285678788244803305573782382e-06
7202,-3.0188185366870052480931917865403235623489e-06
7203,-3.0188185372887577826133808506225975065718e-06
7204,-3.0188185396954841646568069163381053954254e-06
7205,-3.0188185396954841646568069163381053954254e-06
7206,-3.0188185502487726865835943740323799033831e-06
7207,-3.0188185460519285678788244803305573782382e-06
7208,-3.0188185366870052480931917865403235623489e-06
7209,-3.0188185372887577826133808506225975065718e-06
7210,-3.0188185396954841646568069163381053954254e-06
7211,-3.0188185396954841646568069163381053954254e-06
7212,-3.0188185396954841646568069163381053954254e-06
7213,-3.0188185502487726865835943740323799033831e-06
7214,-3.0188185460519285678788244803305573782382e-06
7215,-3.0188185366870052480931917865403235623489e-06
7216,-3.0188185372887577826133808506225975065718e-06
7217,-3.0188185396954841646568069163381053954254e-06
7218,-3.0188185396954841646568069163381053954254e-06
7219,-3.0188185502487726865835943740323799033831e-06
7220,-3.0188185460519285678788244803305573782382e-06
7221,-3.0188185366870052480931917865403235623489e-06
7222,-3.0188185372887577826133808506225975065718e-06
7223,-3.0188185396954841646568069163381053954254e-06
7224,-3.0188185396954841646568069163381053954254e-06
7225,-3.0188185502487726865835943740323799033831e-06
7226,-3.0188185460519285678788244803305573782382e-06
7227,-3.0188185366870052480931917865403235623489e-06
7228,-3.0188185372887577826133808506225975065718e-06
7229,-3.0188185396954841646568069163381053954254e-06
7230,-3.0188185396954841646568069163381053954254e-06
7231,-3.0188185502487726865835943740323799033831e-06
7232,-3.0188185460519285678788244803305573782382e-06
7233,-3.0188185366870052480931917865403235623489e-06
7234,-3.0188185372887577826133808506225975065718e-06
7235,-3.0188185396954841646568069163381053954254e-06
7236,-3.0188185396954841646568069163381053954254e-06
7237,-3.0188185396954841646568069163381053954254e-06
7238,-3.0188185502487726865835943740323799033831e-06
7239,-3.0188185460519285678788244803305573782382e-06
7240,-3.0188185366870052480931917865403235623489e-06
7241,-3.0188185372887577826133808506225975065718e-06
7242,-3.0188185396954841646568069163381053954254e-06
7243,-3.0188185396954841646568069163381053954254e-06
7244,-3.0188185502487726865835943740323799033831e-06
7245,-3.0188185460519285678788244803305573782382e-06
7246,-3.0188185366870052480931917865403235623489e-06
7247,-3.0188185372887577826133808506225975065718e-06
7248,-3.0188185396954841646568069163381053954254e-06
7249,-3.0188185396954841646568069163381053954254e-06
7250,-3.0188185502487726865835943740323799033831e-06
7251,-3.0188185460519285678788244803305573782382e-06
7252,-3.0188185366870052480931917865403235623489e-06
7253,-3.0188185372887577826133808506225975065718e-06
7254,-3.0188185396954841646568069163381053954254e-06
7255,-3.0188185396954841646568069163381053954254e-06
7256,-3.0188185502487726865835943740323799033831e-06
7257,-3.0188185460519285678788244803305573782382e-06
7258,-3.0188185429151614292558620383788436924988e-06
7259,-4.0031657442335499451516627965957246418396e-16
7260,-4.4231116006786332816187604240826602458077e-15
7261,1.0873373355813424623317331452199141494930e-01
7262,1.0873373355814160146071145618407172150910e-01
7263,1.0873373355813548135628821000864263623953e-01
7264,1.0873373355814508478545121761271730065346e-01
7265,1.0873373355814160146071145618407172150910e-01
7266,1.0873373355813548135628821000864263623953e-01
7267,1.0873373355814508478545121761271730065346e-01
7268,1.0873373355814160146071145618407172150910e-01
7269,1.0873373355813548135628821000864263623953e-01
7270,1.0873373355814508478545121761271730065346e-01
7271,1.0873373355814160146071145618407172150910e-01
7272,1.0873373355814106022698695142025826498866e-01
7273,1.0873373355812705753908886663339217193425e-01
7274,1.0873373355814508478545121761271730065346e-01
7275,1.0873373355812579466039835551782744005322e-01
7276,1.0873373355814387741791193775497958995402e-01
7277,1.0873373355814160146071145618407172150910e-01
7278,1.0873373355814106022698695142025826498866e-01
7279,1.0873373355812705753908886663339217193425e-01
7280,1.0873373355814508478545121761271730065346e-01
7281,1.0873373355814160146071145618407172150910e-01
7282,1.0873373355813548135628821000864263623953e-01
7283,1.0873373355814508478545121761271730065346e-01
7284,1.0873373355814160146071145618407172150910e-01
7285,1.0873373355813548135628821000864263623953e-01
7286,1.0873373355814508478545121761271730065346e-01
7287,1.0873373355814160146071145618407172150910e-01
7288,1.0873373355813548135628821000864263623953e-01
7289,1.0873373355814508478545121761271730065346e-01
7290,1.0873373355814160146071145618407172150910e-01
7291,1.0873373355814106022698695142025826498866e-01
7292,1.0873373355812705753908886663339217193425e-01
7293,1.0873373355814508478545121761271730065346e-01
7294,1.0873373355812579466039835551782744005322e-01
7295,1.0873373355814387741791193775497958995402e-01
7296,1.0873373355814160146071145618407172150910e-01
7297,1.0873373355814106022698695142025826498866e-01
7298,1.0873373355812705753908886663339217193425e-01
7299,1.0873373355814508478545121761271730065346e-01
7300,1.0873373355812579466039835551782744005322e-01
7301,1.0873373355814387741791193775497958995402e-01
7302,1.0873373355814160146071145618407172150910e-01
7303,1.0873373355814106022698695142025826498866e-01
7304,1.0873373355812705753908886663339217193425e-01
7305,1.0873373355814508478545121761271730065346e-01
7306,1.0873373355812579466039835551782744005322e-01
7307,1.0873373355814387741791193775497958995402e-01
7308,1.0873373355814160146071145618407172150910e-01
7309,1.0873373355814106022698695142025826498866e-01
7310,1.0873373355812705753908886663339217193425e-01
7311,1.0873373355814508478545121761271730065346e-01
7312,1.0873373355812579466039835551782744005322e-01
7313,1.0873373355814387741791193775497958995402e-01
7314,1.0873373355814160146071145618407172150910e-01
7315,1.0873373355814106022698695142025826498866e-01
7316,1.0873373355814226759452623127799597568810e-01
7317,1.0873373355812705753908886663339217193425e-01
7318,1.0873373355814508478545121761271730065346e-01
7319,1.0873373355815056651163530432313564233482e-01
7320,1.0873373355814393292906316901280661113560e-01
7321,1.0873373355813011065240658581387833692133e-01
7322,1.0873373355814879015479590407267096452415e-01
7323,1.0873373355815235674626251238805707544088e-01
7324,1.0873373355813011065240658581387833692133e-01
7325,1.0873373355814879015479590407267096452415e-01
7326,1.0873373355815235674626251238805707544088e-01
7327,1.0873373355813011065240658581387833692133e-01
7328,1.0873373355814879015479590407267096452415e-01
7329,1.0873373355814459906287794410673086531460e-01
7330,1.0873373355815479923691668773244600743055e-01
7331,1.0873373355815235674626251238805707544088e-01
7332,1.0873373355813011065240658581387833692133e-01
7333,1.0873373355814879015479590407267096452415e-01
7334,1.0873373355815235674626251238805707544088e-01
7335,1.0873373355813011065240658581387833692133e-01
7336,1.0873373355814879015479590407267096452415e-01
7337,1.0873373355815235674626251238805707544088e-01
7338,1.0873373355813011065240658581387833692133e-01
7339,1.0873373355814879015479590407267096452415e-01
7340,1.0873373355815235674626251238805707544088e-01
7341,1.0873373355813011065240658581387833692133e-01
7342,1.0873373355814879015479590407267096452415e-01
7343,1.0873373355814459906287794410673086531460e-01
7344,1.0873373355815479923691668773244600743055e-01
7345,1.0873373355815235674626251238805707544088e-01
7346,1.0873373355813011065240658581387833692133e-01
7347,1.0873373355814879015479590407267096452415e-01
7348,1.0873373355815235674626251238805707544088e-01
7349,1.0873373355813011065240658581387833692133e-01
7350,1.0873373355814879015479590407267096452415e-01
7351,1.0873373355815235674626251238805707544088e-01
7352,1.0873373355813011065240658581387833692133e-01
7353,1.0873373355814879015479590407267096452415e-01
7354,1.0873373355815235674626251238805707544088e-01
7355,1.0873373355813011065240658581387833692133e-01
7356,1.0873373355814879015479590407267096452415e-01
7357,1.0873373355814459906287794410673086531460e-01
7358,1.0873373355815479923691668773244600743055e-01
7359,1.0873373355815235674626251238805707544088e-01
7360,1.0873373355813011065240658581387833692133e-01
7361,1.0873373355814879015479590407267096452415e-01
7362,1.0873373355815235674626251238805707544088e-01
7363,1.0873373355813011065240658581387833692133e-01
7364,1.0873373355814879015479590407267096452415e-01
7365,1.0873373355814459906287794410673086531460e-01
7366,1.0873373355815649232702924109617015346885e-01
7367,1.0873373355814267005037265789724187925458e-01
7368,1.0873373355814160146071145618407172150910e-01
7369,1.0873373355813548135628821000864263623953e-01
7370,1.0873373355814508478545121761271730065346e-01
7371,1.0873373355814160146071145618407172150910e-01
7372,1.0873373355813548135628821000864263623953e-01
7373,1.0873373355814508478545121761271730065346e-01
7374,1.0873373355814160146071145618407172150910e-01
7375,1.0873373355814106022698695142025826498866e-01
7376,1.0873373355812705753908886663339217193425e-01
7377,1.0873373355814508478545121761271730065346e-01
7378,1.0873373355814160146071145618407172150910e-01
7379,1.0873373355813548135628821000864263623953e-01
7380,1.0873373355814508478545121761271730065346e-01
7381,1.0873373355814160146071145618407172150910e-01
7382,1.0873373355813548135628821000864263623953e-01
7383,1.0873373355814508478545121761271730065346e-01
7384,1.0873373355814160146071145618407172150910e-01
7385,1.0873373355813548135628821000864263623953e-01
7386,1.0873373355814508478545121761271730065346e-01
7387,1.0873373355814160146071145618407172150910e-01
7388,1.0873373355813548135628821000864263623953e-01
7389,1.0873373355814508478545121761271730065346e-01
7390,1.0873373355814160146071145618407172150910e-01
7391,1.0873373355813548135628821000864263623953e-01
7392,1.0873373355814508478545121761271730065346e-01
7393,1.0873373355814160146071145618407172150910e-01
7394,1.0873373355813548135628821000864263623953e-01
7395,1.0873373355814508478545121761271730065346e-01
7396,1.0873373355814160146071145618407172150910e-01
7397,1.0873373355813548135628821000864263623953e-01
7398,1.0873373355814508478545121761271730065346e-01
7399,1.0873373355814160146071145618407172150910e-01
7400,1.0873373355814106022698695142025826498866e-01
7401,1.0873373355812705753908886663339217193425e-01
7402,1.0873373355814508478545121761271730065346e-01
7403,1.0873373355814160146071145618407172150910e-01
7404,1.0873373355813548135628821000864263623953e-01
7405,1.0873373355814508478545121761271730065346e-01
7406,1.0873373355814160146071145618407172150910e-01
7407,1.0873373355813548135628821000864263623953e-01
7408,1.0873373355814508478545121761271730065346e-01
7409,1.0873373355814160146071145618407172150910e-01
7410,1.0873373355813548135628821000864263623953e-01
7411,1.0873373355814508478545121761271730065346e-01
7412,1.0873373355814160146071145618407172150910e-01
7413,1.0873373355813548135628821000864263623953e-01
7414,1.0873373355814508478545121761271730065346e-01
7415,1.0873373355814160146071145618407172150910e-01
7416,1.0873373355813548135628821000864263623953e-01
7417,1.0873373355814508478545121761271730065346e-01
7418,1.0873373355814160146071145618407172150910e-01
7419,1.0873373355813548135628821000864263623953e-01
7420,1.0873373355814508478545121761271730065346e-01
7421,1.0873373355814160146071145618407172150910e-01
7422,1.0873373355813548135628821000864263623953e-01
7423,1.0873373355814508478545121761271730065346e-01
7424,1.0873373355814160146071145618407172150910e-01
7425,1.0873373355814106022698695142025826498866e-01
7426,1.0873373355812705753908886663339217193425e-01
7427,1.0873373355814508478545121761271730065346e-01
7428,1.0873373355814160146071145618407172150910e-01
7429,1.0873373355813548135628821000864263623953e-01
7430,1.0873373355814508478545121761271730065346e-01
7431,1.0873373355814160146071145618407172150910e-01
7432,1.0873373355813548135628821000864263623953e-01
7433,1.0873373355814508478545121761271730065346e-01
7434,1.0873373355814160146071145618407172150910e-01
7435,1.0873373355813548135628821000864263623953e-01
7436,1.0873373355814508478545121761271730065346e-01
7437,1.0873373355814160146071145618407172150910e-01
7438,1.0873373355813548135628821000864263623953e-01
7439,1.0873373355814508478545121761271730065346e-01
7440,1.0873373355814160146071145618407172150910e-01
7441,1.0873373355813548135628821000864263623953e-01
7442,1.0873373355814508478545121761271730065346e-01
7443,1.0873373355814160146071145618407172150910e-01
7444,1.0873373355813548135628821000864263623953e-01
7445,1.0873373355814508478545121761271730065346e-01
7446,1.0873373355814160146071145618407172150910e-01
7447,1.0873373355813548135628821000864263623953e-01
7448,1.0873373355814508478545121761271730065346e-01
7449,1.0873373355814160146071145618407172150910e-01
7450,1.0873373355813548135628821000864263623953e-01
7451,1.0873373355814508478545121761271730065346e-01
7452,1.0873373355814160146071145618407172150910e-01
7453,1.0873373355814106022698695142025826498866e-01
7454,1.0873373355812705753908886663339217193425e-01
7455,1.0873373355814508478545121761271730065346e-01
7456,1.0873373355814160146071145618407172150910e-01
7457,1.0873373355813548135628821000864263623953e-01
7458,1.0873373355814508478545121761271730065346e-01
7459,1.0873373355814160146071145618407172150910e-01
7460,1.0873373355813548135628821000864263623953e-01
7461,1.0873373355814508478545121761271730065346e-01
7462,1.0873373355814160146071145618407172150910e-01
7463,1.0873373355813548135628821000864263623953e-01
7464,1.0873373355814508478545121761271730065346e-01
7465,1.0873373355814160146071145618407172150910e-01
7466,1.0873373355813548135628821000864263623953e-01
7467,1.0873373355814508478545121761271730065346e-01
7468,1.0873373355814160146071145618407172150910e-01
7469,1.0873373355813548135628821000864263623953e-01
7470,1.0873373355814508478545121761271730065346e-01
7471,1.0873373355814160146071145618407172150910e-01
7472,1.0873373355814106022698695142025826498866e-01
7473,1.0873373355814226759452623127799597568810e-01
7474,1.0873373355815399432522383449395420029759e-01
7475,1.0873373355813527318947109279179130680859e-01
7476,1.0873373355814393292906316901280661113560e-01
7477,1.0873373355814226759452623127799597568810e-01
7478,1.0873373355814226759452623127799597568810e-01
7479,1.0873373355814226759452623127799597568810e-01
7480,1.0873373355815399432522383449395420029759e-01
7481,1.0873373355813527318947109279179130680859e-01
7482,1.0873373355814393292906316901280661113560e-01
7483,1.0873373355814226759452623127799597568810e-01
7484,1.0873373355814226759452623127799597568810e-01
7485,1.0873373355814226759452623127799597568810e-01
7486,1.0873373355815399432522383449395420029759e-01
7487,1.0873373355813527318947109279179130680859e-01
7488,1.0873373355814393292906316901280661113560e-01
7489,1.0873373355814226759452623127799597568810e-01
7490,1.0873373355814226759452623127799597568810e-01
7491,1.0873373355814226759452623127799597568810e-01
7492,1.0873373355814226759452623127799597568810e-01
7493,1.0873373355815399432522383449395420029759e-01
7494,1.0873373355813527318947109279179130680859e-01
7495,1.0873373355814393292906316901280661113560e-01
7496,1.0873373355814226759452623127799597568810e-01
7497,1.0873373355814226759452623127799597568810e-01
7498,1.0873373355814226759452623127799597568810e-01
7499,1.0873373355815399432522383449395420029759e-01
7500,1.0873373355813527318947109279179130680859e-01
7501,1.0873373355814393292906316901280661113560e-01
7502,1.0873373355814226759452623127799597568810e-01
7503,1.0873373355814226759452623127799597568810e-01
7504,1.0873373355814226759452623127799597568810e-01
7505,1.0873373355815399432522383449395420029759e-01
7506,1.0873373355813527318947109279179130680859e-01
7507,1.0873373355814393292906316901280661113560e-01
7508,1.0873373355814226759452623127799597568810e-01
7509,1.0873373355814226759452623127799597568810e-01
7510,1.0873373355814226759452623127799597568810e-01
7511,1.0873373355815399432522383449395420029759e-01
7512,1.0873373355813527318947109279179130680859e-01
7513,1.0873373355814393292906316901280661113560e-01
7514,1.0873373355814226759452623127799597568810e-01
7515,1.0873373355814226759452623127799597568810e-01
7516,1.0873373355814226759452623127799597568810e-01
7517,1.0873373355814226759452623127799597568810e-01
7518,1.0873373355815399432522383449395420029759e-01
7519,1.0873373355813527318947109279179130680859e-01
7520,1.0873373355814393292906316901280661113560e-01
7521,1.0873373355814226759452623127799597568810e-01
7522,1.0873373355814226759452623127799597568810e-01
7523,1.0873373355814226759452623127799597568810e-01
7524,1.0873373355815399432522383449395420029759e-01
7525,1.0873373355813527318947109279179130680859e-01
7526,1.0873373355814393292906316901280661113560e-01
7527,1.0873373355814226759452623127799597568810e-01
7528,1.0873373355814226759452623127799597568810e-01
7529,1.0873373355814226759452623127799597568810e-01
7530,1.0873373355815399432522383449395420029759e-01
7531,1.0873373355813527318947109279179130680859e-01
7532,1.0873373355814393292906316901280661113560e-01
7533,1.0873373355814226759452623127799597568810e-01
7534,1.0873373355814226759452623127799597568810e-01
7535,1.0873373355814226759452623127799597568810e-01
7536,1.0873373355815399432522383449395420029759e-01
7537,1.0873373355813527318947109279179130680859e-01
7538,1.0873373355814393292906316901280661113560e-01
7539,1.0873373355814226759452623127799597568810e-01
7540,1.0873373355814226759452623127799597568810e-01
7541,1.0873373355814226759452623127799597568810e-01
7542,1.0873373355814226759452623127799597568810e-01
7543,1.0873373355815399432522383449395420029759e-01
7544,1.0873373355813527318947109279179130680859e-01
7545,1.0873373355814393292906316901280661113560e-01
7546,1.0873373355814226759452623127799597568810e-01
7547,1.0873373355814226759452623127799597568810e-01
7548,1.0873373355814226759452623127799597568810e-01
7549,1.0873373355815399432522383449395420029759e-01
7550,1.0873373355813527318947109279179130680859e-01
7551,1.0873373355814393292906316901280661113560e-01
7552,1.0873373355814226759452623127799597568810e-01
7553,1.0873373355814226759452623127799597568810e-01
7554,1.0873373355814226759452623127799597568810e-01
7555,1.0873373355815399432522383449395420029759e-01
7556,1.0873373355813527318947109279179130680859e-01
7557,1.0873373355814393292906316901280661113560e-01
7558,1.0873373355814226759452623127799597568810e-01
7559,1.0873373355814226759452623127799597568810e-01
7560,1.0873373355814226759452623127799597568810e-01
7561,1.0873373355815399432522383449395420029759e-01
7562,1.0873373355813527318947109279179130680859e-01
7563,1.0873373355814393292906316901280661113560e-01
7564,1.0873373355814226759452623127799597568810e-01
7565,1.0873373355814226759452623127799597568810e-01
7566,1.0873373355814226759452623127799597568810e-01
7567,1.0873373355814226759452623127799597568810e-01
7568,1.0873373355815399432522383449395420029759e-01
7569,1.0873373355813527318947109279179130680859e-01
7570,1.0873373355814393292906316901280661113560e-01
7571,1.0873373355814226759452623127799597568810e-01
7572,1.0873373355814226759452623127799597568810e-01
7573,1.0873373355814226759452623127799597568810e-01
7574,1.0873373355815399432522383449395420029759e-01
7575,1.0873373355813527318947109279179130680859e-01
7576,1.0873373355814393292906316901280661113560e-01
7577,1.0873373355814226759452623127799597568810e-01
7578,1.0873373355814226759452623127799597568810e-01
7579,1.0873373355814226759452623127799597568810e-01
7580,1.0873373355815399432522383449395420029759e-01
7581,1.0873373355813527318947109279179130680859e-01
7582,1.0873373355814393292906316901280661113560e-01
7583,1.0873373355814226759452623127799597568810e-01
7584,1.0873373355814226759452623127799597568810e-01
7585,1.0873373355814226759452623127799597568810e-01
7586,1.0873373355815399432522383449395420029759e-01
7587,1.0873373355813527318947109279179130680859e-01
7588,1.0873373355814096308247229671906097792089e-01
7589,1.3467197856302678745561557114039718858067e-15
7590,0.0000000000000000000000000000000000000000e+00
7591,-2.1740732763411102501649452278797980397940e-01
7592,-2.1740732763411219075067037920234724879265e-01
7593,-2.1740732763410602901288370958354789763689e-01
7594,-2.1740732763411102501649452278797980397940e-01
7595,-2.1740732763411219075067037920234724879265e-01
7596,-2.1740732763410602901288370958354789763689e-01
7597,-2.1740732763411102501649452278797980397940e-01
7598,-2.1740732763411219075067037920234724879265e-01
7599,-2.1740732763410602901288370958354789763689e-01
7600,-2.1740732763411102501649452278797980397940e-01
7601,-2.1740732763411219075067037920234724879265e-01
7602,-2.1740732763410602901288370958354789763689e-01
7603,-2.1740732763410963723771374134230427443981e-01
7604,-2.1740732763411102501649452278797980397940e-01
7605,-2.1740732763411219075067037920234724879265e-01
7606,-2.1740732763410861028141596307250438258052e-01
7607,-2.1740732763411219075067037920234724879265e-01
7608,-2.1740732763410602901288370958354789763689e-01
7609,-2.1740732763410963723771374134230427443981e-01
7610,-2.1740732763411102501649452278797980397940e-01
7611,-2.1740732763411219075067037920234724879265e-01
7612,-2.1740732763410602901288370958354789763689e-01
7613,-2.1740732763411102501649452278797980397940e-01
7614,-2.1740732763411219075067037920234724879265e-01
7615,-2.1740732763410602901288370958354789763689e-01
7616,-2.1740732763411102501649452278797980397940e-01
7617,-2.1740732763411219075067037920234724879265e-01
7618,-2.1740732763410602901288370958354789763689e-01
7619,-2.1740732763411102501649452278797980397940e-01
7620,-2.1740732763411219075067037920234724879265e-01
7621,-2.1740732763410602901288370958354789763689e-01
7622,-2.1740732763410963723771374134230427443981e-01
7623,-2.1740732763411102501649452278797980397940e-01
7624,-2.1740732763411219075067037920234724879265e-01
7625,-2.1740732763410861028141596307250438258052e-01
7626,-2.1740732763411219075067037920234724879265e-01
7627,-2.1740732763410602901288370958354789763689e-01
7628,-2.1740732763410963723771374134230427443981e-01
7629,-2.1740732763411102501649452278797980397940e-01
7630,-2.1740732763411219075067037920234724879265e-01
7631,-2.1740732763410861028141596307250438258052e-01
7632,-2.1740732763411219075067037920234724879265e-01
7633,-2.1740732763410602901288370958354789763689e-01
7634,-2.1740732763410963723771374134230427443981e-01
7635,-2.1740732763411102501649452278797980397940e-01
7636,-2.1740732763411219075067037920234724879265e-01
7637,-2.1740732763410861028141596307250438258052e-01
7638,-2.1740732763411219075067037920234724879265e-01
7639,-2.1740732763410602901288370958354789763689e-01
7640,-2.1740732763410963723771374134230427443981e-01
7641,-2.1740732763411102501649452278797980397940e-01
7642,-2.1740732763411219075067037920234724879265e-01
7643,-2.1740732763410861028141596307250438258052e-01
7644,-2.1740732763411219075067037920234724879265e-01
7645,-2.1740732763410602901288370958354789763689e-01
7646,-2.1740732763410963723771374134230427443981e-01
7647,-2.1740732763410963723771374134230427443981e-01
7648,-2.1740732763411102501649452278797980397940e-01
7649,-2.1740732763411219075067037920234724879265e-01
7650,-2.1740732763410602901288370958354789763689e-01
7651,-2.1740732763410494654543470005592098459601e-01
7652,-2.1740732763410849925911350055685034021735e-01
7653,-2.1740732763411926842245236457529244944453e-01
7654,-2.1740732763410494654543470005592098459601e-01
7655,-2.1740732763410849925911350055685034021735e-01
7656,-2.1740732763411926842245236457529244944453e-01
7657,-2.1740732763410494654543470005592098459601e-01
7658,-2.1740732763410849925911350055685034021735e-01
7659,-2.1740732763411926842245236457529244944453e-01
7660,-2.1740732763411213523951914794452022761106e-01
7661,-2.1740732763411926842245236457529244944453e-01
7662,-2.1740732763410494654543470005592098459601e-01
7663,-2.1740732763410849925911350055685034021735e-01
7664,-2.1740732763411926842245236457529244944453e-01
7665,-2.1740732763410494654543470005592098459601e-01
7666,-2.1740732763410849925911350055685034021735e-01
7667,-2.1740732763411926842245236457529244944453e-01
7668,-2.1740732763410494654543470005592098459601e-01
7669,-2.1740732763410849925911350055685034021735e-01
7670,-2.1740732763411926842245236457529244944453e-01
7671,-2.1740732763410494654543470005592098459601e-01
7672,-2.1740732763410849925911350055685034021735e-01
7673,-2.1740732763411926842245236457529244944453e-01
7674,-2.1740732763411213523951914794452022761106e-01
7675,-2.1740732763411926842245236457529244944453e-01
7676,-2.1740732763410494654543470005592098459601e-01
7677,-2.1740732763410849925911350055685034021735e-01
7678,-2.1740732763411926842245236457529244944453e-01
7679,-2.1740732763410494654543470005592098459601e-01
7680,-2.1740732763410849925911350055685034021735e-01
7681,-2.1740732763411926842245236457529244944453e-01
7682,-2.1740732763410494654543470005592098459601e-01
7683,-2.1740732763410849925911350055685034021735e-01
7684,-2.1740732763411926842245236457529244944453e-01
7685,-2.1740732763410494654543470005592098459601e-01
7686,-2.1740732763410849925911350055685034021735e-01
7687,-2.1740732763411926842245236457529244944453e-01
7688,-2.1740732763411213523951914794452022761106e-01
7689,-2.1740732763411926842245236457529244944453e-01
7690,-2.1740732763410494654543470005592098459601e-01
7691,-2.1740732763410849925911350055685034021735e-01
7692,-2.1740732763411926842245236457529244944453e-01
7693,-2.1740732763410494654543470005592098459601e-01
7694,-2.1740732763410849925911350055685034021735e-01
7695,-2.1740732763411926842245236457529244944453e-01
7696,-2.1740732763411213523951914794452022761106e-01
7697,-2.1740732763411704797640311426221160218120e-01
7698,-2.1740732763411219075067037920234724879265e-01
7699,-2.1740732763410602901288370958354789763689e-01
7700,-2.1740732763411102501649452278797980397940e-01
7701,-2.1740732763411219075067037920234724879265e-01
7702,-2.1740732763410602901288370958354789763689e-01
7703,-2.1740732763411102501649452278797980397940e-01
7704,-2.1740732763411219075067037920234724879265e-01
7705,-2.1740732763410602901288370958354789763689e-01
7706,-2.1740732763410963723771374134230427443981e-01
7707,-2.1740732763411102501649452278797980397940e-01
7708,-2.1740732763411219075067037920234724879265e-01
7709,-2.1740732763410602901288370958354789763689e-01
7710,-2.1740732763411102501649452278797980397940e-01
7711,-2.1740732763411219075067037920234724879265e-01
7712,-2.1740732763410602901288370958354789763689e-01
7713,-2.1740732763411102501649452278797980397940e-01
7714,-2.1740732763411219075067037920234724879265e-01
7715,-2.1740732763410602901288370958354789763689e-01
7716,-2.1740732763411102501649452278797980397940e-01
7717,-2.1740732763411219075067037920234724879265e-01
7718,-2.1740732763410602901288370958354789763689e-01
7719,-2.1740732763411102501649452278797980397940e-01
7720,-2.1740732763411219075067037920234724879265e-01
7721,-2.1740732763410602901288370958354789763689e-01
7722,-2.1740732763411102501649452278797980397940e-01
7723,-2.1740732763411219075067037920234724879265e-01
7724,-2.1740732763410602901288370958354789763689e-01
7725,-2.1740732763411102501649452278797980397940e-01
7726,-2.1740732763411219075067037920234724879265e-01
7727,-2.1740732763410602901288370958354789763689e-01
7728,-2.1740732763411102501649452278797980397940e-01
7729,-2.1740732763411219075067037920234724879265e-01
7730,-2.1740732763410602901288370958354789763689e-01
7731,-2.1740732763410963723771374134230427443981e-01
7732,-2.1740732763411102501649452278797980397940e-01
7733,-2.1740732763411219075067037920234724879265e-01
7734,-2.1740732763410602901288370958354789763689e-01
7735,-2.1740732763411102501649452278797980397940e-01
7736,-2.1740732763411219075067037920234724879265e-01
7737,-2.1740732763410602901288370958354789763689e-01
7738,-2.1740732763411102501649452278797980397940e-01
7739,-2.1740732763411219075067037920234724879265e-01
7740,-2.1740732763410602901288370958354789763689e-01
7741,-2.1740732763411102501649452278797980397940e-01
7742,-2.1740732763411219075067037920234724879265e-01
7743,-2.1740732763410602901288370958354789763689e-01
7744,-2.1740732763411102501649452278797980397940e-01
7745,-2.1740732763411219075067037920234724879265e-01
7746,-2.1740732763410602901288370958354789763689e-01
7747,-2.1740732763411102501649452278797980397940e-01
7748,-2.1740732763411219075067037920234724879265e-01
7749,-2.1740732763410602901288370958354789763689e-01
7750,-2.1740732763411102501649452278797980397940e-01
7751,-2.1740732763411219075067037920234724879265e-01
7752,-2.1740732763410602901288370958354789763689e-01
7753,-2.1740732763411102501649452278797980397940e-01
7754,-2.1740732763411219075067037920234724879265e-01
7755,-2.1740732763410602901288370958354789763689e-01
7756,-2.1740732763410963723771374134230427443981e-01
7757,-2.1740732763411102501649452278797980397940e-01
7758,-2.1740732763411219075067037920234724879265e-01
7759,-2.1740732763410602901288370958354789763689e-01
7760,-2.1740732763411102501649452278797980397940e-01
7761,-2.1740732763411219075067037920234724879265e-01
7762,-2.1740732763410602901288370958354789763689e-01
7763,-2.1740732763411102501649452278797980397940e-01
7764,-2.1740732763411219075067037920234724879265e-01
7765,-2.1740732763410602901288370958354789763689e-01
7766,-2.1740732763411102501649452278797980397940e-01
7767,-2.1740732763411219075067037920234724879265e-01
7768,-2.1740732763410602901288370958354789763689e-01
7769,-2.1740732763411102501649452278797980397940e-01
7770,-2.1740732763411219075067037920234724879265e-01
7771,-2.1740732763410602901288370958354789763689e-01
7772,-2.1740732763411102501649452278797980397940e-01
7773,-2.1740732763411219075067037920234724879265e-01
7774,-2.1740732763410602901288370958354789763689e-01
7775,-2.1740732763411102501649452278797980397940e-01
7776,-2.1740732763411219075067037920234724879265e-01
7777,-2.1740732763410602901288370958354789763689e-01
7778,-2.1740732763411102501649452278797980397940e-01
7779,-2.1740732763411219075067037920234724879265e-01
7780,-2.1740732763410602901288370958354789763689e-01
7781,-2.1740732763411102501649452278797980397940e-01
7782,-2.1740732763411219075067037920234724879265e-01
7783,-2.1740732763410602901288370958354789763689e-01
7784,-2.1740732763410963723771374134230427443981e-01
7785,-2.1740732763411102501649452278797980397940e-01
7786,-2.1740732763411219075067037920234724879265e-01
7787,-2.1740732763410602901288370958354789763689e-01
7788,-2.1740732763411102501649452278797980397940e-01
7789,-2.1740732763411219075067037920234724879265e-01
7790,-2.1740732763410602901288370958354789763689e-01
7791,-2.1740732763411102501649452278797980397940e-01
7792,-2.1740732763411219075067037920234724879265e-01
7793,-2.1740732763410602901288370958354789763689e-01
7794,-2.1740732763411102501649452278797980397940e-01
7795,-2.1740732763411219075067037920234724879265e-01
7796,-2.1740732763410602901288370958354789763689e-01
7797,-2.1740732763411102501649452278797980397940e-01
7798,-2.1740732763411219075067037920234724879265e-01
7799,-2.1740732763410602901288370958354789763689e-01
7800,-2.1740732763411102501649452278797980397940e-01
7801,-2.1740732763411219075067037920234724879265e-01
7802,-2.1740732763410602901288370958354789763689e-01
7803,-2.1740732763410963723771374134230427443981e-01
7804,-2.1740732763410963723771374134230427443981e-01
7805,-2.1740732763411235728412407297582831233740e-01
7806,-2.1740732763411468875247578580456320196390e-01
7807,-2.1740732763410602901288370958354789763689e-01
7808,-2.1740732763410963723771374134230427443981e-01
7809,-2.1740732763410963723771374134230427443981e-01
7810,-2.1740732763410963723771374134230427443981e-01
7811,-2.1740732763411235728412407297582831233740e-01
7812,-2.1740732763411468875247578580456320196390e-01
7813,-2.1740732763410602901288370958354789763689e-01
7814,-2.1740732763410963723771374134230427443981e-01
7815,-2.1740732763410963723771374134230427443981e-01
7816,-2.1740732763410963723771374134230427443981e-01
7817,-2.1740732763411235728412407297582831233740e-01
7818,-2.1740732763411468875247578580456320196390e-01
7819,-2.1740732763410602901288370958354789763689e-01
7820,-2.1740732763410963723771374134230427443981e-01
7821,-2.1740732763410963723771374134230427443981e-01
7822,-2.1740732763410963723771374134230427443981e-01
7823,-2.1740732763410963723771374134230427443981e-01
7824,-2.1740732763411235728412407297582831233740e-01
7825,-2.1740732763411468875247578580456320196390e-01
7826,-2.1740732763410602901288370958354789763689e-01
7827,-2.1740732763410963723771374134230427443981e-01
7828,-2.1740732763410963723771374134230427443981e-01
7829,-2.1740732763410963723771374134230427443981e-01
7830,-2.1740732763411235728412407297582831233740e-01
7831,-2.1740732763411468875247578580456320196390e-01
7832,-2.1740732763410602901288370958354789763689e-01
7833,-2.1740732763410963723771374134230427443981e-01
7834,-2.1740732763410963723771374134230427443981e-01
7835,-2.1740732763410963723771374134230427443981e-01
7836,-2.1740732763411235728412407297582831233740e-01
7837,-2.1740732763411468875247578580456320196390e-01
7838,-2.1740732763410602901288370958354789763689e-01
7839,-2.1740732763410963723771374134230427443981e-01
7840,-2.1740732763410963723771374134230427443981e-01
7841,-2.1740732763410963723771374134230427443981e-01
7842,-2.1740732763411235728412407297582831233740e-01
7843,-2.1740732763411468875247578580456320196390e-01
7844,-2.1740732763410602901288370958354789763689e-01
7845,-2.1740732763410963723771374134230427443981e-01
7846,-2.1740732763410963723771374134230427443981e-01
7847,-2.1740732763410963723771374134230427443981e-01
7848,-2.1740732763410963723771374134230427443981e-01
7849,-2.1740732763411235728412407297582831233740e-01
7850,-2.1740732763411468875247578580456320196390e-01
7851,-2.1740732763410602901288370958354789763689e-01
7852,-2.1740732763410963723771374134230427443981e-01
7853,-2.1740732763410963723771374134230427443981e-01
7854,-2.1740732763410963723771374134230427443981e-01
7855,-2.1740732763411235728412407297582831233740e-01
7856,-2.1740732763411468875247578580456320196390e-01
7857,-2.1740732763410602901288370958354789763689e-01
7858,-2.1740732763410963723771374134230427443981e-01
7859,-2.1740732763410963723771374134230427443981e-01
7860,-2.1740732763410963723771374134230427443981e-01
7861,-2.1740732763411235728412407297582831233740e-01
7862,-2.1740732763411468875247578580456320196390e-01
7863,-2.1740732763410602901288370958354789763689e-01
7864,-2.1740732763410963723771374134230427443981e-01
7865,-2.1740732763410963723771374134230427443981e-01
7866,-2.1740732763410963723771374134230427443981e-01
7867,-2.1740732763411235728412407297582831233740e-01
7868,-2.1740732763411468875247578580456320196390e-01
7869,-2.1740732763410602901288370958354789763689e-01
7870,-2.1740732763410963723771374134230427443981e-01
7871,-2.1740732763410963723771374134230427443981e-01
7872,-2.1740732763410963723771374134230427443981e-01
7873,-2.1740732763410963723771374134230427443981e-01
7874,-2.1740732763411235728412407297582831233740e-01
7875,-2.1740732763411468875247578580456320196390e-01
7876,-2.1740732763410602901288370958354789763689e-01
7877,-2.1740732763410963723771374134230427443981e-01
7878,-2.1740732763410963723771374134230427443981e-01
7879,-2.1740732763410963723771374134230427443981e-01
7880,-2.1740732763411235728412407297582831233740e-01
7881,-2.1740732763411468875247578580456320196390e-01
7882,-2.1740732763410602901288370958354789763689e-01
7883,-2.1740732763410963723771374134230427443981e-01
7884,-2.1740732763410963723771374134230427443981e-01
7885,-2.1740732763410963723771374134230427443981e-01
7886,-2.1740732763411235728412407297582831233740e-01
7887,-2.1740732763411468875247578580456320196390e-01
7888,-2.1740732763410602901288370958354789763689e-01
7889,-2.1740732763410963723771374134230427443981e-01
7890,-2.1740732763410963723771374134230427443981e-01
7891,-2.1740732763410963723771374134230427443981e-01
7892,-2.1740732763411235728412407297582831233740e-01
7893,-2.1740732763411468875247578580456320196390e-01
7894,-2.1740732763410602901288370958354789763689e-01
7895,-2.1740732763410963723771374134230427443981e-01
7896,-2.1740732763410963723771374134230427443981e-01
7897,-2.1740732763410963723771374134230427443981e-01
7898,-2.1740732763410963723771374134230427443981e-01
7899,-2.1740732763411235728412407297582831233740e-01
7900,-2.1740732763411468875247578580456320196390e-01
7901,-2.1740732763410602901288370958354789763689e-01
7902,-2.1740732763410963723771374134230427443981e-01
7903,-2.1740732763410963723771374134230427443981e-01
7904,-2.1740732763410963723771374134230427443981e-01
7905,-2.1740732763411235728412407297582831233740e-01
7906,-2.1740732763411468875247578580456320196390e-01
7907,-2.1740732763410602901288370958354789763689e-01
7908,-2.1740732763410963723771374134230427443981e-01
7909,-2.1740732763410963723771374134230427443981e-01
7910,-2.1740732763410963723771374134230427443981e-01
7911,-2.1740732763411235728412407297582831233740e-01
7912,-2.1740732763411468875247578580456320196390e-01
7913,-2.1740732763410602901288370958354789763689e-01
7914,-2.1740732763410963723771374134230427443981e-01
7915,-2.1740732763410963723771374134230427443981e-01
7916,-2.1740732763410963723771374134230427443981e-01
7917,-2.1740732763411235728412407297582831233740e-01
7918,-2.1740732763411468875247578580456320196390e-01
7919,4.5267403828907545594045283301110465644395e-15
