index,H
0,9.4552340913386713833626952578975167610406e-15
1,-3.9497929205589071832704917142109479755163e-01
2,-3.9497929205589765722095307864947244524956e-01
3,-3.9497929205587545276046057551866397261620e-01
4,-3.9497929205586179701725768609321676194668e-01
5,-3.9497929205589071832704917142109479755163e-01
6,-3.9497929205589765722095307864947244524956e-01
7,-3.9497929205587545276046057551866397261620e-01
8,-3.9497929205586179701725768609321676194668e-01
9,-3.9497929205589071832704917142109479755163e-01
10,-3.9497929205589765722095307864947244524956e-01
11,-3.9497929205587545276046057551866397261620e-01
12,-3.9497929205586179701725768609321676194668e-01
13,-3.9497929205589071832704917142109479755163e-01
14,-3.9497929205589765722095307864947244524956e-01
15,-3.9497929205587545276046057551866397261620e-01
16,-3.9497929205586179701725768609321676194668e-01
17,-3.9497929205589071832704917142109479755163e-01
18,-3.9497929205589765722095307864947244524956e-01
19,-3.9497929205587545276046057551866397261620e-01
20,-3.9497929205586179701725768609321676194668e-01
21,-3.9497929205589071832704917142109479755163e-01
22,-3.9497929205589765722095307864947244524956e-01
23,-3.9497929205586179701725768609321676194668e-01
24,-3.9497929205589071832704917142109479755163e-01
25,-3.9497929205589765722095307864947244524956e-01
26,-3.9497929205587545276046057551866397261620e-01
27,-3.9497929205586179701725768609321676194668e-01
28,-3.9497929205589071832704917142109479755163e-01
29,-3.9497929205589765722095307864947244524956e-01
30,-3.9497929205587545276046057551866397261620e-01
31,-3.9497929205586179701725768609321676194668e-01
32,-3.9497929205589071832704917142109479755163e-01
33,-3.9497929205589765722095307864947244524956e-01
34,-3.9497929205586179701725768609321676194668e-01
35,-3.9497929205589071832704917142109479755163e-01
36,-3.9497929205589765722095307864947244524956e-01
37,-3.9497929205587545276046057551866397261620e-01
38,-3.9497929205587545276046057551866397261620e-01
39,-3.9497929205586179701725768609321676194668e-01
40,-3.9497929205589071832704917142109479755163e-01
41,-3.9497929205589765722095307864947244524956e-01
42,-3.9497929205586179701725768609321676194668e-01
43,-3.9497929205589071832704917142109479755163e-01
44,-3.9497929205589765722095307864947244524956e-01
45,-3.9497929205587545276046057551866397261620e-01
46,-3.9497929205587545276046057551866397261620e-01
47,-3.9497929205586179701725768609321676194668e-01
48,-3.9497929205589071832704917142109479755163e-01
49,-3.9497929205589765722095307864947244524956e-01
50,-3.9497929205586179701725768609321676194668e-01
51,-3.9497929205589071832704917142109479755163e-01
52,-3.9497929205589765722095307864947244524956e-01
53,-3.9497929205586179701725768609321676194668e-01
54,-3.9497929205589071832704917142109479755163e-01
55,-3.9497929205589765722095307864947244524956e-01
56,-3.9497929205587545276046057551866397261620e-01
57,-3.9497929205587545276046057551866397261620e-01
58,-3.9497929205586179701725768609321676194668e-01
59,-3.9497929205589071832704917142109479755163e-01
60,-3.9497929205589765722095307864947244524956e-01
61,-3.9497929205586179701725768609321676194668e-01
62,-3.9497929205589071832704917142109479755163e-01
63,-3.9497929205589765722095307864947244524956e-01
64,-3.9497929205587545276046057551866397261620e-01
65,-3.9497929205587545276046057551866397261620e-01
66,-3.9497929205586179701725768609321676194668e-01
67,-3.9497929205589071832704917142109479755163e-01
68,-3.9497929205589765722095307864947244524956e-01
69,-3.9497929205586179701725768609321676194668e-01
70,-3.9497929205589071832704917142109479755163e-01
71,-3.9497929205589765722095307864947244524956e-01
72,-3.9497929205586179701725768609321676194668e-01
73,-3.9497929205589338286230827179679181426764e-01
74,-3.9497929205587212209138670004904270172119e-01
75,-3.9497929205585319278881684113002847880125e-01
76,-3.9497929205589765722095307864947244524956e-01
77,-3.9497929205586179701725768609321676194668e-01
78,-3.9497929205589071832704917142109479755163e-01
79,-3.9497929205589765722095307864947244524956e-01
80,-3.9497929205590148749038803543953690677881e-01
81,-3.9497929205590931456271164279314689338207e-01
82,-3.9497929205593118595629675837699323892593e-01
83,-3.9497929205590931456271164279314689338207e-01
84,-3.9497929205593118595629675837699323892593e-01
85,-3.9497929205591347789905398713017348200083e-01
86,-3.9497929205590837087314071141008753329515e-01
87,-3.9497929205593118595629675837699323892593e-01
88,-3.9497929205590931456271164279314689338207e-01
89,-3.9497929205593118595629675837699323892593e-01
90,-3.9497929205590931456271164279314689338207e-01
91,-3.9497929205593118595629675837699323892593e-01
92,-3.9497929205590931456271164279314689338207e-01
93,-3.9497929205593118595629675837699323892593e-01
94,-3.9497929205590931456271164279314689338207e-01
95,-3.9497929205593118595629675837699323892593e-01
96,-3.9497929205590931456271164279314689338207e-01
97,-3.9497929205593118595629675837699323892593e-01
98,-3.9497929205590931456271164279314689338207e-01
99,-3.9497929205593118595629675837699323892593e-01
100,-3.9497929205590931456271164279314689338207e-01
101,-3.9497929205593118595629675837699323892593e-01
102,-3.9497929205590931456271164279314689338207e-01
103,-3.9497929205593118595629675837699323892593e-01
104,-3.9497929205590931456271164279314689338207e-01
105,-3.9497929205593118595629675837699323892593e-01
106,-3.9497929205591347789905398713017348200083e-01
107,-3.9497929205590837087314071141008753329515e-01
108,-3.9497929205593118595629675837699323892593e-01
109,-3.9497929205590931456271164279314689338207e-01
110,-3.9497929205593118595629675837699323892593e-01
111,-3.9497929205590931456271164279314689338207e-01
112,-3.9497929205593118595629675837699323892593e-01
113,-3.9497929205590931456271164279314689338207e-01
114,-3.9497929205593118595629675837699323892593e-01
115,-3.9497929205590931456271164279314689338207e-01
116,-3.9497929205593118595629675837699323892593e-01
117,-3.9497929205590931456271164279314689338207e-01
118,-3.9497929205593118595629675837699323892593e-01
119,-3.9497929205590931456271164279314689338207e-01
120,-3.9497929205593118595629675837699323892593e-01
121,-3.9497929205590931456271164279314689338207e-01
122,-3.9497929205593118595629675837699323892593e-01
123,-3.9497929205590931456271164279314689338207e-01
124,-3.9497929205593118595629675837699323892593e-01
125,-3.9497929205590931456271164279314689338207e-01
126,-3.9497929205593118595629675837699323892593e-01
127,-3.9497929205591347789905398713017348200083e-01
128,-3.9497929205590837087314071141008753329515e-01
129,-3.9497929205593118595629675837699323892593e-01
130,-3.9497929205590931456271164279314689338207e-01
131,-3.9497929205593118595629675837699323892593e-01
132,-3.9497929205590931456271164279314689338207e-01
133,-3.9497929205593118595629675837699323892593e-01
134,-3.9497929205590931456271164279314689338207e-01
135,-3.9497929205593118595629675837699323892593e-01
136,-3.9497929205590931456271164279314689338207e-01
137,-3.9497929205593118595629675837699323892593e-01
138,-3.9497929205590931456271164279314689338207e-01
139,-3.9497929205593118595629675837699323892593e-01
140,-3.9497929205590931456271164279314689338207e-01
141,-3.9497929205589199508352749035111628472805e-01
142,-3.9497929205586179701725768609321676194668e-01
143,-3.9497929205589071832704917142109479755163e-01
144,-3.9497929205589765722095307864947244524956e-01
145,-3.9497929205587545276046057551866397261620e-01
146,-3.9497929205586179701725768609321676194668e-01
147,-3.9497929205589071832704917142109479755163e-01
148,-3.9497929205589765722095307864947244524956e-01
149,-3.9497929205586179701725768609321676194668e-01
150,-3.9497929205589071832704917142109479755163e-01
151,-3.9497929205589765722095307864947244524956e-01
152,-3.9497929205587545276046057551866397261620e-01
153,-3.9497929205586179701725768609321676194668e-01
154,-3.9497929205589071832704917142109479755163e-01
155,-3.9497929205589765722095307864947244524956e-01
156,-3.9497929205587545276046057551866397261620e-01
157,-3.9497929205586179701725768609321676194668e-01
158,-3.9497929205589071832704917142109479755163e-01
159,-3.9497929205589765722095307864947244524956e-01
160,-3.9497929205587545276046057551866397261620e-01
161,-3.9497929205586179701725768609321676194668e-01
162,-3.9497929205589071832704917142109479755163e-01
163,-3.9497929205589765722095307864947244524956e-01
164,-3.9497929205587545276046057551866397261620e-01
165,-3.9497929205586179701725768609321676194668e-01
166,-3.9497929205589071832704917142109479755163e-01
167,-3.9497929205589765722095307864947244524956e-01
168,-3.9497929205587545276046057551866397261620e-01
169,-3.9497929205586179701725768609321676194668e-01
170,-3.9497929205589071832704917142109479755163e-01
171,-3.9497929205589765722095307864947244524956e-01
172,-3.9497929205586179701725768609321676194668e-01
173,-3.9497929205589071832704917142109479755163e-01
174,-3.9497929205589765722095307864947244524956e-01
175,-3.9497929205587545276046057551866397261620e-01
176,-3.9497929205586179701725768609321676194668e-01
177,-3.9497929205589071832704917142109479755163e-01
178,-3.9497929205589765722095307864947244524956e-01
179,-3.9497929205587545276046057551866397261620e-01
180,-3.9497929205586179701725768609321676194668e-01
181,-3.9497929205589071832704917142109479755163e-01
182,-3.9497929205589765722095307864947244524956e-01
183,-3.9497929205587545276046057551866397261620e-01
184,-3.9497929205586179701725768609321676194668e-01
185,-3.9497929205589071832704917142109479755163e-01
186,-3.9497929205589765722095307864947244524956e-01
187,-3.9497929205587545276046057551866397261620e-01
188,-3.9497929205586179701725768609321676194668e-01
189,-3.9497929205589071832704917142109479755163e-01
190,-3.9497929205589765722095307864947244524956e-01
191,-3.9497929205586179701725768609321676194668e-01
192,-3.9497929205589071832704917142109479755163e-01
193,-3.9497929205589765722095307864947244524956e-01
194,-3.9497929205587545276046057551866397261620e-01
195,-3.9497929205586179701725768609321676194668e-01
196,-3.9497929205589071832704917142109479755163e-01
197,-3.9497929205589765722095307864947244524956e-01
198,-3.9497929205587545276046057551866397261620e-01
199,-3.9497929205586179701725768609321676194668e-01
200,-3.9497929205589071832704917142109479755163e-01
201,-3.9497929205589765722095307864947244524956e-01
202,-3.9497929205587545276046057551866397261620e-01
203,-3.9497929205586179701725768609321676194668e-01
204,-3.9497929205589071832704917142109479755163e-01
205,-3.9497929205589765722095307864947244524956e-01
206,-3.9497929205587545276046057551866397261620e-01
207,-3.9497929205586179701725768609321676194668e-01
208,-3.9497929205589071832704917142109479755163e-01
209,-3.9497929205589765722095307864947244524956e-01
210,-3.9497929205587545276046057551866397261620e-01
211,-3.9497929205586179701725768609321676194668e-01
212,-3.9497929205589071832704917142109479755163e-01
213,-3.9497929205589765722095307864947244524956e-01
214,-3.9497929205586179701725768609321676194668e-01
215,-3.9497929205589071832704917142109479755163e-01
216,-3.9497929205589765722095307864947244524956e-01
217,-3.9497929205587545276046057551866397261620e-01
218,-3.9497929205586179701725768609321676194668e-01
219,-3.9497929205589071832704917142109479755163e-01
220,-3.9497929205589765722095307864947244524956e-01
221,-3.9497929205587545276046057551866397261620e-01
222,-3.9497929205586179701725768609321676194668e-01
223,-3.9497929205589071832704917142109479755163e-01
224,-3.9497929205589765722095307864947244524956e-01
225,-3.9497929205587545276046057551866397261620e-01
226,-3.9497929205586179701725768609321676194668e-01
227,-3.9497929205589071832704917142109479755163e-01
228,-3.9497929205589765722095307864947244524956e-01
229,-3.9497929205587545276046057551866397261620e-01
230,-3.9497929205586179701725768609321676194668e-01
231,-3.9497929205589071832704917142109479755163e-01
232,-3.9497929205589765722095307864947244524956e-01
233,-3.9497929205586179701725768609321676194668e-01
234,-3.9497929205589071832704917142109479755163e-01
235,-3.9497929205589765722095307864947244524956e-01
236,-3.9497929205587545276046057551866397261620e-01
237,-3.9497929205586179701725768609321676194668e-01
238,-3.9497929205589071832704917142109479755163e-01
239,-3.9497929205589765722095307864947244524956e-01
240,-3.9497929205587545276046057551866397261620e-01
241,-3.9497929205586179701725768609321676194668e-01
242,-3.9497929205589071832704917142109479755163e-01
243,-3.9497929205589765722095307864947244524956e-01
244,-3.9497929205587545276046057551866397261620e-01
245,-3.9497929205586179701725768609321676194668e-01
246,-3.9497929205589071832704917142109479755163e-01
247,-3.9497929205589765722095307864947244524956e-01
248,-3.9497929205587545276046057551866397261620e-01
249,-3.9497929205586179701725768609321676194668e-01
250,-3.9497929205589071832704917142109479755163e-01
251,-3.9497929205589765722095307864947244524956e-01
252,-3.9497929205587545276046057551866397261620e-01
253,-3.9497929205586179701725768609321676194668e-01
254,-3.9497929205589071832704917142109479755163e-01
255,-3.9497929205589765722095307864947244524956e-01
256,-3.9497929205586179701725768609321676194668e-01
257,-3.9497929205589071832704917142109479755163e-01
258,-3.9497929205589765722095307864947244524956e-01
259,-3.9497929205587545276046057551866397261620e-01
260,-3.9497929205586179701725768609321676194668e-01
261,-3.9497929205589071832704917142109479755163e-01
262,-3.9497929205589765722095307864947244524956e-01
263,-3.9497929205587545276046057551866397261620e-01
264,-3.9497929205586179701725768609321676194668e-01
265,-3.9497929205589071832704917142109479755163e-01
266,-3.9497929205589765722095307864947244524956e-01
267,-3.9497929205587545276046057551866397261620e-01
268,-3.9497929205586179701725768609321676194668e-01
269,-3.9497929205589071832704917142109479755163e-01
270,-3.9497929205589765722095307864947244524956e-01
271,-3.9497929205587545276046057551866397261620e-01
272,-3.9497929205586179701725768609321676194668e-01
273,-3.9497929205589071832704917142109479755163e-01
274,-3.9497929205589765722095307864947244524956e-01
275,-3.9497929205587545276046057551866397261620e-01
276,-3.9497929205586179701725768609321676194668e-01
277,-3.9497929205589071832704917142109479755163e-01
278,-3.9497929205589765722095307864947244524956e-01
279,-3.9497929205586179701725768609321676194668e-01
280,-3.9497929205589071832704917142109479755163e-01
281,-3.9497929205589765722095307864947244524956e-01
282,-3.9497929205587545276046057551866397261620e-01
283,-3.9497929205586179701725768609321676194668e-01
284,-3.9497929205589338286230827179679181426764e-01
285,-3.9497929205587212209138670004904270172119e-01
286,-3.9497929205588011569716400117613375186920e-01
287,-3.9497929205590254220226142933825030922890e-01
288,-3.9497929205587212209138670004904270172119e-01
289,-3.9497929205588011569716400117613375186920e-01
290,-3.9497929205590254220226142933825030922890e-01
291,-3.9497929205587212209138670004904270172119e-01
292,-3.9497929205587994916371030740265268832445e-01
293,-3.9497929205587212209138670004904270172119e-01
294,-3.9497929205588011569716400117613375186920e-01
295,-3.9497929205590254220226142933825030922890e-01
296,-3.9497929205587212209138670004904270172119e-01
297,-3.9497929205588011569716400117613375186920e-01
298,-3.9497929205590254220226142933825030922890e-01
299,-3.9497929205587212209138670004904270172119e-01
300,-3.9497929205588011569716400117613375186920e-01
301,-3.9497929205590254220226142933825030922890e-01
302,-3.9497929205587212209138670004904270172119e-01
303,-3.9497929205587994916371030740265268832445e-01
304,-3.9497929205587212209138670004904270172119e-01
305,-3.9497929205588011569716400117613375186920e-01
306,-3.9497929205590254220226142933825030922890e-01
307,-3.9497929205587212209138670004904270172119e-01
308,-3.9497929205588011569716400117613375186920e-01
309,-3.9497929205590254220226142933825030922890e-01
310,-3.9497929205587212209138670004904270172119e-01
311,-3.9497929205587994916371030740265268832445e-01
312,-3.9497929205587212209138670004904270172119e-01
313,-3.9497929205588011569716400117613375186920e-01
314,-3.9497929205590254220226142933825030922890e-01
315,-3.9497929205587212209138670004904270172119e-01
316,-3.9497929205588011569716400117613375186920e-01
317,-3.9497929205590254220226142933825030922890e-01
318,-3.9497929205587212209138670004904270172119e-01
319,-3.9497929205588011569716400117613375186920e-01
320,-3.9497929205590254220226142933825030922890e-01
321,-3.9497929205587212209138670004904270172119e-01
322,-3.9497929205587994916371030740265268832445e-01
323,-3.9497929205587212209138670004904270172119e-01
324,-3.9497929205588011569716400117613375186920e-01
325,-3.9497929205590254220226142933825030922890e-01
326,-3.9497929205587212209138670004904270172119e-01
327,-3.9497929205588011569716400117613375186920e-01
328,-3.9497929205590254220226142933825030922890e-01
329,-3.9497929205587212209138670004904270172119e-01
330,-3.9497929205587994916371030740265268832445e-01
331,-3.9497929205587212209138670004904270172119e-01
332,-3.9497929205588011569716400117613375186920e-01
333,-3.9497929205590254220226142933825030922890e-01
334,-3.9497929205587212209138670004904270172119e-01
335,-3.9497929205588011569716400117613375186920e-01
336,-3.9497929205590254220226142933825030922890e-01
337,-3.9497929205587212209138670004904270172119e-01
338,-3.9497929205587994916371030740265268832445e-01
339,-3.9497929205587212209138670004904270172119e-01
340,-3.9497929205588011569716400117613375186920e-01
341,-3.9497929205590254220226142933825030922890e-01
342,-3.9497929205587212209138670004904270172119e-01
343,-3.9497929205588011569716400117613375186920e-01
344,-3.9497929205590254220226142933825030922890e-01
345,-3.9497929205587212209138670004904270172119e-01
346,-3.9497929205588011569716400117613375186920e-01
347,-3.9497929205590254220226142933825030922890e-01
348,-3.9497929205587212209138670004904270172119e-01
349,-3.9497929205587994916371030740265268832445e-01
350,-3.9497929205587212209138670004904270172119e-01
351,-3.9497929205588011569716400117613375186920e-01
352,-3.9497929205590254220226142933825030922890e-01
353,-3.9497929205587212209138670004904270172119e-01
354,-3.9497929205588011569716400117613375186920e-01
355,-3.9497929205590254220226142933825030922890e-01
356,-3.9497929205587212209138670004904270172119e-01
357,-3.9497929205587994916371030740265268832445e-01
358,-3.9497929205587212209138670004904270172119e-01
359,-3.9497929205588011569716400117613375186920e-01
360,-3.9497929205590254220226142933825030922890e-01
361,-3.9497929205587212209138670004904270172119e-01
362,-3.9497929205588011569716400117613375186920e-01
363,-3.9497929205590254220226142933825030922890e-01
364,-3.9497929205587212209138670004904270172119e-01
365,-3.9497929205588011569716400117613375186920e-01
366,-3.9497929205590254220226142933825030922890e-01
367,-3.9497929205587212209138670004904270172119e-01
368,-3.9497929205587994916371030740265268832445e-01
369,-3.9497929205587212209138670004904270172119e-01
370,-3.9497929205588011569716400117613375186920e-01
371,-3.9497929205590254220226142933825030922890e-01
372,-3.9497929205587212209138670004904270172119e-01
373,-3.9497929205588011569716400117613375186920e-01
374,-3.9497929205590254220226142933825030922890e-01
375,-3.9497929205587212209138670004904270172119e-01
376,-3.9497929205587994916371030740265268832445e-01
377,-3.9497929205587212209138670004904270172119e-01
378,-3.9497929205588011569716400117613375186920e-01
379,-3.9497929205590254220226142933825030922890e-01
380,-3.9497929205587212209138670004904270172119e-01
381,-3.9497929205588011569716400117613375186920e-01
382,-3.9497929205590254220226142933825030922890e-01
383,-3.9497929205587212209138670004904270172119e-01
384,-3.9497929205588011569716400117613375186920e-01
385,-3.9497929205590254220226142933825030922890e-01
386,-3.9497929205587212209138670004904270172119e-01
387,-3.9497929205587994916371030740265268832445e-01
388,-3.9497929205587212209138670004904270172119e-01
389,-3.9497929205588011569716400117613375186920e-01
390,-3.9497929205590254220226142933825030922890e-01
391,-3.9497929205587212209138670004904270172119e-01
392,-3.9497929205588011569716400117613375186920e-01
393,-3.9497929205590254220226142933825030922890e-01
394,-3.9497929205587212209138670004904270172119e-01
395,-3.9497929205587994916371030740265268832445e-01
396,-3.9497929205587212209138670004904270172119e-01
397,-3.9497929205588011569716400117613375186920e-01
398,-3.9497929205590254220226142933825030922890e-01
399,-3.9497929205587212209138670004904270172119e-01
400,-3.9497929205588011569716400117613375186920e-01
401,-3.9497929205590254220226142933825030922890e-01
402,-3.9497929205587212209138670004904270172119e-01
403,-3.9497929205587994916371030740265268832445e-01
404,-3.9497929205587212209138670004904270172119e-01
405,-3.9497929205588011569716400117613375186920e-01
406,-3.9497929205590254220226142933825030922890e-01
407,-3.9497929205587212209138670004904270172119e-01
408,-3.9497929205588011569716400117613375186920e-01
409,-3.9497929205590254220226142933825030922890e-01
410,-3.9497929205587212209138670004904270172119e-01
411,-3.9497929205588011569716400117613375186920e-01
412,-3.9497929205590254220226142933825030922890e-01
413,-3.9497929205587212209138670004904270172119e-01
414,-3.9497929205587994916371030740265268832445e-01
415,-3.9497929205587212209138670004904270172119e-01
416,-3.9497929205588011569716400117613375186920e-01
417,-3.9497929205590254220226142933825030922890e-01
418,-3.9497929205587212209138670004904270172119e-01
419,-3.9497929205588011569716400117613375186920e-01
420,-3.9497929205590254220226142933825030922890e-01
421,-3.9497929205587212209138670004904270172119e-01
422,-3.9497929205587994916371030740265268832445e-01
423,-3.9497929205587212209138670004904270172119e-01
424,-3.9497929205588011569716400117613375186920e-01
425,-3.9497929205590254220226142933825030922890e-01
426,-3.9497929205587212209138670004904270172119e-01
427,-3.9497929205588011569716400117613375186920e-01
428,-3.9497929205590254220226142933825030922890e-01
429,-3.9497929205587212209138670004904270172119e-01
430,-3.9497929205588011569716400117613375186920e-01
431,-3.9497929205590254220226142933825030922890e-01
432,-3.9497929205587212209138670004904270172119e-01
433,-3.9497929205587994916371030740265268832445e-01
434,-3.9497929205587212209138670004904270172119e-01
435,-3.9497929205588011569716400117613375186920e-01
436,-3.9497929205590254220226142933825030922890e-01
437,-3.9497929205587212209138670004904270172119e-01
438,-3.9497929205588011569716400117613375186920e-01
439,-3.9497929205590254220226142933825030922890e-01
440,-3.9497929205587212209138670004904270172119e-01
441,-3.9497929205587994916371030740265268832445e-01
442,-3.9497929205587212209138670004904270172119e-01
443,-3.9497929205588072631982754501223098486662e-01
444,0.0000000000000000000000000000000000000000e+00
445,-1.2505934734499918195430390493136481093825e-14
446,1.9753175100822950582823978038504719734192e-01
447,1.9753175100818018417037080780573887750506e-01
448,1.9753175100810338449264236260205507278442e-01
449,1.9753175100823427978724566855817101895809e-01
450,1.9753175100821199206002631854062201455235e-01
451,1.9753175100818018417037080780573887750506e-01
452,1.9753175100810338449264236260205507278442e-01
453,1.9753175100823427978724566855817101895809e-01
454,1.9753175100821199206002631854062201455235e-01
455,1.9753175100818018417037080780573887750506e-01
456,1.9753175100810338449264236260205507278442e-01
457,1.9753175100823427978724566855817101895809e-01
458,1.9753175100821199206002631854062201455235e-01
459,1.9753175100818018417037080780573887750506e-01
460,1.9753175100810338449264236260205507278442e-01
461,1.9753175100823427978724566855817101895809e-01
462,1.9753175100821199206002631854062201455235e-01
463,1.9753175100818018417037080780573887750506e-01
464,1.9753175100810338449264236260205507278442e-01
465,1.9753175100823427978724566855817101895809e-01
466,1.9753175100821199206002631854062201455235e-01
467,1.9753175100818018417037080780573887750506e-01
468,1.9753175100818173848260528302489547058940e-01
469,1.9753175100821199206002631854062201455235e-01
470,1.9753175100818018417037080780573887750506e-01
471,1.9753175100810338449264236260205507278442e-01
472,1.9753175100823427978724566855817101895809e-01
473,1.9753175100821199206002631854062201455235e-01
474,1.9753175100818018417037080780573887750506e-01
475,1.9753175100810338449264236260205507278442e-01
476,1.9753175100823427978724566855817101895809e-01
477,1.9753175100821199206002631854062201455235e-01
478,1.9753175100818018417037080780573887750506e-01
479,1.9753175100818173848260528302489547058940e-01
480,1.9753175100821199206002631854062201455235e-01
481,1.9753175100818018417037080780573887750506e-01
482,1.9753175100810338449264236260205507278442e-01
483,1.9753175100814715503538820939866127446294e-01
484,1.9753175100823427978724566855817101895809e-01
485,1.9753175100821199206002631854062201455235e-01
486,1.9753175100818018417037080780573887750506e-01
487,1.9753175100818173848260528302489547058940e-01
488,1.9753175100821199206002631854062201455235e-01
489,1.9753175100818018417037080780573887750506e-01
490,1.9753175100810338449264236260205507278442e-01
491,1.9753175100814715503538820939866127446294e-01
492,1.9753175100823427978724566855817101895809e-01
493,1.9753175100821199206002631854062201455235e-01
494,1.9753175100818018417037080780573887750506e-01
495,1.9753175100818173848260528302489547058940e-01
496,1.9753175100821199206002631854062201455235e-01
497,1.9753175100818018417037080780573887750506e-01
498,1.9753175100818173848260528302489547058940e-01
499,1.9753175100821199206002631854062201455235e-01
500,1.9753175100818018417037080780573887750506e-01
501,1.9753175100810338449264236260205507278442e-01
502,1.9753175100814715503538820939866127446294e-01
503,1.9753175100823427978724566855817101895809e-01
504,1.9753175100821199206002631854062201455235e-01
505,1.9753175100818018417037080780573887750506e-01
506,1.9753175100818173848260528302489547058940e-01
507,1.9753175100821199206002631854062201455235e-01
508,1.9753175100818018417037080780573887750506e-01
509,1.9753175100810338449264236260205507278442e-01
510,1.9753175100814715503538820939866127446294e-01
511,1.9753175100823427978724566855817101895809e-01
512,1.9753175100821199206002631854062201455235e-01
513,1.9753175100818018417037080780573887750506e-01
514,1.9753175100818173848260528302489547058940e-01
515,1.9753175100821199206002631854062201455235e-01
516,1.9753175100818018417037080780573887750506e-01
517,1.9753175100818173848260528302489547058940e-01
518,1.9753175100816347531385019919980550184846e-01
519,1.9753175100817130238617380655341548845172e-01
520,1.9753175100819436726951039418054278939962e-01
521,1.9753175100816269815773296159022720530629e-01
522,1.9753175100818173848260528302489547058940e-01
523,1.9753175100821199206002631854062201455235e-01
524,1.9753175100818018417037080780573887750506e-01
525,1.9753175100807801589652967777510639280081e-01
526,1.9753175100810957398600464784976793453097e-01
527,1.9753175100808084696524247192428447306156e-01
528,1.9753175100810080322411010911309858784080e-01
529,1.9753175100808084696524247192428447306156e-01
530,1.9753175100815612008631205753772519528866e-01
531,1.9753175100812989106735528821445768699050e-01
532,1.9753175100817715881262870425416622310877e-01
533,1.9753175100810080322411010911309858784080e-01
534,1.9753175100808084696524247192428447306156e-01
535,1.9753175100810080322411010911309858784080e-01
536,1.9753175100808084696524247192428447306156e-01
537,1.9753175100810080322411010911309858784080e-01
538,1.9753175100808084696524247192428447306156e-01
539,1.9753175100810080322411010911309858784080e-01
540,1.9753175100808084696524247192428447306156e-01
541,1.9753175100810080322411010911309858784080e-01
542,1.9753175100808084696524247192428447306156e-01
543,1.9753175100810080322411010911309858784080e-01
544,1.9753175100808084696524247192428447306156e-01
545,1.9753175100810080322411010911309858784080e-01
546,1.9753175100808084696524247192428447306156e-01
547,1.9753175100810080322411010911309858784080e-01
548,1.9753175100808084696524247192428447306156e-01
549,1.9753175100810080322411010911309858784080e-01
550,1.9753175100808084696524247192428447306156e-01
551,1.9753175100815612008631205753772519528866e-01
552,1.9753175100812989106735528821445768699050e-01
553,1.9753175100817715881262870425416622310877e-01
554,1.9753175100810080322411010911309858784080e-01
555,1.9753175100808084696524247192428447306156e-01
556,1.9753175100810080322411010911309858784080e-01
557,1.9753175100808084696524247192428447306156e-01
558,1.9753175100810080322411010911309858784080e-01
559,1.9753175100808084696524247192428447306156e-01
560,1.9753175100810080322411010911309858784080e-01
561,1.9753175100808084696524247192428447306156e-01
562,1.9753175100810080322411010911309858784080e-01
563,1.9753175100808084696524247192428447306156e-01
564,1.9753175100810080322411010911309858784080e-01
565,1.9753175100808084696524247192428447306156e-01
566,1.9753175100810080322411010911309858784080e-01
567,1.9753175100808084696524247192428447306156e-01
568,1.9753175100810080322411010911309858784080e-01
569,1.9753175100808084696524247192428447306156e-01
570,1.9753175100810080322411010911309858784080e-01
571,1.9753175100808084696524247192428447306156e-01
572,1.9753175100815612008631205753772519528866e-01
573,1.9753175100812989106735528821445768699050e-01
574,1.9753175100817715881262870425416622310877e-01
575,1.9753175100810080322411010911309858784080e-01
576,1.9753175100808084696524247192428447306156e-01
577,1.9753175100810080322411010911309858784080e-01
578,1.9753175100808084696524247192428447306156e-01
579,1.9753175100810080322411010911309858784080e-01
580,1.9753175100808084696524247192428447306156e-01
581,1.9753175100810080322411010911309858784080e-01
582,1.9753175100808084696524247192428447306156e-01
583,1.9753175100810080322411010911309858784080e-01
584,1.9753175100808084696524247192428447306156e-01
585,1.9753175100810080322411010911309858784080e-01
586,1.9753175100812811471051588796399300917983e-01
587,1.9753175100823427978724566855817101895809e-01
588,1.9753175100821199206002631854062201455235e-01
589,1.9753175100818018417037080780573887750506e-01
590,1.9753175100810338449264236260205507278442e-01
591,1.9753175100823427978724566855817101895809e-01
592,1.9753175100821199206002631854062201455235e-01
593,1.9753175100818018417037080780573887750506e-01
594,1.9753175100818173848260528302489547058940e-01
595,1.9753175100821199206002631854062201455235e-01
596,1.9753175100818018417037080780573887750506e-01
597,1.9753175100810338449264236260205507278442e-01
598,1.9753175100823427978724566855817101895809e-01
599,1.9753175100821199206002631854062201455235e-01
600,1.9753175100818018417037080780573887750506e-01
601,1.9753175100810338449264236260205507278442e-01
602,1.9753175100823427978724566855817101895809e-01
603,1.9753175100821199206002631854062201455235e-01
604,1.9753175100818018417037080780573887750506e-01
605,1.9753175100810338449264236260205507278442e-01
606,1.9753175100823427978724566855817101895809e-01
607,1.9753175100821199206002631854062201455235e-01
608,1.9753175100818018417037080780573887750506e-01
609,1.9753175100810338449264236260205507278442e-01
610,1.9753175100823427978724566855817101895809e-01
611,1.9753175100821199206002631854062201455235e-01
612,1.9753175100818018417037080780573887750506e-01
613,1.9753175100810338449264236260205507278442e-01
614,1.9753175100823427978724566855817101895809e-01
615,1.9753175100821199206002631854062201455235e-01
616,1.9753175100818018417037080780573887750506e-01
617,1.9753175100818173848260528302489547058940e-01
618,1.9753175100821199206002631854062201455235e-01
619,1.9753175100818018417037080780573887750506e-01
620,1.9753175100810338449264236260205507278442e-01
621,1.9753175100823427978724566855817101895809e-01
622,1.9753175100821199206002631854062201455235e-01
623,1.9753175100818018417037080780573887750506e-01
624,1.9753175100810338449264236260205507278442e-01
625,1.9753175100823427978724566855817101895809e-01
626,1.9753175100821199206002631854062201455235e-01
627,1.9753175100818018417037080780573887750506e-01
628,1.9753175100810338449264236260205507278442e-01
629,1.9753175100823427978724566855817101895809e-01
630,1.9753175100821199206002631854062201455235e-01
631,1.9753175100818018417037080780573887750506e-01
632,1.9753175100810338449264236260205507278442e-01
633,1.9753175100823427978724566855817101895809e-01
634,1.9753175100821199206002631854062201455235e-01
635,1.9753175100818018417037080780573887750506e-01
636,1.9753175100818173848260528302489547058940e-01
637,1.9753175100821199206002631854062201455235e-01
638,1.9753175100818018417037080780573887750506e-01
639,1.9753175100810338449264236260205507278442e-01
640,1.9753175100823427978724566855817101895809e-01
641,1.9753175100821199206002631854062201455235e-01
642,1.9753175100818018417037080780573887750506e-01
643,1.9753175100810338449264236260205507278442e-01
644,1.9753175100823427978724566855817101895809e-01
645,1.9753175100821199206002631854062201455235e-01
646,1.9753175100818018417037080780573887750506e-01
647,1.9753175100810338449264236260205507278442e-01
648,1.9753175100823427978724566855817101895809e-01
649,1.9753175100821199206002631854062201455235e-01
650,1.9753175100818018417037080780573887750506e-01
651,1.9753175100810338449264236260205507278442e-01
652,1.9753175100823427978724566855817101895809e-01
653,1.9753175100821199206002631854062201455235e-01
654,1.9753175100818018417037080780573887750506e-01
655,1.9753175100810338449264236260205507278442e-01
656,1.9753175100823427978724566855817101895809e-01
657,1.9753175100821199206002631854062201455235e-01
658,1.9753175100818018417037080780573887750506e-01
659,1.9753175100818173848260528302489547058940e-01
660,1.9753175100821199206002631854062201455235e-01
661,1.9753175100818018417037080780573887750506e-01
662,1.9753175100810338449264236260205507278442e-01
663,1.9753175100823427978724566855817101895809e-01
664,1.9753175100821199206002631854062201455235e-01
665,1.9753175100818018417037080780573887750506e-01
666,1.9753175100810338449264236260205507278442e-01
667,1.9753175100823427978724566855817101895809e-01
668,1.9753175100821199206002631854062201455235e-01
669,1.9753175100818018417037080780573887750506e-01
670,1.9753175100810338449264236260205507278442e-01
671,1.9753175100823427978724566855817101895809e-01
672,1.9753175100821199206002631854062201455235e-01
673,1.9753175100818018417037080780573887750506e-01
674,1.9753175100810338449264236260205507278442e-01
675,1.9753175100823427978724566855817101895809e-01
676,1.9753175100821199206002631854062201455235e-01
677,1.9753175100818018417037080780573887750506e-01
678,1.9753175100818173848260528302489547058940e-01
679,1.9753175100821199206002631854062201455235e-01
680,1.9753175100818018417037080780573887750506e-01
681,1.9753175100810338449264236260205507278442e-01
682,1.9753175100823427978724566855817101895809e-01
683,1.9753175100821199206002631854062201455235e-01
684,1.9753175100818018417037080780573887750506e-01
685,1.9753175100810338449264236260205507278442e-01
686,1.9753175100823427978724566855817101895809e-01
687,1.9753175100821199206002631854062201455235e-01
688,1.9753175100818018417037080780573887750506e-01
689,1.9753175100810338449264236260205507278442e-01
690,1.9753175100823427978724566855817101895809e-01
691,1.9753175100821199206002631854062201455235e-01
692,1.9753175100818018417037080780573887750506e-01
693,1.9753175100810338449264236260205507278442e-01
694,1.9753175100823427978724566855817101895809e-01
695,1.9753175100821199206002631854062201455235e-01
696,1.9753175100818018417037080780573887750506e-01
697,1.9753175100810338449264236260205507278442e-01
698,1.9753175100823427978724566855817101895809e-01
699,1.9753175100821199206002631854062201455235e-01
700,1.9753175100818018417037080780573887750506e-01
701,1.9753175100818173848260528302489547058940e-01
702,1.9753175100821199206002631854062201455235e-01
703,1.9753175100818018417037080780573887750506e-01
704,1.9753175100810338449264236260205507278442e-01
705,1.9753175100823427978724566855817101895809e-01
706,1.9753175100821199206002631854062201455235e-01
707,1.9753175100818018417037080780573887750506e-01
708,1.9753175100810338449264236260205507278442e-01
709,1.9753175100823427978724566855817101895809e-01
710,1.9753175100821199206002631854062201455235e-01
711,1.9753175100818018417037080780573887750506e-01
712,1.9753175100810338449264236260205507278442e-01
713,1.9753175100823427978724566855817101895809e-01
714,1.9753175100821199206002631854062201455235e-01
715,1.9753175100818018417037080780573887750506e-01
716,1.9753175100810338449264236260205507278442e-01
717,1.9753175100823427978724566855817101895809e-01
718,1.9753175100821199206002631854062201455235e-01
719,1.9753175100818018417037080780573887750506e-01
720,1.9753175100810338449264236260205507278442e-01
721,1.9753175100823427978724566855817101895809e-01
722,1.9753175100821199206002631854062201455235e-01
723,1.9753175100818018417037080780573887750506e-01
724,1.9753175100818173848260528302489547058940e-01
725,1.9753175100821199206002631854062201455235e-01
726,1.9753175100818018417037080780573887750506e-01
727,1.9753175100810338449264236260205507278442e-01
728,1.9753175100823427978724566855817101895809e-01
729,1.9753175100816347531385019919980550184846e-01
730,1.9753175100817130238617380655341548845172e-01
731,1.9753175100808556541309712883958127349615e-01
732,1.9753175100818118337109297044662525877357e-01
733,1.9753175100812750408785234412789577618241e-01
734,1.9753175100808556541309712883958127349615e-01
735,1.9753175100818118337109297044662525877357e-01
736,1.9753175100812750408785234412789577618241e-01
737,1.9753175100812503384162255315459333360195e-01
738,1.9753175100815378861796034470899030566216e-01
739,1.9753175100808556541309712883958127349615e-01
740,1.9753175100818118337109297044662525877357e-01
741,1.9753175100812750408785234412789577618241e-01
742,1.9753175100808556541309712883958127349615e-01
743,1.9753175100818118337109297044662525877357e-01
744,1.9753175100812750408785234412789577618241e-01
745,1.9753175100808556541309712883958127349615e-01
746,1.9753175100818118337109297044662525877357e-01
747,1.9753175100812750408785234412789577618241e-01
748,1.9753175100812503384162255315459333360195e-01
749,1.9753175100815378861796034470899030566216e-01
750,1.9753175100808556541309712883958127349615e-01
751,1.9753175100818118337109297044662525877357e-01
752,1.9753175100812750408785234412789577618241e-01
753,1.9753175100808556541309712883958127349615e-01
754,1.9753175100818118337109297044662525877357e-01
755,1.9753175100812750408785234412789577618241e-01
756,1.9753175100812503384162255315459333360195e-01
757,1.9753175100815378861796034470899030566216e-01
758,1.9753175100808556541309712883958127349615e-01
759,1.9753175100818118337109297044662525877357e-01
760,1.9753175100812750408785234412789577618241e-01
761,1.9753175100808556541309712883958127349615e-01
762,1.9753175100818118337109297044662525877357e-01
763,1.9753175100812750408785234412789577618241e-01
764,1.9753175100808556541309712883958127349615e-01
765,1.9753175100818118337109297044662525877357e-01
766,1.9753175100812750408785234412789577618241e-01
767,1.9753175100812503384162255315459333360195e-01
768,1.9753175100815378861796034470899030566216e-01
769,1.9753175100808556541309712883958127349615e-01
770,1.9753175100818118337109297044662525877357e-01
771,1.9753175100812750408785234412789577618241e-01
772,1.9753175100808556541309712883958127349615e-01
773,1.9753175100818118337109297044662525877357e-01
774,1.9753175100812750408785234412789577618241e-01
775,1.9753175100812503384162255315459333360195e-01
776,1.9753175100815378861796034470899030566216e-01
777,1.9753175100808556541309712883958127349615e-01
778,1.9753175100818118337109297044662525877357e-01
779,1.9753175100812750408785234412789577618241e-01
780,1.9753175100808556541309712883958127349615e-01
781,1.9753175100818118337109297044662525877357e-01
782,1.9753175100812750408785234412789577618241e-01
783,1.9753175100812503384162255315459333360195e-01
784,1.9753175100815378861796034470899030566216e-01
785,1.9753175100808556541309712883958127349615e-01
786,1.9753175100818118337109297044662525877357e-01
787,1.9753175100812750408785234412789577618241e-01
788,1.9753175100808556541309712883958127349615e-01
789,1.9753175100818118337109297044662525877357e-01
790,1.9753175100812750408785234412789577618241e-01
791,1.9753175100808556541309712883958127349615e-01
792,1.9753175100818118337109297044662525877357e-01
793,1.9753175100812750408785234412789577618241e-01
794,1.9753175100812503384162255315459333360195e-01
795,1.9753175100815378861796034470899030566216e-01
796,1.9753175100808556541309712883958127349615e-01
797,1.9753175100818118337109297044662525877357e-01
798,1.9753175100812750408785234412789577618241e-01
799,1.9753175100808556541309712883958127349615e-01
800,1.9753175100818118337109297044662525877357e-01
801,1.9753175100812750408785234412789577618241e-01
802,1.9753175100812503384162255315459333360195e-01
803,1.9753175100815378861796034470899030566216e-01
804,1.9753175100808556541309712883958127349615e-01
805,1.9753175100818118337109297044662525877357e-01
806,1.9753175100812750408785234412789577618241e-01
807,1.9753175100808556541309712883958127349615e-01
808,1.9753175100818118337109297044662525877357e-01
809,1.9753175100812750408785234412789577618241e-01
810,1.9753175100808556541309712883958127349615e-01
811,1.9753175100818118337109297044662525877357e-01
812,1.9753175100812750408785234412789577618241e-01
813,1.9753175100812503384162255315459333360195e-01
814,1.9753175100815378861796034470899030566216e-01
815,1.9753175100808556541309712883958127349615e-01
816,1.9753175100818118337109297044662525877357e-01
817,1.9753175100812750408785234412789577618241e-01
818,1.9753175100808556541309712883958127349615e-01
819,1.9753175100818118337109297044662525877357e-01
820,1.9753175100812750408785234412789577618241e-01
821,1.9753175100812503384162255315459333360195e-01
822,1.9753175100815378861796034470899030566216e-01
823,1.9753175100808556541309712883958127349615e-01
824,1.9753175100818118337109297044662525877357e-01
825,1.9753175100812750408785234412789577618241e-01
826,1.9753175100808556541309712883958127349615e-01
827,1.9753175100818118337109297044662525877357e-01
828,1.9753175100812750408785234412789577618241e-01
829,1.9753175100808556541309712883958127349615e-01
830,1.9753175100818118337109297044662525877357e-01
831,1.9753175100812750408785234412789577618241e-01
832,1.9753175100812503384162255315459333360195e-01
833,1.9753175100815378861796034470899030566216e-01
834,1.9753175100808556541309712883958127349615e-01
835,1.9753175100818118337109297044662525877357e-01
836,1.9753175100812750408785234412789577618241e-01
837,1.9753175100808556541309712883958127349615e-01
838,1.9753175100818118337109297044662525877357e-01
839,1.9753175100812750408785234412789577618241e-01
840,1.9753175100812503384162255315459333360195e-01
841,1.9753175100815378861796034470899030566216e-01
842,1.9753175100808556541309712883958127349615e-01
843,1.9753175100818118337109297044662525877357e-01
844,1.9753175100812750408785234412789577618241e-01
845,1.9753175100808556541309712883958127349615e-01
846,1.9753175100818118337109297044662525877357e-01
847,1.9753175100812750408785234412789577618241e-01
848,1.9753175100812503384162255315459333360195e-01
849,1.9753175100815378861796034470899030566216e-01
850,1.9753175100808556541309712883958127349615e-01
851,1.9753175100818118337109297044662525877357e-01
852,1.9753175100812750408785234412789577618241e-01
853,1.9753175100808556541309712883958127349615e-01
854,1.9753175100818118337109297044662525877357e-01
855,1.9753175100812750408785234412789577618241e-01
856,1.9753175100808556541309712883958127349615e-01
857,1.9753175100818118337109297044662525877357e-01
858,1.9753175100812750408785234412789577618241e-01
859,1.9753175100812503384162255315459333360195e-01
860,1.9753175100815378861796034470899030566216e-01
861,1.9753175100808556541309712883958127349615e-01
862,1.9753175100818118337109297044662525877357e-01
863,1.9753175100812750408785234412789577618241e-01
864,1.9753175100808556541309712883958127349615e-01
865,1.9753175100818118337109297044662525877357e-01
866,1.9753175100812750408785234412789577618241e-01
867,1.9753175100812503384162255315459333360195e-01
868,1.9753175100815378861796034470899030566216e-01
869,1.9753175100808556541309712883958127349615e-01
870,1.9753175100818118337109297044662525877357e-01
871,1.9753175100812750408785234412789577618241e-01
872,1.9753175100808556541309712883958127349615e-01
873,1.9753175100818118337109297044662525877357e-01
874,1.9753175100812750408785234412789577618241e-01
875,1.9753175100808556541309712883958127349615e-01
876,1.9753175100818118337109297044662525877357e-01
877,1.9753175100812750408785234412789577618241e-01
878,1.9753175100812503384162255315459333360195e-01
879,1.9753175100815378861796034470899030566216e-01
880,1.9753175100808556541309712883958127349615e-01
881,1.9753175100818118337109297044662525877357e-01
882,1.9753175100812750408785234412789577618241e-01
883,1.9753175100808556541309712883958127349615e-01
884,1.9753175100818118337109297044662525877357e-01
885,1.9753175100812750408785234412789577618241e-01
886,1.9753175100812503384162255315459333360195e-01
887,1.9753175100815378861796034470899030566216e-01
888,1.9753175100810632658365761926688719540834e-01
889,5.4561364226601945755178126491495841107564e-15
890,-4.9306967652221432532841618387147463079844e-15
891,-3.0209238339988823524820838600790651184980e-06
892,-3.0209237842327990015793819783551654722942e-06
893,-3.0209238586540251547934553960628178970182e-06
894,-3.0209238000716273244816278270574727571329e-06
895,-3.0209238602651809233259633941104382870435e-06
896,-3.0209237842327990015793819783551654722942e-06
897,-3.0209238586540251547934553960628178970182e-06
898,-3.0209238000716273244816278270574727571329e-06
899,-3.0209238602651809233259633941104382870435e-06
900,-3.0209237842327990015793819783551654722942e-06
901,-3.0209238586540251547934553960628178970182e-06
902,-3.0209238000716273244816278270574727571329e-06
903,-3.0209238602651809233259633941104382870435e-06
904,-3.0209237842327990015793819783551654722942e-06
905,-3.0209238586540251547934553960628178970182e-06
906,-3.0209238000716273244816278270574727571329e-06
907,-3.0209238602651809233259633941104382870435e-06
908,-3.0209237842327990015793819783551654722942e-06
909,-3.0209238586540251547934553960628178970182e-06
910,-3.0209238000716273244816278270574727571329e-06
911,-3.0209238602651809233259633941104382870435e-06
912,-3.0209237842327990015793819783551654722942e-06
913,-3.0209238350933586111013093300492471371399e-06
914,-3.0209238602651809233259633941104382870435e-06
915,-3.0209237842327990015793819783551654722942e-06
916,-3.0209238586540251547934553960628178970182e-06
917,-3.0209238000716273244816278270574727571329e-06
918,-3.0209238602651809233259633941104382870435e-06
919,-3.0209237842327990015793819783551654722942e-06
920,-3.0209238586540251547934553960628178970182e-06
921,-3.0209238000716273244816278270574727571329e-06
922,-3.0209238602651809233259633941104382870435e-06
923,-3.0209237842327990015793819783551654722942e-06
924,-3.0209238350933586111013093300492471371399e-06
925,-3.0209238602651809233259633941104382870435e-06
926,-3.0209237842327990015793819783551654722942e-06
927,-3.0209238586540251547934553960628178970182e-06
928,-3.0209238411431597232418514581420154740954e-06
929,-3.0209238000716273244816278270574727571329e-06
930,-3.0209238602651809233259633941104382870435e-06
931,-3.0209237842327990015793819783551654722942e-06
932,-3.0209238350933586111013093300492471371399e-06
933,-3.0209238602651809233259633941104382870435e-06
934,-3.0209237842327990015793819783551654722942e-06
935,-3.0209238586540251547934553960628178970182e-06
936,-3.0209238411431597232418514581420154740954e-06
937,-3.0209238000716273244816278270574727571329e-06
938,-3.0209238602651809233259633941104382870435e-06
939,-3.0209237842327990015793819783551654722942e-06
940,-3.0209238350933586111013093300492471371399e-06
941,-3.0209238602651809233259633941104382870435e-06
942,-3.0209237842327990015793819783551654722942e-06
943,-3.0209238350933586111013093300492471371399e-06
944,-3.0209238602651809233259633941104382870435e-06
945,-3.0209237842327990015793819783551654722942e-06
946,-3.0209238586540251547934553960628178970182e-06
947,-3.0209238411431597232418514581420154740954e-06
948,-3.0209238000716273244816278270574727571329e-06
949,-3.0209238602651809233259633941104382870435e-06
950,-3.0209237842327990015793819783551654722942e-06
951,-3.0209238350933586111013093300492471371399e-06
952,-3.0209238602651809233259633941104382870435e-06
953,-3.0209237842327990015793819783551654722942e-06
954,-3.0209238586540251547934553960628178970182e-06
955,-3.0209238411431597232418514581420154740954e-06
956,-3.0209238000716273244816278270574727571329e-06
957,-3.0209238602651809233259633941104382870435e-06
958,-3.0209237842327990015793819783551654722942e-06
959,-3.0209238350933586111013093300492471371399e-06
960,-3.0209238602651809233259633941104382870435e-06
961,-3.0209237842327990015793819783551654722942e-06
962,-3.0209238350933586111013093300492471371399e-06
963,-3.0209238584934336372246708318778374291469e-06
964,-3.0209238334018846374113068109501512026327e-06
965,-3.0209237672387549579597256638185953647735e-06
966,-3.0209238455208284355264693882281434866854e-06
967,-3.0209238350933586111013093300492471371399e-06
968,-3.0209238602651809233259633941104382870435e-06
969,-3.0209237842327990015793819783551654722942e-06
970,-3.0209238430833263818939792011430967022534e-06
971,-3.0209239668340632465346265456140883998160e-06
972,-3.0209238496498773076824259642414460813598e-06
973,-3.0209239580786305307588245766536871883545e-06
974,-3.0209238496498773076824259642414460813598e-06
975,-3.0209238527647456800035493523770568913278e-06
976,-3.0209238891295739124040649337121777762150e-06
977,-3.0209238321390118761308220263206436584369e-06
978,-3.0209239580786305307588245766536871883545e-06
979,-3.0209238496498773076824259642414460813598e-06
980,-3.0209239580786305307588245766536871883545e-06
981,-3.0209238496498773076824259642414460813598e-06
982,-3.0209239580786305307588245766536871883545e-06
983,-3.0209238496498773076824259642414460813598e-06
984,-3.0209239580786305307588245766536871883545e-06
985,-3.0209238496498773076824259642414460813598e-06
986,-3.0209239580786305307588245766536871883545e-06
987,-3.0209238496498773076824259642414460813598e-06
988,-3.0209239580786305307588245766536871883545e-06
989,-3.0209238496498773076824259642414460813598e-06
990,-3.0209239580786305307588245766536871883545e-06
991,-3.0209238496498773076824259642414460813598e-06
992,-3.0209239580786305307588245766536871883545e-06
993,-3.0209238496498773076824259642414460813598e-06
994,-3.0209239580786305307588245766536871883545e-06
995,-3.0209238496498773076824259642414460813598e-06
996,-3.0209238527647456800035493523770568913278e-06
997,-3.0209238891295739124040649337121777762150e-06
998,-3.0209238321390118761308220263206436584369e-06
999,-3.0209239580786305307588245766536871883545e-06
1000,-3.0209238496498773076824259642414460813598e-06
1001,-3.0209239580786305307588245766536871883545e-06
1002,-3.0209238496498773076824259642414460813598e-06
1003,-3.0209239580786305307588245766536871883545e-06
1004,-3.0209238496498773076824259642414460813598e-06
1005,-3.0209239580786305307588245766536871883545e-06
1006,-3.0209238496498773076824259642414460813598e-06
1007,-3.0209239580786305307588245766536871883545e-06
1008,-3.0209238496498773076824259642414460813598e-06
1009,-3.0209239580786305307588245766536871883545e-06
1010,-3.0209238496498773076824259642414460813598e-06
1011,-3.0209239580786305307588245766536871883545e-06
1012,-3.0209238496498773076824259642414460813598e-06
1013,-3.0209239580786305307588245766536871883545e-06
1014,-3.0209238496498773076824259642414460813598e-06
1015,-3.0209239580786305307588245766536871883545e-06
1016,-3.0209238496498773076824259642414460813598e-06
1017,-3.0209238527647456800035493523770568913278e-06
1018,-3.0209238891295739124040649337121777762150e-06
1019,-3.0209238321390118761308220263206436584369e-06
1020,-3.0209239580786305307588245766536871883545e-06
1021,-3.0209238496498773076824259642414460813598e-06
1022,-3.0209239580786305307588245766536871883545e-06
1023,-3.0209238496498773076824259642414460813598e-06
1024,-3.0209239580786305307588245766536871883545e-06
1025,-3.0209238496498773076824259642414460813598e-06
1026,-3.0209239580786305307588245766536871883545e-06
1027,-3.0209238496498773076824259642414460813598e-06
1028,-3.0209239580786305307588245766536871883545e-06
1029,-3.0209238496498773076824259642414460813598e-06
1030,-3.0209239580786305307588245766536871883545e-06
1031,-3.0209238345765613636083584542246782689290e-06
1032,-3.0209238788705226134967928020014227286083e-06
1033,-3.0209238602651809233259633941104382870435e-06
1034,-3.0209237842327990015793819783551654722942e-06
1035,-3.0209238586540251547934553960628178970182e-06
1036,-3.0209238000716273244816278270574727571329e-06
1037,-3.0209238602651809233259633941104382870435e-06
1038,-3.0209237842327990015793819783551654722942e-06
1039,-3.0209238350933586111013093300492471371399e-06
1040,-3.0209238602651809233259633941104382870435e-06
1041,-3.0209237842327990015793819783551654722942e-06
1042,-3.0209238586540251547934553960628178970182e-06
1043,-3.0209238000716273244816278270574727571329e-06
1044,-3.0209238602651809233259633941104382870435e-06
1045,-3.0209237842327990015793819783551654722942e-06
1046,-3.0209238586540251547934553960628178970182e-06
1047,-3.0209238000716273244816278270574727571329e-06
1048,-3.0209238602651809233259633941104382870435e-06
1049,-3.0209237842327990015793819783551654722942e-06
1050,-3.0209238586540251547934553960628178970182e-06
1051,-3.0209238000716273244816278270574727571329e-06
1052,-3.0209238602651809233259633941104382870435e-06
1053,-3.0209237842327990015793819783551654722942e-06
1054,-3.0209238586540251547934553960628178970182e-06
1055,-3.0209238000716273244816278270574727571329e-06
1056,-3.0209238602651809233259633941104382870435e-06
1057,-3.0209237842327990015793819783551654722942e-06
1058,-3.0209238586540251547934553960628178970182e-06
1059,-3.0209238000716273244816278270574727571329e-06
1060,-3.0209238602651809233259633941104382870435e-06
1061,-3.0209237842327990015793819783551654722942e-06
1062,-3.0209238350933586111013093300492471371399e-06
1063,-3.0209238602651809233259633941104382870435e-06
1064,-3.0209237842327990015793819783551654722942e-06
1065,-3.0209238586540251547934553960628178970182e-06
1066,-3.0209238000716273244816278270574727571329e-06
1067,-3.0209238602651809233259633941104382870435e-06
1068,-3.0209237842327990015793819783551654722942e-06
1069,-3.0209238586540251547934553960628178970182e-06
1070,-3.0209238000716273244816278270574727571329e-06
1071,-3.0209238602651809233259633941104382870435e-06
1072,-3.0209237842327990015793819783551654722942e-06
1073,-3.0209238586540251547934553960628178970182e-06
1074,-3.0209238000716273244816278270574727571329e-06
1075,-3.0209238602651809233259633941104382870435e-06
1076,-3.0209237842327990015793819783551654722942e-06
1077,-3.0209238586540251547934553960628178970182e-06
1078,-3.0209238000716273244816278270574727571329e-06
1079,-3.0209238602651809233259633941104382870435e-06
1080,-3.0209237842327990015793819783551654722942e-06
1081,-3.0209238350933586111013093300492471371399e-06
1082,-3.0209238602651809233259633941104382870435e-06
1083,-3.0209237842327990015793819783551654722942e-06
1084,-3.0209238586540251547934553960628178970182e-06
1085,-3.0209238000716273244816278270574727571329e-06
1086,-3.0209238602651809233259633941104382870435e-06
1087,-3.0209237842327990015793819783551654722942e-06
1088,-3.0209238586540251547934553960628178970182e-06
1089,-3.0209238000716273244816278270574727571329e-06
1090,-3.0209238602651809233259633941104382870435e-06
1091,-3.0209237842327990015793819783551654722942e-06
1092,-3.0209238586540251547934553960628178970182e-06
1093,-3.0209238000716273244816278270574727571329e-06
1094,-3.0209238602651809233259633941104382870435e-06
1095,-3.0209237842327990015793819783551654722942e-06
1096,-3.0209238586540251547934553960628178970182e-06
1097,-3.0209238000716273244816278270574727571329e-06
1098,-3.0209238602651809233259633941104382870435e-06
1099,-3.0209237842327990015793819783551654722942e-06
1100,-3.0209238586540251547934553960628178970182e-06
1101,-3.0209238000716273244816278270574727571329e-06
1102,-3.0209238602651809233259633941104382870435e-06
1103,-3.0209237842327990015793819783551654722942e-06
1104,-3.0209238350933586111013093300492471371399e-06
1105,-3.0209238602651809233259633941104382870435e-06
1106,-3.0209237842327990015793819783551654722942e-06
1107,-3.0209238586540251547934553960628178970182e-06
1108,-3.0209238000716273244816278270574727571329e-06
1109,-3.0209238602651809233259633941104382870435e-06
1110,-3.0209237842327990015793819783551654722942e-06
1111,-3.0209238586540251547934553960628178970182e-06
1112,-3.0209238000716273244816278270574727571329e-06
1113,-3.0209238602651809233259633941104382870435e-06
1114,-3.0209237842327990015793819783551654722942e-06
1115,-3.0209238586540251547934553960628178970182e-06
1116,-3.0209238000716273244816278270574727571329e-06
1117,-3.0209238602651809233259633941104382870435e-06
1118,-3.0209237842327990015793819783551654722942e-06
1119,-3.0209238586540251547934553960628178970182e-06
1120,-3.0209238000716273244816278270574727571329e-06
1121,-3.0209238602651809233259633941104382870435e-06
1122,-3.0209237842327990015793819783551654722942e-06
1123,-3.0209238350933586111013093300492471371399e-06
1124,-3.0209238602651809233259633941104382870435e-06
1125,-3.0209237842327990015793819783551654722942e-06
1126,-3.0209238586540251547934553960628178970182e-06
1127,-3.0209238000716273244816278270574727571329e-06
1128,-3.0209238602651809233259633941104382870435e-06
1129,-3.0209237842327990015793819783551654722942e-06
1130,-3.0209238586540251547934553960628178970182e-06
1131,-3.0209238000716273244816278270574727571329e-06
1132,-3.0209238602651809233259633941104382870435e-06
1133,-3.0209237842327990015793819783551654722942e-06
1134,-3.0209238586540251547934553960628178970182e-06
1135,-3.0209238000716273244816278270574727571329e-06
1136,-3.0209238602651809233259633941104382870435e-06
1137,-3.0209237842327990015793819783551654722942e-06
1138,-3.0209238586540251547934553960628178970182e-06
1139,-3.0209238000716273244816278270574727571329e-06
1140,-3.0209238602651809233259633941104382870435e-06
1141,-3.0209237842327990015793819783551654722942e-06
1142,-3.0209238586540251547934553960628178970182e-06
1143,-3.0209238000716273244816278270574727571329e-06
1144,-3.0209238602651809233259633941104382870435e-06
1145,-3.0209237842327990015793819783551654722942e-06
1146,-3.0209238350933586111013093300492471371399e-06
1147,-3.0209238602651809233259633941104382870435e-06
1148,-3.0209237842327990015793819783551654722942e-06
1149,-3.0209238586540251547934553960628178970182e-06
1150,-3.0209238000716273244816278270574727571329e-06
1151,-3.0209238602651809233259633941104382870435e-06
1152,-3.0209237842327990015793819783551654722942e-06
1153,-3.0209238586540251547934553960628178970182e-06
1154,-3.0209238000716273244816278270574727571329e-06
1155,-3.0209238602651809233259633941104382870435e-06
1156,-3.0209237842327990015793819783551654722942e-06
1157,-3.0209238586540251547934553960628178970182e-06
1158,-3.0209238000716273244816278270574727571329e-06
1159,-3.0209238602651809233259633941104382870435e-06
1160,-3.0209237842327990015793819783551654722942e-06
1161,-3.0209238586540251547934553960628178970182e-06
1162,-3.0209238000716273244816278270574727571329e-06
1163,-3.0209238602651809233259633941104382870435e-06
1164,-3.0209237842327990015793819783551654722942e-06
1165,-3.0209238586540251547934553960628178970182e-06
1166,-3.0209238000716273244816278270574727571329e-06
1167,-3.0209238602651809233259633941104382870435e-06
1168,-3.0209237842327990015793819783551654722942e-06
1169,-3.0209238350933586111013093300492471371399e-06
1170,-3.0209238602651809233259633941104382870435e-06
1171,-3.0209237842327990015793819783551654722942e-06
1172,-3.0209238586540251547934553960628178970182e-06
1173,-3.0209238000716273244816278270574727571329e-06
1174,-3.0209238584934336372246708318778374291469e-06
1175,-3.0209238334018846374113068109501512026327e-06
1176,-3.0209238291238303878555836179398141894126e-06
1177,-3.0209238858541135989976833542414169642143e-06
1178,-3.0209238771790482162903166557521572599398e-06
1179,-3.0209238291238303878555836179398141894126e-06
1180,-3.0209238858541135989976833542414169642143e-06
1181,-3.0209238771790482162903166557521572599398e-06
1182,-3.0209238409826156395181131347760228322841e-06
1183,-3.0209238946899140713583942208231292170240e-06
1184,-3.0209238291238303878555836179398141894126e-06
1185,-3.0209238858541135989976833542414169642143e-06
1186,-3.0209238771790482162903166557521572599398e-06
1187,-3.0209238291238303878555836179398141894126e-06
1188,-3.0209238858541135989976833542414169642143e-06
1189,-3.0209238771790482162903166557521572599398e-06
1190,-3.0209238291238303878555836179398141894126e-06
1191,-3.0209238858541135989976833542414169642143e-06
1192,-3.0209238771790482162903166557521572599398e-06
1193,-3.0209238409826156395181131347760228322841e-06
1194,-3.0209238946899140713583942208231292170240e-06
1195,-3.0209238291238303878555836179398141894126e-06
1196,-3.0209238858541135989976833542414169642143e-06
1197,-3.0209238771790482162903166557521572599398e-06
1198,-3.0209238291238303878555836179398141894126e-06
1199,-3.0209238858541135989976833542414169642143e-06
1200,-3.0209238771790482162903166557521572599398e-06
1201,-3.0209238409826156395181131347760228322841e-06
1202,-3.0209238946899140713583942208231292170240e-06
1203,-3.0209238291238303878555836179398141894126e-06
1204,-3.0209238858541135989976833542414169642143e-06
1205,-3.0209238771790482162903166557521572599398e-06
1206,-3.0209238291238303878555836179398141894126e-06
1207,-3.0209238858541135989976833542414169642143e-06
1208,-3.0209238771790482162903166557521572599398e-06
1209,-3.0209238291238303878555836179398141894126e-06
1210,-3.0209238858541135989976833542414169642143e-06
1211,-3.0209238771790482162903166557521572599398e-06
1212,-3.0209238409826156395181131347760228322841e-06
1213,-3.0209238946899140713583942208231292170240e-06
1214,-3.0209238291238303878555836179398141894126e-06
1215,-3.0209238858541135989976833542414169642143e-06
1216,-3.0209238771790482162903166557521572599398e-06
1217,-3.0209238291238303878555836179398141894126e-06
1218,-3.0209238858541135989976833542414169642143e-06
1219,-3.0209238771790482162903166557521572599398e-06
1220,-3.0209238409826156395181131347760228322841e-06
1221,-3.0209238946899140713583942208231292170240e-06
1222,-3.0209238291238303878555836179398141894126e-06
1223,-3.0209238858541135989976833542414169642143e-06
1224,-3.0209238771790482162903166557521572599398e-06
1225,-3.0209238291238303878555836179398141894126e-06
1226,-3.0209238858541135989976833542414169642143e-06
1227,-3.0209238771790482162903166557521572599398e-06
1228,-3.0209238409826156395181131347760228322841e-06
1229,-3.0209238946899140713583942208231292170240e-06
1230,-3.0209238291238303878555836179398141894126e-06
1231,-3.0209238858541135989976833542414169642143e-06
1232,-3.0209238771790482162903166557521572599398e-06
1233,-3.0209238291238303878555836179398141894126e-06
1234,-3.0209238858541135989976833542414169642143e-06
1235,-3.0209238771790482162903166557521572599398e-06
1236,-3.0209238291238303878555836179398141894126e-06
1237,-3.0209238858541135989976833542414169642143e-06
1238,-3.0209238771790482162903166557521572599398e-06
1239,-3.0209238409826156395181131347760228322841e-06
1240,-3.0209238946899140713583942208231292170240e-06
1241,-3.0209238291238303878555836179398141894126e-06
1242,-3.0209238858541135989976833542414169642143e-06
1243,-3.0209238771790482162903166557521572599398e-06
1244,-3.0209238291238303878555836179398141894126e-06
1245,-3.0209238858541135989976833542414169642143e-06
1246,-3.0209238771790482162903166557521572599398e-06
1247,-3.0209238409826156395181131347760228322841e-06
1248,-3.0209238946899140713583942208231292170240e-06
1249,-3.0209238291238303878555836179398141894126e-06
1250,-3.0209238858541135989976833542414169642143e-06
1251,-3.0209238771790482162903166557521572599398e-06
1252,-3.0209238291238303878555836179398141894126e-06
1253,-3.0209238858541135989976833542414169642143e-06
1254,-3.0209238771790482162903166557521572599398e-06
1255,-3.0209238291238303878555836179398141894126e-06
1256,-3.0209238858541135989976833542414169642143e-06
1257,-3.0209238771790482162903166557521572599398e-06
1258,-3.0209238409826156395181131347760228322841e-06
1259,-3.0209238946899140713583942208231292170240e-06
1260,-3.0209238291238303878555836179398141894126e-06
1261,-3.0209238858541135989976833542414169642143e-06
1262,-3.0209238771790482162903166557521572599398e-06
1263,-3.0209238291238303878555836179398141894126e-06
1264,-3.0209238858541135989976833542414169642143e-06
1265,-3.0209238771790482162903166557521572599398e-06
1266,-3.0209238409826156395181131347760228322841e-06
1267,-3.0209238946899140713583942208231292170240e-06
1268,-3.0209238291238303878555836179398141894126e-06
1269,-3.0209238858541135989976833542414169642143e-06
1270,-3.0209238771790482162903166557521572599398e-06
1271,-3.0209238291238303878555836179398141894126e-06
1272,-3.0209238858541135989976833542414169642143e-06
1273,-3.0209238771790482162903166557521572599398e-06
1274,-3.0209238291238303878555836179398141894126e-06
1275,-3.0209238858541135989976833542414169642143e-06
1276,-3.0209238771790482162903166557521572599398e-06
1277,-3.0209238409826156395181131347760228322841e-06
1278,-3.0209238946899140713583942208231292170240e-06
1279,-3.0209238291238303878555836179398141894126e-06
1280,-3.0209238858541135989976833542414169642143e-06
1281,-3.0209238771790482162903166557521572599398e-06
1282,-3.0209238291238303878555836179398141894126e-06
1283,-3.0209238858541135989976833542414169642143e-06
1284,-3.0209238771790482162903166557521572599398e-06
1285,-3.0209238409826156395181131347760228322841e-06
1286,-3.0209238946899140713583942208231292170240e-06
1287,-3.0209238291238303878555836179398141894126e-06
1288,-3.0209238858541135989976833542414169642143e-06
1289,-3.0209238771790482162903166557521572599398e-06
1290,-3.0209238291238303878555836179398141894126e-06
1291,-3.0209238858541135989976833542414169642143e-06
1292,-3.0209238771790482162903166557521572599398e-06
1293,-3.0209238409826156395181131347760228322841e-06
1294,-3.0209238946899140713583942208231292170240e-06
1295,-3.0209238291238303878555836179398141894126e-06
1296,-3.0209238858541135989976833542414169642143e-06
1297,-3.0209238771790482162903166557521572599398e-06
1298,-3.0209238291238303878555836179398141894126e-06
1299,-3.0209238858541135989976833542414169642143e-06
1300,-3.0209238771790482162903166557521572599398e-06
1301,-3.0209238291238303878555836179398141894126e-06
1302,-3.0209238858541135989976833542414169642143e-06
1303,-3.0209238771790482162903166557521572599398e-06
1304,-3.0209238409826156395181131347760228322841e-06
1305,-3.0209238946899140713583942208231292170240e-06
1306,-3.0209238291238303878555836179398141894126e-06
1307,-3.0209238858541135989976833542414169642143e-06
1308,-3.0209238771790482162903166557521572599398e-06
1309,-3.0209238291238303878555836179398141894126e-06
1310,-3.0209238858541135989976833542414169642143e-06
1311,-3.0209238771790482162903166557521572599398e-06
1312,-3.0209238409826156395181131347760228322841e-06
1313,-3.0209238946899140713583942208231292170240e-06
1314,-3.0209238291238303878555836179398141894126e-06
1315,-3.0209238858541135989976833542414169642143e-06
1316,-3.0209238771790482162903166557521572599398e-06
1317,-3.0209238291238303878555836179398141894126e-06
1318,-3.0209238858541135989976833542414169642143e-06
1319,-3.0209238771790482162903166557521572599398e-06
1320,-3.0209238291238303878555836179398141894126e-06
1321,-3.0209238858541135989976833542414169642143e-06
1322,-3.0209238771790482162903166557521572599398e-06
1323,-3.0209238409826156395181131347760228322841e-06
1324,-3.0209238946899140713583942208231292170240e-06
1325,-3.0209238291238303878555836179398141894126e-06
1326,-3.0209238858541135989976833542414169642143e-06
1327,-3.0209238771790482162903166557521572599398e-06
1328,-3.0209238291238303878555836179398141894126e-06
1329,-3.0209238858541135989976833542414169642143e-06
1330,-3.0209238771790482162903166557521572599398e-06
1331,-3.0209238409826156395181131347760228322841e-06
1332,-3.0209238946899140713583942208231292170240e-06
1333,-3.0209238166124024386853530454999372523162e-06
1334,-1.7414067487497486925581268553255342553058e-14
1335,1.2373182002873353333224813784152287001573e-14
1336,-3.0178797093485302598873509100085854583995e-06
1337,-3.0178797057802743735376808237313994709439e-06
1338,-3.0178796817028813096036796159715720477834e-06
1339,-3.0178797102126703080608727258749013344641e-06
1340,-3.0178796787045155429138072050720964512038e-06
1341,-3.0178797057802743735376808237313994709439e-06
1342,-3.0178796817028813096036796159715720477834e-06
1343,-3.0178797102126703080608727258749013344641e-06
1344,-3.0178796787045155429138072050720964512038e-06
1345,-3.0178797057802743735376808237313994709439e-06
1346,-3.0178796817028813096036796159715720477834e-06
1347,-3.0178797102126703080608727258749013344641e-06
1348,-3.0178796787045155429138072050720964512038e-06
1349,-3.0178797057802743735376808237313994709439e-06
1350,-3.0178796817028813096036796159715720477834e-06
1351,-3.0178797102126703080608727258749013344641e-06
1352,-3.0178796787045155429138072050720964512038e-06
1353,-3.0178797057802743735376808237313994709439e-06
1354,-3.0178796817028813096036796159715720477834e-06
1355,-3.0178797102126703080608727258749013344641e-06
1356,-3.0178796787045155429138072050720964512038e-06
1357,-3.0178797057802743735376808237313994709439e-06
1358,-3.0178796927018048765092687879540989115412e-06
1359,-3.0178796787045155429138072050720964512038e-06
1360,-3.0178797057802743735376808237313994709439e-06
1361,-3.0178796817028813096036796159715720477834e-06
1362,-3.0178797102126703080608727258749013344641e-06
1363,-3.0178796787045155429138072050720964512038e-06
1364,-3.0178797057802743735376808237313994709439e-06
1365,-3.0178796817028813096036796159715720477834e-06
1366,-3.0178797102126703080608727258749013344641e-06
1367,-3.0178796787045155429138072050720964512038e-06
1368,-3.0178797057802743735376808237313994709439e-06
1369,-3.0178796927018048765092687879540989115412e-06
1370,-3.0178796787045155429138072050720964512038e-06
1371,-3.0178797057802743735376808237313994709439e-06
1372,-3.0178796817028813096036796159715720477834e-06
1373,-3.0178796992137471646717571810425440048675e-06
1374,-3.0178797102126703080608727258749013344641e-06
1375,-3.0178796787045155429138072050720964512038e-06
1376,-3.0178797057802743735376808237313994709439e-06
1377,-3.0178796927018048765092687879540989115412e-06
1378,-3.0178796787045155429138072050720964512038e-06
1379,-3.0178797057802743735376808237313994709439e-06
1380,-3.0178796817028813096036796159715720477834e-06
1381,-3.0178796992137471646717571810425440048675e-06
1382,-3.0178797102126703080608727258749013344641e-06
1383,-3.0178796787045155429138072050720964512038e-06
1384,-3.0178797057802743735376808237313994709439e-06
1385,-3.0178796927018048765092687879540989115412e-06
1386,-3.0178796787045155429138072050720964512038e-06
1387,-3.0178797057802743735376808237313994709439e-06
1388,-3.0178796927018048765092687879540989115412e-06
1389,-3.0178796787045155429138072050720964512038e-06
1390,-3.0178797057802743735376808237313994709439e-06
1391,-3.0178796817028813096036796159715720477834e-06
1392,-3.0178796992137471646717571810425440048675e-06
1393,-3.0178797102126703080608727258749013344641e-06
1394,-3.0178796787045155429138072050720964512038e-06
1395,-3.0178797057802743735376808237313994709439e-06
1396,-3.0178796927018048765092687879540989115412e-06
1397,-3.0178796787045155429138072050720964512038e-06
1398,-3.0178797057802743735376808237313994709439e-06
1399,-3.0178796817028813096036796159715720477834e-06
1400,-3.0178796992137471646717571810425440048675e-06
1401,-3.0178797102126703080608727258749013344641e-06
1402,-3.0178796787045155429138072050720964512038e-06
1403,-3.0178797057802743735376808237313994709439e-06
1404,-3.0178796927018048765092687879540989115412e-06
1405,-3.0178796787045155429138072050720964512038e-06
1406,-3.0178797057802743735376808237313994709439e-06
1407,-3.0178796927018048765092687879540989115412e-06
1408,-3.0178796348727200330027894970008617292478e-06
1409,-3.0178796640768481963456974781490060877331e-06
1410,-3.0178797323315893667372653702551943410981e-06
1411,-3.0178796795139758026938012897000263023983e-06
1412,-3.0178796927018048765092687879540989115412e-06
1413,-3.0178796787045155429138072050720964512038e-06
1414,-3.0178797057802743735376808237313994709439e-06
1415,-3.0178796714482896391637013755460117181428e-06
1416,-3.0178797830800335777782453933193451689476e-06
1417,-3.0178796878647021055021293367559565012925e-06
1418,-3.0178796780148405649521481386443610972492e-06
1419,-3.0178796878647021055021293367559565012925e-06
1420,-3.0178796874599723991286059215921611098565e-06
1421,-3.0178796648816679861241588783693501341077e-06
1422,-3.0178797097532841066998710727320442970267e-06
1423,-3.0178796780148405649521481386443610972492e-06
1424,-3.0178796878647021055021293367559565012925e-06
1425,-3.0178796780148405649521481386443610972492e-06
1426,-3.0178796878647021055021293367559565012925e-06
1427,-3.0178796780148405649521481386443610972492e-06
1428,-3.0178796878647021055021293367559565012925e-06
1429,-3.0178796780148405649521481386443610972492e-06
1430,-3.0178796878647021055021293367559565012925e-06
1431,-3.0178796780148405649521481386443610972492e-06
1432,-3.0178796878647021055021293367559565012925e-06
1433,-3.0178796780148405649521481386443610972492e-06
1434,-3.0178796878647021055021293367559565012925e-06
1435,-3.0178796780148405649521481386443610972492e-06
1436,-3.0178796878647021055021293367559565012925e-06
1437,-3.0178796780148405649521481386443610972492e-06
1438,-3.0178796878647021055021293367559565012925e-06
1439,-3.0178796780148405649521481386443610972492e-06
1440,-3.0178796878647021055021293367559565012925e-06
1441,-3.0178796874599723991286059215921611098565e-06
1442,-3.0178796648816679861241588783693501341077e-06
1443,-3.0178797097532841066998710727320442970267e-06
1444,-3.0178796780148405649521481386443610972492e-06
1445,-3.0178796878647021055021293367559565012925e-06
1446,-3.0178796780148405649521481386443610972492e-06
1447,-3.0178796878647021055021293367559565012925e-06
1448,-3.0178796780148405649521481386443610972492e-06
1449,-3.0178796878647021055021293367559565012925e-06
1450,-3.0178796780148405649521481386443610972492e-06
1451,-3.0178796878647021055021293367559565012925e-06
1452,-3.0178796780148405649521481386443610972492e-06
1453,-3.0178796878647021055021293367559565012925e-06
1454,-3.0178796780148405649521481386443610972492e-06
1455,-3.0178796878647021055021293367559565012925e-06
1456,-3.0178796780148405649521481386443610972492e-06
1457,-3.0178796878647021055021293367559565012925e-06
1458,-3.0178796780148405649521481386443610972492e-06
1459,-3.0178796878647021055021293367559565012925e-06
1460,-3.0178796780148405649521481386443610972492e-06
1461,-3.0178796878647021055021293367559565012925e-06
1462,-3.0178796874599723991286059215921611098565e-06
1463,-3.0178796648816679861241588783693501341077e-06
1464,-3.0178797097532841066998710727320442970267e-06
1465,-3.0178796780148405649521481386443610972492e-06
1466,-3.0178796878647021055021293367559565012925e-06
1467,-3.0178796780148405649521481386443610972492e-06
1468,-3.0178796878647021055021293367559565012925e-06
1469,-3.0178796780148405649521481386443610972492e-06
1470,-3.0178796878647021055021293367559565012925e-06
1471,-3.0178796780148405649521481386443610972492e-06
1472,-3.0178796878647021055021293367559565012925e-06
1473,-3.0178796780148405649521481386443610972492e-06
1474,-3.0178796878647021055021293367559565012925e-06
1475,-3.0178796780148405649521481386443610972492e-06
1476,-3.0178797276688796681414720529668116455468e-06
1477,-3.0178797408566850250344164308113903416597e-06
1478,-3.0178796787045155429138072050720964512038e-06
1479,-3.0178797057802743735376808237313994709439e-06
1480,-3.0178796817028813096036796159715720477834e-06
1481,-3.0178797102126703080608727258749013344641e-06
1482,-3.0178796787045155429138072050720964512038e-06
1483,-3.0178797057802743735376808237313994709439e-06
1484,-3.0178796927018048765092687879540989115412e-06
1485,-3.0178796787045155429138072050720964512038e-06
1486,-3.0178797057802743735376808237313994709439e-06
1487,-3.0178796817028813096036796159715720477834e-06
1488,-3.0178797102126703080608727258749013344641e-06
1489,-3.0178796787045155429138072050720964512038e-06
1490,-3.0178797057802743735376808237313994709439e-06
1491,-3.0178796817028813096036796159715720477834e-06
1492,-3.0178797102126703080608727258749013344641e-06
1493,-3.0178796787045155429138072050720964512038e-06
1494,-3.0178797057802743735376808237313994709439e-06
1495,-3.0178796817028813096036796159715720477834e-06
1496,-3.0178797102126703080608727258749013344641e-06
1497,-3.0178796787045155429138072050720964512038e-06
1498,-3.0178797057802743735376808237313994709439e-06
1499,-3.0178796817028813096036796159715720477834e-06
1500,-3.0178797102126703080608727258749013344641e-06
1501,-3.0178796787045155429138072050720964512038e-06
1502,-3.0178797057802743735376808237313994709439e-06
1503,-3.0178796817028813096036796159715720477834e-06
1504,-3.0178797102126703080608727258749013344641e-06
1505,-3.0178796787045155429138072050720964512038e-06
1506,-3.0178797057802743735376808237313994709439e-06
1507,-3.0178796927018048765092687879540989115412e-06
1508,-3.0178796787045155429138072050720964512038e-06
1509,-3.0178797057802743735376808237313994709439e-06
1510,-3.0178796817028813096036796159715720477834e-06
1511,-3.0178797102126703080608727258749013344641e-06
1512,-3.0178796787045155429138072050720964512038e-06
1513,-3.0178797057802743735376808237313994709439e-06
1514,-3.0178796817028813096036796159715720477834e-06
1515,-3.0178797102126703080608727258749013344641e-06
1516,-3.0178796787045155429138072050720964512038e-06
1517,-3.0178797057802743735376808237313994709439e-06
1518,-3.0178796817028813096036796159715720477834e-06
1519,-3.0178797102126703080608727258749013344641e-06
1520,-3.0178796787045155429138072050720964512038e-06
1521,-3.0178797057802743735376808237313994709439e-06
1522,-3.0178796817028813096036796159715720477834e-06
1523,-3.0178797102126703080608727258749013344641e-06
1524,-3.0178796787045155429138072050720964512038e-06
1525,-3.0178797057802743735376808237313994709439e-06
1526,-3.0178796927018048765092687879540989115412e-06
1527,-3.0178796787045155429138072050720964512038e-06
1528,-3.0178797057802743735376808237313994709439e-06
1529,-3.0178796817028813096036796159715720477834e-06
1530,-3.0178797102126703080608727258749013344641e-06
1531,-3.0178796787045155429138072050720964512038e-06
1532,-3.0178797057802743735376808237313994709439e-06
1533,-3.0178796817028813096036796159715720477834e-06
1534,-3.0178797102126703080608727258749013344641e-06
1535,-3.0178796787045155429138072050720964512038e-06
1536,-3.0178797057802743735376808237313994709439e-06
1537,-3.0178796817028813096036796159715720477834e-06
1538,-3.0178797102126703080608727258749013344641e-06
1539,-3.0178796787045155429138072050720964512038e-06
1540,-3.0178797057802743735376808237313994709439e-06
1541,-3.0178796817028813096036796159715720477834e-06
1542,-3.0178797102126703080608727258749013344641e-06
1543,-3.0178796787045155429138072050720964512038e-06
1544,-3.0178797057802743735376808237313994709439e-06
1545,-3.0178796817028813096036796159715720477834e-06
1546,-3.0178797102126703080608727258749013344641e-06
1547,-3.0178796787045155429138072050720964512038e-06
1548,-3.0178797057802743735376808237313994709439e-06
1549,-3.0178796927018048765092687879540989115412e-06
1550,-3.0178796787045155429138072050720964512038e-06
1551,-3.0178797057802743735376808237313994709439e-06
1552,-3.0178796817028813096036796159715720477834e-06
1553,-3.0178797102126703080608727258749013344641e-06
1554,-3.0178796787045155429138072050720964512038e-06
1555,-3.0178797057802743735376808237313994709439e-06
1556,-3.0178796817028813096036796159715720477834e-06
1557,-3.0178797102126703080608727258749013344641e-06
1558,-3.0178796787045155429138072050720964512038e-06
1559,-3.0178797057802743735376808237313994709439e-06
1560,-3.0178796817028813096036796159715720477834e-06
1561,-3.0178797102126703080608727258749013344641e-06
1562,-3.0178796787045155429138072050720964512038e-06
1563,-3.0178797057802743735376808237313994709439e-06
1564,-3.0178796817028813096036796159715720477834e-06
1565,-3.0178797102126703080608727258749013344641e-06
1566,-3.0178796787045155429138072050720964512038e-06
1567,-3.0178797057802743735376808237313994709439e-06
1568,-3.0178796927018048765092687879540989115412e-06
1569,-3.0178796787045155429138072050720964512038e-06
1570,-3.0178797057802743735376808237313994709439e-06
1571,-3.0178796817028813096036796159715720477834e-06
1572,-3.0178797102126703080608727258749013344641e-06
1573,-3.0178796787045155429138072050720964512038e-06
1574,-3.0178797057802743735376808237313994709439e-06
1575,-3.0178796817028813096036796159715720477834e-06
1576,-3.0178797102126703080608727258749013344641e-06
1577,-3.0178796787045155429138072050720964512038e-06
1578,-3.0178797057802743735376808237313994709439e-06
1579,-3.0178796817028813096036796159715720477834e-06
1580,-3.0178797102126703080608727258749013344641e-06
1581,-3.0178796787045155429138072050720964512038e-06
1582,-3.0178797057802743735376808237313994709439e-06
1583,-3.0178796817028813096036796159715720477834e-06
1584,-3.0178797102126703080608727258749013344641e-06
1585,-3.0178796787045155429138072050720964512038e-06
1586,-3.0178797057802743735376808237313994709439e-06
1587,-3.0178796817028813096036796159715720477834e-06
1588,-3.0178797102126703080608727258749013344641e-06
1589,-3.0178796787045155429138072050720964512038e-06
1590,-3.0178797057802743735376808237313994709439e-06
1591,-3.0178796927018048765092687879540989115412e-06
1592,-3.0178796787045155429138072050720964512038e-06
1593,-3.0178797057802743735376808237313994709439e-06
1594,-3.0178796817028813096036796159715720477834e-06
1595,-3.0178797102126703080608727258749013344641e-06
1596,-3.0178796787045155429138072050720964512038e-06
1597,-3.0178797057802743735376808237313994709439e-06
1598,-3.0178796817028813096036796159715720477834e-06
1599,-3.0178797102126703080608727258749013344641e-06
1600,-3.0178796787045155429138072050720964512038e-06
1601,-3.0178797057802743735376808237313994709439e-06
1602,-3.0178796817028813096036796159715720477834e-06
1603,-3.0178797102126703080608727258749013344641e-06
1604,-3.0178796787045155429138072050720964512038e-06
1605,-3.0178797057802743735376808237313994709439e-06
1606,-3.0178796817028813096036796159715720477834e-06
1607,-3.0178797102126703080608727258749013344641e-06
1608,-3.0178796787045155429138072050720964512038e-06
1609,-3.0178797057802743735376808237313994709439e-06
1610,-3.0178796817028813096036796159715720477834e-06
1611,-3.0178797102126703080608727258749013344641e-06
1612,-3.0178796787045155429138072050720964512038e-06
1613,-3.0178797057802743735376808237313994709439e-06
1614,-3.0178796927018048765092687879540989115412e-06
1615,-3.0178796787045155429138072050720964512038e-06
1616,-3.0178797057802743735376808237313994709439e-06
1617,-3.0178796817028813096036796159715720477834e-06
1618,-3.0178797102126703080608727258749013344641e-06
1619,-3.0178796348727200330027894970008617292478e-06
1620,-3.0178796640768481963456974781490060877331e-06
1621,-3.0178796744966481374334698467576387770350e-06
1622,-3.0178796753665488566812681592299583144268e-06
1623,-3.0178796684545647659918352762042914605445e-06
1624,-3.0178796744966481374334698467576387770350e-06
1625,-3.0178796753665488566812681592299583144268e-06
1626,-3.0178796684545647659918352762042914605445e-06
1627,-3.0178797235215247199294555380255644649878e-06
1628,-3.0178796990985794829653789811407804677401e-06
1629,-3.0178796744966481374334698467576387770350e-06
1630,-3.0178796753665488566812681592299583144268e-06
1631,-3.0178796684545647659918352762042914605445e-06
1632,-3.0178796744966481374334698467576387770350e-06
1633,-3.0178796753665488566812681592299583144268e-06
1634,-3.0178796684545647659918352762042914605445e-06
1635,-3.0178796744966481374334698467576387770350e-06
1636,-3.0178796753665488566812681592299583144268e-06
1637,-3.0178796684545647659918352762042914605445e-06
1638,-3.0178797235215247199294555380255644649878e-06
1639,-3.0178796990985794829653789811407804677401e-06
1640,-3.0178796744966481374334698467576387770350e-06
1641,-3.0178796753665488566812681592299583144268e-06
1642,-3.0178796684545647659918352762042914605445e-06
1643,-3.0178796744966481374334698467576387770350e-06
1644,-3.0178796753665488566812681592299583144268e-06
1645,-3.0178796684545647659918352762042914605445e-06
1646,-3.0178797235215247199294555380255644649878e-06
1647,-3.0178796990985794829653789811407804677401e-06
1648,-3.0178796744966481374334698467576387770350e-06
1649,-3.0178796753665488566812681592299583144268e-06
1650,-3.0178796684545647659918352762042914605445e-06
1651,-3.0178796744966481374334698467576387770350e-06
1652,-3.0178796753665488566812681592299583144268e-06
1653,-3.0178796684545647659918352762042914605445e-06
1654,-3.0178796744966481374334698467576387770350e-06
1655,-3.0178796753665488566812681592299583144268e-06
1656,-3.0178796684545647659918352762042914605445e-06
1657,-3.0178797235215247199294555380255644649878e-06
1658,-3.0178796990985794829653789811407804677401e-06
1659,-3.0178796744966481374334698467576387770350e-06
1660,-3.0178796753665488566812681592299583144268e-06
1661,-3.0178796684545647659918352762042914605445e-06
1662,-3.0178796744966481374334698467576387770350e-06
1663,-3.0178796753665488566812681592299583144268e-06
1664,-3.0178796684545647659918352762042914605445e-06
1665,-3.0178797235215247199294555380255644649878e-06
1666,-3.0178796990985794829653789811407804677401e-06
1667,-3.0178796744966481374334698467576387770350e-06
1668,-3.0178796753665488566812681592299583144268e-06
1669,-3.0178796684545647659918352762042914605445e-06
1670,-3.0178796744966481374334698467576387770350e-06
1671,-3.0178796753665488566812681592299583144268e-06
1672,-3.0178796684545647659918352762042914605445e-06
1673,-3.0178797235215247199294555380255644649878e-06
1674,-3.0178796990985794829653789811407804677401e-06
1675,-3.0178796744966481374334698467576387770350e-06
1676,-3.0178796753665488566812681592299583144268e-06
1677,-3.0178796684545647659918352762042914605445e-06
1678,-3.0178796744966481374334698467576387770350e-06
1679,-3.0178796753665488566812681592299583144268e-06
1680,-3.0178796684545647659918352762042914605445e-06
1681,-3.0178796744966481374334698467576387770350e-06
1682,-3.0178796753665488566812681592299583144268e-06
1683,-3.0178796684545647659918352762042914605445e-06
1684,-3.0178797235215247199294555380255644649878e-06
1685,-3.0178796990985794829653789811407804677401e-06
1686,-3.0178796744966481374334698467576387770350e-06
1687,-3.0178796753665488566812681592299583144268e-06
1688,-3.0178796684545647659918352762042914605445e-06
1689,-3.0178796744966481374334698467576387770350e-06
1690,-3.0178796753665488566812681592299583144268e-06
1691,-3.0178796684545647659918352762042914605445e-06
1692,-3.0178797235215247199294555380255644649878e-06
1693,-3.0178796990985794829653789811407804677401e-06
1694,-3.0178796744966481374334698467576387770350e-06
1695,-3.0178796753665488566812681592299583144268e-06
1696,-3.0178796684545647659918352762042914605445e-06
1697,-3.0178796744966481374334698467576387770350e-06
1698,-3.0178796753665488566812681592299583144268e-06
1699,-3.0178796684545647659918352762042914605445e-06
1700,-3.0178796744966481374334698467576387770350e-06
1701,-3.0178796753665488566812681592299583144268e-06
1702,-3.0178796684545647659918352762042914605445e-06
1703,-3.0178797235215247199294555380255644649878e-06
1704,-3.0178796990985794829653789811407804677401e-06
1705,-3.0178796744966481374334698467576387770350e-06
1706,-3.0178796753665488566812681592299583144268e-06
1707,-3.0178796684545647659918352762042914605445e-06
1708,-3.0178796744966481374334698467576387770350e-06
1709,-3.0178796753665488566812681592299583144268e-06
1710,-3.0178796684545647659918352762042914605445e-06
1711,-3.0178797235215247199294555380255644649878e-06
1712,-3.0178796990985794829653789811407804677401e-06
1713,-3.0178796744966481374334698467576387770350e-06
1714,-3.0178796753665488566812681592299583144268e-06
1715,-3.0178796684545647659918352762042914605445e-06
1716,-3.0178796744966481374334698467576387770350e-06
1717,-3.0178796753665488566812681592299583144268e-06
1718,-3.0178796684545647659918352762042914605445e-06
1719,-3.0178796744966481374334698467576387770350e-06
1720,-3.0178796753665488566812681592299583144268e-06
1721,-3.0178796684545647659918352762042914605445e-06
1722,-3.0178797235215247199294555380255644649878e-06
1723,-3.0178796990985794829653789811407804677401e-06
1724,-3.0178796744966481374334698467576387770350e-06
1725,-3.0178796753665488566812681592299583144268e-06
1726,-3.0178796684545647659918352762042914605445e-06
1727,-3.0178796744966481374334698467576387770350e-06
1728,-3.0178796753665488566812681592299583144268e-06
1729,-3.0178796684545647659918352762042914605445e-06
1730,-3.0178797235215247199294555380255644649878e-06
1731,-3.0178796990985794829653789811407804677401e-06
1732,-3.0178796744966481374334698467576387770350e-06
1733,-3.0178796753665488566812681592299583144268e-06
1734,-3.0178796684545647659918352762042914605445e-06
1735,-3.0178796744966481374334698467576387770350e-06
1736,-3.0178796753665488566812681592299583144268e-06
1737,-3.0178796684545647659918352762042914605445e-06
1738,-3.0178797235215247199294555380255644649878e-06
1739,-3.0178796990985794829653789811407804677401e-06
1740,-3.0178796744966481374334698467576387770350e-06
1741,-3.0178796753665488566812681592299583144268e-06
1742,-3.0178796684545647659918352762042914605445e-06
1743,-3.0178796744966481374334698467576387770350e-06
1744,-3.0178796753665488566812681592299583144268e-06
1745,-3.0178796684545647659918352762042914605445e-06
1746,-3.0178796744966481374334698467576387770350e-06
1747,-3.0178796753665488566812681592299583144268e-06
1748,-3.0178796684545647659918352762042914605445e-06
1749,-3.0178797235215247199294555380255644649878e-06
1750,-3.0178796990985794829653789811407804677401e-06
1751,-3.0178796744966481374334698467576387770350e-06
1752,-3.0178796753665488566812681592299583144268e-06
1753,-3.0178796684545647659918352762042914605445e-06
1754,-3.0178796744966481374334698467576387770350e-06
1755,-3.0178796753665488566812681592299583144268e-06
1756,-3.0178796684545647659918352762042914605445e-06
1757,-3.0178797235215247199294555380255644649878e-06
1758,-3.0178796990985794829653789811407804677401e-06
1759,-3.0178796744966481374334698467576387770350e-06
1760,-3.0178796753665488566812681592299583144268e-06
1761,-3.0178796684545647659918352762042914605445e-06
1762,-3.0178796744966481374334698467576387770350e-06
1763,-3.0178796753665488566812681592299583144268e-06
1764,-3.0178796684545647659918352762042914605445e-06
1765,-3.0178796744966481374334698467576387770350e-06
1766,-3.0178796753665488566812681592299583144268e-06
1767,-3.0178796684545647659918352762042914605445e-06
1768,-3.0178797235215247199294555380255644649878e-06
1769,-3.0178796990985794829653789811407804677401e-06
1770,-3.0178796744966481374334698467576387770350e-06
1771,-3.0178796753665488566812681592299583144268e-06
1772,-3.0178796684545647659918352762042914605445e-06
1773,-3.0178796744966481374334698467576387770350e-06
1774,-3.0178796753665488566812681592299583144268e-06
1775,-3.0178796684545647659918352762042914605445e-06
1776,-3.0178797235215247199294555380255644649878e-06
1777,-3.0178796990985794829653789811407804677401e-06
1778,-3.0178797183779366294855035779409746510282e-06
1779,1.4520351622896776792899072941271444120128e-14
1780,5.5463774032861023414284456588857102219889e-15
1781,-3.0151725239231082713970907849265756794921e-06
1782,-3.0151725310251712141315985626910389783006e-06
1783,-3.0151725665941637117087054803521439794167e-06
1784,-3.0151725469446171683381933276146824596253e-06
1785,-3.0151725720779884199222384277838671096106e-06
1786,-3.0151725310251712141315985626910389783006e-06
1787,-3.0151725665941637117087054803521439794167e-06
1788,-3.0151725469446171683381933276146824596253e-06
1789,-3.0151725720779884199222384277838671096106e-06
1790,-3.0151725310251712141315985626910389783006e-06
1791,-3.0151725665941637117087054803521439794167e-06
1792,-3.0151725469446171683381933276146824596253e-06
1793,-3.0151725720779884199222384277838671096106e-06
1794,-3.0151725310251712141315985626910389783006e-06
1795,-3.0151725665941637117087054803521439794167e-06
1796,-3.0151725469446171683381933276146824596253e-06
1797,-3.0151725720779884199222384277838671096106e-06
1798,-3.0151725310251712141315985626910389783006e-06
1799,-3.0151725665941637117087054803521439794167e-06
1800,-3.0151725469446171683381933276146824596253e-06
1801,-3.0151725720779884199222384277838671096106e-06
1802,-3.0151725310251712141315985626910389783006e-06
1803,-3.0151725338114678829162535605989958753526e-06
1804,-3.0151725720779884199222384277838671096106e-06
1805,-3.0151725310251712141315985626910389783006e-06
1806,-3.0151725665941637117087054803521439794167e-06
1807,-3.0151725469446171683381933276146824596253e-06
1808,-3.0151725720779884199222384277838671096106e-06
1809,-3.0151725310251712141315985626910389783006e-06
1810,-3.0151725665941637117087054803521439794167e-06
1811,-3.0151725469446171683381933276146824596253e-06
1812,-3.0151725720779884199222384277838671096106e-06
1813,-3.0151725310251712141315985626910389783006e-06
1814,-3.0151725338114678829162535605989958753526e-06
1815,-3.0151725720779884199222384277838671096106e-06
1816,-3.0151725310251712141315985626910389783006e-06
1817,-3.0151725665941637117087054803521439794167e-06
1818,-3.0151725665941637117087054803521439794167e-06
1819,-3.0151725469446171683381933276146824596253e-06
1820,-3.0151725720779884199222384277838671096106e-06
1821,-3.0151725310251712141315985626910389783006e-06
1822,-3.0151725338114678829162535605989958753526e-06
1823,-3.0151725720779884199222384277838671096106e-06
1824,-3.0151725310251712141315985626910389783006e-06
1825,-3.0151725665941637117087054803521439794167e-06
1826,-3.0151725665941637117087054803521439794167e-06
1827,-3.0151725469446171683381933276146824596253e-06
1828,-3.0151725720779884199222384277838671096106e-06
1829,-3.0151725310251712141315985626910389783006e-06
1830,-3.0151725338114678829162535605989958753526e-06
1831,-3.0151725720779884199222384277838671096106e-06
1832,-3.0151725310251712141315985626910389783006e-06
1833,-3.0151725338114678829162535605989958753526e-06
1834,-3.0151725720779884199222384277838671096106e-06
1835,-3.0151725310251712141315985626910389783006e-06
1836,-3.0151725665941637117087054803521439794167e-06
1837,-3.0151725665941637117087054803521439794167e-06
1838,-3.0151725469446171683381933276146824596253e-06
1839,-3.0151725720779884199222384277838671096106e-06
1840,-3.0151725310251712141315985626910389783006e-06
1841,-3.0151725338114678829162535605989958753526e-06
1842,-3.0151725720779884199222384277838671096106e-06
1843,-3.0151725310251712141315985626910389783006e-06
1844,-3.0151725665941637117087054803521439794167e-06
1845,-3.0151725665941637117087054803521439794167e-06
1846,-3.0151725469446171683381933276146824596253e-06
1847,-3.0151725720779884199222384277838671096106e-06
1848,-3.0151725310251712141315985626910389783006e-06
1849,-3.0151725338114678829162535605989958753526e-06
1850,-3.0151725720779884199222384277838671096106e-06
1851,-3.0151725310251712141315985626910389783006e-06
1852,-3.0151725338114678829162535605989958753526e-06
1853,-3.0151725810760765933286105949795441460992e-06
1854,-3.0151725184392835631835578374948525492982e-06
1855,-3.0151725518310981485219958442289822642124e-06
1856,-3.0151725266474550680019343917859231396505e-06
1857,-3.0151725338114678829162535605989958753526e-06
1858,-3.0151725720779884199222384277838671096106e-06
1859,-3.0151725310251712141315985626910389783006e-06
1860,-3.0151725751010778077930429841302384375012e-06
1861,-3.0151725846965338496681423297030022467879e-06
1862,-3.0151725816676291570979633743787573507689e-06
1863,-3.0151725846965338496681423297030022467879e-06
1864,-3.0151725816676291570979633743787573507689e-06
1865,-3.0151725332642295418484040120388200989510e-06
1866,-3.0151726098683798788153195141736873097216e-06
1867,-3.0151725554013310097705574674975537163846e-06
1868,-3.0151725846965338496681423297030022467879e-06
1869,-3.0151725816676291570979633743787573507689e-06
1870,-3.0151725846965338496681423297030022467879e-06
1871,-3.0151725816676291570979633743787573507689e-06
1872,-3.0151725846965338496681423297030022467879e-06
1873,-3.0151725816676291570979633743787573507689e-06
1874,-3.0151725846965338496681423297030022467879e-06
1875,-3.0151725816676291570979633743787573507689e-06
1876,-3.0151725846965338496681423297030022467879e-06
1877,-3.0151725816676291570979633743787573507689e-06
1878,-3.0151725846965338496681423297030022467879e-06
1879,-3.0151725816676291570979633743787573507689e-06
1880,-3.0151725846965338496681423297030022467879e-06
1881,-3.0151725816676291570979633743787573507689e-06
1882,-3.0151725846965338496681423297030022467879e-06
1883,-3.0151725816676291570979633743787573507689e-06
1884,-3.0151725846965338496681423297030022467879e-06
1885,-3.0151725816676291570979633743787573507689e-06
1886,-3.0151725332642295418484040120388200989510e-06
1887,-3.0151726098683798788153195141736873097216e-06
1888,-3.0151725554013310097705574674975537163846e-06
1889,-3.0151725846965338496681423297030022467879e-06
1890,-3.0151725816676291570979633743787573507689e-06
1891,-3.0151725846965338496681423297030022467879e-06
1892,-3.0151725816676291570979633743787573507689e-06
1893,-3.0151725846965338496681423297030022467879e-06
1894,-3.0151725816676291570979633743787573507689e-06
1895,-3.0151725846965338496681423297030022467879e-06
1896,-3.0151725816676291570979633743787573507689e-06
1897,-3.0151725846965338496681423297030022467879e-06
1898,-3.0151725816676291570979633743787573507689e-06
1899,-3.0151725846965338496681423297030022467879e-06
1900,-3.0151725816676291570979633743787573507689e-06
1901,-3.0151725846965338496681423297030022467879e-06
1902,-3.0151725816676291570979633743787573507689e-06
1903,-3.0151725846965338496681423297030022467879e-06
1904,-3.0151725816676291570979633743787573507689e-06
1905,-3.0151725846965338496681423297030022467879e-06
1906,-3.0151725816676291570979633743787573507689e-06
1907,-3.0151725332642295418484040120388200989510e-06
1908,-3.0151726098683798788153195141736873097216e-06
1909,-3.0151725554013310097705574674975537163846e-06
1910,-3.0151725846965338496681423297030022467879e-06
1911,-3.0151725816676291570979633743787573507689e-06
1912,-3.0151725846965338496681423297030022467879e-06
1913,-3.0151725816676291570979633743787573507689e-06
1914,-3.0151725846965338496681423297030022467879e-06
1915,-3.0151725816676291570979633743787573507689e-06
1916,-3.0151725846965338496681423297030022467879e-06
1917,-3.0151725816676291570979633743787573507689e-06
1918,-3.0151725846965338496681423297030022467879e-06
1919,-3.0151725816676291570979633743787573507689e-06
1920,-3.0151725846965338496681423297030022467879e-06
1921,-3.0151725649524969693831503297909435445945e-06
1922,-3.0151725469446171683381933276146824596253e-06
1923,-3.0151725720779884199222384277838671096106e-06
1924,-3.0151725310251712141315985626910389783006e-06
1925,-3.0151725665941637117087054803521439794167e-06
1926,-3.0151725469446171683381933276146824596253e-06
1927,-3.0151725720779884199222384277838671096106e-06
1928,-3.0151725310251712141315985626910389783006e-06
1929,-3.0151725338114678829162535605989958753526e-06
1930,-3.0151725720779884199222384277838671096106e-06
1931,-3.0151725310251712141315985626910389783006e-06
1932,-3.0151725665941637117087054803521439794167e-06
1933,-3.0151725469446171683381933276146824596253e-06
1934,-3.0151725720779884199222384277838671096106e-06
1935,-3.0151725310251712141315985626910389783006e-06
1936,-3.0151725665941637117087054803521439794167e-06
1937,-3.0151725469446171683381933276146824596253e-06
1938,-3.0151725720779884199222384277838671096106e-06
1939,-3.0151725310251712141315985626910389783006e-06
1940,-3.0151725665941637117087054803521439794167e-06
1941,-3.0151725469446171683381933276146824596253e-06
1942,-3.0151725720779884199222384277838671096106e-06
1943,-3.0151725310251712141315985626910389783006e-06
1944,-3.0151725665941637117087054803521439794167e-06
1945,-3.0151725469446171683381933276146824596253e-06
1946,-3.0151725720779884199222384277838671096106e-06
1947,-3.0151725310251712141315985626910389783006e-06
1948,-3.0151725665941637117087054803521439794167e-06
1949,-3.0151725469446171683381933276146824596253e-06
1950,-3.0151725720779884199222384277838671096106e-06
1951,-3.0151725310251712141315985626910389783006e-06
1952,-3.0151725338114678829162535605989958753526e-06
1953,-3.0151725720779884199222384277838671096106e-06
1954,-3.0151725310251712141315985626910389783006e-06
1955,-3.0151725665941637117087054803521439794167e-06
1956,-3.0151725469446171683381933276146824596253e-06
1957,-3.0151725720779884199222384277838671096106e-06
1958,-3.0151725310251712141315985626910389783006e-06
1959,-3.0151725665941637117087054803521439794167e-06
1960,-3.0151725469446171683381933276146824596253e-06
1961,-3.0151725720779884199222384277838671096106e-06
1962,-3.0151725310251712141315985626910389783006e-06
1963,-3.0151725665941637117087054803521439794167e-06
1964,-3.0151725469446171683381933276146824596253e-06
1965,-3.0151725720779884199222384277838671096106e-06
1966,-3.0151725310251712141315985626910389783006e-06
1967,-3.0151725665941637117087054803521439794167e-06
1968,-3.0151725469446171683381933276146824596253e-06
1969,-3.0151725720779884199222384277838671096106e-06
1970,-3.0151725310251712141315985626910389783006e-06
1971,-3.0151725338114678829162535605989958753526e-06
1972,-3.0151725720779884199222384277838671096106e-06
1973,-3.0151725310251712141315985626910389783006e-06
1974,-3.0151725665941637117087054803521439794167e-06
1975,-3.0151725469446171683381933276146824596253e-06
1976,-3.0151725720779884199222384277838671096106e-06
1977,-3.0151725310251712141315985626910389783006e-06
1978,-3.0151725665941637117087054803521439794167e-06
1979,-3.0151725469446171683381933276146824596253e-06
1980,-3.0151725720779884199222384277838671096106e-06
1981,-3.0151725310251712141315985626910389783006e-06
1982,-3.0151725665941637117087054803521439794167e-06
1983,-3.0151725469446171683381933276146824596253e-06
1984,-3.0151725720779884199222384277838671096106e-06
1985,-3.0151725310251712141315985626910389783006e-06
1986,-3.0151725665941637117087054803521439794167e-06
1987,-3.0151725469446171683381933276146824596253e-06
1988,-3.0151725720779884199222384277838671096106e-06
1989,-3.0151725310251712141315985626910389783006e-06
1990,-3.0151725665941637117087054803521439794167e-06
1991,-3.0151725469446171683381933276146824596253e-06
1992,-3.0151725720779884199222384277838671096106e-06
1993,-3.0151725310251712141315985626910389783006e-06
1994,-3.0151725338114678829162535605989958753526e-06
1995,-3.0151725720779884199222384277838671096106e-06
1996,-3.0151725310251712141315985626910389783006e-06
1997,-3.0151725665941637117087054803521439794167e-06
1998,-3.0151725469446171683381933276146824596253e-06
1999,-3.0151725720779884199222384277838671096106e-06
2000,-3.0151725310251712141315985626910389783006e-06
2001,-3.0151725665941637117087054803521439794167e-06
2002,-3.0151725469446171683381933276146824596253e-06
2003,-3.0151725720779884199222384277838671096106e-06
2004,-3.0151725310251712141315985626910389783006e-06
2005,-3.0151725665941637117087054803521439794167e-06
2006,-3.0151725469446171683381933276146824596253e-06
2007,-3.0151725720779884199222384277838671096106e-06
2008,-3.0151725310251712141315985626910389783006e-06
2009,-3.0151725665941637117087054803521439794167e-06
2010,-3.0151725469446171683381933276146824596253e-06
2011,-3.0151725720779884199222384277838671096106e-06
2012,-3.0151725310251712141315985626910389783006e-06
2013,-3.0151725338114678829162535605989958753526e-06
2014,-3.0151725720779884199222384277838671096106e-06
2015,-3.0151725310251712141315985626910389783006e-06
2016,-3.0151725665941637117087054803521439794167e-06
2017,-3.0151725469446171683381933276146824596253e-06
2018,-3.0151725720779884199222384277838671096106e-06
2019,-3.0151725310251712141315985626910389783006e-06
2020,-3.0151725665941637117087054803521439794167e-06
2021,-3.0151725469446171683381933276146824596253e-06
2022,-3.0151725720779884199222384277838671096106e-06
2023,-3.0151725310251712141315985626910389783006e-06
2024,-3.0151725665941637117087054803521439794167e-06
2025,-3.0151725469446171683381933276146824596253e-06
2026,-3.0151725720779884199222384277838671096106e-06
2027,-3.0151725310251712141315985626910389783006e-06
2028,-3.0151725665941637117087054803521439794167e-06
2029,-3.0151725469446171683381933276146824596253e-06
2030,-3.0151725720779884199222384277838671096106e-06
2031,-3.0151725310251712141315985626910389783006e-06
2032,-3.0151725665941637117087054803521439794167e-06
2033,-3.0151725469446171683381933276146824596253e-06
2034,-3.0151725720779884199222384277838671096106e-06
2035,-3.0151725310251712141315985626910389783006e-06
2036,-3.0151725338114678829162535605989958753526e-06
2037,-3.0151725720779884199222384277838671096106e-06
2038,-3.0151725310251712141315985626910389783006e-06
2039,-3.0151725665941637117087054803521439794167e-06
2040,-3.0151725469446171683381933276146824596253e-06
2041,-3.0151725720779884199222384277838671096106e-06
2042,-3.0151725310251712141315985626910389783006e-06
2043,-3.0151725665941637117087054803521439794167e-06
2044,-3.0151725469446171683381933276146824596253e-06
2045,-3.0151725720779884199222384277838671096106e-06
2046,-3.0151725310251712141315985626910389783006e-06
2047,-3.0151725665941637117087054803521439794167e-06
2048,-3.0151725469446171683381933276146824596253e-06
2049,-3.0151725720779884199222384277838671096106e-06
2050,-3.0151725310251712141315985626910389783006e-06
2051,-3.0151725665941637117087054803521439794167e-06
2052,-3.0151725469446171683381933276146824596253e-06
2053,-3.0151725720779884199222384277838671096106e-06
2054,-3.0151725310251712141315985626910389783006e-06
2055,-3.0151725665941637117087054803521439794167e-06
2056,-3.0151725469446171683381933276146824596253e-06
2057,-3.0151725720779884199222384277838671096106e-06
2058,-3.0151725310251712141315985626910389783006e-06
2059,-3.0151725338114678829162535605989958753526e-06
2060,-3.0151725720779884199222384277838671096106e-06
2061,-3.0151725310251712141315985626910389783006e-06
2062,-3.0151725665941637117087054803521439794167e-06
2063,-3.0151725469446171683381933276146824596253e-06
2064,-3.0151725810760765933286105949795441460992e-06
2065,-3.0151725184392835631835578374948525492982e-06
2066,-3.0151725513340609091390669138643687574586e-06
2067,-3.0151725663012368486585925569931632139742e-06
2068,-3.0151725884827461364229208434784013093122e-06
2069,-3.0151725513340609091390669138643687574586e-06
2070,-3.0151725663012368486585925569931632139742e-06
2071,-3.0151725884827461364229208434784013093122e-06
2072,-3.0151725827177683231261097474007470964352e-06
2073,-3.0151725622164475655790413094470281407666e-06
2074,-3.0151725513340609091390669138643687574586e-06
2075,-3.0151725663012368486585925569931632139742e-06
2076,-3.0151725884827461364229208434784013093122e-06
2077,-3.0151725513340609091390669138643687574586e-06
2078,-3.0151725663012368486585925569931632139742e-06
2079,-3.0151725884827461364229208434784013093122e-06
2080,-3.0151725513340609091390669138643687574586e-06
2081,-3.0151725663012368486585925569931632139742e-06
2082,-3.0151725884827461364229208434784013093122e-06
2083,-3.0151725827177683231261097474007470964352e-06
2084,-3.0151725622164475655790413094470281407666e-06
2085,-3.0151725513340609091390669138643687574586e-06
2086,-3.0151725663012368486585925569931632139742e-06
2087,-3.0151725884827461364229208434784013093122e-06
2088,-3.0151725513340609091390669138643687574586e-06
2089,-3.0151725663012368486585925569931632139742e-06
2090,-3.0151725884827461364229208434784013093122e-06
2091,-3.0151725827177683231261097474007470964352e-06
2092,-3.0151725622164475655790413094470281407666e-06
2093,-3.0151725513340609091390669138643687574586e-06
2094,-3.0151725663012368486585925569931632139742e-06
2095,-3.0151725884827461364229208434784013093122e-06
2096,-3.0151725513340609091390669138643687574586e-06
2097,-3.0151725663012368486585925569931632139742e-06
2098,-3.0151725884827461364229208434784013093122e-06
2099,-3.0151725513340609091390669138643687574586e-06
2100,-3.0151725663012368486585925569931632139742e-06
2101,-3.0151725884827461364229208434784013093122e-06
2102,-3.0151725827177683231261097474007470964352e-06
2103,-3.0151725622164475655790413094470281407666e-06
2104,-3.0151725513340609091390669138643687574586e-06
2105,-3.0151725663012368486585925569931632139742e-06
2106,-3.0151725884827461364229208434784013093122e-06
2107,-3.0151725513340609091390669138643687574586e-06
2108,-3.0151725663012368486585925569931632139742e-06
2109,-3.0151725884827461364229208434784013093122e-06
2110,-3.0151725827177683231261097474007470964352e-06
2111,-3.0151725622164475655790413094470281407666e-06
2112,-3.0151725513340609091390669138643687574586e-06
2113,-3.0151725663012368486585925569931632139742e-06
2114,-3.0151725884827461364229208434784013093122e-06
2115,-3.0151725513340609091390669138643687574586e-06
2116,-3.0151725663012368486585925569931632139742e-06
2117,-3.0151725884827461364229208434784013093122e-06
2118,-3.0151725827177683231261097474007470964352e-06
2119,-3.0151725622164475655790413094470281407666e-06
2120,-3.0151725513340609091390669138643687574586e-06
2121,-3.0151725663012368486585925569931632139742e-06
2122,-3.0151725884827461364229208434784013093122e-06
2123,-3.0151725513340609091390669138643687574586e-06
2124,-3.0151725663012368486585925569931632139742e-06
2125,-3.0151725884827461364229208434784013093122e-06
2126,-3.0151725513340609091390669138643687574586e-06
2127,-3.0151725663012368486585925569931632139742e-06
2128,-3.0151725884827461364229208434784013093122e-06
2129,-3.0151725827177683231261097474007470964352e-06
2130,-3.0151725622164475655790413094470281407666e-06
2131,-3.0151725513340609091390669138643687574586e-06
2132,-3.0151725663012368486585925569931632139742e-06
2133,-3.0151725884827461364229208434784013093122e-06
2134,-3.0151725513340609091390669138643687574586e-06
2135,-3.0151725663012368486585925569931632139742e-06
2136,-3.0151725884827461364229208434784013093122e-06
2137,-3.0151725827177683231261097474007470964352e-06
2138,-3.0151725622164475655790413094470281407666e-06
2139,-3.0151725513340609091390669138643687574586e-06
2140,-3.0151725663012368486585925569931632139742e-06
2141,-3.0151725884827461364229208434784013093122e-06
2142,-3.0151725513340609091390669138643687574586e-06
2143,-3.0151725663012368486585925569931632139742e-06
2144,-3.0151725884827461364229208434784013093122e-06
2145,-3.0151725513340609091390669138643687574586e-06
2146,-3.0151725663012368486585925569931632139742e-06
2147,-3.0151725884827461364229208434784013093122e-06
2148,-3.0151725827177683231261097474007470964352e-06
2149,-3.0151725622164475655790413094470281407666e-06
2150,-3.0151725513340609091390669138643687574586e-06
2151,-3.0151725663012368486585925569931632139742e-06
2152,-3.0151725884827461364229208434784013093122e-06
2153,-3.0151725513340609091390669138643687574586e-06
2154,-3.0151725663012368486585925569931632139742e-06
2155,-3.0151725884827461364229208434784013093122e-06
2156,-3.0151725827177683231261097474007470964352e-06
2157,-3.0151725622164475655790413094470281407666e-06
2158,-3.0151725513340609091390669138643687574586e-06
2159,-3.0151725663012368486585925569931632139742e-06
2160,-3.0151725884827461364229208434784013093122e-06
2161,-3.0151725513340609091390669138643687574586e-06
2162,-3.0151725663012368486585925569931632139742e-06
2163,-3.0151725884827461364229208434784013093122e-06
2164,-3.0151725513340609091390669138643687574586e-06
2165,-3.0151725663012368486585925569931632139742e-06
2166,-3.0151725884827461364229208434784013093122e-06
2167,-3.0151725827177683231261097474007470964352e-06
2168,-3.0151725622164475655790413094470281407666e-06
2169,-3.0151725513340609091390669138643687574586e-06
2170,-3.0151725663012368486585925569931632139742e-06
2171,-3.0151725884827461364229208434784013093122e-06
2172,-3.0151725513340609091390669138643687574586e-06
2173,-3.0151725663012368486585925569931632139742e-06
2174,-3.0151725884827461364229208434784013093122e-06
2175,-3.0151725827177683231261097474007470964352e-06
2176,-3.0151725622164475655790413094470281407666e-06
2177,-3.0151725513340609091390669138643687574586e-06
2178,-3.0151725663012368486585925569931632139742e-06
2179,-3.0151725884827461364229208434784013093122e-06
2180,-3.0151725513340609091390669138643687574586e-06
2181,-3.0151725663012368486585925569931632139742e-06
2182,-3.0151725884827461364229208434784013093122e-06
2183,-3.0151725827177683231261097474007470964352e-06
2184,-3.0151725622164475655790413094470281407666e-06
2185,-3.0151725513340609091390669138643687574586e-06
2186,-3.0151725663012368486585925569931632139742e-06
2187,-3.0151725884827461364229208434784013093122e-06
2188,-3.0151725513340609091390669138643687574586e-06
2189,-3.0151725663012368486585925569931632139742e-06
2190,-3.0151725884827461364229208434784013093122e-06
2191,-3.0151725513340609091390669138643687574586e-06
2192,-3.0151725663012368486585925569931632139742e-06
2193,-3.0151725884827461364229208434784013093122e-06
2194,-3.0151725827177683231261097474007470964352e-06
2195,-3.0151725622164475655790413094470281407666e-06
2196,-3.0151725513340609091390669138643687574586e-06
2197,-3.0151725663012368486585925569931632139742e-06
2198,-3.0151725884827461364229208434784013093122e-06
2199,-3.0151725513340609091390669138643687574586e-06
2200,-3.0151725663012368486585925569931632139742e-06
2201,-3.0151725884827461364229208434784013093122e-06
2202,-3.0151725827177683231261097474007470964352e-06
2203,-3.0151725622164475655790413094470281407666e-06
2204,-3.0151725513340609091390669138643687574586e-06
2205,-3.0151725663012368486585925569931632139742e-06
2206,-3.0151725884827461364229208434784013093122e-06
2207,-3.0151725513340609091390669138643687574586e-06
2208,-3.0151725663012368486585925569931632139742e-06
2209,-3.0151725884827461364229208434784013093122e-06
2210,-3.0151725513340609091390669138643687574586e-06
2211,-3.0151725663012368486585925569931632139742e-06
2212,-3.0151725884827461364229208434784013093122e-06
2213,-3.0151725827177683231261097474007470964352e-06
2214,-3.0151725622164475655790413094470281407666e-06
2215,-3.0151725513340609091390669138643687574586e-06
2216,-3.0151725663012368486585925569931632139742e-06
2217,-3.0151725884827461364229208434784013093122e-06
2218,-3.0151725513340609091390669138643687574586e-06
2219,-3.0151725663012368486585925569931632139742e-06
2220,-3.0151725884827461364229208434784013093122e-06
2221,-3.0151725827177683231261097474007470964352e-06
2222,-3.0151725622164475655790413094470281407666e-06
2223,-3.0151725935822635261377051840714358377227e-06
2224,6.5262659953805750716056974574302861640508e-15
2225,1.5084858185397622061381942592680525891661e-15
2226,-3.0126421489975466445692623557173206449988e-06
2227,-3.0126421388020545804415847856994048470369e-06
2228,-3.0126421721821898519868068722082909971505e-06
2229,-3.0126421435254486839939915693298289056656e-06
2230,-3.0126421665084124996373399207882926020829e-06
2231,-3.0126421388020545804415847856994048470369e-06
2232,-3.0126421721821898519868068722082909971505e-06
2233,-3.0126421435254486839939915693298289056656e-06
2234,-3.0126421665084124996373399207882926020829e-06
2235,-3.0126421388020545804415847856994048470369e-06
2236,-3.0126421721821898519868068722082909971505e-06
2237,-3.0126421435254486839939915693298289056656e-06
2238,-3.0126421665084124996373399207882926020829e-06
2239,-3.0126421388020545804415847856994048470369e-06
2240,-3.0126421721821898519868068722082909971505e-06
2241,-3.0126421435254486839939915693298289056656e-06
2242,-3.0126421665084124996373399207882926020829e-06
2243,-3.0126421388020545804415847856994048470369e-06
2244,-3.0126421721821898519868068722082909971505e-06
2245,-3.0126421435254486839939915693298289056656e-06
2246,-3.0126421665084124996373399207882926020829e-06
2247,-3.0126421388020545804415847856994048470369e-06
2248,-3.0126421522808813997697935382902301171271e-06
2249,-3.0126421665084124996373399207882926020829e-06
2250,-3.0126421388020545804415847856994048470369e-06
2251,-3.0126421721821898519868068722082909971505e-06
2252,-3.0126421435254486839939915693298289056656e-06
2253,-3.0126421665084124996373399207882926020829e-06
2254,-3.0126421388020545804415847856994048470369e-06
2255,-3.0126421721821898519868068722082909971505e-06
2256,-3.0126421435254486839939915693298289056656e-06
2257,-3.0126421665084124996373399207882926020829e-06
2258,-3.0126421388020545804415847856994048470369e-06
2259,-3.0126421522808813997697935382902301171271e-06
2260,-3.0126421665084124996373399207882926020829e-06
2261,-3.0126421388020545804415847856994048470369e-06
2262,-3.0126421721821898519868068722082909971505e-06
2263,-3.0126421678044737058571427013031751585004e-06
2264,-3.0126421435254486839939915693298289056656e-06
2265,-3.0126421665084124996373399207882926020829e-06
2266,-3.0126421388020545804415847856994048470369e-06
2267,-3.0126421522808813997697935382902301171271e-06
2268,-3.0126421665084124996373399207882926020829e-06
2269,-3.0126421388020545804415847856994048470369e-06
2270,-3.0126421721821898519868068722082909971505e-06
2271,-3.0126421678044737058571427013031751585004e-06
2272,-3.0126421435254486839939915693298289056656e-06
2273,-3.0126421665084124996373399207882926020829e-06
2274,-3.0126421388020545804415847856994048470369e-06
2275,-3.0126421522808813997697935382902301171271e-06
2276,-3.0126421665084124996373399207882926020829e-06
2277,-3.0126421388020545804415847856994048470369e-06
2278,-3.0126421522808813997697935382902301171271e-06
2279,-3.0126421665084124996373399207882926020829e-06
2280,-3.0126421388020545804415847856994048470369e-06
2281,-3.0126421721821898519868068722082909971505e-06
2282,-3.0126421678044737058571427013031751585004e-06
2283,-3.0126421435254486839939915693298289056656e-06
2284,-3.0126421665084124996373399207882926020829e-06
2285,-3.0126421388020545804415847856994048470369e-06
2286,-3.0126421522808813997697935382902301171271e-06
2287,-3.0126421665084124996373399207882926020829e-06
2288,-3.0126421388020545804415847856994048470369e-06
2289,-3.0126421721821898519868068722082909971505e-06
2290,-3.0126421678044737058571427013031751585004e-06
2291,-3.0126421435254486839939915693298289056656e-06
2292,-3.0126421665084124996373399207882926020829e-06
2293,-3.0126421388020545804415847856994048470369e-06
2294,-3.0126421522808813997697935382902301171271e-06
2295,-3.0126421665084124996373399207882926020829e-06
2296,-3.0126421388020545804415847856994048470369e-06
2297,-3.0126421522808813997697935382902301171271e-06
2298,-3.0126421539350783004840815537672682467019e-06
2299,-3.0126421638794793058594833484731267958523e-06
2300,-3.0126421123342193428751214362426580350984e-06
2301,-3.0126421825792185828370682576515804385053e-06
2302,-3.0126421522808813997697935382902301171271e-06
2303,-3.0126421665084124996373399207882926020829e-06
2304,-3.0126421388020545804415847856994048470369e-06
2305,-3.0126421516080979528422797292241952504810e-06
2306,-3.0126422184627419423004826559697733046050e-06
2307,-3.0126421641940093207128435748298755925134e-06
2308,-3.0126422184627419423004826559697733046050e-06
2309,-3.0126421641940093207128435748298755925134e-06
2310,-3.0126421699807080233925703216524283334365e-06
2311,-3.0126421960269216000348913714335097324692e-06
2312,-3.0126421554385761814205679787193048468907e-06
2313,-3.0126422184627419423004826559697733046050e-06
2314,-3.0126421641940093207128435748298755925134e-06
2315,-3.0126422184627419423004826559697733046050e-06
2316,-3.0126421641940093207128435748298755925134e-06
2317,-3.0126422184627419423004826559697733046050e-06
2318,-3.0126421641940093207128435748298755925134e-06
2319,-3.0126422184627419423004826559697733046050e-06
2320,-3.0126421641940093207128435748298755925134e-06
2321,-3.0126422184627419423004826559697733046050e-06
2322,-3.0126421641940093207128435748298755925134e-06
2323,-3.0126422184627419423004826559697733046050e-06
2324,-3.0126421641940093207128435748298755925134e-06
2325,-3.0126422184627419423004826559697733046050e-06
2326,-3.0126421641940093207128435748298755925134e-06
2327,-3.0126422184627419423004826559697733046050e-06
2328,-3.0126421641940093207128435748298755925134e-06
2329,-3.0126422184627419423004826559697733046050e-06
2330,-3.0126421641940093207128435748298755925134e-06
2331,-3.0126421699807080233925703216524283334365e-06
2332,-3.0126421960269216000348913714335097324692e-06
2333,-3.0126421554385761814205679787193048468907e-06
2334,-3.0126422184627419423004826559697733046050e-06
2335,-3.0126421641940093207128435748298755925134e-06
2336,-3.0126422184627419423004826559697733046050e-06
2337,-3.0126421641940093207128435748298755925134e-06
2338,-3.0126422184627419423004826559697733046050e-06
2339,-3.0126421641940093207128435748298755925134e-06
2340,-3.0126422184627419423004826559697733046050e-06
2341,-3.0126421641940093207128435748298755925134e-06
2342,-3.0126422184627419423004826559697733046050e-06
2343,-3.0126421641940093207128435748298755925134e-06
2344,-3.0126422184627419423004826559697733046050e-06
2345,-3.0126421641940093207128435748298755925134e-06
2346,-3.0126422184627419423004826559697733046050e-06
2347,-3.0126421641940093207128435748298755925134e-06
2348,-3.0126422184627419423004826559697733046050e-06
2349,-3.0126421641940093207128435748298755925134e-06
2350,-3.0126422184627419423004826559697733046050e-06
2351,-3.0126421641940093207128435748298755925134e-06
2352,-3.0126421699807080233925703216524283334365e-06
2353,-3.0126421960269216000348913714335097324692e-06
2354,-3.0126421554385761814205679787193048468907e-06
2355,-3.0126422184627419423004826559697733046050e-06
2356,-3.0126421641940093207128435748298755925134e-06
2357,-3.0126422184627419423004826559697733046050e-06
2358,-3.0126421641940093207128435748298755925134e-06
2359,-3.0126422184627419423004826559697733046050e-06
2360,-3.0126421641940093207128435748298755925134e-06
2361,-3.0126422184627419423004826559697733046050e-06
2362,-3.0126421641940093207128435748298755925134e-06
2363,-3.0126422184627419423004826559697733046050e-06
2364,-3.0126421641940093207128435748298755925134e-06
2365,-3.0126422184627419423004826559697733046050e-06
2366,-3.0126421311410752533954324206000308095099e-06
2367,-3.0126421829248961167433372432267191243227e-06
2368,-3.0126421665084124996373399207882926020829e-06
2369,-3.0126421388020545804415847856994048470369e-06
2370,-3.0126421721821898519868068722082909971505e-06
2371,-3.0126421435254486839939915693298289056656e-06
2372,-3.0126421665084124996373399207882926020829e-06
2373,-3.0126421388020545804415847856994048470369e-06
2374,-3.0126421522808813997697935382902301171271e-06
2375,-3.0126421665084124996373399207882926020829e-06
2376,-3.0126421388020545804415847856994048470369e-06
2377,-3.0126421721821898519868068722082909971505e-06
2378,-3.0126421435254486839939915693298289056656e-06
2379,-3.0126421665084124996373399207882926020829e-06
2380,-3.0126421388020545804415847856994048470369e-06
2381,-3.0126421721821898519868068722082909971505e-06
2382,-3.0126421435254486839939915693298289056656e-06
2383,-3.0126421665084124996373399207882926020829e-06
2384,-3.0126421388020545804415847856994048470369e-06
2385,-3.0126421721821898519868068722082909971505e-06
2386,-3.0126421435254486839939915693298289056656e-06
2387,-3.0126421665084124996373399207882926020829e-06
2388,-3.0126421388020545804415847856994048470369e-06
2389,-3.0126421721821898519868068722082909971505e-06
2390,-3.0126421435254486839939915693298289056656e-06
2391,-3.0126421665084124996373399207882926020829e-06
2392,-3.0126421388020545804415847856994048470369e-06
2393,-3.0126421721821898519868068722082909971505e-06
2394,-3.0126421435254486839939915693298289056656e-06
2395,-3.0126421665084124996373399207882926020829e-06
2396,-3.0126421388020545804415847856994048470369e-06
2397,-3.0126421522808813997697935382902301171271e-06
2398,-3.0126421665084124996373399207882926020829e-06
2399,-3.0126421388020545804415847856994048470369e-06
2400,-3.0126421721821898519868068722082909971505e-06
2401,-3.0126421435254486839939915693298289056656e-06
2402,-3.0126421665084124996373399207882926020829e-06
2403,-3.0126421388020545804415847856994048470369e-06
2404,-3.0126421721821898519868068722082909971505e-06
2405,-3.0126421435254486839939915693298289056656e-06
2406,-3.0126421665084124996373399207882926020829e-06
2407,-3.0126421388020545804415847856994048470369e-06
2408,-3.0126421721821898519868068722082909971505e-06
2409,-3.0126421435254486839939915693298289056656e-06
2410,-3.0126421665084124996373399207882926020829e-06
2411,-3.0126421388020545804415847856994048470369e-06
2412,-3.0126421721821898519868068722082909971505e-06
2413,-3.0126421435254486839939915693298289056656e-06
2414,-3.0126421665084124996373399207882926020829e-06
2415,-3.0126421388020545804415847856994048470369e-06
2416,-3.0126421522808813997697935382902301171271e-06
2417,-3.0126421665084124996373399207882926020829e-06
2418,-3.0126421388020545804415847856994048470369e-06
2419,-3.0126421721821898519868068722082909971505e-06
2420,-3.0126421435254486839939915693298289056656e-06
2421,-3.0126421665084124996373399207882926020829e-06
2422,-3.0126421388020545804415847856994048470369e-06
2423,-3.0126421721821898519868068722082909971505e-06
2424,-3.0126421435254486839939915693298289056656e-06
2425,-3.0126421665084124996373399207882926020829e-06
2426,-3.0126421388020545804415847856994048470369e-06
2427,-3.0126421721821898519868068722082909971505e-06
2428,-3.0126421435254486839939915693298289056656e-06
2429,-3.0126421665084124996373399207882926020829e-06
2430,-3.0126421388020545804415847856994048470369e-06
2431,-3.0126421721821898519868068722082909971505e-06
2432,-3.0126421435254486839939915693298289056656e-06
2433,-3.0126421665084124996373399207882926020829e-06
2434,-3.0126421388020545804415847856994048470369e-06
2435,-3.0126421721821898519868068722082909971505e-06
2436,-3.0126421435254486839939915693298289056656e-06
2437,-3.0126421665084124996373399207882926020829e-06
2438,-3.0126421388020545804415847856994048470369e-06
2439,-3.0126421522808813997697935382902301171271e-06
2440,-3.0126421665084124996373399207882926020829e-06
2441,-3.0126421388020545804415847856994048470369e-06
2442,-3.0126421721821898519868068722082909971505e-06
2443,-3.0126421435254486839939915693298289056656e-06
2444,-3.0126421665084124996373399207882926020829e-06
2445,-3.0126421388020545804415847856994048470369e-06
2446,-3.0126421721821898519868068722082909971505e-06
2447,-3.0126421435254486839939915693298289056656e-06
2448,-3.0126421665084124996373399207882926020829e-06
2449,-3.0126421388020545804415847856994048470369e-06
2450,-3.0126421721821898519868068722082909971505e-06
2451,-3.0126421435254486839939915693298289056656e-06
2452,-3.0126421665084124996373399207882926020829e-06
2453,-3.0126421388020545804415847856994048470369e-06
2454,-3.0126421721821898519868068722082909971505e-06
2455,-3.0126421435254486839939915693298289056656e-06
2456,-3.0126421665084124996373399207882926020829e-06
2457,-3.0126421388020545804415847856994048470369e-06
2458,-3.0126421522808813997697935382902301171271e-06
2459,-3.0126421665084124996373399207882926020829e-06
2460,-3.0126421388020545804415847856994048470369e-06
2461,-3.0126421721821898519868068722082909971505e-06
2462,-3.0126421435254486839939915693298289056656e-06
2463,-3.0126421665084124996373399207882926020829e-06
2464,-3.0126421388020545804415847856994048470369e-06
2465,-3.0126421721821898519868068722082909971505e-06
2466,-3.0126421435254486839939915693298289056656e-06
2467,-3.0126421665084124996373399207882926020829e-06
2468,-3.0126421388020545804415847856994048470369e-06
2469,-3.0126421721821898519868068722082909971505e-06
2470,-3.0126421435254486839939915693298289056656e-06
2471,-3.0126421665084124996373399207882926020829e-06
2472,-3.0126421388020545804415847856994048470369e-06
2473,-3.0126421721821898519868068722082909971505e-06
2474,-3.0126421435254486839939915693298289056656e-06
2475,-3.0126421665084124996373399207882926020829e-06
2476,-3.0126421388020545804415847856994048470369e-06
2477,-3.0126421721821898519868068722082909971505e-06
2478,-3.0126421435254486839939915693298289056656e-06
2479,-3.0126421665084124996373399207882926020829e-06
2480,-3.0126421388020545804415847856994048470369e-06
2481,-3.0126421522808813997697935382902301171271e-06
2482,-3.0126421665084124996373399207882926020829e-06
2483,-3.0126421388020545804415847856994048470369e-06
2484,-3.0126421721821898519868068722082909971505e-06
2485,-3.0126421435254486839939915693298289056656e-06
2486,-3.0126421665084124996373399207882926020829e-06
2487,-3.0126421388020545804415847856994048470369e-06
2488,-3.0126421721821898519868068722082909971505e-06
2489,-3.0126421435254486839939915693298289056656e-06
2490,-3.0126421665084124996373399207882926020829e-06
2491,-3.0126421388020545804415847856994048470369e-06
2492,-3.0126421721821898519868068722082909971505e-06
2493,-3.0126421435254486839939915693298289056656e-06
2494,-3.0126421665084124996373399207882926020829e-06
2495,-3.0126421388020545804415847856994048470369e-06
2496,-3.0126421721821898519868068722082909971505e-06
2497,-3.0126421435254486839939915693298289056656e-06
2498,-3.0126421665084124996373399207882926020829e-06
2499,-3.0126421388020545804415847856994048470369e-06
2500,-3.0126421721821898519868068722082909971505e-06
2501,-3.0126421435254486839939915693298289056656e-06
2502,-3.0126421665084124996373399207882926020829e-06
2503,-3.0126421388020545804415847856994048470369e-06
2504,-3.0126421522808813997697935382902301171271e-06
2505,-3.0126421665084124996373399207882926020829e-06
2506,-3.0126421388020545804415847856994048470369e-06
2507,-3.0126421721821898519868068722082909971505e-06
2508,-3.0126421435254486839939915693298289056656e-06
2509,-3.0126421539350783004840815537672682467019e-06
2510,-3.0126421638794793058594833484731267958523e-06
2511,-3.0126421472488577128745999844650071963770e-06
2512,-3.0126421829374012876601261062825543035615e-06
2513,-3.0126421901457778767033628825044999643978e-06
2514,-3.0126421472488577128745999844650071963770e-06
2515,-3.0126421829374012876601261062825543035615e-06
2516,-3.0126421901457778767033628825044999643978e-06
2517,-3.0126421588600565046041183936420537747836e-06
2518,-3.0126422076566433082549668204253023873207e-06
2519,-3.0126421472488577128745999844650071963770e-06
2520,-3.0126421829374012876601261062825543035615e-06
2521,-3.0126421901457778767033628825044999643978e-06
2522,-3.0126421472488577128745999844650071963770e-06
2523,-3.0126421829374012876601261062825543035615e-06
2524,-3.0126421901457778767033628825044999643978e-06
2525,-3.0126421472488577128745999844650071963770e-06
2526,-3.0126421829374012876601261062825543035615e-06
2527,-3.0126421901457778767033628825044999643978e-06
2528,-3.0126421588600565046041183936420537747836e-06
2529,-3.0126422076566433082549668204253023873207e-06
2530,-3.0126421472488577128745999844650071963770e-06
2531,-3.0126421829374012876601261062825543035615e-06
2532,-3.0126421901457778767033628825044999643978e-06
2533,-3.0126421472488577128745999844650071963770e-06
2534,-3.0126421829374012876601261062825543035615e-06
2535,-3.0126421901457778767033628825044999643978e-06
2536,-3.0126421588600565046041183936420537747836e-06
2537,-3.0126422076566433082549668204253023873207e-06
2538,-3.0126421472488577128745999844650071963770e-06
2539,-3.0126421829374012876601261062825543035615e-06
2540,-3.0126421901457778767033628825044999643978e-06
2541,-3.0126421472488577128745999844650071963770e-06
2542,-3.0126421829374012876601261062825543035615e-06
2543,-3.0126421901457778767033628825044999643978e-06
2544,-3.0126421472488577128745999844650071963770e-06
2545,-3.0126421829374012876601261062825543035615e-06
2546,-3.0126421901457778767033628825044999643978e-06
2547,-3.0126421588600565046041183936420537747836e-06
2548,-3.0126422076566433082549668204253023873207e-06
2549,-3.0126421472488577128745999844650071963770e-06
2550,-3.0126421829374012876601261062825543035615e-06
2551,-3.0126421901457778767033628825044999643978e-06
2552,-3.0126421472488577128745999844650071963770e-06
2553,-3.0126421829374012876601261062825543035615e-06
2554,-3.0126421901457778767033628825044999643978e-06
2555,-3.0126421588600565046041183936420537747836e-06
2556,-3.0126422076566433082549668204253023873207e-06
2557,-3.0126421472488577128745999844650071963770e-06
2558,-3.0126421829374012876601261062825543035615e-06
2559,-3.0126421901457778767033628825044999643978e-06
2560,-3.0126421472488577128745999844650071963770e-06
2561,-3.0126421829374012876601261062825543035615e-06
2562,-3.0126421901457778767033628825044999643978e-06
2563,-3.0126421588600565046041183936420537747836e-06
2564,-3.0126422076566433082549668204253023873207e-06
2565,-3.0126421472488577128745999844650071963770e-06
2566,-3.0126421829374012876601261062825543035615e-06
2567,-3.0126421901457778767033628825044999643978e-06
2568,-3.0126421472488577128745999844650071963770e-06
2569,-3.0126421829374012876601261062825543035615e-06
2570,-3.0126421901457778767033628825044999643978e-06
2571,-3.0126421472488577128745999844650071963770e-06
2572,-3.0126421829374012876601261062825543035615e-06
2573,-3.0126421901457778767033628825044999643978e-06
2574,-3.0126421588600565046041183936420537747836e-06
2575,-3.0126422076566433082549668204253023873207e-06
2576,-3.0126421472488577128745999844650071963770e-06
2577,-3.0126421829374012876601261062825543035615e-06
2578,-3.0126421901457778767033628825044999643978e-06
2579,-3.0126421472488577128745999844650071963770e-06
2580,-3.0126421829374012876601261062825543035615e-06
2581,-3.0126421901457778767033628825044999643978e-06
2582,-3.0126421588600565046041183936420537747836e-06
2583,-3.0126422076566433082549668204253023873207e-06
2584,-3.0126421472488577128745999844650071963770e-06
2585,-3.0126421829374012876601261062825543035615e-06
2586,-3.0126421901457778767033628825044999643978e-06
2587,-3.0126421472488577128745999844650071963770e-06
2588,-3.0126421829374012876601261062825543035615e-06
2589,-3.0126421901457778767033628825044999643978e-06
2590,-3.0126421472488577128745999844650071963770e-06
2591,-3.0126421829374012876601261062825543035615e-06
2592,-3.0126421901457778767033628825044999643978e-06
2593,-3.0126421588600565046041183936420537747836e-06
2594,-3.0126422076566433082549668204253023873207e-06
2595,-3.0126421472488577128745999844650071963770e-06
2596,-3.0126421829374012876601261062825543035615e-06
2597,-3.0126421901457778767033628825044999643978e-06
2598,-3.0126421472488577128745999844650071963770e-06
2599,-3.0126421829374012876601261062825543035615e-06
2600,-3.0126421901457778767033628825044999643978e-06
2601,-3.0126421588600565046041183936420537747836e-06
2602,-3.0126422076566433082549668204253023873207e-06
2603,-3.0126421472488577128745999844650071963770e-06
2604,-3.0126421829374012876601261062825543035615e-06
2605,-3.0126421901457778767033628825044999643978e-06
2606,-3.0126421472488577128745999844650071963770e-06
2607,-3.0126421829374012876601261062825543035615e-06
2608,-3.0126421901457778767033628825044999643978e-06
2609,-3.0126421472488577128745999844650071963770e-06
2610,-3.0126421829374012876601261062825543035615e-06
2611,-3.0126421901457778767033628825044999643978e-06
2612,-3.0126421588600565046041183936420537747836e-06
2613,-3.0126422076566433082549668204253023873207e-06
2614,-3.0126421472488577128745999844650071963770e-06
2615,-3.0126421829374012876601261062825543035615e-06
2616,-3.0126421901457778767033628825044999643978e-06
2617,-3.0126421472488577128745999844650071963770e-06
2618,-3.0126421829374012876601261062825543035615e-06
2619,-3.0126421901457778767033628825044999643978e-06
2620,-3.0126421588600565046041183936420537747836e-06
2621,-3.0126422076566433082549668204253023873207e-06
2622,-3.0126421472488577128745999844650071963770e-06
2623,-3.0126421829374012876601261062825543035615e-06
2624,-3.0126421901457778767033628825044999643978e-06
2625,-3.0126421472488577128745999844650071963770e-06
2626,-3.0126421829374012876601261062825543035615e-06
2627,-3.0126421901457778767033628825044999643978e-06
2628,-3.0126421588600565046041183936420537747836e-06
2629,-3.0126422076566433082549668204253023873207e-06
2630,-3.0126421472488577128745999844650071963770e-06
2631,-3.0126421829374012876601261062825543035615e-06
2632,-3.0126421901457778767033628825044999643978e-06
2633,-3.0126421472488577128745999844650071963770e-06
2634,-3.0126421829374012876601261062825543035615e-06
2635,-3.0126421901457778767033628825044999643978e-06
2636,-3.0126421472488577128745999844650071963770e-06
2637,-3.0126421829374012876601261062825543035615e-06
2638,-3.0126421901457778767033628825044999643978e-06
2639,-3.0126421588600565046041183936420537747836e-06
2640,-3.0126422076566433082549668204253023873207e-06
2641,-3.0126421472488577128745999844650071963770e-06
2642,-3.0126421829374012876601261062825543035615e-06
2643,-3.0126421901457778767033628825044999643978e-06
2644,-3.0126421472488577128745999844650071963770e-06
2645,-3.0126421829374012876601261062825543035615e-06
2646,-3.0126421901457778767033628825044999643978e-06
2647,-3.0126421588600565046041183936420537747836e-06
2648,-3.0126422076566433082549668204253023873207e-06
2649,-3.0126421472488577128745999844650071963770e-06
2650,-3.0126421829374012876601261062825543035615e-06
2651,-3.0126421901457778767033628825044999643978e-06
2652,-3.0126421472488577128745999844650071963770e-06
2653,-3.0126421829374012876601261062825543035615e-06
2654,-3.0126421901457778767033628825044999643978e-06
2655,-3.0126421472488577128745999844650071963770e-06
2656,-3.0126421829374012876601261062825543035615e-06
2657,-3.0126421901457778767033628825044999643978e-06
2658,-3.0126421588600565046041183936420537747836e-06
2659,-3.0126422076566433082549668204253023873207e-06
2660,-3.0126421472488577128745999844650071963770e-06
2661,-3.0126421829374012876601261062825543035615e-06
2662,-3.0126421901457778767033628825044999643978e-06
2663,-3.0126421472488577128745999844650071963770e-06
2664,-3.0126421829374012876601261062825543035615e-06
2665,-3.0126421901457778767033628825044999643978e-06
2666,-3.0126421588600565046041183936420537747836e-06
2667,-3.0126422076566433082549668204253023873207e-06
2668,-3.0126421411908323343326922272300549821011e-06
2669,-1.4910928595561546447321455113219737519147e-14
2670,2.8017782350905445319702413350985049978647e-15
2671,-3.0103493889362117623040814018420263664666e-06
2672,-3.0103494005667178230333143329477962879537e-06
2673,-3.0103493655450335467422054436248401998455e-06
2674,-3.0103493790387715340738788993846242192376e-06
2675,-3.0103493845584956161744172309369105278165e-06
2676,-3.0103494005667178230333143329477962879537e-06
2677,-3.0103493655450335467422054436248401998455e-06
2678,-3.0103493790387715340738788993846242192376e-06
2679,-3.0103493845584956161744172309369105278165e-06
2680,-3.0103494005667178230333143329477962879537e-06
2681,-3.0103493655450335467422054436248401998455e-06
2682,-3.0103493790387715340738788993846242192376e-06
2683,-3.0103493845584956161744172309369105278165e-06
2684,-3.0103494005667178230333143329477962879537e-06
2685,-3.0103493655450335467422054436248401998455e-06
2686,-3.0103493790387715340738788993846242192376e-06
2687,-3.0103493845584956161744172309369105278165e-06
2688,-3.0103494005667178230333143329477962879537e-06
2689,-3.0103493655450335467422054436248401998455e-06
2690,-3.0103493790387715340738788993846242192376e-06
2691,-3.0103493845584956161744172309369105278165e-06
2692,-3.0103494005667178230333143329477962879537e-06
2693,-3.0103493659056222486519391323689376349648e-06
2694,-3.0103493845584956161744172309369105278165e-06
2695,-3.0103494005667178230333143329477962879537e-06
2696,-3.0103493655450335467422054436248401998455e-06
2697,-3.0103493790387715340738788993846242192376e-06
2698,-3.0103493845584956161744172309369105278165e-06
2699,-3.0103494005667178230333143329477962879537e-06
2700,-3.0103493655450335467422054436248401998455e-06
2701,-3.0103493790387715340738788993846242192376e-06
2702,-3.0103493845584956161744172309369105278165e-06
2703,-3.0103494005667178230333143329477962879537e-06
2704,-3.0103493659056222486519391323689376349648e-06
2705,-3.0103493845584956161744172309369105278165e-06
2706,-3.0103494005667178230333143329477962879537e-06
2707,-3.0103493655450335467422054436248401998455e-06
2708,-3.0103493874336155479399471796009279955797e-06
2709,-3.0103493790387715340738788993846242192376e-06
2710,-3.0103493845584956161744172309369105278165e-06
2711,-3.0103494005667178230333143329477962879537e-06
2712,-3.0103493659056222486519391323689376349648e-06
2713,-3.0103493845584956161744172309369105278165e-06
2714,-3.0103494005667178230333143329477962879537e-06
2715,-3.0103493655450335467422054436248401998455e-06
2716,-3.0103493874336155479399471796009279955797e-06
2717,-3.0103493790387715340738788993846242192376e-06
2718,-3.0103493845584956161744172309369105278165e-06
2719,-3.0103494005667178230333143329477962879537e-06
2720,-3.0103493659056222486519391323689376349648e-06
2721,-3.0103493845584956161744172309369105278165e-06
2722,-3.0103494005667178230333143329477962879537e-06
2723,-3.0103493659056222486519391323689376349648e-06
2724,-3.0103493845584956161744172309369105278165e-06
2725,-3.0103494005667178230333143329477962879537e-06
2726,-3.0103493655450335467422054436248401998455e-06
2727,-3.0103493874336155479399471796009279955797e-06
2728,-3.0103493790387715340738788993846242192376e-06
2729,-3.0103493845584956161744172309369105278165e-06
2730,-3.0103494005667178230333143329477962879537e-06
2731,-3.0103493659056222486519391323689376349648e-06
2732,-3.0103493845584956161744172309369105278165e-06
2733,-3.0103494005667178230333143329477962879537e-06
2734,-3.0103493655450335467422054436248401998455e-06
2735,-3.0103493874336155479399471796009279955797e-06
2736,-3.0103493790387715340738788993846242192376e-06
2737,-3.0103493845584956161744172309369105278165e-06
2738,-3.0103494005667178230333143329477962879537e-06
2739,-3.0103493659056222486519391323689376349648e-06
2740,-3.0103493845584956161744172309369105278165e-06
2741,-3.0103494005667178230333143329477962879537e-06
2742,-3.0103493659056222486519391323689376349648e-06
2743,-3.0103493737055776594858935713006076184683e-06
2744,-3.0103493672819300857451934455566444626129e-06
2745,-3.0103493856529718747936427009070925464584e-06
2746,-3.0103493874335689611278481930822792378422e-06
2747,-3.0103493659056222486519391323689376349648e-06
2748,-3.0103493845584956161744172309369105278165e-06
2749,-3.0103494005667178230333143329477962879537e-06
2750,-3.0103493791320844951916752690879164333637e-06
2751,-3.0103494311174428722951111614403174598920e-06
2752,-3.0103494141537920648888336516701969003407e-06
2753,-3.0103493785848461541238257205277406569621e-06
2754,-3.0103494141537920648888336516701969003407e-06
2755,-3.0103493789911216956260882338103357369619e-06
2756,-3.0103494026622629349803500486970619931526e-06
2757,-3.0103494272869413503107734186858834846134e-06
2758,-3.0103493785848461541238257205277406569621e-06
2759,-3.0103494141537920648888336516701969003407e-06
2760,-3.0103493785848461541238257205277406569621e-06
2761,-3.0103494141537920648888336516701969003407e-06
2762,-3.0103493785848461541238257205277406569621e-06
2763,-3.0103494141537920648888336516701969003407e-06
2764,-3.0103493785848461541238257205277406569621e-06
2765,-3.0103494141537920648888336516701969003407e-06
2766,-3.0103493785848461541238257205277406569621e-06
2767,-3.0103494141537920648888336516701969003407e-06
2768,-3.0103493785848461541238257205277406569621e-06
2769,-3.0103494141537920648888336516701969003407e-06
2770,-3.0103493785848461541238257205277406569621e-06
2771,-3.0103494141537920648888336516701969003407e-06
2772,-3.0103493785848461541238257205277406569621e-06
2773,-3.0103494141537920648888336516701969003407e-06
2774,-3.0103493785848461541238257205277406569621e-06
2775,-3.0103494141537920648888336516701969003407e-06
2776,-3.0103493789911216956260882338103357369619e-06
2777,-3.0103494026622629349803500486970619931526e-06
2778,-3.0103494272869413503107734186858834846134e-06
2779,-3.0103493785848461541238257205277406569621e-06
2780,-3.0103494141537920648888336516701969003407e-06
2781,-3.0103493785848461541238257205277406569621e-06
2782,-3.0103494141537920648888336516701969003407e-06
2783,-3.0103493785848461541238257205277406569621e-06
2784,-3.0103494141537920648888336516701969003407e-06
2785,-3.0103493785848461541238257205277406569621e-06
2786,-3.0103494141537920648888336516701969003407e-06
2787,-3.0103493785848461541238257205277406569621e-06
2788,-3.0103494141537920648888336516701969003407e-06
2789,-3.0103493785848461541238257205277406569621e-06
2790,-3.0103494141537920648888336516701969003407e-06
2791,-3.0103493785848461541238257205277406569621e-06
2792,-3.0103494141537920648888336516701969003407e-06
2793,-3.0103493785848461541238257205277406569621e-06
2794,-3.0103494141537920648888336516701969003407e-06
2795,-3.0103493785848461541238257205277406569621e-06
2796,-3.0103494141537920648888336516701969003407e-06
2797,-3.0103493789911216956260882338103357369619e-06
2798,-3.0103494026622629349803500486970619931526e-06
2799,-3.0103494272869413503107734186858834846134e-06
2800,-3.0103493785848461541238257205277406569621e-06
2801,-3.0103494141537920648888336516701969003407e-06
2802,-3.0103493785848461541238257205277406569621e-06
2803,-3.0103494141537920648888336516701969003407e-06
2804,-3.0103493785848461541238257205277406569621e-06
2805,-3.0103494141537920648888336516701969003407e-06
2806,-3.0103493785848461541238257205277406569621e-06
2807,-3.0103494141537920648888336516701969003407e-06
2808,-3.0103493785848461541238257205277406569621e-06
2809,-3.0103494141537920648888336516701969003407e-06
2810,-3.0103493785848461541238257205277406569621e-06
2811,-3.0103494027555996130206695388098481203087e-06
2812,-3.0103493746610549644277411013293388464263e-06
2813,-3.0103493845584956161744172309369105278165e-06
2814,-3.0103494005667178230333143329477962879537e-06
2815,-3.0103493655450335467422054436248401998455e-06
2816,-3.0103493790387715340738788993846242192376e-06
2817,-3.0103493845584956161744172309369105278165e-06
2818,-3.0103494005667178230333143329477962879537e-06
2819,-3.0103493659056222486519391323689376349648e-06
2820,-3.0103493845584956161744172309369105278165e-06
2821,-3.0103494005667178230333143329477962879537e-06
2822,-3.0103493655450335467422054436248401998455e-06
2823,-3.0103493790387715340738788993846242192376e-06
2824,-3.0103493845584956161744172309369105278165e-06
2825,-3.0103494005667178230333143329477962879537e-06
2826,-3.0103493655450335467422054436248401998455e-06
2827,-3.0103493790387715340738788993846242192376e-06
2828,-3.0103493845584956161744172309369105278165e-06
2829,-3.0103494005667178230333143329477962879537e-06
2830,-3.0103493655450335467422054436248401998455e-06
2831,-3.0103493790387715340738788993846242192376e-06
2832,-3.0103493845584956161744172309369105278165e-06
2833,-3.0103494005667178230333143329477962879537e-06
2834,-3.0103493655450335467422054436248401998455e-06
2835,-3.0103493790387715340738788993846242192376e-06
2836,-3.0103493845584956161744172309369105278165e-06
2837,-3.0103494005667178230333143329477962879537e-06
2838,-3.0103493655450335467422054436248401998455e-06
2839,-3.0103493790387715340738788993846242192376e-06
2840,-3.0103493845584956161744172309369105278165e-06
2841,-3.0103494005667178230333143329477962879537e-06
2842,-3.0103493659056222486519391323689376349648e-06
2843,-3.0103493845584956161744172309369105278165e-06
2844,-3.0103494005667178230333143329477962879537e-06
2845,-3.0103493655450335467422054436248401998455e-06
2846,-3.0103493790387715340738788993846242192376e-06
2847,-3.0103493845584956161744172309369105278165e-06
2848,-3.0103494005667178230333143329477962879537e-06
2849,-3.0103493655450335467422054436248401998455e-06
2850,-3.0103493790387715340738788993846242192376e-06
2851,-3.0103493845584956161744172309369105278165e-06
2852,-3.0103494005667178230333143329477962879537e-06
2853,-3.0103493655450335467422054436248401998455e-06
2854,-3.0103493790387715340738788993846242192376e-06
2855,-3.0103493845584956161744172309369105278165e-06
2856,-3.0103494005667178230333143329477962879537e-06
2857,-3.0103493655450335467422054436248401998455e-06
2858,-3.0103493790387715340738788993846242192376e-06
2859,-3.0103493845584956161744172309369105278165e-06
2860,-3.0103494005667178230333143329477962879537e-06
2861,-3.0103493659056222486519391323689376349648e-06
2862,-3.0103493845584956161744172309369105278165e-06
2863,-3.0103494005667178230333143329477962879537e-06
2864,-3.0103493655450335467422054436248401998455e-06
2865,-3.0103493790387715340738788993846242192376e-06
2866,-3.0103493845584956161744172309369105278165e-06
2867,-3.0103494005667178230333143329477962879537e-06
2868,-3.0103493655450335467422054436248401998455e-06
2869,-3.0103493790387715340738788993846242192376e-06
2870,-3.0103493845584956161744172309369105278165e-06
2871,-3.0103494005667178230333143329477962879537e-06
2872,-3.0103493655450335467422054436248401998455e-06
2873,-3.0103493790387715340738788993846242192376e-06
2874,-3.0103493845584956161744172309369105278165e-06
2875,-3.0103494005667178230333143329477962879537e-06
2876,-3.0103493655450335467422054436248401998455e-06
2877,-3.0103493790387715340738788993846242192376e-06
2878,-3.0103493845584956161744172309369105278165e-06
2879,-3.0103494005667178230333143329477962879537e-06
2880,-3.0103493655450335467422054436248401998455e-06
2881,-3.0103493790387715340738788993846242192376e-06
2882,-3.0103493845584956161744172309369105278165e-06
2883,-3.0103494005667178230333143329477962879537e-06
2884,-3.0103493659056222486519391323689376349648e-06
2885,-3.0103493845584956161744172309369105278165e-06
2886,-3.0103494005667178230333143329477962879537e-06
2887,-3.0103493655450335467422054436248401998455e-06
2888,-3.0103493790387715340738788993846242192376e-06
2889,-3.0103493845584956161744172309369105278165e-06
2890,-3.0103494005667178230333143329477962879537e-06
2891,-3.0103493655450335467422054436248401998455e-06
2892,-3.0103493790387715340738788993846242192376e-06
2893,-3.0103493845584956161744172309369105278165e-06
2894,-3.0103494005667178230333143329477962879537e-06
2895,-3.0103493655450335467422054436248401998455e-06
2896,-3.0103493790387715340738788993846242192376e-06
2897,-3.0103493845584956161744172309369105278165e-06
2898,-3.0103494005667178230333143329477962879537e-06
2899,-3.0103493655450335467422054436248401998455e-06
2900,-3.0103493790387715340738788993846242192376e-06
2901,-3.0103493845584956161744172309369105278165e-06
2902,-3.0103494005667178230333143329477962879537e-06
2903,-3.0103493659056222486519391323689376349648e-06
2904,-3.0103493845584956161744172309369105278165e-06
2905,-3.0103494005667178230333143329477962879537e-06
2906,-3.0103493655450335467422054436248401998455e-06
2907,-3.0103493790387715340738788993846242192376e-06
2908,-3.0103493845584956161744172309369105278165e-06
2909,-3.0103494005667178230333143329477962879537e-06
2910,-3.0103493655450335467422054436248401998455e-06
2911,-3.0103493790387715340738788993846242192376e-06
2912,-3.0103493845584956161744172309369105278165e-06
2913,-3.0103494005667178230333143329477962879537e-06
2914,-3.0103493655450335467422054436248401998455e-06
2915,-3.0103493790387715340738788993846242192376e-06
2916,-3.0103493845584956161744172309369105278165e-06
2917,-3.0103494005667178230333143329477962879537e-06
2918,-3.0103493655450335467422054436248401998455e-06
2919,-3.0103493790387715340738788993846242192376e-06
2920,-3.0103493845584956161744172309369105278165e-06
2921,-3.0103494005667178230333143329477962879537e-06
2922,-3.0103493655450335467422054436248401998455e-06
2923,-3.0103493790387715340738788993846242192376e-06
2924,-3.0103493845584956161744172309369105278165e-06
2925,-3.0103494005667178230333143329477962879537e-06
2926,-3.0103493659056222486519391323689376349648e-06
2927,-3.0103493845584956161744172309369105278165e-06
2928,-3.0103494005667178230333143329477962879537e-06
2929,-3.0103493655450335467422054436248401998455e-06
2930,-3.0103493790387715340738788993846242192376e-06
2931,-3.0103493845584956161744172309369105278165e-06
2932,-3.0103494005667178230333143329477962879537e-06
2933,-3.0103493655450335467422054436248401998455e-06
2934,-3.0103493790387715340738788993846242192376e-06
2935,-3.0103493845584956161744172309369105278165e-06
2936,-3.0103494005667178230333143329477962879537e-06
2937,-3.0103493655450335467422054436248401998455e-06
2938,-3.0103493790387715340738788993846242192376e-06
2939,-3.0103493845584956161744172309369105278165e-06
2940,-3.0103494005667178230333143329477962879537e-06
2941,-3.0103493655450335467422054436248401998455e-06
2942,-3.0103493790387715340738788993846242192376e-06
2943,-3.0103493845584956161744172309369105278165e-06
2944,-3.0103494005667178230333143329477962879537e-06
2945,-3.0103493655450335467422054436248401998455e-06
2946,-3.0103493790387715340738788993846242192376e-06
2947,-3.0103493845584956161744172309369105278165e-06
2948,-3.0103494005667178230333143329477962879537e-06
2949,-3.0103493659056222486519391323689376349648e-06
2950,-3.0103493845584956161744172309369105278165e-06
2951,-3.0103494005667178230333143329477962879537e-06
2952,-3.0103493655450335467422054436248401998455e-06
2953,-3.0103493790387715340738788993846242192376e-06
2954,-3.0103493737055776594858935713006076184683e-06
2955,-3.0103493672819300857451934455566444626129e-06
2956,-3.0103493449248435735092575132876291377215e-06
2957,-3.0103493611195964113971812459169541398296e-06
2958,-3.0103493629042135160990556475013590898016e-06
2959,-3.0103493449248435735092575132876291377215e-06
2960,-3.0103493611195964113971812459169541398296e-06
2961,-3.0103493629042135160990556475013590898016e-06
2962,-3.0103493594780469831348208159527146676737e-06
2963,-3.0103493672819300857451934455566444626129e-06
2964,-3.0103493449248435735092575132876291377215e-06
2965,-3.0103493611195964113971812459169541398296e-06
2966,-3.0103493629042135160990556475013590898016e-06
2967,-3.0103493449248435735092575132876291377215e-06
2968,-3.0103493611195964113971812459169541398296e-06
2969,-3.0103493629042135160990556475013590898016e-06
2970,-3.0103493449248435735092575132876291377215e-06
2971,-3.0103493611195964113971812459169541398296e-06
2972,-3.0103493629042135160990556475013590898016e-06
2973,-3.0103493594780469831348208159527146676737e-06
2974,-3.0103493672819300857451934455566444626129e-06
2975,-3.0103493449248435735092575132876291377215e-06
2976,-3.0103493611195964113971812459169541398296e-06
2977,-3.0103493629042135160990556475013590898016e-06
2978,-3.0103493449248435735092575132876291377215e-06
2979,-3.0103493611195964113971812459169541398296e-06
2980,-3.0103493629042135160990556475013590898016e-06
2981,-3.0103493594780469831348208159527146676737e-06
2982,-3.0103493672819300857451934455566444626129e-06
2983,-3.0103493449248435735092575132876291377215e-06
2984,-3.0103493611195964113971812459169541398296e-06
2985,-3.0103493629042135160990556475013590898016e-06
2986,-3.0103493449248435735092575132876291377215e-06
2987,-3.0103493611195964113971812459169541398296e-06
2988,-3.0103493629042135160990556475013590898016e-06
2989,-3.0103493449248435735092575132876291377215e-06
2990,-3.0103493611195964113971812459169541398296e-06
2991,-3.0103493629042135160990556475013590898016e-06
2992,-3.0103493594780469831348208159527146676737e-06
2993,-3.0103493672819300857451934455566444626129e-06
2994,-3.0103493449248435735092575132876291377215e-06
2995,-3.0103493611195964113971812459169541398296e-06
2996,-3.0103493629042135160990556475013590898016e-06
2997,-3.0103493449248435735092575132876291377215e-06
2998,-3.0103493611195964113971812459169541398296e-06
2999,-3.0103493629042135160990556475013590898016e-06
3000,-3.0103493594780469831348208159527146676737e-06
3001,-3.0103493672819300857451934455566444626129e-06
3002,-3.0103493449248435735092575132876291377215e-06
3003,-3.0103493611195964113971812459169541398296e-06
3004,-3.0103493629042135160990556475013590898016e-06
3005,-3.0103493449248435735092575132876291377215e-06
3006,-3.0103493611195964113971812459169541398296e-06
3007,-3.0103493629042135160990556475013590898016e-06
3008,-3.0103493594780469831348208159527146676737e-06
3009,-3.0103493672819300857451934455566444626129e-06
3010,-3.0103493449248435735092575132876291377215e-06
3011,-3.0103493611195964113971812459169541398296e-06
3012,-3.0103493629042135160990556475013590898016e-06
3013,-3.0103493449248435735092575132876291377215e-06
3014,-3.0103493611195964113971812459169541398296e-06
3015,-3.0103493629042135160990556475013590898016e-06
3016,-3.0103493449248435735092575132876291377215e-06
3017,-3.0103493611195964113971812459169541398296e-06
3018,-3.0103493629042135160990556475013590898016e-06
3019,-3.0103493594780469831348208159527146676737e-06
3020,-3.0103493672819300857451934455566444626129e-06
3021,-3.0103493449248435735092575132876291377215e-06
3022,-3.0103493611195964113971812459169541398296e-06
3023,-3.0103493629042135160990556475013590898016e-06
3024,-3.0103493449248435735092575132876291377215e-06
3025,-3.0103493611195964113971812459169541398296e-06
3026,-3.0103493629042135160990556475013590898016e-06
3027,-3.0103493594780469831348208159527146676737e-06
3028,-3.0103493672819300857451934455566444626129e-06
3029,-3.0103493449248435735092575132876291377215e-06
3030,-3.0103493611195964113971812459169541398296e-06
3031,-3.0103493629042135160990556475013590898016e-06
3032,-3.0103493449248435735092575132876291377215e-06
3033,-3.0103493611195964113971812459169541398296e-06
3034,-3.0103493629042135160990556475013590898016e-06
3035,-3.0103493449248435735092575132876291377215e-06
3036,-3.0103493611195964113971812459169541398296e-06
3037,-3.0103493629042135160990556475013590898016e-06
3038,-3.0103493594780469831348208159527146676737e-06
3039,-3.0103493672819300857451934455566444626129e-06
3040,-3.0103493449248435735092575132876291377215e-06
3041,-3.0103493611195964113971812459169541398296e-06
3042,-3.0103493629042135160990556475013590898016e-06
3043,-3.0103493449248435735092575132876291377215e-06
3044,-3.0103493611195964113971812459169541398296e-06
3045,-3.0103493629042135160990556475013590898016e-06
3046,-3.0103493594780469831348208159527146676737e-06
3047,-3.0103493672819300857451934455566444626129e-06
3048,-3.0103493449248435735092575132876291377215e-06
3049,-3.0103493611195964113971812459169541398296e-06
3050,-3.0103493629042135160990556475013590898016e-06
3051,-3.0103493449248435735092575132876291377215e-06
3052,-3.0103493611195964113971812459169541398296e-06
3053,-3.0103493629042135160990556475013590898016e-06
3054,-3.0103493449248435735092575132876291377215e-06
3055,-3.0103493611195964113971812459169541398296e-06
3056,-3.0103493629042135160990556475013590898016e-06
3057,-3.0103493594780469831348208159527146676737e-06
3058,-3.0103493672819300857451934455566444626129e-06
3059,-3.0103493449248435735092575132876291377215e-06
3060,-3.0103493611195964113971812459169541398296e-06
3061,-3.0103493629042135160990556475013590898016e-06
3062,-3.0103493449248435735092575132876291377215e-06
3063,-3.0103493611195964113971812459169541398296e-06
3064,-3.0103493629042135160990556475013590898016e-06
3065,-3.0103493594780469831348208159527146676737e-06
3066,-3.0103493672819300857451934455566444626129e-06
3067,-3.0103493449248435735092575132876291377215e-06
3068,-3.0103493611195964113971812459169541398296e-06
3069,-3.0103493629042135160990556475013590898016e-06
3070,-3.0103493449248435735092575132876291377215e-06
3071,-3.0103493611195964113971812459169541398296e-06
3072,-3.0103493629042135160990556475013590898016e-06
3073,-3.0103493594780469831348208159527146676737e-06
3074,-3.0103493672819300857451934455566444626129e-06
3075,-3.0103493449248435735092575132876291377215e-06
3076,-3.0103493611195964113971812459169541398296e-06
3077,-3.0103493629042135160990556475013590898016e-06
3078,-3.0103493449248435735092575132876291377215e-06
3079,-3.0103493611195964113971812459169541398296e-06
3080,-3.0103493629042135160990556475013590898016e-06
3081,-3.0103493449248435735092575132876291377215e-06
3082,-3.0103493611195964113971812459169541398296e-06
3083,-3.0103493629042135160990556475013590898016e-06
3084,-3.0103493594780469831348208159527146676737e-06
3085,-3.0103493672819300857451934455566444626129e-06
3086,-3.0103493449248435735092575132876291377215e-06
3087,-3.0103493611195964113971812459169541398296e-06
3088,-3.0103493629042135160990556475013590898016e-06
3089,-3.0103493449248435735092575132876291377215e-06
3090,-3.0103493611195964113971812459169541398296e-06
3091,-3.0103493629042135160990556475013590898016e-06
3092,-3.0103493594780469831348208159527146676737e-06
3093,-3.0103493672819300857451934455566444626129e-06
3094,-3.0103493449248435735092575132876291377215e-06
3095,-3.0103493611195964113971812459169541398296e-06
3096,-3.0103493629042135160990556475013590898016e-06
3097,-3.0103493449248435735092575132876291377215e-06
3098,-3.0103493611195964113971812459169541398296e-06
3099,-3.0103493629042135160990556475013590898016e-06
3100,-3.0103493449248435735092575132876291377215e-06
3101,-3.0103493611195964113971812459169541398296e-06
3102,-3.0103493629042135160990556475013590898016e-06
3103,-3.0103493594780469831348208159527146676737e-06
3104,-3.0103493672819300857451934455566444626129e-06
3105,-3.0103493449248435735092575132876291377215e-06
3106,-3.0103493611195964113971812459169541398296e-06
3107,-3.0103493629042135160990556475013590898016e-06
3108,-3.0103493449248435735092575132876291377215e-06
3109,-3.0103493611195964113971812459169541398296e-06
3110,-3.0103493629042135160990556475013590898016e-06
3111,-3.0103493594780469831348208159527146676737e-06
3112,-3.0103493672819300857451934455566444626129e-06
3113,-3.0103493766337409119908559429479311120303e-06
3114,1.3838722359637654633209540351006157845058e-14
3115,-9.2490455629746208196064151544131594203594e-16
3116,-3.0082886141419009430652067860201270832476e-06
3117,-3.0082886541048201033165306744754374790318e-06
3118,-3.0082886491799371904030599433887971372314e-06
3119,-3.0082886196140941948470436811957640088622e-06
3120,-3.0082886360304829442629485219962148789818e-06
3121,-3.0082886541048201033165306744754374790318e-06
3122,-3.0082886491799371904030599433887971372314e-06
3123,-3.0082886196140941948470436811957640088622e-06
3124,-3.0082886360304829442629485219962148789818e-06
3125,-3.0082886541048201033165306744754374790318e-06
3126,-3.0082886491799371904030599433887971372314e-06
3127,-3.0082886196140941948470436811957640088622e-06
3128,-3.0082886360304829442629485219962148789818e-06
3129,-3.0082886541048201033165306744754374790318e-06
3130,-3.0082886491799371904030599433887971372314e-06
3131,-3.0082886196140941948470436811957640088622e-06
3132,-3.0082886360304829442629485219962148789818e-06
3133,-3.0082886541048201033165306744754374790318e-06
3134,-3.0082886491799371904030599433887971372314e-06
3135,-3.0082886196140941948470436811957640088622e-06
3136,-3.0082886360304829442629485219962148789818e-06
3137,-3.0082886541048201033165306744754374790318e-06
3138,-3.0082886327472434802689834482114505931349e-06
3139,-3.0082886360304829442629485219962148789818e-06
3140,-3.0082886541048201033165306744754374790318e-06
3141,-3.0082886491799371904030599433887971372314e-06
3142,-3.0082886196140941948470436811957640088622e-06
3143,-3.0082886360304829442629485219962148789818e-06
3144,-3.0082886541048201033165306744754374790318e-06
3145,-3.0082886491799371904030599433887971372314e-06
3146,-3.0082886196140941948470436811957640088622e-06
3147,-3.0082886360304829442629485219962148789818e-06
3148,-3.0082886541048201033165306744754374790318e-06
3149,-3.0082886327472434802689834482114505931349e-06
3150,-3.0082886360304829442629485219962148789818e-06
3151,-3.0082886541048201033165306744754374790318e-06
3152,-3.0082886491799371904030599433887971372314e-06
3153,-3.0082886360467879049811201763731105529587e-06
3154,-3.0082886196140941948470436811957640088622e-06
3155,-3.0082886360304829442629485219962148789818e-06
3156,-3.0082886541048201033165306744754374790318e-06
3157,-3.0082886327472434802689834482114505931349e-06
3158,-3.0082886360304829442629485219962148789818e-06
3159,-3.0082886541048201033165306744754374790318e-06
3160,-3.0082886491799371904030599433887971372314e-06
3161,-3.0082886360467879049811201763731105529587e-06
3162,-3.0082886196140941948470436811957640088622e-06
3163,-3.0082886360304829442629485219962148789818e-06
3164,-3.0082886541048201033165306744754374790318e-06
3165,-3.0082886327472434802689834482114505931349e-06
3166,-3.0082886360304829442629485219962148789818e-06
3167,-3.0082886541048201033165306744754374790318e-06
3168,-3.0082886327472434802689834482114505931349e-06
3169,-3.0082886360304829442629485219962148789818e-06
3170,-3.0082886541048201033165306744754374790318e-06
3171,-3.0082886491799371904030599433887971372314e-06
3172,-3.0082886360467879049811201763731105529587e-06
3173,-3.0082886196140941948470436811957640088622e-06
3174,-3.0082886360304829442629485219962148789818e-06
3175,-3.0082886541048201033165306744754374790318e-06
3176,-3.0082886327472434802689834482114505931349e-06
3177,-3.0082886360304829442629485219962148789818e-06
3178,-3.0082886541048201033165306744754374790318e-06
3179,-3.0082886491799371904030599433887971372314e-06
3180,-3.0082886360467879049811201763731105529587e-06
3181,-3.0082886196140941948470436811957640088622e-06
3182,-3.0082886360304829442629485219962148789818e-06
3183,-3.0082886541048201033165306744754374790318e-06
3184,-3.0082886327472434802689834482114505931349e-06
3185,-3.0082886360304829442629485219962148789818e-06
3186,-3.0082886541048201033165306744754374790318e-06
3187,-3.0082886327472434802689834482114505931349e-06
3188,-3.0082886380636237508539709145649609922657e-06
3189,-3.0082886446302458274099870388917921104621e-06
3190,-3.0082885990935491775290916427465504057182e-06
3191,-3.0082886322162381021187889384993496832976e-06
3192,-3.0082886327472434802689834482114505931349e-06
3193,-3.0082886360304829442629485219962148789818e-06
3194,-3.0082886541048201033165306744754374790318e-06
3195,-3.0082886611245408556660797805282214767431e-06
3196,-3.0082886397831497616911413522933216313504e-06
3197,-3.0082886126960296781457458031860952019088e-06
3198,-3.0082886397831497616911413522933216313504e-06
3199,-3.0082886126960296781457458031860952019088e-06
3200,-3.0082886597639975722706488781010847333164e-06
3201,-3.0082886334901587141303115624513253578698e-06
3202,-3.0082886411511858985379837955198567556181e-06
3203,-3.0082886397831497616911413522933216313504e-06
3204,-3.0082886126960296781457458031860952019088e-06
3205,-3.0082886397831497616911413522933216313504e-06
3206,-3.0082886126960296781457458031860952019088e-06
3207,-3.0082886397831497616911413522933216313504e-06
3208,-3.0082886126960296781457458031860952019088e-06
3209,-3.0082886397831497616911413522933216313504e-06
3210,-3.0082886126960296781457458031860952019088e-06
3211,-3.0082886397831497616911413522933216313504e-06
3212,-3.0082886126960296781457458031860952019088e-06
3213,-3.0082886397831497616911413522933216313504e-06
3214,-3.0082886126960296781457458031860952019088e-06
3215,-3.0082886397831497616911413522933216313504e-06
3216,-3.0082886126960296781457458031860952019088e-06
3217,-3.0082886397831497616911413522933216313504e-06
3218,-3.0082886126960296781457458031860952019088e-06
3219,-3.0082886397831497616911413522933216313504e-06
3220,-3.0082886126960296781457458031860952019088e-06
3221,-3.0082886597639975722706488781010847333164e-06
3222,-3.0082886334901587141303115624513253578698e-06
3223,-3.0082886411511858985379837955198567556181e-06
3224,-3.0082886397831497616911413522933216313504e-06
3225,-3.0082886126960296781457458031860952019088e-06
3226,-3.0082886397831497616911413522933216313504e-06
3227,-3.0082886126960296781457458031860952019088e-06
3228,-3.0082886397831497616911413522933216313504e-06
3229,-3.0082886126960296781457458031860952019088e-06
3230,-3.0082886397831497616911413522933216313504e-06
3231,-3.0082886126960296781457458031860952019088e-06
3232,-3.0082886397831497616911413522933216313504e-06
3233,-3.0082886126960296781457458031860952019088e-06
3234,-3.0082886397831497616911413522933216313504e-06
3235,-3.0082886126960296781457458031860952019088e-06
3236,-3.0082886397831497616911413522933216313504e-06
3237,-3.0082886126960296781457458031860952019088e-06
3238,-3.0082886397831497616911413522933216313504e-06
3239,-3.0082886126960296781457458031860952019088e-06
3240,-3.0082886397831497616911413522933216313504e-06
3241,-3.0082886126960296781457458031860952019088e-06
3242,-3.0082886597639975722706488781010847333164e-06
3243,-3.0082886334901587141303115624513253578698e-06
3244,-3.0082886411511858985379837955198567556181e-06
3245,-3.0082886397831497616911413522933216313504e-06
3246,-3.0082886126960296781457458031860952019088e-06
3247,-3.0082886397831497616911413522933216313504e-06
3248,-3.0082886126960296781457458031860952019088e-06
3249,-3.0082886397831497616911413522933216313504e-06
3250,-3.0082886126960296781457458031860952019088e-06
3251,-3.0082886397831497616911413522933216313504e-06
3252,-3.0082886126960296781457458031860952019088e-06
3253,-3.0082886397831497616911413522933216313504e-06
3254,-3.0082886126960296781457458031860952019088e-06
3255,-3.0082886397831497616911413522933216313504e-06
3256,-3.0082886021194621497295684092732059866648e-06
3257,-3.0082886305583854072041513627588926738099e-06
3258,-3.0082886360304829442629485219962148789818e-06
3259,-3.0082886541048201033165306744754374790318e-06
3260,-3.0082886491799371904030599433887971372314e-06
3261,-3.0082886196140941948470436811957640088622e-06
3262,-3.0082886360304829442629485219962148789818e-06
3263,-3.0082886541048201033165306744754374790318e-06
3264,-3.0082886327472434802689834482114505931349e-06
3265,-3.0082886360304829442629485219962148789818e-06
3266,-3.0082886541048201033165306744754374790318e-06
3267,-3.0082886491799371904030599433887971372314e-06
3268,-3.0082886196140941948470436811957640088622e-06
3269,-3.0082886360304829442629485219962148789818e-06
3270,-3.0082886541048201033165306744754374790318e-06
3271,-3.0082886491799371904030599433887971372314e-06
3272,-3.0082886196140941948470436811957640088622e-06
3273,-3.0082886360304829442629485219962148789818e-06
3274,-3.0082886541048201033165306744754374790318e-06
3275,-3.0082886491799371904030599433887971372314e-06
3276,-3.0082886196140941948470436811957640088622e-06
3277,-3.0082886360304829442629485219962148789818e-06
3278,-3.0082886541048201033165306744754374790318e-06
3279,-3.0082886491799371904030599433887971372314e-06
3280,-3.0082886196140941948470436811957640088622e-06
3281,-3.0082886360304829442629485219962148789818e-06
3282,-3.0082886541048201033165306744754374790318e-06
3283,-3.0082886491799371904030599433887971372314e-06
3284,-3.0082886196140941948470436811957640088622e-06
3285,-3.0082886360304829442629485219962148789818e-06
3286,-3.0082886541048201033165306744754374790318e-06
3287,-3.0082886327472434802689834482114505931349e-06
3288,-3.0082886360304829442629485219962148789818e-06
3289,-3.0082886541048201033165306744754374790318e-06
3290,-3.0082886491799371904030599433887971372314e-06
3291,-3.0082886196140941948470436811957640088622e-06
3292,-3.0082886360304829442629485219962148789818e-06
3293,-3.0082886541048201033165306744754374790318e-06
3294,-3.0082886491799371904030599433887971372314e-06
3295,-3.0082886196140941948470436811957640088622e-06
3296,-3.0082886360304829442629485219962148789818e-06
3297,-3.0082886541048201033165306744754374790318e-06
3298,-3.0082886491799371904030599433887971372314e-06
3299,-3.0082886196140941948470436811957640088622e-06
3300,-3.0082886360304829442629485219962148789818e-06
3301,-3.0082886541048201033165306744754374790318e-06
3302,-3.0082886491799371904030599433887971372314e-06
3303,-3.0082886196140941948470436811957640088622e-06
3304,-3.0082886360304829442629485219962148789818e-06
3305,-3.0082886541048201033165306744754374790318e-06
3306,-3.0082886327472434802689834482114505931349e-06
3307,-3.0082886360304829442629485219962148789818e-06
3308,-3.0082886541048201033165306744754374790318e-06
3309,-3.0082886491799371904030599433887971372314e-06
3310,-3.0082886196140941948470436811957640088622e-06
3311,-3.0082886360304829442629485219962148789818e-06
3312,-3.0082886541048201033165306744754374790318e-06
3313,-3.0082886491799371904030599433887971372314e-06
3314,-3.0082886196140941948470436811957640088622e-06
3315,-3.0082886360304829442629485219962148789818e-06
3316,-3.0082886541048201033165306744754374790318e-06
3317,-3.0082886491799371904030599433887971372314e-06
3318,-3.0082886196140941948470436811957640088622e-06
3319,-3.0082886360304829442629485219962148789818e-06
3320,-3.0082886541048201033165306744754374790318e-06
3321,-3.0082886491799371904030599433887971372314e-06
3322,-3.0082886196140941948470436811957640088622e-06
3323,-3.0082886360304829442629485219962148789818e-06
3324,-3.0082886541048201033165306744754374790318e-06
3325,-3.0082886491799371904030599433887971372314e-06
3326,-3.0082886196140941948470436811957640088622e-06
3327,-3.0082886360304829442629485219962148789818e-06
3328,-3.0082886541048201033165306744754374790318e-06
3329,-3.0082886327472434802689834482114505931349e-06
3330,-3.0082886360304829442629485219962148789818e-06
3331,-3.0082886541048201033165306744754374790318e-06
3332,-3.0082886491799371904030599433887971372314e-06
3333,-3.0082886196140941948470436811957640088622e-06
3334,-3.0082886360304829442629485219962148789818e-06
3335,-3.0082886541048201033165306744754374790318e-06
3336,-3.0082886491799371904030599433887971372314e-06
3337,-3.0082886196140941948470436811957640088622e-06
3338,-3.0082886360304829442629485219962148789818e-06
3339,-3.0082886541048201033165306744754374790318e-06
3340,-3.0082886491799371904030599433887971372314e-06
3341,-3.0082886196140941948470436811957640088622e-06
3342,-3.0082886360304829442629485219962148789818e-06
3343,-3.0082886541048201033165306744754374790318e-06
3344,-3.0082886491799371904030599433887971372314e-06
3345,-3.0082886196140941948470436811957640088622e-06
3346,-3.0082886360304829442629485219962148789818e-06
3347,-3.0082886541048201033165306744754374790318e-06
3348,-3.0082886327472434802689834482114505931349e-06
3349,-3.0082886360304829442629485219962148789818e-06
3350,-3.0082886541048201033165306744754374790318e-06
3351,-3.0082886491799371904030599433887971372314e-06
3352,-3.0082886196140941948470436811957640088622e-06
3353,-3.0082886360304829442629485219962148789818e-06
3354,-3.0082886541048201033165306744754374790318e-06
3355,-3.0082886491799371904030599433887971372314e-06
3356,-3.0082886196140941948470436811957640088622e-06
3357,-3.0082886360304829442629485219962148789818e-06
3358,-3.0082886541048201033165306744754374790318e-06
3359,-3.0082886491799371904030599433887971372314e-06
3360,-3.0082886196140941948470436811957640088622e-06
3361,-3.0082886360304829442629485219962148789818e-06
3362,-3.0082886541048201033165306744754374790318e-06
3363,-3.0082886491799371904030599433887971372314e-06
3364,-3.0082886196140941948470436811957640088622e-06
3365,-3.0082886360304829442629485219962148789818e-06
3366,-3.0082886541048201033165306744754374790318e-06
3367,-3.0082886491799371904030599433887971372314e-06
3368,-3.0082886196140941948470436811957640088622e-06
3369,-3.0082886360304829442629485219962148789818e-06
3370,-3.0082886541048201033165306744754374790318e-06
3371,-3.0082886327472434802689834482114505931349e-06
3372,-3.0082886360304829442629485219962148789818e-06
3373,-3.0082886541048201033165306744754374790318e-06
3374,-3.0082886491799371904030599433887971372314e-06
3375,-3.0082886196140941948470436811957640088622e-06
3376,-3.0082886360304829442629485219962148789818e-06
3377,-3.0082886541048201033165306744754374790318e-06
3378,-3.0082886491799371904030599433887971372314e-06
3379,-3.0082886196140941948470436811957640088622e-06
3380,-3.0082886360304829442629485219962148789818e-06
3381,-3.0082886541048201033165306744754374790318e-06
3382,-3.0082886491799371904030599433887971372314e-06
3383,-3.0082886196140941948470436811957640088622e-06
3384,-3.0082886360304829442629485219962148789818e-06
3385,-3.0082886541048201033165306744754374790318e-06
3386,-3.0082886491799371904030599433887971372314e-06
3387,-3.0082886196140941948470436811957640088622e-06
3388,-3.0082886360304829442629485219962148789818e-06
3389,-3.0082886541048201033165306744754374790318e-06
3390,-3.0082886491799371904030599433887971372314e-06
3391,-3.0082886196140941948470436811957640088622e-06
3392,-3.0082886360304829442629485219962148789818e-06
3393,-3.0082886541048201033165306744754374790318e-06
3394,-3.0082886327472434802689834482114505931349e-06
3395,-3.0082886360304829442629485219962148789818e-06
3396,-3.0082886541048201033165306744754374790318e-06
3397,-3.0082886491799371904030599433887971372314e-06
3398,-3.0082886196140941948470436811957640088622e-06
3399,-3.0082886380636237508539709145649609922657e-06
3400,-3.0082886446302458274099870388917921104621e-06
3401,-3.0082886314645827587912173262107984328395e-06
3402,-3.0082886131653138830118875829411351219278e-06
3403,-3.0082886139862311104364433339553031032665e-06
3404,-3.0082886314645827587912173262107984328395e-06
3405,-3.0082886131653138830118875829411351219278e-06
3406,-3.0082886139862311104364433339553031032665e-06
3407,-3.0082885970225807265466394513353520778765e-06
3408,-3.0082886402525296812803228679866762718120e-06
3409,-3.0082886314645827587912173262107984328395e-06
3410,-3.0082886131653138830118875829411351219278e-06
3411,-3.0082886139862311104364433339553031032665e-06
3412,-3.0082886314645827587912173262107984328395e-06
3413,-3.0082886131653138830118875829411351219278e-06
3414,-3.0082886139862311104364433339553031032665e-06
3415,-3.0082886314645827587912173262107984328395e-06
3416,-3.0082886131653138830118875829411351219278e-06
3417,-3.0082886139862311104364433339553031032665e-06
3418,-3.0082885970225807265466394513353520778765e-06
3419,-3.0082886402525296812803228679866762718120e-06
3420,-3.0082886314645827587912173262107984328395e-06
3421,-3.0082886131653138830118875829411351219278e-06
3422,-3.0082886139862311104364433339553031032665e-06
3423,-3.0082886314645827587912173262107984328395e-06
3424,-3.0082886131653138830118875829411351219278e-06
3425,-3.0082886139862311104364433339553031032665e-06
3426,-3.0082885970225807265466394513353520778765e-06
3427,-3.0082886402525296812803228679866762718120e-06
3428,-3.0082886314645827587912173262107984328395e-06
3429,-3.0082886131653138830118875829411351219278e-06
3430,-3.0082886139862311104364433339553031032665e-06
3431,-3.0082886314645827587912173262107984328395e-06
3432,-3.0082886131653138830118875829411351219278e-06
3433,-3.0082886139862311104364433339553031032665e-06
3434,-3.0082886314645827587912173262107984328395e-06
3435,-3.0082886131653138830118875829411351219278e-06
3436,-3.0082886139862311104364433339553031032665e-06
3437,-3.0082885970225807265466394513353520778765e-06
3438,-3.0082886402525296812803228679866762718120e-06
3439,-3.0082886314645827587912173262107984328395e-06
3440,-3.0082886131653138830118875829411351219278e-06
3441,-3.0082886139862311104364433339553031032665e-06
3442,-3.0082886314645827587912173262107984328395e-06
3443,-3.0082886131653138830118875829411351219278e-06
3444,-3.0082886139862311104364433339553031032665e-06
3445,-3.0082885970225807265466394513353520778765e-06
3446,-3.0082886402525296812803228679866762718120e-06
3447,-3.0082886314645827587912173262107984328395e-06
3448,-3.0082886131653138830118875829411351219278e-06
3449,-3.0082886139862311104364433339553031032665e-06
3450,-3.0082886314645827587912173262107984328395e-06
3451,-3.0082886131653138830118875829411351219278e-06
3452,-3.0082886139862311104364433339553031032665e-06
3453,-3.0082885970225807265466394513353520778765e-06
3454,-3.0082886402525296812803228679866762718120e-06
3455,-3.0082886314645827587912173262107984328395e-06
3456,-3.0082886131653138830118875829411351219278e-06
3457,-3.0082886139862311104364433339553031032665e-06
3458,-3.0082886314645827587912173262107984328395e-06
3459,-3.0082886131653138830118875829411351219278e-06
3460,-3.0082886139862311104364433339553031032665e-06
3461,-3.0082886314645827587912173262107984328395e-06
3462,-3.0082886131653138830118875829411351219278e-06
3463,-3.0082886139862311104364433339553031032665e-06
3464,-3.0082885970225807265466394513353520778765e-06
3465,-3.0082886402525296812803228679866762718120e-06
3466,-3.0082886314645827587912173262107984328395e-06
3467,-3.0082886131653138830118875829411351219278e-06
3468,-3.0082886139862311104364433339553031032665e-06
3469,-3.0082886314645827587912173262107984328395e-06
3470,-3.0082886131653138830118875829411351219278e-06
3471,-3.0082886139862311104364433339553031032665e-06
3472,-3.0082885970225807265466394513353520778765e-06
3473,-3.0082886402525296812803228679866762718120e-06
3474,-3.0082886314645827587912173262107984328395e-06
3475,-3.0082886131653138830118875829411351219278e-06
3476,-3.0082886139862311104364433339553031032665e-06
3477,-3.0082886314645827587912173262107984328395e-06
3478,-3.0082886131653138830118875829411351219278e-06
3479,-3.0082886139862311104364433339553031032665e-06
3480,-3.0082886314645827587912173262107984328395e-06
3481,-3.0082886131653138830118875829411351219278e-06
3482,-3.0082886139862311104364433339553031032665e-06
3483,-3.0082885970225807265466394513353520778765e-06
3484,-3.0082886402525296812803228679866762718120e-06
3485,-3.0082886314645827587912173262107984328395e-06
3486,-3.0082886131653138830118875829411351219278e-06
3487,-3.0082886139862311104364433339553031032665e-06
3488,-3.0082886314645827587912173262107984328395e-06
3489,-3.0082886131653138830118875829411351219278e-06
3490,-3.0082886139862311104364433339553031032665e-06
3491,-3.0082885970225807265466394513353520778765e-06
3492,-3.0082886402525296812803228679866762718120e-06
3493,-3.0082886314645827587912173262107984328395e-06
3494,-3.0082886131653138830118875829411351219278e-06
3495,-3.0082886139862311104364433339553031032665e-06
3496,-3.0082886314645827587912173262107984328395e-06
3497,-3.0082886131653138830118875829411351219278e-06
3498,-3.0082886139862311104364433339553031032665e-06
3499,-3.0082886314645827587912173262107984328395e-06
3500,-3.0082886131653138830118875829411351219278e-06
3501,-3.0082886139862311104364433339553031032665e-06
3502,-3.0082885970225807265466394513353520778765e-06
3503,-3.0082886402525296812803228679866762718120e-06
3504,-3.0082886314645827587912173262107984328395e-06
3505,-3.0082886131653138830118875829411351219278e-06
3506,-3.0082886139862311104364433339553031032665e-06
3507,-3.0082886314645827587912173262107984328395e-06
3508,-3.0082886131653138830118875829411351219278e-06
3509,-3.0082886139862311104364433339553031032665e-06
3510,-3.0082885970225807265466394513353520778765e-06
3511,-3.0082886402525296812803228679866762718120e-06
3512,-3.0082886314645827587912173262107984328395e-06
3513,-3.0082886131653138830118875829411351219278e-06
3514,-3.0082886139862311104364433339553031032665e-06
3515,-3.0082886314645827587912173262107984328395e-06
3516,-3.0082886131653138830118875829411351219278e-06
3517,-3.0082886139862311104364433339553031032665e-06
3518,-3.0082885970225807265466394513353520778765e-06
3519,-3.0082886402525296812803228679866762718120e-06
3520,-3.0082886314645827587912173262107984328395e-06
3521,-3.0082886131653138830118875829411351219278e-06
3522,-3.0082886139862311104364433339553031032665e-06
3523,-3.0082886314645827587912173262107984328395e-06
3524,-3.0082886131653138830118875829411351219278e-06
3525,-3.0082886139862311104364433339553031032665e-06
3526,-3.0082886314645827587912173262107984328395e-06
3527,-3.0082886131653138830118875829411351219278e-06
3528,-3.0082886139862311104364433339553031032665e-06
3529,-3.0082885970225807265466394513353520778765e-06
3530,-3.0082886402525296812803228679866762718120e-06
3531,-3.0082886314645827587912173262107984328395e-06
3532,-3.0082886131653138830118875829411351219278e-06
3533,-3.0082886139862311104364433339553031032665e-06
3534,-3.0082886314645827587912173262107984328395e-06
3535,-3.0082886131653138830118875829411351219278e-06
3536,-3.0082886139862311104364433339553031032665e-06
3537,-3.0082885970225807265466394513353520778765e-06
3538,-3.0082886402525296812803228679866762718120e-06
3539,-3.0082886314645827587912173262107984328395e-06
3540,-3.0082886131653138830118875829411351219278e-06
3541,-3.0082886139862311104364433339553031032665e-06
3542,-3.0082886314645827587912173262107984328395e-06
3543,-3.0082886131653138830118875829411351219278e-06
3544,-3.0082886139862311104364433339553031032665e-06
3545,-3.0082886314645827587912173262107984328395e-06
3546,-3.0082886131653138830118875829411351219278e-06
3547,-3.0082886139862311104364433339553031032665e-06
3548,-3.0082885970225807265466394513353520778765e-06
3549,-3.0082886402525296812803228679866762718120e-06
3550,-3.0082886314645827587912173262107984328395e-06
3551,-3.0082886131653138830118875829411351219278e-06
3552,-3.0082886139862311104364433339553031032665e-06
3553,-3.0082886314645827587912173262107984328395e-06
3554,-3.0082886131653138830118875829411351219278e-06
3555,-3.0082886139862311104364433339553031032665e-06
3556,-3.0082885970225807265466394513353520778765e-06
3557,-3.0082886402525296812803228679866762718120e-06
3558,-3.0082886050942020499381502479652183978942e-06
3559,5.4229808575961194074635072101487956636968e-15
3560,-4.7962423527728511929024547716849850793929e-15
3561,-3.0064764913010510625698823439222451270325e-06
3562,-3.0064764998896716508122641670075481101776e-06
3563,-3.0064764760858858989509261733230616187029e-06
3564,-3.0064764743324984754978441980899361851698e-06
3565,-3.0064764825456183467940803749618439155711e-06
3566,-3.0064764998896716508122641670075481101776e-06
3567,-3.0064764760858858989509261733230616187029e-06
3568,-3.0064764743324984754978441980899361851698e-06
3569,-3.0064764825456183467940803749618439155711e-06
3570,-3.0064764998896716508122641670075481101776e-06
3571,-3.0064764760858858989509261733230616187029e-06
3572,-3.0064764743324984754978441980899361851698e-06
3573,-3.0064764825456183467940803749618439155711e-06
3574,-3.0064764998896716508122641670075481101776e-06
3575,-3.0064764760858858989509261733230616187029e-06
3576,-3.0064764743324984754978441980899361851698e-06
3577,-3.0064764825456183467940803749618439155711e-06
3578,-3.0064764998896716508122641670075481101776e-06
3579,-3.0064764760858858989509261733230616187029e-06
3580,-3.0064764743324984754978441980899361851698e-06
3581,-3.0064764825456183467940803749618439155711e-06
3582,-3.0064764998896716508122641670075481101776e-06
3583,-3.0064764677659242563033479417322624271947e-06
3584,-3.0064764825456183467940803749618439155711e-06
3585,-3.0064764998896716508122641670075481101776e-06
3586,-3.0064764760858858989509261733230616187029e-06
3587,-3.0064764743324984754978441980899361851698e-06
3588,-3.0064764825456183467940803749618439155711e-06
3589,-3.0064764998896716508122641670075481101776e-06
3590,-3.0064764760858858989509261733230616187029e-06
3591,-3.0064764743324984754978441980899361851698e-06
3592,-3.0064764825456183467940803749618439155711e-06
3593,-3.0064764998896716508122641670075481101776e-06
3594,-3.0064764677659242563033479417322624271947e-06
3595,-3.0064764825456183467940803749618439155711e-06
3596,-3.0064764998896716508122641670075481101776e-06
3597,-3.0064764760858858989509261733230616187029e-06
3598,-3.0064764892190351843728659403387482029757e-06
3599,-3.0064764743324984754978441980899361851698e-06
3600,-3.0064764825456183467940803749618439155711e-06
3601,-3.0064764998896716508122641670075481101776e-06
3602,-3.0064764677659242563033479417322624271947e-06
3603,-3.0064764825456183467940803749618439155711e-06
3604,-3.0064764998896716508122641670075481101776e-06
3605,-3.0064764760858858989509261733230616187029e-06
3606,-3.0064764892190351843728659403387482029757e-06
3607,-3.0064764743324984754978441980899361851698e-06
3608,-3.0064764825456183467940803749618439155711e-06
3609,-3.0064764998896716508122641670075481101776e-06
3610,-3.0064764677659242563033479417322624271947e-06
3611,-3.0064764825456183467940803749618439155711e-06
3612,-3.0064764998896716508122641670075481101776e-06
3613,-3.0064764677659242563033479417322624271947e-06
3614,-3.0064764825456183467940803749618439155711e-06
3615,-3.0064764998896716508122641670075481101776e-06
3616,-3.0064764760858858989509261733230616187029e-06
3617,-3.0064764892190351843728659403387482029757e-06
3618,-3.0064764743324984754978441980899361851698e-06
3619,-3.0064764825456183467940803749618439155711e-06
3620,-3.0064764998896716508122641670075481101776e-06
3621,-3.0064764677659242563033479417322624271947e-06
3622,-3.0064764825456183467940803749618439155711e-06
3623,-3.0064764998896716508122641670075481101776e-06
3624,-3.0064764760858858989509261733230616187029e-06
3625,-3.0064764892190351843728659403387482029757e-06
3626,-3.0064764743324984754978441980899361851698e-06
3627,-3.0064764825456183467940803749618439155711e-06
3628,-3.0064764998896716508122641670075481101776e-06
3629,-3.0064764677659242563033479417322624271947e-06
3630,-3.0064764825456183467940803749618439155711e-06
3631,-3.0064764998896716508122641670075481101776e-06
3632,-3.0064764677659242563033479417322624271947e-06
3633,-3.0064764949746380370094664402635942224151e-06
3634,-3.0064764782648480860929862679142843262525e-06
3635,-3.0064764921219200091164445998170862139887e-06
3636,-3.0064764933230970081012942834997048180412e-06
3637,-3.0064764677659242563033479417322624271947e-06
3638,-3.0064764825456183467940803749618439155711e-06
3639,-3.0064764998896716508122641670075481101776e-06
3640,-3.0064764700106543166349681861504450353095e-06
3641,-3.0064764965505369061454614409978347566721e-06
3642,-3.0064765096836853445344539537131822726224e-06
3643,-3.0064764987393949792102935264503926759971e-06
3644,-3.0064765096836853445344539537131822726224e-06
3645,-3.0064764912911784700531598463202342941258e-06
3646,-3.0064765042115166567080874332473783283604e-06
3647,-3.0064765053059691984047897828080664339723e-06
3648,-3.0064764987393949792102935264503926759971e-06
3649,-3.0064765096836853445344539537131822726224e-06
3650,-3.0064764987393949792102935264503926759971e-06
3651,-3.0064765096836853445344539537131822726224e-06
3652,-3.0064764987393949792102935264503926759971e-06
3653,-3.0064765096836853445344539537131822726224e-06
3654,-3.0064764987393949792102935264503926759971e-06
3655,-3.0064765096836853445344539537131822726224e-06
3656,-3.0064764987393949792102935264503926759971e-06
3657,-3.0064765096836853445344539537131822726224e-06
3658,-3.0064764987393949792102935264503926759971e-06
3659,-3.0064765096836853445344539537131822726224e-06
3660,-3.0064764987393949792102935264503926759971e-06
3661,-3.0064765096836853445344539537131822726224e-06
3662,-3.0064764987393949792102935264503926759971e-06
3663,-3.0064765096836853445344539537131822726224e-06
3664,-3.0064764987393949792102935264503926759971e-06
3665,-3.0064765096836853445344539537131822726224e-06
3666,-3.0064764912911784700531598463202342941258e-06
3667,-3.0064765042115166567080874332473783283604e-06
3668,-3.0064765053059691984047897828080664339723e-06
3669,-3.0064764987393949792102935264503926759971e-06
3670,-3.0064765096836853445344539537131822726224e-06
3671,-3.0064764987393949792102935264503926759971e-06
3672,-3.0064765096836853445344539537131822726224e-06
3673,-3.0064764987393949792102935264503926759971e-06
3674,-3.0064765096836853445344539537131822726224e-06
3675,-3.0064764987393949792102935264503926759971e-06
3676,-3.0064765096836853445344539537131822726224e-06
3677,-3.0064764987393949792102935264503926759971e-06
3678,-3.0064765096836853445344539537131822726224e-06
3679,-3.0064764987393949792102935264503926759971e-06
3680,-3.0064765096836853445344539537131822726224e-06
3681,-3.0064764987393949792102935264503926759971e-06
3682,-3.0064765096836853445344539537131822726224e-06
3683,-3.0064764987393949792102935264503926759971e-06
3684,-3.0064765096836853445344539537131822726224e-06
3685,-3.0064764987393949792102935264503926759971e-06
3686,-3.0064765096836853445344539537131822726224e-06
3687,-3.0064764912911784700531598463202342941258e-06
3688,-3.0064765042115166567080874332473783283604e-06
3689,-3.0064765053059691984047897828080664339723e-06
3690,-3.0064764987393949792102935264503926759971e-06
3691,-3.0064765096836853445344539537131822726224e-06
3692,-3.0064764987393949792102935264503926759971e-06
3693,-3.0064765096836853445344539537131822726224e-06
3694,-3.0064764987393949792102935264503926759971e-06
3695,-3.0064765096836853445344539537131822726224e-06
3696,-3.0064764987393949792102935264503926759971e-06
3697,-3.0064765096836853445344539537131822726224e-06
3698,-3.0064764987393949792102935264503926759971e-06
3699,-3.0064765096836853445344539537131822726224e-06
3700,-3.0064764987393949792102935264503926759971e-06
3701,-3.0064765119284154048660741981313648807372e-06
3702,-3.0064764940322224036307538486134660615789e-06
3703,-3.0064764825456183467940803749618439155711e-06
3704,-3.0064764998896716508122641670075481101776e-06
3705,-3.0064764760858858989509261733230616187029e-06
3706,-3.0064764743324984754978441980899361851698e-06
3707,-3.0064764825456183467940803749618439155711e-06
3708,-3.0064764998896716508122641670075481101776e-06
3709,-3.0064764677659242563033479417322624271947e-06
3710,-3.0064764825456183467940803749618439155711e-06
3711,-3.0064764998896716508122641670075481101776e-06
3712,-3.0064764760858858989509261733230616187029e-06
3713,-3.0064764743324984754978441980899361851698e-06
3714,-3.0064764825456183467940803749618439155711e-06
3715,-3.0064764998896716508122641670075481101776e-06
3716,-3.0064764760858858989509261733230616187029e-06
3717,-3.0064764743324984754978441980899361851698e-06
3718,-3.0064764825456183467940803749618439155711e-06
3719,-3.0064764998896716508122641670075481101776e-06
3720,-3.0064764760858858989509261733230616187029e-06
3721,-3.0064764743324984754978441980899361851698e-06
3722,-3.0064764825456183467940803749618439155711e-06
3723,-3.0064764998896716508122641670075481101776e-06
3724,-3.0064764760858858989509261733230616187029e-06
3725,-3.0064764743324984754978441980899361851698e-06
3726,-3.0064764825456183467940803749618439155711e-06
3727,-3.0064764998896716508122641670075481101776e-06
3728,-3.0064764760858858989509261733230616187029e-06
3729,-3.0064764743324984754978441980899361851698e-06
3730,-3.0064764825456183467940803749618439155711e-06
3731,-3.0064764998896716508122641670075481101776e-06
3732,-3.0064764677659242563033479417322624271947e-06
3733,-3.0064764825456183467940803749618439155711e-06
3734,-3.0064764998896716508122641670075481101776e-06
3735,-3.0064764760858858989509261733230616187029e-06
3736,-3.0064764743324984754978441980899361851698e-06
3737,-3.0064764825456183467940803749618439155711e-06
3738,-3.0064764998896716508122641670075481101776e-06
3739,-3.0064764760858858989509261733230616187029e-06
3740,-3.0064764743324984754978441980899361851698e-06
3741,-3.0064764825456183467940803749618439155711e-06
3742,-3.0064764998896716508122641670075481101776e-06
3743,-3.0064764760858858989509261733230616187029e-06
3744,-3.0064764743324984754978441980899361851698e-06
3745,-3.0064764825456183467940803749618439155711e-06
3746,-3.0064764998896716508122641670075481101776e-06
3747,-3.0064764760858858989509261733230616187029e-06
3748,-3.0064764743324984754978441980899361851698e-06
3749,-3.0064764825456183467940803749618439155711e-06
3750,-3.0064764998896716508122641670075481101776e-06
3751,-3.0064764677659242563033479417322624271947e-06
3752,-3.0064764825456183467940803749618439155711e-06
3753,-3.0064764998896716508122641670075481101776e-06
3754,-3.0064764760858858989509261733230616187029e-06
3755,-3.0064764743324984754978441980899361851698e-06
3756,-3.0064764825456183467940803749618439155711e-06
3757,-3.0064764998896716508122641670075481101776e-06
3758,-3.0064764760858858989509261733230616187029e-06
3759,-3.0064764743324984754978441980899361851698e-06
3760,-3.0064764825456183467940803749618439155711e-06
3761,-3.0064764998896716508122641670075481101776e-06
3762,-3.0064764760858858989509261733230616187029e-06
3763,-3.0064764743324984754978441980899361851698e-06
3764,-3.0064764825456183467940803749618439155711e-06
3765,-3.0064764998896716508122641670075481101776e-06
3766,-3.0064764760858858989509261733230616187029e-06
3767,-3.0064764743324984754978441980899361851698e-06
3768,-3.0064764825456183467940803749618439155711e-06
3769,-3.0064764998896716508122641670075481101776e-06
3770,-3.0064764760858858989509261733230616187029e-06
3771,-3.0064764743324984754978441980899361851698e-06
3772,-3.0064764825456183467940803749618439155711e-06
3773,-3.0064764998896716508122641670075481101776e-06
3774,-3.0064764677659242563033479417322624271947e-06
3775,-3.0064764825456183467940803749618439155711e-06
3776,-3.0064764998896716508122641670075481101776e-06
3777,-3.0064764760858858989509261733230616187029e-06
3778,-3.0064764743324984754978441980899361851698e-06
3779,-3.0064764825456183467940803749618439155711e-06
3780,-3.0064764998896716508122641670075481101776e-06
3781,-3.0064764760858858989509261733230616187029e-06
3782,-3.0064764743324984754978441980899361851698e-06
3783,-3.0064764825456183467940803749618439155711e-06
3784,-3.0064764998896716508122641670075481101776e-06
3785,-3.0064764760858858989509261733230616187029e-06
3786,-3.0064764743324984754978441980899361851698e-06
3787,-3.0064764825456183467940803749618439155711e-06
3788,-3.0064764998896716508122641670075481101776e-06
3789,-3.0064764760858858989509261733230616187029e-06
3790,-3.0064764743324984754978441980899361851698e-06
3791,-3.0064764825456183467940803749618439155711e-06
3792,-3.0064764998896716508122641670075481101776e-06
3793,-3.0064764677659242563033479417322624271947e-06
3794,-3.0064764825456183467940803749618439155711e-06
3795,-3.0064764998896716508122641670075481101776e-06
3796,-3.0064764760858858989509261733230616187029e-06
3797,-3.0064764743324984754978441980899361851698e-06
3798,-3.0064764825456183467940803749618439155711e-06
3799,-3.0064764998896716508122641670075481101776e-06
3800,-3.0064764760858858989509261733230616187029e-06
3801,-3.0064764743324984754978441980899361851698e-06
3802,-3.0064764825456183467940803749618439155711e-06
3803,-3.0064764998896716508122641670075481101776e-06
3804,-3.0064764760858858989509261733230616187029e-06
3805,-3.0064764743324984754978441980899361851698e-06
3806,-3.0064764825456183467940803749618439155711e-06
3807,-3.0064764998896716508122641670075481101776e-06
3808,-3.0064764760858858989509261733230616187029e-06
3809,-3.0064764743324984754978441980899361851698e-06
3810,-3.0064764825456183467940803749618439155711e-06
3811,-3.0064764998896716508122641670075481101776e-06
3812,-3.0064764760858858989509261733230616187029e-06
3813,-3.0064764743324984754978441980899361851698e-06
3814,-3.0064764825456183467940803749618439155711e-06
3815,-3.0064764998896716508122641670075481101776e-06
3816,-3.0064764677659242563033479417322624271947e-06
3817,-3.0064764825456183467940803749618439155711e-06
3818,-3.0064764998896716508122641670075481101776e-06
3819,-3.0064764760858858989509261733230616187029e-06
3820,-3.0064764743324984754978441980899361851698e-06
3821,-3.0064764825456183467940803749618439155711e-06
3822,-3.0064764998896716508122641670075481101776e-06
3823,-3.0064764760858858989509261733230616187029e-06
3824,-3.0064764743324984754978441980899361851698e-06
3825,-3.0064764825456183467940803749618439155711e-06
3826,-3.0064764998896716508122641670075481101776e-06
3827,-3.0064764760858858989509261733230616187029e-06
3828,-3.0064764743324984754978441980899361851698e-06
3829,-3.0064764825456183467940803749618439155711e-06
3830,-3.0064764998896716508122641670075481101776e-06
3831,-3.0064764760858858989509261733230616187029e-06
3832,-3.0064764743324984754978441980899361851698e-06
3833,-3.0064764825456183467940803749618439155711e-06
3834,-3.0064764998896716508122641670075481101776e-06
3835,-3.0064764760858858989509261733230616187029e-06
3836,-3.0064764743324984754978441980899361851698e-06
3837,-3.0064764825456183467940803749618439155711e-06
3838,-3.0064764998896716508122641670075481101776e-06
3839,-3.0064764677659242563033479417322624271947e-06
3840,-3.0064764825456183467940803749618439155711e-06
3841,-3.0064764998896716508122641670075481101776e-06
3842,-3.0064764760858858989509261733230616187029e-06
3843,-3.0064764743324984754978441980899361851698e-06
3844,-3.0064764949746380370094664402635942224151e-06
3845,-3.0064764782648480860929862679142843262525e-06
3846,-3.0064765032231266160512531820936388271548e-06
3847,-3.0064764758220812991768369770717583833175e-06
3848,-3.0064764760759895895116805553115568727662e-06
3849,-3.0064765032231266160512531820936388271548e-06
3850,-3.0064764758220812991768369770717583833175e-06
3851,-3.0064764760759895895116805553115568727662e-06
3852,-3.0064765056453693711389571485703697817371e-06
3853,-3.0064764782648480860929862679142843262525e-06
3854,-3.0064765032231266160512531820936388271548e-06
3855,-3.0064764758220812991768369770717583833175e-06
3856,-3.0064764760759895895116805553115568727662e-06
3857,-3.0064765032231266160512531820936388271548e-06
3858,-3.0064764758220812991768369770717583833175e-06
3859,-3.0064764760759895895116805553115568727662e-06
3860,-3.0064765032231266160512531820936388271548e-06
3861,-3.0064764758220812991768369770717583833175e-06
3862,-3.0064764760759895895116805553115568727662e-06
3863,-3.0064765056453693711389571485703697817371e-06
3864,-3.0064764782648480860929862679142843262525e-06
3865,-3.0064765032231266160512531820936388271548e-06
3866,-3.0064764758220812991768369770717583833175e-06
3867,-3.0064764760759895895116805553115568727662e-06
3868,-3.0064765032231266160512531820936388271548e-06
3869,-3.0064764758220812991768369770717583833175e-06
3870,-3.0064764760759895895116805553115568727662e-06
3871,-3.0064765056453693711389571485703697817371e-06
3872,-3.0064764782648480860929862679142843262525e-06
3873,-3.0064765032231266160512531820936388271548e-06
3874,-3.0064764758220812991768369770717583833175e-06
3875,-3.0064764760759895895116805553115568727662e-06
3876,-3.0064765032231266160512531820936388271548e-06
3877,-3.0064764758220812991768369770717583833175e-06
3878,-3.0064764760759895895116805553115568727662e-06
3879,-3.0064765032231266160512531820936388271548e-06
3880,-3.0064764758220812991768369770717583833175e-06
3881,-3.0064764760759895895116805553115568727662e-06
3882,-3.0064765056453693711389571485703697817371e-06
3883,-3.0064764782648480860929862679142843262525e-06
3884,-3.0064765032231266160512531820936388271548e-06
3885,-3.0064764758220812991768369770717583833175e-06
3886,-3.0064764760759895895116805553115568727662e-06
3887,-3.0064765032231266160512531820936388271548e-06
3888,-3.0064764758220812991768369770717583833175e-06
3889,-3.0064764760759895895116805553115568727662e-06
3890,-3.0064765056453693711389571485703697817371e-06
3891,-3.0064764782648480860929862679142843262525e-06
3892,-3.0064765032231266160512531820936388271548e-06
3893,-3.0064764758220812991768369770717583833175e-06
3894,-3.0064764760759895895116805553115568727662e-06
3895,-3.0064765032231266160512531820936388271548e-06
3896,-3.0064764758220812991768369770717583833175e-06
3897,-3.0064764760759895895116805553115568727662e-06
3898,-3.0064765056453693711389571485703697817371e-06
3899,-3.0064764782648480860929862679142843262525e-06
3900,-3.0064765032231266160512531820936388271548e-06
3901,-3.0064764758220812991768369770717583833175e-06
3902,-3.0064764760759895895116805553115568727662e-06
3903,-3.0064765032231266160512531820936388271548e-06
3904,-3.0064764758220812991768369770717583833175e-06
3905,-3.0064764760759895895116805553115568727662e-06
3906,-3.0064765032231266160512531820936388271548e-06
3907,-3.0064764758220812991768369770717583833175e-06
3908,-3.0064764760759895895116805553115568727662e-06
3909,-3.0064765056453693711389571485703697817371e-06
3910,-3.0064764782648480860929862679142843262525e-06
3911,-3.0064765032231266160512531820936388271548e-06
3912,-3.0064764758220812991768369770717583833175e-06
3913,-3.0064764760759895895116805553115568727662e-06
3914,-3.0064765032231266160512531820936388271548e-06
3915,-3.0064764758220812991768369770717583833175e-06
3916,-3.0064764760759895895116805553115568727662e-06
3917,-3.0064765056453693711389571485703697817371e-06
3918,-3.0064764782648480860929862679142843262525e-06
3919,-3.0064765032231266160512531820936388271548e-06
3920,-3.0064764758220812991768369770717583833175e-06
3921,-3.0064764760759895895116805553115568727662e-06
3922,-3.0064765032231266160512531820936388271548e-06
3923,-3.0064764758220812991768369770717583833175e-06
3924,-3.0064764760759895895116805553115568727662e-06
3925,-3.0064765032231266160512531820936388271548e-06
3926,-3.0064764758220812991768369770717583833175e-06
3927,-3.0064764760759895895116805553115568727662e-06
3928,-3.0064765056453693711389571485703697817371e-06
3929,-3.0064764782648480860929862679142843262525e-06
3930,-3.0064765032231266160512531820936388271548e-06
3931,-3.0064764758220812991768369770717583833175e-06
3932,-3.0064764760759895895116805553115568727662e-06
3933,-3.0064765032231266160512531820936388271548e-06
3934,-3.0064764758220812991768369770717583833175e-06
3935,-3.0064764760759895895116805553115568727662e-06
3936,-3.0064765056453693711389571485703697817371e-06
3937,-3.0064764782648480860929862679142843262525e-06
3938,-3.0064765032231266160512531820936388271548e-06
3939,-3.0064764758220812991768369770717583833175e-06
3940,-3.0064764760759895895116805553115568727662e-06
3941,-3.0064765032231266160512531820936388271548e-06
3942,-3.0064764758220812991768369770717583833175e-06
3943,-3.0064764760759895895116805553115568727662e-06
3944,-3.0064765032231266160512531820936388271548e-06
3945,-3.0064764758220812991768369770717583833175e-06
3946,-3.0064764760759895895116805553115568727662e-06
3947,-3.0064765056453693711389571485703697817371e-06
3948,-3.0064764782648480860929862679142843262525e-06
3949,-3.0064765032231266160512531820936388271548e-06
3950,-3.0064764758220812991768369770717583833175e-06
3951,-3.0064764760759895895116805553115568727662e-06
3952,-3.0064765032231266160512531820936388271548e-06
3953,-3.0064764758220812991768369770717583833175e-06
3954,-3.0064764760759895895116805553115568727662e-06
3955,-3.0064765056453693711389571485703697817371e-06
3956,-3.0064764782648480860929862679142843262525e-06
3957,-3.0064765032231266160512531820936388271548e-06
3958,-3.0064764758220812991768369770717583833175e-06
3959,-3.0064764760759895895116805553115568727662e-06
3960,-3.0064765032231266160512531820936388271548e-06
3961,-3.0064764758220812991768369770717583833175e-06
3962,-3.0064764760759895895116805553115568727662e-06
3963,-3.0064765056453693711389571485703697817371e-06
3964,-3.0064764782648480860929862679142843262525e-06
3965,-3.0064765032231266160512531820936388271548e-06
3966,-3.0064764758220812991768369770717583833175e-06
3967,-3.0064764760759895895116805553115568727662e-06
3968,-3.0064765032231266160512531820936388271548e-06
3969,-3.0064764758220812991768369770717583833175e-06
3970,-3.0064764760759895895116805553115568727662e-06
3971,-3.0064765032231266160512531820936388271548e-06
3972,-3.0064764758220812991768369770717583833175e-06
3973,-3.0064764760759895895116805553115568727662e-06
3974,-3.0064765056453693711389571485703697817371e-06
3975,-3.0064764782648480860929862679142843262525e-06
3976,-3.0064765032231266160512531820936388271548e-06
3977,-3.0064764758220812991768369770717583833175e-06
3978,-3.0064764760759895895116805553115568727662e-06
3979,-3.0064765032231266160512531820936388271548e-06
3980,-3.0064764758220812991768369770717583833175e-06
3981,-3.0064764760759895895116805553115568727662e-06
3982,-3.0064765056453693711389571485703697817371e-06
3983,-3.0064764782648480860929862679142843262525e-06
3984,-3.0064765032231266160512531820936388271548e-06
3985,-3.0064764758220812991768369770717583833175e-06
3986,-3.0064764760759895895116805553115568727662e-06
3987,-3.0064765032231266160512531820936388271548e-06
3988,-3.0064764758220812991768369770717583833175e-06
3989,-3.0064764760759895895116805553115568727662e-06
3990,-3.0064765032231266160512531820936388271548e-06
3991,-3.0064764758220812991768369770717583833175e-06
3992,-3.0064764760759895895116805553115568727662e-06
3993,-3.0064765056453693711389571485703697817371e-06
3994,-3.0064764782648480860929862679142843262525e-06
3995,-3.0064765032231266160512531820936388271548e-06
3996,-3.0064764758220812991768369770717583833175e-06
3997,-3.0064764760759895895116805553115568727662e-06
3998,-3.0064765032231266160512531820936388271548e-06
3999,-3.0064764758220812991768369770717583833175e-06
4000,-3.0064764760759895895116805553115568727662e-06
4001,-3.0064765056453693711389571485703697817371e-06
4002,-3.0064764782648480860929862679142843262525e-06
4003,-3.0064765028046004370328517230070985988277e-06
4004,5.5088814759586642232691556146607053632232e-16
4005,-5.0047582094937856134896487655379377519074e-15
4006,-3.0048466571919344498436173912514490780268e-06
4007,-3.0048466472053291808383228278511722919575e-06
4008,-3.0048466678627254997958895277321289540851e-06
4009,-3.0048466647161823304121915784170582242041e-06
4010,-3.0048466571919344498436173912514490780268e-06
4011,-3.0048466472053291808383228278511722919575e-06
4012,-3.0048466678627254997958895277321289540851e-06
4013,-3.0048466647161823304121915784170582242041e-06
4014,-3.0048466571919344498436173912514490780268e-06
4015,-3.0048466472053291808383228278511722919575e-06
4016,-3.0048466678627254997958895277321289540851e-06
4017,-3.0048466647161823304121915784170582242041e-06
4018,-3.0048466571919344498436173912514490780268e-06
4019,-3.0048466472053291808383228278511722919575e-06
4020,-3.0048466678627254997958895277321289540851e-06
4021,-3.0048466647161823304121915784170582242041e-06
4022,-3.0048466571919344498436173912514490780268e-06
4023,-3.0048466472053291808383228278511722919575e-06
4024,-3.0048466678627254997958895277321289540851e-06
4025,-3.0048466647161823304121915784170582242041e-06
4026,-3.0048466571919344498436173912514490780268e-06
4027,-3.0048466472053291808383228278511722919575e-06
4028,-3.0048466570551784394105688386078512053246e-06
4029,-3.0048466571919344498436173912514490780268e-06
4030,-3.0048466472053291808383228278511722919575e-06
4031,-3.0048466678627254997958895277321289540851e-06
4032,-3.0048466647161823304121915784170582242041e-06
4033,-3.0048466571919344498436173912514490780268e-06
4034,-3.0048466472053291808383228278511722919575e-06
4035,-3.0048466678627254997958895277321289540851e-06
4036,-3.0048466647161823304121915784170582242041e-06
4037,-3.0048466571919344498436173912514490780268e-06
4038,-3.0048466472053291808383228278511722919575e-06
4039,-3.0048466570551784394105688386078512053246e-06
4040,-3.0048466571919344498436173912514490780268e-06
4041,-3.0048466472053291808383228278511722919575e-06
4042,-3.0048466678627254997958895277321289540851e-06
4043,-3.0048466788070162886365235821450880848715e-06
4044,-3.0048466647161823304121915784170582242041e-06
4045,-3.0048466571919344498436173912514490780268e-06
4046,-3.0048466472053291808383228278511722919575e-06
4047,-3.0048466570551784394105688386078512053246e-06
4048,-3.0048466571919344498436173912514490780268e-06
4049,-3.0048466472053291808383228278511722919575e-06
4050,-3.0048466678627254997958895277321289540851e-06
4051,-3.0048466788070162886365235821450880848715e-06
4052,-3.0048466647161823304121915784170582242041e-06
4053,-3.0048466571919344498436173912514490780268e-06
4054,-3.0048466472053291808383228278511722919575e-06
4055,-3.0048466570551784394105688386078512053246e-06
4056,-3.0048466571919344498436173912514490780268e-06
4057,-3.0048466472053291808383228278511722919575e-06
4058,-3.0048466570551784394105688386078512053246e-06
4059,-3.0048466571919344498436173912514490780268e-06
4060,-3.0048466472053291808383228278511722919575e-06
4061,-3.0048466678627254997958895277321289540851e-06
4062,-3.0048466788070162886365235821450880848715e-06
4063,-3.0048466647161823304121915784170582242041e-06
4064,-3.0048466571919344498436173912514490780268e-06
4065,-3.0048466472053291808383228278511722919575e-06
4066,-3.0048466570551784394105688386078512053246e-06
4067,-3.0048466571919344498436173912514490780268e-06
4068,-3.0048466472053291808383228278511722919575e-06
4069,-3.0048466678627254997958895277321289540851e-06
4070,-3.0048466788070162886365235821450880848715e-06
4071,-3.0048466647161823304121915784170582242041e-06
4072,-3.0048466571919344498436173912514490780268e-06
4073,-3.0048466472053291808383228278511722919575e-06
4074,-3.0048466570551784394105688386078512053246e-06
4075,-3.0048466571919344498436173912514490780268e-06
4076,-3.0048466472053291808383228278511722919575e-06
4077,-3.0048466570551784394105688386078512053246e-06
4078,-3.0048466599787901603734602273831910679291e-06
4079,-3.0048466793111914746659645014670303453386e-06
4080,-3.0048466737452227817771303886029699015126e-06
4081,-3.0048466548663330718399455676603793108370e-06
4082,-3.0048466570551784394105688386078512053246e-06
4083,-3.0048466571919344498436173912514490780268e-06
4084,-3.0048466472053291808383228278511722919575e-06
4085,-3.0048466823854014184859342190270226069515e-06
4086,-3.0048466718945371071894205605712357964876e-06
4087,-3.0048466849846469544954748187581827778558e-06
4088,-3.0048466959719771814519943819998815115468e-06
4089,-3.0048466849846469544954748187581827778558e-06
4090,-3.0048466935310022927357615635246546048620e-06
4091,-3.0048466754514080236950455959910044612116e-06
4092,-3.0048466729459269173641879080438599203262e-06
4093,-3.0048466959719771814519943819998815115468e-06
4094,-3.0048466849846469544954748187581827778558e-06
4095,-3.0048466959719771814519943819998815115468e-06
4096,-3.0048466849846469544954748187581827778558e-06
4097,-3.0048466959719771814519943819998815115468e-06
4098,-3.0048466849846469544954748187581827778558e-06
4099,-3.0048466959719771814519943819998815115468e-06
4100,-3.0048466849846469544954748187581827778558e-06
4101,-3.0048466959719771814519943819998815115468e-06
4102,-3.0048466849846469544954748187581827778558e-06
4103,-3.0048466959719771814519943819998815115468e-06
4104,-3.0048466849846469544954748187581827778558e-06
4105,-3.0048466959719771814519943819998815115468e-06
4106,-3.0048466849846469544954748187581827778558e-06
4107,-3.0048466959719771814519943819998815115468e-06
4108,-3.0048466849846469544954748187581827778558e-06
4109,-3.0048466959719771814519943819998815115468e-06
4110,-3.0048466849846469544954748187581827778558e-06
4111,-3.0048466935310022927357615635246546048620e-06
4112,-3.0048466754514080236950455959910044612116e-06
4113,-3.0048466729459269173641879080438599203262e-06
4114,-3.0048466959719771814519943819998815115468e-06
4115,-3.0048466849846469544954748187581827778558e-06
4116,-3.0048466959719771814519943819998815115468e-06
4117,-3.0048466849846469544954748187581827778558e-06
4118,-3.0048466959719771814519943819998815115468e-06
4119,-3.0048466849846469544954748187581827778558e-06
4120,-3.0048466959719771814519943819998815115468e-06
4121,-3.0048466849846469544954748187581827778558e-06
4122,-3.0048466959719771814519943819998815115468e-06
4123,-3.0048466849846469544954748187581827778558e-06
4124,-3.0048466959719771814519943819998815115468e-06
4125,-3.0048466849846469544954748187581827778558e-06
4126,-3.0048466959719771814519943819998815115468e-06
4127,-3.0048466849846469544954748187581827778558e-06
4128,-3.0048466959719771814519943819998815115468e-06
4129,-3.0048466849846469544954748187581827778558e-06
4130,-3.0048466959719771814519943819998815115468e-06
4131,-3.0048466849846469544954748187581827778558e-06
4132,-3.0048466935310022927357615635246546048620e-06
4133,-3.0048466754514080236950455959910044612116e-06
4134,-3.0048466729459269173641879080438599203262e-06
4135,-3.0048466959719771814519943819998815115468e-06
4136,-3.0048466849846469544954748187581827778558e-06
4137,-3.0048466959719771814519943819998815115468e-06
4138,-3.0048466849846469544954748187581827778558e-06
4139,-3.0048466959719771814519943819998815115468e-06
4140,-3.0048466849846469544954748187581827778558e-06
4141,-3.0048466959719771814519943819998815115468e-06
4142,-3.0048466849846469544954748187581827778558e-06
4143,-3.0048466959719771814519943819998815115468e-06
4144,-3.0048466849846469544954748187581827778558e-06
4145,-3.0048466959719771814519943819998815115468e-06
4146,-3.0048466882464437794296972794594324795980e-06
4147,-3.0048466734716150461879935473774594356655e-06
4148,-3.0048466571919344498436173912514490780268e-06
4149,-3.0048466472053291808383228278511722919575e-06
4150,-3.0048466678627254997958895277321289540851e-06
4151,-3.0048466647161823304121915784170582242041e-06
4152,-3.0048466571919344498436173912514490780268e-06
4153,-3.0048466472053291808383228278511722919575e-06
4154,-3.0048466570551784394105688386078512053246e-06
4155,-3.0048466571919344498436173912514490780268e-06
4156,-3.0048466472053291808383228278511722919575e-06
4157,-3.0048466678627254997958895277321289540851e-06
4158,-3.0048466647161823304121915784170582242041e-06
4159,-3.0048466571919344498436173912514490780268e-06
4160,-3.0048466472053291808383228278511722919575e-06
4161,-3.0048466678627254997958895277321289540851e-06
4162,-3.0048466647161823304121915784170582242041e-06
4163,-3.0048466571919344498436173912514490780268e-06
4164,-3.0048466472053291808383228278511722919575e-06
4165,-3.0048466678627254997958895277321289540851e-06
4166,-3.0048466647161823304121915784170582242041e-06
4167,-3.0048466571919344498436173912514490780268e-06
4168,-3.0048466472053291808383228278511722919575e-06
4169,-3.0048466678627254997958895277321289540851e-06
4170,-3.0048466647161823304121915784170582242041e-06
4171,-3.0048466571919344498436173912514490780268e-06
4172,-3.0048466472053291808383228278511722919575e-06
4173,-3.0048466678627254997958895277321289540851e-06
4174,-3.0048466647161823304121915784170582242041e-06
4175,-3.0048466571919344498436173912514490780268e-06
4176,-3.0048466472053291808383228278511722919575e-06
4177,-3.0048466570551784394105688386078512053246e-06
4178,-3.0048466571919344498436173912514490780268e-06
4179,-3.0048466472053291808383228278511722919575e-06
4180,-3.0048466678627254997958895277321289540851e-06
4181,-3.0048466647161823304121915784170582242041e-06
4182,-3.0048466571919344498436173912514490780268e-06
4183,-3.0048466472053291808383228278511722919575e-06
4184,-3.0048466678627254997958895277321289540851e-06
4185,-3.0048466647161823304121915784170582242041e-06
4186,-3.0048466571919344498436173912514490780268e-06
4187,-3.0048466472053291808383228278511722919575e-06
4188,-3.0048466678627254997958895277321289540851e-06
4189,-3.0048466647161823304121915784170582242041e-06
4190,-3.0048466571919344498436173912514490780268e-06
4191,-3.0048466472053291808383228278511722919575e-06
4192,-3.0048466678627254997958895277321289540851e-06
4193,-3.0048466647161823304121915784170582242041e-06
4194,-3.0048466571919344498436173912514490780268e-06
4195,-3.0048466472053291808383228278511722919575e-06
4196,-3.0048466570551784394105688386078512053246e-06
4197,-3.0048466571919344498436173912514490780268e-06
4198,-3.0048466472053291808383228278511722919575e-06
4199,-3.0048466678627254997958895277321289540851e-06
4200,-3.0048466647161823304121915784170582242041e-06
4201,-3.0048466571919344498436173912514490780268e-06
4202,-3.0048466472053291808383228278511722919575e-06
4203,-3.0048466678627254997958895277321289540851e-06
4204,-3.0048466647161823304121915784170582242041e-06
4205,-3.0048466571919344498436173912514490780268e-06
4206,-3.0048466472053291808383228278511722919575e-06
4207,-3.0048466678627254997958895277321289540851e-06
4208,-3.0048466647161823304121915784170582242041e-06
4209,-3.0048466571919344498436173912514490780268e-06
4210,-3.0048466472053291808383228278511722919575e-06
4211,-3.0048466678627254997958895277321289540851e-06
4212,-3.0048466647161823304121915784170582242041e-06
4213,-3.0048466571919344498436173912514490780268e-06
4214,-3.0048466472053291808383228278511722919575e-06
4215,-3.0048466678627254997958895277321289540851e-06
4216,-3.0048466647161823304121915784170582242041e-06
4217,-3.0048466571919344498436173912514490780268e-06
4218,-3.0048466472053291808383228278511722919575e-06
4219,-3.0048466570551784394105688386078512053246e-06
4220,-3.0048466571919344498436173912514490780268e-06
4221,-3.0048466472053291808383228278511722919575e-06
4222,-3.0048466678627254997958895277321289540851e-06
4223,-3.0048466647161823304121915784170582242041e-06
4224,-3.0048466571919344498436173912514490780268e-06
4225,-3.0048466472053291808383228278511722919575e-06
4226,-3.0048466678627254997958895277321289540851e-06
4227,-3.0048466647161823304121915784170582242041e-06
4228,-3.0048466571919344498436173912514490780268e-06
4229,-3.0048466472053291808383228278511722919575e-06
4230,-3.0048466678627254997958895277321289540851e-06
4231,-3.0048466647161823304121915784170582242041e-06
4232,-3.0048466571919344498436173912514490780268e-06
4233,-3.0048466472053291808383228278511722919575e-06
4234,-3.0048466678627254997958895277321289540851e-06
4235,-3.0048466647161823304121915784170582242041e-06
4236,-3.0048466571919344498436173912514490780268e-06
4237,-3.0048466472053291808383228278511722919575e-06
4238,-3.0048466570551784394105688386078512053246e-06
4239,-3.0048466571919344498436173912514490780268e-06
4240,-3.0048466472053291808383228278511722919575e-06
4241,-3.0048466678627254997958895277321289540851e-06
4242,-3.0048466647161823304121915784170582242041e-06
4243,-3.0048466571919344498436173912514490780268e-06
4244,-3.0048466472053291808383228278511722919575e-06
4245,-3.0048466678627254997958895277321289540851e-06
4246,-3.0048466647161823304121915784170582242041e-06
4247,-3.0048466571919344498436173912514490780268e-06
4248,-3.0048466472053291808383228278511722919575e-06
4249,-3.0048466678627254997958895277321289540851e-06
4250,-3.0048466647161823304121915784170582242041e-06
4251,-3.0048466571919344498436173912514490780268e-06
4252,-3.0048466472053291808383228278511722919575e-06
4253,-3.0048466678627254997958895277321289540851e-06
4254,-3.0048466647161823304121915784170582242041e-06
4255,-3.0048466571919344498436173912514490780268e-06
4256,-3.0048466472053291808383228278511722919575e-06
4257,-3.0048466678627254997958895277321289540851e-06
4258,-3.0048466647161823304121915784170582242041e-06
4259,-3.0048466571919344498436173912514490780268e-06
4260,-3.0048466472053291808383228278511722919575e-06
4261,-3.0048466570551784394105688386078512053246e-06
4262,-3.0048466571919344498436173912514490780268e-06
4263,-3.0048466472053291808383228278511722919575e-06
4264,-3.0048466678627254997958895277321289540851e-06
4265,-3.0048466647161823304121915784170582242041e-06
4266,-3.0048466571919344498436173912514490780268e-06
4267,-3.0048466472053291808383228278511722919575e-06
4268,-3.0048466678627254997958895277321289540851e-06
4269,-3.0048466647161823304121915784170582242041e-06
4270,-3.0048466571919344498436173912514490780268e-06
4271,-3.0048466472053291808383228278511722919575e-06
4272,-3.0048466678627254997958895277321289540851e-06
4273,-3.0048466647161823304121915784170582242041e-06
4274,-3.0048466571919344498436173912514490780268e-06
4275,-3.0048466472053291808383228278511722919575e-06
4276,-3.0048466678627254997958895277321289540851e-06
4277,-3.0048466647161823304121915784170582242041e-06
4278,-3.0048466571919344498436173912514490780268e-06
4279,-3.0048466472053291808383228278511722919575e-06
4280,-3.0048466678627254997958895277321289540851e-06
4281,-3.0048466647161823304121915784170582242041e-06
4282,-3.0048466571919344498436173912514490780268e-06
4283,-3.0048466472053291808383228278511722919575e-06
4284,-3.0048466570551784394105688386078512053246e-06
4285,-3.0048466571919344498436173912514490780268e-06
4286,-3.0048466472053291808383228278511722919575e-06
4287,-3.0048466678627254997958895277321289540851e-06
4288,-3.0048466647161823304121915784170582242041e-06
4289,-3.0048466599787901603734602273831910679291e-06
4290,-3.0048466793111914746659645014670303453386e-06
4291,-3.0048466642119482755929164852215507153232e-06
4292,-3.0048466653140855237035834746084361768226e-06
4293,-3.0048466804056207229566173577683940720817e-06
4294,-3.0048466642119482755929164852215507153232e-06
4295,-3.0048466653140855237035834746084361768226e-06
4296,-3.0048466804056207229566173577683940720817e-06
4297,-3.0048466796785623693843633730260478387208e-06
4298,-3.0048466836889080443121022995223157181499e-06
4299,-3.0048466642119482755929164852215507153232e-06
4300,-3.0048466653140855237035834746084361768226e-06
4301,-3.0048466804056207229566173577683940720817e-06
4302,-3.0048466642119482755929164852215507153232e-06
4303,-3.0048466653140855237035834746084361768226e-06
4304,-3.0048466804056207229566173577683940720817e-06
4305,-3.0048466642119482755929164852215507153232e-06
4306,-3.0048466653140855237035834746084361768226e-06
4307,-3.0048466804056207229566173577683940720817e-06
4308,-3.0048466796785623693843633730260478387208e-06
4309,-3.0048466836889080443121022995223157181499e-06
4310,-3.0048466642119482755929164852215507153232e-06
4311,-3.0048466653140855237035834746084361768226e-06
4312,-3.0048466804056207229566173577683940720817e-06
4313,-3.0048466642119482755929164852215507153232e-06
4314,-3.0048466653140855237035834746084361768226e-06
4315,-3.0048466804056207229566173577683940720817e-06
4316,-3.0048466796785623693843633730260478387208e-06
4317,-3.0048466836889080443121022995223157181499e-06
4318,-3.0048466642119482755929164852215507153232e-06
4319,-3.0048466653140855237035834746084361768226e-06
4320,-3.0048466804056207229566173577683940720817e-06
4321,-3.0048466642119482755929164852215507153232e-06
4322,-3.0048466653140855237035834746084361768226e-06
4323,-3.0048466804056207229566173577683940720817e-06
4324,-3.0048466642119482755929164852215507153232e-06
4325,-3.0048466653140855237035834746084361768226e-06
4326,-3.0048466804056207229566173577683940720817e-06
4327,-3.0048466796785623693843633730260478387208e-06
4328,-3.0048466836889080443121022995223157181499e-06
4329,-3.0048466642119482755929164852215507153232e-06
4330,-3.0048466653140855237035834746084361768226e-06
4331,-3.0048466804056207229566173577683940720817e-06
4332,-3.0048466642119482755929164852215507153232e-06
4333,-3.0048466653140855237035834746084361768226e-06
4334,-3.0048466804056207229566173577683940720817e-06
4335,-3.0048466796785623693843633730260478387208e-06
4336,-3.0048466836889080443121022995223157181499e-06
4337,-3.0048466642119482755929164852215507153232e-06
4338,-3.0048466653140855237035834746084361768226e-06
4339,-3.0048466804056207229566173577683940720817e-06
4340,-3.0048466642119482755929164852215507153232e-06
4341,-3.0048466653140855237035834746084361768226e-06
4342,-3.0048466804056207229566173577683940720817e-06
4343,-3.0048466796785623693843633730260478387208e-06
4344,-3.0048466836889080443121022995223157181499e-06
4345,-3.0048466642119482755929164852215507153232e-06
4346,-3.0048466653140855237035834746084361768226e-06
4347,-3.0048466804056207229566173577683940720817e-06
4348,-3.0048466642119482755929164852215507153232e-06
4349,-3.0048466653140855237035834746084361768226e-06
4350,-3.0048466804056207229566173577683940720817e-06
4351,-3.0048466642119482755929164852215507153232e-06
4352,-3.0048466653140855237035834746084361768226e-06
4353,-3.0048466804056207229566173577683940720817e-06
4354,-3.0048466796785623693843633730260478387208e-06
4355,-3.0048466836889080443121022995223157181499e-06
4356,-3.0048466642119482755929164852215507153232e-06
4357,-3.0048466653140855237035834746084361768226e-06
4358,-3.0048466804056207229566173577683940720817e-06
4359,-3.0048466642119482755929164852215507153232e-06
4360,-3.0048466653140855237035834746084361768226e-06
4361,-3.0048466804056207229566173577683940720817e-06
4362,-3.0048466796785623693843633730260478387208e-06
4363,-3.0048466836889080443121022995223157181499e-06
4364,-3.0048466642119482755929164852215507153232e-06
4365,-3.0048466653140855237035834746084361768226e-06
4366,-3.0048466804056207229566173577683940720817e-06
4367,-3.0048466642119482755929164852215507153232e-06
4368,-3.0048466653140855237035834746084361768226e-06
4369,-3.0048466804056207229566173577683940720817e-06
4370,-3.0048466642119482755929164852215507153232e-06
4371,-3.0048466653140855237035834746084361768226e-06
4372,-3.0048466804056207229566173577683940720817e-06
4373,-3.0048466796785623693843633730260478387208e-06
4374,-3.0048466836889080443121022995223157181499e-06
4375,-3.0048466642119482755929164852215507153232e-06
4376,-3.0048466653140855237035834746084361768226e-06
4377,-3.0048466804056207229566173577683940720817e-06
4378,-3.0048466642119482755929164852215507153232e-06
4379,-3.0048466653140855237035834746084361768226e-06
4380,-3.0048466804056207229566173577683940720817e-06
4381,-3.0048466796785623693843633730260478387208e-06
4382,-3.0048466836889080443121022995223157181499e-06
4383,-3.0048466642119482755929164852215507153232e-06
4384,-3.0048466653140855237035834746084361768226e-06
4385,-3.0048466804056207229566173577683940720817e-06
4386,-3.0048466642119482755929164852215507153232e-06
4387,-3.0048466653140855237035834746084361768226e-06
4388,-3.0048466804056207229566173577683940720817e-06
4389,-3.0048466642119482755929164852215507153232e-06
4390,-3.0048466653140855237035834746084361768226e-06
4391,-3.0048466804056207229566173577683940720817e-06
4392,-3.0048466796785623693843633730260478387208e-06
4393,-3.0048466836889080443121022995223157181499e-06
4394,-3.0048466642119482755929164852215507153232e-06
4395,-3.0048466653140855237035834746084361768226e-06
4396,-3.0048466804056207229566173577683940720817e-06
4397,-3.0048466642119482755929164852215507153232e-06
4398,-3.0048466653140855237035834746084361768226e-06
4399,-3.0048466804056207229566173577683940720817e-06
4400,-3.0048466796785623693843633730260478387208e-06
4401,-3.0048466836889080443121022995223157181499e-06
4402,-3.0048466642119482755929164852215507153232e-06
4403,-3.0048466653140855237035834746084361768226e-06
4404,-3.0048466804056207229566173577683940720817e-06
4405,-3.0048466642119482755929164852215507153232e-06
4406,-3.0048466653140855237035834746084361768226e-06
4407,-3.0048466804056207229566173577683940720817e-06
4408,-3.0048466796785623693843633730260478387208e-06
4409,-3.0048466836889080443121022995223157181499e-06
4410,-3.0048466642119482755929164852215507153232e-06
4411,-3.0048466653140855237035834746084361768226e-06
4412,-3.0048466804056207229566173577683940720817e-06
4413,-3.0048466642119482755929164852215507153232e-06
4414,-3.0048466653140855237035834746084361768226e-06
4415,-3.0048466804056207229566173577683940720817e-06
4416,-3.0048466642119482755929164852215507153232e-06
4417,-3.0048466653140855237035834746084361768226e-06
4418,-3.0048466804056207229566173577683940720817e-06
4419,-3.0048466796785623693843633730260478387208e-06
4420,-3.0048466836889080443121022995223157181499e-06
4421,-3.0048466642119482755929164852215507153232e-06
4422,-3.0048466653140855237035834746084361768226e-06
4423,-3.0048466804056207229566173577683940720817e-06
4424,-3.0048466642119482755929164852215507153232e-06
4425,-3.0048466653140855237035834746084361768226e-06
4426,-3.0048466804056207229566173577683940720817e-06
4427,-3.0048466796785623693843633730260478387208e-06
4428,-3.0048466836889080443121022995223157181499e-06
4429,-3.0048466642119482755929164852215507153232e-06
4430,-3.0048466653140855237035834746084361768226e-06
4431,-3.0048466804056207229566173577683940720817e-06
4432,-3.0048466642119482755929164852215507153232e-06
4433,-3.0048466653140855237035834746084361768226e-06
4434,-3.0048466804056207229566173577683940720817e-06
4435,-3.0048466642119482755929164852215507153232e-06
4436,-3.0048466653140855237035834746084361768226e-06
4437,-3.0048466804056207229566173577683940720817e-06
4438,-3.0048466796785623693843633730260478387208e-06
4439,-3.0048466836889080443121022995223157181499e-06
4440,-3.0048466642119482755929164852215507153232e-06
4441,-3.0048466653140855237035834746084361768226e-06
4442,-3.0048466804056207229566173577683940720817e-06
4443,-3.0048466642119482755929164852215507153232e-06
4444,-3.0048466653140855237035834746084361768226e-06
4445,-3.0048466804056207229566173577683940720817e-06
4446,-3.0048466796785623693843633730260478387208e-06
4447,-3.0048466836889080443121022995223157181499e-06
4448,-3.0048466818228300870068873257290320566426e-06
4449,-4.8103375468334756759386824108155137650017e-15
4450,2.3864052688065018892206677002128459211668e-16
4451,-3.0034986287280106510768230149155399999472e-06
4452,-3.0034986249634582673327578422606265462491e-06
4453,-3.0034986224326381703847877596702531377559e-06
4454,-3.0034986187537733336508621179161693248716e-06
4455,-3.0034986232558648331400323605588909003927e-06
4456,-3.0034986249634582673327578422606265462491e-06
4457,-3.0034986224326381703847877596702531377559e-06
4458,-3.0034986187537733336508621179161693248716e-06
4459,-3.0034986232558648331400323605588909003927e-06
4460,-3.0034986249634582673327578422606265462491e-06
4461,-3.0034986224326381703847877596702531377559e-06
4462,-3.0034986187537733336508621179161693248716e-06
4463,-3.0034986232558648331400323605588909003927e-06
4464,-3.0034986249634582673327578422606265462491e-06
4465,-3.0034986224326381703847877596702531377559e-06
4466,-3.0034986187537733336508621179161693248716e-06
4467,-3.0034986232558648331400323605588909003927e-06
4468,-3.0034986249634582673327578422606265462491e-06
4469,-3.0034986224326381703847877596702531377559e-06
4470,-3.0034986187537733336508621179161693248716e-06
4471,-3.0034986232558648331400323605588909003927e-06
4472,-3.0034986249634582673327578422606265462491e-06
4473,-3.0034986198482025819415149742175330516147e-06
4474,-3.0034986232558648331400323605588909003927e-06
4475,-3.0034986249634582673327578422606265462491e-06
4476,-3.0034986224326381703847877596702531377559e-06
4477,-3.0034986187537733336508621179161693248716e-06
4478,-3.0034986232558648331400323605588909003927e-06
4479,-3.0034986249634582673327578422606265462491e-06
4480,-3.0034986224326381703847877596702531377559e-06
4481,-3.0034986187537733336508621179161693248716e-06
4482,-3.0034986232558648331400323605588909003927e-06
4483,-3.0034986249634582673327578422606265462491e-06
4484,-3.0034986198482025819415149742175330516147e-06
4485,-3.0034986232558648331400323605588909003927e-06
4486,-3.0034986249634582673327578422606265462491e-06
4487,-3.0034986224326381703847877596702531377559e-06
4488,-3.0034986169604927759644707324637735723627e-06
4489,-3.0034986187537733336508621179161693248716e-06
4490,-3.0034986232558648331400323605588909003927e-06
4491,-3.0034986249634582673327578422606265462491e-06
4492,-3.0034986198482025819415149742175330516147e-06
4493,-3.0034986232558648331400323605588909003927e-06
4494,-3.0034986249634582673327578422606265462491e-06
4495,-3.0034986224326381703847877596702531377559e-06
4496,-3.0034986169604927759644707324637735723627e-06
4497,-3.0034986187537733336508621179161693248716e-06
4498,-3.0034986232558648331400323605588909003927e-06
4499,-3.0034986249634582673327578422606265462491e-06
4500,-3.0034986198482025819415149742175330516147e-06
4501,-3.0034986232558648331400323605588909003927e-06
4502,-3.0034986249634582673327578422606265462491e-06
4503,-3.0034986198482025819415149742175330516147e-06
4504,-3.0034986232558648331400323605588909003927e-06
4505,-3.0034986249634582673327578422606265462491e-06
4506,-3.0034986224326381703847877596702531377559e-06
4507,-3.0034986169604927759644707324637735723627e-06
4508,-3.0034986187537733336508621179161693248716e-06
4509,-3.0034986232558648331400323605588909003927e-06
4510,-3.0034986249634582673327578422606265462491e-06
4511,-3.0034986198482025819415149742175330516147e-06
4512,-3.0034986232558648331400323605588909003927e-06
4513,-3.0034986249634582673327578422606265462491e-06
4514,-3.0034986224326381703847877596702531377559e-06
4515,-3.0034986169604927759644707324637735723627e-06
4516,-3.0034986187537733336508621179161693248716e-06
4517,-3.0034986232558648331400323605588909003927e-06
4518,-3.0034986249634582673327578422606265462491e-06
4519,-3.0034986198482025819415149742175330516147e-06
4520,-3.0034986232558648331400323605588909003927e-06
4521,-3.0034986249634582673327578422606265462491e-06
4522,-3.0034986198482025819415149742175330516147e-06
4523,-3.0034986194789313688059510798478157767022e-06
4524,-3.0034986169324818199152446474009536814265e-06
4525,-3.0034986347474181034875127110916892547721e-06
4526,-3.0034986238690290190421049859592628195060e-06
4527,-3.0034986198482025819415149742175330516147e-06
4528,-3.0034986232558648331400323605588909003927e-06
4529,-3.0034986249634582673327578422606265462491e-06
4530,-3.0034986233914900545884964222498325625565e-06
4531,-3.0034986370034281015777184731252447136285e-06
4532,-3.0034986240070822604338734995721438281180e-06
4533,-3.0034986249647080644464315624109218560989e-06
4534,-3.0034986240070822604338734995721438281180e-06
4535,-3.0034986285228283545492566908308162965113e-06
4536,-3.0034986051965591207684250218967747514398e-06
4537,-3.0034986294792276548541905267786233935112e-06
4538,-3.0034986249647080644464315624109218560989e-06
4539,-3.0034986240070822604338734995721438281180e-06
4540,-3.0034986249647080644464315624109218560989e-06
4541,-3.0034986240070822604338734995721438281180e-06
4542,-3.0034986249647080644464315624109218560989e-06
4543,-3.0034986240070822604338734995721438281180e-06
4544,-3.0034986249647080644464315624109218560989e-06
4545,-3.0034986240070822604338734995721438281180e-06
4546,-3.0034986249647080644464315624109218560989e-06
4547,-3.0034986240070822604338734995721438281180e-06
4548,-3.0034986249647080644464315624109218560989e-06
4549,-3.0034986240070822604338734995721438281180e-06
4550,-3.0034986249647080644464315624109218560989e-06
4551,-3.0034986240070822604338734995721438281180e-06
4552,-3.0034986249647080644464315624109218560989e-06
4553,-3.0034986240070822604338734995721438281180e-06
4554,-3.0034986249647080644464315624109218560989e-06
4555,-3.0034986240070822604338734995721438281180e-06
4556,-3.0034986285228283545492566908308162965113e-06
4557,-3.0034986051965591207684250218967747514398e-06
4558,-3.0034986294792276548541905267786233935112e-06
4559,-3.0034986249647080644464315624109218560989e-06
4560,-3.0034986240070822604338734995721438281180e-06
4561,-3.0034986249647080644464315624109218560989e-06
4562,-3.0034986240070822604338734995721438281180e-06
4563,-3.0034986249647080644464315624109218560989e-06
4564,-3.0034986240070822604338734995721438281180e-06
4565,-3.0034986249647080644464315624109218560989e-06
4566,-3.0034986240070822604338734995721438281180e-06
4567,-3.0034986249647080644464315624109218560989e-06
4568,-3.0034986240070822604338734995721438281180e-06
4569,-3.0034986249647080644464315624109218560989e-06
4570,-3.0034986240070822604338734995721438281180e-06
4571,-3.0034986249647080644464315624109218560989e-06
4572,-3.0034986240070822604338734995721438281180e-06
4573,-3.0034986249647080644464315624109218560989e-06
4574,-3.0034986240070822604338734995721438281180e-06
4575,-3.0034986249647080644464315624109218560989e-06
4576,-3.0034986240070822604338734995721438281180e-06
4577,-3.0034986285228283545492566908308162965113e-06
4578,-3.0034986051965591207684250218967747514398e-06
4579,-3.0034986294792276548541905267786233935112e-06
4580,-3.0034986249647080644464315624109218560989e-06
4581,-3.0034986240070822604338734995721438281180e-06
4582,-3.0034986249647080644464315624109218560989e-06
4583,-3.0034986240070822604338734995721438281180e-06
4584,-3.0034986249647080644464315624109218560989e-06
4585,-3.0034986240070822604338734995721438281180e-06
4586,-3.0034986249647080644464315624109218560989e-06
4587,-3.0034986240070822604338734995721438281180e-06
4588,-3.0034986249647080644464315624109218560989e-06
4589,-3.0034986240070822604338734995721438281180e-06
4590,-3.0034986249647080644464315624109218560989e-06
4591,-3.0034986311196450235825455843396980526450e-06
4592,-3.0034986154704860122953771761622476788034e-06
4593,-3.0034986232558648331400323605588909003927e-06
4594,-3.0034986249634582673327578422606265462491e-06
4595,-3.0034986224326381703847877596702531377559e-06
4596,-3.0034986187537733336508621179161693248716e-06
4597,-3.0034986232558648331400323605588909003927e-06
4598,-3.0034986249634582673327578422606265462491e-06
4599,-3.0034986198482025819415149742175330516147e-06
4600,-3.0034986232558648331400323605588909003927e-06
4601,-3.0034986249634582673327578422606265462491e-06
4602,-3.0034986224326381703847877596702531377559e-06
4603,-3.0034986187537733336508621179161693248716e-06
4604,-3.0034986232558648331400323605588909003927e-06
4605,-3.0034986249634582673327578422606265462491e-06
4606,-3.0034986224326381703847877596702531377559e-06
4607,-3.0034986187537733336508621179161693248716e-06
4608,-3.0034986232558648331400323605588909003927e-06
4609,-3.0034986249634582673327578422606265462491e-06
4610,-3.0034986224326381703847877596702531377559e-06
4611,-3.0034986187537733336508621179161693248716e-06
4612,-3.0034986232558648331400323605588909003927e-06
4613,-3.0034986249634582673327578422606265462491e-06
4614,-3.0034986224326381703847877596702531377559e-06
4615,-3.0034986187537733336508621179161693248716e-06
4616,-3.0034986232558648331400323605588909003927e-06
4617,-3.0034986249634582673327578422606265462491e-06
4618,-3.0034986224326381703847877596702531377559e-06
4619,-3.0034986187537733336508621179161693248716e-06
4620,-3.0034986232558648331400323605588909003927e-06
4621,-3.0034986249634582673327578422606265462491e-06
4622,-3.0034986198482025819415149742175330516147e-06
4623,-3.0034986232558648331400323605588909003927e-06
4624,-3.0034986249634582673327578422606265462491e-06
4625,-3.0034986224326381703847877596702531377559e-06
4626,-3.0034986187537733336508621179161693248716e-06
4627,-3.0034986232558648331400323605588909003927e-06
4628,-3.0034986249634582673327578422606265462491e-06
4629,-3.0034986224326381703847877596702531377559e-06
4630,-3.0034986187537733336508621179161693248716e-06
4631,-3.0034986232558648331400323605588909003927e-06
4632,-3.0034986249634582673327578422606265462491e-06
4633,-3.0034986224326381703847877596702531377559e-06
4634,-3.0034986187537733336508621179161693248716e-06
4635,-3.0034986232558648331400323605588909003927e-06
4636,-3.0034986249634582673327578422606265462491e-06
4637,-3.0034986224326381703847877596702531377559e-06
4638,-3.0034986187537733336508621179161693248716e-06
4639,-3.0034986232558648331400323605588909003927e-06
4640,-3.0034986249634582673327578422606265462491e-06
4641,-3.0034986198482025819415149742175330516147e-06
4642,-3.0034986232558648331400323605588909003927e-06
4643,-3.0034986249634582673327578422606265462491e-06
4644,-3.0034986224326381703847877596702531377559e-06
4645,-3.0034986187537733336508621179161693248716e-06
4646,-3.0034986232558648331400323605588909003927e-06
4647,-3.0034986249634582673327578422606265462491e-06
4648,-3.0034986224326381703847877596702531377559e-06
4649,-3.0034986187537733336508621179161693248716e-06
4650,-3.0034986232558648331400323605588909003927e-06
4651,-3.0034986249634582673327578422606265462491e-06
4652,-3.0034986224326381703847877596702531377559e-06
4653,-3.0034986187537733336508621179161693248716e-06
4654,-3.0034986232558648331400323605588909003927e-06
4655,-3.0034986249634582673327578422606265462491e-06
4656,-3.0034986224326381703847877596702531377559e-06
4657,-3.0034986187537733336508621179161693248716e-06
4658,-3.0034986232558648331400323605588909003927e-06
4659,-3.0034986249634582673327578422606265462491e-06
4660,-3.0034986224326381703847877596702531377559e-06
4661,-3.0034986187537733336508621179161693248716e-06
4662,-3.0034986232558648331400323605588909003927e-06
4663,-3.0034986249634582673327578422606265462491e-06
4664,-3.0034986198482025819415149742175330516147e-06
4665,-3.0034986232558648331400323605588909003927e-06
4666,-3.0034986249634582673327578422606265462491e-06
4667,-3.0034986224326381703847877596702531377559e-06
4668,-3.0034986187537733336508621179161693248716e-06
4669,-3.0034986232558648331400323605588909003927e-06
4670,-3.0034986249634582673327578422606265462491e-06
4671,-3.0034986224326381703847877596702531377559e-06
4672,-3.0034986187537733336508621179161693248716e-06
4673,-3.0034986232558648331400323605588909003927e-06
4674,-3.0034986249634582673327578422606265462491e-06
4675,-3.0034986224326381703847877596702531377559e-06
4676,-3.0034986187537733336508621179161693248716e-06
4677,-3.0034986232558648331400323605588909003927e-06
4678,-3.0034986249634582673327578422606265462491e-06
4679,-3.0034986224326381703847877596702531377559e-06
4680,-3.0034986187537733336508621179161693248716e-06
4681,-3.0034986232558648331400323605588909003927e-06
4682,-3.0034986249634582673327578422606265462491e-06
4683,-3.0034986198482025819415149742175330516147e-06
4684,-3.0034986232558648331400323605588909003927e-06
4685,-3.0034986249634582673327578422606265462491e-06
4686,-3.0034986224326381703847877596702531377559e-06
4687,-3.0034986187537733336508621179161693248716e-06
4688,-3.0034986232558648331400323605588909003927e-06
4689,-3.0034986249634582673327578422606265462491e-06
4690,-3.0034986224326381703847877596702531377559e-06
4691,-3.0034986187537733336508621179161693248716e-06
4692,-3.0034986232558648331400323605588909003927e-06
4693,-3.0034986249634582673327578422606265462491e-06
4694,-3.0034986224326381703847877596702531377559e-06
4695,-3.0034986187537733336508621179161693248716e-06
4696,-3.0034986232558648331400323605588909003927e-06
4697,-3.0034986249634582673327578422606265462491e-06
4698,-3.0034986224326381703847877596702531377559e-06
4699,-3.0034986187537733336508621179161693248716e-06
4700,-3.0034986232558648331400323605588909003927e-06
4701,-3.0034986249634582673327578422606265462491e-06
4702,-3.0034986224326381703847877596702531377559e-06
4703,-3.0034986187537733336508621179161693248716e-06
4704,-3.0034986232558648331400323605588909003927e-06
4705,-3.0034986249634582673327578422606265462491e-06
4706,-3.0034986198482025819415149742175330516147e-06
4707,-3.0034986232558648331400323605588909003927e-06
4708,-3.0034986249634582673327578422606265462491e-06
4709,-3.0034986224326381703847877596702531377559e-06
4710,-3.0034986187537733336508621179161693248716e-06
4711,-3.0034986232558648331400323605588909003927e-06
4712,-3.0034986249634582673327578422606265462491e-06
4713,-3.0034986224326381703847877596702531377559e-06
4714,-3.0034986187537733336508621179161693248716e-06
4715,-3.0034986232558648331400323605588909003927e-06
4716,-3.0034986249634582673327578422606265462491e-06
4717,-3.0034986224326381703847877596702531377559e-06
4718,-3.0034986187537733336508621179161693248716e-06
4719,-3.0034986232558648331400323605588909003927e-06
4720,-3.0034986249634582673327578422606265462491e-06
4721,-3.0034986224326381703847877596702531377559e-06
4722,-3.0034986187537733336508621179161693248716e-06
4723,-3.0034986232558648331400323605588909003927e-06
4724,-3.0034986249634582673327578422606265462491e-06
4725,-3.0034986224326381703847877596702531377559e-06
4726,-3.0034986187537733336508621179161693248716e-06
4727,-3.0034986232558648331400323605588909003927e-06
4728,-3.0034986249634582673327578422606265462491e-06
4729,-3.0034986198482025819415149742175330516147e-06
4730,-3.0034986232558648331400323605588909003927e-06
4731,-3.0034986249634582673327578422606265462491e-06
4732,-3.0034986224326381703847877596702531377559e-06
4733,-3.0034986187537733336508621179161693248716e-06
4734,-3.0034986194789313688059510798478157767022e-06
4735,-3.0034986169324818199152446474009536814265e-06
4736,-3.0034986206994876345910319009879785312478e-06
4737,-3.0034986113390675654694766949504014519334e-06
4738,-3.0034986114603364254949276201944741160332e-06
4739,-3.0034986206994876345910319009879785312478e-06
4740,-3.0034986113390675654694766949504014519334e-06
4741,-3.0034986114603364254949276201944741160332e-06
4742,-3.0034986231042755817346665003775285640586e-06
4743,-3.0034986202157691412707295891548753274947e-06
4744,-3.0034986206994876345910319009879785312478e-06
4745,-3.0034986113390675654694766949504014519334e-06
4746,-3.0034986114603364254949276201944741160332e-06
4747,-3.0034986206994876345910319009879785312478e-06
4748,-3.0034986113390675654694766949504014519334e-06
4749,-3.0034986114603364254949276201944741160332e-06
4750,-3.0034986206994876345910319009879785312478e-06
4751,-3.0034986113390675654694766949504014519334e-06
4752,-3.0034986114603364254949276201944741160332e-06
4753,-3.0034986231042755817346665003775285640586e-06
4754,-3.0034986202157691412707295891548753274947e-06
4755,-3.0034986206994876345910319009879785312478e-06
4756,-3.0034986113390675654694766949504014519334e-06
4757,-3.0034986114603364254949276201944741160332e-06
4758,-3.0034986206994876345910319009879785312478e-06
4759,-3.0034986113390675654694766949504014519334e-06
4760,-3.0034986114603364254949276201944741160332e-06
4761,-3.0034986231042755817346665003775285640586e-06
4762,-3.0034986202157691412707295891548753274947e-06
4763,-3.0034986206994876345910319009879785312478e-06
4764,-3.0034986113390675654694766949504014519334e-06
4765,-3.0034986114603364254949276201944741160332e-06
4766,-3.0034986206994876345910319009879785312478e-06
4767,-3.0034986113390675654694766949504014519334e-06
4768,-3.0034986114603364254949276201944741160332e-06
4769,-3.0034986206994876345910319009879785312478e-06
4770,-3.0034986113390675654694766949504014519334e-06
4771,-3.0034986114603364254949276201944741160332e-06
4772,-3.0034986231042755817346665003775285640586e-06
4773,-3.0034986202157691412707295891548753274947e-06
4774,-3.0034986206994876345910319009879785312478e-06
4775,-3.0034986113390675654694766949504014519334e-06
4776,-3.0034986114603364254949276201944741160332e-06
4777,-3.0034986206994876345910319009879785312478e-06
4778,-3.0034986113390675654694766949504014519334e-06
4779,-3.0034986114603364254949276201944741160332e-06
4780,-3.0034986231042755817346665003775285640586e-06
4781,-3.0034986202157691412707295891548753274947e-06
4782,-3.0034986206994876345910319009879785312478e-06
4783,-3.0034986113390675654694766949504014519334e-06
4784,-3.0034986114603364254949276201944741160332e-06
4785,-3.0034986206994876345910319009879785312478e-06
4786,-3.0034986113390675654694766949504014519334e-06
4787,-3.0034986114603364254949276201944741160332e-06
4788,-3.0034986231042755817346665003775285640586e-06
4789,-3.0034986202157691412707295891548753274947e-06
4790,-3.0034986206994876345910319009879785312478e-06
4791,-3.0034986113390675654694766949504014519334e-06
4792,-3.0034986114603364254949276201944741160332e-06
4793,-3.0034986206994876345910319009879785312478e-06
4794,-3.0034986113390675654694766949504014519334e-06
4795,-3.0034986114603364254949276201944741160332e-06
4796,-3.0034986206994876345910319009879785312478e-06
4797,-3.0034986113390675654694766949504014519334e-06
4798,-3.0034986114603364254949276201944741160332e-06
4799,-3.0034986231042755817346665003775285640586e-06
4800,-3.0034986202157691412707295891548753274947e-06
4801,-3.0034986206994876345910319009879785312478e-06
4802,-3.0034986113390675654694766949504014519334e-06
4803,-3.0034986114603364254949276201944741160332e-06
4804,-3.0034986206994876345910319009879785312478e-06
4805,-3.0034986113390675654694766949504014519334e-06
4806,-3.0034986114603364254949276201944741160332e-06
4807,-3.0034986231042755817346665003775285640586e-06
4808,-3.0034986202157691412707295891548753274947e-06
4809,-3.0034986206994876345910319009879785312478e-06
4810,-3.0034986113390675654694766949504014519334e-06
4811,-3.0034986114603364254949276201944741160332e-06
4812,-3.0034986206994876345910319009879785312478e-06
4813,-3.0034986113390675654694766949504014519334e-06
4814,-3.0034986114603364254949276201944741160332e-06
4815,-3.0034986206994876345910319009879785312478e-06
4816,-3.0034986113390675654694766949504014519334e-06
4817,-3.0034986114603364254949276201944741160332e-06
4818,-3.0034986231042755817346665003775285640586e-06
4819,-3.0034986202157691412707295891548753274947e-06
4820,-3.0034986206994876345910319009879785312478e-06
4821,-3.0034986113390675654694766949504014519334e-06
4822,-3.0034986114603364254949276201944741160332e-06
4823,-3.0034986206994876345910319009879785312478e-06
4824,-3.0034986113390675654694766949504014519334e-06
4825,-3.0034986114603364254949276201944741160332e-06
4826,-3.0034986231042755817346665003775285640586e-06
4827,-3.0034986202157691412707295891548753274947e-06
4828,-3.0034986206994876345910319009879785312478e-06
4829,-3.0034986113390675654694766949504014519334e-06
4830,-3.0034986114603364254949276201944741160332e-06
4831,-3.0034986206994876345910319009879785312478e-06
4832,-3.0034986113390675654694766949504014519334e-06
4833,-3.0034986114603364254949276201944741160332e-06
4834,-3.0034986206994876345910319009879785312478e-06
4835,-3.0034986113390675654694766949504014519334e-06
4836,-3.0034986114603364254949276201944741160332e-06
4837,-3.0034986231042755817346665003775285640586e-06
4838,-3.0034986202157691412707295891548753274947e-06
4839,-3.0034986206994876345910319009879785312478e-06
4840,-3.0034986113390675654694766949504014519334e-06
4841,-3.0034986114603364254949276201944741160332e-06
4842,-3.0034986206994876345910319009879785312478e-06
4843,-3.0034986113390675654694766949504014519334e-06
4844,-3.0034986114603364254949276201944741160332e-06
4845,-3.0034986231042755817346665003775285640586e-06
4846,-3.0034986202157691412707295891548753274947e-06
4847,-3.0034986206994876345910319009879785312478e-06
4848,-3.0034986113390675654694766949504014519334e-06
4849,-3.0034986114603364254949276201944741160332e-06
4850,-3.0034986206994876345910319009879785312478e-06
4851,-3.0034986113390675654694766949504014519334e-06
4852,-3.0034986114603364254949276201944741160332e-06
4853,-3.0034986231042755817346665003775285640586e-06
4854,-3.0034986202157691412707295891548753274947e-06
4855,-3.0034986206994876345910319009879785312478e-06
4856,-3.0034986113390675654694766949504014519334e-06
4857,-3.0034986114603364254949276201944741160332e-06
4858,-3.0034986206994876345910319009879785312478e-06
4859,-3.0034986113390675654694766949504014519334e-06
4860,-3.0034986114603364254949276201944741160332e-06
4861,-3.0034986206994876345910319009879785312478e-06
4862,-3.0034986113390675654694766949504014519334e-06
4863,-3.0034986114603364254949276201944741160332e-06
4864,-3.0034986231042755817346665003775285640586e-06
4865,-3.0034986202157691412707295891548753274947e-06
4866,-3.0034986206994876345910319009879785312478e-06
4867,-3.0034986113390675654694766949504014519334e-06
4868,-3.0034986114603364254949276201944741160332e-06
4869,-3.0034986206994876345910319009879785312478e-06
4870,-3.0034986113390675654694766949504014519334e-06
4871,-3.0034986114603364254949276201944741160332e-06
4872,-3.0034986231042755817346665003775285640586e-06
4873,-3.0034986202157691412707295891548753274947e-06
4874,-3.0034986206994876345910319009879785312478e-06
4875,-3.0034986113390675654694766949504014519334e-06
4876,-3.0034986114603364254949276201944741160332e-06
4877,-3.0034986206994876345910319009879785312478e-06
4878,-3.0034986113390675654694766949504014519334e-06
4879,-3.0034986114603364254949276201944741160332e-06
4880,-3.0034986206994876345910319009879785312478e-06
4881,-3.0034986113390675654694766949504014519334e-06
4882,-3.0034986114603364254949276201944741160332e-06
4883,-3.0034986231042755817346665003775285640586e-06
4884,-3.0034986202157691412707295891548753274947e-06
4885,-3.0034986206994876345910319009879785312478e-06
4886,-3.0034986113390675654694766949504014519334e-06
4887,-3.0034986114603364254949276201944741160332e-06
4888,-3.0034986206994876345910319009879785312478e-06
4889,-3.0034986113390675654694766949504014519334e-06
4890,-3.0034986114603364254949276201944741160332e-06
4891,-3.0034986231042755817346665003775285640586e-06
4892,-3.0034986202157691412707295891548753274947e-06
4893,-3.0034986305267634651189508077084866499717e-06
4894,-3.6582041834191418744766999473119684416198e-16
4895,4.8064090339382722201495591030486023631635e-16
4896,-3.0023549803522632154579793950510691047384e-06
4897,-3.0023549831079523486936002502067921682283e-06
4898,-3.0023549896061718560776217235019913687211e-06
4899,-3.0023549882101086695555553635061940553896e-06
4900,-3.0023549880132671064596021348602761236180e-06
4901,-3.0023549831079523486936002502067921682283e-06
4902,-3.0023549896061718560776217235019913687211e-06
4903,-3.0023549882101086695555553635061940553896e-06
4904,-3.0023549880132671064596021348602761236180e-06
4905,-3.0023549831079523486936002502067921682283e-06
4906,-3.0023549896061718560776217235019913687211e-06
4907,-3.0023549882101086695555553635061940553896e-06
4908,-3.0023549880132671064596021348602761236180e-06
4909,-3.0023549831079523486936002502067921682283e-06
4910,-3.0023549896061718560776217235019913687211e-06
4911,-3.0023549882101086695555553635061940553896e-06
4912,-3.0023549880132671064596021348602761236180e-06
4913,-3.0023549831079523486936002502067921682283e-06
4914,-3.0023549896061718560776217235019913687211e-06
4915,-3.0023549882101086695555553635061940553896e-06
4916,-3.0023549880132671064596021348602761236180e-06
4917,-3.0023549831079523486936002502067921682283e-06
4918,-3.0023549865684652206360497062043179994362e-06
4919,-3.0023549880132671064596021348602761236180e-06
4920,-3.0023549831079523486936002502067921682283e-06
4921,-3.0023549896061718560776217235019913687211e-06
4922,-3.0023549882101086695555553635061940553896e-06
4923,-3.0023549880132671064596021348602761236180e-06
4924,-3.0023549831079523486936002502067921682283e-06
4925,-3.0023549896061718560776217235019913687211e-06
4926,-3.0023549882101086695555553635061940553896e-06
4927,-3.0023549880132671064596021348602761236180e-06
4928,-3.0023549831079523486936002502067921682283e-06
4929,-3.0023549865684652206360497062043179994362e-06
4930,-3.0023549880132671064596021348602761236180e-06
4931,-3.0023549831079523486936002502067921682283e-06
4932,-3.0023549896061718560776217235019913687211e-06
4933,-3.0023549901533864802229481516526732320926e-06
4934,-3.0023549882101086695555553635061940553896e-06
4935,-3.0023549880132671064596021348602761236180e-06
4936,-3.0023549831079523486936002502067921682283e-06
4937,-3.0023549865684652206360497062043179994362e-06
4938,-3.0023549880132671064596021348602761236180e-06
4939,-3.0023549831079523486936002502067921682283e-06
4940,-3.0023549896061718560776217235019913687211e-06
4941,-3.0023549901533864802229481516526732320926e-06
4942,-3.0023549882101086695555553635061940553896e-06
4943,-3.0023549880132671064596021348602761236180e-06
4944,-3.0023549831079523486936002502067921682283e-06
4945,-3.0023549865684652206360497062043179994362e-06
4946,-3.0023549880132671064596021348602761236180e-06
4947,-3.0023549831079523486936002502067921682283e-06
4948,-3.0023549865684652206360497062043179994362e-06
4949,-3.0023549880132671064596021348602761236180e-06
4950,-3.0023549831079523486936002502067921682283e-06
4951,-3.0023549896061718560776217235019913687211e-06
4952,-3.0023549901533864802229481516526732320926e-06
4953,-3.0023549882101086695555553635061940553896e-06
4954,-3.0023549880132671064596021348602761236180e-06
4955,-3.0023549831079523486936002502067921682283e-06
4956,-3.0023549865684652206360497062043179994362e-06
4957,-3.0023549880132671064596021348602761236180e-06
4958,-3.0023549831079523486936002502067921682283e-06
4959,-3.0023549896061718560776217235019913687211e-06
4960,-3.0023549901533864802229481516526732320926e-06
4961,-3.0023549882101086695555553635061940553896e-06
4962,-3.0023549880132671064596021348602761236180e-06
4963,-3.0023549831079523486936002502067921682283e-06
4964,-3.0023549865684652206360497062043179994362e-06
4965,-3.0023549880132671064596021348602761236180e-06
4966,-3.0023549831079523486936002502067921682283e-06
4967,-3.0023549865684652206360497062043179994362e-06
4968,-3.0023549902772481080999444902346340313670e-06
4969,-3.0023549852284561334644311797470450642322e-06
4970,-3.0023549893471500278402039341152374163357e-06
4971,-3.0023549831079523486936002502067921682283e-06
4972,-3.0023549865684652206360497062043179994362e-06
4973,-3.0023549880132671064596021348602761236180e-06
4974,-3.0023549831079523486936002502067921682283e-06
4975,-3.0023549892159488594752490830952496025930e-06
4976,-3.0023549925121076934972103728016534773815e-06
4977,-3.0023549906523638485715630569439227315343e-06
4978,-3.0023549941537511424167160301035295333349e-06
4979,-3.0023549906523638485715630569439227315343e-06
4980,-3.0023549876628703284877058149460182789880e-06
4981,-3.0023549972660110767767698003449794441622e-06
4982,-3.0023549868218623265872253141894887562557e-06
4983,-3.0023549941537511424167160301035295333349e-06
4984,-3.0023549906523638485715630569439227315343e-06
4985,-3.0023549941537511424167160301035295333349e-06
4986,-3.0023549906523638485715630569439227315343e-06
4987,-3.0023549941537511424167160301035295333349e-06
4988,-3.0023549906523638485715630569439227315343e-06
4989,-3.0023549941537511424167160301035295333349e-06
4990,-3.0023549906523638485715630569439227315343e-06
4991,-3.0023549941537511424167160301035295333349e-06
4992,-3.0023549906523638485715630569439227315343e-06
4993,-3.0023549941537511424167160301035295333349e-06
4994,-3.0023549906523638485715630569439227315343e-06
4995,-3.0023549941537511424167160301035295333349e-06
4996,-3.0023549906523638485715630569439227315343e-06
4997,-3.0023549941537511424167160301035295333349e-06
4998,-3.0023549906523638485715630569439227315343e-06
4999,-3.0023549941537511424167160301035295333349e-06
5000,-3.0023549906523638485715630569439227315343e-06
5001,-3.0023549876628703284877058149460182789880e-06
5002,-3.0023549972660110767767698003449794441622e-06
5003,-3.0023549868218623265872253141894887562557e-06
5004,-3.0023549941537511424167160301035295333349e-06
5005,-3.0023549906523638485715630569439227315343e-06
5006,-3.0023549941537511424167160301035295333349e-06
5007,-3.0023549906523638485715630569439227315343e-06
5008,-3.0023549941537511424167160301035295333349e-06
5009,-3.0023549906523638485715630569439227315343e-06
5010,-3.0023549941537511424167160301035295333349e-06
5011,-3.0023549906523638485715630569439227315343e-06
5012,-3.0023549941537511424167160301035295333349e-06
5013,-3.0023549906523638485715630569439227315343e-06
5014,-3.0023549941537511424167160301035295333349e-06
5015,-3.0023549906523638485715630569439227315343e-06
5016,-3.0023549941537511424167160301035295333349e-06
5017,-3.0023549906523638485715630569439227315343e-06
5018,-3.0023549941537511424167160301035295333349e-06
5019,-3.0023549906523638485715630569439227315343e-06
5020,-3.0023549941537511424167160301035295333349e-06
5021,-3.0023549906523638485715630569439227315343e-06
5022,-3.0023549876628703284877058149460182789880e-06
5023,-3.0023549972660110767767698003449794441622e-06
5024,-3.0023549868218623265872253141894887562557e-06
5025,-3.0023549941537511424167160301035295333349e-06
5026,-3.0023549906523638485715630569439227315343e-06
5027,-3.0023549941537511424167160301035295333349e-06
5028,-3.0023549906523638485715630569439227315343e-06
5029,-3.0023549941537511424167160301035295333349e-06
5030,-3.0023549906523638485715630569439227315343e-06
5031,-3.0023549941537511424167160301035295333349e-06
5032,-3.0023549906523638485715630569439227315343e-06
5033,-3.0023549941537511424167160301035295333349e-06
5034,-3.0023549906523638485715630569439227315343e-06
5035,-3.0023549941537511424167160301035295333349e-06
5036,-3.0023549895377472640489984606615436746324e-06
5037,-3.0023549860212505964907232780536361360646e-06
5038,-3.0023549880132671064596021348602761236180e-06
5039,-3.0023549831079523486936002502067921682283e-06
5040,-3.0023549896061718560776217235019913687211e-06
5041,-3.0023549882101086695555553635061940553896e-06
5042,-3.0023549880132671064596021348602761236180e-06
5043,-3.0023549831079523486936002502067921682283e-06
5044,-3.0023549865684652206360497062043179994362e-06
5045,-3.0023549880132671064596021348602761236180e-06
5046,-3.0023549831079523486936002502067921682283e-06
5047,-3.0023549896061718560776217235019913687211e-06
5048,-3.0023549882101086695555553635061940553896e-06
5049,-3.0023549880132671064596021348602761236180e-06
5050,-3.0023549831079523486936002502067921682283e-06
5051,-3.0023549896061718560776217235019913687211e-06
5052,-3.0023549882101086695555553635061940553896e-06
5053,-3.0023549880132671064596021348602761236180e-06
5054,-3.0023549831079523486936002502067921682283e-06
5055,-3.0023549896061718560776217235019913687211e-06
5056,-3.0023549882101086695555553635061940553896e-06
5057,-3.0023549880132671064596021348602761236180e-06
5058,-3.0023549831079523486936002502067921682283e-06
5059,-3.0023549896061718560776217235019913687211e-06
5060,-3.0023549882101086695555553635061940553896e-06
5061,-3.0023549880132671064596021348602761236180e-06
5062,-3.0023549831079523486936002502067921682283e-06
5063,-3.0023549896061718560776217235019913687211e-06
5064,-3.0023549882101086695555553635061940553896e-06
5065,-3.0023549880132671064596021348602761236180e-06
5066,-3.0023549831079523486936002502067921682283e-06
5067,-3.0023549865684652206360497062043179994362e-06
5068,-3.0023549880132671064596021348602761236180e-06
5069,-3.0023549831079523486936002502067921682283e-06
5070,-3.0023549896061718560776217235019913687211e-06
5071,-3.0023549882101086695555553635061940553896e-06
5072,-3.0023549880132671064596021348602761236180e-06
5073,-3.0023549831079523486936002502067921682283e-06
5074,-3.0023549896061718560776217235019913687211e-06
5075,-3.0023549882101086695555553635061940553896e-06
5076,-3.0023549880132671064596021348602761236180e-06
5077,-3.0023549831079523486936002502067921682283e-06
5078,-3.0023549896061718560776217235019913687211e-06
5079,-3.0023549882101086695555553635061940553896e-06
5080,-3.0023549880132671064596021348602761236180e-06
5081,-3.0023549831079523486936002502067921682283e-06
5082,-3.0023549896061718560776217235019913687211e-06
5083,-3.0023549882101086695555553635061940553896e-06
5084,-3.0023549880132671064596021348602761236180e-06
5085,-3.0023549831079523486936002502067921682283e-06
5086,-3.0023549865684652206360497062043179994362e-06
5087,-3.0023549880132671064596021348602761236180e-06
5088,-3.0023549831079523486936002502067921682283e-06
5089,-3.0023549896061718560776217235019913687211e-06
5090,-3.0023549882101086695555553635061940553896e-06
5091,-3.0023549880132671064596021348602761236180e-06
5092,-3.0023549831079523486936002502067921682283e-06
5093,-3.0023549896061718560776217235019913687211e-06
5094,-3.0023549882101086695555553635061940553896e-06
5095,-3.0023549880132671064596021348602761236180e-06
5096,-3.0023549831079523486936002502067921682283e-06
5097,-3.0023549896061718560776217235019913687211e-06
5098,-3.0023549882101086695555553635061940553896e-06
5099,-3.0023549880132671064596021348602761236180e-06
5100,-3.0023549831079523486936002502067921682283e-06
5101,-3.0023549896061718560776217235019913687211e-06
5102,-3.0023549882101086695555553635061940553896e-06
5103,-3.0023549880132671064596021348602761236180e-06
5104,-3.0023549831079523486936002502067921682283e-06
5105,-3.0023549896061718560776217235019913687211e-06
5106,-3.0023549882101086695555553635061940553896e-06
5107,-3.0023549880132671064596021348602761236180e-06
5108,-3.0023549831079523486936002502067921682283e-06
5109,-3.0023549865684652206360497062043179994362e-06
5110,-3.0023549880132671064596021348602761236180e-06
5111,-3.0023549831079523486936002502067921682283e-06
5112,-3.0023549896061718560776217235019913687211e-06
5113,-3.0023549882101086695555553635061940553896e-06
5114,-3.0023549880132671064596021348602761236180e-06
5115,-3.0023549831079523486936002502067921682283e-06
5116,-3.0023549896061718560776217235019913687211e-06
5117,-3.0023549882101086695555553635061940553896e-06
5118,-3.0023549880132671064596021348602761236180e-06
5119,-3.0023549831079523486936002502067921682283e-06
5120,-3.0023549896061718560776217235019913687211e-06
5121,-3.0023549882101086695555553635061940553896e-06
5122,-3.0023549880132671064596021348602761236180e-06
5123,-3.0023549831079523486936002502067921682283e-06
5124,-3.0023549896061718560776217235019913687211e-06
5125,-3.0023549882101086695555553635061940553896e-06
5126,-3.0023549880132671064596021348602761236180e-06
5127,-3.0023549831079523486936002502067921682283e-06
5128,-3.0023549865684652206360497062043179994362e-06
5129,-3.0023549880132671064596021348602761236180e-06
5130,-3.0023549831079523486936002502067921682283e-06
5131,-3.0023549896061718560776217235019913687211e-06
5132,-3.0023549882101086695555553635061940553896e-06
5133,-3.0023549880132671064596021348602761236180e-06
5134,-3.0023549831079523486936002502067921682283e-06
5135,-3.0023549896061718560776217235019913687211e-06
5136,-3.0023549882101086695555553635061940553896e-06
5137,-3.0023549880132671064596021348602761236180e-06
5138,-3.0023549831079523486936002502067921682283e-06
5139,-3.0023549896061718560776217235019913687211e-06
5140,-3.0023549882101086695555553635061940553896e-06
5141,-3.0023549880132671064596021348602761236180e-06
5142,-3.0023549831079523486936002502067921682283e-06
5143,-3.0023549896061718560776217235019913687211e-06
5144,-3.0023549882101086695555553635061940553896e-06
5145,-3.0023549880132671064596021348602761236180e-06
5146,-3.0023549831079523486936002502067921682283e-06
5147,-3.0023549896061718560776217235019913687211e-06
5148,-3.0023549882101086695555553635061940553896e-06
5149,-3.0023549880132671064596021348602761236180e-06
5150,-3.0023549831079523486936002502067921682283e-06
5151,-3.0023549865684652206360497062043179994362e-06
5152,-3.0023549880132671064596021348602761236180e-06
5153,-3.0023549831079523486936002502067921682283e-06
5154,-3.0023549896061718560776217235019913687211e-06
5155,-3.0023549882101086695555553635061940553896e-06
5156,-3.0023549880132671064596021348602761236180e-06
5157,-3.0023549831079523486936002502067921682283e-06
5158,-3.0023549896061718560776217235019913687211e-06
5159,-3.0023549882101086695555553635061940553896e-06
5160,-3.0023549880132671064596021348602761236180e-06
5161,-3.0023549831079523486936002502067921682283e-06
5162,-3.0023549896061718560776217235019913687211e-06
5163,-3.0023549882101086695555553635061940553896e-06
5164,-3.0023549880132671064596021348602761236180e-06
5165,-3.0023549831079523486936002502067921682283e-06
5166,-3.0023549896061718560776217235019913687211e-06
5167,-3.0023549882101086695555553635061940553896e-06
5168,-3.0023549880132671064596021348602761236180e-06
5169,-3.0023549831079523486936002502067921682283e-06
5170,-3.0023549896061718560776217235019913687211e-06
5171,-3.0023549882101086695555553635061940553896e-06
5172,-3.0023549880132671064596021348602761236180e-06
5173,-3.0023549831079523486936002502067921682283e-06
5174,-3.0023549865684652206360497062043179994362e-06
5175,-3.0023549880132671064596021348602761236180e-06
5176,-3.0023549831079523486936002502067921682283e-06
5177,-3.0023549896061718560776217235019913687211e-06
5178,-3.0023549882101086695555553635061940553896e-06
5179,-3.0023549902772481080999444902346340313670e-06
5180,-3.0023549852284561334644311797470450642322e-06
5181,-3.0023549860358360803259687027422231153651e-06
5182,-3.0023549869597122800716527957209933674676e-06
5183,-3.0023549923422449768042538642554006855789e-06
5184,-3.0023549860358360803259687027422231153651e-06
5185,-3.0023549869597122800716527957209933674676e-06
5186,-3.0023549923422449768042538642554006855789e-06
5187,-3.0023549932527749019165255739416409141995e-06
5188,-3.0023549885117434548199161215009667103004e-06
5189,-3.0023549860358360803259687027422231153651e-06
5190,-3.0023549869597122800716527957209933674676e-06
5191,-3.0023549923422449768042538642554006855789e-06
5192,-3.0023549860358360803259687027422231153651e-06
5193,-3.0023549869597122800716527957209933674676e-06
5194,-3.0023549923422449768042538642554006855789e-06
5195,-3.0023549860358360803259687027422231153651e-06
5196,-3.0023549869597122800716527957209933674676e-06
5197,-3.0023549923422449768042538642554006855789e-06
5198,-3.0023549932527749019165255739416409141995e-06
5199,-3.0023549885117434548199161215009667103004e-06
5200,-3.0023549860358360803259687027422231153651e-06
5201,-3.0023549869597122800716527957209933674676e-06
5202,-3.0023549923422449768042538642554006855789e-06
5203,-3.0023549860358360803259687027422231153651e-06
5204,-3.0023549869597122800716527957209933674676e-06
5205,-3.0023549923422449768042538642554006855789e-06
5206,-3.0023549932527749019165255739416409141995e-06
5207,-3.0023549885117434548199161215009667103004e-06
5208,-3.0023549860358360803259687027422231153651e-06
5209,-3.0023549869597122800716527957209933674676e-06
5210,-3.0023549923422449768042538642554006855789e-06
5211,-3.0023549860358360803259687027422231153651e-06
5212,-3.0023549869597122800716527957209933674676e-06
5213,-3.0023549923422449768042538642554006855789e-06
5214,-3.0023549860358360803259687027422231153651e-06
5215,-3.0023549869597122800716527957209933674676e-06
5216,-3.0023549923422449768042538642554006855789e-06
5217,-3.0023549932527749019165255739416409141995e-06
5218,-3.0023549885117434548199161215009667103004e-06
5219,-3.0023549860358360803259687027422231153651e-06
5220,-3.0023549869597122800716527957209933674676e-06
5221,-3.0023549923422449768042538642554006855789e-06
5222,-3.0023549860358360803259687027422231153651e-06
5223,-3.0023549869597122800716527957209933674676e-06
5224,-3.0023549923422449768042538642554006855789e-06
5225,-3.0023549932527749019165255739416409141995e-06
5226,-3.0023549885117434548199161215009667103004e-06
5227,-3.0023549860358360803259687027422231153651e-06
5228,-3.0023549869597122800716527957209933674676e-06
5229,-3.0023549923422449768042538642554006855789e-06
5230,-3.0023549860358360803259687027422231153651e-06
5231,-3.0023549869597122800716527957209933674676e-06
5232,-3.0023549923422449768042538642554006855789e-06
5233,-3.0023549932527749019165255739416409141995e-06
5234,-3.0023549885117434548199161215009667103004e-06
5235,-3.0023549860358360803259687027422231153651e-06
5236,-3.0023549869597122800716527957209933674676e-06
5237,-3.0023549923422449768042538642554006855789e-06
5238,-3.0023549860358360803259687027422231153651e-06
5239,-3.0023549869597122800716527957209933674676e-06
5240,-3.0023549923422449768042538642554006855789e-06
5241,-3.0023549860358360803259687027422231153651e-06
5242,-3.0023549869597122800716527957209933674676e-06
5243,-3.0023549923422449768042538642554006855789e-06
5244,-3.0023549932527749019165255739416409141995e-06
5245,-3.0023549885117434548199161215009667103004e-06
5246,-3.0023549860358360803259687027422231153651e-06
5247,-3.0023549869597122800716527957209933674676e-06
5248,-3.0023549923422449768042538642554006855789e-06
5249,-3.0023549860358360803259687027422231153651e-06
5250,-3.0023549869597122800716527957209933674676e-06
5251,-3.0023549923422449768042538642554006855789e-06
5252,-3.0023549932527749019165255739416409141995e-06
5253,-3.0023549885117434548199161215009667103004e-06
5254,-3.0023549860358360803259687027422231153651e-06
5255,-3.0023549869597122800716527957209933674676e-06
5256,-3.0023549923422449768042538642554006855789e-06
5257,-3.0023549860358360803259687027422231153651e-06
5258,-3.0023549869597122800716527957209933674676e-06
5259,-3.0023549923422449768042538642554006855789e-06
5260,-3.0023549860358360803259687027422231153651e-06
5261,-3.0023549869597122800716527957209933674676e-06
5262,-3.0023549923422449768042538642554006855789e-06
5263,-3.0023549932527749019165255739416409141995e-06
5264,-3.0023549885117434548199161215009667103004e-06
5265,-3.0023549860358360803259687027422231153651e-06
5266,-3.0023549869597122800716527957209933674676e-06
5267,-3.0023549923422449768042538642554006855789e-06
5268,-3.0023549860358360803259687027422231153651e-06
5269,-3.0023549869597122800716527957209933674676e-06
5270,-3.0023549923422449768042538642554006855789e-06
5271,-3.0023549932527749019165255739416409141995e-06
5272,-3.0023549885117434548199161215009667103004e-06
5273,-3.0023549860358360803259687027422231153651e-06
5274,-3.0023549869597122800716527957209933674676e-06
5275,-3.0023549923422449768042538642554006855789e-06
5276,-3.0023549860358360803259687027422231153651e-06
5277,-3.0023549869597122800716527957209933674676e-06
5278,-3.0023549923422449768042538642554006855789e-06
5279,-3.0023549860358360803259687027422231153651e-06
5280,-3.0023549869597122800716527957209933674676e-06
5281,-3.0023549923422449768042538642554006855789e-06
5282,-3.0023549932527749019165255739416409141995e-06
5283,-3.0023549885117434548199161215009667103004e-06
5284,-3.0023549860358360803259687027422231153651e-06
5285,-3.0023549869597122800716527957209933674676e-06
5286,-3.0023549923422449768042538642554006855789e-06
5287,-3.0023549860358360803259687027422231153651e-06
5288,-3.0023549869597122800716527957209933674676e-06
5289,-3.0023549923422449768042538642554006855789e-06
5290,-3.0023549932527749019165255739416409141995e-06
5291,-3.0023549885117434548199161215009667103004e-06
5292,-3.0023549860358360803259687027422231153651e-06
5293,-3.0023549869597122800716527957209933674676e-06
5294,-3.0023549923422449768042538642554006855789e-06
5295,-3.0023549860358360803259687027422231153651e-06
5296,-3.0023549869597122800716527957209933674676e-06
5297,-3.0023549923422449768042538642554006855789e-06
5298,-3.0023549932527749019165255739416409141995e-06
5299,-3.0023549885117434548199161215009667103004e-06
5300,-3.0023549860358360803259687027422231153651e-06
5301,-3.0023549869597122800716527957209933674676e-06
5302,-3.0023549923422449768042538642554006855789e-06
5303,-3.0023549860358360803259687027422231153651e-06
5304,-3.0023549869597122800716527957209933674676e-06
5305,-3.0023549923422449768042538642554006855789e-06
5306,-3.0023549860358360803259687027422231153651e-06
5307,-3.0023549869597122800716527957209933674676e-06
5308,-3.0023549923422449768042538642554006855789e-06
5309,-3.0023549932527749019165255739416409141995e-06
5310,-3.0023549885117434548199161215009667103004e-06
5311,-3.0023549860358360803259687027422231153651e-06
5312,-3.0023549869597122800716527957209933674676e-06
5313,-3.0023549923422449768042538642554006855789e-06
5314,-3.0023549860358360803259687027422231153651e-06
5315,-3.0023549869597122800716527957209933674676e-06
5316,-3.0023549923422449768042538642554006855789e-06
5317,-3.0023549932527749019165255739416409141995e-06
5318,-3.0023549885117434548199161215009667103004e-06
5319,-3.0023549860358360803259687027422231153651e-06
5320,-3.0023549869597122800716527957209933674676e-06
5321,-3.0023549923422449768042538642554006855789e-06
5322,-3.0023549860358360803259687027422231153651e-06
5323,-3.0023549869597122800716527957209933674676e-06
5324,-3.0023549923422449768042538642554006855789e-06
5325,-3.0023549860358360803259687027422231153651e-06
5326,-3.0023549869597122800716527957209933674676e-06
5327,-3.0023549923422449768042538642554006855789e-06
5328,-3.0023549932527749019165255739416409141995e-06
5329,-3.0023549885117434548199161215009667103004e-06
5330,-3.0023549860358360803259687027422231153651e-06
5331,-3.0023549869597122800716527957209933674676e-06
5332,-3.0023549923422449768042538642554006855789e-06
5333,-3.0023549860358360803259687027422231153651e-06
5334,-3.0023549869597122800716527957209933674676e-06
5335,-3.0023549923422449768042538642554006855789e-06
5336,-3.0023549932527749019165255739416409141995e-06
5337,-3.0023549885117434548199161215009667103004e-06
5338,-3.0023549922196187464808279227179710346718e-06
5339,2.1628992703527338637553119850794020203874e-15
5340,-5.2407470589228233989290396326099874201078e-16
5341,-3.0014268079778877996413762041516548606523e-06
5342,-3.0014268072083329560724267170979118191099e-06
5343,-3.0014268112782881511467134028059433603630e-06
5344,-3.0014268097563817031675492685849349072669e-06
5345,-3.0014268098931385606335450755288718482916e-06
5346,-3.0014268072083329560724267170979118191099e-06
5347,-3.0014268112782881511467134028059433603630e-06
5348,-3.0014268097563817031675492685849349072669e-06
5349,-3.0014268098931385606335450755288718482916e-06
5350,-3.0014268072083329560724267170979118191099e-06
5351,-3.0014268112782881511467134028059433603630e-06
5352,-3.0014268097563817031675492685849349072669e-06
5353,-3.0014268098931385606335450755288718482916e-06
5354,-3.0014268072083329560724267170979118191099e-06
5355,-3.0014268112782881511467134028059433603630e-06
5356,-3.0014268097563817031675492685849349072669e-06
5357,-3.0014268098931385606335450755288718482916e-06
5358,-3.0014268072083329560724267170979118191099e-06
5359,-3.0014268112782881511467134028059433603630e-06
5360,-3.0014268097563817031675492685849349072669e-06
5361,-3.0014268098931385606335450755288718482916e-06
5362,-3.0014268072083329560724267170979118191099e-06
5363,-3.0014268111244182635308653389616395656958e-06
5364,-3.0014268098931385606335450755288718482916e-06
5365,-3.0014268072083329560724267170979118191099e-06
5366,-3.0014268112782881511467134028059433603630e-06
5367,-3.0014268097563817031675492685849349072669e-06
5368,-3.0014268098931385606335450755288718482916e-06
5369,-3.0014268072083329560724267170979118191099e-06
5370,-3.0014268112782881511467134028059433603630e-06
5371,-3.0014268097563817031675492685849349072669e-06
5372,-3.0014268098931385606335450755288718482916e-06
5373,-3.0014268072083329560724267170979118191099e-06
5374,-3.0014268111244182635308653389616395656958e-06
5375,-3.0014268098931385606335450755288718482916e-06
5376,-3.0014268072083329560724267170979118191099e-06
5377,-3.0014268112782881511467134028059433603630e-06
5378,-3.0014268096366447022272077455040673044095e-06
5379,-3.0014268097563817031675492685849349072669e-06
5380,-3.0014268098931385606335450755288718482916e-06
5381,-3.0014268072083329560724267170979118191099e-06
5382,-3.0014268111244182635308653389616395656958e-06
5383,-3.0014268098931385606335450755288718482916e-06
5384,-3.0014268072083329560724267170979118191099e-06
5385,-3.0014268112782881511467134028059433603630e-06
5386,-3.0014268096366447022272077455040673044095e-06
5387,-3.0014268097563817031675492685849349072669e-06
5388,-3.0014268098931385606335450755288718482916e-06
5389,-3.0014268072083329560724267170979118191099e-06
5390,-3.0014268111244182635308653389616395656958e-06
5391,-3.0014268098931385606335450755288718482916e-06
5392,-3.0014268072083329560724267170979118191099e-06
5393,-3.0014268111244182635308653389616395656958e-06
5394,-3.0014268098931385606335450755288718482916e-06
5395,-3.0014268072083329560724267170979118191099e-06
5396,-3.0014268112782881511467134028059433603630e-06
5397,-3.0014268096366447022272077455040673044095e-06
5398,-3.0014268097563817031675492685849349072669e-06
5399,-3.0014268098931385606335450755288718482916e-06
5400,-3.0014268072083329560724267170979118191099e-06
5401,-3.0014268111244182635308653389616395656958e-06
5402,-3.0014268098931385606335450755288718482916e-06
5403,-3.0014268072083329560724267170979118191099e-06
5404,-3.0014268112782881511467134028059433603630e-06
5405,-3.0014268096366447022272077455040673044095e-06
5406,-3.0014268097563817031675492685849349072669e-06
5407,-3.0014268098931385606335450755288718482916e-06
5408,-3.0014268072083329560724267170979118191099e-06
5409,-3.0014268111244182635308653389616395656958e-06
5410,-3.0014268098931385606335450755288718482916e-06
5411,-3.0014268072083329560724267170979118191099e-06
5412,-3.0014268111244182635308653389616395656958e-06
5413,-3.0014268117170897578235410491087620243889e-06
5414,-3.0014268073252014799368915520805245478186e-06
5415,-3.0014268056864735184218351965457216579125e-06
5416,-3.0014268135013002867107333865304141795605e-06
5417,-3.0014268111244182635308653389616395656958e-06
5418,-3.0014268098931385606335450755288718482916e-06
5419,-3.0014268072083329560724267170979118191099e-06
5420,-3.0014268086719266913472894259262702121305e-06
5421,-3.0014268152926606207056992731141420449603e-06
5422,-3.0014268109462630942842892300959078966116e-06
5423,-3.0014268150190533086330360590388011132745e-06
5424,-3.0014268109462630942842892300959078966116e-06
5425,-3.0014268114892675411652881584112506629936e-06
5426,-3.0014268130524770097184664857659086578678e-06
5427,-3.0014268087574050212194571446433499772866e-06
5428,-3.0014268150190533086330360590388011132745e-06
5429,-3.0014268109462630942842892300959078966116e-06
5430,-3.0014268150190533086330360590388011132745e-06
5431,-3.0014268109462630942842892300959078966116e-06
5432,-3.0014268150190533086330360590388011132745e-06
5433,-3.0014268109462630942842892300959078966116e-06
5434,-3.0014268150190533086330360590388011132745e-06
5435,-3.0014268109462630942842892300959078966116e-06
5436,-3.0014268150190533086330360590388011132745e-06
5437,-3.0014268109462630942842892300959078966116e-06
5438,-3.0014268150190533086330360590388011132745e-06
5439,-3.0014268109462630942842892300959078966116e-06
5440,-3.0014268150190533086330360590388011132745e-06
5441,-3.0014268109462630942842892300959078966116e-06
5442,-3.0014268150190533086330360590388011132745e-06
5443,-3.0014268109462630942842892300959078966116e-06
5444,-3.0014268150190533086330360590388011132745e-06
5445,-3.0014268109462630942842892300959078966116e-06
5446,-3.0014268114892675411652881584112506629936e-06
5447,-3.0014268130524770097184664857659086578678e-06
5448,-3.0014268087574050212194571446433499772866e-06
5449,-3.0014268150190533086330360590388011132745e-06
5450,-3.0014268109462630942842892300959078966116e-06
5451,-3.0014268150190533086330360590388011132745e-06
5452,-3.0014268109462630942842892300959078966116e-06
5453,-3.0014268150190533086330360590388011132745e-06
5454,-3.0014268109462630942842892300959078966116e-06
5455,-3.0014268150190533086330360590388011132745e-06
5456,-3.0014268109462630942842892300959078966116e-06
5457,-3.0014268150190533086330360590388011132745e-06
5458,-3.0014268109462630942842892300959078966116e-06
5459,-3.0014268150190533086330360590388011132745e-06
5460,-3.0014268109462630942842892300959078966116e-06
5461,-3.0014268150190533086330360590388011132745e-06
5462,-3.0014268109462630942842892300959078966116e-06
5463,-3.0014268150190533086330360590388011132745e-06
5464,-3.0014268109462630942842892300959078966116e-06
5465,-3.0014268150190533086330360590388011132745e-06
5466,-3.0014268109462630942842892300959078966116e-06
5467,-3.0014268114892675411652881584112506629936e-06
5468,-3.0014268130524770097184664857659086578678e-06
5469,-3.0014268087574050212194571446433499772866e-06
5470,-3.0014268150190533086330360590388011132745e-06
5471,-3.0014268109462630942842892300959078966116e-06
5472,-3.0014268150190533086330360590388011132745e-06
5473,-3.0014268109462630942842892300959078966116e-06
5474,-3.0014268150190533086330360590388011132745e-06
5475,-3.0014268109462630942842892300959078966116e-06
5476,-3.0014268150190533086330360590388011132745e-06
5477,-3.0014268109462630942842892300959078966116e-06
5478,-3.0014268150190533086330360590388011132745e-06
5479,-3.0014268109462630942842892300959078966116e-06
5480,-3.0014268150190533086330360590388011132745e-06
5481,-3.0014268096366209853046846250945733913795e-06
5482,-3.0014268122188470883050445681128337582777e-06
5483,-3.0014268098931385606335450755288718482916e-06
5484,-3.0014268072083329560724267170979118191099e-06
5485,-3.0014268112782881511467134028059433603630e-06
5486,-3.0014268097563817031675492685849349072669e-06
5487,-3.0014268098931385606335450755288718482916e-06
5488,-3.0014268072083329560724267170979118191099e-06
5489,-3.0014268111244182635308653389616395656958e-06
5490,-3.0014268098931385606335450755288718482916e-06
5491,-3.0014268072083329560724267170979118191099e-06
5492,-3.0014268112782881511467134028059433603630e-06
5493,-3.0014268097563817031675492685849349072669e-06
5494,-3.0014268098931385606335450755288718482916e-06
5495,-3.0014268072083329560724267170979118191099e-06
5496,-3.0014268112782881511467134028059433603630e-06
5497,-3.0014268097563817031675492685849349072669e-06
5498,-3.0014268098931385606335450755288718482916e-06
5499,-3.0014268072083329560724267170979118191099e-06
5500,-3.0014268112782881511467134028059433603630e-06
5501,-3.0014268097563817031675492685849349072669e-06
5502,-3.0014268098931385606335450755288718482916e-06
5503,-3.0014268072083329560724267170979118191099e-06
5504,-3.0014268112782881511467134028059433603630e-06
5505,-3.0014268097563817031675492685849349072669e-06
5506,-3.0014268098931385606335450755288718482916e-06
5507,-3.0014268072083329560724267170979118191099e-06
5508,-3.0014268112782881511467134028059433603630e-06
5509,-3.0014268097563817031675492685849349072669e-06
5510,-3.0014268098931385606335450755288718482916e-06
5511,-3.0014268072083329560724267170979118191099e-06
5512,-3.0014268111244182635308653389616395656958e-06
5513,-3.0014268098931385606335450755288718482916e-06
5514,-3.0014268072083329560724267170979118191099e-06
5515,-3.0014268112782881511467134028059433603630e-06
5516,-3.0014268097563817031675492685849349072669e-06
5517,-3.0014268098931385606335450755288718482916e-06
5518,-3.0014268072083329560724267170979118191099e-06
5519,-3.0014268112782881511467134028059433603630e-06
5520,-3.0014268097563817031675492685849349072669e-06
5521,-3.0014268098931385606335450755288718482916e-06
5522,-3.0014268072083329560724267170979118191099e-06
5523,-3.0014268112782881511467134028059433603630e-06
5524,-3.0014268097563817031675492685849349072669e-06
5525,-3.0014268098931385606335450755288718482916e-06
5526,-3.0014268072083329560724267170979118191099e-06
5527,-3.0014268112782881511467134028059433603630e-06
5528,-3.0014268097563817031675492685849349072669e-06
5529,-3.0014268098931385606335450755288718482916e-06
5530,-3.0014268072083329560724267170979118191099e-06
5531,-3.0014268111244182635308653389616395656958e-06
5532,-3.0014268098931385606335450755288718482916e-06
5533,-3.0014268072083329560724267170979118191099e-06
5534,-3.0014268112782881511467134028059433603630e-06
5535,-3.0014268097563817031675492685849349072669e-06
5536,-3.0014268098931385606335450755288718482916e-06
5537,-3.0014268072083329560724267170979118191099e-06
5538,-3.0014268112782881511467134028059433603630e-06
5539,-3.0014268097563817031675492685849349072669e-06
5540,-3.0014268098931385606335450755288718482916e-06
5541,-3.0014268072083329560724267170979118191099e-06
5542,-3.0014268112782881511467134028059433603630e-06
5543,-3.0014268097563817031675492685849349072669e-06
5544,-3.0014268098931385606335450755288718482916e-06
5545,-3.0014268072083329560724267170979118191099e-06
5546,-3.0014268112782881511467134028059433603630e-06
5547,-3.0014268097563817031675492685849349072669e-06
5548,-3.0014268098931385606335450755288718482916e-06
5549,-3.0014268072083329560724267170979118191099e-06
5550,-3.0014268112782881511467134028059433603630e-06
5551,-3.0014268097563817031675492685849349072669e-06
5552,-3.0014268098931385606335450755288718482916e-06
5553,-3.0014268072083329560724267170979118191099e-06
5554,-3.0014268111244182635308653389616395656958e-06
5555,-3.0014268098931385606335450755288718482916e-06
5556,-3.0014268072083329560724267170979118191099e-06
5557,-3.0014268112782881511467134028059433603630e-06
5558,-3.0014268097563817031675492685849349072669e-06
5559,-3.0014268098931385606335450755288718482916e-06
5560,-3.0014268072083329560724267170979118191099e-06
5561,-3.0014268112782881511467134028059433603630e-06
5562,-3.0014268097563817031675492685849349072669e-06
5563,-3.0014268098931385606335450755288718482916e-06
5564,-3.0014268072083329560724267170979118191099e-06
5565,-3.0014268112782881511467134028059433603630e-06
5566,-3.0014268097563817031675492685849349072669e-06
5567,-3.0014268098931385606335450755288718482916e-06
5568,-3.0014268072083329560724267170979118191099e-06
5569,-3.0014268112782881511467134028059433603630e-06
5570,-3.0014268097563817031675492685849349072669e-06
5571,-3.0014268098931385606335450755288718482916e-06
5572,-3.0014268072083329560724267170979118191099e-06
5573,-3.0014268111244182635308653389616395656958e-06
5574,-3.0014268098931385606335450755288718482916e-06
5575,-3.0014268072083329560724267170979118191099e-06
5576,-3.0014268112782881511467134028059433603630e-06
5577,-3.0014268097563817031675492685849349072669e-06
5578,-3.0014268098931385606335450755288718482916e-06
5579,-3.0014268072083329560724267170979118191099e-06
5580,-3.0014268112782881511467134028059433603630e-06
5581,-3.0014268097563817031675492685849349072669e-06
5582,-3.0014268098931385606335450755288718482916e-06
5583,-3.0014268072083329560724267170979118191099e-06
5584,-3.0014268112782881511467134028059433603630e-06
5585,-3.0014268097563817031675492685849349072669e-06
5586,-3.0014268098931385606335450755288718482916e-06
5587,-3.0014268072083329560724267170979118191099e-06
5588,-3.0014268112782881511467134028059433603630e-06
5589,-3.0014268097563817031675492685849349072669e-06
5590,-3.0014268098931385606335450755288718482916e-06
5591,-3.0014268072083329560724267170979118191099e-06
5592,-3.0014268112782881511467134028059433603630e-06
5593,-3.0014268097563817031675492685849349072669e-06
5594,-3.0014268098931385606335450755288718482916e-06
5595,-3.0014268072083329560724267170979118191099e-06
5596,-3.0014268111244182635308653389616395656958e-06
5597,-3.0014268098931385606335450755288718482916e-06
5598,-3.0014268072083329560724267170979118191099e-06
5599,-3.0014268112782881511467134028059433603630e-06
5600,-3.0014268097563817031675492685849349072669e-06
5601,-3.0014268098931385606335450755288718482916e-06
5602,-3.0014268072083329560724267170979118191099e-06
5603,-3.0014268112782881511467134028059433603630e-06
5604,-3.0014268097563817031675492685849349072669e-06
5605,-3.0014268098931385606335450755288718482916e-06
5606,-3.0014268072083329560724267170979118191099e-06
5607,-3.0014268112782881511467134028059433603630e-06
5608,-3.0014268097563817031675492685849349072669e-06
5609,-3.0014268098931385606335450755288718482916e-06
5610,-3.0014268072083329560724267170979118191099e-06
5611,-3.0014268112782881511467134028059433603630e-06
5612,-3.0014268097563817031675492685849349072669e-06
5613,-3.0014268098931385606335450755288718482916e-06
5614,-3.0014268072083329560724267170979118191099e-06
5615,-3.0014268112782881511467134028059433603630e-06
5616,-3.0014268097563817031675492685849349072669e-06
5617,-3.0014268098931385606335450755288718482916e-06
5618,-3.0014268072083329560724267170979118191099e-06
5619,-3.0014268111244182635308653389616395656958e-06
5620,-3.0014268098931385606335450755288718482916e-06
5621,-3.0014268072083329560724267170979118191099e-06
5622,-3.0014268112782881511467134028059433603630e-06
5623,-3.0014268097563817031675492685849349072669e-06
5624,-3.0014268117170897578235410491087620243889e-06
5625,-3.0014268073252014799368915520805245478186e-06
5626,-3.0014268068864210490837452632861825918553e-06
5627,-3.0014268133415850247258833960461998913161e-06
5628,-3.0014268111557034254377029219851280572584e-06
5629,-3.0014268068864210490837452632861825918553e-06
5630,-3.0014268133415850247258833960461998913161e-06
5631,-3.0014268111557034254377029219851280572584e-06
5632,-3.0014268075104247156118311701256118340098e-06
5633,-3.0014268155334199950838407200404134300697e-06
5634,-3.0014268068864210490837452632861825918553e-06
5635,-3.0014268133415850247258833960461998913161e-06
5636,-3.0014268111557034254377029219851280572584e-06
5637,-3.0014268068864210490837452632861825918553e-06
5638,-3.0014268133415850247258833960461998913161e-06
5639,-3.0014268111557034254377029219851280572584e-06
5640,-3.0014268068864210490837452632861825918553e-06
5641,-3.0014268133415850247258833960461998913161e-06
5642,-3.0014268111557034254377029219851280572584e-06
5643,-3.0014268075104247156118311701256118340098e-06
5644,-3.0014268155334199950838407200404134300697e-06
5645,-3.0014268068864210490837452632861825918553e-06
5646,-3.0014268133415850247258833960461998913161e-06
5647,-3.0014268111557034254377029219851280572584e-06
5648,-3.0014268068864210490837452632861825918553e-06
5649,-3.0014268133415850247258833960461998913161e-06
5650,-3.0014268111557034254377029219851280572584e-06
5651,-3.0014268075104247156118311701256118340098e-06
5652,-3.0014268155334199950838407200404134300697e-06
5653,-3.0014268068864210490837452632861825918553e-06
5654,-3.0014268133415850247258833960461998913161e-06
5655,-3.0014268111557034254377029219851280572584e-06
5656,-3.0014268068864210490837452632861825918553e-06
5657,-3.0014268133415850247258833960461998913161e-06
5658,-3.0014268111557034254377029219851280572584e-06
5659,-3.0014268068864210490837452632861825918553e-06
5660,-3.0014268133415850247258833960461998913161e-06
5661,-3.0014268111557034254377029219851280572584e-06
5662,-3.0014268075104247156118311701256118340098e-06
5663,-3.0014268155334199950838407200404134300697e-06
5664,-3.0014268068864210490837452632861825918553e-06
5665,-3.0014268133415850247258833960461998913161e-06
5666,-3.0014268111557034254377029219851280572584e-06
5667,-3.0014268068864210490837452632861825918553e-06
5668,-3.0014268133415850247258833960461998913161e-06
5669,-3.0014268111557034254377029219851280572584e-06
5670,-3.0014268075104247156118311701256118340098e-06
5671,-3.0014268155334199950838407200404134300697e-06
5672,-3.0014268068864210490837452632861825918553e-06
5673,-3.0014268133415850247258833960461998913161e-06
5674,-3.0014268111557034254377029219851280572584e-06
5675,-3.0014268068864210490837452632861825918553e-06
5676,-3.0014268133415850247258833960461998913161e-06
5677,-3.0014268111557034254377029219851280572584e-06
5678,-3.0014268075104247156118311701256118340098e-06
5679,-3.0014268155334199950838407200404134300697e-06
5680,-3.0014268068864210490837452632861825918553e-06
5681,-3.0014268133415850247258833960461998913161e-06
5682,-3.0014268111557034254377029219851280572584e-06
5683,-3.0014268068864210490837452632861825918553e-06
5684,-3.0014268133415850247258833960461998913161e-06
5685,-3.0014268111557034254377029219851280572584e-06
5686,-3.0014268068864210490837452632861825918553e-06
5687,-3.0014268133415850247258833960461998913161e-06
5688,-3.0014268111557034254377029219851280572584e-06
5689,-3.0014268075104247156118311701256118340098e-06
5690,-3.0014268155334199950838407200404134300697e-06
5691,-3.0014268068864210490837452632861825918553e-06
5692,-3.0014268133415850247258833960461998913161e-06
5693,-3.0014268111557034254377029219851280572584e-06
5694,-3.0014268068864210490837452632861825918553e-06
5695,-3.0014268133415850247258833960461998913161e-06
5696,-3.0014268111557034254377029219851280572584e-06
5697,-3.0014268075104247156118311701256118340098e-06
5698,-3.0014268155334199950838407200404134300697e-06
5699,-3.0014268068864210490837452632861825918553e-06
5700,-3.0014268133415850247258833960461998913161e-06
5701,-3.0014268111557034254377029219851280572584e-06
5702,-3.0014268068864210490837452632861825918553e-06
5703,-3.0014268133415850247258833960461998913161e-06
5704,-3.0014268111557034254377029219851280572584e-06
5705,-3.0014268068864210490837452632861825918553e-06
5706,-3.0014268133415850247258833960461998913161e-06
5707,-3.0014268111557034254377029219851280572584e-06
5708,-3.0014268075104247156118311701256118340098e-06
5709,-3.0014268155334199950838407200404134300697e-06
5710,-3.0014268068864210490837452632861825918553e-06
5711,-3.0014268133415850247258833960461998913161e-06
5712,-3.0014268111557034254377029219851280572584e-06
5713,-3.0014268068864210490837452632861825918553e-06
5714,-3.0014268133415850247258833960461998913161e-06
5715,-3.0014268111557034254377029219851280572584e-06
5716,-3.0014268075104247156118311701256118340098e-06
5717,-3.0014268155334199950838407200404134300697e-06
5718,-3.0014268068864210490837452632861825918553e-06
5719,-3.0014268133415850247258833960461998913161e-06
5720,-3.0014268111557034254377029219851280572584e-06
5721,-3.0014268068864210490837452632861825918553e-06
5722,-3.0014268133415850247258833960461998913161e-06
5723,-3.0014268111557034254377029219851280572584e-06
5724,-3.0014268068864210490837452632861825918553e-06
5725,-3.0014268133415850247258833960461998913161e-06
5726,-3.0014268111557034254377029219851280572584e-06
5727,-3.0014268075104247156118311701256118340098e-06
5728,-3.0014268155334199950838407200404134300697e-06
5729,-3.0014268068864210490837452632861825918553e-06
5730,-3.0014268133415850247258833960461998913161e-06
5731,-3.0014268111557034254377029219851280572584e-06
5732,-3.0014268068864210490837452632861825918553e-06
5733,-3.0014268133415850247258833960461998913161e-06
5734,-3.0014268111557034254377029219851280572584e-06
5735,-3.0014268075104247156118311701256118340098e-06
5736,-3.0014268155334199950838407200404134300697e-06
5737,-3.0014268068864210490837452632861825918553e-06
5738,-3.0014268133415850247258833960461998913161e-06
5739,-3.0014268111557034254377029219851280572584e-06
5740,-3.0014268068864210490837452632861825918553e-06
5741,-3.0014268133415850247258833960461998913161e-06
5742,-3.0014268111557034254377029219851280572584e-06
5743,-3.0014268075104247156118311701256118340098e-06
5744,-3.0014268155334199950838407200404134300697e-06
5745,-3.0014268068864210490837452632861825918553e-06
5746,-3.0014268133415850247258833960461998913161e-06
5747,-3.0014268111557034254377029219851280572584e-06
5748,-3.0014268068864210490837452632861825918553e-06
5749,-3.0014268133415850247258833960461998913161e-06
5750,-3.0014268111557034254377029219851280572584e-06
5751,-3.0014268068864210490837452632861825918553e-06
5752,-3.0014268133415850247258833960461998913161e-06
5753,-3.0014268111557034254377029219851280572584e-06
5754,-3.0014268075104247156118311701256118340098e-06
5755,-3.0014268155334199950838407200404134300697e-06
5756,-3.0014268068864210490837452632861825918553e-06
5757,-3.0014268133415850247258833960461998913161e-06
5758,-3.0014268111557034254377029219851280572584e-06
5759,-3.0014268068864210490837452632861825918553e-06
5760,-3.0014268133415850247258833960461998913161e-06
5761,-3.0014268111557034254377029219851280572584e-06
5762,-3.0014268075104247156118311701256118340098e-06
5763,-3.0014268155334199950838407200404134300697e-06
5764,-3.0014268068864210490837452632861825918553e-06
5765,-3.0014268133415850247258833960461998913161e-06
5766,-3.0014268111557034254377029219851280572584e-06
5767,-3.0014268068864210490837452632861825918553e-06
5768,-3.0014268133415850247258833960461998913161e-06
5769,-3.0014268111557034254377029219851280572584e-06
5770,-3.0014268068864210490837452632861825918553e-06
5771,-3.0014268133415850247258833960461998913161e-06
5772,-3.0014268111557034254377029219851280572584e-06
5773,-3.0014268075104247156118311701256118340098e-06
5774,-3.0014268155334199950838407200404134300697e-06
5775,-3.0014268068864210490837452632861825918553e-06
5776,-3.0014268133415850247258833960461998913161e-06
5777,-3.0014268111557034254377029219851280572584e-06
5778,-3.0014268068864210490837452632861825918553e-06
5779,-3.0014268133415850247258833960461998913161e-06
5780,-3.0014268111557034254377029219851280572584e-06
5781,-3.0014268075104247156118311701256118340098e-06
5782,-3.0014268155334199950838407200404134300697e-06
5783,-3.0014268063823280252501880110971299586708e-06
5784,-1.4248238222622764204953917333689234364787e-15
5785,4.5901677925351039173888056422611523422882e-16
5786,-3.0007638393637345170504061864225064937273e-06
5787,-3.0007638393902483423653602956360231246435e-06
5788,-3.0007638383108297884494745227934586750962e-06
5789,-3.0007638398406225366840498203213627448349e-06
5790,-3.0007638392269306492558377658097512608038e-06
5791,-3.0007638393902483423653602956360231246435e-06
5792,-3.0007638383108297884494745227934586750962e-06
5793,-3.0007638398406225366840498203213627448349e-06
5794,-3.0007638392269306492558377658097512608038e-06
5795,-3.0007638393902483423653602956360231246435e-06
5796,-3.0007638383108297884494745227934586750962e-06
5797,-3.0007638398406225366840498203213627448349e-06
5798,-3.0007638392269306492558377658097512608038e-06
5799,-3.0007638393902483423653602956360231246435e-06
5800,-3.0007638383108297884494745227934586750962e-06
5801,-3.0007638398406225366840498203213627448349e-06
5802,-3.0007638392269306492558377658097512608038e-06
5803,-3.0007638393902483423653602956360231246435e-06
5804,-3.0007638383108297884494745227934586750962e-06
5805,-3.0007638398406225366840498203213627448349e-06
5806,-3.0007638392269306492558377658097512608038e-06
5807,-3.0007638393902483423653602956360231246435e-06
5808,-3.0007638388829971561879653846327542510153e-06
5809,-3.0007638392269306492558377658097512608038e-06
5810,-3.0007638393902483423653602956360231246435e-06
5811,-3.0007638383108297884494745227934586750962e-06
5812,-3.0007638398406225366840498203213627448349e-06
5813,-3.0007638392269306492558377658097512608038e-06
5814,-3.0007638393902483423653602956360231246435e-06
5815,-3.0007638383108297884494745227934586750962e-06
5816,-3.0007638398406225366840498203213627448349e-06
5817,-3.0007638392269306492558377658097512608038e-06
5818,-3.0007638393902483423653602956360231246435e-06
5819,-3.0007638388829971561879653846327542510153e-06
5820,-3.0007638392269306492558377658097512608038e-06
5821,-3.0007638393902483423653602956360231246435e-06
5822,-3.0007638383108297884494745227934586750962e-06
5823,-3.0007638403628844172362118147834308956590e-06
5824,-3.0007638398406225366840498203213627448349e-06
5825,-3.0007638392269306492558377658097512608038e-06
5826,-3.0007638393902483423653602956360231246435e-06
5827,-3.0007638388829971561879653846327542510153e-06
5828,-3.0007638392269306492558377658097512608038e-06
5829,-3.0007638393902483423653602956360231246435e-06
5830,-3.0007638383108297884494745227934586750962e-06
5831,-3.0007638403628844172362118147834308956590e-06
5832,-3.0007638398406225366840498203213627448349e-06
5833,-3.0007638392269306492558377658097512608038e-06
5834,-3.0007638393902483423653602956360231246435e-06
5835,-3.0007638388829971561879653846327542510153e-06
5836,-3.0007638392269306492558377658097512608038e-06
5837,-3.0007638393902483423653602956360231246435e-06
5838,-3.0007638388829971561879653846327542510153e-06
5839,-3.0007638392269306492558377658097512608038e-06
5840,-3.0007638393902483423653602956360231246435e-06
5841,-3.0007638383108297884494745227934586750962e-06
5842,-3.0007638403628844172362118147834308956590e-06
5843,-3.0007638398406225366840498203213627448349e-06
5844,-3.0007638392269306492558377658097512608038e-06
5845,-3.0007638393902483423653602956360231246435e-06
5846,-3.0007638388829971561879653846327542510153e-06
5847,-3.0007638392269306492558377658097512608038e-06
5848,-3.0007638393902483423653602956360231246435e-06
5849,-3.0007638383108297884494745227934586750962e-06
5850,-3.0007638403628844172362118147834308956590e-06
5851,-3.0007638398406225366840498203213627448349e-06
5852,-3.0007638392269306492558377658097512608038e-06
5853,-3.0007638393902483423653602956360231246435e-06
5854,-3.0007638388829971561879653846327542510153e-06
5855,-3.0007638392269306492558377658097512608038e-06
5856,-3.0007638393902483423653602956360231246435e-06
5857,-3.0007638388829971561879653846327542510153e-06
5858,-3.0007638384388702533717499520982130434277e-06
5859,-3.0007638370476160964077198822774761310939e-06
5860,-3.0007638414265244414106444809098306336637e-06
5861,-3.0007638381590156497966126458720736991381e-06
5862,-3.0007638388829971561879653846327542510153e-06
5863,-3.0007638392269306492558377658097512608038e-06
5864,-3.0007638393902483423653602956360231246435e-06
5865,-3.0007638396239269448209294188778528678085e-06
5866,-3.0007638426570960247640601492591372334573e-06
5867,-3.0007638413980742987782670411212038175108e-06
5868,-3.0007638384161833229124907718166070935695e-06
5869,-3.0007638413980742987782670411212038175108e-06
5870,-3.0007638392504675772776666364816122722914e-06
5871,-3.0007638399402374229294181845473232783661e-06
5872,-3.0007638408508596746329406129705219541393e-06
5873,-3.0007638384161833229124907718166070935695e-06
5874,-3.0007638413980742987782670411212038175108e-06
5875,-3.0007638384161833229124907718166070935695e-06
5876,-3.0007638413980742987782670411212038175108e-06
5877,-3.0007638384161833229124907718166070935695e-06
5878,-3.0007638413980742987782670411212038175108e-06
5879,-3.0007638384161833229124907718166070935695e-06
5880,-3.0007638413980742987782670411212038175108e-06
5881,-3.0007638384161833229124907718166070935695e-06
5882,-3.0007638413980742987782670411212038175108e-06
5883,-3.0007638384161833229124907718166070935695e-06
5884,-3.0007638413980742987782670411212038175108e-06
5885,-3.0007638384161833229124907718166070935695e-06
5886,-3.0007638413980742987782670411212038175108e-06
5887,-3.0007638384161833229124907718166070935695e-06
5888,-3.0007638413980742987782670411212038175108e-06
5889,-3.0007638384161833229124907718166070935695e-06
5890,-3.0007638413980742987782670411212038175108e-06
5891,-3.0007638392504675772776666364816122722914e-06
5892,-3.0007638399402374229294181845473232783661e-06
5893,-3.0007638408508596746329406129705219541393e-06
5894,-3.0007638384161833229124907718166070935695e-06
5895,-3.0007638413980742987782670411212038175108e-06
5896,-3.0007638384161833229124907718166070935695e-06
5897,-3.0007638413980742987782670411212038175108e-06
5898,-3.0007638384161833229124907718166070935695e-06
5899,-3.0007638413980742987782670411212038175108e-06
5900,-3.0007638384161833229124907718166070935695e-06
5901,-3.0007638413980742987782670411212038175108e-06
5902,-3.0007638384161833229124907718166070935695e-06
5903,-3.0007638413980742987782670411212038175108e-06
5904,-3.0007638384161833229124907718166070935695e-06
5905,-3.0007638413980742987782670411212038175108e-06
5906,-3.0007638384161833229124907718166070935695e-06
5907,-3.0007638413980742987782670411212038175108e-06
5908,-3.0007638384161833229124907718166070935695e-06
5909,-3.0007638413980742987782670411212038175108e-06
5910,-3.0007638384161833229124907718166070935695e-06
5911,-3.0007638413980742987782670411212038175108e-06
5912,-3.0007638392504675772776666364816122722914e-06
5913,-3.0007638399402374229294181845473232783661e-06
5914,-3.0007638408508596746329406129705219541393e-06
5915,-3.0007638384161833229124907718166070935695e-06
5916,-3.0007638413980742987782670411212038175108e-06
5917,-3.0007638384161833229124907718166070935695e-06
5918,-3.0007638413980742987782670411212038175108e-06
5919,-3.0007638384161833229124907718166070935695e-06
5920,-3.0007638413980742987782670411212038175108e-06
5921,-3.0007638384161833229124907718166070935695e-06
5922,-3.0007638413980742987782670411212038175108e-06
5923,-3.0007638384161833229124907718166070935695e-06
5924,-3.0007638413980742987782670411212038175108e-06
5925,-3.0007638384161833229124907718166070935695e-06
5926,-3.0007638399139726253009568396334927342650e-06
5927,-3.0007638410718552292527974700853121703403e-06
5928,-3.0007638392269306492558377658097512608038e-06
5929,-3.0007638393902483423653602956360231246435e-06
5930,-3.0007638383108297884494745227934586750962e-06
5931,-3.0007638398406225366840498203213627448349e-06
5932,-3.0007638392269306492558377658097512608038e-06
5933,-3.0007638393902483423653602956360231246435e-06
5934,-3.0007638388829971561879653846327542510153e-06
5935,-3.0007638392269306492558377658097512608038e-06
5936,-3.0007638393902483423653602956360231246435e-06
5937,-3.0007638383108297884494745227934586750962e-06
5938,-3.0007638398406225366840498203213627448349e-06
5939,-3.0007638392269306492558377658097512608038e-06
5940,-3.0007638393902483423653602956360231246435e-06
5941,-3.0007638383108297884494745227934586750962e-06
5942,-3.0007638398406225366840498203213627448349e-06
5943,-3.0007638392269306492558377658097512608038e-06
5944,-3.0007638393902483423653602956360231246435e-06
5945,-3.0007638383108297884494745227934586750962e-06
5946,-3.0007638398406225366840498203213627448349e-06
5947,-3.0007638392269306492558377658097512608038e-06
5948,-3.0007638393902483423653602956360231246435e-06
5949,-3.0007638383108297884494745227934586750962e-06
5950,-3.0007638398406225366840498203213627448349e-06
5951,-3.0007638392269306492558377658097512608038e-06
5952,-3.0007638393902483423653602956360231246435e-06
5953,-3.0007638383108297884494745227934586750962e-06
5954,-3.0007638398406225366840498203213627448349e-06
5955,-3.0007638392269306492558377658097512608038e-06
5956,-3.0007638393902483423653602956360231246435e-06
5957,-3.0007638388829971561879653846327542510153e-06
5958,-3.0007638392269306492558377658097512608038e-06
5959,-3.0007638393902483423653602956360231246435e-06
5960,-3.0007638383108297884494745227934586750962e-06
5961,-3.0007638398406225366840498203213627448349e-06
5962,-3.0007638392269306492558377658097512608038e-06
5963,-3.0007638393902483423653602956360231246435e-06
5964,-3.0007638383108297884494745227934586750962e-06
5965,-3.0007638398406225366840498203213627448349e-06
5966,-3.0007638392269306492558377658097512608038e-06
5967,-3.0007638393902483423653602956360231246435e-06
5968,-3.0007638383108297884494745227934586750962e-06
5969,-3.0007638398406225366840498203213627448349e-06
5970,-3.0007638392269306492558377658097512608038e-06
5971,-3.0007638393902483423653602956360231246435e-06
5972,-3.0007638383108297884494745227934586750962e-06
5973,-3.0007638398406225366840498203213627448349e-06
5974,-3.0007638392269306492558377658097512608038e-06
5975,-3.0007638393902483423653602956360231246435e-06
5976,-3.0007638388829971561879653846327542510153e-06
5977,-3.0007638392269306492558377658097512608038e-06
5978,-3.0007638393902483423653602956360231246435e-06
5979,-3.0007638383108297884494745227934586750962e-06
5980,-3.0007638398406225366840498203213627448349e-06
5981,-3.0007638392269306492558377658097512608038e-06
5982,-3.0007638393902483423653602956360231246435e-06
5983,-3.0007638383108297884494745227934586750962e-06
5984,-3.0007638398406225366840498203213627448349e-06
5985,-3.0007638392269306492558377658097512608038e-06
5986,-3.0007638393902483423653602956360231246435e-06
5987,-3.0007638383108297884494745227934586750962e-06
5988,-3.0007638398406225366840498203213627448349e-06
5989,-3.0007638392269306492558377658097512608038e-06
5990,-3.0007638393902483423653602956360231246435e-06
5991,-3.0007638383108297884494745227934586750962e-06
5992,-3.0007638398406225366840498203213627448349e-06
5993,-3.0007638392269306492558377658097512608038e-06
5994,-3.0007638393902483423653602956360231246435e-06
5995,-3.0007638383108297884494745227934586750962e-06
5996,-3.0007638398406225366840498203213627448349e-06
5997,-3.0007638392269306492558377658097512608038e-06
5998,-3.0007638393902483423653602956360231246435e-06
5999,-3.0007638388829971561879653846327542510153e-06
6000,-3.0007638392269306492558377658097512608038e-06
6001,-3.0007638393902483423653602956360231246435e-06
6002,-3.0007638383108297884494745227934586750962e-06
6003,-3.0007638398406225366840498203213627448349e-06
6004,-3.0007638392269306492558377658097512608038e-06
6005,-3.0007638393902483423653602956360231246435e-06
6006,-3.0007638383108297884494745227934586750962e-06
6007,-3.0007638398406225366840498203213627448349e-06
6008,-3.0007638392269306492558377658097512608038e-06
6009,-3.0007638393902483423653602956360231246435e-06
6010,-3.0007638383108297884494745227934586750962e-06
6011,-3.0007638398406225366840498203213627448349e-06
6012,-3.0007638392269306492558377658097512608038e-06
6013,-3.0007638393902483423653602956360231246435e-06
6014,-3.0007638383108297884494745227934586750962e-06
6015,-3.0007638398406225366840498203213627448349e-06
6016,-3.0007638392269306492558377658097512608038e-06
6017,-3.0007638393902483423653602956360231246435e-06
6018,-3.0007638388829971561879653846327542510153e-06
6019,-3.0007638392269306492558377658097512608038e-06
6020,-3.0007638393902483423653602956360231246435e-06
6021,-3.0007638383108297884494745227934586750962e-06
6022,-3.0007638398406225366840498203213627448349e-06
6023,-3.0007638392269306492558377658097512608038e-06
6024,-3.0007638393902483423653602956360231246435e-06
6025,-3.0007638383108297884494745227934586750962e-06
6026,-3.0007638398406225366840498203213627448349e-06
6027,-3.0007638392269306492558377658097512608038e-06
6028,-3.0007638393902483423653602956360231246435e-06
6029,-3.0007638383108297884494745227934586750962e-06
6030,-3.0007638398406225366840498203213627448349e-06
6031,-3.0007638392269306492558377658097512608038e-06
6032,-3.0007638393902483423653602956360231246435e-06
6033,-3.0007638383108297884494745227934586750962e-06
6034,-3.0007638398406225366840498203213627448349e-06
6035,-3.0007638392269306492558377658097512608038e-06
6036,-3.0007638393902483423653602956360231246435e-06
6037,-3.0007638383108297884494745227934586750962e-06
6038,-3.0007638398406225366840498203213627448349e-06
6039,-3.0007638392269306492558377658097512608038e-06
6040,-3.0007638393902483423653602956360231246435e-06
6041,-3.0007638388829971561879653846327542510153e-06
6042,-3.0007638392269306492558377658097512608038e-06
6043,-3.0007638393902483423653602956360231246435e-06
6044,-3.0007638383108297884494745227934586750962e-06
6045,-3.0007638398406225366840498203213627448349e-06
6046,-3.0007638392269306492558377658097512608038e-06
6047,-3.0007638393902483423653602956360231246435e-06
6048,-3.0007638383108297884494745227934586750962e-06
6049,-3.0007638398406225366840498203213627448349e-06
6050,-3.0007638392269306492558377658097512608038e-06
6051,-3.0007638393902483423653602956360231246435e-06
6052,-3.0007638383108297884494745227934586750962e-06
6053,-3.0007638398406225366840498203213627448349e-06
6054,-3.0007638392269306492558377658097512608038e-06
6055,-3.0007638393902483423653602956360231246435e-06
6056,-3.0007638383108297884494745227934586750962e-06
6057,-3.0007638398406225366840498203213627448349e-06
6058,-3.0007638392269306492558377658097512608038e-06
6059,-3.0007638393902483423653602956360231246435e-06
6060,-3.0007638383108297884494745227934586750962e-06
6061,-3.0007638398406225366840498203213627448349e-06
6062,-3.0007638392269306492558377658097512608038e-06
6063,-3.0007638393902483423653602956360231246435e-06
6064,-3.0007638388829971561879653846327542510153e-06
6065,-3.0007638392269306492558377658097512608038e-06
6066,-3.0007638393902483423653602956360231246435e-06
6067,-3.0007638383108297884494745227934586750962e-06
6068,-3.0007638398406225366840498203213627448349e-06
6069,-3.0007638384388702533717499520982130434277e-06
6070,-3.0007638370476160964077198822774761310939e-06
6071,-3.0007638389504527425249297278853077841632e-06
6072,-3.0007638377334294511628465934593990027679e-06
6073,-3.0007638380052414769038043179660846249135e-06
6074,-3.0007638389504527425249297278853077841632e-06
6075,-3.0007638377334294511628465934593990027679e-06
6076,-3.0007638380052414769038043179660846249135e-06
6077,-3.0007638405764743627982243240337467682366e-06
6078,-3.0007638396468853493397836024181302150282e-06
6079,-3.0007638389504527425249297278853077841632e-06
6080,-3.0007638377334294511628465934593990027679e-06
6081,-3.0007638380052414769038043179660846249135e-06
6082,-3.0007638389504527425249297278853077841632e-06
6083,-3.0007638377334294511628465934593990027679e-06
6084,-3.0007638380052414769038043179660846249135e-06
6085,-3.0007638389504527425249297278853077841632e-06
6086,-3.0007638377334294511628465934593990027679e-06
6087,-3.0007638380052414769038043179660846249135e-06
6088,-3.0007638405764743627982243240337467682366e-06
6089,-3.0007638396468853493397836024181302150282e-06
6090,-3.0007638389504527425249297278853077841632e-06
6091,-3.0007638377334294511628465934593990027679e-06
6092,-3.0007638380052414769038043179660846249135e-06
6093,-3.0007638389504527425249297278853077841632e-06
6094,-3.0007638377334294511628465934593990027679e-06
6095,-3.0007638380052414769038043179660846249135e-06
6096,-3.0007638405764743627982243240337467682366e-06
6097,-3.0007638396468853493397836024181302150282e-06
6098,-3.0007638389504527425249297278853077841632e-06
6099,-3.0007638377334294511628465934593990027679e-06
6100,-3.0007638380052414769038043179660846249135e-06
6101,-3.0007638389504527425249297278853077841632e-06
6102,-3.0007638377334294511628465934593990027679e-06
6103,-3.0007638380052414769038043179660846249135e-06
6104,-3.0007638389504527425249297278853077841632e-06
6105,-3.0007638377334294511628465934593990027679e-06
6106,-3.0007638380052414769038043179660846249135e-06
6107,-3.0007638405764743627982243240337467682366e-06
6108,-3.0007638396468853493397836024181302150282e-06
6109,-3.0007638389504527425249297278853077841632e-06
6110,-3.0007638377334294511628465934593990027679e-06
6111,-3.0007638380052414769038043179660846249135e-06
6112,-3.0007638389504527425249297278853077841632e-06
6113,-3.0007638377334294511628465934593990027679e-06
6114,-3.0007638380052414769038043179660846249135e-06
6115,-3.0007638405764743627982243240337467682366e-06
6116,-3.0007638396468853493397836024181302150282e-06
6117,-3.0007638389504527425249297278853077841632e-06
6118,-3.0007638377334294511628465934593990027679e-06
6119,-3.0007638380052414769038043179660846249135e-06
6120,-3.0007638389504527425249297278853077841632e-06
6121,-3.0007638377334294511628465934593990027679e-06
6122,-3.0007638380052414769038043179660846249135e-06
6123,-3.0007638405764743627982243240337467682366e-06
6124,-3.0007638396468853493397836024181302150282e-06
6125,-3.0007638389504527425249297278853077841632e-06
6126,-3.0007638377334294511628465934593990027679e-06
6127,-3.0007638380052414769038043179660846249135e-06
6128,-3.0007638389504527425249297278853077841632e-06
6129,-3.0007638377334294511628465934593990027679e-06
6130,-3.0007638380052414769038043179660846249135e-06
6131,-3.0007638389504527425249297278853077841632e-06
6132,-3.0007638377334294511628465934593990027679e-06
6133,-3.0007638380052414769038043179660846249135e-06
6134,-3.0007638405764743627982243240337467682366e-06
6135,-3.0007638396468853493397836024181302150282e-06
6136,-3.0007638389504527425249297278853077841632e-06
6137,-3.0007638377334294511628465934593990027679e-06
6138,-3.0007638380052414769038043179660846249135e-06
6139,-3.0007638389504527425249297278853077841632e-06
6140,-3.0007638377334294511628465934593990027679e-06
6141,-3.0007638380052414769038043179660846249135e-06
6142,-3.0007638405764743627982243240337467682366e-06
6143,-3.0007638396468853493397836024181302150282e-06
6144,-3.0007638389504527425249297278853077841632e-06
6145,-3.0007638377334294511628465934593990027679e-06
6146,-3.0007638380052414769038043179660846249135e-06
6147,-3.0007638389504527425249297278853077841632e-06
6148,-3.0007638377334294511628465934593990027679e-06
6149,-3.0007638380052414769038043179660846249135e-06
6150,-3.0007638389504527425249297278853077841632e-06
6151,-3.0007638377334294511628465934593990027679e-06
6152,-3.0007638380052414769038043179660846249135e-06
6153,-3.0007638405764743627982243240337467682366e-06
6154,-3.0007638396468853493397836024181302150282e-06
6155,-3.0007638389504527425249297278853077841632e-06
6156,-3.0007638377334294511628465934593990027679e-06
6157,-3.0007638380052414769038043179660846249135e-06
6158,-3.0007638389504527425249297278853077841632e-06
6159,-3.0007638377334294511628465934593990027679e-06
6160,-3.0007638380052414769038043179660846249135e-06
6161,-3.0007638405764743627982243240337467682366e-06
6162,-3.0007638396468853493397836024181302150282e-06
6163,-3.0007638389504527425249297278853077841632e-06
6164,-3.0007638377334294511628465934593990027679e-06
6165,-3.0007638380052414769038043179660846249135e-06
6166,-3.0007638389504527425249297278853077841632e-06
6167,-3.0007638377334294511628465934593990027679e-06
6168,-3.0007638380052414769038043179660846249135e-06
6169,-3.0007638389504527425249297278853077841632e-06
6170,-3.0007638377334294511628465934593990027679e-06
6171,-3.0007638380052414769038043179660846249135e-06
6172,-3.0007638405764743627982243240337467682366e-06
6173,-3.0007638396468853493397836024181302150282e-06
6174,-3.0007638389504527425249297278853077841632e-06
6175,-3.0007638377334294511628465934593990027679e-06
6176,-3.0007638380052414769038043179660846249135e-06
6177,-3.0007638389504527425249297278853077841632e-06
6178,-3.0007638377334294511628465934593990027679e-06
6179,-3.0007638380052414769038043179660846249135e-06
6180,-3.0007638405764743627982243240337467682366e-06
6181,-3.0007638396468853493397836024181302150282e-06
6182,-3.0007638389504527425249297278853077841632e-06
6183,-3.0007638377334294511628465934593990027679e-06
6184,-3.0007638380052414769038043179660846249135e-06
6185,-3.0007638389504527425249297278853077841632e-06
6186,-3.0007638377334294511628465934593990027679e-06
6187,-3.0007638380052414769038043179660846249135e-06
6188,-3.0007638405764743627982243240337467682366e-06
6189,-3.0007638396468853493397836024181302150282e-06
6190,-3.0007638389504527425249297278853077841632e-06
6191,-3.0007638377334294511628465934593990027679e-06
6192,-3.0007638380052414769038043179660846249135e-06
6193,-3.0007638389504527425249297278853077841632e-06
6194,-3.0007638377334294511628465934593990027679e-06
6195,-3.0007638380052414769038043179660846249135e-06
6196,-3.0007638389504527425249297278853077841632e-06
6197,-3.0007638377334294511628465934593990027679e-06
6198,-3.0007638380052414769038043179660846249135e-06
6199,-3.0007638405764743627982243240337467682366e-06
6200,-3.0007638396468853493397836024181302150282e-06
6201,-3.0007638389504527425249297278853077841632e-06
6202,-3.0007638377334294511628465934593990027679e-06
6203,-3.0007638380052414769038043179660846249135e-06
6204,-3.0007638389504527425249297278853077841632e-06
6205,-3.0007638377334294511628465934593990027679e-06
6206,-3.0007638380052414769038043179660846249135e-06
6207,-3.0007638405764743627982243240337467682366e-06
6208,-3.0007638396468853493397836024181302150282e-06
6209,-3.0007638389504527425249297278853077841632e-06
6210,-3.0007638377334294511628465934593990027679e-06
6211,-3.0007638380052414769038043179660846249135e-06
6212,-3.0007638389504527425249297278853077841632e-06
6213,-3.0007638377334294511628465934593990027679e-06
6214,-3.0007638380052414769038043179660846249135e-06
6215,-3.0007638389504527425249297278853077841632e-06
6216,-3.0007638377334294511628465934593990027679e-06
6217,-3.0007638380052414769038043179660846249135e-06
6218,-3.0007638405764743627982243240337467682366e-06
6219,-3.0007638396468853493397836024181302150282e-06
6220,-3.0007638389504527425249297278853077841632e-06
6221,-3.0007638377334294511628465934593990027679e-06
6222,-3.0007638380052414769038043179660846249135e-06
6223,-3.0007638389504527425249297278853077841632e-06
6224,-3.0007638377334294511628465934593990027679e-06
6225,-3.0007638380052414769038043179660846249135e-06
6226,-3.0007638405764743627982243240337467682366e-06
6227,-3.0007638396468853493397836024181302150282e-06
6228,-3.0007638417117839622222114775995649438300e-06
6229,1.0254935895101487048776633913655815526091e-15
6230,1.0451306106064805268544810204902063719142e-16
6231,-3.0002831800670933384627640100328349603842e-06
6232,-3.0002831800015270591146503836865733205741e-06
6233,-3.0002831811686804386741893313494955464193e-06
6234,-3.0002831807253433940812885338811355495636e-06
6235,-3.0002831809306662980780990718221445945346e-06
6236,-3.0002831800015270591146503836865733205741e-06
6237,-3.0002831811686804386741893313494955464193e-06
6238,-3.0002831807253433940812885338811355495636e-06
6239,-3.0002831809306662980780990718221445945346e-06
6240,-3.0002831800015270591146503836865733205741e-06
6241,-3.0002831811686804386741893313494955464193e-06
6242,-3.0002831807253433940812885338811355495636e-06
6243,-3.0002831809306662980780990718221445945346e-06
6244,-3.0002831800015270591146503836865733205741e-06
6245,-3.0002831811686804386741893313494955464193e-06
6246,-3.0002831807253433940812885338811355495636e-06
6247,-3.0002831809306662980780990718221445945346e-06
6248,-3.0002831800015270591146503836865733205741e-06
6249,-3.0002831811686804386741893313494955464193e-06
6250,-3.0002831807253433940812885338811355495636e-06
6251,-3.0002831809306662980780990718221445945346e-06
6252,-3.0002831800015270591146503836865733205741e-06
6253,-3.0002831812982082934518433120496538890620e-06
6254,-3.0002831809306662980780990718221445945346e-06
6255,-3.0002831800015270591146503836865733205741e-06
6256,-3.0002831811686804386741893313494955464193e-06
6257,-3.0002831807253433940812885338811355495636e-06
6258,-3.0002831809306662980780990718221445945346e-06
6259,-3.0002831800015270591146503836865733205741e-06
6260,-3.0002831811686804386741893313494955464193e-06
6261,-3.0002831807253433940812885338811355495636e-06
6262,-3.0002831809306662980780990718221445945346e-06
6263,-3.0002831800015270591146503836865733205741e-06
6264,-3.0002831812982082934518433120496538890620e-06
6265,-3.0002831809306662980780990718221445945346e-06
6266,-3.0002831800015270591146503836865733205741e-06
6267,-3.0002831811686804386741893313494955464193e-06
6268,-3.0002831805958155393036345531809772069209e-06
6269,-3.0002831807253433940812885338811355495636e-06
6270,-3.0002831809306662980780990718221445945346e-06
6271,-3.0002831800015270591146503836865733205741e-06
6272,-3.0002831812982082934518433120496538890620e-06
6273,-3.0002831809306662980780990718221445945346e-06
6274,-3.0002831800015270591146503836865733205741e-06
6275,-3.0002831811686804386741893313494955464193e-06
6276,-3.0002831805958155393036345531809772069209e-06
6277,-3.0002831807253433940812885338811355495636e-06
6278,-3.0002831809306662980780990718221445945346e-06
6279,-3.0002831800015270591146503836865733205741e-06
6280,-3.0002831812982082934518433120496538890620e-06
6281,-3.0002831809306662980780990718221445945346e-06
6282,-3.0002831800015270591146503836865733205741e-06
6283,-3.0002831812982082934518433120496538890620e-06
6284,-3.0002831809306662980780990718221445945346e-06
6285,-3.0002831800015270591146503836865733205741e-06
6286,-3.0002831811686804386741893313494955464193e-06
6287,-3.0002831805958155393036345531809772069209e-06
6288,-3.0002831807253433940812885338811355495636e-06
6289,-3.0002831809306662980780990718221445945346e-06
6290,-3.0002831800015270591146503836865733205741e-06
6291,-3.0002831812982082934518433120496538890620e-06
6292,-3.0002831809306662980780990718221445945346e-06
6293,-3.0002831800015270591146503836865733205741e-06
6294,-3.0002831811686804386741893313494955464193e-06
6295,-3.0002831805958155393036345531809772069209e-06
6296,-3.0002831807253433940812885338811355495636e-06
6297,-3.0002831809306662980780990718221445945346e-06
6298,-3.0002831800015270591146503836865733205741e-06
6299,-3.0002831812982082934518433120496538890620e-06
6300,-3.0002831809306662980780990718221445945346e-06
6301,-3.0002831800015270591146503836865733205741e-06
6302,-3.0002831812982082934518433120496538890620e-06
6303,-3.0002831807176908749193195574678227899312e-06
6304,-3.0002831801170026372973555217615881929305e-06
6305,-3.0002831811637083552738065883591644933404e-06
6306,-3.0002831797535704457836891467792383991764e-06
6307,-3.0002831812982082934518433120496538890620e-06
6308,-3.0002831809306662980780990718221445945346e-06
6309,-3.0002831800015270591146503836865733205741e-06
6310,-3.0002831811180164334835942380186324385249e-06
6311,-3.0002831811863114294712875929072026792710e-06
6312,-3.0002831808294229909916343151943252109959e-06
6313,-3.0002831817420764277026725558306097241257e-06
6314,-3.0002831808294229909916343151943252109959e-06
6315,-3.0002831808899113078209584110078722574144e-06
6316,-3.0002831820220729092964749573635430124341e-06
6317,-3.0002831807952219181638738032535940192247e-06
6318,-3.0002831817420764277026725558306097241257e-06
6319,-3.0002831808294229909916343151943252109959e-06
6320,-3.0002831817420764277026725558306097241257e-06
6321,-3.0002831808294229909916343151943252109959e-06
6322,-3.0002831817420764277026725558306097241257e-06
6323,-3.0002831808294229909916343151943252109959e-06
6324,-3.0002831817420764277026725558306097241257e-06
6325,-3.0002831808294229909916343151943252109959e-06
6326,-3.0002831817420764277026725558306097241257e-06
6327,-3.0002831808294229909916343151943252109959e-06
6328,-3.0002831817420764277026725558306097241257e-06
6329,-3.0002831808294229909916343151943252109959e-06
6330,-3.0002831817420764277026725558306097241257e-06
6331,-3.0002831808294229909916343151943252109959e-06
6332,-3.0002831817420764277026725558306097241257e-06
6333,-3.0002831808294229909916343151943252109959e-06
6334,-3.0002831817420764277026725558306097241257e-06
6335,-3.0002831808294229909916343151943252109959e-06
6336,-3.0002831808899113078209584110078722574144e-06
6337,-3.0002831820220729092964749573635430124341e-06
6338,-3.0002831807952219181638738032535940192247e-06
6339,-3.0002831817420764277026725558306097241257e-06
6340,-3.0002831808294229909916343151943252109959e-06
6341,-3.0002831817420764277026725558306097241257e-06
6342,-3.0002831808294229909916343151943252109959e-06
6343,-3.0002831817420764277026725558306097241257e-06
6344,-3.0002831808294229909916343151943252109959e-06
6345,-3.0002831817420764277026725558306097241257e-06
6346,-3.0002831808294229909916343151943252109959e-06
6347,-3.0002831817420764277026725558306097241257e-06
6348,-3.0002831808294229909916343151943252109959e-06
6349,-3.0002831817420764277026725558306097241257e-06
6350,-3.0002831808294229909916343151943252109959e-06
6351,-3.0002831817420764277026725558306097241257e-06
6352,-3.0002831808294229909916343151943252109959e-06
6353,-3.0002831817420764277026725558306097241257e-06
6354,-3.0002831808294229909916343151943252109959e-06
6355,-3.0002831817420764277026725558306097241257e-06
6356,-3.0002831808294229909916343151943252109959e-06
6357,-3.0002831808899113078209584110078722574144e-06
6358,-3.0002831820220729092964749573635430124341e-06
6359,-3.0002831807952219181638738032535940192247e-06
6360,-3.0002831817420764277026725558306097241257e-06
6361,-3.0002831808294229909916343151943252109959e-06
6362,-3.0002831817420764277026725558306097241257e-06
6363,-3.0002831808294229909916343151943252109959e-06
6364,-3.0002831817420764277026725558306097241257e-06
6365,-3.0002831808294229909916343151943252109959e-06
6366,-3.0002831817420764277026725558306097241257e-06
6367,-3.0002831808294229909916343151943252109959e-06
6368,-3.0002831817420764277026725558306097241257e-06
6369,-3.0002831808294229909916343151943252109959e-06
6370,-3.0002831817420764277026725558306097241257e-06
6371,-3.0002831813866880845726066440182222549993e-06
6372,-3.0002831812811079687961998696543730602571e-06
6373,-3.0002831809306662980780990718221445945346e-06
6374,-3.0002831800015270591146503836865733205741e-06
6375,-3.0002831811686804386741893313494955464193e-06
6376,-3.0002831807253433940812885338811355495636e-06
6377,-3.0002831809306662980780990718221445945346e-06
6378,-3.0002831800015270591146503836865733205741e-06
6379,-3.0002831812982082934518433120496538890620e-06
6380,-3.0002831809306662980780990718221445945346e-06
6381,-3.0002831800015270591146503836865733205741e-06
6382,-3.0002831811686804386741893313494955464193e-06
6383,-3.0002831807253433940812885338811355495636e-06
6384,-3.0002831809306662980780990718221445945346e-06
6385,-3.0002831800015270591146503836865733205741e-06
6386,-3.0002831811686804386741893313494955464193e-06
6387,-3.0002831807253433940812885338811355495636e-06
6388,-3.0002831809306662980780990718221445945346e-06
6389,-3.0002831800015270591146503836865733205741e-06
6390,-3.0002831811686804386741893313494955464193e-06
6391,-3.0002831807253433940812885338811355495636e-06
6392,-3.0002831809306662980780990718221445945346e-06
6393,-3.0002831800015270591146503836865733205741e-06
6394,-3.0002831811686804386741893313494955464193e-06
6395,-3.0002831807253433940812885338811355495636e-06
6396,-3.0002831809306662980780990718221445945346e-06
6397,-3.0002831800015270591146503836865733205741e-06
6398,-3.0002831811686804386741893313494955464193e-06
6399,-3.0002831807253433940812885338811355495636e-06
6400,-3.0002831809306662980780990718221445945346e-06
6401,-3.0002831800015270591146503836865733205741e-06
6402,-3.0002831812982082934518433120496538890620e-06
6403,-3.0002831809306662980780990718221445945346e-06
6404,-3.0002831800015270591146503836865733205741e-06
6405,-3.0002831811686804386741893313494955464193e-06
6406,-3.0002831807253433940812885338811355495636e-06
6407,-3.0002831809306662980780990718221445945346e-06
6408,-3.0002831800015270591146503836865733205741e-06
6409,-3.0002831811686804386741893313494955464193e-06
6410,-3.0002831807253433940812885338811355495636e-06
6411,-3.0002831809306662980780990718221445945346e-06
6412,-3.0002831800015270591146503836865733205741e-06
6413,-3.0002831811686804386741893313494955464193e-06
6414,-3.0002831807253433940812885338811355495636e-06
6415,-3.0002831809306662980780990718221445945346e-06
6416,-3.0002831800015270591146503836865733205741e-06
6417,-3.0002831811686804386741893313494955464193e-06
6418,-3.0002831807253433940812885338811355495636e-06
6419,-3.0002831809306662980780990718221445945346e-06
6420,-3.0002831800015270591146503836865733205741e-06
6421,-3.0002831812982082934518433120496538890620e-06
6422,-3.0002831809306662980780990718221445945346e-06
6423,-3.0002831800015270591146503836865733205741e-06
6424,-3.0002831811686804386741893313494955464193e-06
6425,-3.0002831807253433940812885338811355495636e-06
6426,-3.0002831809306662980780990718221445945346e-06
6427,-3.0002831800015270591146503836865733205741e-06
6428,-3.0002831811686804386741893313494955464193e-06
6429,-3.0002831807253433940812885338811355495636e-06
6430,-3.0002831809306662980780990718221445945346e-06
6431,-3.0002831800015270591146503836865733205741e-06
6432,-3.0002831811686804386741893313494955464193e-06
6433,-3.0002831807253433940812885338811355495636e-06
6434,-3.0002831809306662980780990718221445945346e-06
6435,-3.0002831800015270591146503836865733205741e-06
6436,-3.0002831811686804386741893313494955464193e-06
6437,-3.0002831807253433940812885338811355495636e-06
6438,-3.0002831809306662980780990718221445945346e-06
6439,-3.0002831800015270591146503836865733205741e-06
6440,-3.0002831811686804386741893313494955464193e-06
6441,-3.0002831807253433940812885338811355495636e-06
6442,-3.0002831809306662980780990718221445945346e-06
6443,-3.0002831800015270591146503836865733205741e-06
6444,-3.0002831812982082934518433120496538890620e-06
6445,-3.0002831809306662980780990718221445945346e-06
6446,-3.0002831800015270591146503836865733205741e-06
6447,-3.0002831811686804386741893313494955464193e-06
6448,-3.0002831807253433940812885338811355495636e-06
6449,-3.0002831809306662980780990718221445945346e-06
6450,-3.0002831800015270591146503836865733205741e-06
6451,-3.0002831811686804386741893313494955464193e-06
6452,-3.0002831807253433940812885338811355495636e-06
6453,-3.0002831809306662980780990718221445945346e-06
6454,-3.0002831800015270591146503836865733205741e-06
6455,-3.0002831811686804386741893313494955464193e-06
6456,-3.0002831807253433940812885338811355495636e-06
6457,-3.0002831809306662980780990718221445945346e-06
6458,-3.0002831800015270591146503836865733205741e-06
6459,-3.0002831811686804386741893313494955464193e-06
6460,-3.0002831807253433940812885338811355495636e-06
6461,-3.0002831809306662980780990718221445945346e-06
6462,-3.0002831800015270591146503836865733205741e-06
6463,-3.0002831812982082934518433120496538890620e-06
6464,-3.0002831809306662980780990718221445945346e-06
6465,-3.0002831800015270591146503836865733205741e-06
6466,-3.0002831811686804386741893313494955464193e-06
6467,-3.0002831807253433940812885338811355495636e-06
6468,-3.0002831809306662980780990718221445945346e-06
6469,-3.0002831800015270591146503836865733205741e-06
6470,-3.0002831811686804386741893313494955464193e-06
6471,-3.0002831807253433940812885338811355495636e-06
6472,-3.0002831809306662980780990718221445945346e-06
6473,-3.0002831800015270591146503836865733205741e-06
6474,-3.0002831811686804386741893313494955464193e-06
6475,-3.0002831807253433940812885338811355495636e-06
6476,-3.0002831809306662980780990718221445945346e-06
6477,-3.0002831800015270591146503836865733205741e-06
6478,-3.0002831811686804386741893313494955464193e-06
6479,-3.0002831807253433940812885338811355495636e-06
6480,-3.0002831809306662980780990718221445945346e-06
6481,-3.0002831800015270591146503836865733205741e-06
6482,-3.0002831811686804386741893313494955464193e-06
6483,-3.0002831807253433940812885338811355495636e-06
6484,-3.0002831809306662980780990718221445945346e-06
6485,-3.0002831800015270591146503836865733205741e-06
6486,-3.0002831812982082934518433120496538890620e-06
6487,-3.0002831809306662980780990718221445945346e-06
6488,-3.0002831800015270591146503836865733205741e-06
6489,-3.0002831811686804386741893313494955464193e-06
6490,-3.0002831807253433940812885338811355495636e-06
6491,-3.0002831809306662980780990718221445945346e-06
6492,-3.0002831800015270591146503836865733205741e-06
6493,-3.0002831811686804386741893313494955464193e-06
6494,-3.0002831807253433940812885338811355495636e-06
6495,-3.0002831809306662980780990718221445945346e-06
6496,-3.0002831800015270591146503836865733205741e-06
6497,-3.0002831811686804386741893313494955464193e-06
6498,-3.0002831807253433940812885338811355495636e-06
6499,-3.0002831809306662980780990718221445945346e-06
6500,-3.0002831800015270591146503836865733205741e-06
6501,-3.0002831811686804386741893313494955464193e-06
6502,-3.0002831807253433940812885338811355495636e-06
6503,-3.0002831809306662980780990718221445945346e-06
6504,-3.0002831800015270591146503836865733205741e-06
6505,-3.0002831811686804386741893313494955464193e-06
6506,-3.0002831807253433940812885338811355495636e-06
6507,-3.0002831809306662980780990718221445945346e-06
6508,-3.0002831800015270591146503836865733205741e-06
6509,-3.0002831812982082934518433120496538890620e-06
6510,-3.0002831809306662980780990718221445945346e-06
6511,-3.0002831800015270591146503836865733205741e-06
6512,-3.0002831811686804386741893313494955464193e-06
6513,-3.0002831807253433940812885338811355495636e-06
6514,-3.0002831807176908749193195574678227899312e-06
6515,-3.0002831801170026372973555217615881929305e-06
6516,-3.0002831799508503484298464758506241878422e-06
6517,-3.0002831806834427917629864318582733062613e-06
6518,-3.0002831806727676355287404846849952377852e-06
6519,-3.0002831799508503484298464758506241878422e-06
6520,-3.0002831806834427917629864318582733062613e-06
6521,-3.0002831806727676355287404846849952377852e-06
6522,-3.0002831813290801032804207965076770392443e-06
6523,-3.0002831801255530113834140565343133744136e-06
6524,-3.0002831799508503484298464758506241878422e-06
6525,-3.0002831806834427917629864318582733062613e-06
6526,-3.0002831806727676355287404846849952377852e-06
6527,-3.0002831799508503484298464758506241878422e-06
6528,-3.0002831806834427917629864318582733062613e-06
6529,-3.0002831806727676355287404846849952377852e-06
6530,-3.0002831799508503484298464758506241878422e-06
6531,-3.0002831806834427917629864318582733062613e-06
6532,-3.0002831806727676355287404846849952377852e-06
6533,-3.0002831813290801032804207965076770392443e-06
6534,-3.0002831801255530113834140565343133744136e-06
6535,-3.0002831799508503484298464758506241878422e-06
6536,-3.0002831806834427917629864318582733062613e-06
6537,-3.0002831806727676355287404846849952377852e-06
6538,-3.0002831799508503484298464758506241878422e-06
6539,-3.0002831806834427917629864318582733062613e-06
6540,-3.0002831806727676355287404846849952377852e-06
6541,-3.0002831813290801032804207965076770392443e-06
6542,-3.0002831801255530113834140565343133744136e-06
6543,-3.0002831799508503484298464758506241878422e-06
6544,-3.0002831806834427917629864318582733062613e-06
6545,-3.0002831806727676355287404846849952377852e-06
6546,-3.0002831799508503484298464758506241878422e-06
6547,-3.0002831806834427917629864318582733062613e-06
6548,-3.0002831806727676355287404846849952377852e-06
6549,-3.0002831799508503484298464758506241878422e-06
6550,-3.0002831806834427917629864318582733062613e-06
6551,-3.0002831806727676355287404846849952377852e-06
6552,-3.0002831813290801032804207965076770392443e-06
6553,-3.0002831801255530113834140565343133744136e-06
6554,-3.0002831799508503484298464758506241878422e-06
6555,-3.0002831806834427917629864318582733062613e-06
6556,-3.0002831806727676355287404846849952377852e-06
6557,-3.0002831799508503484298464758506241878422e-06
6558,-3.0002831806834427917629864318582733062613e-06
6559,-3.0002831806727676355287404846849952377852e-06
6560,-3.0002831813290801032804207965076770392443e-06
6561,-3.0002831801255530113834140565343133744136e-06
6562,-3.0002831799508503484298464758506241878422e-06
6563,-3.0002831806834427917629864318582733062613e-06
6564,-3.0002831806727676355287404846849952377852e-06
6565,-3.0002831799508503484298464758506241878422e-06
6566,-3.0002831806834427917629864318582733062613e-06
6567,-3.0002831806727676355287404846849952377852e-06
6568,-3.0002831813290801032804207965076770392443e-06
6569,-3.0002831801255530113834140565343133744136e-06
6570,-3.0002831799508503484298464758506241878422e-06
6571,-3.0002831806834427917629864318582733062613e-06
6572,-3.0002831806727676355287404846849952377852e-06
6573,-3.0002831799508503484298464758506241878422e-06
6574,-3.0002831806834427917629864318582733062613e-06
6575,-3.0002831806727676355287404846849952377852e-06
6576,-3.0002831799508503484298464758506241878422e-06
6577,-3.0002831806834427917629864318582733062613e-06
6578,-3.0002831806727676355287404846849952377852e-06
6579,-3.0002831813290801032804207965076770392443e-06
6580,-3.0002831801255530113834140565343133744136e-06
6581,-3.0002831799508503484298464758506241878422e-06
6582,-3.0002831806834427917629864318582733062613e-06
6583,-3.0002831806727676355287404846849952377852e-06
6584,-3.0002831799508503484298464758506241878422e-06
6585,-3.0002831806834427917629864318582733062613e-06
6586,-3.0002831806727676355287404846849952377852e-06
6587,-3.0002831813290801032804207965076770392443e-06
6588,-3.0002831801255530113834140565343133744136e-06
6589,-3.0002831799508503484298464758506241878422e-06
6590,-3.0002831806834427917629864318582733062613e-06
6591,-3.0002831806727676355287404846849952377852e-06
6592,-3.0002831799508503484298464758506241878422e-06
6593,-3.0002831806834427917629864318582733062613e-06
6594,-3.0002831806727676355287404846849952377852e-06
6595,-3.0002831799508503484298464758506241878422e-06
6596,-3.0002831806834427917629864318582733062613e-06
6597,-3.0002831806727676355287404846849952377852e-06
6598,-3.0002831813290801032804207965076770392443e-06
6599,-3.0002831801255530113834140565343133744136e-06
6600,-3.0002831799508503484298464758506241878422e-06
6601,-3.0002831806834427917629864318582733062613e-06
6602,-3.0002831806727676355287404846849952377852e-06
6603,-3.0002831799508503484298464758506241878422e-06
6604,-3.0002831806834427917629864318582733062613e-06
6605,-3.0002831806727676355287404846849952377852e-06
6606,-3.0002831813290801032804207965076770392443e-06
6607,-3.0002831801255530113834140565343133744136e-06
6608,-3.0002831799508503484298464758506241878422e-06
6609,-3.0002831806834427917629864318582733062613e-06
6610,-3.0002831806727676355287404846849952377852e-06
6611,-3.0002831799508503484298464758506241878422e-06
6612,-3.0002831806834427917629864318582733062613e-06
6613,-3.0002831806727676355287404846849952377852e-06
6614,-3.0002831799508503484298464758506241878422e-06
6615,-3.0002831806834427917629864318582733062613e-06
6616,-3.0002831806727676355287404846849952377852e-06
6617,-3.0002831813290801032804207965076770392443e-06
6618,-3.0002831801255530113834140565343133744136e-06
6619,-3.0002831799508503484298464758506241878422e-06
6620,-3.0002831806834427917629864318582733062613e-06
6621,-3.0002831806727676355287404846849952377852e-06
6622,-3.0002831799508503484298464758506241878422e-06
6623,-3.0002831806834427917629864318582733062613e-06
6624,-3.0002831806727676355287404846849952377852e-06
6625,-3.0002831813290801032804207965076770392443e-06
6626,-3.0002831801255530113834140565343133744136e-06
6627,-3.0002831799508503484298464758506241878422e-06
6628,-3.0002831806834427917629864318582733062613e-06
6629,-3.0002831806727676355287404846849952377852e-06
6630,-3.0002831799508503484298464758506241878422e-06
6631,-3.0002831806834427917629864318582733062613e-06
6632,-3.0002831806727676355287404846849952377852e-06
6633,-3.0002831813290801032804207965076770392443e-06
6634,-3.0002831801255530113834140565343133744136e-06
6635,-3.0002831799508503484298464758506241878422e-06
6636,-3.0002831806834427917629864318582733062613e-06
6637,-3.0002831806727676355287404846849952377852e-06
6638,-3.0002831799508503484298464758506241878422e-06
6639,-3.0002831806834427917629864318582733062613e-06
6640,-3.0002831806727676355287404846849952377852e-06
6641,-3.0002831799508503484298464758506241878422e-06
6642,-3.0002831806834427917629864318582733062613e-06
6643,-3.0002831806727676355287404846849952377852e-06
6644,-3.0002831813290801032804207965076770392443e-06
6645,-3.0002831801255530113834140565343133744136e-06
6646,-3.0002831799508503484298464758506241878422e-06
6647,-3.0002831806834427917629864318582733062613e-06
6648,-3.0002831806727676355287404846849952377852e-06
6649,-3.0002831799508503484298464758506241878422e-06
6650,-3.0002831806834427917629864318582733062613e-06
6651,-3.0002831806727676355287404846849952377852e-06
6652,-3.0002831813290801032804207965076770392443e-06
6653,-3.0002831801255530113834140565343133744136e-06
6654,-3.0002831799508503484298464758506241878422e-06
6655,-3.0002831806834427917629864318582733062613e-06
6656,-3.0002831806727676355287404846849952377852e-06
6657,-3.0002831799508503484298464758506241878422e-06
6658,-3.0002831806834427917629864318582733062613e-06
6659,-3.0002831806727676355287404846849952377852e-06
6660,-3.0002831799508503484298464758506241878422e-06
6661,-3.0002831806834427917629864318582733062613e-06
6662,-3.0002831806727676355287404846849952377852e-06
6663,-3.0002831813290801032804207965076770392443e-06
6664,-3.0002831801255530113834140565343133744136e-06
6665,-3.0002831799508503484298464758506241878422e-06
6666,-3.0002831806834427917629864318582733062613e-06
6667,-3.0002831806727676355287404846849952377852e-06
6668,-3.0002831799508503484298464758506241878422e-06
6669,-3.0002831806834427917629864318582733062613e-06
6670,-3.0002831806727676355287404846849952377852e-06
6671,-3.0002831813290801032804207965076770392443e-06
6672,-3.0002831801255530113834140565343133744136e-06
6673,-3.0002831811261136449428717221099560674702e-06
6674,2.7391916236177976093388251771358117967982e-16
6675,-4.5261975882142409812183595944779638209201e-17
6676,-3.0000732353421190215340963458601208913024e-06
6677,-3.0000732356327932004609864574673494530543e-06
6678,-3.0000732354276350443724168809422891968097e-06
6679,-3.0000732356499748402795663126951808408194e-06
6680,-3.0000732355815252607789990479947306312170e-06
6681,-3.0000732356327932004609864574673494530543e-06
6682,-3.0000732354276350443724168809422891968097e-06
6683,-3.0000732356499748402795663126951808408194e-06
6684,-3.0000732355815252607789990479947306312170e-06
6685,-3.0000732356327932004609864574673494530543e-06
6686,-3.0000732354276350443724168809422891968097e-06
6687,-3.0000732356499748402795663126951808408194e-06
6688,-3.0000732355815252607789990479947306312170e-06
6689,-3.0000732356327932004609864574673494530543e-06
6690,-3.0000732354276350443724168809422891968097e-06
6691,-3.0000732356499748402795663126951808408194e-06
6692,-3.0000732355815252607789990479947306312170e-06
6693,-3.0000732356327932004609864574673494530543e-06
6694,-3.0000732354276350443724168809422891968097e-06
6695,-3.0000732356499748402795663126951808408194e-06
6696,-3.0000732355815252607789990479947306312170e-06
6697,-3.0000732356327932004609864574673494530543e-06
6698,-3.0000732356841754895908531974857424984293e-06
6699,-3.0000732355815252607789990479947306312170e-06
6700,-3.0000732356327932004609864574673494530543e-06
6701,-3.0000732354276350443724168809422891968097e-06
6702,-3.0000732356499748402795663126951808408194e-06
6703,-3.0000732355815252607789990479947306312170e-06
6704,-3.0000732356327932004609864574673494530543e-06
6705,-3.0000732354276350443724168809422891968097e-06
6706,-3.0000732356499748402795663126951808408194e-06
6707,-3.0000732355815252607789990479947306312170e-06
6708,-3.0000732356327932004609864574673494530543e-06
6709,-3.0000732356841754895908531974857424984293e-06
6710,-3.0000732355815252607789990479947306312170e-06
6711,-3.0000732356327932004609864574673494530543e-06
6712,-3.0000732354276350443724168809422891968097e-06
6713,-3.0000732353934339715446563690015580050385e-06
6714,-3.0000732356499748402795663126951808408194e-06
6715,-3.0000732355815252607789990479947306312170e-06
6716,-3.0000732356327932004609864574673494530543e-06
6717,-3.0000732356841754895908531974857424984293e-06
6718,-3.0000732355815252607789990479947306312170e-06
6719,-3.0000732356327932004609864574673494530543e-06
6720,-3.0000732354276350443724168809422891968097e-06
6721,-3.0000732353934339715446563690015580050385e-06
6722,-3.0000732356499748402795663126951808408194e-06
6723,-3.0000732355815252607789990479947306312170e-06
6724,-3.0000732356327932004609864574673494530543e-06
6725,-3.0000732356841754895908531974857424984293e-06
6726,-3.0000732355815252607789990479947306312170e-06
6727,-3.0000732356327932004609864574673494530543e-06
6728,-3.0000732356841754895908531974857424984293e-06
6729,-3.0000732355815252607789990479947306312170e-06
6730,-3.0000732356327932004609864574673494530543e-06
6731,-3.0000732354276350443724168809422891968097e-06
6732,-3.0000732353934339715446563690015580050385e-06
6733,-3.0000732356499748402795663126951808408194e-06
6734,-3.0000732355815252607789990479947306312170e-06
6735,-3.0000732356327932004609864574673494530543e-06
6736,-3.0000732356841754895908531974857424984293e-06
6737,-3.0000732355815252607789990479947306312170e-06
6738,-3.0000732356327932004609864574673494530543e-06
6739,-3.0000732354276350443724168809422891968097e-06
6740,-3.0000732353934339715446563690015580050385e-06
6741,-3.0000732356499748402795663126951808408194e-06
6742,-3.0000732355815252607789990479947306312170e-06
6743,-3.0000732356327932004609864574673494530543e-06
6744,-3.0000732356841754895908531974857424984293e-06
6745,-3.0000732355815252607789990479947306312170e-06
6746,-3.0000732356327932004609864574673494530543e-06
6747,-3.0000732356841754895908531974857424984293e-06
6748,-3.0000732354902256969768261501974038196749e-06
6749,-3.0000732352366481730078853762400115101627e-06
6750,-3.0000732351711623617897609084259613609902e-06
6751,-3.0000732359064005125336496715426903847401e-06
6752,-3.0000732356841754895908531974857424984293e-06
6753,-3.0000732355815252607789990479947306312170e-06
6754,-3.0000732356327932004609864574673494530543e-06
6755,-3.0000732351811357512272066677683213242744e-06
6756,-3.0000732358167111583642071986899324542719e-06
6757,-3.0000732358822312744166954656677148705057e-06
6758,-3.0000732359877156754700625040932493448054e-06
6759,-3.0000732358822312744166954656677148705057e-06
6760,-3.0000732359464223957749417354134990887360e-06
6761,-3.0000732357995871167860406358851577124369e-06
6762,-3.0000732359848340693835033743397389116581e-06
6763,-3.0000732359877156754700625040932493448054e-06
6764,-3.0000732358822312744166954656677148705057e-06
6765,-3.0000732359877156754700625040932493448054e-06
6766,-3.0000732358822312744166954656677148705057e-06
6767,-3.0000732359877156754700625040932493448054e-06
6768,-3.0000732358822312744166954656677148705057e-06
6769,-3.0000732359877156754700625040932493448054e-06
6770,-3.0000732358822312744166954656677148705057e-06
6771,-3.0000732359877156754700625040932493448054e-06
6772,-3.0000732358822312744166954656677148705057e-06
6773,-3.0000732359877156754700625040932493448054e-06
6774,-3.0000732358822312744166954656677148705057e-06
6775,-3.0000732359877156754700625040932493448054e-06
6776,-3.0000732358822312744166954656677148705057e-06
6777,-3.0000732359877156754700625040932493448054e-06
6778,-3.0000732358822312744166954656677148705057e-06
6779,-3.0000732359877156754700625040932493448054e-06
6780,-3.0000732358822312744166954656677148705057e-06
6781,-3.0000732359464223957749417354134990887360e-06
6782,-3.0000732357995871167860406358851577124369e-06
6783,-3.0000732359848340693835033743397389116581e-06
6784,-3.0000732359877156754700625040932493448054e-06
6785,-3.0000732358822312744166954656677148705057e-06
6786,-3.0000732359877156754700625040932493448054e-06
6787,-3.0000732358822312744166954656677148705057e-06
6788,-3.0000732359877156754700625040932493448054e-06
6789,-3.0000732358822312744166954656677148705057e-06
6790,-3.0000732359877156754700625040932493448054e-06
6791,-3.0000732358822312744166954656677148705057e-06
6792,-3.0000732359877156754700625040932493448054e-06
6793,-3.0000732358822312744166954656677148705057e-06
6794,-3.0000732359877156754700625040932493448054e-06
6795,-3.0000732358822312744166954656677148705057e-06
6796,-3.0000732359877156754700625040932493448054e-06
6797,-3.0000732358822312744166954656677148705057e-06
6798,-3.0000732359877156754700625040932493448054e-06
6799,-3.0000732358822312744166954656677148705057e-06
6800,-3.0000732359877156754700625040932493448054e-06
6801,-3.0000732358822312744166954656677148705057e-06
6802,-3.0000732359464223957749417354134990887360e-06
6803,-3.0000732357995871167860406358851577124369e-06
6804,-3.0000732359848340693835033743397389116581e-06
6805,-3.0000732359877156754700625040932493448054e-06
6806,-3.0000732358822312744166954656677148705057e-06
6807,-3.0000732359877156754700625040932493448054e-06
6808,-3.0000732358822312744166954656677148705057e-06
6809,-3.0000732359877156754700625040932493448054e-06
6810,-3.0000732358822312744166954656677148705057e-06
6811,-3.0000732359877156754700625040932493448054e-06
6812,-3.0000732358822312744166954656677148705057e-06
6813,-3.0000732359877156754700625040932493448054e-06
6814,-3.0000732358822312744166954656677148705057e-06
6815,-3.0000732359877156754700625040932493448054e-06
6816,-3.0000732357696207851780779984895985990079e-06
6817,-3.0000732358209793573854216180984977313528e-06
6818,-3.0000732355815252607789990479947306312170e-06
6819,-3.0000732356327932004609864574673494530543e-06
6820,-3.0000732354276350443724168809422891968097e-06
6821,-3.0000732356499748402795663126951808408194e-06
6822,-3.0000732355815252607789990479947306312170e-06
6823,-3.0000732356327932004609864574673494530543e-06
6824,-3.0000732356841754895908531974857424984293e-06
6825,-3.0000732355815252607789990479947306312170e-06
6826,-3.0000732356327932004609864574673494530543e-06
6827,-3.0000732354276350443724168809422891968097e-06
6828,-3.0000732356499748402795663126951808408194e-06
6829,-3.0000732355815252607789990479947306312170e-06
6830,-3.0000732356327932004609864574673494530543e-06
6831,-3.0000732354276350443724168809422891968097e-06
6832,-3.0000732356499748402795663126951808408194e-06
6833,-3.0000732355815252607789990479947306312170e-06
6834,-3.0000732356327932004609864574673494530543e-06
6835,-3.0000732354276350443724168809422891968097e-06
6836,-3.0000732356499748402795663126951808408194e-06
6837,-3.0000732355815252607789990479947306312170e-06
6838,-3.0000732356327932004609864574673494530543e-06
6839,-3.0000732354276350443724168809422891968097e-06
6840,-3.0000732356499748402795663126951808408194e-06
6841,-3.0000732355815252607789990479947306312170e-06
6842,-3.0000732356327932004609864574673494530543e-06
6843,-3.0000732354276350443724168809422891968097e-06
6844,-3.0000732356499748402795663126951808408194e-06
6845,-3.0000732355815252607789990479947306312170e-06
6846,-3.0000732356327932004609864574673494530543e-06
6847,-3.0000732356841754895908531974857424984293e-06
6848,-3.0000732355815252607789990479947306312170e-06
6849,-3.0000732356327932004609864574673494530543e-06
6850,-3.0000732354276350443724168809422891968097e-06
6851,-3.0000732356499748402795663126951808408194e-06
6852,-3.0000732355815252607789990479947306312170e-06
6853,-3.0000732356327932004609864574673494530543e-06
6854,-3.0000732354276350443724168809422891968097e-06
6855,-3.0000732356499748402795663126951808408194e-06
6856,-3.0000732355815252607789990479947306312170e-06
6857,-3.0000732356327932004609864574673494530543e-06
6858,-3.0000732354276350443724168809422891968097e-06
6859,-3.0000732356499748402795663126951808408194e-06
6860,-3.0000732355815252607789990479947306312170e-06
6861,-3.0000732356327932004609864574673494530543e-06
6862,-3.0000732354276350443724168809422891968097e-06
6863,-3.0000732356499748402795663126951808408194e-06
6864,-3.0000732355815252607789990479947306312170e-06
6865,-3.0000732356327932004609864574673494530543e-06
6866,-3.0000732356841754895908531974857424984293e-06
6867,-3.0000732355815252607789990479947306312170e-06
6868,-3.0000732356327932004609864574673494530543e-06
6869,-3.0000732354276350443724168809422891968097e-06
6870,-3.0000732356499748402795663126951808408194e-06
6871,-3.0000732355815252607789990479947306312170e-06
6872,-3.0000732356327932004609864574673494530543e-06
6873,-3.0000732354276350443724168809422891968097e-06
6874,-3.0000732356499748402795663126951808408194e-06
6875,-3.0000732355815252607789990479947306312170e-06
6876,-3.0000732356327932004609864574673494530543e-06
6877,-3.0000732354276350443724168809422891968097e-06
6878,-3.0000732356499748402795663126951808408194e-06
6879,-3.0000732355815252607789990479947306312170e-06
6880,-3.0000732356327932004609864574673494530543e-06
6881,-3.0000732354276350443724168809422891968097e-06
6882,-3.0000732356499748402795663126951808408194e-06
6883,-3.0000732355815252607789990479947306312170e-06
6884,-3.0000732356327932004609864574673494530543e-06
6885,-3.0000732354276350443724168809422891968097e-06
6886,-3.0000732356499748402795663126951808408194e-06
6887,-3.0000732355815252607789990479947306312170e-06
6888,-3.0000732356327932004609864574673494530543e-06
6889,-3.0000732356841754895908531974857424984293e-06
6890,-3.0000732355815252607789990479947306312170e-06
6891,-3.0000732356327932004609864574673494530543e-06
6892,-3.0000732354276350443724168809422891968097e-06
6893,-3.0000732356499748402795663126951808408194e-06
6894,-3.0000732355815252607789990479947306312170e-06
6895,-3.0000732356327932004609864574673494530543e-06
6896,-3.0000732354276350443724168809422891968097e-06
6897,-3.0000732356499748402795663126951808408194e-06
6898,-3.0000732355815252607789990479947306312170e-06
6899,-3.0000732356327932004609864574673494530543e-06
6900,-3.0000732354276350443724168809422891968097e-06
6901,-3.0000732356499748402795663126951808408194e-06
6902,-3.0000732355815252607789990479947306312170e-06
6903,-3.0000732356327932004609864574673494530543e-06
6904,-3.0000732354276350443724168809422891968097e-06
6905,-3.0000732356499748402795663126951808408194e-06
6906,-3.0000732355815252607789990479947306312170e-06
6907,-3.0000732356327932004609864574673494530543e-06
6908,-3.0000732356841754895908531974857424984293e-06
6909,-3.0000732355815252607789990479947306312170e-06
6910,-3.0000732356327932004609864574673494530543e-06
6911,-3.0000732354276350443724168809422891968097e-06
6912,-3.0000732356499748402795663126951808408194e-06
6913,-3.0000732355815252607789990479947306312170e-06
6914,-3.0000732356327932004609864574673494530543e-06
6915,-3.0000732354276350443724168809422891968097e-06
6916,-3.0000732356499748402795663126951808408194e-06
6917,-3.0000732355815252607789990479947306312170e-06
6918,-3.0000732356327932004609864574673494530543e-06
6919,-3.0000732354276350443724168809422891968097e-06
6920,-3.0000732356499748402795663126951808408194e-06
6921,-3.0000732355815252607789990479947306312170e-06
6922,-3.0000732356327932004609864574673494530543e-06
6923,-3.0000732354276350443724168809422891968097e-06
6924,-3.0000732356499748402795663126951808408194e-06
6925,-3.0000732355815252607789990479947306312170e-06
6926,-3.0000732356327932004609864574673494530543e-06
6927,-3.0000732354276350443724168809422891968097e-06
6928,-3.0000732356499748402795663126951808408194e-06
6929,-3.0000732355815252607789990479947306312170e-06
6930,-3.0000732356327932004609864574673494530543e-06
6931,-3.0000732356841754895908531974857424984293e-06
6932,-3.0000732355815252607789990479947306312170e-06
6933,-3.0000732356327932004609864574673494530543e-06
6934,-3.0000732354276350443724168809422891968097e-06
6935,-3.0000732356499748402795663126951808408194e-06
6936,-3.0000732355815252607789990479947306312170e-06
6937,-3.0000732356327932004609864574673494530543e-06
6938,-3.0000732354276350443724168809422891968097e-06
6939,-3.0000732356499748402795663126951808408194e-06
6940,-3.0000732355815252607789990479947306312170e-06
6941,-3.0000732356327932004609864574673494530543e-06
6942,-3.0000732354276350443724168809422891968097e-06
6943,-3.0000732356499748402795663126951808408194e-06
6944,-3.0000732355815252607789990479947306312170e-06
6945,-3.0000732356327932004609864574673494530543e-06
6946,-3.0000732354276350443724168809422891968097e-06
6947,-3.0000732356499748402795663126951808408194e-06
6948,-3.0000732355815252607789990479947306312170e-06
6949,-3.0000732356327932004609864574673494530543e-06
6950,-3.0000732354276350443724168809422891968097e-06
6951,-3.0000732356499748402795663126951808408194e-06
6952,-3.0000732355815252607789990479947306312170e-06
6953,-3.0000732356327932004609864574673494530543e-06
6954,-3.0000732356841754895908531974857424984293e-06
6955,-3.0000732355815252607789990479947306312170e-06
6956,-3.0000732356327932004609864574673494530543e-06
6957,-3.0000732354276350443724168809422891968097e-06
6958,-3.0000732356499748402795663126951808408194e-06
6959,-3.0000732354902256969768261501974038196749e-06
6960,-3.0000732352366481730078853762400115101627e-06
6961,-3.0000732353108817169887786308057897599610e-06
6962,-3.0000732356782839519262259114773527812758e-06
6963,-3.0000732355786572072195959870466452912297e-06
6964,-3.0000732353108817169887786308057897599610e-06
6965,-3.0000732356782839519262259114773527812758e-06
6966,-3.0000732355786572072195959870466452912297e-06
6967,-3.0000732354218718321992986214352683305151e-06
6968,-3.0000732358864655921200197130627174146866e-06
6969,-3.0000732353108817169887786308057897599610e-06
6970,-3.0000732356782839519262259114773527812758e-06
6971,-3.0000732355786572072195959870466452912297e-06
6972,-3.0000732353108817169887786308057897599610e-06
6973,-3.0000732356782839519262259114773527812758e-06
6974,-3.0000732355786572072195959870466452912297e-06
6975,-3.0000732353108817169887786308057897599610e-06
6976,-3.0000732356782839519262259114773527812758e-06
6977,-3.0000732355786572072195959870466452912297e-06
6978,-3.0000732354218718321992986214352683305151e-06
6979,-3.0000732358864655921200197130627174146866e-06
6980,-3.0000732353108817169887786308057897599610e-06
6981,-3.0000732356782839519262259114773527812758e-06
6982,-3.0000732355786572072195959870466452912297e-06
6983,-3.0000732353108817169887786308057897599610e-06
6984,-3.0000732356782839519262259114773527812758e-06
6985,-3.0000732355786572072195959870466452912297e-06
6986,-3.0000732354218718321992986214352683305151e-06
6987,-3.0000732358864655921200197130627174146866e-06
6988,-3.0000732353108817169887786308057897599610e-06
6989,-3.0000732356782839519262259114773527812758e-06
6990,-3.0000732355786572072195959870466452912297e-06
6991,-3.0000732353108817169887786308057897599610e-06
6992,-3.0000732356782839519262259114773527812758e-06
6993,-3.0000732355786572072195959870466452912297e-06
6994,-3.0000732353108817169887786308057897599610e-06
6995,-3.0000732356782839519262259114773527812758e-06
6996,-3.0000732355786572072195959870466452912297e-06
6997,-3.0000732354218718321992986214352683305151e-06
6998,-3.0000732358864655921200197130627174146866e-06
6999,-3.0000732353108817169887786308057897599610e-06
7000,-3.0000732356782839519262259114773527812758e-06
7001,-3.0000732355786572072195959870466452912297e-06
7002,-3.0000732353108817169887786308057897599610e-06
7003,-3.0000732356782839519262259114773527812758e-06
7004,-3.0000732355786572072195959870466452912297e-06
7005,-3.0000732354218718321992986214352683305151e-06
7006,-3.0000732358864655921200197130627174146866e-06
7007,-3.0000732353108817169887786308057897599610e-06
7008,-3.0000732356782839519262259114773527812758e-06
7009,-3.0000732355786572072195959870466452912297e-06
7010,-3.0000732353108817169887786308057897599610e-06
7011,-3.0000732356782839519262259114773527812758e-06
7012,-3.0000732355786572072195959870466452912297e-06
7013,-3.0000732354218718321992986214352683305151e-06
7014,-3.0000732358864655921200197130627174146866e-06
7015,-3.0000732353108817169887786308057897599610e-06
7016,-3.0000732356782839519262259114773527812758e-06
7017,-3.0000732355786572072195959870466452912297e-06
7018,-3.0000732353108817169887786308057897599610e-06
7019,-3.0000732356782839519262259114773527812758e-06
7020,-3.0000732355786572072195959870466452912297e-06
7021,-3.0000732353108817169887786308057897599610e-06
7022,-3.0000732356782839519262259114773527812758e-06
7023,-3.0000732355786572072195959870466452912297e-06
7024,-3.0000732354218718321992986214352683305151e-06
7025,-3.0000732358864655921200197130627174146866e-06
7026,-3.0000732353108817169887786308057897599610e-06
7027,-3.0000732356782839519262259114773527812758e-06
7028,-3.0000732355786572072195959870466452912297e-06
7029,-3.0000732353108817169887786308057897599610e-06
7030,-3.0000732356782839519262259114773527812758e-06
7031,-3.0000732355786572072195959870466452912297e-06
7032,-3.0000732354218718321992986214352683305151e-06
7033,-3.0000732358864655921200197130627174146866e-06
7034,-3.0000732353108817169887786308057897599610e-06
7035,-3.0000732356782839519262259114773527812758e-06
7036,-3.0000732355786572072195959870466452912297e-06
7037,-3.0000732353108817169887786308057897599610e-06
7038,-3.0000732356782839519262259114773527812758e-06
7039,-3.0000732355786572072195959870466452912297e-06
7040,-3.0000732353108817169887786308057897599610e-06
7041,-3.0000732356782839519262259114773527812758e-06
7042,-3.0000732355786572072195959870466452912297e-06
7043,-3.0000732354218718321992986214352683305151e-06
7044,-3.0000732358864655921200197130627174146866e-06
7045,-3.0000732353108817169887786308057897599610e-06
7046,-3.0000732356782839519262259114773527812758e-06
7047,-3.0000732355786572072195959870466452912297e-06
7048,-3.0000732353108817169887786308057897599610e-06
7049,-3.0000732356782839519262259114773527812758e-06
7050,-3.0000732355786572072195959870466452912297e-06
7051,-3.0000732354218718321992986214352683305151e-06
7052,-3.0000732358864655921200197130627174146866e-06
7053,-3.0000732353108817169887786308057897599610e-06
7054,-3.0000732356782839519262259114773527812758e-06
7055,-3.0000732355786572072195959870466452912297e-06
7056,-3.0000732353108817169887786308057897599610e-06
7057,-3.0000732356782839519262259114773527812758e-06
7058,-3.0000732355786572072195959870466452912297e-06
7059,-3.0000732353108817169887786308057897599610e-06
7060,-3.0000732356782839519262259114773527812758e-06
7061,-3.0000732355786572072195959870466452912297e-06
7062,-3.0000732354218718321992986214352683305151e-06
7063,-3.0000732358864655921200197130627174146866e-06
7064,-3.0000732353108817169887786308057897599610e-06
7065,-3.0000732356782839519262259114773527812758e-06
7066,-3.0000732355786572072195959870466452912297e-06
7067,-3.0000732353108817169887786308057897599610e-06
7068,-3.0000732356782839519262259114773527812758e-06
7069,-3.0000732355786572072195959870466452912297e-06
7070,-3.0000732354218718321992986214352683305151e-06
7071,-3.0000732358864655921200197130627174146866e-06
7072,-3.0000732353108817169887786308057897599610e-06
7073,-3.0000732356782839519262259114773527812758e-06
7074,-3.0000732355786572072195959870466452912297e-06
7075,-3.0000732353108817169887786308057897599610e-06
7076,-3.0000732356782839519262259114773527812758e-06
7077,-3.0000732355786572072195959870466452912297e-06
7078,-3.0000732354218718321992986214352683305151e-06
7079,-3.0000732358864655921200197130627174146866e-06
7080,-3.0000732353108817169887786308057897599610e-06
7081,-3.0000732356782839519262259114773527812758e-06
7082,-3.0000732355786572072195959870466452912297e-06
7083,-3.0000732353108817169887786308057897599610e-06
7084,-3.0000732356782839519262259114773527812758e-06
7085,-3.0000732355786572072195959870466452912297e-06
7086,-3.0000732353108817169887786308057897599610e-06
7087,-3.0000732356782839519262259114773527812758e-06
7088,-3.0000732355786572072195959870466452912297e-06
7089,-3.0000732354218718321992986214352683305151e-06
7090,-3.0000732358864655921200197130627174146866e-06
7091,-3.0000732353108817169887786308057897599610e-06
7092,-3.0000732356782839519262259114773527812758e-06
7093,-3.0000732355786572072195959870466452912297e-06
7094,-3.0000732353108817169887786308057897599610e-06
7095,-3.0000732356782839519262259114773527812758e-06
7096,-3.0000732355786572072195959870466452912297e-06
7097,-3.0000732354218718321992986214352683305151e-06
7098,-3.0000732358864655921200197130627174146866e-06
7099,-3.0000732353108817169887786308057897599610e-06
7100,-3.0000732356782839519262259114773527812758e-06
7101,-3.0000732355786572072195959870466452912297e-06
7102,-3.0000732353108817169887786308057897599610e-06
7103,-3.0000732356782839519262259114773527812758e-06
7104,-3.0000732355786572072195959870466452912297e-06
7105,-3.0000732353108817169887786308057897599610e-06
7106,-3.0000732356782839519262259114773527812758e-06
7107,-3.0000732355786572072195959870466452912297e-06
7108,-3.0000732354218718321992986214352683305151e-06
7109,-3.0000732358864655921200197130627174146866e-06
7110,-3.0000732353108817169887786308057897599610e-06
7111,-3.0000732356782839519262259114773527812758e-06
7112,-3.0000732355786572072195959870466452912297e-06
7113,-3.0000732353108817169887786308057897599610e-06
7114,-3.0000732356782839519262259114773527812758e-06
7115,-3.0000732355786572072195959870466452912297e-06
7116,-3.0000732354218718321992986214352683305151e-06
7117,-3.0000732358864655921200197130627174146866e-06
7118,-3.0000732353882043901283083187081501819193e-06
7119,-1.0295227109692125715463182479529588536278e-16
7120,1.2181200280144570258990238565668967277724e-16
7121,-3.0000732390122725479219851357770565414285e-06
7122,-3.0000732386298884177299774178582225658829e-06
7123,-3.0000732386299358515750236586772103919429e-06
7124,-3.0000732386103194155495613171247271111497e-06
7125,-3.0000732388754686801274167151643013085049e-06
7126,-3.0000732386298884177299774178582225658829e-06
7127,-3.0000732386299358515750236586772103919429e-06
7128,-3.0000732386103194155495613171247271111497e-06
7129,-3.0000732388754686801274167151643013085049e-06
7130,-3.0000732386298884177299774178582225658829e-06
7131,-3.0000732386299358515750236586772103919429e-06
7132,-3.0000732386103194155495613171247271111497e-06
7133,-3.0000732388754686801274167151643013085049e-06
7134,-3.0000732386298884177299774178582225658829e-06
7135,-3.0000732386299358515750236586772103919429e-06
7136,-3.0000732386103194155495613171247271111497e-06
7137,-3.0000732388754686801274167151643013085049e-06
7138,-3.0000732386298884177299774178582225658829e-06
7139,-3.0000732386299358515750236586772103919429e-06
7140,-3.0000732386103194155495613171247271111497e-06
7141,-3.0000732388754686801274167151643013085049e-06
7142,-3.0000732386298884177299774178582225658829e-06
7143,-3.0000732387471232833441297377374823440732e-06
7144,-3.0000732388754686801274167151643013085049e-06
7145,-3.0000732386298884177299774178582225658829e-06
7146,-3.0000732386299358515750236586772103919429e-06
7147,-3.0000732386103194155495613171247271111497e-06
7148,-3.0000732388754686801274167151643013085049e-06
7149,-3.0000732386298884177299774178582225658829e-06
7150,-3.0000732386299358515750236586772103919429e-06
7151,-3.0000732386103194155495613171247271111497e-06
7152,-3.0000732388754686801274167151643013085049e-06
7153,-3.0000732386298884177299774178582225658829e-06
7154,-3.0000732387471232833441297377374823440732e-06
7155,-3.0000732388754686801274167151643013085049e-06
7156,-3.0000732386298884177299774178582225658829e-06
7157,-3.0000732386299358515750236586772103919429e-06
7158,-3.0000732384931324072969288652146246931807e-06
7159,-3.0000732386103194155495613171247271111497e-06
7160,-3.0000732388754686801274167151643013085049e-06
7161,-3.0000732386298884177299774178582225658829e-06
7162,-3.0000732387471232833441297377374823440732e-06
7163,-3.0000732388754686801274167151643013085049e-06
7164,-3.0000732386298884177299774178582225658829e-06
7165,-3.0000732386299358515750236586772103919429e-06
7166,-3.0000732384931324072969288652146246931807e-06
7167,-3.0000732386103194155495613171247271111497e-06
7168,-3.0000732388754686801274167151643013085049e-06
7169,-3.0000732386298884177299774178582225658829e-06
7170,-3.0000732387471232833441297377374823440732e-06
7171,-3.0000732388754686801274167151643013085049e-06
7172,-3.0000732386298884177299774178582225658829e-06
7173,-3.0000732387471232833441297377374823440732e-06
7174,-3.0000732388754686801274167151643013085049e-06
7175,-3.0000732386298884177299774178582225658829e-06
7176,-3.0000732386299358515750236586772103919429e-06
7177,-3.0000732384931324072969288652146246931807e-06
7178,-3.0000732386103194155495613171247271111497e-06
7179,-3.0000732388754686801274167151643013085049e-06
7180,-3.0000732386298884177299774178582225658829e-06
7181,-3.0000732387471232833441297377374823440732e-06
7182,-3.0000732388754686801274167151643013085049e-06
7183,-3.0000732386298884177299774178582225658829e-06
7184,-3.0000732386299358515750236586772103919429e-06
7185,-3.0000732384931324072969288652146246931807e-06
7186,-3.0000732386103194155495613171247271111497e-06
7187,-3.0000732388754686801274167151643013085049e-06
7188,-3.0000732386298884177299774178582225658829e-06
7189,-3.0000732387471232833441297377374823440732e-06
7190,-3.0000732388754686801274167151643013085049e-06
7191,-3.0000732386298884177299774178582225658829e-06
7192,-3.0000732387471232833441297377374823440732e-06
7193,-3.0000732383478709155240262557162722600879e-06
7194,-3.0000732385486384763305031664337718666502e-06
7195,-3.0000732387387126696943681625207034358027e-06
7196,-3.0000732384930845499354089972454673329594e-06
7197,-3.0000732387471232833441297377374823440732e-06
7198,-3.0000732388754686801274167151643013085049e-06
7199,-3.0000732386298884177299774178582225658829e-06
7200,-3.0000732384791190942175537204050783657294e-06
7201,-3.0000732386843009672286464173396325350041e-06
7202,-3.0000732382396891380501278978609747127848e-06
7203,-3.0000732386843009672286464173396325350041e-06
7204,-3.0000732382396891380501278978609747127848e-06
7205,-3.0000732387044878799440845301704783310015e-06
7206,-3.0000732382738660704388916622420424573647e-06
7207,-3.0000732383764925823282226913235604115471e-06
7208,-3.0000732386843009672286464173396325350041e-06
7209,-3.0000732382396891380501278978609747127848e-06
7210,-3.0000732386843009672286464173396325350041e-06
7211,-3.0000732382396891380501278978609747127848e-06
7212,-3.0000732386843009672286464173396325350041e-06
7213,-3.0000732382396891380501278978609747127848e-06
7214,-3.0000732386843009672286464173396325350041e-06
7215,-3.0000732382396891380501278978609747127848e-06
7216,-3.0000732386843009672286464173396325350041e-06
7217,-3.0000732382396891380501278978609747127848e-06
7218,-3.0000732386843009672286464173396325350041e-06
7219,-3.0000732382396891380501278978609747127848e-06
7220,-3.0000732386843009672286464173396325350041e-06
7221,-3.0000732382396891380501278978609747127848e-06
7222,-3.0000732386843009672286464173396325350041e-06
7223,-3.0000732382396891380501278978609747127848e-06
7224,-3.0000732386843009672286464173396325350041e-06
7225,-3.0000732382396891380501278978609747127848e-06
7226,-3.0000732387044878799440845301704783310015e-06
7227,-3.0000732382738660704388916622420424573647e-06
7228,-3.0000732383764925823282226913235604115471e-06
7229,-3.0000732386843009672286464173396325350041e-06
7230,-3.0000732382396891380501278978609747127848e-06
7231,-3.0000732386843009672286464173396325350041e-06
7232,-3.0000732382396891380501278978609747127848e-06
7233,-3.0000732386843009672286464173396325350041e-06
7234,-3.0000732382396891380501278978609747127848e-06
7235,-3.0000732386843009672286464173396325350041e-06
7236,-3.0000732382396891380501278978609747127848e-06
7237,-3.0000732386843009672286464173396325350041e-06
7238,-3.0000732382396891380501278978609747127848e-06
7239,-3.0000732386843009672286464173396325350041e-06
7240,-3.0000732382396891380501278978609747127848e-06
7241,-3.0000732386843009672286464173396325350041e-06
7242,-3.0000732382396891380501278978609747127848e-06
7243,-3.0000732386843009672286464173396325350041e-06
7244,-3.0000732382396891380501278978609747127848e-06
7245,-3.0000732386843009672286464173396325350041e-06
7246,-3.0000732382396891380501278978609747127848e-06
7247,-3.0000732387044878799440845301704783310015e-06
7248,-3.0000732382738660704388916622420424573647e-06
7249,-3.0000732383764925823282226913235604115471e-06
7250,-3.0000732386843009672286464173396325350041e-06
7251,-3.0000732382396891380501278978609747127848e-06
7252,-3.0000732386843009672286464173396325350041e-06
7253,-3.0000732382396891380501278978609747127848e-06
7254,-3.0000732386843009672286464173396325350041e-06
7255,-3.0000732382396891380501278978609747127848e-06
7256,-3.0000732386843009672286464173396325350041e-06
7257,-3.0000732382396891380501278978609747127848e-06
7258,-3.0000732386843009672286464173396325350041e-06
7259,-3.0000732382396891380501278978609747127848e-06
7260,-3.0000732386843009672286464173396325350041e-06
7261,-3.0000732385273093396856926295956924377606e-06
7262,-3.0000732386103194155495613171247271111497e-06
7263,-3.0000732388754686801274167151643013085049e-06
7264,-3.0000732386298884177299774178582225658829e-06
7265,-3.0000732386299358515750236586772103919429e-06
7266,-3.0000732386103194155495613171247271111497e-06
7267,-3.0000732388754686801274167151643013085049e-06
7268,-3.0000732386298884177299774178582225658829e-06
7269,-3.0000732387471232833441297377374823440732e-06
7270,-3.0000732388754686801274167151643013085049e-06
7271,-3.0000732386298884177299774178582225658829e-06
7272,-3.0000732386299358515750236586772103919429e-06
7273,-3.0000732386103194155495613171247271111497e-06
7274,-3.0000732388754686801274167151643013085049e-06
7275,-3.0000732386298884177299774178582225658829e-06
7276,-3.0000732386299358515750236586772103919429e-06
7277,-3.0000732386103194155495613171247271111497e-06
7278,-3.0000732388754686801274167151643013085049e-06
7279,-3.0000732386298884177299774178582225658829e-06
7280,-3.0000732386299358515750236586772103919429e-06
7281,-3.0000732386103194155495613171247271111497e-06
7282,-3.0000732388754686801274167151643013085049e-06
7283,-3.0000732386298884177299774178582225658829e-06
7284,-3.0000732386299358515750236586772103919429e-06
7285,-3.0000732386103194155495613171247271111497e-06
7286,-3.0000732388754686801274167151643013085049e-06
7287,-3.0000732386298884177299774178582225658829e-06
7288,-3.0000732386299358515750236586772103919429e-06
7289,-3.0000732386103194155495613171247271111497e-06
7290,-3.0000732388754686801274167151643013085049e-06
7291,-3.0000732386298884177299774178582225658829e-06
7292,-3.0000732387471232833441297377374823440732e-06
7293,-3.0000732388754686801274167151643013085049e-06
7294,-3.0000732386298884177299774178582225658829e-06
7295,-3.0000732386299358515750236586772103919429e-06
7296,-3.0000732386103194155495613171247271111497e-06
7297,-3.0000732388754686801274167151643013085049e-06
7298,-3.0000732386298884177299774178582225658829e-06
7299,-3.0000732386299358515750236586772103919429e-06
7300,-3.0000732386103194155495613171247271111497e-06
7301,-3.0000732388754686801274167151643013085049e-06
7302,-3.0000732386298884177299774178582225658829e-06
7303,-3.0000732386299358515750236586772103919429e-06
7304,-3.0000732386103194155495613171247271111497e-06
7305,-3.0000732388754686801274167151643013085049e-06
7306,-3.0000732386298884177299774178582225658829e-06
7307,-3.0000732386299358515750236586772103919429e-06
7308,-3.0000732386103194155495613171247271111497e-06
7309,-3.0000732388754686801274167151643013085049e-06
7310,-3.0000732386298884177299774178582225658829e-06
7311,-3.0000732387471232833441297377374823440732e-06
7312,-3.0000732388754686801274167151643013085049e-06
7313,-3.0000732386298884177299774178582225658829e-06
7314,-3.0000732386299358515750236586772103919429e-06
7315,-3.0000732386103194155495613171247271111497e-06
7316,-3.0000732388754686801274167151643013085049e-06
7317,-3.0000732386298884177299774178582225658829e-06
7318,-3.0000732386299358515750236586772103919429e-06
7319,-3.0000732386103194155495613171247271111497e-06
7320,-3.0000732388754686801274167151643013085049e-06
7321,-3.0000732386298884177299774178582225658829e-06
7322,-3.0000732386299358515750236586772103919429e-06
7323,-3.0000732386103194155495613171247271111497e-06
7324,-3.0000732388754686801274167151643013085049e-06
7325,-3.0000732386298884177299774178582225658829e-06
7326,-3.0000732386299358515750236586772103919429e-06
7327,-3.0000732386103194155495613171247271111497e-06
7328,-3.0000732388754686801274167151643013085049e-06
7329,-3.0000732386298884177299774178582225658829e-06
7330,-3.0000732386299358515750236586772103919429e-06
7331,-3.0000732386103194155495613171247271111497e-06
7332,-3.0000732388754686801274167151643013085049e-06
7333,-3.0000732386298884177299774178582225658829e-06
7334,-3.0000732387471232833441297377374823440732e-06
7335,-3.0000732388754686801274167151643013085049e-06
7336,-3.0000732386298884177299774178582225658829e-06
7337,-3.0000732386299358515750236586772103919429e-06
7338,-3.0000732386103194155495613171247271111497e-06
7339,-3.0000732388754686801274167151643013085049e-06
7340,-3.0000732386298884177299774178582225658829e-06
7341,-3.0000732386299358515750236586772103919429e-06
7342,-3.0000732386103194155495613171247271111497e-06
7343,-3.0000732388754686801274167151643013085049e-06
7344,-3.0000732386298884177299774178582225658829e-06
7345,-3.0000732386299358515750236586772103919429e-06
7346,-3.0000732386103194155495613171247271111497e-06
7347,-3.0000732388754686801274167151643013085049e-06
7348,-3.0000732386298884177299774178582225658829e-06
7349,-3.0000732386299358515750236586772103919429e-06
7350,-3.0000732386103194155495613171247271111497e-06
7351,-3.0000732388754686801274167151643013085049e-06
7352,-3.0000732386298884177299774178582225658829e-06
7353,-3.0000732387471232833441297377374823440732e-06
7354,-3.0000732388754686801274167151643013085049e-06
7355,-3.0000732386298884177299774178582225658829e-06
7356,-3.0000732386299358515750236586772103919429e-06
7357,-3.0000732386103194155495613171247271111497e-06
7358,-3.0000732388754686801274167151643013085049e-06
7359,-3.0000732386298884177299774178582225658829e-06
7360,-3.0000732386299358515750236586772103919429e-06
7361,-3.0000732386103194155495613171247271111497e-06
7362,-3.0000732388754686801274167151643013085049e-06
7363,-3.0000732386298884177299774178582225658829e-06
7364,-3.0000732386299358515750236586772103919429e-06
7365,-3.0000732386103194155495613171247271111497e-06
7366,-3.0000732388754686801274167151643013085049e-06
7367,-3.0000732386298884177299774178582225658829e-06
7368,-3.0000732386299358515750236586772103919429e-06
7369,-3.0000732386103194155495613171247271111497e-06
7370,-3.0000732388754686801274167151643013085049e-06
7371,-3.0000732386298884177299774178582225658829e-06
7372,-3.0000732386299358515750236586772103919429e-06
7373,-3.0000732386103194155495613171247271111497e-06
7374,-3.0000732388754686801274167151643013085049e-06
7375,-3.0000732386298884177299774178582225658829e-06
7376,-3.0000732387471232833441297377374823440732e-06
7377,-3.0000732388754686801274167151643013085049e-06
7378,-3.0000732386298884177299774178582225658829e-06
7379,-3.0000732386299358515750236586772103919429e-06
7380,-3.0000732386103194155495613171247271111497e-06
7381,-3.0000732388754686801274167151643013085049e-06
7382,-3.0000732386298884177299774178582225658829e-06
7383,-3.0000732386299358515750236586772103919429e-06
7384,-3.0000732386103194155495613171247271111497e-06
7385,-3.0000732388754686801274167151643013085049e-06
7386,-3.0000732386298884177299774178582225658829e-06
7387,-3.0000732386299358515750236586772103919429e-06
7388,-3.0000732386103194155495613171247271111497e-06
7389,-3.0000732388754686801274167151643013085049e-06
7390,-3.0000732386298884177299774178582225658829e-06
7391,-3.0000732386299358515750236586772103919429e-06
7392,-3.0000732386103194155495613171247271111497e-06
7393,-3.0000732388754686801274167151643013085049e-06
7394,-3.0000732386298884177299774178582225658829e-06
7395,-3.0000732386299358515750236586772103919429e-06
7396,-3.0000732386103194155495613171247271111497e-06
7397,-3.0000732388754686801274167151643013085049e-06
7398,-3.0000732386298884177299774178582225658829e-06
7399,-3.0000732387471232833441297377374823440732e-06
7400,-3.0000732388754686801274167151643013085049e-06
7401,-3.0000732386298884177299774178582225658829e-06
7402,-3.0000732386299358515750236586772103919429e-06
7403,-3.0000732386103194155495613171247271111497e-06
7404,-3.0000732383478709155240262557162722600879e-06
7405,-3.0000732385486384763305031664337718666502e-06
7406,-3.0000732384241835018739551904642937074641e-06
7407,-3.0000732385872301444403563441820637081037e-06
7408,-3.0000732384118346085359347458210166337267e-06
7409,-3.0000732384241835018739551904642937074641e-06
7410,-3.0000732385872301444403563441820637081037e-06
7411,-3.0000732384118346085359347458210166337267e-06
7412,-3.0000732384847222171636409171480153190714e-06
7413,-3.0000732384118346085359347458210166337267e-06
7414,-3.0000732384241835018739551904642937074641e-06
7415,-3.0000732385872301444403563441820637081037e-06
7416,-3.0000732384118346085359347458210166337267e-06
7417,-3.0000732384241835018739551904642937074641e-06
7418,-3.0000732385872301444403563441820637081037e-06
7419,-3.0000732384118346085359347458210166337267e-06
7420,-3.0000732384241835018739551904642937074641e-06
7421,-3.0000732385872301444403563441820637081037e-06
7422,-3.0000732384118346085359347458210166337267e-06
7423,-3.0000732384847222171636409171480153190714e-06
7424,-3.0000732384118346085359347458210166337267e-06
7425,-3.0000732384241835018739551904642937074641e-06
7426,-3.0000732385872301444403563441820637081037e-06
7427,-3.0000732384118346085359347458210166337267e-06
7428,-3.0000732384241835018739551904642937074641e-06
7429,-3.0000732385872301444403563441820637081037e-06
7430,-3.0000732384118346085359347458210166337267e-06
7431,-3.0000732384847222171636409171480153190714e-06
7432,-3.0000732384118346085359347458210166337267e-06
7433,-3.0000732384241835018739551904642937074641e-06
7434,-3.0000732385872301444403563441820637081037e-06
7435,-3.0000732384118346085359347458210166337267e-06
7436,-3.0000732384241835018739551904642937074641e-06
7437,-3.0000732385872301444403563441820637081037e-06
7438,-3.0000732384118346085359347458210166337267e-06
7439,-3.0000732384241835018739551904642937074641e-06
7440,-3.0000732385872301444403563441820637081037e-06
7441,-3.0000732384118346085359347458210166337267e-06
7442,-3.0000732384847222171636409171480153190714e-06
7443,-3.0000732384118346085359347458210166337267e-06
7444,-3.0000732384241835018739551904642937074641e-06
7445,-3.0000732385872301444403563441820637081037e-06
7446,-3.0000732384118346085359347458210166337267e-06
7447,-3.0000732384241835018739551904642937074641e-06
7448,-3.0000732385872301444403563441820637081037e-06
7449,-3.0000732384118346085359347458210166337267e-06
7450,-3.0000732384847222171636409171480153190714e-06
7451,-3.0000732384118346085359347458210166337267e-06
7452,-3.0000732384241835018739551904642937074641e-06
7453,-3.0000732385872301444403563441820637081037e-06
7454,-3.0000732384118346085359347458210166337267e-06
7455,-3.0000732384241835018739551904642937074641e-06
7456,-3.0000732385872301444403563441820637081037e-06
7457,-3.0000732384118346085359347458210166337267e-06
7458,-3.0000732384847222171636409171480153190714e-06
7459,-3.0000732384118346085359347458210166337267e-06
7460,-3.0000732384241835018739551904642937074641e-06
7461,-3.0000732385872301444403563441820637081037e-06
7462,-3.0000732384118346085359347458210166337267e-06
7463,-3.0000732384241835018739551904642937074641e-06
7464,-3.0000732385872301444403563441820637081037e-06
7465,-3.0000732384118346085359347458210166337267e-06
7466,-3.0000732384241835018739551904642937074641e-06
7467,-3.0000732385872301444403563441820637081037e-06
7468,-3.0000732384118346085359347458210166337267e-06
7469,-3.0000732384847222171636409171480153190714e-06
7470,-3.0000732384118346085359347458210166337267e-06
7471,-3.0000732384241835018739551904642937074641e-06
7472,-3.0000732385872301444403563441820637081037e-06
7473,-3.0000732384118346085359347458210166337267e-06
7474,-3.0000732384241835018739551904642937074641e-06
7475,-3.0000732385872301444403563441820637081037e-06
7476,-3.0000732384118346085359347458210166337267e-06
7477,-3.0000732384847222171636409171480153190714e-06
7478,-3.0000732384118346085359347458210166337267e-06
7479,-3.0000732384241835018739551904642937074641e-06
7480,-3.0000732385872301444403563441820637081037e-06
7481,-3.0000732384118346085359347458210166337267e-06
7482,-3.0000732384241835018739551904642937074641e-06
7483,-3.0000732385872301444403563441820637081037e-06
7484,-3.0000732384118346085359347458210166337267e-06
7485,-3.0000732384241835018739551904642937074641e-06
7486,-3.0000732385872301444403563441820637081037e-06
7487,-3.0000732384118346085359347458210166337267e-06
7488,-3.0000732384847222171636409171480153190714e-06
7489,-3.0000732384118346085359347458210166337267e-06
7490,-3.0000732384241835018739551904642937074641e-06
7491,-3.0000732385872301444403563441820637081037e-06
7492,-3.0000732384118346085359347458210166337267e-06
7493,-3.0000732384241835018739551904642937074641e-06
7494,-3.0000732385872301444403563441820637081037e-06
7495,-3.0000732384118346085359347458210166337267e-06
7496,-3.0000732384847222171636409171480153190714e-06
7497,-3.0000732384118346085359347458210166337267e-06
7498,-3.0000732384241835018739551904642937074641e-06
7499,-3.0000732385872301444403563441820637081037e-06
7500,-3.0000732384118346085359347458210166337267e-06
7501,-3.0000732384241835018739551904642937074641e-06
7502,-3.0000732385872301444403563441820637081037e-06
7503,-3.0000732384118346085359347458210166337267e-06
7504,-3.0000732384241835018739551904642937074641e-06
7505,-3.0000732385872301444403563441820637081037e-06
7506,-3.0000732384118346085359347458210166337267e-06
7507,-3.0000732384847222171636409171480153190714e-06
7508,-3.0000732384118346085359347458210166337267e-06
7509,-3.0000732384241835018739551904642937074641e-06
7510,-3.0000732385872301444403563441820637081037e-06
7511,-3.0000732384118346085359347458210166337267e-06
7512,-3.0000732384241835018739551904642937074641e-06
7513,-3.0000732385872301444403563441820637081037e-06
7514,-3.0000732384118346085359347458210166337267e-06
7515,-3.0000732384847222171636409171480153190714e-06
7516,-3.0000732384118346085359347458210166337267e-06
7517,-3.0000732384241835018739551904642937074641e-06
7518,-3.0000732385872301444403563441820637081037e-06
7519,-3.0000732384118346085359347458210166337267e-06
7520,-3.0000732384241835018739551904642937074641e-06
7521,-3.0000732385872301444403563441820637081037e-06
7522,-3.0000732384118346085359347458210166337267e-06
7523,-3.0000732384847222171636409171480153190714e-06
7524,-3.0000732384118346085359347458210166337267e-06
7525,-3.0000732384241835018739551904642937074641e-06
7526,-3.0000732385872301444403563441820637081037e-06
7527,-3.0000732384118346085359347458210166337267e-06
7528,-3.0000732384241835018739551904642937074641e-06
7529,-3.0000732385872301444403563441820637081037e-06
7530,-3.0000732384118346085359347458210166337267e-06
7531,-3.0000732384241835018739551904642937074641e-06
7532,-3.0000732385872301444403563441820637081037e-06
7533,-3.0000732384118346085359347458210166337267e-06
7534,-3.0000732384847222171636409171480153190714e-06
7535,-3.0000732384118346085359347458210166337267e-06
7536,-3.0000732384241835018739551904642937074641e-06
7537,-3.0000732385872301444403563441820637081037e-06
7538,-3.0000732384118346085359347458210166337267e-06
7539,-3.0000732384241835018739551904642937074641e-06
7540,-3.0000732385872301444403563441820637081037e-06
7541,-3.0000732384118346085359347458210166337267e-06
7542,-3.0000732384847222171636409171480153190714e-06
7543,-3.0000732384118346085359347458210166337267e-06
7544,-3.0000732384241835018739551904642937074641e-06
7545,-3.0000732385872301444403563441820637081037e-06
7546,-3.0000732384118346085359347458210166337267e-06
7547,-3.0000732384241835018739551904642937074641e-06
7548,-3.0000732385872301444403563441820637081037e-06
7549,-3.0000732384118346085359347458210166337267e-06
7550,-3.0000732384241835018739551904642937074641e-06
7551,-3.0000732385872301444403563441820637081037e-06
7552,-3.0000732384118346085359347458210166337267e-06
7553,-3.0000732384847222171636409171480153190714e-06
7554,-3.0000732384118346085359347458210166337267e-06
7555,-3.0000732384241835018739551904642937074641e-06
7556,-3.0000732385872301444403563441820637081037e-06
7557,-3.0000732384118346085359347458210166337267e-06
7558,-3.0000732384241835018739551904642937074641e-06
7559,-3.0000732385872301444403563441820637081037e-06
7560,-3.0000732384118346085359347458210166337267e-06
7561,-3.0000732384847222171636409171480153190714e-06
7562,-3.0000732384118346085359347458210166337267e-06
7563,-3.0000732385544055001518840702923185403961e-06
7564,6.7868129489898118851377342718109795870662e-17
7565,-1.4700846895329280904836341139014640209526e-16
7566,-3.0002831761479870879979429260098200415996e-06
7567,-3.0002831764751624577208626021285198248734e-06
7568,-3.0002831772276296821283774612920680624484e-06
7569,-3.0002831769564745304380154466983299244021e-06
7570,-3.0002831780632378489901117973870370292389e-06
7571,-3.0002831764751624577208626021285198248734e-06
7572,-3.0002831772276296821283774612920680624484e-06
7573,-3.0002831769564745304380154466983299244021e-06
7574,-3.0002831780632378489901117973870370292389e-06
7575,-3.0002831764751624577208626021285198248734e-06
7576,-3.0002831772276296821283774612920680624484e-06
7577,-3.0002831769564745304380154466983299244021e-06
7578,-3.0002831780632378489901117973870370292389e-06
7579,-3.0002831764751624577208626021285198248734e-06
7580,-3.0002831772276296821283774612920680624484e-06
7581,-3.0002831769564745304380154466983299244021e-06
7582,-3.0002831780632378489901117973870370292389e-06
7583,-3.0002831764751624577208626021285198248734e-06
7584,-3.0002831772276296821283774612920680624484e-06
7585,-3.0002831769564745304380154466983299244021e-06
7586,-3.0002831780632378489901117973870370292389e-06
7587,-3.0002831764751624577208626021285198248734e-06
7588,-3.0002831775036891545833418748490117877736e-06
7589,-3.0002831780632378489901117973870370292389e-06
7590,-3.0002831764751624577208626021285198248734e-06
7591,-3.0002831772276296821283774612920680624484e-06
7592,-3.0002831769564745304380154466983299244021e-06
7593,-3.0002831780632378489901117973870370292389e-06
7594,-3.0002831764751624577208626021285198248734e-06
7595,-3.0002831772276296821283774612920680624484e-06
7596,-3.0002831769564745304380154466983299244021e-06
7597,-3.0002831780632378489901117973870370292389e-06
7598,-3.0002831764751624577208626021285198248734e-06
7599,-3.0002831775036891545833418748490117877736e-06
7600,-3.0002831780632378489901117973870370292389e-06
7601,-3.0002831764751624577208626021285198248734e-06
7602,-3.0002831772276296821283774612920680624484e-06
7603,-3.0002831775012369942010406753674089941342e-06
7604,-3.0002831769564745304380154466983299244021e-06
7605,-3.0002831780632378489901117973870370292389e-06
7606,-3.0002831764751624577208626021285198248734e-06
7607,-3.0002831775036891545833418748490117877736e-06
7608,-3.0002831780632378489901117973870370292389e-06
7609,-3.0002831764751624577208626021285198248734e-06
7610,-3.0002831772276296821283774612920680624484e-06
7611,-3.0002831775012369942010406753674089941342e-06
7612,-3.0002831769564745304380154466983299244021e-06
7613,-3.0002831780632378489901117973870370292389e-06
7614,-3.0002831764751624577208626021285198248734e-06
7615,-3.0002831775036891545833418748490117877736e-06
7616,-3.0002831780632378489901117973870370292389e-06
7617,-3.0002831764751624577208626021285198248734e-06
7618,-3.0002831775036891545833418748490117877736e-06
7619,-3.0002831780632378489901117973870370292389e-06
7620,-3.0002831764751624577208626021285198248734e-06
7621,-3.0002831772276296821283774612920680624484e-06
7622,-3.0002831775012369942010406753674089941342e-06
7623,-3.0002831769564745304380154466983299244021e-06
7624,-3.0002831780632378489901117973870370292389e-06
7625,-3.0002831764751624577208626021285198248734e-06
7626,-3.0002831775036891545833418748490117877736e-06
7627,-3.0002831780632378489901117973870370292389e-06
7628,-3.0002831764751624577208626021285198248734e-06
7629,-3.0002831772276296821283774612920680624484e-06
7630,-3.0002831775012369942010406753674089941342e-06
7631,-3.0002831769564745304380154466983299244021e-06
7632,-3.0002831780632378489901117973870370292389e-06
7633,-3.0002831764751624577208626021285198248734e-06
7634,-3.0002831775036891545833418748490117877736e-06
7635,-3.0002831780632378489901117973870370292389e-06
7636,-3.0002831764751624577208626021285198248734e-06
7637,-3.0002831775036891545833418748490117877736e-06
7638,-3.0002831776783846177568577939798188936038e-06
7639,-3.0002831766804150579830510331413861990768e-06
7640,-3.0002831771740616244781209992487092108604e-06
7641,-3.0002831775695917060115154584298835516165e-06
7642,-3.0002831775036891545833418748490117877736e-06
7643,-3.0002831780632378489901117973870370292389e-06
7644,-3.0002831764751624577208626021285198248734e-06
7645,-3.0002831772972579079750490849143318428105e-06
7646,-3.0002831778040572020750838266867077663846e-06
7647,-3.0002831775708419266416628057303483956275e-06
7648,-3.0002831780776645141477470407620486980704e-06
7649,-3.0002831775708419266416628057303483956275e-06
7650,-3.0002831776404693054553871750522731076671e-06
7651,-3.0002831782144442415033187138151404838027e-06
7652,-3.0002831767500199904236731635043256005702e-06
7653,-3.0002831780776645141477470407620486980704e-06
7654,-3.0002831775708419266416628057303483956275e-06
7655,-3.0002831780776645141477470407620486980704e-06
7656,-3.0002831775708419266416628057303483956275e-06
7657,-3.0002831780776645141477470407620486980704e-06
7658,-3.0002831775708419266416628057303483956275e-06
7659,-3.0002831780776645141477470407620486980704e-06
7660,-3.0002831775708419266416628057303483956275e-06
7661,-3.0002831780776645141477470407620486980704e-06
7662,-3.0002831775708419266416628057303483956275e-06
7663,-3.0002831780776645141477470407620486980704e-06
7664,-3.0002831775708419266416628057303483956275e-06
7665,-3.0002831780776645141477470407620486980704e-06
7666,-3.0002831775708419266416628057303483956275e-06
7667,-3.0002831780776645141477470407620486980704e-06
7668,-3.0002831775708419266416628057303483956275e-06
7669,-3.0002831780776645141477470407620486980704e-06
7670,-3.0002831775708419266416628057303483956275e-06
7671,-3.0002831776404693054553871750522731076671e-06
7672,-3.0002831782144442415033187138151404838027e-06
7673,-3.0002831767500199904236731635043256005702e-06
7674,-3.0002831780776645141477470407620486980704e-06
7675,-3.0002831775708419266416628057303483956275e-06
7676,-3.0002831780776645141477470407620486980704e-06
7677,-3.0002831775708419266416628057303483956275e-06
7678,-3.0002831780776645141477470407620486980704e-06
7679,-3.0002831775708419266416628057303483956275e-06
7680,-3.0002831780776645141477470407620486980704e-06
7681,-3.0002831775708419266416628057303483956275e-06
7682,-3.0002831780776645141477470407620486980704e-06
7683,-3.0002831775708419266416628057303483956275e-06
7684,-3.0002831780776645141477470407620486980704e-06
7685,-3.0002831775708419266416628057303483956275e-06
7686,-3.0002831780776645141477470407620486980704e-06
7687,-3.0002831775708419266416628057303483956275e-06
7688,-3.0002831780776645141477470407620486980704e-06
7689,-3.0002831775708419266416628057303483956275e-06
7690,-3.0002831780776645141477470407620486980704e-06
7691,-3.0002831775708419266416628057303483956275e-06
7692,-3.0002831776404693054553871750522731076671e-06
7693,-3.0002831782144442415033187138151404838027e-06
7694,-3.0002831767500199904236731635043256005702e-06
7695,-3.0002831780776645141477470407620486980704e-06
7696,-3.0002831775708419266416628057303483956275e-06
7697,-3.0002831780776645141477470407620486980704e-06
7698,-3.0002831775708419266416628057303483956275e-06
7699,-3.0002831780776645141477470407620486980704e-06
7700,-3.0002831775708419266416628057303483956275e-06
7701,-3.0002831780776645141477470407620486980704e-06
7702,-3.0002831775708419266416628057303483956275e-06
7703,-3.0002831780776645141477470407620486980704e-06
7704,-3.0002831775708419266416628057303483956275e-06
7705,-3.0002831780776645141477470407620486980704e-06
7706,-3.0002831769539990766496647539574027518938e-06
7707,-3.0002831772300818425106786607736708560878e-06
7708,-3.0002831780632378489901117973870370292389e-06
7709,-3.0002831764751624577208626021285198248734e-06
7710,-3.0002831772276296821283774612920680624484e-06
7711,-3.0002831769564745304380154466983299244021e-06
7712,-3.0002831780632378489901117973870370292389e-06
7713,-3.0002831764751624577208626021285198248734e-06
7714,-3.0002831775036891545833418748490117877736e-06
7715,-3.0002831780632378489901117973870370292389e-06
7716,-3.0002831764751624577208626021285198248734e-06
7717,-3.0002831772276296821283774612920680624484e-06
7718,-3.0002831769564745304380154466983299244021e-06
7719,-3.0002831780632378489901117973870370292389e-06
7720,-3.0002831764751624577208626021285198248734e-06
7721,-3.0002831772276296821283774612920680624484e-06
7722,-3.0002831769564745304380154466983299244021e-06
7723,-3.0002831780632378489901117973870370292389e-06
7724,-3.0002831764751624577208626021285198248734e-06
7725,-3.0002831772276296821283774612920680624484e-06
7726,-3.0002831769564745304380154466983299244021e-06
7727,-3.0002831780632378489901117973870370292389e-06
7728,-3.0002831764751624577208626021285198248734e-06
7729,-3.0002831772276296821283774612920680624484e-06
7730,-3.0002831769564745304380154466983299244021e-06
7731,-3.0002831780632378489901117973870370292389e-06
7732,-3.0002831764751624577208626021285198248734e-06
7733,-3.0002831772276296821283774612920680624484e-06
7734,-3.0002831769564745304380154466983299244021e-06
7735,-3.0002831780632378489901117973870370292389e-06
7736,-3.0002831764751624577208626021285198248734e-06
7737,-3.0002831775036891545833418748490117877736e-06
7738,-3.0002831780632378489901117973870370292389e-06
7739,-3.0002831764751624577208626021285198248734e-06
7740,-3.0002831772276296821283774612920680624484e-06
7741,-3.0002831769564745304380154466983299244021e-06
7742,-3.0002831780632378489901117973870370292389e-06
7743,-3.0002831764751624577208626021285198248734e-06
7744,-3.0002831772276296821283774612920680624484e-06
7745,-3.0002831769564745304380154466983299244021e-06
7746,-3.0002831780632378489901117973870370292389e-06
7747,-3.0002831764751624577208626021285198248734e-06
7748,-3.0002831772276296821283774612920680624484e-06
7749,-3.0002831769564745304380154466983299244021e-06
7750,-3.0002831780632378489901117973870370292389e-06
7751,-3.0002831764751624577208626021285198248734e-06
7752,-3.0002831772276296821283774612920680624484e-06
7753,-3.0002831769564745304380154466983299244021e-06
7754,-3.0002831780632378489901117973870370292389e-06
7755,-3.0002831764751624577208626021285198248734e-06
7756,-3.0002831775036891545833418748490117877736e-06
7757,-3.0002831780632378489901117973870370292389e-06
7758,-3.0002831764751624577208626021285198248734e-06
7759,-3.0002831772276296821283774612920680624484e-06
7760,-3.0002831769564745304380154466983299244021e-06
7761,-3.0002831780632378489901117973870370292389e-06
7762,-3.0002831764751624577208626021285198248734e-06
7763,-3.0002831772276296821283774612920680624484e-06
7764,-3.0002831769564745304380154466983299244021e-06
7765,-3.0002831780632378489901117973870370292389e-06
7766,-3.0002831764751624577208626021285198248734e-06
7767,-3.0002831772276296821283774612920680624484e-06
7768,-3.0002831769564745304380154466983299244021e-06
7769,-3.0002831780632378489901117973870370292389e-06
7770,-3.0002831764751624577208626021285198248734e-06
7771,-3.0002831772276296821283774612920680624484e-06
7772,-3.0002831769564745304380154466983299244021e-06
7773,-3.0002831780632378489901117973870370292389e-06
7774,-3.0002831764751624577208626021285198248734e-06
7775,-3.0002831772276296821283774612920680624484e-06
7776,-3.0002831769564745304380154466983299244021e-06
7777,-3.0002831780632378489901117973870370292389e-06
7778,-3.0002831764751624577208626021285198248734e-06
7779,-3.0002831775036891545833418748490117877736e-06
7780,-3.0002831780632378489901117973870370292389e-06
7781,-3.0002831764751624577208626021285198248734e-06
7782,-3.0002831772276296821283774612920680624484e-06
7783,-3.0002831769564745304380154466983299244021e-06
7784,-3.0002831780632378489901117973870370292389e-06
7785,-3.0002831764751624577208626021285198248734e-06
7786,-3.0002831772276296821283774612920680624484e-06
7787,-3.0002831769564745304380154466983299244021e-06
7788,-3.0002831780632378489901117973870370292389e-06
7789,-3.0002831764751624577208626021285198248734e-06
7790,-3.0002831772276296821283774612920680624484e-06
7791,-3.0002831769564745304380154466983299244021e-06
7792,-3.0002831780632378489901117973870370292389e-06
7793,-3.0002831764751624577208626021285198248734e-06
7794,-3.0002831772276296821283774612920680624484e-06
7795,-3.0002831769564745304380154466983299244021e-06
7796,-3.0002831780632378489901117973870370292389e-06
7797,-3.0002831764751624577208626021285198248734e-06
7798,-3.0002831775036891545833418748490117877736e-06
7799,-3.0002831780632378489901117973870370292389e-06
7800,-3.0002831764751624577208626021285198248734e-06
7801,-3.0002831772276296821283774612920680624484e-06
7802,-3.0002831769564745304380154466983299244021e-06
7803,-3.0002831780632378489901117973870370292389e-06
7804,-3.0002831764751624577208626021285198248734e-06
7805,-3.0002831772276296821283774612920680624484e-06
7806,-3.0002831769564745304380154466983299244021e-06
7807,-3.0002831780632378489901117973870370292389e-06
7808,-3.0002831764751624577208626021285198248734e-06
7809,-3.0002831772276296821283774612920680624484e-06
7810,-3.0002831769564745304380154466983299244021e-06
7811,-3.0002831780632378489901117973870370292389e-06
7812,-3.0002831764751624577208626021285198248734e-06
7813,-3.0002831772276296821283774612920680624484e-06
7814,-3.0002831769564745304380154466983299244021e-06
7815,-3.0002831780632378489901117973870370292389e-06
7816,-3.0002831764751624577208626021285198248734e-06
7817,-3.0002831772276296821283774612920680624484e-06
7818,-3.0002831769564745304380154466983299244021e-06
7819,-3.0002831780632378489901117973870370292389e-06
7820,-3.0002831764751624577208626021285198248734e-06
7821,-3.0002831775036891545833418748490117877736e-06
7822,-3.0002831780632378489901117973870370292389e-06
7823,-3.0002831764751624577208626021285198248734e-06
7824,-3.0002831772276296821283774612920680624484e-06
7825,-3.0002831769564745304380154466983299244021e-06
7826,-3.0002831780632378489901117973870370292389e-06
7827,-3.0002831764751624577208626021285198248734e-06
7828,-3.0002831772276296821283774612920680624484e-06
7829,-3.0002831769564745304380154466983299244021e-06
7830,-3.0002831780632378489901117973870370292389e-06
7831,-3.0002831764751624577208626021285198248734e-06
7832,-3.0002831772276296821283774612920680624484e-06
7833,-3.0002831769564745304380154466983299244021e-06
7834,-3.0002831780632378489901117973870370292389e-06
7835,-3.0002831764751624577208626021285198248734e-06
7836,-3.0002831772276296821283774612920680624484e-06
7837,-3.0002831769564745304380154466983299244021e-06
7838,-3.0002831780632378489901117973870370292389e-06
7839,-3.0002831764751624577208626021285198248734e-06
7840,-3.0002831772276296821283774612920680624484e-06
7841,-3.0002831769564745304380154466983299244021e-06
7842,-3.0002831780632378489901117973870370292389e-06
7843,-3.0002831764751624577208626021285198248734e-06
7844,-3.0002831775036891545833418748490117877736e-06
7845,-3.0002831780632378489901117973870370292389e-06
7846,-3.0002831764751624577208626021285198248734e-06
7847,-3.0002831772276296821283774612920680624484e-06
7848,-3.0002831769564745304380154466983299244021e-06
7849,-3.0002831776783846177568577939798188936038e-06
7850,-3.0002831766804150579830510331413861990768e-06
7851,-3.0002831776553266868667012301497010184903e-06
7852,-3.0002831770627212611439113554290258889523e-06
7853,-3.0002831783220589304190303175934317891915e-06
7854,-3.0002831776553266868667012301497010184903e-06
7855,-3.0002831770627212611439113554290258889523e-06
7856,-3.0002831783220589304190303175934317891915e-06
7857,-3.0002831778836376415355198521428548019685e-06
7858,-3.0002831780484516183463671035180908575057e-06
7859,-3.0002831776553266868667012301497010184903e-06
7860,-3.0002831770627212611439113554290258889523e-06
7861,-3.0002831783220589304190303175934317891915e-06
7862,-3.0002831776553266868667012301497010184903e-06
7863,-3.0002831770627212611439113554290258889523e-06
7864,-3.0002831783220589304190303175934317891915e-06
7865,-3.0002831776553266868667012301497010184903e-06
7866,-3.0002831770627212611439113554290258889523e-06
7867,-3.0002831783220589304190303175934317891915e-06
7868,-3.0002831778836376415355198521428548019685e-06
7869,-3.0002831780484516183463671035180908575057e-06
7870,-3.0002831776553266868667012301497010184903e-06
7871,-3.0002831770627212611439113554290258889523e-06
7872,-3.0002831783220589304190303175934317891915e-06
7873,-3.0002831776553266868667012301497010184903e-06
7874,-3.0002831770627212611439113554290258889523e-06
7875,-3.0002831783220589304190303175934317891915e-06
7876,-3.0002831778836376415355198521428548019685e-06
7877,-3.0002831780484516183463671035180908575057e-06
7878,-3.0002831776553266868667012301497010184903e-06
7879,-3.0002831770627212611439113554290258889523e-06
7880,-3.0002831783220589304190303175934317891915e-06
7881,-3.0002831776553266868667012301497010184903e-06
7882,-3.0002831770627212611439113554290258889523e-06
7883,-3.0002831783220589304190303175934317891915e-06
7884,-3.0002831776553266868667012301497010184903e-06
7885,-3.0002831770627212611439113554290258889523e-06
7886,-3.0002831783220589304190303175934317891915e-06
7887,-3.0002831778836376415355198521428548019685e-06
7888,-3.0002831780484516183463671035180908575057e-06
7889,-3.0002831776553266868667012301497010184903e-06
7890,-3.0002831770627212611439113554290258889523e-06
7891,-3.0002831783220589304190303175934317891915e-06
7892,-3.0002831776553266868667012301497010184903e-06
7893,-3.0002831770627212611439113554290258889523e-06
7894,-3.0002831783220589304190303175934317891915e-06
7895,-3.0002831778836376415355198521428548019685e-06
7896,-3.0002831780484516183463671035180908575057e-06
7897,-3.0002831776553266868667012301497010184903e-06
7898,-3.0002831770627212611439113554290258889523e-06
7899,-3.0002831783220589304190303175934317891915e-06
7900,-3.0002831776553266868667012301497010184903e-06
7901,-3.0002831770627212611439113554290258889523e-06
7902,-3.0002831783220589304190303175934317891915e-06
7903,-3.0002831778836376415355198521428548019685e-06
7904,-3.0002831780484516183463671035180908575057e-06
7905,-3.0002831776553266868667012301497010184903e-06
7906,-3.0002831770627212611439113554290258889523e-06
7907,-3.0002831783220589304190303175934317891915e-06
7908,-3.0002831776553266868667012301497010184903e-06
7909,-3.0002831770627212611439113554290258889523e-06
7910,-3.0002831783220589304190303175934317891915e-06
7911,-3.0002831776553266868667012301497010184903e-06
7912,-3.0002831770627212611439113554290258889523e-06
7913,-3.0002831783220589304190303175934317891915e-06
7914,-3.0002831778836376415355198521428548019685e-06
7915,-3.0002831780484516183463671035180908575057e-06
7916,-3.0002831776553266868667012301497010184903e-06
7917,-3.0002831770627212611439113554290258889523e-06
7918,-3.0002831783220589304190303175934317891915e-06
7919,-3.0002831776553266868667012301497010184903e-06
7920,-3.0002831770627212611439113554290258889523e-06
7921,-3.0002831783220589304190303175934317891915e-06
7922,-3.0002831778836376415355198521428548019685e-06
7923,-3.0002831780484516183463671035180908575057e-06
7924,-3.0002831776553266868667012301497010184903e-06
7925,-3.0002831770627212611439113554290258889523e-06
7926,-3.0002831783220589304190303175934317891915e-06
7927,-3.0002831776553266868667012301497010184903e-06
7928,-3.0002831770627212611439113554290258889523e-06
7929,-3.0002831783220589304190303175934317891915e-06
7930,-3.0002831776553266868667012301497010184903e-06
7931,-3.0002831770627212611439113554290258889523e-06
7932,-3.0002831783220589304190303175934317891915e-06
7933,-3.0002831778836376415355198521428548019685e-06
7934,-3.0002831780484516183463671035180908575057e-06
7935,-3.0002831776553266868667012301497010184903e-06
7936,-3.0002831770627212611439113554290258889523e-06
7937,-3.0002831783220589304190303175934317891915e-06
7938,-3.0002831776553266868667012301497010184903e-06
7939,-3.0002831770627212611439113554290258889523e-06
7940,-3.0002831783220589304190303175934317891915e-06
7941,-3.0002831778836376415355198521428548019685e-06
7942,-3.0002831780484516183463671035180908575057e-06
7943,-3.0002831776553266868667012301497010184903e-06
7944,-3.0002831770627212611439113554290258889523e-06
7945,-3.0002831783220589304190303175934317891915e-06
7946,-3.0002831776553266868667012301497010184903e-06
7947,-3.0002831770627212611439113554290258889523e-06
7948,-3.0002831783220589304190303175934317891915e-06
7949,-3.0002831776553266868667012301497010184903e-06
7950,-3.0002831770627212611439113554290258889523e-06
7951,-3.0002831783220589304190303175934317891915e-06
7952,-3.0002831778836376415355198521428548019685e-06
7953,-3.0002831780484516183463671035180908575057e-06
7954,-3.0002831776553266868667012301497010184903e-06
7955,-3.0002831770627212611439113554290258889523e-06
7956,-3.0002831783220589304190303175934317891915e-06
7957,-3.0002831776553266868667012301497010184903e-06
7958,-3.0002831770627212611439113554290258889523e-06
7959,-3.0002831783220589304190303175934317891915e-06
7960,-3.0002831778836376415355198521428548019685e-06
7961,-3.0002831780484516183463671035180908575057e-06
7962,-3.0002831776553266868667012301497010184903e-06
7963,-3.0002831770627212611439113554290258889523e-06
7964,-3.0002831783220589304190303175934317891915e-06
7965,-3.0002831776553266868667012301497010184903e-06
7966,-3.0002831770627212611439113554290258889523e-06
7967,-3.0002831783220589304190303175934317891915e-06
7968,-3.0002831778836376415355198521428548019685e-06
7969,-3.0002831780484516183463671035180908575057e-06
7970,-3.0002831776553266868667012301497010184903e-06
7971,-3.0002831770627212611439113554290258889523e-06
7972,-3.0002831783220589304190303175934317891915e-06
7973,-3.0002831776553266868667012301497010184903e-06
7974,-3.0002831770627212611439113554290258889523e-06
7975,-3.0002831783220589304190303175934317891915e-06
7976,-3.0002831776553266868667012301497010184903e-06
7977,-3.0002831770627212611439113554290258889523e-06
7978,-3.0002831783220589304190303175934317891915e-06
7979,-3.0002831778836376415355198521428548019685e-06
7980,-3.0002831780484516183463671035180908575057e-06
7981,-3.0002831776553266868667012301497010184903e-06
7982,-3.0002831770627212611439113554290258889523e-06
7983,-3.0002831783220589304190303175934317891915e-06
7984,-3.0002831776553266868667012301497010184903e-06
7985,-3.0002831770627212611439113554290258889523e-06
7986,-3.0002831783220589304190303175934317891915e-06
7987,-3.0002831778836376415355198521428548019685e-06
7988,-3.0002831780484516183463671035180908575057e-06
7989,-3.0002831776553266868667012301497010184903e-06
7990,-3.0002831770627212611439113554290258889523e-06
7991,-3.0002831783220589304190303175934317891915e-06
7992,-3.0002831776553266868667012301497010184903e-06
7993,-3.0002831770627212611439113554290258889523e-06
7994,-3.0002831783220589304190303175934317891915e-06
7995,-3.0002831776553266868667012301497010184903e-06
7996,-3.0002831770627212611439113554290258889523e-06
7997,-3.0002831783220589304190303175934317891915e-06
7998,-3.0002831778836376415355198521428548019685e-06
7999,-3.0002831780484516183463671035180908575057e-06
8000,-3.0002831776553266868667012301497010184903e-06
8001,-3.0002831770627212611439113554290258889523e-06
8002,-3.0002831783220589304190303175934317891915e-06
8003,-3.0002831776553266868667012301497010184903e-06
8004,-3.0002831770627212611439113554290258889523e-06
8005,-3.0002831783220589304190303175934317891915e-06
8006,-3.0002831778836376415355198521428548019685e-06
8007,-3.0002831780484516183463671035180908575057e-06
8008,-3.0002831782483573231290127636405884459236e-06
8009,1.1365580179693750342504238068182899171570e-16
8010,4.6738727633665675041254317017825186732543e-16
8011,-3.0007638385538558229944684774270768912174e-06
8012,-3.0007638384171112475062078578380564408690e-06
8013,-3.0007638404692141571709386449473555558143e-06
8014,-3.0007638395115290608520727810848427452584e-06
8015,-3.0007638401954996954304477618791224813322e-06
8016,-3.0007638384171112475062078578380564408690e-06
8017,-3.0007638404692141571709386449473555558143e-06
8018,-3.0007638395115290608520727810848427452584e-06
8019,-3.0007638401954996954304477618791224813322e-06
8020,-3.0007638384171112475062078578380564408690e-06
8021,-3.0007638404692141571709386449473555558143e-06
8022,-3.0007638395115290608520727810848427452584e-06
8023,-3.0007638401954996954304477618791224813322e-06
8024,-3.0007638384171112475062078578380564408690e-06
8025,-3.0007638404692141571709386449473555558143e-06
8026,-3.0007638395115290608520727810848427452584e-06
8027,-3.0007638401954996954304477618791224813322e-06
8028,-3.0007638384171112475062078578380564408690e-06
8029,-3.0007638404692141571709386449473555558143e-06
8030,-3.0007638395115290608520727810848427452584e-06
8031,-3.0007638401954996954304477618791224813322e-06
8032,-3.0007638384171112475062078578380564408690e-06
8033,-3.0007638406059583091427256373862064720015e-06
8034,-3.0007638401954996954304477618791224813322e-06
8035,-3.0007638384171112475062078578380564408690e-06
8036,-3.0007638404692141571709386449473555558143e-06
8037,-3.0007638395115290608520727810848427452584e-06
8038,-3.0007638401954996954304477618791224813322e-06
8039,-3.0007638384171112475062078578380564408690e-06
8040,-3.0007638404692141571709386449473555558143e-06
8041,-3.0007638395115290608520727810848427452584e-06
8042,-3.0007638401954996954304477618791224813322e-06
8043,-3.0007638384171112475062078578380564408690e-06
8044,-3.0007638406059583091427256373862064720015e-06
8045,-3.0007638401954996954304477618791224813322e-06
8046,-3.0007638384171112475062078578380564408690e-06
8047,-3.0007638404692141571709386449473555558143e-06
8048,-3.0007638393747849088802857886459918290711e-06
8049,-3.0007638395115290608520727810848427452584e-06
8050,-3.0007638401954996954304477618791224813322e-06
8051,-3.0007638384171112475062078578380564408690e-06
8052,-3.0007638406059583091427256373862064720015e-06
8053,-3.0007638401954996954304477618791224813322e-06
8054,-3.0007638384171112475062078578380564408690e-06
8055,-3.0007638404692141571709386449473555558143e-06
8056,-3.0007638393747849088802857886459918290711e-06
8057,-3.0007638395115290608520727810848427452584e-06
8058,-3.0007638401954996954304477618791224813322e-06
8059,-3.0007638384171112475062078578380564408690e-06
8060,-3.0007638406059583091427256373862064720015e-06
8061,-3.0007638401954996954304477618791224813322e-06
8062,-3.0007638384171112475062078578380564408690e-06
8063,-3.0007638406059583091427256373862064720015e-06
8064,-3.0007638401954996954304477618791224813322e-06
8065,-3.0007638384171112475062078578380564408690e-06
8066,-3.0007638404692141571709386449473555558143e-06
8067,-3.0007638393747849088802857886459918290711e-06
8068,-3.0007638395115290608520727810848427452584e-06
8069,-3.0007638401954996954304477618791224813322e-06
8070,-3.0007638384171112475062078578380564408690e-06
8071,-3.0007638406059583091427256373862064720015e-06
8072,-3.0007638401954996954304477618791224813322e-06
8073,-3.0007638384171112475062078578380564408690e-06
8074,-3.0007638404692141571709386449473555558143e-06
8075,-3.0007638393747849088802857886459918290711e-06
8076,-3.0007638395115290608520727810848427452584e-06
8077,-3.0007638401954996954304477618791224813322e-06
8078,-3.0007638384171112475062078578380564408690e-06
8079,-3.0007638406059583091427256373862064720015e-06
8080,-3.0007638401954996954304477618791224813322e-06
8081,-3.0007638384171112475062078578380564408690e-06
8082,-3.0007638406059583091427256373862064720015e-06
8083,-3.0007638396990680846048056562569428251663e-06
8084,-3.0007638396053519358041162395922540895299e-06
8085,-3.0007638384170993890449462976333094843540e-06
8086,-3.0007638400587551199421871422901020309837e-06
8087,-3.0007638406059583091427256373862064720015e-06
8088,-3.0007638401954996954304477618791224813322e-06
8089,-3.0007638384171112475062078578380564408690e-06
8090,-3.0007638404907042300757274988498579659790e-06
8091,-3.0007638436802038283464800355604396031595e-06
8092,-3.0007638411746981580601519729034620809216e-06
8093,-3.0007638447746330766371328918618033299026e-06
8094,-3.0007638411746981580601519729034620809216e-06
8095,-3.0007638401447996913395943607838489697315e-06
8096,-3.0007638428593577516894936457747533609108e-06
8097,-3.0007638384386254608499934593002222982250e-06
8098,-3.0007638447746330766371328918618033299026e-06
8099,-3.0007638411746981580601519729034620809216e-06
8100,-3.0007638447746330766371328918618033299026e-06
8101,-3.0007638411746981580601519729034620809216e-06
8102,-3.0007638447746330766371328918618033299026e-06
8103,-3.0007638411746981580601519729034620809216e-06
8104,-3.0007638447746330766371328918618033299026e-06
8105,-3.0007638411746981580601519729034620809216e-06
8106,-3.0007638447746330766371328918618033299026e-06
8107,-3.0007638411746981580601519729034620809216e-06
8108,-3.0007638447746330766371328918618033299026e-06
8109,-3.0007638411746981580601519729034620809216e-06
8110,-3.0007638447746330766371328918618033299026e-06
8111,-3.0007638411746981580601519729034620809216e-06
8112,-3.0007638447746330766371328918618033299026e-06
8113,-3.0007638411746981580601519729034620809216e-06
8114,-3.0007638447746330766371328918618033299026e-06
8115,-3.0007638411746981580601519729034620809216e-06
8116,-3.0007638401447996913395943607838489697315e-06
8117,-3.0007638428593577516894936457747533609108e-06
8118,-3.0007638384386254608499934593002222982250e-06
8119,-3.0007638447746330766371328918618033299026e-06
8120,-3.0007638411746981580601519729034620809216e-06
8121,-3.0007638447746330766371328918618033299026e-06
8122,-3.0007638411746981580601519729034620809216e-06
8123,-3.0007638447746330766371328918618033299026e-06
8124,-3.0007638411746981580601519729034620809216e-06
8125,-3.0007638447746330766371328918618033299026e-06
8126,-3.0007638411746981580601519729034620809216e-06
8127,-3.0007638447746330766371328918618033299026e-06
8128,-3.0007638411746981580601519729034620809216e-06
8129,-3.0007638447746330766371328918618033299026e-06
8130,-3.0007638411746981580601519729034620809216e-06
8131,-3.0007638447746330766371328918618033299026e-06
8132,-3.0007638411746981580601519729034620809216e-06
8133,-3.0007638447746330766371328918618033299026e-06
8134,-3.0007638411746981580601519729034620809216e-06
8135,-3.0007638447746330766371328918618033299026e-06
8136,-3.0007638411746981580601519729034620809216e-06
8137,-3.0007638401447996913395943607838489697315e-06
8138,-3.0007638428593577516894936457747533609108e-06
8139,-3.0007638384386254608499934593002222982250e-06
8140,-3.0007638447746330766371328918618033299026e-06
8141,-3.0007638411746981580601519729034620809216e-06
8142,-3.0007638447746330766371328918618033299026e-06
8143,-3.0007638411746981580601519729034620809216e-06
8144,-3.0007638447746330766371328918618033299026e-06
8145,-3.0007638411746981580601519729034620809216e-06
8146,-3.0007638447746330766371328918618033299026e-06
8147,-3.0007638411746981580601519729034620809216e-06
8148,-3.0007638447746330766371328918618033299026e-06
8149,-3.0007638411746981580601519729034620809216e-06
8150,-3.0007638447746330766371328918618033299026e-06
8151,-3.0007638400587788368647102626995959440137e-06
8152,-3.0007638411531725097715784383867188012118e-06
8153,-3.0007638401954996954304477618791224813322e-06
8154,-3.0007638384171112475062078578380564408690e-06
8155,-3.0007638404692141571709386449473555558143e-06
8156,-3.0007638395115290608520727810848427452584e-06
8157,-3.0007638401954996954304477618791224813322e-06
8158,-3.0007638384171112475062078578380564408690e-06
8159,-3.0007638406059583091427256373862064720015e-06
8160,-3.0007638401954996954304477618791224813322e-06
8161,-3.0007638384171112475062078578380564408690e-06
8162,-3.0007638404692141571709386449473555558143e-06
8163,-3.0007638395115290608520727810848427452584e-06
8164,-3.0007638401954996954304477618791224813322e-06
8165,-3.0007638384171112475062078578380564408690e-06
8166,-3.0007638404692141571709386449473555558143e-06
8167,-3.0007638395115290608520727810848427452584e-06
8168,-3.0007638401954996954304477618791224813322e-06
8169,-3.0007638384171112475062078578380564408690e-06
8170,-3.0007638404692141571709386449473555558143e-06
8171,-3.0007638395115290608520727810848427452584e-06
8172,-3.0007638401954996954304477618791224813322e-06
8173,-3.0007638384171112475062078578380564408690e-06
8174,-3.0007638404692141571709386449473555558143e-06
8175,-3.0007638395115290608520727810848427452584e-06
8176,-3.0007638401954996954304477618791224813322e-06
8177,-3.0007638384171112475062078578380564408690e-06
8178,-3.0007638404692141571709386449473555558143e-06
8179,-3.0007638395115290608520727810848427452584e-06
8180,-3.0007638401954996954304477618791224813322e-06
8181,-3.0007638384171112475062078578380564408690e-06
8182,-3.0007638406059583091427256373862064720015e-06
8183,-3.0007638401954996954304477618791224813322e-06
8184,-3.0007638384171112475062078578380564408690e-06
8185,-3.0007638404692141571709386449473555558143e-06
8186,-3.0007638395115290608520727810848427452584e-06
8187,-3.0007638401954996954304477618791224813322e-06
8188,-3.0007638384171112475062078578380564408690e-06
8189,-3.0007638404692141571709386449473555558143e-06
8190,-3.0007638395115290608520727810848427452584e-06
8191,-3.0007638401954996954304477618791224813322e-06
8192,-3.0007638384171112475062078578380564408690e-06
8193,-3.0007638404692141571709386449473555558143e-06
8194,-3.0007638395115290608520727810848427452584e-06
8195,-3.0007638401954996954304477618791224813322e-06
8196,-3.0007638384171112475062078578380564408690e-06
8197,-3.0007638404692141571709386449473555558143e-06
8198,-3.0007638395115290608520727810848427452584e-06
8199,-3.0007638401954996954304477618791224813322e-06
8200,-3.0007638384171112475062078578380564408690e-06
8201,-3.0007638406059583091427256373862064720015e-06
8202,-3.0007638401954996954304477618791224813322e-06
8203,-3.0007638384171112475062078578380564408690e-06
8204,-3.0007638404692141571709386449473555558143e-06
8205,-3.0007638395115290608520727810848427452584e-06
8206,-3.0007638401954996954304477618791224813322e-06
8207,-3.0007638384171112475062078578380564408690e-06
8208,-3.0007638404692141571709386449473555558143e-06
8209,-3.0007638395115290608520727810848427452584e-06
8210,-3.0007638401954996954304477618791224813322e-06
8211,-3.0007638384171112475062078578380564408690e-06
8212,-3.0007638404692141571709386449473555558143e-06
8213,-3.0007638395115290608520727810848427452584e-06
8214,-3.0007638401954996954304477618791224813322e-06
8215,-3.0007638384171112475062078578380564408690e-06
8216,-3.0007638404692141571709386449473555558143e-06
8217,-3.0007638395115290608520727810848427452584e-06
8218,-3.0007638401954996954304477618791224813322e-06
8219,-3.0007638384171112475062078578380564408690e-06
8220,-3.0007638404692141571709386449473555558143e-06
8221,-3.0007638395115290608520727810848427452584e-06
8222,-3.0007638401954996954304477618791224813322e-06
8223,-3.0007638384171112475062078578380564408690e-06
8224,-3.0007638406059583091427256373862064720015e-06
8225,-3.0007638401954996954304477618791224813322e-06
8226,-3.0007638384171112475062078578380564408690e-06
8227,-3.0007638404692141571709386449473555558143e-06
8228,-3.0007638395115290608520727810848427452584e-06
8229,-3.0007638401954996954304477618791224813322e-06
8230,-3.0007638384171112475062078578380564408690e-06
8231,-3.0007638404692141571709386449473555558143e-06
8232,-3.0007638395115290608520727810848427452584e-06
8233,-3.0007638401954996954304477618791224813322e-06
8234,-3.0007638384171112475062078578380564408690e-06
8235,-3.0007638404692141571709386449473555558143e-06
8236,-3.0007638395115290608520727810848427452584e-06
8237,-3.0007638401954996954304477618791224813322e-06
8238,-3.0007638384171112475062078578380564408690e-06
8239,-3.0007638404692141571709386449473555558143e-06
8240,-3.0007638395115290608520727810848427452584e-06
8241,-3.0007638401954996954304477618791224813322e-06
8242,-3.0007638384171112475062078578380564408690e-06
8243,-3.0007638406059583091427256373862064720015e-06
8244,-3.0007638401954996954304477618791224813322e-06
8245,-3.0007638384171112475062078578380564408690e-06
8246,-3.0007638404692141571709386449473555558143e-06
8247,-3.0007638395115290608520727810848427452584e-06
8248,-3.0007638401954996954304477618791224813322e-06
8249,-3.0007638384171112475062078578380564408690e-06
8250,-3.0007638404692141571709386449473555558143e-06
8251,-3.0007638395115290608520727810848427452584e-06
8252,-3.0007638401954996954304477618791224813322e-06
8253,-3.0007638384171112475062078578380564408690e-06
8254,-3.0007638404692141571709386449473555558143e-06
8255,-3.0007638395115290608520727810848427452584e-06
8256,-3.0007638401954996954304477618791224813322e-06
8257,-3.0007638384171112475062078578380564408690e-06
8258,-3.0007638404692141571709386449473555558143e-06
8259,-3.0007638395115290608520727810848427452584e-06
8260,-3.0007638401954996954304477618791224813322e-06
8261,-3.0007638384171112475062078578380564408690e-06
8262,-3.0007638404692141571709386449473555558143e-06
8263,-3.0007638395115290608520727810848427452584e-06
8264,-3.0007638401954996954304477618791224813322e-06
8265,-3.0007638384171112475062078578380564408690e-06
8266,-3.0007638406059583091427256373862064720015e-06
8267,-3.0007638401954996954304477618791224813322e-06
8268,-3.0007638384171112475062078578380564408690e-06
8269,-3.0007638404692141571709386449473555558143e-06
8270,-3.0007638395115290608520727810848427452584e-06
8271,-3.0007638401954996954304477618791224813322e-06
8272,-3.0007638384171112475062078578380564408690e-06
8273,-3.0007638404692141571709386449473555558143e-06
8274,-3.0007638395115290608520727810848427452584e-06
8275,-3.0007638401954996954304477618791224813322e-06
8276,-3.0007638384171112475062078578380564408690e-06
8277,-3.0007638404692141571709386449473555558143e-06
8278,-3.0007638395115290608520727810848427452584e-06
8279,-3.0007638401954996954304477618791224813322e-06
8280,-3.0007638384171112475062078578380564408690e-06
8281,-3.0007638404692141571709386449473555558143e-06
8282,-3.0007638395115290608520727810848427452584e-06
8283,-3.0007638401954996954304477618791224813322e-06
8284,-3.0007638384171112475062078578380564408690e-06
8285,-3.0007638404692141571709386449473555558143e-06
8286,-3.0007638395115290608520727810848427452584e-06
8287,-3.0007638401954996954304477618791224813322e-06
8288,-3.0007638384171112475062078578380564408690e-06
8289,-3.0007638406059583091427256373862064720015e-06
8290,-3.0007638401954996954304477618791224813322e-06
8291,-3.0007638384171112475062078578380564408690e-06
8292,-3.0007638404692141571709386449473555558143e-06
8293,-3.0007638395115290608520727810848427452584e-06
8294,-3.0007638396990680846048056562569428251663e-06
8295,-3.0007638396053519358041162395922540895299e-06
8296,-3.0007638403753307193631665039657008264840e-06
8297,-3.0007638398358240950378542089005406978686e-06
8298,-3.0007638412469958082400955240442996796446e-06
8299,-3.0007638403753307193631665039657008264840e-06
8300,-3.0007638398358240950378542089005406978686e-06
8301,-3.0007638412469958082400955240442996796446e-06
8302,-3.0007638383310789580865358266992259927974e-06
8303,-3.0007638423414246330142747531954938722265e-06
8304,-3.0007638403753307193631665039657008264840e-06
8305,-3.0007638398358240950378542089005406978686e-06
8306,-3.0007638412469958082400955240442996796446e-06
8307,-3.0007638403753307193631665039657008264840e-06
8308,-3.0007638398358240950378542089005406978686e-06
8309,-3.0007638412469958082400955240442996796446e-06
8310,-3.0007638403753307193631665039657008264840e-06
8311,-3.0007638398358240950378542089005406978686e-06
8312,-3.0007638412469958082400955240442996796446e-06
8313,-3.0007638383310789580865358266992259927974e-06
8314,-3.0007638423414246330142747531954938722265e-06
8315,-3.0007638403753307193631665039657008264840e-06
8316,-3.0007638398358240950378542089005406978686e-06
8317,-3.0007638412469958082400955240442996796446e-06
8318,-3.0007638403753307193631665039657008264840e-06
8319,-3.0007638398358240950378542089005406978686e-06
8320,-3.0007638412469958082400955240442996796446e-06
8321,-3.0007638383310789580865358266992259927974e-06
8322,-3.0007638423414246330142747531954938722265e-06
8323,-3.0007638403753307193631665039657008264840e-06
8324,-3.0007638398358240950378542089005406978686e-06
8325,-3.0007638412469958082400955240442996796446e-06
8326,-3.0007638403753307193631665039657008264840e-06
8327,-3.0007638398358240950378542089005406978686e-06
8328,-3.0007638412469958082400955240442996796446e-06
8329,-3.0007638403753307193631665039657008264840e-06
8330,-3.0007638398358240950378542089005406978686e-06
8331,-3.0007638412469958082400955240442996796446e-06
8332,-3.0007638383310789580865358266992259927974e-06
8333,-3.0007638423414246330142747531954938722265e-06
8334,-3.0007638403753307193631665039657008264840e-06
8335,-3.0007638398358240950378542089005406978686e-06
8336,-3.0007638412469958082400955240442996796446e-06
8337,-3.0007638403753307193631665039657008264840e-06
8338,-3.0007638398358240950378542089005406978686e-06
8339,-3.0007638412469958082400955240442996796446e-06
8340,-3.0007638383310789580865358266992259927974e-06
8341,-3.0007638423414246330142747531954938722265e-06
8342,-3.0007638403753307193631665039657008264840e-06
8343,-3.0007638398358240950378542089005406978686e-06
8344,-3.0007638412469958082400955240442996796446e-06
8345,-3.0007638403753307193631665039657008264840e-06
8346,-3.0007638398358240950378542089005406978686e-06
8347,-3.0007638412469958082400955240442996796446e-06
8348,-3.0007638383310789580865358266992259927974e-06
8349,-3.0007638423414246330142747531954938722265e-06
8350,-3.0007638403753307193631665039657008264840e-06
8351,-3.0007638398358240950378542089005406978686e-06
8352,-3.0007638412469958082400955240442996796446e-06
8353,-3.0007638403753307193631665039657008264840e-06
8354,-3.0007638398358240950378542089005406978686e-06
8355,-3.0007638412469958082400955240442996796446e-06
8356,-3.0007638403753307193631665039657008264840e-06
8357,-3.0007638398358240950378542089005406978686e-06
8358,-3.0007638412469958082400955240442996796446e-06
8359,-3.0007638383310789580865358266992259927974e-06
8360,-3.0007638423414246330142747531954938722265e-06
8361,-3.0007638403753307193631665039657008264840e-06
8362,-3.0007638398358240950378542089005406978686e-06
8363,-3.0007638412469958082400955240442996796446e-06
8364,-3.0007638403753307193631665039657008264840e-06
8365,-3.0007638398358240950378542089005406978686e-06
8366,-3.0007638412469958082400955240442996796446e-06
8367,-3.0007638383310789580865358266992259927974e-06
8368,-3.0007638423414246330142747531954938722265e-06
8369,-3.0007638403753307193631665039657008264840e-06
8370,-3.0007638398358240950378542089005406978686e-06
8371,-3.0007638412469958082400955240442996796446e-06
8372,-3.0007638403753307193631665039657008264840e-06
8373,-3.0007638398358240950378542089005406978686e-06
8374,-3.0007638412469958082400955240442996796446e-06
8375,-3.0007638403753307193631665039657008264840e-06
8376,-3.0007638398358240950378542089005406978686e-06
8377,-3.0007638412469958082400955240442996796446e-06
8378,-3.0007638383310789580865358266992259927974e-06
8379,-3.0007638423414246330142747531954938722265e-06
8380,-3.0007638403753307193631665039657008264840e-06
8381,-3.0007638398358240950378542089005406978686e-06
8382,-3.0007638412469958082400955240442996796446e-06
8383,-3.0007638403753307193631665039657008264840e-06
8384,-3.0007638398358240950378542089005406978686e-06
8385,-3.0007638412469958082400955240442996796446e-06
8386,-3.0007638383310789580865358266992259927974e-06
8387,-3.0007638423414246330142747531954938722265e-06
8388,-3.0007638403753307193631665039657008264840e-06
8389,-3.0007638398358240950378542089005406978686e-06
8390,-3.0007638412469958082400955240442996796446e-06
8391,-3.0007638403753307193631665039657008264840e-06
8392,-3.0007638398358240950378542089005406978686e-06
8393,-3.0007638412469958082400955240442996796446e-06
8394,-3.0007638403753307193631665039657008264840e-06
8395,-3.0007638398358240950378542089005406978686e-06
8396,-3.0007638412469958082400955240442996796446e-06
8397,-3.0007638383310789580865358266992259927974e-06
8398,-3.0007638423414246330142747531954938722265e-06
8399,-3.0007638403753307193631665039657008264840e-06
8400,-3.0007638398358240950378542089005406978686e-06
8401,-3.0007638412469958082400955240442996796446e-06
8402,-3.0007638403753307193631665039657008264840e-06
8403,-3.0007638398358240950378542089005406978686e-06
8404,-3.0007638412469958082400955240442996796446e-06
8405,-3.0007638383310789580865358266992259927974e-06
8406,-3.0007638423414246330142747531954938722265e-06
8407,-3.0007638403753307193631665039657008264840e-06
8408,-3.0007638398358240950378542089005406978686e-06
8409,-3.0007638412469958082400955240442996796446e-06
8410,-3.0007638403753307193631665039657008264840e-06
8411,-3.0007638398358240950378542089005406978686e-06
8412,-3.0007638412469958082400955240442996796446e-06
8413,-3.0007638383310789580865358266992259927974e-06
8414,-3.0007638423414246330142747531954938722265e-06
8415,-3.0007638403753307193631665039657008264840e-06
8416,-3.0007638398358240950378542089005406978686e-06
8417,-3.0007638412469958082400955240442996796446e-06
8418,-3.0007638403753307193631665039657008264840e-06
8419,-3.0007638398358240950378542089005406978686e-06
8420,-3.0007638412469958082400955240442996796446e-06
8421,-3.0007638403753307193631665039657008264840e-06
8422,-3.0007638398358240950378542089005406978686e-06
8423,-3.0007638412469958082400955240442996796446e-06
8424,-3.0007638383310789580865358266992259927974e-06
8425,-3.0007638423414246330142747531954938722265e-06
8426,-3.0007638403753307193631665039657008264840e-06
8427,-3.0007638398358240950378542089005406978686e-06
8428,-3.0007638412469958082400955240442996796446e-06
8429,-3.0007638403753307193631665039657008264840e-06
8430,-3.0007638398358240950378542089005406978686e-06
8431,-3.0007638412469958082400955240442996796446e-06
8432,-3.0007638383310789580865358266992259927974e-06
8433,-3.0007638423414246330142747531954938722265e-06
8434,-3.0007638403753307193631665039657008264840e-06
8435,-3.0007638398358240950378542089005406978686e-06
8436,-3.0007638412469958082400955240442996796446e-06
8437,-3.0007638403753307193631665039657008264840e-06
8438,-3.0007638398358240950378542089005406978686e-06
8439,-3.0007638412469958082400955240442996796446e-06
8440,-3.0007638403753307193631665039657008264840e-06
8441,-3.0007638398358240950378542089005406978686e-06
8442,-3.0007638412469958082400955240442996796446e-06
8443,-3.0007638383310789580865358266992259927974e-06
8444,-3.0007638423414246330142747531954938722265e-06
8445,-3.0007638403753307193631665039657008264840e-06
8446,-3.0007638398358240950378542089005406978686e-06
8447,-3.0007638412469958082400955240442996796446e-06
8448,-3.0007638403753307193631665039657008264840e-06
8449,-3.0007638398358240950378542089005406978686e-06
8450,-3.0007638412469958082400955240442996796446e-06
8451,-3.0007638383310789580865358266992259927974e-06
8452,-3.0007638423414246330142747531954938722265e-06
8453,-3.0007638388337032267895541221003341547657e-06
8454,-3.4909002947756331989577352304673559002548e-16
8455,-4.5811420235418359347565101604450957101284e-16
8456,-3.0014268116044047296855652035008077405109e-06
8457,-3.0014268158153091717982828556809948850059e-06
8458,-3.0014268174570000545628347538018587670194e-06
8459,-3.0014268198126702551610869851295149146608e-06
8460,-3.0014268105099754813949123471994440137678e-06
8461,-3.0014268158153091717982828556809948850059e-06
8462,-3.0014268174570000545628347538018587670194e-06
8463,-3.0014268198126702551610869851295149146608e-06
8464,-3.0014268105099754813949123471994440137678e-06
8465,-3.0014268158153091717982828556809948850059e-06
8466,-3.0014268174570000545628347538018587670194e-06
8467,-3.0014268198126702551610869851295149146608e-06
8468,-3.0014268105099754813949123471994440137678e-06
8469,-3.0014268158153091717982828556809948850059e-06
8470,-3.0014268174570000545628347538018587670194e-06
8471,-3.0014268198126702551610869851295149146608e-06
8472,-3.0014268105099754813949123471994440137678e-06
8473,-3.0014268158153091717982828556809948850059e-06
8474,-3.0014268174570000545628347538018587670194e-06
8475,-3.0014268198126702551610869851295149146608e-06
8476,-3.0014268105099754813949123471994440137678e-06
8477,-3.0014268158153091717982828556809948850059e-06
8478,-3.0014268209070990799352662142807091072427e-06
8479,-3.0014268105099754813949123471994440137678e-06
8480,-3.0014268158153091717982828556809948850059e-06
8481,-3.0014268174570000545628347538018587670194e-06
8482,-3.0014268198126702551610869851295149146608e-06
8483,-3.0014268105099754813949123471994440137678e-06
8484,-3.0014268158153091717982828556809948850059e-06
8485,-3.0014268174570000545628347538018587670194e-06
8486,-3.0014268198126702551610869851295149146608e-06
8487,-3.0014268105099754813949123471994440137678e-06
8488,-3.0014268158153091717982828556809948850059e-06
8489,-3.0014268209070990799352662142807091072427e-06
8490,-3.0014268105099754813949123471994440137678e-06
8491,-3.0014268158153091717982828556809948850059e-06
8492,-3.0014268174570000545628347538018587670194e-06
8493,-3.0014268163625708062721818975004950402763e-06
8494,-3.0014268198126702551610869851295149146608e-06
8495,-3.0014268105099754813949123471994440137678e-06
8496,-3.0014268158153091717982828556809948850059e-06
8497,-3.0014268209070990799352662142807091072427e-06
8498,-3.0014268105099754813949123471994440137678e-06
8499,-3.0014268158153091717982828556809948850059e-06
8500,-3.0014268174570000545628347538018587670194e-06
8501,-3.0014268163625708062721818975004950402763e-06
8502,-3.0014268198126702551610869851295149146608e-06
8503,-3.0014268105099754813949123471994440137678e-06
8504,-3.0014268158153091717982828556809948850059e-06
8505,-3.0014268209070990799352662142807091072427e-06
8506,-3.0014268105099754813949123471994440137678e-06
8507,-3.0014268158153091717982828556809948850059e-06
8508,-3.0014268209070990799352662142807091072427e-06
8509,-3.0014268105099754813949123471994440137678e-06
8510,-3.0014268158153091717982828556809948850059e-06
8511,-3.0014268174570000545628347538018587670194e-06
8512,-3.0014268163625708062721818975004950402763e-06
8513,-3.0014268198126702551610869851295149146608e-06
8514,-3.0014268105099754813949123471994440137678e-06
8515,-3.0014268158153091717982828556809948850059e-06
8516,-3.0014268209070990799352662142807091072427e-06
8517,-3.0014268105099754813949123471994440137678e-06
8518,-3.0014268158153091717982828556809948850059e-06
8519,-3.0014268174570000545628347538018587670194e-06
8520,-3.0014268163625708062721818975004950402763e-06
8521,-3.0014268198126702551610869851295149146608e-06
8522,-3.0014268105099754813949123471994440137678e-06
8523,-3.0014268158153091717982828556809948850059e-06
8524,-3.0014268209070990799352662142807091072427e-06
8525,-3.0014268105099754813949123471994440137678e-06
8526,-3.0014268158153091717982828556809948850059e-06
8527,-3.0014268209070990799352662142807091072427e-06
8528,-3.0014268076169882366400001871831193511753e-06
8529,-3.0014268147258761473470094899296256585330e-06
8530,-3.0014268187182405833539605016779816537564e-06
8531,-3.0014268136264510987334507702284369656809e-06
8532,-3.0014268209070990799352662142807091072427e-06
8533,-3.0014268105099754813949123471994440137678e-06
8534,-3.0014268158153091717982828556809948850059e-06
8535,-3.0014268135706256982787615977814610346286e-06
8536,-3.0014268204058359931784855795244837395330e-06
8537,-3.0014268135706019813562384773719671215986e-06
8538,-3.0014268116504032774026836105640825280716e-06
8539,-3.0014268135706019813562384773719671215986e-06
8540,-3.0014268165194624839273596778044250754647e-06
8541,-3.0014268154808810824644982329090225903201e-06
8542,-3.0014268201371766240672083608798104137350e-06
8543,-3.0014268116504032774026836105640825280716e-06
8544,-3.0014268135706019813562384773719671215986e-06
8545,-3.0014268116504032774026836105640825280716e-06
8546,-3.0014268135706019813562384773719671215986e-06
8547,-3.0014268116504032774026836105640825280716e-06
8548,-3.0014268135706019813562384773719671215986e-06
8549,-3.0014268116504032774026836105640825280716e-06
8550,-3.0014268135706019813562384773719671215986e-06
8551,-3.0014268116504032774026836105640825280716e-06
8552,-3.0014268135706019813562384773719671215986e-06
8553,-3.0014268116504032774026836105640825280716e-06
8554,-3.0014268135706019813562384773719671215986e-06
8555,-3.0014268116504032774026836105640825280716e-06
8556,-3.0014268135706019813562384773719671215986e-06
8557,-3.0014268116504032774026836105640825280716e-06
8558,-3.0014268135706019813562384773719671215986e-06
8559,-3.0014268116504032774026836105640825280716e-06
8560,-3.0014268135706019813562384773719671215986e-06
8561,-3.0014268165194624839273596778044250754647e-06
8562,-3.0014268154808810824644982329090225903201e-06
8563,-3.0014268201371766240672083608798104137350e-06
8564,-3.0014268116504032774026836105640825280716e-06
8565,-3.0014268135706019813562384773719671215986e-06
8566,-3.0014268116504032774026836105640825280716e-06
8567,-3.0014268135706019813562384773719671215986e-06
8568,-3.0014268116504032774026836105640825280716e-06
8569,-3.0014268135706019813562384773719671215986e-06
8570,-3.0014268116504032774026836105640825280716e-06
8571,-3.0014268135706019813562384773719671215986e-06
8572,-3.0014268116504032774026836105640825280716e-06
8573,-3.0014268135706019813562384773719671215986e-06
8574,-3.0014268116504032774026836105640825280716e-06
8575,-3.0014268135706019813562384773719671215986e-06
8576,-3.0014268116504032774026836105640825280716e-06
8577,-3.0014268135706019813562384773719671215986e-06
8578,-3.0014268116504032774026836105640825280716e-06
8579,-3.0014268135706019813562384773719671215986e-06
8580,-3.0014268116504032774026836105640825280716e-06
8581,-3.0014268135706019813562384773719671215986e-06
8582,-3.0014268165194624839273596778044250754647e-06
8583,-3.0014268154808810824644982329090225903201e-06
8584,-3.0014268201371766240672083608798104137350e-06
8585,-3.0014268116504032774026836105640825280716e-06
8586,-3.0014268135706019813562384773719671215986e-06
8587,-3.0014268116504032774026836105640825280716e-06
8588,-3.0014268135706019813562384773719671215986e-06
8589,-3.0014268116504032774026836105640825280716e-06
8590,-3.0014268135706019813562384773719671215986e-06
8591,-3.0014268116504032774026836105640825280716e-06
8592,-3.0014268135706019813562384773719671215986e-06
8593,-3.0014268116504032774026836105640825280716e-06
8594,-3.0014268135706019813562384773719671215986e-06
8595,-3.0014268116504032774026836105640825280716e-06
8596,-3.0014268141736890162848266916384432079212e-06
8597,-3.0014268187182410068704341288281511879177e-06
8598,-3.0014268105099754813949123471994440137678e-06
8599,-3.0014268158153091717982828556809948850059e-06
8600,-3.0014268174570000545628347538018587670194e-06
8601,-3.0014268198126702551610869851295149146608e-06
8602,-3.0014268105099754813949123471994440137678e-06
8603,-3.0014268158153091717982828556809948850059e-06
8604,-3.0014268209070990799352662142807091072427e-06
8605,-3.0014268105099754813949123471994440137678e-06
8606,-3.0014268158153091717982828556809948850059e-06
8607,-3.0014268174570000545628347538018587670194e-06
8608,-3.0014268198126702551610869851295149146608e-06
8609,-3.0014268105099754813949123471994440137678e-06
8610,-3.0014268158153091717982828556809948850059e-06
8611,-3.0014268174570000545628347538018587670194e-06
8612,-3.0014268198126702551610869851295149146608e-06
8613,-3.0014268105099754813949123471994440137678e-06
8614,-3.0014268158153091717982828556809948850059e-06
8615,-3.0014268174570000545628347538018587670194e-06
8616,-3.0014268198126702551610869851295149146608e-06
8617,-3.0014268105099754813949123471994440137678e-06
8618,-3.0014268158153091717982828556809948850059e-06
8619,-3.0014268174570000545628347538018587670194e-06
8620,-3.0014268198126702551610869851295149146608e-06
8621,-3.0014268105099754813949123471994440137678e-06
8622,-3.0014268158153091717982828556809948850059e-06
8623,-3.0014268174570000545628347538018587670194e-06
8624,-3.0014268198126702551610869851295149146608e-06
8625,-3.0014268105099754813949123471994440137678e-06
8626,-3.0014268158153091717982828556809948850059e-06
8627,-3.0014268209070990799352662142807091072427e-06
8628,-3.0014268105099754813949123471994440137678e-06
8629,-3.0014268158153091717982828556809948850059e-06
8630,-3.0014268174570000545628347538018587670194e-06
8631,-3.0014268198126702551610869851295149146608e-06
8632,-3.0014268105099754813949123471994440137678e-06
8633,-3.0014268158153091717982828556809948850059e-06
8634,-3.0014268174570000545628347538018587670194e-06
8635,-3.0014268198126702551610869851295149146608e-06
8636,-3.0014268105099754813949123471994440137678e-06
8637,-3.0014268158153091717982828556809948850059e-06
8638,-3.0014268174570000545628347538018587670194e-06
8639,-3.0014268198126702551610869851295149146608e-06
8640,-3.0014268105099754813949123471994440137678e-06
8641,-3.0014268158153091717982828556809948850059e-06
8642,-3.0014268174570000545628347538018587670194e-06
8643,-3.0014268198126702551610869851295149146608e-06
8644,-3.0014268105099754813949123471994440137678e-06
8645,-3.0014268158153091717982828556809948850059e-06
8646,-3.0014268209070990799352662142807091072427e-06
8647,-3.0014268105099754813949123471994440137678e-06
8648,-3.0014268158153091717982828556809948850059e-06
8649,-3.0014268174570000545628347538018587670194e-06
8650,-3.0014268198126702551610869851295149146608e-06
8651,-3.0014268105099754813949123471994440137678e-06
8652,-3.0014268158153091717982828556809948850059e-06
8653,-3.0014268174570000545628347538018587670194e-06
8654,-3.0014268198126702551610869851295149146608e-06
8655,-3.0014268105099754813949123471994440137678e-06
8656,-3.0014268158153091717982828556809948850059e-06
8657,-3.0014268174570000545628347538018587670194e-06
8658,-3.0014268198126702551610869851295149146608e-06
8659,-3.0014268105099754813949123471994440137678e-06
8660,-3.0014268158153091717982828556809948850059e-06
8661,-3.0014268174570000545628347538018587670194e-06
8662,-3.0014268198126702551610869851295149146608e-06
8663,-3.0014268105099754813949123471994440137678e-06
8664,-3.0014268158153091717982828556809948850059e-06
8665,-3.0014268174570000545628347538018587670194e-06
8666,-3.0014268198126702551610869851295149146608e-06
8667,-3.0014268105099754813949123471994440137678e-06
8668,-3.0014268158153091717982828556809948850059e-06
8669,-3.0014268209070990799352662142807091072427e-06
8670,-3.0014268105099754813949123471994440137678e-06
8671,-3.0014268158153091717982828556809948850059e-06
8672,-3.0014268174570000545628347538018587670194e-06
8673,-3.0014268198126702551610869851295149146608e-06
8674,-3.0014268105099754813949123471994440137678e-06
8675,-3.0014268158153091717982828556809948850059e-06
8676,-3.0014268174570000545628347538018587670194e-06
8677,-3.0014268198126702551610869851295149146608e-06
8678,-3.0014268105099754813949123471994440137678e-06
8679,-3.0014268158153091717982828556809948850059e-06
8680,-3.0014268174570000545628347538018587670194e-06
8681,-3.0014268198126702551610869851295149146608e-06
8682,-3.0014268105099754813949123471994440137678e-06
8683,-3.0014268158153091717982828556809948850059e-06
8684,-3.0014268174570000545628347538018587670194e-06
8685,-3.0014268198126702551610869851295149146608e-06
8686,-3.0014268105099754813949123471994440137678e-06
8687,-3.0014268158153091717982828556809948850059e-06
8688,-3.0014268209070990799352662142807091072427e-06
8689,-3.0014268105099754813949123471994440137678e-06
8690,-3.0014268158153091717982828556809948850059e-06
8691,-3.0014268174570000545628347538018587670194e-06
8692,-3.0014268198126702551610869851295149146608e-06
8693,-3.0014268105099754813949123471994440137678e-06
8694,-3.0014268158153091717982828556809948850059e-06
8695,-3.0014268174570000545628347538018587670194e-06
8696,-3.0014268198126702551610869851295149146608e-06
8697,-3.0014268105099754813949123471994440137678e-06
8698,-3.0014268158153091717982828556809948850059e-06
8699,-3.0014268174570000545628347538018587670194e-06
8700,-3.0014268198126702551610869851295149146608e-06
8701,-3.0014268105099754813949123471994440137678e-06
8702,-3.0014268158153091717982828556809948850059e-06
8703,-3.0014268174570000545628347538018587670194e-06
8704,-3.0014268198126702551610869851295149146608e-06
8705,-3.0014268105099754813949123471994440137678e-06
8706,-3.0014268158153091717982828556809948850059e-06
8707,-3.0014268174570000545628347538018587670194e-06
8708,-3.0014268198126702551610869851295149146608e-06
8709,-3.0014268105099754813949123471994440137678e-06
8710,-3.0014268158153091717982828556809948850059e-06
8711,-3.0014268209070990799352662142807091072427e-06
8712,-3.0014268105099754813949123471994440137678e-06
8713,-3.0014268158153091717982828556809948850059e-06
8714,-3.0014268174570000545628347538018587670194e-06
8715,-3.0014268198126702551610869851295149146608e-06
8716,-3.0014268105099754813949123471994440137678e-06
8717,-3.0014268158153091717982828556809948850059e-06
8718,-3.0014268174570000545628347538018587670194e-06
8719,-3.0014268198126702551610869851295149146608e-06
8720,-3.0014268105099754813949123471994440137678e-06
8721,-3.0014268158153091717982828556809948850059e-06
8722,-3.0014268174570000545628347538018587670194e-06
8723,-3.0014268198126702551610869851295149146608e-06
8724,-3.0014268105099754813949123471994440137678e-06
8725,-3.0014268158153091717982828556809948850059e-06
8726,-3.0014268174570000545628347538018587670194e-06
8727,-3.0014268198126702551610869851295149146608e-06
8728,-3.0014268105099754813949123471994440137678e-06
8729,-3.0014268158153091717982828556809948850059e-06
8730,-3.0014268174570000545628347538018587670194e-06
8731,-3.0014268198126702551610869851295149146608e-06
8732,-3.0014268105099754813949123471994440137678e-06
8733,-3.0014268158153091717982828556809948850059e-06
8734,-3.0014268209070990799352662142807091072427e-06
8735,-3.0014268105099754813949123471994440137678e-06
8736,-3.0014268158153091717982828556809948850059e-06
8737,-3.0014268174570000545628347538018587670194e-06
8738,-3.0014268198126702551610869851295149146608e-06
8739,-3.0014268076169882366400001871831193511753e-06
8740,-3.0014268147258761473470094899296256585330e-06
8741,-3.0014268153232092874648992419928106301086e-06
8742,-3.0014268111738350127066284750432245687080e-06
8743,-3.0014268136314468990563566336282619317899e-06
8744,-3.0014268153232092874648992419928106301086e-06
8745,-3.0014268111738350127066284750432245687080e-06
8746,-3.0014268136314468990563566336282619317899e-06
8747,-3.0014268150044314023810586994356341961065e-06
8748,-3.0014268158203049721211887190808198511149e-06
8749,-3.0014268153232092874648992419928106301086e-06
8750,-3.0014268111738350127066284750432245687080e-06
8751,-3.0014268136314468990563566336282619317899e-06
8752,-3.0014268153232092874648992419928106301086e-06
8753,-3.0014268111738350127066284750432245687080e-06
8754,-3.0014268136314468990563566336282619317899e-06
8755,-3.0014268153232092874648992419928106301086e-06
8756,-3.0014268111738350127066284750432245687080e-06
8757,-3.0014268136314468990563566336282619317899e-06
8758,-3.0014268150044314023810586994356341961065e-06
8759,-3.0014268158203049721211887190808198511149e-06
8760,-3.0014268153232092874648992419928106301086e-06
8761,-3.0014268111738350127066284750432245687080e-06
8762,-3.0014268136314468990563566336282619317899e-06
8763,-3.0014268153232092874648992419928106301086e-06
8764,-3.0014268111738350127066284750432245687080e-06
8765,-3.0014268136314468990563566336282619317899e-06
8766,-3.0014268150044314023810586994356341961065e-06
8767,-3.0014268158203049721211887190808198511149e-06
8768,-3.0014268153232092874648992419928106301086e-06
8769,-3.0014268111738350127066284750432245687080e-06
8770,-3.0014268136314468990563566336282619317899e-06
8771,-3.0014268153232092874648992419928106301086e-06
8772,-3.0014268111738350127066284750432245687080e-06
8773,-3.0014268136314468990563566336282619317899e-06
8774,-3.0014268153232092874648992419928106301086e-06
8775,-3.0014268111738350127066284750432245687080e-06
8776,-3.0014268136314468990563566336282619317899e-06
8777,-3.0014268150044314023810586994356341961065e-06
8778,-3.0014268158203049721211887190808198511149e-06
8779,-3.0014268153232092874648992419928106301086e-06
8780,-3.0014268111738350127066284750432245687080e-06
8781,-3.0014268136314468990563566336282619317899e-06
8782,-3.0014268153232092874648992419928106301086e-06
8783,-3.0014268111738350127066284750432245687080e-06
8784,-3.0014268136314468990563566336282619317899e-06
8785,-3.0014268150044314023810586994356341961065e-06
8786,-3.0014268158203049721211887190808198511149e-06
8787,-3.0014268153232092874648992419928106301086e-06
8788,-3.0014268111738350127066284750432245687080e-06
8789,-3.0014268136314468990563566336282619317899e-06
8790,-3.0014268153232092874648992419928106301086e-06
8791,-3.0014268111738350127066284750432245687080e-06
8792,-3.0014268136314468990563566336282619317899e-06
8793,-3.0014268150044314023810586994356341961065e-06
8794,-3.0014268158203049721211887190808198511149e-06
8795,-3.0014268153232092874648992419928106301086e-06
8796,-3.0014268111738350127066284750432245687080e-06
8797,-3.0014268136314468990563566336282619317899e-06
8798,-3.0014268153232092874648992419928106301086e-06
8799,-3.0014268111738350127066284750432245687080e-06
8800,-3.0014268136314468990563566336282619317899e-06
8801,-3.0014268153232092874648992419928106301086e-06
8802,-3.0014268111738350127066284750432245687080e-06
8803,-3.0014268136314468990563566336282619317899e-06
8804,-3.0014268150044314023810586994356341961065e-06
8805,-3.0014268158203049721211887190808198511149e-06
8806,-3.0014268153232092874648992419928106301086e-06
8807,-3.0014268111738350127066284750432245687080e-06
8808,-3.0014268136314468990563566336282619317899e-06
8809,-3.0014268153232092874648992419928106301086e-06
8810,-3.0014268111738350127066284750432245687080e-06
8811,-3.0014268136314468990563566336282619317899e-06
8812,-3.0014268150044314023810586994356341961065e-06
8813,-3.0014268158203049721211887190808198511149e-06
8814,-3.0014268153232092874648992419928106301086e-06
8815,-3.0014268111738350127066284750432245687080e-06
8816,-3.0014268136314468990563566336282619317899e-06
8817,-3.0014268153232092874648992419928106301086e-06
8818,-3.0014268111738350127066284750432245687080e-06
8819,-3.0014268136314468990563566336282619317899e-06
8820,-3.0014268153232092874648992419928106301086e-06
8821,-3.0014268111738350127066284750432245687080e-06
8822,-3.0014268136314468990563566336282619317899e-06
8823,-3.0014268150044314023810586994356341961065e-06
8824,-3.0014268158203049721211887190808198511149e-06
8825,-3.0014268153232092874648992419928106301086e-06
8826,-3.0014268111738350127066284750432245687080e-06
8827,-3.0014268136314468990563566336282619317899e-06
8828,-3.0014268153232092874648992419928106301086e-06
8829,-3.0014268111738350127066284750432245687080e-06
8830,-3.0014268136314468990563566336282619317899e-06
8831,-3.0014268150044314023810586994356341961065e-06
8832,-3.0014268158203049721211887190808198511149e-06
8833,-3.0014268153232092874648992419928106301086e-06
8834,-3.0014268111738350127066284750432245687080e-06
8835,-3.0014268136314468990563566336282619317899e-06
8836,-3.0014268153232092874648992419928106301086e-06
8837,-3.0014268111738350127066284750432245687080e-06
8838,-3.0014268136314468990563566336282619317899e-06
8839,-3.0014268153232092874648992419928106301086e-06
8840,-3.0014268111738350127066284750432245687080e-06
8841,-3.0014268136314468990563566336282619317899e-06
8842,-3.0014268150044314023810586994356341961065e-06
8843,-3.0014268158203049721211887190808198511149e-06
8844,-3.0014268153232092874648992419928106301086e-06
8845,-3.0014268111738350127066284750432245687080e-06
8846,-3.0014268136314468990563566336282619317899e-06
8847,-3.0014268153232092874648992419928106301086e-06
8848,-3.0014268111738350127066284750432245687080e-06
8849,-3.0014268136314468990563566336282619317899e-06
8850,-3.0014268150044314023810586994356341961065e-06
8851,-3.0014268158203049721211887190808198511149e-06
8852,-3.0014268153232092874648992419928106301086e-06
8853,-3.0014268111738350127066284750432245687080e-06
8854,-3.0014268136314468990563566336282619317899e-06
8855,-3.0014268153232092874648992419928106301086e-06
8856,-3.0014268111738350127066284750432245687080e-06
8857,-3.0014268136314468990563566336282619317899e-06
8858,-3.0014268150044314023810586994356341961065e-06
8859,-3.0014268158203049721211887190808198511149e-06
8860,-3.0014268153232092874648992419928106301086e-06
8861,-3.0014268111738350127066284750432245687080e-06
8862,-3.0014268136314468990563566336282619317899e-06
8863,-3.0014268153232092874648992419928106301086e-06
8864,-3.0014268111738350127066284750432245687080e-06
8865,-3.0014268136314468990563566336282619317899e-06
8866,-3.0014268153232092874648992419928106301086e-06
8867,-3.0014268111738350127066284750432245687080e-06
8868,-3.0014268136314468990563566336282619317899e-06
8869,-3.0014268150044314023810586994356341961065e-06
8870,-3.0014268158203049721211887190808198511149e-06
8871,-3.0014268153232092874648992419928106301086e-06
8872,-3.0014268111738350127066284750432245687080e-06
8873,-3.0014268136314468990563566336282619317899e-06
8874,-3.0014268153232092874648992419928106301086e-06
8875,-3.0014268111738350127066284750432245687080e-06
8876,-3.0014268136314468990563566336282619317899e-06
8877,-3.0014268150044314023810586994356341961065e-06
8878,-3.0014268158203049721211887190808198511149e-06
8879,-3.0014268153232092874648992419928106301086e-06
8880,-3.0014268111738350127066284750432245687080e-06
8881,-3.0014268136314468990563566336282619317899e-06
8882,-3.0014268153232092874648992419928106301086e-06
8883,-3.0014268111738350127066284750432245687080e-06
8884,-3.0014268136314468990563566336282619317899e-06
8885,-3.0014268153232092874648992419928106301086e-06
8886,-3.0014268111738350127066284750432245687080e-06
8887,-3.0014268136314468990563566336282619317899e-06
8888,-3.0014268150044314023810586994356341961065e-06
8889,-3.0014268158203049721211887190808198511149e-06
8890,-3.0014268153232092874648992419928106301086e-06
8891,-3.0014268111738350127066284750432245687080e-06
8892,-3.0014268136314468990563566336282619317899e-06
8893,-3.0014268153232092874648992419928106301086e-06
8894,-3.0014268111738350127066284750432245687080e-06
8895,-3.0014268136314468990563566336282619317899e-06
8896,-3.0014268150044314023810586994356341961065e-06
8897,-3.0014268158203049721211887190808198511149e-06
8898,-3.0014268167753973005885091696054445264963e-06
8899,7.2860867882410871127002189580571622974759e-16
8900,-7.9974305384022556883647562695898689631047e-16
8901,-3.0023549795818067053166777052863878338940e-06
8902,-3.0023549820605291938108247912220249986603e-06
8903,-3.0023549872591151335199984723223209925891e-06
8904,-3.0023549902525380394461684135931633932159e-06
8905,-3.0023549795818067053166777052863878338940e-06
8906,-3.0023549820605291938108247912220249986603e-06
8907,-3.0023549872591151335199984723223209925891e-06
8908,-3.0023549902525380394461684135931633932159e-06
8909,-3.0023549795818067053166777052863878338940e-06
8910,-3.0023549820605291938108247912220249986603e-06
8911,-3.0023549872591151335199984723223209925891e-06
8912,-3.0023549902525380394461684135931633932159e-06
8913,-3.0023549795818067053166777052863878338940e-06
8914,-3.0023549820605291938108247912220249986603e-06
8915,-3.0023549872591151335199984723223209925891e-06
8916,-3.0023549902525380394461684135931633932159e-06
8917,-3.0023549795818067053166777052863878338940e-06
8918,-3.0023549820605291938108247912220249986603e-06
8919,-3.0023549872591151335199984723223209925891e-06
8920,-3.0023549902525380394461684135931633932159e-06
8921,-3.0023549795818067053166777052863878338940e-06
8922,-3.0023549820605291938108247912220249986603e-06
8923,-3.0023549902525380394461684135931633932159e-06
8924,-3.0023549795818067053166777052863878338940e-06
8925,-3.0023549820605291938108247912220249986603e-06
8926,-3.0023549872591151335199984723223209925891e-06
8927,-3.0023549902525380394461684135931633932159e-06
8928,-3.0023549795818067053166777052863878338940e-06
8929,-3.0023549820605291938108247912220249986603e-06
8930,-3.0023549872591151335199984723223209925891e-06
8931,-3.0023549902525380394461684135931633932159e-06
8932,-3.0023549795818067053166777052863878338940e-06
8933,-3.0023549820605291938108247912220249986603e-06
8934,-3.0023549902525380394461684135931633932159e-06
8935,-3.0023549795818067053166777052863878338940e-06
8936,-3.0023549820605291938108247912220249986603e-06
8937,-3.0023549872591151335199984723223209925891e-06
8938,-3.0023549894479736301013041849250484460754e-06
8939,-3.0023549902525380394461684135931633932159e-06
8940,-3.0023549795818067053166777052863878338940e-06
8941,-3.0023549820605291938108247912220249986603e-06
8942,-3.0023549902525380394461684135931633932159e-06
8943,-3.0023549795818067053166777052863878338940e-06
8944,-3.0023549820605291938108247912220249986603e-06
8945,-3.0023549872591151335199984723223209925891e-06
8946,-3.0023549894479736301013041849250484460754e-06
8947,-3.0023549902525380394461684135931633932159e-06
8948,-3.0023549795818067053166777052863878338940e-06
8949,-3.0023549820605291938108247912220249986603e-06
8950,-3.0023549902525380394461684135931633932159e-06
8951,-3.0023549795818067053166777052863878338940e-06
8952,-3.0023549820605291938108247912220249986603e-06
8953,-3.0023549902525380394461684135931633932159e-06
8954,-3.0023549795818067053166777052863878338940e-06
8955,-3.0023549820605291938108247912220249986603e-06
8956,-3.0023549872591151335199984723223209925891e-06
8957,-3.0023549894479736301013041849250484460754e-06
8958,-3.0023549902525380394461684135931633932159e-06
8959,-3.0023549795818067053166777052863878338940e-06
8960,-3.0023549820605291938108247912220249986603e-06
8961,-3.0023549902525380394461684135931633932159e-06
8962,-3.0023549795818067053166777052863878338940e-06
8963,-3.0023549820605291938108247912220249986603e-06
8964,-3.0023549872591151335199984723223209925891e-06
8965,-3.0023549894479736301013041849250484460754e-06
8966,-3.0023549902525380394461684135931633932159e-06
8967,-3.0023549795818067053166777052863878338940e-06
8968,-3.0023549820605291938108247912220249986603e-06
8969,-3.0023549902525380394461684135931633932159e-06
8970,-3.0023549795818067053166777052863878338940e-06
8971,-3.0023549820605291938108247912220249986603e-06
8972,-3.0023549902525380394461684135931633932159e-06
8973,-3.0023549769323333860843779768989847411831e-06
8974,-3.0023549898935553120044288782919394975579e-06
8975,-3.0023549861484292053891674567633884862516e-06
8976,-3.0023549820605291938108247912220249986603e-06
8977,-3.0023549902525380394461684135931633932159e-06
8978,-3.0023549795818067053166777052863878338940e-06
8979,-3.0023549820605291938108247912220249986603e-06
8980,-3.0023549849761415356198465675952036235685e-06
8981,-3.0023549804264264557042505426887046837692e-06
8982,-3.0023549745790412304855421937732629089624e-06
8983,-3.0023549804264264557042505426887046837692e-06
8984,-3.0023549745790412304855421937732629089624e-06
8985,-3.0023549803323105073524570962639756999124e-06
8986,-3.0023549894554427666301926053149529138864e-06
8987,-3.0023549855233320193261762481862220397488e-06
8988,-3.0023549804264264557042505426887046837692e-06
8989,-3.0023549745790412304855421937732629089624e-06
8990,-3.0023549804264264557042505426887046837692e-06
8991,-3.0023549745790412304855421937732629089624e-06
8992,-3.0023549804264264557042505426887046837692e-06
8993,-3.0023549745790412304855421937732629089624e-06
8994,-3.0023549804264264557042505426887046837692e-06
8995,-3.0023549745790412304855421937732629089624e-06
8996,-3.0023549804264264557042505426887046837692e-06
8997,-3.0023549745790412304855421937732629089624e-06
8998,-3.0023549804264264557042505426887046837692e-06
8999,-3.0023549745790412304855421937732629089624e-06
9000,-3.0023549804264264557042505426887046837692e-06
9001,-3.0023549745790412304855421937732629089624e-06
9002,-3.0023549804264264557042505426887046837692e-06
9003,-3.0023549745790412304855421937732629089624e-06
9004,-3.0023549804264264557042505426887046837692e-06
9005,-3.0023549745790412304855421937732629089624e-06
9006,-3.0023549803323105073524570962639756999124e-06
9007,-3.0023549894554427666301926053149529138864e-06
9008,-3.0023549855233320193261762481862220397488e-06
9009,-3.0023549804264264557042505426887046837692e-06
9010,-3.0023549745790412304855421937732629089624e-06
9011,-3.0023549804264264557042505426887046837692e-06
9012,-3.0023549745790412304855421937732629089624e-06
9013,-3.0023549804264264557042505426887046837692e-06
9014,-3.0023549745790412304855421937732629089624e-06
9015,-3.0023549804264264557042505426887046837692e-06
9016,-3.0023549745790412304855421937732629089624e-06
9017,-3.0023549804264264557042505426887046837692e-06
9018,-3.0023549745790412304855421937732629089624e-06
9019,-3.0023549804264264557042505426887046837692e-06
9020,-3.0023549745790412304855421937732629089624e-06
9021,-3.0023549804264264557042505426887046837692e-06
9022,-3.0023549745790412304855421937732629089624e-06
9023,-3.0023549804264264557042505426887046837692e-06
9024,-3.0023549745790412304855421937732629089624e-06
9025,-3.0023549804264264557042505426887046837692e-06
9026,-3.0023549745790412304855421937732629089624e-06
9027,-3.0023549803323105073524570962639756999124e-06
9028,-3.0023549894554427666301926053149529138864e-06
9029,-3.0023549855233320193261762481862220397488e-06
9030,-3.0023549804264264557042505426887046837692e-06
9031,-3.0023549745790412304855421937732629089624e-06
9032,-3.0023549804264264557042505426887046837692e-06
9033,-3.0023549745790412304855421937732629089624e-06
9034,-3.0023549804264264557042505426887046837692e-06
9035,-3.0023549745790412304855421937732629089624e-06
9036,-3.0023549804264264557042505426887046837692e-06
9037,-3.0023549745790412304855421937732629089624e-06
9038,-3.0023549804264264557042505426887046837692e-06
9039,-3.0023549745790412304855421937732629089624e-06
9040,-3.0023549804264264557042505426887046837692e-06
9041,-3.0023549812397313980318318965556656507943e-06
9042,-3.0023549836859633967351985300853201010796e-06
9043,-3.0023549795818067053166777052863878338940e-06
9044,-3.0023549820605291938108247912220249986603e-06
9045,-3.0023549872591151335199984723223209925891e-06
9046,-3.0023549902525380394461684135931633932159e-06
9047,-3.0023549795818067053166777052863878338940e-06
9048,-3.0023549820605291938108247912220249986603e-06
9049,-3.0023549902525380394461684135931633932159e-06
9050,-3.0023549795818067053166777052863878338940e-06
9051,-3.0023549820605291938108247912220249986603e-06
9052,-3.0023549872591151335199984723223209925891e-06
9053,-3.0023549902525380394461684135931633932159e-06
9054,-3.0023549795818067053166777052863878338940e-06
9055,-3.0023549820605291938108247912220249986603e-06
9056,-3.0023549872591151335199984723223209925891e-06
9057,-3.0023549902525380394461684135931633932159e-06
9058,-3.0023549795818067053166777052863878338940e-06
9059,-3.0023549820605291938108247912220249986603e-06
9060,-3.0023549872591151335199984723223209925891e-06
9061,-3.0023549902525380394461684135931633932159e-06
9062,-3.0023549795818067053166777052863878338940e-06
9063,-3.0023549820605291938108247912220249986603e-06
9064,-3.0023549872591151335199984723223209925891e-06
9065,-3.0023549902525380394461684135931633932159e-06
9066,-3.0023549795818067053166777052863878338940e-06
9067,-3.0023549820605291938108247912220249986603e-06
9068,-3.0023549872591151335199984723223209925891e-06
9069,-3.0023549902525380394461684135931633932159e-06
9070,-3.0023549795818067053166777052863878338940e-06
9071,-3.0023549820605291938108247912220249986603e-06
9072,-3.0023549902525380394461684135931633932159e-06
9073,-3.0023549795818067053166777052863878338940e-06
9074,-3.0023549820605291938108247912220249986603e-06
9075,-3.0023549872591151335199984723223209925891e-06
9076,-3.0023549902525380394461684135931633932159e-06
9077,-3.0023549795818067053166777052863878338940e-06
9078,-3.0023549820605291938108247912220249986603e-06
9079,-3.0023549872591151335199984723223209925891e-06
9080,-3.0023549902525380394461684135931633932159e-06
9081,-3.0023549795818067053166777052863878338940e-06
9082,-3.0023549820605291938108247912220249986603e-06
9083,-3.0023549872591151335199984723223209925891e-06
9084,-3.0023549902525380394461684135931633932159e-06
9085,-3.0023549795818067053166777052863878338940e-06
9086,-3.0023549820605291938108247912220249986603e-06
9087,-3.0023549872591151335199984723223209925891e-06
9088,-3.0023549902525380394461684135931633932159e-06
9089,-3.0023549795818067053166777052863878338940e-06
9090,-3.0023549820605291938108247912220249986603e-06
9091,-3.0023549902525380394461684135931633932159e-06
9092,-3.0023549795818067053166777052863878338940e-06
9093,-3.0023549820605291938108247912220249986603e-06
9094,-3.0023549872591151335199984723223209925891e-06
9095,-3.0023549902525380394461684135931633932159e-06
9096,-3.0023549795818067053166777052863878338940e-06
9097,-3.0023549820605291938108247912220249986603e-06
9098,-3.0023549872591151335199984723223209925891e-06
9099,-3.0023549902525380394461684135931633932159e-06
9100,-3.0023549795818067053166777052863878338940e-06
9101,-3.0023549820605291938108247912220249986603e-06
9102,-3.0023549872591151335199984723223209925891e-06
9103,-3.0023549902525380394461684135931633932159e-06
9104,-3.0023549795818067053166777052863878338940e-06
9105,-3.0023549820605291938108247912220249986603e-06
9106,-3.0023549872591151335199984723223209925891e-06
9107,-3.0023549902525380394461684135931633932159e-06
9108,-3.0023549795818067053166777052863878338940e-06
9109,-3.0023549820605291938108247912220249986603e-06
9110,-3.0023549872591151335199984723223209925891e-06
9111,-3.0023549902525380394461684135931633932159e-06
9112,-3.0023549795818067053166777052863878338940e-06
9113,-3.0023549820605291938108247912220249986603e-06
9114,-3.0023549902525380394461684135931633932159e-06
9115,-3.0023549795818067053166777052863878338940e-06
9116,-3.0023549820605291938108247912220249986603e-06
9117,-3.0023549872591151335199984723223209925891e-06
9118,-3.0023549902525380394461684135931633932159e-06
9119,-3.0023549795818067053166777052863878338940e-06
9120,-3.0023549820605291938108247912220249986603e-06
9121,-3.0023549872591151335199984723223209925891e-06
9122,-3.0023549902525380394461684135931633932159e-06
9123,-3.0023549795818067053166777052863878338940e-06
9124,-3.0023549820605291938108247912220249986603e-06
9125,-3.0023549872591151335199984723223209925891e-06
9126,-3.0023549902525380394461684135931633932159e-06
9127,-3.0023549795818067053166777052863878338940e-06
9128,-3.0023549820605291938108247912220249986603e-06
9129,-3.0023549872591151335199984723223209925891e-06
9130,-3.0023549902525380394461684135931633932159e-06
9131,-3.0023549795818067053166777052863878338940e-06
9132,-3.0023549820605291938108247912220249986603e-06
9133,-3.0023549902525380394461684135931633932159e-06
9134,-3.0023549795818067053166777052863878338940e-06
9135,-3.0023549820605291938108247912220249986603e-06
9136,-3.0023549872591151335199984723223209925891e-06
9137,-3.0023549902525380394461684135931633932159e-06
9138,-3.0023549795818067053166777052863878338940e-06
9139,-3.0023549820605291938108247912220249986603e-06
9140,-3.0023549872591151335199984723223209925891e-06
9141,-3.0023549902525380394461684135931633932159e-06
9142,-3.0023549795818067053166777052863878338940e-06
9143,-3.0023549820605291938108247912220249986603e-06
9144,-3.0023549872591151335199984723223209925891e-06
9145,-3.0023549902525380394461684135931633932159e-06
9146,-3.0023549795818067053166777052863878338940e-06
9147,-3.0023549820605291938108247912220249986603e-06
9148,-3.0023549872591151335199984723223209925891e-06
9149,-3.0023549902525380394461684135931633932159e-06
9150,-3.0023549795818067053166777052863878338940e-06
9151,-3.0023549820605291938108247912220249986603e-06
9152,-3.0023549872591151335199984723223209925891e-06
9153,-3.0023549902525380394461684135931633932159e-06
9154,-3.0023549795818067053166777052863878338940e-06
9155,-3.0023549820605291938108247912220249986603e-06
9156,-3.0023549902525380394461684135931633932159e-06
9157,-3.0023549795818067053166777052863878338940e-06
9158,-3.0023549820605291938108247912220249986603e-06
9159,-3.0023549872591151335199984723223209925891e-06
9160,-3.0023549902525380394461684135931633932159e-06
9161,-3.0023549795818067053166777052863878338940e-06
9162,-3.0023549820605291938108247912220249986603e-06
9163,-3.0023549872591151335199984723223209925891e-06
9164,-3.0023549902525380394461684135931633932159e-06
9165,-3.0023549795818067053166777052863878338940e-06
9166,-3.0023549820605291938108247912220249986603e-06
9167,-3.0023549872591151335199984723223209925891e-06
9168,-3.0023549902525380394461684135931633932159e-06
9169,-3.0023549795818067053166777052863878338940e-06
9170,-3.0023549820605291938108247912220249986603e-06
9171,-3.0023549872591151335199984723223209925891e-06
9172,-3.0023549902525380394461684135931633932159e-06
9173,-3.0023549795818067053166777052863878338940e-06
9174,-3.0023549820605291938108247912220249986603e-06
9175,-3.0023549872591151335199984723223209925891e-06
9176,-3.0023549902525380394461684135931633932159e-06
9177,-3.0023549795818067053166777052863878338940e-06
9178,-3.0023549820605291938108247912220249986603e-06
9179,-3.0023549902525380394461684135931633932159e-06
9180,-3.0023549795818067053166777052863878338940e-06
9181,-3.0023549820605291938108247912220249986603e-06
9182,-3.0023549872591151335199984723223209925891e-06
9183,-3.0023549902525380394461684135931633932159e-06
9184,-3.0023549769323333860843779768989847411831e-06
9185,-3.0023549898935553120044288782919394975579e-06
9186,-3.0023549856865904201293909769887591210136e-06
9187,-3.0023549766586782166501948948544864492760e-06
9188,-3.0023549789492645231637948238789803667714e-06
9189,-3.0023549856865904201293909769887591210136e-06
9190,-3.0023549766586782166501948948544864492760e-06
9191,-3.0023549789492645231637948238789803667714e-06
9192,-3.0023549889711008570607111284322954247727e-06
9193,-3.0023549877046972389395967928393815782329e-06
9194,-3.0023549856865904201293909769887591210136e-06
9195,-3.0023549766586782166501948948544864492760e-06
9196,-3.0023549789492645231637948238789803667714e-06
9197,-3.0023549856865904201293909769887591210136e-06
9198,-3.0023549766586782166501948948544864492760e-06
9199,-3.0023549789492645231637948238789803667714e-06
9200,-3.0023549856865904201293909769887591210136e-06
9201,-3.0023549766586782166501948948544864492760e-06
9202,-3.0023549789492645231637948238789803667714e-06
9203,-3.0023549889711008570607111284322954247727e-06
9204,-3.0023549877046972389395967928393815782329e-06
9205,-3.0023549856865904201293909769887591210136e-06
9206,-3.0023549766586782166501948948544864492760e-06
9207,-3.0023549789492645231637948238789803667714e-06
9208,-3.0023549856865904201293909769887591210136e-06
9209,-3.0023549766586782166501948948544864492760e-06
9210,-3.0023549789492645231637948238789803667714e-06
9211,-3.0023549889711008570607111284322954247727e-06
9212,-3.0023549877046972389395967928393815782329e-06
9213,-3.0023549856865904201293909769887591210136e-06
9214,-3.0023549766586782166501948948544864492760e-06
9215,-3.0023549789492645231637948238789803667714e-06
9216,-3.0023549856865904201293909769887591210136e-06
9217,-3.0023549766586782166501948948544864492760e-06
9218,-3.0023549789492645231637948238789803667714e-06
9219,-3.0023549856865904201293909769887591210136e-06
9220,-3.0023549766586782166501948948544864492760e-06
9221,-3.0023549789492645231637948238789803667714e-06
9222,-3.0023549889711008570607111284322954247727e-06
9223,-3.0023549877046972389395967928393815782329e-06
9224,-3.0023549856865904201293909769887591210136e-06
9225,-3.0023549766586782166501948948544864492760e-06
9226,-3.0023549789492645231637948238789803667714e-06
9227,-3.0023549856865904201293909769887591210136e-06
9228,-3.0023549766586782166501948948544864492760e-06
9229,-3.0023549789492645231637948238789803667714e-06
9230,-3.0023549889711008570607111284322954247727e-06
9231,-3.0023549877046972389395967928393815782329e-06
9232,-3.0023549856865904201293909769887591210136e-06
9233,-3.0023549766586782166501948948544864492760e-06
9234,-3.0023549789492645231637948238789803667714e-06
9235,-3.0023549856865904201293909769887591210136e-06
9236,-3.0023549766586782166501948948544864492760e-06
9237,-3.0023549789492645231637948238789803667714e-06
9238,-3.0023549889711008570607111284322954247727e-06
9239,-3.0023549877046972389395967928393815782329e-06
9240,-3.0023549856865904201293909769887591210136e-06
9241,-3.0023549766586782166501948948544864492760e-06
9242,-3.0023549789492645231637948238789803667714e-06
9243,-3.0023549856865904201293909769887591210136e-06
9244,-3.0023549766586782166501948948544864492760e-06
9245,-3.0023549789492645231637948238789803667714e-06
9246,-3.0023549856865904201293909769887591210136e-06
9247,-3.0023549766586782166501948948544864492760e-06
9248,-3.0023549789492645231637948238789803667714e-06
9249,-3.0023549889711008570607111284322954247727e-06
9250,-3.0023549877046972389395967928393815782329e-06
9251,-3.0023549856865904201293909769887591210136e-06
9252,-3.0023549766586782166501948948544864492760e-06
9253,-3.0023549789492645231637948238789803667714e-06
9254,-3.0023549856865904201293909769887591210136e-06
9255,-3.0023549766586782166501948948544864492760e-06
9256,-3.0023549789492645231637948238789803667714e-06
9257,-3.0023549889711008570607111284322954247727e-06
9258,-3.0023549877046972389395967928393815782329e-06
9259,-3.0023549856865904201293909769887591210136e-06
9260,-3.0023549766586782166501948948544864492760e-06
9261,-3.0023549789492645231637948238789803667714e-06
9262,-3.0023549856865904201293909769887591210136e-06
9263,-3.0023549766586782166501948948544864492760e-06
9264,-3.0023549789492645231637948238789803667714e-06
9265,-3.0023549856865904201293909769887591210136e-06
9266,-3.0023549766586782166501948948544864492760e-06
9267,-3.0023549789492645231637948238789803667714e-06
9268,-3.0023549889711008570607111284322954247727e-06
9269,-3.0023549877046972389395967928393815782329e-06
9270,-3.0023549856865904201293909769887591210136e-06
9271,-3.0023549766586782166501948948544864492760e-06
9272,-3.0023549789492645231637948238789803667714e-06
9273,-3.0023549856865904201293909769887591210136e-06
9274,-3.0023549766586782166501948948544864492760e-06
9275,-3.0023549789492645231637948238789803667714e-06
9276,-3.0023549889711008570607111284322954247727e-06
9277,-3.0023549877046972389395967928393815782329e-06
9278,-3.0023549856865904201293909769887591210136e-06
9279,-3.0023549766586782166501948948544864492760e-06
9280,-3.0023549789492645231637948238789803667714e-06
9281,-3.0023549856865904201293909769887591210136e-06
9282,-3.0023549766586782166501948948544864492760e-06
9283,-3.0023549789492645231637948238789803667714e-06
9284,-3.0023549856865904201293909769887591210136e-06
9285,-3.0023549766586782166501948948544864492760e-06
9286,-3.0023549789492645231637948238789803667714e-06
9287,-3.0023549889711008570607111284322954247727e-06
9288,-3.0023549877046972389395967928393815782329e-06
9289,-3.0023549856865904201293909769887591210136e-06
9290,-3.0023549766586782166501948948544864492760e-06
9291,-3.0023549789492645231637948238789803667714e-06
9292,-3.0023549856865904201293909769887591210136e-06
9293,-3.0023549766586782166501948948544864492760e-06
9294,-3.0023549789492645231637948238789803667714e-06
9295,-3.0023549889711008570607111284322954247727e-06
9296,-3.0023549877046972389395967928393815782329e-06
9297,-3.0023549856865904201293909769887591210136e-06
9298,-3.0023549766586782166501948948544864492760e-06
9299,-3.0023549789492645231637948238789803667714e-06
9300,-3.0023549856865904201293909769887591210136e-06
9301,-3.0023549766586782166501948948544864492760e-06
9302,-3.0023549789492645231637948238789803667714e-06
9303,-3.0023549889711008570607111284322954247727e-06
9304,-3.0023549877046972389395967928393815782329e-06
9305,-3.0023549856865904201293909769887591210136e-06
9306,-3.0023549766586782166501948948544864492760e-06
9307,-3.0023549789492645231637948238789803667714e-06
9308,-3.0023549856865904201293909769887591210136e-06
9309,-3.0023549766586782166501948948544864492760e-06
9310,-3.0023549789492645231637948238789803667714e-06
9311,-3.0023549856865904201293909769887591210136e-06
9312,-3.0023549766586782166501948948544864492760e-06
9313,-3.0023549789492645231637948238789803667714e-06
9314,-3.0023549889711008570607111284322954247727e-06
9315,-3.0023549877046972389395967928393815782329e-06
9316,-3.0023549856865904201293909769887591210136e-06
9317,-3.0023549766586782166501948948544864492760e-06
9318,-3.0023549789492645231637948238789803667714e-06
9319,-3.0023549856865904201293909769887591210136e-06
9320,-3.0023549766586782166501948948544864492760e-06
9321,-3.0023549789492645231637948238789803667714e-06
9322,-3.0023549889711008570607111284322954247727e-06
9323,-3.0023549877046972389395967928393815782329e-06
9324,-3.0023549856865904201293909769887591210136e-06
9325,-3.0023549766586782166501948948544864492760e-06
9326,-3.0023549789492645231637948238789803667714e-06
9327,-3.0023549856865904201293909769887591210136e-06
9328,-3.0023549766586782166501948948544864492760e-06
9329,-3.0023549789492645231637948238789803667714e-06
9330,-3.0023549856865904201293909769887591210136e-06
9331,-3.0023549766586782166501948948544864492760e-06
9332,-3.0023549789492645231637948238789803667714e-06
9333,-3.0023549889711008570607111284322954247727e-06
9334,-3.0023549877046972389395967928393815782329e-06
9335,-3.0023549856865904201293909769887591210136e-06
9336,-3.0023549766586782166501948948544864492760e-06
9337,-3.0023549789492645231637948238789803667714e-06
9338,-3.0023549856865904201293909769887591210136e-06
9339,-3.0023549766586782166501948948544864492760e-06
9340,-3.0023549789492645231637948238789803667714e-06
9341,-3.0023549889711008570607111284322954247727e-06
9342,-3.0023549877046972389395967928393815782329e-06
9343,-3.0023549858093017772640159757102651383320e-06
9344,1.4428456909790239155771789076666039855039e-16
9345,1.8525538026237998896436671989490011581183e-16
9346,-3.0034986185959871892033837964541831411225e-06
9347,-3.0034986264436165789241256485198050540930e-06
9348,-3.0034986280853078852051511737908384702678e-06
9349,-3.0034986394378139209972600892628591395805e-06
9350,-3.0034986207848456857846895090569105946088e-06
9351,-3.0034986264436165789241256485198050540930e-06
9352,-3.0034986280853078852051511737908384702678e-06
9353,-3.0034986394378139209972600892628591395805e-06
9354,-3.0034986207848456857846895090569105946088e-06
9355,-3.0034986264436165789241256485198050540930e-06
9356,-3.0034986280853078852051511737908384702678e-06
9357,-3.0034986394378139209972600892628591395805e-06
9358,-3.0034986207848456857846895090569105946088e-06
9359,-3.0034986264436165789241256485198050540930e-06
9360,-3.0034986280853078852051511737908384702678e-06
9361,-3.0034986394378139209972600892628591395805e-06
9362,-3.0034986207848456857846895090569105946088e-06
9363,-3.0034986264436165789241256485198050540930e-06
9364,-3.0034986280853078852051511737908384702678e-06
9365,-3.0034986394378139209972600892628591395805e-06
9366,-3.0034986207848456857846895090569105946088e-06
9367,-3.0034986264436165789241256485198050540930e-06
9368,-3.0034986284935227086401524076997304746328e-06
9369,-3.0034986207848456857846895090569105946088e-06
9370,-3.0034986264436165789241256485198050540930e-06
9371,-3.0034986280853078852051511737908384702678e-06
9372,-3.0034986394378139209972600892628591395805e-06
9373,-3.0034986207848456857846895090569105946088e-06
9374,-3.0034986264436165789241256485198050540930e-06
9375,-3.0034986280853078852051511737908384702678e-06
9376,-3.0034986394378139209972600892628591395805e-06
9377,-3.0034986207848456857846895090569105946088e-06
9378,-3.0034986264436165789241256485198050540930e-06
9379,-3.0034986284935227086401524076997304746328e-06
9380,-3.0034986207848456857846895090569105946088e-06
9381,-3.0034986264436165789241256485198050540930e-06
9382,-3.0034986280853078852051511737908384702678e-06
9383,-3.0034986280853078852051511737908384702678e-06
9384,-3.0034986394378139209972600892628591395805e-06
9385,-3.0034986207848456857846895090569105946088e-06
9386,-3.0034986264436165789241256485198050540930e-06
9387,-3.0034986284935227086401524076997304746328e-06
9388,-3.0034986207848456857846895090569105946088e-06
9389,-3.0034986264436165789241256485198050540930e-06
9390,-3.0034986280853078852051511737908384702678e-06
9391,-3.0034986280853078852051511737908384702678e-06
9392,-3.0034986394378139209972600892628591395805e-06
9393,-3.0034986207848456857846895090569105946088e-06
9394,-3.0034986264436165789241256485198050540930e-06
9395,-3.0034986284935227086401524076997304746328e-06
9396,-3.0034986207848456857846895090569105946088e-06
9397,-3.0034986264436165789241256485198050540930e-06
9398,-3.0034986284935227086401524076997304746328e-06
9399,-3.0034986207848456857846895090569105946088e-06
9400,-3.0034986264436165789241256485198050540930e-06
9401,-3.0034986280853078852051511737908384702678e-06
9402,-3.0034986280853078852051511737908384702678e-06
9403,-3.0034986394378139209972600892628591395805e-06
9404,-3.0034986207848456857846895090569105946088e-06
9405,-3.0034986264436165789241256485198050540930e-06
9406,-3.0034986284935227086401524076997304746328e-06
9407,-3.0034986207848456857846895090569105946088e-06
9408,-3.0034986264436165789241256485198050540930e-06
9409,-3.0034986280853078852051511737908384702678e-06
9410,-3.0034986280853078852051511737908384702678e-06
9411,-3.0034986394378139209972600892628591395805e-06
9412,-3.0034986207848456857846895090569105946088e-06
9413,-3.0034986264436165789241256485198050540930e-06
9414,-3.0034986284935227086401524076997304746328e-06
9415,-3.0034986207848456857846895090569105946088e-06
9416,-3.0034986264436165789241256485198050540930e-06
9417,-3.0034986284935227086401524076997304746328e-06
9418,-3.0034986171885949370117911694233470143445e-06
9419,-3.0034986325582762743853504350255434474093e-06
9420,-3.0034986372013293028906868314953371168485e-06
9421,-3.0034986264436165789241256485198050540930e-06
9422,-3.0034986284935227086401524076997304746328e-06
9423,-3.0034986207848456857846895090569105946088e-06
9424,-3.0034986264436165789241256485198050540930e-06
9425,-3.0034986192365626318280264622773145788415e-06
9426,-3.0034986170000542967989300841002986430794e-06
9427,-3.0034986181421096666148504855664569390683e-06
9428,-3.0034986104334796540879602005924553509431e-06
9429,-3.0034986181421096666148504855664569390683e-06
9430,-3.0034986119818105654061431153412087269317e-06
9431,-3.0034986213777471495225447617460901028608e-06
9432,-3.0034986334641170251016223380347014426661e-06
9433,-3.0034986104334796540879602005924553509431e-06
9434,-3.0034986181421096666148504855664569390683e-06
9435,-3.0034986104334796540879602005924553509431e-06
9436,-3.0034986181421096666148504855664569390683e-06
9437,-3.0034986104334796540879602005924553509431e-06
9438,-3.0034986181421096666148504855664569390683e-06
9439,-3.0034986104334796540879602005924553509431e-06
9440,-3.0034986181421096666148504855664569390683e-06
9441,-3.0034986104334796540879602005924553509431e-06
9442,-3.0034986181421096666148504855664569390683e-06
9443,-3.0034986104334796540879602005924553509431e-06
9444,-3.0034986181421096666148504855664569390683e-06
9445,-3.0034986104334796540879602005924553509431e-06
9446,-3.0034986181421096666148504855664569390683e-06
9447,-3.0034986104334796540879602005924553509431e-06
9448,-3.0034986181421096666148504855664569390683e-06
9449,-3.0034986104334796540879602005924553509431e-06
9450,-3.0034986181421096666148504855664569390683e-06
9451,-3.0034986119818105654061431153412087269317e-06
9452,-3.0034986213777471495225447617460901028608e-06
9453,-3.0034986334641170251016223380347014426661e-06
9454,-3.0034986104334796540879602005924553509431e-06
9455,-3.0034986181421096666148504855664569390683e-06
9456,-3.0034986104334796540879602005924553509431e-06
9457,-3.0034986181421096666148504855664569390683e-06
9458,-3.0034986104334796540879602005924553509431e-06
9459,-3.0034986181421096666148504855664569390683e-06
9460,-3.0034986104334796540879602005924553509431e-06
9461,-3.0034986181421096666148504855664569390683e-06
9462,-3.0034986104334796540879602005924553509431e-06
9463,-3.0034986181421096666148504855664569390683e-06
9464,-3.0034986104334796540879602005924553509431e-06
9465,-3.0034986181421096666148504855664569390683e-06
9466,-3.0034986104334796540879602005924553509431e-06
9467,-3.0034986181421096666148504855664569390683e-06
9468,-3.0034986104334796540879602005924553509431e-06
9469,-3.0034986181421096666148504855664569390683e-06
9470,-3.0034986104334796540879602005924553509431e-06
9471,-3.0034986181421096666148504855664569390683e-06
9472,-3.0034986119818105654061431153412087269317e-06
9473,-3.0034986213777471495225447617460901028608e-06
9474,-3.0034986334641170251016223380347014426661e-06
9475,-3.0034986104334796540879602005924553509431e-06
9476,-3.0034986181421096666148504855664569390683e-06
9477,-3.0034986104334796540879602005924553509431e-06
9478,-3.0034986181421096666148504855664569390683e-06
9479,-3.0034986104334796540879602005924553509431e-06
9480,-3.0034986181421096666148504855664569390683e-06
9481,-3.0034986104334796540879602005924553509431e-06
9482,-3.0034986181421096666148504855664569390683e-06
9483,-3.0034986104334796540879602005924553509431e-06
9484,-3.0034986181421096666148504855664569390683e-06
9485,-3.0034986104334796540879602005924553509431e-06
9486,-3.0034986280852841682826280533813445572378e-06
9487,-3.0034986284935227086401524076997304746328e-06
9488,-3.0034986207848456857846895090569105946088e-06
9489,-3.0034986264436165789241256485198050540930e-06
9490,-3.0034986280853078852051511737908384702678e-06
9491,-3.0034986394378139209972600892628591395805e-06
9492,-3.0034986207848456857846895090569105946088e-06
9493,-3.0034986264436165789241256485198050540930e-06
9494,-3.0034986284935227086401524076997304746328e-06
9495,-3.0034986207848456857846895090569105946088e-06
9496,-3.0034986264436165789241256485198050540930e-06
9497,-3.0034986280853078852051511737908384702678e-06
9498,-3.0034986394378139209972600892628591395805e-06
9499,-3.0034986207848456857846895090569105946088e-06
9500,-3.0034986264436165789241256485198050540930e-06
9501,-3.0034986280853078852051511737908384702678e-06
9502,-3.0034986394378139209972600892628591395805e-06
9503,-3.0034986207848456857846895090569105946088e-06
9504,-3.0034986264436165789241256485198050540930e-06
9505,-3.0034986280853078852051511737908384702678e-06
9506,-3.0034986394378139209972600892628591395805e-06
9507,-3.0034986207848456857846895090569105946088e-06
9508,-3.0034986264436165789241256485198050540930e-06
9509,-3.0034986280853078852051511737908384702678e-06
9510,-3.0034986394378139209972600892628591395805e-06
9511,-3.0034986207848456857846895090569105946088e-06
9512,-3.0034986264436165789241256485198050540930e-06
9513,-3.0034986280853078852051511737908384702678e-06
9514,-3.0034986394378139209972600892628591395805e-06
9515,-3.0034986207848456857846895090569105946088e-06
9516,-3.0034986264436165789241256485198050540930e-06
9517,-3.0034986284935227086401524076997304746328e-06
9518,-3.0034986207848456857846895090569105946088e-06
9519,-3.0034986264436165789241256485198050540930e-06
9520,-3.0034986280853078852051511737908384702678e-06
9521,-3.0034986394378139209972600892628591395805e-06
9522,-3.0034986207848456857846895090569105946088e-06
9523,-3.0034986264436165789241256485198050540930e-06
9524,-3.0034986280853078852051511737908384702678e-06
9525,-3.0034986394378139209972600892628591395805e-06
9526,-3.0034986207848456857846895090569105946088e-06
9527,-3.0034986264436165789241256485198050540930e-06
9528,-3.0034986280853078852051511737908384702678e-06
9529,-3.0034986394378139209972600892628591395805e-06
9530,-3.0034986207848456857846895090569105946088e-06
9531,-3.0034986264436165789241256485198050540930e-06
9532,-3.0034986280853078852051511737908384702678e-06
9533,-3.0034986394378139209972600892628591395805e-06
9534,-3.0034986207848456857846895090569105946088e-06
9535,-3.0034986264436165789241256485198050540930e-06
9536,-3.0034986284935227086401524076997304746328e-06
9537,-3.0034986207848456857846895090569105946088e-06
9538,-3.0034986264436165789241256485198050540930e-06
9539,-3.0034986280853078852051511737908384702678e-06
9540,-3.0034986394378139209972600892628591395805e-06
9541,-3.0034986207848456857846895090569105946088e-06
9542,-3.0034986264436165789241256485198050540930e-06
9543,-3.0034986280853078852051511737908384702678e-06
9544,-3.0034986394378139209972600892628591395805e-06
9545,-3.0034986207848456857846895090569105946088e-06
9546,-3.0034986264436165789241256485198050540930e-06
9547,-3.0034986280853078852051511737908384702678e-06
9548,-3.0034986394378139209972600892628591395805e-06
9549,-3.0034986207848456857846895090569105946088e-06
9550,-3.0034986264436165789241256485198050540930e-06
9551,-3.0034986280853078852051511737908384702678e-06
9552,-3.0034986394378139209972600892628591395805e-06
9553,-3.0034986207848456857846895090569105946088e-06
9554,-3.0034986264436165789241256485198050540930e-06
9555,-3.0034986280853078852051511737908384702678e-06
9556,-3.0034986394378139209972600892628591395805e-06
9557,-3.0034986207848456857846895090569105946088e-06
9558,-3.0034986264436165789241256485198050540930e-06
9559,-3.0034986284935227086401524076997304746328e-06
9560,-3.0034986207848456857846895090569105946088e-06
9561,-3.0034986264436165789241256485198050540930e-06
9562,-3.0034986280853078852051511737908384702678e-06
9563,-3.0034986394378139209972600892628591395805e-06
9564,-3.0034986207848456857846895090569105946088e-06
9565,-3.0034986264436165789241256485198050540930e-06
9566,-3.0034986280853078852051511737908384702678e-06
9567,-3.0034986394378139209972600892628591395805e-06
9568,-3.0034986207848456857846895090569105946088e-06
9569,-3.0034986264436165789241256485198050540930e-06
9570,-3.0034986280853078852051511737908384702678e-06
9571,-3.0034986394378139209972600892628591395805e-06
9572,-3.0034986207848456857846895090569105946088e-06
9573,-3.0034986264436165789241256485198050540930e-06
9574,-3.0034986280853078852051511737908384702678e-06
9575,-3.0034986394378139209972600892628591395805e-06
9576,-3.0034986207848456857846895090569105946088e-06
9577,-3.0034986264436165789241256485198050540930e-06
9578,-3.0034986284935227086401524076997304746328e-06
9579,-3.0034986207848456857846895090569105946088e-06
9580,-3.0034986264436165789241256485198050540930e-06
9581,-3.0034986280853078852051511737908384702678e-06
9582,-3.0034986394378139209972600892628591395805e-06
9583,-3.0034986207848456857846895090569105946088e-06
9584,-3.0034986264436165789241256485198050540930e-06
9585,-3.0034986280853078852051511737908384702678e-06
9586,-3.0034986394378139209972600892628591395805e-06
9587,-3.0034986207848456857846895090569105946088e-06
9588,-3.0034986264436165789241256485198050540930e-06
9589,-3.0034986280853078852051511737908384702678e-06
9590,-3.0034986394378139209972600892628591395805e-06
9591,-3.0034986207848456857846895090569105946088e-06
9592,-3.0034986264436165789241256485198050540930e-06
9593,-3.0034986280853078852051511737908384702678e-06
9594,-3.0034986394378139209972600892628591395805e-06
9595,-3.0034986207848456857846895090569105946088e-06
9596,-3.0034986264436165789241256485198050540930e-06
9597,-3.0034986280853078852051511737908384702678e-06
9598,-3.0034986394378139209972600892628591395805e-06
9599,-3.0034986207848456857846895090569105946088e-06
9600,-3.0034986264436165789241256485198050540930e-06
9601,-3.0034986284935227086401524076997304746328e-06
9602,-3.0034986207848456857846895090569105946088e-06
9603,-3.0034986264436165789241256485198050540930e-06
9604,-3.0034986280853078852051511737908384702678e-06
9605,-3.0034986394378139209972600892628591395805e-06
9606,-3.0034986207848456857846895090569105946088e-06
9607,-3.0034986264436165789241256485198050540930e-06
9608,-3.0034986280853078852051511737908384702678e-06
9609,-3.0034986394378139209972600892628591395805e-06
9610,-3.0034986207848456857846895090569105946088e-06
9611,-3.0034986264436165789241256485198050540930e-06
9612,-3.0034986280853078852051511737908384702678e-06
9613,-3.0034986394378139209972600892628591395805e-06
9614,-3.0034986207848456857846895090569105946088e-06
9615,-3.0034986264436165789241256485198050540930e-06
9616,-3.0034986280853078852051511737908384702678e-06
9617,-3.0034986394378139209972600892628591395805e-06
9618,-3.0034986207848456857846895090569105946088e-06
9619,-3.0034986264436165789241256485198050540930e-06
9620,-3.0034986280853078852051511737908384702678e-06
9621,-3.0034986394378139209972600892628591395805e-06
9622,-3.0034986207848456857846895090569105946088e-06
9623,-3.0034986264436165789241256485198050540930e-06
9624,-3.0034986284935227086401524076997304746328e-06
9625,-3.0034986207848456857846895090569105946088e-06
9626,-3.0034986264436165789241256485198050540930e-06
9627,-3.0034986280853078852051511737908384702678e-06
9628,-3.0034986394378139209972600892628591395805e-06
9629,-3.0034986171885949370117911694233470143445e-06
9630,-3.0034986325582762743853504350255434474093e-06
9631,-3.0034986310429694836147181818963858290772e-06
9632,-3.0034986264911952666043469528656117972787e-06
9633,-3.0034986259917016316743805515177001552729e-06
9634,-3.0034986310429694836147181818963858290772e-06
9635,-3.0034986264911952666043469528656117972787e-06
9636,-3.0034986259917016316743805515177001552729e-06
9637,-3.0034986286801477838427978928059758345626e-06
9638,-3.0034986391248504935798466913832172053844e-06
9639,-3.0034986310429694836147181818963858290772e-06
9640,-3.0034986264911952666043469528656117972787e-06
9641,-3.0034986259917016316743805515177001552729e-06
9642,-3.0034986310429694836147181818963858290772e-06
9643,-3.0034986264911952666043469528656117972787e-06
9644,-3.0034986259917016316743805515177001552729e-06
9645,-3.0034986310429694836147181818963858290772e-06
9646,-3.0034986264911952666043469528656117972787e-06
9647,-3.0034986259917016316743805515177001552729e-06
9648,-3.0034986286801477838427978928059758345626e-06
9649,-3.0034986391248504935798466913832172053844e-06
9650,-3.0034986310429694836147181818963858290772e-06
9651,-3.0034986264911952666043469528656117972787e-06
9652,-3.0034986259917016316743805515177001552729e-06
9653,-3.0034986310429694836147181818963858290772e-06
9654,-3.0034986264911952666043469528656117972787e-06
9655,-3.0034986259917016316743805515177001552729e-06
9656,-3.0034986286801477838427978928059758345626e-06
9657,-3.0034986391248504935798466913832172053844e-06
9658,-3.0034986310429694836147181818963858290772e-06
9659,-3.0034986264911952666043469528656117972787e-06
9660,-3.0034986259917016316743805515177001552729e-06
9661,-3.0034986310429694836147181818963858290772e-06
9662,-3.0034986264911952666043469528656117972787e-06
9663,-3.0034986259917016316743805515177001552729e-06
9664,-3.0034986310429694836147181818963858290772e-06
9665,-3.0034986264911952666043469528656117972787e-06
9666,-3.0034986259917016316743805515177001552729e-06
9667,-3.0034986286801477838427978928059758345626e-06
9668,-3.0034986391248504935798466913832172053844e-06
9669,-3.0034986310429694836147181818963858290772e-06
9670,-3.0034986264911952666043469528656117972787e-06
9671,-3.0034986259917016316743805515177001552729e-06
9672,-3.0034986310429694836147181818963858290772e-06
9673,-3.0034986264911952666043469528656117972787e-06
9674,-3.0034986259917016316743805515177001552729e-06
9675,-3.0034986286801477838427978928059758345626e-06
9676,-3.0034986391248504935798466913832172053844e-06
9677,-3.0034986310429694836147181818963858290772e-06
9678,-3.0034986264911952666043469528656117972787e-06
9679,-3.0034986259917016316743805515177001552729e-06
9680,-3.0034986310429694836147181818963858290772e-06
9681,-3.0034986264911952666043469528656117972787e-06
9682,-3.0034986259917016316743805515177001552729e-06
9683,-3.0034986286801477838427978928059758345626e-06
9684,-3.0034986391248504935798466913832172053844e-06
9685,-3.0034986310429694836147181818963858290772e-06
9686,-3.0034986264911952666043469528656117972787e-06
9687,-3.0034986259917016316743805515177001552729e-06
9688,-3.0034986310429694836147181818963858290772e-06
9689,-3.0034986264911952666043469528656117972787e-06
9690,-3.0034986259917016316743805515177001552729e-06
9691,-3.0034986310429694836147181818963858290772e-06
9692,-3.0034986264911952666043469528656117972787e-06
9693,-3.0034986259917016316743805515177001552729e-06
9694,-3.0034986286801477838427978928059758345626e-06
9695,-3.0034986391248504935798466913832172053844e-06
9696,-3.0034986310429694836147181818963858290772e-06
9697,-3.0034986264911952666043469528656117972787e-06
9698,-3.0034986259917016316743805515177001552729e-06
9699,-3.0034986310429694836147181818963858290772e-06
9700,-3.0034986264911952666043469528656117972787e-06
9701,-3.0034986259917016316743805515177001552729e-06
9702,-3.0034986286801477838427978928059758345626e-06
9703,-3.0034986391248504935798466913832172053844e-06
9704,-3.0034986310429694836147181818963858290772e-06
9705,-3.0034986264911952666043469528656117972787e-06
9706,-3.0034986259917016316743805515177001552729e-06
9707,-3.0034986310429694836147181818963858290772e-06
9708,-3.0034986264911952666043469528656117972787e-06
9709,-3.0034986259917016316743805515177001552729e-06
9710,-3.0034986310429694836147181818963858290772e-06
9711,-3.0034986264911952666043469528656117972787e-06
9712,-3.0034986259917016316743805515177001552729e-06
9713,-3.0034986286801477838427978928059758345626e-06
9714,-3.0034986391248504935798466913832172053844e-06
9715,-3.0034986310429694836147181818963858290772e-06
9716,-3.0034986264911952666043469528656117972787e-06
9717,-3.0034986259917016316743805515177001552729e-06
9718,-3.0034986310429694836147181818963858290772e-06
9719,-3.0034986264911952666043469528656117972787e-06
9720,-3.0034986259917016316743805515177001552729e-06
9721,-3.0034986286801477838427978928059758345626e-06
9722,-3.0034986391248504935798466913832172053844e-06
9723,-3.0034986310429694836147181818963858290772e-06
9724,-3.0034986264911952666043469528656117972787e-06
9725,-3.0034986259917016316743805515177001552729e-06
9726,-3.0034986310429694836147181818963858290772e-06
9727,-3.0034986264911952666043469528656117972787e-06
9728,-3.0034986259917016316743805515177001552729e-06
9729,-3.0034986310429694836147181818963858290772e-06
9730,-3.0034986264911952666043469528656117972787e-06
9731,-3.0034986259917016316743805515177001552729e-06
9732,-3.0034986286801477838427978928059758345626e-06
9733,-3.0034986391248504935798466913832172053844e-06
9734,-3.0034986310429694836147181818963858290772e-06
9735,-3.0034986264911952666043469528656117972787e-06
9736,-3.0034986259917016316743805515177001552729e-06
9737,-3.0034986310429694836147181818963858290772e-06
9738,-3.0034986264911952666043469528656117972787e-06
9739,-3.0034986259917016316743805515177001552729e-06
9740,-3.0034986286801477838427978928059758345626e-06
9741,-3.0034986391248504935798466913832172053844e-06
9742,-3.0034986310429694836147181818963858290772e-06
9743,-3.0034986264911952666043469528656117972787e-06
9744,-3.0034986259917016316743805515177001552729e-06
9745,-3.0034986310429694836147181818963858290772e-06
9746,-3.0034986264911952666043469528656117972787e-06
9747,-3.0034986259917016316743805515177001552729e-06
9748,-3.0034986286801477838427978928059758345626e-06
9749,-3.0034986391248504935798466913832172053844e-06
9750,-3.0034986310429694836147181818963858290772e-06
9751,-3.0034986264911952666043469528656117972787e-06
9752,-3.0034986259917016316743805515177001552729e-06
9753,-3.0034986310429694836147181818963858290772e-06
9754,-3.0034986264911952666043469528656117972787e-06
9755,-3.0034986259917016316743805515177001552729e-06
9756,-3.0034986310429694836147181818963858290772e-06
9757,-3.0034986264911952666043469528656117972787e-06
9758,-3.0034986259917016316743805515177001552729e-06
9759,-3.0034986286801477838427978928059758345626e-06
9760,-3.0034986391248504935798466913832172053844e-06
9761,-3.0034986310429694836147181818963858290772e-06
9762,-3.0034986264911952666043469528656117972787e-06
9763,-3.0034986259917016316743805515177001552729e-06
9764,-3.0034986310429694836147181818963858290772e-06
9765,-3.0034986264911952666043469528656117972787e-06
9766,-3.0034986259917016316743805515177001552729e-06
9767,-3.0034986286801477838427978928059758345626e-06
9768,-3.0034986391248504935798466913832172053844e-06
9769,-3.0034986310429694836147181818963858290772e-06
9770,-3.0034986264911952666043469528656117972787e-06
9771,-3.0034986259917016316743805515177001552729e-06
9772,-3.0034986310429694836147181818963858290772e-06
9773,-3.0034986264911952666043469528656117972787e-06
9774,-3.0034986259917016316743805515177001552729e-06
9775,-3.0034986310429694836147181818963858290772e-06
9776,-3.0034986264911952666043469528656117972787e-06
9777,-3.0034986259917016316743805515177001552729e-06
9778,-3.0034986286801477838427978928059758345626e-06
9779,-3.0034986391248504935798466913832172053844e-06
9780,-3.0034986310429694836147181818963858290772e-06
9781,-3.0034986264911952666043469528656117972787e-06
9782,-3.0034986259917016316743805515177001552729e-06
9783,-3.0034986310429694836147181818963858290772e-06
9784,-3.0034986264911952666043469528656117972787e-06
9785,-3.0034986259917016316743805515177001552729e-06
9786,-3.0034986286801477838427978928059758345626e-06
9787,-3.0034986391248504935798466913832172053844e-06
9788,-3.0034986317278134091617123463402450056492e-06
9789,-1.2148790344441336576324128247973962578225e-16
9790,1.4295319748934740163809035962395711281255e-15
9791,-3.0048466438513201141012609607372496611788e-06
9792,-3.0048466499777730492871073708638363086720e-06
9793,-3.0048466642053985933282726078497049115867e-06
9794,-3.0048466728537388160003452491908504384810e-06
9795,-3.0048466504178947568122308442450929533152e-06
9796,-3.0048466499777730492871073708638363086720e-06
9797,-3.0048466642053985933282726078497049115867e-06
9798,-3.0048466728537388160003452491908504384810e-06
9799,-3.0048466504178947568122308442450929533152e-06
9800,-3.0048466499777730492871073708638363086720e-06
9801,-3.0048466642053985933282726078497049115867e-06
9802,-3.0048466728537388160003452491908504384810e-06
9803,-3.0048466504178947568122308442450929533152e-06
9804,-3.0048466499777730492871073708638363086720e-06
9805,-3.0048466642053985933282726078497049115867e-06
9806,-3.0048466728537388160003452491908504384810e-06
9807,-3.0048466504178947568122308442450929533152e-06
9808,-3.0048466499777730492871073708638363086720e-06
9809,-3.0048466642053985933282726078497049115867e-06
9810,-3.0048466728537388160003452491908504384810e-06
9811,-3.0048466504178947568122308442450929533152e-06
9812,-3.0048466499777730492871073708638363086720e-06
9813,-3.0048466640983061002245432802304492270196e-06
9814,-3.0048466504178947568122308442450929533152e-06
9815,-3.0048466499777730492871073708638363086720e-06
9816,-3.0048466642053985933282726078497049115867e-06
9817,-3.0048466728537388160003452491908504384810e-06
9818,-3.0048466504178947568122308442450929533152e-06
9819,-3.0048466499777730492871073708638363086720e-06
9820,-3.0048466642053985933282726078497049115867e-06
9821,-3.0048466728537388160003452491908504384810e-06
9822,-3.0048466504178947568122308442450929533152e-06
9823,-3.0048466499777730492871073708638363086720e-06
9824,-3.0048466640983061002245432802304492270196e-06
9825,-3.0048466504178947568122308442450929533152e-06
9826,-3.0048466499777730492871073708638363086720e-06
9827,-3.0048466642053985933282726078497049115867e-06
9828,-3.0048466598276820236821348097944195387754e-06
9829,-3.0048466728537388160003452491908504384810e-06
9830,-3.0048466504178947568122308442450929533152e-06
9831,-3.0048466499777730492871073708638363086720e-06
9832,-3.0048466640983061002245432802304492270196e-06
9833,-3.0048466504178947568122308442450929533152e-06
9834,-3.0048466499777730492871073708638363086720e-06
9835,-3.0048466642053985933282726078497049115867e-06
9836,-3.0048466598276820236821348097944195387754e-06
9837,-3.0048466728537388160003452491908504384810e-06
9838,-3.0048466504178947568122308442450929533152e-06
9839,-3.0048466499777730492871073708638363086720e-06
9840,-3.0048466640983061002245432802304492270196e-06
9841,-3.0048466504178947568122308442450929533152e-06
9842,-3.0048466499777730492871073708638363086720e-06
9843,-3.0048466640983061002245432802304492270196e-06
9844,-3.0048466504178947568122308442450929533152e-06
9845,-3.0048466499777730492871073708638363086720e-06
9846,-3.0048466642053985933282726078497049115867e-06
9847,-3.0048466598276820236821348097944195387754e-06
9848,-3.0048466728537388160003452491908504384810e-06
9849,-3.0048466504178947568122308442450929533152e-06
9850,-3.0048466499777730492871073708638363086720e-06
9851,-3.0048466640983061002245432802304492270196e-06
9852,-3.0048466504178947568122308442450929533152e-06
9853,-3.0048466499777730492871073708638363086720e-06
9854,-3.0048466642053985933282726078497049115867e-06
9855,-3.0048466598276820236821348097944195387754e-06
9856,-3.0048466728537388160003452491908504384810e-06
9857,-3.0048466504178947568122308442450929533152e-06
9858,-3.0048466499777730492871073708638363086720e-06
9859,-3.0048466640983061002245432802304492270196e-06
9860,-3.0048466504178947568122308442450929533152e-06
9861,-3.0048466499777730492871073708638363086720e-06
9862,-3.0048466640983061002245432802304492270196e-06
9863,-3.0048466553554259892105764151448710208570e-06
9864,-3.0048466461473185376313422417782206252923e-06
9865,-3.0048466520595860630932563695161263694899e-06
9866,-3.0048466521666311223519394563163942279971e-06
9867,-3.0048466640983061002245432802304492270196e-06
9868,-3.0048466504178947568122308442450929533152e-06
9869,-3.0048466499777730492871073708638363086720e-06
9870,-3.0048466693503906408822985707463004700912e-06
9871,-3.0048466590477823667283685526996350745321e-06
9872,-3.0048466534811453648441507968680497242531e-06
9873,-3.0048466634254989363745063507549204473435e-06
9874,-3.0048466534811453648441507968680497242531e-06
9875,-3.0048466537956978260706132621837838314605e-06
9876,-3.0048466491978966857393906070283762232975e-06
9877,-3.0048466512922872917793187114154918049280e-06
9878,-3.0048466634254989363745063507549204473435e-06
9879,-3.0048466534811453648441507968680497242531e-06
9880,-3.0048466634254989363745063507549204473435e-06
9881,-3.0048466534811453648441507968680497242531e-06
9882,-3.0048466634254989363745063507549204473435e-06
9883,-3.0048466534811453648441507968680497242531e-06
9884,-3.0048466634254989363745063507549204473435e-06
9885,-3.0048466534811453648441507968680497242531e-06
9886,-3.0048466634254989363745063507549204473435e-06
9887,-3.0048466534811453648441507968680497242531e-06
9888,-3.0048466634254989363745063507549204473435e-06
9889,-3.0048466534811453648441507968680497242531e-06
9890,-3.0048466634254989363745063507549204473435e-06
9891,-3.0048466534811453648441507968680497242531e-06
9892,-3.0048466634254989363745063507549204473435e-06
9893,-3.0048466534811453648441507968680497242531e-06
9894,-3.0048466634254989363745063507549204473435e-06
9895,-3.0048466534811453648441507968680497242531e-06
9896,-3.0048466537956978260706132621837838314605e-06
9897,-3.0048466491978966857393906070283762232975e-06
9898,-3.0048466512922872917793187114154918049280e-06
9899,-3.0048466634254989363745063507549204473435e-06
9900,-3.0048466534811453648441507968680497242531e-06
9901,-3.0048466634254989363745063507549204473435e-06
9902,-3.0048466534811453648441507968680497242531e-06
9903,-3.0048466634254989363745063507549204473435e-06
9904,-3.0048466534811453648441507968680497242531e-06
9905,-3.0048466634254989363745063507549204473435e-06
9906,-3.0048466534811453648441507968680497242531e-06
9907,-3.0048466634254989363745063507549204473435e-06
9908,-3.0048466534811453648441507968680497242531e-06
9909,-3.0048466634254989363745063507549204473435e-06
9910,-3.0048466534811453648441507968680497242531e-06
9911,-3.0048466634254989363745063507549204473435e-06
9912,-3.0048466534811453648441507968680497242531e-06
9913,-3.0048466634254989363745063507549204473435e-06
9914,-3.0048466534811453648441507968680497242531e-06
9915,-3.0048466634254989363745063507549204473435e-06
9916,-3.0048466534811453648441507968680497242531e-06
9917,-3.0048466537956978260706132621837838314605e-06
9918,-3.0048466491978966857393906070283762232975e-06
9919,-3.0048466512922872917793187114154918049280e-06
9920,-3.0048466634254989363745063507549204473435e-06
9921,-3.0048466534811453648441507968680497242531e-06
9922,-3.0048466634254989363745063507549204473435e-06
9923,-3.0048466534811453648441507968680497242531e-06
9924,-3.0048466634254989363745063507549204473435e-06
9925,-3.0048466534811453648441507968680497242531e-06
9926,-3.0048466634254989363745063507549204473435e-06
9927,-3.0048466534811453648441507968680497242531e-06
9928,-3.0048466634254989363745063507549204473435e-06
9929,-3.0048466534811453648441507968680497242531e-06
9930,-3.0048466634254989363745063507549204473435e-06
9931,-3.0048466527138694634197890048765700043987e-06
9932,-3.0048466619094480271597111947778913076945e-06
9933,-3.0048466504178947568122308442450929533152e-06
9934,-3.0048466499777730492871073708638363086720e-06
9935,-3.0048466642053985933282726078497049115867e-06
9936,-3.0048466728537388160003452491908504384810e-06
9937,-3.0048466504178947568122308442450929533152e-06
9938,-3.0048466499777730492871073708638363086720e-06
9939,-3.0048466640983061002245432802304492270196e-06
9940,-3.0048466504178947568122308442450929533152e-06
9941,-3.0048466499777730492871073708638363086720e-06
9942,-3.0048466642053985933282726078497049115867e-06
9943,-3.0048466728537388160003452491908504384810e-06
9944,-3.0048466504178947568122308442450929533152e-06
9945,-3.0048466499777730492871073708638363086720e-06
9946,-3.0048466642053985933282726078497049115867e-06
9947,-3.0048466728537388160003452491908504384810e-06
9948,-3.0048466504178947568122308442450929533152e-06
9949,-3.0048466499777730492871073708638363086720e-06
9950,-3.0048466642053985933282726078497049115867e-06
9951,-3.0048466728537388160003452491908504384810e-06
9952,-3.0048466504178947568122308442450929533152e-06
9953,-3.0048466499777730492871073708638363086720e-06
9954,-3.0048466642053985933282726078497049115867e-06
9955,-3.0048466728537388160003452491908504384810e-06
9956,-3.0048466504178947568122308442450929533152e-06
9957,-3.0048466499777730492871073708638363086720e-06
9958,-3.0048466642053985933282726078497049115867e-06
9959,-3.0048466728537388160003452491908504384810e-06
9960,-3.0048466504178947568122308442450929533152e-06
9961,-3.0048466499777730492871073708638363086720e-06
9962,-3.0048466640983061002245432802304492270196e-06
9963,-3.0048466504178947568122308442450929533152e-06
9964,-3.0048466499777730492871073708638363086720e-06
9965,-3.0048466642053985933282726078497049115867e-06
9966,-3.0048466728537388160003452491908504384810e-06
9967,-3.0048466504178947568122308442450929533152e-06
9968,-3.0048466499777730492871073708638363086720e-06
9969,-3.0048466642053985933282726078497049115867e-06
9970,-3.0048466728537388160003452491908504384810e-06
9971,-3.0048466504178947568122308442450929533152e-06
9972,-3.0048466499777730492871073708638363086720e-06
9973,-3.0048466642053985933282726078497049115867e-06
9974,-3.0048466728537388160003452491908504384810e-06
9975,-3.0048466504178947568122308442450929533152e-06
9976,-3.0048466499777730492871073708638363086720e-06
9977,-3.0048466642053985933282726078497049115867e-06
9978,-3.0048466728537388160003452491908504384810e-06
9979,-3.0048466504178947568122308442450929533152e-06
9980,-3.0048466499777730492871073708638363086720e-06
9981,-3.0048466640983061002245432802304492270196e-06
9982,-3.0048466504178947568122308442450929533152e-06
9983,-3.0048466499777730492871073708638363086720e-06
9984,-3.0048466642053985933282726078497049115867e-06
9985,-3.0048466728537388160003452491908504384810e-06
9986,-3.0048466504178947568122308442450929533152e-06
9987,-3.0048466499777730492871073708638363086720e-06
9988,-3.0048466642053985933282726078497049115867e-06
9989,-3.0048466728537388160003452491908504384810e-06
9990,-3.0048466504178947568122308442450929533152e-06
9991,-3.0048466499777730492871073708638363086720e-06
9992,-3.0048466642053985933282726078497049115867e-06
9993,-3.0048466728537388160003452491908504384810e-06
9994,-3.0048466504178947568122308442450929533152e-06
9995,-3.0048466499777730492871073708638363086720e-06
9996,-3.0048466642053985933282726078497049115867e-06
9997,-3.0048466728537388160003452491908504384810e-06
9998,-3.0048466504178947568122308442450929533152e-06
9999,-3.0048466499777730492871073708638363086720e-06
10000,-3.0048466642053985933282726078497049115867e-06
10001,-3.0048466728537388160003452491908504384810e-06
10002,-3.0048466504178947568122308442450929533152e-06
10003,-3.0048466499777730492871073708638363086720e-06
10004,-3.0048466640983061002245432802304492270196e-06
10005,-3.0048466504178947568122308442450929533152e-06
10006,-3.0048466499777730492871073708638363086720e-06
10007,-3.0048466642053985933282726078497049115867e-06
10008,-3.0048466728537388160003452491908504384810e-06
10009,-3.0048466504178947568122308442450929533152e-06
10010,-3.0048466499777730492871073708638363086720e-06
10011,-3.0048466642053985933282726078497049115867e-06
10012,-3.0048466728537388160003452491908504384810e-06
10013,-3.0048466504178947568122308442450929533152e-06
10014,-3.0048466499777730492871073708638363086720e-06
10015,-3.0048466642053985933282726078497049115867e-06
10016,-3.0048466728537388160003452491908504384810e-06
10017,-3.0048466504178947568122308442450929533152e-06
10018,-3.0048466499777730492871073708638363086720e-06
10019,-3.0048466642053985933282726078497049115867e-06
10020,-3.0048466728537388160003452491908504384810e-06
10021,-3.0048466504178947568122308442450929533152e-06
10022,-3.0048466499777730492871073708638363086720e-06
10023,-3.0048466640983061002245432802304492270196e-06
10024,-3.0048466504178947568122308442450929533152e-06
10025,-3.0048466499777730492871073708638363086720e-06
10026,-3.0048466642053985933282726078497049115867e-06
10027,-3.0048466728537388160003452491908504384810e-06
10028,-3.0048466504178947568122308442450929533152e-06
10029,-3.0048466499777730492871073708638363086720e-06
10030,-3.0048466642053985933282726078497049115867e-06
10031,-3.0048466728537388160003452491908504384810e-06
10032,-3.0048466504178947568122308442450929533152e-06
10033,-3.0048466499777730492871073708638363086720e-06
10034,-3.0048466642053985933282726078497049115867e-06
10035,-3.0048466728537388160003452491908504384810e-06
10036,-3.0048466504178947568122308442450929533152e-06
10037,-3.0048466499777730492871073708638363086720e-06
10038,-3.0048466642053985933282726078497049115867e-06
10039,-3.0048466728537388160003452491908504384810e-06
10040,-3.0048466504178947568122308442450929533152e-06
10041,-3.0048466499777730492871073708638363086720e-06
10042,-3.0048466642053985933282726078497049115867e-06
10043,-3.0048466728537388160003452491908504384810e-06
10044,-3.0048466504178947568122308442450929533152e-06
10045,-3.0048466499777730492871073708638363086720e-06
10046,-3.0048466640983061002245432802304492270196e-06
10047,-3.0048466504178947568122308442450929533152e-06
10048,-3.0048466499777730492871073708638363086720e-06
10049,-3.0048466642053985933282726078497049115867e-06
10050,-3.0048466728537388160003452491908504384810e-06
10051,-3.0048466504178947568122308442450929533152e-06
10052,-3.0048466499777730492871073708638363086720e-06
10053,-3.0048466642053985933282726078497049115867e-06
10054,-3.0048466728537388160003452491908504384810e-06
10055,-3.0048466504178947568122308442450929533152e-06
10056,-3.0048466499777730492871073708638363086720e-06
10057,-3.0048466642053985933282726078497049115867e-06
10058,-3.0048466728537388160003452491908504384810e-06
10059,-3.0048466504178947568122308442450929533152e-06
10060,-3.0048466499777730492871073708638363086720e-06
10061,-3.0048466642053985933282726078497049115867e-06
10062,-3.0048466728537388160003452491908504384810e-06
10063,-3.0048466504178947568122308442450929533152e-06
10064,-3.0048466499777730492871073708638363086720e-06
10065,-3.0048466642053985933282726078497049115867e-06
10066,-3.0048466728537388160003452491908504384810e-06
10067,-3.0048466504178947568122308442450929533152e-06
10068,-3.0048466499777730492871073708638363086720e-06
10069,-3.0048466640983061002245432802304492270196e-06
10070,-3.0048466504178947568122308442450929533152e-06
10071,-3.0048466499777730492871073708638363086720e-06
10072,-3.0048466642053985933282726078497049115867e-06
10073,-3.0048466728537388160003452491908504384810e-06
10074,-3.0048466553554259892105764151448710208570e-06
10075,-3.0048466461473185376313422417782206252923e-06
10076,-3.0048466519524931464730534147467011507615e-06
10077,-3.0048466630163824463671529141350902136764e-06
10078,-3.0048466680359001153126103506041388868653e-06
10079,-3.0048466519524931464730534147467011507615e-06
10080,-3.0048466630163824463671529141350902136764e-06
10081,-3.0048466680359001153126103506041388868653e-06
10082,-3.0048466460528265066509678860029453062452e-06
10083,-3.0048466505250346837610064126833364639424e-06
10084,-3.0048466519524931464730534147467011507615e-06
10085,-3.0048466630163824463671529141350902136764e-06
10086,-3.0048466680359001153126103506041388868653e-06
10087,-3.0048466519524931464730534147467011507615e-06
10088,-3.0048466630163824463671529141350902136764e-06
10089,-3.0048466680359001153126103506041388868653e-06
10090,-3.0048466519524931464730534147467011507615e-06
10091,-3.0048466630163824463671529141350902136764e-06
10092,-3.0048466680359001153126103506041388868653e-06
10093,-3.0048466460528265066509678860029453062452e-06
10094,-3.0048466505250346837610064126833364639424e-06
10095,-3.0048466519524931464730534147467011507615e-06
10096,-3.0048466630163824463671529141350902136764e-06
10097,-3.0048466680359001153126103506041388868653e-06
10098,-3.0048466519524931464730534147467011507615e-06
10099,-3.0048466630163824463671529141350902136764e-06
10100,-3.0048466680359001153126103506041388868653e-06
10101,-3.0048466460528265066509678860029453062452e-06
10102,-3.0048466505250346837610064126833364639424e-06
10103,-3.0048466519524931464730534147467011507615e-06
10104,-3.0048466630163824463671529141350902136764e-06
10105,-3.0048466680359001153126103506041388868653e-06
10106,-3.0048466519524931464730534147467011507615e-06
10107,-3.0048466630163824463671529141350902136764e-06
10108,-3.0048466680359001153126103506041388868653e-06
10109,-3.0048466519524931464730534147467011507615e-06
10110,-3.0048466630163824463671529141350902136764e-06
10111,-3.0048466680359001153126103506041388868653e-06
10112,-3.0048466460528265066509678860029453062452e-06
10113,-3.0048466505250346837610064126833364639424e-06
10114,-3.0048466519524931464730534147467011507615e-06
10115,-3.0048466630163824463671529141350902136764e-06
10116,-3.0048466680359001153126103506041388868653e-06
10117,-3.0048466519524931464730534147467011507615e-06
10118,-3.0048466630163824463671529141350902136764e-06
10119,-3.0048466680359001153126103506041388868653e-06
10120,-3.0048466460528265066509678860029453062452e-06
10121,-3.0048466505250346837610064126833364639424e-06
10122,-3.0048466519524931464730534147467011507615e-06
10123,-3.0048466630163824463671529141350902136764e-06
10124,-3.0048466680359001153126103506041388868653e-06
10125,-3.0048466519524931464730534147467011507615e-06
10126,-3.0048466630163824463671529141350902136764e-06
10127,-3.0048466680359001153126103506041388868653e-06
10128,-3.0048466460528265066509678860029453062452e-06
10129,-3.0048466505250346837610064126833364639424e-06
10130,-3.0048466519524931464730534147467011507615e-06
10131,-3.0048466630163824463671529141350902136764e-06
10132,-3.0048466680359001153126103506041388868653e-06
10133,-3.0048466519524931464730534147467011507615e-06
10134,-3.0048466630163824463671529141350902136764e-06
10135,-3.0048466680359001153126103506041388868653e-06
10136,-3.0048466519524931464730534147467011507615e-06
10137,-3.0048466630163824463671529141350902136764e-06
10138,-3.0048466680359001153126103506041388868653e-06
10139,-3.0048466460528265066509678860029453062452e-06
10140,-3.0048466505250346837610064126833364639424e-06
10141,-3.0048466519524931464730534147467011507615e-06
10142,-3.0048466630163824463671529141350902136764e-06
10143,-3.0048466680359001153126103506041388868653e-06
10144,-3.0048466519524931464730534147467011507615e-06
10145,-3.0048466630163824463671529141350902136764e-06
10146,-3.0048466680359001153126103506041388868653e-06
10147,-3.0048466460528265066509678860029453062452e-06
10148,-3.0048466505250346837610064126833364639424e-06
10149,-3.0048466519524931464730534147467011507615e-06
10150,-3.0048466630163824463671529141350902136764e-06
10151,-3.0048466680359001153126103506041388868653e-06
10152,-3.0048466519524931464730534147467011507615e-06
10153,-3.0048466630163824463671529141350902136764e-06
10154,-3.0048466680359001153126103506041388868653e-06
10155,-3.0048466519524931464730534147467011507615e-06
10156,-3.0048466630163824463671529141350902136764e-06
10157,-3.0048466680359001153126103506041388868653e-06
10158,-3.0048466460528265066509678860029453062452e-06
10159,-3.0048466505250346837610064126833364639424e-06
10160,-3.0048466519524931464730534147467011507615e-06
10161,-3.0048466630163824463671529141350902136764e-06
10162,-3.0048466680359001153126103506041388868653e-06
10163,-3.0048466519524931464730534147467011507615e-06
10164,-3.0048466630163824463671529141350902136764e-06
10165,-3.0048466680359001153126103506041388868653e-06
10166,-3.0048466460528265066509678860029453062452e-06
10167,-3.0048466505250346837610064126833364639424e-06
10168,-3.0048466519524931464730534147467011507615e-06
10169,-3.0048466630163824463671529141350902136764e-06
10170,-3.0048466680359001153126103506041388868653e-06
10171,-3.0048466519524931464730534147467011507615e-06
10172,-3.0048466630163824463671529141350902136764e-06
10173,-3.0048466680359001153126103506041388868653e-06
10174,-3.0048466519524931464730534147467011507615e-06
10175,-3.0048466630163824463671529141350902136764e-06
10176,-3.0048466680359001153126103506041388868653e-06
10177,-3.0048466460528265066509678860029453062452e-06
10178,-3.0048466505250346837610064126833364639424e-06
10179,-3.0048466519524931464730534147467011507615e-06
10180,-3.0048466630163824463671529141350902136764e-06
10181,-3.0048466680359001153126103506041388868653e-06
10182,-3.0048466519524931464730534147467011507615e-06
10183,-3.0048466630163824463671529141350902136764e-06
10184,-3.0048466680359001153126103506041388868653e-06
10185,-3.0048466460528265066509678860029453062452e-06
10186,-3.0048466505250346837610064126833364639424e-06
10187,-3.0048466519524931464730534147467011507615e-06
10188,-3.0048466630163824463671529141350902136764e-06
10189,-3.0048466680359001153126103506041388868653e-06
10190,-3.0048466519524931464730534147467011507615e-06
10191,-3.0048466630163824463671529141350902136764e-06
10192,-3.0048466680359001153126103506041388868653e-06
10193,-3.0048466460528265066509678860029453062452e-06
10194,-3.0048466505250346837610064126833364639424e-06
10195,-3.0048466519524931464730534147467011507615e-06
10196,-3.0048466630163824463671529141350902136764e-06
10197,-3.0048466680359001153126103506041388868653e-06
10198,-3.0048466519524931464730534147467011507615e-06
10199,-3.0048466630163824463671529141350902136764e-06
10200,-3.0048466680359001153126103506041388868653e-06
10201,-3.0048466519524931464730534147467011507615e-06
10202,-3.0048466630163824463671529141350902136764e-06
10203,-3.0048466680359001153126103506041388868653e-06
10204,-3.0048466460528265066509678860029453062452e-06
10205,-3.0048466505250346837610064126833364639424e-06
10206,-3.0048466519524931464730534147467011507615e-06
10207,-3.0048466630163824463671529141350902136764e-06
10208,-3.0048466680359001153126103506041388868653e-06
10209,-3.0048466519524931464730534147467011507615e-06
10210,-3.0048466630163824463671529141350902136764e-06
10211,-3.0048466680359001153126103506041388868653e-06
10212,-3.0048466460528265066509678860029453062452e-06
10213,-3.0048466505250346837610064126833364639424e-06
10214,-3.0048466519524931464730534147467011507615e-06
10215,-3.0048466630163824463671529141350902136764e-06
10216,-3.0048466680359001153126103506041388868653e-06
10217,-3.0048466519524931464730534147467011507615e-06
10218,-3.0048466630163824463671529141350902136764e-06
10219,-3.0048466680359001153126103506041388868653e-06
10220,-3.0048466519524931464730534147467011507615e-06
10221,-3.0048466630163824463671529141350902136764e-06
10222,-3.0048466680359001153126103506041388868653e-06
10223,-3.0048466460528265066509678860029453062452e-06
10224,-3.0048466505250346837610064126833364639424e-06
10225,-3.0048466519524931464730534147467011507615e-06
10226,-3.0048466630163824463671529141350902136764e-06
10227,-3.0048466680359001153126103506041388868653e-06
10228,-3.0048466519524931464730534147467011507615e-06
10229,-3.0048466630163824463671529141350902136764e-06
10230,-3.0048466680359001153126103506041388868653e-06
10231,-3.0048466460528265066509678860029453062452e-06
10232,-3.0048466505250346837610064126833364639424e-06
10233,-3.0048466519293661823976956254389492073642e-06
10234,-1.8103581620700605830787114770516668777997e-15
10235,-2.3453291153496996251892640288714220717203e-15
10236,-3.0064764974580454647348770613746182789328e-06
10237,-3.0064764796041698060279079296464033177472e-06
10238,-3.0064764861707927296168713082735735042661e-06
10239,-3.0064765111384568081471894973599745526371e-06
10240,-3.0064764974580454647348770613746182789328e-06
10241,-3.0064764796041698060279079296464033177472e-06
10242,-3.0064764861707927296168713082735735042661e-06
10243,-3.0064765111384568081471894973599745526371e-06
10244,-3.0064764974580454647348770613746182789328e-06
10245,-3.0064764796041698060279079296464033177472e-06
10246,-3.0064764861707927296168713082735735042661e-06
10247,-3.0064765111384568081471894973599745526371e-06
10248,-3.0064764974580454647348770613746182789328e-06
10249,-3.0064764796041698060279079296464033177472e-06
10250,-3.0064764861707927296168713082735735042661e-06
10251,-3.0064765111384568081471894973599745526371e-06
10252,-3.0064764974580454647348770613746182789328e-06
10253,-3.0064764796041698060279079296464033177472e-06
10254,-3.0064764861707927296168713082735735042661e-06
10255,-3.0064765111384568081471894973599745526371e-06
10256,-3.0064764974580454647348770613746182789328e-06
10257,-3.0064764796041698060279079296464033177472e-06
10258,-3.0064764936275913765955855594391721297143e-06
10259,-3.0064764974580454647348770613746182789328e-06
10260,-3.0064764796041698060279079296464033177472e-06
10261,-3.0064764861707927296168713082735735042661e-06
10262,-3.0064765111384568081471894973599745526371e-06
10263,-3.0064764974580454647348770613746182789328e-06
10264,-3.0064764796041698060279079296464033177472e-06
10265,-3.0064764861707927296168713082735735042661e-06
10266,-3.0064765111384568081471894973599745526371e-06
10267,-3.0064764974580454647348770613746182789328e-06
10268,-3.0064764796041698060279079296464033177472e-06
10269,-3.0064764936275913765955855594391721297143e-06
10270,-3.0064764974580454647348770613746182789328e-06
10271,-3.0064764796041698060279079296464033177472e-06
10272,-3.0064764861707927296168713082735735042661e-06
10273,-3.0064765168148074465904150132100625114617e-06
10274,-3.0064765111384568081471894973599745526371e-06
10275,-3.0064764974580454647348770613746182789328e-06
10276,-3.0064764796041698060279079296464033177472e-06
10277,-3.0064764936275913765955855594391721297143e-06
10278,-3.0064764974580454647348770613746182789328e-06
10279,-3.0064764796041698060279079296464033177472e-06
10280,-3.0064764861707927296168713082735735042661e-06
10281,-3.0064765168148074465904150132100625114617e-06
10282,-3.0064765111384568081471894973599745526371e-06
10283,-3.0064764974580454647348770613746182789328e-06
10284,-3.0064764796041698060279079296464033177472e-06
10285,-3.0064764936275913765955855594391721297143e-06
10286,-3.0064764974580454647348770613746182789328e-06
10287,-3.0064764796041698060279079296464033177472e-06
10288,-3.0064764936275913765955855594391721297143e-06
10289,-3.0064764974580454647348770613746182789328e-06
10290,-3.0064764796041698060279079296464033177472e-06
10291,-3.0064764861707927296168713082735735042661e-06
10292,-3.0064765168148074465904150132100625114617e-06
10293,-3.0064765111384568081471894973599745526371e-06
10294,-3.0064764974580454647348770613746182789328e-06
10295,-3.0064764796041698060279079296464033177472e-06
10296,-3.0064764936275913765955855594391721297143e-06
10297,-3.0064764974580454647348770613746182789328e-06
10298,-3.0064764796041698060279079296464033177472e-06
10299,-3.0064764861707927296168713082735735042661e-06
10300,-3.0064765168148074465904150132100625114617e-06
10301,-3.0064765111384568081471894973599745526371e-06
10302,-3.0064764974580454647348770613746182789328e-06
10303,-3.0064764796041698060279079296464033177472e-06
10304,-3.0064764936275913765955855594391721297143e-06
10305,-3.0064764974580454647348770613746182789328e-06
10306,-3.0064764796041698060279079296464033177472e-06
10307,-3.0064764936275913765955855594391721297143e-06
10308,-3.0064764955118424257841415470071666504737e-06
10309,-3.0064765083522063026581598588204968791615e-06
10310,-3.0064765193466748997776650381696939007270e-06
10311,-3.0064764883596025218037098986068045292086e-06
10312,-3.0064764936275913765955855594391721297143e-06
10313,-3.0064764974580454647348770613746182789328e-06
10314,-3.0064764796041698060279079296464033177472e-06
10315,-3.0064765099997141841879806645199124659484e-06
10316,-3.0064765365203703963452221831209598690293e-06
10317,-3.0064765231328389056544500568257660688687e-06
10318,-3.0064765146317883951474804471448720732951e-06
10319,-3.0064765231328389056544500568257660688687e-06
10320,-3.0064764957779750956137591877403991702522e-06
10321,-3.0064765053291173383038289296242950854321e-06
10322,-3.0064765056219734741028461189049636459458e-06
10323,-3.0064765146317883951474804471448720732951e-06
10324,-3.0064765231328389056544500568257660688687e-06
10325,-3.0064765146317883951474804471448720732951e-06
10326,-3.0064765231328389056544500568257660688687e-06
10327,-3.0064765146317883951474804471448720732951e-06
10328,-3.0064765231328389056544500568257660688687e-06
10329,-3.0064765146317883951474804471448720732951e-06
10330,-3.0064765231328389056544500568257660688687e-06
10331,-3.0064765146317883951474804471448720732951e-06
10332,-3.0064765231328389056544500568257660688687e-06
10333,-3.0064765146317883951474804471448720732951e-06
10334,-3.0064765231328389056544500568257660688687e-06
10335,-3.0064765146317883951474804471448720732951e-06
10336,-3.0064765231328389056544500568257660688687e-06
10337,-3.0064765146317883951474804471448720732951e-06
10338,-3.0064765231328389056544500568257660688687e-06
10339,-3.0064765146317883951474804471448720732951e-06
10340,-3.0064765231328389056544500568257660688687e-06
10341,-3.0064764957779750956137591877403991702522e-06
10342,-3.0064765053291173383038289296242950854321e-06
10343,-3.0064765056219734741028461189049636459458e-06
10344,-3.0064765146317883951474804471448720732951e-06
10345,-3.0064765231328389056544500568257660688687e-06
10346,-3.0064765146317883951474804471448720732951e-06
10347,-3.0064765231328389056544500568257660688687e-06
10348,-3.0064765146317883951474804471448720732951e-06
10349,-3.0064765231328389056544500568257660688687e-06
10350,-3.0064765146317883951474804471448720732951e-06
10351,-3.0064765231328389056544500568257660688687e-06
10352,-3.0064765146317883951474804471448720732951e-06
10353,-3.0064765231328389056544500568257660688687e-06
10354,-3.0064765146317883951474804471448720732951e-06
10355,-3.0064765231328389056544500568257660688687e-06
10356,-3.0064765146317883951474804471448720732951e-06
10357,-3.0064765231328389056544500568257660688687e-06
10358,-3.0064765146317883951474804471448720732951e-06
10359,-3.0064765231328389056544500568257660688687e-06
10360,-3.0064765146317883951474804471448720732951e-06
10361,-3.0064765231328389056544500568257660688687e-06
10362,-3.0064764957779750956137591877403991702522e-06
10363,-3.0064765053291173383038289296242950854321e-06
10364,-3.0064765056219734741028461189049636459458e-06
10365,-3.0064765146317883951474804471448720732951e-06
10366,-3.0064765231328389056544500568257660688687e-06
10367,-3.0064765146317883951474804471448720732951e-06
10368,-3.0064765231328389056544500568257660688687e-06
10369,-3.0064765146317883951474804471448720732951e-06
10370,-3.0064765231328389056544500568257660688687e-06
10371,-3.0064765146317883951474804471448720732951e-06
10372,-3.0064765231328389056544500568257660688687e-06
10373,-3.0064765146317883951474804471448720732951e-06
10374,-3.0064765231328389056544500568257660688687e-06
10375,-3.0064765146317883951474804471448720732951e-06
10376,-3.0064764943789866808083501015236294051647e-06
10377,-3.0064765023830240923713875283995733411757e-06
10378,-3.0064764974580454647348770613746182789328e-06
10379,-3.0064764796041698060279079296464033177472e-06
10380,-3.0064764861707927296168713082735735042661e-06
10381,-3.0064765111384568081471894973599745526371e-06
10382,-3.0064764974580454647348770613746182789328e-06
10383,-3.0064764796041698060279079296464033177472e-06
10384,-3.0064764936275913765955855594391721297143e-06
10385,-3.0064764974580454647348770613746182789328e-06
10386,-3.0064764796041698060279079296464033177472e-06
10387,-3.0064764861707927296168713082735735042661e-06
10388,-3.0064765111384568081471894973599745526371e-06
10389,-3.0064764974580454647348770613746182789328e-06
10390,-3.0064764796041698060279079296464033177472e-06
10391,-3.0064764861707927296168713082735735042661e-06
10392,-3.0064765111384568081471894973599745526371e-06
10393,-3.0064764974580454647348770613746182789328e-06
10394,-3.0064764796041698060279079296464033177472e-06
10395,-3.0064764861707927296168713082735735042661e-06
10396,-3.0064765111384568081471894973599745526371e-06
10397,-3.0064764974580454647348770613746182789328e-06
10398,-3.0064764796041698060279079296464033177472e-06
10399,-3.0064764861707927296168713082735735042661e-06
10400,-3.0064765111384568081471894973599745526371e-06
10401,-3.0064764974580454647348770613746182789328e-06
10402,-3.0064764796041698060279079296464033177472e-06
10403,-3.0064764861707927296168713082735735042661e-06
10404,-3.0064765111384568081471894973599745526371e-06
10405,-3.0064764974580454647348770613746182789328e-06
10406,-3.0064764796041698060279079296464033177472e-06
10407,-3.0064764936275913765955855594391721297143e-06
10408,-3.0064764974580454647348770613746182789328e-06
10409,-3.0064764796041698060279079296464033177472e-06
10410,-3.0064764861707927296168713082735735042661e-06
10411,-3.0064765111384568081471894973599745526371e-06
10412,-3.0064764974580454647348770613746182789328e-06
10413,-3.0064764796041698060279079296464033177472e-06
10414,-3.0064764861707927296168713082735735042661e-06
10415,-3.0064765111384568081471894973599745526371e-06
10416,-3.0064764974580454647348770613746182789328e-06
10417,-3.0064764796041698060279079296464033177472e-06
10418,-3.0064764861707927296168713082735735042661e-06
10419,-3.0064765111384568081471894973599745526371e-06
10420,-3.0064764974580454647348770613746182789328e-06
10421,-3.0064764796041698060279079296464033177472e-06
10422,-3.0064764861707927296168713082735735042661e-06
10423,-3.0064765111384568081471894973599745526371e-06
10424,-3.0064764974580454647348770613746182789328e-06
10425,-3.0064764796041698060279079296464033177472e-06
10426,-3.0064764936275913765955855594391721297143e-06
10427,-3.0064764974580454647348770613746182789328e-06
10428,-3.0064764796041698060279079296464033177472e-06
10429,-3.0064764861707927296168713082735735042661e-06
10430,-3.0064765111384568081471894973599745526371e-06
10431,-3.0064764974580454647348770613746182789328e-06
10432,-3.0064764796041698060279079296464033177472e-06
10433,-3.0064764861707927296168713082735735042661e-06
10434,-3.0064765111384568081471894973599745526371e-06
10435,-3.0064764974580454647348770613746182789328e-06
10436,-3.0064764796041698060279079296464033177472e-06
10437,-3.0064764861707927296168713082735735042661e-06
10438,-3.0064765111384568081471894973599745526371e-06
10439,-3.0064764974580454647348770613746182789328e-06
10440,-3.0064764796041698060279079296464033177472e-06
10441,-3.0064764861707927296168713082735735042661e-06
10442,-3.0064765111384568081471894973599745526371e-06
10443,-3.0064764974580454647348770613746182789328e-06
10444,-3.0064764796041698060279079296464033177472e-06
10445,-3.0064764861707927296168713082735735042661e-06
10446,-3.0064765111384568081471894973599745526371e-06
10447,-3.0064764974580454647348770613746182789328e-06
10448,-3.0064764796041698060279079296464033177472e-06
10449,-3.0064764936275913765955855594391721297143e-06
10450,-3.0064764974580454647348770613746182789328e-06
10451,-3.0064764796041698060279079296464033177472e-06
10452,-3.0064764861707927296168713082735735042661e-06
10453,-3.0064765111384568081471894973599745526371e-06
10454,-3.0064764974580454647348770613746182789328e-06
10455,-3.0064764796041698060279079296464033177472e-06
10456,-3.0064764861707927296168713082735735042661e-06
10457,-3.0064765111384568081471894973599745526371e-06
10458,-3.0064764974580454647348770613746182789328e-06
10459,-3.0064764796041698060279079296464033177472e-06
10460,-3.0064764861707927296168713082735735042661e-06
10461,-3.0064765111384568081471894973599745526371e-06
10462,-3.0064764974580454647348770613746182789328e-06
10463,-3.0064764796041698060279079296464033177472e-06
10464,-3.0064764861707927296168713082735735042661e-06
10465,-3.0064765111384568081471894973599745526371e-06
10466,-3.0064764974580454647348770613746182789328e-06
10467,-3.0064764796041698060279079296464033177472e-06
10468,-3.0064764936275913765955855594391721297143e-06
10469,-3.0064764974580454647348770613746182789328e-06
10470,-3.0064764796041698060279079296464033177472e-06
10471,-3.0064764861707927296168713082735735042661e-06
10472,-3.0064765111384568081471894973599745526371e-06
10473,-3.0064764974580454647348770613746182789328e-06
10474,-3.0064764796041698060279079296464033177472e-06
10475,-3.0064764861707927296168713082735735042661e-06
10476,-3.0064765111384568081471894973599745526371e-06
10477,-3.0064764974580454647348770613746182789328e-06
10478,-3.0064764796041698060279079296464033177472e-06
10479,-3.0064764861707927296168713082735735042661e-06
10480,-3.0064765111384568081471894973599745526371e-06
10481,-3.0064764974580454647348770613746182789328e-06
10482,-3.0064764796041698060279079296464033177472e-06
10483,-3.0064764861707927296168713082735735042661e-06
10484,-3.0064765111384568081471894973599745526371e-06
10485,-3.0064764974580454647348770613746182789328e-06
10486,-3.0064764796041698060279079296464033177472e-06
10487,-3.0064764861707927296168713082735735042661e-06
10488,-3.0064765111384568081471894973599745526371e-06
10489,-3.0064764974580454647348770613746182789328e-06
10490,-3.0064764796041698060279079296464033177472e-06
10491,-3.0064764936275913765955855594391721297143e-06
10492,-3.0064764974580454647348770613746182789328e-06
10493,-3.0064764796041698060279079296464033177472e-06
10494,-3.0064764861707927296168713082735735042661e-06
10495,-3.0064765111384568081471894973599745526371e-06
10496,-3.0064764974580454647348770613746182789328e-06
10497,-3.0064764796041698060279079296464033177472e-06
10498,-3.0064764861707927296168713082735735042661e-06
10499,-3.0064765111384568081471894973599745526371e-06
10500,-3.0064764974580454647348770613746182789328e-06
10501,-3.0064764796041698060279079296464033177472e-06
10502,-3.0064764861707927296168713082735735042661e-06
10503,-3.0064765111384568081471894973599745526371e-06
10504,-3.0064764974580454647348770613746182789328e-06
10505,-3.0064764796041698060279079296464033177472e-06
10506,-3.0064764861707927296168713082735735042661e-06
10507,-3.0064765111384568081471894973599745526371e-06
10508,-3.0064764974580454647348770613746182789328e-06
10509,-3.0064764796041698060279079296464033177472e-06
10510,-3.0064764861707927296168713082735735042661e-06
10511,-3.0064765111384568081471894973599745526371e-06
10512,-3.0064764974580454647348770613746182789328e-06
10513,-3.0064764796041698060279079296464033177472e-06
10514,-3.0064764936275913765955855594391721297143e-06
10515,-3.0064764974580454647348770613746182789328e-06
10516,-3.0064764796041698060279079296464033177472e-06
10517,-3.0064764861707927296168713082735735042661e-06
10518,-3.0064765111384568081471894973599745526371e-06
10519,-3.0064764955118424257841415470071666504737e-06
10520,-3.0064765083522063026581598588204968791615e-06
10521,-3.0064765139247068901197455087492826919515e-06
10522,-3.0064764938701515430195896488863027684602e-06
10523,-3.0064765389962210196317035637569858863571e-06
10524,-3.0064765139247068901197455087492826919515e-06
10525,-3.0064764938701515430195896488863027684602e-06
10526,-3.0064765389962210196317035637569858863571e-06
10527,-3.0064765174004722843434031509524118064292e-06
10528,-3.0064765214853555880800996258361834634343e-06
10529,-3.0064765139247068901197455087492826919515e-06
10530,-3.0064764938701515430195896488863027684602e-06
10531,-3.0064765389962210196317035637569858863571e-06
10532,-3.0064765139247068901197455087492826919515e-06
10533,-3.0064764938701515430195896488863027684602e-06
10534,-3.0064765389962210196317035637569858863571e-06
10535,-3.0064765139247068901197455087492826919515e-06
10536,-3.0064764938701515430195896488863027684602e-06
10537,-3.0064765389962210196317035637569858863571e-06
10538,-3.0064765174004722843434031509524118064292e-06
10539,-3.0064765214853555880800996258361834634343e-06
10540,-3.0064765139247068901197455087492826919515e-06
10541,-3.0064764938701515430195896488863027684602e-06
10542,-3.0064765389962210196317035637569858863571e-06
10543,-3.0064765139247068901197455087492826919515e-06
10544,-3.0064764938701515430195896488863027684602e-06
10545,-3.0064765389962210196317035637569858863571e-06
10546,-3.0064765174004722843434031509524118064292e-06
10547,-3.0064765214853555880800996258361834634343e-06
10548,-3.0064765139247068901197455087492826919515e-06
10549,-3.0064764938701515430195896488863027684602e-06
10550,-3.0064765389962210196317035637569858863571e-06
10551,-3.0064765139247068901197455087492826919515e-06
10552,-3.0064764938701515430195896488863027684602e-06
10553,-3.0064765389962210196317035637569858863571e-06
10554,-3.0064765139247068901197455087492826919515e-06
10555,-3.0064764938701515430195896488863027684602e-06
10556,-3.0064765389962210196317035637569858863571e-06
10557,-3.0064765174004722843434031509524118064292e-06
10558,-3.0064765214853555880800996258361834634343e-06
10559,-3.0064765139247068901197455087492826919515e-06
10560,-3.0064764938701515430195896488863027684602e-06
10561,-3.0064765389962210196317035637569858863571e-06
10562,-3.0064765139247068901197455087492826919515e-06
10563,-3.0064764938701515430195896488863027684602e-06
10564,-3.0064765389962210196317035637569858863571e-06
10565,-3.0064765174004722843434031509524118064292e-06
10566,-3.0064765214853555880800996258361834634343e-06
10567,-3.0064765139247068901197455087492826919515e-06
10568,-3.0064764938701515430195896488863027684602e-06
10569,-3.0064765389962210196317035637569858863571e-06
10570,-3.0064765139247068901197455087492826919515e-06
10571,-3.0064764938701515430195896488863027684602e-06
10572,-3.0064765389962210196317035637569858863571e-06
10573,-3.0064765174004722843434031509524118064292e-06
10574,-3.0064765214853555880800996258361834634343e-06
10575,-3.0064765139247068901197455087492826919515e-06
10576,-3.0064764938701515430195896488863027684602e-06
10577,-3.0064765389962210196317035637569858863571e-06
10578,-3.0064765139247068901197455087492826919515e-06
10579,-3.0064764938701515430195896488863027684602e-06
10580,-3.0064765389962210196317035637569858863571e-06
10581,-3.0064765139247068901197455087492826919515e-06
10582,-3.0064764938701515430195896488863027684602e-06
10583,-3.0064765389962210196317035637569858863571e-06
10584,-3.0064765174004722843434031509524118064292e-06
10585,-3.0064765214853555880800996258361834634343e-06
10586,-3.0064765139247068901197455087492826919515e-06
10587,-3.0064764938701515430195896488863027684602e-06
10588,-3.0064765389962210196317035637569858863571e-06
10589,-3.0064765139247068901197455087492826919515e-06
10590,-3.0064764938701515430195896488863027684602e-06
10591,-3.0064765389962210196317035637569858863571e-06
10592,-3.0064765174004722843434031509524118064292e-06
10593,-3.0064765214853555880800996258361834634343e-06
10594,-3.0064765139247068901197455087492826919515e-06
10595,-3.0064764938701515430195896488863027684602e-06
10596,-3.0064765389962210196317035637569858863571e-06
10597,-3.0064765139247068901197455087492826919515e-06
10598,-3.0064764938701515430195896488863027684602e-06
10599,-3.0064765389962210196317035637569858863571e-06
10600,-3.0064765139247068901197455087492826919515e-06
10601,-3.0064764938701515430195896488863027684602e-06
10602,-3.0064765389962210196317035637569858863571e-06
10603,-3.0064765174004722843434031509524118064292e-06
10604,-3.0064765214853555880800996258361834634343e-06
10605,-3.0064765139247068901197455087492826919515e-06
10606,-3.0064764938701515430195896488863027684602e-06
10607,-3.0064765389962210196317035637569858863571e-06
10608,-3.0064765139247068901197455087492826919515e-06
10609,-3.0064764938701515430195896488863027684602e-06
10610,-3.0064765389962210196317035637569858863571e-06
10611,-3.0064765174004722843434031509524118064292e-06
10612,-3.0064765214853555880800996258361834634343e-06
10613,-3.0064765139247068901197455087492826919515e-06
10614,-3.0064764938701515430195896488863027684602e-06
10615,-3.0064765389962210196317035637569858863571e-06
10616,-3.0064765139247068901197455087492826919515e-06
10617,-3.0064764938701515430195896488863027684602e-06
10618,-3.0064765389962210196317035637569858863571e-06
10619,-3.0064765139247068901197455087492826919515e-06
10620,-3.0064764938701515430195896488863027684602e-06
10621,-3.0064765389962210196317035637569858863571e-06
10622,-3.0064765174004722843434031509524118064292e-06
10623,-3.0064765214853555880800996258361834634343e-06
10624,-3.0064765139247068901197455087492826919515e-06
10625,-3.0064764938701515430195896488863027684602e-06
10626,-3.0064765389962210196317035637569858863571e-06
10627,-3.0064765139247068901197455087492826919515e-06
10628,-3.0064764938701515430195896488863027684602e-06
10629,-3.0064765389962210196317035637569858863571e-06
10630,-3.0064765174004722843434031509524118064292e-06
10631,-3.0064765214853555880800996258361834634343e-06
10632,-3.0064765139247068901197455087492826919515e-06
10633,-3.0064764938701515430195896488863027684602e-06
10634,-3.0064765389962210196317035637569858863571e-06
10635,-3.0064765139247068901197455087492826919515e-06
10636,-3.0064764938701515430195896488863027684602e-06
10637,-3.0064765389962210196317035637569858863571e-06
10638,-3.0064765174004722843434031509524118064292e-06
10639,-3.0064765214853555880800996258361834634343e-06
10640,-3.0064765139247068901197455087492826919515e-06
10641,-3.0064764938701515430195896488863027684602e-06
10642,-3.0064765389962210196317035637569858863571e-06
10643,-3.0064765139247068901197455087492826919515e-06
10644,-3.0064764938701515430195896488863027684602e-06
10645,-3.0064765389962210196317035637569858863571e-06
10646,-3.0064765139247068901197455087492826919515e-06
10647,-3.0064764938701515430195896488863027684602e-06
10648,-3.0064765389962210196317035637569858863571e-06
10649,-3.0064765174004722843434031509524118064292e-06
10650,-3.0064765214853555880800996258361834634343e-06
10651,-3.0064765139247068901197455087492826919515e-06
10652,-3.0064764938701515430195896488863027684602e-06
10653,-3.0064765389962210196317035637569858863571e-06
10654,-3.0064765139247068901197455087492826919515e-06
10655,-3.0064764938701515430195896488863027684602e-06
10656,-3.0064765389962210196317035637569858863571e-06
10657,-3.0064765174004722843434031509524118064292e-06
10658,-3.0064765214853555880800996258361834634343e-06
10659,-3.0064765139247068901197455087492826919515e-06
10660,-3.0064764938701515430195896488863027684602e-06
10661,-3.0064765389962210196317035637569858863571e-06
10662,-3.0064765139247068901197455087492826919515e-06
10663,-3.0064764938701515430195896488863027684602e-06
10664,-3.0064765389962210196317035637569858863571e-06
10665,-3.0064765139247068901197455087492826919515e-06
10666,-3.0064764938701515430195896488863027684602e-06
10667,-3.0064765389962210196317035637569858863571e-06
10668,-3.0064765174004722843434031509524118064292e-06
10669,-3.0064765214853555880800996258361834634343e-06
10670,-3.0064765139247068901197455087492826919515e-06
10671,-3.0064764938701515430195896488863027684602e-06
10672,-3.0064765389962210196317035637569858863571e-06
10673,-3.0064765139247068901197455087492826919515e-06
10674,-3.0064764938701515430195896488863027684602e-06
10675,-3.0064765389962210196317035637569858863571e-06
10676,-3.0064765174004722843434031509524118064292e-06
10677,-3.0064765214853555880800996258361834634343e-06
10678,-3.0064765227780506853675138168036085062340e-06
10679,1.8789561344571958282465808805942239569526e-15
10680,-4.1380555303185956271824934527809084009940e-16
10681,-3.0082886073197760366511408630652013584950e-06
10682,-3.0082886112973550890472944352449502503077e-06
10683,-3.0082886112974025228923406760639380763678e-06
10684,-3.0082886478137001515361856340824431299552e-06
10685,-3.0082886073197760366511408630652013584950e-06
10686,-3.0082886112973550890472944352449502503077e-06
10687,-3.0082886112974025228923406760639380763678e-06
10688,-3.0082886478137001515361856340824431299552e-06
10689,-3.0082886073197760366511408630652013584950e-06
10690,-3.0082886112973550890472944352449502503077e-06
10691,-3.0082886112974025228923406760639380763678e-06
10692,-3.0082886478137001515361856340824431299552e-06
10693,-3.0082886073197760366511408630652013584950e-06
10694,-3.0082886112973550890472944352449502503077e-06
10695,-3.0082886112974025228923406760639380763678e-06
10696,-3.0082886478137001515361856340824431299552e-06
10697,-3.0082886073197760366511408630652013584950e-06
10698,-3.0082886112973550890472944352449502503077e-06
10699,-3.0082886112974025228923406760639380763678e-06
10700,-3.0082886478137001515361856340824431299552e-06
10701,-3.0082886073197760366511408630652013584950e-06
10702,-3.0082886112973550890472944352449502503077e-06
10703,-3.0082886215474020042087797272012394955709e-06
10704,-3.0082886073197760366511408630652013584950e-06
10705,-3.0082886112973550890472944352449502503077e-06
10706,-3.0082886112974025228923406760639380763678e-06
10707,-3.0082886478137001515361856340824431299552e-06
10708,-3.0082886073197760366511408630652013584950e-06
10709,-3.0082886112973550890472944352449502503077e-06
10710,-3.0082886112974025228923406760639380763678e-06
10711,-3.0082886478137001515361856340824431299552e-06
10712,-3.0082886073197760366511408630652013584950e-06
10713,-3.0082886112973550890472944352449502503077e-06
10714,-3.0082886215474020042087797272012394955709e-06
10715,-3.0082886073197760366511408630652013584950e-06
10716,-3.0082886112973550890472944352449502503077e-06
10717,-3.0082886112974025228923406760639380763678e-06
10718,-3.0082886419414172398658843810004270835634e-06
10719,-3.0082886478137001515361856340824431299552e-06
10720,-3.0082886073197760366511408630652013584950e-06
10721,-3.0082886112973550890472944352449502503077e-06
10722,-3.0082886215474020042087797272012394955709e-06
10723,-3.0082886073197760366511408630652013584950e-06
10724,-3.0082886112973550890472944352449502503077e-06
10725,-3.0082886112974025228923406760639380763678e-06
10726,-3.0082886419414172398658843810004270835634e-06
10727,-3.0082886478137001515361856340824431299552e-06
10728,-3.0082886073197760366511408630652013584950e-06
10729,-3.0082886112973550890472944352449502503077e-06
10730,-3.0082886215474020042087797272012394955709e-06
10731,-3.0082886073197760366511408630652013584950e-06
10732,-3.0082886112973550890472944352449502503077e-06
10733,-3.0082886215474020042087797272012394955709e-06
10734,-3.0082886073197760366511408630652013584950e-06
10735,-3.0082886112973550890472944352449502503077e-06
10736,-3.0082886112974025228923406760639380763678e-06
10737,-3.0082886419414172398658843810004270835634e-06
10738,-3.0082886478137001515361856340824431299552e-06
10739,-3.0082886073197760366511408630652013584950e-06
10740,-3.0082886112973550890472944352449502503077e-06
10741,-3.0082886215474020042087797272012394955709e-06
10742,-3.0082886073197760366511408630652013584950e-06
10743,-3.0082886112973550890472944352449502503077e-06
10744,-3.0082886112974025228923406760639380763678e-06
10745,-3.0082886419414172398658843810004270835634e-06
10746,-3.0082886478137001515361856340824431299552e-06
10747,-3.0082886073197760366511408630652013584950e-06
10748,-3.0082886112973550890472944352449502503077e-06
10749,-3.0082886215474020042087797272012394955709e-06
10750,-3.0082886073197760366511408630652013584950e-06
10751,-3.0082886112973550890472944352449502503077e-06
10752,-3.0082886215474020042087797272012394955709e-06
10753,-3.0082885874502516487468978950703402119871e-06
10754,-3.0082886245457203370536058972817272660905e-06
10755,-3.0082886313972639682752345524630044337755e-06
10756,-3.0082886025419223732714924662845490388463e-06
10757,-3.0082886215474020042087797272012394955709e-06
10758,-3.0082886073197760366511408630652013584950e-06
10759,-3.0082886112973550890472944352449502503077e-06
10760,-3.0082886097982435682281644045987789581886e-06
10761,-3.0082886370437782946679009660195802666749e-06
10762,-3.0082886054205032816595034861339996723473e-06
10763,-3.0082886107774801473404950591383766322906e-06
10764,-3.0082886054205032816595034861339996723473e-06
10765,-3.0082886180337539084521207566336187255729e-06
10766,-3.0082886031164533864492964532200147687035e-06
10767,-3.0082886360645179986330471910704886795429e-06
10768,-3.0082886107774801473404950591383766322906e-06
10769,-3.0082886054205032816595034861339996723473e-06
10770,-3.0082886107774801473404950591383766322906e-06
10771,-3.0082886054205032816595034861339996723473e-06
10772,-3.0082886107774801473404950591383766322906e-06
10773,-3.0082886054205032816595034861339996723473e-06
10774,-3.0082886107774801473404950591383766322906e-06
10775,-3.0082886054205032816595034861339996723473e-06
10776,-3.0082886107774801473404950591383766322906e-06
10777,-3.0082886054205032816595034861339996723473e-06
10778,-3.0082886107774801473404950591383766322906e-06
10779,-3.0082886054205032816595034861339996723473e-06
10780,-3.0082886107774801473404950591383766322906e-06
10781,-3.0082886054205032816595034861339996723473e-06
10782,-3.0082886107774801473404950591383766322906e-06
10783,-3.0082886054205032816595034861339996723473e-06
10784,-3.0082886107774801473404950591383766322906e-06
10785,-3.0082886054205032816595034861339996723473e-06
10786,-3.0082886180337539084521207566336187255729e-06
10787,-3.0082886031164533864492964532200147687035e-06
10788,-3.0082886360645179986330471910704886795429e-06
10789,-3.0082886107774801473404950591383766322906e-06
10790,-3.0082886054205032816595034861339996723473e-06
10791,-3.0082886107774801473404950591383766322906e-06
10792,-3.0082886054205032816595034861339996723473e-06
10793,-3.0082886107774801473404950591383766322906e-06
10794,-3.0082886054205032816595034861339996723473e-06
10795,-3.0082886107774801473404950591383766322906e-06
10796,-3.0082886054205032816595034861339996723473e-06
10797,-3.0082886107774801473404950591383766322906e-06
10798,-3.0082886054205032816595034861339996723473e-06
10799,-3.0082886107774801473404950591383766322906e-06
10800,-3.0082886054205032816595034861339996723473e-06
10801,-3.0082886107774801473404950591383766322906e-06
10802,-3.0082886054205032816595034861339996723473e-06
10803,-3.0082886107774801473404950591383766322906e-06
10804,-3.0082886054205032816595034861339996723473e-06
10805,-3.0082886107774801473404950591383766322906e-06
10806,-3.0082886054205032816595034861339996723473e-06
10807,-3.0082886180337539084521207566336187255729e-06
10808,-3.0082886031164533864492964532200147687035e-06
10809,-3.0082886360645179986330471910704886795429e-06
10810,-3.0082886107774801473404950591383766322906e-06
10811,-3.0082886054205032816595034861339996723473e-06
10812,-3.0082886107774801473404950591383766322906e-06
10813,-3.0082886054205032816595034861339996723473e-06
10814,-3.0082886107774801473404950591383766322906e-06
10815,-3.0082886054205032816595034861339996723473e-06
10816,-3.0082886107774801473404950591383766322906e-06
10817,-3.0082886054205032816595034861339996723473e-06
10818,-3.0082886107774801473404950591383766322906e-06
10819,-3.0082886054205032816595034861339996723473e-06
10820,-3.0082886107774801473404950591383766322906e-06
10821,-3.0082886277138149892307686372738828595175e-06
10822,-3.0082886171696854345626419291459541227596e-06
10823,-3.0082886073197760366511408630652013584950e-06
10824,-3.0082886112973550890472944352449502503077e-06
10825,-3.0082886112974025228923406760639380763678e-06
10826,-3.0082886478137001515361856340824431299552e-06
10827,-3.0082886073197760366511408630652013584950e-06
10828,-3.0082886112973550890472944352449502503077e-06
10829,-3.0082886215474020042087797272012394955709e-06
10830,-3.0082886073197760366511408630652013584950e-06
10831,-3.0082886112973550890472944352449502503077e-06
10832,-3.0082886112974025228923406760639380763678e-06
10833,-3.0082886478137001515361856340824431299552e-06
10834,-3.0082886073197760366511408630652013584950e-06
10835,-3.0082886112973550890472944352449502503077e-06
10836,-3.0082886112974025228923406760639380763678e-06
10837,-3.0082886478137001515361856340824431299552e-06
10838,-3.0082886073197760366511408630652013584950e-06
10839,-3.0082886112973550890472944352449502503077e-06
10840,-3.0082886112974025228923406760639380763678e-06
10841,-3.0082886478137001515361856340824431299552e-06
10842,-3.0082886073197760366511408630652013584950e-06
10843,-3.0082886112973550890472944352449502503077e-06
10844,-3.0082886112974025228923406760639380763678e-06
10845,-3.0082886478137001515361856340824431299552e-06
10846,-3.0082886073197760366511408630652013584950e-06
10847,-3.0082886112973550890472944352449502503077e-06
10848,-3.0082886112974025228923406760639380763678e-06
10849,-3.0082886478137001515361856340824431299552e-06
10850,-3.0082886073197760366511408630652013584950e-06
10851,-3.0082886112973550890472944352449502503077e-06
10852,-3.0082886215474020042087797272012394955709e-06
10853,-3.0082886073197760366511408630652013584950e-06
10854,-3.0082886112973550890472944352449502503077e-06
10855,-3.0082886112974025228923406760639380763678e-06
10856,-3.0082886478137001515361856340824431299552e-06
10857,-3.0082886073197760366511408630652013584950e-06
10858,-3.0082886112973550890472944352449502503077e-06
10859,-3.0082886112974025228923406760639380763678e-06
10860,-3.0082886478137001515361856340824431299552e-06
10861,-3.0082886073197760366511408630652013584950e-06
10862,-3.0082886112973550890472944352449502503077e-06
10863,-3.0082886112974025228923406760639380763678e-06
10864,-3.0082886478137001515361856340824431299552e-06
10865,-3.0082886073197760366511408630652013584950e-06
10866,-3.0082886112973550890472944352449502503077e-06
10867,-3.0082886112974025228923406760639380763678e-06
10868,-3.0082886478137001515361856340824431299552e-06
10869,-3.0082886073197760366511408630652013584950e-06
10870,-3.0082886112973550890472944352449502503077e-06
10871,-3.0082886215474020042087797272012394955709e-06
10872,-3.0082886073197760366511408630652013584950e-06
10873,-3.0082886112973550890472944352449502503077e-06
10874,-3.0082886112974025228923406760639380763678e-06
10875,-3.0082886478137001515361856340824431299552e-06
10876,-3.0082886073197760366511408630652013584950e-06
10877,-3.0082886112973550890472944352449502503077e-06
10878,-3.0082886112974025228923406760639380763678e-06
10879,-3.0082886478137001515361856340824431299552e-06
10880,-3.0082886073197760366511408630652013584950e-06
10881,-3.0082886112973550890472944352449502503077e-06
10882,-3.0082886112974025228923406760639380763678e-06
10883,-3.0082886478137001515361856340824431299552e-06
10884,-3.0082886073197760366511408630652013584950e-06
10885,-3.0082886112973550890472944352449502503077e-06
10886,-3.0082886112974025228923406760639380763678e-06
10887,-3.0082886478137001515361856340824431299552e-06
10888,-3.0082886073197760366511408630652013584950e-06
10889,-3.0082886112973550890472944352449502503077e-06
10890,-3.0082886112974025228923406760639380763678e-06
10891,-3.0082886478137001515361856340824431299552e-06
10892,-3.0082886073197760366511408630652013584950e-06
10893,-3.0082886112973550890472944352449502503077e-06
10894,-3.0082886215474020042087797272012394955709e-06
10895,-3.0082886073197760366511408630652013584950e-06
10896,-3.0082886112973550890472944352449502503077e-06
10897,-3.0082886112974025228923406760639380763678e-06
10898,-3.0082886478137001515361856340824431299552e-06
10899,-3.0082886073197760366511408630652013584950e-06
10900,-3.0082886112973550890472944352449502503077e-06
10901,-3.0082886112974025228923406760639380763678e-06
10902,-3.0082886478137001515361856340824431299552e-06
10903,-3.0082886073197760366511408630652013584950e-06
10904,-3.0082886112973550890472944352449502503077e-06
10905,-3.0082886112974025228923406760639380763678e-06
10906,-3.0082886478137001515361856340824431299552e-06
10907,-3.0082886073197760366511408630652013584950e-06
10908,-3.0082886112973550890472944352449502503077e-06
10909,-3.0082886112974025228923406760639380763678e-06
10910,-3.0082886478137001515361856340824431299552e-06
10911,-3.0082886073197760366511408630652013584950e-06
10912,-3.0082886112973550890472944352449502503077e-06
10913,-3.0082886215474020042087797272012394955709e-06
10914,-3.0082886073197760366511408630652013584950e-06
10915,-3.0082886112973550890472944352449502503077e-06
10916,-3.0082886112974025228923406760639380763678e-06
10917,-3.0082886478137001515361856340824431299552e-06
10918,-3.0082886073197760366511408630652013584950e-06
10919,-3.0082886112973550890472944352449502503077e-06
10920,-3.0082886112974025228923406760639380763678e-06
10921,-3.0082886478137001515361856340824431299552e-06
10922,-3.0082886073197760366511408630652013584950e-06
10923,-3.0082886112973550890472944352449502503077e-06
10924,-3.0082886112974025228923406760639380763678e-06
10925,-3.0082886478137001515361856340824431299552e-06
10926,-3.0082886073197760366511408630652013584950e-06
10927,-3.0082886112973550890472944352449502503077e-06
10928,-3.0082886112974025228923406760639380763678e-06
10929,-3.0082886478137001515361856340824431299552e-06
10930,-3.0082886073197760366511408630652013584950e-06
10931,-3.0082886112973550890472944352449502503077e-06
10932,-3.0082886112974025228923406760639380763678e-06
10933,-3.0082886478137001515361856340824431299552e-06
10934,-3.0082886073197760366511408630652013584950e-06
10935,-3.0082886112973550890472944352449502503077e-06
10936,-3.0082886215474020042087797272012394955709e-06
10937,-3.0082886073197760366511408630652013584950e-06
10938,-3.0082886112973550890472944352449502503077e-06
10939,-3.0082886112974025228923406760639380763678e-06
10940,-3.0082886478137001515361856340824431299552e-06
10941,-3.0082886073197760366511408630652013584950e-06
10942,-3.0082886112973550890472944352449502503077e-06
10943,-3.0082886112974025228923406760639380763678e-06
10944,-3.0082886478137001515361856340824431299552e-06
10945,-3.0082886073197760366511408630652013584950e-06
10946,-3.0082886112973550890472944352449502503077e-06
10947,-3.0082886112974025228923406760639380763678e-06
10948,-3.0082886478137001515361856340824431299552e-06
10949,-3.0082886073197760366511408630652013584950e-06
10950,-3.0082886112973550890472944352449502503077e-06
10951,-3.0082886112974025228923406760639380763678e-06
10952,-3.0082886478137001515361856340824431299552e-06
10953,-3.0082886073197760366511408630652013584950e-06
10954,-3.0082886112973550890472944352449502503077e-06
10955,-3.0082886112974025228923406760639380763678e-06
10956,-3.0082886478137001515361856340824431299552e-06
10957,-3.0082886073197760366511408630652013584950e-06
10958,-3.0082886112973550890472944352449502503077e-06
10959,-3.0082886215474020042087797272012394955709e-06
10960,-3.0082886073197760366511408630652013584950e-06
10961,-3.0082886112973550890472944352449502503077e-06
10962,-3.0082886112974025228923406760639380763678e-06
10963,-3.0082886478137001515361856340824431299552e-06
10964,-3.0082885874502516487468978950703402119871e-06
10965,-3.0082886245457203370536058972817272660905e-06
10966,-3.0082886283989456354304083823825166632560e-06
10967,-3.0082886148109316105199104174339197470545e-06
10968,-3.0082886376788696224755456642974138503632e-06
10969,-3.0082886283989456354304083823825166632560e-06
10970,-3.0082886148109316105199104174339197470545e-06
10971,-3.0082886376788696224755456642974138503632e-06
10972,-3.0082886257553176905671105806350240641223e-06
10973,-3.0082886201680037674074680992264418932791e-06
10974,-3.0082886283989456354304083823825166632560e-06
10975,-3.0082886148109316105199104174339197470545e-06
10976,-3.0082886376788696224755456642974138503632e-06
10977,-3.0082886283989456354304083823825166632560e-06
10978,-3.0082886148109316105199104174339197470545e-06
10979,-3.0082886376788696224755456642974138503632e-06
10980,-3.0082886283989456354304083823825166632560e-06
10981,-3.0082886148109316105199104174339197470545e-06
10982,-3.0082886376788696224755456642974138503632e-06
10983,-3.0082886257553176905671105806350240641223e-06
10984,-3.0082886201680037674074680992264418932791e-06
10985,-3.0082886283989456354304083823825166632560e-06
10986,-3.0082886148109316105199104174339197470545e-06
10987,-3.0082886376788696224755456642974138503632e-06
10988,-3.0082886283989456354304083823825166632560e-06
10989,-3.0082886148109316105199104174339197470545e-06
10990,-3.0082886376788696224755456642974138503632e-06
10991,-3.0082886257553176905671105806350240641223e-06
10992,-3.0082886201680037674074680992264418932791e-06
10993,-3.0082886283989456354304083823825166632560e-06
10994,-3.0082886148109316105199104174339197470545e-06
10995,-3.0082886376788696224755456642974138503632e-06
10996,-3.0082886283989456354304083823825166632560e-06
10997,-3.0082886148109316105199104174339197470545e-06
10998,-3.0082886376788696224755456642974138503632e-06
10999,-3.0082886283989456354304083823825166632560e-06
11000,-3.0082886148109316105199104174339197470545e-06
11001,-3.0082886376788696224755456642974138503632e-06
11002,-3.0082886257553176905671105806350240641223e-06
11003,-3.0082886201680037674074680992264418932791e-06
11004,-3.0082886283989456354304083823825166632560e-06
11005,-3.0082886148109316105199104174339197470545e-06
11006,-3.0082886376788696224755456642974138503632e-06
11007,-3.0082886283989456354304083823825166632560e-06
11008,-3.0082886148109316105199104174339197470545e-06
11009,-3.0082886376788696224755456642974138503632e-06
11010,-3.0082886257553176905671105806350240641223e-06
11011,-3.0082886201680037674074680992264418932791e-06
11012,-3.0082886283989456354304083823825166632560e-06
11013,-3.0082886148109316105199104174339197470545e-06
11014,-3.0082886376788696224755456642974138503632e-06
11015,-3.0082886283989456354304083823825166632560e-06
11016,-3.0082886148109316105199104174339197470545e-06
11017,-3.0082886376788696224755456642974138503632e-06
11018,-3.0082886257553176905671105806350240641223e-06
11019,-3.0082886201680037674074680992264418932791e-06
11020,-3.0082886283989456354304083823825166632560e-06
11021,-3.0082886148109316105199104174339197470545e-06
11022,-3.0082886376788696224755456642974138503632e-06
11023,-3.0082886283989456354304083823825166632560e-06
11024,-3.0082886148109316105199104174339197470545e-06
11025,-3.0082886376788696224755456642974138503632e-06
11026,-3.0082886283989456354304083823825166632560e-06
11027,-3.0082886148109316105199104174339197470545e-06
11028,-3.0082886376788696224755456642974138503632e-06
11029,-3.0082886257553176905671105806350240641223e-06
11030,-3.0082886201680037674074680992264418932791e-06
11031,-3.0082886283989456354304083823825166632560e-06
11032,-3.0082886148109316105199104174339197470545e-06
11033,-3.0082886376788696224755456642974138503632e-06
11034,-3.0082886283989456354304083823825166632560e-06
11035,-3.0082886148109316105199104174339197470545e-06
11036,-3.0082886376788696224755456642974138503632e-06
11037,-3.0082886257553176905671105806350240641223e-06
11038,-3.0082886201680037674074680992264418932791e-06
11039,-3.0082886283989456354304083823825166632560e-06
11040,-3.0082886148109316105199104174339197470545e-06
11041,-3.0082886376788696224755456642974138503632e-06
11042,-3.0082886283989456354304083823825166632560e-06
11043,-3.0082886148109316105199104174339197470545e-06
11044,-3.0082886376788696224755456642974138503632e-06
11045,-3.0082886283989456354304083823825166632560e-06
11046,-3.0082886148109316105199104174339197470545e-06
11047,-3.0082886376788696224755456642974138503632e-06
11048,-3.0082886257553176905671105806350240641223e-06
11049,-3.0082886201680037674074680992264418932791e-06
11050,-3.0082886283989456354304083823825166632560e-06
11051,-3.0082886148109316105199104174339197470545e-06
11052,-3.0082886376788696224755456642974138503632e-06
11053,-3.0082886283989456354304083823825166632560e-06
11054,-3.0082886148109316105199104174339197470545e-06
11055,-3.0082886376788696224755456642974138503632e-06
11056,-3.0082886257553176905671105806350240641223e-06
11057,-3.0082886201680037674074680992264418932791e-06
11058,-3.0082886283989456354304083823825166632560e-06
11059,-3.0082886148109316105199104174339197470545e-06
11060,-3.0082886376788696224755456642974138503632e-06
11061,-3.0082886283989456354304083823825166632560e-06
11062,-3.0082886148109316105199104174339197470545e-06
11063,-3.0082886376788696224755456642974138503632e-06
11064,-3.0082886283989456354304083823825166632560e-06
11065,-3.0082886148109316105199104174339197470545e-06
11066,-3.0082886376788696224755456642974138503632e-06
11067,-3.0082886257553176905671105806350240641223e-06
11068,-3.0082886201680037674074680992264418932791e-06
11069,-3.0082886283989456354304083823825166632560e-06
11070,-3.0082886148109316105199104174339197470545e-06
11071,-3.0082886376788696224755456642974138503632e-06
11072,-3.0082886283989456354304083823825166632560e-06
11073,-3.0082886148109316105199104174339197470545e-06
11074,-3.0082886376788696224755456642974138503632e-06
11075,-3.0082886257553176905671105806350240641223e-06
11076,-3.0082886201680037674074680992264418932791e-06
11077,-3.0082886283989456354304083823825166632560e-06
11078,-3.0082886148109316105199104174339197470545e-06
11079,-3.0082886376788696224755456642974138503632e-06
11080,-3.0082886283989456354304083823825166632560e-06
11081,-3.0082886148109316105199104174339197470545e-06
11082,-3.0082886376788696224755456642974138503632e-06
11083,-3.0082886257553176905671105806350240641223e-06
11084,-3.0082886201680037674074680992264418932791e-06
11085,-3.0082886283989456354304083823825166632560e-06
11086,-3.0082886148109316105199104174339197470545e-06
11087,-3.0082886376788696224755456642974138503632e-06
11088,-3.0082886283989456354304083823825166632560e-06
11089,-3.0082886148109316105199104174339197470545e-06
11090,-3.0082886376788696224755456642974138503632e-06
11091,-3.0082886283989456354304083823825166632560e-06
11092,-3.0082886148109316105199104174339197470545e-06
11093,-3.0082886376788696224755456642974138503632e-06
11094,-3.0082886257553176905671105806350240641223e-06
11095,-3.0082886201680037674074680992264418932791e-06
11096,-3.0082886283989456354304083823825166632560e-06
11097,-3.0082886148109316105199104174339197470545e-06
11098,-3.0082886376788696224755456642974138503632e-06
11099,-3.0082886283989456354304083823825166632560e-06
11100,-3.0082886148109316105199104174339197470545e-06
11101,-3.0082886376788696224755456642974138503632e-06
11102,-3.0082886257553176905671105806350240641223e-06
11103,-3.0082886201680037674074680992264418932791e-06
11104,-3.0082886283989456354304083823825166632560e-06
11105,-3.0082886148109316105199104174339197470545e-06
11106,-3.0082886376788696224755456642974138503632e-06
11107,-3.0082886283989456354304083823825166632560e-06
11108,-3.0082886148109316105199104174339197470545e-06
11109,-3.0082886376788696224755456642974138503632e-06
11110,-3.0082886283989456354304083823825166632560e-06
11111,-3.0082886148109316105199104174339197470545e-06
11112,-3.0082886376788696224755456642974138503632e-06
11113,-3.0082886257553176905671105806350240641223e-06
11114,-3.0082886201680037674074680992264418932791e-06
11115,-3.0082886283989456354304083823825166632560e-06
11116,-3.0082886148109316105199104174339197470545e-06
11117,-3.0082886376788696224755456642974138503632e-06
11118,-3.0082886283989456354304083823825166632560e-06
11119,-3.0082886148109316105199104174339197470545e-06
11120,-3.0082886376788696224755456642974138503632e-06
11121,-3.0082886257553176905671105806350240641223e-06
11122,-3.0082886201680037674074680992264418932791e-06
11123,-3.0082886300588303623855090246363985784228e-06
11124,5.0194979919005244643079407748237306161976e-15
11125,-5.5298037655801211676052007335034774945176e-16
11126,-3.0103493637524500971714043473514976767547e-06
11127,-3.0103493774632546767970955881033034984284e-06
11128,-3.0103493862187348264179437978826925359499e-06
11129,-3.0103494173795230739619152582342564983264e-06
11130,-3.0103493768855989590768704872170147268662e-06
11131,-3.0103493774632546767970955881033034984284e-06
11132,-3.0103493862187348264179437978826925359499e-06
11133,-3.0103494173795230739619152582342564983264e-06
11134,-3.0103493768855989590768704872170147268662e-06
11135,-3.0103493774632546767970955881033034984284e-06
11136,-3.0103493862187348264179437978826925359499e-06
11137,-3.0103494173795230739619152582342564983264e-06
11138,-3.0103493768855989590768704872170147268662e-06
11139,-3.0103493774632546767970955881033034984284e-06
11140,-3.0103493862187348264179437978826925359499e-06
11141,-3.0103494173795230739619152582342564983264e-06
11142,-3.0103493768855989590768704872170147268662e-06
11143,-3.0103493774632546767970955881033034984284e-06
11144,-3.0103493862187348264179437978826925359499e-06
11145,-3.0103494173795230739619152582342564983264e-06
11146,-3.0103493768855989590768704872170147268662e-06
11147,-3.0103493774632546767970955881033034984284e-06
11148,-3.0103494086240903581861132892738552868650e-06
11149,-3.0103493768855989590768704872170147268662e-06
11150,-3.0103493774632546767970955881033034984284e-06
11151,-3.0103493862187348264179437978826925359499e-06
11152,-3.0103494173795230739619152582342564983264e-06
11153,-3.0103493768855989590768704872170147268662e-06
11154,-3.0103493774632546767970955881033034984284e-06
11155,-3.0103493862187348264179437978826925359499e-06
11156,-3.0103494173795230739619152582342564983264e-06
11157,-3.0103493768855989590768704872170147268662e-06
11158,-3.0103493774632546767970955881033034984284e-06
11159,-3.0103494086240903581861132892738552868650e-06
11160,-3.0103493768855989590768704872170147268662e-06
11161,-3.0103493774632546767970955881033034984284e-06
11162,-3.0103493862187348264179437978826925359499e-06
11163,-3.0103493993518836883234099377482095860614e-06
11164,-3.0103494173795230739619152582342564983264e-06
11165,-3.0103493768855989590768704872170147268662e-06
11166,-3.0103493774632546767970955881033034984284e-06
11167,-3.0103494086240903581861132892738552868650e-06
11168,-3.0103493768855989590768704872170147268662e-06
11169,-3.0103493774632546767970955881033034984284e-06
11170,-3.0103493862187348264179437978826925359499e-06
11171,-3.0103493993518836883234099377482095860614e-06
11172,-3.0103494173795230739619152582342564983264e-06
11173,-3.0103493768855989590768704872170147268662e-06
11174,-3.0103493774632546767970955881033034984284e-06
11175,-3.0103494086240903581861132892738552868650e-06
11176,-3.0103493768855989590768704872170147268662e-06
11177,-3.0103493774632546767970955881033034984284e-06
11178,-3.0103494086240903581861132892738552868650e-06
11179,-3.0103493768855989590768704872170147268662e-06
11180,-3.0103493774632546767970955881033034984284e-06
11181,-3.0103493862187348264179437978826925359499e-06
11182,-3.0103493993518836883234099377482095860614e-06
11183,-3.0103494173795230739619152582342564983264e-06
11184,-3.0103493768855989590768704872170147268662e-06
11185,-3.0103493774632546767970955881033034984284e-06
11186,-3.0103494086240903581861132892738552868650e-06
11187,-3.0103493768855989590768704872170147268662e-06
11188,-3.0103493774632546767970955881033034984284e-06
11189,-3.0103493862187348264179437978826925359499e-06
11190,-3.0103493993518836883234099377482095860614e-06
11191,-3.0103494173795230739619152582342564983264e-06
11192,-3.0103493768855989590768704872170147268662e-06
11193,-3.0103493774632546767970955881033034984284e-06
11194,-3.0103494086240903581861132892738552868650e-06
11195,-3.0103493768855989590768704872170147268662e-06
11196,-3.0103493774632546767970955881033034984284e-06
11197,-3.0103494086240903581861132892738552868650e-06
11198,-3.0103493663584193807162495831741821916694e-06
11199,-3.0103494178769063263037975702873794148218e-06
11200,-3.0103494020575157154751434057660119947286e-06
11201,-3.0103493687078219610212936191429022869670e-06
11202,-3.0103494086240903581861132892738552868650e-06
11203,-3.0103493768855989590768704872170147268662e-06
11204,-3.0103493774632546767970955881033034984284e-06
11205,-3.0103493794034687692942695719233725526465e-06
11206,-3.0103493762004297728781306714429533144539e-06
11207,-3.0103493378151395465575686921644305016343e-06
11208,-3.0103493630672804874561909044272667301811e-06
11209,-3.0103493378151395465575686921644305016343e-06
11210,-3.0103493584408729269138223910706742003640e-06
11211,-3.0103494013722753785088342287634688432263e-06
11212,-3.0103493903477362647288541330770073045642e-06
11213,-3.0103493630672804874561909044272667301811e-06
11214,-3.0103493378151395465575686921644305016343e-06
11215,-3.0103493630672804874561909044272667301811e-06
11216,-3.0103493378151395465575686921644305016343e-06
11217,-3.0103493630672804874561909044272667301811e-06
11218,-3.0103493378151395465575686921644305016343e-06
11219,-3.0103493630672804874561909044272667301811e-06
11220,-3.0103493378151395465575686921644305016343e-06
11221,-3.0103493630672804874561909044272667301811e-06
11222,-3.0103493378151395465575686921644305016343e-06
11223,-3.0103493630672804874561909044272667301811e-06
11224,-3.0103493378151395465575686921644305016343e-06
11225,-3.0103493630672804874561909044272667301811e-06
11226,-3.0103493378151395465575686921644305016343e-06
11227,-3.0103493630672804874561909044272667301811e-06
11228,-3.0103493378151395465575686921644305016343e-06
11229,-3.0103493630672804874561909044272667301811e-06
11230,-3.0103493378151395465575686921644305016343e-06
11231,-3.0103493584408729269138223910706742003640e-06
11232,-3.0103494013722753785088342287634688432263e-06
11233,-3.0103493903477362647288541330770073045642e-06
11234,-3.0103493630672804874561909044272667301811e-06
11235,-3.0103493378151395465575686921644305016343e-06
11236,-3.0103493630672804874561909044272667301811e-06
11237,-3.0103493378151395465575686921644305016343e-06
11238,-3.0103493630672804874561909044272667301811e-06
11239,-3.0103493378151395465575686921644305016343e-06
11240,-3.0103493630672804874561909044272667301811e-06
11241,-3.0103493378151395465575686921644305016343e-06
11242,-3.0103493630672804874561909044272667301811e-06
11243,-3.0103493378151395465575686921644305016343e-06
11244,-3.0103493630672804874561909044272667301811e-06
11245,-3.0103493378151395465575686921644305016343e-06
11246,-3.0103493630672804874561909044272667301811e-06
11247,-3.0103493378151395465575686921644305016343e-06
11248,-3.0103493630672804874561909044272667301811e-06
11249,-3.0103493378151395465575686921644305016343e-06
11250,-3.0103493630672804874561909044272667301811e-06
11251,-3.0103493378151395465575686921644305016343e-06
11252,-3.0103493584408729269138223910706742003640e-06
11253,-3.0103494013722753785088342287634688432263e-06
11254,-3.0103493903477362647288541330770073045642e-06
11255,-3.0103493630672804874561909044272667301811e-06
11256,-3.0103493378151395465575686921644305016343e-06
11257,-3.0103493630672804874561909044272667301811e-06
11258,-3.0103493378151395465575686921644305016343e-06
11259,-3.0103493630672804874561909044272667301811e-06
11260,-3.0103493378151395465575686921644305016343e-06
11261,-3.0103493630672804874561909044272667301811e-06
11262,-3.0103493378151395465575686921644305016343e-06
11263,-3.0103493630672804874561909044272667301811e-06
11264,-3.0103493378151395465575686921644305016343e-06
11265,-3.0103493630672804874561909044272667301811e-06
11266,-3.0103493643301291082976789414971108271857e-06
11267,-3.0103493867355083569883715532977674911308e-06
11268,-3.0103493768855989590768704872170147268662e-06
11269,-3.0103493774632546767970955881033034984284e-06
11270,-3.0103493862187348264179437978826925359499e-06
11271,-3.0103494173795230739619152582342564983264e-06
11272,-3.0103493768855989590768704872170147268662e-06
11273,-3.0103493774632546767970955881033034984284e-06
11274,-3.0103494086240903581861132892738552868650e-06
11275,-3.0103493768855989590768704872170147268662e-06
11276,-3.0103493774632546767970955881033034984284e-06
11277,-3.0103493862187348264179437978826925359499e-06
11278,-3.0103494173795230739619152582342564983264e-06
11279,-3.0103493768855989590768704872170147268662e-06
11280,-3.0103493774632546767970955881033034984284e-06
11281,-3.0103493862187348264179437978826925359499e-06
11282,-3.0103494173795230739619152582342564983264e-06
11283,-3.0103493768855989590768704872170147268662e-06
11284,-3.0103493774632546767970955881033034984284e-06
11285,-3.0103493862187348264179437978826925359499e-06
11286,-3.0103494173795230739619152582342564983264e-06
11287,-3.0103493768855989590768704872170147268662e-06
11288,-3.0103493774632546767970955881033034984284e-06
11289,-3.0103493862187348264179437978826925359499e-06
11290,-3.0103494173795230739619152582342564983264e-06
11291,-3.0103493768855989590768704872170147268662e-06
11292,-3.0103493774632546767970955881033034984284e-06
11293,-3.0103493862187348264179437978826925359499e-06
11294,-3.0103494173795230739619152582342564983264e-06
11295,-3.0103493768855989590768704872170147268662e-06
11296,-3.0103493774632546767970955881033034984284e-06
11297,-3.0103494086240903581861132892738552868650e-06
11298,-3.0103493768855989590768704872170147268662e-06
11299,-3.0103493774632546767970955881033034984284e-06
11300,-3.0103493862187348264179437978826925359499e-06
11301,-3.0103494173795230739619152582342564983264e-06
11302,-3.0103493768855989590768704872170147268662e-06
11303,-3.0103493774632546767970955881033034984284e-06
11304,-3.0103493862187348264179437978826925359499e-06
11305,-3.0103494173795230739619152582342564983264e-06
11306,-3.0103493768855989590768704872170147268662e-06
11307,-3.0103493774632546767970955881033034984284e-06
11308,-3.0103493862187348264179437978826925359499e-06
11309,-3.0103494173795230739619152582342564983264e-06
11310,-3.0103493768855989590768704872170147268662e-06
11311,-3.0103493774632546767970955881033034984284e-06
11312,-3.0103493862187348264179437978826925359499e-06
11313,-3.0103494173795230739619152582342564983264e-06
11314,-3.0103493768855989590768704872170147268662e-06
11315,-3.0103493774632546767970955881033034984284e-06
11316,-3.0103494086240903581861132892738552868650e-06
11317,-3.0103493768855989590768704872170147268662e-06
11318,-3.0103493774632546767970955881033034984284e-06
11319,-3.0103493862187348264179437978826925359499e-06
11320,-3.0103494173795230739619152582342564983264e-06
11321,-3.0103493768855989590768704872170147268662e-06
11322,-3.0103493774632546767970955881033034984284e-06
11323,-3.0103493862187348264179437978826925359499e-06
11324,-3.0103494173795230739619152582342564983264e-06
11325,-3.0103493768855989590768704872170147268662e-06
11326,-3.0103493774632546767970955881033034984284e-06
11327,-3.0103493862187348264179437978826925359499e-06
11328,-3.0103494173795230739619152582342564983264e-06
11329,-3.0103493768855989590768704872170147268662e-06
11330,-3.0103493774632546767970955881033034984284e-06
11331,-3.0103493862187348264179437978826925359499e-06
11332,-3.0103494173795230739619152582342564983264e-06
11333,-3.0103493768855989590768704872170147268662e-06
11334,-3.0103493774632546767970955881033034984284e-06
11335,-3.0103493862187348264179437978826925359499e-06
11336,-3.0103494173795230739619152582342564983264e-06
11337,-3.0103493768855989590768704872170147268662e-06
11338,-3.0103493774632546767970955881033034984284e-06
11339,-3.0103494086240903581861132892738552868650e-06
11340,-3.0103493768855989590768704872170147268662e-06
11341,-3.0103493774632546767970955881033034984284e-06
11342,-3.0103493862187348264179437978826925359499e-06
11343,-3.0103494173795230739619152582342564983264e-06
11344,-3.0103493768855989590768704872170147268662e-06
11345,-3.0103493774632546767970955881033034984284e-06
11346,-3.0103493862187348264179437978826925359499e-06
11347,-3.0103494173795230739619152582342564983264e-06
11348,-3.0103493768855989590768704872170147268662e-06
11349,-3.0103493774632546767970955881033034984284e-06
11350,-3.0103493862187348264179437978826925359499e-06
11351,-3.0103494173795230739619152582342564983264e-06
11352,-3.0103493768855989590768704872170147268662e-06
11353,-3.0103493774632546767970955881033034984284e-06
11354,-3.0103493862187348264179437978826925359499e-06
11355,-3.0103494173795230739619152582342564983264e-06
11356,-3.0103493768855989590768704872170147268662e-06
11357,-3.0103493774632546767970955881033034984284e-06
11358,-3.0103494086240903581861132892738552868650e-06
11359,-3.0103493768855989590768704872170147268662e-06
11360,-3.0103493774632546767970955881033034984284e-06
11361,-3.0103493862187348264179437978826925359499e-06
11362,-3.0103494173795230739619152582342564983264e-06
11363,-3.0103493768855989590768704872170147268662e-06
11364,-3.0103493774632546767970955881033034984284e-06
11365,-3.0103493862187348264179437978826925359499e-06
11366,-3.0103494173795230739619152582342564983264e-06
11367,-3.0103493768855989590768704872170147268662e-06
11368,-3.0103493774632546767970955881033034984284e-06
11369,-3.0103493862187348264179437978826925359499e-06
11370,-3.0103494173795230739619152582342564983264e-06
11371,-3.0103493768855989590768704872170147268662e-06
11372,-3.0103493774632546767970955881033034984284e-06
11373,-3.0103493862187348264179437978826925359499e-06
11374,-3.0103494173795230739619152582342564983264e-06
11375,-3.0103493768855989590768704872170147268662e-06
11376,-3.0103493774632546767970955881033034984284e-06
11377,-3.0103493862187348264179437978826925359499e-06
11378,-3.0103494173795230739619152582342564983264e-06
11379,-3.0103493768855989590768704872170147268662e-06
11380,-3.0103493774632546767970955881033034984284e-06
11381,-3.0103494086240903581861132892738552868650e-06
11382,-3.0103493768855989590768704872170147268662e-06
11383,-3.0103493774632546767970955881033034984284e-06
11384,-3.0103493862187348264179437978826925359499e-06
11385,-3.0103494173795230739619152582342564983264e-06
11386,-3.0103493768855989590768704872170147268662e-06
11387,-3.0103493774632546767970955881033034984284e-06
11388,-3.0103493862187348264179437978826925359499e-06
11389,-3.0103494173795230739619152582342564983264e-06
11390,-3.0103493768855989590768704872170147268662e-06
11391,-3.0103493774632546767970955881033034984284e-06
11392,-3.0103493862187348264179437978826925359499e-06
11393,-3.0103494173795230739619152582342564983264e-06
11394,-3.0103493768855989590768704872170147268662e-06
11395,-3.0103493774632546767970955881033034984284e-06
11396,-3.0103493862187348264179437978826925359499e-06
11397,-3.0103494173795230739619152582342564983264e-06
11398,-3.0103493768855989590768704872170147268662e-06
11399,-3.0103493774632546767970955881033034984284e-06
11400,-3.0103493862187348264179437978826925359499e-06
11401,-3.0103494173795230739619152582342564983264e-06
11402,-3.0103493768855989590768704872170147268662e-06
11403,-3.0103493774632546767970955881033034984284e-06
11404,-3.0103494086240903581861132892738552868650e-06
11405,-3.0103493768855989590768704872170147268662e-06
11406,-3.0103493774632546767970955881033034984284e-06
11407,-3.0103493862187348264179437978826925359499e-06
11408,-3.0103494173795230739619152582342564983264e-06
11409,-3.0103493663584193807162495831741821916694e-06
11410,-3.0103494178769063263037975702873794148218e-06
11411,-3.0103493917102704990668062684511241400287e-06
11412,-3.0103493389976441277366709520224574703207e-06
11413,-3.0103493740997423239083140983352038233534e-06
11414,-3.0103493917102704990668062684511241400287e-06
11415,-3.0103493389976441277366709520224574703207e-06
11416,-3.0103493740997423239083140983352038233534e-06
11417,-3.0103494013801976776645036998347748635751e-06
11418,-3.0103493959883243251060558343112916190876e-06
11419,-3.0103493917102704990668062684511241400287e-06
11420,-3.0103493389976441277366709520224574703207e-06
11421,-3.0103493740997423239083140983352038233534e-06
11422,-3.0103493917102704990668062684511241400287e-06
11423,-3.0103493389976441277366709520224574703207e-06
11424,-3.0103493740997423239083140983352038233534e-06
11425,-3.0103493917102704990668062684511241400287e-06
11426,-3.0103493389976441277366709520224574703207e-06
11427,-3.0103493740997423239083140983352038233534e-06
11428,-3.0103494013801976776645036998347748635751e-06
11429,-3.0103493959883243251060558343112916190876e-06
11430,-3.0103493917102704990668062684511241400287e-06
11431,-3.0103493389976441277366709520224574703207e-06
11432,-3.0103493740997423239083140983352038233534e-06
11433,-3.0103493917102704990668062684511241400287e-06
11434,-3.0103493389976441277366709520224574703207e-06
11435,-3.0103493740997423239083140983352038233534e-06
11436,-3.0103494013801976776645036998347748635751e-06
11437,-3.0103493959883243251060558343112916190876e-06
11438,-3.0103493917102704990668062684511241400287e-06
11439,-3.0103493389976441277366709520224574703207e-06
11440,-3.0103493740997423239083140983352038233534e-06
11441,-3.0103493917102704990668062684511241400287e-06
11442,-3.0103493389976441277366709520224574703207e-06
11443,-3.0103493740997423239083140983352038233534e-06
11444,-3.0103493917102704990668062684511241400287e-06
11445,-3.0103493389976441277366709520224574703207e-06
11446,-3.0103493740997423239083140983352038233534e-06
11447,-3.0103494013801976776645036998347748635751e-06
11448,-3.0103493959883243251060558343112916190876e-06
11449,-3.0103493917102704990668062684511241400287e-06
11450,-3.0103493389976441277366709520224574703207e-06
11451,-3.0103493740997423239083140983352038233534e-06
11452,-3.0103493917102704990668062684511241400287e-06
11453,-3.0103493389976441277366709520224574703207e-06
11454,-3.0103493740997423239083140983352038233534e-06
11455,-3.0103494013801976776645036998347748635751e-06
11456,-3.0103493959883243251060558343112916190876e-06
11457,-3.0103493917102704990668062684511241400287e-06
11458,-3.0103493389976441277366709520224574703207e-06
11459,-3.0103493740997423239083140983352038233534e-06
11460,-3.0103493917102704990668062684511241400287e-06
11461,-3.0103493389976441277366709520224574703207e-06
11462,-3.0103493740997423239083140983352038233534e-06
11463,-3.0103494013801976776645036998347748635751e-06
11464,-3.0103493959883243251060558343112916190876e-06
11465,-3.0103493917102704990668062684511241400287e-06
11466,-3.0103493389976441277366709520224574703207e-06
11467,-3.0103493740997423239083140983352038233534e-06
11468,-3.0103493917102704990668062684511241400287e-06
11469,-3.0103493389976441277366709520224574703207e-06
11470,-3.0103493740997423239083140983352038233534e-06
11471,-3.0103493917102704990668062684511241400287e-06
11472,-3.0103493389976441277366709520224574703207e-06
11473,-3.0103493740997423239083140983352038233534e-06
11474,-3.0103494013801976776645036998347748635751e-06
11475,-3.0103493959883243251060558343112916190876e-06
11476,-3.0103493917102704990668062684511241400287e-06
11477,-3.0103493389976441277366709520224574703207e-06
11478,-3.0103493740997423239083140983352038233534e-06
11479,-3.0103493917102704990668062684511241400287e-06
11480,-3.0103493389976441277366709520224574703207e-06
11481,-3.0103493740997423239083140983352038233534e-06
11482,-3.0103494013801976776645036998347748635751e-06
11483,-3.0103493959883243251060558343112916190876e-06
11484,-3.0103493917102704990668062684511241400287e-06
11485,-3.0103493389976441277366709520224574703207e-06
11486,-3.0103493740997423239083140983352038233534e-06
11487,-3.0103493917102704990668062684511241400287e-06
11488,-3.0103493389976441277366709520224574703207e-06
11489,-3.0103493740997423239083140983352038233534e-06
11490,-3.0103493917102704990668062684511241400287e-06
11491,-3.0103493389976441277366709520224574703207e-06
11492,-3.0103493740997423239083140983352038233534e-06
11493,-3.0103494013801976776645036998347748635751e-06
11494,-3.0103493959883243251060558343112916190876e-06
11495,-3.0103493917102704990668062684511241400287e-06
11496,-3.0103493389976441277366709520224574703207e-06
11497,-3.0103493740997423239083140983352038233534e-06
11498,-3.0103493917102704990668062684511241400287e-06
11499,-3.0103493389976441277366709520224574703207e-06
11500,-3.0103493740997423239083140983352038233534e-06
11501,-3.0103494013801976776645036998347748635751e-06
11502,-3.0103493959883243251060558343112916190876e-06
11503,-3.0103493917102704990668062684511241400287e-06
11504,-3.0103493389976441277366709520224574703207e-06
11505,-3.0103493740997423239083140983352038233534e-06
11506,-3.0103493917102704990668062684511241400287e-06
11507,-3.0103493389976441277366709520224574703207e-06
11508,-3.0103493740997423239083140983352038233534e-06
11509,-3.0103493917102704990668062684511241400287e-06
11510,-3.0103493389976441277366709520224574703207e-06
11511,-3.0103493740997423239083140983352038233534e-06
11512,-3.0103494013801976776645036998347748635751e-06
11513,-3.0103493959883243251060558343112916190876e-06
11514,-3.0103493917102704990668062684511241400287e-06
11515,-3.0103493389976441277366709520224574703207e-06
11516,-3.0103493740997423239083140983352038233534e-06
11517,-3.0103493917102704990668062684511241400287e-06
11518,-3.0103493389976441277366709520224574703207e-06
11519,-3.0103493740997423239083140983352038233534e-06
11520,-3.0103494013801976776645036998347748635751e-06
11521,-3.0103493959883243251060558343112916190876e-06
11522,-3.0103493917102704990668062684511241400287e-06
11523,-3.0103493389976441277366709520224574703207e-06
11524,-3.0103493740997423239083140983352038233534e-06
11525,-3.0103493917102704990668062684511241400287e-06
11526,-3.0103493389976441277366709520224574703207e-06
11527,-3.0103493740997423239083140983352038233534e-06
11528,-3.0103494013801976776645036998347748635751e-06
11529,-3.0103493959883243251060558343112916190876e-06
11530,-3.0103493917102704990668062684511241400287e-06
11531,-3.0103493389976441277366709520224574703207e-06
11532,-3.0103493740997423239083140983352038233534e-06
11533,-3.0103493917102704990668062684511241400287e-06
11534,-3.0103493389976441277366709520224574703207e-06
11535,-3.0103493740997423239083140983352038233534e-06
11536,-3.0103493917102704990668062684511241400287e-06
11537,-3.0103493389976441277366709520224574703207e-06
11538,-3.0103493740997423239083140983352038233534e-06
11539,-3.0103494013801976776645036998347748635751e-06
11540,-3.0103493959883243251060558343112916190876e-06
11541,-3.0103493917102704990668062684511241400287e-06
11542,-3.0103493389976441277366709520224574703207e-06
11543,-3.0103493740997423239083140983352038233534e-06
11544,-3.0103493917102704990668062684511241400287e-06
11545,-3.0103493389976441277366709520224574703207e-06
11546,-3.0103493740997423239083140983352038233534e-06
11547,-3.0103494013801976776645036998347748635751e-06
11548,-3.0103493959883243251060558343112916190876e-06
11549,-3.0103493917102704990668062684511241400287e-06
11550,-3.0103493389976441277366709520224574703207e-06
11551,-3.0103493740997423239083140983352038233534e-06
11552,-3.0103493917102704990668062684511241400287e-06
11553,-3.0103493389976441277366709520224574703207e-06
11554,-3.0103493740997423239083140983352038233534e-06
11555,-3.0103493917102704990668062684511241400287e-06
11556,-3.0103493389976441277366709520224574703207e-06
11557,-3.0103493740997423239083140983352038233534e-06
11558,-3.0103494013801976776645036998347748635751e-06
11559,-3.0103493959883243251060558343112916190876e-06
11560,-3.0103493917102704990668062684511241400287e-06
11561,-3.0103493389976441277366709520224574703207e-06
11562,-3.0103493740997423239083140983352038233534e-06
11563,-3.0103493917102704990668062684511241400287e-06
11564,-3.0103493389976441277366709520224574703207e-06
11565,-3.0103493740997423239083140983352038233534e-06
11566,-3.0103494013801976776645036998347748635751e-06
11567,-3.0103493959883243251060558343112916190876e-06
11568,-3.0103494098428572668701194009477362101279e-06
11569,2.2630621426902911430199678867927811491474e-15
11570,-2.4174462916211558450829266050728192026182e-15
11571,-3.0126421684713812852295534289170930719592e-06
11572,-3.0126421792702348229607296065113430927340e-06
11573,-3.0126421934978607905183684706473812298100e-06
11574,-3.0126422078708765753404189707831406508376e-06
11575,-3.0126421509605158536779494909962906490364e-06
11576,-3.0126421792702348229607296065113430927340e-06
11577,-3.0126421934978607905183684706473812298100e-06
11578,-3.0126422078708765753404189707831406508376e-06
11579,-3.0126421509605158536779494909962906490364e-06
11580,-3.0126421792702348229607296065113430927340e-06
11581,-3.0126421934978607905183684706473812298100e-06
11582,-3.0126422078708765753404189707831406508376e-06
11583,-3.0126421509605158536779494909962906490364e-06
11584,-3.0126421792702348229607296065113430927340e-06
11585,-3.0126421934978607905183684706473812298100e-06
11586,-3.0126422078708765753404189707831406508376e-06
11587,-3.0126421509605158536779494909962906490364e-06
11588,-3.0126421792702348229607296065113430927340e-06
11589,-3.0126421934978607905183684706473812298100e-06
11590,-3.0126422078708765753404189707831406508376e-06
11591,-3.0126421509605158536779494909962906490364e-06
11592,-3.0126421792702348229607296065113430927340e-06
11593,-3.0126422078708765753404189707831406508376e-06
11594,-3.0126421509605158536779494909962906490364e-06
11595,-3.0126421792702348229607296065113430927340e-06
11596,-3.0126421934978607905183684706473812298100e-06
11597,-3.0126422078708765753404189707831406508376e-06
11598,-3.0126421509605158536779494909962906490364e-06
11599,-3.0126421792702348229607296065113430927340e-06
11600,-3.0126421934978607905183684706473812298100e-06
11601,-3.0126422078708765753404189707831406508376e-06
11602,-3.0126421509605158536779494909962906490364e-06
11603,-3.0126421792702348229607296065113430927340e-06
11604,-3.0126422078708765753404189707831406508376e-06
11605,-3.0126421509605158536779494909962906490364e-06
11606,-3.0126421792702348229607296065113430927340e-06
11607,-3.0126421934978607905183684706473812298100e-06
11608,-3.0126422022532939298106440667579519754327e-06
11609,-3.0126422078708765753404189707831406508376e-06
11610,-3.0126421509605158536779494909962906490364e-06
11611,-3.0126421792702348229607296065113430927340e-06
11612,-3.0126422078708765753404189707831406508376e-06
11613,-3.0126421509605158536779494909962906490364e-06
11614,-3.0126421792702348229607296065113430927340e-06
11615,-3.0126421934978607905183684706473812298100e-06
11616,-3.0126422022532939298106440667579519754327e-06
11617,-3.0126422078708765753404189707831406508376e-06
11618,-3.0126421509605158536779494909962906490364e-06
11619,-3.0126421792702348229607296065113430927340e-06
11620,-3.0126422078708765753404189707831406508376e-06
11621,-3.0126421509605158536779494909962906490364e-06
11622,-3.0126421792702348229607296065113430927340e-06
11623,-3.0126422078708765753404189707831406508376e-06
11624,-3.0126421509605158536779494909962906490364e-06
11625,-3.0126421792702348229607296065113430927340e-06
11626,-3.0126421934978607905183684706473812298100e-06
11627,-3.0126422022532939298106440667579519754327e-06
11628,-3.0126422078708765753404189707831406508376e-06
11629,-3.0126421509605158536779494909962906490364e-06
11630,-3.0126421792702348229607296065113430927340e-06
11631,-3.0126422078708765753404189707831406508376e-06
11632,-3.0126421509605158536779494909962906490364e-06
11633,-3.0126421792702348229607296065113430927340e-06
11634,-3.0126421934978607905183684706473812298100e-06
11635,-3.0126422022532939298106440667579519754327e-06
11636,-3.0126422078708765753404189707831406508376e-06
11637,-3.0126421509605158536779494909962906490364e-06
11638,-3.0126421792702348229607296065113430927340e-06
11639,-3.0126422078708765753404189707831406508376e-06
11640,-3.0126421509605158536779494909962906490364e-06
11641,-3.0126421792702348229607296065113430927340e-06
11642,-3.0126422078708765753404189707831406508376e-06
11643,-3.0126421502280932404507340222066247292787e-06
11644,-3.0126422150929501106572314106379906206712e-06
11645,-3.0126422002098726843387962309739336319581e-06
11646,-3.0126421705148021071849276375509418812726e-06
11647,-3.0126422078708765753404189707831406508376e-06
11648,-3.0126421509605158536779494909962906490364e-06
11649,-3.0126421792702348229607296065113430927340e-06
11650,-3.0126421816786061429877235234853216638840e-06
11651,-3.0126421655556385003466544902916979253860e-06
11652,-3.0126421247682691382477771641079655751128e-06
11653,-3.0126421480447726452785769252207259683018e-06
11654,-3.0126421247682691382477771641079655751128e-06
11655,-3.0126421635862453933659907412412337635033e-06
11656,-3.0126422060494910409476562729302884235949e-06
11657,-3.0126421948117317114871401700915143351267e-06
11658,-3.0126421480447726452785769252207259683018e-06
11659,-3.0126421247682691382477771641079655751128e-06
11660,-3.0126421480447726452785769252207259683018e-06
11661,-3.0126421247682691382477771641079655751128e-06
11662,-3.0126421480447726452785769252207259683018e-06
11663,-3.0126421247682691382477771641079655751128e-06
11664,-3.0126421480447726452785769252207259683018e-06
11665,-3.0126421247682691382477771641079655751128e-06
11666,-3.0126421480447726452785769252207259683018e-06
11667,-3.0126421247682691382477771641079655751128e-06
11668,-3.0126421480447726452785769252207259683018e-06
11669,-3.0126421247682691382477771641079655751128e-06
11670,-3.0126421480447726452785769252207259683018e-06
11671,-3.0126421247682691382477771641079655751128e-06
11672,-3.0126421480447726452785769252207259683018e-06
11673,-3.0126421247682691382477771641079655751128e-06
11674,-3.0126421480447726452785769252207259683018e-06
11675,-3.0126421247682691382477771641079655751128e-06
11676,-3.0126421635862453933659907412412337635033e-06
11677,-3.0126422060494910409476562729302884235949e-06
11678,-3.0126421948117317114871401700915143351267e-06
11679,-3.0126421480447726452785769252207259683018e-06
11680,-3.0126421247682691382477771641079655751128e-06
11681,-3.0126421480447726452785769252207259683018e-06
11682,-3.0126421247682691382477771641079655751128e-06
11683,-3.0126421480447726452785769252207259683018e-06
11684,-3.0126421247682691382477771641079655751128e-06
11685,-3.0126421480447726452785769252207259683018e-06
11686,-3.0126421247682691382477771641079655751128e-06
11687,-3.0126421480447726452785769252207259683018e-06
11688,-3.0126421247682691382477771641079655751128e-06
11689,-3.0126421480447726452785769252207259683018e-06
11690,-3.0126421247682691382477771641079655751128e-06
11691,-3.0126421480447726452785769252207259683018e-06
11692,-3.0126421247682691382477771641079655751128e-06
11693,-3.0126421480447726452785769252207259683018e-06
11694,-3.0126421247682691382477771641079655751128e-06
11695,-3.0126421480447726452785769252207259683018e-06
11696,-3.0126421247682691382477771641079655751128e-06
11697,-3.0126421635862453933659907412412337635033e-06
11698,-3.0126422060494910409476562729302884235949e-06
11699,-3.0126421948117317114871401700915143351267e-06
11700,-3.0126421480447726452785769252207259683018e-06
11701,-3.0126421247682691382477771641079655751128e-06
11702,-3.0126421480447726452785769252207259683018e-06
11703,-3.0126421247682691382477771641079655751128e-06
11704,-3.0126421480447726452785769252207259683018e-06
11705,-3.0126421247682691382477771641079655751128e-06
11706,-3.0126421480447726452785769252207259683018e-06
11707,-3.0126421247682691382477771641079655751128e-06
11708,-3.0126421480447726452785769252207259683018e-06
11709,-3.0126421247682691382477771641079655751128e-06
11710,-3.0126421480447726452785769252207259683018e-06
11711,-3.0126421617593931083316487890000345828412e-06
11712,-3.0126421903600111437888150328623382279147e-06
11713,-3.0126421509605158536779494909962906490364e-06
11714,-3.0126421792702348229607296065113430927340e-06
11715,-3.0126421934978607905183684706473812298100e-06
11716,-3.0126422078708765753404189707831406508376e-06
11717,-3.0126421509605158536779494909962906490364e-06
11718,-3.0126421792702348229607296065113430927340e-06
11719,-3.0126422078708765753404189707831406508376e-06
11720,-3.0126421509605158536779494909962906490364e-06
11721,-3.0126421792702348229607296065113430927340e-06
11722,-3.0126421934978607905183684706473812298100e-06
11723,-3.0126422078708765753404189707831406508376e-06
11724,-3.0126421509605158536779494909962906490364e-06
11725,-3.0126421792702348229607296065113430927340e-06
11726,-3.0126421934978607905183684706473812298100e-06
11727,-3.0126422078708765753404189707831406508376e-06
11728,-3.0126421509605158536779494909962906490364e-06
11729,-3.0126421792702348229607296065113430927340e-06
11730,-3.0126421934978607905183684706473812298100e-06
11731,-3.0126422078708765753404189707831406508376e-06
11732,-3.0126421509605158536779494909962906490364e-06
11733,-3.0126421792702348229607296065113430927340e-06
11734,-3.0126421934978607905183684706473812298100e-06
11735,-3.0126422078708765753404189707831406508376e-06
11736,-3.0126421509605158536779494909962906490364e-06
11737,-3.0126421792702348229607296065113430927340e-06
11738,-3.0126421934978607905183684706473812298100e-06
11739,-3.0126422078708765753404189707831406508376e-06
11740,-3.0126421509605158536779494909962906490364e-06
11741,-3.0126421792702348229607296065113430927340e-06
11742,-3.0126422078708765753404189707831406508376e-06
11743,-3.0126421509605158536779494909962906490364e-06
11744,-3.0126421792702348229607296065113430927340e-06
11745,-3.0126421934978607905183684706473812298100e-06
11746,-3.0126422078708765753404189707831406508376e-06
11747,-3.0126421509605158536779494909962906490364e-06
11748,-3.0126421792702348229607296065113430927340e-06
11749,-3.0126421934978607905183684706473812298100e-06
11750,-3.0126422078708765753404189707831406508376e-06
11751,-3.0126421509605158536779494909962906490364e-06
11752,-3.0126421792702348229607296065113430927340e-06
11753,-3.0126421934978607905183684706473812298100e-06
11754,-3.0126422078708765753404189707831406508376e-06
11755,-3.0126421509605158536779494909962906490364e-06
11756,-3.0126421792702348229607296065113430927340e-06
11757,-3.0126421934978607905183684706473812298100e-06
11758,-3.0126422078708765753404189707831406508376e-06
11759,-3.0126421509605158536779494909962906490364e-06
11760,-3.0126421792702348229607296065113430927340e-06
11761,-3.0126422078708765753404189707831406508376e-06
11762,-3.0126421509605158536779494909962906490364e-06
11763,-3.0126421792702348229607296065113430927340e-06
11764,-3.0126421934978607905183684706473812298100e-06
11765,-3.0126422078708765753404189707831406508376e-06
11766,-3.0126421509605158536779494909962906490364e-06
11767,-3.0126421792702348229607296065113430927340e-06
11768,-3.0126421934978607905183684706473812298100e-06
11769,-3.0126422078708765753404189707831406508376e-06
11770,-3.0126421509605158536779494909962906490364e-06
11771,-3.0126421792702348229607296065113430927340e-06
11772,-3.0126421934978607905183684706473812298100e-06
11773,-3.0126422078708765753404189707831406508376e-06
11774,-3.0126421509605158536779494909962906490364e-06
11775,-3.0126421792702348229607296065113430927340e-06
11776,-3.0126421934978607905183684706473812298100e-06
11777,-3.0126422078708765753404189707831406508376e-06
11778,-3.0126421509605158536779494909962906490364e-06
11779,-3.0126421792702348229607296065113430927340e-06
11780,-3.0126421934978607905183684706473812298100e-06
11781,-3.0126422078708765753404189707831406508376e-06
11782,-3.0126421509605158536779494909962906490364e-06
11783,-3.0126421792702348229607296065113430927340e-06
11784,-3.0126422078708765753404189707831406508376e-06
11785,-3.0126421509605158536779494909962906490364e-06
11786,-3.0126421792702348229607296065113430927340e-06
11787,-3.0126421934978607905183684706473812298100e-06
11788,-3.0126422078708765753404189707831406508376e-06
11789,-3.0126421509605158536779494909962906490364e-06
11790,-3.0126421792702348229607296065113430927340e-06
11791,-3.0126421934978607905183684706473812298100e-06
11792,-3.0126422078708765753404189707831406508376e-06
11793,-3.0126421509605158536779494909962906490364e-06
11794,-3.0126421792702348229607296065113430927340e-06
11795,-3.0126421934978607905183684706473812298100e-06
11796,-3.0126422078708765753404189707831406508376e-06
11797,-3.0126421509605158536779494909962906490364e-06
11798,-3.0126421792702348229607296065113430927340e-06
11799,-3.0126421934978607905183684706473812298100e-06
11800,-3.0126422078708765753404189707831406508376e-06
11801,-3.0126421509605158536779494909962906490364e-06
11802,-3.0126421792702348229607296065113430927340e-06
11803,-3.0126422078708765753404189707831406508376e-06
11804,-3.0126421509605158536779494909962906490364e-06
11805,-3.0126421792702348229607296065113430927340e-06
11806,-3.0126421934978607905183684706473812298100e-06
11807,-3.0126422078708765753404189707831406508376e-06
11808,-3.0126421509605158536779494909962906490364e-06
11809,-3.0126421792702348229607296065113430927340e-06
11810,-3.0126421934978607905183684706473812298100e-06
11811,-3.0126422078708765753404189707831406508376e-06
11812,-3.0126421509605158536779494909962906490364e-06
11813,-3.0126421792702348229607296065113430927340e-06
11814,-3.0126421934978607905183684706473812298100e-06
11815,-3.0126422078708765753404189707831406508376e-06
11816,-3.0126421509605158536779494909962906490364e-06
11817,-3.0126421792702348229607296065113430927340e-06
11818,-3.0126421934978607905183684706473812298100e-06
11819,-3.0126422078708765753404189707831406508376e-06
11820,-3.0126421509605158536779494909962906490364e-06
11821,-3.0126421792702348229607296065113430927340e-06
11822,-3.0126421934978607905183684706473812298100e-06
11823,-3.0126422078708765753404189707831406508376e-06
11824,-3.0126421509605158536779494909962906490364e-06
11825,-3.0126421792702348229607296065113430927340e-06
11826,-3.0126422078708765753404189707831406508376e-06
11827,-3.0126421509605158536779494909962906490364e-06
11828,-3.0126421792702348229607296065113430927340e-06
11829,-3.0126421934978607905183684706473812298100e-06
11830,-3.0126422078708765753404189707831406508376e-06
11831,-3.0126421509605158536779494909962906490364e-06
11832,-3.0126421792702348229607296065113430927340e-06
11833,-3.0126421934978607905183684706473812298100e-06
11834,-3.0126422078708765753404189707831406508376e-06
11835,-3.0126421509605158536779494909962906490364e-06
11836,-3.0126421792702348229607296065113430927340e-06
11837,-3.0126421934978607905183684706473812298100e-06
11838,-3.0126422078708765753404189707831406508376e-06
11839,-3.0126421509605158536779494909962906490364e-06
11840,-3.0126421792702348229607296065113430927340e-06
11841,-3.0126421934978607905183684706473812298100e-06
11842,-3.0126422078708765753404189707831406508376e-06
11843,-3.0126421509605158536779494909962906490364e-06
11844,-3.0126421792702348229607296065113430927340e-06
11845,-3.0126421934978607905183684706473812298100e-06
11846,-3.0126422078708765753404189707831406508376e-06
11847,-3.0126421509605158536779494909962906490364e-06
11848,-3.0126421792702348229607296065113430927340e-06
11849,-3.0126422078708765753404189707831406508376e-06
11850,-3.0126421509605158536779494909962906490364e-06
11851,-3.0126421792702348229607296065113430927340e-06
11852,-3.0126421934978607905183684706473812298100e-06
11853,-3.0126422078708765753404189707831406508376e-06
11854,-3.0126421502280932404507340222066247292787e-06
11855,-3.0126422150929501106572314106379906206712e-06
11856,-3.0126421973655148716351743348740299666133e-06
11857,-3.0126421480391868865079084416347399155711e-06
11858,-3.0126421713157861082617479386858150292028e-06
11859,-3.0126421973655148716351743348740299666133e-06
11860,-3.0126421480391868865079084416347399155711e-06
11861,-3.0126421713157861082617479386858150292028e-06
11862,-3.0126422027607369689505920767880198241073e-06
11863,-3.0126421800712188240375499076462162406642e-06
11864,-3.0126421973655148716351743348740299666133e-06
11865,-3.0126421480391868865079084416347399155711e-06
11866,-3.0126421713157861082617479386858150292028e-06
11867,-3.0126421973655148716351743348740299666133e-06
11868,-3.0126421480391868865079084416347399155711e-06
11869,-3.0126421713157861082617479386858150292028e-06
11870,-3.0126421973655148716351743348740299666133e-06
11871,-3.0126421480391868865079084416347399155711e-06
11872,-3.0126421713157861082617479386858150292028e-06
11873,-3.0126422027607369689505920767880198241073e-06
11874,-3.0126421800712188240375499076462162406642e-06
11875,-3.0126421973655148716351743348740299666133e-06
11876,-3.0126421480391868865079084416347399155711e-06
11877,-3.0126421713157861082617479386858150292028e-06
11878,-3.0126421973655148716351743348740299666133e-06
11879,-3.0126421480391868865079084416347399155711e-06
11880,-3.0126421713157861082617479386858150292028e-06
11881,-3.0126422027607369689505920767880198241073e-06
11882,-3.0126421800712188240375499076462162406642e-06
11883,-3.0126421973655148716351743348740299666133e-06
11884,-3.0126421480391868865079084416347399155711e-06
11885,-3.0126421713157861082617479386858150292028e-06
11886,-3.0126421973655148716351743348740299666133e-06
11887,-3.0126421480391868865079084416347399155711e-06
11888,-3.0126421713157861082617479386858150292028e-06
11889,-3.0126421973655148716351743348740299666133e-06
11890,-3.0126421480391868865079084416347399155711e-06
11891,-3.0126421713157861082617479386858150292028e-06
11892,-3.0126422027607369689505920767880198241073e-06
11893,-3.0126421800712188240375499076462162406642e-06
11894,-3.0126421973655148716351743348740299666133e-06
11895,-3.0126421480391868865079084416347399155711e-06
11896,-3.0126421713157861082617479386858150292028e-06
11897,-3.0126421973655148716351743348740299666133e-06
11898,-3.0126421480391868865079084416347399155711e-06
11899,-3.0126421713157861082617479386858150292028e-06
11900,-3.0126422027607369689505920767880198241073e-06
11901,-3.0126421800712188240375499076462162406642e-06
11902,-3.0126421973655148716351743348740299666133e-06
11903,-3.0126421480391868865079084416347399155711e-06
11904,-3.0126421713157861082617479386858150292028e-06
11905,-3.0126421973655148716351743348740299666133e-06
11906,-3.0126421480391868865079084416347399155711e-06
11907,-3.0126421713157861082617479386858150292028e-06
11908,-3.0126422027607369689505920767880198241073e-06
11909,-3.0126421800712188240375499076462162406642e-06
11910,-3.0126421973655148716351743348740299666133e-06
11911,-3.0126421480391868865079084416347399155711e-06
11912,-3.0126421713157861082617479386858150292028e-06
11913,-3.0126421973655148716351743348740299666133e-06
11914,-3.0126421480391868865079084416347399155711e-06
11915,-3.0126421713157861082617479386858150292028e-06
11916,-3.0126421973655148716351743348740299666133e-06
11917,-3.0126421480391868865079084416347399155711e-06
11918,-3.0126421713157861082617479386858150292028e-06
11919,-3.0126422027607369689505920767880198241073e-06
11920,-3.0126421800712188240375499076462162406642e-06
11921,-3.0126421973655148716351743348740299666133e-06
11922,-3.0126421480391868865079084416347399155711e-06
11923,-3.0126421713157861082617479386858150292028e-06
11924,-3.0126421973655148716351743348740299666133e-06
11925,-3.0126421480391868865079084416347399155711e-06
11926,-3.0126421713157861082617479386858150292028e-06
11927,-3.0126422027607369689505920767880198241073e-06
11928,-3.0126421800712188240375499076462162406642e-06
11929,-3.0126421973655148716351743348740299666133e-06
11930,-3.0126421480391868865079084416347399155711e-06
11931,-3.0126421713157861082617479386858150292028e-06
11932,-3.0126421973655148716351743348740299666133e-06
11933,-3.0126421480391868865079084416347399155711e-06
11934,-3.0126421713157861082617479386858150292028e-06
11935,-3.0126421973655148716351743348740299666133e-06
11936,-3.0126421480391868865079084416347399155711e-06
11937,-3.0126421713157861082617479386858150292028e-06
11938,-3.0126422027607369689505920767880198241073e-06
11939,-3.0126421800712188240375499076462162406642e-06
11940,-3.0126421973655148716351743348740299666133e-06
11941,-3.0126421480391868865079084416347399155711e-06
11942,-3.0126421713157861082617479386858150292028e-06
11943,-3.0126421973655148716351743348740299666133e-06
11944,-3.0126421480391868865079084416347399155711e-06
11945,-3.0126421713157861082617479386858150292028e-06
11946,-3.0126422027607369689505920767880198241073e-06
11947,-3.0126421800712188240375499076462162406642e-06
11948,-3.0126421973655148716351743348740299666133e-06
11949,-3.0126421480391868865079084416347399155711e-06
11950,-3.0126421713157861082617479386858150292028e-06
11951,-3.0126421973655148716351743348740299666133e-06
11952,-3.0126421480391868865079084416347399155711e-06
11953,-3.0126421713157861082617479386858150292028e-06
11954,-3.0126421973655148716351743348740299666133e-06
11955,-3.0126421480391868865079084416347399155711e-06
11956,-3.0126421713157861082617479386858150292028e-06
11957,-3.0126422027607369689505920767880198241073e-06
11958,-3.0126421800712188240375499076462162406642e-06
11959,-3.0126421973655148716351743348740299666133e-06
11960,-3.0126421480391868865079084416347399155711e-06
11961,-3.0126421713157861082617479386858150292028e-06
11962,-3.0126421973655148716351743348740299666133e-06
11963,-3.0126421480391868865079084416347399155711e-06
11964,-3.0126421713157861082617479386858150292028e-06
11965,-3.0126422027607369689505920767880198241073e-06
11966,-3.0126421800712188240375499076462162406642e-06
11967,-3.0126421973655148716351743348740299666133e-06
11968,-3.0126421480391868865079084416347399155711e-06
11969,-3.0126421713157861082617479386858150292028e-06
11970,-3.0126421973655148716351743348740299666133e-06
11971,-3.0126421480391868865079084416347399155711e-06
11972,-3.0126421713157861082617479386858150292028e-06
11973,-3.0126422027607369689505920767880198241073e-06
11974,-3.0126421800712188240375499076462162406642e-06
11975,-3.0126421973655148716351743348740299666133e-06
11976,-3.0126421480391868865079084416347399155711e-06
11977,-3.0126421713157861082617479386858150292028e-06
11978,-3.0126421973655148716351743348740299666133e-06
11979,-3.0126421480391868865079084416347399155711e-06
11980,-3.0126421713157861082617479386858150292028e-06
11981,-3.0126421973655148716351743348740299666133e-06
11982,-3.0126421480391868865079084416347399155711e-06
11983,-3.0126421713157861082617479386858150292028e-06
11984,-3.0126422027607369689505920767880198241073e-06
11985,-3.0126421800712188240375499076462162406642e-06
11986,-3.0126421973655148716351743348740299666133e-06
11987,-3.0126421480391868865079084416347399155711e-06
11988,-3.0126421713157861082617479386858150292028e-06
11989,-3.0126421973655148716351743348740299666133e-06
11990,-3.0126421480391868865079084416347399155711e-06
11991,-3.0126421713157861082617479386858150292028e-06
11992,-3.0126422027607369689505920767880198241073e-06
11993,-3.0126421800712188240375499076462162406642e-06
11994,-3.0126421973655148716351743348740299666133e-06
11995,-3.0126421480391868865079084416347399155711e-06
11996,-3.0126421713157861082617479386858150292028e-06
11997,-3.0126421973655148716351743348740299666133e-06
11998,-3.0126421480391868865079084416347399155711e-06
11999,-3.0126421713157861082617479386858150292028e-06
12000,-3.0126421973655148716351743348740299666133e-06
12001,-3.0126421480391868865079084416347399155711e-06
12002,-3.0126421713157861082617479386858150292028e-06
12003,-3.0126422027607369689505920767880198241073e-06
12004,-3.0126421800712188240375499076462162406642e-06
12005,-3.0126421973655148716351743348740299666133e-06
12006,-3.0126421480391868865079084416347399155711e-06
12007,-3.0126421713157861082617479386858150292028e-06
12008,-3.0126421973655148716351743348740299666133e-06
12009,-3.0126421480391868865079084416347399155711e-06
12010,-3.0126421713157861082617479386858150292028e-06
12011,-3.0126422027607369689505920767880198241073e-06
12012,-3.0126421800712188240375499076462162406642e-06
12013,-3.0126421963359907934773031235042850539685e-06
12014,1.3872024569047873787192339558490949260215e-15
12015,3.7694966494525494925428320571590641018824e-15
12016,-3.0151725406965057379711590140880517196820e-06
12017,-3.0151725562081773258753247812791187243420e-06
12018,-3.0151725726246613664977957308677147807430e-06
12019,-3.0151726113099482163627286512852521127570e-06
12020,-3.0151725582073715930392365791590236767661e-06
12021,-3.0151725562081773258753247812791187243420e-06
12022,-3.0151725726246613664977957308677147807430e-06
12023,-3.0151726113099482163627286512852521127570e-06
12024,-3.0151725582073715930392365791590236767661e-06
12025,-3.0151725562081773258753247812791187243420e-06
12026,-3.0151725726246613664977957308677147807430e-06
12027,-3.0151726113099482163627286512852521127570e-06
12028,-3.0151725582073715930392365791590236767661e-06
12029,-3.0151725562081773258753247812791187243420e-06
12030,-3.0151725726246613664977957308677147807430e-06
12031,-3.0151726113099482163627286512852521127570e-06
12032,-3.0151725582073715930392365791590236767661e-06
12033,-3.0151725562081773258753247812791187243420e-06
12034,-3.0151725726246613664977957308677147807430e-06
12035,-3.0151726113099482163627286512852521127570e-06
12036,-3.0151725582073715930392365791590236767661e-06
12037,-3.0151725562081773258753247812791187243420e-06
12038,-3.0151725675327846374837188064832460554499e-06
12039,-3.0151725582073715930392365791590236767661e-06
12040,-3.0151725562081773258753247812791187243420e-06
12041,-3.0151725726246613664977957308677147807430e-06
12042,-3.0151726113099482163627286512852521127570e-06
12043,-3.0151725582073715930392365791590236767661e-06
12044,-3.0151725562081773258753247812791187243420e-06
12045,-3.0151725726246613664977957308677147807430e-06
12046,-3.0151726113099482163627286512852521127570e-06
12047,-3.0151725582073715930392365791590236767661e-06
12048,-3.0151725562081773258753247812791187243420e-06
12049,-3.0151725675327846374837188064832460554499e-06
12050,-3.0151725582073715930392365791590236767661e-06
12051,-3.0151725562081773258753247812791187243420e-06
12052,-3.0151725726246613664977957308677147807430e-06
12053,-3.0151725463583632191703898239865111463587e-06
12054,-3.0151726113099482163627286512852521127570e-06
12055,-3.0151725582073715930392365791590236767661e-06
12056,-3.0151725562081773258753247812791187243420e-06
12057,-3.0151725675327846374837188064832460554499e-06
12058,-3.0151725582073715930392365791590236767661e-06
12059,-3.0151725562081773258753247812791187243420e-06
12060,-3.0151725726246613664977957308677147807430e-06
12061,-3.0151725463583632191703898239865111463587e-06
12062,-3.0151726113099482163627286512852521127570e-06
12063,-3.0151725582073715930392365791590236767661e-06
12064,-3.0151725562081773258753247812791187243420e-06
12065,-3.0151725675327846374837188064832460554499e-06
12066,-3.0151725582073715930392365791590236767661e-06
12067,-3.0151725562081773258753247812791187243420e-06
12068,-3.0151725675327846374837188064832460554499e-06
12069,-3.0151725582073715930392365791590236767661e-06
12070,-3.0151725562081773258753247812791187243420e-06
12071,-3.0151725726246613664977957308677147807430e-06
12072,-3.0151725463583632191703898239865111463587e-06
12073,-3.0151726113099482163627286512852521127570e-06
12074,-3.0151725582073715930392365791590236767661e-06
12075,-3.0151725562081773258753247812791187243420e-06
12076,-3.0151725675327846374837188064832460554499e-06
12077,-3.0151725582073715930392365791590236767661e-06
12078,-3.0151725562081773258753247812791187243420e-06
12079,-3.0151725726246613664977957308677147807430e-06
12080,-3.0151725463583632191703898239865111463587e-06
12081,-3.0151726113099482163627286512852521127570e-06
12082,-3.0151725582073715930392365791590236767661e-06
12083,-3.0151725562081773258753247812791187243420e-06
12084,-3.0151725675327846374837188064832460554499e-06
12085,-3.0151725582073715930392365791590236767661e-06
12086,-3.0151725562081773258753247812791187243420e-06
12087,-3.0151725675327846374837188064832460554499e-06
12088,-3.0151725239452365836276357541345660706611e-06
12089,-3.0151725847088179449856978203703405938541e-06
12090,-3.0151726030790122775704191482315508210377e-06
12091,-3.0151725474527446100995228123187175128805e-06
12092,-3.0151725675327846374837188064832460554499e-06
12093,-3.0151725582073715930392365791590236767661e-06
12094,-3.0151725562081773258753247812791187243420e-06
12095,-3.0151725353192398921045851850619712308799e-06
12096,-3.0151725238049924915177939926946848459011e-06
12097,-3.0151725298470703572452714102958282182954e-06
12098,-3.0151724975386943441903880858134812115168e-06
12099,-3.0151725298470703572452714102958282182954e-06
12100,-3.0151725018215783756113552993571857996358e-06
12101,-3.0151725303715434173062407557930342250074e-06
12102,-3.0151725911350997911923588201688062326866e-06
12103,-3.0151724975386943441903880858134812115168e-06
12104,-3.0151725298470703572452714102958282182954e-06
12105,-3.0151724975386943441903880858134812115168e-06
12106,-3.0151725298470703572452714102958282182954e-06
12107,-3.0151724975386943441903880858134812115168e-06
12108,-3.0151725298470703572452714102958282182954e-06
12109,-3.0151724975386943441903880858134812115168e-06
12110,-3.0151725298470703572452714102958282182954e-06
12111,-3.0151724975386943441903880858134812115168e-06
12112,-3.0151725298470703572452714102958282182954e-06
12113,-3.0151724975386943441903880858134812115168e-06
12114,-3.0151725298470703572452714102958282182954e-06
12115,-3.0151724975386943441903880858134812115168e-06
12116,-3.0151725298470703572452714102958282182954e-06
12117,-3.0151724975386943441903880858134812115168e-06
12118,-3.0151725298470703572452714102958282182954e-06
12119,-3.0151724975386943441903880858134812115168e-06
12120,-3.0151725298470703572452714102958282182954e-06
12121,-3.0151725018215783756113552993571857996358e-06
12122,-3.0151725303715434173062407557930342250074e-06
12123,-3.0151725911350997911923588201688062326866e-06
12124,-3.0151724975386943441903880858134812115168e-06
12125,-3.0151725298470703572452714102958282182954e-06
12126,-3.0151724975386943441903880858134812115168e-06
12127,-3.0151725298470703572452714102958282182954e-06
12128,-3.0151724975386943441903880858134812115168e-06
12129,-3.0151725298470703572452714102958282182954e-06
12130,-3.0151724975386943441903880858134812115168e-06
12131,-3.0151725298470703572452714102958282182954e-06
12132,-3.0151724975386943441903880858134812115168e-06
12133,-3.0151725298470703572452714102958282182954e-06
12134,-3.0151724975386943441903880858134812115168e-06
12135,-3.0151725298470703572452714102958282182954e-06
12136,-3.0151724975386943441903880858134812115168e-06
12137,-3.0151725298470703572452714102958282182954e-06
12138,-3.0151724975386943441903880858134812115168e-06
12139,-3.0151725298470703572452714102958282182954e-06
12140,-3.0151724975386943441903880858134812115168e-06
12141,-3.0151725298470703572452714102958282182954e-06
12142,-3.0151725018215783756113552993571857996358e-06
12143,-3.0151725303715434173062407557930342250074e-06
12144,-3.0151725911350997911923588201688062326866e-06
12145,-3.0151724975386943441903880858134812115168e-06
12146,-3.0151725298470703572452714102958282182954e-06
12147,-3.0151724975386943441903880858134812115168e-06
12148,-3.0151725298470703572452714102958282182954e-06
12149,-3.0151724975386943441903880858134812115168e-06
12150,-3.0151725298470703572452714102958282182954e-06
12151,-3.0151724975386943441903880858134812115168e-06
12152,-3.0151725298470703572452714102958282182954e-06
12153,-3.0151724975386943441903880858134812115168e-06
12154,-3.0151725298470703572452714102958282182954e-06
12155,-3.0151724975386943441903880858134812115168e-06
12156,-3.0151725441694810056665609909742897798424e-06
12157,-3.0151725675327846374837188064832460554499e-06
12158,-3.0151725582073715930392365791590236767661e-06
12159,-3.0151725562081773258753247812791187243420e-06
12160,-3.0151725726246613664977957308677147807430e-06
12161,-3.0151726113099482163627286512852521127570e-06
12162,-3.0151725582073715930392365791590236767661e-06
12163,-3.0151725562081773258753247812791187243420e-06
12164,-3.0151725675327846374837188064832460554499e-06
12165,-3.0151725582073715930392365791590236767661e-06
12166,-3.0151725562081773258753247812791187243420e-06
12167,-3.0151725726246613664977957308677147807430e-06
12168,-3.0151726113099482163627286512852521127570e-06
12169,-3.0151725582073715930392365791590236767661e-06
12170,-3.0151725562081773258753247812791187243420e-06
12171,-3.0151725726246613664977957308677147807430e-06
12172,-3.0151726113099482163627286512852521127570e-06
12173,-3.0151725582073715930392365791590236767661e-06
12174,-3.0151725562081773258753247812791187243420e-06
12175,-3.0151725726246613664977957308677147807430e-06
12176,-3.0151726113099482163627286512852521127570e-06
12177,-3.0151725582073715930392365791590236767661e-06
12178,-3.0151725562081773258753247812791187243420e-06
12179,-3.0151725726246613664977957308677147807430e-06
12180,-3.0151726113099482163627286512852521127570e-06
12181,-3.0151725582073715930392365791590236767661e-06
12182,-3.0151725562081773258753247812791187243420e-06
12183,-3.0151725726246613664977957308677147807430e-06
12184,-3.0151726113099482163627286512852521127570e-06
12185,-3.0151725582073715930392365791590236767661e-06
12186,-3.0151725562081773258753247812791187243420e-06
12187,-3.0151725675327846374837188064832460554499e-06
12188,-3.0151725582073715930392365791590236767661e-06
12189,-3.0151725562081773258753247812791187243420e-06
12190,-3.0151725726246613664977957308677147807430e-06
12191,-3.0151726113099482163627286512852521127570e-06
12192,-3.0151725582073715930392365791590236767661e-06
12193,-3.0151725562081773258753247812791187243420e-06
12194,-3.0151725726246613664977957308677147807430e-06
12195,-3.0151726113099482163627286512852521127570e-06
12196,-3.0151725582073715930392365791590236767661e-06
12197,-3.0151725562081773258753247812791187243420e-06
12198,-3.0151725726246613664977957308677147807430e-06
12199,-3.0151726113099482163627286512852521127570e-06
12200,-3.0151725582073715930392365791590236767661e-06
12201,-3.0151725562081773258753247812791187243420e-06
12202,-3.0151725726246613664977957308677147807430e-06
12203,-3.0151726113099482163627286512852521127570e-06
12204,-3.0151725582073715930392365791590236767661e-06
12205,-3.0151725562081773258753247812791187243420e-06
12206,-3.0151725675327846374837188064832460554499e-06
12207,-3.0151725582073715930392365791590236767661e-06
12208,-3.0151725562081773258753247812791187243420e-06
12209,-3.0151725726246613664977957308677147807430e-06
12210,-3.0151726113099482163627286512852521127570e-06
12211,-3.0151725582073715930392365791590236767661e-06
12212,-3.0151725562081773258753247812791187243420e-06
12213,-3.0151725726246613664977957308677147807430e-06
12214,-3.0151726113099482163627286512852521127570e-06
12215,-3.0151725582073715930392365791590236767661e-06
12216,-3.0151725562081773258753247812791187243420e-06
12217,-3.0151725726246613664977957308677147807430e-06
12218,-3.0151726113099482163627286512852521127570e-06
12219,-3.0151725582073715930392365791590236767661e-06
12220,-3.0151725562081773258753247812791187243420e-06
12221,-3.0151725726246613664977957308677147807430e-06
12222,-3.0151726113099482163627286512852521127570e-06
12223,-3.0151725582073715930392365791590236767661e-06
12224,-3.0151725562081773258753247812791187243420e-06
12225,-3.0151725726246613664977957308677147807430e-06
12226,-3.0151726113099482163627286512852521127570e-06
12227,-3.0151725582073715930392365791590236767661e-06
12228,-3.0151725562081773258753247812791187243420e-06
12229,-3.0151725675327846374837188064832460554499e-06
12230,-3.0151725582073715930392365791590236767661e-06
12231,-3.0151725562081773258753247812791187243420e-06
12232,-3.0151725726246613664977957308677147807430e-06
12233,-3.0151726113099482163627286512852521127570e-06
12234,-3.0151725582073715930392365791590236767661e-06
12235,-3.0151725562081773258753247812791187243420e-06
12236,-3.0151725726246613664977957308677147807430e-06
12237,-3.0151726113099482163627286512852521127570e-06
12238,-3.0151725582073715930392365791590236767661e-06
12239,-3.0151725562081773258753247812791187243420e-06
12240,-3.0151725726246613664977957308677147807430e-06
12241,-3.0151726113099482163627286512852521127570e-06
12242,-3.0151725582073715930392365791590236767661e-06
12243,-3.0151725562081773258753247812791187243420e-06
12244,-3.0151725726246613664977957308677147807430e-06
12245,-3.0151726113099482163627286512852521127570e-06
12246,-3.0151725582073715930392365791590236767661e-06
12247,-3.0151725562081773258753247812791187243420e-06
12248,-3.0151725675327846374837188064832460554499e-06
12249,-3.0151725582073715930392365791590236767661e-06
12250,-3.0151725562081773258753247812791187243420e-06
12251,-3.0151725726246613664977957308677147807430e-06
12252,-3.0151726113099482163627286512852521127570e-06
12253,-3.0151725582073715930392365791590236767661e-06
12254,-3.0151725562081773258753247812791187243420e-06
12255,-3.0151725726246613664977957308677147807430e-06
12256,-3.0151726113099482163627286512852521127570e-06
12257,-3.0151725582073715930392365791590236767661e-06
12258,-3.0151725562081773258753247812791187243420e-06
12259,-3.0151725726246613664977957308677147807430e-06
12260,-3.0151726113099482163627286512852521127570e-06
12261,-3.0151725582073715930392365791590236767661e-06
12262,-3.0151725562081773258753247812791187243420e-06
12263,-3.0151725726246613664977957308677147807430e-06
12264,-3.0151726113099482163627286512852521127570e-06
12265,-3.0151725582073715930392365791590236767661e-06
12266,-3.0151725562081773258753247812791187243420e-06
12267,-3.0151725726246613664977957308677147807430e-06
12268,-3.0151726113099482163627286512852521127570e-06
12269,-3.0151725582073715930392365791590236767661e-06
12270,-3.0151725562081773258753247812791187243420e-06
12271,-3.0151725675327846374837188064832460554499e-06
12272,-3.0151725582073715930392365791590236767661e-06
12273,-3.0151725562081773258753247812791187243420e-06
12274,-3.0151725726246613664977957308677147807430e-06
12275,-3.0151726113099482163627286512852521127570e-06
12276,-3.0151725582073715930392365791590236767661e-06
12277,-3.0151725562081773258753247812791187243420e-06
12278,-3.0151725726246613664977957308677147807430e-06
12279,-3.0151726113099482163627286512852521127570e-06
12280,-3.0151725582073715930392365791590236767661e-06
12281,-3.0151725562081773258753247812791187243420e-06
12282,-3.0151725726246613664977957308677147807430e-06
12283,-3.0151726113099482163627286512852521127570e-06
12284,-3.0151725582073715930392365791590236767661e-06
12285,-3.0151725562081773258753247812791187243420e-06
12286,-3.0151725726246613664977957308677147807430e-06
12287,-3.0151726113099482163627286512852521127570e-06
12288,-3.0151725582073715930392365791590236767661e-06
12289,-3.0151725562081773258753247812791187243420e-06
12290,-3.0151725726246613664977957308677147807430e-06
12291,-3.0151726113099482163627286512852521127570e-06
12292,-3.0151725582073715930392365791590236767661e-06
12293,-3.0151725562081773258753247812791187243420e-06
12294,-3.0151725675327846374837188064832460554499e-06
12295,-3.0151725582073715930392365791590236767661e-06
12296,-3.0151725562081773258753247812791187243420e-06
12297,-3.0151725726246613664977957308677147807430e-06
12298,-3.0151726113099482163627286512852521127570e-06
12299,-3.0151725239452365836276357541345660706611e-06
12300,-3.0151725847088179449856978203703405938541e-06
12301,-3.0151725618709750136460078645539439889944e-06
12302,-3.0151725556836331150467860745534309785398e-06
12303,-3.0151725496870870818824899445287357480083e-06
12304,-3.0151725618709750136460078645539439889944e-06
12305,-3.0151725556836331150467860745534309785398e-06
12306,-3.0151725496870870818824899445287357480083e-06
12307,-3.0151725513060118366072143852862907920098e-06
12308,-3.0151725847088179449856978203703405938541e-06
12309,-3.0151725618709750136460078645539439889944e-06
12310,-3.0151725556836331150467860745534309785398e-06
12311,-3.0151725496870870818824899445287357480083e-06
12312,-3.0151725618709750136460078645539439889944e-06
12313,-3.0151725556836331150467860745534309785398e-06
12314,-3.0151725496870870818824899445287357480083e-06
12315,-3.0151725618709750136460078645539439889944e-06
12316,-3.0151725556836331150467860745534309785398e-06
12317,-3.0151725496870870818824899445287357480083e-06
12318,-3.0151725513060118366072143852862907920098e-06
12319,-3.0151725847088179449856978203703405938541e-06
12320,-3.0151725618709750136460078645539439889944e-06
12321,-3.0151725556836331150467860745534309785398e-06
12322,-3.0151725496870870818824899445287357480083e-06
12323,-3.0151725618709750136460078645539439889944e-06
12324,-3.0151725556836331150467860745534309785398e-06
12325,-3.0151725496870870818824899445287357480083e-06
12326,-3.0151725513060118366072143852862907920098e-06
12327,-3.0151725847088179449856978203703405938541e-06
12328,-3.0151725618709750136460078645539439889944e-06
12329,-3.0151725556836331150467860745534309785398e-06
12330,-3.0151725496870870818824899445287357480083e-06
12331,-3.0151725618709750136460078645539439889944e-06
12332,-3.0151725556836331150467860745534309785398e-06
12333,-3.0151725496870870818824899445287357480083e-06
12334,-3.0151725618709750136460078645539439889944e-06
12335,-3.0151725556836331150467860745534309785398e-06
12336,-3.0151725496870870818824899445287357480083e-06
12337,-3.0151725513060118366072143852862907920098e-06
12338,-3.0151725847088179449856978203703405938541e-06
12339,-3.0151725618709750136460078645539439889944e-06
12340,-3.0151725556836331150467860745534309785398e-06
12341,-3.0151725496870870818824899445287357480083e-06
12342,-3.0151725618709750136460078645539439889944e-06
12343,-3.0151725556836331150467860745534309785398e-06
12344,-3.0151725496870870818824899445287357480083e-06
12345,-3.0151725513060118366072143852862907920098e-06
12346,-3.0151725847088179449856978203703405938541e-06
12347,-3.0151725618709750136460078645539439889944e-06
12348,-3.0151725556836331150467860745534309785398e-06
12349,-3.0151725496870870818824899445287357480083e-06
12350,-3.0151725618709750136460078645539439889944e-06
12351,-3.0151725556836331150467860745534309785398e-06
12352,-3.0151725496870870818824899445287357480083e-06
12353,-3.0151725513060118366072143852862907920098e-06
12354,-3.0151725847088179449856978203703405938541e-06
12355,-3.0151725618709750136460078645539439889944e-06
12356,-3.0151725556836331150467860745534309785398e-06
12357,-3.0151725496870870818824899445287357480083e-06
12358,-3.0151725618709750136460078645539439889944e-06
12359,-3.0151725556836331150467860745534309785398e-06
12360,-3.0151725496870870818824899445287357480083e-06
12361,-3.0151725618709750136460078645539439889944e-06
12362,-3.0151725556836331150467860745534309785398e-06
12363,-3.0151725496870870818824899445287357480083e-06
12364,-3.0151725513060118366072143852862907920098e-06
12365,-3.0151725847088179449856978203703405938541e-06
12366,-3.0151725618709750136460078645539439889944e-06
12367,-3.0151725556836331150467860745534309785398e-06
12368,-3.0151725496870870818824899445287357480083e-06
12369,-3.0151725618709750136460078645539439889944e-06
12370,-3.0151725556836331150467860745534309785398e-06
12371,-3.0151725496870870818824899445287357480083e-06
12372,-3.0151725513060118366072143852862907920098e-06
12373,-3.0151725847088179449856978203703405938541e-06
12374,-3.0151725618709750136460078645539439889944e-06
12375,-3.0151725556836331150467860745534309785398e-06
12376,-3.0151725496870870818824899445287357480083e-06
12377,-3.0151725618709750136460078645539439889944e-06
12378,-3.0151725556836331150467860745534309785398e-06
12379,-3.0151725496870870818824899445287357480083e-06
12380,-3.0151725618709750136460078645539439889944e-06
12381,-3.0151725556836331150467860745534309785398e-06
12382,-3.0151725496870870818824899445287357480083e-06
12383,-3.0151725513060118366072143852862907920098e-06
12384,-3.0151725847088179449856978203703405938541e-06
12385,-3.0151725618709750136460078645539439889944e-06
12386,-3.0151725556836331150467860745534309785398e-06
12387,-3.0151725496870870818824899445287357480083e-06
12388,-3.0151725618709750136460078645539439889944e-06
12389,-3.0151725556836331150467860745534309785398e-06
12390,-3.0151725496870870818824899445287357480083e-06
12391,-3.0151725513060118366072143852862907920098e-06
12392,-3.0151725847088179449856978203703405938541e-06
12393,-3.0151725618709750136460078645539439889944e-06
12394,-3.0151725556836331150467860745534309785398e-06
12395,-3.0151725496870870818824899445287357480083e-06
12396,-3.0151725618709750136460078645539439889944e-06
12397,-3.0151725556836331150467860745534309785398e-06
12398,-3.0151725496870870818824899445287357480083e-06
12399,-3.0151725618709750136460078645539439889944e-06
12400,-3.0151725556836331150467860745534309785398e-06
12401,-3.0151725496870870818824899445287357480083e-06
12402,-3.0151725513060118366072143852862907920098e-06
12403,-3.0151725847088179449856978203703405938541e-06
12404,-3.0151725618709750136460078645539439889944e-06
12405,-3.0151725556836331150467860745534309785398e-06
12406,-3.0151725496870870818824899445287357480083e-06
12407,-3.0151725618709750136460078645539439889944e-06
12408,-3.0151725556836331150467860745534309785398e-06
12409,-3.0151725496870870818824899445287357480083e-06
12410,-3.0151725513060118366072143852862907920098e-06
12411,-3.0151725847088179449856978203703405938541e-06
12412,-3.0151725618709750136460078645539439889944e-06
12413,-3.0151725556836331150467860745534309785398e-06
12414,-3.0151725496870870818824899445287357480083e-06
12415,-3.0151725618709750136460078645539439889944e-06
12416,-3.0151725556836331150467860745534309785398e-06
12417,-3.0151725496870870818824899445287357480083e-06
12418,-3.0151725513060118366072143852862907920098e-06
12419,-3.0151725847088179449856978203703405938541e-06
12420,-3.0151725618709750136460078645539439889944e-06
12421,-3.0151725556836331150467860745534309785398e-06
12422,-3.0151725496870870818824899445287357480083e-06
12423,-3.0151725618709750136460078645539439889944e-06
12424,-3.0151725556836331150467860745534309785398e-06
12425,-3.0151725496870870818824899445287357480083e-06
12426,-3.0151725618709750136460078645539439889944e-06
12427,-3.0151725556836331150467860745534309785398e-06
12428,-3.0151725496870870818824899445287357480083e-06
12429,-3.0151725513060118366072143852862907920098e-06
12430,-3.0151725847088179449856978203703405938541e-06
12431,-3.0151725618709750136460078645539439889944e-06
12432,-3.0151725556836331150467860745534309785398e-06
12433,-3.0151725496870870818824899445287357480083e-06
12434,-3.0151725618709750136460078645539439889944e-06
12435,-3.0151725556836331150467860745534309785398e-06
12436,-3.0151725496870870818824899445287357480083e-06
12437,-3.0151725513060118366072143852862907920098e-06
12438,-3.0151725847088179449856978203703405938541e-06
12439,-3.0151725618709750136460078645539439889944e-06
12440,-3.0151725556836331150467860745534309785398e-06
12441,-3.0151725496870870818824899445287357480083e-06
12442,-3.0151725618709750136460078645539439889944e-06
12443,-3.0151725556836331150467860745534309785398e-06
12444,-3.0151725496870870818824899445287357480083e-06
12445,-3.0151725618709750136460078645539439889944e-06
12446,-3.0151725556836331150467860745534309785398e-06
12447,-3.0151725496870870818824899445287357480083e-06
12448,-3.0151725513060118366072143852862907920098e-06
12449,-3.0151725847088179449856978203703405938541e-06
12450,-3.0151725618709750136460078645539439889944e-06
12451,-3.0151725556836331150467860745534309785398e-06
12452,-3.0151725496870870818824899445287357480083e-06
12453,-3.0151725618709750136460078645539439889944e-06
12454,-3.0151725556836331150467860745534309785398e-06
12455,-3.0151725496870870818824899445287357480083e-06
12456,-3.0151725513060118366072143852862907920098e-06
12457,-3.0151725847088179449856978203703405938541e-06
12458,-3.0151725716371137001070058814011787262643e-06
12459,-1.2362575983913867261399806319992935671263e-15
12460,3.5430242504081177383113689064992433768340e-15
12461,-3.0178796161290803089184350826990055338683e-06
12462,-3.0178796644785777120200461615118214808717e-06
12463,-3.0178796995003560089683002781724141527775e-06
12464,-3.0178797255720377487521900033984323385994e-06
12465,-3.0178796423953788797623146167303787024139e-06
12466,-3.0178796644785777120200461615118214808717e-06
12467,-3.0178796995003560089683002781724141527775e-06
12468,-3.0178797255720377487521900033984323385994e-06
12469,-3.0178796423953788797623146167303787024139e-06
12470,-3.0178796644785777120200461615118214808717e-06
12471,-3.0178796995003560089683002781724141527775e-06
12472,-3.0178797255720377487521900033984323385994e-06
12473,-3.0178796423953788797623146167303787024139e-06
12474,-3.0178796644785777120200461615118214808717e-06
12475,-3.0178796995003560089683002781724141527775e-06
12476,-3.0178797255720377487521900033984323385994e-06
12477,-3.0178796423953788797623146167303787024139e-06
12478,-3.0178796644785777120200461615118214808717e-06
12479,-3.0178796995003560089683002781724141527775e-06
12480,-3.0178797255720377487521900033984323385994e-06
12481,-3.0178796423953788797623146167303787024139e-06
12482,-3.0178796644785777120200461615118214808717e-06
12483,-3.0178796993057391779083104693670591700538e-06
12484,-3.0178796423953788797623146167303787024139e-06
12485,-3.0178796644785777120200461615118214808717e-06
12486,-3.0178796995003560089683002781724141527775e-06
12487,-3.0178797255720377487521900033984323385994e-06
12488,-3.0178796423953788797623146167303787024139e-06
12489,-3.0178796644785777120200461615118214808717e-06
12490,-3.0178796995003560089683002781724141527775e-06
12491,-3.0178797255720377487521900033984323385994e-06
12492,-3.0178796423953788797623146167303787024139e-06
12493,-3.0178796644785777120200461615118214808717e-06
12494,-3.0178796993057391779083104693670591700538e-06
12495,-3.0178796423953788797623146167303787024139e-06
12496,-3.0178796644785777120200461615118214808717e-06
12497,-3.0178796995003560089683002781724141527775e-06
12498,-3.0178796907449232931924983092120129413161e-06
12499,-3.0178797255720377487521900033984323385994e-06
12500,-3.0178796423953788797623146167303787024139e-06
12501,-3.0178796644785777120200461615118214808717e-06
12502,-3.0178796993057391779083104693670591700538e-06
12503,-3.0178796423953788797623146167303787024139e-06
12504,-3.0178796644785777120200461615118214808717e-06
12505,-3.0178796995003560089683002781724141527775e-06
12506,-3.0178796907449232931924983092120129413161e-06
12507,-3.0178797255720377487521900033984323385994e-06
12508,-3.0178796423953788797623146167303787024139e-06
12509,-3.0178796644785777120200461615118214808717e-06
12510,-3.0178796993057391779083104693670591700538e-06
12511,-3.0178796423953788797623146167303787024139e-06
12512,-3.0178796644785777120200461615118214808717e-06
12513,-3.0178796993057391779083104693670591700538e-06
12514,-3.0178796423953788797623146167303787024139e-06
12515,-3.0178796644785777120200461615118214808717e-06
12516,-3.0178796995003560089683002781724141527775e-06
12517,-3.0178796907449232931924983092120129413161e-06
12518,-3.0178797255720377487521900033984323385994e-06
12519,-3.0178796423953788797623146167303787024139e-06
12520,-3.0178796644785777120200461615118214808717e-06
12521,-3.0178796993057391779083104693670591700538e-06
12522,-3.0178796423953788797623146167303787024139e-06
12523,-3.0178796644785777120200461615118214808717e-06
12524,-3.0178796995003560089683002781724141527775e-06
12525,-3.0178796907449232931924983092120129413161e-06
12526,-3.0178797255720377487521900033984323385994e-06
12527,-3.0178796423953788797623146167303787024139e-06
12528,-3.0178796644785777120200461615118214808717e-06
12529,-3.0178796993057391779083104693670591700538e-06
12530,-3.0178796423953788797623146167303787024139e-06
12531,-3.0178796644785777120200461615118214808717e-06
12532,-3.0178796993057391779083104693670591700538e-06
12533,-3.0178796582331454468651771999576638449980e-06
12534,-3.0178796382123261515047392411492666042250e-06
12535,-3.0178796336399935978315588885889653170125e-06
12536,-3.0178796557231449962442441925514202694103e-06
12537,-3.0178796993057391779083104693670591700538e-06
12538,-3.0178796423953788797623146167303787024139e-06
12539,-3.0178796644785777120200461615118214808717e-06
12540,-3.0178797223860588429266999660471881838930e-06
12541,-3.0178796804765868191174245371843909424570e-06
12542,-3.0178796851754457663196632571933619715310e-06
12543,-3.0178796717211541033416225682239897309955e-06
12544,-3.0178796851754457663196632571933619715310e-06
12545,-3.0178796617739837237451728385595473014291e-06
12546,-3.0178796476436898886400519992356805687450e-06
12547,-3.0178796501537144796999817542015875915240e-06
12548,-3.0178796717211541033416225682239897309955e-06
12549,-3.0178796851754457663196632571933619715310e-06
12550,-3.0178796717211541033416225682239897309955e-06
12551,-3.0178796851754457663196632571933619715310e-06
12552,-3.0178796717211541033416225682239897309955e-06
12553,-3.0178796851754457663196632571933619715310e-06
12554,-3.0178796717211541033416225682239897309955e-06
12555,-3.0178796851754457663196632571933619715310e-06
12556,-3.0178796717211541033416225682239897309955e-06
12557,-3.0178796851754457663196632571933619715310e-06
12558,-3.0178796717211541033416225682239897309955e-06
12559,-3.0178796851754457663196632571933619715310e-06
12560,-3.0178796717211541033416225682239897309955e-06
12561,-3.0178796851754457663196632571933619715310e-06
12562,-3.0178796717211541033416225682239897309955e-06
12563,-3.0178796851754457663196632571933619715310e-06
12564,-3.0178796717211541033416225682239897309955e-06
12565,-3.0178796851754457663196632571933619715310e-06
12566,-3.0178796617739837237451728385595473014291e-06
12567,-3.0178796476436898886400519992356805687450e-06
12568,-3.0178796501537144796999817542015875915240e-06
12569,-3.0178796717211541033416225682239897309955e-06
12570,-3.0178796851754457663196632571933619715310e-06
12571,-3.0178796717211541033416225682239897309955e-06
12572,-3.0178796851754457663196632571933619715310e-06
12573,-3.0178796717211541033416225682239897309955e-06
12574,-3.0178796851754457663196632571933619715310e-06
12575,-3.0178796717211541033416225682239897309955e-06
12576,-3.0178796851754457663196632571933619715310e-06
12577,-3.0178796717211541033416225682239897309955e-06
12578,-3.0178796851754457663196632571933619715310e-06
12579,-3.0178796717211541033416225682239897309955e-06
12580,-3.0178796851754457663196632571933619715310e-06
12581,-3.0178796717211541033416225682239897309955e-06
12582,-3.0178796851754457663196632571933619715310e-06
12583,-3.0178796717211541033416225682239897309955e-06
12584,-3.0178796851754457663196632571933619715310e-06
12585,-3.0178796717211541033416225682239897309955e-06
12586,-3.0178796851754457663196632571933619715310e-06
12587,-3.0178796617739837237451728385595473014291e-06
12588,-3.0178796476436898886400519992356805687450e-06
12589,-3.0178796501537144796999817542015875915240e-06
12590,-3.0178796717211541033416225682239897309955e-06
12591,-3.0178796851754457663196632571933619715310e-06
12592,-3.0178796717211541033416225682239897309955e-06
12593,-3.0178796851754457663196632571933619715310e-06
12594,-3.0178796717211541033416225682239897309955e-06
12595,-3.0178796851754457663196632571933619715310e-06
12596,-3.0178796717211541033416225682239897309955e-06
12597,-3.0178796851754457663196632571933619715310e-06
12598,-3.0178796717211541033416225682239897309955e-06
12599,-3.0178796851754457663196632571933619715310e-06
12600,-3.0178796717211541033416225682239897309955e-06
12601,-3.0178796885560410796886694761997915747997e-06
12602,-3.0178796905503064621325085004066579585924e-06
12603,-3.0178796423953788797623146167303787024139e-06
12604,-3.0178796644785777120200461615118214808717e-06
12605,-3.0178796995003560089683002781724141527775e-06
12606,-3.0178797255720377487521900033984323385994e-06
12607,-3.0178796423953788797623146167303787024139e-06
12608,-3.0178796644785777120200461615118214808717e-06
12609,-3.0178796993057391779083104693670591700538e-06
12610,-3.0178796423953788797623146167303787024139e-06
12611,-3.0178796644785777120200461615118214808717e-06
12612,-3.0178796995003560089683002781724141527775e-06
12613,-3.0178797255720377487521900033984323385994e-06
12614,-3.0178796423953788797623146167303787024139e-06
12615,-3.0178796644785777120200461615118214808717e-06
12616,-3.0178796995003560089683002781724141527775e-06
12617,-3.0178797255720377487521900033984323385994e-06
12618,-3.0178796423953788797623146167303787024139e-06
12619,-3.0178796644785777120200461615118214808717e-06
12620,-3.0178796995003560089683002781724141527775e-06
12621,-3.0178797255720377487521900033984323385994e-06
12622,-3.0178796423953788797623146167303787024139e-06
12623,-3.0178796644785777120200461615118214808717e-06
12624,-3.0178796995003560089683002781724141527775e-06
12625,-3.0178797255720377487521900033984323385994e-06
12626,-3.0178796423953788797623146167303787024139e-06
12627,-3.0178796644785777120200461615118214808717e-06
12628,-3.0178796995003560089683002781724141527775e-06
12629,-3.0178797255720377487521900033984323385994e-06
12630,-3.0178796423953788797623146167303787024139e-06
12631,-3.0178796644785777120200461615118214808717e-06
12632,-3.0178796993057391779083104693670591700538e-06
12633,-3.0178796423953788797623146167303787024139e-06
12634,-3.0178796644785777120200461615118214808717e-06
12635,-3.0178796995003560089683002781724141527775e-06
12636,-3.0178797255720377487521900033984323385994e-06
12637,-3.0178796423953788797623146167303787024139e-06
12638,-3.0178796644785777120200461615118214808717e-06
12639,-3.0178796995003560089683002781724141527775e-06
12640,-3.0178797255720377487521900033984323385994e-06
12641,-3.0178796423953788797623146167303787024139e-06
12642,-3.0178796644785777120200461615118214808717e-06
12643,-3.0178796995003560089683002781724141527775e-06
12644,-3.0178797255720377487521900033984323385994e-06
12645,-3.0178796423953788797623146167303787024139e-06
12646,-3.0178796644785777120200461615118214808717e-06
12647,-3.0178796995003560089683002781724141527775e-06
12648,-3.0178797255720377487521900033984323385994e-06
12649,-3.0178796423953788797623146167303787024139e-06
12650,-3.0178796644785777120200461615118214808717e-06
12651,-3.0178796993057391779083104693670591700538e-06
12652,-3.0178796423953788797623146167303787024139e-06
12653,-3.0178796644785777120200461615118214808717e-06
12654,-3.0178796995003560089683002781724141527775e-06
12655,-3.0178797255720377487521900033984323385994e-06
12656,-3.0178796423953788797623146167303787024139e-06
12657,-3.0178796644785777120200461615118214808717e-06
12658,-3.0178796995003560089683002781724141527775e-06
12659,-3.0178797255720377487521900033984323385994e-06
12660,-3.0178796423953788797623146167303787024139e-06
12661,-3.0178796644785777120200461615118214808717e-06
12662,-3.0178796995003560089683002781724141527775e-06
12663,-3.0178797255720377487521900033984323385994e-06
12664,-3.0178796423953788797623146167303787024139e-06
12665,-3.0178796644785777120200461615118214808717e-06
12666,-3.0178796995003560089683002781724141527775e-06
12667,-3.0178797255720377487521900033984323385994e-06
12668,-3.0178796423953788797623146167303787024139e-06
12669,-3.0178796644785777120200461615118214808717e-06
12670,-3.0178796995003560089683002781724141527775e-06
12671,-3.0178797255720377487521900033984323385994e-06
12672,-3.0178796423953788797623146167303787024139e-06
12673,-3.0178796644785777120200461615118214808717e-06
12674,-3.0178796993057391779083104693670591700538e-06
12675,-3.0178796423953788797623146167303787024139e-06
12676,-3.0178796644785777120200461615118214808717e-06
12677,-3.0178796995003560089683002781724141527775e-06
12678,-3.0178797255720377487521900033984323385994e-06
12679,-3.0178796423953788797623146167303787024139e-06
12680,-3.0178796644785777120200461615118214808717e-06
12681,-3.0178796995003560089683002781724141527775e-06
12682,-3.0178797255720377487521900033984323385994e-06
12683,-3.0178796423953788797623146167303787024139e-06
12684,-3.0178796644785777120200461615118214808717e-06
12685,-3.0178796995003560089683002781724141527775e-06
12686,-3.0178797255720377487521900033984323385994e-06
12687,-3.0178796423953788797623146167303787024139e-06
12688,-3.0178796644785777120200461615118214808717e-06
12689,-3.0178796995003560089683002781724141527775e-06
12690,-3.0178797255720377487521900033984323385994e-06
12691,-3.0178796423953788797623146167303787024139e-06
12692,-3.0178796644785777120200461615118214808717e-06
12693,-3.0178796993057391779083104693670591700538e-06
12694,-3.0178796423953788797623146167303787024139e-06
12695,-3.0178796644785777120200461615118214808717e-06
12696,-3.0178796995003560089683002781724141527775e-06
12697,-3.0178797255720377487521900033984323385994e-06
12698,-3.0178796423953788797623146167303787024139e-06
12699,-3.0178796644785777120200461615118214808717e-06
12700,-3.0178796995003560089683002781724141527775e-06
12701,-3.0178797255720377487521900033984323385994e-06
12702,-3.0178796423953788797623146167303787024139e-06
12703,-3.0178796644785777120200461615118214808717e-06
12704,-3.0178796995003560089683002781724141527775e-06
12705,-3.0178797255720377487521900033984323385994e-06
12706,-3.0178796423953788797623146167303787024139e-06
12707,-3.0178796644785777120200461615118214808717e-06
12708,-3.0178796995003560089683002781724141527775e-06
12709,-3.0178797255720377487521900033984323385994e-06
12710,-3.0178796423953788797623146167303787024139e-06
12711,-3.0178796644785777120200461615118214808717e-06
12712,-3.0178796995003560089683002781724141527775e-06
12713,-3.0178797255720377487521900033984323385994e-06
12714,-3.0178796423953788797623146167303787024139e-06
12715,-3.0178796644785777120200461615118214808717e-06
12716,-3.0178796993057391779083104693670591700538e-06
12717,-3.0178796423953788797623146167303787024139e-06
12718,-3.0178796644785777120200461615118214808717e-06
12719,-3.0178796995003560089683002781724141527775e-06
12720,-3.0178797255720377487521900033984323385994e-06
12721,-3.0178796423953788797623146167303787024139e-06
12722,-3.0178796644785777120200461615118214808717e-06
12723,-3.0178796995003560089683002781724141527775e-06
12724,-3.0178797255720377487521900033984323385994e-06
12725,-3.0178796423953788797623146167303787024139e-06
12726,-3.0178796644785777120200461615118214808717e-06
12727,-3.0178796995003560089683002781724141527775e-06
12728,-3.0178797255720377487521900033984323385994e-06
12729,-3.0178796423953788797623146167303787024139e-06
12730,-3.0178796644785777120200461615118214808717e-06
12731,-3.0178796995003560089683002781724141527775e-06
12732,-3.0178797255720377487521900033984323385994e-06
12733,-3.0178796423953788797623146167303787024139e-06
12734,-3.0178796644785777120200461615118214808717e-06
12735,-3.0178796995003560089683002781724141527775e-06
12736,-3.0178797255720377487521900033984323385994e-06
12737,-3.0178796423953788797623146167303787024139e-06
12738,-3.0178796644785777120200461615118214808717e-06
12739,-3.0178796993057391779083104693670591700538e-06
12740,-3.0178796423953788797623146167303787024139e-06
12741,-3.0178796644785777120200461615118214808717e-06
12742,-3.0178796995003560089683002781724141527775e-06
12743,-3.0178797255720377487521900033984323385994e-06
12744,-3.0178796582331454468651771999576638449980e-06
12745,-3.0178796382123261515047392411492666042250e-06
12746,-3.0178796509562421983231730177044127572117e-06
12747,-3.0178796823105376637662311534171521998360e-06
12748,-3.0178797082557887247441022471328153642389e-06
12749,-3.0178796509562421983231730177044127572117e-06
12750,-3.0178796823105376637662311534171521998360e-06
12751,-3.0178797082557887247441022471328153642389e-06
12752,-3.0178796232114615940905419377848772910511e-06
12753,-3.0178796469677592907970148372598373498477e-06
12754,-3.0178796509562421983231730177044127572117e-06
12755,-3.0178796823105376637662311534171521998360e-06
12756,-3.0178797082557887247441022471328153642389e-06
12757,-3.0178796509562421983231730177044127572117e-06
12758,-3.0178796823105376637662311534171521998360e-06
12759,-3.0178797082557887247441022471328153642389e-06
12760,-3.0178796509562421983231730177044127572117e-06
12761,-3.0178796823105376637662311534171521998360e-06
12762,-3.0178797082557887247441022471328153642389e-06
12763,-3.0178796232114615940905419377848772910511e-06
12764,-3.0178796469677592907970148372598373498477e-06
12765,-3.0178796509562421983231730177044127572117e-06
12766,-3.0178796823105376637662311534171521998360e-06
12767,-3.0178797082557887247441022471328153642389e-06
12768,-3.0178796509562421983231730177044127572117e-06
12769,-3.0178796823105376637662311534171521998360e-06
12770,-3.0178797082557887247441022471328153642389e-06
12771,-3.0178796232114615940905419377848772910511e-06
12772,-3.0178796469677592907970148372598373498477e-06
12773,-3.0178796509562421983231730177044127572117e-06
12774,-3.0178796823105376637662311534171521998360e-06
12775,-3.0178797082557887247441022471328153642389e-06
12776,-3.0178796509562421983231730177044127572117e-06
12777,-3.0178796823105376637662311534171521998360e-06
12778,-3.0178797082557887247441022471328153642389e-06
12779,-3.0178796509562421983231730177044127572117e-06
12780,-3.0178796823105376637662311534171521998360e-06
12781,-3.0178797082557887247441022471328153642389e-06
12782,-3.0178796232114615940905419377848772910511e-06
12783,-3.0178796469677592907970148372598373498477e-06
12784,-3.0178796509562421983231730177044127572117e-06
12785,-3.0178796823105376637662311534171521998360e-06
12786,-3.0178797082557887247441022471328153642389e-06
12787,-3.0178796509562421983231730177044127572117e-06
12788,-3.0178796823105376637662311534171521998360e-06
12789,-3.0178797082557887247441022471328153642389e-06
12790,-3.0178796232114615940905419377848772910511e-06
12791,-3.0178796469677592907970148372598373498477e-06
12792,-3.0178796509562421983231730177044127572117e-06
12793,-3.0178796823105376637662311534171521998360e-06
12794,-3.0178797082557887247441022471328153642389e-06
12795,-3.0178796509562421983231730177044127572117e-06
12796,-3.0178796823105376637662311534171521998360e-06
12797,-3.0178797082557887247441022471328153642389e-06
12798,-3.0178796232114615940905419377848772910511e-06
12799,-3.0178796469677592907970148372598373498477e-06
12800,-3.0178796509562421983231730177044127572117e-06
12801,-3.0178796823105376637662311534171521998360e-06
12802,-3.0178797082557887247441022471328153642389e-06
12803,-3.0178796509562421983231730177044127572117e-06
12804,-3.0178796823105376637662311534171521998360e-06
12805,-3.0178797082557887247441022471328153642389e-06
12806,-3.0178796509562421983231730177044127572117e-06
12807,-3.0178796823105376637662311534171521998360e-06
12808,-3.0178797082557887247441022471328153642389e-06
12809,-3.0178796232114615940905419377848772910511e-06
12810,-3.0178796469677592907970148372598373498477e-06
12811,-3.0178796509562421983231730177044127572117e-06
12812,-3.0178796823105376637662311534171521998360e-06
12813,-3.0178797082557887247441022471328153642389e-06
12814,-3.0178796509562421983231730177044127572117e-06
12815,-3.0178796823105376637662311534171521998360e-06
12816,-3.0178797082557887247441022471328153642389e-06
12817,-3.0178796232114615940905419377848772910511e-06
12818,-3.0178796469677592907970148372598373498477e-06
12819,-3.0178796509562421983231730177044127572117e-06
12820,-3.0178796823105376637662311534171521998360e-06
12821,-3.0178797082557887247441022471328153642389e-06
12822,-3.0178796509562421983231730177044127572117e-06
12823,-3.0178796823105376637662311534171521998360e-06
12824,-3.0178797082557887247441022471328153642389e-06
12825,-3.0178796509562421983231730177044127572117e-06
12826,-3.0178796823105376637662311534171521998360e-06
12827,-3.0178797082557887247441022471328153642389e-06
12828,-3.0178796232114615940905419377848772910511e-06
12829,-3.0178796469677592907970148372598373498477e-06
12830,-3.0178796509562421983231730177044127572117e-06
12831,-3.0178796823105376637662311534171521998360e-06
12832,-3.0178797082557887247441022471328153642389e-06
12833,-3.0178796509562421983231730177044127572117e-06
12834,-3.0178796823105376637662311534171521998360e-06
12835,-3.0178797082557887247441022471328153642389e-06
12836,-3.0178796232114615940905419377848772910511e-06
12837,-3.0178796469677592907970148372598373498477e-06
12838,-3.0178796509562421983231730177044127572117e-06
12839,-3.0178796823105376637662311534171521998360e-06
12840,-3.0178797082557887247441022471328153642389e-06
12841,-3.0178796509562421983231730177044127572117e-06
12842,-3.0178796823105376637662311534171521998360e-06
12843,-3.0178797082557887247441022471328153642389e-06
12844,-3.0178796509562421983231730177044127572117e-06
12845,-3.0178796823105376637662311534171521998360e-06
12846,-3.0178797082557887247441022471328153642389e-06
12847,-3.0178796232114615940905419377848772910511e-06
12848,-3.0178796469677592907970148372598373498477e-06
12849,-3.0178796509562421983231730177044127572117e-06
12850,-3.0178796823105376637662311534171521998360e-06
12851,-3.0178797082557887247441022471328153642389e-06
12852,-3.0178796509562421983231730177044127572117e-06
12853,-3.0178796823105376637662311534171521998360e-06
12854,-3.0178797082557887247441022471328153642389e-06
12855,-3.0178796232114615940905419377848772910511e-06
12856,-3.0178796469677592907970148372598373498477e-06
12857,-3.0178796509562421983231730177044127572117e-06
12858,-3.0178796823105376637662311534171521998360e-06
12859,-3.0178797082557887247441022471328153642389e-06
12860,-3.0178796509562421983231730177044127572117e-06
12861,-3.0178796823105376637662311534171521998360e-06
12862,-3.0178797082557887247441022471328153642389e-06
12863,-3.0178796232114615940905419377848772910511e-06
12864,-3.0178796469677592907970148372598373498477e-06
12865,-3.0178796509562421983231730177044127572117e-06
12866,-3.0178796823105376637662311534171521998360e-06
12867,-3.0178797082557887247441022471328153642389e-06
12868,-3.0178796509562421983231730177044127572117e-06
12869,-3.0178796823105376637662311534171521998360e-06
12870,-3.0178797082557887247441022471328153642389e-06
12871,-3.0178796509562421983231730177044127572117e-06
12872,-3.0178796823105376637662311534171521998360e-06
12873,-3.0178797082557887247441022471328153642389e-06
12874,-3.0178796232114615940905419377848772910511e-06
12875,-3.0178796469677592907970148372598373498477e-06
12876,-3.0178796509562421983231730177044127572117e-06
12877,-3.0178796823105376637662311534171521998360e-06
12878,-3.0178797082557887247441022471328153642389e-06
12879,-3.0178796509562421983231730177044127572117e-06
12880,-3.0178796823105376637662311534171521998360e-06
12881,-3.0178797082557887247441022471328153642389e-06
12882,-3.0178796232114615940905419377848772910511e-06
12883,-3.0178796469677592907970148372598373498477e-06
12884,-3.0178796509562421983231730177044127572117e-06
12885,-3.0178796823105376637662311534171521998360e-06
12886,-3.0178797082557887247441022471328153642389e-06
12887,-3.0178796509562421983231730177044127572117e-06
12888,-3.0178796823105376637662311534171521998360e-06
12889,-3.0178797082557887247441022471328153642389e-06
12890,-3.0178796509562421983231730177044127572117e-06
12891,-3.0178796823105376637662311534171521998360e-06
12892,-3.0178797082557887247441022471328153642389e-06
12893,-3.0178796232114615940905419377848772910511e-06
12894,-3.0178796469677592907970148372598373498477e-06
12895,-3.0178796509562421983231730177044127572117e-06
12896,-3.0178796823105376637662311534171521998360e-06
12897,-3.0178797082557887247441022471328153642389e-06
12898,-3.0178796509562421983231730177044127572117e-06
12899,-3.0178796823105376637662311534171521998360e-06
12900,-3.0178797082557887247441022471328153642389e-06
12901,-3.0178796232114615940905419377848772910511e-06
12902,-3.0178796469677592907970148372598373498477e-06
12903,-3.0178796560458395616761886198764486266555e-06
12904,3.2672782283279138947478993118106966207570e-15
12905,-1.0143623850797056223161890196561337387370e-14
12906,-3.0209238891379425979229374210621728025217e-06
12907,-3.0209237967275996939950106351391312387022e-06
12908,-3.0209238711488258472090840528467836634263e-06
12909,-3.0209239482371622396831862406019197919704e-06
12910,-3.0209238978933753136987393900225740139831e-06
12911,-3.0209237967275996939950106351391312387022e-06
12912,-3.0209238711488258472090840528467836634263e-06
12913,-3.0209239482371622396831862406019197919704e-06
12914,-3.0209238978933753136987393900225740139831e-06
12915,-3.0209237967275996939950106351391312387022e-06
12916,-3.0209238711488258472090840528467836634263e-06
12917,-3.0209239482371622396831862406019197919704e-06
12918,-3.0209238978933753136987393900225740139831e-06
12919,-3.0209237967275996939950106351391312387022e-06
12920,-3.0209238711488258472090840528467836634263e-06
12921,-3.0209239482371622396831862406019197919704e-06
12922,-3.0209238978933753136987393900225740139831e-06
12923,-3.0209237967275996939950106351391312387022e-06
12924,-3.0209238711488258472090840528467836634263e-06
12925,-3.0209239482371622396831862406019197919704e-06
12926,-3.0209238978933753136987393900225740139831e-06
12927,-3.0209237967275996939950106351391312387022e-06
12928,-3.0209238869491328057360988307289417775792e-06
12929,-3.0209238978933753136987393900225740139831e-06
12930,-3.0209237967275996939950106351391312387022e-06
12931,-3.0209238711488258472090840528467836634263e-06
12932,-3.0209239482371622396831862406019197919704e-06
12933,-3.0209238978933753136987393900225740139831e-06
12934,-3.0209237967275996939950106351391312387022e-06
12935,-3.0209238711488258472090840528467836634263e-06
12936,-3.0209239482371622396831862406019197919704e-06
12937,-3.0209238978933753136987393900225740139831e-06
12938,-3.0209237967275996939950106351391312387022e-06
12939,-3.0209238869491328057360988307289417775792e-06
12940,-3.0209238978933753136987393900225740139831e-06
12941,-3.0209237967275996939950106351391312387022e-06
12942,-3.0209238711488258472090840528467836634263e-06
12943,-3.0209238974151239945364899597279872978106e-06
12944,-3.0209239482371622396831862406019197919704e-06
12945,-3.0209238978933753136987393900225740139831e-06
12946,-3.0209237967275996939950106351391312387022e-06
12947,-3.0209238869491328057360988307289417775792e-06
12948,-3.0209238978933753136987393900225740139831e-06
12949,-3.0209237967275996939950106351391312387022e-06
12950,-3.0209238711488258472090840528467836634263e-06
12951,-3.0209238974151239945364899597279872978106e-06
12952,-3.0209239482371622396831862406019197919704e-06
12953,-3.0209238978933753136987393900225740139831e-06
12954,-3.0209237967275996939950106351391312387022e-06
12955,-3.0209238869491328057360988307289417775792e-06
12956,-3.0209238978933753136987393900225740139831e-06
12957,-3.0209237967275996939950106351391312387022e-06
12958,-3.0209238869491328057360988307289417775792e-06
12959,-3.0209238978933753136987393900225740139831e-06
12960,-3.0209237967275996939950106351391312387022e-06
12961,-3.0209238711488258472090840528467836634263e-06
12962,-3.0209238974151239945364899597279872978106e-06
12963,-3.0209239482371622396831862406019197919704e-06
12964,-3.0209238978933753136987393900225740139831e-06
12965,-3.0209237967275996939950106351391312387022e-06
12966,-3.0209238869491328057360988307289417775792e-06
12967,-3.0209238978933753136987393900225740139831e-06
12968,-3.0209237967275996939950106351391312387022e-06
12969,-3.0209238711488258472090840528467836634263e-06
12970,-3.0209238974151239945364899597279872978106e-06
12971,-3.0209239482371622396831862406019197919704e-06
12972,-3.0209238978933753136987393900225740139831e-06
12973,-3.0209237967275996939950106351391312387022e-06
12974,-3.0209238869491328057360988307289417775792e-06
12975,-3.0209238978933753136987393900225740139831e-06
12976,-3.0209237967275996939950106351391312387022e-06
12977,-3.0209238869491328057360988307289417775792e-06
12978,-3.0209238625024685286665337285993970795062e-06
12979,-3.0209238996585436948987078015216312110169e-06
12980,-3.0209239745034595399776448931827843580322e-06
12981,-3.0209238229938978413224165420203348730865e-06
12982,-3.0209238869491328057360988307289417775792e-06
12983,-3.0209238978933753136987393900225740139831e-06
12984,-3.0209237967275996939950106351391312387022e-06
12985,-3.0209239195155751938638970938155736689623e-06
12986,-3.0209239741824437938471584891297894159834e-06
12987,-3.0209239501595653468819704240422296948054e-06
12988,-3.0209239128944143599000710792568114015921e-06
12989,-3.0209239501595653468819704240422296948054e-06
12990,-3.0209238868399849871858569433369368084641e-06
12991,-3.0209238953835247879094703937763455314780e-06
12992,-3.0209238450943719105393995422170760889458e-06
12993,-3.0209239128944143599000710792568114015921e-06
12994,-3.0209239501595653468819704240422296948054e-06
12995,-3.0209239128944143599000710792568114015921e-06
12996,-3.0209239501595653468819704240422296948054e-06
12997,-3.0209239128944143599000710792568114015921e-06
12998,-3.0209239501595653468819704240422296948054e-06
12999,-3.0209239128944143599000710792568114015921e-06
13000,-3.0209239501595653468819704240422296948054e-06
13001,-3.0209239128944143599000710792568114015921e-06
13002,-3.0209239501595653468819704240422296948054e-06
13003,-3.0209239128944143599000710792568114015921e-06
13004,-3.0209239501595653468819704240422296948054e-06
13005,-3.0209239128944143599000710792568114015921e-06
13006,-3.0209239501595653468819704240422296948054e-06
13007,-3.0209239128944143599000710792568114015921e-06
13008,-3.0209239501595653468819704240422296948054e-06
13009,-3.0209239128944143599000710792568114015921e-06
13010,-3.0209239501595653468819704240422296948054e-06
13011,-3.0209238868399849871858569433369368084641e-06
13012,-3.0209238953835247879094703937763455314780e-06
13013,-3.0209238450943719105393995422170760889458e-06
13014,-3.0209239128944143599000710792568114015921e-06
13015,-3.0209239501595653468819704240422296948054e-06
13016,-3.0209239128944143599000710792568114015921e-06
13017,-3.0209239501595653468819704240422296948054e-06
13018,-3.0209239128944143599000710792568114015921e-06
13019,-3.0209239501595653468819704240422296948054e-06
13020,-3.0209239128944143599000710792568114015921e-06
13021,-3.0209239501595653468819704240422296948054e-06
13022,-3.0209239128944143599000710792568114015921e-06
13023,-3.0209239501595653468819704240422296948054e-06
13024,-3.0209239128944143599000710792568114015921e-06
13025,-3.0209239501595653468819704240422296948054e-06
13026,-3.0209239128944143599000710792568114015921e-06
13027,-3.0209239501595653468819704240422296948054e-06
13028,-3.0209239128944143599000710792568114015921e-06
13029,-3.0209239501595653468819704240422296948054e-06
13030,-3.0209239128944143599000710792568114015921e-06
13031,-3.0209239501595653468819704240422296948054e-06
13032,-3.0209238868399849871858569433369368084641e-06
13033,-3.0209238953835247879094703937763455314780e-06
13034,-3.0209238450943719105393995422170760889458e-06
13035,-3.0209239128944143599000710792568114015921e-06
13036,-3.0209239501595653468819704240422296948054e-06
13037,-3.0209239128944143599000710792568114015921e-06
13038,-3.0209239501595653468819704240422296948054e-06
13039,-3.0209239128944143599000710792568114015921e-06
13040,-3.0209239501595653468819704240422296948054e-06
13041,-3.0209239128944143599000710792568114015921e-06
13042,-3.0209239501595653468819704240422296948054e-06
13043,-3.0209239128944143599000710792568114015921e-06
13044,-3.0209239501595653468819704240422296948054e-06
13045,-3.0209239128944143599000710792568114015921e-06
13046,-3.0209238448825031359262077712557470476895e-06
13047,-3.0209238869491328057360988307289417775792e-06
13048,-3.0209238978933753136987393900225740139831e-06
13049,-3.0209237967275996939950106351391312387022e-06
13050,-3.0209238711488258472090840528467836634263e-06
13051,-3.0209239482371622396831862406019197919704e-06
13052,-3.0209238978933753136987393900225740139831e-06
13053,-3.0209237967275996939950106351391312387022e-06
13054,-3.0209238869491328057360988307289417775792e-06
13055,-3.0209238978933753136987393900225740139831e-06
13056,-3.0209237967275996939950106351391312387022e-06
13057,-3.0209238711488258472090840528467836634263e-06
13058,-3.0209239482371622396831862406019197919704e-06
13059,-3.0209238978933753136987393900225740139831e-06
13060,-3.0209237967275996939950106351391312387022e-06
13061,-3.0209238711488258472090840528467836634263e-06
13062,-3.0209239482371622396831862406019197919704e-06
13063,-3.0209238978933753136987393900225740139831e-06
13064,-3.0209237967275996939950106351391312387022e-06
13065,-3.0209238711488258472090840528467836634263e-06
13066,-3.0209239482371622396831862406019197919704e-06
13067,-3.0209238978933753136987393900225740139831e-06
13068,-3.0209237967275996939950106351391312387022e-06
13069,-3.0209238711488258472090840528467836634263e-06
13070,-3.0209239482371622396831862406019197919704e-06
13071,-3.0209238978933753136987393900225740139831e-06
13072,-3.0209237967275996939950106351391312387022e-06
13073,-3.0209238711488258472090840528467836634263e-06
13074,-3.0209239482371622396831862406019197919704e-06
13075,-3.0209238978933753136987393900225740139831e-06
13076,-3.0209237967275996939950106351391312387022e-06
13077,-3.0209238869491328057360988307289417775792e-06
13078,-3.0209238978933753136987393900225740139831e-06
13079,-3.0209237967275996939950106351391312387022e-06
13080,-3.0209238711488258472090840528467836634263e-06
13081,-3.0209239482371622396831862406019197919704e-06
13082,-3.0209238978933753136987393900225740139831e-06
13083,-3.0209237967275996939950106351391312387022e-06
13084,-3.0209238711488258472090840528467836634263e-06
13085,-3.0209239482371622396831862406019197919704e-06
13086,-3.0209238978933753136987393900225740139831e-06
13087,-3.0209237967275996939950106351391312387022e-06
13088,-3.0209238711488258472090840528467836634263e-06
13089,-3.0209239482371622396831862406019197919704e-06
13090,-3.0209238978933753136987393900225740139831e-06
13091,-3.0209237967275996939950106351391312387022e-06
13092,-3.0209238711488258472090840528467836634263e-06
13093,-3.0209239482371622396831862406019197919704e-06
13094,-3.0209238978933753136987393900225740139831e-06
13095,-3.0209237967275996939950106351391312387022e-06
13096,-3.0209238869491328057360988307289417775792e-06
13097,-3.0209238978933753136987393900225740139831e-06
13098,-3.0209237967275996939950106351391312387022e-06
13099,-3.0209238711488258472090840528467836634263e-06
13100,-3.0209239482371622396831862406019197919704e-06
13101,-3.0209238978933753136987393900225740139831e-06
13102,-3.0209237967275996939950106351391312387022e-06
13103,-3.0209238711488258472090840528467836634263e-06
13104,-3.0209239482371622396831862406019197919704e-06
13105,-3.0209238978933753136987393900225740139831e-06
13106,-3.0209237967275996939950106351391312387022e-06
13107,-3.0209238711488258472090840528467836634263e-06
13108,-3.0209239482371622396831862406019197919704e-06
13109,-3.0209238978933753136987393900225740139831e-06
13110,-3.0209237967275996939950106351391312387022e-06
13111,-3.0209238711488258472090840528467836634263e-06
13112,-3.0209239482371622396831862406019197919704e-06
13113,-3.0209238978933753136987393900225740139831e-06
13114,-3.0209237967275996939950106351391312387022e-06
13115,-3.0209238711488258472090840528467836634263e-06
13116,-3.0209239482371622396831862406019197919704e-06
13117,-3.0209238978933753136987393900225740139831e-06
13118,-3.0209237967275996939950106351391312387022e-06
13119,-3.0209238869491328057360988307289417775792e-06
13120,-3.0209238978933753136987393900225740139831e-06
13121,-3.0209237967275996939950106351391312387022e-06
13122,-3.0209238711488258472090840528467836634263e-06
13123,-3.0209239482371622396831862406019197919704e-06
13124,-3.0209238978933753136987393900225740139831e-06
13125,-3.0209237967275996939950106351391312387022e-06
13126,-3.0209238711488258472090840528467836634263e-06
13127,-3.0209239482371622396831862406019197919704e-06
13128,-3.0209238978933753136987393900225740139831e-06
13129,-3.0209237967275996939950106351391312387022e-06
13130,-3.0209238711488258472090840528467836634263e-06
13131,-3.0209239482371622396831862406019197919704e-06
13132,-3.0209238978933753136987393900225740139831e-06
13133,-3.0209237967275996939950106351391312387022e-06
13134,-3.0209238711488258472090840528467836634263e-06
13135,-3.0209239482371622396831862406019197919704e-06
13136,-3.0209238978933753136987393900225740139831e-06
13137,-3.0209237967275996939950106351391312387022e-06
13138,-3.0209238869491328057360988307289417775792e-06
13139,-3.0209238978933753136987393900225740139831e-06
13140,-3.0209237967275996939950106351391312387022e-06
13141,-3.0209238711488258472090840528467836634263e-06
13142,-3.0209239482371622396831862406019197919704e-06
13143,-3.0209238978933753136987393900225740139831e-06
13144,-3.0209237967275996939950106351391312387022e-06
13145,-3.0209238711488258472090840528467836634263e-06
13146,-3.0209239482371622396831862406019197919704e-06
13147,-3.0209238978933753136987393900225740139831e-06
13148,-3.0209237967275996939950106351391312387022e-06
13149,-3.0209238711488258472090840528467836634263e-06
13150,-3.0209239482371622396831862406019197919704e-06
13151,-3.0209238978933753136987393900225740139831e-06
13152,-3.0209237967275996939950106351391312387022e-06
13153,-3.0209238711488258472090840528467836634263e-06
13154,-3.0209239482371622396831862406019197919704e-06
13155,-3.0209238978933753136987393900225740139831e-06
13156,-3.0209237967275996939950106351391312387022e-06
13157,-3.0209238711488258472090840528467836634263e-06
13158,-3.0209239482371622396831862406019197919704e-06
13159,-3.0209238978933753136987393900225740139831e-06
13160,-3.0209237967275996939950106351391312387022e-06
13161,-3.0209238869491328057360988307289417775792e-06
13162,-3.0209238978933753136987393900225740139831e-06
13163,-3.0209237967275996939950106351391312387022e-06
13164,-3.0209238711488258472090840528467836634263e-06
13165,-3.0209239482371622396831862406019197919704e-06
13166,-3.0209238978933753136987393900225740139831e-06
13167,-3.0209237967275996939950106351391312387022e-06
13168,-3.0209238711488258472090840528467836634263e-06
13169,-3.0209239482371622396831862406019197919704e-06
13170,-3.0209238978933753136987393900225740139831e-06
13171,-3.0209237967275996939950106351391312387022e-06
13172,-3.0209238711488258472090840528467836634263e-06
13173,-3.0209239482371622396831862406019197919704e-06
13174,-3.0209238978933753136987393900225740139831e-06
13175,-3.0209237967275996939950106351391312387022e-06
13176,-3.0209238711488258472090840528467836634263e-06
13177,-3.0209239482371622396831862406019197919704e-06
13178,-3.0209238978933753136987393900225740139831e-06
13179,-3.0209237967275996939950106351391312387022e-06
13180,-3.0209238711488258472090840528467836634263e-06
13181,-3.0209239482371622396831862406019197919704e-06
13182,-3.0209238978933753136987393900225740139831e-06
13183,-3.0209237967275996939950106351391312387022e-06
13184,-3.0209238869491328057360988307289417775792e-06
13185,-3.0209238978933753136987393900225740139831e-06
13186,-3.0209237967275996939950106351391312387022e-06
13187,-3.0209238711488258472090840528467836634263e-06
13188,-3.0209239482371622396831862406019197919704e-06
13189,-3.0209238625024685286665337285993970795062e-06
13190,-3.0209238996585436948987078015216312110169e-06
13191,-3.0209239333388915833898506757559943025626e-06
13192,-3.0209238559358460285940439771223964271485e-06
13193,-3.0209239959683044154654767143863836054152e-06
13194,-3.0209239333388915833898506757559943025626e-06
13195,-3.0209238559358460285940439771223964271485e-06
13196,-3.0209239959683044154654767143863836054152e-06
13197,-3.0209239456791273976564091152674507156917e-06
13198,-3.0209239259248422657425873355530043795625e-06
13199,-3.0209239333388915833898506757559943025626e-06
13200,-3.0209238559358460285940439771223964271485e-06
13201,-3.0209239959683044154654767143863836054152e-06
13202,-3.0209239333388915833898506757559943025626e-06
13203,-3.0209238559358460285940439771223964271485e-06
13204,-3.0209239959683044154654767143863836054152e-06
13205,-3.0209239333388915833898506757559943025626e-06
13206,-3.0209238559358460285940439771223964271485e-06
13207,-3.0209239959683044154654767143863836054152e-06
13208,-3.0209239456791273976564091152674507156917e-06
13209,-3.0209239259248422657425873355530043795625e-06
13210,-3.0209239333388915833898506757559943025626e-06
13211,-3.0209238559358460285940439771223964271485e-06
13212,-3.0209239959683044154654767143863836054152e-06
13213,-3.0209239333388915833898506757559943025626e-06
13214,-3.0209238559358460285940439771223964271485e-06
13215,-3.0209239959683044154654767143863836054152e-06
13216,-3.0209239456791273976564091152674507156917e-06
13217,-3.0209239259248422657425873355530043795625e-06
13218,-3.0209239333388915833898506757559943025626e-06
13219,-3.0209238559358460285940439771223964271485e-06
13220,-3.0209239959683044154654767143863836054152e-06
13221,-3.0209239333388915833898506757559943025626e-06
13222,-3.0209238559358460285940439771223964271485e-06
13223,-3.0209239959683044154654767143863836054152e-06
13224,-3.0209239333388915833898506757559943025626e-06
13225,-3.0209238559358460285940439771223964271485e-06
13226,-3.0209239959683044154654767143863836054152e-06
13227,-3.0209239456791273976564091152674507156917e-06
13228,-3.0209239259248422657425873355530043795625e-06
13229,-3.0209239333388915833898506757559943025626e-06
13230,-3.0209238559358460285940439771223964271485e-06
13231,-3.0209239959683044154654767143863836054152e-06
13232,-3.0209239333388915833898506757559943025626e-06
13233,-3.0209238559358460285940439771223964271485e-06
13234,-3.0209239959683044154654767143863836054152e-06
13235,-3.0209239456791273976564091152674507156917e-06
13236,-3.0209239259248422657425873355530043795625e-06
13237,-3.0209239333388915833898506757559943025626e-06
13238,-3.0209238559358460285940439771223964271485e-06
13239,-3.0209239959683044154654767143863836054152e-06
13240,-3.0209239333388915833898506757559943025626e-06
13241,-3.0209238559358460285940439771223964271485e-06
13242,-3.0209239959683044154654767143863836054152e-06
13243,-3.0209239456791273976564091152674507156917e-06
13244,-3.0209239259248422657425873355530043795625e-06
13245,-3.0209239333388915833898506757559943025626e-06
13246,-3.0209238559358460285940439771223964271485e-06
13247,-3.0209239959683044154654767143863836054152e-06
13248,-3.0209239333388915833898506757559943025626e-06
13249,-3.0209238559358460285940439771223964271485e-06
13250,-3.0209239959683044154654767143863836054152e-06
13251,-3.0209239333388915833898506757559943025626e-06
13252,-3.0209238559358460285940439771223964271485e-06
13253,-3.0209239959683044154654767143863836054152e-06
13254,-3.0209239456791273976564091152674507156917e-06
13255,-3.0209239259248422657425873355530043795625e-06
13256,-3.0209239333388915833898506757559943025626e-06
13257,-3.0209238559358460285940439771223964271485e-06
13258,-3.0209239959683044154654767143863836054152e-06
13259,-3.0209239333388915833898506757559943025626e-06
13260,-3.0209238559358460285940439771223964271485e-06
13261,-3.0209239959683044154654767143863836054152e-06
13262,-3.0209239456791273976564091152674507156917e-06
13263,-3.0209239259248422657425873355530043795625e-06
13264,-3.0209239333388915833898506757559943025626e-06
13265,-3.0209238559358460285940439771223964271485e-06
13266,-3.0209239959683044154654767143863836054152e-06
13267,-3.0209239333388915833898506757559943025626e-06
13268,-3.0209238559358460285940439771223964271485e-06
13269,-3.0209239959683044154654767143863836054152e-06
13270,-3.0209239333388915833898506757559943025626e-06
13271,-3.0209238559358460285940439771223964271485e-06
13272,-3.0209239959683044154654767143863836054152e-06
13273,-3.0209239456791273976564091152674507156917e-06
13274,-3.0209239259248422657425873355530043795625e-06
13275,-3.0209239333388915833898506757559943025626e-06
13276,-3.0209238559358460285940439771223964271485e-06
13277,-3.0209239959683044154654767143863836054152e-06
13278,-3.0209239333388915833898506757559943025626e-06
13279,-3.0209238559358460285940439771223964271485e-06
13280,-3.0209239959683044154654767143863836054152e-06
13281,-3.0209239456791273976564091152674507156917e-06
13282,-3.0209239259248422657425873355530043795625e-06
13283,-3.0209239333388915833898506757559943025626e-06
13284,-3.0209238559358460285940439771223964271485e-06
13285,-3.0209239959683044154654767143863836054152e-06
13286,-3.0209239333388915833898506757559943025626e-06
13287,-3.0209238559358460285940439771223964271485e-06
13288,-3.0209239959683044154654767143863836054152e-06
13289,-3.0209239333388915833898506757559943025626e-06
13290,-3.0209238559358460285940439771223964271485e-06
13291,-3.0209239959683044154654767143863836054152e-06
13292,-3.0209239456791273976564091152674507156917e-06
13293,-3.0209239259248422657425873355530043795625e-06
13294,-3.0209239333388915833898506757559943025626e-06
13295,-3.0209238559358460285940439771223964271485e-06
13296,-3.0209239959683044154654767143863836054152e-06
13297,-3.0209239333388915833898506757559943025626e-06
13298,-3.0209238559358460285940439771223964271485e-06
13299,-3.0209239959683044154654767143863836054152e-06
13300,-3.0209239456791273976564091152674507156917e-06
13301,-3.0209239259248422657425873355530043795625e-06
13302,-3.0209239333388915833898506757559943025626e-06
13303,-3.0209238559358460285940439771223964271485e-06
13304,-3.0209239959683044154654767143863836054152e-06
13305,-3.0209239333388915833898506757559943025626e-06
13306,-3.0209238559358460285940439771223964271485e-06
13307,-3.0209239959683044154654767143863836054152e-06
13308,-3.0209239456791273976564091152674507156917e-06
13309,-3.0209239259248422657425873355530043795625e-06
13310,-3.0209239333388915833898506757559943025626e-06
13311,-3.0209238559358460285940439771223964271485e-06
13312,-3.0209239959683044154654767143863836054152e-06
13313,-3.0209239333388915833898506757559943025626e-06
13314,-3.0209238559358460285940439771223964271485e-06
13315,-3.0209239959683044154654767143863836054152e-06
13316,-3.0209239333388915833898506757559943025626e-06
13317,-3.0209238559358460285940439771223964271485e-06
13318,-3.0209239959683044154654767143863836054152e-06
13319,-3.0209239456791273976564091152674507156917e-06
13320,-3.0209239259248422657425873355530043795625e-06
13321,-3.0209239333388915833898506757559943025626e-06
13322,-3.0209238559358460285940439771223964271485e-06
13323,-3.0209239959683044154654767143863836054152e-06
13324,-3.0209239333388915833898506757559943025626e-06
13325,-3.0209238559358460285940439771223964271485e-06
13326,-3.0209239959683044154654767143863836054152e-06
13327,-3.0209239456791273976564091152674507156917e-06
13328,-3.0209239259248422657425873355530043795625e-06
13329,-3.0209239333388915833898506757559943025626e-06
13330,-3.0209238559358460285940439771223964271485e-06
13331,-3.0209239959683044154654767143863836054152e-06
13332,-3.0209239333388915833898506757559943025626e-06
13333,-3.0209238559358460285940439771223964271485e-06
13334,-3.0209239959683044154654767143863836054152e-06
13335,-3.0209239333388915833898506757559943025626e-06
13336,-3.0209238559358460285940439771223964271485e-06
13337,-3.0209239959683044154654767143863836054152e-06
13338,-3.0209239456791273976564091152674507156917e-06
13339,-3.0209239259248422657425873355530043795625e-06
13340,-3.0209239333388915833898506757559943025626e-06
13341,-3.0209238559358460285940439771223964271485e-06
13342,-3.0209239959683044154654767143863836054152e-06
13343,-3.0209239333388915833898506757559943025626e-06
13344,-3.0209238559358460285940439771223964271485e-06
13345,-3.0209239959683044154654767143863836054152e-06
13346,-3.0209239456791273976564091152674507156917e-06
13347,-3.0209239259248422657425873355530043795625e-06
13348,-3.0209239800510192423073276696277034147897e-06
13349,1.8662106202341744381907467966844861254857e-15
13350,-2.7712773993422280696011843692813978128861e-15
13351,1.9753175100819128640061705937114311382174e-01
13352,1.9753175100822811804945899893937166780233e-01
13353,1.9753175100818964882165573726524598896503e-01
13354,1.9753175100818134990454666422010632231832e-01
13355,1.9753175100820002940693598247889894992113e-01
13356,1.9753175100822811804945899893937166780233e-01
13357,1.9753175100818964882165573726524598896503e-01
13358,1.9753175100818134990454666422010632231832e-01
13359,1.9753175100820002940693598247889894992113e-01
13360,1.9753175100822811804945899893937166780233e-01
13361,1.9753175100818964882165573726524598896503e-01
13362,1.9753175100818134990454666422010632231832e-01
13363,1.9753175100820002940693598247889894992113e-01
13364,1.9753175100822811804945899893937166780233e-01
13365,1.9753175100818964882165573726524598896503e-01
13366,1.9753175100818134990454666422010632231832e-01
13367,1.9753175100820002940693598247889894992113e-01
13368,1.9753175100822811804945899893937166780233e-01
13369,1.9753175100818964882165573726524598896503e-01
13370,1.9753175100818134990454666422010632231832e-01
13371,1.9753175100820002940693598247889894992113e-01
13372,1.9753175100822811804945899893937166780233e-01
13373,1.9753175100815945075538593300734646618366e-01
13374,1.9753175100820002940693598247889894992113e-01
13375,1.9753175100822811804945899893937166780233e-01
13376,1.9753175100818964882165573726524598896503e-01
13377,1.9753175100818134990454666422010632231832e-01
13378,1.9753175100820002940693598247889894992113e-01
13379,1.9753175100822811804945899893937166780233e-01
13380,1.9753175100818964882165573726524598896503e-01
13381,1.9753175100818134990454666422010632231832e-01
13382,1.9753175100820002940693598247889894992113e-01
13383,1.9753175100822811804945899893937166780233e-01
13384,1.9753175100815945075538593300734646618366e-01
13385,1.9753175100820002940693598247889894992113e-01
13386,1.9753175100822811804945899893937166780233e-01
13387,1.9753175100818964882165573726524598896503e-01
13388,1.9753175100819403420260300663358066231012e-01
13389,1.9753175100818134990454666422010632231832e-01
13390,1.9753175100820002940693598247889894992113e-01
13391,1.9753175100822811804945899893937166780233e-01
13392,1.9753175100815945075538593300734646618366e-01
13393,1.9753175100820002940693598247889894992113e-01
13394,1.9753175100822811804945899893937166780233e-01
13395,1.9753175100818964882165573726524598896503e-01
13396,1.9753175100819403420260300663358066231012e-01
13397,1.9753175100818134990454666422010632231832e-01
13398,1.9753175100820002940693598247889894992113e-01
13399,1.9753175100822811804945899893937166780233e-01
13400,1.9753175100815945075538593300734646618366e-01
13401,1.9753175100820002940693598247889894992113e-01
13402,1.9753175100822811804945899893937166780233e-01
13403,1.9753175100815945075538593300734646618366e-01
13404,1.9753175100820002940693598247889894992113e-01
13405,1.9753175100822811804945899893937166780233e-01
13406,1.9753175100818964882165573726524598896503e-01
13407,1.9753175100819403420260300663358066231012e-01
13408,1.9753175100818134990454666422010632231832e-01
13409,1.9753175100820002940693598247889894992113e-01
13410,1.9753175100822811804945899893937166780233e-01
13411,1.9753175100815945075538593300734646618366e-01
13412,1.9753175100820002940693598247889894992113e-01
13413,1.9753175100822811804945899893937166780233e-01
13414,1.9753175100818964882165573726524598896503e-01
13415,1.9753175100819403420260300663358066231012e-01
13416,1.9753175100818134990454666422010632231832e-01
13417,1.9753175100820002940693598247889894992113e-01
13418,1.9753175100822811804945899893937166780233e-01
13419,1.9753175100815945075538593300734646618366e-01
13420,1.9753175100820002940693598247889894992113e-01
13421,1.9753175100822811804945899893937166780233e-01
13422,1.9753175100815945075538593300734646618366e-01
13423,1.9753175100822378817966296082886401563883e-01
13424,1.9753175100827938259762106554262572899461e-01
13425,1.9753175100814182596487000864726724103093e-01
13426,1.9753175100821498966219280646328115835786e-01
13427,1.9753175100815945075538593300734646618366e-01
13428,1.9753175100820002940693598247889894992113e-01
13429,1.9753175100822811804945899893937166780233e-01
13430,1.9753175100821168674869454662257339805365e-01
13431,1.9753175100812683795403756903397152200341e-01
13432,1.9753175100820571929993718640616862103343e-01
13433,1.9753175100819686527131580078275874257088e-01
13434,1.9753175100820571929993718640616862103343e-01
13435,1.9753175100814454601128034028079127892852e-01
13436,1.9753175100828723742552028852514922618866e-01
13437,1.9753175100819259091267099393007811158895e-01
13438,1.9753175100819686527131580078275874257088e-01
13439,1.9753175100820571929993718640616862103343e-01
13440,1.9753175100819686527131580078275874257088e-01
13441,1.9753175100820571929993718640616862103343e-01
13442,1.9753175100819686527131580078275874257088e-01
13443,1.9753175100820571929993718640616862103343e-01
13444,1.9753175100819686527131580078275874257088e-01
13445,1.9753175100820571929993718640616862103343e-01
13446,1.9753175100819686527131580078275874257088e-01
13447,1.9753175100820571929993718640616862103343e-01
13448,1.9753175100819686527131580078275874257088e-01
13449,1.9753175100820571929993718640616862103343e-01
13450,1.9753175100819686527131580078275874257088e-01
13451,1.9753175100820571929993718640616862103343e-01
13452,1.9753175100819686527131580078275874257088e-01
13453,1.9753175100820571929993718640616862103343e-01
13454,1.9753175100819686527131580078275874257088e-01
13455,1.9753175100820571929993718640616862103343e-01
13456,1.9753175100814454601128034028079127892852e-01
13457,1.9753175100828723742552028852514922618866e-01
13458,1.9753175100819259091267099393007811158895e-01
13459,1.9753175100819686527131580078275874257088e-01
13460,1.9753175100820571929993718640616862103343e-01
13461,1.9753175100819686527131580078275874257088e-01
13462,1.9753175100820571929993718640616862103343e-01
13463,1.9753175100819686527131580078275874257088e-01
13464,1.9753175100820571929993718640616862103343e-01
13465,1.9753175100819686527131580078275874257088e-01
13466,1.9753175100820571929993718640616862103343e-01
13467,1.9753175100819686527131580078275874257088e-01
13468,1.9753175100820571929993718640616862103343e-01
13469,1.9753175100819686527131580078275874257088e-01
13470,1.9753175100820571929993718640616862103343e-01
13471,1.9753175100819686527131580078275874257088e-01
13472,1.9753175100820571929993718640616862103343e-01
13473,1.9753175100819686527131580078275874257088e-01
13474,1.9753175100820571929993718640616862103343e-01
13475,1.9753175100819686527131580078275874257088e-01
13476,1.9753175100820571929993718640616862103343e-01
13477,1.9753175100814454601128034028079127892852e-01
13478,1.9753175100828723742552028852514922618866e-01
13479,1.9753175100819259091267099393007811158895e-01
13480,1.9753175100819686527131580078275874257088e-01
13481,1.9753175100820571929993718640616862103343e-01
13482,1.9753175100819686527131580078275874257088e-01
13483,1.9753175100820571929993718640616862103343e-01
13484,1.9753175100819686527131580078275874257088e-01
13485,1.9753175100820571929993718640616862103343e-01
13486,1.9753175100819686527131580078275874257088e-01
13487,1.9753175100820571929993718640616862103343e-01
13488,1.9753175100819686527131580078275874257088e-01
13489,1.9753175100820571929993718640616862103343e-01
13490,1.9753175100819686527131580078275874257088e-01
13491,1.9753175100820777321253274294576840475202e-01
13492,1.9753175100815067999349139427067711949348e-01
13493,1.9753175100820002940693598247889894992113e-01
13494,1.9753175100822811804945899893937166780233e-01
13495,1.9753175100818964882165573726524598896503e-01
13496,1.9753175100818134990454666422010632231832e-01
13497,1.9753175100820002940693598247889894992113e-01
13498,1.9753175100822811804945899893937166780233e-01
13499,1.9753175100815945075538593300734646618366e-01
13500,1.9753175100820002940693598247889894992113e-01
13501,1.9753175100822811804945899893937166780233e-01
13502,1.9753175100818964882165573726524598896503e-01
13503,1.9753175100818134990454666422010632231832e-01
13504,1.9753175100820002940693598247889894992113e-01
13505,1.9753175100822811804945899893937166780233e-01
13506,1.9753175100818964882165573726524598896503e-01
13507,1.9753175100818134990454666422010632231832e-01
13508,1.9753175100820002940693598247889894992113e-01
13509,1.9753175100822811804945899893937166780233e-01
13510,1.9753175100818964882165573726524598896503e-01
13511,1.9753175100818134990454666422010632231832e-01
13512,1.9753175100820002940693598247889894992113e-01
13513,1.9753175100822811804945899893937166780233e-01
13514,1.9753175100818964882165573726524598896503e-01
13515,1.9753175100818134990454666422010632231832e-01
13516,1.9753175100820002940693598247889894992113e-01
13517,1.9753175100822811804945899893937166780233e-01
13518,1.9753175100818964882165573726524598896503e-01
13519,1.9753175100818134990454666422010632231832e-01
13520,1.9753175100820002940693598247889894992113e-01
13521,1.9753175100822811804945899893937166780233e-01
13522,1.9753175100815945075538593300734646618366e-01
13523,1.9753175100820002940693598247889894992113e-01
13524,1.9753175100822811804945899893937166780233e-01
13525,1.9753175100818964882165573726524598896503e-01
13526,1.9753175100818134990454666422010632231832e-01
13527,1.9753175100820002940693598247889894992113e-01
13528,1.9753175100822811804945899893937166780233e-01
13529,1.9753175100818964882165573726524598896503e-01
13530,1.9753175100818134990454666422010632231832e-01
13531,1.9753175100820002940693598247889894992113e-01
13532,1.9753175100822811804945899893937166780233e-01
13533,1.9753175100818964882165573726524598896503e-01
13534,1.9753175100818134990454666422010632231832e-01
13535,1.9753175100820002940693598247889894992113e-01
13536,1.9753175100822811804945899893937166780233e-01
13537,1.9753175100818964882165573726524598896503e-01
13538,1.9753175100818134990454666422010632231832e-01
13539,1.9753175100820002940693598247889894992113e-01
13540,1.9753175100822811804945899893937166780233e-01
13541,1.9753175100815945075538593300734646618366e-01
13542,1.9753175100820002940693598247889894992113e-01
13543,1.9753175100822811804945899893937166780233e-01
13544,1.9753175100818964882165573726524598896503e-01
13545,1.9753175100818134990454666422010632231832e-01
13546,1.9753175100820002940693598247889894992113e-01
13547,1.9753175100822811804945899893937166780233e-01
13548,1.9753175100818964882165573726524598896503e-01
13549,1.9753175100818134990454666422010632231832e-01
13550,1.9753175100820002940693598247889894992113e-01
13551,1.9753175100822811804945899893937166780233e-01
13552,1.9753175100818964882165573726524598896503e-01
13553,1.9753175100818134990454666422010632231832e-01
13554,1.9753175100820002940693598247889894992113e-01
13555,1.9753175100822811804945899893937166780233e-01
13556,1.9753175100818964882165573726524598896503e-01
13557,1.9753175100818134990454666422010632231832e-01
13558,1.9753175100820002940693598247889894992113e-01
13559,1.9753175100822811804945899893937166780233e-01
13560,1.9753175100818964882165573726524598896503e-01
13561,1.9753175100818134990454666422010632231832e-01
13562,1.9753175100820002940693598247889894992113e-01
13563,1.9753175100822811804945899893937166780233e-01
13564,1.9753175100815945075538593300734646618366e-01
13565,1.9753175100820002940693598247889894992113e-01
13566,1.9753175100822811804945899893937166780233e-01
13567,1.9753175100818964882165573726524598896503e-01
13568,1.9753175100818134990454666422010632231832e-01
13569,1.9753175100820002940693598247889894992113e-01
13570,1.9753175100822811804945899893937166780233e-01
13571,1.9753175100818964882165573726524598896503e-01
13572,1.9753175100818134990454666422010632231832e-01
13573,1.9753175100820002940693598247889894992113e-01
13574,1.9753175100822811804945899893937166780233e-01
13575,1.9753175100818964882165573726524598896503e-01
13576,1.9753175100818134990454666422010632231832e-01
13577,1.9753175100820002940693598247889894992113e-01
13578,1.9753175100822811804945899893937166780233e-01
13579,1.9753175100818964882165573726524598896503e-01
13580,1.9753175100818134990454666422010632231832e-01
13581,1.9753175100820002940693598247889894992113e-01
13582,1.9753175100822811804945899893937166780233e-01
13583,1.9753175100815945075538593300734646618366e-01
13584,1.9753175100820002940693598247889894992113e-01
13585,1.9753175100822811804945899893937166780233e-01
13586,1.9753175100818964882165573726524598896503e-01
13587,1.9753175100818134990454666422010632231832e-01
13588,1.9753175100820002940693598247889894992113e-01
13589,1.9753175100822811804945899893937166780233e-01
13590,1.9753175100818964882165573726524598896503e-01
13591,1.9753175100818134990454666422010632231832e-01
13592,1.9753175100820002940693598247889894992113e-01
13593,1.9753175100822811804945899893937166780233e-01
13594,1.9753175100818964882165573726524598896503e-01
13595,1.9753175100818134990454666422010632231832e-01
13596,1.9753175100820002940693598247889894992113e-01
13597,1.9753175100822811804945899893937166780233e-01
13598,1.9753175100818964882165573726524598896503e-01
13599,1.9753175100818134990454666422010632231832e-01
13600,1.9753175100820002940693598247889894992113e-01
13601,1.9753175100822811804945899893937166780233e-01
13602,1.9753175100818964882165573726524598896503e-01
13603,1.9753175100818134990454666422010632231832e-01
13604,1.9753175100820002940693598247889894992113e-01
13605,1.9753175100822811804945899893937166780233e-01
13606,1.9753175100815945075538593300734646618366e-01
13607,1.9753175100820002940693598247889894992113e-01
13608,1.9753175100822811804945899893937166780233e-01
13609,1.9753175100818964882165573726524598896503e-01
13610,1.9753175100818134990454666422010632231832e-01
13611,1.9753175100820002940693598247889894992113e-01
13612,1.9753175100822811804945899893937166780233e-01
13613,1.9753175100818964882165573726524598896503e-01
13614,1.9753175100818134990454666422010632231832e-01
13615,1.9753175100820002940693598247889894992113e-01
13616,1.9753175100822811804945899893937166780233e-01
13617,1.9753175100818964882165573726524598896503e-01
13618,1.9753175100818134990454666422010632231832e-01
13619,1.9753175100820002940693598247889894992113e-01
13620,1.9753175100822811804945899893937166780233e-01
13621,1.9753175100818964882165573726524598896503e-01
13622,1.9753175100818134990454666422010632231832e-01
13623,1.9753175100820002940693598247889894992113e-01
13624,1.9753175100822811804945899893937166780233e-01
13625,1.9753175100818964882165573726524598896503e-01
13626,1.9753175100818134990454666422010632231832e-01
13627,1.9753175100820002940693598247889894992113e-01
13628,1.9753175100822811804945899893937166780233e-01
13629,1.9753175100815945075538593300734646618366e-01
13630,1.9753175100820002940693598247889894992113e-01
13631,1.9753175100822811804945899893937166780233e-01
13632,1.9753175100818964882165573726524598896503e-01
13633,1.9753175100818134990454666422010632231832e-01
13634,1.9753175100822378817966296082886401563883e-01
13635,1.9753175100827938259762106554262572899461e-01
13636,1.9753175100818828879845057144848397001624e-01
13637,1.9753175100819433951393477855162927880883e-01
13638,1.9753175100819622689307664131774799898267e-01
13639,1.9753175100818828879845057144848397001624e-01
13640,1.9753175100819433951393477855162927880883e-01
13641,1.9753175100819622689307664131774799898267e-01
13642,1.9753175100816774967249500605248613283038e-01
13643,1.9753175100821371290571448753325967118144e-01
13644,1.9753175100818828879845057144848397001624e-01
13645,1.9753175100819433951393477855162927880883e-01
13646,1.9753175100819622689307664131774799898267e-01
13647,1.9753175100818828879845057144848397001624e-01
13648,1.9753175100819433951393477855162927880883e-01
13649,1.9753175100819622689307664131774799898267e-01
13650,1.9753175100818828879845057144848397001624e-01
13651,1.9753175100819433951393477855162927880883e-01
13652,1.9753175100819622689307664131774799898267e-01
13653,1.9753175100816774967249500605248613283038e-01
13654,1.9753175100821371290571448753325967118144e-01
13655,1.9753175100818828879845057144848397001624e-01
13656,1.9753175100819433951393477855162927880883e-01
13657,1.9753175100819622689307664131774799898267e-01
13658,1.9753175100818828879845057144848397001624e-01
13659,1.9753175100819433951393477855162927880883e-01
13660,1.9753175100819622689307664131774799898267e-01
13661,1.9753175100816774967249500605248613283038e-01
13662,1.9753175100821371290571448753325967118144e-01
13663,1.9753175100818828879845057144848397001624e-01
13664,1.9753175100819433951393477855162927880883e-01
13665,1.9753175100819622689307664131774799898267e-01
13666,1.9753175100818828879845057144848397001624e-01
13667,1.9753175100819433951393477855162927880883e-01
13668,1.9753175100819622689307664131774799898267e-01
13669,1.9753175100818828879845057144848397001624e-01
13670,1.9753175100819433951393477855162927880883e-01
13671,1.9753175100819622689307664131774799898267e-01
13672,1.9753175100816774967249500605248613283038e-01
13673,1.9753175100821371290571448753325967118144e-01
13674,1.9753175100818828879845057144848397001624e-01
13675,1.9753175100819433951393477855162927880883e-01
13676,1.9753175100819622689307664131774799898267e-01
13677,1.9753175100818828879845057144848397001624e-01
13678,1.9753175100819433951393477855162927880883e-01
13679,1.9753175100819622689307664131774799898267e-01
13680,1.9753175100816774967249500605248613283038e-01
13681,1.9753175100821371290571448753325967118144e-01
13682,1.9753175100818828879845057144848397001624e-01
13683,1.9753175100819433951393477855162927880883e-01
13684,1.9753175100819622689307664131774799898267e-01
13685,1.9753175100818828879845057144848397001624e-01
13686,1.9753175100819433951393477855162927880883e-01
13687,1.9753175100819622689307664131774799898267e-01
13688,1.9753175100816774967249500605248613283038e-01
13689,1.9753175100821371290571448753325967118144e-01
13690,1.9753175100818828879845057144848397001624e-01
13691,1.9753175100819433951393477855162927880883e-01
13692,1.9753175100819622689307664131774799898267e-01
13693,1.9753175100818828879845057144848397001624e-01
13694,1.9753175100819433951393477855162927880883e-01
13695,1.9753175100819622689307664131774799898267e-01
13696,1.9753175100818828879845057144848397001624e-01
13697,1.9753175100819433951393477855162927880883e-01
13698,1.9753175100819622689307664131774799898267e-01
13699,1.9753175100816774967249500605248613283038e-01
13700,1.9753175100821371290571448753325967118144e-01
13701,1.9753175100818828879845057144848397001624e-01
13702,1.9753175100819433951393477855162927880883e-01
13703,1.9753175100819622689307664131774799898267e-01
13704,1.9753175100818828879845057144848397001624e-01
13705,1.9753175100819433951393477855162927880883e-01
13706,1.9753175100819622689307664131774799898267e-01
13707,1.9753175100816774967249500605248613283038e-01
13708,1.9753175100821371290571448753325967118144e-01
13709,1.9753175100818828879845057144848397001624e-01
13710,1.9753175100819433951393477855162927880883e-01
13711,1.9753175100819622689307664131774799898267e-01
13712,1.9753175100818828879845057144848397001624e-01
13713,1.9753175100819433951393477855162927880883e-01
13714,1.9753175100819622689307664131774799898267e-01
13715,1.9753175100818828879845057144848397001624e-01
13716,1.9753175100819433951393477855162927880883e-01
13717,1.9753175100819622689307664131774799898267e-01
13718,1.9753175100816774967249500605248613283038e-01
13719,1.9753175100821371290571448753325967118144e-01
13720,1.9753175100818828879845057144848397001624e-01
13721,1.9753175100819433951393477855162927880883e-01
13722,1.9753175100819622689307664131774799898267e-01
13723,1.9753175100818828879845057144848397001624e-01
13724,1.9753175100819433951393477855162927880883e-01
13725,1.9753175100819622689307664131774799898267e-01
13726,1.9753175100816774967249500605248613283038e-01
13727,1.9753175100821371290571448753325967118144e-01
13728,1.9753175100818828879845057144848397001624e-01
13729,1.9753175100819433951393477855162927880883e-01
13730,1.9753175100819622689307664131774799898267e-01
13731,1.9753175100818828879845057144848397001624e-01
13732,1.9753175100819433951393477855162927880883e-01
13733,1.9753175100819622689307664131774799898267e-01
13734,1.9753175100818828879845057144848397001624e-01
13735,1.9753175100819433951393477855162927880883e-01
13736,1.9753175100819622689307664131774799898267e-01
13737,1.9753175100816774967249500605248613283038e-01
13738,1.9753175100821371290571448753325967118144e-01
13739,1.9753175100818828879845057144848397001624e-01
13740,1.9753175100819433951393477855162927880883e-01
13741,1.9753175100819622689307664131774799898267e-01
13742,1.9753175100818828879845057144848397001624e-01
13743,1.9753175100819433951393477855162927880883e-01
13744,1.9753175100819622689307664131774799898267e-01
13745,1.9753175100816774967249500605248613283038e-01
13746,1.9753175100821371290571448753325967118144e-01
13747,1.9753175100818828879845057144848397001624e-01
13748,1.9753175100819433951393477855162927880883e-01
13749,1.9753175100819622689307664131774799898267e-01
13750,1.9753175100818828879845057144848397001624e-01
13751,1.9753175100819433951393477855162927880883e-01
13752,1.9753175100819622689307664131774799898267e-01
13753,1.9753175100816774967249500605248613283038e-01
13754,1.9753175100821371290571448753325967118144e-01
13755,1.9753175100818828879845057144848397001624e-01
13756,1.9753175100819433951393477855162927880883e-01
13757,1.9753175100819622689307664131774799898267e-01
13758,1.9753175100818828879845057144848397001624e-01
13759,1.9753175100819433951393477855162927880883e-01
13760,1.9753175100819622689307664131774799898267e-01
13761,1.9753175100818828879845057144848397001624e-01
13762,1.9753175100819433951393477855162927880883e-01
13763,1.9753175100819622689307664131774799898267e-01
13764,1.9753175100816774967249500605248613283038e-01
13765,1.9753175100821371290571448753325967118144e-01
13766,1.9753175100818828879845057144848397001624e-01
13767,1.9753175100819433951393477855162927880883e-01
13768,1.9753175100819622689307664131774799898267e-01
13769,1.9753175100818828879845057144848397001624e-01
13770,1.9753175100819433951393477855162927880883e-01
13771,1.9753175100819622689307664131774799898267e-01
13772,1.9753175100816774967249500605248613283038e-01
13773,1.9753175100821371290571448753325967118144e-01
13774,1.9753175100818828879845057144848397001624e-01
13775,1.9753175100819433951393477855162927880883e-01
13776,1.9753175100819622689307664131774799898267e-01
13777,1.9753175100818828879845057144848397001624e-01
13778,1.9753175100819433951393477855162927880883e-01
13779,1.9753175100819622689307664131774799898267e-01
13780,1.9753175100818828879845057144848397001624e-01
13781,1.9753175100819433951393477855162927880883e-01
13782,1.9753175100819622689307664131774799898267e-01
13783,1.9753175100816774967249500605248613283038e-01
13784,1.9753175100821371290571448753325967118144e-01
13785,1.9753175100818828879845057144848397001624e-01
13786,1.9753175100819433951393477855162927880883e-01
13787,1.9753175100819622689307664131774799898267e-01
13788,1.9753175100818828879845057144848397001624e-01
13789,1.9753175100819433951393477855162927880883e-01
13790,1.9753175100819622689307664131774799898267e-01
13791,1.9753175100816774967249500605248613283038e-01
13792,1.9753175100821371290571448753325967118144e-01
13793,1.9753175100816458553687482435634592548013e-01
13794,1.8160705065834147952177458385963119203213e-14
13795,0.0000000000000000000000000000000000000000e+00
13796,-3.9497929205591586487855693121673539280891e-01
13797,-3.9497929205591136847530719933274667710066e-01
13798,-3.9497929205591836288036233781895134598017e-01
13799,-3.9497929205591836288036233781895134598017e-01
13800,-3.9497929205589837886591908500122372061014e-01
13801,-3.9497929205591136847530719933274667710066e-01
13802,-3.9497929205591836288036233781895134598017e-01
13803,-3.9497929205591836288036233781895134598017e-01
13804,-3.9497929205589837886591908500122372061014e-01
13805,-3.9497929205591136847530719933274667710066e-01
13806,-3.9497929205591836288036233781895134598017e-01
13807,-3.9497929205591836288036233781895134598017e-01
13808,-3.9497929205589837886591908500122372061014e-01
13809,-3.9497929205591136847530719933274667710066e-01
13810,-3.9497929205591836288036233781895134598017e-01
13811,-3.9497929205591836288036233781895134598017e-01
13812,-3.9497929205589837886591908500122372061014e-01
13813,-3.9497929205591136847530719933274667710066e-01
13814,-3.9497929205591836288036233781895134598017e-01
13815,-3.9497929205591836288036233781895134598017e-01
13816,-3.9497929205589837886591908500122372061014e-01
13817,-3.9497929205591136847530719933274667710066e-01
13818,-3.9497929205591836288036233781895134598017e-01
13819,-3.9497929205589837886591908500122372061014e-01
13820,-3.9497929205591136847530719933274667710066e-01
13821,-3.9497929205591836288036233781895134598017e-01
13822,-3.9497929205591836288036233781895134598017e-01
13823,-3.9497929205589837886591908500122372061014e-01
13824,-3.9497929205591136847530719933274667710066e-01
13825,-3.9497929205591836288036233781895134598017e-01
13826,-3.9497929205591836288036233781895134598017e-01
13827,-3.9497929205589837886591908500122372061014e-01
13828,-3.9497929205591136847530719933274667710066e-01
13829,-3.9497929205591836288036233781895134598017e-01
13830,-3.9497929205589837886591908500122372061014e-01
13831,-3.9497929205591136847530719933274667710066e-01
13832,-3.9497929205591836288036233781895134598017e-01
13833,-3.9497929205591836288036233781895134598017e-01
13834,-3.9497929205591836288036233781895134598017e-01
13835,-3.9497929205589837886591908500122372061014e-01
13836,-3.9497929205591136847530719933274667710066e-01
13837,-3.9497929205591836288036233781895134598017e-01
13838,-3.9497929205589837886591908500122372061014e-01
13839,-3.9497929205591136847530719933274667710066e-01
13840,-3.9497929205591836288036233781895134598017e-01
13841,-3.9497929205591836288036233781895134598017e-01
13842,-3.9497929205591836288036233781895134598017e-01
13843,-3.9497929205589837886591908500122372061014e-01
13844,-3.9497929205591136847530719933274667710066e-01
13845,-3.9497929205591836288036233781895134598017e-01
13846,-3.9497929205589837886591908500122372061014e-01
13847,-3.9497929205591136847530719933274667710066e-01
13848,-3.9497929205591836288036233781895134598017e-01
13849,-3.9497929205589837886591908500122372061014e-01
13850,-3.9497929205591136847530719933274667710066e-01
13851,-3.9497929205591836288036233781895134598017e-01
13852,-3.9497929205591836288036233781895134598017e-01
13853,-3.9497929205591836288036233781895134598017e-01
13854,-3.9497929205589837886591908500122372061014e-01
13855,-3.9497929205591136847530719933274667710066e-01
13856,-3.9497929205591836288036233781895134598017e-01
13857,-3.9497929205589837886591908500122372061014e-01
13858,-3.9497929205591136847530719933274667710066e-01
13859,-3.9497929205591836288036233781895134598017e-01
13860,-3.9497929205591836288036233781895134598017e-01
13861,-3.9497929205591836288036233781895134598017e-01
13862,-3.9497929205589837886591908500122372061014e-01
13863,-3.9497929205591136847530719933274667710066e-01
13864,-3.9497929205591836288036233781895134598017e-01
13865,-3.9497929205589837886591908500122372061014e-01
13866,-3.9497929205591136847530719933274667710066e-01
13867,-3.9497929205591836288036233781895134598017e-01
13868,-3.9497929205589837886591908500122372061014e-01
13869,-3.9497929205590970314077026159793604165316e-01
13870,-3.9497929205589216161698118412459734827280e-01
13871,-3.9497929205589382695151812185940798372030e-01
13872,-3.9497929205591836288036233781895134598017e-01
13873,-3.9497929205589837886591908500122372061014e-01
13874,-3.9497929205591136847530719933274667710066e-01
13875,-3.9497929205591836288036233781895134598017e-01
13876,-3.9497929205591503221128846234933007508516e-01
13877,-3.9497929205591497670013723109150305390358e-01
13878,-3.9497929205590193157959788550215307623148e-01
13879,-3.9497929205591497670013723109150305390358e-01
13880,-3.9497929205590193157959788550215307623148e-01
13881,-3.9497929205590287526916881688521243631840e-01
13882,-3.9497929205591059131918996172316838055849e-01
13883,-3.9497929205590193157959788550215307623148e-01
13884,-3.9497929205591497670013723109150305390358e-01
13885,-3.9497929205590193157959788550215307623148e-01
13886,-3.9497929205591497670013723109150305390358e-01
13887,-3.9497929205590193157959788550215307623148e-01
13888,-3.9497929205591497670013723109150305390358e-01
13889,-3.9497929205590193157959788550215307623148e-01
13890,-3.9497929205591497670013723109150305390358e-01
13891,-3.9497929205590193157959788550215307623148e-01
13892,-3.9497929205591497670013723109150305390358e-01
13893,-3.9497929205590193157959788550215307623148e-01
13894,-3.9497929205591497670013723109150305390358e-01
13895,-3.9497929205590193157959788550215307623148e-01
13896,-3.9497929205591497670013723109150305390358e-01
13897,-3.9497929205590193157959788550215307623148e-01
13898,-3.9497929205591497670013723109150305390358e-01
13899,-3.9497929205590193157959788550215307623148e-01
13900,-3.9497929205591497670013723109150305390358e-01
13901,-3.9497929205590193157959788550215307623148e-01
13902,-3.9497929205590287526916881688521243631840e-01
13903,-3.9497929205591059131918996172316838055849e-01
13904,-3.9497929205590193157959788550215307623148e-01
13905,-3.9497929205591497670013723109150305390358e-01
13906,-3.9497929205590193157959788550215307623148e-01
13907,-3.9497929205591497670013723109150305390358e-01
13908,-3.9497929205590193157959788550215307623148e-01
13909,-3.9497929205591497670013723109150305390358e-01
13910,-3.9497929205590193157959788550215307623148e-01
13911,-3.9497929205591497670013723109150305390358e-01
13912,-3.9497929205590193157959788550215307623148e-01
13913,-3.9497929205591497670013723109150305390358e-01
13914,-3.9497929205590193157959788550215307623148e-01
13915,-3.9497929205591497670013723109150305390358e-01
13916,-3.9497929205590193157959788550215307623148e-01
13917,-3.9497929205591497670013723109150305390358e-01
13918,-3.9497929205590193157959788550215307623148e-01
13919,-3.9497929205591497670013723109150305390358e-01
13920,-3.9497929205590193157959788550215307623148e-01
13921,-3.9497929205591497670013723109150305390358e-01
13922,-3.9497929205590193157959788550215307623148e-01
13923,-3.9497929205590287526916881688521243631840e-01
13924,-3.9497929205591059131918996172316838055849e-01
13925,-3.9497929205590193157959788550215307623148e-01
13926,-3.9497929205591497670013723109150305390358e-01
13927,-3.9497929205590193157959788550215307623148e-01
13928,-3.9497929205591497670013723109150305390358e-01
13929,-3.9497929205590193157959788550215307623148e-01
13930,-3.9497929205591497670013723109150305390358e-01
13931,-3.9497929205590193157959788550215307623148e-01
13932,-3.9497929205591497670013723109150305390358e-01
13933,-3.9497929205590193157959788550215307623148e-01
13934,-3.9497929205591497670013723109150305390358e-01
13935,-3.9497929205590193157959788550215307623148e-01
13936,-3.9497929205591497670013723109150305390358e-01
13937,-3.9497929205590526224867176097177434712648e-01
13938,-3.9497929205589837886591908500122372061014e-01
13939,-3.9497929205591136847530719933274667710066e-01
13940,-3.9497929205591836288036233781895134598017e-01
13941,-3.9497929205591836288036233781895134598017e-01
13942,-3.9497929205589837886591908500122372061014e-01
13943,-3.9497929205591136847530719933274667710066e-01
13944,-3.9497929205591836288036233781895134598017e-01
13945,-3.9497929205589837886591908500122372061014e-01
13946,-3.9497929205591136847530719933274667710066e-01
13947,-3.9497929205591836288036233781895134598017e-01
13948,-3.9497929205591836288036233781895134598017e-01
13949,-3.9497929205589837886591908500122372061014e-01
13950,-3.9497929205591136847530719933274667710066e-01
13951,-3.9497929205591836288036233781895134598017e-01
13952,-3.9497929205591836288036233781895134598017e-01
13953,-3.9497929205589837886591908500122372061014e-01
13954,-3.9497929205591136847530719933274667710066e-01
13955,-3.9497929205591836288036233781895134598017e-01
13956,-3.9497929205591836288036233781895134598017e-01
13957,-3.9497929205589837886591908500122372061014e-01
13958,-3.9497929205591136847530719933274667710066e-01
13959,-3.9497929205591836288036233781895134598017e-01
13960,-3.9497929205591836288036233781895134598017e-01
13961,-3.9497929205589837886591908500122372061014e-01
13962,-3.9497929205591136847530719933274667710066e-01
13963,-3.9497929205591836288036233781895134598017e-01
13964,-3.9497929205591836288036233781895134598017e-01
13965,-3.9497929205589837886591908500122372061014e-01
13966,-3.9497929205591136847530719933274667710066e-01
13967,-3.9497929205591836288036233781895134598017e-01
13968,-3.9497929205589837886591908500122372061014e-01
13969,-3.9497929205591136847530719933274667710066e-01
13970,-3.9497929205591836288036233781895134598017e-01
13971,-3.9497929205591836288036233781895134598017e-01
13972,-3.9497929205589837886591908500122372061014e-01
13973,-3.9497929205591136847530719933274667710066e-01
13974,-3.9497929205591836288036233781895134598017e-01
13975,-3.9497929205591836288036233781895134598017e-01
13976,-3.9497929205589837886591908500122372061014e-01
13977,-3.9497929205591136847530719933274667710066e-01
13978,-3.9497929205591836288036233781895134598017e-01
13979,-3.9497929205591836288036233781895134598017e-01
13980,-3.9497929205589837886591908500122372061014e-01
13981,-3.9497929205591136847530719933274667710066e-01
13982,-3.9497929205591836288036233781895134598017e-01
13983,-3.9497929205591836288036233781895134598017e-01
13984,-3.9497929205589837886591908500122372061014e-01
13985,-3.9497929205591136847530719933274667710066e-01
13986,-3.9497929205591836288036233781895134598017e-01
13987,-3.9497929205589837886591908500122372061014e-01
13988,-3.9497929205591136847530719933274667710066e-01
13989,-3.9497929205591836288036233781895134598017e-01
13990,-3.9497929205591836288036233781895134598017e-01
13991,-3.9497929205589837886591908500122372061014e-01
13992,-3.9497929205591136847530719933274667710066e-01
13993,-3.9497929205591836288036233781895134598017e-01
13994,-3.9497929205591836288036233781895134598017e-01
13995,-3.9497929205589837886591908500122372061014e-01
13996,-3.9497929205591136847530719933274667710066e-01
13997,-3.9497929205591836288036233781895134598017e-01
13998,-3.9497929205591836288036233781895134598017e-01
13999,-3.9497929205589837886591908500122372061014e-01
14000,-3.9497929205591136847530719933274667710066e-01
14001,-3.9497929205591836288036233781895134598017e-01
14002,-3.9497929205591836288036233781895134598017e-01
14003,-3.9497929205589837886591908500122372061014e-01
14004,-3.9497929205591136847530719933274667710066e-01
14005,-3.9497929205591836288036233781895134598017e-01
14006,-3.9497929205591836288036233781895134598017e-01
14007,-3.9497929205589837886591908500122372061014e-01
14008,-3.9497929205591136847530719933274667710066e-01
14009,-3.9497929205591836288036233781895134598017e-01
14010,-3.9497929205589837886591908500122372061014e-01
14011,-3.9497929205591136847530719933274667710066e-01
14012,-3.9497929205591836288036233781895134598017e-01
14013,-3.9497929205591836288036233781895134598017e-01
14014,-3.9497929205589837886591908500122372061014e-01
14015,-3.9497929205591136847530719933274667710066e-01
14016,-3.9497929205591836288036233781895134598017e-01
14017,-3.9497929205591836288036233781895134598017e-01
14018,-3.9497929205589837886591908500122372061014e-01
14019,-3.9497929205591136847530719933274667710066e-01
14020,-3.9497929205591836288036233781895134598017e-01
14021,-3.9497929205591836288036233781895134598017e-01
14022,-3.9497929205589837886591908500122372061014e-01
14023,-3.9497929205591136847530719933274667710066e-01
14024,-3.9497929205591836288036233781895134598017e-01
14025,-3.9497929205591836288036233781895134598017e-01
14026,-3.9497929205589837886591908500122372061014e-01
14027,-3.9497929205591136847530719933274667710066e-01
14028,-3.9497929205591836288036233781895134598017e-01
14029,-3.9497929205589837886591908500122372061014e-01
14030,-3.9497929205591136847530719933274667710066e-01
14031,-3.9497929205591836288036233781895134598017e-01
14032,-3.9497929205591836288036233781895134598017e-01
14033,-3.9497929205589837886591908500122372061014e-01
14034,-3.9497929205591136847530719933274667710066e-01
14035,-3.9497929205591836288036233781895134598017e-01
14036,-3.9497929205591836288036233781895134598017e-01
14037,-3.9497929205589837886591908500122372061014e-01
14038,-3.9497929205591136847530719933274667710066e-01
14039,-3.9497929205591836288036233781895134598017e-01
14040,-3.9497929205591836288036233781895134598017e-01
14041,-3.9497929205589837886591908500122372061014e-01
14042,-3.9497929205591136847530719933274667710066e-01
14043,-3.9497929205591836288036233781895134598017e-01
14044,-3.9497929205591836288036233781895134598017e-01
14045,-3.9497929205589837886591908500122372061014e-01
14046,-3.9497929205591136847530719933274667710066e-01
14047,-3.9497929205591836288036233781895134598017e-01
14048,-3.9497929205591836288036233781895134598017e-01
14049,-3.9497929205589837886591908500122372061014e-01
14050,-3.9497929205591136847530719933274667710066e-01
14051,-3.9497929205591836288036233781895134598017e-01
14052,-3.9497929205589837886591908500122372061014e-01
14053,-3.9497929205591136847530719933274667710066e-01
14054,-3.9497929205591836288036233781895134598017e-01
14055,-3.9497929205591836288036233781895134598017e-01
14056,-3.9497929205589837886591908500122372061014e-01
14057,-3.9497929205591136847530719933274667710066e-01
14058,-3.9497929205591836288036233781895134598017e-01
14059,-3.9497929205591836288036233781895134598017e-01
14060,-3.9497929205589837886591908500122372061014e-01
14061,-3.9497929205591136847530719933274667710066e-01
14062,-3.9497929205591836288036233781895134598017e-01
14063,-3.9497929205591836288036233781895134598017e-01
14064,-3.9497929205589837886591908500122372061014e-01
14065,-3.9497929205591136847530719933274667710066e-01
14066,-3.9497929205591836288036233781895134598017e-01
14067,-3.9497929205591836288036233781895134598017e-01
14068,-3.9497929205589837886591908500122372061014e-01
14069,-3.9497929205591136847530719933274667710066e-01
14070,-3.9497929205591836288036233781895134598017e-01
14071,-3.9497929205591836288036233781895134598017e-01
14072,-3.9497929205589837886591908500122372061014e-01
14073,-3.9497929205591136847530719933274667710066e-01
14074,-3.9497929205591836288036233781895134598017e-01
14075,-3.9497929205589837886591908500122372061014e-01
14076,-3.9497929205591136847530719933274667710066e-01
14077,-3.9497929205591836288036233781895134598017e-01
14078,-3.9497929205591836288036233781895134598017e-01
14079,-3.9497929205589837886591908500122372061014e-01
14080,-3.9497929205590970314077026159793604165316e-01
14081,-3.9497929205589216161698118412459734827280e-01
14082,-3.9497929205588255818781817652052268385887e-01
14083,-3.9497929205589654699792845349293202161789e-01
14084,-3.9497929205589216161698118412459734827280e-01
14085,-3.9497929205588255818781817652052268385887e-01
14086,-3.9497929205589654699792845349293202161789e-01
14087,-3.9497929205589216161698118412459734827280e-01
14088,-3.9497929205590093237887572286126669496298e-01
14089,-3.9497929205589216161698118412459734827280e-01
14090,-3.9497929205588255818781817652052268385887e-01
14091,-3.9497929205589654699792845349293202161789e-01
14092,-3.9497929205589216161698118412459734827280e-01
14093,-3.9497929205588255818781817652052268385887e-01
14094,-3.9497929205589654699792845349293202161789e-01
14095,-3.9497929205589216161698118412459734827280e-01
14096,-3.9497929205588255818781817652052268385887e-01
14097,-3.9497929205589654699792845349293202161789e-01
14098,-3.9497929205589216161698118412459734827280e-01
14099,-3.9497929205590093237887572286126669496298e-01
14100,-3.9497929205589216161698118412459734827280e-01
14101,-3.9497929205588255818781817652052268385887e-01
14102,-3.9497929205589654699792845349293202161789e-01
14103,-3.9497929205589216161698118412459734827280e-01
14104,-3.9497929205588255818781817652052268385887e-01
14105,-3.9497929205589654699792845349293202161789e-01
14106,-3.9497929205589216161698118412459734827280e-01
14107,-3.9497929205590093237887572286126669496298e-01
14108,-3.9497929205589216161698118412459734827280e-01
14109,-3.9497929205588255818781817652052268385887e-01
14110,-3.9497929205589654699792845349293202161789e-01
14111,-3.9497929205589216161698118412459734827280e-01
14112,-3.9497929205588255818781817652052268385887e-01
14113,-3.9497929205589654699792845349293202161789e-01
14114,-3.9497929205589216161698118412459734827280e-01
14115,-3.9497929205588255818781817652052268385887e-01
14116,-3.9497929205589654699792845349293202161789e-01
14117,-3.9497929205589216161698118412459734827280e-01
14118,-3.9497929205590093237887572286126669496298e-01
14119,-3.9497929205589216161698118412459734827280e-01
14120,-3.9497929205588255818781817652052268385887e-01
14121,-3.9497929205589654699792845349293202161789e-01
14122,-3.9497929205589216161698118412459734827280e-01
14123,-3.9497929205588255818781817652052268385887e-01
14124,-3.9497929205589654699792845349293202161789e-01
14125,-3.9497929205589216161698118412459734827280e-01
14126,-3.9497929205590093237887572286126669496298e-01
14127,-3.9497929205589216161698118412459734827280e-01
14128,-3.9497929205588255818781817652052268385887e-01
14129,-3.9497929205589654699792845349293202161789e-01
14130,-3.9497929205589216161698118412459734827280e-01
14131,-3.9497929205588255818781817652052268385887e-01
14132,-3.9497929205589654699792845349293202161789e-01
14133,-3.9497929205589216161698118412459734827280e-01
14134,-3.9497929205590093237887572286126669496298e-01
14135,-3.9497929205589216161698118412459734827280e-01
14136,-3.9497929205588255818781817652052268385887e-01
14137,-3.9497929205589654699792845349293202161789e-01
14138,-3.9497929205589216161698118412459734827280e-01
14139,-3.9497929205588255818781817652052268385887e-01
14140,-3.9497929205589654699792845349293202161789e-01
14141,-3.9497929205589216161698118412459734827280e-01
14142,-3.9497929205588255818781817652052268385887e-01
14143,-3.9497929205589654699792845349293202161789e-01
14144,-3.9497929205589216161698118412459734827280e-01
14145,-3.9497929205590093237887572286126669496298e-01
14146,-3.9497929205589216161698118412459734827280e-01
14147,-3.9497929205588255818781817652052268385887e-01
14148,-3.9497929205589654699792845349293202161789e-01
14149,-3.9497929205589216161698118412459734827280e-01
14150,-3.9497929205588255818781817652052268385887e-01
14151,-3.9497929205589654699792845349293202161789e-01
14152,-3.9497929205589216161698118412459734827280e-01
14153,-3.9497929205590093237887572286126669496298e-01
14154,-3.9497929205589216161698118412459734827280e-01
14155,-3.9497929205588255818781817652052268385887e-01
14156,-3.9497929205589654699792845349293202161789e-01
14157,-3.9497929205589216161698118412459734827280e-01
14158,-3.9497929205588255818781817652052268385887e-01
14159,-3.9497929205589654699792845349293202161789e-01
14160,-3.9497929205589216161698118412459734827280e-01
14161,-3.9497929205588255818781817652052268385887e-01
14162,-3.9497929205589654699792845349293202161789e-01
14163,-3.9497929205589216161698118412459734827280e-01
14164,-3.9497929205590093237887572286126669496298e-01
14165,-3.9497929205589216161698118412459734827280e-01
14166,-3.9497929205588255818781817652052268385887e-01
14167,-3.9497929205589654699792845349293202161789e-01
14168,-3.9497929205589216161698118412459734827280e-01
14169,-3.9497929205588255818781817652052268385887e-01
14170,-3.9497929205589654699792845349293202161789e-01
14171,-3.9497929205589216161698118412459734827280e-01
14172,-3.9497929205590093237887572286126669496298e-01
14173,-3.9497929205589216161698118412459734827280e-01
14174,-3.9497929205588255818781817652052268385887e-01
14175,-3.9497929205589654699792845349293202161789e-01
14176,-3.9497929205589216161698118412459734827280e-01
14177,-3.9497929205588255818781817652052268385887e-01
14178,-3.9497929205589654699792845349293202161789e-01
14179,-3.9497929205589216161698118412459734827280e-01
14180,-3.9497929205588255818781817652052268385887e-01
14181,-3.9497929205589654699792845349293202161789e-01
14182,-3.9497929205589216161698118412459734827280e-01
14183,-3.9497929205590093237887572286126669496298e-01
14184,-3.9497929205589216161698118412459734827280e-01
14185,-3.9497929205588255818781817652052268385887e-01
14186,-3.9497929205589654699792845349293202161789e-01
14187,-3.9497929205589216161698118412459734827280e-01
14188,-3.9497929205588255818781817652052268385887e-01
14189,-3.9497929205589654699792845349293202161789e-01
14190,-3.9497929205589216161698118412459734827280e-01
14191,-3.9497929205590093237887572286126669496298e-01
14192,-3.9497929205589216161698118412459734827280e-01
14193,-3.9497929205588255818781817652052268385887e-01
14194,-3.9497929205589654699792845349293202161789e-01
14195,-3.9497929205589216161698118412459734827280e-01
14196,-3.9497929205588255818781817652052268385887e-01
14197,-3.9497929205589654699792845349293202161789e-01
14198,-3.9497929205589216161698118412459734827280e-01
14199,-3.9497929205590093237887572286126669496298e-01
14200,-3.9497929205589216161698118412459734827280e-01
14201,-3.9497929205588255818781817652052268385887e-01
14202,-3.9497929205589654699792845349293202161789e-01
14203,-3.9497929205589216161698118412459734827280e-01
14204,-3.9497929205588255818781817652052268385887e-01
14205,-3.9497929205589654699792845349293202161789e-01
14206,-3.9497929205589216161698118412459734827280e-01
14207,-3.9497929205588255818781817652052268385887e-01
14208,-3.9497929205589654699792845349293202161789e-01
14209,-3.9497929205589216161698118412459734827280e-01
14210,-3.9497929205590093237887572286126669496298e-01
14211,-3.9497929205589216161698118412459734827280e-01
14212,-3.9497929205588255818781817652052268385887e-01
14213,-3.9497929205589654699792845349293202161789e-01
14214,-3.9497929205589216161698118412459734827280e-01
14215,-3.9497929205588255818781817652052268385887e-01
14216,-3.9497929205589654699792845349293202161789e-01
14217,-3.9497929205589216161698118412459734827280e-01
14218,-3.9497929205590093237887572286126669496298e-01
14219,-3.9497929205589216161698118412459734827280e-01
14220,-3.9497929205588255818781817652052268385887e-01
14221,-3.9497929205589654699792845349293202161789e-01
14222,-3.9497929205589216161698118412459734827280e-01
14223,-3.9497929205588255818781817652052268385887e-01
14224,-3.9497929205589654699792845349293202161789e-01
14225,-3.9497929205589216161698118412459734827280e-01
14226,-3.9497929205588255818781817652052268385887e-01
14227,-3.9497929205589654699792845349293202161789e-01
14228,-3.9497929205589216161698118412459734827280e-01
14229,-3.9497929205590093237887572286126669496298e-01
14230,-3.9497929205589216161698118412459734827280e-01
14231,-3.9497929205588255818781817652052268385887e-01
14232,-3.9497929205589654699792845349293202161789e-01
14233,-3.9497929205589216161698118412459734827280e-01
14234,-3.9497929205588255818781817652052268385887e-01
14235,-3.9497929205589654699792845349293202161789e-01
14236,-3.9497929205589216161698118412459734827280e-01
14237,-3.9497929205590093237887572286126669496298e-01
14238,-3.9497929205589216161698118412459734827280e-01
14239,-1.0814311065010677041476127688730241294909e-15
