v -0.5257311121191336 0.85065080835204 0.0
v 0.5257311121191336 0.85065080835204 0.0
v -0.5257311121191336 -0.85065080835204 0.0
v 0.5257311121191336 -0.85065080835204 0.0
v 0.0 -0.5257311121191336 0.85065080835204
v 0.0 0.5257311121191336 0.85065080835204
v 0.0 -0.5257311121191336 -0.85065080835204
v 0.0 0.5257311121191336 -0.85065080835204
v 0.85065080835204 0.0 -0.5257311121191336
v 0.85065080835204 0.0 0.5257311121191336
v -0.85065080835204 0.0 -0.5257311121191336
v -0.85065080835204 0.0 0.5257311121191336
v 0.5153289290361683 -0.8562253281768711 0.03625303141593926
v 0.5036570407363172 -0.8607212142878533 0.07408492823495927
v 0.49063444264892453 -0.863953838921453 0.11340902917961727
v 0.47619215291891703 -0.8657335191825786 0.15409901771975903
v 0.4602781817161907 -0.8658715795905314 0.19598572165705186
v 0.44286271326648935 -0.8641878268373419 0.23885564080505964
v 0.4239431054187991 -0.8605191619774198 0.28245179276744575
v 0.4035482123351976 -0.8547288298252083 0.32647736182880477
v 0.3817414846013048 -0.8467155877615387 0.37060241820045353
v 0.3586223253151507 -0.836421915280972 0.41447365106031137
v 0.33432529831663643 -0.8238403330124199 0.4577266658252251
v 0.3090169943749474 -0.8090169943749475 0.5
v 0.28289063703715395 -0.7920519641418615 0.5409496959752658
v 0.2561588037965362 -0.773095976375462 0.5802631114844359
v 0.2290448907607829 -0.7523439028017583 0.6176706970007558
v 0.2017741061675988 -0.7300255741640024 0.6529547236576096
v 0.17456480811362315 -0.7063948981862448 0.6859543538637967
v 0.1476209044221631 -0.6817183540715489 0.7165669224151787
v 0.12112583729373434 -0.6562639033732425 0.744745742296797
v 0.09523843058378338 -0.630291170638676 0.7704950885987951
v 0.07009063466413201 -0.6040434718285418 0.7938632042573209
v 0.04578700370330152 -0.5777419689712764 0.8149342105845517
v 0.022405605610268168 -0.5515819604521076 0.833819722566603
v 0.03625303141593926 -0.5153289290361683 0.8562253281768711
v 0.07408492823495927 -0.5036570407363172 0.8607212142878533
v 0.11340902917961727 -0.49063444264892453 0.863953838921453
v 0.15409901771975903 -0.47619215291891703 0.8657335191825786
v 0.19598572165705186 -0.4602781817161907 0.8658715795905314
v 0.23885564080505964 -0.44286271326648935 0.8641878268373419
v 0.28245179276744575 -0.4239431054187991 0.8605191619774198
v 0.32647736182880477 -0.4035482123351976 0.8547288298252083
v 0.3706024182004536 -0.3817414846013048 0.8467155877615388
v 0.41447365106031137 -0.3586223253151507 0.836421915280972
v 0.4577266658252251 -0.33432529831663643 0.8238403330124199
v 0.5 -0.3090169943749474 0.8090169943749475
v 0.5409496959752658 -0.28289063703715395 0.7920519641418615
v 0.5802631114844359 -0.2561588037965362 0.773095976375462
v 0.6176706970007558 -0.2290448907607829 0.7523439028017583
v 0.6529547236576095 -0.20177410616759878 0.7300255741640023
v 0.6859543538637967 -0.17456480811362315 0.7063948981862448
v 0.7165669224151787 -0.1476209044221631 0.6817183540715489
v 0.744745742296797 -0.12112583729373434 0.6562639033732425
v 0.7704950885987952 -0.09523843058378338 0.630291170638676
v 0.7938632042573209 -0.07009063466413201 0.6040434718285418
v 0.8149342105845517 -0.04578700370330152 0.5777419689712764
v 0.833819722566603 -0.022405605610268168 0.5515819604521076
v 0.8700727539825421 0.0 -0.4929233234259001
v 0.889019138819511 0.0 -0.45787003703301565
v 0.9072722334369382 0.0 -0.42054380798479246
v 0.9245941063185542 0.0 -0.38095372233513364
v 0.9407314639538489 0.0 -0.3391523444224563
v 0.9554225632202383 0.0 -0.2952418088443262
v 0.9684061466312422 0.0 -0.24937829730517588
v 0.9794320854864143 0.0 -0.2017741061675988
v 0.9882731152012093 0.0 -0.1526965938405219
v 0.9947367625447471 0.0 -0.10246352151861442
v 0.9986763618004909 0.0 -0.051434661279482395
v 1.0 0.0 0.0
v 0.9986763618004908 0.0 0.05143466127948249
v 0.9947367625447471 0.0 0.10246352151861454
v 0.9882731152012093 0.0 0.15269659384052192
v 0.9794320854864143 0.0 0.20177410616759894
v 0.9684061466312425 0.0 0.249378297305176
v 0.9554225632202383 0.0 0.2952418088443262
v 0.9407314639538488 0.0 0.33915234442245634
v 0.9245941063185542 0.0 0.38095372233513364
v 0.9072722334369381 0.0 0.4205438079847925
v 0.889019138819511 0.0 0.45787003703301576
v 0.8700727539825421 0.0 0.4929233234259001
v -0.5153289290361683 0.8562253281768711 0.03625303141593926
v -0.5036570407363172 0.8607212142878533 0.07408492823495927
v -0.49063444264892453 0.863953838921453 0.11340902917961727
v -0.47619215291891703 0.8657335191825786 0.15409901771975903
v -0.4602781817161907 0.8658715795905314 0.19598572165705186
v -0.44286271326648935 0.8641878268373419 0.23885564080505964
v -0.4239431054187991 0.8605191619774198 0.28245179276744575
v -0.4035482123351976 0.8547288298252083 0.32647736182880477
v -0.3817414846013048 0.8467155877615387 0.37060241820045353
v -0.3586223253151507 0.836421915280972 0.41447365106031137
v -0.33432529831663643 0.8238403330124199 0.4577266658252251
v -0.3090169943749474 0.8090169943749475 0.5
v -0.28289063703715395 0.7920519641418615 0.5409496959752658
v -0.2561588037965362 0.773095976375462 0.5802631114844359
v -0.2290448907607829 0.7523439028017583 0.6176706970007558
v -0.2017741061675988 0.7300255741640024 0.6529547236576096
v -0.17456480811362315 0.7063948981862448 0.6859543538637967
v -0.1476209044221631 0.6817183540715489 0.7165669224151787
v -0.12112583729373434 0.6562639033732425 0.744745742296797
v -0.09523843058378338 0.630291170638676 0.7704950885987951
v -0.07009063466413201 0.6040434718285418 0.7938632042573209
v -0.04578700370330152 0.5777419689712764 0.8149342105845517
v -0.022405605610268168 0.5515819604521076 0.833819722566603
v -0.5515819604521076 -0.833819722566603 0.02240560561026819
v -0.5777419689712765 -0.8149342105845517 0.045787003703301576
v -0.6040434718285418 -0.7938632042573209 0.07009063466413208
v -0.6302911706386761 -0.7704950885987951 0.0952384305837834
v -0.6562639033732426 -0.744745742296797 0.12112583729373441
v -0.6817183540715489 -0.7165669224151787 0.14762090442216314
v -0.7063948981862448 -0.6859543538637966 0.17456480811362318
v -0.7300255741640024 -0.6529547236576094 0.20177410616759886
v -0.7523439028017583 -0.6176706970007557 0.2290448907607829
v -0.7730959763754621 -0.5802631114844358 0.2561588037965363
v -0.7920519641418615 -0.5409496959752658 0.28289063703715406
v -0.8090169943749475 -0.5 0.3090169943749474
v -0.8238403330124199 -0.4577266658252251 0.3343252983166365
v -0.836421915280972 -0.41447365106031114 0.35862232531515076
v -0.8467155877615388 -0.3706024182004535 0.3817414846013048
v -0.8547288298252083 -0.3264773618288046 0.4035482123351977
v -0.86051916197742 -0.2824517927674457 0.42394310541879915
v -0.8641878268373419 -0.23885564080505958 0.44286271326648935
v -0.8658715795905314 -0.19598572165705175 0.4602781817161907
v -0.8657335191825786 -0.154099017719759 0.4761921529189171
v -0.863953838921453 -0.11340902917961716 0.49063444264892453
v -0.8607212142878532 -0.07408492823495917 0.5036570407363172
v -0.8562253281768711 -0.036253031415939226 0.5153289290361683
v 0.5515819604521076 0.833819722566603 0.02240560561026819
v 0.5777419689712765 0.8149342105845517 0.045787003703301576
v 0.6040434718285418 0.7938632042573209 0.07009063466413208
v 0.6302911706386761 0.7704950885987951 0.0952384305837834
v 0.6562639033732426 0.744745742296797 0.12112583729373441
v 0.6817183540715489 0.7165669224151787 0.14762090442216314
v 0.7063948981862448 0.6859543538637966 0.17456480811362318
v 0.7300255741640024 0.6529547236576094 0.20177410616759886
v 0.7523439028017583 0.6176706970007557 0.2290448907607829
v 0.7730959763754621 0.5802631114844358 0.2561588037965363
v 0.7920519641418615 0.5409496959752658 0.28289063703715406
v 0.8090169943749475 0.5 0.3090169943749474
v 0.8238403330124199 0.4577266658252251 0.3343252983166365
v 0.836421915280972 0.41447365106031114 0.35862232531515076
v 0.8467155877615388 0.3706024182004535 0.3817414846013048
v 0.8547288298252083 0.3264773618288046 0.4035482123351977
v 0.86051916197742 0.2824517927674457 0.42394310541879915
v 0.8641878268373419 0.23885564080505958 0.44286271326648935
v 0.8658715795905314 0.19598572165705175 0.4602781817161907
v 0.8657335191825786 0.154099017719759 0.4761921529189171
v 0.863953838921453 0.11340902917961716 0.49063444264892453
v 0.8607212142878532 0.07408492823495917 0.5036570407363172
v 0.8562253281768711 0.036253031415939226 0.5153289290361683
v -0.5515819604521076 0.833819722566603 0.02240560561026819
v -0.5777419689712765 0.8149342105845517 0.045787003703301576
v -0.6040434718285418 0.7938632042573209 0.07009063466413208
v -0.6302911706386761 0.7704950885987951 0.0952384305837834
v -0.6562639033732426 0.744745742296797 0.12112583729373441
v -0.6817183540715489 0.7165669224151787 0.14762090442216314
v -0.7063948981862448 0.6859543538637966 0.17456480811362318
v -0.7300255741640024 0.6529547236576094 0.20177410616759886
v -0.7523439028017583 0.6176706970007557 0.2290448907607829
v -0.7730959763754621 0.5802631114844358 0.2561588037965363
v -0.7920519641418615 0.5409496959752658 0.28289063703715406
v -0.8090169943749475 0.5 0.3090169943749474
v -0.8238403330124199 0.4577266658252251 0.3343252983166365
v -0.836421915280972 0.41447365106031114 0.35862232531515076
v -0.8467155877615388 0.3706024182004535 0.3817414846013048
v -0.8547288298252083 0.3264773618288046 0.4035482123351977
v -0.86051916197742 0.2824517927674457 0.42394310541879915
v -0.8641878268373419 0.23885564080505958 0.44286271326648935
v -0.8658715795905314 0.19598572165705175 0.4602781817161907
v -0.8657335191825786 0.154099017719759 0.4761921529189171
v -0.863953838921453 0.11340902917961716 0.49063444264892453
v -0.8607212142878532 0.07408492823495917 0.5036570407363172
v -0.8562253281768711 0.036253031415939226 0.5153289290361683
v -0.03625303141593926 0.5153289290361683 -0.8562253281768711
v -0.07408492823495927 0.5036570407363172 -0.8607212142878533
v -0.11340902917961727 0.49063444264892453 -0.863953838921453
v -0.15409901771975903 0.47619215291891703 -0.8657335191825786
v -0.19598572165705186 0.4602781817161907 -0.8658715795905314
v -0.23885564080505964 0.44286271326648935 -0.8641878268373419
v -0.28245179276744575 0.4239431054187991 -0.8605191619774198
v -0.32647736182880477 0.4035482123351976 -0.8547288298252083
v -0.3706024182004536 0.3817414846013048 -0.8467155877615388
v -0.41447365106031137 0.3586223253151507 -0.836421915280972
v -0.4577266658252251 0.33432529831663643 -0.8238403330124199
v -0.5 0.3090169943749474 -0.8090169943749475
v -0.5409496959752658 0.28289063703715395 -0.7920519641418615
v -0.5802631114844359 0.2561588037965362 -0.773095976375462
v -0.6176706970007558 0.2290448907607829 -0.7523439028017583
v -0.6529547236576095 0.20177410616759878 -0.7300255741640023
v -0.6859543538637967 0.17456480811362315 -0.7063948981862448
v -0.7165669224151787 0.1476209044221631 -0.6817183540715489
v -0.744745742296797 0.12112583729373434 -0.6562639033732425
v -0.7704950885987952 0.09523843058378338 -0.630291170638676
v -0.7938632042573209 0.07009063466413201 -0.6040434718285418
v -0.8149342105845517 0.04578700370330152 -0.5777419689712764
v -0.833819722566603 0.022405605610268168 -0.5515819604521076
v 0.03625303141593926 -0.5153289290361683 -0.8562253281768711
v 0.07408492823495927 -0.5036570407363172 -0.8607212142878533
v 0.11340902917961727 -0.49063444264892453 -0.863953838921453
v 0.15409901771975903 -0.47619215291891703 -0.8657335191825786
v 0.19598572165705186 -0.4602781817161907 -0.8658715795905314
v 0.23885564080505964 -0.44286271326648935 -0.8641878268373419
v 0.28245179276744575 -0.4239431054187991 -0.8605191619774198
v 0.32647736182880477 -0.4035482123351976 -0.8547288298252083
v 0.3706024182004536 -0.3817414846013048 -0.8467155877615388
v 0.41447365106031137 -0.3586223253151507 -0.836421915280972
v 0.4577266658252251 -0.33432529831663643 -0.8238403330124199
v 0.5 -0.3090169943749474 -0.8090169943749475
v 0.5409496959752658 -0.28289063703715395 -0.7920519641418615
v 0.5802631114844359 -0.2561588037965362 -0.773095976375462
v 0.6176706970007558 -0.2290448907607829 -0.7523439028017583
v 0.6529547236576095 -0.20177410616759878 -0.7300255741640023
v 0.6859543538637967 -0.17456480811362315 -0.7063948981862448
v 0.7165669224151787 -0.1476209044221631 -0.6817183540715489
v 0.744745742296797 -0.12112583729373434 -0.6562639033732425
v 0.7704950885987952 -0.09523843058378338 -0.630291170638676
v 0.7938632042573209 -0.07009063466413201 -0.6040434718285418
v 0.8149342105845517 -0.04578700370330152 -0.5777419689712764
v 0.833819722566603 -0.022405605610268168 -0.5515819604521076
v 0.0 -0.4929233234259002 0.8700727539825422
v 0.0 -0.45787003703301565 0.889019138819511
v 0.0 -0.42054380798479246 0.9072722334369382
v 0.0 -0.38095372233513364 0.9245941063185542
v 0.0 -0.3391523444224563 0.9407314639538489
v 0.0 -0.2952418088443262 0.9554225632202383
v 0.0 -0.24937829730517588 0.9684061466312422
v 0.0 -0.2017741061675988 0.9794320854864143
v 0.0 -0.1526965938405219 0.9882731152012093
v 0.0 -0.10246352151861442 0.9947367625447471
v 0.0 -0.051434661279482395 0.9986763618004909
v 0.0 0.0 1.0
v 0.0 0.05143466127948249 0.9986763618004908
v 0.0 0.10246352151861454 0.9947367625447471
v 0.0 0.15269659384052192 0.9882731152012093
v 0.0 0.20177410616759894 0.9794320854864143
v 0.0 0.249378297305176 0.9684061466312425
v 0.0 0.2952418088443262 0.9554225632202383
v 0.0 0.33915234442245634 0.9407314639538488
v 0.0 0.38095372233513364 0.9245941063185542
v 0.0 0.4205438079847925 0.9072722334369381
v 0.0 0.45787003703301576 0.889019138819511
v 0.0 0.4929233234259002 0.8700727539825422
v 0.5515819604521076 -0.833819722566603 0.02240560561026819
v 0.5777419689712765 -0.8149342105845517 0.045787003703301576
v 0.6040434718285418 -0.7938632042573209 0.07009063466413208
v 0.6302911706386761 -0.7704950885987951 0.0952384305837834
v 0.6562639033732426 -0.744745742296797 0.12112583729373441
v 0.6817183540715489 -0.7165669224151787 0.14762090442216314
v 0.7063948981862448 -0.6859543538637966 0.17456480811362318
v 0.7300255741640024 -0.6529547236576094 0.20177410616759886
v 0.7523439028017583 -0.6176706970007557 0.2290448907607829
v 0.7730959763754621 -0.5802631114844358 0.2561588037965363
v 0.7920519641418615 -0.5409496959752658 0.28289063703715406
v 0.8090169943749475 -0.5 0.3090169943749474
v 0.8238403330124199 -0.4577266658252251 0.3343252983166365
v 0.836421915280972 -0.41447365106031114 0.35862232531515076
v 0.8467155877615388 -0.3706024182004535 0.3817414846013048
v 0.8547288298252083 -0.3264773618288046 0.4035482123351977
v 0.86051916197742 -0.2824517927674457 0.42394310541879915
v 0.8641878268373419 -0.23885564080505958 0.44286271326648935
v 0.8658715795905314 -0.19598572165705175 0.4602781817161907
v 0.8657335191825786 -0.154099017719759 0.4761921529189171
v 0.863953838921453 -0.11340902917961716 0.49063444264892453
v 0.8607212142878532 -0.07408492823495917 0.5036570407363172
v 0.8562253281768711 -0.036253031415939226 0.5153289290361683
v 0.5153289290361683 -0.8562253281768711 -0.03625303141593926
v 0.5036570407363172 -0.8607212142878533 -0.07408492823495927
v 0.49063444264892453 -0.863953838921453 -0.11340902917961727
v 0.47619215291891703 -0.8657335191825786 -0.15409901771975903
v 0.4602781817161907 -0.8658715795905314 -0.19598572165705186
v 0.44286271326648935 -0.8641878268373419 -0.23885564080505964
v 0.4239431054187991 -0.8605191619774198 -0.28245179276744575
v 0.4035482123351976 -0.8547288298252083 -0.32647736182880477
v 0.3817414846013048 -0.8467155877615387 -0.37060241820045353
v 0.3586223253151507 -0.836421915280972 -0.41447365106031137
v 0.33432529831663643 -0.8238403330124199 -0.4577266658252251
v 0.3090169943749474 -0.8090169943749475 -0.5
v 0.28289063703715395 -0.7920519641418615 -0.5409496959752658
v 0.2561588037965362 -0.773095976375462 -0.5802631114844359
v 0.2290448907607829 -0.7523439028017583 -0.6176706970007558
v 0.2017741061675988 -0.7300255741640024 -0.6529547236576096
v 0.17456480811362315 -0.7063948981862448 -0.6859543538637967
v 0.1476209044221631 -0.6817183540715489 -0.7165669224151787
v 0.12112583729373434 -0.6562639033732425 -0.744745742296797
v 0.09523843058378338 -0.630291170638676 -0.7704950885987951
v 0.07009063466413201 -0.6040434718285418 -0.7938632042573209
v 0.04578700370330152 -0.5777419689712764 -0.8149342105845517
v 0.022405605610268168 -0.5515819604521076 -0.833819722566603
v 0.03625303141593926 0.5153289290361683 0.8562253281768711
v 0.07408492823495927 0.5036570407363172 0.8607212142878533
v 0.11340902917961727 0.49063444264892453 0.863953838921453
v 0.15409901771975903 0.47619215291891703 0.8657335191825786
v 0.19598572165705186 0.4602781817161907 0.8658715795905314
v 0.23885564080505964 0.44286271326648935 0.8641878268373419
v 0.28245179276744575 0.4239431054187991 0.8605191619774198
v 0.32647736182880477 0.4035482123351976 0.8547288298252083
v 0.3706024182004536 0.3817414846013048 0.8467155877615388
v 0.41447365106031137 0.3586223253151507 0.836421915280972
v 0.4577266658252251 0.33432529831663643 0.8238403330124199
v 0.5 0.3090169943749474 0.8090169943749475
v 0.5409496959752658 0.28289063703715395 0.7920519641418615
v 0.5802631114844359 0.2561588037965362 0.773095976375462
v 0.6176706970007558 0.2290448907607829 0.7523439028017583
v 0.6529547236576095 0.20177410616759878 0.7300255741640023
v 0.6859543538637967 0.17456480811362315 0.7063948981862448
v 0.7165669224151787 0.1476209044221631 0.6817183540715489
v 0.744745742296797 0.12112583729373434 0.6562639033732425
v 0.7704950885987952 0.09523843058378338 0.630291170638676
v 0.7938632042573209 0.07009063466413201 0.6040434718285418
v 0.8149342105845517 0.04578700370330152 0.5777419689712764
v 0.833819722566603 0.022405605610268168 0.5515819604521076
v -0.03625303141593926 -0.5153289290361683 0.8562253281768711
v -0.07408492823495927 -0.5036570407363172 0.8607212142878533
v -0.11340902917961727 -0.49063444264892453 0.863953838921453
v -0.15409901771975903 -0.47619215291891703 0.8657335191825786
v -0.19598572165705186 -0.4602781817161907 0.8658715795905314
v -0.23885564080505964 -0.44286271326648935 0.8641878268373419
v -0.28245179276744575 -0.4239431054187991 0.8605191619774198
v -0.32647736182880477 -0.4035482123351976 0.8547288298252083
v -0.3706024182004536 -0.3817414846013048 0.8467155877615388
v -0.41447365106031137 -0.3586223253151507 0.836421915280972
v -0.4577266658252251 -0.33432529831663643 0.8238403330124199
v -0.5 -0.3090169943749474 0.8090169943749475
v -0.5409496959752658 -0.28289063703715395 0.7920519641418615
v -0.5802631114844359 -0.2561588037965362 0.773095976375462
v -0.6176706970007558 -0.2290448907607829 0.7523439028017583
v -0.6529547236576095 -0.20177410616759878 0.7300255741640023
v -0.6859543538637967 -0.17456480811362315 0.7063948981862448
v -0.7165669224151787 -0.1476209044221631 0.6817183540715489
v -0.744745742296797 -0.12112583729373434 0.6562639033732425
v -0.7704950885987952 -0.09523843058378338 0.630291170638676
v -0.7938632042573209 -0.07009063466413201 0.6040434718285418
v -0.8149342105845517 -0.04578700370330152 0.5777419689712764
v -0.833819722566603 -0.022405605610268168 0.5515819604521076
v -0.4929233234259002 0.8700727539825422 0.0
v -0.45787003703301565 0.889019138819511 0.0
v -0.42054380798479246 0.9072722334369382 0.0
v -0.38095372233513364 0.9245941063185542 0.0
v -0.3391523444224563 0.9407314639538489 0.0
v -0.2952418088443262 0.9554225632202383 0.0
v -0.24937829730517588 0.9684061466312422 0.0
v -0.2017741061675988 0.9794320854864143 0.0
v -0.1526965938405219 0.9882731152012093 0.0
v -0.10246352151861442 0.9947367625447471 0.0
v -0.051434661279482395 0.9986763618004909 0.0
v 0.0 1.0 0.0
v 0.05143466127948249 0.9986763618004908 0.0
v 0.10246352151861454 0.9947367625447471 0.0
v 0.15269659384052192 0.9882731152012093 0.0
v 0.20177410616759894 0.9794320854864143 0.0
v 0.249378297305176 0.9684061466312425 0.0
v 0.2952418088443262 0.9554225632202383 0.0
v 0.33915234442245634 0.9407314639538488 0.0
v 0.38095372233513364 0.9245941063185542 0.0
v 0.4205438079847925 0.9072722334369381 0.0
v 0.45787003703301576 0.889019138819511 0.0
v 0.4929233234259002 0.8700727539825422 0.0
v -0.5153289290361683 0.8562253281768711 -0.03625303141593926
v -0.5036570407363172 0.8607212142878533 -0.07408492823495927
v -0.49063444264892453 0.863953838921453 -0.11340902917961727
v -0.47619215291891703 0.8657335191825786 -0.15409901771975903
v -0.4602781817161907 0.8658715795905314 -0.19598572165705186
v -0.44286271326648935 0.8641878268373419 -0.23885564080505964
v -0.4239431054187991 0.8605191619774198 -0.28245179276744575
v -0.4035482123351976 0.8547288298252083 -0.32647736182880477
v -0.3817414846013048 0.8467155877615387 -0.37060241820045353
v -0.3586223253151507 0.836421915280972 -0.41447365106031137
v -0.33432529831663643 0.8238403330124199 -0.4577266658252251
v -0.3090169943749474 0.8090169943749475 -0.5
v -0.28289063703715395 0.7920519641418615 -0.5409496959752658
v -0.2561588037965362 0.773095976375462 -0.5802631114844359
v -0.2290448907607829 0.7523439028017583 -0.6176706970007558
v -0.2017741061675988 0.7300255741640024 -0.6529547236576096
v -0.17456480811362315 0.7063948981862448 -0.6859543538637967
v -0.1476209044221631 0.6817183540715489 -0.7165669224151787
v -0.12112583729373434 0.6562639033732425 -0.744745742296797
v -0.09523843058378338 0.630291170638676 -0.7704950885987951
v -0.07009063466413201 0.6040434718285418 -0.7938632042573209
v -0.04578700370330152 0.5777419689712764 -0.8149342105845517
v -0.022405605610268168 0.5515819604521076 -0.833819722566603
v -0.5153289290361683 -0.8562253281768711 0.03625303141593926
v -0.5036570407363172 -0.8607212142878533 0.07408492823495927
v -0.49063444264892453 -0.863953838921453 0.11340902917961727
v -0.47619215291891703 -0.8657335191825786 0.15409901771975903
v -0.4602781817161907 -0.8658715795905314 0.19598572165705186
v -0.44286271326648935 -0.8641878268373419 0.23885564080505964
v -0.4239431054187991 -0.8605191619774198 0.28245179276744575
v -0.4035482123351976 -0.8547288298252083 0.32647736182880477
v -0.3817414846013048 -0.8467155877615387 0.37060241820045353
v -0.3586223253151507 -0.836421915280972 0.41447365106031137
v -0.33432529831663643 -0.8238403330124199 0.4577266658252251
v -0.3090169943749474 -0.8090169943749475 0.5
v -0.28289063703715395 -0.7920519641418615 0.5409496959752658
v -0.2561588037965362 -0.773095976375462 0.5802631114844359
v -0.2290448907607829 -0.7523439028017583 0.6176706970007558
v -0.2017741061675988 -0.7300255741640024 0.6529547236576096
v -0.17456480811362315 -0.7063948981862448 0.6859543538637967
v -0.1476209044221631 -0.6817183540715489 0.7165669224151787
v -0.12112583729373434 -0.6562639033732425 0.744745742296797
v -0.09523843058378338 -0.630291170638676 0.7704950885987951
v -0.07009063466413201 -0.6040434718285418 0.7938632042573209
v -0.04578700370330152 -0.5777419689712764 0.8149342105845517
v -0.022405605610268168 -0.5515819604521076 0.833819722566603
v -0.8700727539825421 0.0 -0.4929233234259001
v -0.889019138819511 0.0 -0.45787003703301565
v -0.9072722334369382 0.0 -0.42054380798479246
v -0.9245941063185542 0.0 -0.38095372233513364
v -0.9407314639538489 0.0 -0.3391523444224563
v -0.9554225632202383 0.0 -0.2952418088443262
v -0.9684061466312422 0.0 -0.24937829730517588
v -0.9794320854864143 0.0 -0.2017741061675988
v -0.9882731152012093 0.0 -0.1526965938405219
v -0.9947367625447471 0.0 -0.10246352151861442
v -0.9986763618004909 0.0 -0.051434661279482395
v -1.0 0.0 0.0
v -0.9986763618004908 0.0 0.05143466127948249
v -0.9947367625447471 0.0 0.10246352151861454
v -0.9882731152012093 0.0 0.15269659384052192
v -0.9794320854864143 0.0 0.20177410616759894
v -0.9684061466312425 0.0 0.249378297305176
v -0.9554225632202383 0.0 0.2952418088443262
v -0.9407314639538488 0.0 0.33915234442245634
v -0.9245941063185542 0.0 0.38095372233513364
v -0.9072722334369381 0.0 0.4205438079847925
v -0.889019138819511 0.0 0.45787003703301576
v -0.8700727539825421 0.0 0.4929233234259001
v -0.5515819604521076 0.833819722566603 -0.02240560561026819
v -0.5777419689712765 0.8149342105845517 -0.045787003703301576
v -0.6040434718285418 0.7938632042573209 -0.07009063466413208
v -0.6302911706386761 0.7704950885987951 -0.0952384305837834
v -0.6562639033732426 0.744745742296797 -0.12112583729373441
v -0.6817183540715489 0.7165669224151787 -0.14762090442216314
v -0.7063948981862448 0.6859543538637966 -0.17456480811362318
v -0.7300255741640024 0.6529547236576094 -0.20177410616759886
v -0.7523439028017583 0.6176706970007557 -0.2290448907607829
v -0.7730959763754621 0.5802631114844358 -0.2561588037965363
v -0.7920519641418615 0.5409496959752658 -0.28289063703715406
v -0.8090169943749475 0.5 -0.3090169943749474
v -0.8238403330124199 0.4577266658252251 -0.3343252983166365
v -0.836421915280972 0.41447365106031114 -0.35862232531515076
v -0.8467155877615388 0.3706024182004535 -0.3817414846013048
v -0.8547288298252083 0.3264773618288046 -0.4035482123351977
v -0.86051916197742 0.2824517927674457 -0.42394310541879915
v -0.8641878268373419 0.23885564080505958 -0.44286271326648935
v -0.8658715795905314 0.19598572165705175 -0.4602781817161907
v -0.8657335191825786 0.154099017719759 -0.4761921529189171
v -0.863953838921453 0.11340902917961716 -0.49063444264892453
v -0.8607212142878532 0.07408492823495917 -0.5036570407363172
v -0.8562253281768711 0.036253031415939226 -0.5153289290361683
v 0.5153289290361683 0.8562253281768711 0.03625303141593926
v 0.5036570407363172 0.8607212142878533 0.07408492823495927
v 0.49063444264892453 0.863953838921453 0.11340902917961727
v 0.47619215291891703 0.8657335191825786 0.15409901771975903
v 0.4602781817161907 0.8658715795905314 0.19598572165705186
v 0.44286271326648935 0.8641878268373419 0.23885564080505964
v 0.4239431054187991 0.8605191619774198 0.28245179276744575
v 0.4035482123351976 0.8547288298252083 0.32647736182880477
v 0.3817414846013048 0.8467155877615387 0.37060241820045353
v 0.3586223253151507 0.836421915280972 0.41447365106031137
v 0.33432529831663643 0.8238403330124199 0.4577266658252251
v 0.3090169943749474 0.8090169943749475 0.5
v 0.28289063703715395 0.7920519641418615 0.5409496959752658
v 0.2561588037965362 0.773095976375462 0.5802631114844359
v 0.2290448907607829 0.7523439028017583 0.6176706970007558
v 0.2017741061675988 0.7300255741640024 0.6529547236576096
v 0.17456480811362315 0.7063948981862448 0.6859543538637967
v 0.1476209044221631 0.6817183540715489 0.7165669224151787
v 0.12112583729373434 0.6562639033732425 0.744745742296797
v 0.09523843058378338 0.630291170638676 0.7704950885987951
v 0.07009063466413201 0.6040434718285418 0.7938632042573209
v 0.04578700370330152 0.5777419689712764 0.8149342105845517
v 0.022405605610268168 0.5515819604521076 0.833819722566603
v -0.5515819604521076 -0.833819722566603 -0.02240560561026819
v -0.5777419689712765 -0.8149342105845517 -0.045787003703301576
v -0.6040434718285418 -0.7938632042573209 -0.07009063466413208
v -0.6302911706386761 -0.7704950885987951 -0.0952384305837834
v -0.6562639033732426 -0.744745742296797 -0.12112583729373441
v -0.6817183540715489 -0.7165669224151787 -0.14762090442216314
v -0.7063948981862448 -0.6859543538637966 -0.17456480811362318
v -0.7300255741640024 -0.6529547236576094 -0.20177410616759886
v -0.7523439028017583 -0.6176706970007557 -0.2290448907607829
v -0.7730959763754621 -0.5802631114844358 -0.2561588037965363
v -0.7920519641418615 -0.5409496959752658 -0.28289063703715406
v -0.8090169943749475 -0.5 -0.3090169943749474
v -0.8238403330124199 -0.4577266658252251 -0.3343252983166365
v -0.836421915280972 -0.41447365106031114 -0.35862232531515076
v -0.8467155877615388 -0.3706024182004535 -0.3817414846013048
v -0.8547288298252083 -0.3264773618288046 -0.4035482123351977
v -0.86051916197742 -0.2824517927674457 -0.42394310541879915
v -0.8641878268373419 -0.23885564080505958 -0.44286271326648935
v -0.8658715795905314 -0.19598572165705175 -0.4602781817161907
v -0.8657335191825786 -0.154099017719759 -0.4761921529189171
v -0.863953838921453 -0.11340902917961716 -0.49063444264892453
v -0.8607212142878532 -0.07408492823495917 -0.5036570407363172
v -0.8562253281768711 -0.036253031415939226 -0.5153289290361683
v 0.5515819604521076 0.833819722566603 -0.02240560561026819
v 0.5777419689712765 0.8149342105845517 -0.045787003703301576
v 0.6040434718285418 0.7938632042573209 -0.07009063466413208
v 0.6302911706386761 0.7704950885987951 -0.0952384305837834
v 0.6562639033732426 0.744745742296797 -0.12112583729373441
v 0.6817183540715489 0.7165669224151787 -0.14762090442216314
v 0.7063948981862448 0.6859543538637966 -0.17456480811362318
v 0.7300255741640024 0.6529547236576094 -0.20177410616759886
v 0.7523439028017583 0.6176706970007557 -0.2290448907607829
v 0.7730959763754621 0.5802631114844358 -0.2561588037965363
v 0.7920519641418615 0.5409496959752658 -0.28289063703715406
v 0.8090169943749475 0.5 -0.3090169943749474
v 0.8238403330124199 0.4577266658252251 -0.3343252983166365
v 0.836421915280972 0.41447365106031114 -0.35862232531515076
v 0.8467155877615388 0.3706024182004535 -0.3817414846013048
v 0.8547288298252083 0.3264773618288046 -0.4035482123351977
v 0.86051916197742 0.2824517927674457 -0.42394310541879915
v 0.8641878268373419 0.23885564080505958 -0.44286271326648935
v 0.8658715795905314 0.19598572165705175 -0.4602781817161907
v 0.8657335191825786 0.154099017719759 -0.4761921529189171
v 0.863953838921453 0.11340902917961716 -0.49063444264892453
v 0.8607212142878532 0.07408492823495917 -0.5036570407363172
v 0.8562253281768711 0.036253031415939226 -0.5153289290361683
v 0.0 -0.4929233234259002 -0.8700727539825422
v 0.0 -0.45787003703301565 -0.889019138819511
v 0.0 -0.42054380798479246 -0.9072722334369382
v 0.0 -0.38095372233513364 -0.9245941063185542
v 0.0 -0.3391523444224563 -0.9407314639538489
v 0.0 -0.2952418088443262 -0.9554225632202383
v 0.0 -0.24937829730517588 -0.9684061466312422
v 0.0 -0.2017741061675988 -0.9794320854864143
v 0.0 -0.1526965938405219 -0.9882731152012093
v 0.0 -0.10246352151861442 -0.9947367625447471
v 0.0 -0.051434661279482395 -0.9986763618004909
v 0.0 0.0 -1.0
v 0.0 0.05143466127948249 -0.9986763618004908
v 0.0 0.10246352151861454 -0.9947367625447471
v 0.0 0.15269659384052192 -0.9882731152012093
v 0.0 0.20177410616759894 -0.9794320854864143
v 0.0 0.249378297305176 -0.9684061466312425
v 0.0 0.2952418088443262 -0.9554225632202383
v 0.0 0.33915234442245634 -0.9407314639538488
v 0.0 0.38095372233513364 -0.9245941063185542
v 0.0 0.4205438079847925 -0.9072722334369381
v 0.0 0.45787003703301576 -0.889019138819511
v 0.0 0.4929233234259002 -0.8700727539825422
v -0.03625303141593926 -0.5153289290361683 -0.8562253281768711
v -0.07408492823495927 -0.5036570407363172 -0.8607212142878533
v -0.11340902917961727 -0.49063444264892453 -0.863953838921453
v -0.15409901771975903 -0.47619215291891703 -0.8657335191825786
v -0.19598572165705186 -0.4602781817161907 -0.8658715795905314
v -0.23885564080505964 -0.44286271326648935 -0.8641878268373419
v -0.28245179276744575 -0.4239431054187991 -0.8605191619774198
v -0.32647736182880477 -0.4035482123351976 -0.8547288298252083
v -0.3706024182004536 -0.3817414846013048 -0.8467155877615388
v -0.41447365106031137 -0.3586223253151507 -0.836421915280972
v -0.4577266658252251 -0.33432529831663643 -0.8238403330124199
v -0.5 -0.3090169943749474 -0.8090169943749475
v -0.5409496959752658 -0.28289063703715395 -0.7920519641418615
v -0.5802631114844359 -0.2561588037965362 -0.773095976375462
v -0.6176706970007558 -0.2290448907607829 -0.7523439028017583
v -0.6529547236576095 -0.20177410616759878 -0.7300255741640023
v -0.6859543538637967 -0.17456480811362315 -0.7063948981862448
v -0.7165669224151787 -0.1476209044221631 -0.6817183540715489
v -0.744745742296797 -0.12112583729373434 -0.6562639033732425
v -0.7704950885987952 -0.09523843058378338 -0.630291170638676
v -0.7938632042573209 -0.07009063466413201 -0.6040434718285418
v -0.8149342105845517 -0.04578700370330152 -0.5777419689712764
v -0.833819722566603 -0.022405605610268168 -0.5515819604521076
v 0.5515819604521076 -0.833819722566603 -0.02240560561026819
v 0.5777419689712765 -0.8149342105845517 -0.045787003703301576
v 0.6040434718285418 -0.7938632042573209 -0.07009063466413208
v 0.6302911706386761 -0.7704950885987951 -0.0952384305837834
v 0.6562639033732426 -0.744745742296797 -0.12112583729373441
v 0.6817183540715489 -0.7165669224151787 -0.14762090442216314
v 0.7063948981862448 -0.6859543538637966 -0.17456480811362318
v 0.7300255741640024 -0.6529547236576094 -0.20177410616759886
v 0.7523439028017583 -0.6176706970007557 -0.2290448907607829
v 0.7730959763754621 -0.5802631114844358 -0.2561588037965363
v 0.7920519641418615 -0.5409496959752658 -0.28289063703715406
v 0.8090169943749475 -0.5 -0.3090169943749474
v 0.8238403330124199 -0.4577266658252251 -0.3343252983166365
v 0.836421915280972 -0.41447365106031114 -0.35862232531515076
v 0.8467155877615388 -0.3706024182004535 -0.3817414846013048
v 0.8547288298252083 -0.3264773618288046 -0.4035482123351977
v 0.86051916197742 -0.2824517927674457 -0.42394310541879915
v 0.8641878268373419 -0.23885564080505958 -0.44286271326648935
v 0.8658715795905314 -0.19598572165705175 -0.4602781817161907
v 0.8657335191825786 -0.154099017719759 -0.4761921529189171
v 0.863953838921453 -0.11340902917961716 -0.49063444264892453
v 0.8607212142878532 -0.07408492823495917 -0.5036570407363172
v 0.8562253281768711 -0.036253031415939226 -0.5153289290361683
v -0.03625303141593926 0.5153289290361683 0.8562253281768711
v -0.07408492823495927 0.5036570407363172 0.8607212142878533
v -0.11340902917961727 0.49063444264892453 0.863953838921453
v -0.15409901771975903 0.47619215291891703 0.8657335191825786
v -0.19598572165705186 0.4602781817161907 0.8658715795905314
v -0.23885564080505964 0.44286271326648935 0.8641878268373419
v -0.28245179276744575 0.4239431054187991 0.8605191619774198
v -0.32647736182880477 0.4035482123351976 0.8547288298252083
v -0.3706024182004536 0.3817414846013048 0.8467155877615388
v -0.41447365106031137 0.3586223253151507 0.836421915280972
v -0.4577266658252251 0.33432529831663643 0.8238403330124199
v -0.5 0.3090169943749474 0.8090169943749475
v -0.5409496959752658 0.28289063703715395 0.7920519641418615
v -0.5802631114844359 0.2561588037965362 0.773095976375462
v -0.6176706970007558 0.2290448907607829 0.7523439028017583
v -0.6529547236576095 0.20177410616759878 0.7300255741640023
v -0.6859543538637967 0.17456480811362315 0.7063948981862448
v -0.7165669224151787 0.1476209044221631 0.6817183540715489
v -0.744745742296797 0.12112583729373434 0.6562639033732425
v -0.7704950885987952 0.09523843058378338 0.630291170638676
v -0.7938632042573209 0.07009063466413201 0.6040434718285418
v -0.8149342105845517 0.04578700370330152 0.5777419689712764
v -0.833819722566603 0.022405605610268168 0.5515819604521076
v -0.4929233234259002 -0.8700727539825422 0.0
v -0.45787003703301565 -0.889019138819511 0.0
v -0.42054380798479246 -0.9072722334369382 0.0
v -0.38095372233513364 -0.9245941063185542 0.0
v -0.3391523444224563 -0.9407314639538489 0.0
v -0.2952418088443262 -0.9554225632202383 0.0
v -0.24937829730517588 -0.9684061466312422 0.0
v -0.2017741061675988 -0.9794320854864143 0.0
v -0.1526965938405219 -0.9882731152012093 0.0
v -0.10246352151861442 -0.9947367625447471 0.0
v -0.051434661279482395 -0.9986763618004909 0.0
v 0.0 -1.0 0.0
v 0.05143466127948249 -0.9986763618004908 0.0
v 0.10246352151861454 -0.9947367625447471 0.0
v 0.15269659384052192 -0.9882731152012093 0.0
v 0.20177410616759894 -0.9794320854864143 0.0
v 0.249378297305176 -0.9684061466312425 0.0
v 0.2952418088443262 -0.9554225632202383 0.0
v 0.33915234442245634 -0.9407314639538488 0.0
v 0.38095372233513364 -0.9245941063185542 0.0
v 0.4205438079847925 -0.9072722334369381 0.0
v 0.45787003703301576 -0.889019138819511 0.0
v 0.4929233234259002 -0.8700727539825422 0.0
v 0.5153289290361683 0.8562253281768711 -0.03625303141593926
v 0.5036570407363172 0.8607212142878533 -0.07408492823495927
v 0.49063444264892453 0.863953838921453 -0.11340902917961727
v 0.47619215291891703 0.8657335191825786 -0.15409901771975903
v 0.4602781817161907 0.8658715795905314 -0.19598572165705186
v 0.44286271326648935 0.8641878268373419 -0.23885564080505964
v 0.4239431054187991 0.8605191619774198 -0.28245179276744575
v 0.4035482123351976 0.8547288298252083 -0.32647736182880477
v 0.3817414846013048 0.8467155877615387 -0.37060241820045353
v 0.3586223253151507 0.836421915280972 -0.41447365106031137
v 0.33432529831663643 0.8238403330124199 -0.4577266658252251
v 0.3090169943749474 0.8090169943749475 -0.5
v 0.28289063703715395 0.7920519641418615 -0.5409496959752658
v 0.2561588037965362 0.773095976375462 -0.5802631114844359
v 0.2290448907607829 0.7523439028017583 -0.6176706970007558
v 0.2017741061675988 0.7300255741640024 -0.6529547236576096
v 0.17456480811362315 0.7063948981862448 -0.6859543538637967
v 0.1476209044221631 0.6817183540715489 -0.7165669224151787
v 0.12112583729373434 0.6562639033732425 -0.744745742296797
v 0.09523843058378338 0.630291170638676 -0.7704950885987951
v 0.07009063466413201 0.6040434718285418 -0.7938632042573209
v 0.04578700370330152 0.5777419689712764 -0.8149342105845517
v 0.022405605610268168 0.5515819604521076 -0.833819722566603
v -0.5153289290361683 -0.8562253281768711 -0.03625303141593926
v -0.5036570407363172 -0.8607212142878533 -0.07408492823495927
v -0.49063444264892453 -0.863953838921453 -0.11340902917961727
v -0.47619215291891703 -0.8657335191825786 -0.15409901771975903
v -0.4602781817161907 -0.8658715795905314 -0.19598572165705186
v -0.44286271326648935 -0.8641878268373419 -0.23885564080505964
v -0.4239431054187991 -0.8605191619774198 -0.28245179276744575
v -0.4035482123351976 -0.8547288298252083 -0.32647736182880477
v -0.3817414846013048 -0.8467155877615387 -0.37060241820045353
v -0.3586223253151507 -0.836421915280972 -0.41447365106031137
v -0.33432529831663643 -0.8238403330124199 -0.4577266658252251
v -0.3090169943749474 -0.8090169943749475 -0.5
v -0.28289063703715395 -0.7920519641418615 -0.5409496959752658
v -0.2561588037965362 -0.773095976375462 -0.5802631114844359
v -0.2290448907607829 -0.7523439028017583 -0.6176706970007558
v -0.2017741061675988 -0.7300255741640024 -0.6529547236576096
v -0.17456480811362315 -0.7063948981862448 -0.6859543538637967
v -0.1476209044221631 -0.6817183540715489 -0.7165669224151787
v -0.12112583729373434 -0.6562639033732425 -0.744745742296797
v -0.09523843058378338 -0.630291170638676 -0.7704950885987951
v -0.07009063466413201 -0.6040434718285418 -0.7938632042573209
v -0.04578700370330152 -0.5777419689712764 -0.8149342105845517
v -0.022405605610268168 -0.5515819604521076 -0.833819722566603
v 0.03625303141593926 0.5153289290361683 -0.8562253281768711
v 0.07408492823495927 0.5036570407363172 -0.8607212142878533
v 0.11340902917961727 0.49063444264892453 -0.863953838921453
v 0.15409901771975903 0.47619215291891703 -0.8657335191825786
v 0.19598572165705186 0.4602781817161907 -0.8658715795905314
v 0.23885564080505964 0.44286271326648935 -0.8641878268373419
v 0.28245179276744575 0.4239431054187991 -0.8605191619774198
v 0.32647736182880477 0.4035482123351976 -0.8547288298252083
v 0.3706024182004536 0.3817414846013048 -0.8467155877615388
v 0.41447365106031137 0.3586223253151507 -0.836421915280972
v 0.4577266658252251 0.33432529831663643 -0.8238403330124199
v 0.5 0.3090169943749474 -0.8090169943749475
v 0.5409496959752658 0.28289063703715395 -0.7920519641418615
v 0.5802631114844359 0.2561588037965362 -0.773095976375462
v 0.6176706970007558 0.2290448907607829 -0.7523439028017583
v 0.6529547236576095 0.20177410616759878 -0.7300255741640023
v 0.6859543538637967 0.17456480811362315 -0.7063948981862448
v 0.7165669224151787 0.1476209044221631 -0.6817183540715489
v 0.744745742296797 0.12112583729373434 -0.6562639033732425
v 0.7704950885987952 0.09523843058378338 -0.630291170638676
v 0.7938632042573209 0.07009063466413201 -0.6040434718285418
v 0.8149342105845517 0.04578700370330152 -0.5777419689712764
v 0.833819722566603 0.022405605610268168 -0.5515819604521076
v -0.5412671722340479 0.8387073275613337 0.05999889129545136
v -0.5674808673438284 0.8190169644536053 0.08471527097222835
v -0.5937895694778969 0.7970202949994198 0.1103294907914094
v -0.6199843700591409 0.7726067529854992 0.1367413109618825
v -0.6458303996162249 0.7456980969233914 0.1638213758225087
v -0.6710715046812533 0.7162575256568252 0.19141105648525406
v -0.6954372421750779 0.6842981757742267 0.21932407261399262
v -0.7186520801962826 0.6498900567650481 0.24735016019295059
v -0.7404463784707827 0.6131644322250868 0.27526085748538515
v -0.7605683934989091 0.574314764905472 0.30281722147536616
v -0.7787962812413096 0.5335936312363779 0.3297790002845591
v -0.7949489268225102 0.4913054560965642 0.3559145298431723
v -0.8088944705525154 0.4477954526361847 0.38101045669104733
v -0.8205556368695862 0.4034356709234709 0.40488036038819736
v -0.8299113712432369 0.3586094512399049 0.42737147467113945
v -0.8369947696147484 0.31369575757377305 0.44836896337477544
v -0.841887745191107 0.26905480217155125 0.4677975394606742
v -0.8447132280641448 0.22501609226802258 0.4856205520299576
v -0.8456258791971099 0.1818696127894764 0.5018369420199362
v -0.8448023126546322 0.13986040175337827 0.5164766408607155
v -0.8424316894770978 0.09918636687397941 0.529595046418585
v -0.8387073275613336 0.05999889129545144 0.5412671722340477
v -0.529595046418585 0.8424316894770978 0.09918636687397939
v -0.555767910463156 0.8218500315602453 0.12523799472940012
v -0.581982647915455 0.7988417137396153 0.15214504236047313
v -0.6080174373144506 0.7733001621648697 0.17978224360974693
v -0.6336249852501046 0.7451565681206862 0.20799294952811703
v -0.6585382767106447 0.7143896024558053 0.23659001248998401
v -0.6824787745306987 0.6810340850659723 0.26535880858458344
v -0.7051668247027182 0.6451875251624009 0.29406258978915073
v -0.7263336679990133 0.607013459011881 0.3224500942929473
v -0.7457341167862215 0.5667407159635848 0.3502650252739455
v -0.763158710184018 0.5246581468823927 0.37725669242599225
v -0.7784440864022176 0.4811049037379303 0.40319086788360375
v -0.7914804515295081 0.43645696547131346 0.42785980430301995
v -0.8022153699803625 0.39111113506679496 0.4510904346071123
v -0.8106535879687846 0.345468066983387 0.47275001322908294
v -0.8168531239744198 0.299915951395494 0.49274881628652023
v -0.8209183090738942 0.25481628048406435 0.5110399133409491
v -0.8229907521838611 0.21049271716251985 0.5276163737426863
v -0.8232393057654598 0.1672235834760984 0.542506514773985
v -0.8218500315602453 0.12523799472940003 0.555767910463156
v -0.8190169644536054 0.08471527097222833 0.5674808673438284
v -0.5164766408607155 0.8448023126546322 0.13986040175337827
v -0.542506514773985 0.8232393057654598 0.1672235834760984
v -0.5685192202902353 0.7991326580327285 0.1953788397604234
v -0.5942812689528907 0.7723833828480952 0.2241733330971259
v -0.6195348656109626 0.742936233119551 0.2534211984237677
v -0.6440048006169802 0.7107897965621176 0.28290578270064953
v -0.6674078487312476 0.6760050098995412 0.31238436267305286
v -0.6894642715258388 0.6387108877716612 0.34159540414250444
v -0.709910635852268 0.5991063585226795 0.37026809244319614
v -0.7285128280661668 0.5574574208592709 0.3981334993089198
v -0.7450779516388959 0.5140893643180238 0.4249364322774375
v -0.7594638151136077 0.46937445096587566 0.45044682073866027
v -0.771584971484165 0.4237161041008309 0.47446948785500853
v -0.7814147199096139 0.37753114620354783 0.4968513551906801
v -0.7889830317777987 0.33123185975425573 0.5174854883476929
v -0.7943708943990336 0.28520956729432606 0.5363118354609216
v -0.7977019678329571 0.2398210791648233 0.5533149379003311
v -0.7991326580327285 0.1953788397604234 0.5685192202902353
v -0.7988417137396152 0.15214504236047313 0.5819826479154548
v -0.7970202949994198 0.11032949079140938 0.5937895694778969
v -0.5018369420199363 0.84562587919711 0.18186961278947628
v -0.5276163737426862 0.8229907521838611 0.21049271716251985
v -0.5533149379003311 0.7977019678329571 0.23982107916482331
v -0.5786893258332632 0.7696723314583159 0.26967233145831576
v -0.6034738190782668 0.7388647453316587 0.299830348352321
v -0.6273883349445708 0.7053023707988973 0.3300491522802835
v -0.6501489402462202 0.6690765704734355 0.360059576098488
v -0.6714802500893715 0.6303513474402552 0.3895785575723717
v -0.6911287363733696 0.5893632073632057 0.4183205464300126
v -0.7088756736267 0.5464158255102467 0.4460101175671331
v -0.7245483387654537 0.5018695524102226 0.4723945989909117
v -0.7380282124956273 0.4561265199786275 0.49725542262774375
v -0.7492552987688996 0.40961275535982783 0.5204170326894162
v -0.7582282134085556 0.3627591218962797 0.5417525227189163
v -0.7650002748902721 0.3159829939335216 0.5611856439384533
v -0.7696723314583158 0.2696723314583159 0.5786893258332632
v -0.7723833828480952 0.2241733330971259 0.5942812689528907
v -0.7733001621648696 0.17978224360974696 0.6080174373144505
v -0.7726067529854992 0.1367413109618826 0.6199843700591408
v -0.48562055202995763 0.8447132280641448 0.22501609226802255
v -0.5110399133409491 0.8209183090738942 0.2548162804840645
v -0.5363118354609216 0.7943708943990336 0.2852095672943261
v -0.5611856439384533 0.7650002748902721 0.3159829939335215
v -0.5853908861125426 0.7327923405689429 0.3468903228109173
v -0.6086464678382144 0.6977993998788006 0.37765788051734234
v -0.630672107700836 0.6601470611201468 0.407993321345605
v -0.6512013393196273 0.6200368780611367 0.43759694413069494
v -0.6699949179302779 0.5777438056165148 0.4661747580246564
v -0.6868532549804527 0.5336081062253556 0.4934521203656409
v -0.7016264968769444 0.48802210168801213 0.5191865629465027
v -0.714221113681046 0.441412923737689 0.543178452747853
v -0.7246023328473185 0.39422300409007155 0.5652784112969674
v -0.732792340568943 0.3468903228109172 0.5853908861125426
v -0.7388647453316588 0.299830348352321 0.6034738190782669
v -0.742936233119551 0.2534211984237677 0.6195348656109626
v -0.7451565681206862 0.20799294952811698 0.6336249852501047
v -0.7456980969233913 0.1638213758225087 0.645830399616225
v -0.4677975394606742 0.841887745191107 0.26905480217155125
v -0.49274881628652023 0.8168531239744198 0.299915951395494
v -0.5174854883476929 0.7889830317777987 0.33123185975425573
v -0.5417525227189163 0.7582282134085556 0.3627591218962797
v -0.5652784112969674 0.7246023328473185 0.3942230040900715
v -0.5877852522924731 0.6881909602355868 0.42532540417601994
v -0.6090008814889437 0.6491568673486585 0.45575573273384673
v -0.6286721093071898 0.6077404032222729 0.485204061473601
v -0.6465777917977316 0.5642542117657714 0.5133754412304479
v -0.662540321195108 0.5190722733615194 0.5400039794464362
v -0.676434229689643 0.4726140697840215 0.5648651820977845
v -0.6881909602355868 0.42532540417601994 0.5877852522924731
v -0.6977993998788006 0.37765788051734234 0.6086464678382144
v -0.7053023707988973 0.3300491522802835 0.6273883349445708
v -0.7107897965621175 0.28290578270064953 0.6440048006169802
v -0.7143896024558054 0.23659001248998404 0.6585382767106447
v -0.7162575256568252 0.19141105648525403 0.6710715046812533
v -0.4483689633747755 0.8369947696147485 0.3136957575737731
v -0.47275001322908294 0.8106535879687845 0.3454680669833871
v -0.4968513551906801 0.7814147199096138 0.3775311462035479
v -0.5204170326894162 0.7492552987688995 0.40961275535982783
v -0.5431784527478529 0.714221113681046 0.44141292373768903
v -0.5648651820977846 0.676434229689643 0.47261406978402154
v -0.5852174180968625 0.636096188632186 0.5028938380649024
v -0.603999047739801 0.5934857298220207 0.5319396947277361
v -0.6210099534653025 0.5489506004532375 0.5594639183710178
v -0.6360961886321861 0.5028938380649023 0.5852174180968627
v -0.6491568673486585 0.4557557327338466 0.6090008814889438
v -0.6601470611201469 0.40799332134560495 0.6306721077008361
v -0.6690765704734355 0.36005957609848804 0.6501489402462203
v -0.676005009899541 0.31238436267305275 0.6674078487312477
v -0.6810340850659723 0.2653588085845834 0.6824787745306987
v -0.6842981757742265 0.21932407261399262 0.695437242175078
v -0.4273714746711395 0.829911371243237 0.35860945123990484
v -0.4510904346071123 0.8022153699803625 0.39111113506679496
v -0.47446948785500853 0.771584971484165 0.42371610410083077
v -0.4972554226277438 0.7380282124956273 0.45612651997862746
v -0.5191865629465026 0.7016264968769444 0.48802210168801197
v -0.5400039794464362 0.6625403211951081 0.5190722733615194
v -0.5594639183710177 0.6210099534653025 0.5489506004532375
v -0.5773502691896258 0.5773502691896258 0.5773502691896257
v -0.5934857298220207 0.5319396947277361 0.6039990477398008
v -0.6077404032222729 0.4852040614736011 0.6286721093071896
v -0.6200368780611368 0.43759694413069505 0.6512013393196273
v -0.6303513474402552 0.3895785575723718 0.6714802500893715
v -0.6387108877716611 0.34159540414250467 0.6894642715258387
v -0.645187525162401 0.29406258978915073 0.7051668247027181
v -0.6498900567650481 0.24735016019295064 0.7186520801962826
v -0.40488036038819736 0.8205556368695862 0.4034356709234709
v -0.42785980430302 0.7914804515295082 0.4364569654713135
v -0.45044682073866027 0.7594638151136077 0.46937445096587566
v -0.4723945989909117 0.7245483387654537 0.5018695524102225
v -0.49345212036564085 0.6868532549804527 0.5336081062253556
v -0.5133754412304479 0.6465777917977316 0.5642542117657714
v -0.531939694727736 0.6039990477398008 0.5934857298220207
v -0.5489506004532376 0.5594639183710177 0.6210099534653024
v -0.5642542117657714 0.5133754412304479 0.6465777917977316
v -0.5777438056165148 0.4661747580246564 0.6699949179302779
v -0.5893632073632057 0.4183205464300126 0.6911287363733696
v -0.5991063585226795 0.37026809244319614 0.709910635852268
v -0.607013459011881 0.3224500942929473 0.7263336679990133
v -0.6131644322250868 0.2752608574853851 0.7404463784707827
v -0.38101045669104733 0.8088944705525153 0.4477954526361847
v -0.40319086788360375 0.7784440864022176 0.4811049037379304
v -0.42493643227743755 0.7450779516388959 0.5140893643180239
v -0.4460101175671331 0.7088756736266998 0.5464158255102468
v -0.46617475802465635 0.6699949179302778 0.5777438056165148
v -0.48520406147360107 0.6286721093071896 0.607740403222273
v -0.5028938380649023 0.5852174180968625 0.6360961886321861
v -0.5190722733615195 0.5400039794464362 0.6625403211951081
v -0.5336081062253556 0.4934521203656408 0.6868532549804527
v -0.5464158255102467 0.4460101175671331 0.7088756736267001
v -0.5574574208592709 0.39813349930891967 0.7285128280661667
v -0.5667407159635848 0.35026502527394543 0.7457341167862215
v -0.5743147649054718 0.30281722147536616 0.7605683934989093
v -0.3559145298431724 0.7949489268225102 0.4913054560965641
v -0.37725669242599236 0.763158710184018 0.5246581468823925
v -0.3981334993089197 0.7285128280661668 0.5574574208592709
v -0.41832054643001265 0.6911287363733697 0.5893632073632057
v -0.43759694413069494 0.6512013393196274 0.6200368780611367
v -0.45575573273384673 0.6090008814889438 0.6491568673486585
v -0.47261406978402154 0.5648651820977846 0.676434229689643
v -0.48802210168801213 0.5191865629465027 0.7016264968769443
v -0.5018695524102226 0.47239459899091185 0.7245483387654537
v -0.5140893643180238 0.4249364322774376 0.7450779516388959
v -0.5246581468823927 0.37725669242599236 0.7631587101840179
v -0.5335936312363779 0.3297790002845592 0.7787962812413095
v -0.3297790002845591 0.7787962812413096 0.5335936312363779
v -0.35026502527394554 0.7457341167862214 0.5667407159635848
v -0.37026809244319614 0.709910635852268 0.5991063585226795
v -0.38957855757237175 0.6714802500893715 0.6303513474402552
v -0.40799332134560495 0.630672107700836 0.6601470611201468
v -0.42532540417601994 0.5877852522924731 0.6881909602355868
v -0.441412923737689 0.5431784527478529 0.714221113681046
v -0.4561265199786275 0.49725542262774375 0.7380282124956271
v -0.46937445096587566 0.45044682073866027 0.7594638151136077
v -0.48110490373793025 0.4031908678836037 0.7784440864022176
v -0.4913054560965643 0.35591452984317234 0.7949489268225101
v -0.3028172214753662 0.7605683934989091 0.574314764905472
v -0.3224500942929473 0.7263336679990133 0.607013459011881
v -0.34159540414250456 0.6894642715258389 0.6387108877716611
v -0.3600595760984881 0.6501489402462202 0.6690765704734354
v -0.37765788051734234 0.6086464678382144 0.6977993998788006
v -0.39422300409007144 0.5652784112969673 0.7246023328473185
v -0.40961275535982783 0.5204170326894163 0.7492552987688995
v -0.4237161041008308 0.4744694878550086 0.771584971484165
v -0.43645696547131346 0.42785980430302 0.7914804515295082
v -0.4477954526361847 0.38101045669104733 0.8088944705525153
v -0.2752608574853851 0.7404463784707827 0.6131644322250868
v -0.2940625897891507 0.7051668247027182 0.645187525162401
v -0.31238436267305286 0.6674078487312476 0.6760050098995412
v -0.3300491522802835 0.6273883349445707 0.7053023707988973
v -0.3468903228109172 0.5853908861125425 0.732792340568943
v -0.3627591218962797 0.5417525227189163 0.7582282134085556
v -0.37753114620354783 0.49685135519068 0.7814147199096139
v -0.39111113506679496 0.4510904346071123 0.8022153699803625
v -0.4034356709234709 0.4048803603881973 0.8205556368695862
v -0.24735016019295059 0.7186520801962826 0.6498900567650481
v -0.26535880858458344 0.6824787745306987 0.6810340850659723
v -0.28290578270064953 0.6440048006169802 0.7107897965621176
v -0.299830348352321 0.6034738190782668 0.7388647453316587
v -0.3159829939335215 0.5611856439384533 0.7650002748902721
v -0.33123185975425573 0.5174854883476929 0.7889830317777987
v -0.34546806698338706 0.47275001322908294 0.8106535879687846
v -0.35860945123990495 0.4273714746711395 0.829911371243237
v -0.21932407261399264 0.695437242175078 0.6842981757742265
v -0.23659001248998404 0.6585382767106448 0.7143896024558053
v -0.2534211984237677 0.6195348656109626 0.742936233119551
v -0.2696723314583159 0.5786893258332633 0.7696723314583157
v -0.28520956729432606 0.5363118354609216 0.7943708943990335
v -0.299915951395494 0.49274881628652023 0.8168531239744197
v -0.3136957575737731 0.4483689633747755 0.8369947696147484
v -0.19141105648525406 0.6710715046812532 0.7162575256568252
v -0.207992949528117 0.6336249852501046 0.7451565681206863
v -0.2241733330971259 0.5942812689528906 0.7723833828480952
v -0.23982107916482334 0.5533149379003311 0.7977019678329572
v -0.2548162804840644 0.5110399133409491 0.8209183090738944
v -0.26905480217155125 0.46779753946067415 0.8418877451911071
v -0.16382137582250872 0.6458303996162249 0.7456980969233914
v -0.17978224360974696 0.6080174373144506 0.7733001621648697
v -0.1953788397604234 0.5685192202902353 0.7991326580327285
v -0.21049271716251988 0.5276163737426862 0.8229907521838611
v -0.22501609226802252 0.48562055202995763 0.8447132280641448
v -0.13674131096188255 0.6199843700591409 0.7726067529854991
v -0.15214504236047313 0.581982647915455 0.7988417137396152
v -0.16722358347609842 0.5425065147739851 0.8232393057654598
v -0.18186961278947636 0.5018369420199363 0.8456258791971097
v -0.11032949079140938 0.5937895694778969 0.7970202949994198
v -0.12523799472940012 0.555767910463156 0.8218500315602454
v -0.13986040175337827 0.5164766408607155 0.8448023126546323
v -0.08471527097222838 0.5674808673438284 0.8190169644536053
v -0.0991863668739794 0.529595046418585 0.8424316894770978
v -0.05999889129545139 0.541267172234048 0.8387073275613336
v -0.48126828093859647 0.8757886816692328 0.03708135410789915
v -0.4682945004698491 0.8803175104023412 0.07577164185048695
v -0.45392916772451863 0.883458776963223 0.11596939292577203
v -0.4381147572696645 0.885008355210178 0.1575299040522727
v -0.42081430734820247 0.8847656899607117 0.20026230948283416
v -0.402016702509702 0.8825425382352229 0.24392875826469487
v -0.3817414846013048 0.8781728160814655 0.2882463252670193
v -0.36004262895637784 0.8715228863182574 0.33289212060016365
v -0.33701070754731177 0.8625013891299094 0.37751177034290845
v -0.31277294086272456 0.8510675746422777 0.42173104089762425
v -0.28749082514474544 0.8372371019623239 0.4651699265379511
v -0.2613552955861322 0.8210844563811234 0.5074581016777646
v -0.23457970564704342 0.8027414975886716 0.5482503531669115
v -0.20739120464449953 0.7823921307311058 0.5872405316445244
v -0.1800213144781889 0.760263595271303 0.6241727261253067
v -0.15269659384052198 0.7366152886417949 0.6588487434674729
v -0.12563021953428188 0.7117262977253691 0.6911314817499687
v -0.09901513114075354 0.6858828615127918 0.720944314138203
v -0.0730191262116108 0.6593668460722091 0.7482670442482955
v -0.04778201765521249 0.6324460337864874 0.7731292861718135
v -0.023414725023492476 0.6053666882690719 0.7956022394301129
v -4.1981902797984136e-17 0.578348526341947 0.8157897903737814
v -0.44487977544635654 0.8947886063040922 0.037885820925243466
v -0.4305299157337559 0.8992513689858948 0.07740133742564947
v -0.41475906443935645 0.9021915720483994 0.11842839942440941
v -0.39752472015193063 0.9033918157556253 0.16080212714352854
v -0.37880870476604017 0.9026416903466646 0.2043084531819258
v -0.3586223253151507 0.8997478541864821 0.24868419063618677
v -0.3370107075473117 0.8945450924894309 0.2936202658222622
v -0.3140556896359231 0.8869075000122311 0.3387685201274745
v -0.28987670252769987 0.876758698299792 0.38375211046627716
v -0.26462921304829107 0.864079898627872 0.42817906112827214
v -0.2385005633016254 0.848914714130246 0.4716580217042537
v -0.21170337043863283 0.8313699290118758 0.5138148733539265
v -0.1844669925176272 0.8116119147692972 0.5543086040068447
v -0.15702784481796153 0.7898589547345867 0.5928449102230804
v -0.12961950290281218 0.7663702790513451 0.6291862839048474
v -0.10246352151861451 0.741433006922707 0.663157841696498
v -0.07576174095320799 0.7153483665228748 0.6946487408185475
v -0.049690590018991315 0.6884185008862148 0.7236095721458784
v -0.024397592025844506 0.6609349141983945 0.7500465296879264
v 3.9832018769795354e-17 0.6331692478888055 0.7740133742564946
v 0.023414725023492473 0.6053666882690719 0.7956022394301129
v -0.40614715006930613 0.9129896879251919 0.038656464308590675
v -0.390361472413512 0.9172701131640247 0.07895226628293962
v -0.37314038052981185 0.9198834216871895 0.12075076365446102
v -0.35446018978806726 0.9206009609906352 0.16386532421023747
v -0.3343252983166365 0.919205439624095 0.20805757537510228
v -0.3127729408627245 0.915502344047086 0.25303862453857456
v -0.2898767025276998 0.9093320900650393 0.2984738636959933
v -0.265748167425008 0.9005818416866632 0.34399165387332836
v -0.2405361848863923 0.8891957226704116 0.3891957226704115
v -0.2144234637481429 0.875182121262637 0.4336805654124702
v -0.1876205307796251 0.8586169976899078 0.4770486219537173
v -0.1603574565909282 0.8396425434090717 0.5189276302272153
v -0.132874083712504 0.8184611417283371 0.5589864375441587
v -0.10540971001007264 0.7953252188866733 0.5969477273919866
v -0.07819323521568113 0.7705241128862675 0.6325965613464364
v -0.051434661279482555 0.7443694108360239 0.6657842412003272
v -0.025318584984861926 0.7171802621105687 0.6964276278935093
v 0.0 0.6892699839446963 0.7245045819267661
v 0.02439759202584448 0.6609349141983946 0.7500465296879263
v 0.047782017655212505 0.6324460337864874 0.7731292861718135
v -0.36509563105805376 0.9301366570377718 0.03938247601306818
v -0.3478341301329394 0.9341022893083983 0.08040106357176427
v -0.3291416048032053 0.9362487070583326 0.1228989931576781
v -0.30901699437494745 0.9363389981249826 0.16666666666666666
v -0.2874908251447455 0.934152975449527 0.21144087569906866
v -0.26462921304829107 0.9294998378598645 0.25690743667696325
v -0.24053618488639233 0.9222311755113046 0.30270778429920897
v -0.21535373011074402 0.9122530399572549 0.34844965492325547
v -0.18925918396314712 0.8995356486714199 0.3937214472884241
v -0.16245984811645314 0.8841193776664111 0.438109260099278
v -0.13518513140224794 0.8661160462793359 0.4812151022414073
v -0.10767686505537204 0.8457050775509992 0.5226744823848832
v -0.08017872829546416 0.8231248169886253 0.5621715994128166
v -0.052925842609658214 0.7986599593958795 0.599450685579581
v -0.026135529558613247 0.7726265196375218 0.6343226270972059
v -5.1461667323329365e-17 0.7453559924999299 0.6666666666666666
v 0.025318584984861944 0.7171802621105687 0.6964276278935093
v 0.04969059001899131 0.6884185008862148 0.7236095721458784
v 0.0730191262116107 0.6593668460722091 0.7482670442482955
v -0.32179917620744886 0.9459604064062255 0.04005246189656683
v -0.3030469638128321 0.9494650213026119 0.08172338127277032
v -0.2828906370371539 0.9509938084946532 0.12483454522506135
v -0.2613552955861322 0.9503056210307275 0.1691527005592549
v -0.23850056330162533 0.9471823504345128 0.21439000986556986
v -0.21442346374814292 0.9414426155535537 0.2602083392474822
v -0.1892591839631471 0.932955251063504 0.3062277923354411
v -0.1631792376316153 0.9216511241654857 0.352039403661666
v -0.13638681170492226 0.9075317519362489 0.3972212945204333
v -0.10910944936393781 0.8906734148860742 0.4413569939115926
v -0.08158961881580765 0.8712259666081686 0.4840541800347907
v -0.05407405256089914 0.849406245083294 0.5249619297178989
v -0.026802932968517858 0.8254867505444495 0.5637847350362112
v 5.2957763352706824e-17 0.7997808959781124 0.6002920276235956
v 0.026135529558613247 0.7726265196375218 0.6343226270972059
v 0.05143466127948254 0.7443694108360239 0.6657842412003272
v 0.07576174095320808 0.7153483665228748 0.6946487408185475
v 0.09901513114075354 0.6858828615127918 0.720944314138203
v -0.2763864829754201 0.9601862839215201 0.04065479304411581
v -0.2561588037965362 0.963073793091992 0.08289473021206226
v -0.2345797056470434 0.9638284211006921 0.12651931226928728
v -0.21170337043863285 0.9622098074758607 0.17127162445130883
v -0.18762053077962504 0.9580077391262828 0.21684028270623512
v -0.16245984811645314 0.9510565162951535 0.2628655560595668
v -0.13638681170492226 0.9412484260365984 0.30894989573811477
v -0.10959983594567031 0.9285447107773686 0.35467251944301403
v -0.08232358003196016 0.912982492932299 0.3996070517018511
v -0.05479991797283513 0.8946764988894502 0.4433406493037675
v -0.02727736234098447 0.8738150778358993 0.4854926933027518
v 0.0 0.8506508083520399 0.5257311121191336
v 0.02680293296851784 0.8254867505444495 0.5637847350362112
v 0.052925842609658234 0.7986599593958795 0.599450685579581
v 0.07819323521568113 0.7705241128862675 0.6325965613464364
v 0.10246352151861447 0.741433006922707 0.6631578416964979
v 0.12563021953428188 0.711726297725369 0.6911314817499687
v -0.22904489076078283 0.9725445010412459 0.04117804646671705
v -0.2073912046444995 0.9746543508882346 0.08389150452064635
v -0.1844669925176271 0.9744788735955344 0.1279173701554257
v -0.1603574565909282 0.9717843547726445 0.17297587674240514
v -0.13518513140224786 0.9663748534555878 0.21873413738245792
v -0.10910944936393778 0.9581067630867733 0.2648141963469555
v -0.08232358003196011 0.9469016732891814 0.31080548465699537
v -0.05504844728656332 0.9327558590467852 0.35628103495026586
v -0.027524223643281623 0.9157449533212836 0.40081616431904904
v 7.311802721684318e-17 0.8960229027538579 0.44400783522427906
v 0.027277362340984507 0.8738150778358993 0.4854926933027518
v 0.05407405256089923 0.849406245083294 0.5249619297178989
v 0.08017872829546414 0.8231248169886253 0.5621715994128167
v 0.10540971001007275 0.7953252188866733 0.5969477273919866
v 0.12961950290281227 0.7663702790513451 0.6291862839048474
v 0.15269659384052198 0.7366152886417948 0.6588487434674729
v -0.18002131447818892 0.9827821773652117 0.04161151507502044
v -0.1570278448179616 0.9839560452898753 0.08469213003186861
v -0.13287408371250403 0.9827025416449895 0.12899687020249814
v -0.10767686505537209 0.9788010023635108 0.17422482746162773
v -0.08158961881580767 0.9720762817228026 0.2200246272885412
v -0.0547999179728352 0.9624129226652869 0.26600438958226047
v -0.02752422364328173 0.9497667647722866 0.31174590558148263
v -7.345063871007168e-17 0.9341723589627158 0.35682208977308993
v 0.027524223643281623 0.9157449533212836 0.40081616431904904
v 0.054799917972835094 0.8946764988894502 0.4433406493037675
v 0.08158961881580758 0.8712259666081686 0.48405418003479067
v 0.10767686505537194 0.8457050775509992 0.5226744823848832
v 0.1328740837125039 0.8184611417283371 0.5589864375441587
v 0.15702784481796153 0.7898589547345868 0.5928449102230804
v 0.1800213144781888 0.760263595271303 0.6241727261253067
v -0.12961950290281224 0.9906762025679953 0.04194575226032316
v -0.10540971001007264 0.9907655694781581 0.0852782467702838
v -0.0801787282954641 0.988302081193091 0.12973190755680383
v -0.05407405256089919 0.9830846546516299 0.1749873099059663
v -0.027277362340984438 0.9749651001369483 0.2206784969557963
v 0.0 0.9638612634676226 0.26640470113456743
v 0.027524223643281696 0.9497667647722866 0.31174590558148263
v 0.05504844728656334 0.932755859046785 0.35628103495026575
v 0.08232358003196016 0.912982492932299 0.3996070517018511
v 0.10910944936393786 0.8906734148860742 0.4413569939115926
v 0.13518513140224794 0.866116046279336 0.4812151022414074
v 0.1603574565909282 0.8396425434090717 0.5189276302272153
v 0.18446699251762716 0.8116119147692972 0.5543086040068447
v 0.20739120464449956 0.7823921307311058 0.5872405316445244
v -0.0781932352156811 0.9960458058030961 0.04217310408976243
v -0.05292584260965817 0.9949197770918569 0.08563581222565443
v -0.026802932968517802 0.991137986271741 0.13010416962374105
v 3.6073332791198436e-17 0.9845250856095248 0.17524370403971123
v 0.02727736234098455 0.9749651001369483 0.2206784969557963
v 0.0547999179728352 0.9624129226652869 0.26600438958226047
v 0.08232358003196023 0.9469016732891813 0.31080548465699537
v 0.10959983594567034 0.9285447107773686 0.35467251944301403
v 0.13638681170492234 0.9075317519362488 0.39722129452043325
v 0.16245984811645325 0.8841193776664111 0.4381092600992781
v 0.18762053077962512 0.8586169976899078 0.4770486219537173
v 0.2117033704386329 0.8313699290118758 0.5138148733539265
v 0.23457970564704342 0.8027414975886715 0.5482503531669115
v -0.026135529558613296 0.9987635577743289 0.04228817513981372
v -7.061035113694243e-17 0.9963161685866463 0.08575600394622793
v 0.026802932968517802 0.991137986271741 0.13010416962374105
v 0.05407405256089909 0.9830846546516299 0.1749873099059663
v 0.08158961881580762 0.9720762817228028 0.22002462728854122
v 0.10910944936393778 0.9581067630867733 0.2648141963469555
v 0.13638681170492223 0.9412484260365984 0.30894989573811477
v 0.16317923763161524 0.9216511241654857 0.3520394036616659
v 0.18925918396314703 0.8995356486714199 0.3937214472884242
v 0.21442346374814286 0.875182121262637 0.4336805654124702
v 0.23850056330162528 0.848914714130246 0.47165802170425364
v 0.26135529558613213 0.8210844563811234 0.5074581016777647
v 0.026135529558613226 0.9987635577743289 0.04228817513981372
v 0.0529258426096582 0.994919777091857 0.08563581222565442
v 0.0801787282954641 0.988302081193091 0.12973190755680383
v 0.10767686505537198 0.9788010023635108 0.17422482746162773
v 0.13518513140224797 0.9663748534555879 0.21873413738245792
v 0.16245984811645314 0.9510565162951535 0.2628655560595668
v 0.18925918396314712 0.932955251063504 0.30622779233544106
v 0.215353730110744 0.912253039957255 0.34844965492325547
v 0.2405361848863923 0.8891957226704116 0.3891957226704115
v 0.2646292130482911 0.864079898627872 0.42817906112827214
v 0.28749082514474544 0.8372371019623239 0.4651699265379511
v 0.0781932352156811 0.9960458058030961 0.04217310408976243
v 0.1054097100100726 0.9907655694781581 0.08527824677028378
v 0.13287408371250395 0.9827025416449895 0.12899687020249817
v 0.16035745659092815 0.9717843547726445 0.17297587674240514
v 0.18762053077962504 0.9580077391262828 0.21684028270623512
v 0.21442346374814286 0.9414426155535536 0.2602083392474821
v 0.24053618488639228 0.9222311755113047 0.302707784299209
v 0.2657481674250079 0.9005818416866632 0.3439916538733284
v 0.2898767025276998 0.876758698299792 0.3837521104662771
v 0.3127729408627245 0.8510675746422778 0.4217310408976243
v 0.1296195029028123 0.9906762025679953 0.04194575226032317
v 0.1570278448179616 0.9839560452898753 0.08469213003186861
v 0.18446699251762722 0.9744788735955344 0.1279173701554257
v 0.21170337043863285 0.9622098074758607 0.17127162445130883
v 0.23850056330162547 0.9471823504345128 0.21439000986556986
v 0.26462921304829107 0.9294998378598645 0.25690743667696325
v 0.28987670252769987 0.9093320900650396 0.2984738636959933
v 0.3140556896359232 0.8869075000122311 0.3387685201274745
v 0.33701070754731177 0.8625013891299094 0.37751177034290845
v 0.1800213144781889 0.9827821773652117 0.04161151507502045
v 0.2073912046444995 0.9746543508882345 0.08389150452064631
v 0.2345797056470434 0.9638284211006921 0.12651931226928728
v 0.2613552955861322 0.9503056210307275 0.16915270055925494
v 0.2874908251447455 0.934152975449527 0.21144087569906866
v 0.3127729408627245 0.915502344047086 0.25303862453857456
v 0.33701070754731177 0.8945450924894309 0.2936202658222622
v 0.3600426289563777 0.8715228863182575 0.3328921206001636
v 0.22904489076078283 0.9725445010412459 0.04117804646671705
v 0.2561588037965362 0.963073793091992 0.08289473021206226
v 0.2828906370371539 0.9509938084946532 0.12483454522506135
v 0.30901699437494734 0.9363389981249826 0.16666666666666666
v 0.3343252983166365 0.919205439624095 0.20805757537510228
v 0.3586223253151507 0.8997478541864821 0.24868419063618677
v 0.3817414846013048 0.8781728160814656 0.28824632526701943
v 0.2763864829754201 0.9601862839215201 0.04065479304411581
v 0.30304696381283214 0.9494650213026119 0.0817233812727703
v 0.3291416048032053 0.9362487070583326 0.1228989931576781
v 0.35446018978806726 0.9206009609906352 0.16386532421023747
v 0.3788087047660402 0.9026416903466645 0.20430845318192575
v 0.402016702509702 0.8825425382352229 0.24392875826469487
v 0.32179917620744886 0.9459604064062255 0.04005246189656683
v 0.34783413013293923 0.9341022893083982 0.08040106357176426
v 0.37314038052981185 0.9198834216871895 0.12075076365446102
v 0.39752472015193063 0.9033918157556253 0.16080212714352854
v 0.42081430734820247 0.8847656899607117 0.20026230948283416
v 0.3650956310580537 0.9301366570377719 0.039382476013068185
v 0.39036147241351193 0.9172701131640247 0.07895226628293962
v 0.41475906443935645 0.9021915720483994 0.11842839942440941
v 0.4381147572696645 0.8850083552101781 0.15752990405227274
v 0.40614715006930613 0.9129896879251919 0.038656464308590675
v 0.43052991573375593 0.8992513689858948 0.07740133742564946
v 0.45392916772451863 0.883458776963223 0.11596939292577203
v 0.44487977544635654 0.8947886063040922 0.037885820925243466
v 0.4682945004698491 0.8803175104023412 0.07577164185048695
v 0.4812682809385964 0.8757886816692328 0.03708135410789916
v -0.48126828093859647 0.8757886816692328 -0.03708135410789915
v -0.44487977544635654 0.8947886063040922 -0.037885820925243466
v -0.40614715006930613 0.9129896879251919 -0.038656464308590675
v -0.36509563105805376 0.9301366570377718 -0.03938247601306818
v -0.32179917620744886 0.9459604064062255 -0.04005246189656683
v -0.2763864829754201 0.9601862839215201 -0.04065479304411581
v -0.22904489076078288 0.9725445010412459 -0.04117804646671704
v -0.1800213144781889 0.9827821773652117 -0.04161151507502045
v -0.12961950290281218 0.9906762025679952 -0.041945752260323155
v -0.07819323521568114 0.9960458058030961 -0.042173104089762416
v -0.026135529558613226 0.9987635577743289 -0.04228817513981372
v 0.026135529558613188 0.9987635577743289 -0.04228817513981371
v 0.07819323521568106 0.9960458058030961 -0.04217310408976242
v 0.12961950290281218 0.9906762025679952 -0.041945752260323155
v 0.18002131447818884 0.9827821773652117 -0.04161151507502044
v 0.2290448907607828 0.972544501041246 -0.04117804646671705
v 0.2763864829754201 0.9601862839215201 -0.04065479304411581
v 0.32179917620744886 0.9459604064062255 -0.04005246189656683
v 0.36509563105805365 0.9301366570377719 -0.03938247601306818
v 0.40614715006930613 0.9129896879251919 -0.038656464308590675
v 0.44487977544635654 0.8947886063040922 -0.037885820925243466
v 0.48126828093859636 0.8757886816692328 -0.03708135410789915
v -0.4682945004698491 0.8803175104023412 -0.07577164185048695
v -0.4305299157337559 0.8992513689858948 -0.07740133742564947
v -0.390361472413512 0.9172701131640247 -0.07895226628293962
v -0.3478341301329394 0.9341022893083983 -0.08040106357176427
v -0.3030469638128321 0.9494650213026119 -0.08172338127277032
v -0.2561588037965362 0.963073793091992 -0.08289473021206226
v -0.20739120464449953 0.9746543508882344 -0.08389150452064632
v -0.15702784481796153 0.9839560452898753 -0.08469213003186862
v -0.10540971001007264 0.9907655694781581 -0.0852782467702838
v -0.05292584260965817 0.9949197770918569 -0.08563581222565443
v 0.0 0.9963161685866463 -0.08575600394622794
v 0.05292584260965824 0.9949197770918569 -0.08563581222565443
v 0.10540971001007264 0.9907655694781581 -0.0852782467702838
v 0.15702784481796164 0.9839560452898753 -0.08469213003186862
v 0.20739120464449956 0.9746543508882344 -0.08389150452064632
v 0.2561588037965362 0.963073793091992 -0.08289473021206226
v 0.3030469638128322 0.9494650213026119 -0.0817233812727703
v 0.3478341301329394 0.9341022893083983 -0.08040106357176427
v 0.390361472413512 0.9172701131640247 -0.07895226628293962
v 0.43052991573375593 0.8992513689858948 -0.07740133742564946
v 0.4682945004698491 0.8803175104023412 -0.07577164185048695
v -0.45392916772451863 0.883458776963223 -0.11596939292577203
v -0.41475906443935645 0.9021915720483994 -0.11842839942440941
v -0.37314038052981185 0.9198834216871895 -0.12075076365446102
v -0.3291416048032053 0.9362487070583326 -0.1228989931576781
v -0.2828906370371539 0.9509938084946532 -0.12483454522506135
v -0.2345797056470434 0.9638284211006921 -0.12651931226928728
v -0.1844669925176271 0.9744788735955344 -0.1279173701554257
v -0.13287408371250403 0.9827025416449895 -0.12899687020249814
v -0.0801787282954641 0.988302081193091 -0.12973190755680383
v -0.02680293296851784 0.991137986271741 -0.13010416962374105
v 0.02680293296851784 0.991137986271741 -0.13010416962374105
v 0.0801787282954641 0.988302081193091 -0.12973190755680383
v 0.13287408371250395 0.9827025416449895 -0.12899687020249817
v 0.18446699251762722 0.9744788735955344 -0.1279173701554257
v 0.2345797056470434 0.9638284211006921 -0.12651931226928728
v 0.2828906370371539 0.9509938084946532 -0.12483454522506135
v 0.3291416048032053 0.9362487070583326 -0.1228989931576781
v 0.37314038052981185 0.9198834216871895 -0.12075076365446102
v 0.41475906443935645 0.9021915720483994 -0.11842839942440941
v 0.45392916772451863 0.883458776963223 -0.11596939292577203
v -0.4381147572696645 0.885008355210178 -0.1575299040522727
v -0.39752472015193063 0.9033918157556253 -0.16080212714352854
v -0.35446018978806726 0.9206009609906352 -0.16386532421023747
v -0.30901699437494745 0.9363389981249826 -0.16666666666666666
v -0.2613552955861322 0.9503056210307275 -0.1691527005592549
v -0.21170337043863285 0.9622098074758607 -0.17127162445130883
v -0.16035745659092823 0.9717843547726445 -0.1729758767424051
v -0.10767686505537201 0.9788010023635108 -0.17422482746162773
v -0.05407405256089919 0.9830846546516299 -0.1749873099059663
v 0.0 0.9845250856095248 -0.1752437040397112
v 0.05407405256089912 0.9830846546516299 -0.1749873099059663
v 0.10767686505537198 0.9788010023635108 -0.17422482746162773
v 0.16035745659092815 0.9717843547726445 -0.17297587674240514
v 0.21170337043863285 0.9622098074758607 -0.17127162445130883
v 0.2613552955861322 0.9503056210307275 -0.1691527005592549
v 0.30901699437494734 0.9363389981249826 -0.16666666666666666
v 0.35446018978806726 0.9206009609906352 -0.16386532421023747
v 0.39752472015193063 0.9033918157556253 -0.16080212714352854
v 0.4381147572696644 0.8850083552101781 -0.1575299040522727
v -0.42081430734820247 0.8847656899607117 -0.20026230948283416
v -0.37880870476604017 0.9026416903466646 -0.2043084531819258
v -0.3343252983166365 0.919205439624095 -0.20805757537510228
v -0.2874908251447455 0.934152975449527 -0.21144087569906866
v -0.23850056330162536 0.9471823504345128 -0.21439000986556989
v -0.18762053077962507 0.9580077391262828 -0.21684028270623515
v -0.1351851314022479 0.9663748534555879 -0.21873413738245792
v -0.08158961881580766 0.9720762817228028 -0.22002462728854125
v -0.027277362340984438 0.974965100136948 -0.2206784969557963
v 0.02727736234098451 0.974965100136948 -0.2206784969557963
v 0.08158961881580766 0.9720762817228028 -0.22002462728854125
v 0.13518513140224797 0.9663748534555879 -0.21873413738245792
v 0.18762053077962507 0.9580077391262828 -0.21684028270623515
v 0.23850056330162547 0.9471823504345128 -0.21439000986556986
v 0.2874908251447455 0.934152975449527 -0.21144087569906866
v 0.3343252983166365 0.919205439624095 -0.20805757537510228
v 0.3788087047660403 0.9026416903466645 -0.20430845318192578
v 0.42081430734820247 0.8847656899607117 -0.20026230948283416
v -0.402016702509702 0.8825425382352229 -0.24392875826469487
v -0.3586223253151507 0.8997478541864821 -0.24868419063618677
v -0.3127729408627245 0.915502344047086 -0.25303862453857456
v -0.26462921304829107 0.9294998378598645 -0.25690743667696325
v -0.21442346374814286 0.9414426155535536 -0.2602083392474821
v -0.16245984811645314 0.9510565162951535 -0.2628655560595668
v -0.10910944936393781 0.9581067630867733 -0.2648141963469555
v -0.05479991797283516 0.9624129226652869 -0.26600438958226047
v 0.0 0.9638612634676226 -0.26640470113456743
v 0.05479991797283516 0.9624129226652869 -0.26600438958226047
v 0.10910944936393781 0.9581067630867733 -0.2648141963469555
v 0.16245984811645314 0.9510565162951535 -0.2628655560595668
v 0.21442346374814286 0.9414426155535536 -0.2602083392474821
v 0.26462921304829107 0.9294998378598645 -0.25690743667696325
v 0.3127729408627245 0.915502344047086 -0.25303862453857456
v 0.3586223253151507 0.8997478541864821 -0.24868419063618677
v 0.402016702509702 0.8825425382352229 -0.24392875826469487
v -0.3817414846013048 0.8781728160814656 -0.28824632526701943
v -0.33701070754731166 0.8945450924894308 -0.2936202658222622
v -0.2898767025276998 0.9093320900650393 -0.2984738636959933
v -0.2405361848863923 0.9222311755113046 -0.302707784299209
v -0.18925918396314703 0.932955251063504 -0.3062277923354411
v -0.13638681170492226 0.9412484260365984 -0.3089498957381148
v -0.0823235800319601 0.9469016732891814 -0.31080548465699537
v -0.02752422364328166 0.9497667647722866 -0.3117459055814827
v 0.027524223643281737 0.9497667647722866 -0.3117459055814827
v 0.08232358003196023 0.9469016732891813 -0.31080548465699537
v 0.1363868117049223 0.9412484260365984 -0.3089498957381148
v 0.18925918396314717 0.932955251063504 -0.3062277923354411
v 0.2405361848863923 0.9222311755113046 -0.302707784299209
v 0.2898767025276999 0.9093320900650396 -0.2984738636959933
v 0.33701070754731177 0.8945450924894308 -0.2936202658222622
v 0.3817414846013048 0.8781728160814656 -0.28824632526701943
v -0.36004262895637784 0.8715228863182575 -0.3328921206001636
v -0.3140556896359232 0.8869075000122311 -0.3387685201274745
v -0.265748167425008 0.9005818416866632 -0.3439916538733284
v -0.21535373011074407 0.9122530399572549 -0.3484496549232554
v -0.16317923763161532 0.9216511241654857 -0.352039403661666
v -0.10959983594567034 0.9285447107773686 -0.35467251944301403
v -0.055048447286563384 0.932755859046785 -0.35628103495026575
v -7.345063871007168e-17 0.9341723589627157 -0.35682208977308993
v 0.05504844728656332 0.9327558590467852 -0.35628103495026586
v 0.10959983594567027 0.9285447107773686 -0.35467251944301403
v 0.16317923763161524 0.9216511241654857 -0.3520394036616659
v 0.21535373011074396 0.9122530399572549 -0.34844965492325547
v 0.2657481674250079 0.9005818416866632 -0.3439916538733284
v 0.3140556896359231 0.8869075000122311 -0.33876852012747444
v 0.3600426289563777 0.8715228863182575 -0.3328921206001636
v -0.3370107075473117 0.8625013891299095 -0.3775117703429084
v -0.28987670252769987 0.876758698299792 -0.38375211046627716
v -0.2405361848863923 0.8891957226704116 -0.3891957226704115
v -0.18925918396314712 0.8995356486714199 -0.3937214472884241
v -0.13638681170492228 0.9075317519362489 -0.39722129452043337
v -0.08232358003196016 0.912982492932299 -0.3996070517018511
v -0.027524223643281658 0.9157449533212836 -0.40081616431904904
v 0.027524223643281658 0.9157449533212836 -0.40081616431904904
v 0.08232358003196016 0.912982492932299 -0.3996070517018511
v 0.1363868117049223 0.9075317519362488 -0.39722129452043325
v 0.18925918396314706 0.8995356486714199 -0.3937214472884242
v 0.2405361848863923 0.8891957226704116 -0.3891957226704115
v 0.2898767025276998 0.876758698299792 -0.3837521104662771
v 0.33701070754731177 0.8625013891299094 -0.37751177034290845
v -0.3127729408627245 0.8510675746422777 -0.4217310408976243
v -0.26462921304829107 0.864079898627872 -0.42817906112827214
v -0.2144234637481429 0.875182121262637 -0.43368056541247024
v -0.16245984811645317 0.8841193776664111 -0.4381092600992781
v -0.10910944936393777 0.8906734148860742 -0.4413569939115926
v -0.0547999179728351 0.8946764988894502 -0.44334064930376754
v 7.311802721684318e-17 0.8960229027538579 -0.44400783522427906
v 0.05479991797283517 0.8946764988894502 -0.44334064930376754
v 0.10910944936393788 0.8906734148860741 -0.44135699391159255
v 0.16245984811645325 0.8841193776664111 -0.4381092600992781
v 0.21442346374814297 0.875182121262637 -0.43368056541247024
v 0.2646292130482911 0.864079898627872 -0.42817906112827214
v 0.3127729408627245 0.8510675746422777 -0.4217310408976243
v -0.28749082514474544 0.8372371019623238 -0.4651699265379509
v -0.23850056330162542 0.848914714130246 -0.47165802170425364
v -0.1876205307796251 0.8586169976899078 -0.4770486219537172
v -0.13518513140224797 0.8661160462793359 -0.4812151022414073
v -0.08158961881580766 0.8712259666081686 -0.48405418003479067
v -0.027277362340984504 0.8738150778358993 -0.48549269330275174
v 0.02727736234098443 0.8738150778358993 -0.48549269330275174
v 0.08158961881580758 0.8712259666081686 -0.48405418003479067
v 0.1351851314022479 0.866116046279336 -0.48121510224140734
v 0.187620530779625 0.8586169976899078 -0.4770486219537172
v 0.23850056330162528 0.848914714130246 -0.47165802170425364
v 0.28749082514474533 0.8372371019623238 -0.4651699265379509
v -0.2613552955861322 0.8210844563811234 -0.5074581016777647
v -0.21170337043863285 0.8313699290118758 -0.5138148733539265
v -0.1603574565909282 0.8396425434090717 -0.5189276302272153
v -0.10767686505537204 0.8457050775509992 -0.5226744823848832
v -0.05407405256089914 0.849406245083294 -0.5249619297178989
v 0.0 0.8506508083520399 -0.5257311121191336
v 0.05407405256089919 0.849406245083294 -0.5249619297178989
v 0.10767686505537198 0.8457050775509992 -0.5226744823848832
v 0.1603574565909282 0.8396425434090717 -0.5189276302272153
v 0.21170337043863285 0.8313699290118758 -0.5138148733539265
v 0.2613552955861322 0.8210844563811234 -0.5074581016777647
v -0.2345797056470434 0.8027414975886716 -0.5482503531669115
v -0.18446699251762722 0.8116119147692972 -0.5543086040068447
v -0.132874083712504 0.8184611417283371 -0.5589864375441587
v -0.08017872829546416 0.8231248169886253 -0.5621715994128166
v -0.026802932968517858 0.8254867505444495 -0.5637847350362112
v 0.02680293296851784 0.8254867505444495 -0.5637847350362112
v 0.0801787282954641 0.8231248169886253 -0.5621715994128166
v 0.13287408371250395 0.8184611417283371 -0.5589864375441587
v 0.18446699251762716 0.8116119147692972 -0.5543086040068447
v 0.2345797056470434 0.8027414975886716 -0.5482503531669115
v -0.20739120464449948 0.7823921307311058 -0.5872405316445244
v -0.15702784481796156 0.7898589547345868 -0.5928449102230804
v -0.10540971001007263 0.7953252188866733 -0.5969477273919866
v -0.0529258426096582 0.7986599593958796 -0.599450685579581
v 3.5305175568471214e-17 0.7997808959781125 -0.6002920276235956
v 0.052925842609658234 0.7986599593958796 -0.599450685579581
v 0.1054097100100727 0.7953252188866733 -0.5969477273919866
v 0.15702784481796156 0.7898589547345868 -0.5928449102230804
v 0.20739120464449953 0.7823921307311058 -0.5872405316445243
v -0.18002131447818884 0.760263595271303 -0.6241727261253067
v -0.12961950290281224 0.7663702790513451 -0.6291862839048474
v -0.07819323521568113 0.7705241128862675 -0.6325965613464364
v -0.02613552955861323 0.7726265196375218 -0.6343226270972059
v 0.02613552955861323 0.7726265196375218 -0.6343226270972059
v 0.07819323521568113 0.7705241128862675 -0.6325965613464364
v 0.12961950290281224 0.7663702790513451 -0.6291862839048474
v 0.18002131447818884 0.760263595271303 -0.6241727261253067
v -0.15269659384052192 0.7366152886417948 -0.6588487434674729
v -0.10246352151861453 0.741433006922707 -0.6631578416964979
v -0.05143466127948257 0.744369410836024 -0.6657842412003274
v -3.4307778215552914e-17 0.7453559924999299 -0.6666666666666667
v 0.05143466127948254 0.744369410836024 -0.6657842412003274
v 0.10246352151861449 0.741433006922707 -0.663157841696498
v 0.15269659384052192 0.7366152886417949 -0.6588487434674729
v -0.12563021953428186 0.711726297725369 -0.6911314817499687
v -0.07576174095320802 0.7153483665228748 -0.6946487408185475
v -0.025318584984861926 0.7171802621105687 -0.6964276278935093
v 0.025318584984861957 0.7171802621105687 -0.6964276278935093
v 0.07576174095320806 0.7153483665228748 -0.6946487408185475
v 0.12563021953428188 0.711726297725369 -0.6911314817499687
v -0.09901513114075353 0.6858828615127918 -0.720944314138203
v -0.04969059001899135 0.6884185008862148 -0.7236095721458784
v 0.0 0.6892699839446963 -0.7245045819267661
v 0.04969059001899132 0.6884185008862148 -0.7236095721458784
v 0.09901513114075353 0.6858828615127918 -0.720944314138203
v -0.07301912621161079 0.6593668460722091 -0.7482670442482955
v -0.024397592025844534 0.6609349141983946 -0.7500465296879263
v 0.02439759202584448 0.6609349141983946 -0.7500465296879263
v 0.07301912621161072 0.6593668460722091 -0.7482670442482955
v -0.04778201765521247 0.6324460337864874 -0.7731292861718135
v 1.593280750791814e-17 0.6331692478888055 -0.7740133742564946
v 0.047782017655212505 0.6324460337864874 -0.7731292861718135
v -0.02341472502349246 0.6053666882690719 -0.7956022394301129
v 0.02341472502349245 0.6053666882690719 -0.7956022394301129
v -2.2899219707991348e-17 0.578348526341947 -0.8157897903737814
v -0.5412671722340479 0.8387073275613337 -0.05999889129545136
v -0.529595046418585 0.8424316894770978 -0.09918636687397939
v -0.5164766408607155 0.8448023126546322 -0.13986040175337827
v -0.5018369420199363 0.84562587919711 -0.1818696127894763
v -0.48562055202995763 0.8447132280641448 -0.22501609226802255
v -0.4677975394606742 0.841887745191107 -0.26905480217155125
v -0.44836896337477555 0.8369947696147485 -0.31369575757377305
v -0.4273714746711395 0.829911371243237 -0.3586094512399049
v -0.40488036038819736 0.8205556368695862 -0.4034356709234709
v -0.3810104566910474 0.8088944705525154 -0.44779545263618464
v -0.3559145298431724 0.7949489268225102 -0.4913054560965643
v -0.32977900028455914 0.7787962812413096 -0.5335936312363778
v -0.3028172214753662 0.7605683934989093 -0.5743147649054718
v -0.27526085748538515 0.7404463784707827 -0.6131644322250868
v -0.2473501601929506 0.7186520801962826 -0.6498900567650481
v -0.21932407261399267 0.6954372421750779 -0.6842981757742265
v -0.19141105648525406 0.6710715046812533 -0.7162575256568252
v -0.16382137582250872 0.6458303996162249 -0.7456980969233914
v -0.13674131096188255 0.6199843700591409 -0.7726067529854991
v -0.1103294907914094 0.5937895694778969 -0.7970202949994198
v -0.08471527097222839 0.5674808673438284 -0.8190169644536053
v -0.059998891295451405 0.5412671722340479 -0.8387073275613336
v -0.5674808673438284 0.8190169644536053 -0.08471527097222835
v -0.555767910463156 0.8218500315602453 -0.12523799472940012
v -0.542506514773985 0.8232393057654598 -0.1672235834760984
v -0.5276163737426862 0.8229907521838611 -0.21049271716251985
v -0.5110399133409491 0.8209183090738942 -0.25481628048406446
v -0.49274881628652023 0.8168531239744198 -0.299915951395494
v -0.47275001322908294 0.8106535879687846 -0.34546806698338706
v -0.45109043460711223 0.8022153699803625 -0.39111113506679507
v -0.42785980430302 0.7914804515295082 -0.4364569654713135
v -0.40319086788360364 0.7784440864022176 -0.4811049037379304
v -0.37725669242599225 0.763158710184018 -0.5246581468823927
v -0.35026502527394543 0.7457341167862214 -0.5667407159635848
v -0.3224500942929473 0.7263336679990133 -0.607013459011881
v -0.2940625897891506 0.7051668247027181 -0.645187525162401
v -0.2653588085845834 0.6824787745306987 -0.6810340850659723
v -0.23659001248998404 0.6585382767106448 -0.7143896024558054
v -0.207992949528117 0.6336249852501046 -0.7451565681206863
v -0.17978224360974693 0.6080174373144506 -0.7733001621648697
v -0.1521450423604731 0.5819826479154548 -0.7988417137396152
v -0.1252379947294001 0.555767910463156 -0.8218500315602453
v -0.09918636687397937 0.529595046418585 -0.8424316894770978
v -0.5937895694778969 0.7970202949994198 -0.1103294907914094
v -0.581982647915455 0.7988417137396153 -0.15214504236047313
v -0.5685192202902353 0.7991326580327285 -0.1953788397604234
v -0.5533149379003311 0.7977019678329571 -0.23982107916482331
v -0.5363118354609216 0.7943708943990336 -0.2852095672943261
v -0.5174854883476929 0.7889830317777987 -0.33123185975425573
v -0.4968513551906801 0.7814147199096138 -0.3775311462035479
v -0.47446948785500853 0.771584971484165 -0.42371610410083077
v -0.45044682073866027 0.7594638151136077 -0.46937445096587566
v -0.4249364322774375 0.7450779516388959 -0.5140893643180238
v -0.3981334993089198 0.7285128280661668 -0.5574574208592709
v -0.37026809244319614 0.709910635852268 -0.5991063585226795
v -0.34159540414250456 0.6894642715258389 -0.638710887771661
v -0.31238436267305286 0.6674078487312476 -0.6760050098995412
v -0.28290578270064953 0.6440048006169802 -0.7107897965621176
v -0.2534211984237677 0.6195348656109626 -0.742936233119551
v -0.2241733330971259 0.5942812689528906 -0.7723833828480952
v -0.1953788397604234 0.5685192202902353 -0.7991326580327285
v -0.16722358347609842 0.5425065147739851 -0.8232393057654598
v -0.13986040175337827 0.5164766408607155 -0.8448023126546323
v -0.6199843700591409 0.7726067529854992 -0.1367413109618825
v -0.6080174373144506 0.7733001621648697 -0.17978224360974693
v -0.5942812689528907 0.7723833828480952 -0.2241733330971259
v -0.5786893258332632 0.7696723314583159 -0.26967233145831576
v -0.5611856439384533 0.7650002748902721 -0.3159829939335215
v -0.5417525227189163 0.7582282134085556 -0.3627591218962797
v -0.5204170326894162 0.7492552987688995 -0.4096127553598278
v -0.49725542262774375 0.7380282124956271 -0.45612651997862746
v -0.4723945989909117 0.7245483387654537 -0.5018695524102225
v -0.4460101175671331 0.7088756736267 -0.5464158255102467
v -0.4183205464300126 0.6911287363733697 -0.5893632073632057
v -0.38957855757237175 0.6714802500893715 -0.6303513474402552
v -0.3600595760984881 0.6501489402462202 -0.6690765704734354
v -0.3300491522802835 0.6273883349445708 -0.7053023707988973
v -0.299830348352321 0.6034738190782668 -0.7388647453316587
v -0.2696723314583159 0.5786893258332633 -0.7696723314583158
v -0.23982107916482331 0.5533149379003311 -0.7977019678329571
v -0.21049271716251988 0.5276163737426862 -0.8229907521838611
v -0.18186961278947636 0.5018369420199363 -0.8456258791971099
v -0.6458303996162249 0.7456980969233914 -0.16382137582250872
v -0.6336249852501046 0.7451565681206862 -0.20799294952811706
v -0.6195348656109626 0.742936233119551 -0.2534211984237677
v -0.6034738190782668 0.7388647453316587 -0.299830348352321
v -0.5853908861125426 0.7327923405689429 -0.3468903228109173
v -0.5652784112969674 0.7246023328473185 -0.3942230040900715
v -0.543178452747853 0.714221113681046 -0.44141292373768903
v -0.5191865629465026 0.7016264968769443 -0.488022101688012
v -0.49345212036564085 0.6868532549804527 -0.5336081062253556
v -0.4661747580246564 0.6699949179302778 -0.5777438056165148
v -0.43759694413069505 0.6512013393196273 -0.6200368780611368
v -0.40799332134560495 0.630672107700836 -0.6601470611201468
v -0.37765788051734234 0.6086464678382144 -0.6977993998788006
v -0.3468903228109172 0.5853908861125425 -0.732792340568943
v -0.3159829939335215 0.5611856439384533 -0.7650002748902721
v -0.2852095672943261 0.5363118354609216 -0.7943708943990336
v -0.2548162804840644 0.5110399133409491 -0.8209183090738942
v -0.22501609226802252 0.48562055202995763 -0.8447132280641448
v -0.6710715046812533 0.7162575256568252 -0.19141105648525406
v -0.6585382767106447 0.7143896024558053 -0.23659001248998401
v -0.6440048006169802 0.7107897965621176 -0.28290578270064953
v -0.6273883349445708 0.7053023707988973 -0.3300491522802835
v -0.6086464678382144 0.6977993998788006 -0.37765788051734234
v -0.5877852522924731 0.6881909602355868 -0.42532540417601994
v -0.5648651820977846 0.6764342296896431 -0.47261406978402154
v -0.5400039794464362 0.662540321195108 -0.5190722733615194
v -0.5133754412304479 0.6465777917977316 -0.5642542117657714
v -0.485204061473601 0.6286721093071898 -0.6077404032222729
v -0.45575573273384673 0.6090008814889437 -0.6491568673486585
v -0.42532540417601994 0.5877852522924731 -0.6881909602355868
v -0.3942230040900715 0.5652784112969674 -0.7246023328473185
v -0.3627591218962797 0.5417525227189163 -0.7582282134085556
v -0.33123185975425573 0.5174854883476929 -0.7889830317777987
v -0.299915951395494 0.49274881628652023 -0.8168531239744197
v -0.26905480217155125 0.46779753946067415 -0.8418877451911071
v -0.6954372421750779 0.6842981757742265 -0.21932407261399262
v -0.6824787745306988 0.6810340850659723 -0.26535880858458344
v -0.6674078487312476 0.6760050098995412 -0.31238436267305286
v -0.6501489402462202 0.6690765704734354 -0.3600595760984881
v -0.630672107700836 0.6601470611201468 -0.40799332134560506
v -0.6090008814889438 0.6491568673486585 -0.4557557327338468
v -0.5852174180968625 0.636096188632186 -0.5028938380649024
v -0.5594639183710177 0.6210099534653024 -0.5489506004532376
v -0.5319396947277361 0.603999047739801 -0.593485729822021
v -0.5028938380649023 0.5852174180968625 -0.6360961886321861
v -0.47261406978402154 0.5648651820977846 -0.6764342296896431
v -0.441412923737689 0.5431784527478529 -0.7142211136810461
v -0.40961275535982783 0.5204170326894162 -0.7492552987688996
v -0.3775311462035477 0.49685135519068 -0.7814147199096139
v -0.345468066983387 0.4727500132290829 -0.8106535879687846
v -0.31369575757377305 0.44836896337477544 -0.8369947696147485
v -0.7186520801962826 0.6498900567650482 -0.24735016019295059
v -0.7051668247027181 0.645187525162401 -0.2940625897891507
v -0.6894642715258388 0.6387108877716612 -0.34159540414250444
v -0.6714802500893715 0.6303513474402553 -0.3895785575723717
v -0.6512013393196273 0.6200368780611368 -0.4375969441306949
v -0.6286721093071898 0.607740403222273 -0.485204061473601
v -0.6039990477398008 0.5934857298220207 -0.531939694727736
v -0.5773502691896257 0.5773502691896258 -0.5773502691896257
v -0.5489506004532376 0.5594639183710178 -0.6210099534653024
v -0.5190722733615194 0.5400039794464362 -0.662540321195108
v -0.488022101688012 0.5191865629465027 -0.7016264968769443
v -0.4561265199786275 0.4972554226277438 -0.7380282124956271
v -0.4237161041008308 0.47446948785500853 -0.7715849714841649
v -0.391111135066795 0.45109043460711234 -0.8022153699803625
v -0.35860945123990495 0.42737147467113956 -0.829911371243237
v -0.7404463784707827 0.6131644322250868 -0.27526085748538515
v -0.7263336679990133 0.607013459011881 -0.3224500942929473
v -0.709910635852268 0.5991063585226795 -0.37026809244319614
v -0.6911287363733696 0.5893632073632057 -0.4183205464300126
v -0.6699949179302779 0.5777438056165148 -0.4661747580246564
v -0.6465777917977316 0.5642542117657714 -0.5133754412304479
v -0.6210099534653024 0.5489506004532376 -0.5594639183710177
v -0.5934857298220207 0.531939694727736 -0.6039990477398008
v -0.5642542117657714 0.5133754412304479 -0.6465777917977316
v -0.5336081062253556 0.49345212036564085 -0.6868532549804527
v -0.5018695524102226 0.47239459899091174 -0.7245483387654537
v -0.46937445096587566 0.45044682073866027 -0.7594638151136077
v -0.4364569654713135 0.42785980430302006 -0.7914804515295082
v -0.4034356709234709 0.4048803603881973 -0.8205556368695862
v -0.7605683934989093 0.5743147649054718 -0.3028172214753662
v -0.7457341167862214 0.5667407159635847 -0.35026502527394554
v -0.7285128280661668 0.5574574208592709 -0.3981334993089198
v -0.7088756736267 0.5464158255102467 -0.44601011756713316
v -0.6868532549804527 0.5336081062253555 -0.4934521203656409
v -0.6625403211951081 0.5190722733615194 -0.5400039794464363
v -0.6360961886321861 0.5028938380649023 -0.5852174180968626
v -0.6077404032222729 0.485204061473601 -0.6286721093071898
v -0.5777438056165148 0.46617475802465635 -0.6699949179302779
v -0.5464158255102467 0.44601011756713305 -0.7088756736267
v -0.5140893643180238 0.4249364322774375 -0.7450779516388959
v -0.4811049037379303 0.40319086788360364 -0.7784440864022177
v -0.44779545263618464 0.3810104566910472 -0.8088944705525153
v -0.7787962812413095 0.533593631236378 -0.32977900028455903
v -0.763158710184018 0.5246581468823927 -0.3772566924259922
v -0.7450779516388959 0.5140893643180239 -0.4249364322774375
v -0.7245483387654537 0.5018695524102227 -0.4723945989909117
v -0.7016264968769444 0.4880221016880122 -0.5191865629465026
v -0.676434229689643 0.47261406978402154 -0.5648651820977845
v -0.6491568673486585 0.45575573273384673 -0.6090008814889437
v -0.6200368780611367 0.43759694413069505 -0.6512013393196273
v -0.5893632073632057 0.41832054643001265 -0.6911287363733696
v -0.5574574208592709 0.3981334993089197 -0.7285128280661667
v -0.5246581468823927 0.37725669242599236 -0.7631587101840179
v -0.4913054560965642 0.3559145298431724 -0.79494892682251
v -0.7949489268225102 0.4913054560965643 -0.3559145298431724
v -0.7784440864022176 0.48110490373793036 -0.4031908678836037
v -0.7594638151136077 0.46937445096587566 -0.45044682073866027
v -0.7380282124956273 0.4561265199786275 -0.49725542262774375
v -0.714221113681046 0.441412923737689 -0.543178452747853
v -0.6881909602355868 0.42532540417601994 -0.5877852522924731
v -0.6601470611201469 0.407993321345605 -0.6306721077008361
v -0.6303513474402552 0.38957855757237175 -0.6714802500893715
v -0.5991063585226795 0.37026809244319614 -0.709910635852268
v -0.5667407159635848 0.3502650252739455 -0.7457341167862215
v -0.533593631236378 0.32977900028455914 -0.7787962812413096
v -0.8088944705525153 0.44779545263618464 -0.38101045669104733
v -0.7914804515295082 0.4364569654713135 -0.42785980430301995
v -0.771584971484165 0.4237161041008309 -0.47446948785500853
v -0.7492552987688996 0.40961275535982783 -0.5204170326894162
v -0.7246023328473185 0.39422300409007144 -0.5652784112969673
v -0.6977993998788006 0.37765788051734234 -0.6086464678382144
v -0.6690765704734354 0.3600595760984881 -0.6501489402462202
v -0.6387108877716612 0.3415954041425046 -0.6894642715258388
v -0.607013459011881 0.3224500942929473 -0.7263336679990133
v -0.574314764905472 0.3028172214753662 -0.7605683934989091
v -0.8205556368695862 0.4034356709234708 -0.40488036038819736
v -0.8022153699803625 0.391111135066795 -0.4510904346071123
v -0.7814147199096139 0.37753114620354783 -0.4968513551906801
v -0.7582282134085556 0.3627591218962797 -0.5417525227189163
v -0.7327923405689429 0.34689032281091725 -0.5853908861125428
v -0.7053023707988973 0.3300491522802835 -0.6273883349445708
v -0.676005009899541 0.3123843626730528 -0.6674078487312477
v -0.645187525162401 0.2940625897891506 -0.7051668247027182
v -0.6131644322250868 0.2752608574853851 -0.7404463784707827
v -0.8299113712432369 0.35860945123990484 -0.42737147467113945
v -0.8106535879687846 0.34546806698338706 -0.47275001322908294
v -0.7889830317777987 0.33123185975425573 -0.5174854883476929
v -0.7650002748902721 0.3159829939335215 -0.5611856439384533
v -0.7388647453316588 0.29983034835232103 -0.6034738190782669
v -0.7107897965621175 0.28290578270064953 -0.6440048006169802
v -0.6810340850659723 0.2653588085845834 -0.6824787745306987
v -0.6498900567650481 0.2473501601929506 -0.7186520801962826
v -0.8369947696147484 0.3136957575737731 -0.4483689633747755
v -0.8168531239744198 0.2999159513954941 -0.49274881628652023
v -0.7943708943990336 0.2852095672943261 -0.5363118354609216
v -0.7696723314583158 0.2696723314583159 -0.5786893258332632
v -0.742936233119551 0.2534211984237677 -0.6195348656109626
v -0.7143896024558054 0.23659001248998407 -0.6585382767106448
v -0.6842981757742265 0.2193240726139927 -0.695437242175078
v -0.841887745191107 0.2690548021715512 -0.4677975394606742
v -0.8209183090738944 0.2548162804840644 -0.5110399133409491
v -0.7977019678329571 0.2398210791648233 -0.5533149379003311
v -0.7723833828480952 0.2241733330971259 -0.5942812689528907
v -0.7451565681206863 0.207992949528117 -0.6336249852501046
v -0.7162575256568252 0.19141105648525403 -0.6710715046812533
v -0.8447132280641448 0.22501609226802255 -0.48562055202995763
v -0.8229907521838611 0.21049271716251988 -0.5276163737426862
v -0.7991326580327285 0.1953788397604234 -0.5685192202902353
v -0.7733001621648697 0.17978224360974696 -0.6080174373144506
v -0.7456980969233914 0.1638213758225087 -0.6458303996162249
v -0.8456258791971099 0.18186961278947636 -0.5018369420199362
v -0.8232393057654598 0.16722358347609848 -0.542506514773985
v -0.7988417137396152 0.15214504236047313 -0.5819826479154548
v -0.7726067529854992 0.13674131096188258 -0.6199843700591408
v -0.8448023126546322 0.13986040175337824 -0.5164766408607155
v -0.8218500315602453 0.1252379947294001 -0.555767910463156
v -0.7970202949994198 0.11032949079140937 -0.5937895694778969
v -0.8424316894770978 0.0991863668739794 -0.529595046418585
v -0.8190169644536053 0.08471527097222838 -0.5674808673438284
v -0.8387073275613336 0.059998891295451405 -0.5412671722340477
v -0.578348526341947 0.8157897903737815 0.0
v -0.6053666882690718 0.7956022394301128 -0.02341472502349245
v -0.6324460337864876 0.7731292861718136 -0.0477820176552125
v -0.659366846072209 0.7482670442482956 -0.07301912621161075
v -0.6858828615127918 0.720944314138203 -0.09901513114075353
v -0.7117262977253691 0.6911314817499687 -0.12563021953428188
v -0.7366152886417949 0.6588487434674729 -0.15269659384052192
v -0.760263595271303 0.6241727261253067 -0.18002131447818884
v -0.7823921307311058 0.5872405316445244 -0.20739120464449953
v -0.8027414975886715 0.5482503531669116 -0.23457970564704336
v -0.8210844563811234 0.5074581016777647 -0.2613552955861322
v -0.8372371019623238 0.46516992653795103 -0.2874908251447454
v -0.8510675746422778 0.42173104089762437 -0.3127729408627245
v -0.8625013891299094 0.37751177034290845 -0.33701070754731177
v -0.8715228863182574 0.3328921206001637 -0.36004262895637784
v -0.8781728160814655 0.28824632526701943 -0.3817414846013048
v -0.8825425382352229 0.24392875826469487 -0.402016702509702
v -0.8847656899607117 0.2002623094828342 -0.4208143073482024
v -0.8850083552101781 0.1575299040522728 -0.43811475726966453
v -0.883458776963223 0.11596939292577203 -0.45392916772451863
v -0.8803175104023412 0.07577164185048697 -0.4682945004698491
v -0.8757886816692327 0.03708135410789922 -0.48126828093859647
v -0.6053666882690718 0.7956022394301128 0.02341472502349245
v -0.6331692478888055 0.7740133742564946 0.0
v -0.6609349141983945 0.7500465296879264 -0.024397592025844506
v -0.6884185008862148 0.7236095721458784 -0.04969059001899133
v -0.7153483665228749 0.6946487408185475 -0.07576174095320803
v -0.7414330069227071 0.6631578416964982 -0.10246352151861453
v -0.7663702790513451 0.6291862839048474 -0.12961950290281224
v -0.7898589547345868 0.5928449102230803 -0.1570278448179616
v -0.8116119147692972 0.5543086040068447 -0.1844669925176272
v -0.8313699290118758 0.5138148733539264 -0.21170337043863285
v -0.848914714130246 0.4716580217042537 -0.2385005633016254
v -0.864079898627872 0.4281790611282721 -0.2646292130482911
v -0.8767586982997919 0.3837521104662771 -0.2898767025276998
v -0.8869075000122311 0.3387685201274744 -0.3140556896359231
v -0.8945450924894309 0.2936202658222621 -0.3370107075473117
v -0.8997478541864821 0.24868419063618677 -0.3586223253151507
v -0.9026416903466646 0.20430845318192573 -0.37880870476604017
v -0.9033918157556253 0.1608021271435285 -0.3975247201519307
v -0.9021915720483994 0.11842839942440941 -0.41475906443935645
v -0.8992513689858948 0.0774013374256494 -0.4305299157337559
v -0.8947886063040922 0.03788582092524343 -0.44487977544635654
v -0.6324460337864877 0.7731292861718135 0.04778201765521249
v -0.6609349141983946 0.7500465296879263 0.024397592025844503
v -0.6892699839446963 0.7245045819267661 0.0
v -0.7171802621105687 0.6964276278935093 -0.025318584984861944
v -0.7443694108360239 0.6657842412003272 -0.05143466127948254
v -0.7705241128862675 0.6325965613464364 -0.07819323521568113
v -0.7953252188866734 0.5969477273919866 -0.1054097100100727
v -0.818461141728337 0.5589864375441587 -0.13287408371250395
v -0.8396425434090717 0.5189276302272153 -0.1603574565909282
v -0.8586169976899078 0.4770486219537173 -0.1876205307796251
v -0.875182121262637 0.4336805654124702 -0.2144234637481429
v -0.8891957226704116 0.3891957226704115 -0.2405361848863923
v -0.9005818416866632 0.34399165387332853 -0.26574816742500795
v -0.9093320900650396 0.29847386369599327 -0.28987670252769987
v -0.915502344047086 0.25303862453857456 -0.3127729408627245
v -0.919205439624095 0.20805757537510228 -0.33432529831663643
v -0.9206009609906354 0.16386532421023747 -0.3544601897880673
v -0.9198834216871895 0.12075076365446102 -0.37314038052981185
v -0.9172701131640247 0.07895226628293965 -0.390361472413512
v -0.9129896879251919 0.03865646430859065 -0.4061471500693062
v -0.659366846072209 0.7482670442482956 0.07301912621161075
v -0.6884185008862148 0.7236095721458784 0.04969059001899133
v -0.7171802621105687 0.6964276278935093 0.025318584984861944
v -0.7453559924999298 0.6666666666666667 0.0
v -0.7726265196375218 0.6343226270972059 -0.02613552955861323
v -0.7986599593958795 0.599450685579581 -0.052925842609658214
v -0.8231248169886252 0.5621715994128167 -0.08017872829546412
v -0.8457050775509992 0.5226744823848832 -0.107676865055372
v -0.866116046279336 0.4812151022414075 -0.13518513140224794
v -0.8841193776664111 0.438109260099278 -0.16245984811645314
v -0.8995356486714199 0.3937214472884243 -0.18925918396314706
v -0.912253039957255 0.3484496549232555 -0.21535373011074402
v -0.9222311755113046 0.302707784299209 -0.24053618488639228
v -0.9294998378598645 0.25690743667696325 -0.26462921304829107
v -0.9341529754495269 0.21144087569906866 -0.28749082514474544
v -0.9363389981249826 0.16666666666666674 -0.3090169943749474
v -0.9362487070583327 0.12289899315767812 -0.32914160480320537
v -0.9341022893083982 0.08040106357176428 -0.3478341301329393
v -0.9301366570377718 0.039382476013068254 -0.36509563105805376
v -0.6858828615127918 0.720944314138203 0.09901513114075353
v -0.7153483665228749 0.6946487408185475 0.07576174095320803
v -0.7443694108360239 0.6657842412003272 0.05143466127948254
v -0.7726265196375218 0.6343226270972059 0.02613552955861323
v -0.7997808959781125 0.6002920276235956 0.0
v -0.8254867505444495 0.5637847350362112 -0.026802932968517858
v -0.8494062450832941 0.5249619297178989 -0.054074052560899186
v -0.8712259666081686 0.4840541800347907 -0.08158961881580765
v -0.8906734148860742 0.4413569939115925 -0.10910944936393784
v -0.9075317519362489 0.3972212945204332 -0.1363868117049223
v -0.9216511241654857 0.352039403661666 -0.1631792376316153
v -0.932955251063504 0.30622779233544106 -0.1892591839631471
v -0.9414426155535537 0.2602083392474822 -0.21442346374814292
v -0.9471823504345128 0.21439000986556975 -0.23850056330162536
v -0.9503056210307275 0.16915270055925488 -0.2613552955861322
v -0.9509938084946534 0.12483454522506136 -0.28289063703715395
v -0.9494650213026119 0.08172338127277023 -0.30304696381283214
v -0.9459604064062255 0.040052461896566804 -0.3217991762074489
v -0.711726297725369 0.6911314817499687 0.12563021953428188
v -0.7414330069227071 0.6631578416964982 0.10246352151861453
v -0.7705241128862675 0.6325965613464364 0.07819323521568113
v -0.7986599593958796 0.599450685579581 0.052925842609658214
v -0.8254867505444495 0.5637847350362112 0.026802932968517858
v -0.8506508083520399 0.5257311121191336 0.0
v -0.8738150778358993 0.4854926933027518 -0.02727736234098447
v -0.8946764988894502 0.4433406493037675 -0.05479991797283513
v -0.912982492932299 0.3996070517018511 -0.08232358003196016
v -0.9285447107773686 0.35467251944301403 -0.10959983594567031
v -0.9412484260365986 0.3089498957381148 -0.13638681170492228
v -0.9510565162951535 0.2628655560595668 -0.16245984811645314
v -0.9580077391262827 0.21684028270623512 -0.187620530779625
v -0.9622098074758607 0.1712716244513088 -0.21170337043863285
v -0.9638284211006921 0.12651931226928728 -0.2345797056470434
v -0.963073793091992 0.08289473021206228 -0.2561588037965362
v -0.9601862839215201 0.040654793044115775 -0.2763864829754201
v -0.7366152886417949 0.6588487434674729 0.15269659384052192
v -0.7663702790513451 0.6291862839048473 0.12961950290281224
v -0.7953252188866734 0.5969477273919866 0.1054097100100727
v -0.8231248169886253 0.5621715994128166 0.08017872829546412
v -0.8494062450832941 0.5249619297178989 0.054074052560899186
v -0.8738150778358993 0.48549269330275174 0.02727736234098447
v -0.8960229027538579 0.44400783522427895 0.0
v -0.9157449533212836 0.400816164319049 -0.027524223643281658
v -0.932755859046785 0.35628103495026575 -0.05504844728656336
v -0.9469016732891814 0.31080548465699526 -0.08232358003196018
v -0.9581067630867733 0.26481419634695547 -0.10910944936393781
v -0.9663748534555879 0.21873413738245784 -0.13518513140224794
v -0.9717843547726445 0.1729758767424051 -0.1603574565909282
v -0.9744788735955344 0.1279173701554256 -0.1844669925176272
v -0.9746543508882344 0.08389150452064625 -0.20739120464449953
v -0.9725445010412459 0.04117804646671702 -0.22904489076078285
v -0.760263595271303 0.6241727261253068 0.18002131447818884
v -0.7898589547345867 0.5928449102230804 0.15702784481796156
v -0.818461141728337 0.5589864375441587 0.13287408371250395
v -0.8457050775509992 0.5226744823848833 0.107676865055372
v -0.8712259666081686 0.4840541800347908 0.08158961881580765
v -0.8946764988894502 0.44334064930376754 0.05479991797283513
v -0.9157449533212834 0.40081616431904904 0.027524223643281654
v -0.9341723589627157 0.35682208977308993 0.0
v -0.9497667647722865 0.31174590558148263 -0.027524223643281692
v -0.9624129226652869 0.2660043895822606 -0.05479991797283516
v -0.9720762817228026 0.22002462728854127 -0.08158961881580763
v -0.9788010023635108 0.17422482746162782 -0.10767686505537201
v -0.9827025416449895 0.12899687020249828 -0.13287408371250398
v -0.9839560452898753 0.08469213003186865 -0.1570278448179616
v -0.9827821773652117 0.041611515075020526 -0.1800213144781889
v -0.7823921307311058 0.5872405316445243 0.2073912046444995
v -0.8116119147692972 0.5543086040068447 0.1844669925176272
v -0.8396425434090717 0.5189276302272153 0.1603574565909282
v -0.866116046279336 0.4812151022414075 0.13518513140224794
v -0.8906734148860742 0.44135699391159255 0.10910944936393785
v -0.912982492932299 0.3996070517018511 0.08232358003196016
v -0.932755859046785 0.35628103495026575 0.05504844728656334
v -0.9497667647722865 0.3117459055814826 0.027524223643281692
v -0.9638612634676226 0.26640470113456743 0.0
v -0.9749651001369483 0.22067849695579628 -0.027277362340984476
v -0.9830846546516299 0.17498730990596634 -0.05407405256089916
v -0.988302081193091 0.12973190755680383 -0.0801787282954641
v -0.9907655694781581 0.08527824677028384 -0.10540971001007264
v -0.9906762025679953 0.04194575226032313 -0.12961950290281224
v -0.8027414975886716 0.5482503531669115 0.2345797056470434
v -0.8313699290118758 0.5138148733539264 0.21170337043863285
v -0.8586169976899078 0.4770486219537172 0.1876205307796251
v -0.8841193776664111 0.4381092600992779 0.16245984811645314
v -0.9075317519362489 0.39722129452043314 0.1363868117049223
v -0.9285447107773686 0.354672519443014 0.10959983594567031
v -0.9469016732891814 0.3108054846569952 0.08232358003196016
v -0.9624129226652869 0.2660043895822604 0.05479991797283516
v -0.9749651001369483 0.22067849695579622 0.027277362340984476
v -0.9845250856095248 0.17524370403971112 0.0
v -0.991137986271741 0.130104169623741 -0.02680293296851784
v -0.9949197770918567 0.08563581222565435 -0.0529258426096582
v -0.9960458058030961 0.042173104089762395 -0.0781932352156811
v -0.8210844563811233 0.5074581016777648 0.26135529558613213
v -0.848914714130246 0.4716580217042537 0.23850056330162536
v -0.875182121262637 0.43368056541247024 0.2144234637481429
v -0.8995356486714199 0.39372144728842434 0.18925918396314706
v -0.9216511241654857 0.3520394036616661 0.1631792376316153
v -0.9412484260365984 0.3089498957381148 0.13638681170492226
v -0.9581067630867733 0.2648141963469556 0.10910944936393781
v -0.9720762817228026 0.22002462728854127 0.08158961881580763
v -0.9830846546516299 0.17498730990596637 0.05407405256089916
v -0.991137986271741 0.1301041696237411 0.02680293296851784
v -0.9963161685866463 0.08575600394622802 0.0
v -0.9987635577743289 0.0422881751398138 -0.026135529558613226
v -0.8372371019623239 0.4651699265379511 0.28749082514474544
v -0.864079898627872 0.4281790611282721 0.26462921304829107
v -0.8891957226704116 0.3891957226704115 0.2405361848863923
v -0.912253039957255 0.3484496549232555 0.21535373011074402
v -0.932955251063504 0.306227792335441 0.18925918396314706
v -0.9510565162951535 0.2628655560595668 0.16245984811645314
v -0.9663748534555879 0.21873413738245787 0.13518513140224794
v -0.9788010023635108 0.17422482746162776 0.10767686505537201
v -0.988302081193091 0.12973190755680383 0.0801787282954641
v -0.9949197770918567 0.0856358122256544 0.0529258426096582
v -0.9987635577743289 0.04228817513981374 0.026135529558613226
v -0.8510675746422777 0.4217310408976243 0.3127729408627245
v -0.876758698299792 0.38375211046627716 0.2898767025276998
v -0.9005818416866632 0.34399165387332853 0.26574816742500795
v -0.9222311755113046 0.302707784299209 0.24053618488639228
v -0.9414426155535536 0.2602083392474821 0.21442346374814286
v -0.9580077391262827 0.21684028270623512 0.187620530779625
v -0.9717843547726445 0.17297587674240517 0.16035745659092818
v -0.9827025416449895 0.12899687020249823 0.13287408371250398
v -0.9907655694781581 0.08527824677028384 0.10540971001007264
v -0.9960458058030961 0.04217310408976244 0.07819323521568108
v -0.8625013891299094 0.3775117703429084 0.33701070754731177
v -0.8869075000122311 0.33876852012747444 0.3140556896359231
v -0.9093320900650396 0.29847386369599327 0.28987670252769987
v -0.9294998378598645 0.2569074366769632 0.26462921304829107
v -0.9471823504345128 0.21439000986556983 0.2385005633016254
v -0.9622098074758607 0.1712716244513088 0.21170337043863285
v -0.9744788735955344 0.12791737015542565 0.1844669925176272
v -0.9839560452898753 0.08469213003186861 0.15702784481796161
v -0.9906762025679953 0.04194575226032313 0.12961950290281224
v -0.8715228863182574 0.33289212060016365 0.36004262895637784
v -0.8945450924894309 0.2936202658222622 0.3370107075473117
v -0.915502344047086 0.25303862453857456 0.3127729408627245
v -0.9341529754495269 0.21144087569906864 0.28749082514474544
v -0.9503056210307275 0.16915270055925494 0.2613552955861322
v -0.9638284211006921 0.12651931226928728 0.2345797056470434
v -0.9746543508882345 0.0838915045206463 0.2073912046444995
v -0.9827821773652117 0.041611515075020464 0.1800213144781889
v -0.8781728160814655 0.28824632526701943 0.3817414846013048
v -0.8997478541864821 0.24868419063618682 0.3586223253151507
v -0.919205439624095 0.2080575753751023 0.3343252983166365
v -0.9363389981249826 0.1666666666666667 0.3090169943749474
v -0.9509938084946534 0.1248345452250614 0.28289063703715395
v -0.963073793091992 0.08289473021206228 0.2561588037965362
v -0.9725445010412459 0.04117804646671707 0.22904489076078283
v -0.8825425382352229 0.24392875826469482 0.402016702509702
v -0.9026416903466646 0.20430845318192573 0.3788087047660401
v -0.9206009609906354 0.16386532421023747 0.3544601897880673
v -0.9362487070583327 0.12289899315767809 0.32914160480320537
v -0.9494650213026119 0.08172338127277025 0.30304696381283214
v -0.9601862839215201 0.040654793044115775 0.2763864829754201
v -0.8847656899607117 0.20026230948283416 0.42081430734820247
v -0.9033918157556254 0.16080212714352857 0.3975247201519307
v -0.9198834216871895 0.12075076365446102 0.37314038052981185
v -0.9341022893083982 0.08040106357176427 0.3478341301329393
v -0.9459604064062255 0.04005246189656682 0.32179917620744886
v -0.8850083552101781 0.15752990405227277 0.43811475726966453
v -0.9021915720483994 0.11842839942440946 0.41475906443935645
v -0.9172701131640247 0.07895226628293965 0.390361472413512
v -0.9301366570377718 0.03938247601306822 0.36509563105805376
v -0.883458776963223 0.115969392925772 0.45392916772451863
v -0.8992513689858948 0.07740133742564942 0.4305299157337558
v -0.9129896879251919 0.03865646430859065 0.40614715006930613
v -0.8803175104023412 0.07577164185048696 0.4682945004698491
v -0.8947886063040922 0.03788582092524347 0.44487977544635654
v -0.8757886816692327 0.03708135410789919 0.48126828093859647
v 0.5412671722340479 0.8387073275613337 0.05999889129545136
v 0.529595046418585 0.8424316894770978 0.09918636687397939
v 0.5164766408607155 0.8448023126546322 0.13986040175337827
v 0.5018369420199363 0.84562587919711 0.1818696127894763
v 0.48562055202995763 0.8447132280641448 0.22501609226802255
v 0.4677975394606742 0.841887745191107 0.26905480217155125
v 0.44836896337477555 0.8369947696147485 0.31369575757377305
v 0.4273714746711395 0.829911371243237 0.3586094512399049
v 0.40488036038819736 0.8205556368695862 0.4034356709234709
v 0.3810104566910474 0.8088944705525154 0.44779545263618464
v 0.3559145298431724 0.7949489268225102 0.4913054560965643
v 0.32977900028455914 0.7787962812413096 0.5335936312363778
v 0.3028172214753662 0.7605683934989093 0.5743147649054718
v 0.27526085748538515 0.7404463784707827 0.6131644322250868
v 0.2473501601929506 0.7186520801962826 0.6498900567650481
v 0.21932407261399267 0.6954372421750779 0.6842981757742265
v 0.19141105648525406 0.6710715046812533 0.7162575256568252
v 0.16382137582250872 0.6458303996162249 0.7456980969233914
v 0.13674131096188255 0.6199843700591409 0.7726067529854991
v 0.1103294907914094 0.5937895694778969 0.7970202949994198
v 0.08471527097222839 0.5674808673438284 0.8190169644536053
v 0.059998891295451405 0.5412671722340479 0.8387073275613336
v 0.5674808673438284 0.8190169644536053 0.08471527097222835
v 0.555767910463156 0.8218500315602453 0.12523799472940012
v 0.542506514773985 0.8232393057654598 0.1672235834760984
v 0.5276163737426862 0.8229907521838611 0.21049271716251985
v 0.5110399133409491 0.8209183090738942 0.25481628048406446
v 0.49274881628652023 0.8168531239744198 0.299915951395494
v 0.47275001322908294 0.8106535879687846 0.34546806698338706
v 0.45109043460711223 0.8022153699803625 0.39111113506679507
v 0.42785980430302 0.7914804515295082 0.4364569654713135
v 0.40319086788360364 0.7784440864022176 0.4811049037379304
v 0.37725669242599225 0.763158710184018 0.5246581468823927
v 0.35026502527394543 0.7457341167862214 0.5667407159635848
v 0.3224500942929473 0.7263336679990133 0.607013459011881
v 0.2940625897891506 0.7051668247027181 0.645187525162401
v 0.2653588085845834 0.6824787745306987 0.6810340850659723
v 0.23659001248998404 0.6585382767106448 0.7143896024558054
v 0.207992949528117 0.6336249852501046 0.7451565681206863
v 0.17978224360974693 0.6080174373144506 0.7733001621648697
v 0.1521450423604731 0.5819826479154548 0.7988417137396152
v 0.1252379947294001 0.555767910463156 0.8218500315602453
v 0.09918636687397937 0.529595046418585 0.8424316894770978
v 0.5937895694778969 0.7970202949994198 0.1103294907914094
v 0.581982647915455 0.7988417137396153 0.15214504236047313
v 0.5685192202902353 0.7991326580327285 0.1953788397604234
v 0.5533149379003311 0.7977019678329571 0.23982107916482331
v 0.5363118354609216 0.7943708943990336 0.2852095672943261
v 0.5174854883476929 0.7889830317777987 0.33123185975425573
v 0.4968513551906801 0.7814147199096138 0.3775311462035479
v 0.47446948785500853 0.771584971484165 0.42371610410083077
v 0.45044682073866027 0.7594638151136077 0.46937445096587566
v 0.4249364322774375 0.7450779516388959 0.5140893643180238
v 0.3981334993089198 0.7285128280661668 0.5574574208592709
v 0.37026809244319614 0.709910635852268 0.5991063585226795
v 0.34159540414250456 0.6894642715258389 0.638710887771661
v 0.31238436267305286 0.6674078487312476 0.6760050098995412
v 0.28290578270064953 0.6440048006169802 0.7107897965621176
v 0.2534211984237677 0.6195348656109626 0.742936233119551
v 0.2241733330971259 0.5942812689528906 0.7723833828480952
v 0.1953788397604234 0.5685192202902353 0.7991326580327285
v 0.16722358347609842 0.5425065147739851 0.8232393057654598
v 0.13986040175337827 0.5164766408607155 0.8448023126546323
v 0.6199843700591409 0.7726067529854992 0.1367413109618825
v 0.6080174373144506 0.7733001621648697 0.17978224360974693
v 0.5942812689528907 0.7723833828480952 0.2241733330971259
v 0.5786893258332632 0.7696723314583159 0.26967233145831576
v 0.5611856439384533 0.7650002748902721 0.3159829939335215
v 0.5417525227189163 0.7582282134085556 0.3627591218962797
v 0.5204170326894162 0.7492552987688995 0.4096127553598278
v 0.49725542262774375 0.7380282124956271 0.45612651997862746
v 0.4723945989909117 0.7245483387654537 0.5018695524102225
v 0.4460101175671331 0.7088756736267 0.5464158255102467
v 0.4183205464300126 0.6911287363733697 0.5893632073632057
v 0.38957855757237175 0.6714802500893715 0.6303513474402552
v 0.3600595760984881 0.6501489402462202 0.6690765704734354
v 0.3300491522802835 0.6273883349445708 0.7053023707988973
v 0.299830348352321 0.6034738190782668 0.7388647453316587
v 0.2696723314583159 0.5786893258332633 0.7696723314583158
v 0.23982107916482331 0.5533149379003311 0.7977019678329571
v 0.21049271716251988 0.5276163737426862 0.8229907521838611
v 0.18186961278947636 0.5018369420199363 0.8456258791971099
v 0.6458303996162249 0.7456980969233914 0.16382137582250872
v 0.6336249852501046 0.7451565681206862 0.20799294952811706
v 0.6195348656109626 0.742936233119551 0.2534211984237677
v 0.6034738190782668 0.7388647453316587 0.299830348352321
v 0.5853908861125426 0.7327923405689429 0.3468903228109173
v 0.5652784112969674 0.7246023328473185 0.3942230040900715
v 0.543178452747853 0.714221113681046 0.44141292373768903
v 0.5191865629465026 0.7016264968769443 0.488022101688012
v 0.49345212036564085 0.6868532549804527 0.5336081062253556
v 0.4661747580246564 0.6699949179302778 0.5777438056165148
v 0.43759694413069505 0.6512013393196273 0.6200368780611368
v 0.40799332134560495 0.630672107700836 0.6601470611201468
v 0.37765788051734234 0.6086464678382144 0.6977993998788006
v 0.3468903228109172 0.5853908861125425 0.732792340568943
v 0.3159829939335215 0.5611856439384533 0.7650002748902721
v 0.2852095672943261 0.5363118354609216 0.7943708943990336
v 0.2548162804840644 0.5110399133409491 0.8209183090738942
v 0.22501609226802252 0.48562055202995763 0.8447132280641448
v 0.6710715046812533 0.7162575256568252 0.19141105648525406
v 0.6585382767106447 0.7143896024558053 0.23659001248998401
v 0.6440048006169802 0.7107897965621176 0.28290578270064953
v 0.6273883349445708 0.7053023707988973 0.3300491522802835
v 0.6086464678382144 0.6977993998788006 0.37765788051734234
v 0.5877852522924731 0.6881909602355868 0.42532540417601994
v 0.5648651820977846 0.6764342296896431 0.47261406978402154
v 0.5400039794464362 0.662540321195108 0.5190722733615194
v 0.5133754412304479 0.6465777917977316 0.5642542117657714
v 0.485204061473601 0.6286721093071898 0.6077404032222729
v 0.45575573273384673 0.6090008814889437 0.6491568673486585
v 0.42532540417601994 0.5877852522924731 0.6881909602355868
v 0.3942230040900715 0.5652784112969674 0.7246023328473185
v 0.3627591218962797 0.5417525227189163 0.7582282134085556
v 0.33123185975425573 0.5174854883476929 0.7889830317777987
v 0.299915951395494 0.49274881628652023 0.8168531239744197
v 0.26905480217155125 0.46779753946067415 0.8418877451911071
v 0.6954372421750779 0.6842981757742265 0.21932407261399262
v 0.6824787745306988 0.6810340850659723 0.26535880858458344
v 0.6674078487312476 0.6760050098995412 0.31238436267305286
v 0.6501489402462202 0.6690765704734354 0.3600595760984881
v 0.630672107700836 0.6601470611201468 0.40799332134560506
v 0.6090008814889438 0.6491568673486585 0.4557557327338468
v 0.5852174180968625 0.636096188632186 0.5028938380649024
v 0.5594639183710177 0.6210099534653024 0.5489506004532376
v 0.5319396947277361 0.603999047739801 0.593485729822021
v 0.5028938380649023 0.5852174180968625 0.6360961886321861
v 0.47261406978402154 0.5648651820977846 0.6764342296896431
v 0.441412923737689 0.5431784527478529 0.7142211136810461
v 0.40961275535982783 0.5204170326894162 0.7492552987688996
v 0.3775311462035477 0.49685135519068 0.7814147199096139
v 0.345468066983387 0.4727500132290829 0.8106535879687846
v 0.31369575757377305 0.44836896337477544 0.8369947696147485
v 0.7186520801962826 0.6498900567650482 0.24735016019295059
v 0.7051668247027181 0.645187525162401 0.2940625897891507
v 0.6894642715258388 0.6387108877716612 0.34159540414250444
v 0.6714802500893715 0.6303513474402553 0.3895785575723717
v 0.6512013393196273 0.6200368780611368 0.4375969441306949
v 0.6286721093071898 0.607740403222273 0.485204061473601
v 0.6039990477398008 0.5934857298220207 0.531939694727736
v 0.5773502691896257 0.5773502691896258 0.5773502691896257
v 0.5489506004532376 0.5594639183710178 0.6210099534653024
v 0.5190722733615194 0.5400039794464362 0.662540321195108
v 0.488022101688012 0.5191865629465027 0.7016264968769443
v 0.4561265199786275 0.4972554226277438 0.7380282124956271
v 0.4237161041008308 0.47446948785500853 0.7715849714841649
v 0.391111135066795 0.45109043460711234 0.8022153699803625
v 0.35860945123990495 0.42737147467113956 0.829911371243237
v 0.7404463784707827 0.6131644322250868 0.27526085748538515
v 0.7263336679990133 0.607013459011881 0.3224500942929473
v 0.709910635852268 0.5991063585226795 0.37026809244319614
v 0.6911287363733696 0.5893632073632057 0.4183205464300126
v 0.6699949179302779 0.5777438056165148 0.4661747580246564
v 0.6465777917977316 0.5642542117657714 0.5133754412304479
v 0.6210099534653024 0.5489506004532376 0.5594639183710177
v 0.5934857298220207 0.531939694727736 0.6039990477398008
v 0.5642542117657714 0.5133754412304479 0.6465777917977316
v 0.5336081062253556 0.49345212036564085 0.6868532549804527
v 0.5018695524102226 0.47239459899091174 0.7245483387654537
v 0.46937445096587566 0.45044682073866027 0.7594638151136077
v 0.4364569654713135 0.42785980430302006 0.7914804515295082
v 0.4034356709234709 0.4048803603881973 0.8205556368695862
v 0.7605683934989093 0.5743147649054718 0.3028172214753662
v 0.7457341167862214 0.5667407159635847 0.35026502527394554
v 0.7285128280661668 0.5574574208592709 0.3981334993089198
v 0.7088756736267 0.5464158255102467 0.44601011756713316
v 0.6868532549804527 0.5336081062253555 0.4934521203656409
v 0.6625403211951081 0.5190722733615194 0.5400039794464363
v 0.6360961886321861 0.5028938380649023 0.5852174180968626
v 0.6077404032222729 0.485204061473601 0.6286721093071898
v 0.5777438056165148 0.46617475802465635 0.6699949179302779
v 0.5464158255102467 0.44601011756713305 0.7088756736267
v 0.5140893643180238 0.4249364322774375 0.7450779516388959
v 0.4811049037379303 0.40319086788360364 0.7784440864022177
v 0.44779545263618464 0.3810104566910472 0.8088944705525153
v 0.7787962812413095 0.533593631236378 0.32977900028455903
v 0.763158710184018 0.5246581468823927 0.3772566924259922
v 0.7450779516388959 0.5140893643180239 0.4249364322774375
v 0.7245483387654537 0.5018695524102227 0.4723945989909117
v 0.7016264968769444 0.4880221016880122 0.5191865629465026
v 0.676434229689643 0.47261406978402154 0.5648651820977845
v 0.6491568673486585 0.45575573273384673 0.6090008814889437
v 0.6200368780611367 0.43759694413069505 0.6512013393196273
v 0.5893632073632057 0.41832054643001265 0.6911287363733696
v 0.5574574208592709 0.3981334993089197 0.7285128280661667
v 0.5246581468823927 0.37725669242599236 0.7631587101840179
v 0.4913054560965642 0.3559145298431724 0.79494892682251
v 0.7949489268225102 0.4913054560965643 0.3559145298431724
v 0.7784440864022176 0.48110490373793036 0.4031908678836037
v 0.7594638151136077 0.46937445096587566 0.45044682073866027
v 0.7380282124956273 0.4561265199786275 0.49725542262774375
v 0.714221113681046 0.441412923737689 0.543178452747853
v 0.6881909602355868 0.42532540417601994 0.5877852522924731
v 0.6601470611201469 0.407993321345605 0.6306721077008361
v 0.6303513474402552 0.38957855757237175 0.6714802500893715
v 0.5991063585226795 0.37026809244319614 0.709910635852268
v 0.5667407159635848 0.3502650252739455 0.7457341167862215
v 0.533593631236378 0.32977900028455914 0.7787962812413096
v 0.8088944705525153 0.44779545263618464 0.38101045669104733
v 0.7914804515295082 0.4364569654713135 0.42785980430301995
v 0.771584971484165 0.4237161041008309 0.47446948785500853
v 0.7492552987688996 0.40961275535982783 0.5204170326894162
v 0.7246023328473185 0.39422300409007144 0.5652784112969673
v 0.6977993998788006 0.37765788051734234 0.6086464678382144
v 0.6690765704734354 0.3600595760984881 0.6501489402462202
v 0.6387108877716612 0.3415954041425046 0.6894642715258388
v 0.607013459011881 0.3224500942929473 0.7263336679990133
v 0.574314764905472 0.3028172214753662 0.7605683934989091
v 0.8205556368695862 0.4034356709234708 0.40488036038819736
v 0.8022153699803625 0.391111135066795 0.4510904346071123
v 0.7814147199096139 0.37753114620354783 0.4968513551906801
v 0.7582282134085556 0.3627591218962797 0.5417525227189163
v 0.7327923405689429 0.34689032281091725 0.5853908861125428
v 0.7053023707988973 0.3300491522802835 0.6273883349445708
v 0.676005009899541 0.3123843626730528 0.6674078487312477
v 0.645187525162401 0.2940625897891506 0.7051668247027182
v 0.6131644322250868 0.2752608574853851 0.7404463784707827
v 0.8299113712432369 0.35860945123990484 0.42737147467113945
v 0.8106535879687846 0.34546806698338706 0.47275001322908294
v 0.7889830317777987 0.33123185975425573 0.5174854883476929
v 0.7650002748902721 0.3159829939335215 0.5611856439384533
v 0.7388647453316588 0.29983034835232103 0.6034738190782669
v 0.7107897965621175 0.28290578270064953 0.6440048006169802
v 0.6810340850659723 0.2653588085845834 0.6824787745306987
v 0.6498900567650481 0.2473501601929506 0.7186520801962826
v 0.8369947696147484 0.3136957575737731 0.4483689633747755
v 0.8168531239744198 0.2999159513954941 0.49274881628652023
v 0.7943708943990336 0.2852095672943261 0.5363118354609216
v 0.7696723314583158 0.2696723314583159 0.5786893258332632
v 0.742936233119551 0.2534211984237677 0.6195348656109626
v 0.7143896024558054 0.23659001248998407 0.6585382767106448
v 0.6842981757742265 0.2193240726139927 0.695437242175078
v 0.841887745191107 0.2690548021715512 0.4677975394606742
v 0.8209183090738944 0.2548162804840644 0.5110399133409491
v 0.7977019678329571 0.2398210791648233 0.5533149379003311
v 0.7723833828480952 0.2241733330971259 0.5942812689528907
v 0.7451565681206863 0.207992949528117 0.6336249852501046
v 0.7162575256568252 0.19141105648525403 0.6710715046812533
v 0.8447132280641448 0.22501609226802255 0.48562055202995763
v 0.8229907521838611 0.21049271716251988 0.5276163737426862
v 0.7991326580327285 0.1953788397604234 0.5685192202902353
v 0.7733001621648697 0.17978224360974696 0.6080174373144506
v 0.7456980969233914 0.1638213758225087 0.6458303996162249
v 0.8456258791971099 0.18186961278947636 0.5018369420199362
v 0.8232393057654598 0.16722358347609848 0.542506514773985
v 0.7988417137396152 0.15214504236047313 0.5819826479154548
v 0.7726067529854992 0.13674131096188258 0.6199843700591408
v 0.8448023126546322 0.13986040175337824 0.5164766408607155
v 0.8218500315602453 0.1252379947294001 0.555767910463156
v 0.7970202949994198 0.11032949079140937 0.5937895694778969
v 0.8424316894770978 0.0991863668739794 0.529595046418585
v 0.8190169644536053 0.08471527097222838 0.5674808673438284
v 0.8387073275613336 0.059998891295451405 0.5412671722340477
v -0.03708135410789915 0.4812682809385965 0.8757886816692328
v -0.07577164185048695 0.4682945004698491 0.8803175104023412
v -0.11596939292577203 0.45392916772451863 0.883458776963223
v -0.1575299040522727 0.43811475726966453 0.8850083552101781
v -0.20026230948283416 0.42081430734820247 0.8847656899607117
v -0.24392875826469487 0.402016702509702 0.8825425382352229
v -0.2882463252670194 0.38174148460130486 0.8781728160814656
v -0.33289212060016365 0.36004262895637784 0.8715228863182574
v -0.37751177034290845 0.33701070754731177 0.8625013891299094
v -0.42173104089762425 0.31277294086272456 0.8510675746422777
v -0.4651699265379511 0.28749082514474544 0.8372371019623239
v -0.5074581016777646 0.2613552955861322 0.8210844563811234
v -0.5482503531669115 0.23457970564704342 0.8027414975886716
v -0.5872405316445244 0.20739120464449953 0.7823921307311058
v -0.6241727261253067 0.1800213144781889 0.760263595271303
v -0.6588487434674729 0.15269659384052198 0.7366152886417949
v -0.6911314817499687 0.12563021953428188 0.7117262977253691
v -0.720944314138203 0.09901513114075354 0.6858828615127918
v -0.7482670442482954 0.0730191262116108 0.659366846072209
v -0.7731292861718135 0.04778201765521249 0.6324460337864874
v -0.7956022394301128 0.023414725023492473 0.6053666882690718
v -0.8157897903737814 4.1981902797984136e-17 0.578348526341947
v -0.037885820925243466 0.44487977544635654 0.8947886063040922
v -0.07740133742564947 0.4305299157337559 0.8992513689858948
v -0.11842839942440941 0.41475906443935645 0.9021915720483994
v -0.16080212714352854 0.39752472015193063 0.9033918157556253
v -0.20430845318192578 0.3788087047660401 0.9026416903466645
v -0.24868419063618677 0.3586223253151507 0.8997478541864821
v -0.2936202658222622 0.3370107075473117 0.8945450924894309
v -0.3387685201274745 0.3140556896359231 0.8869075000122311
v -0.38375211046627716 0.28987670252769987 0.876758698299792
v -0.42817906112827214 0.26462921304829107 0.864079898627872
v -0.4716580217042537 0.2385005633016254 0.848914714130246
v -0.5138148733539265 0.21170337043863283 0.8313699290118758
v -0.5543086040068447 0.1844669925176272 0.8116119147692972
v -0.5928449102230805 0.15702784481796153 0.7898589547345868
v -0.6291862839048474 0.12961950290281218 0.7663702790513451
v -0.6631578416964982 0.10246352151861453 0.7414330069227071
v -0.6946487408185475 0.07576174095320799 0.7153483665228748
v -0.7236095721458784 0.049690590018991315 0.6884185008862148
v -0.7500465296879263 0.024397592025844503 0.6609349141983945
v -0.7740133742564946 -3.9832018769795354e-17 0.6331692478888055
v -0.7956022394301128 -0.02341472502349247 0.6053666882690718
v -0.038656464308590675 0.40614715006930613 0.9129896879251919
v -0.07895226628293962 0.390361472413512 0.9172701131640247
v -0.12075076365446102 0.37314038052981185 0.9198834216871895
v -0.16386532421023747 0.35446018978806726 0.9206009609906352
v -0.20805757537510228 0.3343252983166365 0.919205439624095
v -0.25303862453857456 0.3127729408627245 0.915502344047086
v -0.2984738636959934 0.2898767025276998 0.9093320900650396
v -0.34399165387332836 0.265748167425008 0.9005818416866632
v -0.3891957226704115 0.2405361848863923 0.8891957226704116
v -0.4336805654124702 0.2144234637481429 0.875182121262637
v -0.4770486219537172 0.18762053077962507 0.8586169976899077
v -0.5189276302272153 0.1603574565909282 0.8396425434090717
v -0.5589864375441587 0.132874083712504 0.8184611417283371
v -0.5969477273919866 0.10540971001007264 0.7953252188866733
v -0.6325965613464364 0.07819323521568113 0.7705241128862675
v -0.6657842412003272 0.051434661279482555 0.7443694108360239
v -0.6964276278935093 0.025318584984861926 0.7171802621105687
v -0.7245045819267661 0.0 0.6892699839446963
v -0.7500465296879263 -0.02439759202584448 0.6609349141983946
v -0.7731292861718135 -0.047782017655212505 0.6324460337864874
v -0.03938247601306818 0.3650956310580538 0.9301366570377719
v -0.08040106357176427 0.3478341301329394 0.9341022893083983
v -0.12289899315767812 0.32914160480320537 0.9362487070583327
v -0.16666666666666666 0.30901699437494745 0.9363389981249826
v -0.21144087569906864 0.28749082514474544 0.9341529754495269
v -0.25690743667696325 0.26462921304829107 0.9294998378598645
v -0.30270778429920897 0.24053618488639233 0.9222311755113046
v -0.34844965492325547 0.21535373011074402 0.9122530399572549
v -0.3937214472884241 0.18925918396314712 0.8995356486714199
v -0.438109260099278 0.16245984811645314 0.8841193776664111
v -0.48121510224140734 0.13518513140224797 0.866116046279336
v -0.5226744823848832 0.10767686505537204 0.8457050775509992
v -0.5621715994128166 0.08017872829546416 0.8231248169886253
v -0.599450685579581 0.052925842609658214 0.7986599593958795
v -0.6343226270972059 0.026135529558613247 0.7726265196375218
v -0.6666666666666666 5.1461667323329365e-17 0.7453559924999299
v -0.6964276278935093 -0.025318584984861944 0.7171802621105687
v -0.7236095721458784 -0.04969059001899131 0.6884185008862148
v -0.7482670442482954 -0.0730191262116107 0.659366846072209
v -0.04005246189656683 0.32179917620744886 0.9459604064062255
v -0.08172338127277032 0.30304696381283214 0.9494650213026121
v -0.12483454522506136 0.28289063703715395 0.9509938084946534
v -0.16915270055925488 0.26135529558613213 0.9503056210307274
v -0.21439000986556986 0.23850056330162533 0.9471823504345128
v -0.26020833924748216 0.2144234637481429 0.9414426155535536
v -0.3062277923354411 0.1892591839631471 0.932955251063504
v -0.352039403661666 0.1631792376316153 0.9216511241654857
v -0.3972212945204333 0.13638681170492226 0.9075317519362489
v -0.4413569939115926 0.10910944936393781 0.8906734148860742
v -0.4840541800347907 0.08158961881580765 0.8712259666081686
v -0.5249619297178989 0.05407405256089914 0.849406245083294
v -0.5637847350362112 0.026802932968517858 0.8254867505444495
v -0.6002920276235957 -5.295776335270683e-17 0.7997808959781125
v -0.6343226270972059 -0.026135529558613247 0.7726265196375218
v -0.6657842412003272 -0.05143466127948254 0.7443694108360239
v -0.6946487408185475 -0.07576174095320808 0.7153483665228748
v -0.720944314138203 -0.09901513114075354 0.6858828615127918
v -0.04065479304411581 0.2763864829754201 0.9601862839215201
v -0.08289473021206226 0.2561588037965362 0.963073793091992
v -0.12651931226928728 0.2345797056470434 0.9638284211006921
v -0.17127162445130883 0.21170337043863285 0.9622098074758607
v -0.21684028270623512 0.18762053077962504 0.9580077391262828
v -0.2628655560595668 0.16245984811645314 0.9510565162951535
v -0.30894989573811477 0.13638681170492226 0.9412484260365984
v -0.35467251944301403 0.10959983594567031 0.9285447107773686
v -0.3996070517018511 0.08232358003196016 0.912982492932299
v -0.44334064930376743 0.05479991797283512 0.8946764988894501
v -0.4854926933027518 0.02727736234098447 0.8738150778358993
v -0.5257311121191336 0.0 0.8506508083520399
v -0.5637847350362112 -0.02680293296851784 0.8254867505444495
v -0.599450685579581 -0.052925842609658234 0.7986599593958795
v -0.6325965613464364 -0.07819323521568113 0.7705241128862675
v -0.663157841696498 -0.10246352151861449 0.7414330069227071
v -0.6911314817499689 -0.1256302195342819 0.7117262977253691
v -0.04117804646671705 0.22904489076078283 0.9725445010412459
v -0.08389150452064635 0.2073912046444995 0.9746543508882346
v -0.1279173701554257 0.1844669925176271 0.9744788735955344
v -0.17297587674240514 0.1603574565909282 0.9717843547726445
v -0.21873413738245792 0.13518513140224786 0.9663748534555878
v -0.2648141963469555 0.10910944936393778 0.9581067630867733
v -0.31080548465699537 0.08232358003196011 0.9469016732891814
v -0.3562810349502658 0.055048447286563315 0.932755859046785
v -0.40081616431904904 0.027524223643281623 0.9157449533212836
v -0.44400783522427906 -7.311802721684318e-17 0.8960229027538579
v -0.4854926933027518 -0.027277362340984507 0.8738150778358993
v -0.5249619297178989 -0.05407405256089923 0.849406245083294
v -0.5621715994128167 -0.08017872829546414 0.8231248169886253
v -0.5969477273919866 -0.10540971001007275 0.7953252188866733
v -0.6291862839048474 -0.12961950290281227 0.7663702790513451
v -0.6588487434674729 -0.15269659384052198 0.7366152886417948
v -0.04161151507502044 0.18002131447818892 0.9827821773652117
v -0.08469213003186861 0.1570278448179616 0.9839560452898753
v -0.12899687020249814 0.13287408371250403 0.9827025416449895
v -0.17422482746162773 0.10767686505537209 0.9788010023635108
v -0.22002462728854122 0.08158961881580769 0.9720762817228028
v -0.26600438958226047 0.0547999179728352 0.9624129226652869
v -0.3117459055814826 0.027524223643281727 0.9497667647722865
v -0.35682208977308993 7.345063871007168e-17 0.9341723589627158
v -0.40081616431904904 -0.027524223643281623 0.9157449533212836
v -0.44334064930376743 -0.05479991797283508 0.8946764988894501
v -0.48405418003479067 -0.08158961881580758 0.8712259666081686
v -0.5226744823848832 -0.10767686505537194 0.8457050775509992
v -0.5589864375441587 -0.1328740837125039 0.8184611417283371
v -0.5928449102230804 -0.15702784481796153 0.7898589547345868
v -0.6241727261253068 -0.18002131447818884 0.7602635952713032
v -0.04194575226032316 0.12961950290281224 0.9906762025679953
v -0.0852782467702838 0.10540971001007264 0.9907655694781581
v -0.12973190755680383 0.0801787282954641 0.988302081193091
v -0.17498730990596628 0.054074052560899186 0.9830846546516298
v -0.22067849695579628 0.027277362340984435 0.974965100136948
v -0.26640470113456743 0.0 0.9638612634676226
v -0.3117459055814826 -0.027524223643281692 0.9497667647722865
v -0.35628103495026575 -0.05504844728656334 0.932755859046785
v -0.3996070517018511 -0.08232358003196016 0.912982492932299
v -0.4413569939115926 -0.10910944936393786 0.8906734148860742
v -0.4812151022414074 -0.13518513140224794 0.866116046279336
v -0.5189276302272153 -0.1603574565909282 0.8396425434090717
v -0.5543086040068447 -0.18446699251762716 0.8116119147692972
v -0.5872405316445244 -0.20739120464449956 0.7823921307311058
v -0.04217310408976243 0.0781932352156811 0.9960458058030961
v -0.08563581222565442 0.052925842609658165 0.9949197770918567
v -0.13010416962374105 0.026802932968517802 0.991137986271741
v -0.17524370403971123 -3.6073332791198436e-17 0.9845250856095248
v -0.22067849695579628 -0.027277362340984542 0.974965100136948
v -0.26600438958226047 -0.0547999179728352 0.9624129226652869
v -0.31080548465699537 -0.08232358003196025 0.9469016732891814
v -0.35467251944301403 -0.10959983594567034 0.9285447107773686
v -0.3972212945204333 -0.13638681170492237 0.9075317519362489
v -0.4381092600992781 -0.16245984811645325 0.8841193776664111
v -0.4770486219537172 -0.1876205307796251 0.8586169976899077
v -0.5138148733539265 -0.2117033704386329 0.8313699290118758
v -0.5482503531669115 -0.23457970564704342 0.8027414975886715
v -0.04228817513981372 0.026135529558613296 0.9987635577743289
v -0.08575600394622793 7.061035113694243e-17 0.9963161685866463
v -0.13010416962374105 -0.026802932968517802 0.991137986271741
v -0.17498730990596628 -0.054074052560899075 0.9830846546516298
v -0.22002462728854122 -0.08158961881580762 0.9720762817228028
v -0.2648141963469555 -0.10910944936393778 0.9581067630867733
v -0.30894989573811477 -0.13638681170492223 0.9412484260365984
v -0.3520394036616659 -0.16317923763161524 0.9216511241654857
v -0.39372144728842423 -0.18925918396314706 0.89953564867142
v -0.4336805654124702 -0.21442346374814286 0.875182121262637
v -0.47165802170425364 -0.23850056330162528 0.848914714130246
v -0.5074581016777647 -0.26135529558613213 0.8210844563811234
v -0.04228817513981372 -0.026135529558613226 0.9987635577743289
v -0.0856358122256544 -0.05292584260965819 0.9949197770918567
v -0.12973190755680383 -0.0801787282954641 0.988302081193091
v -0.17422482746162773 -0.10767686505537198 0.9788010023635108
v -0.21873413738245792 -0.13518513140224797 0.9663748534555879
v -0.2628655560595668 -0.16245984811645314 0.9510565162951535
v -0.306227792335441 -0.1892591839631471 0.9329552510635039
v -0.34844965492325547 -0.215353730110744 0.912253039957255
v -0.3891957226704115 -0.2405361848863923 0.8891957226704116
v -0.42817906112827214 -0.2646292130482911 0.864079898627872
v -0.4651699265379511 -0.28749082514474544 0.8372371019623239
v -0.04217310408976243 -0.0781932352156811 0.9960458058030961
v -0.08527824677028378 -0.1054097100100726 0.9907655694781581
v -0.12899687020249817 -0.13287408371250395 0.9827025416449895
v -0.1729758767424051 -0.16035745659092812 0.9717843547726444
v -0.21684028270623512 -0.18762053077962504 0.9580077391262828
v -0.2602083392474821 -0.21442346374814286 0.9414426155535536
v -0.30270778429920897 -0.24053618488639225 0.9222311755113046
v -0.3439916538733284 -0.2657481674250079 0.9005818416866632
v -0.3837521104662771 -0.2898767025276998 0.876758698299792
v -0.42173104089762425 -0.31277294086272445 0.8510675746422777
v -0.04194575226032317 -0.1296195029028123 0.9906762025679953
v -0.08469213003186861 -0.1570278448179616 0.9839560452898753
v -0.1279173701554257 -0.18446699251762722 0.9744788735955344
v -0.17127162445130883 -0.21170337043863285 0.9622098074758607
v -0.21439000986556986 -0.23850056330162547 0.9471823504345128
v -0.25690743667696325 -0.26462921304829107 0.9294998378598645
v -0.2984738636959933 -0.28987670252769987 0.9093320900650395
v -0.3387685201274745 -0.3140556896359232 0.8869075000122311
v -0.37751177034290845 -0.33701070754731177 0.8625013891299094
v -0.04161151507502045 -0.1800213144781889 0.9827821773652117
v -0.08389150452064631 -0.2073912046444995 0.9746543508882345
v -0.12651931226928728 -0.2345797056470434 0.9638284211006921
v -0.16915270055925494 -0.2613552955861322 0.9503056210307275
v -0.21144087569906864 -0.28749082514474544 0.9341529754495269
v -0.25303862453857456 -0.3127729408627245 0.915502344047086
v -0.2936202658222622 -0.33701070754731177 0.8945450924894309
v -0.3328921206001636 -0.3600426289563777 0.8715228863182575
v -0.04117804646671705 -0.22904489076078283 0.9725445010412459
v -0.08289473021206226 -0.2561588037965362 0.963073793091992
v -0.12483454522506136 -0.28289063703715395 0.9509938084946534
v -0.16666666666666666 -0.30901699437494734 0.9363389981249826
v -0.20805757537510228 -0.3343252983166365 0.919205439624095
v -0.24868419063618677 -0.3586223253151507 0.8997478541864821
v -0.2882463252670194 -0.3817414846013048 0.8781728160814655
v -0.04065479304411581 -0.2763864829754201 0.9601862839215201
v -0.0817233812727703 -0.30304696381283214 0.9494650213026119
v -0.12289899315767812 -0.32914160480320537 0.9362487070583327
v -0.16386532421023747 -0.35446018978806726 0.9206009609906352
v -0.20430845318192575 -0.3788087047660402 0.9026416903466645
v -0.24392875826469487 -0.402016702509702 0.8825425382352229
v -0.04005246189656683 -0.32179917620744886 0.9459604064062255
v -0.08040106357176426 -0.34783413013293923 0.9341022893083982
v -0.12075076365446102 -0.37314038052981185 0.9198834216871895
v -0.16080212714352854 -0.39752472015193063 0.9033918157556253
v -0.20026230948283416 -0.42081430734820247 0.8847656899607117
v -0.03938247601306818 -0.36509563105805365 0.9301366570377718
v -0.07895226628293962 -0.39036147241351193 0.9172701131640247
v -0.11842839942440941 -0.41475906443935645 0.9021915720483994
v -0.1575299040522727 -0.4381147572696644 0.885008355210178
v -0.038656464308590675 -0.40614715006930613 0.9129896879251919
v -0.07740133742564946 -0.43052991573375593 0.8992513689858948
v -0.11596939292577203 -0.45392916772451863 0.883458776963223
v -0.037885820925243466 -0.44487977544635654 0.8947886063040922
v -0.07577164185048695 -0.4682945004698491 0.8803175104023412
v -0.03708135410789916 -0.4812682809385964 0.8757886816692328
v -0.8757886816692328 -0.03708135410789915 0.48126828093859647
v -0.8947886063040922 -0.037885820925243466 0.44487977544635654
v -0.9129896879251919 -0.038656464308590675 0.40614715006930613
v -0.9301366570377718 -0.03938247601306818 0.36509563105805376
v -0.9459604064062255 -0.04005246189656683 0.32179917620744886
v -0.9601862839215201 -0.04065479304411581 0.2763864829754201
v -0.9725445010412459 -0.04117804646671704 0.22904489076078288
v -0.9827821773652117 -0.04161151507502045 0.1800213144781889
v -0.9906762025679952 -0.041945752260323155 0.12961950290281218
v -0.9960458058030961 -0.042173104089762416 0.07819323521568114
v -0.9987635577743289 -0.04228817513981372 0.026135529558613226
v -0.9987635577743289 -0.04228817513981371 -0.026135529558613188
v -0.9960458058030961 -0.04217310408976242 -0.07819323521568106
v -0.9906762025679952 -0.041945752260323155 -0.12961950290281218
v -0.9827821773652117 -0.04161151507502044 -0.18002131447818884
v -0.9725445010412459 -0.04117804646671704 -0.22904489076078277
v -0.9601862839215201 -0.04065479304411581 -0.2763864829754201
v -0.9459604064062255 -0.04005246189656683 -0.32179917620744886
v -0.9301366570377718 -0.03938247601306818 -0.36509563105805365
v -0.9129896879251919 -0.038656464308590675 -0.40614715006930613
v -0.8947886063040922 -0.037885820925243466 -0.44487977544635654
v -0.8757886816692328 -0.03708135410789915 -0.4812682809385963
v -0.8803175104023412 -0.07577164185048695 0.4682945004698491
v -0.8992513689858948 -0.07740133742564947 0.4305299157337559
v -0.9172701131640247 -0.07895226628293962 0.390361472413512
v -0.9341022893083983 -0.08040106357176427 0.3478341301329394
v -0.9494650213026119 -0.08172338127277032 0.3030469638128321
v -0.963073793091992 -0.08289473021206226 0.2561588037965362
v -0.9746543508882344 -0.08389150452064632 0.20739120464449953
v -0.9839560452898753 -0.08469213003186862 0.15702784481796153
v -0.9907655694781581 -0.0852782467702838 0.10540971001007264
v -0.9949197770918567 -0.08563581222565442 0.052925842609658165
v -0.9963161685866463 -0.08575600394622794 0.0
v -0.9949197770918567 -0.08563581222565442 -0.052925842609658234
v -0.9907655694781581 -0.0852782467702838 -0.10540971001007264
v -0.9839560452898753 -0.08469213003186862 -0.15702784481796164
v -0.9746543508882344 -0.08389150452064632 -0.20739120464449956
v -0.963073793091992 -0.08289473021206226 -0.2561588037965362
v -0.9494650213026119 -0.0817233812727703 -0.3030469638128322
v -0.9341022893083983 -0.08040106357176427 -0.3478341301329394
v -0.9172701131640247 -0.07895226628293962 -0.390361472413512
v -0.8992513689858948 -0.07740133742564946 -0.43052991573375593
v -0.8803175104023412 -0.07577164185048695 -0.4682945004698491
v -0.883458776963223 -0.11596939292577203 0.45392916772451863
v -0.9021915720483994 -0.11842839942440941 0.41475906443935645
v -0.9198834216871895 -0.12075076365446102 0.37314038052981185
v -0.9362487070583327 -0.12289899315767812 0.32914160480320537
v -0.9509938084946534 -0.12483454522506136 0.28289063703715395
v -0.9638284211006921 -0.12651931226928728 0.2345797056470434
v -0.9744788735955344 -0.1279173701554257 0.1844669925176271
v -0.9827025416449895 -0.12899687020249814 0.13287408371250403
v -0.988302081193091 -0.12973190755680383 0.0801787282954641
v -0.991137986271741 -0.13010416962374105 0.02680293296851784
v -0.991137986271741 -0.13010416962374105 -0.02680293296851784
v -0.988302081193091 -0.12973190755680383 -0.0801787282954641
v -0.9827025416449895 -0.12899687020249817 -0.13287408371250395
v -0.9744788735955344 -0.1279173701554257 -0.18446699251762722
v -0.9638284211006921 -0.12651931226928728 -0.2345797056470434
v -0.9509938084946534 -0.12483454522506136 -0.28289063703715395
v -0.9362487070583327 -0.12289899315767812 -0.32914160480320537
v -0.9198834216871895 -0.12075076365446102 -0.37314038052981185
v -0.9021915720483994 -0.11842839942440941 -0.41475906443935645
v -0.883458776963223 -0.11596939292577203 -0.45392916772451863
v -0.8850083552101781 -0.1575299040522727 0.43811475726966453
v -0.9033918157556254 -0.16080212714352854 0.3975247201519307
v -0.9206009609906354 -0.1638653242102375 0.3544601897880673
v -0.9363389981249826 -0.16666666666666666 0.30901699437494745
v -0.9503056210307275 -0.1691527005592549 0.2613552955861322
v -0.9622098074758607 -0.17127162445130883 0.21170337043863285
v -0.9717843547726445 -0.1729758767424051 0.16035745659092823
v -0.9788010023635108 -0.17422482746162773 0.10767686505537201
v -0.9830846546516299 -0.1749873099059663 0.05407405256089919
v -0.9845250856095248 -0.1752437040397112 0.0
v -0.9830846546516299 -0.1749873099059663 -0.05407405256089912
v -0.9788010023635108 -0.17422482746162773 -0.10767686505537198
v -0.9717843547726445 -0.17297587674240514 -0.16035745659092815
v -0.9622098074758607 -0.17127162445130883 -0.21170337043863285
v -0.9503056210307275 -0.1691527005592549 -0.2613552955861322
v -0.9363389981249826 -0.16666666666666666 -0.30901699437494734
v -0.9206009609906354 -0.1638653242102375 -0.3544601897880673
v -0.9033918157556254 -0.16080212714352854 -0.3975247201519307
v -0.8850083552101781 -0.1575299040522727 -0.4381147572696644
v -0.8847656899607117 -0.20026230948283416 0.42081430734820247
v -0.9026416903466645 -0.20430845318192578 0.3788087047660401
v -0.919205439624095 -0.20805757537510228 0.3343252983166365
v -0.9341529754495269 -0.21144087569906864 0.28749082514474544
v -0.9471823504345127 -0.21439000986556986 0.23850056330162533
v -0.9580077391262827 -0.21684028270623512 0.18762053077962504
v -0.9663748534555879 -0.21873413738245792 0.1351851314022479
v -0.9720762817228028 -0.22002462728854125 0.08158961881580766
v -0.974965100136948 -0.2206784969557963 0.027277362340984438
v -0.974965100136948 -0.2206784969557963 -0.02727736234098451
v -0.9720762817228028 -0.22002462728854125 -0.08158961881580766
v -0.9663748534555879 -0.21873413738245792 -0.13518513140224797
v -0.9580077391262827 -0.21684028270623512 -0.18762053077962504
v -0.9471823504345128 -0.21439000986556986 -0.23850056330162547
v -0.9341529754495269 -0.21144087569906864 -0.28749082514474544
v -0.919205439624095 -0.20805757537510228 -0.3343252983166365
v -0.9026416903466645 -0.20430845318192578 -0.3788087047660403
v -0.8847656899607117 -0.20026230948283416 -0.42081430734820247
v -0.8825425382352229 -0.24392875826469487 0.402016702509702
v -0.8997478541864821 -0.24868419063618677 0.3586223253151507
v -0.915502344047086 -0.25303862453857456 0.3127729408627245
v -0.9294998378598645 -0.25690743667696325 0.26462921304829107
v -0.9414426155535536 -0.2602083392474821 0.21442346374814286
v -0.9510565162951535 -0.2628655560595668 0.16245984811645314
v -0.9581067630867733 -0.2648141963469555 0.10910944936393781
v -0.9624129226652869 -0.26600438958226047 0.05479991797283516
v -0.9638612634676226 -0.26640470113456743 0.0
v -0.9624129226652869 -0.26600438958226047 -0.05479991797283516
v -0.9581067630867733 -0.2648141963469555 -0.10910944936393781
v -0.9510565162951535 -0.2628655560595668 -0.16245984811645314
v -0.9414426155535536 -0.2602083392474821 -0.21442346374814286
v -0.9294998378598645 -0.25690743667696325 -0.26462921304829107
v -0.915502344047086 -0.25303862453857456 -0.3127729408627245
v -0.8997478541864821 -0.24868419063618677 -0.3586223253151507
v -0.8825425382352229 -0.24392875826469487 -0.402016702509702
v -0.8781728160814656 -0.28824632526701943 0.3817414846013048
v -0.8945450924894308 -0.2936202658222622 0.33701070754731166
v -0.9093320900650396 -0.2984738636959934 0.2898767025276998
v -0.9222311755113046 -0.302707784299209 0.2405361848863923
v -0.932955251063504 -0.3062277923354411 0.18925918396314703
v -0.9412484260365984 -0.3089498957381148 0.13638681170492226
v -0.9469016732891814 -0.31080548465699537 0.0823235800319601
v -0.9497667647722866 -0.3117459055814827 0.02752422364328166
v -0.9497667647722866 -0.3117459055814827 -0.027524223643281737
v -0.9469016732891813 -0.31080548465699537 -0.08232358003196023
v -0.9412484260365984 -0.3089498957381148 -0.1363868117049223
v -0.9329552510635039 -0.30622779233544106 -0.18925918396314714
v -0.9222311755113046 -0.302707784299209 -0.2405361848863923
v -0.9093320900650396 -0.2984738636959933 -0.2898767025276999
v -0.8945450924894308 -0.2936202658222622 -0.33701070754731177
v -0.8781728160814656 -0.28824632526701943 -0.3817414846013048
v -0.8715228863182575 -0.3328921206001636 0.36004262895637784
v -0.8869075000122311 -0.3387685201274745 0.3140556896359232
v -0.9005818416866632 -0.3439916538733284 0.265748167425008
v -0.9122530399572549 -0.3484496549232554 0.21535373011074407
v -0.9216511241654857 -0.352039403661666 0.16317923763161532
v -0.9285447107773686 -0.35467251944301403 0.10959983594567034
v -0.932755859046785 -0.35628103495026575 0.055048447286563384
v -0.9341723589627157 -0.35682208977308993 7.345063871007168e-17
v -0.932755859046785 -0.3562810349502658 -0.055048447286563315
v -0.9285447107773686 -0.35467251944301403 -0.10959983594567027
v -0.9216511241654857 -0.3520394036616659 -0.16317923763161524
v -0.9122530399572549 -0.34844965492325547 -0.21535373011074396
v -0.9005818416866632 -0.3439916538733284 -0.2657481674250079
v -0.8869075000122311 -0.33876852012747444 -0.3140556896359231
v -0.8715228863182575 -0.3328921206001636 -0.3600426289563777
v -0.8625013891299095 -0.3775117703429084 0.3370107075473117
v -0.8767586982997919 -0.3837521104662771 0.2898767025276998
v -0.8891957226704116 -0.3891957226704115 0.2405361848863923
v -0.8995356486714199 -0.3937214472884241 0.18925918396314712
v -0.9075317519362489 -0.39722129452043337 0.13638681170492228
v -0.912982492932299 -0.3996070517018511 0.08232358003196016
v -0.9157449533212836 -0.40081616431904904 0.027524223643281658
v -0.9157449533212836 -0.40081616431904904 -0.027524223643281658
v -0.912982492932299 -0.3996070517018511 -0.08232358003196016
v -0.9075317519362488 -0.39722129452043325 -0.1363868117049223
v -0.8995356486714199 -0.3937214472884242 -0.18925918396314706
v -0.8891957226704116 -0.3891957226704115 -0.2405361848863923
v -0.876758698299792 -0.3837521104662771 -0.2898767025276998
v -0.8625013891299094 -0.37751177034290845 -0.33701070754731177
v -0.8510675746422777 -0.4217310408976243 0.3127729408627245
v -0.864079898627872 -0.42817906112827214 0.26462921304829107
v -0.875182121262637 -0.43368056541247024 0.2144234637481429
v -0.8841193776664111 -0.4381092600992781 0.16245984811645317
v -0.8906734148860742 -0.4413569939115926 0.10910944936393777
v -0.8946764988894502 -0.44334064930376754 0.0547999179728351
v -0.8960229027538579 -0.44400783522427906 -7.311802721684318e-17
v -0.8946764988894502 -0.44334064930376754 -0.05479991797283517
v -0.8906734148860741 -0.44135699391159255 -0.10910944936393788
v -0.8841193776664111 -0.4381092600992781 -0.16245984811645325
v -0.875182121262637 -0.43368056541247024 -0.21442346374814297
v -0.864079898627872 -0.42817906112827214 -0.2646292130482911
v -0.8510675746422777 -0.4217310408976243 -0.3127729408627245
v -0.8372371019623238 -0.4651699265379509 0.28749082514474544
v -0.848914714130246 -0.47165802170425364 0.23850056330162542
v -0.8586169976899078 -0.4770486219537172 0.1876205307796251
v -0.8661160462793359 -0.4812151022414073 0.13518513140224797
v -0.8712259666081686 -0.48405418003479067 0.08158961881580766
v -0.8738150778358993 -0.48549269330275174 0.027277362340984504
v -0.8738150778358993 -0.48549269330275174 -0.02727736234098443
v -0.8712259666081686 -0.48405418003479067 -0.08158961881580758
v -0.866116046279336 -0.48121510224140734 -0.1351851314022479
v -0.8586169976899078 -0.4770486219537172 -0.187620530779625
v -0.848914714130246 -0.47165802170425364 -0.23850056330162528
v -0.8372371019623238 -0.4651699265379509 -0.28749082514474533
v -0.8210844563811234 -0.5074581016777647 0.2613552955861322
v -0.8313699290118758 -0.5138148733539265 0.21170337043863285
v -0.8396425434090717 -0.5189276302272153 0.1603574565909282
v -0.8457050775509992 -0.5226744823848832 0.10767686505537204
v -0.849406245083294 -0.5249619297178989 0.05407405256089914
v -0.8506508083520399 -0.5257311121191336 0.0
v -0.849406245083294 -0.5249619297178989 -0.05407405256089919
v -0.8457050775509992 -0.5226744823848832 -0.10767686505537198
v -0.8396425434090717 -0.5189276302272153 -0.1603574565909282
v -0.8313699290118758 -0.5138148733539265 -0.21170337043863285
v -0.8210844563811234 -0.5074581016777647 -0.2613552955861322
v -0.8027414975886716 -0.5482503531669115 0.2345797056470434
v -0.8116119147692972 -0.5543086040068447 0.18446699251762722
v -0.818461141728337 -0.5589864375441586 0.132874083712504
v -0.8231248169886253 -0.5621715994128166 0.08017872829546416
v -0.8254867505444495 -0.5637847350362112 0.026802932968517858
v -0.8254867505444495 -0.5637847350362112 -0.02680293296851784
v -0.8231248169886253 -0.5621715994128166 -0.0801787282954641
v -0.8184611417283371 -0.5589864375441587 -0.13287408371250395
v -0.8116119147692972 -0.5543086040068447 -0.18446699251762716
v -0.8027414975886716 -0.5482503531669115 -0.2345797056470434
v -0.7823921307311058 -0.5872405316445244 0.20739120464449948
v -0.7898589547345868 -0.5928449102230804 0.15702784481796156
v -0.7953252188866734 -0.5969477273919866 0.10540971001007264
v -0.7986599593958796 -0.599450685579581 0.0529258426096582
v -0.7997808959781125 -0.6002920276235956 -3.5305175568471214e-17
v -0.7986599593958796 -0.599450685579581 -0.052925842609658234
v -0.7953252188866733 -0.5969477273919866 -0.1054097100100727
v -0.7898589547345868 -0.5928449102230804 -0.15702784481796156
v -0.7823921307311058 -0.5872405316445243 -0.20739120464449953
v -0.760263595271303 -0.6241727261253067 0.18002131447818884
v -0.7663702790513451 -0.6291862839048474 0.12961950290281224
v -0.7705241128862675 -0.6325965613464364 0.07819323521568113
v -0.7726265196375218 -0.6343226270972059 0.02613552955861323
v -0.7726265196375218 -0.6343226270972059 -0.02613552955861323
v -0.7705241128862675 -0.6325965613464364 -0.07819323521568113
v -0.7663702790513451 -0.6291862839048474 -0.12961950290281224
v -0.760263595271303 -0.6241727261253067 -0.18002131447818884
v -0.7366152886417948 -0.6588487434674729 0.15269659384052192
v -0.741433006922707 -0.6631578416964979 0.10246352151861453
v -0.744369410836024 -0.6657842412003274 0.05143466127948257
v -0.7453559924999299 -0.6666666666666667 3.4307778215552914e-17
v -0.744369410836024 -0.6657842412003274 -0.05143466127948254
v -0.7414330069227071 -0.6631578416964982 -0.1024635215186145
v -0.7366152886417949 -0.6588487434674729 -0.15269659384052192
v -0.711726297725369 -0.6911314817499687 0.12563021953428186
v -0.7153483665228748 -0.6946487408185475 0.07576174095320802
v -0.7171802621105687 -0.6964276278935093 0.025318584984861926
v -0.7171802621105687 -0.6964276278935093 -0.025318584984861957
v -0.7153483665228748 -0.6946487408185475 -0.07576174095320806
v -0.711726297725369 -0.6911314817499687 -0.12563021953428188
v -0.6858828615127918 -0.720944314138203 0.09901513114075353
v -0.6884185008862148 -0.7236095721458784 0.04969059001899135
v -0.6892699839446963 -0.7245045819267661 0.0
v -0.6884185008862148 -0.7236095721458784 -0.04969059001899132
v -0.6858828615127918 -0.720944314138203 -0.09901513114075353
v -0.6593668460722091 -0.7482670442482955 0.07301912621161079
v -0.6609349141983946 -0.7500465296879263 0.024397592025844534
v -0.6609349141983946 -0.7500465296879263 -0.02439759202584448
v -0.6593668460722091 -0.7482670442482955 -0.07301912621161072
v -0.6324460337864876 -0.7731292861718136 0.04778201765521248
v -0.6331692478888055 -0.7740133742564946 -1.593280750791814e-17
v -0.6324460337864876 -0.7731292861718136 -0.04778201765521251
v -0.6053666882690718 -0.7956022394301128 0.023414725023492455
v -0.6053666882690718 -0.7956022394301128 -0.023414725023492445
v -0.578348526341947 -0.8157897903737814 2.2899219707991348e-17
v -0.8157897903737815 0.0 -0.578348526341947
v -0.7956022394301128 0.02341472502349245 -0.6053666882690718
v -0.7731292861718135 0.04778201765521249 -0.6324460337864874
v -0.7482670442482956 0.07301912621161075 -0.659366846072209
v -0.720944314138203 0.09901513114075353 -0.6858828615127918
v -0.6911314817499687 0.12563021953428188 -0.7117262977253691
v -0.6588487434674729 0.15269659384052192 -0.7366152886417949
v -0.6241727261253067 0.18002131447818884 -0.760263595271303
v -0.5872405316445244 0.20739120464449953 -0.7823921307311058
v -0.5482503531669116 0.23457970564704336 -0.8027414975886715
v -0.5074581016777647 0.2613552955861322 -0.8210844563811234
v -0.46516992653795103 0.2874908251447454 -0.8372371019623238
v -0.4217310408976243 0.31277294086272445 -0.8510675746422777
v -0.37751177034290845 0.33701070754731177 -0.8625013891299094
v -0.3328921206001637 0.36004262895637784 -0.8715228863182574
v -0.28824632526701943 0.3817414846013048 -0.8781728160814655
v -0.24392875826469487 0.402016702509702 -0.8825425382352229
v -0.2002623094828342 0.4208143073482024 -0.8847656899607117
v -0.1575299040522728 0.4381147572696645 -0.885008355210178
v -0.11596939292577203 0.45392916772451863 -0.883458776963223
v -0.07577164185048697 0.4682945004698491 -0.8803175104023412
v -0.03708135410789922 0.48126828093859647 -0.8757886816692327
v -0.7956022394301128 -0.02341472502349245 -0.6053666882690718
v -0.7740133742564946 0.0 -0.6331692478888055
v -0.7500465296879263 0.024397592025844503 -0.6609349141983945
v -0.7236095721458784 0.04969059001899133 -0.6884185008862148
v -0.6946487408185475 0.07576174095320803 -0.7153483665228749
v -0.6631578416964982 0.10246352151861453 -0.7414330069227071
v -0.6291862839048474 0.12961950290281224 -0.7663702790513451
v -0.5928449102230803 0.1570278448179616 -0.7898589547345868
v -0.5543086040068447 0.1844669925176272 -0.8116119147692972
v -0.5138148733539264 0.21170337043863285 -0.8313699290118758
v -0.4716580217042537 0.2385005633016254 -0.848914714130246
v -0.4281790611282721 0.2646292130482911 -0.864079898627872
v -0.3837521104662771 0.2898767025276998 -0.876758698299792
v -0.33876852012747444 0.3140556896359232 -0.8869075000122311
v -0.2936202658222621 0.3370107075473117 -0.8945450924894309
v -0.24868419063618677 0.3586223253151507 -0.8997478541864821
v -0.2043084531819257 0.3788087047660401 -0.9026416903466645
v -0.1608021271435285 0.3975247201519307 -0.9033918157556253
v -0.11842839942440941 0.41475906443935645 -0.9021915720483994
v -0.0774013374256494 0.4305299157337559 -0.8992513689858948
v -0.03788582092524343 0.44487977544635654 -0.8947886063040922
v -0.7731292861718135 -0.04778201765521249 -0.6324460337864877
v -0.7500465296879263 -0.024397592025844503 -0.6609349141983946
v -0.7245045819267661 0.0 -0.6892699839446963
v -0.6964276278935093 0.025318584984861944 -0.7171802621105687
v -0.6657842412003272 0.05143466127948254 -0.7443694108360239
v -0.6325965613464364 0.07819323521568113 -0.7705241128862675
v -0.5969477273919866 0.1054097100100727 -0.7953252188866734
v -0.5589864375441587 0.13287408371250395 -0.818461141728337
v -0.5189276302272153 0.1603574565909282 -0.8396425434090717
v -0.4770486219537172 0.18762053077962507 -0.8586169976899077
v -0.4336805654124702 0.2144234637481429 -0.875182121262637
v -0.3891957226704115 0.2405361848863923 -0.8891957226704116
v -0.34399165387332853 0.26574816742500795 -0.9005818416866632
v -0.29847386369599327 0.28987670252769987 -0.9093320900650396
v -0.25303862453857456 0.3127729408627245 -0.915502344047086
v -0.2080575753751023 0.3343252983166365 -0.919205439624095
v -0.16386532421023745 0.35446018978806726 -0.9206009609906352
v -0.12075076365446102 0.37314038052981185 -0.9198834216871895
v -0.07895226628293965 0.390361472413512 -0.9172701131640247
v -0.03865646430859065 0.40614715006930613 -0.9129896879251919
v -0.7482670442482956 -0.07301912621161075 -0.659366846072209
v -0.7236095721458784 -0.04969059001899133 -0.6884185008862148
v -0.6964276278935093 -0.025318584984861944 -0.7171802621105687
v -0.6666666666666667 0.0 -0.7453559924999298
v -0.6343226270972059 0.02613552955861323 -0.7726265196375218
v -0.599450685579581 0.052925842609658214 -0.7986599593958795
v -0.5621715994128167 0.08017872829546412 -0.8231248169886252
v -0.5226744823848832 0.107676865055372 -0.8457050775509992
v -0.4812151022414075 0.13518513140224794 -0.866116046279336
v -0.438109260099278 0.16245984811645314 -0.8841193776664111
v -0.3937214472884243 0.18925918396314706 -0.8995356486714199
v -0.34844965492325547 0.215353730110744 -0.9122530399572549
v -0.302707784299209 0.24053618488639228 -0.9222311755113046
v -0.25690743667696325 0.26462921304829107 -0.9294998378598645
v -0.21144087569906866 0.28749082514474544 -0.9341529754495269
v -0.16666666666666674 0.3090169943749474 -0.9363389981249826
v -0.12289899315767812 0.32914160480320537 -0.9362487070583327
v -0.08040106357176428 0.3478341301329393 -0.9341022893083982
v -0.039382476013068254 0.36509563105805376 -0.9301366570377718
v -0.720944314138203 -0.09901513114075353 -0.6858828615127918
v -0.6946487408185475 -0.07576174095320803 -0.7153483665228749
v -0.6657842412003272 -0.05143466127948254 -0.7443694108360239
v -0.6343226270972059 -0.02613552955861323 -0.7726265196375218
v -0.6002920276235956 0.0 -0.7997808959781125
v -0.5637847350362112 0.026802932968517858 -0.8254867505444495
v -0.5249619297178989 0.05407405256089918 -0.849406245083294
v -0.4840541800347907 0.08158961881580765 -0.8712259666081686
v -0.4413569939115925 0.10910944936393784 -0.8906734148860742
v -0.3972212945204332 0.1363868117049223 -0.9075317519362489
v -0.352039403661666 0.1631792376316153 -0.9216511241654857
v -0.30622779233544106 0.1892591839631471 -0.932955251063504
v -0.2602083392474821 0.21442346374814286 -0.9414426155535536
v -0.21439000986556978 0.2385005633016254 -0.9471823504345128
v -0.16915270055925485 0.26135529558613213 -0.9503056210307274
v -0.12483454522506136 0.28289063703715395 -0.9509938084946534
v -0.08172338127277023 0.30304696381283214 -0.9494650213026119
v -0.040052461896566804 0.3217991762074489 -0.9459604064062255
v -0.6911314817499689 -0.12563021953428188 -0.7117262977253691
v -0.6631578416964982 -0.10246352151861453 -0.7414330069227071
v -0.6325965613464364 -0.07819323521568113 -0.7705241128862675
v -0.5994506855795809 -0.05292584260965821 -0.7986599593958795
v -0.5637847350362112 -0.026802932968517858 -0.8254867505444495
v -0.5257311121191336 0.0 -0.8506508083520399
v -0.4854926933027518 0.02727736234098447 -0.8738150778358993
v -0.44334064930376754 0.054799917972835135 -0.8946764988894502
v -0.3996070517018511 0.08232358003196016 -0.912982492932299
v -0.35467251944301403 0.10959983594567031 -0.9285447107773686
v -0.30894989573811477 0.13638681170492226 -0.9412484260365984
v -0.2628655560595668 0.16245984811645314 -0.9510565162951535
v -0.21684028270623518 0.18762053077962504 -0.9580077391262828
v -0.1712716244513088 0.21170337043863285 -0.9622098074758607
v -0.12651931226928728 0.2345797056470434 -0.9638284211006921
v -0.08289473021206228 0.2561588037965362 -0.963073793091992
v -0.040654793044115775 0.2763864829754201 -0.9601862839215201
v -0.6588487434674729 -0.15269659384052192 -0.7366152886417949
v -0.6291862839048474 -0.12961950290281224 -0.7663702790513452
v -0.5969477273919866 -0.1054097100100727 -0.7953252188866734
v -0.5621715994128166 -0.08017872829546412 -0.8231248169886253
v -0.5249619297178989 -0.054074052560899186 -0.8494062450832941
v -0.48549269330275174 -0.02727736234098447 -0.8738150778358993
v -0.44400783522427895 0.0 -0.8960229027538579
v -0.400816164319049 0.027524223643281658 -0.9157449533212836
v -0.35628103495026575 0.05504844728656336 -0.932755859046785
v -0.3108054846569952 0.08232358003196016 -0.9469016732891814
v -0.26481419634695547 0.10910944936393781 -0.9581067630867733
v -0.21873413738245784 0.13518513140224794 -0.9663748534555879
v -0.1729758767424051 0.1603574565909282 -0.9717843547726445
v -0.1279173701554256 0.1844669925176272 -0.9744788735955344
v -0.08389150452064625 0.20739120464449953 -0.9746543508882344
v -0.04117804646671702 0.22904489076078285 -0.9725445010412459
v -0.6241727261253068 -0.18002131447818884 -0.760263595271303
v -0.5928449102230805 -0.1570278448179616 -0.7898589547345868
v -0.5589864375441587 -0.13287408371250395 -0.818461141728337
v -0.5226744823848833 -0.107676865055372 -0.8457050775509992
v -0.4840541800347908 -0.08158961881580765 -0.8712259666081686
v -0.4433406493037675 -0.05479991797283512 -0.8946764988894501
v -0.4008161643190491 -0.027524223643281658 -0.9157449533212836
v -0.35682208977309 0.0 -0.9341723589627157
v -0.31174590558148263 0.027524223643281692 -0.9497667647722865
v -0.2660043895822606 0.05479991797283516 -0.9624129226652869
v -0.22002462728854136 0.08158961881580766 -0.9720762817228028
v -0.17422482746162782 0.10767686505537201 -0.9788010023635108
v -0.12899687020249828 0.13287408371250398 -0.9827025416449895
v -0.08469213003186865 0.1570278448179616 -0.9839560452898753
v -0.041611515075020526 0.1800213144781889 -0.9827821773652117
v -0.5872405316445243 -0.2073912046444995 -0.7823921307311058
v -0.5543086040068447 -0.1844669925176272 -0.8116119147692972
v -0.5189276302272153 -0.1603574565909282 -0.8396425434090717
v -0.4812151022414075 -0.13518513140224794 -0.866116046279336
v -0.44135699391159255 -0.10910944936393785 -0.8906734148860742
v -0.3996070517018511 -0.08232358003196016 -0.912982492932299
v -0.35628103495026575 -0.05504844728656334 -0.932755859046785
v -0.3117459055814826 -0.027524223643281692 -0.9497667647722865
v -0.26640470113456743 0.0 -0.9638612634676226
v -0.22067849695579625 0.02727736234098447 -0.974965100136948
v -0.17498730990596637 0.054074052560899165 -0.9830846546516299
v -0.12973190755680383 0.0801787282954641 -0.988302081193091
v -0.08527824677028384 0.10540971001007264 -0.9907655694781581
v -0.04194575226032313 0.12961950290281224 -0.9906762025679953
v -0.5482503531669115 -0.2345797056470434 -0.8027414975886716
v -0.5138148733539264 -0.21170337043863285 -0.8313699290118758
v -0.47704862195371717 -0.18762053077962507 -0.8586169976899077
v -0.4381092600992779 -0.16245984811645314 -0.8841193776664111
v -0.39722129452043314 -0.1363868117049223 -0.9075317519362489
v -0.354672519443014 -0.10959983594567031 -0.9285447107773686
v -0.3108054846569952 -0.08232358003196016 -0.9469016732891814
v -0.2660043895822604 -0.05479991797283516 -0.9624129226652869
v -0.2206784969557962 -0.02727736234098447 -0.974965100136948
v -0.1752437040397111 0.0 -0.9845250856095248
v -0.130104169623741 0.02680293296851784 -0.991137986271741
v -0.08563581222565435 0.0529258426096582 -0.9949197770918567
v -0.042173104089762395 0.0781932352156811 -0.9960458058030961
v -0.5074581016777648 -0.26135529558613213 -0.8210844563811233
v -0.47165802170425375 -0.2385005633016254 -0.848914714130246
v -0.43368056541247024 -0.2144234637481429 -0.875182121262637
v -0.39372144728842434 -0.18925918396314706 -0.8995356486714199
v -0.3520394036616661 -0.1631792376316153 -0.9216511241654857
v -0.3089498957381148 -0.13638681170492226 -0.9412484260365984
v -0.2648141963469556 -0.10910944936393781 -0.9581067630867733
v -0.22002462728854136 -0.08158961881580766 -0.9720762817228028
v -0.17498730990596637 -0.05407405256089915 -0.9830846546516298
v -0.1301041696237411 -0.02680293296851784 -0.991137986271741
v -0.08575600394622802 0.0 -0.9963161685866463
v -0.0422881751398138 0.026135529558613226 -0.9987635577743289
v -0.4651699265379511 -0.28749082514474544 -0.8372371019623239
v -0.42817906112827214 -0.2646292130482911 -0.864079898627872
v -0.3891957226704115 -0.2405361848863923 -0.8891957226704116
v -0.34844965492325547 -0.215353730110744 -0.9122530399572549
v -0.306227792335441 -0.18925918396314706 -0.932955251063504
v -0.2628655560595668 -0.16245984811645314 -0.9510565162951535
v -0.21873413738245787 -0.13518513140224794 -0.9663748534555879
v -0.1742248274616278 -0.10767686505537202 -0.9788010023635108
v -0.12973190755680383 -0.0801787282954641 -0.988302081193091
v -0.08563581222565439 -0.05292584260965819 -0.9949197770918567
v -0.04228817513981374 -0.026135529558613226 -0.9987635577743289
v -0.4217310408976243 -0.3127729408627245 -0.8510675746422777
v -0.38375211046627716 -0.2898767025276998 -0.876758698299792
v -0.34399165387332853 -0.26574816742500795 -0.9005818416866632
v -0.302707784299209 -0.24053618488639228 -0.9222311755113046
v -0.2602083392474821 -0.21442346374814286 -0.9414426155535536
v -0.21684028270623518 -0.18762053077962504 -0.9580077391262828
v -0.17297587674240514 -0.16035745659092815 -0.9717843547726444
v -0.12899687020249823 -0.13287408371250398 -0.9827025416449895
v -0.08527824677028384 -0.10540971001007264 -0.9907655694781581
v -0.04217310408976244 -0.07819323521568108 -0.9960458058030961
v -0.3775117703429084 -0.33701070754731177 -0.8625013891299094
v -0.33876852012747444 -0.3140556896359231 -0.8869075000122311
v -0.29847386369599327 -0.28987670252769987 -0.9093320900650396
v -0.2569074366769632 -0.26462921304829107 -0.9294998378598645
v -0.21439000986556983 -0.2385005633016254 -0.9471823504345128
v -0.1712716244513088 -0.21170337043863285 -0.9622098074758607
v -0.12791737015542565 -0.1844669925176272 -0.9744788735955344
v -0.08469213003186861 -0.15702784481796161 -0.9839560452898753
v -0.04194575226032313 -0.12961950290281224 -0.9906762025679953
v -0.33289212060016365 -0.36004262895637784 -0.8715228863182574
v -0.2936202658222622 -0.3370107075473117 -0.8945450924894309
v -0.25303862453857456 -0.3127729408627245 -0.915502344047086
v -0.21144087569906864 -0.28749082514474544 -0.9341529754495269
v -0.16915270055925494 -0.2613552955861322 -0.9503056210307275
v -0.12651931226928728 -0.2345797056470434 -0.9638284211006921
v -0.0838915045206463 -0.2073912046444995 -0.9746543508882345
v -0.041611515075020464 -0.1800213144781889 -0.9827821773652117
v -0.28824632526701943 -0.3817414846013048 -0.8781728160814655
v -0.24868419063618682 -0.3586223253151507 -0.8997478541864821
v -0.2080575753751023 -0.3343252983166365 -0.919205439624095
v -0.1666666666666667 -0.30901699437494745 -0.9363389981249826
v -0.1248345452250614 -0.28289063703715395 -0.9509938084946534
v -0.08289473021206228 -0.2561588037965362 -0.963073793091992
v -0.04117804646671707 -0.22904489076078283 -0.9725445010412459
v -0.24392875826469482 -0.402016702509702 -0.8825425382352229
v -0.20430845318192573 -0.3788087047660401 -0.9026416903466646
v -0.16386532421023745 -0.35446018978806726 -0.9206009609906352
v -0.12289899315767809 -0.32914160480320537 -0.9362487070583327
v -0.08172338127277023 -0.3030469638128321 -0.949465021302612
v -0.040654793044115775 -0.2763864829754201 -0.9601862839215201
v -0.20026230948283416 -0.42081430734820247 -0.8847656899607117
v -0.16080212714352857 -0.39752472015193063 -0.9033918157556253
v -0.12075076365446102 -0.37314038052981185 -0.9198834216871895
v -0.08040106357176428 -0.3478341301329394 -0.9341022893083983
v -0.04005246189656682 -0.32179917620744886 -0.9459604064062255
v -0.15752990405227277 -0.4381147572696645 -0.885008355210178
v -0.11842839942440946 -0.41475906443935645 -0.9021915720483994
v -0.07895226628293965 -0.390361472413512 -0.9172701131640247
v -0.039382476013068234 -0.3650956310580538 -0.9301366570377719
v -0.115969392925772 -0.45392916772451863 -0.883458776963223
v -0.07740133742564943 -0.4305299157337559 -0.8992513689858948
v -0.03865646430859065 -0.40614715006930613 -0.9129896879251919
v -0.07577164185048696 -0.4682945004698491 -0.8803175104023412
v -0.03788582092524347 -0.44487977544635654 -0.8947886063040922
v -0.03708135410789919 -0.48126828093859647 -0.8757886816692327
v 0.05999889129545135 0.5412671722340477 -0.8387073275613336
v 0.08471527097222835 0.5674808673438284 -0.8190169644536053
v 0.1103294907914094 0.5937895694778969 -0.7970202949994198
v 0.1367413109618825 0.6199843700591409 -0.7726067529854992
v 0.1638213758225087 0.6458303996162249 -0.7456980969233914
v 0.19141105648525406 0.6710715046812533 -0.7162575256568252
v 0.21932407261399262 0.6954372421750779 -0.6842981757742267
v 0.24735016019295059 0.7186520801962826 -0.6498900567650481
v 0.27526085748538515 0.7404463784707827 -0.6131644322250868
v 0.30281722147536616 0.7605683934989091 -0.574314764905472
v 0.3297790002845591 0.7787962812413096 -0.5335936312363779
v 0.3559145298431723 0.7949489268225102 -0.4913054560965642
v 0.38101045669104733 0.8088944705525154 -0.4477954526361847
v 0.40488036038819736 0.8205556368695862 -0.4034356709234709
v 0.42737147467113945 0.8299113712432369 -0.3586094512399049
v 0.4483689633747755 0.8369947696147485 -0.3136957575737731
v 0.4677975394606742 0.841887745191107 -0.26905480217155125
v 0.4856205520299576 0.8447132280641448 -0.22501609226802258
v 0.5018369420199362 0.8456258791971099 -0.1818696127894764
v 0.5164766408607155 0.8448023126546322 -0.13986040175337827
v 0.529595046418585 0.8424316894770978 -0.09918636687397941
v 0.5412671722340477 0.8387073275613336 -0.05999889129545144
v 0.09918636687397939 0.529595046418585 -0.8424316894770978
v 0.12523799472940012 0.555767910463156 -0.8218500315602453
v 0.1521450423604731 0.5819826479154548 -0.7988417137396152
v 0.17978224360974693 0.6080174373144506 -0.7733001621648697
v 0.20799294952811703 0.6336249852501046 -0.7451565681206862
v 0.23659001248998404 0.6585382767106448 -0.7143896024558054
v 0.26535880858458344 0.6824787745306987 -0.6810340850659723
v 0.29406258978915073 0.7051668247027182 -0.6451875251624009
v 0.3224500942929473 0.7263336679990133 -0.607013459011881
v 0.3502650252739455 0.7457341167862215 -0.5667407159635848
v 0.37725669242599225 0.763158710184018 -0.5246581468823927
v 0.40319086788360375 0.7784440864022176 -0.4811049037379303
v 0.42785980430302 0.7914804515295082 -0.4364569654713135
v 0.4510904346071123 0.8022153699803625 -0.39111113506679496
v 0.47275001322908294 0.8106535879687846 -0.345468066983387
v 0.49274881628652023 0.8168531239744198 -0.299915951395494
v 0.5110399133409492 0.8209183090738943 -0.2548162804840644
v 0.5276163737426863 0.8229907521838611 -0.21049271716251985
v 0.542506514773985 0.8232393057654598 -0.1672235834760984
v 0.555767910463156 0.8218500315602453 -0.12523799472940003
v 0.5674808673438284 0.8190169644536053 -0.08471527097222832
v 0.13986040175337827 0.5164766408607155 -0.8448023126546322
v 0.1672235834760984 0.542506514773985 -0.8232393057654598
v 0.1953788397604234 0.5685192202902353 -0.7991326580327285
v 0.2241733330971259 0.5942812689528907 -0.7723833828480952
v 0.2534211984237677 0.6195348656109626 -0.742936233119551
v 0.28290578270064953 0.6440048006169802 -0.7107897965621176
v 0.31238436267305286 0.6674078487312476 -0.6760050098995412
v 0.34159540414250444 0.6894642715258388 -0.6387108877716612
v 0.37026809244319614 0.709910635852268 -0.5991063585226795
v 0.3981334993089198 0.7285128280661668 -0.5574574208592709
v 0.4249364322774375 0.7450779516388959 -0.5140893643180238
v 0.45044682073866027 0.7594638151136077 -0.46937445096587566
v 0.47446948785500853 0.771584971484165 -0.4237161041008309
v 0.4968513551906801 0.7814147199096139 -0.37753114620354783
v 0.5174854883476929 0.7889830317777987 -0.33123185975425573
v 0.5363118354609216 0.7943708943990336 -0.28520956729432606
v 0.5533149379003311 0.7977019678329571 -0.2398210791648233
v 0.5685192202902353 0.7991326580327285 -0.1953788397604234
v 0.581982647915455 0.7988417137396153 -0.15214504236047316
v 0.5937895694778969 0.7970202949994198 -0.11032949079140938
v 0.18186961278947625 0.5018369420199362 -0.8456258791971099
v 0.21049271716251985 0.5276163737426862 -0.8229907521838611
v 0.23982107916482331 0.5533149379003311 -0.7977019678329571
v 0.26967233145831576 0.5786893258332632 -0.7696723314583159
v 0.299830348352321 0.6034738190782668 -0.7388647453316587
v 0.3300491522802835 0.6273883349445708 -0.7053023707988973
v 0.36005957609848793 0.65014894024622 -0.6690765704734354
v 0.3895785575723717 0.6714802500893715 -0.6303513474402552
v 0.4183205464300126 0.6911287363733696 -0.5893632073632057
v 0.4460101175671331 0.7088756736267 -0.5464158255102467
v 0.4723945989909117 0.7245483387654537 -0.5018695524102226
v 0.49725542262774375 0.7380282124956273 -0.4561265199786275
v 0.5204170326894162 0.7492552987688996 -0.40961275535982783
v 0.5417525227189163 0.7582282134085556 -0.3627591218962797
v 0.5611856439384533 0.7650002748902721 -0.3159829939335216
v 0.5786893258332632 0.7696723314583158 -0.2696723314583159
v 0.5942812689528907 0.7723833828480952 -0.2241733330971259
v 0.6080174373144506 0.7733001621648697 -0.17978224360974698
v 0.6199843700591408 0.7726067529854992 -0.1367413109618826
v 0.22501609226802255 0.48562055202995763 -0.8447132280641448
v 0.2548162804840645 0.5110399133409491 -0.8209183090738942
v 0.2852095672943261 0.5363118354609216 -0.7943708943990336
v 0.3159829939335215 0.5611856439384533 -0.7650002748902721
v 0.3468903228109173 0.5853908861125426 -0.7327923405689429
v 0.37765788051734234 0.6086464678382144 -0.6977993998788006
v 0.407993321345605 0.630672107700836 -0.6601470611201468
v 0.43759694413069505 0.6512013393196273 -0.6200368780611368
v 0.4661747580246564 0.6699949179302779 -0.5777438056165148
v 0.4934521203656409 0.6868532549804527 -0.5336081062253556
v 0.5191865629465026 0.7016264968769443 -0.488022101688012
v 0.543178452747853 0.714221113681046 -0.441412923737689
v 0.5652784112969674 0.7246023328473185 -0.3942230040900715
v 0.5853908861125426 0.732792340568943 -0.3468903228109172
v 0.6034738190782668 0.7388647453316587 -0.2998303483523209
v 0.6195348656109626 0.742936233119551 -0.2534211984237677
v 0.6336249852501047 0.7451565681206862 -0.20799294952811698
v 0.645830399616225 0.7456980969233913 -0.1638213758225087
v 0.26905480217155125 0.4677975394606742 -0.841887745191107
v 0.299915951395494 0.49274881628652023 -0.8168531239744198
v 0.33123185975425573 0.5174854883476929 -0.7889830317777987
v 0.3627591218962797 0.5417525227189163 -0.7582282134085556
v 0.3942230040900715 0.5652784112969674 -0.7246023328473185
v 0.42532540417601994 0.5877852522924731 -0.6881909602355868
v 0.45575573273384673 0.6090008814889437 -0.6491568673486585
v 0.485204061473601 0.6286721093071898 -0.6077404032222729
v 0.5133754412304479 0.6465777917977316 -0.5642542117657714
v 0.5400039794464362 0.662540321195108 -0.5190722733615194
v 0.5648651820977846 0.6764342296896431 -0.47261406978402154
v 0.5877852522924731 0.6881909602355868 -0.42532540417601994
v 0.6086464678382144 0.6977993998788006 -0.37765788051734234
v 0.6273883349445708 0.7053023707988973 -0.3300491522802835
v 0.6440048006169802 0.7107897965621176 -0.28290578270064953
v 0.6585382767106447 0.7143896024558054 -0.23659001248998404
v 0.6710715046812533 0.7162575256568252 -0.19141105648525403
v 0.31369575757377305 0.44836896337477544 -0.8369947696147484
v 0.3454680669833871 0.47275001322908294 -0.8106535879687845
v 0.3775311462035479 0.4968513551906801 -0.7814147199096138
v 0.4096127553598279 0.5204170326894163 -0.7492552987688996
v 0.44141292373768903 0.5431784527478529 -0.714221113681046
v 0.4726140697840216 0.5648651820977846 -0.6764342296896431
v 0.5028938380649024 0.5852174180968625 -0.636096188632186
v 0.5319396947277362 0.6039990477398011 -0.5934857298220207
v 0.5594639183710178 0.6210099534653025 -0.5489506004532375
v 0.5852174180968627 0.6360961886321861 -0.5028938380649023
v 0.6090008814889438 0.6491568673486585 -0.4557557327338466
v 0.6306721077008361 0.6601470611201469 -0.40799332134560495
v 0.6501489402462202 0.6690765704734354 -0.360059576098488
v 0.6674078487312477 0.6760050098995412 -0.3123843626730528
v 0.6824787745306987 0.6810340850659723 -0.2653588085845834
v 0.695437242175078 0.6842981757742265 -0.21932407261399262
v 0.35860945123990484 0.4273714746711395 -0.829911371243237
v 0.39111113506679496 0.4510904346071123 -0.8022153699803625
v 0.42371610410083077 0.47446948785500853 -0.771584971484165
v 0.45612651997862746 0.4972554226277438 -0.7380282124956273
v 0.48802210168801197 0.5191865629465026 -0.7016264968769444
v 0.5190722733615194 0.5400039794464362 -0.6625403211951081
v 0.5489506004532375 0.5594639183710177 -0.6210099534653025
v 0.5773502691896257 0.5773502691896258 -0.5773502691896258
v 0.6039990477398008 0.5934857298220207 -0.5319396947277361
v 0.6286721093071896 0.6077404032222729 -0.4852040614736011
v 0.6512013393196273 0.6200368780611368 -0.43759694413069505
v 0.6714802500893715 0.6303513474402552 -0.3895785575723718
v 0.6894642715258387 0.6387108877716611 -0.34159540414250467
v 0.7051668247027181 0.645187525162401 -0.29406258978915073
v 0.7186520801962826 0.6498900567650481 -0.24735016019295064
v 0.4034356709234709 0.40488036038819736 -0.8205556368695862
v 0.4364569654713135 0.42785980430302 -0.7914804515295082
v 0.46937445096587566 0.45044682073866027 -0.7594638151136077
v 0.5018695524102225 0.4723945989909117 -0.7245483387654537
v 0.5336081062253556 0.49345212036564085 -0.6868532549804527
v 0.5642542117657714 0.5133754412304479 -0.6465777917977316
v 0.5934857298220207 0.531939694727736 -0.6039990477398008
v 0.6210099534653024 0.5489506004532376 -0.5594639183710177
v 0.6465777917977316 0.5642542117657714 -0.5133754412304479
v 0.6699949179302779 0.5777438056165148 -0.4661747580246564
v 0.6911287363733696 0.5893632073632057 -0.4183205464300126
v 0.709910635852268 0.5991063585226795 -0.37026809244319614
v 0.7263336679990133 0.607013459011881 -0.3224500942929473
v 0.7404463784707827 0.6131644322250868 -0.2752608574853851
v 0.4477954526361847 0.38101045669104733 -0.8088944705525153
v 0.4811049037379304 0.40319086788360375 -0.7784440864022176
v 0.5140893643180239 0.42493643227743755 -0.7450779516388959
v 0.5464158255102468 0.4460101175671331 -0.7088756736266998
v 0.577743805616515 0.4661747580246564 -0.6699949179302779
v 0.607740403222273 0.48520406147360107 -0.6286721093071896
v 0.6360961886321861 0.5028938380649023 -0.5852174180968625
v 0.6625403211951081 0.5190722733615195 -0.5400039794464362
v 0.6868532549804527 0.5336081062253556 -0.4934521203656408
v 0.7088756736267001 0.5464158255102467 -0.4460101175671331
v 0.7285128280661668 0.5574574208592709 -0.3981334993089197
v 0.7457341167862215 0.5667407159635848 -0.35026502527394543
v 0.7605683934989093 0.5743147649054718 -0.30281722147536616
v 0.4913054560965641 0.3559145298431724 -0.7949489268225102
v 0.5246581468823925 0.37725669242599236 -0.763158710184018
v 0.5574574208592709 0.3981334993089197 -0.7285128280661668
v 0.5893632073632057 0.41832054643001265 -0.6911287363733697
v 0.6200368780611367 0.43759694413069494 -0.6512013393196274
v 0.6491568673486585 0.45575573273384673 -0.6090008814889438
v 0.676434229689643 0.47261406978402154 -0.5648651820977846
v 0.7016264968769443 0.48802210168801213 -0.5191865629465027
v 0.7245483387654535 0.5018695524102225 -0.4723945989909118
v 0.7450779516388959 0.5140893643180238 -0.4249364322774376
v 0.7631587101840179 0.5246581468823927 -0.37725669242599236
v 0.7787962812413095 0.5335936312363779 -0.3297790002845592
v 0.5335936312363779 0.3297790002845591 -0.7787962812413096
v 0.5667407159635848 0.35026502527394554 -0.7457341167862214
v 0.5991063585226795 0.37026809244319614 -0.709910635852268
v 0.6303513474402552 0.38957855757237175 -0.6714802500893715
v 0.6601470611201469 0.407993321345605 -0.6306721077008361
v 0.6881909602355868 0.42532540417601994 -0.5877852522924731
v 0.714221113681046 0.441412923737689 -0.5431784527478529
v 0.7380282124956271 0.4561265199786275 -0.49725542262774375
v 0.7594638151136077 0.46937445096587566 -0.45044682073866027
v 0.7784440864022176 0.48110490373793025 -0.4031908678836037
v 0.7949489268225102 0.49130545609656434 -0.3559145298431724
v 0.574314764905472 0.3028172214753662 -0.7605683934989091
v 0.607013459011881 0.3224500942929473 -0.7263336679990133
v 0.638710887771661 0.3415954041425045 -0.6894642715258388
v 0.6690765704734354 0.3600595760984881 -0.6501489402462202
v 0.6977993998788006 0.37765788051734234 -0.6086464678382144
v 0.7246023328473185 0.39422300409007144 -0.5652784112969673
v 0.7492552987688995 0.40961275535982783 -0.5204170326894163
v 0.771584971484165 0.4237161041008308 -0.4744694878550086
v 0.7914804515295082 0.43645696547131346 -0.42785980430302
v 0.8088944705525153 0.4477954526361847 -0.38101045669104733
v 0.6131644322250868 0.2752608574853851 -0.7404463784707827
v 0.645187525162401 0.2940625897891507 -0.7051668247027182
v 0.6760050098995412 0.31238436267305286 -0.6674078487312476
v 0.7053023707988973 0.3300491522802835 -0.6273883349445707
v 0.732792340568943 0.3468903228109172 -0.5853908861125425
v 0.7582282134085556 0.3627591218962797 -0.5417525227189164
v 0.7814147199096139 0.37753114620354783 -0.49685135519068
v 0.8022153699803625 0.39111113506679496 -0.4510904346071123
v 0.8205556368695862 0.4034356709234709 -0.4048803603881973
v 0.6498900567650481 0.24735016019295059 -0.7186520801962826
v 0.6810340850659723 0.26535880858458344 -0.6824787745306987
v 0.7107897965621175 0.28290578270064953 -0.6440048006169802
v 0.7388647453316588 0.29983034835232103 -0.6034738190782669
v 0.7650002748902721 0.3159829939335215 -0.5611856439384533
v 0.7889830317777987 0.33123185975425573 -0.5174854883476929
v 0.8106535879687846 0.34546806698338706 -0.47275001322908294
v 0.8299113712432369 0.3586094512399049 -0.42737147467113945
v 0.6842981757742265 0.21932407261399264 -0.695437242175078
v 0.7143896024558053 0.23659001248998404 -0.6585382767106448
v 0.742936233119551 0.2534211984237677 -0.6195348656109626
v 0.7696723314583157 0.2696723314583159 -0.5786893258332633
v 0.7943708943990335 0.28520956729432606 -0.5363118354609216
v 0.8168531239744198 0.29991595139549404 -0.4927488162865203
v 0.8369947696147484 0.3136957575737731 -0.4483689633747755
v 0.7162575256568253 0.19141105648525408 -0.6710715046812532
v 0.7451565681206863 0.207992949528117 -0.6336249852501046
v 0.7723833828480952 0.2241733330971259 -0.5942812689528906
v 0.7977019678329571 0.23982107916482331 -0.5533149379003311
v 0.8209183090738944 0.2548162804840644 -0.5110399133409491
v 0.8418877451911071 0.26905480217155125 -0.46779753946067415
v 0.7456980969233914 0.16382137582250872 -0.6458303996162249
v 0.7733001621648697 0.17978224360974696 -0.6080174373144506
v 0.7991326580327285 0.1953788397604234 -0.5685192202902353
v 0.8229907521838611 0.21049271716251988 -0.5276163737426862
v 0.8447132280641448 0.22501609226802252 -0.48562055202995763
v 0.7726067529854991 0.13674131096188258 -0.619984370059141
v 0.7988417137396152 0.15214504236047313 -0.581982647915455
v 0.8232393057654598 0.16722358347609842 -0.5425065147739851
v 0.8456258791971097 0.18186961278947636 -0.5018369420199363
v 0.7970202949994198 0.11032949079140938 -0.5937895694778969
v 0.8218500315602454 0.12523799472940012 -0.555767910463156
v 0.8448023126546323 0.13986040175337827 -0.5164766408607155
v 0.8190169644536053 0.08471527097222838 -0.5674808673438284
v 0.8424316894770978 0.0991863668739794 -0.529595046418585
v 0.8387073275613336 0.05999889129545139 -0.541267172234048
v 0.5412671722340479 -0.8387073275613337 0.05999889129545136
v 0.5674808673438284 -0.8190169644536053 0.08471527097222835
v 0.5937895694778969 -0.7970202949994198 0.1103294907914094
v 0.6199843700591409 -0.7726067529854992 0.1367413109618825
v 0.6458303996162249 -0.7456980969233914 0.1638213758225087
v 0.6710715046812533 -0.7162575256568252 0.19141105648525406
v 0.6954372421750779 -0.6842981757742267 0.21932407261399262
v 0.7186520801962826 -0.6498900567650481 0.24735016019295059
v 0.7404463784707827 -0.6131644322250868 0.27526085748538515
v 0.7605683934989091 -0.574314764905472 0.30281722147536616
v 0.7787962812413096 -0.5335936312363779 0.3297790002845591
v 0.7949489268225102 -0.4913054560965642 0.3559145298431723
v 0.8088944705525154 -0.4477954526361847 0.38101045669104733
v 0.8205556368695862 -0.4034356709234709 0.40488036038819736
v 0.8299113712432369 -0.3586094512399049 0.42737147467113945
v 0.8369947696147484 -0.31369575757377305 0.44836896337477544
v 0.841887745191107 -0.26905480217155125 0.4677975394606742
v 0.8447132280641448 -0.22501609226802258 0.4856205520299576
v 0.8456258791971099 -0.1818696127894764 0.5018369420199362
v 0.8448023126546322 -0.13986040175337827 0.5164766408607155
v 0.8424316894770978 -0.09918636687397941 0.529595046418585
v 0.8387073275613336 -0.05999889129545144 0.5412671722340477
v 0.529595046418585 -0.8424316894770978 0.09918636687397939
v 0.555767910463156 -0.8218500315602453 0.12523799472940012
v 0.581982647915455 -0.7988417137396153 0.15214504236047313
v 0.6080174373144506 -0.7733001621648697 0.17978224360974693
v 0.6336249852501046 -0.7451565681206862 0.20799294952811703
v 0.6585382767106447 -0.7143896024558053 0.23659001248998401
v 0.6824787745306987 -0.6810340850659723 0.26535880858458344
v 0.7051668247027182 -0.6451875251624009 0.29406258978915073
v 0.7263336679990133 -0.607013459011881 0.3224500942929473
v 0.7457341167862215 -0.5667407159635848 0.3502650252739455
v 0.763158710184018 -0.5246581468823927 0.37725669242599225
v 0.7784440864022176 -0.4811049037379303 0.40319086788360375
v 0.7914804515295081 -0.43645696547131346 0.42785980430301995
v 0.8022153699803625 -0.39111113506679496 0.4510904346071123
v 0.8106535879687846 -0.345468066983387 0.47275001322908294
v 0.8168531239744198 -0.299915951395494 0.49274881628652023
v 0.8209183090738942 -0.25481628048406435 0.5110399133409491
v 0.8229907521838611 -0.21049271716251985 0.5276163737426863
v 0.8232393057654598 -0.1672235834760984 0.542506514773985
v 0.8218500315602453 -0.12523799472940003 0.555767910463156
v 0.8190169644536054 -0.08471527097222833 0.5674808673438284
v 0.5164766408607155 -0.8448023126546322 0.13986040175337827
v 0.542506514773985 -0.8232393057654598 0.1672235834760984
v 0.5685192202902353 -0.7991326580327285 0.1953788397604234
v 0.5942812689528907 -0.7723833828480952 0.2241733330971259
v 0.6195348656109626 -0.742936233119551 0.2534211984237677
v 0.6440048006169802 -0.7107897965621176 0.28290578270064953
v 0.6674078487312476 -0.6760050098995412 0.31238436267305286
v 0.6894642715258388 -0.6387108877716612 0.34159540414250444
v 0.709910635852268 -0.5991063585226795 0.37026809244319614
v 0.7285128280661668 -0.5574574208592709 0.3981334993089198
v 0.7450779516388959 -0.5140893643180238 0.4249364322774375
v 0.7594638151136077 -0.46937445096587566 0.45044682073866027
v 0.771584971484165 -0.4237161041008309 0.47446948785500853
v 0.7814147199096139 -0.37753114620354783 0.4968513551906801
v 0.7889830317777987 -0.33123185975425573 0.5174854883476929
v 0.7943708943990336 -0.28520956729432606 0.5363118354609216
v 0.7977019678329571 -0.2398210791648233 0.5533149379003311
v 0.7991326580327285 -0.1953788397604234 0.5685192202902353
v 0.7988417137396152 -0.15214504236047313 0.5819826479154548
v 0.7970202949994198 -0.11032949079140938 0.5937895694778969
v 0.5018369420199363 -0.84562587919711 0.18186961278947628
v 0.5276163737426862 -0.8229907521838611 0.21049271716251985
v 0.5533149379003311 -0.7977019678329571 0.23982107916482331
v 0.5786893258332632 -0.7696723314583159 0.26967233145831576
v 0.6034738190782668 -0.7388647453316587 0.299830348352321
v 0.6273883349445708 -0.7053023707988973 0.3300491522802835
v 0.6501489402462202 -0.6690765704734355 0.360059576098488
v 0.6714802500893715 -0.6303513474402552 0.3895785575723717
v 0.6911287363733696 -0.5893632073632057 0.4183205464300126
v 0.7088756736267 -0.5464158255102467 0.4460101175671331
v 0.7245483387654537 -0.5018695524102226 0.4723945989909117
v 0.7380282124956273 -0.4561265199786275 0.49725542262774375
v 0.7492552987688996 -0.40961275535982783 0.5204170326894162
v 0.7582282134085556 -0.3627591218962797 0.5417525227189163
v 0.7650002748902721 -0.3159829939335216 0.5611856439384533
v 0.7696723314583158 -0.2696723314583159 0.5786893258332632
v 0.7723833828480952 -0.2241733330971259 0.5942812689528907
v 0.7733001621648696 -0.17978224360974696 0.6080174373144505
v 0.7726067529854992 -0.1367413109618826 0.6199843700591408
v 0.48562055202995763 -0.8447132280641448 0.22501609226802255
v 0.5110399133409491 -0.8209183090738942 0.2548162804840645
v 0.5363118354609216 -0.7943708943990336 0.2852095672943261
v 0.5611856439384533 -0.7650002748902721 0.3159829939335215
v 0.5853908861125426 -0.7327923405689429 0.3468903228109173
v 0.6086464678382144 -0.6977993998788006 0.37765788051734234
v 0.630672107700836 -0.6601470611201468 0.407993321345605
v 0.6512013393196273 -0.6200368780611367 0.43759694413069494
v 0.6699949179302779 -0.5777438056165148 0.4661747580246564
v 0.6868532549804527 -0.5336081062253556 0.4934521203656409
v 0.7016264968769444 -0.48802210168801213 0.5191865629465027
v 0.714221113681046 -0.441412923737689 0.543178452747853
v 0.7246023328473185 -0.39422300409007155 0.5652784112969674
v 0.732792340568943 -0.3468903228109172 0.5853908861125426
v 0.7388647453316588 -0.299830348352321 0.6034738190782669
v 0.742936233119551 -0.2534211984237677 0.6195348656109626
v 0.7451565681206862 -0.20799294952811698 0.6336249852501047
v 0.7456980969233913 -0.1638213758225087 0.645830399616225
v 0.4677975394606742 -0.841887745191107 0.26905480217155125
v 0.49274881628652023 -0.8168531239744198 0.299915951395494
v 0.5174854883476929 -0.7889830317777987 0.33123185975425573
v 0.5417525227189163 -0.7582282134085556 0.3627591218962797
v 0.5652784112969674 -0.7246023328473185 0.3942230040900715
v 0.5877852522924731 -0.6881909602355868 0.42532540417601994
v 0.6090008814889437 -0.6491568673486585 0.45575573273384673
v 0.6286721093071898 -0.6077404032222729 0.485204061473601
v 0.6465777917977316 -0.5642542117657714 0.5133754412304479
v 0.662540321195108 -0.5190722733615194 0.5400039794464362
v 0.676434229689643 -0.4726140697840215 0.5648651820977845
v 0.6881909602355868 -0.42532540417601994 0.5877852522924731
v 0.6977993998788006 -0.37765788051734234 0.6086464678382144
v 0.7053023707988973 -0.3300491522802835 0.6273883349445708
v 0.7107897965621175 -0.28290578270064953 0.6440048006169802
v 0.7143896024558054 -0.23659001248998404 0.6585382767106447
v 0.7162575256568252 -0.19141105648525403 0.6710715046812533
v 0.4483689633747755 -0.8369947696147485 0.3136957575737731
v 0.47275001322908294 -0.8106535879687845 0.3454680669833871
v 0.4968513551906801 -0.7814147199096138 0.3775311462035479
v 0.5204170326894162 -0.7492552987688995 0.40961275535982783
v 0.5431784527478529 -0.714221113681046 0.44141292373768903
v 0.5648651820977846 -0.676434229689643 0.47261406978402154
v 0.5852174180968625 -0.636096188632186 0.5028938380649024
v 0.603999047739801 -0.5934857298220207 0.5319396947277361
v 0.6210099534653025 -0.5489506004532375 0.5594639183710178
v 0.6360961886321861 -0.5028938380649023 0.5852174180968627
v 0.6491568673486585 -0.4557557327338466 0.6090008814889438
v 0.6601470611201469 -0.40799332134560495 0.6306721077008361
v 0.6690765704734355 -0.36005957609848804 0.6501489402462203
v 0.676005009899541 -0.31238436267305275 0.6674078487312477
v 0.6810340850659723 -0.2653588085845834 0.6824787745306987
v 0.6842981757742265 -0.21932407261399262 0.695437242175078
v 0.4273714746711395 -0.829911371243237 0.35860945123990484
v 0.4510904346071123 -0.8022153699803625 0.39111113506679496
v 0.47446948785500853 -0.771584971484165 0.42371610410083077
v 0.4972554226277438 -0.7380282124956273 0.45612651997862746
v 0.5191865629465026 -0.7016264968769444 0.48802210168801197
v 0.5400039794464362 -0.6625403211951081 0.5190722733615194
v 0.5594639183710177 -0.6210099534653025 0.5489506004532375
v 0.5773502691896258 -0.5773502691896258 0.5773502691896257
v 0.5934857298220207 -0.5319396947277361 0.6039990477398008
v 0.6077404032222729 -0.4852040614736011 0.6286721093071896
v 0.6200368780611368 -0.43759694413069505 0.6512013393196273
v 0.6303513474402552 -0.3895785575723718 0.6714802500893715
v 0.6387108877716611 -0.34159540414250467 0.6894642715258387
v 0.645187525162401 -0.29406258978915073 0.7051668247027181
v 0.6498900567650481 -0.24735016019295064 0.7186520801962826
v 0.40488036038819736 -0.8205556368695862 0.4034356709234709
v 0.42785980430302 -0.7914804515295082 0.4364569654713135
v 0.45044682073866027 -0.7594638151136077 0.46937445096587566
v 0.4723945989909117 -0.7245483387654537 0.5018695524102225
v 0.49345212036564085 -0.6868532549804527 0.5336081062253556
v 0.5133754412304479 -0.6465777917977316 0.5642542117657714
v 0.531939694727736 -0.6039990477398008 0.5934857298220207
v 0.5489506004532376 -0.5594639183710177 0.6210099534653024
v 0.5642542117657714 -0.5133754412304479 0.6465777917977316
v 0.5777438056165148 -0.4661747580246564 0.6699949179302779
v 0.5893632073632057 -0.4183205464300126 0.6911287363733696
v 0.5991063585226795 -0.37026809244319614 0.709910635852268
v 0.607013459011881 -0.3224500942929473 0.7263336679990133
v 0.6131644322250868 -0.2752608574853851 0.7404463784707827
v 0.38101045669104733 -0.8088944705525153 0.4477954526361847
v 0.40319086788360375 -0.7784440864022176 0.4811049037379304
v 0.42493643227743755 -0.7450779516388959 0.5140893643180239
v 0.4460101175671331 -0.7088756736266998 0.5464158255102468
v 0.46617475802465635 -0.6699949179302778 0.5777438056165148
v 0.48520406147360107 -0.6286721093071896 0.607740403222273
v 0.5028938380649023 -0.5852174180968625 0.6360961886321861
v 0.5190722733615195 -0.5400039794464362 0.6625403211951081
v 0.5336081062253556 -0.4934521203656408 0.6868532549804527
v 0.5464158255102467 -0.4460101175671331 0.7088756736267001
v 0.5574574208592709 -0.39813349930891967 0.7285128280661667
v 0.5667407159635848 -0.35026502527394543 0.7457341167862215
v 0.5743147649054718 -0.30281722147536616 0.7605683934989093
v 0.3559145298431724 -0.7949489268225102 0.4913054560965641
v 0.37725669242599236 -0.763158710184018 0.5246581468823925
v 0.3981334993089197 -0.7285128280661668 0.5574574208592709
v 0.41832054643001265 -0.6911287363733697 0.5893632073632057
v 0.43759694413069494 -0.6512013393196274 0.6200368780611367
v 0.45575573273384673 -0.6090008814889438 0.6491568673486585
v 0.47261406978402154 -0.5648651820977846 0.676434229689643
v 0.48802210168801213 -0.5191865629465027 0.7016264968769443
v 0.5018695524102226 -0.47239459899091185 0.7245483387654537
v 0.5140893643180238 -0.4249364322774376 0.7450779516388959
v 0.5246581468823927 -0.37725669242599236 0.7631587101840179
v 0.5335936312363779 -0.3297790002845592 0.7787962812413095
v 0.3297790002845591 -0.7787962812413096 0.5335936312363779
v 0.35026502527394554 -0.7457341167862214 0.5667407159635848
v 0.37026809244319614 -0.709910635852268 0.5991063585226795
v 0.38957855757237175 -0.6714802500893715 0.6303513474402552
v 0.40799332134560495 -0.630672107700836 0.6601470611201468
v 0.42532540417601994 -0.5877852522924731 0.6881909602355868
v 0.441412923737689 -0.5431784527478529 0.714221113681046
v 0.4561265199786275 -0.49725542262774375 0.7380282124956271
v 0.46937445096587566 -0.45044682073866027 0.7594638151136077
v 0.48110490373793025 -0.4031908678836037 0.7784440864022176
v 0.4913054560965643 -0.35591452984317234 0.7949489268225101
v 0.3028172214753662 -0.7605683934989091 0.574314764905472
v 0.3224500942929473 -0.7263336679990133 0.607013459011881
v 0.34159540414250456 -0.6894642715258389 0.6387108877716611
v 0.3600595760984881 -0.6501489402462202 0.6690765704734354
v 0.37765788051734234 -0.6086464678382144 0.6977993998788006
v 0.39422300409007144 -0.5652784112969673 0.7246023328473185
v 0.40961275535982783 -0.5204170326894163 0.7492552987688995
v 0.4237161041008308 -0.4744694878550086 0.771584971484165
v 0.43645696547131346 -0.42785980430302 0.7914804515295082
v 0.4477954526361847 -0.38101045669104733 0.8088944705525153
v 0.2752608574853851 -0.7404463784707827 0.6131644322250868
v 0.2940625897891507 -0.7051668247027182 0.645187525162401
v 0.31238436267305286 -0.6674078487312476 0.6760050098995412
v 0.3300491522802835 -0.6273883349445707 0.7053023707988973
v 0.3468903228109172 -0.5853908861125425 0.732792340568943
v 0.3627591218962797 -0.5417525227189163 0.7582282134085556
v 0.37753114620354783 -0.49685135519068 0.7814147199096139
v 0.39111113506679496 -0.4510904346071123 0.8022153699803625
v 0.4034356709234709 -0.4048803603881973 0.8205556368695862
v 0.24735016019295059 -0.7186520801962826 0.6498900567650481
v 0.26535880858458344 -0.6824787745306987 0.6810340850659723
v 0.28290578270064953 -0.6440048006169802 0.7107897965621176
v 0.299830348352321 -0.6034738190782668 0.7388647453316587
v 0.3159829939335215 -0.5611856439384533 0.7650002748902721
v 0.33123185975425573 -0.5174854883476929 0.7889830317777987
v 0.34546806698338706 -0.47275001322908294 0.8106535879687846
v 0.35860945123990495 -0.4273714746711395 0.829911371243237
v 0.21932407261399264 -0.695437242175078 0.6842981757742265
v 0.23659001248998404 -0.6585382767106448 0.7143896024558053
v 0.2534211984237677 -0.6195348656109626 0.742936233119551
v 0.2696723314583159 -0.5786893258332633 0.7696723314583157
v 0.28520956729432606 -0.5363118354609216 0.7943708943990335
v 0.299915951395494 -0.49274881628652023 0.8168531239744197
v 0.3136957575737731 -0.4483689633747755 0.8369947696147484
v 0.19141105648525406 -0.6710715046812532 0.7162575256568252
v 0.207992949528117 -0.6336249852501046 0.7451565681206863
v 0.2241733330971259 -0.5942812689528906 0.7723833828480952
v 0.23982107916482334 -0.5533149379003311 0.7977019678329572
v 0.2548162804840644 -0.5110399133409491 0.8209183090738944
v 0.26905480217155125 -0.46779753946067415 0.8418877451911071
v 0.16382137582250872 -0.6458303996162249 0.7456980969233914
v 0.17978224360974696 -0.6080174373144506 0.7733001621648697
v 0.1953788397604234 -0.5685192202902353 0.7991326580327285
v 0.21049271716251988 -0.5276163737426862 0.8229907521838611
v 0.22501609226802252 -0.48562055202995763 0.8447132280641448
v 0.13674131096188255 -0.6199843700591409 0.7726067529854991
v 0.15214504236047313 -0.581982647915455 0.7988417137396152
v 0.16722358347609842 -0.5425065147739851 0.8232393057654598
v 0.18186961278947636 -0.5018369420199363 0.8456258791971097
v 0.11032949079140938 -0.5937895694778969 0.7970202949994198
v 0.12523799472940012 -0.555767910463156 0.8218500315602454
v 0.13986040175337827 -0.5164766408607155 0.8448023126546323
v 0.08471527097222838 -0.5674808673438284 0.8190169644536053
v 0.0991863668739794 -0.529595046418585 0.8424316894770978
v 0.05999889129545139 -0.541267172234048 0.8387073275613336
v 0.48126828093859647 -0.8757886816692328 0.03708135410789915
v 0.4682945004698491 -0.8803175104023412 0.07577164185048695
v 0.45392916772451863 -0.883458776963223 0.11596939292577203
v 0.4381147572696645 -0.885008355210178 0.1575299040522727
v 0.42081430734820247 -0.8847656899607117 0.20026230948283416
v 0.402016702509702 -0.8825425382352229 0.24392875826469487
v 0.3817414846013048 -0.8781728160814655 0.2882463252670193
v 0.36004262895637784 -0.8715228863182574 0.33289212060016365
v 0.33701070754731177 -0.8625013891299094 0.37751177034290845
v 0.31277294086272456 -0.8510675746422777 0.42173104089762425
v 0.28749082514474544 -0.8372371019623239 0.4651699265379511
v 0.2613552955861322 -0.8210844563811234 0.5074581016777646
v 0.23457970564704342 -0.8027414975886716 0.5482503531669115
v 0.20739120464449953 -0.7823921307311058 0.5872405316445244
v 0.1800213144781889 -0.760263595271303 0.6241727261253067
v 0.15269659384052198 -0.7366152886417949 0.6588487434674729
v 0.12563021953428188 -0.7117262977253691 0.6911314817499687
v 0.09901513114075354 -0.6858828615127918 0.720944314138203
v 0.0730191262116108 -0.6593668460722091 0.7482670442482955
v 0.04778201765521249 -0.6324460337864874 0.7731292861718135
v 0.023414725023492476 -0.6053666882690719 0.7956022394301129
v 4.1981902797984136e-17 -0.578348526341947 0.8157897903737814
v 0.44487977544635654 -0.8947886063040922 0.037885820925243466
v 0.4305299157337559 -0.8992513689858948 0.07740133742564947
v 0.41475906443935645 -0.9021915720483994 0.11842839942440941
v 0.39752472015193063 -0.9033918157556253 0.16080212714352854
v 0.37880870476604017 -0.9026416903466646 0.2043084531819258
v 0.3586223253151507 -0.8997478541864821 0.24868419063618677
v 0.3370107075473117 -0.8945450924894309 0.2936202658222622
v 0.3140556896359231 -0.8869075000122311 0.3387685201274745
v 0.28987670252769987 -0.876758698299792 0.38375211046627716
v 0.26462921304829107 -0.864079898627872 0.42817906112827214
v 0.2385005633016254 -0.848914714130246 0.4716580217042537
v 0.21170337043863283 -0.8313699290118758 0.5138148733539265
v 0.1844669925176272 -0.8116119147692972 0.5543086040068447
v 0.15702784481796153 -0.7898589547345867 0.5928449102230804
v 0.12961950290281218 -0.7663702790513451 0.6291862839048474
v 0.10246352151861451 -0.741433006922707 0.663157841696498
v 0.07576174095320799 -0.7153483665228748 0.6946487408185475
v 0.049690590018991315 -0.6884185008862148 0.7236095721458784
v 0.024397592025844506 -0.6609349141983945 0.7500465296879264
v -3.9832018769795354e-17 -0.6331692478888055 0.7740133742564946
v -0.023414725023492473 -0.6053666882690719 0.7956022394301129
v 0.40614715006930613 -0.9129896879251919 0.038656464308590675
v 0.390361472413512 -0.9172701131640247 0.07895226628293962
v 0.37314038052981185 -0.9198834216871895 0.12075076365446102
v 0.35446018978806726 -0.9206009609906352 0.16386532421023747
v 0.3343252983166365 -0.919205439624095 0.20805757537510228
v 0.3127729408627245 -0.915502344047086 0.25303862453857456
v 0.2898767025276998 -0.9093320900650393 0.2984738636959933
v 0.265748167425008 -0.9005818416866632 0.34399165387332836
v 0.2405361848863923 -0.8891957226704116 0.3891957226704115
v 0.2144234637481429 -0.875182121262637 0.4336805654124702
v 0.1876205307796251 -0.8586169976899078 0.4770486219537173
v 0.1603574565909282 -0.8396425434090717 0.5189276302272153
v 0.132874083712504 -0.8184611417283371 0.5589864375441587
v 0.10540971001007264 -0.7953252188866733 0.5969477273919866
v 0.07819323521568113 -0.7705241128862675 0.6325965613464364
v 0.051434661279482555 -0.7443694108360239 0.6657842412003272
v 0.025318584984861926 -0.7171802621105687 0.6964276278935093
v 0.0 -0.6892699839446963 0.7245045819267661
v -0.02439759202584448 -0.6609349141983946 0.7500465296879263
v -0.047782017655212505 -0.6324460337864874 0.7731292861718135
v 0.36509563105805376 -0.9301366570377718 0.03938247601306818
v 0.3478341301329394 -0.9341022893083983 0.08040106357176427
v 0.3291416048032053 -0.9362487070583326 0.1228989931576781
v 0.30901699437494745 -0.9363389981249826 0.16666666666666666
v 0.2874908251447455 -0.934152975449527 0.21144087569906866
v 0.26462921304829107 -0.9294998378598645 0.25690743667696325
v 0.24053618488639233 -0.9222311755113046 0.30270778429920897
v 0.21535373011074402 -0.9122530399572549 0.34844965492325547
v 0.18925918396314712 -0.8995356486714199 0.3937214472884241
v 0.16245984811645314 -0.8841193776664111 0.438109260099278
v 0.13518513140224794 -0.8661160462793359 0.4812151022414073
v 0.10767686505537204 -0.8457050775509992 0.5226744823848832
v 0.08017872829546416 -0.8231248169886253 0.5621715994128166
v 0.052925842609658214 -0.7986599593958795 0.599450685579581
v 0.026135529558613247 -0.7726265196375218 0.6343226270972059
v 5.1461667323329365e-17 -0.7453559924999299 0.6666666666666666
v -0.025318584984861944 -0.7171802621105687 0.6964276278935093
v -0.04969059001899131 -0.6884185008862148 0.7236095721458784
v -0.0730191262116107 -0.6593668460722091 0.7482670442482955
v 0.32179917620744886 -0.9459604064062255 0.04005246189656683
v 0.3030469638128321 -0.9494650213026119 0.08172338127277032
v 0.2828906370371539 -0.9509938084946532 0.12483454522506135
v 0.2613552955861322 -0.9503056210307275 0.1691527005592549
v 0.23850056330162533 -0.9471823504345128 0.21439000986556986
v 0.21442346374814292 -0.9414426155535537 0.2602083392474822
v 0.1892591839631471 -0.932955251063504 0.3062277923354411
v 0.1631792376316153 -0.9216511241654857 0.352039403661666
v 0.13638681170492226 -0.9075317519362489 0.3972212945204333
v 0.10910944936393781 -0.8906734148860742 0.4413569939115926
v 0.08158961881580765 -0.8712259666081686 0.4840541800347907
v 0.05407405256089914 -0.849406245083294 0.5249619297178989
v 0.026802932968517858 -0.8254867505444495 0.5637847350362112
v -5.2957763352706824e-17 -0.7997808959781124 0.6002920276235956
v -0.026135529558613247 -0.7726265196375218 0.6343226270972059
v -0.05143466127948254 -0.7443694108360239 0.6657842412003272
v -0.07576174095320808 -0.7153483665228748 0.6946487408185475
v -0.09901513114075354 -0.6858828615127918 0.720944314138203
v 0.2763864829754201 -0.9601862839215201 0.04065479304411581
v 0.2561588037965362 -0.963073793091992 0.08289473021206226
v 0.2345797056470434 -0.9638284211006921 0.12651931226928728
v 0.21170337043863285 -0.9622098074758607 0.17127162445130883
v 0.18762053077962504 -0.9580077391262828 0.21684028270623512
v 0.16245984811645314 -0.9510565162951535 0.2628655560595668
v 0.13638681170492226 -0.9412484260365984 0.30894989573811477
v 0.10959983594567031 -0.9285447107773686 0.35467251944301403
v 0.08232358003196016 -0.912982492932299 0.3996070517018511
v 0.05479991797283513 -0.8946764988894502 0.4433406493037675
v 0.02727736234098447 -0.8738150778358993 0.4854926933027518
v 0.0 -0.8506508083520399 0.5257311121191336
v -0.02680293296851784 -0.8254867505444495 0.5637847350362112
v -0.052925842609658234 -0.7986599593958795 0.599450685579581
v -0.07819323521568113 -0.7705241128862675 0.6325965613464364
v -0.10246352151861447 -0.741433006922707 0.6631578416964979
v -0.12563021953428188 -0.711726297725369 0.6911314817499687
v 0.22904489076078283 -0.9725445010412459 0.04117804646671705
v 0.2073912046444995 -0.9746543508882346 0.08389150452064635
v 0.1844669925176271 -0.9744788735955344 0.1279173701554257
v 0.1603574565909282 -0.9717843547726445 0.17297587674240514
v 0.13518513140224786 -0.9663748534555878 0.21873413738245792
v 0.10910944936393778 -0.9581067630867733 0.2648141963469555
v 0.08232358003196011 -0.9469016732891814 0.31080548465699537
v 0.05504844728656332 -0.9327558590467852 0.35628103495026586
v 0.027524223643281623 -0.9157449533212836 0.40081616431904904
v -7.311802721684318e-17 -0.8960229027538579 0.44400783522427906
v -0.027277362340984507 -0.8738150778358993 0.4854926933027518
v -0.05407405256089923 -0.849406245083294 0.5249619297178989
v -0.08017872829546414 -0.8231248169886253 0.5621715994128167
v -0.10540971001007275 -0.7953252188866733 0.5969477273919866
v -0.12961950290281227 -0.7663702790513451 0.6291862839048474
v -0.15269659384052198 -0.7366152886417948 0.6588487434674729
v 0.18002131447818892 -0.9827821773652117 0.04161151507502044
v 0.1570278448179616 -0.9839560452898753 0.08469213003186861
v 0.13287408371250403 -0.9827025416449895 0.12899687020249814
v 0.10767686505537209 -0.9788010023635108 0.17422482746162773
v 0.08158961881580767 -0.9720762817228026 0.2200246272885412
v 0.0547999179728352 -0.9624129226652869 0.26600438958226047
v 0.02752422364328173 -0.9497667647722866 0.31174590558148263
v 7.345063871007168e-17 -0.9341723589627158 0.35682208977308993
v -0.027524223643281623 -0.9157449533212836 0.40081616431904904
v -0.054799917972835094 -0.8946764988894502 0.4433406493037675
v -0.08158961881580758 -0.8712259666081686 0.48405418003479067
v -0.10767686505537194 -0.8457050775509992 0.5226744823848832
v -0.1328740837125039 -0.8184611417283371 0.5589864375441587
v -0.15702784481796153 -0.7898589547345868 0.5928449102230804
v -0.1800213144781888 -0.760263595271303 0.6241727261253067
v 0.12961950290281224 -0.9906762025679953 0.04194575226032316
v 0.10540971001007264 -0.9907655694781581 0.0852782467702838
v 0.0801787282954641 -0.988302081193091 0.12973190755680383
v 0.05407405256089919 -0.9830846546516299 0.1749873099059663
v 0.027277362340984438 -0.9749651001369483 0.2206784969557963
v 0.0 -0.9638612634676226 0.26640470113456743
v -0.027524223643281696 -0.9497667647722866 0.31174590558148263
v -0.05504844728656334 -0.932755859046785 0.35628103495026575
v -0.08232358003196016 -0.912982492932299 0.3996070517018511
v -0.10910944936393786 -0.8906734148860742 0.4413569939115926
v -0.13518513140224794 -0.866116046279336 0.4812151022414074
v -0.1603574565909282 -0.8396425434090717 0.5189276302272153
v -0.18446699251762716 -0.8116119147692972 0.5543086040068447
v -0.20739120464449956 -0.7823921307311058 0.5872405316445244
v 0.0781932352156811 -0.9960458058030961 0.04217310408976243
v 0.05292584260965817 -0.9949197770918569 0.08563581222565443
v 0.026802932968517802 -0.991137986271741 0.13010416962374105
v -3.6073332791198436e-17 -0.9845250856095248 0.17524370403971123
v -0.02727736234098455 -0.9749651001369483 0.2206784969557963
v -0.0547999179728352 -0.9624129226652869 0.26600438958226047
v -0.08232358003196023 -0.9469016732891813 0.31080548465699537
v -0.10959983594567034 -0.9285447107773686 0.35467251944301403
v -0.13638681170492234 -0.9075317519362488 0.39722129452043325
v -0.16245984811645325 -0.8841193776664111 0.4381092600992781
v -0.18762053077962512 -0.8586169976899078 0.4770486219537173
v -0.2117033704386329 -0.8313699290118758 0.5138148733539265
v -0.23457970564704342 -0.8027414975886715 0.5482503531669115
v 0.026135529558613296 -0.9987635577743289 0.04228817513981372
v 7.061035113694243e-17 -0.9963161685866463 0.08575600394622793
v -0.026802932968517802 -0.991137986271741 0.13010416962374105
v -0.05407405256089909 -0.9830846546516299 0.1749873099059663
v -0.08158961881580762 -0.9720762817228028 0.22002462728854122
v -0.10910944936393778 -0.9581067630867733 0.2648141963469555
v -0.13638681170492223 -0.9412484260365984 0.30894989573811477
v -0.16317923763161524 -0.9216511241654857 0.3520394036616659
v -0.18925918396314703 -0.8995356486714199 0.3937214472884242
v -0.21442346374814286 -0.875182121262637 0.4336805654124702
v -0.23850056330162528 -0.848914714130246 0.47165802170425364
v -0.26135529558613213 -0.8210844563811234 0.5074581016777647
v -0.026135529558613226 -0.9987635577743289 0.04228817513981372
v -0.0529258426096582 -0.994919777091857 0.08563581222565442
v -0.0801787282954641 -0.988302081193091 0.12973190755680383
v -0.10767686505537198 -0.9788010023635108 0.17422482746162773
v -0.13518513140224797 -0.9663748534555879 0.21873413738245792
v -0.16245984811645314 -0.9510565162951535 0.2628655560595668
v -0.18925918396314712 -0.932955251063504 0.30622779233544106
v -0.215353730110744 -0.912253039957255 0.34844965492325547
v -0.2405361848863923 -0.8891957226704116 0.3891957226704115
v -0.2646292130482911 -0.864079898627872 0.42817906112827214
v -0.28749082514474544 -0.8372371019623239 0.4651699265379511
v -0.0781932352156811 -0.9960458058030961 0.04217310408976243
v -0.1054097100100726 -0.9907655694781581 0.08527824677028378
v -0.13287408371250395 -0.9827025416449895 0.12899687020249817
v -0.16035745659092815 -0.9717843547726445 0.17297587674240514
v -0.18762053077962504 -0.9580077391262828 0.21684028270623512
v -0.21442346374814286 -0.9414426155535536 0.2602083392474821
v -0.24053618488639228 -0.9222311755113047 0.302707784299209
v -0.2657481674250079 -0.9005818416866632 0.3439916538733284
v -0.2898767025276998 -0.876758698299792 0.3837521104662771
v -0.3127729408627245 -0.8510675746422778 0.4217310408976243
v -0.1296195029028123 -0.9906762025679953 0.04194575226032317
v -0.1570278448179616 -0.9839560452898753 0.08469213003186861
v -0.18446699251762722 -0.9744788735955344 0.1279173701554257
v -0.21170337043863285 -0.9622098074758607 0.17127162445130883
v -0.23850056330162547 -0.9471823504345128 0.21439000986556986
v -0.26462921304829107 -0.9294998378598645 0.25690743667696325
v -0.28987670252769987 -0.9093320900650396 0.2984738636959933
v -0.3140556896359232 -0.8869075000122311 0.3387685201274745
v -0.33701070754731177 -0.8625013891299094 0.37751177034290845
v -0.1800213144781889 -0.9827821773652117 0.04161151507502045
v -0.2073912046444995 -0.9746543508882345 0.08389150452064631
v -0.2345797056470434 -0.9638284211006921 0.12651931226928728
v -0.2613552955861322 -0.9503056210307275 0.16915270055925494
v -0.2874908251447455 -0.934152975449527 0.21144087569906866
v -0.3127729408627245 -0.915502344047086 0.25303862453857456
v -0.33701070754731177 -0.8945450924894309 0.2936202658222622
v -0.3600426289563777 -0.8715228863182575 0.3328921206001636
v -0.22904489076078283 -0.9725445010412459 0.04117804646671705
v -0.2561588037965362 -0.963073793091992 0.08289473021206226
v -0.2828906370371539 -0.9509938084946532 0.12483454522506135
v -0.30901699437494734 -0.9363389981249826 0.16666666666666666
v -0.3343252983166365 -0.919205439624095 0.20805757537510228
v -0.3586223253151507 -0.8997478541864821 0.24868419063618677
v -0.3817414846013048 -0.8781728160814656 0.28824632526701943
v -0.2763864829754201 -0.9601862839215201 0.04065479304411581
v -0.30304696381283214 -0.9494650213026119 0.0817233812727703
v -0.3291416048032053 -0.9362487070583326 0.1228989931576781
v -0.35446018978806726 -0.9206009609906352 0.16386532421023747
v -0.3788087047660402 -0.9026416903466645 0.20430845318192575
v -0.402016702509702 -0.8825425382352229 0.24392875826469487
v -0.32179917620744886 -0.9459604064062255 0.04005246189656683
v -0.34783413013293923 -0.9341022893083982 0.08040106357176426
v -0.37314038052981185 -0.9198834216871895 0.12075076365446102
v -0.39752472015193063 -0.9033918157556253 0.16080212714352854
v -0.42081430734820247 -0.8847656899607117 0.20026230948283416
v -0.3650956310580537 -0.9301366570377719 0.039382476013068185
v -0.39036147241351193 -0.9172701131640247 0.07895226628293962
v -0.41475906443935645 -0.9021915720483994 0.11842839942440941
v -0.4381147572696645 -0.8850083552101781 0.15752990405227274
v -0.40614715006930613 -0.9129896879251919 0.038656464308590675
v -0.43052991573375593 -0.8992513689858948 0.07740133742564946
v -0.45392916772451863 -0.883458776963223 0.11596939292577203
v -0.44487977544635654 -0.8947886063040922 0.037885820925243466
v -0.4682945004698491 -0.8803175104023412 0.07577164185048695
v -0.4812682809385964 -0.8757886816692328 0.03708135410789916
v 0.48126828093859647 -0.8757886816692328 -0.03708135410789915
v 0.44487977544635654 -0.8947886063040922 -0.037885820925243466
v 0.40614715006930613 -0.9129896879251919 -0.038656464308590675
v 0.36509563105805376 -0.9301366570377718 -0.03938247601306818
v 0.32179917620744886 -0.9459604064062255 -0.04005246189656683
v 0.2763864829754201 -0.9601862839215201 -0.04065479304411581
v 0.22904489076078288 -0.9725445010412459 -0.04117804646671704
v 0.1800213144781889 -0.9827821773652117 -0.04161151507502045
v 0.12961950290281218 -0.9906762025679952 -0.041945752260323155
v 0.07819323521568114 -0.9960458058030961 -0.042173104089762416
v 0.026135529558613226 -0.9987635577743289 -0.04228817513981372
v -0.026135529558613188 -0.9987635577743289 -0.04228817513981371
v -0.07819323521568106 -0.9960458058030961 -0.04217310408976242
v -0.12961950290281218 -0.9906762025679952 -0.041945752260323155
v -0.18002131447818884 -0.9827821773652117 -0.04161151507502044
v -0.2290448907607828 -0.972544501041246 -0.04117804646671705
v -0.2763864829754201 -0.9601862839215201 -0.04065479304411581
v -0.32179917620744886 -0.9459604064062255 -0.04005246189656683
v -0.36509563105805365 -0.9301366570377719 -0.03938247601306818
v -0.40614715006930613 -0.9129896879251919 -0.038656464308590675
v -0.44487977544635654 -0.8947886063040922 -0.037885820925243466
v -0.48126828093859636 -0.8757886816692328 -0.03708135410789915
v 0.4682945004698491 -0.8803175104023412 -0.07577164185048695
v 0.4305299157337559 -0.8992513689858948 -0.07740133742564947
v 0.390361472413512 -0.9172701131640247 -0.07895226628293962
v 0.3478341301329394 -0.9341022893083983 -0.08040106357176427
v 0.3030469638128321 -0.9494650213026119 -0.08172338127277032
v 0.2561588037965362 -0.963073793091992 -0.08289473021206226
v 0.20739120464449953 -0.9746543508882344 -0.08389150452064632
v 0.15702784481796153 -0.9839560452898753 -0.08469213003186862
v 0.10540971001007264 -0.9907655694781581 -0.0852782467702838
v 0.05292584260965817 -0.9949197770918569 -0.08563581222565443
v 0.0 -0.9963161685866463 -0.08575600394622794
v -0.05292584260965824 -0.9949197770918569 -0.08563581222565443
v -0.10540971001007264 -0.9907655694781581 -0.0852782467702838
v -0.15702784481796164 -0.9839560452898753 -0.08469213003186862
v -0.20739120464449956 -0.9746543508882344 -0.08389150452064632
v -0.2561588037965362 -0.963073793091992 -0.08289473021206226
v -0.3030469638128322 -0.9494650213026119 -0.0817233812727703
v -0.3478341301329394 -0.9341022893083983 -0.08040106357176427
v -0.390361472413512 -0.9172701131640247 -0.07895226628293962
v -0.43052991573375593 -0.8992513689858948 -0.07740133742564946
v -0.4682945004698491 -0.8803175104023412 -0.07577164185048695
v 0.45392916772451863 -0.883458776963223 -0.11596939292577203
v 0.41475906443935645 -0.9021915720483994 -0.11842839942440941
v 0.37314038052981185 -0.9198834216871895 -0.12075076365446102
v 0.3291416048032053 -0.9362487070583326 -0.1228989931576781
v 0.2828906370371539 -0.9509938084946532 -0.12483454522506135
v 0.2345797056470434 -0.9638284211006921 -0.12651931226928728
v 0.1844669925176271 -0.9744788735955344 -0.1279173701554257
v 0.13287408371250403 -0.9827025416449895 -0.12899687020249814
v 0.0801787282954641 -0.988302081193091 -0.12973190755680383
v 0.02680293296851784 -0.991137986271741 -0.13010416962374105
v -0.02680293296851784 -0.991137986271741 -0.13010416962374105
v -0.0801787282954641 -0.988302081193091 -0.12973190755680383
v -0.13287408371250395 -0.9827025416449895 -0.12899687020249817
v -0.18446699251762722 -0.9744788735955344 -0.1279173701554257
v -0.2345797056470434 -0.9638284211006921 -0.12651931226928728
v -0.2828906370371539 -0.9509938084946532 -0.12483454522506135
v -0.3291416048032053 -0.9362487070583326 -0.1228989931576781
v -0.37314038052981185 -0.9198834216871895 -0.12075076365446102
v -0.41475906443935645 -0.9021915720483994 -0.11842839942440941
v -0.45392916772451863 -0.883458776963223 -0.11596939292577203
v 0.4381147572696645 -0.885008355210178 -0.1575299040522727
v 0.39752472015193063 -0.9033918157556253 -0.16080212714352854
v 0.35446018978806726 -0.9206009609906352 -0.16386532421023747
v 0.30901699437494745 -0.9363389981249826 -0.16666666666666666
v 0.2613552955861322 -0.9503056210307275 -0.1691527005592549
v 0.21170337043863285 -0.9622098074758607 -0.17127162445130883
v 0.16035745659092823 -0.9717843547726445 -0.1729758767424051
v 0.10767686505537201 -0.9788010023635108 -0.17422482746162773
v 0.05407405256089919 -0.9830846546516299 -0.1749873099059663
v 0.0 -0.9845250856095248 -0.1752437040397112
v -0.05407405256089912 -0.9830846546516299 -0.1749873099059663
v -0.10767686505537198 -0.9788010023635108 -0.17422482746162773
v -0.16035745659092815 -0.9717843547726445 -0.17297587674240514
v -0.21170337043863285 -0.9622098074758607 -0.17127162445130883
v -0.2613552955861322 -0.9503056210307275 -0.1691527005592549
v -0.30901699437494734 -0.9363389981249826 -0.16666666666666666
v -0.35446018978806726 -0.9206009609906352 -0.16386532421023747
v -0.39752472015193063 -0.9033918157556253 -0.16080212714352854
v -0.4381147572696644 -0.8850083552101781 -0.1575299040522727
v 0.42081430734820247 -0.8847656899607117 -0.20026230948283416
v 0.37880870476604017 -0.9026416903466646 -0.2043084531819258
v 0.3343252983166365 -0.919205439624095 -0.20805757537510228
v 0.2874908251447455 -0.934152975449527 -0.21144087569906866
v 0.23850056330162536 -0.9471823504345128 -0.21439000986556989
v 0.18762053077962507 -0.9580077391262828 -0.21684028270623515
v 0.1351851314022479 -0.9663748534555879 -0.21873413738245792
v 0.08158961881580766 -0.9720762817228028 -0.22002462728854125
v 0.027277362340984438 -0.974965100136948 -0.2206784969557963
v -0.02727736234098451 -0.974965100136948 -0.2206784969557963
v -0.08158961881580766 -0.9720762817228028 -0.22002462728854125
v -0.13518513140224797 -0.9663748534555879 -0.21873413738245792
v -0.18762053077962507 -0.9580077391262828 -0.21684028270623515
v -0.23850056330162547 -0.9471823504345128 -0.21439000986556986
v -0.2874908251447455 -0.934152975449527 -0.21144087569906866
v -0.3343252983166365 -0.919205439624095 -0.20805757537510228
v -0.3788087047660403 -0.9026416903466645 -0.20430845318192578
v -0.42081430734820247 -0.8847656899607117 -0.20026230948283416
v 0.402016702509702 -0.8825425382352229 -0.24392875826469487
v 0.3586223253151507 -0.8997478541864821 -0.24868419063618677
v 0.3127729408627245 -0.915502344047086 -0.25303862453857456
v 0.26462921304829107 -0.9294998378598645 -0.25690743667696325
v 0.21442346374814286 -0.9414426155535536 -0.2602083392474821
v 0.16245984811645314 -0.9510565162951535 -0.2628655560595668
v 0.10910944936393781 -0.9581067630867733 -0.2648141963469555
v 0.05479991797283516 -0.9624129226652869 -0.26600438958226047
v 0.0 -0.9638612634676226 -0.26640470113456743
v -0.05479991797283516 -0.9624129226652869 -0.26600438958226047
v -0.10910944936393781 -0.9581067630867733 -0.2648141963469555
v -0.16245984811645314 -0.9510565162951535 -0.2628655560595668
v -0.21442346374814286 -0.9414426155535536 -0.2602083392474821
v -0.26462921304829107 -0.9294998378598645 -0.25690743667696325
v -0.3127729408627245 -0.915502344047086 -0.25303862453857456
v -0.3586223253151507 -0.8997478541864821 -0.24868419063618677
v -0.402016702509702 -0.8825425382352229 -0.24392875826469487
v 0.3817414846013048 -0.8781728160814656 -0.28824632526701943
v 0.33701070754731166 -0.8945450924894308 -0.2936202658222622
v 0.2898767025276998 -0.9093320900650393 -0.2984738636959933
v 0.2405361848863923 -0.9222311755113046 -0.302707784299209
v 0.18925918396314703 -0.932955251063504 -0.3062277923354411
v 0.13638681170492226 -0.9412484260365984 -0.3089498957381148
v 0.0823235800319601 -0.9469016732891814 -0.31080548465699537
v 0.02752422364328166 -0.9497667647722866 -0.3117459055814827
v -0.027524223643281737 -0.9497667647722866 -0.3117459055814827
v -0.08232358003196023 -0.9469016732891813 -0.31080548465699537
v -0.1363868117049223 -0.9412484260365984 -0.3089498957381148
v -0.18925918396314717 -0.932955251063504 -0.3062277923354411
v -0.2405361848863923 -0.9222311755113046 -0.302707784299209
v -0.2898767025276999 -0.9093320900650396 -0.2984738636959933
v -0.33701070754731177 -0.8945450924894308 -0.2936202658222622
v -0.3817414846013048 -0.8781728160814656 -0.28824632526701943
v 0.36004262895637784 -0.8715228863182575 -0.3328921206001636
v 0.3140556896359232 -0.8869075000122311 -0.3387685201274745
v 0.265748167425008 -0.9005818416866632 -0.3439916538733284
v 0.21535373011074407 -0.9122530399572549 -0.3484496549232554
v 0.16317923763161532 -0.9216511241654857 -0.352039403661666
v 0.10959983594567034 -0.9285447107773686 -0.35467251944301403
v 0.055048447286563384 -0.932755859046785 -0.35628103495026575
v 7.345063871007168e-17 -0.9341723589627157 -0.35682208977308993
v -0.05504844728656332 -0.9327558590467852 -0.35628103495026586
v -0.10959983594567027 -0.9285447107773686 -0.35467251944301403
v -0.16317923763161524 -0.9216511241654857 -0.3520394036616659
v -0.21535373011074396 -0.9122530399572549 -0.34844965492325547
v -0.2657481674250079 -0.9005818416866632 -0.3439916538733284
v -0.3140556896359231 -0.8869075000122311 -0.33876852012747444
v -0.3600426289563777 -0.8715228863182575 -0.3328921206001636
v 0.3370107075473117 -0.8625013891299095 -0.3775117703429084
v 0.28987670252769987 -0.876758698299792 -0.38375211046627716
v 0.2405361848863923 -0.8891957226704116 -0.3891957226704115
v 0.18925918396314712 -0.8995356486714199 -0.3937214472884241
v 0.13638681170492228 -0.9075317519362489 -0.39722129452043337
v 0.08232358003196016 -0.912982492932299 -0.3996070517018511
v 0.027524223643281658 -0.9157449533212836 -0.40081616431904904
v -0.027524223643281658 -0.9157449533212836 -0.40081616431904904
v -0.08232358003196016 -0.912982492932299 -0.3996070517018511
v -0.1363868117049223 -0.9075317519362488 -0.39722129452043325
v -0.18925918396314706 -0.8995356486714199 -0.3937214472884242
v -0.2405361848863923 -0.8891957226704116 -0.3891957226704115
v -0.2898767025276998 -0.876758698299792 -0.3837521104662771
v -0.33701070754731177 -0.8625013891299094 -0.37751177034290845
v 0.3127729408627245 -0.8510675746422777 -0.4217310408976243
v 0.26462921304829107 -0.864079898627872 -0.42817906112827214
v 0.2144234637481429 -0.875182121262637 -0.43368056541247024
v 0.16245984811645317 -0.8841193776664111 -0.4381092600992781
v 0.10910944936393777 -0.8906734148860742 -0.4413569939115926
v 0.0547999179728351 -0.8946764988894502 -0.44334064930376754
v -7.311802721684318e-17 -0.8960229027538579 -0.44400783522427906
v -0.05479991797283517 -0.8946764988894502 -0.44334064930376754
v -0.10910944936393788 -0.8906734148860741 -0.44135699391159255
v -0.16245984811645325 -0.8841193776664111 -0.4381092600992781
v -0.21442346374814297 -0.875182121262637 -0.43368056541247024
v -0.2646292130482911 -0.864079898627872 -0.42817906112827214
v -0.3127729408627245 -0.8510675746422777 -0.4217310408976243
v 0.28749082514474544 -0.8372371019623238 -0.4651699265379509
v 0.23850056330162542 -0.848914714130246 -0.47165802170425364
v 0.1876205307796251 -0.8586169976899078 -0.4770486219537172
v 0.13518513140224797 -0.8661160462793359 -0.4812151022414073
v 0.08158961881580766 -0.8712259666081686 -0.48405418003479067
v 0.027277362340984504 -0.8738150778358993 -0.48549269330275174
v -0.02727736234098443 -0.8738150778358993 -0.48549269330275174
v -0.08158961881580758 -0.8712259666081686 -0.48405418003479067
v -0.1351851314022479 -0.866116046279336 -0.48121510224140734
v -0.187620530779625 -0.8586169976899078 -0.4770486219537172
v -0.23850056330162528 -0.848914714130246 -0.47165802170425364
v -0.28749082514474533 -0.8372371019623238 -0.4651699265379509
v 0.2613552955861322 -0.8210844563811234 -0.5074581016777647
v 0.21170337043863285 -0.8313699290118758 -0.5138148733539265
v 0.1603574565909282 -0.8396425434090717 -0.5189276302272153
v 0.10767686505537204 -0.8457050775509992 -0.5226744823848832
v 0.05407405256089914 -0.849406245083294 -0.5249619297178989
v 0.0 -0.8506508083520399 -0.5257311121191336
v -0.05407405256089919 -0.849406245083294 -0.5249619297178989
v -0.10767686505537198 -0.8457050775509992 -0.5226744823848832
v -0.1603574565909282 -0.8396425434090717 -0.5189276302272153
v -0.21170337043863285 -0.8313699290118758 -0.5138148733539265
v -0.2613552955861322 -0.8210844563811234 -0.5074581016777647
v 0.2345797056470434 -0.8027414975886716 -0.5482503531669115
v 0.18446699251762722 -0.8116119147692972 -0.5543086040068447
v 0.132874083712504 -0.8184611417283371 -0.5589864375441587
v 0.08017872829546416 -0.8231248169886253 -0.5621715994128166
v 0.026802932968517858 -0.8254867505444495 -0.5637847350362112
v -0.02680293296851784 -0.8254867505444495 -0.5637847350362112
v -0.0801787282954641 -0.8231248169886253 -0.5621715994128166
v -0.13287408371250395 -0.8184611417283371 -0.5589864375441587
v -0.18446699251762716 -0.8116119147692972 -0.5543086040068447
v -0.2345797056470434 -0.8027414975886716 -0.5482503531669115
v 0.20739120464449948 -0.7823921307311058 -0.5872405316445244
v 0.15702784481796156 -0.7898589547345868 -0.5928449102230804
v 0.10540971001007263 -0.7953252188866733 -0.5969477273919866
v 0.0529258426096582 -0.7986599593958796 -0.599450685579581
v -3.5305175568471214e-17 -0.7997808959781125 -0.6002920276235956
v -0.052925842609658234 -0.7986599593958796 -0.599450685579581
v -0.1054097100100727 -0.7953252188866733 -0.5969477273919866
v -0.15702784481796156 -0.7898589547345868 -0.5928449102230804
v -0.20739120464449953 -0.7823921307311058 -0.5872405316445243
v 0.18002131447818884 -0.760263595271303 -0.6241727261253067
v 0.12961950290281224 -0.7663702790513451 -0.6291862839048474
v 0.07819323521568113 -0.7705241128862675 -0.6325965613464364
v 0.02613552955861323 -0.7726265196375218 -0.6343226270972059
v -0.02613552955861323 -0.7726265196375218 -0.6343226270972059
v -0.07819323521568113 -0.7705241128862675 -0.6325965613464364
v -0.12961950290281224 -0.7663702790513451 -0.6291862839048474
v -0.18002131447818884 -0.760263595271303 -0.6241727261253067
v 0.15269659384052192 -0.7366152886417948 -0.6588487434674729
v 0.10246352151861453 -0.741433006922707 -0.6631578416964979
v 0.05143466127948257 -0.744369410836024 -0.6657842412003274
v 3.4307778215552914e-17 -0.7453559924999299 -0.6666666666666667
v -0.05143466127948254 -0.744369410836024 -0.6657842412003274
v -0.10246352151861449 -0.741433006922707 -0.663157841696498
v -0.15269659384052192 -0.7366152886417949 -0.6588487434674729
v 0.12563021953428186 -0.711726297725369 -0.6911314817499687
v 0.07576174095320802 -0.7153483665228748 -0.6946487408185475
v 0.025318584984861926 -0.7171802621105687 -0.6964276278935093
v -0.025318584984861957 -0.7171802621105687 -0.6964276278935093
v -0.07576174095320806 -0.7153483665228748 -0.6946487408185475
v -0.12563021953428188 -0.711726297725369 -0.6911314817499687
v 0.09901513114075353 -0.6858828615127918 -0.720944314138203
v 0.04969059001899135 -0.6884185008862148 -0.7236095721458784
v 0.0 -0.6892699839446963 -0.7245045819267661
v -0.04969059001899132 -0.6884185008862148 -0.7236095721458784
v -0.09901513114075353 -0.6858828615127918 -0.720944314138203
v 0.07301912621161079 -0.6593668460722091 -0.7482670442482955
v 0.024397592025844534 -0.6609349141983946 -0.7500465296879263
v -0.02439759202584448 -0.6609349141983946 -0.7500465296879263
v -0.07301912621161072 -0.6593668460722091 -0.7482670442482955
v 0.04778201765521247 -0.6324460337864874 -0.7731292861718135
v -1.593280750791814e-17 -0.6331692478888055 -0.7740133742564946
v -0.047782017655212505 -0.6324460337864874 -0.7731292861718135
v 0.02341472502349246 -0.6053666882690719 -0.7956022394301129
v -0.02341472502349245 -0.6053666882690719 -0.7956022394301129
v 2.2899219707991348e-17 -0.578348526341947 -0.8157897903737814
v 0.5412671722340479 -0.8387073275613337 -0.05999889129545136
v 0.529595046418585 -0.8424316894770978 -0.09918636687397939
v 0.5164766408607155 -0.8448023126546322 -0.13986040175337827
v 0.5018369420199363 -0.84562587919711 -0.1818696127894763
v 0.48562055202995763 -0.8447132280641448 -0.22501609226802255
v 0.4677975394606742 -0.841887745191107 -0.26905480217155125
v 0.44836896337477555 -0.8369947696147485 -0.31369575757377305
v 0.4273714746711395 -0.829911371243237 -0.3586094512399049
v 0.40488036038819736 -0.8205556368695862 -0.4034356709234709
v 0.3810104566910474 -0.8088944705525154 -0.44779545263618464
v 0.3559145298431724 -0.7949489268225102 -0.4913054560965643
v 0.32977900028455914 -0.7787962812413096 -0.5335936312363778
v 0.3028172214753662 -0.7605683934989093 -0.5743147649054718
v 0.27526085748538515 -0.7404463784707827 -0.6131644322250868
v 0.2473501601929506 -0.7186520801962826 -0.6498900567650481
v 0.21932407261399267 -0.6954372421750779 -0.6842981757742265
v 0.19141105648525406 -0.6710715046812533 -0.7162575256568252
v 0.16382137582250872 -0.6458303996162249 -0.7456980969233914
v 0.13674131096188255 -0.6199843700591409 -0.7726067529854991
v 0.1103294907914094 -0.5937895694778969 -0.7970202949994198
v 0.08471527097222839 -0.5674808673438284 -0.8190169644536053
v 0.059998891295451405 -0.5412671722340479 -0.8387073275613336
v 0.5674808673438284 -0.8190169644536053 -0.08471527097222835
v 0.555767910463156 -0.8218500315602453 -0.12523799472940012
v 0.542506514773985 -0.8232393057654598 -0.1672235834760984
v 0.5276163737426862 -0.8229907521838611 -0.21049271716251985
v 0.5110399133409491 -0.8209183090738942 -0.25481628048406446
v 0.49274881628652023 -0.8168531239744198 -0.299915951395494
v 0.47275001322908294 -0.8106535879687846 -0.34546806698338706
v 0.45109043460711223 -0.8022153699803625 -0.39111113506679507
v 0.42785980430302 -0.7914804515295082 -0.4364569654713135
v 0.40319086788360364 -0.7784440864022176 -0.4811049037379304
v 0.37725669242599225 -0.763158710184018 -0.5246581468823927
v 0.35026502527394543 -0.7457341167862214 -0.5667407159635848
v 0.3224500942929473 -0.7263336679990133 -0.607013459011881
v 0.2940625897891506 -0.7051668247027181 -0.645187525162401
v 0.2653588085845834 -0.6824787745306987 -0.6810340850659723
v 0.23659001248998404 -0.6585382767106448 -0.7143896024558054
v 0.207992949528117 -0.6336249852501046 -0.7451565681206863
v 0.17978224360974693 -0.6080174373144506 -0.7733001621648697
v 0.1521450423604731 -0.5819826479154548 -0.7988417137396152
v 0.1252379947294001 -0.555767910463156 -0.8218500315602453
v 0.09918636687397937 -0.529595046418585 -0.8424316894770978
v 0.5937895694778969 -0.7970202949994198 -0.1103294907914094
v 0.581982647915455 -0.7988417137396153 -0.15214504236047313
v 0.5685192202902353 -0.7991326580327285 -0.1953788397604234
v 0.5533149379003311 -0.7977019678329571 -0.23982107916482331
v 0.5363118354609216 -0.7943708943990336 -0.2852095672943261
v 0.5174854883476929 -0.7889830317777987 -0.33123185975425573
v 0.4968513551906801 -0.7814147199096138 -0.3775311462035479
v 0.47446948785500853 -0.771584971484165 -0.42371610410083077
v 0.45044682073866027 -0.7594638151136077 -0.46937445096587566
v 0.4249364322774375 -0.7450779516388959 -0.5140893643180238
v 0.3981334993089198 -0.7285128280661668 -0.5574574208592709
v 0.37026809244319614 -0.709910635852268 -0.5991063585226795
v 0.34159540414250456 -0.6894642715258389 -0.638710887771661
v 0.31238436267305286 -0.6674078487312476 -0.6760050098995412
v 0.28290578270064953 -0.6440048006169802 -0.7107897965621176
v 0.2534211984237677 -0.6195348656109626 -0.742936233119551
v 0.2241733330971259 -0.5942812689528906 -0.7723833828480952
v 0.1953788397604234 -0.5685192202902353 -0.7991326580327285
v 0.16722358347609842 -0.5425065147739851 -0.8232393057654598
v 0.13986040175337827 -0.5164766408607155 -0.8448023126546323
v 0.6199843700591409 -0.7726067529854992 -0.1367413109618825
v 0.6080174373144506 -0.7733001621648697 -0.17978224360974693
v 0.5942812689528907 -0.7723833828480952 -0.2241733330971259
v 0.5786893258332632 -0.7696723314583159 -0.26967233145831576
v 0.5611856439384533 -0.7650002748902721 -0.3159829939335215
v 0.5417525227189163 -0.7582282134085556 -0.3627591218962797
v 0.5204170326894162 -0.7492552987688995 -0.4096127553598278
v 0.49725542262774375 -0.7380282124956271 -0.45612651997862746
v 0.4723945989909117 -0.7245483387654537 -0.5018695524102225
v 0.4460101175671331 -0.7088756736267 -0.5464158255102467
v 0.4183205464300126 -0.6911287363733697 -0.5893632073632057
v 0.38957855757237175 -0.6714802500893715 -0.6303513474402552
v 0.3600595760984881 -0.6501489402462202 -0.6690765704734354
v 0.3300491522802835 -0.6273883349445708 -0.7053023707988973
v 0.299830348352321 -0.6034738190782668 -0.7388647453316587
v 0.2696723314583159 -0.5786893258332633 -0.7696723314583158
v 0.23982107916482331 -0.5533149379003311 -0.7977019678329571
v 0.21049271716251988 -0.5276163737426862 -0.8229907521838611
v 0.18186961278947636 -0.5018369420199363 -0.8456258791971099
v 0.6458303996162249 -0.7456980969233914 -0.16382137582250872
v 0.6336249852501046 -0.7451565681206862 -0.20799294952811706
v 0.6195348656109626 -0.742936233119551 -0.2534211984237677
v 0.6034738190782668 -0.7388647453316587 -0.299830348352321
v 0.5853908861125426 -0.7327923405689429 -0.3468903228109173
v 0.5652784112969674 -0.7246023328473185 -0.3942230040900715
v 0.543178452747853 -0.714221113681046 -0.44141292373768903
v 0.5191865629465026 -0.7016264968769443 -0.488022101688012
v 0.49345212036564085 -0.6868532549804527 -0.5336081062253556
v 0.4661747580246564 -0.6699949179302778 -0.5777438056165148
v 0.43759694413069505 -0.6512013393196273 -0.6200368780611368
v 0.40799332134560495 -0.630672107700836 -0.6601470611201468
v 0.37765788051734234 -0.6086464678382144 -0.6977993998788006
v 0.3468903228109172 -0.5853908861125425 -0.732792340568943
v 0.3159829939335215 -0.5611856439384533 -0.7650002748902721
v 0.2852095672943261 -0.5363118354609216 -0.7943708943990336
v 0.2548162804840644 -0.5110399133409491 -0.8209183090738942
v 0.22501609226802252 -0.48562055202995763 -0.8447132280641448
v 0.6710715046812533 -0.7162575256568252 -0.19141105648525406
v 0.6585382767106447 -0.7143896024558053 -0.23659001248998401
v 0.6440048006169802 -0.7107897965621176 -0.28290578270064953
v 0.6273883349445708 -0.7053023707988973 -0.3300491522802835
v 0.6086464678382144 -0.6977993998788006 -0.37765788051734234
v 0.5877852522924731 -0.6881909602355868 -0.42532540417601994
v 0.5648651820977846 -0.6764342296896431 -0.47261406978402154
v 0.5400039794464362 -0.662540321195108 -0.5190722733615194
v 0.5133754412304479 -0.6465777917977316 -0.5642542117657714
v 0.485204061473601 -0.6286721093071898 -0.6077404032222729
v 0.45575573273384673 -0.6090008814889437 -0.6491568673486585
v 0.42532540417601994 -0.5877852522924731 -0.6881909602355868
v 0.3942230040900715 -0.5652784112969674 -0.7246023328473185
v 0.3627591218962797 -0.5417525227189163 -0.7582282134085556
v 0.33123185975425573 -0.5174854883476929 -0.7889830317777987
v 0.299915951395494 -0.49274881628652023 -0.8168531239744197
v 0.26905480217155125 -0.46779753946067415 -0.8418877451911071
v 0.6954372421750779 -0.6842981757742265 -0.21932407261399262
v 0.6824787745306988 -0.6810340850659723 -0.26535880858458344
v 0.6674078487312476 -0.6760050098995412 -0.31238436267305286
v 0.6501489402462202 -0.6690765704734354 -0.3600595760984881
v 0.630672107700836 -0.6601470611201468 -0.40799332134560506
v 0.6090008814889438 -0.6491568673486585 -0.4557557327338468
v 0.5852174180968625 -0.636096188632186 -0.5028938380649024
v 0.5594639183710177 -0.6210099534653024 -0.5489506004532376
v 0.5319396947277361 -0.603999047739801 -0.593485729822021
v 0.5028938380649023 -0.5852174180968625 -0.6360961886321861
v 0.47261406978402154 -0.5648651820977846 -0.6764342296896431
v 0.441412923737689 -0.5431784527478529 -0.7142211136810461
v 0.40961275535982783 -0.5204170326894162 -0.7492552987688996
v 0.3775311462035477 -0.49685135519068 -0.7814147199096139
v 0.345468066983387 -0.4727500132290829 -0.8106535879687846
v 0.31369575757377305 -0.44836896337477544 -0.8369947696147485
v 0.7186520801962826 -0.6498900567650482 -0.24735016019295059
v 0.7051668247027181 -0.645187525162401 -0.2940625897891507
v 0.6894642715258388 -0.6387108877716612 -0.34159540414250444
v 0.6714802500893715 -0.6303513474402553 -0.3895785575723717
v 0.6512013393196273 -0.6200368780611368 -0.4375969441306949
v 0.6286721093071898 -0.607740403222273 -0.485204061473601
v 0.6039990477398008 -0.5934857298220207 -0.531939694727736
v 0.5773502691896257 -0.5773502691896258 -0.5773502691896257
v 0.5489506004532376 -0.5594639183710178 -0.6210099534653024
v 0.5190722733615194 -0.5400039794464362 -0.662540321195108
v 0.488022101688012 -0.5191865629465027 -0.7016264968769443
v 0.4561265199786275 -0.4972554226277438 -0.7380282124956271
v 0.4237161041008308 -0.47446948785500853 -0.7715849714841649
v 0.391111135066795 -0.45109043460711234 -0.8022153699803625
v 0.35860945123990495 -0.42737147467113956 -0.829911371243237
v 0.7404463784707827 -0.6131644322250868 -0.27526085748538515
v 0.7263336679990133 -0.607013459011881 -0.3224500942929473
v 0.709910635852268 -0.5991063585226795 -0.37026809244319614
v 0.6911287363733696 -0.5893632073632057 -0.4183205464300126
v 0.6699949179302779 -0.5777438056165148 -0.4661747580246564
v 0.6465777917977316 -0.5642542117657714 -0.5133754412304479
v 0.6210099534653024 -0.5489506004532376 -0.5594639183710177
v 0.5934857298220207 -0.531939694727736 -0.6039990477398008
v 0.5642542117657714 -0.5133754412304479 -0.6465777917977316
v 0.5336081062253556 -0.49345212036564085 -0.6868532549804527
v 0.5018695524102226 -0.47239459899091174 -0.7245483387654537
v 0.46937445096587566 -0.45044682073866027 -0.7594638151136077
v 0.4364569654713135 -0.42785980430302006 -0.7914804515295082
v 0.4034356709234709 -0.4048803603881973 -0.8205556368695862
v 0.7605683934989093 -0.5743147649054718 -0.3028172214753662
v 0.7457341167862214 -0.5667407159635847 -0.35026502527394554
v 0.7285128280661668 -0.5574574208592709 -0.3981334993089198
v 0.7088756736267 -0.5464158255102467 -0.44601011756713316
v 0.6868532549804527 -0.5336081062253555 -0.4934521203656409
v 0.6625403211951081 -0.5190722733615194 -0.5400039794464363
v 0.6360961886321861 -0.5028938380649023 -0.5852174180968626
v 0.6077404032222729 -0.485204061473601 -0.6286721093071898
v 0.5777438056165148 -0.46617475802465635 -0.6699949179302779
v 0.5464158255102467 -0.44601011756713305 -0.7088756736267
v 0.5140893643180238 -0.4249364322774375 -0.7450779516388959
v 0.4811049037379303 -0.40319086788360364 -0.7784440864022177
v 0.44779545263618464 -0.3810104566910472 -0.8088944705525153
v 0.7787962812413095 -0.533593631236378 -0.32977900028455903
v 0.763158710184018 -0.5246581468823927 -0.3772566924259922
v 0.7450779516388959 -0.5140893643180239 -0.4249364322774375
v 0.7245483387654537 -0.5018695524102227 -0.4723945989909117
v 0.7016264968769444 -0.4880221016880122 -0.5191865629465026
v 0.676434229689643 -0.47261406978402154 -0.5648651820977845
v 0.6491568673486585 -0.45575573273384673 -0.6090008814889437
v 0.6200368780611367 -0.43759694413069505 -0.6512013393196273
v 0.5893632073632057 -0.41832054643001265 -0.6911287363733696
v 0.5574574208592709 -0.3981334993089197 -0.7285128280661667
v 0.5246581468823927 -0.37725669242599236 -0.7631587101840179
v 0.4913054560965642 -0.3559145298431724 -0.79494892682251
v 0.7949489268225102 -0.4913054560965643 -0.3559145298431724
v 0.7784440864022176 -0.48110490373793036 -0.4031908678836037
v 0.7594638151136077 -0.46937445096587566 -0.45044682073866027
v 0.7380282124956273 -0.4561265199786275 -0.49725542262774375
v 0.714221113681046 -0.441412923737689 -0.543178452747853
v 0.6881909602355868 -0.42532540417601994 -0.5877852522924731
v 0.6601470611201469 -0.407993321345605 -0.6306721077008361
v 0.6303513474402552 -0.38957855757237175 -0.6714802500893715
v 0.5991063585226795 -0.37026809244319614 -0.709910635852268
v 0.5667407159635848 -0.3502650252739455 -0.7457341167862215
v 0.533593631236378 -0.32977900028455914 -0.7787962812413096
v 0.8088944705525153 -0.44779545263618464 -0.38101045669104733
v 0.7914804515295082 -0.4364569654713135 -0.42785980430301995
v 0.771584971484165 -0.4237161041008309 -0.47446948785500853
v 0.7492552987688996 -0.40961275535982783 -0.5204170326894162
v 0.7246023328473185 -0.39422300409007144 -0.5652784112969673
v 0.6977993998788006 -0.37765788051734234 -0.6086464678382144
v 0.6690765704734354 -0.3600595760984881 -0.6501489402462202
v 0.6387108877716612 -0.3415954041425046 -0.6894642715258388
v 0.607013459011881 -0.3224500942929473 -0.7263336679990133
v 0.574314764905472 -0.3028172214753662 -0.7605683934989091
v 0.8205556368695862 -0.4034356709234708 -0.40488036038819736
v 0.8022153699803625 -0.391111135066795 -0.4510904346071123
v 0.7814147199096139 -0.37753114620354783 -0.4968513551906801
v 0.7582282134085556 -0.3627591218962797 -0.5417525227189163
v 0.7327923405689429 -0.34689032281091725 -0.5853908861125428
v 0.7053023707988973 -0.3300491522802835 -0.6273883349445708
v 0.676005009899541 -0.3123843626730528 -0.6674078487312477
v 0.645187525162401 -0.2940625897891506 -0.7051668247027182
v 0.6131644322250868 -0.2752608574853851 -0.7404463784707827
v 0.8299113712432369 -0.35860945123990484 -0.42737147467113945
v 0.8106535879687846 -0.34546806698338706 -0.47275001322908294
v 0.7889830317777987 -0.33123185975425573 -0.5174854883476929
v 0.7650002748902721 -0.3159829939335215 -0.5611856439384533
v 0.7388647453316588 -0.29983034835232103 -0.6034738190782669
v 0.7107897965621175 -0.28290578270064953 -0.6440048006169802
v 0.6810340850659723 -0.2653588085845834 -0.6824787745306987
v 0.6498900567650481 -0.2473501601929506 -0.7186520801962826
v 0.8369947696147484 -0.3136957575737731 -0.4483689633747755
v 0.8168531239744198 -0.2999159513954941 -0.49274881628652023
v 0.7943708943990336 -0.2852095672943261 -0.5363118354609216
v 0.7696723314583158 -0.2696723314583159 -0.5786893258332632
v 0.742936233119551 -0.2534211984237677 -0.6195348656109626
v 0.7143896024558054 -0.23659001248998407 -0.6585382767106448
v 0.6842981757742265 -0.2193240726139927 -0.695437242175078
v 0.841887745191107 -0.2690548021715512 -0.4677975394606742
v 0.8209183090738944 -0.2548162804840644 -0.5110399133409491
v 0.7977019678329571 -0.2398210791648233 -0.5533149379003311
v 0.7723833828480952 -0.2241733330971259 -0.5942812689528907
v 0.7451565681206863 -0.207992949528117 -0.6336249852501046
v 0.7162575256568252 -0.19141105648525403 -0.6710715046812533
v 0.8447132280641448 -0.22501609226802255 -0.48562055202995763
v 0.8229907521838611 -0.21049271716251988 -0.5276163737426862
v 0.7991326580327285 -0.1953788397604234 -0.5685192202902353
v 0.7733001621648697 -0.17978224360974696 -0.6080174373144506
v 0.7456980969233914 -0.1638213758225087 -0.6458303996162249
v 0.8456258791971099 -0.18186961278947636 -0.5018369420199362
v 0.8232393057654598 -0.16722358347609848 -0.542506514773985
v 0.7988417137396152 -0.15214504236047313 -0.5819826479154548
v 0.7726067529854992 -0.13674131096188258 -0.6199843700591408
v 0.8448023126546322 -0.13986040175337824 -0.5164766408607155
v 0.8218500315602453 -0.1252379947294001 -0.555767910463156
v 0.7970202949994198 -0.11032949079140937 -0.5937895694778969
v 0.8424316894770978 -0.0991863668739794 -0.529595046418585
v 0.8190169644536053 -0.08471527097222838 -0.5674808673438284
v 0.8387073275613336 -0.059998891295451405 -0.5412671722340477
v 0.578348526341947 -0.8157897903737815 0.0
v 0.6053666882690718 -0.7956022394301128 -0.02341472502349245
v 0.6324460337864876 -0.7731292861718136 -0.0477820176552125
v 0.659366846072209 -0.7482670442482956 -0.07301912621161075
v 0.6858828615127918 -0.720944314138203 -0.09901513114075353
v 0.7117262977253691 -0.6911314817499687 -0.12563021953428188
v 0.7366152886417949 -0.6588487434674729 -0.15269659384052192
v 0.760263595271303 -0.6241727261253067 -0.18002131447818884
v 0.7823921307311058 -0.5872405316445244 -0.20739120464449953
v 0.8027414975886715 -0.5482503531669116 -0.23457970564704336
v 0.8210844563811234 -0.5074581016777647 -0.2613552955861322
v 0.8372371019623238 -0.46516992653795103 -0.2874908251447454
v 0.8510675746422778 -0.42173104089762437 -0.3127729408627245
v 0.8625013891299094 -0.37751177034290845 -0.33701070754731177
v 0.8715228863182574 -0.3328921206001637 -0.36004262895637784
v 0.8781728160814655 -0.28824632526701943 -0.3817414846013048
v 0.8825425382352229 -0.24392875826469487 -0.402016702509702
v 0.8847656899607117 -0.2002623094828342 -0.4208143073482024
v 0.8850083552101781 -0.1575299040522728 -0.43811475726966453
v 0.883458776963223 -0.11596939292577203 -0.45392916772451863
v 0.8803175104023412 -0.07577164185048697 -0.4682945004698491
v 0.8757886816692327 -0.03708135410789922 -0.48126828093859647
v 0.6053666882690718 -0.7956022394301128 0.02341472502349245
v 0.6331692478888055 -0.7740133742564946 0.0
v 0.6609349141983945 -0.7500465296879264 -0.024397592025844506
v 0.6884185008862148 -0.7236095721458784 -0.04969059001899133
v 0.7153483665228749 -0.6946487408185475 -0.07576174095320803
v 0.7414330069227071 -0.6631578416964982 -0.10246352151861453
v 0.7663702790513451 -0.6291862839048474 -0.12961950290281224
v 0.7898589547345868 -0.5928449102230803 -0.1570278448179616
v 0.8116119147692972 -0.5543086040068447 -0.1844669925176272
v 0.8313699290118758 -0.5138148733539264 -0.21170337043863285
v 0.848914714130246 -0.4716580217042537 -0.2385005633016254
v 0.864079898627872 -0.4281790611282721 -0.2646292130482911
v 0.8767586982997919 -0.3837521104662771 -0.2898767025276998
v 0.8869075000122311 -0.3387685201274744 -0.3140556896359231
v 0.8945450924894309 -0.2936202658222621 -0.3370107075473117
v 0.8997478541864821 -0.24868419063618677 -0.3586223253151507
v 0.9026416903466646 -0.20430845318192573 -0.37880870476604017
v 0.9033918157556253 -0.1608021271435285 -0.3975247201519307
v 0.9021915720483994 -0.11842839942440941 -0.41475906443935645
v 0.8992513689858948 -0.0774013374256494 -0.4305299157337559
v 0.8947886063040922 -0.03788582092524343 -0.44487977544635654
v 0.6324460337864877 -0.7731292861718135 0.04778201765521249
v 0.6609349141983946 -0.7500465296879263 0.024397592025844503
v 0.6892699839446963 -0.7245045819267661 0.0
v 0.7171802621105687 -0.6964276278935093 -0.025318584984861944
v 0.7443694108360239 -0.6657842412003272 -0.05143466127948254
v 0.7705241128862675 -0.6325965613464364 -0.07819323521568113
v 0.7953252188866734 -0.5969477273919866 -0.1054097100100727
v 0.818461141728337 -0.5589864375441587 -0.13287408371250395
v 0.8396425434090717 -0.5189276302272153 -0.1603574565909282
v 0.8586169976899078 -0.4770486219537173 -0.1876205307796251
v 0.875182121262637 -0.4336805654124702 -0.2144234637481429
v 0.8891957226704116 -0.3891957226704115 -0.2405361848863923
v 0.9005818416866632 -0.34399165387332853 -0.26574816742500795
v 0.9093320900650396 -0.29847386369599327 -0.28987670252769987
v 0.915502344047086 -0.25303862453857456 -0.3127729408627245
v 0.919205439624095 -0.20805757537510228 -0.33432529831663643
v 0.9206009609906354 -0.16386532421023747 -0.3544601897880673
v 0.9198834216871895 -0.12075076365446102 -0.37314038052981185
v 0.9172701131640247 -0.07895226628293965 -0.390361472413512
v 0.9129896879251919 -0.03865646430859065 -0.4061471500693062
v 0.659366846072209 -0.7482670442482956 0.07301912621161075
v 0.6884185008862148 -0.7236095721458784 0.04969059001899133
v 0.7171802621105687 -0.6964276278935093 0.025318584984861944
v 0.7453559924999298 -0.6666666666666667 0.0
v 0.7726265196375218 -0.6343226270972059 -0.02613552955861323
v 0.7986599593958795 -0.599450685579581 -0.052925842609658214
v 0.8231248169886252 -0.5621715994128167 -0.08017872829546412
v 0.8457050775509992 -0.5226744823848832 -0.107676865055372
v 0.866116046279336 -0.4812151022414075 -0.13518513140224794
v 0.8841193776664111 -0.438109260099278 -0.16245984811645314
v 0.8995356486714199 -0.3937214472884243 -0.18925918396314706
v 0.912253039957255 -0.3484496549232555 -0.21535373011074402
v 0.9222311755113046 -0.302707784299209 -0.24053618488639228
v 0.9294998378598645 -0.25690743667696325 -0.26462921304829107
v 0.9341529754495269 -0.21144087569906866 -0.28749082514474544
v 0.9363389981249826 -0.16666666666666674 -0.3090169943749474
v 0.9362487070583327 -0.12289899315767812 -0.32914160480320537
v 0.9341022893083982 -0.08040106357176428 -0.3478341301329393
v 0.9301366570377718 -0.039382476013068254 -0.36509563105805376
v 0.6858828615127918 -0.720944314138203 0.09901513114075353
v 0.7153483665228749 -0.6946487408185475 0.07576174095320803
v 0.7443694108360239 -0.6657842412003272 0.05143466127948254
v 0.7726265196375218 -0.6343226270972059 0.02613552955861323
v 0.7997808959781125 -0.6002920276235956 0.0
v 0.8254867505444495 -0.5637847350362112 -0.026802932968517858
v 0.8494062450832941 -0.5249619297178989 -0.054074052560899186
v 0.8712259666081686 -0.4840541800347907 -0.08158961881580765
v 0.8906734148860742 -0.4413569939115925 -0.10910944936393784
v 0.9075317519362489 -0.3972212945204332 -0.1363868117049223
v 0.9216511241654857 -0.352039403661666 -0.1631792376316153
v 0.932955251063504 -0.30622779233544106 -0.1892591839631471
v 0.9414426155535537 -0.2602083392474822 -0.21442346374814292
v 0.9471823504345128 -0.21439000986556975 -0.23850056330162536
v 0.9503056210307275 -0.16915270055925488 -0.2613552955861322
v 0.9509938084946534 -0.12483454522506136 -0.28289063703715395
v 0.9494650213026119 -0.08172338127277023 -0.30304696381283214
v 0.9459604064062255 -0.040052461896566804 -0.3217991762074489
v 0.711726297725369 -0.6911314817499687 0.12563021953428188
v 0.7414330069227071 -0.6631578416964982 0.10246352151861453
v 0.7705241128862675 -0.6325965613464364 0.07819323521568113
v 0.7986599593958796 -0.599450685579581 0.052925842609658214
v 0.8254867505444495 -0.5637847350362112 0.026802932968517858
v 0.8506508083520399 -0.5257311121191336 0.0
v 0.8738150778358993 -0.4854926933027518 -0.02727736234098447
v 0.8946764988894502 -0.4433406493037675 -0.05479991797283513
v 0.912982492932299 -0.3996070517018511 -0.08232358003196016
v 0.9285447107773686 -0.35467251944301403 -0.10959983594567031
v 0.9412484260365986 -0.3089498957381148 -0.13638681170492228
v 0.9510565162951535 -0.2628655560595668 -0.16245984811645314
v 0.9580077391262827 -0.21684028270623512 -0.187620530779625
v 0.9622098074758607 -0.1712716244513088 -0.21170337043863285
v 0.9638284211006921 -0.12651931226928728 -0.2345797056470434
v 0.963073793091992 -0.08289473021206228 -0.2561588037965362
v 0.9601862839215201 -0.040654793044115775 -0.2763864829754201
v 0.7366152886417949 -0.6588487434674729 0.15269659384052192
v 0.7663702790513451 -0.6291862839048473 0.12961950290281224
v 0.7953252188866734 -0.5969477273919866 0.1054097100100727
v 0.8231248169886253 -0.5621715994128166 0.08017872829546412
v 0.8494062450832941 -0.5249619297178989 0.054074052560899186
v 0.8738150778358993 -0.48549269330275174 0.02727736234098447
v 0.8960229027538579 -0.44400783522427895 0.0
v 0.9157449533212836 -0.400816164319049 -0.027524223643281658
v 0.932755859046785 -0.35628103495026575 -0.05504844728656336
v 0.9469016732891814 -0.31080548465699526 -0.08232358003196018
v 0.9581067630867733 -0.26481419634695547 -0.10910944936393781
v 0.9663748534555879 -0.21873413738245784 -0.13518513140224794
v 0.9717843547726445 -0.1729758767424051 -0.1603574565909282
v 0.9744788735955344 -0.1279173701554256 -0.1844669925176272
v 0.9746543508882344 -0.08389150452064625 -0.20739120464449953
v 0.9725445010412459 -0.04117804646671702 -0.22904489076078285
v 0.760263595271303 -0.6241727261253068 0.18002131447818884
v 0.7898589547345867 -0.5928449102230804 0.15702784481796156
v 0.818461141728337 -0.5589864375441587 0.13287408371250395
v 0.8457050775509992 -0.5226744823848833 0.107676865055372
v 0.8712259666081686 -0.4840541800347908 0.08158961881580765
v 0.8946764988894502 -0.44334064930376754 0.05479991797283513
v 0.9157449533212834 -0.40081616431904904 0.027524223643281654
v 0.9341723589627157 -0.35682208977308993 0.0
v 0.9497667647722865 -0.31174590558148263 -0.027524223643281692
v 0.9624129226652869 -0.2660043895822606 -0.05479991797283516
v 0.9720762817228026 -0.22002462728854127 -0.08158961881580763
v 0.9788010023635108 -0.17422482746162782 -0.10767686505537201
v 0.9827025416449895 -0.12899687020249828 -0.13287408371250398
v 0.9839560452898753 -0.08469213003186865 -0.1570278448179616
v 0.9827821773652117 -0.041611515075020526 -0.1800213144781889
v 0.7823921307311058 -0.5872405316445243 0.2073912046444995
v 0.8116119147692972 -0.5543086040068447 0.1844669925176272
v 0.8396425434090717 -0.5189276302272153 0.1603574565909282
v 0.866116046279336 -0.4812151022414075 0.13518513140224794
v 0.8906734148860742 -0.44135699391159255 0.10910944936393785
v 0.912982492932299 -0.3996070517018511 0.08232358003196016
v 0.932755859046785 -0.35628103495026575 0.05504844728656334
v 0.9497667647722865 -0.3117459055814826 0.027524223643281692
v 0.9638612634676226 -0.26640470113456743 0.0
v 0.9749651001369483 -0.22067849695579628 -0.027277362340984476
v 0.9830846546516299 -0.17498730990596634 -0.05407405256089916
v 0.988302081193091 -0.12973190755680383 -0.0801787282954641
v 0.9907655694781581 -0.08527824677028384 -0.10540971001007264
v 0.9906762025679953 -0.04194575226032313 -0.12961950290281224
v 0.8027414975886716 -0.5482503531669115 0.2345797056470434
v 0.8313699290118758 -0.5138148733539264 0.21170337043863285
v 0.8586169976899078 -0.4770486219537172 0.1876205307796251
v 0.8841193776664111 -0.4381092600992779 0.16245984811645314
v 0.9075317519362489 -0.39722129452043314 0.1363868117049223
v 0.9285447107773686 -0.354672519443014 0.10959983594567031
v 0.9469016732891814 -0.3108054846569952 0.08232358003196016
v 0.9624129226652869 -0.2660043895822604 0.05479991797283516
v 0.9749651001369483 -0.22067849695579622 0.027277362340984476
v 0.9845250856095248 -0.17524370403971112 0.0
v 0.991137986271741 -0.130104169623741 -0.02680293296851784
v 0.9949197770918567 -0.08563581222565435 -0.0529258426096582
v 0.9960458058030961 -0.042173104089762395 -0.0781932352156811
v 0.8210844563811233 -0.5074581016777648 0.26135529558613213
v 0.848914714130246 -0.4716580217042537 0.23850056330162536
v 0.875182121262637 -0.43368056541247024 0.2144234637481429
v 0.8995356486714199 -0.39372144728842434 0.18925918396314706
v 0.9216511241654857 -0.3520394036616661 0.1631792376316153
v 0.9412484260365984 -0.3089498957381148 0.13638681170492226
v 0.9581067630867733 -0.2648141963469556 0.10910944936393781
v 0.9720762817228026 -0.22002462728854127 0.08158961881580763
v 0.9830846546516299 -0.17498730990596637 0.05407405256089916
v 0.991137986271741 -0.1301041696237411 0.02680293296851784
v 0.9963161685866463 -0.08575600394622802 0.0
v 0.9987635577743289 -0.0422881751398138 -0.026135529558613226
v 0.8372371019623239 -0.4651699265379511 0.28749082514474544
v 0.864079898627872 -0.4281790611282721 0.26462921304829107
v 0.8891957226704116 -0.3891957226704115 0.2405361848863923
v 0.912253039957255 -0.3484496549232555 0.21535373011074402
v 0.932955251063504 -0.306227792335441 0.18925918396314706
v 0.9510565162951535 -0.2628655560595668 0.16245984811645314
v 0.9663748534555879 -0.21873413738245787 0.13518513140224794
v 0.9788010023635108 -0.17422482746162776 0.10767686505537201
v 0.988302081193091 -0.12973190755680383 0.0801787282954641
v 0.9949197770918567 -0.0856358122256544 0.0529258426096582
v 0.9987635577743289 -0.04228817513981374 0.026135529558613226
v 0.8510675746422777 -0.4217310408976243 0.3127729408627245
v 0.876758698299792 -0.38375211046627716 0.2898767025276998
v 0.9005818416866632 -0.34399165387332853 0.26574816742500795
v 0.9222311755113046 -0.302707784299209 0.24053618488639228
v 0.9414426155535536 -0.2602083392474821 0.21442346374814286
v 0.9580077391262827 -0.21684028270623512 0.187620530779625
v 0.9717843547726445 -0.17297587674240517 0.16035745659092818
v 0.9827025416449895 -0.12899687020249823 0.13287408371250398
v 0.9907655694781581 -0.08527824677028384 0.10540971001007264
v 0.9960458058030961 -0.04217310408976244 0.07819323521568108
v 0.8625013891299094 -0.3775117703429084 0.33701070754731177
v 0.8869075000122311 -0.33876852012747444 0.3140556896359231
v 0.9093320900650396 -0.29847386369599327 0.28987670252769987
v 0.9294998378598645 -0.2569074366769632 0.26462921304829107
v 0.9471823504345128 -0.21439000986556983 0.2385005633016254
v 0.9622098074758607 -0.1712716244513088 0.21170337043863285
v 0.9744788735955344 -0.12791737015542565 0.1844669925176272
v 0.9839560452898753 -0.08469213003186861 0.15702784481796161
v 0.9906762025679953 -0.04194575226032313 0.12961950290281224
v 0.8715228863182574 -0.33289212060016365 0.36004262895637784
v 0.8945450924894309 -0.2936202658222622 0.3370107075473117
v 0.915502344047086 -0.25303862453857456 0.3127729408627245
v 0.9341529754495269 -0.21144087569906864 0.28749082514474544
v 0.9503056210307275 -0.16915270055925494 0.2613552955861322
v 0.9638284211006921 -0.12651931226928728 0.2345797056470434
v 0.9746543508882345 -0.0838915045206463 0.2073912046444995
v 0.9827821773652117 -0.041611515075020464 0.1800213144781889
v 0.8781728160814655 -0.28824632526701943 0.3817414846013048
v 0.8997478541864821 -0.24868419063618682 0.3586223253151507
v 0.919205439624095 -0.2080575753751023 0.3343252983166365
v 0.9363389981249826 -0.1666666666666667 0.3090169943749474
v 0.9509938084946534 -0.1248345452250614 0.28289063703715395
v 0.963073793091992 -0.08289473021206228 0.2561588037965362
v 0.9725445010412459 -0.04117804646671707 0.22904489076078283
v 0.8825425382352229 -0.24392875826469482 0.402016702509702
v 0.9026416903466646 -0.20430845318192573 0.3788087047660401
v 0.9206009609906354 -0.16386532421023747 0.3544601897880673
v 0.9362487070583327 -0.12289899315767809 0.32914160480320537
v 0.9494650213026119 -0.08172338127277025 0.30304696381283214
v 0.9601862839215201 -0.040654793044115775 0.2763864829754201
v 0.8847656899607117 -0.20026230948283416 0.42081430734820247
v 0.9033918157556254 -0.16080212714352857 0.3975247201519307
v 0.9198834216871895 -0.12075076365446102 0.37314038052981185
v 0.9341022893083982 -0.08040106357176427 0.3478341301329393
v 0.9459604064062255 -0.04005246189656682 0.32179917620744886
v 0.8850083552101781 -0.15752990405227277 0.43811475726966453
v 0.9021915720483994 -0.11842839942440946 0.41475906443935645
v 0.9172701131640247 -0.07895226628293965 0.390361472413512
v 0.9301366570377718 -0.03938247601306822 0.36509563105805376
v 0.883458776963223 -0.115969392925772 0.45392916772451863
v 0.8992513689858948 -0.07740133742564942 0.4305299157337558
v 0.9129896879251919 -0.03865646430859065 0.40614715006930613
v 0.8803175104023412 -0.07577164185048696 0.4682945004698491
v 0.8947886063040922 -0.03788582092524347 0.44487977544635654
v 0.8757886816692327 -0.03708135410789919 0.48126828093859647
v 0.03708135410789915 -0.4812682809385965 0.8757886816692328
v 0.07577164185048695 -0.4682945004698491 0.8803175104023412
v 0.11596939292577203 -0.45392916772451863 0.883458776963223
v 0.1575299040522727 -0.43811475726966453 0.8850083552101781
v 0.20026230948283416 -0.42081430734820247 0.8847656899607117
v 0.24392875826469487 -0.402016702509702 0.8825425382352229
v 0.2882463252670194 -0.38174148460130486 0.8781728160814656
v 0.33289212060016365 -0.36004262895637784 0.8715228863182574
v 0.37751177034290845 -0.33701070754731177 0.8625013891299094
v 0.42173104089762425 -0.31277294086272456 0.8510675746422777
v 0.4651699265379511 -0.28749082514474544 0.8372371019623239
v 0.5074581016777646 -0.2613552955861322 0.8210844563811234
v 0.5482503531669115 -0.23457970564704342 0.8027414975886716
v 0.5872405316445244 -0.20739120464449953 0.7823921307311058
v 0.6241727261253067 -0.1800213144781889 0.760263595271303
v 0.6588487434674729 -0.15269659384052198 0.7366152886417949
v 0.6911314817499687 -0.12563021953428188 0.7117262977253691
v 0.720944314138203 -0.09901513114075354 0.6858828615127918
v 0.7482670442482954 -0.0730191262116108 0.659366846072209
v 0.7731292861718135 -0.04778201765521249 0.6324460337864874
v 0.7956022394301128 -0.023414725023492473 0.6053666882690718
v 0.8157897903737814 -4.1981902797984136e-17 0.578348526341947
v 0.037885820925243466 -0.44487977544635654 0.8947886063040922
v 0.07740133742564947 -0.4305299157337559 0.8992513689858948
v 0.11842839942440941 -0.41475906443935645 0.9021915720483994
v 0.16080212714352854 -0.39752472015193063 0.9033918157556253
v 0.20430845318192578 -0.3788087047660401 0.9026416903466645
v 0.24868419063618677 -0.3586223253151507 0.8997478541864821
v 0.2936202658222622 -0.3370107075473117 0.8945450924894309
v 0.3387685201274745 -0.3140556896359231 0.8869075000122311
v 0.38375211046627716 -0.28987670252769987 0.876758698299792
v 0.42817906112827214 -0.26462921304829107 0.864079898627872
v 0.4716580217042537 -0.2385005633016254 0.848914714130246
v 0.5138148733539265 -0.21170337043863283 0.8313699290118758
v 0.5543086040068447 -0.1844669925176272 0.8116119147692972
v 0.5928449102230805 -0.15702784481796153 0.7898589547345868
v 0.6291862839048474 -0.12961950290281218 0.7663702790513451
v 0.6631578416964982 -0.10246352151861453 0.7414330069227071
v 0.6946487408185475 -0.07576174095320799 0.7153483665228748
v 0.7236095721458784 -0.049690590018991315 0.6884185008862148
v 0.7500465296879263 -0.024397592025844503 0.6609349141983945
v 0.7740133742564946 3.9832018769795354e-17 0.6331692478888055
v 0.7956022394301128 0.02341472502349247 0.6053666882690718
v 0.038656464308590675 -0.40614715006930613 0.9129896879251919
v 0.07895226628293962 -0.390361472413512 0.9172701131640247
v 0.12075076365446102 -0.37314038052981185 0.9198834216871895
v 0.16386532421023747 -0.35446018978806726 0.9206009609906352
v 0.20805757537510228 -0.3343252983166365 0.919205439624095
v 0.25303862453857456 -0.3127729408627245 0.915502344047086
v 0.2984738636959934 -0.2898767025276998 0.9093320900650396
v 0.34399165387332836 -0.265748167425008 0.9005818416866632
v 0.3891957226704115 -0.2405361848863923 0.8891957226704116
v 0.4336805654124702 -0.2144234637481429 0.875182121262637
v 0.4770486219537172 -0.18762053077962507 0.8586169976899077
v 0.5189276302272153 -0.1603574565909282 0.8396425434090717
v 0.5589864375441587 -0.132874083712504 0.8184611417283371
v 0.5969477273919866 -0.10540971001007264 0.7953252188866733
v 0.6325965613464364 -0.07819323521568113 0.7705241128862675
v 0.6657842412003272 -0.051434661279482555 0.7443694108360239
v 0.6964276278935093 -0.025318584984861926 0.7171802621105687
v 0.7245045819267661 0.0 0.6892699839446963
v 0.7500465296879263 0.02439759202584448 0.6609349141983946
v 0.7731292861718135 0.047782017655212505 0.6324460337864874
v 0.03938247601306818 -0.3650956310580538 0.9301366570377719
v 0.08040106357176427 -0.3478341301329394 0.9341022893083983
v 0.12289899315767812 -0.32914160480320537 0.9362487070583327
v 0.16666666666666666 -0.30901699437494745 0.9363389981249826
v 0.21144087569906864 -0.28749082514474544 0.9341529754495269
v 0.25690743667696325 -0.26462921304829107 0.9294998378598645
v 0.30270778429920897 -0.24053618488639233 0.9222311755113046
v 0.34844965492325547 -0.21535373011074402 0.9122530399572549
v 0.3937214472884241 -0.18925918396314712 0.8995356486714199
v 0.438109260099278 -0.16245984811645314 0.8841193776664111
v 0.48121510224140734 -0.13518513140224797 0.866116046279336
v 0.5226744823848832 -0.10767686505537204 0.8457050775509992
v 0.5621715994128166 -0.08017872829546416 0.8231248169886253
v 0.599450685579581 -0.052925842609658214 0.7986599593958795
v 0.6343226270972059 -0.026135529558613247 0.7726265196375218
v 0.6666666666666666 -5.1461667323329365e-17 0.7453559924999299
v 0.6964276278935093 0.025318584984861944 0.7171802621105687
v 0.7236095721458784 0.04969059001899131 0.6884185008862148
v 0.7482670442482954 0.0730191262116107 0.659366846072209
v 0.04005246189656683 -0.32179917620744886 0.9459604064062255
v 0.08172338127277032 -0.30304696381283214 0.9494650213026121
v 0.12483454522506136 -0.28289063703715395 0.9509938084946534
v 0.16915270055925488 -0.26135529558613213 0.9503056210307274
v 0.21439000986556986 -0.23850056330162533 0.9471823504345128
v 0.26020833924748216 -0.2144234637481429 0.9414426155535536
v 0.3062277923354411 -0.1892591839631471 0.932955251063504
v 0.352039403661666 -0.1631792376316153 0.9216511241654857
v 0.3972212945204333 -0.13638681170492226 0.9075317519362489
v 0.4413569939115926 -0.10910944936393781 0.8906734148860742
v 0.4840541800347907 -0.08158961881580765 0.8712259666081686
v 0.5249619297178989 -0.05407405256089914 0.849406245083294
v 0.5637847350362112 -0.026802932968517858 0.8254867505444495
v 0.6002920276235957 5.295776335270683e-17 0.7997808959781125
v 0.6343226270972059 0.026135529558613247 0.7726265196375218
v 0.6657842412003272 0.05143466127948254 0.7443694108360239
v 0.6946487408185475 0.07576174095320808 0.7153483665228748
v 0.720944314138203 0.09901513114075354 0.6858828615127918
v 0.04065479304411581 -0.2763864829754201 0.9601862839215201
v 0.08289473021206226 -0.2561588037965362 0.963073793091992
v 0.12651931226928728 -0.2345797056470434 0.9638284211006921
v 0.17127162445130883 -0.21170337043863285 0.9622098074758607
v 0.21684028270623512 -0.18762053077962504 0.9580077391262828
v 0.2628655560595668 -0.16245984811645314 0.9510565162951535
v 0.30894989573811477 -0.13638681170492226 0.9412484260365984
v 0.35467251944301403 -0.10959983594567031 0.9285447107773686
v 0.3996070517018511 -0.08232358003196016 0.912982492932299
v 0.44334064930376743 -0.05479991797283512 0.8946764988894501
v 0.4854926933027518 -0.02727736234098447 0.8738150778358993
v 0.5257311121191336 0.0 0.8506508083520399
v 0.5637847350362112 0.02680293296851784 0.8254867505444495
v 0.599450685579581 0.052925842609658234 0.7986599593958795
v 0.6325965613464364 0.07819323521568113 0.7705241128862675
v 0.663157841696498 0.10246352151861449 0.7414330069227071
v 0.6911314817499689 0.1256302195342819 0.7117262977253691
v 0.04117804646671705 -0.22904489076078283 0.9725445010412459
v 0.08389150452064635 -0.2073912046444995 0.9746543508882346
v 0.1279173701554257 -0.1844669925176271 0.9744788735955344
v 0.17297587674240514 -0.1603574565909282 0.9717843547726445
v 0.21873413738245792 -0.13518513140224786 0.9663748534555878
v 0.2648141963469555 -0.10910944936393778 0.9581067630867733
v 0.31080548465699537 -0.08232358003196011 0.9469016732891814
v 0.3562810349502658 -0.055048447286563315 0.932755859046785
v 0.40081616431904904 -0.027524223643281623 0.9157449533212836
v 0.44400783522427906 7.311802721684318e-17 0.8960229027538579
v 0.4854926933027518 0.027277362340984507 0.8738150778358993
v 0.5249619297178989 0.05407405256089923 0.849406245083294
v 0.5621715994128167 0.08017872829546414 0.8231248169886253
v 0.5969477273919866 0.10540971001007275 0.7953252188866733
v 0.6291862839048474 0.12961950290281227 0.7663702790513451
v 0.6588487434674729 0.15269659384052198 0.7366152886417948
v 0.04161151507502044 -0.18002131447818892 0.9827821773652117
v 0.08469213003186861 -0.1570278448179616 0.9839560452898753
v 0.12899687020249814 -0.13287408371250403 0.9827025416449895
v 0.17422482746162773 -0.10767686505537209 0.9788010023635108
v 0.22002462728854122 -0.08158961881580769 0.9720762817228028
v 0.26600438958226047 -0.0547999179728352 0.9624129226652869
v 0.3117459055814826 -0.027524223643281727 0.9497667647722865
v 0.35682208977308993 -7.345063871007168e-17 0.9341723589627158
v 0.40081616431904904 0.027524223643281623 0.9157449533212836
v 0.44334064930376743 0.05479991797283508 0.8946764988894501
v 0.48405418003479067 0.08158961881580758 0.8712259666081686
v 0.5226744823848832 0.10767686505537194 0.8457050775509992
v 0.5589864375441587 0.1328740837125039 0.8184611417283371
v 0.5928449102230804 0.15702784481796153 0.7898589547345868
v 0.6241727261253068 0.18002131447818884 0.7602635952713032
v 0.04194575226032316 -0.12961950290281224 0.9906762025679953
v 0.0852782467702838 -0.10540971001007264 0.9907655694781581
v 0.12973190755680383 -0.0801787282954641 0.988302081193091
v 0.17498730990596628 -0.054074052560899186 0.9830846546516298
v 0.22067849695579628 -0.027277362340984435 0.974965100136948
v 0.26640470113456743 0.0 0.9638612634676226
v 0.3117459055814826 0.027524223643281692 0.9497667647722865
v 0.35628103495026575 0.05504844728656334 0.932755859046785
v 0.3996070517018511 0.08232358003196016 0.912982492932299
v 0.4413569939115926 0.10910944936393786 0.8906734148860742
v 0.4812151022414074 0.13518513140224794 0.866116046279336
v 0.5189276302272153 0.1603574565909282 0.8396425434090717
v 0.5543086040068447 0.18446699251762716 0.8116119147692972
v 0.5872405316445244 0.20739120464449956 0.7823921307311058
v 0.04217310408976243 -0.0781932352156811 0.9960458058030961
v 0.08563581222565442 -0.052925842609658165 0.9949197770918567
v 0.13010416962374105 -0.026802932968517802 0.991137986271741
v 0.17524370403971123 3.6073332791198436e-17 0.9845250856095248
v 0.22067849695579628 0.027277362340984542 0.974965100136948
v 0.26600438958226047 0.0547999179728352 0.9624129226652869
v 0.31080548465699537 0.08232358003196025 0.9469016732891814
v 0.35467251944301403 0.10959983594567034 0.9285447107773686
v 0.3972212945204333 0.13638681170492237 0.9075317519362489
v 0.4381092600992781 0.16245984811645325 0.8841193776664111
v 0.4770486219537172 0.1876205307796251 0.8586169976899077
v 0.5138148733539265 0.2117033704386329 0.8313699290118758
v 0.5482503531669115 0.23457970564704342 0.8027414975886715
v 0.04228817513981372 -0.026135529558613296 0.9987635577743289
v 0.08575600394622793 -7.061035113694243e-17 0.9963161685866463
v 0.13010416962374105 0.026802932968517802 0.991137986271741
v 0.17498730990596628 0.054074052560899075 0.9830846546516298
v 0.22002462728854122 0.08158961881580762 0.9720762817228028
v 0.2648141963469555 0.10910944936393778 0.9581067630867733
v 0.30894989573811477 0.13638681170492223 0.9412484260365984
v 0.3520394036616659 0.16317923763161524 0.9216511241654857
v 0.39372144728842423 0.18925918396314706 0.89953564867142
v 0.4336805654124702 0.21442346374814286 0.875182121262637
v 0.47165802170425364 0.23850056330162528 0.848914714130246
v 0.5074581016777647 0.26135529558613213 0.8210844563811234
v 0.04228817513981372 0.026135529558613226 0.9987635577743289
v 0.0856358122256544 0.05292584260965819 0.9949197770918567
v 0.12973190755680383 0.0801787282954641 0.988302081193091
v 0.17422482746162773 0.10767686505537198 0.9788010023635108
v 0.21873413738245792 0.13518513140224797 0.9663748534555879
v 0.2628655560595668 0.16245984811645314 0.9510565162951535
v 0.306227792335441 0.1892591839631471 0.9329552510635039
v 0.34844965492325547 0.215353730110744 0.912253039957255
v 0.3891957226704115 0.2405361848863923 0.8891957226704116
v 0.42817906112827214 0.2646292130482911 0.864079898627872
v 0.4651699265379511 0.28749082514474544 0.8372371019623239
v 0.04217310408976243 0.0781932352156811 0.9960458058030961
v 0.08527824677028378 0.1054097100100726 0.9907655694781581
v 0.12899687020249817 0.13287408371250395 0.9827025416449895
v 0.1729758767424051 0.16035745659092812 0.9717843547726444
v 0.21684028270623512 0.18762053077962504 0.9580077391262828
v 0.2602083392474821 0.21442346374814286 0.9414426155535536
v 0.30270778429920897 0.24053618488639225 0.9222311755113046
v 0.3439916538733284 0.2657481674250079 0.9005818416866632
v 0.3837521104662771 0.2898767025276998 0.876758698299792
v 0.42173104089762425 0.31277294086272445 0.8510675746422777
v 0.04194575226032317 0.1296195029028123 0.9906762025679953
v 0.08469213003186861 0.1570278448179616 0.9839560452898753
v 0.1279173701554257 0.18446699251762722 0.9744788735955344
v 0.17127162445130883 0.21170337043863285 0.9622098074758607
v 0.21439000986556986 0.23850056330162547 0.9471823504345128
v 0.25690743667696325 0.26462921304829107 0.9294998378598645
v 0.2984738636959933 0.28987670252769987 0.9093320900650395
v 0.3387685201274745 0.3140556896359232 0.8869075000122311
v 0.37751177034290845 0.33701070754731177 0.8625013891299094
v 0.04161151507502045 0.1800213144781889 0.9827821773652117
v 0.08389150452064631 0.2073912046444995 0.9746543508882345
v 0.12651931226928728 0.2345797056470434 0.9638284211006921
v 0.16915270055925494 0.2613552955861322 0.9503056210307275
v 0.21144087569906864 0.28749082514474544 0.9341529754495269
v 0.25303862453857456 0.3127729408627245 0.915502344047086
v 0.2936202658222622 0.33701070754731177 0.8945450924894309
v 0.3328921206001636 0.3600426289563777 0.8715228863182575
v 0.04117804646671705 0.22904489076078283 0.9725445010412459
v 0.08289473021206226 0.2561588037965362 0.963073793091992
v 0.12483454522506136 0.28289063703715395 0.9509938084946534
v 0.16666666666666666 0.30901699437494734 0.9363389981249826
v 0.20805757537510228 0.3343252983166365 0.919205439624095
v 0.24868419063618677 0.3586223253151507 0.8997478541864821
v 0.2882463252670194 0.3817414846013048 0.8781728160814655
v 0.04065479304411581 0.2763864829754201 0.9601862839215201
v 0.0817233812727703 0.30304696381283214 0.9494650213026119
v 0.12289899315767812 0.32914160480320537 0.9362487070583327
v 0.16386532421023747 0.35446018978806726 0.9206009609906352
v 0.20430845318192575 0.3788087047660402 0.9026416903466645
v 0.24392875826469487 0.402016702509702 0.8825425382352229
v 0.04005246189656683 0.32179917620744886 0.9459604064062255
v 0.08040106357176426 0.34783413013293923 0.9341022893083982
v 0.12075076365446102 0.37314038052981185 0.9198834216871895
v 0.16080212714352854 0.39752472015193063 0.9033918157556253
v 0.20026230948283416 0.42081430734820247 0.8847656899607117
v 0.03938247601306818 0.36509563105805365 0.9301366570377718
v 0.07895226628293962 0.39036147241351193 0.9172701131640247
v 0.11842839942440941 0.41475906443935645 0.9021915720483994
v 0.1575299040522727 0.4381147572696644 0.885008355210178
v 0.038656464308590675 0.40614715006930613 0.9129896879251919
v 0.07740133742564946 0.43052991573375593 0.8992513689858948
v 0.11596939292577203 0.45392916772451863 0.883458776963223
v 0.037885820925243466 0.44487977544635654 0.8947886063040922
v 0.07577164185048695 0.4682945004698491 0.8803175104023412
v 0.03708135410789916 0.4812682809385964 0.8757886816692328
v -0.5412671722340479 -0.8387073275613337 0.05999889129545136
v -0.529595046418585 -0.8424316894770978 0.09918636687397939
v -0.5164766408607155 -0.8448023126546322 0.13986040175337827
v -0.5018369420199363 -0.84562587919711 0.1818696127894763
v -0.48562055202995763 -0.8447132280641448 0.22501609226802255
v -0.4677975394606742 -0.841887745191107 0.26905480217155125
v -0.44836896337477555 -0.8369947696147485 0.31369575757377305
v -0.4273714746711395 -0.829911371243237 0.3586094512399049
v -0.40488036038819736 -0.8205556368695862 0.4034356709234709
v -0.3810104566910474 -0.8088944705525154 0.44779545263618464
v -0.3559145298431724 -0.7949489268225102 0.4913054560965643
v -0.32977900028455914 -0.7787962812413096 0.5335936312363778
v -0.3028172214753662 -0.7605683934989093 0.5743147649054718
v -0.27526085748538515 -0.7404463784707827 0.6131644322250868
v -0.2473501601929506 -0.7186520801962826 0.6498900567650481
v -0.21932407261399267 -0.6954372421750779 0.6842981757742265
v -0.19141105648525406 -0.6710715046812533 0.7162575256568252
v -0.16382137582250872 -0.6458303996162249 0.7456980969233914
v -0.13674131096188255 -0.6199843700591409 0.7726067529854991
v -0.1103294907914094 -0.5937895694778969 0.7970202949994198
v -0.08471527097222839 -0.5674808673438284 0.8190169644536053
v -0.059998891295451405 -0.5412671722340479 0.8387073275613336
v -0.5674808673438284 -0.8190169644536053 0.08471527097222835
v -0.555767910463156 -0.8218500315602453 0.12523799472940012
v -0.542506514773985 -0.8232393057654598 0.1672235834760984
v -0.5276163737426862 -0.8229907521838611 0.21049271716251985
v -0.5110399133409491 -0.8209183090738942 0.25481628048406446
v -0.49274881628652023 -0.8168531239744198 0.299915951395494
v -0.47275001322908294 -0.8106535879687846 0.34546806698338706
v -0.45109043460711223 -0.8022153699803625 0.39111113506679507
v -0.42785980430302 -0.7914804515295082 0.4364569654713135
v -0.40319086788360364 -0.7784440864022176 0.4811049037379304
v -0.37725669242599225 -0.763158710184018 0.5246581468823927
v -0.35026502527394543 -0.7457341167862214 0.5667407159635848
v -0.3224500942929473 -0.7263336679990133 0.607013459011881
v -0.2940625897891506 -0.7051668247027181 0.645187525162401
v -0.2653588085845834 -0.6824787745306987 0.6810340850659723
v -0.23659001248998404 -0.6585382767106448 0.7143896024558054
v -0.207992949528117 -0.6336249852501046 0.7451565681206863
v -0.17978224360974693 -0.6080174373144506 0.7733001621648697
v -0.1521450423604731 -0.5819826479154548 0.7988417137396152
v -0.1252379947294001 -0.555767910463156 0.8218500315602453
v -0.09918636687397937 -0.529595046418585 0.8424316894770978
v -0.5937895694778969 -0.7970202949994198 0.1103294907914094
v -0.581982647915455 -0.7988417137396153 0.15214504236047313
v -0.5685192202902353 -0.7991326580327285 0.1953788397604234
v -0.5533149379003311 -0.7977019678329571 0.23982107916482331
v -0.5363118354609216 -0.7943708943990336 0.2852095672943261
v -0.5174854883476929 -0.7889830317777987 0.33123185975425573
v -0.4968513551906801 -0.7814147199096138 0.3775311462035479
v -0.47446948785500853 -0.771584971484165 0.42371610410083077
v -0.45044682073866027 -0.7594638151136077 0.46937445096587566
v -0.4249364322774375 -0.7450779516388959 0.5140893643180238
v -0.3981334993089198 -0.7285128280661668 0.5574574208592709
v -0.37026809244319614 -0.709910635852268 0.5991063585226795
v -0.34159540414250456 -0.6894642715258389 0.638710887771661
v -0.31238436267305286 -0.6674078487312476 0.6760050098995412
v -0.28290578270064953 -0.6440048006169802 0.7107897965621176
v -0.2534211984237677 -0.6195348656109626 0.742936233119551
v -0.2241733330971259 -0.5942812689528906 0.7723833828480952
v -0.1953788397604234 -0.5685192202902353 0.7991326580327285
v -0.16722358347609842 -0.5425065147739851 0.8232393057654598
v -0.13986040175337827 -0.5164766408607155 0.8448023126546323
v -0.6199843700591409 -0.7726067529854992 0.1367413109618825
v -0.6080174373144506 -0.7733001621648697 0.17978224360974693
v -0.5942812689528907 -0.7723833828480952 0.2241733330971259
v -0.5786893258332632 -0.7696723314583159 0.26967233145831576
v -0.5611856439384533 -0.7650002748902721 0.3159829939335215
v -0.5417525227189163 -0.7582282134085556 0.3627591218962797
v -0.5204170326894162 -0.7492552987688995 0.4096127553598278
v -0.49725542262774375 -0.7380282124956271 0.45612651997862746
v -0.4723945989909117 -0.7245483387654537 0.5018695524102225
v -0.4460101175671331 -0.7088756736267 0.5464158255102467
v -0.4183205464300126 -0.6911287363733697 0.5893632073632057
v -0.38957855757237175 -0.6714802500893715 0.6303513474402552
v -0.3600595760984881 -0.6501489402462202 0.6690765704734354
v -0.3300491522802835 -0.6273883349445708 0.7053023707988973
v -0.299830348352321 -0.6034738190782668 0.7388647453316587
v -0.2696723314583159 -0.5786893258332633 0.7696723314583158
v -0.23982107916482331 -0.5533149379003311 0.7977019678329571
v -0.21049271716251988 -0.5276163737426862 0.8229907521838611
v -0.18186961278947636 -0.5018369420199363 0.8456258791971099
v -0.6458303996162249 -0.7456980969233914 0.16382137582250872
v -0.6336249852501046 -0.7451565681206862 0.20799294952811706
v -0.6195348656109626 -0.742936233119551 0.2534211984237677
v -0.6034738190782668 -0.7388647453316587 0.299830348352321
v -0.5853908861125426 -0.7327923405689429 0.3468903228109173
v -0.5652784112969674 -0.7246023328473185 0.3942230040900715
v -0.543178452747853 -0.714221113681046 0.44141292373768903
v -0.5191865629465026 -0.7016264968769443 0.488022101688012
v -0.49345212036564085 -0.6868532549804527 0.5336081062253556
v -0.4661747580246564 -0.6699949179302778 0.5777438056165148
v -0.43759694413069505 -0.6512013393196273 0.6200368780611368
v -0.40799332134560495 -0.630672107700836 0.6601470611201468
v -0.37765788051734234 -0.6086464678382144 0.6977993998788006
v -0.3468903228109172 -0.5853908861125425 0.732792340568943
v -0.3159829939335215 -0.5611856439384533 0.7650002748902721
v -0.2852095672943261 -0.5363118354609216 0.7943708943990336
v -0.2548162804840644 -0.5110399133409491 0.8209183090738942
v -0.22501609226802252 -0.48562055202995763 0.8447132280641448
v -0.6710715046812533 -0.7162575256568252 0.19141105648525406
v -0.6585382767106447 -0.7143896024558053 0.23659001248998401
v -0.6440048006169802 -0.7107897965621176 0.28290578270064953
v -0.6273883349445708 -0.7053023707988973 0.3300491522802835
v -0.6086464678382144 -0.6977993998788006 0.37765788051734234
v -0.5877852522924731 -0.6881909602355868 0.42532540417601994
v -0.5648651820977846 -0.6764342296896431 0.47261406978402154
v -0.5400039794464362 -0.662540321195108 0.5190722733615194
v -0.5133754412304479 -0.6465777917977316 0.5642542117657714
v -0.485204061473601 -0.6286721093071898 0.6077404032222729
v -0.45575573273384673 -0.6090008814889437 0.6491568673486585
v -0.42532540417601994 -0.5877852522924731 0.6881909602355868
v -0.3942230040900715 -0.5652784112969674 0.7246023328473185
v -0.3627591218962797 -0.5417525227189163 0.7582282134085556
v -0.33123185975425573 -0.5174854883476929 0.7889830317777987
v -0.299915951395494 -0.49274881628652023 0.8168531239744197
v -0.26905480217155125 -0.46779753946067415 0.8418877451911071
v -0.6954372421750779 -0.6842981757742265 0.21932407261399262
v -0.6824787745306988 -0.6810340850659723 0.26535880858458344
v -0.6674078487312476 -0.6760050098995412 0.31238436267305286
v -0.6501489402462202 -0.6690765704734354 0.3600595760984881
v -0.630672107700836 -0.6601470611201468 0.40799332134560506
v -0.6090008814889438 -0.6491568673486585 0.4557557327338468
v -0.5852174180968625 -0.636096188632186 0.5028938380649024
v -0.5594639183710177 -0.6210099534653024 0.5489506004532376
v -0.5319396947277361 -0.603999047739801 0.593485729822021
v -0.5028938380649023 -0.5852174180968625 0.6360961886321861
v -0.47261406978402154 -0.5648651820977846 0.6764342296896431
v -0.441412923737689 -0.5431784527478529 0.7142211136810461
v -0.40961275535982783 -0.5204170326894162 0.7492552987688996
v -0.3775311462035477 -0.49685135519068 0.7814147199096139
v -0.345468066983387 -0.4727500132290829 0.8106535879687846
v -0.31369575757377305 -0.44836896337477544 0.8369947696147485
v -0.7186520801962826 -0.6498900567650482 0.24735016019295059
v -0.7051668247027181 -0.645187525162401 0.2940625897891507
v -0.6894642715258388 -0.6387108877716612 0.34159540414250444
v -0.6714802500893715 -0.6303513474402553 0.3895785575723717
v -0.6512013393196273 -0.6200368780611368 0.4375969441306949
v -0.6286721093071898 -0.607740403222273 0.485204061473601
v -0.6039990477398008 -0.5934857298220207 0.531939694727736
v -0.5773502691896257 -0.5773502691896258 0.5773502691896257
v -0.5489506004532376 -0.5594639183710178 0.6210099534653024
v -0.5190722733615194 -0.5400039794464362 0.662540321195108
v -0.488022101688012 -0.5191865629465027 0.7016264968769443
v -0.4561265199786275 -0.4972554226277438 0.7380282124956271
v -0.4237161041008308 -0.47446948785500853 0.7715849714841649
v -0.391111135066795 -0.45109043460711234 0.8022153699803625
v -0.35860945123990495 -0.42737147467113956 0.829911371243237
v -0.7404463784707827 -0.6131644322250868 0.27526085748538515
v -0.7263336679990133 -0.607013459011881 0.3224500942929473
v -0.709910635852268 -0.5991063585226795 0.37026809244319614
v -0.6911287363733696 -0.5893632073632057 0.4183205464300126
v -0.6699949179302779 -0.5777438056165148 0.4661747580246564
v -0.6465777917977316 -0.5642542117657714 0.5133754412304479
v -0.6210099534653024 -0.5489506004532376 0.5594639183710177
v -0.5934857298220207 -0.531939694727736 0.6039990477398008
v -0.5642542117657714 -0.5133754412304479 0.6465777917977316
v -0.5336081062253556 -0.49345212036564085 0.6868532549804527
v -0.5018695524102226 -0.47239459899091174 0.7245483387654537
v -0.46937445096587566 -0.45044682073866027 0.7594638151136077
v -0.4364569654713135 -0.42785980430302006 0.7914804515295082
v -0.4034356709234709 -0.4048803603881973 0.8205556368695862
v -0.7605683934989093 -0.5743147649054718 0.3028172214753662
v -0.7457341167862214 -0.5667407159635847 0.35026502527394554
v -0.7285128280661668 -0.5574574208592709 0.3981334993089198
v -0.7088756736267 -0.5464158255102467 0.44601011756713316
v -0.6868532549804527 -0.5336081062253555 0.4934521203656409
v -0.6625403211951081 -0.5190722733615194 0.5400039794464363
v -0.6360961886321861 -0.5028938380649023 0.5852174180968626
v -0.6077404032222729 -0.485204061473601 0.6286721093071898
v -0.5777438056165148 -0.46617475802465635 0.6699949179302779
v -0.5464158255102467 -0.44601011756713305 0.7088756736267
v -0.5140893643180238 -0.4249364322774375 0.7450779516388959
v -0.4811049037379303 -0.40319086788360364 0.7784440864022177
v -0.44779545263618464 -0.3810104566910472 0.8088944705525153
v -0.7787962812413095 -0.533593631236378 0.32977900028455903
v -0.763158710184018 -0.5246581468823927 0.3772566924259922
v -0.7450779516388959 -0.5140893643180239 0.4249364322774375
v -0.7245483387654537 -0.5018695524102227 0.4723945989909117
v -0.7016264968769444 -0.4880221016880122 0.5191865629465026
v -0.676434229689643 -0.47261406978402154 0.5648651820977845
v -0.6491568673486585 -0.45575573273384673 0.6090008814889437
v -0.6200368780611367 -0.43759694413069505 0.6512013393196273
v -0.5893632073632057 -0.41832054643001265 0.6911287363733696
v -0.5574574208592709 -0.3981334993089197 0.7285128280661667
v -0.5246581468823927 -0.37725669242599236 0.7631587101840179
v -0.4913054560965642 -0.3559145298431724 0.79494892682251
v -0.7949489268225102 -0.4913054560965643 0.3559145298431724
v -0.7784440864022176 -0.48110490373793036 0.4031908678836037
v -0.7594638151136077 -0.46937445096587566 0.45044682073866027
v -0.7380282124956273 -0.4561265199786275 0.49725542262774375
v -0.714221113681046 -0.441412923737689 0.543178452747853
v -0.6881909602355868 -0.42532540417601994 0.5877852522924731
v -0.6601470611201469 -0.407993321345605 0.6306721077008361
v -0.6303513474402552 -0.38957855757237175 0.6714802500893715
v -0.5991063585226795 -0.37026809244319614 0.709910635852268
v -0.5667407159635848 -0.3502650252739455 0.7457341167862215
v -0.533593631236378 -0.32977900028455914 0.7787962812413096
v -0.8088944705525153 -0.44779545263618464 0.38101045669104733
v -0.7914804515295082 -0.4364569654713135 0.42785980430301995
v -0.771584971484165 -0.4237161041008309 0.47446948785500853
v -0.7492552987688996 -0.40961275535982783 0.5204170326894162
v -0.7246023328473185 -0.39422300409007144 0.5652784112969673
v -0.6977993998788006 -0.37765788051734234 0.6086464678382144
v -0.6690765704734354 -0.3600595760984881 0.6501489402462202
v -0.6387108877716612 -0.3415954041425046 0.6894642715258388
v -0.607013459011881 -0.3224500942929473 0.7263336679990133
v -0.574314764905472 -0.3028172214753662 0.7605683934989091
v -0.8205556368695862 -0.4034356709234708 0.40488036038819736
v -0.8022153699803625 -0.391111135066795 0.4510904346071123
v -0.7814147199096139 -0.37753114620354783 0.4968513551906801
v -0.7582282134085556 -0.3627591218962797 0.5417525227189163
v -0.7327923405689429 -0.34689032281091725 0.5853908861125428
v -0.7053023707988973 -0.3300491522802835 0.6273883349445708
v -0.676005009899541 -0.3123843626730528 0.6674078487312477
v -0.645187525162401 -0.2940625897891506 0.7051668247027182
v -0.6131644322250868 -0.2752608574853851 0.7404463784707827
v -0.8299113712432369 -0.35860945123990484 0.42737147467113945
v -0.8106535879687846 -0.34546806698338706 0.47275001322908294
v -0.7889830317777987 -0.33123185975425573 0.5174854883476929
v -0.7650002748902721 -0.3159829939335215 0.5611856439384533
v -0.7388647453316588 -0.29983034835232103 0.6034738190782669
v -0.7107897965621175 -0.28290578270064953 0.6440048006169802
v -0.6810340850659723 -0.2653588085845834 0.6824787745306987
v -0.6498900567650481 -0.2473501601929506 0.7186520801962826
v -0.8369947696147484 -0.3136957575737731 0.4483689633747755
v -0.8168531239744198 -0.2999159513954941 0.49274881628652023
v -0.7943708943990336 -0.2852095672943261 0.5363118354609216
v -0.7696723314583158 -0.2696723314583159 0.5786893258332632
v -0.742936233119551 -0.2534211984237677 0.6195348656109626
v -0.7143896024558054 -0.23659001248998407 0.6585382767106448
v -0.6842981757742265 -0.2193240726139927 0.695437242175078
v -0.841887745191107 -0.2690548021715512 0.4677975394606742
v -0.8209183090738944 -0.2548162804840644 0.5110399133409491
v -0.7977019678329571 -0.2398210791648233 0.5533149379003311
v -0.7723833828480952 -0.2241733330971259 0.5942812689528907
v -0.7451565681206863 -0.207992949528117 0.6336249852501046
v -0.7162575256568252 -0.19141105648525403 0.6710715046812533
v -0.8447132280641448 -0.22501609226802255 0.48562055202995763
v -0.8229907521838611 -0.21049271716251988 0.5276163737426862
v -0.7991326580327285 -0.1953788397604234 0.5685192202902353
v -0.7733001621648697 -0.17978224360974696 0.6080174373144506
v -0.7456980969233914 -0.1638213758225087 0.6458303996162249
v -0.8456258791971099 -0.18186961278947636 0.5018369420199362
v -0.8232393057654598 -0.16722358347609848 0.542506514773985
v -0.7988417137396152 -0.15214504236047313 0.5819826479154548
v -0.7726067529854992 -0.13674131096188258 0.6199843700591408
v -0.8448023126546322 -0.13986040175337824 0.5164766408607155
v -0.8218500315602453 -0.1252379947294001 0.555767910463156
v -0.7970202949994198 -0.11032949079140937 0.5937895694778969
v -0.8424316894770978 -0.0991863668739794 0.529595046418585
v -0.8190169644536053 -0.08471527097222838 0.5674808673438284
v -0.8387073275613336 -0.059998891295451405 0.5412671722340477
v -0.05999889129545135 -0.5412671722340477 -0.8387073275613336
v -0.08471527097222835 -0.5674808673438284 -0.8190169644536053
v -0.1103294907914094 -0.5937895694778969 -0.7970202949994198
v -0.1367413109618825 -0.6199843700591409 -0.7726067529854992
v -0.1638213758225087 -0.6458303996162249 -0.7456980969233914
v -0.19141105648525406 -0.6710715046812533 -0.7162575256568252
v -0.21932407261399262 -0.6954372421750779 -0.6842981757742267
v -0.24735016019295059 -0.7186520801962826 -0.6498900567650481
v -0.27526085748538515 -0.7404463784707827 -0.6131644322250868
v -0.30281722147536616 -0.7605683934989091 -0.574314764905472
v -0.3297790002845591 -0.7787962812413096 -0.5335936312363779
v -0.3559145298431723 -0.7949489268225102 -0.4913054560965642
v -0.38101045669104733 -0.8088944705525154 -0.4477954526361847
v -0.40488036038819736 -0.8205556368695862 -0.4034356709234709
v -0.42737147467113945 -0.8299113712432369 -0.3586094512399049
v -0.4483689633747755 -0.8369947696147485 -0.3136957575737731
v -0.4677975394606742 -0.841887745191107 -0.26905480217155125
v -0.4856205520299576 -0.8447132280641448 -0.22501609226802258
v -0.5018369420199362 -0.8456258791971099 -0.1818696127894764
v -0.5164766408607155 -0.8448023126546322 -0.13986040175337827
v -0.529595046418585 -0.8424316894770978 -0.09918636687397941
v -0.5412671722340477 -0.8387073275613336 -0.05999889129545144
v -0.09918636687397939 -0.529595046418585 -0.8424316894770978
v -0.12523799472940012 -0.555767910463156 -0.8218500315602453
v -0.1521450423604731 -0.5819826479154548 -0.7988417137396152
v -0.17978224360974693 -0.6080174373144506 -0.7733001621648697
v -0.20799294952811703 -0.6336249852501046 -0.7451565681206862
v -0.23659001248998404 -0.6585382767106448 -0.7143896024558054
v -0.26535880858458344 -0.6824787745306987 -0.6810340850659723
v -0.29406258978915073 -0.7051668247027182 -0.6451875251624009
v -0.3224500942929473 -0.7263336679990133 -0.607013459011881
v -0.3502650252739455 -0.7457341167862215 -0.5667407159635848
v -0.37725669242599225 -0.763158710184018 -0.5246581468823927
v -0.40319086788360375 -0.7784440864022176 -0.4811049037379303
v -0.42785980430302 -0.7914804515295082 -0.4364569654713135
v -0.4510904346071123 -0.8022153699803625 -0.39111113506679496
v -0.47275001322908294 -0.8106535879687846 -0.345468066983387
v -0.49274881628652023 -0.8168531239744198 -0.299915951395494
v -0.5110399133409492 -0.8209183090738943 -0.2548162804840644
v -0.5276163737426863 -0.8229907521838611 -0.21049271716251985
v -0.542506514773985 -0.8232393057654598 -0.1672235834760984
v -0.555767910463156 -0.8218500315602453 -0.12523799472940003
v -0.5674808673438284 -0.8190169644536053 -0.08471527097222832
v -0.13986040175337827 -0.5164766408607155 -0.8448023126546322
v -0.1672235834760984 -0.542506514773985 -0.8232393057654598
v -0.1953788397604234 -0.5685192202902353 -0.7991326580327285
v -0.2241733330971259 -0.5942812689528907 -0.7723833828480952
v -0.2534211984237677 -0.6195348656109626 -0.742936233119551
v -0.28290578270064953 -0.6440048006169802 -0.7107897965621176
v -0.31238436267305286 -0.6674078487312476 -0.6760050098995412
v -0.34159540414250444 -0.6894642715258388 -0.6387108877716612
v -0.37026809244319614 -0.709910635852268 -0.5991063585226795
v -0.3981334993089198 -0.7285128280661668 -0.5574574208592709
v -0.4249364322774375 -0.7450779516388959 -0.5140893643180238
v -0.45044682073866027 -0.7594638151136077 -0.46937445096587566
v -0.47446948785500853 -0.771584971484165 -0.4237161041008309
v -0.4968513551906801 -0.7814147199096139 -0.37753114620354783
v -0.5174854883476929 -0.7889830317777987 -0.33123185975425573
v -0.5363118354609216 -0.7943708943990336 -0.28520956729432606
v -0.5533149379003311 -0.7977019678329571 -0.2398210791648233
v -0.5685192202902353 -0.7991326580327285 -0.1953788397604234
v -0.581982647915455 -0.7988417137396153 -0.15214504236047316
v -0.5937895694778969 -0.7970202949994198 -0.11032949079140938
v -0.18186961278947625 -0.5018369420199362 -0.8456258791971099
v -0.21049271716251985 -0.5276163737426862 -0.8229907521838611
v -0.23982107916482331 -0.5533149379003311 -0.7977019678329571
v -0.26967233145831576 -0.5786893258332632 -0.7696723314583159
v -0.299830348352321 -0.6034738190782668 -0.7388647453316587
v -0.3300491522802835 -0.6273883349445708 -0.7053023707988973
v -0.36005957609848793 -0.65014894024622 -0.6690765704734354
v -0.3895785575723717 -0.6714802500893715 -0.6303513474402552
v -0.4183205464300126 -0.6911287363733696 -0.5893632073632057
v -0.4460101175671331 -0.7088756736267 -0.5464158255102467
v -0.4723945989909117 -0.7245483387654537 -0.5018695524102226
v -0.49725542262774375 -0.7380282124956273 -0.4561265199786275
v -0.5204170326894162 -0.7492552987688996 -0.40961275535982783
v -0.5417525227189163 -0.7582282134085556 -0.3627591218962797
v -0.5611856439384533 -0.7650002748902721 -0.3159829939335216
v -0.5786893258332632 -0.7696723314583158 -0.2696723314583159
v -0.5942812689528907 -0.7723833828480952 -0.2241733330971259
v -0.6080174373144506 -0.7733001621648697 -0.17978224360974698
v -0.6199843700591408 -0.7726067529854992 -0.1367413109618826
v -0.22501609226802255 -0.48562055202995763 -0.8447132280641448
v -0.2548162804840645 -0.5110399133409491 -0.8209183090738942
v -0.2852095672943261 -0.5363118354609216 -0.7943708943990336
v -0.3159829939335215 -0.5611856439384533 -0.7650002748902721
v -0.3468903228109173 -0.5853908861125426 -0.7327923405689429
v -0.37765788051734234 -0.6086464678382144 -0.6977993998788006
v -0.407993321345605 -0.630672107700836 -0.6601470611201468
v -0.43759694413069505 -0.6512013393196273 -0.6200368780611368
v -0.4661747580246564 -0.6699949179302779 -0.5777438056165148
v -0.4934521203656409 -0.6868532549804527 -0.5336081062253556
v -0.5191865629465026 -0.7016264968769443 -0.488022101688012
v -0.543178452747853 -0.714221113681046 -0.441412923737689
v -0.5652784112969674 -0.7246023328473185 -0.3942230040900715
v -0.5853908861125426 -0.732792340568943 -0.3468903228109172
v -0.6034738190782668 -0.7388647453316587 -0.2998303483523209
v -0.6195348656109626 -0.742936233119551 -0.2534211984237677
v -0.6336249852501047 -0.7451565681206862 -0.20799294952811698
v -0.645830399616225 -0.7456980969233913 -0.1638213758225087
v -0.26905480217155125 -0.4677975394606742 -0.841887745191107
v -0.299915951395494 -0.49274881628652023 -0.8168531239744198
v -0.33123185975425573 -0.5174854883476929 -0.7889830317777987
v -0.3627591218962797 -0.5417525227189163 -0.7582282134085556
v -0.3942230040900715 -0.5652784112969674 -0.7246023328473185
v -0.42532540417601994 -0.5877852522924731 -0.6881909602355868
v -0.45575573273384673 -0.6090008814889437 -0.6491568673486585
v -0.485204061473601 -0.6286721093071898 -0.6077404032222729
v -0.5133754412304479 -0.6465777917977316 -0.5642542117657714
v -0.5400039794464362 -0.662540321195108 -0.5190722733615194
v -0.5648651820977846 -0.6764342296896431 -0.47261406978402154
v -0.5877852522924731 -0.6881909602355868 -0.42532540417601994
v -0.6086464678382144 -0.6977993998788006 -0.37765788051734234
v -0.6273883349445708 -0.7053023707988973 -0.3300491522802835
v -0.6440048006169802 -0.7107897965621176 -0.28290578270064953
v -0.6585382767106447 -0.7143896024558054 -0.23659001248998404
v -0.6710715046812533 -0.7162575256568252 -0.19141105648525403
v -0.31369575757377305 -0.44836896337477544 -0.8369947696147484
v -0.3454680669833871 -0.47275001322908294 -0.8106535879687845
v -0.3775311462035479 -0.4968513551906801 -0.7814147199096138
v -0.4096127553598279 -0.5204170326894163 -0.7492552987688996
v -0.44141292373768903 -0.5431784527478529 -0.714221113681046
v -0.4726140697840216 -0.5648651820977846 -0.6764342296896431
v -0.5028938380649024 -0.5852174180968625 -0.636096188632186
v -0.5319396947277362 -0.6039990477398011 -0.5934857298220207
v -0.5594639183710178 -0.6210099534653025 -0.5489506004532375
v -0.5852174180968627 -0.6360961886321861 -0.5028938380649023
v -0.6090008814889438 -0.6491568673486585 -0.4557557327338466
v -0.6306721077008361 -0.6601470611201469 -0.40799332134560495
v -0.6501489402462202 -0.6690765704734354 -0.360059576098488
v -0.6674078487312477 -0.6760050098995412 -0.3123843626730528
v -0.6824787745306987 -0.6810340850659723 -0.2653588085845834
v -0.695437242175078 -0.6842981757742265 -0.21932407261399262
v -0.35860945123990484 -0.4273714746711395 -0.829911371243237
v -0.39111113506679496 -0.4510904346071123 -0.8022153699803625
v -0.42371610410083077 -0.47446948785500853 -0.771584971484165
v -0.45612651997862746 -0.4972554226277438 -0.7380282124956273
v -0.48802210168801197 -0.5191865629465026 -0.7016264968769444
v -0.5190722733615194 -0.5400039794464362 -0.6625403211951081
v -0.5489506004532375 -0.5594639183710177 -0.6210099534653025
v -0.5773502691896257 -0.5773502691896258 -0.5773502691896258
v -0.6039990477398008 -0.5934857298220207 -0.5319396947277361
v -0.6286721093071896 -0.6077404032222729 -0.4852040614736011
v -0.6512013393196273 -0.6200368780611368 -0.43759694413069505
v -0.6714802500893715 -0.6303513474402552 -0.3895785575723718
v -0.6894642715258387 -0.6387108877716611 -0.34159540414250467
v -0.7051668247027181 -0.645187525162401 -0.29406258978915073
v -0.7186520801962826 -0.6498900567650481 -0.24735016019295064
v -0.4034356709234709 -0.40488036038819736 -0.8205556368695862
v -0.4364569654713135 -0.42785980430302 -0.7914804515295082
v -0.46937445096587566 -0.45044682073866027 -0.7594638151136077
v -0.5018695524102225 -0.4723945989909117 -0.7245483387654537
v -0.5336081062253556 -0.49345212036564085 -0.6868532549804527
v -0.5642542117657714 -0.5133754412304479 -0.6465777917977316
v -0.5934857298220207 -0.531939694727736 -0.6039990477398008
v -0.6210099534653024 -0.5489506004532376 -0.5594639183710177
v -0.6465777917977316 -0.5642542117657714 -0.5133754412304479
v -0.6699949179302779 -0.5777438056165148 -0.4661747580246564
v -0.6911287363733696 -0.5893632073632057 -0.4183205464300126
v -0.709910635852268 -0.5991063585226795 -0.37026809244319614
v -0.7263336679990133 -0.607013459011881 -0.3224500942929473
v -0.7404463784707827 -0.6131644322250868 -0.2752608574853851
v -0.4477954526361847 -0.38101045669104733 -0.8088944705525153
v -0.4811049037379304 -0.40319086788360375 -0.7784440864022176
v -0.5140893643180239 -0.42493643227743755 -0.7450779516388959
v -0.5464158255102468 -0.4460101175671331 -0.7088756736266998
v -0.577743805616515 -0.4661747580246564 -0.6699949179302779
v -0.607740403222273 -0.48520406147360107 -0.6286721093071896
v -0.6360961886321861 -0.5028938380649023 -0.5852174180968625
v -0.6625403211951081 -0.5190722733615195 -0.5400039794464362
v -0.6868532549804527 -0.5336081062253556 -0.4934521203656408
v -0.7088756736267001 -0.5464158255102467 -0.4460101175671331
v -0.7285128280661668 -0.5574574208592709 -0.3981334993089197
v -0.7457341167862215 -0.5667407159635848 -0.35026502527394543
v -0.7605683934989093 -0.5743147649054718 -0.30281722147536616
v -0.4913054560965641 -0.3559145298431724 -0.7949489268225102
v -0.5246581468823925 -0.37725669242599236 -0.763158710184018
v -0.5574574208592709 -0.3981334993089197 -0.7285128280661668
v -0.5893632073632057 -0.41832054643001265 -0.6911287363733697
v -0.6200368780611367 -0.43759694413069494 -0.6512013393196274
v -0.6491568673486585 -0.45575573273384673 -0.6090008814889438
v -0.676434229689643 -0.47261406978402154 -0.5648651820977846
v -0.7016264968769443 -0.48802210168801213 -0.5191865629465027
v -0.7245483387654535 -0.5018695524102225 -0.4723945989909118
v -0.7450779516388959 -0.5140893643180238 -0.4249364322774376
v -0.7631587101840179 -0.5246581468823927 -0.37725669242599236
v -0.7787962812413095 -0.5335936312363779 -0.3297790002845592
v -0.5335936312363779 -0.3297790002845591 -0.7787962812413096
v -0.5667407159635848 -0.35026502527394554 -0.7457341167862214
v -0.5991063585226795 -0.37026809244319614 -0.709910635852268
v -0.6303513474402552 -0.38957855757237175 -0.6714802500893715
v -0.6601470611201469 -0.407993321345605 -0.6306721077008361
v -0.6881909602355868 -0.42532540417601994 -0.5877852522924731
v -0.714221113681046 -0.441412923737689 -0.5431784527478529
v -0.7380282124956271 -0.4561265199786275 -0.49725542262774375
v -0.7594638151136077 -0.46937445096587566 -0.45044682073866027
v -0.7784440864022176 -0.48110490373793025 -0.4031908678836037
v -0.7949489268225102 -0.49130545609656434 -0.3559145298431724
v -0.574314764905472 -0.3028172214753662 -0.7605683934989091
v -0.607013459011881 -0.3224500942929473 -0.7263336679990133
v -0.638710887771661 -0.3415954041425045 -0.6894642715258388
v -0.6690765704734354 -0.3600595760984881 -0.6501489402462202
v -0.6977993998788006 -0.37765788051734234 -0.6086464678382144
v -0.7246023328473185 -0.39422300409007144 -0.5652784112969673
v -0.7492552987688995 -0.40961275535982783 -0.5204170326894163
v -0.771584971484165 -0.4237161041008308 -0.4744694878550086
v -0.7914804515295082 -0.43645696547131346 -0.42785980430302
v -0.8088944705525153 -0.4477954526361847 -0.38101045669104733
v -0.6131644322250868 -0.2752608574853851 -0.7404463784707827
v -0.645187525162401 -0.2940625897891507 -0.7051668247027182
v -0.6760050098995412 -0.31238436267305286 -0.6674078487312476
v -0.7053023707988973 -0.3300491522802835 -0.6273883349445707
v -0.732792340568943 -0.3468903228109172 -0.5853908861125425
v -0.7582282134085556 -0.3627591218962797 -0.5417525227189164
v -0.7814147199096139 -0.37753114620354783 -0.49685135519068
v -0.8022153699803625 -0.39111113506679496 -0.4510904346071123
v -0.8205556368695862 -0.4034356709234709 -0.4048803603881973
v -0.6498900567650481 -0.24735016019295059 -0.7186520801962826
v -0.6810340850659723 -0.26535880858458344 -0.6824787745306987
v -0.7107897965621175 -0.28290578270064953 -0.6440048006169802
v -0.7388647453316588 -0.29983034835232103 -0.6034738190782669
v -0.7650002748902721 -0.3159829939335215 -0.5611856439384533
v -0.7889830317777987 -0.33123185975425573 -0.5174854883476929
v -0.8106535879687846 -0.34546806698338706 -0.47275001322908294
v -0.8299113712432369 -0.3586094512399049 -0.42737147467113945
v -0.6842981757742265 -0.21932407261399264 -0.695437242175078
v -0.7143896024558053 -0.23659001248998404 -0.6585382767106448
v -0.742936233119551 -0.2534211984237677 -0.6195348656109626
v -0.7696723314583157 -0.2696723314583159 -0.5786893258332633
v -0.7943708943990335 -0.28520956729432606 -0.5363118354609216
v -0.8168531239744198 -0.29991595139549404 -0.4927488162865203
v -0.8369947696147484 -0.3136957575737731 -0.4483689633747755
v -0.7162575256568253 -0.19141105648525408 -0.6710715046812532
v -0.7451565681206863 -0.207992949528117 -0.6336249852501046
v -0.7723833828480952 -0.2241733330971259 -0.5942812689528906
v -0.7977019678329571 -0.23982107916482331 -0.5533149379003311
v -0.8209183090738944 -0.2548162804840644 -0.5110399133409491
v -0.8418877451911071 -0.26905480217155125 -0.46779753946067415
v -0.7456980969233914 -0.16382137582250872 -0.6458303996162249
v -0.7733001621648697 -0.17978224360974696 -0.6080174373144506
v -0.7991326580327285 -0.1953788397604234 -0.5685192202902353
v -0.8229907521838611 -0.21049271716251988 -0.5276163737426862
v -0.8447132280641448 -0.22501609226802252 -0.48562055202995763
v -0.7726067529854991 -0.13674131096188258 -0.619984370059141
v -0.7988417137396152 -0.15214504236047313 -0.581982647915455
v -0.8232393057654598 -0.16722358347609842 -0.5425065147739851
v -0.8456258791971097 -0.18186961278947636 -0.5018369420199363
v -0.7970202949994198 -0.11032949079140938 -0.5937895694778969
v -0.8218500315602454 -0.12523799472940012 -0.555767910463156
v -0.8448023126546323 -0.13986040175337827 -0.5164766408607155
v -0.8190169644536053 -0.08471527097222838 -0.5674808673438284
v -0.8424316894770978 -0.0991863668739794 -0.529595046418585
v -0.8387073275613336 -0.05999889129545139 -0.541267172234048
v 0.8157897903737815 0.0 -0.578348526341947
v 0.7956022394301128 -0.02341472502349245 -0.6053666882690718
v 0.7731292861718135 -0.04778201765521249 -0.6324460337864874
v 0.7482670442482956 -0.07301912621161075 -0.659366846072209
v 0.720944314138203 -0.09901513114075353 -0.6858828615127918
v 0.6911314817499687 -0.12563021953428188 -0.7117262977253691
v 0.6588487434674729 -0.15269659384052192 -0.7366152886417949
v 0.6241727261253067 -0.18002131447818884 -0.760263595271303
v 0.5872405316445244 -0.20739120464449953 -0.7823921307311058
v 0.5482503531669116 -0.23457970564704336 -0.8027414975886715
v 0.5074581016777647 -0.2613552955861322 -0.8210844563811234
v 0.46516992653795103 -0.2874908251447454 -0.8372371019623238
v 0.4217310408976243 -0.31277294086272445 -0.8510675746422777
v 0.37751177034290845 -0.33701070754731177 -0.8625013891299094
v 0.3328921206001637 -0.36004262895637784 -0.8715228863182574
v 0.28824632526701943 -0.3817414846013048 -0.8781728160814655
v 0.24392875826469487 -0.402016702509702 -0.8825425382352229
v 0.2002623094828342 -0.4208143073482024 -0.8847656899607117
v 0.1575299040522728 -0.4381147572696645 -0.885008355210178
v 0.11596939292577203 -0.45392916772451863 -0.883458776963223
v 0.07577164185048697 -0.4682945004698491 -0.8803175104023412
v 0.03708135410789922 -0.48126828093859647 -0.8757886816692327
v 0.7956022394301128 0.02341472502349245 -0.6053666882690718
v 0.7740133742564946 0.0 -0.6331692478888055
v 0.7500465296879263 -0.024397592025844503 -0.6609349141983945
v 0.7236095721458784 -0.04969059001899133 -0.6884185008862148
v 0.6946487408185475 -0.07576174095320803 -0.7153483665228749
v 0.6631578416964982 -0.10246352151861453 -0.7414330069227071
v 0.6291862839048474 -0.12961950290281224 -0.7663702790513451
v 0.5928449102230803 -0.1570278448179616 -0.7898589547345868
v 0.5543086040068447 -0.1844669925176272 -0.8116119147692972
v 0.5138148733539264 -0.21170337043863285 -0.8313699290118758
v 0.4716580217042537 -0.2385005633016254 -0.848914714130246
v 0.4281790611282721 -0.2646292130482911 -0.864079898627872
v 0.3837521104662771 -0.2898767025276998 -0.876758698299792
v 0.33876852012747444 -0.3140556896359232 -0.8869075000122311
v 0.2936202658222621 -0.3370107075473117 -0.8945450924894309
v 0.24868419063618677 -0.3586223253151507 -0.8997478541864821
v 0.2043084531819257 -0.3788087047660401 -0.9026416903466645
v 0.1608021271435285 -0.3975247201519307 -0.9033918157556253
v 0.11842839942440941 -0.41475906443935645 -0.9021915720483994
v 0.0774013374256494 -0.4305299157337559 -0.8992513689858948
v 0.03788582092524343 -0.44487977544635654 -0.8947886063040922
v 0.7731292861718135 0.04778201765521249 -0.6324460337864877
v 0.7500465296879263 0.024397592025844503 -0.6609349141983946
v 0.7245045819267661 0.0 -0.6892699839446963
v 0.6964276278935093 -0.025318584984861944 -0.7171802621105687
v 0.6657842412003272 -0.05143466127948254 -0.7443694108360239
v 0.6325965613464364 -0.07819323521568113 -0.7705241128862675
v 0.5969477273919866 -0.1054097100100727 -0.7953252188866734
v 0.5589864375441587 -0.13287408371250395 -0.818461141728337
v 0.5189276302272153 -0.1603574565909282 -0.8396425434090717
v 0.4770486219537172 -0.18762053077962507 -0.8586169976899077
v 0.4336805654124702 -0.2144234637481429 -0.875182121262637
v 0.3891957226704115 -0.2405361848863923 -0.8891957226704116
v 0.34399165387332853 -0.26574816742500795 -0.9005818416866632
v 0.29847386369599327 -0.28987670252769987 -0.9093320900650396
v 0.25303862453857456 -0.3127729408627245 -0.915502344047086
v 0.2080575753751023 -0.3343252983166365 -0.919205439624095
v 0.16386532421023745 -0.35446018978806726 -0.9206009609906352
v 0.12075076365446102 -0.37314038052981185 -0.9198834216871895
v 0.07895226628293965 -0.390361472413512 -0.9172701131640247
v 0.03865646430859065 -0.40614715006930613 -0.9129896879251919
v 0.7482670442482956 0.07301912621161075 -0.659366846072209
v 0.7236095721458784 0.04969059001899133 -0.6884185008862148
v 0.6964276278935093 0.025318584984861944 -0.7171802621105687
v 0.6666666666666667 0.0 -0.7453559924999298
v 0.6343226270972059 -0.02613552955861323 -0.7726265196375218
v 0.599450685579581 -0.052925842609658214 -0.7986599593958795
v 0.5621715994128167 -0.08017872829546412 -0.8231248169886252
v 0.5226744823848832 -0.107676865055372 -0.8457050775509992
v 0.4812151022414075 -0.13518513140224794 -0.866116046279336
v 0.438109260099278 -0.16245984811645314 -0.8841193776664111
v 0.3937214472884243 -0.18925918396314706 -0.8995356486714199
v 0.34844965492325547 -0.215353730110744 -0.9122530399572549
v 0.302707784299209 -0.24053618488639228 -0.9222311755113046
v 0.25690743667696325 -0.26462921304829107 -0.9294998378598645
v 0.21144087569906866 -0.28749082514474544 -0.9341529754495269
v 0.16666666666666674 -0.3090169943749474 -0.9363389981249826
v 0.12289899315767812 -0.32914160480320537 -0.9362487070583327
v 0.08040106357176428 -0.3478341301329393 -0.9341022893083982
v 0.039382476013068254 -0.36509563105805376 -0.9301366570377718
v 0.720944314138203 0.09901513114075353 -0.6858828615127918
v 0.6946487408185475 0.07576174095320803 -0.7153483665228749
v 0.6657842412003272 0.05143466127948254 -0.7443694108360239
v 0.6343226270972059 0.02613552955861323 -0.7726265196375218
v 0.6002920276235956 0.0 -0.7997808959781125
v 0.5637847350362112 -0.026802932968517858 -0.8254867505444495
v 0.5249619297178989 -0.05407405256089918 -0.849406245083294
v 0.4840541800347907 -0.08158961881580765 -0.8712259666081686
v 0.4413569939115925 -0.10910944936393784 -0.8906734148860742
v 0.3972212945204332 -0.1363868117049223 -0.9075317519362489
v 0.352039403661666 -0.1631792376316153 -0.9216511241654857
v 0.30622779233544106 -0.1892591839631471 -0.932955251063504
v 0.2602083392474821 -0.21442346374814286 -0.9414426155535536
v 0.21439000986556978 -0.2385005633016254 -0.9471823504345128
v 0.16915270055925485 -0.26135529558613213 -0.9503056210307274
v 0.12483454522506136 -0.28289063703715395 -0.9509938084946534
v 0.08172338127277023 -0.30304696381283214 -0.9494650213026119
v 0.040052461896566804 -0.3217991762074489 -0.9459604064062255
v 0.6911314817499689 0.12563021953428188 -0.7117262977253691
v 0.6631578416964982 0.10246352151861453 -0.7414330069227071
v 0.6325965613464364 0.07819323521568113 -0.7705241128862675
v 0.5994506855795809 0.05292584260965821 -0.7986599593958795
v 0.5637847350362112 0.026802932968517858 -0.8254867505444495
v 0.5257311121191336 0.0 -0.8506508083520399
v 0.4854926933027518 -0.02727736234098447 -0.8738150778358993
v 0.44334064930376754 -0.054799917972835135 -0.8946764988894502
v 0.3996070517018511 -0.08232358003196016 -0.912982492932299
v 0.35467251944301403 -0.10959983594567031 -0.9285447107773686
v 0.30894989573811477 -0.13638681170492226 -0.9412484260365984
v 0.2628655560595668 -0.16245984811645314 -0.9510565162951535
v 0.21684028270623518 -0.18762053077962504 -0.9580077391262828
v 0.1712716244513088 -0.21170337043863285 -0.9622098074758607
v 0.12651931226928728 -0.2345797056470434 -0.9638284211006921
v 0.08289473021206228 -0.2561588037965362 -0.963073793091992
v 0.040654793044115775 -0.2763864829754201 -0.9601862839215201
v 0.6588487434674729 0.15269659384052192 -0.7366152886417949
v 0.6291862839048474 0.12961950290281224 -0.7663702790513452
v 0.5969477273919866 0.1054097100100727 -0.7953252188866734
v 0.5621715994128166 0.08017872829546412 -0.8231248169886253
v 0.5249619297178989 0.054074052560899186 -0.8494062450832941
v 0.48549269330275174 0.02727736234098447 -0.8738150778358993
v 0.44400783522427895 0.0 -0.8960229027538579
v 0.400816164319049 -0.027524223643281658 -0.9157449533212836
v 0.35628103495026575 -0.05504844728656336 -0.932755859046785
v 0.3108054846569952 -0.08232358003196016 -0.9469016732891814
v 0.26481419634695547 -0.10910944936393781 -0.9581067630867733
v 0.21873413738245784 -0.13518513140224794 -0.9663748534555879
v 0.1729758767424051 -0.1603574565909282 -0.9717843547726445
v 0.1279173701554256 -0.1844669925176272 -0.9744788735955344
v 0.08389150452064625 -0.20739120464449953 -0.9746543508882344
v 0.04117804646671702 -0.22904489076078285 -0.9725445010412459
v 0.6241727261253068 0.18002131447818884 -0.760263595271303
v 0.5928449102230805 0.1570278448179616 -0.7898589547345868
v 0.5589864375441587 0.13287408371250395 -0.818461141728337
v 0.5226744823848833 0.107676865055372 -0.8457050775509992
v 0.4840541800347908 0.08158961881580765 -0.8712259666081686
v 0.4433406493037675 0.05479991797283512 -0.8946764988894501
v 0.4008161643190491 0.027524223643281658 -0.9157449533212836
v 0.35682208977309 0.0 -0.9341723589627157
v 0.31174590558148263 -0.027524223643281692 -0.9497667647722865
v 0.2660043895822606 -0.05479991797283516 -0.9624129226652869
v 0.22002462728854136 -0.08158961881580766 -0.9720762817228028
v 0.17422482746162782 -0.10767686505537201 -0.9788010023635108
v 0.12899687020249828 -0.13287408371250398 -0.9827025416449895
v 0.08469213003186865 -0.1570278448179616 -0.9839560452898753
v 0.041611515075020526 -0.1800213144781889 -0.9827821773652117
v 0.5872405316445243 0.2073912046444995 -0.7823921307311058
v 0.5543086040068447 0.1844669925176272 -0.8116119147692972
v 0.5189276302272153 0.1603574565909282 -0.8396425434090717
v 0.4812151022414075 0.13518513140224794 -0.866116046279336
v 0.44135699391159255 0.10910944936393785 -0.8906734148860742
v 0.3996070517018511 0.08232358003196016 -0.912982492932299
v 0.35628103495026575 0.05504844728656334 -0.932755859046785
v 0.3117459055814826 0.027524223643281692 -0.9497667647722865
v 0.26640470113456743 0.0 -0.9638612634676226
v 0.22067849695579625 -0.02727736234098447 -0.974965100136948
v 0.17498730990596637 -0.054074052560899165 -0.9830846546516299
v 0.12973190755680383 -0.0801787282954641 -0.988302081193091
v 0.08527824677028384 -0.10540971001007264 -0.9907655694781581
v 0.04194575226032313 -0.12961950290281224 -0.9906762025679953
v 0.5482503531669115 0.2345797056470434 -0.8027414975886716
v 0.5138148733539264 0.21170337043863285 -0.8313699290118758
v 0.47704862195371717 0.18762053077962507 -0.8586169976899077
v 0.4381092600992779 0.16245984811645314 -0.8841193776664111
v 0.39722129452043314 0.1363868117049223 -0.9075317519362489
v 0.354672519443014 0.10959983594567031 -0.9285447107773686
v 0.3108054846569952 0.08232358003196016 -0.9469016732891814
v 0.2660043895822604 0.05479991797283516 -0.9624129226652869
v 0.2206784969557962 0.02727736234098447 -0.974965100136948
v 0.1752437040397111 0.0 -0.9845250856095248
v 0.130104169623741 -0.02680293296851784 -0.991137986271741
v 0.08563581222565435 -0.0529258426096582 -0.9949197770918567
v 0.042173104089762395 -0.0781932352156811 -0.9960458058030961
v 0.5074581016777648 0.26135529558613213 -0.8210844563811233
v 0.47165802170425375 0.2385005633016254 -0.848914714130246
v 0.43368056541247024 0.2144234637481429 -0.875182121262637
v 0.39372144728842434 0.18925918396314706 -0.8995356486714199
v 0.3520394036616661 0.1631792376316153 -0.9216511241654857
v 0.3089498957381148 0.13638681170492226 -0.9412484260365984
v 0.2648141963469556 0.10910944936393781 -0.9581067630867733
v 0.22002462728854136 0.08158961881580766 -0.9720762817228028
v 0.17498730990596637 0.05407405256089915 -0.9830846546516298
v 0.1301041696237411 0.02680293296851784 -0.991137986271741
v 0.08575600394622802 0.0 -0.9963161685866463
v 0.0422881751398138 -0.026135529558613226 -0.9987635577743289
v 0.4651699265379511 0.28749082514474544 -0.8372371019623239
v 0.42817906112827214 0.2646292130482911 -0.864079898627872
v 0.3891957226704115 0.2405361848863923 -0.8891957226704116
v 0.34844965492325547 0.215353730110744 -0.9122530399572549
v 0.306227792335441 0.18925918396314706 -0.932955251063504
v 0.2628655560595668 0.16245984811645314 -0.9510565162951535
v 0.21873413738245787 0.13518513140224794 -0.9663748534555879
v 0.1742248274616278 0.10767686505537202 -0.9788010023635108
v 0.12973190755680383 0.0801787282954641 -0.988302081193091
v 0.08563581222565439 0.05292584260965819 -0.9949197770918567
v 0.04228817513981374 0.026135529558613226 -0.9987635577743289
v 0.4217310408976243 0.3127729408627245 -0.8510675746422777
v 0.38375211046627716 0.2898767025276998 -0.876758698299792
v 0.34399165387332853 0.26574816742500795 -0.9005818416866632
v 0.302707784299209 0.24053618488639228 -0.9222311755113046
v 0.2602083392474821 0.21442346374814286 -0.9414426155535536
v 0.21684028270623518 0.18762053077962504 -0.9580077391262828
v 0.17297587674240514 0.16035745659092815 -0.9717843547726444
v 0.12899687020249823 0.13287408371250398 -0.9827025416449895
v 0.08527824677028384 0.10540971001007264 -0.9907655694781581
v 0.04217310408976244 0.07819323521568108 -0.9960458058030961
v 0.3775117703429084 0.33701070754731177 -0.8625013891299094
v 0.33876852012747444 0.3140556896359231 -0.8869075000122311
v 0.29847386369599327 0.28987670252769987 -0.9093320900650396
v 0.2569074366769632 0.26462921304829107 -0.9294998378598645
v 0.21439000986556983 0.2385005633016254 -0.9471823504345128
v 0.1712716244513088 0.21170337043863285 -0.9622098074758607
v 0.12791737015542565 0.1844669925176272 -0.9744788735955344
v 0.08469213003186861 0.15702784481796161 -0.9839560452898753
v 0.04194575226032313 0.12961950290281224 -0.9906762025679953
v 0.33289212060016365 0.36004262895637784 -0.8715228863182574
v 0.2936202658222622 0.3370107075473117 -0.8945450924894309
v 0.25303862453857456 0.3127729408627245 -0.915502344047086
v 0.21144087569906864 0.28749082514474544 -0.9341529754495269
v 0.16915270055925494 0.2613552955861322 -0.9503056210307275
v 0.12651931226928728 0.2345797056470434 -0.9638284211006921
v 0.0838915045206463 0.2073912046444995 -0.9746543508882345
v 0.041611515075020464 0.1800213144781889 -0.9827821773652117
v 0.28824632526701943 0.3817414846013048 -0.8781728160814655
v 0.24868419063618682 0.3586223253151507 -0.8997478541864821
v 0.2080575753751023 0.3343252983166365 -0.919205439624095
v 0.1666666666666667 0.30901699437494745 -0.9363389981249826
v 0.1248345452250614 0.28289063703715395 -0.9509938084946534
v 0.08289473021206228 0.2561588037965362 -0.963073793091992
v 0.04117804646671707 0.22904489076078283 -0.9725445010412459
v 0.24392875826469482 0.402016702509702 -0.8825425382352229
v 0.20430845318192573 0.3788087047660401 -0.9026416903466646
v 0.16386532421023745 0.35446018978806726 -0.9206009609906352
v 0.12289899315767809 0.32914160480320537 -0.9362487070583327
v 0.08172338127277023 0.3030469638128321 -0.949465021302612
v 0.040654793044115775 0.2763864829754201 -0.9601862839215201
v 0.20026230948283416 0.42081430734820247 -0.8847656899607117
v 0.16080212714352857 0.39752472015193063 -0.9033918157556253
v 0.12075076365446102 0.37314038052981185 -0.9198834216871895
v 0.08040106357176428 0.3478341301329394 -0.9341022893083983
v 0.04005246189656682 0.32179917620744886 -0.9459604064062255
v 0.15752990405227277 0.4381147572696645 -0.885008355210178
v 0.11842839942440946 0.41475906443935645 -0.9021915720483994
v 0.07895226628293965 0.390361472413512 -0.9172701131640247
v 0.039382476013068234 0.3650956310580538 -0.9301366570377719
v 0.115969392925772 0.45392916772451863 -0.883458776963223
v 0.07740133742564943 0.4305299157337559 -0.8992513689858948
v 0.03865646430859065 0.40614715006930613 -0.9129896879251919
v 0.07577164185048696 0.4682945004698491 -0.8803175104023412
v 0.03788582092524347 0.44487977544635654 -0.8947886063040922
v 0.03708135410789919 0.48126828093859647 -0.8757886816692327
v 0.8757886816692328 0.03708135410789915 0.48126828093859647
v 0.8947886063040922 0.037885820925243466 0.44487977544635654
v 0.9129896879251919 0.038656464308590675 0.40614715006930613
v 0.9301366570377718 0.03938247601306818 0.36509563105805376
v 0.9459604064062255 0.04005246189656683 0.32179917620744886
v 0.9601862839215201 0.04065479304411581 0.2763864829754201
v 0.9725445010412459 0.04117804646671704 0.22904489076078288
v 0.9827821773652117 0.04161151507502045 0.1800213144781889
v 0.9906762025679952 0.041945752260323155 0.12961950290281218
v 0.9960458058030961 0.042173104089762416 0.07819323521568114
v 0.9987635577743289 0.04228817513981372 0.026135529558613226
v 0.9987635577743289 0.04228817513981371 -0.026135529558613188
v 0.9960458058030961 0.04217310408976242 -0.07819323521568106
v 0.9906762025679952 0.041945752260323155 -0.12961950290281218
v 0.9827821773652117 0.04161151507502044 -0.18002131447818884
v 0.9725445010412459 0.04117804646671704 -0.22904489076078277
v 0.9601862839215201 0.04065479304411581 -0.2763864829754201
v 0.9459604064062255 0.04005246189656683 -0.32179917620744886
v 0.9301366570377718 0.03938247601306818 -0.36509563105805365
v 0.9129896879251919 0.038656464308590675 -0.40614715006930613
v 0.8947886063040922 0.037885820925243466 -0.44487977544635654
v 0.8757886816692328 0.03708135410789915 -0.4812682809385963
v 0.8803175104023412 0.07577164185048695 0.4682945004698491
v 0.8992513689858948 0.07740133742564947 0.4305299157337559
v 0.9172701131640247 0.07895226628293962 0.390361472413512
v 0.9341022893083983 0.08040106357176427 0.3478341301329394
v 0.9494650213026119 0.08172338127277032 0.3030469638128321
v 0.963073793091992 0.08289473021206226 0.2561588037965362
v 0.9746543508882344 0.08389150452064632 0.20739120464449953
v 0.9839560452898753 0.08469213003186862 0.15702784481796153
v 0.9907655694781581 0.0852782467702838 0.10540971001007264
v 0.9949197770918567 0.08563581222565442 0.052925842609658165
v 0.9963161685866463 0.08575600394622794 0.0
v 0.9949197770918567 0.08563581222565442 -0.052925842609658234
v 0.9907655694781581 0.0852782467702838 -0.10540971001007264
v 0.9839560452898753 0.08469213003186862 -0.15702784481796164
v 0.9746543508882344 0.08389150452064632 -0.20739120464449956
v 0.963073793091992 0.08289473021206226 -0.2561588037965362
v 0.9494650213026119 0.0817233812727703 -0.3030469638128322
v 0.9341022893083983 0.08040106357176427 -0.3478341301329394
v 0.9172701131640247 0.07895226628293962 -0.390361472413512
v 0.8992513689858948 0.07740133742564946 -0.43052991573375593
v 0.8803175104023412 0.07577164185048695 -0.4682945004698491
v 0.883458776963223 0.11596939292577203 0.45392916772451863
v 0.9021915720483994 0.11842839942440941 0.41475906443935645
v 0.9198834216871895 0.12075076365446102 0.37314038052981185
v 0.9362487070583327 0.12289899315767812 0.32914160480320537
v 0.9509938084946534 0.12483454522506136 0.28289063703715395
v 0.9638284211006921 0.12651931226928728 0.2345797056470434
v 0.9744788735955344 0.1279173701554257 0.1844669925176271
v 0.9827025416449895 0.12899687020249814 0.13287408371250403
v 0.988302081193091 0.12973190755680383 0.0801787282954641
v 0.991137986271741 0.13010416962374105 0.02680293296851784
v 0.991137986271741 0.13010416962374105 -0.02680293296851784
v 0.988302081193091 0.12973190755680383 -0.0801787282954641
v 0.9827025416449895 0.12899687020249817 -0.13287408371250395
v 0.9744788735955344 0.1279173701554257 -0.18446699251762722
v 0.9638284211006921 0.12651931226928728 -0.2345797056470434
v 0.9509938084946534 0.12483454522506136 -0.28289063703715395
v 0.9362487070583327 0.12289899315767812 -0.32914160480320537
v 0.9198834216871895 0.12075076365446102 -0.37314038052981185
v 0.9021915720483994 0.11842839942440941 -0.41475906443935645
v 0.883458776963223 0.11596939292577203 -0.45392916772451863
v 0.8850083552101781 0.1575299040522727 0.43811475726966453
v 0.9033918157556254 0.16080212714352854 0.3975247201519307
v 0.9206009609906354 0.1638653242102375 0.3544601897880673
v 0.9363389981249826 0.16666666666666666 0.30901699437494745
v 0.9503056210307275 0.1691527005592549 0.2613552955861322
v 0.9622098074758607 0.17127162445130883 0.21170337043863285
v 0.9717843547726445 0.1729758767424051 0.16035745659092823
v 0.9788010023635108 0.17422482746162773 0.10767686505537201
v 0.9830846546516299 0.1749873099059663 0.05407405256089919
v 0.9845250856095248 0.1752437040397112 0.0
v 0.9830846546516299 0.1749873099059663 -0.05407405256089912
v 0.9788010023635108 0.17422482746162773 -0.10767686505537198
v 0.9717843547726445 0.17297587674240514 -0.16035745659092815
v 0.9622098074758607 0.17127162445130883 -0.21170337043863285
v 0.9503056210307275 0.1691527005592549 -0.2613552955861322
v 0.9363389981249826 0.16666666666666666 -0.30901699437494734
v 0.9206009609906354 0.1638653242102375 -0.3544601897880673
v 0.9033918157556254 0.16080212714352854 -0.3975247201519307
v 0.8850083552101781 0.1575299040522727 -0.4381147572696644
v 0.8847656899607117 0.20026230948283416 0.42081430734820247
v 0.9026416903466645 0.20430845318192578 0.3788087047660401
v 0.919205439624095 0.20805757537510228 0.3343252983166365
v 0.9341529754495269 0.21144087569906864 0.28749082514474544
v 0.9471823504345127 0.21439000986556986 0.23850056330162533
v 0.9580077391262827 0.21684028270623512 0.18762053077962504
v 0.9663748534555879 0.21873413738245792 0.1351851314022479
v 0.9720762817228028 0.22002462728854125 0.08158961881580766
v 0.974965100136948 0.2206784969557963 0.027277362340984438
v 0.974965100136948 0.2206784969557963 -0.02727736234098451
v 0.9720762817228028 0.22002462728854125 -0.08158961881580766
v 0.9663748534555879 0.21873413738245792 -0.13518513140224797
v 0.9580077391262827 0.21684028270623512 -0.18762053077962504
v 0.9471823504345128 0.21439000986556986 -0.23850056330162547
v 0.9341529754495269 0.21144087569906864 -0.28749082514474544
v 0.919205439624095 0.20805757537510228 -0.3343252983166365
v 0.9026416903466645 0.20430845318192578 -0.3788087047660403
v 0.8847656899607117 0.20026230948283416 -0.42081430734820247
v 0.8825425382352229 0.24392875826469487 0.402016702509702
v 0.8997478541864821 0.24868419063618677 0.3586223253151507
v 0.915502344047086 0.25303862453857456 0.3127729408627245
v 0.9294998378598645 0.25690743667696325 0.26462921304829107
v 0.9414426155535536 0.2602083392474821 0.21442346374814286
v 0.9510565162951535 0.2628655560595668 0.16245984811645314
v 0.9581067630867733 0.2648141963469555 0.10910944936393781
v 0.9624129226652869 0.26600438958226047 0.05479991797283516
v 0.9638612634676226 0.26640470113456743 0.0
v 0.9624129226652869 0.26600438958226047 -0.05479991797283516
v 0.9581067630867733 0.2648141963469555 -0.10910944936393781
v 0.9510565162951535 0.2628655560595668 -0.16245984811645314
v 0.9414426155535536 0.2602083392474821 -0.21442346374814286
v 0.9294998378598645 0.25690743667696325 -0.26462921304829107
v 0.915502344047086 0.25303862453857456 -0.3127729408627245
v 0.8997478541864821 0.24868419063618677 -0.3586223253151507
v 0.8825425382352229 0.24392875826469487 -0.402016702509702
v 0.8781728160814656 0.28824632526701943 0.3817414846013048
v 0.8945450924894308 0.2936202658222622 0.33701070754731166
v 0.9093320900650396 0.2984738636959934 0.2898767025276998
v 0.9222311755113046 0.302707784299209 0.2405361848863923
v 0.932955251063504 0.3062277923354411 0.18925918396314703
v 0.9412484260365984 0.3089498957381148 0.13638681170492226
v 0.9469016732891814 0.31080548465699537 0.0823235800319601
v 0.9497667647722866 0.3117459055814827 0.02752422364328166
v 0.9497667647722866 0.3117459055814827 -0.027524223643281737
v 0.9469016732891813 0.31080548465699537 -0.08232358003196023
v 0.9412484260365984 0.3089498957381148 -0.1363868117049223
v 0.9329552510635039 0.30622779233544106 -0.18925918396314714
v 0.9222311755113046 0.302707784299209 -0.2405361848863923
v 0.9093320900650396 0.2984738636959933 -0.2898767025276999
v 0.8945450924894308 0.2936202658222622 -0.33701070754731177
v 0.8781728160814656 0.28824632526701943 -0.3817414846013048
v 0.8715228863182575 0.3328921206001636 0.36004262895637784
v 0.8869075000122311 0.3387685201274745 0.3140556896359232
v 0.9005818416866632 0.3439916538733284 0.265748167425008
v 0.9122530399572549 0.3484496549232554 0.21535373011074407
v 0.9216511241654857 0.352039403661666 0.16317923763161532
v 0.9285447107773686 0.35467251944301403 0.10959983594567034
v 0.932755859046785 0.35628103495026575 0.055048447286563384
v 0.9341723589627157 0.35682208977308993 7.345063871007168e-17
v 0.932755859046785 0.3562810349502658 -0.055048447286563315
v 0.9285447107773686 0.35467251944301403 -0.10959983594567027
v 0.9216511241654857 0.3520394036616659 -0.16317923763161524
v 0.9122530399572549 0.34844965492325547 -0.21535373011074396
v 0.9005818416866632 0.3439916538733284 -0.2657481674250079
v 0.8869075000122311 0.33876852012747444 -0.3140556896359231
v 0.8715228863182575 0.3328921206001636 -0.3600426289563777
v 0.8625013891299095 0.3775117703429084 0.3370107075473117
v 0.8767586982997919 0.3837521104662771 0.2898767025276998
v 0.8891957226704116 0.3891957226704115 0.2405361848863923
v 0.8995356486714199 0.3937214472884241 0.18925918396314712
v 0.9075317519362489 0.39722129452043337 0.13638681170492228
v 0.912982492932299 0.3996070517018511 0.08232358003196016
v 0.9157449533212836 0.40081616431904904 0.027524223643281658
v 0.9157449533212836 0.40081616431904904 -0.027524223643281658
v 0.912982492932299 0.3996070517018511 -0.08232358003196016
v 0.9075317519362488 0.39722129452043325 -0.1363868117049223
v 0.8995356486714199 0.3937214472884242 -0.18925918396314706
v 0.8891957226704116 0.3891957226704115 -0.2405361848863923
v 0.876758698299792 0.3837521104662771 -0.2898767025276998
v 0.8625013891299094 0.37751177034290845 -0.33701070754731177
v 0.8510675746422777 0.4217310408976243 0.3127729408627245
v 0.864079898627872 0.42817906112827214 0.26462921304829107
v 0.875182121262637 0.43368056541247024 0.2144234637481429
v 0.8841193776664111 0.4381092600992781 0.16245984811645317
v 0.8906734148860742 0.4413569939115926 0.10910944936393777
v 0.8946764988894502 0.44334064930376754 0.0547999179728351
v 0.8960229027538579 0.44400783522427906 -7.311802721684318e-17
v 0.8946764988894502 0.44334064930376754 -0.05479991797283517
v 0.8906734148860741 0.44135699391159255 -0.10910944936393788
v 0.8841193776664111 0.4381092600992781 -0.16245984811645325
v 0.875182121262637 0.43368056541247024 -0.21442346374814297
v 0.864079898627872 0.42817906112827214 -0.2646292130482911
v 0.8510675746422777 0.4217310408976243 -0.3127729408627245
v 0.8372371019623238 0.4651699265379509 0.28749082514474544
v 0.848914714130246 0.47165802170425364 0.23850056330162542
v 0.8586169976899078 0.4770486219537172 0.1876205307796251
v 0.8661160462793359 0.4812151022414073 0.13518513140224797
v 0.8712259666081686 0.48405418003479067 0.08158961881580766
v 0.8738150778358993 0.48549269330275174 0.027277362340984504
v 0.8738150778358993 0.48549269330275174 -0.02727736234098443
v 0.8712259666081686 0.48405418003479067 -0.08158961881580758
v 0.866116046279336 0.48121510224140734 -0.1351851314022479
v 0.8586169976899078 0.4770486219537172 -0.187620530779625
v 0.848914714130246 0.47165802170425364 -0.23850056330162528
v 0.8372371019623238 0.4651699265379509 -0.28749082514474533
v 0.8210844563811234 0.5074581016777647 0.2613552955861322
v 0.8313699290118758 0.5138148733539265 0.21170337043863285
v 0.8396425434090717 0.5189276302272153 0.1603574565909282
v 0.8457050775509992 0.5226744823848832 0.10767686505537204
v 0.849406245083294 0.5249619297178989 0.05407405256089914
v 0.8506508083520399 0.5257311121191336 0.0
v 0.849406245083294 0.5249619297178989 -0.05407405256089919
v 0.8457050775509992 0.5226744823848832 -0.10767686505537198
v 0.8396425434090717 0.5189276302272153 -0.1603574565909282
v 0.8313699290118758 0.5138148733539265 -0.21170337043863285
v 0.8210844563811234 0.5074581016777647 -0.2613552955861322
v 0.8027414975886716 0.5482503531669115 0.2345797056470434
v 0.8116119147692972 0.5543086040068447 0.18446699251762722
v 0.818461141728337 0.5589864375441586 0.132874083712504
v 0.8231248169886253 0.5621715994128166 0.08017872829546416
v 0.8254867505444495 0.5637847350362112 0.026802932968517858
v 0.8254867505444495 0.5637847350362112 -0.02680293296851784
v 0.8231248169886253 0.5621715994128166 -0.0801787282954641
v 0.8184611417283371 0.5589864375441587 -0.13287408371250395
v 0.8116119147692972 0.5543086040068447 -0.18446699251762716
v 0.8027414975886716 0.5482503531669115 -0.2345797056470434
v 0.7823921307311058 0.5872405316445244 0.20739120464449948
v 0.7898589547345868 0.5928449102230804 0.15702784481796156
v 0.7953252188866734 0.5969477273919866 0.10540971001007264
v 0.7986599593958796 0.599450685579581 0.0529258426096582
v 0.7997808959781125 0.6002920276235956 -3.5305175568471214e-17
v 0.7986599593958796 0.599450685579581 -0.052925842609658234
v 0.7953252188866733 0.5969477273919866 -0.1054097100100727
v 0.7898589547345868 0.5928449102230804 -0.15702784481796156
v 0.7823921307311058 0.5872405316445243 -0.20739120464449953
v 0.760263595271303 0.6241727261253067 0.18002131447818884
v 0.7663702790513451 0.6291862839048474 0.12961950290281224
v 0.7705241128862675 0.6325965613464364 0.07819323521568113
v 0.7726265196375218 0.6343226270972059 0.02613552955861323
v 0.7726265196375218 0.6343226270972059 -0.02613552955861323
v 0.7705241128862675 0.6325965613464364 -0.07819323521568113
v 0.7663702790513451 0.6291862839048474 -0.12961950290281224
v 0.760263595271303 0.6241727261253067 -0.18002131447818884
v 0.7366152886417948 0.6588487434674729 0.15269659384052192
v 0.741433006922707 0.6631578416964979 0.10246352151861453
v 0.744369410836024 0.6657842412003274 0.05143466127948257
v 0.7453559924999299 0.6666666666666667 3.4307778215552914e-17
v 0.744369410836024 0.6657842412003274 -0.05143466127948254
v 0.7414330069227071 0.6631578416964982 -0.1024635215186145
v 0.7366152886417949 0.6588487434674729 -0.15269659384052192
v 0.711726297725369 0.6911314817499687 0.12563021953428186
v 0.7153483665228748 0.6946487408185475 0.07576174095320802
v 0.7171802621105687 0.6964276278935093 0.025318584984861926
v 0.7171802621105687 0.6964276278935093 -0.025318584984861957
v 0.7153483665228748 0.6946487408185475 -0.07576174095320806
v 0.711726297725369 0.6911314817499687 -0.12563021953428188
v 0.6858828615127918 0.720944314138203 0.09901513114075353
v 0.6884185008862148 0.7236095721458784 0.04969059001899135
v 0.6892699839446963 0.7245045819267661 0.0
v 0.6884185008862148 0.7236095721458784 -0.04969059001899132
v 0.6858828615127918 0.720944314138203 -0.09901513114075353
v 0.6593668460722091 0.7482670442482955 0.07301912621161079
v 0.6609349141983946 0.7500465296879263 0.024397592025844534
v 0.6609349141983946 0.7500465296879263 -0.02439759202584448
v 0.6593668460722091 0.7482670442482955 -0.07301912621161072
v 0.6324460337864876 0.7731292861718136 0.04778201765521248
v 0.6331692478888055 0.7740133742564946 -1.593280750791814e-17
v 0.6324460337864876 0.7731292861718136 -0.04778201765521251
v 0.6053666882690718 0.7956022394301128 0.023414725023492455
v 0.6053666882690718 0.7956022394301128 -0.023414725023492445
v 0.578348526341947 0.8157897903737814 2.2899219707991348e-17
f 1 151 82
f 151 152 703
f 152 153 704
f 153 154 705
f 154 155 706
f 155 156 707
f 156 157 708
f 157 158 709
f 158 159 710
f 159 160 711
f 160 161 712
f 161 162 713
f 162 163 714
f 163 164 715
f 164 165 716
f 165 166 717
f 166 167 718
f 167 168 719
f 168 169 720
f 169 170 721
f 170 171 722
f 171 172 723
f 172 173 724
f 173 12 610
f 151 703 82
f 152 704 703
f 153 705 704
f 154 706 705
f 155 707 706
f 156 708 707
f 157 709 708
f 158 710 709
f 159 711 710
f 160 712 711
f 161 713 712
f 162 714 713
f 163 715 714
f 164 716 715
f 165 717 716
f 166 718 717
f 167 719 718
f 168 720 719
f 169 721 720
f 170 722 721
f 171 723 722
f 172 724 723
f 173 610 724
f 82 703 83
f 703 704 725
f 704 705 726
f 705 706 727
f 706 707 728
f 707 708 729
f 708 709 730
f 709 710 731
f 710 711 732
f 711 712 733
f 712 713 734
f 713 714 735
f 714 715 736
f 715 716 737
f 716 717 738
f 717 718 739
f 718 719 740
f 719 720 741
f 720 721 742
f 721 722 743
f 722 723 744
f 723 724 745
f 724 610 609
f 703 725 83
f 704 726 725
f 705 727 726
f 706 728 727
f 707 729 728
f 708 730 729
f 709 731 730
f 710 732 731
f 711 733 732
f 712 734 733
f 713 735 734
f 714 736 735
f 715 737 736
f 716 738 737
f 717 739 738
f 718 740 739
f 719 741 740
f 720 742 741
f 721 743 742
f 722 744 743
f 723 745 744
f 724 609 745
f 83 725 84
f 725 726 746
f 726 727 747
f 727 728 748
f 728 729 749
f 729 730 750
f 730 731 751
f 731 732 752
f 732 733 753
f 733 734 754
f 734 735 755
f 735 736 756
f 736 737 757
f 737 738 758
f 738 739 759
f 739 740 760
f 740 741 761
f 741 742 762
f 742 743 763
f 743 744 764
f 744 745 765
f 745 609 608
f 725 746 84
f 726 747 746
f 727 748 747
f 728 749 748
f 729 750 749
f 730 751 750
f 731 752 751
f 732 753 752
f 733 754 753
f 734 755 754
f 735 756 755
f 736 757 756
f 737 758 757
f 738 759 758
f 739 760 759
f 740 761 760
f 741 762 761
f 742 763 762
f 743 764 763
f 744 765 764
f 745 608 765
f 84 746 85
f 746 747 766
f 747 748 767
f 748 749 768
f 749 750 769
f 750 751 770
f 751 752 771
f 752 753 772
f 753 754 773
f 754 755 774
f 755 756 775
f 756 757 776
f 757 758 777
f 758 759 778
f 759 760 779
f 760 761 780
f 761 762 781
f 762 763 782
f 763 764 783
f 764 765 784
f 765 608 607
f 746 766 85
f 747 767 766
f 748 768 767
f 749 769 768
f 750 770 769
f 751 771 770
f 752 772 771
f 753 773 772
f 754 774 773
f 755 775 774
f 756 776 775
f 757 777 776
f 758 778 777
f 759 779 778
f 760 780 779
f 761 781 780
f 762 782 781
f 763 783 782
f 764 784 783
f 765 607 784
f 85 766 86
f 766 767 785
f 767 768 786
f 768 769 787
f 769 770 788
f 770 771 789
f 771 772 790
f 772 773 791
f 773 774 792
f 774 775 793
f 775 776 794
f 776 777 795
f 777 778 796
f 778 779 797
f 779 780 798
f 780 781 799
f 781 782 800
f 782 783 801
f 783 784 802
f 784 607 606
f 766 785 86
f 767 786 785
f 768 787 786
f 769 788 787
f 770 789 788
f 771 790 789
f 772 791 790
f 773 792 791
f 774 793 792
f 775 794 793
f 776 795 794
f 777 796 795
f 778 797 796
f 779 798 797
f 780 799 798
f 781 800 799
f 782 801 800
f 783 802 801
f 784 606 802
f 86 785 87
f 785 786 803
f 786 787 804
f 787 788 805
f 788 789 806
f 789 790 807
f 790 791 808
f 791 792 809
f 792 793 810
f 793 794 811
f 794 795 812
f 795 796 813
f 796 797 814
f 797 798 815
f 798 799 816
f 799 800 817
f 800 801 818
f 801 802 819
f 802 606 605
f 785 803 87
f 786 804 803
f 787 805 804
f 788 806 805
f 789 807 806
f 790 808 807
f 791 809 808
f 792 810 809
f 793 811 810
f 794 812 811
f 795 813 812
f 796 814 813
f 797 815 814
f 798 816 815
f 799 817 816
f 800 818 817
f 801 819 818
f 802 605 819
f 87 803 88
f 803 804 820
f 804 805 821
f 805 806 822
f 806 807 823
f 807 808 824
f 808 809 825
f 809 810 826
f 810 811 827
f 811 812 828
f 812 813 829
f 813 814 830
f 814 815 831
f 815 816 832
f 816 817 833
f 817 818 834
f 818 819 835
f 819 605 604
f 803 820 88
f 804 821 820
f 805 822 821
f 806 823 822
f 807 824 823
f 808 825 824
f 809 826 825
f 810 827 826
f 811 828 827
f 812 829 828
f 813 830 829
f 814 831 830
f 815 832 831
f 816 833 832
f 817 834 833
f 818 835 834
f 819 604 835
f 88 820 89
f 820 821 836
f 821 822 837
f 822 823 838
f 823 824 839
f 824 825 840
f 825 826 841
f 826 827 842
f 827 828 843
f 828 829 844
f 829 830 845
f 830 831 846
f 831 832 847
f 832 833 848
f 833 834 849
f 834 835 850
f 835 604 603
f 820 836 89
f 821 837 836
f 822 838 837
f 823 839 838
f 824 840 839
f 825 841 840
f 826 842 841
f 827 843 842
f 828 844 843
f 829 845 844
f 830 846 845
f 831 847 846
f 832 848 847
f 833 849 848
f 834 850 849
f 835 603 850
f 89 836 90
f 836 837 851
f 837 838 852
f 838 839 853
f 839 840 854
f 840 841 855
f 841 842 856
f 842 843 857
f 843 844 858
f 844 845 859
f 845 846 860
f 846 847 861
f 847 848 862
f 848 849 863
f 849 850 864
f 850 603 602
f 836 851 90
f 837 852 851
f 838 853 852
f 839 854 853
f 840 855 854
f 841 856 855
f 842 857 856
f 843 858 857
f 844 859 858
f 845 860 859
f 846 861 860
f 847 862 861
f 848 863 862
f 849 864 863
f 850 602 864
f 90 851 91
f 851 852 865
f 852 853 866
f 853 854 867
f 854 855 868
f 855 856 869
f 856 857 870
f 857 858 871
f 858 859 872
f 859 860 873
f 860 861 874
f 861 862 875
f 862 863 876
f 863 864 877
f 864 602 601
f 851 865 91
f 852 866 865
f 853 867 866
f 854 868 867
f 855 869 868
f 856 870 869
f 857 871 870
f 858 872 871
f 859 873 872
f 860 874 873
f 861 875 874
f 862 876 875
f 863 877 876
f 864 601 877
f 91 865 92
f 865 866 878
f 866 867 879
f 867 868 880
f 868 869 881
f 869 870 882
f 870 871 883
f 871 872 884
f 872 873 885
f 873 874 886
f 874 875 887
f 875 876 888
f 876 877 889
f 877 601 600
f 865 878 92
f 866 879 878
f 867 880 879
f 868 881 880
f 869 882 881
f 870 883 882
f 871 884 883
f 872 885 884
f 873 886 885
f 874 887 886
f 875 888 887
f 876 889 888
f 877 600 889
f 92 878 93
f 878 879 890
f 879 880 891
f 880 881 892
f 881 882 893
f 882 883 894
f 883 884 895
f 884 885 896
f 885 886 897
f 886 887 898
f 887 888 899
f 888 889 900
f 889 600 599
f 878 890 93
f 879 891 890
f 880 892 891
f 881 893 892
f 882 894 893
f 883 895 894
f 884 896 895
f 885 897 896
f 886 898 897
f 887 899 898
f 888 900 899
f 889 599 900
f 93 890 94
f 890 891 901
f 891 892 902
f 892 893 903
f 893 894 904
f 894 895 905
f 895 896 906
f 896 897 907
f 897 898 908
f 898 899 909
f 899 900 910
f 900 599 598
f 890 901 94
f 891 902 901
f 892 903 902
f 893 904 903
f 894 905 904
f 895 906 905
f 896 907 906
f 897 908 907
f 898 909 908
f 899 910 909
f 900 598 910
f 94 901 95
f 901 902 911
f 902 903 912
f 903 904 913
f 904 905 914
f 905 906 915
f 906 907 916
f 907 908 917
f 908 909 918
f 909 910 919
f 910 598 597
f 901 911 95
f 902 912 911
f 903 913 912
f 904 914 913
f 905 915 914
f 906 916 915
f 907 917 916
f 908 918 917
f 909 919 918
f 910 597 919
f 95 911 96
f 911 912 920
f 912 913 921
f 913 914 922
f 914 915 923
f 915 916 924
f 916 917 925
f 917 918 926
f 918 919 927
f 919 597 596
f 911 920 96
f 912 921 920
f 913 922 921
f 914 923 922
f 915 924 923
f 916 925 924
f 917 926 925
f 918 927 926
f 919 596 927
f 96 920 97
f 920 921 928
f 921 922 929
f 922 923 930
f 923 924 931
f 924 925 932
f 925 926 933
f 926 927 934
f 927 596 595
f 920 928 97
f 921 929 928
f 922 930 929
f 923 931 930
f 924 932 931
f 925 933 932
f 926 934 933
f 927 595 934
f 97 928 98
f 928 929 935
f 929 930 936
f 930 931 937
f 931 932 938
f 932 933 939
f 933 934 940
f 934 595 594
f 928 935 98
f 929 936 935
f 930 937 936
f 931 938 937
f 932 939 938
f 933 940 939
f 934 594 940
f 98 935 99
f 935 936 941
f 936 937 942
f 937 938 943
f 938 939 944
f 939 940 945
f 940 594 593
f 935 941 99
f 936 942 941
f 937 943 942
f 938 944 943
f 939 945 944
f 940 593 945
f 99 941 100
f 941 942 946
f 942 943 947
f 943 944 948
f 944 945 949
f 945 593 592
f 941 946 100
f 942 947 946
f 943 948 947
f 944 949 948
f 945 592 949
f 100 946 101
f 946 947 950
f 947 948 951
f 948 949 952
f 949 592 591
f 946 950 101
f 947 951 950
f 948 952 951
f 949 591 952
f 101 950 102
f 950 951 953
f 951 952 954
f 952 591 590
f 950 953 102
f 951 954 953
f 952 590 954
f 102 953 103
f 953 954 955
f 954 590 589
f 953 955 103
f 954 589 955
f 103 955 104
f 955 589 588
f 955 588 104
f 104 588 6
f 1 82 335
f 82 83 956
f 83 84 957
f 84 85 958
f 85 86 959
f 86 87 960
f 87 88 961
f 88 89 962
f 89 90 963
f 90 91 964
f 91 92 965
f 92 93 966
f 93 94 967
f 94 95 968
f 95 96 969
f 96 97 970
f 97 98 971
f 98 99 972
f 99 100 973
f 100 101 974
f 101 102 975
f 102 103 976
f 103 104 977
f 104 6 472
f 82 956 335
f 83 957 956
f 84 958 957
f 85 959 958
f 86 960 959
f 87 961 960
f 88 962 961
f 89 963 962
f 90 964 963
f 91 965 964
f 92 966 965
f 93 967 966
f 94 968 967
f 95 969 968
f 96 970 969
f 97 971 970
f 98 972 971
f 99 973 972
f 100 974 973
f 101 975 974
f 102 976 975
f 103 977 976
f 104 472 977
f 335 956 336
f 956 957 978
f 957 958 979
f 958 959 980
f 959 960 981
f 960 961 982
f 961 962 983
f 962 963 984
f 963 964 985
f 964 965 986
f 965 966 987
f 966 967 988
f 967 968 989
f 968 969 990
f 969 970 991
f 970 971 992
f 971 972 993
f 972 973 994
f 973 974 995
f 974 975 996
f 975 976 997
f 976 977 998
f 977 472 471
f 956 978 336
f 957 979 978
f 958 980 979
f 959 981 980
f 960 982 981
f 961 983 982
f 962 984 983
f 963 985 984
f 964 986 985
f 965 987 986
f 966 988 987
f 967 989 988
f 968 990 989
f 969 991 990
f 970 992 991
f 971 993 992
f 972 994 993
f 973 995 994
f 974 996 995
f 975 997 996
f 976 998 997
f 977 471 998
f 336 978 337
f 978 979 999
f 979 980 1000
f 980 981 1001
f 981 982 1002
f 982 983 1003
f 983 984 1004
f 984 985 1005
f 985 986 1006
f 986 987 1007
f 987 988 1008
f 988 989 1009
f 989 990 1010
f 990 991 1011
f 991 992 1012
f 992 993 1013
f 993 994 1014
f 994 995 1015
f 995 996 1016
f 996 997 1017
f 997 998 1018
f 998 471 470
f 978 999 337
f 979 1000 999
f 980 1001 1000
f 981 1002 1001
f 982 1003 1002
f 983 1004 1003
f 984 1005 1004
f 985 1006 1005
f 986 1007 1006
f 987 1008 1007
f 988 1009 1008
f 989 1010 1009
f 990 1011 1010
f 991 1012 1011
f 992 1013 1012
f 993 1014 1013
f 994 1015 1014
f 995 1016 1015
f 996 1017 1016
f 997 1018 1017
f 998 470 1018
f 337 999 338
f 999 1000 1019
f 1000 1001 1020
f 1001 1002 1021
f 1002 1003 1022
f 1003 1004 1023
f 1004 1005 1024
f 1005 1006 1025
f 1006 1007 1026
f 1007 1008 1027
f 1008 1009 1028
f 1009 1010 1029
f 1010 1011 1030
f 1011 1012 1031
f 1012 1013 1032
f 1013 1014 1033
f 1014 1015 1034
f 1015 1016 1035
f 1016 1017 1036
f 1017 1018 1037
f 1018 470 469
f 999 1019 338
f 1000 1020 1019
f 1001 1021 1020
f 1002 1022 1021
f 1003 1023 1022
f 1004 1024 1023
f 1005 1025 1024
f 1006 1026 1025
f 1007 1027 1026
f 1008 1028 1027
f 1009 1029 1028
f 1010 1030 1029
f 1011 1031 1030
f 1012 1032 1031
f 1013 1033 1032
f 1014 1034 1033
f 1015 1035 1034
f 1016 1036 1035
f 1017 1037 1036
f 1018 469 1037
f 338 1019 339
f 1019 1020 1038
f 1020 1021 1039
f 1021 1022 1040
f 1022 1023 1041
f 1023 1024 1042
f 1024 1025 1043
f 1025 1026 1044
f 1026 1027 1045
f 1027 1028 1046
f 1028 1029 1047
f 1029 1030 1048
f 1030 1031 1049
f 1031 1032 1050
f 1032 1033 1051
f 1033 1034 1052
f 1034 1035 1053
f 1035 1036 1054
f 1036 1037 1055
f 1037 469 468
f 1019 1038 339
f 1020 1039 1038
f 1021 1040 1039
f 1022 1041 1040
f 1023 1042 1041
f 1024 1043 1042
f 1025 1044 1043
f 1026 1045 1044
f 1027 1046 1045
f 1028 1047 1046
f 1029 1048 1047
f 1030 1049 1048
f 1031 1050 1049
f 1032 1051 1050
f 1033 1052 1051
f 1034 1053 1052
f 1035 1054 1053
f 1036 1055 1054
f 1037 468 1055
f 339 1038 340
f 1038 1039 1056
f 1039 1040 1057
f 1040 1041 1058
f 1041 1042 1059
f 1042 1043 1060
f 1043 1044 1061
f 1044 1045 1062
f 1045 1046 1063
f 1046 1047 1064
f 1047 1048 1065
f 1048 1049 1066
f 1049 1050 1067
f 1050 1051 1068
f 1051 1052 1069
f 1052 1053 1070
f 1053 1054 1071
f 1054 1055 1072
f 1055 468 467
f 1038 1056 340
f 1039 1057 1056
f 1040 1058 1057
f 1041 1059 1058
f 1042 1060 1059
f 1043 1061 1060
f 1044 1062 1061
f 1045 1063 1062
f 1046 1064 1063
f 1047 1065 1064
f 1048 1066 1065
f 1049 1067 1066
f 1050 1068 1067
f 1051 1069 1068
f 1052 1070 1069
f 1053 1071 1070
f 1054 1072 1071
f 1055 467 1072
f 340 1056 341
f 1056 1057 1073
f 1057 1058 1074
f 1058 1059 1075
f 1059 1060 1076
f 1060 1061 1077
f 1061 1062 1078
f 1062 1063 1079
f 1063 1064 1080
f 1064 1065 1081
f 1065 1066 1082
f 1066 1067 1083
f 1067 1068 1084
f 1068 1069 1085
f 1069 1070 1086
f 1070 1071 1087
f 1071 1072 1088
f 1072 467 466
f 1056 1073 341
f 1057 1074 1073
f 1058 1075 1074
f 1059 1076 1075
f 1060 1077 1076
f 1061 1078 1077
f 1062 1079 1078
f 1063 1080 1079
f 1064 1081 1080
f 1065 1082 1081
f 1066 1083 1082
f 1067 1084 1083
f 1068 1085 1084
f 1069 1086 1085
f 1070 1087 1086
f 1071 1088 1087
f 1072 466 1088
f 341 1073 342
f 1073 1074 1089
f 1074 1075 1090
f 1075 1076 1091
f 1076 1077 1092
f 1077 1078 1093
f 1078 1079 1094
f 1079 1080 1095
f 1080 1081 1096
f 1081 1082 1097
f 1082 1083 1098
f 1083 1084 1099
f 1084 1085 1100
f 1085 1086 1101
f 1086 1087 1102
f 1087 1088 1103
f 1088 466 465
f 1073 1089 342
f 1074 1090 1089
f 1075 1091 1090
f 1076 1092 1091
f 1077 1093 1092
f 1078 1094 1093
f 1079 1095 1094
f 1080 1096 1095
f 1081 1097 1096
f 1082 1098 1097
f 1083 1099 1098
f 1084 1100 1099
f 1085 1101 1100
f 1086 1102 1101
f 1087 1103 1102
f 1088 465 1103
f 342 1089 343
f 1089 1090 1104
f 1090 1091 1105
f 1091 1092 1106
f 1092 1093 1107
f 1093 1094 1108
f 1094 1095 1109
f 1095 1096 1110
f 1096 1097 1111
f 1097 1098 1112
f 1098 1099 1113
f 1099 1100 1114
f 1100 1101 1115
f 1101 1102 1116
f 1102 1103 1117
f 1103 465 464
f 1089 1104 343
f 1090 1105 1104
f 1091 1106 1105
f 1092 1107 1106
f 1093 1108 1107
f 1094 1109 1108
f 1095 1110 1109
f 1096 1111 1110
f 1097 1112 1111
f 1098 1113 1112
f 1099 1114 1113
f 1100 1115 1114
f 1101 1116 1115
f 1102 1117 1116
f 1103 464 1117
f 343 1104 344
f 1104 1105 1118
f 1105 1106 1119
f 1106 1107 1120
f 1107 1108 1121
f 1108 1109 1122
f 1109 1110 1123
f 1110 1111 1124
f 1111 1112 1125
f 1112 1113 1126
f 1113 1114 1127
f 1114 1115 1128
f 1115 1116 1129
f 1116 1117 1130
f 1117 464 463
f 1104 1118 344
f 1105 1119 1118
f 1106 1120 1119
f 1107 1121 1120
f 1108 1122 1121
f 1109 1123 1122
f 1110 1124 1123
f 1111 1125 1124
f 1112 1126 1125
f 1113 1127 1126
f 1114 1128 1127
f 1115 1129 1128
f 1116 1130 1129
f 1117 463 1130
f 344 1118 345
f 1118 1119 1131
f 1119 1120 1132
f 1120 1121 1133
f 1121 1122 1134
f 1122 1123 1135
f 1123 1124 1136
f 1124 1125 1137
f 1125 1126 1138
f 1126 1127 1139
f 1127 1128 1140
f 1128 1129 1141
f 1129 1130 1142
f 1130 463 462
f 1118 1131 345
f 1119 1132 1131
f 1120 1133 1132
f 1121 1134 1133
f 1122 1135 1134
f 1123 1136 1135
f 1124 1137 1136
f 1125 1138 1137
f 1126 1139 1138
f 1127 1140 1139
f 1128 1141 1140
f 1129 1142 1141
f 1130 462 1142
f 345 1131 346
f 1131 1132 1143
f 1132 1133 1144
f 1133 1134 1145
f 1134 1135 1146
f 1135 1136 1147
f 1136 1137 1148
f 1137 1138 1149
f 1138 1139 1150
f 1139 1140 1151
f 1140 1141 1152
f 1141 1142 1153
f 1142 462 461
f 1131 1143 346
f 1132 1144 1143
f 1133 1145 1144
f 1134 1146 1145
f 1135 1147 1146
f 1136 1148 1147
f 1137 1149 1148
f 1138 1150 1149
f 1139 1151 1150
f 1140 1152 1151
f 1141 1153 1152
f 1142 461 1153
f 346 1143 347
f 1143 1144 1154
f 1144 1145 1155
f 1145 1146 1156
f 1146 1147 1157
f 1147 1148 1158
f 1148 1149 1159
f 1149 1150 1160
f 1150 1151 1161
f 1151 1152 1162
f 1152 1153 1163
f 1153 461 460
f 1143 1154 347
f 1144 1155 1154
f 1145 1156 1155
f 1146 1157 1156
f 1147 1158 1157
f 1148 1159 1158
f 1149 1160 1159
f 1150 1161 1160
f 1151 1162 1161
f 1152 1163 1162
f 1153 460 1163
f 347 1154 348
f 1154 1155 1164
f 1155 1156 1165
f 1156 1157 1166
f 1157 1158 1167
f 1158 1159 1168
f 1159 1160 1169
f 1160 1161 1170
f 1161 1162 1171
f 1162 1163 1172
f 1163 460 459
f 1154 1164 348
f 1155 1165 1164
f 1156 1166 1165
f 1157 1167 1166
f 1158 1168 1167
f 1159 1169 1168
f 1160 1170 1169
f 1161 1171 1170
f 1162 1172 1171
f 1163 459 1172
f 348 1164 349
f 1164 1165 1173
f 1165 1166 1174
f 1166 1167 1175
f 1167 1168 1176
f 1168 1169 1177
f 1169 1170 1178
f 1170 1171 1179
f 1171 1172 1180
f 1172 459 458
f 1164 1173 349
f 1165 1174 1173
f 1166 1175 1174
f 1167 1176 1175
f 1168 1177 1176
f 1169 1178 1177
f 1170 1179 1178
f 1171 1180 1179
f 1172 458 1180
f 349 1173 350
f 1173 1174 1181
f 1174 1175 1182
f 1175 1176 1183
f 1176 1177 1184
f 1177 1178 1185
f 1178 1179 1186
f 1179 1180 1187
f 1180 458 457
f 1173 1181 350
f 1174 1182 1181
f 1175 1183 1182
f 1176 1184 1183
f 1177 1185 1184
f 1178 1186 1185
f 1179 1187 1186
f 1180 457 1187
f 350 1181 351
f 1181 1182 1188
f 1182 1183 1189
f 1183 1184 1190
f 1184 1185 1191
f 1185 1186 1192
f 1186 1187 1193
f 1187 457 456
f 1181 1188 351
f 1182 1189 1188
f 1183 1190 1189
f 1184 1191 1190
f 1185 1192 1191
f 1186 1193 1192
f 1187 456 1193
f 351 1188 352
f 1188 1189 1194
f 1189 1190 1195
f 1190 1191 1196
f 1191 1192 1197
f 1192 1193 1198
f 1193 456 455
f 1188 1194 352
f 1189 1195 1194
f 1190 1196 1195
f 1191 1197 1196
f 1192 1198 1197
f 1193 455 1198
f 352 1194 353
f 1194 1195 1199
f 1195 1196 1200
f 1196 1197 1201
f 1197 1198 1202
f 1198 455 454
f 1194 1199 353
f 1195 1200 1199
f 1196 1201 1200
f 1197 1202 1201
f 1198 454 1202
f 353 1199 354
f 1199 1200 1203
f 1200 1201 1204
f 1201 1202 1205
f 1202 454 453
f 1199 1203 354
f 1200 1204 1203
f 1201 1205 1204
f 1202 453 1205
f 354 1203 355
f 1203 1204 1206
f 1204 1205 1207
f 1205 453 452
f 1203 1206 355
f 1204 1207 1206
f 1205 452 1207
f 355 1206 356
f 1206 1207 1208
f 1207 452 451
f 1206 1208 356
f 1207 451 1208
f 356 1208 357
f 1208 451 450
f 1208 450 357
f 357 450 2
f 1 335 358
f 335 336 1209
f 336 337 1210
f 337 338 1211
f 338 339 1212
f 339 340 1213
f 340 341 1214
f 341 342 1215
f 342 343 1216
f 343 344 1217
f 344 345 1218
f 345 346 1219
f 346 347 1220
f 347 348 1221
f 348 349 1222
f 349 350 1223
f 350 351 1224
f 351 352 1225
f 352 353 1226
f 353 354 1227
f 354 355 1228
f 355 356 1229
f 356 357 1230
f 357 2 634
f 335 1209 358
f 336 1210 1209
f 337 1211 1210
f 338 1212 1211
f 339 1213 1212
f 340 1214 1213
f 341 1215 1214
f 342 1216 1215
f 343 1217 1216
f 344 1218 1217
f 345 1219 1218
f 346 1220 1219
f 347 1221 1220
f 348 1222 1221
f 349 1223 1222
f 350 1224 1223
f 351 1225 1224
f 352 1226 1225
f 353 1227 1226
f 354 1228 1227
f 355 1229 1228
f 356 1230 1229
f 357 634 1230
f 358 1209 359
f 1209 1210 1231
f 1210 1211 1232
f 1211 1212 1233
f 1212 1213 1234
f 1213 1214 1235
f 1214 1215 1236
f 1215 1216 1237
f 1216 1217 1238
f 1217 1218 1239
f 1218 1219 1240
f 1219 1220 1241
f 1220 1221 1242
f 1221 1222 1243
f 1222 1223 1244
f 1223 1224 1245
f 1224 1225 1246
f 1225 1226 1247
f 1226 1227 1248
f 1227 1228 1249
f 1228 1229 1250
f 1229 1230 1251
f 1230 634 635
f 1209 1231 359
f 1210 1232 1231
f 1211 1233 1232
f 1212 1234 1233
f 1213 1235 1234
f 1214 1236 1235
f 1215 1237 1236
f 1216 1238 1237
f 1217 1239 1238
f 1218 1240 1239
f 1219 1241 1240
f 1220 1242 1241
f 1221 1243 1242
f 1222 1244 1243
f 1223 1245 1244
f 1224 1246 1245
f 1225 1247 1246
f 1226 1248 1247
f 1227 1249 1248
f 1228 1250 1249
f 1229 1251 1250
f 1230 635 1251
f 359 1231 360
f 1231 1232 1252
f 1232 1233 1253
f 1233 1234 1254
f 1234 1235 1255
f 1235 1236 1256
f 1236 1237 1257
f 1237 1238 1258
f 1238 1239 1259
f 1239 1240 1260
f 1240 1241 1261
f 1241 1242 1262
f 1242 1243 1263
f 1243 1244 1264
f 1244 1245 1265
f 1245 1246 1266
f 1246 1247 1267
f 1247 1248 1268
f 1248 1249 1269
f 1249 1250 1270
f 1250 1251 1271
f 1251 635 636
f 1231 1252 360
f 1232 1253 1252
f 1233 1254 1253
f 1234 1255 1254
f 1235 1256 1255
f 1236 1257 1256
f 1237 1258 1257
f 1238 1259 1258
f 1239 1260 1259
f 1240 1261 1260
f 1241 1262 1261
f 1242 1263 1262
f 1243 1264 1263
f 1244 1265 1264
f 1245 1266 1265
f 1246 1267 1266
f 1247 1268 1267
f 1248 1269 1268
f 1249 1270 1269
f 1250 1271 1270
f 1251 636 1271
f 360 1252 361
f 1252 1253 1272
f 1253 1254 1273
f 1254 1255 1274
f 1255 1256 1275
f 1256 1257 1276
f 1257 1258 1277
f 1258 1259 1278
f 1259 1260 1279
f 1260 1261 1280
f 1261 1262 1281
f 1262 1263 1282
f 1263 1264 1283
f 1264 1265 1284
f 1265 1266 1285
f 1266 1267 1286
f 1267 1268 1287
f 1268 1269 1288
f 1269 1270 1289
f 1270 1271 1290
f 1271 636 637
f 1252 1272 361
f 1253 1273 1272
f 1254 1274 1273
f 1255 1275 1274
f 1256 1276 1275
f 1257 1277 1276
f 1258 1278 1277
f 1259 1279 1278
f 1260 1280 1279
f 1261 1281 1280
f 1262 1282 1281
f 1263 1283 1282
f 1264 1284 1283
f 1265 1285 1284
f 1266 1286 1285
f 1267 1287 1286
f 1268 1288 1287
f 1269 1289 1288
f 1270 1290 1289
f 1271 637 1290
f 361 1272 362
f 1272 1273 1291
f 1273 1274 1292
f 1274 1275 1293
f 1275 1276 1294
f 1276 1277 1295
f 1277 1278 1296
f 1278 1279 1297
f 1279 1280 1298
f 1280 1281 1299
f 1281 1282 1300
f 1282 1283 1301
f 1283 1284 1302
f 1284 1285 1303
f 1285 1286 1304
f 1286 1287 1305
f 1287 1288 1306
f 1288 1289 1307
f 1289 1290 1308
f 1290 637 638
f 1272 1291 362
f 1273 1292 1291
f 1274 1293 1292
f 1275 1294 1293
f 1276 1295 1294
f 1277 1296 1295
f 1278 1297 1296
f 1279 1298 1297
f 1280 1299 1298
f 1281 1300 1299
f 1282 1301 1300
f 1283 1302 1301
f 1284 1303 1302
f 1285 1304 1303
f 1286 1305 1304
f 1287 1306 1305
f 1288 1307 1306
f 1289 1308 1307
f 1290 638 1308
f 362 1291 363
f 1291 1292 1309
f 1292 1293 1310
f 1293 1294 1311
f 1294 1295 1312
f 1295 1296 1313
f 1296 1297 1314
f 1297 1298 1315
f 1298 1299 1316
f 1299 1300 1317
f 1300 1301 1318
f 1301 1302 1319
f 1302 1303 1320
f 1303 1304 1321
f 1304 1305 1322
f 1305 1306 1323
f 1306 1307 1324
f 1307 1308 1325
f 1308 638 639
f 1291 1309 363
f 1292 1310 1309
f 1293 1311 1310
f 1294 1312 1311
f 1295 1313 1312
f 1296 1314 1313
f 1297 1315 1314
f 1298 1316 1315
f 1299 1317 1316
f 1300 1318 1317
f 1301 1319 1318
f 1302 1320 1319
f 1303 1321 1320
f 1304 1322 1321
f 1305 1323 1322
f 1306 1324 1323
f 1307 1325 1324
f 1308 639 1325
f 363 1309 364
f 1309 1310 1326
f 1310 1311 1327
f 1311 1312 1328
f 1312 1313 1329
f 1313 1314 1330
f 1314 1315 1331
f 1315 1316 1332
f 1316 1317 1333
f 1317 1318 1334
f 1318 1319 1335
f 1319 1320 1336
f 1320 1321 1337
f 1321 1322 1338
f 1322 1323 1339
f 1323 1324 1340
f 1324 1325 1341
f 1325 639 640
f 1309 1326 364
f 1310 1327 1326
f 1311 1328 1327
f 1312 1329 1328
f 1313 1330 1329
f 1314 1331 1330
f 1315 1332 1331
f 1316 1333 1332
f 1317 1334 1333
f 1318 1335 1334
f 1319 1336 1335
f 1320 1337 1336
f 1321 1338 1337
f 1322 1339 1338
f 1323 1340 1339
f 1324 1341 1340
f 1325 640 1341
f 364 1326 365
f 1326 1327 1342
f 1327 1328 1343
f 1328 1329 1344
f 1329 1330 1345
f 1330 1331 1346
f 1331 1332 1347
f 1332 1333 1348
f 1333 1334 1349
f 1334 1335 1350
f 1335 1336 1351
f 1336 1337 1352
f 1337 1338 1353
f 1338 1339 1354
f 1339 1340 1355
f 1340 1341 1356
f 1341 640 641
f 1326 1342 365
f 1327 1343 1342
f 1328 1344 1343
f 1329 1345 1344
f 1330 1346 1345
f 1331 1347 1346
f 1332 1348 1347
f 1333 1349 1348
f 1334 1350 1349
f 1335 1351 1350
f 1336 1352 1351
f 1337 1353 1352
f 1338 1354 1353
f 1339 1355 1354
f 1340 1356 1355
f 1341 641 1356
f 365 1342 366
f 1342 1343 1357
f 1343 1344 1358
f 1344 1345 1359
f 1345 1346 1360
f 1346 1347 1361
f 1347 1348 1362
f 1348 1349 1363
f 1349 1350 1364
f 1350 1351 1365
f 1351 1352 1366
f 1352 1353 1367
f 1353 1354 1368
f 1354 1355 1369
f 1355 1356 1370
f 1356 641 642
f 1342 1357 366
f 1343 1358 1357
f 1344 1359 1358
f 1345 1360 1359
f 1346 1361 1360
f 1347 1362 1361
f 1348 1363 1362
f 1349 1364 1363
f 1350 1365 1364
f 1351 1366 1365
f 1352 1367 1366
f 1353 1368 1367
f 1354 1369 1368
f 1355 1370 1369
f 1356 642 1370
f 366 1357 367
f 1357 1358 1371
f 1358 1359 1372
f 1359 1360 1373
f 1360 1361 1374
f 1361 1362 1375
f 1362 1363 1376
f 1363 1364 1377
f 1364 1365 1378
f 1365 1366 1379
f 1366 1367 1380
f 1367 1368 1381
f 1368 1369 1382
f 1369 1370 1383
f 1370 642 643
f 1357 1371 367
f 1358 1372 1371
f 1359 1373 1372
f 1360 1374 1373
f 1361 1375 1374
f 1362 1376 1375
f 1363 1377 1376
f 1364 1378 1377
f 1365 1379 1378
f 1366 1380 1379
f 1367 1381 1380
f 1368 1382 1381
f 1369 1383 1382
f 1370 643 1383
f 367 1371 368
f 1371 1372 1384
f 1372 1373 1385
f 1373 1374 1386
f 1374 1375 1387
f 1375 1376 1388
f 1376 1377 1389
f 1377 1378 1390
f 1378 1379 1391
f 1379 1380 1392
f 1380 1381 1393
f 1381 1382 1394
f 1382 1383 1395
f 1383 643 644
f 1371 1384 368
f 1372 1385 1384
f 1373 1386 1385
f 1374 1387 1386
f 1375 1388 1387
f 1376 1389 1388
f 1377 1390 1389
f 1378 1391 1390
f 1379 1392 1391
f 1380 1393 1392
f 1381 1394 1393
f 1382 1395 1394
f 1383 644 1395
f 368 1384 369
f 1384 1385 1396
f 1385 1386 1397
f 1386 1387 1398
f 1387 1388 1399
f 1388 1389 1400
f 1389 1390 1401
f 1390 1391 1402
f 1391 1392 1403
f 1392 1393 1404
f 1393 1394 1405
f 1394 1395 1406
f 1395 644 645
f 1384 1396 369
f 1385 1397 1396
f 1386 1398 1397
f 1387 1399 1398
f 1388 1400 1399
f 1389 1401 1400
f 1390 1402 1401
f 1391 1403 1402
f 1392 1404 1403
f 1393 1405 1404
f 1394 1406 1405
f 1395 645 1406
f 369 1396 370
f 1396 1397 1407
f 1397 1398 1408
f 1398 1399 1409
f 1399 1400 1410
f 1400 1401 1411
f 1401 1402 1412
f 1402 1403 1413
f 1403 1404 1414
f 1404 1405 1415
f 1405 1406 1416
f 1406 645 646
f 1396 1407 370
f 1397 1408 1407
f 1398 1409 1408
f 1399 1410 1409
f 1400 1411 1410
f 1401 1412 1411
f 1402 1413 1412
f 1403 1414 1413
f 1404 1415 1414
f 1405 1416 1415
f 1406 646 1416
f 370 1407 371
f 1407 1408 1417
f 1408 1409 1418
f 1409 1410 1419
f 1410 1411 1420
f 1411 1412 1421
f 1412 1413 1422
f 1413 1414 1423
f 1414 1415 1424
f 1415 1416 1425
f 1416 646 647
f 1407 1417 371
f 1408 1418 1417
f 1409 1419 1418
f 1410 1420 1419
f 1411 1421 1420
f 1412 1422 1421
f 1413 1423 1422
f 1414 1424 1423
f 1415 1425 1424
f 1416 647 1425
f 371 1417 372
f 1417 1418 1426
f 1418 1419 1427
f 1419 1420 1428
f 1420 1421 1429
f 1421 1422 1430
f 1422 1423 1431
f 1423 1424 1432
f 1424 1425 1433
f 1425 647 648
f 1417 1426 372
f 1418 1427 1426
f 1419 1428 1427
f 1420 1429 1428
f 1421 1430 1429
f 1422 1431 1430
f 1423 1432 1431
f 1424 1433 1432
f 1425 648 1433
f 372 1426 373
f 1426 1427 1434
f 1427 1428 1435
f 1428 1429 1436
f 1429 1430 1437
f 1430 1431 1438
f 1431 1432 1439
f 1432 1433 1440
f 1433 648 649
f 1426 1434 373
f 1427 1435 1434
f 1428 1436 1435
f 1429 1437 1436
f 1430 1438 1437
f 1431 1439 1438
f 1432 1440 1439
f 1433 649 1440
f 373 1434 374
f 1434 1435 1441
f 1435 1436 1442
f 1436 1437 1443
f 1437 1438 1444
f 1438 1439 1445
f 1439 1440 1446
f 1440 649 650
f 1434 1441 374
f 1435 1442 1441
f 1436 1443 1442
f 1437 1444 1443
f 1438 1445 1444
f 1439 1446 1445
f 1440 650 1446
f 374 1441 375
f 1441 1442 1447
f 1442 1443 1448
f 1443 1444 1449
f 1444 1445 1450
f 1445 1446 1451
f 1446 650 651
f 1441 1447 375
f 1442 1448 1447
f 1443 1449 1448
f 1444 1450 1449
f 1445 1451 1450
f 1446 651 1451
f 375 1447 376
f 1447 1448 1452
f 1448 1449 1453
f 1449 1450 1454
f 1450 1451 1455
f 1451 651 652
f 1447 1452 376
f 1448 1453 1452
f 1449 1454 1453
f 1450 1455 1454
f 1451 652 1455
f 376 1452 377
f 1452 1453 1456
f 1453 1454 1457
f 1454 1455 1458
f 1455 652 653
f 1452 1456 377
f 1453 1457 1456
f 1454 1458 1457
f 1455 653 1458
f 377 1456 378
f 1456 1457 1459
f 1457 1458 1460
f 1458 653 654
f 1456 1459 378
f 1457 1460 1459
f 1458 654 1460
f 378 1459 379
f 1459 1460 1461
f 1460 654 655
f 1459 1461 379
f 1460 655 1461
f 379 1461 380
f 1461 655 656
f 1461 656 380
f 380 656 8
f 1 358 427
f 358 359 1462
f 359 360 1463
f 360 361 1464
f 361 362 1465
f 362 363 1466
f 363 364 1467
f 364 365 1468
f 365 366 1469
f 366 367 1470
f 367 368 1471
f 368 369 1472
f 369 370 1473
f 370 371 1474
f 371 372 1475
f 372 373 1476
f 373 374 1477
f 374 375 1478
f 375 376 1479
f 376 377 1480
f 377 378 1481
f 378 379 1482
f 379 380 1483
f 380 8 174
f 358 1462 427
f 359 1463 1462
f 360 1464 1463
f 361 1465 1464
f 362 1466 1465
f 363 1467 1466
f 364 1468 1467
f 365 1469 1468
f 366 1470 1469
f 367 1471 1470
f 368 1472 1471
f 369 1473 1472
f 370 1474 1473
f 371 1475 1474
f 372 1476 1475
f 373 1477 1476
f 374 1478 1477
f 375 1479 1478
f 376 1480 1479
f 377 1481 1480
f 378 1482 1481
f 379 1483 1482
f 380 174 1483
f 427 1462 428
f 1462 1463 1484
f 1463 1464 1485
f 1464 1465 1486
f 1465 1466 1487
f 1466 1467 1488
f 1467 1468 1489
f 1468 1469 1490
f 1469 1470 1491
f 1470 1471 1492
f 1471 1472 1493
f 1472 1473 1494
f 1473 1474 1495
f 1474 1475 1496
f 1475 1476 1497
f 1476 1477 1498
f 1477 1478 1499
f 1478 1479 1500
f 1479 1480 1501
f 1480 1481 1502
f 1481 1482 1503
f 1482 1483 1504
f 1483 174 175
f 1462 1484 428
f 1463 1485 1484
f 1464 1486 1485
f 1465 1487 1486
f 1466 1488 1487
f 1467 1489 1488
f 1468 1490 1489
f 1469 1491 1490
f 1470 1492 1491
f 1471 1493 1492
f 1472 1494 1493
f 1473 1495 1494
f 1474 1496 1495
f 1475 1497 1496
f 1476 1498 1497
f 1477 1499 1498
f 1478 1500 1499
f 1479 1501 1500
f 1480 1502 1501
f 1481 1503 1502
f 1482 1504 1503
f 1483 175 1504
f 428 1484 429
f 1484 1485 1505
f 1485 1486 1506
f 1486 1487 1507
f 1487 1488 1508
f 1488 1489 1509
f 1489 1490 1510
f 1490 1491 1511
f 1491 1492 1512
f 1492 1493 1513
f 1493 1494 1514
f 1494 1495 1515
f 1495 1496 1516
f 1496 1497 1517
f 1497 1498 1518
f 1498 1499 1519
f 1499 1500 1520
f 1500 1501 1521
f 1501 1502 1522
f 1502 1503 1523
f 1503 1504 1524
f 1504 175 176
f 1484 1505 429
f 1485 1506 1505
f 1486 1507 1506
f 1487 1508 1507
f 1488 1509 1508
f 1489 1510 1509
f 1490 1511 1510
f 1491 1512 1511
f 1492 1513 1512
f 1493 1514 1513
f 1494 1515 1514
f 1495 1516 1515
f 1496 1517 1516
f 1497 1518 1517
f 1498 1519 1518
f 1499 1520 1519
f 1500 1521 1520
f 1501 1522 1521
f 1502 1523 1522
f 1503 1524 1523
f 1504 176 1524
f 429 1505 430
f 1505 1506 1525
f 1506 1507 1526
f 1507 1508 1527
f 1508 1509 1528
f 1509 1510 1529
f 1510 1511 1530
f 1511 1512 1531
f 1512 1513 1532
f 1513 1514 1533
f 1514 1515 1534
f 1515 1516 1535
f 1516 1517 1536
f 1517 1518 1537
f 1518 1519 1538
f 1519 1520 1539
f 1520 1521 1540
f 1521 1522 1541
f 1522 1523 1542
f 1523 1524 1543
f 1524 176 177
f 1505 1525 430
f 1506 1526 1525
f 1507 1527 1526
f 1508 1528 1527
f 1509 1529 1528
f 1510 1530 1529
f 1511 1531 1530
f 1512 1532 1531
f 1513 1533 1532
f 1514 1534 1533
f 1515 1535 1534
f 1516 1536 1535
f 1517 1537 1536
f 1518 1538 1537
f 1519 1539 1538
f 1520 1540 1539
f 1521 1541 1540
f 1522 1542 1541
f 1523 1543 1542
f 1524 177 1543
f 430 1525 431
f 1525 1526 1544
f 1526 1527 1545
f 1527 1528 1546
f 1528 1529 1547
f 1529 1530 1548
f 1530 1531 1549
f 1531 1532 1550
f 1532 1533 1551
f 1533 1534 1552
f 1534 1535 1553
f 1535 1536 1554
f 1536 1537 1555
f 1537 1538 1556
f 1538 1539 1557
f 1539 1540 1558
f 1540 1541 1559
f 1541 1542 1560
f 1542 1543 1561
f 1543 177 178
f 1525 1544 431
f 1526 1545 1544
f 1527 1546 1545
f 1528 1547 1546
f 1529 1548 1547
f 1530 1549 1548
f 1531 1550 1549
f 1532 1551 1550
f 1533 1552 1551
f 1534 1553 1552
f 1535 1554 1553
f 1536 1555 1554
f 1537 1556 1555
f 1538 1557 1556
f 1539 1558 1557
f 1540 1559 1558
f 1541 1560 1559
f 1542 1561 1560
f 1543 178 1561
f 431 1544 432
f 1544 1545 1562
f 1545 1546 1563
f 1546 1547 1564
f 1547 1548 1565
f 1548 1549 1566
f 1549 1550 1567
f 1550 1551 1568
f 1551 1552 1569
f 1552 1553 1570
f 1553 1554 1571
f 1554 1555 1572
f 1555 1556 1573
f 1556 1557 1574
f 1557 1558 1575
f 1558 1559 1576
f 1559 1560 1577
f 1560 1561 1578
f 1561 178 179
f 1544 1562 432
f 1545 1563 1562
f 1546 1564 1563
f 1547 1565 1564
f 1548 1566 1565
f 1549 1567 1566
f 1550 1568 1567
f 1551 1569 1568
f 1552 1570 1569
f 1553 1571 1570
f 1554 1572 1571
f 1555 1573 1572
f 1556 1574 1573
f 1557 1575 1574
f 1558 1576 1575
f 1559 1577 1576
f 1560 1578 1577
f 1561 179 1578
f 432 1562 433
f 1562 1563 1579
f 1563 1564 1580
f 1564 1565 1581
f 1565 1566 1582
f 1566 1567 1583
f 1567 1568 1584
f 1568 1569 1585
f 1569 1570 1586
f 1570 1571 1587
f 1571 1572 1588
f 1572 1573 1589
f 1573 1574 1590
f 1574 1575 1591
f 1575 1576 1592
f 1576 1577 1593
f 1577 1578 1594
f 1578 179 180
f 1562 1579 433
f 1563 1580 1579
f 1564 1581 1580
f 1565 1582 1581
f 1566 1583 1582
f 1567 1584 1583
f 1568 1585 1584
f 1569 1586 1585
f 1570 1587 1586
f 1571 1588 1587
f 1572 1589 1588
f 1573 1590 1589
f 1574 1591 1590
f 1575 1592 1591
f 1576 1593 1592
f 1577 1594 1593
f 1578 180 1594
f 433 1579 434
f 1579 1580 1595
f 1580 1581 1596
f 1581 1582 1597
f 1582 1583 1598
f 1583 1584 1599
f 1584 1585 1600
f 1585 1586 1601
f 1586 1587 1602
f 1587 1588 1603
f 1588 1589 1604
f 1589 1590 1605
f 1590 1591 1606
f 1591 1592 1607
f 1592 1593 1608
f 1593 1594 1609
f 1594 180 181
f 1579 1595 434
f 1580 1596 1595
f 1581 1597 1596
f 1582 1598 1597
f 1583 1599 1598
f 1584 1600 1599
f 1585 1601 1600
f 1586 1602 1601
f 1587 1603 1602
f 1588 1604 1603
f 1589 1605 1604
f 1590 1606 1605
f 1591 1607 1606
f 1592 1608 1607
f 1593 1609 1608
f 1594 181 1609
f 434 1595 435
f 1595 1596 1610
f 1596 1597 1611
f 1597 1598 1612
f 1598 1599 1613
f 1599 1600 1614
f 1600 1601 1615
f 1601 1602 1616
f 1602 1603 1617
f 1603 1604 1618
f 1604 1605 1619
f 1605 1606 1620
f 1606 1607 1621
f 1607 1608 1622
f 1608 1609 1623
f 1609 181 182
f 1595 1610 435
f 1596 1611 1610
f 1597 1612 1611
f 1598 1613 1612
f 1599 1614 1613
f 1600 1615 1614
f 1601 1616 1615
f 1602 1617 1616
f 1603 1618 1617
f 1604 1619 1618
f 1605 1620 1619
f 1606 1621 1620
f 1607 1622 1621
f 1608 1623 1622
f 1609 182 1623
f 435 1610 436
f 1610 1611 1624
f 1611 1612 1625
f 1612 1613 1626
f 1613 1614 1627
f 1614 1615 1628
f 1615 1616 1629
f 1616 1617 1630
f 1617 1618 1631
f 1618 1619 1632
f 1619 1620 1633
f 1620 1621 1634
f 1621 1622 1635
f 1622 1623 1636
f 1623 182 183
f 1610 1624 436
f 1611 1625 1624
f 1612 1626 1625
f 1613 1627 1626
f 1614 1628 1627
f 1615 1629 1628
f 1616 1630 1629
f 1617 1631 1630
f 1618 1632 1631
f 1619 1633 1632
f 1620 1634 1633
f 1621 1635 1634
f 1622 1636 1635
f 1623 183 1636
f 436 1624 437
f 1624 1625 1637
f 1625 1626 1638
f 1626 1627 1639
f 1627 1628 1640
f 1628 1629 1641
f 1629 1630 1642
f 1630 1631 1643
f 1631 1632 1644
f 1632 1633 1645
f 1633 1634 1646
f 1634 1635 1647
f 1635 1636 1648
f 1636 183 184
f 1624 1637 437
f 1625 1638 1637
f 1626 1639 1638
f 1627 1640 1639
f 1628 1641 1640
f 1629 1642 1641
f 1630 1643 1642
f 1631 1644 1643
f 1632 1645 1644
f 1633 1646 1645
f 1634 1647 1646
f 1635 1648 1647
f 1636 184 1648
f 437 1637 438
f 1637 1638 1649
f 1638 1639 1650
f 1639 1640 1651
f 1640 1641 1652
f 1641 1642 1653
f 1642 1643 1654
f 1643 1644 1655
f 1644 1645 1656
f 1645 1646 1657
f 1646 1647 1658
f 1647 1648 1659
f 1648 184 185
f 1637 1649 438
f 1638 1650 1649
f 1639 1651 1650
f 1640 1652 1651
f 1641 1653 1652
f 1642 1654 1653
f 1643 1655 1654
f 1644 1656 1655
f 1645 1657 1656
f 1646 1658 1657
f 1647 1659 1658
f 1648 185 1659
f 438 1649 439
f 1649 1650 1660
f 1650 1651 1661
f 1651 1652 1662
f 1652 1653 1663
f 1653 1654 1664
f 1654 1655 1665
f 1655 1656 1666
f 1656 1657 1667
f 1657 1658 1668
f 1658 1659 1669
f 1659 185 186
f 1649 1660 439
f 1650 1661 1660
f 1651 1662 1661
f 1652 1663 1662
f 1653 1664 1663
f 1654 1665 1664
f 1655 1666 1665
f 1656 1667 1666
f 1657 1668 1667
f 1658 1669 1668
f 1659 186 1669
f 439 1660 440
f 1660 1661 1670
f 1661 1662 1671
f 1662 1663 1672
f 1663 1664 1673
f 1664 1665 1674
f 1665 1666 1675
f 1666 1667 1676
f 1667 1668 1677
f 1668 1669 1678
f 1669 186 187
f 1660 1670 440
f 1661 1671 1670
f 1662 1672 1671
f 1663 1673 1672
f 1664 1674 1673
f 1665 1675 1674
f 1666 1676 1675
f 1667 1677 1676
f 1668 1678 1677
f 1669 187 1678
f 440 1670 441
f 1670 1671 1679
f 1671 1672 1680
f 1672 1673 1681
f 1673 1674 1682
f 1674 1675 1683
f 1675 1676 1684
f 1676 1677 1685
f 1677 1678 1686
f 1678 187 188
f 1670 1679 441
f 1671 1680 1679
f 1672 1681 1680
f 1673 1682 1681
f 1674 1683 1682
f 1675 1684 1683
f 1676 1685 1684
f 1677 1686 1685
f 1678 188 1686
f 441 1679 442
f 1679 1680 1687
f 1680 1681 1688
f 1681 1682 1689
f 1682 1683 1690
f 1683 1684 1691
f 1684 1685 1692
f 1685 1686 1693
f 1686 188 189
f 1679 1687 442
f 1680 1688 1687
f 1681 1689 1688
f 1682 1690 1689
f 1683 1691 1690
f 1684 1692 1691
f 1685 1693 1692
f 1686 189 1693
f 442 1687 443
f 1687 1688 1694
f 1688 1689 1695
f 1689 1690 1696
f 1690 1691 1697
f 1691 1692 1698
f 1692 1693 1699
f 1693 189 190
f 1687 1694 443
f 1688 1695 1694
f 1689 1696 1695
f 1690 1697 1696
f 1691 1698 1697
f 1692 1699 1698
f 1693 190 1699
f 443 1694 444
f 1694 1695 1700
f 1695 1696 1701
f 1696 1697 1702
f 1697 1698 1703
f 1698 1699 1704
f 1699 190 191
f 1694 1700 444
f 1695 1701 1700
f 1696 1702 1701
f 1697 1703 1702
f 1698 1704 1703
f 1699 191 1704
f 444 1700 445
f 1700 1701 1705
f 1701 1702 1706
f 1702 1703 1707
f 1703 1704 1708
f 1704 191 192
f 1700 1705 445
f 1701 1706 1705
f 1702 1707 1706
f 1703 1708 1707
f 1704 192 1708
f 445 1705 446
f 1705 1706 1709
f 1706 1707 1710
f 1707 1708 1711
f 1708 192 193
f 1705 1709 446
f 1706 1710 1709
f 1707 1711 1710
f 1708 193 1711
f 446 1709 447
f 1709 1710 1712
f 1710 1711 1713
f 1711 193 194
f 1709 1712 447
f 1710 1713 1712
f 1711 194 1713
f 447 1712 448
f 1712 1713 1714
f 1713 194 195
f 1712 1714 448
f 1713 195 1714
f 448 1714 449
f 1714 195 196
f 1714 196 449
f 449 196 11
f 1 427 151
f 427 428 1715
f 428 429 1716
f 429 430 1717
f 430 431 1718
f 431 432 1719
f 432 433 1720
f 433 434 1721
f 434 435 1722
f 435 436 1723
f 436 437 1724
f 437 438 1725
f 438 439 1726
f 439 440 1727
f 440 441 1728
f 441 442 1729
f 442 443 1730
f 443 444 1731
f 444 445 1732
f 445 446 1733
f 446 447 1734
f 447 448 1735
f 448 449 1736
f 449 11 404
f 427 1715 151
f 428 1716 1715
f 429 1717 1716
f 430 1718 1717
f 431 1719 1718
f 432 1720 1719
f 433 1721 1720
f 434 1722 1721
f 435 1723 1722
f 436 1724 1723
f 437 1725 1724
f 438 1726 1725
f 439 1727 1726
f 440 1728 1727
f 441 1729 1728
f 442 1730 1729
f 443 1731 1730
f 444 1732 1731
f 445 1733 1732
f 446 1734 1733
f 447 1735 1734
f 448 1736 1735
f 449 404 1736
f 151 1715 152
f 1715 1716 1737
f 1716 1717 1738
f 1717 1718 1739
f 1718 1719 1740
f 1719 1720 1741
f 1720 1721 1742
f 1721 1722 1743
f 1722 1723 1744
f 1723 1724 1745
f 1724 1725 1746
f 1725 1726 1747
f 1726 1727 1748
f 1727 1728 1749
f 1728 1729 1750
f 1729 1730 1751
f 1730 1731 1752
f 1731 1732 1753
f 1732 1733 1754
f 1733 1734 1755
f 1734 1735 1756
f 1735 1736 1757
f 1736 404 405
f 1715 1737 152
f 1716 1738 1737
f 1717 1739 1738
f 1718 1740 1739
f 1719 1741 1740
f 1720 1742 1741
f 1721 1743 1742
f 1722 1744 1743
f 1723 1745 1744
f 1724 1746 1745
f 1725 1747 1746
f 1726 1748 1747
f 1727 1749 1748
f 1728 1750 1749
f 1729 1751 1750
f 1730 1752 1751
f 1731 1753 1752
f 1732 1754 1753
f 1733 1755 1754
f 1734 1756 1755
f 1735 1757 1756
f 1736 405 1757
f 152 1737 153
f 1737 1738 1758
f 1738 1739 1759
f 1739 1740 1760
f 1740 1741 1761
f 1741 1742 1762
f 1742 1743 1763
f 1743 1744 1764
f 1744 1745 1765
f 1745 1746 1766
f 1746 1747 1767
f 1747 1748 1768
f 1748 1749 1769
f 1749 1750 1770
f 1750 1751 1771
f 1751 1752 1772
f 1752 1753 1773
f 1753 1754 1774
f 1754 1755 1775
f 1755 1756 1776
f 1756 1757 1777
f 1757 405 406
f 1737 1758 153
f 1738 1759 1758
f 1739 1760 1759
f 1740 1761 1760
f 1741 1762 1761
f 1742 1763 1762
f 1743 1764 1763
f 1744 1765 1764
f 1745 1766 1765
f 1746 1767 1766
f 1747 1768 1767
f 1748 1769 1768
f 1749 1770 1769
f 1750 1771 1770
f 1751 1772 1771
f 1752 1773 1772
f 1753 1774 1773
f 1754 1775 1774
f 1755 1776 1775
f 1756 1777 1776
f 1757 406 1777
f 153 1758 154
f 1758 1759 1778
f 1759 1760 1779
f 1760 1761 1780
f 1761 1762 1781
f 1762 1763 1782
f 1763 1764 1783
f 1764 1765 1784
f 1765 1766 1785
f 1766 1767 1786
f 1767 1768 1787
f 1768 1769 1788
f 1769 1770 1789
f 1770 1771 1790
f 1771 1772 1791
f 1772 1773 1792
f 1773 1774 1793
f 1774 1775 1794
f 1775 1776 1795
f 1776 1777 1796
f 1777 406 407
f 1758 1778 154
f 1759 1779 1778
f 1760 1780 1779
f 1761 1781 1780
f 1762 1782 1781
f 1763 1783 1782
f 1764 1784 1783
f 1765 1785 1784
f 1766 1786 1785
f 1767 1787 1786
f 1768 1788 1787
f 1769 1789 1788
f 1770 1790 1789
f 1771 1791 1790
f 1772 1792 1791
f 1773 1793 1792
f 1774 1794 1793
f 1775 1795 1794
f 1776 1796 1795
f 1777 407 1796
f 154 1778 155
f 1778 1779 1797
f 1779 1780 1798
f 1780 1781 1799
f 1781 1782 1800
f 1782 1783 1801
f 1783 1784 1802
f 1784 1785 1803
f 1785 1786 1804
f 1786 1787 1805
f 1787 1788 1806
f 1788 1789 1807
f 1789 1790 1808
f 1790 1791 1809
f 1791 1792 1810
f 1792 1793 1811
f 1793 1794 1812
f 1794 1795 1813
f 1795 1796 1814
f 1796 407 408
f 1778 1797 155
f 1779 1798 1797
f 1780 1799 1798
f 1781 1800 1799
f 1782 1801 1800
f 1783 1802 1801
f 1784 1803 1802
f 1785 1804 1803
f 1786 1805 1804
f 1787 1806 1805
f 1788 1807 1806
f 1789 1808 1807
f 1790 1809 1808
f 1791 1810 1809
f 1792 1811 1810
f 1793 1812 1811
f 1794 1813 1812
f 1795 1814 1813
f 1796 408 1814
f 155 1797 156
f 1797 1798 1815
f 1798 1799 1816
f 1799 1800 1817
f 1800 1801 1818
f 1801 1802 1819
f 1802 1803 1820
f 1803 1804 1821
f 1804 1805 1822
f 1805 1806 1823
f 1806 1807 1824
f 1807 1808 1825
f 1808 1809 1826
f 1809 1810 1827
f 1810 1811 1828
f 1811 1812 1829
f 1812 1813 1830
f 1813 1814 1831
f 1814 408 409
f 1797 1815 156
f 1798 1816 1815
f 1799 1817 1816
f 1800 1818 1817
f 1801 1819 1818
f 1802 1820 1819
f 1803 1821 1820
f 1804 1822 1821
f 1805 1823 1822
f 1806 1824 1823
f 1807 1825 1824
f 1808 1826 1825
f 1809 1827 1826
f 1810 1828 1827
f 1811 1829 1828
f 1812 1830 1829
f 1813 1831 1830
f 1814 409 1831
f 156 1815 157
f 1815 1816 1832
f 1816 1817 1833
f 1817 1818 1834
f 1818 1819 1835
f 1819 1820 1836
f 1820 1821 1837
f 1821 1822 1838
f 1822 1823 1839
f 1823 1824 1840
f 1824 1825 1841
f 1825 1826 1842
f 1826 1827 1843
f 1827 1828 1844
f 1828 1829 1845
f 1829 1830 1846
f 1830 1831 1847
f 1831 409 410
f 1815 1832 157
f 1816 1833 1832
f 1817 1834 1833
f 1818 1835 1834
f 1819 1836 1835
f 1820 1837 1836
f 1821 1838 1837
f 1822 1839 1838
f 1823 1840 1839
f 1824 1841 1840
f 1825 1842 1841
f 1826 1843 1842
f 1827 1844 1843
f 1828 1845 1844
f 1829 1846 1845
f 1830 1847 1846
f 1831 410 1847
f 157 1832 158
f 1832 1833 1848
f 1833 1834 1849
f 1834 1835 1850
f 1835 1836 1851
f 1836 1837 1852
f 1837 1838 1853
f 1838 1839 1854
f 1839 1840 1855
f 1840 1841 1856
f 1841 1842 1857
f 1842 1843 1858
f 1843 1844 1859
f 1844 1845 1860
f 1845 1846 1861
f 1846 1847 1862
f 1847 410 411
f 1832 1848 158
f 1833 1849 1848
f 1834 1850 1849
f 1835 1851 1850
f 1836 1852 1851
f 1837 1853 1852
f 1838 1854 1853
f 1839 1855 1854
f 1840 1856 1855
f 1841 1857 1856
f 1842 1858 1857
f 1843 1859 1858
f 1844 1860 1859
f 1845 1861 1860
f 1846 1862 1861
f 1847 411 1862
f 158 1848 159
f 1848 1849 1863
f 1849 1850 1864
f 1850 1851 1865
f 1851 1852 1866
f 1852 1853 1867
f 1853 1854 1868
f 1854 1855 1869
f 1855 1856 1870
f 1856 1857 1871
f 1857 1858 1872
f 1858 1859 1873
f 1859 1860 1874
f 1860 1861 1875
f 1861 1862 1876
f 1862 411 412
f 1848 1863 159
f 1849 1864 1863
f 1850 1865 1864
f 1851 1866 1865
f 1852 1867 1866
f 1853 1868 1867
f 1854 1869 1868
f 1855 1870 1869
f 1856 1871 1870
f 1857 1872 1871
f 1858 1873 1872
f 1859 1874 1873
f 1860 1875 1874
f 1861 1876 1875
f 1862 412 1876
f 159 1863 160
f 1863 1864 1877
f 1864 1865 1878
f 1865 1866 1879
f 1866 1867 1880
f 1867 1868 1881
f 1868 1869 1882
f 1869 1870 1883
f 1870 1871 1884
f 1871 1872 1885
f 1872 1873 1886
f 1873 1874 1887
f 1874 1875 1888
f 1875 1876 1889
f 1876 412 413
f 1863 1877 160
f 1864 1878 1877
f 1865 1879 1878
f 1866 1880 1879
f 1867 1881 1880
f 1868 1882 1881
f 1869 1883 1882
f 1870 1884 1883
f 1871 1885 1884
f 1872 1886 1885
f 1873 1887 1886
f 1874 1888 1887
f 1875 1889 1888
f 1876 413 1889
f 160 1877 161
f 1877 1878 1890
f 1878 1879 1891
f 1879 1880 1892
f 1880 1881 1893
f 1881 1882 1894
f 1882 1883 1895
f 1883 1884 1896
f 1884 1885 1897
f 1885 1886 1898
f 1886 1887 1899
f 1887 1888 1900
f 1888 1889 1901
f 1889 413 414
f 1877 1890 161
f 1878 1891 1890
f 1879 1892 1891
f 1880 1893 1892
f 1881 1894 1893
f 1882 1895 1894
f 1883 1896 1895
f 1884 1897 1896
f 1885 1898 1897
f 1886 1899 1898
f 1887 1900 1899
f 1888 1901 1900
f 1889 414 1901
f 161 1890 162
f 1890 1891 1902
f 1891 1892 1903
f 1892 1893 1904
f 1893 1894 1905
f 1894 1895 1906
f 1895 1896 1907
f 1896 1897 1908
f 1897 1898 1909
f 1898 1899 1910
f 1899 1900 1911
f 1900 1901 1912
f 1901 414 415
f 1890 1902 162
f 1891 1903 1902
f 1892 1904 1903
f 1893 1905 1904
f 1894 1906 1905
f 1895 1907 1906
f 1896 1908 1907
f 1897 1909 1908
f 1898 1910 1909
f 1899 1911 1910
f 1900 1912 1911
f 1901 415 1912
f 162 1902 163
f 1902 1903 1913
f 1903 1904 1914
f 1904 1905 1915
f 1905 1906 1916
f 1906 1907 1917
f 1907 1908 1918
f 1908 1909 1919
f 1909 1910 1920
f 1910 1911 1921
f 1911 1912 1922
f 1912 415 416
f 1902 1913 163
f 1903 1914 1913
f 1904 1915 1914
f 1905 1916 1915
f 1906 1917 1916
f 1907 1918 1917
f 1908 1919 1918
f 1909 1920 1919
f 1910 1921 1920
f 1911 1922 1921
f 1912 416 1922
f 163 1913 164
f 1913 1914 1923
f 1914 1915 1924
f 1915 1916 1925
f 1916 1917 1926
f 1917 1918 1927
f 1918 1919 1928
f 1919 1920 1929
f 1920 1921 1930
f 1921 1922 1931
f 1922 416 417
f 1913 1923 164
f 1914 1924 1923
f 1915 1925 1924
f 1916 1926 1925
f 1917 1927 1926
f 1918 1928 1927
f 1919 1929 1928
f 1920 1930 1929
f 1921 1931 1930
f 1922 417 1931
f 164 1923 165
f 1923 1924 1932
f 1924 1925 1933
f 1925 1926 1934
f 1926 1927 1935
f 1927 1928 1936
f 1928 1929 1937
f 1929 1930 1938
f 1930 1931 1939
f 1931 417 418
f 1923 1932 165
f 1924 1933 1932
f 1925 1934 1933
f 1926 1935 1934
f 1927 1936 1935
f 1928 1937 1936
f 1929 1938 1937
f 1930 1939 1938
f 1931 418 1939
f 165 1932 166
f 1932 1933 1940
f 1933 1934 1941
f 1934 1935 1942
f 1935 1936 1943
f 1936 1937 1944
f 1937 1938 1945
f 1938 1939 1946
f 1939 418 419
f 1932 1940 166
f 1933 1941 1940
f 1934 1942 1941
f 1935 1943 1942
f 1936 1944 1943
f 1937 1945 1944
f 1938 1946 1945
f 1939 419 1946
f 166 1940 167
f 1940 1941 1947
f 1941 1942 1948
f 1942 1943 1949
f 1943 1944 1950
f 1944 1945 1951
f 1945 1946 1952
f 1946 419 420
f 1940 1947 167
f 1941 1948 1947
f 1942 1949 1948
f 1943 1950 1949
f 1944 1951 1950
f 1945 1952 1951
f 1946 420 1952
f 167 1947 168
f 1947 1948 1953
f 1948 1949 1954
f 1949 1950 1955
f 1950 1951 1956
f 1951 1952 1957
f 1952 420 421
f 1947 1953 168
f 1948 1954 1953
f 1949 1955 1954
f 1950 1956 1955
f 1951 1957 1956
f 1952 421 1957
f 168 1953 169
f 1953 1954 1958
f 1954 1955 1959
f 1955 1956 1960
f 1956 1957 1961
f 1957 421 422
f 1953 1958 169
f 1954 1959 1958
f 1955 1960 1959
f 1956 1961 1960
f 1957 422 1961
f 169 1958 170
f 1958 1959 1962
f 1959 1960 1963
f 1960 1961 1964
f 1961 422 423
f 1958 1962 170
f 1959 1963 1962
f 1960 1964 1963
f 1961 423 1964
f 170 1962 171
f 1962 1963 1965
f 1963 1964 1966
f 1964 423 424
f 1962 1965 171
f 1963 1966 1965
f 1964 424 1966
f 171 1965 172
f 1965 1966 1967
f 1966 424 425
f 1965 1967 172
f 1966 425 1967
f 172 1967 173
f 1967 425 426
f 1967 426 173
f 173 426 12
f 2 450 128
f 450 451 1968
f 451 452 1969
f 452 453 1970
f 453 454 1971
f 454 455 1972
f 455 456 1973
f 456 457 1974
f 457 458 1975
f 458 459 1976
f 459 460 1977
f 460 461 1978
f 461 462 1979
f 462 463 1980
f 463 464 1981
f 464 465 1982
f 465 466 1983
f 466 467 1984
f 467 468 1985
f 468 469 1986
f 469 470 1987
f 470 471 1988
f 471 472 1989
f 472 6 289
f 450 1968 128
f 451 1969 1968
f 452 1970 1969
f 453 1971 1970
f 454 1972 1971
f 455 1973 1972
f 456 1974 1973
f 457 1975 1974
f 458 1976 1975
f 459 1977 1976
f 460 1978 1977
f 461 1979 1978
f 462 1980 1979
f 463 1981 1980
f 464 1982 1981
f 465 1983 1982
f 466 1984 1983
f 467 1985 1984
f 468 1986 1985
f 469 1987 1986
f 470 1988 1987
f 471 1989 1988
f 472 289 1989
f 128 1968 129
f 1968 1969 1990
f 1969 1970 1991
f 1970 1971 1992
f 1971 1972 1993
f 1972 1973 1994
f 1973 1974 1995
f 1974 1975 1996
f 1975 1976 1997
f 1976 1977 1998
f 1977 1978 1999
f 1978 1979 2000
f 1979 1980 2001
f 1980 1981 2002
f 1981 1982 2003
f 1982 1983 2004
f 1983 1984 2005
f 1984 1985 2006
f 1985 1986 2007
f 1986 1987 2008
f 1987 1988 2009
f 1988 1989 2010
f 1989 289 290
f 1968 1990 129
f 1969 1991 1990
f 1970 1992 1991
f 1971 1993 1992
f 1972 1994 1993
f 1973 1995 1994
f 1974 1996 1995
f 1975 1997 1996
f 1976 1998 1997
f 1977 1999 1998
f 1978 2000 1999
f 1979 2001 2000
f 1980 2002 2001
f 1981 2003 2002
f 1982 2004 2003
f 1983 2005 2004
f 1984 2006 2005
f 1985 2007 2006
f 1986 2008 2007
f 1987 2009 2008
f 1988 2010 2009
f 1989 290 2010
f 129 1990 130
f 1990 1991 2011
f 1991 1992 2012
f 1992 1993 2013
f 1993 1994 2014
f 1994 1995 2015
f 1995 1996 2016
f 1996 1997 2017
f 1997 1998 2018
f 1998 1999 2019
f 1999 2000 2020
f 2000 2001 2021
f 2001 2002 2022
f 2002 2003 2023
f 2003 2004 2024
f 2004 2005 2025
f 2005 2006 2026
f 2006 2007 2027
f 2007 2008 2028
f 2008 2009 2029
f 2009 2010 2030
f 2010 290 291
f 1990 2011 130
f 1991 2012 2011
f 1992 2013 2012
f 1993 2014 2013
f 1994 2015 2014
f 1995 2016 2015
f 1996 2017 2016
f 1997 2018 2017
f 1998 2019 2018
f 1999 2020 2019
f 2000 2021 2020
f 2001 2022 2021
f 2002 2023 2022
f 2003 2024 2023
f 2004 2025 2024
f 2005 2026 2025
f 2006 2027 2026
f 2007 2028 2027
f 2008 2029 2028
f 2009 2030 2029
f 2010 291 2030
f 130 2011 131
f 2011 2012 2031
f 2012 2013 2032
f 2013 2014 2033
f 2014 2015 2034
f 2015 2016 2035
f 2016 2017 2036
f 2017 2018 2037
f 2018 2019 2038
f 2019 2020 2039
f 2020 2021 2040
f 2021 2022 2041
f 2022 2023 2042
f 2023 2024 2043
f 2024 2025 2044
f 2025 2026 2045
f 2026 2027 2046
f 2027 2028 2047
f 2028 2029 2048
f 2029 2030 2049
f 2030 291 292
f 2011 2031 131
f 2012 2032 2031
f 2013 2033 2032
f 2014 2034 2033
f 2015 2035 2034
f 2016 2036 2035
f 2017 2037 2036
f 2018 2038 2037
f 2019 2039 2038
f 2020 2040 2039
f 2021 2041 2040
f 2022 2042 2041
f 2023 2043 2042
f 2024 2044 2043
f 2025 2045 2044
f 2026 2046 2045
f 2027 2047 2046
f 2028 2048 2047
f 2029 2049 2048
f 2030 292 2049
f 131 2031 132
f 2031 2032 2050
f 2032 2033 2051
f 2033 2034 2052
f 2034 2035 2053
f 2035 2036 2054
f 2036 2037 2055
f 2037 2038 2056
f 2038 2039 2057
f 2039 2040 2058
f 2040 2041 2059
f 2041 2042 2060
f 2042 2043 2061
f 2043 2044 2062
f 2044 2045 2063
f 2045 2046 2064
f 2046 2047 2065
f 2047 2048 2066
f 2048 2049 2067
f 2049 292 293
f 2031 2050 132
f 2032 2051 2050
f 2033 2052 2051
f 2034 2053 2052
f 2035 2054 2053
f 2036 2055 2054
f 2037 2056 2055
f 2038 2057 2056
f 2039 2058 2057
f 2040 2059 2058
f 2041 2060 2059
f 2042 2061 2060
f 2043 2062 2061
f 2044 2063 2062
f 2045 2064 2063
f 2046 2065 2064
f 2047 2066 2065
f 2048 2067 2066
f 2049 293 2067
f 132 2050 133
f 2050 2051 2068
f 2051 2052 2069
f 2052 2053 2070
f 2053 2054 2071
f 2054 2055 2072
f 2055 2056 2073
f 2056 2057 2074
f 2057 2058 2075
f 2058 2059 2076
f 2059 2060 2077
f 2060 2061 2078
f 2061 2062 2079
f 2062 2063 2080
f 2063 2064 2081
f 2064 2065 2082
f 2065 2066 2083
f 2066 2067 2084
f 2067 293 294
f 2050 2068 133
f 2051 2069 2068
f 2052 2070 2069
f 2053 2071 2070
f 2054 2072 2071
f 2055 2073 2072
f 2056 2074 2073
f 2057 2075 2074
f 2058 2076 2075
f 2059 2077 2076
f 2060 2078 2077
f 2061 2079 2078
f 2062 2080 2079
f 2063 2081 2080
f 2064 2082 2081
f 2065 2083 2082
f 2066 2084 2083
f 2067 294 2084
f 133 2068 134
f 2068 2069 2085
f 2069 2070 2086
f 2070 2071 2087
f 2071 2072 2088
f 2072 2073 2089
f 2073 2074 2090
f 2074 2075 2091
f 2075 2076 2092
f 2076 2077 2093
f 2077 2078 2094
f 2078 2079 2095
f 2079 2080 2096
f 2080 2081 2097
f 2081 2082 2098
f 2082 2083 2099
f 2083 2084 2100
f 2084 294 295
f 2068 2085 134
f 2069 2086 2085
f 2070 2087 2086
f 2071 2088 2087
f 2072 2089 2088
f 2073 2090 2089
f 2074 2091 2090
f 2075 2092 2091
f 2076 2093 2092
f 2077 2094 2093
f 2078 2095 2094
f 2079 2096 2095
f 2080 2097 2096
f 2081 2098 2097
f 2082 2099 2098
f 2083 2100 2099
f 2084 295 2100
f 134 2085 135
f 2085 2086 2101
f 2086 2087 2102
f 2087 2088 2103
f 2088 2089 2104
f 2089 2090 2105
f 2090 2091 2106
f 2091 2092 2107
f 2092 2093 2108
f 2093 2094 2109
f 2094 2095 2110
f 2095 2096 2111
f 2096 2097 2112
f 2097 2098 2113
f 2098 2099 2114
f 2099 2100 2115
f 2100 295 296
f 2085 2101 135
f 2086 2102 2101
f 2087 2103 2102
f 2088 2104 2103
f 2089 2105 2104
f 2090 2106 2105
f 2091 2107 2106
f 2092 2108 2107
f 2093 2109 2108
f 2094 2110 2109
f 2095 2111 2110
f 2096 2112 2111
f 2097 2113 2112
f 2098 2114 2113
f 2099 2115 2114
f 2100 296 2115
f 135 2101 136
f 2101 2102 2116
f 2102 2103 2117
f 2103 2104 2118
f 2104 2105 2119
f 2105 2106 2120
f 2106 2107 2121
f 2107 2108 2122
f 2108 2109 2123
f 2109 2110 2124
f 2110 2111 2125
f 2111 2112 2126
f 2112 2113 2127
f 2113 2114 2128
f 2114 2115 2129
f 2115 296 297
f 2101 2116 136
f 2102 2117 2116
f 2103 2118 2117
f 2104 2119 2118
f 2105 2120 2119
f 2106 2121 2120
f 2107 2122 2121
f 2108 2123 2122
f 2109 2124 2123
f 2110 2125 2124
f 2111 2126 2125
f 2112 2127 2126
f 2113 2128 2127
f 2114 2129 2128
f 2115 297 2129
f 136 2116 137
f 2116 2117 2130
f 2117 2118 2131
f 2118 2119 2132
f 2119 2120 2133
f 2120 2121 2134
f 2121 2122 2135
f 2122 2123 2136
f 2123 2124 2137
f 2124 2125 2138
f 2125 2126 2139
f 2126 2127 2140
f 2127 2128 2141
f 2128 2129 2142
f 2129 297 298
f 2116 2130 137
f 2117 2131 2130
f 2118 2132 2131
f 2119 2133 2132
f 2120 2134 2133
f 2121 2135 2134
f 2122 2136 2135
f 2123 2137 2136
f 2124 2138 2137
f 2125 2139 2138
f 2126 2140 2139
f 2127 2141 2140
f 2128 2142 2141
f 2129 298 2142
f 137 2130 138
f 2130 2131 2143
f 2131 2132 2144
f 2132 2133 2145
f 2133 2134 2146
f 2134 2135 2147
f 2135 2136 2148
f 2136 2137 2149
f 2137 2138 2150
f 2138 2139 2151
f 2139 2140 2152
f 2140 2141 2153
f 2141 2142 2154
f 2142 298 299
f 2130 2143 138
f 2131 2144 2143
f 2132 2145 2144
f 2133 2146 2145
f 2134 2147 2146
f 2135 2148 2147
f 2136 2149 2148
f 2137 2150 2149
f 2138 2151 2150
f 2139 2152 2151
f 2140 2153 2152
f 2141 2154 2153
f 2142 299 2154
f 138 2143 139
f 2143 2144 2155
f 2144 2145 2156
f 2145 2146 2157
f 2146 2147 2158
f 2147 2148 2159
f 2148 2149 2160
f 2149 2150 2161
f 2150 2151 2162
f 2151 2152 2163
f 2152 2153 2164
f 2153 2154 2165
f 2154 299 300
f 2143 2155 139
f 2144 2156 2155
f 2145 2157 2156
f 2146 2158 2157
f 2147 2159 2158
f 2148 2160 2159
f 2149 2161 2160
f 2150 2162 2161
f 2151 2163 2162
f 2152 2164 2163
f 2153 2165 2164
f 2154 300 2165
f 139 2155 140
f 2155 2156 2166
f 2156 2157 2167
f 2157 2158 2168
f 2158 2159 2169
f 2159 2160 2170
f 2160 2161 2171
f 2161 2162 2172
f 2162 2163 2173
f 2163 2164 2174
f 2164 2165 2175
f 2165 300 301
f 2155 2166 140
f 2156 2167 2166
f 2157 2168 2167
f 2158 2169 2168
f 2159 2170 2169
f 2160 2171 2170
f 2161 2172 2171
f 2162 2173 2172
f 2163 2174 2173
f 2164 2175 2174
f 2165 301 2175
f 140 2166 141
f 2166 2167 2176
f 2167 2168 2177
f 2168 2169 2178
f 2169 2170 2179
f 2170 2171 2180
f 2171 2172 2181
f 2172 2173 2182
f 2173 2174 2183
f 2174 2175 2184
f 2175 301 302
f 2166 2176 141
f 2167 2177 2176
f 2168 2178 2177
f 2169 2179 2178
f 2170 2180 2179
f 2171 2181 2180
f 2172 2182 2181
f 2173 2183 2182
f 2174 2184 2183
f 2175 302 2184
f 141 2176 142
f 2176 2177 2185
f 2177 2178 2186
f 2178 2179 2187
f 2179 2180 2188
f 2180 2181 2189
f 2181 2182 2190
f 2182 2183 2191
f 2183 2184 2192
f 2184 302 303
f 2176 2185 142
f 2177 2186 2185
f 2178 2187 2186
f 2179 2188 2187
f 2180 2189 2188
f 2181 2190 2189
f 2182 2191 2190
f 2183 2192 2191
f 2184 303 2192
f 142 2185 143
f 2185 2186 2193
f 2186 2187 2194
f 2187 2188 2195
f 2188 2189 2196
f 2189 2190 2197
f 2190 2191 2198
f 2191 2192 2199
f 2192 303 304
f 2185 2193 143
f 2186 2194 2193
f 2187 2195 2194
f 2188 2196 2195
f 2189 2197 2196
f 2190 2198 2197
f 2191 2199 2198
f 2192 304 2199
f 143 2193 144
f 2193 2194 2200
f 2194 2195 2201
f 2195 2196 2202
f 2196 2197 2203
f 2197 2198 2204
f 2198 2199 2205
f 2199 304 305
f 2193 2200 144
f 2194 2201 2200
f 2195 2202 2201
f 2196 2203 2202
f 2197 2204 2203
f 2198 2205 2204
f 2199 305 2205
f 144 2200 145
f 2200 2201 2206
f 2201 2202 2207
f 2202 2203 2208
f 2203 2204 2209
f 2204 2205 2210
f 2205 305 306
f 2200 2206 145
f 2201 2207 2206
f 2202 2208 2207
f 2203 2209 2208
f 2204 2210 2209
f 2205 306 2210
f 145 2206 146
f 2206 2207 2211
f 2207 2208 2212
f 2208 2209 2213
f 2209 2210 2214
f 2210 306 307
f 2206 2211 146
f 2207 2212 2211
f 2208 2213 2212
f 2209 2214 2213
f 2210 307 2214
f 146 2211 147
f 2211 2212 2215
f 2212 2213 2216
f 2213 2214 2217
f 2214 307 308
f 2211 2215 147
f 2212 2216 2215
f 2213 2217 2216
f 2214 308 2217
f 147 2215 148
f 2215 2216 2218
f 2216 2217 2219
f 2217 308 309
f 2215 2218 148
f 2216 2219 2218
f 2217 309 2219
f 148 2218 149
f 2218 2219 2220
f 2219 309 310
f 2218 2220 149
f 2219 310 2220
f 149 2220 150
f 2220 310 311
f 2220 311 150
f 150 311 10
f 6 588 242
f 588 589 2221
f 589 590 2222
f 590 591 2223
f 591 592 2224
f 592 593 2225
f 593 594 2226
f 594 595 2227
f 595 596 2228
f 596 597 2229
f 597 598 2230
f 598 599 2231
f 599 600 2232
f 600 601 2233
f 601 602 2234
f 602 603 2235
f 603 604 2236
f 604 605 2237
f 605 606 2238
f 606 607 2239
f 607 608 2240
f 608 609 2241
f 609 610 2242
f 610 12 334
f 588 2221 242
f 589 2222 2221
f 590 2223 2222
f 591 2224 2223
f 592 2225 2224
f 593 2226 2225
f 594 2227 2226
f 595 2228 2227
f 596 2229 2228
f 597 2230 2229
f 598 2231 2230
f 599 2232 2231
f 600 2233 2232
f 601 2234 2233
f 602 2235 2234
f 603 2236 2235
f 604 2237 2236
f 605 2238 2237
f 606 2239 2238
f 607 2240 2239
f 608 2241 2240
f 609 2242 2241
f 610 334 2242
f 242 2221 241
f 2221 2222 2243
f 2222 2223 2244
f 2223 2224 2245
f 2224 2225 2246
f 2225 2226 2247
f 2226 2227 2248
f 2227 2228 2249
f 2228 2229 2250
f 2229 2230 2251
f 2230 2231 2252
f 2231 2232 2253
f 2232 2233 2254
f 2233 2234 2255
f 2234 2235 2256
f 2235 2236 2257
f 2236 2237 2258
f 2237 2238 2259
f 2238 2239 2260
f 2239 2240 2261
f 2240 2241 2262
f 2241 2242 2263
f 2242 334 333
f 2221 2243 241
f 2222 2244 2243
f 2223 2245 2244
f 2224 2246 2245
f 2225 2247 2246
f 2226 2248 2247
f 2227 2249 2248
f 2228 2250 2249
f 2229 2251 2250
f 2230 2252 2251
f 2231 2253 2252
f 2232 2254 2253
f 2233 2255 2254
f 2234 2256 2255
f 2235 2257 2256
f 2236 2258 2257
f 2237 2259 2258
f 2238 2260 2259
f 2239 2261 2260
f 2240 2262 2261
f 2241 2263 2262
f 2242 333 2263
f 241 2243 240
f 2243 2244 2264
f 2244 2245 2265
f 2245 2246 2266
f 2246 2247 2267
f 2247 2248 2268
f 2248 2249 2269
f 2249 2250 2270
f 2250 2251 2271
f 2251 2252 2272
f 2252 2253 2273
f 2253 2254 2274
f 2254 2255 2275
f 2255 2256 2276
f 2256 2257 2277
f 2257 2258 2278
f 2258 2259 2279
f 2259 2260 2280
f 2260 2261 2281
f 2261 2262 2282
f 2262 2263 2283
f 2263 333 332
f 2243 2264 240
f 2244 2265 2264
f 2245 2266 2265
f 2246 2267 2266
f 2247 2268 2267
f 2248 2269 2268
f 2249 2270 2269
f 2250 2271 2270
f 2251 2272 2271
f 2252 2273 2272
f 2253 2274 2273
f 2254 2275 2274
f 2255 2276 2275
f 2256 2277 2276
f 2257 2278 2277
f 2258 2279 2278
f 2259 2280 2279
f 2260 2281 2280
f 2261 2282 2281
f 2262 2283 2282
f 2263 332 2283
f 240 2264 239
f 2264 2265 2284
f 2265 2266 2285
f 2266 2267 2286
f 2267 2268 2287
f 2268 2269 2288
f 2269 2270 2289
f 2270 2271 2290
f 2271 2272 2291
f 2272 2273 2292
f 2273 2274 2293
f 2274 2275 2294
f 2275 2276 2295
f 2276 2277 2296
f 2277 2278 2297
f 2278 2279 2298
f 2279 2280 2299
f 2280 2281 2300
f 2281 2282 2301
f 2282 2283 2302
f 2283 332 331
f 2264 2284 239
f 2265 2285 2284
f 2266 2286 2285
f 2267 2287 2286
f 2268 2288 2287
f 2269 2289 2288
f 2270 2290 2289
f 2271 2291 2290
f 2272 2292 2291
f 2273 2293 2292
f 2274 2294 2293
f 2275 2295 2294
f 2276 2296 2295
f 2277 2297 2296
f 2278 2298 2297
f 2279 2299 2298
f 2280 2300 2299
f 2281 2301 2300
f 2282 2302 2301
f 2283 331 2302
f 239 2284 238
f 2284 2285 2303
f 2285 2286 2304
f 2286 2287 2305
f 2287 2288 2306
f 2288 2289 2307
f 2289 2290 2308
f 2290 2291 2309
f 2291 2292 2310
f 2292 2293 2311
f 2293 2294 2312
f 2294 2295 2313
f 2295 2296 2314
f 2296 2297 2315
f 2297 2298 2316
f 2298 2299 2317
f 2299 2300 2318
f 2300 2301 2319
f 2301 2302 2320
f 2302 331 330
f 2284 2303 238
f 2285 2304 2303
f 2286 2305 2304
f 2287 2306 2305
f 2288 2307 2306
f 2289 2308 2307
f 2290 2309 2308
f 2291 2310 2309
f 2292 2311 2310
f 2293 2312 2311
f 2294 2313 2312
f 2295 2314 2313
f 2296 2315 2314
f 2297 2316 2315
f 2298 2317 2316
f 2299 2318 2317
f 2300 2319 2318
f 2301 2320 2319
f 2302 330 2320
f 238 2303 237
f 2303 2304 2321
f 2304 2305 2322
f 2305 2306 2323
f 2306 2307 2324
f 2307 2308 2325
f 2308 2309 2326
f 2309 2310 2327
f 2310 2311 2328
f 2311 2312 2329
f 2312 2313 2330
f 2313 2314 2331
f 2314 2315 2332
f 2315 2316 2333
f 2316 2317 2334
f 2317 2318 2335
f 2318 2319 2336
f 2319 2320 2337
f 2320 330 329
f 2303 2321 237
f 2304 2322 2321
f 2305 2323 2322
f 2306 2324 2323
f 2307 2325 2324
f 2308 2326 2325
f 2309 2327 2326
f 2310 2328 2327
f 2311 2329 2328
f 2312 2330 2329
f 2313 2331 2330
f 2314 2332 2331
f 2315 2333 2332
f 2316 2334 2333
f 2317 2335 2334
f 2318 2336 2335
f 2319 2337 2336
f 2320 329 2337
f 237 2321 236
f 2321 2322 2338
f 2322 2323 2339
f 2323 2324 2340
f 2324 2325 2341
f 2325 2326 2342
f 2326 2327 2343
f 2327 2328 2344
f 2328 2329 2345
f 2329 2330 2346
f 2330 2331 2347
f 2331 2332 2348
f 2332 2333 2349
f 2333 2334 2350
f 2334 2335 2351
f 2335 2336 2352
f 2336 2337 2353
f 2337 329 328
f 2321 2338 236
f 2322 2339 2338
f 2323 2340 2339
f 2324 2341 2340
f 2325 2342 2341
f 2326 2343 2342
f 2327 2344 2343
f 2328 2345 2344
f 2329 2346 2345
f 2330 2347 2346
f 2331 2348 2347
f 2332 2349 2348
f 2333 2350 2349
f 2334 2351 2350
f 2335 2352 2351
f 2336 2353 2352
f 2337 328 2353
f 236 2338 235
f 2338 2339 2354
f 2339 2340 2355
f 2340 2341 2356
f 2341 2342 2357
f 2342 2343 2358
f 2343 2344 2359
f 2344 2345 2360
f 2345 2346 2361
f 2346 2347 2362
f 2347 2348 2363
f 2348 2349 2364
f 2349 2350 2365
f 2350 2351 2366
f 2351 2352 2367
f 2352 2353 2368
f 2353 328 327
f 2338 2354 235
f 2339 2355 2354
f 2340 2356 2355
f 2341 2357 2356
f 2342 2358 2357
f 2343 2359 2358
f 2344 2360 2359
f 2345 2361 2360
f 2346 2362 2361
f 2347 2363 2362
f 2348 2364 2363
f 2349 2365 2364
f 2350 2366 2365
f 2351 2367 2366
f 2352 2368 2367
f 2353 327 2368
f 235 2354 234
f 2354 2355 2369
f 2355 2356 2370
f 2356 2357 2371
f 2357 2358 2372
f 2358 2359 2373
f 2359 2360 2374
f 2360 2361 2375
f 2361 2362 2376
f 2362 2363 2377
f 2363 2364 2378
f 2364 2365 2379
f 2365 2366 2380
f 2366 2367 2381
f 2367 2368 2382
f 2368 327 326
f 2354 2369 234
f 2355 2370 2369
f 2356 2371 2370
f 2357 2372 2371
f 2358 2373 2372
f 2359 2374 2373
f 2360 2375 2374
f 2361 2376 2375
f 2362 2377 2376
f 2363 2378 2377
f 2364 2379 2378
f 2365 2380 2379
f 2366 2381 2380
f 2367 2382 2381
f 2368 326 2382
f 234 2369 233
f 2369 2370 2383
f 2370 2371 2384
f 2371 2372 2385
f 2372 2373 2386
f 2373 2374 2387
f 2374 2375 2388
f 2375 2376 2389
f 2376 2377 2390
f 2377 2378 2391
f 2378 2379 2392
f 2379 2380 2393
f 2380 2381 2394
f 2381 2382 2395
f 2382 326 325
f 2369 2383 233
f 2370 2384 2383
f 2371 2385 2384
f 2372 2386 2385
f 2373 2387 2386
f 2374 2388 2387
f 2375 2389 2388
f 2376 2390 2389
f 2377 2391 2390
f 2378 2392 2391
f 2379 2393 2392
f 2380 2394 2393
f 2381 2395 2394
f 2382 325 2395
f 233 2383 232
f 2383 2384 2396
f 2384 2385 2397
f 2385 2386 2398
f 2386 2387 2399
f 2387 2388 2400
f 2388 2389 2401
f 2389 2390 2402
f 2390 2391 2403
f 2391 2392 2404
f 2392 2393 2405
f 2393 2394 2406
f 2394 2395 2407
f 2395 325 324
f 2383 2396 232
f 2384 2397 2396
f 2385 2398 2397
f 2386 2399 2398
f 2387 2400 2399
f 2388 2401 2400
f 2389 2402 2401
f 2390 2403 2402
f 2391 2404 2403
f 2392 2405 2404
f 2393 2406 2405
f 2394 2407 2406
f 2395 324 2407
f 232 2396 231
f 2396 2397 2408
f 2397 2398 2409
f 2398 2399 2410
f 2399 2400 2411
f 2400 2401 2412
f 2401 2402 2413
f 2402 2403 2414
f 2403 2404 2415
f 2404 2405 2416
f 2405 2406 2417
f 2406 2407 2418
f 2407 324 323
f 2396 2408 231
f 2397 2409 2408
f 2398 2410 2409
f 2399 2411 2410
f 2400 2412 2411
f 2401 2413 2412
f 2402 2414 2413
f 2403 2415 2414
f 2404 2416 2415
f 2405 2417 2416
f 2406 2418 2417
f 2407 323 2418
f 231 2408 230
f 2408 2409 2419
f 2409 2410 2420
f 2410 2411 2421
f 2411 2412 2422
f 2412 2413 2423
f 2413 2414 2424
f 2414 2415 2425
f 2415 2416 2426
f 2416 2417 2427
f 2417 2418 2428
f 2418 323 322
f 2408 2419 230
f 2409 2420 2419
f 2410 2421 2420
f 2411 2422 2421
f 2412 2423 2422
f 2413 2424 2423
f 2414 2425 2424
f 2415 2426 2425
f 2416 2427 2426
f 2417 2428 2427
f 2418 322 2428
f 230 2419 229
f 2419 2420 2429
f 2420 2421 2430
f 2421 2422 2431
f 2422 2423 2432
f 2423 2424 2433
f 2424 2425 2434
f 2425 2426 2435
f 2426 2427 2436
f 2427 2428 2437
f 2428 322 321
f 2419 2429 229
f 2420 2430 2429
f 2421 2431 2430
f 2422 2432 2431
f 2423 2433 2432
f 2424 2434 2433
f 2425 2435 2434
f 2426 2436 2435
f 2427 2437 2436
f 2428 321 2437
f 229 2429 228
f 2429 2430 2438
f 2430 2431 2439
f 2431 2432 2440
f 2432 2433 2441
f 2433 2434 2442
f 2434 2435 2443
f 2435 2436 2444
f 2436 2437 2445
f 2437 321 320
f 2429 2438 228
f 2430 2439 2438
f 2431 2440 2439
f 2432 2441 2440
f 2433 2442 2441
f 2434 2443 2442
f 2435 2444 2443
f 2436 2445 2444
f 2437 320 2445
f 228 2438 227
f 2438 2439 2446
f 2439 2440 2447
f 2440 2441 2448
f 2441 2442 2449
f 2442 2443 2450
f 2443 2444 2451
f 2444 2445 2452
f 2445 320 319
f 2438 2446 227
f 2439 2447 2446
f 2440 2448 2447
f 2441 2449 2448
f 2442 2450 2449
f 2443 2451 2450
f 2444 2452 2451
f 2445 319 2452
f 227 2446 226
f 2446 2447 2453
f 2447 2448 2454
f 2448 2449 2455
f 2449 2450 2456
f 2450 2451 2457
f 2451 2452 2458
f 2452 319 318
f 2446 2453 226
f 2447 2454 2453
f 2448 2455 2454
f 2449 2456 2455
f 2450 2457 2456
f 2451 2458 2457
f 2452 318 2458
f 226 2453 225
f 2453 2454 2459
f 2454 2455 2460
f 2455 2456 2461
f 2456 2457 2462
f 2457 2458 2463
f 2458 318 317
f 2453 2459 225
f 2454 2460 2459
f 2455 2461 2460
f 2456 2462 2461
f 2457 2463 2462
f 2458 317 2463
f 225 2459 224
f 2459 2460 2464
f 2460 2461 2465
f 2461 2462 2466
f 2462 2463 2467
f 2463 317 316
f 2459 2464 224
f 2460 2465 2464
f 2461 2466 2465
f 2462 2467 2466
f 2463 316 2467
f 224 2464 223
f 2464 2465 2468
f 2465 2466 2469
f 2466 2467 2470
f 2467 316 315
f 2464 2468 223
f 2465 2469 2468
f 2466 2470 2469
f 2467 315 2470
f 223 2468 222
f 2468 2469 2471
f 2469 2470 2472
f 2470 315 314
f 2468 2471 222
f 2469 2472 2471
f 2470 314 2472
f 222 2471 221
f 2471 2472 2473
f 2472 314 313
f 2471 2473 221
f 2472 313 2473
f 221 2473 220
f 2473 313 312
f 2473 312 220
f 220 312 5
f 12 426 127
f 426 425 2474
f 425 424 2475
f 424 423 2476
f 423 422 2477
f 422 421 2478
f 421 420 2479
f 420 419 2480
f 419 418 2481
f 418 417 2482
f 417 416 2483
f 416 415 2484
f 415 414 2485
f 414 413 2486
f 413 412 2487
f 412 411 2488
f 411 410 2489
f 410 409 2490
f 409 408 2491
f 408 407 2492
f 407 406 2493
f 406 405 2494
f 405 404 2495
f 404 11 495
f 426 2474 127
f 425 2475 2474
f 424 2476 2475
f 423 2477 2476
f 422 2478 2477
f 421 2479 2478
f 420 2480 2479
f 419 2481 2480
f 418 2482 2481
f 417 2483 2482
f 416 2484 2483
f 415 2485 2484
f 414 2486 2485
f 413 2487 2486
f 412 2488 2487
f 411 2489 2488
f 410 2490 2489
f 409 2491 2490
f 408 2492 2491
f 407 2493 2492
f 406 2494 2493
f 405 2495 2494
f 404 495 2495
f 127 2474 126
f 2474 2475 2496
f 2475 2476 2497
f 2476 2477 2498
f 2477 2478 2499
f 2478 2479 2500
f 2479 2480 2501
f 2480 2481 2502
f 2481 2482 2503
f 2482 2483 2504
f 2483 2484 2505
f 2484 2485 2506
f 2485 2486 2507
f 2486 2487 2508
f 2487 2488 2509
f 2488 2489 2510
f 2489 2490 2511
f 2490 2491 2512
f 2491 2492 2513
f 2492 2493 2514
f 2493 2494 2515
f 2494 2495 2516
f 2495 495 494
f 2474 2496 126
f 2475 2497 2496
f 2476 2498 2497
f 2477 2499 2498
f 2478 2500 2499
f 2479 2501 2500
f 2480 2502 2501
f 2481 2503 2502
f 2482 2504 2503
f 2483 2505 2504
f 2484 2506 2505
f 2485 2507 2506
f 2486 2508 2507
f 2487 2509 2508
f 2488 2510 2509
f 2489 2511 2510
f 2490 2512 2511
f 2491 2513 2512
f 2492 2514 2513
f 2493 2515 2514
f 2494 2516 2515
f 2495 494 2516
f 126 2496 125
f 2496 2497 2517
f 2497 2498 2518
f 2498 2499 2519
f 2499 2500 2520
f 2500 2501 2521
f 2501 2502 2522
f 2502 2503 2523
f 2503 2504 2524
f 2504 2505 2525
f 2505 2506 2526
f 2506 2507 2527
f 2507 2508 2528
f 2508 2509 2529
f 2509 2510 2530
f 2510 2511 2531
f 2511 2512 2532
f 2512 2513 2533
f 2513 2514 2534
f 2514 2515 2535
f 2515 2516 2536
f 2516 494 493
f 2496 2517 125
f 2497 2518 2517
f 2498 2519 2518
f 2499 2520 2519
f 2500 2521 2520
f 2501 2522 2521
f 2502 2523 2522
f 2503 2524 2523
f 2504 2525 2524
f 2505 2526 2525
f 2506 2527 2526
f 2507 2528 2527
f 2508 2529 2528
f 2509 2530 2529
f 2510 2531 2530
f 2511 2532 2531
f 2512 2533 2532
f 2513 2534 2533
f 2514 2535 2534
f 2515 2536 2535
f 2516 493 2536
f 125 2517 124
f 2517 2518 2537
f 2518 2519 2538
f 2519 2520 2539
f 2520 2521 2540
f 2521 2522 2541
f 2522 2523 2542
f 2523 2524 2543
f 2524 2525 2544
f 2525 2526 2545
f 2526 2527 2546
f 2527 2528 2547
f 2528 2529 2548
f 2529 2530 2549
f 2530 2531 2550
f 2531 2532 2551
f 2532 2533 2552
f 2533 2534 2553
f 2534 2535 2554
f 2535 2536 2555
f 2536 493 492
f 2517 2537 124
f 2518 2538 2537
f 2519 2539 2538
f 2520 2540 2539
f 2521 2541 2540
f 2522 2542 2541
f 2523 2543 2542
f 2524 2544 2543
f 2525 2545 2544
f 2526 2546 2545
f 2527 2547 2546
f 2528 2548 2547
f 2529 2549 2548
f 2530 2550 2549
f 2531 2551 2550
f 2532 2552 2551
f 2533 2553 2552
f 2534 2554 2553
f 2535 2555 2554
f 2536 492 2555
f 124 2537 123
f 2537 2538 2556
f 2538 2539 2557
f 2539 2540 2558
f 2540 2541 2559
f 2541 2542 2560
f 2542 2543 2561
f 2543 2544 2562
f 2544 2545 2563
f 2545 2546 2564
f 2546 2547 2565
f 2547 2548 2566
f 2548 2549 2567
f 2549 2550 2568
f 2550 2551 2569
f 2551 2552 2570
f 2552 2553 2571
f 2553 2554 2572
f 2554 2555 2573
f 2555 492 491
f 2537 2556 123
f 2538 2557 2556
f 2539 2558 2557
f 2540 2559 2558
f 2541 2560 2559
f 2542 2561 2560
f 2543 2562 2561
f 2544 2563 2562
f 2545 2564 2563
f 2546 2565 2564
f 2547 2566 2565
f 2548 2567 2566
f 2549 2568 2567
f 2550 2569 2568
f 2551 2570 2569
f 2552 2571 2570
f 2553 2572 2571
f 2554 2573 2572
f 2555 491 2573
f 123 2556 122
f 2556 2557 2574
f 2557 2558 2575
f 2558 2559 2576
f 2559 2560 2577
f 2560 2561 2578
f 2561 2562 2579
f 2562 2563 2580
f 2563 2564 2581
f 2564 2565 2582
f 2565 2566 2583
f 2566 2567 2584
f 2567 2568 2585
f 2568 2569 2586
f 2569 2570 2587
f 2570 2571 2588
f 2571 2572 2589
f 2572 2573 2590
f 2573 491 490
f 2556 2574 122
f 2557 2575 2574
f 2558 2576 2575
f 2559 2577 2576
f 2560 2578 2577
f 2561 2579 2578
f 2562 2580 2579
f 2563 2581 2580
f 2564 2582 2581
f 2565 2583 2582
f 2566 2584 2583
f 2567 2585 2584
f 2568 2586 2585
f 2569 2587 2586
f 2570 2588 2587
f 2571 2589 2588
f 2572 2590 2589
f 2573 490 2590
f 122 2574 121
f 2574 2575 2591
f 2575 2576 2592
f 2576 2577 2593
f 2577 2578 2594
f 2578 2579 2595
f 2579 2580 2596
f 2580 2581 2597
f 2581 2582 2598
f 2582 2583 2599
f 2583 2584 2600
f 2584 2585 2601
f 2585 2586 2602
f 2586 2587 2603
f 2587 2588 2604
f 2588 2589 2605
f 2589 2590 2606
f 2590 490 489
f 2574 2591 121
f 2575 2592 2591
f 2576 2593 2592
f 2577 2594 2593
f 2578 2595 2594
f 2579 2596 2595
f 2580 2597 2596
f 2581 2598 2597
f 2582 2599 2598
f 2583 2600 2599
f 2584 2601 2600
f 2585 2602 2601
f 2586 2603 2602
f 2587 2604 2603
f 2588 2605 2604
f 2589 2606 2605
f 2590 489 2606
f 121 2591 120
f 2591 2592 2607
f 2592 2593 2608
f 2593 2594 2609
f 2594 2595 2610
f 2595 2596 2611
f 2596 2597 2612
f 2597 2598 2613
f 2598 2599 2614
f 2599 2600 2615
f 2600 2601 2616
f 2601 2602 2617
f 2602 2603 2618
f 2603 2604 2619
f 2604 2605 2620
f 2605 2606 2621
f 2606 489 488
f 2591 2607 120
f 2592 2608 2607
f 2593 2609 2608
f 2594 2610 2609
f 2595 2611 2610
f 2596 2612 2611
f 2597 2613 2612
f 2598 2614 2613
f 2599 2615 2614
f 2600 2616 2615
f 2601 2617 2616
f 2602 2618 2617
f 2603 2619 2618
f 2604 2620 2619
f 2605 2621 2620
f 2606 488 2621
f 120 2607 119
f 2607 2608 2622
f 2608 2609 2623
f 2609 2610 2624
f 2610 2611 2625
f 2611 2612 2626
f 2612 2613 2627
f 2613 2614 2628
f 2614 2615 2629
f 2615 2616 2630
f 2616 2617 2631
f 2617 2618 2632
f 2618 2619 2633
f 2619 2620 2634
f 2620 2621 2635
f 2621 488 487
f 2607 2622 119
f 2608 2623 2622
f 2609 2624 2623
f 2610 2625 2624
f 2611 2626 2625
f 2612 2627 2626
f 2613 2628 2627
f 2614 2629 2628
f 2615 2630 2629
f 2616 2631 2630
f 2617 2632 2631
f 2618 2633 2632
f 2619 2634 2633
f 2620 2635 2634
f 2621 487 2635
f 119 2622 118
f 2622 2623 2636
f 2623 2624 2637
f 2624 2625 2638
f 2625 2626 2639
f 2626 2627 2640
f 2627 2628 2641
f 2628 2629 2642
f 2629 2630 2643
f 2630 2631 2644
f 2631 2632 2645
f 2632 2633 2646
f 2633 2634 2647
f 2634 2635 2648
f 2635 487 486
f 2622 2636 118
f 2623 2637 2636
f 2624 2638 2637
f 2625 2639 2638
f 2626 2640 2639
f 2627 2641 2640
f 2628 2642 2641
f 2629 2643 2642
f 2630 2644 2643
f 2631 2645 2644
f 2632 2646 2645
f 2633 2647 2646
f 2634 2648 2647
f 2635 486 2648
f 118 2636 117
f 2636 2637 2649
f 2637 2638 2650
f 2638 2639 2651
f 2639 2640 2652
f 2640 2641 2653
f 2641 2642 2654
f 2642 2643 2655
f 2643 2644 2656
f 2644 2645 2657
f 2645 2646 2658
f 2646 2647 2659
f 2647 2648 2660
f 2648 486 485
f 2636 2649 117
f 2637 2650 2649
f 2638 2651 2650
f 2639 2652 2651
f 2640 2653 2652
f 2641 2654 2653
f 2642 2655 2654
f 2643 2656 2655
f 2644 2657 2656
f 2645 2658 2657
f 2646 2659 2658
f 2647 2660 2659
f 2648 485 2660
f 117 2649 116
f 2649 2650 2661
f 2650 2651 2662
f 2651 2652 2663
f 2652 2653 2664
f 2653 2654 2665
f 2654 2655 2666
f 2655 2656 2667
f 2656 2657 2668
f 2657 2658 2669
f 2658 2659 2670
f 2659 2660 2671
f 2660 485 484
f 2649 2661 116
f 2650 2662 2661
f 2651 2663 2662
f 2652 2664 2663
f 2653 2665 2664
f 2654 2666 2665
f 2655 2667 2666
f 2656 2668 2667
f 2657 2669 2668
f 2658 2670 2669
f 2659 2671 2670
f 2660 484 2671
f 116 2661 115
f 2661 2662 2672
f 2662 2663 2673
f 2663 2664 2674
f 2664 2665 2675
f 2665 2666 2676
f 2666 2667 2677
f 2667 2668 2678
f 2668 2669 2679
f 2669 2670 2680
f 2670 2671 2681
f 2671 484 483
f 2661 2672 115
f 2662 2673 2672
f 2663 2674 2673
f 2664 2675 2674
f 2665 2676 2675
f 2666 2677 2676
f 2667 2678 2677
f 2668 2679 2678
f 2669 2680 2679
f 2670 2681 2680
f 2671 483 2681
f 115 2672 114
f 2672 2673 2682
f 2673 2674 2683
f 2674 2675 2684
f 2675 2676 2685
f 2676 2677 2686
f 2677 2678 2687
f 2678 2679 2688
f 2679 2680 2689
f 2680 2681 2690
f 2681 483 482
f 2672 2682 114
f 2673 2683 2682
f 2674 2684 2683
f 2675 2685 2684
f 2676 2686 2685
f 2677 2687 2686
f 2678 2688 2687
f 2679 2689 2688
f 2680 2690 2689
f 2681 482 2690
f 114 2682 113
f 2682 2683 2691
f 2683 2684 2692
f 2684 2685 2693
f 2685 2686 2694
f 2686 2687 2695
f 2687 2688 2696
f 2688 2689 2697
f 2689 2690 2698
f 2690 482 481
f 2682 2691 113
f 2683 2692 2691
f 2684 2693 2692
f 2685 2694 2693
f 2686 2695 2694
f 2687 2696 2695
f 2688 2697 2696
f 2689 2698 2697
f 2690 481 2698
f 113 2691 112
f 2691 2692 2699
f 2692 2693 2700
f 2693 2694 2701
f 2694 2695 2702
f 2695 2696 2703
f 2696 2697 2704
f 2697 2698 2705
f 2698 481 480
f 2691 2699 112
f 2692 2700 2699
f 2693 2701 2700
f 2694 2702 2701
f 2695 2703 2702
f 2696 2704 2703
f 2697 2705 2704
f 2698 480 2705
f 112 2699 111
f 2699 2700 2706
f 2700 2701 2707
f 2701 2702 2708
f 2702 2703 2709
f 2703 2704 2710
f 2704 2705 2711
f 2705 480 479
f 2699 2706 111
f 2700 2707 2706
f 2701 2708 2707
f 2702 2709 2708
f 2703 2710 2709
f 2704 2711 2710
f 2705 479 2711
f 111 2706 110
f 2706 2707 2712
f 2707 2708 2713
f 2708 2709 2714
f 2709 2710 2715
f 2710 2711 2716
f 2711 479 478
f 2706 2712 110
f 2707 2713 2712
f 2708 2714 2713
f 2709 2715 2714
f 2710 2716 2715
f 2711 478 2716
f 110 2712 109
f 2712 2713 2717
f 2713 2714 2718
f 2714 2715 2719
f 2715 2716 2720
f 2716 478 477
f 2712 2717 109
f 2713 2718 2717
f 2714 2719 2718
f 2715 2720 2719
f 2716 477 2720
f 109 2717 108
f 2717 2718 2721
f 2718 2719 2722
f 2719 2720 2723
f 2720 477 476
f 2717 2721 108
f 2718 2722 2721
f 2719 2723 2722
f 2720 476 2723
f 108 2721 107
f 2721 2722 2724
f 2722 2723 2725
f 2723 476 475
f 2721 2724 107
f 2722 2725 2724
f 2723 475 2725
f 107 2724 106
f 2724 2725 2726
f 2725 475 474
f 2724 2726 106
f 2725 474 2726
f 106 2726 105
f 2726 474 473
f 2726 473 105
f 105 473 3
f 11 196 564
f 196 195 2727
f 195 194 2728
f 194 193 2729
f 193 192 2730
f 192 191 2731
f 191 190 2732
f 190 189 2733
f 189 188 2734
f 188 187 2735
f 187 186 2736
f 186 185 2737
f 185 184 2738
f 184 183 2739
f 183 182 2740
f 182 181 2741
f 181 180 2742
f 180 179 2743
f 179 178 2744
f 178 177 2745
f 177 176 2746
f 176 175 2747
f 175 174 2748
f 174 8 541
f 196 2727 564
f 195 2728 2727
f 194 2729 2728
f 193 2730 2729
f 192 2731 2730
f 191 2732 2731
f 190 2733 2732
f 189 2734 2733
f 188 2735 2734
f 187 2736 2735
f 186 2737 2736
f 185 2738 2737
f 184 2739 2738
f 183 2740 2739
f 182 2741 2740
f 181 2742 2741
f 180 2743 2742
f 179 2744 2743
f 178 2745 2744
f 177 2746 2745
f 176 2747 2746
f 175 2748 2747
f 174 541 2748
f 564 2727 563
f 2727 2728 2749
f 2728 2729 2750
f 2729 2730 2751
f 2730 2731 2752
f 2731 2732 2753
f 2732 2733 2754
f 2733 2734 2755
f 2734 2735 2756
f 2735 2736 2757
f 2736 2737 2758
f 2737 2738 2759
f 2738 2739 2760
f 2739 2740 2761
f 2740 2741 2762
f 2741 2742 2763
f 2742 2743 2764
f 2743 2744 2765
f 2744 2745 2766
f 2745 2746 2767
f 2746 2747 2768
f 2747 2748 2769
f 2748 541 540
f 2727 2749 563
f 2728 2750 2749
f 2729 2751 2750
f 2730 2752 2751
f 2731 2753 2752
f 2732 2754 2753
f 2733 2755 2754
f 2734 2756 2755
f 2735 2757 2756
f 2736 2758 2757
f 2737 2759 2758
f 2738 2760 2759
f 2739 2761 2760
f 2740 2762 2761
f 2741 2763 2762
f 2742 2764 2763
f 2743 2765 2764
f 2744 2766 2765
f 2745 2767 2766
f 2746 2768 2767
f 2747 2769 2768
f 2748 540 2769
f 563 2749 562
f 2749 2750 2770
f 2750 2751 2771
f 2751 2752 2772
f 2752 2753 2773
f 2753 2754 2774
f 2754 2755 2775
f 2755 2756 2776
f 2756 2757 2777
f 2757 2758 2778
f 2758 2759 2779
f 2759 2760 2780
f 2760 2761 2781
f 2761 2762 2782
f 2762 2763 2783
f 2763 2764 2784
f 2764 2765 2785
f 2765 2766 2786
f 2766 2767 2787
f 2767 2768 2788
f 2768 2769 2789
f 2769 540 539
f 2749 2770 562
f 2750 2771 2770
f 2751 2772 2771
f 2752 2773 2772
f 2753 2774 2773
f 2754 2775 2774
f 2755 2776 2775
f 2756 2777 2776
f 2757 2778 2777
f 2758 2779 2778
f 2759 2780 2779
f 2760 2781 2780
f 2761 2782 2781
f 2762 2783 2782
f 2763 2784 2783
f 2764 2785 2784
f 2765 2786 2785
f 2766 2787 2786
f 2767 2788 2787
f 2768 2789 2788
f 2769 539 2789
f 562 2770 561
f 2770 2771 2790
f 2771 2772 2791
f 2772 2773 2792
f 2773 2774 2793
f 2774 2775 2794
f 2775 2776 2795
f 2776 2777 2796
f 2777 2778 2797
f 2778 2779 2798
f 2779 2780 2799
f 2780 2781 2800
f 2781 2782 2801
f 2782 2783 2802
f 2783 2784 2803
f 2784 2785 2804
f 2785 2786 2805
f 2786 2787 2806
f 2787 2788 2807
f 2788 2789 2808
f 2789 539 538
f 2770 2790 561
f 2771 2791 2790
f 2772 2792 2791
f 2773 2793 2792
f 2774 2794 2793
f 2775 2795 2794
f 2776 2796 2795
f 2777 2797 2796
f 2778 2798 2797
f 2779 2799 2798
f 2780 2800 2799
f 2781 2801 2800
f 2782 2802 2801
f 2783 2803 2802
f 2784 2804 2803
f 2785 2805 2804
f 2786 2806 2805
f 2787 2807 2806
f 2788 2808 2807
f 2789 538 2808
f 561 2790 560
f 2790 2791 2809
f 2791 2792 2810
f 2792 2793 2811
f 2793 2794 2812
f 2794 2795 2813
f 2795 2796 2814
f 2796 2797 2815
f 2797 2798 2816
f 2798 2799 2817
f 2799 2800 2818
f 2800 2801 2819
f 2801 2802 2820
f 2802 2803 2821
f 2803 2804 2822
f 2804 2805 2823
f 2805 2806 2824
f 2806 2807 2825
f 2807 2808 2826
f 2808 538 537
f 2790 2809 560
f 2791 2810 2809
f 2792 2811 2810
f 2793 2812 2811
f 2794 2813 2812
f 2795 2814 2813
f 2796 2815 2814
f 2797 2816 2815
f 2798 2817 2816
f 2799 2818 2817
f 2800 2819 2818
f 2801 2820 2819
f 2802 2821 2820
f 2803 2822 2821
f 2804 2823 2822
f 2805 2824 2823
f 2806 2825 2824
f 2807 2826 2825
f 2808 537 2826
f 560 2809 559
f 2809 2810 2827
f 2810 2811 2828
f 2811 2812 2829
f 2812 2813 2830
f 2813 2814 2831
f 2814 2815 2832
f 2815 2816 2833
f 2816 2817 2834
f 2817 2818 2835
f 2818 2819 2836
f 2819 2820 2837
f 2820 2821 2838
f 2821 2822 2839
f 2822 2823 2840
f 2823 2824 2841
f 2824 2825 2842
f 2825 2826 2843
f 2826 537 536
f 2809 2827 559
f 2810 2828 2827
f 2811 2829 2828
f 2812 2830 2829
f 2813 2831 2830
f 2814 2832 2831
f 2815 2833 2832
f 2816 2834 2833
f 2817 2835 2834
f 2818 2836 2835
f 2819 2837 2836
f 2820 2838 2837
f 2821 2839 2838
f 2822 2840 2839
f 2823 2841 2840
f 2824 2842 2841
f 2825 2843 2842
f 2826 536 2843
f 559 2827 558
f 2827 2828 2844
f 2828 2829 2845
f 2829 2830 2846
f 2830 2831 2847
f 2831 2832 2848
f 2832 2833 2849
f 2833 2834 2850
f 2834 2835 2851
f 2835 2836 2852
f 2836 2837 2853
f 2837 2838 2854
f 2838 2839 2855
f 2839 2840 2856
f 2840 2841 2857
f 2841 2842 2858
f 2842 2843 2859
f 2843 536 535
f 2827 2844 558
f 2828 2845 2844
f 2829 2846 2845
f 2830 2847 2846
f 2831 2848 2847
f 2832 2849 2848
f 2833 2850 2849
f 2834 2851 2850
f 2835 2852 2851
f 2836 2853 2852
f 2837 2854 2853
f 2838 2855 2854
f 2839 2856 2855
f 2840 2857 2856
f 2841 2858 2857
f 2842 2859 2858
f 2843 535 2859
f 558 2844 557
f 2844 2845 2860
f 2845 2846 2861
f 2846 2847 2862
f 2847 2848 2863
f 2848 2849 2864
f 2849 2850 2865
f 2850 2851 2866
f 2851 2852 2867
f 2852 2853 2868
f 2853 2854 2869
f 2854 2855 2870
f 2855 2856 2871
f 2856 2857 2872
f 2857 2858 2873
f 2858 2859 2874
f 2859 535 534
f 2844 2860 557
f 2845 2861 2860
f 2846 2862 2861
f 2847 2863 2862
f 2848 2864 2863
f 2849 2865 2864
f 2850 2866 2865
f 2851 2867 2866
f 2852 2868 2867
f 2853 2869 2868
f 2854 2870 2869
f 2855 2871 2870
f 2856 2872 2871
f 2857 2873 2872
f 2858 2874 2873
f 2859 534 2874
f 557 2860 556
f 2860 2861 2875
f 2861 2862 2876
f 2862 2863 2877
f 2863 2864 2878
f 2864 2865 2879
f 2865 2866 2880
f 2866 2867 2881
f 2867 2868 2882
f 2868 2869 2883
f 2869 2870 2884
f 2870 2871 2885
f 2871 2872 2886
f 2872 2873 2887
f 2873 2874 2888
f 2874 534 533
f 2860 2875 556
f 2861 2876 2875
f 2862 2877 2876
f 2863 2878 2877
f 2864 2879 2878
f 2865 2880 2879
f 2866 2881 2880
f 2867 2882 2881
f 2868 2883 2882
f 2869 2884 2883
f 2870 2885 2884
f 2871 2886 2885
f 2872 2887 2886
f 2873 2888 2887
f 2874 533 2888
f 556 2875 555
f 2875 2876 2889
f 2876 2877 2890
f 2877 2878 2891
f 2878 2879 2892
f 2879 2880 2893
f 2880 2881 2894
f 2881 2882 2895
f 2882 2883 2896
f 2883 2884 2897
f 2884 2885 2898
f 2885 2886 2899
f 2886 2887 2900
f 2887 2888 2901
f 2888 533 532
f 2875 2889 555
f 2876 2890 2889
f 2877 2891 2890
f 2878 2892 2891
f 2879 2893 2892
f 2880 2894 2893
f 2881 2895 2894
f 2882 2896 2895
f 2883 2897 2896
f 2884 2898 2897
f 2885 2899 2898
f 2886 2900 2899
f 2887 2901 2900
f 2888 532 2901
f 555 2889 554
f 2889 2890 2902
f 2890 2891 2903
f 2891 2892 2904
f 2892 2893 2905
f 2893 2894 2906
f 2894 2895 2907
f 2895 2896 2908
f 2896 2897 2909
f 2897 2898 2910
f 2898 2899 2911
f 2899 2900 2912
f 2900 2901 2913
f 2901 532 531
f 2889 2902 554
f 2890 2903 2902
f 2891 2904 2903
f 2892 2905 2904
f 2893 2906 2905
f 2894 2907 2906
f 2895 2908 2907
f 2896 2909 2908
f 2897 2910 2909
f 2898 2911 2910
f 2899 2912 2911
f 2900 2913 2912
f 2901 531 2913
f 554 2902 553
f 2902 2903 2914
f 2903 2904 2915
f 2904 2905 2916
f 2905 2906 2917
f 2906 2907 2918
f 2907 2908 2919
f 2908 2909 2920
f 2909 2910 2921
f 2910 2911 2922
f 2911 2912 2923
f 2912 2913 2924
f 2913 531 530
f 2902 2914 553
f 2903 2915 2914
f 2904 2916 2915
f 2905 2917 2916
f 2906 2918 2917
f 2907 2919 2918
f 2908 2920 2919
f 2909 2921 2920
f 2910 2922 2921
f 2911 2923 2922
f 2912 2924 2923
f 2913 530 2924
f 553 2914 552
f 2914 2915 2925
f 2915 2916 2926
f 2916 2917 2927
f 2917 2918 2928
f 2918 2919 2929
f 2919 2920 2930
f 2920 2921 2931
f 2921 2922 2932
f 2922 2923 2933
f 2923 2924 2934
f 2924 530 529
f 2914 2925 552
f 2915 2926 2925
f 2916 2927 2926
f 2917 2928 2927
f 2918 2929 2928
f 2919 2930 2929
f 2920 2931 2930
f 2921 2932 2931
f 2922 2933 2932
f 2923 2934 2933
f 2924 529 2934
f 552 2925 551
f 2925 2926 2935
f 2926 2927 2936
f 2927 2928 2937
f 2928 2929 2938
f 2929 2930 2939
f 2930 2931 2940
f 2931 2932 2941
f 2932 2933 2942
f 2933 2934 2943
f 2934 529 528
f 2925 2935 551
f 2926 2936 2935
f 2927 2937 2936
f 2928 2938 2937
f 2929 2939 2938
f 2930 2940 2939
f 2931 2941 2940
f 2932 2942 2941
f 2933 2943 2942
f 2934 528 2943
f 551 2935 550
f 2935 2936 2944
f 2936 2937 2945
f 2937 2938 2946
f 2938 2939 2947
f 2939 2940 2948
f 2940 2941 2949
f 2941 2942 2950
f 2942 2943 2951
f 2943 528 527
f 2935 2944 550
f 2936 2945 2944
f 2937 2946 2945
f 2938 2947 2946
f 2939 2948 2947
f 2940 2949 2948
f 2941 2950 2949
f 2942 2951 2950
f 2943 527 2951
f 550 2944 549
f 2944 2945 2952
f 2945 2946 2953
f 2946 2947 2954
f 2947 2948 2955
f 2948 2949 2956
f 2949 2950 2957
f 2950 2951 2958
f 2951 527 526
f 2944 2952 549
f 2945 2953 2952
f 2946 2954 2953
f 2947 2955 2954
f 2948 2956 2955
f 2949 2957 2956
f 2950 2958 2957
f 2951 526 2958
f 549 2952 548
f 2952 2953 2959
f 2953 2954 2960
f 2954 2955 2961
f 2955 2956 2962
f 2956 2957 2963
f 2957 2958 2964
f 2958 526 525
f 2952 2959 548
f 2953 2960 2959
f 2954 2961 2960
f 2955 2962 2961
f 2956 2963 2962
f 2957 2964 2963
f 2958 525 2964
f 548 2959 547
f 2959 2960 2965
f 2960 2961 2966
f 2961 2962 2967
f 2962 2963 2968
f 2963 2964 2969
f 2964 525 524
f 2959 2965 547
f 2960 2966 2965
f 2961 2967 2966
f 2962 2968 2967
f 2963 2969 2968
f 2964 524 2969
f 547 2965 546
f 2965 2966 2970
f 2966 2967 2971
f 2967 2968 2972
f 2968 2969 2973
f 2969 524 523
f 2965 2970 546
f 2966 2971 2970
f 2967 2972 2971
f 2968 2973 2972
f 2969 523 2973
f 546 2970 545
f 2970 2971 2974
f 2971 2972 2975
f 2972 2973 2976
f 2973 523 522
f 2970 2974 545
f 2971 2975 2974
f 2972 2976 2975
f 2973 522 2976
f 545 2974 544
f 2974 2975 2977
f 2975 2976 2978
f 2976 522 521
f 2974 2977 544
f 2975 2978 2977
f 2976 521 2978
f 544 2977 543
f 2977 2978 2979
f 2978 521 520
f 2977 2979 543
f 2978 520 2979
f 543 2979 542
f 2979 520 519
f 2979 519 542
f 542 519 7
f 8 656 680
f 656 655 2980
f 655 654 2981
f 654 653 2982
f 653 652 2983
f 652 651 2984
f 651 650 2985
f 650 649 2986
f 649 648 2987
f 648 647 2988
f 647 646 2989
f 646 645 2990
f 645 644 2991
f 644 643 2992
f 643 642 2993
f 642 641 2994
f 641 640 2995
f 640 639 2996
f 639 638 2997
f 638 637 2998
f 637 636 2999
f 636 635 3000
f 635 634 3001
f 634 2 496
f 656 2980 680
f 655 2981 2980
f 654 2982 2981
f 653 2983 2982
f 652 2984 2983
f 651 2985 2984
f 650 2986 2985
f 649 2987 2986
f 648 2988 2987
f 647 2989 2988
f 646 2990 2989
f 645 2991 2990
f 644 2992 2991
f 643 2993 2992
f 642 2994 2993
f 641 2995 2994
f 640 2996 2995
f 639 2997 2996
f 638 2998 2997
f 637 2999 2998
f 636 3000 2999
f 635 3001 3000
f 634 496 3001
f 680 2980 681
f 2980 2981 3002
f 2981 2982 3003
f 2982 2983 3004
f 2983 2984 3005
f 2984 2985 3006
f 2985 2986 3007
f 2986 2987 3008
f 2987 2988 3009
f 2988 2989 3010
f 2989 2990 3011
f 2990 2991 3012
f 2991 2992 3013
f 2992 2993 3014
f 2993 2994 3015
f 2994 2995 3016
f 2995 2996 3017
f 2996 2997 3018
f 2997 2998 3019
f 2998 2999 3020
f 2999 3000 3021
f 3000 3001 3022
f 3001 496 497
f 2980 3002 681
f 2981 3003 3002
f 2982 3004 3003
f 2983 3005 3004
f 2984 3006 3005
f 2985 3007 3006
f 2986 3008 3007
f 2987 3009 3008
f 2988 3010 3009
f 2989 3011 3010
f 2990 3012 3011
f 2991 3013 3012
f 2992 3014 3013
f 2993 3015 3014
f 2994 3016 3015
f 2995 3017 3016
f 2996 3018 3017
f 2997 3019 3018
f 2998 3020 3019
f 2999 3021 3020
f 3000 3022 3021
f 3001 497 3022
f 681 3002 682
f 3002 3003 3023
f 3003 3004 3024
f 3004 3005 3025
f 3005 3006 3026
f 3006 3007 3027
f 3007 3008 3028
f 3008 3009 3029
f 3009 3010 3030
f 3010 3011 3031
f 3011 3012 3032
f 3012 3013 3033
f 3013 3014 3034
f 3014 3015 3035
f 3015 3016 3036
f 3016 3017 3037
f 3017 3018 3038
f 3018 3019 3039
f 3019 3020 3040
f 3020 3021 3041
f 3021 3022 3042
f 3022 497 498
f 3002 3023 682
f 3003 3024 3023
f 3004 3025 3024
f 3005 3026 3025
f 3006 3027 3026
f 3007 3028 3027
f 3008 3029 3028
f 3009 3030 3029
f 3010 3031 3030
f 3011 3032 3031
f 3012 3033 3032
f 3013 3034 3033
f 3014 3035 3034
f 3015 3036 3035
f 3016 3037 3036
f 3017 3038 3037
f 3018 3039 3038
f 3019 3040 3039
f 3020 3041 3040
f 3021 3042 3041
f 3022 498 3042
f 682 3023 683
f 3023 3024 3043
f 3024 3025 3044
f 3025 3026 3045
f 3026 3027 3046
f 3027 3028 3047
f 3028 3029 3048
f 3029 3030 3049
f 3030 3031 3050
f 3031 3032 3051
f 3032 3033 3052
f 3033 3034 3053
f 3034 3035 3054
f 3035 3036 3055
f 3036 3037 3056
f 3037 3038 3057
f 3038 3039 3058
f 3039 3040 3059
f 3040 3041 3060
f 3041 3042 3061
f 3042 498 499
f 3023 3043 683
f 3024 3044 3043
f 3025 3045 3044
f 3026 3046 3045
f 3027 3047 3046
f 3028 3048 3047
f 3029 3049 3048
f 3030 3050 3049
f 3031 3051 3050
f 3032 3052 3051
f 3033 3053 3052
f 3034 3054 3053
f 3035 3055 3054
f 3036 3056 3055
f 3037 3057 3056
f 3038 3058 3057
f 3039 3059 3058
f 3040 3060 3059
f 3041 3061 3060
f 3042 499 3061
f 683 3043 684
f 3043 3044 3062
f 3044 3045 3063
f 3045 3046 3064
f 3046 3047 3065
f 3047 3048 3066
f 3048 3049 3067
f 3049 3050 3068
f 3050 3051 3069
f 3051 3052 3070
f 3052 3053 3071
f 3053 3054 3072
f 3054 3055 3073
f 3055 3056 3074
f 3056 3057 3075
f 3057 3058 3076
f 3058 3059 3077
f 3059 3060 3078
f 3060 3061 3079
f 3061 499 500
f 3043 3062 684
f 3044 3063 3062
f 3045 3064 3063
f 3046 3065 3064
f 3047 3066 3065
f 3048 3067 3066
f 3049 3068 3067
f 3050 3069 3068
f 3051 3070 3069
f 3052 3071 3070
f 3053 3072 3071
f 3054 3073 3072
f 3055 3074 3073
f 3056 3075 3074
f 3057 3076 3075
f 3058 3077 3076
f 3059 3078 3077
f 3060 3079 3078
f 3061 500 3079
f 684 3062 685
f 3062 3063 3080
f 3063 3064 3081
f 3064 3065 3082
f 3065 3066 3083
f 3066 3067 3084
f 3067 3068 3085
f 3068 3069 3086
f 3069 3070 3087
f 3070 3071 3088
f 3071 3072 3089
f 3072 3073 3090
f 3073 3074 3091
f 3074 3075 3092
f 3075 3076 3093
f 3076 3077 3094
f 3077 3078 3095
f 3078 3079 3096
f 3079 500 501
f 3062 3080 685
f 3063 3081 3080
f 3064 3082 3081
f 3065 3083 3082
f 3066 3084 3083
f 3067 3085 3084
f 3068 3086 3085
f 3069 3087 3086
f 3070 3088 3087
f 3071 3089 3088
f 3072 3090 3089
f 3073 3091 3090
f 3074 3092 3091
f 3075 3093 3092
f 3076 3094 3093
f 3077 3095 3094
f 3078 3096 3095
f 3079 501 3096
f 685 3080 686
f 3080 3081 3097
f 3081 3082 3098
f 3082 3083 3099
f 3083 3084 3100
f 3084 3085 3101
f 3085 3086 3102
f 3086 3087 3103
f 3087 3088 3104
f 3088 3089 3105
f 3089 3090 3106
f 3090 3091 3107
f 3091 3092 3108
f 3092 3093 3109
f 3093 3094 3110
f 3094 3095 3111
f 3095 3096 3112
f 3096 501 502
f 3080 3097 686
f 3081 3098 3097
f 3082 3099 3098
f 3083 3100 3099
f 3084 3101 3100
f 3085 3102 3101
f 3086 3103 3102
f 3087 3104 3103
f 3088 3105 3104
f 3089 3106 3105
f 3090 3107 3106
f 3091 3108 3107
f 3092 3109 3108
f 3093 3110 3109
f 3094 3111 3110
f 3095 3112 3111
f 3096 502 3112
f 686 3097 687
f 3097 3098 3113
f 3098 3099 3114
f 3099 3100 3115
f 3100 3101 3116
f 3101 3102 3117
f 3102 3103 3118
f 3103 3104 3119
f 3104 3105 3120
f 3105 3106 3121
f 3106 3107 3122
f 3107 3108 3123
f 3108 3109 3124
f 3109 3110 3125
f 3110 3111 3126
f 3111 3112 3127
f 3112 502 503
f 3097 3113 687
f 3098 3114 3113
f 3099 3115 3114
f 3100 3116 3115
f 3101 3117 3116
f 3102 3118 3117
f 3103 3119 3118
f 3104 3120 3119
f 3105 3121 3120
f 3106 3122 3121
f 3107 3123 3122
f 3108 3124 3123
f 3109 3125 3124
f 3110 3126 3125
f 3111 3127 3126
f 3112 503 3127
f 687 3113 688
f 3113 3114 3128
f 3114 3115 3129
f 3115 3116 3130
f 3116 3117 3131
f 3117 3118 3132
f 3118 3119 3133
f 3119 3120 3134
f 3120 3121 3135
f 3121 3122 3136
f 3122 3123 3137
f 3123 3124 3138
f 3124 3125 3139
f 3125 3126 3140
f 3126 3127 3141
f 3127 503 504
f 3113 3128 688
f 3114 3129 3128
f 3115 3130 3129
f 3116 3131 3130
f 3117 3132 3131
f 3118 3133 3132
f 3119 3134 3133
f 3120 3135 3134
f 3121 3136 3135
f 3122 3137 3136
f 3123 3138 3137
f 3124 3139 3138
f 3125 3140 3139
f 3126 3141 3140
f 3127 504 3141
f 688 3128 689
f 3128 3129 3142
f 3129 3130 3143
f 3130 3131 3144
f 3131 3132 3145
f 3132 3133 3146
f 3133 3134 3147
f 3134 3135 3148
f 3135 3136 3149
f 3136 3137 3150
f 3137 3138 3151
f 3138 3139 3152
f 3139 3140 3153
f 3140 3141 3154
f 3141 504 505
f 3128 3142 689
f 3129 3143 3142
f 3130 3144 3143
f 3131 3145 3144
f 3132 3146 3145
f 3133 3147 3146
f 3134 3148 3147
f 3135 3149 3148
f 3136 3150 3149
f 3137 3151 3150
f 3138 3152 3151
f 3139 3153 3152
f 3140 3154 3153
f 3141 505 3154
f 689 3142 690
f 3142 3143 3155
f 3143 3144 3156
f 3144 3145 3157
f 3145 3146 3158
f 3146 3147 3159
f 3147 3148 3160
f 3148 3149 3161
f 3149 3150 3162
f 3150 3151 3163
f 3151 3152 3164
f 3152 3153 3165
f 3153 3154 3166
f 3154 505 506
f 3142 3155 690
f 3143 3156 3155
f 3144 3157 3156
f 3145 3158 3157
f 3146 3159 3158
f 3147 3160 3159
f 3148 3161 3160
f 3149 3162 3161
f 3150 3163 3162
f 3151 3164 3163
f 3152 3165 3164
f 3153 3166 3165
f 3154 506 3166
f 690 3155 691
f 3155 3156 3167
f 3156 3157 3168
f 3157 3158 3169
f 3158 3159 3170
f 3159 3160 3171
f 3160 3161 3172
f 3161 3162 3173
f 3162 3163 3174
f 3163 3164 3175
f 3164 3165 3176
f 3165 3166 3177
f 3166 506 507
f 3155 3167 691
f 3156 3168 3167
f 3157 3169 3168
f 3158 3170 3169
f 3159 3171 3170
f 3160 3172 3171
f 3161 3173 3172
f 3162 3174 3173
f 3163 3175 3174
f 3164 3176 3175
f 3165 3177 3176
f 3166 507 3177
f 691 3167 692
f 3167 3168 3178
f 3168 3169 3179
f 3169 3170 3180
f 3170 3171 3181
f 3171 3172 3182
f 3172 3173 3183
f 3173 3174 3184
f 3174 3175 3185
f 3175 3176 3186
f 3176 3177 3187
f 3177 507 508
f 3167 3178 692
f 3168 3179 3178
f 3169 3180 3179
f 3170 3181 3180
f 3171 3182 3181
f 3172 3183 3182
f 3173 3184 3183
f 3174 3185 3184
f 3175 3186 3185
f 3176 3187 3186
f 3177 508 3187
f 692 3178 693
f 3178 3179 3188
f 3179 3180 3189
f 3180 3181 3190
f 3181 3182 3191
f 3182 3183 3192
f 3183 3184 3193
f 3184 3185 3194
f 3185 3186 3195
f 3186 3187 3196
f 3187 508 509
f 3178 3188 693
f 3179 3189 3188
f 3180 3190 3189
f 3181 3191 3190
f 3182 3192 3191
f 3183 3193 3192
f 3184 3194 3193
f 3185 3195 3194
f 3186 3196 3195
f 3187 509 3196
f 693 3188 694
f 3188 3189 3197
f 3189 3190 3198
f 3190 3191 3199
f 3191 3192 3200
f 3192 3193 3201
f 3193 3194 3202
f 3194 3195 3203
f 3195 3196 3204
f 3196 509 510
f 3188 3197 694
f 3189 3198 3197
f 3190 3199 3198
f 3191 3200 3199
f 3192 3201 3200
f 3193 3202 3201
f 3194 3203 3202
f 3195 3204 3203
f 3196 510 3204
f 694 3197 695
f 3197 3198 3205
f 3198 3199 3206
f 3199 3200 3207
f 3200 3201 3208
f 3201 3202 3209
f 3202 3203 3210
f 3203 3204 3211
f 3204 510 511
f 3197 3205 695
f 3198 3206 3205
f 3199 3207 3206
f 3200 3208 3207
f 3201 3209 3208
f 3202 3210 3209
f 3203 3211 3210
f 3204 511 3211
f 695 3205 696
f 3205 3206 3212
f 3206 3207 3213
f 3207 3208 3214
f 3208 3209 3215
f 3209 3210 3216
f 3210 3211 3217
f 3211 511 512
f 3205 3212 696
f 3206 3213 3212
f 3207 3214 3213
f 3208 3215 3214
f 3209 3216 3215
f 3210 3217 3216
f 3211 512 3217
f 696 3212 697
f 3212 3213 3218
f 3213 3214 3219
f 3214 3215 3220
f 3215 3216 3221
f 3216 3217 3222
f 3217 512 513
f 3212 3218 697
f 3213 3219 3218
f 3214 3220 3219
f 3215 3221 3220
f 3216 3222 3221
f 3217 513 3222
f 697 3218 698
f 3218 3219 3223
f 3219 3220 3224
f 3220 3221 3225
f 3221 3222 3226
f 3222 513 514
f 3218 3223 698
f 3219 3224 3223
f 3220 3225 3224
f 3221 3226 3225
f 3222 514 3226
f 698 3223 699
f 3223 3224 3227
f 3224 3225 3228
f 3225 3226 3229
f 3226 514 515
f 3223 3227 699
f 3224 3228 3227
f 3225 3229 3228
f 3226 515 3229
f 699 3227 700
f 3227 3228 3230
f 3228 3229 3231
f 3229 515 516
f 3227 3230 700
f 3228 3231 3230
f 3229 516 3231
f 700 3230 701
f 3230 3231 3232
f 3231 516 517
f 3230 3232 701
f 3231 517 3232
f 701 3232 702
f 3232 517 518
f 3232 518 702
f 702 518 9
f 4 243 13
f 243 244 3233
f 244 245 3234
f 245 246 3235
f 246 247 3236
f 247 248 3237
f 248 249 3238
f 249 250 3239
f 250 251 3240
f 251 252 3241
f 252 253 3242
f 253 254 3243
f 254 255 3244
f 255 256 3245
f 256 257 3246
f 257 258 3247
f 258 259 3248
f 259 260 3249
f 260 261 3250
f 261 262 3251
f 262 263 3252
f 263 264 3253
f 264 265 3254
f 265 10 58
f 243 3233 13
f 244 3234 3233
f 245 3235 3234
f 246 3236 3235
f 247 3237 3236
f 248 3238 3237
f 249 3239 3238
f 250 3240 3239
f 251 3241 3240
f 252 3242 3241
f 253 3243 3242
f 254 3244 3243
f 255 3245 3244
f 256 3246 3245
f 257 3247 3246
f 258 3248 3247
f 259 3249 3248
f 260 3250 3249
f 261 3251 3250
f 262 3252 3251
f 263 3253 3252
f 264 3254 3253
f 265 58 3254
f 13 3233 14
f 3233 3234 3255
f 3234 3235 3256
f 3235 3236 3257
f 3236 3237 3258
f 3237 3238 3259
f 3238 3239 3260
f 3239 3240 3261
f 3240 3241 3262
f 3241 3242 3263
f 3242 3243 3264
f 3243 3244 3265
f 3244 3245 3266
f 3245 3246 3267
f 3246 3247 3268
f 3247 3248 3269
f 3248 3249 3270
f 3249 3250 3271
f 3250 3251 3272
f 3251 3252 3273
f 3252 3253 3274
f 3253 3254 3275
f 3254 58 57
f 3233 3255 14
f 3234 3256 3255
f 3235 3257 3256
f 3236 3258 3257
f 3237 3259 3258
f 3238 3260 3259
f 3239 3261 3260
f 3240 3262 3261
f 3241 3263 3262
f 3242 3264 3263
f 3243 3265 3264
f 3244 3266 3265
f 3245 3267 3266
f 3246 3268 3267
f 3247 3269 3268
f 3248 3270 3269
f 3249 3271 3270
f 3250 3272 3271
f 3251 3273 3272
f 3252 3274 3273
f 3253 3275 3274
f 3254 57 3275
f 14 3255 15
f 3255 3256 3276
f 3256 3257 3277
f 3257 3258 3278
f 3258 3259 3279
f 3259 3260 3280
f 3260 3261 3281
f 3261 3262 3282
f 3262 3263 3283
f 3263 3264 3284
f 3264 3265 3285
f 3265 3266 3286
f 3266 3267 3287
f 3267 3268 3288
f 3268 3269 3289
f 3269 3270 3290
f 3270 3271 3291
f 3271 3272 3292
f 3272 3273 3293
f 3273 3274 3294
f 3274 3275 3295
f 3275 57 56
f 3255 3276 15
f 3256 3277 3276
f 3257 3278 3277
f 3258 3279 3278
f 3259 3280 3279
f 3260 3281 3280
f 3261 3282 3281
f 3262 3283 3282
f 3263 3284 3283
f 3264 3285 3284
f 3265 3286 3285
f 3266 3287 3286
f 3267 3288 3287
f 3268 3289 3288
f 3269 3290 3289
f 3270 3291 3290
f 3271 3292 3291
f 3272 3293 3292
f 3273 3294 3293
f 3274 3295 3294
f 3275 56 3295
f 15 3276 16
f 3276 3277 3296
f 3277 3278 3297
f 3278 3279 3298
f 3279 3280 3299
f 3280 3281 3300
f 3281 3282 3301
f 3282 3283 3302
f 3283 3284 3303
f 3284 3285 3304
f 3285 3286 3305
f 3286 3287 3306
f 3287 3288 3307
f 3288 3289 3308
f 3289 3290 3309
f 3290 3291 3310
f 3291 3292 3311
f 3292 3293 3312
f 3293 3294 3313
f 3294 3295 3314
f 3295 56 55
f 3276 3296 16
f 3277 3297 3296
f 3278 3298 3297
f 3279 3299 3298
f 3280 3300 3299
f 3281 3301 3300
f 3282 3302 3301
f 3283 3303 3302
f 3284 3304 3303
f 3285 3305 3304
f 3286 3306 3305
f 3287 3307 3306
f 3288 3308 3307
f 3289 3309 3308
f 3290 3310 3309
f 3291 3311 3310
f 3292 3312 3311
f 3293 3313 3312
f 3294 3314 3313
f 3295 55 3314
f 16 3296 17
f 3296 3297 3315
f 3297 3298 3316
f 3298 3299 3317
f 3299 3300 3318
f 3300 3301 3319
f 3301 3302 3320
f 3302 3303 3321
f 3303 3304 3322
f 3304 3305 3323
f 3305 3306 3324
f 3306 3307 3325
f 3307 3308 3326
f 3308 3309 3327
f 3309 3310 3328
f 3310 3311 3329
f 3311 3312 3330
f 3312 3313 3331
f 3313 3314 3332
f 3314 55 54
f 3296 3315 17
f 3297 3316 3315
f 3298 3317 3316
f 3299 3318 3317
f 3300 3319 3318
f 3301 3320 3319
f 3302 3321 3320
f 3303 3322 3321
f 3304 3323 3322
f 3305 3324 3323
f 3306 3325 3324
f 3307 3326 3325
f 3308 3327 3326
f 3309 3328 3327
f 3310 3329 3328
f 3311 3330 3329
f 3312 3331 3330
f 3313 3332 3331
f 3314 54 3332
f 17 3315 18
f 3315 3316 3333
f 3316 3317 3334
f 3317 3318 3335
f 3318 3319 3336
f 3319 3320 3337
f 3320 3321 3338
f 3321 3322 3339
f 3322 3323 3340
f 3323 3324 3341
f 3324 3325 3342
f 3325 3326 3343
f 3326 3327 3344
f 3327 3328 3345
f 3328 3329 3346
f 3329 3330 3347
f 3330 3331 3348
f 3331 3332 3349
f 3332 54 53
f 3315 3333 18
f 3316 3334 3333
f 3317 3335 3334
f 3318 3336 3335
f 3319 3337 3336
f 3320 3338 3337
f 3321 3339 3338
f 3322 3340 3339
f 3323 3341 3340
f 3324 3342 3341
f 3325 3343 3342
f 3326 3344 3343
f 3327 3345 3344
f 3328 3346 3345
f 3329 3347 3346
f 3330 3348 3347
f 3331 3349 3348
f 3332 53 3349
f 18 3333 19
f 3333 3334 3350
f 3334 3335 3351
f 3335 3336 3352
f 3336 3337 3353
f 3337 3338 3354
f 3338 3339 3355
f 3339 3340 3356
f 3340 3341 3357
f 3341 3342 3358
f 3342 3343 3359
f 3343 3344 3360
f 3344 3345 3361
f 3345 3346 3362
f 3346 3347 3363
f 3347 3348 3364
f 3348 3349 3365
f 3349 53 52
f 3333 3350 19
f 3334 3351 3350
f 3335 3352 3351
f 3336 3353 3352
f 3337 3354 3353
f 3338 3355 3354
f 3339 3356 3355
f 3340 3357 3356
f 3341 3358 3357
f 3342 3359 3358
f 3343 3360 3359
f 3344 3361 3360
f 3345 3362 3361
f 3346 3363 3362
f 3347 3364 3363
f 3348 3365 3364
f 3349 52 3365
f 19 3350 20
f 3350 3351 3366
f 3351 3352 3367
f 3352 3353 3368
f 3353 3354 3369
f 3354 3355 3370
f 3355 3356 3371
f 3356 3357 3372
f 3357 3358 3373
f 3358 3359 3374
f 3359 3360 3375
f 3360 3361 3376
f 3361 3362 3377
f 3362 3363 3378
f 3363 3364 3379
f 3364 3365 3380
f 3365 52 51
f 3350 3366 20
f 3351 3367 3366
f 3352 3368 3367
f 3353 3369 3368
f 3354 3370 3369
f 3355 3371 3370
f 3356 3372 3371
f 3357 3373 3372
f 3358 3374 3373
f 3359 3375 3374
f 3360 3376 3375
f 3361 3377 3376
f 3362 3378 3377
f 3363 3379 3378
f 3364 3380 3379
f 3365 51 3380
f 20 3366 21
f 3366 3367 3381
f 3367 3368 3382
f 3368 3369 3383
f 3369 3370 3384
f 3370 3371 3385
f 3371 3372 3386
f 3372 3373 3387
f 3373 3374 3388
f 3374 3375 3389
f 3375 3376 3390
f 3376 3377 3391
f 3377 3378 3392
f 3378 3379 3393
f 3379 3380 3394
f 3380 51 50
f 3366 3381 21
f 3367 3382 3381
f 3368 3383 3382
f 3369 3384 3383
f 3370 3385 3384
f 3371 3386 3385
f 3372 3387 3386
f 3373 3388 3387
f 3374 3389 3388
f 3375 3390 3389
f 3376 3391 3390
f 3377 3392 3391
f 3378 3393 3392
f 3379 3394 3393
f 3380 50 3394
f 21 3381 22
f 3381 3382 3395
f 3382 3383 3396
f 3383 3384 3397
f 3384 3385 3398
f 3385 3386 3399
f 3386 3387 3400
f 3387 3388 3401
f 3388 3389 3402
f 3389 3390 3403
f 3390 3391 3404
f 3391 3392 3405
f 3392 3393 3406
f 3393 3394 3407
f 3394 50 49
f 3381 3395 22
f 3382 3396 3395
f 3383 3397 3396
f 3384 3398 3397
f 3385 3399 3398
f 3386 3400 3399
f 3387 3401 3400
f 3388 3402 3401
f 3389 3403 3402
f 3390 3404 3403
f 3391 3405 3404
f 3392 3406 3405
f 3393 3407 3406
f 3394 49 3407
f 22 3395 23
f 3395 3396 3408
f 3396 3397 3409
f 3397 3398 3410
f 3398 3399 3411
f 3399 3400 3412
f 3400 3401 3413
f 3401 3402 3414
f 3402 3403 3415
f 3403 3404 3416
f 3404 3405 3417
f 3405 3406 3418
f 3406 3407 3419
f 3407 49 48
f 3395 3408 23
f 3396 3409 3408
f 3397 3410 3409
f 3398 3411 3410
f 3399 3412 3411
f 3400 3413 3412
f 3401 3414 3413
f 3402 3415 3414
f 3403 3416 3415
f 3404 3417 3416
f 3405 3418 3417
f 3406 3419 3418
f 3407 48 3419
f 23 3408 24
f 3408 3409 3420
f 3409 3410 3421
f 3410 3411 3422
f 3411 3412 3423
f 3412 3413 3424
f 3413 3414 3425
f 3414 3415 3426
f 3415 3416 3427
f 3416 3417 3428
f 3417 3418 3429
f 3418 3419 3430
f 3419 48 47
f 3408 3420 24
f 3409 3421 3420
f 3410 3422 3421
f 3411 3423 3422
f 3412 3424 3423
f 3413 3425 3424
f 3414 3426 3425
f 3415 3427 3426
f 3416 3428 3427
f 3417 3429 3428
f 3418 3430 3429
f 3419 47 3430
f 24 3420 25
f 3420 3421 3431
f 3421 3422 3432
f 3422 3423 3433
f 3423 3424 3434
f 3424 3425 3435
f 3425 3426 3436
f 3426 3427 3437
f 3427 3428 3438
f 3428 3429 3439
f 3429 3430 3440
f 3430 47 46
f 3420 3431 25
f 3421 3432 3431
f 3422 3433 3432
f 3423 3434 3433
f 3424 3435 3434
f 3425 3436 3435
f 3426 3437 3436
f 3427 3438 3437
f 3428 3439 3438
f 3429 3440 3439
f 3430 46 3440
f 25 3431 26
f 3431 3432 3441
f 3432 3433 3442
f 3433 3434 3443
f 3434 3435 3444
f 3435 3436 3445
f 3436 3437 3446
f 3437 3438 3447
f 3438 3439 3448
f 3439 3440 3449
f 3440 46 45
f 3431 3441 26
f 3432 3442 3441
f 3433 3443 3442
f 3434 3444 3443
f 3435 3445 3444
f 3436 3446 3445
f 3437 3447 3446
f 3438 3448 3447
f 3439 3449 3448
f 3440 45 3449
f 26 3441 27
f 3441 3442 3450
f 3442 3443 3451
f 3443 3444 3452
f 3444 3445 3453
f 3445 3446 3454
f 3446 3447 3455
f 3447 3448 3456
f 3448 3449 3457
f 3449 45 44
f 3441 3450 27
f 3442 3451 3450
f 3443 3452 3451
f 3444 3453 3452
f 3445 3454 3453
f 3446 3455 3454
f 3447 3456 3455
f 3448 3457 3456
f 3449 44 3457
f 27 3450 28
f 3450 3451 3458
f 3451 3452 3459
f 3452 3453 3460
f 3453 3454 3461
f 3454 3455 3462
f 3455 3456 3463
f 3456 3457 3464
f 3457 44 43
f 3450 3458 28
f 3451 3459 3458
f 3452 3460 3459
f 3453 3461 3460
f 3454 3462 3461
f 3455 3463 3462
f 3456 3464 3463
f 3457 43 3464
f 28 3458 29
f 3458 3459 3465
f 3459 3460 3466
f 3460 3461 3467
f 3461 3462 3468
f 3462 3463 3469
f 3463 3464 3470
f 3464 43 42
f 3458 3465 29
f 3459 3466 3465
f 3460 3467 3466
f 3461 3468 3467
f 3462 3469 3468
f 3463 3470 3469
f 3464 42 3470
f 29 3465 30
f 3465 3466 3471
f 3466 3467 3472
f 3467 3468 3473
f 3468 3469 3474
f 3469 3470 3475
f 3470 42 41
f 3465 3471 30
f 3466 3472 3471
f 3467 3473 3472
f 3468 3474 3473
f 3469 3475 3474
f 3470 41 3475
f 30 3471 31
f 3471 3472 3476
f 3472 3473 3477
f 3473 3474 3478
f 3474 3475 3479
f 3475 41 40
f 3471 3476 31
f 3472 3477 3476
f 3473 3478 3477
f 3474 3479 3478
f 3475 40 3479
f 31 3476 32
f 3476 3477 3480
f 3477 3478 3481
f 3478 3479 3482
f 3479 40 39
f 3476 3480 32
f 3477 3481 3480
f 3478 3482 3481
f 3479 39 3482
f 32 3480 33
f 3480 3481 3483
f 3481 3482 3484
f 3482 39 38
f 3480 3483 33
f 3481 3484 3483
f 3482 38 3484
f 33 3483 34
f 3483 3484 3485
f 3484 38 37
f 3483 3485 34
f 3484 37 3485
f 34 3485 35
f 3485 37 36
f 3485 36 35
f 35 36 5
f 4 13 633
f 13 14 3486
f 14 15 3487
f 15 16 3488
f 16 17 3489
f 17 18 3490
f 18 19 3491
f 19 20 3492
f 20 21 3493
f 21 22 3494
f 22 23 3495
f 23 24 3496
f 24 25 3497
f 25 26 3498
f 26 27 3499
f 27 28 3500
f 28 29 3501
f 29 30 3502
f 30 31 3503
f 31 32 3504
f 32 33 3505
f 33 34 3506
f 34 35 3507
f 35 5 403
f 13 3486 633
f 14 3487 3486
f 15 3488 3487
f 16 3489 3488
f 17 3490 3489
f 18 3491 3490
f 19 3492 3491
f 20 3493 3492
f 21 3494 3493
f 22 3495 3494
f 23 3496 3495
f 24 3497 3496
f 25 3498 3497
f 26 3499 3498
f 27 3500 3499
f 28 3501 3500
f 29 3502 3501
f 30 3503 3502
f 31 3504 3503
f 32 3505 3504
f 33 3506 3505
f 34 3507 3506
f 35 403 3507
f 633 3486 632
f 3486 3487 3508
f 3487 3488 3509
f 3488 3489 3510
f 3489 3490 3511
f 3490 3491 3512
f 3491 3492 3513
f 3492 3493 3514
f 3493 3494 3515
f 3494 3495 3516
f 3495 3496 3517
f 3496 3497 3518
f 3497 3498 3519
f 3498 3499 3520
f 3499 3500 3521
f 3500 3501 3522
f 3501 3502 3523
f 3502 3503 3524
f 3503 3504 3525
f 3504 3505 3526
f 3505 3506 3527
f 3506 3507 3528
f 3507 403 402
f 3486 3508 632
f 3487 3509 3508
f 3488 3510 3509
f 3489 3511 3510
f 3490 3512 3511
f 3491 3513 3512
f 3492 3514 3513
f 3493 3515 3514
f 3494 3516 3515
f 3495 3517 3516
f 3496 3518 3517
f 3497 3519 3518
f 3498 3520 3519
f 3499 3521 3520
f 3500 3522 3521
f 3501 3523 3522
f 3502 3524 3523
f 3503 3525 3524
f 3504 3526 3525
f 3505 3527 3526
f 3506 3528 3527
f 3507 402 3528
f 632 3508 631
f 3508 3509 3529
f 3509 3510 3530
f 3510 3511 3531
f 3511 3512 3532
f 3512 3513 3533
f 3513 3514 3534
f 3514 3515 3535
f 3515 3516 3536
f 3516 3517 3537
f 3517 3518 3538
f 3518 3519 3539
f 3519 3520 3540
f 3520 3521 3541
f 3521 3522 3542
f 3522 3523 3543
f 3523 3524 3544
f 3524 3525 3545
f 3525 3526 3546
f 3526 3527 3547
f 3527 3528 3548
f 3528 402 401
f 3508 3529 631
f 3509 3530 3529
f 3510 3531 3530
f 3511 3532 3531
f 3512 3533 3532
f 3513 3534 3533
f 3514 3535 3534
f 3515 3536 3535
f 3516 3537 3536
f 3517 3538 3537
f 3518 3539 3538
f 3519 3540 3539
f 3520 3541 3540
f 3521 3542 3541
f 3522 3543 3542
f 3523 3544 3543
f 3524 3545 3544
f 3525 3546 3545
f 3526 3547 3546
f 3527 3548 3547
f 3528 401 3548
f 631 3529 630
f 3529 3530 3549
f 3530 3531 3550
f 3531 3532 3551
f 3532 3533 3552
f 3533 3534 3553
f 3534 3535 3554
f 3535 3536 3555
f 3536 3537 3556
f 3537 3538 3557
f 3538 3539 3558
f 3539 3540 3559
f 3540 3541 3560
f 3541 3542 3561
f 3542 3543 3562
f 3543 3544 3563
f 3544 3545 3564
f 3545 3546 3565
f 3546 3547 3566
f 3547 3548 3567
f 3548 401 400
f 3529 3549 630
f 3530 3550 3549
f 3531 3551 3550
f 3532 3552 3551
f 3533 3553 3552
f 3534 3554 3553
f 3535 3555 3554
f 3536 3556 3555
f 3537 3557 3556
f 3538 3558 3557
f 3539 3559 3558
f 3540 3560 3559
f 3541 3561 3560
f 3542 3562 3561
f 3543 3563 3562
f 3544 3564 3563
f 3545 3565 3564
f 3546 3566 3565
f 3547 3567 3566
f 3548 400 3567
f 630 3549 629
f 3549 3550 3568
f 3550 3551 3569
f 3551 3552 3570
f 3552 3553 3571
f 3553 3554 3572
f 3554 3555 3573
f 3555 3556 3574
f 3556 3557 3575
f 3557 3558 3576
f 3558 3559 3577
f 3559 3560 3578
f 3560 3561 3579
f 3561 3562 3580
f 3562 3563 3581
f 3563 3564 3582
f 3564 3565 3583
f 3565 3566 3584
f 3566 3567 3585
f 3567 400 399
f 3549 3568 629
f 3550 3569 3568
f 3551 3570 3569
f 3552 3571 3570
f 3553 3572 3571
f 3554 3573 3572
f 3555 3574 3573
f 3556 3575 3574
f 3557 3576 3575
f 3558 3577 3576
f 3559 3578 3577
f 3560 3579 3578
f 3561 3580 3579
f 3562 3581 3580
f 3563 3582 3581
f 3564 3583 3582
f 3565 3584 3583
f 3566 3585 3584
f 3567 399 3585
f 629 3568 628
f 3568 3569 3586
f 3569 3570 3587
f 3570 3571 3588
f 3571 3572 3589
f 3572 3573 3590
f 3573 3574 3591
f 3574 3575 3592
f 3575 3576 3593
f 3576 3577 3594
f 3577 3578 3595
f 3578 3579 3596
f 3579 3580 3597
f 3580 3581 3598
f 3581 3582 3599
f 3582 3583 3600
f 3583 3584 3601
f 3584 3585 3602
f 3585 399 398
f 3568 3586 628
f 3569 3587 3586
f 3570 3588 3587
f 3571 3589 3588
f 3572 3590 3589
f 3573 3591 3590
f 3574 3592 3591
f 3575 3593 3592
f 3576 3594 3593
f 3577 3595 3594
f 3578 3596 3595
f 3579 3597 3596
f 3580 3598 3597
f 3581 3599 3598
f 3582 3600 3599
f 3583 3601 3600
f 3584 3602 3601
f 3585 398 3602
f 628 3586 627
f 3586 3587 3603
f 3587 3588 3604
f 3588 3589 3605
f 3589 3590 3606
f 3590 3591 3607
f 3591 3592 3608
f 3592 3593 3609
f 3593 3594 3610
f 3594 3595 3611
f 3595 3596 3612
f 3596 3597 3613
f 3597 3598 3614
f 3598 3599 3615
f 3599 3600 3616
f 3600 3601 3617
f 3601 3602 3618
f 3602 398 397
f 3586 3603 627
f 3587 3604 3603
f 3588 3605 3604
f 3589 3606 3605
f 3590 3607 3606
f 3591 3608 3607
f 3592 3609 3608
f 3593 3610 3609
f 3594 3611 3610
f 3595 3612 3611
f 3596 3613 3612
f 3597 3614 3613
f 3598 3615 3614
f 3599 3616 3615
f 3600 3617 3616
f 3601 3618 3617
f 3602 397 3618
f 627 3603 626
f 3603 3604 3619
f 3604 3605 3620
f 3605 3606 3621
f 3606 3607 3622
f 3607 3608 3623
f 3608 3609 3624
f 3609 3610 3625
f 3610 3611 3626
f 3611 3612 3627
f 3612 3613 3628
f 3613 3614 3629
f 3614 3615 3630
f 3615 3616 3631
f 3616 3617 3632
f 3617 3618 3633
f 3618 397 396
f 3603 3619 626
f 3604 3620 3619
f 3605 3621 3620
f 3606 3622 3621
f 3607 3623 3622
f 3608 3624 3623
f 3609 3625 3624
f 3610 3626 3625
f 3611 3627 3626
f 3612 3628 3627
f 3613 3629 3628
f 3614 3630 3629
f 3615 3631 3630
f 3616 3632 3631
f 3617 3633 3632
f 3618 396 3633
f 626 3619 625
f 3619 3620 3634
f 3620 3621 3635
f 3621 3622 3636
f 3622 3623 3637
f 3623 3624 3638
f 3624 3625 3639
f 3625 3626 3640
f 3626 3627 3641
f 3627 3628 3642
f 3628 3629 3643
f 3629 3630 3644
f 3630 3631 3645
f 3631 3632 3646
f 3632 3633 3647
f 3633 396 395
f 3619 3634 625
f 3620 3635 3634
f 3621 3636 3635
f 3622 3637 3636
f 3623 3638 3637
f 3624 3639 3638
f 3625 3640 3639
f 3626 3641 3640
f 3627 3642 3641
f 3628 3643 3642
f 3629 3644 3643
f 3630 3645 3644
f 3631 3646 3645
f 3632 3647 3646
f 3633 395 3647
f 625 3634 624
f 3634 3635 3648
f 3635 3636 3649
f 3636 3637 3650
f 3637 3638 3651
f 3638 3639 3652
f 3639 3640 3653
f 3640 3641 3654
f 3641 3642 3655
f 3642 3643 3656
f 3643 3644 3657
f 3644 3645 3658
f 3645 3646 3659
f 3646 3647 3660
f 3647 395 394
f 3634 3648 624
f 3635 3649 3648
f 3636 3650 3649
f 3637 3651 3650
f 3638 3652 3651
f 3639 3653 3652
f 3640 3654 3653
f 3641 3655 3654
f 3642 3656 3655
f 3643 3657 3656
f 3644 3658 3657
f 3645 3659 3658
f 3646 3660 3659
f 3647 394 3660
f 624 3648 623
f 3648 3649 3661
f 3649 3650 3662
f 3650 3651 3663
f 3651 3652 3664
f 3652 3653 3665
f 3653 3654 3666
f 3654 3655 3667
f 3655 3656 3668
f 3656 3657 3669
f 3657 3658 3670
f 3658 3659 3671
f 3659 3660 3672
f 3660 394 393
f 3648 3661 623
f 3649 3662 3661
f 3650 3663 3662
f 3651 3664 3663
f 3652 3665 3664
f 3653 3666 3665
f 3654 3667 3666
f 3655 3668 3667
f 3656 3669 3668
f 3657 3670 3669
f 3658 3671 3670
f 3659 3672 3671
f 3660 393 3672
f 623 3661 622
f 3661 3662 3673
f 3662 3663 3674
f 3663 3664 3675
f 3664 3665 3676
f 3665 3666 3677
f 3666 3667 3678
f 3667 3668 3679
f 3668 3669 3680
f 3669 3670 3681
f 3670 3671 3682
f 3671 3672 3683
f 3672 393 392
f 3661 3673 622
f 3662 3674 3673
f 3663 3675 3674
f 3664 3676 3675
f 3665 3677 3676
f 3666 3678 3677
f 3667 3679 3678
f 3668 3680 3679
f 3669 3681 3680
f 3670 3682 3681
f 3671 3683 3682
f 3672 392 3683
f 622 3673 621
f 3673 3674 3684
f 3674 3675 3685
f 3675 3676 3686
f 3676 3677 3687
f 3677 3678 3688
f 3678 3679 3689
f 3679 3680 3690
f 3680 3681 3691
f 3681 3682 3692
f 3682 3683 3693
f 3683 392 391
f 3673 3684 621
f 3674 3685 3684
f 3675 3686 3685
f 3676 3687 3686
f 3677 3688 3687
f 3678 3689 3688
f 3679 3690 3689
f 3680 3691 3690
f 3681 3692 3691
f 3682 3693 3692
f 3683 391 3693
f 621 3684 620
f 3684 3685 3694
f 3685 3686 3695
f 3686 3687 3696
f 3687 3688 3697
f 3688 3689 3698
f 3689 3690 3699
f 3690 3691 3700
f 3691 3692 3701
f 3692 3693 3702
f 3693 391 390
f 3684 3694 620
f 3685 3695 3694
f 3686 3696 3695
f 3687 3697 3696
f 3688 3698 3697
f 3689 3699 3698
f 3690 3700 3699
f 3691 3701 3700
f 3692 3702 3701
f 3693 390 3702
f 620 3694 619
f 3694 3695 3703
f 3695 3696 3704
f 3696 3697 3705
f 3697 3698 3706
f 3698 3699 3707
f 3699 3700 3708
f 3700 3701 3709
f 3701 3702 3710
f 3702 390 389
f 3694 3703 619
f 3695 3704 3703
f 3696 3705 3704
f 3697 3706 3705
f 3698 3707 3706
f 3699 3708 3707
f 3700 3709 3708
f 3701 3710 3709
f 3702 389 3710
f 619 3703 618
f 3703 3704 3711
f 3704 3705 3712
f 3705 3706 3713
f 3706 3707 3714
f 3707 3708 3715
f 3708 3709 3716
f 3709 3710 3717
f 3710 389 388
f 3703 3711 618
f 3704 3712 3711
f 3705 3713 3712
f 3706 3714 3713
f 3707 3715 3714
f 3708 3716 3715
f 3709 3717 3716
f 3710 388 3717
f 618 3711 617
f 3711 3712 3718
f 3712 3713 3719
f 3713 3714 3720
f 3714 3715 3721
f 3715 3716 3722
f 3716 3717 3723
f 3717 388 387
f 3711 3718 617
f 3712 3719 3718
f 3713 3720 3719
f 3714 3721 3720
f 3715 3722 3721
f 3716 3723 3722
f 3717 387 3723
f 617 3718 616
f 3718 3719 3724
f 3719 3720 3725
f 3720 3721 3726
f 3721 3722 3727
f 3722 3723 3728
f 3723 387 386
f 3718 3724 616
f 3719 3725 3724
f 3720 3726 3725
f 3721 3727 3726
f 3722 3728 3727
f 3723 386 3728
f 616 3724 615
f 3724 3725 3729
f 3725 3726 3730
f 3726 3727 3731
f 3727 3728 3732
f 3728 386 385
f 3724 3729 615
f 3725 3730 3729
f 3726 3731 3730
f 3727 3732 3731
f 3728 385 3732
f 615 3729 614
f 3729 3730 3733
f 3730 3731 3734
f 3731 3732 3735
f 3732 385 384
f 3729 3733 614
f 3730 3734 3733
f 3731 3735 3734
f 3732 384 3735
f 614 3733 613
f 3733 3734 3736
f 3734 3735 3737
f 3735 384 383
f 3733 3736 613
f 3734 3737 3736
f 3735 383 3737
f 613 3736 612
f 3736 3737 3738
f 3737 383 382
f 3736 3738 612
f 3737 382 3738
f 612 3738 611
f 3738 382 381
f 3738 381 611
f 611 381 3
f 4 633 266
f 633 632 3739
f 632 631 3740
f 631 630 3741
f 630 629 3742
f 629 628 3743
f 628 627 3744
f 627 626 3745
f 626 625 3746
f 625 624 3747
f 624 623 3748
f 623 622 3749
f 622 621 3750
f 621 620 3751
f 620 619 3752
f 619 618 3753
f 618 617 3754
f 617 616 3755
f 616 615 3756
f 615 614 3757
f 614 613 3758
f 613 612 3759
f 612 611 3760
f 611 3 657
f 633 3739 266
f 632 3740 3739
f 631 3741 3740
f 630 3742 3741
f 629 3743 3742
f 628 3744 3743
f 627 3745 3744
f 626 3746 3745
f 625 3747 3746
f 624 3748 3747
f 623 3749 3748
f 622 3750 3749
f 621 3751 3750
f 620 3752 3751
f 619 3753 3752
f 618 3754 3753
f 617 3755 3754
f 616 3756 3755
f 615 3757 3756
f 614 3758 3757
f 613 3759 3758
f 612 3760 3759
f 611 657 3760
f 266 3739 267
f 3739 3740 3761
f 3740 3741 3762
f 3741 3742 3763
f 3742 3743 3764
f 3743 3744 3765
f 3744 3745 3766
f 3745 3746 3767
f 3746 3747 3768
f 3747 3748 3769
f 3748 3749 3770
f 3749 3750 3771
f 3750 3751 3772
f 3751 3752 3773
f 3752 3753 3774
f 3753 3754 3775
f 3754 3755 3776
f 3755 3756 3777
f 3756 3757 3778
f 3757 3758 3779
f 3758 3759 3780
f 3759 3760 3781
f 3760 657 658
f 3739 3761 267
f 3740 3762 3761
f 3741 3763 3762
f 3742 3764 3763
f 3743 3765 3764
f 3744 3766 3765
f 3745 3767 3766
f 3746 3768 3767
f 3747 3769 3768
f 3748 3770 3769
f 3749 3771 3770
f 3750 3772 3771
f 3751 3773 3772
f 3752 3774 3773
f 3753 3775 3774
f 3754 3776 3775
f 3755 3777 3776
f 3756 3778 3777
f 3757 3779 3778
f 3758 3780 3779
f 3759 3781 3780
f 3760 658 3781
f 267 3761 268
f 3761 3762 3782
f 3762 3763 3783
f 3763 3764 3784
f 3764 3765 3785
f 3765 3766 3786
f 3766 3767 3787
f 3767 3768 3788
f 3768 3769 3789
f 3769 3770 3790
f 3770 3771 3791
f 3771 3772 3792
f 3772 3773 3793
f 3773 3774 3794
f 3774 3775 3795
f 3775 3776 3796
f 3776 3777 3797
f 3777 3778 3798
f 3778 3779 3799
f 3779 3780 3800
f 3780 3781 3801
f 3781 658 659
f 3761 3782 268
f 3762 3783 3782
f 3763 3784 3783
f 3764 3785 3784
f 3765 3786 3785
f 3766 3787 3786
f 3767 3788 3787
f 3768 3789 3788
f 3769 3790 3789
f 3770 3791 3790
f 3771 3792 3791
f 3772 3793 3792
f 3773 3794 3793
f 3774 3795 3794
f 3775 3796 3795
f 3776 3797 3796
f 3777 3798 3797
f 3778 3799 3798
f 3779 3800 3799
f 3780 3801 3800
f 3781 659 3801
f 268 3782 269
f 3782 3783 3802
f 3783 3784 3803
f 3784 3785 3804
f 3785 3786 3805
f 3786 3787 3806
f 3787 3788 3807
f 3788 3789 3808
f 3789 3790 3809
f 3790 3791 3810
f 3791 3792 3811
f 3792 3793 3812
f 3793 3794 3813
f 3794 3795 3814
f 3795 3796 3815
f 3796 3797 3816
f 3797 3798 3817
f 3798 3799 3818
f 3799 3800 3819
f 3800 3801 3820
f 3801 659 660
f 3782 3802 269
f 3783 3803 3802
f 3784 3804 3803
f 3785 3805 3804
f 3786 3806 3805
f 3787 3807 3806
f 3788 3808 3807
f 3789 3809 3808
f 3790 3810 3809
f 3791 3811 3810
f 3792 3812 3811
f 3793 3813 3812
f 3794 3814 3813
f 3795 3815 3814
f 3796 3816 3815
f 3797 3817 3816
f 3798 3818 3817
f 3799 3819 3818
f 3800 3820 3819
f 3801 660 3820
f 269 3802 270
f 3802 3803 3821
f 3803 3804 3822
f 3804 3805 3823
f 3805 3806 3824
f 3806 3807 3825
f 3807 3808 3826
f 3808 3809 3827
f 3809 3810 3828
f 3810 3811 3829
f 3811 3812 3830
f 3812 3813 3831
f 3813 3814 3832
f 3814 3815 3833
f 3815 3816 3834
f 3816 3817 3835
f 3817 3818 3836
f 3818 3819 3837
f 3819 3820 3838
f 3820 660 661
f 3802 3821 270
f 3803 3822 3821
f 3804 3823 3822
f 3805 3824 3823
f 3806 3825 3824
f 3807 3826 3825
f 3808 3827 3826
f 3809 3828 3827
f 3810 3829 3828
f 3811 3830 3829
f 3812 3831 3830
f 3813 3832 3831
f 3814 3833 3832
f 3815 3834 3833
f 3816 3835 3834
f 3817 3836 3835
f 3818 3837 3836
f 3819 3838 3837
f 3820 661 3838
f 270 3821 271
f 3821 3822 3839
f 3822 3823 3840
f 3823 3824 3841
f 3824 3825 3842
f 3825 3826 3843
f 3826 3827 3844
f 3827 3828 3845
f 3828 3829 3846
f 3829 3830 3847
f 3830 3831 3848
f 3831 3832 3849
f 3832 3833 3850
f 3833 3834 3851
f 3834 3835 3852
f 3835 3836 3853
f 3836 3837 3854
f 3837 3838 3855
f 3838 661 662
f 3821 3839 271
f 3822 3840 3839
f 3823 3841 3840
f 3824 3842 3841
f 3825 3843 3842
f 3826 3844 3843
f 3827 3845 3844
f 3828 3846 3845
f 3829 3847 3846
f 3830 3848 3847
f 3831 3849 3848
f 3832 3850 3849
f 3833 3851 3850
f 3834 3852 3851
f 3835 3853 3852
f 3836 3854 3853
f 3837 3855 3854
f 3838 662 3855
f 271 3839 272
f 3839 3840 3856
f 3840 3841 3857
f 3841 3842 3858
f 3842 3843 3859
f 3843 3844 3860
f 3844 3845 3861
f 3845 3846 3862
f 3846 3847 3863
f 3847 3848 3864
f 3848 3849 3865
f 3849 3850 3866
f 3850 3851 3867
f 3851 3852 3868
f 3852 3853 3869
f 3853 3854 3870
f 3854 3855 3871
f 3855 662 663
f 3839 3856 272
f 3840 3857 3856
f 3841 3858 3857
f 3842 3859 3858
f 3843 3860 3859
f 3844 3861 3860
f 3845 3862 3861
f 3846 3863 3862
f 3847 3864 3863
f 3848 3865 3864
f 3849 3866 3865
f 3850 3867 3866
f 3851 3868 3867
f 3852 3869 3868
f 3853 3870 3869
f 3854 3871 3870
f 3855 663 3871
f 272 3856 273
f 3856 3857 3872
f 3857 3858 3873
f 3858 3859 3874
f 3859 3860 3875
f 3860 3861 3876
f 3861 3862 3877
f 3862 3863 3878
f 3863 3864 3879
f 3864 3865 3880
f 3865 3866 3881
f 3866 3867 3882
f 3867 3868 3883
f 3868 3869 3884
f 3869 3870 3885
f 3870 3871 3886
f 3871 663 664
f 3856 3872 273
f 3857 3873 3872
f 3858 3874 3873
f 3859 3875 3874
f 3860 3876 3875
f 3861 3877 3876
f 3862 3878 3877
f 3863 3879 3878
f 3864 3880 3879
f 3865 3881 3880
f 3866 3882 3881
f 3867 3883 3882
f 3868 3884 3883
f 3869 3885 3884
f 3870 3886 3885
f 3871 664 3886
f 273 3872 274
f 3872 3873 3887
f 3873 3874 3888
f 3874 3875 3889
f 3875 3876 3890
f 3876 3877 3891
f 3877 3878 3892
f 3878 3879 3893
f 3879 3880 3894
f 3880 3881 3895
f 3881 3882 3896
f 3882 3883 3897
f 3883 3884 3898
f 3884 3885 3899
f 3885 3886 3900
f 3886 664 665
f 3872 3887 274
f 3873 3888 3887
f 3874 3889 3888
f 3875 3890 3889
f 3876 3891 3890
f 3877 3892 3891
f 3878 3893 3892
f 3879 3894 3893
f 3880 3895 3894
f 3881 3896 3895
f 3882 3897 3896
f 3883 3898 3897
f 3884 3899 3898
f 3885 3900 3899
f 3886 665 3900
f 274 3887 275
f 3887 3888 3901
f 3888 3889 3902
f 3889 3890 3903
f 3890 3891 3904
f 3891 3892 3905
f 3892 3893 3906
f 3893 3894 3907
f 3894 3895 3908
f 3895 3896 3909
f 3896 3897 3910
f 3897 3898 3911
f 3898 3899 3912
f 3899 3900 3913
f 3900 665 666
f 3887 3901 275
f 3888 3902 3901
f 3889 3903 3902
f 3890 3904 3903
f 3891 3905 3904
f 3892 3906 3905
f 3893 3907 3906
f 3894 3908 3907
f 3895 3909 3908
f 3896 3910 3909
f 3897 3911 3910
f 3898 3912 3911
f 3899 3913 3912
f 3900 666 3913
f 275 3901 276
f 3901 3902 3914
f 3902 3903 3915
f 3903 3904 3916
f 3904 3905 3917
f 3905 3906 3918
f 3906 3907 3919
f 3907 3908 3920
f 3908 3909 3921
f 3909 3910 3922
f 3910 3911 3923
f 3911 3912 3924
f 3912 3913 3925
f 3913 666 667
f 3901 3914 276
f 3902 3915 3914
f 3903 3916 3915
f 3904 3917 3916
f 3905 3918 3917
f 3906 3919 3918
f 3907 3920 3919
f 3908 3921 3920
f 3909 3922 3921
f 3910 3923 3922
f 3911 3924 3923
f 3912 3925 3924
f 3913 667 3925
f 276 3914 277
f 3914 3915 3926
f 3915 3916 3927
f 3916 3917 3928
f 3917 3918 3929
f 3918 3919 3930
f 3919 3920 3931
f 3920 3921 3932
f 3921 3922 3933
f 3922 3923 3934
f 3923 3924 3935
f 3924 3925 3936
f 3925 667 668
f 3914 3926 277
f 3915 3927 3926
f 3916 3928 3927
f 3917 3929 3928
f 3918 3930 3929
f 3919 3931 3930
f 3920 3932 3931
f 3921 3933 3932
f 3922 3934 3933
f 3923 3935 3934
f 3924 3936 3935
f 3925 668 3936
f 277 3926 278
f 3926 3927 3937
f 3927 3928 3938
f 3928 3929 3939
f 3929 3930 3940
f 3930 3931 3941
f 3931 3932 3942
f 3932 3933 3943
f 3933 3934 3944
f 3934 3935 3945
f 3935 3936 3946
f 3936 668 669
f 3926 3937 278
f 3927 3938 3937
f 3928 3939 3938
f 3929 3940 3939
f 3930 3941 3940
f 3931 3942 3941
f 3932 3943 3942
f 3933 3944 3943
f 3934 3945 3944
f 3935 3946 3945
f 3936 669 3946
f 278 3937 279
f 3937 3938 3947
f 3938 3939 3948
f 3939 3940 3949
f 3940 3941 3950
f 3941 3942 3951
f 3942 3943 3952
f 3943 3944 3953
f 3944 3945 3954
f 3945 3946 3955
f 3946 669 670
f 3937 3947 279
f 3938 3948 3947
f 3939 3949 3948
f 3940 3950 3949
f 3941 3951 3950
f 3942 3952 3951
f 3943 3953 3952
f 3944 3954 3953
f 3945 3955 3954
f 3946 670 3955
f 279 3947 280
f 3947 3948 3956
f 3948 3949 3957
f 3949 3950 3958
f 3950 3951 3959
f 3951 3952 3960
f 3952 3953 3961
f 3953 3954 3962
f 3954 3955 3963
f 3955 670 671
f 3947 3956 280
f 3948 3957 3956
f 3949 3958 3957
f 3950 3959 3958
f 3951 3960 3959
f 3952 3961 3960
f 3953 3962 3961
f 3954 3963 3962
f 3955 671 3963
f 280 3956 281
f 3956 3957 3964
f 3957 3958 3965
f 3958 3959 3966
f 3959 3960 3967
f 3960 3961 3968
f 3961 3962 3969
f 3962 3963 3970
f 3963 671 672
f 3956 3964 281
f 3957 3965 3964
f 3958 3966 3965
f 3959 3967 3966
f 3960 3968 3967
f 3961 3969 3968
f 3962 3970 3969
f 3963 672 3970
f 281 3964 282
f 3964 3965 3971
f 3965 3966 3972
f 3966 3967 3973
f 3967 3968 3974
f 3968 3969 3975
f 3969 3970 3976
f 3970 672 673
f 3964 3971 282
f 3965 3972 3971
f 3966 3973 3972
f 3967 3974 3973
f 3968 3975 3974
f 3969 3976 3975
f 3970 673 3976
f 282 3971 283
f 3971 3972 3977
f 3972 3973 3978
f 3973 3974 3979
f 3974 3975 3980
f 3975 3976 3981
f 3976 673 674
f 3971 3977 283
f 3972 3978 3977
f 3973 3979 3978
f 3974 3980 3979
f 3975 3981 3980
f 3976 674 3981
f 283 3977 284
f 3977 3978 3982
f 3978 3979 3983
f 3979 3980 3984
f 3980 3981 3985
f 3981 674 675
f 3977 3982 284
f 3978 3983 3982
f 3979 3984 3983
f 3980 3985 3984
f 3981 675 3985
f 284 3982 285
f 3982 3983 3986
f 3983 3984 3987
f 3984 3985 3988
f 3985 675 676
f 3982 3986 285
f 3983 3987 3986
f 3984 3988 3987
f 3985 676 3988
f 285 3986 286
f 3986 3987 3989
f 3987 3988 3990
f 3988 676 677
f 3986 3989 286
f 3987 3990 3989
f 3988 677 3990
f 286 3989 287
f 3989 3990 3991
f 3990 677 678
f 3989 3991 287
f 3990 678 3991
f 287 3991 288
f 3991 678 679
f 3991 679 288
f 288 679 7
f 4 266 565
f 266 267 3992
f 267 268 3993
f 268 269 3994
f 269 270 3995
f 270 271 3996
f 271 272 3997
f 272 273 3998
f 273 274 3999
f 274 275 4000
f 275 276 4001
f 276 277 4002
f 277 278 4003
f 278 279 4004
f 279 280 4005
f 280 281 4006
f 281 282 4007
f 282 283 4008
f 283 284 4009
f 284 285 4010
f 285 286 4011
f 286 287 4012
f 287 288 4013
f 288 7 197
f 266 3992 565
f 267 3993 3992
f 268 3994 3993
f 269 3995 3994
f 270 3996 3995
f 271 3997 3996
f 272 3998 3997
f 273 3999 3998
f 274 4000 3999
f 275 4001 4000
f 276 4002 4001
f 277 4003 4002
f 278 4004 4003
f 279 4005 4004
f 280 4006 4005
f 281 4007 4006
f 282 4008 4007
f 283 4009 4008
f 284 4010 4009
f 285 4011 4010
f 286 4012 4011
f 287 4013 4012
f 288 197 4013
f 565 3992 566
f 3992 3993 4014
f 3993 3994 4015
f 3994 3995 4016
f 3995 3996 4017
f 3996 3997 4018
f 3997 3998 4019
f 3998 3999 4020
f 3999 4000 4021
f 4000 4001 4022
f 4001 4002 4023
f 4002 4003 4024
f 4003 4004 4025
f 4004 4005 4026
f 4005 4006 4027
f 4006 4007 4028
f 4007 4008 4029
f 4008 4009 4030
f 4009 4010 4031
f 4010 4011 4032
f 4011 4012 4033
f 4012 4013 4034
f 4013 197 198
f 3992 4014 566
f 3993 4015 4014
f 3994 4016 4015
f 3995 4017 4016
f 3996 4018 4017
f 3997 4019 4018
f 3998 4020 4019
f 3999 4021 4020
f 4000 4022 4021
f 4001 4023 4022
f 4002 4024 4023
f 4003 4025 4024
f 4004 4026 4025
f 4005 4027 4026
f 4006 4028 4027
f 4007 4029 4028
f 4008 4030 4029
f 4009 4031 4030
f 4010 4032 4031
f 4011 4033 4032
f 4012 4034 4033
f 4013 198 4034
f 566 4014 567
f 4014 4015 4035
f 4015 4016 4036
f 4016 4017 4037
f 4017 4018 4038
f 4018 4019 4039
f 4019 4020 4040
f 4020 4021 4041
f 4021 4022 4042
f 4022 4023 4043
f 4023 4024 4044
f 4024 4025 4045
f 4025 4026 4046
f 4026 4027 4047
f 4027 4028 4048
f 4028 4029 4049
f 4029 4030 4050
f 4030 4031 4051
f 4031 4032 4052
f 4032 4033 4053
f 4033 4034 4054
f 4034 198 199
f 4014 4035 567
f 4015 4036 4035
f 4016 4037 4036
f 4017 4038 4037
f 4018 4039 4038
f 4019 4040 4039
f 4020 4041 4040
f 4021 4042 4041
f 4022 4043 4042
f 4023 4044 4043
f 4024 4045 4044
f 4025 4046 4045
f 4026 4047 4046
f 4027 4048 4047
f 4028 4049 4048
f 4029 4050 4049
f 4030 4051 4050
f 4031 4052 4051
f 4032 4053 4052
f 4033 4054 4053
f 4034 199 4054
f 567 4035 568
f 4035 4036 4055
f 4036 4037 4056
f 4037 4038 4057
f 4038 4039 4058
f 4039 4040 4059
f 4040 4041 4060
f 4041 4042 4061
f 4042 4043 4062
f 4043 4044 4063
f 4044 4045 4064
f 4045 4046 4065
f 4046 4047 4066
f 4047 4048 4067
f 4048 4049 4068
f 4049 4050 4069
f 4050 4051 4070
f 4051 4052 4071
f 4052 4053 4072
f 4053 4054 4073
f 4054 199 200
f 4035 4055 568
f 4036 4056 4055
f 4037 4057 4056
f 4038 4058 4057
f 4039 4059 4058
f 4040 4060 4059
f 4041 4061 4060
f 4042 4062 4061
f 4043 4063 4062
f 4044 4064 4063
f 4045 4065 4064
f 4046 4066 4065
f 4047 4067 4066
f 4048 4068 4067
f 4049 4069 4068
f 4050 4070 4069
f 4051 4071 4070
f 4052 4072 4071
f 4053 4073 4072
f 4054 200 4073
f 568 4055 569
f 4055 4056 4074
f 4056 4057 4075
f 4057 4058 4076
f 4058 4059 4077
f 4059 4060 4078
f 4060 4061 4079
f 4061 4062 4080
f 4062 4063 4081
f 4063 4064 4082
f 4064 4065 4083
f 4065 4066 4084
f 4066 4067 4085
f 4067 4068 4086
f 4068 4069 4087
f 4069 4070 4088
f 4070 4071 4089
f 4071 4072 4090
f 4072 4073 4091
f 4073 200 201
f 4055 4074 569
f 4056 4075 4074
f 4057 4076 4075
f 4058 4077 4076
f 4059 4078 4077
f 4060 4079 4078
f 4061 4080 4079
f 4062 4081 4080
f 4063 4082 4081
f 4064 4083 4082
f 4065 4084 4083
f 4066 4085 4084
f 4067 4086 4085
f 4068 4087 4086
f 4069 4088 4087
f 4070 4089 4088
f 4071 4090 4089
f 4072 4091 4090
f 4073 201 4091
f 569 4074 570
f 4074 4075 4092
f 4075 4076 4093
f 4076 4077 4094
f 4077 4078 4095
f 4078 4079 4096
f 4079 4080 4097
f 4080 4081 4098
f 4081 4082 4099
f 4082 4083 4100
f 4083 4084 4101
f 4084 4085 4102
f 4085 4086 4103
f 4086 4087 4104
f 4087 4088 4105
f 4088 4089 4106
f 4089 4090 4107
f 4090 4091 4108
f 4091 201 202
f 4074 4092 570
f 4075 4093 4092
f 4076 4094 4093
f 4077 4095 4094
f 4078 4096 4095
f 4079 4097 4096
f 4080 4098 4097
f 4081 4099 4098
f 4082 4100 4099
f 4083 4101 4100
f 4084 4102 4101
f 4085 4103 4102
f 4086 4104 4103
f 4087 4105 4104
f 4088 4106 4105
f 4089 4107 4106
f 4090 4108 4107
f 4091 202 4108
f 570 4092 571
f 4092 4093 4109
f 4093 4094 4110
f 4094 4095 4111
f 4095 4096 4112
f 4096 4097 4113
f 4097 4098 4114
f 4098 4099 4115
f 4099 4100 4116
f 4100 4101 4117
f 4101 4102 4118
f 4102 4103 4119
f 4103 4104 4120
f 4104 4105 4121
f 4105 4106 4122
f 4106 4107 4123
f 4107 4108 4124
f 4108 202 203
f 4092 4109 571
f 4093 4110 4109
f 4094 4111 4110
f 4095 4112 4111
f 4096 4113 4112
f 4097 4114 4113
f 4098 4115 4114
f 4099 4116 4115
f 4100 4117 4116
f 4101 4118 4117
f 4102 4119 4118
f 4103 4120 4119
f 4104 4121 4120
f 4105 4122 4121
f 4106 4123 4122
f 4107 4124 4123
f 4108 203 4124
f 571 4109 572
f 4109 4110 4125
f 4110 4111 4126
f 4111 4112 4127
f 4112 4113 4128
f 4113 4114 4129
f 4114 4115 4130
f 4115 4116 4131
f 4116 4117 4132
f 4117 4118 4133
f 4118 4119 4134
f 4119 4120 4135
f 4120 4121 4136
f 4121 4122 4137
f 4122 4123 4138
f 4123 4124 4139
f 4124 203 204
f 4109 4125 572
f 4110 4126 4125
f 4111 4127 4126
f 4112 4128 4127
f 4113 4129 4128
f 4114 4130 4129
f 4115 4131 4130
f 4116 4132 4131
f 4117 4133 4132
f 4118 4134 4133
f 4119 4135 4134
f 4120 4136 4135
f 4121 4137 4136
f 4122 4138 4137
f 4123 4139 4138
f 4124 204 4139
f 572 4125 573
f 4125 4126 4140
f 4126 4127 4141
f 4127 4128 4142
f 4128 4129 4143
f 4129 4130 4144
f 4130 4131 4145
f 4131 4132 4146
f 4132 4133 4147
f 4133 4134 4148
f 4134 4135 4149
f 4135 4136 4150
f 4136 4137 4151
f 4137 4138 4152
f 4138 4139 4153
f 4139 204 205
f 4125 4140 573
f 4126 4141 4140
f 4127 4142 4141
f 4128 4143 4142
f 4129 4144 4143
f 4130 4145 4144
f 4131 4146 4145
f 4132 4147 4146
f 4133 4148 4147
f 4134 4149 4148
f 4135 4150 4149
f 4136 4151 4150
f 4137 4152 4151
f 4138 4153 4152
f 4139 205 4153
f 573 4140 574
f 4140 4141 4154
f 4141 4142 4155
f 4142 4143 4156
f 4143 4144 4157
f 4144 4145 4158
f 4145 4146 4159
f 4146 4147 4160
f 4147 4148 4161
f 4148 4149 4162
f 4149 4150 4163
f 4150 4151 4164
f 4151 4152 4165
f 4152 4153 4166
f 4153 205 206
f 4140 4154 574
f 4141 4155 4154
f 4142 4156 4155
f 4143 4157 4156
f 4144 4158 4157
f 4145 4159 4158
f 4146 4160 4159
f 4147 4161 4160
f 4148 4162 4161
f 4149 4163 4162
f 4150 4164 4163
f 4151 4165 4164
f 4152 4166 4165
f 4153 206 4166
f 574 4154 575
f 4154 4155 4167
f 4155 4156 4168
f 4156 4157 4169
f 4157 4158 4170
f 4158 4159 4171
f 4159 4160 4172
f 4160 4161 4173
f 4161 4162 4174
f 4162 4163 4175
f 4163 4164 4176
f 4164 4165 4177
f 4165 4166 4178
f 4166 206 207
f 4154 4167 575
f 4155 4168 4167
f 4156 4169 4168
f 4157 4170 4169
f 4158 4171 4170
f 4159 4172 4171
f 4160 4173 4172
f 4161 4174 4173
f 4162 4175 4174
f 4163 4176 4175
f 4164 4177 4176
f 4165 4178 4177
f 4166 207 4178
f 575 4167 576
f 4167 4168 4179
f 4168 4169 4180
f 4169 4170 4181
f 4170 4171 4182
f 4171 4172 4183
f 4172 4173 4184
f 4173 4174 4185
f 4174 4175 4186
f 4175 4176 4187
f 4176 4177 4188
f 4177 4178 4189
f 4178 207 208
f 4167 4179 576
f 4168 4180 4179
f 4169 4181 4180
f 4170 4182 4181
f 4171 4183 4182
f 4172 4184 4183
f 4173 4185 4184
f 4174 4186 4185
f 4175 4187 4186
f 4176 4188 4187
f 4177 4189 4188
f 4178 208 4189
f 576 4179 577
f 4179 4180 4190
f 4180 4181 4191
f 4181 4182 4192
f 4182 4183 4193
f 4183 4184 4194
f 4184 4185 4195
f 4185 4186 4196
f 4186 4187 4197
f 4187 4188 4198
f 4188 4189 4199
f 4189 208 209
f 4179 4190 577
f 4180 4191 4190
f 4181 4192 4191
f 4182 4193 4192
f 4183 4194 4193
f 4184 4195 4194
f 4185 4196 4195
f 4186 4197 4196
f 4187 4198 4197
f 4188 4199 4198
f 4189 209 4199
f 577 4190 578
f 4190 4191 4200
f 4191 4192 4201
f 4192 4193 4202
f 4193 4194 4203
f 4194 4195 4204
f 4195 4196 4205
f 4196 4197 4206
f 4197 4198 4207
f 4198 4199 4208
f 4199 209 210
f 4190 4200 578
f 4191 4201 4200
f 4192 4202 4201
f 4193 4203 4202
f 4194 4204 4203
f 4195 4205 4204
f 4196 4206 4205
f 4197 4207 4206
f 4198 4208 4207
f 4199 210 4208
f 578 4200 579
f 4200 4201 4209
f 4201 4202 4210
f 4202 4203 4211
f 4203 4204 4212
f 4204 4205 4213
f 4205 4206 4214
f 4206 4207 4215
f 4207 4208 4216
f 4208 210 211
f 4200 4209 579
f 4201 4210 4209
f 4202 4211 4210
f 4203 4212 4211
f 4204 4213 4212
f 4205 4214 4213
f 4206 4215 4214
f 4207 4216 4215
f 4208 211 4216
f 579 4209 580
f 4209 4210 4217
f 4210 4211 4218
f 4211 4212 4219
f 4212 4213 4220
f 4213 4214 4221
f 4214 4215 4222
f 4215 4216 4223
f 4216 211 212
f 4209 4217 580
f 4210 4218 4217
f 4211 4219 4218
f 4212 4220 4219
f 4213 4221 4220
f 4214 4222 4221
f 4215 4223 4222
f 4216 212 4223
f 580 4217 581
f 4217 4218 4224
f 4218 4219 4225
f 4219 4220 4226
f 4220 4221 4227
f 4221 4222 4228
f 4222 4223 4229
f 4223 212 213
f 4217 4224 581
f 4218 4225 4224
f 4219 4226 4225
f 4220 4227 4226
f 4221 4228 4227
f 4222 4229 4228
f 4223 213 4229
f 581 4224 582
f 4224 4225 4230
f 4225 4226 4231
f 4226 4227 4232
f 4227 4228 4233
f 4228 4229 4234
f 4229 213 214
f 4224 4230 582
f 4225 4231 4230
f 4226 4232 4231
f 4227 4233 4232
f 4228 4234 4233
f 4229 214 4234
f 582 4230 583
f 4230 4231 4235
f 4231 4232 4236
f 4232 4233 4237
f 4233 4234 4238
f 4234 214 215
f 4230 4235 583
f 4231 4236 4235
f 4232 4237 4236
f 4233 4238 4237
f 4234 215 4238
f 583 4235 584
f 4235 4236 4239
f 4236 4237 4240
f 4237 4238 4241
f 4238 215 216
f 4235 4239 584
f 4236 4240 4239
f 4237 4241 4240
f 4238 216 4241
f 584 4239 585
f 4239 4240 4242
f 4240 4241 4243
f 4241 216 217
f 4239 4242 585
f 4240 4243 4242
f 4241 217 4243
f 585 4242 586
f 4242 4243 4244
f 4243 217 218
f 4242 4244 586
f 4243 218 4244
f 586 4244 587
f 4244 218 219
f 4244 219 587
f 587 219 9
f 4 565 243
f 565 566 4245
f 566 567 4246
f 567 568 4247
f 568 569 4248
f 569 570 4249
f 570 571 4250
f 571 572 4251
f 572 573 4252
f 573 574 4253
f 574 575 4254
f 575 576 4255
f 576 577 4256
f 577 578 4257
f 578 579 4258
f 579 580 4259
f 580 581 4260
f 581 582 4261
f 582 583 4262
f 583 584 4263
f 584 585 4264
f 585 586 4265
f 586 587 4266
f 587 9 59
f 565 4245 243
f 566 4246 4245
f 567 4247 4246
f 568 4248 4247
f 569 4249 4248
f 570 4250 4249
f 571 4251 4250
f 572 4252 4251
f 573 4253 4252
f 574 4254 4253
f 575 4255 4254
f 576 4256 4255
f 577 4257 4256
f 578 4258 4257
f 579 4259 4258
f 580 4260 4259
f 581 4261 4260
f 582 4262 4261
f 583 4263 4262
f 584 4264 4263
f 585 4265 4264
f 586 4266 4265
f 587 59 4266
f 243 4245 244
f 4245 4246 4267
f 4246 4247 4268
f 4247 4248 4269
f 4248 4249 4270
f 4249 4250 4271
f 4250 4251 4272
f 4251 4252 4273
f 4252 4253 4274
f 4253 4254 4275
f 4254 4255 4276
f 4255 4256 4277
f 4256 4257 4278
f 4257 4258 4279
f 4258 4259 4280
f 4259 4260 4281
f 4260 4261 4282
f 4261 4262 4283
f 4262 4263 4284
f 4263 4264 4285
f 4264 4265 4286
f 4265 4266 4287
f 4266 59 60
f 4245 4267 244
f 4246 4268 4267
f 4247 4269 4268
f 4248 4270 4269
f 4249 4271 4270
f 4250 4272 4271
f 4251 4273 4272
f 4252 4274 4273
f 4253 4275 4274
f 4254 4276 4275
f 4255 4277 4276
f 4256 4278 4277
f 4257 4279 4278
f 4258 4280 4279
f 4259 4281 4280
f 4260 4282 4281
f 4261 4283 4282
f 4262 4284 4283
f 4263 4285 4284
f 4264 4286 4285
f 4265 4287 4286
f 4266 60 4287
f 244 4267 245
f 4267 4268 4288
f 4268 4269 4289
f 4269 4270 4290
f 4270 4271 4291
f 4271 4272 4292
f 4272 4273 4293
f 4273 4274 4294
f 4274 4275 4295
f 4275 4276 4296
f 4276 4277 4297
f 4277 4278 4298
f 4278 4279 4299
f 4279 4280 4300
f 4280 4281 4301
f 4281 4282 4302
f 4282 4283 4303
f 4283 4284 4304
f 4284 4285 4305
f 4285 4286 4306
f 4286 4287 4307
f 4287 60 61
f 4267 4288 245
f 4268 4289 4288
f 4269 4290 4289
f 4270 4291 4290
f 4271 4292 4291
f 4272 4293 4292
f 4273 4294 4293
f 4274 4295 4294
f 4275 4296 4295
f 4276 4297 4296
f 4277 4298 4297
f 4278 4299 4298
f 4279 4300 4299
f 4280 4301 4300
f 4281 4302 4301
f 4282 4303 4302
f 4283 4304 4303
f 4284 4305 4304
f 4285 4306 4305
f 4286 4307 4306
f 4287 61 4307
f 245 4288 246
f 4288 4289 4308
f 4289 4290 4309
f 4290 4291 4310
f 4291 4292 4311
f 4292 4293 4312
f 4293 4294 4313
f 4294 4295 4314
f 4295 4296 4315
f 4296 4297 4316
f 4297 4298 4317
f 4298 4299 4318
f 4299 4300 4319
f 4300 4301 4320
f 4301 4302 4321
f 4302 4303 4322
f 4303 4304 4323
f 4304 4305 4324
f 4305 4306 4325
f 4306 4307 4326
f 4307 61 62
f 4288 4308 246
f 4289 4309 4308
f 4290 4310 4309
f 4291 4311 4310
f 4292 4312 4311
f 4293 4313 4312
f 4294 4314 4313
f 4295 4315 4314
f 4296 4316 4315
f 4297 4317 4316
f 4298 4318 4317
f 4299 4319 4318
f 4300 4320 4319
f 4301 4321 4320
f 4302 4322 4321
f 4303 4323 4322
f 4304 4324 4323
f 4305 4325 4324
f 4306 4326 4325
f 4307 62 4326
f 246 4308 247
f 4308 4309 4327
f 4309 4310 4328
f 4310 4311 4329
f 4311 4312 4330
f 4312 4313 4331
f 4313 4314 4332
f 4314 4315 4333
f 4315 4316 4334
f 4316 4317 4335
f 4317 4318 4336
f 4318 4319 4337
f 4319 4320 4338
f 4320 4321 4339
f 4321 4322 4340
f 4322 4323 4341
f 4323 4324 4342
f 4324 4325 4343
f 4325 4326 4344
f 4326 62 63
f 4308 4327 247
f 4309 4328 4327
f 4310 4329 4328
f 4311 4330 4329
f 4312 4331 4330
f 4313 4332 4331
f 4314 4333 4332
f 4315 4334 4333
f 4316 4335 4334
f 4317 4336 4335
f 4318 4337 4336
f 4319 4338 4337
f 4320 4339 4338
f 4321 4340 4339
f 4322 4341 4340
f 4323 4342 4341
f 4324 4343 4342
f 4325 4344 4343
f 4326 63 4344
f 247 4327 248
f 4327 4328 4345
f 4328 4329 4346
f 4329 4330 4347
f 4330 4331 4348
f 4331 4332 4349
f 4332 4333 4350
f 4333 4334 4351
f 4334 4335 4352
f 4335 4336 4353
f 4336 4337 4354
f 4337 4338 4355
f 4338 4339 4356
f 4339 4340 4357
f 4340 4341 4358
f 4341 4342 4359
f 4342 4343 4360
f 4343 4344 4361
f 4344 63 64
f 4327 4345 248
f 4328 4346 4345
f 4329 4347 4346
f 4330 4348 4347
f 4331 4349 4348
f 4332 4350 4349
f 4333 4351 4350
f 4334 4352 4351
f 4335 4353 4352
f 4336 4354 4353
f 4337 4355 4354
f 4338 4356 4355
f 4339 4357 4356
f 4340 4358 4357
f 4341 4359 4358
f 4342 4360 4359
f 4343 4361 4360
f 4344 64 4361
f 248 4345 249
f 4345 4346 4362
f 4346 4347 4363
f 4347 4348 4364
f 4348 4349 4365
f 4349 4350 4366
f 4350 4351 4367
f 4351 4352 4368
f 4352 4353 4369
f 4353 4354 4370
f 4354 4355 4371
f 4355 4356 4372
f 4356 4357 4373
f 4357 4358 4374
f 4358 4359 4375
f 4359 4360 4376
f 4360 4361 4377
f 4361 64 65
f 4345 4362 249
f 4346 4363 4362
f 4347 4364 4363
f 4348 4365 4364
f 4349 4366 4365
f 4350 4367 4366
f 4351 4368 4367
f 4352 4369 4368
f 4353 4370 4369
f 4354 4371 4370
f 4355 4372 4371
f 4356 4373 4372
f 4357 4374 4373
f 4358 4375 4374
f 4359 4376 4375
f 4360 4377 4376
f 4361 65 4377
f 249 4362 250
f 4362 4363 4378
f 4363 4364 4379
f 4364 4365 4380
f 4365 4366 4381
f 4366 4367 4382
f 4367 4368 4383
f 4368 4369 4384
f 4369 4370 4385
f 4370 4371 4386
f 4371 4372 4387
f 4372 4373 4388
f 4373 4374 4389
f 4374 4375 4390
f 4375 4376 4391
f 4376 4377 4392
f 4377 65 66
f 4362 4378 250
f 4363 4379 4378
f 4364 4380 4379
f 4365 4381 4380
f 4366 4382 4381
f 4367 4383 4382
f 4368 4384 4383
f 4369 4385 4384
f 4370 4386 4385
f 4371 4387 4386
f 4372 4388 4387
f 4373 4389 4388
f 4374 4390 4389
f 4375 4391 4390
f 4376 4392 4391
f 4377 66 4392
f 250 4378 251
f 4378 4379 4393
f 4379 4380 4394
f 4380 4381 4395
f 4381 4382 4396
f 4382 4383 4397
f 4383 4384 4398
f 4384 4385 4399
f 4385 4386 4400
f 4386 4387 4401
f 4387 4388 4402
f 4388 4389 4403
f 4389 4390 4404
f 4390 4391 4405
f 4391 4392 4406
f 4392 66 67
f 4378 4393 251
f 4379 4394 4393
f 4380 4395 4394
f 4381 4396 4395
f 4382 4397 4396
f 4383 4398 4397
f 4384 4399 4398
f 4385 4400 4399
f 4386 4401 4400
f 4387 4402 4401
f 4388 4403 4402
f 4389 4404 4403
f 4390 4405 4404
f 4391 4406 4405
f 4392 67 4406
f 251 4393 252
f 4393 4394 4407
f 4394 4395 4408
f 4395 4396 4409
f 4396 4397 4410
f 4397 4398 4411
f 4398 4399 4412
f 4399 4400 4413
f 4400 4401 4414
f 4401 4402 4415
f 4402 4403 4416
f 4403 4404 4417
f 4404 4405 4418
f 4405 4406 4419
f 4406 67 68
f 4393 4407 252
f 4394 4408 4407
f 4395 4409 4408
f 4396 4410 4409
f 4397 4411 4410
f 4398 4412 4411
f 4399 4413 4412
f 4400 4414 4413
f 4401 4415 4414
f 4402 4416 4415
f 4403 4417 4416
f 4404 4418 4417
f 4405 4419 4418
f 4406 68 4419
f 252 4407 253
f 4407 4408 4420
f 4408 4409 4421
f 4409 4410 4422
f 4410 4411 4423
f 4411 4412 4424
f 4412 4413 4425
f 4413 4414 4426
f 4414 4415 4427
f 4415 4416 4428
f 4416 4417 4429
f 4417 4418 4430
f 4418 4419 4431
f 4419 68 69
f 4407 4420 253
f 4408 4421 4420
f 4409 4422 4421
f 4410 4423 4422
f 4411 4424 4423
f 4412 4425 4424
f 4413 4426 4425
f 4414 4427 4426
f 4415 4428 4427
f 4416 4429 4428
f 4417 4430 4429
f 4418 4431 4430
f 4419 69 4431
f 253 4420 254
f 4420 4421 4432
f 4421 4422 4433
f 4422 4423 4434
f 4423 4424 4435
f 4424 4425 4436
f 4425 4426 4437
f 4426 4427 4438
f 4427 4428 4439
f 4428 4429 4440
f 4429 4430 4441
f 4430 4431 4442
f 4431 69 70
f 4420 4432 254
f 4421 4433 4432
f 4422 4434 4433
f 4423 4435 4434
f 4424 4436 4435
f 4425 4437 4436
f 4426 4438 4437
f 4427 4439 4438
f 4428 4440 4439
f 4429 4441 4440
f 4430 4442 4441
f 4431 70 4442
f 254 4432 255
f 4432 4433 4443
f 4433 4434 4444
f 4434 4435 4445
f 4435 4436 4446
f 4436 4437 4447
f 4437 4438 4448
f 4438 4439 4449
f 4439 4440 4450
f 4440 4441 4451
f 4441 4442 4452
f 4442 70 71
f 4432 4443 255
f 4433 4444 4443
f 4434 4445 4444
f 4435 4446 4445
f 4436 4447 4446
f 4437 4448 4447
f 4438 4449 4448
f 4439 4450 4449
f 4440 4451 4450
f 4441 4452 4451
f 4442 71 4452
f 255 4443 256
f 4443 4444 4453
f 4444 4445 4454
f 4445 4446 4455
f 4446 4447 4456
f 4447 4448 4457
f 4448 4449 4458
f 4449 4450 4459
f 4450 4451 4460
f 4451 4452 4461
f 4452 71 72
f 4443 4453 256
f 4444 4454 4453
f 4445 4455 4454
f 4446 4456 4455
f 4447 4457 4456
f 4448 4458 4457
f 4449 4459 4458
f 4450 4460 4459
f 4451 4461 4460
f 4452 72 4461
f 256 4453 257
f 4453 4454 4462
f 4454 4455 4463
f 4455 4456 4464
f 4456 4457 4465
f 4457 4458 4466
f 4458 4459 4467
f 4459 4460 4468
f 4460 4461 4469
f 4461 72 73
f 4453 4462 257
f 4454 4463 4462
f 4455 4464 4463
f 4456 4465 4464
f 4457 4466 4465
f 4458 4467 4466
f 4459 4468 4467
f 4460 4469 4468
f 4461 73 4469
f 257 4462 258
f 4462 4463 4470
f 4463 4464 4471
f 4464 4465 4472
f 4465 4466 4473
f 4466 4467 4474
f 4467 4468 4475
f 4468 4469 4476
f 4469 73 74
f 4462 4470 258
f 4463 4471 4470
f 4464 4472 4471
f 4465 4473 4472
f 4466 4474 4473
f 4467 4475 4474
f 4468 4476 4475
f 4469 74 4476
f 258 4470 259
f 4470 4471 4477
f 4471 4472 4478
f 4472 4473 4479
f 4473 4474 4480
f 4474 4475 4481
f 4475 4476 4482
f 4476 74 75
f 4470 4477 259
f 4471 4478 4477
f 4472 4479 4478
f 4473 4480 4479
f 4474 4481 4480
f 4475 4482 4481
f 4476 75 4482
f 259 4477 260
f 4477 4478 4483
f 4478 4479 4484
f 4479 4480 4485
f 4480 4481 4486
f 4481 4482 4487
f 4482 75 76
f 4477 4483 260
f 4478 4484 4483
f 4479 4485 4484
f 4480 4486 4485
f 4481 4487 4486
f 4482 76 4487
f 260 4483 261
f 4483 4484 4488
f 4484 4485 4489
f 4485 4486 4490
f 4486 4487 4491
f 4487 76 77
f 4483 4488 261
f 4484 4489 4488
f 4485 4490 4489
f 4486 4491 4490
f 4487 77 4491
f 261 4488 262
f 4488 4489 4492
f 4489 4490 4493
f 4490 4491 4494
f 4491 77 78
f 4488 4492 262
f 4489 4493 4492
f 4490 4494 4493
f 4491 78 4494
f 262 4492 263
f 4492 4493 4495
f 4493 4494 4496
f 4494 78 79
f 4492 4495 263
f 4493 4496 4495
f 4494 79 4496
f 263 4495 264
f 4495 4496 4497
f 4496 79 80
f 4495 4497 264
f 4496 80 4497
f 264 4497 265
f 4497 80 81
f 4497 81 265
f 265 81 10
f 5 36 220
f 36 37 4498
f 37 38 4499
f 38 39 4500
f 39 40 4501
f 40 41 4502
f 41 42 4503
f 42 43 4504
f 43 44 4505
f 44 45 4506
f 45 46 4507
f 46 47 4508
f 47 48 4509
f 48 49 4510
f 49 50 4511
f 50 51 4512
f 51 52 4513
f 52 53 4514
f 53 54 4515
f 54 55 4516
f 55 56 4517
f 56 57 4518
f 57 58 4519
f 58 10 311
f 36 4498 220
f 37 4499 4498
f 38 4500 4499
f 39 4501 4500
f 40 4502 4501
f 41 4503 4502
f 42 4504 4503
f 43 4505 4504
f 44 4506 4505
f 45 4507 4506
f 46 4508 4507
f 47 4509 4508
f 48 4510 4509
f 49 4511 4510
f 50 4512 4511
f 51 4513 4512
f 52 4514 4513
f 53 4515 4514
f 54 4516 4515
f 55 4517 4516
f 56 4518 4517
f 57 4519 4518
f 58 311 4519
f 220 4498 221
f 4498 4499 4520
f 4499 4500 4521
f 4500 4501 4522
f 4501 4502 4523
f 4502 4503 4524
f 4503 4504 4525
f 4504 4505 4526
f 4505 4506 4527
f 4506 4507 4528
f 4507 4508 4529
f 4508 4509 4530
f 4509 4510 4531
f 4510 4511 4532
f 4511 4512 4533
f 4512 4513 4534
f 4513 4514 4535
f 4514 4515 4536
f 4515 4516 4537
f 4516 4517 4538
f 4517 4518 4539
f 4518 4519 4540
f 4519 311 310
f 4498 4520 221
f 4499 4521 4520
f 4500 4522 4521
f 4501 4523 4522
f 4502 4524 4523
f 4503 4525 4524
f 4504 4526 4525
f 4505 4527 4526
f 4506 4528 4527
f 4507 4529 4528
f 4508 4530 4529
f 4509 4531 4530
f 4510 4532 4531
f 4511 4533 4532
f 4512 4534 4533
f 4513 4535 4534
f 4514 4536 4535
f 4515 4537 4536
f 4516 4538 4537
f 4517 4539 4538
f 4518 4540 4539
f 4519 310 4540
f 221 4520 222
f 4520 4521 4541
f 4521 4522 4542
f 4522 4523 4543
f 4523 4524 4544
f 4524 4525 4545
f 4525 4526 4546
f 4526 4527 4547
f 4527 4528 4548
f 4528 4529 4549
f 4529 4530 4550
f 4530 4531 4551
f 4531 4532 4552
f 4532 4533 4553
f 4533 4534 4554
f 4534 4535 4555
f 4535 4536 4556
f 4536 4537 4557
f 4537 4538 4558
f 4538 4539 4559
f 4539 4540 4560
f 4540 310 309
f 4520 4541 222
f 4521 4542 4541
f 4522 4543 4542
f 4523 4544 4543
f 4524 4545 4544
f 4525 4546 4545
f 4526 4547 4546
f 4527 4548 4547
f 4528 4549 4548
f 4529 4550 4549
f 4530 4551 4550
f 4531 4552 4551
f 4532 4553 4552
f 4533 4554 4553
f 4534 4555 4554
f 4535 4556 4555
f 4536 4557 4556
f 4537 4558 4557
f 4538 4559 4558
f 4539 4560 4559
f 4540 309 4560
f 222 4541 223
f 4541 4542 4561
f 4542 4543 4562
f 4543 4544 4563
f 4544 4545 4564
f 4545 4546 4565
f 4546 4547 4566
f 4547 4548 4567
f 4548 4549 4568
f 4549 4550 4569
f 4550 4551 4570
f 4551 4552 4571
f 4552 4553 4572
f 4553 4554 4573
f 4554 4555 4574
f 4555 4556 4575
f 4556 4557 4576
f 4557 4558 4577
f 4558 4559 4578
f 4559 4560 4579
f 4560 309 308
f 4541 4561 223
f 4542 4562 4561
f 4543 4563 4562
f 4544 4564 4563
f 4545 4565 4564
f 4546 4566 4565
f 4547 4567 4566
f 4548 4568 4567
f 4549 4569 4568
f 4550 4570 4569
f 4551 4571 4570
f 4552 4572 4571
f 4553 4573 4572
f 4554 4574 4573
f 4555 4575 4574
f 4556 4576 4575
f 4557 4577 4576
f 4558 4578 4577
f 4559 4579 4578
f 4560 308 4579
f 223 4561 224
f 4561 4562 4580
f 4562 4563 4581
f 4563 4564 4582
f 4564 4565 4583
f 4565 4566 4584
f 4566 4567 4585
f 4567 4568 4586
f 4568 4569 4587
f 4569 4570 4588
f 4570 4571 4589
f 4571 4572 4590
f 4572 4573 4591
f 4573 4574 4592
f 4574 4575 4593
f 4575 4576 4594
f 4576 4577 4595
f 4577 4578 4596
f 4578 4579 4597
f 4579 308 307
f 4561 4580 224
f 4562 4581 4580
f 4563 4582 4581
f 4564 4583 4582
f 4565 4584 4583
f 4566 4585 4584
f 4567 4586 4585
f 4568 4587 4586
f 4569 4588 4587
f 4570 4589 4588
f 4571 4590 4589
f 4572 4591 4590
f 4573 4592 4591
f 4574 4593 4592
f 4575 4594 4593
f 4576 4595 4594
f 4577 4596 4595
f 4578 4597 4596
f 4579 307 4597
f 224 4580 225
f 4580 4581 4598
f 4581 4582 4599
f 4582 4583 4600
f 4583 4584 4601
f 4584 4585 4602
f 4585 4586 4603
f 4586 4587 4604
f 4587 4588 4605
f 4588 4589 4606
f 4589 4590 4607
f 4590 4591 4608
f 4591 4592 4609
f 4592 4593 4610
f 4593 4594 4611
f 4594 4595 4612
f 4595 4596 4613
f 4596 4597 4614
f 4597 307 306
f 4580 4598 225
f 4581 4599 4598
f 4582 4600 4599
f 4583 4601 4600
f 4584 4602 4601
f 4585 4603 4602
f 4586 4604 4603
f 4587 4605 4604
f 4588 4606 4605
f 4589 4607 4606
f 4590 4608 4607
f 4591 4609 4608
f 4592 4610 4609
f 4593 4611 4610
f 4594 4612 4611
f 4595 4613 4612
f 4596 4614 4613
f 4597 306 4614
f 225 4598 226
f 4598 4599 4615
f 4599 4600 4616
f 4600 4601 4617
f 4601 4602 4618
f 4602 4603 4619
f 4603 4604 4620
f 4604 4605 4621
f 4605 4606 4622
f 4606 4607 4623
f 4607 4608 4624
f 4608 4609 4625
f 4609 4610 4626
f 4610 4611 4627
f 4611 4612 4628
f 4612 4613 4629
f 4613 4614 4630
f 4614 306 305
f 4598 4615 226
f 4599 4616 4615
f 4600 4617 4616
f 4601 4618 4617
f 4602 4619 4618
f 4603 4620 4619
f 4604 4621 4620
f 4605 4622 4621
f 4606 4623 4622
f 4607 4624 4623
f 4608 4625 4624
f 4609 4626 4625
f 4610 4627 4626
f 4611 4628 4627
f 4612 4629 4628
f 4613 4630 4629
f 4614 305 4630
f 226 4615 227
f 4615 4616 4631
f 4616 4617 4632
f 4617 4618 4633
f 4618 4619 4634
f 4619 4620 4635
f 4620 4621 4636
f 4621 4622 4637
f 4622 4623 4638
f 4623 4624 4639
f 4624 4625 4640
f 4625 4626 4641
f 4626 4627 4642
f 4627 4628 4643
f 4628 4629 4644
f 4629 4630 4645
f 4630 305 304
f 4615 4631 227
f 4616 4632 4631
f 4617 4633 4632
f 4618 4634 4633
f 4619 4635 4634
f 4620 4636 4635
f 4621 4637 4636
f 4622 4638 4637
f 4623 4639 4638
f 4624 4640 4639
f 4625 4641 4640
f 4626 4642 4641
f 4627 4643 4642
f 4628 4644 4643
f 4629 4645 4644
f 4630 304 4645
f 227 4631 228
f 4631 4632 4646
f 4632 4633 4647
f 4633 4634 4648
f 4634 4635 4649
f 4635 4636 4650
f 4636 4637 4651
f 4637 4638 4652
f 4638 4639 4653
f 4639 4640 4654
f 4640 4641 4655
f 4641 4642 4656
f 4642 4643 4657
f 4643 4644 4658
f 4644 4645 4659
f 4645 304 303
f 4631 4646 228
f 4632 4647 4646
f 4633 4648 4647
f 4634 4649 4648
f 4635 4650 4649
f 4636 4651 4650
f 4637 4652 4651
f 4638 4653 4652
f 4639 4654 4653
f 4640 4655 4654
f 4641 4656 4655
f 4642 4657 4656
f 4643 4658 4657
f 4644 4659 4658
f 4645 303 4659
f 228 4646 229
f 4646 4647 4660
f 4647 4648 4661
f 4648 4649 4662
f 4649 4650 4663
f 4650 4651 4664
f 4651 4652 4665
f 4652 4653 4666
f 4653 4654 4667
f 4654 4655 4668
f 4655 4656 4669
f 4656 4657 4670
f 4657 4658 4671
f 4658 4659 4672
f 4659 303 302
f 4646 4660 229
f 4647 4661 4660
f 4648 4662 4661
f 4649 4663 4662
f 4650 4664 4663
f 4651 4665 4664
f 4652 4666 4665
f 4653 4667 4666
f 4654 4668 4667
f 4655 4669 4668
f 4656 4670 4669
f 4657 4671 4670
f 4658 4672 4671
f 4659 302 4672
f 229 4660 230
f 4660 4661 4673
f 4661 4662 4674
f 4662 4663 4675
f 4663 4664 4676
f 4664 4665 4677
f 4665 4666 4678
f 4666 4667 4679
f 4667 4668 4680
f 4668 4669 4681
f 4669 4670 4682
f 4670 4671 4683
f 4671 4672 4684
f 4672 302 301
f 4660 4673 230
f 4661 4674 4673
f 4662 4675 4674
f 4663 4676 4675
f 4664 4677 4676
f 4665 4678 4677
f 4666 4679 4678
f 4667 4680 4679
f 4668 4681 4680
f 4669 4682 4681
f 4670 4683 4682
f 4671 4684 4683
f 4672 301 4684
f 230 4673 231
f 4673 4674 4685
f 4674 4675 4686
f 4675 4676 4687
f 4676 4677 4688
f 4677 4678 4689
f 4678 4679 4690
f 4679 4680 4691
f 4680 4681 4692
f 4681 4682 4693
f 4682 4683 4694
f 4683 4684 4695
f 4684 301 300
f 4673 4685 231
f 4674 4686 4685
f 4675 4687 4686
f 4676 4688 4687
f 4677 4689 4688
f 4678 4690 4689
f 4679 4691 4690
f 4680 4692 4691
f 4681 4693 4692
f 4682 4694 4693
f 4683 4695 4694
f 4684 300 4695
f 231 4685 232
f 4685 4686 4696
f 4686 4687 4697
f 4687 4688 4698
f 4688 4689 4699
f 4689 4690 4700
f 4690 4691 4701
f 4691 4692 4702
f 4692 4693 4703
f 4693 4694 4704
f 4694 4695 4705
f 4695 300 299
f 4685 4696 232
f 4686 4697 4696
f 4687 4698 4697
f 4688 4699 4698
f 4689 4700 4699
f 4690 4701 4700
f 4691 4702 4701
f 4692 4703 4702
f 4693 4704 4703
f 4694 4705 4704
f 4695 299 4705
f 232 4696 233
f 4696 4697 4706
f 4697 4698 4707
f 4698 4699 4708
f 4699 4700 4709
f 4700 4701 4710
f 4701 4702 4711
f 4702 4703 4712
f 4703 4704 4713
f 4704 4705 4714
f 4705 299 298
f 4696 4706 233
f 4697 4707 4706
f 4698 4708 4707
f 4699 4709 4708
f 4700 4710 4709
f 4701 4711 4710
f 4702 4712 4711
f 4703 4713 4712
f 4704 4714 4713
f 4705 298 4714
f 233 4706 234
f 4706 4707 4715
f 4707 4708 4716
f 4708 4709 4717
f 4709 4710 4718
f 4710 4711 4719
f 4711 4712 4720
f 4712 4713 4721
f 4713 4714 4722
f 4714 298 297
f 4706 4715 234
f 4707 4716 4715
f 4708 4717 4716
f 4709 4718 4717
f 4710 4719 4718
f 4711 4720 4719
f 4712 4721 4720
f 4713 4722 4721
f 4714 297 4722
f 234 4715 235
f 4715 4716 4723
f 4716 4717 4724
f 4717 4718 4725
f 4718 4719 4726
f 4719 4720 4727
f 4720 4721 4728
f 4721 4722 4729
f 4722 297 296
f 4715 4723 235
f 4716 4724 4723
f 4717 4725 4724
f 4718 4726 4725
f 4719 4727 4726
f 4720 4728 4727
f 4721 4729 4728
f 4722 296 4729
f 235 4723 236
f 4723 4724 4730
f 4724 4725 4731
f 4725 4726 4732
f 4726 4727 4733
f 4727 4728 4734
f 4728 4729 4735
f 4729 296 295
f 4723 4730 236
f 4724 4731 4730
f 4725 4732 4731
f 4726 4733 4732
f 4727 4734 4733
f 4728 4735 4734
f 4729 295 4735
f 236 4730 237
f 4730 4731 4736
f 4731 4732 4737
f 4732 4733 4738
f 4733 4734 4739
f 4734 4735 4740
f 4735 295 294
f 4730 4736 237
f 4731 4737 4736
f 4732 4738 4737
f 4733 4739 4738
f 4734 4740 4739
f 4735 294 4740
f 237 4736 238
f 4736 4737 4741
f 4737 4738 4742
f 4738 4739 4743
f 4739 4740 4744
f 4740 294 293
f 4736 4741 238
f 4737 4742 4741
f 4738 4743 4742
f 4739 4744 4743
f 4740 293 4744
f 238 4741 239
f 4741 4742 4745
f 4742 4743 4746
f 4743 4744 4747
f 4744 293 292
f 4741 4745 239
f 4742 4746 4745
f 4743 4747 4746
f 4744 292 4747
f 239 4745 240
f 4745 4746 4748
f 4746 4747 4749
f 4747 292 291
f 4745 4748 240
f 4746 4749 4748
f 4747 291 4749
f 240 4748 241
f 4748 4749 4750
f 4749 291 290
f 4748 4750 241
f 4749 290 4750
f 241 4750 242
f 4750 290 289
f 4750 289 242
f 242 289 6
f 3 381 105
f 381 382 4751
f 382 383 4752
f 383 384 4753
f 384 385 4754
f 385 386 4755
f 386 387 4756
f 387 388 4757
f 388 389 4758
f 389 390 4759
f 390 391 4760
f 391 392 4761
f 392 393 4762
f 393 394 4763
f 394 395 4764
f 395 396 4765
f 396 397 4766
f 397 398 4767
f 398 399 4768
f 399 400 4769
f 400 401 4770
f 401 402 4771
f 402 403 4772
f 403 5 312
f 381 4751 105
f 382 4752 4751
f 383 4753 4752
f 384 4754 4753
f 385 4755 4754
f 386 4756 4755
f 387 4757 4756
f 388 4758 4757
f 389 4759 4758
f 390 4760 4759
f 391 4761 4760
f 392 4762 4761
f 393 4763 4762
f 394 4764 4763
f 395 4765 4764
f 396 4766 4765
f 397 4767 4766
f 398 4768 4767
f 399 4769 4768
f 400 4770 4769
f 401 4771 4770
f 402 4772 4771
f 403 312 4772
f 105 4751 106
f 4751 4752 4773
f 4752 4753 4774
f 4753 4754 4775
f 4754 4755 4776
f 4755 4756 4777
f 4756 4757 4778
f 4757 4758 4779
f 4758 4759 4780
f 4759 4760 4781
f 4760 4761 4782
f 4761 4762 4783
f 4762 4763 4784
f 4763 4764 4785
f 4764 4765 4786
f 4765 4766 4787
f 4766 4767 4788
f 4767 4768 4789
f 4768 4769 4790
f 4769 4770 4791
f 4770 4771 4792
f 4771 4772 4793
f 4772 312 313
f 4751 4773 106
f 4752 4774 4773
f 4753 4775 4774
f 4754 4776 4775
f 4755 4777 4776
f 4756 4778 4777
f 4757 4779 4778
f 4758 4780 4779
f 4759 4781 4780
f 4760 4782 4781
f 4761 4783 4782
f 4762 4784 4783
f 4763 4785 4784
f 4764 4786 4785
f 4765 4787 4786
f 4766 4788 4787
f 4767 4789 4788
f 4768 4790 4789
f 4769 4791 4790
f 4770 4792 4791
f 4771 4793 4792
f 4772 313 4793
f 106 4773 107
f 4773 4774 4794
f 4774 4775 4795
f 4775 4776 4796
f 4776 4777 4797
f 4777 4778 4798
f 4778 4779 4799
f 4779 4780 4800
f 4780 4781 4801
f 4781 4782 4802
f 4782 4783 4803
f 4783 4784 4804
f 4784 4785 4805
f 4785 4786 4806
f 4786 4787 4807
f 4787 4788 4808
f 4788 4789 4809
f 4789 4790 4810
f 4790 4791 4811
f 4791 4792 4812
f 4792 4793 4813
f 4793 313 314
f 4773 4794 107
f 4774 4795 4794
f 4775 4796 4795
f 4776 4797 4796
f 4777 4798 4797
f 4778 4799 4798
f 4779 4800 4799
f 4780 4801 4800
f 4781 4802 4801
f 4782 4803 4802
f 4783 4804 4803
f 4784 4805 4804
f 4785 4806 4805
f 4786 4807 4806
f 4787 4808 4807
f 4788 4809 4808
f 4789 4810 4809
f 4790 4811 4810
f 4791 4812 4811
f 4792 4813 4812
f 4793 314 4813
f 107 4794 108
f 4794 4795 4814
f 4795 4796 4815
f 4796 4797 4816
f 4797 4798 4817
f 4798 4799 4818
f 4799 4800 4819
f 4800 4801 4820
f 4801 4802 4821
f 4802 4803 4822
f 4803 4804 4823
f 4804 4805 4824
f 4805 4806 4825
f 4806 4807 4826
f 4807 4808 4827
f 4808 4809 4828
f 4809 4810 4829
f 4810 4811 4830
f 4811 4812 4831
f 4812 4813 4832
f 4813 314 315
f 4794 4814 108
f 4795 4815 4814
f 4796 4816 4815
f 4797 4817 4816
f 4798 4818 4817
f 4799 4819 4818
f 4800 4820 4819
f 4801 4821 4820
f 4802 4822 4821
f 4803 4823 4822
f 4804 4824 4823
f 4805 4825 4824
f 4806 4826 4825
f 4807 4827 4826
f 4808 4828 4827
f 4809 4829 4828
f 4810 4830 4829
f 4811 4831 4830
f 4812 4832 4831
f 4813 315 4832
f 108 4814 109
f 4814 4815 4833
f 4815 4816 4834
f 4816 4817 4835
f 4817 4818 4836
f 4818 4819 4837
f 4819 4820 4838
f 4820 4821 4839
f 4821 4822 4840
f 4822 4823 4841
f 4823 4824 4842
f 4824 4825 4843
f 4825 4826 4844
f 4826 4827 4845
f 4827 4828 4846
f 4828 4829 4847
f 4829 4830 4848
f 4830 4831 4849
f 4831 4832 4850
f 4832 315 316
f 4814 4833 109
f 4815 4834 4833
f 4816 4835 4834
f 4817 4836 4835
f 4818 4837 4836
f 4819 4838 4837
f 4820 4839 4838
f 4821 4840 4839
f 4822 4841 4840
f 4823 4842 4841
f 4824 4843 4842
f 4825 4844 4843
f 4826 4845 4844
f 4827 4846 4845
f 4828 4847 4846
f 4829 4848 4847
f 4830 4849 4848
f 4831 4850 4849
f 4832 316 4850
f 109 4833 110
f 4833 4834 4851
f 4834 4835 4852
f 4835 4836 4853
f 4836 4837 4854
f 4837 4838 4855
f 4838 4839 4856
f 4839 4840 4857
f 4840 4841 4858
f 4841 4842 4859
f 4842 4843 4860
f 4843 4844 4861
f 4844 4845 4862
f 4845 4846 4863
f 4846 4847 4864
f 4847 4848 4865
f 4848 4849 4866
f 4849 4850 4867
f 4850 316 317
f 4833 4851 110
f 4834 4852 4851
f 4835 4853 4852
f 4836 4854 4853
f 4837 4855 4854
f 4838 4856 4855
f 4839 4857 4856
f 4840 4858 4857
f 4841 4859 4858
f 4842 4860 4859
f 4843 4861 4860
f 4844 4862 4861
f 4845 4863 4862
f 4846 4864 4863
f 4847 4865 4864
f 4848 4866 4865
f 4849 4867 4866
f 4850 317 4867
f 110 4851 111
f 4851 4852 4868
f 4852 4853 4869
f 4853 4854 4870
f 4854 4855 4871
f 4855 4856 4872
f 4856 4857 4873
f 4857 4858 4874
f 4858 4859 4875
f 4859 4860 4876
f 4860 4861 4877
f 4861 4862 4878
f 4862 4863 4879
f 4863 4864 4880
f 4864 4865 4881
f 4865 4866 4882
f 4866 4867 4883
f 4867 317 318
f 4851 4868 111
f 4852 4869 4868
f 4853 4870 4869
f 4854 4871 4870
f 4855 4872 4871
f 4856 4873 4872
f 4857 4874 4873
f 4858 4875 4874
f 4859 4876 4875
f 4860 4877 4876
f 4861 4878 4877
f 4862 4879 4878
f 4863 4880 4879
f 4864 4881 4880
f 4865 4882 4881
f 4866 4883 4882
f 4867 318 4883
f 111 4868 112
f 4868 4869 4884
f 4869 4870 4885
f 4870 4871 4886
f 4871 4872 4887
f 4872 4873 4888
f 4873 4874 4889
f 4874 4875 4890
f 4875 4876 4891
f 4876 4877 4892
f 4877 4878 4893
f 4878 4879 4894
f 4879 4880 4895
f 4880 4881 4896
f 4881 4882 4897
f 4882 4883 4898
f 4883 318 319
f 4868 4884 112
f 4869 4885 4884
f 4870 4886 4885
f 4871 4887 4886
f 4872 4888 4887
f 4873 4889 4888
f 4874 4890 4889
f 4875 4891 4890
f 4876 4892 4891
f 4877 4893 4892
f 4878 4894 4893
f 4879 4895 4894
f 4880 4896 4895
f 4881 4897 4896
f 4882 4898 4897
f 4883 319 4898
f 112 4884 113
f 4884 4885 4899
f 4885 4886 4900
f 4886 4887 4901
f 4887 4888 4902
f 4888 4889 4903
f 4889 4890 4904
f 4890 4891 4905
f 4891 4892 4906
f 4892 4893 4907
f 4893 4894 4908
f 4894 4895 4909
f 4895 4896 4910
f 4896 4897 4911
f 4897 4898 4912
f 4898 319 320
f 4884 4899 113
f 4885 4900 4899
f 4886 4901 4900
f 4887 4902 4901
f 4888 4903 4902
f 4889 4904 4903
f 4890 4905 4904
f 4891 4906 4905
f 4892 4907 4906
f 4893 4908 4907
f 4894 4909 4908
f 4895 4910 4909
f 4896 4911 4910
f 4897 4912 4911
f 4898 320 4912
f 113 4899 114
f 4899 4900 4913
f 4900 4901 4914
f 4901 4902 4915
f 4902 4903 4916
f 4903 4904 4917
f 4904 4905 4918
f 4905 4906 4919
f 4906 4907 4920
f 4907 4908 4921
f 4908 4909 4922
f 4909 4910 4923
f 4910 4911 4924
f 4911 4912 4925
f 4912 320 321
f 4899 4913 114
f 4900 4914 4913
f 4901 4915 4914
f 4902 4916 4915
f 4903 4917 4916
f 4904 4918 4917
f 4905 4919 4918
f 4906 4920 4919
f 4907 4921 4920
f 4908 4922 4921
f 4909 4923 4922
f 4910 4924 4923
f 4911 4925 4924
f 4912 321 4925
f 114 4913 115
f 4913 4914 4926
f 4914 4915 4927
f 4915 4916 4928
f 4916 4917 4929
f 4917 4918 4930
f 4918 4919 4931
f 4919 4920 4932
f 4920 4921 4933
f 4921 4922 4934
f 4922 4923 4935
f 4923 4924 4936
f 4924 4925 4937
f 4925 321 322
f 4913 4926 115
f 4914 4927 4926
f 4915 4928 4927
f 4916 4929 4928
f 4917 4930 4929
f 4918 4931 4930
f 4919 4932 4931
f 4920 4933 4932
f 4921 4934 4933
f 4922 4935 4934
f 4923 4936 4935
f 4924 4937 4936
f 4925 322 4937
f 115 4926 116
f 4926 4927 4938
f 4927 4928 4939
f 4928 4929 4940
f 4929 4930 4941
f 4930 4931 4942
f 4931 4932 4943
f 4932 4933 4944
f 4933 4934 4945
f 4934 4935 4946
f 4935 4936 4947
f 4936 4937 4948
f 4937 322 323
f 4926 4938 116
f 4927 4939 4938
f 4928 4940 4939
f 4929 4941 4940
f 4930 4942 4941
f 4931 4943 4942
f 4932 4944 4943
f 4933 4945 4944
f 4934 4946 4945
f 4935 4947 4946
f 4936 4948 4947
f 4937 323 4948
f 116 4938 117
f 4938 4939 4949
f 4939 4940 4950
f 4940 4941 4951
f 4941 4942 4952
f 4942 4943 4953
f 4943 4944 4954
f 4944 4945 4955
f 4945 4946 4956
f 4946 4947 4957
f 4947 4948 4958
f 4948 323 324
f 4938 4949 117
f 4939 4950 4949
f 4940 4951 4950
f 4941 4952 4951
f 4942 4953 4952
f 4943 4954 4953
f 4944 4955 4954
f 4945 4956 4955
f 4946 4957 4956
f 4947 4958 4957
f 4948 324 4958
f 117 4949 118
f 4949 4950 4959
f 4950 4951 4960
f 4951 4952 4961
f 4952 4953 4962
f 4953 4954 4963
f 4954 4955 4964
f 4955 4956 4965
f 4956 4957 4966
f 4957 4958 4967
f 4958 324 325
f 4949 4959 118
f 4950 4960 4959
f 4951 4961 4960
f 4952 4962 4961
f 4953 4963 4962
f 4954 4964 4963
f 4955 4965 4964
f 4956 4966 4965
f 4957 4967 4966
f 4958 325 4967
f 118 4959 119
f 4959 4960 4968
f 4960 4961 4969
f 4961 4962 4970
f 4962 4963 4971
f 4963 4964 4972
f 4964 4965 4973
f 4965 4966 4974
f 4966 4967 4975
f 4967 325 326
f 4959 4968 119
f 4960 4969 4968
f 4961 4970 4969
f 4962 4971 4970
f 4963 4972 4971
f 4964 4973 4972
f 4965 4974 4973
f 4966 4975 4974
f 4967 326 4975
f 119 4968 120
f 4968 4969 4976
f 4969 4970 4977
f 4970 4971 4978
f 4971 4972 4979
f 4972 4973 4980
f 4973 4974 4981
f 4974 4975 4982
f 4975 326 327
f 4968 4976 120
f 4969 4977 4976
f 4970 4978 4977
f 4971 4979 4978
f 4972 4980 4979
f 4973 4981 4980
f 4974 4982 4981
f 4975 327 4982
f 120 4976 121
f 4976 4977 4983
f 4977 4978 4984
f 4978 4979 4985
f 4979 4980 4986
f 4980 4981 4987
f 4981 4982 4988
f 4982 327 328
f 4976 4983 121
f 4977 4984 4983
f 4978 4985 4984
f 4979 4986 4985
f 4980 4987 4986
f 4981 4988 4987
f 4982 328 4988
f 121 4983 122
f 4983 4984 4989
f 4984 4985 4990
f 4985 4986 4991
f 4986 4987 4992
f 4987 4988 4993
f 4988 328 329
f 4983 4989 122
f 4984 4990 4989
f 4985 4991 4990
f 4986 4992 4991
f 4987 4993 4992
f 4988 329 4993
f 122 4989 123
f 4989 4990 4994
f 4990 4991 4995
f 4991 4992 4996
f 4992 4993 4997
f 4993 329 330
f 4989 4994 123
f 4990 4995 4994
f 4991 4996 4995
f 4992 4997 4996
f 4993 330 4997
f 123 4994 124
f 4994 4995 4998
f 4995 4996 4999
f 4996 4997 5000
f 4997 330 331
f 4994 4998 124
f 4995 4999 4998
f 4996 5000 4999
f 4997 331 5000
f 124 4998 125
f 4998 4999 5001
f 4999 5000 5002
f 5000 331 332
f 4998 5001 125
f 4999 5002 5001
f 5000 332 5002
f 125 5001 126
f 5001 5002 5003
f 5002 332 333
f 5001 5003 126
f 5002 333 5003
f 126 5003 127
f 5003 333 334
f 5003 334 127
f 127 334 12
f 7 679 542
f 679 678 5004
f 678 677 5005
f 677 676 5006
f 676 675 5007
f 675 674 5008
f 674 673 5009
f 673 672 5010
f 672 671 5011
f 671 670 5012
f 670 669 5013
f 669 668 5014
f 668 667 5015
f 667 666 5016
f 666 665 5017
f 665 664 5018
f 664 663 5019
f 663 662 5020
f 662 661 5021
f 661 660 5022
f 660 659 5023
f 659 658 5024
f 658 657 5025
f 657 3 473
f 679 5004 542
f 678 5005 5004
f 677 5006 5005
f 676 5007 5006
f 675 5008 5007
f 674 5009 5008
f 673 5010 5009
f 672 5011 5010
f 671 5012 5011
f 670 5013 5012
f 669 5014 5013
f 668 5015 5014
f 667 5016 5015
f 666 5017 5016
f 665 5018 5017
f 664 5019 5018
f 663 5020 5019
f 662 5021 5020
f 661 5022 5021
f 660 5023 5022
f 659 5024 5023
f 658 5025 5024
f 657 473 5025
f 542 5004 543
f 5004 5005 5026
f 5005 5006 5027
f 5006 5007 5028
f 5007 5008 5029
f 5008 5009 5030
f 5009 5010 5031
f 5010 5011 5032
f 5011 5012 5033
f 5012 5013 5034
f 5013 5014 5035
f 5014 5015 5036
f 5015 5016 5037
f 5016 5017 5038
f 5017 5018 5039
f 5018 5019 5040
f 5019 5020 5041
f 5020 5021 5042
f 5021 5022 5043
f 5022 5023 5044
f 5023 5024 5045
f 5024 5025 5046
f 5025 473 474
f 5004 5026 543
f 5005 5027 5026
f 5006 5028 5027
f 5007 5029 5028
f 5008 5030 5029
f 5009 5031 5030
f 5010 5032 5031
f 5011 5033 5032
f 5012 5034 5033
f 5013 5035 5034
f 5014 5036 5035
f 5015 5037 5036
f 5016 5038 5037
f 5017 5039 5038
f 5018 5040 5039
f 5019 5041 5040
f 5020 5042 5041
f 5021 5043 5042
f 5022 5044 5043
f 5023 5045 5044
f 5024 5046 5045
f 5025 474 5046
f 543 5026 544
f 5026 5027 5047
f 5027 5028 5048
f 5028 5029 5049
f 5029 5030 5050
f 5030 5031 5051
f 5031 5032 5052
f 5032 5033 5053
f 5033 5034 5054
f 5034 5035 5055
f 5035 5036 5056
f 5036 5037 5057
f 5037 5038 5058
f 5038 5039 5059
f 5039 5040 5060
f 5040 5041 5061
f 5041 5042 5062
f 5042 5043 5063
f 5043 5044 5064
f 5044 5045 5065
f 5045 5046 5066
f 5046 474 475
f 5026 5047 544
f 5027 5048 5047
f 5028 5049 5048
f 5029 5050 5049
f 5030 5051 5050
f 5031 5052 5051
f 5032 5053 5052
f 5033 5054 5053
f 5034 5055 5054
f 5035 5056 5055
f 5036 5057 5056
f 5037 5058 5057
f 5038 5059 5058
f 5039 5060 5059
f 5040 5061 5060
f 5041 5062 5061
f 5042 5063 5062
f 5043 5064 5063
f 5044 5065 5064
f 5045 5066 5065
f 5046 475 5066
f 544 5047 545
f 5047 5048 5067
f 5048 5049 5068
f 5049 5050 5069
f 5050 5051 5070
f 5051 5052 5071
f 5052 5053 5072
f 5053 5054 5073
f 5054 5055 5074
f 5055 5056 5075
f 5056 5057 5076
f 5057 5058 5077
f 5058 5059 5078
f 5059 5060 5079
f 5060 5061 5080
f 5061 5062 5081
f 5062 5063 5082
f 5063 5064 5083
f 5064 5065 5084
f 5065 5066 5085
f 5066 475 476
f 5047 5067 545
f 5048 5068 5067
f 5049 5069 5068
f 5050 5070 5069
f 5051 5071 5070
f 5052 5072 5071
f 5053 5073 5072
f 5054 5074 5073
f 5055 5075 5074
f 5056 5076 5075
f 5057 5077 5076
f 5058 5078 5077
f 5059 5079 5078
f 5060 5080 5079
f 5061 5081 5080
f 5062 5082 5081
f 5063 5083 5082
f 5064 5084 5083
f 5065 5085 5084
f 5066 476 5085
f 545 5067 546
f 5067 5068 5086
f 5068 5069 5087
f 5069 5070 5088
f 5070 5071 5089
f 5071 5072 5090
f 5072 5073 5091
f 5073 5074 5092
f 5074 5075 5093
f 5075 5076 5094
f 5076 5077 5095
f 5077 5078 5096
f 5078 5079 5097
f 5079 5080 5098
f 5080 5081 5099
f 5081 5082 5100
f 5082 5083 5101
f 5083 5084 5102
f 5084 5085 5103
f 5085 476 477
f 5067 5086 546
f 5068 5087 5086
f 5069 5088 5087
f 5070 5089 5088
f 5071 5090 5089
f 5072 5091 5090
f 5073 5092 5091
f 5074 5093 5092
f 5075 5094 5093
f 5076 5095 5094
f 5077 5096 5095
f 5078 5097 5096
f 5079 5098 5097
f 5080 5099 5098
f 5081 5100 5099
f 5082 5101 5100
f 5083 5102 5101
f 5084 5103 5102
f 5085 477 5103
f 546 5086 547
f 5086 5087 5104
f 5087 5088 5105
f 5088 5089 5106
f 5089 5090 5107
f 5090 5091 5108
f 5091 5092 5109
f 5092 5093 5110
f 5093 5094 5111
f 5094 5095 5112
f 5095 5096 5113
f 5096 5097 5114
f 5097 5098 5115
f 5098 5099 5116
f 5099 5100 5117
f 5100 5101 5118
f 5101 5102 5119
f 5102 5103 5120
f 5103 477 478
f 5086 5104 547
f 5087 5105 5104
f 5088 5106 5105
f 5089 5107 5106
f 5090 5108 5107
f 5091 5109 5108
f 5092 5110 5109
f 5093 5111 5110
f 5094 5112 5111
f 5095 5113 5112
f 5096 5114 5113
f 5097 5115 5114
f 5098 5116 5115
f 5099 5117 5116
f 5100 5118 5117
f 5101 5119 5118
f 5102 5120 5119
f 5103 478 5120
f 547 5104 548
f 5104 5105 5121
f 5105 5106 5122
f 5106 5107 5123
f 5107 5108 5124
f 5108 5109 5125
f 5109 5110 5126
f 5110 5111 5127
f 5111 5112 5128
f 5112 5113 5129
f 5113 5114 5130
f 5114 5115 5131
f 5115 5116 5132
f 5116 5117 5133
f 5117 5118 5134
f 5118 5119 5135
f 5119 5120 5136
f 5120 478 479
f 5104 5121 548
f 5105 5122 5121
f 5106 5123 5122
f 5107 5124 5123
f 5108 5125 5124
f 5109 5126 5125
f 5110 5127 5126
f 5111 5128 5127
f 5112 5129 5128
f 5113 5130 5129
f 5114 5131 5130
f 5115 5132 5131
f 5116 5133 5132
f 5117 5134 5133
f 5118 5135 5134
f 5119 5136 5135
f 5120 479 5136
f 548 5121 549
f 5121 5122 5137
f 5122 5123 5138
f 5123 5124 5139
f 5124 5125 5140
f 5125 5126 5141
f 5126 5127 5142
f 5127 5128 5143
f 5128 5129 5144
f 5129 5130 5145
f 5130 5131 5146
f 5131 5132 5147
f 5132 5133 5148
f 5133 5134 5149
f 5134 5135 5150
f 5135 5136 5151
f 5136 479 480
f 5121 5137 549
f 5122 5138 5137
f 5123 5139 5138
f 5124 5140 5139
f 5125 5141 5140
f 5126 5142 5141
f 5127 5143 5142
f 5128 5144 5143
f 5129 5145 5144
f 5130 5146 5145
f 5131 5147 5146
f 5132 5148 5147
f 5133 5149 5148
f 5134 5150 5149
f 5135 5151 5150
f 5136 480 5151
f 549 5137 550
f 5137 5138 5152
f 5138 5139 5153
f 5139 5140 5154
f 5140 5141 5155
f 5141 5142 5156
f 5142 5143 5157
f 5143 5144 5158
f 5144 5145 5159
f 5145 5146 5160
f 5146 5147 5161
f 5147 5148 5162
f 5148 5149 5163
f 5149 5150 5164
f 5150 5151 5165
f 5151 480 481
f 5137 5152 550
f 5138 5153 5152
f 5139 5154 5153
f 5140 5155 5154
f 5141 5156 5155
f 5142 5157 5156
f 5143 5158 5157
f 5144 5159 5158
f 5145 5160 5159
f 5146 5161 5160
f 5147 5162 5161
f 5148 5163 5162
f 5149 5164 5163
f 5150 5165 5164
f 5151 481 5165
f 550 5152 551
f 5152 5153 5166
f 5153 5154 5167
f 5154 5155 5168
f 5155 5156 5169
f 5156 5157 5170
f 5157 5158 5171
f 5158 5159 5172
f 5159 5160 5173
f 5160 5161 5174
f 5161 5162 5175
f 5162 5163 5176
f 5163 5164 5177
f 5164 5165 5178
f 5165 481 482
f 5152 5166 551
f 5153 5167 5166
f 5154 5168 5167
f 5155 5169 5168
f 5156 5170 5169
f 5157 5171 5170
f 5158 5172 5171
f 5159 5173 5172
f 5160 5174 5173
f 5161 5175 5174
f 5162 5176 5175
f 5163 5177 5176
f 5164 5178 5177
f 5165 482 5178
f 551 5166 552
f 5166 5167 5179
f 5167 5168 5180
f 5168 5169 5181
f 5169 5170 5182
f 5170 5171 5183
f 5171 5172 5184
f 5172 5173 5185
f 5173 5174 5186
f 5174 5175 5187
f 5175 5176 5188
f 5176 5177 5189
f 5177 5178 5190
f 5178 482 483
f 5166 5179 552
f 5167 5180 5179
f 5168 5181 5180
f 5169 5182 5181
f 5170 5183 5182
f 5171 5184 5183
f 5172 5185 5184
f 5173 5186 5185
f 5174 5187 5186
f 5175 5188 5187
f 5176 5189 5188
f 5177 5190 5189
f 5178 483 5190
f 552 5179 553
f 5179 5180 5191
f 5180 5181 5192
f 5181 5182 5193
f 5182 5183 5194
f 5183 5184 5195
f 5184 5185 5196
f 5185 5186 5197
f 5186 5187 5198
f 5187 5188 5199
f 5188 5189 5200
f 5189 5190 5201
f 5190 483 484
f 5179 5191 553
f 5180 5192 5191
f 5181 5193 5192
f 5182 5194 5193
f 5183 5195 5194
f 5184 5196 5195
f 5185 5197 5196
f 5186 5198 5197
f 5187 5199 5198
f 5188 5200 5199
f 5189 5201 5200
f 5190 484 5201
f 553 5191 554
f 5191 5192 5202
f 5192 5193 5203
f 5193 5194 5204
f 5194 5195 5205
f 5195 5196 5206
f 5196 5197 5207
f 5197 5198 5208
f 5198 5199 5209
f 5199 5200 5210
f 5200 5201 5211
f 5201 484 485
f 5191 5202 554
f 5192 5203 5202
f 5193 5204 5203
f 5194 5205 5204
f 5195 5206 5205
f 5196 5207 5206
f 5197 5208 5207
f 5198 5209 5208
f 5199 5210 5209
f 5200 5211 5210
f 5201 485 5211
f 554 5202 555
f 5202 5203 5212
f 5203 5204 5213
f 5204 5205 5214
f 5205 5206 5215
f 5206 5207 5216
f 5207 5208 5217
f 5208 5209 5218
f 5209 5210 5219
f 5210 5211 5220
f 5211 485 486
f 5202 5212 555
f 5203 5213 5212
f 5204 5214 5213
f 5205 5215 5214
f 5206 5216 5215
f 5207 5217 5216
f 5208 5218 5217
f 5209 5219 5218
f 5210 5220 5219
f 5211 486 5220
f 555 5212 556
f 5212 5213 5221
f 5213 5214 5222
f 5214 5215 5223
f 5215 5216 5224
f 5216 5217 5225
f 5217 5218 5226
f 5218 5219 5227
f 5219 5220 5228
f 5220 486 487
f 5212 5221 556
f 5213 5222 5221
f 5214 5223 5222
f 5215 5224 5223
f 5216 5225 5224
f 5217 5226 5225
f 5218 5227 5226
f 5219 5228 5227
f 5220 487 5228
f 556 5221 557
f 5221 5222 5229
f 5222 5223 5230
f 5223 5224 5231
f 5224 5225 5232
f 5225 5226 5233
f 5226 5227 5234
f 5227 5228 5235
f 5228 487 488
f 5221 5229 557
f 5222 5230 5229
f 5223 5231 5230
f 5224 5232 5231
f 5225 5233 5232
f 5226 5234 5233
f 5227 5235 5234
f 5228 488 5235
f 557 5229 558
f 5229 5230 5236
f 5230 5231 5237
f 5231 5232 5238
f 5232 5233 5239
f 5233 5234 5240
f 5234 5235 5241
f 5235 488 489
f 5229 5236 558
f 5230 5237 5236
f 5231 5238 5237
f 5232 5239 5238
f 5233 5240 5239
f 5234 5241 5240
f 5235 489 5241
f 558 5236 559
f 5236 5237 5242
f 5237 5238 5243
f 5238 5239 5244
f 5239 5240 5245
f 5240 5241 5246
f 5241 489 490
f 5236 5242 559
f 5237 5243 5242
f 5238 5244 5243
f 5239 5245 5244
f 5240 5246 5245
f 5241 490 5246
f 559 5242 560
f 5242 5243 5247
f 5243 5244 5248
f 5244 5245 5249
f 5245 5246 5250
f 5246 490 491
f 5242 5247 560
f 5243 5248 5247
f 5244 5249 5248
f 5245 5250 5249
f 5246 491 5250
f 560 5247 561
f 5247 5248 5251
f 5248 5249 5252
f 5249 5250 5253
f 5250 491 492
f 5247 5251 561
f 5248 5252 5251
f 5249 5253 5252
f 5250 492 5253
f 561 5251 562
f 5251 5252 5254
f 5252 5253 5255
f 5253 492 493
f 5251 5254 562
f 5252 5255 5254
f 5253 493 5255
f 562 5254 563
f 5254 5255 5256
f 5255 493 494
f 5254 5256 563
f 5255 494 5256
f 563 5256 564
f 5256 494 495
f 5256 495 564
f 564 495 11
f 9 219 702
f 219 218 5257
f 218 217 5258
f 217 216 5259
f 216 215 5260
f 215 214 5261
f 214 213 5262
f 213 212 5263
f 212 211 5264
f 211 210 5265
f 210 209 5266
f 209 208 5267
f 208 207 5268
f 207 206 5269
f 206 205 5270
f 205 204 5271
f 204 203 5272
f 203 202 5273
f 202 201 5274
f 201 200 5275
f 200 199 5276
f 199 198 5277
f 198 197 5278
f 197 7 519
f 219 5257 702
f 218 5258 5257
f 217 5259 5258
f 216 5260 5259
f 215 5261 5260
f 214 5262 5261
f 213 5263 5262
f 212 5264 5263
f 211 5265 5264
f 210 5266 5265
f 209 5267 5266
f 208 5268 5267
f 207 5269 5268
f 206 5270 5269
f 205 5271 5270
f 204 5272 5271
f 203 5273 5272
f 202 5274 5273
f 201 5275 5274
f 200 5276 5275
f 199 5277 5276
f 198 5278 5277
f 197 519 5278
f 702 5257 701
f 5257 5258 5279
f 5258 5259 5280
f 5259 5260 5281
f 5260 5261 5282
f 5261 5262 5283
f 5262 5263 5284
f 5263 5264 5285
f 5264 5265 5286
f 5265 5266 5287
f 5266 5267 5288
f 5267 5268 5289
f 5268 5269 5290
f 5269 5270 5291
f 5270 5271 5292
f 5271 5272 5293
f 5272 5273 5294
f 5273 5274 5295
f 5274 5275 5296
f 5275 5276 5297
f 5276 5277 5298
f 5277 5278 5299
f 5278 519 520
f 5257 5279 701
f 5258 5280 5279
f 5259 5281 5280
f 5260 5282 5281
f 5261 5283 5282
f 5262 5284 5283
f 5263 5285 5284
f 5264 5286 5285
f 5265 5287 5286
f 5266 5288 5287
f 5267 5289 5288
f 5268 5290 5289
f 5269 5291 5290
f 5270 5292 5291
f 5271 5293 5292
f 5272 5294 5293
f 5273 5295 5294
f 5274 5296 5295
f 5275 5297 5296
f 5276 5298 5297
f 5277 5299 5298
f 5278 520 5299
f 701 5279 700
f 5279 5280 5300
f 5280 5281 5301
f 5281 5282 5302
f 5282 5283 5303
f 5283 5284 5304
f 5284 5285 5305
f 5285 5286 5306
f 5286 5287 5307
f 5287 5288 5308
f 5288 5289 5309
f 5289 5290 5310
f 5290 5291 5311
f 5291 5292 5312
f 5292 5293 5313
f 5293 5294 5314
f 5294 5295 5315
f 5295 5296 5316
f 5296 5297 5317
f 5297 5298 5318
f 5298 5299 5319
f 5299 520 521
f 5279 5300 700
f 5280 5301 5300
f 5281 5302 5301
f 5282 5303 5302
f 5283 5304 5303
f 5284 5305 5304
f 5285 5306 5305
f 5286 5307 5306
f 5287 5308 5307
f 5288 5309 5308
f 5289 5310 5309
f 5290 5311 5310
f 5291 5312 5311
f 5292 5313 5312
f 5293 5314 5313
f 5294 5315 5314
f 5295 5316 5315
f 5296 5317 5316
f 5297 5318 5317
f 5298 5319 5318
f 5299 521 5319
f 700 5300 699
f 5300 5301 5320
f 5301 5302 5321
f 5302 5303 5322
f 5303 5304 5323
f 5304 5305 5324
f 5305 5306 5325
f 5306 5307 5326
f 5307 5308 5327
f 5308 5309 5328
f 5309 5310 5329
f 5310 5311 5330
f 5311 5312 5331
f 5312 5313 5332
f 5313 5314 5333
f 5314 5315 5334
f 5315 5316 5335
f 5316 5317 5336
f 5317 5318 5337
f 5318 5319 5338
f 5319 521 522
f 5300 5320 699
f 5301 5321 5320
f 5302 5322 5321
f 5303 5323 5322
f 5304 5324 5323
f 5305 5325 5324
f 5306 5326 5325
f 5307 5327 5326
f 5308 5328 5327
f 5309 5329 5328
f 5310 5330 5329
f 5311 5331 5330
f 5312 5332 5331
f 5313 5333 5332
f 5314 5334 5333
f 5315 5335 5334
f 5316 5336 5335
f 5317 5337 5336
f 5318 5338 5337
f 5319 522 5338
f 699 5320 698
f 5320 5321 5339
f 5321 5322 5340
f 5322 5323 5341
f 5323 5324 5342
f 5324 5325 5343
f 5325 5326 5344
f 5326 5327 5345
f 5327 5328 5346
f 5328 5329 5347
f 5329 5330 5348
f 5330 5331 5349
f 5331 5332 5350
f 5332 5333 5351
f 5333 5334 5352
f 5334 5335 5353
f 5335 5336 5354
f 5336 5337 5355
f 5337 5338 5356
f 5338 522 523
f 5320 5339 698
f 5321 5340 5339
f 5322 5341 5340
f 5323 5342 5341
f 5324 5343 5342
f 5325 5344 5343
f 5326 5345 5344
f 5327 5346 5345
f 5328 5347 5346
f 5329 5348 5347
f 5330 5349 5348
f 5331 5350 5349
f 5332 5351 5350
f 5333 5352 5351
f 5334 5353 5352
f 5335 5354 5353
f 5336 5355 5354
f 5337 5356 5355
f 5338 523 5356
f 698 5339 697
f 5339 5340 5357
f 5340 5341 5358
f 5341 5342 5359
f 5342 5343 5360
f 5343 5344 5361
f 5344 5345 5362
f 5345 5346 5363
f 5346 5347 5364
f 5347 5348 5365
f 5348 5349 5366
f 5349 5350 5367
f 5350 5351 5368
f 5351 5352 5369
f 5352 5353 5370
f 5353 5354 5371
f 5354 5355 5372
f 5355 5356 5373
f 5356 523 524
f 5339 5357 697
f 5340 5358 5357
f 5341 5359 5358
f 5342 5360 5359
f 5343 5361 5360
f 5344 5362 5361
f 5345 5363 5362
f 5346 5364 5363
f 5347 5365 5364
f 5348 5366 5365
f 5349 5367 5366
f 5350 5368 5367
f 5351 5369 5368
f 5352 5370 5369
f 5353 5371 5370
f 5354 5372 5371
f 5355 5373 5372
f 5356 524 5373
f 697 5357 696
f 5357 5358 5374
f 5358 5359 5375
f 5359 5360 5376
f 5360 5361 5377
f 5361 5362 5378
f 5362 5363 5379
f 5363 5364 5380
f 5364 5365 5381
f 5365 5366 5382
f 5366 5367 5383
f 5367 5368 5384
f 5368 5369 5385
f 5369 5370 5386
f 5370 5371 5387
f 5371 5372 5388
f 5372 5373 5389
f 5373 524 525
f 5357 5374 696
f 5358 5375 5374
f 5359 5376 5375
f 5360 5377 5376
f 5361 5378 5377
f 5362 5379 5378
f 5363 5380 5379
f 5364 5381 5380
f 5365 5382 5381
f 5366 5383 5382
f 5367 5384 5383
f 5368 5385 5384
f 5369 5386 5385
f 5370 5387 5386
f 5371 5388 5387
f 5372 5389 5388
f 5373 525 5389
f 696 5374 695
f 5374 5375 5390
f 5375 5376 5391
f 5376 5377 5392
f 5377 5378 5393
f 5378 5379 5394
f 5379 5380 5395
f 5380 5381 5396
f 5381 5382 5397
f 5382 5383 5398
f 5383 5384 5399
f 5384 5385 5400
f 5385 5386 5401
f 5386 5387 5402
f 5387 5388 5403
f 5388 5389 5404
f 5389 525 526
f 5374 5390 695
f 5375 5391 5390
f 5376 5392 5391
f 5377 5393 5392
f 5378 5394 5393
f 5379 5395 5394
f 5380 5396 5395
f 5381 5397 5396
f 5382 5398 5397
f 5383 5399 5398
f 5384 5400 5399
f 5385 5401 5400
f 5386 5402 5401
f 5387 5403 5402
f 5388 5404 5403
f 5389 526 5404
f 695 5390 694
f 5390 5391 5405
f 5391 5392 5406
f 5392 5393 5407
f 5393 5394 5408
f 5394 5395 5409
f 5395 5396 5410
f 5396 5397 5411
f 5397 5398 5412
f 5398 5399 5413
f 5399 5400 5414
f 5400 5401 5415
f 5401 5402 5416
f 5402 5403 5417
f 5403 5404 5418
f 5404 526 527
f 5390 5405 694
f 5391 5406 5405
f 5392 5407 5406
f 5393 5408 5407
f 5394 5409 5408
f 5395 5410 5409
f 5396 5411 5410
f 5397 5412 5411
f 5398 5413 5412
f 5399 5414 5413
f 5400 5415 5414
f 5401 5416 5415
f 5402 5417 5416
f 5403 5418 5417
f 5404 527 5418
f 694 5405 693
f 5405 5406 5419
f 5406 5407 5420
f 5407 5408 5421
f 5408 5409 5422
f 5409 5410 5423
f 5410 5411 5424
f 5411 5412 5425
f 5412 5413 5426
f 5413 5414 5427
f 5414 5415 5428
f 5415 5416 5429
f 5416 5417 5430
f 5417 5418 5431
f 5418 527 528
f 5405 5419 693
f 5406 5420 5419
f 5407 5421 5420
f 5408 5422 5421
f 5409 5423 5422
f 5410 5424 5423
f 5411 5425 5424
f 5412 5426 5425
f 5413 5427 5426
f 5414 5428 5427
f 5415 5429 5428
f 5416 5430 5429
f 5417 5431 5430
f 5418 528 5431
f 693 5419 692
f 5419 5420 5432
f 5420 5421 5433
f 5421 5422 5434
f 5422 5423 5435
f 5423 5424 5436
f 5424 5425 5437
f 5425 5426 5438
f 5426 5427 5439
f 5427 5428 5440
f 5428 5429 5441
f 5429 5430 5442
f 5430 5431 5443
f 5431 528 529
f 5419 5432 692
f 5420 5433 5432
f 5421 5434 5433
f 5422 5435 5434
f 5423 5436 5435
f 5424 5437 5436
f 5425 5438 5437
f 5426 5439 5438
f 5427 5440 5439
f 5428 5441 5440
f 5429 5442 5441
f 5430 5443 5442
f 5431 529 5443
f 692 5432 691
f 5432 5433 5444
f 5433 5434 5445
f 5434 5435 5446
f 5435 5436 5447
f 5436 5437 5448
f 5437 5438 5449
f 5438 5439 5450
f 5439 5440 5451
f 5440 5441 5452
f 5441 5442 5453
f 5442 5443 5454
f 5443 529 530
f 5432 5444 691
f 5433 5445 5444
f 5434 5446 5445
f 5435 5447 5446
f 5436 5448 5447
f 5437 5449 5448
f 5438 5450 5449
f 5439 5451 5450
f 5440 5452 5451
f 5441 5453 5452
f 5442 5454 5453
f 5443 530 5454
f 691 5444 690
f 5444 5445 5455
f 5445 5446 5456
f 5446 5447 5457
f 5447 5448 5458
f 5448 5449 5459
f 5449 5450 5460
f 5450 5451 5461
f 5451 5452 5462
f 5452 5453 5463
f 5453 5454 5464
f 5454 530 531
f 5444 5455 690
f 5445 5456 5455
f 5446 5457 5456
f 5447 5458 5457
f 5448 5459 5458
f 5449 5460 5459
f 5450 5461 5460
f 5451 5462 5461
f 5452 5463 5462
f 5453 5464 5463
f 5454 531 5464
f 690 5455 689
f 5455 5456 5465
f 5456 5457 5466
f 5457 5458 5467
f 5458 5459 5468
f 5459 5460 5469
f 5460 5461 5470
f 5461 5462 5471
f 5462 5463 5472
f 5463 5464 5473
f 5464 531 532
f 5455 5465 689
f 5456 5466 5465
f 5457 5467 5466
f 5458 5468 5467
f 5459 5469 5468
f 5460 5470 5469
f 5461 5471 5470
f 5462 5472 5471
f 5463 5473 5472
f 5464 532 5473
f 689 5465 688
f 5465 5466 5474
f 5466 5467 5475
f 5467 5468 5476
f 5468 5469 5477
f 5469 5470 5478
f 5470 5471 5479
f 5471 5472 5480
f 5472 5473 5481
f 5473 532 533
f 5465 5474 688
f 5466 5475 5474
f 5467 5476 5475
f 5468 5477 5476
f 5469 5478 5477
f 5470 5479 5478
f 5471 5480 5479
f 5472 5481 5480
f 5473 533 5481
f 688 5474 687
f 5474 5475 5482
f 5475 5476 5483
f 5476 5477 5484
f 5477 5478 5485
f 5478 5479 5486
f 5479 5480 5487
f 5480 5481 5488
f 5481 533 534
f 5474 5482 687
f 5475 5483 5482
f 5476 5484 5483
f 5477 5485 5484
f 5478 5486 5485
f 5479 5487 5486
f 5480 5488 5487
f 5481 534 5488
f 687 5482 686
f 5482 5483 5489
f 5483 5484 5490
f 5484 5485 5491
f 5485 5486 5492
f 5486 5487 5493
f 5487 5488 5494
f 5488 534 535
f 5482 5489 686
f 5483 5490 5489
f 5484 5491 5490
f 5485 5492 5491
f 5486 5493 5492
f 5487 5494 5493
f 5488 535 5494
f 686 5489 685
f 5489 5490 5495
f 5490 5491 5496
f 5491 5492 5497
f 5492 5493 5498
f 5493 5494 5499
f 5494 535 536
f 5489 5495 685
f 5490 5496 5495
f 5491 5497 5496
f 5492 5498 5497
f 5493 5499 5498
f 5494 536 5499
f 685 5495 684
f 5495 5496 5500
f 5496 5497 5501
f 5497 5498 5502
f 5498 5499 5503
f 5499 536 537
f 5495 5500 684
f 5496 5501 5500
f 5497 5502 5501
f 5498 5503 5502
f 5499 537 5503
f 684 5500 683
f 5500 5501 5504
f 5501 5502 5505
f 5502 5503 5506
f 5503 537 538
f 5500 5504 683
f 5501 5505 5504
f 5502 5506 5505
f 5503 538 5506
f 683 5504 682
f 5504 5505 5507
f 5505 5506 5508
f 5506 538 539
f 5504 5507 682
f 5505 5508 5507
f 5506 539 5508
f 682 5507 681
f 5507 5508 5509
f 5508 539 540
f 5507 5509 681
f 5508 540 5509
f 681 5509 680
f 5509 540 541
f 5509 541 680
f 680 541 8
f 10 81 150
f 81 80 5510
f 80 79 5511
f 79 78 5512
f 78 77 5513
f 77 76 5514
f 76 75 5515
f 75 74 5516
f 74 73 5517
f 73 72 5518
f 72 71 5519
f 71 70 5520
f 70 69 5521
f 69 68 5522
f 68 67 5523
f 67 66 5524
f 66 65 5525
f 65 64 5526
f 64 63 5527
f 63 62 5528
f 62 61 5529
f 61 60 5530
f 60 59 5531
f 59 9 518
f 81 5510 150
f 80 5511 5510
f 79 5512 5511
f 78 5513 5512
f 77 5514 5513
f 76 5515 5514
f 75 5516 5515
f 74 5517 5516
f 73 5518 5517
f 72 5519 5518
f 71 5520 5519
f 70 5521 5520
f 69 5522 5521
f 68 5523 5522
f 67 5524 5523
f 66 5525 5524
f 65 5526 5525
f 64 5527 5526
f 63 5528 5527
f 62 5529 5528
f 61 5530 5529
f 60 5531 5530
f 59 518 5531
f 150 5510 149
f 5510 5511 5532
f 5511 5512 5533
f 5512 5513 5534
f 5513 5514 5535
f 5514 5515 5536
f 5515 5516 5537
f 5516 5517 5538
f 5517 5518 5539
f 5518 5519 5540
f 5519 5520 5541
f 5520 5521 5542
f 5521 5522 5543
f 5522 5523 5544
f 5523 5524 5545
f 5524 5525 5546
f 5525 5526 5547
f 5526 5527 5548
f 5527 5528 5549
f 5528 5529 5550
f 5529 5530 5551
f 5530 5531 5552
f 5531 518 517
f 5510 5532 149
f 5511 5533 5532
f 5512 5534 5533
f 5513 5535 5534
f 5514 5536 5535
f 5515 5537 5536
f 5516 5538 5537
f 5517 5539 5538
f 5518 5540 5539
f 5519 5541 5540
f 5520 5542 5541
f 5521 5543 5542
f 5522 5544 5543
f 5523 5545 5544
f 5524 5546 5545
f 5525 5547 5546
f 5526 5548 5547
f 5527 5549 5548
f 5528 5550 5549
f 5529 5551 5550
f 5530 5552 5551
f 5531 517 5552
f 149 5532 148
f 5532 5533 5553
f 5533 5534 5554
f 5534 5535 5555
f 5535 5536 5556
f 5536 5537 5557
f 5537 5538 5558
f 5538 5539 5559
f 5539 5540 5560
f 5540 5541 5561
f 5541 5542 5562
f 5542 5543 5563
f 5543 5544 5564
f 5544 5545 5565
f 5545 5546 5566
f 5546 5547 5567
f 5547 5548 5568
f 5548 5549 5569
f 5549 5550 5570
f 5550 5551 5571
f 5551 5552 5572
f 5552 517 516
f 5532 5553 148
f 5533 5554 5553
f 5534 5555 5554
f 5535 5556 5555
f 5536 5557 5556
f 5537 5558 5557
f 5538 5559 5558
f 5539 5560 5559
f 5540 5561 5560
f 5541 5562 5561
f 5542 5563 5562
f 5543 5564 5563
f 5544 5565 5564
f 5545 5566 5565
f 5546 5567 5566
f 5547 5568 5567
f 5548 5569 5568
f 5549 5570 5569
f 5550 5571 5570
f 5551 5572 5571
f 5552 516 5572
f 148 5553 147
f 5553 5554 5573
f 5554 5555 5574
f 5555 5556 5575
f 5556 5557 5576
f 5557 5558 5577
f 5558 5559 5578
f 5559 5560 5579
f 5560 5561 5580
f 5561 5562 5581
f 5562 5563 5582
f 5563 5564 5583
f 5564 5565 5584
f 5565 5566 5585
f 5566 5567 5586
f 5567 5568 5587
f 5568 5569 5588
f 5569 5570 5589
f 5570 5571 5590
f 5571 5572 5591
f 5572 516 515
f 5553 5573 147
f 5554 5574 5573
f 5555 5575 5574
f 5556 5576 5575
f 5557 5577 5576
f 5558 5578 5577
f 5559 5579 5578
f 5560 5580 5579
f 5561 5581 5580
f 5562 5582 5581
f 5563 5583 5582
f 5564 5584 5583
f 5565 5585 5584
f 5566 5586 5585
f 5567 5587 5586
f 5568 5588 5587
f 5569 5589 5588
f 5570 5590 5589
f 5571 5591 5590
f 5572 515 5591
f 147 5573 146
f 5573 5574 5592
f 5574 5575 5593
f 5575 5576 5594
f 5576 5577 5595
f 5577 5578 5596
f 5578 5579 5597
f 5579 5580 5598
f 5580 5581 5599
f 5581 5582 5600
f 5582 5583 5601
f 5583 5584 5602
f 5584 5585 5603
f 5585 5586 5604
f 5586 5587 5605
f 5587 5588 5606
f 5588 5589 5607
f 5589 5590 5608
f 5590 5591 5609
f 5591 515 514
f 5573 5592 146
f 5574 5593 5592
f 5575 5594 5593
f 5576 5595 5594
f 5577 5596 5595
f 5578 5597 5596
f 5579 5598 5597
f 5580 5599 5598
f 5581 5600 5599
f 5582 5601 5600
f 5583 5602 5601
f 5584 5603 5602
f 5585 5604 5603
f 5586 5605 5604
f 5587 5606 5605
f 5588 5607 5606
f 5589 5608 5607
f 5590 5609 5608
f 5591 514 5609
f 146 5592 145
f 5592 5593 5610
f 5593 5594 5611
f 5594 5595 5612
f 5595 5596 5613
f 5596 5597 5614
f 5597 5598 5615
f 5598 5599 5616
f 5599 5600 5617
f 5600 5601 5618
f 5601 5602 5619
f 5602 5603 5620
f 5603 5604 5621
f 5604 5605 5622
f 5605 5606 5623
f 5606 5607 5624
f 5607 5608 5625
f 5608 5609 5626
f 5609 514 513
f 5592 5610 145
f 5593 5611 5610
f 5594 5612 5611
f 5595 5613 5612
f 5596 5614 5613
f 5597 5615 5614
f 5598 5616 5615
f 5599 5617 5616
f 5600 5618 5617
f 5601 5619 5618
f 5602 5620 5619
f 5603 5621 5620
f 5604 5622 5621
f 5605 5623 5622
f 5606 5624 5623
f 5607 5625 5624
f 5608 5626 5625
f 5609 513 5626
f 145 5610 144
f 5610 5611 5627
f 5611 5612 5628
f 5612 5613 5629
f 5613 5614 5630
f 5614 5615 5631
f 5615 5616 5632
f 5616 5617 5633
f 5617 5618 5634
f 5618 5619 5635
f 5619 5620 5636
f 5620 5621 5637
f 5621 5622 5638
f 5622 5623 5639
f 5623 5624 5640
f 5624 5625 5641
f 5625 5626 5642
f 5626 513 512
f 5610 5627 144
f 5611 5628 5627
f 5612 5629 5628
f 5613 5630 5629
f 5614 5631 5630
f 5615 5632 5631
f 5616 5633 5632
f 5617 5634 5633
f 5618 5635 5634
f 5619 5636 5635
f 5620 5637 5636
f 5621 5638 5637
f 5622 5639 5638
f 5623 5640 5639
f 5624 5641 5640
f 5625 5642 5641
f 5626 512 5642
f 144 5627 143
f 5627 5628 5643
f 5628 5629 5644
f 5629 5630 5645
f 5630 5631 5646
f 5631 5632 5647
f 5632 5633 5648
f 5633 5634 5649
f 5634 5635 5650
f 5635 5636 5651
f 5636 5637 5652
f 5637 5638 5653
f 5638 5639 5654
f 5639 5640 5655
f 5640 5641 5656
f 5641 5642 5657
f 5642 512 511
f 5627 5643 143
f 5628 5644 5643
f 5629 5645 5644
f 5630 5646 5645
f 5631 5647 5646
f 5632 5648 5647
f 5633 5649 5648
f 5634 5650 5649
f 5635 5651 5650
f 5636 5652 5651
f 5637 5653 5652
f 5638 5654 5653
f 5639 5655 5654
f 5640 5656 5655
f 5641 5657 5656
f 5642 511 5657
f 143 5643 142
f 5643 5644 5658
f 5644 5645 5659
f 5645 5646 5660
f 5646 5647 5661
f 5647 5648 5662
f 5648 5649 5663
f 5649 5650 5664
f 5650 5651 5665
f 5651 5652 5666
f 5652 5653 5667
f 5653 5654 5668
f 5654 5655 5669
f 5655 5656 5670
f 5656 5657 5671
f 5657 511 510
f 5643 5658 142
f 5644 5659 5658
f 5645 5660 5659
f 5646 5661 5660
f 5647 5662 5661
f 5648 5663 5662
f 5649 5664 5663
f 5650 5665 5664
f 5651 5666 5665
f 5652 5667 5666
f 5653 5668 5667
f 5654 5669 5668
f 5655 5670 5669
f 5656 5671 5670
f 5657 510 5671
f 142 5658 141
f 5658 5659 5672
f 5659 5660 5673
f 5660 5661 5674
f 5661 5662 5675
f 5662 5663 5676
f 5663 5664 5677
f 5664 5665 5678
f 5665 5666 5679
f 5666 5667 5680
f 5667 5668 5681
f 5668 5669 5682
f 5669 5670 5683
f 5670 5671 5684
f 5671 510 509
f 5658 5672 141
f 5659 5673 5672
f 5660 5674 5673
f 5661 5675 5674
f 5662 5676 5675
f 5663 5677 5676
f 5664 5678 5677
f 5665 5679 5678
f 5666 5680 5679
f 5667 5681 5680
f 5668 5682 5681
f 5669 5683 5682
f 5670 5684 5683
f 5671 509 5684
f 141 5672 140
f 5672 5673 5685
f 5673 5674 5686
f 5674 5675 5687
f 5675 5676 5688
f 5676 5677 5689
f 5677 5678 5690
f 5678 5679 5691
f 5679 5680 5692
f 5680 5681 5693
f 5681 5682 5694
f 5682 5683 5695
f 5683 5684 5696
f 5684 509 508
f 5672 5685 140
f 5673 5686 5685
f 5674 5687 5686
f 5675 5688 5687
f 5676 5689 5688
f 5677 5690 5689
f 5678 5691 5690
f 5679 5692 5691
f 5680 5693 5692
f 5681 5694 5693
f 5682 5695 5694
f 5683 5696 5695
f 5684 508 5696
f 140 5685 139
f 5685 5686 5697
f 5686 5687 5698
f 5687 5688 5699
f 5688 5689 5700
f 5689 5690 5701
f 5690 5691 5702
f 5691 5692 5703
f 5692 5693 5704
f 5693 5694 5705
f 5694 5695 5706
f 5695 5696 5707
f 5696 508 507
f 5685 5697 139
f 5686 5698 5697
f 5687 5699 5698
f 5688 5700 5699
f 5689 5701 5700
f 5690 5702 5701
f 5691 5703 5702
f 5692 5704 5703
f 5693 5705 5704
f 5694 5706 5705
f 5695 5707 5706
f 5696 507 5707
f 139 5697 138
f 5697 5698 5708
f 5698 5699 5709
f 5699 5700 5710
f 5700 5701 5711
f 5701 5702 5712
f 5702 5703 5713
f 5703 5704 5714
f 5704 5705 5715
f 5705 5706 5716
f 5706 5707 5717
f 5707 507 506
f 5697 5708 138
f 5698 5709 5708
f 5699 5710 5709
f 5700 5711 5710
f 5701 5712 5711
f 5702 5713 5712
f 5703 5714 5713
f 5704 5715 5714
f 5705 5716 5715
f 5706 5717 5716
f 5707 506 5717
f 138 5708 137
f 5708 5709 5718
f 5709 5710 5719
f 5710 5711 5720
f 5711 5712 5721
f 5712 5713 5722
f 5713 5714 5723
f 5714 5715 5724
f 5715 5716 5725
f 5716 5717 5726
f 5717 506 505
f 5708 5718 137
f 5709 5719 5718
f 5710 5720 5719
f 5711 5721 5720
f 5712 5722 5721
f 5713 5723 5722
f 5714 5724 5723
f 5715 5725 5724
f 5716 5726 5725
f 5717 505 5726
f 137 5718 136
f 5718 5719 5727
f 5719 5720 5728
f 5720 5721 5729
f 5721 5722 5730
f 5722 5723 5731
f 5723 5724 5732
f 5724 5725 5733
f 5725 5726 5734
f 5726 505 504
f 5718 5727 136
f 5719 5728 5727
f 5720 5729 5728
f 5721 5730 5729
f 5722 5731 5730
f 5723 5732 5731
f 5724 5733 5732
f 5725 5734 5733
f 5726 504 5734
f 136 5727 135
f 5727 5728 5735
f 5728 5729 5736
f 5729 5730 5737
f 5730 5731 5738
f 5731 5732 5739
f 5732 5733 5740
f 5733 5734 5741
f 5734 504 503
f 5727 5735 135
f 5728 5736 5735
f 5729 5737 5736
f 5730 5738 5737
f 5731 5739 5738
f 5732 5740 5739
f 5733 5741 5740
f 5734 503 5741
f 135 5735 134
f 5735 5736 5742
f 5736 5737 5743
f 5737 5738 5744
f 5738 5739 5745
f 5739 5740 5746
f 5740 5741 5747
f 5741 503 502
f 5735 5742 134
f 5736 5743 5742
f 5737 5744 5743
f 5738 5745 5744
f 5739 5746 5745
f 5740 5747 5746
f 5741 502 5747
f 134 5742 133
f 5742 5743 5748
f 5743 5744 5749
f 5744 5745 5750
f 5745 5746 5751
f 5746 5747 5752
f 5747 502 501
f 5742 5748 133
f 5743 5749 5748
f 5744 5750 5749
f 5745 5751 5750
f 5746 5752 5751
f 5747 501 5752
f 133 5748 132
f 5748 5749 5753
f 5749 5750 5754
f 5750 5751 5755
f 5751 5752 5756
f 5752 501 500
f 5748 5753 132
f 5749 5754 5753
f 5750 5755 5754
f 5751 5756 5755
f 5752 500 5756
f 132 5753 131
f 5753 5754 5757
f 5754 5755 5758
f 5755 5756 5759
f 5756 500 499
f 5753 5757 131
f 5754 5758 5757
f 5755 5759 5758
f 5756 499 5759
f 131 5757 130
f 5757 5758 5760
f 5758 5759 5761
f 5759 499 498
f 5757 5760 130
f 5758 5761 5760
f 5759 498 5761
f 130 5760 129
f 5760 5761 5762
f 5761 498 497
f 5760 5762 129
f 5761 497 5762
f 129 5762 128
f 5762 497 496
f 5762 496 128
f 128 496 2
