v -0.5257311121191336 0.85065080835204 0.0
v 0.5257311121191336 0.85065080835204 0.0
v -0.5257311121191336 -0.85065080835204 0.0
v 0.5257311121191336 -0.85065080835204 0.0
v 0.0 -0.5257311121191336 0.85065080835204
v 0.0 0.5257311121191336 0.85065080835204
v 0.0 -0.5257311121191336 -0.85065080835204
v 0.0 0.5257311121191336 -0.85065080835204
v 0.85065080835204 0.0 -0.5257311121191336
v 0.85065080835204 0.0 0.5257311121191336
v -0.85065080835204 0.0 -0.5257311121191336
v -0.85065080835204 0.0 0.5257311121191336
v 0.5115835738534644 -0.8578527619841926 0.04869174179888515
v 0.4951299460137486 -0.8630283247498645 0.10014213518726822
v 0.47619215291891703 -0.8657335191825786 0.15409901771975903
v 0.45464059368418525 -0.8655212457276383 0.21017826664184072
v 0.43041567538818404 -0.8619716826027403 0.26785661233416286
v 0.4035482123351976 -0.8547288298252083 0.32647736182880477
v 0.374174982259278 -0.8435391913822139 0.3852722612043458
v 0.3425455069939086 -0.8282866786048358 0.44340021840776717
v 0.3090169943749474 -0.8090169943749475 0.5
v 0.2740364055951269 -0.7859457254016757 0.554250273009709
v 0.23811135234681322 -0.7594472434636239 0.6054278390354008
v 0.20177410616759886 -0.7300255741640024 0.6529547236576094
v 0.16554449053391695 -0.698272287722347 0.6964271920688234
v 0.1298973124811958 -0.664818860326026 0.7356239332464426
v 0.09523843058378345 -0.6302911706386762 0.7704950885987951
v 0.0618912432517186 -0.5952720812010168 0.8011370814981458
v 0.03009315140314498 -0.5602753156523496 0.8277596105810475
v 0.04869174179888515 -0.5115835738534644 0.8578527619841926
v 0.10014213518726822 -0.4951299460137486 0.8630283247498645
v 0.15409901771975903 -0.47619215291891703 0.8657335191825786
v 0.21017826664184072 -0.45464059368418525 0.8655212457276383
v 0.2678566123341629 -0.4304156753881841 0.8619716826027404
v 0.32647736182880477 -0.4035482123351976 0.8547288298252083
v 0.3852722612043458 -0.374174982259278 0.8435391913822139
v 0.44340021840776717 -0.3425455069939086 0.8282866786048358
v 0.5 -0.3090169943749474 0.8090169943749475
v 0.554250273009709 -0.2740364055951269 0.7859457254016757
v 0.6054278390354008 -0.23811135234681322 0.7594472434636239
v 0.6529547236576094 -0.2017741061675989 0.7300255741640025
v 0.6964271920688233 -0.16554449053391693 0.6982722877223468
v 0.7356239332464426 -0.1298973124811958 0.664818860326026
v 0.7704950885987951 -0.09523843058378345 0.6302911706386762
v 0.8011370814981457 -0.061891243251718596 0.5952720812010167
v 0.8277596105810475 -0.03009315140314498 0.5602753156523496
v 0.8764513523799327 0.0 -0.4814904224503195
v 0.901279216685414 0.0 -0.43323870276202997
v 0.9245941063185542 0.0 -0.38095372233513364
v 0.9458021998882832 0.0 -0.32474328120298945
v 0.9642838044029862 0.0 -0.2648711848542671
v 0.9794320854864143 0.0 -0.2017741061675988
v 0.9907001002397465 0.0 -0.13606362991246476
v 0.9976504914174761 0.0 -0.06850910139878175
v 1.0 0.0 0.0
v 0.9976504914174761 0.0 0.06850910139878175
v 0.9907001002397465 0.0 0.13606362991246476
v 0.9794320854864143 0.0 0.2017741061675988
v 0.9642838044029862 0.0 0.2648711848542671
v 0.9458021998882832 0.0 0.32474328120298945
v 0.9245941063185543 0.0 0.3809537223351335
v 0.901279216685414 0.0 0.43323870276202997
v 0.8764513523799327 0.0 0.4814904224503195
v -0.5115835738534644 0.8578527619841926 0.04869174179888515
v -0.4951299460137486 0.8630283247498645 0.10014213518726822
v -0.47619215291891703 0.8657335191825786 0.15409901771975903
v -0.45464059368418525 0.8655212457276383 0.21017826664184072
v -0.43041567538818404 0.8619716826027403 0.26785661233416286
v -0.4035482123351976 0.8547288298252083 0.32647736182880477
v -0.374174982259278 0.8435391913822139 0.3852722612043458
v -0.3425455069939086 0.8282866786048358 0.44340021840776717
v -0.3090169943749474 0.8090169943749475 0.5
v -0.2740364055951269 0.7859457254016757 0.554250273009709
v -0.23811135234681322 0.7594472434636239 0.6054278390354008
v -0.20177410616759886 0.7300255741640024 0.6529547236576094
v -0.16554449053391695 0.698272287722347 0.6964271920688234
v -0.1298973124811958 0.664818860326026 0.7356239332464426
v -0.09523843058378345 0.6302911706386762 0.7704950885987951
v -0.0618912432517186 0.5952720812010168 0.8011370814981458
v -0.03009315140314498 0.5602753156523496 0.8277596105810475
v -0.5602753156523496 -0.8277596105810475 0.030093151403144967
v -0.5952720812010168 -0.8011370814981458 0.061891243251718575
v -0.6302911706386761 -0.7704950885987951 0.0952384305837834
v -0.664818860326026 -0.7356239332464426 0.1298973124811958
v -0.698272287722347 -0.6964271920688234 0.16554449053391695
v -0.7300255741640024 -0.6529547236576094 0.20177410616759886
v -0.7594472434636239 -0.6054278390354008 0.23811135234681322
v -0.7859457254016757 -0.554250273009709 0.2740364055951269
v -0.8090169943749475 -0.5 0.3090169943749474
v -0.8282866786048358 -0.44340021840776717 0.3425455069939086
v -0.8435391913822139 -0.3852722612043458 0.374174982259278
v -0.8547288298252083 -0.32647736182880477 0.4035482123351976
v -0.8619716826027403 -0.26785661233416286 0.43041567538818404
v -0.8655212457276383 -0.21017826664184072 0.45464059368418525
v -0.8657335191825786 -0.15409901771975912 0.476192152918917
v -0.8630283247498645 -0.10014213518726828 0.4951299460137486
v -0.8578527619841926 -0.04869174179888517 0.5115835738534644
v 0.5602753156523496 0.8277596105810475 0.030093151403144967
v 0.5952720812010168 0.8011370814981458 0.061891243251718575
v 0.6302911706386761 0.7704950885987951 0.0952384305837834
v 0.664818860326026 0.7356239332464426 0.1298973124811958
v 0.698272287722347 0.6964271920688234 0.16554449053391695
v 0.7300255741640024 0.6529547236576094 0.20177410616759886
v 0.7594472434636239 0.6054278390354008 0.23811135234681322
v 0.7859457254016757 0.554250273009709 0.2740364055951269
v 0.8090169943749475 0.5 0.3090169943749474
v 0.8282866786048358 0.44340021840776717 0.3425455069939086
v 0.8435391913822139 0.3852722612043458 0.374174982259278
v 0.8547288298252083 0.32647736182880477 0.4035482123351976
v 0.8619716826027403 0.26785661233416286 0.43041567538818404
v 0.8655212457276383 0.21017826664184072 0.45464059368418525
v 0.8657335191825786 0.15409901771975912 0.476192152918917
v 0.8630283247498645 0.10014213518726828 0.4951299460137486
v 0.8578527619841926 0.04869174179888517 0.5115835738534644
v -0.5602753156523496 0.8277596105810475 0.030093151403144967
v -0.5952720812010168 0.8011370814981458 0.061891243251718575
v -0.6302911706386761 0.7704950885987951 0.0952384305837834
v -0.664818860326026 0.7356239332464426 0.1298973124811958
v -0.698272287722347 0.6964271920688234 0.16554449053391695
v -0.7300255741640024 0.6529547236576094 0.20177410616759886
v -0.7594472434636239 0.6054278390354008 0.23811135234681322
v -0.7859457254016757 0.554250273009709 0.2740364055951269
v -0.8090169943749475 0.5 0.3090169943749474
v -0.8282866786048358 0.44340021840776717 0.3425455069939086
v -0.8435391913822139 0.3852722612043458 0.374174982259278
v -0.8547288298252083 0.32647736182880477 0.4035482123351976
v -0.8619716826027403 0.26785661233416286 0.43041567538818404
v -0.8655212457276383 0.21017826664184072 0.45464059368418525
v -0.8657335191825786 0.15409901771975912 0.476192152918917
v -0.8630283247498645 0.10014213518726828 0.4951299460137486
v -0.8578527619841926 0.04869174179888517 0.5115835738534644
v -0.04869174179888515 0.5115835738534644 -0.8578527619841926
v -0.10014213518726822 0.4951299460137486 -0.8630283247498645
v -0.15409901771975903 0.47619215291891703 -0.8657335191825786
v -0.21017826664184072 0.45464059368418525 -0.8655212457276383
v -0.2678566123341629 0.4304156753881841 -0.8619716826027404
v -0.32647736182880477 0.4035482123351976 -0.8547288298252083
v -0.3852722612043458 0.374174982259278 -0.8435391913822139
v -0.44340021840776717 0.3425455069939086 -0.8282866786048358
v -0.5 0.3090169943749474 -0.8090169943749475
v -0.554250273009709 0.2740364055951269 -0.7859457254016757
v -0.6054278390354008 0.23811135234681322 -0.7594472434636239
v -0.6529547236576094 0.2017741061675989 -0.7300255741640025
v -0.6964271920688233 0.16554449053391693 -0.6982722877223468
v -0.7356239332464426 0.1298973124811958 -0.664818860326026
v -0.7704950885987951 0.09523843058378345 -0.6302911706386762
v -0.8011370814981457 0.061891243251718596 -0.5952720812010167
v -0.8277596105810475 0.03009315140314498 -0.5602753156523496
v 0.04869174179888515 -0.5115835738534644 -0.8578527619841926
v 0.10014213518726822 -0.4951299460137486 -0.8630283247498645
v 0.15409901771975903 -0.47619215291891703 -0.8657335191825786
v 0.21017826664184072 -0.45464059368418525 -0.8655212457276383
v 0.2678566123341629 -0.4304156753881841 -0.8619716826027404
v 0.32647736182880477 -0.4035482123351976 -0.8547288298252083
v 0.3852722612043458 -0.374174982259278 -0.8435391913822139
v 0.44340021840776717 -0.3425455069939086 -0.8282866786048358
v 0.5 -0.3090169943749474 -0.8090169943749475
v 0.554250273009709 -0.2740364055951269 -0.7859457254016757
v 0.6054278390354008 -0.23811135234681322 -0.7594472434636239
v 0.6529547236576094 -0.2017741061675989 -0.7300255741640025
v 0.6964271920688233 -0.16554449053391693 -0.6982722877223468
v 0.7356239332464426 -0.1298973124811958 -0.664818860326026
v 0.7704950885987951 -0.09523843058378345 -0.6302911706386762
v 0.8011370814981457 -0.061891243251718596 -0.5952720812010167
v 0.8277596105810475 -0.03009315140314498 -0.5602753156523496
v 0.0 -0.4814904224503195 0.8764513523799327
v 0.0 -0.43323870276202997 0.901279216685414
v 0.0 -0.38095372233513364 0.9245941063185542
v 0.0 -0.32474328120298945 0.9458021998882832
v 0.0 -0.2648711848542671 0.9642838044029862
v 0.0 -0.2017741061675988 0.9794320854864143
v 0.0 -0.13606362991246476 0.9907001002397465
v 0.0 -0.06850910139878175 0.9976504914174761
v 0.0 0.0 1.0
v 0.0 0.06850910139878175 0.9976504914174761
v 0.0 0.13606362991246476 0.9907001002397465
v 0.0 0.2017741061675988 0.9794320854864143
v 0.0 0.2648711848542671 0.9642838044029862
v 0.0 0.32474328120298945 0.9458021998882832
v 0.0 0.3809537223351335 0.9245941063185543
v 0.0 0.43323870276202997 0.901279216685414
v 0.0 0.4814904224503195 0.8764513523799327
v 0.5602753156523496 -0.8277596105810475 0.030093151403144967
v 0.5952720812010168 -0.8011370814981458 0.061891243251718575
v 0.6302911706386761 -0.7704950885987951 0.0952384305837834
v 0.664818860326026 -0.7356239332464426 0.1298973124811958
v 0.698272287722347 -0.6964271920688234 0.16554449053391695
v 0.7300255741640024 -0.6529547236576094 0.20177410616759886
v 0.7594472434636239 -0.6054278390354008 0.23811135234681322
v 0.7859457254016757 -0.554250273009709 0.2740364055951269
v 0.8090169943749475 -0.5 0.3090169943749474
v 0.8282866786048358 -0.44340021840776717 0.3425455069939086
v 0.8435391913822139 -0.3852722612043458 0.374174982259278
v 0.8547288298252083 -0.32647736182880477 0.4035482123351976
v 0.8619716826027403 -0.26785661233416286 0.43041567538818404
v 0.8655212457276383 -0.21017826664184072 0.45464059368418525
v 0.8657335191825786 -0.15409901771975912 0.476192152918917
v 0.8630283247498645 -0.10014213518726828 0.4951299460137486
v 0.8578527619841926 -0.04869174179888517 0.5115835738534644
v 0.5115835738534644 -0.8578527619841926 -0.04869174179888515
v 0.4951299460137486 -0.8630283247498645 -0.10014213518726822
v 0.47619215291891703 -0.8657335191825786 -0.15409901771975903
v 0.45464059368418525 -0.8655212457276383 -0.21017826664184072
v 0.43041567538818404 -0.8619716826027403 -0.26785661233416286
v 0.4035482123351976 -0.8547288298252083 -0.32647736182880477
v 0.374174982259278 -0.8435391913822139 -0.3852722612043458
v 0.3425455069939086 -0.8282866786048358 -0.44340021840776717
v 0.3090169943749474 -0.8090169943749475 -0.5
v 0.2740364055951269 -0.7859457254016757 -0.554250273009709
v 0.23811135234681322 -0.7594472434636239 -0.6054278390354008
v 0.20177410616759886 -0.7300255741640024 -0.6529547236576094
v 0.16554449053391695 -0.698272287722347 -0.6964271920688234
v 0.1298973124811958 -0.664818860326026 -0.7356239332464426
v 0.09523843058378345 -0.6302911706386762 -0.7704950885987951
v 0.0618912432517186 -0.5952720812010168 -0.8011370814981458
v 0.03009315140314498 -0.5602753156523496 -0.8277596105810475
v 0.04869174179888515 0.5115835738534644 0.8578527619841926
v 0.10014213518726822 0.4951299460137486 0.8630283247498645
v 0.15409901771975903 0.47619215291891703 0.8657335191825786
v 0.21017826664184072 0.45464059368418525 0.8655212457276383
v 0.2678566123341629 0.4304156753881841 0.8619716826027404
v 0.32647736182880477 0.4035482123351976 0.8547288298252083
v 0.3852722612043458 0.374174982259278 0.8435391913822139
v 0.44340021840776717 0.3425455069939086 0.8282866786048358
v 0.5 0.3090169943749474 0.8090169943749475
v 0.554250273009709 0.2740364055951269 0.7859457254016757
v 0.6054278390354008 0.23811135234681322 0.7594472434636239
v 0.6529547236576094 0.2017741061675989 0.7300255741640025
v 0.6964271920688233 0.16554449053391693 0.6982722877223468
v 0.7356239332464426 0.1298973124811958 0.664818860326026
v 0.7704950885987951 0.09523843058378345 0.6302911706386762
v 0.8011370814981457 0.061891243251718596 0.5952720812010167
v 0.8277596105810475 0.03009315140314498 0.5602753156523496
v -0.04869174179888515 -0.5115835738534644 0.8578527619841926
v -0.10014213518726822 -0.4951299460137486 0.8630283247498645
v -0.15409901771975903 -0.47619215291891703 0.8657335191825786
v -0.21017826664184072 -0.45464059368418525 0.8655212457276383
v -0.2678566123341629 -0.4304156753881841 0.8619716826027404
v -0.32647736182880477 -0.4035482123351976 0.8547288298252083
v -0.3852722612043458 -0.374174982259278 0.8435391913822139
v -0.44340021840776717 -0.3425455069939086 0.8282866786048358
v -0.5 -0.3090169943749474 0.8090169943749475
v -0.554250273009709 -0.2740364055951269 0.7859457254016757
v -0.6054278390354008 -0.23811135234681322 0.7594472434636239
v -0.6529547236576094 -0.2017741061675989 0.7300255741640025
v -0.6964271920688233 -0.16554449053391693 0.6982722877223468
v -0.7356239332464426 -0.1298973124811958 0.664818860326026
v -0.7704950885987951 -0.09523843058378345 0.6302911706386762
v -0.8011370814981457 -0.061891243251718596 0.5952720812010167
v -0.8277596105810475 -0.03009315140314498 0.5602753156523496
v -0.4814904224503195 0.8764513523799327 0.0
v -0.43323870276202997 0.901279216685414 0.0
v -0.38095372233513364 0.9245941063185542 0.0
v -0.32474328120298945 0.9458021998882832 0.0
v -0.2648711848542671 0.9642838044029862 0.0
v -0.2017741061675988 0.9794320854864143 0.0
v -0.13606362991246476 0.9907001002397465 0.0
v -0.06850910139878175 0.9976504914174761 0.0
v 0.0 1.0 0.0
v 0.06850910139878175 0.9976504914174761 0.0
v 0.13606362991246476 0.9907001002397465 0.0
v 0.2017741061675988 0.9794320854864143 0.0
v 0.2648711848542671 0.9642838044029862 0.0
v 0.32474328120298945 0.9458021998882832 0.0
v 0.3809537223351335 0.9245941063185543 0.0
v 0.43323870276202997 0.901279216685414 0.0
v 0.4814904224503195 0.8764513523799327 0.0
v -0.5115835738534644 0.8578527619841926 -0.04869174179888515
v -0.4951299460137486 0.8630283247498645 -0.10014213518726822
v -0.47619215291891703 0.8657335191825786 -0.15409901771975903
v -0.45464059368418525 0.8655212457276383 -0.21017826664184072
v -0.43041567538818404 0.8619716826027403 -0.26785661233416286
v -0.4035482123351976 0.8547288298252083 -0.32647736182880477
v -0.374174982259278 0.8435391913822139 -0.3852722612043458
v -0.3425455069939086 0.8282866786048358 -0.44340021840776717
v -0.3090169943749474 0.8090169943749475 -0.5
v -0.2740364055951269 0.7859457254016757 -0.554250273009709
v -0.23811135234681322 0.7594472434636239 -0.6054278390354008
v -0.20177410616759886 0.7300255741640024 -0.6529547236576094
v -0.16554449053391695 0.698272287722347 -0.6964271920688234
v -0.1298973124811958 0.664818860326026 -0.7356239332464426
v -0.09523843058378345 0.6302911706386762 -0.7704950885987951
v -0.0618912432517186 0.5952720812010168 -0.8011370814981458
v -0.03009315140314498 0.5602753156523496 -0.8277596105810475
v -0.5115835738534644 -0.8578527619841926 0.04869174179888515
v -0.4951299460137486 -0.8630283247498645 0.10014213518726822
v -0.47619215291891703 -0.8657335191825786 0.15409901771975903
v -0.45464059368418525 -0.8655212457276383 0.21017826664184072
v -0.43041567538818404 -0.8619716826027403 0.26785661233416286
v -0.4035482123351976 -0.8547288298252083 0.32647736182880477
v -0.374174982259278 -0.8435391913822139 0.3852722612043458
v -0.3425455069939086 -0.8282866786048358 0.44340021840776717
v -0.3090169943749474 -0.8090169943749475 0.5
v -0.2740364055951269 -0.7859457254016757 0.554250273009709
v -0.23811135234681322 -0.7594472434636239 0.6054278390354008
v -0.20177410616759886 -0.7300255741640024 0.6529547236576094
v -0.16554449053391695 -0.698272287722347 0.6964271920688234
v -0.1298973124811958 -0.664818860326026 0.7356239332464426
v -0.09523843058378345 -0.6302911706386762 0.7704950885987951
v -0.0618912432517186 -0.5952720812010168 0.8011370814981458
v -0.03009315140314498 -0.5602753156523496 0.8277596105810475
v -0.8764513523799327 0.0 -0.4814904224503195
v -0.901279216685414 0.0 -0.43323870276202997
v -0.9245941063185542 0.0 -0.38095372233513364
v -0.9458021998882832 0.0 -0.32474328120298945
v -0.9642838044029862 0.0 -0.2648711848542671
v -0.9794320854864143 0.0 -0.2017741061675988
v -0.9907001002397465 0.0 -0.13606362991246476
v -0.9976504914174761 0.0 -0.06850910139878175
v -1.0 0.0 0.0
v -0.9976504914174761 0.0 0.06850910139878175
v -0.9907001002397465 0.0 0.13606362991246476
v -0.9794320854864143 0.0 0.2017741061675988
v -0.9642838044029862 0.0 0.2648711848542671
v -0.9458021998882832 0.0 0.32474328120298945
v -0.9245941063185543 0.0 0.3809537223351335
v -0.901279216685414 0.0 0.43323870276202997
v -0.8764513523799327 0.0 0.4814904224503195
v -0.5602753156523496 0.8277596105810475 -0.030093151403144967
v -0.5952720812010168 0.8011370814981458 -0.061891243251718575
v -0.6302911706386761 0.7704950885987951 -0.0952384305837834
v -0.664818860326026 0.7356239332464426 -0.1298973124811958
v -0.698272287722347 0.6964271920688234 -0.16554449053391695
v -0.7300255741640024 0.6529547236576094 -0.20177410616759886
v -0.7594472434636239 0.6054278390354008 -0.23811135234681322
v -0.7859457254016757 0.554250273009709 -0.2740364055951269
v -0.8090169943749475 0.5 -0.3090169943749474
v -0.8282866786048358 0.44340021840776717 -0.3425455069939086
v -0.8435391913822139 0.3852722612043458 -0.374174982259278
v -0.8547288298252083 0.32647736182880477 -0.4035482123351976
v -0.8619716826027403 0.26785661233416286 -0.43041567538818404
v -0.8655212457276383 0.21017826664184072 -0.45464059368418525
v -0.8657335191825786 0.15409901771975912 -0.476192152918917
v -0.8630283247498645 0.10014213518726828 -0.4951299460137486
v -0.8578527619841926 0.04869174179888517 -0.5115835738534644
v 0.5115835738534644 0.8578527619841926 0.04869174179888515
v 0.4951299460137486 0.8630283247498645 0.10014213518726822
v 0.47619215291891703 0.8657335191825786 0.15409901771975903
v 0.45464059368418525 0.8655212457276383 0.21017826664184072
v 0.43041567538818404 0.8619716826027403 0.26785661233416286
v 0.4035482123351976 0.8547288298252083 0.32647736182880477
v 0.374174982259278 0.8435391913822139 0.3852722612043458
v 0.3425455069939086 0.8282866786048358 0.44340021840776717
v 0.3090169943749474 0.8090169943749475 0.5
v 0.2740364055951269 0.7859457254016757 0.554250273009709
v 0.23811135234681322 0.7594472434636239 0.6054278390354008
v 0.20177410616759886 0.7300255741640024 0.6529547236576094
v 0.16554449053391695 0.698272287722347 0.6964271920688234
v 0.1298973124811958 0.664818860326026 0.7356239332464426
v 0.09523843058378345 0.6302911706386762 0.7704950885987951
v 0.0618912432517186 0.5952720812010168 0.8011370814981458
v 0.03009315140314498 0.5602753156523496 0.8277596105810475
v -0.5602753156523496 -0.8277596105810475 -0.030093151403144967
v -0.5952720812010168 -0.8011370814981458 -0.061891243251718575
v -0.6302911706386761 -0.7704950885987951 -0.0952384305837834
v -0.664818860326026 -0.7356239332464426 -0.1298973124811958
v -0.698272287722347 -0.6964271920688234 -0.16554449053391695
v -0.7300255741640024 -0.6529547236576094 -0.20177410616759886
v -0.7594472434636239 -0.6054278390354008 -0.23811135234681322
v -0.7859457254016757 -0.554250273009709 -0.2740364055951269
v -0.8090169943749475 -0.5 -0.3090169943749474
v -0.8282866786048358 -0.44340021840776717 -0.3425455069939086
v -0.8435391913822139 -0.3852722612043458 -0.374174982259278
v -0.8547288298252083 -0.32647736182880477 -0.4035482123351976
v -0.8619716826027403 -0.26785661233416286 -0.43041567538818404
v -0.8655212457276383 -0.21017826664184072 -0.45464059368418525
v -0.8657335191825786 -0.15409901771975912 -0.476192152918917
v -0.8630283247498645 -0.10014213518726828 -0.4951299460137486
v -0.8578527619841926 -0.04869174179888517 -0.5115835738534644
v 0.5602753156523496 0.8277596105810475 -0.030093151403144967
v 0.5952720812010168 0.8011370814981458 -0.061891243251718575
v 0.6302911706386761 0.7704950885987951 -0.0952384305837834
v 0.664818860326026 0.7356239332464426 -0.1298973124811958
v 0.698272287722347 0.6964271920688234 -0.16554449053391695
v 0.7300255741640024 0.6529547236576094 -0.20177410616759886
v 0.7594472434636239 0.6054278390354008 -0.23811135234681322
v 0.7859457254016757 0.554250273009709 -0.2740364055951269
v 0.8090169943749475 0.5 -0.3090169943749474
v 0.8282866786048358 0.44340021840776717 -0.3425455069939086
v 0.8435391913822139 0.3852722612043458 -0.374174982259278
v 0.8547288298252083 0.32647736182880477 -0.4035482123351976
v 0.8619716826027403 0.26785661233416286 -0.43041567538818404
v 0.8655212457276383 0.21017826664184072 -0.45464059368418525
v 0.8657335191825786 0.15409901771975912 -0.476192152918917
v 0.8630283247498645 0.10014213518726828 -0.4951299460137486
v 0.8578527619841926 0.04869174179888517 -0.5115835738534644
v 0.0 -0.4814904224503195 -0.8764513523799327
v 0.0 -0.43323870276202997 -0.901279216685414
v 0.0 -0.38095372233513364 -0.9245941063185542
v 0.0 -0.32474328120298945 -0.9458021998882832
v 0.0 -0.2648711848542671 -0.9642838044029862
v 0.0 -0.2017741061675988 -0.9794320854864143
v 0.0 -0.13606362991246476 -0.9907001002397465
v 0.0 -0.06850910139878175 -0.9976504914174761
v 0.0 0.0 -1.0
v 0.0 0.06850910139878175 -0.9976504914174761
v 0.0 0.13606362991246476 -0.9907001002397465
v 0.0 0.2017741061675988 -0.9794320854864143
v 0.0 0.2648711848542671 -0.9642838044029862
v 0.0 0.32474328120298945 -0.9458021998882832
v 0.0 0.3809537223351335 -0.9245941063185543
v 0.0 0.43323870276202997 -0.901279216685414
v 0.0 0.4814904224503195 -0.8764513523799327
v -0.04869174179888515 -0.5115835738534644 -0.8578527619841926
v -0.10014213518726822 -0.4951299460137486 -0.8630283247498645
v -0.15409901771975903 -0.47619215291891703 -0.8657335191825786
v -0.21017826664184072 -0.45464059368418525 -0.8655212457276383
v -0.2678566123341629 -0.4304156753881841 -0.8619716826027404
v -0.32647736182880477 -0.4035482123351976 -0.8547288298252083
v -0.3852722612043458 -0.374174982259278 -0.8435391913822139
v -0.44340021840776717 -0.3425455069939086 -0.8282866786048358
v -0.5 -0.3090169943749474 -0.8090169943749475
v -0.554250273009709 -0.2740364055951269 -0.7859457254016757
v -0.6054278390354008 -0.23811135234681322 -0.7594472434636239
v -0.6529547236576094 -0.2017741061675989 -0.7300255741640025
v -0.6964271920688233 -0.16554449053391693 -0.6982722877223468
v -0.7356239332464426 -0.1298973124811958 -0.664818860326026
v -0.7704950885987951 -0.09523843058378345 -0.6302911706386762
v -0.8011370814981457 -0.061891243251718596 -0.5952720812010167
v -0.8277596105810475 -0.03009315140314498 -0.5602753156523496
v 0.5602753156523496 -0.8277596105810475 -0.030093151403144967
v 0.5952720812010168 -0.8011370814981458 -0.061891243251718575
v 0.6302911706386761 -0.7704950885987951 -0.0952384305837834
v 0.664818860326026 -0.7356239332464426 -0.1298973124811958
v 0.698272287722347 -0.6964271920688234 -0.16554449053391695
v 0.7300255741640024 -0.6529547236576094 -0.20177410616759886
v 0.7594472434636239 -0.6054278390354008 -0.23811135234681322
v 0.7859457254016757 -0.554250273009709 -0.2740364055951269
v 0.8090169943749475 -0.5 -0.3090169943749474
v 0.8282866786048358 -0.44340021840776717 -0.3425455069939086
v 0.8435391913822139 -0.3852722612043458 -0.374174982259278
v 0.8547288298252083 -0.32647736182880477 -0.4035482123351976
v 0.8619716826027403 -0.26785661233416286 -0.43041567538818404
v 0.8655212457276383 -0.21017826664184072 -0.45464059368418525
v 0.8657335191825786 -0.15409901771975912 -0.476192152918917
v 0.8630283247498645 -0.10014213518726828 -0.4951299460137486
v 0.8578527619841926 -0.04869174179888517 -0.5115835738534644
v -0.04869174179888515 0.5115835738534644 0.8578527619841926
v -0.10014213518726822 0.4951299460137486 0.8630283247498645
v -0.15409901771975903 0.47619215291891703 0.8657335191825786
v -0.21017826664184072 0.45464059368418525 0.8655212457276383
v -0.2678566123341629 0.4304156753881841 0.8619716826027404
v -0.32647736182880477 0.4035482123351976 0.8547288298252083
v -0.3852722612043458 0.374174982259278 0.8435391913822139
v -0.44340021840776717 0.3425455069939086 0.8282866786048358
v -0.5 0.3090169943749474 0.8090169943749475
v -0.554250273009709 0.2740364055951269 0.7859457254016757
v -0.6054278390354008 0.23811135234681322 0.7594472434636239
v -0.6529547236576094 0.2017741061675989 0.7300255741640025
v -0.6964271920688233 0.16554449053391693 0.6982722877223468
v -0.7356239332464426 0.1298973124811958 0.664818860326026
v -0.7704950885987951 0.09523843058378345 0.6302911706386762
v -0.8011370814981457 0.061891243251718596 0.5952720812010167
v -0.8277596105810475 0.03009315140314498 0.5602753156523496
v -0.4814904224503195 -0.8764513523799327 0.0
v -0.43323870276202997 -0.901279216685414 0.0
v -0.38095372233513364 -0.9245941063185542 0.0
v -0.32474328120298945 -0.9458021998882832 0.0
v -0.2648711848542671 -0.9642838044029862 0.0
v -0.2017741061675988 -0.9794320854864143 0.0
v -0.13606362991246476 -0.9907001002397465 0.0
v -0.06850910139878175 -0.9976504914174761 0.0
v 0.0 -1.0 0.0
v 0.06850910139878175 -0.9976504914174761 0.0
v 0.13606362991246476 -0.9907001002397465 0.0
v 0.2017741061675988 -0.9794320854864143 0.0
v 0.2648711848542671 -0.9642838044029862 0.0
v 0.32474328120298945 -0.9458021998882832 0.0
v 0.3809537223351335 -0.9245941063185543 0.0
v 0.43323870276202997 -0.901279216685414 0.0
v 0.4814904224503195 -0.8764513523799327 0.0
v 0.5115835738534644 0.8578527619841926 -0.04869174179888515
v 0.4951299460137486 0.8630283247498645 -0.10014213518726822
v 0.47619215291891703 0.8657335191825786 -0.15409901771975903
v 0.45464059368418525 0.8655212457276383 -0.21017826664184072
v 0.43041567538818404 0.8619716826027403 -0.26785661233416286
v 0.4035482123351976 0.8547288298252083 -0.32647736182880477
v 0.374174982259278 0.8435391913822139 -0.3852722612043458
v 0.3425455069939086 0.8282866786048358 -0.44340021840776717
v 0.3090169943749474 0.8090169943749475 -0.5
v 0.2740364055951269 0.7859457254016757 -0.554250273009709
v 0.23811135234681322 0.7594472434636239 -0.6054278390354008
v 0.20177410616759886 0.7300255741640024 -0.6529547236576094
v 0.16554449053391695 0.698272287722347 -0.6964271920688234
v 0.1298973124811958 0.664818860326026 -0.7356239332464426
v 0.09523843058378345 0.6302911706386762 -0.7704950885987951
v 0.0618912432517186 0.5952720812010168 -0.8011370814981458
v 0.03009315140314498 0.5602753156523496 -0.8277596105810475
v -0.5115835738534644 -0.8578527619841926 -0.04869174179888515
v -0.4951299460137486 -0.8630283247498645 -0.10014213518726822
v -0.47619215291891703 -0.8657335191825786 -0.15409901771975903
v -0.45464059368418525 -0.8655212457276383 -0.21017826664184072
v -0.43041567538818404 -0.8619716826027403 -0.26785661233416286
v -0.4035482123351976 -0.8547288298252083 -0.32647736182880477
v -0.374174982259278 -0.8435391913822139 -0.3852722612043458
v -0.3425455069939086 -0.8282866786048358 -0.44340021840776717
v -0.3090169943749474 -0.8090169943749475 -0.5
v -0.2740364055951269 -0.7859457254016757 -0.554250273009709
v -0.23811135234681322 -0.7594472434636239 -0.6054278390354008
v -0.20177410616759886 -0.7300255741640024 -0.6529547236576094
v -0.16554449053391695 -0.698272287722347 -0.6964271920688234
v -0.1298973124811958 -0.664818860326026 -0.7356239332464426
v -0.09523843058378345 -0.6302911706386762 -0.7704950885987951
v -0.0618912432517186 -0.5952720812010168 -0.8011370814981458
v -0.03009315140314498 -0.5602753156523496 -0.8277596105810475
v 0.04869174179888515 0.5115835738534644 -0.8578527619841926
v 0.10014213518726822 0.4951299460137486 -0.8630283247498645
v 0.15409901771975903 0.47619215291891703 -0.8657335191825786
v 0.21017826664184072 0.45464059368418525 -0.8655212457276383
v 0.2678566123341629 0.4304156753881841 -0.8619716826027404
v 0.32647736182880477 0.4035482123351976 -0.8547288298252083
v 0.3852722612043458 0.374174982259278 -0.8435391913822139
v 0.44340021840776717 0.3425455069939086 -0.8282866786048358
v 0.5 0.3090169943749474 -0.8090169943749475
v 0.554250273009709 0.2740364055951269 -0.7859457254016757
v 0.6054278390354008 0.23811135234681322 -0.7594472434636239
v 0.6529547236576094 0.2017741061675989 -0.7300255741640025
v 0.6964271920688233 0.16554449053391693 -0.6982722877223468
v 0.7356239332464426 0.1298973124811958 -0.664818860326026
v 0.7704950885987951 0.09523843058378345 -0.6302911706386762
v 0.8011370814981457 0.061891243251718596 -0.5952720812010167
v 0.8277596105810475 0.03009315140314498 -0.5602753156523496
v -0.546248226428065 0.8336809534075362 0.08117230469621184
v -0.5812728417779446 0.8054949718827031 0.11532447131062838
v -0.6161856170118577 0.7730050175265404 0.15092557194362108
v -0.6504302061698961 0.7360192323478782 0.18765989586437007
v -0.6833853620262125 0.6944826409712805 0.2251184318483446
v -0.714397586193832 0.6485117186085434 0.26280913162943903
v -0.7428251733709502 0.5984172643402488 0.30017917906802005
v -0.768088809386262 0.5447085716992203 0.3366484112735272
v -0.7897211056194692 0.48807448490597755 0.37165020183356273
v -0.8074063535872011 0.42934153950052173 0.4046737236914963
v -0.8210031593251039 0.3694147047607109 0.43530057234599956
v -0.8305462708837452 0.30921037976693466 0.4632297841951578
v -0.8362286096354627 0.24959269701955897 0.488288027727123
v -0.838368577998938 0.19132247394127203 0.510425154541809
v -0.8373698718060385 0.13502424285125092 0.5296981703139867
v -0.8336809534075362 0.08117230469621185 0.546248226428065
v -0.5296981703139867 0.8373698718060384 0.13502424285125098
v -0.5645125869546731 0.8074134385437213 0.1714907531872993
v -0.599062467375371 0.7728795095718676 0.20924011055742164
v -0.6327547175965738 0.7336094290104325 0.24786825739950522
v -0.664939538352291 0.6896073541613165 0.28687472426561167
v -0.694949744216645 0.6410742753556835 0.32568178716410434
v -0.7221506326633281 0.5884256461763436 0.36366704918910003
v -0.7459937737333217 0.532285574105574 0.40020664306107817
v -0.7660656589178024 0.47345461482528584 0.43472305428568353
v -0.7821220839935175 0.4128541269409768 0.4667295958019385
v -0.7941018987847926 0.3514559044818624 0.49586381351256403
v -0.8021185304092142 0.2902092106026653 0.5219046629946321
v -0.8064327215176603 0.2299771359716506 0.5447722300153494
v -0.8074134385437212 0.1714907531872992 0.564512586954673
v -0.8054949718827031 0.1153244713106283 0.5812728417779446
v -0.510425154541809 0.8383685779989382 0.19132247394127205
v -0.5447722300153494 0.8064327215176603 0.22997713597165056
v -0.5786893258332632 0.7696723314583159 0.26967233145831576
v -0.6115560433333621 0.7279803264057769 0.3099094226198705
v -0.642707603860562 0.6814391644001644 0.35009655976804543
v -0.6714802500893715 0.6303513474402552 0.3895785575723717
v -0.6972652352184785 0.5752483514388146 0.4276804016115842
v -0.7195630883389192 0.5168718140933477 0.4637590858366104
v -0.7380282124956273 0.4561265199786275 0.49725542262774375
v -0.7524951694967479 0.39401158602251984 0.5277365725095042
v -0.7629821169658125 0.33154171885307765 0.5549219565401193
v -0.7696723314583158 0.2696723314583159 0.5786893258332632
v -0.7728795095718676 0.20924011055742173 0.599062467375371
v -0.7730050175265404 0.1509255719436211 0.6161856170118577
v -0.488288027727123 0.8362286096354627 0.24959269701955894
v -0.5219046629946321 0.8021185304092141 0.29020921060266525
v -0.5549219565401193 0.7629821169658125 0.33154171885307765
v -0.5867050864944087 0.7187840175389044 0.3729968868666608
v -0.6165908447525705 0.6697035730093078 0.4138995705069989
v -0.643937663408711 0.6161581887964347 0.45353431184732523
v -0.6681811804100425 0.5588001088642093 0.49119888892300034
v -0.6888857975209887 0.498482445959603 0.5262619205718791
v -0.705782257234334 0.43619742362743974 0.5582143074071036
v -0.7187840175389043 0.37299688686666077 0.5867050864944086
v -0.7279803264057769 0.3099094226198704 0.6115560433333621
v -0.7336094290104325 0.2478682573995053 0.6327547175965738
v -0.7360192323478785 0.18765989586437015 0.6504302061698961
v -0.4632297841951578 0.8305462708837452 0.30921037976693466
v -0.495863813512564 0.7941018987847928 0.3514559044818625
v -0.5277365725095041 0.7524951694967478 0.3940115860225198
v -0.5582143074071036 0.705782257234334 0.43619742362743974
v -0.5866533432672921 0.6542545632085012 0.477272271721459
v -0.6124524616150863 0.5984511946453679 0.5164863501479526
v -0.6351069874576518 0.5391408759905182 0.5531421429602367
v -0.6542545632085012 0.477272271721459 0.5866533432672921
v -0.6697035730093078 0.4138995705069989 0.6165908447525705
v -0.6814391644001644 0.35009655976804543 0.642707603860562
v -0.6896073541613165 0.28687472426561156 0.6649395383522909
v -0.6944826409712805 0.22511843184834462 0.6833853620262127
v -0.43530057234599956 0.8210031593251039 0.3694147047607109
v -0.4667295958019385 0.7821220839935175 0.41285412694097684
v -0.4972554226277438 0.7380282124956273 0.45612651997862746
v -0.5262619205718791 0.6888857975209887 0.4984824459596029
v -0.5531421429602366 0.6351069874576519 0.5391408759905182
v -0.5773502691896258 0.5773502691896258 0.5773502691896257
v -0.5984511946453679 0.5164863501479526 0.6124524616150862
v -0.6161581887964348 0.45353431184732534 0.643937663408711
v -0.6303513474402552 0.3895785575723718 0.6714802500893715
v -0.6410742753556835 0.3256817871641044 0.694949744216645
v -0.6485117186085434 0.26280913162943903 0.7143975861938319
v -0.40467372369149623 0.807406353587201 0.4293415395005218
v -0.4347230542856835 0.7660656589178024 0.4734546148252859
v -0.4637590858366104 0.7195630883389194 0.5168718140933475
v -0.49119888892300034 0.6681811804100426 0.5588001088642093
v -0.5164863501479525 0.6124524616150863 0.5984511946453678
v -0.5391408759905181 0.5531421429602366 0.6351069874576517
v -0.5588001088642094 0.49119888892300045 0.6681811804100425
v -0.5752483514388146 0.4276804016115843 0.6972652352184784
v -0.5884256461763437 0.36366704918910003 0.722150632663328
v -0.5984172643402488 0.30017917906802005 0.7428251733709502
v -0.37165020183356273 0.7897211056194692 0.4880744849059775
v -0.40020664306107817 0.7459937737333217 0.5322855741055739
v -0.4276804016115842 0.6972652352184785 0.5752483514388145
v -0.45353431184732523 0.6439376634087108 0.6161581887964346
v -0.477272271721459 0.5866533432672921 0.6542545632085012
v -0.49848244595960306 0.5262619205718791 0.6888857975209886
v -0.5168718140933477 0.4637590858366104 0.7195630883389192
v -0.532285574105574 0.4002066430610782 0.7459937737333217
v -0.5447085716992203 0.3366484112735272 0.768088809386262
v -0.3366484112735272 0.768088809386262 0.5447085716992203
v -0.3636670491891 0.722150632663328 0.5884256461763437
v -0.38957855757237175 0.6714802500893715 0.6303513474402552
v -0.4138995705069989 0.6165908447525705 0.6697035730093078
v -0.43619742362743974 0.5582143074071036 0.705782257234334
v -0.4561265199786275 0.49725542262774375 0.7380282124956271
v -0.4734546148252859 0.4347230542856835 0.7660656589178024
v -0.48807448490597755 0.37165020183356273 0.7897211056194692
v -0.30017917906802005 0.7428251733709502 0.5984172643402489
v -0.32568178716410434 0.694949744216645 0.6410742753556835
v -0.35009655976804543 0.642707603860562 0.6814391644001644
v -0.3729968868666608 0.5867050864944087 0.7187840175389044
v -0.3940115860225198 0.5277365725095041 0.7524951694967479
v -0.4128541269409769 0.4667295958019385 0.7821220839935175
v -0.4293415395005218 0.40467372369149623 0.807406353587201
v -0.26280913162943903 0.714397586193832 0.6485117186085434
v -0.28687472426561156 0.6649395383522909 0.6896073541613165
v -0.3099094226198705 0.6115560433333621 0.7279803264057769
v -0.33154171885307765 0.5549219565401193 0.7629821169658125
v -0.3514559044818624 0.49586381351256387 0.7941018987847928
v -0.369414704760711 0.43530057234599956 0.8210031593251039
v -0.2251184318483446 0.6833853620262125 0.6944826409712805
v -0.24786825739950524 0.632754717596574 0.7336094290104324
v -0.2696723314583159 0.5786893258332633 0.7696723314583157
v -0.2902092106026653 0.5219046629946321 0.8021185304092141
v -0.30921037976693466 0.4632297841951578 0.8305462708837452
v -0.18765989586437007 0.6504302061698961 0.7360192323478782
v -0.20924011055742167 0.599062467375371 0.7728795095718676
v -0.22997713597165062 0.5447722300153494 0.8064327215176603
v -0.249592697019559 0.48828802772712304 0.8362286096354626
v -0.15092557194362108 0.6161856170118577 0.7730050175265404
v -0.17149075318729926 0.564512586954673 0.8074134385437212
v -0.19132247394127208 0.510425154541809 0.8383685779989382
v -0.11532447131062835 0.5812728417779445 0.8054949718827032
v -0.13502424285125098 0.5296981703139867 0.8373698718060385
v -0.08117230469621187 0.5462482264280651 0.8336809534075362
v -0.4650759217318532 0.883848196654958 0.050167243247421625
v -0.44624859892669355 0.8889445432699963 0.10314934292791574
v -0.4248631430705857 0.8912488092339625 0.15864069370507317
v -0.40083750915033717 0.8902760024497204 0.21618957125703084
v -0.3741749822592779 0.8855851653415089 0.2751944722888185
v -0.34498288143312095 0.8768225620946702 0.33491641661739885
v -0.3134836338704285 0.8637649285337767 0.3945100246260297
v -0.2800143244802844 0.8463551924127118 0.453072694345942
v -0.24501253392024885 0.8247228961795047 0.5097067811391848
v -0.2089890892469523 0.7991837483175259 0.5635857494657568
v -0.17249144071656042 0.7702169889633984 0.6140134304652314
v -0.13606362991246473 0.7384242564839764 0.6604667334931644
v -0.10020937728758429 0.7044775989841539 0.7026161065853502
v -0.06536356047239777 0.6690658482468821 0.7403232372903414
v -0.03187489992333522 0.6328475132419024 0.7736200719593679
v -1.549013989516412e-17 0.5964154696754866 0.802675891958746
v -0.4143736990033583 0.9086443148106189 0.05157467146395787
v -0.39302183376737376 0.9134005527697916 0.10598711422607034
v -0.36908533140372046 0.9150131962377037 0.16287071208006507
v -0.3425455069939086 0.9129685850111561 0.22170010920388358
v -0.3134836338704285 0.906819048677944 0.2817928747328784
v -0.2820956172756682 0.8962321582008708 0.3423302226220598
v -0.24869601783804215 0.8810366902688602 0.4023986097287024
v -0.21370819962774776 0.8612561506240695 0.46104950756299135
v -0.17764001274145866 0.8371216640143859 0.5173696410797602
v -0.14104780863783406 0.8090598184239983 0.5705503710367664
v -0.10449454462347611 0.7776566882454423 0.6199443244123325
v -0.06850910139878172 0.7436047721985156 0.6651003276116507
v -0.03355321194579275 0.7076429420954145 0.7057730856802821
v 3.272564167717044e-17 0.6704997011807433 0.7419097995824923
v 0.0318748999233353 0.6328475132419024 0.7736200719593679
v -0.35949958259818793 0.9316457112316135 0.05288023123502439
v -0.33553211945792766 0.9357502216519326 0.10858047472004337
v -0.30901699437494745 0.9363389981249826 0.16666666666666666
v -0.2800143244802845 0.9328843773455407 0.226536347172971
v -0.2486960178380422 0.9249517165233345 0.28742757837764454
v -0.21535373011074402 0.9122530399572549 0.34844965492325547
v -0.18039342112513088 0.8946927003753203 0.4086357614182691
v -0.1443147369001047 0.8723948472548795 0.467012298763736
v -0.10767686505537204 0.8457050775509992 0.5226744823848832
v -0.0710560050965835 0.8151641508871488 0.5748551567552891
v -0.03500179056003555 0.7814583037130903 0.6229749547256703
v -5.1461667323329365e-17 0.7453559924999299 0.6666666666666666
v 0.03355321194579273 0.7076429420954145 0.705773085680282
v 0.06536356047239777 0.6690658482468821 0.7403232372903414
v -0.3006281318627529 0.9522088036049092 0.05404739281425771
v -0.2740364055951269 0.955309538214316 0.11085005460194176
v -0.24501253392024894 0.9545166735787479 0.16990226037972825
v -0.21370819962774779 0.9493087713204001 0.23052475378149567
v -0.18039342112513088 0.9392884066162019 0.2918826867273351
v -0.14545521744910797 0.9242372831946521 0.3530272285104951
v -0.10938107154583324 0.9041575690594321 0.4129586801364317
v -0.07272760872455399 0.8792891490823743 0.4707029713473268
v -0.03607868422502619 0.8500969941344387 0.5253888361092031
v 0.0 0.8172298402759043 0.5763118844537392
v 0.03500179056003557 0.7814583037130903 0.6229749547256703
v 0.06850910139878168 0.7436047721985157 0.6651003276116507
v 0.10020937728758428 0.7044775989841539 0.7026161065853503
v -0.23811135234681322 0.9696771132600991 0.0550388944577637
v -0.20898908924695234 0.9714002288941949 0.11271714989315135
v -0.1776400127414587 0.9688667427778089 0.17245654702658675
v -0.14431473690010468 0.9615862597366428 0.233506149381868
v -0.10938107154583318 0.949225049020238 0.2949704858117369
v -0.07331158562456808 0.9316585807319002 0.355861911929098
v -0.03665579281228402 0.9090040548893346 0.4151722305839477
v 0.0 0.8816238290790291 0.4719527772987791
v 0.03607868422502619 0.8500969941344387 0.5253888361092031
v 0.07105600509658351 0.8151641508871488 0.5748551567552891
v 0.10449454462347621 0.7776566882454423 0.6199443244123325
v 0.1360636299124647 0.7384242564839764 0.6604667334931643
v -0.17249144071656053 0.9834281352259422 0.05581940276956648
v -0.14104780863783412 0.9834044979777433 0.11411007420735328
v -0.10767686505537209 0.9788010023635108 0.17422482746162773
v -0.07272760872455403 0.9691854173069299 0.2353514856736634
v -0.03665579281228409 0.9543131065744658 0.2965515932742483
v -7.345063871007168e-17 0.9341723589627158 0.35682208977308993
v 0.036655792812283976 0.9090040548893346 0.41517223058394764
v 0.07272760872455387 0.8792891490823743 0.4707029713473267
v 0.10767686505537194 0.8457050775509992 0.5226744823848832
v 0.14104780863783403 0.8090598184239983 0.5705503710367664
v 0.17249144071656045 0.7702169889633983 0.6140134304652313
v -0.10449454462347617 0.9929272889662785 0.056358574946575674
v -0.07105600509658347 0.9908242559050462 0.11497103135105782
v -0.03607868422502622 0.9838841128570837 0.175129612036401
v -3.6431215226506684e-17 0.971758789000641 0.23597638864938955
v 0.03665579281228401 0.9543131065744658 0.2965515932742483
v 0.07331158562456802 0.9316585807319002 0.35586191192909794
v 0.10938107154583318 0.9041575690594321 0.41295868013643167
v 0.14431473690010463 0.8723948472548795 0.467012298763736
v 0.17764001274145866 0.837121664014386 0.5173696410797602
v 0.2089890892469523 0.7991837483175259 0.5635857494657567
v -0.03500179056003557 0.9977812660451623 0.05663408679324275
v -3.558956456668723e-17 0.9933350816685653 0.11526237689074784
v 0.036078684225026116 0.9838841128570837 0.175129612036401
v 0.07272760872455392 0.9691854173069299 0.2353514856736634
v 0.1093810715458332 0.949225049020238 0.29497048581173696
v 0.1454552174491079 0.9242372831946521 0.3530272285104951
v 0.18039342112513085 0.8946927003753203 0.4086357614182691
v 0.2137081996277477 0.8612561506240695 0.46104950756299135
v 0.24501253392024885 0.8247228961795047 0.5097067811391848
v 0.03500179056003557 0.9977812660451623 0.05663408679324275
v 0.07105600509658347 0.9908242559050462 0.11497103135105782
v 0.10767686505537198 0.9788010023635108 0.17422482746162773
v 0.14431473690010468 0.9615862597366428 0.233506149381868
v 0.18039342112513088 0.9392884066162019 0.2918826867273351
v 0.215353730110744 0.912253039957255 0.34844965492325547
v 0.24869601783804218 0.8810366902688602 0.4023986097287024
v 0.2800143244802844 0.8463551924127118 0.453072694345942
v 0.10449454462347621 0.9929272889662785 0.056358574946575674
v 0.14104780863783412 0.9834044979777433 0.11411007420735328
v 0.1776400127414587 0.9688667427778089 0.17245654702658675
v 0.21370819962774779 0.9493087713204001 0.23052475378149567
v 0.2486960178380422 0.9249517165233345 0.28742757837764454
v 0.2820956172756682 0.8962321582008708 0.3423302226220598
v 0.3134836338704285 0.8637649285337767 0.3945100246260297
v 0.17249144071656056 0.9834281352259422 0.05581940276956648
v 0.20898908924695236 0.9714002288941949 0.11271714989315135
v 0.24501253392024894 0.9545166735787479 0.16990226037972825
v 0.2800143244802845 0.9328843773455407 0.226536347172971
v 0.31348363387042855 0.9068190486779439 0.28179287473287834
v 0.34498288143312106 0.8768225620946704 0.3349164166173989
v 0.23811135234681322 0.9696771132600991 0.0550388944577637
v 0.2740364055951268 0.9553095382143161 0.11085005460194179
v 0.30901699437494734 0.9363389981249826 0.16666666666666666
v 0.34254550699390857 0.9129685850111561 0.22170010920388358
v 0.3741749822592779 0.8855851653415089 0.2751944722888185
v 0.3006281318627529 0.9522088036049092 0.05404739281425771
v 0.33553211945792766 0.9357502216519326 0.10858047472004338
v 0.36908533140372035 0.9150131962377037 0.16287071208006507
v 0.40083750915033717 0.8902760024497204 0.21618957125703084
v 0.35949958259818793 0.9316457112316135 0.05288023123502439
v 0.39302183376737376 0.9134005527697915 0.10598711422607031
v 0.4248631430705857 0.8912488092339625 0.15864069370507317
v 0.41437369900335835 0.9086443148106189 0.05157467146395786
v 0.44624859892669366 0.8889445432699963 0.10314934292791572
v 0.4650759217318532 0.883848196654958 0.050167243247421625
v -0.4650759217318532 0.883848196654958 -0.050167243247421625
v -0.4143736990033583 0.9086443148106189 -0.05157467146395787
v -0.35949958259818793 0.9316457112316135 -0.05288023123502439
v -0.3006281318627529 0.9522088036049092 -0.05404739281425771
v -0.23811135234681322 0.9696771132600991 -0.0550388944577637
v -0.17249144071656053 0.9834281352259422 -0.05581940276956648
v -0.10449454462347617 0.9929272889662785 -0.056358574946575674
v -0.03500179056003557 0.9977812660451623 -0.05663408679324275
v 0.03500179056003557 0.9977812660451623 -0.05663408679324275
v 0.10449454462347621 0.9929272889662785 -0.056358574946575674
v 0.17249144071656056 0.9834281352259422 -0.05581940276956648
v 0.23811135234681322 0.9696771132600991 -0.0550388944577637
v 0.3006281318627529 0.9522088036049092 -0.05404739281425771
v 0.35949958259818793 0.9316457112316135 -0.05288023123502439
v 0.41437369900335835 0.9086443148106189 -0.05157467146395786
v 0.4650759217318532 0.883848196654958 -0.050167243247421625
v -0.44624859892669355 0.8889445432699963 -0.10314934292791574
v -0.39302183376737376 0.9134005527697916 -0.10598711422607034
v -0.33553211945792766 0.9357502216519326 -0.10858047472004338
v -0.2740364055951269 0.9553095382143161 -0.11085005460194179
v -0.20898908924695228 0.9714002288941949 -0.11271714989315135
v -0.14104780863783412 0.9834044979777433 -0.11411007420735328
v -0.07105600509658344 0.9908242559050462 -0.11497103135105782
v 0.0 0.9933350816685653 -0.11526237689074784
v 0.07105600509658351 0.9908242559050462 -0.11497103135105782
v 0.14104780863783414 0.9834044979777433 -0.11411007420735328
v 0.20898908924695242 0.9714002288941949 -0.11271714989315135
v 0.2740364055951269 0.9553095382143161 -0.11085005460194179
v 0.33553211945792766 0.9357502216519326 -0.10858047472004338
v 0.39302183376737376 0.9134005527697915 -0.10598711422607031
v 0.44624859892669366 0.8889445432699962 -0.10314934292791572
v -0.4248631430705857 0.8912488092339625 -0.15864069370507317
v -0.3690853314037204 0.9150131962377037 -0.16287071208006504
v -0.30901699437494745 0.9363389981249826 -0.16666666666666666
v -0.24501253392024894 0.9545166735787479 -0.16990226037972825
v -0.1776400127414587 0.9688667427778089 -0.17245654702658675
v -0.10767686505537201 0.9788010023635108 -0.17422482746162773
v -0.036078684225026185 0.9838841128570837 -0.175129612036401
v 0.036078684225026116 0.9838841128570837 -0.175129612036401
v 0.10767686505537198 0.9788010023635108 -0.17422482746162773
v 0.1776400127414587 0.9688667427778089 -0.17245654702658675
v 0.24501253392024894 0.9545166735787479 -0.16990226037972825
v 0.30901699437494734 0.9363389981249826 -0.16666666666666666
v 0.36908533140372035 0.9150131962377037 -0.16287071208006507
v 0.4248631430705857 0.8912488092339625 -0.15864069370507317
v -0.40083750915033717 0.8902760024497204 -0.21618957125703084
v -0.3425455069939086 0.9129685850111561 -0.22170010920388358
v -0.2800143244802845 0.9328843773455407 -0.226536347172971
v -0.21370819962774779 0.9493087713204001 -0.23052475378149567
v -0.14431473690010468 0.9615862597366428 -0.233506149381868
v -0.07272760872455399 0.9691854173069299 -0.2353514856736634
v 0.0 0.971758789000641 -0.23597638864938955
v 0.07272760872455392 0.9691854173069299 -0.2353514856736634
v 0.14431473690010468 0.9615862597366428 -0.233506149381868
v 0.21370819962774779 0.9493087713204001 -0.23052475378149567
v 0.2800143244802845 0.9328843773455407 -0.226536347172971
v 0.34254550699390857 0.9129685850111561 -0.22170010920388358
v 0.40083750915033717 0.8902760024497204 -0.21618957125703084
v -0.3741749822592779 0.8855851653415089 -0.2751944722888185
v -0.3134836338704285 0.9068190486779439 -0.28179287473287834
v -0.2486960178380422 0.9249517165233345 -0.28742757837764454
v -0.18039342112513088 0.9392884066162019 -0.2918826867273351
v -0.1093810715458332 0.949225049020238 -0.29497048581173696
v -0.03665579281228405 0.9543131065744658 -0.29655159327424835
v 0.03665579281228405 0.9543131065744658 -0.29655159327424835
v 0.1093810715458332 0.949225049020238 -0.29497048581173696
v 0.18039342112513088 0.9392884066162019 -0.2918826867273351
v 0.2486960178380422 0.9249517165233345 -0.28742757837764454
v 0.31348363387042855 0.9068190486779439 -0.28179287473287834
v 0.3741749822592779 0.8855851653415089 -0.2751944722888185
v -0.34498288143312106 0.8768225620946704 -0.3349164166173989
v -0.2820956172756682 0.8962321582008708 -0.3423302226220598
v -0.21535373011074407 0.9122530399572549 -0.3484496549232554
v -0.145455217449108 0.9242372831946521 -0.3530272285104951
v -0.0733115856245681 0.9316585807319002 -0.355861911929098
v -7.345063871007168e-17 0.9341723589627157 -0.35682208977308993
v 0.07331158562456803 0.9316585807319002 -0.355861911929098
v 0.1454552174491078 0.924237283194652 -0.35302722851049506
v 0.21535373011074396 0.9122530399572549 -0.34844965492325547
v 0.2820956172756681 0.8962321582008708 -0.3423302226220598
v 0.34498288143312095 0.8768225620946702 -0.33491641661739885
v -0.3134836338704285 0.8637649285337767 -0.3945100246260297
v -0.24869601783804218 0.8810366902688602 -0.4023986097287024
v -0.18039342112513093 0.8946927003753203 -0.408635761418269
v -0.10938107154583325 0.9041575690594321 -0.41295868013643167
v -0.036655792812284045 0.9090040548893346 -0.41517223058394764
v 0.036655792812283976 0.9090040548893346 -0.41517223058394764
v 0.1093810715458332 0.9041575690594321 -0.4129586801364317
v 0.1803934211251308 0.8946927003753203 -0.408635761418269
v 0.24869601783804215 0.8810366902688603 -0.4023986097287024
v 0.3134836338704285 0.8637649285337767 -0.3945100246260297
v -0.2800143244802844 0.8463551924127118 -0.453072694345942
v -0.21370819962774779 0.8612561506240695 -0.46104950756299135
v -0.1443147369001047 0.8723948472548795 -0.467012298763736
v -0.07272760872455399 0.8792891490823743 -0.4707029713473267
v 0.0 0.8816238290790291 -0.4719527772987791
v 0.07272760872455392 0.8792891490823743 -0.4707029713473268
v 0.14431473690010468 0.8723948472548794 -0.467012298763736
v 0.21370819962774767 0.8612561506240696 -0.4610495075629913
v 0.2800143244802844 0.8463551924127118 -0.453072694345942
v -0.24501253392024885 0.8247228961795047 -0.5097067811391848
v -0.1776400127414587 0.8371216640143859 -0.5173696410797602
v -0.10767686505537204 0.8457050775509992 -0.5226744823848832
v -0.03607868422502619 0.8500969941344387 -0.5253888361092031
v 0.03607868422502619 0.8500969941344387 -0.5253888361092031
v 0.10767686505537198 0.8457050775509992 -0.5226744823848832
v 0.1776400127414587 0.8371216640143859 -0.5173696410797602
v 0.24501253392024885 0.8247228961795047 -0.5097067811391848
v -0.2089890892469523 0.7991837483175259 -0.5635857494657568
v -0.14104780863783406 0.8090598184239983 -0.5705503710367664
v -0.0710560050965835 0.8151641508871488 -0.5748551567552891
v 0.0 0.8172298402759043 -0.5763118844537392
v 0.07105600509658351 0.8151641508871488 -0.5748551567552891
v 0.14104780863783406 0.8090598184239983 -0.5705503710367664
v 0.20898908924695234 0.7991837483175259 -0.5635857494657567
v -0.17249144071656042 0.7702169889633984 -0.6140134304652314
v -0.10449454462347614 0.7776566882454423 -0.6199443244123325
v -0.03500179056003554 0.7814583037130903 -0.6229749547256703
v 0.03500179056003557 0.7814583037130903 -0.6229749547256703
v 0.10449454462347621 0.7776566882454423 -0.6199443244123325
v 0.17249144071656047 0.7702169889633983 -0.6140134304652313
v -0.13606362991246473 0.7384242564839764 -0.6604667334931644
v -0.06850910139878175 0.7436047721985156 -0.6651003276116507
v -3.4307778215552914e-17 0.7453559924999299 -0.6666666666666667
v 0.06850910139878168 0.7436047721985157 -0.6651003276116507
v 0.1360636299124647 0.7384242564839764 -0.6604667334931644
v -0.1002093772875843 0.7044775989841539 -0.7026161065853502
v -0.03355321194579278 0.7076429420954145 -0.705773085680282
v 0.03355321194579275 0.7076429420954145 -0.705773085680282
v 0.10020937728758426 0.7044775989841539 -0.7026161065853502
v -0.0653635604723978 0.6690658482468821 -0.7403232372903414
v 0.0 0.6704997011807433 -0.7419097995824923
v 0.0653635604723978 0.6690658482468821 -0.7403232372903414
v -0.03187489992333524 0.6328475132419024 -0.7736200719593679
v 0.03187489992333527 0.6328475132419024 -0.7736200719593679
v -3.098027979032824e-17 0.5964154696754866 -0.802675891958746
v -0.546248226428065 0.8336809534075362 -0.08117230469621184
v -0.5296981703139867 0.8373698718060384 -0.13502424285125098
v -0.510425154541809 0.8383685779989382 -0.19132247394127208
v -0.488288027727123 0.8362286096354627 -0.24959269701955897
v -0.4632297841951578 0.8305462708837452 -0.30921037976693466
v -0.43530057234599956 0.8210031593251039 -0.369414704760711
v -0.40467372369149623 0.807406353587201 -0.4293415395005218
v -0.37165020183356273 0.7897211056194692 -0.48807448490597755
v -0.3366484112735272 0.768088809386262 -0.5447085716992203
v -0.30017917906802005 0.7428251733709502 -0.5984172643402489
v -0.26280913162943903 0.714397586193832 -0.6485117186085434
v -0.2251184318483446 0.6833853620262125 -0.6944826409712805
v -0.18765989586437007 0.6504302061698961 -0.7360192323478782
v -0.15092557194362108 0.6161856170118577 -0.7730050175265404
v -0.11532447131062834 0.5812728417779445 -0.8054949718827032
v -0.08117230469621185 0.546248226428065 -0.8336809534075362
v -0.5812728417779446 0.8054949718827031 -0.11532447131062838
v -0.5645125869546731 0.8074134385437213 -0.1714907531872993
v -0.5447722300153494 0.8064327215176603 -0.2299771359716506
v -0.5219046629946321 0.8021185304092142 -0.2902092106026653
v -0.495863813512564 0.7941018987847926 -0.35145590448186254
v -0.4667295958019385 0.7821220839935175 -0.4128541269409769
v -0.4347230542856834 0.7660656589178024 -0.4734546148252859
v -0.40020664306107817 0.7459937737333217 -0.532285574105574
v -0.3636670491891 0.722150632663328 -0.5884256461763437
v -0.3256817871641044 0.694949744216645 -0.6410742753556835
v -0.28687472426561156 0.6649395383522909 -0.6896073541613166
v -0.24786825739950522 0.6327547175965738 -0.7336094290104325
v -0.20924011055742164 0.5990624673753709 -0.7728795095718676
v -0.17149075318729926 0.564512586954673 -0.8074134385437213
v -0.13502424285125092 0.5296981703139867 -0.8373698718060385
v -0.6161856170118577 0.7730050175265404 -0.15092557194362108
v -0.599062467375371 0.7728795095718677 -0.20924011055742164
v -0.5786893258332632 0.7696723314583159 -0.26967233145831576
v -0.5549219565401193 0.7629821169658125 -0.33154171885307765
v -0.5277365725095041 0.7524951694967478 -0.3940115860225198
v -0.49725542262774375 0.7380282124956271 -0.45612651997862746
v -0.4637590858366104 0.7195630883389192 -0.5168718140933476
v -0.4276804016115842 0.6972652352184785 -0.5752483514388145
v -0.38957855757237175 0.6714802500893715 -0.6303513474402552
v -0.35009655976804543 0.642707603860562 -0.6814391644001644
v -0.3099094226198705 0.6115560433333621 -0.7279803264057769
v -0.2696723314583159 0.5786893258332633 -0.7696723314583158
v -0.22997713597165062 0.5447722300153494 -0.8064327215176603
v -0.19132247394127208 0.510425154541809 -0.8383685779989382
v -0.6504302061698961 0.7360192323478785 -0.18765989586437012
v -0.6327547175965738 0.7336094290104325 -0.24786825739950516
v -0.6115560433333621 0.7279803264057769 -0.3099094226198705
v -0.5867050864944087 0.7187840175389044 -0.3729968868666608
v -0.5582143074071036 0.705782257234334 -0.43619742362743974
v -0.5262619205718793 0.6888857975209887 -0.49848244595960306
v -0.49119888892300034 0.6681811804100425 -0.5588001088642093
v -0.45353431184732523 0.6439376634087108 -0.6161581887964346
v -0.4138995705069989 0.6165908447525705 -0.6697035730093078
v -0.3729968868666608 0.5867050864944087 -0.7187840175389044
v -0.33154171885307765 0.5549219565401193 -0.7629821169658125
v -0.2902092106026653 0.5219046629946321 -0.8021185304092141
v -0.24959269701955894 0.48828802772712293 -0.8362286096354626
v -0.6833853620262127 0.6944826409712805 -0.2251184318483446
v -0.6649395383522909 0.6896073541613165 -0.2868747242656116
v -0.642707603860562 0.6814391644001644 -0.35009655976804543
v -0.6165908447525705 0.6697035730093078 -0.4138995705069989
v -0.5866533432672921 0.6542545632085012 -0.477272271721459
v -0.5531421429602366 0.6351069874576518 -0.5391408759905182
v -0.5164863501479526 0.6124524616150863 -0.5984511946453679
v -0.477272271721459 0.5866533432672921 -0.6542545632085012
v -0.43619742362743974 0.5582143074071036 -0.705782257234334
v -0.39401158602251984 0.5277365725095042 -0.7524951694967479
v -0.3514559044818624 0.49586381351256387 -0.7941018987847928
v -0.30921037976693466 0.4632297841951578 -0.8305462708837452
v -0.714397586193832 0.6485117186085434 -0.26280913162943903
v -0.694949744216645 0.6410742753556835 -0.32568178716410434
v -0.6714802500893715 0.6303513474402553 -0.3895785575723717
v -0.6439376634087108 0.6161581887964347 -0.4535343118473251
v -0.6124524616150863 0.5984511946453679 -0.5164863501479524
v -0.5773502691896257 0.5773502691896258 -0.5773502691896257
v -0.5391408759905182 0.5531421429602367 -0.6351069874576518
v -0.498482445959603 0.5262619205718793 -0.6888857975209886
v -0.4561265199786275 0.4972554226277438 -0.7380282124956271
v -0.4128541269409769 0.46672959580193857 -0.7821220839935175
v -0.369414704760711 0.43530057234599956 -0.8210031593251039
v -0.7428251733709502 0.5984172643402488 -0.30017917906802005
v -0.722150632663328 0.5884256461763437 -0.3636670491891
v -0.6972652352184785 0.5752483514388146 -0.42768040161158416
v -0.6681811804100426 0.5588001088642093 -0.4911988889230003
v -0.6351069874576518 0.5391408759905182 -0.5531421429602364
v -0.5984511946453679 0.5164863501479526 -0.6124524616150862
v -0.5588001088642094 0.49119888892300045 -0.6681811804100425
v -0.5168718140933476 0.4637590858366104 -0.7195630883389192
v -0.4734546148252859 0.43472305428568353 -0.7660656589178024
v -0.4293415395005218 0.40467372369149623 -0.807406353587201
v -0.768088809386262 0.5447085716992203 -0.3366484112735272
v -0.7459937737333217 0.532285574105574 -0.40020664306107817
v -0.7195630883389192 0.5168718140933477 -0.4637590858366104
v -0.6888857975209886 0.49848244595960306 -0.5262619205718791
v -0.6542545632085012 0.477272271721459 -0.5866533432672921
v -0.6161581887964347 0.4535343118473253 -0.643937663408711
v -0.5752483514388145 0.4276804016115842 -0.6972652352184784
v -0.532285574105574 0.4002066430610782 -0.7459937737333217
v -0.48807448490597755 0.37165020183356273 -0.7897211056194692
v -0.7897211056194692 0.48807448490597755 -0.37165020183356273
v -0.7660656589178024 0.4734546148252859 -0.4347230542856835
v -0.7380282124956273 0.4561265199786275 -0.49725542262774375
v -0.705782257234334 0.43619742362743974 -0.5582143074071036
v -0.6697035730093078 0.4138995705069989 -0.6165908447525705
v -0.6303513474402552 0.38957855757237175 -0.6714802500893715
v -0.5884256461763437 0.3636670491891 -0.722150632663328
v -0.5447085716992203 0.3366484112735272 -0.768088809386262
v -0.8074063535872011 0.42934153950052173 -0.4046737236914963
v -0.7821220839935175 0.4128541269409769 -0.4667295958019385
v -0.7524951694967479 0.3940115860225198 -0.5277365725095041
v -0.7187840175389043 0.37299688686666077 -0.5867050864944086
v -0.6814391644001644 0.3500965597680454 -0.642707603860562
v -0.6410742753556835 0.32568178716410434 -0.694949744216645
v -0.5984172643402488 0.30017917906802 -0.7428251733709502
v -0.8210031593251039 0.369414704760711 -0.4353005723459996
v -0.7941018987847928 0.3514559044818624 -0.495863813512564
v -0.7629821169658125 0.33154171885307765 -0.5549219565401193
v -0.7279803264057769 0.3099094226198704 -0.6115560433333621
v -0.6896073541613165 0.28687472426561156 -0.6649395383522909
v -0.6485117186085435 0.26280913162943903 -0.7143975861938321
v -0.8305462708837452 0.30921037976693466 -0.4632297841951578
v -0.8021185304092141 0.2902092106026653 -0.5219046629946321
v -0.7696723314583158 0.2696723314583159 -0.5786893258332632
v -0.7336094290104325 0.2478682573995053 -0.6327547175965738
v -0.6944826409712805 0.22511843184834462 -0.6833853620262125
v -0.8362286096354627 0.24959269701955897 -0.488288027727123
v -0.8064327215176603 0.22997713597165062 -0.5447722300153494
v -0.7728795095718676 0.20924011055742167 -0.599062467375371
v -0.7360192323478784 0.18765989586437012 -0.6504302061698962
v -0.8383685779989382 0.19132247394127208 -0.510425154541809
v -0.8074134385437212 0.17149075318729926 -0.564512586954673
v -0.7730050175265404 0.15092557194362108 -0.6161856170118577
v -0.8373698718060385 0.13502424285125095 -0.5296981703139867
v -0.8054949718827031 0.11532447131062833 -0.5812728417779446
v -0.8336809534075362 0.0811723046962119 -0.546248226428065
v -0.5964154696754866 0.802675891958746 0.0
v -0.6328475132419025 0.7736200719593679 -0.03187489992333526
v -0.6690658482468821 0.7403232372903414 -0.0653635604723978
v -0.7044775989841539 0.7026161065853502 -0.10020937728758429
v -0.7384242564839764 0.6604667334931644 -0.13606362991246473
v -0.7702169889633984 0.6140134304652314 -0.1724914407165605
v -0.7991837483175259 0.5635857494657567 -0.20898908924695234
v -0.8247228961795047 0.5097067811391848 -0.24501253392024885
v -0.8463551924127118 0.453072694345942 -0.2800143244802844
v -0.8637649285337768 0.3945100246260297 -0.3134836338704285
v -0.8768225620946704 0.3349164166173988 -0.344982881433121
v -0.8855851653415089 0.2751944722888185 -0.3741749822592779
v -0.8902760024497205 0.21618957125703087 -0.4008375091503372
v -0.8912488092339625 0.15864069370507317 -0.42486314307058576
v -0.8889445432699963 0.10314934292791567 -0.44624859892669355
v -0.883848196654958 0.05016724324742165 -0.4650759217318532
v -0.6328475132419025 0.7736200719593679 0.03187489992333526
v -0.6704997011807434 0.7419097995824923 0.0
v -0.7076429420954145 0.7057730856802821 -0.03355321194579277
v -0.7436047721985156 0.6651003276116507 -0.06850910139878172
v -0.7776566882454424 0.6199443244123324 -0.10449454462347618
v -0.8090598184239983 0.5705503710367664 -0.14104780863783406
v -0.837121664014386 0.5173696410797602 -0.17764001274145874
v -0.8612561506240695 0.46104950756299135 -0.21370819962774776
v -0.8810366902688603 0.4023986097287024 -0.2486960178380422
v -0.8962321582008708 0.34233022262205975 -0.2820956172756682
v -0.906819048677944 0.2817928747328783 -0.3134836338704285
v -0.9129685850111561 0.22170010920388358 -0.3425455069939086
v -0.9150131962377037 0.16287071208006507 -0.36908533140372046
v -0.9134005527697915 0.10598711422607025 -0.39302183376737376
v -0.9086443148106188 0.051574671463957784 -0.41437369900335835
v -0.6690658482468821 0.7403232372903414 0.0653635604723978
v -0.7076429420954145 0.7057730856802821 0.03355321194579276
v -0.7453559924999298 0.6666666666666667 0.0
v -0.7814583037130903 0.6229749547256703 -0.03500179056003555
v -0.8151641508871488 0.5748551567552891 -0.0710560050965835
v -0.8457050775509992 0.5226744823848832 -0.107676865055372
v -0.8723948472548794 0.467012298763736 -0.14431473690010468
v -0.8946927003753202 0.40863576141826913 -0.18039342112513085
v -0.912253039957255 0.3484496549232555 -0.21535373011074402
v -0.9249517165233345 0.28742757837764454 -0.2486960178380422
v -0.9328843773455407 0.226536347172971 -0.2800143244802845
v -0.9363389981249826 0.16666666666666674 -0.3090169943749474
v -0.9357502216519326 0.10858047472004342 -0.33553211945792766
v -0.9316457112316135 0.052880231235024416 -0.35949958259818793
v -0.7044775989841539 0.7026161065853503 0.1002093772875843
v -0.7436047721985155 0.6651003276116507 0.06850910139878169
v -0.7814583037130903 0.6229749547256703 0.03500179056003555
v -0.8172298402759043 0.5763118844537392 0.0
v -0.8500969941344387 0.5253888361092031 -0.03607868422502619
v -0.8792891490823743 0.4707029713473268 -0.07272760872455396
v -0.9041575690594321 0.4129586801364317 -0.10938107154583324
v -0.924237283194652 0.3530272285104951 -0.1454552174491079
v -0.9392884066162018 0.29188268672733503 -0.18039342112513085
v -0.9493087713204001 0.23052475378149567 -0.21370819962774779
v -0.9545166735787479 0.1699022603797282 -0.24501253392024894
v -0.9553095382143161 0.11085005460194185 -0.2740364055951269
v -0.9522088036049092 0.05404739281425774 -0.3006281318627529
v -0.7384242564839764 0.6604667334931643 0.1360636299124647
v -0.7776566882454423 0.6199443244123325 0.10449454462347617
v -0.8151641508871488 0.5748551567552891 0.0710560050965835
v -0.8500969941344387 0.5253888361092031 0.03607868422502619
v -0.8816238290790291 0.4719527772987791 0.0
v -0.9090040548893346 0.4151722305839477 -0.03665579281228402
v -0.9316585807319002 0.355861911929098 -0.07331158562456808
v -0.949225049020238 0.2949704858117369 -0.10938107154583318
v -0.9615862597366429 0.23350614938186806 -0.14431473690010468
v -0.9688667427778089 0.17245654702658672 -0.17764001274145874
v -0.9714002288941949 0.11271714989315128 -0.20898908924695234
v -0.9696771132600991 0.05503889445776372 -0.23811135234681322
v -0.7702169889633984 0.6140134304652314 0.1724914407165605
v -0.8090598184239983 0.5705503710367664 0.14104780863783406
v -0.8457050775509992 0.5226744823848833 0.107676865055372
v -0.8792891490823742 0.4707029713473268 0.07272760872455394
v -0.9090040548893344 0.4151722305839477 0.03665579281228401
v -0.9341723589627157 0.35682208977308993 0.0
v -0.9543131065744658 0.29655159327424835 -0.036655792812284045
v -0.9691854173069298 0.23535148567366346 -0.07272760872455394
v -0.9788010023635108 0.17422482746162782 -0.10767686505537201
v -0.9834044979777433 0.11411007420735333 -0.14104780863783412
v -0.9834281352259422 0.0558194027695665 -0.1724914407165605
v -0.7991837483175259 0.5635857494657567 0.20898908924695234
v -0.8371216640143859 0.5173696410797602 0.1776400127414587
v -0.8723948472548795 0.4670122987637361 0.14431473690010468
v -0.9041575690594321 0.4129586801364317 0.10938107154583322
v -0.9316585807319002 0.35586191192909805 0.07331158562456806
v -0.9543131065744658 0.29655159327424835 0.036655792812284045
v -0.9717587890006409 0.23597638864938955 0.0
v -0.9838841128570838 0.17512961203640112 -0.03607868422502616
v -0.9908242559050462 0.11497103135105788 -0.07105600509658347
v -0.9929272889662785 0.056358574946575694 -0.10449454462347617
v -0.8247228961795047 0.5097067811391848 0.24501253392024885
v -0.8612561506240695 0.46104950756299135 0.21370819962774776
v -0.8946927003753202 0.40863576141826913 0.18039342112513085
v -0.9242372831946521 0.35302722851049523 0.14545521744910792
v -0.949225049020238 0.29497048581173696 0.1093810715458332
v -0.9691854173069298 0.2353514856736634 0.07272760872455394
v -0.9838841128570838 0.17512961203640107 0.03607868422502616
v -0.9933350816685653 0.11526237689074789 0.0
v -0.9977812660451623 0.05663408679324277 -0.03500179056003557
v -0.8463551924127118 0.453072694345942 0.2800143244802844
v -0.8810366902688603 0.40239860972870245 0.2486960178380422
v -0.912253039957255 0.3484496549232555 0.21535373011074402
v -0.9392884066162018 0.29188268672733503 0.18039342112513085
v -0.9615862597366429 0.23350614938186806 0.14431473690010468
v -0.9788010023635108 0.17422482746162776 0.10767686505537201
v -0.9908242559050462 0.11497103135105782 0.07105600509658347
v -0.9977812660451623 0.05663408679324277 0.03500179056003557
v -0.8637649285337768 0.3945100246260297 0.3134836338704285
v -0.8962321582008708 0.3423302226220598 0.2820956172756682
v -0.9249517165233346 0.28742757837764454 0.2486960178380422
v -0.9493087713204001 0.23052475378149567 0.21370819962774779
v -0.9688667427778089 0.17245654702658672 0.1776400127414587
v -0.9834044979777433 0.11411007420735328 0.14104780863783412
v -0.9929272889662785 0.05635857494657564 0.10449454462347617
v -0.8768225620946704 0.33491641661739885 0.34498288143312106
v -0.906819048677944 0.28179287473287834 0.3134836338704285
v -0.9328843773455407 0.22653634717297094 0.2800143244802845
v -0.9545166735787479 0.1699022603797282 0.24501253392024894
v -0.9714002288941949 0.11271714989315128 0.20898908924695234
v -0.9834281352259422 0.05581940276956644 0.17249144071656053
v -0.8855851653415089 0.2751944722888185 0.3741749822592779
v -0.9129685850111559 0.2217001092038836 0.3425455069939086
v -0.9363389981249826 0.1666666666666667 0.3090169943749474
v -0.9553095382143161 0.11085005460194185 0.2740364055951269
v -0.9696771132600991 0.05503889445776372 0.23811135234681322
v -0.8902760024497204 0.21618957125703087 0.4008375091503372
v -0.9150131962377037 0.1628707120800651 0.36908533140372046
v -0.9357502216519326 0.1085804747200434 0.33553211945792766
v -0.9522088036049092 0.05404739281425774 0.3006281318627529
v -0.8912488092339625 0.15864069370507317 0.4248631430705857
v -0.9134005527697915 0.10598711422607031 0.39302183376737376
v -0.9316457112316135 0.05288023123502439 0.35949958259818793
v -0.8889445432699963 0.1031493429279157 0.44624859892669355
v -0.9086443148106188 0.051574671463957826 0.4143736990033583
v -0.883848196654958 0.050167243247421674 0.4650759217318532
v 0.546248226428065 0.8336809534075362 0.08117230469621184
v 0.5296981703139867 0.8373698718060384 0.13502424285125098
v 0.510425154541809 0.8383685779989382 0.19132247394127208
v 0.488288027727123 0.8362286096354627 0.24959269701955897
v 0.4632297841951578 0.8305462708837452 0.30921037976693466
v 0.43530057234599956 0.8210031593251039 0.369414704760711
v 0.40467372369149623 0.807406353587201 0.4293415395005218
v 0.37165020183356273 0.7897211056194692 0.48807448490597755
v 0.3366484112735272 0.768088809386262 0.5447085716992203
v 0.30017917906802005 0.7428251733709502 0.5984172643402489
v 0.26280913162943903 0.714397586193832 0.6485117186085434
v 0.2251184318483446 0.6833853620262125 0.6944826409712805
v 0.18765989586437007 0.6504302061698961 0.7360192323478782
v 0.15092557194362108 0.6161856170118577 0.7730050175265404
v 0.11532447131062834 0.5812728417779445 0.8054949718827032
v 0.08117230469621185 0.546248226428065 0.8336809534075362
v 0.5812728417779446 0.8054949718827031 0.11532447131062838
v 0.5645125869546731 0.8074134385437213 0.1714907531872993
v 0.5447722300153494 0.8064327215176603 0.2299771359716506
v 0.5219046629946321 0.8021185304092142 0.2902092106026653
v 0.495863813512564 0.7941018987847926 0.35145590448186254
v 0.4667295958019385 0.7821220839935175 0.4128541269409769
v 0.4347230542856834 0.7660656589178024 0.4734546148252859
v 0.40020664306107817 0.7459937737333217 0.532285574105574
v 0.3636670491891 0.722150632663328 0.5884256461763437
v 0.3256817871641044 0.694949744216645 0.6410742753556835
v 0.28687472426561156 0.6649395383522909 0.6896073541613166
v 0.24786825739950522 0.6327547175965738 0.7336094290104325
v 0.20924011055742164 0.5990624673753709 0.7728795095718676
v 0.17149075318729926 0.564512586954673 0.8074134385437213
v 0.13502424285125092 0.5296981703139867 0.8373698718060385
v 0.6161856170118577 0.7730050175265404 0.15092557194362108
v 0.599062467375371 0.7728795095718677 0.20924011055742164
v 0.5786893258332632 0.7696723314583159 0.26967233145831576
v 0.5549219565401193 0.7629821169658125 0.33154171885307765
v 0.5277365725095041 0.7524951694967478 0.3940115860225198
v 0.49725542262774375 0.7380282124956271 0.45612651997862746
v 0.4637590858366104 0.7195630883389192 0.5168718140933476
v 0.4276804016115842 0.6972652352184785 0.5752483514388145
v 0.38957855757237175 0.6714802500893715 0.6303513474402552
v 0.35009655976804543 0.642707603860562 0.6814391644001644
v 0.3099094226198705 0.6115560433333621 0.7279803264057769
v 0.2696723314583159 0.5786893258332633 0.7696723314583158
v 0.22997713597165062 0.5447722300153494 0.8064327215176603
v 0.19132247394127208 0.510425154541809 0.8383685779989382
v 0.6504302061698961 0.7360192323478785 0.18765989586437012
v 0.6327547175965738 0.7336094290104325 0.24786825739950516
v 0.6115560433333621 0.7279803264057769 0.3099094226198705
v 0.5867050864944087 0.7187840175389044 0.3729968868666608
v 0.5582143074071036 0.705782257234334 0.43619742362743974
v 0.5262619205718793 0.6888857975209887 0.49848244595960306
v 0.49119888892300034 0.6681811804100425 0.5588001088642093
v 0.45353431184732523 0.6439376634087108 0.6161581887964346
v 0.4138995705069989 0.6165908447525705 0.6697035730093078
v 0.3729968868666608 0.5867050864944087 0.7187840175389044
v 0.33154171885307765 0.5549219565401193 0.7629821169658125
v 0.2902092106026653 0.5219046629946321 0.8021185304092141
v 0.24959269701955894 0.48828802772712293 0.8362286096354626
v 0.6833853620262127 0.6944826409712805 0.2251184318483446
v 0.6649395383522909 0.6896073541613165 0.2868747242656116
v 0.642707603860562 0.6814391644001644 0.35009655976804543
v 0.6165908447525705 0.6697035730093078 0.4138995705069989
v 0.5866533432672921 0.6542545632085012 0.477272271721459
v 0.5531421429602366 0.6351069874576518 0.5391408759905182
v 0.5164863501479526 0.6124524616150863 0.5984511946453679
v 0.477272271721459 0.5866533432672921 0.6542545632085012
v 0.43619742362743974 0.5582143074071036 0.705782257234334
v 0.39401158602251984 0.5277365725095042 0.7524951694967479
v 0.3514559044818624 0.49586381351256387 0.7941018987847928
v 0.30921037976693466 0.4632297841951578 0.8305462708837452
v 0.714397586193832 0.6485117186085434 0.26280913162943903
v 0.694949744216645 0.6410742753556835 0.32568178716410434
v 0.6714802500893715 0.6303513474402553 0.3895785575723717
v 0.6439376634087108 0.6161581887964347 0.4535343118473251
v 0.6124524616150863 0.5984511946453679 0.5164863501479524
v 0.5773502691896257 0.5773502691896258 0.5773502691896257
v 0.5391408759905182 0.5531421429602367 0.6351069874576518
v 0.498482445959603 0.5262619205718793 0.6888857975209886
v 0.4561265199786275 0.4972554226277438 0.7380282124956271
v 0.4128541269409769 0.46672959580193857 0.7821220839935175
v 0.369414704760711 0.43530057234599956 0.8210031593251039
v 0.7428251733709502 0.5984172643402488 0.30017917906802005
v 0.722150632663328 0.5884256461763437 0.3636670491891
v 0.6972652352184785 0.5752483514388146 0.42768040161158416
v 0.6681811804100426 0.5588001088642093 0.4911988889230003
v 0.6351069874576518 0.5391408759905182 0.5531421429602364
v 0.5984511946453679 0.5164863501479526 0.6124524616150862
v 0.5588001088642094 0.49119888892300045 0.6681811804100425
v 0.5168718140933476 0.4637590858366104 0.7195630883389192
v 0.4734546148252859 0.43472305428568353 0.7660656589178024
v 0.4293415395005218 0.40467372369149623 0.807406353587201
v 0.768088809386262 0.5447085716992203 0.3366484112735272
v 0.7459937737333217 0.532285574105574 0.40020664306107817
v 0.7195630883389192 0.5168718140933477 0.4637590858366104
v 0.6888857975209886 0.49848244595960306 0.5262619205718791
v 0.6542545632085012 0.477272271721459 0.5866533432672921
v 0.6161581887964347 0.4535343118473253 0.643937663408711
v 0.5752483514388145 0.4276804016115842 0.6972652352184784
v 0.532285574105574 0.4002066430610782 0.7459937737333217
v 0.48807448490597755 0.37165020183356273 0.7897211056194692
v 0.7897211056194692 0.48807448490597755 0.37165020183356273
v 0.7660656589178024 0.4734546148252859 0.4347230542856835
v 0.7380282124956273 0.4561265199786275 0.49725542262774375
v 0.705782257234334 0.43619742362743974 0.5582143074071036
v 0.6697035730093078 0.4138995705069989 0.6165908447525705
v 0.6303513474402552 0.38957855757237175 0.6714802500893715
v 0.5884256461763437 0.3636670491891 0.722150632663328
v 0.5447085716992203 0.3366484112735272 0.768088809386262
v 0.8074063535872011 0.42934153950052173 0.4046737236914963
v 0.7821220839935175 0.4128541269409769 0.4667295958019385
v 0.7524951694967479 0.3940115860225198 0.5277365725095041
v 0.7187840175389043 0.37299688686666077 0.5867050864944086
v 0.6814391644001644 0.3500965597680454 0.642707603860562
v 0.6410742753556835 0.32568178716410434 0.694949744216645
v 0.5984172643402488 0.30017917906802 0.7428251733709502
v 0.8210031593251039 0.369414704760711 0.4353005723459996
v 0.7941018987847928 0.3514559044818624 0.495863813512564
v 0.7629821169658125 0.33154171885307765 0.5549219565401193
v 0.7279803264057769 0.3099094226198704 0.6115560433333621
v 0.6896073541613165 0.28687472426561156 0.6649395383522909
v 0.6485117186085435 0.26280913162943903 0.7143975861938321
v 0.8305462708837452 0.30921037976693466 0.4632297841951578
v 0.8021185304092141 0.2902092106026653 0.5219046629946321
v 0.7696723314583158 0.2696723314583159 0.5786893258332632
v 0.7336094290104325 0.2478682573995053 0.6327547175965738
v 0.6944826409712805 0.22511843184834462 0.6833853620262125
v 0.8362286096354627 0.24959269701955897 0.488288027727123
v 0.8064327215176603 0.22997713597165062 0.5447722300153494
v 0.7728795095718676 0.20924011055742167 0.599062467375371
v 0.7360192323478784 0.18765989586437012 0.6504302061698962
v 0.8383685779989382 0.19132247394127208 0.510425154541809
v 0.8074134385437212 0.17149075318729926 0.564512586954673
v 0.7730050175265404 0.15092557194362108 0.6161856170118577
v 0.8373698718060385 0.13502424285125095 0.5296981703139867
v 0.8054949718827031 0.11532447131062833 0.5812728417779446
v 0.8336809534075362 0.0811723046962119 0.546248226428065
v -0.050167243247421625 0.4650759217318532 0.883848196654958
v -0.10314934292791574 0.44624859892669355 0.8889445432699963
v -0.15864069370507317 0.4248631430705857 0.8912488092339625
v -0.2161895712570308 0.4008375091503371 0.8902760024497203
v -0.2751944722888185 0.3741749822592779 0.8855851653415089
v -0.33491641661739885 0.344982881433121 0.8768225620946704
v -0.3945100246260297 0.3134836338704285 0.8637649285337767
v -0.453072694345942 0.2800143244802844 0.8463551924127118
v -0.5097067811391848 0.24501253392024885 0.8247228961795047
v -0.5635857494657568 0.2089890892469523 0.7991837483175259
v -0.6140134304652314 0.17249144071656042 0.7702169889633984
v -0.6604667334931643 0.1360636299124647 0.7384242564839762
v -0.7026161065853502 0.10020937728758429 0.7044775989841539
v -0.7403232372903414 0.06536356047239777 0.6690658482468821
v -0.7736200719593679 0.03187489992333522 0.6328475132419024
v -0.802675891958746 1.549013989516412e-17 0.5964154696754866
v -0.05157467146395787 0.4143736990033583 0.9086443148106189
v -0.10598711422607034 0.39302183376737376 0.9134005527697916
v -0.16287071208006507 0.36908533140372046 0.9150131962377037
v -0.22170010920388356 0.34254550699390857 0.9129685850111559
v -0.2817928747328784 0.3134836338704285 0.906819048677944
v -0.3423302226220598 0.2820956172756682 0.8962321582008708
v -0.4023986097287024 0.24869601783804215 0.8810366902688602
v -0.46104950756299135 0.21370819962774776 0.8612561506240695
v -0.5173696410797602 0.17764001274145866 0.8371216640143859
v -0.5705503710367664 0.14104780863783406 0.8090598184239983
v -0.6199443244123325 0.10449454462347611 0.7776566882454423
v -0.6651003276116507 0.06850910139878172 0.7436047721985156
v -0.7057730856802821 0.03355321194579275 0.7076429420954145
v -0.7419097995824923 -3.272564167717044e-17 0.6704997011807433
v -0.7736200719593679 -0.0318748999233353 0.6328475132419024
v -0.05288023123502439 0.35949958259818793 0.9316457112316135
v -0.10858047472004337 0.33553211945792766 0.9357502216519326
v -0.16666666666666666 0.30901699437494745 0.9363389981249826
v -0.226536347172971 0.2800143244802845 0.9328843773455407
v -0.2874275783776446 0.24869601783804227 0.9249517165233346
v -0.34844965492325547 0.21535373011074402 0.9122530399572549
v -0.408635761418269 0.18039342112513085 0.8946927003753202
v -0.467012298763736 0.1443147369001047 0.8723948472548795
v -0.5226744823848832 0.10767686505537204 0.8457050775509992
v -0.5748551567552891 0.0710560050965835 0.8151641508871488
v -0.6229749547256703 0.03500179056003555 0.7814583037130903
v -0.6666666666666666 5.1461667323329365e-17 0.7453559924999299
v -0.705773085680282 -0.03355321194579273 0.7076429420954145
v -0.7403232372903414 -0.06536356047239777 0.6690658482468821
v -0.05404739281425771 0.3006281318627529 0.9522088036049092
v -0.11085005460194176 0.2740364055951269 0.955309538214316
v -0.16990226037972825 0.24501253392024894 0.9545166735787479
v -0.23052475378149564 0.21370819962774776 0.9493087713203999
v -0.2918826867273351 0.18039342112513088 0.9392884066162019
v -0.35302722851049506 0.14545521744910794 0.924237283194652
v -0.4129586801364317 0.10938107154583324 0.9041575690594321
v -0.4707029713473268 0.07272760872455399 0.8792891490823743
v -0.5253888361092031 0.03607868422502619 0.8500969941344387
v -0.5763118844537392 0.0 0.8172298402759043
v -0.6229749547256703 -0.03500179056003557 0.7814583037130903
v -0.6651003276116507 -0.06850910139878168 0.7436047721985157
v -0.7026161065853503 -0.10020937728758428 0.7044775989841539
v -0.0550388944577637 0.23811135234681322 0.9696771132600991
v -0.11271714989315135 0.20898908924695234 0.9714002288941949
v -0.17245654702658675 0.1776400127414587 0.9688667427778089
v -0.233506149381868 0.14431473690010468 0.9615862597366428
v -0.2949704858117369 0.10938107154583318 0.949225049020238
v -0.355861911929098 0.07331158562456808 0.9316585807319002
v -0.4151722305839477 0.03665579281228402 0.9090040548893346
v -0.4719527772987791 0.0 0.8816238290790291
v -0.5253888361092031 -0.03607868422502619 0.8500969941344387
v -0.5748551567552891 -0.07105600509658351 0.8151641508871488
v -0.6199443244123325 -0.10449454462347621 0.7776566882454423
v -0.6604667334931643 -0.1360636299124647 0.7384242564839764
v -0.05581940276956648 0.17249144071656053 0.9834281352259422
v -0.11411007420735328 0.14104780863783412 0.9834044979777433
v -0.17422482746162773 0.10767686505537209 0.9788010023635108
v -0.23535148567366335 0.07272760872455401 0.9691854173069298
v -0.2965515932742483 0.03665579281228409 0.9543131065744658
v -0.35682208977308993 7.345063871007168e-17 0.9341723589627158
v -0.41517223058394764 -0.036655792812283976 0.9090040548893346
v -0.4707029713473267 -0.07272760872455387 0.8792891490823743
v -0.5226744823848832 -0.10767686505537194 0.8457050775509992
v -0.5705503710367664 -0.14104780863783403 0.8090598184239983
v -0.6140134304652314 -0.17249144071656045 0.7702169889633984
v -0.056358574946575674 0.10449454462347617 0.9929272889662785
v -0.11497103135105782 0.07105600509658347 0.9908242559050462
v -0.175129612036401 0.03607868422502622 0.9838841128570837
v -0.23597638864938952 3.643121522650668e-17 0.9717587890006409
v -0.2965515932742483 -0.03665579281228401 0.9543131065744658
v -0.35586191192909794 -0.07331158562456802 0.9316585807319002
v -0.41295868013643167 -0.10938107154583318 0.9041575690594321
v -0.467012298763736 -0.14431473690010463 0.8723948472548795
v -0.5173696410797602 -0.17764001274145866 0.837121664014386
v -0.5635857494657567 -0.2089890892469523 0.7991837483175259
v -0.05663408679324275 0.03500179056003557 0.9977812660451623
v -0.11526237689074784 3.558956456668723e-17 0.9933350816685653
v -0.175129612036401 -0.036078684225026116 0.9838841128570837
v -0.23535148567366335 -0.0727276087245539 0.9691854173069298
v -0.29497048581173696 -0.1093810715458332 0.949225049020238
v -0.3530272285104951 -0.1454552174491079 0.9242372831946521
v -0.408635761418269 -0.18039342112513082 0.8946927003753202
v -0.46104950756299135 -0.2137081996277477 0.8612561506240695
v -0.5097067811391848 -0.24501253392024885 0.8247228961795047
v -0.05663408679324275 -0.03500179056003557 0.9977812660451623
v -0.11497103135105782 -0.07105600509658347 0.9908242559050462
v -0.17422482746162773 -0.10767686505537198 0.9788010023635108
v -0.233506149381868 -0.14431473690010468 0.9615862597366428
v -0.2918826867273351 -0.18039342112513088 0.9392884066162019
v -0.34844965492325547 -0.215353730110744 0.912253039957255
v -0.4023986097287024 -0.24869601783804218 0.8810366902688602
v -0.453072694345942 -0.2800143244802844 0.8463551924127118
v -0.056358574946575674 -0.10449454462347621 0.9929272889662785
v -0.11411007420735328 -0.14104780863783412 0.9834044979777433
v -0.17245654702658675 -0.1776400127414587 0.9688667427778089
v -0.23052475378149564 -0.21370819962774776 0.9493087713203999
v -0.2874275783776446 -0.24869601783804227 0.9249517165233346
v -0.3423302226220598 -0.2820956172756682 0.8962321582008708
v -0.3945100246260297 -0.3134836338704285 0.8637649285337767
v -0.05581940276956648 -0.17249144071656056 0.9834281352259422
v -0.11271714989315135 -0.20898908924695236 0.9714002288941949
v -0.16990226037972825 -0.24501253392024894 0.9545166735787479
v -0.226536347172971 -0.2800143244802845 0.9328843773455407
v -0.2817928747328784 -0.3134836338704286 0.906819048677944
v -0.3349164166173989 -0.34498288143312106 0.8768225620946704
v -0.0550388944577637 -0.23811135234681322 0.9696771132600991
v -0.11085005460194179 -0.2740364055951268 0.9553095382143161
v -0.16666666666666666 -0.30901699437494734 0.9363389981249826
v -0.22170010920388356 -0.3425455069939085 0.9129685850111559
v -0.2751944722888185 -0.3741749822592779 0.8855851653415089
v -0.05404739281425771 -0.3006281318627529 0.9522088036049092
v -0.10858047472004338 -0.33553211945792766 0.9357502216519326
v -0.16287071208006507 -0.36908533140372035 0.9150131962377037
v -0.2161895712570308 -0.4008375091503371 0.8902760024497203
v -0.05288023123502439 -0.35949958259818793 0.9316457112316135
v -0.10598711422607031 -0.39302183376737376 0.9134005527697915
v -0.15864069370507317 -0.4248631430705857 0.8912488092339625
v -0.05157467146395786 -0.41437369900335835 0.9086443148106189
v -0.10314934292791572 -0.44624859892669366 0.8889445432699963
v -0.050167243247421625 -0.4650759217318532 0.883848196654958
v -0.883848196654958 -0.050167243247421625 0.4650759217318532
v -0.9086443148106189 -0.05157467146395787 0.4143736990033583
v -0.9316457112316135 -0.05288023123502439 0.35949958259818793
v -0.9522088036049092 -0.05404739281425771 0.3006281318627529
v -0.9696771132600991 -0.0550388944577637 0.23811135234681322
v -0.9834281352259422 -0.05581940276956648 0.17249144071656053
v -0.9929272889662785 -0.056358574946575674 0.10449454462347617
v -0.9977812660451623 -0.05663408679324275 0.03500179056003557
v -0.9977812660451623 -0.05663408679324275 -0.03500179056003557
v -0.9929272889662785 -0.056358574946575674 -0.10449454462347621
v -0.9834281352259422 -0.05581940276956648 -0.17249144071656056
v -0.9696771132600991 -0.0550388944577637 -0.23811135234681322
v -0.9522088036049092 -0.05404739281425771 -0.3006281318627529
v -0.9316457112316135 -0.05288023123502439 -0.35949958259818793
v -0.9086443148106188 -0.051574671463957854 -0.4143736990033583
v -0.883848196654958 -0.050167243247421625 -0.4650759217318532
v -0.8889445432699962 -0.10314934292791572 0.4462485989266935
v -0.9134005527697916 -0.10598711422607034 0.39302183376737376
v -0.9357502216519326 -0.10858047472004338 0.33553211945792766
v -0.9553095382143161 -0.11085005460194179 0.2740364055951269
v -0.9714002288941949 -0.11271714989315135 0.20898908924695228
v -0.9834044979777433 -0.11411007420735328 0.14104780863783412
v -0.9908242559050462 -0.11497103135105782 0.07105600509658344
v -0.9933350816685653 -0.11526237689074784 0.0
v -0.9908242559050462 -0.11497103135105782 -0.07105600509658351
v -0.9834044979777433 -0.11411007420735328 -0.14104780863783414
v -0.9714002288941949 -0.11271714989315135 -0.20898908924695242
v -0.9553095382143161 -0.11085005460194179 -0.2740364055951269
v -0.9357502216519326 -0.10858047472004338 -0.33553211945792766
v -0.9134005527697915 -0.10598711422607031 -0.39302183376737376
v -0.8889445432699962 -0.10314934292791572 -0.44624859892669366
v -0.8912488092339625 -0.15864069370507317 0.4248631430705857
v -0.9150131962377037 -0.16287071208006504 0.3690853314037204
v -0.9363389981249826 -0.16666666666666666 0.30901699437494745
v -0.9545166735787479 -0.16990226037972825 0.24501253392024894
v -0.9688667427778089 -0.17245654702658675 0.1776400127414587
v -0.9788010023635108 -0.17422482746162773 0.10767686505537201
v -0.9838841128570838 -0.17512961203640104 0.03607868422502619
v -0.9838841128570838 -0.17512961203640104 -0.036078684225026116
v -0.9788010023635108 -0.17422482746162773 -0.10767686505537198
v -0.9688667427778089 -0.17245654702658675 -0.1776400127414587
v -0.9545166735787479 -0.16990226037972825 -0.24501253392024894
v -0.9363389981249826 -0.16666666666666666 -0.30901699437494734
v -0.9150131962377037 -0.16287071208006507 -0.36908533140372035
v -0.8912488092339625 -0.15864069370507317 -0.4248631430705857
v -0.8902760024497205 -0.21618957125703087 0.4008375091503372
v -0.9129685850111561 -0.22170010920388358 0.3425455069939086
v -0.9328843773455407 -0.226536347172971 0.2800143244802845
v -0.9493087713204001 -0.23052475378149567 0.21370819962774779
v -0.9615862597366429 -0.23350614938186806 0.14431473690010468
v -0.9691854173069299 -0.2353514856736634 0.07272760872455399
v -0.971758789000641 -0.23597638864938955 0.0
v -0.9691854173069299 -0.2353514856736634 -0.07272760872455392
v -0.9615862597366429 -0.23350614938186806 -0.14431473690010468
v -0.9493087713204001 -0.23052475378149567 -0.21370819962774779
v -0.9328843773455407 -0.226536347172971 -0.2800143244802845
v -0.9129685850111561 -0.22170010920388358 -0.34254550699390857
v -0.8902760024497205 -0.21618957125703087 -0.4008375091503372
v -0.8855851653415089 -0.2751944722888185 0.3741749822592779
v -0.9068190486779439 -0.28179287473287834 0.3134836338704285
v -0.9249517165233345 -0.28742757837764454 0.2486960178380422
v -0.9392884066162018 -0.29188268672733503 0.18039342112513085
v -0.949225049020238 -0.29497048581173696 0.1093810715458332
v -0.9543131065744658 -0.29655159327424835 0.03665579281228405
v -0.9543131065744658 -0.29655159327424835 -0.03665579281228405
v -0.949225049020238 -0.29497048581173696 -0.1093810715458332
v -0.9392884066162018 -0.29188268672733503 -0.18039342112513085
v -0.9249517165233345 -0.28742757837764454 -0.2486960178380422
v -0.9068190486779439 -0.28179287473287834 -0.31348363387042855
v -0.8855851653415089 -0.2751944722888185 -0.3741749822592779
v -0.8768225620946704 -0.3349164166173989 0.34498288143312106
v -0.8962321582008708 -0.3423302226220598 0.2820956172756682
v -0.9122530399572549 -0.3484496549232554 0.21535373011074407
v -0.924237283194652 -0.35302722851049506 0.14545521744910797
v -0.9316585807319002 -0.355861911929098 0.0733115856245681
v -0.9341723589627157 -0.35682208977308993 7.345063871007168e-17
v -0.9316585807319002 -0.355861911929098 -0.07331158562456803
v -0.924237283194652 -0.35302722851049506 -0.1454552174491078
v -0.9122530399572549 -0.34844965492325547 -0.21535373011074396
v -0.8962321582008708 -0.3423302226220598 -0.2820956172756681
v -0.8768225620946704 -0.33491641661739885 -0.344982881433121
v -0.8637649285337768 -0.39451002462602974 0.3134836338704285
v -0.8810366902688603 -0.40239860972870245 0.2486960178380422
v -0.8946927003753203 -0.408635761418269 0.18039342112513093
v -0.9041575690594321 -0.41295868013643167 0.10938107154583325
v -0.9090040548893346 -0.41517223058394764 0.036655792812284045
v -0.9090040548893346 -0.41517223058394764 -0.036655792812283976
v -0.9041575690594321 -0.4129586801364317 -0.1093810715458332
v -0.8946927003753203 -0.408635761418269 -0.1803934211251308
v -0.8810366902688603 -0.4023986097287024 -0.24869601783804215
v -0.8637649285337768 -0.39451002462602974 -0.3134836338704285
v -0.8463551924127118 -0.453072694345942 0.2800143244802844
v -0.8612561506240695 -0.46104950756299135 0.21370819962774779
v -0.8723948472548795 -0.467012298763736 0.1443147369001047
v -0.8792891490823743 -0.4707029713473267 0.07272760872455399
v -0.8816238290790291 -0.4719527772987791 0.0
v -0.8792891490823743 -0.4707029713473268 -0.07272760872455392
v -0.8723948472548794 -0.467012298763736 -0.14431473690010468
v -0.8612561506240696 -0.4610495075629913 -0.21370819962774767
v -0.8463551924127118 -0.453072694345942 -0.2800143244802844
v -0.8247228961795047 -0.5097067811391848 0.24501253392024885
v -0.8371216640143859 -0.5173696410797602 0.1776400127414587
v -0.8457050775509992 -0.5226744823848832 0.10767686505537204
v -0.8500969941344387 -0.5253888361092031 0.03607868422502619
v -0.8500969941344387 -0.5253888361092031 -0.03607868422502619
v -0.8457050775509992 -0.5226744823848832 -0.10767686505537198
v -0.8371216640143859 -0.5173696410797602 -0.1776400127414587
v -0.8247228961795047 -0.5097067811391848 -0.24501253392024885
v -0.7991837483175259 -0.5635857494657568 0.2089890892469523
v -0.8090598184239983 -0.5705503710367664 0.14104780863783406
v -0.8151641508871488 -0.5748551567552891 0.0710560050965835
v -0.8172298402759043 -0.5763118844537392 0.0
v -0.8151641508871488 -0.5748551567552891 -0.07105600509658351
v -0.8090598184239983 -0.5705503710367664 -0.14104780863783406
v -0.7991837483175259 -0.5635857494657567 -0.20898908924695234
v -0.7702169889633984 -0.6140134304652314 0.17249144071656042
v -0.7776566882454423 -0.6199443244123325 0.10449454462347614
v -0.7814583037130903 -0.6229749547256703 0.03500179056003554
v -0.7814583037130903 -0.6229749547256703 -0.03500179056003557
v -0.7776566882454423 -0.6199443244123325 -0.10449454462347621
v -0.7702169889633984 -0.6140134304652314 -0.1724914407165605
v -0.7384242564839764 -0.6604667334931644 0.13606362991246473
v -0.7436047721985156 -0.6651003276116507 0.06850910139878175
v -0.7453559924999299 -0.6666666666666667 3.4307778215552914e-17
v -0.7436047721985157 -0.6651003276116507 -0.06850910139878168
v -0.7384242564839764 -0.6604667334931644 -0.1360636299124647
v -0.7044775989841539 -0.7026161065853502 0.1002093772875843
v -0.7076429420954145 -0.705773085680282 0.03355321194579278
v -0.7076429420954145 -0.705773085680282 -0.03355321194579275
v -0.7044775989841539 -0.7026161065853502 -0.10020937728758426
v -0.6690658482468821 -0.7403232372903414 0.0653635604723978
v -0.6704997011807433 -0.7419097995824923 0.0
v -0.6690658482468821 -0.7403232372903414 -0.0653635604723978
v -0.6328475132419024 -0.7736200719593679 0.03187489992333524
v -0.6328475132419024 -0.7736200719593679 -0.03187489992333527
v -0.5964154696754866 -0.802675891958746 3.098027979032824e-17
v -0.802675891958746 0.0 -0.5964154696754866
v -0.7736200719593679 0.03187489992333526 -0.6328475132419025
v -0.7403232372903414 0.0653635604723978 -0.6690658482468821
v -0.7026161065853503 0.1002093772875843 -0.7044775989841539
v -0.6604667334931643 0.1360636299124647 -0.7384242564839764
v -0.6140134304652314 0.1724914407165605 -0.7702169889633984
v -0.5635857494657567 0.20898908924695234 -0.7991837483175259
v -0.5097067811391848 0.24501253392024885 -0.8247228961795047
v -0.453072694345942 0.2800143244802844 -0.8463551924127118
v -0.3945100246260297 0.3134836338704285 -0.8637649285337768
v -0.33491641661739885 0.34498288143312106 -0.8768225620946704
v -0.2751944722888185 0.3741749822592779 -0.8855851653415089
v -0.21618957125703087 0.4008375091503372 -0.8902760024497204
v -0.15864069370507314 0.4248631430705857 -0.8912488092339625
v -0.10314934292791567 0.44624859892669355 -0.8889445432699963
v -0.05016724324742165 0.4650759217318532 -0.883848196654958
v -0.7736200719593679 -0.03187489992333526 -0.6328475132419025
v -0.7419097995824923 0.0 -0.6704997011807434
v -0.7057730856802821 0.03355321194579277 -0.7076429420954145
v -0.6651003276116507 0.06850910139878172 -0.7436047721985156
v -0.6199443244123324 0.10449454462347618 -0.7776566882454424
v -0.5705503710367664 0.14104780863783406 -0.8090598184239983
v -0.5173696410797601 0.1776400127414587 -0.8371216640143859
v -0.46104950756299135 0.21370819962774776 -0.8612561506240695
v -0.4023986097287024 0.2486960178380422 -0.8810366902688603
v -0.34233022262205975 0.2820956172756682 -0.8962321582008708
v -0.2817928747328783 0.3134836338704285 -0.906819048677944
v -0.22170010920388358 0.3425455069939086 -0.9129685850111559
v -0.16287071208006507 0.36908533140372046 -0.9150131962377037
v -0.10598711422607025 0.39302183376737376 -0.9134005527697915
v -0.051574671463957784 0.41437369900335835 -0.9086443148106189
v -0.7403232372903414 -0.0653635604723978 -0.6690658482468821
v -0.7057730856802821 -0.03355321194579276 -0.7076429420954145
v -0.6666666666666667 0.0 -0.7453559924999298
v -0.6229749547256703 0.03500179056003555 -0.7814583037130903
v -0.5748551567552891 0.0710560050965835 -0.8151641508871488
v -0.5226744823848832 0.107676865055372 -0.8457050775509992
v -0.467012298763736 0.14431473690010468 -0.8723948472548794
v -0.40863576141826913 0.18039342112513085 -0.8946927003753202
v -0.34844965492325547 0.215353730110744 -0.9122530399572549
v -0.28742757837764454 0.2486960178380422 -0.9249517165233346
v -0.226536347172971 0.2800143244802845 -0.9328843773455407
v -0.16666666666666674 0.3090169943749474 -0.9363389981249826
v -0.10858047472004342 0.33553211945792766 -0.9357502216519326
v -0.052880231235024416 0.35949958259818793 -0.9316457112316135
v -0.7026161065853503 -0.1002093772875843 -0.7044775989841539
v -0.6651003276116507 -0.06850910139878169 -0.7436047721985155
v -0.6229749547256703 -0.03500179056003555 -0.7814583037130903
v -0.5763118844537392 0.0 -0.8172298402759043
v -0.5253888361092031 0.03607868422502619 -0.8500969941344387
v -0.4707029713473268 0.07272760872455396 -0.8792891490823743
v -0.4129586801364317 0.10938107154583324 -0.9041575690594321
v -0.35302722851049523 0.14545521744910792 -0.9242372831946521
v -0.2918826867273351 0.18039342112513088 -0.9392884066162019
v -0.23052475378149564 0.21370819962774776 -0.9493087713203999
v -0.1699022603797282 0.24501253392024894 -0.9545166735787479
v -0.11085005460194185 0.2740364055951269 -0.9553095382143161
v -0.05404739281425774 0.3006281318627529 -0.9522088036049092
v -0.6604667334931643 -0.1360636299124647 -0.7384242564839764
v -0.6199443244123325 -0.10449454462347617 -0.7776566882454423
v -0.5748551567552891 -0.0710560050965835 -0.8151641508871488
v -0.5253888361092031 -0.03607868422502619 -0.8500969941344387
v -0.4719527772987791 0.0 -0.8816238290790291
v -0.4151722305839477 0.03665579281228402 -0.9090040548893346
v -0.35586191192909794 0.07331158562456806 -0.9316585807319002
v -0.2949704858117369 0.10938107154583318 -0.949225049020238
v -0.233506149381868 0.14431473690010468 -0.9615862597366428
v -0.17245654702658672 0.1776400127414587 -0.9688667427778089
v -0.11271714989315128 0.20898908924695234 -0.9714002288941949
v -0.05503889445776372 0.23811135234681322 -0.9696771132600991
v -0.6140134304652314 -0.1724914407165605 -0.7702169889633984
v -0.5705503710367664 -0.14104780863783406 -0.8090598184239983
v -0.5226744823848833 -0.107676865055372 -0.8457050775509992
v -0.47070297134732686 -0.07272760872455396 -0.8792891490823743
v -0.41517223058394775 -0.03665579281228402 -0.9090040548893346
v -0.35682208977309 0.0 -0.9341723589627157
v -0.29655159327424835 0.036655792812284045 -0.9543131065744658
v -0.23535148567366346 0.07272760872455394 -0.9691854173069298
v -0.17422482746162782 0.10767686505537201 -0.9788010023635108
v -0.11411007420735333 0.14104780863783412 -0.9834044979777433
v -0.055819402769566505 0.17249144071656053 -0.9834281352259422
v -0.5635857494657567 -0.20898908924695234 -0.7991837483175259
v -0.5173696410797602 -0.1776400127414587 -0.8371216640143859
v -0.46701229876373607 -0.14431473690010466 -0.8723948472548794
v -0.4129586801364317 -0.10938107154583322 -0.9041575690594321
v -0.355861911929098 -0.07331158562456805 -0.9316585807319001
v -0.29655159327424835 -0.036655792812284045 -0.9543131065744658
v -0.23597638864938955 0.0 -0.9717587890006409
v -0.1751296120364011 0.03607868422502615 -0.9838841128570837
v -0.11497103135105788 0.07105600509658347 -0.9908242559050462
v -0.056358574946575694 0.10449454462347617 -0.9929272889662785
v -0.5097067811391848 -0.24501253392024885 -0.8247228961795047
v -0.46104950756299135 -0.21370819962774776 -0.8612561506240695
v -0.40863576141826913 -0.18039342112513085 -0.8946927003753202
v -0.35302722851049523 -0.14545521744910792 -0.9242372831946521
v -0.29497048581173696 -0.1093810715458332 -0.949225049020238
v -0.23535148567366346 -0.07272760872455396 -0.9691854173069299
v -0.17512961203640104 -0.03607868422502615 -0.9838841128570837
v -0.11526237689074789 0.0 -0.9933350816685653
v -0.05663408679324277 0.03500179056003557 -0.9977812660451623
v -0.453072694345942 -0.2800143244802844 -0.8463551924127118
v -0.4023986097287024 -0.24869601783804218 -0.8810366902688602
v -0.34844965492325547 -0.215353730110744 -0.9122530399572549
v -0.2918826867273351 -0.18039342112513088 -0.9392884066162019
v -0.233506149381868 -0.14431473690010468 -0.9615862597366428
v -0.1742248274616278 -0.10767686505537202 -0.9788010023635108
v -0.11497103135105782 -0.07105600509658347 -0.9908242559050462
v -0.05663408679324277 -0.03500179056003557 -0.9977812660451623
v -0.3945100246260297 -0.3134836338704285 -0.8637649285337768
v -0.3423302226220598 -0.2820956172756682 -0.8962321582008708
v -0.28742757837764454 -0.2486960178380422 -0.9249517165233346
v -0.23052475378149564 -0.21370819962774776 -0.9493087713203999
v -0.17245654702658672 -0.1776400127414587 -0.9688667427778089
v -0.11411007420735328 -0.14104780863783412 -0.9834044979777433
v -0.05635857494657564 -0.10449454462347617 -0.9929272889662785
v -0.33491641661739885 -0.34498288143312106 -0.8768225620946704
v -0.28179287473287834 -0.3134836338704285 -0.906819048677944
v -0.22653634717297094 -0.2800143244802845 -0.9328843773455407
v -0.1699022603797282 -0.24501253392024894 -0.9545166735787479
v -0.11271714989315128 -0.20898908924695234 -0.9714002288941949
v -0.05581940276956644 -0.17249144071656053 -0.9834281352259422
v -0.2751944722888185 -0.3741749822592779 -0.8855851653415089
v -0.2217001092038836 -0.3425455069939086 -0.9129685850111559
v -0.1666666666666667 -0.30901699437494745 -0.9363389981249826
v -0.11085005460194185 -0.2740364055951269 -0.9553095382143161
v -0.05503889445776372 -0.23811135234681322 -0.9696771132600991
v -0.21618957125703087 -0.4008375091503372 -0.8902760024497204
v -0.1628707120800651 -0.36908533140372046 -0.9150131962377037
v -0.1085804747200434 -0.33553211945792766 -0.9357502216519326
v -0.05404739281425774 -0.3006281318627529 -0.9522088036049092
v -0.15864069370507317 -0.4248631430705857 -0.8912488092339625
v -0.10598711422607031 -0.39302183376737376 -0.9134005527697915
v -0.05288023123502439 -0.35949958259818793 -0.9316457112316135
v -0.1031493429279157 -0.44624859892669355 -0.8889445432699963
v -0.05157467146395783 -0.41437369900335835 -0.9086443148106189
v -0.050167243247421674 -0.4650759217318532 -0.883848196654958
v 0.08117230469621184 0.546248226428065 -0.8336809534075362
v 0.11532447131062838 0.5812728417779446 -0.8054949718827031
v 0.15092557194362108 0.6161856170118577 -0.7730050175265404
v 0.18765989586437007 0.6504302061698961 -0.7360192323478782
v 0.2251184318483446 0.6833853620262125 -0.6944826409712805
v 0.26280913162943903 0.714397586193832 -0.6485117186085434
v 0.30017917906802005 0.7428251733709502 -0.5984172643402488
v 0.3366484112735272 0.768088809386262 -0.5447085716992203
v 0.37165020183356273 0.7897211056194692 -0.48807448490597755
v 0.4046737236914963 0.8074063535872011 -0.42934153950052173
v 0.43530057234599956 0.8210031593251039 -0.3694147047607109
v 0.4632297841951578 0.8305462708837452 -0.30921037976693466
v 0.488288027727123 0.8362286096354627 -0.24959269701955897
v 0.510425154541809 0.8383685779989382 -0.19132247394127205
v 0.5296981703139867 0.8373698718060385 -0.13502424285125092
v 0.546248226428065 0.8336809534075362 -0.08117230469621185
v 0.13502424285125098 0.5296981703139867 -0.8373698718060384
v 0.1714907531872993 0.5645125869546731 -0.8074134385437213
v 0.20924011055742164 0.599062467375371 -0.7728795095718676
v 0.24786825739950522 0.6327547175965738 -0.7336094290104325
v 0.28687472426561167 0.664939538352291 -0.6896073541613165
v 0.32568178716410434 0.694949744216645 -0.6410742753556835
v 0.36366704918910003 0.7221506326633281 -0.5884256461763436
v 0.40020664306107817 0.7459937737333217 -0.532285574105574
v 0.43472305428568353 0.7660656589178024 -0.47345461482528584
v 0.46672959580193857 0.7821220839935176 -0.41285412694097684
v 0.49586381351256403 0.7941018987847926 -0.3514559044818624
v 0.5219046629946321 0.8021185304092142 -0.2902092106026653
v 0.5447722300153494 0.8064327215176603 -0.2299771359716506
v 0.564512586954673 0.8074134385437212 -0.1714907531872992
v 0.5812728417779446 0.8054949718827031 -0.1153244713106283
v 0.19132247394127205 0.510425154541809 -0.8383685779989382
v 0.22997713597165056 0.5447722300153494 -0.8064327215176603
v 0.26967233145831576 0.5786893258332632 -0.7696723314583159
v 0.3099094226198705 0.6115560433333621 -0.7279803264057769
v 0.35009655976804543 0.642707603860562 -0.6814391644001644
v 0.3895785575723717 0.6714802500893715 -0.6303513474402552
v 0.4276804016115842 0.6972652352184785 -0.5752483514388146
v 0.4637590858366104 0.7195630883389192 -0.5168718140933477
v 0.49725542262774375 0.7380282124956273 -0.4561265199786275
v 0.5277365725095041 0.7524951694967478 -0.3940115860225198
v 0.5549219565401193 0.7629821169658125 -0.33154171885307765
v 0.5786893258332632 0.7696723314583158 -0.2696723314583159
v 0.599062467375371 0.7728795095718676 -0.20924011055742173
v 0.6161856170118577 0.7730050175265404 -0.1509255719436211
v 0.24959269701955894 0.488288027727123 -0.8362286096354627
v 0.29020921060266525 0.5219046629946321 -0.8021185304092141
v 0.33154171885307765 0.5549219565401193 -0.7629821169658125
v 0.3729968868666608 0.5867050864944087 -0.7187840175389044
v 0.4138995705069989 0.6165908447525705 -0.6697035730093078
v 0.45353431184732523 0.643937663408711 -0.6161581887964347
v 0.49119888892300034 0.6681811804100425 -0.5588001088642093
v 0.5262619205718791 0.6888857975209887 -0.498482445959603
v 0.5582143074071036 0.705782257234334 -0.43619742362743974
v 0.5867050864944087 0.7187840175389044 -0.3729968868666608
v 0.6115560433333621 0.7279803264057769 -0.3099094226198704
v 0.6327547175965738 0.7336094290104325 -0.2478682573995053
v 0.6504302061698961 0.7360192323478785 -0.18765989586437015
v 0.30921037976693466 0.4632297841951578 -0.8305462708837452
v 0.3514559044818625 0.495863813512564 -0.7941018987847928
v 0.39401158602251984 0.5277365725095042 -0.7524951694967479
v 0.43619742362743974 0.5582143074071036 -0.705782257234334
v 0.477272271721459 0.5866533432672921 -0.6542545632085012
v 0.5164863501479526 0.6124524616150863 -0.5984511946453679
v 0.5531421429602366 0.6351069874576518 -0.5391408759905182
v 0.5866533432672921 0.6542545632085012 -0.477272271721459
v 0.6165908447525705 0.6697035730093078 -0.4138995705069989
v 0.642707603860562 0.6814391644001644 -0.35009655976804543
v 0.6649395383522909 0.6896073541613165 -0.28687472426561156
v 0.6833853620262127 0.6944826409712805 -0.22511843184834462
v 0.3694147047607109 0.43530057234599956 -0.8210031593251039
v 0.41285412694097684 0.4667295958019385 -0.7821220839935175
v 0.45612651997862746 0.4972554226277438 -0.7380282124956273
v 0.4984824459596029 0.5262619205718791 -0.6888857975209887
v 0.5391408759905182 0.5531421429602366 -0.6351069874576519
v 0.5773502691896257 0.5773502691896258 -0.5773502691896258
v 0.6124524616150862 0.5984511946453679 -0.5164863501479526
v 0.6439376634087108 0.6161581887964347 -0.4535343118473253
v 0.6714802500893715 0.6303513474402552 -0.3895785575723718
v 0.694949744216645 0.6410742753556835 -0.3256817871641044
v 0.7143975861938319 0.6485117186085434 -0.26280913162943903
v 0.4293415395005218 0.40467372369149623 -0.807406353587201
v 0.4734546148252859 0.4347230542856835 -0.7660656589178024
v 0.5168718140933475 0.4637590858366104 -0.7195630883389194
v 0.5588001088642093 0.49119888892300034 -0.6681811804100426
v 0.5984511946453678 0.5164863501479525 -0.6124524616150863
v 0.6351069874576518 0.5391408759905182 -0.5531421429602367
v 0.6681811804100425 0.5588001088642094 -0.49119888892300045
v 0.6972652352184784 0.5752483514388146 -0.4276804016115843
v 0.722150632663328 0.5884256461763437 -0.36366704918910003
v 0.7428251733709502 0.5984172643402488 -0.30017917906802005
v 0.4880744849059775 0.37165020183356273 -0.7897211056194692
v 0.5322855741055739 0.40020664306107817 -0.7459937737333217
v 0.5752483514388145 0.4276804016115842 -0.6972652352184785
v 0.6161581887964346 0.45353431184732523 -0.6439376634087108
v 0.6542545632085012 0.477272271721459 -0.5866533432672921
v 0.6888857975209886 0.49848244595960306 -0.5262619205718791
v 0.7195630883389192 0.5168718140933477 -0.4637590858366104
v 0.7459937737333217 0.532285574105574 -0.4002066430610782
v 0.768088809386262 0.5447085716992203 -0.3366484112735272
v 0.5447085716992203 0.3366484112735272 -0.768088809386262
v 0.5884256461763437 0.3636670491891 -0.722150632663328
v 0.6303513474402552 0.38957855757237175 -0.6714802500893715
v 0.6697035730093078 0.4138995705069989 -0.6165908447525705
v 0.705782257234334 0.43619742362743974 -0.5582143074071036
v 0.7380282124956271 0.4561265199786275 -0.49725542262774375
v 0.7660656589178024 0.4734546148252859 -0.4347230542856835
v 0.7897211056194692 0.48807448490597755 -0.37165020183356273
v 0.5984172643402489 0.30017917906802005 -0.7428251733709502
v 0.6410742753556835 0.32568178716410434 -0.694949744216645
v 0.6814391644001644 0.35009655976804543 -0.642707603860562
v 0.7187840175389043 0.37299688686666077 -0.5867050864944086
v 0.7524951694967479 0.3940115860225198 -0.5277365725095041
v 0.7821220839935175 0.4128541269409769 -0.4667295958019385
v 0.807406353587201 0.4293415395005218 -0.40467372369149623
v 0.6485117186085435 0.26280913162943903 -0.7143975861938321
v 0.6896073541613165 0.28687472426561156 -0.6649395383522909
v 0.7279803264057769 0.3099094226198705 -0.6115560433333621
v 0.7629821169658125 0.33154171885307765 -0.5549219565401193
v 0.7941018987847928 0.3514559044818624 -0.49586381351256387
v 0.8210031593251039 0.369414704760711 -0.43530057234599956
v 0.6944826409712805 0.2251184318483446 -0.6833853620262125
v 0.7336094290104324 0.24786825739950524 -0.632754717596574
v 0.7696723314583157 0.2696723314583159 -0.5786893258332633
v 0.8021185304092141 0.2902092106026653 -0.5219046629946321
v 0.8305462708837452 0.30921037976693466 -0.4632297841951578
v 0.7360192323478784 0.1876598958643701 -0.6504302061698962
v 0.7728795095718676 0.20924011055742167 -0.599062467375371
v 0.8064327215176603 0.22997713597165062 -0.5447722300153494
v 0.8362286096354626 0.249592697019559 -0.48828802772712304
v 0.7730050175265404 0.15092557194362108 -0.6161856170118577
v 0.8074134385437212 0.17149075318729926 -0.564512586954673
v 0.8383685779989382 0.19132247394127208 -0.510425154541809
v 0.8054949718827032 0.11532447131062835 -0.5812728417779445
v 0.8373698718060385 0.13502424285125098 -0.5296981703139867
v 0.8336809534075362 0.08117230469621187 -0.5462482264280651
v 0.546248226428065 -0.8336809534075362 0.08117230469621184
v 0.5812728417779446 -0.8054949718827031 0.11532447131062838
v 0.6161856170118577 -0.7730050175265404 0.15092557194362108
v 0.6504302061698961 -0.7360192323478782 0.18765989586437007
v 0.6833853620262125 -0.6944826409712805 0.2251184318483446
v 0.714397586193832 -0.6485117186085434 0.26280913162943903
v 0.7428251733709502 -0.5984172643402488 0.30017917906802005
v 0.768088809386262 -0.5447085716992203 0.3366484112735272
v 0.7897211056194692 -0.48807448490597755 0.37165020183356273
v 0.8074063535872011 -0.42934153950052173 0.4046737236914963
v 0.8210031593251039 -0.3694147047607109 0.43530057234599956
v 0.8305462708837452 -0.30921037976693466 0.4632297841951578
v 0.8362286096354627 -0.24959269701955897 0.488288027727123
v 0.838368577998938 -0.19132247394127203 0.510425154541809
v 0.8373698718060385 -0.13502424285125092 0.5296981703139867
v 0.8336809534075362 -0.08117230469621185 0.546248226428065
v 0.5296981703139867 -0.8373698718060384 0.13502424285125098
v 0.5645125869546731 -0.8074134385437213 0.1714907531872993
v 0.599062467375371 -0.7728795095718676 0.20924011055742164
v 0.6327547175965738 -0.7336094290104325 0.24786825739950522
v 0.664939538352291 -0.6896073541613165 0.28687472426561167
v 0.694949744216645 -0.6410742753556835 0.32568178716410434
v 0.7221506326633281 -0.5884256461763436 0.36366704918910003
v 0.7459937737333217 -0.532285574105574 0.40020664306107817
v 0.7660656589178024 -0.47345461482528584 0.43472305428568353
v 0.7821220839935175 -0.4128541269409768 0.4667295958019385
v 0.7941018987847926 -0.3514559044818624 0.49586381351256403
v 0.8021185304092142 -0.2902092106026653 0.5219046629946321
v 0.8064327215176603 -0.2299771359716506 0.5447722300153494
v 0.8074134385437212 -0.1714907531872992 0.564512586954673
v 0.8054949718827031 -0.1153244713106283 0.5812728417779446
v 0.510425154541809 -0.8383685779989382 0.19132247394127205
v 0.5447722300153494 -0.8064327215176603 0.22997713597165056
v 0.5786893258332632 -0.7696723314583159 0.26967233145831576
v 0.6115560433333621 -0.7279803264057769 0.3099094226198705
v 0.642707603860562 -0.6814391644001644 0.35009655976804543
v 0.6714802500893715 -0.6303513474402552 0.3895785575723717
v 0.6972652352184785 -0.5752483514388146 0.4276804016115842
v 0.7195630883389192 -0.5168718140933477 0.4637590858366104
v 0.7380282124956273 -0.4561265199786275 0.49725542262774375
v 0.7524951694967479 -0.39401158602251984 0.5277365725095042
v 0.7629821169658125 -0.33154171885307765 0.5549219565401193
v 0.7696723314583158 -0.2696723314583159 0.5786893258332632
v 0.7728795095718676 -0.20924011055742173 0.599062467375371
v 0.7730050175265404 -0.1509255719436211 0.6161856170118577
v 0.488288027727123 -0.8362286096354627 0.24959269701955894
v 0.5219046629946321 -0.8021185304092141 0.29020921060266525
v 0.5549219565401193 -0.7629821169658125 0.33154171885307765
v 0.5867050864944087 -0.7187840175389044 0.3729968868666608
v 0.6165908447525705 -0.6697035730093078 0.4138995705069989
v 0.643937663408711 -0.6161581887964347 0.45353431184732523
v 0.6681811804100425 -0.5588001088642093 0.49119888892300034
v 0.6888857975209887 -0.498482445959603 0.5262619205718791
v 0.705782257234334 -0.43619742362743974 0.5582143074071036
v 0.7187840175389043 -0.37299688686666077 0.5867050864944086
v 0.7279803264057769 -0.3099094226198704 0.6115560433333621
v 0.7336094290104325 -0.2478682573995053 0.6327547175965738
v 0.7360192323478785 -0.18765989586437015 0.6504302061698961
v 0.4632297841951578 -0.8305462708837452 0.30921037976693466
v 0.495863813512564 -0.7941018987847928 0.3514559044818625
v 0.5277365725095041 -0.7524951694967478 0.3940115860225198
v 0.5582143074071036 -0.705782257234334 0.43619742362743974
v 0.5866533432672921 -0.6542545632085012 0.477272271721459
v 0.6124524616150863 -0.5984511946453679 0.5164863501479526
v 0.6351069874576518 -0.5391408759905182 0.5531421429602367
v 0.6542545632085012 -0.477272271721459 0.5866533432672921
v 0.6697035730093078 -0.4138995705069989 0.6165908447525705
v 0.6814391644001644 -0.35009655976804543 0.642707603860562
v 0.6896073541613165 -0.28687472426561156 0.6649395383522909
v 0.6944826409712805 -0.22511843184834462 0.6833853620262127
v 0.43530057234599956 -0.8210031593251039 0.3694147047607109
v 0.4667295958019385 -0.7821220839935175 0.41285412694097684
v 0.4972554226277438 -0.7380282124956273 0.45612651997862746
v 0.5262619205718791 -0.6888857975209887 0.4984824459596029
v 0.5531421429602366 -0.6351069874576519 0.5391408759905182
v 0.5773502691896258 -0.5773502691896258 0.5773502691896257
v 0.5984511946453679 -0.5164863501479526 0.6124524616150862
v 0.6161581887964348 -0.45353431184732534 0.643937663408711
v 0.6303513474402552 -0.3895785575723718 0.6714802500893715
v 0.6410742753556835 -0.3256817871641044 0.694949744216645
v 0.6485117186085434 -0.26280913162943903 0.7143975861938319
v 0.40467372369149623 -0.807406353587201 0.4293415395005218
v 0.4347230542856835 -0.7660656589178024 0.4734546148252859
v 0.4637590858366104 -0.7195630883389194 0.5168718140933475
v 0.49119888892300034 -0.6681811804100426 0.5588001088642093
v 0.5164863501479525 -0.6124524616150863 0.5984511946453678
v 0.5391408759905181 -0.5531421429602366 0.6351069874576517
v 0.5588001088642094 -0.49119888892300045 0.6681811804100425
v 0.5752483514388146 -0.4276804016115843 0.6972652352184784
v 0.5884256461763437 -0.36366704918910003 0.722150632663328
v 0.5984172643402488 -0.30017917906802005 0.7428251733709502
v 0.37165020183356273 -0.7897211056194692 0.4880744849059775
v 0.40020664306107817 -0.7459937737333217 0.5322855741055739
v 0.4276804016115842 -0.6972652352184785 0.5752483514388145
v 0.45353431184732523 -0.6439376634087108 0.6161581887964346
v 0.477272271721459 -0.5866533432672921 0.6542545632085012
v 0.49848244595960306 -0.5262619205718791 0.6888857975209886
v 0.5168718140933477 -0.4637590858366104 0.7195630883389192
v 0.532285574105574 -0.4002066430610782 0.7459937737333217
v 0.5447085716992203 -0.3366484112735272 0.768088809386262
v 0.3366484112735272 -0.768088809386262 0.5447085716992203
v 0.3636670491891 -0.722150632663328 0.5884256461763437
v 0.38957855757237175 -0.6714802500893715 0.6303513474402552
v 0.4138995705069989 -0.6165908447525705 0.6697035730093078
v 0.43619742362743974 -0.5582143074071036 0.705782257234334
v 0.4561265199786275 -0.49725542262774375 0.7380282124956271
v 0.4734546148252859 -0.4347230542856835 0.7660656589178024
v 0.48807448490597755 -0.37165020183356273 0.7897211056194692
v 0.30017917906802005 -0.7428251733709502 0.5984172643402489
v 0.32568178716410434 -0.694949744216645 0.6410742753556835
v 0.35009655976804543 -0.642707603860562 0.6814391644001644
v 0.3729968868666608 -0.5867050864944087 0.7187840175389044
v 0.3940115860225198 -0.5277365725095041 0.7524951694967479
v 0.4128541269409769 -0.4667295958019385 0.7821220839935175
v 0.4293415395005218 -0.40467372369149623 0.807406353587201
v 0.26280913162943903 -0.714397586193832 0.6485117186085434
v 0.28687472426561156 -0.6649395383522909 0.6896073541613165
v 0.3099094226198705 -0.6115560433333621 0.7279803264057769
v 0.33154171885307765 -0.5549219565401193 0.7629821169658125
v 0.3514559044818624 -0.49586381351256387 0.7941018987847928
v 0.369414704760711 -0.43530057234599956 0.8210031593251039
v 0.2251184318483446 -0.6833853620262125 0.6944826409712805
v 0.24786825739950524 -0.632754717596574 0.7336094290104324
v 0.2696723314583159 -0.5786893258332633 0.7696723314583157
v 0.2902092106026653 -0.5219046629946321 0.8021185304092141
v 0.30921037976693466 -0.4632297841951578 0.8305462708837452
v 0.18765989586437007 -0.6504302061698961 0.7360192323478782
v 0.20924011055742167 -0.599062467375371 0.7728795095718676
v 0.22997713597165062 -0.5447722300153494 0.8064327215176603
v 0.249592697019559 -0.48828802772712304 0.8362286096354626
v 0.15092557194362108 -0.6161856170118577 0.7730050175265404
v 0.17149075318729926 -0.564512586954673 0.8074134385437212
v 0.19132247394127208 -0.510425154541809 0.8383685779989382
v 0.11532447131062835 -0.5812728417779445 0.8054949718827032
v 0.13502424285125098 -0.5296981703139867 0.8373698718060385
v 0.08117230469621187 -0.5462482264280651 0.8336809534075362
v 0.4650759217318532 -0.883848196654958 0.050167243247421625
v 0.44624859892669355 -0.8889445432699963 0.10314934292791574
v 0.4248631430705857 -0.8912488092339625 0.15864069370507317
v 0.40083750915033717 -0.8902760024497204 0.21618957125703084
v 0.3741749822592779 -0.8855851653415089 0.2751944722888185
v 0.34498288143312095 -0.8768225620946702 0.33491641661739885
v 0.3134836338704285 -0.8637649285337767 0.3945100246260297
v 0.2800143244802844 -0.8463551924127118 0.453072694345942
v 0.24501253392024885 -0.8247228961795047 0.5097067811391848
v 0.2089890892469523 -0.7991837483175259 0.5635857494657568
v 0.17249144071656042 -0.7702169889633984 0.6140134304652314
v 0.13606362991246473 -0.7384242564839764 0.6604667334931644
v 0.10020937728758429 -0.7044775989841539 0.7026161065853502
v 0.06536356047239777 -0.6690658482468821 0.7403232372903414
v 0.03187489992333522 -0.6328475132419024 0.7736200719593679
v 1.549013989516412e-17 -0.5964154696754866 0.802675891958746
v 0.4143736990033583 -0.9086443148106189 0.05157467146395787
v 0.39302183376737376 -0.9134005527697916 0.10598711422607034
v 0.36908533140372046 -0.9150131962377037 0.16287071208006507
v 0.3425455069939086 -0.9129685850111561 0.22170010920388358
v 0.3134836338704285 -0.906819048677944 0.2817928747328784
v 0.2820956172756682 -0.8962321582008708 0.3423302226220598
v 0.24869601783804215 -0.8810366902688602 0.4023986097287024
v 0.21370819962774776 -0.8612561506240695 0.46104950756299135
v 0.17764001274145866 -0.8371216640143859 0.5173696410797602
v 0.14104780863783406 -0.8090598184239983 0.5705503710367664
v 0.10449454462347611 -0.7776566882454423 0.6199443244123325
v 0.06850910139878172 -0.7436047721985156 0.6651003276116507
v 0.03355321194579275 -0.7076429420954145 0.7057730856802821
v -3.272564167717044e-17 -0.6704997011807433 0.7419097995824923
v -0.0318748999233353 -0.6328475132419024 0.7736200719593679
v 0.35949958259818793 -0.9316457112316135 0.05288023123502439
v 0.33553211945792766 -0.9357502216519326 0.10858047472004337
v 0.30901699437494745 -0.9363389981249826 0.16666666666666666
v 0.2800143244802845 -0.9328843773455407 0.226536347172971
v 0.2486960178380422 -0.9249517165233345 0.28742757837764454
v 0.21535373011074402 -0.9122530399572549 0.34844965492325547
v 0.18039342112513088 -0.8946927003753203 0.4086357614182691
v 0.1443147369001047 -0.8723948472548795 0.467012298763736
v 0.10767686505537204 -0.8457050775509992 0.5226744823848832
v 0.0710560050965835 -0.8151641508871488 0.5748551567552891
v 0.03500179056003555 -0.7814583037130903 0.6229749547256703
v 5.1461667323329365e-17 -0.7453559924999299 0.6666666666666666
v -0.03355321194579273 -0.7076429420954145 0.705773085680282
v -0.06536356047239777 -0.6690658482468821 0.7403232372903414
v 0.3006281318627529 -0.9522088036049092 0.05404739281425771
v 0.2740364055951269 -0.955309538214316 0.11085005460194176
v 0.24501253392024894 -0.9545166735787479 0.16990226037972825
v 0.21370819962774779 -0.9493087713204001 0.23052475378149567
v 0.18039342112513088 -0.9392884066162019 0.2918826867273351
v 0.14545521744910797 -0.9242372831946521 0.3530272285104951
v 0.10938107154583324 -0.9041575690594321 0.4129586801364317
v 0.07272760872455399 -0.8792891490823743 0.4707029713473268
v 0.03607868422502619 -0.8500969941344387 0.5253888361092031
v 0.0 -0.8172298402759043 0.5763118844537392
v -0.03500179056003557 -0.7814583037130903 0.6229749547256703
v -0.06850910139878168 -0.7436047721985157 0.6651003276116507
v -0.10020937728758428 -0.7044775989841539 0.7026161065853503
v 0.23811135234681322 -0.9696771132600991 0.0550388944577637
v 0.20898908924695234 -0.9714002288941949 0.11271714989315135
v 0.1776400127414587 -0.9688667427778089 0.17245654702658675
v 0.14431473690010468 -0.9615862597366428 0.233506149381868
v 0.10938107154583318 -0.949225049020238 0.2949704858117369
v 0.07331158562456808 -0.9316585807319002 0.355861911929098
v 0.03665579281228402 -0.9090040548893346 0.4151722305839477
v 0.0 -0.8816238290790291 0.4719527772987791
v -0.03607868422502619 -0.8500969941344387 0.5253888361092031
v -0.07105600509658351 -0.8151641508871488 0.5748551567552891
v -0.10449454462347621 -0.7776566882454423 0.6199443244123325
v -0.1360636299124647 -0.7384242564839764 0.6604667334931643
v 0.17249144071656053 -0.9834281352259422 0.05581940276956648
v 0.14104780863783412 -0.9834044979777433 0.11411007420735328
v 0.10767686505537209 -0.9788010023635108 0.17422482746162773
v 0.07272760872455403 -0.9691854173069299 0.2353514856736634
v 0.03665579281228409 -0.9543131065744658 0.2965515932742483
v 7.345063871007168e-17 -0.9341723589627158 0.35682208977308993
v -0.036655792812283976 -0.9090040548893346 0.41517223058394764
v -0.07272760872455387 -0.8792891490823743 0.4707029713473267
v -0.10767686505537194 -0.8457050775509992 0.5226744823848832
v -0.14104780863783403 -0.8090598184239983 0.5705503710367664
v -0.17249144071656045 -0.7702169889633983 0.6140134304652313
v 0.10449454462347617 -0.9929272889662785 0.056358574946575674
v 0.07105600509658347 -0.9908242559050462 0.11497103135105782
v 0.03607868422502622 -0.9838841128570837 0.175129612036401
v 3.6431215226506684e-17 -0.971758789000641 0.23597638864938955
v -0.03665579281228401 -0.9543131065744658 0.2965515932742483
v -0.07331158562456802 -0.9316585807319002 0.35586191192909794
v -0.10938107154583318 -0.9041575690594321 0.41295868013643167
v -0.14431473690010463 -0.8723948472548795 0.467012298763736
v -0.17764001274145866 -0.837121664014386 0.5173696410797602
v -0.2089890892469523 -0.7991837483175259 0.5635857494657567
v 0.03500179056003557 -0.9977812660451623 0.05663408679324275
v 3.558956456668723e-17 -0.9933350816685653 0.11526237689074784
v -0.036078684225026116 -0.9838841128570837 0.175129612036401
v -0.07272760872455392 -0.9691854173069299 0.2353514856736634
v -0.1093810715458332 -0.949225049020238 0.29497048581173696
v -0.1454552174491079 -0.9242372831946521 0.3530272285104951
v -0.18039342112513085 -0.8946927003753203 0.4086357614182691
v -0.2137081996277477 -0.8612561506240695 0.46104950756299135
v -0.24501253392024885 -0.8247228961795047 0.5097067811391848
v -0.03500179056003557 -0.9977812660451623 0.05663408679324275
v -0.07105600509658347 -0.9908242559050462 0.11497103135105782
v -0.10767686505537198 -0.9788010023635108 0.17422482746162773
v -0.14431473690010468 -0.9615862597366428 0.233506149381868
v -0.18039342112513088 -0.9392884066162019 0.2918826867273351
v -0.215353730110744 -0.912253039957255 0.34844965492325547
v -0.24869601783804218 -0.8810366902688602 0.4023986097287024
v -0.2800143244802844 -0.8463551924127118 0.453072694345942
v -0.10449454462347621 -0.9929272889662785 0.056358574946575674
v -0.14104780863783412 -0.9834044979777433 0.11411007420735328
v -0.1776400127414587 -0.9688667427778089 0.17245654702658675
v -0.21370819962774779 -0.9493087713204001 0.23052475378149567
v -0.2486960178380422 -0.9249517165233345 0.28742757837764454
v -0.2820956172756682 -0.8962321582008708 0.3423302226220598
v -0.3134836338704285 -0.8637649285337767 0.3945100246260297
v -0.17249144071656056 -0.9834281352259422 0.05581940276956648
v -0.20898908924695236 -0.9714002288941949 0.11271714989315135
v -0.24501253392024894 -0.9545166735787479 0.16990226037972825
v -0.2800143244802845 -0.9328843773455407 0.226536347172971
v -0.31348363387042855 -0.9068190486779439 0.28179287473287834
v -0.34498288143312106 -0.8768225620946704 0.3349164166173989
v -0.23811135234681322 -0.9696771132600991 0.0550388944577637
v -0.2740364055951268 -0.9553095382143161 0.11085005460194179
v -0.30901699437494734 -0.9363389981249826 0.16666666666666666
v -0.34254550699390857 -0.9129685850111561 0.22170010920388358
v -0.3741749822592779 -0.8855851653415089 0.2751944722888185
v -0.3006281318627529 -0.9522088036049092 0.05404739281425771
v -0.33553211945792766 -0.9357502216519326 0.10858047472004338
v -0.36908533140372035 -0.9150131962377037 0.16287071208006507
v -0.40083750915033717 -0.8902760024497204 0.21618957125703084
v -0.35949958259818793 -0.9316457112316135 0.05288023123502439
v -0.39302183376737376 -0.9134005527697915 0.10598711422607031
v -0.4248631430705857 -0.8912488092339625 0.15864069370507317
v -0.41437369900335835 -0.9086443148106189 0.05157467146395786
v -0.44624859892669366 -0.8889445432699963 0.10314934292791572
v -0.4650759217318532 -0.883848196654958 0.050167243247421625
v 0.4650759217318532 -0.883848196654958 -0.050167243247421625
v 0.4143736990033583 -0.9086443148106189 -0.05157467146395787
v 0.35949958259818793 -0.9316457112316135 -0.05288023123502439
v 0.3006281318627529 -0.9522088036049092 -0.05404739281425771
v 0.23811135234681322 -0.9696771132600991 -0.0550388944577637
v 0.17249144071656053 -0.9834281352259422 -0.05581940276956648
v 0.10449454462347617 -0.9929272889662785 -0.056358574946575674
v 0.03500179056003557 -0.9977812660451623 -0.05663408679324275
v -0.03500179056003557 -0.9977812660451623 -0.05663408679324275
v -0.10449454462347621 -0.9929272889662785 -0.056358574946575674
v -0.17249144071656056 -0.9834281352259422 -0.05581940276956648
v -0.23811135234681322 -0.9696771132600991 -0.0550388944577637
v -0.3006281318627529 -0.9522088036049092 -0.05404739281425771
v -0.35949958259818793 -0.9316457112316135 -0.05288023123502439
v -0.41437369900335835 -0.9086443148106189 -0.05157467146395786
v -0.4650759217318532 -0.883848196654958 -0.050167243247421625
v 0.44624859892669355 -0.8889445432699963 -0.10314934292791574
v 0.39302183376737376 -0.9134005527697916 -0.10598711422607034
v 0.33553211945792766 -0.9357502216519326 -0.10858047472004338
v 0.2740364055951269 -0.9553095382143161 -0.11085005460194179
v 0.20898908924695228 -0.9714002288941949 -0.11271714989315135
v 0.14104780863783412 -0.9834044979777433 -0.11411007420735328
v 0.07105600509658344 -0.9908242559050462 -0.11497103135105782
v 0.0 -0.9933350816685653 -0.11526237689074784
v -0.07105600509658351 -0.9908242559050462 -0.11497103135105782
v -0.14104780863783414 -0.9834044979777433 -0.11411007420735328
v -0.20898908924695242 -0.9714002288941949 -0.11271714989315135
v -0.2740364055951269 -0.9553095382143161 -0.11085005460194179
v -0.33553211945792766 -0.9357502216519326 -0.10858047472004338
v -0.39302183376737376 -0.9134005527697915 -0.10598711422607031
v -0.44624859892669366 -0.8889445432699962 -0.10314934292791572
v 0.4248631430705857 -0.8912488092339625 -0.15864069370507317
v 0.3690853314037204 -0.9150131962377037 -0.16287071208006504
v 0.30901699437494745 -0.9363389981249826 -0.16666666666666666
v 0.24501253392024894 -0.9545166735787479 -0.16990226037972825
v 0.1776400127414587 -0.9688667427778089 -0.17245654702658675
v 0.10767686505537201 -0.9788010023635108 -0.17422482746162773
v 0.036078684225026185 -0.9838841128570837 -0.175129612036401
v -0.036078684225026116 -0.9838841128570837 -0.175129612036401
v -0.10767686505537198 -0.9788010023635108 -0.17422482746162773
v -0.1776400127414587 -0.9688667427778089 -0.17245654702658675
v -0.24501253392024894 -0.9545166735787479 -0.16990226037972825
v -0.30901699437494734 -0.9363389981249826 -0.16666666666666666
v -0.36908533140372035 -0.9150131962377037 -0.16287071208006507
v -0.4248631430705857 -0.8912488092339625 -0.15864069370507317
v 0.40083750915033717 -0.8902760024497204 -0.21618957125703084
v 0.3425455069939086 -0.9129685850111561 -0.22170010920388358
v 0.2800143244802845 -0.9328843773455407 -0.226536347172971
v 0.21370819962774779 -0.9493087713204001 -0.23052475378149567
v 0.14431473690010468 -0.9615862597366428 -0.233506149381868
v 0.07272760872455399 -0.9691854173069299 -0.2353514856736634
v 0.0 -0.971758789000641 -0.23597638864938955
v -0.07272760872455392 -0.9691854173069299 -0.2353514856736634
v -0.14431473690010468 -0.9615862597366428 -0.233506149381868
v -0.21370819962774779 -0.9493087713204001 -0.23052475378149567
v -0.2800143244802845 -0.9328843773455407 -0.226536347172971
v -0.34254550699390857 -0.9129685850111561 -0.22170010920388358
v -0.40083750915033717 -0.8902760024497204 -0.21618957125703084
v 0.3741749822592779 -0.8855851653415089 -0.2751944722888185
v 0.3134836338704285 -0.9068190486779439 -0.28179287473287834
v 0.2486960178380422 -0.9249517165233345 -0.28742757837764454
v 0.18039342112513088 -0.9392884066162019 -0.2918826867273351
v 0.1093810715458332 -0.949225049020238 -0.29497048581173696
v 0.03665579281228405 -0.9543131065744658 -0.29655159327424835
v -0.03665579281228405 -0.9543131065744658 -0.29655159327424835
v -0.1093810715458332 -0.949225049020238 -0.29497048581173696
v -0.18039342112513088 -0.9392884066162019 -0.2918826867273351
v -0.2486960178380422 -0.9249517165233345 -0.28742757837764454
v -0.31348363387042855 -0.9068190486779439 -0.28179287473287834
v -0.3741749822592779 -0.8855851653415089 -0.2751944722888185
v 0.34498288143312106 -0.8768225620946704 -0.3349164166173989
v 0.2820956172756682 -0.8962321582008708 -0.3423302226220598
v 0.21535373011074407 -0.9122530399572549 -0.3484496549232554
v 0.145455217449108 -0.9242372831946521 -0.3530272285104951
v 0.0733115856245681 -0.9316585807319002 -0.355861911929098
v 7.345063871007168e-17 -0.9341723589627157 -0.35682208977308993
v -0.07331158562456803 -0.9316585807319002 -0.355861911929098
v -0.1454552174491078 -0.924237283194652 -0.35302722851049506
v -0.21535373011074396 -0.9122530399572549 -0.34844965492325547
v -0.2820956172756681 -0.8962321582008708 -0.3423302226220598
v -0.34498288143312095 -0.8768225620946702 -0.33491641661739885
v 0.3134836338704285 -0.8637649285337767 -0.3945100246260297
v 0.24869601783804218 -0.8810366902688602 -0.4023986097287024
v 0.18039342112513093 -0.8946927003753203 -0.408635761418269
v 0.10938107154583325 -0.9041575690594321 -0.41295868013643167
v 0.036655792812284045 -0.9090040548893346 -0.41517223058394764
v -0.036655792812283976 -0.9090040548893346 -0.41517223058394764
v -0.1093810715458332 -0.9041575690594321 -0.4129586801364317
v -0.1803934211251308 -0.8946927003753203 -0.408635761418269
v -0.24869601783804215 -0.8810366902688603 -0.4023986097287024
v -0.3134836338704285 -0.8637649285337767 -0.3945100246260297
v 0.2800143244802844 -0.8463551924127118 -0.453072694345942
v 0.21370819962774779 -0.8612561506240695 -0.46104950756299135
v 0.1443147369001047 -0.8723948472548795 -0.467012298763736
v 0.07272760872455399 -0.8792891490823743 -0.4707029713473267
v 0.0 -0.8816238290790291 -0.4719527772987791
v -0.07272760872455392 -0.8792891490823743 -0.4707029713473268
v -0.14431473690010468 -0.8723948472548794 -0.467012298763736
v -0.21370819962774767 -0.8612561506240696 -0.4610495075629913
v -0.2800143244802844 -0.8463551924127118 -0.453072694345942
v 0.24501253392024885 -0.8247228961795047 -0.5097067811391848
v 0.1776400127414587 -0.8371216640143859 -0.5173696410797602
v 0.10767686505537204 -0.8457050775509992 -0.5226744823848832
v 0.03607868422502619 -0.8500969941344387 -0.5253888361092031
v -0.03607868422502619 -0.8500969941344387 -0.5253888361092031
v -0.10767686505537198 -0.8457050775509992 -0.5226744823848832
v -0.1776400127414587 -0.8371216640143859 -0.5173696410797602
v -0.24501253392024885 -0.8247228961795047 -0.5097067811391848
v 0.2089890892469523 -0.7991837483175259 -0.5635857494657568
v 0.14104780863783406 -0.8090598184239983 -0.5705503710367664
v 0.0710560050965835 -0.8151641508871488 -0.5748551567552891
v 0.0 -0.8172298402759043 -0.5763118844537392
v -0.07105600509658351 -0.8151641508871488 -0.5748551567552891
v -0.14104780863783406 -0.8090598184239983 -0.5705503710367664
v -0.20898908924695234 -0.7991837483175259 -0.5635857494657567
v 0.17249144071656042 -0.7702169889633984 -0.6140134304652314
v 0.10449454462347614 -0.7776566882454423 -0.6199443244123325
v 0.03500179056003554 -0.7814583037130903 -0.6229749547256703
v -0.03500179056003557 -0.7814583037130903 -0.6229749547256703
v -0.10449454462347621 -0.7776566882454423 -0.6199443244123325
v -0.17249144071656047 -0.7702169889633983 -0.6140134304652313
v 0.13606362991246473 -0.7384242564839764 -0.6604667334931644
v 0.06850910139878175 -0.7436047721985156 -0.6651003276116507
v 3.4307778215552914e-17 -0.7453559924999299 -0.6666666666666667
v -0.06850910139878168 -0.7436047721985157 -0.6651003276116507
v -0.1360636299124647 -0.7384242564839764 -0.6604667334931644
v 0.1002093772875843 -0.7044775989841539 -0.7026161065853502
v 0.03355321194579278 -0.7076429420954145 -0.705773085680282
v -0.03355321194579275 -0.7076429420954145 -0.705773085680282
v -0.10020937728758426 -0.7044775989841539 -0.7026161065853502
v 0.0653635604723978 -0.6690658482468821 -0.7403232372903414
v 0.0 -0.6704997011807433 -0.7419097995824923
v -0.0653635604723978 -0.6690658482468821 -0.7403232372903414
v 0.03187489992333524 -0.6328475132419024 -0.7736200719593679
v -0.03187489992333527 -0.6328475132419024 -0.7736200719593679
v 3.098027979032824e-17 -0.5964154696754866 -0.802675891958746
v 0.546248226428065 -0.8336809534075362 -0.08117230469621184
v 0.5296981703139867 -0.8373698718060384 -0.13502424285125098
v 0.510425154541809 -0.8383685779989382 -0.19132247394127208
v 0.488288027727123 -0.8362286096354627 -0.24959269701955897
v 0.4632297841951578 -0.8305462708837452 -0.30921037976693466
v 0.43530057234599956 -0.8210031593251039 -0.369414704760711
v 0.40467372369149623 -0.807406353587201 -0.4293415395005218
v 0.37165020183356273 -0.7897211056194692 -0.48807448490597755
v 0.3366484112735272 -0.768088809386262 -0.5447085716992203
v 0.30017917906802005 -0.7428251733709502 -0.5984172643402489
v 0.26280913162943903 -0.714397586193832 -0.6485117186085434
v 0.2251184318483446 -0.6833853620262125 -0.6944826409712805
v 0.18765989586437007 -0.6504302061698961 -0.7360192323478782
v 0.15092557194362108 -0.6161856170118577 -0.7730050175265404
v 0.11532447131062834 -0.5812728417779445 -0.8054949718827032
v 0.08117230469621185 -0.546248226428065 -0.8336809534075362
v 0.5812728417779446 -0.8054949718827031 -0.11532447131062838
v 0.5645125869546731 -0.8074134385437213 -0.1714907531872993
v 0.5447722300153494 -0.8064327215176603 -0.2299771359716506
v 0.5219046629946321 -0.8021185304092142 -0.2902092106026653
v 0.495863813512564 -0.7941018987847926 -0.35145590448186254
v 0.4667295958019385 -0.7821220839935175 -0.4128541269409769
v 0.4347230542856834 -0.7660656589178024 -0.4734546148252859
v 0.40020664306107817 -0.7459937737333217 -0.532285574105574
v 0.3636670491891 -0.722150632663328 -0.5884256461763437
v 0.3256817871641044 -0.694949744216645 -0.6410742753556835
v 0.28687472426561156 -0.6649395383522909 -0.6896073541613166
v 0.24786825739950522 -0.6327547175965738 -0.7336094290104325
v 0.20924011055742164 -0.5990624673753709 -0.7728795095718676
v 0.17149075318729926 -0.564512586954673 -0.8074134385437213
v 0.13502424285125092 -0.5296981703139867 -0.8373698718060385
v 0.6161856170118577 -0.7730050175265404 -0.15092557194362108
v 0.599062467375371 -0.7728795095718677 -0.20924011055742164
v 0.5786893258332632 -0.7696723314583159 -0.26967233145831576
v 0.5549219565401193 -0.7629821169658125 -0.33154171885307765
v 0.5277365725095041 -0.7524951694967478 -0.3940115860225198
v 0.49725542262774375 -0.7380282124956271 -0.45612651997862746
v 0.4637590858366104 -0.7195630883389192 -0.5168718140933476
v 0.4276804016115842 -0.6972652352184785 -0.5752483514388145
v 0.38957855757237175 -0.6714802500893715 -0.6303513474402552
v 0.35009655976804543 -0.642707603860562 -0.6814391644001644
v 0.3099094226198705 -0.6115560433333621 -0.7279803264057769
v 0.2696723314583159 -0.5786893258332633 -0.7696723314583158
v 0.22997713597165062 -0.5447722300153494 -0.8064327215176603
v 0.19132247394127208 -0.510425154541809 -0.8383685779989382
v 0.6504302061698961 -0.7360192323478785 -0.18765989586437012
v 0.6327547175965738 -0.7336094290104325 -0.24786825739950516
v 0.6115560433333621 -0.7279803264057769 -0.3099094226198705
v 0.5867050864944087 -0.7187840175389044 -0.3729968868666608
v 0.5582143074071036 -0.705782257234334 -0.43619742362743974
v 0.5262619205718793 -0.6888857975209887 -0.49848244595960306
v 0.49119888892300034 -0.6681811804100425 -0.5588001088642093
v 0.45353431184732523 -0.6439376634087108 -0.6161581887964346
v 0.4138995705069989 -0.6165908447525705 -0.6697035730093078
v 0.3729968868666608 -0.5867050864944087 -0.7187840175389044
v 0.33154171885307765 -0.5549219565401193 -0.7629821169658125
v 0.2902092106026653 -0.5219046629946321 -0.8021185304092141
v 0.24959269701955894 -0.48828802772712293 -0.8362286096354626
v 0.6833853620262127 -0.6944826409712805 -0.2251184318483446
v 0.6649395383522909 -0.6896073541613165 -0.2868747242656116
v 0.642707603860562 -0.6814391644001644 -0.35009655976804543
v 0.6165908447525705 -0.6697035730093078 -0.4138995705069989
v 0.5866533432672921 -0.6542545632085012 -0.477272271721459
v 0.5531421429602366 -0.6351069874576518 -0.5391408759905182
v 0.5164863501479526 -0.6124524616150863 -0.5984511946453679
v 0.477272271721459 -0.5866533432672921 -0.6542545632085012
v 0.43619742362743974 -0.5582143074071036 -0.705782257234334
v 0.39401158602251984 -0.5277365725095042 -0.7524951694967479
v 0.3514559044818624 -0.49586381351256387 -0.7941018987847928
v 0.30921037976693466 -0.4632297841951578 -0.8305462708837452
v 0.714397586193832 -0.6485117186085434 -0.26280913162943903
v 0.694949744216645 -0.6410742753556835 -0.32568178716410434
v 0.6714802500893715 -0.6303513474402553 -0.3895785575723717
v 0.6439376634087108 -0.6161581887964347 -0.4535343118473251
v 0.6124524616150863 -0.5984511946453679 -0.5164863501479524
v 0.5773502691896257 -0.5773502691896258 -0.5773502691896257
v 0.5391408759905182 -0.5531421429602367 -0.6351069874576518
v 0.498482445959603 -0.5262619205718793 -0.6888857975209886
v 0.4561265199786275 -0.4972554226277438 -0.7380282124956271
v 0.4128541269409769 -0.46672959580193857 -0.7821220839935175
v 0.369414704760711 -0.43530057234599956 -0.8210031593251039
v 0.7428251733709502 -0.5984172643402488 -0.30017917906802005
v 0.722150632663328 -0.5884256461763437 -0.3636670491891
v 0.6972652352184785 -0.5752483514388146 -0.42768040161158416
v 0.6681811804100426 -0.5588001088642093 -0.4911988889230003
v 0.6351069874576518 -0.5391408759905182 -0.5531421429602364
v 0.5984511946453679 -0.5164863501479526 -0.6124524616150862
v 0.5588001088642094 -0.49119888892300045 -0.6681811804100425
v 0.5168718140933476 -0.4637590858366104 -0.7195630883389192
v 0.4734546148252859 -0.43472305428568353 -0.7660656589178024
v 0.4293415395005218 -0.40467372369149623 -0.807406353587201
v 0.768088809386262 -0.5447085716992203 -0.3366484112735272
v 0.7459937737333217 -0.532285574105574 -0.40020664306107817
v 0.7195630883389192 -0.5168718140933477 -0.4637590858366104
v 0.6888857975209886 -0.49848244595960306 -0.5262619205718791
v 0.6542545632085012 -0.477272271721459 -0.5866533432672921
v 0.6161581887964347 -0.4535343118473253 -0.643937663408711
v 0.5752483514388145 -0.4276804016115842 -0.6972652352184784
v 0.532285574105574 -0.4002066430610782 -0.7459937737333217
v 0.48807448490597755 -0.37165020183356273 -0.7897211056194692
v 0.7897211056194692 -0.48807448490597755 -0.37165020183356273
v 0.7660656589178024 -0.4734546148252859 -0.4347230542856835
v 0.7380282124956273 -0.4561265199786275 -0.49725542262774375
v 0.705782257234334 -0.43619742362743974 -0.5582143074071036
v 0.6697035730093078 -0.4138995705069989 -0.6165908447525705
v 0.6303513474402552 -0.38957855757237175 -0.6714802500893715
v 0.5884256461763437 -0.3636670491891 -0.722150632663328
v 0.5447085716992203 -0.3366484112735272 -0.768088809386262
v 0.8074063535872011 -0.42934153950052173 -0.4046737236914963
v 0.7821220839935175 -0.4128541269409769 -0.4667295958019385
v 0.7524951694967479 -0.3940115860225198 -0.5277365725095041
v 0.7187840175389043 -0.37299688686666077 -0.5867050864944086
v 0.6814391644001644 -0.3500965597680454 -0.642707603860562
v 0.6410742753556835 -0.32568178716410434 -0.694949744216645
v 0.5984172643402488 -0.30017917906802 -0.7428251733709502
v 0.8210031593251039 -0.369414704760711 -0.4353005723459996
v 0.7941018987847928 -0.3514559044818624 -0.495863813512564
v 0.7629821169658125 -0.33154171885307765 -0.5549219565401193
v 0.7279803264057769 -0.3099094226198704 -0.6115560433333621
v 0.6896073541613165 -0.28687472426561156 -0.6649395383522909
v 0.6485117186085435 -0.26280913162943903 -0.7143975861938321
v 0.8305462708837452 -0.30921037976693466 -0.4632297841951578
v 0.8021185304092141 -0.2902092106026653 -0.5219046629946321
v 0.7696723314583158 -0.2696723314583159 -0.5786893258332632
v 0.7336094290104325 -0.2478682573995053 -0.6327547175965738
v 0.6944826409712805 -0.22511843184834462 -0.6833853620262125
v 0.8362286096354627 -0.24959269701955897 -0.488288027727123
v 0.8064327215176603 -0.22997713597165062 -0.5447722300153494
v 0.7728795095718676 -0.20924011055742167 -0.599062467375371
v 0.7360192323478784 -0.18765989586437012 -0.6504302061698962
v 0.8383685779989382 -0.19132247394127208 -0.510425154541809
v 0.8074134385437212 -0.17149075318729926 -0.564512586954673
v 0.7730050175265404 -0.15092557194362108 -0.6161856170118577
v 0.8373698718060385 -0.13502424285125095 -0.5296981703139867
v 0.8054949718827031 -0.11532447131062833 -0.5812728417779446
v 0.8336809534075362 -0.0811723046962119 -0.546248226428065
v 0.5964154696754866 -0.802675891958746 0.0
v 0.6328475132419025 -0.7736200719593679 -0.03187489992333526
v 0.6690658482468821 -0.7403232372903414 -0.0653635604723978
v 0.7044775989841539 -0.7026161065853502 -0.10020937728758429
v 0.7384242564839764 -0.6604667334931644 -0.13606362991246473
v 0.7702169889633984 -0.6140134304652314 -0.1724914407165605
v 0.7991837483175259 -0.5635857494657567 -0.20898908924695234
v 0.8247228961795047 -0.5097067811391848 -0.24501253392024885
v 0.8463551924127118 -0.453072694345942 -0.2800143244802844
v 0.8637649285337768 -0.3945100246260297 -0.3134836338704285
v 0.8768225620946704 -0.3349164166173988 -0.344982881433121
v 0.8855851653415089 -0.2751944722888185 -0.3741749822592779
v 0.8902760024497205 -0.21618957125703087 -0.4008375091503372
v 0.8912488092339625 -0.15864069370507317 -0.42486314307058576
v 0.8889445432699963 -0.10314934292791567 -0.44624859892669355
v 0.883848196654958 -0.05016724324742165 -0.4650759217318532
v 0.6328475132419025 -0.7736200719593679 0.03187489992333526
v 0.6704997011807434 -0.7419097995824923 0.0
v 0.7076429420954145 -0.7057730856802821 -0.03355321194579277
v 0.7436047721985156 -0.6651003276116507 -0.06850910139878172
v 0.7776566882454424 -0.6199443244123324 -0.10449454462347618
v 0.8090598184239983 -0.5705503710367664 -0.14104780863783406
v 0.837121664014386 -0.5173696410797602 -0.17764001274145874
v 0.8612561506240695 -0.46104950756299135 -0.21370819962774776
v 0.8810366902688603 -0.4023986097287024 -0.2486960178380422
v 0.8962321582008708 -0.34233022262205975 -0.2820956172756682
v 0.906819048677944 -0.2817928747328783 -0.3134836338704285
v 0.9129685850111561 -0.22170010920388358 -0.3425455069939086
v 0.9150131962377037 -0.16287071208006507 -0.36908533140372046
v 0.9134005527697915 -0.10598711422607025 -0.39302183376737376
v 0.9086443148106188 -0.051574671463957784 -0.41437369900335835
v 0.6690658482468821 -0.7403232372903414 0.0653635604723978
v 0.7076429420954145 -0.7057730856802821 0.03355321194579276
v 0.7453559924999298 -0.6666666666666667 0.0
v 0.7814583037130903 -0.6229749547256703 -0.03500179056003555
v 0.8151641508871488 -0.5748551567552891 -0.0710560050965835
v 0.8457050775509992 -0.5226744823848832 -0.107676865055372
v 0.8723948472548794 -0.467012298763736 -0.14431473690010468
v 0.8946927003753202 -0.40863576141826913 -0.18039342112513085
v 0.912253039957255 -0.3484496549232555 -0.21535373011074402
v 0.9249517165233345 -0.28742757837764454 -0.2486960178380422
v 0.9328843773455407 -0.226536347172971 -0.2800143244802845
v 0.9363389981249826 -0.16666666666666674 -0.3090169943749474
v 0.9357502216519326 -0.10858047472004342 -0.33553211945792766
v 0.9316457112316135 -0.052880231235024416 -0.35949958259818793
v 0.7044775989841539 -0.7026161065853503 0.1002093772875843
v 0.7436047721985155 -0.6651003276116507 0.06850910139878169
v 0.7814583037130903 -0.6229749547256703 0.03500179056003555
v 0.8172298402759043 -0.5763118844537392 0.0
v 0.8500969941344387 -0.5253888361092031 -0.03607868422502619
v 0.8792891490823743 -0.4707029713473268 -0.07272760872455396
v 0.9041575690594321 -0.4129586801364317 -0.10938107154583324
v 0.924237283194652 -0.3530272285104951 -0.1454552174491079
v 0.9392884066162018 -0.29188268672733503 -0.18039342112513085
v 0.9493087713204001 -0.23052475378149567 -0.21370819962774779
v 0.9545166735787479 -0.1699022603797282 -0.24501253392024894
v 0.9553095382143161 -0.11085005460194185 -0.2740364055951269
v 0.9522088036049092 -0.05404739281425774 -0.3006281318627529
v 0.7384242564839764 -0.6604667334931643 0.1360636299124647
v 0.7776566882454423 -0.6199443244123325 0.10449454462347617
v 0.8151641508871488 -0.5748551567552891 0.0710560050965835
v 0.8500969941344387 -0.5253888361092031 0.03607868422502619
v 0.8816238290790291 -0.4719527772987791 0.0
v 0.9090040548893346 -0.4151722305839477 -0.03665579281228402
v 0.9316585807319002 -0.355861911929098 -0.07331158562456808
v 0.949225049020238 -0.2949704858117369 -0.10938107154583318
v 0.9615862597366429 -0.23350614938186806 -0.14431473690010468
v 0.9688667427778089 -0.17245654702658672 -0.17764001274145874
v 0.9714002288941949 -0.11271714989315128 -0.20898908924695234
v 0.9696771132600991 -0.05503889445776372 -0.23811135234681322
v 0.7702169889633984 -0.6140134304652314 0.1724914407165605
v 0.8090598184239983 -0.5705503710367664 0.14104780863783406
v 0.8457050775509992 -0.5226744823848833 0.107676865055372
v 0.8792891490823742 -0.4707029713473268 0.07272760872455394
v 0.9090040548893344 -0.4151722305839477 0.03665579281228401
v 0.9341723589627157 -0.35682208977308993 0.0
v 0.9543131065744658 -0.29655159327424835 -0.036655792812284045
v 0.9691854173069298 -0.23535148567366346 -0.07272760872455394
v 0.9788010023635108 -0.17422482746162782 -0.10767686505537201
v 0.9834044979777433 -0.11411007420735333 -0.14104780863783412
v 0.9834281352259422 -0.0558194027695665 -0.1724914407165605
v 0.7991837483175259 -0.5635857494657567 0.20898908924695234
v 0.8371216640143859 -0.5173696410797602 0.1776400127414587
v 0.8723948472548795 -0.4670122987637361 0.14431473690010468
v 0.9041575690594321 -0.4129586801364317 0.10938107154583322
v 0.9316585807319002 -0.35586191192909805 0.07331158562456806
v 0.9543131065744658 -0.29655159327424835 0.036655792812284045
v 0.9717587890006409 -0.23597638864938955 0.0
v 0.9838841128570838 -0.17512961203640112 -0.03607868422502616
v 0.9908242559050462 -0.11497103135105788 -0.07105600509658347
v 0.9929272889662785 -0.056358574946575694 -0.10449454462347617
v 0.8247228961795047 -0.5097067811391848 0.24501253392024885
v 0.8612561506240695 -0.46104950756299135 0.21370819962774776
v 0.8946927003753202 -0.40863576141826913 0.18039342112513085
v 0.9242372831946521 -0.35302722851049523 0.14545521744910792
v 0.949225049020238 -0.29497048581173696 0.1093810715458332
v 0.9691854173069298 -0.2353514856736634 0.07272760872455394
v 0.9838841128570838 -0.17512961203640107 0.03607868422502616
v 0.9933350816685653 -0.11526237689074789 0.0
v 0.9977812660451623 -0.05663408679324277 -0.03500179056003557
v 0.8463551924127118 -0.453072694345942 0.2800143244802844
v 0.8810366902688603 -0.40239860972870245 0.2486960178380422
v 0.912253039957255 -0.3484496549232555 0.21535373011074402
v 0.9392884066162018 -0.29188268672733503 0.18039342112513085
v 0.9615862597366429 -0.23350614938186806 0.14431473690010468
v 0.9788010023635108 -0.17422482746162776 0.10767686505537201
v 0.9908242559050462 -0.11497103135105782 0.07105600509658347
v 0.9977812660451623 -0.05663408679324277 0.03500179056003557
v 0.8637649285337768 -0.3945100246260297 0.3134836338704285
v 0.8962321582008708 -0.3423302226220598 0.2820956172756682
v 0.9249517165233346 -0.28742757837764454 0.2486960178380422
v 0.9493087713204001 -0.23052475378149567 0.21370819962774779
v 0.9688667427778089 -0.17245654702658672 0.1776400127414587
v 0.9834044979777433 -0.11411007420735328 0.14104780863783412
v 0.9929272889662785 -0.05635857494657564 0.10449454462347617
v 0.8768225620946704 -0.33491641661739885 0.34498288143312106
v 0.906819048677944 -0.28179287473287834 0.3134836338704285
v 0.9328843773455407 -0.22653634717297094 0.2800143244802845
v 0.9545166735787479 -0.1699022603797282 0.24501253392024894
v 0.9714002288941949 -0.11271714989315128 0.20898908924695234
v 0.9834281352259422 -0.05581940276956644 0.17249144071656053
v 0.8855851653415089 -0.2751944722888185 0.3741749822592779
v 0.9129685850111559 -0.2217001092038836 0.3425455069939086
v 0.9363389981249826 -0.1666666666666667 0.3090169943749474
v 0.9553095382143161 -0.11085005460194185 0.2740364055951269
v 0.9696771132600991 -0.05503889445776372 0.23811135234681322
v 0.8902760024497204 -0.21618957125703087 0.4008375091503372
v 0.9150131962377037 -0.1628707120800651 0.36908533140372046
v 0.9357502216519326 -0.1085804747200434 0.33553211945792766
v 0.9522088036049092 -0.05404739281425774 0.3006281318627529
v 0.8912488092339625 -0.15864069370507317 0.4248631430705857
v 0.9134005527697915 -0.10598711422607031 0.39302183376737376
v 0.9316457112316135 -0.05288023123502439 0.35949958259818793
v 0.8889445432699963 -0.1031493429279157 0.44624859892669355
v 0.9086443148106188 -0.051574671463957826 0.4143736990033583
v 0.883848196654958 -0.050167243247421674 0.4650759217318532
v 0.050167243247421625 -0.4650759217318532 0.883848196654958
v 0.10314934292791574 -0.44624859892669355 0.8889445432699963
v 0.15864069370507317 -0.4248631430705857 0.8912488092339625
v 0.2161895712570308 -0.4008375091503371 0.8902760024497203
v 0.2751944722888185 -0.3741749822592779 0.8855851653415089
v 0.33491641661739885 -0.344982881433121 0.8768225620946704
v 0.3945100246260297 -0.3134836338704285 0.8637649285337767
v 0.453072694345942 -0.2800143244802844 0.8463551924127118
v 0.5097067811391848 -0.24501253392024885 0.8247228961795047
v 0.5635857494657568 -0.2089890892469523 0.7991837483175259
v 0.6140134304652314 -0.17249144071656042 0.7702169889633984
v 0.6604667334931643 -0.1360636299124647 0.7384242564839762
v 0.7026161065853502 -0.10020937728758429 0.7044775989841539
v 0.7403232372903414 -0.06536356047239777 0.6690658482468821
v 0.7736200719593679 -0.03187489992333522 0.6328475132419024
v 0.802675891958746 -1.549013989516412e-17 0.5964154696754866
v 0.05157467146395787 -0.4143736990033583 0.9086443148106189
v 0.10598711422607034 -0.39302183376737376 0.9134005527697916
v 0.16287071208006507 -0.36908533140372046 0.9150131962377037
v 0.22170010920388356 -0.34254550699390857 0.9129685850111559
v 0.2817928747328784 -0.3134836338704285 0.906819048677944
v 0.3423302226220598 -0.2820956172756682 0.8962321582008708
v 0.4023986097287024 -0.24869601783804215 0.8810366902688602
v 0.46104950756299135 -0.21370819962774776 0.8612561506240695
v 0.5173696410797602 -0.17764001274145866 0.8371216640143859
v 0.5705503710367664 -0.14104780863783406 0.8090598184239983
v 0.6199443244123325 -0.10449454462347611 0.7776566882454423
v 0.6651003276116507 -0.06850910139878172 0.7436047721985156
v 0.7057730856802821 -0.03355321194579275 0.7076429420954145
v 0.7419097995824923 3.272564167717044e-17 0.6704997011807433
v 0.7736200719593679 0.0318748999233353 0.6328475132419024
v 0.05288023123502439 -0.35949958259818793 0.9316457112316135
v 0.10858047472004337 -0.33553211945792766 0.9357502216519326
v 0.16666666666666666 -0.30901699437494745 0.9363389981249826
v 0.226536347172971 -0.2800143244802845 0.9328843773455407
v 0.2874275783776446 -0.24869601783804227 0.9249517165233346
v 0.34844965492325547 -0.21535373011074402 0.9122530399572549
v 0.408635761418269 -0.18039342112513085 0.8946927003753202
v 0.467012298763736 -0.1443147369001047 0.8723948472548795
v 0.5226744823848832 -0.10767686505537204 0.8457050775509992
v 0.5748551567552891 -0.0710560050965835 0.8151641508871488
v 0.6229749547256703 -0.03500179056003555 0.7814583037130903
v 0.6666666666666666 -5.1461667323329365e-17 0.7453559924999299
v 0.705773085680282 0.03355321194579273 0.7076429420954145
v 0.7403232372903414 0.06536356047239777 0.6690658482468821
v 0.05404739281425771 -0.3006281318627529 0.9522088036049092
v 0.11085005460194176 -0.2740364055951269 0.955309538214316
v 0.16990226037972825 -0.24501253392024894 0.9545166735787479
v 0.23052475378149564 -0.21370819962774776 0.9493087713203999
v 0.2918826867273351 -0.18039342112513088 0.9392884066162019
v 0.35302722851049506 -0.14545521744910794 0.924237283194652
v 0.4129586801364317 -0.10938107154583324 0.9041575690594321
v 0.4707029713473268 -0.07272760872455399 0.8792891490823743
v 0.5253888361092031 -0.03607868422502619 0.8500969941344387
v 0.5763118844537392 0.0 0.8172298402759043
v 0.6229749547256703 0.03500179056003557 0.7814583037130903
v 0.6651003276116507 0.06850910139878168 0.7436047721985157
v 0.7026161065853503 0.10020937728758428 0.7044775989841539
v 0.0550388944577637 -0.23811135234681322 0.9696771132600991
v 0.11271714989315135 -0.20898908924695234 0.9714002288941949
v 0.17245654702658675 -0.1776400127414587 0.9688667427778089
v 0.233506149381868 -0.14431473690010468 0.9615862597366428
v 0.2949704858117369 -0.10938107154583318 0.949225049020238
v 0.355861911929098 -0.07331158562456808 0.9316585807319002
v 0.4151722305839477 -0.03665579281228402 0.9090040548893346
v 0.4719527772987791 0.0 0.8816238290790291
v 0.5253888361092031 0.03607868422502619 0.8500969941344387
v 0.5748551567552891 0.07105600509658351 0.8151641508871488
v 0.6199443244123325 0.10449454462347621 0.7776566882454423
v 0.6604667334931643 0.1360636299124647 0.7384242564839764
v 0.05581940276956648 -0.17249144071656053 0.9834281352259422
v 0.11411007420735328 -0.14104780863783412 0.9834044979777433
v 0.17422482746162773 -0.10767686505537209 0.9788010023635108
v 0.23535148567366335 -0.07272760872455401 0.9691854173069298
v 0.2965515932742483 -0.03665579281228409 0.9543131065744658
v 0.35682208977308993 -7.345063871007168e-17 0.9341723589627158
v 0.41517223058394764 0.036655792812283976 0.9090040548893346
v 0.4707029713473267 0.07272760872455387 0.8792891490823743
v 0.5226744823848832 0.10767686505537194 0.8457050775509992
v 0.5705503710367664 0.14104780863783403 0.8090598184239983
v 0.6140134304652314 0.17249144071656045 0.7702169889633984
v 0.056358574946575674 -0.10449454462347617 0.9929272889662785
v 0.11497103135105782 -0.07105600509658347 0.9908242559050462
v 0.175129612036401 -0.03607868422502622 0.9838841128570837
v 0.23597638864938952 -3.643121522650668e-17 0.9717587890006409
v 0.2965515932742483 0.03665579281228401 0.9543131065744658
v 0.35586191192909794 0.07331158562456802 0.9316585807319002
v 0.41295868013643167 0.10938107154583318 0.9041575690594321
v 0.467012298763736 0.14431473690010463 0.8723948472548795
v 0.5173696410797602 0.17764001274145866 0.837121664014386
v 0.5635857494657567 0.2089890892469523 0.7991837483175259
v 0.05663408679324275 -0.03500179056003557 0.9977812660451623
v 0.11526237689074784 -3.558956456668723e-17 0.9933350816685653
v 0.175129612036401 0.036078684225026116 0.9838841128570837
v 0.23535148567366335 0.0727276087245539 0.9691854173069298
v 0.29497048581173696 0.1093810715458332 0.949225049020238
v 0.3530272285104951 0.1454552174491079 0.9242372831946521
v 0.408635761418269 0.18039342112513082 0.8946927003753202
v 0.46104950756299135 0.2137081996277477 0.8612561506240695
v 0.5097067811391848 0.24501253392024885 0.8247228961795047
v 0.05663408679324275 0.03500179056003557 0.9977812660451623
v 0.11497103135105782 0.07105600509658347 0.9908242559050462
v 0.17422482746162773 0.10767686505537198 0.9788010023635108
v 0.233506149381868 0.14431473690010468 0.9615862597366428
v 0.2918826867273351 0.18039342112513088 0.9392884066162019
v 0.34844965492325547 0.215353730110744 0.912253039957255
v 0.4023986097287024 0.24869601783804218 0.8810366902688602
v 0.453072694345942 0.2800143244802844 0.8463551924127118
v 0.056358574946575674 0.10449454462347621 0.9929272889662785
v 0.11411007420735328 0.14104780863783412 0.9834044979777433
v 0.17245654702658675 0.1776400127414587 0.9688667427778089
v 0.23052475378149564 0.21370819962774776 0.9493087713203999
v 0.2874275783776446 0.24869601783804227 0.9249517165233346
v 0.3423302226220598 0.2820956172756682 0.8962321582008708
v 0.3945100246260297 0.3134836338704285 0.8637649285337767
v 0.05581940276956648 0.17249144071656056 0.9834281352259422
v 0.11271714989315135 0.20898908924695236 0.9714002288941949
v 0.16990226037972825 0.24501253392024894 0.9545166735787479
v 0.226536347172971 0.2800143244802845 0.9328843773455407
v 0.2817928747328784 0.3134836338704286 0.906819048677944
v 0.3349164166173989 0.34498288143312106 0.8768225620946704
v 0.0550388944577637 0.23811135234681322 0.9696771132600991
v 0.11085005460194179 0.2740364055951268 0.9553095382143161
v 0.16666666666666666 0.30901699437494734 0.9363389981249826
v 0.22170010920388356 0.3425455069939085 0.9129685850111559
v 0.2751944722888185 0.3741749822592779 0.8855851653415089
v 0.05404739281425771 0.3006281318627529 0.9522088036049092
v 0.10858047472004338 0.33553211945792766 0.9357502216519326
v 0.16287071208006507 0.36908533140372035 0.9150131962377037
v 0.2161895712570308 0.4008375091503371 0.8902760024497203
v 0.05288023123502439 0.35949958259818793 0.9316457112316135
v 0.10598711422607031 0.39302183376737376 0.9134005527697915
v 0.15864069370507317 0.4248631430705857 0.8912488092339625
v 0.05157467146395786 0.41437369900335835 0.9086443148106189
v 0.10314934292791572 0.44624859892669366 0.8889445432699963
v 0.050167243247421625 0.4650759217318532 0.883848196654958
v -0.546248226428065 -0.8336809534075362 0.08117230469621184
v -0.5296981703139867 -0.8373698718060384 0.13502424285125098
v -0.510425154541809 -0.8383685779989382 0.19132247394127208
v -0.488288027727123 -0.8362286096354627 0.24959269701955897
v -0.4632297841951578 -0.8305462708837452 0.30921037976693466
v -0.43530057234599956 -0.8210031593251039 0.369414704760711
v -0.40467372369149623 -0.807406353587201 0.4293415395005218
v -0.37165020183356273 -0.7897211056194692 0.48807448490597755
v -0.3366484112735272 -0.768088809386262 0.5447085716992203
v -0.30017917906802005 -0.7428251733709502 0.5984172643402489
v -0.26280913162943903 -0.714397586193832 0.6485117186085434
v -0.2251184318483446 -0.6833853620262125 0.6944826409712805
v -0.18765989586437007 -0.6504302061698961 0.7360192323478782
v -0.15092557194362108 -0.6161856170118577 0.7730050175265404
v -0.11532447131062834 -0.5812728417779445 0.8054949718827032
v -0.08117230469621185 -0.546248226428065 0.8336809534075362
v -0.5812728417779446 -0.8054949718827031 0.11532447131062838
v -0.5645125869546731 -0.8074134385437213 0.1714907531872993
v -0.5447722300153494 -0.8064327215176603 0.2299771359716506
v -0.5219046629946321 -0.8021185304092142 0.2902092106026653
v -0.495863813512564 -0.7941018987847926 0.35145590448186254
v -0.4667295958019385 -0.7821220839935175 0.4128541269409769
v -0.4347230542856834 -0.7660656589178024 0.4734546148252859
v -0.40020664306107817 -0.7459937737333217 0.532285574105574
v -0.3636670491891 -0.722150632663328 0.5884256461763437
v -0.3256817871641044 -0.694949744216645 0.6410742753556835
v -0.28687472426561156 -0.6649395383522909 0.6896073541613166
v -0.24786825739950522 -0.6327547175965738 0.7336094290104325
v -0.20924011055742164 -0.5990624673753709 0.7728795095718676
v -0.17149075318729926 -0.564512586954673 0.8074134385437213
v -0.13502424285125092 -0.5296981703139867 0.8373698718060385
v -0.6161856170118577 -0.7730050175265404 0.15092557194362108
v -0.599062467375371 -0.7728795095718677 0.20924011055742164
v -0.5786893258332632 -0.7696723314583159 0.26967233145831576
v -0.5549219565401193 -0.7629821169658125 0.33154171885307765
v -0.5277365725095041 -0.7524951694967478 0.3940115860225198
v -0.49725542262774375 -0.7380282124956271 0.45612651997862746
v -0.4637590858366104 -0.7195630883389192 0.5168718140933476
v -0.4276804016115842 -0.6972652352184785 0.5752483514388145
v -0.38957855757237175 -0.6714802500893715 0.6303513474402552
v -0.35009655976804543 -0.642707603860562 0.6814391644001644
v -0.3099094226198705 -0.6115560433333621 0.7279803264057769
v -0.2696723314583159 -0.5786893258332633 0.7696723314583158
v -0.22997713597165062 -0.5447722300153494 0.8064327215176603
v -0.19132247394127208 -0.510425154541809 0.8383685779989382
v -0.6504302061698961 -0.7360192323478785 0.18765989586437012
v -0.6327547175965738 -0.7336094290104325 0.24786825739950516
v -0.6115560433333621 -0.7279803264057769 0.3099094226198705
v -0.5867050864944087 -0.7187840175389044 0.3729968868666608
v -0.5582143074071036 -0.705782257234334 0.43619742362743974
v -0.5262619205718793 -0.6888857975209887 0.49848244595960306
v -0.49119888892300034 -0.6681811804100425 0.5588001088642093
v -0.45353431184732523 -0.6439376634087108 0.6161581887964346
v -0.4138995705069989 -0.6165908447525705 0.6697035730093078
v -0.3729968868666608 -0.5867050864944087 0.7187840175389044
v -0.33154171885307765 -0.5549219565401193 0.7629821169658125
v -0.2902092106026653 -0.5219046629946321 0.8021185304092141
v -0.24959269701955894 -0.48828802772712293 0.8362286096354626
v -0.6833853620262127 -0.6944826409712805 0.2251184318483446
v -0.6649395383522909 -0.6896073541613165 0.2868747242656116
v -0.642707603860562 -0.6814391644001644 0.35009655976804543
v -0.6165908447525705 -0.6697035730093078 0.4138995705069989
v -0.5866533432672921 -0.6542545632085012 0.477272271721459
v -0.5531421429602366 -0.6351069874576518 0.5391408759905182
v -0.5164863501479526 -0.6124524616150863 0.5984511946453679
v -0.477272271721459 -0.5866533432672921 0.6542545632085012
v -0.43619742362743974 -0.5582143074071036 0.705782257234334
v -0.39401158602251984 -0.5277365725095042 0.7524951694967479
v -0.3514559044818624 -0.49586381351256387 0.7941018987847928
v -0.30921037976693466 -0.4632297841951578 0.8305462708837452
v -0.714397586193832 -0.6485117186085434 0.26280913162943903
v -0.694949744216645 -0.6410742753556835 0.32568178716410434
v -0.6714802500893715 -0.6303513474402553 0.3895785575723717
v -0.6439376634087108 -0.6161581887964347 0.4535343118473251
v -0.6124524616150863 -0.5984511946453679 0.5164863501479524
v -0.5773502691896257 -0.5773502691896258 0.5773502691896257
v -0.5391408759905182 -0.5531421429602367 0.6351069874576518
v -0.498482445959603 -0.5262619205718793 0.6888857975209886
v -0.4561265199786275 -0.4972554226277438 0.7380282124956271
v -0.4128541269409769 -0.46672959580193857 0.7821220839935175
v -0.369414704760711 -0.43530057234599956 0.8210031593251039
v -0.7428251733709502 -0.5984172643402488 0.30017917906802005
v -0.722150632663328 -0.5884256461763437 0.3636670491891
v -0.6972652352184785 -0.5752483514388146 0.42768040161158416
v -0.6681811804100426 -0.5588001088642093 0.4911988889230003
v -0.6351069874576518 -0.5391408759905182 0.5531421429602364
v -0.5984511946453679 -0.5164863501479526 0.6124524616150862
v -0.5588001088642094 -0.49119888892300045 0.6681811804100425
v -0.5168718140933476 -0.4637590858366104 0.7195630883389192
v -0.4734546148252859 -0.43472305428568353 0.7660656589178024
v -0.4293415395005218 -0.40467372369149623 0.807406353587201
v -0.768088809386262 -0.5447085716992203 0.3366484112735272
v -0.7459937737333217 -0.532285574105574 0.40020664306107817
v -0.7195630883389192 -0.5168718140933477 0.4637590858366104
v -0.6888857975209886 -0.49848244595960306 0.5262619205718791
v -0.6542545632085012 -0.477272271721459 0.5866533432672921
v -0.6161581887964347 -0.4535343118473253 0.643937663408711
v -0.5752483514388145 -0.4276804016115842 0.6972652352184784
v -0.532285574105574 -0.4002066430610782 0.7459937737333217
v -0.48807448490597755 -0.37165020183356273 0.7897211056194692
v -0.7897211056194692 -0.48807448490597755 0.37165020183356273
v -0.7660656589178024 -0.4734546148252859 0.4347230542856835
v -0.7380282124956273 -0.4561265199786275 0.49725542262774375
v -0.705782257234334 -0.43619742362743974 0.5582143074071036
v -0.6697035730093078 -0.4138995705069989 0.6165908447525705
v -0.6303513474402552 -0.38957855757237175 0.6714802500893715
v -0.5884256461763437 -0.3636670491891 0.722150632663328
v -0.5447085716992203 -0.3366484112735272 0.768088809386262
v -0.8074063535872011 -0.42934153950052173 0.4046737236914963
v -0.7821220839935175 -0.4128541269409769 0.4667295958019385
v -0.7524951694967479 -0.3940115860225198 0.5277365725095041
v -0.7187840175389043 -0.37299688686666077 0.5867050864944086
v -0.6814391644001644 -0.3500965597680454 0.642707603860562
v -0.6410742753556835 -0.32568178716410434 0.694949744216645
v -0.5984172643402488 -0.30017917906802 0.7428251733709502
v -0.8210031593251039 -0.369414704760711 0.4353005723459996
v -0.7941018987847928 -0.3514559044818624 0.495863813512564
v -0.7629821169658125 -0.33154171885307765 0.5549219565401193
v -0.7279803264057769 -0.3099094226198704 0.6115560433333621
v -0.6896073541613165 -0.28687472426561156 0.6649395383522909
v -0.6485117186085435 -0.26280913162943903 0.7143975861938321
v -0.8305462708837452 -0.30921037976693466 0.4632297841951578
v -0.8021185304092141 -0.2902092106026653 0.5219046629946321
v -0.7696723314583158 -0.2696723314583159 0.5786893258332632
v -0.7336094290104325 -0.2478682573995053 0.6327547175965738
v -0.6944826409712805 -0.22511843184834462 0.6833853620262125
v -0.8362286096354627 -0.24959269701955897 0.488288027727123
v -0.8064327215176603 -0.22997713597165062 0.5447722300153494
v -0.7728795095718676 -0.20924011055742167 0.599062467375371
v -0.7360192323478784 -0.18765989586437012 0.6504302061698962
v -0.8383685779989382 -0.19132247394127208 0.510425154541809
v -0.8074134385437212 -0.17149075318729926 0.564512586954673
v -0.7730050175265404 -0.15092557194362108 0.6161856170118577
v -0.8373698718060385 -0.13502424285125095 0.5296981703139867
v -0.8054949718827031 -0.11532447131062833 0.5812728417779446
v -0.8336809534075362 -0.0811723046962119 0.546248226428065
v -0.08117230469621184 -0.546248226428065 -0.8336809534075362
v -0.11532447131062838 -0.5812728417779446 -0.8054949718827031
v -0.15092557194362108 -0.6161856170118577 -0.7730050175265404
v -0.18765989586437007 -0.6504302061698961 -0.7360192323478782
v -0.2251184318483446 -0.6833853620262125 -0.6944826409712805
v -0.26280913162943903 -0.714397586193832 -0.6485117186085434
v -0.30017917906802005 -0.7428251733709502 -0.5984172643402488
v -0.3366484112735272 -0.768088809386262 -0.5447085716992203
v -0.37165020183356273 -0.7897211056194692 -0.48807448490597755
v -0.4046737236914963 -0.8074063535872011 -0.42934153950052173
v -0.43530057234599956 -0.8210031593251039 -0.3694147047607109
v -0.4632297841951578 -0.8305462708837452 -0.30921037976693466
v -0.488288027727123 -0.8362286096354627 -0.24959269701955897
v -0.510425154541809 -0.8383685779989382 -0.19132247394127205
v -0.5296981703139867 -0.8373698718060385 -0.13502424285125092
v -0.546248226428065 -0.8336809534075362 -0.08117230469621185
v -0.13502424285125098 -0.5296981703139867 -0.8373698718060384
v -0.1714907531872993 -0.5645125869546731 -0.8074134385437213
v -0.20924011055742164 -0.599062467375371 -0.7728795095718676
v -0.24786825739950522 -0.6327547175965738 -0.7336094290104325
v -0.28687472426561167 -0.664939538352291 -0.6896073541613165
v -0.32568178716410434 -0.694949744216645 -0.6410742753556835
v -0.36366704918910003 -0.7221506326633281 -0.5884256461763436
v -0.40020664306107817 -0.7459937737333217 -0.532285574105574
v -0.43472305428568353 -0.7660656589178024 -0.47345461482528584
v -0.46672959580193857 -0.7821220839935176 -0.41285412694097684
v -0.49586381351256403 -0.7941018987847926 -0.3514559044818624
v -0.5219046629946321 -0.8021185304092142 -0.2902092106026653
v -0.5447722300153494 -0.8064327215176603 -0.2299771359716506
v -0.564512586954673 -0.8074134385437212 -0.1714907531872992
v -0.5812728417779446 -0.8054949718827031 -0.1153244713106283
v -0.19132247394127205 -0.510425154541809 -0.8383685779989382
v -0.22997713597165056 -0.5447722300153494 -0.8064327215176603
v -0.26967233145831576 -0.5786893258332632 -0.7696723314583159
v -0.3099094226198705 -0.6115560433333621 -0.7279803264057769
v -0.35009655976804543 -0.642707603860562 -0.6814391644001644
v -0.3895785575723717 -0.6714802500893715 -0.6303513474402552
v -0.4276804016115842 -0.6972652352184785 -0.5752483514388146
v -0.4637590858366104 -0.7195630883389192 -0.5168718140933477
v -0.49725542262774375 -0.7380282124956273 -0.4561265199786275
v -0.5277365725095041 -0.7524951694967478 -0.3940115860225198
v -0.5549219565401193 -0.7629821169658125 -0.33154171885307765
v -0.5786893258332632 -0.7696723314583158 -0.2696723314583159
v -0.599062467375371 -0.7728795095718676 -0.20924011055742173
v -0.6161856170118577 -0.7730050175265404 -0.1509255719436211
v -0.24959269701955894 -0.488288027727123 -0.8362286096354627
v -0.29020921060266525 -0.5219046629946321 -0.8021185304092141
v -0.33154171885307765 -0.5549219565401193 -0.7629821169658125
v -0.3729968868666608 -0.5867050864944087 -0.7187840175389044
v -0.4138995705069989 -0.6165908447525705 -0.6697035730093078
v -0.45353431184732523 -0.643937663408711 -0.6161581887964347
v -0.49119888892300034 -0.6681811804100425 -0.5588001088642093
v -0.5262619205718791 -0.6888857975209887 -0.498482445959603
v -0.5582143074071036 -0.705782257234334 -0.43619742362743974
v -0.5867050864944087 -0.7187840175389044 -0.3729968868666608
v -0.6115560433333621 -0.7279803264057769 -0.3099094226198704
v -0.6327547175965738 -0.7336094290104325 -0.2478682573995053
v -0.6504302061698961 -0.7360192323478785 -0.18765989586437015
v -0.30921037976693466 -0.4632297841951578 -0.8305462708837452
v -0.3514559044818625 -0.495863813512564 -0.7941018987847928
v -0.39401158602251984 -0.5277365725095042 -0.7524951694967479
v -0.43619742362743974 -0.5582143074071036 -0.705782257234334
v -0.477272271721459 -0.5866533432672921 -0.6542545632085012
v -0.5164863501479526 -0.6124524616150863 -0.5984511946453679
v -0.5531421429602366 -0.6351069874576518 -0.5391408759905182
v -0.5866533432672921 -0.6542545632085012 -0.477272271721459
v -0.6165908447525705 -0.6697035730093078 -0.4138995705069989
v -0.642707603860562 -0.6814391644001644 -0.35009655976804543
v -0.6649395383522909 -0.6896073541613165 -0.28687472426561156
v -0.6833853620262127 -0.6944826409712805 -0.22511843184834462
v -0.3694147047607109 -0.43530057234599956 -0.8210031593251039
v -0.41285412694097684 -0.4667295958019385 -0.7821220839935175
v -0.45612651997862746 -0.4972554226277438 -0.7380282124956273
v -0.4984824459596029 -0.5262619205718791 -0.6888857975209887
v -0.5391408759905182 -0.5531421429602366 -0.6351069874576519
v -0.5773502691896257 -0.5773502691896258 -0.5773502691896258
v -0.6124524616150862 -0.5984511946453679 -0.5164863501479526
v -0.6439376634087108 -0.6161581887964347 -0.4535343118473253
v -0.6714802500893715 -0.6303513474402552 -0.3895785575723718
v -0.694949744216645 -0.6410742753556835 -0.3256817871641044
v -0.7143975861938319 -0.6485117186085434 -0.26280913162943903
v -0.4293415395005218 -0.40467372369149623 -0.807406353587201
v -0.4734546148252859 -0.4347230542856835 -0.7660656589178024
v -0.5168718140933475 -0.4637590858366104 -0.7195630883389194
v -0.5588001088642093 -0.49119888892300034 -0.6681811804100426
v -0.5984511946453678 -0.5164863501479525 -0.6124524616150863
v -0.6351069874576518 -0.5391408759905182 -0.5531421429602367
v -0.6681811804100425 -0.5588001088642094 -0.49119888892300045
v -0.6972652352184784 -0.5752483514388146 -0.4276804016115843
v -0.722150632663328 -0.5884256461763437 -0.36366704918910003
v -0.7428251733709502 -0.5984172643402488 -0.30017917906802005
v -0.4880744849059775 -0.37165020183356273 -0.7897211056194692
v -0.5322855741055739 -0.40020664306107817 -0.7459937737333217
v -0.5752483514388145 -0.4276804016115842 -0.6972652352184785
v -0.6161581887964346 -0.45353431184732523 -0.6439376634087108
v -0.6542545632085012 -0.477272271721459 -0.5866533432672921
v -0.6888857975209886 -0.49848244595960306 -0.5262619205718791
v -0.7195630883389192 -0.5168718140933477 -0.4637590858366104
v -0.7459937737333217 -0.532285574105574 -0.4002066430610782
v -0.768088809386262 -0.5447085716992203 -0.3366484112735272
v -0.5447085716992203 -0.3366484112735272 -0.768088809386262
v -0.5884256461763437 -0.3636670491891 -0.722150632663328
v -0.6303513474402552 -0.38957855757237175 -0.6714802500893715
v -0.6697035730093078 -0.4138995705069989 -0.6165908447525705
v -0.705782257234334 -0.43619742362743974 -0.5582143074071036
v -0.7380282124956271 -0.4561265199786275 -0.49725542262774375
v -0.7660656589178024 -0.4734546148252859 -0.4347230542856835
v -0.7897211056194692 -0.48807448490597755 -0.37165020183356273
v -0.5984172643402489 -0.30017917906802005 -0.7428251733709502
v -0.6410742753556835 -0.32568178716410434 -0.694949744216645
v -0.6814391644001644 -0.35009655976804543 -0.642707603860562
v -0.7187840175389043 -0.37299688686666077 -0.5867050864944086
v -0.7524951694967479 -0.3940115860225198 -0.5277365725095041
v -0.7821220839935175 -0.4128541269409769 -0.4667295958019385
v -0.807406353587201 -0.4293415395005218 -0.40467372369149623
v -0.6485117186085435 -0.26280913162943903 -0.7143975861938321
v -0.6896073541613165 -0.28687472426561156 -0.6649395383522909
v -0.7279803264057769 -0.3099094226198705 -0.6115560433333621
v -0.7629821169658125 -0.33154171885307765 -0.5549219565401193
v -0.7941018987847928 -0.3514559044818624 -0.49586381351256387
v -0.8210031593251039 -0.369414704760711 -0.43530057234599956
v -0.6944826409712805 -0.2251184318483446 -0.6833853620262125
v -0.7336094290104324 -0.24786825739950524 -0.632754717596574
v -0.7696723314583157 -0.2696723314583159 -0.5786893258332633
v -0.8021185304092141 -0.2902092106026653 -0.5219046629946321
v -0.8305462708837452 -0.30921037976693466 -0.4632297841951578
v -0.7360192323478784 -0.1876598958643701 -0.6504302061698962
v -0.7728795095718676 -0.20924011055742167 -0.599062467375371
v -0.8064327215176603 -0.22997713597165062 -0.5447722300153494
v -0.8362286096354626 -0.249592697019559 -0.48828802772712304
v -0.7730050175265404 -0.15092557194362108 -0.6161856170118577
v -0.8074134385437212 -0.17149075318729926 -0.564512586954673
v -0.8383685779989382 -0.19132247394127208 -0.510425154541809
v -0.8054949718827032 -0.11532447131062835 -0.5812728417779445
v -0.8373698718060385 -0.13502424285125098 -0.5296981703139867
v -0.8336809534075362 -0.08117230469621187 -0.5462482264280651
v 0.802675891958746 0.0 -0.5964154696754866
v 0.7736200719593679 -0.03187489992333526 -0.6328475132419025
v 0.7403232372903414 -0.0653635604723978 -0.6690658482468821
v 0.7026161065853503 -0.1002093772875843 -0.7044775989841539
v 0.6604667334931643 -0.1360636299124647 -0.7384242564839764
v 0.6140134304652314 -0.1724914407165605 -0.7702169889633984
v 0.5635857494657567 -0.20898908924695234 -0.7991837483175259
v 0.5097067811391848 -0.24501253392024885 -0.8247228961795047
v 0.453072694345942 -0.2800143244802844 -0.8463551924127118
v 0.3945100246260297 -0.3134836338704285 -0.8637649285337768
v 0.33491641661739885 -0.34498288143312106 -0.8768225620946704
v 0.2751944722888185 -0.3741749822592779 -0.8855851653415089
v 0.21618957125703087 -0.4008375091503372 -0.8902760024497204
v 0.15864069370507314 -0.4248631430705857 -0.8912488092339625
v 0.10314934292791567 -0.44624859892669355 -0.8889445432699963
v 0.05016724324742165 -0.4650759217318532 -0.883848196654958
v 0.7736200719593679 0.03187489992333526 -0.6328475132419025
v 0.7419097995824923 0.0 -0.6704997011807434
v 0.7057730856802821 -0.03355321194579277 -0.7076429420954145
v 0.6651003276116507 -0.06850910139878172 -0.7436047721985156
v 0.6199443244123324 -0.10449454462347618 -0.7776566882454424
v 0.5705503710367664 -0.14104780863783406 -0.8090598184239983
v 0.5173696410797601 -0.1776400127414587 -0.8371216640143859
v 0.46104950756299135 -0.21370819962774776 -0.8612561506240695
v 0.4023986097287024 -0.2486960178380422 -0.8810366902688603
v 0.34233022262205975 -0.2820956172756682 -0.8962321582008708
v 0.2817928747328783 -0.3134836338704285 -0.906819048677944
v 0.22170010920388358 -0.3425455069939086 -0.9129685850111559
v 0.16287071208006507 -0.36908533140372046 -0.9150131962377037
v 0.10598711422607025 -0.39302183376737376 -0.9134005527697915
v 0.051574671463957784 -0.41437369900335835 -0.9086443148106189
v 0.7403232372903414 0.0653635604723978 -0.6690658482468821
v 0.7057730856802821 0.03355321194579276 -0.7076429420954145
v 0.6666666666666667 0.0 -0.7453559924999298
v 0.6229749547256703 -0.03500179056003555 -0.7814583037130903
v 0.5748551567552891 -0.0710560050965835 -0.8151641508871488
v 0.5226744823848832 -0.107676865055372 -0.8457050775509992
v 0.467012298763736 -0.14431473690010468 -0.8723948472548794
v 0.40863576141826913 -0.18039342112513085 -0.8946927003753202
v 0.34844965492325547 -0.215353730110744 -0.9122530399572549
v 0.28742757837764454 -0.2486960178380422 -0.9249517165233346
v 0.226536347172971 -0.2800143244802845 -0.9328843773455407
v 0.16666666666666674 -0.3090169943749474 -0.9363389981249826
v 0.10858047472004342 -0.33553211945792766 -0.9357502216519326
v 0.052880231235024416 -0.35949958259818793 -0.9316457112316135
v 0.7026161065853503 0.1002093772875843 -0.7044775989841539
v 0.6651003276116507 0.06850910139878169 -0.7436047721985155
v 0.6229749547256703 0.03500179056003555 -0.7814583037130903
v 0.5763118844537392 0.0 -0.8172298402759043
v 0.5253888361092031 -0.03607868422502619 -0.8500969941344387
v 0.4707029713473268 -0.07272760872455396 -0.8792891490823743
v 0.4129586801364317 -0.10938107154583324 -0.9041575690594321
v 0.35302722851049523 -0.14545521744910792 -0.9242372831946521
v 0.2918826867273351 -0.18039342112513088 -0.9392884066162019
v 0.23052475378149564 -0.21370819962774776 -0.9493087713203999
v 0.1699022603797282 -0.24501253392024894 -0.9545166735787479
v 0.11085005460194185 -0.2740364055951269 -0.9553095382143161
v 0.05404739281425774 -0.3006281318627529 -0.9522088036049092
v 0.6604667334931643 0.1360636299124647 -0.7384242564839764
v 0.6199443244123325 0.10449454462347617 -0.7776566882454423
v 0.5748551567552891 0.0710560050965835 -0.8151641508871488
v 0.5253888361092031 0.03607868422502619 -0.8500969941344387
v 0.4719527772987791 0.0 -0.8816238290790291
v 0.4151722305839477 -0.03665579281228402 -0.9090040548893346
v 0.35586191192909794 -0.07331158562456806 -0.9316585807319002
v 0.2949704858117369 -0.10938107154583318 -0.949225049020238
v 0.233506149381868 -0.14431473690010468 -0.9615862597366428
v 0.17245654702658672 -0.1776400127414587 -0.9688667427778089
v 0.11271714989315128 -0.20898908924695234 -0.9714002288941949
v 0.05503889445776372 -0.23811135234681322 -0.9696771132600991
v 0.6140134304652314 0.1724914407165605 -0.7702169889633984
v 0.5705503710367664 0.14104780863783406 -0.8090598184239983
v 0.5226744823848833 0.107676865055372 -0.8457050775509992
v 0.47070297134732686 0.07272760872455396 -0.8792891490823743
v 0.41517223058394775 0.03665579281228402 -0.9090040548893346
v 0.35682208977309 0.0 -0.9341723589627157
v 0.29655159327424835 -0.036655792812284045 -0.9543131065744658
v 0.23535148567366346 -0.07272760872455394 -0.9691854173069298
v 0.17422482746162782 -0.10767686505537201 -0.9788010023635108
v 0.11411007420735333 -0.14104780863783412 -0.9834044979777433
v 0.055819402769566505 -0.17249144071656053 -0.9834281352259422
v 0.5635857494657567 0.20898908924695234 -0.7991837483175259
v 0.5173696410797602 0.1776400127414587 -0.8371216640143859
v 0.46701229876373607 0.14431473690010466 -0.8723948472548794
v 0.4129586801364317 0.10938107154583322 -0.9041575690594321
v 0.355861911929098 0.07331158562456805 -0.9316585807319001
v 0.29655159327424835 0.036655792812284045 -0.9543131065744658
v 0.23597638864938955 0.0 -0.9717587890006409
v 0.1751296120364011 -0.03607868422502615 -0.9838841128570837
v 0.11497103135105788 -0.07105600509658347 -0.9908242559050462
v 0.056358574946575694 -0.10449454462347617 -0.9929272889662785
v 0.5097067811391848 0.24501253392024885 -0.8247228961795047
v 0.46104950756299135 0.21370819962774776 -0.8612561506240695
v 0.40863576141826913 0.18039342112513085 -0.8946927003753202
v 0.35302722851049523 0.14545521744910792 -0.9242372831946521
v 0.29497048581173696 0.1093810715458332 -0.949225049020238
v 0.23535148567366346 0.07272760872455396 -0.9691854173069299
v 0.17512961203640104 0.03607868422502615 -0.9838841128570837
v 0.11526237689074789 0.0 -0.9933350816685653
v 0.05663408679324277 -0.03500179056003557 -0.9977812660451623
v 0.453072694345942 0.2800143244802844 -0.8463551924127118
v 0.4023986097287024 0.24869601783804218 -0.8810366902688602
v 0.34844965492325547 0.215353730110744 -0.9122530399572549
v 0.2918826867273351 0.18039342112513088 -0.9392884066162019
v 0.233506149381868 0.14431473690010468 -0.9615862597366428
v 0.1742248274616278 0.10767686505537202 -0.9788010023635108
v 0.11497103135105782 0.07105600509658347 -0.9908242559050462
v 0.05663408679324277 0.03500179056003557 -0.9977812660451623
v 0.3945100246260297 0.3134836338704285 -0.8637649285337768
v 0.3423302226220598 0.2820956172756682 -0.8962321582008708
v 0.28742757837764454 0.2486960178380422 -0.9249517165233346
v 0.23052475378149564 0.21370819962774776 -0.9493087713203999
v 0.17245654702658672 0.1776400127414587 -0.9688667427778089
v 0.11411007420735328 0.14104780863783412 -0.9834044979777433
v 0.05635857494657564 0.10449454462347617 -0.9929272889662785
v 0.33491641661739885 0.34498288143312106 -0.8768225620946704
v 0.28179287473287834 0.3134836338704285 -0.906819048677944
v 0.22653634717297094 0.2800143244802845 -0.9328843773455407
v 0.1699022603797282 0.24501253392024894 -0.9545166735787479
v 0.11271714989315128 0.20898908924695234 -0.9714002288941949
v 0.05581940276956644 0.17249144071656053 -0.9834281352259422
v 0.2751944722888185 0.3741749822592779 -0.8855851653415089
v 0.2217001092038836 0.3425455069939086 -0.9129685850111559
v 0.1666666666666667 0.30901699437494745 -0.9363389981249826
v 0.11085005460194185 0.2740364055951269 -0.9553095382143161
v 0.05503889445776372 0.23811135234681322 -0.9696771132600991
v 0.21618957125703087 0.4008375091503372 -0.8902760024497204
v 0.1628707120800651 0.36908533140372046 -0.9150131962377037
v 0.1085804747200434 0.33553211945792766 -0.9357502216519326
v 0.05404739281425774 0.3006281318627529 -0.9522088036049092
v 0.15864069370507317 0.4248631430705857 -0.8912488092339625
v 0.10598711422607031 0.39302183376737376 -0.9134005527697915
v 0.05288023123502439 0.35949958259818793 -0.9316457112316135
v 0.1031493429279157 0.44624859892669355 -0.8889445432699963
v 0.05157467146395783 0.41437369900335835 -0.9086443148106189
v 0.050167243247421674 0.4650759217318532 -0.883848196654958
v 0.883848196654958 0.050167243247421625 0.4650759217318532
v 0.9086443148106189 0.05157467146395787 0.4143736990033583
v 0.9316457112316135 0.05288023123502439 0.35949958259818793
v 0.9522088036049092 0.05404739281425771 0.3006281318627529
v 0.9696771132600991 0.0550388944577637 0.23811135234681322
v 0.9834281352259422 0.05581940276956648 0.17249144071656053
v 0.9929272889662785 0.056358574946575674 0.10449454462347617
v 0.9977812660451623 0.05663408679324275 0.03500179056003557
v 0.9977812660451623 0.05663408679324275 -0.03500179056003557
v 0.9929272889662785 0.056358574946575674 -0.10449454462347621
v 0.9834281352259422 0.05581940276956648 -0.17249144071656056
v 0.9696771132600991 0.0550388944577637 -0.23811135234681322
v 0.9522088036049092 0.05404739281425771 -0.3006281318627529
v 0.9316457112316135 0.05288023123502439 -0.35949958259818793
v 0.9086443148106188 0.051574671463957854 -0.4143736990033583
v 0.883848196654958 0.050167243247421625 -0.4650759217318532
v 0.8889445432699962 0.10314934292791572 0.4462485989266935
v 0.9134005527697916 0.10598711422607034 0.39302183376737376
v 0.9357502216519326 0.10858047472004338 0.33553211945792766
v 0.9553095382143161 0.11085005460194179 0.2740364055951269
v 0.9714002288941949 0.11271714989315135 0.20898908924695228
v 0.9834044979777433 0.11411007420735328 0.14104780863783412
v 0.9908242559050462 0.11497103135105782 0.07105600509658344
v 0.9933350816685653 0.11526237689074784 0.0
v 0.9908242559050462 0.11497103135105782 -0.07105600509658351
v 0.9834044979777433 0.11411007420735328 -0.14104780863783414
v 0.9714002288941949 0.11271714989315135 -0.20898908924695242
v 0.9553095382143161 0.11085005460194179 -0.2740364055951269
v 0.9357502216519326 0.10858047472004338 -0.33553211945792766
v 0.9134005527697915 0.10598711422607031 -0.39302183376737376
v 0.8889445432699962 0.10314934292791572 -0.44624859892669366
v 0.8912488092339625 0.15864069370507317 0.4248631430705857
v 0.9150131962377037 0.16287071208006504 0.3690853314037204
v 0.9363389981249826 0.16666666666666666 0.30901699437494745
v 0.9545166735787479 0.16990226037972825 0.24501253392024894
v 0.9688667427778089 0.17245654702658675 0.1776400127414587
v 0.9788010023635108 0.17422482746162773 0.10767686505537201
v 0.9838841128570838 0.17512961203640104 0.03607868422502619
v 0.9838841128570838 0.17512961203640104 -0.036078684225026116
v 0.9788010023635108 0.17422482746162773 -0.10767686505537198
v 0.9688667427778089 0.17245654702658675 -0.1776400127414587
v 0.9545166735787479 0.16990226037972825 -0.24501253392024894
v 0.9363389981249826 0.16666666666666666 -0.30901699437494734
v 0.9150131962377037 0.16287071208006507 -0.36908533140372035
v 0.8912488092339625 0.15864069370507317 -0.4248631430705857
v 0.8902760024497205 0.21618957125703087 0.4008375091503372
v 0.9129685850111561 0.22170010920388358 0.3425455069939086
v 0.9328843773455407 0.226536347172971 0.2800143244802845
v 0.9493087713204001 0.23052475378149567 0.21370819962774779
v 0.9615862597366429 0.23350614938186806 0.14431473690010468
v 0.9691854173069299 0.2353514856736634 0.07272760872455399
v 0.971758789000641 0.23597638864938955 0.0
v 0.9691854173069299 0.2353514856736634 -0.07272760872455392
v 0.9615862597366429 0.23350614938186806 -0.14431473690010468
v 0.9493087713204001 0.23052475378149567 -0.21370819962774779
v 0.9328843773455407 0.226536347172971 -0.2800143244802845
v 0.9129685850111561 0.22170010920388358 -0.34254550699390857
v 0.8902760024497205 0.21618957125703087 -0.4008375091503372
v 0.8855851653415089 0.2751944722888185 0.3741749822592779
v 0.9068190486779439 0.28179287473287834 0.3134836338704285
v 0.9249517165233345 0.28742757837764454 0.2486960178380422
v 0.9392884066162018 0.29188268672733503 0.18039342112513085
v 0.949225049020238 0.29497048581173696 0.1093810715458332
v 0.9543131065744658 0.29655159327424835 0.03665579281228405
v 0.9543131065744658 0.29655159327424835 -0.03665579281228405
v 0.949225049020238 0.29497048581173696 -0.1093810715458332
v 0.9392884066162018 0.29188268672733503 -0.18039342112513085
v 0.9249517165233345 0.28742757837764454 -0.2486960178380422
v 0.9068190486779439 0.28179287473287834 -0.31348363387042855
v 0.8855851653415089 0.2751944722888185 -0.3741749822592779
v 0.8768225620946704 0.3349164166173989 0.34498288143312106
v 0.8962321582008708 0.3423302226220598 0.2820956172756682
v 0.9122530399572549 0.3484496549232554 0.21535373011074407
v 0.924237283194652 0.35302722851049506 0.14545521744910797
v 0.9316585807319002 0.355861911929098 0.0733115856245681
v 0.9341723589627157 0.35682208977308993 7.345063871007168e-17
v 0.9316585807319002 0.355861911929098 -0.07331158562456803
v 0.924237283194652 0.35302722851049506 -0.1454552174491078
v 0.9122530399572549 0.34844965492325547 -0.21535373011074396
v 0.8962321582008708 0.3423302226220598 -0.2820956172756681
v 0.8768225620946704 0.33491641661739885 -0.344982881433121
v 0.8637649285337768 0.39451002462602974 0.3134836338704285
v 0.8810366902688603 0.40239860972870245 0.2486960178380422
v 0.8946927003753203 0.408635761418269 0.18039342112513093
v 0.9041575690594321 0.41295868013643167 0.10938107154583325
v 0.9090040548893346 0.41517223058394764 0.036655792812284045
v 0.9090040548893346 0.41517223058394764 -0.036655792812283976
v 0.9041575690594321 0.4129586801364317 -0.1093810715458332
v 0.8946927003753203 0.408635761418269 -0.1803934211251308
v 0.8810366902688603 0.4023986097287024 -0.24869601783804215
v 0.8637649285337768 0.39451002462602974 -0.3134836338704285
v 0.8463551924127118 0.453072694345942 0.2800143244802844
v 0.8612561506240695 0.46104950756299135 0.21370819962774779
v 0.8723948472548795 0.467012298763736 0.1443147369001047
v 0.8792891490823743 0.4707029713473267 0.07272760872455399
v 0.8816238290790291 0.4719527772987791 0.0
v 0.8792891490823743 0.4707029713473268 -0.07272760872455392
v 0.8723948472548794 0.467012298763736 -0.14431473690010468
v 0.8612561506240696 0.4610495075629913 -0.21370819962774767
v 0.8463551924127118 0.453072694345942 -0.2800143244802844
v 0.8247228961795047 0.5097067811391848 0.24501253392024885
v 0.8371216640143859 0.5173696410797602 0.1776400127414587
v 0.8457050775509992 0.5226744823848832 0.10767686505537204
v 0.8500969941344387 0.5253888361092031 0.03607868422502619
v 0.8500969941344387 0.5253888361092031 -0.03607868422502619
v 0.8457050775509992 0.5226744823848832 -0.10767686505537198
v 0.8371216640143859 0.5173696410797602 -0.1776400127414587
v 0.8247228961795047 0.5097067811391848 -0.24501253392024885
v 0.7991837483175259 0.5635857494657568 0.2089890892469523
v 0.8090598184239983 0.5705503710367664 0.14104780863783406
v 0.8151641508871488 0.5748551567552891 0.0710560050965835
v 0.8172298402759043 0.5763118844537392 0.0
v 0.8151641508871488 0.5748551567552891 -0.07105600509658351
v 0.8090598184239983 0.5705503710367664 -0.14104780863783406
v 0.7991837483175259 0.5635857494657567 -0.20898908924695234
v 0.7702169889633984 0.6140134304652314 0.17249144071656042
v 0.7776566882454423 0.6199443244123325 0.10449454462347614
v 0.7814583037130903 0.6229749547256703 0.03500179056003554
v 0.7814583037130903 0.6229749547256703 -0.03500179056003557
v 0.7776566882454423 0.6199443244123325 -0.10449454462347621
v 0.7702169889633984 0.6140134304652314 -0.1724914407165605
v 0.7384242564839764 0.6604667334931644 0.13606362991246473
v 0.7436047721985156 0.6651003276116507 0.06850910139878175
v 0.7453559924999299 0.6666666666666667 3.4307778215552914e-17
v 0.7436047721985157 0.6651003276116507 -0.06850910139878168
v 0.7384242564839764 0.6604667334931644 -0.1360636299124647
v 0.7044775989841539 0.7026161065853502 0.1002093772875843
v 0.7076429420954145 0.705773085680282 0.03355321194579278
v 0.7076429420954145 0.705773085680282 -0.03355321194579275
v 0.7044775989841539 0.7026161065853502 -0.10020937728758426
v 0.6690658482468821 0.7403232372903414 0.0653635604723978
v 0.6704997011807433 0.7419097995824923 0.0
v 0.6690658482468821 0.7403232372903414 -0.0653635604723978
v 0.6328475132419024 0.7736200719593679 0.03187489992333524
v 0.6328475132419024 0.7736200719593679 -0.03187489992333527
v 0.5964154696754866 0.802675891958746 3.098027979032824e-17
f 1 115 64
f 115 116 523
f 116 117 524
f 117 118 525
f 118 119 526
f 119 120 527
f 120 121 528
f 121 122 529
f 122 123 530
f 123 124 531
f 124 125 532
f 125 126 533
f 126 127 534
f 127 128 535
f 128 129 536
f 129 130 537
f 130 131 538
f 131 12 454
f 115 523 64
f 116 524 523
f 117 525 524
f 118 526 525
f 119 527 526
f 120 528 527
f 121 529 528
f 122 530 529
f 123 531 530
f 124 532 531
f 125 533 532
f 126 534 533
f 127 535 534
f 128 536 535
f 129 537 536
f 130 538 537
f 131 454 538
f 64 523 65
f 523 524 539
f 524 525 540
f 525 526 541
f 526 527 542
f 527 528 543
f 528 529 544
f 529 530 545
f 530 531 546
f 531 532 547
f 532 533 548
f 533 534 549
f 534 535 550
f 535 536 551
f 536 537 552
f 537 538 553
f 538 454 453
f 523 539 65
f 524 540 539
f 525 541 540
f 526 542 541
f 527 543 542
f 528 544 543
f 529 545 544
f 530 546 545
f 531 547 546
f 532 548 547
f 533 549 548
f 534 550 549
f 535 551 550
f 536 552 551
f 537 553 552
f 538 453 553
f 65 539 66
f 539 540 554
f 540 541 555
f 541 542 556
f 542 543 557
f 543 544 558
f 544 545 559
f 545 546 560
f 546 547 561
f 547 548 562
f 548 549 563
f 549 550 564
f 550 551 565
f 551 552 566
f 552 553 567
f 553 453 452
f 539 554 66
f 540 555 554
f 541 556 555
f 542 557 556
f 543 558 557
f 544 559 558
f 545 560 559
f 546 561 560
f 547 562 561
f 548 563 562
f 549 564 563
f 550 565 564
f 551 566 565
f 552 567 566
f 553 452 567
f 66 554 67
f 554 555 568
f 555 556 569
f 556 557 570
f 557 558 571
f 558 559 572
f 559 560 573
f 560 561 574
f 561 562 575
f 562 563 576
f 563 564 577
f 564 565 578
f 565 566 579
f 566 567 580
f 567 452 451
f 554 568 67
f 555 569 568
f 556 570 569
f 557 571 570
f 558 572 571
f 559 573 572
f 560 574 573
f 561 575 574
f 562 576 575
f 563 577 576
f 564 578 577
f 565 579 578
f 566 580 579
f 567 451 580
f 67 568 68
f 568 569 581
f 569 570 582
f 570 571 583
f 571 572 584
f 572 573 585
f 573 574 586
f 574 575 587
f 575 576 588
f 576 577 589
f 577 578 590
f 578 579 591
f 579 580 592
f 580 451 450
f 568 581 68
f 569 582 581
f 570 583 582
f 571 584 583
f 572 585 584
f 573 586 585
f 574 587 586
f 575 588 587
f 576 589 588
f 577 590 589
f 578 591 590
f 579 592 591
f 580 450 592
f 68 581 69
f 581 582 593
f 582 583 594
f 583 584 595
f 584 585 596
f 585 586 597
f 586 587 598
f 587 588 599
f 588 589 600
f 589 590 601
f 590 591 602
f 591 592 603
f 592 450 449
f 581 593 69
f 582 594 593
f 583 595 594
f 584 596 595
f 585 597 596
f 586 598 597
f 587 599 598
f 588 600 599
f 589 601 600
f 590 602 601
f 591 603 602
f 592 449 603
f 69 593 70
f 593 594 604
f 594 595 605
f 595 596 606
f 596 597 607
f 597 598 608
f 598 599 609
f 599 600 610
f 600 601 611
f 601 602 612
f 602 603 613
f 603 449 448
f 593 604 70
f 594 605 604
f 595 606 605
f 596 607 606
f 597 608 607
f 598 609 608
f 599 610 609
f 600 611 610
f 601 612 611
f 602 613 612
f 603 448 613
f 70 604 71
f 604 605 614
f 605 606 615
f 606 607 616
f 607 608 617
f 608 609 618
f 609 610 619
f 610 611 620
f 611 612 621
f 612 613 622
f 613 448 447
f 604 614 71
f 605 615 614
f 606 616 615
f 607 617 616
f 608 618 617
f 609 619 618
f 610 620 619
f 611 621 620
f 612 622 621
f 613 447 622
f 71 614 72
f 614 615 623
f 615 616 624
f 616 617 625
f 617 618 626
f 618 619 627
f 619 620 628
f 620 621 629
f 621 622 630
f 622 447 446
f 614 623 72
f 615 624 623
f 616 625 624
f 617 626 625
f 618 627 626
f 619 628 627
f 620 629 628
f 621 630 629
f 622 446 630
f 72 623 73
f 623 624 631
f 624 625 632
f 625 626 633
f 626 627 634
f 627 628 635
f 628 629 636
f 629 630 637
f 630 446 445
f 623 631 73
f 624 632 631
f 625 633 632
f 626 634 633
f 627 635 634
f 628 636 635
f 629 637 636
f 630 445 637
f 73 631 74
f 631 632 638
f 632 633 639
f 633 634 640
f 634 635 641
f 635 636 642
f 636 637 643
f 637 445 444
f 631 638 74
f 632 639 638
f 633 640 639
f 634 641 640
f 635 642 641
f 636 643 642
f 637 444 643
f 74 638 75
f 638 639 644
f 639 640 645
f 640 641 646
f 641 642 647
f 642 643 648
f 643 444 443
f 638 644 75
f 639 645 644
f 640 646 645
f 641 647 646
f 642 648 647
f 643 443 648
f 75 644 76
f 644 645 649
f 645 646 650
f 646 647 651
f 647 648 652
f 648 443 442
f 644 649 76
f 645 650 649
f 646 651 650
f 647 652 651
f 648 442 652
f 76 649 77
f 649 650 653
f 650 651 654
f 651 652 655
f 652 442 441
f 649 653 77
f 650 654 653
f 651 655 654
f 652 441 655
f 77 653 78
f 653 654 656
f 654 655 657
f 655 441 440
f 653 656 78
f 654 657 656
f 655 440 657
f 78 656 79
f 656 657 658
f 657 440 439
f 656 658 79
f 657 439 658
f 79 658 80
f 658 439 438
f 658 438 80
f 80 438 6
f 1 64 251
f 64 65 659
f 65 66 660
f 66 67 661
f 67 68 662
f 68 69 663
f 69 70 664
f 70 71 665
f 71 72 666
f 72 73 667
f 73 74 668
f 74 75 669
f 75 76 670
f 76 77 671
f 77 78 672
f 78 79 673
f 79 80 674
f 80 6 352
f 64 659 251
f 65 660 659
f 66 661 660
f 67 662 661
f 68 663 662
f 69 664 663
f 70 665 664
f 71 666 665
f 72 667 666
f 73 668 667
f 74 669 668
f 75 670 669
f 76 671 670
f 77 672 671
f 78 673 672
f 79 674 673
f 80 352 674
f 251 659 252
f 659 660 675
f 660 661 676
f 661 662 677
f 662 663 678
f 663 664 679
f 664 665 680
f 665 666 681
f 666 667 682
f 667 668 683
f 668 669 684
f 669 670 685
f 670 671 686
f 671 672 687
f 672 673 688
f 673 674 689
f 674 352 351
f 659 675 252
f 660 676 675
f 661 677 676
f 662 678 677
f 663 679 678
f 664 680 679
f 665 681 680
f 666 682 681
f 667 683 682
f 668 684 683
f 669 685 684
f 670 686 685
f 671 687 686
f 672 688 687
f 673 689 688
f 674 351 689
f 252 675 253
f 675 676 690
f 676 677 691
f 677 678 692
f 678 679 693
f 679 680 694
f 680 681 695
f 681 682 696
f 682 683 697
f 683 684 698
f 684 685 699
f 685 686 700
f 686 687 701
f 687 688 702
f 688 689 703
f 689 351 350
f 675 690 253
f 676 691 690
f 677 692 691
f 678 693 692
f 679 694 693
f 680 695 694
f 681 696 695
f 682 697 696
f 683 698 697
f 684 699 698
f 685 700 699
f 686 701 700
f 687 702 701
f 688 703 702
f 689 350 703
f 253 690 254
f 690 691 704
f 691 692 705
f 692 693 706
f 693 694 707
f 694 695 708
f 695 696 709
f 696 697 710
f 697 698 711
f 698 699 712
f 699 700 713
f 700 701 714
f 701 702 715
f 702 703 716
f 703 350 349
f 690 704 254
f 691 705 704
f 692 706 705
f 693 707 706
f 694 708 707
f 695 709 708
f 696 710 709
f 697 711 710
f 698 712 711
f 699 713 712
f 700 714 713
f 701 715 714
f 702 716 715
f 703 349 716
f 254 704 255
f 704 705 717
f 705 706 718
f 706 707 719
f 707 708 720
f 708 709 721
f 709 710 722
f 710 711 723
f 711 712 724
f 712 713 725
f 713 714 726
f 714 715 727
f 715 716 728
f 716 349 348
f 704 717 255
f 705 718 717
f 706 719 718
f 707 720 719
f 708 721 720
f 709 722 721
f 710 723 722
f 711 724 723
f 712 725 724
f 713 726 725
f 714 727 726
f 715 728 727
f 716 348 728
f 255 717 256
f 717 718 729
f 718 719 730
f 719 720 731
f 720 721 732
f 721 722 733
f 722 723 734
f 723 724 735
f 724 725 736
f 725 726 737
f 726 727 738
f 727 728 739
f 728 348 347
f 717 729 256
f 718 730 729
f 719 731 730
f 720 732 731
f 721 733 732
f 722 734 733
f 723 735 734
f 724 736 735
f 725 737 736
f 726 738 737
f 727 739 738
f 728 347 739
f 256 729 257
f 729 730 740
f 730 731 741
f 731 732 742
f 732 733 743
f 733 734 744
f 734 735 745
f 735 736 746
f 736 737 747
f 737 738 748
f 738 739 749
f 739 347 346
f 729 740 257
f 730 741 740
f 731 742 741
f 732 743 742
f 733 744 743
f 734 745 744
f 735 746 745
f 736 747 746
f 737 748 747
f 738 749 748
f 739 346 749
f 257 740 258
f 740 741 750
f 741 742 751
f 742 743 752
f 743 744 753
f 744 745 754
f 745 746 755
f 746 747 756
f 747 748 757
f 748 749 758
f 749 346 345
f 740 750 258
f 741 751 750
f 742 752 751
f 743 753 752
f 744 754 753
f 745 755 754
f 746 756 755
f 747 757 756
f 748 758 757
f 749 345 758
f 258 750 259
f 750 751 759
f 751 752 760
f 752 753 761
f 753 754 762
f 754 755 763
f 755 756 764
f 756 757 765
f 757 758 766
f 758 345 344
f 750 759 259
f 751 760 759
f 752 761 760
f 753 762 761
f 754 763 762
f 755 764 763
f 756 765 764
f 757 766 765
f 758 344 766
f 259 759 260
f 759 760 767
f 760 761 768
f 761 762 769
f 762 763 770
f 763 764 771
f 764 765 772
f 765 766 773
f 766 344 343
f 759 767 260
f 760 768 767
f 761 769 768
f 762 770 769
f 763 771 770
f 764 772 771
f 765 773 772
f 766 343 773
f 260 767 261
f 767 768 774
f 768 769 775
f 769 770 776
f 770 771 777
f 771 772 778
f 772 773 779
f 773 343 342
f 767 774 261
f 768 775 774
f 769 776 775
f 770 777 776
f 771 778 777
f 772 779 778
f 773 342 779
f 261 774 262
f 774 775 780
f 775 776 781
f 776 777 782
f 777 778 783
f 778 779 784
f 779 342 341
f 774 780 262
f 775 781 780
f 776 782 781
f 777 783 782
f 778 784 783
f 779 341 784
f 262 780 263
f 780 781 785
f 781 782 786
f 782 783 787
f 783 784 788
f 784 341 340
f 780 785 263
f 781 786 785
f 782 787 786
f 783 788 787
f 784 340 788
f 263 785 264
f 785 786 789
f 786 787 790
f 787 788 791
f 788 340 339
f 785 789 264
f 786 790 789
f 787 791 790
f 788 339 791
f 264 789 265
f 789 790 792
f 790 791 793
f 791 339 338
f 789 792 265
f 790 793 792
f 791 338 793
f 265 792 266
f 792 793 794
f 793 338 337
f 792 794 266
f 793 337 794
f 266 794 267
f 794 337 336
f 794 336 267
f 267 336 2
f 1 251 268
f 251 252 795
f 252 253 796
f 253 254 797
f 254 255 798
f 255 256 799
f 256 257 800
f 257 258 801
f 258 259 802
f 259 260 803
f 260 261 804
f 261 262 805
f 262 263 806
f 263 264 807
f 264 265 808
f 265 266 809
f 266 267 810
f 267 2 472
f 251 795 268
f 252 796 795
f 253 797 796
f 254 798 797
f 255 799 798
f 256 800 799
f 257 801 800
f 258 802 801
f 259 803 802
f 260 804 803
f 261 805 804
f 262 806 805
f 263 807 806
f 264 808 807
f 265 809 808
f 266 810 809
f 267 472 810
f 268 795 269
f 795 796 811
f 796 797 812
f 797 798 813
f 798 799 814
f 799 800 815
f 800 801 816
f 801 802 817
f 802 803 818
f 803 804 819
f 804 805 820
f 805 806 821
f 806 807 822
f 807 808 823
f 808 809 824
f 809 810 825
f 810 472 473
f 795 811 269
f 796 812 811
f 797 813 812
f 798 814 813
f 799 815 814
f 800 816 815
f 801 817 816
f 802 818 817
f 803 819 818
f 804 820 819
f 805 821 820
f 806 822 821
f 807 823 822
f 808 824 823
f 809 825 824
f 810 473 825
f 269 811 270
f 811 812 826
f 812 813 827
f 813 814 828
f 814 815 829
f 815 816 830
f 816 817 831
f 817 818 832
f 818 819 833
f 819 820 834
f 820 821 835
f 821 822 836
f 822 823 837
f 823 824 838
f 824 825 839
f 825 473 474
f 811 826 270
f 812 827 826
f 813 828 827
f 814 829 828
f 815 830 829
f 816 831 830
f 817 832 831
f 818 833 832
f 819 834 833
f 820 835 834
f 821 836 835
f 822 837 836
f 823 838 837
f 824 839 838
f 825 474 839
f 270 826 271
f 826 827 840
f 827 828 841
f 828 829 842
f 829 830 843
f 830 831 844
f 831 832 845
f 832 833 846
f 833 834 847
f 834 835 848
f 835 836 849
f 836 837 850
f 837 838 851
f 838 839 852
f 839 474 475
f 826 840 271
f 827 841 840
f 828 842 841
f 829 843 842
f 830 844 843
f 831 845 844
f 832 846 845
f 833 847 846
f 834 848 847
f 835 849 848
f 836 850 849
f 837 851 850
f 838 852 851
f 839 475 852
f 271 840 272
f 840 841 853
f 841 842 854
f 842 843 855
f 843 844 856
f 844 845 857
f 845 846 858
f 846 847 859
f 847 848 860
f 848 849 861
f 849 850 862
f 850 851 863
f 851 852 864
f 852 475 476
f 840 853 272
f 841 854 853
f 842 855 854
f 843 856 855
f 844 857 856
f 845 858 857
f 846 859 858
f 847 860 859
f 848 861 860
f 849 862 861
f 850 863 862
f 851 864 863
f 852 476 864
f 272 853 273
f 853 854 865
f 854 855 866
f 855 856 867
f 856 857 868
f 857 858 869
f 858 859 870
f 859 860 871
f 860 861 872
f 861 862 873
f 862 863 874
f 863 864 875
f 864 476 477
f 853 865 273
f 854 866 865
f 855 867 866
f 856 868 867
f 857 869 868
f 858 870 869
f 859 871 870
f 860 872 871
f 861 873 872
f 862 874 873
f 863 875 874
f 864 477 875
f 273 865 274
f 865 866 876
f 866 867 877
f 867 868 878
f 868 869 879
f 869 870 880
f 870 871 881
f 871 872 882
f 872 873 883
f 873 874 884
f 874 875 885
f 875 477 478
f 865 876 274
f 866 877 876
f 867 878 877
f 868 879 878
f 869 880 879
f 870 881 880
f 871 882 881
f 872 883 882
f 873 884 883
f 874 885 884
f 875 478 885
f 274 876 275
f 876 877 886
f 877 878 887
f 878 879 888
f 879 880 889
f 880 881 890
f 881 882 891
f 882 883 892
f 883 884 893
f 884 885 894
f 885 478 479
f 876 886 275
f 877 887 886
f 878 888 887
f 879 889 888
f 880 890 889
f 881 891 890
f 882 892 891
f 883 893 892
f 884 894 893
f 885 479 894
f 275 886 276
f 886 887 895
f 887 888 896
f 888 889 897
f 889 890 898
f 890 891 899
f 891 892 900
f 892 893 901
f 893 894 902
f 894 479 480
f 886 895 276
f 887 896 895
f 888 897 896
f 889 898 897
f 890 899 898
f 891 900 899
f 892 901 900
f 893 902 901
f 894 480 902
f 276 895 277
f 895 896 903
f 896 897 904
f 897 898 905
f 898 899 906
f 899 900 907
f 900 901 908
f 901 902 909
f 902 480 481
f 895 903 277
f 896 904 903
f 897 905 904
f 898 906 905
f 899 907 906
f 900 908 907
f 901 909 908
f 902 481 909
f 277 903 278
f 903 904 910
f 904 905 911
f 905 906 912
f 906 907 913
f 907 908 914
f 908 909 915
f 909 481 482
f 903 910 278
f 904 911 910
f 905 912 911
f 906 913 912
f 907 914 913
f 908 915 914
f 909 482 915
f 278 910 279
f 910 911 916
f 911 912 917
f 912 913 918
f 913 914 919
f 914 915 920
f 915 482 483
f 910 916 279
f 911 917 916
f 912 918 917
f 913 919 918
f 914 920 919
f 915 483 920
f 279 916 280
f 916 917 921
f 917 918 922
f 918 919 923
f 919 920 924
f 920 483 484
f 916 921 280
f 917 922 921
f 918 923 922
f 919 924 923
f 920 484 924
f 280 921 281
f 921 922 925
f 922 923 926
f 923 924 927
f 924 484 485
f 921 925 281
f 922 926 925
f 923 927 926
f 924 485 927
f 281 925 282
f 925 926 928
f 926 927 929
f 927 485 486
f 925 928 282
f 926 929 928
f 927 486 929
f 282 928 283
f 928 929 930
f 929 486 487
f 928 930 283
f 929 487 930
f 283 930 284
f 930 487 488
f 930 488 284
f 284 488 8
f 1 268 319
f 268 269 931
f 269 270 932
f 270 271 933
f 271 272 934
f 272 273 935
f 273 274 936
f 274 275 937
f 275 276 938
f 276 277 939
f 277 278 940
f 278 279 941
f 279 280 942
f 280 281 943
f 281 282 944
f 282 283 945
f 283 284 946
f 284 8 132
f 268 931 319
f 269 932 931
f 270 933 932
f 271 934 933
f 272 935 934
f 273 936 935
f 274 937 936
f 275 938 937
f 276 939 938
f 277 940 939
f 278 941 940
f 279 942 941
f 280 943 942
f 281 944 943
f 282 945 944
f 283 946 945
f 284 132 946
f 319 931 320
f 931 932 947
f 932 933 948
f 933 934 949
f 934 935 950
f 935 936 951
f 936 937 952
f 937 938 953
f 938 939 954
f 939 940 955
f 940 941 956
f 941 942 957
f 942 943 958
f 943 944 959
f 944 945 960
f 945 946 961
f 946 132 133
f 931 947 320
f 932 948 947
f 933 949 948
f 934 950 949
f 935 951 950
f 936 952 951
f 937 953 952
f 938 954 953
f 939 955 954
f 940 956 955
f 941 957 956
f 942 958 957
f 943 959 958
f 944 960 959
f 945 961 960
f 946 133 961
f 320 947 321
f 947 948 962
f 948 949 963
f 949 950 964
f 950 951 965
f 951 952 966
f 952 953 967
f 953 954 968
f 954 955 969
f 955 956 970
f 956 957 971
f 957 958 972
f 958 959 973
f 959 960 974
f 960 961 975
f 961 133 134
f 947 962 321
f 948 963 962
f 949 964 963
f 950 965 964
f 951 966 965
f 952 967 966
f 953 968 967
f 954 969 968
f 955 970 969
f 956 971 970
f 957 972 971
f 958 973 972
f 959 974 973
f 960 975 974
f 961 134 975
f 321 962 322
f 962 963 976
f 963 964 977
f 964 965 978
f 965 966 979
f 966 967 980
f 967 968 981
f 968 969 982
f 969 970 983
f 970 971 984
f 971 972 985
f 972 973 986
f 973 974 987
f 974 975 988
f 975 134 135
f 962 976 322
f 963 977 976
f 964 978 977
f 965 979 978
f 966 980 979
f 967 981 980
f 968 982 981
f 969 983 982
f 970 984 983
f 971 985 984
f 972 986 985
f 973 987 986
f 974 988 987
f 975 135 988
f 322 976 323
f 976 977 989
f 977 978 990
f 978 979 991
f 979 980 992
f 980 981 993
f 981 982 994
f 982 983 995
f 983 984 996
f 984 985 997
f 985 986 998
f 986 987 999
f 987 988 1000
f 988 135 136
f 976 989 323
f 977 990 989
f 978 991 990
f 979 992 991
f 980 993 992
f 981 994 993
f 982 995 994
f 983 996 995
f 984 997 996
f 985 998 997
f 986 999 998
f 987 1000 999
f 988 136 1000
f 323 989 324
f 989 990 1001
f 990 991 1002
f 991 992 1003
f 992 993 1004
f 993 994 1005
f 994 995 1006
f 995 996 1007
f 996 997 1008
f 997 998 1009
f 998 999 1010
f 999 1000 1011
f 1000 136 137
f 989 1001 324
f 990 1002 1001
f 991 1003 1002
f 992 1004 1003
f 993 1005 1004
f 994 1006 1005
f 995 1007 1006
f 996 1008 1007
f 997 1009 1008
f 998 1010 1009
f 999 1011 1010
f 1000 137 1011
f 324 1001 325
f 1001 1002 1012
f 1002 1003 1013
f 1003 1004 1014
f 1004 1005 1015
f 1005 1006 1016
f 1006 1007 1017
f 1007 1008 1018
f 1008 1009 1019
f 1009 1010 1020
f 1010 1011 1021
f 1011 137 138
f 1001 1012 325
f 1002 1013 1012
f 1003 1014 1013
f 1004 1015 1014
f 1005 1016 1015
f 1006 1017 1016
f 1007 1018 1017
f 1008 1019 1018
f 1009 1020 1019
f 1010 1021 1020
f 1011 138 1021
f 325 1012 326
f 1012 1013 1022
f 1013 1014 1023
f 1014 1015 1024
f 1015 1016 1025
f 1016 1017 1026
f 1017 1018 1027
f 1018 1019 1028
f 1019 1020 1029
f 1020 1021 1030
f 1021 138 139
f 1012 1022 326
f 1013 1023 1022
f 1014 1024 1023
f 1015 1025 1024
f 1016 1026 1025
f 1017 1027 1026
f 1018 1028 1027
f 1019 1029 1028
f 1020 1030 1029
f 1021 139 1030
f 326 1022 327
f 1022 1023 1031
f 1023 1024 1032
f 1024 1025 1033
f 1025 1026 1034
f 1026 1027 1035
f 1027 1028 1036
f 1028 1029 1037
f 1029 1030 1038
f 1030 139 140
f 1022 1031 327
f 1023 1032 1031
f 1024 1033 1032
f 1025 1034 1033
f 1026 1035 1034
f 1027 1036 1035
f 1028 1037 1036
f 1029 1038 1037
f 1030 140 1038
f 327 1031 328
f 1031 1032 1039
f 1032 1033 1040
f 1033 1034 1041
f 1034 1035 1042
f 1035 1036 1043
f 1036 1037 1044
f 1037 1038 1045
f 1038 140 141
f 1031 1039 328
f 1032 1040 1039
f 1033 1041 1040
f 1034 1042 1041
f 1035 1043 1042
f 1036 1044 1043
f 1037 1045 1044
f 1038 141 1045
f 328 1039 329
f 1039 1040 1046
f 1040 1041 1047
f 1041 1042 1048
f 1042 1043 1049
f 1043 1044 1050
f 1044 1045 1051
f 1045 141 142
f 1039 1046 329
f 1040 1047 1046
f 1041 1048 1047
f 1042 1049 1048
f 1043 1050 1049
f 1044 1051 1050
f 1045 142 1051
f 329 1046 330
f 1046 1047 1052
f 1047 1048 1053
f 1048 1049 1054
f 1049 1050 1055
f 1050 1051 1056
f 1051 142 143
f 1046 1052 330
f 1047 1053 1052
f 1048 1054 1053
f 1049 1055 1054
f 1050 1056 1055
f 1051 143 1056
f 330 1052 331
f 1052 1053 1057
f 1053 1054 1058
f 1054 1055 1059
f 1055 1056 1060
f 1056 143 144
f 1052 1057 331
f 1053 1058 1057
f 1054 1059 1058
f 1055 1060 1059
f 1056 144 1060
f 331 1057 332
f 1057 1058 1061
f 1058 1059 1062
f 1059 1060 1063
f 1060 144 145
f 1057 1061 332
f 1058 1062 1061
f 1059 1063 1062
f 1060 145 1063
f 332 1061 333
f 1061 1062 1064
f 1062 1063 1065
f 1063 145 146
f 1061 1064 333
f 1062 1065 1064
f 1063 146 1065
f 333 1064 334
f 1064 1065 1066
f 1065 146 147
f 1064 1066 334
f 1065 147 1066
f 334 1066 335
f 1066 147 148
f 1066 148 335
f 335 148 11
f 1 319 115
f 319 320 1067
f 320 321 1068
f 321 322 1069
f 322 323 1070
f 323 324 1071
f 324 325 1072
f 325 326 1073
f 326 327 1074
f 327 328 1075
f 328 329 1076
f 329 330 1077
f 330 331 1078
f 331 332 1079
f 332 333 1080
f 333 334 1081
f 334 335 1082
f 335 11 302
f 319 1067 115
f 320 1068 1067
f 321 1069 1068
f 322 1070 1069
f 323 1071 1070
f 324 1072 1071
f 325 1073 1072
f 326 1074 1073
f 327 1075 1074
f 328 1076 1075
f 329 1077 1076
f 330 1078 1077
f 331 1079 1078
f 332 1080 1079
f 333 1081 1080
f 334 1082 1081
f 335 302 1082
f 115 1067 116
f 1067 1068 1083
f 1068 1069 1084
f 1069 1070 1085
f 1070 1071 1086
f 1071 1072 1087
f 1072 1073 1088
f 1073 1074 1089
f 1074 1075 1090
f 1075 1076 1091
f 1076 1077 1092
f 1077 1078 1093
f 1078 1079 1094
f 1079 1080 1095
f 1080 1081 1096
f 1081 1082 1097
f 1082 302 303
f 1067 1083 116
f 1068 1084 1083
f 1069 1085 1084
f 1070 1086 1085
f 1071 1087 1086
f 1072 1088 1087
f 1073 1089 1088
f 1074 1090 1089
f 1075 1091 1090
f 1076 1092 1091
f 1077 1093 1092
f 1078 1094 1093
f 1079 1095 1094
f 1080 1096 1095
f 1081 1097 1096
f 1082 303 1097
f 116 1083 117
f 1083 1084 1098
f 1084 1085 1099
f 1085 1086 1100
f 1086 1087 1101
f 1087 1088 1102
f 1088 1089 1103
f 1089 1090 1104
f 1090 1091 1105
f 1091 1092 1106
f 1092 1093 1107
f 1093 1094 1108
f 1094 1095 1109
f 1095 1096 1110
f 1096 1097 1111
f 1097 303 304
f 1083 1098 117
f 1084 1099 1098
f 1085 1100 1099
f 1086 1101 1100
f 1087 1102 1101
f 1088 1103 1102
f 1089 1104 1103
f 1090 1105 1104
f 1091 1106 1105
f 1092 1107 1106
f 1093 1108 1107
f 1094 1109 1108
f 1095 1110 1109
f 1096 1111 1110
f 1097 304 1111
f 117 1098 118
f 1098 1099 1112
f 1099 1100 1113
f 1100 1101 1114
f 1101 1102 1115
f 1102 1103 1116
f 1103 1104 1117
f 1104 1105 1118
f 1105 1106 1119
f 1106 1107 1120
f 1107 1108 1121
f 1108 1109 1122
f 1109 1110 1123
f 1110 1111 1124
f 1111 304 305
f 1098 1112 118
f 1099 1113 1112
f 1100 1114 1113
f 1101 1115 1114
f 1102 1116 1115
f 1103 1117 1116
f 1104 1118 1117
f 1105 1119 1118
f 1106 1120 1119
f 1107 1121 1120
f 1108 1122 1121
f 1109 1123 1122
f 1110 1124 1123
f 1111 305 1124
f 118 1112 119
f 1112 1113 1125
f 1113 1114 1126
f 1114 1115 1127
f 1115 1116 1128
f 1116 1117 1129
f 1117 1118 1130
f 1118 1119 1131
f 1119 1120 1132
f 1120 1121 1133
f 1121 1122 1134
f 1122 1123 1135
f 1123 1124 1136
f 1124 305 306
f 1112 1125 119
f 1113 1126 1125
f 1114 1127 1126
f 1115 1128 1127
f 1116 1129 1128
f 1117 1130 1129
f 1118 1131 1130
f 1119 1132 1131
f 1120 1133 1132
f 1121 1134 1133
f 1122 1135 1134
f 1123 1136 1135
f 1124 306 1136
f 119 1125 120
f 1125 1126 1137
f 1126 1127 1138
f 1127 1128 1139
f 1128 1129 1140
f 1129 1130 1141
f 1130 1131 1142
f 1131 1132 1143
f 1132 1133 1144
f 1133 1134 1145
f 1134 1135 1146
f 1135 1136 1147
f 1136 306 307
f 1125 1137 120
f 1126 1138 1137
f 1127 1139 1138
f 1128 1140 1139
f 1129 1141 1140
f 1130 1142 1141
f 1131 1143 1142
f 1132 1144 1143
f 1133 1145 1144
f 1134 1146 1145
f 1135 1147 1146
f 1136 307 1147
f 120 1137 121
f 1137 1138 1148
f 1138 1139 1149
f 1139 1140 1150
f 1140 1141 1151
f 1141 1142 1152
f 1142 1143 1153
f 1143 1144 1154
f 1144 1145 1155
f 1145 1146 1156
f 1146 1147 1157
f 1147 307 308
f 1137 1148 121
f 1138 1149 1148
f 1139 1150 1149
f 1140 1151 1150
f 1141 1152 1151
f 1142 1153 1152
f 1143 1154 1153
f 1144 1155 1154
f 1145 1156 1155
f 1146 1157 1156
f 1147 308 1157
f 121 1148 122
f 1148 1149 1158
f 1149 1150 1159
f 1150 1151 1160
f 1151 1152 1161
f 1152 1153 1162
f 1153 1154 1163
f 1154 1155 1164
f 1155 1156 1165
f 1156 1157 1166
f 1157 308 309
f 1148 1158 122
f 1149 1159 1158
f 1150 1160 1159
f 1151 1161 1160
f 1152 1162 1161
f 1153 1163 1162
f 1154 1164 1163
f 1155 1165 1164
f 1156 1166 1165
f 1157 309 1166
f 122 1158 123
f 1158 1159 1167
f 1159 1160 1168
f 1160 1161 1169
f 1161 1162 1170
f 1162 1163 1171
f 1163 1164 1172
f 1164 1165 1173
f 1165 1166 1174
f 1166 309 310
f 1158 1167 123
f 1159 1168 1167
f 1160 1169 1168
f 1161 1170 1169
f 1162 1171 1170
f 1163 1172 1171
f 1164 1173 1172
f 1165 1174 1173
f 1166 310 1174
f 123 1167 124
f 1167 1168 1175
f 1168 1169 1176
f 1169 1170 1177
f 1170 1171 1178
f 1171 1172 1179
f 1172 1173 1180
f 1173 1174 1181
f 1174 310 311
f 1167 1175 124
f 1168 1176 1175
f 1169 1177 1176
f 1170 1178 1177
f 1171 1179 1178
f 1172 1180 1179
f 1173 1181 1180
f 1174 311 1181
f 124 1175 125
f 1175 1176 1182
f 1176 1177 1183
f 1177 1178 1184
f 1178 1179 1185
f 1179 1180 1186
f 1180 1181 1187
f 1181 311 312
f 1175 1182 125
f 1176 1183 1182
f 1177 1184 1183
f 1178 1185 1184
f 1179 1186 1185
f 1180 1187 1186
f 1181 312 1187
f 125 1182 126
f 1182 1183 1188
f 1183 1184 1189
f 1184 1185 1190
f 1185 1186 1191
f 1186 1187 1192
f 1187 312 313
f 1182 1188 126
f 1183 1189 1188
f 1184 1190 1189
f 1185 1191 1190
f 1186 1192 1191
f 1187 313 1192
f 126 1188 127
f 1188 1189 1193
f 1189 1190 1194
f 1190 1191 1195
f 1191 1192 1196
f 1192 313 314
f 1188 1193 127
f 1189 1194 1193
f 1190 1195 1194
f 1191 1196 1195
f 1192 314 1196
f 127 1193 128
f 1193 1194 1197
f 1194 1195 1198
f 1195 1196 1199
f 1196 314 315
f 1193 1197 128
f 1194 1198 1197
f 1195 1199 1198
f 1196 315 1199
f 128 1197 129
f 1197 1198 1200
f 1198 1199 1201
f 1199 315 316
f 1197 1200 129
f 1198 1201 1200
f 1199 316 1201
f 129 1200 130
f 1200 1201 1202
f 1201 316 317
f 1200 1202 130
f 1201 317 1202
f 130 1202 131
f 1202 317 318
f 1202 318 131
f 131 318 12
f 2 336 98
f 336 337 1203
f 337 338 1204
f 338 339 1205
f 339 340 1206
f 340 341 1207
f 341 342 1208
f 342 343 1209
f 343 344 1210
f 344 345 1211
f 345 346 1212
f 346 347 1213
f 347 348 1214
f 348 349 1215
f 349 350 1216
f 350 351 1217
f 351 352 1218
f 352 6 217
f 336 1203 98
f 337 1204 1203
f 338 1205 1204
f 339 1206 1205
f 340 1207 1206
f 341 1208 1207
f 342 1209 1208
f 343 1210 1209
f 344 1211 1210
f 345 1212 1211
f 346 1213 1212
f 347 1214 1213
f 348 1215 1214
f 349 1216 1215
f 350 1217 1216
f 351 1218 1217
f 352 217 1218
f 98 1203 99
f 1203 1204 1219
f 1204 1205 1220
f 1205 1206 1221
f 1206 1207 1222
f 1207 1208 1223
f 1208 1209 1224
f 1209 1210 1225
f 1210 1211 1226
f 1211 1212 1227
f 1212 1213 1228
f 1213 1214 1229
f 1214 1215 1230
f 1215 1216 1231
f 1216 1217 1232
f 1217 1218 1233
f 1218 217 218
f 1203 1219 99
f 1204 1220 1219
f 1205 1221 1220
f 1206 1222 1221
f 1207 1223 1222
f 1208 1224 1223
f 1209 1225 1224
f 1210 1226 1225
f 1211 1227 1226
f 1212 1228 1227
f 1213 1229 1228
f 1214 1230 1229
f 1215 1231 1230
f 1216 1232 1231
f 1217 1233 1232
f 1218 218 1233
f 99 1219 100
f 1219 1220 1234
f 1220 1221 1235
f 1221 1222 1236
f 1222 1223 1237
f 1223 1224 1238
f 1224 1225 1239
f 1225 1226 1240
f 1226 1227 1241
f 1227 1228 1242
f 1228 1229 1243
f 1229 1230 1244
f 1230 1231 1245
f 1231 1232 1246
f 1232 1233 1247
f 1233 218 219
f 1219 1234 100
f 1220 1235 1234
f 1221 1236 1235
f 1222 1237 1236
f 1223 1238 1237
f 1224 1239 1238
f 1225 1240 1239
f 1226 1241 1240
f 1227 1242 1241
f 1228 1243 1242
f 1229 1244 1243
f 1230 1245 1244
f 1231 1246 1245
f 1232 1247 1246
f 1233 219 1247
f 100 1234 101
f 1234 1235 1248
f 1235 1236 1249
f 1236 1237 1250
f 1237 1238 1251
f 1238 1239 1252
f 1239 1240 1253
f 1240 1241 1254
f 1241 1242 1255
f 1242 1243 1256
f 1243 1244 1257
f 1244 1245 1258
f 1245 1246 1259
f 1246 1247 1260
f 1247 219 220
f 1234 1248 101
f 1235 1249 1248
f 1236 1250 1249
f 1237 1251 1250
f 1238 1252 1251
f 1239 1253 1252
f 1240 1254 1253
f 1241 1255 1254
f 1242 1256 1255
f 1243 1257 1256
f 1244 1258 1257
f 1245 1259 1258
f 1246 1260 1259
f 1247 220 1260
f 101 1248 102
f 1248 1249 1261
f 1249 1250 1262
f 1250 1251 1263
f 1251 1252 1264
f 1252 1253 1265
f 1253 1254 1266
f 1254 1255 1267
f 1255 1256 1268
f 1256 1257 1269
f 1257 1258 1270
f 1258 1259 1271
f 1259 1260 1272
f 1260 220 221
f 1248 1261 102
f 1249 1262 1261
f 1250 1263 1262
f 1251 1264 1263
f 1252 1265 1264
f 1253 1266 1265
f 1254 1267 1266
f 1255 1268 1267
f 1256 1269 1268
f 1257 1270 1269
f 1258 1271 1270
f 1259 1272 1271
f 1260 221 1272
f 102 1261 103
f 1261 1262 1273
f 1262 1263 1274
f 1263 1264 1275
f 1264 1265 1276
f 1265 1266 1277
f 1266 1267 1278
f 1267 1268 1279
f 1268 1269 1280
f 1269 1270 1281
f 1270 1271 1282
f 1271 1272 1283
f 1272 221 222
f 1261 1273 103
f 1262 1274 1273
f 1263 1275 1274
f 1264 1276 1275
f 1265 1277 1276
f 1266 1278 1277
f 1267 1279 1278
f 1268 1280 1279
f 1269 1281 1280
f 1270 1282 1281
f 1271 1283 1282
f 1272 222 1283
f 103 1273 104
f 1273 1274 1284
f 1274 1275 1285
f 1275 1276 1286
f 1276 1277 1287
f 1277 1278 1288
f 1278 1279 1289
f 1279 1280 1290
f 1280 1281 1291
f 1281 1282 1292
f 1282 1283 1293
f 1283 222 223
f 1273 1284 104
f 1274 1285 1284
f 1275 1286 1285
f 1276 1287 1286
f 1277 1288 1287
f 1278 1289 1288
f 1279 1290 1289
f 1280 1291 1290
f 1281 1292 1291
f 1282 1293 1292
f 1283 223 1293
f 104 1284 105
f 1284 1285 1294
f 1285 1286 1295
f 1286 1287 1296
f 1287 1288 1297
f 1288 1289 1298
f 1289 1290 1299
f 1290 1291 1300
f 1291 1292 1301
f 1292 1293 1302
f 1293 223 224
f 1284 1294 105
f 1285 1295 1294
f 1286 1296 1295
f 1287 1297 1296
f 1288 1298 1297
f 1289 1299 1298
f 1290 1300 1299
f 1291 1301 1300
f 1292 1302 1301
f 1293 224 1302
f 105 1294 106
f 1294 1295 1303
f 1295 1296 1304
f 1296 1297 1305
f 1297 1298 1306
f 1298 1299 1307
f 1299 1300 1308
f 1300 1301 1309
f 1301 1302 1310
f 1302 224 225
f 1294 1303 106
f 1295 1304 1303
f 1296 1305 1304
f 1297 1306 1305
f 1298 1307 1306
f 1299 1308 1307
f 1300 1309 1308
f 1301 1310 1309
f 1302 225 1310
f 106 1303 107
f 1303 1304 1311
f 1304 1305 1312
f 1305 1306 1313
f 1306 1307 1314
f 1307 1308 1315
f 1308 1309 1316
f 1309 1310 1317
f 1310 225 226
f 1303 1311 107
f 1304 1312 1311
f 1305 1313 1312
f 1306 1314 1313
f 1307 1315 1314
f 1308 1316 1315
f 1309 1317 1316
f 1310 226 1317
f 107 1311 108
f 1311 1312 1318
f 1312 1313 1319
f 1313 1314 1320
f 1314 1315 1321
f 1315 1316 1322
f 1316 1317 1323
f 1317 226 227
f 1311 1318 108
f 1312 1319 1318
f 1313 1320 1319
f 1314 1321 1320
f 1315 1322 1321
f 1316 1323 1322
f 1317 227 1323
f 108 1318 109
f 1318 1319 1324
f 1319 1320 1325
f 1320 1321 1326
f 1321 1322 1327
f 1322 1323 1328
f 1323 227 228
f 1318 1324 109
f 1319 1325 1324
f 1320 1326 1325
f 1321 1327 1326
f 1322 1328 1327
f 1323 228 1328
f 109 1324 110
f 1324 1325 1329
f 1325 1326 1330
f 1326 1327 1331
f 1327 1328 1332
f 1328 228 229
f 1324 1329 110
f 1325 1330 1329
f 1326 1331 1330
f 1327 1332 1331
f 1328 229 1332
f 110 1329 111
f 1329 1330 1333
f 1330 1331 1334
f 1331 1332 1335
f 1332 229 230
f 1329 1333 111
f 1330 1334 1333
f 1331 1335 1334
f 1332 230 1335
f 111 1333 112
f 1333 1334 1336
f 1334 1335 1337
f 1335 230 231
f 1333 1336 112
f 1334 1337 1336
f 1335 231 1337
f 112 1336 113
f 1336 1337 1338
f 1337 231 232
f 1336 1338 113
f 1337 232 1338
f 113 1338 114
f 1338 232 233
f 1338 233 114
f 114 233 10
f 6 438 182
f 438 439 1339
f 439 440 1340
f 440 441 1341
f 441 442 1342
f 442 443 1343
f 443 444 1344
f 444 445 1345
f 445 446 1346
f 446 447 1347
f 447 448 1348
f 448 449 1349
f 449 450 1350
f 450 451 1351
f 451 452 1352
f 452 453 1353
f 453 454 1354
f 454 12 250
f 438 1339 182
f 439 1340 1339
f 440 1341 1340
f 441 1342 1341
f 442 1343 1342
f 443 1344 1343
f 444 1345 1344
f 445 1346 1345
f 446 1347 1346
f 447 1348 1347
f 448 1349 1348
f 449 1350 1349
f 450 1351 1350
f 451 1352 1351
f 452 1353 1352
f 453 1354 1353
f 454 250 1354
f 182 1339 181
f 1339 1340 1355
f 1340 1341 1356
f 1341 1342 1357
f 1342 1343 1358
f 1343 1344 1359
f 1344 1345 1360
f 1345 1346 1361
f 1346 1347 1362
f 1347 1348 1363
f 1348 1349 1364
f 1349 1350 1365
f 1350 1351 1366
f 1351 1352 1367
f 1352 1353 1368
f 1353 1354 1369
f 1354 250 249
f 1339 1355 181
f 1340 1356 1355
f 1341 1357 1356
f 1342 1358 1357
f 1343 1359 1358
f 1344 1360 1359
f 1345 1361 1360
f 1346 1362 1361
f 1347 1363 1362
f 1348 1364 1363
f 1349 1365 1364
f 1350 1366 1365
f 1351 1367 1366
f 1352 1368 1367
f 1353 1369 1368
f 1354 249 1369
f 181 1355 180
f 1355 1356 1370
f 1356 1357 1371
f 1357 1358 1372
f 1358 1359 1373
f 1359 1360 1374
f 1360 1361 1375
f 1361 1362 1376
f 1362 1363 1377
f 1363 1364 1378
f 1364 1365 1379
f 1365 1366 1380
f 1366 1367 1381
f 1367 1368 1382
f 1368 1369 1383
f 1369 249 248
f 1355 1370 180
f 1356 1371 1370
f 1357 1372 1371
f 1358 1373 1372
f 1359 1374 1373
f 1360 1375 1374
f 1361 1376 1375
f 1362 1377 1376
f 1363 1378 1377
f 1364 1379 1378
f 1365 1380 1379
f 1366 1381 1380
f 1367 1382 1381
f 1368 1383 1382
f 1369 248 1383
f 180 1370 179
f 1370 1371 1384
f 1371 1372 1385
f 1372 1373 1386
f 1373 1374 1387
f 1374 1375 1388
f 1375 1376 1389
f 1376 1377 1390
f 1377 1378 1391
f 1378 1379 1392
f 1379 1380 1393
f 1380 1381 1394
f 1381 1382 1395
f 1382 1383 1396
f 1383 248 247
f 1370 1384 179
f 1371 1385 1384
f 1372 1386 1385
f 1373 1387 1386
f 1374 1388 1387
f 1375 1389 1388
f 1376 1390 1389
f 1377 1391 1390
f 1378 1392 1391
f 1379 1393 1392
f 1380 1394 1393
f 1381 1395 1394
f 1382 1396 1395
f 1383 247 1396
f 179 1384 178
f 1384 1385 1397
f 1385 1386 1398
f 1386 1387 1399
f 1387 1388 1400
f 1388 1389 1401
f 1389 1390 1402
f 1390 1391 1403
f 1391 1392 1404
f 1392 1393 1405
f 1393 1394 1406
f 1394 1395 1407
f 1395 1396 1408
f 1396 247 246
f 1384 1397 178
f 1385 1398 1397
f 1386 1399 1398
f 1387 1400 1399
f 1388 1401 1400
f 1389 1402 1401
f 1390 1403 1402
f 1391 1404 1403
f 1392 1405 1404
f 1393 1406 1405
f 1394 1407 1406
f 1395 1408 1407
f 1396 246 1408
f 178 1397 177
f 1397 1398 1409
f 1398 1399 1410
f 1399 1400 1411
f 1400 1401 1412
f 1401 1402 1413
f 1402 1403 1414
f 1403 1404 1415
f 1404 1405 1416
f 1405 1406 1417
f 1406 1407 1418
f 1407 1408 1419
f 1408 246 245
f 1397 1409 177
f 1398 1410 1409
f 1399 1411 1410
f 1400 1412 1411
f 1401 1413 1412
f 1402 1414 1413
f 1403 1415 1414
f 1404 1416 1415
f 1405 1417 1416
f 1406 1418 1417
f 1407 1419 1418
f 1408 245 1419
f 177 1409 176
f 1409 1410 1420
f 1410 1411 1421
f 1411 1412 1422
f 1412 1413 1423
f 1413 1414 1424
f 1414 1415 1425
f 1415 1416 1426
f 1416 1417 1427
f 1417 1418 1428
f 1418 1419 1429
f 1419 245 244
f 1409 1420 176
f 1410 1421 1420
f 1411 1422 1421
f 1412 1423 1422
f 1413 1424 1423
f 1414 1425 1424
f 1415 1426 1425
f 1416 1427 1426
f 1417 1428 1427
f 1418 1429 1428
f 1419 244 1429
f 176 1420 175
f 1420 1421 1430
f 1421 1422 1431
f 1422 1423 1432
f 1423 1424 1433
f 1424 1425 1434
f 1425 1426 1435
f 1426 1427 1436
f 1427 1428 1437
f 1428 1429 1438
f 1429 244 243
f 1420 1430 175
f 1421 1431 1430
f 1422 1432 1431
f 1423 1433 1432
f 1424 1434 1433
f 1425 1435 1434
f 1426 1436 1435
f 1427 1437 1436
f 1428 1438 1437
f 1429 243 1438
f 175 1430 174
f 1430 1431 1439
f 1431 1432 1440
f 1432 1433 1441
f 1433 1434 1442
f 1434 1435 1443
f 1435 1436 1444
f 1436 1437 1445
f 1437 1438 1446
f 1438 243 242
f 1430 1439 174
f 1431 1440 1439
f 1432 1441 1440
f 1433 1442 1441
f 1434 1443 1442
f 1435 1444 1443
f 1436 1445 1444
f 1437 1446 1445
f 1438 242 1446
f 174 1439 173
f 1439 1440 1447
f 1440 1441 1448
f 1441 1442 1449
f 1442 1443 1450
f 1443 1444 1451
f 1444 1445 1452
f 1445 1446 1453
f 1446 242 241
f 1439 1447 173
f 1440 1448 1447
f 1441 1449 1448
f 1442 1450 1449
f 1443 1451 1450
f 1444 1452 1451
f 1445 1453 1452
f 1446 241 1453
f 173 1447 172
f 1447 1448 1454
f 1448 1449 1455
f 1449 1450 1456
f 1450 1451 1457
f 1451 1452 1458
f 1452 1453 1459
f 1453 241 240
f 1447 1454 172
f 1448 1455 1454
f 1449 1456 1455
f 1450 1457 1456
f 1451 1458 1457
f 1452 1459 1458
f 1453 240 1459
f 172 1454 171
f 1454 1455 1460
f 1455 1456 1461
f 1456 1457 1462
f 1457 1458 1463
f 1458 1459 1464
f 1459 240 239
f 1454 1460 171
f 1455 1461 1460
f 1456 1462 1461
f 1457 1463 1462
f 1458 1464 1463
f 1459 239 1464
f 171 1460 170
f 1460 1461 1465
f 1461 1462 1466
f 1462 1463 1467
f 1463 1464 1468
f 1464 239 238
f 1460 1465 170
f 1461 1466 1465
f 1462 1467 1466
f 1463 1468 1467
f 1464 238 1468
f 170 1465 169
f 1465 1466 1469
f 1466 1467 1470
f 1467 1468 1471
f 1468 238 237
f 1465 1469 169
f 1466 1470 1469
f 1467 1471 1470
f 1468 237 1471
f 169 1469 168
f 1469 1470 1472
f 1470 1471 1473
f 1471 237 236
f 1469 1472 168
f 1470 1473 1472
f 1471 236 1473
f 168 1472 167
f 1472 1473 1474
f 1473 236 235
f 1472 1474 167
f 1473 235 1474
f 167 1474 166
f 1474 235 234
f 1474 234 166
f 166 234 5
f 12 318 97
f 318 317 1475
f 317 316 1476
f 316 315 1477
f 315 314 1478
f 314 313 1479
f 313 312 1480
f 312 311 1481
f 311 310 1482
f 310 309 1483
f 309 308 1484
f 308 307 1485
f 307 306 1486
f 306 305 1487
f 305 304 1488
f 304 303 1489
f 303 302 1490
f 302 11 369
f 318 1475 97
f 317 1476 1475
f 316 1477 1476
f 315 1478 1477
f 314 1479 1478
f 313 1480 1479
f 312 1481 1480
f 311 1482 1481
f 310 1483 1482
f 309 1484 1483
f 308 1485 1484
f 307 1486 1485
f 306 1487 1486
f 305 1488 1487
f 304 1489 1488
f 303 1490 1489
f 302 369 1490
f 97 1475 96
f 1475 1476 1491
f 1476 1477 1492
f 1477 1478 1493
f 1478 1479 1494
f 1479 1480 1495
f 1480 1481 1496
f 1481 1482 1497
f 1482 1483 1498
f 1483 1484 1499
f 1484 1485 1500
f 1485 1486 1501
f 1486 1487 1502
f 1487 1488 1503
f 1488 1489 1504
f 1489 1490 1505
f 1490 369 368
f 1475 1491 96
f 1476 1492 1491
f 1477 1493 1492
f 1478 1494 1493
f 1479 1495 1494
f 1480 1496 1495
f 1481 1497 1496
f 1482 1498 1497
f 1483 1499 1498
f 1484 1500 1499
f 1485 1501 1500
f 1486 1502 1501
f 1487 1503 1502
f 1488 1504 1503
f 1489 1505 1504
f 1490 368 1505
f 96 1491 95
f 1491 1492 1506
f 1492 1493 1507
f 1493 1494 1508
f 1494 1495 1509
f 1495 1496 1510
f 1496 1497 1511
f 1497 1498 1512
f 1498 1499 1513
f 1499 1500 1514
f 1500 1501 1515
f 1501 1502 1516
f 1502 1503 1517
f 1503 1504 1518
f 1504 1505 1519
f 1505 368 367
f 1491 1506 95
f 1492 1507 1506
f 1493 1508 1507
f 1494 1509 1508
f 1495 1510 1509
f 1496 1511 1510
f 1497 1512 1511
f 1498 1513 1512
f 1499 1514 1513
f 1500 1515 1514
f 1501 1516 1515
f 1502 1517 1516
f 1503 1518 1517
f 1504 1519 1518
f 1505 367 1519
f 95 1506 94
f 1506 1507 1520
f 1507 1508 1521
f 1508 1509 1522
f 1509 1510 1523
f 1510 1511 1524
f 1511 1512 1525
f 1512 1513 1526
f 1513 1514 1527
f 1514 1515 1528
f 1515 1516 1529
f 1516 1517 1530
f 1517 1518 1531
f 1518 1519 1532
f 1519 367 366
f 1506 1520 94
f 1507 1521 1520
f 1508 1522 1521
f 1509 1523 1522
f 1510 1524 1523
f 1511 1525 1524
f 1512 1526 1525
f 1513 1527 1526
f 1514 1528 1527
f 1515 1529 1528
f 1516 1530 1529
f 1517 1531 1530
f 1518 1532 1531
f 1519 366 1532
f 94 1520 93
f 1520 1521 1533
f 1521 1522 1534
f 1522 1523 1535
f 1523 1524 1536
f 1524 1525 1537
f 1525 1526 1538
f 1526 1527 1539
f 1527 1528 1540
f 1528 1529 1541
f 1529 1530 1542
f 1530 1531 1543
f 1531 1532 1544
f 1532 366 365
f 1520 1533 93
f 1521 1534 1533
f 1522 1535 1534
f 1523 1536 1535
f 1524 1537 1536
f 1525 1538 1537
f 1526 1539 1538
f 1527 1540 1539
f 1528 1541 1540
f 1529 1542 1541
f 1530 1543 1542
f 1531 1544 1543
f 1532 365 1544
f 93 1533 92
f 1533 1534 1545
f 1534 1535 1546
f 1535 1536 1547
f 1536 1537 1548
f 1537 1538 1549
f 1538 1539 1550
f 1539 1540 1551
f 1540 1541 1552
f 1541 1542 1553
f 1542 1543 1554
f 1543 1544 1555
f 1544 365 364
f 1533 1545 92
f 1534 1546 1545
f 1535 1547 1546
f 1536 1548 1547
f 1537 1549 1548
f 1538 1550 1549
f 1539 1551 1550
f 1540 1552 1551
f 1541 1553 1552
f 1542 1554 1553
f 1543 1555 1554
f 1544 364 1555
f 92 1545 91
f 1545 1546 1556
f 1546 1547 1557
f 1547 1548 1558
f 1548 1549 1559
f 1549 1550 1560
f 1550 1551 1561
f 1551 1552 1562
f 1552 1553 1563
f 1553 1554 1564
f 1554 1555 1565
f 1555 364 363
f 1545 1556 91
f 1546 1557 1556
f 1547 1558 1557
f 1548 1559 1558
f 1549 1560 1559
f 1550 1561 1560
f 1551 1562 1561
f 1552 1563 1562
f 1553 1564 1563
f 1554 1565 1564
f 1555 363 1565
f 91 1556 90
f 1556 1557 1566
f 1557 1558 1567
f 1558 1559 1568
f 1559 1560 1569
f 1560 1561 1570
f 1561 1562 1571
f 1562 1563 1572
f 1563 1564 1573
f 1564 1565 1574
f 1565 363 362
f 1556 1566 90
f 1557 1567 1566
f 1558 1568 1567
f 1559 1569 1568
f 1560 1570 1569
f 1561 1571 1570
f 1562 1572 1571
f 1563 1573 1572
f 1564 1574 1573
f 1565 362 1574
f 90 1566 89
f 1566 1567 1575
f 1567 1568 1576
f 1568 1569 1577
f 1569 1570 1578
f 1570 1571 1579
f 1571 1572 1580
f 1572 1573 1581
f 1573 1574 1582
f 1574 362 361
f 1566 1575 89
f 1567 1576 1575
f 1568 1577 1576
f 1569 1578 1577
f 1570 1579 1578
f 1571 1580 1579
f 1572 1581 1580
f 1573 1582 1581
f 1574 361 1582
f 89 1575 88
f 1575 1576 1583
f 1576 1577 1584
f 1577 1578 1585
f 1578 1579 1586
f 1579 1580 1587
f 1580 1581 1588
f 1581 1582 1589
f 1582 361 360
f 1575 1583 88
f 1576 1584 1583
f 1577 1585 1584
f 1578 1586 1585
f 1579 1587 1586
f 1580 1588 1587
f 1581 1589 1588
f 1582 360 1589
f 88 1583 87
f 1583 1584 1590
f 1584 1585 1591
f 1585 1586 1592
f 1586 1587 1593
f 1587 1588 1594
f 1588 1589 1595
f 1589 360 359
f 1583 1590 87
f 1584 1591 1590
f 1585 1592 1591
f 1586 1593 1592
f 1587 1594 1593
f 1588 1595 1594
f 1589 359 1595
f 87 1590 86
f 1590 1591 1596
f 1591 1592 1597
f 1592 1593 1598
f 1593 1594 1599
f 1594 1595 1600
f 1595 359 358
f 1590 1596 86
f 1591 1597 1596
f 1592 1598 1597
f 1593 1599 1598
f 1594 1600 1599
f 1595 358 1600
f 86 1596 85
f 1596 1597 1601
f 1597 1598 1602
f 1598 1599 1603
f 1599 1600 1604
f 1600 358 357
f 1596 1601 85
f 1597 1602 1601
f 1598 1603 1602
f 1599 1604 1603
f 1600 357 1604
f 85 1601 84
f 1601 1602 1605
f 1602 1603 1606
f 1603 1604 1607
f 1604 357 356
f 1601 1605 84
f 1602 1606 1605
f 1603 1607 1606
f 1604 356 1607
f 84 1605 83
f 1605 1606 1608
f 1606 1607 1609
f 1607 356 355
f 1605 1608 83
f 1606 1609 1608
f 1607 355 1609
f 83 1608 82
f 1608 1609 1610
f 1609 355 354
f 1608 1610 82
f 1609 354 1610
f 82 1610 81
f 1610 354 353
f 1610 353 81
f 81 353 3
f 11 148 420
f 148 147 1611
f 147 146 1612
f 146 145 1613
f 145 144 1614
f 144 143 1615
f 143 142 1616
f 142 141 1617
f 141 140 1618
f 140 139 1619
f 139 138 1620
f 138 137 1621
f 137 136 1622
f 136 135 1623
f 135 134 1624
f 134 133 1625
f 133 132 1626
f 132 8 403
f 148 1611 420
f 147 1612 1611
f 146 1613 1612
f 145 1614 1613
f 144 1615 1614
f 143 1616 1615
f 142 1617 1616
f 141 1618 1617
f 140 1619 1618
f 139 1620 1619
f 138 1621 1620
f 137 1622 1621
f 136 1623 1622
f 135 1624 1623
f 134 1625 1624
f 133 1626 1625
f 132 403 1626
f 420 1611 419
f 1611 1612 1627
f 1612 1613 1628
f 1613 1614 1629
f 1614 1615 1630
f 1615 1616 1631
f 1616 1617 1632
f 1617 1618 1633
f 1618 1619 1634
f 1619 1620 1635
f 1620 1621 1636
f 1621 1622 1637
f 1622 1623 1638
f 1623 1624 1639
f 1624 1625 1640
f 1625 1626 1641
f 1626 403 402
f 1611 1627 419
f 1612 1628 1627
f 1613 1629 1628
f 1614 1630 1629
f 1615 1631 1630
f 1616 1632 1631
f 1617 1633 1632
f 1618 1634 1633
f 1619 1635 1634
f 1620 1636 1635
f 1621 1637 1636
f 1622 1638 1637
f 1623 1639 1638
f 1624 1640 1639
f 1625 1641 1640
f 1626 402 1641
f 419 1627 418
f 1627 1628 1642
f 1628 1629 1643
f 1629 1630 1644
f 1630 1631 1645
f 1631 1632 1646
f 1632 1633 1647
f 1633 1634 1648
f 1634 1635 1649
f 1635 1636 1650
f 1636 1637 1651
f 1637 1638 1652
f 1638 1639 1653
f 1639 1640 1654
f 1640 1641 1655
f 1641 402 401
f 1627 1642 418
f 1628 1643 1642
f 1629 1644 1643
f 1630 1645 1644
f 1631 1646 1645
f 1632 1647 1646
f 1633 1648 1647
f 1634 1649 1648
f 1635 1650 1649
f 1636 1651 1650
f 1637 1652 1651
f 1638 1653 1652
f 1639 1654 1653
f 1640 1655 1654
f 1641 401 1655
f 418 1642 417
f 1642 1643 1656
f 1643 1644 1657
f 1644 1645 1658
f 1645 1646 1659
f 1646 1647 1660
f 1647 1648 1661
f 1648 1649 1662
f 1649 1650 1663
f 1650 1651 1664
f 1651 1652 1665
f 1652 1653 1666
f 1653 1654 1667
f 1654 1655 1668
f 1655 401 400
f 1642 1656 417
f 1643 1657 1656
f 1644 1658 1657
f 1645 1659 1658
f 1646 1660 1659
f 1647 1661 1660
f 1648 1662 1661
f 1649 1663 1662
f 1650 1664 1663
f 1651 1665 1664
f 1652 1666 1665
f 1653 1667 1666
f 1654 1668 1667
f 1655 400 1668
f 417 1656 416
f 1656 1657 1669
f 1657 1658 1670
f 1658 1659 1671
f 1659 1660 1672
f 1660 1661 1673
f 1661 1662 1674
f 1662 1663 1675
f 1663 1664 1676
f 1664 1665 1677
f 1665 1666 1678
f 1666 1667 1679
f 1667 1668 1680
f 1668 400 399
f 1656 1669 416
f 1657 1670 1669
f 1658 1671 1670
f 1659 1672 1671
f 1660 1673 1672
f 1661 1674 1673
f 1662 1675 1674
f 1663 1676 1675
f 1664 1677 1676
f 1665 1678 1677
f 1666 1679 1678
f 1667 1680 1679
f 1668 399 1680
f 416 1669 415
f 1669 1670 1681
f 1670 1671 1682
f 1671 1672 1683
f 1672 1673 1684
f 1673 1674 1685
f 1674 1675 1686
f 1675 1676 1687
f 1676 1677 1688
f 1677 1678 1689
f 1678 1679 1690
f 1679 1680 1691
f 1680 399 398
f 1669 1681 415
f 1670 1682 1681
f 1671 1683 1682
f 1672 1684 1683
f 1673 1685 1684
f 1674 1686 1685
f 1675 1687 1686
f 1676 1688 1687
f 1677 1689 1688
f 1678 1690 1689
f 1679 1691 1690
f 1680 398 1691
f 415 1681 414
f 1681 1682 1692
f 1682 1683 1693
f 1683 1684 1694
f 1684 1685 1695
f 1685 1686 1696
f 1686 1687 1697
f 1687 1688 1698
f 1688 1689 1699
f 1689 1690 1700
f 1690 1691 1701
f 1691 398 397
f 1681 1692 414
f 1682 1693 1692
f 1683 1694 1693
f 1684 1695 1694
f 1685 1696 1695
f 1686 1697 1696
f 1687 1698 1697
f 1688 1699 1698
f 1689 1700 1699
f 1690 1701 1700
f 1691 397 1701
f 414 1692 413
f 1692 1693 1702
f 1693 1694 1703
f 1694 1695 1704
f 1695 1696 1705
f 1696 1697 1706
f 1697 1698 1707
f 1698 1699 1708
f 1699 1700 1709
f 1700 1701 1710
f 1701 397 396
f 1692 1702 413
f 1693 1703 1702
f 1694 1704 1703
f 1695 1705 1704
f 1696 1706 1705
f 1697 1707 1706
f 1698 1708 1707
f 1699 1709 1708
f 1700 1710 1709
f 1701 396 1710
f 413 1702 412
f 1702 1703 1711
f 1703 1704 1712
f 1704 1705 1713
f 1705 1706 1714
f 1706 1707 1715
f 1707 1708 1716
f 1708 1709 1717
f 1709 1710 1718
f 1710 396 395
f 1702 1711 412
f 1703 1712 1711
f 1704 1713 1712
f 1705 1714 1713
f 1706 1715 1714
f 1707 1716 1715
f 1708 1717 1716
f 1709 1718 1717
f 1710 395 1718
f 412 1711 411
f 1711 1712 1719
f 1712 1713 1720
f 1713 1714 1721
f 1714 1715 1722
f 1715 1716 1723
f 1716 1717 1724
f 1717 1718 1725
f 1718 395 394
f 1711 1719 411
f 1712 1720 1719
f 1713 1721 1720
f 1714 1722 1721
f 1715 1723 1722
f 1716 1724 1723
f 1717 1725 1724
f 1718 394 1725
f 411 1719 410
f 1719 1720 1726
f 1720 1721 1727
f 1721 1722 1728
f 1722 1723 1729
f 1723 1724 1730
f 1724 1725 1731
f 1725 394 393
f 1719 1726 410
f 1720 1727 1726
f 1721 1728 1727
f 1722 1729 1728
f 1723 1730 1729
f 1724 1731 1730
f 1725 393 1731
f 410 1726 409
f 1726 1727 1732
f 1727 1728 1733
f 1728 1729 1734
f 1729 1730 1735
f 1730 1731 1736
f 1731 393 392
f 1726 1732 409
f 1727 1733 1732
f 1728 1734 1733
f 1729 1735 1734
f 1730 1736 1735
f 1731 392 1736
f 409 1732 408
f 1732 1733 1737
f 1733 1734 1738
f 1734 1735 1739
f 1735 1736 1740
f 1736 392 391
f 1732 1737 408
f 1733 1738 1737
f 1734 1739 1738
f 1735 1740 1739
f 1736 391 1740
f 408 1737 407
f 1737 1738 1741
f 1738 1739 1742
f 1739 1740 1743
f 1740 391 390
f 1737 1741 407
f 1738 1742 1741
f 1739 1743 1742
f 1740 390 1743
f 407 1741 406
f 1741 1742 1744
f 1742 1743 1745
f 1743 390 389
f 1741 1744 406
f 1742 1745 1744
f 1743 389 1745
f 406 1744 405
f 1744 1745 1746
f 1745 389 388
f 1744 1746 405
f 1745 388 1746
f 405 1746 404
f 1746 388 387
f 1746 387 404
f 404 387 7
f 8 488 506
f 488 487 1747
f 487 486 1748
f 486 485 1749
f 485 484 1750
f 484 483 1751
f 483 482 1752
f 482 481 1753
f 481 480 1754
f 480 479 1755
f 479 478 1756
f 478 477 1757
f 477 476 1758
f 476 475 1759
f 475 474 1760
f 474 473 1761
f 473 472 1762
f 472 2 370
f 488 1747 506
f 487 1748 1747
f 486 1749 1748
f 485 1750 1749
f 484 1751 1750
f 483 1752 1751
f 482 1753 1752
f 481 1754 1753
f 480 1755 1754
f 479 1756 1755
f 478 1757 1756
f 477 1758 1757
f 476 1759 1758
f 475 1760 1759
f 474 1761 1760
f 473 1762 1761
f 472 370 1762
f 506 1747 507
f 1747 1748 1763
f 1748 1749 1764
f 1749 1750 1765
f 1750 1751 1766
f 1751 1752 1767
f 1752 1753 1768
f 1753 1754 1769
f 1754 1755 1770
f 1755 1756 1771
f 1756 1757 1772
f 1757 1758 1773
f 1758 1759 1774
f 1759 1760 1775
f 1760 1761 1776
f 1761 1762 1777
f 1762 370 371
f 1747 1763 507
f 1748 1764 1763
f 1749 1765 1764
f 1750 1766 1765
f 1751 1767 1766
f 1752 1768 1767
f 1753 1769 1768
f 1754 1770 1769
f 1755 1771 1770
f 1756 1772 1771
f 1757 1773 1772
f 1758 1774 1773
f 1759 1775 1774
f 1760 1776 1775
f 1761 1777 1776
f 1762 371 1777
f 507 1763 508
f 1763 1764 1778
f 1764 1765 1779
f 1765 1766 1780
f 1766 1767 1781
f 1767 1768 1782
f 1768 1769 1783
f 1769 1770 1784
f 1770 1771 1785
f 1771 1772 1786
f 1772 1773 1787
f 1773 1774 1788
f 1774 1775 1789
f 1775 1776 1790
f 1776 1777 1791
f 1777 371 372
f 1763 1778 508
f 1764 1779 1778
f 1765 1780 1779
f 1766 1781 1780
f 1767 1782 1781
f 1768 1783 1782
f 1769 1784 1783
f 1770 1785 1784
f 1771 1786 1785
f 1772 1787 1786
f 1773 1788 1787
f 1774 1789 1788
f 1775 1790 1789
f 1776 1791 1790
f 1777 372 1791
f 508 1778 509
f 1778 1779 1792
f 1779 1780 1793
f 1780 1781 1794
f 1781 1782 1795
f 1782 1783 1796
f 1783 1784 1797
f 1784 1785 1798
f 1785 1786 1799
f 1786 1787 1800
f 1787 1788 1801
f 1788 1789 1802
f 1789 1790 1803
f 1790 1791 1804
f 1791 372 373
f 1778 1792 509
f 1779 1793 1792
f 1780 1794 1793
f 1781 1795 1794
f 1782 1796 1795
f 1783 1797 1796
f 1784 1798 1797
f 1785 1799 1798
f 1786 1800 1799
f 1787 1801 1800
f 1788 1802 1801
f 1789 1803 1802
f 1790 1804 1803
f 1791 373 1804
f 509 1792 510
f 1792 1793 1805
f 1793 1794 1806
f 1794 1795 1807
f 1795 1796 1808
f 1796 1797 1809
f 1797 1798 1810
f 1798 1799 1811
f 1799 1800 1812
f 1800 1801 1813
f 1801 1802 1814
f 1802 1803 1815
f 1803 1804 1816
f 1804 373 374
f 1792 1805 510
f 1793 1806 1805
f 1794 1807 1806
f 1795 1808 1807
f 1796 1809 1808
f 1797 1810 1809
f 1798 1811 1810
f 1799 1812 1811
f 1800 1813 1812
f 1801 1814 1813
f 1802 1815 1814
f 1803 1816 1815
f 1804 374 1816
f 510 1805 511
f 1805 1806 1817
f 1806 1807 1818
f 1807 1808 1819
f 1808 1809 1820
f 1809 1810 1821
f 1810 1811 1822
f 1811 1812 1823
f 1812 1813 1824
f 1813 1814 1825
f 1814 1815 1826
f 1815 1816 1827
f 1816 374 375
f 1805 1817 511
f 1806 1818 1817
f 1807 1819 1818
f 1808 1820 1819
f 1809 1821 1820
f 1810 1822 1821
f 1811 1823 1822
f 1812 1824 1823
f 1813 1825 1824
f 1814 1826 1825
f 1815 1827 1826
f 1816 375 1827
f 511 1817 512
f 1817 1818 1828
f 1818 1819 1829
f 1819 1820 1830
f 1820 1821 1831
f 1821 1822 1832
f 1822 1823 1833
f 1823 1824 1834
f 1824 1825 1835
f 1825 1826 1836
f 1826 1827 1837
f 1827 375 376
f 1817 1828 512
f 1818 1829 1828
f 1819 1830 1829
f 1820 1831 1830
f 1821 1832 1831
f 1822 1833 1832
f 1823 1834 1833
f 1824 1835 1834
f 1825 1836 1835
f 1826 1837 1836
f 1827 376 1837
f 512 1828 513
f 1828 1829 1838
f 1829 1830 1839
f 1830 1831 1840
f 1831 1832 1841
f 1832 1833 1842
f 1833 1834 1843
f 1834 1835 1844
f 1835 1836 1845
f 1836 1837 1846
f 1837 376 377
f 1828 1838 513
f 1829 1839 1838
f 1830 1840 1839
f 1831 1841 1840
f 1832 1842 1841
f 1833 1843 1842
f 1834 1844 1843
f 1835 1845 1844
f 1836 1846 1845
f 1837 377 1846
f 513 1838 514
f 1838 1839 1847
f 1839 1840 1848
f 1840 1841 1849
f 1841 1842 1850
f 1842 1843 1851
f 1843 1844 1852
f 1844 1845 1853
f 1845 1846 1854
f 1846 377 378
f 1838 1847 514
f 1839 1848 1847
f 1840 1849 1848
f 1841 1850 1849
f 1842 1851 1850
f 1843 1852 1851
f 1844 1853 1852
f 1845 1854 1853
f 1846 378 1854
f 514 1847 515
f 1847 1848 1855
f 1848 1849 1856
f 1849 1850 1857
f 1850 1851 1858
f 1851 1852 1859
f 1852 1853 1860
f 1853 1854 1861
f 1854 378 379
f 1847 1855 515
f 1848 1856 1855
f 1849 1857 1856
f 1850 1858 1857
f 1851 1859 1858
f 1852 1860 1859
f 1853 1861 1860
f 1854 379 1861
f 515 1855 516
f 1855 1856 1862
f 1856 1857 1863
f 1857 1858 1864
f 1858 1859 1865
f 1859 1860 1866
f 1860 1861 1867
f 1861 379 380
f 1855 1862 516
f 1856 1863 1862
f 1857 1864 1863
f 1858 1865 1864
f 1859 1866 1865
f 1860 1867 1866
f 1861 380 1867
f 516 1862 517
f 1862 1863 1868
f 1863 1864 1869
f 1864 1865 1870
f 1865 1866 1871
f 1866 1867 1872
f 1867 380 381
f 1862 1868 517
f 1863 1869 1868
f 1864 1870 1869
f 1865 1871 1870
f 1866 1872 1871
f 1867 381 1872
f 517 1868 518
f 1868 1869 1873
f 1869 1870 1874
f 1870 1871 1875
f 1871 1872 1876
f 1872 381 382
f 1868 1873 518
f 1869 1874 1873
f 1870 1875 1874
f 1871 1876 1875
f 1872 382 1876
f 518 1873 519
f 1873 1874 1877
f 1874 1875 1878
f 1875 1876 1879
f 1876 382 383
f 1873 1877 519
f 1874 1878 1877
f 1875 1879 1878
f 1876 383 1879
f 519 1877 520
f 1877 1878 1880
f 1878 1879 1881
f 1879 383 384
f 1877 1880 520
f 1878 1881 1880
f 1879 384 1881
f 520 1880 521
f 1880 1881 1882
f 1881 384 385
f 1880 1882 521
f 1881 385 1882
f 521 1882 522
f 1882 385 386
f 1882 386 522
f 522 386 9
f 4 183 13
f 183 184 1883
f 184 185 1884
f 185 186 1885
f 186 187 1886
f 187 188 1887
f 188 189 1888
f 189 190 1889
f 190 191 1890
f 191 192 1891
f 192 193 1892
f 193 194 1893
f 194 195 1894
f 195 196 1895
f 196 197 1896
f 197 198 1897
f 198 199 1898
f 199 10 46
f 183 1883 13
f 184 1884 1883
f 185 1885 1884
f 186 1886 1885
f 187 1887 1886
f 188 1888 1887
f 189 1889 1888
f 190 1890 1889
f 191 1891 1890
f 192 1892 1891
f 193 1893 1892
f 194 1894 1893
f 195 1895 1894
f 196 1896 1895
f 197 1897 1896
f 198 1898 1897
f 199 46 1898
f 13 1883 14
f 1883 1884 1899
f 1884 1885 1900
f 1885 1886 1901
f 1886 1887 1902
f 1887 1888 1903
f 1888 1889 1904
f 1889 1890 1905
f 1890 1891 1906
f 1891 1892 1907
f 1892 1893 1908
f 1893 1894 1909
f 1894 1895 1910
f 1895 1896 1911
f 1896 1897 1912
f 1897 1898 1913
f 1898 46 45
f 1883 1899 14
f 1884 1900 1899
f 1885 1901 1900
f 1886 1902 1901
f 1887 1903 1902
f 1888 1904 1903
f 1889 1905 1904
f 1890 1906 1905
f 1891 1907 1906
f 1892 1908 1907
f 1893 1909 1908
f 1894 1910 1909
f 1895 1911 1910
f 1896 1912 1911
f 1897 1913 1912
f 1898 45 1913
f 14 1899 15
f 1899 1900 1914
f 1900 1901 1915
f 1901 1902 1916
f 1902 1903 1917
f 1903 1904 1918
f 1904 1905 1919
f 1905 1906 1920
f 1906 1907 1921
f 1907 1908 1922
f 1908 1909 1923
f 1909 1910 1924
f 1910 1911 1925
f 1911 1912 1926
f 1912 1913 1927
f 1913 45 44
f 1899 1914 15
f 1900 1915 1914
f 1901 1916 1915
f 1902 1917 1916
f 1903 1918 1917
f 1904 1919 1918
f 1905 1920 1919
f 1906 1921 1920
f 1907 1922 1921
f 1908 1923 1922
f 1909 1924 1923
f 1910 1925 1924
f 1911 1926 1925
f 1912 1927 1926
f 1913 44 1927
f 15 1914 16
f 1914 1915 1928
f 1915 1916 1929
f 1916 1917 1930
f 1917 1918 1931
f 1918 1919 1932
f 1919 1920 1933
f 1920 1921 1934
f 1921 1922 1935
f 1922 1923 1936
f 1923 1924 1937
f 1924 1925 1938
f 1925 1926 1939
f 1926 1927 1940
f 1927 44 43
f 1914 1928 16
f 1915 1929 1928
f 1916 1930 1929
f 1917 1931 1930
f 1918 1932 1931
f 1919 1933 1932
f 1920 1934 1933
f 1921 1935 1934
f 1922 1936 1935
f 1923 1937 1936
f 1924 1938 1937
f 1925 1939 1938
f 1926 1940 1939
f 1927 43 1940
f 16 1928 17
f 1928 1929 1941
f 1929 1930 1942
f 1930 1931 1943
f 1931 1932 1944
f 1932 1933 1945
f 1933 1934 1946
f 1934 1935 1947
f 1935 1936 1948
f 1936 1937 1949
f 1937 1938 1950
f 1938 1939 1951
f 1939 1940 1952
f 1940 43 42
f 1928 1941 17
f 1929 1942 1941
f 1930 1943 1942
f 1931 1944 1943
f 1932 1945 1944
f 1933 1946 1945
f 1934 1947 1946
f 1935 1948 1947
f 1936 1949 1948
f 1937 1950 1949
f 1938 1951 1950
f 1939 1952 1951
f 1940 42 1952
f 17 1941 18
f 1941 1942 1953
f 1942 1943 1954
f 1943 1944 1955
f 1944 1945 1956
f 1945 1946 1957
f 1946 1947 1958
f 1947 1948 1959
f 1948 1949 1960
f 1949 1950 1961
f 1950 1951 1962
f 1951 1952 1963
f 1952 42 41
f 1941 1953 18
f 1942 1954 1953
f 1943 1955 1954
f 1944 1956 1955
f 1945 1957 1956
f 1946 1958 1957
f 1947 1959 1958
f 1948 1960 1959
f 1949 1961 1960
f 1950 1962 1961
f 1951 1963 1962
f 1952 41 1963
f 18 1953 19
f 1953 1954 1964
f 1954 1955 1965
f 1955 1956 1966
f 1956 1957 1967
f 1957 1958 1968
f 1958 1959 1969
f 1959 1960 1970
f 1960 1961 1971
f 1961 1962 1972
f 1962 1963 1973
f 1963 41 40
f 1953 1964 19
f 1954 1965 1964
f 1955 1966 1965
f 1956 1967 1966
f 1957 1968 1967
f 1958 1969 1968
f 1959 1970 1969
f 1960 1971 1970
f 1961 1972 1971
f 1962 1973 1972
f 1963 40 1973
f 19 1964 20
f 1964 1965 1974
f 1965 1966 1975
f 1966 1967 1976
f 1967 1968 1977
f 1968 1969 1978
f 1969 1970 1979
f 1970 1971 1980
f 1971 1972 1981
f 1972 1973 1982
f 1973 40 39
f 1964 1974 20
f 1965 1975 1974
f 1966 1976 1975
f 1967 1977 1976
f 1968 1978 1977
f 1969 1979 1978
f 1970 1980 1979
f 1971 1981 1980
f 1972 1982 1981
f 1973 39 1982
f 20 1974 21
f 1974 1975 1983
f 1975 1976 1984
f 1976 1977 1985
f 1977 1978 1986
f 1978 1979 1987
f 1979 1980 1988
f 1980 1981 1989
f 1981 1982 1990
f 1982 39 38
f 1974 1983 21
f 1975 1984 1983
f 1976 1985 1984
f 1977 1986 1985
f 1978 1987 1986
f 1979 1988 1987
f 1980 1989 1988
f 1981 1990 1989
f 1982 38 1990
f 21 1983 22
f 1983 1984 1991
f 1984 1985 1992
f 1985 1986 1993
f 1986 1987 1994
f 1987 1988 1995
f 1988 1989 1996
f 1989 1990 1997
f 1990 38 37
f 1983 1991 22
f 1984 1992 1991
f 1985 1993 1992
f 1986 1994 1993
f 1987 1995 1994
f 1988 1996 1995
f 1989 1997 1996
f 1990 37 1997
f 22 1991 23
f 1991 1992 1998
f 1992 1993 1999
f 1993 1994 2000
f 1994 1995 2001
f 1995 1996 2002
f 1996 1997 2003
f 1997 37 36
f 1991 1998 23
f 1992 1999 1998
f 1993 2000 1999
f 1994 2001 2000
f 1995 2002 2001
f 1996 2003 2002
f 1997 36 2003
f 23 1998 24
f 1998 1999 2004
f 1999 2000 2005
f 2000 2001 2006
f 2001 2002 2007
f 2002 2003 2008
f 2003 36 35
f 1998 2004 24
f 1999 2005 2004
f 2000 2006 2005
f 2001 2007 2006
f 2002 2008 2007
f 2003 35 2008
f 24 2004 25
f 2004 2005 2009
f 2005 2006 2010
f 2006 2007 2011
f 2007 2008 2012
f 2008 35 34
f 2004 2009 25
f 2005 2010 2009
f 2006 2011 2010
f 2007 2012 2011
f 2008 34 2012
f 25 2009 26
f 2009 2010 2013
f 2010 2011 2014
f 2011 2012 2015
f 2012 34 33
f 2009 2013 26
f 2010 2014 2013
f 2011 2015 2014
f 2012 33 2015
f 26 2013 27
f 2013 2014 2016
f 2014 2015 2017
f 2015 33 32
f 2013 2016 27
f 2014 2017 2016
f 2015 32 2017
f 27 2016 28
f 2016 2017 2018
f 2017 32 31
f 2016 2018 28
f 2017 31 2018
f 28 2018 29
f 2018 31 30
f 2018 30 29
f 29 30 5
f 4 13 471
f 13 14 2019
f 14 15 2020
f 15 16 2021
f 16 17 2022
f 17 18 2023
f 18 19 2024
f 19 20 2025
f 20 21 2026
f 21 22 2027
f 22 23 2028
f 23 24 2029
f 24 25 2030
f 25 26 2031
f 26 27 2032
f 27 28 2033
f 28 29 2034
f 29 5 301
f 13 2019 471
f 14 2020 2019
f 15 2021 2020
f 16 2022 2021
f 17 2023 2022
f 18 2024 2023
f 19 2025 2024
f 20 2026 2025
f 21 2027 2026
f 22 2028 2027
f 23 2029 2028
f 24 2030 2029
f 25 2031 2030
f 26 2032 2031
f 27 2033 2032
f 28 2034 2033
f 29 301 2034
f 471 2019 470
f 2019 2020 2035
f 2020 2021 2036
f 2021 2022 2037
f 2022 2023 2038
f 2023 2024 2039
f 2024 2025 2040
f 2025 2026 2041
f 2026 2027 2042
f 2027 2028 2043
f 2028 2029 2044
f 2029 2030 2045
f 2030 2031 2046
f 2031 2032 2047
f 2032 2033 2048
f 2033 2034 2049
f 2034 301 300
f 2019 2035 470
f 2020 2036 2035
f 2021 2037 2036
f 2022 2038 2037
f 2023 2039 2038
f 2024 2040 2039
f 2025 2041 2040
f 2026 2042 2041
f 2027 2043 2042
f 2028 2044 2043
f 2029 2045 2044
f 2030 2046 2045
f 2031 2047 2046
f 2032 2048 2047
f 2033 2049 2048
f 2034 300 2049
f 470 2035 469
f 2035 2036 2050
f 2036 2037 2051
f 2037 2038 2052
f 2038 2039 2053
f 2039 2040 2054
f 2040 2041 2055
f 2041 2042 2056
f 2042 2043 2057
f 2043 2044 2058
f 2044 2045 2059
f 2045 2046 2060
f 2046 2047 2061
f 2047 2048 2062
f 2048 2049 2063
f 2049 300 299
f 2035 2050 469
f 2036 2051 2050
f 2037 2052 2051
f 2038 2053 2052
f 2039 2054 2053
f 2040 2055 2054
f 2041 2056 2055
f 2042 2057 2056
f 2043 2058 2057
f 2044 2059 2058
f 2045 2060 2059
f 2046 2061 2060
f 2047 2062 2061
f 2048 2063 2062
f 2049 299 2063
f 469 2050 468
f 2050 2051 2064
f 2051 2052 2065
f 2052 2053 2066
f 2053 2054 2067
f 2054 2055 2068
f 2055 2056 2069
f 2056 2057 2070
f 2057 2058 2071
f 2058 2059 2072
f 2059 2060 2073
f 2060 2061 2074
f 2061 2062 2075
f 2062 2063 2076
f 2063 299 298
f 2050 2064 468
f 2051 2065 2064
f 2052 2066 2065
f 2053 2067 2066
f 2054 2068 2067
f 2055 2069 2068
f 2056 2070 2069
f 2057 2071 2070
f 2058 2072 2071
f 2059 2073 2072
f 2060 2074 2073
f 2061 2075 2074
f 2062 2076 2075
f 2063 298 2076
f 468 2064 467
f 2064 2065 2077
f 2065 2066 2078
f 2066 2067 2079
f 2067 2068 2080
f 2068 2069 2081
f 2069 2070 2082
f 2070 2071 2083
f 2071 2072 2084
f 2072 2073 2085
f 2073 2074 2086
f 2074 2075 2087
f 2075 2076 2088
f 2076 298 297
f 2064 2077 467
f 2065 2078 2077
f 2066 2079 2078
f 2067 2080 2079
f 2068 2081 2080
f 2069 2082 2081
f 2070 2083 2082
f 2071 2084 2083
f 2072 2085 2084
f 2073 2086 2085
f 2074 2087 2086
f 2075 2088 2087
f 2076 297 2088
f 467 2077 466
f 2077 2078 2089
f 2078 2079 2090
f 2079 2080 2091
f 2080 2081 2092
f 2081 2082 2093
f 2082 2083 2094
f 2083 2084 2095
f 2084 2085 2096
f 2085 2086 2097
f 2086 2087 2098
f 2087 2088 2099
f 2088 297 296
f 2077 2089 466
f 2078 2090 2089
f 2079 2091 2090
f 2080 2092 2091
f 2081 2093 2092
f 2082 2094 2093
f 2083 2095 2094
f 2084 2096 2095
f 2085 2097 2096
f 2086 2098 2097
f 2087 2099 2098
f 2088 296 2099
f 466 2089 465
f 2089 2090 2100
f 2090 2091 2101
f 2091 2092 2102
f 2092 2093 2103
f 2093 2094 2104
f 2094 2095 2105
f 2095 2096 2106
f 2096 2097 2107
f 2097 2098 2108
f 2098 2099 2109
f 2099 296 295
f 2089 2100 465
f 2090 2101 2100
f 2091 2102 2101
f 2092 2103 2102
f 2093 2104 2103
f 2094 2105 2104
f 2095 2106 2105
f 2096 2107 2106
f 2097 2108 2107
f 2098 2109 2108
f 2099 295 2109
f 465 2100 464
f 2100 2101 2110
f 2101 2102 2111
f 2102 2103 2112
f 2103 2104 2113
f 2104 2105 2114
f 2105 2106 2115
f 2106 2107 2116
f 2107 2108 2117
f 2108 2109 2118
f 2109 295 294
f 2100 2110 464
f 2101 2111 2110
f 2102 2112 2111
f 2103 2113 2112
f 2104 2114 2113
f 2105 2115 2114
f 2106 2116 2115
f 2107 2117 2116
f 2108 2118 2117
f 2109 294 2118
f 464 2110 463
f 2110 2111 2119
f 2111 2112 2120
f 2112 2113 2121
f 2113 2114 2122
f 2114 2115 2123
f 2115 2116 2124
f 2116 2117 2125
f 2117 2118 2126
f 2118 294 293
f 2110 2119 463
f 2111 2120 2119
f 2112 2121 2120
f 2113 2122 2121
f 2114 2123 2122
f 2115 2124 2123
f 2116 2125 2124
f 2117 2126 2125
f 2118 293 2126
f 463 2119 462
f 2119 2120 2127
f 2120 2121 2128
f 2121 2122 2129
f 2122 2123 2130
f 2123 2124 2131
f 2124 2125 2132
f 2125 2126 2133
f 2126 293 292
f 2119 2127 462
f 2120 2128 2127
f 2121 2129 2128
f 2122 2130 2129
f 2123 2131 2130
f 2124 2132 2131
f 2125 2133 2132
f 2126 292 2133
f 462 2127 461
f 2127 2128 2134
f 2128 2129 2135
f 2129 2130 2136
f 2130 2131 2137
f 2131 2132 2138
f 2132 2133 2139
f 2133 292 291
f 2127 2134 461
f 2128 2135 2134
f 2129 2136 2135
f 2130 2137 2136
f 2131 2138 2137
f 2132 2139 2138
f 2133 291 2139
f 461 2134 460
f 2134 2135 2140
f 2135 2136 2141
f 2136 2137 2142
f 2137 2138 2143
f 2138 2139 2144
f 2139 291 290
f 2134 2140 460
f 2135 2141 2140
f 2136 2142 2141
f 2137 2143 2142
f 2138 2144 2143
f 2139 290 2144
f 460 2140 459
f 2140 2141 2145
f 2141 2142 2146
f 2142 2143 2147
f 2143 2144 2148
f 2144 290 289
f 2140 2145 459
f 2141 2146 2145
f 2142 2147 2146
f 2143 2148 2147
f 2144 289 2148
f 459 2145 458
f 2145 2146 2149
f 2146 2147 2150
f 2147 2148 2151
f 2148 289 288
f 2145 2149 458
f 2146 2150 2149
f 2147 2151 2150
f 2148 288 2151
f 458 2149 457
f 2149 2150 2152
f 2150 2151 2153
f 2151 288 287
f 2149 2152 457
f 2150 2153 2152
f 2151 287 2153
f 457 2152 456
f 2152 2153 2154
f 2153 287 286
f 2152 2154 456
f 2153 286 2154
f 456 2154 455
f 2154 286 285
f 2154 285 455
f 455 285 3
f 4 471 200
f 471 470 2155
f 470 469 2156
f 469 468 2157
f 468 467 2158
f 467 466 2159
f 466 465 2160
f 465 464 2161
f 464 463 2162
f 463 462 2163
f 462 461 2164
f 461 460 2165
f 460 459 2166
f 459 458 2167
f 458 457 2168
f 457 456 2169
f 456 455 2170
f 455 3 489
f 471 2155 200
f 470 2156 2155
f 469 2157 2156
f 468 2158 2157
f 467 2159 2158
f 466 2160 2159
f 465 2161 2160
f 464 2162 2161
f 463 2163 2162
f 462 2164 2163
f 461 2165 2164
f 460 2166 2165
f 459 2167 2166
f 458 2168 2167
f 457 2169 2168
f 456 2170 2169
f 455 489 2170
f 200 2155 201
f 2155 2156 2171
f 2156 2157 2172
f 2157 2158 2173
f 2158 2159 2174
f 2159 2160 2175
f 2160 2161 2176
f 2161 2162 2177
f 2162 2163 2178
f 2163 2164 2179
f 2164 2165 2180
f 2165 2166 2181
f 2166 2167 2182
f 2167 2168 2183
f 2168 2169 2184
f 2169 2170 2185
f 2170 489 490
f 2155 2171 201
f 2156 2172 2171
f 2157 2173 2172
f 2158 2174 2173
f 2159 2175 2174
f 2160 2176 2175
f 2161 2177 2176
f 2162 2178 2177
f 2163 2179 2178
f 2164 2180 2179
f 2165 2181 2180
f 2166 2182 2181
f 2167 2183 2182
f 2168 2184 2183
f 2169 2185 2184
f 2170 490 2185
f 201 2171 202
f 2171 2172 2186
f 2172 2173 2187
f 2173 2174 2188
f 2174 2175 2189
f 2175 2176 2190
f 2176 2177 2191
f 2177 2178 2192
f 2178 2179 2193
f 2179 2180 2194
f 2180 2181 2195
f 2181 2182 2196
f 2182 2183 2197
f 2183 2184 2198
f 2184 2185 2199
f 2185 490 491
f 2171 2186 202
f 2172 2187 2186
f 2173 2188 2187
f 2174 2189 2188
f 2175 2190 2189
f 2176 2191 2190
f 2177 2192 2191
f 2178 2193 2192
f 2179 2194 2193
f 2180 2195 2194
f 2181 2196 2195
f 2182 2197 2196
f 2183 2198 2197
f 2184 2199 2198
f 2185 491 2199
f 202 2186 203
f 2186 2187 2200
f 2187 2188 2201
f 2188 2189 2202
f 2189 2190 2203
f 2190 2191 2204
f 2191 2192 2205
f 2192 2193 2206
f 2193 2194 2207
f 2194 2195 2208
f 2195 2196 2209
f 2196 2197 2210
f 2197 2198 2211
f 2198 2199 2212
f 2199 491 492
f 2186 2200 203
f 2187 2201 2200
f 2188 2202 2201
f 2189 2203 2202
f 2190 2204 2203
f 2191 2205 2204
f 2192 2206 2205
f 2193 2207 2206
f 2194 2208 2207
f 2195 2209 2208
f 2196 2210 2209
f 2197 2211 2210
f 2198 2212 2211
f 2199 492 2212
f 203 2200 204
f 2200 2201 2213
f 2201 2202 2214
f 2202 2203 2215
f 2203 2204 2216
f 2204 2205 2217
f 2205 2206 2218
f 2206 2207 2219
f 2207 2208 2220
f 2208 2209 2221
f 2209 2210 2222
f 2210 2211 2223
f 2211 2212 2224
f 2212 492 493
f 2200 2213 204
f 2201 2214 2213
f 2202 2215 2214
f 2203 2216 2215
f 2204 2217 2216
f 2205 2218 2217
f 2206 2219 2218
f 2207 2220 2219
f 2208 2221 2220
f 2209 2222 2221
f 2210 2223 2222
f 2211 2224 2223
f 2212 493 2224
f 204 2213 205
f 2213 2214 2225
f 2214 2215 2226
f 2215 2216 2227
f 2216 2217 2228
f 2217 2218 2229
f 2218 2219 2230
f 2219 2220 2231
f 2220 2221 2232
f 2221 2222 2233
f 2222 2223 2234
f 2223 2224 2235
f 2224 493 494
f 2213 2225 205
f 2214 2226 2225
f 2215 2227 2226
f 2216 2228 2227
f 2217 2229 2228
f 2218 2230 2229
f 2219 2231 2230
f 2220 2232 2231
f 2221 2233 2232
f 2222 2234 2233
f 2223 2235 2234
f 2224 494 2235
f 205 2225 206
f 2225 2226 2236
f 2226 2227 2237
f 2227 2228 2238
f 2228 2229 2239
f 2229 2230 2240
f 2230 2231 2241
f 2231 2232 2242
f 2232 2233 2243
f 2233 2234 2244
f 2234 2235 2245
f 2235 494 495
f 2225 2236 206
f 2226 2237 2236
f 2227 2238 2237
f 2228 2239 2238
f 2229 2240 2239
f 2230 2241 2240
f 2231 2242 2241
f 2232 2243 2242
f 2233 2244 2243
f 2234 2245 2244
f 2235 495 2245
f 206 2236 207
f 2236 2237 2246
f 2237 2238 2247
f 2238 2239 2248
f 2239 2240 2249
f 2240 2241 2250
f 2241 2242 2251
f 2242 2243 2252
f 2243 2244 2253
f 2244 2245 2254
f 2245 495 496
f 2236 2246 207
f 2237 2247 2246
f 2238 2248 2247
f 2239 2249 2248
f 2240 2250 2249
f 2241 2251 2250
f 2242 2252 2251
f 2243 2253 2252
f 2244 2254 2253
f 2245 496 2254
f 207 2246 208
f 2246 2247 2255
f 2247 2248 2256
f 2248 2249 2257
f 2249 2250 2258
f 2250 2251 2259
f 2251 2252 2260
f 2252 2253 2261
f 2253 2254 2262
f 2254 496 497
f 2246 2255 208
f 2247 2256 2255
f 2248 2257 2256
f 2249 2258 2257
f 2250 2259 2258
f 2251 2260 2259
f 2252 2261 2260
f 2253 2262 2261
f 2254 497 2262
f 208 2255 209
f 2255 2256 2263
f 2256 2257 2264
f 2257 2258 2265
f 2258 2259 2266
f 2259 2260 2267
f 2260 2261 2268
f 2261 2262 2269
f 2262 497 498
f 2255 2263 209
f 2256 2264 2263
f 2257 2265 2264
f 2258 2266 2265
f 2259 2267 2266
f 2260 2268 2267
f 2261 2269 2268
f 2262 498 2269
f 209 2263 210
f 2263 2264 2270
f 2264 2265 2271
f 2265 2266 2272
f 2266 2267 2273
f 2267 2268 2274
f 2268 2269 2275
f 2269 498 499
f 2263 2270 210
f 2264 2271 2270
f 2265 2272 2271
f 2266 2273 2272
f 2267 2274 2273
f 2268 2275 2274
f 2269 499 2275
f 210 2270 211
f 2270 2271 2276
f 2271 2272 2277
f 2272 2273 2278
f 2273 2274 2279
f 2274 2275 2280
f 2275 499 500
f 2270 2276 211
f 2271 2277 2276
f 2272 2278 2277
f 2273 2279 2278
f 2274 2280 2279
f 2275 500 2280
f 211 2276 212
f 2276 2277 2281
f 2277 2278 2282
f 2278 2279 2283
f 2279 2280 2284
f 2280 500 501
f 2276 2281 212
f 2277 2282 2281
f 2278 2283 2282
f 2279 2284 2283
f 2280 501 2284
f 212 2281 213
f 2281 2282 2285
f 2282 2283 2286
f 2283 2284 2287
f 2284 501 502
f 2281 2285 213
f 2282 2286 2285
f 2283 2287 2286
f 2284 502 2287
f 213 2285 214
f 2285 2286 2288
f 2286 2287 2289
f 2287 502 503
f 2285 2288 214
f 2286 2289 2288
f 2287 503 2289
f 214 2288 215
f 2288 2289 2290
f 2289 503 504
f 2288 2290 215
f 2289 504 2290
f 215 2290 216
f 2290 504 505
f 2290 505 216
f 216 505 7
f 4 200 421
f 200 201 2291
f 201 202 2292
f 202 203 2293
f 203 204 2294
f 204 205 2295
f 205 206 2296
f 206 207 2297
f 207 208 2298
f 208 209 2299
f 209 210 2300
f 210 211 2301
f 211 212 2302
f 212 213 2303
f 213 214 2304
f 214 215 2305
f 215 216 2306
f 216 7 149
f 200 2291 421
f 201 2292 2291
f 202 2293 2292
f 203 2294 2293
f 204 2295 2294
f 205 2296 2295
f 206 2297 2296
f 207 2298 2297
f 208 2299 2298
f 209 2300 2299
f 210 2301 2300
f 211 2302 2301
f 212 2303 2302
f 213 2304 2303
f 214 2305 2304
f 215 2306 2305
f 216 149 2306
f 421 2291 422
f 2291 2292 2307
f 2292 2293 2308
f 2293 2294 2309
f 2294 2295 2310
f 2295 2296 2311
f 2296 2297 2312
f 2297 2298 2313
f 2298 2299 2314
f 2299 2300 2315
f 2300 2301 2316
f 2301 2302 2317
f 2302 2303 2318
f 2303 2304 2319
f 2304 2305 2320
f 2305 2306 2321
f 2306 149 150
f 2291 2307 422
f 2292 2308 2307
f 2293 2309 2308
f 2294 2310 2309
f 2295 2311 2310
f 2296 2312 2311
f 2297 2313 2312
f 2298 2314 2313
f 2299 2315 2314
f 2300 2316 2315
f 2301 2317 2316
f 2302 2318 2317
f 2303 2319 2318
f 2304 2320 2319
f 2305 2321 2320
f 2306 150 2321
f 422 2307 423
f 2307 2308 2322
f 2308 2309 2323
f 2309 2310 2324
f 2310 2311 2325
f 2311 2312 2326
f 2312 2313 2327
f 2313 2314 2328
f 2314 2315 2329
f 2315 2316 2330
f 2316 2317 2331
f 2317 2318 2332
f 2318 2319 2333
f 2319 2320 2334
f 2320 2321 2335
f 2321 150 151
f 2307 2322 423
f 2308 2323 2322
f 2309 2324 2323
f 2310 2325 2324
f 2311 2326 2325
f 2312 2327 2326
f 2313 2328 2327
f 2314 2329 2328
f 2315 2330 2329
f 2316 2331 2330
f 2317 2332 2331
f 2318 2333 2332
f 2319 2334 2333
f 2320 2335 2334
f 2321 151 2335
f 423 2322 424
f 2322 2323 2336
f 2323 2324 2337
f 2324 2325 2338
f 2325 2326 2339
f 2326 2327 2340
f 2327 2328 2341
f 2328 2329 2342
f 2329 2330 2343
f 2330 2331 2344
f 2331 2332 2345
f 2332 2333 2346
f 2333 2334 2347
f 2334 2335 2348
f 2335 151 152
f 2322 2336 424
f 2323 2337 2336
f 2324 2338 2337
f 2325 2339 2338
f 2326 2340 2339
f 2327 2341 2340
f 2328 2342 2341
f 2329 2343 2342
f 2330 2344 2343
f 2331 2345 2344
f 2332 2346 2345
f 2333 2347 2346
f 2334 2348 2347
f 2335 152 2348
f 424 2336 425
f 2336 2337 2349
f 2337 2338 2350
f 2338 2339 2351
f 2339 2340 2352
f 2340 2341 2353
f 2341 2342 2354
f 2342 2343 2355
f 2343 2344 2356
f 2344 2345 2357
f 2345 2346 2358
f 2346 2347 2359
f 2347 2348 2360
f 2348 152 153
f 2336 2349 425
f 2337 2350 2349
f 2338 2351 2350
f 2339 2352 2351
f 2340 2353 2352
f 2341 2354 2353
f 2342 2355 2354
f 2343 2356 2355
f 2344 2357 2356
f 2345 2358 2357
f 2346 2359 2358
f 2347 2360 2359
f 2348 153 2360
f 425 2349 426
f 2349 2350 2361
f 2350 2351 2362
f 2351 2352 2363
f 2352 2353 2364
f 2353 2354 2365
f 2354 2355 2366
f 2355 2356 2367
f 2356 2357 2368
f 2357 2358 2369
f 2358 2359 2370
f 2359 2360 2371
f 2360 153 154
f 2349 2361 426
f 2350 2362 2361
f 2351 2363 2362
f 2352 2364 2363
f 2353 2365 2364
f 2354 2366 2365
f 2355 2367 2366
f 2356 2368 2367
f 2357 2369 2368
f 2358 2370 2369
f 2359 2371 2370
f 2360 154 2371
f 426 2361 427
f 2361 2362 2372
f 2362 2363 2373
f 2363 2364 2374
f 2364 2365 2375
f 2365 2366 2376
f 2366 2367 2377
f 2367 2368 2378
f 2368 2369 2379
f 2369 2370 2380
f 2370 2371 2381
f 2371 154 155
f 2361 2372 427
f 2362 2373 2372
f 2363 2374 2373
f 2364 2375 2374
f 2365 2376 2375
f 2366 2377 2376
f 2367 2378 2377
f 2368 2379 2378
f 2369 2380 2379
f 2370 2381 2380
f 2371 155 2381
f 427 2372 428
f 2372 2373 2382
f 2373 2374 2383
f 2374 2375 2384
f 2375 2376 2385
f 2376 2377 2386
f 2377 2378 2387
f 2378 2379 2388
f 2379 2380 2389
f 2380 2381 2390
f 2381 155 156
f 2372 2382 428
f 2373 2383 2382
f 2374 2384 2383
f 2375 2385 2384
f 2376 2386 2385
f 2377 2387 2386
f 2378 2388 2387
f 2379 2389 2388
f 2380 2390 2389
f 2381 156 2390
f 428 2382 429
f 2382 2383 2391
f 2383 2384 2392
f 2384 2385 2393
f 2385 2386 2394
f 2386 2387 2395
f 2387 2388 2396
f 2388 2389 2397
f 2389 2390 2398
f 2390 156 157
f 2382 2391 429
f 2383 2392 2391
f 2384 2393 2392
f 2385 2394 2393
f 2386 2395 2394
f 2387 2396 2395
f 2388 2397 2396
f 2389 2398 2397
f 2390 157 2398
f 429 2391 430
f 2391 2392 2399
f 2392 2393 2400
f 2393 2394 2401
f 2394 2395 2402
f 2395 2396 2403
f 2396 2397 2404
f 2397 2398 2405
f 2398 157 158
f 2391 2399 430
f 2392 2400 2399
f 2393 2401 2400
f 2394 2402 2401
f 2395 2403 2402
f 2396 2404 2403
f 2397 2405 2404
f 2398 158 2405
f 430 2399 431
f 2399 2400 2406
f 2400 2401 2407
f 2401 2402 2408
f 2402 2403 2409
f 2403 2404 2410
f 2404 2405 2411
f 2405 158 159
f 2399 2406 431
f 2400 2407 2406
f 2401 2408 2407
f 2402 2409 2408
f 2403 2410 2409
f 2404 2411 2410
f 2405 159 2411
f 431 2406 432
f 2406 2407 2412
f 2407 2408 2413
f 2408 2409 2414
f 2409 2410 2415
f 2410 2411 2416
f 2411 159 160
f 2406 2412 432
f 2407 2413 2412
f 2408 2414 2413
f 2409 2415 2414
f 2410 2416 2415
f 2411 160 2416
f 432 2412 433
f 2412 2413 2417
f 2413 2414 2418
f 2414 2415 2419
f 2415 2416 2420
f 2416 160 161
f 2412 2417 433
f 2413 2418 2417
f 2414 2419 2418
f 2415 2420 2419
f 2416 161 2420
f 433 2417 434
f 2417 2418 2421
f 2418 2419 2422
f 2419 2420 2423
f 2420 161 162
f 2417 2421 434
f 2418 2422 2421
f 2419 2423 2422
f 2420 162 2423
f 434 2421 435
f 2421 2422 2424
f 2422 2423 2425
f 2423 162 163
f 2421 2424 435
f 2422 2425 2424
f 2423 163 2425
f 435 2424 436
f 2424 2425 2426
f 2425 163 164
f 2424 2426 436
f 2425 164 2426
f 436 2426 437
f 2426 164 165
f 2426 165 437
f 437 165 9
f 4 421 183
f 421 422 2427
f 422 423 2428
f 423 424 2429
f 424 425 2430
f 425 426 2431
f 426 427 2432
f 427 428 2433
f 428 429 2434
f 429 430 2435
f 430 431 2436
f 431 432 2437
f 432 433 2438
f 433 434 2439
f 434 435 2440
f 435 436 2441
f 436 437 2442
f 437 9 47
f 421 2427 183
f 422 2428 2427
f 423 2429 2428
f 424 2430 2429
f 425 2431 2430
f 426 2432 2431
f 427 2433 2432
f 428 2434 2433
f 429 2435 2434
f 430 2436 2435
f 431 2437 2436
f 432 2438 2437
f 433 2439 2438
f 434 2440 2439
f 435 2441 2440
f 436 2442 2441
f 437 47 2442
f 183 2427 184
f 2427 2428 2443
f 2428 2429 2444
f 2429 2430 2445
f 2430 2431 2446
f 2431 2432 2447
f 2432 2433 2448
f 2433 2434 2449
f 2434 2435 2450
f 2435 2436 2451
f 2436 2437 2452
f 2437 2438 2453
f 2438 2439 2454
f 2439 2440 2455
f 2440 2441 2456
f 2441 2442 2457
f 2442 47 48
f 2427 2443 184
f 2428 2444 2443
f 2429 2445 2444
f 2430 2446 2445
f 2431 2447 2446
f 2432 2448 2447
f 2433 2449 2448
f 2434 2450 2449
f 2435 2451 2450
f 2436 2452 2451
f 2437 2453 2452
f 2438 2454 2453
f 2439 2455 2454
f 2440 2456 2455
f 2441 2457 2456
f 2442 48 2457
f 184 2443 185
f 2443 2444 2458
f 2444 2445 2459
f 2445 2446 2460
f 2446 2447 2461
f 2447 2448 2462
f 2448 2449 2463
f 2449 2450 2464
f 2450 2451 2465
f 2451 2452 2466
f 2452 2453 2467
f 2453 2454 2468
f 2454 2455 2469
f 2455 2456 2470
f 2456 2457 2471
f 2457 48 49
f 2443 2458 185
f 2444 2459 2458
f 2445 2460 2459
f 2446 2461 2460
f 2447 2462 2461
f 2448 2463 2462
f 2449 2464 2463
f 2450 2465 2464
f 2451 2466 2465
f 2452 2467 2466
f 2453 2468 2467
f 2454 2469 2468
f 2455 2470 2469
f 2456 2471 2470
f 2457 49 2471
f 185 2458 186
f 2458 2459 2472
f 2459 2460 2473
f 2460 2461 2474
f 2461 2462 2475
f 2462 2463 2476
f 2463 2464 2477
f 2464 2465 2478
f 2465 2466 2479
f 2466 2467 2480
f 2467 2468 2481
f 2468 2469 2482
f 2469 2470 2483
f 2470 2471 2484
f 2471 49 50
f 2458 2472 186
f 2459 2473 2472
f 2460 2474 2473
f 2461 2475 2474
f 2462 2476 2475
f 2463 2477 2476
f 2464 2478 2477
f 2465 2479 2478
f 2466 2480 2479
f 2467 2481 2480
f 2468 2482 2481
f 2469 2483 2482
f 2470 2484 2483
f 2471 50 2484
f 186 2472 187
f 2472 2473 2485
f 2473 2474 2486
f 2474 2475 2487
f 2475 2476 2488
f 2476 2477 2489
f 2477 2478 2490
f 2478 2479 2491
f 2479 2480 2492
f 2480 2481 2493
f 2481 2482 2494
f 2482 2483 2495
f 2483 2484 2496
f 2484 50 51
f 2472 2485 187
f 2473 2486 2485
f 2474 2487 2486
f 2475 2488 2487
f 2476 2489 2488
f 2477 2490 2489
f 2478 2491 2490
f 2479 2492 2491
f 2480 2493 2492
f 2481 2494 2493
f 2482 2495 2494
f 2483 2496 2495
f 2484 51 2496
f 187 2485 188
f 2485 2486 2497
f 2486 2487 2498
f 2487 2488 2499
f 2488 2489 2500
f 2489 2490 2501
f 2490 2491 2502
f 2491 2492 2503
f 2492 2493 2504
f 2493 2494 2505
f 2494 2495 2506
f 2495 2496 2507
f 2496 51 52
f 2485 2497 188
f 2486 2498 2497
f 2487 2499 2498
f 2488 2500 2499
f 2489 2501 2500
f 2490 2502 2501
f 2491 2503 2502
f 2492 2504 2503
f 2493 2505 2504
f 2494 2506 2505
f 2495 2507 2506
f 2496 52 2507
f 188 2497 189
f 2497 2498 2508
f 2498 2499 2509
f 2499 2500 2510
f 2500 2501 2511
f 2501 2502 2512
f 2502 2503 2513
f 2503 2504 2514
f 2504 2505 2515
f 2505 2506 2516
f 2506 2507 2517
f 2507 52 53
f 2497 2508 189
f 2498 2509 2508
f 2499 2510 2509
f 2500 2511 2510
f 2501 2512 2511
f 2502 2513 2512
f 2503 2514 2513
f 2504 2515 2514
f 2505 2516 2515
f 2506 2517 2516
f 2507 53 2517
f 189 2508 190
f 2508 2509 2518
f 2509 2510 2519
f 2510 2511 2520
f 2511 2512 2521
f 2512 2513 2522
f 2513 2514 2523
f 2514 2515 2524
f 2515 2516 2525
f 2516 2517 2526
f 2517 53 54
f 2508 2518 190
f 2509 2519 2518
f 2510 2520 2519
f 2511 2521 2520
f 2512 2522 2521
f 2513 2523 2522
f 2514 2524 2523
f 2515 2525 2524
f 2516 2526 2525
f 2517 54 2526
f 190 2518 191
f 2518 2519 2527
f 2519 2520 2528
f 2520 2521 2529
f 2521 2522 2530
f 2522 2523 2531
f 2523 2524 2532
f 2524 2525 2533
f 2525 2526 2534
f 2526 54 55
f 2518 2527 191
f 2519 2528 2527
f 2520 2529 2528
f 2521 2530 2529
f 2522 2531 2530
f 2523 2532 2531
f 2524 2533 2532
f 2525 2534 2533
f 2526 55 2534
f 191 2527 192
f 2527 2528 2535
f 2528 2529 2536
f 2529 2530 2537
f 2530 2531 2538
f 2531 2532 2539
f 2532 2533 2540
f 2533 2534 2541
f 2534 55 56
f 2527 2535 192
f 2528 2536 2535
f 2529 2537 2536
f 2530 2538 2537
f 2531 2539 2538
f 2532 2540 2539
f 2533 2541 2540
f 2534 56 2541
f 192 2535 193
f 2535 2536 2542
f 2536 2537 2543
f 2537 2538 2544
f 2538 2539 2545
f 2539 2540 2546
f 2540 2541 2547
f 2541 56 57
f 2535 2542 193
f 2536 2543 2542
f 2537 2544 2543
f 2538 2545 2544
f 2539 2546 2545
f 2540 2547 2546
f 2541 57 2547
f 193 2542 194
f 2542 2543 2548
f 2543 2544 2549
f 2544 2545 2550
f 2545 2546 2551
f 2546 2547 2552
f 2547 57 58
f 2542 2548 194
f 2543 2549 2548
f 2544 2550 2549
f 2545 2551 2550
f 2546 2552 2551
f 2547 58 2552
f 194 2548 195
f 2548 2549 2553
f 2549 2550 2554
f 2550 2551 2555
f 2551 2552 2556
f 2552 58 59
f 2548 2553 195
f 2549 2554 2553
f 2550 2555 2554
f 2551 2556 2555
f 2552 59 2556
f 195 2553 196
f 2553 2554 2557
f 2554 2555 2558
f 2555 2556 2559
f 2556 59 60
f 2553 2557 196
f 2554 2558 2557
f 2555 2559 2558
f 2556 60 2559
f 196 2557 197
f 2557 2558 2560
f 2558 2559 2561
f 2559 60 61
f 2557 2560 197
f 2558 2561 2560
f 2559 61 2561
f 197 2560 198
f 2560 2561 2562
f 2561 61 62
f 2560 2562 198
f 2561 62 2562
f 198 2562 199
f 2562 62 63
f 2562 63 199
f 199 63 10
f 5 30 166
f 30 31 2563
f 31 32 2564
f 32 33 2565
f 33 34 2566
f 34 35 2567
f 35 36 2568
f 36 37 2569
f 37 38 2570
f 38 39 2571
f 39 40 2572
f 40 41 2573
f 41 42 2574
f 42 43 2575
f 43 44 2576
f 44 45 2577
f 45 46 2578
f 46 10 233
f 30 2563 166
f 31 2564 2563
f 32 2565 2564
f 33 2566 2565
f 34 2567 2566
f 35 2568 2567
f 36 2569 2568
f 37 2570 2569
f 38 2571 2570
f 39 2572 2571
f 40 2573 2572
f 41 2574 2573
f 42 2575 2574
f 43 2576 2575
f 44 2577 2576
f 45 2578 2577
f 46 233 2578
f 166 2563 167
f 2563 2564 2579
f 2564 2565 2580
f 2565 2566 2581
f 2566 2567 2582
f 2567 2568 2583
f 2568 2569 2584
f 2569 2570 2585
f 2570 2571 2586
f 2571 2572 2587
f 2572 2573 2588
f 2573 2574 2589
f 2574 2575 2590
f 2575 2576 2591
f 2576 2577 2592
f 2577 2578 2593
f 2578 233 232
f 2563 2579 167
f 2564 2580 2579
f 2565 2581 2580
f 2566 2582 2581
f 2567 2583 2582
f 2568 2584 2583
f 2569 2585 2584
f 2570 2586 2585
f 2571 2587 2586
f 2572 2588 2587
f 2573 2589 2588
f 2574 2590 2589
f 2575 2591 2590
f 2576 2592 2591
f 2577 2593 2592
f 2578 232 2593
f 167 2579 168
f 2579 2580 2594
f 2580 2581 2595
f 2581 2582 2596
f 2582 2583 2597
f 2583 2584 2598
f 2584 2585 2599
f 2585 2586 2600
f 2586 2587 2601
f 2587 2588 2602
f 2588 2589 2603
f 2589 2590 2604
f 2590 2591 2605
f 2591 2592 2606
f 2592 2593 2607
f 2593 232 231
f 2579 2594 168
f 2580 2595 2594
f 2581 2596 2595
f 2582 2597 2596
f 2583 2598 2597
f 2584 2599 2598
f 2585 2600 2599
f 2586 2601 2600
f 2587 2602 2601
f 2588 2603 2602
f 2589 2604 2603
f 2590 2605 2604
f 2591 2606 2605
f 2592 2607 2606
f 2593 231 2607
f 168 2594 169
f 2594 2595 2608
f 2595 2596 2609
f 2596 2597 2610
f 2597 2598 2611
f 2598 2599 2612
f 2599 2600 2613
f 2600 2601 2614
f 2601 2602 2615
f 2602 2603 2616
f 2603 2604 2617
f 2604 2605 2618
f 2605 2606 2619
f 2606 2607 2620
f 2607 231 230
f 2594 2608 169
f 2595 2609 2608
f 2596 2610 2609
f 2597 2611 2610
f 2598 2612 2611
f 2599 2613 2612
f 2600 2614 2613
f 2601 2615 2614
f 2602 2616 2615
f 2603 2617 2616
f 2604 2618 2617
f 2605 2619 2618
f 2606 2620 2619
f 2607 230 2620
f 169 2608 170
f 2608 2609 2621
f 2609 2610 2622
f 2610 2611 2623
f 2611 2612 2624
f 2612 2613 2625
f 2613 2614 2626
f 2614 2615 2627
f 2615 2616 2628
f 2616 2617 2629
f 2617 2618 2630
f 2618 2619 2631
f 2619 2620 2632
f 2620 230 229
f 2608 2621 170
f 2609 2622 2621
f 2610 2623 2622
f 2611 2624 2623
f 2612 2625 2624
f 2613 2626 2625
f 2614 2627 2626
f 2615 2628 2627
f 2616 2629 2628
f 2617 2630 2629
f 2618 2631 2630
f 2619 2632 2631
f 2620 229 2632
f 170 2621 171
f 2621 2622 2633
f 2622 2623 2634
f 2623 2624 2635
f 2624 2625 2636
f 2625 2626 2637
f 2626 2627 2638
f 2627 2628 2639
f 2628 2629 2640
f 2629 2630 2641
f 2630 2631 2642
f 2631 2632 2643
f 2632 229 228
f 2621 2633 171
f 2622 2634 2633
f 2623 2635 2634
f 2624 2636 2635
f 2625 2637 2636
f 2626 2638 2637
f 2627 2639 2638
f 2628 2640 2639
f 2629 2641 2640
f 2630 2642 2641
f 2631 2643 2642
f 2632 228 2643
f 171 2633 172
f 2633 2634 2644
f 2634 2635 2645
f 2635 2636 2646
f 2636 2637 2647
f 2637 2638 2648
f 2638 2639 2649
f 2639 2640 2650
f 2640 2641 2651
f 2641 2642 2652
f 2642 2643 2653
f 2643 228 227
f 2633 2644 172
f 2634 2645 2644
f 2635 2646 2645
f 2636 2647 2646
f 2637 2648 2647
f 2638 2649 2648
f 2639 2650 2649
f 2640 2651 2650
f 2641 2652 2651
f 2642 2653 2652
f 2643 227 2653
f 172 2644 173
f 2644 2645 2654
f 2645 2646 2655
f 2646 2647 2656
f 2647 2648 2657
f 2648 2649 2658
f 2649 2650 2659
f 2650 2651 2660
f 2651 2652 2661
f 2652 2653 2662
f 2653 227 226
f 2644 2654 173
f 2645 2655 2654
f 2646 2656 2655
f 2647 2657 2656
f 2648 2658 2657
f 2649 2659 2658
f 2650 2660 2659
f 2651 2661 2660
f 2652 2662 2661
f 2653 226 2662
f 173 2654 174
f 2654 2655 2663
f 2655 2656 2664
f 2656 2657 2665
f 2657 2658 2666
f 2658 2659 2667
f 2659 2660 2668
f 2660 2661 2669
f 2661 2662 2670
f 2662 226 225
f 2654 2663 174
f 2655 2664 2663
f 2656 2665 2664
f 2657 2666 2665
f 2658 2667 2666
f 2659 2668 2667
f 2660 2669 2668
f 2661 2670 2669
f 2662 225 2670
f 174 2663 175
f 2663 2664 2671
f 2664 2665 2672
f 2665 2666 2673
f 2666 2667 2674
f 2667 2668 2675
f 2668 2669 2676
f 2669 2670 2677
f 2670 225 224
f 2663 2671 175
f 2664 2672 2671
f 2665 2673 2672
f 2666 2674 2673
f 2667 2675 2674
f 2668 2676 2675
f 2669 2677 2676
f 2670 224 2677
f 175 2671 176
f 2671 2672 2678
f 2672 2673 2679
f 2673 2674 2680
f 2674 2675 2681
f 2675 2676 2682
f 2676 2677 2683
f 2677 224 223
f 2671 2678 176
f 2672 2679 2678
f 2673 2680 2679
f 2674 2681 2680
f 2675 2682 2681
f 2676 2683 2682
f 2677 223 2683
f 176 2678 177
f 2678 2679 2684
f 2679 2680 2685
f 2680 2681 2686
f 2681 2682 2687
f 2682 2683 2688
f 2683 223 222
f 2678 2684 177
f 2679 2685 2684
f 2680 2686 2685
f 2681 2687 2686
f 2682 2688 2687
f 2683 222 2688
f 177 2684 178
f 2684 2685 2689
f 2685 2686 2690
f 2686 2687 2691
f 2687 2688 2692
f 2688 222 221
f 2684 2689 178
f 2685 2690 2689
f 2686 2691 2690
f 2687 2692 2691
f 2688 221 2692
f 178 2689 179
f 2689 2690 2693
f 2690 2691 2694
f 2691 2692 2695
f 2692 221 220
f 2689 2693 179
f 2690 2694 2693
f 2691 2695 2694
f 2692 220 2695
f 179 2693 180
f 2693 2694 2696
f 2694 2695 2697
f 2695 220 219
f 2693 2696 180
f 2694 2697 2696
f 2695 219 2697
f 180 2696 181
f 2696 2697 2698
f 2697 219 218
f 2696 2698 181
f 2697 218 2698
f 181 2698 182
f 2698 218 217
f 2698 217 182
f 182 217 6
f 3 285 81
f 285 286 2699
f 286 287 2700
f 287 288 2701
f 288 289 2702
f 289 290 2703
f 290 291 2704
f 291 292 2705
f 292 293 2706
f 293 294 2707
f 294 295 2708
f 295 296 2709
f 296 297 2710
f 297 298 2711
f 298 299 2712
f 299 300 2713
f 300 301 2714
f 301 5 234
f 285 2699 81
f 286 2700 2699
f 287 2701 2700
f 288 2702 2701
f 289 2703 2702
f 290 2704 2703
f 291 2705 2704
f 292 2706 2705
f 293 2707 2706
f 294 2708 2707
f 295 2709 2708
f 296 2710 2709
f 297 2711 2710
f 298 2712 2711
f 299 2713 2712
f 300 2714 2713
f 301 234 2714
f 81 2699 82
f 2699 2700 2715
f 2700 2701 2716
f 2701 2702 2717
f 2702 2703 2718
f 2703 2704 2719
f 2704 2705 2720
f 2705 2706 2721
f 2706 2707 2722
f 2707 2708 2723
f 2708 2709 2724
f 2709 2710 2725
f 2710 2711 2726
f 2711 2712 2727
f 2712 2713 2728
f 2713 2714 2729
f 2714 234 235
f 2699 2715 82
f 2700 2716 2715
f 2701 2717 2716
f 2702 2718 2717
f 2703 2719 2718
f 2704 2720 2719
f 2705 2721 2720
f 2706 2722 2721
f 2707 2723 2722
f 2708 2724 2723
f 2709 2725 2724
f 2710 2726 2725
f 2711 2727 2726
f 2712 2728 2727
f 2713 2729 2728
f 2714 235 2729
f 82 2715 83
f 2715 2716 2730
f 2716 2717 2731
f 2717 2718 2732
f 2718 2719 2733
f 2719 2720 2734
f 2720 2721 2735
f 2721 2722 2736
f 2722 2723 2737
f 2723 2724 2738
f 2724 2725 2739
f 2725 2726 2740
f 2726 2727 2741
f 2727 2728 2742
f 2728 2729 2743
f 2729 235 236
f 2715 2730 83
f 2716 2731 2730
f 2717 2732 2731
f 2718 2733 2732
f 2719 2734 2733
f 2720 2735 2734
f 2721 2736 2735
f 2722 2737 2736
f 2723 2738 2737
f 2724 2739 2738
f 2725 2740 2739
f 2726 2741 2740
f 2727 2742 2741
f 2728 2743 2742
f 2729 236 2743
f 83 2730 84
f 2730 2731 2744
f 2731 2732 2745
f 2732 2733 2746
f 2733 2734 2747
f 2734 2735 2748
f 2735 2736 2749
f 2736 2737 2750
f 2737 2738 2751
f 2738 2739 2752
f 2739 2740 2753
f 2740 2741 2754
f 2741 2742 2755
f 2742 2743 2756
f 2743 236 237
f 2730 2744 84
f 2731 2745 2744
f 2732 2746 2745
f 2733 2747 2746
f 2734 2748 2747
f 2735 2749 2748
f 2736 2750 2749
f 2737 2751 2750
f 2738 2752 2751
f 2739 2753 2752
f 2740 2754 2753
f 2741 2755 2754
f 2742 2756 2755
f 2743 237 2756
f 84 2744 85
f 2744 2745 2757
f 2745 2746 2758
f 2746 2747 2759
f 2747 2748 2760
f 2748 2749 2761
f 2749 2750 2762
f 2750 2751 2763
f 2751 2752 2764
f 2752 2753 2765
f 2753 2754 2766
f 2754 2755 2767
f 2755 2756 2768
f 2756 237 238
f 2744 2757 85
f 2745 2758 2757
f 2746 2759 2758
f 2747 2760 2759
f 2748 2761 2760
f 2749 2762 2761
f 2750 2763 2762
f 2751 2764 2763
f 2752 2765 2764
f 2753 2766 2765
f 2754 2767 2766
f 2755 2768 2767
f 2756 238 2768
f 85 2757 86
f 2757 2758 2769
f 2758 2759 2770
f 2759 2760 2771
f 2760 2761 2772
f 2761 2762 2773
f 2762 2763 2774
f 2763 2764 2775
f 2764 2765 2776
f 2765 2766 2777
f 2766 2767 2778
f 2767 2768 2779
f 2768 238 239
f 2757 2769 86
f 2758 2770 2769
f 2759 2771 2770
f 2760 2772 2771
f 2761 2773 2772
f 2762 2774 2773
f 2763 2775 2774
f 2764 2776 2775
f 2765 2777 2776
f 2766 2778 2777
f 2767 2779 2778
f 2768 239 2779
f 86 2769 87
f 2769 2770 2780
f 2770 2771 2781
f 2771 2772 2782
f 2772 2773 2783
f 2773 2774 2784
f 2774 2775 2785
f 2775 2776 2786
f 2776 2777 2787
f 2777 2778 2788
f 2778 2779 2789
f 2779 239 240
f 2769 2780 87
f 2770 2781 2780
f 2771 2782 2781
f 2772 2783 2782
f 2773 2784 2783
f 2774 2785 2784
f 2775 2786 2785
f 2776 2787 2786
f 2777 2788 2787
f 2778 2789 2788
f 2779 240 2789
f 87 2780 88
f 2780 2781 2790
f 2781 2782 2791
f 2782 2783 2792
f 2783 2784 2793
f 2784 2785 2794
f 2785 2786 2795
f 2786 2787 2796
f 2787 2788 2797
f 2788 2789 2798
f 2789 240 241
f 2780 2790 88
f 2781 2791 2790
f 2782 2792 2791
f 2783 2793 2792
f 2784 2794 2793
f 2785 2795 2794
f 2786 2796 2795
f 2787 2797 2796
f 2788 2798 2797
f 2789 241 2798
f 88 2790 89
f 2790 2791 2799
f 2791 2792 2800
f 2792 2793 2801
f 2793 2794 2802
f 2794 2795 2803
f 2795 2796 2804
f 2796 2797 2805
f 2797 2798 2806
f 2798 241 242
f 2790 2799 89
f 2791 2800 2799
f 2792 2801 2800
f 2793 2802 2801
f 2794 2803 2802
f 2795 2804 2803
f 2796 2805 2804
f 2797 2806 2805
f 2798 242 2806
f 89 2799 90
f 2799 2800 2807
f 2800 2801 2808
f 2801 2802 2809
f 2802 2803 2810
f 2803 2804 2811
f 2804 2805 2812
f 2805 2806 2813
f 2806 242 243
f 2799 2807 90
f 2800 2808 2807
f 2801 2809 2808
f 2802 2810 2809
f 2803 2811 2810
f 2804 2812 2811
f 2805 2813 2812
f 2806 243 2813
f 90 2807 91
f 2807 2808 2814
f 2808 2809 2815
f 2809 2810 2816
f 2810 2811 2817
f 2811 2812 2818
f 2812 2813 2819
f 2813 243 244
f 2807 2814 91
f 2808 2815 2814
f 2809 2816 2815
f 2810 2817 2816
f 2811 2818 2817
f 2812 2819 2818
f 2813 244 2819
f 91 2814 92
f 2814 2815 2820
f 2815 2816 2821
f 2816 2817 2822
f 2817 2818 2823
f 2818 2819 2824
f 2819 244 245
f 2814 2820 92
f 2815 2821 2820
f 2816 2822 2821
f 2817 2823 2822
f 2818 2824 2823
f 2819 245 2824
f 92 2820 93
f 2820 2821 2825
f 2821 2822 2826
f 2822 2823 2827
f 2823 2824 2828
f 2824 245 246
f 2820 2825 93
f 2821 2826 2825
f 2822 2827 2826
f 2823 2828 2827
f 2824 246 2828
f 93 2825 94
f 2825 2826 2829
f 2826 2827 2830
f 2827 2828 2831
f 2828 246 247
f 2825 2829 94
f 2826 2830 2829
f 2827 2831 2830
f 2828 247 2831
f 94 2829 95
f 2829 2830 2832
f 2830 2831 2833
f 2831 247 248
f 2829 2832 95
f 2830 2833 2832
f 2831 248 2833
f 95 2832 96
f 2832 2833 2834
f 2833 248 249
f 2832 2834 96
f 2833 249 2834
f 96 2834 97
f 2834 249 250
f 2834 250 97
f 97 250 12
f 7 505 404
f 505 504 2835
f 504 503 2836
f 503 502 2837
f 502 501 2838
f 501 500 2839
f 500 499 2840
f 499 498 2841
f 498 497 2842
f 497 496 2843
f 496 495 2844
f 495 494 2845
f 494 493 2846
f 493 492 2847
f 492 491 2848
f 491 490 2849
f 490 489 2850
f 489 3 353
f 505 2835 404
f 504 2836 2835
f 503 2837 2836
f 502 2838 2837
f 501 2839 2838
f 500 2840 2839
f 499 2841 2840
f 498 2842 2841
f 497 2843 2842
f 496 2844 2843
f 495 2845 2844
f 494 2846 2845
f 493 2847 2846
f 492 2848 2847
f 491 2849 2848
f 490 2850 2849
f 489 353 2850
f 404 2835 405
f 2835 2836 2851
f 2836 2837 2852
f 2837 2838 2853
f 2838 2839 2854
f 2839 2840 2855
f 2840 2841 2856
f 2841 2842 2857
f 2842 2843 2858
f 2843 2844 2859
f 2844 2845 2860
f 2845 2846 2861
f 2846 2847 2862
f 2847 2848 2863
f 2848 2849 2864
f 2849 2850 2865
f 2850 353 354
f 2835 2851 405
f 2836 2852 2851
f 2837 2853 2852
f 2838 2854 2853
f 2839 2855 2854
f 2840 2856 2855
f 2841 2857 2856
f 2842 2858 2857
f 2843 2859 2858
f 2844 2860 2859
f 2845 2861 2860
f 2846 2862 2861
f 2847 2863 2862
f 2848 2864 2863
f 2849 2865 2864
f 2850 354 2865
f 405 2851 406
f 2851 2852 2866
f 2852 2853 2867
f 2853 2854 2868
f 2854 2855 2869
f 2855 2856 2870
f 2856 2857 2871
f 2857 2858 2872
f 2858 2859 2873
f 2859 2860 2874
f 2860 2861 2875
f 2861 2862 2876
f 2862 2863 2877
f 2863 2864 2878
f 2864 2865 2879
f 2865 354 355
f 2851 2866 406
f 2852 2867 2866
f 2853 2868 2867
f 2854 2869 2868
f 2855 2870 2869
f 2856 2871 2870
f 2857 2872 2871
f 2858 2873 2872
f 2859 2874 2873
f 2860 2875 2874
f 2861 2876 2875
f 2862 2877 2876
f 2863 2878 2877
f 2864 2879 2878
f 2865 355 2879
f 406 2866 407
f 2866 2867 2880
f 2867 2868 2881
f 2868 2869 2882
f 2869 2870 2883
f 2870 2871 2884
f 2871 2872 2885
f 2872 2873 2886
f 2873 2874 2887
f 2874 2875 2888
f 2875 2876 2889
f 2876 2877 2890
f 2877 2878 2891
f 2878 2879 2892
f 2879 355 356
f 2866 2880 407
f 2867 2881 2880
f 2868 2882 2881
f 2869 2883 2882
f 2870 2884 2883
f 2871 2885 2884
f 2872 2886 2885
f 2873 2887 2886
f 2874 2888 2887
f 2875 2889 2888
f 2876 2890 2889
f 2877 2891 2890
f 2878 2892 2891
f 2879 356 2892
f 407 2880 408
f 2880 2881 2893
f 2881 2882 2894
f 2882 2883 2895
f 2883 2884 2896
f 2884 2885 2897
f 2885 2886 2898
f 2886 2887 2899
f 2887 2888 2900
f 2888 2889 2901
f 2889 2890 2902
f 2890 2891 2903
f 2891 2892 2904
f 2892 356 357
f 2880 2893 408
f 2881 2894 2893
f 2882 2895 2894
f 2883 2896 2895
f 2884 2897 2896
f 2885 2898 2897
f 2886 2899 2898
f 2887 2900 2899
f 2888 2901 2900
f 2889 2902 2901
f 2890 2903 2902
f 2891 2904 2903
f 2892 357 2904
f 408 2893 409
f 2893 2894 2905
f 2894 2895 2906
f 2895 2896 2907
f 2896 2897 2908
f 2897 2898 2909
f 2898 2899 2910
f 2899 2900 2911
f 2900 2901 2912
f 2901 2902 2913
f 2902 2903 2914
f 2903 2904 2915
f 2904 357 358
f 2893 2905 409
f 2894 2906 2905
f 2895 2907 2906
f 2896 2908 2907
f 2897 2909 2908
f 2898 2910 2909
f 2899 2911 2910
f 2900 2912 2911
f 2901 2913 2912
f 2902 2914 2913
f 2903 2915 2914
f 2904 358 2915
f 409 2905 410
f 2905 2906 2916
f 2906 2907 2917
f 2907 2908 2918
f 2908 2909 2919
f 2909 2910 2920
f 2910 2911 2921
f 2911 2912 2922
f 2912 2913 2923
f 2913 2914 2924
f 2914 2915 2925
f 2915 358 359
f 2905 2916 410
f 2906 2917 2916
f 2907 2918 2917
f 2908 2919 2918
f 2909 2920 2919
f 2910 2921 2920
f 2911 2922 2921
f 2912 2923 2922
f 2913 2924 2923
f 2914 2925 2924
f 2915 359 2925
f 410 2916 411
f 2916 2917 2926
f 2917 2918 2927
f 2918 2919 2928
f 2919 2920 2929
f 2920 2921 2930
f 2921 2922 2931
f 2922 2923 2932
f 2923 2924 2933
f 2924 2925 2934
f 2925 359 360
f 2916 2926 411
f 2917 2927 2926
f 2918 2928 2927
f 2919 2929 2928
f 2920 2930 2929
f 2921 2931 2930
f 2922 2932 2931
f 2923 2933 2932
f 2924 2934 2933
f 2925 360 2934
f 411 2926 412
f 2926 2927 2935
f 2927 2928 2936
f 2928 2929 2937
f 2929 2930 2938
f 2930 2931 2939
f 2931 2932 2940
f 2932 2933 2941
f 2933 2934 2942
f 2934 360 361
f 2926 2935 412
f 2927 2936 2935
f 2928 2937 2936
f 2929 2938 2937
f 2930 2939 2938
f 2931 2940 2939
f 2932 2941 2940
f 2933 2942 2941
f 2934 361 2942
f 412 2935 413
f 2935 2936 2943
f 2936 2937 2944
f 2937 2938 2945
f 2938 2939 2946
f 2939 2940 2947
f 2940 2941 2948
f 2941 2942 2949
f 2942 361 362
f 2935 2943 413
f 2936 2944 2943
f 2937 2945 2944
f 2938 2946 2945
f 2939 2947 2946
f 2940 2948 2947
f 2941 2949 2948
f 2942 362 2949
f 413 2943 414
f 2943 2944 2950
f 2944 2945 2951
f 2945 2946 2952
f 2946 2947 2953
f 2947 2948 2954
f 2948 2949 2955
f 2949 362 363
f 2943 2950 414
f 2944 2951 2950
f 2945 2952 2951
f 2946 2953 2952
f 2947 2954 2953
f 2948 2955 2954
f 2949 363 2955
f 414 2950 415
f 2950 2951 2956
f 2951 2952 2957
f 2952 2953 2958
f 2953 2954 2959
f 2954 2955 2960
f 2955 363 364
f 2950 2956 415
f 2951 2957 2956
f 2952 2958 2957
f 2953 2959 2958
f 2954 2960 2959
f 2955 364 2960
f 415 2956 416
f 2956 2957 2961
f 2957 2958 2962
f 2958 2959 2963
f 2959 2960 2964
f 2960 364 365
f 2956 2961 416
f 2957 2962 2961
f 2958 2963 2962
f 2959 2964 2963
f 2960 365 2964
f 416 2961 417
f 2961 2962 2965
f 2962 2963 2966
f 2963 2964 2967
f 2964 365 366
f 2961 2965 417
f 2962 2966 2965
f 2963 2967 2966
f 2964 366 2967
f 417 2965 418
f 2965 2966 2968
f 2966 2967 2969
f 2967 366 367
f 2965 2968 418
f 2966 2969 2968
f 2967 367 2969
f 418 2968 419
f 2968 2969 2970
f 2969 367 368
f 2968 2970 419
f 2969 368 2970
f 419 2970 420
f 2970 368 369
f 2970 369 420
f 420 369 11
f 9 165 522
f 165 164 2971
f 164 163 2972
f 163 162 2973
f 162 161 2974
f 161 160 2975
f 160 159 2976
f 159 158 2977
f 158 157 2978
f 157 156 2979
f 156 155 2980
f 155 154 2981
f 154 153 2982
f 153 152 2983
f 152 151 2984
f 151 150 2985
f 150 149 2986
f 149 7 387
f 165 2971 522
f 164 2972 2971
f 163 2973 2972
f 162 2974 2973
f 161 2975 2974
f 160 2976 2975
f 159 2977 2976
f 158 2978 2977
f 157 2979 2978
f 156 2980 2979
f 155 2981 2980
f 154 2982 2981
f 153 2983 2982
f 152 2984 2983
f 151 2985 2984
f 150 2986 2985
f 149 387 2986
f 522 2971 521
f 2971 2972 2987
f 2972 2973 2988
f 2973 2974 2989
f 2974 2975 2990
f 2975 2976 2991
f 2976 2977 2992
f 2977 2978 2993
f 2978 2979 2994
f 2979 2980 2995
f 2980 2981 2996
f 2981 2982 2997
f 2982 2983 2998
f 2983 2984 2999
f 2984 2985 3000
f 2985 2986 3001
f 2986 387 388
f 2971 2987 521
f 2972 2988 2987
f 2973 2989 2988
f 2974 2990 2989
f 2975 2991 2990
f 2976 2992 2991
f 2977 2993 2992
f 2978 2994 2993
f 2979 2995 2994
f 2980 2996 2995
f 2981 2997 2996
f 2982 2998 2997
f 2983 2999 2998
f 2984 3000 2999
f 2985 3001 3000
f 2986 388 3001
f 521 2987 520
f 2987 2988 3002
f 2988 2989 3003
f 2989 2990 3004
f 2990 2991 3005
f 2991 2992 3006
f 2992 2993 3007
f 2993 2994 3008
f 2994 2995 3009
f 2995 2996 3010
f 2996 2997 3011
f 2997 2998 3012
f 2998 2999 3013
f 2999 3000 3014
f 3000 3001 3015
f 3001 388 389
f 2987 3002 520
f 2988 3003 3002
f 2989 3004 3003
f 2990 3005 3004
f 2991 3006 3005
f 2992 3007 3006
f 2993 3008 3007
f 2994 3009 3008
f 2995 3010 3009
f 2996 3011 3010
f 2997 3012 3011
f 2998 3013 3012
f 2999 3014 3013
f 3000 3015 3014
f 3001 389 3015
f 520 3002 519
f 3002 3003 3016
f 3003 3004 3017
f 3004 3005 3018
f 3005 3006 3019
f 3006 3007 3020
f 3007 3008 3021
f 3008 3009 3022
f 3009 3010 3023
f 3010 3011 3024
f 3011 3012 3025
f 3012 3013 3026
f 3013 3014 3027
f 3014 3015 3028
f 3015 389 390
f 3002 3016 519
f 3003 3017 3016
f 3004 3018 3017
f 3005 3019 3018
f 3006 3020 3019
f 3007 3021 3020
f 3008 3022 3021
f 3009 3023 3022
f 3010 3024 3023
f 3011 3025 3024
f 3012 3026 3025
f 3013 3027 3026
f 3014 3028 3027
f 3015 390 3028
f 519 3016 518
f 3016 3017 3029
f 3017 3018 3030
f 3018 3019 3031
f 3019 3020 3032
f 3020 3021 3033
f 3021 3022 3034
f 3022 3023 3035
f 3023 3024 3036
f 3024 3025 3037
f 3025 3026 3038
f 3026 3027 3039
f 3027 3028 3040
f 3028 390 391
f 3016 3029 518
f 3017 3030 3029
f 3018 3031 3030
f 3019 3032 3031
f 3020 3033 3032
f 3021 3034 3033
f 3022 3035 3034
f 3023 3036 3035
f 3024 3037 3036
f 3025 3038 3037
f 3026 3039 3038
f 3027 3040 3039
f 3028 391 3040
f 518 3029 517
f 3029 3030 3041
f 3030 3031 3042
f 3031 3032 3043
f 3032 3033 3044
f 3033 3034 3045
f 3034 3035 3046
f 3035 3036 3047
f 3036 3037 3048
f 3037 3038 3049
f 3038 3039 3050
f 3039 3040 3051
f 3040 391 392
f 3029 3041 517
f 3030 3042 3041
f 3031 3043 3042
f 3032 3044 3043
f 3033 3045 3044
f 3034 3046 3045
f 3035 3047 3046
f 3036 3048 3047
f 3037 3049 3048
f 3038 3050 3049
f 3039 3051 3050
f 3040 392 3051
f 517 3041 516
f 3041 3042 3052
f 3042 3043 3053
f 3043 3044 3054
f 3044 3045 3055
f 3045 3046 3056
f 3046 3047 3057
f 3047 3048 3058
f 3048 3049 3059
f 3049 3050 3060
f 3050 3051 3061
f 3051 392 393
f 3041 3052 516
f 3042 3053 3052
f 3043 3054 3053
f 3044 3055 3054
f 3045 3056 3055
f 3046 3057 3056
f 3047 3058 3057
f 3048 3059 3058
f 3049 3060 3059
f 3050 3061 3060
f 3051 393 3061
f 516 3052 515
f 3052 3053 3062
f 3053 3054 3063
f 3054 3055 3064
f 3055 3056 3065
f 3056 3057 3066
f 3057 3058 3067
f 3058 3059 3068
f 3059 3060 3069
f 3060 3061 3070
f 3061 393 394
f 3052 3062 515
f 3053 3063 3062
f 3054 3064 3063
f 3055 3065 3064
f 3056 3066 3065
f 3057 3067 3066
f 3058 3068 3067
f 3059 3069 3068
f 3060 3070 3069
f 3061 394 3070
f 515 3062 514
f 3062 3063 3071
f 3063 3064 3072
f 3064 3065 3073
f 3065 3066 3074
f 3066 3067 3075
f 3067 3068 3076
f 3068 3069 3077
f 3069 3070 3078
f 3070 394 395
f 3062 3071 514
f 3063 3072 3071
f 3064 3073 3072
f 3065 3074 3073
f 3066 3075 3074
f 3067 3076 3075
f 3068 3077 3076
f 3069 3078 3077
f 3070 395 3078
f 514 3071 513
f 3071 3072 3079
f 3072 3073 3080
f 3073 3074 3081
f 3074 3075 3082
f 3075 3076 3083
f 3076 3077 3084
f 3077 3078 3085
f 3078 395 396
f 3071 3079 513
f 3072 3080 3079
f 3073 3081 3080
f 3074 3082 3081
f 3075 3083 3082
f 3076 3084 3083
f 3077 3085 3084
f 3078 396 3085
f 513 3079 512
f 3079 3080 3086
f 3080 3081 3087
f 3081 3082 3088
f 3082 3083 3089
f 3083 3084 3090
f 3084 3085 3091
f 3085 396 397
f 3079 3086 512
f 3080 3087 3086
f 3081 3088 3087
f 3082 3089 3088
f 3083 3090 3089
f 3084 3091 3090
f 3085 397 3091
f 512 3086 511
f 3086 3087 3092
f 3087 3088 3093
f 3088 3089 3094
f 3089 3090 3095
f 3090 3091 3096
f 3091 397 398
f 3086 3092 511
f 3087 3093 3092
f 3088 3094 3093
f 3089 3095 3094
f 3090 3096 3095
f 3091 398 3096
f 511 3092 510
f 3092 3093 3097
f 3093 3094 3098
f 3094 3095 3099
f 3095 3096 3100
f 3096 398 399
f 3092 3097 510
f 3093 3098 3097
f 3094 3099 3098
f 3095 3100 3099
f 3096 399 3100
f 510 3097 509
f 3097 3098 3101
f 3098 3099 3102
f 3099 3100 3103
f 3100 399 400
f 3097 3101 509
f 3098 3102 3101
f 3099 3103 3102
f 3100 400 3103
f 509 3101 508
f 3101 3102 3104
f 3102 3103 3105
f 3103 400 401
f 3101 3104 508
f 3102 3105 3104
f 3103 401 3105
f 508 3104 507
f 3104 3105 3106
f 3105 401 402
f 3104 3106 507
f 3105 402 3106
f 507 3106 506
f 3106 402 403
f 3106 403 506
f 506 403 8
f 10 63 114
f 63 62 3107
f 62 61 3108
f 61 60 3109
f 60 59 3110
f 59 58 3111
f 58 57 3112
f 57 56 3113
f 56 55 3114
f 55 54 3115
f 54 53 3116
f 53 52 3117
f 52 51 3118
f 51 50 3119
f 50 49 3120
f 49 48 3121
f 48 47 3122
f 47 9 386
f 63 3107 114
f 62 3108 3107
f 61 3109 3108
f 60 3110 3109
f 59 3111 3110
f 58 3112 3111
f 57 3113 3112
f 56 3114 3113
f 55 3115 3114
f 54 3116 3115
f 53 3117 3116
f 52 3118 3117
f 51 3119 3118
f 50 3120 3119
f 49 3121 3120
f 48 3122 3121
f 47 386 3122
f 114 3107 113
f 3107 3108 3123
f 3108 3109 3124
f 3109 3110 3125
f 3110 3111 3126
f 3111 3112 3127
f 3112 3113 3128
f 3113 3114 3129
f 3114 3115 3130
f 3115 3116 3131
f 3116 3117 3132
f 3117 3118 3133
f 3118 3119 3134
f 3119 3120 3135
f 3120 3121 3136
f 3121 3122 3137
f 3122 386 385
f 3107 3123 113
f 3108 3124 3123
f 3109 3125 3124
f 3110 3126 3125
f 3111 3127 3126
f 3112 3128 3127
f 3113 3129 3128
f 3114 3130 3129
f 3115 3131 3130
f 3116 3132 3131
f 3117 3133 3132
f 3118 3134 3133
f 3119 3135 3134
f 3120 3136 3135
f 3121 3137 3136
f 3122 385 3137
f 113 3123 112
f 3123 3124 3138
f 3124 3125 3139
f 3125 3126 3140
f 3126 3127 3141
f 3127 3128 3142
f 3128 3129 3143
f 3129 3130 3144
f 3130 3131 3145
f 3131 3132 3146
f 3132 3133 3147
f 3133 3134 3148
f 3134 3135 3149
f 3135 3136 3150
f 3136 3137 3151
f 3137 385 384
f 3123 3138 112
f 3124 3139 3138
f 3125 3140 3139
f 3126 3141 3140
f 3127 3142 3141
f 3128 3143 3142
f 3129 3144 3143
f 3130 3145 3144
f 3131 3146 3145
f 3132 3147 3146
f 3133 3148 3147
f 3134 3149 3148
f 3135 3150 3149
f 3136 3151 3150
f 3137 384 3151
f 112 3138 111
f 3138 3139 3152
f 3139 3140 3153
f 3140 3141 3154
f 3141 3142 3155
f 3142 3143 3156
f 3143 3144 3157
f 3144 3145 3158
f 3145 3146 3159
f 3146 3147 3160
f 3147 3148 3161
f 3148 3149 3162
f 3149 3150 3163
f 3150 3151 3164
f 3151 384 383
f 3138 3152 111
f 3139 3153 3152
f 3140 3154 3153
f 3141 3155 3154
f 3142 3156 3155
f 3143 3157 3156
f 3144 3158 3157
f 3145 3159 3158
f 3146 3160 3159
f 3147 3161 3160
f 3148 3162 3161
f 3149 3163 3162
f 3150 3164 3163
f 3151 383 3164
f 111 3152 110
f 3152 3153 3165
f 3153 3154 3166
f 3154 3155 3167
f 3155 3156 3168
f 3156 3157 3169
f 3157 3158 3170
f 3158 3159 3171
f 3159 3160 3172
f 3160 3161 3173
f 3161 3162 3174
f 3162 3163 3175
f 3163 3164 3176
f 3164 383 382
f 3152 3165 110
f 3153 3166 3165
f 3154 3167 3166
f 3155 3168 3167
f 3156 3169 3168
f 3157 3170 3169
f 3158 3171 3170
f 3159 3172 3171
f 3160 3173 3172
f 3161 3174 3173
f 3162 3175 3174
f 3163 3176 3175
f 3164 382 3176
f 110 3165 109
f 3165 3166 3177
f 3166 3167 3178
f 3167 3168 3179
f 3168 3169 3180
f 3169 3170 3181
f 3170 3171 3182
f 3171 3172 3183
f 3172 3173 3184
f 3173 3174 3185
f 3174 3175 3186
f 3175 3176 3187
f 3176 382 381
f 3165 3177 109
f 3166 3178 3177
f 3167 3179 3178
f 3168 3180 3179
f 3169 3181 3180
f 3170 3182 3181
f 3171 3183 3182
f 3172 3184 3183
f 3173 3185 3184
f 3174 3186 3185
f 3175 3187 3186
f 3176 381 3187
f 109 3177 108
f 3177 3178 3188
f 3178 3179 3189
f 3179 3180 3190
f 3180 3181 3191
f 3181 3182 3192
f 3182 3183 3193
f 3183 3184 3194
f 3184 3185 3195
f 3185 3186 3196
f 3186 3187 3197
f 3187 381 380
f 3177 3188 108
f 3178 3189 3188
f 3179 3190 3189
f 3180 3191 3190
f 3181 3192 3191
f 3182 3193 3192
f 3183 3194 3193
f 3184 3195 3194
f 3185 3196 3195
f 3186 3197 3196
f 3187 380 3197
f 108 3188 107
f 3188 3189 3198
f 3189 3190 3199
f 3190 3191 3200
f 3191 3192 3201
f 3192 3193 3202
f 3193 3194 3203
f 3194 3195 3204
f 3195 3196 3205
f 3196 3197 3206
f 3197 380 379
f 3188 3198 107
f 3189 3199 3198
f 3190 3200 3199
f 3191 3201 3200
f 3192 3202 3201
f 3193 3203 3202
f 3194 3204 3203
f 3195 3205 3204
f 3196 3206 3205
f 3197 379 3206
f 107 3198 106
f 3198 3199 3207
f 3199 3200 3208
f 3200 3201 3209
f 3201 3202 3210
f 3202 3203 3211
f 3203 3204 3212
f 3204 3205 3213
f 3205 3206 3214
f 3206 379 378
f 3198 3207 106
f 3199 3208 3207
f 3200 3209 3208
f 3201 3210 3209
f 3202 3211 3210
f 3203 3212 3211
f 3204 3213 3212
f 3205 3214 3213
f 3206 378 3214
f 106 3207 105
f 3207 3208 3215
f 3208 3209 3216
f 3209 3210 3217
f 3210 3211 3218
f 3211 3212 3219
f 3212 3213 3220
f 3213 3214 3221
f 3214 378 377
f 3207 3215 105
f 3208 3216 3215
f 3209 3217 3216
f 3210 3218 3217
f 3211 3219 3218
f 3212 3220 3219
f 3213 3221 3220
f 3214 377 3221
f 105 3215 104
f 3215 3216 3222
f 3216 3217 3223
f 3217 3218 3224
f 3218 3219 3225
f 3219 3220 3226
f 3220 3221 3227
f 3221 377 376
f 3215 3222 104
f 3216 3223 3222
f 3217 3224 3223
f 3218 3225 3224
f 3219 3226 3225
f 3220 3227 3226
f 3221 376 3227
f 104 3222 103
f 3222 3223 3228
f 3223 3224 3229
f 3224 3225 3230
f 3225 3226 3231
f 3226 3227 3232
f 3227 376 375
f 3222 3228 103
f 3223 3229 3228
f 3224 3230 3229
f 3225 3231 3230
f 3226 3232 3231
f 3227 375 3232
f 103 3228 102
f 3228 3229 3233
f 3229 3230 3234
f 3230 3231 3235
f 3231 3232 3236
f 3232 375 374
f 3228 3233 102
f 3229 3234 3233
f 3230 3235 3234
f 3231 3236 3235
f 3232 374 3236
f 102 3233 101
f 3233 3234 3237
f 3234 3235 3238
f 3235 3236 3239
f 3236 374 373
f 3233 3237 101
f 3234 3238 3237
f 3235 3239 3238
f 3236 373 3239
f 101 3237 100
f 3237 3238 3240
f 3238 3239 3241
f 3239 373 372
f 3237 3240 100
f 3238 3241 3240
f 3239 372 3241
f 100 3240 99
f 3240 3241 3242
f 3241 372 371
f 3240 3242 99
f 3241 371 3242
f 99 3242 98
f 3242 371 370
f 3242 370 98
f 98 370 2
