v -0.5257311121191336 0.85065080835204 0.0
v 0.5257311121191336 0.85065080835204 0.0
v -0.5257311121191336 -0.85065080835204 0.0
v 0.5257311121191336 -0.85065080835204 0.0
v 0.0 -0.5257311121191336 0.85065080835204
v 0.0 0.5257311121191336 0.85065080835204
v 0.0 -0.5257311121191336 -0.85065080835204
v 0.0 0.5257311121191336 -0.85065080835204
v 0.85065080835204 0.0 -0.5257311121191336
v 0.85065080835204 0.0 0.5257311121191336
v -0.85065080835204 0.0 -0.5257311121191336
v -0.85065080835204 0.0 0.5257311121191336
v 0.5180451477838701 -0.8549257906207439 0.027039182478105297
v 0.5096569872067266 -0.8586194603848024 0.054976155193623595
v 0.5005309571785153 -0.8616551656720642 0.0837802863244506
v 0.49063444264892453 -0.863953838921453 0.11340902917961727
v 0.4799390036444533 -0.8654352136909765 0.14380696674508983
v 0.4684215712910998 -0.8660193090951929 0.17490508232599186
v 0.4560656840785845 -0.8656281694836252 0.20662033782365402
v 0.44286271326648935 -0.8641878268373419 0.23885564080505958
v 0.4288130152422653 -0.8616304307490245 0.27150027397055687
v 0.4139269402947972 -0.8578964674811382 0.3044308446619229
v 0.3982256233803065 -0.8529369679720398 0.33751278723928374
v 0.3817414846013048 -0.8467155877615388 0.3706024182004535
v 0.36451837640006596 -0.8392104327077006 0.40354950489526553
v 0.34661133120147974 -0.8304155057043254 0.43620026704320986
v 0.32808588670476474 -0.8203416630098961 0.46840069051540295
v 0.3090169943749474 -0.8090169943749475 0.5
v 0.28948754709243946 -0.7964865772201677 0.5308541159174566
v 0.2695865909344843 -0.7828115982446897 0.5608289147698412
v 0.24940731016846618 -0.7680678812953315 0.5898031225392343
v 0.2290448907607829 -0.7523439028017583 0.6176706970007558
v 0.2085943741515891 -0.7357384106195902 0.6443425938204507
v 0.1881486092249078 -0.71835778495672 0.6697478582562304
v 0.16779639726871248 -0.7003132892128221 0.693834033480312
v 0.1476209044221631 -0.6817183540715489 0.7165669224151787
v 0.12769839154200366 -0.6626860219022386 0.7379297779416215
v 0.10809728568256148 -0.6433266536170916 0.7579220234126313
v 0.08887759326749135 -0.6237459703895432 0.7765576204234852
v 0.07009063466413208 -0.6040434718285418 0.7938632042573209
v 0.05177906453570847 -0.5843112435029658 0.8098761011363558
v 0.03397713248044844 -0.5646331424003501 0.824642327904354
v 0.016711133799479683 -0.5450843302619754 0.8382146568212642
v 0.027039182478105293 -0.5180451477838701 0.8549257906207438
v 0.054976155193623595 -0.5096569872067266 0.8586194603848024
v 0.0837802863244506 -0.5005309571785153 0.8616551656720642
v 0.11340902917961727 -0.49063444264892453 0.863953838921453
v 0.14380696674508983 -0.47993900364445324 0.8654352136909764
v 0.17490508232599186 -0.4684215712910998 0.8660193090951929
v 0.20662033782365402 -0.4560656840785845 0.8656281694836252
v 0.23885564080505958 -0.44286271326648935 0.8641878268373419
v 0.2715002739705568 -0.4288130152422652 0.8616304307490243
v 0.3044308446619229 -0.4139269402947972 0.8578964674811382
v 0.33751278723928374 -0.3982256233803065 0.8529369679720398
v 0.3706024182004535 -0.3817414846013048 0.8467155877615388
v 0.40354950489526553 -0.36451837640006596 0.8392104327077006
v 0.43620026704320986 -0.34661133120147974 0.8304155057043254
v 0.46840069051540295 -0.32808588670476474 0.8203416630098961
v 0.5 -0.3090169943749474 0.8090169943749475
v 0.5308541159174566 -0.28948754709243946 0.7964865772201677
v 0.5608289147698411 -0.2695865909344842 0.7828115982446896
v 0.5898031225392343 -0.24940731016846618 0.7680678812953315
v 0.6176706970007558 -0.2290448907607829 0.7523439028017583
v 0.6443425938204507 -0.2085943741515891 0.7357384106195902
v 0.6697478582562304 -0.1881486092249078 0.71835778495672
v 0.693834033480312 -0.16779639726871248 0.7003132892128221
v 0.7165669224151787 -0.1476209044221631 0.6817183540715489
v 0.7379297779416215 -0.12769839154200366 0.6626860219022386
v 0.7579220234126313 -0.10809728568256148 0.6433266536170916
v 0.7765576204234852 -0.08887759326749135 0.6237459703895432
v 0.7938632042573208 -0.07009063466413207 0.6040434718285418
v 0.8098761011363558 -0.05177906453570847 0.5843112435029658
v 0.824642327904354 -0.03397713248044844 0.5646331424003501
v 0.8382146568212642 -0.016711133799479683 0.5450843302619754
v 0.8652538392993695 0.0 -0.5013340139843905
v 0.8796184830979775 0.0 -0.4756798547262781
v 0.8936563874608064 0.0 -0.44875189264280674
v 0.9072722334369382 0.0 -0.42054380798479246
v 0.9203645871685749 0.0 -0.39106141037696196
v 0.9328271057386232 0.0 -0.36032428560853824
v 0.9445501157652756 0.0 -0.32836729253658087
v 0.9554225632202383 0.0 -0.2952418088443262
v 0.9653343074508688 0.0 -0.26101661797355274
v 0.9741787029181532 0.0 -0.2257783310698894
v 0.9818553810597344 0.0 -0.18963124922871735
v 0.9882731152012093 0.0 -0.15269659384052192
v 0.9933526274344999 0.0 -0.11511106623159978
v 0.997029181813051 0.0 -0.0770247402669955
v 0.9992548064328595 0.0 -0.03859833961232526
v 1.0 0.0 0.0
v 0.9992548064328595 0.0 0.03859833961232526
v 0.997029181813051 0.0 0.0770247402669955
v 0.9933526274344999 0.0 0.11511106623159978
v 0.9882731152012093 0.0 0.15269659384052192
v 0.9818553810597344 0.0 0.18963124922871735
v 0.9741787029181532 0.0 0.2257783310698894
v 0.9653343074508688 0.0 0.26101661797355274
v 0.9554225632202383 0.0 0.2952418088443262
v 0.9445501157652756 0.0 0.32836729253658087
v 0.9328271057386232 0.0 0.36032428560853824
v 0.9203645871685749 0.0 0.39106141037696196
v 0.9072722334369382 0.0 0.42054380798479246
v 0.8936563874608064 0.0 0.44875189264280674
v 0.8796184830979775 0.0 0.4756798547262781
v 0.8652538392993695 0.0 0.5013340139843905
v -0.5180451477838701 0.8549257906207439 0.027039182478105297
v -0.5096569872067266 0.8586194603848024 0.054976155193623595
v -0.5005309571785153 0.8616551656720642 0.0837802863244506
v -0.49063444264892453 0.863953838921453 0.11340902917961727
v -0.4799390036444533 0.8654352136909765 0.14380696674508983
v -0.4684215712910998 0.8660193090951929 0.17490508232599186
v -0.4560656840785845 0.8656281694836252 0.20662033782365402
v -0.44286271326648935 0.8641878268373419 0.23885564080505958
v -0.4288130152422653 0.8616304307490245 0.27150027397055687
v -0.4139269402947972 0.8578964674811382 0.3044308446619229
v -0.3982256233803065 0.8529369679720398 0.33751278723928374
v -0.3817414846013048 0.8467155877615388 0.3706024182004535
v -0.36451837640006596 0.8392104327077006 0.40354950489526553
v -0.34661133120147974 0.8304155057043254 0.43620026704320986
v -0.32808588670476474 0.8203416630098961 0.46840069051540295
v -0.3090169943749474 0.8090169943749475 0.5
v -0.28948754709243946 0.7964865772201677 0.5308541159174566
v -0.2695865909344843 0.7828115982446897 0.5608289147698412
v -0.24940731016846618 0.7680678812953315 0.5898031225392343
v -0.2290448907607829 0.7523439028017583 0.6176706970007558
v -0.2085943741515891 0.7357384106195902 0.6443425938204507
v -0.1881486092249078 0.71835778495672 0.6697478582562304
v -0.16779639726871248 0.7003132892128221 0.693834033480312
v -0.1476209044221631 0.6817183540715489 0.7165669224151787
v -0.12769839154200366 0.6626860219022386 0.7379297779416215
v -0.10809728568256148 0.6433266536170916 0.7579220234126313
v -0.08887759326749135 0.6237459703895432 0.7765576204234852
v -0.07009063466413208 0.6040434718285418 0.7938632042573209
v -0.05177906453570847 0.5843112435029658 0.8098761011363558
v -0.03397713248044844 0.5646331424003501 0.824642327904354
v -0.016711133799479683 0.5450843302619754 0.8382146568212642
v -0.5450843302619754 -0.8382146568212642 0.016711133799479683
v -0.5646331424003501 -0.824642327904354 0.03397713248044844
v -0.5843112435029658 -0.8098761011363558 0.05177906453570847
v -0.6040434718285418 -0.7938632042573209 0.07009063466413208
v -0.6237459703895432 -0.7765576204234852 0.08887759326749135
v -0.6433266536170916 -0.7579220234126313 0.10809728568256148
v -0.6626860219022386 -0.7379297779416215 0.12769839154200366
v -0.6817183540715489 -0.7165669224151787 0.1476209044221631
v -0.7003132892128221 -0.693834033480312 0.16779639726871248
v -0.71835778495672 -0.6697478582562304 0.1881486092249078
v -0.7357384106195902 -0.6443425938204507 0.2085943741515891
v -0.7523439028017583 -0.6176706970007558 0.2290448907607829
v -0.7680678812953315 -0.5898031225392343 0.24940731016846618
v -0.7828115982446896 -0.5608289147698411 0.2695865909344842
v -0.7964865772201677 -0.5308541159174566 0.28948754709243946
v -0.8090169943749475 -0.5 0.3090169943749474
v -0.8203416630098961 -0.46840069051540295 0.32808588670476474
v -0.8304155057043254 -0.43620026704320986 0.34661133120147974
v -0.8392104327077006 -0.40354950489526553 0.36451837640006596
v -0.8467155877615388 -0.3706024182004535 0.3817414846013048
v -0.8529369679720397 -0.3375127872392837 0.3982256233803064
v -0.8578964674811382 -0.3044308446619229 0.4139269402947972
v -0.8616304307490245 -0.27150027397055687 0.4288130152422653
v -0.8641878268373419 -0.23885564080505958 0.44286271326648935
v -0.8656281694836252 -0.20662033782365402 0.4560656840785845
v -0.8660193090951929 -0.17490508232599186 0.4684215712910998
v -0.8654352136909764 -0.14380696674508983 0.47993900364445324
v -0.863953838921453 -0.11340902917961727 0.49063444264892453
v -0.8616551656720642 -0.0837802863244506 0.5005309571785153
v -0.8586194603848024 -0.054976155193623595 0.5096569872067266
v -0.8549257906207438 -0.027039182478105293 0.5180451477838701
v 0.5450843302619754 0.8382146568212642 0.016711133799479683
v 0.5646331424003501 0.824642327904354 0.03397713248044844
v 0.5843112435029658 0.8098761011363558 0.05177906453570847
v 0.6040434718285418 0.7938632042573209 0.07009063466413208
v 0.6237459703895432 0.7765576204234852 0.08887759326749135
v 0.6433266536170916 0.7579220234126313 0.10809728568256148
v 0.6626860219022386 0.7379297779416215 0.12769839154200366
v 0.6817183540715489 0.7165669224151787 0.1476209044221631
v 0.7003132892128221 0.693834033480312 0.16779639726871248
v 0.71835778495672 0.6697478582562304 0.1881486092249078
v 0.7357384106195902 0.6443425938204507 0.2085943741515891
v 0.7523439028017583 0.6176706970007558 0.2290448907607829
v 0.7680678812953315 0.5898031225392343 0.24940731016846618
v 0.7828115982446896 0.5608289147698411 0.2695865909344842
v 0.7964865772201677 0.5308541159174566 0.28948754709243946
v 0.8090169943749475 0.5 0.3090169943749474
v 0.8203416630098961 0.46840069051540295 0.32808588670476474
v 0.8304155057043254 0.43620026704320986 0.34661133120147974
v 0.8392104327077006 0.40354950489526553 0.36451837640006596
v 0.8467155877615388 0.3706024182004535 0.3817414846013048
v 0.8529369679720397 0.3375127872392837 0.3982256233803064
v 0.8578964674811382 0.3044308446619229 0.4139269402947972
v 0.8616304307490245 0.27150027397055687 0.4288130152422653
v 0.8641878268373419 0.23885564080505958 0.44286271326648935
v 0.8656281694836252 0.20662033782365402 0.4560656840785845
v 0.8660193090951929 0.17490508232599186 0.4684215712910998
v 0.8654352136909764 0.14380696674508983 0.47993900364445324
v 0.863953838921453 0.11340902917961727 0.49063444264892453
v 0.8616551656720642 0.0837802863244506 0.5005309571785153
v 0.8586194603848024 0.054976155193623595 0.5096569872067266
v 0.8549257906207438 0.027039182478105293 0.5180451477838701
v -0.5450843302619754 0.8382146568212642 0.016711133799479683
v -0.5646331424003501 0.824642327904354 0.03397713248044844
v -0.5843112435029658 0.8098761011363558 0.05177906453570847
v -0.6040434718285418 0.7938632042573209 0.07009063466413208
v -0.6237459703895432 0.7765576204234852 0.08887759326749135
v -0.6433266536170916 0.7579220234126313 0.10809728568256148
v -0.6626860219022386 0.7379297779416215 0.12769839154200366
v -0.6817183540715489 0.7165669224151787 0.1476209044221631
v -0.7003132892128221 0.693834033480312 0.16779639726871248
v -0.71835778495672 0.6697478582562304 0.1881486092249078
v -0.7357384106195902 0.6443425938204507 0.2085943741515891
v -0.7523439028017583 0.6176706970007558 0.2290448907607829
v -0.7680678812953315 0.5898031225392343 0.24940731016846618
v -0.7828115982446896 0.5608289147698411 0.2695865909344842
v -0.7964865772201677 0.5308541159174566 0.28948754709243946
v -0.8090169943749475 0.5 0.3090169943749474
v -0.8203416630098961 0.46840069051540295 0.32808588670476474
v -0.8304155057043254 0.43620026704320986 0.34661133120147974
v -0.8392104327077006 0.40354950489526553 0.36451837640006596
v -0.8467155877615388 0.3706024182004535 0.3817414846013048
v -0.8529369679720397 0.3375127872392837 0.3982256233803064
v -0.8578964674811382 0.3044308446619229 0.4139269402947972
v -0.8616304307490245 0.27150027397055687 0.4288130152422653
v -0.8641878268373419 0.23885564080505958 0.44286271326648935
v -0.8656281694836252 0.20662033782365402 0.4560656840785845
v -0.8660193090951929 0.17490508232599186 0.4684215712910998
v -0.8654352136909764 0.14380696674508983 0.47993900364445324
v -0.863953838921453 0.11340902917961727 0.49063444264892453
v -0.8616551656720642 0.0837802863244506 0.5005309571785153
v -0.8586194603848024 0.054976155193623595 0.5096569872067266
v -0.8549257906207438 0.027039182478105293 0.5180451477838701
v -0.027039182478105293 0.5180451477838701 -0.8549257906207438
v -0.054976155193623595 0.5096569872067266 -0.8586194603848024
v -0.0837802863244506 0.5005309571785153 -0.8616551656720642
v -0.11340902917961727 0.49063444264892453 -0.863953838921453
v -0.14380696674508983 0.47993900364445324 -0.8654352136909764
v -0.17490508232599186 0.4684215712910998 -0.8660193090951929
v -0.20662033782365402 0.4560656840785845 -0.8656281694836252
v -0.23885564080505958 0.44286271326648935 -0.8641878268373419
v -0.2715002739705568 0.4288130152422652 -0.8616304307490243
v -0.3044308446619229 0.4139269402947972 -0.8578964674811382
v -0.33751278723928374 0.3982256233803065 -0.8529369679720398
v -0.3706024182004535 0.3817414846013048 -0.8467155877615388
v -0.40354950489526553 0.36451837640006596 -0.8392104327077006
v -0.43620026704320986 0.34661133120147974 -0.8304155057043254
v -0.46840069051540295 0.32808588670476474 -0.8203416630098961
v -0.5 0.3090169943749474 -0.8090169943749475
v -0.5308541159174566 0.28948754709243946 -0.7964865772201677
v -0.5608289147698411 0.2695865909344842 -0.7828115982446896
v -0.5898031225392343 0.24940731016846618 -0.7680678812953315
v -0.6176706970007558 0.2290448907607829 -0.7523439028017583
v -0.6443425938204507 0.2085943741515891 -0.7357384106195902
v -0.6697478582562304 0.1881486092249078 -0.71835778495672
v -0.693834033480312 0.16779639726871248 -0.7003132892128221
v -0.7165669224151787 0.1476209044221631 -0.6817183540715489
v -0.7379297779416215 0.12769839154200366 -0.6626860219022386
v -0.7579220234126313 0.10809728568256148 -0.6433266536170916
v -0.7765576204234852 0.08887759326749135 -0.6237459703895432
v -0.7938632042573208 0.07009063466413207 -0.6040434718285418
v -0.8098761011363558 0.05177906453570847 -0.5843112435029658
v -0.824642327904354 0.03397713248044844 -0.5646331424003501
v -0.8382146568212642 0.016711133799479683 -0.5450843302619754
v 0.027039182478105293 -0.5180451477838701 -0.8549257906207438
v 0.054976155193623595 -0.5096569872067266 -0.8586194603848024
v 0.0837802863244506 -0.5005309571785153 -0.8616551656720642
v 0.11340902917961727 -0.49063444264892453 -0.863953838921453
v 0.14380696674508983 -0.47993900364445324 -0.8654352136909764
v 0.17490508232599186 -0.4684215712910998 -0.8660193090951929
v 0.20662033782365402 -0.4560656840785845 -0.8656281694836252
v 0.23885564080505958 -0.44286271326648935 -0.8641878268373419
v 0.2715002739705568 -0.4288130152422652 -0.8616304307490243
v 0.3044308446619229 -0.4139269402947972 -0.8578964674811382
v 0.33751278723928374 -0.3982256233803065 -0.8529369679720398
v 0.3706024182004535 -0.3817414846013048 -0.8467155877615388
v 0.40354950489526553 -0.36451837640006596 -0.8392104327077006
v 0.43620026704320986 -0.34661133120147974 -0.8304155057043254
v 0.46840069051540295 -0.32808588670476474 -0.8203416630098961
v 0.5 -0.3090169943749474 -0.8090169943749475
v 0.5308541159174566 -0.28948754709243946 -0.7964865772201677
v 0.5608289147698411 -0.2695865909344842 -0.7828115982446896
v 0.5898031225392343 -0.24940731016846618 -0.7680678812953315
v 0.6176706970007558 -0.2290448907607829 -0.7523439028017583
v 0.6443425938204507 -0.2085943741515891 -0.7357384106195902
v 0.6697478582562304 -0.1881486092249078 -0.71835778495672
v 0.693834033480312 -0.16779639726871248 -0.7003132892128221
v 0.7165669224151787 -0.1476209044221631 -0.6817183540715489
v 0.7379297779416215 -0.12769839154200366 -0.6626860219022386
v 0.7579220234126313 -0.10809728568256148 -0.6433266536170916
v 0.7765576204234852 -0.08887759326749135 -0.6237459703895432
v 0.7938632042573208 -0.07009063466413207 -0.6040434718285418
v 0.8098761011363558 -0.05177906453570847 -0.5843112435029658
v 0.824642327904354 -0.03397713248044844 -0.5646331424003501
v 0.8382146568212642 -0.016711133799479683 -0.5450843302619754
v 0.0 -0.5013340139843905 0.8652538392993695
v 0.0 -0.4756798547262781 0.8796184830979775
v 0.0 -0.44875189264280674 0.8936563874608064
v 0.0 -0.42054380798479246 0.9072722334369382
v 0.0 -0.39106141037696196 0.9203645871685749
v 0.0 -0.36032428560853824 0.9328271057386232
v 0.0 -0.32836729253658087 0.9445501157652756
v 0.0 -0.2952418088443262 0.9554225632202383
v 0.0 -0.26101661797355274 0.9653343074508688
v 0.0 -0.2257783310698894 0.9741787029181532
v 0.0 -0.18963124922871735 0.9818553810597344
v 0.0 -0.15269659384052192 0.9882731152012093
v 0.0 -0.11511106623159978 0.9933526274344999
v 0.0 -0.0770247402669955 0.997029181813051
v 0.0 -0.03859833961232526 0.9992548064328595
v 0.0 0.0 1.0
v 0.0 0.03859833961232526 0.9992548064328595
v 0.0 0.0770247402669955 0.997029181813051
v 0.0 0.11511106623159978 0.9933526274344999
v 0.0 0.15269659384052192 0.9882731152012093
v 0.0 0.18963124922871735 0.9818553810597344
v 0.0 0.2257783310698894 0.9741787029181532
v 0.0 0.26101661797355274 0.9653343074508688
v 0.0 0.2952418088443262 0.9554225632202383
v 0.0 0.32836729253658087 0.9445501157652756
v 0.0 0.36032428560853824 0.9328271057386232
v 0.0 0.39106141037696196 0.9203645871685749
v 0.0 0.42054380798479246 0.9072722334369382
v 0.0 0.44875189264280674 0.8936563874608064
v 0.0 0.4756798547262781 0.8796184830979775
v 0.0 0.5013340139843905 0.8652538392993695
v 0.5450843302619754 -0.8382146568212642 0.016711133799479683
v 0.5646331424003501 -0.824642327904354 0.03397713248044844
v 0.5843112435029658 -0.8098761011363558 0.05177906453570847
v 0.6040434718285418 -0.7938632042573209 0.07009063466413208
v 0.6237459703895432 -0.7765576204234852 0.08887759326749135
v 0.6433266536170916 -0.7579220234126313 0.10809728568256148
v 0.6626860219022386 -0.7379297779416215 0.12769839154200366
v 0.6817183540715489 -0.7165669224151787 0.1476209044221631
v 0.7003132892128221 -0.693834033480312 0.16779639726871248
v 0.71835778495672 -0.6697478582562304 0.1881486092249078
v 0.7357384106195902 -0.6443425938204507 0.2085943741515891
v 0.7523439028017583 -0.6176706970007558 0.2290448907607829
v 0.7680678812953315 -0.5898031225392343 0.24940731016846618
v 0.7828115982446896 -0.5608289147698411 0.2695865909344842
v 0.7964865772201677 -0.5308541159174566 0.28948754709243946
v 0.8090169943749475 -0.5 0.3090169943749474
v 0.8203416630098961 -0.46840069051540295 0.32808588670476474
v 0.8304155057043254 -0.43620026704320986 0.34661133120147974
v 0.8392104327077006 -0.40354950489526553 0.36451837640006596
v 0.8467155877615388 -0.3706024182004535 0.3817414846013048
v 0.8529369679720397 -0.3375127872392837 0.3982256233803064
v 0.8578964674811382 -0.3044308446619229 0.4139269402947972
v 0.8616304307490245 -0.27150027397055687 0.4288130152422653
v 0.8641878268373419 -0.23885564080505958 0.44286271326648935
v 0.8656281694836252 -0.20662033782365402 0.4560656840785845
v 0.8660193090951929 -0.17490508232599186 0.4684215712910998
v 0.8654352136909764 -0.14380696674508983 0.47993900364445324
v 0.863953838921453 -0.11340902917961727 0.49063444264892453
v 0.8616551656720642 -0.0837802863244506 0.5005309571785153
v 0.8586194603848024 -0.054976155193623595 0.5096569872067266
v 0.8549257906207438 -0.027039182478105293 0.5180451477838701
v 0.5180451477838701 -0.8549257906207439 -0.027039182478105297
v 0.5096569872067266 -0.8586194603848024 -0.054976155193623595
v 0.5005309571785153 -0.8616551656720642 -0.0837802863244506
v 0.49063444264892453 -0.863953838921453 -0.11340902917961727
v 0.4799390036444533 -0.8654352136909765 -0.14380696674508983
v 0.4684215712910998 -0.8660193090951929 -0.17490508232599186
v 0.4560656840785845 -0.8656281694836252 -0.20662033782365402
v 0.44286271326648935 -0.8641878268373419 -0.23885564080505958
v 0.4288130152422653 -0.8616304307490245 -0.27150027397055687
v 0.4139269402947972 -0.8578964674811382 -0.3044308446619229
v 0.3982256233803065 -0.8529369679720398 -0.33751278723928374
v 0.3817414846013048 -0.8467155877615388 -0.3706024182004535
v 0.36451837640006596 -0.8392104327077006 -0.40354950489526553
v 0.34661133120147974 -0.8304155057043254 -0.43620026704320986
v 0.32808588670476474 -0.8203416630098961 -0.46840069051540295
v 0.3090169943749474 -0.8090169943749475 -0.5
v 0.28948754709243946 -0.7964865772201677 -0.5308541159174566
v 0.2695865909344843 -0.7828115982446897 -0.5608289147698412
v 0.24940731016846618 -0.7680678812953315 -0.5898031225392343
v 0.2290448907607829 -0.7523439028017583 -0.6176706970007558
v 0.2085943741515891 -0.7357384106195902 -0.6443425938204507
v 0.1881486092249078 -0.71835778495672 -0.6697478582562304
v 0.16779639726871248 -0.7003132892128221 -0.693834033480312
v 0.1476209044221631 -0.6817183540715489 -0.7165669224151787
v 0.12769839154200366 -0.6626860219022386 -0.7379297779416215
v 0.10809728568256148 -0.6433266536170916 -0.7579220234126313
v 0.08887759326749135 -0.6237459703895432 -0.7765576204234852
v 0.07009063466413208 -0.6040434718285418 -0.7938632042573209
v 0.05177906453570847 -0.5843112435029658 -0.8098761011363558
v 0.03397713248044844 -0.5646331424003501 -0.824642327904354
v 0.016711133799479683 -0.5450843302619754 -0.8382146568212642
v 0.027039182478105293 0.5180451477838701 0.8549257906207438
v 0.054976155193623595 0.5096569872067266 0.8586194603848024
v 0.0837802863244506 0.5005309571785153 0.8616551656720642
v 0.11340902917961727 0.49063444264892453 0.863953838921453
v 0.14380696674508983 0.47993900364445324 0.8654352136909764
v 0.17490508232599186 0.4684215712910998 0.8660193090951929
v 0.20662033782365402 0.4560656840785845 0.8656281694836252
v 0.23885564080505958 0.44286271326648935 0.8641878268373419
v 0.2715002739705568 0.4288130152422652 0.8616304307490243
v 0.3044308446619229 0.4139269402947972 0.8578964674811382
v 0.33751278723928374 0.3982256233803065 0.8529369679720398
v 0.3706024182004535 0.3817414846013048 0.8467155877615388
v 0.40354950489526553 0.36451837640006596 0.8392104327077006
v 0.43620026704320986 0.34661133120147974 0.8304155057043254
v 0.46840069051540295 0.32808588670476474 0.8203416630098961
v 0.5 0.3090169943749474 0.8090169943749475
v 0.5308541159174566 0.28948754709243946 0.7964865772201677
v 0.5608289147698411 0.2695865909344842 0.7828115982446896
v 0.5898031225392343 0.24940731016846618 0.7680678812953315
v 0.6176706970007558 0.2290448907607829 0.7523439028017583
v 0.6443425938204507 0.2085943741515891 0.7357384106195902
v 0.6697478582562304 0.1881486092249078 0.71835778495672
v 0.693834033480312 0.16779639726871248 0.7003132892128221
v 0.7165669224151787 0.1476209044221631 0.6817183540715489
v 0.7379297779416215 0.12769839154200366 0.6626860219022386
v 0.7579220234126313 0.10809728568256148 0.6433266536170916
v 0.7765576204234852 0.08887759326749135 0.6237459703895432
v 0.7938632042573208 0.07009063466413207 0.6040434718285418
v 0.8098761011363558 0.05177906453570847 0.5843112435029658
v 0.824642327904354 0.03397713248044844 0.5646331424003501
v 0.8382146568212642 0.016711133799479683 0.5450843302619754
v -0.027039182478105293 -0.5180451477838701 0.8549257906207438
v -0.054976155193623595 -0.5096569872067266 0.8586194603848024
v -0.0837802863244506 -0.5005309571785153 0.8616551656720642
v -0.11340902917961727 -0.49063444264892453 0.863953838921453
v -0.14380696674508983 -0.47993900364445324 0.8654352136909764
v -0.17490508232599186 -0.4684215712910998 0.8660193090951929
v -0.20662033782365402 -0.4560656840785845 0.8656281694836252
v -0.23885564080505958 -0.44286271326648935 0.8641878268373419
v -0.2715002739705568 -0.4288130152422652 0.8616304307490243
v -0.3044308446619229 -0.4139269402947972 0.8578964674811382
v -0.33751278723928374 -0.3982256233803065 0.8529369679720398
v -0.3706024182004535 -0.3817414846013048 0.8467155877615388
v -0.40354950489526553 -0.36451837640006596 0.8392104327077006
v -0.43620026704320986 -0.34661133120147974 0.8304155057043254
v -0.46840069051540295 -0.32808588670476474 0.8203416630098961
v -0.5 -0.3090169943749474 0.8090169943749475
v -0.5308541159174566 -0.28948754709243946 0.7964865772201677
v -0.5608289147698411 -0.2695865909344842 0.7828115982446896
v -0.5898031225392343 -0.24940731016846618 0.7680678812953315
v -0.6176706970007558 -0.2290448907607829 0.7523439028017583
v -0.6443425938204507 -0.2085943741515891 0.7357384106195902
v -0.6697478582562304 -0.1881486092249078 0.71835778495672
v -0.693834033480312 -0.16779639726871248 0.7003132892128221
v -0.7165669224151787 -0.1476209044221631 0.6817183540715489
v -0.7379297779416215 -0.12769839154200366 0.6626860219022386
v -0.7579220234126313 -0.10809728568256148 0.6433266536170916
v -0.7765576204234852 -0.08887759326749135 0.6237459703895432
v -0.7938632042573208 -0.07009063466413207 0.6040434718285418
v -0.8098761011363558 -0.05177906453570847 0.5843112435029658
v -0.824642327904354 -0.03397713248044844 0.5646331424003501
v -0.8382146568212642 -0.016711133799479683 0.5450843302619754
v -0.5013340139843905 0.8652538392993695 0.0
v -0.4756798547262781 0.8796184830979775 0.0
v -0.44875189264280674 0.8936563874608064 0.0
v -0.42054380798479246 0.9072722334369382 0.0
v -0.39106141037696196 0.9203645871685749 0.0
v -0.36032428560853824 0.9328271057386232 0.0
v -0.32836729253658087 0.9445501157652756 0.0
v -0.2952418088443262 0.9554225632202383 0.0
v -0.26101661797355274 0.9653343074508688 0.0
v -0.2257783310698894 0.9741787029181532 0.0
v -0.18963124922871735 0.9818553810597344 0.0
v -0.15269659384052192 0.9882731152012093 0.0
v -0.11511106623159978 0.9933526274344999 0.0
v -0.0770247402669955 0.997029181813051 0.0
v -0.03859833961232526 0.9992548064328595 0.0
v 0.0 1.0 0.0
v 0.03859833961232526 0.9992548064328595 0.0
v 0.0770247402669955 0.997029181813051 0.0
v 0.11511106623159978 0.9933526274344999 0.0
v 0.15269659384052192 0.9882731152012093 0.0
v 0.18963124922871735 0.9818553810597344 0.0
v 0.2257783310698894 0.9741787029181532 0.0
v 0.26101661797355274 0.9653343074508688 0.0
v 0.2952418088443262 0.9554225632202383 0.0
v 0.32836729253658087 0.9445501157652756 0.0
v 0.36032428560853824 0.9328271057386232 0.0
v 0.39106141037696196 0.9203645871685749 0.0
v 0.42054380798479246 0.9072722334369382 0.0
v 0.44875189264280674 0.8936563874608064 0.0
v 0.4756798547262781 0.8796184830979775 0.0
v 0.5013340139843905 0.8652538392993695 0.0
v -0.5180451477838701 0.8549257906207439 -0.027039182478105297
v -0.5096569872067266 0.8586194603848024 -0.054976155193623595
v -0.5005309571785153 0.8616551656720642 -0.0837802863244506
v -0.49063444264892453 0.863953838921453 -0.11340902917961727
v -0.4799390036444533 0.8654352136909765 -0.14380696674508983
v -0.4684215712910998 0.8660193090951929 -0.17490508232599186
v -0.4560656840785845 0.8656281694836252 -0.20662033782365402
v -0.44286271326648935 0.8641878268373419 -0.23885564080505958
v -0.4288130152422653 0.8616304307490245 -0.27150027397055687
v -0.4139269402947972 0.8578964674811382 -0.3044308446619229
v -0.3982256233803065 0.8529369679720398 -0.33751278723928374
v -0.3817414846013048 0.8467155877615388 -0.3706024182004535
v -0.36451837640006596 0.8392104327077006 -0.40354950489526553
v -0.34661133120147974 0.8304155057043254 -0.43620026704320986
v -0.32808588670476474 0.8203416630098961 -0.46840069051540295
v -0.3090169943749474 0.8090169943749475 -0.5
v -0.28948754709243946 0.7964865772201677 -0.5308541159174566
v -0.2695865909344843 0.7828115982446897 -0.5608289147698412
v -0.24940731016846618 0.7680678812953315 -0.5898031225392343
v -0.2290448907607829 0.7523439028017583 -0.6176706970007558
v -0.2085943741515891 0.7357384106195902 -0.6443425938204507
v -0.1881486092249078 0.71835778495672 -0.6697478582562304
v -0.16779639726871248 0.7003132892128221 -0.693834033480312
v -0.1476209044221631 0.6817183540715489 -0.7165669224151787
v -0.12769839154200366 0.6626860219022386 -0.7379297779416215
v -0.10809728568256148 0.6433266536170916 -0.7579220234126313
v -0.08887759326749135 0.6237459703895432 -0.7765576204234852
v -0.07009063466413208 0.6040434718285418 -0.7938632042573209
v -0.05177906453570847 0.5843112435029658 -0.8098761011363558
v -0.03397713248044844 0.5646331424003501 -0.824642327904354
v -0.016711133799479683 0.5450843302619754 -0.8382146568212642
v -0.5180451477838701 -0.8549257906207439 0.027039182478105297
v -0.5096569872067266 -0.8586194603848024 0.054976155193623595
v -0.5005309571785153 -0.8616551656720642 0.0837802863244506
v -0.49063444264892453 -0.863953838921453 0.11340902917961727
v -0.4799390036444533 -0.8654352136909765 0.14380696674508983
v -0.4684215712910998 -0.8660193090951929 0.17490508232599186
v -0.4560656840785845 -0.8656281694836252 0.20662033782365402
v -0.44286271326648935 -0.8641878268373419 0.23885564080505958
v -0.4288130152422653 -0.8616304307490245 0.27150027397055687
v -0.4139269402947972 -0.8578964674811382 0.3044308446619229
v -0.3982256233803065 -0.8529369679720398 0.33751278723928374
v -0.3817414846013048 -0.8467155877615388 0.3706024182004535
v -0.36451837640006596 -0.8392104327077006 0.40354950489526553
v -0.34661133120147974 -0.8304155057043254 0.43620026704320986
v -0.32808588670476474 -0.8203416630098961 0.46840069051540295
v -0.3090169943749474 -0.8090169943749475 0.5
v -0.28948754709243946 -0.7964865772201677 0.5308541159174566
v -0.2695865909344843 -0.7828115982446897 0.5608289147698412
v -0.24940731016846618 -0.7680678812953315 0.5898031225392343
v -0.2290448907607829 -0.7523439028017583 0.6176706970007558
v -0.2085943741515891 -0.7357384106195902 0.6443425938204507
v -0.1881486092249078 -0.71835778495672 0.6697478582562304
v -0.16779639726871248 -0.7003132892128221 0.693834033480312
v -0.1476209044221631 -0.6817183540715489 0.7165669224151787
v -0.12769839154200366 -0.6626860219022386 0.7379297779416215
v -0.10809728568256148 -0.6433266536170916 0.7579220234126313
v -0.08887759326749135 -0.6237459703895432 0.7765576204234852
v -0.07009063466413208 -0.6040434718285418 0.7938632042573209
v -0.05177906453570847 -0.5843112435029658 0.8098761011363558
v -0.03397713248044844 -0.5646331424003501 0.824642327904354
v -0.016711133799479683 -0.5450843302619754 0.8382146568212642
v -0.8652538392993695 0.0 -0.5013340139843905
v -0.8796184830979775 0.0 -0.4756798547262781
v -0.8936563874608064 0.0 -0.44875189264280674
v -0.9072722334369382 0.0 -0.42054380798479246
v -0.9203645871685749 0.0 -0.39106141037696196
v -0.9328271057386232 0.0 -0.36032428560853824
v -0.9445501157652756 0.0 -0.32836729253658087
v -0.9554225632202383 0.0 -0.2952418088443262
v -0.9653343074508688 0.0 -0.26101661797355274
v -0.9741787029181532 0.0 -0.2257783310698894
v -0.9818553810597344 0.0 -0.18963124922871735
v -0.9882731152012093 0.0 -0.15269659384052192
v -0.9933526274344999 0.0 -0.11511106623159978
v -0.997029181813051 0.0 -0.0770247402669955
v -0.9992548064328595 0.0 -0.03859833961232526
v -1.0 0.0 0.0
v -0.9992548064328595 0.0 0.03859833961232526
v -0.997029181813051 0.0 0.0770247402669955
v -0.9933526274344999 0.0 0.11511106623159978
v -0.9882731152012093 0.0 0.15269659384052192
v -0.9818553810597344 0.0 0.18963124922871735
v -0.9741787029181532 0.0 0.2257783310698894
v -0.9653343074508688 0.0 0.26101661797355274
v -0.9554225632202383 0.0 0.2952418088443262
v -0.9445501157652756 0.0 0.32836729253658087
v -0.9328271057386232 0.0 0.36032428560853824
v -0.9203645871685749 0.0 0.39106141037696196
v -0.9072722334369382 0.0 0.42054380798479246
v -0.8936563874608064 0.0 0.44875189264280674
v -0.8796184830979775 0.0 0.4756798547262781
v -0.8652538392993695 0.0 0.5013340139843905
v -0.5450843302619754 0.8382146568212642 -0.016711133799479683
v -0.5646331424003501 0.824642327904354 -0.03397713248044844
v -0.5843112435029658 0.8098761011363558 -0.05177906453570847
v -0.6040434718285418 0.7938632042573209 -0.07009063466413208
v -0.6237459703895432 0.7765576204234852 -0.08887759326749135
v -0.6433266536170916 0.7579220234126313 -0.10809728568256148
v -0.6626860219022386 0.7379297779416215 -0.12769839154200366
v -0.6817183540715489 0.7165669224151787 -0.1476209044221631
v -0.7003132892128221 0.693834033480312 -0.16779639726871248
v -0.71835778495672 0.6697478582562304 -0.1881486092249078
v -0.7357384106195902 0.6443425938204507 -0.2085943741515891
v -0.7523439028017583 0.6176706970007558 -0.2290448907607829
v -0.7680678812953315 0.5898031225392343 -0.24940731016846618
v -0.7828115982446896 0.5608289147698411 -0.2695865909344842
v -0.7964865772201677 0.5308541159174566 -0.28948754709243946
v -0.8090169943749475 0.5 -0.3090169943749474
v -0.8203416630098961 0.46840069051540295 -0.32808588670476474
v -0.8304155057043254 0.43620026704320986 -0.34661133120147974
v -0.8392104327077006 0.40354950489526553 -0.36451837640006596
v -0.8467155877615388 0.3706024182004535 -0.3817414846013048
v -0.8529369679720397 0.3375127872392837 -0.3982256233803064
v -0.8578964674811382 0.3044308446619229 -0.4139269402947972
v -0.8616304307490245 0.27150027397055687 -0.4288130152422653
v -0.8641878268373419 0.23885564080505958 -0.44286271326648935
v -0.8656281694836252 0.20662033782365402 -0.4560656840785845
v -0.8660193090951929 0.17490508232599186 -0.4684215712910998
v -0.8654352136909764 0.14380696674508983 -0.47993900364445324
v -0.863953838921453 0.11340902917961727 -0.49063444264892453
v -0.8616551656720642 0.0837802863244506 -0.5005309571785153
v -0.8586194603848024 0.054976155193623595 -0.5096569872067266
v -0.8549257906207438 0.027039182478105293 -0.5180451477838701
v 0.5180451477838701 0.8549257906207439 0.027039182478105297
v 0.5096569872067266 0.8586194603848024 0.054976155193623595
v 0.5005309571785153 0.8616551656720642 0.0837802863244506
v 0.49063444264892453 0.863953838921453 0.11340902917961727
v 0.4799390036444533 0.8654352136909765 0.14380696674508983
v 0.4684215712910998 0.8660193090951929 0.17490508232599186
v 0.4560656840785845 0.8656281694836252 0.20662033782365402
v 0.44286271326648935 0.8641878268373419 0.23885564080505958
v 0.4288130152422653 0.8616304307490245 0.27150027397055687
v 0.4139269402947972 0.8578964674811382 0.3044308446619229
v 0.3982256233803065 0.8529369679720398 0.33751278723928374
v 0.3817414846013048 0.8467155877615388 0.3706024182004535
v 0.36451837640006596 0.8392104327077006 0.40354950489526553
v 0.34661133120147974 0.8304155057043254 0.43620026704320986
v 0.32808588670476474 0.8203416630098961 0.46840069051540295
v 0.3090169943749474 0.8090169943749475 0.5
v 0.28948754709243946 0.7964865772201677 0.5308541159174566
v 0.2695865909344843 0.7828115982446897 0.5608289147698412
v 0.24940731016846618 0.7680678812953315 0.5898031225392343
v 0.2290448907607829 0.7523439028017583 0.6176706970007558
v 0.2085943741515891 0.7357384106195902 0.6443425938204507
v 0.1881486092249078 0.71835778495672 0.6697478582562304
v 0.16779639726871248 0.7003132892128221 0.693834033480312
v 0.1476209044221631 0.6817183540715489 0.7165669224151787
v 0.12769839154200366 0.6626860219022386 0.7379297779416215
v 0.10809728568256148 0.6433266536170916 0.7579220234126313
v 0.08887759326749135 0.6237459703895432 0.7765576204234852
v 0.07009063466413208 0.6040434718285418 0.7938632042573209
v 0.05177906453570847 0.5843112435029658 0.8098761011363558
v 0.03397713248044844 0.5646331424003501 0.824642327904354
v 0.016711133799479683 0.5450843302619754 0.8382146568212642
v -0.5450843302619754 -0.8382146568212642 -0.016711133799479683
v -0.5646331424003501 -0.824642327904354 -0.03397713248044844
v -0.5843112435029658 -0.8098761011363558 -0.05177906453570847
v -0.6040434718285418 -0.7938632042573209 -0.07009063466413208
v -0.6237459703895432 -0.7765576204234852 -0.08887759326749135
v -0.6433266536170916 -0.7579220234126313 -0.10809728568256148
v -0.6626860219022386 -0.7379297779416215 -0.12769839154200366
v -0.6817183540715489 -0.7165669224151787 -0.1476209044221631
v -0.7003132892128221 -0.693834033480312 -0.16779639726871248
v -0.71835778495672 -0.6697478582562304 -0.1881486092249078
v -0.7357384106195902 -0.6443425938204507 -0.2085943741515891
v -0.7523439028017583 -0.6176706970007558 -0.2290448907607829
v -0.7680678812953315 -0.5898031225392343 -0.24940731016846618
v -0.7828115982446896 -0.5608289147698411 -0.2695865909344842
v -0.7964865772201677 -0.5308541159174566 -0.28948754709243946
v -0.8090169943749475 -0.5 -0.3090169943749474
v -0.8203416630098961 -0.46840069051540295 -0.32808588670476474
v -0.8304155057043254 -0.43620026704320986 -0.34661133120147974
v -0.8392104327077006 -0.40354950489526553 -0.36451837640006596
v -0.8467155877615388 -0.3706024182004535 -0.3817414846013048
v -0.8529369679720397 -0.3375127872392837 -0.3982256233803064
v -0.8578964674811382 -0.3044308446619229 -0.4139269402947972
v -0.8616304307490245 -0.27150027397055687 -0.4288130152422653
v -0.8641878268373419 -0.23885564080505958 -0.44286271326648935
v -0.8656281694836252 -0.20662033782365402 -0.4560656840785845
v -0.8660193090951929 -0.17490508232599186 -0.4684215712910998
v -0.8654352136909764 -0.14380696674508983 -0.47993900364445324
v -0.863953838921453 -0.11340902917961727 -0.49063444264892453
v -0.8616551656720642 -0.0837802863244506 -0.5005309571785153
v -0.8586194603848024 -0.054976155193623595 -0.5096569872067266
v -0.8549257906207438 -0.027039182478105293 -0.5180451477838701
v 0.5450843302619754 0.8382146568212642 -0.016711133799479683
v 0.5646331424003501 0.824642327904354 -0.03397713248044844
v 0.5843112435029658 0.8098761011363558 -0.05177906453570847
v 0.6040434718285418 0.7938632042573209 -0.07009063466413208
v 0.6237459703895432 0.7765576204234852 -0.08887759326749135
v 0.6433266536170916 0.7579220234126313 -0.10809728568256148
v 0.6626860219022386 0.7379297779416215 -0.12769839154200366
v 0.6817183540715489 0.7165669224151787 -0.1476209044221631
v 0.7003132892128221 0.693834033480312 -0.16779639726871248
v 0.71835778495672 0.6697478582562304 -0.1881486092249078
v 0.7357384106195902 0.6443425938204507 -0.2085943741515891
v 0.7523439028017583 0.6176706970007558 -0.2290448907607829
v 0.7680678812953315 0.5898031225392343 -0.24940731016846618
v 0.7828115982446896 0.5608289147698411 -0.2695865909344842
v 0.7964865772201677 0.5308541159174566 -0.28948754709243946
v 0.8090169943749475 0.5 -0.3090169943749474
v 0.8203416630098961 0.46840069051540295 -0.32808588670476474
v 0.8304155057043254 0.43620026704320986 -0.34661133120147974
v 0.8392104327077006 0.40354950489526553 -0.36451837640006596
v 0.8467155877615388 0.3706024182004535 -0.3817414846013048
v 0.8529369679720397 0.3375127872392837 -0.3982256233803064
v 0.8578964674811382 0.3044308446619229 -0.4139269402947972
v 0.8616304307490245 0.27150027397055687 -0.4288130152422653
v 0.8641878268373419 0.23885564080505958 -0.44286271326648935
v 0.8656281694836252 0.20662033782365402 -0.4560656840785845
v 0.8660193090951929 0.17490508232599186 -0.4684215712910998
v 0.8654352136909764 0.14380696674508983 -0.47993900364445324
v 0.863953838921453 0.11340902917961727 -0.49063444264892453
v 0.8616551656720642 0.0837802863244506 -0.5005309571785153
v 0.8586194603848024 0.054976155193623595 -0.5096569872067266
v 0.8549257906207438 0.027039182478105293 -0.5180451477838701
v 0.0 -0.5013340139843905 -0.8652538392993695
v 0.0 -0.4756798547262781 -0.8796184830979775
v 0.0 -0.44875189264280674 -0.8936563874608064
v 0.0 -0.42054380798479246 -0.9072722334369382
v 0.0 -0.39106141037696196 -0.9203645871685749
v 0.0 -0.36032428560853824 -0.9328271057386232
v 0.0 -0.32836729253658087 -0.9445501157652756
v 0.0 -0.2952418088443262 -0.9554225632202383
v 0.0 -0.26101661797355274 -0.9653343074508688
v 0.0 -0.2257783310698894 -0.9741787029181532
v 0.0 -0.18963124922871735 -0.9818553810597344
v 0.0 -0.15269659384052192 -0.9882731152012093
v 0.0 -0.11511106623159978 -0.9933526274344999
v 0.0 -0.0770247402669955 -0.997029181813051
v 0.0 -0.03859833961232526 -0.9992548064328595
v 0.0 0.0 -1.0
v 0.0 0.03859833961232526 -0.9992548064328595
v 0.0 0.0770247402669955 -0.997029181813051
v 0.0 0.11511106623159978 -0.9933526274344999
v 0.0 0.15269659384052192 -0.9882731152012093
v 0.0 0.18963124922871735 -0.9818553810597344
v 0.0 0.2257783310698894 -0.9741787029181532
v 0.0 0.26101661797355274 -0.9653343074508688
v 0.0 0.2952418088443262 -0.9554225632202383
v 0.0 0.32836729253658087 -0.9445501157652756
v 0.0 0.36032428560853824 -0.9328271057386232
v 0.0 0.39106141037696196 -0.9203645871685749
v 0.0 0.42054380798479246 -0.9072722334369382
v 0.0 0.44875189264280674 -0.8936563874608064
v 0.0 0.4756798547262781 -0.8796184830979775
v 0.0 0.5013340139843905 -0.8652538392993695
v -0.027039182478105293 -0.5180451477838701 -0.8549257906207438
v -0.054976155193623595 -0.5096569872067266 -0.8586194603848024
v -0.0837802863244506 -0.5005309571785153 -0.8616551656720642
v -0.11340902917961727 -0.49063444264892453 -0.863953838921453
v -0.14380696674508983 -0.47993900364445324 -0.8654352136909764
v -0.17490508232599186 -0.4684215712910998 -0.8660193090951929
v -0.20662033782365402 -0.4560656840785845 -0.8656281694836252
v -0.23885564080505958 -0.44286271326648935 -0.8641878268373419
v -0.2715002739705568 -0.4288130152422652 -0.8616304307490243
v -0.3044308446619229 -0.4139269402947972 -0.8578964674811382
v -0.33751278723928374 -0.3982256233803065 -0.8529369679720398
v -0.3706024182004535 -0.3817414846013048 -0.8467155877615388
v -0.40354950489526553 -0.36451837640006596 -0.8392104327077006
v -0.43620026704320986 -0.34661133120147974 -0.8304155057043254
v -0.46840069051540295 -0.32808588670476474 -0.8203416630098961
v -0.5 -0.3090169943749474 -0.8090169943749475
v -0.5308541159174566 -0.28948754709243946 -0.7964865772201677
v -0.5608289147698411 -0.2695865909344842 -0.7828115982446896
v -0.5898031225392343 -0.24940731016846618 -0.7680678812953315
v -0.6176706970007558 -0.2290448907607829 -0.7523439028017583
v -0.6443425938204507 -0.2085943741515891 -0.7357384106195902
v -0.6697478582562304 -0.1881486092249078 -0.71835778495672
v -0.693834033480312 -0.16779639726871248 -0.7003132892128221
v -0.7165669224151787 -0.1476209044221631 -0.6817183540715489
v -0.7379297779416215 -0.12769839154200366 -0.6626860219022386
v -0.7579220234126313 -0.10809728568256148 -0.6433266536170916
v -0.7765576204234852 -0.08887759326749135 -0.6237459703895432
v -0.7938632042573208 -0.07009063466413207 -0.6040434718285418
v -0.8098761011363558 -0.05177906453570847 -0.5843112435029658
v -0.824642327904354 -0.03397713248044844 -0.5646331424003501
v -0.8382146568212642 -0.016711133799479683 -0.5450843302619754
v 0.5450843302619754 -0.8382146568212642 -0.016711133799479683
v 0.5646331424003501 -0.824642327904354 -0.03397713248044844
v 0.5843112435029658 -0.8098761011363558 -0.05177906453570847
v 0.6040434718285418 -0.7938632042573209 -0.07009063466413208
v 0.6237459703895432 -0.7765576204234852 -0.08887759326749135
v 0.6433266536170916 -0.7579220234126313 -0.10809728568256148
v 0.6626860219022386 -0.7379297779416215 -0.12769839154200366
v 0.6817183540715489 -0.7165669224151787 -0.1476209044221631
v 0.7003132892128221 -0.693834033480312 -0.16779639726871248
v 0.71835778495672 -0.6697478582562304 -0.1881486092249078
v 0.7357384106195902 -0.6443425938204507 -0.2085943741515891
v 0.7523439028017583 -0.6176706970007558 -0.2290448907607829
v 0.7680678812953315 -0.5898031225392343 -0.24940731016846618
v 0.7828115982446896 -0.5608289147698411 -0.2695865909344842
v 0.7964865772201677 -0.5308541159174566 -0.28948754709243946
v 0.8090169943749475 -0.5 -0.3090169943749474
v 0.8203416630098961 -0.46840069051540295 -0.32808588670476474
v 0.8304155057043254 -0.43620026704320986 -0.34661133120147974
v 0.8392104327077006 -0.40354950489526553 -0.36451837640006596
v 0.8467155877615388 -0.3706024182004535 -0.3817414846013048
v 0.8529369679720397 -0.3375127872392837 -0.3982256233803064
v 0.8578964674811382 -0.3044308446619229 -0.4139269402947972
v 0.8616304307490245 -0.27150027397055687 -0.4288130152422653
v 0.8641878268373419 -0.23885564080505958 -0.44286271326648935
v 0.8656281694836252 -0.20662033782365402 -0.4560656840785845
v 0.8660193090951929 -0.17490508232599186 -0.4684215712910998
v 0.8654352136909764 -0.14380696674508983 -0.47993900364445324
v 0.863953838921453 -0.11340902917961727 -0.49063444264892453
v 0.8616551656720642 -0.0837802863244506 -0.5005309571785153
v 0.8586194603848024 -0.054976155193623595 -0.5096569872067266
v 0.8549257906207438 -0.027039182478105293 -0.5180451477838701
v -0.027039182478105293 0.5180451477838701 0.8549257906207438
v -0.054976155193623595 0.5096569872067266 0.8586194603848024
v -0.0837802863244506 0.5005309571785153 0.8616551656720642
v -0.11340902917961727 0.49063444264892453 0.863953838921453
v -0.14380696674508983 0.47993900364445324 0.8654352136909764
v -0.17490508232599186 0.4684215712910998 0.8660193090951929
v -0.20662033782365402 0.4560656840785845 0.8656281694836252
v -0.23885564080505958 0.44286271326648935 0.8641878268373419
v -0.2715002739705568 0.4288130152422652 0.8616304307490243
v -0.3044308446619229 0.4139269402947972 0.8578964674811382
v -0.33751278723928374 0.3982256233803065 0.8529369679720398
v -0.3706024182004535 0.3817414846013048 0.8467155877615388
v -0.40354950489526553 0.36451837640006596 0.8392104327077006
v -0.43620026704320986 0.34661133120147974 0.8304155057043254
v -0.46840069051540295 0.32808588670476474 0.8203416630098961
v -0.5 0.3090169943749474 0.8090169943749475
v -0.5308541159174566 0.28948754709243946 0.7964865772201677
v -0.5608289147698411 0.2695865909344842 0.7828115982446896
v -0.5898031225392343 0.24940731016846618 0.7680678812953315
v -0.6176706970007558 0.2290448907607829 0.7523439028017583
v -0.6443425938204507 0.2085943741515891 0.7357384106195902
v -0.6697478582562304 0.1881486092249078 0.71835778495672
v -0.693834033480312 0.16779639726871248 0.7003132892128221
v -0.7165669224151787 0.1476209044221631 0.6817183540715489
v -0.7379297779416215 0.12769839154200366 0.6626860219022386
v -0.7579220234126313 0.10809728568256148 0.6433266536170916
v -0.7765576204234852 0.08887759326749135 0.6237459703895432
v -0.7938632042573208 0.07009063466413207 0.6040434718285418
v -0.8098761011363558 0.05177906453570847 0.5843112435029658
v -0.824642327904354 0.03397713248044844 0.5646331424003501
v -0.8382146568212642 0.016711133799479683 0.5450843302619754
v -0.5013340139843905 -0.8652538392993695 0.0
v -0.4756798547262781 -0.8796184830979775 0.0
v -0.44875189264280674 -0.8936563874608064 0.0
v -0.42054380798479246 -0.9072722334369382 0.0
v -0.39106141037696196 -0.9203645871685749 0.0
v -0.36032428560853824 -0.9328271057386232 0.0
v -0.32836729253658087 -0.9445501157652756 0.0
v -0.2952418088443262 -0.9554225632202383 0.0
v -0.26101661797355274 -0.9653343074508688 0.0
v -0.2257783310698894 -0.9741787029181532 0.0
v -0.18963124922871735 -0.9818553810597344 0.0
v -0.15269659384052192 -0.9882731152012093 0.0
v -0.11511106623159978 -0.9933526274344999 0.0
v -0.0770247402669955 -0.997029181813051 0.0
v -0.03859833961232526 -0.9992548064328595 0.0
v 0.0 -1.0 0.0
v 0.03859833961232526 -0.9992548064328595 0.0
v 0.0770247402669955 -0.997029181813051 0.0
v 0.11511106623159978 -0.9933526274344999 0.0
v 0.15269659384052192 -0.9882731152012093 0.0
v 0.18963124922871735 -0.9818553810597344 0.0
v 0.2257783310698894 -0.9741787029181532 0.0
v 0.26101661797355274 -0.9653343074508688 0.0
v 0.2952418088443262 -0.9554225632202383 0.0
v 0.32836729253658087 -0.9445501157652756 0.0
v 0.36032428560853824 -0.9328271057386232 0.0
v 0.39106141037696196 -0.9203645871685749 0.0
v 0.42054380798479246 -0.9072722334369382 0.0
v 0.44875189264280674 -0.8936563874608064 0.0
v 0.4756798547262781 -0.8796184830979775 0.0
v 0.5013340139843905 -0.8652538392993695 0.0
v 0.5180451477838701 0.8549257906207439 -0.027039182478105297
v 0.5096569872067266 0.8586194603848024 -0.054976155193623595
v 0.5005309571785153 0.8616551656720642 -0.0837802863244506
v 0.49063444264892453 0.863953838921453 -0.11340902917961727
v 0.4799390036444533 0.8654352136909765 -0.14380696674508983
v 0.4684215712910998 0.8660193090951929 -0.17490508232599186
v 0.4560656840785845 0.8656281694836252 -0.20662033782365402
v 0.44286271326648935 0.8641878268373419 -0.23885564080505958
v 0.4288130152422653 0.8616304307490245 -0.27150027397055687
v 0.4139269402947972 0.8578964674811382 -0.3044308446619229
v 0.3982256233803065 0.8529369679720398 -0.33751278723928374
v 0.3817414846013048 0.8467155877615388 -0.3706024182004535
v 0.36451837640006596 0.8392104327077006 -0.40354950489526553
v 0.34661133120147974 0.8304155057043254 -0.43620026704320986
v 0.32808588670476474 0.8203416630098961 -0.46840069051540295
v 0.3090169943749474 0.8090169943749475 -0.5
v 0.28948754709243946 0.7964865772201677 -0.5308541159174566
v 0.2695865909344843 0.7828115982446897 -0.5608289147698412
v 0.24940731016846618 0.7680678812953315 -0.5898031225392343
v 0.2290448907607829 0.7523439028017583 -0.6176706970007558
v 0.2085943741515891 0.7357384106195902 -0.6443425938204507
v 0.1881486092249078 0.71835778495672 -0.6697478582562304
v 0.16779639726871248 0.7003132892128221 -0.693834033480312
v 0.1476209044221631 0.6817183540715489 -0.7165669224151787
v 0.12769839154200366 0.6626860219022386 -0.7379297779416215
v 0.10809728568256148 0.6433266536170916 -0.7579220234126313
v 0.08887759326749135 0.6237459703895432 -0.7765576204234852
v 0.07009063466413208 0.6040434718285418 -0.7938632042573209
v 0.05177906453570847 0.5843112435029658 -0.8098761011363558
v 0.03397713248044844 0.5646331424003501 -0.824642327904354
v 0.016711133799479683 0.5450843302619754 -0.8382146568212642
v -0.5180451477838701 -0.8549257906207439 -0.027039182478105297
v -0.5096569872067266 -0.8586194603848024 -0.054976155193623595
v -0.5005309571785153 -0.8616551656720642 -0.0837802863244506
v -0.49063444264892453 -0.863953838921453 -0.11340902917961727
v -0.4799390036444533 -0.8654352136909765 -0.14380696674508983
v -0.4684215712910998 -0.8660193090951929 -0.17490508232599186
v -0.4560656840785845 -0.8656281694836252 -0.20662033782365402
v -0.44286271326648935 -0.8641878268373419 -0.23885564080505958
v -0.4288130152422653 -0.8616304307490245 -0.27150027397055687
v -0.4139269402947972 -0.8578964674811382 -0.3044308446619229
v -0.3982256233803065 -0.8529369679720398 -0.33751278723928374
v -0.3817414846013048 -0.8467155877615388 -0.3706024182004535
v -0.36451837640006596 -0.8392104327077006 -0.40354950489526553
v -0.34661133120147974 -0.8304155057043254 -0.43620026704320986
v -0.32808588670476474 -0.8203416630098961 -0.46840069051540295
v -0.3090169943749474 -0.8090169943749475 -0.5
v -0.28948754709243946 -0.7964865772201677 -0.5308541159174566
v -0.2695865909344843 -0.7828115982446897 -0.5608289147698412
v -0.24940731016846618 -0.7680678812953315 -0.5898031225392343
v -0.2290448907607829 -0.7523439028017583 -0.6176706970007558
v -0.2085943741515891 -0.7357384106195902 -0.6443425938204507
v -0.1881486092249078 -0.71835778495672 -0.6697478582562304
v -0.16779639726871248 -0.7003132892128221 -0.693834033480312
v -0.1476209044221631 -0.6817183540715489 -0.7165669224151787
v -0.12769839154200366 -0.6626860219022386 -0.7379297779416215
v -0.10809728568256148 -0.6433266536170916 -0.7579220234126313
v -0.08887759326749135 -0.6237459703895432 -0.7765576204234852
v -0.07009063466413208 -0.6040434718285418 -0.7938632042573209
v -0.05177906453570847 -0.5843112435029658 -0.8098761011363558
v -0.03397713248044844 -0.5646331424003501 -0.824642327904354
v -0.016711133799479683 -0.5450843302619754 -0.8382146568212642
v 0.027039182478105293 0.5180451477838701 -0.8549257906207438
v 0.054976155193623595 0.5096569872067266 -0.8586194603848024
v 0.0837802863244506 0.5005309571785153 -0.8616551656720642
v 0.11340902917961727 0.49063444264892453 -0.863953838921453
v 0.14380696674508983 0.47993900364445324 -0.8654352136909764
v 0.17490508232599186 0.4684215712910998 -0.8660193090951929
v 0.20662033782365402 0.4560656840785845 -0.8656281694836252
v 0.23885564080505958 0.44286271326648935 -0.8641878268373419
v 0.2715002739705568 0.4288130152422652 -0.8616304307490243
v 0.3044308446619229 0.4139269402947972 -0.8578964674811382
v 0.33751278723928374 0.3982256233803065 -0.8529369679720398
v 0.3706024182004535 0.3817414846013048 -0.8467155877615388
v 0.40354950489526553 0.36451837640006596 -0.8392104327077006
v 0.43620026704320986 0.34661133120147974 -0.8304155057043254
v 0.46840069051540295 0.32808588670476474 -0.8203416630098961
v 0.5 0.3090169943749474 -0.8090169943749475
v 0.5308541159174566 0.28948754709243946 -0.7964865772201677
v 0.5608289147698411 0.2695865909344842 -0.7828115982446896
v 0.5898031225392343 0.24940731016846618 -0.7680678812953315
v 0.6176706970007558 0.2290448907607829 -0.7523439028017583
v 0.6443425938204507 0.2085943741515891 -0.7357384106195902
v 0.6697478582562304 0.1881486092249078 -0.71835778495672
v 0.693834033480312 0.16779639726871248 -0.7003132892128221
v 0.7165669224151787 0.1476209044221631 -0.6817183540715489
v 0.7379297779416215 0.12769839154200366 -0.6626860219022386
v 0.7579220234126313 0.10809728568256148 -0.6433266536170916
v 0.7765576204234852 0.08887759326749135 -0.6237459703895432
v 0.7938632042573208 0.07009063466413207 -0.6040434718285418
v 0.8098761011363558 0.05177906453570847 -0.5843112435029658
v 0.824642327904354 0.03397713248044844 -0.5646331424003501
v 0.8382146568212642 0.016711133799479683 -0.5450843302619754
v -0.5374553858759236 0.8421171236917472 0.04450233901831196
v -0.5570486494587215 0.8281231590100674 0.06252068175732874
v -0.5767547280455737 0.8128847911800792 0.08106972274033818
v -0.5964942774380213 0.7963486620032646 0.10011685926607475
v -0.6161790815796019 0.7784691379166969 0.1196208206582494
v -0.6357126524765078 0.7592104066622744 0.13953129361181685
v -0.654991209990117 0.7385486173326935 0.159788781432394
v -0.6739050674525727 0.716473966464088 0.1803247499401021
v -0.6923404266569897 0.692992614398792 0.20106210484610157
v -0.7101815575695606 0.6681283037670814 0.22191603140241004
v -0.7273133059236357 0.641923548733929 0.2427952071340601
v -0.7436238386105666 0.6144402722444919 0.2636033734499631
v -0.7590075062976563 0.5857597903992625 0.28424122384908457
v -0.7733676792259858 0.5559820781480225 0.30460853813840943
v -0.7866193996593099 0.5252242965393921 0.324606466978598
v -0.7986916959186995 0.49361861461005196 0.34413985264854857
v -0.8095294195516689 0.4613094128830364 0.3631194630777124
v -0.8190944979812843 0.4284500038897919 0.381464018674927
v -0.827366536809923 0.3951990420489519 0.3991019054461465
v -0.8343427539370007 0.3617168160377992 0.4159724918168248
v -0.8400372760213961 0.32816161922663917 0.4320269974910168
v -0.8444798709354596 0.2946863782482369 0.44722889671818655
v -0.8477142231586662 0.2614356892696124 0.46155387142848403
v -0.8497958797414874 0.2285433707564071 0.47498935825730987
v -0.8507900017506349 0.19613059605237665 0.4875337549475872
v -0.8507690510701167 0.1643046243707284 0.4991953647137031
v -0.8498105275597344 0.13315810928195035 0.509991161865676
v -0.8479948501089801 0.1027689325054107 0.5199454593516001
v -0.8454034504478299 0.07320048920136979 0.5290885505769178
v -0.8421171236917472 0.04450233901831196 0.5374553858759236
v -0.5290885505769178 0.8454034504478299 0.07320048920136979
v -0.5486883865273363 0.8309521426797776 0.09197603528047425
v -0.5683823798954282 0.8152054965414801 0.1112720478510575
v -0.588087069797725 0.7981101312434162 0.13104890973732858
v -0.6077100293542063 0.779621475880755 0.15125764300630543
v -0.6271506164003298 0.7597060230711085 0.1718396428597508
v -0.6463011344779054 0.738343595526456 0.1927266938377704
v -0.665048423888383 0.7155295122624376 0.21384132193066907
v -0.6832758761694998 0.6912765229670094 0.23509752410317752
v -0.7008658332542629 0.6656163689055808 0.2564018978513176
v -0.7177022972538684 0.6386008299711143 0.27765516828743514
v -0.7336738418973348 0.6103021326212047 0.29875408053048286
v -0.7486765865962971 0.5808126234883714 0.3195935936139404
v -0.7626170735015145 0.5502436573245669 0.3400692823206324
v -0.7754148807491633 0.5187237022272607 0.3600798292884578
v -0.7870048138235298 0.48639572425272454 0.3795294750704596
v -0.7973385418711487 0.4534139706197825 0.39833029120767766
v -0.8063855847111235 0.41994031855346436 0.41640415178443424
v -0.8141336047890234 0.38614038926448463 0.43368430145890985
v -0.8205880105062009 0.3521796396528679 0.4501164498520926
v -0.8257709268677065 0.31821963701046474 0.4656593593615154
v -0.8297196305630133 0.28441469621979637 0.4802849312986796
v -0.8324845753740931 0.2509090191178291 0.49397782935020945
v -0.8341271482851601 0.21783442772304645 0.5067347063229826
v -0.8347172971219813 0.18530873317147167 0.5185631179478138
v -0.8343311590570904 0.15343473603363453 0.5294802156877448
v -0.8330487991245398 0.12229981531893715 0.5395113098444888
v -0.8309521426797775 0.09197603528047425 0.5486883865273363
v -0.8281231590100674 0.06252068175732874 0.5570486494587215
v -0.5199454593516001 0.8479948501089801 0.1027689325054107
v -0.5395113098444888 0.8330487991245398 0.12229981531893715
v -0.5591505555060458 0.8167565981550934 0.14233522279253163
v -0.5787757652163287 0.7990655235865146 0.16282783120112607
v -0.5982905449224315 0.7799328630110558 0.18372031202835923
v -0.617590455434242 0.7593283147561655 0.20494521162029483
v -0.6365643677938587 0.7372363598323229 0.2264251651128704
v -0.6550962675376302 0.713658476140052 0.24807349655238164
v -0.6730674886196873 0.6886150479011942 0.2697952400751782
v -0.6903593220010092 0.6621468167165695 0.2914885926385807
v -0.7068559061124624 0.6343157278352621 0.31304677831715744
v -0.72244727090818 0.6052050483502281 0.33436027008112207
v -0.7370323790066918 0.5749186733196917 0.35531928087856685
v -0.7505219912746225 0.5435795889555131 0.3758164060869762
v -0.76284118382526 0.5113275241439893 0.3957492783478623
v -0.7739313604602943 0.4783158857239084 0.41502308702074764
v -0.7837516381807692 0.4447081311717827 0.4335528199869782
v -0.7922795300025869 0.4106737770487285 0.4512651052135666
v -0.7995109032905102 0.3763842669748591 0.46809956109079015
v -0.8054592464204918 0.3420089261483442 0.48400960402722376
v -0.810154325170865 0.3077112110267028 0.4989627040324959
v -0.8136403475009072 0.2736454263680833 0.5129401188700615
v -0.8159737780817069 0.2399540332639651 0.52593617046503
v -0.8172209512929919 0.2067656179621024 0.5379571507067523
v -0.8174556247872685 0.17419353879974223 0.5490199564169586
v -0.8167565981550934 0.14233522279253163 0.5591505555060458
v -0.8152054965414801 0.1112720478510575 0.5683823798954282
v -0.8128847911800792 0.08106972274033818 0.5767547280455737
v -0.509991161865676 0.8498105275597344 0.13315810928195035
v -0.5294802156877448 0.8343311590570904 0.15343473603363453
v -0.5490199564169586 0.8174556247872685 0.17419353879974223
v -0.5685192202902353 0.7991326580327285 0.1953788397604234
v -0.5878779942613195 0.779322315310594 0.2169243940229478
v -0.6069885147096088 0.757998502746639 0.23875345619378227
v -0.6257368261840904 0.7351514231558677 0.2607792349650635
v -0.6440048006169802 0.7107897965621176 0.28290578270064953
v -0.6616725828825603 0.6849426926419094 0.3050293442571917
v -0.6786213896739846 0.6576608121632775 0.32704015903507644
v -0.6947365493692012 0.6290170692206356 0.3488246745854681
v -0.709910635852268 0.5991063585226795 0.37026809244319614
v -0.7240465244943912 0.5680444412619797 0.39125713171641757
v -0.7370601884122976 0.5359659453986574 0.4116828682742966
v -0.7488830607942988 0.5030215450660013 0.43144349161248846
v -0.7594638151136077 0.46937445096587566 0.45044682073866027
v -0.7687694571591907 0.43519640034045604 0.4686124356756582
v -0.7767856760893116 0.4006633738465717 0.4858733109364552
v -0.7835164594263934 0.3659512825291082 0.5021768778261597
v -0.7889830317777987 0.33123185975425573 0.5174854883476929
v -0.7932222225828035 0.2966689627647877 0.5317762989574304
v -0.7962843997341675 0.2624154418218521 0.5450406320940104
v -0.7982311213841842 0.22861067886310696 0.5572829033475702
v -0.7991326580327285 0.1953788397604234 0.5685192202902353
v -0.7990655235865146 0.16282783120112607 0.5787757652163287
v -0.7981101312434162 0.13104890973732858 0.588087069797725
v -0.7963486620032646 0.10011685926607475 0.5964942774380213
v -0.4991953647137031 0.8507690510701167 0.1643046243707284
v -0.5185631179478138 0.8347172971219813 0.18530873317147167
v -0.5379571507067523 0.8172209512929919 0.2067656179621024
v -0.5572829033475702 0.7982311213841842 0.22861067886310696
v -0.5764372020129719 0.7777116489877878 0.25076830574088144
v -0.5953095482533642 0.7556417344759133 0.2731521753100433
v -0.6137838844947381 0.7320184191063477 0.29566598929128385
v -0.6317408225249649 0.7068587605264778 0.3182046917040229
v -0.6490602839996624 0.6802015279118562 0.34065617440559304
v -0.6656244607752212 0.6521082484072999 0.3629034438757221
v -0.6813209633515501 0.6226634603493987 0.3848271820485508
v -0.6960459933851381 0.5919740715619715 0.40630859416315374
v -0.7097073566038372 0.5601677804845986 0.4272324024337953
v -0.7222271298680454 0.5273905885474597 0.44748982110672614
v -0.7335438127391466 0.49380350598917355 0.4669813403819431
v -0.7436138289995902 0.459578620826199 0.4856191559237104
v -0.7524122933676713 0.42489475287032935 0.5033291068202423
v -0.7599330169554005 0.3899329446081433 0.5200520247535678
v -0.7661877842999592 0.354872044915385 0.5357444455401215
v -0.7712049876331988 0.31988462054335476 0.5503786847158161
v -0.7750277444673128 0.28513338839097324 0.5639423251810348
v -0.7777116489877878 0.25076830574088144 0.5764372020129719
v -0.7793223153105939 0.21692439402294778 0.5878779942613194
v -0.7799328630110558 0.18372031202835923 0.5982905449224315
v -0.779621475880755 0.15125764300630543 0.6077100293542063
v -0.7784691379166969 0.1196208206582494 0.6161790815796019
v -0.4875337549475872 0.8507900017506349 0.19613059605237665
v -0.5067347063229826 0.8341271482851601 0.21783442772304645
v -0.52593617046503 0.8159737780817069 0.2399540332639651
v -0.5450406320940104 0.7962843997341675 0.2624154418218521
v -0.5639423251810348 0.7750277444673128 0.28513338839097324
v -0.5825287182475782 0.7521894514797524 0.30801188532169166
v -0.6006824829048134 0.7277745349320384 0.330945284051252
v -0.6182839174182231 0.7018094542057703 0.3538198516892101
v -0.6352137560113458 0.6743436049716801 0.37651585173503294
v -0.6513562523061036 0.6454500625756868 0.39891007671252093
v -0.6666023870869816 0.6152254434315861 0.4208787370304494
v -0.6808530223442 0.5837888038062478 0.4423005703311253
v -0.6940218106316585 0.5512795645475929 0.4630600048371387
v -0.7060376747970781 0.5178545276897595 0.4830501939947354
v -0.7168466990465948 0.48368412697996593 0.5021757415224564
v -0.7264133158642744 0.4489481190846347 0.5203549566454023
v -0.734720729322077 0.4138309667265571 0.5375215166694247
v -0.7417705765237548 0.3785171835103165 0.5536254632791322
v -0.7475818873792709 0.34318690109079014 0.5686335134180427
v -0.7521894514797524 0.30801188532169166 0.5825287182475782
v -0.7556417344759133 0.2731521753100433 0.5953095482533642
v -0.757998502746639 0.23875345619378227 0.6069885147096088
v -0.7593283147561654 0.2049452116202948 0.6175904554342418
v -0.7597060230711085 0.1718396428597508 0.6271506164003298
v -0.7592104066622742 0.13953129361181682 0.6357126524765077
v -0.47498935825730987 0.8497958797414874 0.2285433707564071
v -0.49397782935020945 0.8324845753740931 0.2509090191178291
v -0.5129401188700615 0.8136403475009072 0.2736454263680833
v -0.5317762989574304 0.7932222225828035 0.2966689627647877
v -0.5503786847158161 0.7712049876331988 0.31988462054335476
v -0.5686335134180427 0.7475818873792709 0.34318690109079014
v -0.5864231044008367 0.7223670166098651 0.36646123388299656
v -0.6036284544126622 0.6955972178041024 0.389585933532735
v -0.6201321802419765 0.6673332978096439 0.4124346598709157
v -0.6358216784580258 0.6376604013580365 0.4348793002003278
v -0.6505923368907498 0.6066874245848511 0.4567931479670349
v -0.6643506099952529 0.5745454161355171 0.47805421428599587
v -0.6770167653303454 0.5413849909614589 0.4985484841249615
v -0.6885271236113095 0.5073728635944478 0.5181729222368786
v -0.6988356496797787 0.4726876829333794 0.5368380474032317
v -0.7079148025100048 0.4375154090903523 0.554469926322179
v -0.7157556125791343 0.402044506662343 0.5710114865080222
v -0.7223670166098651 0.36646123388299656 0.5864231044008367
v -0.7277745349320384 0.330945284051252 0.6006824829048134
v -0.7320184191063477 0.29566598929128385 0.6137838844947381
v -0.7351514231558677 0.2607792349650635 0.6257368261840904
v -0.7372363598323228 0.22642516511287036 0.6365643677938586
v -0.738343595526456 0.1927266938377704 0.6463011344779054
v -0.7385486173326934 0.15978878143239397 0.6549912099901168
v -0.4615538714284841 0.8477142231586663 0.2614356892696124
v -0.4802849312986796 0.8297196305630133 0.28441469621979637
v -0.4989627040324959 0.810154325170865 0.3077112110267028
v -0.5174854883476929 0.7889830317777987 0.33123185975425573
v -0.5357444455401215 0.7661877842999592 0.354872044915385
v -0.5536254632791322 0.7417705765237548 0.3785171835103165
v -0.5710114865080222 0.7157556125791343 0.402044506662343
v -0.5877852522924731 0.6881909602355868 0.42532540417601994
v -0.6038323219761927 0.6591494232384238 0.44822825076214523
v -0.6190442639564818 0.6287284840759234 0.4706216023241698
v -0.6333218098844494 0.5970492253158048 0.49237760679633114
v -0.6465777917977316 0.5642542117657714 0.5133754412304479
v -0.6587396716129896 0.5305043993891415 0.5335045709944544
v -0.6697514988109495 0.49597521975140363 0.5526676317942218
v -0.6795751750063787 0.4608520596005095 0.5707827613698738
v -0.6881909602355868 0.42532540417601994 0.5877852522924731
v -0.6955972178041024 0.389585933532735 0.6036284544126622
v -0.7018094542057703 0.3538198516892101 0.6182839174182231
v -0.7068587605264778 0.3182046917040229 0.6317408225249649
v -0.7107897965621175 0.28290578270064953 0.6440048006169802
v -0.713658476140052 0.24807349655238164 0.6550962675376302
v -0.7155295122624374 0.21384132193066904 0.6650484238883829
v -0.716473966464088 0.1803247499401021 0.6739050674525727
v -0.44722889671818655 0.8444798709354596 0.2946863782482369
v -0.4656593593615154 0.8257709268677065 0.31821963701046474
v -0.48400960402722376 0.8054592464204918 0.3420089261483442
v -0.5021768778261597 0.7835164594263934 0.3659512825291082
v -0.5200520247535678 0.7599330169554005 0.3899329446081433
v -0.5375215166694247 0.734720729322077 0.4138309667265571
v -0.554469926322179 0.7079148025100048 0.4375154090903523
v -0.5707827613698738 0.6795751750063787 0.4608520596005095
v -0.5863495358480963 0.6497869809420724 0.48370559352658776
v -0.6010669191089362 0.618660012247598 0.5059430284119878
v -0.614841777964911 0.5863271199848208 0.5274372914757286
v -0.6275939206846387 0.5529415769151841 0.5480706918256376
v -0.639258364474689 0.5186735102005721 0.5677380850932607
v -0.6497869809420724 0.48370559352658776 0.5863495358480963
v -0.6591494232384238 0.44822825076214523 0.6038323219761927
v -0.6673332978096439 0.4124346598709157 0.6201321802419765
v -0.6743436049716801 0.37651585173503294 0.6352137560113458
v -0.6802015279118562 0.34065617440559304 0.6490602839996624
v -0.6849426926419094 0.3050293442571917 0.6616725828825603
v -0.6886150479011942 0.2697952400751782 0.6730674886196873
v -0.6912765229670094 0.23509752410317752 0.6832758761694998
v -0.692992614398792 0.20106210484610157 0.6923404266569897
v -0.4320269974910168 0.8400372760213961 0.32816161922663917
v -0.4501164498520926 0.8205880105062009 0.3521796396528679
v -0.46809956109079015 0.7995109032905102 0.3763842669748591
v -0.4858733109364552 0.7767856760893116 0.4006633738465717
v -0.5033291068202423 0.7524122933676713 0.42489475287032935
v -0.5203549566454023 0.7264133158642744 0.4489481190846347
v -0.5368380474032317 0.6988356496797788 0.4726876829333795
v -0.5526676317942218 0.6697514988109495 0.49597521975140363
v -0.5677380850932607 0.639258364474689 0.5186735102005721
v -0.5819519632455794 0.6074779927073496 0.5406499799786041
v -0.5952228762781367 0.5745542482911573 0.5617803336943765
v -0.6074779927073496 0.5406499799786041 0.5819519632455794
v -0.618660012247598 0.5059430284119877 0.6010669191089361
v -0.6287284840759234 0.4706216023241698 0.6190442639564818
v -0.6376604013580364 0.43487930020032767 0.6358216784580258
v -0.6454500625756868 0.39891007671252093 0.6513562523061036
v -0.6521082484072998 0.36290344387572204 0.6656244607752212
v -0.6576608121632775 0.32704015903507644 0.6786213896739846
v -0.6621468167165695 0.2914885926385807 0.6903593220010092
v -0.6656163689055808 0.2564018978513176 0.7008658332542629
v -0.6681283037670814 0.22191603140241004 0.7101815575695606
v -0.4159724918168248 0.8343427539370007 0.3617168160377992
v -0.43368430145890985 0.8141336047890234 0.38614038926448463
v -0.4512651052135666 0.7922795300025869 0.4106737770487285
v -0.4686124356756582 0.7687694571591907 0.43519640034045604
v -0.4856191559237104 0.7436138289995902 0.459578620826199
v -0.5021757415224564 0.7168466990465948 0.48368412697996593
v -0.5181729222368786 0.6885271236113095 0.5073728635944478
v -0.5335045709944544 0.6587396716129896 0.5305043993891415
v -0.5480706918256376 0.6275939206846387 0.5529415769151841
v -0.5617803336943765 0.5952228762781367 0.5745542482911573
v -0.5745542482911573 0.5617803336943765 0.5952228762781367
v -0.5863271199848208 0.5274372914757286 0.614841777964911
v -0.5970492253158048 0.49237760679633114 0.6333218098844494
v -0.6066874245848513 0.45679314796703496 0.6505923368907499
v -0.6152254434315861 0.4208787370304494 0.6666023870869816
v -0.6226634603493987 0.3848271820485508 0.6813209633515501
v -0.6290170692206356 0.3488246745854681 0.6947365493692012
v -0.6343157278352621 0.31304677831715744 0.7068559061124624
v -0.6386008299711143 0.27765516828743514 0.7177022972538684
v -0.641923548733929 0.2427952071340601 0.7273133059236357
v -0.39910190544614654 0.8273665368099231 0.39519904204895195
v -0.41640415178443424 0.8063855847111235 0.41994031855346436
v -0.4335528199869782 0.7837516381807692 0.4447081311717827
v -0.45044682073866027 0.7594638151136077 0.46937445096587566
v -0.4669813403819431 0.7335438127391466 0.49380350598917355
v -0.4830501939947354 0.7060376747970781 0.5178545276897595
v -0.4985484841249615 0.6770167653303454 0.5413849909614589
v -0.5133754412304479 0.6465777917977316 0.5642542117657714
v -0.5274372914757286 0.614841777964911 0.5863271199848208
v -0.5406499799786041 0.5819519632455794 0.6074779927073496
v -0.5529415769151841 0.5480706918256376 0.6275939206846387
v -0.5642542117657714 0.5133754412304479 0.6465777917977316
v -0.5745454161355171 0.47805421428599587 0.6643506099952529
v -0.5837888038062478 0.4423005703311253 0.6808530223442
v -0.5919740715619715 0.40630859416315374 0.6960459933851381
v -0.5991063585226795 0.37026809244319614 0.709910635852268
v -0.6052050483502281 0.33436027008112207 0.72244727090818
v -0.6103021326212047 0.29875408053048286 0.7336738418973348
v -0.6144402722444919 0.26360337344996304 0.7436238386105665
v -0.381464018674927 0.8190944979812843 0.4284500038897919
v -0.3983302912076777 0.7973385418711488 0.45341397061978256
v -0.41502308702074764 0.7739313604602943 0.4783158857239084
v -0.43144349161248846 0.7488830607942988 0.5030215450660013
v -0.44748982110672614 0.7222271298680454 0.5273905885474597
v -0.4630600048371387 0.6940218106316585 0.5512795645475929
v -0.47805421428599587 0.6643506099952529 0.5745454161355171
v -0.49237760679633114 0.6333218098844494 0.5970492253158048
v -0.5059430284119877 0.6010669191089361 0.618660012247598
v -0.5186735102005721 0.5677380850932607 0.639258364474689
v -0.5305043993891415 0.5335045709944544 0.6587396716129896
v -0.5413849909614589 0.4985484841249615 0.6770167653303454
v -0.5512795645475929 0.4630600048371387 0.6940218106316585
v -0.5601677804845986 0.4272324024337953 0.7097073566038372
v -0.5680444412619797 0.39125713171641757 0.7240465244943912
v -0.5749186733196917 0.35531928087856685 0.7370323790066918
v -0.5808126234883714 0.3195935936139404 0.7486765865962971
v -0.5857597903992625 0.28424122384908457 0.7590075062976563
v -0.3631194630777124 0.8095294195516689 0.4613094128830364
v -0.3795294750704596 0.7870048138235298 0.48639572425272454
v -0.3957492783478623 0.76284118382526 0.5113275241439893
v -0.4116828682742966 0.7370601884122976 0.5359659453986574
v -0.4272324024337953 0.7097073566038372 0.5601677804845986
v -0.4423005703311253 0.6808530223442 0.5837888038062478
v -0.45679314796703496 0.6505923368907499 0.6066874245848513
v -0.4706216023241698 0.6190442639564818 0.6287284840759234
v -0.48370559352658776 0.5863495358480963 0.6497869809420724
v -0.4959752197514036 0.5526676317942217 0.6697514988109494
v -0.5073728635944478 0.5181729222368786 0.6885271236113095
v -0.5178545276897595 0.48305019399473537 0.706037674797078
v -0.5273905885474597 0.44748982110672614 0.7222271298680454
v -0.5359659453986574 0.4116828682742966 0.7370601884122976
v -0.5435795889555131 0.3758164060869762 0.7505219912746225
v -0.5502436573245669 0.3400692823206324 0.7626170735015145
v -0.5559820781480225 0.30460853813840943 0.7733676792259858
v -0.34413985264854857 0.7986916959186995 0.49361861461005196
v -0.36007982928845783 0.7754148807491634 0.5187237022272607
v -0.3758164060869762 0.7505219912746225 0.5435795889555131
v -0.39125713171641757 0.7240465244943912 0.5680444412619797
v -0.40630859416315374 0.6960459933851381 0.5919740715619715
v -0.4208787370304494 0.6666023870869816 0.6152254434315861
v -0.4348793002003278 0.6358216784580258 0.6376604013580365
v -0.44822825076214523 0.6038323219761927 0.6591494232384238
v -0.4608520596005095 0.5707827613698738 0.6795751750063787
v -0.4726876829333795 0.5368380474032317 0.6988356496797788
v -0.48368412697996593 0.5021757415224564 0.7168466990465948
v -0.49380350598917355 0.4669813403819431 0.7335438127391466
v -0.5030215450660013 0.43144349161248846 0.7488830607942988
v -0.5113275241439893 0.3957492783478623 0.76284118382526
v -0.5187237022272607 0.36007982928845783 0.7754148807491634
v -0.5252242965393921 0.324606466978598 0.7866193996593099
v -0.324606466978598 0.7866193996593099 0.5252242965393921
v -0.34006928232063244 0.7626170735015146 0.550243657324567
v -0.35531928087856685 0.7370323790066918 0.5749186733196917
v -0.37026809244319614 0.709910635852268 0.5991063585226795
v -0.3848271820485508 0.6813209633515501 0.6226634603493987
v -0.39891007671252093 0.6513562523061036 0.6454500625756868
v -0.4124346598709157 0.6201321802419765 0.6673332978096439
v -0.42532540417601994 0.5877852522924731 0.6881909602355868
v -0.4375154090903523 0.554469926322179 0.7079148025100048
v -0.4489481190846347 0.5203549566454023 0.7264133158642744
v -0.459578620826199 0.4856191559237104 0.7436138289995902
v -0.46937445096587566 0.45044682073866027 0.7594638151136077
v -0.4783158857239084 0.41502308702074764 0.7739313604602943
v -0.4863957242527245 0.37952947507045953 0.7870048138235297
v -0.49361861461005196 0.34413985264854857 0.7986916959186995
v -0.30460853813840943 0.7733676792259858 0.5559820781480225
v -0.3195935936139404 0.7486765865962971 0.5808126234883714
v -0.33436027008112207 0.72244727090818 0.6052050483502281
v -0.3488246745854681 0.6947365493692012 0.6290170692206356
v -0.3629034438757221 0.6656244607752212 0.6521082484072999
v -0.37651585173503294 0.6352137560113458 0.6743436049716801
v -0.389585933532735 0.6036284544126622 0.6955972178041024
v -0.402044506662343 0.5710114865080222 0.7157556125791343
v -0.4138309667265571 0.5375215166694247 0.734720729322077
v -0.42489475287032935 0.5033291068202423 0.7524122933676713
v -0.43519640034045604 0.4686124356756582 0.7687694571591907
v -0.4447081311717827 0.4335528199869782 0.7837516381807692
v -0.4534139706197825 0.39833029120767766 0.7973385418711487
v -0.4613094128830364 0.3631194630777124 0.8095294195516689
v -0.28424122384908457 0.7590075062976563 0.5857597903992625
v -0.29875408053048286 0.7336738418973348 0.6103021326212047
v -0.31304677831715744 0.7068559061124624 0.6343157278352621
v -0.32704015903507644 0.6786213896739846 0.6576608121632775
v -0.34065617440559304 0.6490602839996624 0.6802015279118562
v -0.3538198516892101 0.6182839174182231 0.7018094542057703
v -0.36646123388299656 0.5864231044008367 0.7223670166098651
v -0.3785171835103165 0.5536254632791322 0.7417705765237548
v -0.3899329446081433 0.5200520247535678 0.7599330169554005
v -0.4006633738465717 0.4858733109364552 0.7767856760893116
v -0.4106737770487285 0.4512651052135666 0.7922795300025869
v -0.4199403185534644 0.4164041517844343 0.8063855847111236
v -0.4284500038897919 0.381464018674927 0.8190944979812843
v -0.2636033734499631 0.7436238386105666 0.6144402722444919
v -0.27765516828743514 0.7177022972538684 0.6386008299711143
v -0.2914885926385807 0.6903593220010092 0.6621468167165695
v -0.3050293442571917 0.6616725828825603 0.6849426926419094
v -0.3182046917040229 0.6317408225249649 0.7068587605264778
v -0.330945284051252 0.6006824829048134 0.7277745349320384
v -0.34318690109079014 0.5686335134180427 0.7475818873792709
v -0.354872044915385 0.5357444455401215 0.7661877842999592
v -0.3659512825291082 0.5021768778261597 0.7835164594263934
v -0.3763842669748591 0.46809956109079015 0.7995109032905102
v -0.38614038926448463 0.43368430145890985 0.8141336047890234
v -0.39519904204895195 0.39910190544614654 0.8273665368099231
v -0.2427952071340601 0.7273133059236357 0.641923548733929
v -0.2564018978513176 0.7008658332542629 0.6656163689055808
v -0.2697952400751782 0.6730674886196873 0.6886150479011942
v -0.28290578270064953 0.6440048006169802 0.7107897965621176
v -0.29566598929128385 0.6137838844947381 0.7320184191063477
v -0.30801188532169166 0.5825287182475782 0.7521894514797524
v -0.31988462054335476 0.5503786847158161 0.7712049876331988
v -0.33123185975425573 0.5174854883476929 0.7889830317777987
v -0.3420089261483442 0.48400960402722376 0.8054592464204918
v -0.3521796396528679 0.4501164498520926 0.8205880105062009
v -0.3617168160377992 0.4159724918168248 0.8343427539370007
v -0.22191603140241004 0.7101815575695606 0.6681283037670814
v -0.23509752410317752 0.6832758761694998 0.6912765229670094
v -0.24807349655238164 0.6550962675376302 0.713658476140052
v -0.2607792349650635 0.6257368261840904 0.7351514231558677
v -0.2731521753100433 0.5953095482533642 0.7556417344759133
v -0.28513338839097324 0.5639423251810348 0.7750277444673128
v -0.2966689627647877 0.5317762989574304 0.7932222225828035
v -0.3077112110267028 0.4989627040324959 0.810154325170865
v -0.31821963701046474 0.4656593593615154 0.8257709268677065
v -0.32816161922663917 0.4320269974910168 0.8400372760213961
v -0.20106210484610157 0.6923404266569897 0.692992614398792
v -0.21384132193066907 0.665048423888383 0.7155295122624376
v -0.2264251651128704 0.6365643677938587 0.7372363598323229
v -0.23875345619378233 0.6069885147096089 0.7579985027466392
v -0.25076830574088144 0.5764372020129719 0.7777116489877878
v -0.2624154418218521 0.5450406320940104 0.7962843997341675
v -0.2736454263680833 0.5129401188700615 0.8136403475009072
v -0.2844146962197964 0.48028493129867966 0.8297196305630135
v -0.2946863782482369 0.44722889671818655 0.8444798709354596
v -0.1803247499401021 0.6739050674525727 0.716473966464088
v -0.1927266938377704 0.6463011344779054 0.738343595526456
v -0.2049452116202948 0.6175904554342418 0.7593283147561654
v -0.2169243940229478 0.5878779942613195 0.779322315310594
v -0.22861067886310696 0.5572829033475702 0.7982311213841842
v -0.2399540332639651 0.52593617046503 0.8159737780817069
v -0.2509090191178291 0.49397782935020945 0.8324845753740931
v -0.2614356892696124 0.4615538714284841 0.8477142231586663
v -0.159788781432394 0.654991209990117 0.7385486173326935
v -0.17183964285975084 0.6271506164003298 0.7597060230711086
v -0.18372031202835923 0.5982905449224315 0.7799328630110558
v -0.1953788397604234 0.5685192202902353 0.7991326580327285
v -0.2067656179621024 0.5379571507067523 0.8172209512929919
v -0.21783442772304645 0.5067347063229826 0.8341271482851601
v -0.2285433707564071 0.47498935825730987 0.8497958797414874
v -0.13953129361181685 0.6357126524765078 0.7592104066622744
v -0.15125764300630543 0.6077100293542063 0.779621475880755
v -0.16282783120112607 0.5787757652163287 0.7990655235865146
v -0.17419353879974223 0.5490199564169586 0.8174556247872685
v -0.18530873317147167 0.5185631179478138 0.8347172971219813
v -0.19613059605237665 0.4875337549475872 0.8507900017506349
v -0.1196208206582494 0.6161790815796019 0.7784691379166969
v -0.13104890973732858 0.588087069797725 0.7981101312434162
v -0.14233522279253166 0.5591505555060459 0.8167565981550935
v -0.15343473603363453 0.5294802156877448 0.8343311590570904
v -0.16430462437072837 0.49919536471370307 0.8507690510701166
v -0.10011685926607475 0.5964942774380213 0.7963486620032646
v -0.1112720478510575 0.5683823798954282 0.8152054965414801
v -0.12229981531893715 0.5395113098444888 0.8330487991245398
v -0.13315810928195035 0.509991161865676 0.8498105275597344
v -0.08106972274033818 0.5767547280455737 0.8128847911800792
v -0.09197603528047425 0.5486883865273363 0.8309521426797776
v -0.1027689325054107 0.5199454593516001 0.8479948501089801
v -0.06252068175732874 0.5570486494587215 0.8281231590100674
v -0.07320048920136979 0.5290885505769178 0.8454034504478299
v -0.04450233901831196 0.5374553858759236 0.8421171236917472
v -0.4929530468576116 0.8696210817839346 0.02750395809218742
v -0.4838481602573517 0.8733635493296334 0.05592019776360723
v -0.47398579554016296 0.8763994844559669 0.08521390304096021
v -0.463336168156071 0.8786448994171827 0.11533748742979379
v -0.4518744572088735 0.8800149802865912 0.14622964608237346
v -0.43958205642413106 0.880425781256419 0.17781467703470452
v -0.42644783923370977 0.8797961883636218 0.21000216035494146
v -0.4124693781829603 0.8780501083049647 0.24268708117038695
v -0.3976540484087528 0.8751188121778101 0.2757504711811535
v -0.3820199383429215 0.8709433382523454 0.30906062230949305
v -0.36559648988583654 0.8654768353476818 0.342474895517492
v -0.3484247965616146 0.8586867125521431 0.37584210890664
v -0.3305575024078644 0.8505564552831784 0.4090054449246234
v -0.31205826634294936 0.8410869746399976 0.44180577123660203
v -0.293000785049258 0.8302973778480396 0.47408522894010147
v -0.2734673993793074 0.81822508158865 0.5056909108694415
v -0.2535473414036464 0.8049252343143145 0.5364784365015882
v -0.23333470758202193 0.7904694635995504 0.566315231434094
v -0.21292626456543118 0.7749440143527866 0.59508333910218
v -0.19241920520307185 0.7584473873343167 0.6226816282136217
v -0.17190897225431467 0.7410876198005099 0.6490273068499354
v -0.15148725653666772 0.72297936789934 0.6740567073317085
v -0.13124025669457828 0.7042409525988711 0.6977253583648625
v -0.11124726240879386 0.6849915186122514 0.7200074069312279
v -0.09157959508836064 0.6653484319822918 0.7408944876446022
v -0.07229991315341977 0.6454250107960766 0.760394159628342
v -0.05346186555646973 0.6253286492954697 0.7785280401511081
v -0.035110058928900956 0.6051593623925604 0.7953297617156287
v -0.017280291437762565 0.5850087483405251 0.8108428675723048
v 0.0 0.564959343968111 0.8251187427656227
v -0.4665678688195892 0.8840433567736746 0.02796009888180362
v -0.456712351246862 0.88779645863357 0.05684431595379255
v -0.446082564576491 0.8907909392264183 0.08661321015281787
v -0.4346523337640905 0.8929380131670707 0.11721370821996034
v -0.42240129618273464 0.8941485713929096 0.14857818567732084
v -0.40931618867728337 0.8943351033238337 0.18062386511602072
v -0.3953921153600762 0.8934138974251714 0.21325262717877422
v -0.38063372766858655 0.8913074614262478 0.24635132345293775
v -0.365056239159035 0.8879470745271305 0.27979266446740847
v -0.34868619360139497 0.8832753563567434 0.3134367292527129
v -0.33156190798938373 0.8772487149656807 0.34713310597161595
v -0.3137335233438704 0.8698395227337037 0.38072362813548066
v -0.2952626159765146 0.8610378683054433 0.4140456218229139
v -0.27622134924879 0.8508527468953723 0.44693553150289744
v -0.25669117852190265 0.8393125809738874 0.4792327516854295
v -0.23676115649896284 0.826465006573357 0.5107834645747399
v -0.2165259183827774 0.8123759130305915 0.5414442746915028
v -0.19608345208991892 0.7971277799199148 0.5710854422032208
v -0.17553277481790902 0.7808174074305257 0.5995935466782457
v -0.15497164160062002 0.7635531791048054 0.6268734585054259
v -0.1344944039006971 0.745452023828924 0.6528495504239531
v -0.11419011830057597 0.7266362547516173 0.6774661394955789
v -0.09414097984763718 0.7072304565289836 0.700687203587401
v -0.0744211252140515 0.6873585714390034 0.7224954604640829
v -0.055095821241226264 0.6671413036251346 0.7428909283866042
v -0.03622102781367421 0.6466939239077052 0.761889103429742
v -0.017843302583059637 0.6261245199973067 0.7795188913753609
v 0.0 0.6055327024811289 0.7958204233530959
v 0.017280291437762562 0.5850087483405252 0.8108428675723047
v -0.438875736611262 0.8980986942210395 0.02840463434698674
v -0.4282392619934313 0.9018187066942981 0.05774214010187858
v -0.4168153327135141 0.9047246036371667 0.08796800548207327
v -0.4045822264165865 0.9067230511853789 0.11902323519748045
v -0.39152492696032914 0.9077210426165109 0.15083348553919826
v -0.3776364221702767 0.9076280630509187 0.18330856993842362
v -0.3629189414257753 0.906358534193755 0.2163424356166451
v -0.3473850565109274 0.9038344632739457 0.24981370160821487
v -0.33105856247134313 0.8999881887167237 0.28358682688869546
v -0.3139750550261502 0.894765086537747 0.317513944157456
v -0.29618212906373387 0.8881260803396728 0.3514373512359817
v -0.2777391397363972 0.8800497884878364 0.38519260122826904
v -0.2587164932827835 0.8705341480560777 0.4186120795817275
v -0.23919446713063303 0.859597378259831 0.4515289073613311
v -0.21926159486974695 0.8472781857091934 0.48378097217285476
v -0.1990126871406027 0.8336351666024752 0.5152148671775109
v -0.17854658983054106 0.8187454212152472 0.5456895184067144
v -0.15796380216732472 0.8027024564495482 0.5750793020225153
v -0.1373640865739407 0.785613505248246 0.6032764938991664
v -0.11684419851929759 0.7675964309159192 0.6301929486415454
v -0.09649584903081317 0.7487764056407108 0.655760966721564
v -0.07640398766858428 0.7292825544867065 0.6799333690808846
v -0.056645463325541504 0.7092447404034538 0.7026828514306239
v -0.03728808828193611 0.6887906362459505 0.7240007305881516
v -0.01839010120075393 0.668043191614439 0.7438952199842528
v 0.0 0.647118560988119 0.762389380844635
v 0.017843302583059637 0.6261245199973067 0.7795188913753609
v 0.035110058928900956 0.6051593623925604 0.7953297617156287
v -0.4098743025996013 0.9116861494330584 0.028834371857448447
v -0.3984313059504163 0.9153238394633767 0.05860685410998017
v -0.3861921252158325 0.918088758783995 0.08926742639811033
v -0.37314038052981185 0.9198834216871895 0.12075076365446102
v -0.35926731539821255 0.9206114850391813 0.15297545456874642
v -0.3445730728877567 0.9201801649653643 0.18584364784679508
v -0.3290678634193027 0.9185029255516834 0.21924123019554
v -0.3127729408627245 0.915502344047086 0.25303862453857456
v -0.295721300353452 0.9111130234715139 0.287092269101521
v -0.2779580158274129 0.9052843952476647 0.32124679789588234
v -0.25954014902874506 0.8979832364126438 0.355337892946996
v -0.2405361848863923 0.8891957226704116 0.3891957226704115
v -0.2210249794283899 0.8789288531862556 0.4226488252738595
v -0.20109424301364018 0.8672111164674979 0.45552824819320126
v -0.180838619532319 0.854092316886348 0.487671721469838
v -0.1603574565909282 0.8396425434090717 0.5189276302272153
v -0.13975238793855504 0.8239503286226542 0.5491585618271756
v -0.11912486392603408 0.8071201088323374 0.5782442362125881
v -0.09857376678448401 0.7892691469276807 0.6060836792143222
v -0.07819323521568113 0.7705241128862675 0.6325965613464364
v -0.05807079942693577 0.7510175291529705 0.65772369058662
v -0.038285896987528524 0.7308842799408055 0.6814267087715821
v -0.018908806073590134 0.7102583579163166 0.7036870910162335
v 0.0 0.6892699839446963 0.7245045819267661
v 0.01839010120075393 0.668043191614439 0.7438952199842528
v 0.03622102781367421 0.6466939239077052 0.761889103429742
v 0.05346186555646973 0.6253286492954697 0.7785280401511081
v -0.37957454405545377 0.9246987839990704 0.029245929216474693
v -0.3673054749415084 0.9281996615580759 0.05943127427092834
v -0.35423683867839306 0.930766348550254 0.09050009132351895
v -0.3403585093246224 0.9322977698793404 0.12238036365499713
v -0.32566889627209045 0.9326949852368779 0.1549833362490901
v -0.310176159862391 0.9318638598289596 0.18820333843397608
v -0.2938992639513833 0.9297179870805038 0.22191819922622696
v -0.27686877760957995 0.9261817459413649 0.25599033862624926
v -0.25912733939151916 0.9211933410130188 0.2902685833037129
v -0.2407297079048919 0.9147076473226503 0.3245907079099578
v -0.22174234252535113 0.9066986685227898 0.3587866469510394
v -0.20224248739596448 0.8971614220271429 0.39268226229119135
v -0.18231676805637753 0.8861130895537397 0.4261034951828055
v -0.1620593493834467 0.8735933162895316 0.4588806871199444
v -0.14156974117717513 0.8596636026731345 0.4908528278639892
v -0.12095036865019153 0.8444058028747498 0.5218714864742391
v -0.10030404496037162 0.8279198147302002 0.5518042034469282
v -0.07973148904354435 0.8103206080572807 0.5805371666074258
v -0.05932902377348142 0.7917347841663707 0.607977054237342
v -0.03918656852685111 0.772296883942043 0.63405199778922
v -0.019386009991399434 0.7521456636150109 0.6587116845189162
v 0.0 0.7314205382620619 0.6819266794959965
v 0.018908806073590134 0.7102583579163166 0.7036870910162335
v 0.03728808828193611 0.6887906362459505 0.7240007305881516
v 0.05509582124122626 0.6671413036251347 0.7428909283866042
v 0.07229991315341977 0.6454250107960766 0.760394159628342
v -0.3480024613357704 0.9370250836969788 0.02963577950578409
v -0.3348950634632317 0.9403298881871293 0.06020795503867356
v -0.3209909588447352 0.9426368846945891 0.09165428496921182
v -0.3062871759002282 0.9438421505934342 0.12389576523119672
v -0.2907901498709915 0.9438450729098895 0.1568361153616467
v -0.2745168329258866 0.9425512655474927 0.19036181406774033
v -0.2574955818140232 0.939875704299895 0.22434278640739477
v -0.2397667339079066 0.9357459389410272 0.2586338165563632
v -0.22138278928478863 0.9301052080059191 0.29307671802576335
v -0.2024081332214689 0.9229152593553265 0.3275032391517534
v -0.18291826010701567 0.914158673724025 0.36173862024195547
v -0.16299849465444047 0.9038405031465426 0.3956056566989291
v -0.1427422460840656 0.8919890727412468 0.428929067904108
v -0.12224887099083037 0.8786558506936645 0.46153993281541733
v -0.10162125561500872 0.8639143617644119 0.49327993669357567
v -0.08096325328858756 0.8478581957971557 0.5240051826428055
v -0.0603771243503969 0.8305982346951879 0.5535893562708862
v -0.039961122317984425 0.8122592798354954 0.581926087251817
v -0.019807352447232557 0.7929762998254374 0.6089304202486431
v 0.0 0.7728905323153185 0.634539380225801
v 0.019386009991399434 0.7521456636150109 0.6587116845189162
v 0.038285896987528524 0.7308842799408055 0.6814267087715821
v 0.056645463325541504 0.7092447404034538 0.7026828514306239
v 0.0744211252140515 0.6873585714390034 0.7224954604640829
v 0.09157959508836064 0.6653484319822917 0.7408944876446022
v -0.31520057682491587 0.9485507776876348 0.03000030862213449
v -0.30125113551243904 0.9515962227052303 0.06092932205107835
v -0.28651495375719105 0.9535787954489681 0.09271818669284791
v -0.27099706399236695 0.9543926533514077 0.12528070296888
v -0.2547126954245322 0.9539366183325746 0.15851299944730496
v -0.23768822936679068 0.9521173213394332 0.1922938169206241
v -0.21996187051784008 0.9488525147087816 0.22648549809891644
v -0.2015839477503192 0.9440743879116139 0.26093574323711954
v -0.18261677115162414 0.9377326912292964 0.2954801426390891
v -0.16313399552464636 0.9297974554742985 0.3299454368493138
v -0.143219473296302 0.9202610992555841 0.3641533902981458
v -0.12296561903379395 0.9091397415487533 0.39792510208869925
v -0.1024713491948283 0.8964735862136608 0.4310855272627575
v -0.08183969902645828 0.8823263125350244 0.4634679512885492
v -0.0611752483217424 0.8667834842525456 0.4949181552739709
v -0.04058150470036092 0.849950068961268 0.5252980313583807
v -0.02015839477503192 0.8319472297451418 0.554488454378879
v 0.0 0.8129086024997529 0.5823912808257851
v 0.019807352447232557 0.7929762998254374 0.6089304202486431
v 0.03918656852685111 0.772296883942043 0.63405199778922
v 0.05807079942693577 0.7510175291529705 0.65772369058662
v 0.07640398766858428 0.7292825544867065 0.6799333690808846
v 0.0941409798476372 0.7072304565289836 0.7006872035874011
v 0.11124726240879386 0.6849915186122514 0.7200074069312279
v -0.281229121488382 0.9591610476344749 0.030335885146298366
v -0.2664436093680106 0.9618808357153752 0.06158783086323443
v -0.25088920748011423 0.9634721777482668 0.09368013810308058
v -0.2345797056470434 0.9638284211006921 0.12651931226928728
v -0.21753975383609853 0.9628490991527271 0.1599939616414058
v -0.19980561158992216 0.9604432707621335 0.19397536241727237
v -0.18142555297528729 0.9565329610412219 0.22831877533247957
v -0.16245984811645314 0.9510565162951535 0.2628655560595668
v -0.1429802623756833 0.9439716598569311 0.2974460454568715
v -0.12306904420507811 0.935258027459989 0.3318831608112994
v -0.10281741049530799 0.9249189753196432 0.3659965425966487
v -0.08232358003196016 0.912982492932299 0.3996070517018511
v -0.061690446297184794 0.8995011135911031 0.43254136852331204
v -0.041023014735026044 0.8845507926055213 0.46463642513581926
v -0.020425751767954758 0.8682288068267452 0.4957434090947858
v 0.0 0.8506508083520399 0.5257311121191336
v 0.02015839477503192 0.8319472297451418 0.554488454378879
v 0.039961122317984425 0.8122592798354954 0.581926087251817
v 0.05932902377348142 0.7917347841663707 0.607977054237342
v 0.07819323521568113 0.7705241128862675 0.6325965613464364
v 0.09649584903081317 0.7487764056407108 0.655760966721564
v 0.11419011830057597 0.7266362547516173 0.6774661394955789
v 0.13124025669457828 0.7042409525988711 0.6977253583648625
v -0.24616679187208504 0.9687430855799453 0.030638941242350382
v -0.2305618352583379 0.9710691874344178 0.06217614765942411
v -0.21421436395204557 0.9722018747898896 0.09452894229623181
v -0.19714753356896803 0.9720349617434304 0.12759656404512046
v -0.1793958503479748 0.970470111215569 0.16126032405761828
v -0.16100566493439175 0.9674203229974434 0.1953844786838422
v -0.14203526645126321 0.962813440448733 0.22981788871929154
v -0.12255451060772854 0.9565954686952953 0.26439648485055245
v -0.10264394232150857 0.9487334782899449 0.2989464973478724
v -0.08239340890836397 0.9392178706157669 0.33328834015675324
v -0.061900201049726884 0.9280638083113687 0.36724097376600345
v -0.041266800699817925 0.915311665591641 0.4006265168356401
v -0.020598352227090992 0.901026425250014 0.4332748422037791
v 0.0 0.8852960331959687 0.46502788476335705
v 0.020425751767954758 0.8682288068267452 0.4957434090947858
v 0.04058150470036092 0.849950068961268 0.5252980313583807
v 0.0603771243503969 0.830598234695188 0.5535893562708862
v 0.07973148904354435 0.8103206080572807 0.5805371666074258
v 0.09857376678448401 0.7892691469276807 0.6060836792143222
v 0.11684419851929759 0.7675964309159192 0.6301929486415454
v 0.1344944039006971 0.745452023828924 0.6528495504239531
v 0.15148725653666772 0.72297936789934 0.6740567073317085
v -0.2101109660886068 0.9771889260765745 0.030906062230949306
v -0.19371455200077498 0.9790530981582937 0.06268734585054257
v -0.17661096845220947 0.9796607608740254 0.09525418324723679
v -0.1588331519013788 0.97890761005916 0.12849871915835295
v -0.14042566294452025 0.9766989563172576 0.16229535395497888
v -0.12144487993288135 0.9729533017274403 0.19650194349105207
v -0.10195874720290397 0.9676058382073501 0.23096180579451966
v -0.08204602947005209 0.960611644887223 0.26550652864903956
v -0.06179505668127298 0.9519483524043513 0.2999595061410779
v -0.041301983266975324 0.9416180563510772 0.3341400636437275
v -0.02066862798697952 0.9296483021157386 0.36786796842136205
v 0.0 0.9160920268893069 0.400968076372473
v 0.020598352227090992 0.901026425250014 0.4332748422037791
v 0.041023014735026044 0.8845507926055213 0.46463642513581926
v 0.06117524832174239 0.8667834842525456 0.4949181552739708
v 0.08096325328858756 0.8478581957971557 0.5240051826428055
v 0.10030404496037162 0.8279198147302002 0.5518042034469282
v 0.11912486392603408 0.8071201088323375 0.5782442362125881
v 0.1373640865739407 0.785613505248246 0.6032764938991664
v 0.15497164160062002 0.7635531791048055 0.6268734585054259
v 0.17190897225431467 0.74108761980051 0.6490273068499354
v -0.17317728468276464 0.9843984442514208 0.031134081410681084
v -0.15602913317147468 0.9857339359427303 0.06311511017665744
v -0.13821832689640914 0.9857530790712438 0.0958465503370859
v -0.11978776109019003 0.9843549621676316 0.1292137792534531
v -0.1007919738751596 0.981450107300438 0.16308483952319971
v -0.08129700449200697 0.9769640636735416 0.19731197467743025
v -0.06137977426984372 0.970840814882997 0.23173397564427461
v -0.04112696419812319 0.9630457679124536 0.2661793037066536
v -0.020633400349908963 0.9535680937508242 0.3004698876267301
v 0.0 0.9424222167125194 0.3344254258376018
v 0.02066862798697952 0.9296483021157386 0.36786796842136205
v 0.041266800699817925 0.915311665591641 0.4006265168356401
v 0.061690446297184794 0.8995011135911031 0.43254136852331204
v 0.08183969902645828 0.8823263125350244 0.4634679512885492
v 0.10162125561500872 0.8639143617644118 0.49327993669357567
v 0.12095036865019153 0.8444058028747498 0.5218714864742391
v 0.13975238793855504 0.8239503286226542 0.5491585618271756
v 0.15796380216732472 0.8027024564495482 0.5750793020225153
v 0.17553277481790902 0.7808174074305257 0.5995935466782457
v 0.19241920520307185 0.7584473873343167 0.6226816282136217
v -0.13549853199618345 0.9902823811511319 0.03132017574222
v -0.11765007125395135 0.9910257607566852 0.06345393802258009
v -0.09919254990585614 0.9903976495784972 0.09629815030706726
v -0.0801787282954641 0.988302081193091 0.12973190755680383
v -0.06067274621878934 0.9846563338531626 0.16361760928799637
v -0.04074962366361013 0.979394460505177 0.1978028283494646
v -0.02049426983896566 0.9724705182242164 0.2321229762184079
v 0.0 0.9638612634676226 0.26640470113456743
v 0.020633400349908963 0.9535680937508242 0.3004698876267301
v 0.041301983266975324 0.9416180563510772 0.3341400636437275
v 0.061900201049726884 0.9280638083113687 0.36724097376600345
v 0.08232358003196016 0.912982492932299 0.3996070517018511
v 0.1024713491948283 0.8964735862136608 0.4310855272627575
v 0.12224887099083037 0.8786558506936645 0.46153993281541733
v 0.14156974117717513 0.8596636026731345 0.4908528278639892
v 0.1603574565909282 0.8396425434090717 0.5189276302272153
v 0.17854658983054106 0.8187454212152472 0.5456895184067144
v 0.19608345208991892 0.7971277799199148 0.5710854422032208
v 0.21292626456543118 0.7749440143527866 0.59508333910218
v -0.09722279482584247 0.9947652353238858 0.031461957301894106
v -0.07873669759373723 0.9948582453112854 0.06369932643429446
v -0.05970380614218081 0.9935307529014192 0.0966027875957833
v -0.04018635989607089 0.9906932665358393 0.1300457923919568
v -0.020257418672930835 0.986271275667404 0.16388595968569442
v 0.0 0.9802086324517009 0.19796726210958834
v 0.02049426983896566 0.9724705182242164 0.2321229762184079
v 0.04112696419812319 0.9630457679124536 0.2661793037066536
v 0.06179505668127297 0.9519483524043513 0.29995950614107786
v 0.08239340890836397 0.9392178706157669 0.33328834015675324
v 0.10281741049530799 0.9249189753196432 0.3659965425966487
v 0.12296561903379395 0.9091397415487533 0.39792510208869925
v 0.1427422460840656 0.8919890727412468 0.428929067904108
v 0.1620593493834467 0.8735933162895316 0.4588806871199444
v 0.180838619532319 0.854092316886348 0.487671721469838
v 0.1990126871406027 0.8336351666024752 0.5152148671775109
v 0.21652591838277738 0.8123759130305916 0.5414442746915028
v 0.23333470758202193 0.7904694635995504 0.566315231434094
v -0.058510924939303016 0.9977878493846246 0.03155755508832872
v -0.039460192749827136 0.9971791888274644 0.06384793307184249
v -0.019932872260886088 0.9951084963168442 0.09675619443457097
v 0.0 0.9914941935918586 0.13015092805520037
v 0.020257418672930835 0.986271275667404 0.16388595968569442
v 0.04074962366361013 0.979394460505177 0.1978028283494646
v 0.061379774269843715 0.970840814882997 0.2317339756442746
v 0.08204602947005209 0.960611644887223 0.26550652864903956
v 0.10264394232150859 0.9487334782899449 0.29894649734787243
v 0.12306904420507811 0.935258027459989 0.3318831608112994
v 0.14321947329630202 0.9202610992555841 0.36415339029814586
v 0.1629984946544405 0.9038405031465426 0.39560565669892916
v 0.18231676805637753 0.8861130895537397 0.4261034951828055
v 0.20109424301364018 0.8672111164674978 0.45552824819320126
v 0.21926159486974695 0.8472781857091934 0.48378097217285476
v 0.23676115649896284 0.826465006573357 0.5107834645747399
v 0.25354734140364643 0.8049252343143145 0.5364784365015882
v -0.01953338566995053 0.9993095254794934 0.03160568192934009
v 0.0 0.9979564539126902 0.06389770022472392
v 0.019932872260886088 0.9951084963168442 0.09675619443457097
v 0.04018635989607089 0.9906932665358393 0.1300457923919568
v 0.06067274621878934 0.9846563338531626 0.16361760928799637
v 0.08129700449200697 0.9769640636735416 0.19731197467743025
v 0.101958747202904 0.9676058382073502 0.23096180579451972
v 0.12255451060772854 0.9565954686952953 0.26439648485055245
v 0.1429802623756833 0.9439716598569311 0.2974460454568715
v 0.16313399552464636 0.9297974554742985 0.3299454368493138
v 0.18291826010701567 0.914158673724025 0.36173862024195547
v 0.20224248739596448 0.8971614220271429 0.39268226229119135
v 0.2210249794283899 0.8789288531862556 0.4226488252738595
v 0.23919446713063303 0.859597378259831 0.4515289073613311
v 0.2566911785219027 0.8393125809738873 0.47923275168542956
v 0.2734673993793074 0.81822508158865 0.5056909108694415
v 0.01953338566995053 0.9993095254794934 0.03160568192934009
v 0.039460192749827136 0.9971791888274644 0.06384793307184249
v 0.05970380614218081 0.9935307529014192 0.0966027875957833
v 0.0801787282954641 0.988302081193091 0.12973190755680383
v 0.1007919738751596 0.981450107300438 0.16308483952319971
v 0.12144487993288135 0.9729533017274403 0.19650194349105207
v 0.14203526645126321 0.962813440448733 0.22981788871929154
v 0.16245984811645314 0.9510565162951535 0.2628655560595668
v 0.18261677115162414 0.9377326912292964 0.2954801426390891
v 0.2024081332214689 0.9229152593553265 0.3275032391517534
v 0.22174234252535113 0.9066986685227898 0.3587866469510394
v 0.2405361848863923 0.8891957226704116 0.3891957226704115
v 0.2587164932827835 0.8705341480560777 0.4186120795817275
v 0.27622134924879 0.8508527468953723 0.44693553150289744
v 0.293000785049258 0.8302973778480396 0.47408522894010147
v 0.05851092493930301 0.9977878493846246 0.03155755508832872
v 0.07873669759373723 0.9948582453112854 0.06369932643429446
v 0.09919254990585614 0.9903976495784972 0.09629815030706726
v 0.11978776109019003 0.9843549621676316 0.1292137792534531
v 0.14042566294452025 0.9766989563172576 0.16229535395497888
v 0.16100566493439175 0.9674203229974434 0.1953844786838422
v 0.18142555297528729 0.9565329610412219 0.22831877533247957
v 0.2015839477503192 0.9440743879116139 0.26093574323711954
v 0.22138278928478863 0.9301052080059192 0.29307671802576335
v 0.2407297079048919 0.9147076473226503 0.3245907079099578
v 0.25954014902874506 0.8979832364126438 0.355337892946996
v 0.2777391397363972 0.8800497884878364 0.38519260122826904
v 0.2952626159765146 0.8610378683054433 0.4140456218229139
v 0.31205826634294936 0.8410869746399976 0.44180577123660203
v 0.09722279482584248 0.9947652353238858 0.03146195730189411
v 0.11765007125395135 0.9910257607566852 0.06345393802258009
v 0.13821832689640914 0.9857530790712438 0.0958465503370859
v 0.15883315190137878 0.9789076100591599 0.12849871915835293
v 0.17939585034797478 0.970470111215569 0.16126032405761825
v 0.19980561158992216 0.9604432707621335 0.19397536241727237
v 0.21996187051784005 0.9488525147087816 0.2264854980989164
v 0.2397667339079066 0.9357459389410272 0.2586338165563632
v 0.25912733939151916 0.9211933410130188 0.2902685833037129
v 0.27795801582741286 0.9052843952476647 0.32124679789588234
v 0.29618212906373387 0.8881260803396728 0.3514373512359817
v 0.31373352334387034 0.8698395227337037 0.3807236281354806
v 0.3305575024078644 0.8505564552831786 0.4090054449246234
v 0.13549853199618345 0.9902823811511319 0.03132017574222
v 0.15602913317147468 0.9857339359427303 0.06311511017665744
v 0.17661096845220947 0.9796607608740254 0.09525418324723679
v 0.19714753356896803 0.9720349617434304 0.12759656404512046
v 0.21753975383609853 0.9628490991527271 0.1599939616414058
v 0.23768822936679068 0.9521173213394332 0.1922938169206241
v 0.2574955818140232 0.939875704299895 0.2243427864073948
v 0.27686877760957995 0.9261817459413649 0.25599033862624926
v 0.295721300353452 0.9111130234715139 0.287092269101521
v 0.3139750550261502 0.894765086537747 0.317513944157456
v 0.33156190798938373 0.8772487149656807 0.34713310597161595
v 0.3484247965616146 0.8586867125521431 0.37584210890664
v 0.17317728468276464 0.9843984442514208 0.031134081410681084
v 0.19371455200077498 0.9790530981582937 0.06268734585054257
v 0.21421436395204557 0.9722018747898896 0.09452894229623181
v 0.2345797056470434 0.9638284211006921 0.12651931226928728
v 0.2547126954245322 0.9539366183325746 0.15851299944730496
v 0.2745168329258866 0.9425512655474927 0.19036181406774033
v 0.2938992639513833 0.9297179870805038 0.22191819922622696
v 0.3127729408627245 0.915502344047086 0.25303862453857456
v 0.33105856247134313 0.8999881887167237 0.28358682688869546
v 0.34868619360139497 0.8832753563567434 0.3134367292527129
v 0.36559648988583654 0.8654768353476818 0.342474895517492
v 0.21011096608860677 0.9771889260765745 0.030906062230949303
v 0.2305618352583379 0.9710691874344178 0.06217614765942411
v 0.25088920748011423 0.9634721777482668 0.09368013810308058
v 0.27099706399236695 0.9543926533514077 0.12528070296888
v 0.2907901498709915 0.9438450729098895 0.1568361153616467
v 0.310176159862391 0.9318638598289596 0.18820333843397608
v 0.3290678634193027 0.9185029255516834 0.21924123019554
v 0.3473850565109274 0.9038344632739457 0.24981370160821487
v 0.365056239159035 0.8879470745271306 0.27979266446740847
v 0.3820199383429214 0.8709433382523455 0.30906062230949305
v 0.24616679187208504 0.9687430855799453 0.030638941242350382
v 0.2664436093680106 0.9618808357153752 0.06158783086323443
v 0.2865149537571911 0.9535787954489681 0.09271818669284793
v 0.3062871759002282 0.9438421505934342 0.12389576523119673
v 0.32566889627209045 0.9326949852368779 0.1549833362490901
v 0.3445730728877568 0.9201801649653644 0.18584364784679513
v 0.3629189414257754 0.9063585341937551 0.21634243561664515
v 0.38063372766858655 0.8913074614262478 0.24635132345293775
v 0.3976540484087528 0.8751188121778101 0.2757504711811535
v 0.281229121488382 0.9591610476344749 0.030335885146298366
v 0.30125113551243904 0.9515962227052303 0.06092932205107835
v 0.3209909588447352 0.9426368846945891 0.09165428496921182
v 0.3403585093246224 0.9322977698793404 0.12238036365499713
v 0.35926731539821255 0.9206114850391813 0.15297545456874642
v 0.37763642217027676 0.9076280630509187 0.18330856993842365
v 0.39539211536007624 0.8934138974251714 0.21325262717877425
v 0.4124693781829603 0.8780501083049647 0.24268708117038695
v 0.31520057682491587 0.9485507776876348 0.03000030862213449
v 0.3348950634632317 0.9403298881871293 0.06020795503867356
v 0.35423683867839306 0.930766348550254 0.09050009132351895
v 0.37314038052981185 0.9198834216871895 0.12075076365446102
v 0.39152492696032914 0.9077210426165109 0.15083348553919826
v 0.40931618867728337 0.8943351033238337 0.18062386511602072
v 0.42644783923370977 0.8797961883636218 0.21000216035494146
v 0.34800246133577034 0.9370250836969788 0.029635779505784086
v 0.3673054749415084 0.928199661558076 0.059431274270928335
v 0.3861921252158325 0.918088758783995 0.08926742639811033
v 0.4045822264165865 0.9067230511853789 0.11902323519748045
v 0.42240129618273464 0.8941485713929096 0.14857818567732084
v 0.43958205642413106 0.880425781256419 0.17781467703470452
v 0.3795745440554537 0.9246987839990704 0.02924592921647469
v 0.39843130595041626 0.9153238394633767 0.058606854109980164
v 0.4168153327135141 0.9047246036371667 0.08796800548207327
v 0.43465233376409046 0.8929380131670707 0.11721370821996033
v 0.4518744572088735 0.8800149802865913 0.14622964608237346
v 0.4098743025996013 0.9116861494330584 0.028834371857448447
v 0.4282392619934313 0.9018187066942981 0.05774214010187858
v 0.446082564576491 0.8907909392264183 0.08661321015281787
v 0.463336168156071 0.8786448994171827 0.11533748742979379
v 0.438875736611262 0.8980986942210395 0.02840463434698674
v 0.456712351246862 0.88779645863357 0.05684431595379255
v 0.47398579554016296 0.8763994844559669 0.08521390304096021
v 0.46656786881958917 0.8840433567736746 0.027960098881803615
v 0.48384816025735167 0.8733635493296334 0.055920197763607224
v 0.4929530468576116 0.8696210817839346 0.02750395809218742
v -0.4929530468576116 0.8696210817839346 -0.02750395809218742
v -0.4665678688195892 0.8840433567736746 -0.02796009888180362
v -0.438875736611262 0.8980986942210395 -0.02840463434698674
v -0.4098743025996013 0.9116861494330584 -0.028834371857448447
v -0.37957454405545377 0.9246987839990704 -0.029245929216474693
v -0.3480024613357704 0.9370250836969788 -0.02963577950578409
v -0.31520057682491587 0.9485507776876348 -0.03000030862213449
v -0.281229121488382 0.9591610476344749 -0.030335885146298366
v -0.24616679187208504 0.9687430855799453 -0.030638941242350382
v -0.2101109660886068 0.9771889260765745 -0.030906062230949306
v -0.17317728468276464 0.9843984442514208 -0.031134081410681084
v -0.13549853199618345 0.9902823811511319 -0.03132017574222
v -0.09722279482584248 0.9947652353238858 -0.03146195730189411
v -0.058510924939303016 0.9977878493846246 -0.03155755508832872
v -0.01953338566995053 0.9993095254794934 -0.03160568192934009
v 0.01953338566995053 0.9993095254794934 -0.03160568192934009
v 0.058510924939303016 0.9977878493846246 -0.03155755508832872
v 0.09722279482584248 0.9947652353238858 -0.03146195730189411
v 0.13549853199618345 0.9902823811511319 -0.03132017574222
v 0.17317728468276464 0.9843984442514208 -0.031134081410681084
v 0.2101109660886068 0.9771889260765745 -0.030906062230949306
v 0.24616679187208504 0.9687430855799453 -0.030638941242350382
v 0.281229121488382 0.9591610476344749 -0.030335885146298366
v 0.31520057682491587 0.9485507776876348 -0.03000030862213449
v 0.3480024613357704 0.9370250836969788 -0.02963577950578409
v 0.37957454405545377 0.9246987839990704 -0.029245929216474693
v 0.4098743025996013 0.9116861494330584 -0.028834371857448447
v 0.438875736611262 0.8980986942210395 -0.02840463434698674
v 0.4665678688195892 0.8840433567736746 -0.02796009888180362
v 0.4929530468576116 0.8696210817839346 -0.02750395809218742
v -0.4838481602573517 0.8733635493296334 -0.05592019776360723
v -0.456712351246862 0.88779645863357 -0.05684431595379255
v -0.4282392619934313 0.9018187066942981 -0.05774214010187858
v -0.3984313059504163 0.9153238394633767 -0.05860685410998017
v -0.3673054749415084 0.9281996615580759 -0.05943127427092834
v -0.3348950634632317 0.9403298881871293 -0.06020795503867356
v -0.30125113551243904 0.9515962227052303 -0.06092932205107835
v -0.2664436093680106 0.9618808357153752 -0.06158783086323443
v -0.2305618352583379 0.9710691874344178 -0.06217614765942411
v -0.19371455200077498 0.9790530981582937 -0.06268734585054257
v -0.15602913317147468 0.9857339359427303 -0.06311511017665744
v -0.11765007125395135 0.9910257607566852 -0.06345393802258009
v -0.07873669759373723 0.9948582453112854 -0.06369932643429446
v -0.039460192749827136 0.9971791888274644 -0.06384793307184249
v 0.0 0.9979564539126902 -0.06389770022472392
v 0.039460192749827136 0.9971791888274644 -0.06384793307184249
v 0.07873669759373723 0.9948582453112854 -0.06369932643429446
v 0.11765007125395135 0.9910257607566852 -0.06345393802258009
v 0.15602913317147468 0.9857339359427303 -0.06311511017665744
v 0.19371455200077498 0.9790530981582937 -0.06268734585054257
v 0.2305618352583379 0.9710691874344178 -0.06217614765942411
v 0.2664436093680106 0.9618808357153752 -0.06158783086323443
v 0.30125113551243904 0.9515962227052303 -0.06092932205107835
v 0.3348950634632317 0.9403298881871293 -0.06020795503867356
v 0.3673054749415084 0.9281996615580759 -0.05943127427092834
v 0.3984313059504163 0.9153238394633767 -0.05860685410998017
v 0.4282392619934313 0.9018187066942981 -0.05774214010187858
v 0.456712351246862 0.88779645863357 -0.05684431595379255
v 0.4838481602573517 0.8733635493296334 -0.05592019776360723
v -0.47398579554016296 0.8763994844559669 -0.08521390304096021
v -0.446082564576491 0.8907909392264183 -0.08661321015281787
v -0.4168153327135141 0.9047246036371667 -0.08796800548207327
v -0.3861921252158325 0.918088758783995 -0.08926742639811033
v -0.35423683867839306 0.930766348550254 -0.09050009132351895
v -0.3209909588447352 0.9426368846945891 -0.09165428496921182
v -0.28651495375719105 0.9535787954489681 -0.09271818669284791
v -0.25088920748011423 0.9634721777482668 -0.09368013810308058
v -0.21421436395204557 0.9722018747898896 -0.09452894229623181
v -0.17661096845220947 0.9796607608740254 -0.09525418324723679
v -0.13821832689640914 0.9857530790712438 -0.0958465503370859
v -0.09919254990585614 0.9903976495784972 -0.09629815030706726
v -0.05970380614218081 0.9935307529014192 -0.0966027875957833
v -0.019932872260886088 0.9951084963168442 -0.09675619443457097
v 0.019932872260886088 0.9951084963168442 -0.09675619443457097
v 0.05970380614218081 0.9935307529014192 -0.0966027875957833
v 0.09919254990585614 0.9903976495784972 -0.09629815030706726
v 0.13821832689640914 0.9857530790712438 -0.0958465503370859
v 0.17661096845220947 0.9796607608740254 -0.09525418324723679
v 0.21421436395204557 0.9722018747898896 -0.09452894229623181
v 0.25088920748011423 0.9634721777482668 -0.09368013810308058
v 0.28651495375719105 0.9535787954489681 -0.09271818669284791
v 0.3209909588447352 0.9426368846945891 -0.09165428496921182
v 0.35423683867839306 0.930766348550254 -0.09050009132351895
v 0.3861921252158325 0.918088758783995 -0.08926742639811033
v 0.4168153327135141 0.9047246036371667 -0.08796800548207327
v 0.446082564576491 0.8907909392264183 -0.08661321015281787
v 0.47398579554016296 0.8763994844559669 -0.08521390304096021
v -0.463336168156071 0.8786448994171827 -0.11533748742979379
v -0.4346523337640905 0.8929380131670707 -0.11721370821996034
v -0.4045822264165865 0.9067230511853789 -0.11902323519748045
v -0.37314038052981185 0.9198834216871895 -0.12075076365446102
v -0.3403585093246224 0.9322977698793404 -0.12238036365499713
v -0.3062871759002282 0.9438421505934342 -0.12389576523119672
v -0.27099706399236695 0.9543926533514077 -0.12528070296888
v -0.2345797056470434 0.9638284211006921 -0.12651931226928728
v -0.19714753356896803 0.9720349617434304 -0.12759656404512046
v -0.15883315190137878 0.9789076100591599 -0.12849871915835293
v -0.11978776109019003 0.9843549621676316 -0.1292137792534531
v -0.0801787282954641 0.988302081193091 -0.12973190755680383
v -0.04018635989607089 0.9906932665358393 -0.1300457923919568
v 0.0 0.9914941935918586 -0.13015092805520037
v 0.04018635989607089 0.9906932665358393 -0.1300457923919568
v 0.0801787282954641 0.988302081193091 -0.12973190755680383
v 0.11978776109019003 0.9843549621676316 -0.1292137792534531
v 0.15883315190137878 0.9789076100591599 -0.12849871915835293
v 0.19714753356896803 0.9720349617434304 -0.12759656404512046
v 0.2345797056470434 0.9638284211006921 -0.12651931226928728
v 0.27099706399236695 0.9543926533514077 -0.12528070296888
v 0.3062871759002282 0.9438421505934342 -0.12389576523119672
v 0.3403585093246224 0.9322977698793404 -0.12238036365499713
v 0.37314038052981185 0.9198834216871895 -0.12075076365446102
v 0.4045822264165865 0.9067230511853789 -0.11902323519748045
v 0.4346523337640905 0.8929380131670707 -0.11721370821996034
v 0.463336168156071 0.8786448994171827 -0.11533748742979379
v -0.4518744572088735 0.8800149802865912 -0.14622964608237346
v -0.42240129618273464 0.8941485713929096 -0.14857818567732084
v -0.39152492696032914 0.9077210426165109 -0.15083348553919826
v -0.35926731539821255 0.9206114850391813 -0.15297545456874642
v -0.32566889627209045 0.9326949852368779 -0.1549833362490901
v -0.2907901498709915 0.9438450729098895 -0.1568361153616467
v -0.2547126954245322 0.9539366183325746 -0.15851299944730496
v -0.21753975383609853 0.9628490991527271 -0.1599939616414058
v -0.17939585034797478 0.970470111215569 -0.16126032405761825
v -0.14042566294452025 0.9766989563172576 -0.16229535395497888
v -0.1007919738751596 0.981450107300438 -0.16308483952319971
v -0.06067274621878934 0.9846563338531626 -0.16361760928799637
v -0.020257418672930835 0.986271275667404 -0.16388595968569442
v 0.020257418672930835 0.986271275667404 -0.16388595968569442
v 0.06067274621878934 0.9846563338531626 -0.16361760928799637
v 0.1007919738751596 0.981450107300438 -0.16308483952319971
v 0.14042566294452025 0.9766989563172576 -0.16229535395497888
v 0.17939585034797478 0.970470111215569 -0.16126032405761825
v 0.21753975383609853 0.9628490991527271 -0.1599939616414058
v 0.2547126954245322 0.9539366183325746 -0.15851299944730496
v 0.2907901498709915 0.9438450729098895 -0.1568361153616467
v 0.32566889627209045 0.9326949852368779 -0.1549833362490901
v 0.35926731539821255 0.9206114850391813 -0.15297545456874642
v 0.39152492696032914 0.9077210426165109 -0.15083348553919826
v 0.42240129618273464 0.8941485713929096 -0.14857818567732084
v 0.4518744572088735 0.8800149802865912 -0.14622964608237346
v -0.43958205642413106 0.880425781256419 -0.17781467703470452
v -0.40931618867728337 0.8943351033238337 -0.18062386511602072
v -0.3776364221702767 0.9076280630509187 -0.18330856993842362
v -0.3445730728877567 0.9201801649653643 -0.18584364784679508
v -0.310176159862391 0.9318638598289596 -0.18820333843397608
v -0.2745168329258866 0.9425512655474927 -0.19036181406774033
v -0.23768822936679068 0.9521173213394332 -0.1922938169206241
v -0.19980561158992216 0.9604432707621335 -0.19397536241727237
v -0.16100566493439175 0.9674203229974434 -0.1953844786838422
v -0.12144487993288135 0.9729533017274403 -0.19650194349105207
v -0.08129700449200697 0.9769640636735416 -0.19731197467743025
v -0.04074962366361013 0.979394460505177 -0.1978028283494646
v 0.0 0.9802086324517009 -0.19796726210958834
v 0.04074962366361013 0.979394460505177 -0.1978028283494646
v 0.08129700449200697 0.9769640636735416 -0.19731197467743025
v 0.12144487993288135 0.9729533017274403 -0.19650194349105207
v 0.16100566493439175 0.9674203229974434 -0.1953844786838422
v 0.19980561158992216 0.9604432707621335 -0.19397536241727237
v 0.23768822936679068 0.9521173213394332 -0.1922938169206241
v 0.2745168329258866 0.9425512655474927 -0.19036181406774033
v 0.310176159862391 0.9318638598289596 -0.18820333843397608
v 0.3445730728877567 0.9201801649653643 -0.18584364784679508
v 0.3776364221702767 0.9076280630509187 -0.18330856993842362
v 0.40931618867728337 0.8943351033238337 -0.18062386511602072
v 0.43958205642413106 0.880425781256419 -0.17781467703470452
v -0.42644783923370977 0.8797961883636218 -0.21000216035494146
v -0.3953921153600762 0.8934138974251714 -0.21325262717877422
v -0.3629189414257753 0.906358534193755 -0.2163424356166451
v -0.3290678634193027 0.9185029255516834 -0.21924123019554
v -0.2938992639513833 0.9297179870805038 -0.22191819922622696
v -0.2574955818140232 0.939875704299895 -0.22434278640739477
v -0.21996187051784008 0.9488525147087816 -0.22648549809891644
v -0.18142555297528729 0.9565329610412219 -0.22831877533247957
v -0.14203526645126321 0.962813440448733 -0.22981788871929154
v -0.10195874720290397 0.9676058382073501 -0.23096180579451966
v -0.061379774269843715 0.970840814882997 -0.2317339756442746
v -0.02049426983896566 0.9724705182242164 -0.2321229762184079
v 0.02049426983896566 0.9724705182242164 -0.2321229762184079
v 0.061379774269843715 0.970840814882997 -0.2317339756442746
v 0.10195874720290397 0.9676058382073501 -0.23096180579451966
v 0.14203526645126321 0.962813440448733 -0.22981788871929154
v 0.18142555297528729 0.9565329610412219 -0.22831877533247957
v 0.21996187051784008 0.9488525147087816 -0.22648549809891644
v 0.2574955818140232 0.939875704299895 -0.22434278640739477
v 0.2938992639513833 0.9297179870805038 -0.22191819922622696
v 0.3290678634193027 0.9185029255516834 -0.21924123019554
v 0.3629189414257753 0.906358534193755 -0.2163424356166451
v 0.3953921153600762 0.8934138974251714 -0.21325262717877422
v 0.42644783923370977 0.8797961883636218 -0.21000216035494146
v -0.4124693781829603 0.8780501083049647 -0.24268708117038695
v -0.38063372766858655 0.8913074614262478 -0.24635132345293775
v -0.3473850565109274 0.9038344632739457 -0.24981370160821487
v -0.3127729408627245 0.915502344047086 -0.25303862453857456
v -0.27686877760957995 0.9261817459413649 -0.25599033862624926
v -0.2397667339079066 0.9357459389410272 -0.2586338165563632
v -0.2015839477503192 0.9440743879116139 -0.26093574323711954
v -0.16245984811645314 0.9510565162951535 -0.2628655560595668
v -0.12255451060772854 0.9565954686952953 -0.26439648485055245
v -0.08204602947005209 0.960611644887223 -0.26550652864903956
v -0.04112696419812319 0.9630457679124536 -0.2661793037066536
v 0.0 0.9638612634676226 -0.26640470113456743
v 0.04112696419812319 0.9630457679124536 -0.2661793037066536
v 0.08204602947005209 0.960611644887223 -0.26550652864903956
v 0.12255451060772854 0.9565954686952953 -0.26439648485055245
v 0.16245984811645314 0.9510565162951535 -0.2628655560595668
v 0.2015839477503192 0.9440743879116139 -0.26093574323711954
v 0.2397667339079066 0.9357459389410272 -0.2586338165563632
v 0.27686877760957995 0.9261817459413649 -0.25599033862624926
v 0.3127729408627245 0.915502344047086 -0.25303862453857456
v 0.3473850565109274 0.9038344632739457 -0.24981370160821487
v 0.38063372766858655 0.8913074614262478 -0.24635132345293775
v 0.4124693781829603 0.8780501083049647 -0.24268708117038695
v -0.3976540484087528 0.8751188121778101 -0.2757504711811535
v -0.365056239159035 0.8879470745271305 -0.27979266446740847
v -0.33105856247134313 0.8999881887167237 -0.28358682688869546
v -0.295721300353452 0.9111130234715139 -0.287092269101521
v -0.25912733939151916 0.9211933410130189 -0.2902685833037129
v -0.22138278928478863 0.9301052080059191 -0.29307671802576335
v -0.18261677115162414 0.9377326912292964 -0.2954801426390891
v -0.1429802623756833 0.9439716598569311 -0.2974460454568715
v -0.10264394232150857 0.9487334782899449 -0.2989464973478724
v -0.06179505668127298 0.9519483524043513 -0.2999595061410779
v -0.020633400349908963 0.9535680937508242 -0.3004698876267301
v 0.020633400349908963 0.9535680937508242 -0.3004698876267301
v 0.06179505668127298 0.9519483524043513 -0.2999595061410779
v 0.10264394232150857 0.9487334782899449 -0.2989464973478724
v 0.1429802623756833 0.9439716598569311 -0.2974460454568715
v 0.18261677115162414 0.9377326912292964 -0.2954801426390891
v 0.22138278928478863 0.9301052080059191 -0.29307671802576335
v 0.25912733939151916 0.9211933410130189 -0.2902685833037129
v 0.295721300353452 0.9111130234715139 -0.287092269101521
v 0.33105856247134313 0.8999881887167237 -0.28358682688869546
v 0.365056239159035 0.8879470745271305 -0.27979266446740847
v 0.3976540484087528 0.8751188121778101 -0.2757504711811535
v -0.3820199383429215 0.8709433382523454 -0.30906062230949305
v -0.34868619360139497 0.8832753563567434 -0.3134367292527129
v -0.3139750550261502 0.894765086537747 -0.317513944157456
v -0.27795801582741286 0.9052843952476647 -0.32124679789588234
v -0.2407297079048919 0.9147076473226503 -0.3245907079099578
v -0.2024081332214689 0.9229152593553265 -0.3275032391517534
v -0.16313399552464636 0.9297974554742985 -0.3299454368493138
v -0.12306904420507811 0.935258027459989 -0.3318831608112994
v -0.08239340890836397 0.9392178706157669 -0.33328834015675324
v -0.041301983266975324 0.9416180563510772 -0.3341400636437275
v 0.0 0.9424222167125194 -0.3344254258376018
v 0.041301983266975324 0.9416180563510772 -0.3341400636437275
v 0.08239340890836397 0.9392178706157669 -0.33328834015675324
v 0.12306904420507811 0.935258027459989 -0.3318831608112994
v 0.16313399552464636 0.9297974554742985 -0.3299454368493138
v 0.2024081332214689 0.9229152593553265 -0.3275032391517534
v 0.2407297079048919 0.9147076473226503 -0.3245907079099578
v 0.27795801582741286 0.9052843952476647 -0.32124679789588234
v 0.3139750550261502 0.894765086537747 -0.317513944157456
v 0.34868619360139497 0.8832753563567434 -0.3134367292527129
v 0.3820199383429215 0.8709433382523454 -0.30906062230949305
v -0.36559648988583654 0.8654768353476818 -0.342474895517492
v -0.33156190798938373 0.8772487149656807 -0.34713310597161595
v -0.29618212906373387 0.8881260803396728 -0.3514373512359817
v -0.25954014902874506 0.8979832364126438 -0.355337892946996
v -0.22174234252535113 0.9066986685227898 -0.3587866469510394
v -0.18291826010701567 0.914158673724025 -0.36173862024195547
v -0.14321947329630202 0.9202610992555841 -0.36415339029814586
v -0.10281741049530799 0.9249189753196432 -0.3659965425966487
v -0.061900201049726884 0.9280638083113687 -0.36724097376600345
v -0.02066862798697952 0.9296483021157386 -0.36786796842136205
v 0.02066862798697952 0.9296483021157386 -0.36786796842136205
v 0.061900201049726884 0.9280638083113687 -0.36724097376600345
v 0.10281741049530799 0.9249189753196432 -0.3659965425966487
v 0.14321947329630202 0.9202610992555841 -0.36415339029814586
v 0.18291826010701567 0.914158673724025 -0.36173862024195547
v 0.22174234252535113 0.9066986685227898 -0.3587866469510394
v 0.25954014902874506 0.8979832364126438 -0.355337892946996
v 0.29618212906373387 0.8881260803396728 -0.3514373512359817
v 0.33156190798938373 0.8772487149656807 -0.34713310597161595
v 0.36559648988583654 0.8654768353476818 -0.342474895517492
v -0.3484247965616146 0.8586867125521431 -0.37584210890664
v -0.31373352334387034 0.8698395227337037 -0.3807236281354806
v -0.2777391397363972 0.8800497884878364 -0.38519260122826904
v -0.2405361848863923 0.8891957226704116 -0.3891957226704115
v -0.20224248739596448 0.8971614220271429 -0.39268226229119135
v -0.1629984946544405 0.9038405031465426 -0.39560565669892916
v -0.12296561903379395 0.9091397415487533 -0.39792510208869925
v -0.08232358003196016 0.912982492932299 -0.3996070517018511
v -0.041266800699817925 0.915311665591641 -0.4006265168356401
v 0.0 0.9160920268893069 -0.400968076372473
v 0.041266800699817925 0.915311665591641 -0.4006265168356401
v 0.08232358003196016 0.912982492932299 -0.3996070517018511
v 0.12296561903379395 0.9091397415487533 -0.39792510208869925
v 0.1629984946544405 0.9038405031465426 -0.39560565669892916
v 0.20224248739596448 0.8971614220271429 -0.39268226229119135
v 0.2405361848863923 0.8891957226704116 -0.3891957226704115
v 0.2777391397363972 0.8800497884878364 -0.38519260122826904
v 0.31373352334387034 0.8698395227337037 -0.3807236281354806
v 0.3484247965616146 0.8586867125521431 -0.37584210890664
v -0.3305575024078644 0.8505564552831786 -0.4090054449246234
v -0.2952626159765146 0.8610378683054433 -0.4140456218229139
v -0.2587164932827835 0.8705341480560777 -0.4186120795817275
v -0.2210249794283899 0.8789288531862556 -0.4226488252738595
v -0.18231676805637753 0.8861130895537397 -0.4261034951828055
v -0.1427422460840656 0.8919890727412468 -0.428929067904108
v -0.1024713491948283 0.8964735862136608 -0.4310855272627575
v -0.061690446297184794 0.8995011135911031 -0.43254136852331204
v -0.020598352227090992 0.901026425250014 -0.4332748422037791
v 0.020598352227090992 0.901026425250014 -0.4332748422037791
v 0.061690446297184794 0.8995011135911031 -0.43254136852331204
v 0.1024713491948283 0.8964735862136608 -0.4310855272627575
v 0.1427422460840656 0.8919890727412468 -0.428929067904108
v 0.18231676805637753 0.8861130895537397 -0.4261034951828055
v 0.2210249794283899 0.8789288531862556 -0.4226488252738595
v 0.2587164932827835 0.8705341480560777 -0.4186120795817275
v 0.2952626159765146 0.8610378683054433 -0.4140456218229139
v 0.3305575024078644 0.8505564552831786 -0.4090054449246234
v -0.31205826634294936 0.8410869746399976 -0.44180577123660203
v -0.27622134924879 0.8508527468953723 -0.44693553150289744
v -0.23919446713063303 0.859597378259831 -0.4515289073613311
v -0.20109424301364018 0.8672111164674978 -0.45552824819320126
v -0.1620593493834467 0.8735933162895316 -0.4588806871199444
v -0.12224887099083037 0.8786558506936645 -0.46153993281541733
v -0.08183969902645828 0.8823263125350244 -0.4634679512885492
v -0.041023014735026044 0.8845507926055213 -0.46463642513581926
v 0.0 0.8852960331959687 -0.46502788476335705
v 0.041023014735026044 0.8845507926055213 -0.46463642513581926
v 0.08183969902645828 0.8823263125350244 -0.4634679512885492
v 0.12224887099083037 0.8786558506936645 -0.46153993281541733
v 0.1620593493834467 0.8735933162895316 -0.4588806871199444
v 0.20109424301364018 0.8672111164674978 -0.45552824819320126
v 0.23919446713063303 0.859597378259831 -0.4515289073613311
v 0.27622134924879 0.8508527468953723 -0.44693553150289744
v 0.31205826634294936 0.8410869746399976 -0.44180577123660203
v -0.293000785049258 0.8302973778480396 -0.47408522894010147
v -0.25669117852190265 0.8393125809738874 -0.4792327516854295
v -0.21926159486974697 0.8472781857091934 -0.4837809721728549
v -0.180838619532319 0.854092316886348 -0.487671721469838
v -0.14156974117717513 0.8596636026731345 -0.4908528278639892
v -0.10162125561500872 0.8639143617644119 -0.49327993669357567
v -0.0611752483217424 0.8667834842525456 -0.4949181552739709
v -0.020425751767954758 0.8682288068267452 -0.4957434090947858
v 0.020425751767954758 0.8682288068267452 -0.4957434090947858
v 0.0611752483217424 0.8667834842525456 -0.4949181552739709
v 0.10162125561500872 0.8639143617644119 -0.49327993669357567
v 0.14156974117717513 0.8596636026731345 -0.4908528278639892
v 0.180838619532319 0.854092316886348 -0.487671721469838
v 0.21926159486974697 0.8472781857091934 -0.4837809721728549
v 0.25669117852190265 0.8393125809738874 -0.4792327516854295
v 0.293000785049258 0.8302973778480396 -0.47408522894010147
v -0.2734673993793074 0.81822508158865 -0.5056909108694415
v -0.23676115649896284 0.826465006573357 -0.5107834645747399
v -0.1990126871406027 0.8336351666024752 -0.5152148671775109
v -0.1603574565909282 0.8396425434090717 -0.5189276302272153
v -0.12095036865019153 0.8444058028747498 -0.5218714864742391
v -0.08096325328858756 0.8478581957971557 -0.5240051826428055
v -0.04058150470036092 0.849950068961268 -0.5252980313583807
v 0.0 0.8506508083520399 -0.5257311121191336
v 0.04058150470036092 0.849950068961268 -0.5252980313583807
v 0.08096325328858756 0.8478581957971557 -0.5240051826428055
v 0.12095036865019153 0.8444058028747498 -0.5218714864742391
v 0.1603574565909282 0.8396425434090717 -0.5189276302272153
v 0.1990126871406027 0.8336351666024752 -0.5152148671775109
v 0.23676115649896284 0.826465006573357 -0.5107834645747399
v 0.2734673993793074 0.81822508158865 -0.5056909108694415
v -0.2535473414036464 0.8049252343143145 -0.5364784365015882
v -0.2165259183827774 0.8123759130305915 -0.5414442746915028
v -0.17854658983054106 0.8187454212152472 -0.5456895184067144
v -0.13975238793855504 0.8239503286226542 -0.5491585618271756
v -0.10030404496037161 0.8279198147302002 -0.5518042034469282
v -0.0603771243503969 0.830598234695188 -0.5535893562708862
v -0.02015839477503192 0.8319472297451418 -0.554488454378879
v 0.02015839477503192 0.8319472297451418 -0.554488454378879
v 0.0603771243503969 0.830598234695188 -0.5535893562708862
v 0.10030404496037161 0.8279198147302002 -0.5518042034469282
v 0.13975238793855504 0.8239503286226542 -0.5491585618271756
v 0.17854658983054106 0.8187454212152472 -0.5456895184067144
v 0.2165259183827774 0.8123759130305915 -0.5414442746915028
v 0.2535473414036464 0.8049252343143145 -0.5364784365015882
v -0.23333470758202193 0.7904694635995504 -0.566315231434094
v -0.19608345208991892 0.7971277799199148 -0.5710854422032208
v -0.15796380216732472 0.8027024564495482 -0.5750793020225153
v -0.11912486392603408 0.8071201088323375 -0.5782442362125881
v -0.07973148904354434 0.8103206080572807 -0.5805371666074257
v -0.039961122317984425 0.8122592798354954 -0.581926087251817
v 0.0 0.8129086024997529 -0.5823912808257851
v 0.039961122317984425 0.8122592798354954 -0.581926087251817
v 0.07973148904354434 0.8103206080572807 -0.5805371666074257
v 0.11912486392603408 0.8071201088323375 -0.5782442362125881
v 0.15796380216732472 0.8027024564495482 -0.5750793020225153
v 0.19608345208991892 0.7971277799199148 -0.5710854422032208
v 0.23333470758202193 0.7904694635995504 -0.566315231434094
v -0.21292626456543118 0.7749440143527866 -0.59508333910218
v -0.17553277481790902 0.7808174074305257 -0.5995935466782457
v -0.1373640865739407 0.785613505248246 -0.6032764938991664
v -0.09857376678448401 0.7892691469276807 -0.6060836792143222
v -0.05932902377348142 0.7917347841663707 -0.607977054237342
v -0.019807352447232557 0.7929762998254374 -0.6089304202486431
v 0.019807352447232557 0.7929762998254374 -0.6089304202486431
v 0.05932902377348142 0.7917347841663707 -0.607977054237342
v 0.09857376678448401 0.7892691469276807 -0.6060836792143222
v 0.1373640865739407 0.785613505248246 -0.6032764938991664
v 0.17553277481790902 0.7808174074305257 -0.5995935466782457
v 0.21292626456543118 0.7749440143527866 -0.59508333910218
v -0.19241920520307185 0.7584473873343167 -0.6226816282136217
v -0.15497164160062002 0.7635531791048055 -0.6268734585054259
v -0.11684419851929759 0.7675964309159192 -0.6301929486415454
v -0.07819323521568113 0.7705241128862675 -0.6325965613464364
v -0.03918656852685111 0.772296883942043 -0.63405199778922
v 0.0 0.7728905323153185 -0.634539380225801
v 0.03918656852685111 0.772296883942043 -0.63405199778922
v 0.07819323521568113 0.7705241128862675 -0.6325965613464364
v 0.11684419851929759 0.7675964309159192 -0.6301929486415454
v 0.15497164160062002 0.7635531791048055 -0.6268734585054259
v 0.19241920520307185 0.7584473873343167 -0.6226816282136217
v -0.17190897225431467 0.74108761980051 -0.6490273068499354
v -0.1344944039006971 0.745452023828924 -0.6528495504239531
v -0.09649584903081317 0.7487764056407108 -0.655760966721564
v -0.05807079942693577 0.7510175291529705 -0.65772369058662
v -0.019386009991399434 0.7521456636150109 -0.6587116845189162
v 0.019386009991399434 0.7521456636150109 -0.6587116845189162
v 0.05807079942693577 0.7510175291529705 -0.65772369058662
v 0.09649584903081317 0.7487764056407108 -0.655760966721564
v 0.1344944039006971 0.745452023828924 -0.6528495504239531
v 0.17190897225431467 0.74108761980051 -0.6490273068499354
v -0.15148725653666772 0.72297936789934 -0.6740567073317085
v -0.11419011830057597 0.7266362547516173 -0.6774661394955789
v -0.07640398766858429 0.7292825544867066 -0.6799333690808849
v -0.038285896987528524 0.7308842799408055 -0.6814267087715821
v 0.0 0.7314205382620619 -0.6819266794959965
v 0.038285896987528524 0.7308842799408055 -0.6814267087715821
v 0.07640398766858429 0.7292825544867066 -0.6799333690808849
v 0.11419011830057597 0.7266362547516173 -0.6774661394955789
v 0.15148725653666772 0.72297936789934 -0.6740567073317085
v -0.13124025669457828 0.7042409525988711 -0.6977253583648625
v -0.0941409798476372 0.7072304565289836 -0.7006872035874011
v -0.05664546332554151 0.7092447404034536 -0.702682851430624
v -0.018908806073590134 0.7102583579163166 -0.7036870910162335
v 0.018908806073590134 0.7102583579163166 -0.7036870910162335
v 0.05664546332554151 0.7092447404034536 -0.702682851430624
v 0.0941409798476372 0.7072304565289836 -0.7006872035874011
v 0.13124025669457828 0.7042409525988711 -0.6977253583648625
v -0.11124726240879386 0.6849915186122514 -0.7200074069312279
v -0.0744211252140515 0.6873585714390034 -0.7224954604640829
v -0.03728808828193611 0.6887906362459505 -0.7240007305881516
v 0.0 0.6892699839446963 -0.7245045819267661
v 0.03728808828193611 0.6887906362459505 -0.7240007305881516
v 0.0744211252140515 0.6873585714390034 -0.7224954604640829
v 0.11124726240879386 0.6849915186122514 -0.7200074069312279
v -0.09157959508836064 0.6653484319822918 -0.7408944876446022
v -0.05509582124122626 0.6671413036251347 -0.7428909283866042
v -0.01839010120075393 0.668043191614439 -0.7438952199842528
v 0.01839010120075393 0.668043191614439 -0.7438952199842528
v 0.05509582124122626 0.6671413036251347 -0.7428909283866042
v 0.09157959508836064 0.6653484319822918 -0.7408944876446022
v -0.07229991315341976 0.6454250107960766 -0.7603941596283419
v -0.03622102781367421 0.6466939239077052 -0.761889103429742
v 0.0 0.647118560988119 -0.762389380844635
v 0.03622102781367421 0.6466939239077052 -0.761889103429742
v 0.07229991315341976 0.6454250107960766 -0.7603941596283419
v -0.05346186555646973 0.6253286492954697 -0.7785280401511081
v -0.017843302583059637 0.6261245199973067 -0.7795188913753609
v 0.017843302583059637 0.6261245199973067 -0.7795188913753609
v 0.05346186555646973 0.6253286492954697 -0.7785280401511081
v -0.035110058928900956 0.6051593623925604 -0.7953297617156287
v 0.0 0.6055327024811289 -0.7958204233530959
v 0.035110058928900956 0.6051593623925604 -0.7953297617156287
v -0.017280291437762562 0.5850087483405252 -0.8108428675723047
v 0.017280291437762562 0.5850087483405252 -0.8108428675723047
v 0.0 0.564959343968111 -0.8251187427656227
v -0.5374553858759236 0.8421171236917472 -0.04450233901831196
v -0.5290885505769178 0.8454034504478299 -0.07320048920136979
v -0.5199454593516001 0.8479948501089801 -0.1027689325054107
v -0.509991161865676 0.8498105275597344 -0.13315810928195035
v -0.4991953647137031 0.8507690510701167 -0.1643046243707284
v -0.4875337549475872 0.8507900017506349 -0.19613059605237665
v -0.47498935825730987 0.8497958797414874 -0.2285433707564071
v -0.4615538714284841 0.8477142231586663 -0.2614356892696124
v -0.44722889671818655 0.8444798709354596 -0.2946863782482369
v -0.4320269974910168 0.8400372760213961 -0.32816161922663917
v -0.4159724918168248 0.8343427539370007 -0.3617168160377992
v -0.39910190544614654 0.8273665368099231 -0.39519904204895195
v -0.381464018674927 0.8190944979812843 -0.4284500038897919
v -0.3631194630777124 0.8095294195516689 -0.4613094128830364
v -0.34413985264854857 0.7986916959186995 -0.49361861461005196
v -0.324606466978598 0.7866193996593099 -0.5252242965393921
v -0.30460853813840943 0.7733676792259858 -0.5559820781480225
v -0.28424122384908457 0.7590075062976563 -0.5857597903992625
v -0.2636033734499631 0.7436238386105666 -0.6144402722444919
v -0.2427952071340601 0.7273133059236357 -0.641923548733929
v -0.22191603140241004 0.7101815575695606 -0.6681283037670814
v -0.20106210484610157 0.6923404266569897 -0.692992614398792
v -0.1803247499401021 0.6739050674525727 -0.716473966464088
v -0.159788781432394 0.654991209990117 -0.7385486173326935
v -0.13953129361181685 0.6357126524765078 -0.7592104066622744
v -0.1196208206582494 0.6161790815796019 -0.7784691379166969
v -0.10011685926607475 0.5964942774380213 -0.7963486620032646
v -0.08106972274033818 0.5767547280455737 -0.8128847911800792
v -0.06252068175732874 0.5570486494587215 -0.8281231590100674
v -0.04450233901831196 0.5374553858759236 -0.8421171236917472
v -0.5570486494587215 0.8281231590100674 -0.06252068175732874
v -0.5486883865273363 0.8309521426797776 -0.09197603528047425
v -0.5395113098444888 0.8330487991245398 -0.12229981531893715
v -0.5294802156877448 0.8343311590570904 -0.15343473603363453
v -0.5185631179478138 0.8347172971219813 -0.18530873317147167
v -0.5067347063229826 0.8341271482851601 -0.21783442772304645
v -0.49397782935020945 0.8324845753740931 -0.2509090191178291
v -0.4802849312986796 0.8297196305630133 -0.28441469621979637
v -0.4656593593615154 0.8257709268677065 -0.31821963701046474
v -0.4501164498520926 0.8205880105062009 -0.3521796396528679
v -0.43368430145890985 0.8141336047890234 -0.38614038926448463
v -0.41640415178443424 0.8063855847111235 -0.41994031855346436
v -0.3983302912076777 0.7973385418711488 -0.45341397061978256
v -0.3795294750704596 0.7870048138235298 -0.48639572425272454
v -0.36007982928845783 0.7754148807491634 -0.5187237022272607
v -0.34006928232063244 0.7626170735015146 -0.550243657324567
v -0.3195935936139404 0.7486765865962971 -0.5808126234883714
v -0.29875408053048286 0.7336738418973348 -0.6103021326212047
v -0.27765516828743514 0.7177022972538684 -0.6386008299711143
v -0.2564018978513176 0.7008658332542629 -0.6656163689055808
v -0.23509752410317752 0.6832758761694998 -0.6912765229670094
v -0.21384132193066907 0.665048423888383 -0.7155295122624376
v -0.1927266938377704 0.6463011344779054 -0.738343595526456
v -0.17183964285975084 0.6271506164003298 -0.7597060230711086
v -0.15125764300630543 0.6077100293542063 -0.779621475880755
v -0.13104890973732858 0.588087069797725 -0.7981101312434162
v -0.1112720478510575 0.5683823798954282 -0.8152054965414801
v -0.09197603528047425 0.5486883865273363 -0.8309521426797776
v -0.07320048920136979 0.5290885505769178 -0.8454034504478299
v -0.5767547280455737 0.8128847911800792 -0.08106972274033818
v -0.5683823798954282 0.8152054965414801 -0.1112720478510575
v -0.5591505555060458 0.8167565981550934 -0.14233522279253163
v -0.5490199564169586 0.8174556247872685 -0.17419353879974223
v -0.5379571507067523 0.8172209512929919 -0.2067656179621024
v -0.52593617046503 0.8159737780817069 -0.2399540332639651
v -0.5129401188700615 0.8136403475009072 -0.2736454263680833
v -0.4989627040324959 0.810154325170865 -0.3077112110267028
v -0.48400960402722376 0.8054592464204918 -0.3420089261483442
v -0.46809956109079015 0.7995109032905102 -0.3763842669748591
v -0.4512651052135666 0.7922795300025869 -0.4106737770487285
v -0.4335528199869782 0.7837516381807692 -0.4447081311717827
v -0.41502308702074764 0.7739313604602943 -0.4783158857239084
v -0.3957492783478623 0.76284118382526 -0.5113275241439893
v -0.3758164060869762 0.7505219912746225 -0.5435795889555131
v -0.35531928087856685 0.7370323790066918 -0.5749186733196917
v -0.33436027008112207 0.72244727090818 -0.6052050483502281
v -0.31304677831715744 0.7068559061124624 -0.6343157278352621
v -0.2914885926385807 0.6903593220010092 -0.6621468167165695
v -0.2697952400751782 0.6730674886196873 -0.6886150479011942
v -0.24807349655238164 0.6550962675376302 -0.713658476140052
v -0.2264251651128704 0.6365643677938587 -0.7372363598323229
v -0.2049452116202948 0.6175904554342418 -0.7593283147561654
v -0.18372031202835923 0.5982905449224315 -0.7799328630110558
v -0.16282783120112607 0.5787757652163287 -0.7990655235865146
v -0.14233522279253166 0.5591505555060459 -0.8167565981550935
v -0.12229981531893715 0.5395113098444888 -0.8330487991245398
v -0.1027689325054107 0.5199454593516001 -0.8479948501089801
v -0.5964942774380213 0.7963486620032646 -0.10011685926607475
v -0.588087069797725 0.7981101312434162 -0.13104890973732858
v -0.5787757652163287 0.7990655235865146 -0.16282783120112607
v -0.5685192202902353 0.7991326580327285 -0.1953788397604234
v -0.5572829033475702 0.7982311213841842 -0.22861067886310696
v -0.5450406320940104 0.7962843997341675 -0.2624154418218521
v -0.5317762989574304 0.7932222225828035 -0.2966689627647877
v -0.5174854883476929 0.7889830317777987 -0.33123185975425573
v -0.5021768778261597 0.7835164594263934 -0.3659512825291082
v -0.4858733109364552 0.7767856760893116 -0.4006633738465717
v -0.4686124356756582 0.7687694571591907 -0.43519640034045604
v -0.45044682073866027 0.7594638151136077 -0.46937445096587566
v -0.43144349161248846 0.7488830607942988 -0.5030215450660013
v -0.4116828682742966 0.7370601884122976 -0.5359659453986574
v -0.39125713171641757 0.7240465244943912 -0.5680444412619797
v -0.37026809244319614 0.709910635852268 -0.5991063585226795
v -0.3488246745854681 0.6947365493692012 -0.6290170692206356
v -0.32704015903507644 0.6786213896739846 -0.6576608121632775
v -0.3050293442571917 0.6616725828825603 -0.6849426926419094
v -0.28290578270064953 0.6440048006169802 -0.7107897965621176
v -0.2607792349650635 0.6257368261840904 -0.7351514231558677
v -0.23875345619378233 0.6069885147096089 -0.7579985027466392
v -0.2169243940229478 0.5878779942613195 -0.779322315310594
v -0.1953788397604234 0.5685192202902353 -0.7991326580327285
v -0.17419353879974223 0.5490199564169586 -0.8174556247872685
v -0.15343473603363453 0.5294802156877448 -0.8343311590570904
v -0.13315810928195035 0.509991161865676 -0.8498105275597344
v -0.6161790815796019 0.7784691379166969 -0.1196208206582494
v -0.6077100293542063 0.779621475880755 -0.15125764300630543
v -0.5982905449224315 0.7799328630110558 -0.18372031202835923
v -0.5878779942613195 0.779322315310594 -0.2169243940229478
v -0.5764372020129719 0.7777116489877878 -0.25076830574088144
v -0.5639423251810348 0.7750277444673128 -0.28513338839097324
v -0.5503786847158161 0.7712049876331988 -0.31988462054335476
v -0.5357444455401215 0.7661877842999592 -0.354872044915385
v -0.5200520247535678 0.7599330169554005 -0.3899329446081433
v -0.5033291068202423 0.7524122933676713 -0.42489475287032935
v -0.4856191559237104 0.7436138289995902 -0.459578620826199
v -0.4669813403819431 0.7335438127391466 -0.49380350598917355
v -0.44748982110672614 0.7222271298680454 -0.5273905885474597
v -0.4272324024337953 0.7097073566038372 -0.5601677804845986
v -0.40630859416315374 0.6960459933851381 -0.5919740715619715
v -0.3848271820485508 0.6813209633515501 -0.6226634603493987
v -0.3629034438757221 0.6656244607752212 -0.6521082484072999
v -0.34065617440559304 0.6490602839996624 -0.6802015279118562
v -0.3182046917040229 0.6317408225249649 -0.7068587605264778
v -0.29566598929128385 0.6137838844947381 -0.7320184191063477
v -0.2731521753100433 0.5953095482533642 -0.7556417344759133
v -0.25076830574088144 0.5764372020129719 -0.7777116489877878
v -0.22861067886310696 0.5572829033475702 -0.7982311213841842
v -0.2067656179621024 0.5379571507067523 -0.8172209512929919
v -0.18530873317147167 0.5185631179478138 -0.8347172971219813
v -0.16430462437072837 0.49919536471370307 -0.8507690510701166
v -0.6357126524765078 0.7592104066622744 -0.13953129361181685
v -0.6271506164003298 0.7597060230711085 -0.1718396428597508
v -0.617590455434242 0.7593283147561655 -0.20494521162029483
v -0.6069885147096088 0.757998502746639 -0.23875345619378227
v -0.5953095482533642 0.7556417344759133 -0.2731521753100433
v -0.5825287182475782 0.7521894514797524 -0.30801188532169166
v -0.5686335134180427 0.7475818873792709 -0.34318690109079014
v -0.5536254632791322 0.7417705765237548 -0.3785171835103165
v -0.5375215166694247 0.734720729322077 -0.4138309667265571
v -0.5203549566454023 0.7264133158642744 -0.4489481190846347
v -0.5021757415224564 0.7168466990465948 -0.48368412697996593
v -0.4830501939947354 0.7060376747970781 -0.5178545276897595
v -0.4630600048371387 0.6940218106316585 -0.5512795645475929
v -0.4423005703311253 0.6808530223442 -0.5837888038062478
v -0.4208787370304494 0.6666023870869816 -0.6152254434315861
v -0.39891007671252093 0.6513562523061036 -0.6454500625756868
v -0.37651585173503294 0.6352137560113458 -0.6743436049716801
v -0.3538198516892101 0.6182839174182231 -0.7018094542057703
v -0.330945284051252 0.6006824829048134 -0.7277745349320384
v -0.30801188532169166 0.5825287182475782 -0.7521894514797524
v -0.28513338839097324 0.5639423251810348 -0.7750277444673128
v -0.2624154418218521 0.5450406320940104 -0.7962843997341675
v -0.2399540332639651 0.52593617046503 -0.8159737780817069
v -0.21783442772304645 0.5067347063229826 -0.8341271482851601
v -0.19613059605237665 0.4875337549475872 -0.8507900017506349
v -0.654991209990117 0.7385486173326935 -0.159788781432394
v -0.6463011344779054 0.738343595526456 -0.1927266938377704
v -0.6365643677938587 0.7372363598323229 -0.2264251651128704
v -0.6257368261840904 0.7351514231558677 -0.2607792349650635
v -0.6137838844947381 0.7320184191063477 -0.29566598929128385
v -0.6006824829048134 0.7277745349320384 -0.330945284051252
v -0.5864231044008367 0.7223670166098651 -0.36646123388299656
v -0.5710114865080222 0.7157556125791343 -0.402044506662343
v -0.554469926322179 0.7079148025100048 -0.4375154090903523
v -0.5368380474032317 0.6988356496797788 -0.4726876829333795
v -0.5181729222368786 0.6885271236113095 -0.5073728635944478
v -0.4985484841249615 0.6770167653303454 -0.5413849909614589
v -0.47805421428599587 0.6643506099952529 -0.5745454161355171
v -0.45679314796703496 0.6505923368907499 -0.6066874245848513
v -0.4348793002003278 0.6358216784580258 -0.6376604013580365
v -0.4124346598709157 0.6201321802419765 -0.6673332978096439
v -0.389585933532735 0.6036284544126622 -0.6955972178041024
v -0.36646123388299656 0.5864231044008367 -0.7223670166098651
v -0.34318690109079014 0.5686335134180427 -0.7475818873792709
v -0.31988462054335476 0.5503786847158161 -0.7712049876331988
v -0.2966689627647877 0.5317762989574304 -0.7932222225828035
v -0.2736454263680833 0.5129401188700615 -0.8136403475009072
v -0.2509090191178291 0.49397782935020945 -0.8324845753740931
v -0.2285433707564071 0.47498935825730987 -0.8497958797414874
v -0.6739050674525727 0.716473966464088 -0.1803247499401021
v -0.665048423888383 0.7155295122624376 -0.21384132193066907
v -0.6550962675376302 0.713658476140052 -0.24807349655238164
v -0.6440048006169802 0.7107897965621176 -0.28290578270064953
v -0.6317408225249649 0.7068587605264778 -0.3182046917040229
v -0.6182839174182231 0.7018094542057703 -0.3538198516892101
v -0.6036284544126622 0.6955972178041024 -0.389585933532735
v -0.5877852522924731 0.6881909602355868 -0.42532540417601994
v -0.5707827613698738 0.6795751750063787 -0.4608520596005095
v -0.5526676317942218 0.6697514988109495 -0.49597521975140363
v -0.5335045709944544 0.6587396716129896 -0.5305043993891415
v -0.5133754412304479 0.6465777917977316 -0.5642542117657714
v -0.49237760679633114 0.6333218098844494 -0.5970492253158048
v -0.4706216023241698 0.6190442639564818 -0.6287284840759234
v -0.44822825076214523 0.6038323219761927 -0.6591494232384238
v -0.42532540417601994 0.5877852522924731 -0.6881909602355868
v -0.402044506662343 0.5710114865080222 -0.7157556125791343
v -0.3785171835103165 0.5536254632791322 -0.7417705765237548
v -0.354872044915385 0.5357444455401215 -0.7661877842999592
v -0.33123185975425573 0.5174854883476929 -0.7889830317777987
v -0.3077112110267028 0.4989627040324959 -0.810154325170865
v -0.2844146962197964 0.48028493129867966 -0.8297196305630135
v -0.2614356892696124 0.4615538714284841 -0.8477142231586663
v -0.6923404266569897 0.692992614398792 -0.20106210484610157
v -0.6832758761694998 0.6912765229670094 -0.23509752410317752
v -0.6730674886196873 0.6886150479011942 -0.2697952400751782
v -0.6616725828825603 0.6849426926419094 -0.3050293442571917
v -0.6490602839996624 0.6802015279118562 -0.34065617440559304
v -0.6352137560113458 0.6743436049716801 -0.37651585173503294
v -0.6201321802419765 0.6673332978096439 -0.4124346598709157
v -0.6038323219761927 0.6591494232384238 -0.44822825076214523
v -0.5863495358480963 0.6497869809420724 -0.48370559352658776
v -0.5677380850932607 0.639258364474689 -0.5186735102005721
v -0.5480706918256376 0.6275939206846387 -0.5529415769151841
v -0.5274372914757286 0.614841777964911 -0.5863271199848208
v -0.5059430284119877 0.6010669191089361 -0.618660012247598
v -0.48370559352658776 0.5863495358480963 -0.6497869809420724
v -0.4608520596005095 0.5707827613698738 -0.6795751750063787
v -0.4375154090903523 0.554469926322179 -0.7079148025100048
v -0.4138309667265571 0.5375215166694247 -0.734720729322077
v -0.3899329446081433 0.5200520247535678 -0.7599330169554005
v -0.3659512825291082 0.5021768778261597 -0.7835164594263934
v -0.3420089261483442 0.48400960402722376 -0.8054592464204918
v -0.31821963701046474 0.4656593593615154 -0.8257709268677065
v -0.2946863782482369 0.44722889671818655 -0.8444798709354596
v -0.7101815575695606 0.6681283037670814 -0.22191603140241004
v -0.7008658332542629 0.6656163689055808 -0.2564018978513176
v -0.6903593220010092 0.6621468167165695 -0.2914885926385807
v -0.6786213896739846 0.6576608121632775 -0.32704015903507644
v -0.6656244607752212 0.6521082484072999 -0.3629034438757221
v -0.6513562523061036 0.6454500625756868 -0.39891007671252093
v -0.6358216784580258 0.6376604013580365 -0.4348793002003278
v -0.6190442639564818 0.6287284840759234 -0.4706216023241698
v -0.6010669191089362 0.618660012247598 -0.5059430284119878
v -0.5819519632455794 0.6074779927073496 -0.5406499799786041
v -0.5617803336943765 0.5952228762781367 -0.5745542482911573
v -0.5406499799786041 0.5819519632455794 -0.6074779927073496
v -0.5186735102005721 0.5677380850932607 -0.639258364474689
v -0.4959752197514036 0.5526676317942217 -0.6697514988109494
v -0.4726876829333795 0.5368380474032317 -0.6988356496797788
v -0.4489481190846347 0.5203549566454023 -0.7264133158642744
v -0.42489475287032935 0.5033291068202423 -0.7524122933676713
v -0.4006633738465717 0.4858733109364552 -0.7767856760893116
v -0.3763842669748591 0.46809956109079015 -0.7995109032905102
v -0.3521796396528679 0.4501164498520926 -0.8205880105062009
v -0.32816161922663917 0.4320269974910168 -0.8400372760213961
v -0.7273133059236357 0.641923548733929 -0.2427952071340601
v -0.7177022972538684 0.6386008299711143 -0.27765516828743514
v -0.7068559061124624 0.6343157278352621 -0.31304677831715744
v -0.6947365493692012 0.6290170692206356 -0.3488246745854681
v -0.6813209633515501 0.6226634603493987 -0.3848271820485508
v -0.6666023870869816 0.6152254434315861 -0.4208787370304494
v -0.6505923368907498 0.6066874245848511 -0.4567931479670349
v -0.6333218098844494 0.5970492253158048 -0.49237760679633114
v -0.614841777964911 0.5863271199848208 -0.5274372914757286
v -0.5952228762781367 0.5745542482911573 -0.5617803336943765
v -0.5745542482911573 0.5617803336943765 -0.5952228762781367
v -0.5529415769151841 0.5480706918256376 -0.6275939206846387
v -0.5305043993891415 0.5335045709944544 -0.6587396716129896
v -0.5073728635944478 0.5181729222368786 -0.6885271236113095
v -0.48368412697996593 0.5021757415224564 -0.7168466990465948
v -0.459578620826199 0.4856191559237104 -0.7436138289995902
v -0.43519640034045604 0.4686124356756582 -0.7687694571591907
v -0.4106737770487285 0.4512651052135666 -0.7922795300025869
v -0.38614038926448463 0.43368430145890985 -0.8141336047890234
v -0.3617168160377992 0.4159724918168248 -0.8343427539370007
v -0.7436238386105666 0.6144402722444919 -0.2636033734499631
v -0.7336738418973348 0.6103021326212047 -0.29875408053048286
v -0.72244727090818 0.6052050483502281 -0.33436027008112207
v -0.709910635852268 0.5991063585226795 -0.37026809244319614
v -0.6960459933851381 0.5919740715619715 -0.40630859416315374
v -0.6808530223442 0.5837888038062478 -0.4423005703311253
v -0.6643506099952529 0.5745454161355171 -0.47805421428599587
v -0.6465777917977316 0.5642542117657714 -0.5133754412304479
v -0.6275939206846387 0.5529415769151841 -0.5480706918256376
v -0.6074779927073496 0.5406499799786041 -0.5819519632455794
v -0.5863271199848208 0.5274372914757286 -0.614841777964911
v -0.5642542117657714 0.5133754412304479 -0.6465777917977316
v -0.5413849909614589 0.4985484841249615 -0.6770167653303454
v -0.5178545276897595 0.48305019399473537 -0.706037674797078
v -0.49380350598917355 0.4669813403819431 -0.7335438127391466
v -0.46937445096587566 0.45044682073866027 -0.7594638151136077
v -0.4447081311717827 0.4335528199869782 -0.7837516381807692
v -0.4199403185534644 0.4164041517844343 -0.8063855847111236
v -0.39519904204895195 0.39910190544614654 -0.8273665368099231
v -0.7590075062976563 0.5857597903992625 -0.28424122384908457
v -0.7486765865962971 0.5808126234883714 -0.3195935936139404
v -0.7370323790066918 0.5749186733196917 -0.35531928087856685
v -0.7240465244943912 0.5680444412619797 -0.39125713171641757
v -0.7097073566038372 0.5601677804845986 -0.4272324024337953
v -0.6940218106316585 0.5512795645475929 -0.4630600048371387
v -0.6770167653303454 0.5413849909614589 -0.4985484841249615
v -0.6587396716129896 0.5305043993891415 -0.5335045709944544
v -0.639258364474689 0.5186735102005721 -0.5677380850932607
v -0.618660012247598 0.5059430284119877 -0.6010669191089361
v -0.5970492253158048 0.49237760679633114 -0.6333218098844494
v -0.5745454161355171 0.47805421428599587 -0.6643506099952529
v -0.5512795645475929 0.4630600048371387 -0.6940218106316585
v -0.5273905885474597 0.44748982110672614 -0.7222271298680454
v -0.5030215450660013 0.43144349161248846 -0.7488830607942988
v -0.4783158857239084 0.41502308702074764 -0.7739313604602943
v -0.4534139706197825 0.39833029120767766 -0.7973385418711487
v -0.4284500038897919 0.381464018674927 -0.8190944979812843
v -0.7733676792259858 0.5559820781480225 -0.30460853813840943
v -0.7626170735015145 0.5502436573245669 -0.3400692823206324
v -0.7505219912746225 0.5435795889555131 -0.3758164060869762
v -0.7370601884122976 0.5359659453986574 -0.4116828682742966
v -0.7222271298680454 0.5273905885474597 -0.44748982110672614
v -0.7060376747970781 0.5178545276897595 -0.4830501939947354
v -0.6885271236113095 0.5073728635944478 -0.5181729222368786
v -0.6697514988109495 0.49597521975140363 -0.5526676317942218
v -0.6497869809420724 0.48370559352658776 -0.5863495358480963
v -0.6287284840759234 0.4706216023241698 -0.6190442639564818
v -0.6066874245848513 0.45679314796703496 -0.6505923368907499
v -0.5837888038062478 0.4423005703311253 -0.6808530223442
v -0.5601677804845986 0.4272324024337953 -0.7097073566038372
v -0.5359659453986574 0.4116828682742966 -0.7370601884122976
v -0.5113275241439893 0.3957492783478623 -0.76284118382526
v -0.4863957242527245 0.37952947507045953 -0.7870048138235297
v -0.4613094128830364 0.3631194630777124 -0.8095294195516689
v -0.7866193996593099 0.5252242965393921 -0.324606466978598
v -0.7754148807491633 0.5187237022272607 -0.3600798292884578
v -0.76284118382526 0.5113275241439893 -0.3957492783478623
v -0.7488830607942988 0.5030215450660013 -0.43144349161248846
v -0.7335438127391466 0.49380350598917355 -0.4669813403819431
v -0.7168466990465948 0.48368412697996593 -0.5021757415224564
v -0.6988356496797787 0.4726876829333794 -0.5368380474032317
v -0.6795751750063787 0.4608520596005095 -0.5707827613698738
v -0.6591494232384238 0.44822825076214523 -0.6038323219761927
v -0.6376604013580364 0.43487930020032767 -0.6358216784580258
v -0.6152254434315861 0.4208787370304494 -0.6666023870869816
v -0.5919740715619715 0.40630859416315374 -0.6960459933851381
v -0.5680444412619797 0.39125713171641757 -0.7240465244943912
v -0.5435795889555131 0.3758164060869762 -0.7505219912746225
v -0.5187237022272607 0.36007982928845783 -0.7754148807491634
v -0.49361861461005196 0.34413985264854857 -0.7986916959186995
v -0.7986916959186995 0.49361861461005196 -0.34413985264854857
v -0.7870048138235298 0.48639572425272454 -0.3795294750704596
v -0.7739313604602943 0.4783158857239084 -0.41502308702074764
v -0.7594638151136077 0.46937445096587566 -0.45044682073866027
v -0.7436138289995902 0.459578620826199 -0.4856191559237104
v -0.7264133158642744 0.4489481190846347 -0.5203549566454023
v -0.7079148025100048 0.4375154090903523 -0.554469926322179
v -0.6881909602355868 0.42532540417601994 -0.5877852522924731
v -0.6673332978096439 0.4124346598709157 -0.6201321802419765
v -0.6454500625756868 0.39891007671252093 -0.6513562523061036
v -0.6226634603493987 0.3848271820485508 -0.6813209633515501
v -0.5991063585226795 0.37026809244319614 -0.709910635852268
v -0.5749186733196917 0.35531928087856685 -0.7370323790066918
v -0.5502436573245669 0.3400692823206324 -0.7626170735015145
v -0.5252242965393921 0.324606466978598 -0.7866193996593099
v -0.8095294195516689 0.4613094128830364 -0.3631194630777124
v -0.7973385418711487 0.4534139706197825 -0.39833029120767766
v -0.7837516381807692 0.4447081311717827 -0.4335528199869782
v -0.7687694571591907 0.43519640034045604 -0.4686124356756582
v -0.7524122933676713 0.42489475287032935 -0.5033291068202423
v -0.734720729322077 0.4138309667265571 -0.5375215166694247
v -0.7157556125791343 0.402044506662343 -0.5710114865080222
v -0.6955972178041024 0.389585933532735 -0.6036284544126622
v -0.6743436049716801 0.37651585173503294 -0.6352137560113458
v -0.6521082484072998 0.36290344387572204 -0.6656244607752212
v -0.6290170692206356 0.3488246745854681 -0.6947365493692012
v -0.6052050483502281 0.33436027008112207 -0.72244727090818
v -0.5808126234883714 0.3195935936139404 -0.7486765865962971
v -0.5559820781480225 0.30460853813840943 -0.7733676792259858
v -0.8190944979812843 0.4284500038897919 -0.381464018674927
v -0.8063855847111235 0.41994031855346436 -0.41640415178443424
v -0.7922795300025869 0.4106737770487285 -0.4512651052135666
v -0.7767856760893116 0.4006633738465717 -0.4858733109364552
v -0.7599330169554005 0.3899329446081433 -0.5200520247535678
v -0.7417705765237548 0.3785171835103165 -0.5536254632791322
v -0.7223670166098651 0.36646123388299656 -0.5864231044008367
v -0.7018094542057703 0.3538198516892101 -0.6182839174182231
v -0.6802015279118562 0.34065617440559304 -0.6490602839996624
v -0.6576608121632775 0.32704015903507644 -0.6786213896739846
v -0.6343157278352621 0.31304677831715744 -0.7068559061124624
v -0.6103021326212047 0.29875408053048286 -0.7336738418973348
v -0.5857597903992625 0.28424122384908457 -0.7590075062976563
v -0.827366536809923 0.3951990420489519 -0.3991019054461465
v -0.8141336047890234 0.38614038926448463 -0.43368430145890985
v -0.7995109032905102 0.3763842669748591 -0.46809956109079015
v -0.7835164594263934 0.3659512825291082 -0.5021768778261597
v -0.7661877842999592 0.354872044915385 -0.5357444455401215
v -0.7475818873792709 0.34318690109079014 -0.5686335134180427
v -0.7277745349320384 0.330945284051252 -0.6006824829048134
v -0.7068587605264778 0.3182046917040229 -0.6317408225249649
v -0.6849426926419094 0.3050293442571917 -0.6616725828825603
v -0.6621468167165695 0.2914885926385807 -0.6903593220010092
v -0.6386008299711143 0.27765516828743514 -0.7177022972538684
v -0.6144402722444919 0.26360337344996304 -0.7436238386105665
v -0.8343427539370007 0.3617168160377992 -0.4159724918168248
v -0.8205880105062009 0.3521796396528679 -0.4501164498520926
v -0.8054592464204918 0.3420089261483442 -0.48400960402722376
v -0.7889830317777987 0.33123185975425573 -0.5174854883476929
v -0.7712049876331988 0.31988462054335476 -0.5503786847158161
v -0.7521894514797524 0.30801188532169166 -0.5825287182475782
v -0.7320184191063477 0.29566598929128385 -0.6137838844947381
v -0.7107897965621175 0.28290578270064953 -0.6440048006169802
v -0.6886150479011942 0.2697952400751782 -0.6730674886196873
v -0.6656163689055808 0.2564018978513176 -0.7008658332542629
v -0.641923548733929 0.2427952071340601 -0.7273133059236357
v -0.8400372760213961 0.32816161922663917 -0.4320269974910168
v -0.8257709268677065 0.31821963701046474 -0.4656593593615154
v -0.810154325170865 0.3077112110267028 -0.4989627040324959
v -0.7932222225828035 0.2966689627647877 -0.5317762989574304
v -0.7750277444673128 0.28513338839097324 -0.5639423251810348
v -0.7556417344759133 0.2731521753100433 -0.5953095482533642
v -0.7351514231558677 0.2607792349650635 -0.6257368261840904
v -0.713658476140052 0.24807349655238164 -0.6550962675376302
v -0.6912765229670094 0.23509752410317752 -0.6832758761694998
v -0.6681283037670814 0.22191603140241004 -0.7101815575695606
v -0.8444798709354596 0.2946863782482369 -0.44722889671818655
v -0.8297196305630133 0.28441469621979637 -0.4802849312986796
v -0.8136403475009072 0.2736454263680833 -0.5129401188700615
v -0.7962843997341675 0.2624154418218521 -0.5450406320940104
v -0.7777116489877878 0.25076830574088144 -0.5764372020129719
v -0.757998502746639 0.23875345619378227 -0.6069885147096088
v -0.7372363598323228 0.22642516511287036 -0.6365643677938586
v -0.7155295122624374 0.21384132193066904 -0.6650484238883829
v -0.692992614398792 0.20106210484610157 -0.6923404266569897
v -0.8477142231586662 0.2614356892696124 -0.46155387142848403
v -0.8324845753740931 0.2509090191178291 -0.49397782935020945
v -0.8159737780817069 0.2399540332639651 -0.52593617046503
v -0.7982311213841842 0.22861067886310696 -0.5572829033475702
v -0.7793223153105939 0.21692439402294778 -0.5878779942613194
v -0.7593283147561654 0.2049452116202948 -0.6175904554342418
v -0.738343595526456 0.1927266938377704 -0.6463011344779054
v -0.716473966464088 0.1803247499401021 -0.6739050674525727
v -0.8497958797414874 0.2285433707564071 -0.47498935825730987
v -0.8341271482851601 0.21783442772304645 -0.5067347063229826
v -0.8172209512929919 0.2067656179621024 -0.5379571507067523
v -0.7991326580327285 0.1953788397604234 -0.5685192202902353
v -0.7799328630110558 0.18372031202835923 -0.5982905449224315
v -0.7597060230711085 0.1718396428597508 -0.6271506164003298
v -0.7385486173326934 0.15978878143239397 -0.6549912099901168
v -0.8507900017506349 0.19613059605237665 -0.4875337549475872
v -0.8347172971219813 0.18530873317147167 -0.5185631179478138
v -0.8174556247872685 0.17419353879974223 -0.5490199564169586
v -0.7990655235865146 0.16282783120112607 -0.5787757652163287
v -0.779621475880755 0.15125764300630543 -0.6077100293542063
v -0.7592104066622742 0.13953129361181682 -0.6357126524765077
v -0.8507690510701167 0.1643046243707284 -0.4991953647137031
v -0.8343311590570904 0.15343473603363453 -0.5294802156877448
v -0.8167565981550934 0.14233522279253163 -0.5591505555060458
v -0.7981101312434162 0.13104890973732858 -0.588087069797725
v -0.7784691379166969 0.1196208206582494 -0.6161790815796019
v -0.8498105275597344 0.13315810928195035 -0.509991161865676
v -0.8330487991245398 0.12229981531893715 -0.5395113098444888
v -0.8152054965414801 0.1112720478510575 -0.5683823798954282
v -0.7963486620032646 0.10011685926607475 -0.5964942774380213
v -0.8479948501089801 0.1027689325054107 -0.5199454593516001
v -0.8309521426797775 0.09197603528047425 -0.5486883865273363
v -0.8128847911800792 0.08106972274033818 -0.5767547280455737
v -0.8454034504478299 0.07320048920136979 -0.5290885505769178
v -0.8281231590100674 0.06252068175732874 -0.5570486494587215
v -0.8421171236917472 0.04450233901831196 -0.5374553858759236
v -0.564959343968111 0.8251187427656227 0.0
v -0.5850087483405251 0.8108428675723048 -0.017280291437762565
v -0.6051593623925604 0.7953297617156287 -0.035110058928900956
v -0.6253286492954697 0.7785280401511081 -0.05346186555646973
v -0.6454250107960766 0.760394159628342 -0.07229991315341977
v -0.6653484319822918 0.7408944876446022 -0.09157959508836064
v -0.6849915186122514 0.7200074069312279 -0.11124726240879386
v -0.7042409525988711 0.6977253583648625 -0.13124025669457828
v -0.72297936789934 0.6740567073317085 -0.15148725653666772
v -0.7410876198005099 0.6490273068499354 -0.17190897225431467
v -0.7584473873343167 0.6226816282136217 -0.19241920520307185
v -0.7749440143527866 0.59508333910218 -0.21292626456543118
v -0.7904694635995504 0.566315231434094 -0.23333470758202193
v -0.8049252343143145 0.5364784365015882 -0.2535473414036464
v -0.81822508158865 0.5056909108694415 -0.2734673993793074
v -0.8302973778480396 0.47408522894010147 -0.293000785049258
v -0.8410869746399976 0.44180577123660203 -0.31205826634294936
v -0.8505564552831786 0.40900544492462343 -0.33055750240786447
v -0.8586867125521431 0.37584210890664 -0.3484247965616146
v -0.8654768353476817 0.34247489551749194 -0.3655964898858365
v -0.8709433382523454 0.30906062230949305 -0.3820199383429215
v -0.8751188121778101 0.2757504711811535 -0.3976540484087528
v -0.8780501083049647 0.24268708117038695 -0.4124693781829603
v -0.8797961883636218 0.21000216035494146 -0.42644783923370977
v -0.880425781256419 0.17781467703470452 -0.43958205642413106
v -0.8800149802865912 0.14622964608237346 -0.4518744572088735
v -0.8786448994171827 0.11533748742979379 -0.463336168156071
v -0.8763994844559669 0.08521390304096021 -0.47398579554016296
v -0.8733635493296334 0.05592019776360723 -0.4838481602573517
v -0.8696210817839346 0.02750395809218742 -0.4929530468576116
v -0.5850087483405252 0.8108428675723047 0.017280291437762562
v -0.6055327024811289 0.7958204233530959 0.0
v -0.6261245199973067 0.7795188913753609 -0.017843302583059637
v -0.6466939239077052 0.761889103429742 -0.03622102781367421
v -0.6671413036251346 0.7428909283866042 -0.055095821241226264
v -0.6873585714390034 0.7224954604640829 -0.0744211252140515
v -0.7072304565289836 0.700687203587401 -0.09414097984763718
v -0.7266362547516173 0.6774661394955789 -0.11419011830057597
v -0.745452023828924 0.6528495504239531 -0.1344944039006971
v -0.7635531791048054 0.6268734585054259 -0.15497164160062002
v -0.7808174074305257 0.5995935466782457 -0.17553277481790902
v -0.7971277799199148 0.5710854422032208 -0.19608345208991892
v -0.8123759130305915 0.5414442746915028 -0.2165259183827774
v -0.826465006573357 0.5107834645747399 -0.23676115649896284
v -0.8393125809738874 0.4792327516854295 -0.25669117852190265
v -0.8508527468953723 0.44693553150289744 -0.27622134924879
v -0.8610378683054433 0.4140456218229139 -0.2952626159765146
v -0.8698395227337037 0.38072362813548066 -0.3137335233438704
v -0.8772487149656807 0.34713310597161595 -0.33156190798938373
v -0.8832753563567434 0.3134367292527129 -0.34868619360139497
v -0.8879470745271305 0.27979266446740847 -0.365056239159035
v -0.8913074614262478 0.24635132345293775 -0.38063372766858655
v -0.8934138974251714 0.21325262717877422 -0.3953921153600762
v -0.8943351033238337 0.18062386511602072 -0.40931618867728337
v -0.8941485713929096 0.14857818567732084 -0.42240129618273464
v -0.8929380131670707 0.11721370821996034 -0.4346523337640905
v -0.8907909392264183 0.08661321015281787 -0.446082564576491
v -0.88779645863357 0.05684431595379255 -0.456712351246862
v -0.8840433567736745 0.027960098881803615 -0.46656786881958917
v -0.6051593623925604 0.7953297617156287 0.035110058928900956
v -0.6261245199973067 0.7795188913753609 0.017843302583059637
v -0.647118560988119 0.762389380844635 0.0
v -0.668043191614439 0.7438952199842528 -0.01839010120075393
v -0.6887906362459505 0.7240007305881516 -0.03728808828193611
v -0.7092447404034538 0.7026828514306239 -0.056645463325541504
v -0.7292825544867065 0.6799333690808846 -0.07640398766858428
v -0.7487764056407108 0.655760966721564 -0.09649584903081317
v -0.7675964309159192 0.6301929486415454 -0.11684419851929759
v -0.785613505248246 0.6032764938991664 -0.1373640865739407
v -0.8027024564495482 0.5750793020225153 -0.15796380216732472
v -0.8187454212152472 0.5456895184067144 -0.17854658983054106
v -0.8336351666024752 0.5152148671775109 -0.1990126871406027
v -0.8472781857091934 0.48378097217285476 -0.21926159486974695
v -0.859597378259831 0.4515289073613311 -0.23919446713063303
v -0.8705341480560777 0.4186120795817275 -0.2587164932827835
v -0.8800497884878364 0.38519260122826904 -0.2777391397363972
v -0.8881260803396727 0.35143735123598163 -0.29618212906373387
v -0.894765086537747 0.317513944157456 -0.3139750550261502
v -0.8999881887167237 0.28358682688869546 -0.33105856247134313
v -0.9038344632739457 0.24981370160821487 -0.3473850565109274
v -0.906358534193755 0.2163424356166451 -0.3629189414257753
v -0.9076280630509187 0.18330856993842362 -0.3776364221702767
v -0.9077210426165108 0.15083348553919823 -0.3915249269603291
v -0.9067230511853789 0.11902323519748045 -0.4045822264165865
v -0.9047246036371667 0.08796800548207327 -0.4168153327135141
v -0.9018187066942981 0.05774214010187858 -0.4282392619934313
v -0.8980986942210395 0.02840463434698674 -0.438875736611262
v -0.6253286492954697 0.7785280401511081 0.05346186555646973
v -0.6466939239077052 0.761889103429742 0.03622102781367421
v -0.668043191614439 0.7438952199842528 0.01839010120075393
v -0.6892699839446963 0.7245045819267661 0.0
v -0.7102583579163166 0.7036870910162335 -0.018908806073590134
v -0.7308842799408055 0.6814267087715821 -0.038285896987528524
v -0.7510175291529705 0.65772369058662 -0.05807079942693577
v -0.7705241128862675 0.6325965613464364 -0.07819323521568113
v -0.7892691469276807 0.6060836792143222 -0.09857376678448401
v -0.8071201088323374 0.5782442362125881 -0.11912486392603408
v -0.8239503286226542 0.5491585618271756 -0.13975238793855504
v -0.8396425434090717 0.5189276302272153 -0.1603574565909282
v -0.854092316886348 0.487671721469838 -0.180838619532319
v -0.8672111164674979 0.45552824819320126 -0.20109424301364018
v -0.8789288531862556 0.4226488252738595 -0.2210249794283899
v -0.8891957226704116 0.3891957226704115 -0.2405361848863923
v -0.8979832364126437 0.35533789294699597 -0.259540149028745
v -0.9052843952476647 0.32124679789588234 -0.2779580158274129
v -0.9111130234715139 0.287092269101521 -0.295721300353452
v -0.915502344047086 0.25303862453857456 -0.3127729408627245
v -0.9185029255516834 0.21924123019554 -0.3290678634193027
v -0.9201801649653643 0.18584364784679508 -0.3445730728877567
v -0.9206114850391812 0.1529754545687464 -0.3592673153982125
v -0.9198834216871895 0.12075076365446102 -0.37314038052981185
v -0.918088758783995 0.08926742639811033 -0.3861921252158325
v -0.9153238394633767 0.05860685410998017 -0.3984313059504163
v -0.9116861494330584 0.028834371857448447 -0.4098743025996013
v -0.6454250107960766 0.760394159628342 0.07229991315341977
v -0.6671413036251347 0.7428909283866042 0.05509582124122626
v -0.6887906362459505 0.7240007305881516 0.03728808828193611
v -0.7102583579163166 0.7036870910162335 0.018908806073590134
v -0.7314205382620619 0.6819266794959965 0.0
v -0.7521456636150109 0.6587116845189162 -0.019386009991399434
v -0.772296883942043 0.63405199778922 -0.03918656852685111
v -0.7917347841663707 0.607977054237342 -0.05932902377348142
v -0.8103206080572807 0.5805371666074258 -0.07973148904354435
v -0.8279198147302002 0.5518042034469282 -0.10030404496037162
v -0.8444058028747498 0.5218714864742391 -0.12095036865019153
v -0.8596636026731345 0.4908528278639892 -0.14156974117717513
v -0.8735933162895316 0.4588806871199444 -0.1620593493834467
v -0.8861130895537397 0.4261034951828055 -0.18231676805637753
v -0.8971614220271429 0.39268226229119135 -0.20224248739596448
v -0.9066986685227898 0.3587866469510394 -0.22174234252535113
v -0.9147076473226503 0.3245907079099578 -0.2407297079048919
v -0.9211933410130188 0.2902685833037129 -0.25912733939151916
v -0.9261817459413649 0.25599033862624926 -0.27686877760957995
v -0.9297179870805038 0.22191819922622696 -0.2938992639513833
v -0.9318638598289596 0.18820333843397608 -0.310176159862391
v -0.9326949852368779 0.1549833362490901 -0.32566889627209045
v -0.9322977698793404 0.12238036365499713 -0.3403585093246224
v -0.930766348550254 0.09050009132351895 -0.35423683867839306
v -0.9281996615580759 0.05943127427092834 -0.3673054749415084
v -0.9246987839990704 0.029245929216474693 -0.37957454405545377
v -0.6653484319822917 0.7408944876446022 0.09157959508836064
v -0.6873585714390034 0.7224954604640829 0.0744211252140515
v -0.7092447404034538 0.7026828514306239 0.056645463325541504
v -0.7308842799408055 0.6814267087715821 0.038285896987528524
v -0.7521456636150109 0.6587116845189162 0.019386009991399434
v -0.7728905323153185 0.634539380225801 0.0
v -0.7929762998254374 0.6089304202486431 -0.019807352447232557
v -0.8122592798354954 0.581926087251817 -0.039961122317984425
v -0.8305982346951879 0.5535893562708862 -0.0603771243503969
v -0.8478581957971557 0.5240051826428055 -0.08096325328858756
v -0.8639143617644119 0.49327993669357567 -0.10162125561500872
v -0.8786558506936645 0.46153993281541733 -0.12224887099083037
v -0.8919890727412468 0.428929067904108 -0.1427422460840656
v -0.9038405031465426 0.3956056566989291 -0.16299849465444047
v -0.914158673724025 0.36173862024195547 -0.18291826010701567
v -0.9229152593553265 0.3275032391517534 -0.2024081332214689
v -0.9301052080059191 0.29307671802576335 -0.22138278928478863
v -0.9357459389410272 0.2586338165563632 -0.2397667339079066
v -0.939875704299895 0.22434278640739477 -0.2574955818140232
v -0.9425512655474927 0.19036181406774033 -0.2745168329258866
v -0.9438450729098895 0.1568361153616467 -0.2907901498709915
v -0.9438421505934342 0.12389576523119672 -0.3062871759002282
v -0.9426368846945891 0.09165428496921182 -0.3209909588447352
v -0.9403298881871293 0.06020795503867356 -0.3348950634632317
v -0.9370250836969788 0.02963577950578409 -0.3480024613357704
v -0.6849915186122514 0.7200074069312279 0.11124726240879386
v -0.7072304565289836 0.7006872035874011 0.0941409798476372
v -0.7292825544867065 0.6799333690808846 0.07640398766858428
v -0.7510175291529705 0.65772369058662 0.05807079942693577
v -0.772296883942043 0.63405199778922 0.03918656852685111
v -0.7929762998254374 0.6089304202486431 0.019807352447232557
v -0.8129086024997529 0.5823912808257851 0.0
v -0.8319472297451418 0.554488454378879 -0.02015839477503192
v -0.849950068961268 0.5252980313583807 -0.04058150470036092
v -0.8667834842525456 0.4949181552739709 -0.0611752483217424
v -0.8823263125350244 0.4634679512885492 -0.08183969902645828
v -0.8964735862136608 0.4310855272627575 -0.1024713491948283
v -0.9091397415487533 0.39792510208869925 -0.12296561903379395
v -0.9202610992555841 0.3641533902981458 -0.143219473296302
v -0.9297974554742985 0.3299454368493138 -0.16313399552464636
v -0.9377326912292964 0.2954801426390891 -0.18261677115162414
v -0.9440743879116139 0.26093574323711954 -0.2015839477503192
v -0.9488525147087816 0.22648549809891644 -0.21996187051784008
v -0.9521173213394332 0.1922938169206241 -0.23768822936679068
v -0.9539366183325746 0.15851299944730496 -0.2547126954245322
v -0.9543926533514077 0.12528070296888 -0.27099706399236695
v -0.9535787954489681 0.09271818669284791 -0.28651495375719105
v -0.9515962227052303 0.06092932205107835 -0.30125113551243904
v -0.9485507776876348 0.03000030862213449 -0.31520057682491587
v -0.7042409525988711 0.6977253583648625 0.13124025669457828
v -0.7266362547516173 0.6774661394955789 0.11419011830057597
v -0.7487764056407108 0.655760966721564 0.09649584903081317
v -0.7705241128862675 0.6325965613464364 0.07819323521568113
v -0.7917347841663707 0.607977054237342 0.05932902377348142
v -0.8122592798354954 0.581926087251817 0.039961122317984425
v -0.8319472297451418 0.554488454378879 0.02015839477503192
v -0.8506508083520399 0.5257311121191336 0.0
v -0.8682288068267452 0.4957434090947858 -0.020425751767954758
v -0.8845507926055213 0.46463642513581926 -0.041023014735026044
v -0.8995011135911031 0.43254136852331204 -0.061690446297184794
v -0.912982492932299 0.3996070517018511 -0.08232358003196016
v -0.9249189753196432 0.3659965425966487 -0.10281741049530799
v -0.935258027459989 0.3318831608112994 -0.12306904420507811
v -0.9439716598569311 0.2974460454568715 -0.1429802623756833
v -0.9510565162951535 0.2628655560595668 -0.16245984811645314
v -0.9565329610412219 0.22831877533247957 -0.18142555297528729
v -0.9604432707621335 0.19397536241727237 -0.19980561158992216
v -0.9628490991527271 0.1599939616414058 -0.21753975383609853
v -0.9638284211006921 0.12651931226928728 -0.2345797056470434
v -0.9634721777482668 0.09368013810308058 -0.25088920748011423
v -0.9618808357153752 0.06158783086323443 -0.2664436093680106
v -0.9591610476344749 0.030335885146298366 -0.281229121488382
v -0.72297936789934 0.6740567073317085 0.15148725653666772
v -0.745452023828924 0.6528495504239531 0.1344944039006971
v -0.7675964309159192 0.6301929486415454 0.11684419851929759
v -0.7892691469276807 0.6060836792143222 0.09857376678448401
v -0.8103206080572807 0.5805371666074258 0.07973148904354435
v -0.830598234695188 0.5535893562708862 0.0603771243503969
v -0.849950068961268 0.5252980313583807 0.04058150470036092
v -0.8682288068267452 0.4957434090947858 0.020425751767954758
v -0.8852960331959687 0.46502788476335705 0.0
v -0.901026425250014 0.4332748422037791 -0.020598352227090992
v -0.915311665591641 0.4006265168356401 -0.041266800699817925
v -0.9280638083113687 0.36724097376600345 -0.061900201049726884
v -0.9392178706157669 0.33328834015675324 -0.08239340890836397
v -0.9487334782899449 0.2989464973478724 -0.10264394232150857
v -0.9565954686952953 0.26439648485055245 -0.12255451060772854
v -0.962813440448733 0.22981788871929154 -0.14203526645126321
v -0.9674203229974434 0.1953844786838422 -0.16100566493439175
v -0.970470111215569 0.16126032405761828 -0.1793958503479748
v -0.9720349617434304 0.12759656404512046 -0.19714753356896803
v -0.9722018747898896 0.09452894229623181 -0.21421436395204557
v -0.9710691874344178 0.06217614765942411 -0.2305618352583379
v -0.9687430855799453 0.030638941242350382 -0.24616679187208504
v -0.74108761980051 0.6490273068499354 0.17190897225431467
v -0.7635531791048055 0.6268734585054259 0.15497164160062002
v -0.785613505248246 0.6032764938991664 0.1373640865739407
v -0.8071201088323375 0.5782442362125881 0.11912486392603408
v -0.8279198147302002 0.5518042034469282 0.10030404496037162
v -0.8478581957971557 0.5240051826428055 0.08096325328858756
v -0.8667834842525456 0.4949181552739708 0.06117524832174239
v -0.8845507926055213 0.46463642513581926 0.041023014735026044
v -0.901026425250014 0.4332748422037791 0.020598352227090992
v -0.9160920268893069 0.400968076372473 0.0
v -0.9296483021157386 0.36786796842136205 -0.02066862798697952
v -0.9416180563510772 0.3341400636437275 -0.041301983266975324
v -0.9519483524043513 0.2999595061410779 -0.06179505668127298
v -0.960611644887223 0.26550652864903956 -0.08204602947005209
v -0.9676058382073501 0.23096180579451966 -0.10195874720290397
v -0.9729533017274403 0.19650194349105207 -0.12144487993288135
v -0.9766989563172576 0.16229535395497888 -0.14042566294452025
v -0.97890761005916 0.12849871915835295 -0.1588331519013788
v -0.9796607608740254 0.09525418324723679 -0.17661096845220947
v -0.9790530981582937 0.06268734585054257 -0.19371455200077498
v -0.9771889260765745 0.030906062230949306 -0.2101109660886068
v -0.7584473873343167 0.6226816282136217 0.19241920520307185
v -0.7808174074305257 0.5995935466782457 0.17553277481790902
v -0.8027024564495482 0.5750793020225153 0.15796380216732472
v -0.8239503286226542 0.5491585618271756 0.13975238793855504
v -0.8444058028747498 0.5218714864742391 0.12095036865019153
v -0.8639143617644118 0.49327993669357567 0.10162125561500872
v -0.8823263125350244 0.4634679512885492 0.08183969902645828
v -0.8995011135911031 0.43254136852331204 0.061690446297184794
v -0.915311665591641 0.4006265168356401 0.041266800699817925
v -0.9296483021157386 0.36786796842136205 0.02066862798697952
v -0.9424222167125194 0.3344254258376018 0.0
v -0.9535680937508242 0.3004698876267301 -0.020633400349908963
v -0.9630457679124536 0.2661793037066536 -0.04112696419812319
v -0.970840814882997 0.23173397564427461 -0.06137977426984372
v -0.9769640636735416 0.19731197467743025 -0.08129700449200697
v -0.981450107300438 0.16308483952319971 -0.1007919738751596
v -0.9843549621676316 0.1292137792534531 -0.11978776109019003
v -0.9857530790712438 0.0958465503370859 -0.13821832689640914
v -0.9857339359427303 0.06311511017665744 -0.15602913317147468
v -0.9843984442514208 0.031134081410681084 -0.17317728468276464
v -0.7749440143527866 0.59508333910218 0.21292626456543118
v -0.7971277799199148 0.5710854422032208 0.19608345208991892
v -0.8187454212152472 0.5456895184067144 0.17854658983054106
v -0.8396425434090717 0.5189276302272153 0.1603574565909282
v -0.8596636026731345 0.4908528278639892 0.14156974117717513
v -0.8786558506936645 0.46153993281541733 0.12224887099083037
v -0.8964735862136608 0.4310855272627575 0.1024713491948283
v -0.912982492932299 0.3996070517018511 0.08232358003196016
v -0.9280638083113687 0.36724097376600345 0.061900201049726884
v -0.9416180563510772 0.3341400636437275 0.041301983266975324
v -0.9535680937508242 0.3004698876267301 0.020633400349908963
v -0.9638612634676226 0.26640470113456743 0.0
v -0.9724705182242164 0.2321229762184079 -0.02049426983896566
v -0.979394460505177 0.1978028283494646 -0.04074962366361013
v -0.9846563338531626 0.16361760928799637 -0.06067274621878934
v -0.988302081193091 0.12973190755680383 -0.0801787282954641
v -0.9903976495784972 0.09629815030706726 -0.09919254990585614
v -0.9910257607566852 0.06345393802258009 -0.11765007125395135
v -0.9902823811511319 0.03132017574222 -0.13549853199618345
v -0.7904694635995504 0.566315231434094 0.23333470758202193
v -0.8123759130305916 0.5414442746915028 0.21652591838277738
v -0.8336351666024752 0.5152148671775109 0.1990126871406027
v -0.854092316886348 0.487671721469838 0.180838619532319
v -0.8735933162895316 0.4588806871199444 0.1620593493834467
v -0.8919890727412468 0.428929067904108 0.1427422460840656
v -0.9091397415487533 0.39792510208869925 0.12296561903379395
v -0.9249189753196432 0.3659965425966487 0.10281741049530799
v -0.9392178706157669 0.33328834015675324 0.08239340890836397
v -0.9519483524043513 0.29995950614107786 0.06179505668127297
v -0.9630457679124536 0.2661793037066536 0.04112696419812319
v -0.9724705182242164 0.2321229762184079 0.02049426983896566
v -0.9802086324517009 0.19796726210958834 0.0
v -0.986271275667404 0.16388595968569442 -0.020257418672930835
v -0.9906932665358393 0.1300457923919568 -0.04018635989607089
v -0.9935307529014192 0.0966027875957833 -0.05970380614218081
v -0.9948582453112854 0.06369932643429446 -0.07873669759373723
v -0.9947652353238858 0.031461957301894106 -0.09722279482584247
v -0.8049252343143145 0.5364784365015882 0.25354734140364643
v -0.826465006573357 0.5107834645747399 0.23676115649896284
v -0.8472781857091934 0.48378097217285476 0.21926159486974695
v -0.8672111164674978 0.45552824819320126 0.20109424301364018
v -0.8861130895537397 0.4261034951828055 0.18231676805637753
v -0.9038405031465426 0.39560565669892916 0.1629984946544405
v -0.920261099255584 0.3641533902981458 0.143219473296302
v -0.935258027459989 0.3318831608112994 0.12306904420507811
v -0.9487334782899449 0.29894649734787243 0.10264394232150859
v -0.960611644887223 0.26550652864903956 0.08204602947005209
v -0.970840814882997 0.2317339756442746 0.061379774269843715
v -0.979394460505177 0.1978028283494646 0.04074962366361013
v -0.986271275667404 0.16388595968569442 0.020257418672930835
v -0.9914941935918586 0.13015092805520037 0.0
v -0.9951084963168442 0.09675619443457097 -0.019932872260886088
v -0.9971791888274644 0.06384793307184249 -0.039460192749827136
v -0.9977878493846246 0.03155755508832872 -0.058510924939303016
v -0.81822508158865 0.5056909108694415 0.2734673993793074
v -0.8393125809738873 0.47923275168542956 0.2566911785219027
v -0.859597378259831 0.4515289073613311 0.23919446713063303
v -0.8789288531862556 0.4226488252738595 0.2210249794283899
v -0.8971614220271429 0.39268226229119135 0.20224248739596448
v -0.914158673724025 0.36173862024195547 0.18291826010701567
v -0.9297974554742985 0.3299454368493138 0.16313399552464636
v -0.9439716598569311 0.2974460454568715 0.1429802623756833
v -0.9565954686952953 0.26439648485055245 0.12255451060772854
v -0.9676058382073502 0.23096180579451972 0.101958747202904
v -0.9769640636735416 0.19731197467743025 0.08129700449200697
v -0.9846563338531626 0.16361760928799637 0.06067274621878934
v -0.9906932665358393 0.1300457923919568 0.04018635989607089
v -0.9951084963168442 0.09675619443457097 0.019932872260886088
v -0.9979564539126902 0.06389770022472392 0.0
v -0.9993095254794934 0.03160568192934009 -0.01953338566995053
v -0.8302973778480396 0.47408522894010147 0.293000785049258
v -0.8508527468953723 0.44693553150289744 0.27622134924879
v -0.8705341480560777 0.4186120795817275 0.2587164932827835
v -0.8891957226704116 0.3891957226704115 0.2405361848863923
v -0.9066986685227898 0.3587866469510394 0.22174234252535113
v -0.9229152593553265 0.3275032391517534 0.2024081332214689
v -0.9377326912292964 0.2954801426390891 0.18261677115162414
v -0.9510565162951535 0.2628655560595668 0.16245984811645314
v -0.962813440448733 0.22981788871929154 0.14203526645126321
v -0.9729533017274403 0.19650194349105207 0.12144487993288135
v -0.981450107300438 0.16308483952319971 0.1007919738751596
v -0.988302081193091 0.12973190755680383 0.0801787282954641
v -0.9935307529014192 0.0966027875957833 0.05970380614218081
v -0.9971791888274644 0.06384793307184249 0.039460192749827136
v -0.9993095254794934 0.03160568192934009 0.01953338566995053
v -0.8410869746399976 0.44180577123660203 0.31205826634294936
v -0.8610378683054433 0.4140456218229139 0.2952626159765146
v -0.8800497884878364 0.38519260122826904 0.2777391397363972
v -0.8979832364126437 0.35533789294699597 0.259540149028745
v -0.9147076473226503 0.3245907079099578 0.2407297079048919
v -0.9301052080059192 0.29307671802576335 0.22138278928478863
v -0.9440743879116139 0.26093574323711954 0.2015839477503192
v -0.9565329610412219 0.22831877533247957 0.18142555297528729
v -0.9674203229974434 0.1953844786838422 0.16100566493439175
v -0.9766989563172576 0.16229535395497888 0.14042566294452025
v -0.9843549621676316 0.1292137792534531 0.11978776109019003
v -0.9903976495784972 0.09629815030706726 0.09919254990585614
v -0.9948582453112854 0.06369932643429446 0.07873669759373723
v -0.9977878493846246 0.03155755508832872 0.05851092493930301
v -0.8505564552831786 0.4090054449246234 0.3305575024078644
v -0.8698395227337037 0.3807236281354806 0.31373352334387034
v -0.8881260803396727 0.35143735123598163 0.29618212906373387
v -0.9052843952476647 0.32124679789588234 0.27795801582741286
v -0.9211933410130188 0.2902685833037129 0.25912733939151916
v -0.9357459389410272 0.2586338165563632 0.2397667339079066
v -0.9488525147087816 0.2264854980989164 0.21996187051784005
v -0.9604432707621335 0.19397536241727237 0.19980561158992216
v -0.970470111215569 0.16126032405761825 0.17939585034797478
v -0.9789076100591599 0.12849871915835293 0.15883315190137878
v -0.9857530790712438 0.0958465503370859 0.13821832689640914
v -0.9910257607566852 0.06345393802258009 0.11765007125395135
v -0.9947652353238858 0.03146195730189411 0.09722279482584248
v -0.8586867125521431 0.37584210890664 0.3484247965616146
v -0.8772487149656807 0.34713310597161595 0.33156190798938373
v -0.894765086537747 0.317513944157456 0.3139750550261502
v -0.9111130234715139 0.287092269101521 0.295721300353452
v -0.9261817459413649 0.25599033862624926 0.27686877760957995
v -0.939875704299895 0.2243427864073948 0.2574955818140232
v -0.9521173213394332 0.1922938169206241 0.23768822936679068
v -0.9628490991527271 0.1599939616414058 0.21753975383609853
v -0.9720349617434304 0.12759656404512046 0.19714753356896803
v -0.9796607608740254 0.09525418324723679 0.17661096845220947
v -0.9857339359427303 0.06311511017665744 0.15602913317147468
v -0.9902823811511319 0.03132017574222 0.13549853199618345
v -0.8654768353476817 0.34247489551749194 0.3655964898858365
v -0.8832753563567434 0.3134367292527129 0.34868619360139497
v -0.8999881887167237 0.28358682688869546 0.33105856247134313
v -0.915502344047086 0.25303862453857456 0.3127729408627245
v -0.9297179870805038 0.22191819922622696 0.2938992639513833
v -0.9425512655474927 0.19036181406774033 0.2745168329258866
v -0.9539366183325746 0.15851299944730496 0.2547126954245322
v -0.9638284211006921 0.12651931226928728 0.2345797056470434
v -0.9722018747898896 0.09452894229623181 0.21421436395204557
v -0.9790530981582937 0.06268734585054257 0.19371455200077498
v -0.9843984442514208 0.031134081410681084 0.17317728468276464
v -0.8709433382523455 0.30906062230949305 0.3820199383429214
v -0.8879470745271306 0.27979266446740847 0.365056239159035
v -0.9038344632739457 0.24981370160821487 0.3473850565109274
v -0.9185029255516834 0.21924123019554 0.3290678634193027
v -0.9318638598289596 0.18820333843397608 0.310176159862391
v -0.9438450729098895 0.1568361153616467 0.2907901498709915
v -0.9543926533514077 0.12528070296888 0.27099706399236695
v -0.9634721777482668 0.09368013810308058 0.25088920748011423
v -0.9710691874344178 0.06217614765942411 0.2305618352583379
v -0.9771889260765745 0.030906062230949303 0.21011096608860677
v -0.8751188121778101 0.2757504711811535 0.3976540484087528
v -0.8913074614262478 0.24635132345293775 0.38063372766858655
v -0.9063585341937551 0.21634243561664515 0.3629189414257754
v -0.9201801649653644 0.18584364784679513 0.3445730728877568
v -0.9326949852368779 0.1549833362490901 0.32566889627209045
v -0.9438421505934342 0.12389576523119673 0.3062871759002282
v -0.9535787954489681 0.09271818669284793 0.2865149537571911
v -0.9618808357153752 0.06158783086323443 0.2664436093680106
v -0.9687430855799453 0.030638941242350382 0.24616679187208504
v -0.8780501083049647 0.24268708117038695 0.4124693781829603
v -0.8934138974251714 0.21325262717877425 0.39539211536007624
v -0.9076280630509187 0.18330856993842365 0.37763642217027676
v -0.9206114850391812 0.1529754545687464 0.3592673153982125
v -0.9322977698793404 0.12238036365499713 0.3403585093246224
v -0.9426368846945891 0.09165428496921182 0.3209909588447352
v -0.9515962227052303 0.06092932205107835 0.30125113551243904
v -0.9591610476344749 0.030335885146298366 0.281229121488382
v -0.8797961883636218 0.21000216035494146 0.42644783923370977
v -0.8943351033238337 0.18062386511602072 0.40931618867728337
v -0.9077210426165108 0.15083348553919823 0.3915249269603291
v -0.9198834216871895 0.12075076365446102 0.37314038052981185
v -0.930766348550254 0.09050009132351895 0.35423683867839306
v -0.9403298881871293 0.06020795503867356 0.3348950634632317
v -0.9485507776876348 0.03000030862213449 0.31520057682491587
v -0.880425781256419 0.17781467703470452 0.43958205642413106
v -0.8941485713929096 0.14857818567732084 0.42240129618273464
v -0.9067230511853789 0.11902323519748045 0.4045822264165865
v -0.918088758783995 0.08926742639811033 0.3861921252158325
v -0.928199661558076 0.059431274270928335 0.3673054749415084
v -0.9370250836969788 0.029635779505784086 0.34800246133577034
v -0.8800149802865913 0.14622964608237346 0.4518744572088735
v -0.8929380131670707 0.11721370821996033 0.43465233376409046
v -0.9047246036371667 0.08796800548207327 0.4168153327135141
v -0.9153238394633767 0.058606854109980164 0.39843130595041626
v -0.9246987839990704 0.02924592921647469 0.3795745440554537
v -0.8786448994171827 0.11533748742979379 0.463336168156071
v -0.8907909392264183 0.08661321015281787 0.446082564576491
v -0.9018187066942981 0.05774214010187858 0.4282392619934313
v -0.9116861494330584 0.028834371857448447 0.4098743025996013
v -0.8763994844559669 0.08521390304096021 0.47398579554016296
v -0.88779645863357 0.05684431595379255 0.456712351246862
v -0.8980986942210395 0.02840463434698674 0.438875736611262
v -0.8733635493296334 0.055920197763607224 0.48384816025735167
v -0.8840433567736745 0.027960098881803612 0.4665678688195891
v -0.8696210817839346 0.02750395809218742 0.4929530468576116
v 0.5374553858759236 0.8421171236917472 0.04450233901831196
v 0.5290885505769178 0.8454034504478299 0.07320048920136979
v 0.5199454593516001 0.8479948501089801 0.1027689325054107
v 0.509991161865676 0.8498105275597344 0.13315810928195035
v 0.4991953647137031 0.8507690510701167 0.1643046243707284
v 0.4875337549475872 0.8507900017506349 0.19613059605237665
v 0.47498935825730987 0.8497958797414874 0.2285433707564071
v 0.4615538714284841 0.8477142231586663 0.2614356892696124
v 0.44722889671818655 0.8444798709354596 0.2946863782482369
v 0.4320269974910168 0.8400372760213961 0.32816161922663917
v 0.4159724918168248 0.8343427539370007 0.3617168160377992
v 0.39910190544614654 0.8273665368099231 0.39519904204895195
v 0.381464018674927 0.8190944979812843 0.4284500038897919
v 0.3631194630777124 0.8095294195516689 0.4613094128830364
v 0.34413985264854857 0.7986916959186995 0.49361861461005196
v 0.324606466978598 0.7866193996593099 0.5252242965393921
v 0.30460853813840943 0.7733676792259858 0.5559820781480225
v 0.28424122384908457 0.7590075062976563 0.5857597903992625
v 0.2636033734499631 0.7436238386105666 0.6144402722444919
v 0.2427952071340601 0.7273133059236357 0.641923548733929
v 0.22191603140241004 0.7101815575695606 0.6681283037670814
v 0.20106210484610157 0.6923404266569897 0.692992614398792
v 0.1803247499401021 0.6739050674525727 0.716473966464088
v 0.159788781432394 0.654991209990117 0.7385486173326935
v 0.13953129361181685 0.6357126524765078 0.7592104066622744
v 0.1196208206582494 0.6161790815796019 0.7784691379166969
v 0.10011685926607475 0.5964942774380213 0.7963486620032646
v 0.08106972274033818 0.5767547280455737 0.8128847911800792
v 0.06252068175732874 0.5570486494587215 0.8281231590100674
v 0.04450233901831196 0.5374553858759236 0.8421171236917472
v 0.5570486494587215 0.8281231590100674 0.06252068175732874
v 0.5486883865273363 0.8309521426797776 0.09197603528047425
v 0.5395113098444888 0.8330487991245398 0.12229981531893715
v 0.5294802156877448 0.8343311590570904 0.15343473603363453
v 0.5185631179478138 0.8347172971219813 0.18530873317147167
v 0.5067347063229826 0.8341271482851601 0.21783442772304645
v 0.49397782935020945 0.8324845753740931 0.2509090191178291
v 0.4802849312986796 0.8297196305630133 0.28441469621979637
v 0.4656593593615154 0.8257709268677065 0.31821963701046474
v 0.4501164498520926 0.8205880105062009 0.3521796396528679
v 0.43368430145890985 0.8141336047890234 0.38614038926448463
v 0.41640415178443424 0.8063855847111235 0.41994031855346436
v 0.3983302912076777 0.7973385418711488 0.45341397061978256
v 0.3795294750704596 0.7870048138235298 0.48639572425272454
v 0.36007982928845783 0.7754148807491634 0.5187237022272607
v 0.34006928232063244 0.7626170735015146 0.550243657324567
v 0.3195935936139404 0.7486765865962971 0.5808126234883714
v 0.29875408053048286 0.7336738418973348 0.6103021326212047
v 0.27765516828743514 0.7177022972538684 0.6386008299711143
v 0.2564018978513176 0.7008658332542629 0.6656163689055808
v 0.23509752410317752 0.6832758761694998 0.6912765229670094
v 0.21384132193066907 0.665048423888383 0.7155295122624376
v 0.1927266938377704 0.6463011344779054 0.738343595526456
v 0.17183964285975084 0.6271506164003298 0.7597060230711086
v 0.15125764300630543 0.6077100293542063 0.779621475880755
v 0.13104890973732858 0.588087069797725 0.7981101312434162
v 0.1112720478510575 0.5683823798954282 0.8152054965414801
v 0.09197603528047425 0.5486883865273363 0.8309521426797776
v 0.07320048920136979 0.5290885505769178 0.8454034504478299
v 0.5767547280455737 0.8128847911800792 0.08106972274033818
v 0.5683823798954282 0.8152054965414801 0.1112720478510575
v 0.5591505555060458 0.8167565981550934 0.14233522279253163
v 0.5490199564169586 0.8174556247872685 0.17419353879974223
v 0.5379571507067523 0.8172209512929919 0.2067656179621024
v 0.52593617046503 0.8159737780817069 0.2399540332639651
v 0.5129401188700615 0.8136403475009072 0.2736454263680833
v 0.4989627040324959 0.810154325170865 0.3077112110267028
v 0.48400960402722376 0.8054592464204918 0.3420089261483442
v 0.46809956109079015 0.7995109032905102 0.3763842669748591
v 0.4512651052135666 0.7922795300025869 0.4106737770487285
v 0.4335528199869782 0.7837516381807692 0.4447081311717827
v 0.41502308702074764 0.7739313604602943 0.4783158857239084
v 0.3957492783478623 0.76284118382526 0.5113275241439893
v 0.3758164060869762 0.7505219912746225 0.5435795889555131
v 0.35531928087856685 0.7370323790066918 0.5749186733196917
v 0.33436027008112207 0.72244727090818 0.6052050483502281
v 0.31304677831715744 0.7068559061124624 0.6343157278352621
v 0.2914885926385807 0.6903593220010092 0.6621468167165695
v 0.2697952400751782 0.6730674886196873 0.6886150479011942
v 0.24807349655238164 0.6550962675376302 0.713658476140052
v 0.2264251651128704 0.6365643677938587 0.7372363598323229
v 0.2049452116202948 0.6175904554342418 0.7593283147561654
v 0.18372031202835923 0.5982905449224315 0.7799328630110558
v 0.16282783120112607 0.5787757652163287 0.7990655235865146
v 0.14233522279253166 0.5591505555060459 0.8167565981550935
v 0.12229981531893715 0.5395113098444888 0.8330487991245398
v 0.1027689325054107 0.5199454593516001 0.8479948501089801
v 0.5964942774380213 0.7963486620032646 0.10011685926607475
v 0.588087069797725 0.7981101312434162 0.13104890973732858
v 0.5787757652163287 0.7990655235865146 0.16282783120112607
v 0.5685192202902353 0.7991326580327285 0.1953788397604234
v 0.5572829033475702 0.7982311213841842 0.22861067886310696
v 0.5450406320940104 0.7962843997341675 0.2624154418218521
v 0.5317762989574304 0.7932222225828035 0.2966689627647877
v 0.5174854883476929 0.7889830317777987 0.33123185975425573
v 0.5021768778261597 0.7835164594263934 0.3659512825291082
v 0.4858733109364552 0.7767856760893116 0.4006633738465717
v 0.4686124356756582 0.7687694571591907 0.43519640034045604
v 0.45044682073866027 0.7594638151136077 0.46937445096587566
v 0.43144349161248846 0.7488830607942988 0.5030215450660013
v 0.4116828682742966 0.7370601884122976 0.5359659453986574
v 0.39125713171641757 0.7240465244943912 0.5680444412619797
v 0.37026809244319614 0.709910635852268 0.5991063585226795
v 0.3488246745854681 0.6947365493692012 0.6290170692206356
v 0.32704015903507644 0.6786213896739846 0.6576608121632775
v 0.3050293442571917 0.6616725828825603 0.6849426926419094
v 0.28290578270064953 0.6440048006169802 0.7107897965621176
v 0.2607792349650635 0.6257368261840904 0.7351514231558677
v 0.23875345619378233 0.6069885147096089 0.7579985027466392
v 0.2169243940229478 0.5878779942613195 0.779322315310594
v 0.1953788397604234 0.5685192202902353 0.7991326580327285
v 0.17419353879974223 0.5490199564169586 0.8174556247872685
v 0.15343473603363453 0.5294802156877448 0.8343311590570904
v 0.13315810928195035 0.509991161865676 0.8498105275597344
v 0.6161790815796019 0.7784691379166969 0.1196208206582494
v 0.6077100293542063 0.779621475880755 0.15125764300630543
v 0.5982905449224315 0.7799328630110558 0.18372031202835923
v 0.5878779942613195 0.779322315310594 0.2169243940229478
v 0.5764372020129719 0.7777116489877878 0.25076830574088144
v 0.5639423251810348 0.7750277444673128 0.28513338839097324
v 0.5503786847158161 0.7712049876331988 0.31988462054335476
v 0.5357444455401215 0.7661877842999592 0.354872044915385
v 0.5200520247535678 0.7599330169554005 0.3899329446081433
v 0.5033291068202423 0.7524122933676713 0.42489475287032935
v 0.4856191559237104 0.7436138289995902 0.459578620826199
v 0.4669813403819431 0.7335438127391466 0.49380350598917355
v 0.44748982110672614 0.7222271298680454 0.5273905885474597
v 0.4272324024337953 0.7097073566038372 0.5601677804845986
v 0.40630859416315374 0.6960459933851381 0.5919740715619715
v 0.3848271820485508 0.6813209633515501 0.6226634603493987
v 0.3629034438757221 0.6656244607752212 0.6521082484072999
v 0.34065617440559304 0.6490602839996624 0.6802015279118562
v 0.3182046917040229 0.6317408225249649 0.7068587605264778
v 0.29566598929128385 0.6137838844947381 0.7320184191063477
v 0.2731521753100433 0.5953095482533642 0.7556417344759133
v 0.25076830574088144 0.5764372020129719 0.7777116489877878
v 0.22861067886310696 0.5572829033475702 0.7982311213841842
v 0.2067656179621024 0.5379571507067523 0.8172209512929919
v 0.18530873317147167 0.5185631179478138 0.8347172971219813
v 0.16430462437072837 0.49919536471370307 0.8507690510701166
v 0.6357126524765078 0.7592104066622744 0.13953129361181685
v 0.6271506164003298 0.7597060230711085 0.1718396428597508
v 0.617590455434242 0.7593283147561655 0.20494521162029483
v 0.6069885147096088 0.757998502746639 0.23875345619378227
v 0.5953095482533642 0.7556417344759133 0.2731521753100433
v 0.5825287182475782 0.7521894514797524 0.30801188532169166
v 0.5686335134180427 0.7475818873792709 0.34318690109079014
v 0.5536254632791322 0.7417705765237548 0.3785171835103165
v 0.5375215166694247 0.734720729322077 0.4138309667265571
v 0.5203549566454023 0.7264133158642744 0.4489481190846347
v 0.5021757415224564 0.7168466990465948 0.48368412697996593
v 0.4830501939947354 0.7060376747970781 0.5178545276897595
v 0.4630600048371387 0.6940218106316585 0.5512795645475929
v 0.4423005703311253 0.6808530223442 0.5837888038062478
v 0.4208787370304494 0.6666023870869816 0.6152254434315861
v 0.39891007671252093 0.6513562523061036 0.6454500625756868
v 0.37651585173503294 0.6352137560113458 0.6743436049716801
v 0.3538198516892101 0.6182839174182231 0.7018094542057703
v 0.330945284051252 0.6006824829048134 0.7277745349320384
v 0.30801188532169166 0.5825287182475782 0.7521894514797524
v 0.28513338839097324 0.5639423251810348 0.7750277444673128
v 0.2624154418218521 0.5450406320940104 0.7962843997341675
v 0.2399540332639651 0.52593617046503 0.8159737780817069
v 0.21783442772304645 0.5067347063229826 0.8341271482851601
v 0.19613059605237665 0.4875337549475872 0.8507900017506349
v 0.654991209990117 0.7385486173326935 0.159788781432394
v 0.6463011344779054 0.738343595526456 0.1927266938377704
v 0.6365643677938587 0.7372363598323229 0.2264251651128704
v 0.6257368261840904 0.7351514231558677 0.2607792349650635
v 0.6137838844947381 0.7320184191063477 0.29566598929128385
v 0.6006824829048134 0.7277745349320384 0.330945284051252
v 0.5864231044008367 0.7223670166098651 0.36646123388299656
v 0.5710114865080222 0.7157556125791343 0.402044506662343
v 0.554469926322179 0.7079148025100048 0.4375154090903523
v 0.5368380474032317 0.6988356496797788 0.4726876829333795
v 0.5181729222368786 0.6885271236113095 0.5073728635944478
v 0.4985484841249615 0.6770167653303454 0.5413849909614589
v 0.47805421428599587 0.6643506099952529 0.5745454161355171
v 0.45679314796703496 0.6505923368907499 0.6066874245848513
v 0.4348793002003278 0.6358216784580258 0.6376604013580365
v 0.4124346598709157 0.6201321802419765 0.6673332978096439
v 0.389585933532735 0.6036284544126622 0.6955972178041024
v 0.36646123388299656 0.5864231044008367 0.7223670166098651
v 0.34318690109079014 0.5686335134180427 0.7475818873792709
v 0.31988462054335476 0.5503786847158161 0.7712049876331988
v 0.2966689627647877 0.5317762989574304 0.7932222225828035
v 0.2736454263680833 0.5129401188700615 0.8136403475009072
v 0.2509090191178291 0.49397782935020945 0.8324845753740931
v 0.2285433707564071 0.47498935825730987 0.8497958797414874
v 0.6739050674525727 0.716473966464088 0.1803247499401021
v 0.665048423888383 0.7155295122624376 0.21384132193066907
v 0.6550962675376302 0.713658476140052 0.24807349655238164
v 0.6440048006169802 0.7107897965621176 0.28290578270064953
v 0.6317408225249649 0.7068587605264778 0.3182046917040229
v 0.6182839174182231 0.7018094542057703 0.3538198516892101
v 0.6036284544126622 0.6955972178041024 0.389585933532735
v 0.5877852522924731 0.6881909602355868 0.42532540417601994
v 0.5707827613698738 0.6795751750063787 0.4608520596005095
v 0.5526676317942218 0.6697514988109495 0.49597521975140363
v 0.5335045709944544 0.6587396716129896 0.5305043993891415
v 0.5133754412304479 0.6465777917977316 0.5642542117657714
v 0.49237760679633114 0.6333218098844494 0.5970492253158048
v 0.4706216023241698 0.6190442639564818 0.6287284840759234
v 0.44822825076214523 0.6038323219761927 0.6591494232384238
v 0.42532540417601994 0.5877852522924731 0.6881909602355868
v 0.402044506662343 0.5710114865080222 0.7157556125791343
v 0.3785171835103165 0.5536254632791322 0.7417705765237548
v 0.354872044915385 0.5357444455401215 0.7661877842999592
v 0.33123185975425573 0.5174854883476929 0.7889830317777987
v 0.3077112110267028 0.4989627040324959 0.810154325170865
v 0.2844146962197964 0.48028493129867966 0.8297196305630135
v 0.2614356892696124 0.4615538714284841 0.8477142231586663
v 0.6923404266569897 0.692992614398792 0.20106210484610157
v 0.6832758761694998 0.6912765229670094 0.23509752410317752
v 0.6730674886196873 0.6886150479011942 0.2697952400751782
v 0.6616725828825603 0.6849426926419094 0.3050293442571917
v 0.6490602839996624 0.6802015279118562 0.34065617440559304
v 0.6352137560113458 0.6743436049716801 0.37651585173503294
v 0.6201321802419765 0.6673332978096439 0.4124346598709157
v 0.6038323219761927 0.6591494232384238 0.44822825076214523
v 0.5863495358480963 0.6497869809420724 0.48370559352658776
v 0.5677380850932607 0.639258364474689 0.5186735102005721
v 0.5480706918256376 0.6275939206846387 0.5529415769151841
v 0.5274372914757286 0.614841777964911 0.5863271199848208
v 0.5059430284119877 0.6010669191089361 0.618660012247598
v 0.48370559352658776 0.5863495358480963 0.6497869809420724
v 0.4608520596005095 0.5707827613698738 0.6795751750063787
v 0.4375154090903523 0.554469926322179 0.7079148025100048
v 0.4138309667265571 0.5375215166694247 0.734720729322077
v 0.3899329446081433 0.5200520247535678 0.7599330169554005
v 0.3659512825291082 0.5021768778261597 0.7835164594263934
v 0.3420089261483442 0.48400960402722376 0.8054592464204918
v 0.31821963701046474 0.4656593593615154 0.8257709268677065
v 0.2946863782482369 0.44722889671818655 0.8444798709354596
v 0.7101815575695606 0.6681283037670814 0.22191603140241004
v 0.7008658332542629 0.6656163689055808 0.2564018978513176
v 0.6903593220010092 0.6621468167165695 0.2914885926385807
v 0.6786213896739846 0.6576608121632775 0.32704015903507644
v 0.6656244607752212 0.6521082484072999 0.3629034438757221
v 0.6513562523061036 0.6454500625756868 0.39891007671252093
v 0.6358216784580258 0.6376604013580365 0.4348793002003278
v 0.6190442639564818 0.6287284840759234 0.4706216023241698
v 0.6010669191089362 0.618660012247598 0.5059430284119878
v 0.5819519632455794 0.6074779927073496 0.5406499799786041
v 0.5617803336943765 0.5952228762781367 0.5745542482911573
v 0.5406499799786041 0.5819519632455794 0.6074779927073496
v 0.5186735102005721 0.5677380850932607 0.639258364474689
v 0.4959752197514036 0.5526676317942217 0.6697514988109494
v 0.4726876829333795 0.5368380474032317 0.6988356496797788
v 0.4489481190846347 0.5203549566454023 0.7264133158642744
v 0.42489475287032935 0.5033291068202423 0.7524122933676713
v 0.4006633738465717 0.4858733109364552 0.7767856760893116
v 0.3763842669748591 0.46809956109079015 0.7995109032905102
v 0.3521796396528679 0.4501164498520926 0.8205880105062009
v 0.32816161922663917 0.4320269974910168 0.8400372760213961
v 0.7273133059236357 0.641923548733929 0.2427952071340601
v 0.7177022972538684 0.6386008299711143 0.27765516828743514
v 0.7068559061124624 0.6343157278352621 0.31304677831715744
v 0.6947365493692012 0.6290170692206356 0.3488246745854681
v 0.6813209633515501 0.6226634603493987 0.3848271820485508
v 0.6666023870869816 0.6152254434315861 0.4208787370304494
v 0.6505923368907498 0.6066874245848511 0.4567931479670349
v 0.6333218098844494 0.5970492253158048 0.49237760679633114
v 0.614841777964911 0.5863271199848208 0.5274372914757286
v 0.5952228762781367 0.5745542482911573 0.5617803336943765
v 0.5745542482911573 0.5617803336943765 0.5952228762781367
v 0.5529415769151841 0.5480706918256376 0.6275939206846387
v 0.5305043993891415 0.5335045709944544 0.6587396716129896
v 0.5073728635944478 0.5181729222368786 0.6885271236113095
v 0.48368412697996593 0.5021757415224564 0.7168466990465948
v 0.459578620826199 0.4856191559237104 0.7436138289995902
v 0.43519640034045604 0.4686124356756582 0.7687694571591907
v 0.4106737770487285 0.4512651052135666 0.7922795300025869
v 0.38614038926448463 0.43368430145890985 0.8141336047890234
v 0.3617168160377992 0.4159724918168248 0.8343427539370007
v 0.7436238386105666 0.6144402722444919 0.2636033734499631
v 0.7336738418973348 0.6103021326212047 0.29875408053048286
v 0.72244727090818 0.6052050483502281 0.33436027008112207
v 0.709910635852268 0.5991063585226795 0.37026809244319614
v 0.6960459933851381 0.5919740715619715 0.40630859416315374
v 0.6808530223442 0.5837888038062478 0.4423005703311253
v 0.6643506099952529 0.5745454161355171 0.47805421428599587
v 0.6465777917977316 0.5642542117657714 0.5133754412304479
v 0.6275939206846387 0.5529415769151841 0.5480706918256376
v 0.6074779927073496 0.5406499799786041 0.5819519632455794
v 0.5863271199848208 0.5274372914757286 0.614841777964911
v 0.5642542117657714 0.5133754412304479 0.6465777917977316
v 0.5413849909614589 0.4985484841249615 0.6770167653303454
v 0.5178545276897595 0.48305019399473537 0.706037674797078
v 0.49380350598917355 0.4669813403819431 0.7335438127391466
v 0.46937445096587566 0.45044682073866027 0.7594638151136077
v 0.4447081311717827 0.4335528199869782 0.7837516381807692
v 0.4199403185534644 0.4164041517844343 0.8063855847111236
v 0.39519904204895195 0.39910190544614654 0.8273665368099231
v 0.7590075062976563 0.5857597903992625 0.28424122384908457
v 0.7486765865962971 0.5808126234883714 0.3195935936139404
v 0.7370323790066918 0.5749186733196917 0.35531928087856685
v 0.7240465244943912 0.5680444412619797 0.39125713171641757
v 0.7097073566038372 0.5601677804845986 0.4272324024337953
v 0.6940218106316585 0.5512795645475929 0.4630600048371387
v 0.6770167653303454 0.5413849909614589 0.4985484841249615
v 0.6587396716129896 0.5305043993891415 0.5335045709944544
v 0.639258364474689 0.5186735102005721 0.5677380850932607
v 0.618660012247598 0.5059430284119877 0.6010669191089361
v 0.5970492253158048 0.49237760679633114 0.6333218098844494
v 0.5745454161355171 0.47805421428599587 0.6643506099952529
v 0.5512795645475929 0.4630600048371387 0.6940218106316585
v 0.5273905885474597 0.44748982110672614 0.7222271298680454
v 0.5030215450660013 0.43144349161248846 0.7488830607942988
v 0.4783158857239084 0.41502308702074764 0.7739313604602943
v 0.4534139706197825 0.39833029120767766 0.7973385418711487
v 0.4284500038897919 0.381464018674927 0.8190944979812843
v 0.7733676792259858 0.5559820781480225 0.30460853813840943
v 0.7626170735015145 0.5502436573245669 0.3400692823206324
v 0.7505219912746225 0.5435795889555131 0.3758164060869762
v 0.7370601884122976 0.5359659453986574 0.4116828682742966
v 0.7222271298680454 0.5273905885474597 0.44748982110672614
v 0.7060376747970781 0.5178545276897595 0.4830501939947354
v 0.6885271236113095 0.5073728635944478 0.5181729222368786
v 0.6697514988109495 0.49597521975140363 0.5526676317942218
v 0.6497869809420724 0.48370559352658776 0.5863495358480963
v 0.6287284840759234 0.4706216023241698 0.6190442639564818
v 0.6066874245848513 0.45679314796703496 0.6505923368907499
v 0.5837888038062478 0.4423005703311253 0.6808530223442
v 0.5601677804845986 0.4272324024337953 0.7097073566038372
v 0.5359659453986574 0.4116828682742966 0.7370601884122976
v 0.5113275241439893 0.3957492783478623 0.76284118382526
v 0.4863957242527245 0.37952947507045953 0.7870048138235297
v 0.4613094128830364 0.3631194630777124 0.8095294195516689
v 0.7866193996593099 0.5252242965393921 0.324606466978598
v 0.7754148807491633 0.5187237022272607 0.3600798292884578
v 0.76284118382526 0.5113275241439893 0.3957492783478623
v 0.7488830607942988 0.5030215450660013 0.43144349161248846
v 0.7335438127391466 0.49380350598917355 0.4669813403819431
v 0.7168466990465948 0.48368412697996593 0.5021757415224564
v 0.6988356496797787 0.4726876829333794 0.5368380474032317
v 0.6795751750063787 0.4608520596005095 0.5707827613698738
v 0.6591494232384238 0.44822825076214523 0.6038323219761927
v 0.6376604013580364 0.43487930020032767 0.6358216784580258
v 0.6152254434315861 0.4208787370304494 0.6666023870869816
v 0.5919740715619715 0.40630859416315374 0.6960459933851381
v 0.5680444412619797 0.39125713171641757 0.7240465244943912
v 0.5435795889555131 0.3758164060869762 0.7505219912746225
v 0.5187237022272607 0.36007982928845783 0.7754148807491634
v 0.49361861461005196 0.34413985264854857 0.7986916959186995
v 0.7986916959186995 0.49361861461005196 0.34413985264854857
v 0.7870048138235298 0.48639572425272454 0.3795294750704596
v 0.7739313604602943 0.4783158857239084 0.41502308702074764
v 0.7594638151136077 0.46937445096587566 0.45044682073866027
v 0.7436138289995902 0.459578620826199 0.4856191559237104
v 0.7264133158642744 0.4489481190846347 0.5203549566454023
v 0.7079148025100048 0.4375154090903523 0.554469926322179
v 0.6881909602355868 0.42532540417601994 0.5877852522924731
v 0.6673332978096439 0.4124346598709157 0.6201321802419765
v 0.6454500625756868 0.39891007671252093 0.6513562523061036
v 0.6226634603493987 0.3848271820485508 0.6813209633515501
v 0.5991063585226795 0.37026809244319614 0.709910635852268
v 0.5749186733196917 0.35531928087856685 0.7370323790066918
v 0.5502436573245669 0.3400692823206324 0.7626170735015145
v 0.5252242965393921 0.324606466978598 0.7866193996593099
v 0.8095294195516689 0.4613094128830364 0.3631194630777124
v 0.7973385418711487 0.4534139706197825 0.39833029120767766
v 0.7837516381807692 0.4447081311717827 0.4335528199869782
v 0.7687694571591907 0.43519640034045604 0.4686124356756582
v 0.7524122933676713 0.42489475287032935 0.5033291068202423
v 0.734720729322077 0.4138309667265571 0.5375215166694247
v 0.7157556125791343 0.402044506662343 0.5710114865080222
v 0.6955972178041024 0.389585933532735 0.6036284544126622
v 0.6743436049716801 0.37651585173503294 0.6352137560113458
v 0.6521082484072998 0.36290344387572204 0.6656244607752212
v 0.6290170692206356 0.3488246745854681 0.6947365493692012
v 0.6052050483502281 0.33436027008112207 0.72244727090818
v 0.5808126234883714 0.3195935936139404 0.7486765865962971
v 0.5559820781480225 0.30460853813840943 0.7733676792259858
v 0.8190944979812843 0.4284500038897919 0.381464018674927
v 0.8063855847111235 0.41994031855346436 0.41640415178443424
v 0.7922795300025869 0.4106737770487285 0.4512651052135666
v 0.7767856760893116 0.4006633738465717 0.4858733109364552
v 0.7599330169554005 0.3899329446081433 0.5200520247535678
v 0.7417705765237548 0.3785171835103165 0.5536254632791322
v 0.7223670166098651 0.36646123388299656 0.5864231044008367
v 0.7018094542057703 0.3538198516892101 0.6182839174182231
v 0.6802015279118562 0.34065617440559304 0.6490602839996624
v 0.6576608121632775 0.32704015903507644 0.6786213896739846
v 0.6343157278352621 0.31304677831715744 0.7068559061124624
v 0.6103021326212047 0.29875408053048286 0.7336738418973348
v 0.5857597903992625 0.28424122384908457 0.7590075062976563
v 0.827366536809923 0.3951990420489519 0.3991019054461465
v 0.8141336047890234 0.38614038926448463 0.43368430145890985
v 0.7995109032905102 0.3763842669748591 0.46809956109079015
v 0.7835164594263934 0.3659512825291082 0.5021768778261597
v 0.7661877842999592 0.354872044915385 0.5357444455401215
v 0.7475818873792709 0.34318690109079014 0.5686335134180427
v 0.7277745349320384 0.330945284051252 0.6006824829048134
v 0.7068587605264778 0.3182046917040229 0.6317408225249649
v 0.6849426926419094 0.3050293442571917 0.6616725828825603
v 0.6621468167165695 0.2914885926385807 0.6903593220010092
v 0.6386008299711143 0.27765516828743514 0.7177022972538684
v 0.6144402722444919 0.26360337344996304 0.7436238386105665
v 0.8343427539370007 0.3617168160377992 0.4159724918168248
v 0.8205880105062009 0.3521796396528679 0.4501164498520926
v 0.8054592464204918 0.3420089261483442 0.48400960402722376
v 0.7889830317777987 0.33123185975425573 0.5174854883476929
v 0.7712049876331988 0.31988462054335476 0.5503786847158161
v 0.7521894514797524 0.30801188532169166 0.5825287182475782
v 0.7320184191063477 0.29566598929128385 0.6137838844947381
v 0.7107897965621175 0.28290578270064953 0.6440048006169802
v 0.6886150479011942 0.2697952400751782 0.6730674886196873
v 0.6656163689055808 0.2564018978513176 0.7008658332542629
v 0.641923548733929 0.2427952071340601 0.7273133059236357
v 0.8400372760213961 0.32816161922663917 0.4320269974910168
v 0.8257709268677065 0.31821963701046474 0.4656593593615154
v 0.810154325170865 0.3077112110267028 0.4989627040324959
v 0.7932222225828035 0.2966689627647877 0.5317762989574304
v 0.7750277444673128 0.28513338839097324 0.5639423251810348
v 0.7556417344759133 0.2731521753100433 0.5953095482533642
v 0.7351514231558677 0.2607792349650635 0.6257368261840904
v 0.713658476140052 0.24807349655238164 0.6550962675376302
v 0.6912765229670094 0.23509752410317752 0.6832758761694998
v 0.6681283037670814 0.22191603140241004 0.7101815575695606
v 0.8444798709354596 0.2946863782482369 0.44722889671818655
v 0.8297196305630133 0.28441469621979637 0.4802849312986796
v 0.8136403475009072 0.2736454263680833 0.5129401188700615
v 0.7962843997341675 0.2624154418218521 0.5450406320940104
v 0.7777116489877878 0.25076830574088144 0.5764372020129719
v 0.757998502746639 0.23875345619378227 0.6069885147096088
v 0.7372363598323228 0.22642516511287036 0.6365643677938586
v 0.7155295122624374 0.21384132193066904 0.6650484238883829
v 0.692992614398792 0.20106210484610157 0.6923404266569897
v 0.8477142231586662 0.2614356892696124 0.46155387142848403
v 0.8324845753740931 0.2509090191178291 0.49397782935020945
v 0.8159737780817069 0.2399540332639651 0.52593617046503
v 0.7982311213841842 0.22861067886310696 0.5572829033475702
v 0.7793223153105939 0.21692439402294778 0.5878779942613194
v 0.7593283147561654 0.2049452116202948 0.6175904554342418
v 0.738343595526456 0.1927266938377704 0.6463011344779054
v 0.716473966464088 0.1803247499401021 0.6739050674525727
v 0.8497958797414874 0.2285433707564071 0.47498935825730987
v 0.8341271482851601 0.21783442772304645 0.5067347063229826
v 0.8172209512929919 0.2067656179621024 0.5379571507067523
v 0.7991326580327285 0.1953788397604234 0.5685192202902353
v 0.7799328630110558 0.18372031202835923 0.5982905449224315
v 0.7597060230711085 0.1718396428597508 0.6271506164003298
v 0.7385486173326934 0.15978878143239397 0.6549912099901168
v 0.8507900017506349 0.19613059605237665 0.4875337549475872
v 0.8347172971219813 0.18530873317147167 0.5185631179478138
v 0.8174556247872685 0.17419353879974223 0.5490199564169586
v 0.7990655235865146 0.16282783120112607 0.5787757652163287
v 0.779621475880755 0.15125764300630543 0.6077100293542063
v 0.7592104066622742 0.13953129361181682 0.6357126524765077
v 0.8507690510701167 0.1643046243707284 0.4991953647137031
v 0.8343311590570904 0.15343473603363453 0.5294802156877448
v 0.8167565981550934 0.14233522279253163 0.5591505555060458
v 0.7981101312434162 0.13104890973732858 0.588087069797725
v 0.7784691379166969 0.1196208206582494 0.6161790815796019
v 0.8498105275597344 0.13315810928195035 0.509991161865676
v 0.8330487991245398 0.12229981531893715 0.5395113098444888
v 0.8152054965414801 0.1112720478510575 0.5683823798954282
v 0.7963486620032646 0.10011685926607475 0.5964942774380213
v 0.8479948501089801 0.1027689325054107 0.5199454593516001
v 0.8309521426797775 0.09197603528047425 0.5486883865273363
v 0.8128847911800792 0.08106972274033818 0.5767547280455737
v 0.8454034504478299 0.07320048920136979 0.5290885505769178
v 0.8281231590100674 0.06252068175732874 0.5570486494587215
v 0.8421171236917472 0.04450233901831196 0.5374553858759236
v -0.02750395809218742 0.4929530468576116 0.8696210817839346
v -0.05592019776360723 0.4838481602573517 0.8733635493296334
v -0.08521390304096021 0.47398579554016296 0.8763994844559669
v -0.11533748742979379 0.463336168156071 0.8786448994171827
v -0.14622964608237346 0.45187445720887354 0.8800149802865913
v -0.17781467703470452 0.43958205642413106 0.880425781256419
v -0.21000216035494146 0.42644783923370977 0.8797961883636218
v -0.24268708117038695 0.4124693781829603 0.8780501083049647
v -0.2757504711811534 0.39765404840875274 0.87511881217781
v -0.30906062230949305 0.3820199383429215 0.8709433382523454
v -0.342474895517492 0.36559648988583654 0.8654768353476818
v -0.37584210890664 0.3484247965616146 0.8586867125521431
v -0.4090054449246234 0.3305575024078644 0.8505564552831784
v -0.44180577123660203 0.31205826634294936 0.8410869746399976
v -0.47408522894010147 0.293000785049258 0.8302973778480396
v -0.5056909108694415 0.2734673993793074 0.81822508158865
v -0.5364784365015882 0.2535473414036464 0.8049252343143145
v -0.566315231434094 0.23333470758202193 0.7904694635995504
v -0.59508333910218 0.21292626456543118 0.7749440143527866
v -0.6226816282136217 0.19241920520307185 0.7584473873343167
v -0.6490273068499354 0.17190897225431467 0.7410876198005099
v -0.6740567073317085 0.15148725653666772 0.72297936789934
v -0.6977253583648625 0.13124025669457828 0.7042409525988711
v -0.7200074069312279 0.11124726240879386 0.6849915186122514
v -0.7408944876446022 0.09157959508836064 0.6653484319822918
v -0.760394159628342 0.07229991315341977 0.6454250107960766
v -0.7785280401511081 0.05346186555646973 0.6253286492954697
v -0.7953297617156287 0.035110058928900956 0.6051593623925604
v -0.8108428675723047 0.017280291437762562 0.5850087483405251
v -0.8251187427656227 0.0 0.564959343968111
v -0.027960098881803615 0.46656786881958917 0.8840433567736745
v -0.05684431595379255 0.456712351246862 0.88779645863357
v -0.08661321015281787 0.446082564576491 0.8907909392264183
v -0.11721370821996034 0.4346523337640905 0.8929380131670707
v -0.14857818567732084 0.42240129618273464 0.8941485713929096
v -0.18062386511602072 0.40931618867728337 0.8943351033238337
v -0.21325262717877425 0.39539211536007624 0.8934138974251715
v -0.24635132345293775 0.38063372766858655 0.8913074614262478
v -0.27979266446740847 0.365056239159035 0.8879470745271305
v -0.3134367292527129 0.34868619360139497 0.8832753563567434
v -0.34713310597161595 0.33156190798938373 0.8772487149656807
v -0.38072362813548066 0.3137335233438704 0.8698395227337037
v -0.4140456218229139 0.2952626159765146 0.8610378683054433
v -0.44693553150289744 0.27622134924879 0.8508527468953723
v -0.4792327516854295 0.25669117852190265 0.8393125809738874
v -0.5107834645747399 0.23676115649896284 0.826465006573357
v -0.5414442746915028 0.2165259183827774 0.8123759130305915
v -0.5710854422032208 0.19608345208991892 0.7971277799199148
v -0.5995935466782457 0.17553277481790902 0.7808174074305257
v -0.6268734585054259 0.15497164160062002 0.7635531791048054
v -0.6528495504239531 0.1344944039006971 0.745452023828924
v -0.6774661394955789 0.11419011830057597 0.7266362547516173
v -0.700687203587401 0.09414097984763718 0.7072304565289836
v -0.7224954604640829 0.0744211252140515 0.6873585714390034
v -0.7428909283866042 0.055095821241226264 0.6671413036251346
v -0.761889103429742 0.03622102781367421 0.6466939239077052
v -0.7795188913753609 0.017843302583059637 0.6261245199973067
v -0.7958204233530958 0.0 0.6055327024811288
v -0.8108428675723047 -0.017280291437762562 0.5850087483405252
v -0.02840463434698674 0.438875736611262 0.8980986942210395
v -0.05774214010187858 0.4282392619934313 0.9018187066942981
v -0.08796800548207327 0.4168153327135141 0.9047246036371667
v -0.11902323519748045 0.4045822264165865 0.9067230511853789
v -0.15083348553919823 0.3915249269603291 0.9077210426165108
v -0.18330856993842362 0.3776364221702767 0.9076280630509187
v -0.21634243561664512 0.36291894142577535 0.9063585341937551
v -0.24981370160821487 0.3473850565109274 0.9038344632739457
v -0.2835868268886954 0.3310585624713431 0.8999881887167235
v -0.317513944157456 0.3139750550261502 0.894765086537747
v -0.3514373512359817 0.29618212906373387 0.8881260803396728
v -0.38519260122826904 0.2777391397363972 0.8800497884878364
v -0.4186120795817275 0.2587164932827835 0.8705341480560777
v -0.4515289073613311 0.23919446713063303 0.859597378259831
v -0.48378097217285476 0.21926159486974695 0.8472781857091934
v -0.5152148671775109 0.1990126871406027 0.8336351666024752
v -0.5456895184067144 0.17854658983054106 0.8187454212152472
v -0.5750793020225153 0.15796380216732472 0.8027024564495482
v -0.6032764938991664 0.1373640865739407 0.785613505248246
v -0.6301929486415454 0.11684419851929759 0.7675964309159192
v -0.655760966721564 0.09649584903081317 0.7487764056407108
v -0.6799333690808848 0.07640398766858428 0.7292825544867066
v -0.7026828514306239 0.056645463325541504 0.7092447404034538
v -0.7240007305881516 0.03728808828193611 0.6887906362459505
v -0.7438952199842528 0.01839010120075393 0.668043191614439
v -0.762389380844635 0.0 0.647118560988119
v -0.7795188913753609 -0.017843302583059637 0.6261245199973067
v -0.7953297617156287 -0.035110058928900956 0.6051593623925604
v -0.028834371857448447 0.4098743025996013 0.9116861494330584
v -0.05860685410998017 0.3984313059504163 0.9153238394633767
v -0.08926742639811033 0.3861921252158325 0.918088758783995
v -0.12075076365446102 0.37314038052981185 0.9198834216871895
v -0.1529754545687464 0.3592673153982125 0.9206114850391812
v -0.18584364784679508 0.3445730728877567 0.9201801649653643
v -0.21924123019554 0.3290678634193027 0.9185029255516834
v -0.25303862453857456 0.3127729408627245 0.915502344047086
v -0.28709226910152097 0.295721300353452 0.9111130234715137
v -0.32124679789588234 0.2779580158274129 0.9052843952476647
v -0.355337892946996 0.25954014902874506 0.8979832364126438
v -0.3891957226704115 0.2405361848863923 0.8891957226704116
v -0.4226488252738595 0.2210249794283899 0.8789288531862556
v -0.45552824819320126 0.20109424301364018 0.8672111164674979
v -0.487671721469838 0.180838619532319 0.854092316886348
v -0.5189276302272153 0.1603574565909282 0.8396425434090717
v -0.5491585618271756 0.13975238793855504 0.8239503286226542
v -0.5782442362125881 0.11912486392603408 0.8071201088323374
v -0.6060836792143222 0.09857376678448401 0.7892691469276807
v -0.6325965613464364 0.07819323521568113 0.7705241128862675
v -0.65772369058662 0.05807079942693577 0.7510175291529705
v -0.6814267087715821 0.038285896987528524 0.7308842799408055
v -0.7036870910162335 0.018908806073590134 0.7102583579163166
v -0.7245045819267661 0.0 0.6892699839446963
v -0.7438952199842528 -0.01839010120075393 0.668043191614439
v -0.761889103429742 -0.03622102781367421 0.6466939239077052
v -0.7785280401511081 -0.05346186555646973 0.6253286492954697
v -0.029245929216474693 0.37957454405545377 0.9246987839990704
v -0.05943127427092834 0.3673054749415084 0.9281996615580759
v -0.09050009132351895 0.35423683867839306 0.930766348550254
v -0.12238036365499713 0.3403585093246224 0.9322977698793404
v -0.1549833362490901 0.32566889627209045 0.9326949852368779
v -0.18820333843397608 0.310176159862391 0.9318638598289596
v -0.22191819922622696 0.2938992639513833 0.9297179870805038
v -0.25599033862624926 0.27686877760957995 0.9261817459413649
v -0.2902685833037129 0.25912733939151916 0.9211933410130188
v -0.3245907079099578 0.2407297079048919 0.9147076473226503
v -0.3587866469510394 0.22174234252535113 0.9066986685227898
v -0.39268226229119135 0.20224248739596448 0.8971614220271429
v -0.4261034951828055 0.18231676805637753 0.8861130895537397
v -0.4588806871199444 0.1620593493834467 0.8735933162895316
v -0.4908528278639892 0.14156974117717513 0.8596636026731345
v -0.5218714864742391 0.12095036865019153 0.8444058028747498
v -0.5518042034469282 0.10030404496037162 0.8279198147302002
v -0.5805371666074258 0.07973148904354435 0.8103206080572807
v -0.607977054237342 0.05932902377348142 0.7917347841663707
v -0.63405199778922 0.03918656852685111 0.772296883942043
v -0.6587116845189162 0.019386009991399434 0.7521456636150109
v -0.6819266794959965 0.0 0.7314205382620619
v -0.7036870910162335 -0.018908806073590134 0.7102583579163166
v -0.7240007305881516 -0.03728808828193611 0.6887906362459505
v -0.7428909283866042 -0.05509582124122626 0.6671413036251347
v -0.760394159628342 -0.07229991315341977 0.6454250107960766
v -0.02963577950578409 0.3480024613357704 0.9370250836969788
v -0.06020795503867356 0.3348950634632317 0.9403298881871293
v -0.09165428496921182 0.3209909588447352 0.9426368846945891
v -0.12389576523119672 0.3062871759002282 0.9438421505934342
v -0.1568361153616467 0.2907901498709915 0.9438450729098895
v -0.19036181406774033 0.2745168329258866 0.9425512655474927
v -0.2243427864073948 0.2574955818140232 0.9398757042998951
v -0.2586338165563632 0.2397667339079066 0.9357459389410272
v -0.29307671802576335 0.22138278928478863 0.9301052080059191
v -0.3275032391517534 0.2024081332214689 0.9229152593553265
v -0.36173862024195547 0.18291826010701567 0.914158673724025
v -0.3956056566989291 0.16299849465444047 0.9038405031465426
v -0.428929067904108 0.1427422460840656 0.8919890727412468
v -0.46153993281541733 0.12224887099083037 0.8786558506936645
v -0.49327993669357567 0.10162125561500872 0.8639143617644119
v -0.5240051826428055 0.08096325328858756 0.8478581957971557
v -0.5535893562708862 0.0603771243503969 0.8305982346951879
v -0.581926087251817 0.039961122317984425 0.8122592798354954
v -0.6089304202486431 0.019807352447232557 0.7929762998254374
v -0.634539380225801 0.0 0.7728905323153185
v -0.6587116845189162 -0.019386009991399434 0.7521456636150109
v -0.6814267087715821 -0.038285896987528524 0.7308842799408055
v -0.7026828514306239 -0.056645463325541504 0.7092447404034538
v -0.7224954604640829 -0.0744211252140515 0.6873585714390034
v -0.7408944876446022 -0.09157959508836064 0.6653484319822917
v -0.03000030862213449 0.31520057682491587 0.9485507776876348
v -0.06092932205107835 0.30125113551243904 0.9515962227052303
v -0.09271818669284791 0.28651495375719105 0.9535787954489681
v -0.12528070296888 0.27099706399236695 0.9543926533514077
v -0.15851299944730496 0.2547126954245322 0.9539366183325746
v -0.1922938169206241 0.23768822936679068 0.9521173213394332
v -0.22648549809891644 0.21996187051784008 0.9488525147087816
v -0.26093574323711954 0.2015839477503192 0.9440743879116139
v -0.2954801426390891 0.1826167711516241 0.9377326912292963
v -0.3299454368493138 0.16313399552464636 0.9297974554742985
v -0.3641533902981458 0.143219473296302 0.9202610992555841
v -0.39792510208869925 0.12296561903379395 0.9091397415487533
v -0.4310855272627575 0.1024713491948283 0.8964735862136608
v -0.4634679512885492 0.08183969902645828 0.8823263125350244
v -0.4949181552739709 0.0611752483217424 0.8667834842525456
v -0.5252980313583807 0.04058150470036092 0.849950068961268
v -0.554488454378879 0.02015839477503192 0.8319472297451418
v -0.5823912808257851 0.0 0.8129086024997529
v -0.6089304202486431 -0.019807352447232557 0.7929762998254374
v -0.63405199778922 -0.03918656852685111 0.772296883942043
v -0.65772369058662 -0.05807079942693577 0.7510175291529705
v -0.6799333690808848 -0.07640398766858428 0.7292825544867066
v -0.7006872035874011 -0.0941409798476372 0.7072304565289836
v -0.7200074069312279 -0.11124726240879386 0.6849915186122514
v -0.030335885146298366 0.281229121488382 0.9591610476344749
v -0.06158783086323443 0.2664436093680106 0.9618808357153752
v -0.09368013810308058 0.25088920748011423 0.9634721777482668
v -0.12651931226928728 0.2345797056470434 0.9638284211006921
v -0.1599939616414058 0.21753975383609853 0.9628490991527271
v -0.19397536241727237 0.19980561158992216 0.9604432707621335
v -0.22831877533247957 0.18142555297528729 0.9565329610412219
v -0.2628655560595668 0.16245984811645314 0.9510565162951535
v -0.2974460454568714 0.1429802623756833 0.9439716598569309
v -0.3318831608112994 0.12306904420507811 0.935258027459989
v -0.3659965425966487 0.10281741049530799 0.9249189753196432
v -0.3996070517018511 0.08232358003196016 0.912982492932299
v -0.43254136852331204 0.061690446297184794 0.8995011135911031
v -0.46463642513581926 0.041023014735026044 0.8845507926055213
v -0.4957434090947858 0.020425751767954758 0.8682288068267452
v -0.5257311121191336 0.0 0.8506508083520399
v -0.554488454378879 -0.02015839477503192 0.8319472297451418
v -0.581926087251817 -0.039961122317984425 0.8122592798354954
v -0.607977054237342 -0.05932902377348142 0.7917347841663707
v -0.6325965613464364 -0.07819323521568113 0.7705241128862675
v -0.655760966721564 -0.09649584903081317 0.7487764056407108
v -0.6774661394955789 -0.11419011830057597 0.7266362547516173
v -0.6977253583648625 -0.13124025669457828 0.7042409525988711
v -0.030638941242350382 0.24616679187208504 0.9687430855799453
v -0.06217614765942411 0.2305618352583379 0.9710691874344178
v -0.09452894229623181 0.21421436395204557 0.9722018747898896
v -0.12759656404512046 0.19714753356896803 0.9720349617434304
v -0.16126032405761828 0.1793958503479748 0.970470111215569
v -0.1953844786838422 0.16100566493439175 0.9674203229974434
v -0.22981788871929154 0.14203526645126321 0.962813440448733
v -0.26439648485055245 0.12255451060772854 0.9565954686952953
v -0.2989464973478724 0.10264394232150857 0.9487334782899449
v -0.33328834015675324 0.08239340890836397 0.9392178706157669
v -0.36724097376600345 0.061900201049726884 0.9280638083113687
v -0.4006265168356401 0.041266800699817925 0.915311665591641
v -0.4332748422037791 0.020598352227090992 0.901026425250014
v -0.46502788476335705 0.0 0.8852960331959687
v -0.4957434090947858 -0.020425751767954758 0.8682288068267452
v -0.5252980313583807 -0.04058150470036092 0.849950068961268
v -0.5535893562708862 -0.0603771243503969 0.830598234695188
v -0.5805371666074258 -0.07973148904354435 0.8103206080572807
v -0.6060836792143222 -0.09857376678448401 0.7892691469276807
v -0.6301929486415454 -0.11684419851929759 0.7675964309159192
v -0.6528495504239531 -0.1344944039006971 0.745452023828924
v -0.6740567073317085 -0.15148725653666772 0.72297936789934
v -0.030906062230949306 0.2101109660886068 0.9771889260765745
v -0.06268734585054257 0.19371455200077498 0.9790530981582937
v -0.09525418324723679 0.17661096845220947 0.9796607608740254
v -0.12849871915835295 0.1588331519013788 0.9789076100591599
v -0.16229535395497888 0.14042566294452025 0.9766989563172576
v -0.19650194349105207 0.12144487993288135 0.9729533017274403
v -0.2309618057945197 0.10195874720290399 0.9676058382073502
v -0.26550652864903956 0.08204602947005209 0.960611644887223
v -0.2999595061410779 0.06179505668127298 0.9519483524043513
v -0.3341400636437275 0.041301983266975324 0.9416180563510772
v -0.36786796842136205 0.02066862798697952 0.9296483021157386
v -0.400968076372473 0.0 0.9160920268893069
v -0.4332748422037791 -0.020598352227090992 0.901026425250014
v -0.46463642513581926 -0.041023014735026044 0.8845507926055213
v -0.4949181552739708 -0.06117524832174239 0.8667834842525456
v -0.5240051826428055 -0.08096325328858756 0.8478581957971557
v -0.5518042034469282 -0.10030404496037162 0.8279198147302002
v -0.5782442362125881 -0.11912486392603408 0.8071201088323375
v -0.6032764938991664 -0.1373640865739407 0.785613505248246
v -0.6268734585054259 -0.15497164160062002 0.7635531791048055
v -0.6490273068499354 -0.17190897225431467 0.74108761980051
v -0.031134081410681084 0.17317728468276464 0.9843984442514208
v -0.06311511017665744 0.15602913317147468 0.9857339359427303
v -0.0958465503370859 0.13821832689640914 0.9857530790712438
v -0.1292137792534531 0.11978776109019003 0.9843549621676316
v -0.16308483952319971 0.1007919738751596 0.981450107300438
v -0.19731197467743025 0.08129700449200697 0.9769640636735416
v -0.23173397564427461 0.06137977426984372 0.970840814882997
v -0.2661793037066536 0.04112696419812319 0.9630457679124536
v -0.30046988762673005 0.02063340034990896 0.9535680937508241
v -0.3344254258376018 0.0 0.9424222167125194
v -0.36786796842136205 -0.02066862798697952 0.9296483021157386
v -0.4006265168356401 -0.041266800699817925 0.915311665591641
v -0.43254136852331204 -0.061690446297184794 0.8995011135911031
v -0.4634679512885492 -0.08183969902645828 0.8823263125350244
v -0.49327993669357567 -0.10162125561500872 0.8639143617644118
v -0.5218714864742391 -0.12095036865019153 0.8444058028747498
v -0.5491585618271756 -0.13975238793855504 0.8239503286226542
v -0.5750793020225153 -0.15796380216732472 0.8027024564495482
v -0.5995935466782457 -0.17553277481790902 0.7808174074305257
v -0.6226816282136217 -0.19241920520307185 0.7584473873343167
v -0.03132017574222 0.13549853199618345 0.9902823811511319
v -0.06345393802258009 0.11765007125395135 0.9910257607566852
v -0.09629815030706726 0.09919254990585614 0.9903976495784972
v -0.12973190755680383 0.0801787282954641 0.988302081193091
v -0.16361760928799637 0.06067274621878934 0.9846563338531626
v -0.1978028283494646 0.04074962366361013 0.979394460505177
v -0.2321229762184079 0.02049426983896566 0.9724705182242164
v -0.26640470113456743 0.0 0.9638612634676226
v -0.30046988762673005 -0.02063340034990896 0.9535680937508241
v -0.3341400636437275 -0.041301983266975324 0.9416180563510772
v -0.36724097376600345 -0.061900201049726884 0.9280638083113687
v -0.3996070517018511 -0.08232358003196016 0.912982492932299
v -0.4310855272627575 -0.1024713491948283 0.8964735862136608
v -0.46153993281541733 -0.12224887099083037 0.8786558506936645
v -0.4908528278639892 -0.14156974117717513 0.8596636026731345
v -0.5189276302272153 -0.1603574565909282 0.8396425434090717
v -0.5456895184067144 -0.17854658983054106 0.8187454212152472
v -0.5710854422032208 -0.19608345208991892 0.7971277799199148
v -0.59508333910218 -0.21292626456543118 0.7749440143527866
v -0.031461957301894106 0.09722279482584247 0.9947652353238858
v -0.06369932643429446 0.07873669759373723 0.9948582453112854
v -0.0966027875957833 0.05970380614218081 0.9935307529014192
v -0.1300457923919568 0.04018635989607089 0.9906932665358393
v -0.16388595968569442 0.020257418672930835 0.986271275667404
v -0.19796726210958834 0.0 0.9802086324517009
v -0.2321229762184079 -0.02049426983896566 0.9724705182242164
v -0.2661793037066536 -0.04112696419812319 0.9630457679124536
v -0.29995950614107786 -0.06179505668127297 0.9519483524043513
v -0.33328834015675324 -0.08239340890836397 0.9392178706157669
v -0.3659965425966487 -0.10281741049530799 0.9249189753196432
v -0.39792510208869925 -0.12296561903379395 0.9091397415487533
v -0.428929067904108 -0.1427422460840656 0.8919890727412468
v -0.4588806871199444 -0.1620593493834467 0.8735933162895316
v -0.487671721469838 -0.180838619532319 0.854092316886348
v -0.5152148671775109 -0.1990126871406027 0.8336351666024752
v -0.5414442746915028 -0.21652591838277738 0.8123759130305916
v -0.566315231434094 -0.23333470758202193 0.7904694635995504
v -0.03155755508832872 0.058510924939303016 0.9977878493846246
v -0.06384793307184249 0.039460192749827136 0.9971791888274644
v -0.09675619443457097 0.019932872260886088 0.9951084963168442
v -0.13015092805520037 0.0 0.9914941935918586
v -0.16388595968569442 -0.020257418672930835 0.986271275667404
v -0.1978028283494646 -0.04074962366361013 0.979394460505177
v -0.2317339756442746 -0.061379774269843715 0.970840814882997
v -0.26550652864903956 -0.08204602947005209 0.960611644887223
v -0.29894649734787243 -0.10264394232150859 0.9487334782899449
v -0.3318831608112994 -0.12306904420507811 0.935258027459989
v -0.36415339029814586 -0.14321947329630202 0.9202610992555841
v -0.39560565669892916 -0.1629984946544405 0.9038405031465426
v -0.4261034951828055 -0.18231676805637753 0.8861130895537397
v -0.45552824819320126 -0.20109424301364018 0.8672111164674978
v -0.48378097217285476 -0.21926159486974695 0.8472781857091934
v -0.5107834645747399 -0.23676115649896284 0.826465006573357
v -0.5364784365015882 -0.25354734140364643 0.8049252343143145
v -0.03160568192934009 0.01953338566995053 0.9993095254794934
v -0.06389770022472392 0.0 0.9979564539126902
v -0.09675619443457097 -0.019932872260886088 0.9951084963168442
v -0.1300457923919568 -0.04018635989607089 0.9906932665358393
v -0.16361760928799637 -0.06067274621878934 0.9846563338531626
v -0.19731197467743025 -0.08129700449200697 0.9769640636735416
v -0.23096180579451972 -0.101958747202904 0.9676058382073502
v -0.26439648485055245 -0.12255451060772854 0.9565954686952953
v -0.2974460454568714 -0.1429802623756833 0.9439716598569309
v -0.3299454368493138 -0.16313399552464636 0.9297974554742985
v -0.36173862024195547 -0.18291826010701567 0.914158673724025
v -0.39268226229119135 -0.20224248739596448 0.8971614220271429
v -0.4226488252738595 -0.2210249794283899 0.8789288531862556
v -0.4515289073613311 -0.23919446713063303 0.859597378259831
v -0.47923275168542956 -0.2566911785219027 0.8393125809738873
v -0.5056909108694415 -0.2734673993793074 0.81822508158865
v -0.03160568192934009 -0.01953338566995053 0.9993095254794934
v -0.06384793307184249 -0.039460192749827136 0.9971791888274644
v -0.0966027875957833 -0.05970380614218081 0.9935307529014192
v -0.12973190755680383 -0.0801787282954641 0.988302081193091
v -0.16308483952319971 -0.1007919738751596 0.981450107300438
v -0.19650194349105207 -0.12144487993288135 0.9729533017274403
v -0.22981788871929154 -0.14203526645126321 0.962813440448733
v -0.2628655560595668 -0.16245984811645314 0.9510565162951535
v -0.2954801426390891 -0.1826167711516241 0.9377326912292963
v -0.3275032391517534 -0.2024081332214689 0.9229152593553265
v -0.3587866469510394 -0.22174234252535113 0.9066986685227898
v -0.3891957226704115 -0.2405361848863923 0.8891957226704116
v -0.4186120795817275 -0.2587164932827835 0.8705341480560777
v -0.44693553150289744 -0.27622134924879 0.8508527468953723
v -0.47408522894010147 -0.293000785049258 0.8302973778480396
v -0.03155755508832872 -0.05851092493930301 0.9977878493846246
v -0.06369932643429446 -0.07873669759373723 0.9948582453112854
v -0.09629815030706726 -0.09919254990585614 0.9903976495784972
v -0.1292137792534531 -0.11978776109019003 0.9843549621676316
v -0.16229535395497888 -0.14042566294452025 0.9766989563172576
v -0.1953844786838422 -0.16100566493439175 0.9674203229974434
v -0.22831877533247957 -0.18142555297528729 0.9565329610412219
v -0.26093574323711954 -0.2015839477503192 0.9440743879116139
v -0.2930767180257633 -0.2213827892847886 0.9301052080059191
v -0.3245907079099578 -0.2407297079048919 0.9147076473226503
v -0.355337892946996 -0.25954014902874506 0.8979832364126438
v -0.38519260122826904 -0.2777391397363972 0.8800497884878364
v -0.4140456218229139 -0.2952626159765146 0.8610378683054433
v -0.44180577123660203 -0.31205826634294936 0.8410869746399976
v -0.03146195730189411 -0.09722279482584248 0.9947652353238858
v -0.06345393802258009 -0.11765007125395135 0.9910257607566852
v -0.0958465503370859 -0.13821832689640914 0.9857530790712438
v -0.12849871915835293 -0.15883315190137878 0.9789076100591599
v -0.16126032405761825 -0.17939585034797478 0.970470111215569
v -0.19397536241727237 -0.19980561158992216 0.9604432707621335
v -0.2264854980989164 -0.21996187051784005 0.9488525147087816
v -0.2586338165563632 -0.2397667339079066 0.9357459389410272
v -0.2902685833037129 -0.25912733939151916 0.9211933410130188
v -0.32124679789588234 -0.27795801582741286 0.9052843952476647
v -0.3514373512359817 -0.29618212906373387 0.8881260803396728
v -0.3807236281354806 -0.31373352334387034 0.8698395227337037
v -0.4090054449246234 -0.3305575024078644 0.8505564552831786
v -0.03132017574222 -0.13549853199618345 0.9902823811511319
v -0.06311511017665744 -0.15602913317147468 0.9857339359427303
v -0.09525418324723679 -0.17661096845220947 0.9796607608740254
v -0.12759656404512046 -0.19714753356896803 0.9720349617434304
v -0.1599939616414058 -0.21753975383609853 0.9628490991527271
v -0.1922938169206241 -0.23768822936679068 0.9521173213394332
v -0.2243427864073948 -0.2574955818140232 0.939875704299895
v -0.25599033862624926 -0.27686877760957995 0.9261817459413649
v -0.28709226910152097 -0.295721300353452 0.9111130234715137
v -0.317513944157456 -0.3139750550261502 0.894765086537747
v -0.34713310597161595 -0.33156190798938373 0.8772487149656807
v -0.37584210890664 -0.3484247965616146 0.8586867125521431
v -0.031134081410681084 -0.17317728468276464 0.9843984442514208
v -0.06268734585054257 -0.19371455200077498 0.9790530981582937
v -0.09452894229623181 -0.21421436395204557 0.9722018747898896
v -0.12651931226928728 -0.2345797056470434 0.9638284211006921
v -0.15851299944730496 -0.2547126954245322 0.9539366183325746
v -0.19036181406774033 -0.2745168329258866 0.9425512655474927
v -0.22191819922622696 -0.2938992639513833 0.9297179870805038
v -0.25303862453857456 -0.3127729408627245 0.915502344047086
v -0.2835868268886954 -0.3310585624713431 0.8999881887167235
v -0.3134367292527129 -0.34868619360139497 0.8832753563567434
v -0.342474895517492 -0.36559648988583654 0.8654768353476818
v -0.030906062230949303 -0.21011096608860677 0.9771889260765745
v -0.06217614765942411 -0.2305618352583379 0.9710691874344178
v -0.09368013810308058 -0.25088920748011423 0.9634721777482668
v -0.12528070296888 -0.27099706399236695 0.9543926533514077
v -0.1568361153616467 -0.2907901498709915 0.9438450729098895
v -0.18820333843397608 -0.310176159862391 0.9318638598289596
v -0.21924123019554 -0.3290678634193027 0.9185029255516834
v -0.24981370160821487 -0.3473850565109274 0.9038344632739457
v -0.2797926644674084 -0.36505623915903496 0.8879470745271305
v -0.30906062230949305 -0.3820199383429214 0.8709433382523455
v -0.030638941242350382 -0.24616679187208504 0.9687430855799453
v -0.06158783086323443 -0.2664436093680106 0.9618808357153752
v -0.09271818669284793 -0.2865149537571911 0.9535787954489681
v -0.12389576523119673 -0.3062871759002282 0.9438421505934342
v -0.1549833362490901 -0.32566889627209045 0.9326949852368779
v -0.18584364784679513 -0.3445730728877568 0.9201801649653644
v -0.21634243561664515 -0.3629189414257754 0.9063585341937551
v -0.24635132345293775 -0.38063372766858655 0.8913074614262478
v -0.2757504711811534 -0.39765404840875274 0.87511881217781
v -0.030335885146298366 -0.281229121488382 0.9591610476344749
v -0.06092932205107835 -0.30125113551243904 0.9515962227052303
v -0.09165428496921182 -0.3209909588447352 0.9426368846945891
v -0.12238036365499713 -0.3403585093246224 0.9322977698793404
v -0.1529754545687464 -0.3592673153982125 0.9206114850391812
v -0.18330856993842365 -0.37763642217027676 0.9076280630509187
v -0.21325262717877425 -0.39539211536007624 0.8934138974251714
v -0.24268708117038695 -0.4124693781829603 0.8780501083049647
v -0.03000030862213449 -0.31520057682491587 0.9485507776876348
v -0.06020795503867356 -0.3348950634632317 0.9403298881871293
v -0.09050009132351895 -0.35423683867839306 0.930766348550254
v -0.12075076365446102 -0.37314038052981185 0.9198834216871895
v -0.15083348553919823 -0.3915249269603291 0.9077210426165108
v -0.18062386511602072 -0.40931618867728337 0.8943351033238337
v -0.21000216035494146 -0.42644783923370977 0.8797961883636218
v -0.029635779505784086 -0.34800246133577034 0.9370250836969788
v -0.059431274270928335 -0.3673054749415084 0.928199661558076
v -0.08926742639811033 -0.3861921252158325 0.918088758783995
v -0.11902323519748045 -0.4045822264165865 0.9067230511853789
v -0.14857818567732084 -0.42240129618273464 0.8941485713929096
v -0.17781467703470452 -0.43958205642413106 0.880425781256419
v -0.02924592921647469 -0.3795745440554537 0.9246987839990704
v -0.058606854109980164 -0.39843130595041626 0.9153238394633767
v -0.08796800548207327 -0.4168153327135141 0.9047246036371667
v -0.11721370821996033 -0.43465233376409046 0.8929380131670707
v -0.14622964608237346 -0.4518744572088735 0.8800149802865913
v -0.028834371857448447 -0.4098743025996013 0.9116861494330584
v -0.05774214010187858 -0.4282392619934313 0.9018187066942981
v -0.08661321015281787 -0.446082564576491 0.8907909392264183
v -0.11533748742979379 -0.463336168156071 0.8786448994171827
v -0.02840463434698674 -0.438875736611262 0.8980986942210395
v -0.05684431595379255 -0.456712351246862 0.88779645863357
v -0.08521390304096021 -0.47398579554016296 0.8763994844559669
v -0.027960098881803612 -0.4665678688195891 0.8840433567736745
v -0.055920197763607224 -0.48384816025735167 0.8733635493296334
v -0.02750395809218742 -0.4929530468576116 0.8696210817839346
v -0.8696210817839346 -0.02750395809218742 0.4929530468576116
v -0.8840433567736745 -0.027960098881803615 0.46656786881958917
v -0.8980986942210395 -0.02840463434698674 0.438875736611262
v -0.9116861494330584 -0.028834371857448447 0.4098743025996013
v -0.9246987839990704 -0.029245929216474693 0.37957454405545377
v -0.9370250836969788 -0.02963577950578409 0.3480024613357704
v -0.9485507776876348 -0.03000030862213449 0.31520057682491587
v -0.9591610476344749 -0.030335885146298366 0.281229121488382
v -0.9687430855799453 -0.030638941242350382 0.24616679187208504
v -0.9771889260765745 -0.030906062230949306 0.2101109660886068
v -0.9843984442514208 -0.031134081410681084 0.17317728468276464
v -0.9902823811511319 -0.03132017574222 0.13549853199618345
v -0.9947652353238858 -0.03146195730189411 0.09722279482584248
v -0.9977878493846246 -0.03155755508832872 0.058510924939303016
v -0.9993095254794934 -0.03160568192934009 0.01953338566995053
v -0.9993095254794934 -0.03160568192934009 -0.01953338566995053
v -0.9977878493846246 -0.03155755508832872 -0.058510924939303016
v -0.9947652353238858 -0.03146195730189411 -0.09722279482584248
v -0.9902823811511319 -0.03132017574222 -0.13549853199618345
v -0.9843984442514208 -0.031134081410681084 -0.17317728468276464
v -0.9771889260765745 -0.030906062230949306 -0.2101109660886068
v -0.9687430855799453 -0.030638941242350382 -0.24616679187208504
v -0.9591610476344749 -0.030335885146298366 -0.281229121488382
v -0.9485507776876348 -0.03000030862213449 -0.31520057682491587
v -0.9370250836969788 -0.02963577950578409 -0.3480024613357704
v -0.9246987839990704 -0.029245929216474693 -0.37957454405545377
v -0.9116861494330584 -0.028834371857448447 -0.4098743025996013
v -0.8980986942210395 -0.02840463434698674 -0.438875736611262
v -0.8840433567736745 -0.027960098881803615 -0.46656786881958917
v -0.8696210817839346 -0.02750395809218742 -0.4929530468576116
v -0.8733635493296334 -0.05592019776360723 0.4838481602573517
v -0.88779645863357 -0.05684431595379255 0.456712351246862
v -0.9018187066942981 -0.05774214010187858 0.4282392619934313
v -0.9153238394633767 -0.05860685410998017 0.3984313059504163
v -0.9281996615580759 -0.05943127427092834 0.3673054749415084
v -0.9403298881871293 -0.06020795503867356 0.3348950634632317
v -0.9515962227052303 -0.06092932205107835 0.30125113551243904
v -0.9618808357153752 -0.06158783086323443 0.2664436093680106
v -0.9710691874344178 -0.06217614765942411 0.2305618352583379
v -0.9790530981582937 -0.06268734585054257 0.19371455200077498
v -0.9857339359427303 -0.06311511017665744 0.15602913317147468
v -0.9910257607566852 -0.06345393802258009 0.11765007125395135
v -0.9948582453112854 -0.06369932643429446 0.07873669759373723
v -0.9971791888274644 -0.06384793307184249 0.039460192749827136
v -0.9979564539126902 -0.06389770022472392 0.0
v -0.9971791888274644 -0.06384793307184249 -0.039460192749827136
v -0.9948582453112854 -0.06369932643429446 -0.07873669759373723
v -0.9910257607566852 -0.06345393802258009 -0.11765007125395135
v -0.9857339359427303 -0.06311511017665744 -0.15602913317147468
v -0.9790530981582937 -0.06268734585054257 -0.19371455200077498
v -0.9710691874344178 -0.06217614765942411 -0.2305618352583379
v -0.9618808357153752 -0.06158783086323443 -0.2664436093680106
v -0.9515962227052303 -0.06092932205107835 -0.30125113551243904
v -0.9403298881871293 -0.06020795503867356 -0.3348950634632317
v -0.9281996615580759 -0.05943127427092834 -0.3673054749415084
v -0.9153238394633767 -0.05860685410998017 -0.3984313059504163
v -0.9018187066942981 -0.05774214010187858 -0.4282392619934313
v -0.88779645863357 -0.05684431595379255 -0.456712351246862
v -0.8733635493296334 -0.05592019776360723 -0.4838481602573517
v -0.8763994844559669 -0.08521390304096021 0.47398579554016296
v -0.8907909392264183 -0.08661321015281787 0.446082564576491
v -0.9047246036371667 -0.08796800548207327 0.4168153327135141
v -0.918088758783995 -0.08926742639811033 0.3861921252158325
v -0.930766348550254 -0.09050009132351895 0.35423683867839306
v -0.9426368846945891 -0.09165428496921182 0.3209909588447352
v -0.9535787954489681 -0.09271818669284791 0.28651495375719105
v -0.9634721777482668 -0.09368013810308058 0.25088920748011423
v -0.9722018747898896 -0.09452894229623181 0.21421436395204557
v -0.9796607608740254 -0.09525418324723679 0.17661096845220947
v -0.9857530790712438 -0.0958465503370859 0.13821832689640914
v -0.9903976495784972 -0.09629815030706726 0.09919254990585614
v -0.9935307529014192 -0.0966027875957833 0.05970380614218081
v -0.9951084963168442 -0.09675619443457097 0.019932872260886088
v -0.9951084963168442 -0.09675619443457097 -0.019932872260886088
v -0.9935307529014192 -0.0966027875957833 -0.05970380614218081
v -0.9903976495784972 -0.09629815030706726 -0.09919254990585614
v -0.9857530790712438 -0.0958465503370859 -0.13821832689640914
v -0.9796607608740254 -0.09525418324723679 -0.17661096845220947
v -0.9722018747898896 -0.09452894229623181 -0.21421436395204557
v -0.9634721777482668 -0.09368013810308058 -0.25088920748011423
v -0.9535787954489681 -0.09271818669284791 -0.28651495375719105
v -0.9426368846945891 -0.09165428496921182 -0.3209909588447352
v -0.930766348550254 -0.09050009132351895 -0.35423683867839306
v -0.918088758783995 -0.08926742639811033 -0.3861921252158325
v -0.9047246036371667 -0.08796800548207327 -0.4168153327135141
v -0.8907909392264183 -0.08661321015281787 -0.446082564576491
v -0.8763994844559669 -0.08521390304096021 -0.47398579554016296
v -0.8786448994171827 -0.11533748742979379 0.463336168156071
v -0.8929380131670707 -0.11721370821996034 0.4346523337640905
v -0.9067230511853789 -0.11902323519748045 0.4045822264165865
v -0.9198834216871895 -0.12075076365446102 0.37314038052981185
v -0.9322977698793404 -0.12238036365499713 0.3403585093246224
v -0.9438421505934342 -0.12389576523119672 0.3062871759002282
v -0.9543926533514077 -0.12528070296888 0.27099706399236695
v -0.9638284211006921 -0.12651931226928728 0.2345797056470434
v -0.9720349617434304 -0.12759656404512046 0.19714753356896803
v -0.9789076100591599 -0.12849871915835293 0.15883315190137878
v -0.9843549621676316 -0.1292137792534531 0.11978776109019003
v -0.988302081193091 -0.12973190755680383 0.0801787282954641
v -0.9906932665358393 -0.1300457923919568 0.04018635989607089
v -0.9914941935918586 -0.13015092805520037 0.0
v -0.9906932665358393 -0.1300457923919568 -0.04018635989607089
v -0.988302081193091 -0.12973190755680383 -0.0801787282954641
v -0.9843549621676316 -0.1292137792534531 -0.11978776109019003
v -0.9789076100591599 -0.12849871915835293 -0.15883315190137878
v -0.9720349617434304 -0.12759656404512046 -0.19714753356896803
v -0.9638284211006921 -0.12651931226928728 -0.2345797056470434
v -0.9543926533514077 -0.12528070296888 -0.27099706399236695
v -0.9438421505934342 -0.12389576523119672 -0.3062871759002282
v -0.9322977698793404 -0.12238036365499713 -0.3403585093246224
v -0.9198834216871895 -0.12075076365446102 -0.37314038052981185
v -0.9067230511853789 -0.11902323519748045 -0.4045822264165865
v -0.8929380131670707 -0.11721370821996034 -0.4346523337640905
v -0.8786448994171827 -0.11533748742979379 -0.463336168156071
v -0.8800149802865912 -0.14622964608237346 0.4518744572088735
v -0.8941485713929096 -0.14857818567732084 0.42240129618273464
v -0.9077210426165108 -0.15083348553919823 0.3915249269603291
v -0.9206114850391812 -0.1529754545687464 0.3592673153982125
v -0.9326949852368779 -0.1549833362490901 0.32566889627209045
v -0.9438450729098895 -0.1568361153616467 0.2907901498709915
v -0.9539366183325746 -0.15851299944730496 0.2547126954245322
v -0.9628490991527271 -0.1599939616414058 0.21753975383609853
v -0.970470111215569 -0.16126032405761825 0.17939585034797478
v -0.9766989563172576 -0.16229535395497888 0.14042566294452025
v -0.981450107300438 -0.16308483952319971 0.1007919738751596
v -0.9846563338531626 -0.16361760928799637 0.06067274621878934
v -0.986271275667404 -0.16388595968569442 0.020257418672930835
v -0.986271275667404 -0.16388595968569442 -0.020257418672930835
v -0.9846563338531626 -0.16361760928799637 -0.06067274621878934
v -0.981450107300438 -0.16308483952319971 -0.1007919738751596
v -0.9766989563172576 -0.16229535395497888 -0.14042566294452025
v -0.970470111215569 -0.16126032405761825 -0.17939585034797478
v -0.9628490991527271 -0.1599939616414058 -0.21753975383609853
v -0.9539366183325746 -0.15851299944730496 -0.2547126954245322
v -0.9438450729098895 -0.1568361153616467 -0.2907901498709915
v -0.9326949852368779 -0.1549833362490901 -0.32566889627209045
v -0.9206114850391812 -0.1529754545687464 -0.3592673153982125
v -0.9077210426165108 -0.15083348553919823 -0.3915249269603291
v -0.8941485713929096 -0.14857818567732084 -0.42240129618273464
v -0.8800149802865912 -0.14622964608237346 -0.4518744572088735
v -0.880425781256419 -0.17781467703470452 0.43958205642413106
v -0.8943351033238337 -0.18062386511602072 0.40931618867728337
v -0.9076280630509187 -0.18330856993842362 0.3776364221702767
v -0.9201801649653643 -0.18584364784679508 0.3445730728877567
v -0.9318638598289596 -0.18820333843397608 0.310176159862391
v -0.9425512655474927 -0.19036181406774033 0.2745168329258866
v -0.9521173213394332 -0.1922938169206241 0.23768822936679068
v -0.9604432707621335 -0.19397536241727237 0.19980561158992216
v -0.9674203229974434 -0.1953844786838422 0.16100566493439175
v -0.9729533017274403 -0.19650194349105207 0.12144487993288135
v -0.9769640636735416 -0.19731197467743025 0.08129700449200697
v -0.979394460505177 -0.1978028283494646 0.04074962366361013
v -0.9802086324517009 -0.19796726210958834 0.0
v -0.979394460505177 -0.1978028283494646 -0.04074962366361013
v -0.9769640636735416 -0.19731197467743025 -0.08129700449200697
v -0.9729533017274403 -0.19650194349105207 -0.12144487993288135
v -0.9674203229974434 -0.1953844786838422 -0.16100566493439175
v -0.9604432707621335 -0.19397536241727237 -0.19980561158992216
v -0.9521173213394332 -0.1922938169206241 -0.23768822936679068
v -0.9425512655474927 -0.19036181406774033 -0.2745168329258866
v -0.9318638598289596 -0.18820333843397608 -0.310176159862391
v -0.9201801649653643 -0.18584364784679508 -0.3445730728877567
v -0.9076280630509187 -0.18330856993842362 -0.3776364221702767
v -0.8943351033238337 -0.18062386511602072 -0.40931618867728337
v -0.880425781256419 -0.17781467703470452 -0.43958205642413106
v -0.8797961883636218 -0.21000216035494146 0.42644783923370977
v -0.8934138974251714 -0.21325262717877422 0.3953921153600762
v -0.906358534193755 -0.2163424356166451 0.3629189414257753
v -0.9185029255516834 -0.21924123019554 0.3290678634193027
v -0.9297179870805038 -0.22191819922622696 0.2938992639513833
v -0.939875704299895 -0.22434278640739477 0.2574955818140232
v -0.9488525147087816 -0.22648549809891644 0.21996187051784008
v -0.9565329610412219 -0.22831877533247957 0.18142555297528729
v -0.962813440448733 -0.22981788871929154 0.14203526645126321
v -0.9676058382073501 -0.23096180579451966 0.10195874720290397
v -0.970840814882997 -0.2317339756442746 0.061379774269843715
v -0.9724705182242164 -0.2321229762184079 0.02049426983896566
v -0.9724705182242164 -0.2321229762184079 -0.02049426983896566
v -0.970840814882997 -0.2317339756442746 -0.061379774269843715
v -0.9676058382073501 -0.23096180579451966 -0.10195874720290397
v -0.962813440448733 -0.22981788871929154 -0.14203526645126321
v -0.9565329610412219 -0.22831877533247957 -0.18142555297528729
v -0.9488525147087816 -0.22648549809891644 -0.21996187051784008
v -0.939875704299895 -0.22434278640739477 -0.2574955818140232
v -0.9297179870805038 -0.22191819922622696 -0.2938992639513833
v -0.9185029255516834 -0.21924123019554 -0.3290678634193027
v -0.906358534193755 -0.2163424356166451 -0.3629189414257753
v -0.8934138974251714 -0.21325262717877422 -0.3953921153600762
v -0.8797961883636218 -0.21000216035494146 -0.42644783923370977
v -0.8780501083049647 -0.24268708117038695 0.4124693781829603
v -0.8913074614262478 -0.24635132345293775 0.38063372766858655
v -0.9038344632739457 -0.24981370160821487 0.3473850565109274
v -0.915502344047086 -0.25303862453857456 0.3127729408627245
v -0.9261817459413649 -0.25599033862624926 0.27686877760957995
v -0.9357459389410272 -0.2586338165563632 0.2397667339079066
v -0.9440743879116139 -0.26093574323711954 0.2015839477503192
v -0.9510565162951535 -0.2628655560595668 0.16245984811645314
v -0.9565954686952953 -0.26439648485055245 0.12255451060772854
v -0.960611644887223 -0.26550652864903956 0.08204602947005209
v -0.9630457679124536 -0.2661793037066536 0.04112696419812319
v -0.9638612634676226 -0.26640470113456743 0.0
v -0.9630457679124536 -0.2661793037066536 -0.04112696419812319
v -0.960611644887223 -0.26550652864903956 -0.08204602947005209
v -0.9565954686952953 -0.26439648485055245 -0.12255451060772854
v -0.9510565162951535 -0.2628655560595668 -0.16245984811645314
v -0.9440743879116139 -0.26093574323711954 -0.2015839477503192
v -0.9357459389410272 -0.2586338165563632 -0.2397667339079066
v -0.9261817459413649 -0.25599033862624926 -0.27686877760957995
v -0.915502344047086 -0.25303862453857456 -0.3127729408627245
v -0.9038344632739457 -0.24981370160821487 -0.3473850565109274
v -0.8913074614262478 -0.24635132345293775 -0.38063372766858655
v -0.8780501083049647 -0.24268708117038695 -0.4124693781829603
v -0.8751188121778101 -0.2757504711811535 0.3976540484087528
v -0.8879470745271305 -0.27979266446740847 0.365056239159035
v -0.8999881887167237 -0.28358682688869546 0.33105856247134313
v -0.9111130234715139 -0.287092269101521 0.295721300353452
v -0.9211933410130189 -0.2902685833037129 0.25912733939151916
v -0.9301052080059191 -0.29307671802576335 0.22138278928478863
v -0.9377326912292964 -0.2954801426390891 0.18261677115162414
v -0.9439716598569311 -0.2974460454568715 0.1429802623756833
v -0.9487334782899449 -0.2989464973478724 0.10264394232150857
v -0.9519483524043513 -0.2999595061410779 0.06179505668127298
v -0.9535680937508242 -0.3004698876267301 0.020633400349908963
v -0.9535680937508242 -0.3004698876267301 -0.020633400349908963
v -0.9519483524043513 -0.2999595061410779 -0.06179505668127298
v -0.9487334782899449 -0.2989464973478724 -0.10264394232150857
v -0.9439716598569311 -0.2974460454568715 -0.1429802623756833
v -0.9377326912292964 -0.2954801426390891 -0.18261677115162414
v -0.9301052080059191 -0.29307671802576335 -0.22138278928478863
v -0.9211933410130189 -0.2902685833037129 -0.25912733939151916
v -0.9111130234715139 -0.287092269101521 -0.295721300353452
v -0.8999881887167237 -0.28358682688869546 -0.33105856247134313
v -0.8879470745271305 -0.27979266446740847 -0.365056239159035
v -0.8751188121778101 -0.2757504711811535 -0.3976540484087528
v -0.8709433382523454 -0.30906062230949305 0.3820199383429215
v -0.8832753563567434 -0.3134367292527129 0.34868619360139497
v -0.894765086537747 -0.317513944157456 0.3139750550261502
v -0.9052843952476647 -0.32124679789588234 0.27795801582741286
v -0.9147076473226503 -0.3245907079099578 0.2407297079048919
v -0.9229152593553265 -0.3275032391517534 0.2024081332214689
v -0.9297974554742985 -0.3299454368493138 0.16313399552464636
v -0.935258027459989 -0.3318831608112994 0.12306904420507811
v -0.9392178706157669 -0.33328834015675324 0.08239340890836397
v -0.9416180563510772 -0.3341400636437275 0.041301983266975324
v -0.9424222167125194 -0.3344254258376018 0.0
v -0.9416180563510772 -0.3341400636437275 -0.041301983266975324
v -0.9392178706157669 -0.33328834015675324 -0.08239340890836397
v -0.935258027459989 -0.3318831608112994 -0.12306904420507811
v -0.9297974554742985 -0.3299454368493138 -0.16313399552464636
v -0.9229152593553265 -0.3275032391517534 -0.2024081332214689
v -0.9147076473226503 -0.3245907079099578 -0.2407297079048919
v -0.9052843952476647 -0.32124679789588234 -0.27795801582741286
v -0.894765086537747 -0.317513944157456 -0.3139750550261502
v -0.8832753563567434 -0.3134367292527129 -0.34868619360139497
v -0.8709433382523454 -0.30906062230949305 -0.3820199383429215
v -0.8654768353476817 -0.34247489551749194 0.3655964898858365
v -0.8772487149656807 -0.34713310597161595 0.33156190798938373
v -0.8881260803396727 -0.35143735123598163 0.29618212906373387
v -0.8979832364126437 -0.35533789294699597 0.259540149028745
v -0.9066986685227898 -0.3587866469510394 0.22174234252535113
v -0.914158673724025 -0.36173862024195547 0.18291826010701567
v -0.920261099255584 -0.3641533902981458 0.143219473296302
v -0.9249189753196432 -0.3659965425966487 0.10281741049530799
v -0.9280638083113687 -0.36724097376600345 0.061900201049726884
v -0.9296483021157386 -0.36786796842136205 0.02066862798697952
v -0.9296483021157386 -0.36786796842136205 -0.02066862798697952
v -0.9280638083113687 -0.36724097376600345 -0.061900201049726884
v -0.9249189753196432 -0.3659965425966487 -0.10281741049530799
v -0.920261099255584 -0.3641533902981458 -0.143219473296302
v -0.914158673724025 -0.36173862024195547 -0.18291826010701567
v -0.9066986685227898 -0.3587866469510394 -0.22174234252535113
v -0.8979832364126437 -0.35533789294699597 -0.259540149028745
v -0.8881260803396727 -0.35143735123598163 -0.29618212906373387
v -0.8772487149656807 -0.34713310597161595 -0.33156190798938373
v -0.8654768353476817 -0.34247489551749194 -0.3655964898858365
v -0.8586867125521431 -0.37584210890664 0.3484247965616146
v -0.8698395227337037 -0.3807236281354806 0.31373352334387034
v -0.8800497884878364 -0.38519260122826904 0.2777391397363972
v -0.8891957226704116 -0.3891957226704115 0.2405361848863923
v -0.8971614220271429 -0.39268226229119135 0.20224248739596448
v -0.9038405031465426 -0.39560565669892916 0.1629984946544405
v -0.9091397415487533 -0.39792510208869925 0.12296561903379395
v -0.912982492932299 -0.3996070517018511 0.08232358003196016
v -0.915311665591641 -0.4006265168356401 0.041266800699817925
v -0.9160920268893069 -0.400968076372473 0.0
v -0.915311665591641 -0.4006265168356401 -0.041266800699817925
v -0.912982492932299 -0.3996070517018511 -0.08232358003196016
v -0.9091397415487533 -0.39792510208869925 -0.12296561903379395
v -0.9038405031465426 -0.39560565669892916 -0.1629984946544405
v -0.8971614220271429 -0.39268226229119135 -0.20224248739596448
v -0.8891957226704116 -0.3891957226704115 -0.2405361848863923
v -0.8800497884878364 -0.38519260122826904 -0.2777391397363972
v -0.8698395227337037 -0.3807236281354806 -0.31373352334387034
v -0.8586867125521431 -0.37584210890664 -0.3484247965616146
v -0.8505564552831786 -0.4090054449246234 0.3305575024078644
v -0.8610378683054433 -0.4140456218229139 0.2952626159765146
v -0.8705341480560777 -0.4186120795817275 0.2587164932827835
v -0.8789288531862556 -0.4226488252738595 0.2210249794283899
v -0.8861130895537397 -0.4261034951828055 0.18231676805637753
v -0.8919890727412468 -0.428929067904108 0.1427422460840656
v -0.8964735862136608 -0.4310855272627575 0.1024713491948283
v -0.8995011135911031 -0.43254136852331204 0.061690446297184794
v -0.901026425250014 -0.4332748422037791 0.020598352227090992
v -0.901026425250014 -0.4332748422037791 -0.020598352227090992
v -0.8995011135911031 -0.43254136852331204 -0.061690446297184794
v -0.8964735862136608 -0.4310855272627575 -0.1024713491948283
v -0.8919890727412468 -0.428929067904108 -0.1427422460840656
v -0.8861130895537397 -0.4261034951828055 -0.18231676805637753
v -0.8789288531862556 -0.4226488252738595 -0.2210249794283899
v -0.8705341480560777 -0.4186120795817275 -0.2587164932827835
v -0.8610378683054433 -0.4140456218229139 -0.2952626159765146
v -0.8505564552831786 -0.4090054449246234 -0.3305575024078644
v -0.8410869746399976 -0.44180577123660203 0.31205826634294936
v -0.8508527468953723 -0.44693553150289744 0.27622134924879
v -0.859597378259831 -0.4515289073613311 0.23919446713063303
v -0.8672111164674978 -0.45552824819320126 0.20109424301364018
v -0.8735933162895316 -0.4588806871199444 0.1620593493834467
v -0.8786558506936645 -0.46153993281541733 0.12224887099083037
v -0.8823263125350244 -0.4634679512885492 0.08183969902645828
v -0.8845507926055213 -0.46463642513581926 0.041023014735026044
v -0.8852960331959687 -0.46502788476335705 0.0
v -0.8845507926055213 -0.46463642513581926 -0.041023014735026044
v -0.8823263125350244 -0.4634679512885492 -0.08183969902645828
v -0.8786558506936645 -0.46153993281541733 -0.12224887099083037
v -0.8735933162895316 -0.4588806871199444 -0.1620593493834467
v -0.8672111164674978 -0.45552824819320126 -0.20109424301364018
v -0.859597378259831 -0.4515289073613311 -0.23919446713063303
v -0.8508527468953723 -0.44693553150289744 -0.27622134924879
v -0.8410869746399976 -0.44180577123660203 -0.31205826634294936
v -0.8302973778480396 -0.47408522894010147 0.293000785049258
v -0.8393125809738874 -0.4792327516854295 0.25669117852190265
v -0.8472781857091934 -0.4837809721728549 0.21926159486974697
v -0.854092316886348 -0.487671721469838 0.180838619532319
v -0.8596636026731345 -0.4908528278639892 0.14156974117717513
v -0.8639143617644119 -0.49327993669357567 0.10162125561500872
v -0.8667834842525456 -0.4949181552739709 0.0611752483217424
v -0.8682288068267452 -0.4957434090947858 0.020425751767954758
v -0.8682288068267452 -0.4957434090947858 -0.020425751767954758
v -0.8667834842525456 -0.4949181552739709 -0.0611752483217424
v -0.8639143617644119 -0.49327993669357567 -0.10162125561500872
v -0.8596636026731345 -0.4908528278639892 -0.14156974117717513
v -0.854092316886348 -0.487671721469838 -0.180838619532319
v -0.8472781857091934 -0.4837809721728549 -0.21926159486974697
v -0.8393125809738874 -0.4792327516854295 -0.25669117852190265
v -0.8302973778480396 -0.47408522894010147 -0.293000785049258
v -0.81822508158865 -0.5056909108694415 0.2734673993793074
v -0.826465006573357 -0.5107834645747399 0.23676115649896284
v -0.8336351666024752 -0.5152148671775109 0.1990126871406027
v -0.8396425434090717 -0.5189276302272153 0.1603574565909282
v -0.8444058028747498 -0.5218714864742391 0.12095036865019153
v -0.8478581957971557 -0.5240051826428055 0.08096325328858756
v -0.849950068961268 -0.5252980313583807 0.04058150470036092
v -0.8506508083520399 -0.5257311121191336 0.0
v -0.849950068961268 -0.5252980313583807 -0.04058150470036092
v -0.8478581957971557 -0.5240051826428055 -0.08096325328858756
v -0.8444058028747498 -0.5218714864742391 -0.12095036865019153
v -0.8396425434090717 -0.5189276302272153 -0.1603574565909282
v -0.8336351666024752 -0.5152148671775109 -0.1990126871406027
v -0.826465006573357 -0.5107834645747399 -0.23676115649896284
v -0.81822508158865 -0.5056909108694415 -0.2734673993793074
v -0.8049252343143145 -0.5364784365015882 0.2535473414036464
v -0.8123759130305915 -0.5414442746915028 0.2165259183827774
v -0.8187454212152472 -0.5456895184067144 0.17854658983054106
v -0.8239503286226542 -0.5491585618271756 0.13975238793855504
v -0.8279198147302002 -0.5518042034469282 0.10030404496037161
v -0.830598234695188 -0.5535893562708862 0.0603771243503969
v -0.8319472297451418 -0.554488454378879 0.02015839477503192
v -0.8319472297451418 -0.554488454378879 -0.02015839477503192
v -0.830598234695188 -0.5535893562708862 -0.0603771243503969
v -0.8279198147302002 -0.5518042034469282 -0.10030404496037161
v -0.8239503286226542 -0.5491585618271756 -0.13975238793855504
v -0.8187454212152472 -0.5456895184067144 -0.17854658983054106
v -0.8123759130305915 -0.5414442746915028 -0.2165259183827774
v -0.8049252343143145 -0.5364784365015882 -0.2535473414036464
v -0.7904694635995504 -0.566315231434094 0.23333470758202193
v -0.7971277799199148 -0.5710854422032208 0.19608345208991892
v -0.8027024564495482 -0.5750793020225153 0.15796380216732472
v -0.8071201088323375 -0.5782442362125881 0.11912486392603408
v -0.8103206080572807 -0.5805371666074257 0.07973148904354434
v -0.8122592798354954 -0.581926087251817 0.039961122317984425
v -0.8129086024997529 -0.5823912808257851 0.0
v -0.8122592798354954 -0.581926087251817 -0.039961122317984425
v -0.8103206080572807 -0.5805371666074257 -0.07973148904354434
v -0.8071201088323375 -0.5782442362125881 -0.11912486392603408
v -0.8027024564495482 -0.5750793020225153 -0.15796380216732472
v -0.7971277799199148 -0.5710854422032208 -0.19608345208991892
v -0.7904694635995504 -0.566315231434094 -0.23333470758202193
v -0.7749440143527866 -0.59508333910218 0.21292626456543118
v -0.7808174074305257 -0.5995935466782457 0.17553277481790902
v -0.785613505248246 -0.6032764938991664 0.1373640865739407
v -0.7892691469276807 -0.6060836792143222 0.09857376678448401
v -0.7917347841663707 -0.607977054237342 0.05932902377348142
v -0.7929762998254374 -0.6089304202486431 0.019807352447232557
v -0.7929762998254374 -0.6089304202486431 -0.019807352447232557
v -0.7917347841663707 -0.607977054237342 -0.05932902377348142
v -0.7892691469276807 -0.6060836792143222 -0.09857376678448401
v -0.785613505248246 -0.6032764938991664 -0.1373640865739407
v -0.7808174074305257 -0.5995935466782457 -0.17553277481790902
v -0.7749440143527866 -0.59508333910218 -0.21292626456543118
v -0.7584473873343167 -0.6226816282136217 0.19241920520307185
v -0.7635531791048055 -0.6268734585054259 0.15497164160062002
v -0.7675964309159192 -0.6301929486415454 0.11684419851929759
v -0.7705241128862675 -0.6325965613464364 0.07819323521568113
v -0.772296883942043 -0.63405199778922 0.03918656852685111
v -0.7728905323153185 -0.634539380225801 0.0
v -0.772296883942043 -0.63405199778922 -0.03918656852685111
v -0.7705241128862675 -0.6325965613464364 -0.07819323521568113
v -0.7675964309159192 -0.6301929486415454 -0.11684419851929759
v -0.7635531791048055 -0.6268734585054259 -0.15497164160062002
v -0.7584473873343167 -0.6226816282136217 -0.19241920520307185
v -0.74108761980051 -0.6490273068499354 0.17190897225431467
v -0.745452023828924 -0.6528495504239531 0.1344944039006971
v -0.7487764056407108 -0.655760966721564 0.09649584903081317
v -0.7510175291529705 -0.65772369058662 0.05807079942693577
v -0.7521456636150109 -0.6587116845189162 0.019386009991399434
v -0.7521456636150109 -0.6587116845189162 -0.019386009991399434
v -0.7510175291529705 -0.65772369058662 -0.05807079942693577
v -0.7487764056407108 -0.655760966721564 -0.09649584903081317
v -0.745452023828924 -0.6528495504239531 -0.1344944039006971
v -0.74108761980051 -0.6490273068499354 -0.17190897225431467
v -0.72297936789934 -0.6740567073317085 0.15148725653666772
v -0.7266362547516173 -0.6774661394955789 0.11419011830057597
v -0.7292825544867066 -0.6799333690808849 0.07640398766858429
v -0.7308842799408055 -0.6814267087715821 0.038285896987528524
v -0.7314205382620619 -0.6819266794959965 0.0
v -0.7308842799408055 -0.6814267087715821 -0.038285896987528524
v -0.7292825544867066 -0.6799333690808849 -0.07640398766858429
v -0.7266362547516173 -0.6774661394955789 -0.11419011830057597
v -0.72297936789934 -0.6740567073317085 -0.15148725653666772
v -0.7042409525988711 -0.6977253583648625 0.13124025669457828
v -0.7072304565289836 -0.7006872035874011 0.0941409798476372
v -0.7092447404034536 -0.702682851430624 0.05664546332554151
v -0.7102583579163166 -0.7036870910162335 0.018908806073590134
v -0.7102583579163166 -0.7036870910162335 -0.018908806073590134
v -0.7092447404034536 -0.702682851430624 -0.05664546332554151
v -0.7072304565289836 -0.7006872035874011 -0.0941409798476372
v -0.7042409525988711 -0.6977253583648625 -0.13124025669457828
v -0.6849915186122514 -0.7200074069312279 0.11124726240879386
v -0.6873585714390034 -0.7224954604640829 0.0744211252140515
v -0.6887906362459505 -0.7240007305881516 0.03728808828193611
v -0.6892699839446963 -0.7245045819267661 0.0
v -0.6887906362459505 -0.7240007305881516 -0.03728808828193611
v -0.6873585714390034 -0.7224954604640829 -0.0744211252140515
v -0.6849915186122514 -0.7200074069312279 -0.11124726240879386
v -0.6653484319822918 -0.7408944876446022 0.09157959508836064
v -0.6671413036251347 -0.7428909283866042 0.05509582124122626
v -0.668043191614439 -0.7438952199842528 0.01839010120075393
v -0.668043191614439 -0.7438952199842528 -0.01839010120075393
v -0.6671413036251347 -0.7428909283866042 -0.05509582124122626
v -0.6653484319822918 -0.7408944876446022 -0.09157959508836064
v -0.6454250107960766 -0.7603941596283419 0.07229991315341976
v -0.6466939239077052 -0.761889103429742 0.03622102781367421
v -0.647118560988119 -0.762389380844635 0.0
v -0.6466939239077052 -0.761889103429742 -0.03622102781367421
v -0.6454250107960766 -0.7603941596283419 -0.07229991315341976
v -0.6253286492954697 -0.7785280401511081 0.05346186555646973
v -0.6261245199973067 -0.7795188913753609 0.017843302583059637
v -0.6261245199973067 -0.7795188913753609 -0.017843302583059637
v -0.6253286492954697 -0.7785280401511081 -0.05346186555646973
v -0.6051593623925604 -0.7953297617156287 0.035110058928900956
v -0.6055327024811289 -0.7958204233530959 0.0
v -0.6051593623925604 -0.7953297617156287 -0.035110058928900956
v -0.5850087483405252 -0.8108428675723047 0.017280291437762562
v -0.5850087483405252 -0.8108428675723047 -0.017280291437762562
v -0.564959343968111 -0.8251187427656227 0.0
v -0.8251187427656227 0.0 -0.564959343968111
v -0.8108428675723047 0.017280291437762562 -0.5850087483405251
v -0.7953297617156287 0.035110058928900956 -0.6051593623925604
v -0.7785280401511081 0.05346186555646973 -0.6253286492954697
v -0.760394159628342 0.07229991315341977 -0.6454250107960766
v -0.7408944876446022 0.09157959508836064 -0.6653484319822918
v -0.7200074069312279 0.11124726240879386 -0.6849915186122514
v -0.6977253583648625 0.13124025669457828 -0.7042409525988711
v -0.6740567073317085 0.15148725653666772 -0.72297936789934
v -0.6490273068499354 0.17190897225431467 -0.7410876198005099
v -0.6226816282136217 0.19241920520307185 -0.7584473873343167
v -0.59508333910218 0.21292626456543118 -0.7749440143527866
v -0.566315231434094 0.23333470758202193 -0.7904694635995504
v -0.5364784365015882 0.2535473414036464 -0.8049252343143145
v -0.5056909108694415 0.2734673993793074 -0.81822508158865
v -0.47408522894010147 0.293000785049258 -0.8302973778480396
v -0.44180577123660203 0.31205826634294936 -0.8410869746399976
v -0.4090054449246234 0.3305575024078644 -0.8505564552831784
v -0.37584210890664 0.3484247965616146 -0.8586867125521431
v -0.342474895517492 0.36559648988583654 -0.8654768353476818
v -0.30906062230949305 0.3820199383429215 -0.8709433382523454
v -0.2757504711811534 0.39765404840875274 -0.87511881217781
v -0.24268708117038695 0.4124693781829603 -0.8780501083049647
v -0.21000216035494146 0.42644783923370977 -0.8797961883636218
v -0.17781467703470452 0.43958205642413106 -0.880425781256419
v -0.14622964608237346 0.45187445720887354 -0.8800149802865913
v -0.11533748742979379 0.463336168156071 -0.8786448994171827
v -0.08521390304096021 0.47398579554016296 -0.8763994844559669
v -0.05592019776360723 0.4838481602573517 -0.8733635493296334
v -0.02750395809218742 0.4929530468576116 -0.8696210817839346
v -0.8108428675723047 -0.017280291437762562 -0.5850087483405252
v -0.7958204233530958 0.0 -0.6055327024811288
v -0.7795188913753609 0.017843302583059637 -0.6261245199973067
v -0.761889103429742 0.03622102781367421 -0.6466939239077052
v -0.7428909283866042 0.055095821241226264 -0.6671413036251346
v -0.7224954604640829 0.0744211252140515 -0.6873585714390034
v -0.700687203587401 0.09414097984763718 -0.7072304565289836
v -0.6774661394955789 0.11419011830057597 -0.7266362547516173
v -0.6528495504239531 0.1344944039006971 -0.745452023828924
v -0.6268734585054259 0.15497164160062002 -0.7635531791048054
v -0.5995935466782457 0.17553277481790902 -0.7808174074305257
v -0.5710854422032208 0.19608345208991892 -0.7971277799199148
v -0.5414442746915028 0.2165259183827774 -0.8123759130305915
v -0.5107834645747399 0.23676115649896284 -0.826465006573357
v -0.4792327516854295 0.25669117852190265 -0.8393125809738874
v -0.44693553150289744 0.27622134924879 -0.8508527468953723
v -0.4140456218229139 0.2952626159765146 -0.8610378683054433
v -0.38072362813548066 0.3137335233438704 -0.8698395227337037
v -0.34713310597161595 0.33156190798938373 -0.8772487149656807
v -0.3134367292527129 0.34868619360139497 -0.8832753563567434
v -0.27979266446740847 0.365056239159035 -0.8879470745271305
v -0.24635132345293775 0.38063372766858655 -0.8913074614262478
v -0.21325262717877425 0.39539211536007624 -0.8934138974251715
v -0.18062386511602072 0.40931618867728337 -0.8943351033238337
v -0.14857818567732084 0.42240129618273464 -0.8941485713929096
v -0.11721370821996034 0.4346523337640905 -0.8929380131670707
v -0.08661321015281787 0.446082564576491 -0.8907909392264183
v -0.05684431595379255 0.456712351246862 -0.88779645863357
v -0.027960098881803615 0.46656786881958917 -0.8840433567736745
v -0.7953297617156287 -0.035110058928900956 -0.6051593623925604
v -0.7795188913753609 -0.017843302583059637 -0.6261245199973067
v -0.762389380844635 0.0 -0.647118560988119
v -0.7438952199842528 0.01839010120075393 -0.668043191614439
v -0.7240007305881516 0.03728808828193611 -0.6887906362459505
v -0.7026828514306239 0.056645463325541504 -0.7092447404034538
v -0.6799333690808848 0.07640398766858428 -0.7292825544867066
v -0.655760966721564 0.09649584903081317 -0.7487764056407108
v -0.6301929486415454 0.11684419851929759 -0.7675964309159192
v -0.6032764938991664 0.1373640865739407 -0.785613505248246
v -0.5750793020225153 0.15796380216732472 -0.8027024564495482
v -0.5456895184067144 0.17854658983054106 -0.8187454212152472
v -0.5152148671775109 0.1990126871406027 -0.8336351666024752
v -0.48378097217285476 0.21926159486974695 -0.8472781857091934
v -0.4515289073613311 0.23919446713063303 -0.859597378259831
v -0.4186120795817275 0.2587164932827835 -0.8705341480560777
v -0.38519260122826904 0.2777391397363972 -0.8800497884878364
v -0.3514373512359817 0.29618212906373387 -0.8881260803396728
v -0.317513944157456 0.3139750550261502 -0.894765086537747
v -0.2835868268886954 0.3310585624713431 -0.8999881887167235
v -0.24981370160821487 0.3473850565109274 -0.9038344632739457
v -0.21634243561664512 0.36291894142577535 -0.9063585341937551
v -0.18330856993842362 0.3776364221702767 -0.9076280630509187
v -0.15083348553919823 0.3915249269603291 -0.9077210426165108
v -0.11902323519748045 0.4045822264165865 -0.9067230511853789
v -0.08796800548207327 0.4168153327135141 -0.9047246036371667
v -0.05774214010187858 0.4282392619934313 -0.9018187066942981
v -0.02840463434698674 0.438875736611262 -0.8980986942210395
v -0.7785280401511081 -0.05346186555646973 -0.6253286492954697
v -0.761889103429742 -0.03622102781367421 -0.6466939239077052
v -0.7438952199842528 -0.01839010120075393 -0.668043191614439
v -0.7245045819267661 0.0 -0.6892699839446963
v -0.7036870910162335 0.018908806073590134 -0.7102583579163166
v -0.6814267087715821 0.038285896987528524 -0.7308842799408055
v -0.65772369058662 0.05807079942693577 -0.7510175291529705
v -0.6325965613464364 0.07819323521568113 -0.7705241128862675
v -0.6060836792143222 0.09857376678448401 -0.7892691469276807
v -0.5782442362125881 0.11912486392603408 -0.8071201088323374
v -0.5491585618271756 0.13975238793855504 -0.8239503286226542
v -0.5189276302272153 0.1603574565909282 -0.8396425434090717
v -0.487671721469838 0.180838619532319 -0.854092316886348
v -0.45552824819320126 0.20109424301364018 -0.8672111164674979
v -0.4226488252738595 0.2210249794283899 -0.8789288531862556
v -0.3891957226704115 0.2405361848863923 -0.8891957226704116
v -0.355337892946996 0.25954014902874506 -0.8979832364126438
v -0.32124679789588234 0.2779580158274129 -0.9052843952476647
v -0.28709226910152097 0.295721300353452 -0.9111130234715137
v -0.25303862453857456 0.3127729408627245 -0.915502344047086
v -0.21924123019554 0.3290678634193027 -0.9185029255516834
v -0.18584364784679508 0.3445730728877567 -0.9201801649653643
v -0.1529754545687464 0.3592673153982125 -0.9206114850391812
v -0.12075076365446102 0.37314038052981185 -0.9198834216871895
v -0.08926742639811033 0.3861921252158325 -0.918088758783995
v -0.05860685410998017 0.3984313059504163 -0.9153238394633767
v -0.028834371857448447 0.4098743025996013 -0.9116861494330584
v -0.760394159628342 -0.07229991315341977 -0.6454250107960766
v -0.7428909283866042 -0.05509582124122626 -0.6671413036251347
v -0.7240007305881516 -0.03728808828193611 -0.6887906362459505
v -0.7036870910162335 -0.018908806073590134 -0.7102583579163166
v -0.6819266794959965 0.0 -0.7314205382620619
v -0.6587116845189162 0.019386009991399434 -0.7521456636150109
v -0.63405199778922 0.03918656852685111 -0.772296883942043
v -0.607977054237342 0.05932902377348142 -0.7917347841663707
v -0.5805371666074258 0.07973148904354435 -0.8103206080572807
v -0.5518042034469282 0.10030404496037162 -0.8279198147302002
v -0.5218714864742391 0.12095036865019153 -0.8444058028747498
v -0.4908528278639892 0.14156974117717513 -0.8596636026731345
v -0.4588806871199444 0.1620593493834467 -0.8735933162895316
v -0.4261034951828055 0.18231676805637753 -0.8861130895537397
v -0.39268226229119135 0.20224248739596448 -0.8971614220271429
v -0.3587866469510394 0.22174234252535113 -0.9066986685227898
v -0.3245907079099578 0.2407297079048919 -0.9147076473226503
v -0.2902685833037129 0.25912733939151916 -0.9211933410130188
v -0.25599033862624926 0.27686877760957995 -0.9261817459413649
v -0.22191819922622696 0.2938992639513833 -0.9297179870805038
v -0.18820333843397608 0.310176159862391 -0.9318638598289596
v -0.1549833362490901 0.32566889627209045 -0.9326949852368779
v -0.12238036365499713 0.3403585093246224 -0.9322977698793404
v -0.09050009132351895 0.35423683867839306 -0.930766348550254
v -0.05943127427092834 0.3673054749415084 -0.9281996615580759
v -0.029245929216474693 0.37957454405545377 -0.9246987839990704
v -0.7408944876446022 -0.09157959508836064 -0.6653484319822917
v -0.7224954604640829 -0.0744211252140515 -0.6873585714390034
v -0.7026828514306239 -0.056645463325541504 -0.7092447404034538
v -0.6814267087715821 -0.038285896987528524 -0.7308842799408055
v -0.6587116845189162 -0.019386009991399434 -0.7521456636150109
v -0.634539380225801 0.0 -0.7728905323153185
v -0.6089304202486431 0.019807352447232557 -0.7929762998254374
v -0.581926087251817 0.039961122317984425 -0.8122592798354954
v -0.5535893562708862 0.0603771243503969 -0.8305982346951879
v -0.5240051826428055 0.08096325328858756 -0.8478581957971557
v -0.49327993669357567 0.10162125561500872 -0.8639143617644119
v -0.46153993281541733 0.12224887099083037 -0.8786558506936645
v -0.428929067904108 0.1427422460840656 -0.8919890727412468
v -0.3956056566989291 0.16299849465444047 -0.9038405031465426
v -0.36173862024195547 0.18291826010701567 -0.914158673724025
v -0.3275032391517534 0.2024081332214689 -0.9229152593553265
v -0.29307671802576335 0.22138278928478863 -0.9301052080059191
v -0.2586338165563632 0.2397667339079066 -0.9357459389410272
v -0.2243427864073948 0.2574955818140232 -0.9398757042998951
v -0.19036181406774033 0.2745168329258866 -0.9425512655474927
v -0.1568361153616467 0.2907901498709915 -0.9438450729098895
v -0.12389576523119672 0.3062871759002282 -0.9438421505934342
v -0.09165428496921182 0.3209909588447352 -0.9426368846945891
v -0.06020795503867356 0.3348950634632317 -0.9403298881871293
v -0.02963577950578409 0.3480024613357704 -0.9370250836969788
v -0.7200074069312279 -0.11124726240879386 -0.6849915186122514
v -0.7006872035874011 -0.0941409798476372 -0.7072304565289836
v -0.6799333690808848 -0.07640398766858428 -0.7292825544867066
v -0.65772369058662 -0.05807079942693577 -0.7510175291529705
v -0.63405199778922 -0.03918656852685111 -0.772296883942043
v -0.6089304202486431 -0.019807352447232557 -0.7929762998254374
v -0.5823912808257851 0.0 -0.8129086024997529
v -0.554488454378879 0.02015839477503192 -0.8319472297451418
v -0.5252980313583807 0.04058150470036092 -0.849950068961268
v -0.4949181552739709 0.0611752483217424 -0.8667834842525456
v -0.4634679512885492 0.08183969902645828 -0.8823263125350244
v -0.4310855272627575 0.1024713491948283 -0.8964735862136608
v -0.39792510208869925 0.12296561903379395 -0.9091397415487533
v -0.3641533902981458 0.143219473296302 -0.9202610992555841
v -0.3299454368493138 0.16313399552464636 -0.9297974554742985
v -0.2954801426390891 0.1826167711516241 -0.9377326912292963
v -0.26093574323711954 0.2015839477503192 -0.9440743879116139
v -0.22648549809891644 0.21996187051784008 -0.9488525147087816
v -0.1922938169206241 0.23768822936679068 -0.9521173213394332
v -0.15851299944730496 0.2547126954245322 -0.9539366183325746
v -0.12528070296888 0.27099706399236695 -0.9543926533514077
v -0.09271818669284791 0.28651495375719105 -0.9535787954489681
v -0.06092932205107835 0.30125113551243904 -0.9515962227052303
v -0.03000030862213449 0.31520057682491587 -0.9485507776876348
v -0.6977253583648625 -0.13124025669457828 -0.7042409525988711
v -0.6774661394955789 -0.11419011830057597 -0.7266362547516173
v -0.655760966721564 -0.09649584903081317 -0.7487764056407108
v -0.6325965613464364 -0.07819323521568113 -0.7705241128862675
v -0.607977054237342 -0.05932902377348142 -0.7917347841663707
v -0.581926087251817 -0.039961122317984425 -0.8122592798354954
v -0.554488454378879 -0.02015839477503192 -0.8319472297451418
v -0.5257311121191336 0.0 -0.8506508083520399
v -0.4957434090947858 0.020425751767954758 -0.8682288068267452
v -0.46463642513581926 0.041023014735026044 -0.8845507926055213
v -0.43254136852331204 0.061690446297184794 -0.8995011135911031
v -0.3996070517018511 0.08232358003196016 -0.912982492932299
v -0.3659965425966487 0.10281741049530799 -0.9249189753196432
v -0.3318831608112994 0.12306904420507811 -0.935258027459989
v -0.2974460454568714 0.1429802623756833 -0.9439716598569309
v -0.2628655560595668 0.16245984811645314 -0.9510565162951535
v -0.22831877533247957 0.18142555297528729 -0.9565329610412219
v -0.19397536241727237 0.19980561158992216 -0.9604432707621335
v -0.1599939616414058 0.21753975383609853 -0.9628490991527271
v -0.12651931226928728 0.2345797056470434 -0.9638284211006921
v -0.09368013810308058 0.25088920748011423 -0.9634721777482668
v -0.06158783086323443 0.2664436093680106 -0.9618808357153752
v -0.030335885146298366 0.281229121488382 -0.9591610476344749
v -0.6740567073317085 -0.15148725653666772 -0.72297936789934
v -0.6528495504239531 -0.1344944039006971 -0.745452023828924
v -0.6301929486415454 -0.11684419851929759 -0.7675964309159192
v -0.6060836792143222 -0.09857376678448401 -0.7892691469276807
v -0.5805371666074258 -0.07973148904354435 -0.8103206080572807
v -0.5535893562708862 -0.0603771243503969 -0.830598234695188
v -0.5252980313583807 -0.04058150470036092 -0.849950068961268
v -0.4957434090947858 -0.020425751767954758 -0.8682288068267452
v -0.46502788476335705 0.0 -0.8852960331959687
v -0.4332748422037791 0.020598352227090992 -0.901026425250014
v -0.4006265168356401 0.041266800699817925 -0.915311665591641
v -0.36724097376600345 0.061900201049726884 -0.9280638083113687
v -0.33328834015675324 0.08239340890836397 -0.9392178706157669
v -0.2989464973478724 0.10264394232150857 -0.9487334782899449
v -0.26439648485055245 0.12255451060772854 -0.9565954686952953
v -0.22981788871929154 0.14203526645126321 -0.962813440448733
v -0.1953844786838422 0.16100566493439175 -0.9674203229974434
v -0.16126032405761828 0.1793958503479748 -0.970470111215569
v -0.12759656404512046 0.19714753356896803 -0.9720349617434304
v -0.09452894229623181 0.21421436395204557 -0.9722018747898896
v -0.06217614765942411 0.2305618352583379 -0.9710691874344178
v -0.030638941242350382 0.24616679187208504 -0.9687430855799453
v -0.6490273068499354 -0.17190897225431467 -0.74108761980051
v -0.6268734585054259 -0.15497164160062002 -0.7635531791048055
v -0.6032764938991664 -0.1373640865739407 -0.785613505248246
v -0.5782442362125881 -0.11912486392603408 -0.8071201088323375
v -0.5518042034469282 -0.10030404496037162 -0.8279198147302002
v -0.5240051826428055 -0.08096325328858756 -0.8478581957971557
v -0.4949181552739708 -0.06117524832174239 -0.8667834842525456
v -0.46463642513581926 -0.041023014735026044 -0.8845507926055213
v -0.4332748422037791 -0.020598352227090992 -0.901026425250014
v -0.400968076372473 0.0 -0.9160920268893069
v -0.36786796842136205 0.02066862798697952 -0.9296483021157386
v -0.3341400636437275 0.041301983266975324 -0.9416180563510772
v -0.2999595061410779 0.06179505668127298 -0.9519483524043513
v -0.26550652864903956 0.08204602947005209 -0.960611644887223
v -0.2309618057945197 0.10195874720290399 -0.9676058382073502
v -0.19650194349105207 0.12144487993288135 -0.9729533017274403
v -0.16229535395497888 0.14042566294452025 -0.9766989563172576
v -0.12849871915835295 0.1588331519013788 -0.9789076100591599
v -0.09525418324723679 0.17661096845220947 -0.9796607608740254
v -0.06268734585054257 0.19371455200077498 -0.9790530981582937
v -0.030906062230949306 0.2101109660886068 -0.9771889260765745
v -0.6226816282136217 -0.19241920520307185 -0.7584473873343167
v -0.5995935466782457 -0.17553277481790902 -0.7808174074305257
v -0.5750793020225153 -0.15796380216732472 -0.8027024564495482
v -0.5491585618271756 -0.13975238793855504 -0.8239503286226542
v -0.5218714864742391 -0.12095036865019153 -0.8444058028747498
v -0.49327993669357567 -0.10162125561500872 -0.8639143617644118
v -0.4634679512885492 -0.08183969902645828 -0.8823263125350244
v -0.43254136852331204 -0.061690446297184794 -0.8995011135911031
v -0.4006265168356401 -0.041266800699817925 -0.915311665591641
v -0.36786796842136205 -0.02066862798697952 -0.9296483021157386
v -0.3344254258376018 0.0 -0.9424222167125194
v -0.30046988762673005 0.02063340034990896 -0.9535680937508241
v -0.2661793037066536 0.04112696419812319 -0.9630457679124536
v -0.23173397564427461 0.06137977426984372 -0.970840814882997
v -0.19731197467743025 0.08129700449200697 -0.9769640636735416
v -0.16308483952319971 0.1007919738751596 -0.981450107300438
v -0.1292137792534531 0.11978776109019003 -0.9843549621676316
v -0.0958465503370859 0.13821832689640914 -0.9857530790712438
v -0.06311511017665744 0.15602913317147468 -0.9857339359427303
v -0.031134081410681084 0.17317728468276464 -0.9843984442514208
v -0.59508333910218 -0.21292626456543118 -0.7749440143527866
v -0.5710854422032208 -0.19608345208991892 -0.7971277799199148
v -0.5456895184067144 -0.17854658983054106 -0.8187454212152472
v -0.5189276302272153 -0.1603574565909282 -0.8396425434090717
v -0.4908528278639892 -0.14156974117717513 -0.8596636026731345
v -0.46153993281541733 -0.12224887099083037 -0.8786558506936645
v -0.4310855272627575 -0.1024713491948283 -0.8964735862136608
v -0.3996070517018511 -0.08232358003196016 -0.912982492932299
v -0.36724097376600345 -0.061900201049726884 -0.9280638083113687
v -0.3341400636437275 -0.041301983266975324 -0.9416180563510772
v -0.30046988762673005 -0.02063340034990896 -0.9535680937508241
v -0.26640470113456743 0.0 -0.9638612634676226
v -0.2321229762184079 0.02049426983896566 -0.9724705182242164
v -0.1978028283494646 0.04074962366361013 -0.979394460505177
v -0.16361760928799637 0.06067274621878934 -0.9846563338531626
v -0.12973190755680383 0.0801787282954641 -0.988302081193091
v -0.09629815030706726 0.09919254990585614 -0.9903976495784972
v -0.06345393802258009 0.11765007125395135 -0.9910257607566852
v -0.03132017574222 0.13549853199618345 -0.9902823811511319
v -0.566315231434094 -0.23333470758202193 -0.7904694635995504
v -0.5414442746915028 -0.21652591838277738 -0.8123759130305916
v -0.5152148671775109 -0.1990126871406027 -0.8336351666024752
v -0.487671721469838 -0.180838619532319 -0.854092316886348
v -0.4588806871199444 -0.1620593493834467 -0.8735933162895316
v -0.428929067904108 -0.1427422460840656 -0.8919890727412468
v -0.39792510208869925 -0.12296561903379395 -0.9091397415487533
v -0.3659965425966487 -0.10281741049530799 -0.9249189753196432
v -0.33328834015675324 -0.08239340890836397 -0.9392178706157669
v -0.29995950614107786 -0.06179505668127297 -0.9519483524043513
v -0.2661793037066536 -0.04112696419812319 -0.9630457679124536
v -0.2321229762184079 -0.02049426983896566 -0.9724705182242164
v -0.19796726210958834 0.0 -0.9802086324517009
v -0.16388595968569442 0.020257418672930835 -0.986271275667404
v -0.1300457923919568 0.04018635989607089 -0.9906932665358393
v -0.0966027875957833 0.05970380614218081 -0.9935307529014192
v -0.06369932643429446 0.07873669759373723 -0.9948582453112854
v -0.031461957301894106 0.09722279482584247 -0.9947652353238858
v -0.5364784365015882 -0.25354734140364643 -0.8049252343143145
v -0.5107834645747399 -0.23676115649896284 -0.826465006573357
v -0.48378097217285476 -0.21926159486974695 -0.8472781857091934
v -0.45552824819320126 -0.20109424301364018 -0.8672111164674978
v -0.4261034951828055 -0.18231676805637753 -0.8861130895537397
v -0.39560565669892916 -0.1629984946544405 -0.9038405031465426
v -0.36415339029814586 -0.14321947329630202 -0.9202610992555841
v -0.3318831608112994 -0.12306904420507811 -0.935258027459989
v -0.29894649734787243 -0.10264394232150859 -0.9487334782899449
v -0.26550652864903956 -0.08204602947005209 -0.960611644887223
v -0.2317339756442746 -0.061379774269843715 -0.970840814882997
v -0.1978028283494646 -0.04074962366361013 -0.979394460505177
v -0.16388595968569442 -0.020257418672930835 -0.986271275667404
v -0.13015092805520037 0.0 -0.9914941935918586
v -0.09675619443457097 0.019932872260886088 -0.9951084963168442
v -0.06384793307184249 0.039460192749827136 -0.9971791888274644
v -0.03155755508832872 0.058510924939303016 -0.9977878493846246
v -0.5056909108694415 -0.2734673993793074 -0.81822508158865
v -0.47923275168542956 -0.2566911785219027 -0.8393125809738873
v -0.4515289073613311 -0.23919446713063303 -0.859597378259831
v -0.4226488252738595 -0.2210249794283899 -0.8789288531862556
v -0.39268226229119135 -0.20224248739596448 -0.8971614220271429
v -0.36173862024195547 -0.18291826010701567 -0.914158673724025
v -0.3299454368493138 -0.16313399552464636 -0.9297974554742985
v -0.2974460454568714 -0.1429802623756833 -0.9439716598569309
v -0.26439648485055245 -0.12255451060772854 -0.9565954686952953
v -0.23096180579451972 -0.101958747202904 -0.9676058382073502
v -0.19731197467743025 -0.08129700449200697 -0.9769640636735416
v -0.16361760928799637 -0.06067274621878934 -0.9846563338531626
v -0.1300457923919568 -0.04018635989607089 -0.9906932665358393
v -0.09675619443457097 -0.019932872260886088 -0.9951084963168442
v -0.06389770022472392 0.0 -0.9979564539126902
v -0.03160568192934009 0.01953338566995053 -0.9993095254794934
v -0.47408522894010147 -0.293000785049258 -0.8302973778480396
v -0.44693553150289744 -0.27622134924879 -0.8508527468953723
v -0.4186120795817275 -0.2587164932827835 -0.8705341480560777
v -0.3891957226704115 -0.2405361848863923 -0.8891957226704116
v -0.3587866469510394 -0.22174234252535113 -0.9066986685227898
v -0.3275032391517534 -0.2024081332214689 -0.9229152593553265
v -0.2954801426390891 -0.1826167711516241 -0.9377326912292963
v -0.2628655560595668 -0.16245984811645314 -0.9510565162951535
v -0.22981788871929154 -0.14203526645126321 -0.962813440448733
v -0.19650194349105207 -0.12144487993288135 -0.9729533017274403
v -0.16308483952319971 -0.1007919738751596 -0.981450107300438
v -0.12973190755680383 -0.0801787282954641 -0.988302081193091
v -0.0966027875957833 -0.05970380614218081 -0.9935307529014192
v -0.06384793307184249 -0.039460192749827136 -0.9971791888274644
v -0.03160568192934009 -0.01953338566995053 -0.9993095254794934
v -0.44180577123660203 -0.31205826634294936 -0.8410869746399976
v -0.4140456218229139 -0.2952626159765146 -0.8610378683054433
v -0.38519260122826904 -0.2777391397363972 -0.8800497884878364
v -0.355337892946996 -0.25954014902874506 -0.8979832364126438
v -0.3245907079099578 -0.2407297079048919 -0.9147076473226503
v -0.2930767180257633 -0.2213827892847886 -0.9301052080059191
v -0.26093574323711954 -0.2015839477503192 -0.9440743879116139
v -0.22831877533247957 -0.18142555297528729 -0.9565329610412219
v -0.1953844786838422 -0.16100566493439175 -0.9674203229974434
v -0.16229535395497888 -0.14042566294452025 -0.9766989563172576
v -0.1292137792534531 -0.11978776109019003 -0.9843549621676316
v -0.09629815030706726 -0.09919254990585614 -0.9903976495784972
v -0.06369932643429446 -0.07873669759373723 -0.9948582453112854
v -0.03155755508832872 -0.05851092493930301 -0.9977878493846246
v -0.4090054449246234 -0.3305575024078644 -0.8505564552831786
v -0.3807236281354806 -0.31373352334387034 -0.8698395227337037
v -0.3514373512359817 -0.29618212906373387 -0.8881260803396728
v -0.32124679789588234 -0.27795801582741286 -0.9052843952476647
v -0.2902685833037129 -0.25912733939151916 -0.9211933410130188
v -0.2586338165563632 -0.2397667339079066 -0.9357459389410272
v -0.2264854980989164 -0.21996187051784005 -0.9488525147087816
v -0.19397536241727237 -0.19980561158992216 -0.9604432707621335
v -0.16126032405761825 -0.17939585034797478 -0.970470111215569
v -0.12849871915835293 -0.15883315190137878 -0.9789076100591599
v -0.0958465503370859 -0.13821832689640914 -0.9857530790712438
v -0.06345393802258009 -0.11765007125395135 -0.9910257607566852
v -0.03146195730189411 -0.09722279482584248 -0.9947652353238858
v -0.37584210890664 -0.3484247965616146 -0.8586867125521431
v -0.34713310597161595 -0.33156190798938373 -0.8772487149656807
v -0.317513944157456 -0.3139750550261502 -0.894765086537747
v -0.28709226910152097 -0.295721300353452 -0.9111130234715137
v -0.25599033862624926 -0.27686877760957995 -0.9261817459413649
v -0.2243427864073948 -0.2574955818140232 -0.939875704299895
v -0.1922938169206241 -0.23768822936679068 -0.9521173213394332
v -0.1599939616414058 -0.21753975383609853 -0.9628490991527271
v -0.12759656404512046 -0.19714753356896803 -0.9720349617434304
v -0.09525418324723679 -0.17661096845220947 -0.9796607608740254
v -0.06311511017665744 -0.15602913317147468 -0.9857339359427303
v -0.03132017574222 -0.13549853199618345 -0.9902823811511319
v -0.342474895517492 -0.36559648988583654 -0.8654768353476818
v -0.3134367292527129 -0.34868619360139497 -0.8832753563567434
v -0.2835868268886954 -0.3310585624713431 -0.8999881887167235
v -0.25303862453857456 -0.3127729408627245 -0.915502344047086
v -0.22191819922622696 -0.2938992639513833 -0.9297179870805038
v -0.19036181406774033 -0.2745168329258866 -0.9425512655474927
v -0.15851299944730496 -0.2547126954245322 -0.9539366183325746
v -0.12651931226928728 -0.2345797056470434 -0.9638284211006921
v -0.09452894229623181 -0.21421436395204557 -0.9722018747898896
v -0.06268734585054257 -0.19371455200077498 -0.9790530981582937
v -0.031134081410681084 -0.17317728468276464 -0.9843984442514208
v -0.30906062230949305 -0.3820199383429214 -0.8709433382523455
v -0.2797926644674084 -0.36505623915903496 -0.8879470745271305
v -0.24981370160821487 -0.3473850565109274 -0.9038344632739457
v -0.21924123019554 -0.3290678634193027 -0.9185029255516834
v -0.18820333843397608 -0.310176159862391 -0.9318638598289596
v -0.1568361153616467 -0.2907901498709915 -0.9438450729098895
v -0.12528070296888 -0.27099706399236695 -0.9543926533514077
v -0.09368013810308058 -0.25088920748011423 -0.9634721777482668
v -0.06217614765942411 -0.2305618352583379 -0.9710691874344178
v -0.030906062230949303 -0.21011096608860677 -0.9771889260765745
v -0.2757504711811534 -0.39765404840875274 -0.87511881217781
v -0.24635132345293775 -0.38063372766858655 -0.8913074614262478
v -0.21634243561664515 -0.3629189414257754 -0.9063585341937551
v -0.18584364784679513 -0.3445730728877568 -0.9201801649653644
v -0.1549833362490901 -0.32566889627209045 -0.9326949852368779
v -0.12389576523119673 -0.3062871759002282 -0.9438421505934342
v -0.09271818669284793 -0.2865149537571911 -0.9535787954489681
v -0.06158783086323443 -0.2664436093680106 -0.9618808357153752
v -0.030638941242350382 -0.24616679187208504 -0.9687430855799453
v -0.24268708117038695 -0.4124693781829603 -0.8780501083049647
v -0.21325262717877425 -0.39539211536007624 -0.8934138974251714
v -0.18330856993842365 -0.37763642217027676 -0.9076280630509187
v -0.1529754545687464 -0.3592673153982125 -0.9206114850391812
v -0.12238036365499713 -0.3403585093246224 -0.9322977698793404
v -0.09165428496921182 -0.3209909588447352 -0.9426368846945891
v -0.06092932205107835 -0.30125113551243904 -0.9515962227052303
v -0.030335885146298366 -0.281229121488382 -0.9591610476344749
v -0.21000216035494146 -0.42644783923370977 -0.8797961883636218
v -0.18062386511602072 -0.40931618867728337 -0.8943351033238337
v -0.15083348553919823 -0.3915249269603291 -0.9077210426165108
v -0.12075076365446102 -0.37314038052981185 -0.9198834216871895
v -0.09050009132351895 -0.35423683867839306 -0.930766348550254
v -0.06020795503867356 -0.3348950634632317 -0.9403298881871293
v -0.03000030862213449 -0.31520057682491587 -0.9485507776876348
v -0.17781467703470452 -0.43958205642413106 -0.880425781256419
v -0.14857818567732084 -0.42240129618273464 -0.8941485713929096
v -0.11902323519748045 -0.4045822264165865 -0.9067230511853789
v -0.08926742639811033 -0.3861921252158325 -0.918088758783995
v -0.05943127427092834 -0.3673054749415084 -0.9281996615580759
v -0.02963577950578409 -0.3480024613357704 -0.9370250836969788
v -0.14622964608237346 -0.45187445720887354 -0.8800149802865913
v -0.11721370821996034 -0.4346523337640905 -0.8929380131670707
v -0.08796800548207327 -0.4168153327135141 -0.9047246036371667
v -0.05860685410998017 -0.3984313059504163 -0.9153238394633767
v -0.029245929216474693 -0.37957454405545377 -0.9246987839990704
v -0.11533748742979379 -0.463336168156071 -0.8786448994171827
v -0.08661321015281787 -0.446082564576491 -0.8907909392264183
v -0.05774214010187858 -0.4282392619934313 -0.9018187066942981
v -0.028834371857448447 -0.4098743025996013 -0.9116861494330584
v -0.08521390304096021 -0.47398579554016296 -0.8763994844559669
v -0.05684431595379255 -0.456712351246862 -0.88779645863357
v -0.02840463434698674 -0.438875736611262 -0.8980986942210395
v -0.05592019776360723 -0.4838481602573517 -0.8733635493296334
v -0.027960098881803615 -0.46656786881958917 -0.8840433567736745
v -0.02750395809218742 -0.4929530468576116 -0.8696210817839346
v 0.04450233901831196 0.5374553858759236 -0.8421171236917472
v 0.06252068175732874 0.5570486494587215 -0.8281231590100674
v 0.08106972274033818 0.5767547280455737 -0.8128847911800792
v 0.10011685926607475 0.5964942774380213 -0.7963486620032646
v 0.1196208206582494 0.6161790815796019 -0.7784691379166969
v 0.13953129361181685 0.6357126524765078 -0.7592104066622744
v 0.159788781432394 0.654991209990117 -0.7385486173326935
v 0.1803247499401021 0.6739050674525727 -0.716473966464088
v 0.20106210484610157 0.6923404266569897 -0.692992614398792
v 0.22191603140241004 0.7101815575695606 -0.6681283037670814
v 0.2427952071340601 0.7273133059236357 -0.641923548733929
v 0.2636033734499631 0.7436238386105666 -0.6144402722444919
v 0.28424122384908457 0.7590075062976563 -0.5857597903992625
v 0.30460853813840943 0.7733676792259858 -0.5559820781480225
v 0.324606466978598 0.7866193996593099 -0.5252242965393921
v 0.34413985264854857 0.7986916959186995 -0.49361861461005196
v 0.3631194630777124 0.8095294195516689 -0.4613094128830364
v 0.381464018674927 0.8190944979812843 -0.4284500038897919
v 0.39910190544614654 0.8273665368099231 -0.39519904204895195
v 0.4159724918168248 0.8343427539370007 -0.3617168160377992
v 0.4320269974910168 0.8400372760213961 -0.32816161922663917
v 0.44722889671818655 0.8444798709354596 -0.2946863782482369
v 0.4615538714284841 0.8477142231586663 -0.2614356892696124
v 0.47498935825730987 0.8497958797414874 -0.2285433707564071
v 0.4875337549475872 0.8507900017506349 -0.19613059605237665
v 0.4991953647137031 0.8507690510701167 -0.1643046243707284
v 0.509991161865676 0.8498105275597344 -0.13315810928195035
v 0.5199454593516001 0.8479948501089801 -0.1027689325054107
v 0.5290885505769178 0.8454034504478299 -0.07320048920136979
v 0.5374553858759236 0.8421171236917472 -0.04450233901831196
v 0.07320048920136979 0.5290885505769178 -0.8454034504478299
v 0.09197603528047425 0.5486883865273363 -0.8309521426797776
v 0.1112720478510575 0.5683823798954282 -0.8152054965414801
v 0.13104890973732858 0.588087069797725 -0.7981101312434162
v 0.15125764300630543 0.6077100293542063 -0.779621475880755
v 0.17183964285975084 0.6271506164003298 -0.7597060230711086
v 0.1927266938377704 0.6463011344779054 -0.738343595526456
v 0.21384132193066907 0.665048423888383 -0.7155295122624376
v 0.23509752410317752 0.6832758761694998 -0.6912765229670094
v 0.2564018978513176 0.7008658332542629 -0.6656163689055808
v 0.27765516828743514 0.7177022972538684 -0.6386008299711143
v 0.29875408053048286 0.7336738418973348 -0.6103021326212047
v 0.3195935936139404 0.7486765865962971 -0.5808126234883714
v 0.34006928232063244 0.7626170735015146 -0.550243657324567
v 0.36007982928845783 0.7754148807491634 -0.5187237022272607
v 0.3795294750704596 0.7870048138235298 -0.48639572425272454
v 0.3983302912076777 0.7973385418711488 -0.45341397061978256
v 0.41640415178443424 0.8063855847111235 -0.41994031855346436
v 0.43368430145890985 0.8141336047890234 -0.38614038926448463
v 0.4501164498520926 0.8205880105062009 -0.3521796396528679
v 0.4656593593615154 0.8257709268677065 -0.31821963701046474
v 0.4802849312986796 0.8297196305630133 -0.28441469621979637
v 0.49397782935020945 0.8324845753740931 -0.2509090191178291
v 0.5067347063229826 0.8341271482851601 -0.21783442772304645
v 0.5185631179478138 0.8347172971219813 -0.18530873317147167
v 0.5294802156877448 0.8343311590570904 -0.15343473603363453
v 0.5395113098444888 0.8330487991245398 -0.12229981531893715
v 0.5486883865273363 0.8309521426797776 -0.09197603528047425
v 0.5570486494587215 0.8281231590100674 -0.06252068175732874
v 0.1027689325054107 0.5199454593516001 -0.8479948501089801
v 0.12229981531893715 0.5395113098444888 -0.8330487991245398
v 0.14233522279253166 0.5591505555060459 -0.8167565981550935
v 0.16282783120112607 0.5787757652163287 -0.7990655235865146
v 0.18372031202835923 0.5982905449224315 -0.7799328630110558
v 0.2049452116202948 0.6175904554342418 -0.7593283147561654
v 0.2264251651128704 0.6365643677938587 -0.7372363598323229
v 0.24807349655238164 0.6550962675376302 -0.713658476140052
v 0.2697952400751782 0.6730674886196873 -0.6886150479011942
v 0.2914885926385807 0.6903593220010092 -0.6621468167165695
v 0.31304677831715744 0.7068559061124624 -0.6343157278352621
v 0.33436027008112207 0.72244727090818 -0.6052050483502281
v 0.35531928087856685 0.7370323790066918 -0.5749186733196917
v 0.3758164060869762 0.7505219912746225 -0.5435795889555131
v 0.3957492783478623 0.76284118382526 -0.5113275241439893
v 0.41502308702074764 0.7739313604602943 -0.4783158857239084
v 0.4335528199869782 0.7837516381807692 -0.4447081311717827
v 0.4512651052135666 0.7922795300025869 -0.4106737770487285
v 0.46809956109079015 0.7995109032905102 -0.3763842669748591
v 0.48400960402722376 0.8054592464204918 -0.3420089261483442
v 0.4989627040324959 0.810154325170865 -0.3077112110267028
v 0.5129401188700615 0.8136403475009072 -0.2736454263680833
v 0.52593617046503 0.8159737780817069 -0.2399540332639651
v 0.5379571507067523 0.8172209512929919 -0.2067656179621024
v 0.5490199564169586 0.8174556247872685 -0.17419353879974223
v 0.5591505555060458 0.8167565981550934 -0.14233522279253163
v 0.5683823798954282 0.8152054965414801 -0.1112720478510575
v 0.5767547280455737 0.8128847911800792 -0.08106972274033818
v 0.13315810928195035 0.509991161865676 -0.8498105275597344
v 0.15343473603363453 0.5294802156877448 -0.8343311590570904
v 0.17419353879974223 0.5490199564169586 -0.8174556247872685
v 0.1953788397604234 0.5685192202902353 -0.7991326580327285
v 0.2169243940229478 0.5878779942613195 -0.779322315310594
v 0.23875345619378233 0.6069885147096089 -0.7579985027466392
v 0.2607792349650635 0.6257368261840904 -0.7351514231558677
v 0.28290578270064953 0.6440048006169802 -0.7107897965621176
v 0.3050293442571917 0.6616725828825603 -0.6849426926419094
v 0.32704015903507644 0.6786213896739846 -0.6576608121632775
v 0.3488246745854681 0.6947365493692012 -0.6290170692206356
v 0.37026809244319614 0.709910635852268 -0.5991063585226795
v 0.39125713171641757 0.7240465244943912 -0.5680444412619797
v 0.4116828682742966 0.7370601884122976 -0.5359659453986574
v 0.43144349161248846 0.7488830607942988 -0.5030215450660013
v 0.45044682073866027 0.7594638151136077 -0.46937445096587566
v 0.4686124356756582 0.7687694571591907 -0.43519640034045604
v 0.4858733109364552 0.7767856760893116 -0.4006633738465717
v 0.5021768778261597 0.7835164594263934 -0.3659512825291082
v 0.5174854883476929 0.7889830317777987 -0.33123185975425573
v 0.5317762989574304 0.7932222225828035 -0.2966689627647877
v 0.5450406320940104 0.7962843997341675 -0.2624154418218521
v 0.5572829033475702 0.7982311213841842 -0.22861067886310696
v 0.5685192202902353 0.7991326580327285 -0.1953788397604234
v 0.5787757652163287 0.7990655235865146 -0.16282783120112607
v 0.588087069797725 0.7981101312434162 -0.13104890973732858
v 0.5964942774380213 0.7963486620032646 -0.10011685926607475
v 0.16430462437072837 0.49919536471370307 -0.8507690510701166
v 0.18530873317147167 0.5185631179478138 -0.8347172971219813
v 0.2067656179621024 0.5379571507067523 -0.8172209512929919
v 0.22861067886310696 0.5572829033475702 -0.7982311213841842
v 0.25076830574088144 0.5764372020129719 -0.7777116489877878
v 0.2731521753100433 0.5953095482533642 -0.7556417344759133
v 0.29566598929128385 0.6137838844947381 -0.7320184191063477
v 0.3182046917040229 0.6317408225249649 -0.7068587605264778
v 0.34065617440559304 0.6490602839996624 -0.6802015279118562
v 0.3629034438757221 0.6656244607752212 -0.6521082484072999
v 0.3848271820485508 0.6813209633515501 -0.6226634603493987
v 0.40630859416315374 0.6960459933851381 -0.5919740715619715
v 0.4272324024337953 0.7097073566038372 -0.5601677804845986
v 0.44748982110672614 0.7222271298680454 -0.5273905885474597
v 0.4669813403819431 0.7335438127391466 -0.49380350598917355
v 0.4856191559237104 0.7436138289995902 -0.459578620826199
v 0.5033291068202423 0.7524122933676713 -0.42489475287032935
v 0.5200520247535678 0.7599330169554005 -0.3899329446081433
v 0.5357444455401215 0.7661877842999592 -0.354872044915385
v 0.5503786847158161 0.7712049876331988 -0.31988462054335476
v 0.5639423251810348 0.7750277444673128 -0.28513338839097324
v 0.5764372020129719 0.7777116489877878 -0.25076830574088144
v 0.5878779942613195 0.779322315310594 -0.2169243940229478
v 0.5982905449224315 0.7799328630110558 -0.18372031202835923
v 0.6077100293542063 0.779621475880755 -0.15125764300630543
v 0.6161790815796019 0.7784691379166969 -0.1196208206582494
v 0.19613059605237665 0.4875337549475872 -0.8507900017506349
v 0.21783442772304645 0.5067347063229826 -0.8341271482851601
v 0.2399540332639651 0.52593617046503 -0.8159737780817069
v 0.2624154418218521 0.5450406320940104 -0.7962843997341675
v 0.28513338839097324 0.5639423251810348 -0.7750277444673128
v 0.30801188532169166 0.5825287182475782 -0.7521894514797524
v 0.330945284051252 0.6006824829048134 -0.7277745349320384
v 0.3538198516892101 0.6182839174182231 -0.7018094542057703
v 0.37651585173503294 0.6352137560113458 -0.6743436049716801
v 0.39891007671252093 0.6513562523061036 -0.6454500625756868
v 0.4208787370304494 0.6666023870869816 -0.6152254434315861
v 0.4423005703311253 0.6808530223442 -0.5837888038062478
v 0.4630600048371387 0.6940218106316585 -0.5512795645475929
v 0.4830501939947354 0.7060376747970781 -0.5178545276897595
v 0.5021757415224564 0.7168466990465948 -0.48368412697996593
v 0.5203549566454023 0.7264133158642744 -0.4489481190846347
v 0.5375215166694247 0.734720729322077 -0.4138309667265571
v 0.5536254632791322 0.7417705765237548 -0.3785171835103165
v 0.5686335134180427 0.7475818873792709 -0.34318690109079014
v 0.5825287182475782 0.7521894514797524 -0.30801188532169166
v 0.5953095482533642 0.7556417344759133 -0.2731521753100433
v 0.6069885147096088 0.757998502746639 -0.23875345619378227
v 0.617590455434242 0.7593283147561655 -0.20494521162029483
v 0.6271506164003298 0.7597060230711085 -0.1718396428597508
v 0.6357126524765078 0.7592104066622744 -0.13953129361181685
v 0.2285433707564071 0.47498935825730987 -0.8497958797414874
v 0.2509090191178291 0.49397782935020945 -0.8324845753740931
v 0.2736454263680833 0.5129401188700615 -0.8136403475009072
v 0.2966689627647877 0.5317762989574304 -0.7932222225828035
v 0.31988462054335476 0.5503786847158161 -0.7712049876331988
v 0.34318690109079014 0.5686335134180427 -0.7475818873792709
v 0.36646123388299656 0.5864231044008367 -0.7223670166098651
v 0.389585933532735 0.6036284544126622 -0.6955972178041024
v 0.4124346598709157 0.6201321802419765 -0.6673332978096439
v 0.4348793002003278 0.6358216784580258 -0.6376604013580365
v 0.45679314796703496 0.6505923368907499 -0.6066874245848513
v 0.47805421428599587 0.6643506099952529 -0.5745454161355171
v 0.4985484841249615 0.6770167653303454 -0.5413849909614589
v 0.5181729222368786 0.6885271236113095 -0.5073728635944478
v 0.5368380474032317 0.6988356496797788 -0.4726876829333795
v 0.554469926322179 0.7079148025100048 -0.4375154090903523
v 0.5710114865080222 0.7157556125791343 -0.402044506662343
v 0.5864231044008367 0.7223670166098651 -0.36646123388299656
v 0.6006824829048134 0.7277745349320384 -0.330945284051252
v 0.6137838844947381 0.7320184191063477 -0.29566598929128385
v 0.6257368261840904 0.7351514231558677 -0.2607792349650635
v 0.6365643677938587 0.7372363598323229 -0.2264251651128704
v 0.6463011344779054 0.738343595526456 -0.1927266938377704
v 0.654991209990117 0.7385486173326935 -0.159788781432394
v 0.2614356892696124 0.4615538714284841 -0.8477142231586663
v 0.2844146962197964 0.48028493129867966 -0.8297196305630135
v 0.3077112110267028 0.4989627040324959 -0.810154325170865
v 0.33123185975425573 0.5174854883476929 -0.7889830317777987
v 0.354872044915385 0.5357444455401215 -0.7661877842999592
v 0.3785171835103165 0.5536254632791322 -0.7417705765237548
v 0.402044506662343 0.5710114865080222 -0.7157556125791343
v 0.42532540417601994 0.5877852522924731 -0.6881909602355868
v 0.44822825076214523 0.6038323219761927 -0.6591494232384238
v 0.4706216023241698 0.6190442639564818 -0.6287284840759234
v 0.49237760679633114 0.6333218098844494 -0.5970492253158048
v 0.5133754412304479 0.6465777917977316 -0.5642542117657714
v 0.5335045709944544 0.6587396716129896 -0.5305043993891415
v 0.5526676317942218 0.6697514988109495 -0.49597521975140363
v 0.5707827613698738 0.6795751750063787 -0.4608520596005095
v 0.5877852522924731 0.6881909602355868 -0.42532540417601994
v 0.6036284544126622 0.6955972178041024 -0.389585933532735
v 0.6182839174182231 0.7018094542057703 -0.3538198516892101
v 0.6317408225249649 0.7068587605264778 -0.3182046917040229
v 0.6440048006169802 0.7107897965621176 -0.28290578270064953
v 0.6550962675376302 0.713658476140052 -0.24807349655238164
v 0.665048423888383 0.7155295122624376 -0.21384132193066907
v 0.6739050674525727 0.716473966464088 -0.1803247499401021
v 0.2946863782482369 0.44722889671818655 -0.8444798709354596
v 0.31821963701046474 0.4656593593615154 -0.8257709268677065
v 0.3420089261483442 0.48400960402722376 -0.8054592464204918
v 0.3659512825291082 0.5021768778261597 -0.7835164594263934
v 0.3899329446081433 0.5200520247535678 -0.7599330169554005
v 0.4138309667265571 0.5375215166694247 -0.734720729322077
v 0.4375154090903523 0.554469926322179 -0.7079148025100048
v 0.4608520596005095 0.5707827613698738 -0.6795751750063787
v 0.48370559352658776 0.5863495358480963 -0.6497869809420724
v 0.5059430284119877 0.6010669191089361 -0.618660012247598
v 0.5274372914757286 0.614841777964911 -0.5863271199848208
v 0.5480706918256376 0.6275939206846387 -0.5529415769151841
v 0.5677380850932607 0.639258364474689 -0.5186735102005721
v 0.5863495358480963 0.6497869809420724 -0.48370559352658776
v 0.6038323219761927 0.6591494232384238 -0.44822825076214523
v 0.6201321802419765 0.6673332978096439 -0.4124346598709157
v 0.6352137560113458 0.6743436049716801 -0.37651585173503294
v 0.6490602839996624 0.6802015279118562 -0.34065617440559304
v 0.6616725828825603 0.6849426926419094 -0.3050293442571917
v 0.6730674886196873 0.6886150479011942 -0.2697952400751782
v 0.6832758761694998 0.6912765229670094 -0.23509752410317752
v 0.6923404266569897 0.692992614398792 -0.20106210484610157
v 0.32816161922663917 0.4320269974910168 -0.8400372760213961
v 0.3521796396528679 0.4501164498520926 -0.8205880105062009
v 0.3763842669748591 0.46809956109079015 -0.7995109032905102
v 0.4006633738465717 0.4858733109364552 -0.7767856760893116
v 0.42489475287032935 0.5033291068202423 -0.7524122933676713
v 0.4489481190846347 0.5203549566454023 -0.7264133158642744
v 0.4726876829333795 0.5368380474032317 -0.6988356496797788
v 0.4959752197514036 0.5526676317942217 -0.6697514988109494
v 0.5186735102005721 0.5677380850932607 -0.639258364474689
v 0.5406499799786041 0.5819519632455794 -0.6074779927073496
v 0.5617803336943765 0.5952228762781367 -0.5745542482911573
v 0.5819519632455794 0.6074779927073496 -0.5406499799786041
v 0.6010669191089362 0.618660012247598 -0.5059430284119878
v 0.6190442639564818 0.6287284840759234 -0.4706216023241698
v 0.6358216784580258 0.6376604013580365 -0.4348793002003278
v 0.6513562523061036 0.6454500625756868 -0.39891007671252093
v 0.6656244607752212 0.6521082484072999 -0.3629034438757221
v 0.6786213896739846 0.6576608121632775 -0.32704015903507644
v 0.6903593220010092 0.6621468167165695 -0.2914885926385807
v 0.7008658332542629 0.6656163689055808 -0.2564018978513176
v 0.7101815575695606 0.6681283037670814 -0.22191603140241004
v 0.3617168160377992 0.4159724918168248 -0.8343427539370007
v 0.38614038926448463 0.43368430145890985 -0.8141336047890234
v 0.4106737770487285 0.4512651052135666 -0.7922795300025869
v 0.43519640034045604 0.4686124356756582 -0.7687694571591907
v 0.459578620826199 0.4856191559237104 -0.7436138289995902
v 0.48368412697996593 0.5021757415224564 -0.7168466990465948
v 0.5073728635944478 0.5181729222368786 -0.6885271236113095
v 0.5305043993891415 0.5335045709944544 -0.6587396716129896
v 0.5529415769151841 0.5480706918256376 -0.6275939206846387
v 0.5745542482911573 0.5617803336943765 -0.5952228762781367
v 0.5952228762781367 0.5745542482911573 -0.5617803336943765
v 0.614841777964911 0.5863271199848208 -0.5274372914757286
v 0.6333218098844494 0.5970492253158048 -0.49237760679633114
v 0.6505923368907498 0.6066874245848511 -0.4567931479670349
v 0.6666023870869816 0.6152254434315861 -0.4208787370304494
v 0.6813209633515501 0.6226634603493987 -0.3848271820485508
v 0.6947365493692012 0.6290170692206356 -0.3488246745854681
v 0.7068559061124624 0.6343157278352621 -0.31304677831715744
v 0.7177022972538684 0.6386008299711143 -0.27765516828743514
v 0.7273133059236357 0.641923548733929 -0.2427952071340601
v 0.39519904204895195 0.39910190544614654 -0.8273665368099231
v 0.4199403185534644 0.4164041517844343 -0.8063855847111236
v 0.4447081311717827 0.4335528199869782 -0.7837516381807692
v 0.46937445096587566 0.45044682073866027 -0.7594638151136077
v 0.49380350598917355 0.4669813403819431 -0.7335438127391466
v 0.5178545276897595 0.48305019399473537 -0.706037674797078
v 0.5413849909614589 0.4985484841249615 -0.6770167653303454
v 0.5642542117657714 0.5133754412304479 -0.6465777917977316
v 0.5863271199848208 0.5274372914757286 -0.614841777964911
v 0.6074779927073496 0.5406499799786041 -0.5819519632455794
v 0.6275939206846387 0.5529415769151841 -0.5480706918256376
v 0.6465777917977316 0.5642542117657714 -0.5133754412304479
v 0.6643506099952529 0.5745454161355171 -0.47805421428599587
v 0.6808530223442 0.5837888038062478 -0.4423005703311253
v 0.6960459933851381 0.5919740715619715 -0.40630859416315374
v 0.709910635852268 0.5991063585226795 -0.37026809244319614
v 0.72244727090818 0.6052050483502281 -0.33436027008112207
v 0.7336738418973348 0.6103021326212047 -0.29875408053048286
v 0.7436238386105666 0.6144402722444919 -0.2636033734499631
v 0.4284500038897919 0.381464018674927 -0.8190944979812843
v 0.4534139706197825 0.39833029120767766 -0.7973385418711487
v 0.4783158857239084 0.41502308702074764 -0.7739313604602943
v 0.5030215450660013 0.43144349161248846 -0.7488830607942988
v 0.5273905885474597 0.44748982110672614 -0.7222271298680454
v 0.5512795645475929 0.4630600048371387 -0.6940218106316585
v 0.5745454161355171 0.47805421428599587 -0.6643506099952529
v 0.5970492253158048 0.49237760679633114 -0.6333218098844494
v 0.618660012247598 0.5059430284119877 -0.6010669191089361
v 0.639258364474689 0.5186735102005721 -0.5677380850932607
v 0.6587396716129896 0.5305043993891415 -0.5335045709944544
v 0.6770167653303454 0.5413849909614589 -0.4985484841249615
v 0.6940218106316585 0.5512795645475929 -0.4630600048371387
v 0.7097073566038372 0.5601677804845986 -0.4272324024337953
v 0.7240465244943912 0.5680444412619797 -0.39125713171641757
v 0.7370323790066918 0.5749186733196917 -0.35531928087856685
v 0.7486765865962971 0.5808126234883714 -0.3195935936139404
v 0.7590075062976563 0.5857597903992625 -0.28424122384908457
v 0.4613094128830364 0.3631194630777124 -0.8095294195516689
v 0.4863957242527245 0.37952947507045953 -0.7870048138235297
v 0.5113275241439893 0.3957492783478623 -0.76284118382526
v 0.5359659453986574 0.4116828682742966 -0.7370601884122976
v 0.5601677804845986 0.4272324024337953 -0.7097073566038372
v 0.5837888038062478 0.4423005703311253 -0.6808530223442
v 0.6066874245848513 0.45679314796703496 -0.6505923368907499
v 0.6287284840759234 0.4706216023241698 -0.6190442639564818
v 0.6497869809420724 0.48370559352658776 -0.5863495358480963
v 0.6697514988109495 0.49597521975140363 -0.5526676317942218
v 0.6885271236113095 0.5073728635944478 -0.5181729222368786
v 0.7060376747970781 0.5178545276897595 -0.4830501939947354
v 0.7222271298680454 0.5273905885474597 -0.44748982110672614
v 0.7370601884122976 0.5359659453986574 -0.4116828682742966
v 0.7505219912746225 0.5435795889555131 -0.3758164060869762
v 0.7626170735015145 0.5502436573245669 -0.3400692823206324
v 0.7733676792259858 0.5559820781480225 -0.30460853813840943
v 0.49361861461005196 0.34413985264854857 -0.7986916959186995
v 0.5187237022272607 0.36007982928845783 -0.7754148807491634
v 0.5435795889555131 0.3758164060869762 -0.7505219912746225
v 0.5680444412619797 0.39125713171641757 -0.7240465244943912
v 0.5919740715619715 0.40630859416315374 -0.6960459933851381
v 0.6152254434315861 0.4208787370304494 -0.6666023870869816
v 0.6376604013580364 0.43487930020032767 -0.6358216784580258
v 0.6591494232384238 0.44822825076214523 -0.6038323219761927
v 0.6795751750063787 0.4608520596005095 -0.5707827613698738
v 0.6988356496797787 0.4726876829333794 -0.5368380474032317
v 0.7168466990465948 0.48368412697996593 -0.5021757415224564
v 0.7335438127391466 0.49380350598917355 -0.4669813403819431
v 0.7488830607942988 0.5030215450660013 -0.43144349161248846
v 0.76284118382526 0.5113275241439893 -0.3957492783478623
v 0.7754148807491633 0.5187237022272607 -0.3600798292884578
v 0.7866193996593099 0.5252242965393921 -0.324606466978598
v 0.5252242965393921 0.324606466978598 -0.7866193996593099
v 0.5502436573245669 0.3400692823206324 -0.7626170735015145
v 0.5749186733196917 0.35531928087856685 -0.7370323790066918
v 0.5991063585226795 0.37026809244319614 -0.709910635852268
v 0.6226634603493987 0.3848271820485508 -0.6813209633515501
v 0.6454500625756868 0.39891007671252093 -0.6513562523061036
v 0.6673332978096439 0.4124346598709157 -0.6201321802419765
v 0.6881909602355868 0.42532540417601994 -0.5877852522924731
v 0.7079148025100048 0.4375154090903523 -0.554469926322179
v 0.7264133158642744 0.4489481190846347 -0.5203549566454023
v 0.7436138289995902 0.459578620826199 -0.4856191559237104
v 0.7594638151136077 0.46937445096587566 -0.45044682073866027
v 0.7739313604602943 0.4783158857239084 -0.41502308702074764
v 0.7870048138235298 0.48639572425272454 -0.3795294750704596
v 0.7986916959186995 0.49361861461005196 -0.34413985264854857
v 0.5559820781480225 0.30460853813840943 -0.7733676792259858
v 0.5808126234883714 0.3195935936139404 -0.7486765865962971
v 0.6052050483502281 0.33436027008112207 -0.72244727090818
v 0.6290170692206356 0.3488246745854681 -0.6947365493692012
v 0.6521082484072998 0.36290344387572204 -0.6656244607752212
v 0.6743436049716801 0.37651585173503294 -0.6352137560113458
v 0.6955972178041024 0.389585933532735 -0.6036284544126622
v 0.7157556125791343 0.402044506662343 -0.5710114865080222
v 0.734720729322077 0.4138309667265571 -0.5375215166694247
v 0.7524122933676713 0.42489475287032935 -0.5033291068202423
v 0.7687694571591907 0.43519640034045604 -0.4686124356756582
v 0.7837516381807692 0.4447081311717827 -0.4335528199869782
v 0.7973385418711487 0.4534139706197825 -0.39833029120767766
v 0.8095294195516689 0.4613094128830364 -0.3631194630777124
v 0.5857597903992625 0.28424122384908457 -0.7590075062976563
v 0.6103021326212047 0.29875408053048286 -0.7336738418973348
v 0.6343157278352621 0.31304677831715744 -0.7068559061124624
v 0.6576608121632775 0.32704015903507644 -0.6786213896739846
v 0.6802015279118562 0.34065617440559304 -0.6490602839996624
v 0.7018094542057703 0.3538198516892101 -0.6182839174182231
v 0.7223670166098651 0.36646123388299656 -0.5864231044008367
v 0.7417705765237548 0.3785171835103165 -0.5536254632791322
v 0.7599330169554005 0.3899329446081433 -0.5200520247535678
v 0.7767856760893116 0.4006633738465717 -0.4858733109364552
v 0.7922795300025869 0.4106737770487285 -0.4512651052135666
v 0.8063855847111235 0.41994031855346436 -0.41640415178443424
v 0.8190944979812843 0.4284500038897919 -0.381464018674927
v 0.6144402722444919 0.26360337344996304 -0.7436238386105665
v 0.6386008299711143 0.27765516828743514 -0.7177022972538684
v 0.6621468167165695 0.2914885926385807 -0.6903593220010092
v 0.6849426926419094 0.3050293442571917 -0.6616725828825603
v 0.7068587605264778 0.3182046917040229 -0.6317408225249649
v 0.7277745349320384 0.330945284051252 -0.6006824829048134
v 0.7475818873792709 0.34318690109079014 -0.5686335134180427
v 0.7661877842999592 0.354872044915385 -0.5357444455401215
v 0.7835164594263934 0.3659512825291082 -0.5021768778261597
v 0.7995109032905102 0.3763842669748591 -0.46809956109079015
v 0.8141336047890234 0.38614038926448463 -0.43368430145890985
v 0.827366536809923 0.3951990420489519 -0.3991019054461465
v 0.641923548733929 0.2427952071340601 -0.7273133059236357
v 0.6656163689055808 0.2564018978513176 -0.7008658332542629
v 0.6886150479011942 0.2697952400751782 -0.6730674886196873
v 0.7107897965621175 0.28290578270064953 -0.6440048006169802
v 0.7320184191063477 0.29566598929128385 -0.6137838844947381
v 0.7521894514797524 0.30801188532169166 -0.5825287182475782
v 0.7712049876331988 0.31988462054335476 -0.5503786847158161
v 0.7889830317777987 0.33123185975425573 -0.5174854883476929
v 0.8054592464204918 0.3420089261483442 -0.48400960402722376
v 0.8205880105062009 0.3521796396528679 -0.4501164498520926
v 0.8343427539370007 0.3617168160377992 -0.4159724918168248
v 0.6681283037670814 0.22191603140241004 -0.7101815575695606
v 0.6912765229670094 0.23509752410317752 -0.6832758761694998
v 0.713658476140052 0.24807349655238164 -0.6550962675376302
v 0.7351514231558677 0.2607792349650635 -0.6257368261840904
v 0.7556417344759133 0.2731521753100433 -0.5953095482533642
v 0.7750277444673128 0.28513338839097324 -0.5639423251810348
v 0.7932222225828035 0.2966689627647877 -0.5317762989574304
v 0.810154325170865 0.3077112110267028 -0.4989627040324959
v 0.8257709268677065 0.31821963701046474 -0.4656593593615154
v 0.8400372760213961 0.32816161922663917 -0.4320269974910168
v 0.692992614398792 0.20106210484610157 -0.6923404266569897
v 0.7155295122624374 0.21384132193066904 -0.6650484238883829
v 0.7372363598323228 0.22642516511287036 -0.6365643677938586
v 0.757998502746639 0.23875345619378227 -0.6069885147096088
v 0.7777116489877878 0.25076830574088144 -0.5764372020129719
v 0.7962843997341675 0.2624154418218521 -0.5450406320940104
v 0.8136403475009072 0.2736454263680833 -0.5129401188700615
v 0.8297196305630133 0.28441469621979637 -0.4802849312986796
v 0.8444798709354596 0.2946863782482369 -0.44722889671818655
v 0.716473966464088 0.1803247499401021 -0.6739050674525727
v 0.738343595526456 0.1927266938377704 -0.6463011344779054
v 0.7593283147561654 0.2049452116202948 -0.6175904554342418
v 0.7793223153105939 0.21692439402294778 -0.5878779942613194
v 0.7982311213841842 0.22861067886310696 -0.5572829033475702
v 0.8159737780817069 0.2399540332639651 -0.52593617046503
v 0.8324845753740931 0.2509090191178291 -0.49397782935020945
v 0.8477142231586662 0.2614356892696124 -0.46155387142848403
v 0.7385486173326934 0.15978878143239397 -0.6549912099901168
v 0.7597060230711085 0.1718396428597508 -0.6271506164003298
v 0.7799328630110558 0.18372031202835923 -0.5982905449224315
v 0.7991326580327285 0.1953788397604234 -0.5685192202902353
v 0.8172209512929919 0.2067656179621024 -0.5379571507067523
v 0.8341271482851601 0.21783442772304645 -0.5067347063229826
v 0.8497958797414874 0.2285433707564071 -0.47498935825730987
v 0.7592104066622742 0.13953129361181682 -0.6357126524765077
v 0.779621475880755 0.15125764300630543 -0.6077100293542063
v 0.7990655235865146 0.16282783120112607 -0.5787757652163287
v 0.8174556247872685 0.17419353879974223 -0.5490199564169586
v 0.8347172971219813 0.18530873317147167 -0.5185631179478138
v 0.8507900017506349 0.19613059605237665 -0.4875337549475872
v 0.7784691379166969 0.1196208206582494 -0.6161790815796019
v 0.7981101312434162 0.13104890973732858 -0.588087069797725
v 0.8167565981550934 0.14233522279253163 -0.5591505555060458
v 0.8343311590570904 0.15343473603363453 -0.5294802156877448
v 0.8507690510701167 0.1643046243707284 -0.4991953647137031
v 0.7963486620032646 0.10011685926607475 -0.5964942774380213
v 0.8152054965414801 0.1112720478510575 -0.5683823798954282
v 0.8330487991245398 0.12229981531893715 -0.5395113098444888
v 0.8498105275597344 0.13315810928195035 -0.509991161865676
v 0.8128847911800792 0.08106972274033818 -0.5767547280455737
v 0.8309521426797775 0.09197603528047425 -0.5486883865273363
v 0.8479948501089801 0.1027689325054107 -0.5199454593516001
v 0.8281231590100674 0.06252068175732874 -0.5570486494587215
v 0.8454034504478299 0.07320048920136979 -0.5290885505769178
v 0.8421171236917472 0.04450233901831196 -0.5374553858759236
v 0.5374553858759236 -0.8421171236917472 0.04450233901831196
v 0.5570486494587215 -0.8281231590100674 0.06252068175732874
v 0.5767547280455737 -0.8128847911800792 0.08106972274033818
v 0.5964942774380213 -0.7963486620032646 0.10011685926607475
v 0.6161790815796019 -0.7784691379166969 0.1196208206582494
v 0.6357126524765078 -0.7592104066622744 0.13953129361181685
v 0.654991209990117 -0.7385486173326935 0.159788781432394
v 0.6739050674525727 -0.716473966464088 0.1803247499401021
v 0.6923404266569897 -0.692992614398792 0.20106210484610157
v 0.7101815575695606 -0.6681283037670814 0.22191603140241004
v 0.7273133059236357 -0.641923548733929 0.2427952071340601
v 0.7436238386105666 -0.6144402722444919 0.2636033734499631
v 0.7590075062976563 -0.5857597903992625 0.28424122384908457
v 0.7733676792259858 -0.5559820781480225 0.30460853813840943
v 0.7866193996593099 -0.5252242965393921 0.324606466978598
v 0.7986916959186995 -0.49361861461005196 0.34413985264854857
v 0.8095294195516689 -0.4613094128830364 0.3631194630777124
v 0.8190944979812843 -0.4284500038897919 0.381464018674927
v 0.827366536809923 -0.3951990420489519 0.3991019054461465
v 0.8343427539370007 -0.3617168160377992 0.4159724918168248
v 0.8400372760213961 -0.32816161922663917 0.4320269974910168
v 0.8444798709354596 -0.2946863782482369 0.44722889671818655
v 0.8477142231586662 -0.2614356892696124 0.46155387142848403
v 0.8497958797414874 -0.2285433707564071 0.47498935825730987
v 0.8507900017506349 -0.19613059605237665 0.4875337549475872
v 0.8507690510701167 -0.1643046243707284 0.4991953647137031
v 0.8498105275597344 -0.13315810928195035 0.509991161865676
v 0.8479948501089801 -0.1027689325054107 0.5199454593516001
v 0.8454034504478299 -0.07320048920136979 0.5290885505769178
v 0.8421171236917472 -0.04450233901831196 0.5374553858759236
v 0.5290885505769178 -0.8454034504478299 0.07320048920136979
v 0.5486883865273363 -0.8309521426797776 0.09197603528047425
v 0.5683823798954282 -0.8152054965414801 0.1112720478510575
v 0.588087069797725 -0.7981101312434162 0.13104890973732858
v 0.6077100293542063 -0.779621475880755 0.15125764300630543
v 0.6271506164003298 -0.7597060230711085 0.1718396428597508
v 0.6463011344779054 -0.738343595526456 0.1927266938377704
v 0.665048423888383 -0.7155295122624376 0.21384132193066907
v 0.6832758761694998 -0.6912765229670094 0.23509752410317752
v 0.7008658332542629 -0.6656163689055808 0.2564018978513176
v 0.7177022972538684 -0.6386008299711143 0.27765516828743514
v 0.7336738418973348 -0.6103021326212047 0.29875408053048286
v 0.7486765865962971 -0.5808126234883714 0.3195935936139404
v 0.7626170735015145 -0.5502436573245669 0.3400692823206324
v 0.7754148807491633 -0.5187237022272607 0.3600798292884578
v 0.7870048138235298 -0.48639572425272454 0.3795294750704596
v 0.7973385418711487 -0.4534139706197825 0.39833029120767766
v 0.8063855847111235 -0.41994031855346436 0.41640415178443424
v 0.8141336047890234 -0.38614038926448463 0.43368430145890985
v 0.8205880105062009 -0.3521796396528679 0.4501164498520926
v 0.8257709268677065 -0.31821963701046474 0.4656593593615154
v 0.8297196305630133 -0.28441469621979637 0.4802849312986796
v 0.8324845753740931 -0.2509090191178291 0.49397782935020945
v 0.8341271482851601 -0.21783442772304645 0.5067347063229826
v 0.8347172971219813 -0.18530873317147167 0.5185631179478138
v 0.8343311590570904 -0.15343473603363453 0.5294802156877448
v 0.8330487991245398 -0.12229981531893715 0.5395113098444888
v 0.8309521426797775 -0.09197603528047425 0.5486883865273363
v 0.8281231590100674 -0.06252068175732874 0.5570486494587215
v 0.5199454593516001 -0.8479948501089801 0.1027689325054107
v 0.5395113098444888 -0.8330487991245398 0.12229981531893715
v 0.5591505555060458 -0.8167565981550934 0.14233522279253163
v 0.5787757652163287 -0.7990655235865146 0.16282783120112607
v 0.5982905449224315 -0.7799328630110558 0.18372031202835923
v 0.617590455434242 -0.7593283147561655 0.20494521162029483
v 0.6365643677938587 -0.7372363598323229 0.2264251651128704
v 0.6550962675376302 -0.713658476140052 0.24807349655238164
v 0.6730674886196873 -0.6886150479011942 0.2697952400751782
v 0.6903593220010092 -0.6621468167165695 0.2914885926385807
v 0.7068559061124624 -0.6343157278352621 0.31304677831715744
v 0.72244727090818 -0.6052050483502281 0.33436027008112207
v 0.7370323790066918 -0.5749186733196917 0.35531928087856685
v 0.7505219912746225 -0.5435795889555131 0.3758164060869762
v 0.76284118382526 -0.5113275241439893 0.3957492783478623
v 0.7739313604602943 -0.4783158857239084 0.41502308702074764
v 0.7837516381807692 -0.4447081311717827 0.4335528199869782
v 0.7922795300025869 -0.4106737770487285 0.4512651052135666
v 0.7995109032905102 -0.3763842669748591 0.46809956109079015
v 0.8054592464204918 -0.3420089261483442 0.48400960402722376
v 0.810154325170865 -0.3077112110267028 0.4989627040324959
v 0.8136403475009072 -0.2736454263680833 0.5129401188700615
v 0.8159737780817069 -0.2399540332639651 0.52593617046503
v 0.8172209512929919 -0.2067656179621024 0.5379571507067523
v 0.8174556247872685 -0.17419353879974223 0.5490199564169586
v 0.8167565981550934 -0.14233522279253163 0.5591505555060458
v 0.8152054965414801 -0.1112720478510575 0.5683823798954282
v 0.8128847911800792 -0.08106972274033818 0.5767547280455737
v 0.509991161865676 -0.8498105275597344 0.13315810928195035
v 0.5294802156877448 -0.8343311590570904 0.15343473603363453
v 0.5490199564169586 -0.8174556247872685 0.17419353879974223
v 0.5685192202902353 -0.7991326580327285 0.1953788397604234
v 0.5878779942613195 -0.779322315310594 0.2169243940229478
v 0.6069885147096088 -0.757998502746639 0.23875345619378227
v 0.6257368261840904 -0.7351514231558677 0.2607792349650635
v 0.6440048006169802 -0.7107897965621176 0.28290578270064953
v 0.6616725828825603 -0.6849426926419094 0.3050293442571917
v 0.6786213896739846 -0.6576608121632775 0.32704015903507644
v 0.6947365493692012 -0.6290170692206356 0.3488246745854681
v 0.709910635852268 -0.5991063585226795 0.37026809244319614
v 0.7240465244943912 -0.5680444412619797 0.39125713171641757
v 0.7370601884122976 -0.5359659453986574 0.4116828682742966
v 0.7488830607942988 -0.5030215450660013 0.43144349161248846
v 0.7594638151136077 -0.46937445096587566 0.45044682073866027
v 0.7687694571591907 -0.43519640034045604 0.4686124356756582
v 0.7767856760893116 -0.4006633738465717 0.4858733109364552
v 0.7835164594263934 -0.3659512825291082 0.5021768778261597
v 0.7889830317777987 -0.33123185975425573 0.5174854883476929
v 0.7932222225828035 -0.2966689627647877 0.5317762989574304
v 0.7962843997341675 -0.2624154418218521 0.5450406320940104
v 0.7982311213841842 -0.22861067886310696 0.5572829033475702
v 0.7991326580327285 -0.1953788397604234 0.5685192202902353
v 0.7990655235865146 -0.16282783120112607 0.5787757652163287
v 0.7981101312434162 -0.13104890973732858 0.588087069797725
v 0.7963486620032646 -0.10011685926607475 0.5964942774380213
v 0.4991953647137031 -0.8507690510701167 0.1643046243707284
v 0.5185631179478138 -0.8347172971219813 0.18530873317147167
v 0.5379571507067523 -0.8172209512929919 0.2067656179621024
v 0.5572829033475702 -0.7982311213841842 0.22861067886310696
v 0.5764372020129719 -0.7777116489877878 0.25076830574088144
v 0.5953095482533642 -0.7556417344759133 0.2731521753100433
v 0.6137838844947381 -0.7320184191063477 0.29566598929128385
v 0.6317408225249649 -0.7068587605264778 0.3182046917040229
v 0.6490602839996624 -0.6802015279118562 0.34065617440559304
v 0.6656244607752212 -0.6521082484072999 0.3629034438757221
v 0.6813209633515501 -0.6226634603493987 0.3848271820485508
v 0.6960459933851381 -0.5919740715619715 0.40630859416315374
v 0.7097073566038372 -0.5601677804845986 0.4272324024337953
v 0.7222271298680454 -0.5273905885474597 0.44748982110672614
v 0.7335438127391466 -0.49380350598917355 0.4669813403819431
v 0.7436138289995902 -0.459578620826199 0.4856191559237104
v 0.7524122933676713 -0.42489475287032935 0.5033291068202423
v 0.7599330169554005 -0.3899329446081433 0.5200520247535678
v 0.7661877842999592 -0.354872044915385 0.5357444455401215
v 0.7712049876331988 -0.31988462054335476 0.5503786847158161
v 0.7750277444673128 -0.28513338839097324 0.5639423251810348
v 0.7777116489877878 -0.25076830574088144 0.5764372020129719
v 0.7793223153105939 -0.21692439402294778 0.5878779942613194
v 0.7799328630110558 -0.18372031202835923 0.5982905449224315
v 0.779621475880755 -0.15125764300630543 0.6077100293542063
v 0.7784691379166969 -0.1196208206582494 0.6161790815796019
v 0.4875337549475872 -0.8507900017506349 0.19613059605237665
v 0.5067347063229826 -0.8341271482851601 0.21783442772304645
v 0.52593617046503 -0.8159737780817069 0.2399540332639651
v 0.5450406320940104 -0.7962843997341675 0.2624154418218521
v 0.5639423251810348 -0.7750277444673128 0.28513338839097324
v 0.5825287182475782 -0.7521894514797524 0.30801188532169166
v 0.6006824829048134 -0.7277745349320384 0.330945284051252
v 0.6182839174182231 -0.7018094542057703 0.3538198516892101
v 0.6352137560113458 -0.6743436049716801 0.37651585173503294
v 0.6513562523061036 -0.6454500625756868 0.39891007671252093
v 0.6666023870869816 -0.6152254434315861 0.4208787370304494
v 0.6808530223442 -0.5837888038062478 0.4423005703311253
v 0.6940218106316585 -0.5512795645475929 0.4630600048371387
v 0.7060376747970781 -0.5178545276897595 0.4830501939947354
v 0.7168466990465948 -0.48368412697996593 0.5021757415224564
v 0.7264133158642744 -0.4489481190846347 0.5203549566454023
v 0.734720729322077 -0.4138309667265571 0.5375215166694247
v 0.7417705765237548 -0.3785171835103165 0.5536254632791322
v 0.7475818873792709 -0.34318690109079014 0.5686335134180427
v 0.7521894514797524 -0.30801188532169166 0.5825287182475782
v 0.7556417344759133 -0.2731521753100433 0.5953095482533642
v 0.757998502746639 -0.23875345619378227 0.6069885147096088
v 0.7593283147561654 -0.2049452116202948 0.6175904554342418
v 0.7597060230711085 -0.1718396428597508 0.6271506164003298
v 0.7592104066622742 -0.13953129361181682 0.6357126524765077
v 0.47498935825730987 -0.8497958797414874 0.2285433707564071
v 0.49397782935020945 -0.8324845753740931 0.2509090191178291
v 0.5129401188700615 -0.8136403475009072 0.2736454263680833
v 0.5317762989574304 -0.7932222225828035 0.2966689627647877
v 0.5503786847158161 -0.7712049876331988 0.31988462054335476
v 0.5686335134180427 -0.7475818873792709 0.34318690109079014
v 0.5864231044008367 -0.7223670166098651 0.36646123388299656
v 0.6036284544126622 -0.6955972178041024 0.389585933532735
v 0.6201321802419765 -0.6673332978096439 0.4124346598709157
v 0.6358216784580258 -0.6376604013580365 0.4348793002003278
v 0.6505923368907498 -0.6066874245848511 0.4567931479670349
v 0.6643506099952529 -0.5745454161355171 0.47805421428599587
v 0.6770167653303454 -0.5413849909614589 0.4985484841249615
v 0.6885271236113095 -0.5073728635944478 0.5181729222368786
v 0.6988356496797787 -0.4726876829333794 0.5368380474032317
v 0.7079148025100048 -0.4375154090903523 0.554469926322179
v 0.7157556125791343 -0.402044506662343 0.5710114865080222
v 0.7223670166098651 -0.36646123388299656 0.5864231044008367
v 0.7277745349320384 -0.330945284051252 0.6006824829048134
v 0.7320184191063477 -0.29566598929128385 0.6137838844947381
v 0.7351514231558677 -0.2607792349650635 0.6257368261840904
v 0.7372363598323228 -0.22642516511287036 0.6365643677938586
v 0.738343595526456 -0.1927266938377704 0.6463011344779054
v 0.7385486173326934 -0.15978878143239397 0.6549912099901168
v 0.4615538714284841 -0.8477142231586663 0.2614356892696124
v 0.4802849312986796 -0.8297196305630133 0.28441469621979637
v 0.4989627040324959 -0.810154325170865 0.3077112110267028
v 0.5174854883476929 -0.7889830317777987 0.33123185975425573
v 0.5357444455401215 -0.7661877842999592 0.354872044915385
v 0.5536254632791322 -0.7417705765237548 0.3785171835103165
v 0.5710114865080222 -0.7157556125791343 0.402044506662343
v 0.5877852522924731 -0.6881909602355868 0.42532540417601994
v 0.6038323219761927 -0.6591494232384238 0.44822825076214523
v 0.6190442639564818 -0.6287284840759234 0.4706216023241698
v 0.6333218098844494 -0.5970492253158048 0.49237760679633114
v 0.6465777917977316 -0.5642542117657714 0.5133754412304479
v 0.6587396716129896 -0.5305043993891415 0.5335045709944544
v 0.6697514988109495 -0.49597521975140363 0.5526676317942218
v 0.6795751750063787 -0.4608520596005095 0.5707827613698738
v 0.6881909602355868 -0.42532540417601994 0.5877852522924731
v 0.6955972178041024 -0.389585933532735 0.6036284544126622
v 0.7018094542057703 -0.3538198516892101 0.6182839174182231
v 0.7068587605264778 -0.3182046917040229 0.6317408225249649
v 0.7107897965621175 -0.28290578270064953 0.6440048006169802
v 0.713658476140052 -0.24807349655238164 0.6550962675376302
v 0.7155295122624374 -0.21384132193066904 0.6650484238883829
v 0.716473966464088 -0.1803247499401021 0.6739050674525727
v 0.44722889671818655 -0.8444798709354596 0.2946863782482369
v 0.4656593593615154 -0.8257709268677065 0.31821963701046474
v 0.48400960402722376 -0.8054592464204918 0.3420089261483442
v 0.5021768778261597 -0.7835164594263934 0.3659512825291082
v 0.5200520247535678 -0.7599330169554005 0.3899329446081433
v 0.5375215166694247 -0.734720729322077 0.4138309667265571
v 0.554469926322179 -0.7079148025100048 0.4375154090903523
v 0.5707827613698738 -0.6795751750063787 0.4608520596005095
v 0.5863495358480963 -0.6497869809420724 0.48370559352658776
v 0.6010669191089362 -0.618660012247598 0.5059430284119878
v 0.614841777964911 -0.5863271199848208 0.5274372914757286
v 0.6275939206846387 -0.5529415769151841 0.5480706918256376
v 0.639258364474689 -0.5186735102005721 0.5677380850932607
v 0.6497869809420724 -0.48370559352658776 0.5863495358480963
v 0.6591494232384238 -0.44822825076214523 0.6038323219761927
v 0.6673332978096439 -0.4124346598709157 0.6201321802419765
v 0.6743436049716801 -0.37651585173503294 0.6352137560113458
v 0.6802015279118562 -0.34065617440559304 0.6490602839996624
v 0.6849426926419094 -0.3050293442571917 0.6616725828825603
v 0.6886150479011942 -0.2697952400751782 0.6730674886196873
v 0.6912765229670094 -0.23509752410317752 0.6832758761694998
v 0.692992614398792 -0.20106210484610157 0.6923404266569897
v 0.4320269974910168 -0.8400372760213961 0.32816161922663917
v 0.4501164498520926 -0.8205880105062009 0.3521796396528679
v 0.46809956109079015 -0.7995109032905102 0.3763842669748591
v 0.4858733109364552 -0.7767856760893116 0.4006633738465717
v 0.5033291068202423 -0.7524122933676713 0.42489475287032935
v 0.5203549566454023 -0.7264133158642744 0.4489481190846347
v 0.5368380474032317 -0.6988356496797788 0.4726876829333795
v 0.5526676317942218 -0.6697514988109495 0.49597521975140363
v 0.5677380850932607 -0.639258364474689 0.5186735102005721
v 0.5819519632455794 -0.6074779927073496 0.5406499799786041
v 0.5952228762781367 -0.5745542482911573 0.5617803336943765
v 0.6074779927073496 -0.5406499799786041 0.5819519632455794
v 0.618660012247598 -0.5059430284119877 0.6010669191089361
v 0.6287284840759234 -0.4706216023241698 0.6190442639564818
v 0.6376604013580364 -0.43487930020032767 0.6358216784580258
v 0.6454500625756868 -0.39891007671252093 0.6513562523061036
v 0.6521082484072998 -0.36290344387572204 0.6656244607752212
v 0.6576608121632775 -0.32704015903507644 0.6786213896739846
v 0.6621468167165695 -0.2914885926385807 0.6903593220010092
v 0.6656163689055808 -0.2564018978513176 0.7008658332542629
v 0.6681283037670814 -0.22191603140241004 0.7101815575695606
v 0.4159724918168248 -0.8343427539370007 0.3617168160377992
v 0.43368430145890985 -0.8141336047890234 0.38614038926448463
v 0.4512651052135666 -0.7922795300025869 0.4106737770487285
v 0.4686124356756582 -0.7687694571591907 0.43519640034045604
v 0.4856191559237104 -0.7436138289995902 0.459578620826199
v 0.5021757415224564 -0.7168466990465948 0.48368412697996593
v 0.5181729222368786 -0.6885271236113095 0.5073728635944478
v 0.5335045709944544 -0.6587396716129896 0.5305043993891415
v 0.5480706918256376 -0.6275939206846387 0.5529415769151841
v 0.5617803336943765 -0.5952228762781367 0.5745542482911573
v 0.5745542482911573 -0.5617803336943765 0.5952228762781367
v 0.5863271199848208 -0.5274372914757286 0.614841777964911
v 0.5970492253158048 -0.49237760679633114 0.6333218098844494
v 0.6066874245848513 -0.45679314796703496 0.6505923368907499
v 0.6152254434315861 -0.4208787370304494 0.6666023870869816
v 0.6226634603493987 -0.3848271820485508 0.6813209633515501
v 0.6290170692206356 -0.3488246745854681 0.6947365493692012
v 0.6343157278352621 -0.31304677831715744 0.7068559061124624
v 0.6386008299711143 -0.27765516828743514 0.7177022972538684
v 0.641923548733929 -0.2427952071340601 0.7273133059236357
v 0.39910190544614654 -0.8273665368099231 0.39519904204895195
v 0.41640415178443424 -0.8063855847111235 0.41994031855346436
v 0.4335528199869782 -0.7837516381807692 0.4447081311717827
v 0.45044682073866027 -0.7594638151136077 0.46937445096587566
v 0.4669813403819431 -0.7335438127391466 0.49380350598917355
v 0.4830501939947354 -0.7060376747970781 0.5178545276897595
v 0.4985484841249615 -0.6770167653303454 0.5413849909614589
v 0.5133754412304479 -0.6465777917977316 0.5642542117657714
v 0.5274372914757286 -0.614841777964911 0.5863271199848208
v 0.5406499799786041 -0.5819519632455794 0.6074779927073496
v 0.5529415769151841 -0.5480706918256376 0.6275939206846387
v 0.5642542117657714 -0.5133754412304479 0.6465777917977316
v 0.5745454161355171 -0.47805421428599587 0.6643506099952529
v 0.5837888038062478 -0.4423005703311253 0.6808530223442
v 0.5919740715619715 -0.40630859416315374 0.6960459933851381
v 0.5991063585226795 -0.37026809244319614 0.709910635852268
v 0.6052050483502281 -0.33436027008112207 0.72244727090818
v 0.6103021326212047 -0.29875408053048286 0.7336738418973348
v 0.6144402722444919 -0.26360337344996304 0.7436238386105665
v 0.381464018674927 -0.8190944979812843 0.4284500038897919
v 0.3983302912076777 -0.7973385418711488 0.45341397061978256
v 0.41502308702074764 -0.7739313604602943 0.4783158857239084
v 0.43144349161248846 -0.7488830607942988 0.5030215450660013
v 0.44748982110672614 -0.7222271298680454 0.5273905885474597
v 0.4630600048371387 -0.6940218106316585 0.5512795645475929
v 0.47805421428599587 -0.6643506099952529 0.5745454161355171
v 0.49237760679633114 -0.6333218098844494 0.5970492253158048
v 0.5059430284119877 -0.6010669191089361 0.618660012247598
v 0.5186735102005721 -0.5677380850932607 0.639258364474689
v 0.5305043993891415 -0.5335045709944544 0.6587396716129896
v 0.5413849909614589 -0.4985484841249615 0.6770167653303454
v 0.5512795645475929 -0.4630600048371387 0.6940218106316585
v 0.5601677804845986 -0.4272324024337953 0.7097073566038372
v 0.5680444412619797 -0.39125713171641757 0.7240465244943912
v 0.5749186733196917 -0.35531928087856685 0.7370323790066918
v 0.5808126234883714 -0.3195935936139404 0.7486765865962971
v 0.5857597903992625 -0.28424122384908457 0.7590075062976563
v 0.3631194630777124 -0.8095294195516689 0.4613094128830364
v 0.3795294750704596 -0.7870048138235298 0.48639572425272454
v 0.3957492783478623 -0.76284118382526 0.5113275241439893
v 0.4116828682742966 -0.7370601884122976 0.5359659453986574
v 0.4272324024337953 -0.7097073566038372 0.5601677804845986
v 0.4423005703311253 -0.6808530223442 0.5837888038062478
v 0.45679314796703496 -0.6505923368907499 0.6066874245848513
v 0.4706216023241698 -0.6190442639564818 0.6287284840759234
v 0.48370559352658776 -0.5863495358480963 0.6497869809420724
v 0.4959752197514036 -0.5526676317942217 0.6697514988109494
v 0.5073728635944478 -0.5181729222368786 0.6885271236113095
v 0.5178545276897595 -0.48305019399473537 0.706037674797078
v 0.5273905885474597 -0.44748982110672614 0.7222271298680454
v 0.5359659453986574 -0.4116828682742966 0.7370601884122976
v 0.5435795889555131 -0.3758164060869762 0.7505219912746225
v 0.5502436573245669 -0.3400692823206324 0.7626170735015145
v 0.5559820781480225 -0.30460853813840943 0.7733676792259858
v 0.34413985264854857 -0.7986916959186995 0.49361861461005196
v 0.36007982928845783 -0.7754148807491634 0.5187237022272607
v 0.3758164060869762 -0.7505219912746225 0.5435795889555131
v 0.39125713171641757 -0.7240465244943912 0.5680444412619797
v 0.40630859416315374 -0.6960459933851381 0.5919740715619715
v 0.4208787370304494 -0.6666023870869816 0.6152254434315861
v 0.4348793002003278 -0.6358216784580258 0.6376604013580365
v 0.44822825076214523 -0.6038323219761927 0.6591494232384238
v 0.4608520596005095 -0.5707827613698738 0.6795751750063787
v 0.4726876829333795 -0.5368380474032317 0.6988356496797788
v 0.48368412697996593 -0.5021757415224564 0.7168466990465948
v 0.49380350598917355 -0.4669813403819431 0.7335438127391466
v 0.5030215450660013 -0.43144349161248846 0.7488830607942988
v 0.5113275241439893 -0.3957492783478623 0.76284118382526
v 0.5187237022272607 -0.36007982928845783 0.7754148807491634
v 0.5252242965393921 -0.324606466978598 0.7866193996593099
v 0.324606466978598 -0.7866193996593099 0.5252242965393921
v 0.34006928232063244 -0.7626170735015146 0.550243657324567
v 0.35531928087856685 -0.7370323790066918 0.5749186733196917
v 0.37026809244319614 -0.709910635852268 0.5991063585226795
v 0.3848271820485508 -0.6813209633515501 0.6226634603493987
v 0.39891007671252093 -0.6513562523061036 0.6454500625756868
v 0.4124346598709157 -0.6201321802419765 0.6673332978096439
v 0.42532540417601994 -0.5877852522924731 0.6881909602355868
v 0.4375154090903523 -0.554469926322179 0.7079148025100048
v 0.4489481190846347 -0.5203549566454023 0.7264133158642744
v 0.459578620826199 -0.4856191559237104 0.7436138289995902
v 0.46937445096587566 -0.45044682073866027 0.7594638151136077
v 0.4783158857239084 -0.41502308702074764 0.7739313604602943
v 0.4863957242527245 -0.37952947507045953 0.7870048138235297
v 0.49361861461005196 -0.34413985264854857 0.7986916959186995
v 0.30460853813840943 -0.7733676792259858 0.5559820781480225
v 0.3195935936139404 -0.7486765865962971 0.5808126234883714
v 0.33436027008112207 -0.72244727090818 0.6052050483502281
v 0.3488246745854681 -0.6947365493692012 0.6290170692206356
v 0.3629034438757221 -0.6656244607752212 0.6521082484072999
v 0.37651585173503294 -0.6352137560113458 0.6743436049716801
v 0.389585933532735 -0.6036284544126622 0.6955972178041024
v 0.402044506662343 -0.5710114865080222 0.7157556125791343
v 0.4138309667265571 -0.5375215166694247 0.734720729322077
v 0.42489475287032935 -0.5033291068202423 0.7524122933676713
v 0.43519640034045604 -0.4686124356756582 0.7687694571591907
v 0.4447081311717827 -0.4335528199869782 0.7837516381807692
v 0.4534139706197825 -0.39833029120767766 0.7973385418711487
v 0.4613094128830364 -0.3631194630777124 0.8095294195516689
v 0.28424122384908457 -0.7590075062976563 0.5857597903992625
v 0.29875408053048286 -0.7336738418973348 0.6103021326212047
v 0.31304677831715744 -0.7068559061124624 0.6343157278352621
v 0.32704015903507644 -0.6786213896739846 0.6576608121632775
v 0.34065617440559304 -0.6490602839996624 0.6802015279118562
v 0.3538198516892101 -0.6182839174182231 0.7018094542057703
v 0.36646123388299656 -0.5864231044008367 0.7223670166098651
v 0.3785171835103165 -0.5536254632791322 0.7417705765237548
v 0.3899329446081433 -0.5200520247535678 0.7599330169554005
v 0.4006633738465717 -0.4858733109364552 0.7767856760893116
v 0.4106737770487285 -0.4512651052135666 0.7922795300025869
v 0.4199403185534644 -0.4164041517844343 0.8063855847111236
v 0.4284500038897919 -0.381464018674927 0.8190944979812843
v 0.2636033734499631 -0.7436238386105666 0.6144402722444919
v 0.27765516828743514 -0.7177022972538684 0.6386008299711143
v 0.2914885926385807 -0.6903593220010092 0.6621468167165695
v 0.3050293442571917 -0.6616725828825603 0.6849426926419094
v 0.3182046917040229 -0.6317408225249649 0.7068587605264778
v 0.330945284051252 -0.6006824829048134 0.7277745349320384
v 0.34318690109079014 -0.5686335134180427 0.7475818873792709
v 0.354872044915385 -0.5357444455401215 0.7661877842999592
v 0.3659512825291082 -0.5021768778261597 0.7835164594263934
v 0.3763842669748591 -0.46809956109079015 0.7995109032905102
v 0.38614038926448463 -0.43368430145890985 0.8141336047890234
v 0.39519904204895195 -0.39910190544614654 0.8273665368099231
v 0.2427952071340601 -0.7273133059236357 0.641923548733929
v 0.2564018978513176 -0.7008658332542629 0.6656163689055808
v 0.2697952400751782 -0.6730674886196873 0.6886150479011942
v 0.28290578270064953 -0.6440048006169802 0.7107897965621176
v 0.29566598929128385 -0.6137838844947381 0.7320184191063477
v 0.30801188532169166 -0.5825287182475782 0.7521894514797524
v 0.31988462054335476 -0.5503786847158161 0.7712049876331988
v 0.33123185975425573 -0.5174854883476929 0.7889830317777987
v 0.3420089261483442 -0.48400960402722376 0.8054592464204918
v 0.3521796396528679 -0.4501164498520926 0.8205880105062009
v 0.3617168160377992 -0.4159724918168248 0.8343427539370007
v 0.22191603140241004 -0.7101815575695606 0.6681283037670814
v 0.23509752410317752 -0.6832758761694998 0.6912765229670094
v 0.24807349655238164 -0.6550962675376302 0.713658476140052
v 0.2607792349650635 -0.6257368261840904 0.7351514231558677
v 0.2731521753100433 -0.5953095482533642 0.7556417344759133
v 0.28513338839097324 -0.5639423251810348 0.7750277444673128
v 0.2966689627647877 -0.5317762989574304 0.7932222225828035
v 0.3077112110267028 -0.4989627040324959 0.810154325170865
v 0.31821963701046474 -0.4656593593615154 0.8257709268677065
v 0.32816161922663917 -0.4320269974910168 0.8400372760213961
v 0.20106210484610157 -0.6923404266569897 0.692992614398792
v 0.21384132193066907 -0.665048423888383 0.7155295122624376
v 0.2264251651128704 -0.6365643677938587 0.7372363598323229
v 0.23875345619378233 -0.6069885147096089 0.7579985027466392
v 0.25076830574088144 -0.5764372020129719 0.7777116489877878
v 0.2624154418218521 -0.5450406320940104 0.7962843997341675
v 0.2736454263680833 -0.5129401188700615 0.8136403475009072
v 0.2844146962197964 -0.48028493129867966 0.8297196305630135
v 0.2946863782482369 -0.44722889671818655 0.8444798709354596
v 0.1803247499401021 -0.6739050674525727 0.716473966464088
v 0.1927266938377704 -0.6463011344779054 0.738343595526456
v 0.2049452116202948 -0.6175904554342418 0.7593283147561654
v 0.2169243940229478 -0.5878779942613195 0.779322315310594
v 0.22861067886310696 -0.5572829033475702 0.7982311213841842
v 0.2399540332639651 -0.52593617046503 0.8159737780817069
v 0.2509090191178291 -0.49397782935020945 0.8324845753740931
v 0.2614356892696124 -0.4615538714284841 0.8477142231586663
v 0.159788781432394 -0.654991209990117 0.7385486173326935
v 0.17183964285975084 -0.6271506164003298 0.7597060230711086
v 0.18372031202835923 -0.5982905449224315 0.7799328630110558
v 0.1953788397604234 -0.5685192202902353 0.7991326580327285
v 0.2067656179621024 -0.5379571507067523 0.8172209512929919
v 0.21783442772304645 -0.5067347063229826 0.8341271482851601
v 0.2285433707564071 -0.47498935825730987 0.8497958797414874
v 0.13953129361181685 -0.6357126524765078 0.7592104066622744
v 0.15125764300630543 -0.6077100293542063 0.779621475880755
v 0.16282783120112607 -0.5787757652163287 0.7990655235865146
v 0.17419353879974223 -0.5490199564169586 0.8174556247872685
v 0.18530873317147167 -0.5185631179478138 0.8347172971219813
v 0.19613059605237665 -0.4875337549475872 0.8507900017506349
v 0.1196208206582494 -0.6161790815796019 0.7784691379166969
v 0.13104890973732858 -0.588087069797725 0.7981101312434162
v 0.14233522279253166 -0.5591505555060459 0.8167565981550935
v 0.15343473603363453 -0.5294802156877448 0.8343311590570904
v 0.16430462437072837 -0.49919536471370307 0.8507690510701166
v 0.10011685926607475 -0.5964942774380213 0.7963486620032646
v 0.1112720478510575 -0.5683823798954282 0.8152054965414801
v 0.12229981531893715 -0.5395113098444888 0.8330487991245398
v 0.13315810928195035 -0.509991161865676 0.8498105275597344
v 0.08106972274033818 -0.5767547280455737 0.8128847911800792
v 0.09197603528047425 -0.5486883865273363 0.8309521426797776
v 0.1027689325054107 -0.5199454593516001 0.8479948501089801
v 0.06252068175732874 -0.5570486494587215 0.8281231590100674
v 0.07320048920136979 -0.5290885505769178 0.8454034504478299
v 0.04450233901831196 -0.5374553858759236 0.8421171236917472
v 0.4929530468576116 -0.8696210817839346 0.02750395809218742
v 0.4838481602573517 -0.8733635493296334 0.05592019776360723
v 0.47398579554016296 -0.8763994844559669 0.08521390304096021
v 0.463336168156071 -0.8786448994171827 0.11533748742979379
v 0.4518744572088735 -0.8800149802865912 0.14622964608237346
v 0.43958205642413106 -0.880425781256419 0.17781467703470452
v 0.42644783923370977 -0.8797961883636218 0.21000216035494146
v 0.4124693781829603 -0.8780501083049647 0.24268708117038695
v 0.3976540484087528 -0.8751188121778101 0.2757504711811535
v 0.3820199383429215 -0.8709433382523454 0.30906062230949305
v 0.36559648988583654 -0.8654768353476818 0.342474895517492
v 0.3484247965616146 -0.8586867125521431 0.37584210890664
v 0.3305575024078644 -0.8505564552831784 0.4090054449246234
v 0.31205826634294936 -0.8410869746399976 0.44180577123660203
v 0.293000785049258 -0.8302973778480396 0.47408522894010147
v 0.2734673993793074 -0.81822508158865 0.5056909108694415
v 0.2535473414036464 -0.8049252343143145 0.5364784365015882
v 0.23333470758202193 -0.7904694635995504 0.566315231434094
v 0.21292626456543118 -0.7749440143527866 0.59508333910218
v 0.19241920520307185 -0.7584473873343167 0.6226816282136217
v 0.17190897225431467 -0.7410876198005099 0.6490273068499354
v 0.15148725653666772 -0.72297936789934 0.6740567073317085
v 0.13124025669457828 -0.7042409525988711 0.6977253583648625
v 0.11124726240879386 -0.6849915186122514 0.7200074069312279
v 0.09157959508836064 -0.6653484319822918 0.7408944876446022
v 0.07229991315341977 -0.6454250107960766 0.760394159628342
v 0.05346186555646973 -0.6253286492954697 0.7785280401511081
v 0.035110058928900956 -0.6051593623925604 0.7953297617156287
v 0.017280291437762565 -0.5850087483405251 0.8108428675723048
v 0.0 -0.564959343968111 0.8251187427656227
v 0.4665678688195892 -0.8840433567736746 0.02796009888180362
v 0.456712351246862 -0.88779645863357 0.05684431595379255
v 0.446082564576491 -0.8907909392264183 0.08661321015281787
v 0.4346523337640905 -0.8929380131670707 0.11721370821996034
v 0.42240129618273464 -0.8941485713929096 0.14857818567732084
v 0.40931618867728337 -0.8943351033238337 0.18062386511602072
v 0.3953921153600762 -0.8934138974251714 0.21325262717877422
v 0.38063372766858655 -0.8913074614262478 0.24635132345293775
v 0.365056239159035 -0.8879470745271305 0.27979266446740847
v 0.34868619360139497 -0.8832753563567434 0.3134367292527129
v 0.33156190798938373 -0.8772487149656807 0.34713310597161595
v 0.3137335233438704 -0.8698395227337037 0.38072362813548066
v 0.2952626159765146 -0.8610378683054433 0.4140456218229139
v 0.27622134924879 -0.8508527468953723 0.44693553150289744
v 0.25669117852190265 -0.8393125809738874 0.4792327516854295
v 0.23676115649896284 -0.826465006573357 0.5107834645747399
v 0.2165259183827774 -0.8123759130305915 0.5414442746915028
v 0.19608345208991892 -0.7971277799199148 0.5710854422032208
v 0.17553277481790902 -0.7808174074305257 0.5995935466782457
v 0.15497164160062002 -0.7635531791048054 0.6268734585054259
v 0.1344944039006971 -0.745452023828924 0.6528495504239531
v 0.11419011830057597 -0.7266362547516173 0.6774661394955789
v 0.09414097984763718 -0.7072304565289836 0.700687203587401
v 0.0744211252140515 -0.6873585714390034 0.7224954604640829
v 0.055095821241226264 -0.6671413036251346 0.7428909283866042
v 0.03622102781367421 -0.6466939239077052 0.761889103429742
v 0.017843302583059637 -0.6261245199973067 0.7795188913753609
v 0.0 -0.6055327024811289 0.7958204233530959
v -0.017280291437762562 -0.5850087483405252 0.8108428675723047
v 0.438875736611262 -0.8980986942210395 0.02840463434698674
v 0.4282392619934313 -0.9018187066942981 0.05774214010187858
v 0.4168153327135141 -0.9047246036371667 0.08796800548207327
v 0.4045822264165865 -0.9067230511853789 0.11902323519748045
v 0.39152492696032914 -0.9077210426165109 0.15083348553919826
v 0.3776364221702767 -0.9076280630509187 0.18330856993842362
v 0.3629189414257753 -0.906358534193755 0.2163424356166451
v 0.3473850565109274 -0.9038344632739457 0.24981370160821487
v 0.33105856247134313 -0.8999881887167237 0.28358682688869546
v 0.3139750550261502 -0.894765086537747 0.317513944157456
v 0.29618212906373387 -0.8881260803396728 0.3514373512359817
v 0.2777391397363972 -0.8800497884878364 0.38519260122826904
v 0.2587164932827835 -0.8705341480560777 0.4186120795817275
v 0.23919446713063303 -0.859597378259831 0.4515289073613311
v 0.21926159486974695 -0.8472781857091934 0.48378097217285476
v 0.1990126871406027 -0.8336351666024752 0.5152148671775109
v 0.17854658983054106 -0.8187454212152472 0.5456895184067144
v 0.15796380216732472 -0.8027024564495482 0.5750793020225153
v 0.1373640865739407 -0.785613505248246 0.6032764938991664
v 0.11684419851929759 -0.7675964309159192 0.6301929486415454
v 0.09649584903081317 -0.7487764056407108 0.655760966721564
v 0.07640398766858428 -0.7292825544867065 0.6799333690808846
v 0.056645463325541504 -0.7092447404034538 0.7026828514306239
v 0.03728808828193611 -0.6887906362459505 0.7240007305881516
v 0.01839010120075393 -0.668043191614439 0.7438952199842528
v 0.0 -0.647118560988119 0.762389380844635
v -0.017843302583059637 -0.6261245199973067 0.7795188913753609
v -0.035110058928900956 -0.6051593623925604 0.7953297617156287
v 0.4098743025996013 -0.9116861494330584 0.028834371857448447
v 0.3984313059504163 -0.9153238394633767 0.05860685410998017
v 0.3861921252158325 -0.918088758783995 0.08926742639811033
v 0.37314038052981185 -0.9198834216871895 0.12075076365446102
v 0.35926731539821255 -0.9206114850391813 0.15297545456874642
v 0.3445730728877567 -0.9201801649653643 0.18584364784679508
v 0.3290678634193027 -0.9185029255516834 0.21924123019554
v 0.3127729408627245 -0.915502344047086 0.25303862453857456
v 0.295721300353452 -0.9111130234715139 0.287092269101521
v 0.2779580158274129 -0.9052843952476647 0.32124679789588234
v 0.25954014902874506 -0.8979832364126438 0.355337892946996
v 0.2405361848863923 -0.8891957226704116 0.3891957226704115
v 0.2210249794283899 -0.8789288531862556 0.4226488252738595
v 0.20109424301364018 -0.8672111164674979 0.45552824819320126
v 0.180838619532319 -0.854092316886348 0.487671721469838
v 0.1603574565909282 -0.8396425434090717 0.5189276302272153
v 0.13975238793855504 -0.8239503286226542 0.5491585618271756
v 0.11912486392603408 -0.8071201088323374 0.5782442362125881
v 0.09857376678448401 -0.7892691469276807 0.6060836792143222
v 0.07819323521568113 -0.7705241128862675 0.6325965613464364
v 0.05807079942693577 -0.7510175291529705 0.65772369058662
v 0.038285896987528524 -0.7308842799408055 0.6814267087715821
v 0.018908806073590134 -0.7102583579163166 0.7036870910162335
v 0.0 -0.6892699839446963 0.7245045819267661
v -0.01839010120075393 -0.668043191614439 0.7438952199842528
v -0.03622102781367421 -0.6466939239077052 0.761889103429742
v -0.05346186555646973 -0.6253286492954697 0.7785280401511081
v 0.37957454405545377 -0.9246987839990704 0.029245929216474693
v 0.3673054749415084 -0.9281996615580759 0.05943127427092834
v 0.35423683867839306 -0.930766348550254 0.09050009132351895
v 0.3403585093246224 -0.9322977698793404 0.12238036365499713
v 0.32566889627209045 -0.9326949852368779 0.1549833362490901
v 0.310176159862391 -0.9318638598289596 0.18820333843397608
v 0.2938992639513833 -0.9297179870805038 0.22191819922622696
v 0.27686877760957995 -0.9261817459413649 0.25599033862624926
v 0.25912733939151916 -0.9211933410130188 0.2902685833037129
v 0.2407297079048919 -0.9147076473226503 0.3245907079099578
v 0.22174234252535113 -0.9066986685227898 0.3587866469510394
v 0.20224248739596448 -0.8971614220271429 0.39268226229119135
v 0.18231676805637753 -0.8861130895537397 0.4261034951828055
v 0.1620593493834467 -0.8735933162895316 0.4588806871199444
v 0.14156974117717513 -0.8596636026731345 0.4908528278639892
v 0.12095036865019153 -0.8444058028747498 0.5218714864742391
v 0.10030404496037162 -0.8279198147302002 0.5518042034469282
v 0.07973148904354435 -0.8103206080572807 0.5805371666074258
v 0.05932902377348142 -0.7917347841663707 0.607977054237342
v 0.03918656852685111 -0.772296883942043 0.63405199778922
v 0.019386009991399434 -0.7521456636150109 0.6587116845189162
v 0.0 -0.7314205382620619 0.6819266794959965
v -0.018908806073590134 -0.7102583579163166 0.7036870910162335
v -0.03728808828193611 -0.6887906362459505 0.7240007305881516
v -0.05509582124122626 -0.6671413036251347 0.7428909283866042
v -0.07229991315341977 -0.6454250107960766 0.760394159628342
v 0.3480024613357704 -0.9370250836969788 0.02963577950578409
v 0.3348950634632317 -0.9403298881871293 0.06020795503867356
v 0.3209909588447352 -0.9426368846945891 0.09165428496921182
v 0.3062871759002282 -0.9438421505934342 0.12389576523119672
v 0.2907901498709915 -0.9438450729098895 0.1568361153616467
v 0.2745168329258866 -0.9425512655474927 0.19036181406774033
v 0.2574955818140232 -0.939875704299895 0.22434278640739477
v 0.2397667339079066 -0.9357459389410272 0.2586338165563632
v 0.22138278928478863 -0.9301052080059191 0.29307671802576335
v 0.2024081332214689 -0.9229152593553265 0.3275032391517534
v 0.18291826010701567 -0.914158673724025 0.36173862024195547
v 0.16299849465444047 -0.9038405031465426 0.3956056566989291
v 0.1427422460840656 -0.8919890727412468 0.428929067904108
v 0.12224887099083037 -0.8786558506936645 0.46153993281541733
v 0.10162125561500872 -0.8639143617644119 0.49327993669357567
v 0.08096325328858756 -0.8478581957971557 0.5240051826428055
v 0.0603771243503969 -0.8305982346951879 0.5535893562708862
v 0.039961122317984425 -0.8122592798354954 0.581926087251817
v 0.019807352447232557 -0.7929762998254374 0.6089304202486431
v 0.0 -0.7728905323153185 0.634539380225801
v -0.019386009991399434 -0.7521456636150109 0.6587116845189162
v -0.038285896987528524 -0.7308842799408055 0.6814267087715821
v -0.056645463325541504 -0.7092447404034538 0.7026828514306239
v -0.0744211252140515 -0.6873585714390034 0.7224954604640829
v -0.09157959508836064 -0.6653484319822917 0.7408944876446022
v 0.31520057682491587 -0.9485507776876348 0.03000030862213449
v 0.30125113551243904 -0.9515962227052303 0.06092932205107835
v 0.28651495375719105 -0.9535787954489681 0.09271818669284791
v 0.27099706399236695 -0.9543926533514077 0.12528070296888
v 0.2547126954245322 -0.9539366183325746 0.15851299944730496
v 0.23768822936679068 -0.9521173213394332 0.1922938169206241
v 0.21996187051784008 -0.9488525147087816 0.22648549809891644
v 0.2015839477503192 -0.9440743879116139 0.26093574323711954
v 0.18261677115162414 -0.9377326912292964 0.2954801426390891
v 0.16313399552464636 -0.9297974554742985 0.3299454368493138
v 0.143219473296302 -0.9202610992555841 0.3641533902981458
v 0.12296561903379395 -0.9091397415487533 0.39792510208869925
v 0.1024713491948283 -0.8964735862136608 0.4310855272627575
v 0.08183969902645828 -0.8823263125350244 0.4634679512885492
v 0.0611752483217424 -0.8667834842525456 0.4949181552739709
v 0.04058150470036092 -0.849950068961268 0.5252980313583807
v 0.02015839477503192 -0.8319472297451418 0.554488454378879
v 0.0 -0.8129086024997529 0.5823912808257851
v -0.019807352447232557 -0.7929762998254374 0.6089304202486431
v -0.03918656852685111 -0.772296883942043 0.63405199778922
v -0.05807079942693577 -0.7510175291529705 0.65772369058662
v -0.07640398766858428 -0.7292825544867065 0.6799333690808846
v -0.0941409798476372 -0.7072304565289836 0.7006872035874011
v -0.11124726240879386 -0.6849915186122514 0.7200074069312279
v 0.281229121488382 -0.9591610476344749 0.030335885146298366
v 0.2664436093680106 -0.9618808357153752 0.06158783086323443
v 0.25088920748011423 -0.9634721777482668 0.09368013810308058
v 0.2345797056470434 -0.9638284211006921 0.12651931226928728
v 0.21753975383609853 -0.9628490991527271 0.1599939616414058
v 0.19980561158992216 -0.9604432707621335 0.19397536241727237
v 0.18142555297528729 -0.9565329610412219 0.22831877533247957
v 0.16245984811645314 -0.9510565162951535 0.2628655560595668
v 0.1429802623756833 -0.9439716598569311 0.2974460454568715
v 0.12306904420507811 -0.935258027459989 0.3318831608112994
v 0.10281741049530799 -0.9249189753196432 0.3659965425966487
v 0.08232358003196016 -0.912982492932299 0.3996070517018511
v 0.061690446297184794 -0.8995011135911031 0.43254136852331204
v 0.041023014735026044 -0.8845507926055213 0.46463642513581926
v 0.020425751767954758 -0.8682288068267452 0.4957434090947858
v 0.0 -0.8506508083520399 0.5257311121191336
v -0.02015839477503192 -0.8319472297451418 0.554488454378879
v -0.039961122317984425 -0.8122592798354954 0.581926087251817
v -0.05932902377348142 -0.7917347841663707 0.607977054237342
v -0.07819323521568113 -0.7705241128862675 0.6325965613464364
v -0.09649584903081317 -0.7487764056407108 0.655760966721564
v -0.11419011830057597 -0.7266362547516173 0.6774661394955789
v -0.13124025669457828 -0.7042409525988711 0.6977253583648625
v 0.24616679187208504 -0.9687430855799453 0.030638941242350382
v 0.2305618352583379 -0.9710691874344178 0.06217614765942411
v 0.21421436395204557 -0.9722018747898896 0.09452894229623181
v 0.19714753356896803 -0.9720349617434304 0.12759656404512046
v 0.1793958503479748 -0.970470111215569 0.16126032405761828
v 0.16100566493439175 -0.9674203229974434 0.1953844786838422
v 0.14203526645126321 -0.962813440448733 0.22981788871929154
v 0.12255451060772854 -0.9565954686952953 0.26439648485055245
v 0.10264394232150857 -0.9487334782899449 0.2989464973478724
v 0.08239340890836397 -0.9392178706157669 0.33328834015675324
v 0.061900201049726884 -0.9280638083113687 0.36724097376600345
v 0.041266800699817925 -0.915311665591641 0.4006265168356401
v 0.020598352227090992 -0.901026425250014 0.4332748422037791
v 0.0 -0.8852960331959687 0.46502788476335705
v -0.020425751767954758 -0.8682288068267452 0.4957434090947858
v -0.04058150470036092 -0.849950068961268 0.5252980313583807
v -0.0603771243503969 -0.830598234695188 0.5535893562708862
v -0.07973148904354435 -0.8103206080572807 0.5805371666074258
v -0.09857376678448401 -0.7892691469276807 0.6060836792143222
v -0.11684419851929759 -0.7675964309159192 0.6301929486415454
v -0.1344944039006971 -0.745452023828924 0.6528495504239531
v -0.15148725653666772 -0.72297936789934 0.6740567073317085
v 0.2101109660886068 -0.9771889260765745 0.030906062230949306
v 0.19371455200077498 -0.9790530981582937 0.06268734585054257
v 0.17661096845220947 -0.9796607608740254 0.09525418324723679
v 0.1588331519013788 -0.97890761005916 0.12849871915835295
v 0.14042566294452025 -0.9766989563172576 0.16229535395497888
v 0.12144487993288135 -0.9729533017274403 0.19650194349105207
v 0.10195874720290397 -0.9676058382073501 0.23096180579451966
v 0.08204602947005209 -0.960611644887223 0.26550652864903956
v 0.06179505668127298 -0.9519483524043513 0.2999595061410779
v 0.041301983266975324 -0.9416180563510772 0.3341400636437275
v 0.02066862798697952 -0.9296483021157386 0.36786796842136205
v 0.0 -0.9160920268893069 0.400968076372473
v -0.020598352227090992 -0.901026425250014 0.4332748422037791
v -0.041023014735026044 -0.8845507926055213 0.46463642513581926
v -0.06117524832174239 -0.8667834842525456 0.4949181552739708
v -0.08096325328858756 -0.8478581957971557 0.5240051826428055
v -0.10030404496037162 -0.8279198147302002 0.5518042034469282
v -0.11912486392603408 -0.8071201088323375 0.5782442362125881
v -0.1373640865739407 -0.785613505248246 0.6032764938991664
v -0.15497164160062002 -0.7635531791048055 0.6268734585054259
v -0.17190897225431467 -0.74108761980051 0.6490273068499354
v 0.17317728468276464 -0.9843984442514208 0.031134081410681084
v 0.15602913317147468 -0.9857339359427303 0.06311511017665744
v 0.13821832689640914 -0.9857530790712438 0.0958465503370859
v 0.11978776109019003 -0.9843549621676316 0.1292137792534531
v 0.1007919738751596 -0.981450107300438 0.16308483952319971
v 0.08129700449200697 -0.9769640636735416 0.19731197467743025
v 0.06137977426984372 -0.970840814882997 0.23173397564427461
v 0.04112696419812319 -0.9630457679124536 0.2661793037066536
v 0.020633400349908963 -0.9535680937508242 0.3004698876267301
v 0.0 -0.9424222167125194 0.3344254258376018
v -0.02066862798697952 -0.9296483021157386 0.36786796842136205
v -0.041266800699817925 -0.915311665591641 0.4006265168356401
v -0.061690446297184794 -0.8995011135911031 0.43254136852331204
v -0.08183969902645828 -0.8823263125350244 0.4634679512885492
v -0.10162125561500872 -0.8639143617644118 0.49327993669357567
v -0.12095036865019153 -0.8444058028747498 0.5218714864742391
v -0.13975238793855504 -0.8239503286226542 0.5491585618271756
v -0.15796380216732472 -0.8027024564495482 0.5750793020225153
v -0.17553277481790902 -0.7808174074305257 0.5995935466782457
v -0.19241920520307185 -0.7584473873343167 0.6226816282136217
v 0.13549853199618345 -0.9902823811511319 0.03132017574222
v 0.11765007125395135 -0.9910257607566852 0.06345393802258009
v 0.09919254990585614 -0.9903976495784972 0.09629815030706726
v 0.0801787282954641 -0.988302081193091 0.12973190755680383
v 0.06067274621878934 -0.9846563338531626 0.16361760928799637
v 0.04074962366361013 -0.979394460505177 0.1978028283494646
v 0.02049426983896566 -0.9724705182242164 0.2321229762184079
v 0.0 -0.9638612634676226 0.26640470113456743
v -0.020633400349908963 -0.9535680937508242 0.3004698876267301
v -0.041301983266975324 -0.9416180563510772 0.3341400636437275
v -0.061900201049726884 -0.9280638083113687 0.36724097376600345
v -0.08232358003196016 -0.912982492932299 0.3996070517018511
v -0.1024713491948283 -0.8964735862136608 0.4310855272627575
v -0.12224887099083037 -0.8786558506936645 0.46153993281541733
v -0.14156974117717513 -0.8596636026731345 0.4908528278639892
v -0.1603574565909282 -0.8396425434090717 0.5189276302272153
v -0.17854658983054106 -0.8187454212152472 0.5456895184067144
v -0.19608345208991892 -0.7971277799199148 0.5710854422032208
v -0.21292626456543118 -0.7749440143527866 0.59508333910218
v 0.09722279482584247 -0.9947652353238858 0.031461957301894106
v 0.07873669759373723 -0.9948582453112854 0.06369932643429446
v 0.05970380614218081 -0.9935307529014192 0.0966027875957833
v 0.04018635989607089 -0.9906932665358393 0.1300457923919568
v 0.020257418672930835 -0.986271275667404 0.16388595968569442
v 0.0 -0.9802086324517009 0.19796726210958834
v -0.02049426983896566 -0.9724705182242164 0.2321229762184079
v -0.04112696419812319 -0.9630457679124536 0.2661793037066536
v -0.06179505668127297 -0.9519483524043513 0.29995950614107786
v -0.08239340890836397 -0.9392178706157669 0.33328834015675324
v -0.10281741049530799 -0.9249189753196432 0.3659965425966487
v -0.12296561903379395 -0.9091397415487533 0.39792510208869925
v -0.1427422460840656 -0.8919890727412468 0.428929067904108
v -0.1620593493834467 -0.8735933162895316 0.4588806871199444
v -0.180838619532319 -0.854092316886348 0.487671721469838
v -0.1990126871406027 -0.8336351666024752 0.5152148671775109
v -0.21652591838277738 -0.8123759130305916 0.5414442746915028
v -0.23333470758202193 -0.7904694635995504 0.566315231434094
v 0.058510924939303016 -0.9977878493846246 0.03155755508832872
v 0.039460192749827136 -0.9971791888274644 0.06384793307184249
v 0.019932872260886088 -0.9951084963168442 0.09675619443457097
v 0.0 -0.9914941935918586 0.13015092805520037
v -0.020257418672930835 -0.986271275667404 0.16388595968569442
v -0.04074962366361013 -0.979394460505177 0.1978028283494646
v -0.061379774269843715 -0.970840814882997 0.2317339756442746
v -0.08204602947005209 -0.960611644887223 0.26550652864903956
v -0.10264394232150859 -0.9487334782899449 0.29894649734787243
v -0.12306904420507811 -0.935258027459989 0.3318831608112994
v -0.14321947329630202 -0.9202610992555841 0.36415339029814586
v -0.1629984946544405 -0.9038405031465426 0.39560565669892916
v -0.18231676805637753 -0.8861130895537397 0.4261034951828055
v -0.20109424301364018 -0.8672111164674978 0.45552824819320126
v -0.21926159486974695 -0.8472781857091934 0.48378097217285476
v -0.23676115649896284 -0.826465006573357 0.5107834645747399
v -0.25354734140364643 -0.8049252343143145 0.5364784365015882
v 0.01953338566995053 -0.9993095254794934 0.03160568192934009
v 0.0 -0.9979564539126902 0.06389770022472392
v -0.019932872260886088 -0.9951084963168442 0.09675619443457097
v -0.04018635989607089 -0.9906932665358393 0.1300457923919568
v -0.06067274621878934 -0.9846563338531626 0.16361760928799637
v -0.08129700449200697 -0.9769640636735416 0.19731197467743025
v -0.101958747202904 -0.9676058382073502 0.23096180579451972
v -0.12255451060772854 -0.9565954686952953 0.26439648485055245
v -0.1429802623756833 -0.9439716598569311 0.2974460454568715
v -0.16313399552464636 -0.9297974554742985 0.3299454368493138
v -0.18291826010701567 -0.914158673724025 0.36173862024195547
v -0.20224248739596448 -0.8971614220271429 0.39268226229119135
v -0.2210249794283899 -0.8789288531862556 0.4226488252738595
v -0.23919446713063303 -0.859597378259831 0.4515289073613311
v -0.2566911785219027 -0.8393125809738873 0.47923275168542956
v -0.2734673993793074 -0.81822508158865 0.5056909108694415
v -0.01953338566995053 -0.9993095254794934 0.03160568192934009
v -0.039460192749827136 -0.9971791888274644 0.06384793307184249
v -0.05970380614218081 -0.9935307529014192 0.0966027875957833
v -0.0801787282954641 -0.988302081193091 0.12973190755680383
v -0.1007919738751596 -0.981450107300438 0.16308483952319971
v -0.12144487993288135 -0.9729533017274403 0.19650194349105207
v -0.14203526645126321 -0.962813440448733 0.22981788871929154
v -0.16245984811645314 -0.9510565162951535 0.2628655560595668
v -0.18261677115162414 -0.9377326912292964 0.2954801426390891
v -0.2024081332214689 -0.9229152593553265 0.3275032391517534
v -0.22174234252535113 -0.9066986685227898 0.3587866469510394
v -0.2405361848863923 -0.8891957226704116 0.3891957226704115
v -0.2587164932827835 -0.8705341480560777 0.4186120795817275
v -0.27622134924879 -0.8508527468953723 0.44693553150289744
v -0.293000785049258 -0.8302973778480396 0.47408522894010147
v -0.05851092493930301 -0.9977878493846246 0.03155755508832872
v -0.07873669759373723 -0.9948582453112854 0.06369932643429446
v -0.09919254990585614 -0.9903976495784972 0.09629815030706726
v -0.11978776109019003 -0.9843549621676316 0.1292137792534531
v -0.14042566294452025 -0.9766989563172576 0.16229535395497888
v -0.16100566493439175 -0.9674203229974434 0.1953844786838422
v -0.18142555297528729 -0.9565329610412219 0.22831877533247957
v -0.2015839477503192 -0.9440743879116139 0.26093574323711954
v -0.22138278928478863 -0.9301052080059192 0.29307671802576335
v -0.2407297079048919 -0.9147076473226503 0.3245907079099578
v -0.25954014902874506 -0.8979832364126438 0.355337892946996
v -0.2777391397363972 -0.8800497884878364 0.38519260122826904
v -0.2952626159765146 -0.8610378683054433 0.4140456218229139
v -0.31205826634294936 -0.8410869746399976 0.44180577123660203
v -0.09722279482584248 -0.9947652353238858 0.03146195730189411
v -0.11765007125395135 -0.9910257607566852 0.06345393802258009
v -0.13821832689640914 -0.9857530790712438 0.0958465503370859
v -0.15883315190137878 -0.9789076100591599 0.12849871915835293
v -0.17939585034797478 -0.970470111215569 0.16126032405761825
v -0.19980561158992216 -0.9604432707621335 0.19397536241727237
v -0.21996187051784005 -0.9488525147087816 0.2264854980989164
v -0.2397667339079066 -0.9357459389410272 0.2586338165563632
v -0.25912733939151916 -0.9211933410130188 0.2902685833037129
v -0.27795801582741286 -0.9052843952476647 0.32124679789588234
v -0.29618212906373387 -0.8881260803396728 0.3514373512359817
v -0.31373352334387034 -0.8698395227337037 0.3807236281354806
v -0.3305575024078644 -0.8505564552831786 0.4090054449246234
v -0.13549853199618345 -0.9902823811511319 0.03132017574222
v -0.15602913317147468 -0.9857339359427303 0.06311511017665744
v -0.17661096845220947 -0.9796607608740254 0.09525418324723679
v -0.19714753356896803 -0.9720349617434304 0.12759656404512046
v -0.21753975383609853 -0.9628490991527271 0.1599939616414058
v -0.23768822936679068 -0.9521173213394332 0.1922938169206241
v -0.2574955818140232 -0.939875704299895 0.2243427864073948
v -0.27686877760957995 -0.9261817459413649 0.25599033862624926
v -0.295721300353452 -0.9111130234715139 0.287092269101521
v -0.3139750550261502 -0.894765086537747 0.317513944157456
v -0.33156190798938373 -0.8772487149656807 0.34713310597161595
v -0.3484247965616146 -0.8586867125521431 0.37584210890664
v -0.17317728468276464 -0.9843984442514208 0.031134081410681084
v -0.19371455200077498 -0.9790530981582937 0.06268734585054257
v -0.21421436395204557 -0.9722018747898896 0.09452894229623181
v -0.2345797056470434 -0.9638284211006921 0.12651931226928728
v -0.2547126954245322 -0.9539366183325746 0.15851299944730496
v -0.2745168329258866 -0.9425512655474927 0.19036181406774033
v -0.2938992639513833 -0.9297179870805038 0.22191819922622696
v -0.3127729408627245 -0.915502344047086 0.25303862453857456
v -0.33105856247134313 -0.8999881887167237 0.28358682688869546
v -0.34868619360139497 -0.8832753563567434 0.3134367292527129
v -0.36559648988583654 -0.8654768353476818 0.342474895517492
v -0.21011096608860677 -0.9771889260765745 0.030906062230949303
v -0.2305618352583379 -0.9710691874344178 0.06217614765942411
v -0.25088920748011423 -0.9634721777482668 0.09368013810308058
v -0.27099706399236695 -0.9543926533514077 0.12528070296888
v -0.2907901498709915 -0.9438450729098895 0.1568361153616467
v -0.310176159862391 -0.9318638598289596 0.18820333843397608
v -0.3290678634193027 -0.9185029255516834 0.21924123019554
v -0.3473850565109274 -0.9038344632739457 0.24981370160821487
v -0.365056239159035 -0.8879470745271306 0.27979266446740847
v -0.3820199383429214 -0.8709433382523455 0.30906062230949305
v -0.24616679187208504 -0.9687430855799453 0.030638941242350382
v -0.2664436093680106 -0.9618808357153752 0.06158783086323443
v -0.2865149537571911 -0.9535787954489681 0.09271818669284793
v -0.3062871759002282 -0.9438421505934342 0.12389576523119673
v -0.32566889627209045 -0.9326949852368779 0.1549833362490901
v -0.3445730728877568 -0.9201801649653644 0.18584364784679513
v -0.3629189414257754 -0.9063585341937551 0.21634243561664515
v -0.38063372766858655 -0.8913074614262478 0.24635132345293775
v -0.3976540484087528 -0.8751188121778101 0.2757504711811535
v -0.281229121488382 -0.9591610476344749 0.030335885146298366
v -0.30125113551243904 -0.9515962227052303 0.06092932205107835
v -0.3209909588447352 -0.9426368846945891 0.09165428496921182
v -0.3403585093246224 -0.9322977698793404 0.12238036365499713
v -0.35926731539821255 -0.9206114850391813 0.15297545456874642
v -0.37763642217027676 -0.9076280630509187 0.18330856993842365
v -0.39539211536007624 -0.8934138974251714 0.21325262717877425
v -0.4124693781829603 -0.8780501083049647 0.24268708117038695
v -0.31520057682491587 -0.9485507776876348 0.03000030862213449
v -0.3348950634632317 -0.9403298881871293 0.06020795503867356
v -0.35423683867839306 -0.930766348550254 0.09050009132351895
v -0.37314038052981185 -0.9198834216871895 0.12075076365446102
v -0.39152492696032914 -0.9077210426165109 0.15083348553919826
v -0.40931618867728337 -0.8943351033238337 0.18062386511602072
v -0.42644783923370977 -0.8797961883636218 0.21000216035494146
v -0.34800246133577034 -0.9370250836969788 0.029635779505784086
v -0.3673054749415084 -0.928199661558076 0.059431274270928335
v -0.3861921252158325 -0.918088758783995 0.08926742639811033
v -0.4045822264165865 -0.9067230511853789 0.11902323519748045
v -0.42240129618273464 -0.8941485713929096 0.14857818567732084
v -0.43958205642413106 -0.880425781256419 0.17781467703470452
v -0.3795745440554537 -0.9246987839990704 0.02924592921647469
v -0.39843130595041626 -0.9153238394633767 0.058606854109980164
v -0.4168153327135141 -0.9047246036371667 0.08796800548207327
v -0.43465233376409046 -0.8929380131670707 0.11721370821996033
v -0.4518744572088735 -0.8800149802865913 0.14622964608237346
v -0.4098743025996013 -0.9116861494330584 0.028834371857448447
v -0.4282392619934313 -0.9018187066942981 0.05774214010187858
v -0.446082564576491 -0.8907909392264183 0.08661321015281787
v -0.463336168156071 -0.8786448994171827 0.11533748742979379
v -0.438875736611262 -0.8980986942210395 0.02840463434698674
v -0.456712351246862 -0.88779645863357 0.05684431595379255
v -0.47398579554016296 -0.8763994844559669 0.08521390304096021
v -0.46656786881958917 -0.8840433567736746 0.027960098881803615
v -0.48384816025735167 -0.8733635493296334 0.055920197763607224
v -0.4929530468576116 -0.8696210817839346 0.02750395809218742
v 0.4929530468576116 -0.8696210817839346 -0.02750395809218742
v 0.4665678688195892 -0.8840433567736746 -0.02796009888180362
v 0.438875736611262 -0.8980986942210395 -0.02840463434698674
v 0.4098743025996013 -0.9116861494330584 -0.028834371857448447
v 0.37957454405545377 -0.9246987839990704 -0.029245929216474693
v 0.3480024613357704 -0.9370250836969788 -0.02963577950578409
v 0.31520057682491587 -0.9485507776876348 -0.03000030862213449
v 0.281229121488382 -0.9591610476344749 -0.030335885146298366
v 0.24616679187208504 -0.9687430855799453 -0.030638941242350382
v 0.2101109660886068 -0.9771889260765745 -0.030906062230949306
v 0.17317728468276464 -0.9843984442514208 -0.031134081410681084
v 0.13549853199618345 -0.9902823811511319 -0.03132017574222
v 0.09722279482584248 -0.9947652353238858 -0.03146195730189411
v 0.058510924939303016 -0.9977878493846246 -0.03155755508832872
v 0.01953338566995053 -0.9993095254794934 -0.03160568192934009
v -0.01953338566995053 -0.9993095254794934 -0.03160568192934009
v -0.058510924939303016 -0.9977878493846246 -0.03155755508832872
v -0.09722279482584248 -0.9947652353238858 -0.03146195730189411
v -0.13549853199618345 -0.9902823811511319 -0.03132017574222
v -0.17317728468276464 -0.9843984442514208 -0.031134081410681084
v -0.2101109660886068 -0.9771889260765745 -0.030906062230949306
v -0.24616679187208504 -0.9687430855799453 -0.030638941242350382
v -0.281229121488382 -0.9591610476344749 -0.030335885146298366
v -0.31520057682491587 -0.9485507776876348 -0.03000030862213449
v -0.3480024613357704 -0.9370250836969788 -0.02963577950578409
v -0.37957454405545377 -0.9246987839990704 -0.029245929216474693
v -0.4098743025996013 -0.9116861494330584 -0.028834371857448447
v -0.438875736611262 -0.8980986942210395 -0.02840463434698674
v -0.4665678688195892 -0.8840433567736746 -0.02796009888180362
v -0.4929530468576116 -0.8696210817839346 -0.02750395809218742
v 0.4838481602573517 -0.8733635493296334 -0.05592019776360723
v 0.456712351246862 -0.88779645863357 -0.05684431595379255
v 0.4282392619934313 -0.9018187066942981 -0.05774214010187858
v 0.3984313059504163 -0.9153238394633767 -0.05860685410998017
v 0.3673054749415084 -0.9281996615580759 -0.05943127427092834
v 0.3348950634632317 -0.9403298881871293 -0.06020795503867356
v 0.30125113551243904 -0.9515962227052303 -0.06092932205107835
v 0.2664436093680106 -0.9618808357153752 -0.06158783086323443
v 0.2305618352583379 -0.9710691874344178 -0.06217614765942411
v 0.19371455200077498 -0.9790530981582937 -0.06268734585054257
v 0.15602913317147468 -0.9857339359427303 -0.06311511017665744
v 0.11765007125395135 -0.9910257607566852 -0.06345393802258009
v 0.07873669759373723 -0.9948582453112854 -0.06369932643429446
v 0.039460192749827136 -0.9971791888274644 -0.06384793307184249
v 0.0 -0.9979564539126902 -0.06389770022472392
v -0.039460192749827136 -0.9971791888274644 -0.06384793307184249
v -0.07873669759373723 -0.9948582453112854 -0.06369932643429446
v -0.11765007125395135 -0.9910257607566852 -0.06345393802258009
v -0.15602913317147468 -0.9857339359427303 -0.06311511017665744
v -0.19371455200077498 -0.9790530981582937 -0.06268734585054257
v -0.2305618352583379 -0.9710691874344178 -0.06217614765942411
v -0.2664436093680106 -0.9618808357153752 -0.06158783086323443
v -0.30125113551243904 -0.9515962227052303 -0.06092932205107835
v -0.3348950634632317 -0.9403298881871293 -0.06020795503867356
v -0.3673054749415084 -0.9281996615580759 -0.05943127427092834
v -0.3984313059504163 -0.9153238394633767 -0.05860685410998017
v -0.4282392619934313 -0.9018187066942981 -0.05774214010187858
v -0.456712351246862 -0.88779645863357 -0.05684431595379255
v -0.4838481602573517 -0.8733635493296334 -0.05592019776360723
v 0.47398579554016296 -0.8763994844559669 -0.08521390304096021
v 0.446082564576491 -0.8907909392264183 -0.08661321015281787
v 0.4168153327135141 -0.9047246036371667 -0.08796800548207327
v 0.3861921252158325 -0.918088758783995 -0.08926742639811033
v 0.35423683867839306 -0.930766348550254 -0.09050009132351895
v 0.3209909588447352 -0.9426368846945891 -0.09165428496921182
v 0.28651495375719105 -0.9535787954489681 -0.09271818669284791
v 0.25088920748011423 -0.9634721777482668 -0.09368013810308058
v 0.21421436395204557 -0.9722018747898896 -0.09452894229623181
v 0.17661096845220947 -0.9796607608740254 -0.09525418324723679
v 0.13821832689640914 -0.9857530790712438 -0.0958465503370859
v 0.09919254990585614 -0.9903976495784972 -0.09629815030706726
v 0.05970380614218081 -0.9935307529014192 -0.0966027875957833
v 0.019932872260886088 -0.9951084963168442 -0.09675619443457097
v -0.019932872260886088 -0.9951084963168442 -0.09675619443457097
v -0.05970380614218081 -0.9935307529014192 -0.0966027875957833
v -0.09919254990585614 -0.9903976495784972 -0.09629815030706726
v -0.13821832689640914 -0.9857530790712438 -0.0958465503370859
v -0.17661096845220947 -0.9796607608740254 -0.09525418324723679
v -0.21421436395204557 -0.9722018747898896 -0.09452894229623181
v -0.25088920748011423 -0.9634721777482668 -0.09368013810308058
v -0.28651495375719105 -0.9535787954489681 -0.09271818669284791
v -0.3209909588447352 -0.9426368846945891 -0.09165428496921182
v -0.35423683867839306 -0.930766348550254 -0.09050009132351895
v -0.3861921252158325 -0.918088758783995 -0.08926742639811033
v -0.4168153327135141 -0.9047246036371667 -0.08796800548207327
v -0.446082564576491 -0.8907909392264183 -0.08661321015281787
v -0.47398579554016296 -0.8763994844559669 -0.08521390304096021
v 0.463336168156071 -0.8786448994171827 -0.11533748742979379
v 0.4346523337640905 -0.8929380131670707 -0.11721370821996034
v 0.4045822264165865 -0.9067230511853789 -0.11902323519748045
v 0.37314038052981185 -0.9198834216871895 -0.12075076365446102
v 0.3403585093246224 -0.9322977698793404 -0.12238036365499713
v 0.3062871759002282 -0.9438421505934342 -0.12389576523119672
v 0.27099706399236695 -0.9543926533514077 -0.12528070296888
v 0.2345797056470434 -0.9638284211006921 -0.12651931226928728
v 0.19714753356896803 -0.9720349617434304 -0.12759656404512046
v 0.15883315190137878 -0.9789076100591599 -0.12849871915835293
v 0.11978776109019003 -0.9843549621676316 -0.1292137792534531
v 0.0801787282954641 -0.988302081193091 -0.12973190755680383
v 0.04018635989607089 -0.9906932665358393 -0.1300457923919568
v 0.0 -0.9914941935918586 -0.13015092805520037
v -0.04018635989607089 -0.9906932665358393 -0.1300457923919568
v -0.0801787282954641 -0.988302081193091 -0.12973190755680383
v -0.11978776109019003 -0.9843549621676316 -0.1292137792534531
v -0.15883315190137878 -0.9789076100591599 -0.12849871915835293
v -0.19714753356896803 -0.9720349617434304 -0.12759656404512046
v -0.2345797056470434 -0.9638284211006921 -0.12651931226928728
v -0.27099706399236695 -0.9543926533514077 -0.12528070296888
v -0.3062871759002282 -0.9438421505934342 -0.12389576523119672
v -0.3403585093246224 -0.9322977698793404 -0.12238036365499713
v -0.37314038052981185 -0.9198834216871895 -0.12075076365446102
v -0.4045822264165865 -0.9067230511853789 -0.11902323519748045
v -0.4346523337640905 -0.8929380131670707 -0.11721370821996034
v -0.463336168156071 -0.8786448994171827 -0.11533748742979379
v 0.4518744572088735 -0.8800149802865912 -0.14622964608237346
v 0.42240129618273464 -0.8941485713929096 -0.14857818567732084
v 0.39152492696032914 -0.9077210426165109 -0.15083348553919826
v 0.35926731539821255 -0.9206114850391813 -0.15297545456874642
v 0.32566889627209045 -0.9326949852368779 -0.1549833362490901
v 0.2907901498709915 -0.9438450729098895 -0.1568361153616467
v 0.2547126954245322 -0.9539366183325746 -0.15851299944730496
v 0.21753975383609853 -0.9628490991527271 -0.1599939616414058
v 0.17939585034797478 -0.970470111215569 -0.16126032405761825
v 0.14042566294452025 -0.9766989563172576 -0.16229535395497888
v 0.1007919738751596 -0.981450107300438 -0.16308483952319971
v 0.06067274621878934 -0.9846563338531626 -0.16361760928799637
v 0.020257418672930835 -0.986271275667404 -0.16388595968569442
v -0.020257418672930835 -0.986271275667404 -0.16388595968569442
v -0.06067274621878934 -0.9846563338531626 -0.16361760928799637
v -0.1007919738751596 -0.981450107300438 -0.16308483952319971
v -0.14042566294452025 -0.9766989563172576 -0.16229535395497888
v -0.17939585034797478 -0.970470111215569 -0.16126032405761825
v -0.21753975383609853 -0.9628490991527271 -0.1599939616414058
v -0.2547126954245322 -0.9539366183325746 -0.15851299944730496
v -0.2907901498709915 -0.9438450729098895 -0.1568361153616467
v -0.32566889627209045 -0.9326949852368779 -0.1549833362490901
v -0.35926731539821255 -0.9206114850391813 -0.15297545456874642
v -0.39152492696032914 -0.9077210426165109 -0.15083348553919826
v -0.42240129618273464 -0.8941485713929096 -0.14857818567732084
v -0.4518744572088735 -0.8800149802865912 -0.14622964608237346
v 0.43958205642413106 -0.880425781256419 -0.17781467703470452
v 0.40931618867728337 -0.8943351033238337 -0.18062386511602072
v 0.3776364221702767 -0.9076280630509187 -0.18330856993842362
v 0.3445730728877567 -0.9201801649653643 -0.18584364784679508
v 0.310176159862391 -0.9318638598289596 -0.18820333843397608
v 0.2745168329258866 -0.9425512655474927 -0.19036181406774033
v 0.23768822936679068 -0.9521173213394332 -0.1922938169206241
v 0.19980561158992216 -0.9604432707621335 -0.19397536241727237
v 0.16100566493439175 -0.9674203229974434 -0.1953844786838422
v 0.12144487993288135 -0.9729533017274403 -0.19650194349105207
v 0.08129700449200697 -0.9769640636735416 -0.19731197467743025
v 0.04074962366361013 -0.979394460505177 -0.1978028283494646
v 0.0 -0.9802086324517009 -0.19796726210958834
v -0.04074962366361013 -0.979394460505177 -0.1978028283494646
v -0.08129700449200697 -0.9769640636735416 -0.19731197467743025
v -0.12144487993288135 -0.9729533017274403 -0.19650194349105207
v -0.16100566493439175 -0.9674203229974434 -0.1953844786838422
v -0.19980561158992216 -0.9604432707621335 -0.19397536241727237
v -0.23768822936679068 -0.9521173213394332 -0.1922938169206241
v -0.2745168329258866 -0.9425512655474927 -0.19036181406774033
v -0.310176159862391 -0.9318638598289596 -0.18820333843397608
v -0.3445730728877567 -0.9201801649653643 -0.18584364784679508
v -0.3776364221702767 -0.9076280630509187 -0.18330856993842362
v -0.40931618867728337 -0.8943351033238337 -0.18062386511602072
v -0.43958205642413106 -0.880425781256419 -0.17781467703470452
v 0.42644783923370977 -0.8797961883636218 -0.21000216035494146
v 0.3953921153600762 -0.8934138974251714 -0.21325262717877422
v 0.3629189414257753 -0.906358534193755 -0.2163424356166451
v 0.3290678634193027 -0.9185029255516834 -0.21924123019554
v 0.2938992639513833 -0.9297179870805038 -0.22191819922622696
v 0.2574955818140232 -0.939875704299895 -0.22434278640739477
v 0.21996187051784008 -0.9488525147087816 -0.22648549809891644
v 0.18142555297528729 -0.9565329610412219 -0.22831877533247957
v 0.14203526645126321 -0.962813440448733 -0.22981788871929154
v 0.10195874720290397 -0.9676058382073501 -0.23096180579451966
v 0.061379774269843715 -0.970840814882997 -0.2317339756442746
v 0.02049426983896566 -0.9724705182242164 -0.2321229762184079
v -0.02049426983896566 -0.9724705182242164 -0.2321229762184079
v -0.061379774269843715 -0.970840814882997 -0.2317339756442746
v -0.10195874720290397 -0.9676058382073501 -0.23096180579451966
v -0.14203526645126321 -0.962813440448733 -0.22981788871929154
v -0.18142555297528729 -0.9565329610412219 -0.22831877533247957
v -0.21996187051784008 -0.9488525147087816 -0.22648549809891644
v -0.2574955818140232 -0.939875704299895 -0.22434278640739477
v -0.2938992639513833 -0.9297179870805038 -0.22191819922622696
v -0.3290678634193027 -0.9185029255516834 -0.21924123019554
v -0.3629189414257753 -0.906358534193755 -0.2163424356166451
v -0.3953921153600762 -0.8934138974251714 -0.21325262717877422
v -0.42644783923370977 -0.8797961883636218 -0.21000216035494146
v 0.4124693781829603 -0.8780501083049647 -0.24268708117038695
v 0.38063372766858655 -0.8913074614262478 -0.24635132345293775
v 0.3473850565109274 -0.9038344632739457 -0.24981370160821487
v 0.3127729408627245 -0.915502344047086 -0.25303862453857456
v 0.27686877760957995 -0.9261817459413649 -0.25599033862624926
v 0.2397667339079066 -0.9357459389410272 -0.2586338165563632
v 0.2015839477503192 -0.9440743879116139 -0.26093574323711954
v 0.16245984811645314 -0.9510565162951535 -0.2628655560595668
v 0.12255451060772854 -0.9565954686952953 -0.26439648485055245
v 0.08204602947005209 -0.960611644887223 -0.26550652864903956
v 0.04112696419812319 -0.9630457679124536 -0.2661793037066536
v 0.0 -0.9638612634676226 -0.26640470113456743
v -0.04112696419812319 -0.9630457679124536 -0.2661793037066536
v -0.08204602947005209 -0.960611644887223 -0.26550652864903956
v -0.12255451060772854 -0.9565954686952953 -0.26439648485055245
v -0.16245984811645314 -0.9510565162951535 -0.2628655560595668
v -0.2015839477503192 -0.9440743879116139 -0.26093574323711954
v -0.2397667339079066 -0.9357459389410272 -0.2586338165563632
v -0.27686877760957995 -0.9261817459413649 -0.25599033862624926
v -0.3127729408627245 -0.915502344047086 -0.25303862453857456
v -0.3473850565109274 -0.9038344632739457 -0.24981370160821487
v -0.38063372766858655 -0.8913074614262478 -0.24635132345293775
v -0.4124693781829603 -0.8780501083049647 -0.24268708117038695
v 0.3976540484087528 -0.8751188121778101 -0.2757504711811535
v 0.365056239159035 -0.8879470745271305 -0.27979266446740847
v 0.33105856247134313 -0.8999881887167237 -0.28358682688869546
v 0.295721300353452 -0.9111130234715139 -0.287092269101521
v 0.25912733939151916 -0.9211933410130189 -0.2902685833037129
v 0.22138278928478863 -0.9301052080059191 -0.29307671802576335
v 0.18261677115162414 -0.9377326912292964 -0.2954801426390891
v 0.1429802623756833 -0.9439716598569311 -0.2974460454568715
v 0.10264394232150857 -0.9487334782899449 -0.2989464973478724
v 0.06179505668127298 -0.9519483524043513 -0.2999595061410779
v 0.020633400349908963 -0.9535680937508242 -0.3004698876267301
v -0.020633400349908963 -0.9535680937508242 -0.3004698876267301
v -0.06179505668127298 -0.9519483524043513 -0.2999595061410779
v -0.10264394232150857 -0.9487334782899449 -0.2989464973478724
v -0.1429802623756833 -0.9439716598569311 -0.2974460454568715
v -0.18261677115162414 -0.9377326912292964 -0.2954801426390891
v -0.22138278928478863 -0.9301052080059191 -0.29307671802576335
v -0.25912733939151916 -0.9211933410130189 -0.2902685833037129
v -0.295721300353452 -0.9111130234715139 -0.287092269101521
v -0.33105856247134313 -0.8999881887167237 -0.28358682688869546
v -0.365056239159035 -0.8879470745271305 -0.27979266446740847
v -0.3976540484087528 -0.8751188121778101 -0.2757504711811535
v 0.3820199383429215 -0.8709433382523454 -0.30906062230949305
v 0.34868619360139497 -0.8832753563567434 -0.3134367292527129
v 0.3139750550261502 -0.894765086537747 -0.317513944157456
v 0.27795801582741286 -0.9052843952476647 -0.32124679789588234
v 0.2407297079048919 -0.9147076473226503 -0.3245907079099578
v 0.2024081332214689 -0.9229152593553265 -0.3275032391517534
v 0.16313399552464636 -0.9297974554742985 -0.3299454368493138
v 0.12306904420507811 -0.935258027459989 -0.3318831608112994
v 0.08239340890836397 -0.9392178706157669 -0.33328834015675324
v 0.041301983266975324 -0.9416180563510772 -0.3341400636437275
v 0.0 -0.9424222167125194 -0.3344254258376018
v -0.041301983266975324 -0.9416180563510772 -0.3341400636437275
v -0.08239340890836397 -0.9392178706157669 -0.33328834015675324
v -0.12306904420507811 -0.935258027459989 -0.3318831608112994
v -0.16313399552464636 -0.9297974554742985 -0.3299454368493138
v -0.2024081332214689 -0.9229152593553265 -0.3275032391517534
v -0.2407297079048919 -0.9147076473226503 -0.3245907079099578
v -0.27795801582741286 -0.9052843952476647 -0.32124679789588234
v -0.3139750550261502 -0.894765086537747 -0.317513944157456
v -0.34868619360139497 -0.8832753563567434 -0.3134367292527129
v -0.3820199383429215 -0.8709433382523454 -0.30906062230949305
v 0.36559648988583654 -0.8654768353476818 -0.342474895517492
v 0.33156190798938373 -0.8772487149656807 -0.34713310597161595
v 0.29618212906373387 -0.8881260803396728 -0.3514373512359817
v 0.25954014902874506 -0.8979832364126438 -0.355337892946996
v 0.22174234252535113 -0.9066986685227898 -0.3587866469510394
v 0.18291826010701567 -0.914158673724025 -0.36173862024195547
v 0.14321947329630202 -0.9202610992555841 -0.36415339029814586
v 0.10281741049530799 -0.9249189753196432 -0.3659965425966487
v 0.061900201049726884 -0.9280638083113687 -0.36724097376600345
v 0.02066862798697952 -0.9296483021157386 -0.36786796842136205
v -0.02066862798697952 -0.9296483021157386 -0.36786796842136205
v -0.061900201049726884 -0.9280638083113687 -0.36724097376600345
v -0.10281741049530799 -0.9249189753196432 -0.3659965425966487
v -0.14321947329630202 -0.9202610992555841 -0.36415339029814586
v -0.18291826010701567 -0.914158673724025 -0.36173862024195547
v -0.22174234252535113 -0.9066986685227898 -0.3587866469510394
v -0.25954014902874506 -0.8979832364126438 -0.355337892946996
v -0.29618212906373387 -0.8881260803396728 -0.3514373512359817
v -0.33156190798938373 -0.8772487149656807 -0.34713310597161595
v -0.36559648988583654 -0.8654768353476818 -0.342474895517492
v 0.3484247965616146 -0.8586867125521431 -0.37584210890664
v 0.31373352334387034 -0.8698395227337037 -0.3807236281354806
v 0.2777391397363972 -0.8800497884878364 -0.38519260122826904
v 0.2405361848863923 -0.8891957226704116 -0.3891957226704115
v 0.20224248739596448 -0.8971614220271429 -0.39268226229119135
v 0.1629984946544405 -0.9038405031465426 -0.39560565669892916
v 0.12296561903379395 -0.9091397415487533 -0.39792510208869925
v 0.08232358003196016 -0.912982492932299 -0.3996070517018511
v 0.041266800699817925 -0.915311665591641 -0.4006265168356401
v 0.0 -0.9160920268893069 -0.400968076372473
v -0.041266800699817925 -0.915311665591641 -0.4006265168356401
v -0.08232358003196016 -0.912982492932299 -0.3996070517018511
v -0.12296561903379395 -0.9091397415487533 -0.39792510208869925
v -0.1629984946544405 -0.9038405031465426 -0.39560565669892916
v -0.20224248739596448 -0.8971614220271429 -0.39268226229119135
v -0.2405361848863923 -0.8891957226704116 -0.3891957226704115
v -0.2777391397363972 -0.8800497884878364 -0.38519260122826904
v -0.31373352334387034 -0.8698395227337037 -0.3807236281354806
v -0.3484247965616146 -0.8586867125521431 -0.37584210890664
v 0.3305575024078644 -0.8505564552831786 -0.4090054449246234
v 0.2952626159765146 -0.8610378683054433 -0.4140456218229139
v 0.2587164932827835 -0.8705341480560777 -0.4186120795817275
v 0.2210249794283899 -0.8789288531862556 -0.4226488252738595
v 0.18231676805637753 -0.8861130895537397 -0.4261034951828055
v 0.1427422460840656 -0.8919890727412468 -0.428929067904108
v 0.1024713491948283 -0.8964735862136608 -0.4310855272627575
v 0.061690446297184794 -0.8995011135911031 -0.43254136852331204
v 0.020598352227090992 -0.901026425250014 -0.4332748422037791
v -0.020598352227090992 -0.901026425250014 -0.4332748422037791
v -0.061690446297184794 -0.8995011135911031 -0.43254136852331204
v -0.1024713491948283 -0.8964735862136608 -0.4310855272627575
v -0.1427422460840656 -0.8919890727412468 -0.428929067904108
v -0.18231676805637753 -0.8861130895537397 -0.4261034951828055
v -0.2210249794283899 -0.8789288531862556 -0.4226488252738595
v -0.2587164932827835 -0.8705341480560777 -0.4186120795817275
v -0.2952626159765146 -0.8610378683054433 -0.4140456218229139
v -0.3305575024078644 -0.8505564552831786 -0.4090054449246234
v 0.31205826634294936 -0.8410869746399976 -0.44180577123660203
v 0.27622134924879 -0.8508527468953723 -0.44693553150289744
v 0.23919446713063303 -0.859597378259831 -0.4515289073613311
v 0.20109424301364018 -0.8672111164674978 -0.45552824819320126
v 0.1620593493834467 -0.8735933162895316 -0.4588806871199444
v 0.12224887099083037 -0.8786558506936645 -0.46153993281541733
v 0.08183969902645828 -0.8823263125350244 -0.4634679512885492
v 0.041023014735026044 -0.8845507926055213 -0.46463642513581926
v 0.0 -0.8852960331959687 -0.46502788476335705
v -0.041023014735026044 -0.8845507926055213 -0.46463642513581926
v -0.08183969902645828 -0.8823263125350244 -0.4634679512885492
v -0.12224887099083037 -0.8786558506936645 -0.46153993281541733
v -0.1620593493834467 -0.8735933162895316 -0.4588806871199444
v -0.20109424301364018 -0.8672111164674978 -0.45552824819320126
v -0.23919446713063303 -0.859597378259831 -0.4515289073613311
v -0.27622134924879 -0.8508527468953723 -0.44693553150289744
v -0.31205826634294936 -0.8410869746399976 -0.44180577123660203
v 0.293000785049258 -0.8302973778480396 -0.47408522894010147
v 0.25669117852190265 -0.8393125809738874 -0.4792327516854295
v 0.21926159486974697 -0.8472781857091934 -0.4837809721728549
v 0.180838619532319 -0.854092316886348 -0.487671721469838
v 0.14156974117717513 -0.8596636026731345 -0.4908528278639892
v 0.10162125561500872 -0.8639143617644119 -0.49327993669357567
v 0.0611752483217424 -0.8667834842525456 -0.4949181552739709
v 0.020425751767954758 -0.8682288068267452 -0.4957434090947858
v -0.020425751767954758 -0.8682288068267452 -0.4957434090947858
v -0.0611752483217424 -0.8667834842525456 -0.4949181552739709
v -0.10162125561500872 -0.8639143617644119 -0.49327993669357567
v -0.14156974117717513 -0.8596636026731345 -0.4908528278639892
v -0.180838619532319 -0.854092316886348 -0.487671721469838
v -0.21926159486974697 -0.8472781857091934 -0.4837809721728549
v -0.25669117852190265 -0.8393125809738874 -0.4792327516854295
v -0.293000785049258 -0.8302973778480396 -0.47408522894010147
v 0.2734673993793074 -0.81822508158865 -0.5056909108694415
v 0.23676115649896284 -0.826465006573357 -0.5107834645747399
v 0.1990126871406027 -0.8336351666024752 -0.5152148671775109
v 0.1603574565909282 -0.8396425434090717 -0.5189276302272153
v 0.12095036865019153 -0.8444058028747498 -0.5218714864742391
v 0.08096325328858756 -0.8478581957971557 -0.5240051826428055
v 0.04058150470036092 -0.849950068961268 -0.5252980313583807
v 0.0 -0.8506508083520399 -0.5257311121191336
v -0.04058150470036092 -0.849950068961268 -0.5252980313583807
v -0.08096325328858756 -0.8478581957971557 -0.5240051826428055
v -0.12095036865019153 -0.8444058028747498 -0.5218714864742391
v -0.1603574565909282 -0.8396425434090717 -0.5189276302272153
v -0.1990126871406027 -0.8336351666024752 -0.5152148671775109
v -0.23676115649896284 -0.826465006573357 -0.5107834645747399
v -0.2734673993793074 -0.81822508158865 -0.5056909108694415
v 0.2535473414036464 -0.8049252343143145 -0.5364784365015882
v 0.2165259183827774 -0.8123759130305915 -0.5414442746915028
v 0.17854658983054106 -0.8187454212152472 -0.5456895184067144
v 0.13975238793855504 -0.8239503286226542 -0.5491585618271756
v 0.10030404496037161 -0.8279198147302002 -0.5518042034469282
v 0.0603771243503969 -0.830598234695188 -0.5535893562708862
v 0.02015839477503192 -0.8319472297451418 -0.554488454378879
v -0.02015839477503192 -0.8319472297451418 -0.554488454378879
v -0.0603771243503969 -0.830598234695188 -0.5535893562708862
v -0.10030404496037161 -0.8279198147302002 -0.5518042034469282
v -0.13975238793855504 -0.8239503286226542 -0.5491585618271756
v -0.17854658983054106 -0.8187454212152472 -0.5456895184067144
v -0.2165259183827774 -0.8123759130305915 -0.5414442746915028
v -0.2535473414036464 -0.8049252343143145 -0.5364784365015882
v 0.23333470758202193 -0.7904694635995504 -0.566315231434094
v 0.19608345208991892 -0.7971277799199148 -0.5710854422032208
v 0.15796380216732472 -0.8027024564495482 -0.5750793020225153
v 0.11912486392603408 -0.8071201088323375 -0.5782442362125881
v 0.07973148904354434 -0.8103206080572807 -0.5805371666074257
v 0.039961122317984425 -0.8122592798354954 -0.581926087251817
v 0.0 -0.8129086024997529 -0.5823912808257851
v -0.039961122317984425 -0.8122592798354954 -0.581926087251817
v -0.07973148904354434 -0.8103206080572807 -0.5805371666074257
v -0.11912486392603408 -0.8071201088323375 -0.5782442362125881
v -0.15796380216732472 -0.8027024564495482 -0.5750793020225153
v -0.19608345208991892 -0.7971277799199148 -0.5710854422032208
v -0.23333470758202193 -0.7904694635995504 -0.566315231434094
v 0.21292626456543118 -0.7749440143527866 -0.59508333910218
v 0.17553277481790902 -0.7808174074305257 -0.5995935466782457
v 0.1373640865739407 -0.785613505248246 -0.6032764938991664
v 0.09857376678448401 -0.7892691469276807 -0.6060836792143222
v 0.05932902377348142 -0.7917347841663707 -0.607977054237342
v 0.019807352447232557 -0.7929762998254374 -0.6089304202486431
v -0.019807352447232557 -0.7929762998254374 -0.6089304202486431
v -0.05932902377348142 -0.7917347841663707 -0.607977054237342
v -0.09857376678448401 -0.7892691469276807 -0.6060836792143222
v -0.1373640865739407 -0.785613505248246 -0.6032764938991664
v -0.17553277481790902 -0.7808174074305257 -0.5995935466782457
v -0.21292626456543118 -0.7749440143527866 -0.59508333910218
v 0.19241920520307185 -0.7584473873343167 -0.6226816282136217
v 0.15497164160062002 -0.7635531791048055 -0.6268734585054259
v 0.11684419851929759 -0.7675964309159192 -0.6301929486415454
v 0.07819323521568113 -0.7705241128862675 -0.6325965613464364
v 0.03918656852685111 -0.772296883942043 -0.63405199778922
v 0.0 -0.7728905323153185 -0.634539380225801
v -0.03918656852685111 -0.772296883942043 -0.63405199778922
v -0.07819323521568113 -0.7705241128862675 -0.6325965613464364
v -0.11684419851929759 -0.7675964309159192 -0.6301929486415454
v -0.15497164160062002 -0.7635531791048055 -0.6268734585054259
v -0.19241920520307185 -0.7584473873343167 -0.6226816282136217
v 0.17190897225431467 -0.74108761980051 -0.6490273068499354
v 0.1344944039006971 -0.745452023828924 -0.6528495504239531
v 0.09649584903081317 -0.7487764056407108 -0.655760966721564
v 0.05807079942693577 -0.7510175291529705 -0.65772369058662
v 0.019386009991399434 -0.7521456636150109 -0.6587116845189162
v -0.019386009991399434 -0.7521456636150109 -0.6587116845189162
v -0.05807079942693577 -0.7510175291529705 -0.65772369058662
v -0.09649584903081317 -0.7487764056407108 -0.655760966721564
v -0.1344944039006971 -0.745452023828924 -0.6528495504239531
v -0.17190897225431467 -0.74108761980051 -0.6490273068499354
v 0.15148725653666772 -0.72297936789934 -0.6740567073317085
v 0.11419011830057597 -0.7266362547516173 -0.6774661394955789
v 0.07640398766858429 -0.7292825544867066 -0.6799333690808849
v 0.038285896987528524 -0.7308842799408055 -0.6814267087715821
v 0.0 -0.7314205382620619 -0.6819266794959965
v -0.038285896987528524 -0.7308842799408055 -0.6814267087715821
v -0.07640398766858429 -0.7292825544867066 -0.6799333690808849
v -0.11419011830057597 -0.7266362547516173 -0.6774661394955789
v -0.15148725653666772 -0.72297936789934 -0.6740567073317085
v 0.13124025669457828 -0.7042409525988711 -0.6977253583648625
v 0.0941409798476372 -0.7072304565289836 -0.7006872035874011
v 0.05664546332554151 -0.7092447404034536 -0.702682851430624
v 0.018908806073590134 -0.7102583579163166 -0.7036870910162335
v -0.018908806073590134 -0.7102583579163166 -0.7036870910162335
v -0.05664546332554151 -0.7092447404034536 -0.702682851430624
v -0.0941409798476372 -0.7072304565289836 -0.7006872035874011
v -0.13124025669457828 -0.7042409525988711 -0.6977253583648625
v 0.11124726240879386 -0.6849915186122514 -0.7200074069312279
v 0.0744211252140515 -0.6873585714390034 -0.7224954604640829
v 0.03728808828193611 -0.6887906362459505 -0.7240007305881516
v 0.0 -0.6892699839446963 -0.7245045819267661
v -0.03728808828193611 -0.6887906362459505 -0.7240007305881516
v -0.0744211252140515 -0.6873585714390034 -0.7224954604640829
v -0.11124726240879386 -0.6849915186122514 -0.7200074069312279
v 0.09157959508836064 -0.6653484319822918 -0.7408944876446022
v 0.05509582124122626 -0.6671413036251347 -0.7428909283866042
v 0.01839010120075393 -0.668043191614439 -0.7438952199842528
v -0.01839010120075393 -0.668043191614439 -0.7438952199842528
v -0.05509582124122626 -0.6671413036251347 -0.7428909283866042
v -0.09157959508836064 -0.6653484319822918 -0.7408944876446022
v 0.07229991315341976 -0.6454250107960766 -0.7603941596283419
v 0.03622102781367421 -0.6466939239077052 -0.761889103429742
v 0.0 -0.647118560988119 -0.762389380844635
v -0.03622102781367421 -0.6466939239077052 -0.761889103429742
v -0.07229991315341976 -0.6454250107960766 -0.7603941596283419
v 0.05346186555646973 -0.6253286492954697 -0.7785280401511081
v 0.017843302583059637 -0.6261245199973067 -0.7795188913753609
v -0.017843302583059637 -0.6261245199973067 -0.7795188913753609
v -0.05346186555646973 -0.6253286492954697 -0.7785280401511081
v 0.035110058928900956 -0.6051593623925604 -0.7953297617156287
v 0.0 -0.6055327024811289 -0.7958204233530959
v -0.035110058928900956 -0.6051593623925604 -0.7953297617156287
v 0.017280291437762562 -0.5850087483405252 -0.8108428675723047
v -0.017280291437762562 -0.5850087483405252 -0.8108428675723047
v 0.0 -0.564959343968111 -0.8251187427656227
v 0.5374553858759236 -0.8421171236917472 -0.04450233901831196
v 0.5290885505769178 -0.8454034504478299 -0.07320048920136979
v 0.5199454593516001 -0.8479948501089801 -0.1027689325054107
v 0.509991161865676 -0.8498105275597344 -0.13315810928195035
v 0.4991953647137031 -0.8507690510701167 -0.1643046243707284
v 0.4875337549475872 -0.8507900017506349 -0.19613059605237665
v 0.47498935825730987 -0.8497958797414874 -0.2285433707564071
v 0.4615538714284841 -0.8477142231586663 -0.2614356892696124
v 0.44722889671818655 -0.8444798709354596 -0.2946863782482369
v 0.4320269974910168 -0.8400372760213961 -0.32816161922663917
v 0.4159724918168248 -0.8343427539370007 -0.3617168160377992
v 0.39910190544614654 -0.8273665368099231 -0.39519904204895195
v 0.381464018674927 -0.8190944979812843 -0.4284500038897919
v 0.3631194630777124 -0.8095294195516689 -0.4613094128830364
v 0.34413985264854857 -0.7986916959186995 -0.49361861461005196
v 0.324606466978598 -0.7866193996593099 -0.5252242965393921
v 0.30460853813840943 -0.7733676792259858 -0.5559820781480225
v 0.28424122384908457 -0.7590075062976563 -0.5857597903992625
v 0.2636033734499631 -0.7436238386105666 -0.6144402722444919
v 0.2427952071340601 -0.7273133059236357 -0.641923548733929
v 0.22191603140241004 -0.7101815575695606 -0.6681283037670814
v 0.20106210484610157 -0.6923404266569897 -0.692992614398792
v 0.1803247499401021 -0.6739050674525727 -0.716473966464088
v 0.159788781432394 -0.654991209990117 -0.7385486173326935
v 0.13953129361181685 -0.6357126524765078 -0.7592104066622744
v 0.1196208206582494 -0.6161790815796019 -0.7784691379166969
v 0.10011685926607475 -0.5964942774380213 -0.7963486620032646
v 0.08106972274033818 -0.5767547280455737 -0.8128847911800792
v 0.06252068175732874 -0.5570486494587215 -0.8281231590100674
v 0.04450233901831196 -0.5374553858759236 -0.8421171236917472
v 0.5570486494587215 -0.8281231590100674 -0.06252068175732874
v 0.5486883865273363 -0.8309521426797776 -0.09197603528047425
v 0.5395113098444888 -0.8330487991245398 -0.12229981531893715
v 0.5294802156877448 -0.8343311590570904 -0.15343473603363453
v 0.5185631179478138 -0.8347172971219813 -0.18530873317147167
v 0.5067347063229826 -0.8341271482851601 -0.21783442772304645
v 0.49397782935020945 -0.8324845753740931 -0.2509090191178291
v 0.4802849312986796 -0.8297196305630133 -0.28441469621979637
v 0.4656593593615154 -0.8257709268677065 -0.31821963701046474
v 0.4501164498520926 -0.8205880105062009 -0.3521796396528679
v 0.43368430145890985 -0.8141336047890234 -0.38614038926448463
v 0.41640415178443424 -0.8063855847111235 -0.41994031855346436
v 0.3983302912076777 -0.7973385418711488 -0.45341397061978256
v 0.3795294750704596 -0.7870048138235298 -0.48639572425272454
v 0.36007982928845783 -0.7754148807491634 -0.5187237022272607
v 0.34006928232063244 -0.7626170735015146 -0.550243657324567
v 0.3195935936139404 -0.7486765865962971 -0.5808126234883714
v 0.29875408053048286 -0.7336738418973348 -0.6103021326212047
v 0.27765516828743514 -0.7177022972538684 -0.6386008299711143
v 0.2564018978513176 -0.7008658332542629 -0.6656163689055808
v 0.23509752410317752 -0.6832758761694998 -0.6912765229670094
v 0.21384132193066907 -0.665048423888383 -0.7155295122624376
v 0.1927266938377704 -0.6463011344779054 -0.738343595526456
v 0.17183964285975084 -0.6271506164003298 -0.7597060230711086
v 0.15125764300630543 -0.6077100293542063 -0.779621475880755
v 0.13104890973732858 -0.588087069797725 -0.7981101312434162
v 0.1112720478510575 -0.5683823798954282 -0.8152054965414801
v 0.09197603528047425 -0.5486883865273363 -0.8309521426797776
v 0.07320048920136979 -0.5290885505769178 -0.8454034504478299
v 0.5767547280455737 -0.8128847911800792 -0.08106972274033818
v 0.5683823798954282 -0.8152054965414801 -0.1112720478510575
v 0.5591505555060458 -0.8167565981550934 -0.14233522279253163
v 0.5490199564169586 -0.8174556247872685 -0.17419353879974223
v 0.5379571507067523 -0.8172209512929919 -0.2067656179621024
v 0.52593617046503 -0.8159737780817069 -0.2399540332639651
v 0.5129401188700615 -0.8136403475009072 -0.2736454263680833
v 0.4989627040324959 -0.810154325170865 -0.3077112110267028
v 0.48400960402722376 -0.8054592464204918 -0.3420089261483442
v 0.46809956109079015 -0.7995109032905102 -0.3763842669748591
v 0.4512651052135666 -0.7922795300025869 -0.4106737770487285
v 0.4335528199869782 -0.7837516381807692 -0.4447081311717827
v 0.41502308702074764 -0.7739313604602943 -0.4783158857239084
v 0.3957492783478623 -0.76284118382526 -0.5113275241439893
v 0.3758164060869762 -0.7505219912746225 -0.5435795889555131
v 0.35531928087856685 -0.7370323790066918 -0.5749186733196917
v 0.33436027008112207 -0.72244727090818 -0.6052050483502281
v 0.31304677831715744 -0.7068559061124624 -0.6343157278352621
v 0.2914885926385807 -0.6903593220010092 -0.6621468167165695
v 0.2697952400751782 -0.6730674886196873 -0.6886150479011942
v 0.24807349655238164 -0.6550962675376302 -0.713658476140052
v 0.2264251651128704 -0.6365643677938587 -0.7372363598323229
v 0.2049452116202948 -0.6175904554342418 -0.7593283147561654
v 0.18372031202835923 -0.5982905449224315 -0.7799328630110558
v 0.16282783120112607 -0.5787757652163287 -0.7990655235865146
v 0.14233522279253166 -0.5591505555060459 -0.8167565981550935
v 0.12229981531893715 -0.5395113098444888 -0.8330487991245398
v 0.1027689325054107 -0.5199454593516001 -0.8479948501089801
v 0.5964942774380213 -0.7963486620032646 -0.10011685926607475
v 0.588087069797725 -0.7981101312434162 -0.13104890973732858
v 0.5787757652163287 -0.7990655235865146 -0.16282783120112607
v 0.5685192202902353 -0.7991326580327285 -0.1953788397604234
v 0.5572829033475702 -0.7982311213841842 -0.22861067886310696
v 0.5450406320940104 -0.7962843997341675 -0.2624154418218521
v 0.5317762989574304 -0.7932222225828035 -0.2966689627647877
v 0.5174854883476929 -0.7889830317777987 -0.33123185975425573
v 0.5021768778261597 -0.7835164594263934 -0.3659512825291082
v 0.4858733109364552 -0.7767856760893116 -0.4006633738465717
v 0.4686124356756582 -0.7687694571591907 -0.43519640034045604
v 0.45044682073866027 -0.7594638151136077 -0.46937445096587566
v 0.43144349161248846 -0.7488830607942988 -0.5030215450660013
v 0.4116828682742966 -0.7370601884122976 -0.5359659453986574
v 0.39125713171641757 -0.7240465244943912 -0.5680444412619797
v 0.37026809244319614 -0.709910635852268 -0.5991063585226795
v 0.3488246745854681 -0.6947365493692012 -0.6290170692206356
v 0.32704015903507644 -0.6786213896739846 -0.6576608121632775
v 0.3050293442571917 -0.6616725828825603 -0.6849426926419094
v 0.28290578270064953 -0.6440048006169802 -0.7107897965621176
v 0.2607792349650635 -0.6257368261840904 -0.7351514231558677
v 0.23875345619378233 -0.6069885147096089 -0.7579985027466392
v 0.2169243940229478 -0.5878779942613195 -0.779322315310594
v 0.1953788397604234 -0.5685192202902353 -0.7991326580327285
v 0.17419353879974223 -0.5490199564169586 -0.8174556247872685
v 0.15343473603363453 -0.5294802156877448 -0.8343311590570904
v 0.13315810928195035 -0.509991161865676 -0.8498105275597344
v 0.6161790815796019 -0.7784691379166969 -0.1196208206582494
v 0.6077100293542063 -0.779621475880755 -0.15125764300630543
v 0.5982905449224315 -0.7799328630110558 -0.18372031202835923
v 0.5878779942613195 -0.779322315310594 -0.2169243940229478
v 0.5764372020129719 -0.7777116489877878 -0.25076830574088144
v 0.5639423251810348 -0.7750277444673128 -0.28513338839097324
v 0.5503786847158161 -0.7712049876331988 -0.31988462054335476
v 0.5357444455401215 -0.7661877842999592 -0.354872044915385
v 0.5200520247535678 -0.7599330169554005 -0.3899329446081433
v 0.5033291068202423 -0.7524122933676713 -0.42489475287032935
v 0.4856191559237104 -0.7436138289995902 -0.459578620826199
v 0.4669813403819431 -0.7335438127391466 -0.49380350598917355
v 0.44748982110672614 -0.7222271298680454 -0.5273905885474597
v 0.4272324024337953 -0.7097073566038372 -0.5601677804845986
v 0.40630859416315374 -0.6960459933851381 -0.5919740715619715
v 0.3848271820485508 -0.6813209633515501 -0.6226634603493987
v 0.3629034438757221 -0.6656244607752212 -0.6521082484072999
v 0.34065617440559304 -0.6490602839996624 -0.6802015279118562
v 0.3182046917040229 -0.6317408225249649 -0.7068587605264778
v 0.29566598929128385 -0.6137838844947381 -0.7320184191063477
v 0.2731521753100433 -0.5953095482533642 -0.7556417344759133
v 0.25076830574088144 -0.5764372020129719 -0.7777116489877878
v 0.22861067886310696 -0.5572829033475702 -0.7982311213841842
v 0.2067656179621024 -0.5379571507067523 -0.8172209512929919
v 0.18530873317147167 -0.5185631179478138 -0.8347172971219813
v 0.16430462437072837 -0.49919536471370307 -0.8507690510701166
v 0.6357126524765078 -0.7592104066622744 -0.13953129361181685
v 0.6271506164003298 -0.7597060230711085 -0.1718396428597508
v 0.617590455434242 -0.7593283147561655 -0.20494521162029483
v 0.6069885147096088 -0.757998502746639 -0.23875345619378227
v 0.5953095482533642 -0.7556417344759133 -0.2731521753100433
v 0.5825287182475782 -0.7521894514797524 -0.30801188532169166
v 0.5686335134180427 -0.7475818873792709 -0.34318690109079014
v 0.5536254632791322 -0.7417705765237548 -0.3785171835103165
v 0.5375215166694247 -0.734720729322077 -0.4138309667265571
v 0.5203549566454023 -0.7264133158642744 -0.4489481190846347
v 0.5021757415224564 -0.7168466990465948 -0.48368412697996593
v 0.4830501939947354 -0.7060376747970781 -0.5178545276897595
v 0.4630600048371387 -0.6940218106316585 -0.5512795645475929
v 0.4423005703311253 -0.6808530223442 -0.5837888038062478
v 0.4208787370304494 -0.6666023870869816 -0.6152254434315861
v 0.39891007671252093 -0.6513562523061036 -0.6454500625756868
v 0.37651585173503294 -0.6352137560113458 -0.6743436049716801
v 0.3538198516892101 -0.6182839174182231 -0.7018094542057703
v 0.330945284051252 -0.6006824829048134 -0.7277745349320384
v 0.30801188532169166 -0.5825287182475782 -0.7521894514797524
v 0.28513338839097324 -0.5639423251810348 -0.7750277444673128
v 0.2624154418218521 -0.5450406320940104 -0.7962843997341675
v 0.2399540332639651 -0.52593617046503 -0.8159737780817069
v 0.21783442772304645 -0.5067347063229826 -0.8341271482851601
v 0.19613059605237665 -0.4875337549475872 -0.8507900017506349
v 0.654991209990117 -0.7385486173326935 -0.159788781432394
v 0.6463011344779054 -0.738343595526456 -0.1927266938377704
v 0.6365643677938587 -0.7372363598323229 -0.2264251651128704
v 0.6257368261840904 -0.7351514231558677 -0.2607792349650635
v 0.6137838844947381 -0.7320184191063477 -0.29566598929128385
v 0.6006824829048134 -0.7277745349320384 -0.330945284051252
v 0.5864231044008367 -0.7223670166098651 -0.36646123388299656
v 0.5710114865080222 -0.7157556125791343 -0.402044506662343
v 0.554469926322179 -0.7079148025100048 -0.4375154090903523
v 0.5368380474032317 -0.6988356496797788 -0.4726876829333795
v 0.5181729222368786 -0.6885271236113095 -0.5073728635944478
v 0.4985484841249615 -0.6770167653303454 -0.5413849909614589
v 0.47805421428599587 -0.6643506099952529 -0.5745454161355171
v 0.45679314796703496 -0.6505923368907499 -0.6066874245848513
v 0.4348793002003278 -0.6358216784580258 -0.6376604013580365
v 0.4124346598709157 -0.6201321802419765 -0.6673332978096439
v 0.389585933532735 -0.6036284544126622 -0.6955972178041024
v 0.36646123388299656 -0.5864231044008367 -0.7223670166098651
v 0.34318690109079014 -0.5686335134180427 -0.7475818873792709
v 0.31988462054335476 -0.5503786847158161 -0.7712049876331988
v 0.2966689627647877 -0.5317762989574304 -0.7932222225828035
v 0.2736454263680833 -0.5129401188700615 -0.8136403475009072
v 0.2509090191178291 -0.49397782935020945 -0.8324845753740931
v 0.2285433707564071 -0.47498935825730987 -0.8497958797414874
v 0.6739050674525727 -0.716473966464088 -0.1803247499401021
v 0.665048423888383 -0.7155295122624376 -0.21384132193066907
v 0.6550962675376302 -0.713658476140052 -0.24807349655238164
v 0.6440048006169802 -0.7107897965621176 -0.28290578270064953
v 0.6317408225249649 -0.7068587605264778 -0.3182046917040229
v 0.6182839174182231 -0.7018094542057703 -0.3538198516892101
v 0.6036284544126622 -0.6955972178041024 -0.389585933532735
v 0.5877852522924731 -0.6881909602355868 -0.42532540417601994
v 0.5707827613698738 -0.6795751750063787 -0.4608520596005095
v 0.5526676317942218 -0.6697514988109495 -0.49597521975140363
v 0.5335045709944544 -0.6587396716129896 -0.5305043993891415
v 0.5133754412304479 -0.6465777917977316 -0.5642542117657714
v 0.49237760679633114 -0.6333218098844494 -0.5970492253158048
v 0.4706216023241698 -0.6190442639564818 -0.6287284840759234
v 0.44822825076214523 -0.6038323219761927 -0.6591494232384238
v 0.42532540417601994 -0.5877852522924731 -0.6881909602355868
v 0.402044506662343 -0.5710114865080222 -0.7157556125791343
v 0.3785171835103165 -0.5536254632791322 -0.7417705765237548
v 0.354872044915385 -0.5357444455401215 -0.7661877842999592
v 0.33123185975425573 -0.5174854883476929 -0.7889830317777987
v 0.3077112110267028 -0.4989627040324959 -0.810154325170865
v 0.2844146962197964 -0.48028493129867966 -0.8297196305630135
v 0.2614356892696124 -0.4615538714284841 -0.8477142231586663
v 0.6923404266569897 -0.692992614398792 -0.20106210484610157
v 0.6832758761694998 -0.6912765229670094 -0.23509752410317752
v 0.6730674886196873 -0.6886150479011942 -0.2697952400751782
v 0.6616725828825603 -0.6849426926419094 -0.3050293442571917
v 0.6490602839996624 -0.6802015279118562 -0.34065617440559304
v 0.6352137560113458 -0.6743436049716801 -0.37651585173503294
v 0.6201321802419765 -0.6673332978096439 -0.4124346598709157
v 0.6038323219761927 -0.6591494232384238 -0.44822825076214523
v 0.5863495358480963 -0.6497869809420724 -0.48370559352658776
v 0.5677380850932607 -0.639258364474689 -0.5186735102005721
v 0.5480706918256376 -0.6275939206846387 -0.5529415769151841
v 0.5274372914757286 -0.614841777964911 -0.5863271199848208
v 0.5059430284119877 -0.6010669191089361 -0.618660012247598
v 0.48370559352658776 -0.5863495358480963 -0.6497869809420724
v 0.4608520596005095 -0.5707827613698738 -0.6795751750063787
v 0.4375154090903523 -0.554469926322179 -0.7079148025100048
v 0.4138309667265571 -0.5375215166694247 -0.734720729322077
v 0.3899329446081433 -0.5200520247535678 -0.7599330169554005
v 0.3659512825291082 -0.5021768778261597 -0.7835164594263934
v 0.3420089261483442 -0.48400960402722376 -0.8054592464204918
v 0.31821963701046474 -0.4656593593615154 -0.8257709268677065
v 0.2946863782482369 -0.44722889671818655 -0.8444798709354596
v 0.7101815575695606 -0.6681283037670814 -0.22191603140241004
v 0.7008658332542629 -0.6656163689055808 -0.2564018978513176
v 0.6903593220010092 -0.6621468167165695 -0.2914885926385807
v 0.6786213896739846 -0.6576608121632775 -0.32704015903507644
v 0.6656244607752212 -0.6521082484072999 -0.3629034438757221
v 0.6513562523061036 -0.6454500625756868 -0.39891007671252093
v 0.6358216784580258 -0.6376604013580365 -0.4348793002003278
v 0.6190442639564818 -0.6287284840759234 -0.4706216023241698
v 0.6010669191089362 -0.618660012247598 -0.5059430284119878
v 0.5819519632455794 -0.6074779927073496 -0.5406499799786041
v 0.5617803336943765 -0.5952228762781367 -0.5745542482911573
v 0.5406499799786041 -0.5819519632455794 -0.6074779927073496
v 0.5186735102005721 -0.5677380850932607 -0.639258364474689
v 0.4959752197514036 -0.5526676317942217 -0.6697514988109494
v 0.4726876829333795 -0.5368380474032317 -0.6988356496797788
v 0.4489481190846347 -0.5203549566454023 -0.7264133158642744
v 0.42489475287032935 -0.5033291068202423 -0.7524122933676713
v 0.4006633738465717 -0.4858733109364552 -0.7767856760893116
v 0.3763842669748591 -0.46809956109079015 -0.7995109032905102
v 0.3521796396528679 -0.4501164498520926 -0.8205880105062009
v 0.32816161922663917 -0.4320269974910168 -0.8400372760213961
v 0.7273133059236357 -0.641923548733929 -0.2427952071340601
v 0.7177022972538684 -0.6386008299711143 -0.27765516828743514
v 0.7068559061124624 -0.6343157278352621 -0.31304677831715744
v 0.6947365493692012 -0.6290170692206356 -0.3488246745854681
v 0.6813209633515501 -0.6226634603493987 -0.3848271820485508
v 0.6666023870869816 -0.6152254434315861 -0.4208787370304494
v 0.6505923368907498 -0.6066874245848511 -0.4567931479670349
v 0.6333218098844494 -0.5970492253158048 -0.49237760679633114
v 0.614841777964911 -0.5863271199848208 -0.5274372914757286
v 0.5952228762781367 -0.5745542482911573 -0.5617803336943765
v 0.5745542482911573 -0.5617803336943765 -0.5952228762781367
v 0.5529415769151841 -0.5480706918256376 -0.6275939206846387
v 0.5305043993891415 -0.5335045709944544 -0.6587396716129896
v 0.5073728635944478 -0.5181729222368786 -0.6885271236113095
v 0.48368412697996593 -0.5021757415224564 -0.7168466990465948
v 0.459578620826199 -0.4856191559237104 -0.7436138289995902
v 0.43519640034045604 -0.4686124356756582 -0.7687694571591907
v 0.4106737770487285 -0.4512651052135666 -0.7922795300025869
v 0.38614038926448463 -0.43368430145890985 -0.8141336047890234
v 0.3617168160377992 -0.4159724918168248 -0.8343427539370007
v 0.7436238386105666 -0.6144402722444919 -0.2636033734499631
v 0.7336738418973348 -0.6103021326212047 -0.29875408053048286
v 0.72244727090818 -0.6052050483502281 -0.33436027008112207
v 0.709910635852268 -0.5991063585226795 -0.37026809244319614
v 0.6960459933851381 -0.5919740715619715 -0.40630859416315374
v 0.6808530223442 -0.5837888038062478 -0.4423005703311253
v 0.6643506099952529 -0.5745454161355171 -0.47805421428599587
v 0.6465777917977316 -0.5642542117657714 -0.5133754412304479
v 0.6275939206846387 -0.5529415769151841 -0.5480706918256376
v 0.6074779927073496 -0.5406499799786041 -0.5819519632455794
v 0.5863271199848208 -0.5274372914757286 -0.614841777964911
v 0.5642542117657714 -0.5133754412304479 -0.6465777917977316
v 0.5413849909614589 -0.4985484841249615 -0.6770167653303454
v 0.5178545276897595 -0.48305019399473537 -0.706037674797078
v 0.49380350598917355 -0.4669813403819431 -0.7335438127391466
v 0.46937445096587566 -0.45044682073866027 -0.7594638151136077
v 0.4447081311717827 -0.4335528199869782 -0.7837516381807692
v 0.4199403185534644 -0.4164041517844343 -0.8063855847111236
v 0.39519904204895195 -0.39910190544614654 -0.8273665368099231
v 0.7590075062976563 -0.5857597903992625 -0.28424122384908457
v 0.7486765865962971 -0.5808126234883714 -0.3195935936139404
v 0.7370323790066918 -0.5749186733196917 -0.35531928087856685
v 0.7240465244943912 -0.5680444412619797 -0.39125713171641757
v 0.7097073566038372 -0.5601677804845986 -0.4272324024337953
v 0.6940218106316585 -0.5512795645475929 -0.4630600048371387
v 0.6770167653303454 -0.5413849909614589 -0.4985484841249615
v 0.6587396716129896 -0.5305043993891415 -0.5335045709944544
v 0.639258364474689 -0.5186735102005721 -0.5677380850932607
v 0.618660012247598 -0.5059430284119877 -0.6010669191089361
v 0.5970492253158048 -0.49237760679633114 -0.6333218098844494
v 0.5745454161355171 -0.47805421428599587 -0.6643506099952529
v 0.5512795645475929 -0.4630600048371387 -0.6940218106316585
v 0.5273905885474597 -0.44748982110672614 -0.7222271298680454
v 0.5030215450660013 -0.43144349161248846 -0.7488830607942988
v 0.4783158857239084 -0.41502308702074764 -0.7739313604602943
v 0.4534139706197825 -0.39833029120767766 -0.7973385418711487
v 0.4284500038897919 -0.381464018674927 -0.8190944979812843
v 0.7733676792259858 -0.5559820781480225 -0.30460853813840943
v 0.7626170735015145 -0.5502436573245669 -0.3400692823206324
v 0.7505219912746225 -0.5435795889555131 -0.3758164060869762
v 0.7370601884122976 -0.5359659453986574 -0.4116828682742966
v 0.7222271298680454 -0.5273905885474597 -0.44748982110672614
v 0.7060376747970781 -0.5178545276897595 -0.4830501939947354
v 0.6885271236113095 -0.5073728635944478 -0.5181729222368786
v 0.6697514988109495 -0.49597521975140363 -0.5526676317942218
v 0.6497869809420724 -0.48370559352658776 -0.5863495358480963
v 0.6287284840759234 -0.4706216023241698 -0.6190442639564818
v 0.6066874245848513 -0.45679314796703496 -0.6505923368907499
v 0.5837888038062478 -0.4423005703311253 -0.6808530223442
v 0.5601677804845986 -0.4272324024337953 -0.7097073566038372
v 0.5359659453986574 -0.4116828682742966 -0.7370601884122976
v 0.5113275241439893 -0.3957492783478623 -0.76284118382526
v 0.4863957242527245 -0.37952947507045953 -0.7870048138235297
v 0.4613094128830364 -0.3631194630777124 -0.8095294195516689
v 0.7866193996593099 -0.5252242965393921 -0.324606466978598
v 0.7754148807491633 -0.5187237022272607 -0.3600798292884578
v 0.76284118382526 -0.5113275241439893 -0.3957492783478623
v 0.7488830607942988 -0.5030215450660013 -0.43144349161248846
v 0.7335438127391466 -0.49380350598917355 -0.4669813403819431
v 0.7168466990465948 -0.48368412697996593 -0.5021757415224564
v 0.6988356496797787 -0.4726876829333794 -0.5368380474032317
v 0.6795751750063787 -0.4608520596005095 -0.5707827613698738
v 0.6591494232384238 -0.44822825076214523 -0.6038323219761927
v 0.6376604013580364 -0.43487930020032767 -0.6358216784580258
v 0.6152254434315861 -0.4208787370304494 -0.6666023870869816
v 0.5919740715619715 -0.40630859416315374 -0.6960459933851381
v 0.5680444412619797 -0.39125713171641757 -0.7240465244943912
v 0.5435795889555131 -0.3758164060869762 -0.7505219912746225
v 0.5187237022272607 -0.36007982928845783 -0.7754148807491634
v 0.49361861461005196 -0.34413985264854857 -0.7986916959186995
v 0.7986916959186995 -0.49361861461005196 -0.34413985264854857
v 0.7870048138235298 -0.48639572425272454 -0.3795294750704596
v 0.7739313604602943 -0.4783158857239084 -0.41502308702074764
v 0.7594638151136077 -0.46937445096587566 -0.45044682073866027
v 0.7436138289995902 -0.459578620826199 -0.4856191559237104
v 0.7264133158642744 -0.4489481190846347 -0.5203549566454023
v 0.7079148025100048 -0.4375154090903523 -0.554469926322179
v 0.6881909602355868 -0.42532540417601994 -0.5877852522924731
v 0.6673332978096439 -0.4124346598709157 -0.6201321802419765
v 0.6454500625756868 -0.39891007671252093 -0.6513562523061036
v 0.6226634603493987 -0.3848271820485508 -0.6813209633515501
v 0.5991063585226795 -0.37026809244319614 -0.709910635852268
v 0.5749186733196917 -0.35531928087856685 -0.7370323790066918
v 0.5502436573245669 -0.3400692823206324 -0.7626170735015145
v 0.5252242965393921 -0.324606466978598 -0.7866193996593099
v 0.8095294195516689 -0.4613094128830364 -0.3631194630777124
v 0.7973385418711487 -0.4534139706197825 -0.39833029120767766
v 0.7837516381807692 -0.4447081311717827 -0.4335528199869782
v 0.7687694571591907 -0.43519640034045604 -0.4686124356756582
v 0.7524122933676713 -0.42489475287032935 -0.5033291068202423
v 0.734720729322077 -0.4138309667265571 -0.5375215166694247
v 0.7157556125791343 -0.402044506662343 -0.5710114865080222
v 0.6955972178041024 -0.389585933532735 -0.6036284544126622
v 0.6743436049716801 -0.37651585173503294 -0.6352137560113458
v 0.6521082484072998 -0.36290344387572204 -0.6656244607752212
v 0.6290170692206356 -0.3488246745854681 -0.6947365493692012
v 0.6052050483502281 -0.33436027008112207 -0.72244727090818
v 0.5808126234883714 -0.3195935936139404 -0.7486765865962971
v 0.5559820781480225 -0.30460853813840943 -0.7733676792259858
v 0.8190944979812843 -0.4284500038897919 -0.381464018674927
v 0.8063855847111235 -0.41994031855346436 -0.41640415178443424
v 0.7922795300025869 -0.4106737770487285 -0.4512651052135666
v 0.7767856760893116 -0.4006633738465717 -0.4858733109364552
v 0.7599330169554005 -0.3899329446081433 -0.5200520247535678
v 0.7417705765237548 -0.3785171835103165 -0.5536254632791322
v 0.7223670166098651 -0.36646123388299656 -0.5864231044008367
v 0.7018094542057703 -0.3538198516892101 -0.6182839174182231
v 0.6802015279118562 -0.34065617440559304 -0.6490602839996624
v 0.6576608121632775 -0.32704015903507644 -0.6786213896739846
v 0.6343157278352621 -0.31304677831715744 -0.7068559061124624
v 0.6103021326212047 -0.29875408053048286 -0.7336738418973348
v 0.5857597903992625 -0.28424122384908457 -0.7590075062976563
v 0.827366536809923 -0.3951990420489519 -0.3991019054461465
v 0.8141336047890234 -0.38614038926448463 -0.43368430145890985
v 0.7995109032905102 -0.3763842669748591 -0.46809956109079015
v 0.7835164594263934 -0.3659512825291082 -0.5021768778261597
v 0.7661877842999592 -0.354872044915385 -0.5357444455401215
v 0.7475818873792709 -0.34318690109079014 -0.5686335134180427
v 0.7277745349320384 -0.330945284051252 -0.6006824829048134
v 0.7068587605264778 -0.3182046917040229 -0.6317408225249649
v 0.6849426926419094 -0.3050293442571917 -0.6616725828825603
v 0.6621468167165695 -0.2914885926385807 -0.6903593220010092
v 0.6386008299711143 -0.27765516828743514 -0.7177022972538684
v 0.6144402722444919 -0.26360337344996304 -0.7436238386105665
v 0.8343427539370007 -0.3617168160377992 -0.4159724918168248
v 0.8205880105062009 -0.3521796396528679 -0.4501164498520926
v 0.8054592464204918 -0.3420089261483442 -0.48400960402722376
v 0.7889830317777987 -0.33123185975425573 -0.5174854883476929
v 0.7712049876331988 -0.31988462054335476 -0.5503786847158161
v 0.7521894514797524 -0.30801188532169166 -0.5825287182475782
v 0.7320184191063477 -0.29566598929128385 -0.6137838844947381
v 0.7107897965621175 -0.28290578270064953 -0.6440048006169802
v 0.6886150479011942 -0.2697952400751782 -0.6730674886196873
v 0.6656163689055808 -0.2564018978513176 -0.7008658332542629
v 0.641923548733929 -0.2427952071340601 -0.7273133059236357
v 0.8400372760213961 -0.32816161922663917 -0.4320269974910168
v 0.8257709268677065 -0.31821963701046474 -0.4656593593615154
v 0.810154325170865 -0.3077112110267028 -0.4989627040324959
v 0.7932222225828035 -0.2966689627647877 -0.5317762989574304
v 0.7750277444673128 -0.28513338839097324 -0.5639423251810348
v 0.7556417344759133 -0.2731521753100433 -0.5953095482533642
v 0.7351514231558677 -0.2607792349650635 -0.6257368261840904
v 0.713658476140052 -0.24807349655238164 -0.6550962675376302
v 0.6912765229670094 -0.23509752410317752 -0.6832758761694998
v 0.6681283037670814 -0.22191603140241004 -0.7101815575695606
v 0.8444798709354596 -0.2946863782482369 -0.44722889671818655
v 0.8297196305630133 -0.28441469621979637 -0.4802849312986796
v 0.8136403475009072 -0.2736454263680833 -0.5129401188700615
v 0.7962843997341675 -0.2624154418218521 -0.5450406320940104
v 0.7777116489877878 -0.25076830574088144 -0.5764372020129719
v 0.757998502746639 -0.23875345619378227 -0.6069885147096088
v 0.7372363598323228 -0.22642516511287036 -0.6365643677938586
v 0.7155295122624374 -0.21384132193066904 -0.6650484238883829
v 0.692992614398792 -0.20106210484610157 -0.6923404266569897
v 0.8477142231586662 -0.2614356892696124 -0.46155387142848403
v 0.8324845753740931 -0.2509090191178291 -0.49397782935020945
v 0.8159737780817069 -0.2399540332639651 -0.52593617046503
v 0.7982311213841842 -0.22861067886310696 -0.5572829033475702
v 0.7793223153105939 -0.21692439402294778 -0.5878779942613194
v 0.7593283147561654 -0.2049452116202948 -0.6175904554342418
v 0.738343595526456 -0.1927266938377704 -0.6463011344779054
v 0.716473966464088 -0.1803247499401021 -0.6739050674525727
v 0.8497958797414874 -0.2285433707564071 -0.47498935825730987
v 0.8341271482851601 -0.21783442772304645 -0.5067347063229826
v 0.8172209512929919 -0.2067656179621024 -0.5379571507067523
v 0.7991326580327285 -0.1953788397604234 -0.5685192202902353
v 0.7799328630110558 -0.18372031202835923 -0.5982905449224315
v 0.7597060230711085 -0.1718396428597508 -0.6271506164003298
v 0.7385486173326934 -0.15978878143239397 -0.6549912099901168
v 0.8507900017506349 -0.19613059605237665 -0.4875337549475872
v 0.8347172971219813 -0.18530873317147167 -0.5185631179478138
v 0.8174556247872685 -0.17419353879974223 -0.5490199564169586
v 0.7990655235865146 -0.16282783120112607 -0.5787757652163287
v 0.779621475880755 -0.15125764300630543 -0.6077100293542063
v 0.7592104066622742 -0.13953129361181682 -0.6357126524765077
v 0.8507690510701167 -0.1643046243707284 -0.4991953647137031
v 0.8343311590570904 -0.15343473603363453 -0.5294802156877448
v 0.8167565981550934 -0.14233522279253163 -0.5591505555060458
v 0.7981101312434162 -0.13104890973732858 -0.588087069797725
v 0.7784691379166969 -0.1196208206582494 -0.6161790815796019
v 0.8498105275597344 -0.13315810928195035 -0.509991161865676
v 0.8330487991245398 -0.12229981531893715 -0.5395113098444888
v 0.8152054965414801 -0.1112720478510575 -0.5683823798954282
v 0.7963486620032646 -0.10011685926607475 -0.5964942774380213
v 0.8479948501089801 -0.1027689325054107 -0.5199454593516001
v 0.8309521426797775 -0.09197603528047425 -0.5486883865273363
v 0.8128847911800792 -0.08106972274033818 -0.5767547280455737
v 0.8454034504478299 -0.07320048920136979 -0.5290885505769178
v 0.8281231590100674 -0.06252068175732874 -0.5570486494587215
v 0.8421171236917472 -0.04450233901831196 -0.5374553858759236
v 0.564959343968111 -0.8251187427656227 0.0
v 0.5850087483405251 -0.8108428675723048 -0.017280291437762565
v 0.6051593623925604 -0.7953297617156287 -0.035110058928900956
v 0.6253286492954697 -0.7785280401511081 -0.05346186555646973
v 0.6454250107960766 -0.760394159628342 -0.07229991315341977
v 0.6653484319822918 -0.7408944876446022 -0.09157959508836064
v 0.6849915186122514 -0.7200074069312279 -0.11124726240879386
v 0.7042409525988711 -0.6977253583648625 -0.13124025669457828
v 0.72297936789934 -0.6740567073317085 -0.15148725653666772
v 0.7410876198005099 -0.6490273068499354 -0.17190897225431467
v 0.7584473873343167 -0.6226816282136217 -0.19241920520307185
v 0.7749440143527866 -0.59508333910218 -0.21292626456543118
v 0.7904694635995504 -0.566315231434094 -0.23333470758202193
v 0.8049252343143145 -0.5364784365015882 -0.2535473414036464
v 0.81822508158865 -0.5056909108694415 -0.2734673993793074
v 0.8302973778480396 -0.47408522894010147 -0.293000785049258
v 0.8410869746399976 -0.44180577123660203 -0.31205826634294936
v 0.8505564552831786 -0.40900544492462343 -0.33055750240786447
v 0.8586867125521431 -0.37584210890664 -0.3484247965616146
v 0.8654768353476817 -0.34247489551749194 -0.3655964898858365
v 0.8709433382523454 -0.30906062230949305 -0.3820199383429215
v 0.8751188121778101 -0.2757504711811535 -0.3976540484087528
v 0.8780501083049647 -0.24268708117038695 -0.4124693781829603
v 0.8797961883636218 -0.21000216035494146 -0.42644783923370977
v 0.880425781256419 -0.17781467703470452 -0.43958205642413106
v 0.8800149802865912 -0.14622964608237346 -0.4518744572088735
v 0.8786448994171827 -0.11533748742979379 -0.463336168156071
v 0.8763994844559669 -0.08521390304096021 -0.47398579554016296
v 0.8733635493296334 -0.05592019776360723 -0.4838481602573517
v 0.8696210817839346 -0.02750395809218742 -0.4929530468576116
v 0.5850087483405252 -0.8108428675723047 0.017280291437762562
v 0.6055327024811289 -0.7958204233530959 0.0
v 0.6261245199973067 -0.7795188913753609 -0.017843302583059637
v 0.6466939239077052 -0.761889103429742 -0.03622102781367421
v 0.6671413036251346 -0.7428909283866042 -0.055095821241226264
v 0.6873585714390034 -0.7224954604640829 -0.0744211252140515
v 0.7072304565289836 -0.700687203587401 -0.09414097984763718
v 0.7266362547516173 -0.6774661394955789 -0.11419011830057597
v 0.745452023828924 -0.6528495504239531 -0.1344944039006971
v 0.7635531791048054 -0.6268734585054259 -0.15497164160062002
v 0.7808174074305257 -0.5995935466782457 -0.17553277481790902
v 0.7971277799199148 -0.5710854422032208 -0.19608345208991892
v 0.8123759130305915 -0.5414442746915028 -0.2165259183827774
v 0.826465006573357 -0.5107834645747399 -0.23676115649896284
v 0.8393125809738874 -0.4792327516854295 -0.25669117852190265
v 0.8508527468953723 -0.44693553150289744 -0.27622134924879
v 0.8610378683054433 -0.4140456218229139 -0.2952626159765146
v 0.8698395227337037 -0.38072362813548066 -0.3137335233438704
v 0.8772487149656807 -0.34713310597161595 -0.33156190798938373
v 0.8832753563567434 -0.3134367292527129 -0.34868619360139497
v 0.8879470745271305 -0.27979266446740847 -0.365056239159035
v 0.8913074614262478 -0.24635132345293775 -0.38063372766858655
v 0.8934138974251714 -0.21325262717877422 -0.3953921153600762
v 0.8943351033238337 -0.18062386511602072 -0.40931618867728337
v 0.8941485713929096 -0.14857818567732084 -0.42240129618273464
v 0.8929380131670707 -0.11721370821996034 -0.4346523337640905
v 0.8907909392264183 -0.08661321015281787 -0.446082564576491
v 0.88779645863357 -0.05684431595379255 -0.456712351246862
v 0.8840433567736745 -0.027960098881803615 -0.46656786881958917
v 0.6051593623925604 -0.7953297617156287 0.035110058928900956
v 0.6261245199973067 -0.7795188913753609 0.017843302583059637
v 0.647118560988119 -0.762389380844635 0.0
v 0.668043191614439 -0.7438952199842528 -0.01839010120075393
v 0.6887906362459505 -0.7240007305881516 -0.03728808828193611
v 0.7092447404034538 -0.7026828514306239 -0.056645463325541504
v 0.7292825544867065 -0.6799333690808846 -0.07640398766858428
v 0.7487764056407108 -0.655760966721564 -0.09649584903081317
v 0.7675964309159192 -0.6301929486415454 -0.11684419851929759
v 0.785613505248246 -0.6032764938991664 -0.1373640865739407
v 0.8027024564495482 -0.5750793020225153 -0.15796380216732472
v 0.8187454212152472 -0.5456895184067144 -0.17854658983054106
v 0.8336351666024752 -0.5152148671775109 -0.1990126871406027
v 0.8472781857091934 -0.48378097217285476 -0.21926159486974695
v 0.859597378259831 -0.4515289073613311 -0.23919446713063303
v 0.8705341480560777 -0.4186120795817275 -0.2587164932827835
v 0.8800497884878364 -0.38519260122826904 -0.2777391397363972
v 0.8881260803396727 -0.35143735123598163 -0.29618212906373387
v 0.894765086537747 -0.317513944157456 -0.3139750550261502
v 0.8999881887167237 -0.28358682688869546 -0.33105856247134313
v 0.9038344632739457 -0.24981370160821487 -0.3473850565109274
v 0.906358534193755 -0.2163424356166451 -0.3629189414257753
v 0.9076280630509187 -0.18330856993842362 -0.3776364221702767
v 0.9077210426165108 -0.15083348553919823 -0.3915249269603291
v 0.9067230511853789 -0.11902323519748045 -0.4045822264165865
v 0.9047246036371667 -0.08796800548207327 -0.4168153327135141
v 0.9018187066942981 -0.05774214010187858 -0.4282392619934313
v 0.8980986942210395 -0.02840463434698674 -0.438875736611262
v 0.6253286492954697 -0.7785280401511081 0.05346186555646973
v 0.6466939239077052 -0.761889103429742 0.03622102781367421
v 0.668043191614439 -0.7438952199842528 0.01839010120075393
v 0.6892699839446963 -0.7245045819267661 0.0
v 0.7102583579163166 -0.7036870910162335 -0.018908806073590134
v 0.7308842799408055 -0.6814267087715821 -0.038285896987528524
v 0.7510175291529705 -0.65772369058662 -0.05807079942693577
v 0.7705241128862675 -0.6325965613464364 -0.07819323521568113
v 0.7892691469276807 -0.6060836792143222 -0.09857376678448401
v 0.8071201088323374 -0.5782442362125881 -0.11912486392603408
v 0.8239503286226542 -0.5491585618271756 -0.13975238793855504
v 0.8396425434090717 -0.5189276302272153 -0.1603574565909282
v 0.854092316886348 -0.487671721469838 -0.180838619532319
v 0.8672111164674979 -0.45552824819320126 -0.20109424301364018
v 0.8789288531862556 -0.4226488252738595 -0.2210249794283899
v 0.8891957226704116 -0.3891957226704115 -0.2405361848863923
v 0.8979832364126437 -0.35533789294699597 -0.259540149028745
v 0.9052843952476647 -0.32124679789588234 -0.2779580158274129
v 0.9111130234715139 -0.287092269101521 -0.295721300353452
v 0.915502344047086 -0.25303862453857456 -0.3127729408627245
v 0.9185029255516834 -0.21924123019554 -0.3290678634193027
v 0.9201801649653643 -0.18584364784679508 -0.3445730728877567
v 0.9206114850391812 -0.1529754545687464 -0.3592673153982125
v 0.9198834216871895 -0.12075076365446102 -0.37314038052981185
v 0.918088758783995 -0.08926742639811033 -0.3861921252158325
v 0.9153238394633767 -0.05860685410998017 -0.3984313059504163
v 0.9116861494330584 -0.028834371857448447 -0.4098743025996013
v 0.6454250107960766 -0.760394159628342 0.07229991315341977
v 0.6671413036251347 -0.7428909283866042 0.05509582124122626
v 0.6887906362459505 -0.7240007305881516 0.03728808828193611
v 0.7102583579163166 -0.7036870910162335 0.018908806073590134
v 0.7314205382620619 -0.6819266794959965 0.0
v 0.7521456636150109 -0.6587116845189162 -0.019386009991399434
v 0.772296883942043 -0.63405199778922 -0.03918656852685111
v 0.7917347841663707 -0.607977054237342 -0.05932902377348142
v 0.8103206080572807 -0.5805371666074258 -0.07973148904354435
v 0.8279198147302002 -0.5518042034469282 -0.10030404496037162
v 0.8444058028747498 -0.5218714864742391 -0.12095036865019153
v 0.8596636026731345 -0.4908528278639892 -0.14156974117717513
v 0.8735933162895316 -0.4588806871199444 -0.1620593493834467
v 0.8861130895537397 -0.4261034951828055 -0.18231676805637753
v 0.8971614220271429 -0.39268226229119135 -0.20224248739596448
v 0.9066986685227898 -0.3587866469510394 -0.22174234252535113
v 0.9147076473226503 -0.3245907079099578 -0.2407297079048919
v 0.9211933410130188 -0.2902685833037129 -0.25912733939151916
v 0.9261817459413649 -0.25599033862624926 -0.27686877760957995
v 0.9297179870805038 -0.22191819922622696 -0.2938992639513833
v 0.9318638598289596 -0.18820333843397608 -0.310176159862391
v 0.9326949852368779 -0.1549833362490901 -0.32566889627209045
v 0.9322977698793404 -0.12238036365499713 -0.3403585093246224
v 0.930766348550254 -0.09050009132351895 -0.35423683867839306
v 0.9281996615580759 -0.05943127427092834 -0.3673054749415084
v 0.9246987839990704 -0.029245929216474693 -0.37957454405545377
v 0.6653484319822917 -0.7408944876446022 0.09157959508836064
v 0.6873585714390034 -0.7224954604640829 0.0744211252140515
v 0.7092447404034538 -0.7026828514306239 0.056645463325541504
v 0.7308842799408055 -0.6814267087715821 0.038285896987528524
v 0.7521456636150109 -0.6587116845189162 0.019386009991399434
v 0.7728905323153185 -0.634539380225801 0.0
v 0.7929762998254374 -0.6089304202486431 -0.019807352447232557
v 0.8122592798354954 -0.581926087251817 -0.039961122317984425
v 0.8305982346951879 -0.5535893562708862 -0.0603771243503969
v 0.8478581957971557 -0.5240051826428055 -0.08096325328858756
v 0.8639143617644119 -0.49327993669357567 -0.10162125561500872
v 0.8786558506936645 -0.46153993281541733 -0.12224887099083037
v 0.8919890727412468 -0.428929067904108 -0.1427422460840656
v 0.9038405031465426 -0.3956056566989291 -0.16299849465444047
v 0.914158673724025 -0.36173862024195547 -0.18291826010701567
v 0.9229152593553265 -0.3275032391517534 -0.2024081332214689
v 0.9301052080059191 -0.29307671802576335 -0.22138278928478863
v 0.9357459389410272 -0.2586338165563632 -0.2397667339079066
v 0.939875704299895 -0.22434278640739477 -0.2574955818140232
v 0.9425512655474927 -0.19036181406774033 -0.2745168329258866
v 0.9438450729098895 -0.1568361153616467 -0.2907901498709915
v 0.9438421505934342 -0.12389576523119672 -0.3062871759002282
v 0.9426368846945891 -0.09165428496921182 -0.3209909588447352
v 0.9403298881871293 -0.06020795503867356 -0.3348950634632317
v 0.9370250836969788 -0.02963577950578409 -0.3480024613357704
v 0.6849915186122514 -0.7200074069312279 0.11124726240879386
v 0.7072304565289836 -0.7006872035874011 0.0941409798476372
v 0.7292825544867065 -0.6799333690808846 0.07640398766858428
v 0.7510175291529705 -0.65772369058662 0.05807079942693577
v 0.772296883942043 -0.63405199778922 0.03918656852685111
v 0.7929762998254374 -0.6089304202486431 0.019807352447232557
v 0.8129086024997529 -0.5823912808257851 0.0
v 0.8319472297451418 -0.554488454378879 -0.02015839477503192
v 0.849950068961268 -0.5252980313583807 -0.04058150470036092
v 0.8667834842525456 -0.4949181552739709 -0.0611752483217424
v 0.8823263125350244 -0.4634679512885492 -0.08183969902645828
v 0.8964735862136608 -0.4310855272627575 -0.1024713491948283
v 0.9091397415487533 -0.39792510208869925 -0.12296561903379395
v 0.9202610992555841 -0.3641533902981458 -0.143219473296302
v 0.9297974554742985 -0.3299454368493138 -0.16313399552464636
v 0.9377326912292964 -0.2954801426390891 -0.18261677115162414
v 0.9440743879116139 -0.26093574323711954 -0.2015839477503192
v 0.9488525147087816 -0.22648549809891644 -0.21996187051784008
v 0.9521173213394332 -0.1922938169206241 -0.23768822936679068
v 0.9539366183325746 -0.15851299944730496 -0.2547126954245322
v 0.9543926533514077 -0.12528070296888 -0.27099706399236695
v 0.9535787954489681 -0.09271818669284791 -0.28651495375719105
v 0.9515962227052303 -0.06092932205107835 -0.30125113551243904
v 0.9485507776876348 -0.03000030862213449 -0.31520057682491587
v 0.7042409525988711 -0.6977253583648625 0.13124025669457828
v 0.7266362547516173 -0.6774661394955789 0.11419011830057597
v 0.7487764056407108 -0.655760966721564 0.09649584903081317
v 0.7705241128862675 -0.6325965613464364 0.07819323521568113
v 0.7917347841663707 -0.607977054237342 0.05932902377348142
v 0.8122592798354954 -0.581926087251817 0.039961122317984425
v 0.8319472297451418 -0.554488454378879 0.02015839477503192
v 0.8506508083520399 -0.5257311121191336 0.0
v 0.8682288068267452 -0.4957434090947858 -0.020425751767954758
v 0.8845507926055213 -0.46463642513581926 -0.041023014735026044
v 0.8995011135911031 -0.43254136852331204 -0.061690446297184794
v 0.912982492932299 -0.3996070517018511 -0.08232358003196016
v 0.9249189753196432 -0.3659965425966487 -0.10281741049530799
v 0.935258027459989 -0.3318831608112994 -0.12306904420507811
v 0.9439716598569311 -0.2974460454568715 -0.1429802623756833
v 0.9510565162951535 -0.2628655560595668 -0.16245984811645314
v 0.9565329610412219 -0.22831877533247957 -0.18142555297528729
v 0.9604432707621335 -0.19397536241727237 -0.19980561158992216
v 0.9628490991527271 -0.1599939616414058 -0.21753975383609853
v 0.9638284211006921 -0.12651931226928728 -0.2345797056470434
v 0.9634721777482668 -0.09368013810308058 -0.25088920748011423
v 0.9618808357153752 -0.06158783086323443 -0.2664436093680106
v 0.9591610476344749 -0.030335885146298366 -0.281229121488382
v 0.72297936789934 -0.6740567073317085 0.15148725653666772
v 0.745452023828924 -0.6528495504239531 0.1344944039006971
v 0.7675964309159192 -0.6301929486415454 0.11684419851929759
v 0.7892691469276807 -0.6060836792143222 0.09857376678448401
v 0.8103206080572807 -0.5805371666074258 0.07973148904354435
v 0.830598234695188 -0.5535893562708862 0.0603771243503969
v 0.849950068961268 -0.5252980313583807 0.04058150470036092
v 0.8682288068267452 -0.4957434090947858 0.020425751767954758
v 0.8852960331959687 -0.46502788476335705 0.0
v 0.901026425250014 -0.4332748422037791 -0.020598352227090992
v 0.915311665591641 -0.4006265168356401 -0.041266800699817925
v 0.9280638083113687 -0.36724097376600345 -0.061900201049726884
v 0.9392178706157669 -0.33328834015675324 -0.08239340890836397
v 0.9487334782899449 -0.2989464973478724 -0.10264394232150857
v 0.9565954686952953 -0.26439648485055245 -0.12255451060772854
v 0.962813440448733 -0.22981788871929154 -0.14203526645126321
v 0.9674203229974434 -0.1953844786838422 -0.16100566493439175
v 0.970470111215569 -0.16126032405761828 -0.1793958503479748
v 0.9720349617434304 -0.12759656404512046 -0.19714753356896803
v 0.9722018747898896 -0.09452894229623181 -0.21421436395204557
v 0.9710691874344178 -0.06217614765942411 -0.2305618352583379
v 0.9687430855799453 -0.030638941242350382 -0.24616679187208504
v 0.74108761980051 -0.6490273068499354 0.17190897225431467
v 0.7635531791048055 -0.6268734585054259 0.15497164160062002
v 0.785613505248246 -0.6032764938991664 0.1373640865739407
v 0.8071201088323375 -0.5782442362125881 0.11912486392603408
v 0.8279198147302002 -0.5518042034469282 0.10030404496037162
v 0.8478581957971557 -0.5240051826428055 0.08096325328858756
v 0.8667834842525456 -0.4949181552739708 0.06117524832174239
v 0.8845507926055213 -0.46463642513581926 0.041023014735026044
v 0.901026425250014 -0.4332748422037791 0.020598352227090992
v 0.9160920268893069 -0.400968076372473 0.0
v 0.9296483021157386 -0.36786796842136205 -0.02066862798697952
v 0.9416180563510772 -0.3341400636437275 -0.041301983266975324
v 0.9519483524043513 -0.2999595061410779 -0.06179505668127298
v 0.960611644887223 -0.26550652864903956 -0.08204602947005209
v 0.9676058382073501 -0.23096180579451966 -0.10195874720290397
v 0.9729533017274403 -0.19650194349105207 -0.12144487993288135
v 0.9766989563172576 -0.16229535395497888 -0.14042566294452025
v 0.97890761005916 -0.12849871915835295 -0.1588331519013788
v 0.9796607608740254 -0.09525418324723679 -0.17661096845220947
v 0.9790530981582937 -0.06268734585054257 -0.19371455200077498
v 0.9771889260765745 -0.030906062230949306 -0.2101109660886068
v 0.7584473873343167 -0.6226816282136217 0.19241920520307185
v 0.7808174074305257 -0.5995935466782457 0.17553277481790902
v 0.8027024564495482 -0.5750793020225153 0.15796380216732472
v 0.8239503286226542 -0.5491585618271756 0.13975238793855504
v 0.8444058028747498 -0.5218714864742391 0.12095036865019153
v 0.8639143617644118 -0.49327993669357567 0.10162125561500872
v 0.8823263125350244 -0.4634679512885492 0.08183969902645828
v 0.8995011135911031 -0.43254136852331204 0.061690446297184794
v 0.915311665591641 -0.4006265168356401 0.041266800699817925
v 0.9296483021157386 -0.36786796842136205 0.02066862798697952
v 0.9424222167125194 -0.3344254258376018 0.0
v 0.9535680937508242 -0.3004698876267301 -0.020633400349908963
v 0.9630457679124536 -0.2661793037066536 -0.04112696419812319
v 0.970840814882997 -0.23173397564427461 -0.06137977426984372
v 0.9769640636735416 -0.19731197467743025 -0.08129700449200697
v 0.981450107300438 -0.16308483952319971 -0.1007919738751596
v 0.9843549621676316 -0.1292137792534531 -0.11978776109019003
v 0.9857530790712438 -0.0958465503370859 -0.13821832689640914
v 0.9857339359427303 -0.06311511017665744 -0.15602913317147468
v 0.9843984442514208 -0.031134081410681084 -0.17317728468276464
v 0.7749440143527866 -0.59508333910218 0.21292626456543118
v 0.7971277799199148 -0.5710854422032208 0.19608345208991892
v 0.8187454212152472 -0.5456895184067144 0.17854658983054106
v 0.8396425434090717 -0.5189276302272153 0.1603574565909282
v 0.8596636026731345 -0.4908528278639892 0.14156974117717513
v 0.8786558506936645 -0.46153993281541733 0.12224887099083037
v 0.8964735862136608 -0.4310855272627575 0.1024713491948283
v 0.912982492932299 -0.3996070517018511 0.08232358003196016
v 0.9280638083113687 -0.36724097376600345 0.061900201049726884
v 0.9416180563510772 -0.3341400636437275 0.041301983266975324
v 0.9535680937508242 -0.3004698876267301 0.020633400349908963
v 0.9638612634676226 -0.26640470113456743 0.0
v 0.9724705182242164 -0.2321229762184079 -0.02049426983896566
v 0.979394460505177 -0.1978028283494646 -0.04074962366361013
v 0.9846563338531626 -0.16361760928799637 -0.06067274621878934
v 0.988302081193091 -0.12973190755680383 -0.0801787282954641
v 0.9903976495784972 -0.09629815030706726 -0.09919254990585614
v 0.9910257607566852 -0.06345393802258009 -0.11765007125395135
v 0.9902823811511319 -0.03132017574222 -0.13549853199618345
v 0.7904694635995504 -0.566315231434094 0.23333470758202193
v 0.8123759130305916 -0.5414442746915028 0.21652591838277738
v 0.8336351666024752 -0.5152148671775109 0.1990126871406027
v 0.854092316886348 -0.487671721469838 0.180838619532319
v 0.8735933162895316 -0.4588806871199444 0.1620593493834467
v 0.8919890727412468 -0.428929067904108 0.1427422460840656
v 0.9091397415487533 -0.39792510208869925 0.12296561903379395
v 0.9249189753196432 -0.3659965425966487 0.10281741049530799
v 0.9392178706157669 -0.33328834015675324 0.08239340890836397
v 0.9519483524043513 -0.29995950614107786 0.06179505668127297
v 0.9630457679124536 -0.2661793037066536 0.04112696419812319
v 0.9724705182242164 -0.2321229762184079 0.02049426983896566
v 0.9802086324517009 -0.19796726210958834 0.0
v 0.986271275667404 -0.16388595968569442 -0.020257418672930835
v 0.9906932665358393 -0.1300457923919568 -0.04018635989607089
v 0.9935307529014192 -0.0966027875957833 -0.05970380614218081
v 0.9948582453112854 -0.06369932643429446 -0.07873669759373723
v 0.9947652353238858 -0.031461957301894106 -0.09722279482584247
v 0.8049252343143145 -0.5364784365015882 0.25354734140364643
v 0.826465006573357 -0.5107834645747399 0.23676115649896284
v 0.8472781857091934 -0.48378097217285476 0.21926159486974695
v 0.8672111164674978 -0.45552824819320126 0.20109424301364018
v 0.8861130895537397 -0.4261034951828055 0.18231676805637753
v 0.9038405031465426 -0.39560565669892916 0.1629984946544405
v 0.920261099255584 -0.3641533902981458 0.143219473296302
v 0.935258027459989 -0.3318831608112994 0.12306904420507811
v 0.9487334782899449 -0.29894649734787243 0.10264394232150859
v 0.960611644887223 -0.26550652864903956 0.08204602947005209
v 0.970840814882997 -0.2317339756442746 0.061379774269843715
v 0.979394460505177 -0.1978028283494646 0.04074962366361013
v 0.986271275667404 -0.16388595968569442 0.020257418672930835
v 0.9914941935918586 -0.13015092805520037 0.0
v 0.9951084963168442 -0.09675619443457097 -0.019932872260886088
v 0.9971791888274644 -0.06384793307184249 -0.039460192749827136
v 0.9977878493846246 -0.03155755508832872 -0.058510924939303016
v 0.81822508158865 -0.5056909108694415 0.2734673993793074
v 0.8393125809738873 -0.47923275168542956 0.2566911785219027
v 0.859597378259831 -0.4515289073613311 0.23919446713063303
v 0.8789288531862556 -0.4226488252738595 0.2210249794283899
v 0.8971614220271429 -0.39268226229119135 0.20224248739596448
v 0.914158673724025 -0.36173862024195547 0.18291826010701567
v 0.9297974554742985 -0.3299454368493138 0.16313399552464636
v 0.9439716598569311 -0.2974460454568715 0.1429802623756833
v 0.9565954686952953 -0.26439648485055245 0.12255451060772854
v 0.9676058382073502 -0.23096180579451972 0.101958747202904
v 0.9769640636735416 -0.19731197467743025 0.08129700449200697
v 0.9846563338531626 -0.16361760928799637 0.06067274621878934
v 0.9906932665358393 -0.1300457923919568 0.04018635989607089
v 0.9951084963168442 -0.09675619443457097 0.019932872260886088
v 0.9979564539126902 -0.06389770022472392 0.0
v 0.9993095254794934 -0.03160568192934009 -0.01953338566995053
v 0.8302973778480396 -0.47408522894010147 0.293000785049258
v 0.8508527468953723 -0.44693553150289744 0.27622134924879
v 0.8705341480560777 -0.4186120795817275 0.2587164932827835
v 0.8891957226704116 -0.3891957226704115 0.2405361848863923
v 0.9066986685227898 -0.3587866469510394 0.22174234252535113
v 0.9229152593553265 -0.3275032391517534 0.2024081332214689
v 0.9377326912292964 -0.2954801426390891 0.18261677115162414
v 0.9510565162951535 -0.2628655560595668 0.16245984811645314
v 0.962813440448733 -0.22981788871929154 0.14203526645126321
v 0.9729533017274403 -0.19650194349105207 0.12144487993288135
v 0.981450107300438 -0.16308483952319971 0.1007919738751596
v 0.988302081193091 -0.12973190755680383 0.0801787282954641
v 0.9935307529014192 -0.0966027875957833 0.05970380614218081
v 0.9971791888274644 -0.06384793307184249 0.039460192749827136
v 0.9993095254794934 -0.03160568192934009 0.01953338566995053
v 0.8410869746399976 -0.44180577123660203 0.31205826634294936
v 0.8610378683054433 -0.4140456218229139 0.2952626159765146
v 0.8800497884878364 -0.38519260122826904 0.2777391397363972
v 0.8979832364126437 -0.35533789294699597 0.259540149028745
v 0.9147076473226503 -0.3245907079099578 0.2407297079048919
v 0.9301052080059192 -0.29307671802576335 0.22138278928478863
v 0.9440743879116139 -0.26093574323711954 0.2015839477503192
v 0.9565329610412219 -0.22831877533247957 0.18142555297528729
v 0.9674203229974434 -0.1953844786838422 0.16100566493439175
v 0.9766989563172576 -0.16229535395497888 0.14042566294452025
v 0.9843549621676316 -0.1292137792534531 0.11978776109019003
v 0.9903976495784972 -0.09629815030706726 0.09919254990585614
v 0.9948582453112854 -0.06369932643429446 0.07873669759373723
v 0.9977878493846246 -0.03155755508832872 0.05851092493930301
v 0.8505564552831786 -0.4090054449246234 0.3305575024078644
v 0.8698395227337037 -0.3807236281354806 0.31373352334387034
v 0.8881260803396727 -0.35143735123598163 0.29618212906373387
v 0.9052843952476647 -0.32124679789588234 0.27795801582741286
v 0.9211933410130188 -0.2902685833037129 0.25912733939151916
v 0.9357459389410272 -0.2586338165563632 0.2397667339079066
v 0.9488525147087816 -0.2264854980989164 0.21996187051784005
v 0.9604432707621335 -0.19397536241727237 0.19980561158992216
v 0.970470111215569 -0.16126032405761825 0.17939585034797478
v 0.9789076100591599 -0.12849871915835293 0.15883315190137878
v 0.9857530790712438 -0.0958465503370859 0.13821832689640914
v 0.9910257607566852 -0.06345393802258009 0.11765007125395135
v 0.9947652353238858 -0.03146195730189411 0.09722279482584248
v 0.8586867125521431 -0.37584210890664 0.3484247965616146
v 0.8772487149656807 -0.34713310597161595 0.33156190798938373
v 0.894765086537747 -0.317513944157456 0.3139750550261502
v 0.9111130234715139 -0.287092269101521 0.295721300353452
v 0.9261817459413649 -0.25599033862624926 0.27686877760957995
v 0.939875704299895 -0.2243427864073948 0.2574955818140232
v 0.9521173213394332 -0.1922938169206241 0.23768822936679068
v 0.9628490991527271 -0.1599939616414058 0.21753975383609853
v 0.9720349617434304 -0.12759656404512046 0.19714753356896803
v 0.9796607608740254 -0.09525418324723679 0.17661096845220947
v 0.9857339359427303 -0.06311511017665744 0.15602913317147468
v 0.9902823811511319 -0.03132017574222 0.13549853199618345
v 0.8654768353476817 -0.34247489551749194 0.3655964898858365
v 0.8832753563567434 -0.3134367292527129 0.34868619360139497
v 0.8999881887167237 -0.28358682688869546 0.33105856247134313
v 0.915502344047086 -0.25303862453857456 0.3127729408627245
v 0.9297179870805038 -0.22191819922622696 0.2938992639513833
v 0.9425512655474927 -0.19036181406774033 0.2745168329258866
v 0.9539366183325746 -0.15851299944730496 0.2547126954245322
v 0.9638284211006921 -0.12651931226928728 0.2345797056470434
v 0.9722018747898896 -0.09452894229623181 0.21421436395204557
v 0.9790530981582937 -0.06268734585054257 0.19371455200077498
v 0.9843984442514208 -0.031134081410681084 0.17317728468276464
v 0.8709433382523455 -0.30906062230949305 0.3820199383429214
v 0.8879470745271306 -0.27979266446740847 0.365056239159035
v 0.9038344632739457 -0.24981370160821487 0.3473850565109274
v 0.9185029255516834 -0.21924123019554 0.3290678634193027
v 0.9318638598289596 -0.18820333843397608 0.310176159862391
v 0.9438450729098895 -0.1568361153616467 0.2907901498709915
v 0.9543926533514077 -0.12528070296888 0.27099706399236695
v 0.9634721777482668 -0.09368013810308058 0.25088920748011423
v 0.9710691874344178 -0.06217614765942411 0.2305618352583379
v 0.9771889260765745 -0.030906062230949303 0.21011096608860677
v 0.8751188121778101 -0.2757504711811535 0.3976540484087528
v 0.8913074614262478 -0.24635132345293775 0.38063372766858655
v 0.9063585341937551 -0.21634243561664515 0.3629189414257754
v 0.9201801649653644 -0.18584364784679513 0.3445730728877568
v 0.9326949852368779 -0.1549833362490901 0.32566889627209045
v 0.9438421505934342 -0.12389576523119673 0.3062871759002282
v 0.9535787954489681 -0.09271818669284793 0.2865149537571911
v 0.9618808357153752 -0.06158783086323443 0.2664436093680106
v 0.9687430855799453 -0.030638941242350382 0.24616679187208504
v 0.8780501083049647 -0.24268708117038695 0.4124693781829603
v 0.8934138974251714 -0.21325262717877425 0.39539211536007624
v 0.9076280630509187 -0.18330856993842365 0.37763642217027676
v 0.9206114850391812 -0.1529754545687464 0.3592673153982125
v 0.9322977698793404 -0.12238036365499713 0.3403585093246224
v 0.9426368846945891 -0.09165428496921182 0.3209909588447352
v 0.9515962227052303 -0.06092932205107835 0.30125113551243904
v 0.9591610476344749 -0.030335885146298366 0.281229121488382
v 0.8797961883636218 -0.21000216035494146 0.42644783923370977
v 0.8943351033238337 -0.18062386511602072 0.40931618867728337
v 0.9077210426165108 -0.15083348553919823 0.3915249269603291
v 0.9198834216871895 -0.12075076365446102 0.37314038052981185
v 0.930766348550254 -0.09050009132351895 0.35423683867839306
v 0.9403298881871293 -0.06020795503867356 0.3348950634632317
v 0.9485507776876348 -0.03000030862213449 0.31520057682491587
v 0.880425781256419 -0.17781467703470452 0.43958205642413106
v 0.8941485713929096 -0.14857818567732084 0.42240129618273464
v 0.9067230511853789 -0.11902323519748045 0.4045822264165865
v 0.918088758783995 -0.08926742639811033 0.3861921252158325
v 0.928199661558076 -0.059431274270928335 0.3673054749415084
v 0.9370250836969788 -0.029635779505784086 0.34800246133577034
v 0.8800149802865913 -0.14622964608237346 0.4518744572088735
v 0.8929380131670707 -0.11721370821996033 0.43465233376409046
v 0.9047246036371667 -0.08796800548207327 0.4168153327135141
v 0.9153238394633767 -0.058606854109980164 0.39843130595041626
v 0.9246987839990704 -0.02924592921647469 0.3795745440554537
v 0.8786448994171827 -0.11533748742979379 0.463336168156071
v 0.8907909392264183 -0.08661321015281787 0.446082564576491
v 0.9018187066942981 -0.05774214010187858 0.4282392619934313
v 0.9116861494330584 -0.028834371857448447 0.4098743025996013
v 0.8763994844559669 -0.08521390304096021 0.47398579554016296
v 0.88779645863357 -0.05684431595379255 0.456712351246862
v 0.8980986942210395 -0.02840463434698674 0.438875736611262
v 0.8733635493296334 -0.055920197763607224 0.48384816025735167
v 0.8840433567736745 -0.027960098881803612 0.4665678688195891
v 0.8696210817839346 -0.02750395809218742 0.4929530468576116
v 0.02750395809218742 -0.4929530468576116 0.8696210817839346
v 0.05592019776360723 -0.4838481602573517 0.8733635493296334
v 0.08521390304096021 -0.47398579554016296 0.8763994844559669
v 0.11533748742979379 -0.463336168156071 0.8786448994171827
v 0.14622964608237346 -0.45187445720887354 0.8800149802865913
v 0.17781467703470452 -0.43958205642413106 0.880425781256419
v 0.21000216035494146 -0.42644783923370977 0.8797961883636218
v 0.24268708117038695 -0.4124693781829603 0.8780501083049647
v 0.2757504711811534 -0.39765404840875274 0.87511881217781
v 0.30906062230949305 -0.3820199383429215 0.8709433382523454
v 0.342474895517492 -0.36559648988583654 0.8654768353476818
v 0.37584210890664 -0.3484247965616146 0.8586867125521431
v 0.4090054449246234 -0.3305575024078644 0.8505564552831784
v 0.44180577123660203 -0.31205826634294936 0.8410869746399976
v 0.47408522894010147 -0.293000785049258 0.8302973778480396
v 0.5056909108694415 -0.2734673993793074 0.81822508158865
v 0.5364784365015882 -0.2535473414036464 0.8049252343143145
v 0.566315231434094 -0.23333470758202193 0.7904694635995504
v 0.59508333910218 -0.21292626456543118 0.7749440143527866
v 0.6226816282136217 -0.19241920520307185 0.7584473873343167
v 0.6490273068499354 -0.17190897225431467 0.7410876198005099
v 0.6740567073317085 -0.15148725653666772 0.72297936789934
v 0.6977253583648625 -0.13124025669457828 0.7042409525988711
v 0.7200074069312279 -0.11124726240879386 0.6849915186122514
v 0.7408944876446022 -0.09157959508836064 0.6653484319822918
v 0.760394159628342 -0.07229991315341977 0.6454250107960766
v 0.7785280401511081 -0.05346186555646973 0.6253286492954697
v 0.7953297617156287 -0.035110058928900956 0.6051593623925604
v 0.8108428675723047 -0.017280291437762562 0.5850087483405251
v 0.8251187427656227 0.0 0.564959343968111
v 0.027960098881803615 -0.46656786881958917 0.8840433567736745
v 0.05684431595379255 -0.456712351246862 0.88779645863357
v 0.08661321015281787 -0.446082564576491 0.8907909392264183
v 0.11721370821996034 -0.4346523337640905 0.8929380131670707
v 0.14857818567732084 -0.42240129618273464 0.8941485713929096
v 0.18062386511602072 -0.40931618867728337 0.8943351033238337
v 0.21325262717877425 -0.39539211536007624 0.8934138974251715
v 0.24635132345293775 -0.38063372766858655 0.8913074614262478
v 0.27979266446740847 -0.365056239159035 0.8879470745271305
v 0.3134367292527129 -0.34868619360139497 0.8832753563567434
v 0.34713310597161595 -0.33156190798938373 0.8772487149656807
v 0.38072362813548066 -0.3137335233438704 0.8698395227337037
v 0.4140456218229139 -0.2952626159765146 0.8610378683054433
v 0.44693553150289744 -0.27622134924879 0.8508527468953723
v 0.4792327516854295 -0.25669117852190265 0.8393125809738874
v 0.5107834645747399 -0.23676115649896284 0.826465006573357
v 0.5414442746915028 -0.2165259183827774 0.8123759130305915
v 0.5710854422032208 -0.19608345208991892 0.7971277799199148
v 0.5995935466782457 -0.17553277481790902 0.7808174074305257
v 0.6268734585054259 -0.15497164160062002 0.7635531791048054
v 0.6528495504239531 -0.1344944039006971 0.745452023828924
v 0.6774661394955789 -0.11419011830057597 0.7266362547516173
v 0.700687203587401 -0.09414097984763718 0.7072304565289836
v 0.7224954604640829 -0.0744211252140515 0.6873585714390034
v 0.7428909283866042 -0.055095821241226264 0.6671413036251346
v 0.761889103429742 -0.03622102781367421 0.6466939239077052
v 0.7795188913753609 -0.017843302583059637 0.6261245199973067
v 0.7958204233530958 0.0 0.6055327024811288
v 0.8108428675723047 0.017280291437762562 0.5850087483405252
v 0.02840463434698674 -0.438875736611262 0.8980986942210395
v 0.05774214010187858 -0.4282392619934313 0.9018187066942981
v 0.08796800548207327 -0.4168153327135141 0.9047246036371667
v 0.11902323519748045 -0.4045822264165865 0.9067230511853789
v 0.15083348553919823 -0.3915249269603291 0.9077210426165108
v 0.18330856993842362 -0.3776364221702767 0.9076280630509187
v 0.21634243561664512 -0.36291894142577535 0.9063585341937551
v 0.24981370160821487 -0.3473850565109274 0.9038344632739457
v 0.2835868268886954 -0.3310585624713431 0.8999881887167235
v 0.317513944157456 -0.3139750550261502 0.894765086537747
v 0.3514373512359817 -0.29618212906373387 0.8881260803396728
v 0.38519260122826904 -0.2777391397363972 0.8800497884878364
v 0.4186120795817275 -0.2587164932827835 0.8705341480560777
v 0.4515289073613311 -0.23919446713063303 0.859597378259831
v 0.48378097217285476 -0.21926159486974695 0.8472781857091934
v 0.5152148671775109 -0.1990126871406027 0.8336351666024752
v 0.5456895184067144 -0.17854658983054106 0.8187454212152472
v 0.5750793020225153 -0.15796380216732472 0.8027024564495482
v 0.6032764938991664 -0.1373640865739407 0.785613505248246
v 0.6301929486415454 -0.11684419851929759 0.7675964309159192
v 0.655760966721564 -0.09649584903081317 0.7487764056407108
v 0.6799333690808848 -0.07640398766858428 0.7292825544867066
v 0.7026828514306239 -0.056645463325541504 0.7092447404034538
v 0.7240007305881516 -0.03728808828193611 0.6887906362459505
v 0.7438952199842528 -0.01839010120075393 0.668043191614439
v 0.762389380844635 0.0 0.647118560988119
v 0.7795188913753609 0.017843302583059637 0.6261245199973067
v 0.7953297617156287 0.035110058928900956 0.6051593623925604
v 0.028834371857448447 -0.4098743025996013 0.9116861494330584
v 0.05860685410998017 -0.3984313059504163 0.9153238394633767
v 0.08926742639811033 -0.3861921252158325 0.918088758783995
v 0.12075076365446102 -0.37314038052981185 0.9198834216871895
v 0.1529754545687464 -0.3592673153982125 0.9206114850391812
v 0.18584364784679508 -0.3445730728877567 0.9201801649653643
v 0.21924123019554 -0.3290678634193027 0.9185029255516834
v 0.25303862453857456 -0.3127729408627245 0.915502344047086
v 0.28709226910152097 -0.295721300353452 0.9111130234715137
v 0.32124679789588234 -0.2779580158274129 0.9052843952476647
v 0.355337892946996 -0.25954014902874506 0.8979832364126438
v 0.3891957226704115 -0.2405361848863923 0.8891957226704116
v 0.4226488252738595 -0.2210249794283899 0.8789288531862556
v 0.45552824819320126 -0.20109424301364018 0.8672111164674979
v 0.487671721469838 -0.180838619532319 0.854092316886348
v 0.5189276302272153 -0.1603574565909282 0.8396425434090717
v 0.5491585618271756 -0.13975238793855504 0.8239503286226542
v 0.5782442362125881 -0.11912486392603408 0.8071201088323374
v 0.6060836792143222 -0.09857376678448401 0.7892691469276807
v 0.6325965613464364 -0.07819323521568113 0.7705241128862675
v 0.65772369058662 -0.05807079942693577 0.7510175291529705
v 0.6814267087715821 -0.038285896987528524 0.7308842799408055
v 0.7036870910162335 -0.018908806073590134 0.7102583579163166
v 0.7245045819267661 0.0 0.6892699839446963
v 0.7438952199842528 0.01839010120075393 0.668043191614439
v 0.761889103429742 0.03622102781367421 0.6466939239077052
v 0.7785280401511081 0.05346186555646973 0.6253286492954697
v 0.029245929216474693 -0.37957454405545377 0.9246987839990704
v 0.05943127427092834 -0.3673054749415084 0.9281996615580759
v 0.09050009132351895 -0.35423683867839306 0.930766348550254
v 0.12238036365499713 -0.3403585093246224 0.9322977698793404
v 0.1549833362490901 -0.32566889627209045 0.9326949852368779
v 0.18820333843397608 -0.310176159862391 0.9318638598289596
v 0.22191819922622696 -0.2938992639513833 0.9297179870805038
v 0.25599033862624926 -0.27686877760957995 0.9261817459413649
v 0.2902685833037129 -0.25912733939151916 0.9211933410130188
v 0.3245907079099578 -0.2407297079048919 0.9147076473226503
v 0.3587866469510394 -0.22174234252535113 0.9066986685227898
v 0.39268226229119135 -0.20224248739596448 0.8971614220271429
v 0.4261034951828055 -0.18231676805637753 0.8861130895537397
v 0.4588806871199444 -0.1620593493834467 0.8735933162895316
v 0.4908528278639892 -0.14156974117717513 0.8596636026731345
v 0.5218714864742391 -0.12095036865019153 0.8444058028747498
v 0.5518042034469282 -0.10030404496037162 0.8279198147302002
v 0.5805371666074258 -0.07973148904354435 0.8103206080572807
v 0.607977054237342 -0.05932902377348142 0.7917347841663707
v 0.63405199778922 -0.03918656852685111 0.772296883942043
v 0.6587116845189162 -0.019386009991399434 0.7521456636150109
v 0.6819266794959965 0.0 0.7314205382620619
v 0.7036870910162335 0.018908806073590134 0.7102583579163166
v 0.7240007305881516 0.03728808828193611 0.6887906362459505
v 0.7428909283866042 0.05509582124122626 0.6671413036251347
v 0.760394159628342 0.07229991315341977 0.6454250107960766
v 0.02963577950578409 -0.3480024613357704 0.9370250836969788
v 0.06020795503867356 -0.3348950634632317 0.9403298881871293
v 0.09165428496921182 -0.3209909588447352 0.9426368846945891
v 0.12389576523119672 -0.3062871759002282 0.9438421505934342
v 0.1568361153616467 -0.2907901498709915 0.9438450729098895
v 0.19036181406774033 -0.2745168329258866 0.9425512655474927
v 0.2243427864073948 -0.2574955818140232 0.9398757042998951
v 0.2586338165563632 -0.2397667339079066 0.9357459389410272
v 0.29307671802576335 -0.22138278928478863 0.9301052080059191
v 0.3275032391517534 -0.2024081332214689 0.9229152593553265
v 0.36173862024195547 -0.18291826010701567 0.914158673724025
v 0.3956056566989291 -0.16299849465444047 0.9038405031465426
v 0.428929067904108 -0.1427422460840656 0.8919890727412468
v 0.46153993281541733 -0.12224887099083037 0.8786558506936645
v 0.49327993669357567 -0.10162125561500872 0.8639143617644119
v 0.5240051826428055 -0.08096325328858756 0.8478581957971557
v 0.5535893562708862 -0.0603771243503969 0.8305982346951879
v 0.581926087251817 -0.039961122317984425 0.8122592798354954
v 0.6089304202486431 -0.019807352447232557 0.7929762998254374
v 0.634539380225801 0.0 0.7728905323153185
v 0.6587116845189162 0.019386009991399434 0.7521456636150109
v 0.6814267087715821 0.038285896987528524 0.7308842799408055
v 0.7026828514306239 0.056645463325541504 0.7092447404034538
v 0.7224954604640829 0.0744211252140515 0.6873585714390034
v 0.7408944876446022 0.09157959508836064 0.6653484319822917
v 0.03000030862213449 -0.31520057682491587 0.9485507776876348
v 0.06092932205107835 -0.30125113551243904 0.9515962227052303
v 0.09271818669284791 -0.28651495375719105 0.9535787954489681
v 0.12528070296888 -0.27099706399236695 0.9543926533514077
v 0.15851299944730496 -0.2547126954245322 0.9539366183325746
v 0.1922938169206241 -0.23768822936679068 0.9521173213394332
v 0.22648549809891644 -0.21996187051784008 0.9488525147087816
v 0.26093574323711954 -0.2015839477503192 0.9440743879116139
v 0.2954801426390891 -0.1826167711516241 0.9377326912292963
v 0.3299454368493138 -0.16313399552464636 0.9297974554742985
v 0.3641533902981458 -0.143219473296302 0.9202610992555841
v 0.39792510208869925 -0.12296561903379395 0.9091397415487533
v 0.4310855272627575 -0.1024713491948283 0.8964735862136608
v 0.4634679512885492 -0.08183969902645828 0.8823263125350244
v 0.4949181552739709 -0.0611752483217424 0.8667834842525456
v 0.5252980313583807 -0.04058150470036092 0.849950068961268
v 0.554488454378879 -0.02015839477503192 0.8319472297451418
v 0.5823912808257851 0.0 0.8129086024997529
v 0.6089304202486431 0.019807352447232557 0.7929762998254374
v 0.63405199778922 0.03918656852685111 0.772296883942043
v 0.65772369058662 0.05807079942693577 0.7510175291529705
v 0.6799333690808848 0.07640398766858428 0.7292825544867066
v 0.7006872035874011 0.0941409798476372 0.7072304565289836
v 0.7200074069312279 0.11124726240879386 0.6849915186122514
v 0.030335885146298366 -0.281229121488382 0.9591610476344749
v 0.06158783086323443 -0.2664436093680106 0.9618808357153752
v 0.09368013810308058 -0.25088920748011423 0.9634721777482668
v 0.12651931226928728 -0.2345797056470434 0.9638284211006921
v 0.1599939616414058 -0.21753975383609853 0.9628490991527271
v 0.19397536241727237 -0.19980561158992216 0.9604432707621335
v 0.22831877533247957 -0.18142555297528729 0.9565329610412219
v 0.2628655560595668 -0.16245984811645314 0.9510565162951535
v 0.2974460454568714 -0.1429802623756833 0.9439716598569309
v 0.3318831608112994 -0.12306904420507811 0.935258027459989
v 0.3659965425966487 -0.10281741049530799 0.9249189753196432
v 0.3996070517018511 -0.08232358003196016 0.912982492932299
v 0.43254136852331204 -0.061690446297184794 0.8995011135911031
v 0.46463642513581926 -0.041023014735026044 0.8845507926055213
v 0.4957434090947858 -0.020425751767954758 0.8682288068267452
v 0.5257311121191336 0.0 0.8506508083520399
v 0.554488454378879 0.02015839477503192 0.8319472297451418
v 0.581926087251817 0.039961122317984425 0.8122592798354954
v 0.607977054237342 0.05932902377348142 0.7917347841663707
v 0.6325965613464364 0.07819323521568113 0.7705241128862675
v 0.655760966721564 0.09649584903081317 0.7487764056407108
v 0.6774661394955789 0.11419011830057597 0.7266362547516173
v 0.6977253583648625 0.13124025669457828 0.7042409525988711
v 0.030638941242350382 -0.24616679187208504 0.9687430855799453
v 0.06217614765942411 -0.2305618352583379 0.9710691874344178
v 0.09452894229623181 -0.21421436395204557 0.9722018747898896
v 0.12759656404512046 -0.19714753356896803 0.9720349617434304
v 0.16126032405761828 -0.1793958503479748 0.970470111215569
v 0.1953844786838422 -0.16100566493439175 0.9674203229974434
v 0.22981788871929154 -0.14203526645126321 0.962813440448733
v 0.26439648485055245 -0.12255451060772854 0.9565954686952953
v 0.2989464973478724 -0.10264394232150857 0.9487334782899449
v 0.33328834015675324 -0.08239340890836397 0.9392178706157669
v 0.36724097376600345 -0.061900201049726884 0.9280638083113687
v 0.4006265168356401 -0.041266800699817925 0.915311665591641
v 0.4332748422037791 -0.020598352227090992 0.901026425250014
v 0.46502788476335705 0.0 0.8852960331959687
v 0.4957434090947858 0.020425751767954758 0.8682288068267452
v 0.5252980313583807 0.04058150470036092 0.849950068961268
v 0.5535893562708862 0.0603771243503969 0.830598234695188
v 0.5805371666074258 0.07973148904354435 0.8103206080572807
v 0.6060836792143222 0.09857376678448401 0.7892691469276807
v 0.6301929486415454 0.11684419851929759 0.7675964309159192
v 0.6528495504239531 0.1344944039006971 0.745452023828924
v 0.6740567073317085 0.15148725653666772 0.72297936789934
v 0.030906062230949306 -0.2101109660886068 0.9771889260765745
v 0.06268734585054257 -0.19371455200077498 0.9790530981582937
v 0.09525418324723679 -0.17661096845220947 0.9796607608740254
v 0.12849871915835295 -0.1588331519013788 0.9789076100591599
v 0.16229535395497888 -0.14042566294452025 0.9766989563172576
v 0.19650194349105207 -0.12144487993288135 0.9729533017274403
v 0.2309618057945197 -0.10195874720290399 0.9676058382073502
v 0.26550652864903956 -0.08204602947005209 0.960611644887223
v 0.2999595061410779 -0.06179505668127298 0.9519483524043513
v 0.3341400636437275 -0.041301983266975324 0.9416180563510772
v 0.36786796842136205 -0.02066862798697952 0.9296483021157386
v 0.400968076372473 0.0 0.9160920268893069
v 0.4332748422037791 0.020598352227090992 0.901026425250014
v 0.46463642513581926 0.041023014735026044 0.8845507926055213
v 0.4949181552739708 0.06117524832174239 0.8667834842525456
v 0.5240051826428055 0.08096325328858756 0.8478581957971557
v 0.5518042034469282 0.10030404496037162 0.8279198147302002
v 0.5782442362125881 0.11912486392603408 0.8071201088323375
v 0.6032764938991664 0.1373640865739407 0.785613505248246
v 0.6268734585054259 0.15497164160062002 0.7635531791048055
v 0.6490273068499354 0.17190897225431467 0.74108761980051
v 0.031134081410681084 -0.17317728468276464 0.9843984442514208
v 0.06311511017665744 -0.15602913317147468 0.9857339359427303
v 0.0958465503370859 -0.13821832689640914 0.9857530790712438
v 0.1292137792534531 -0.11978776109019003 0.9843549621676316
v 0.16308483952319971 -0.1007919738751596 0.981450107300438
v 0.19731197467743025 -0.08129700449200697 0.9769640636735416
v 0.23173397564427461 -0.06137977426984372 0.970840814882997
v 0.2661793037066536 -0.04112696419812319 0.9630457679124536
v 0.30046988762673005 -0.02063340034990896 0.9535680937508241
v 0.3344254258376018 0.0 0.9424222167125194
v 0.36786796842136205 0.02066862798697952 0.9296483021157386
v 0.4006265168356401 0.041266800699817925 0.915311665591641
v 0.43254136852331204 0.061690446297184794 0.8995011135911031
v 0.4634679512885492 0.08183969902645828 0.8823263125350244
v 0.49327993669357567 0.10162125561500872 0.8639143617644118
v 0.5218714864742391 0.12095036865019153 0.8444058028747498
v 0.5491585618271756 0.13975238793855504 0.8239503286226542
v 0.5750793020225153 0.15796380216732472 0.8027024564495482
v 0.5995935466782457 0.17553277481790902 0.7808174074305257
v 0.6226816282136217 0.19241920520307185 0.7584473873343167
v 0.03132017574222 -0.13549853199618345 0.9902823811511319
v 0.06345393802258009 -0.11765007125395135 0.9910257607566852
v 0.09629815030706726 -0.09919254990585614 0.9903976495784972
v 0.12973190755680383 -0.0801787282954641 0.988302081193091
v 0.16361760928799637 -0.06067274621878934 0.9846563338531626
v 0.1978028283494646 -0.04074962366361013 0.979394460505177
v 0.2321229762184079 -0.02049426983896566 0.9724705182242164
v 0.26640470113456743 0.0 0.9638612634676226
v 0.30046988762673005 0.02063340034990896 0.9535680937508241
v 0.3341400636437275 0.041301983266975324 0.9416180563510772
v 0.36724097376600345 0.061900201049726884 0.9280638083113687
v 0.3996070517018511 0.08232358003196016 0.912982492932299
v 0.4310855272627575 0.1024713491948283 0.8964735862136608
v 0.46153993281541733 0.12224887099083037 0.8786558506936645
v 0.4908528278639892 0.14156974117717513 0.8596636026731345
v 0.5189276302272153 0.1603574565909282 0.8396425434090717
v 0.5456895184067144 0.17854658983054106 0.8187454212152472
v 0.5710854422032208 0.19608345208991892 0.7971277799199148
v 0.59508333910218 0.21292626456543118 0.7749440143527866
v 0.031461957301894106 -0.09722279482584247 0.9947652353238858
v 0.06369932643429446 -0.07873669759373723 0.9948582453112854
v 0.0966027875957833 -0.05970380614218081 0.9935307529014192
v 0.1300457923919568 -0.04018635989607089 0.9906932665358393
v 0.16388595968569442 -0.020257418672930835 0.986271275667404
v 0.19796726210958834 0.0 0.9802086324517009
v 0.2321229762184079 0.02049426983896566 0.9724705182242164
v 0.2661793037066536 0.04112696419812319 0.9630457679124536
v 0.29995950614107786 0.06179505668127297 0.9519483524043513
v 0.33328834015675324 0.08239340890836397 0.9392178706157669
v 0.3659965425966487 0.10281741049530799 0.9249189753196432
v 0.39792510208869925 0.12296561903379395 0.9091397415487533
v 0.428929067904108 0.1427422460840656 0.8919890727412468
v 0.4588806871199444 0.1620593493834467 0.8735933162895316
v 0.487671721469838 0.180838619532319 0.854092316886348
v 0.5152148671775109 0.1990126871406027 0.8336351666024752
v 0.5414442746915028 0.21652591838277738 0.8123759130305916
v 0.566315231434094 0.23333470758202193 0.7904694635995504
v 0.03155755508832872 -0.058510924939303016 0.9977878493846246
v 0.06384793307184249 -0.039460192749827136 0.9971791888274644
v 0.09675619443457097 -0.019932872260886088 0.9951084963168442
v 0.13015092805520037 0.0 0.9914941935918586
v 0.16388595968569442 0.020257418672930835 0.986271275667404
v 0.1978028283494646 0.04074962366361013 0.979394460505177
v 0.2317339756442746 0.061379774269843715 0.970840814882997
v 0.26550652864903956 0.08204602947005209 0.960611644887223
v 0.29894649734787243 0.10264394232150859 0.9487334782899449
v 0.3318831608112994 0.12306904420507811 0.935258027459989
v 0.36415339029814586 0.14321947329630202 0.9202610992555841
v 0.39560565669892916 0.1629984946544405 0.9038405031465426
v 0.4261034951828055 0.18231676805637753 0.8861130895537397
v 0.45552824819320126 0.20109424301364018 0.8672111164674978
v 0.48378097217285476 0.21926159486974695 0.8472781857091934
v 0.5107834645747399 0.23676115649896284 0.826465006573357
v 0.5364784365015882 0.25354734140364643 0.8049252343143145
v 0.03160568192934009 -0.01953338566995053 0.9993095254794934
v 0.06389770022472392 0.0 0.9979564539126902
v 0.09675619443457097 0.019932872260886088 0.9951084963168442
v 0.1300457923919568 0.04018635989607089 0.9906932665358393
v 0.16361760928799637 0.06067274621878934 0.9846563338531626
v 0.19731197467743025 0.08129700449200697 0.9769640636735416
v 0.23096180579451972 0.101958747202904 0.9676058382073502
v 0.26439648485055245 0.12255451060772854 0.9565954686952953
v 0.2974460454568714 0.1429802623756833 0.9439716598569309
v 0.3299454368493138 0.16313399552464636 0.9297974554742985
v 0.36173862024195547 0.18291826010701567 0.914158673724025
v 0.39268226229119135 0.20224248739596448 0.8971614220271429
v 0.4226488252738595 0.2210249794283899 0.8789288531862556
v 0.4515289073613311 0.23919446713063303 0.859597378259831
v 0.47923275168542956 0.2566911785219027 0.8393125809738873
v 0.5056909108694415 0.2734673993793074 0.81822508158865
v 0.03160568192934009 0.01953338566995053 0.9993095254794934
v 0.06384793307184249 0.039460192749827136 0.9971791888274644
v 0.0966027875957833 0.05970380614218081 0.9935307529014192
v 0.12973190755680383 0.0801787282954641 0.988302081193091
v 0.16308483952319971 0.1007919738751596 0.981450107300438
v 0.19650194349105207 0.12144487993288135 0.9729533017274403
v 0.22981788871929154 0.14203526645126321 0.962813440448733
v 0.2628655560595668 0.16245984811645314 0.9510565162951535
v 0.2954801426390891 0.1826167711516241 0.9377326912292963
v 0.3275032391517534 0.2024081332214689 0.9229152593553265
v 0.3587866469510394 0.22174234252535113 0.9066986685227898
v 0.3891957226704115 0.2405361848863923 0.8891957226704116
v 0.4186120795817275 0.2587164932827835 0.8705341480560777
v 0.44693553150289744 0.27622134924879 0.8508527468953723
v 0.47408522894010147 0.293000785049258 0.8302973778480396
v 0.03155755508832872 0.05851092493930301 0.9977878493846246
v 0.06369932643429446 0.07873669759373723 0.9948582453112854
v 0.09629815030706726 0.09919254990585614 0.9903976495784972
v 0.1292137792534531 0.11978776109019003 0.9843549621676316
v 0.16229535395497888 0.14042566294452025 0.9766989563172576
v 0.1953844786838422 0.16100566493439175 0.9674203229974434
v 0.22831877533247957 0.18142555297528729 0.9565329610412219
v 0.26093574323711954 0.2015839477503192 0.9440743879116139
v 0.2930767180257633 0.2213827892847886 0.9301052080059191
v 0.3245907079099578 0.2407297079048919 0.9147076473226503
v 0.355337892946996 0.25954014902874506 0.8979832364126438
v 0.38519260122826904 0.2777391397363972 0.8800497884878364
v 0.4140456218229139 0.2952626159765146 0.8610378683054433
v 0.44180577123660203 0.31205826634294936 0.8410869746399976
v 0.03146195730189411 0.09722279482584248 0.9947652353238858
v 0.06345393802258009 0.11765007125395135 0.9910257607566852
v 0.0958465503370859 0.13821832689640914 0.9857530790712438
v 0.12849871915835293 0.15883315190137878 0.9789076100591599
v 0.16126032405761825 0.17939585034797478 0.970470111215569
v 0.19397536241727237 0.19980561158992216 0.9604432707621335
v 0.2264854980989164 0.21996187051784005 0.9488525147087816
v 0.2586338165563632 0.2397667339079066 0.9357459389410272
v 0.2902685833037129 0.25912733939151916 0.9211933410130188
v 0.32124679789588234 0.27795801582741286 0.9052843952476647
v 0.3514373512359817 0.29618212906373387 0.8881260803396728
v 0.3807236281354806 0.31373352334387034 0.8698395227337037
v 0.4090054449246234 0.3305575024078644 0.8505564552831786
v 0.03132017574222 0.13549853199618345 0.9902823811511319
v 0.06311511017665744 0.15602913317147468 0.9857339359427303
v 0.09525418324723679 0.17661096845220947 0.9796607608740254
v 0.12759656404512046 0.19714753356896803 0.9720349617434304
v 0.1599939616414058 0.21753975383609853 0.9628490991527271
v 0.1922938169206241 0.23768822936679068 0.9521173213394332
v 0.2243427864073948 0.2574955818140232 0.939875704299895
v 0.25599033862624926 0.27686877760957995 0.9261817459413649
v 0.28709226910152097 0.295721300353452 0.9111130234715137
v 0.317513944157456 0.3139750550261502 0.894765086537747
v 0.34713310597161595 0.33156190798938373 0.8772487149656807
v 0.37584210890664 0.3484247965616146 0.8586867125521431
v 0.031134081410681084 0.17317728468276464 0.9843984442514208
v 0.06268734585054257 0.19371455200077498 0.9790530981582937
v 0.09452894229623181 0.21421436395204557 0.9722018747898896
v 0.12651931226928728 0.2345797056470434 0.9638284211006921
v 0.15851299944730496 0.2547126954245322 0.9539366183325746
v 0.19036181406774033 0.2745168329258866 0.9425512655474927
v 0.22191819922622696 0.2938992639513833 0.9297179870805038
v 0.25303862453857456 0.3127729408627245 0.915502344047086
v 0.2835868268886954 0.3310585624713431 0.8999881887167235
v 0.3134367292527129 0.34868619360139497 0.8832753563567434
v 0.342474895517492 0.36559648988583654 0.8654768353476818
v 0.030906062230949303 0.21011096608860677 0.9771889260765745
v 0.06217614765942411 0.2305618352583379 0.9710691874344178
v 0.09368013810308058 0.25088920748011423 0.9634721777482668
v 0.12528070296888 0.27099706399236695 0.9543926533514077
v 0.1568361153616467 0.2907901498709915 0.9438450729098895
v 0.18820333843397608 0.310176159862391 0.9318638598289596
v 0.21924123019554 0.3290678634193027 0.9185029255516834
v 0.24981370160821487 0.3473850565109274 0.9038344632739457
v 0.2797926644674084 0.36505623915903496 0.8879470745271305
v 0.30906062230949305 0.3820199383429214 0.8709433382523455
v 0.030638941242350382 0.24616679187208504 0.9687430855799453
v 0.06158783086323443 0.2664436093680106 0.9618808357153752
v 0.09271818669284793 0.2865149537571911 0.9535787954489681
v 0.12389576523119673 0.3062871759002282 0.9438421505934342
v 0.1549833362490901 0.32566889627209045 0.9326949852368779
v 0.18584364784679513 0.3445730728877568 0.9201801649653644
v 0.21634243561664515 0.3629189414257754 0.9063585341937551
v 0.24635132345293775 0.38063372766858655 0.8913074614262478
v 0.2757504711811534 0.39765404840875274 0.87511881217781
v 0.030335885146298366 0.281229121488382 0.9591610476344749
v 0.06092932205107835 0.30125113551243904 0.9515962227052303
v 0.09165428496921182 0.3209909588447352 0.9426368846945891
v 0.12238036365499713 0.3403585093246224 0.9322977698793404
v 0.1529754545687464 0.3592673153982125 0.9206114850391812
v 0.18330856993842365 0.37763642217027676 0.9076280630509187
v 0.21325262717877425 0.39539211536007624 0.8934138974251714
v 0.24268708117038695 0.4124693781829603 0.8780501083049647
v 0.03000030862213449 0.31520057682491587 0.9485507776876348
v 0.06020795503867356 0.3348950634632317 0.9403298881871293
v 0.09050009132351895 0.35423683867839306 0.930766348550254
v 0.12075076365446102 0.37314038052981185 0.9198834216871895
v 0.15083348553919823 0.3915249269603291 0.9077210426165108
v 0.18062386511602072 0.40931618867728337 0.8943351033238337
v 0.21000216035494146 0.42644783923370977 0.8797961883636218
v 0.029635779505784086 0.34800246133577034 0.9370250836969788
v 0.059431274270928335 0.3673054749415084 0.928199661558076
v 0.08926742639811033 0.3861921252158325 0.918088758783995
v 0.11902323519748045 0.4045822264165865 0.9067230511853789
v 0.14857818567732084 0.42240129618273464 0.8941485713929096
v 0.17781467703470452 0.43958205642413106 0.880425781256419
v 0.02924592921647469 0.3795745440554537 0.9246987839990704
v 0.058606854109980164 0.39843130595041626 0.9153238394633767
v 0.08796800548207327 0.4168153327135141 0.9047246036371667
v 0.11721370821996033 0.43465233376409046 0.8929380131670707
v 0.14622964608237346 0.4518744572088735 0.8800149802865913
v 0.028834371857448447 0.4098743025996013 0.9116861494330584
v 0.05774214010187858 0.4282392619934313 0.9018187066942981
v 0.08661321015281787 0.446082564576491 0.8907909392264183
v 0.11533748742979379 0.463336168156071 0.8786448994171827
v 0.02840463434698674 0.438875736611262 0.8980986942210395
v 0.05684431595379255 0.456712351246862 0.88779645863357
v 0.08521390304096021 0.47398579554016296 0.8763994844559669
v 0.027960098881803612 0.4665678688195891 0.8840433567736745
v 0.055920197763607224 0.48384816025735167 0.8733635493296334
v 0.02750395809218742 0.4929530468576116 0.8696210817839346
v -0.5374553858759236 -0.8421171236917472 0.04450233901831196
v -0.5290885505769178 -0.8454034504478299 0.07320048920136979
v -0.5199454593516001 -0.8479948501089801 0.1027689325054107
v -0.509991161865676 -0.8498105275597344 0.13315810928195035
v -0.4991953647137031 -0.8507690510701167 0.1643046243707284
v -0.4875337549475872 -0.8507900017506349 0.19613059605237665
v -0.47498935825730987 -0.8497958797414874 0.2285433707564071
v -0.4615538714284841 -0.8477142231586663 0.2614356892696124
v -0.44722889671818655 -0.8444798709354596 0.2946863782482369
v -0.4320269974910168 -0.8400372760213961 0.32816161922663917
v -0.4159724918168248 -0.8343427539370007 0.3617168160377992
v -0.39910190544614654 -0.8273665368099231 0.39519904204895195
v -0.381464018674927 -0.8190944979812843 0.4284500038897919
v -0.3631194630777124 -0.8095294195516689 0.4613094128830364
v -0.34413985264854857 -0.7986916959186995 0.49361861461005196
v -0.324606466978598 -0.7866193996593099 0.5252242965393921
v -0.30460853813840943 -0.7733676792259858 0.5559820781480225
v -0.28424122384908457 -0.7590075062976563 0.5857597903992625
v -0.2636033734499631 -0.7436238386105666 0.6144402722444919
v -0.2427952071340601 -0.7273133059236357 0.641923548733929
v -0.22191603140241004 -0.7101815575695606 0.6681283037670814
v -0.20106210484610157 -0.6923404266569897 0.692992614398792
v -0.1803247499401021 -0.6739050674525727 0.716473966464088
v -0.159788781432394 -0.654991209990117 0.7385486173326935
v -0.13953129361181685 -0.6357126524765078 0.7592104066622744
v -0.1196208206582494 -0.6161790815796019 0.7784691379166969
v -0.10011685926607475 -0.5964942774380213 0.7963486620032646
v -0.08106972274033818 -0.5767547280455737 0.8128847911800792
v -0.06252068175732874 -0.5570486494587215 0.8281231590100674
v -0.04450233901831196 -0.5374553858759236 0.8421171236917472
v -0.5570486494587215 -0.8281231590100674 0.06252068175732874
v -0.5486883865273363 -0.8309521426797776 0.09197603528047425
v -0.5395113098444888 -0.8330487991245398 0.12229981531893715
v -0.5294802156877448 -0.8343311590570904 0.15343473603363453
v -0.5185631179478138 -0.8347172971219813 0.18530873317147167
v -0.5067347063229826 -0.8341271482851601 0.21783442772304645
v -0.49397782935020945 -0.8324845753740931 0.2509090191178291
v -0.4802849312986796 -0.8297196305630133 0.28441469621979637
v -0.4656593593615154 -0.8257709268677065 0.31821963701046474
v -0.4501164498520926 -0.8205880105062009 0.3521796396528679
v -0.43368430145890985 -0.8141336047890234 0.38614038926448463
v -0.41640415178443424 -0.8063855847111235 0.41994031855346436
v -0.3983302912076777 -0.7973385418711488 0.45341397061978256
v -0.3795294750704596 -0.7870048138235298 0.48639572425272454
v -0.36007982928845783 -0.7754148807491634 0.5187237022272607
v -0.34006928232063244 -0.7626170735015146 0.550243657324567
v -0.3195935936139404 -0.7486765865962971 0.5808126234883714
v -0.29875408053048286 -0.7336738418973348 0.6103021326212047
v -0.27765516828743514 -0.7177022972538684 0.6386008299711143
v -0.2564018978513176 -0.7008658332542629 0.6656163689055808
v -0.23509752410317752 -0.6832758761694998 0.6912765229670094
v -0.21384132193066907 -0.665048423888383 0.7155295122624376
v -0.1927266938377704 -0.6463011344779054 0.738343595526456
v -0.17183964285975084 -0.6271506164003298 0.7597060230711086
v -0.15125764300630543 -0.6077100293542063 0.779621475880755
v -0.13104890973732858 -0.588087069797725 0.7981101312434162
v -0.1112720478510575 -0.5683823798954282 0.8152054965414801
v -0.09197603528047425 -0.5486883865273363 0.8309521426797776
v -0.07320048920136979 -0.5290885505769178 0.8454034504478299
v -0.5767547280455737 -0.8128847911800792 0.08106972274033818
v -0.5683823798954282 -0.8152054965414801 0.1112720478510575
v -0.5591505555060458 -0.8167565981550934 0.14233522279253163
v -0.5490199564169586 -0.8174556247872685 0.17419353879974223
v -0.5379571507067523 -0.8172209512929919 0.2067656179621024
v -0.52593617046503 -0.8159737780817069 0.2399540332639651
v -0.5129401188700615 -0.8136403475009072 0.2736454263680833
v -0.4989627040324959 -0.810154325170865 0.3077112110267028
v -0.48400960402722376 -0.8054592464204918 0.3420089261483442
v -0.46809956109079015 -0.7995109032905102 0.3763842669748591
v -0.4512651052135666 -0.7922795300025869 0.4106737770487285
v -0.4335528199869782 -0.7837516381807692 0.4447081311717827
v -0.41502308702074764 -0.7739313604602943 0.4783158857239084
v -0.3957492783478623 -0.76284118382526 0.5113275241439893
v -0.3758164060869762 -0.7505219912746225 0.5435795889555131
v -0.35531928087856685 -0.7370323790066918 0.5749186733196917
v -0.33436027008112207 -0.72244727090818 0.6052050483502281
v -0.31304677831715744 -0.7068559061124624 0.6343157278352621
v -0.2914885926385807 -0.6903593220010092 0.6621468167165695
v -0.2697952400751782 -0.6730674886196873 0.6886150479011942
v -0.24807349655238164 -0.6550962675376302 0.713658476140052
v -0.2264251651128704 -0.6365643677938587 0.7372363598323229
v -0.2049452116202948 -0.6175904554342418 0.7593283147561654
v -0.18372031202835923 -0.5982905449224315 0.7799328630110558
v -0.16282783120112607 -0.5787757652163287 0.7990655235865146
v -0.14233522279253166 -0.5591505555060459 0.8167565981550935
v -0.12229981531893715 -0.5395113098444888 0.8330487991245398
v -0.1027689325054107 -0.5199454593516001 0.8479948501089801
v -0.5964942774380213 -0.7963486620032646 0.10011685926607475
v -0.588087069797725 -0.7981101312434162 0.13104890973732858
v -0.5787757652163287 -0.7990655235865146 0.16282783120112607
v -0.5685192202902353 -0.7991326580327285 0.1953788397604234
v -0.5572829033475702 -0.7982311213841842 0.22861067886310696
v -0.5450406320940104 -0.7962843997341675 0.2624154418218521
v -0.5317762989574304 -0.7932222225828035 0.2966689627647877
v -0.5174854883476929 -0.7889830317777987 0.33123185975425573
v -0.5021768778261597 -0.7835164594263934 0.3659512825291082
v -0.4858733109364552 -0.7767856760893116 0.4006633738465717
v -0.4686124356756582 -0.7687694571591907 0.43519640034045604
v -0.45044682073866027 -0.7594638151136077 0.46937445096587566
v -0.43144349161248846 -0.7488830607942988 0.5030215450660013
v -0.4116828682742966 -0.7370601884122976 0.5359659453986574
v -0.39125713171641757 -0.7240465244943912 0.5680444412619797
v -0.37026809244319614 -0.709910635852268 0.5991063585226795
v -0.3488246745854681 -0.6947365493692012 0.6290170692206356
v -0.32704015903507644 -0.6786213896739846 0.6576608121632775
v -0.3050293442571917 -0.6616725828825603 0.6849426926419094
v -0.28290578270064953 -0.6440048006169802 0.7107897965621176
v -0.2607792349650635 -0.6257368261840904 0.7351514231558677
v -0.23875345619378233 -0.6069885147096089 0.7579985027466392
v -0.2169243940229478 -0.5878779942613195 0.779322315310594
v -0.1953788397604234 -0.5685192202902353 0.7991326580327285
v -0.17419353879974223 -0.5490199564169586 0.8174556247872685
v -0.15343473603363453 -0.5294802156877448 0.8343311590570904
v -0.13315810928195035 -0.509991161865676 0.8498105275597344
v -0.6161790815796019 -0.7784691379166969 0.1196208206582494
v -0.6077100293542063 -0.779621475880755 0.15125764300630543
v -0.5982905449224315 -0.7799328630110558 0.18372031202835923
v -0.5878779942613195 -0.779322315310594 0.2169243940229478
v -0.5764372020129719 -0.7777116489877878 0.25076830574088144
v -0.5639423251810348 -0.7750277444673128 0.28513338839097324
v -0.5503786847158161 -0.7712049876331988 0.31988462054335476
v -0.5357444455401215 -0.7661877842999592 0.354872044915385
v -0.5200520247535678 -0.7599330169554005 0.3899329446081433
v -0.5033291068202423 -0.7524122933676713 0.42489475287032935
v -0.4856191559237104 -0.7436138289995902 0.459578620826199
v -0.4669813403819431 -0.7335438127391466 0.49380350598917355
v -0.44748982110672614 -0.7222271298680454 0.5273905885474597
v -0.4272324024337953 -0.7097073566038372 0.5601677804845986
v -0.40630859416315374 -0.6960459933851381 0.5919740715619715
v -0.3848271820485508 -0.6813209633515501 0.6226634603493987
v -0.3629034438757221 -0.6656244607752212 0.6521082484072999
v -0.34065617440559304 -0.6490602839996624 0.6802015279118562
v -0.3182046917040229 -0.6317408225249649 0.7068587605264778
v -0.29566598929128385 -0.6137838844947381 0.7320184191063477
v -0.2731521753100433 -0.5953095482533642 0.7556417344759133
v -0.25076830574088144 -0.5764372020129719 0.7777116489877878
v -0.22861067886310696 -0.5572829033475702 0.7982311213841842
v -0.2067656179621024 -0.5379571507067523 0.8172209512929919
v -0.18530873317147167 -0.5185631179478138 0.8347172971219813
v -0.16430462437072837 -0.49919536471370307 0.8507690510701166
v -0.6357126524765078 -0.7592104066622744 0.13953129361181685
v -0.6271506164003298 -0.7597060230711085 0.1718396428597508
v -0.617590455434242 -0.7593283147561655 0.20494521162029483
v -0.6069885147096088 -0.757998502746639 0.23875345619378227
v -0.5953095482533642 -0.7556417344759133 0.2731521753100433
v -0.5825287182475782 -0.7521894514797524 0.30801188532169166
v -0.5686335134180427 -0.7475818873792709 0.34318690109079014
v -0.5536254632791322 -0.7417705765237548 0.3785171835103165
v -0.5375215166694247 -0.734720729322077 0.4138309667265571
v -0.5203549566454023 -0.7264133158642744 0.4489481190846347
v -0.5021757415224564 -0.7168466990465948 0.48368412697996593
v -0.4830501939947354 -0.7060376747970781 0.5178545276897595
v -0.4630600048371387 -0.6940218106316585 0.5512795645475929
v -0.4423005703311253 -0.6808530223442 0.5837888038062478
v -0.4208787370304494 -0.6666023870869816 0.6152254434315861
v -0.39891007671252093 -0.6513562523061036 0.6454500625756868
v -0.37651585173503294 -0.6352137560113458 0.6743436049716801
v -0.3538198516892101 -0.6182839174182231 0.7018094542057703
v -0.330945284051252 -0.6006824829048134 0.7277745349320384
v -0.30801188532169166 -0.5825287182475782 0.7521894514797524
v -0.28513338839097324 -0.5639423251810348 0.7750277444673128
v -0.2624154418218521 -0.5450406320940104 0.7962843997341675
v -0.2399540332639651 -0.52593617046503 0.8159737780817069
v -0.21783442772304645 -0.5067347063229826 0.8341271482851601
v -0.19613059605237665 -0.4875337549475872 0.8507900017506349
v -0.654991209990117 -0.7385486173326935 0.159788781432394
v -0.6463011344779054 -0.738343595526456 0.1927266938377704
v -0.6365643677938587 -0.7372363598323229 0.2264251651128704
v -0.6257368261840904 -0.7351514231558677 0.2607792349650635
v -0.6137838844947381 -0.7320184191063477 0.29566598929128385
v -0.6006824829048134 -0.7277745349320384 0.330945284051252
v -0.5864231044008367 -0.7223670166098651 0.36646123388299656
v -0.5710114865080222 -0.7157556125791343 0.402044506662343
v -0.554469926322179 -0.7079148025100048 0.4375154090903523
v -0.5368380474032317 -0.6988356496797788 0.4726876829333795
v -0.5181729222368786 -0.6885271236113095 0.5073728635944478
v -0.4985484841249615 -0.6770167653303454 0.5413849909614589
v -0.47805421428599587 -0.6643506099952529 0.5745454161355171
v -0.45679314796703496 -0.6505923368907499 0.6066874245848513
v -0.4348793002003278 -0.6358216784580258 0.6376604013580365
v -0.4124346598709157 -0.6201321802419765 0.6673332978096439
v -0.389585933532735 -0.6036284544126622 0.6955972178041024
v -0.36646123388299656 -0.5864231044008367 0.7223670166098651
v -0.34318690109079014 -0.5686335134180427 0.7475818873792709
v -0.31988462054335476 -0.5503786847158161 0.7712049876331988
v -0.2966689627647877 -0.5317762989574304 0.7932222225828035
v -0.2736454263680833 -0.5129401188700615 0.8136403475009072
v -0.2509090191178291 -0.49397782935020945 0.8324845753740931
v -0.2285433707564071 -0.47498935825730987 0.8497958797414874
v -0.6739050674525727 -0.716473966464088 0.1803247499401021
v -0.665048423888383 -0.7155295122624376 0.21384132193066907
v -0.6550962675376302 -0.713658476140052 0.24807349655238164
v -0.6440048006169802 -0.7107897965621176 0.28290578270064953
v -0.6317408225249649 -0.7068587605264778 0.3182046917040229
v -0.6182839174182231 -0.7018094542057703 0.3538198516892101
v -0.6036284544126622 -0.6955972178041024 0.389585933532735
v -0.5877852522924731 -0.6881909602355868 0.42532540417601994
v -0.5707827613698738 -0.6795751750063787 0.4608520596005095
v -0.5526676317942218 -0.6697514988109495 0.49597521975140363
v -0.5335045709944544 -0.6587396716129896 0.5305043993891415
v -0.5133754412304479 -0.6465777917977316 0.5642542117657714
v -0.49237760679633114 -0.6333218098844494 0.5970492253158048
v -0.4706216023241698 -0.6190442639564818 0.6287284840759234
v -0.44822825076214523 -0.6038323219761927 0.6591494232384238
v -0.42532540417601994 -0.5877852522924731 0.6881909602355868
v -0.402044506662343 -0.5710114865080222 0.7157556125791343
v -0.3785171835103165 -0.5536254632791322 0.7417705765237548
v -0.354872044915385 -0.5357444455401215 0.7661877842999592
v -0.33123185975425573 -0.5174854883476929 0.7889830317777987
v -0.3077112110267028 -0.4989627040324959 0.810154325170865
v -0.2844146962197964 -0.48028493129867966 0.8297196305630135
v -0.2614356892696124 -0.4615538714284841 0.8477142231586663
v -0.6923404266569897 -0.692992614398792 0.20106210484610157
v -0.6832758761694998 -0.6912765229670094 0.23509752410317752
v -0.6730674886196873 -0.6886150479011942 0.2697952400751782
v -0.6616725828825603 -0.6849426926419094 0.3050293442571917
v -0.6490602839996624 -0.6802015279118562 0.34065617440559304
v -0.6352137560113458 -0.6743436049716801 0.37651585173503294
v -0.6201321802419765 -0.6673332978096439 0.4124346598709157
v -0.6038323219761927 -0.6591494232384238 0.44822825076214523
v -0.5863495358480963 -0.6497869809420724 0.48370559352658776
v -0.5677380850932607 -0.639258364474689 0.5186735102005721
v -0.5480706918256376 -0.6275939206846387 0.5529415769151841
v -0.5274372914757286 -0.614841777964911 0.5863271199848208
v -0.5059430284119877 -0.6010669191089361 0.618660012247598
v -0.48370559352658776 -0.5863495358480963 0.6497869809420724
v -0.4608520596005095 -0.5707827613698738 0.6795751750063787
v -0.4375154090903523 -0.554469926322179 0.7079148025100048
v -0.4138309667265571 -0.5375215166694247 0.734720729322077
v -0.3899329446081433 -0.5200520247535678 0.7599330169554005
v -0.3659512825291082 -0.5021768778261597 0.7835164594263934
v -0.3420089261483442 -0.48400960402722376 0.8054592464204918
v -0.31821963701046474 -0.4656593593615154 0.8257709268677065
v -0.2946863782482369 -0.44722889671818655 0.8444798709354596
v -0.7101815575695606 -0.6681283037670814 0.22191603140241004
v -0.7008658332542629 -0.6656163689055808 0.2564018978513176
v -0.6903593220010092 -0.6621468167165695 0.2914885926385807
v -0.6786213896739846 -0.6576608121632775 0.32704015903507644
v -0.6656244607752212 -0.6521082484072999 0.3629034438757221
v -0.6513562523061036 -0.6454500625756868 0.39891007671252093
v -0.6358216784580258 -0.6376604013580365 0.4348793002003278
v -0.6190442639564818 -0.6287284840759234 0.4706216023241698
v -0.6010669191089362 -0.618660012247598 0.5059430284119878
v -0.5819519632455794 -0.6074779927073496 0.5406499799786041
v -0.5617803336943765 -0.5952228762781367 0.5745542482911573
v -0.5406499799786041 -0.5819519632455794 0.6074779927073496
v -0.5186735102005721 -0.5677380850932607 0.639258364474689
v -0.4959752197514036 -0.5526676317942217 0.6697514988109494
v -0.4726876829333795 -0.5368380474032317 0.6988356496797788
v -0.4489481190846347 -0.5203549566454023 0.7264133158642744
v -0.42489475287032935 -0.5033291068202423 0.7524122933676713
v -0.4006633738465717 -0.4858733109364552 0.7767856760893116
v -0.3763842669748591 -0.46809956109079015 0.7995109032905102
v -0.3521796396528679 -0.4501164498520926 0.8205880105062009
v -0.32816161922663917 -0.4320269974910168 0.8400372760213961
v -0.7273133059236357 -0.641923548733929 0.2427952071340601
v -0.7177022972538684 -0.6386008299711143 0.27765516828743514
v -0.7068559061124624 -0.6343157278352621 0.31304677831715744
v -0.6947365493692012 -0.6290170692206356 0.3488246745854681
v -0.6813209633515501 -0.6226634603493987 0.3848271820485508
v -0.6666023870869816 -0.6152254434315861 0.4208787370304494
v -0.6505923368907498 -0.6066874245848511 0.4567931479670349
v -0.6333218098844494 -0.5970492253158048 0.49237760679633114
v -0.614841777964911 -0.5863271199848208 0.5274372914757286
v -0.5952228762781367 -0.5745542482911573 0.5617803336943765
v -0.5745542482911573 -0.5617803336943765 0.5952228762781367
v -0.5529415769151841 -0.5480706918256376 0.6275939206846387
v -0.5305043993891415 -0.5335045709944544 0.6587396716129896
v -0.5073728635944478 -0.5181729222368786 0.6885271236113095
v -0.48368412697996593 -0.5021757415224564 0.7168466990465948
v -0.459578620826199 -0.4856191559237104 0.7436138289995902
v -0.43519640034045604 -0.4686124356756582 0.7687694571591907
v -0.4106737770487285 -0.4512651052135666 0.7922795300025869
v -0.38614038926448463 -0.43368430145890985 0.8141336047890234
v -0.3617168160377992 -0.4159724918168248 0.8343427539370007
v -0.7436238386105666 -0.6144402722444919 0.2636033734499631
v -0.7336738418973348 -0.6103021326212047 0.29875408053048286
v -0.72244727090818 -0.6052050483502281 0.33436027008112207
v -0.709910635852268 -0.5991063585226795 0.37026809244319614
v -0.6960459933851381 -0.5919740715619715 0.40630859416315374
v -0.6808530223442 -0.5837888038062478 0.4423005703311253
v -0.6643506099952529 -0.5745454161355171 0.47805421428599587
v -0.6465777917977316 -0.5642542117657714 0.5133754412304479
v -0.6275939206846387 -0.5529415769151841 0.5480706918256376
v -0.6074779927073496 -0.5406499799786041 0.5819519632455794
v -0.5863271199848208 -0.5274372914757286 0.614841777964911
v -0.5642542117657714 -0.5133754412304479 0.6465777917977316
v -0.5413849909614589 -0.4985484841249615 0.6770167653303454
v -0.5178545276897595 -0.48305019399473537 0.706037674797078
v -0.49380350598917355 -0.4669813403819431 0.7335438127391466
v -0.46937445096587566 -0.45044682073866027 0.7594638151136077
v -0.4447081311717827 -0.4335528199869782 0.7837516381807692
v -0.4199403185534644 -0.4164041517844343 0.8063855847111236
v -0.39519904204895195 -0.39910190544614654 0.8273665368099231
v -0.7590075062976563 -0.5857597903992625 0.28424122384908457
v -0.7486765865962971 -0.5808126234883714 0.3195935936139404
v -0.7370323790066918 -0.5749186733196917 0.35531928087856685
v -0.7240465244943912 -0.5680444412619797 0.39125713171641757
v -0.7097073566038372 -0.5601677804845986 0.4272324024337953
v -0.6940218106316585 -0.5512795645475929 0.4630600048371387
v -0.6770167653303454 -0.5413849909614589 0.4985484841249615
v -0.6587396716129896 -0.5305043993891415 0.5335045709944544
v -0.639258364474689 -0.5186735102005721 0.5677380850932607
v -0.618660012247598 -0.5059430284119877 0.6010669191089361
v -0.5970492253158048 -0.49237760679633114 0.6333218098844494
v -0.5745454161355171 -0.47805421428599587 0.6643506099952529
v -0.5512795645475929 -0.4630600048371387 0.6940218106316585
v -0.5273905885474597 -0.44748982110672614 0.7222271298680454
v -0.5030215450660013 -0.43144349161248846 0.7488830607942988
v -0.4783158857239084 -0.41502308702074764 0.7739313604602943
v -0.4534139706197825 -0.39833029120767766 0.7973385418711487
v -0.4284500038897919 -0.381464018674927 0.8190944979812843
v -0.7733676792259858 -0.5559820781480225 0.30460853813840943
v -0.7626170735015145 -0.5502436573245669 0.3400692823206324
v -0.7505219912746225 -0.5435795889555131 0.3758164060869762
v -0.7370601884122976 -0.5359659453986574 0.4116828682742966
v -0.7222271298680454 -0.5273905885474597 0.44748982110672614
v -0.7060376747970781 -0.5178545276897595 0.4830501939947354
v -0.6885271236113095 -0.5073728635944478 0.5181729222368786
v -0.6697514988109495 -0.49597521975140363 0.5526676317942218
v -0.6497869809420724 -0.48370559352658776 0.5863495358480963
v -0.6287284840759234 -0.4706216023241698 0.6190442639564818
v -0.6066874245848513 -0.45679314796703496 0.6505923368907499
v -0.5837888038062478 -0.4423005703311253 0.6808530223442
v -0.5601677804845986 -0.4272324024337953 0.7097073566038372
v -0.5359659453986574 -0.4116828682742966 0.7370601884122976
v -0.5113275241439893 -0.3957492783478623 0.76284118382526
v -0.4863957242527245 -0.37952947507045953 0.7870048138235297
v -0.4613094128830364 -0.3631194630777124 0.8095294195516689
v -0.7866193996593099 -0.5252242965393921 0.324606466978598
v -0.7754148807491633 -0.5187237022272607 0.3600798292884578
v -0.76284118382526 -0.5113275241439893 0.3957492783478623
v -0.7488830607942988 -0.5030215450660013 0.43144349161248846
v -0.7335438127391466 -0.49380350598917355 0.4669813403819431
v -0.7168466990465948 -0.48368412697996593 0.5021757415224564
v -0.6988356496797787 -0.4726876829333794 0.5368380474032317
v -0.6795751750063787 -0.4608520596005095 0.5707827613698738
v -0.6591494232384238 -0.44822825076214523 0.6038323219761927
v -0.6376604013580364 -0.43487930020032767 0.6358216784580258
v -0.6152254434315861 -0.4208787370304494 0.6666023870869816
v -0.5919740715619715 -0.40630859416315374 0.6960459933851381
v -0.5680444412619797 -0.39125713171641757 0.7240465244943912
v -0.5435795889555131 -0.3758164060869762 0.7505219912746225
v -0.5187237022272607 -0.36007982928845783 0.7754148807491634
v -0.49361861461005196 -0.34413985264854857 0.7986916959186995
v -0.7986916959186995 -0.49361861461005196 0.34413985264854857
v -0.7870048138235298 -0.48639572425272454 0.3795294750704596
v -0.7739313604602943 -0.4783158857239084 0.41502308702074764
v -0.7594638151136077 -0.46937445096587566 0.45044682073866027
v -0.7436138289995902 -0.459578620826199 0.4856191559237104
v -0.7264133158642744 -0.4489481190846347 0.5203549566454023
v -0.7079148025100048 -0.4375154090903523 0.554469926322179
v -0.6881909602355868 -0.42532540417601994 0.5877852522924731
v -0.6673332978096439 -0.4124346598709157 0.6201321802419765
v -0.6454500625756868 -0.39891007671252093 0.6513562523061036
v -0.6226634603493987 -0.3848271820485508 0.6813209633515501
v -0.5991063585226795 -0.37026809244319614 0.709910635852268
v -0.5749186733196917 -0.35531928087856685 0.7370323790066918
v -0.5502436573245669 -0.3400692823206324 0.7626170735015145
v -0.5252242965393921 -0.324606466978598 0.7866193996593099
v -0.8095294195516689 -0.4613094128830364 0.3631194630777124
v -0.7973385418711487 -0.4534139706197825 0.39833029120767766
v -0.7837516381807692 -0.4447081311717827 0.4335528199869782
v -0.7687694571591907 -0.43519640034045604 0.4686124356756582
v -0.7524122933676713 -0.42489475287032935 0.5033291068202423
v -0.734720729322077 -0.4138309667265571 0.5375215166694247
v -0.7157556125791343 -0.402044506662343 0.5710114865080222
v -0.6955972178041024 -0.389585933532735 0.6036284544126622
v -0.6743436049716801 -0.37651585173503294 0.6352137560113458
v -0.6521082484072998 -0.36290344387572204 0.6656244607752212
v -0.6290170692206356 -0.3488246745854681 0.6947365493692012
v -0.6052050483502281 -0.33436027008112207 0.72244727090818
v -0.5808126234883714 -0.3195935936139404 0.7486765865962971
v -0.5559820781480225 -0.30460853813840943 0.7733676792259858
v -0.8190944979812843 -0.4284500038897919 0.381464018674927
v -0.8063855847111235 -0.41994031855346436 0.41640415178443424
v -0.7922795300025869 -0.4106737770487285 0.4512651052135666
v -0.7767856760893116 -0.4006633738465717 0.4858733109364552
v -0.7599330169554005 -0.3899329446081433 0.5200520247535678
v -0.7417705765237548 -0.3785171835103165 0.5536254632791322
v -0.7223670166098651 -0.36646123388299656 0.5864231044008367
v -0.7018094542057703 -0.3538198516892101 0.6182839174182231
v -0.6802015279118562 -0.34065617440559304 0.6490602839996624
v -0.6576608121632775 -0.32704015903507644 0.6786213896739846
v -0.6343157278352621 -0.31304677831715744 0.7068559061124624
v -0.6103021326212047 -0.29875408053048286 0.7336738418973348
v -0.5857597903992625 -0.28424122384908457 0.7590075062976563
v -0.827366536809923 -0.3951990420489519 0.3991019054461465
v -0.8141336047890234 -0.38614038926448463 0.43368430145890985
v -0.7995109032905102 -0.3763842669748591 0.46809956109079015
v -0.7835164594263934 -0.3659512825291082 0.5021768778261597
v -0.7661877842999592 -0.354872044915385 0.5357444455401215
v -0.7475818873792709 -0.34318690109079014 0.5686335134180427
v -0.7277745349320384 -0.330945284051252 0.6006824829048134
v -0.7068587605264778 -0.3182046917040229 0.6317408225249649
v -0.6849426926419094 -0.3050293442571917 0.6616725828825603
v -0.6621468167165695 -0.2914885926385807 0.6903593220010092
v -0.6386008299711143 -0.27765516828743514 0.7177022972538684
v -0.6144402722444919 -0.26360337344996304 0.7436238386105665
v -0.8343427539370007 -0.3617168160377992 0.4159724918168248
v -0.8205880105062009 -0.3521796396528679 0.4501164498520926
v -0.8054592464204918 -0.3420089261483442 0.48400960402722376
v -0.7889830317777987 -0.33123185975425573 0.5174854883476929
v -0.7712049876331988 -0.31988462054335476 0.5503786847158161
v -0.7521894514797524 -0.30801188532169166 0.5825287182475782
v -0.7320184191063477 -0.29566598929128385 0.6137838844947381
v -0.7107897965621175 -0.28290578270064953 0.6440048006169802
v -0.6886150479011942 -0.2697952400751782 0.6730674886196873
v -0.6656163689055808 -0.2564018978513176 0.7008658332542629
v -0.641923548733929 -0.2427952071340601 0.7273133059236357
v -0.8400372760213961 -0.32816161922663917 0.4320269974910168
v -0.8257709268677065 -0.31821963701046474 0.4656593593615154
v -0.810154325170865 -0.3077112110267028 0.4989627040324959
v -0.7932222225828035 -0.2966689627647877 0.5317762989574304
v -0.7750277444673128 -0.28513338839097324 0.5639423251810348
v -0.7556417344759133 -0.2731521753100433 0.5953095482533642
v -0.7351514231558677 -0.2607792349650635 0.6257368261840904
v -0.713658476140052 -0.24807349655238164 0.6550962675376302
v -0.6912765229670094 -0.23509752410317752 0.6832758761694998
v -0.6681283037670814 -0.22191603140241004 0.7101815575695606
v -0.8444798709354596 -0.2946863782482369 0.44722889671818655
v -0.8297196305630133 -0.28441469621979637 0.4802849312986796
v -0.8136403475009072 -0.2736454263680833 0.5129401188700615
v -0.7962843997341675 -0.2624154418218521 0.5450406320940104
v -0.7777116489877878 -0.25076830574088144 0.5764372020129719
v -0.757998502746639 -0.23875345619378227 0.6069885147096088
v -0.7372363598323228 -0.22642516511287036 0.6365643677938586
v -0.7155295122624374 -0.21384132193066904 0.6650484238883829
v -0.692992614398792 -0.20106210484610157 0.6923404266569897
v -0.8477142231586662 -0.2614356892696124 0.46155387142848403
v -0.8324845753740931 -0.2509090191178291 0.49397782935020945
v -0.8159737780817069 -0.2399540332639651 0.52593617046503
v -0.7982311213841842 -0.22861067886310696 0.5572829033475702
v -0.7793223153105939 -0.21692439402294778 0.5878779942613194
v -0.7593283147561654 -0.2049452116202948 0.6175904554342418
v -0.738343595526456 -0.1927266938377704 0.6463011344779054
v -0.716473966464088 -0.1803247499401021 0.6739050674525727
v -0.8497958797414874 -0.2285433707564071 0.47498935825730987
v -0.8341271482851601 -0.21783442772304645 0.5067347063229826
v -0.8172209512929919 -0.2067656179621024 0.5379571507067523
v -0.7991326580327285 -0.1953788397604234 0.5685192202902353
v -0.7799328630110558 -0.18372031202835923 0.5982905449224315
v -0.7597060230711085 -0.1718396428597508 0.6271506164003298
v -0.7385486173326934 -0.15978878143239397 0.6549912099901168
v -0.8507900017506349 -0.19613059605237665 0.4875337549475872
v -0.8347172971219813 -0.18530873317147167 0.5185631179478138
v -0.8174556247872685 -0.17419353879974223 0.5490199564169586
v -0.7990655235865146 -0.16282783120112607 0.5787757652163287
v -0.779621475880755 -0.15125764300630543 0.6077100293542063
v -0.7592104066622742 -0.13953129361181682 0.6357126524765077
v -0.8507690510701167 -0.1643046243707284 0.4991953647137031
v -0.8343311590570904 -0.15343473603363453 0.5294802156877448
v -0.8167565981550934 -0.14233522279253163 0.5591505555060458
v -0.7981101312434162 -0.13104890973732858 0.588087069797725
v -0.7784691379166969 -0.1196208206582494 0.6161790815796019
v -0.8498105275597344 -0.13315810928195035 0.509991161865676
v -0.8330487991245398 -0.12229981531893715 0.5395113098444888
v -0.8152054965414801 -0.1112720478510575 0.5683823798954282
v -0.7963486620032646 -0.10011685926607475 0.5964942774380213
v -0.8479948501089801 -0.1027689325054107 0.5199454593516001
v -0.8309521426797775 -0.09197603528047425 0.5486883865273363
v -0.8128847911800792 -0.08106972274033818 0.5767547280455737
v -0.8454034504478299 -0.07320048920136979 0.5290885505769178
v -0.8281231590100674 -0.06252068175732874 0.5570486494587215
v -0.8421171236917472 -0.04450233901831196 0.5374553858759236
v -0.04450233901831196 -0.5374553858759236 -0.8421171236917472
v -0.06252068175732874 -0.5570486494587215 -0.8281231590100674
v -0.08106972274033818 -0.5767547280455737 -0.8128847911800792
v -0.10011685926607475 -0.5964942774380213 -0.7963486620032646
v -0.1196208206582494 -0.6161790815796019 -0.7784691379166969
v -0.13953129361181685 -0.6357126524765078 -0.7592104066622744
v -0.159788781432394 -0.654991209990117 -0.7385486173326935
v -0.1803247499401021 -0.6739050674525727 -0.716473966464088
v -0.20106210484610157 -0.6923404266569897 -0.692992614398792
v -0.22191603140241004 -0.7101815575695606 -0.6681283037670814
v -0.2427952071340601 -0.7273133059236357 -0.641923548733929
v -0.2636033734499631 -0.7436238386105666 -0.6144402722444919
v -0.28424122384908457 -0.7590075062976563 -0.5857597903992625
v -0.30460853813840943 -0.7733676792259858 -0.5559820781480225
v -0.324606466978598 -0.7866193996593099 -0.5252242965393921
v -0.34413985264854857 -0.7986916959186995 -0.49361861461005196
v -0.3631194630777124 -0.8095294195516689 -0.4613094128830364
v -0.381464018674927 -0.8190944979812843 -0.4284500038897919
v -0.39910190544614654 -0.8273665368099231 -0.39519904204895195
v -0.4159724918168248 -0.8343427539370007 -0.3617168160377992
v -0.4320269974910168 -0.8400372760213961 -0.32816161922663917
v -0.44722889671818655 -0.8444798709354596 -0.2946863782482369
v -0.4615538714284841 -0.8477142231586663 -0.2614356892696124
v -0.47498935825730987 -0.8497958797414874 -0.2285433707564071
v -0.4875337549475872 -0.8507900017506349 -0.19613059605237665
v -0.4991953647137031 -0.8507690510701167 -0.1643046243707284
v -0.509991161865676 -0.8498105275597344 -0.13315810928195035
v -0.5199454593516001 -0.8479948501089801 -0.1027689325054107
v -0.5290885505769178 -0.8454034504478299 -0.07320048920136979
v -0.5374553858759236 -0.8421171236917472 -0.04450233901831196
v -0.07320048920136979 -0.5290885505769178 -0.8454034504478299
v -0.09197603528047425 -0.5486883865273363 -0.8309521426797776
v -0.1112720478510575 -0.5683823798954282 -0.8152054965414801
v -0.13104890973732858 -0.588087069797725 -0.7981101312434162
v -0.15125764300630543 -0.6077100293542063 -0.779621475880755
v -0.17183964285975084 -0.6271506164003298 -0.7597060230711086
v -0.1927266938377704 -0.6463011344779054 -0.738343595526456
v -0.21384132193066907 -0.665048423888383 -0.7155295122624376
v -0.23509752410317752 -0.6832758761694998 -0.6912765229670094
v -0.2564018978513176 -0.7008658332542629 -0.6656163689055808
v -0.27765516828743514 -0.7177022972538684 -0.6386008299711143
v -0.29875408053048286 -0.7336738418973348 -0.6103021326212047
v -0.3195935936139404 -0.7486765865962971 -0.5808126234883714
v -0.34006928232063244 -0.7626170735015146 -0.550243657324567
v -0.36007982928845783 -0.7754148807491634 -0.5187237022272607
v -0.3795294750704596 -0.7870048138235298 -0.48639572425272454
v -0.3983302912076777 -0.7973385418711488 -0.45341397061978256
v -0.41640415178443424 -0.8063855847111235 -0.41994031855346436
v -0.43368430145890985 -0.8141336047890234 -0.38614038926448463
v -0.4501164498520926 -0.8205880105062009 -0.3521796396528679
v -0.4656593593615154 -0.8257709268677065 -0.31821963701046474
v -0.4802849312986796 -0.8297196305630133 -0.28441469621979637
v -0.49397782935020945 -0.8324845753740931 -0.2509090191178291
v -0.5067347063229826 -0.8341271482851601 -0.21783442772304645
v -0.5185631179478138 -0.8347172971219813 -0.18530873317147167
v -0.5294802156877448 -0.8343311590570904 -0.15343473603363453
v -0.5395113098444888 -0.8330487991245398 -0.12229981531893715
v -0.5486883865273363 -0.8309521426797776 -0.09197603528047425
v -0.5570486494587215 -0.8281231590100674 -0.06252068175732874
v -0.1027689325054107 -0.5199454593516001 -0.8479948501089801
v -0.12229981531893715 -0.5395113098444888 -0.8330487991245398
v -0.14233522279253166 -0.5591505555060459 -0.8167565981550935
v -0.16282783120112607 -0.5787757652163287 -0.7990655235865146
v -0.18372031202835923 -0.5982905449224315 -0.7799328630110558
v -0.2049452116202948 -0.6175904554342418 -0.7593283147561654
v -0.2264251651128704 -0.6365643677938587 -0.7372363598323229
v -0.24807349655238164 -0.6550962675376302 -0.713658476140052
v -0.2697952400751782 -0.6730674886196873 -0.6886150479011942
v -0.2914885926385807 -0.6903593220010092 -0.6621468167165695
v -0.31304677831715744 -0.7068559061124624 -0.6343157278352621
v -0.33436027008112207 -0.72244727090818 -0.6052050483502281
v -0.35531928087856685 -0.7370323790066918 -0.5749186733196917
v -0.3758164060869762 -0.7505219912746225 -0.5435795889555131
v -0.3957492783478623 -0.76284118382526 -0.5113275241439893
v -0.41502308702074764 -0.7739313604602943 -0.4783158857239084
v -0.4335528199869782 -0.7837516381807692 -0.4447081311717827
v -0.4512651052135666 -0.7922795300025869 -0.4106737770487285
v -0.46809956109079015 -0.7995109032905102 -0.3763842669748591
v -0.48400960402722376 -0.8054592464204918 -0.3420089261483442
v -0.4989627040324959 -0.810154325170865 -0.3077112110267028
v -0.5129401188700615 -0.8136403475009072 -0.2736454263680833
v -0.52593617046503 -0.8159737780817069 -0.2399540332639651
v -0.5379571507067523 -0.8172209512929919 -0.2067656179621024
v -0.5490199564169586 -0.8174556247872685 -0.17419353879974223
v -0.5591505555060458 -0.8167565981550934 -0.14233522279253163
v -0.5683823798954282 -0.8152054965414801 -0.1112720478510575
v -0.5767547280455737 -0.8128847911800792 -0.08106972274033818
v -0.13315810928195035 -0.509991161865676 -0.8498105275597344
v -0.15343473603363453 -0.5294802156877448 -0.8343311590570904
v -0.17419353879974223 -0.5490199564169586 -0.8174556247872685
v -0.1953788397604234 -0.5685192202902353 -0.7991326580327285
v -0.2169243940229478 -0.5878779942613195 -0.779322315310594
v -0.23875345619378233 -0.6069885147096089 -0.7579985027466392
v -0.2607792349650635 -0.6257368261840904 -0.7351514231558677
v -0.28290578270064953 -0.6440048006169802 -0.7107897965621176
v -0.3050293442571917 -0.6616725828825603 -0.6849426926419094
v -0.32704015903507644 -0.6786213896739846 -0.6576608121632775
v -0.3488246745854681 -0.6947365493692012 -0.6290170692206356
v -0.37026809244319614 -0.709910635852268 -0.5991063585226795
v -0.39125713171641757 -0.7240465244943912 -0.5680444412619797
v -0.4116828682742966 -0.7370601884122976 -0.5359659453986574
v -0.43144349161248846 -0.7488830607942988 -0.5030215450660013
v -0.45044682073866027 -0.7594638151136077 -0.46937445096587566
v -0.4686124356756582 -0.7687694571591907 -0.43519640034045604
v -0.4858733109364552 -0.7767856760893116 -0.4006633738465717
v -0.5021768778261597 -0.7835164594263934 -0.3659512825291082
v -0.5174854883476929 -0.7889830317777987 -0.33123185975425573
v -0.5317762989574304 -0.7932222225828035 -0.2966689627647877
v -0.5450406320940104 -0.7962843997341675 -0.2624154418218521
v -0.5572829033475702 -0.7982311213841842 -0.22861067886310696
v -0.5685192202902353 -0.7991326580327285 -0.1953788397604234
v -0.5787757652163287 -0.7990655235865146 -0.16282783120112607
v -0.588087069797725 -0.7981101312434162 -0.13104890973732858
v -0.5964942774380213 -0.7963486620032646 -0.10011685926607475
v -0.16430462437072837 -0.49919536471370307 -0.8507690510701166
v -0.18530873317147167 -0.5185631179478138 -0.8347172971219813
v -0.2067656179621024 -0.5379571507067523 -0.8172209512929919
v -0.22861067886310696 -0.5572829033475702 -0.7982311213841842
v -0.25076830574088144 -0.5764372020129719 -0.7777116489877878
v -0.2731521753100433 -0.5953095482533642 -0.7556417344759133
v -0.29566598929128385 -0.6137838844947381 -0.7320184191063477
v -0.3182046917040229 -0.6317408225249649 -0.7068587605264778
v -0.34065617440559304 -0.6490602839996624 -0.6802015279118562
v -0.3629034438757221 -0.6656244607752212 -0.6521082484072999
v -0.3848271820485508 -0.6813209633515501 -0.6226634603493987
v -0.40630859416315374 -0.6960459933851381 -0.5919740715619715
v -0.4272324024337953 -0.7097073566038372 -0.5601677804845986
v -0.44748982110672614 -0.7222271298680454 -0.5273905885474597
v -0.4669813403819431 -0.7335438127391466 -0.49380350598917355
v -0.4856191559237104 -0.7436138289995902 -0.459578620826199
v -0.5033291068202423 -0.7524122933676713 -0.42489475287032935
v -0.5200520247535678 -0.7599330169554005 -0.3899329446081433
v -0.5357444455401215 -0.7661877842999592 -0.354872044915385
v -0.5503786847158161 -0.7712049876331988 -0.31988462054335476
v -0.5639423251810348 -0.7750277444673128 -0.28513338839097324
v -0.5764372020129719 -0.7777116489877878 -0.25076830574088144
v -0.5878779942613195 -0.779322315310594 -0.2169243940229478
v -0.5982905449224315 -0.7799328630110558 -0.18372031202835923
v -0.6077100293542063 -0.779621475880755 -0.15125764300630543
v -0.6161790815796019 -0.7784691379166969 -0.1196208206582494
v -0.19613059605237665 -0.4875337549475872 -0.8507900017506349
v -0.21783442772304645 -0.5067347063229826 -0.8341271482851601
v -0.2399540332639651 -0.52593617046503 -0.8159737780817069
v -0.2624154418218521 -0.5450406320940104 -0.7962843997341675
v -0.28513338839097324 -0.5639423251810348 -0.7750277444673128
v -0.30801188532169166 -0.5825287182475782 -0.7521894514797524
v -0.330945284051252 -0.6006824829048134 -0.7277745349320384
v -0.3538198516892101 -0.6182839174182231 -0.7018094542057703
v -0.37651585173503294 -0.6352137560113458 -0.6743436049716801
v -0.39891007671252093 -0.6513562523061036 -0.6454500625756868
v -0.4208787370304494 -0.6666023870869816 -0.6152254434315861
v -0.4423005703311253 -0.6808530223442 -0.5837888038062478
v -0.4630600048371387 -0.6940218106316585 -0.5512795645475929
v -0.4830501939947354 -0.7060376747970781 -0.5178545276897595
v -0.5021757415224564 -0.7168466990465948 -0.48368412697996593
v -0.5203549566454023 -0.7264133158642744 -0.4489481190846347
v -0.5375215166694247 -0.734720729322077 -0.4138309667265571
v -0.5536254632791322 -0.7417705765237548 -0.3785171835103165
v -0.5686335134180427 -0.7475818873792709 -0.34318690109079014
v -0.5825287182475782 -0.7521894514797524 -0.30801188532169166
v -0.5953095482533642 -0.7556417344759133 -0.2731521753100433
v -0.6069885147096088 -0.757998502746639 -0.23875345619378227
v -0.617590455434242 -0.7593283147561655 -0.20494521162029483
v -0.6271506164003298 -0.7597060230711085 -0.1718396428597508
v -0.6357126524765078 -0.7592104066622744 -0.13953129361181685
v -0.2285433707564071 -0.47498935825730987 -0.8497958797414874
v -0.2509090191178291 -0.49397782935020945 -0.8324845753740931
v -0.2736454263680833 -0.5129401188700615 -0.8136403475009072
v -0.2966689627647877 -0.5317762989574304 -0.7932222225828035
v -0.31988462054335476 -0.5503786847158161 -0.7712049876331988
v -0.34318690109079014 -0.5686335134180427 -0.7475818873792709
v -0.36646123388299656 -0.5864231044008367 -0.7223670166098651
v -0.389585933532735 -0.6036284544126622 -0.6955972178041024
v -0.4124346598709157 -0.6201321802419765 -0.6673332978096439
v -0.4348793002003278 -0.6358216784580258 -0.6376604013580365
v -0.45679314796703496 -0.6505923368907499 -0.6066874245848513
v -0.47805421428599587 -0.6643506099952529 -0.5745454161355171
v -0.4985484841249615 -0.6770167653303454 -0.5413849909614589
v -0.5181729222368786 -0.6885271236113095 -0.5073728635944478
v -0.5368380474032317 -0.6988356496797788 -0.4726876829333795
v -0.554469926322179 -0.7079148025100048 -0.4375154090903523
v -0.5710114865080222 -0.7157556125791343 -0.402044506662343
v -0.5864231044008367 -0.7223670166098651 -0.36646123388299656
v -0.6006824829048134 -0.7277745349320384 -0.330945284051252
v -0.6137838844947381 -0.7320184191063477 -0.29566598929128385
v -0.6257368261840904 -0.7351514231558677 -0.2607792349650635
v -0.6365643677938587 -0.7372363598323229 -0.2264251651128704
v -0.6463011344779054 -0.738343595526456 -0.1927266938377704
v -0.654991209990117 -0.7385486173326935 -0.159788781432394
v -0.2614356892696124 -0.4615538714284841 -0.8477142231586663
v -0.2844146962197964 -0.48028493129867966 -0.8297196305630135
v -0.3077112110267028 -0.4989627040324959 -0.810154325170865
v -0.33123185975425573 -0.5174854883476929 -0.7889830317777987
v -0.354872044915385 -0.5357444455401215 -0.7661877842999592
v -0.3785171835103165 -0.5536254632791322 -0.7417705765237548
v -0.402044506662343 -0.5710114865080222 -0.7157556125791343
v -0.42532540417601994 -0.5877852522924731 -0.6881909602355868
v -0.44822825076214523 -0.6038323219761927 -0.6591494232384238
v -0.4706216023241698 -0.6190442639564818 -0.6287284840759234
v -0.49237760679633114 -0.6333218098844494 -0.5970492253158048
v -0.5133754412304479 -0.6465777917977316 -0.5642542117657714
v -0.5335045709944544 -0.6587396716129896 -0.5305043993891415
v -0.5526676317942218 -0.6697514988109495 -0.49597521975140363
v -0.5707827613698738 -0.6795751750063787 -0.4608520596005095
v -0.5877852522924731 -0.6881909602355868 -0.42532540417601994
v -0.6036284544126622 -0.6955972178041024 -0.389585933532735
v -0.6182839174182231 -0.7018094542057703 -0.3538198516892101
v -0.6317408225249649 -0.7068587605264778 -0.3182046917040229
v -0.6440048006169802 -0.7107897965621176 -0.28290578270064953
v -0.6550962675376302 -0.713658476140052 -0.24807349655238164
v -0.665048423888383 -0.7155295122624376 -0.21384132193066907
v -0.6739050674525727 -0.716473966464088 -0.1803247499401021
v -0.2946863782482369 -0.44722889671818655 -0.8444798709354596
v -0.31821963701046474 -0.4656593593615154 -0.8257709268677065
v -0.3420089261483442 -0.48400960402722376 -0.8054592464204918
v -0.3659512825291082 -0.5021768778261597 -0.7835164594263934
v -0.3899329446081433 -0.5200520247535678 -0.7599330169554005
v -0.4138309667265571 -0.5375215166694247 -0.734720729322077
v -0.4375154090903523 -0.554469926322179 -0.7079148025100048
v -0.4608520596005095 -0.5707827613698738 -0.6795751750063787
v -0.48370559352658776 -0.5863495358480963 -0.6497869809420724
v -0.5059430284119877 -0.6010669191089361 -0.618660012247598
v -0.5274372914757286 -0.614841777964911 -0.5863271199848208
v -0.5480706918256376 -0.6275939206846387 -0.5529415769151841
v -0.5677380850932607 -0.639258364474689 -0.5186735102005721
v -0.5863495358480963 -0.6497869809420724 -0.48370559352658776
v -0.6038323219761927 -0.6591494232384238 -0.44822825076214523
v -0.6201321802419765 -0.6673332978096439 -0.4124346598709157
v -0.6352137560113458 -0.6743436049716801 -0.37651585173503294
v -0.6490602839996624 -0.6802015279118562 -0.34065617440559304
v -0.6616725828825603 -0.6849426926419094 -0.3050293442571917
v -0.6730674886196873 -0.6886150479011942 -0.2697952400751782
v -0.6832758761694998 -0.6912765229670094 -0.23509752410317752
v -0.6923404266569897 -0.692992614398792 -0.20106210484610157
v -0.32816161922663917 -0.4320269974910168 -0.8400372760213961
v -0.3521796396528679 -0.4501164498520926 -0.8205880105062009
v -0.3763842669748591 -0.46809956109079015 -0.7995109032905102
v -0.4006633738465717 -0.4858733109364552 -0.7767856760893116
v -0.42489475287032935 -0.5033291068202423 -0.7524122933676713
v -0.4489481190846347 -0.5203549566454023 -0.7264133158642744
v -0.4726876829333795 -0.5368380474032317 -0.6988356496797788
v -0.4959752197514036 -0.5526676317942217 -0.6697514988109494
v -0.5186735102005721 -0.5677380850932607 -0.639258364474689
v -0.5406499799786041 -0.5819519632455794 -0.6074779927073496
v -0.5617803336943765 -0.5952228762781367 -0.5745542482911573
v -0.5819519632455794 -0.6074779927073496 -0.5406499799786041
v -0.6010669191089362 -0.618660012247598 -0.5059430284119878
v -0.6190442639564818 -0.6287284840759234 -0.4706216023241698
v -0.6358216784580258 -0.6376604013580365 -0.4348793002003278
v -0.6513562523061036 -0.6454500625756868 -0.39891007671252093
v -0.6656244607752212 -0.6521082484072999 -0.3629034438757221
v -0.6786213896739846 -0.6576608121632775 -0.32704015903507644
v -0.6903593220010092 -0.6621468167165695 -0.2914885926385807
v -0.7008658332542629 -0.6656163689055808 -0.2564018978513176
v -0.7101815575695606 -0.6681283037670814 -0.22191603140241004
v -0.3617168160377992 -0.4159724918168248 -0.8343427539370007
v -0.38614038926448463 -0.43368430145890985 -0.8141336047890234
v -0.4106737770487285 -0.4512651052135666 -0.7922795300025869
v -0.43519640034045604 -0.4686124356756582 -0.7687694571591907
v -0.459578620826199 -0.4856191559237104 -0.7436138289995902
v -0.48368412697996593 -0.5021757415224564 -0.7168466990465948
v -0.5073728635944478 -0.5181729222368786 -0.6885271236113095
v -0.5305043993891415 -0.5335045709944544 -0.6587396716129896
v -0.5529415769151841 -0.5480706918256376 -0.6275939206846387
v -0.5745542482911573 -0.5617803336943765 -0.5952228762781367
v -0.5952228762781367 -0.5745542482911573 -0.5617803336943765
v -0.614841777964911 -0.5863271199848208 -0.5274372914757286
v -0.6333218098844494 -0.5970492253158048 -0.49237760679633114
v -0.6505923368907498 -0.6066874245848511 -0.4567931479670349
v -0.6666023870869816 -0.6152254434315861 -0.4208787370304494
v -0.6813209633515501 -0.6226634603493987 -0.3848271820485508
v -0.6947365493692012 -0.6290170692206356 -0.3488246745854681
v -0.7068559061124624 -0.6343157278352621 -0.31304677831715744
v -0.7177022972538684 -0.6386008299711143 -0.27765516828743514
v -0.7273133059236357 -0.641923548733929 -0.2427952071340601
v -0.39519904204895195 -0.39910190544614654 -0.8273665368099231
v -0.4199403185534644 -0.4164041517844343 -0.8063855847111236
v -0.4447081311717827 -0.4335528199869782 -0.7837516381807692
v -0.46937445096587566 -0.45044682073866027 -0.7594638151136077
v -0.49380350598917355 -0.4669813403819431 -0.7335438127391466
v -0.5178545276897595 -0.48305019399473537 -0.706037674797078
v -0.5413849909614589 -0.4985484841249615 -0.6770167653303454
v -0.5642542117657714 -0.5133754412304479 -0.6465777917977316
v -0.5863271199848208 -0.5274372914757286 -0.614841777964911
v -0.6074779927073496 -0.5406499799786041 -0.5819519632455794
v -0.6275939206846387 -0.5529415769151841 -0.5480706918256376
v -0.6465777917977316 -0.5642542117657714 -0.5133754412304479
v -0.6643506099952529 -0.5745454161355171 -0.47805421428599587
v -0.6808530223442 -0.5837888038062478 -0.4423005703311253
v -0.6960459933851381 -0.5919740715619715 -0.40630859416315374
v -0.709910635852268 -0.5991063585226795 -0.37026809244319614
v -0.72244727090818 -0.6052050483502281 -0.33436027008112207
v -0.7336738418973348 -0.6103021326212047 -0.29875408053048286
v -0.7436238386105666 -0.6144402722444919 -0.2636033734499631
v -0.4284500038897919 -0.381464018674927 -0.8190944979812843
v -0.4534139706197825 -0.39833029120767766 -0.7973385418711487
v -0.4783158857239084 -0.41502308702074764 -0.7739313604602943
v -0.5030215450660013 -0.43144349161248846 -0.7488830607942988
v -0.5273905885474597 -0.44748982110672614 -0.7222271298680454
v -0.5512795645475929 -0.4630600048371387 -0.6940218106316585
v -0.5745454161355171 -0.47805421428599587 -0.6643506099952529
v -0.5970492253158048 -0.49237760679633114 -0.6333218098844494
v -0.618660012247598 -0.5059430284119877 -0.6010669191089361
v -0.639258364474689 -0.5186735102005721 -0.5677380850932607
v -0.6587396716129896 -0.5305043993891415 -0.5335045709944544
v -0.6770167653303454 -0.5413849909614589 -0.4985484841249615
v -0.6940218106316585 -0.5512795645475929 -0.4630600048371387
v -0.7097073566038372 -0.5601677804845986 -0.4272324024337953
v -0.7240465244943912 -0.5680444412619797 -0.39125713171641757
v -0.7370323790066918 -0.5749186733196917 -0.35531928087856685
v -0.7486765865962971 -0.5808126234883714 -0.3195935936139404
v -0.7590075062976563 -0.5857597903992625 -0.28424122384908457
v -0.4613094128830364 -0.3631194630777124 -0.8095294195516689
v -0.4863957242527245 -0.37952947507045953 -0.7870048138235297
v -0.5113275241439893 -0.3957492783478623 -0.76284118382526
v -0.5359659453986574 -0.4116828682742966 -0.7370601884122976
v -0.5601677804845986 -0.4272324024337953 -0.7097073566038372
v -0.5837888038062478 -0.4423005703311253 -0.6808530223442
v -0.6066874245848513 -0.45679314796703496 -0.6505923368907499
v -0.6287284840759234 -0.4706216023241698 -0.6190442639564818
v -0.6497869809420724 -0.48370559352658776 -0.5863495358480963
v -0.6697514988109495 -0.49597521975140363 -0.5526676317942218
v -0.6885271236113095 -0.5073728635944478 -0.5181729222368786
v -0.7060376747970781 -0.5178545276897595 -0.4830501939947354
v -0.7222271298680454 -0.5273905885474597 -0.44748982110672614
v -0.7370601884122976 -0.5359659453986574 -0.4116828682742966
v -0.7505219912746225 -0.5435795889555131 -0.3758164060869762
v -0.7626170735015145 -0.5502436573245669 -0.3400692823206324
v -0.7733676792259858 -0.5559820781480225 -0.30460853813840943
v -0.49361861461005196 -0.34413985264854857 -0.7986916959186995
v -0.5187237022272607 -0.36007982928845783 -0.7754148807491634
v -0.5435795889555131 -0.3758164060869762 -0.7505219912746225
v -0.5680444412619797 -0.39125713171641757 -0.7240465244943912
v -0.5919740715619715 -0.40630859416315374 -0.6960459933851381
v -0.6152254434315861 -0.4208787370304494 -0.6666023870869816
v -0.6376604013580364 -0.43487930020032767 -0.6358216784580258
v -0.6591494232384238 -0.44822825076214523 -0.6038323219761927
v -0.6795751750063787 -0.4608520596005095 -0.5707827613698738
v -0.6988356496797787 -0.4726876829333794 -0.5368380474032317
v -0.7168466990465948 -0.48368412697996593 -0.5021757415224564
v -0.7335438127391466 -0.49380350598917355 -0.4669813403819431
v -0.7488830607942988 -0.5030215450660013 -0.43144349161248846
v -0.76284118382526 -0.5113275241439893 -0.3957492783478623
v -0.7754148807491633 -0.5187237022272607 -0.3600798292884578
v -0.7866193996593099 -0.5252242965393921 -0.324606466978598
v -0.5252242965393921 -0.324606466978598 -0.7866193996593099
v -0.5502436573245669 -0.3400692823206324 -0.7626170735015145
v -0.5749186733196917 -0.35531928087856685 -0.7370323790066918
v -0.5991063585226795 -0.37026809244319614 -0.709910635852268
v -0.6226634603493987 -0.3848271820485508 -0.6813209633515501
v -0.6454500625756868 -0.39891007671252093 -0.6513562523061036
v -0.6673332978096439 -0.4124346598709157 -0.6201321802419765
v -0.6881909602355868 -0.42532540417601994 -0.5877852522924731
v -0.7079148025100048 -0.4375154090903523 -0.554469926322179
v -0.7264133158642744 -0.4489481190846347 -0.5203549566454023
v -0.7436138289995902 -0.459578620826199 -0.4856191559237104
v -0.7594638151136077 -0.46937445096587566 -0.45044682073866027
v -0.7739313604602943 -0.4783158857239084 -0.41502308702074764
v -0.7870048138235298 -0.48639572425272454 -0.3795294750704596
v -0.7986916959186995 -0.49361861461005196 -0.34413985264854857
v -0.5559820781480225 -0.30460853813840943 -0.7733676792259858
v -0.5808126234883714 -0.3195935936139404 -0.7486765865962971
v -0.6052050483502281 -0.33436027008112207 -0.72244727090818
v -0.6290170692206356 -0.3488246745854681 -0.6947365493692012
v -0.6521082484072998 -0.36290344387572204 -0.6656244607752212
v -0.6743436049716801 -0.37651585173503294 -0.6352137560113458
v -0.6955972178041024 -0.389585933532735 -0.6036284544126622
v -0.7157556125791343 -0.402044506662343 -0.5710114865080222
v -0.734720729322077 -0.4138309667265571 -0.5375215166694247
v -0.7524122933676713 -0.42489475287032935 -0.5033291068202423
v -0.7687694571591907 -0.43519640034045604 -0.4686124356756582
v -0.7837516381807692 -0.4447081311717827 -0.4335528199869782
v -0.7973385418711487 -0.4534139706197825 -0.39833029120767766
v -0.8095294195516689 -0.4613094128830364 -0.3631194630777124
v -0.5857597903992625 -0.28424122384908457 -0.7590075062976563
v -0.6103021326212047 -0.29875408053048286 -0.7336738418973348
v -0.6343157278352621 -0.31304677831715744 -0.7068559061124624
v -0.6576608121632775 -0.32704015903507644 -0.6786213896739846
v -0.6802015279118562 -0.34065617440559304 -0.6490602839996624
v -0.7018094542057703 -0.3538198516892101 -0.6182839174182231
v -0.7223670166098651 -0.36646123388299656 -0.5864231044008367
v -0.7417705765237548 -0.3785171835103165 -0.5536254632791322
v -0.7599330169554005 -0.3899329446081433 -0.5200520247535678
v -0.7767856760893116 -0.4006633738465717 -0.4858733109364552
v -0.7922795300025869 -0.4106737770487285 -0.4512651052135666
v -0.8063855847111235 -0.41994031855346436 -0.41640415178443424
v -0.8190944979812843 -0.4284500038897919 -0.381464018674927
v -0.6144402722444919 -0.26360337344996304 -0.7436238386105665
v -0.6386008299711143 -0.27765516828743514 -0.7177022972538684
v -0.6621468167165695 -0.2914885926385807 -0.6903593220010092
v -0.6849426926419094 -0.3050293442571917 -0.6616725828825603
v -0.7068587605264778 -0.3182046917040229 -0.6317408225249649
v -0.7277745349320384 -0.330945284051252 -0.6006824829048134
v -0.7475818873792709 -0.34318690109079014 -0.5686335134180427
v -0.7661877842999592 -0.354872044915385 -0.5357444455401215
v -0.7835164594263934 -0.3659512825291082 -0.5021768778261597
v -0.7995109032905102 -0.3763842669748591 -0.46809956109079015
v -0.8141336047890234 -0.38614038926448463 -0.43368430145890985
v -0.827366536809923 -0.3951990420489519 -0.3991019054461465
v -0.641923548733929 -0.2427952071340601 -0.7273133059236357
v -0.6656163689055808 -0.2564018978513176 -0.7008658332542629
v -0.6886150479011942 -0.2697952400751782 -0.6730674886196873
v -0.7107897965621175 -0.28290578270064953 -0.6440048006169802
v -0.7320184191063477 -0.29566598929128385 -0.6137838844947381
v -0.7521894514797524 -0.30801188532169166 -0.5825287182475782
v -0.7712049876331988 -0.31988462054335476 -0.5503786847158161
v -0.7889830317777987 -0.33123185975425573 -0.5174854883476929
v -0.8054592464204918 -0.3420089261483442 -0.48400960402722376
v -0.8205880105062009 -0.3521796396528679 -0.4501164498520926
v -0.8343427539370007 -0.3617168160377992 -0.4159724918168248
v -0.6681283037670814 -0.22191603140241004 -0.7101815575695606
v -0.6912765229670094 -0.23509752410317752 -0.6832758761694998
v -0.713658476140052 -0.24807349655238164 -0.6550962675376302
v -0.7351514231558677 -0.2607792349650635 -0.6257368261840904
v -0.7556417344759133 -0.2731521753100433 -0.5953095482533642
v -0.7750277444673128 -0.28513338839097324 -0.5639423251810348
v -0.7932222225828035 -0.2966689627647877 -0.5317762989574304
v -0.810154325170865 -0.3077112110267028 -0.4989627040324959
v -0.8257709268677065 -0.31821963701046474 -0.4656593593615154
v -0.8400372760213961 -0.32816161922663917 -0.4320269974910168
v -0.692992614398792 -0.20106210484610157 -0.6923404266569897
v -0.7155295122624374 -0.21384132193066904 -0.6650484238883829
v -0.7372363598323228 -0.22642516511287036 -0.6365643677938586
v -0.757998502746639 -0.23875345619378227 -0.6069885147096088
v -0.7777116489877878 -0.25076830574088144 -0.5764372020129719
v -0.7962843997341675 -0.2624154418218521 -0.5450406320940104
v -0.8136403475009072 -0.2736454263680833 -0.5129401188700615
v -0.8297196305630133 -0.28441469621979637 -0.4802849312986796
v -0.8444798709354596 -0.2946863782482369 -0.44722889671818655
v -0.716473966464088 -0.1803247499401021 -0.6739050674525727
v -0.738343595526456 -0.1927266938377704 -0.6463011344779054
v -0.7593283147561654 -0.2049452116202948 -0.6175904554342418
v -0.7793223153105939 -0.21692439402294778 -0.5878779942613194
v -0.7982311213841842 -0.22861067886310696 -0.5572829033475702
v -0.8159737780817069 -0.2399540332639651 -0.52593617046503
v -0.8324845753740931 -0.2509090191178291 -0.49397782935020945
v -0.8477142231586662 -0.2614356892696124 -0.46155387142848403
v -0.7385486173326934 -0.15978878143239397 -0.6549912099901168
v -0.7597060230711085 -0.1718396428597508 -0.6271506164003298
v -0.7799328630110558 -0.18372031202835923 -0.5982905449224315
v -0.7991326580327285 -0.1953788397604234 -0.5685192202902353
v -0.8172209512929919 -0.2067656179621024 -0.5379571507067523
v -0.8341271482851601 -0.21783442772304645 -0.5067347063229826
v -0.8497958797414874 -0.2285433707564071 -0.47498935825730987
v -0.7592104066622742 -0.13953129361181682 -0.6357126524765077
v -0.779621475880755 -0.15125764300630543 -0.6077100293542063
v -0.7990655235865146 -0.16282783120112607 -0.5787757652163287
v -0.8174556247872685 -0.17419353879974223 -0.5490199564169586
v -0.8347172971219813 -0.18530873317147167 -0.5185631179478138
v -0.8507900017506349 -0.19613059605237665 -0.4875337549475872
v -0.7784691379166969 -0.1196208206582494 -0.6161790815796019
v -0.7981101312434162 -0.13104890973732858 -0.588087069797725
v -0.8167565981550934 -0.14233522279253163 -0.5591505555060458
v -0.8343311590570904 -0.15343473603363453 -0.5294802156877448
v -0.8507690510701167 -0.1643046243707284 -0.4991953647137031
v -0.7963486620032646 -0.10011685926607475 -0.5964942774380213
v -0.8152054965414801 -0.1112720478510575 -0.5683823798954282
v -0.8330487991245398 -0.12229981531893715 -0.5395113098444888
v -0.8498105275597344 -0.13315810928195035 -0.509991161865676
v -0.8128847911800792 -0.08106972274033818 -0.5767547280455737
v -0.8309521426797775 -0.09197603528047425 -0.5486883865273363
v -0.8479948501089801 -0.1027689325054107 -0.5199454593516001
v -0.8281231590100674 -0.06252068175732874 -0.5570486494587215
v -0.8454034504478299 -0.07320048920136979 -0.5290885505769178
v -0.8421171236917472 -0.04450233901831196 -0.5374553858759236
v 0.8251187427656227 0.0 -0.564959343968111
v 0.8108428675723047 -0.017280291437762562 -0.5850087483405251
v 0.7953297617156287 -0.035110058928900956 -0.6051593623925604
v 0.7785280401511081 -0.05346186555646973 -0.6253286492954697
v 0.760394159628342 -0.07229991315341977 -0.6454250107960766
v 0.7408944876446022 -0.09157959508836064 -0.6653484319822918
v 0.7200074069312279 -0.11124726240879386 -0.6849915186122514
v 0.6977253583648625 -0.13124025669457828 -0.7042409525988711
v 0.6740567073317085 -0.15148725653666772 -0.72297936789934
v 0.6490273068499354 -0.17190897225431467 -0.7410876198005099
v 0.6226816282136217 -0.19241920520307185 -0.7584473873343167
v 0.59508333910218 -0.21292626456543118 -0.7749440143527866
v 0.566315231434094 -0.23333470758202193 -0.7904694635995504
v 0.5364784365015882 -0.2535473414036464 -0.8049252343143145
v 0.5056909108694415 -0.2734673993793074 -0.81822508158865
v 0.47408522894010147 -0.293000785049258 -0.8302973778480396
v 0.44180577123660203 -0.31205826634294936 -0.8410869746399976
v 0.4090054449246234 -0.3305575024078644 -0.8505564552831784
v 0.37584210890664 -0.3484247965616146 -0.8586867125521431
v 0.342474895517492 -0.36559648988583654 -0.8654768353476818
v 0.30906062230949305 -0.3820199383429215 -0.8709433382523454
v 0.2757504711811534 -0.39765404840875274 -0.87511881217781
v 0.24268708117038695 -0.4124693781829603 -0.8780501083049647
v 0.21000216035494146 -0.42644783923370977 -0.8797961883636218
v 0.17781467703470452 -0.43958205642413106 -0.880425781256419
v 0.14622964608237346 -0.45187445720887354 -0.8800149802865913
v 0.11533748742979379 -0.463336168156071 -0.8786448994171827
v 0.08521390304096021 -0.47398579554016296 -0.8763994844559669
v 0.05592019776360723 -0.4838481602573517 -0.8733635493296334
v 0.02750395809218742 -0.4929530468576116 -0.8696210817839346
v 0.8108428675723047 0.017280291437762562 -0.5850087483405252
v 0.7958204233530958 0.0 -0.6055327024811288
v 0.7795188913753609 -0.017843302583059637 -0.6261245199973067
v 0.761889103429742 -0.03622102781367421 -0.6466939239077052
v 0.7428909283866042 -0.055095821241226264 -0.6671413036251346
v 0.7224954604640829 -0.0744211252140515 -0.6873585714390034
v 0.700687203587401 -0.09414097984763718 -0.7072304565289836
v 0.6774661394955789 -0.11419011830057597 -0.7266362547516173
v 0.6528495504239531 -0.1344944039006971 -0.745452023828924
v 0.6268734585054259 -0.15497164160062002 -0.7635531791048054
v 0.5995935466782457 -0.17553277481790902 -0.7808174074305257
v 0.5710854422032208 -0.19608345208991892 -0.7971277799199148
v 0.5414442746915028 -0.2165259183827774 -0.8123759130305915
v 0.5107834645747399 -0.23676115649896284 -0.826465006573357
v 0.4792327516854295 -0.25669117852190265 -0.8393125809738874
v 0.44693553150289744 -0.27622134924879 -0.8508527468953723
v 0.4140456218229139 -0.2952626159765146 -0.8610378683054433
v 0.38072362813548066 -0.3137335233438704 -0.8698395227337037
v 0.34713310597161595 -0.33156190798938373 -0.8772487149656807
v 0.3134367292527129 -0.34868619360139497 -0.8832753563567434
v 0.27979266446740847 -0.365056239159035 -0.8879470745271305
v 0.24635132345293775 -0.38063372766858655 -0.8913074614262478
v 0.21325262717877425 -0.39539211536007624 -0.8934138974251715
v 0.18062386511602072 -0.40931618867728337 -0.8943351033238337
v 0.14857818567732084 -0.42240129618273464 -0.8941485713929096
v 0.11721370821996034 -0.4346523337640905 -0.8929380131670707
v 0.08661321015281787 -0.446082564576491 -0.8907909392264183
v 0.05684431595379255 -0.456712351246862 -0.88779645863357
v 0.027960098881803615 -0.46656786881958917 -0.8840433567736745
v 0.7953297617156287 0.035110058928900956 -0.6051593623925604
v 0.7795188913753609 0.017843302583059637 -0.6261245199973067
v 0.762389380844635 0.0 -0.647118560988119
v 0.7438952199842528 -0.01839010120075393 -0.668043191614439
v 0.7240007305881516 -0.03728808828193611 -0.6887906362459505
v 0.7026828514306239 -0.056645463325541504 -0.7092447404034538
v 0.6799333690808848 -0.07640398766858428 -0.7292825544867066
v 0.655760966721564 -0.09649584903081317 -0.7487764056407108
v 0.6301929486415454 -0.11684419851929759 -0.7675964309159192
v 0.6032764938991664 -0.1373640865739407 -0.785613505248246
v 0.5750793020225153 -0.15796380216732472 -0.8027024564495482
v 0.5456895184067144 -0.17854658983054106 -0.8187454212152472
v 0.5152148671775109 -0.1990126871406027 -0.8336351666024752
v 0.48378097217285476 -0.21926159486974695 -0.8472781857091934
v 0.4515289073613311 -0.23919446713063303 -0.859597378259831
v 0.4186120795817275 -0.2587164932827835 -0.8705341480560777
v 0.38519260122826904 -0.2777391397363972 -0.8800497884878364
v 0.3514373512359817 -0.29618212906373387 -0.8881260803396728
v 0.317513944157456 -0.3139750550261502 -0.894765086537747
v 0.2835868268886954 -0.3310585624713431 -0.8999881887167235
v 0.24981370160821487 -0.3473850565109274 -0.9038344632739457
v 0.21634243561664512 -0.36291894142577535 -0.9063585341937551
v 0.18330856993842362 -0.3776364221702767 -0.9076280630509187
v 0.15083348553919823 -0.3915249269603291 -0.9077210426165108
v 0.11902323519748045 -0.4045822264165865 -0.9067230511853789
v 0.08796800548207327 -0.4168153327135141 -0.9047246036371667
v 0.05774214010187858 -0.4282392619934313 -0.9018187066942981
v 0.02840463434698674 -0.438875736611262 -0.8980986942210395
v 0.7785280401511081 0.05346186555646973 -0.6253286492954697
v 0.761889103429742 0.03622102781367421 -0.6466939239077052
v 0.7438952199842528 0.01839010120075393 -0.668043191614439
v 0.7245045819267661 0.0 -0.6892699839446963
v 0.7036870910162335 -0.018908806073590134 -0.7102583579163166
v 0.6814267087715821 -0.038285896987528524 -0.7308842799408055
v 0.65772369058662 -0.05807079942693577 -0.7510175291529705
v 0.6325965613464364 -0.07819323521568113 -0.7705241128862675
v 0.6060836792143222 -0.09857376678448401 -0.7892691469276807
v 0.5782442362125881 -0.11912486392603408 -0.8071201088323374
v 0.5491585618271756 -0.13975238793855504 -0.8239503286226542
v 0.5189276302272153 -0.1603574565909282 -0.8396425434090717
v 0.487671721469838 -0.180838619532319 -0.854092316886348
v 0.45552824819320126 -0.20109424301364018 -0.8672111164674979
v 0.4226488252738595 -0.2210249794283899 -0.8789288531862556
v 0.3891957226704115 -0.2405361848863923 -0.8891957226704116
v 0.355337892946996 -0.25954014902874506 -0.8979832364126438
v 0.32124679789588234 -0.2779580158274129 -0.9052843952476647
v 0.28709226910152097 -0.295721300353452 -0.9111130234715137
v 0.25303862453857456 -0.3127729408627245 -0.915502344047086
v 0.21924123019554 -0.3290678634193027 -0.9185029255516834
v 0.18584364784679508 -0.3445730728877567 -0.9201801649653643
v 0.1529754545687464 -0.3592673153982125 -0.9206114850391812
v 0.12075076365446102 -0.37314038052981185 -0.9198834216871895
v 0.08926742639811033 -0.3861921252158325 -0.918088758783995
v 0.05860685410998017 -0.3984313059504163 -0.9153238394633767
v 0.028834371857448447 -0.4098743025996013 -0.9116861494330584
v 0.760394159628342 0.07229991315341977 -0.6454250107960766
v 0.7428909283866042 0.05509582124122626 -0.6671413036251347
v 0.7240007305881516 0.03728808828193611 -0.6887906362459505
v 0.7036870910162335 0.018908806073590134 -0.7102583579163166
v 0.6819266794959965 0.0 -0.7314205382620619
v 0.6587116845189162 -0.019386009991399434 -0.7521456636150109
v 0.63405199778922 -0.03918656852685111 -0.772296883942043
v 0.607977054237342 -0.05932902377348142 -0.7917347841663707
v 0.5805371666074258 -0.07973148904354435 -0.8103206080572807
v 0.5518042034469282 -0.10030404496037162 -0.8279198147302002
v 0.5218714864742391 -0.12095036865019153 -0.8444058028747498
v 0.4908528278639892 -0.14156974117717513 -0.8596636026731345
v 0.4588806871199444 -0.1620593493834467 -0.8735933162895316
v 0.4261034951828055 -0.18231676805637753 -0.8861130895537397
v 0.39268226229119135 -0.20224248739596448 -0.8971614220271429
v 0.3587866469510394 -0.22174234252535113 -0.9066986685227898
v 0.3245907079099578 -0.2407297079048919 -0.9147076473226503
v 0.2902685833037129 -0.25912733939151916 -0.9211933410130188
v 0.25599033862624926 -0.27686877760957995 -0.9261817459413649
v 0.22191819922622696 -0.2938992639513833 -0.9297179870805038
v 0.18820333843397608 -0.310176159862391 -0.9318638598289596
v 0.1549833362490901 -0.32566889627209045 -0.9326949852368779
v 0.12238036365499713 -0.3403585093246224 -0.9322977698793404
v 0.09050009132351895 -0.35423683867839306 -0.930766348550254
v 0.05943127427092834 -0.3673054749415084 -0.9281996615580759
v 0.029245929216474693 -0.37957454405545377 -0.9246987839990704
v 0.7408944876446022 0.09157959508836064 -0.6653484319822917
v 0.7224954604640829 0.0744211252140515 -0.6873585714390034
v 0.7026828514306239 0.056645463325541504 -0.7092447404034538
v 0.6814267087715821 0.038285896987528524 -0.7308842799408055
v 0.6587116845189162 0.019386009991399434 -0.7521456636150109
v 0.634539380225801 0.0 -0.7728905323153185
v 0.6089304202486431 -0.019807352447232557 -0.7929762998254374
v 0.581926087251817 -0.039961122317984425 -0.8122592798354954
v 0.5535893562708862 -0.0603771243503969 -0.8305982346951879
v 0.5240051826428055 -0.08096325328858756 -0.8478581957971557
v 0.49327993669357567 -0.10162125561500872 -0.8639143617644119
v 0.46153993281541733 -0.12224887099083037 -0.8786558506936645
v 0.428929067904108 -0.1427422460840656 -0.8919890727412468
v 0.3956056566989291 -0.16299849465444047 -0.9038405031465426
v 0.36173862024195547 -0.18291826010701567 -0.914158673724025
v 0.3275032391517534 -0.2024081332214689 -0.9229152593553265
v 0.29307671802576335 -0.22138278928478863 -0.9301052080059191
v 0.2586338165563632 -0.2397667339079066 -0.9357459389410272
v 0.2243427864073948 -0.2574955818140232 -0.9398757042998951
v 0.19036181406774033 -0.2745168329258866 -0.9425512655474927
v 0.1568361153616467 -0.2907901498709915 -0.9438450729098895
v 0.12389576523119672 -0.3062871759002282 -0.9438421505934342
v 0.09165428496921182 -0.3209909588447352 -0.9426368846945891
v 0.06020795503867356 -0.3348950634632317 -0.9403298881871293
v 0.02963577950578409 -0.3480024613357704 -0.9370250836969788
v 0.7200074069312279 0.11124726240879386 -0.6849915186122514
v 0.7006872035874011 0.0941409798476372 -0.7072304565289836
v 0.6799333690808848 0.07640398766858428 -0.7292825544867066
v 0.65772369058662 0.05807079942693577 -0.7510175291529705
v 0.63405199778922 0.03918656852685111 -0.772296883942043
v 0.6089304202486431 0.019807352447232557 -0.7929762998254374
v 0.5823912808257851 0.0 -0.8129086024997529
v 0.554488454378879 -0.02015839477503192 -0.8319472297451418
v 0.5252980313583807 -0.04058150470036092 -0.849950068961268
v 0.4949181552739709 -0.0611752483217424 -0.8667834842525456
v 0.4634679512885492 -0.08183969902645828 -0.8823263125350244
v 0.4310855272627575 -0.1024713491948283 -0.8964735862136608
v 0.39792510208869925 -0.12296561903379395 -0.9091397415487533
v 0.3641533902981458 -0.143219473296302 -0.9202610992555841
v 0.3299454368493138 -0.16313399552464636 -0.9297974554742985
v 0.2954801426390891 -0.1826167711516241 -0.9377326912292963
v 0.26093574323711954 -0.2015839477503192 -0.9440743879116139
v 0.22648549809891644 -0.21996187051784008 -0.9488525147087816
v 0.1922938169206241 -0.23768822936679068 -0.9521173213394332
v 0.15851299944730496 -0.2547126954245322 -0.9539366183325746
v 0.12528070296888 -0.27099706399236695 -0.9543926533514077
v 0.09271818669284791 -0.28651495375719105 -0.9535787954489681
v 0.06092932205107835 -0.30125113551243904 -0.9515962227052303
v 0.03000030862213449 -0.31520057682491587 -0.9485507776876348
v 0.6977253583648625 0.13124025669457828 -0.7042409525988711
v 0.6774661394955789 0.11419011830057597 -0.7266362547516173
v 0.655760966721564 0.09649584903081317 -0.7487764056407108
v 0.6325965613464364 0.07819323521568113 -0.7705241128862675
v 0.607977054237342 0.05932902377348142 -0.7917347841663707
v 0.581926087251817 0.039961122317984425 -0.8122592798354954
v 0.554488454378879 0.02015839477503192 -0.8319472297451418
v 0.5257311121191336 0.0 -0.8506508083520399
v 0.4957434090947858 -0.020425751767954758 -0.8682288068267452
v 0.46463642513581926 -0.041023014735026044 -0.8845507926055213
v 0.43254136852331204 -0.061690446297184794 -0.8995011135911031
v 0.3996070517018511 -0.08232358003196016 -0.912982492932299
v 0.3659965425966487 -0.10281741049530799 -0.9249189753196432
v 0.3318831608112994 -0.12306904420507811 -0.935258027459989
v 0.2974460454568714 -0.1429802623756833 -0.9439716598569309
v 0.2628655560595668 -0.16245984811645314 -0.9510565162951535
v 0.22831877533247957 -0.18142555297528729 -0.9565329610412219
v 0.19397536241727237 -0.19980561158992216 -0.9604432707621335
v 0.1599939616414058 -0.21753975383609853 -0.9628490991527271
v 0.12651931226928728 -0.2345797056470434 -0.9638284211006921
v 0.09368013810308058 -0.25088920748011423 -0.9634721777482668
v 0.06158783086323443 -0.2664436093680106 -0.9618808357153752
v 0.030335885146298366 -0.281229121488382 -0.9591610476344749
v 0.6740567073317085 0.15148725653666772 -0.72297936789934
v 0.6528495504239531 0.1344944039006971 -0.745452023828924
v 0.6301929486415454 0.11684419851929759 -0.7675964309159192
v 0.6060836792143222 0.09857376678448401 -0.7892691469276807
v 0.5805371666074258 0.07973148904354435 -0.8103206080572807
v 0.5535893562708862 0.0603771243503969 -0.830598234695188
v 0.5252980313583807 0.04058150470036092 -0.849950068961268
v 0.4957434090947858 0.020425751767954758 -0.8682288068267452
v 0.46502788476335705 0.0 -0.8852960331959687
v 0.4332748422037791 -0.020598352227090992 -0.901026425250014
v 0.4006265168356401 -0.041266800699817925 -0.915311665591641
v 0.36724097376600345 -0.061900201049726884 -0.9280638083113687
v 0.33328834015675324 -0.08239340890836397 -0.9392178706157669
v 0.2989464973478724 -0.10264394232150857 -0.9487334782899449
v 0.26439648485055245 -0.12255451060772854 -0.9565954686952953
v 0.22981788871929154 -0.14203526645126321 -0.962813440448733
v 0.1953844786838422 -0.16100566493439175 -0.9674203229974434
v 0.16126032405761828 -0.1793958503479748 -0.970470111215569
v 0.12759656404512046 -0.19714753356896803 -0.9720349617434304
v 0.09452894229623181 -0.21421436395204557 -0.9722018747898896
v 0.06217614765942411 -0.2305618352583379 -0.9710691874344178
v 0.030638941242350382 -0.24616679187208504 -0.9687430855799453
v 0.6490273068499354 0.17190897225431467 -0.74108761980051
v 0.6268734585054259 0.15497164160062002 -0.7635531791048055
v 0.6032764938991664 0.1373640865739407 -0.785613505248246
v 0.5782442362125881 0.11912486392603408 -0.8071201088323375
v 0.5518042034469282 0.10030404496037162 -0.8279198147302002
v 0.5240051826428055 0.08096325328858756 -0.8478581957971557
v 0.4949181552739708 0.06117524832174239 -0.8667834842525456
v 0.46463642513581926 0.041023014735026044 -0.8845507926055213
v 0.4332748422037791 0.020598352227090992 -0.901026425250014
v 0.400968076372473 0.0 -0.9160920268893069
v 0.36786796842136205 -0.02066862798697952 -0.9296483021157386
v 0.3341400636437275 -0.041301983266975324 -0.9416180563510772
v 0.2999595061410779 -0.06179505668127298 -0.9519483524043513
v 0.26550652864903956 -0.08204602947005209 -0.960611644887223
v 0.2309618057945197 -0.10195874720290399 -0.9676058382073502
v 0.19650194349105207 -0.12144487993288135 -0.9729533017274403
v 0.16229535395497888 -0.14042566294452025 -0.9766989563172576
v 0.12849871915835295 -0.1588331519013788 -0.9789076100591599
v 0.09525418324723679 -0.17661096845220947 -0.9796607608740254
v 0.06268734585054257 -0.19371455200077498 -0.9790530981582937
v 0.030906062230949306 -0.2101109660886068 -0.9771889260765745
v 0.6226816282136217 0.19241920520307185 -0.7584473873343167
v 0.5995935466782457 0.17553277481790902 -0.7808174074305257
v 0.5750793020225153 0.15796380216732472 -0.8027024564495482
v 0.5491585618271756 0.13975238793855504 -0.8239503286226542
v 0.5218714864742391 0.12095036865019153 -0.8444058028747498
v 0.49327993669357567 0.10162125561500872 -0.8639143617644118
v 0.4634679512885492 0.08183969902645828 -0.8823263125350244
v 0.43254136852331204 0.061690446297184794 -0.8995011135911031
v 0.4006265168356401 0.041266800699817925 -0.915311665591641
v 0.36786796842136205 0.02066862798697952 -0.9296483021157386
v 0.3344254258376018 0.0 -0.9424222167125194
v 0.30046988762673005 -0.02063340034990896 -0.9535680937508241
v 0.2661793037066536 -0.04112696419812319 -0.9630457679124536
v 0.23173397564427461 -0.06137977426984372 -0.970840814882997
v 0.19731197467743025 -0.08129700449200697 -0.9769640636735416
v 0.16308483952319971 -0.1007919738751596 -0.981450107300438
v 0.1292137792534531 -0.11978776109019003 -0.9843549621676316
v 0.0958465503370859 -0.13821832689640914 -0.9857530790712438
v 0.06311511017665744 -0.15602913317147468 -0.9857339359427303
v 0.031134081410681084 -0.17317728468276464 -0.9843984442514208
v 0.59508333910218 0.21292626456543118 -0.7749440143527866
v 0.5710854422032208 0.19608345208991892 -0.7971277799199148
v 0.5456895184067144 0.17854658983054106 -0.8187454212152472
v 0.5189276302272153 0.1603574565909282 -0.8396425434090717
v 0.4908528278639892 0.14156974117717513 -0.8596636026731345
v 0.46153993281541733 0.12224887099083037 -0.8786558506936645
v 0.4310855272627575 0.1024713491948283 -0.8964735862136608
v 0.3996070517018511 0.08232358003196016 -0.912982492932299
v 0.36724097376600345 0.061900201049726884 -0.9280638083113687
v 0.3341400636437275 0.041301983266975324 -0.9416180563510772
v 0.30046988762673005 0.02063340034990896 -0.9535680937508241
v 0.26640470113456743 0.0 -0.9638612634676226
v 0.2321229762184079 -0.02049426983896566 -0.9724705182242164
v 0.1978028283494646 -0.04074962366361013 -0.979394460505177
v 0.16361760928799637 -0.06067274621878934 -0.9846563338531626
v 0.12973190755680383 -0.0801787282954641 -0.988302081193091
v 0.09629815030706726 -0.09919254990585614 -0.9903976495784972
v 0.06345393802258009 -0.11765007125395135 -0.9910257607566852
v 0.03132017574222 -0.13549853199618345 -0.9902823811511319
v 0.566315231434094 0.23333470758202193 -0.7904694635995504
v 0.5414442746915028 0.21652591838277738 -0.8123759130305916
v 0.5152148671775109 0.1990126871406027 -0.8336351666024752
v 0.487671721469838 0.180838619532319 -0.854092316886348
v 0.4588806871199444 0.1620593493834467 -0.8735933162895316
v 0.428929067904108 0.1427422460840656 -0.8919890727412468
v 0.39792510208869925 0.12296561903379395 -0.9091397415487533
v 0.3659965425966487 0.10281741049530799 -0.9249189753196432
v 0.33328834015675324 0.08239340890836397 -0.9392178706157669
v 0.29995950614107786 0.06179505668127297 -0.9519483524043513
v 0.2661793037066536 0.04112696419812319 -0.9630457679124536
v 0.2321229762184079 0.02049426983896566 -0.9724705182242164
v 0.19796726210958834 0.0 -0.9802086324517009
v 0.16388595968569442 -0.020257418672930835 -0.986271275667404
v 0.1300457923919568 -0.04018635989607089 -0.9906932665358393
v 0.0966027875957833 -0.05970380614218081 -0.9935307529014192
v 0.06369932643429446 -0.07873669759373723 -0.9948582453112854
v 0.031461957301894106 -0.09722279482584247 -0.9947652353238858
v 0.5364784365015882 0.25354734140364643 -0.8049252343143145
v 0.5107834645747399 0.23676115649896284 -0.826465006573357
v 0.48378097217285476 0.21926159486974695 -0.8472781857091934
v 0.45552824819320126 0.20109424301364018 -0.8672111164674978
v 0.4261034951828055 0.18231676805637753 -0.8861130895537397
v 0.39560565669892916 0.1629984946544405 -0.9038405031465426
v 0.36415339029814586 0.14321947329630202 -0.9202610992555841
v 0.3318831608112994 0.12306904420507811 -0.935258027459989
v 0.29894649734787243 0.10264394232150859 -0.9487334782899449
v 0.26550652864903956 0.08204602947005209 -0.960611644887223
v 0.2317339756442746 0.061379774269843715 -0.970840814882997
v 0.1978028283494646 0.04074962366361013 -0.979394460505177
v 0.16388595968569442 0.020257418672930835 -0.986271275667404
v 0.13015092805520037 0.0 -0.9914941935918586
v 0.09675619443457097 -0.019932872260886088 -0.9951084963168442
v 0.06384793307184249 -0.039460192749827136 -0.9971791888274644
v 0.03155755508832872 -0.058510924939303016 -0.9977878493846246
v 0.5056909108694415 0.2734673993793074 -0.81822508158865
v 0.47923275168542956 0.2566911785219027 -0.8393125809738873
v 0.4515289073613311 0.23919446713063303 -0.859597378259831
v 0.4226488252738595 0.2210249794283899 -0.8789288531862556
v 0.39268226229119135 0.20224248739596448 -0.8971614220271429
v 0.36173862024195547 0.18291826010701567 -0.914158673724025
v 0.3299454368493138 0.16313399552464636 -0.9297974554742985
v 0.2974460454568714 0.1429802623756833 -0.9439716598569309
v 0.26439648485055245 0.12255451060772854 -0.9565954686952953
v 0.23096180579451972 0.101958747202904 -0.9676058382073502
v 0.19731197467743025 0.08129700449200697 -0.9769640636735416
v 0.16361760928799637 0.06067274621878934 -0.9846563338531626
v 0.1300457923919568 0.04018635989607089 -0.9906932665358393
v 0.09675619443457097 0.019932872260886088 -0.9951084963168442
v 0.06389770022472392 0.0 -0.9979564539126902
v 0.03160568192934009 -0.01953338566995053 -0.9993095254794934
v 0.47408522894010147 0.293000785049258 -0.8302973778480396
v 0.44693553150289744 0.27622134924879 -0.8508527468953723
v 0.4186120795817275 0.2587164932827835 -0.8705341480560777
v 0.3891957226704115 0.2405361848863923 -0.8891957226704116
v 0.3587866469510394 0.22174234252535113 -0.9066986685227898
v 0.3275032391517534 0.2024081332214689 -0.9229152593553265
v 0.2954801426390891 0.1826167711516241 -0.9377326912292963
v 0.2628655560595668 0.16245984811645314 -0.9510565162951535
v 0.22981788871929154 0.14203526645126321 -0.962813440448733
v 0.19650194349105207 0.12144487993288135 -0.9729533017274403
v 0.16308483952319971 0.1007919738751596 -0.981450107300438
v 0.12973190755680383 0.0801787282954641 -0.988302081193091
v 0.0966027875957833 0.05970380614218081 -0.9935307529014192
v 0.06384793307184249 0.039460192749827136 -0.9971791888274644
v 0.03160568192934009 0.01953338566995053 -0.9993095254794934
v 0.44180577123660203 0.31205826634294936 -0.8410869746399976
v 0.4140456218229139 0.2952626159765146 -0.8610378683054433
v 0.38519260122826904 0.2777391397363972 -0.8800497884878364
v 0.355337892946996 0.25954014902874506 -0.8979832364126438
v 0.3245907079099578 0.2407297079048919 -0.9147076473226503
v 0.2930767180257633 0.2213827892847886 -0.9301052080059191
v 0.26093574323711954 0.2015839477503192 -0.9440743879116139
v 0.22831877533247957 0.18142555297528729 -0.9565329610412219
v 0.1953844786838422 0.16100566493439175 -0.9674203229974434
v 0.16229535395497888 0.14042566294452025 -0.9766989563172576
v 0.1292137792534531 0.11978776109019003 -0.9843549621676316
v 0.09629815030706726 0.09919254990585614 -0.9903976495784972
v 0.06369932643429446 0.07873669759373723 -0.9948582453112854
v 0.03155755508832872 0.05851092493930301 -0.9977878493846246
v 0.4090054449246234 0.3305575024078644 -0.8505564552831786
v 0.3807236281354806 0.31373352334387034 -0.8698395227337037
v 0.3514373512359817 0.29618212906373387 -0.8881260803396728
v 0.32124679789588234 0.27795801582741286 -0.9052843952476647
v 0.2902685833037129 0.25912733939151916 -0.9211933410130188
v 0.2586338165563632 0.2397667339079066 -0.9357459389410272
v 0.2264854980989164 0.21996187051784005 -0.9488525147087816
v 0.19397536241727237 0.19980561158992216 -0.9604432707621335
v 0.16126032405761825 0.17939585034797478 -0.970470111215569
v 0.12849871915835293 0.15883315190137878 -0.9789076100591599
v 0.0958465503370859 0.13821832689640914 -0.9857530790712438
v 0.06345393802258009 0.11765007125395135 -0.9910257607566852
v 0.03146195730189411 0.09722279482584248 -0.9947652353238858
v 0.37584210890664 0.3484247965616146 -0.8586867125521431
v 0.34713310597161595 0.33156190798938373 -0.8772487149656807
v 0.317513944157456 0.3139750550261502 -0.894765086537747
v 0.28709226910152097 0.295721300353452 -0.9111130234715137
v 0.25599033862624926 0.27686877760957995 -0.9261817459413649
v 0.2243427864073948 0.2574955818140232 -0.939875704299895
v 0.1922938169206241 0.23768822936679068 -0.9521173213394332
v 0.1599939616414058 0.21753975383609853 -0.9628490991527271
v 0.12759656404512046 0.19714753356896803 -0.9720349617434304
v 0.09525418324723679 0.17661096845220947 -0.9796607608740254
v 0.06311511017665744 0.15602913317147468 -0.9857339359427303
v 0.03132017574222 0.13549853199618345 -0.9902823811511319
v 0.342474895517492 0.36559648988583654 -0.8654768353476818
v 0.3134367292527129 0.34868619360139497 -0.8832753563567434
v 0.2835868268886954 0.3310585624713431 -0.8999881887167235
v 0.25303862453857456 0.3127729408627245 -0.915502344047086
v 0.22191819922622696 0.2938992639513833 -0.9297179870805038
v 0.19036181406774033 0.2745168329258866 -0.9425512655474927
v 0.15851299944730496 0.2547126954245322 -0.9539366183325746
v 0.12651931226928728 0.2345797056470434 -0.9638284211006921
v 0.09452894229623181 0.21421436395204557 -0.9722018747898896
v 0.06268734585054257 0.19371455200077498 -0.9790530981582937
v 0.031134081410681084 0.17317728468276464 -0.9843984442514208
v 0.30906062230949305 0.3820199383429214 -0.8709433382523455
v 0.2797926644674084 0.36505623915903496 -0.8879470745271305
v 0.24981370160821487 0.3473850565109274 -0.9038344632739457
v 0.21924123019554 0.3290678634193027 -0.9185029255516834
v 0.18820333843397608 0.310176159862391 -0.9318638598289596
v 0.1568361153616467 0.2907901498709915 -0.9438450729098895
v 0.12528070296888 0.27099706399236695 -0.9543926533514077
v 0.09368013810308058 0.25088920748011423 -0.9634721777482668
v 0.06217614765942411 0.2305618352583379 -0.9710691874344178
v 0.030906062230949303 0.21011096608860677 -0.9771889260765745
v 0.2757504711811534 0.39765404840875274 -0.87511881217781
v 0.24635132345293775 0.38063372766858655 -0.8913074614262478
v 0.21634243561664515 0.3629189414257754 -0.9063585341937551
v 0.18584364784679513 0.3445730728877568 -0.9201801649653644
v 0.1549833362490901 0.32566889627209045 -0.9326949852368779
v 0.12389576523119673 0.3062871759002282 -0.9438421505934342
v 0.09271818669284793 0.2865149537571911 -0.9535787954489681
v 0.06158783086323443 0.2664436093680106 -0.9618808357153752
v 0.030638941242350382 0.24616679187208504 -0.9687430855799453
v 0.24268708117038695 0.4124693781829603 -0.8780501083049647
v 0.21325262717877425 0.39539211536007624 -0.8934138974251714
v 0.18330856993842365 0.37763642217027676 -0.9076280630509187
v 0.1529754545687464 0.3592673153982125 -0.9206114850391812
v 0.12238036365499713 0.3403585093246224 -0.9322977698793404
v 0.09165428496921182 0.3209909588447352 -0.9426368846945891
v 0.06092932205107835 0.30125113551243904 -0.9515962227052303
v 0.030335885146298366 0.281229121488382 -0.9591610476344749
v 0.21000216035494146 0.42644783923370977 -0.8797961883636218
v 0.18062386511602072 0.40931618867728337 -0.8943351033238337
v 0.15083348553919823 0.3915249269603291 -0.9077210426165108
v 0.12075076365446102 0.37314038052981185 -0.9198834216871895
v 0.09050009132351895 0.35423683867839306 -0.930766348550254
v 0.06020795503867356 0.3348950634632317 -0.9403298881871293
v 0.03000030862213449 0.31520057682491587 -0.9485507776876348
v 0.17781467703470452 0.43958205642413106 -0.880425781256419
v 0.14857818567732084 0.42240129618273464 -0.8941485713929096
v 0.11902323519748045 0.4045822264165865 -0.9067230511853789
v 0.08926742639811033 0.3861921252158325 -0.918088758783995
v 0.05943127427092834 0.3673054749415084 -0.9281996615580759
v 0.02963577950578409 0.3480024613357704 -0.9370250836969788
v 0.14622964608237346 0.45187445720887354 -0.8800149802865913
v 0.11721370821996034 0.4346523337640905 -0.8929380131670707
v 0.08796800548207327 0.4168153327135141 -0.9047246036371667
v 0.05860685410998017 0.3984313059504163 -0.9153238394633767
v 0.029245929216474693 0.37957454405545377 -0.9246987839990704
v 0.11533748742979379 0.463336168156071 -0.8786448994171827
v 0.08661321015281787 0.446082564576491 -0.8907909392264183
v 0.05774214010187858 0.4282392619934313 -0.9018187066942981
v 0.028834371857448447 0.4098743025996013 -0.9116861494330584
v 0.08521390304096021 0.47398579554016296 -0.8763994844559669
v 0.05684431595379255 0.456712351246862 -0.88779645863357
v 0.02840463434698674 0.438875736611262 -0.8980986942210395
v 0.05592019776360723 0.4838481602573517 -0.8733635493296334
v 0.027960098881803615 0.46656786881958917 -0.8840433567736745
v 0.02750395809218742 0.4929530468576116 -0.8696210817839346
v 0.8696210817839346 0.02750395809218742 0.4929530468576116
v 0.8840433567736745 0.027960098881803615 0.46656786881958917
v 0.8980986942210395 0.02840463434698674 0.438875736611262
v 0.9116861494330584 0.028834371857448447 0.4098743025996013
v 0.9246987839990704 0.029245929216474693 0.37957454405545377
v 0.9370250836969788 0.02963577950578409 0.3480024613357704
v 0.9485507776876348 0.03000030862213449 0.31520057682491587
v 0.9591610476344749 0.030335885146298366 0.281229121488382
v 0.9687430855799453 0.030638941242350382 0.24616679187208504
v 0.9771889260765745 0.030906062230949306 0.2101109660886068
v 0.9843984442514208 0.031134081410681084 0.17317728468276464
v 0.9902823811511319 0.03132017574222 0.13549853199618345
v 0.9947652353238858 0.03146195730189411 0.09722279482584248
v 0.9977878493846246 0.03155755508832872 0.058510924939303016
v 0.9993095254794934 0.03160568192934009 0.01953338566995053
v 0.9993095254794934 0.03160568192934009 -0.01953338566995053
v 0.9977878493846246 0.03155755508832872 -0.058510924939303016
v 0.9947652353238858 0.03146195730189411 -0.09722279482584248
v 0.9902823811511319 0.03132017574222 -0.13549853199618345
v 0.9843984442514208 0.031134081410681084 -0.17317728468276464
v 0.9771889260765745 0.030906062230949306 -0.2101109660886068
v 0.9687430855799453 0.030638941242350382 -0.24616679187208504
v 0.9591610476344749 0.030335885146298366 -0.281229121488382
v 0.9485507776876348 0.03000030862213449 -0.31520057682491587
v 0.9370250836969788 0.02963577950578409 -0.3480024613357704
v 0.9246987839990704 0.029245929216474693 -0.37957454405545377
v 0.9116861494330584 0.028834371857448447 -0.4098743025996013
v 0.8980986942210395 0.02840463434698674 -0.438875736611262
v 0.8840433567736745 0.027960098881803615 -0.46656786881958917
v 0.8696210817839346 0.02750395809218742 -0.4929530468576116
v 0.8733635493296334 0.05592019776360723 0.4838481602573517
v 0.88779645863357 0.05684431595379255 0.456712351246862
v 0.9018187066942981 0.05774214010187858 0.4282392619934313
v 0.9153238394633767 0.05860685410998017 0.3984313059504163
v 0.9281996615580759 0.05943127427092834 0.3673054749415084
v 0.9403298881871293 0.06020795503867356 0.3348950634632317
v 0.9515962227052303 0.06092932205107835 0.30125113551243904
v 0.9618808357153752 0.06158783086323443 0.2664436093680106
v 0.9710691874344178 0.06217614765942411 0.2305618352583379
v 0.9790530981582937 0.06268734585054257 0.19371455200077498
v 0.9857339359427303 0.06311511017665744 0.15602913317147468
v 0.9910257607566852 0.06345393802258009 0.11765007125395135
v 0.9948582453112854 0.06369932643429446 0.07873669759373723
v 0.9971791888274644 0.06384793307184249 0.039460192749827136
v 0.9979564539126902 0.06389770022472392 0.0
v 0.9971791888274644 0.06384793307184249 -0.039460192749827136
v 0.9948582453112854 0.06369932643429446 -0.07873669759373723
v 0.9910257607566852 0.06345393802258009 -0.11765007125395135
v 0.9857339359427303 0.06311511017665744 -0.15602913317147468
v 0.9790530981582937 0.06268734585054257 -0.19371455200077498
v 0.9710691874344178 0.06217614765942411 -0.2305618352583379
v 0.9618808357153752 0.06158783086323443 -0.2664436093680106
v 0.9515962227052303 0.06092932205107835 -0.30125113551243904
v 0.9403298881871293 0.06020795503867356 -0.3348950634632317
v 0.9281996615580759 0.05943127427092834 -0.3673054749415084
v 0.9153238394633767 0.05860685410998017 -0.3984313059504163
v 0.9018187066942981 0.05774214010187858 -0.4282392619934313
v 0.88779645863357 0.05684431595379255 -0.456712351246862
v 0.8733635493296334 0.05592019776360723 -0.4838481602573517
v 0.8763994844559669 0.08521390304096021 0.47398579554016296
v 0.8907909392264183 0.08661321015281787 0.446082564576491
v 0.9047246036371667 0.08796800548207327 0.4168153327135141
v 0.918088758783995 0.08926742639811033 0.3861921252158325
v 0.930766348550254 0.09050009132351895 0.35423683867839306
v 0.9426368846945891 0.09165428496921182 0.3209909588447352
v 0.9535787954489681 0.09271818669284791 0.28651495375719105
v 0.9634721777482668 0.09368013810308058 0.25088920748011423
v 0.9722018747898896 0.09452894229623181 0.21421436395204557
v 0.9796607608740254 0.09525418324723679 0.17661096845220947
v 0.9857530790712438 0.0958465503370859 0.13821832689640914
v 0.9903976495784972 0.09629815030706726 0.09919254990585614
v 0.9935307529014192 0.0966027875957833 0.05970380614218081
v 0.9951084963168442 0.09675619443457097 0.019932872260886088
v 0.9951084963168442 0.09675619443457097 -0.019932872260886088
v 0.9935307529014192 0.0966027875957833 -0.05970380614218081
v 0.9903976495784972 0.09629815030706726 -0.09919254990585614
v 0.9857530790712438 0.0958465503370859 -0.13821832689640914
v 0.9796607608740254 0.09525418324723679 -0.17661096845220947
v 0.9722018747898896 0.09452894229623181 -0.21421436395204557
v 0.9634721777482668 0.09368013810308058 -0.25088920748011423
v 0.9535787954489681 0.09271818669284791 -0.28651495375719105
v 0.9426368846945891 0.09165428496921182 -0.3209909588447352
v 0.930766348550254 0.09050009132351895 -0.35423683867839306
v 0.918088758783995 0.08926742639811033 -0.3861921252158325
v 0.9047246036371667 0.08796800548207327 -0.4168153327135141
v 0.8907909392264183 0.08661321015281787 -0.446082564576491
v 0.8763994844559669 0.08521390304096021 -0.47398579554016296
v 0.8786448994171827 0.11533748742979379 0.463336168156071
v 0.8929380131670707 0.11721370821996034 0.4346523337640905
v 0.9067230511853789 0.11902323519748045 0.4045822264165865
v 0.9198834216871895 0.12075076365446102 0.37314038052981185
v 0.9322977698793404 0.12238036365499713 0.3403585093246224
v 0.9438421505934342 0.12389576523119672 0.3062871759002282
v 0.9543926533514077 0.12528070296888 0.27099706399236695
v 0.9638284211006921 0.12651931226928728 0.2345797056470434
v 0.9720349617434304 0.12759656404512046 0.19714753356896803
v 0.9789076100591599 0.12849871915835293 0.15883315190137878
v 0.9843549621676316 0.1292137792534531 0.11978776109019003
v 0.988302081193091 0.12973190755680383 0.0801787282954641
v 0.9906932665358393 0.1300457923919568 0.04018635989607089
v 0.9914941935918586 0.13015092805520037 0.0
v 0.9906932665358393 0.1300457923919568 -0.04018635989607089
v 0.988302081193091 0.12973190755680383 -0.0801787282954641
v 0.9843549621676316 0.1292137792534531 -0.11978776109019003
v 0.9789076100591599 0.12849871915835293 -0.15883315190137878
v 0.9720349617434304 0.12759656404512046 -0.19714753356896803
v 0.9638284211006921 0.12651931226928728 -0.2345797056470434
v 0.9543926533514077 0.12528070296888 -0.27099706399236695
v 0.9438421505934342 0.12389576523119672 -0.3062871759002282
v 0.9322977698793404 0.12238036365499713 -0.3403585093246224
v 0.9198834216871895 0.12075076365446102 -0.37314038052981185
v 0.9067230511853789 0.11902323519748045 -0.4045822264165865
v 0.8929380131670707 0.11721370821996034 -0.4346523337640905
v 0.8786448994171827 0.11533748742979379 -0.463336168156071
v 0.8800149802865912 0.14622964608237346 0.4518744572088735
v 0.8941485713929096 0.14857818567732084 0.42240129618273464
v 0.9077210426165108 0.15083348553919823 0.3915249269603291
v 0.9206114850391812 0.1529754545687464 0.3592673153982125
v 0.9326949852368779 0.1549833362490901 0.32566889627209045
v 0.9438450729098895 0.1568361153616467 0.2907901498709915
v 0.9539366183325746 0.15851299944730496 0.2547126954245322
v 0.9628490991527271 0.1599939616414058 0.21753975383609853
v 0.970470111215569 0.16126032405761825 0.17939585034797478
v 0.9766989563172576 0.16229535395497888 0.14042566294452025
v 0.981450107300438 0.16308483952319971 0.1007919738751596
v 0.9846563338531626 0.16361760928799637 0.06067274621878934
v 0.986271275667404 0.16388595968569442 0.020257418672930835
v 0.986271275667404 0.16388595968569442 -0.020257418672930835
v 0.9846563338531626 0.16361760928799637 -0.06067274621878934
v 0.981450107300438 0.16308483952319971 -0.1007919738751596
v 0.9766989563172576 0.16229535395497888 -0.14042566294452025
v 0.970470111215569 0.16126032405761825 -0.17939585034797478
v 0.9628490991527271 0.1599939616414058 -0.21753975383609853
v 0.9539366183325746 0.15851299944730496 -0.2547126954245322
v 0.9438450729098895 0.1568361153616467 -0.2907901498709915
v 0.9326949852368779 0.1549833362490901 -0.32566889627209045
v 0.9206114850391812 0.1529754545687464 -0.3592673153982125
v 0.9077210426165108 0.15083348553919823 -0.3915249269603291
v 0.8941485713929096 0.14857818567732084 -0.42240129618273464
v 0.8800149802865912 0.14622964608237346 -0.4518744572088735
v 0.880425781256419 0.17781467703470452 0.43958205642413106
v 0.8943351033238337 0.18062386511602072 0.40931618867728337
v 0.9076280630509187 0.18330856993842362 0.3776364221702767
v 0.9201801649653643 0.18584364784679508 0.3445730728877567
v 0.9318638598289596 0.18820333843397608 0.310176159862391
v 0.9425512655474927 0.19036181406774033 0.2745168329258866
v 0.9521173213394332 0.1922938169206241 0.23768822936679068
v 0.9604432707621335 0.19397536241727237 0.19980561158992216
v 0.9674203229974434 0.1953844786838422 0.16100566493439175
v 0.9729533017274403 0.19650194349105207 0.12144487993288135
v 0.9769640636735416 0.19731197467743025 0.08129700449200697
v 0.979394460505177 0.1978028283494646 0.04074962366361013
v 0.9802086324517009 0.19796726210958834 0.0
v 0.979394460505177 0.1978028283494646 -0.04074962366361013
v 0.9769640636735416 0.19731197467743025 -0.08129700449200697
v 0.9729533017274403 0.19650194349105207 -0.12144487993288135
v 0.9674203229974434 0.1953844786838422 -0.16100566493439175
v 0.9604432707621335 0.19397536241727237 -0.19980561158992216
v 0.9521173213394332 0.1922938169206241 -0.23768822936679068
v 0.9425512655474927 0.19036181406774033 -0.2745168329258866
v 0.9318638598289596 0.18820333843397608 -0.310176159862391
v 0.9201801649653643 0.18584364784679508 -0.3445730728877567
v 0.9076280630509187 0.18330856993842362 -0.3776364221702767
v 0.8943351033238337 0.18062386511602072 -0.40931618867728337
v 0.880425781256419 0.17781467703470452 -0.43958205642413106
v 0.8797961883636218 0.21000216035494146 0.42644783923370977
v 0.8934138974251714 0.21325262717877422 0.3953921153600762
v 0.906358534193755 0.2163424356166451 0.3629189414257753
v 0.9185029255516834 0.21924123019554 0.3290678634193027
v 0.9297179870805038 0.22191819922622696 0.2938992639513833
v 0.939875704299895 0.22434278640739477 0.2574955818140232
v 0.9488525147087816 0.22648549809891644 0.21996187051784008
v 0.9565329610412219 0.22831877533247957 0.18142555297528729
v 0.962813440448733 0.22981788871929154 0.14203526645126321
v 0.9676058382073501 0.23096180579451966 0.10195874720290397
v 0.970840814882997 0.2317339756442746 0.061379774269843715
v 0.9724705182242164 0.2321229762184079 0.02049426983896566
v 0.9724705182242164 0.2321229762184079 -0.02049426983896566
v 0.970840814882997 0.2317339756442746 -0.061379774269843715
v 0.9676058382073501 0.23096180579451966 -0.10195874720290397
v 0.962813440448733 0.22981788871929154 -0.14203526645126321
v 0.9565329610412219 0.22831877533247957 -0.18142555297528729
v 0.9488525147087816 0.22648549809891644 -0.21996187051784008
v 0.939875704299895 0.22434278640739477 -0.2574955818140232
v 0.9297179870805038 0.22191819922622696 -0.2938992639513833
v 0.9185029255516834 0.21924123019554 -0.3290678634193027
v 0.906358534193755 0.2163424356166451 -0.3629189414257753
v 0.8934138974251714 0.21325262717877422 -0.3953921153600762
v 0.8797961883636218 0.21000216035494146 -0.42644783923370977
v 0.8780501083049647 0.24268708117038695 0.4124693781829603
v 0.8913074614262478 0.24635132345293775 0.38063372766858655
v 0.9038344632739457 0.24981370160821487 0.3473850565109274
v 0.915502344047086 0.25303862453857456 0.3127729408627245
v 0.9261817459413649 0.25599033862624926 0.27686877760957995
v 0.9357459389410272 0.2586338165563632 0.2397667339079066
v 0.9440743879116139 0.26093574323711954 0.2015839477503192
v 0.9510565162951535 0.2628655560595668 0.16245984811645314
v 0.9565954686952953 0.26439648485055245 0.12255451060772854
v 0.960611644887223 0.26550652864903956 0.08204602947005209
v 0.9630457679124536 0.2661793037066536 0.04112696419812319
v 0.9638612634676226 0.26640470113456743 0.0
v 0.9630457679124536 0.2661793037066536 -0.04112696419812319
v 0.960611644887223 0.26550652864903956 -0.08204602947005209
v 0.9565954686952953 0.26439648485055245 -0.12255451060772854
v 0.9510565162951535 0.2628655560595668 -0.16245984811645314
v 0.9440743879116139 0.26093574323711954 -0.2015839477503192
v 0.9357459389410272 0.2586338165563632 -0.2397667339079066
v 0.9261817459413649 0.25599033862624926 -0.27686877760957995
v 0.915502344047086 0.25303862453857456 -0.3127729408627245
v 0.9038344632739457 0.24981370160821487 -0.3473850565109274
v 0.8913074614262478 0.24635132345293775 -0.38063372766858655
v 0.8780501083049647 0.24268708117038695 -0.4124693781829603
v 0.8751188121778101 0.2757504711811535 0.3976540484087528
v 0.8879470745271305 0.27979266446740847 0.365056239159035
v 0.8999881887167237 0.28358682688869546 0.33105856247134313
v 0.9111130234715139 0.287092269101521 0.295721300353452
v 0.9211933410130189 0.2902685833037129 0.25912733939151916
v 0.9301052080059191 0.29307671802576335 0.22138278928478863
v 0.9377326912292964 0.2954801426390891 0.18261677115162414
v 0.9439716598569311 0.2974460454568715 0.1429802623756833
v 0.9487334782899449 0.2989464973478724 0.10264394232150857
v 0.9519483524043513 0.2999595061410779 0.06179505668127298
v 0.9535680937508242 0.3004698876267301 0.020633400349908963
v 0.9535680937508242 0.3004698876267301 -0.020633400349908963
v 0.9519483524043513 0.2999595061410779 -0.06179505668127298
v 0.9487334782899449 0.2989464973478724 -0.10264394232150857
v 0.9439716598569311 0.2974460454568715 -0.1429802623756833
v 0.9377326912292964 0.2954801426390891 -0.18261677115162414
v 0.9301052080059191 0.29307671802576335 -0.22138278928478863
v 0.9211933410130189 0.2902685833037129 -0.25912733939151916
v 0.9111130234715139 0.287092269101521 -0.295721300353452
v 0.8999881887167237 0.28358682688869546 -0.33105856247134313
v 0.8879470745271305 0.27979266446740847 -0.365056239159035
v 0.8751188121778101 0.2757504711811535 -0.3976540484087528
v 0.8709433382523454 0.30906062230949305 0.3820199383429215
v 0.8832753563567434 0.3134367292527129 0.34868619360139497
v 0.894765086537747 0.317513944157456 0.3139750550261502
v 0.9052843952476647 0.32124679789588234 0.27795801582741286
v 0.9147076473226503 0.3245907079099578 0.2407297079048919
v 0.9229152593553265 0.3275032391517534 0.2024081332214689
v 0.9297974554742985 0.3299454368493138 0.16313399552464636
v 0.935258027459989 0.3318831608112994 0.12306904420507811
v 0.9392178706157669 0.33328834015675324 0.08239340890836397
v 0.9416180563510772 0.3341400636437275 0.041301983266975324
v 0.9424222167125194 0.3344254258376018 0.0
v 0.9416180563510772 0.3341400636437275 -0.041301983266975324
v 0.9392178706157669 0.33328834015675324 -0.08239340890836397
v 0.935258027459989 0.3318831608112994 -0.12306904420507811
v 0.9297974554742985 0.3299454368493138 -0.16313399552464636
v 0.9229152593553265 0.3275032391517534 -0.2024081332214689
v 0.9147076473226503 0.3245907079099578 -0.2407297079048919
v 0.9052843952476647 0.32124679789588234 -0.27795801582741286
v 0.894765086537747 0.317513944157456 -0.3139750550261502
v 0.8832753563567434 0.3134367292527129 -0.34868619360139497
v 0.8709433382523454 0.30906062230949305 -0.3820199383429215
v 0.8654768353476817 0.34247489551749194 0.3655964898858365
v 0.8772487149656807 0.34713310597161595 0.33156190798938373
v 0.8881260803396727 0.35143735123598163 0.29618212906373387
v 0.8979832364126437 0.35533789294699597 0.259540149028745
v 0.9066986685227898 0.3587866469510394 0.22174234252535113
v 0.914158673724025 0.36173862024195547 0.18291826010701567
v 0.920261099255584 0.3641533902981458 0.143219473296302
v 0.9249189753196432 0.3659965425966487 0.10281741049530799
v 0.9280638083113687 0.36724097376600345 0.061900201049726884
v 0.9296483021157386 0.36786796842136205 0.02066862798697952
v 0.9296483021157386 0.36786796842136205 -0.02066862798697952
v 0.9280638083113687 0.36724097376600345 -0.061900201049726884
v 0.9249189753196432 0.3659965425966487 -0.10281741049530799
v 0.920261099255584 0.3641533902981458 -0.143219473296302
v 0.914158673724025 0.36173862024195547 -0.18291826010701567
v 0.9066986685227898 0.3587866469510394 -0.22174234252535113
v 0.8979832364126437 0.35533789294699597 -0.259540149028745
v 0.8881260803396727 0.35143735123598163 -0.29618212906373387
v 0.8772487149656807 0.34713310597161595 -0.33156190798938373
v 0.8654768353476817 0.34247489551749194 -0.3655964898858365
v 0.8586867125521431 0.37584210890664 0.3484247965616146
v 0.8698395227337037 0.3807236281354806 0.31373352334387034
v 0.8800497884878364 0.38519260122826904 0.2777391397363972
v 0.8891957226704116 0.3891957226704115 0.2405361848863923
v 0.8971614220271429 0.39268226229119135 0.20224248739596448
v 0.9038405031465426 0.39560565669892916 0.1629984946544405
v 0.9091397415487533 0.39792510208869925 0.12296561903379395
v 0.912982492932299 0.3996070517018511 0.08232358003196016
v 0.915311665591641 0.4006265168356401 0.041266800699817925
v 0.9160920268893069 0.400968076372473 0.0
v 0.915311665591641 0.4006265168356401 -0.041266800699817925
v 0.912982492932299 0.3996070517018511 -0.08232358003196016
v 0.9091397415487533 0.39792510208869925 -0.12296561903379395
v 0.9038405031465426 0.39560565669892916 -0.1629984946544405
v 0.8971614220271429 0.39268226229119135 -0.20224248739596448
v 0.8891957226704116 0.3891957226704115 -0.2405361848863923
v 0.8800497884878364 0.38519260122826904 -0.2777391397363972
v 0.8698395227337037 0.3807236281354806 -0.31373352334387034
v 0.8586867125521431 0.37584210890664 -0.3484247965616146
v 0.8505564552831786 0.4090054449246234 0.3305575024078644
v 0.8610378683054433 0.4140456218229139 0.2952626159765146
v 0.8705341480560777 0.4186120795817275 0.2587164932827835
v 0.8789288531862556 0.4226488252738595 0.2210249794283899
v 0.8861130895537397 0.4261034951828055 0.18231676805637753
v 0.8919890727412468 0.428929067904108 0.1427422460840656
v 0.8964735862136608 0.4310855272627575 0.1024713491948283
v 0.8995011135911031 0.43254136852331204 0.061690446297184794
v 0.901026425250014 0.4332748422037791 0.020598352227090992
v 0.901026425250014 0.4332748422037791 -0.020598352227090992
v 0.8995011135911031 0.43254136852331204 -0.061690446297184794
v 0.8964735862136608 0.4310855272627575 -0.1024713491948283
v 0.8919890727412468 0.428929067904108 -0.1427422460840656
v 0.8861130895537397 0.4261034951828055 -0.18231676805637753
v 0.8789288531862556 0.4226488252738595 -0.2210249794283899
v 0.8705341480560777 0.4186120795817275 -0.2587164932827835
v 0.8610378683054433 0.4140456218229139 -0.2952626159765146
v 0.8505564552831786 0.4090054449246234 -0.3305575024078644
v 0.8410869746399976 0.44180577123660203 0.31205826634294936
v 0.8508527468953723 0.44693553150289744 0.27622134924879
v 0.859597378259831 0.4515289073613311 0.23919446713063303
v 0.8672111164674978 0.45552824819320126 0.20109424301364018
v 0.8735933162895316 0.4588806871199444 0.1620593493834467
v 0.8786558506936645 0.46153993281541733 0.12224887099083037
v 0.8823263125350244 0.4634679512885492 0.08183969902645828
v 0.8845507926055213 0.46463642513581926 0.041023014735026044
v 0.8852960331959687 0.46502788476335705 0.0
v 0.8845507926055213 0.46463642513581926 -0.041023014735026044
v 0.8823263125350244 0.4634679512885492 -0.08183969902645828
v 0.8786558506936645 0.46153993281541733 -0.12224887099083037
v 0.8735933162895316 0.4588806871199444 -0.1620593493834467
v 0.8672111164674978 0.45552824819320126 -0.20109424301364018
v 0.859597378259831 0.4515289073613311 -0.23919446713063303
v 0.8508527468953723 0.44693553150289744 -0.27622134924879
v 0.8410869746399976 0.44180577123660203 -0.31205826634294936
v 0.8302973778480396 0.47408522894010147 0.293000785049258
v 0.8393125809738874 0.4792327516854295 0.25669117852190265
v 0.8472781857091934 0.4837809721728549 0.21926159486974697
v 0.854092316886348 0.487671721469838 0.180838619532319
v 0.8596636026731345 0.4908528278639892 0.14156974117717513
v 0.8639143617644119 0.49327993669357567 0.10162125561500872
v 0.8667834842525456 0.4949181552739709 0.0611752483217424
v 0.8682288068267452 0.4957434090947858 0.020425751767954758
v 0.8682288068267452 0.4957434090947858 -0.020425751767954758
v 0.8667834842525456 0.4949181552739709 -0.0611752483217424
v 0.8639143617644119 0.49327993669357567 -0.10162125561500872
v 0.8596636026731345 0.4908528278639892 -0.14156974117717513
v 0.854092316886348 0.487671721469838 -0.180838619532319
v 0.8472781857091934 0.4837809721728549 -0.21926159486974697
v 0.8393125809738874 0.4792327516854295 -0.25669117852190265
v 0.8302973778480396 0.47408522894010147 -0.293000785049258
v 0.81822508158865 0.5056909108694415 0.2734673993793074
v 0.826465006573357 0.5107834645747399 0.23676115649896284
v 0.8336351666024752 0.5152148671775109 0.1990126871406027
v 0.8396425434090717 0.5189276302272153 0.1603574565909282
v 0.8444058028747498 0.5218714864742391 0.12095036865019153
v 0.8478581957971557 0.5240051826428055 0.08096325328858756
v 0.849950068961268 0.5252980313583807 0.04058150470036092
v 0.8506508083520399 0.5257311121191336 0.0
v 0.849950068961268 0.5252980313583807 -0.04058150470036092
v 0.8478581957971557 0.5240051826428055 -0.08096325328858756
v 0.8444058028747498 0.5218714864742391 -0.12095036865019153
v 0.8396425434090717 0.5189276302272153 -0.1603574565909282
v 0.8336351666024752 0.5152148671775109 -0.1990126871406027
v 0.826465006573357 0.5107834645747399 -0.23676115649896284
v 0.81822508158865 0.5056909108694415 -0.2734673993793074
v 0.8049252343143145 0.5364784365015882 0.2535473414036464
v 0.8123759130305915 0.5414442746915028 0.2165259183827774
v 0.8187454212152472 0.5456895184067144 0.17854658983054106
v 0.8239503286226542 0.5491585618271756 0.13975238793855504
v 0.8279198147302002 0.5518042034469282 0.10030404496037161
v 0.830598234695188 0.5535893562708862 0.0603771243503969
v 0.8319472297451418 0.554488454378879 0.02015839477503192
v 0.8319472297451418 0.554488454378879 -0.02015839477503192
v 0.830598234695188 0.5535893562708862 -0.0603771243503969
v 0.8279198147302002 0.5518042034469282 -0.10030404496037161
v 0.8239503286226542 0.5491585618271756 -0.13975238793855504
v 0.8187454212152472 0.5456895184067144 -0.17854658983054106
v 0.8123759130305915 0.5414442746915028 -0.2165259183827774
v 0.8049252343143145 0.5364784365015882 -0.2535473414036464
v 0.7904694635995504 0.566315231434094 0.23333470758202193
v 0.7971277799199148 0.5710854422032208 0.19608345208991892
v 0.8027024564495482 0.5750793020225153 0.15796380216732472
v 0.8071201088323375 0.5782442362125881 0.11912486392603408
v 0.8103206080572807 0.5805371666074257 0.07973148904354434
v 0.8122592798354954 0.581926087251817 0.039961122317984425
v 0.8129086024997529 0.5823912808257851 0.0
v 0.8122592798354954 0.581926087251817 -0.039961122317984425
v 0.8103206080572807 0.5805371666074257 -0.07973148904354434
v 0.8071201088323375 0.5782442362125881 -0.11912486392603408
v 0.8027024564495482 0.5750793020225153 -0.15796380216732472
v 0.7971277799199148 0.5710854422032208 -0.19608345208991892
v 0.7904694635995504 0.566315231434094 -0.23333470758202193
v 0.7749440143527866 0.59508333910218 0.21292626456543118
v 0.7808174074305257 0.5995935466782457 0.17553277481790902
v 0.785613505248246 0.6032764938991664 0.1373640865739407
v 0.7892691469276807 0.6060836792143222 0.09857376678448401
v 0.7917347841663707 0.607977054237342 0.05932902377348142
v 0.7929762998254374 0.6089304202486431 0.019807352447232557
v 0.7929762998254374 0.6089304202486431 -0.019807352447232557
v 0.7917347841663707 0.607977054237342 -0.05932902377348142
v 0.7892691469276807 0.6060836792143222 -0.09857376678448401
v 0.785613505248246 0.6032764938991664 -0.1373640865739407
v 0.7808174074305257 0.5995935466782457 -0.17553277481790902
v 0.7749440143527866 0.59508333910218 -0.21292626456543118
v 0.7584473873343167 0.6226816282136217 0.19241920520307185
v 0.7635531791048055 0.6268734585054259 0.15497164160062002
v 0.7675964309159192 0.6301929486415454 0.11684419851929759
v 0.7705241128862675 0.6325965613464364 0.07819323521568113
v 0.772296883942043 0.63405199778922 0.03918656852685111
v 0.7728905323153185 0.634539380225801 0.0
v 0.772296883942043 0.63405199778922 -0.03918656852685111
v 0.7705241128862675 0.6325965613464364 -0.07819323521568113
v 0.7675964309159192 0.6301929486415454 -0.11684419851929759
v 0.7635531791048055 0.6268734585054259 -0.15497164160062002
v 0.7584473873343167 0.6226816282136217 -0.19241920520307185
v 0.74108761980051 0.6490273068499354 0.17190897225431467
v 0.745452023828924 0.6528495504239531 0.1344944039006971
v 0.7487764056407108 0.655760966721564 0.09649584903081317
v 0.7510175291529705 0.65772369058662 0.05807079942693577
v 0.7521456636150109 0.6587116845189162 0.019386009991399434
v 0.7521456636150109 0.6587116845189162 -0.019386009991399434
v 0.7510175291529705 0.65772369058662 -0.05807079942693577
v 0.7487764056407108 0.655760966721564 -0.09649584903081317
v 0.745452023828924 0.6528495504239531 -0.1344944039006971
v 0.74108761980051 0.6490273068499354 -0.17190897225431467
v 0.72297936789934 0.6740567073317085 0.15148725653666772
v 0.7266362547516173 0.6774661394955789 0.11419011830057597
v 0.7292825544867066 0.6799333690808849 0.07640398766858429
v 0.7308842799408055 0.6814267087715821 0.038285896987528524
v 0.7314205382620619 0.6819266794959965 0.0
v 0.7308842799408055 0.6814267087715821 -0.038285896987528524
v 0.7292825544867066 0.6799333690808849 -0.07640398766858429
v 0.7266362547516173 0.6774661394955789 -0.11419011830057597
v 0.72297936789934 0.6740567073317085 -0.15148725653666772
v 0.7042409525988711 0.6977253583648625 0.13124025669457828
v 0.7072304565289836 0.7006872035874011 0.0941409798476372
v 0.7092447404034536 0.702682851430624 0.05664546332554151
v 0.7102583579163166 0.7036870910162335 0.018908806073590134
v 0.7102583579163166 0.7036870910162335 -0.018908806073590134
v 0.7092447404034536 0.702682851430624 -0.05664546332554151
v 0.7072304565289836 0.7006872035874011 -0.0941409798476372
v 0.7042409525988711 0.6977253583648625 -0.13124025669457828
v 0.6849915186122514 0.7200074069312279 0.11124726240879386
v 0.6873585714390034 0.7224954604640829 0.0744211252140515
v 0.6887906362459505 0.7240007305881516 0.03728808828193611
v 0.6892699839446963 0.7245045819267661 0.0
v 0.6887906362459505 0.7240007305881516 -0.03728808828193611
v 0.6873585714390034 0.7224954604640829 -0.0744211252140515
v 0.6849915186122514 0.7200074069312279 -0.11124726240879386
v 0.6653484319822918 0.7408944876446022 0.09157959508836064
v 0.6671413036251347 0.7428909283866042 0.05509582124122626
v 0.668043191614439 0.7438952199842528 0.01839010120075393
v 0.668043191614439 0.7438952199842528 -0.01839010120075393
v 0.6671413036251347 0.7428909283866042 -0.05509582124122626
v 0.6653484319822918 0.7408944876446022 -0.09157959508836064
v 0.6454250107960766 0.7603941596283419 0.07229991315341976
v 0.6466939239077052 0.761889103429742 0.03622102781367421
v 0.647118560988119 0.762389380844635 0.0
v 0.6466939239077052 0.761889103429742 -0.03622102781367421
v 0.6454250107960766 0.7603941596283419 -0.07229991315341976
v 0.6253286492954697 0.7785280401511081 0.05346186555646973
v 0.6261245199973067 0.7795188913753609 0.017843302583059637
v 0.6261245199973067 0.7795188913753609 -0.017843302583059637
v 0.6253286492954697 0.7785280401511081 -0.05346186555646973
v 0.6051593623925604 0.7953297617156287 0.035110058928900956
v 0.6055327024811289 0.7958204233530959 0.0
v 0.6051593623925604 0.7953297617156287 -0.035110058928900956
v 0.5850087483405252 0.8108428675723047 0.017280291437762562
v 0.5850087483405252 0.8108428675723047 -0.017280291437762562
v 0.564959343968111 0.8251187427656227 0.0
f 1 199 106
f 199 200 943
f 200 201 944
f 201 202 945
f 202 203 946
f 203 204 947
f 204 205 948
f 205 206 949
f 206 207 950
f 207 208 951
f 208 209 952
f 209 210 953
f 210 211 954
f 211 212 955
f 212 213 956
f 213 214 957
f 214 215 958
f 215 216 959
f 216 217 960
f 217 218 961
f 218 219 962
f 219 220 963
f 220 221 964
f 221 222 965
f 222 223 966
f 223 224 967
f 224 225 968
f 225 226 969
f 226 227 970
f 227 228 971
f 228 229 972
f 229 12 818
f 199 943 106
f 200 944 943
f 201 945 944
f 202 946 945
f 203 947 946
f 204 948 947
f 205 949 948
f 206 950 949
f 207 951 950
f 208 952 951
f 209 953 952
f 210 954 953
f 211 955 954
f 212 956 955
f 213 957 956
f 214 958 957
f 215 959 958
f 216 960 959
f 217 961 960
f 218 962 961
f 219 963 962
f 220 964 963
f 221 965 964
f 222 966 965
f 223 967 966
f 224 968 967
f 225 969 968
f 226 970 969
f 227 971 970
f 228 972 971
f 229 818 972
f 106 943 107
f 943 944 973
f 944 945 974
f 945 946 975
f 946 947 976
f 947 948 977
f 948 949 978
f 949 950 979
f 950 951 980
f 951 952 981
f 952 953 982
f 953 954 983
f 954 955 984
f 955 956 985
f 956 957 986
f 957 958 987
f 958 959 988
f 959 960 989
f 960 961 990
f 961 962 991
f 962 963 992
f 963 964 993
f 964 965 994
f 965 966 995
f 966 967 996
f 967 968 997
f 968 969 998
f 969 970 999
f 970 971 1000
f 971 972 1001
f 972 818 817
f 943 973 107
f 944 974 973
f 945 975 974
f 946 976 975
f 947 977 976
f 948 978 977
f 949 979 978
f 950 980 979
f 951 981 980
f 952 982 981
f 953 983 982
f 954 984 983
f 955 985 984
f 956 986 985
f 957 987 986
f 958 988 987
f 959 989 988
f 960 990 989
f 961 991 990
f 962 992 991
f 963 993 992
f 964 994 993
f 965 995 994
f 966 996 995
f 967 997 996
f 968 998 997
f 969 999 998
f 970 1000 999
f 971 1001 1000
f 972 817 1001
f 107 973 108
f 973 974 1002
f 974 975 1003
f 975 976 1004
f 976 977 1005
f 977 978 1006
f 978 979 1007
f 979 980 1008
f 980 981 1009
f 981 982 1010
f 982 983 1011
f 983 984 1012
f 984 985 1013
f 985 986 1014
f 986 987 1015
f 987 988 1016
f 988 989 1017
f 989 990 1018
f 990 991 1019
f 991 992 1020
f 992 993 1021
f 993 994 1022
f 994 995 1023
f 995 996 1024
f 996 997 1025
f 997 998 1026
f 998 999 1027
f 999 1000 1028
f 1000 1001 1029
f 1001 817 816
f 973 1002 108
f 974 1003 1002
f 975 1004 1003
f 976 1005 1004
f 977 1006 1005
f 978 1007 1006
f 979 1008 1007
f 980 1009 1008
f 981 1010 1009
f 982 1011 1010
f 983 1012 1011
f 984 1013 1012
f 985 1014 1013
f 986 1015 1014
f 987 1016 1015
f 988 1017 1016
f 989 1018 1017
f 990 1019 1018
f 991 1020 1019
f 992 1021 1020
f 993 1022 1021
f 994 1023 1022
f 995 1024 1023
f 996 1025 1024
f 997 1026 1025
f 998 1027 1026
f 999 1028 1027
f 1000 1029 1028
f 1001 816 1029
f 108 1002 109
f 1002 1003 1030
f 1003 1004 1031
f 1004 1005 1032
f 1005 1006 1033
f 1006 1007 1034
f 1007 1008 1035
f 1008 1009 1036
f 1009 1010 1037
f 1010 1011 1038
f 1011 1012 1039
f 1012 1013 1040
f 1013 1014 1041
f 1014 1015 1042
f 1015 1016 1043
f 1016 1017 1044
f 1017 1018 1045
f 1018 1019 1046
f 1019 1020 1047
f 1020 1021 1048
f 1021 1022 1049
f 1022 1023 1050
f 1023 1024 1051
f 1024 1025 1052
f 1025 1026 1053
f 1026 1027 1054
f 1027 1028 1055
f 1028 1029 1056
f 1029 816 815
f 1002 1030 109
f 1003 1031 1030
f 1004 1032 1031
f 1005 1033 1032
f 1006 1034 1033
f 1007 1035 1034
f 1008 1036 1035
f 1009 1037 1036
f 1010 1038 1037
f 1011 1039 1038
f 1012 1040 1039
f 1013 1041 1040
f 1014 1042 1041
f 1015 1043 1042
f 1016 1044 1043
f 1017 1045 1044
f 1018 1046 1045
f 1019 1047 1046
f 1020 1048 1047
f 1021 1049 1048
f 1022 1050 1049
f 1023 1051 1050
f 1024 1052 1051
f 1025 1053 1052
f 1026 1054 1053
f 1027 1055 1054
f 1028 1056 1055
f 1029 815 1056
f 109 1030 110
f 1030 1031 1057
f 1031 1032 1058
f 1032 1033 1059
f 1033 1034 1060
f 1034 1035 1061
f 1035 1036 1062
f 1036 1037 1063
f 1037 1038 1064
f 1038 1039 1065
f 1039 1040 1066
f 1040 1041 1067
f 1041 1042 1068
f 1042 1043 1069
f 1043 1044 1070
f 1044 1045 1071
f 1045 1046 1072
f 1046 1047 1073
f 1047 1048 1074
f 1048 1049 1075
f 1049 1050 1076
f 1050 1051 1077
f 1051 1052 1078
f 1052 1053 1079
f 1053 1054 1080
f 1054 1055 1081
f 1055 1056 1082
f 1056 815 814
f 1030 1057 110
f 1031 1058 1057
f 1032 1059 1058
f 1033 1060 1059
f 1034 1061 1060
f 1035 1062 1061
f 1036 1063 1062
f 1037 1064 1063
f 1038 1065 1064
f 1039 1066 1065
f 1040 1067 1066
f 1041 1068 1067
f 1042 1069 1068
f 1043 1070 1069
f 1044 1071 1070
f 1045 1072 1071
f 1046 1073 1072
f 1047 1074 1073
f 1048 1075 1074
f 1049 1076 1075
f 1050 1077 1076
f 1051 1078 1077
f 1052 1079 1078
f 1053 1080 1079
f 1054 1081 1080
f 1055 1082 1081
f 1056 814 1082
f 110 1057 111
f 1057 1058 1083
f 1058 1059 1084
f 1059 1060 1085
f 1060 1061 1086
f 1061 1062 1087
f 1062 1063 1088
f 1063 1064 1089
f 1064 1065 1090
f 1065 1066 1091
f 1066 1067 1092
f 1067 1068 1093
f 1068 1069 1094
f 1069 1070 1095
f 1070 1071 1096
f 1071 1072 1097
f 1072 1073 1098
f 1073 1074 1099
f 1074 1075 1100
f 1075 1076 1101
f 1076 1077 1102
f 1077 1078 1103
f 1078 1079 1104
f 1079 1080 1105
f 1080 1081 1106
f 1081 1082 1107
f 1082 814 813
f 1057 1083 111
f 1058 1084 1083
f 1059 1085 1084
f 1060 1086 1085
f 1061 1087 1086
f 1062 1088 1087
f 1063 1089 1088
f 1064 1090 1089
f 1065 1091 1090
f 1066 1092 1091
f 1067 1093 1092
f 1068 1094 1093
f 1069 1095 1094
f 1070 1096 1095
f 1071 1097 1096
f 1072 1098 1097
f 1073 1099 1098
f 1074 1100 1099
f 1075 1101 1100
f 1076 1102 1101
f 1077 1103 1102
f 1078 1104 1103
f 1079 1105 1104
f 1080 1106 1105
f 1081 1107 1106
f 1082 813 1107
f 111 1083 112
f 1083 1084 1108
f 1084 1085 1109
f 1085 1086 1110
f 1086 1087 1111
f 1087 1088 1112
f 1088 1089 1113
f 1089 1090 1114
f 1090 1091 1115
f 1091 1092 1116
f 1092 1093 1117
f 1093 1094 1118
f 1094 1095 1119
f 1095 1096 1120
f 1096 1097 1121
f 1097 1098 1122
f 1098 1099 1123
f 1099 1100 1124
f 1100 1101 1125
f 1101 1102 1126
f 1102 1103 1127
f 1103 1104 1128
f 1104 1105 1129
f 1105 1106 1130
f 1106 1107 1131
f 1107 813 812
f 1083 1108 112
f 1084 1109 1108
f 1085 1110 1109
f 1086 1111 1110
f 1087 1112 1111
f 1088 1113 1112
f 1089 1114 1113
f 1090 1115 1114
f 1091 1116 1115
f 1092 1117 1116
f 1093 1118 1117
f 1094 1119 1118
f 1095 1120 1119
f 1096 1121 1120
f 1097 1122 1121
f 1098 1123 1122
f 1099 1124 1123
f 1100 1125 1124
f 1101 1126 1125
f 1102 1127 1126
f 1103 1128 1127
f 1104 1129 1128
f 1105 1130 1129
f 1106 1131 1130
f 1107 812 1131
f 112 1108 113
f 1108 1109 1132
f 1109 1110 1133
f 1110 1111 1134
f 1111 1112 1135
f 1112 1113 1136
f 1113 1114 1137
f 1114 1115 1138
f 1115 1116 1139
f 1116 1117 1140
f 1117 1118 1141
f 1118 1119 1142
f 1119 1120 1143
f 1120 1121 1144
f 1121 1122 1145
f 1122 1123 1146
f 1123 1124 1147
f 1124 1125 1148
f 1125 1126 1149
f 1126 1127 1150
f 1127 1128 1151
f 1128 1129 1152
f 1129 1130 1153
f 1130 1131 1154
f 1131 812 811
f 1108 1132 113
f 1109 1133 1132
f 1110 1134 1133
f 1111 1135 1134
f 1112 1136 1135
f 1113 1137 1136
f 1114 1138 1137
f 1115 1139 1138
f 1116 1140 1139
f 1117 1141 1140
f 1118 1142 1141
f 1119 1143 1142
f 1120 1144 1143
f 1121 1145 1144
f 1122 1146 1145
f 1123 1147 1146
f 1124 1148 1147
f 1125 1149 1148
f 1126 1150 1149
f 1127 1151 1150
f 1128 1152 1151
f 1129 1153 1152
f 1130 1154 1153
f 1131 811 1154
f 113 1132 114
f 1132 1133 1155
f 1133 1134 1156
f 1134 1135 1157
f 1135 1136 1158
f 1136 1137 1159
f 1137 1138 1160
f 1138 1139 1161
f 1139 1140 1162
f 1140 1141 1163
f 1141 1142 1164
f 1142 1143 1165
f 1143 1144 1166
f 1144 1145 1167
f 1145 1146 1168
f 1146 1147 1169
f 1147 1148 1170
f 1148 1149 1171
f 1149 1150 1172
f 1150 1151 1173
f 1151 1152 1174
f 1152 1153 1175
f 1153 1154 1176
f 1154 811 810
f 1132 1155 114
f 1133 1156 1155
f 1134 1157 1156
f 1135 1158 1157
f 1136 1159 1158
f 1137 1160 1159
f 1138 1161 1160
f 1139 1162 1161
f 1140 1163 1162
f 1141 1164 1163
f 1142 1165 1164
f 1143 1166 1165
f 1144 1167 1166
f 1145 1168 1167
f 1146 1169 1168
f 1147 1170 1169
f 1148 1171 1170
f 1149 1172 1171
f 1150 1173 1172
f 1151 1174 1173
f 1152 1175 1174
f 1153 1176 1175
f 1154 810 1176
f 114 1155 115
f 1155 1156 1177
f 1156 1157 1178
f 1157 1158 1179
f 1158 1159 1180
f 1159 1160 1181
f 1160 1161 1182
f 1161 1162 1183
f 1162 1163 1184
f 1163 1164 1185
f 1164 1165 1186
f 1165 1166 1187
f 1166 1167 1188
f 1167 1168 1189
f 1168 1169 1190
f 1169 1170 1191
f 1170 1171 1192
f 1171 1172 1193
f 1172 1173 1194
f 1173 1174 1195
f 1174 1175 1196
f 1175 1176 1197
f 1176 810 809
f 1155 1177 115
f 1156 1178 1177
f 1157 1179 1178
f 1158 1180 1179
f 1159 1181 1180
f 1160 1182 1181
f 1161 1183 1182
f 1162 1184 1183
f 1163 1185 1184
f 1164 1186 1185
f 1165 1187 1186
f 1166 1188 1187
f 1167 1189 1188
f 1168 1190 1189
f 1169 1191 1190
f 1170 1192 1191
f 1171 1193 1192
f 1172 1194 1193
f 1173 1195 1194
f 1174 1196 1195
f 1175 1197 1196
f 1176 809 1197
f 115 1177 116
f 1177 1178 1198
f 1178 1179 1199
f 1179 1180 1200
f 1180 1181 1201
f 1181 1182 1202
f 1182 1183 1203
f 1183 1184 1204
f 1184 1185 1205
f 1185 1186 1206
f 1186 1187 1207
f 1187 1188 1208
f 1188 1189 1209
f 1189 1190 1210
f 1190 1191 1211
f 1191 1192 1212
f 1192 1193 1213
f 1193 1194 1214
f 1194 1195 1215
f 1195 1196 1216
f 1196 1197 1217
f 1197 809 808
f 1177 1198 116
f 1178 1199 1198
f 1179 1200 1199
f 1180 1201 1200
f 1181 1202 1201
f 1182 1203 1202
f 1183 1204 1203
f 1184 1205 1204
f 1185 1206 1205
f 1186 1207 1206
f 1187 1208 1207
f 1188 1209 1208
f 1189 1210 1209
f 1190 1211 1210
f 1191 1212 1211
f 1192 1213 1212
f 1193 1214 1213
f 1194 1215 1214
f 1195 1216 1215
f 1196 1217 1216
f 1197 808 1217
f 116 1198 117
f 1198 1199 1218
f 1199 1200 1219
f 1200 1201 1220
f 1201 1202 1221
f 1202 1203 1222
f 1203 1204 1223
f 1204 1205 1224
f 1205 1206 1225
f 1206 1207 1226
f 1207 1208 1227
f 1208 1209 1228
f 1209 1210 1229
f 1210 1211 1230
f 1211 1212 1231
f 1212 1213 1232
f 1213 1214 1233
f 1214 1215 1234
f 1215 1216 1235
f 1216 1217 1236
f 1217 808 807
f 1198 1218 117
f 1199 1219 1218
f 1200 1220 1219
f 1201 1221 1220
f 1202 1222 1221
f 1203 1223 1222
f 1204 1224 1223
f 1205 1225 1224
f 1206 1226 1225
f 1207 1227 1226
f 1208 1228 1227
f 1209 1229 1228
f 1210 1230 1229
f 1211 1231 1230
f 1212 1232 1231
f 1213 1233 1232
f 1214 1234 1233
f 1215 1235 1234
f 1216 1236 1235
f 1217 807 1236
f 117 1218 118
f 1218 1219 1237
f 1219 1220 1238
f 1220 1221 1239
f 1221 1222 1240
f 1222 1223 1241
f 1223 1224 1242
f 1224 1225 1243
f 1225 1226 1244
f 1226 1227 1245
f 1227 1228 1246
f 1228 1229 1247
f 1229 1230 1248
f 1230 1231 1249
f 1231 1232 1250
f 1232 1233 1251
f 1233 1234 1252
f 1234 1235 1253
f 1235 1236 1254
f 1236 807 806
f 1218 1237 118
f 1219 1238 1237
f 1220 1239 1238
f 1221 1240 1239
f 1222 1241 1240
f 1223 1242 1241
f 1224 1243 1242
f 1225 1244 1243
f 1226 1245 1244
f 1227 1246 1245
f 1228 1247 1246
f 1229 1248 1247
f 1230 1249 1248
f 1231 1250 1249
f 1232 1251 1250
f 1233 1252 1251
f 1234 1253 1252
f 1235 1254 1253
f 1236 806 1254
f 118 1237 119
f 1237 1238 1255
f 1238 1239 1256
f 1239 1240 1257
f 1240 1241 1258
f 1241 1242 1259
f 1242 1243 1260
f 1243 1244 1261
f 1244 1245 1262
f 1245 1246 1263
f 1246 1247 1264
f 1247 1248 1265
f 1248 1249 1266
f 1249 1250 1267
f 1250 1251 1268
f 1251 1252 1269
f 1252 1253 1270
f 1253 1254 1271
f 1254 806 805
f 1237 1255 119
f 1238 1256 1255
f 1239 1257 1256
f 1240 1258 1257
f 1241 1259 1258
f 1242 1260 1259
f 1243 1261 1260
f 1244 1262 1261
f 1245 1263 1262
f 1246 1264 1263
f 1247 1265 1264
f 1248 1266 1265
f 1249 1267 1266
f 1250 1268 1267
f 1251 1269 1268
f 1252 1270 1269
f 1253 1271 1270
f 1254 805 1271
f 119 1255 120
f 1255 1256 1272
f 1256 1257 1273
f 1257 1258 1274
f 1258 1259 1275
f 1259 1260 1276
f 1260 1261 1277
f 1261 1262 1278
f 1262 1263 1279
f 1263 1264 1280
f 1264 1265 1281
f 1265 1266 1282
f 1266 1267 1283
f 1267 1268 1284
f 1268 1269 1285
f 1269 1270 1286
f 1270 1271 1287
f 1271 805 804
f 1255 1272 120
f 1256 1273 1272
f 1257 1274 1273
f 1258 1275 1274
f 1259 1276 1275
f 1260 1277 1276
f 1261 1278 1277
f 1262 1279 1278
f 1263 1280 1279
f 1264 1281 1280
f 1265 1282 1281
f 1266 1283 1282
f 1267 1284 1283
f 1268 1285 1284
f 1269 1286 1285
f 1270 1287 1286
f 1271 804 1287
f 120 1272 121
f 1272 1273 1288
f 1273 1274 1289
f 1274 1275 1290
f 1275 1276 1291
f 1276 1277 1292
f 1277 1278 1293
f 1278 1279 1294
f 1279 1280 1295
f 1280 1281 1296
f 1281 1282 1297
f 1282 1283 1298
f 1283 1284 1299
f 1284 1285 1300
f 1285 1286 1301
f 1286 1287 1302
f 1287 804 803
f 1272 1288 121
f 1273 1289 1288
f 1274 1290 1289
f 1275 1291 1290
f 1276 1292 1291
f 1277 1293 1292
f 1278 1294 1293
f 1279 1295 1294
f 1280 1296 1295
f 1281 1297 1296
f 1282 1298 1297
f 1283 1299 1298
f 1284 1300 1299
f 1285 1301 1300
f 1286 1302 1301
f 1287 803 1302
f 121 1288 122
f 1288 1289 1303
f 1289 1290 1304
f 1290 1291 1305
f 1291 1292 1306
f 1292 1293 1307
f 1293 1294 1308
f 1294 1295 1309
f 1295 1296 1310
f 1296 1297 1311
f 1297 1298 1312
f 1298 1299 1313
f 1299 1300 1314
f 1300 1301 1315
f 1301 1302 1316
f 1302 803 802
f 1288 1303 122
f 1289 1304 1303
f 1290 1305 1304
f 1291 1306 1305
f 1292 1307 1306
f 1293 1308 1307
f 1294 1309 1308
f 1295 1310 1309
f 1296 1311 1310
f 1297 1312 1311
f 1298 1313 1312
f 1299 1314 1313
f 1300 1315 1314
f 1301 1316 1315
f 1302 802 1316
f 122 1303 123
f 1303 1304 1317
f 1304 1305 1318
f 1305 1306 1319
f 1306 1307 1320
f 1307 1308 1321
f 1308 1309 1322
f 1309 1310 1323
f 1310 1311 1324
f 1311 1312 1325
f 1312 1313 1326
f 1313 1314 1327
f 1314 1315 1328
f 1315 1316 1329
f 1316 802 801
f 1303 1317 123
f 1304 1318 1317
f 1305 1319 1318
f 1306 1320 1319
f 1307 1321 1320
f 1308 1322 1321
f 1309 1323 1322
f 1310 1324 1323
f 1311 1325 1324
f 1312 1326 1325
f 1313 1327 1326
f 1314 1328 1327
f 1315 1329 1328
f 1316 801 1329
f 123 1317 124
f 1317 1318 1330
f 1318 1319 1331
f 1319 1320 1332
f 1320 1321 1333
f 1321 1322 1334
f 1322 1323 1335
f 1323 1324 1336
f 1324 1325 1337
f 1325 1326 1338
f 1326 1327 1339
f 1327 1328 1340
f 1328 1329 1341
f 1329 801 800
f 1317 1330 124
f 1318 1331 1330
f 1319 1332 1331
f 1320 1333 1332
f 1321 1334 1333
f 1322 1335 1334
f 1323 1336 1335
f 1324 1337 1336
f 1325 1338 1337
f 1326 1339 1338
f 1327 1340 1339
f 1328 1341 1340
f 1329 800 1341
f 124 1330 125
f 1330 1331 1342
f 1331 1332 1343
f 1332 1333 1344
f 1333 1334 1345
f 1334 1335 1346
f 1335 1336 1347
f 1336 1337 1348
f 1337 1338 1349
f 1338 1339 1350
f 1339 1340 1351
f 1340 1341 1352
f 1341 800 799
f 1330 1342 125
f 1331 1343 1342
f 1332 1344 1343
f 1333 1345 1344
f 1334 1346 1345
f 1335 1347 1346
f 1336 1348 1347
f 1337 1349 1348
f 1338 1350 1349
f 1339 1351 1350
f 1340 1352 1351
f 1341 799 1352
f 125 1342 126
f 1342 1343 1353
f 1343 1344 1354
f 1344 1345 1355
f 1345 1346 1356
f 1346 1347 1357
f 1347 1348 1358
f 1348 1349 1359
f 1349 1350 1360
f 1350 1351 1361
f 1351 1352 1362
f 1352 799 798
f 1342 1353 126
f 1343 1354 1353
f 1344 1355 1354
f 1345 1356 1355
f 1346 1357 1356
f 1347 1358 1357
f 1348 1359 1358
f 1349 1360 1359
f 1350 1361 1360
f 1351 1362 1361
f 1352 798 1362
f 126 1353 127
f 1353 1354 1363
f 1354 1355 1364
f 1355 1356 1365
f 1356 1357 1366
f 1357 1358 1367
f 1358 1359 1368
f 1359 1360 1369
f 1360 1361 1370
f 1361 1362 1371
f 1362 798 797
f 1353 1363 127
f 1354 1364 1363
f 1355 1365 1364
f 1356 1366 1365
f 1357 1367 1366
f 1358 1368 1367
f 1359 1369 1368
f 1360 1370 1369
f 1361 1371 1370
f 1362 797 1371
f 127 1363 128
f 1363 1364 1372
f 1364 1365 1373
f 1365 1366 1374
f 1366 1367 1375
f 1367 1368 1376
f 1368 1369 1377
f 1369 1370 1378
f 1370 1371 1379
f 1371 797 796
f 1363 1372 128
f 1364 1373 1372
f 1365 1374 1373
f 1366 1375 1374
f 1367 1376 1375
f 1368 1377 1376
f 1369 1378 1377
f 1370 1379 1378
f 1371 796 1379
f 128 1372 129
f 1372 1373 1380
f 1373 1374 1381
f 1374 1375 1382
f 1375 1376 1383
f 1376 1377 1384
f 1377 1378 1385
f 1378 1379 1386
f 1379 796 795
f 1372 1380 129
f 1373 1381 1380
f 1374 1382 1381
f 1375 1383 1382
f 1376 1384 1383
f 1377 1385 1384
f 1378 1386 1385
f 1379 795 1386
f 129 1380 130
f 1380 1381 1387
f 1381 1382 1388
f 1382 1383 1389
f 1383 1384 1390
f 1384 1385 1391
f 1385 1386 1392
f 1386 795 794
f 1380 1387 130
f 1381 1388 1387
f 1382 1389 1388
f 1383 1390 1389
f 1384 1391 1390
f 1385 1392 1391
f 1386 794 1392
f 130 1387 131
f 1387 1388 1393
f 1388 1389 1394
f 1389 1390 1395
f 1390 1391 1396
f 1391 1392 1397
f 1392 794 793
f 1387 1393 131
f 1388 1394 1393
f 1389 1395 1394
f 1390 1396 1395
f 1391 1397 1396
f 1392 793 1397
f 131 1393 132
f 1393 1394 1398
f 1394 1395 1399
f 1395 1396 1400
f 1396 1397 1401
f 1397 793 792
f 1393 1398 132
f 1394 1399 1398
f 1395 1400 1399
f 1396 1401 1400
f 1397 792 1401
f 132 1398 133
f 1398 1399 1402
f 1399 1400 1403
f 1400 1401 1404
f 1401 792 791
f 1398 1402 133
f 1399 1403 1402
f 1400 1404 1403
f 1401 791 1404
f 133 1402 134
f 1402 1403 1405
f 1403 1404 1406
f 1404 791 790
f 1402 1405 134
f 1403 1406 1405
f 1404 790 1406
f 134 1405 135
f 1405 1406 1407
f 1406 790 789
f 1405 1407 135
f 1406 789 1407
f 135 1407 136
f 1407 789 788
f 1407 788 136
f 136 788 6
f 1 106 447
f 106 107 1408
f 107 108 1409
f 108 109 1410
f 109 110 1411
f 110 111 1412
f 111 112 1413
f 112 113 1414
f 113 114 1415
f 114 115 1416
f 115 116 1417
f 116 117 1418
f 117 118 1419
f 118 119 1420
f 119 120 1421
f 120 121 1422
f 121 122 1423
f 122 123 1424
f 123 124 1425
f 124 125 1426
f 125 126 1427
f 126 127 1428
f 127 128 1429
f 128 129 1430
f 129 130 1431
f 130 131 1432
f 131 132 1433
f 132 133 1434
f 133 134 1435
f 134 135 1436
f 135 136 1437
f 136 6 632
f 106 1408 447
f 107 1409 1408
f 108 1410 1409
f 109 1411 1410
f 110 1412 1411
f 111 1413 1412
f 112 1414 1413
f 113 1415 1414
f 114 1416 1415
f 115 1417 1416
f 116 1418 1417
f 117 1419 1418
f 118 1420 1419
f 119 1421 1420
f 120 1422 1421
f 121 1423 1422
f 122 1424 1423
f 123 1425 1424
f 124 1426 1425
f 125 1427 1426
f 126 1428 1427
f 127 1429 1428
f 128 1430 1429
f 129 1431 1430
f 130 1432 1431
f 131 1433 1432
f 132 1434 1433
f 133 1435 1434
f 134 1436 1435
f 135 1437 1436
f 136 632 1437
f 447 1408 448
f 1408 1409 1438
f 1409 1410 1439
f 1410 1411 1440
f 1411 1412 1441
f 1412 1413 1442
f 1413 1414 1443
f 1414 1415 1444
f 1415 1416 1445
f 1416 1417 1446
f 1417 1418 1447
f 1418 1419 1448
f 1419 1420 1449
f 1420 1421 1450
f 1421 1422 1451
f 1422 1423 1452
f 1423 1424 1453
f 1424 1425 1454
f 1425 1426 1455
f 1426 1427 1456
f 1427 1428 1457
f 1428 1429 1458
f 1429 1430 1459
f 1430 1431 1460
f 1431 1432 1461
f 1432 1433 1462
f 1433 1434 1463
f 1434 1435 1464
f 1435 1436 1465
f 1436 1437 1466
f 1437 632 631
f 1408 1438 448
f 1409 1439 1438
f 1410 1440 1439
f 1411 1441 1440
f 1412 1442 1441
f 1413 1443 1442
f 1414 1444 1443
f 1415 1445 1444
f 1416 1446 1445
f 1417 1447 1446
f 1418 1448 1447
f 1419 1449 1448
f 1420 1450 1449
f 1421 1451 1450
f 1422 1452 1451
f 1423 1453 1452
f 1424 1454 1453
f 1425 1455 1454
f 1426 1456 1455
f 1427 1457 1456
f 1428 1458 1457
f 1429 1459 1458
f 1430 1460 1459
f 1431 1461 1460
f 1432 1462 1461
f 1433 1463 1462
f 1434 1464 1463
f 1435 1465 1464
f 1436 1466 1465
f 1437 631 1466
f 448 1438 449
f 1438 1439 1467
f 1439 1440 1468
f 1440 1441 1469
f 1441 1442 1470
f 1442 1443 1471
f 1443 1444 1472
f 1444 1445 1473
f 1445 1446 1474
f 1446 1447 1475
f 1447 1448 1476
f 1448 1449 1477
f 1449 1450 1478
f 1450 1451 1479
f 1451 1452 1480
f 1452 1453 1481
f 1453 1454 1482
f 1454 1455 1483
f 1455 1456 1484
f 1456 1457 1485
f 1457 1458 1486
f 1458 1459 1487
f 1459 1460 1488
f 1460 1461 1489
f 1461 1462 1490
f 1462 1463 1491
f 1463 1464 1492
f 1464 1465 1493
f 1465 1466 1494
f 1466 631 630
f 1438 1467 449
f 1439 1468 1467
f 1440 1469 1468
f 1441 1470 1469
f 1442 1471 1470
f 1443 1472 1471
f 1444 1473 1472
f 1445 1474 1473
f 1446 1475 1474
f 1447 1476 1475
f 1448 1477 1476
f 1449 1478 1477
f 1450 1479 1478
f 1451 1480 1479
f 1452 1481 1480
f 1453 1482 1481
f 1454 1483 1482
f 1455 1484 1483
f 1456 1485 1484
f 1457 1486 1485
f 1458 1487 1486
f 1459 1488 1487
f 1460 1489 1488
f 1461 1490 1489
f 1462 1491 1490
f 1463 1492 1491
f 1464 1493 1492
f 1465 1494 1493
f 1466 630 1494
f 449 1467 450
f 1467 1468 1495
f 1468 1469 1496
f 1469 1470 1497
f 1470 1471 1498
f 1471 1472 1499
f 1472 1473 1500
f 1473 1474 1501
f 1474 1475 1502
f 1475 1476 1503
f 1476 1477 1504
f 1477 1478 1505
f 1478 1479 1506
f 1479 1480 1507
f 1480 1481 1508
f 1481 1482 1509
f 1482 1483 1510
f 1483 1484 1511
f 1484 1485 1512
f 1485 1486 1513
f 1486 1487 1514
f 1487 1488 1515
f 1488 1489 1516
f 1489 1490 1517
f 1490 1491 1518
f 1491 1492 1519
f 1492 1493 1520
f 1493 1494 1521
f 1494 630 629
f 1467 1495 450
f 1468 1496 1495
f 1469 1497 1496
f 1470 1498 1497
f 1471 1499 1498
f 1472 1500 1499
f 1473 1501 1500
f 1474 1502 1501
f 1475 1503 1502
f 1476 1504 1503
f 1477 1505 1504
f 1478 1506 1505
f 1479 1507 1506
f 1480 1508 1507
f 1481 1509 1508
f 1482 1510 1509
f 1483 1511 1510
f 1484 1512 1511
f 1485 1513 1512
f 1486 1514 1513
f 1487 1515 1514
f 1488 1516 1515
f 1489 1517 1516
f 1490 1518 1517
f 1491 1519 1518
f 1492 1520 1519
f 1493 1521 1520
f 1494 629 1521
f 450 1495 451
f 1495 1496 1522
f 1496 1497 1523
f 1497 1498 1524
f 1498 1499 1525
f 1499 1500 1526
f 1500 1501 1527
f 1501 1502 1528
f 1502 1503 1529
f 1503 1504 1530
f 1504 1505 1531
f 1505 1506 1532
f 1506 1507 1533
f 1507 1508 1534
f 1508 1509 1535
f 1509 1510 1536
f 1510 1511 1537
f 1511 1512 1538
f 1512 1513 1539
f 1513 1514 1540
f 1514 1515 1541
f 1515 1516 1542
f 1516 1517 1543
f 1517 1518 1544
f 1518 1519 1545
f 1519 1520 1546
f 1520 1521 1547
f 1521 629 628
f 1495 1522 451
f 1496 1523 1522
f 1497 1524 1523
f 1498 1525 1524
f 1499 1526 1525
f 1500 1527 1526
f 1501 1528 1527
f 1502 1529 1528
f 1503 1530 1529
f 1504 1531 1530
f 1505 1532 1531
f 1506 1533 1532
f 1507 1534 1533
f 1508 1535 1534
f 1509 1536 1535
f 1510 1537 1536
f 1511 1538 1537
f 1512 1539 1538
f 1513 1540 1539
f 1514 1541 1540
f 1515 1542 1541
f 1516 1543 1542
f 1517 1544 1543
f 1518 1545 1544
f 1519 1546 1545
f 1520 1547 1546
f 1521 628 1547
f 451 1522 452
f 1522 1523 1548
f 1523 1524 1549
f 1524 1525 1550
f 1525 1526 1551
f 1526 1527 1552
f 1527 1528 1553
f 1528 1529 1554
f 1529 1530 1555
f 1530 1531 1556
f 1531 1532 1557
f 1532 1533 1558
f 1533 1534 1559
f 1534 1535 1560
f 1535 1536 1561
f 1536 1537 1562
f 1537 1538 1563
f 1538 1539 1564
f 1539 1540 1565
f 1540 1541 1566
f 1541 1542 1567
f 1542 1543 1568
f 1543 1544 1569
f 1544 1545 1570
f 1545 1546 1571
f 1546 1547 1572
f 1547 628 627
f 1522 1548 452
f 1523 1549 1548
f 1524 1550 1549
f 1525 1551 1550
f 1526 1552 1551
f 1527 1553 1552
f 1528 1554 1553
f 1529 1555 1554
f 1530 1556 1555
f 1531 1557 1556
f 1532 1558 1557
f 1533 1559 1558
f 1534 1560 1559
f 1535 1561 1560
f 1536 1562 1561
f 1537 1563 1562
f 1538 1564 1563
f 1539 1565 1564
f 1540 1566 1565
f 1541 1567 1566
f 1542 1568 1567
f 1543 1569 1568
f 1544 1570 1569
f 1545 1571 1570
f 1546 1572 1571
f 1547 627 1572
f 452 1548 453
f 1548 1549 1573
f 1549 1550 1574
f 1550 1551 1575
f 1551 1552 1576
f 1552 1553 1577
f 1553 1554 1578
f 1554 1555 1579
f 1555 1556 1580
f 1556 1557 1581
f 1557 1558 1582
f 1558 1559 1583
f 1559 1560 1584
f 1560 1561 1585
f 1561 1562 1586
f 1562 1563 1587
f 1563 1564 1588
f 1564 1565 1589
f 1565 1566 1590
f 1566 1567 1591
f 1567 1568 1592
f 1568 1569 1593
f 1569 1570 1594
f 1570 1571 1595
f 1571 1572 1596
f 1572 627 626
f 1548 1573 453
f 1549 1574 1573
f 1550 1575 1574
f 1551 1576 1575
f 1552 1577 1576
f 1553 1578 1577
f 1554 1579 1578
f 1555 1580 1579
f 1556 1581 1580
f 1557 1582 1581
f 1558 1583 1582
f 1559 1584 1583
f 1560 1585 1584
f 1561 1586 1585
f 1562 1587 1586
f 1563 1588 1587
f 1564 1589 1588
f 1565 1590 1589
f 1566 1591 1590
f 1567 1592 1591
f 1568 1593 1592
f 1569 1594 1593
f 1570 1595 1594
f 1571 1596 1595
f 1572 626 1596
f 453 1573 454
f 1573 1574 1597
f 1574 1575 1598
f 1575 1576 1599
f 1576 1577 1600
f 1577 1578 1601
f 1578 1579 1602
f 1579 1580 1603
f 1580 1581 1604
f 1581 1582 1605
f 1582 1583 1606
f 1583 1584 1607
f 1584 1585 1608
f 1585 1586 1609
f 1586 1587 1610
f 1587 1588 1611
f 1588 1589 1612
f 1589 1590 1613
f 1590 1591 1614
f 1591 1592 1615
f 1592 1593 1616
f 1593 1594 1617
f 1594 1595 1618
f 1595 1596 1619
f 1596 626 625
f 1573 1597 454
f 1574 1598 1597
f 1575 1599 1598
f 1576 1600 1599
f 1577 1601 1600
f 1578 1602 1601
f 1579 1603 1602
f 1580 1604 1603
f 1581 1605 1604
f 1582 1606 1605
f 1583 1607 1606
f 1584 1608 1607
f 1585 1609 1608
f 1586 1610 1609
f 1587 1611 1610
f 1588 1612 1611
f 1589 1613 1612
f 1590 1614 1613
f 1591 1615 1614
f 1592 1616 1615
f 1593 1617 1616
f 1594 1618 1617
f 1595 1619 1618
f 1596 625 1619
f 454 1597 455
f 1597 1598 1620
f 1598 1599 1621
f 1599 1600 1622
f 1600 1601 1623
f 1601 1602 1624
f 1602 1603 1625
f 1603 1604 1626
f 1604 1605 1627
f 1605 1606 1628
f 1606 1607 1629
f 1607 1608 1630
f 1608 1609 1631
f 1609 1610 1632
f 1610 1611 1633
f 1611 1612 1634
f 1612 1613 1635
f 1613 1614 1636
f 1614 1615 1637
f 1615 1616 1638
f 1616 1617 1639
f 1617 1618 1640
f 1618 1619 1641
f 1619 625 624
f 1597 1620 455
f 1598 1621 1620
f 1599 1622 1621
f 1600 1623 1622
f 1601 1624 1623
f 1602 1625 1624
f 1603 1626 1625
f 1604 1627 1626
f 1605 1628 1627
f 1606 1629 1628
f 1607 1630 1629
f 1608 1631 1630
f 1609 1632 1631
f 1610 1633 1632
f 1611 1634 1633
f 1612 1635 1634
f 1613 1636 1635
f 1614 1637 1636
f 1615 1638 1637
f 1616 1639 1638
f 1617 1640 1639
f 1618 1641 1640
f 1619 624 1641
f 455 1620 456
f 1620 1621 1642
f 1621 1622 1643
f 1622 1623 1644
f 1623 1624 1645
f 1624 1625 1646
f 1625 1626 1647
f 1626 1627 1648
f 1627 1628 1649
f 1628 1629 1650
f 1629 1630 1651
f 1630 1631 1652
f 1631 1632 1653
f 1632 1633 1654
f 1633 1634 1655
f 1634 1635 1656
f 1635 1636 1657
f 1636 1637 1658
f 1637 1638 1659
f 1638 1639 1660
f 1639 1640 1661
f 1640 1641 1662
f 1641 624 623
f 1620 1642 456
f 1621 1643 1642
f 1622 1644 1643
f 1623 1645 1644
f 1624 1646 1645
f 1625 1647 1646
f 1626 1648 1647
f 1627 1649 1648
f 1628 1650 1649
f 1629 1651 1650
f 1630 1652 1651
f 1631 1653 1652
f 1632 1654 1653
f 1633 1655 1654
f 1634 1656 1655
f 1635 1657 1656
f 1636 1658 1657
f 1637 1659 1658
f 1638 1660 1659
f 1639 1661 1660
f 1640 1662 1661
f 1641 623 1662
f 456 1642 457
f 1642 1643 1663
f 1643 1644 1664
f 1644 1645 1665
f 1645 1646 1666
f 1646 1647 1667
f 1647 1648 1668
f 1648 1649 1669
f 1649 1650 1670
f 1650 1651 1671
f 1651 1652 1672
f 1652 1653 1673
f 1653 1654 1674
f 1654 1655 1675
f 1655 1656 1676
f 1656 1657 1677
f 1657 1658 1678
f 1658 1659 1679
f 1659 1660 1680
f 1660 1661 1681
f 1661 1662 1682
f 1662 623 622
f 1642 1663 457
f 1643 1664 1663
f 1644 1665 1664
f 1645 1666 1665
f 1646 1667 1666
f 1647 1668 1667
f 1648 1669 1668
f 1649 1670 1669
f 1650 1671 1670
f 1651 1672 1671
f 1652 1673 1672
f 1653 1674 1673
f 1654 1675 1674
f 1655 1676 1675
f 1656 1677 1676
f 1657 1678 1677
f 1658 1679 1678
f 1659 1680 1679
f 1660 1681 1680
f 1661 1682 1681
f 1662 622 1682
f 457 1663 458
f 1663 1664 1683
f 1664 1665 1684
f 1665 1666 1685
f 1666 1667 1686
f 1667 1668 1687
f 1668 1669 1688
f 1669 1670 1689
f 1670 1671 1690
f 1671 1672 1691
f 1672 1673 1692
f 1673 1674 1693
f 1674 1675 1694
f 1675 1676 1695
f 1676 1677 1696
f 1677 1678 1697
f 1678 1679 1698
f 1679 1680 1699
f 1680 1681 1700
f 1681 1682 1701
f 1682 622 621
f 1663 1683 458
f 1664 1684 1683
f 1665 1685 1684
f 1666 1686 1685
f 1667 1687 1686
f 1668 1688 1687
f 1669 1689 1688
f 1670 1690 1689
f 1671 1691 1690
f 1672 1692 1691
f 1673 1693 1692
f 1674 1694 1693
f 1675 1695 1694
f 1676 1696 1695
f 1677 1697 1696
f 1678 1698 1697
f 1679 1699 1698
f 1680 1700 1699
f 1681 1701 1700
f 1682 621 1701
f 458 1683 459
f 1683 1684 1702
f 1684 1685 1703
f 1685 1686 1704
f 1686 1687 1705
f 1687 1688 1706
f 1688 1689 1707
f 1689 1690 1708
f 1690 1691 1709
f 1691 1692 1710
f 1692 1693 1711
f 1693 1694 1712
f 1694 1695 1713
f 1695 1696 1714
f 1696 1697 1715
f 1697 1698 1716
f 1698 1699 1717
f 1699 1700 1718
f 1700 1701 1719
f 1701 621 620
f 1683 1702 459
f 1684 1703 1702
f 1685 1704 1703
f 1686 1705 1704
f 1687 1706 1705
f 1688 1707 1706
f 1689 1708 1707
f 1690 1709 1708
f 1691 1710 1709
f 1692 1711 1710
f 1693 1712 1711
f 1694 1713 1712
f 1695 1714 1713
f 1696 1715 1714
f 1697 1716 1715
f 1698 1717 1716
f 1699 1718 1717
f 1700 1719 1718
f 1701 620 1719
f 459 1702 460
f 1702 1703 1720
f 1703 1704 1721
f 1704 1705 1722
f 1705 1706 1723
f 1706 1707 1724
f 1707 1708 1725
f 1708 1709 1726
f 1709 1710 1727
f 1710 1711 1728
f 1711 1712 1729
f 1712 1713 1730
f 1713 1714 1731
f 1714 1715 1732
f 1715 1716 1733
f 1716 1717 1734
f 1717 1718 1735
f 1718 1719 1736
f 1719 620 619
f 1702 1720 460
f 1703 1721 1720
f 1704 1722 1721
f 1705 1723 1722
f 1706 1724 1723
f 1707 1725 1724
f 1708 1726 1725
f 1709 1727 1726
f 1710 1728 1727
f 1711 1729 1728
f 1712 1730 1729
f 1713 1731 1730
f 1714 1732 1731
f 1715 1733 1732
f 1716 1734 1733
f 1717 1735 1734
f 1718 1736 1735
f 1719 619 1736
f 460 1720 461
f 1720 1721 1737
f 1721 1722 1738
f 1722 1723 1739
f 1723 1724 1740
f 1724 1725 1741
f 1725 1726 1742
f 1726 1727 1743
f 1727 1728 1744
f 1728 1729 1745
f 1729 1730 1746
f 1730 1731 1747
f 1731 1732 1748
f 1732 1733 1749
f 1733 1734 1750
f 1734 1735 1751
f 1735 1736 1752
f 1736 619 618
f 1720 1737 461
f 1721 1738 1737
f 1722 1739 1738
f 1723 1740 1739
f 1724 1741 1740
f 1725 1742 1741
f 1726 1743 1742
f 1727 1744 1743
f 1728 1745 1744
f 1729 1746 1745
f 1730 1747 1746
f 1731 1748 1747
f 1732 1749 1748
f 1733 1750 1749
f 1734 1751 1750
f 1735 1752 1751
f 1736 618 1752
f 461 1737 462
f 1737 1738 1753
f 1738 1739 1754
f 1739 1740 1755
f 1740 1741 1756
f 1741 1742 1757
f 1742 1743 1758
f 1743 1744 1759
f 1744 1745 1760
f 1745 1746 1761
f 1746 1747 1762
f 1747 1748 1763
f 1748 1749 1764
f 1749 1750 1765
f 1750 1751 1766
f 1751 1752 1767
f 1752 618 617
f 1737 1753 462
f 1738 1754 1753
f 1739 1755 1754
f 1740 1756 1755
f 1741 1757 1756
f 1742 1758 1757
f 1743 1759 1758
f 1744 1760 1759
f 1745 1761 1760
f 1746 1762 1761
f 1747 1763 1762
f 1748 1764 1763
f 1749 1765 1764
f 1750 1766 1765
f 1751 1767 1766
f 1752 617 1767
f 462 1753 463
f 1753 1754 1768
f 1754 1755 1769
f 1755 1756 1770
f 1756 1757 1771
f 1757 1758 1772
f 1758 1759 1773
f 1759 1760 1774
f 1760 1761 1775
f 1761 1762 1776
f 1762 1763 1777
f 1763 1764 1778
f 1764 1765 1779
f 1765 1766 1780
f 1766 1767 1781
f 1767 617 616
f 1753 1768 463
f 1754 1769 1768
f 1755 1770 1769
f 1756 1771 1770
f 1757 1772 1771
f 1758 1773 1772
f 1759 1774 1773
f 1760 1775 1774
f 1761 1776 1775
f 1762 1777 1776
f 1763 1778 1777
f 1764 1779 1778
f 1765 1780 1779
f 1766 1781 1780
f 1767 616 1781
f 463 1768 464
f 1768 1769 1782
f 1769 1770 1783
f 1770 1771 1784
f 1771 1772 1785
f 1772 1773 1786
f 1773 1774 1787
f 1774 1775 1788
f 1775 1776 1789
f 1776 1777 1790
f 1777 1778 1791
f 1778 1779 1792
f 1779 1780 1793
f 1780 1781 1794
f 1781 616 615
f 1768 1782 464
f 1769 1783 1782
f 1770 1784 1783
f 1771 1785 1784
f 1772 1786 1785
f 1773 1787 1786
f 1774 1788 1787
f 1775 1789 1788
f 1776 1790 1789
f 1777 1791 1790
f 1778 1792 1791
f 1779 1793 1792
f 1780 1794 1793
f 1781 615 1794
f 464 1782 465
f 1782 1783 1795
f 1783 1784 1796
f 1784 1785 1797
f 1785 1786 1798
f 1786 1787 1799
f 1787 1788 1800
f 1788 1789 1801
f 1789 1790 1802
f 1790 1791 1803
f 1791 1792 1804
f 1792 1793 1805
f 1793 1794 1806
f 1794 615 614
f 1782 1795 465
f 1783 1796 1795
f 1784 1797 1796
f 1785 1798 1797
f 1786 1799 1798
f 1787 1800 1799
f 1788 1801 1800
f 1789 1802 1801
f 1790 1803 1802
f 1791 1804 1803
f 1792 1805 1804
f 1793 1806 1805
f 1794 614 1806
f 465 1795 466
f 1795 1796 1807
f 1796 1797 1808
f 1797 1798 1809
f 1798 1799 1810
f 1799 1800 1811
f 1800 1801 1812
f 1801 1802 1813
f 1802 1803 1814
f 1803 1804 1815
f 1804 1805 1816
f 1805 1806 1817
f 1806 614 613
f 1795 1807 466
f 1796 1808 1807
f 1797 1809 1808
f 1798 1810 1809
f 1799 1811 1810
f 1800 1812 1811
f 1801 1813 1812
f 1802 1814 1813
f 1803 1815 1814
f 1804 1816 1815
f 1805 1817 1816
f 1806 613 1817
f 466 1807 467
f 1807 1808 1818
f 1808 1809 1819
f 1809 1810 1820
f 1810 1811 1821
f 1811 1812 1822
f 1812 1813 1823
f 1813 1814 1824
f 1814 1815 1825
f 1815 1816 1826
f 1816 1817 1827
f 1817 613 612
f 1807 1818 467
f 1808 1819 1818
f 1809 1820 1819
f 1810 1821 1820
f 1811 1822 1821
f 1812 1823 1822
f 1813 1824 1823
f 1814 1825 1824
f 1815 1826 1825
f 1816 1827 1826
f 1817 612 1827
f 467 1818 468
f 1818 1819 1828
f 1819 1820 1829
f 1820 1821 1830
f 1821 1822 1831
f 1822 1823 1832
f 1823 1824 1833
f 1824 1825 1834
f 1825 1826 1835
f 1826 1827 1836
f 1827 612 611
f 1818 1828 468
f 1819 1829 1828
f 1820 1830 1829
f 1821 1831 1830
f 1822 1832 1831
f 1823 1833 1832
f 1824 1834 1833
f 1825 1835 1834
f 1826 1836 1835
f 1827 611 1836
f 468 1828 469
f 1828 1829 1837
f 1829 1830 1838
f 1830 1831 1839
f 1831 1832 1840
f 1832 1833 1841
f 1833 1834 1842
f 1834 1835 1843
f 1835 1836 1844
f 1836 611 610
f 1828 1837 469
f 1829 1838 1837
f 1830 1839 1838
f 1831 1840 1839
f 1832 1841 1840
f 1833 1842 1841
f 1834 1843 1842
f 1835 1844 1843
f 1836 610 1844
f 469 1837 470
f 1837 1838 1845
f 1838 1839 1846
f 1839 1840 1847
f 1840 1841 1848
f 1841 1842 1849
f 1842 1843 1850
f 1843 1844 1851
f 1844 610 609
f 1837 1845 470
f 1838 1846 1845
f 1839 1847 1846
f 1840 1848 1847
f 1841 1849 1848
f 1842 1850 1849
f 1843 1851 1850
f 1844 609 1851
f 470 1845 471
f 1845 1846 1852
f 1846 1847 1853
f 1847 1848 1854
f 1848 1849 1855
f 1849 1850 1856
f 1850 1851 1857
f 1851 609 608
f 1845 1852 471
f 1846 1853 1852
f 1847 1854 1853
f 1848 1855 1854
f 1849 1856 1855
f 1850 1857 1856
f 1851 608 1857
f 471 1852 472
f 1852 1853 1858
f 1853 1854 1859
f 1854 1855 1860
f 1855 1856 1861
f 1856 1857 1862
f 1857 608 607
f 1852 1858 472
f 1853 1859 1858
f 1854 1860 1859
f 1855 1861 1860
f 1856 1862 1861
f 1857 607 1862
f 472 1858 473
f 1858 1859 1863
f 1859 1860 1864
f 1860 1861 1865
f 1861 1862 1866
f 1862 607 606
f 1858 1863 473
f 1859 1864 1863
f 1860 1865 1864
f 1861 1866 1865
f 1862 606 1866
f 473 1863 474
f 1863 1864 1867
f 1864 1865 1868
f 1865 1866 1869
f 1866 606 605
f 1863 1867 474
f 1864 1868 1867
f 1865 1869 1868
f 1866 605 1869
f 474 1867 475
f 1867 1868 1870
f 1868 1869 1871
f 1869 605 604
f 1867 1870 475
f 1868 1871 1870
f 1869 604 1871
f 475 1870 476
f 1870 1871 1872
f 1871 604 603
f 1870 1872 476
f 1871 603 1872
f 476 1872 477
f 1872 603 602
f 1872 602 477
f 477 602 2
f 1 447 478
f 447 448 1873
f 448 449 1874
f 449 450 1875
f 450 451 1876
f 451 452 1877
f 452 453 1878
f 453 454 1879
f 454 455 1880
f 455 456 1881
f 456 457 1882
f 457 458 1883
f 458 459 1884
f 459 460 1885
f 460 461 1886
f 461 462 1887
f 462 463 1888
f 463 464 1889
f 464 465 1890
f 465 466 1891
f 466 467 1892
f 467 468 1893
f 468 469 1894
f 469 470 1895
f 470 471 1896
f 471 472 1897
f 472 473 1898
f 473 474 1899
f 474 475 1900
f 475 476 1901
f 476 477 1902
f 477 2 850
f 447 1873 478
f 448 1874 1873
f 449 1875 1874
f 450 1876 1875
f 451 1877 1876
f 452 1878 1877
f 453 1879 1878
f 454 1880 1879
f 455 1881 1880
f 456 1882 1881
f 457 1883 1882
f 458 1884 1883
f 459 1885 1884
f 460 1886 1885
f 461 1887 1886
f 462 1888 1887
f 463 1889 1888
f 464 1890 1889
f 465 1891 1890
f 466 1892 1891
f 467 1893 1892
f 468 1894 1893
f 469 1895 1894
f 470 1896 1895
f 471 1897 1896
f 472 1898 1897
f 473 1899 1898
f 474 1900 1899
f 475 1901 1900
f 476 1902 1901
f 477 850 1902
f 478 1873 479
f 1873 1874 1903
f 1874 1875 1904
f 1875 1876 1905
f 1876 1877 1906
f 1877 1878 1907
f 1878 1879 1908
f 1879 1880 1909
f 1880 1881 1910
f 1881 1882 1911
f 1882 1883 1912
f 1883 1884 1913
f 1884 1885 1914
f 1885 1886 1915
f 1886 1887 1916
f 1887 1888 1917
f 1888 1889 1918
f 1889 1890 1919
f 1890 1891 1920
f 1891 1892 1921
f 1892 1893 1922
f 1893 1894 1923
f 1894 1895 1924
f 1895 1896 1925
f 1896 1897 1926
f 1897 1898 1927
f 1898 1899 1928
f 1899 1900 1929
f 1900 1901 1930
f 1901 1902 1931
f 1902 850 851
f 1873 1903 479
f 1874 1904 1903
f 1875 1905 1904
f 1876 1906 1905
f 1877 1907 1906
f 1878 1908 1907
f 1879 1909 1908
f 1880 1910 1909
f 1881 1911 1910
f 1882 1912 1911
f 1883 1913 1912
f 1884 1914 1913
f 1885 1915 1914
f 1886 1916 1915
f 1887 1917 1916
f 1888 1918 1917
f 1889 1919 1918
f 1890 1920 1919
f 1891 1921 1920
f 1892 1922 1921
f 1893 1923 1922
f 1894 1924 1923
f 1895 1925 1924
f 1896 1926 1925
f 1897 1927 1926
f 1898 1928 1927
f 1899 1929 1928
f 1900 1930 1929
f 1901 1931 1930
f 1902 851 1931
f 479 1903 480
f 1903 1904 1932
f 1904 1905 1933
f 1905 1906 1934
f 1906 1907 1935
f 1907 1908 1936
f 1908 1909 1937
f 1909 1910 1938
f 1910 1911 1939
f 1911 1912 1940
f 1912 1913 1941
f 1913 1914 1942
f 1914 1915 1943
f 1915 1916 1944
f 1916 1917 1945
f 1917 1918 1946
f 1918 1919 1947
f 1919 1920 1948
f 1920 1921 1949
f 1921 1922 1950
f 1922 1923 1951
f 1923 1924 1952
f 1924 1925 1953
f 1925 1926 1954
f 1926 1927 1955
f 1927 1928 1956
f 1928 1929 1957
f 1929 1930 1958
f 1930 1931 1959
f 1931 851 852
f 1903 1932 480
f 1904 1933 1932
f 1905 1934 1933
f 1906 1935 1934
f 1907 1936 1935
f 1908 1937 1936
f 1909 1938 1937
f 1910 1939 1938
f 1911 1940 1939
f 1912 1941 1940
f 1913 1942 1941
f 1914 1943 1942
f 1915 1944 1943
f 1916 1945 1944
f 1917 1946 1945
f 1918 1947 1946
f 1919 1948 1947
f 1920 1949 1948
f 1921 1950 1949
f 1922 1951 1950
f 1923 1952 1951
f 1924 1953 1952
f 1925 1954 1953
f 1926 1955 1954
f 1927 1956 1955
f 1928 1957 1956
f 1929 1958 1957
f 1930 1959 1958
f 1931 852 1959
f 480 1932 481
f 1932 1933 1960
f 1933 1934 1961
f 1934 1935 1962
f 1935 1936 1963
f 1936 1937 1964
f 1937 1938 1965
f 1938 1939 1966
f 1939 1940 1967
f 1940 1941 1968
f 1941 1942 1969
f 1942 1943 1970
f 1943 1944 1971
f 1944 1945 1972
f 1945 1946 1973
f 1946 1947 1974
f 1947 1948 1975
f 1948 1949 1976
f 1949 1950 1977
f 1950 1951 1978
f 1951 1952 1979
f 1952 1953 1980
f 1953 1954 1981
f 1954 1955 1982
f 1955 1956 1983
f 1956 1957 1984
f 1957 1958 1985
f 1958 1959 1986
f 1959 852 853
f 1932 1960 481
f 1933 1961 1960
f 1934 1962 1961
f 1935 1963 1962
f 1936 1964 1963
f 1937 1965 1964
f 1938 1966 1965
f 1939 1967 1966
f 1940 1968 1967
f 1941 1969 1968
f 1942 1970 1969
f 1943 1971 1970
f 1944 1972 1971
f 1945 1973 1972
f 1946 1974 1973
f 1947 1975 1974
f 1948 1976 1975
f 1949 1977 1976
f 1950 1978 1977
f 1951 1979 1978
f 1952 1980 1979
f 1953 1981 1980
f 1954 1982 1981
f 1955 1983 1982
f 1956 1984 1983
f 1957 1985 1984
f 1958 1986 1985
f 1959 853 1986
f 481 1960 482
f 1960 1961 1987
f 1961 1962 1988
f 1962 1963 1989
f 1963 1964 1990
f 1964 1965 1991
f 1965 1966 1992
f 1966 1967 1993
f 1967 1968 1994
f 1968 1969 1995
f 1969 1970 1996
f 1970 1971 1997
f 1971 1972 1998
f 1972 1973 1999
f 1973 1974 2000
f 1974 1975 2001
f 1975 1976 2002
f 1976 1977 2003
f 1977 1978 2004
f 1978 1979 2005
f 1979 1980 2006
f 1980 1981 2007
f 1981 1982 2008
f 1982 1983 2009
f 1983 1984 2010
f 1984 1985 2011
f 1985 1986 2012
f 1986 853 854
f 1960 1987 482
f 1961 1988 1987
f 1962 1989 1988
f 1963 1990 1989
f 1964 1991 1990
f 1965 1992 1991
f 1966 1993 1992
f 1967 1994 1993
f 1968 1995 1994
f 1969 1996 1995
f 1970 1997 1996
f 1971 1998 1997
f 1972 1999 1998
f 1973 2000 1999
f 1974 2001 2000
f 1975 2002 2001
f 1976 2003 2002
f 1977 2004 2003
f 1978 2005 2004
f 1979 2006 2005
f 1980 2007 2006
f 1981 2008 2007
f 1982 2009 2008
f 1983 2010 2009
f 1984 2011 2010
f 1985 2012 2011
f 1986 854 2012
f 482 1987 483
f 1987 1988 2013
f 1988 1989 2014
f 1989 1990 2015
f 1990 1991 2016
f 1991 1992 2017
f 1992 1993 2018
f 1993 1994 2019
f 1994 1995 2020
f 1995 1996 2021
f 1996 1997 2022
f 1997 1998 2023
f 1998 1999 2024
f 1999 2000 2025
f 2000 2001 2026
f 2001 2002 2027
f 2002 2003 2028
f 2003 2004 2029
f 2004 2005 2030
f 2005 2006 2031
f 2006 2007 2032
f 2007 2008 2033
f 2008 2009 2034
f 2009 2010 2035
f 2010 2011 2036
f 2011 2012 2037
f 2012 854 855
f 1987 2013 483
f 1988 2014 2013
f 1989 2015 2014
f 1990 2016 2015
f 1991 2017 2016
f 1992 2018 2017
f 1993 2019 2018
f 1994 2020 2019
f 1995 2021 2020
f 1996 2022 2021
f 1997 2023 2022
f 1998 2024 2023
f 1999 2025 2024
f 2000 2026 2025
f 2001 2027 2026
f 2002 2028 2027
f 2003 2029 2028
f 2004 2030 2029
f 2005 2031 2030
f 2006 2032 2031
f 2007 2033 2032
f 2008 2034 2033
f 2009 2035 2034
f 2010 2036 2035
f 2011 2037 2036
f 2012 855 2037
f 483 2013 484
f 2013 2014 2038
f 2014 2015 2039
f 2015 2016 2040
f 2016 2017 2041
f 2017 2018 2042
f 2018 2019 2043
f 2019 2020 2044
f 2020 2021 2045
f 2021 2022 2046
f 2022 2023 2047
f 2023 2024 2048
f 2024 2025 2049
f 2025 2026 2050
f 2026 2027 2051
f 2027 2028 2052
f 2028 2029 2053
f 2029 2030 2054
f 2030 2031 2055
f 2031 2032 2056
f 2032 2033 2057
f 2033 2034 2058
f 2034 2035 2059
f 2035 2036 2060
f 2036 2037 2061
f 2037 855 856
f 2013 2038 484
f 2014 2039 2038
f 2015 2040 2039
f 2016 2041 2040
f 2017 2042 2041
f 2018 2043 2042
f 2019 2044 2043
f 2020 2045 2044
f 2021 2046 2045
f 2022 2047 2046
f 2023 2048 2047
f 2024 2049 2048
f 2025 2050 2049
f 2026 2051 2050
f 2027 2052 2051
f 2028 2053 2052
f 2029 2054 2053
f 2030 2055 2054
f 2031 2056 2055
f 2032 2057 2056
f 2033 2058 2057
f 2034 2059 2058
f 2035 2060 2059
f 2036 2061 2060
f 2037 856 2061
f 484 2038 485
f 2038 2039 2062
f 2039 2040 2063
f 2040 2041 2064
f 2041 2042 2065
f 2042 2043 2066
f 2043 2044 2067
f 2044 2045 2068
f 2045 2046 2069
f 2046 2047 2070
f 2047 2048 2071
f 2048 2049 2072
f 2049 2050 2073
f 2050 2051 2074
f 2051 2052 2075
f 2052 2053 2076
f 2053 2054 2077
f 2054 2055 2078
f 2055 2056 2079
f 2056 2057 2080
f 2057 2058 2081
f 2058 2059 2082
f 2059 2060 2083
f 2060 2061 2084
f 2061 856 857
f 2038 2062 485
f 2039 2063 2062
f 2040 2064 2063
f 2041 2065 2064
f 2042 2066 2065
f 2043 2067 2066
f 2044 2068 2067
f 2045 2069 2068
f 2046 2070 2069
f 2047 2071 2070
f 2048 2072 2071
f 2049 2073 2072
f 2050 2074 2073
f 2051 2075 2074
f 2052 2076 2075
f 2053 2077 2076
f 2054 2078 2077
f 2055 2079 2078
f 2056 2080 2079
f 2057 2081 2080
f 2058 2082 2081
f 2059 2083 2082
f 2060 2084 2083
f 2061 857 2084
f 485 2062 486
f 2062 2063 2085
f 2063 2064 2086
f 2064 2065 2087
f 2065 2066 2088
f 2066 2067 2089
f 2067 2068 2090
f 2068 2069 2091
f 2069 2070 2092
f 2070 2071 2093
f 2071 2072 2094
f 2072 2073 2095
f 2073 2074 2096
f 2074 2075 2097
f 2075 2076 2098
f 2076 2077 2099
f 2077 2078 2100
f 2078 2079 2101
f 2079 2080 2102
f 2080 2081 2103
f 2081 2082 2104
f 2082 2083 2105
f 2083 2084 2106
f 2084 857 858
f 2062 2085 486
f 2063 2086 2085
f 2064 2087 2086
f 2065 2088 2087
f 2066 2089 2088
f 2067 2090 2089
f 2068 2091 2090
f 2069 2092 2091
f 2070 2093 2092
f 2071 2094 2093
f 2072 2095 2094
f 2073 2096 2095
f 2074 2097 2096
f 2075 2098 2097
f 2076 2099 2098
f 2077 2100 2099
f 2078 2101 2100
f 2079 2102 2101
f 2080 2103 2102
f 2081 2104 2103
f 2082 2105 2104
f 2083 2106 2105
f 2084 858 2106
f 486 2085 487
f 2085 2086 2107
f 2086 2087 2108
f 2087 2088 2109
f 2088 2089 2110
f 2089 2090 2111
f 2090 2091 2112
f 2091 2092 2113
f 2092 2093 2114
f 2093 2094 2115
f 2094 2095 2116
f 2095 2096 2117
f 2096 2097 2118
f 2097 2098 2119
f 2098 2099 2120
f 2099 2100 2121
f 2100 2101 2122
f 2101 2102 2123
f 2102 2103 2124
f 2103 2104 2125
f 2104 2105 2126
f 2105 2106 2127
f 2106 858 859
f 2085 2107 487
f 2086 2108 2107
f 2087 2109 2108
f 2088 2110 2109
f 2089 2111 2110
f 2090 2112 2111
f 2091 2113 2112
f 2092 2114 2113
f 2093 2115 2114
f 2094 2116 2115
f 2095 2117 2116
f 2096 2118 2117
f 2097 2119 2118
f 2098 2120 2119
f 2099 2121 2120
f 2100 2122 2121
f 2101 2123 2122
f 2102 2124 2123
f 2103 2125 2124
f 2104 2126 2125
f 2105 2127 2126
f 2106 859 2127
f 487 2107 488
f 2107 2108 2128
f 2108 2109 2129
f 2109 2110 2130
f 2110 2111 2131
f 2111 2112 2132
f 2112 2113 2133
f 2113 2114 2134
f 2114 2115 2135
f 2115 2116 2136
f 2116 2117 2137
f 2117 2118 2138
f 2118 2119 2139
f 2119 2120 2140
f 2120 2121 2141
f 2121 2122 2142
f 2122 2123 2143
f 2123 2124 2144
f 2124 2125 2145
f 2125 2126 2146
f 2126 2127 2147
f 2127 859 860
f 2107 2128 488
f 2108 2129 2128
f 2109 2130 2129
f 2110 2131 2130
f 2111 2132 2131
f 2112 2133 2132
f 2113 2134 2133
f 2114 2135 2134
f 2115 2136 2135
f 2116 2137 2136
f 2117 2138 2137
f 2118 2139 2138
f 2119 2140 2139
f 2120 2141 2140
f 2121 2142 2141
f 2122 2143 2142
f 2123 2144 2143
f 2124 2145 2144
f 2125 2146 2145
f 2126 2147 2146
f 2127 860 2147
f 488 2128 489
f 2128 2129 2148
f 2129 2130 2149
f 2130 2131 2150
f 2131 2132 2151
f 2132 2133 2152
f 2133 2134 2153
f 2134 2135 2154
f 2135 2136 2155
f 2136 2137 2156
f 2137 2138 2157
f 2138 2139 2158
f 2139 2140 2159
f 2140 2141 2160
f 2141 2142 2161
f 2142 2143 2162
f 2143 2144 2163
f 2144 2145 2164
f 2145 2146 2165
f 2146 2147 2166
f 2147 860 861
f 2128 2148 489
f 2129 2149 2148
f 2130 2150 2149
f 2131 2151 2150
f 2132 2152 2151
f 2133 2153 2152
f 2134 2154 2153
f 2135 2155 2154
f 2136 2156 2155
f 2137 2157 2156
f 2138 2158 2157
f 2139 2159 2158
f 2140 2160 2159
f 2141 2161 2160
f 2142 2162 2161
f 2143 2163 2162
f 2144 2164 2163
f 2145 2165 2164
f 2146 2166 2165
f 2147 861 2166
f 489 2148 490
f 2148 2149 2167
f 2149 2150 2168
f 2150 2151 2169
f 2151 2152 2170
f 2152 2153 2171
f 2153 2154 2172
f 2154 2155 2173
f 2155 2156 2174
f 2156 2157 2175
f 2157 2158 2176
f 2158 2159 2177
f 2159 2160 2178
f 2160 2161 2179
f 2161 2162 2180
f 2162 2163 2181
f 2163 2164 2182
f 2164 2165 2183
f 2165 2166 2184
f 2166 861 862
f 2148 2167 490
f 2149 2168 2167
f 2150 2169 2168
f 2151 2170 2169
f 2152 2171 2170
f 2153 2172 2171
f 2154 2173 2172
f 2155 2174 2173
f 2156 2175 2174
f 2157 2176 2175
f 2158 2177 2176
f 2159 2178 2177
f 2160 2179 2178
f 2161 2180 2179
f 2162 2181 2180
f 2163 2182 2181
f 2164 2183 2182
f 2165 2184 2183
f 2166 862 2184
f 490 2167 491
f 2167 2168 2185
f 2168 2169 2186
f 2169 2170 2187
f 2170 2171 2188
f 2171 2172 2189
f 2172 2173 2190
f 2173 2174 2191
f 2174 2175 2192
f 2175 2176 2193
f 2176 2177 2194
f 2177 2178 2195
f 2178 2179 2196
f 2179 2180 2197
f 2180 2181 2198
f 2181 2182 2199
f 2182 2183 2200
f 2183 2184 2201
f 2184 862 863
f 2167 2185 491
f 2168 2186 2185
f 2169 2187 2186
f 2170 2188 2187
f 2171 2189 2188
f 2172 2190 2189
f 2173 2191 2190
f 2174 2192 2191
f 2175 2193 2192
f 2176 2194 2193
f 2177 2195 2194
f 2178 2196 2195
f 2179 2197 2196
f 2180 2198 2197
f 2181 2199 2198
f 2182 2200 2199
f 2183 2201 2200
f 2184 863 2201
f 491 2185 492
f 2185 2186 2202
f 2186 2187 2203
f 2187 2188 2204
f 2188 2189 2205
f 2189 2190 2206
f 2190 2191 2207
f 2191 2192 2208
f 2192 2193 2209
f 2193 2194 2210
f 2194 2195 2211
f 2195 2196 2212
f 2196 2197 2213
f 2197 2198 2214
f 2198 2199 2215
f 2199 2200 2216
f 2200 2201 2217
f 2201 863 864
f 2185 2202 492
f 2186 2203 2202
f 2187 2204 2203
f 2188 2205 2204
f 2189 2206 2205
f 2190 2207 2206
f 2191 2208 2207
f 2192 2209 2208
f 2193 2210 2209
f 2194 2211 2210
f 2195 2212 2211
f 2196 2213 2212
f 2197 2214 2213
f 2198 2215 2214
f 2199 2216 2215
f 2200 2217 2216
f 2201 864 2217
f 492 2202 493
f 2202 2203 2218
f 2203 2204 2219
f 2204 2205 2220
f 2205 2206 2221
f 2206 2207 2222
f 2207 2208 2223
f 2208 2209 2224
f 2209 2210 2225
f 2210 2211 2226
f 2211 2212 2227
f 2212 2213 2228
f 2213 2214 2229
f 2214 2215 2230
f 2215 2216 2231
f 2216 2217 2232
f 2217 864 865
f 2202 2218 493
f 2203 2219 2218
f 2204 2220 2219
f 2205 2221 2220
f 2206 2222 2221
f 2207 2223 2222
f 2208 2224 2223
f 2209 2225 2224
f 2210 2226 2225
f 2211 2227 2226
f 2212 2228 2227
f 2213 2229 2228
f 2214 2230 2229
f 2215 2231 2230
f 2216 2232 2231
f 2217 865 2232
f 493 2218 494
f 2218 2219 2233
f 2219 2220 2234
f 2220 2221 2235
f 2221 2222 2236
f 2222 2223 2237
f 2223 2224 2238
f 2224 2225 2239
f 2225 2226 2240
f 2226 2227 2241
f 2227 2228 2242
f 2228 2229 2243
f 2229 2230 2244
f 2230 2231 2245
f 2231 2232 2246
f 2232 865 866
f 2218 2233 494
f 2219 2234 2233
f 2220 2235 2234
f 2221 2236 2235
f 2222 2237 2236
f 2223 2238 2237
f 2224 2239 2238
f 2225 2240 2239
f 2226 2241 2240
f 2227 2242 2241
f 2228 2243 2242
f 2229 2244 2243
f 2230 2245 2244
f 2231 2246 2245
f 2232 866 2246
f 494 2233 495
f 2233 2234 2247
f 2234 2235 2248
f 2235 2236 2249
f 2236 2237 2250
f 2237 2238 2251
f 2238 2239 2252
f 2239 2240 2253
f 2240 2241 2254
f 2241 2242 2255
f 2242 2243 2256
f 2243 2244 2257
f 2244 2245 2258
f 2245 2246 2259
f 2246 866 867
f 2233 2247 495
f 2234 2248 2247
f 2235 2249 2248
f 2236 2250 2249
f 2237 2251 2250
f 2238 2252 2251
f 2239 2253 2252
f 2240 2254 2253
f 2241 2255 2254
f 2242 2256 2255
f 2243 2257 2256
f 2244 2258 2257
f 2245 2259 2258
f 2246 867 2259
f 495 2247 496
f 2247 2248 2260
f 2248 2249 2261
f 2249 2250 2262
f 2250 2251 2263
f 2251 2252 2264
f 2252 2253 2265
f 2253 2254 2266
f 2254 2255 2267
f 2255 2256 2268
f 2256 2257 2269
f 2257 2258 2270
f 2258 2259 2271
f 2259 867 868
f 2247 2260 496
f 2248 2261 2260
f 2249 2262 2261
f 2250 2263 2262
f 2251 2264 2263
f 2252 2265 2264
f 2253 2266 2265
f 2254 2267 2266
f 2255 2268 2267
f 2256 2269 2268
f 2257 2270 2269
f 2258 2271 2270
f 2259 868 2271
f 496 2260 497
f 2260 2261 2272
f 2261 2262 2273
f 2262 2263 2274
f 2263 2264 2275
f 2264 2265 2276
f 2265 2266 2277
f 2266 2267 2278
f 2267 2268 2279
f 2268 2269 2280
f 2269 2270 2281
f 2270 2271 2282
f 2271 868 869
f 2260 2272 497
f 2261 2273 2272
f 2262 2274 2273
f 2263 2275 2274
f 2264 2276 2275
f 2265 2277 2276
f 2266 2278 2277
f 2267 2279 2278
f 2268 2280 2279
f 2269 2281 2280
f 2270 2282 2281
f 2271 869 2282
f 497 2272 498
f 2272 2273 2283
f 2273 2274 2284
f 2274 2275 2285
f 2275 2276 2286
f 2276 2277 2287
f 2277 2278 2288
f 2278 2279 2289
f 2279 2280 2290
f 2280 2281 2291
f 2281 2282 2292
f 2282 869 870
f 2272 2283 498
f 2273 2284 2283
f 2274 2285 2284
f 2275 2286 2285
f 2276 2287 2286
f 2277 2288 2287
f 2278 2289 2288
f 2279 2290 2289
f 2280 2291 2290
f 2281 2292 2291
f 2282 870 2292
f 498 2283 499
f 2283 2284 2293
f 2284 2285 2294
f 2285 2286 2295
f 2286 2287 2296
f 2287 2288 2297
f 2288 2289 2298
f 2289 2290 2299
f 2290 2291 2300
f 2291 2292 2301
f 2292 870 871
f 2283 2293 499
f 2284 2294 2293
f 2285 2295 2294
f 2286 2296 2295
f 2287 2297 2296
f 2288 2298 2297
f 2289 2299 2298
f 2290 2300 2299
f 2291 2301 2300
f 2292 871 2301
f 499 2293 500
f 2293 2294 2302
f 2294 2295 2303
f 2295 2296 2304
f 2296 2297 2305
f 2297 2298 2306
f 2298 2299 2307
f 2299 2300 2308
f 2300 2301 2309
f 2301 871 872
f 2293 2302 500
f 2294 2303 2302
f 2295 2304 2303
f 2296 2305 2304
f 2297 2306 2305
f 2298 2307 2306
f 2299 2308 2307
f 2300 2309 2308
f 2301 872 2309
f 500 2302 501
f 2302 2303 2310
f 2303 2304 2311
f 2304 2305 2312
f 2305 2306 2313
f 2306 2307 2314
f 2307 2308 2315
f 2308 2309 2316
f 2309 872 873
f 2302 2310 501
f 2303 2311 2310
f 2304 2312 2311
f 2305 2313 2312
f 2306 2314 2313
f 2307 2315 2314
f 2308 2316 2315
f 2309 873 2316
f 501 2310 502
f 2310 2311 2317
f 2311 2312 2318
f 2312 2313 2319
f 2313 2314 2320
f 2314 2315 2321
f 2315 2316 2322
f 2316 873 874
f 2310 2317 502
f 2311 2318 2317
f 2312 2319 2318
f 2313 2320 2319
f 2314 2321 2320
f 2315 2322 2321
f 2316 874 2322
f 502 2317 503
f 2317 2318 2323
f 2318 2319 2324
f 2319 2320 2325
f 2320 2321 2326
f 2321 2322 2327
f 2322 874 875
f 2317 2323 503
f 2318 2324 2323
f 2319 2325 2324
f 2320 2326 2325
f 2321 2327 2326
f 2322 875 2327
f 503 2323 504
f 2323 2324 2328
f 2324 2325 2329
f 2325 2326 2330
f 2326 2327 2331
f 2327 875 876
f 2323 2328 504
f 2324 2329 2328
f 2325 2330 2329
f 2326 2331 2330
f 2327 876 2331
f 504 2328 505
f 2328 2329 2332
f 2329 2330 2333
f 2330 2331 2334
f 2331 876 877
f 2328 2332 505
f 2329 2333 2332
f 2330 2334 2333
f 2331 877 2334
f 505 2332 506
f 2332 2333 2335
f 2333 2334 2336
f 2334 877 878
f 2332 2335 506
f 2333 2336 2335
f 2334 878 2336
f 506 2335 507
f 2335 2336 2337
f 2336 878 879
f 2335 2337 507
f 2336 879 2337
f 507 2337 508
f 2337 879 880
f 2337 880 508
f 508 880 8
f 1 478 571
f 478 479 2338
f 479 480 2339
f 480 481 2340
f 481 482 2341
f 482 483 2342
f 483 484 2343
f 484 485 2344
f 485 486 2345
f 486 487 2346
f 487 488 2347
f 488 489 2348
f 489 490 2349
f 490 491 2350
f 491 492 2351
f 492 493 2352
f 493 494 2353
f 494 495 2354
f 495 496 2355
f 496 497 2356
f 497 498 2357
f 498 499 2358
f 499 500 2359
f 500 501 2360
f 501 502 2361
f 502 503 2362
f 503 504 2363
f 504 505 2364
f 505 506 2365
f 506 507 2366
f 507 508 2367
f 508 8 230
f 478 2338 571
f 479 2339 2338
f 480 2340 2339
f 481 2341 2340
f 482 2342 2341
f 483 2343 2342
f 484 2344 2343
f 485 2345 2344
f 486 2346 2345
f 487 2347 2346
f 488 2348 2347
f 489 2349 2348
f 490 2350 2349
f 491 2351 2350
f 492 2352 2351
f 493 2353 2352
f 494 2354 2353
f 495 2355 2354
f 496 2356 2355
f 497 2357 2356
f 498 2358 2357
f 499 2359 2358
f 500 2360 2359
f 501 2361 2360
f 502 2362 2361
f 503 2363 2362
f 504 2364 2363
f 505 2365 2364
f 506 2366 2365
f 507 2367 2366
f 508 230 2367
f 571 2338 572
f 2338 2339 2368
f 2339 2340 2369
f 2340 2341 2370
f 2341 2342 2371
f 2342 2343 2372
f 2343 2344 2373
f 2344 2345 2374
f 2345 2346 2375
f 2346 2347 2376
f 2347 2348 2377
f 2348 2349 2378
f 2349 2350 2379
f 2350 2351 2380
f 2351 2352 2381
f 2352 2353 2382
f 2353 2354 2383
f 2354 2355 2384
f 2355 2356 2385
f 2356 2357 2386
f 2357 2358 2387
f 2358 2359 2388
f 2359 2360 2389
f 2360 2361 2390
f 2361 2362 2391
f 2362 2363 2392
f 2363 2364 2393
f 2364 2365 2394
f 2365 2366 2395
f 2366 2367 2396
f 2367 230 231
f 2338 2368 572
f 2339 2369 2368
f 2340 2370 2369
f 2341 2371 2370
f 2342 2372 2371
f 2343 2373 2372
f 2344 2374 2373
f 2345 2375 2374
f 2346 2376 2375
f 2347 2377 2376
f 2348 2378 2377
f 2349 2379 2378
f 2350 2380 2379
f 2351 2381 2380
f 2352 2382 2381
f 2353 2383 2382
f 2354 2384 2383
f 2355 2385 2384
f 2356 2386 2385
f 2357 2387 2386
f 2358 2388 2387
f 2359 2389 2388
f 2360 2390 2389
f 2361 2391 2390
f 2362 2392 2391
f 2363 2393 2392
f 2364 2394 2393
f 2365 2395 2394
f 2366 2396 2395
f 2367 231 2396
f 572 2368 573
f 2368 2369 2397
f 2369 2370 2398
f 2370 2371 2399
f 2371 2372 2400
f 2372 2373 2401
f 2373 2374 2402
f 2374 2375 2403
f 2375 2376 2404
f 2376 2377 2405
f 2377 2378 2406
f 2378 2379 2407
f 2379 2380 2408
f 2380 2381 2409
f 2381 2382 2410
f 2382 2383 2411
f 2383 2384 2412
f 2384 2385 2413
f 2385 2386 2414
f 2386 2387 2415
f 2387 2388 2416
f 2388 2389 2417
f 2389 2390 2418
f 2390 2391 2419
f 2391 2392 2420
f 2392 2393 2421
f 2393 2394 2422
f 2394 2395 2423
f 2395 2396 2424
f 2396 231 232
f 2368 2397 573
f 2369 2398 2397
f 2370 2399 2398
f 2371 2400 2399
f 2372 2401 2400
f 2373 2402 2401
f 2374 2403 2402
f 2375 2404 2403
f 2376 2405 2404
f 2377 2406 2405
f 2378 2407 2406
f 2379 2408 2407
f 2380 2409 2408
f 2381 2410 2409
f 2382 2411 2410
f 2383 2412 2411
f 2384 2413 2412
f 2385 2414 2413
f 2386 2415 2414
f 2387 2416 2415
f 2388 2417 2416
f 2389 2418 2417
f 2390 2419 2418
f 2391 2420 2419
f 2392 2421 2420
f 2393 2422 2421
f 2394 2423 2422
f 2395 2424 2423
f 2396 232 2424
f 573 2397 574
f 2397 2398 2425
f 2398 2399 2426
f 2399 2400 2427
f 2400 2401 2428
f 2401 2402 2429
f 2402 2403 2430
f 2403 2404 2431
f 2404 2405 2432
f 2405 2406 2433
f 2406 2407 2434
f 2407 2408 2435
f 2408 2409 2436
f 2409 2410 2437
f 2410 2411 2438
f 2411 2412 2439
f 2412 2413 2440
f 2413 2414 2441
f 2414 2415 2442
f 2415 2416 2443
f 2416 2417 2444
f 2417 2418 2445
f 2418 2419 2446
f 2419 2420 2447
f 2420 2421 2448
f 2421 2422 2449
f 2422 2423 2450
f 2423 2424 2451
f 2424 232 233
f 2397 2425 574
f 2398 2426 2425
f 2399 2427 2426
f 2400 2428 2427
f 2401 2429 2428
f 2402 2430 2429
f 2403 2431 2430
f 2404 2432 2431
f 2405 2433 2432
f 2406 2434 2433
f 2407 2435 2434
f 2408 2436 2435
f 2409 2437 2436
f 2410 2438 2437
f 2411 2439 2438
f 2412 2440 2439
f 2413 2441 2440
f 2414 2442 2441
f 2415 2443 2442
f 2416 2444 2443
f 2417 2445 2444
f 2418 2446 2445
f 2419 2447 2446
f 2420 2448 2447
f 2421 2449 2448
f 2422 2450 2449
f 2423 2451 2450
f 2424 233 2451
f 574 2425 575
f 2425 2426 2452
f 2426 2427 2453
f 2427 2428 2454
f 2428 2429 2455
f 2429 2430 2456
f 2430 2431 2457
f 2431 2432 2458
f 2432 2433 2459
f 2433 2434 2460
f 2434 2435 2461
f 2435 2436 2462
f 2436 2437 2463
f 2437 2438 2464
f 2438 2439 2465
f 2439 2440 2466
f 2440 2441 2467
f 2441 2442 2468
f 2442 2443 2469
f 2443 2444 2470
f 2444 2445 2471
f 2445 2446 2472
f 2446 2447 2473
f 2447 2448 2474
f 2448 2449 2475
f 2449 2450 2476
f 2450 2451 2477
f 2451 233 234
f 2425 2452 575
f 2426 2453 2452
f 2427 2454 2453
f 2428 2455 2454
f 2429 2456 2455
f 2430 2457 2456
f 2431 2458 2457
f 2432 2459 2458
f 2433 2460 2459
f 2434 2461 2460
f 2435 2462 2461
f 2436 2463 2462
f 2437 2464 2463
f 2438 2465 2464
f 2439 2466 2465
f 2440 2467 2466
f 2441 2468 2467
f 2442 2469 2468
f 2443 2470 2469
f 2444 2471 2470
f 2445 2472 2471
f 2446 2473 2472
f 2447 2474 2473
f 2448 2475 2474
f 2449 2476 2475
f 2450 2477 2476
f 2451 234 2477
f 575 2452 576
f 2452 2453 2478
f 2453 2454 2479
f 2454 2455 2480
f 2455 2456 2481
f 2456 2457 2482
f 2457 2458 2483
f 2458 2459 2484
f 2459 2460 2485
f 2460 2461 2486
f 2461 2462 2487
f 2462 2463 2488
f 2463 2464 2489
f 2464 2465 2490
f 2465 2466 2491
f 2466 2467 2492
f 2467 2468 2493
f 2468 2469 2494
f 2469 2470 2495
f 2470 2471 2496
f 2471 2472 2497
f 2472 2473 2498
f 2473 2474 2499
f 2474 2475 2500
f 2475 2476 2501
f 2476 2477 2502
f 2477 234 235
f 2452 2478 576
f 2453 2479 2478
f 2454 2480 2479
f 2455 2481 2480
f 2456 2482 2481
f 2457 2483 2482
f 2458 2484 2483
f 2459 2485 2484
f 2460 2486 2485
f 2461 2487 2486
f 2462 2488 2487
f 2463 2489 2488
f 2464 2490 2489
f 2465 2491 2490
f 2466 2492 2491
f 2467 2493 2492
f 2468 2494 2493
f 2469 2495 2494
f 2470 2496 2495
f 2471 2497 2496
f 2472 2498 2497
f 2473 2499 2498
f 2474 2500 2499
f 2475 2501 2500
f 2476 2502 2501
f 2477 235 2502
f 576 2478 577
f 2478 2479 2503
f 2479 2480 2504
f 2480 2481 2505
f 2481 2482 2506
f 2482 2483 2507
f 2483 2484 2508
f 2484 2485 2509
f 2485 2486 2510
f 2486 2487 2511
f 2487 2488 2512
f 2488 2489 2513
f 2489 2490 2514
f 2490 2491 2515
f 2491 2492 2516
f 2492 2493 2517
f 2493 2494 2518
f 2494 2495 2519
f 2495 2496 2520
f 2496 2497 2521
f 2497 2498 2522
f 2498 2499 2523
f 2499 2500 2524
f 2500 2501 2525
f 2501 2502 2526
f 2502 235 236
f 2478 2503 577
f 2479 2504 2503
f 2480 2505 2504
f 2481 2506 2505
f 2482 2507 2506
f 2483 2508 2507
f 2484 2509 2508
f 2485 2510 2509
f 2486 2511 2510
f 2487 2512 2511
f 2488 2513 2512
f 2489 2514 2513
f 2490 2515 2514
f 2491 2516 2515
f 2492 2517 2516
f 2493 2518 2517
f 2494 2519 2518
f 2495 2520 2519
f 2496 2521 2520
f 2497 2522 2521
f 2498 2523 2522
f 2499 2524 2523
f 2500 2525 2524
f 2501 2526 2525
f 2502 236 2526
f 577 2503 578
f 2503 2504 2527
f 2504 2505 2528
f 2505 2506 2529
f 2506 2507 2530
f 2507 2508 2531
f 2508 2509 2532
f 2509 2510 2533
f 2510 2511 2534
f 2511 2512 2535
f 2512 2513 2536
f 2513 2514 2537
f 2514 2515 2538
f 2515 2516 2539
f 2516 2517 2540
f 2517 2518 2541
f 2518 2519 2542
f 2519 2520 2543
f 2520 2521 2544
f 2521 2522 2545
f 2522 2523 2546
f 2523 2524 2547
f 2524 2525 2548
f 2525 2526 2549
f 2526 236 237
f 2503 2527 578
f 2504 2528 2527
f 2505 2529 2528
f 2506 2530 2529
f 2507 2531 2530
f 2508 2532 2531
f 2509 2533 2532
f 2510 2534 2533
f 2511 2535 2534
f 2512 2536 2535
f 2513 2537 2536
f 2514 2538 2537
f 2515 2539 2538
f 2516 2540 2539
f 2517 2541 2540
f 2518 2542 2541
f 2519 2543 2542
f 2520 2544 2543
f 2521 2545 2544
f 2522 2546 2545
f 2523 2547 2546
f 2524 2548 2547
f 2525 2549 2548
f 2526 237 2549
f 578 2527 579
f 2527 2528 2550
f 2528 2529 2551
f 2529 2530 2552
f 2530 2531 2553
f 2531 2532 2554
f 2532 2533 2555
f 2533 2534 2556
f 2534 2535 2557
f 2535 2536 2558
f 2536 2537 2559
f 2537 2538 2560
f 2538 2539 2561
f 2539 2540 2562
f 2540 2541 2563
f 2541 2542 2564
f 2542 2543 2565
f 2543 2544 2566
f 2544 2545 2567
f 2545 2546 2568
f 2546 2547 2569
f 2547 2548 2570
f 2548 2549 2571
f 2549 237 238
f 2527 2550 579
f 2528 2551 2550
f 2529 2552 2551
f 2530 2553 2552
f 2531 2554 2553
f 2532 2555 2554
f 2533 2556 2555
f 2534 2557 2556
f 2535 2558 2557
f 2536 2559 2558
f 2537 2560 2559
f 2538 2561 2560
f 2539 2562 2561
f 2540 2563 2562
f 2541 2564 2563
f 2542 2565 2564
f 2543 2566 2565
f 2544 2567 2566
f 2545 2568 2567
f 2546 2569 2568
f 2547 2570 2569
f 2548 2571 2570
f 2549 238 2571
f 579 2550 580
f 2550 2551 2572
f 2551 2552 2573
f 2552 2553 2574
f 2553 2554 2575
f 2554 2555 2576
f 2555 2556 2577
f 2556 2557 2578
f 2557 2558 2579
f 2558 2559 2580
f 2559 2560 2581
f 2560 2561 2582
f 2561 2562 2583
f 2562 2563 2584
f 2563 2564 2585
f 2564 2565 2586
f 2565 2566 2587
f 2566 2567 2588
f 2567 2568 2589
f 2568 2569 2590
f 2569 2570 2591
f 2570 2571 2592
f 2571 238 239
f 2550 2572 580
f 2551 2573 2572
f 2552 2574 2573
f 2553 2575 2574
f 2554 2576 2575
f 2555 2577 2576
f 2556 2578 2577
f 2557 2579 2578
f 2558 2580 2579
f 2559 2581 2580
f 2560 2582 2581
f 2561 2583 2582
f 2562 2584 2583
f 2563 2585 2584
f 2564 2586 2585
f 2565 2587 2586
f 2566 2588 2587
f 2567 2589 2588
f 2568 2590 2589
f 2569 2591 2590
f 2570 2592 2591
f 2571 239 2592
f 580 2572 581
f 2572 2573 2593
f 2573 2574 2594
f 2574 2575 2595
f 2575 2576 2596
f 2576 2577 2597
f 2577 2578 2598
f 2578 2579 2599
f 2579 2580 2600
f 2580 2581 2601
f 2581 2582 2602
f 2582 2583 2603
f 2583 2584 2604
f 2584 2585 2605
f 2585 2586 2606
f 2586 2587 2607
f 2587 2588 2608
f 2588 2589 2609
f 2589 2590 2610
f 2590 2591 2611
f 2591 2592 2612
f 2592 239 240
f 2572 2593 581
f 2573 2594 2593
f 2574 2595 2594
f 2575 2596 2595
f 2576 2597 2596
f 2577 2598 2597
f 2578 2599 2598
f 2579 2600 2599
f 2580 2601 2600
f 2581 2602 2601
f 2582 2603 2602
f 2583 2604 2603
f 2584 2605 2604
f 2585 2606 2605
f 2586 2607 2606
f 2587 2608 2607
f 2588 2609 2608
f 2589 2610 2609
f 2590 2611 2610
f 2591 2612 2611
f 2592 240 2612
f 581 2593 582
f 2593 2594 2613
f 2594 2595 2614
f 2595 2596 2615
f 2596 2597 2616
f 2597 2598 2617
f 2598 2599 2618
f 2599 2600 2619
f 2600 2601 2620
f 2601 2602 2621
f 2602 2603 2622
f 2603 2604 2623
f 2604 2605 2624
f 2605 2606 2625
f 2606 2607 2626
f 2607 2608 2627
f 2608 2609 2628
f 2609 2610 2629
f 2610 2611 2630
f 2611 2612 2631
f 2612 240 241
f 2593 2613 582
f 2594 2614 2613
f 2595 2615 2614
f 2596 2616 2615
f 2597 2617 2616
f 2598 2618 2617
f 2599 2619 2618
f 2600 2620 2619
f 2601 2621 2620
f 2602 2622 2621
f 2603 2623 2622
f 2604 2624 2623
f 2605 2625 2624
f 2606 2626 2625
f 2607 2627 2626
f 2608 2628 2627
f 2609 2629 2628
f 2610 2630 2629
f 2611 2631 2630
f 2612 241 2631
f 582 2613 583
f 2613 2614 2632
f 2614 2615 2633
f 2615 2616 2634
f 2616 2617 2635
f 2617 2618 2636
f 2618 2619 2637
f 2619 2620 2638
f 2620 2621 2639
f 2621 2622 2640
f 2622 2623 2641
f 2623 2624 2642
f 2624 2625 2643
f 2625 2626 2644
f 2626 2627 2645
f 2627 2628 2646
f 2628 2629 2647
f 2629 2630 2648
f 2630 2631 2649
f 2631 241 242
f 2613 2632 583
f 2614 2633 2632
f 2615 2634 2633
f 2616 2635 2634
f 2617 2636 2635
f 2618 2637 2636
f 2619 2638 2637
f 2620 2639 2638
f 2621 2640 2639
f 2622 2641 2640
f 2623 2642 2641
f 2624 2643 2642
f 2625 2644 2643
f 2626 2645 2644
f 2627 2646 2645
f 2628 2647 2646
f 2629 2648 2647
f 2630 2649 2648
f 2631 242 2649
f 583 2632 584
f 2632 2633 2650
f 2633 2634 2651
f 2634 2635 2652
f 2635 2636 2653
f 2636 2637 2654
f 2637 2638 2655
f 2638 2639 2656
f 2639 2640 2657
f 2640 2641 2658
f 2641 2642 2659
f 2642 2643 2660
f 2643 2644 2661
f 2644 2645 2662
f 2645 2646 2663
f 2646 2647 2664
f 2647 2648 2665
f 2648 2649 2666
f 2649 242 243
f 2632 2650 584
f 2633 2651 2650
f 2634 2652 2651
f 2635 2653 2652
f 2636 2654 2653
f 2637 2655 2654
f 2638 2656 2655
f 2639 2657 2656
f 2640 2658 2657
f 2641 2659 2658
f 2642 2660 2659
f 2643 2661 2660
f 2644 2662 2661
f 2645 2663 2662
f 2646 2664 2663
f 2647 2665 2664
f 2648 2666 2665
f 2649 243 2666
f 584 2650 585
f 2650 2651 2667
f 2651 2652 2668
f 2652 2653 2669
f 2653 2654 2670
f 2654 2655 2671
f 2655 2656 2672
f 2656 2657 2673
f 2657 2658 2674
f 2658 2659 2675
f 2659 2660 2676
f 2660 2661 2677
f 2661 2662 2678
f 2662 2663 2679
f 2663 2664 2680
f 2664 2665 2681
f 2665 2666 2682
f 2666 243 244
f 2650 2667 585
f 2651 2668 2667
f 2652 2669 2668
f 2653 2670 2669
f 2654 2671 2670
f 2655 2672 2671
f 2656 2673 2672
f 2657 2674 2673
f 2658 2675 2674
f 2659 2676 2675
f 2660 2677 2676
f 2661 2678 2677
f 2662 2679 2678
f 2663 2680 2679
f 2664 2681 2680
f 2665 2682 2681
f 2666 244 2682
f 585 2667 586
f 2667 2668 2683
f 2668 2669 2684
f 2669 2670 2685
f 2670 2671 2686
f 2671 2672 2687
f 2672 2673 2688
f 2673 2674 2689
f 2674 2675 2690
f 2675 2676 2691
f 2676 2677 2692
f 2677 2678 2693
f 2678 2679 2694
f 2679 2680 2695
f 2680 2681 2696
f 2681 2682 2697
f 2682 244 245
f 2667 2683 586
f 2668 2684 2683
f 2669 2685 2684
f 2670 2686 2685
f 2671 2687 2686
f 2672 2688 2687
f 2673 2689 2688
f 2674 2690 2689
f 2675 2691 2690
f 2676 2692 2691
f 2677 2693 2692
f 2678 2694 2693
f 2679 2695 2694
f 2680 2696 2695
f 2681 2697 2696
f 2682 245 2697
f 586 2683 587
f 2683 2684 2698
f 2684 2685 2699
f 2685 2686 2700
f 2686 2687 2701
f 2687 2688 2702
f 2688 2689 2703
f 2689 2690 2704
f 2690 2691 2705
f 2691 2692 2706
f 2692 2693 2707
f 2693 2694 2708
f 2694 2695 2709
f 2695 2696 2710
f 2696 2697 2711
f 2697 245 246
f 2683 2698 587
f 2684 2699 2698
f 2685 2700 2699
f 2686 2701 2700
f 2687 2702 2701
f 2688 2703 2702
f 2689 2704 2703
f 2690 2705 2704
f 2691 2706 2705
f 2692 2707 2706
f 2693 2708 2707
f 2694 2709 2708
f 2695 2710 2709
f 2696 2711 2710
f 2697 246 2711
f 587 2698 588
f 2698 2699 2712
f 2699 2700 2713
f 2700 2701 2714
f 2701 2702 2715
f 2702 2703 2716
f 2703 2704 2717
f 2704 2705 2718
f 2705 2706 2719
f 2706 2707 2720
f 2707 2708 2721
f 2708 2709 2722
f 2709 2710 2723
f 2710 2711 2724
f 2711 246 247
f 2698 2712 588
f 2699 2713 2712
f 2700 2714 2713
f 2701 2715 2714
f 2702 2716 2715
f 2703 2717 2716
f 2704 2718 2717
f 2705 2719 2718
f 2706 2720 2719
f 2707 2721 2720
f 2708 2722 2721
f 2709 2723 2722
f 2710 2724 2723
f 2711 247 2724
f 588 2712 589
f 2712 2713 2725
f 2713 2714 2726
f 2714 2715 2727
f 2715 2716 2728
f 2716 2717 2729
f 2717 2718 2730
f 2718 2719 2731
f 2719 2720 2732
f 2720 2721 2733
f 2721 2722 2734
f 2722 2723 2735
f 2723 2724 2736
f 2724 247 248
f 2712 2725 589
f 2713 2726 2725
f 2714 2727 2726
f 2715 2728 2727
f 2716 2729 2728
f 2717 2730 2729
f 2718 2731 2730
f 2719 2732 2731
f 2720 2733 2732
f 2721 2734 2733
f 2722 2735 2734
f 2723 2736 2735
f 2724 248 2736
f 589 2725 590
f 2725 2726 2737
f 2726 2727 2738
f 2727 2728 2739
f 2728 2729 2740
f 2729 2730 2741
f 2730 2731 2742
f 2731 2732 2743
f 2732 2733 2744
f 2733 2734 2745
f 2734 2735 2746
f 2735 2736 2747
f 2736 248 249
f 2725 2737 590
f 2726 2738 2737
f 2727 2739 2738
f 2728 2740 2739
f 2729 2741 2740
f 2730 2742 2741
f 2731 2743 2742
f 2732 2744 2743
f 2733 2745 2744
f 2734 2746 2745
f 2735 2747 2746
f 2736 249 2747
f 590 2737 591
f 2737 2738 2748
f 2738 2739 2749
f 2739 2740 2750
f 2740 2741 2751
f 2741 2742 2752
f 2742 2743 2753
f 2743 2744 2754
f 2744 2745 2755
f 2745 2746 2756
f 2746 2747 2757
f 2747 249 250
f 2737 2748 591
f 2738 2749 2748
f 2739 2750 2749
f 2740 2751 2750
f 2741 2752 2751
f 2742 2753 2752
f 2743 2754 2753
f 2744 2755 2754
f 2745 2756 2755
f 2746 2757 2756
f 2747 250 2757
f 591 2748 592
f 2748 2749 2758
f 2749 2750 2759
f 2750 2751 2760
f 2751 2752 2761
f 2752 2753 2762
f 2753 2754 2763
f 2754 2755 2764
f 2755 2756 2765
f 2756 2757 2766
f 2757 250 251
f 2748 2758 592
f 2749 2759 2758
f 2750 2760 2759
f 2751 2761 2760
f 2752 2762 2761
f 2753 2763 2762
f 2754 2764 2763
f 2755 2765 2764
f 2756 2766 2765
f 2757 251 2766
f 592 2758 593
f 2758 2759 2767
f 2759 2760 2768
f 2760 2761 2769
f 2761 2762 2770
f 2762 2763 2771
f 2763 2764 2772
f 2764 2765 2773
f 2765 2766 2774
f 2766 251 252
f 2758 2767 593
f 2759 2768 2767
f 2760 2769 2768
f 2761 2770 2769
f 2762 2771 2770
f 2763 2772 2771
f 2764 2773 2772
f 2765 2774 2773
f 2766 252 2774
f 593 2767 594
f 2767 2768 2775
f 2768 2769 2776
f 2769 2770 2777
f 2770 2771 2778
f 2771 2772 2779
f 2772 2773 2780
f 2773 2774 2781
f 2774 252 253
f 2767 2775 594
f 2768 2776 2775
f 2769 2777 2776
f 2770 2778 2777
f 2771 2779 2778
f 2772 2780 2779
f 2773 2781 2780
f 2774 253 2781
f 594 2775 595
f 2775 2776 2782
f 2776 2777 2783
f 2777 2778 2784
f 2778 2779 2785
f 2779 2780 2786
f 2780 2781 2787
f 2781 253 254
f 2775 2782 595
f 2776 2783 2782
f 2777 2784 2783
f 2778 2785 2784
f 2779 2786 2785
f 2780 2787 2786
f 2781 254 2787
f 595 2782 596
f 2782 2783 2788
f 2783 2784 2789
f 2784 2785 2790
f 2785 2786 2791
f 2786 2787 2792
f 2787 254 255
f 2782 2788 596
f 2783 2789 2788
f 2784 2790 2789
f 2785 2791 2790
f 2786 2792 2791
f 2787 255 2792
f 596 2788 597
f 2788 2789 2793
f 2789 2790 2794
f 2790 2791 2795
f 2791 2792 2796
f 2792 255 256
f 2788 2793 597
f 2789 2794 2793
f 2790 2795 2794
f 2791 2796 2795
f 2792 256 2796
f 597 2793 598
f 2793 2794 2797
f 2794 2795 2798
f 2795 2796 2799
f 2796 256 257
f 2793 2797 598
f 2794 2798 2797
f 2795 2799 2798
f 2796 257 2799
f 598 2797 599
f 2797 2798 2800
f 2798 2799 2801
f 2799 257 258
f 2797 2800 599
f 2798 2801 2800
f 2799 258 2801
f 599 2800 600
f 2800 2801 2802
f 2801 258 259
f 2800 2802 600
f 2801 259 2802
f 600 2802 601
f 2802 259 260
f 2802 260 601
f 601 260 11
f 1 571 199
f 571 572 2803
f 572 573 2804
f 573 574 2805
f 574 575 2806
f 575 576 2807
f 576 577 2808
f 577 578 2809
f 578 579 2810
f 579 580 2811
f 580 581 2812
f 581 582 2813
f 582 583 2814
f 583 584 2815
f 584 585 2816
f 585 586 2817
f 586 587 2818
f 587 588 2819
f 588 589 2820
f 589 590 2821
f 590 591 2822
f 591 592 2823
f 592 593 2824
f 593 594 2825
f 594 595 2826
f 595 596 2827
f 596 597 2828
f 597 598 2829
f 598 599 2830
f 599 600 2831
f 600 601 2832
f 601 11 540
f 571 2803 199
f 572 2804 2803
f 573 2805 2804
f 574 2806 2805
f 575 2807 2806
f 576 2808 2807
f 577 2809 2808
f 578 2810 2809
f 579 2811 2810
f 580 2812 2811
f 581 2813 2812
f 582 2814 2813
f 583 2815 2814
f 584 2816 2815
f 585 2817 2816
f 586 2818 2817
f 587 2819 2818
f 588 2820 2819
f 589 2821 2820
f 590 2822 2821
f 591 2823 2822
f 592 2824 2823
f 593 2825 2824
f 594 2826 2825
f 595 2827 2826
f 596 2828 2827
f 597 2829 2828
f 598 2830 2829
f 599 2831 2830
f 600 2832 2831
f 601 540 2832
f 199 2803 200
f 2803 2804 2833
f 2804 2805 2834
f 2805 2806 2835
f 2806 2807 2836
f 2807 2808 2837
f 2808 2809 2838
f 2809 2810 2839
f 2810 2811 2840
f 2811 2812 2841
f 2812 2813 2842
f 2813 2814 2843
f 2814 2815 2844
f 2815 2816 2845
f 2816 2817 2846
f 2817 2818 2847
f 2818 2819 2848
f 2819 2820 2849
f 2820 2821 2850
f 2821 2822 2851
f 2822 2823 2852
f 2823 2824 2853
f 2824 2825 2854
f 2825 2826 2855
f 2826 2827 2856
f 2827 2828 2857
f 2828 2829 2858
f 2829 2830 2859
f 2830 2831 2860
f 2831 2832 2861
f 2832 540 541
f 2803 2833 200
f 2804 2834 2833
f 2805 2835 2834
f 2806 2836 2835
f 2807 2837 2836
f 2808 2838 2837
f 2809 2839 2838
f 2810 2840 2839
f 2811 2841 2840
f 2812 2842 2841
f 2813 2843 2842
f 2814 2844 2843
f 2815 2845 2844
f 2816 2846 2845
f 2817 2847 2846
f 2818 2848 2847
f 2819 2849 2848
f 2820 2850 2849
f 2821 2851 2850
f 2822 2852 2851
f 2823 2853 2852
f 2824 2854 2853
f 2825 2855 2854
f 2826 2856 2855
f 2827 2857 2856
f 2828 2858 2857
f 2829 2859 2858
f 2830 2860 2859
f 2831 2861 2860
f 2832 541 2861
f 200 2833 201
f 2833 2834 2862
f 2834 2835 2863
f 2835 2836 2864
f 2836 2837 2865
f 2837 2838 2866
f 2838 2839 2867
f 2839 2840 2868
f 2840 2841 2869
f 2841 2842 2870
f 2842 2843 2871
f 2843 2844 2872
f 2844 2845 2873
f 2845 2846 2874
f 2846 2847 2875
f 2847 2848 2876
f 2848 2849 2877
f 2849 2850 2878
f 2850 2851 2879
f 2851 2852 2880
f 2852 2853 2881
f 2853 2854 2882
f 2854 2855 2883
f 2855 2856 2884
f 2856 2857 2885
f 2857 2858 2886
f 2858 2859 2887
f 2859 2860 2888
f 2860 2861 2889
f 2861 541 542
f 2833 2862 201
f 2834 2863 2862
f 2835 2864 2863
f 2836 2865 2864
f 2837 2866 2865
f 2838 2867 2866
f 2839 2868 2867
f 2840 2869 2868
f 2841 2870 2869
f 2842 2871 2870
f 2843 2872 2871
f 2844 2873 2872
f 2845 2874 2873
f 2846 2875 2874
f 2847 2876 2875
f 2848 2877 2876
f 2849 2878 2877
f 2850 2879 2878
f 2851 2880 2879
f 2852 2881 2880
f 2853 2882 2881
f 2854 2883 2882
f 2855 2884 2883
f 2856 2885 2884
f 2857 2886 2885
f 2858 2887 2886
f 2859 2888 2887
f 2860 2889 2888
f 2861 542 2889
f 201 2862 202
f 2862 2863 2890
f 2863 2864 2891
f 2864 2865 2892
f 2865 2866 2893
f 2866 2867 2894
f 2867 2868 2895
f 2868 2869 2896
f 2869 2870 2897
f 2870 2871 2898
f 2871 2872 2899
f 2872 2873 2900
f 2873 2874 2901
f 2874 2875 2902
f 2875 2876 2903
f 2876 2877 2904
f 2877 2878 2905
f 2878 2879 2906
f 2879 2880 2907
f 2880 2881 2908
f 2881 2882 2909
f 2882 2883 2910
f 2883 2884 2911
f 2884 2885 2912
f 2885 2886 2913
f 2886 2887 2914
f 2887 2888 2915
f 2888 2889 2916
f 2889 542 543
f 2862 2890 202
f 2863 2891 2890
f 2864 2892 2891
f 2865 2893 2892
f 2866 2894 2893
f 2867 2895 2894
f 2868 2896 2895
f 2869 2897 2896
f 2870 2898 2897
f 2871 2899 2898
f 2872 2900 2899
f 2873 2901 2900
f 2874 2902 2901
f 2875 2903 2902
f 2876 2904 2903
f 2877 2905 2904
f 2878 2906 2905
f 2879 2907 2906
f 2880 2908 2907
f 2881 2909 2908
f 2882 2910 2909
f 2883 2911 2910
f 2884 2912 2911
f 2885 2913 2912
f 2886 2914 2913
f 2887 2915 2914
f 2888 2916 2915
f 2889 543 2916
f 202 2890 203
f 2890 2891 2917
f 2891 2892 2918
f 2892 2893 2919
f 2893 2894 2920
f 2894 2895 2921
f 2895 2896 2922
f 2896 2897 2923
f 2897 2898 2924
f 2898 2899 2925
f 2899 2900 2926
f 2900 2901 2927
f 2901 2902 2928
f 2902 2903 2929
f 2903 2904 2930
f 2904 2905 2931
f 2905 2906 2932
f 2906 2907 2933
f 2907 2908 2934
f 2908 2909 2935
f 2909 2910 2936
f 2910 2911 2937
f 2911 2912 2938
f 2912 2913 2939
f 2913 2914 2940
f 2914 2915 2941
f 2915 2916 2942
f 2916 543 544
f 2890 2917 203
f 2891 2918 2917
f 2892 2919 2918
f 2893 2920 2919
f 2894 2921 2920
f 2895 2922 2921
f 2896 2923 2922
f 2897 2924 2923
f 2898 2925 2924
f 2899 2926 2925
f 2900 2927 2926
f 2901 2928 2927
f 2902 2929 2928
f 2903 2930 2929
f 2904 2931 2930
f 2905 2932 2931
f 2906 2933 2932
f 2907 2934 2933
f 2908 2935 2934
f 2909 2936 2935
f 2910 2937 2936
f 2911 2938 2937
f 2912 2939 2938
f 2913 2940 2939
f 2914 2941 2940
f 2915 2942 2941
f 2916 544 2942
f 203 2917 204
f 2917 2918 2943
f 2918 2919 2944
f 2919 2920 2945
f 2920 2921 2946
f 2921 2922 2947
f 2922 2923 2948
f 2923 2924 2949
f 2924 2925 2950
f 2925 2926 2951
f 2926 2927 2952
f 2927 2928 2953
f 2928 2929 2954
f 2929 2930 2955
f 2930 2931 2956
f 2931 2932 2957
f 2932 2933 2958
f 2933 2934 2959
f 2934 2935 2960
f 2935 2936 2961
f 2936 2937 2962
f 2937 2938 2963
f 2938 2939 2964
f 2939 2940 2965
f 2940 2941 2966
f 2941 2942 2967
f 2942 544 545
f 2917 2943 204
f 2918 2944 2943
f 2919 2945 2944
f 2920 2946 2945
f 2921 2947 2946
f 2922 2948 2947
f 2923 2949 2948
f 2924 2950 2949
f 2925 2951 2950
f 2926 2952 2951
f 2927 2953 2952
f 2928 2954 2953
f 2929 2955 2954
f 2930 2956 2955
f 2931 2957 2956
f 2932 2958 2957
f 2933 2959 2958
f 2934 2960 2959
f 2935 2961 2960
f 2936 2962 2961
f 2937 2963 2962
f 2938 2964 2963
f 2939 2965 2964
f 2940 2966 2965
f 2941 2967 2966
f 2942 545 2967
f 204 2943 205
f 2943 2944 2968
f 2944 2945 2969
f 2945 2946 2970
f 2946 2947 2971
f 2947 2948 2972
f 2948 2949 2973
f 2949 2950 2974
f 2950 2951 2975
f 2951 2952 2976
f 2952 2953 2977
f 2953 2954 2978
f 2954 2955 2979
f 2955 2956 2980
f 2956 2957 2981
f 2957 2958 2982
f 2958 2959 2983
f 2959 2960 2984
f 2960 2961 2985
f 2961 2962 2986
f 2962 2963 2987
f 2963 2964 2988
f 2964 2965 2989
f 2965 2966 2990
f 2966 2967 2991
f 2967 545 546
f 2943 2968 205
f 2944 2969 2968
f 2945 2970 2969
f 2946 2971 2970
f 2947 2972 2971
f 2948 2973 2972
f 2949 2974 2973
f 2950 2975 2974
f 2951 2976 2975
f 2952 2977 2976
f 2953 2978 2977
f 2954 2979 2978
f 2955 2980 2979
f 2956 2981 2980
f 2957 2982 2981
f 2958 2983 2982
f 2959 2984 2983
f 2960 2985 2984
f 2961 2986 2985
f 2962 2987 2986
f 2963 2988 2987
f 2964 2989 2988
f 2965 2990 2989
f 2966 2991 2990
f 2967 546 2991
f 205 2968 206
f 2968 2969 2992
f 2969 2970 2993
f 2970 2971 2994
f 2971 2972 2995
f 2972 2973 2996
f 2973 2974 2997
f 2974 2975 2998
f 2975 2976 2999
f 2976 2977 3000
f 2977 2978 3001
f 2978 2979 3002
f 2979 2980 3003
f 2980 2981 3004
f 2981 2982 3005
f 2982 2983 3006
f 2983 2984 3007
f 2984 2985 3008
f 2985 2986 3009
f 2986 2987 3010
f 2987 2988 3011
f 2988 2989 3012
f 2989 2990 3013
f 2990 2991 3014
f 2991 546 547
f 2968 2992 206
f 2969 2993 2992
f 2970 2994 2993
f 2971 2995 2994
f 2972 2996 2995
f 2973 2997 2996
f 2974 2998 2997
f 2975 2999 2998
f 2976 3000 2999
f 2977 3001 3000
f 2978 3002 3001
f 2979 3003 3002
f 2980 3004 3003
f 2981 3005 3004
f 2982 3006 3005
f 2983 3007 3006
f 2984 3008 3007
f 2985 3009 3008
f 2986 3010 3009
f 2987 3011 3010
f 2988 3012 3011
f 2989 3013 3012
f 2990 3014 3013
f 2991 547 3014
f 206 2992 207
f 2992 2993 3015
f 2993 2994 3016
f 2994 2995 3017
f 2995 2996 3018
f 2996 2997 3019
f 2997 2998 3020
f 2998 2999 3021
f 2999 3000 3022
f 3000 3001 3023
f 3001 3002 3024
f 3002 3003 3025
f 3003 3004 3026
f 3004 3005 3027
f 3005 3006 3028
f 3006 3007 3029
f 3007 3008 3030
f 3008 3009 3031
f 3009 3010 3032
f 3010 3011 3033
f 3011 3012 3034
f 3012 3013 3035
f 3013 3014 3036
f 3014 547 548
f 2992 3015 207
f 2993 3016 3015
f 2994 3017 3016
f 2995 3018 3017
f 2996 3019 3018
f 2997 3020 3019
f 2998 3021 3020
f 2999 3022 3021
f 3000 3023 3022
f 3001 3024 3023
f 3002 3025 3024
f 3003 3026 3025
f 3004 3027 3026
f 3005 3028 3027
f 3006 3029 3028
f 3007 3030 3029
f 3008 3031 3030
f 3009 3032 3031
f 3010 3033 3032
f 3011 3034 3033
f 3012 3035 3034
f 3013 3036 3035
f 3014 548 3036
f 207 3015 208
f 3015 3016 3037
f 3016 3017 3038
f 3017 3018 3039
f 3018 3019 3040
f 3019 3020 3041
f 3020 3021 3042
f 3021 3022 3043
f 3022 3023 3044
f 3023 3024 3045
f 3024 3025 3046
f 3025 3026 3047
f 3026 3027 3048
f 3027 3028 3049
f 3028 3029 3050
f 3029 3030 3051
f 3030 3031 3052
f 3031 3032 3053
f 3032 3033 3054
f 3033 3034 3055
f 3034 3035 3056
f 3035 3036 3057
f 3036 548 549
f 3015 3037 208
f 3016 3038 3037
f 3017 3039 3038
f 3018 3040 3039
f 3019 3041 3040
f 3020 3042 3041
f 3021 3043 3042
f 3022 3044 3043
f 3023 3045 3044
f 3024 3046 3045
f 3025 3047 3046
f 3026 3048 3047
f 3027 3049 3048
f 3028 3050 3049
f 3029 3051 3050
f 3030 3052 3051
f 3031 3053 3052
f 3032 3054 3053
f 3033 3055 3054
f 3034 3056 3055
f 3035 3057 3056
f 3036 549 3057
f 208 3037 209
f 3037 3038 3058
f 3038 3039 3059
f 3039 3040 3060
f 3040 3041 3061
f 3041 3042 3062
f 3042 3043 3063
f 3043 3044 3064
f 3044 3045 3065
f 3045 3046 3066
f 3046 3047 3067
f 3047 3048 3068
f 3048 3049 3069
f 3049 3050 3070
f 3050 3051 3071
f 3051 3052 3072
f 3052 3053 3073
f 3053 3054 3074
f 3054 3055 3075
f 3055 3056 3076
f 3056 3057 3077
f 3057 549 550
f 3037 3058 209
f 3038 3059 3058
f 3039 3060 3059
f 3040 3061 3060
f 3041 3062 3061
f 3042 3063 3062
f 3043 3064 3063
f 3044 3065 3064
f 3045 3066 3065
f 3046 3067 3066
f 3047 3068 3067
f 3048 3069 3068
f 3049 3070 3069
f 3050 3071 3070
f 3051 3072 3071
f 3052 3073 3072
f 3053 3074 3073
f 3054 3075 3074
f 3055 3076 3075
f 3056 3077 3076
f 3057 550 3077
f 209 3058 210
f 3058 3059 3078
f 3059 3060 3079
f 3060 3061 3080
f 3061 3062 3081
f 3062 3063 3082
f 3063 3064 3083
f 3064 3065 3084
f 3065 3066 3085
f 3066 3067 3086
f 3067 3068 3087
f 3068 3069 3088
f 3069 3070 3089
f 3070 3071 3090
f 3071 3072 3091
f 3072 3073 3092
f 3073 3074 3093
f 3074 3075 3094
f 3075 3076 3095
f 3076 3077 3096
f 3077 550 551
f 3058 3078 210
f 3059 3079 3078
f 3060 3080 3079
f 3061 3081 3080
f 3062 3082 3081
f 3063 3083 3082
f 3064 3084 3083
f 3065 3085 3084
f 3066 3086 3085
f 3067 3087 3086
f 3068 3088 3087
f 3069 3089 3088
f 3070 3090 3089
f 3071 3091 3090
f 3072 3092 3091
f 3073 3093 3092
f 3074 3094 3093
f 3075 3095 3094
f 3076 3096 3095
f 3077 551 3096
f 210 3078 211
f 3078 3079 3097
f 3079 3080 3098
f 3080 3081 3099
f 3081 3082 3100
f 3082 3083 3101
f 3083 3084 3102
f 3084 3085 3103
f 3085 3086 3104
f 3086 3087 3105
f 3087 3088 3106
f 3088 3089 3107
f 3089 3090 3108
f 3090 3091 3109
f 3091 3092 3110
f 3092 3093 3111
f 3093 3094 3112
f 3094 3095 3113
f 3095 3096 3114
f 3096 551 552
f 3078 3097 211
f 3079 3098 3097
f 3080 3099 3098
f 3081 3100 3099
f 3082 3101 3100
f 3083 3102 3101
f 3084 3103 3102
f 3085 3104 3103
f 3086 3105 3104
f 3087 3106 3105
f 3088 3107 3106
f 3089 3108 3107
f 3090 3109 3108
f 3091 3110 3109
f 3092 3111 3110
f 3093 3112 3111
f 3094 3113 3112
f 3095 3114 3113
f 3096 552 3114
f 211 3097 212
f 3097 3098 3115
f 3098 3099 3116
f 3099 3100 3117
f 3100 3101 3118
f 3101 3102 3119
f 3102 3103 3120
f 3103 3104 3121
f 3104 3105 3122
f 3105 3106 3123
f 3106 3107 3124
f 3107 3108 3125
f 3108 3109 3126
f 3109 3110 3127
f 3110 3111 3128
f 3111 3112 3129
f 3112 3113 3130
f 3113 3114 3131
f 3114 552 553
f 3097 3115 212
f 3098 3116 3115
f 3099 3117 3116
f 3100 3118 3117
f 3101 3119 3118
f 3102 3120 3119
f 3103 3121 3120
f 3104 3122 3121
f 3105 3123 3122
f 3106 3124 3123
f 3107 3125 3124
f 3108 3126 3125
f 3109 3127 3126
f 3110 3128 3127
f 3111 3129 3128
f 3112 3130 3129
f 3113 3131 3130
f 3114 553 3131
f 212 3115 213
f 3115 3116 3132
f 3116 3117 3133
f 3117 3118 3134
f 3118 3119 3135
f 3119 3120 3136
f 3120 3121 3137
f 3121 3122 3138
f 3122 3123 3139
f 3123 3124 3140
f 3124 3125 3141
f 3125 3126 3142
f 3126 3127 3143
f 3127 3128 3144
f 3128 3129 3145
f 3129 3130 3146
f 3130 3131 3147
f 3131 553 554
f 3115 3132 213
f 3116 3133 3132
f 3117 3134 3133
f 3118 3135 3134
f 3119 3136 3135
f 3120 3137 3136
f 3121 3138 3137
f 3122 3139 3138
f 3123 3140 3139
f 3124 3141 3140
f 3125 3142 3141
f 3126 3143 3142
f 3127 3144 3143
f 3128 3145 3144
f 3129 3146 3145
f 3130 3147 3146
f 3131 554 3147
f 213 3132 214
f 3132 3133 3148
f 3133 3134 3149
f 3134 3135 3150
f 3135 3136 3151
f 3136 3137 3152
f 3137 3138 3153
f 3138 3139 3154
f 3139 3140 3155
f 3140 3141 3156
f 3141 3142 3157
f 3142 3143 3158
f 3143 3144 3159
f 3144 3145 3160
f 3145 3146 3161
f 3146 3147 3162
f 3147 554 555
f 3132 3148 214
f 3133 3149 3148
f 3134 3150 3149
f 3135 3151 3150
f 3136 3152 3151
f 3137 3153 3152
f 3138 3154 3153
f 3139 3155 3154
f 3140 3156 3155
f 3141 3157 3156
f 3142 3158 3157
f 3143 3159 3158
f 3144 3160 3159
f 3145 3161 3160
f 3146 3162 3161
f 3147 555 3162
f 214 3148 215
f 3148 3149 3163
f 3149 3150 3164
f 3150 3151 3165
f 3151 3152 3166
f 3152 3153 3167
f 3153 3154 3168
f 3154 3155 3169
f 3155 3156 3170
f 3156 3157 3171
f 3157 3158 3172
f 3158 3159 3173
f 3159 3160 3174
f 3160 3161 3175
f 3161 3162 3176
f 3162 555 556
f 3148 3163 215
f 3149 3164 3163
f 3150 3165 3164
f 3151 3166 3165
f 3152 3167 3166
f 3153 3168 3167
f 3154 3169 3168
f 3155 3170 3169
f 3156 3171 3170
f 3157 3172 3171
f 3158 3173 3172
f 3159 3174 3173
f 3160 3175 3174
f 3161 3176 3175
f 3162 556 3176
f 215 3163 216
f 3163 3164 3177
f 3164 3165 3178
f 3165 3166 3179
f 3166 3167 3180
f 3167 3168 3181
f 3168 3169 3182
f 3169 3170 3183
f 3170 3171 3184
f 3171 3172 3185
f 3172 3173 3186
f 3173 3174 3187
f 3174 3175 3188
f 3175 3176 3189
f 3176 556 557
f 3163 3177 216
f 3164 3178 3177
f 3165 3179 3178
f 3166 3180 3179
f 3167 3181 3180
f 3168 3182 3181
f 3169 3183 3182
f 3170 3184 3183
f 3171 3185 3184
f 3172 3186 3185
f 3173 3187 3186
f 3174 3188 3187
f 3175 3189 3188
f 3176 557 3189
f 216 3177 217
f 3177 3178 3190
f 3178 3179 3191
f 3179 3180 3192
f 3180 3181 3193
f 3181 3182 3194
f 3182 3183 3195
f 3183 3184 3196
f 3184 3185 3197
f 3185 3186 3198
f 3186 3187 3199
f 3187 3188 3200
f 3188 3189 3201
f 3189 557 558
f 3177 3190 217
f 3178 3191 3190
f 3179 3192 3191
f 3180 3193 3192
f 3181 3194 3193
f 3182 3195 3194
f 3183 3196 3195
f 3184 3197 3196
f 3185 3198 3197
f 3186 3199 3198
f 3187 3200 3199
f 3188 3201 3200
f 3189 558 3201
f 217 3190 218
f 3190 3191 3202
f 3191 3192 3203
f 3192 3193 3204
f 3193 3194 3205
f 3194 3195 3206
f 3195 3196 3207
f 3196 3197 3208
f 3197 3198 3209
f 3198 3199 3210
f 3199 3200 3211
f 3200 3201 3212
f 3201 558 559
f 3190 3202 218
f 3191 3203 3202
f 3192 3204 3203
f 3193 3205 3204
f 3194 3206 3205
f 3195 3207 3206
f 3196 3208 3207
f 3197 3209 3208
f 3198 3210 3209
f 3199 3211 3210
f 3200 3212 3211
f 3201 559 3212
f 218 3202 219
f 3202 3203 3213
f 3203 3204 3214
f 3204 3205 3215
f 3205 3206 3216
f 3206 3207 3217
f 3207 3208 3218
f 3208 3209 3219
f 3209 3210 3220
f 3210 3211 3221
f 3211 3212 3222
f 3212 559 560
f 3202 3213 219
f 3203 3214 3213
f 3204 3215 3214
f 3205 3216 3215
f 3206 3217 3216
f 3207 3218 3217
f 3208 3219 3218
f 3209 3220 3219
f 3210 3221 3220
f 3211 3222 3221
f 3212 560 3222
f 219 3213 220
f 3213 3214 3223
f 3214 3215 3224
f 3215 3216 3225
f 3216 3217 3226
f 3217 3218 3227
f 3218 3219 3228
f 3219 3220 3229
f 3220 3221 3230
f 3221 3222 3231
f 3222 560 561
f 3213 3223 220
f 3214 3224 3223
f 3215 3225 3224
f 3216 3226 3225
f 3217 3227 3226
f 3218 3228 3227
f 3219 3229 3228
f 3220 3230 3229
f 3221 3231 3230
f 3222 561 3231
f 220 3223 221
f 3223 3224 3232
f 3224 3225 3233
f 3225 3226 3234
f 3226 3227 3235
f 3227 3228 3236
f 3228 3229 3237
f 3229 3230 3238
f 3230 3231 3239
f 3231 561 562
f 3223 3232 221
f 3224 3233 3232
f 3225 3234 3233
f 3226 3235 3234
f 3227 3236 3235
f 3228 3237 3236
f 3229 3238 3237
f 3230 3239 3238
f 3231 562 3239
f 221 3232 222
f 3232 3233 3240
f 3233 3234 3241
f 3234 3235 3242
f 3235 3236 3243
f 3236 3237 3244
f 3237 3238 3245
f 3238 3239 3246
f 3239 562 563
f 3232 3240 222
f 3233 3241 3240
f 3234 3242 3241
f 3235 3243 3242
f 3236 3244 3243
f 3237 3245 3244
f 3238 3246 3245
f 3239 563 3246
f 222 3240 223
f 3240 3241 3247
f 3241 3242 3248
f 3242 3243 3249
f 3243 3244 3250
f 3244 3245 3251
f 3245 3246 3252
f 3246 563 564
f 3240 3247 223
f 3241 3248 3247
f 3242 3249 3248
f 3243 3250 3249
f 3244 3251 3250
f 3245 3252 3251
f 3246 564 3252
f 223 3247 224
f 3247 3248 3253
f 3248 3249 3254
f 3249 3250 3255
f 3250 3251 3256
f 3251 3252 3257
f 3252 564 565
f 3247 3253 224
f 3248 3254 3253
f 3249 3255 3254
f 3250 3256 3255
f 3251 3257 3256
f 3252 565 3257
f 224 3253 225
f 3253 3254 3258
f 3254 3255 3259
f 3255 3256 3260
f 3256 3257 3261
f 3257 565 566
f 3253 3258 225
f 3254 3259 3258
f 3255 3260 3259
f 3256 3261 3260
f 3257 566 3261
f 225 3258 226
f 3258 3259 3262
f 3259 3260 3263
f 3260 3261 3264
f 3261 566 567
f 3258 3262 226
f 3259 3263 3262
f 3260 3264 3263
f 3261 567 3264
f 226 3262 227
f 3262 3263 3265
f 3263 3264 3266
f 3264 567 568
f 3262 3265 227
f 3263 3266 3265
f 3264 568 3266
f 227 3265 228
f 3265 3266 3267
f 3266 568 569
f 3265 3267 228
f 3266 569 3267
f 228 3267 229
f 3267 569 570
f 3267 570 229
f 229 570 12
f 2 602 168
f 602 603 3268
f 603 604 3269
f 604 605 3270
f 605 606 3271
f 606 607 3272
f 607 608 3273
f 608 609 3274
f 609 610 3275
f 610 611 3276
f 611 612 3277
f 612 613 3278
f 613 614 3279
f 614 615 3280
f 615 616 3281
f 616 617 3282
f 617 618 3283
f 618 619 3284
f 619 620 3285
f 620 621 3286
f 621 622 3287
f 622 623 3288
f 623 624 3289
f 624 625 3290
f 625 626 3291
f 626 627 3292
f 627 628 3293
f 628 629 3294
f 629 630 3295
f 630 631 3296
f 631 632 3297
f 632 6 385
f 602 3268 168
f 603 3269 3268
f 604 3270 3269
f 605 3271 3270
f 606 3272 3271
f 607 3273 3272
f 608 3274 3273
f 609 3275 3274
f 610 3276 3275
f 611 3277 3276
f 612 3278 3277
f 613 3279 3278
f 614 3280 3279
f 615 3281 3280
f 616 3282 3281
f 617 3283 3282
f 618 3284 3283
f 619 3285 3284
f 620 3286 3285
f 621 3287 3286
f 622 3288 3287
f 623 3289 3288
f 624 3290 3289
f 625 3291 3290
f 626 3292 3291
f 627 3293 3292
f 628 3294 3293
f 629 3295 3294
f 630 3296 3295
f 631 3297 3296
f 632 385 3297
f 168 3268 169
f 3268 3269 3298
f 3269 3270 3299
f 3270 3271 3300
f 3271 3272 3301
f 3272 3273 3302
f 3273 3274 3303
f 3274 3275 3304
f 3275 3276 3305
f 3276 3277 3306
f 3277 3278 3307
f 3278 3279 3308
f 3279 3280 3309
f 3280 3281 3310
f 3281 3282 3311
f 3282 3283 3312
f 3283 3284 3313
f 3284 3285 3314
f 3285 3286 3315
f 3286 3287 3316
f 3287 3288 3317
f 3288 3289 3318
f 3289 3290 3319
f 3290 3291 3320
f 3291 3292 3321
f 3292 3293 3322
f 3293 3294 3323
f 3294 3295 3324
f 3295 3296 3325
f 3296 3297 3326
f 3297 385 386
f 3268 3298 169
f 3269 3299 3298
f 3270 3300 3299
f 3271 3301 3300
f 3272 3302 3301
f 3273 3303 3302
f 3274 3304 3303
f 3275 3305 3304
f 3276 3306 3305
f 3277 3307 3306
f 3278 3308 3307
f 3279 3309 3308
f 3280 3310 3309
f 3281 3311 3310
f 3282 3312 3311
f 3283 3313 3312
f 3284 3314 3313
f 3285 3315 3314
f 3286 3316 3315
f 3287 3317 3316
f 3288 3318 3317
f 3289 3319 3318
f 3290 3320 3319
f 3291 3321 3320
f 3292 3322 3321
f 3293 3323 3322
f 3294 3324 3323
f 3295 3325 3324
f 3296 3326 3325
f 3297 386 3326
f 169 3298 170
f 3298 3299 3327
f 3299 3300 3328
f 3300 3301 3329
f 3301 3302 3330
f 3302 3303 3331
f 3303 3304 3332
f 3304 3305 3333
f 3305 3306 3334
f 3306 3307 3335
f 3307 3308 3336
f 3308 3309 3337
f 3309 3310 3338
f 3310 3311 3339
f 3311 3312 3340
f 3312 3313 3341
f 3313 3314 3342
f 3314 3315 3343
f 3315 3316 3344
f 3316 3317 3345
f 3317 3318 3346
f 3318 3319 3347
f 3319 3320 3348
f 3320 3321 3349
f 3321 3322 3350
f 3322 3323 3351
f 3323 3324 3352
f 3324 3325 3353
f 3325 3326 3354
f 3326 386 387
f 3298 3327 170
f 3299 3328 3327
f 3300 3329 3328
f 3301 3330 3329
f 3302 3331 3330
f 3303 3332 3331
f 3304 3333 3332
f 3305 3334 3333
f 3306 3335 3334
f 3307 3336 3335
f 3308 3337 3336
f 3309 3338 3337
f 3310 3339 3338
f 3311 3340 3339
f 3312 3341 3340
f 3313 3342 3341
f 3314 3343 3342
f 3315 3344 3343
f 3316 3345 3344
f 3317 3346 3345
f 3318 3347 3346
f 3319 3348 3347
f 3320 3349 3348
f 3321 3350 3349
f 3322 3351 3350
f 3323 3352 3351
f 3324 3353 3352
f 3325 3354 3353
f 3326 387 3354
f 170 3327 171
f 3327 3328 3355
f 3328 3329 3356
f 3329 3330 3357
f 3330 3331 3358
f 3331 3332 3359
f 3332 3333 3360
f 3333 3334 3361
f 3334 3335 3362
f 3335 3336 3363
f 3336 3337 3364
f 3337 3338 3365
f 3338 3339 3366
f 3339 3340 3367
f 3340 3341 3368
f 3341 3342 3369
f 3342 3343 3370
f 3343 3344 3371
f 3344 3345 3372
f 3345 3346 3373
f 3346 3347 3374
f 3347 3348 3375
f 3348 3349 3376
f 3349 3350 3377
f 3350 3351 3378
f 3351 3352 3379
f 3352 3353 3380
f 3353 3354 3381
f 3354 387 388
f 3327 3355 171
f 3328 3356 3355
f 3329 3357 3356
f 3330 3358 3357
f 3331 3359 3358
f 3332 3360 3359
f 3333 3361 3360
f 3334 3362 3361
f 3335 3363 3362
f 3336 3364 3363
f 3337 3365 3364
f 3338 3366 3365
f 3339 3367 3366
f 3340 3368 3367
f 3341 3369 3368
f 3342 3370 3369
f 3343 3371 3370
f 3344 3372 3371
f 3345 3373 3372
f 3346 3374 3373
f 3347 3375 3374
f 3348 3376 3375
f 3349 3377 3376
f 3350 3378 3377
f 3351 3379 3378
f 3352 3380 3379
f 3353 3381 3380
f 3354 388 3381
f 171 3355 172
f 3355 3356 3382
f 3356 3357 3383
f 3357 3358 3384
f 3358 3359 3385
f 3359 3360 3386
f 3360 3361 3387
f 3361 3362 3388
f 3362 3363 3389
f 3363 3364 3390
f 3364 3365 3391
f 3365 3366 3392
f 3366 3367 3393
f 3367 3368 3394
f 3368 3369 3395
f 3369 3370 3396
f 3370 3371 3397
f 3371 3372 3398
f 3372 3373 3399
f 3373 3374 3400
f 3374 3375 3401
f 3375 3376 3402
f 3376 3377 3403
f 3377 3378 3404
f 3378 3379 3405
f 3379 3380 3406
f 3380 3381 3407
f 3381 388 389
f 3355 3382 172
f 3356 3383 3382
f 3357 3384 3383
f 3358 3385 3384
f 3359 3386 3385
f 3360 3387 3386
f 3361 3388 3387
f 3362 3389 3388
f 3363 3390 3389
f 3364 3391 3390
f 3365 3392 3391
f 3366 3393 3392
f 3367 3394 3393
f 3368 3395 3394
f 3369 3396 3395
f 3370 3397 3396
f 3371 3398 3397
f 3372 3399 3398
f 3373 3400 3399
f 3374 3401 3400
f 3375 3402 3401
f 3376 3403 3402
f 3377 3404 3403
f 3378 3405 3404
f 3379 3406 3405
f 3380 3407 3406
f 3381 389 3407
f 172 3382 173
f 3382 3383 3408
f 3383 3384 3409
f 3384 3385 3410
f 3385 3386 3411
f 3386 3387 3412
f 3387 3388 3413
f 3388 3389 3414
f 3389 3390 3415
f 3390 3391 3416
f 3391 3392 3417
f 3392 3393 3418
f 3393 3394 3419
f 3394 3395 3420
f 3395 3396 3421
f 3396 3397 3422
f 3397 3398 3423
f 3398 3399 3424
f 3399 3400 3425
f 3400 3401 3426
f 3401 3402 3427
f 3402 3403 3428
f 3403 3404 3429
f 3404 3405 3430
f 3405 3406 3431
f 3406 3407 3432
f 3407 389 390
f 3382 3408 173
f 3383 3409 3408
f 3384 3410 3409
f 3385 3411 3410
f 3386 3412 3411
f 3387 3413 3412
f 3388 3414 3413
f 3389 3415 3414
f 3390 3416 3415
f 3391 3417 3416
f 3392 3418 3417
f 3393 3419 3418
f 3394 3420 3419
f 3395 3421 3420
f 3396 3422 3421
f 3397 3423 3422
f 3398 3424 3423
f 3399 3425 3424
f 3400 3426 3425
f 3401 3427 3426
f 3402 3428 3427
f 3403 3429 3428
f 3404 3430 3429
f 3405 3431 3430
f 3406 3432 3431
f 3407 390 3432
f 173 3408 174
f 3408 3409 3433
f 3409 3410 3434
f 3410 3411 3435
f 3411 3412 3436
f 3412 3413 3437
f 3413 3414 3438
f 3414 3415 3439
f 3415 3416 3440
f 3416 3417 3441
f 3417 3418 3442
f 3418 3419 3443
f 3419 3420 3444
f 3420 3421 3445
f 3421 3422 3446
f 3422 3423 3447
f 3423 3424 3448
f 3424 3425 3449
f 3425 3426 3450
f 3426 3427 3451
f 3427 3428 3452
f 3428 3429 3453
f 3429 3430 3454
f 3430 3431 3455
f 3431 3432 3456
f 3432 390 391
f 3408 3433 174
f 3409 3434 3433
f 3410 3435 3434
f 3411 3436 3435
f 3412 3437 3436
f 3413 3438 3437
f 3414 3439 3438
f 3415 3440 3439
f 3416 3441 3440
f 3417 3442 3441
f 3418 3443 3442
f 3419 3444 3443
f 3420 3445 3444
f 3421 3446 3445
f 3422 3447 3446
f 3423 3448 3447
f 3424 3449 3448
f 3425 3450 3449
f 3426 3451 3450
f 3427 3452 3451
f 3428 3453 3452
f 3429 3454 3453
f 3430 3455 3454
f 3431 3456 3455
f 3432 391 3456
f 174 3433 175
f 3433 3434 3457
f 3434 3435 3458
f 3435 3436 3459
f 3436 3437 3460
f 3437 3438 3461
f 3438 3439 3462
f 3439 3440 3463
f 3440 3441 3464
f 3441 3442 3465
f 3442 3443 3466
f 3443 3444 3467
f 3444 3445 3468
f 3445 3446 3469
f 3446 3447 3470
f 3447 3448 3471
f 3448 3449 3472
f 3449 3450 3473
f 3450 3451 3474
f 3451 3452 3475
f 3452 3453 3476
f 3453 3454 3477
f 3454 3455 3478
f 3455 3456 3479
f 3456 391 392
f 3433 3457 175
f 3434 3458 3457
f 3435 3459 3458
f 3436 3460 3459
f 3437 3461 3460
f 3438 3462 3461
f 3439 3463 3462
f 3440 3464 3463
f 3441 3465 3464
f 3442 3466 3465
f 3443 3467 3466
f 3444 3468 3467
f 3445 3469 3468
f 3446 3470 3469
f 3447 3471 3470
f 3448 3472 3471
f 3449 3473 3472
f 3450 3474 3473
f 3451 3475 3474
f 3452 3476 3475
f 3453 3477 3476
f 3454 3478 3477
f 3455 3479 3478
f 3456 392 3479
f 175 3457 176
f 3457 3458 3480
f 3458 3459 3481
f 3459 3460 3482
f 3460 3461 3483
f 3461 3462 3484
f 3462 3463 3485
f 3463 3464 3486
f 3464 3465 3487
f 3465 3466 3488
f 3466 3467 3489
f 3467 3468 3490
f 3468 3469 3491
f 3469 3470 3492
f 3470 3471 3493
f 3471 3472 3494
f 3472 3473 3495
f 3473 3474 3496
f 3474 3475 3497
f 3475 3476 3498
f 3476 3477 3499
f 3477 3478 3500
f 3478 3479 3501
f 3479 392 393
f 3457 3480 176
f 3458 3481 3480
f 3459 3482 3481
f 3460 3483 3482
f 3461 3484 3483
f 3462 3485 3484
f 3463 3486 3485
f 3464 3487 3486
f 3465 3488 3487
f 3466 3489 3488
f 3467 3490 3489
f 3468 3491 3490
f 3469 3492 3491
f 3470 3493 3492
f 3471 3494 3493
f 3472 3495 3494
f 3473 3496 3495
f 3474 3497 3496
f 3475 3498 3497
f 3476 3499 3498
f 3477 3500 3499
f 3478 3501 3500
f 3479 393 3501
f 176 3480 177
f 3480 3481 3502
f 3481 3482 3503
f 3482 3483 3504
f 3483 3484 3505
f 3484 3485 3506
f 3485 3486 3507
f 3486 3487 3508
f 3487 3488 3509
f 3488 3489 3510
f 3489 3490 3511
f 3490 3491 3512
f 3491 3492 3513
f 3492 3493 3514
f 3493 3494 3515
f 3494 3495 3516
f 3495 3496 3517
f 3496 3497 3518
f 3497 3498 3519
f 3498 3499 3520
f 3499 3500 3521
f 3500 3501 3522
f 3501 393 394
f 3480 3502 177
f 3481 3503 3502
f 3482 3504 3503
f 3483 3505 3504
f 3484 3506 3505
f 3485 3507 3506
f 3486 3508 3507
f 3487 3509 3508
f 3488 3510 3509
f 3489 3511 3510
f 3490 3512 3511
f 3491 3513 3512
f 3492 3514 3513
f 3493 3515 3514
f 3494 3516 3515
f 3495 3517 3516
f 3496 3518 3517
f 3497 3519 3518
f 3498 3520 3519
f 3499 3521 3520
f 3500 3522 3521
f 3501 394 3522
f 177 3502 178
f 3502 3503 3523
f 3503 3504 3524
f 3504 3505 3525
f 3505 3506 3526
f 3506 3507 3527
f 3507 3508 3528
f 3508 3509 3529
f 3509 3510 3530
f 3510 3511 3531
f 3511 3512 3532
f 3512 3513 3533
f 3513 3514 3534
f 3514 3515 3535
f 3515 3516 3536
f 3516 3517 3537
f 3517 3518 3538
f 3518 3519 3539
f 3519 3520 3540
f 3520 3521 3541
f 3521 3522 3542
f 3522 394 395
f 3502 3523 178
f 3503 3524 3523
f 3504 3525 3524
f 3505 3526 3525
f 3506 3527 3526
f 3507 3528 3527
f 3508 3529 3528
f 3509 3530 3529
f 3510 3531 3530
f 3511 3532 3531
f 3512 3533 3532
f 3513 3534 3533
f 3514 3535 3534
f 3515 3536 3535
f 3516 3537 3536
f 3517 3538 3537
f 3518 3539 3538
f 3519 3540 3539
f 3520 3541 3540
f 3521 3542 3541
f 3522 395 3542
f 178 3523 179
f 3523 3524 3543
f 3524 3525 3544
f 3525 3526 3545
f 3526 3527 3546
f 3527 3528 3547
f 3528 3529 3548
f 3529 3530 3549
f 3530 3531 3550
f 3531 3532 3551
f 3532 3533 3552
f 3533 3534 3553
f 3534 3535 3554
f 3535 3536 3555
f 3536 3537 3556
f 3537 3538 3557
f 3538 3539 3558
f 3539 3540 3559
f 3540 3541 3560
f 3541 3542 3561
f 3542 395 396
f 3523 3543 179
f 3524 3544 3543
f 3525 3545 3544
f 3526 3546 3545
f 3527 3547 3546
f 3528 3548 3547
f 3529 3549 3548
f 3530 3550 3549
f 3531 3551 3550
f 3532 3552 3551
f 3533 3553 3552
f 3534 3554 3553
f 3535 3555 3554
f 3536 3556 3555
f 3537 3557 3556
f 3538 3558 3557
f 3539 3559 3558
f 3540 3560 3559
f 3541 3561 3560
f 3542 396 3561
f 179 3543 180
f 3543 3544 3562
f 3544 3545 3563
f 3545 3546 3564
f 3546 3547 3565
f 3547 3548 3566
f 3548 3549 3567
f 3549 3550 3568
f 3550 3551 3569
f 3551 3552 3570
f 3552 3553 3571
f 3553 3554 3572
f 3554 3555 3573
f 3555 3556 3574
f 3556 3557 3575
f 3557 3558 3576
f 3558 3559 3577
f 3559 3560 3578
f 3560 3561 3579
f 3561 396 397
f 3543 3562 180
f 3544 3563 3562
f 3545 3564 3563
f 3546 3565 3564
f 3547 3566 3565
f 3548 3567 3566
f 3549 3568 3567
f 3550 3569 3568
f 3551 3570 3569
f 3552 3571 3570
f 3553 3572 3571
f 3554 3573 3572
f 3555 3574 3573
f 3556 3575 3574
f 3557 3576 3575
f 3558 3577 3576
f 3559 3578 3577
f 3560 3579 3578
f 3561 397 3579
f 180 3562 181
f 3562 3563 3580
f 3563 3564 3581
f 3564 3565 3582
f 3565 3566 3583
f 3566 3567 3584
f 3567 3568 3585
f 3568 3569 3586
f 3569 3570 3587
f 3570 3571 3588
f 3571 3572 3589
f 3572 3573 3590
f 3573 3574 3591
f 3574 3575 3592
f 3575 3576 3593
f 3576 3577 3594
f 3577 3578 3595
f 3578 3579 3596
f 3579 397 398
f 3562 3580 181
f 3563 3581 3580
f 3564 3582 3581
f 3565 3583 3582
f 3566 3584 3583
f 3567 3585 3584
f 3568 3586 3585
f 3569 3587 3586
f 3570 3588 3587
f 3571 3589 3588
f 3572 3590 3589
f 3573 3591 3590
f 3574 3592 3591
f 3575 3593 3592
f 3576 3594 3593
f 3577 3595 3594
f 3578 3596 3595
f 3579 398 3596
f 181 3580 182
f 3580 3581 3597
f 3581 3582 3598
f 3582 3583 3599
f 3583 3584 3600
f 3584 3585 3601
f 3585 3586 3602
f 3586 3587 3603
f 3587 3588 3604
f 3588 3589 3605
f 3589 3590 3606
f 3590 3591 3607
f 3591 3592 3608
f 3592 3593 3609
f 3593 3594 3610
f 3594 3595 3611
f 3595 3596 3612
f 3596 398 399
f 3580 3597 182
f 3581 3598 3597
f 3582 3599 3598
f 3583 3600 3599
f 3584 3601 3600
f 3585 3602 3601
f 3586 3603 3602
f 3587 3604 3603
f 3588 3605 3604
f 3589 3606 3605
f 3590 3607 3606
f 3591 3608 3607
f 3592 3609 3608
f 3593 3610 3609
f 3594 3611 3610
f 3595 3612 3611
f 3596 399 3612
f 182 3597 183
f 3597 3598 3613
f 3598 3599 3614
f 3599 3600 3615
f 3600 3601 3616
f 3601 3602 3617
f 3602 3603 3618
f 3603 3604 3619
f 3604 3605 3620
f 3605 3606 3621
f 3606 3607 3622
f 3607 3608 3623
f 3608 3609 3624
f 3609 3610 3625
f 3610 3611 3626
f 3611 3612 3627
f 3612 399 400
f 3597 3613 183
f 3598 3614 3613
f 3599 3615 3614
f 3600 3616 3615
f 3601 3617 3616
f 3602 3618 3617
f 3603 3619 3618
f 3604 3620 3619
f 3605 3621 3620
f 3606 3622 3621
f 3607 3623 3622
f 3608 3624 3623
f 3609 3625 3624
f 3610 3626 3625
f 3611 3627 3626
f 3612 400 3627
f 183 3613 184
f 3613 3614 3628
f 3614 3615 3629
f 3615 3616 3630
f 3616 3617 3631
f 3617 3618 3632
f 3618 3619 3633
f 3619 3620 3634
f 3620 3621 3635
f 3621 3622 3636
f 3622 3623 3637
f 3623 3624 3638
f 3624 3625 3639
f 3625 3626 3640
f 3626 3627 3641
f 3627 400 401
f 3613 3628 184
f 3614 3629 3628
f 3615 3630 3629
f 3616 3631 3630
f 3617 3632 3631
f 3618 3633 3632
f 3619 3634 3633
f 3620 3635 3634
f 3621 3636 3635
f 3622 3637 3636
f 3623 3638 3637
f 3624 3639 3638
f 3625 3640 3639
f 3626 3641 3640
f 3627 401 3641
f 184 3628 185
f 3628 3629 3642
f 3629 3630 3643
f 3630 3631 3644
f 3631 3632 3645
f 3632 3633 3646
f 3633 3634 3647
f 3634 3635 3648
f 3635 3636 3649
f 3636 3637 3650
f 3637 3638 3651
f 3638 3639 3652
f 3639 3640 3653
f 3640 3641 3654
f 3641 401 402
f 3628 3642 185
f 3629 3643 3642
f 3630 3644 3643
f 3631 3645 3644
f 3632 3646 3645
f 3633 3647 3646
f 3634 3648 3647
f 3635 3649 3648
f 3636 3650 3649
f 3637 3651 3650
f 3638 3652 3651
f 3639 3653 3652
f 3640 3654 3653
f 3641 402 3654
f 185 3642 186
f 3642 3643 3655
f 3643 3644 3656
f 3644 3645 3657
f 3645 3646 3658
f 3646 3647 3659
f 3647 3648 3660
f 3648 3649 3661
f 3649 3650 3662
f 3650 3651 3663
f 3651 3652 3664
f 3652 3653 3665
f 3653 3654 3666
f 3654 402 403
f 3642 3655 186
f 3643 3656 3655
f 3644 3657 3656
f 3645 3658 3657
f 3646 3659 3658
f 3647 3660 3659
f 3648 3661 3660
f 3649 3662 3661
f 3650 3663 3662
f 3651 3664 3663
f 3652 3665 3664
f 3653 3666 3665
f 3654 403 3666
f 186 3655 187
f 3655 3656 3667
f 3656 3657 3668
f 3657 3658 3669
f 3658 3659 3670
f 3659 3660 3671
f 3660 3661 3672
f 3661 3662 3673
f 3662 3663 3674
f 3663 3664 3675
f 3664 3665 3676
f 3665 3666 3677
f 3666 403 404
f 3655 3667 187
f 3656 3668 3667
f 3657 3669 3668
f 3658 3670 3669
f 3659 3671 3670
f 3660 3672 3671
f 3661 3673 3672
f 3662 3674 3673
f 3663 3675 3674
f 3664 3676 3675
f 3665 3677 3676
f 3666 404 3677
f 187 3667 188
f 3667 3668 3678
f 3668 3669 3679
f 3669 3670 3680
f 3670 3671 3681
f 3671 3672 3682
f 3672 3673 3683
f 3673 3674 3684
f 3674 3675 3685
f 3675 3676 3686
f 3676 3677 3687
f 3677 404 405
f 3667 3678 188
f 3668 3679 3678
f 3669 3680 3679
f 3670 3681 3680
f 3671 3682 3681
f 3672 3683 3682
f 3673 3684 3683
f 3674 3685 3684
f 3675 3686 3685
f 3676 3687 3686
f 3677 405 3687
f 188 3678 189
f 3678 3679 3688
f 3679 3680 3689
f 3680 3681 3690
f 3681 3682 3691
f 3682 3683 3692
f 3683 3684 3693
f 3684 3685 3694
f 3685 3686 3695
f 3686 3687 3696
f 3687 405 406
f 3678 3688 189
f 3679 3689 3688
f 3680 3690 3689
f 3681 3691 3690
f 3682 3692 3691
f 3683 3693 3692
f 3684 3694 3693
f 3685 3695 3694
f 3686 3696 3695
f 3687 406 3696
f 189 3688 190
f 3688 3689 3697
f 3689 3690 3698
f 3690 3691 3699
f 3691 3692 3700
f 3692 3693 3701
f 3693 3694 3702
f 3694 3695 3703
f 3695 3696 3704
f 3696 406 407
f 3688 3697 190
f 3689 3698 3697
f 3690 3699 3698
f 3691 3700 3699
f 3692 3701 3700
f 3693 3702 3701
f 3694 3703 3702
f 3695 3704 3703
f 3696 407 3704
f 190 3697 191
f 3697 3698 3705
f 3698 3699 3706
f 3699 3700 3707
f 3700 3701 3708
f 3701 3702 3709
f 3702 3703 3710
f 3703 3704 3711
f 3704 407 408
f 3697 3705 191
f 3698 3706 3705
f 3699 3707 3706
f 3700 3708 3707
f 3701 3709 3708
f 3702 3710 3709
f 3703 3711 3710
f 3704 408 3711
f 191 3705 192
f 3705 3706 3712
f 3706 3707 3713
f 3707 3708 3714
f 3708 3709 3715
f 3709 3710 3716
f 3710 3711 3717
f 3711 408 409
f 3705 3712 192
f 3706 3713 3712
f 3707 3714 3713
f 3708 3715 3714
f 3709 3716 3715
f 3710 3717 3716
f 3711 409 3717
f 192 3712 193
f 3712 3713 3718
f 3713 3714 3719
f 3714 3715 3720
f 3715 3716 3721
f 3716 3717 3722
f 3717 409 410
f 3712 3718 193
f 3713 3719 3718
f 3714 3720 3719
f 3715 3721 3720
f 3716 3722 3721
f 3717 410 3722
f 193 3718 194
f 3718 3719 3723
f 3719 3720 3724
f 3720 3721 3725
f 3721 3722 3726
f 3722 410 411
f 3718 3723 194
f 3719 3724 3723
f 3720 3725 3724
f 3721 3726 3725
f 3722 411 3726
f 194 3723 195
f 3723 3724 3727
f 3724 3725 3728
f 3725 3726 3729
f 3726 411 412
f 3723 3727 195
f 3724 3728 3727
f 3725 3729 3728
f 3726 412 3729
f 195 3727 196
f 3727 3728 3730
f 3728 3729 3731
f 3729 412 413
f 3727 3730 196
f 3728 3731 3730
f 3729 413 3731
f 196 3730 197
f 3730 3731 3732
f 3731 413 414
f 3730 3732 197
f 3731 414 3732
f 197 3732 198
f 3732 414 415
f 3732 415 198
f 198 415 10
f 6 788 322
f 788 789 3733
f 789 790 3734
f 790 791 3735
f 791 792 3736
f 792 793 3737
f 793 794 3738
f 794 795 3739
f 795 796 3740
f 796 797 3741
f 797 798 3742
f 798 799 3743
f 799 800 3744
f 800 801 3745
f 801 802 3746
f 802 803 3747
f 803 804 3748
f 804 805 3749
f 805 806 3750
f 806 807 3751
f 807 808 3752
f 808 809 3753
f 809 810 3754
f 810 811 3755
f 811 812 3756
f 812 813 3757
f 813 814 3758
f 814 815 3759
f 815 816 3760
f 816 817 3761
f 817 818 3762
f 818 12 446
f 788 3733 322
f 789 3734 3733
f 790 3735 3734
f 791 3736 3735
f 792 3737 3736
f 793 3738 3737
f 794 3739 3738
f 795 3740 3739
f 796 3741 3740
f 797 3742 3741
f 798 3743 3742
f 799 3744 3743
f 800 3745 3744
f 801 3746 3745
f 802 3747 3746
f 803 3748 3747
f 804 3749 3748
f 805 3750 3749
f 806 3751 3750
f 807 3752 3751
f 808 3753 3752
f 809 3754 3753
f 810 3755 3754
f 811 3756 3755
f 812 3757 3756
f 813 3758 3757
f 814 3759 3758
f 815 3760 3759
f 816 3761 3760
f 817 3762 3761
f 818 446 3762
f 322 3733 321
f 3733 3734 3763
f 3734 3735 3764
f 3735 3736 3765
f 3736 3737 3766
f 3737 3738 3767
f 3738 3739 3768
f 3739 3740 3769
f 3740 3741 3770
f 3741 3742 3771
f 3742 3743 3772
f 3743 3744 3773
f 3744 3745 3774
f 3745 3746 3775
f 3746 3747 3776
f 3747 3748 3777
f 3748 3749 3778
f 3749 3750 3779
f 3750 3751 3780
f 3751 3752 3781
f 3752 3753 3782
f 3753 3754 3783
f 3754 3755 3784
f 3755 3756 3785
f 3756 3757 3786
f 3757 3758 3787
f 3758 3759 3788
f 3759 3760 3789
f 3760 3761 3790
f 3761 3762 3791
f 3762 446 445
f 3733 3763 321
f 3734 3764 3763
f 3735 3765 3764
f 3736 3766 3765
f 3737 3767 3766
f 3738 3768 3767
f 3739 3769 3768
f 3740 3770 3769
f 3741 3771 3770
f 3742 3772 3771
f 3743 3773 3772
f 3744 3774 3773
f 3745 3775 3774
f 3746 3776 3775
f 3747 3777 3776
f 3748 3778 3777
f 3749 3779 3778
f 3750 3780 3779
f 3751 3781 3780
f 3752 3782 3781
f 3753 3783 3782
f 3754 3784 3783
f 3755 3785 3784
f 3756 3786 3785
f 3757 3787 3786
f 3758 3788 3787
f 3759 3789 3788
f 3760 3790 3789
f 3761 3791 3790
f 3762 445 3791
f 321 3763 320
f 3763 3764 3792
f 3764 3765 3793
f 3765 3766 3794
f 3766 3767 3795
f 3767 3768 3796
f 3768 3769 3797
f 3769 3770 3798
f 3770 3771 3799
f 3771 3772 3800
f 3772 3773 3801
f 3773 3774 3802
f 3774 3775 3803
f 3775 3776 3804
f 3776 3777 3805
f 3777 3778 3806
f 3778 3779 3807
f 3779 3780 3808
f 3780 3781 3809
f 3781 3782 3810
f 3782 3783 3811
f 3783 3784 3812
f 3784 3785 3813
f 3785 3786 3814
f 3786 3787 3815
f 3787 3788 3816
f 3788 3789 3817
f 3789 3790 3818
f 3790 3791 3819
f 3791 445 444
f 3763 3792 320
f 3764 3793 3792
f 3765 3794 3793
f 3766 3795 3794
f 3767 3796 3795
f 3768 3797 3796
f 3769 3798 3797
f 3770 3799 3798
f 3771 3800 3799
f 3772 3801 3800
f 3773 3802 3801
f 3774 3803 3802
f 3775 3804 3803
f 3776 3805 3804
f 3777 3806 3805
f 3778 3807 3806
f 3779 3808 3807
f 3780 3809 3808
f 3781 3810 3809
f 3782 3811 3810
f 3783 3812 3811
f 3784 3813 3812
f 3785 3814 3813
f 3786 3815 3814
f 3787 3816 3815
f 3788 3817 3816
f 3789 3818 3817
f 3790 3819 3818
f 3791 444 3819
f 320 3792 319
f 3792 3793 3820
f 3793 3794 3821
f 3794 3795 3822
f 3795 3796 3823
f 3796 3797 3824
f 3797 3798 3825
f 3798 3799 3826
f 3799 3800 3827
f 3800 3801 3828
f 3801 3802 3829
f 3802 3803 3830
f 3803 3804 3831
f 3804 3805 3832
f 3805 3806 3833
f 3806 3807 3834
f 3807 3808 3835
f 3808 3809 3836
f 3809 3810 3837
f 3810 3811 3838
f 3811 3812 3839
f 3812 3813 3840
f 3813 3814 3841
f 3814 3815 3842
f 3815 3816 3843
f 3816 3817 3844
f 3817 3818 3845
f 3818 3819 3846
f 3819 444 443
f 3792 3820 319
f 3793 3821 3820
f 3794 3822 3821
f 3795 3823 3822
f 3796 3824 3823
f 3797 3825 3824
f 3798 3826 3825
f 3799 3827 3826
f 3800 3828 3827
f 3801 3829 3828
f 3802 3830 3829
f 3803 3831 3830
f 3804 3832 3831
f 3805 3833 3832
f 3806 3834 3833
f 3807 3835 3834
f 3808 3836 3835
f 3809 3837 3836
f 3810 3838 3837
f 3811 3839 3838
f 3812 3840 3839
f 3813 3841 3840
f 3814 3842 3841
f 3815 3843 3842
f 3816 3844 3843
f 3817 3845 3844
f 3818 3846 3845
f 3819 443 3846
f 319 3820 318
f 3820 3821 3847
f 3821 3822 3848
f 3822 3823 3849
f 3823 3824 3850
f 3824 3825 3851
f 3825 3826 3852
f 3826 3827 3853
f 3827 3828 3854
f 3828 3829 3855
f 3829 3830 3856
f 3830 3831 3857
f 3831 3832 3858
f 3832 3833 3859
f 3833 3834 3860
f 3834 3835 3861
f 3835 3836 3862
f 3836 3837 3863
f 3837 3838 3864
f 3838 3839 3865
f 3839 3840 3866
f 3840 3841 3867
f 3841 3842 3868
f 3842 3843 3869
f 3843 3844 3870
f 3844 3845 3871
f 3845 3846 3872
f 3846 443 442
f 3820 3847 318
f 3821 3848 3847
f 3822 3849 3848
f 3823 3850 3849
f 3824 3851 3850
f 3825 3852 3851
f 3826 3853 3852
f 3827 3854 3853
f 3828 3855 3854
f 3829 3856 3855
f 3830 3857 3856
f 3831 3858 3857
f 3832 3859 3858
f 3833 3860 3859
f 3834 3861 3860
f 3835 3862 3861
f 3836 3863 3862
f 3837 3864 3863
f 3838 3865 3864
f 3839 3866 3865
f 3840 3867 3866
f 3841 3868 3867
f 3842 3869 3868
f 3843 3870 3869
f 3844 3871 3870
f 3845 3872 3871
f 3846 442 3872
f 318 3847 317
f 3847 3848 3873
f 3848 3849 3874
f 3849 3850 3875
f 3850 3851 3876
f 3851 3852 3877
f 3852 3853 3878
f 3853 3854 3879
f 3854 3855 3880
f 3855 3856 3881
f 3856 3857 3882
f 3857 3858 3883
f 3858 3859 3884
f 3859 3860 3885
f 3860 3861 3886
f 3861 3862 3887
f 3862 3863 3888
f 3863 3864 3889
f 3864 3865 3890
f 3865 3866 3891
f 3866 3867 3892
f 3867 3868 3893
f 3868 3869 3894
f 3869 3870 3895
f 3870 3871 3896
f 3871 3872 3897
f 3872 442 441
f 3847 3873 317
f 3848 3874 3873
f 3849 3875 3874
f 3850 3876 3875
f 3851 3877 3876
f 3852 3878 3877
f 3853 3879 3878
f 3854 3880 3879
f 3855 3881 3880
f 3856 3882 3881
f 3857 3883 3882
f 3858 3884 3883
f 3859 3885 3884
f 3860 3886 3885
f 3861 3887 3886
f 3862 3888 3887
f 3863 3889 3888
f 3864 3890 3889
f 3865 3891 3890
f 3866 3892 3891
f 3867 3893 3892
f 3868 3894 3893
f 3869 3895 3894
f 3870 3896 3895
f 3871 3897 3896
f 3872 441 3897
f 317 3873 316
f 3873 3874 3898
f 3874 3875 3899
f 3875 3876 3900
f 3876 3877 3901
f 3877 3878 3902
f 3878 3879 3903
f 3879 3880 3904
f 3880 3881 3905
f 3881 3882 3906
f 3882 3883 3907
f 3883 3884 3908
f 3884 3885 3909
f 3885 3886 3910
f 3886 3887 3911
f 3887 3888 3912
f 3888 3889 3913
f 3889 3890 3914
f 3890 3891 3915
f 3891 3892 3916
f 3892 3893 3917
f 3893 3894 3918
f 3894 3895 3919
f 3895 3896 3920
f 3896 3897 3921
f 3897 441 440
f 3873 3898 316
f 3874 3899 3898
f 3875 3900 3899
f 3876 3901 3900
f 3877 3902 3901
f 3878 3903 3902
f 3879 3904 3903
f 3880 3905 3904
f 3881 3906 3905
f 3882 3907 3906
f 3883 3908 3907
f 3884 3909 3908
f 3885 3910 3909
f 3886 3911 3910
f 3887 3912 3911
f 3888 3913 3912
f 3889 3914 3913
f 3890 3915 3914
f 3891 3916 3915
f 3892 3917 3916
f 3893 3918 3917
f 3894 3919 3918
f 3895 3920 3919
f 3896 3921 3920
f 3897 440 3921
f 316 3898 315
f 3898 3899 3922
f 3899 3900 3923
f 3900 3901 3924
f 3901 3902 3925
f 3902 3903 3926
f 3903 3904 3927
f 3904 3905 3928
f 3905 3906 3929
f 3906 3907 3930
f 3907 3908 3931
f 3908 3909 3932
f 3909 3910 3933
f 3910 3911 3934
f 3911 3912 3935
f 3912 3913 3936
f 3913 3914 3937
f 3914 3915 3938
f 3915 3916 3939
f 3916 3917 3940
f 3917 3918 3941
f 3918 3919 3942
f 3919 3920 3943
f 3920 3921 3944
f 3921 440 439
f 3898 3922 315
f 3899 3923 3922
f 3900 3924 3923
f 3901 3925 3924
f 3902 3926 3925
f 3903 3927 3926
f 3904 3928 3927
f 3905 3929 3928
f 3906 3930 3929
f 3907 3931 3930
f 3908 3932 3931
f 3909 3933 3932
f 3910 3934 3933
f 3911 3935 3934
f 3912 3936 3935
f 3913 3937 3936
f 3914 3938 3937
f 3915 3939 3938
f 3916 3940 3939
f 3917 3941 3940
f 3918 3942 3941
f 3919 3943 3942
f 3920 3944 3943
f 3921 439 3944
f 315 3922 314
f 3922 3923 3945
f 3923 3924 3946
f 3924 3925 3947
f 3925 3926 3948
f 3926 3927 3949
f 3927 3928 3950
f 3928 3929 3951
f 3929 3930 3952
f 3930 3931 3953
f 3931 3932 3954
f 3932 3933 3955
f 3933 3934 3956
f 3934 3935 3957
f 3935 3936 3958
f 3936 3937 3959
f 3937 3938 3960
f 3938 3939 3961
f 3939 3940 3962
f 3940 3941 3963
f 3941 3942 3964
f 3942 3943 3965
f 3943 3944 3966
f 3944 439 438
f 3922 3945 314
f 3923 3946 3945
f 3924 3947 3946
f 3925 3948 3947
f 3926 3949 3948
f 3927 3950 3949
f 3928 3951 3950
f 3929 3952 3951
f 3930 3953 3952
f 3931 3954 3953
f 3932 3955 3954
f 3933 3956 3955
f 3934 3957 3956
f 3935 3958 3957
f 3936 3959 3958
f 3937 3960 3959
f 3938 3961 3960
f 3939 3962 3961
f 3940 3963 3962
f 3941 3964 3963
f 3942 3965 3964
f 3943 3966 3965
f 3944 438 3966
f 314 3945 313
f 3945 3946 3967
f 3946 3947 3968
f 3947 3948 3969
f 3948 3949 3970
f 3949 3950 3971
f 3950 3951 3972
f 3951 3952 3973
f 3952 3953 3974
f 3953 3954 3975
f 3954 3955 3976
f 3955 3956 3977
f 3956 3957 3978
f 3957 3958 3979
f 3958 3959 3980
f 3959 3960 3981
f 3960 3961 3982
f 3961 3962 3983
f 3962 3963 3984
f 3963 3964 3985
f 3964 3965 3986
f 3965 3966 3987
f 3966 438 437
f 3945 3967 313
f 3946 3968 3967
f 3947 3969 3968
f 3948 3970 3969
f 3949 3971 3970
f 3950 3972 3971
f 3951 3973 3972
f 3952 3974 3973
f 3953 3975 3974
f 3954 3976 3975
f 3955 3977 3976
f 3956 3978 3977
f 3957 3979 3978
f 3958 3980 3979
f 3959 3981 3980
f 3960 3982 3981
f 3961 3983 3982
f 3962 3984 3983
f 3963 3985 3984
f 3964 3986 3985
f 3965 3987 3986
f 3966 437 3987
f 313 3967 312
f 3967 3968 3988
f 3968 3969 3989
f 3969 3970 3990
f 3970 3971 3991
f 3971 3972 3992
f 3972 3973 3993
f 3973 3974 3994
f 3974 3975 3995
f 3975 3976 3996
f 3976 3977 3997
f 3977 3978 3998
f 3978 3979 3999
f 3979 3980 4000
f 3980 3981 4001
f 3981 3982 4002
f 3982 3983 4003
f 3983 3984 4004
f 3984 3985 4005
f 3985 3986 4006
f 3986 3987 4007
f 3987 437 436
f 3967 3988 312
f 3968 3989 3988
f 3969 3990 3989
f 3970 3991 3990
f 3971 3992 3991
f 3972 3993 3992
f 3973 3994 3993
f 3974 3995 3994
f 3975 3996 3995
f 3976 3997 3996
f 3977 3998 3997
f 3978 3999 3998
f 3979 4000 3999
f 3980 4001 4000
f 3981 4002 4001
f 3982 4003 4002
f 3983 4004 4003
f 3984 4005 4004
f 3985 4006 4005
f 3986 4007 4006
f 3987 436 4007
f 312 3988 311
f 3988 3989 4008
f 3989 3990 4009
f 3990 3991 4010
f 3991 3992 4011
f 3992 3993 4012
f 3993 3994 4013
f 3994 3995 4014
f 3995 3996 4015
f 3996 3997 4016
f 3997 3998 4017
f 3998 3999 4018
f 3999 4000 4019
f 4000 4001 4020
f 4001 4002 4021
f 4002 4003 4022
f 4003 4004 4023
f 4004 4005 4024
f 4005 4006 4025
f 4006 4007 4026
f 4007 436 435
f 3988 4008 311
f 3989 4009 4008
f 3990 4010 4009
f 3991 4011 4010
f 3992 4012 4011
f 3993 4013 4012
f 3994 4014 4013
f 3995 4015 4014
f 3996 4016 4015
f 3997 4017 4016
f 3998 4018 4017
f 3999 4019 4018
f 4000 4020 4019
f 4001 4021 4020
f 4002 4022 4021
f 4003 4023 4022
f 4004 4024 4023
f 4005 4025 4024
f 4006 4026 4025
f 4007 435 4026
f 311 4008 310
f 4008 4009 4027
f 4009 4010 4028
f 4010 4011 4029
f 4011 4012 4030
f 4012 4013 4031
f 4013 4014 4032
f 4014 4015 4033
f 4015 4016 4034
f 4016 4017 4035
f 4017 4018 4036
f 4018 4019 4037
f 4019 4020 4038
f 4020 4021 4039
f 4021 4022 4040
f 4022 4023 4041
f 4023 4024 4042
f 4024 4025 4043
f 4025 4026 4044
f 4026 435 434
f 4008 4027 310
f 4009 4028 4027
f 4010 4029 4028
f 4011 4030 4029
f 4012 4031 4030
f 4013 4032 4031
f 4014 4033 4032
f 4015 4034 4033
f 4016 4035 4034
f 4017 4036 4035
f 4018 4037 4036
f 4019 4038 4037
f 4020 4039 4038
f 4021 4040 4039
f 4022 4041 4040
f 4023 4042 4041
f 4024 4043 4042
f 4025 4044 4043
f 4026 434 4044
f 310 4027 309
f 4027 4028 4045
f 4028 4029 4046
f 4029 4030 4047
f 4030 4031 4048
f 4031 4032 4049
f 4032 4033 4050
f 4033 4034 4051
f 4034 4035 4052
f 4035 4036 4053
f 4036 4037 4054
f 4037 4038 4055
f 4038 4039 4056
f 4039 4040 4057
f 4040 4041 4058
f 4041 4042 4059
f 4042 4043 4060
f 4043 4044 4061
f 4044 434 433
f 4027 4045 309
f 4028 4046 4045
f 4029 4047 4046
f 4030 4048 4047
f 4031 4049 4048
f 4032 4050 4049
f 4033 4051 4050
f 4034 4052 4051
f 4035 4053 4052
f 4036 4054 4053
f 4037 4055 4054
f 4038 4056 4055
f 4039 4057 4056
f 4040 4058 4057
f 4041 4059 4058
f 4042 4060 4059
f 4043 4061 4060
f 4044 433 4061
f 309 4045 308
f 4045 4046 4062
f 4046 4047 4063
f 4047 4048 4064
f 4048 4049 4065
f 4049 4050 4066
f 4050 4051 4067
f 4051 4052 4068
f 4052 4053 4069
f 4053 4054 4070
f 4054 4055 4071
f 4055 4056 4072
f 4056 4057 4073
f 4057 4058 4074
f 4058 4059 4075
f 4059 4060 4076
f 4060 4061 4077
f 4061 433 432
f 4045 4062 308
f 4046 4063 4062
f 4047 4064 4063
f 4048 4065 4064
f 4049 4066 4065
f 4050 4067 4066
f 4051 4068 4067
f 4052 4069 4068
f 4053 4070 4069
f 4054 4071 4070
f 4055 4072 4071
f 4056 4073 4072
f 4057 4074 4073
f 4058 4075 4074
f 4059 4076 4075
f 4060 4077 4076
f 4061 432 4077
f 308 4062 307
f 4062 4063 4078
f 4063 4064 4079
f 4064 4065 4080
f 4065 4066 4081
f 4066 4067 4082
f 4067 4068 4083
f 4068 4069 4084
f 4069 4070 4085
f 4070 4071 4086
f 4071 4072 4087
f 4072 4073 4088
f 4073 4074 4089
f 4074 4075 4090
f 4075 4076 4091
f 4076 4077 4092
f 4077 432 431
f 4062 4078 307
f 4063 4079 4078
f 4064 4080 4079
f 4065 4081 4080
f 4066 4082 4081
f 4067 4083 4082
f 4068 4084 4083
f 4069 4085 4084
f 4070 4086 4085
f 4071 4087 4086
f 4072 4088 4087
f 4073 4089 4088
f 4074 4090 4089
f 4075 4091 4090
f 4076 4092 4091
f 4077 431 4092
f 307 4078 306
f 4078 4079 4093
f 4079 4080 4094
f 4080 4081 4095
f 4081 4082 4096
f 4082 4083 4097
f 4083 4084 4098
f 4084 4085 4099
f 4085 4086 4100
f 4086 4087 4101
f 4087 4088 4102
f 4088 4089 4103
f 4089 4090 4104
f 4090 4091 4105
f 4091 4092 4106
f 4092 431 430
f 4078 4093 306
f 4079 4094 4093
f 4080 4095 4094
f 4081 4096 4095
f 4082 4097 4096
f 4083 4098 4097
f 4084 4099 4098
f 4085 4100 4099
f 4086 4101 4100
f 4087 4102 4101
f 4088 4103 4102
f 4089 4104 4103
f 4090 4105 4104
f 4091 4106 4105
f 4092 430 4106
f 306 4093 305
f 4093 4094 4107
f 4094 4095 4108
f 4095 4096 4109
f 4096 4097 4110
f 4097 4098 4111
f 4098 4099 4112
f 4099 4100 4113
f 4100 4101 4114
f 4101 4102 4115
f 4102 4103 4116
f 4103 4104 4117
f 4104 4105 4118
f 4105 4106 4119
f 4106 430 429
f 4093 4107 305
f 4094 4108 4107
f 4095 4109 4108
f 4096 4110 4109
f 4097 4111 4110
f 4098 4112 4111
f 4099 4113 4112
f 4100 4114 4113
f 4101 4115 4114
f 4102 4116 4115
f 4103 4117 4116
f 4104 4118 4117
f 4105 4119 4118
f 4106 429 4119
f 305 4107 304
f 4107 4108 4120
f 4108 4109 4121
f 4109 4110 4122
f 4110 4111 4123
f 4111 4112 4124
f 4112 4113 4125
f 4113 4114 4126
f 4114 4115 4127
f 4115 4116 4128
f 4116 4117 4129
f 4117 4118 4130
f 4118 4119 4131
f 4119 429 428
f 4107 4120 304
f 4108 4121 4120
f 4109 4122 4121
f 4110 4123 4122
f 4111 4124 4123
f 4112 4125 4124
f 4113 4126 4125
f 4114 4127 4126
f 4115 4128 4127
f 4116 4129 4128
f 4117 4130 4129
f 4118 4131 4130
f 4119 428 4131
f 304 4120 303
f 4120 4121 4132
f 4121 4122 4133
f 4122 4123 4134
f 4123 4124 4135
f 4124 4125 4136
f 4125 4126 4137
f 4126 4127 4138
f 4127 4128 4139
f 4128 4129 4140
f 4129 4130 4141
f 4130 4131 4142
f 4131 428 427
f 4120 4132 303
f 4121 4133 4132
f 4122 4134 4133
f 4123 4135 4134
f 4124 4136 4135
f 4125 4137 4136
f 4126 4138 4137
f 4127 4139 4138
f 4128 4140 4139
f 4129 4141 4140
f 4130 4142 4141
f 4131 427 4142
f 303 4132 302
f 4132 4133 4143
f 4133 4134 4144
f 4134 4135 4145
f 4135 4136 4146
f 4136 4137 4147
f 4137 4138 4148
f 4138 4139 4149
f 4139 4140 4150
f 4140 4141 4151
f 4141 4142 4152
f 4142 427 426
f 4132 4143 302
f 4133 4144 4143
f 4134 4145 4144
f 4135 4146 4145
f 4136 4147 4146
f 4137 4148 4147
f 4138 4149 4148
f 4139 4150 4149
f 4140 4151 4150
f 4141 4152 4151
f 4142 426 4152
f 302 4143 301
f 4143 4144 4153
f 4144 4145 4154
f 4145 4146 4155
f 4146 4147 4156
f 4147 4148 4157
f 4148 4149 4158
f 4149 4150 4159
f 4150 4151 4160
f 4151 4152 4161
f 4152 426 425
f 4143 4153 301
f 4144 4154 4153
f 4145 4155 4154
f 4146 4156 4155
f 4147 4157 4156
f 4148 4158 4157
f 4149 4159 4158
f 4150 4160 4159
f 4151 4161 4160
f 4152 425 4161
f 301 4153 300
f 4153 4154 4162
f 4154 4155 4163
f 4155 4156 4164
f 4156 4157 4165
f 4157 4158 4166
f 4158 4159 4167
f 4159 4160 4168
f 4160 4161 4169
f 4161 425 424
f 4153 4162 300
f 4154 4163 4162
f 4155 4164 4163
f 4156 4165 4164
f 4157 4166 4165
f 4158 4167 4166
f 4159 4168 4167
f 4160 4169 4168
f 4161 424 4169
f 300 4162 299
f 4162 4163 4170
f 4163 4164 4171
f 4164 4165 4172
f 4165 4166 4173
f 4166 4167 4174
f 4167 4168 4175
f 4168 4169 4176
f 4169 424 423
f 4162 4170 299
f 4163 4171 4170
f 4164 4172 4171
f 4165 4173 4172
f 4166 4174 4173
f 4167 4175 4174
f 4168 4176 4175
f 4169 423 4176
f 299 4170 298
f 4170 4171 4177
f 4171 4172 4178
f 4172 4173 4179
f 4173 4174 4180
f 4174 4175 4181
f 4175 4176 4182
f 4176 423 422
f 4170 4177 298
f 4171 4178 4177
f 4172 4179 4178
f 4173 4180 4179
f 4174 4181 4180
f 4175 4182 4181
f 4176 422 4182
f 298 4177 297
f 4177 4178 4183
f 4178 4179 4184
f 4179 4180 4185
f 4180 4181 4186
f 4181 4182 4187
f 4182 422 421
f 4177 4183 297
f 4178 4184 4183
f 4179 4185 4184
f 4180 4186 4185
f 4181 4187 4186
f 4182 421 4187
f 297 4183 296
f 4183 4184 4188
f 4184 4185 4189
f 4185 4186 4190
f 4186 4187 4191
f 4187 421 420
f 4183 4188 296
f 4184 4189 4188
f 4185 4190 4189
f 4186 4191 4190
f 4187 420 4191
f 296 4188 295
f 4188 4189 4192
f 4189 4190 4193
f 4190 4191 4194
f 4191 420 419
f 4188 4192 295
f 4189 4193 4192
f 4190 4194 4193
f 4191 419 4194
f 295 4192 294
f 4192 4193 4195
f 4193 4194 4196
f 4194 419 418
f 4192 4195 294
f 4193 4196 4195
f 4194 418 4196
f 294 4195 293
f 4195 4196 4197
f 4196 418 417
f 4195 4197 293
f 4196 417 4197
f 293 4197 292
f 4197 417 416
f 4197 416 292
f 292 416 5
f 12 570 167
f 570 569 4198
f 569 568 4199
f 568 567 4200
f 567 566 4201
f 566 565 4202
f 565 564 4203
f 564 563 4204
f 563 562 4205
f 562 561 4206
f 561 560 4207
f 560 559 4208
f 559 558 4209
f 558 557 4210
f 557 556 4211
f 556 555 4212
f 555 554 4213
f 554 553 4214
f 553 552 4215
f 552 551 4216
f 551 550 4217
f 550 549 4218
f 549 548 4219
f 548 547 4220
f 547 546 4221
f 546 545 4222
f 545 544 4223
f 544 543 4224
f 543 542 4225
f 542 541 4226
f 541 540 4227
f 540 11 663
f 570 4198 167
f 569 4199 4198
f 568 4200 4199
f 567 4201 4200
f 566 4202 4201
f 565 4203 4202
f 564 4204 4203
f 563 4205 4204
f 562 4206 4205
f 561 4207 4206
f 560 4208 4207
f 559 4209 4208
f 558 4210 4209
f 557 4211 4210
f 556 4212 4211
f 555 4213 4212
f 554 4214 4213
f 553 4215 4214
f 552 4216 4215
f 551 4217 4216
f 550 4218 4217
f 549 4219 4218
f 548 4220 4219
f 547 4221 4220
f 546 4222 4221
f 545 4223 4222
f 544 4224 4223
f 543 4225 4224
f 542 4226 4225
f 541 4227 4226
f 540 663 4227
f 167 4198 166
f 4198 4199 4228
f 4199 4200 4229
f 4200 4201 4230
f 4201 4202 4231
f 4202 4203 4232
f 4203 4204 4233
f 4204 4205 4234
f 4205 4206 4235
f 4206 4207 4236
f 4207 4208 4237
f 4208 4209 4238
f 4209 4210 4239
f 4210 4211 4240
f 4211 4212 4241
f 4212 4213 4242
f 4213 4214 4243
f 4214 4215 4244
f 4215 4216 4245
f 4216 4217 4246
f 4217 4218 4247
f 4218 4219 4248
f 4219 4220 4249
f 4220 4221 4250
f 4221 4222 4251
f 4222 4223 4252
f 4223 4224 4253
f 4224 4225 4254
f 4225 4226 4255
f 4226 4227 4256
f 4227 663 662
f 4198 4228 166
f 4199 4229 4228
f 4200 4230 4229
f 4201 4231 4230
f 4202 4232 4231
f 4203 4233 4232
f 4204 4234 4233
f 4205 4235 4234
f 4206 4236 4235
f 4207 4237 4236
f 4208 4238 4237
f 4209 4239 4238
f 4210 4240 4239
f 4211 4241 4240
f 4212 4242 4241
f 4213 4243 4242
f 4214 4244 4243
f 4215 4245 4244
f 4216 4246 4245
f 4217 4247 4246
f 4218 4248 4247
f 4219 4249 4248
f 4220 4250 4249
f 4221 4251 4250
f 4222 4252 4251
f 4223 4253 4252
f 4224 4254 4253
f 4225 4255 4254
f 4226 4256 4255
f 4227 662 4256
f 166 4228 165
f 4228 4229 4257
f 4229 4230 4258
f 4230 4231 4259
f 4231 4232 4260
f 4232 4233 4261
f 4233 4234 4262
f 4234 4235 4263
f 4235 4236 4264
f 4236 4237 4265
f 4237 4238 4266
f 4238 4239 4267
f 4239 4240 4268
f 4240 4241 4269
f 4241 4242 4270
f 4242 4243 4271
f 4243 4244 4272
f 4244 4245 4273
f 4245 4246 4274
f 4246 4247 4275
f 4247 4248 4276
f 4248 4249 4277
f 4249 4250 4278
f 4250 4251 4279
f 4251 4252 4280
f 4252 4253 4281
f 4253 4254 4282
f 4254 4255 4283
f 4255 4256 4284
f 4256 662 661
f 4228 4257 165
f 4229 4258 4257
f 4230 4259 4258
f 4231 4260 4259
f 4232 4261 4260
f 4233 4262 4261
f 4234 4263 4262
f 4235 4264 4263
f 4236 4265 4264
f 4237 4266 4265
f 4238 4267 4266
f 4239 4268 4267
f 4240 4269 4268
f 4241 4270 4269
f 4242 4271 4270
f 4243 4272 4271
f 4244 4273 4272
f 4245 4274 4273
f 4246 4275 4274
f 4247 4276 4275
f 4248 4277 4276
f 4249 4278 4277
f 4250 4279 4278
f 4251 4280 4279
f 4252 4281 4280
f 4253 4282 4281
f 4254 4283 4282
f 4255 4284 4283
f 4256 661 4284
f 165 4257 164
f 4257 4258 4285
f 4258 4259 4286
f 4259 4260 4287
f 4260 4261 4288
f 4261 4262 4289
f 4262 4263 4290
f 4263 4264 4291
f 4264 4265 4292
f 4265 4266 4293
f 4266 4267 4294
f 4267 4268 4295
f 4268 4269 4296
f 4269 4270 4297
f 4270 4271 4298
f 4271 4272 4299
f 4272 4273 4300
f 4273 4274 4301
f 4274 4275 4302
f 4275 4276 4303
f 4276 4277 4304
f 4277 4278 4305
f 4278 4279 4306
f 4279 4280 4307
f 4280 4281 4308
f 4281 4282 4309
f 4282 4283 4310
f 4283 4284 4311
f 4284 661 660
f 4257 4285 164
f 4258 4286 4285
f 4259 4287 4286
f 4260 4288 4287
f 4261 4289 4288
f 4262 4290 4289
f 4263 4291 4290
f 4264 4292 4291
f 4265 4293 4292
f 4266 4294 4293
f 4267 4295 4294
f 4268 4296 4295
f 4269 4297 4296
f 4270 4298 4297
f 4271 4299 4298
f 4272 4300 4299
f 4273 4301 4300
f 4274 4302 4301
f 4275 4303 4302
f 4276 4304 4303
f 4277 4305 4304
f 4278 4306 4305
f 4279 4307 4306
f 4280 4308 4307
f 4281 4309 4308
f 4282 4310 4309
f 4283 4311 4310
f 4284 660 4311
f 164 4285 163
f 4285 4286 4312
f 4286 4287 4313
f 4287 4288 4314
f 4288 4289 4315
f 4289 4290 4316
f 4290 4291 4317
f 4291 4292 4318
f 4292 4293 4319
f 4293 4294 4320
f 4294 4295 4321
f 4295 4296 4322
f 4296 4297 4323
f 4297 4298 4324
f 4298 4299 4325
f 4299 4300 4326
f 4300 4301 4327
f 4301 4302 4328
f 4302 4303 4329
f 4303 4304 4330
f 4304 4305 4331
f 4305 4306 4332
f 4306 4307 4333
f 4307 4308 4334
f 4308 4309 4335
f 4309 4310 4336
f 4310 4311 4337
f 4311 660 659
f 4285 4312 163
f 4286 4313 4312
f 4287 4314 4313
f 4288 4315 4314
f 4289 4316 4315
f 4290 4317 4316
f 4291 4318 4317
f 4292 4319 4318
f 4293 4320 4319
f 4294 4321 4320
f 4295 4322 4321
f 4296 4323 4322
f 4297 4324 4323
f 4298 4325 4324
f 4299 4326 4325
f 4300 4327 4326
f 4301 4328 4327
f 4302 4329 4328
f 4303 4330 4329
f 4304 4331 4330
f 4305 4332 4331
f 4306 4333 4332
f 4307 4334 4333
f 4308 4335 4334
f 4309 4336 4335
f 4310 4337 4336
f 4311 659 4337
f 163 4312 162
f 4312 4313 4338
f 4313 4314 4339
f 4314 4315 4340
f 4315 4316 4341
f 4316 4317 4342
f 4317 4318 4343
f 4318 4319 4344
f 4319 4320 4345
f 4320 4321 4346
f 4321 4322 4347
f 4322 4323 4348
f 4323 4324 4349
f 4324 4325 4350
f 4325 4326 4351
f 4326 4327 4352
f 4327 4328 4353
f 4328 4329 4354
f 4329 4330 4355
f 4330 4331 4356
f 4331 4332 4357
f 4332 4333 4358
f 4333 4334 4359
f 4334 4335 4360
f 4335 4336 4361
f 4336 4337 4362
f 4337 659 658
f 4312 4338 162
f 4313 4339 4338
f 4314 4340 4339
f 4315 4341 4340
f 4316 4342 4341
f 4317 4343 4342
f 4318 4344 4343
f 4319 4345 4344
f 4320 4346 4345
f 4321 4347 4346
f 4322 4348 4347
f 4323 4349 4348
f 4324 4350 4349
f 4325 4351 4350
f 4326 4352 4351
f 4327 4353 4352
f 4328 4354 4353
f 4329 4355 4354
f 4330 4356 4355
f 4331 4357 4356
f 4332 4358 4357
f 4333 4359 4358
f 4334 4360 4359
f 4335 4361 4360
f 4336 4362 4361
f 4337 658 4362
f 162 4338 161
f 4338 4339 4363
f 4339 4340 4364
f 4340 4341 4365
f 4341 4342 4366
f 4342 4343 4367
f 4343 4344 4368
f 4344 4345 4369
f 4345 4346 4370
f 4346 4347 4371
f 4347 4348 4372
f 4348 4349 4373
f 4349 4350 4374
f 4350 4351 4375
f 4351 4352 4376
f 4352 4353 4377
f 4353 4354 4378
f 4354 4355 4379
f 4355 4356 4380
f 4356 4357 4381
f 4357 4358 4382
f 4358 4359 4383
f 4359 4360 4384
f 4360 4361 4385
f 4361 4362 4386
f 4362 658 657
f 4338 4363 161
f 4339 4364 4363
f 4340 4365 4364
f 4341 4366 4365
f 4342 4367 4366
f 4343 4368 4367
f 4344 4369 4368
f 4345 4370 4369
f 4346 4371 4370
f 4347 4372 4371
f 4348 4373 4372
f 4349 4374 4373
f 4350 4375 4374
f 4351 4376 4375
f 4352 4377 4376
f 4353 4378 4377
f 4354 4379 4378
f 4355 4380 4379
f 4356 4381 4380
f 4357 4382 4381
f 4358 4383 4382
f 4359 4384 4383
f 4360 4385 4384
f 4361 4386 4385
f 4362 657 4386
f 161 4363 160
f 4363 4364 4387
f 4364 4365 4388
f 4365 4366 4389
f 4366 4367 4390
f 4367 4368 4391
f 4368 4369 4392
f 4369 4370 4393
f 4370 4371 4394
f 4371 4372 4395
f 4372 4373 4396
f 4373 4374 4397
f 4374 4375 4398
f 4375 4376 4399
f 4376 4377 4400
f 4377 4378 4401
f 4378 4379 4402
f 4379 4380 4403
f 4380 4381 4404
f 4381 4382 4405
f 4382 4383 4406
f 4383 4384 4407
f 4384 4385 4408
f 4385 4386 4409
f 4386 657 656
f 4363 4387 160
f 4364 4388 4387
f 4365 4389 4388
f 4366 4390 4389
f 4367 4391 4390
f 4368 4392 4391
f 4369 4393 4392
f 4370 4394 4393
f 4371 4395 4394
f 4372 4396 4395
f 4373 4397 4396
f 4374 4398 4397
f 4375 4399 4398
f 4376 4400 4399
f 4377 4401 4400
f 4378 4402 4401
f 4379 4403 4402
f 4380 4404 4403
f 4381 4405 4404
f 4382 4406 4405
f 4383 4407 4406
f 4384 4408 4407
f 4385 4409 4408
f 4386 656 4409
f 160 4387 159
f 4387 4388 4410
f 4388 4389 4411
f 4389 4390 4412
f 4390 4391 4413
f 4391 4392 4414
f 4392 4393 4415
f 4393 4394 4416
f 4394 4395 4417
f 4395 4396 4418
f 4396 4397 4419
f 4397 4398 4420
f 4398 4399 4421
f 4399 4400 4422
f 4400 4401 4423
f 4401 4402 4424
f 4402 4403 4425
f 4403 4404 4426
f 4404 4405 4427
f 4405 4406 4428
f 4406 4407 4429
f 4407 4408 4430
f 4408 4409 4431
f 4409 656 655
f 4387 4410 159
f 4388 4411 4410
f 4389 4412 4411
f 4390 4413 4412
f 4391 4414 4413
f 4392 4415 4414
f 4393 4416 4415
f 4394 4417 4416
f 4395 4418 4417
f 4396 4419 4418
f 4397 4420 4419
f 4398 4421 4420
f 4399 4422 4421
f 4400 4423 4422
f 4401 4424 4423
f 4402 4425 4424
f 4403 4426 4425
f 4404 4427 4426
f 4405 4428 4427
f 4406 4429 4428
f 4407 4430 4429
f 4408 4431 4430
f 4409 655 4431
f 159 4410 158
f 4410 4411 4432
f 4411 4412 4433
f 4412 4413 4434
f 4413 4414 4435
f 4414 4415 4436
f 4415 4416 4437
f 4416 4417 4438
f 4417 4418 4439
f 4418 4419 4440
f 4419 4420 4441
f 4420 4421 4442
f 4421 4422 4443
f 4422 4423 4444
f 4423 4424 4445
f 4424 4425 4446
f 4425 4426 4447
f 4426 4427 4448
f 4427 4428 4449
f 4428 4429 4450
f 4429 4430 4451
f 4430 4431 4452
f 4431 655 654
f 4410 4432 158
f 4411 4433 4432
f 4412 4434 4433
f 4413 4435 4434
f 4414 4436 4435
f 4415 4437 4436
f 4416 4438 4437
f 4417 4439 4438
f 4418 4440 4439
f 4419 4441 4440
f 4420 4442 4441
f 4421 4443 4442
f 4422 4444 4443
f 4423 4445 4444
f 4424 4446 4445
f 4425 4447 4446
f 4426 4448 4447
f 4427 4449 4448
f 4428 4450 4449
f 4429 4451 4450
f 4430 4452 4451
f 4431 654 4452
f 158 4432 157
f 4432 4433 4453
f 4433 4434 4454
f 4434 4435 4455
f 4435 4436 4456
f 4436 4437 4457
f 4437 4438 4458
f 4438 4439 4459
f 4439 4440 4460
f 4440 4441 4461
f 4441 4442 4462
f 4442 4443 4463
f 4443 4444 4464
f 4444 4445 4465
f 4445 4446 4466
f 4446 4447 4467
f 4447 4448 4468
f 4448 4449 4469
f 4449 4450 4470
f 4450 4451 4471
f 4451 4452 4472
f 4452 654 653
f 4432 4453 157
f 4433 4454 4453
f 4434 4455 4454
f 4435 4456 4455
f 4436 4457 4456
f 4437 4458 4457
f 4438 4459 4458
f 4439 4460 4459
f 4440 4461 4460
f 4441 4462 4461
f 4442 4463 4462
f 4443 4464 4463
f 4444 4465 4464
f 4445 4466 4465
f 4446 4467 4466
f 4447 4468 4467
f 4448 4469 4468
f 4449 4470 4469
f 4450 4471 4470
f 4451 4472 4471
f 4452 653 4472
f 157 4453 156
f 4453 4454 4473
f 4454 4455 4474
f 4455 4456 4475
f 4456 4457 4476
f 4457 4458 4477
f 4458 4459 4478
f 4459 4460 4479
f 4460 4461 4480
f 4461 4462 4481
f 4462 4463 4482
f 4463 4464 4483
f 4464 4465 4484
f 4465 4466 4485
f 4466 4467 4486
f 4467 4468 4487
f 4468 4469 4488
f 4469 4470 4489
f 4470 4471 4490
f 4471 4472 4491
f 4472 653 652
f 4453 4473 156
f 4454 4474 4473
f 4455 4475 4474
f 4456 4476 4475
f 4457 4477 4476
f 4458 4478 4477
f 4459 4479 4478
f 4460 4480 4479
f 4461 4481 4480
f 4462 4482 4481
f 4463 4483 4482
f 4464 4484 4483
f 4465 4485 4484
f 4466 4486 4485
f 4467 4487 4486
f 4468 4488 4487
f 4469 4489 4488
f 4470 4490 4489
f 4471 4491 4490
f 4472 652 4491
f 156 4473 155
f 4473 4474 4492
f 4474 4475 4493
f 4475 4476 4494
f 4476 4477 4495
f 4477 4478 4496
f 4478 4479 4497
f 4479 4480 4498
f 4480 4481 4499
f 4481 4482 4500
f 4482 4483 4501
f 4483 4484 4502
f 4484 4485 4503
f 4485 4486 4504
f 4486 4487 4505
f 4487 4488 4506
f 4488 4489 4507
f 4489 4490 4508
f 4490 4491 4509
f 4491 652 651
f 4473 4492 155
f 4474 4493 4492
f 4475 4494 4493
f 4476 4495 4494
f 4477 4496 4495
f 4478 4497 4496
f 4479 4498 4497
f 4480 4499 4498
f 4481 4500 4499
f 4482 4501 4500
f 4483 4502 4501
f 4484 4503 4502
f 4485 4504 4503
f 4486 4505 4504
f 4487 4506 4505
f 4488 4507 4506
f 4489 4508 4507
f 4490 4509 4508
f 4491 651 4509
f 155 4492 154
f 4492 4493 4510
f 4493 4494 4511
f 4494 4495 4512
f 4495 4496 4513
f 4496 4497 4514
f 4497 4498 4515
f 4498 4499 4516
f 4499 4500 4517
f 4500 4501 4518
f 4501 4502 4519
f 4502 4503 4520
f 4503 4504 4521
f 4504 4505 4522
f 4505 4506 4523
f 4506 4507 4524
f 4507 4508 4525
f 4508 4509 4526
f 4509 651 650
f 4492 4510 154
f 4493 4511 4510
f 4494 4512 4511
f 4495 4513 4512
f 4496 4514 4513
f 4497 4515 4514
f 4498 4516 4515
f 4499 4517 4516
f 4500 4518 4517
f 4501 4519 4518
f 4502 4520 4519
f 4503 4521 4520
f 4504 4522 4521
f 4505 4523 4522
f 4506 4524 4523
f 4507 4525 4524
f 4508 4526 4525
f 4509 650 4526
f 154 4510 153
f 4510 4511 4527
f 4511 4512 4528
f 4512 4513 4529
f 4513 4514 4530
f 4514 4515 4531
f 4515 4516 4532
f 4516 4517 4533
f 4517 4518 4534
f 4518 4519 4535
f 4519 4520 4536
f 4520 4521 4537
f 4521 4522 4538
f 4522 4523 4539
f 4523 4524 4540
f 4524 4525 4541
f 4525 4526 4542
f 4526 650 649
f 4510 4527 153
f 4511 4528 4527
f 4512 4529 4528
f 4513 4530 4529
f 4514 4531 4530
f 4515 4532 4531
f 4516 4533 4532
f 4517 4534 4533
f 4518 4535 4534
f 4519 4536 4535
f 4520 4537 4536
f 4521 4538 4537
f 4522 4539 4538
f 4523 4540 4539
f 4524 4541 4540
f 4525 4542 4541
f 4526 649 4542
f 153 4527 152
f 4527 4528 4543
f 4528 4529 4544
f 4529 4530 4545
f 4530 4531 4546
f 4531 4532 4547
f 4532 4533 4548
f 4533 4534 4549
f 4534 4535 4550
f 4535 4536 4551
f 4536 4537 4552
f 4537 4538 4553
f 4538 4539 4554
f 4539 4540 4555
f 4540 4541 4556
f 4541 4542 4557
f 4542 649 648
f 4527 4543 152
f 4528 4544 4543
f 4529 4545 4544
f 4530 4546 4545
f 4531 4547 4546
f 4532 4548 4547
f 4533 4549 4548
f 4534 4550 4549
f 4535 4551 4550
f 4536 4552 4551
f 4537 4553 4552
f 4538 4554 4553
f 4539 4555 4554
f 4540 4556 4555
f 4541 4557 4556
f 4542 648 4557
f 152 4543 151
f 4543 4544 4558
f 4544 4545 4559
f 4545 4546 4560
f 4546 4547 4561
f 4547 4548 4562
f 4548 4549 4563
f 4549 4550 4564
f 4550 4551 4565
f 4551 4552 4566
f 4552 4553 4567
f 4553 4554 4568
f 4554 4555 4569
f 4555 4556 4570
f 4556 4557 4571
f 4557 648 647
f 4543 4558 151
f 4544 4559 4558
f 4545 4560 4559
f 4546 4561 4560
f 4547 4562 4561
f 4548 4563 4562
f 4549 4564 4563
f 4550 4565 4564
f 4551 4566 4565
f 4552 4567 4566
f 4553 4568 4567
f 4554 4569 4568
f 4555 4570 4569
f 4556 4571 4570
f 4557 647 4571
f 151 4558 150
f 4558 4559 4572
f 4559 4560 4573
f 4560 4561 4574
f 4561 4562 4575
f 4562 4563 4576
f 4563 4564 4577
f 4564 4565 4578
f 4565 4566 4579
f 4566 4567 4580
f 4567 4568 4581
f 4568 4569 4582
f 4569 4570 4583
f 4570 4571 4584
f 4571 647 646
f 4558 4572 150
f 4559 4573 4572
f 4560 4574 4573
f 4561 4575 4574
f 4562 4576 4575
f 4563 4577 4576
f 4564 4578 4577
f 4565 4579 4578
f 4566 4580 4579
f 4567 4581 4580
f 4568 4582 4581
f 4569 4583 4582
f 4570 4584 4583
f 4571 646 4584
f 150 4572 149
f 4572 4573 4585
f 4573 4574 4586
f 4574 4575 4587
f 4575 4576 4588
f 4576 4577 4589
f 4577 4578 4590
f 4578 4579 4591
f 4579 4580 4592
f 4580 4581 4593
f 4581 4582 4594
f 4582 4583 4595
f 4583 4584 4596
f 4584 646 645
f 4572 4585 149
f 4573 4586 4585
f 4574 4587 4586
f 4575 4588 4587
f 4576 4589 4588
f 4577 4590 4589
f 4578 4591 4590
f 4579 4592 4591
f 4580 4593 4592
f 4581 4594 4593
f 4582 4595 4594
f 4583 4596 4595
f 4584 645 4596
f 149 4585 148
f 4585 4586 4597
f 4586 4587 4598
f 4587 4588 4599
f 4588 4589 4600
f 4589 4590 4601
f 4590 4591 4602
f 4591 4592 4603
f 4592 4593 4604
f 4593 4594 4605
f 4594 4595 4606
f 4595 4596 4607
f 4596 645 644
f 4585 4597 148
f 4586 4598 4597
f 4587 4599 4598
f 4588 4600 4599
f 4589 4601 4600
f 4590 4602 4601
f 4591 4603 4602
f 4592 4604 4603
f 4593 4605 4604
f 4594 4606 4605
f 4595 4607 4606
f 4596 644 4607
f 148 4597 147
f 4597 4598 4608
f 4598 4599 4609
f 4599 4600 4610
f 4600 4601 4611
f 4601 4602 4612
f 4602 4603 4613
f 4603 4604 4614
f 4604 4605 4615
f 4605 4606 4616
f 4606 4607 4617
f 4607 644 643
f 4597 4608 147
f 4598 4609 4608
f 4599 4610 4609
f 4600 4611 4610
f 4601 4612 4611
f 4602 4613 4612
f 4603 4614 4613
f 4604 4615 4614
f 4605 4616 4615
f 4606 4617 4616
f 4607 643 4617
f 147 4608 146
f 4608 4609 4618
f 4609 4610 4619
f 4610 4611 4620
f 4611 4612 4621
f 4612 4613 4622
f 4613 4614 4623
f 4614 4615 4624
f 4615 4616 4625
f 4616 4617 4626
f 4617 643 642
f 4608 4618 146
f 4609 4619 4618
f 4610 4620 4619
f 4611 4621 4620
f 4612 4622 4621
f 4613 4623 4622
f 4614 4624 4623
f 4615 4625 4624
f 4616 4626 4625
f 4617 642 4626
f 146 4618 145
f 4618 4619 4627
f 4619 4620 4628
f 4620 4621 4629
f 4621 4622 4630
f 4622 4623 4631
f 4623 4624 4632
f 4624 4625 4633
f 4625 4626 4634
f 4626 642 641
f 4618 4627 145
f 4619 4628 4627
f 4620 4629 4628
f 4621 4630 4629
f 4622 4631 4630
f 4623 4632 4631
f 4624 4633 4632
f 4625 4634 4633
f 4626 641 4634
f 145 4627 144
f 4627 4628 4635
f 4628 4629 4636
f 4629 4630 4637
f 4630 4631 4638
f 4631 4632 4639
f 4632 4633 4640
f 4633 4634 4641
f 4634 641 640
f 4627 4635 144
f 4628 4636 4635
f 4629 4637 4636
f 4630 4638 4637
f 4631 4639 4638
f 4632 4640 4639
f 4633 4641 4640
f 4634 640 4641
f 144 4635 143
f 4635 4636 4642
f 4636 4637 4643
f 4637 4638 4644
f 4638 4639 4645
f 4639 4640 4646
f 4640 4641 4647
f 4641 640 639
f 4635 4642 143
f 4636 4643 4642
f 4637 4644 4643
f 4638 4645 4644
f 4639 4646 4645
f 4640 4647 4646
f 4641 639 4647
f 143 4642 142
f 4642 4643 4648
f 4643 4644 4649
f 4644 4645 4650
f 4645 4646 4651
f 4646 4647 4652
f 4647 639 638
f 4642 4648 142
f 4643 4649 4648
f 4644 4650 4649
f 4645 4651 4650
f 4646 4652 4651
f 4647 638 4652
f 142 4648 141
f 4648 4649 4653
f 4649 4650 4654
f 4650 4651 4655
f 4651 4652 4656
f 4652 638 637
f 4648 4653 141
f 4649 4654 4653
f 4650 4655 4654
f 4651 4656 4655
f 4652 637 4656
f 141 4653 140
f 4653 4654 4657
f 4654 4655 4658
f 4655 4656 4659
f 4656 637 636
f 4653 4657 140
f 4654 4658 4657
f 4655 4659 4658
f 4656 636 4659
f 140 4657 139
f 4657 4658 4660
f 4658 4659 4661
f 4659 636 635
f 4657 4660 139
f 4658 4661 4660
f 4659 635 4661
f 139 4660 138
f 4660 4661 4662
f 4661 635 634
f 4660 4662 138
f 4661 634 4662
f 138 4662 137
f 4662 634 633
f 4662 633 137
f 137 633 3
f 11 260 756
f 260 259 4663
f 259 258 4664
f 258 257 4665
f 257 256 4666
f 256 255 4667
f 255 254 4668
f 254 253 4669
f 253 252 4670
f 252 251 4671
f 251 250 4672
f 250 249 4673
f 249 248 4674
f 248 247 4675
f 247 246 4676
f 246 245 4677
f 245 244 4678
f 244 243 4679
f 243 242 4680
f 242 241 4681
f 241 240 4682
f 240 239 4683
f 239 238 4684
f 238 237 4685
f 237 236 4686
f 236 235 4687
f 235 234 4688
f 234 233 4689
f 233 232 4690
f 232 231 4691
f 231 230 4692
f 230 8 725
f 260 4663 756
f 259 4664 4663
f 258 4665 4664
f 257 4666 4665
f 256 4667 4666
f 255 4668 4667
f 254 4669 4668
f 253 4670 4669
f 252 4671 4670
f 251 4672 4671
f 250 4673 4672
f 249 4674 4673
f 248 4675 4674
f 247 4676 4675
f 246 4677 4676
f 245 4678 4677
f 244 4679 4678
f 243 4680 4679
f 242 4681 4680
f 241 4682 4681
f 240 4683 4682
f 239 4684 4683
f 238 4685 4684
f 237 4686 4685
f 236 4687 4686
f 235 4688 4687
f 234 4689 4688
f 233 4690 4689
f 232 4691 4690
f 231 4692 4691
f 230 725 4692
f 756 4663 755
f 4663 4664 4693
f 4664 4665 4694
f 4665 4666 4695
f 4666 4667 4696
f 4667 4668 4697
f 4668 4669 4698
f 4669 4670 4699
f 4670 4671 4700
f 4671 4672 4701
f 4672 4673 4702
f 4673 4674 4703
f 4674 4675 4704
f 4675 4676 4705
f 4676 4677 4706
f 4677 4678 4707
f 4678 4679 4708
f 4679 4680 4709
f 4680 4681 4710
f 4681 4682 4711
f 4682 4683 4712
f 4683 4684 4713
f 4684 4685 4714
f 4685 4686 4715
f 4686 4687 4716
f 4687 4688 4717
f 4688 4689 4718
f 4689 4690 4719
f 4690 4691 4720
f 4691 4692 4721
f 4692 725 724
f 4663 4693 755
f 4664 4694 4693
f 4665 4695 4694
f 4666 4696 4695
f 4667 4697 4696
f 4668 4698 4697
f 4669 4699 4698
f 4670 4700 4699
f 4671 4701 4700
f 4672 4702 4701
f 4673 4703 4702
f 4674 4704 4703
f 4675 4705 4704
f 4676 4706 4705
f 4677 4707 4706
f 4678 4708 4707
f 4679 4709 4708
f 4680 4710 4709
f 4681 4711 4710
f 4682 4712 4711
f 4683 4713 4712
f 4684 4714 4713
f 4685 4715 4714
f 4686 4716 4715
f 4687 4717 4716
f 4688 4718 4717
f 4689 4719 4718
f 4690 4720 4719
f 4691 4721 4720
f 4692 724 4721
f 755 4693 754
f 4693 4694 4722
f 4694 4695 4723
f 4695 4696 4724
f 4696 4697 4725
f 4697 4698 4726
f 4698 4699 4727
f 4699 4700 4728
f 4700 4701 4729
f 4701 4702 4730
f 4702 4703 4731
f 4703 4704 4732
f 4704 4705 4733
f 4705 4706 4734
f 4706 4707 4735
f 4707 4708 4736
f 4708 4709 4737
f 4709 4710 4738
f 4710 4711 4739
f 4711 4712 4740
f 4712 4713 4741
f 4713 4714 4742
f 4714 4715 4743
f 4715 4716 4744
f 4716 4717 4745
f 4717 4718 4746
f 4718 4719 4747
f 4719 4720 4748
f 4720 4721 4749
f 4721 724 723
f 4693 4722 754
f 4694 4723 4722
f 4695 4724 4723
f 4696 4725 4724
f 4697 4726 4725
f 4698 4727 4726
f 4699 4728 4727
f 4700 4729 4728
f 4701 4730 4729
f 4702 4731 4730
f 4703 4732 4731
f 4704 4733 4732
f 4705 4734 4733
f 4706 4735 4734
f 4707 4736 4735
f 4708 4737 4736
f 4709 4738 4737
f 4710 4739 4738
f 4711 4740 4739
f 4712 4741 4740
f 4713 4742 4741
f 4714 4743 4742
f 4715 4744 4743
f 4716 4745 4744
f 4717 4746 4745
f 4718 4747 4746
f 4719 4748 4747
f 4720 4749 4748
f 4721 723 4749
f 754 4722 753
f 4722 4723 4750
f 4723 4724 4751
f 4724 4725 4752
f 4725 4726 4753
f 4726 4727 4754
f 4727 4728 4755
f 4728 4729 4756
f 4729 4730 4757
f 4730 4731 4758
f 4731 4732 4759
f 4732 4733 4760
f 4733 4734 4761
f 4734 4735 4762
f 4735 4736 4763
f 4736 4737 4764
f 4737 4738 4765
f 4738 4739 4766
f 4739 4740 4767
f 4740 4741 4768
f 4741 4742 4769
f 4742 4743 4770
f 4743 4744 4771
f 4744 4745 4772
f 4745 4746 4773
f 4746 4747 4774
f 4747 4748 4775
f 4748 4749 4776
f 4749 723 722
f 4722 4750 753
f 4723 4751 4750
f 4724 4752 4751
f 4725 4753 4752
f 4726 4754 4753
f 4727 4755 4754
f 4728 4756 4755
f 4729 4757 4756
f 4730 4758 4757
f 4731 4759 4758
f 4732 4760 4759
f 4733 4761 4760
f 4734 4762 4761
f 4735 4763 4762
f 4736 4764 4763
f 4737 4765 4764
f 4738 4766 4765
f 4739 4767 4766
f 4740 4768 4767
f 4741 4769 4768
f 4742 4770 4769
f 4743 4771 4770
f 4744 4772 4771
f 4745 4773 4772
f 4746 4774 4773
f 4747 4775 4774
f 4748 4776 4775
f 4749 722 4776
f 753 4750 752
f 4750 4751 4777
f 4751 4752 4778
f 4752 4753 4779
f 4753 4754 4780
f 4754 4755 4781
f 4755 4756 4782
f 4756 4757 4783
f 4757 4758 4784
f 4758 4759 4785
f 4759 4760 4786
f 4760 4761 4787
f 4761 4762 4788
f 4762 4763 4789
f 4763 4764 4790
f 4764 4765 4791
f 4765 4766 4792
f 4766 4767 4793
f 4767 4768 4794
f 4768 4769 4795
f 4769 4770 4796
f 4770 4771 4797
f 4771 4772 4798
f 4772 4773 4799
f 4773 4774 4800
f 4774 4775 4801
f 4775 4776 4802
f 4776 722 721
f 4750 4777 752
f 4751 4778 4777
f 4752 4779 4778
f 4753 4780 4779
f 4754 4781 4780
f 4755 4782 4781
f 4756 4783 4782
f 4757 4784 4783
f 4758 4785 4784
f 4759 4786 4785
f 4760 4787 4786
f 4761 4788 4787
f 4762 4789 4788
f 4763 4790 4789
f 4764 4791 4790
f 4765 4792 4791
f 4766 4793 4792
f 4767 4794 4793
f 4768 4795 4794
f 4769 4796 4795
f 4770 4797 4796
f 4771 4798 4797
f 4772 4799 4798
f 4773 4800 4799
f 4774 4801 4800
f 4775 4802 4801
f 4776 721 4802
f 752 4777 751
f 4777 4778 4803
f 4778 4779 4804
f 4779 4780 4805
f 4780 4781 4806
f 4781 4782 4807
f 4782 4783 4808
f 4783 4784 4809
f 4784 4785 4810
f 4785 4786 4811
f 4786 4787 4812
f 4787 4788 4813
f 4788 4789 4814
f 4789 4790 4815
f 4790 4791 4816
f 4791 4792 4817
f 4792 4793 4818
f 4793 4794 4819
f 4794 4795 4820
f 4795 4796 4821
f 4796 4797 4822
f 4797 4798 4823
f 4798 4799 4824
f 4799 4800 4825
f 4800 4801 4826
f 4801 4802 4827
f 4802 721 720
f 4777 4803 751
f 4778 4804 4803
f 4779 4805 4804
f 4780 4806 4805
f 4781 4807 4806
f 4782 4808 4807
f 4783 4809 4808
f 4784 4810 4809
f 4785 4811 4810
f 4786 4812 4811
f 4787 4813 4812
f 4788 4814 4813
f 4789 4815 4814
f 4790 4816 4815
f 4791 4817 4816
f 4792 4818 4817
f 4793 4819 4818
f 4794 4820 4819
f 4795 4821 4820
f 4796 4822 4821
f 4797 4823 4822
f 4798 4824 4823
f 4799 4825 4824
f 4800 4826 4825
f 4801 4827 4826
f 4802 720 4827
f 751 4803 750
f 4803 4804 4828
f 4804 4805 4829
f 4805 4806 4830
f 4806 4807 4831
f 4807 4808 4832
f 4808 4809 4833
f 4809 4810 4834
f 4810 4811 4835
f 4811 4812 4836
f 4812 4813 4837
f 4813 4814 4838
f 4814 4815 4839
f 4815 4816 4840
f 4816 4817 4841
f 4817 4818 4842
f 4818 4819 4843
f 4819 4820 4844
f 4820 4821 4845
f 4821 4822 4846
f 4822 4823 4847
f 4823 4824 4848
f 4824 4825 4849
f 4825 4826 4850
f 4826 4827 4851
f 4827 720 719
f 4803 4828 750
f 4804 4829 4828
f 4805 4830 4829
f 4806 4831 4830
f 4807 4832 4831
f 4808 4833 4832
f 4809 4834 4833
f 4810 4835 4834
f 4811 4836 4835
f 4812 4837 4836
f 4813 4838 4837
f 4814 4839 4838
f 4815 4840 4839
f 4816 4841 4840
f 4817 4842 4841
f 4818 4843 4842
f 4819 4844 4843
f 4820 4845 4844
f 4821 4846 4845
f 4822 4847 4846
f 4823 4848 4847
f 4824 4849 4848
f 4825 4850 4849
f 4826 4851 4850
f 4827 719 4851
f 750 4828 749
f 4828 4829 4852
f 4829 4830 4853
f 4830 4831 4854
f 4831 4832 4855
f 4832 4833 4856
f 4833 4834 4857
f 4834 4835 4858
f 4835 4836 4859
f 4836 4837 4860
f 4837 4838 4861
f 4838 4839 4862
f 4839 4840 4863
f 4840 4841 4864
f 4841 4842 4865
f 4842 4843 4866
f 4843 4844 4867
f 4844 4845 4868
f 4845 4846 4869
f 4846 4847 4870
f 4847 4848 4871
f 4848 4849 4872
f 4849 4850 4873
f 4850 4851 4874
f 4851 719 718
f 4828 4852 749
f 4829 4853 4852
f 4830 4854 4853
f 4831 4855 4854
f 4832 4856 4855
f 4833 4857 4856
f 4834 4858 4857
f 4835 4859 4858
f 4836 4860 4859
f 4837 4861 4860
f 4838 4862 4861
f 4839 4863 4862
f 4840 4864 4863
f 4841 4865 4864
f 4842 4866 4865
f 4843 4867 4866
f 4844 4868 4867
f 4845 4869 4868
f 4846 4870 4869
f 4847 4871 4870
f 4848 4872 4871
f 4849 4873 4872
f 4850 4874 4873
f 4851 718 4874
f 749 4852 748
f 4852 4853 4875
f 4853 4854 4876
f 4854 4855 4877
f 4855 4856 4878
f 4856 4857 4879
f 4857 4858 4880
f 4858 4859 4881
f 4859 4860 4882
f 4860 4861 4883
f 4861 4862 4884
f 4862 4863 4885
f 4863 4864 4886
f 4864 4865 4887
f 4865 4866 4888
f 4866 4867 4889
f 4867 4868 4890
f 4868 4869 4891
f 4869 4870 4892
f 4870 4871 4893
f 4871 4872 4894
f 4872 4873 4895
f 4873 4874 4896
f 4874 718 717
f 4852 4875 748
f 4853 4876 4875
f 4854 4877 4876
f 4855 4878 4877
f 4856 4879 4878
f 4857 4880 4879
f 4858 4881 4880
f 4859 4882 4881
f 4860 4883 4882
f 4861 4884 4883
f 4862 4885 4884
f 4863 4886 4885
f 4864 4887 4886
f 4865 4888 4887
f 4866 4889 4888
f 4867 4890 4889
f 4868 4891 4890
f 4869 4892 4891
f 4870 4893 4892
f 4871 4894 4893
f 4872 4895 4894
f 4873 4896 4895
f 4874 717 4896
f 748 4875 747
f 4875 4876 4897
f 4876 4877 4898
f 4877 4878 4899
f 4878 4879 4900
f 4879 4880 4901
f 4880 4881 4902
f 4881 4882 4903
f 4882 4883 4904
f 4883 4884 4905
f 4884 4885 4906
f 4885 4886 4907
f 4886 4887 4908
f 4887 4888 4909
f 4888 4889 4910
f 4889 4890 4911
f 4890 4891 4912
f 4891 4892 4913
f 4892 4893 4914
f 4893 4894 4915
f 4894 4895 4916
f 4895 4896 4917
f 4896 717 716
f 4875 4897 747
f 4876 4898 4897
f 4877 4899 4898
f 4878 4900 4899
f 4879 4901 4900
f 4880 4902 4901
f 4881 4903 4902
f 4882 4904 4903
f 4883 4905 4904
f 4884 4906 4905
f 4885 4907 4906
f 4886 4908 4907
f 4887 4909 4908
f 4888 4910 4909
f 4889 4911 4910
f 4890 4912 4911
f 4891 4913 4912
f 4892 4914 4913
f 4893 4915 4914
f 4894 4916 4915
f 4895 4917 4916
f 4896 716 4917
f 747 4897 746
f 4897 4898 4918
f 4898 4899 4919
f 4899 4900 4920
f 4900 4901 4921
f 4901 4902 4922
f 4902 4903 4923
f 4903 4904 4924
f 4904 4905 4925
f 4905 4906 4926
f 4906 4907 4927
f 4907 4908 4928
f 4908 4909 4929
f 4909 4910 4930
f 4910 4911 4931
f 4911 4912 4932
f 4912 4913 4933
f 4913 4914 4934
f 4914 4915 4935
f 4915 4916 4936
f 4916 4917 4937
f 4917 716 715
f 4897 4918 746
f 4898 4919 4918
f 4899 4920 4919
f 4900 4921 4920
f 4901 4922 4921
f 4902 4923 4922
f 4903 4924 4923
f 4904 4925 4924
f 4905 4926 4925
f 4906 4927 4926
f 4907 4928 4927
f 4908 4929 4928
f 4909 4930 4929
f 4910 4931 4930
f 4911 4932 4931
f 4912 4933 4932
f 4913 4934 4933
f 4914 4935 4934
f 4915 4936 4935
f 4916 4937 4936
f 4917 715 4937
f 746 4918 745
f 4918 4919 4938
f 4919 4920 4939
f 4920 4921 4940
f 4921 4922 4941
f 4922 4923 4942
f 4923 4924 4943
f 4924 4925 4944
f 4925 4926 4945
f 4926 4927 4946
f 4927 4928 4947
f 4928 4929 4948
f 4929 4930 4949
f 4930 4931 4950
f 4931 4932 4951
f 4932 4933 4952
f 4933 4934 4953
f 4934 4935 4954
f 4935 4936 4955
f 4936 4937 4956
f 4937 715 714
f 4918 4938 745
f 4919 4939 4938
f 4920 4940 4939
f 4921 4941 4940
f 4922 4942 4941
f 4923 4943 4942
f 4924 4944 4943
f 4925 4945 4944
f 4926 4946 4945
f 4927 4947 4946
f 4928 4948 4947
f 4929 4949 4948
f 4930 4950 4949
f 4931 4951 4950
f 4932 4952 4951
f 4933 4953 4952
f 4934 4954 4953
f 4935 4955 4954
f 4936 4956 4955
f 4937 714 4956
f 745 4938 744
f 4938 4939 4957
f 4939 4940 4958
f 4940 4941 4959
f 4941 4942 4960
f 4942 4943 4961
f 4943 4944 4962
f 4944 4945 4963
f 4945 4946 4964
f 4946 4947 4965
f 4947 4948 4966
f 4948 4949 4967
f 4949 4950 4968
f 4950 4951 4969
f 4951 4952 4970
f 4952 4953 4971
f 4953 4954 4972
f 4954 4955 4973
f 4955 4956 4974
f 4956 714 713
f 4938 4957 744
f 4939 4958 4957
f 4940 4959 4958
f 4941 4960 4959
f 4942 4961 4960
f 4943 4962 4961
f 4944 4963 4962
f 4945 4964 4963
f 4946 4965 4964
f 4947 4966 4965
f 4948 4967 4966
f 4949 4968 4967
f 4950 4969 4968
f 4951 4970 4969
f 4952 4971 4970
f 4953 4972 4971
f 4954 4973 4972
f 4955 4974 4973
f 4956 713 4974
f 744 4957 743
f 4957 4958 4975
f 4958 4959 4976
f 4959 4960 4977
f 4960 4961 4978
f 4961 4962 4979
f 4962 4963 4980
f 4963 4964 4981
f 4964 4965 4982
f 4965 4966 4983
f 4966 4967 4984
f 4967 4968 4985
f 4968 4969 4986
f 4969 4970 4987
f 4970 4971 4988
f 4971 4972 4989
f 4972 4973 4990
f 4973 4974 4991
f 4974 713 712
f 4957 4975 743
f 4958 4976 4975
f 4959 4977 4976
f 4960 4978 4977
f 4961 4979 4978
f 4962 4980 4979
f 4963 4981 4980
f 4964 4982 4981
f 4965 4983 4982
f 4966 4984 4983
f 4967 4985 4984
f 4968 4986 4985
f 4969 4987 4986
f 4970 4988 4987
f 4971 4989 4988
f 4972 4990 4989
f 4973 4991 4990
f 4974 712 4991
f 743 4975 742
f 4975 4976 4992
f 4976 4977 4993
f 4977 4978 4994
f 4978 4979 4995
f 4979 4980 4996
f 4980 4981 4997
f 4981 4982 4998
f 4982 4983 4999
f 4983 4984 5000
f 4984 4985 5001
f 4985 4986 5002
f 4986 4987 5003
f 4987 4988 5004
f 4988 4989 5005
f 4989 4990 5006
f 4990 4991 5007
f 4991 712 711
f 4975 4992 742
f 4976 4993 4992
f 4977 4994 4993
f 4978 4995 4994
f 4979 4996 4995
f 4980 4997 4996
f 4981 4998 4997
f 4982 4999 4998
f 4983 5000 4999
f 4984 5001 5000
f 4985 5002 5001
f 4986 5003 5002
f 4987 5004 5003
f 4988 5005 5004
f 4989 5006 5005
f 4990 5007 5006
f 4991 711 5007
f 742 4992 741
f 4992 4993 5008
f 4993 4994 5009
f 4994 4995 5010
f 4995 4996 5011
f 4996 4997 5012
f 4997 4998 5013
f 4998 4999 5014
f 4999 5000 5015
f 5000 5001 5016
f 5001 5002 5017
f 5002 5003 5018
f 5003 5004 5019
f 5004 5005 5020
f 5005 5006 5021
f 5006 5007 5022
f 5007 711 710
f 4992 5008 741
f 4993 5009 5008
f 4994 5010 5009
f 4995 5011 5010
f 4996 5012 5011
f 4997 5013 5012
f 4998 5014 5013
f 4999 5015 5014
f 5000 5016 5015
f 5001 5017 5016
f 5002 5018 5017
f 5003 5019 5018
f 5004 5020 5019
f 5005 5021 5020
f 5006 5022 5021
f 5007 710 5022
f 741 5008 740
f 5008 5009 5023
f 5009 5010 5024
f 5010 5011 5025
f 5011 5012 5026
f 5012 5013 5027
f 5013 5014 5028
f 5014 5015 5029
f 5015 5016 5030
f 5016 5017 5031
f 5017 5018 5032
f 5018 5019 5033
f 5019 5020 5034
f 5020 5021 5035
f 5021 5022 5036
f 5022 710 709
f 5008 5023 740
f 5009 5024 5023
f 5010 5025 5024
f 5011 5026 5025
f 5012 5027 5026
f 5013 5028 5027
f 5014 5029 5028
f 5015 5030 5029
f 5016 5031 5030
f 5017 5032 5031
f 5018 5033 5032
f 5019 5034 5033
f 5020 5035 5034
f 5021 5036 5035
f 5022 709 5036
f 740 5023 739
f 5023 5024 5037
f 5024 5025 5038
f 5025 5026 5039
f 5026 5027 5040
f 5027 5028 5041
f 5028 5029 5042
f 5029 5030 5043
f 5030 5031 5044
f 5031 5032 5045
f 5032 5033 5046
f 5033 5034 5047
f 5034 5035 5048
f 5035 5036 5049
f 5036 709 708
f 5023 5037 739
f 5024 5038 5037
f 5025 5039 5038
f 5026 5040 5039
f 5027 5041 5040
f 5028 5042 5041
f 5029 5043 5042
f 5030 5044 5043
f 5031 5045 5044
f 5032 5046 5045
f 5033 5047 5046
f 5034 5048 5047
f 5035 5049 5048
f 5036 708 5049
f 739 5037 738
f 5037 5038 5050
f 5038 5039 5051
f 5039 5040 5052
f 5040 5041 5053
f 5041 5042 5054
f 5042 5043 5055
f 5043 5044 5056
f 5044 5045 5057
f 5045 5046 5058
f 5046 5047 5059
f 5047 5048 5060
f 5048 5049 5061
f 5049 708 707
f 5037 5050 738
f 5038 5051 5050
f 5039 5052 5051
f 5040 5053 5052
f 5041 5054 5053
f 5042 5055 5054
f 5043 5056 5055
f 5044 5057 5056
f 5045 5058 5057
f 5046 5059 5058
f 5047 5060 5059
f 5048 5061 5060
f 5049 707 5061
f 738 5050 737
f 5050 5051 5062
f 5051 5052 5063
f 5052 5053 5064
f 5053 5054 5065
f 5054 5055 5066
f 5055 5056 5067
f 5056 5057 5068
f 5057 5058 5069
f 5058 5059 5070
f 5059 5060 5071
f 5060 5061 5072
f 5061 707 706
f 5050 5062 737
f 5051 5063 5062
f 5052 5064 5063
f 5053 5065 5064
f 5054 5066 5065
f 5055 5067 5066
f 5056 5068 5067
f 5057 5069 5068
f 5058 5070 5069
f 5059 5071 5070
f 5060 5072 5071
f 5061 706 5072
f 737 5062 736
f 5062 5063 5073
f 5063 5064 5074
f 5064 5065 5075
f 5065 5066 5076
f 5066 5067 5077
f 5067 5068 5078
f 5068 5069 5079
f 5069 5070 5080
f 5070 5071 5081
f 5071 5072 5082
f 5072 706 705
f 5062 5073 736
f 5063 5074 5073
f 5064 5075 5074
f 5065 5076 5075
f 5066 5077 5076
f 5067 5078 5077
f 5068 5079 5078
f 5069 5080 5079
f 5070 5081 5080
f 5071 5082 5081
f 5072 705 5082
f 736 5073 735
f 5073 5074 5083
f 5074 5075 5084
f 5075 5076 5085
f 5076 5077 5086
f 5077 5078 5087
f 5078 5079 5088
f 5079 5080 5089
f 5080 5081 5090
f 5081 5082 5091
f 5082 705 704
f 5073 5083 735
f 5074 5084 5083
f 5075 5085 5084
f 5076 5086 5085
f 5077 5087 5086
f 5078 5088 5087
f 5079 5089 5088
f 5080 5090 5089
f 5081 5091 5090
f 5082 704 5091
f 735 5083 734
f 5083 5084 5092
f 5084 5085 5093
f 5085 5086 5094
f 5086 5087 5095
f 5087 5088 5096
f 5088 5089 5097
f 5089 5090 5098
f 5090 5091 5099
f 5091 704 703
f 5083 5092 734
f 5084 5093 5092
f 5085 5094 5093
f 5086 5095 5094
f 5087 5096 5095
f 5088 5097 5096
f 5089 5098 5097
f 5090 5099 5098
f 5091 703 5099
f 734 5092 733
f 5092 5093 5100
f 5093 5094 5101
f 5094 5095 5102
f 5095 5096 5103
f 5096 5097 5104
f 5097 5098 5105
f 5098 5099 5106
f 5099 703 702
f 5092 5100 733
f 5093 5101 5100
f 5094 5102 5101
f 5095 5103 5102
f 5096 5104 5103
f 5097 5105 5104
f 5098 5106 5105
f 5099 702 5106
f 733 5100 732
f 5100 5101 5107
f 5101 5102 5108
f 5102 5103 5109
f 5103 5104 5110
f 5104 5105 5111
f 5105 5106 5112
f 5106 702 701
f 5100 5107 732
f 5101 5108 5107
f 5102 5109 5108
f 5103 5110 5109
f 5104 5111 5110
f 5105 5112 5111
f 5106 701 5112
f 732 5107 731
f 5107 5108 5113
f 5108 5109 5114
f 5109 5110 5115
f 5110 5111 5116
f 5111 5112 5117
f 5112 701 700
f 5107 5113 731
f 5108 5114 5113
f 5109 5115 5114
f 5110 5116 5115
f 5111 5117 5116
f 5112 700 5117
f 731 5113 730
f 5113 5114 5118
f 5114 5115 5119
f 5115 5116 5120
f 5116 5117 5121
f 5117 700 699
f 5113 5118 730
f 5114 5119 5118
f 5115 5120 5119
f 5116 5121 5120
f 5117 699 5121
f 730 5118 729
f 5118 5119 5122
f 5119 5120 5123
f 5120 5121 5124
f 5121 699 698
f 5118 5122 729
f 5119 5123 5122
f 5120 5124 5123
f 5121 698 5124
f 729 5122 728
f 5122 5123 5125
f 5123 5124 5126
f 5124 698 697
f 5122 5125 728
f 5123 5126 5125
f 5124 697 5126
f 728 5125 727
f 5125 5126 5127
f 5126 697 696
f 5125 5127 727
f 5126 696 5127
f 727 5127 726
f 5127 696 695
f 5127 695 726
f 726 695 7
f 8 880 912
f 880 879 5128
f 879 878 5129
f 878 877 5130
f 877 876 5131
f 876 875 5132
f 875 874 5133
f 874 873 5134
f 873 872 5135
f 872 871 5136
f 871 870 5137
f 870 869 5138
f 869 868 5139
f 868 867 5140
f 867 866 5141
f 866 865 5142
f 865 864 5143
f 864 863 5144
f 863 862 5145
f 862 861 5146
f 861 860 5147
f 860 859 5148
f 859 858 5149
f 858 857 5150
f 857 856 5151
f 856 855 5152
f 855 854 5153
f 854 853 5154
f 853 852 5155
f 852 851 5156
f 851 850 5157
f 850 2 664
f 880 5128 912
f 879 5129 5128
f 878 5130 5129
f 877 5131 5130
f 876 5132 5131
f 875 5133 5132
f 874 5134 5133
f 873 5135 5134
f 872 5136 5135
f 871 5137 5136
f 870 5138 5137
f 869 5139 5138
f 868 5140 5139
f 867 5141 5140
f 866 5142 5141
f 865 5143 5142
f 864 5144 5143
f 863 5145 5144
f 862 5146 5145
f 861 5147 5146
f 860 5148 5147
f 859 5149 5148
f 858 5150 5149
f 857 5151 5150
f 856 5152 5151
f 855 5153 5152
f 854 5154 5153
f 853 5155 5154
f 852 5156 5155
f 851 5157 5156
f 850 664 5157
f 912 5128 913
f 5128 5129 5158
f 5129 5130 5159
f 5130 5131 5160
f 5131 5132 5161
f 5132 5133 5162
f 5133 5134 5163
f 5134 5135 5164
f 5135 5136 5165
f 5136 5137 5166
f 5137 5138 5167
f 5138 5139 5168
f 5139 5140 5169
f 5140 5141 5170
f 5141 5142 5171
f 5142 5143 5172
f 5143 5144 5173
f 5144 5145 5174
f 5145 5146 5175
f 5146 5147 5176
f 5147 5148 5177
f 5148 5149 5178
f 5149 5150 5179
f 5150 5151 5180
f 5151 5152 5181
f 5152 5153 5182
f 5153 5154 5183
f 5154 5155 5184
f 5155 5156 5185
f 5156 5157 5186
f 5157 664 665
f 5128 5158 913
f 5129 5159 5158
f 5130 5160 5159
f 5131 5161 5160
f 5132 5162 5161
f 5133 5163 5162
f 5134 5164 5163
f 5135 5165 5164
f 5136 5166 5165
f 5137 5167 5166
f 5138 5168 5167
f 5139 5169 5168
f 5140 5170 5169
f 5141 5171 5170
f 5142 5172 5171
f 5143 5173 5172
f 5144 5174 5173
f 5145 5175 5174
f 5146 5176 5175
f 5147 5177 5176
f 5148 5178 5177
f 5149 5179 5178
f 5150 5180 5179
f 5151 5181 5180
f 5152 5182 5181
f 5153 5183 5182
f 5154 5184 5183
f 5155 5185 5184
f 5156 5186 5185
f 5157 665 5186
f 913 5158 914
f 5158 5159 5187
f 5159 5160 5188
f 5160 5161 5189
f 5161 5162 5190
f 5162 5163 5191
f 5163 5164 5192
f 5164 5165 5193
f 5165 5166 5194
f 5166 5167 5195
f 5167 5168 5196
f 5168 5169 5197
f 5169 5170 5198
f 5170 5171 5199
f 5171 5172 5200
f 5172 5173 5201
f 5173 5174 5202
f 5174 5175 5203
f 5175 5176 5204
f 5176 5177 5205
f 5177 5178 5206
f 5178 5179 5207
f 5179 5180 5208
f 5180 5181 5209
f 5181 5182 5210
f 5182 5183 5211
f 5183 5184 5212
f 5184 5185 5213
f 5185 5186 5214
f 5186 665 666
f 5158 5187 914
f 5159 5188 5187
f 5160 5189 5188
f 5161 5190 5189
f 5162 5191 5190
f 5163 5192 5191
f 5164 5193 5192
f 5165 5194 5193
f 5166 5195 5194
f 5167 5196 5195
f 5168 5197 5196
f 5169 5198 5197
f 5170 5199 5198
f 5171 5200 5199
f 5172 5201 5200
f 5173 5202 5201
f 5174 5203 5202
f 5175 5204 5203
f 5176 5205 5204
f 5177 5206 5205
f 5178 5207 5206
f 5179 5208 5207
f 5180 5209 5208
f 5181 5210 5209
f 5182 5211 5210
f 5183 5212 5211
f 5184 5213 5212
f 5185 5214 5213
f 5186 666 5214
f 914 5187 915
f 5187 5188 5215
f 5188 5189 5216
f 5189 5190 5217
f 5190 5191 5218
f 5191 5192 5219
f 5192 5193 5220
f 5193 5194 5221
f 5194 5195 5222
f 5195 5196 5223
f 5196 5197 5224
f 5197 5198 5225
f 5198 5199 5226
f 5199 5200 5227
f 5200 5201 5228
f 5201 5202 5229
f 5202 5203 5230
f 5203 5204 5231
f 5204 5205 5232
f 5205 5206 5233
f 5206 5207 5234
f 5207 5208 5235
f 5208 5209 5236
f 5209 5210 5237
f 5210 5211 5238
f 5211 5212 5239
f 5212 5213 5240
f 5213 5214 5241
f 5214 666 667
f 5187 5215 915
f 5188 5216 5215
f 5189 5217 5216
f 5190 5218 5217
f 5191 5219 5218
f 5192 5220 5219
f 5193 5221 5220
f 5194 5222 5221
f 5195 5223 5222
f 5196 5224 5223
f 5197 5225 5224
f 5198 5226 5225
f 5199 5227 5226
f 5200 5228 5227
f 5201 5229 5228
f 5202 5230 5229
f 5203 5231 5230
f 5204 5232 5231
f 5205 5233 5232
f 5206 5234 5233
f 5207 5235 5234
f 5208 5236 5235
f 5209 5237 5236
f 5210 5238 5237
f 5211 5239 5238
f 5212 5240 5239
f 5213 5241 5240
f 5214 667 5241
f 915 5215 916
f 5215 5216 5242
f 5216 5217 5243
f 5217 5218 5244
f 5218 5219 5245
f 5219 5220 5246
f 5220 5221 5247
f 5221 5222 5248
f 5222 5223 5249
f 5223 5224 5250
f 5224 5225 5251
f 5225 5226 5252
f 5226 5227 5253
f 5227 5228 5254
f 5228 5229 5255
f 5229 5230 5256
f 5230 5231 5257
f 5231 5232 5258
f 5232 5233 5259
f 5233 5234 5260
f 5234 5235 5261
f 5235 5236 5262
f 5236 5237 5263
f 5237 5238 5264
f 5238 5239 5265
f 5239 5240 5266
f 5240 5241 5267
f 5241 667 668
f 5215 5242 916
f 5216 5243 5242
f 5217 5244 5243
f 5218 5245 5244
f 5219 5246 5245
f 5220 5247 5246
f 5221 5248 5247
f 5222 5249 5248
f 5223 5250 5249
f 5224 5251 5250
f 5225 5252 5251
f 5226 5253 5252
f 5227 5254 5253
f 5228 5255 5254
f 5229 5256 5255
f 5230 5257 5256
f 5231 5258 5257
f 5232 5259 5258
f 5233 5260 5259
f 5234 5261 5260
f 5235 5262 5261
f 5236 5263 5262
f 5237 5264 5263
f 5238 5265 5264
f 5239 5266 5265
f 5240 5267 5266
f 5241 668 5267
f 916 5242 917
f 5242 5243 5268
f 5243 5244 5269
f 5244 5245 5270
f 5245 5246 5271
f 5246 5247 5272
f 5247 5248 5273
f 5248 5249 5274
f 5249 5250 5275
f 5250 5251 5276
f 5251 5252 5277
f 5252 5253 5278
f 5253 5254 5279
f 5254 5255 5280
f 5255 5256 5281
f 5256 5257 5282
f 5257 5258 5283
f 5258 5259 5284
f 5259 5260 5285
f 5260 5261 5286
f 5261 5262 5287
f 5262 5263 5288
f 5263 5264 5289
f 5264 5265 5290
f 5265 5266 5291
f 5266 5267 5292
f 5267 668 669
f 5242 5268 917
f 5243 5269 5268
f 5244 5270 5269
f 5245 5271 5270
f 5246 5272 5271
f 5247 5273 5272
f 5248 5274 5273
f 5249 5275 5274
f 5250 5276 5275
f 5251 5277 5276
f 5252 5278 5277
f 5253 5279 5278
f 5254 5280 5279
f 5255 5281 5280
f 5256 5282 5281
f 5257 5283 5282
f 5258 5284 5283
f 5259 5285 5284
f 5260 5286 5285
f 5261 5287 5286
f 5262 5288 5287
f 5263 5289 5288
f 5264 5290 5289
f 5265 5291 5290
f 5266 5292 5291
f 5267 669 5292
f 917 5268 918
f 5268 5269 5293
f 5269 5270 5294
f 5270 5271 5295
f 5271 5272 5296
f 5272 5273 5297
f 5273 5274 5298
f 5274 5275 5299
f 5275 5276 5300
f 5276 5277 5301
f 5277 5278 5302
f 5278 5279 5303
f 5279 5280 5304
f 5280 5281 5305
f 5281 5282 5306
f 5282 5283 5307
f 5283 5284 5308
f 5284 5285 5309
f 5285 5286 5310
f 5286 5287 5311
f 5287 5288 5312
f 5288 5289 5313
f 5289 5290 5314
f 5290 5291 5315
f 5291 5292 5316
f 5292 669 670
f 5268 5293 918
f 5269 5294 5293
f 5270 5295 5294
f 5271 5296 5295
f 5272 5297 5296
f 5273 5298 5297
f 5274 5299 5298
f 5275 5300 5299
f 5276 5301 5300
f 5277 5302 5301
f 5278 5303 5302
f 5279 5304 5303
f 5280 5305 5304
f 5281 5306 5305
f 5282 5307 5306
f 5283 5308 5307
f 5284 5309 5308
f 5285 5310 5309
f 5286 5311 5310
f 5287 5312 5311
f 5288 5313 5312
f 5289 5314 5313
f 5290 5315 5314
f 5291 5316 5315
f 5292 670 5316
f 918 5293 919
f 5293 5294 5317
f 5294 5295 5318
f 5295 5296 5319
f 5296 5297 5320
f 5297 5298 5321
f 5298 5299 5322
f 5299 5300 5323
f 5300 5301 5324
f 5301 5302 5325
f 5302 5303 5326
f 5303 5304 5327
f 5304 5305 5328
f 5305 5306 5329
f 5306 5307 5330
f 5307 5308 5331
f 5308 5309 5332
f 5309 5310 5333
f 5310 5311 5334
f 5311 5312 5335
f 5312 5313 5336
f 5313 5314 5337
f 5314 5315 5338
f 5315 5316 5339
f 5316 670 671
f 5293 5317 919
f 5294 5318 5317
f 5295 5319 5318
f 5296 5320 5319
f 5297 5321 5320
f 5298 5322 5321
f 5299 5323 5322
f 5300 5324 5323
f 5301 5325 5324
f 5302 5326 5325
f 5303 5327 5326
f 5304 5328 5327
f 5305 5329 5328
f 5306 5330 5329
f 5307 5331 5330
f 5308 5332 5331
f 5309 5333 5332
f 5310 5334 5333
f 5311 5335 5334
f 5312 5336 5335
f 5313 5337 5336
f 5314 5338 5337
f 5315 5339 5338
f 5316 671 5339
f 919 5317 920
f 5317 5318 5340
f 5318 5319 5341
f 5319 5320 5342
f 5320 5321 5343
f 5321 5322 5344
f 5322 5323 5345
f 5323 5324 5346
f 5324 5325 5347
f 5325 5326 5348
f 5326 5327 5349
f 5327 5328 5350
f 5328 5329 5351
f 5329 5330 5352
f 5330 5331 5353
f 5331 5332 5354
f 5332 5333 5355
f 5333 5334 5356
f 5334 5335 5357
f 5335 5336 5358
f 5336 5337 5359
f 5337 5338 5360
f 5338 5339 5361
f 5339 671 672
f 5317 5340 920
f 5318 5341 5340
f 5319 5342 5341
f 5320 5343 5342
f 5321 5344 5343
f 5322 5345 5344
f 5323 5346 5345
f 5324 5347 5346
f 5325 5348 5347
f 5326 5349 5348
f 5327 5350 5349
f 5328 5351 5350
f 5329 5352 5351
f 5330 5353 5352
f 5331 5354 5353
f 5332 5355 5354
f 5333 5356 5355
f 5334 5357 5356
f 5335 5358 5357
f 5336 5359 5358
f 5337 5360 5359
f 5338 5361 5360
f 5339 672 5361
f 920 5340 921
f 5340 5341 5362
f 5341 5342 5363
f 5342 5343 5364
f 5343 5344 5365
f 5344 5345 5366
f 5345 5346 5367
f 5346 5347 5368
f 5347 5348 5369
f 5348 5349 5370
f 5349 5350 5371
f 5350 5351 5372
f 5351 5352 5373
f 5352 5353 5374
f 5353 5354 5375
f 5354 5355 5376
f 5355 5356 5377
f 5356 5357 5378
f 5357 5358 5379
f 5358 5359 5380
f 5359 5360 5381
f 5360 5361 5382
f 5361 672 673
f 5340 5362 921
f 5341 5363 5362
f 5342 5364 5363
f 5343 5365 5364
f 5344 5366 5365
f 5345 5367 5366
f 5346 5368 5367
f 5347 5369 5368
f 5348 5370 5369
f 5349 5371 5370
f 5350 5372 5371
f 5351 5373 5372
f 5352 5374 5373
f 5353 5375 5374
f 5354 5376 5375
f 5355 5377 5376
f 5356 5378 5377
f 5357 5379 5378
f 5358 5380 5379
f 5359 5381 5380
f 5360 5382 5381
f 5361 673 5382
f 921 5362 922
f 5362 5363 5383
f 5363 5364 5384
f 5364 5365 5385
f 5365 5366 5386
f 5366 5367 5387
f 5367 5368 5388
f 5368 5369 5389
f 5369 5370 5390
f 5370 5371 5391
f 5371 5372 5392
f 5372 5373 5393
f 5373 5374 5394
f 5374 5375 5395
f 5375 5376 5396
f 5376 5377 5397
f 5377 5378 5398
f 5378 5379 5399
f 5379 5380 5400
f 5380 5381 5401
f 5381 5382 5402
f 5382 673 674
f 5362 5383 922
f 5363 5384 5383
f 5364 5385 5384
f 5365 5386 5385
f 5366 5387 5386
f 5367 5388 5387
f 5368 5389 5388
f 5369 5390 5389
f 5370 5391 5390
f 5371 5392 5391
f 5372 5393 5392
f 5373 5394 5393
f 5374 5395 5394
f 5375 5396 5395
f 5376 5397 5396
f 5377 5398 5397
f 5378 5399 5398
f 5379 5400 5399
f 5380 5401 5400
f 5381 5402 5401
f 5382 674 5402
f 922 5383 923
f 5383 5384 5403
f 5384 5385 5404
f 5385 5386 5405
f 5386 5387 5406
f 5387 5388 5407
f 5388 5389 5408
f 5389 5390 5409
f 5390 5391 5410
f 5391 5392 5411
f 5392 5393 5412
f 5393 5394 5413
f 5394 5395 5414
f 5395 5396 5415
f 5396 5397 5416
f 5397 5398 5417
f 5398 5399 5418
f 5399 5400 5419
f 5400 5401 5420
f 5401 5402 5421
f 5402 674 675
f 5383 5403 923
f 5384 5404 5403
f 5385 5405 5404
f 5386 5406 5405
f 5387 5407 5406
f 5388 5408 5407
f 5389 5409 5408
f 5390 5410 5409
f 5391 5411 5410
f 5392 5412 5411
f 5393 5413 5412
f 5394 5414 5413
f 5395 5415 5414
f 5396 5416 5415
f 5397 5417 5416
f 5398 5418 5417
f 5399 5419 5418
f 5400 5420 5419
f 5401 5421 5420
f 5402 675 5421
f 923 5403 924
f 5403 5404 5422
f 5404 5405 5423
f 5405 5406 5424
f 5406 5407 5425
f 5407 5408 5426
f 5408 5409 5427
f 5409 5410 5428
f 5410 5411 5429
f 5411 5412 5430
f 5412 5413 5431
f 5413 5414 5432
f 5414 5415 5433
f 5415 5416 5434
f 5416 5417 5435
f 5417 5418 5436
f 5418 5419 5437
f 5419 5420 5438
f 5420 5421 5439
f 5421 675 676
f 5403 5422 924
f 5404 5423 5422
f 5405 5424 5423
f 5406 5425 5424
f 5407 5426 5425
f 5408 5427 5426
f 5409 5428 5427
f 5410 5429 5428
f 5411 5430 5429
f 5412 5431 5430
f 5413 5432 5431
f 5414 5433 5432
f 5415 5434 5433
f 5416 5435 5434
f 5417 5436 5435
f 5418 5437 5436
f 5419 5438 5437
f 5420 5439 5438
f 5421 676 5439
f 924 5422 925
f 5422 5423 5440
f 5423 5424 5441
f 5424 5425 5442
f 5425 5426 5443
f 5426 5427 5444
f 5427 5428 5445
f 5428 5429 5446
f 5429 5430 5447
f 5430 5431 5448
f 5431 5432 5449
f 5432 5433 5450
f 5433 5434 5451
f 5434 5435 5452
f 5435 5436 5453
f 5436 5437 5454
f 5437 5438 5455
f 5438 5439 5456
f 5439 676 677
f 5422 5440 925
f 5423 5441 5440
f 5424 5442 5441
f 5425 5443 5442
f 5426 5444 5443
f 5427 5445 5444
f 5428 5446 5445
f 5429 5447 5446
f 5430 5448 5447
f 5431 5449 5448
f 5432 5450 5449
f 5433 5451 5450
f 5434 5452 5451
f 5435 5453 5452
f 5436 5454 5453
f 5437 5455 5454
f 5438 5456 5455
f 5439 677 5456
f 925 5440 926
f 5440 5441 5457
f 5441 5442 5458
f 5442 5443 5459
f 5443 5444 5460
f 5444 5445 5461
f 5445 5446 5462
f 5446 5447 5463
f 5447 5448 5464
f 5448 5449 5465
f 5449 5450 5466
f 5450 5451 5467
f 5451 5452 5468
f 5452 5453 5469
f 5453 5454 5470
f 5454 5455 5471
f 5455 5456 5472
f 5456 677 678
f 5440 5457 926
f 5441 5458 5457
f 5442 5459 5458
f 5443 5460 5459
f 5444 5461 5460
f 5445 5462 5461
f 5446 5463 5462
f 5447 5464 5463
f 5448 5465 5464
f 5449 5466 5465
f 5450 5467 5466
f 5451 5468 5467
f 5452 5469 5468
f 5453 5470 5469
f 5454 5471 5470
f 5455 5472 5471
f 5456 678 5472
f 926 5457 927
f 5457 5458 5473
f 5458 5459 5474
f 5459 5460 5475
f 5460 5461 5476
f 5461 5462 5477
f 5462 5463 5478
f 5463 5464 5479
f 5464 5465 5480
f 5465 5466 5481
f 5466 5467 5482
f 5467 5468 5483
f 5468 5469 5484
f 5469 5470 5485
f 5470 5471 5486
f 5471 5472 5487
f 5472 678 679
f 5457 5473 927
f 5458 5474 5473
f 5459 5475 5474
f 5460 5476 5475
f 5461 5477 5476
f 5462 5478 5477
f 5463 5479 5478
f 5464 5480 5479
f 5465 5481 5480
f 5466 5482 5481
f 5467 5483 5482
f 5468 5484 5483
f 5469 5485 5484
f 5470 5486 5485
f 5471 5487 5486
f 5472 679 5487
f 927 5473 928
f 5473 5474 5488
f 5474 5475 5489
f 5475 5476 5490
f 5476 5477 5491
f 5477 5478 5492
f 5478 5479 5493
f 5479 5480 5494
f 5480 5481 5495
f 5481 5482 5496
f 5482 5483 5497
f 5483 5484 5498
f 5484 5485 5499
f 5485 5486 5500
f 5486 5487 5501
f 5487 679 680
f 5473 5488 928
f 5474 5489 5488
f 5475 5490 5489
f 5476 5491 5490
f 5477 5492 5491
f 5478 5493 5492
f 5479 5494 5493
f 5480 5495 5494
f 5481 5496 5495
f 5482 5497 5496
f 5483 5498 5497
f 5484 5499 5498
f 5485 5500 5499
f 5486 5501 5500
f 5487 680 5501
f 928 5488 929
f 5488 5489 5502
f 5489 5490 5503
f 5490 5491 5504
f 5491 5492 5505
f 5492 5493 5506
f 5493 5494 5507
f 5494 5495 5508
f 5495 5496 5509
f 5496 5497 5510
f 5497 5498 5511
f 5498 5499 5512
f 5499 5500 5513
f 5500 5501 5514
f 5501 680 681
f 5488 5502 929
f 5489 5503 5502
f 5490 5504 5503
f 5491 5505 5504
f 5492 5506 5505
f 5493 5507 5506
f 5494 5508 5507
f 5495 5509 5508
f 5496 5510 5509
f 5497 5511 5510
f 5498 5512 5511
f 5499 5513 5512
f 5500 5514 5513
f 5501 681 5514
f 929 5502 930
f 5502 5503 5515
f 5503 5504 5516
f 5504 5505 5517
f 5505 5506 5518
f 5506 5507 5519
f 5507 5508 5520
f 5508 5509 5521
f 5509 5510 5522
f 5510 5511 5523
f 5511 5512 5524
f 5512 5513 5525
f 5513 5514 5526
f 5514 681 682
f 5502 5515 930
f 5503 5516 5515
f 5504 5517 5516
f 5505 5518 5517
f 5506 5519 5518
f 5507 5520 5519
f 5508 5521 5520
f 5509 5522 5521
f 5510 5523 5522
f 5511 5524 5523
f 5512 5525 5524
f 5513 5526 5525
f 5514 682 5526
f 930 5515 931
f 5515 5516 5527
f 5516 5517 5528
f 5517 5518 5529
f 5518 5519 5530
f 5519 5520 5531
f 5520 5521 5532
f 5521 5522 5533
f 5522 5523 5534
f 5523 5524 5535
f 5524 5525 5536
f 5525 5526 5537
f 5526 682 683
f 5515 5527 931
f 5516 5528 5527
f 5517 5529 5528
f 5518 5530 5529
f 5519 5531 5530
f 5520 5532 5531
f 5521 5533 5532
f 5522 5534 5533
f 5523 5535 5534
f 5524 5536 5535
f 5525 5537 5536
f 5526 683 5537
f 931 5527 932
f 5527 5528 5538
f 5528 5529 5539
f 5529 5530 5540
f 5530 5531 5541
f 5531 5532 5542
f 5532 5533 5543
f 5533 5534 5544
f 5534 5535 5545
f 5535 5536 5546
f 5536 5537 5547
f 5537 683 684
f 5527 5538 932
f 5528 5539 5538
f 5529 5540 5539
f 5530 5541 5540
f 5531 5542 5541
f 5532 5543 5542
f 5533 5544 5543
f 5534 5545 5544
f 5535 5546 5545
f 5536 5547 5546
f 5537 684 5547
f 932 5538 933
f 5538 5539 5548
f 5539 5540 5549
f 5540 5541 5550
f 5541 5542 5551
f 5542 5543 5552
f 5543 5544 5553
f 5544 5545 5554
f 5545 5546 5555
f 5546 5547 5556
f 5547 684 685
f 5538 5548 933
f 5539 5549 5548
f 5540 5550 5549
f 5541 5551 5550
f 5542 5552 5551
f 5543 5553 5552
f 5544 5554 5553
f 5545 5555 5554
f 5546 5556 5555
f 5547 685 5556
f 933 5548 934
f 5548 5549 5557
f 5549 5550 5558
f 5550 5551 5559
f 5551 5552 5560
f 5552 5553 5561
f 5553 5554 5562
f 5554 5555 5563
f 5555 5556 5564
f 5556 685 686
f 5548 5557 934
f 5549 5558 5557
f 5550 5559 5558
f 5551 5560 5559
f 5552 5561 5560
f 5553 5562 5561
f 5554 5563 5562
f 5555 5564 5563
f 5556 686 5564
f 934 5557 935
f 5557 5558 5565
f 5558 5559 5566
f 5559 5560 5567
f 5560 5561 5568
f 5561 5562 5569
f 5562 5563 5570
f 5563 5564 5571
f 5564 686 687
f 5557 5565 935
f 5558 5566 5565
f 5559 5567 5566
f 5560 5568 5567
f 5561 5569 5568
f 5562 5570 5569
f 5563 5571 5570
f 5564 687 5571
f 935 5565 936
f 5565 5566 5572
f 5566 5567 5573
f 5567 5568 5574
f 5568 5569 5575
f 5569 5570 5576
f 5570 5571 5577
f 5571 687 688
f 5565 5572 936
f 5566 5573 5572
f 5567 5574 5573
f 5568 5575 5574
f 5569 5576 5575
f 5570 5577 5576
f 5571 688 5577
f 936 5572 937
f 5572 5573 5578
f 5573 5574 5579
f 5574 5575 5580
f 5575 5576 5581
f 5576 5577 5582
f 5577 688 689
f 5572 5578 937
f 5573 5579 5578
f 5574 5580 5579
f 5575 5581 5580
f 5576 5582 5581
f 5577 689 5582
f 937 5578 938
f 5578 5579 5583
f 5579 5580 5584
f 5580 5581 5585
f 5581 5582 5586
f 5582 689 690
f 5578 5583 938
f 5579 5584 5583
f 5580 5585 5584
f 5581 5586 5585
f 5582 690 5586
f 938 5583 939
f 5583 5584 5587
f 5584 5585 5588
f 5585 5586 5589
f 5586 690 691
f 5583 5587 939
f 5584 5588 5587
f 5585 5589 5588
f 5586 691 5589
f 939 5587 940
f 5587 5588 5590
f 5588 5589 5591
f 5589 691 692
f 5587 5590 940
f 5588 5591 5590
f 5589 692 5591
f 940 5590 941
f 5590 5591 5592
f 5591 692 693
f 5590 5592 941
f 5591 693 5592
f 941 5592 942
f 5592 693 694
f 5592 694 942
f 942 694 9
f 4 323 13
f 323 324 5593
f 324 325 5594
f 325 326 5595
f 326 327 5596
f 327 328 5597
f 328 329 5598
f 329 330 5599
f 330 331 5600
f 331 332 5601
f 332 333 5602
f 333 334 5603
f 334 335 5604
f 335 336 5605
f 336 337 5606
f 337 338 5607
f 338 339 5608
f 339 340 5609
f 340 341 5610
f 341 342 5611
f 342 343 5612
f 343 344 5613
f 344 345 5614
f 345 346 5615
f 346 347 5616
f 347 348 5617
f 348 349 5618
f 349 350 5619
f 350 351 5620
f 351 352 5621
f 352 353 5622
f 353 10 74
f 323 5593 13
f 324 5594 5593
f 325 5595 5594
f 326 5596 5595
f 327 5597 5596
f 328 5598 5597
f 329 5599 5598
f 330 5600 5599
f 331 5601 5600
f 332 5602 5601
f 333 5603 5602
f 334 5604 5603
f 335 5605 5604
f 336 5606 5605
f 337 5607 5606
f 338 5608 5607
f 339 5609 5608
f 340 5610 5609
f 341 5611 5610
f 342 5612 5611
f 343 5613 5612
f 344 5614 5613
f 345 5615 5614
f 346 5616 5615
f 347 5617 5616
f 348 5618 5617
f 349 5619 5618
f 350 5620 5619
f 351 5621 5620
f 352 5622 5621
f 353 74 5622
f 13 5593 14
f 5593 5594 5623
f 5594 5595 5624
f 5595 5596 5625
f 5596 5597 5626
f 5597 5598 5627
f 5598 5599 5628
f 5599 5600 5629
f 5600 5601 5630
f 5601 5602 5631
f 5602 5603 5632
f 5603 5604 5633
f 5604 5605 5634
f 5605 5606 5635
f 5606 5607 5636
f 5607 5608 5637
f 5608 5609 5638
f 5609 5610 5639
f 5610 5611 5640
f 5611 5612 5641
f 5612 5613 5642
f 5613 5614 5643
f 5614 5615 5644
f 5615 5616 5645
f 5616 5617 5646
f 5617 5618 5647
f 5618 5619 5648
f 5619 5620 5649
f 5620 5621 5650
f 5621 5622 5651
f 5622 74 73
f 5593 5623 14
f 5594 5624 5623
f 5595 5625 5624
f 5596 5626 5625
f 5597 5627 5626
f 5598 5628 5627
f 5599 5629 5628
f 5600 5630 5629
f 5601 5631 5630
f 5602 5632 5631
f 5603 5633 5632
f 5604 5634 5633
f 5605 5635 5634
f 5606 5636 5635
f 5607 5637 5636
f 5608 5638 5637
f 5609 5639 5638
f 5610 5640 5639
f 5611 5641 5640
f 5612 5642 5641
f 5613 5643 5642
f 5614 5644 5643
f 5615 5645 5644
f 5616 5646 5645
f 5617 5647 5646
f 5618 5648 5647
f 5619 5649 5648
f 5620 5650 5649
f 5621 5651 5650
f 5622 73 5651
f 14 5623 15
f 5623 5624 5652
f 5624 5625 5653
f 5625 5626 5654
f 5626 5627 5655
f 5627 5628 5656
f 5628 5629 5657
f 5629 5630 5658
f 5630 5631 5659
f 5631 5632 5660
f 5632 5633 5661
f 5633 5634 5662
f 5634 5635 5663
f 5635 5636 5664
f 5636 5637 5665
f 5637 5638 5666
f 5638 5639 5667
f 5639 5640 5668
f 5640 5641 5669
f 5641 5642 5670
f 5642 5643 5671
f 5643 5644 5672
f 5644 5645 5673
f 5645 5646 5674
f 5646 5647 5675
f 5647 5648 5676
f 5648 5649 5677
f 5649 5650 5678
f 5650 5651 5679
f 5651 73 72
f 5623 5652 15
f 5624 5653 5652
f 5625 5654 5653
f 5626 5655 5654
f 5627 5656 5655
f 5628 5657 5656
f 5629 5658 5657
f 5630 5659 5658
f 5631 5660 5659
f 5632 5661 5660
f 5633 5662 5661
f 5634 5663 5662
f 5635 5664 5663
f 5636 5665 5664
f 5637 5666 5665
f 5638 5667 5666
f 5639 5668 5667
f 5640 5669 5668
f 5641 5670 5669
f 5642 5671 5670
f 5643 5672 5671
f 5644 5673 5672
f 5645 5674 5673
f 5646 5675 5674
f 5647 5676 5675
f 5648 5677 5676
f 5649 5678 5677
f 5650 5679 5678
f 5651 72 5679
f 15 5652 16
f 5652 5653 5680
f 5653 5654 5681
f 5654 5655 5682
f 5655 5656 5683
f 5656 5657 5684
f 5657 5658 5685
f 5658 5659 5686
f 5659 5660 5687
f 5660 5661 5688
f 5661 5662 5689
f 5662 5663 5690
f 5663 5664 5691
f 5664 5665 5692
f 5665 5666 5693
f 5666 5667 5694
f 5667 5668 5695
f 5668 5669 5696
f 5669 5670 5697
f 5670 5671 5698
f 5671 5672 5699
f 5672 5673 5700
f 5673 5674 5701
f 5674 5675 5702
f 5675 5676 5703
f 5676 5677 5704
f 5677 5678 5705
f 5678 5679 5706
f 5679 72 71
f 5652 5680 16
f 5653 5681 5680
f 5654 5682 5681
f 5655 5683 5682
f 5656 5684 5683
f 5657 5685 5684
f 5658 5686 5685
f 5659 5687 5686
f 5660 5688 5687
f 5661 5689 5688
f 5662 5690 5689
f 5663 5691 5690
f 5664 5692 5691
f 5665 5693 5692
f 5666 5694 5693
f 5667 5695 5694
f 5668 5696 5695
f 5669 5697 5696
f 5670 5698 5697
f 5671 5699 5698
f 5672 5700 5699
f 5673 5701 5700
f 5674 5702 5701
f 5675 5703 5702
f 5676 5704 5703
f 5677 5705 5704
f 5678 5706 5705
f 5679 71 5706
f 16 5680 17
f 5680 5681 5707
f 5681 5682 5708
f 5682 5683 5709
f 5683 5684 5710
f 5684 5685 5711
f 5685 5686 5712
f 5686 5687 5713
f 5687 5688 5714
f 5688 5689 5715
f 5689 5690 5716
f 5690 5691 5717
f 5691 5692 5718
f 5692 5693 5719
f 5693 5694 5720
f 5694 5695 5721
f 5695 5696 5722
f 5696 5697 5723
f 5697 5698 5724
f 5698 5699 5725
f 5699 5700 5726
f 5700 5701 5727
f 5701 5702 5728
f 5702 5703 5729
f 5703 5704 5730
f 5704 5705 5731
f 5705 5706 5732
f 5706 71 70
f 5680 5707 17
f 5681 5708 5707
f 5682 5709 5708
f 5683 5710 5709
f 5684 5711 5710
f 5685 5712 5711
f 5686 5713 5712
f 5687 5714 5713
f 5688 5715 5714
f 5689 5716 5715
f 5690 5717 5716
f 5691 5718 5717
f 5692 5719 5718
f 5693 5720 5719
f 5694 5721 5720
f 5695 5722 5721
f 5696 5723 5722
f 5697 5724 5723
f 5698 5725 5724
f 5699 5726 5725
f 5700 5727 5726
f 5701 5728 5727
f 5702 5729 5728
f 5703 5730 5729
f 5704 5731 5730
f 5705 5732 5731
f 5706 70 5732
f 17 5707 18
f 5707 5708 5733
f 5708 5709 5734
f 5709 5710 5735
f 5710 5711 5736
f 5711 5712 5737
f 5712 5713 5738
f 5713 5714 5739
f 5714 5715 5740
f 5715 5716 5741
f 5716 5717 5742
f 5717 5718 5743
f 5718 5719 5744
f 5719 5720 5745
f 5720 5721 5746
f 5721 5722 5747
f 5722 5723 5748
f 5723 5724 5749
f 5724 5725 5750
f 5725 5726 5751
f 5726 5727 5752
f 5727 5728 5753
f 5728 5729 5754
f 5729 5730 5755
f 5730 5731 5756
f 5731 5732 5757
f 5732 70 69
f 5707 5733 18
f 5708 5734 5733
f 5709 5735 5734
f 5710 5736 5735
f 5711 5737 5736
f 5712 5738 5737
f 5713 5739 5738
f 5714 5740 5739
f 5715 5741 5740
f 5716 5742 5741
f 5717 5743 5742
f 5718 5744 5743
f 5719 5745 5744
f 5720 5746 5745
f 5721 5747 5746
f 5722 5748 5747
f 5723 5749 5748
f 5724 5750 5749
f 5725 5751 5750
f 5726 5752 5751
f 5727 5753 5752
f 5728 5754 5753
f 5729 5755 5754
f 5730 5756 5755
f 5731 5757 5756
f 5732 69 5757
f 18 5733 19
f 5733 5734 5758
f 5734 5735 5759
f 5735 5736 5760
f 5736 5737 5761
f 5737 5738 5762
f 5738 5739 5763
f 5739 5740 5764
f 5740 5741 5765
f 5741 5742 5766
f 5742 5743 5767
f 5743 5744 5768
f 5744 5745 5769
f 5745 5746 5770
f 5746 5747 5771
f 5747 5748 5772
f 5748 5749 5773
f 5749 5750 5774
f 5750 5751 5775
f 5751 5752 5776
f 5752 5753 5777
f 5753 5754 5778
f 5754 5755 5779
f 5755 5756 5780
f 5756 5757 5781
f 5757 69 68
f 5733 5758 19
f 5734 5759 5758
f 5735 5760 5759
f 5736 5761 5760
f 5737 5762 5761
f 5738 5763 5762
f 5739 5764 5763
f 5740 5765 5764
f 5741 5766 5765
f 5742 5767 5766
f 5743 5768 5767
f 5744 5769 5768
f 5745 5770 5769
f 5746 5771 5770
f 5747 5772 5771
f 5748 5773 5772
f 5749 5774 5773
f 5750 5775 5774
f 5751 5776 5775
f 5752 5777 5776
f 5753 5778 5777
f 5754 5779 5778
f 5755 5780 5779
f 5756 5781 5780
f 5757 68 5781
f 19 5758 20
f 5758 5759 5782
f 5759 5760 5783
f 5760 5761 5784
f 5761 5762 5785
f 5762 5763 5786
f 5763 5764 5787
f 5764 5765 5788
f 5765 5766 5789
f 5766 5767 5790
f 5767 5768 5791
f 5768 5769 5792
f 5769 5770 5793
f 5770 5771 5794
f 5771 5772 5795
f 5772 5773 5796
f 5773 5774 5797
f 5774 5775 5798
f 5775 5776 5799
f 5776 5777 5800
f 5777 5778 5801
f 5778 5779 5802
f 5779 5780 5803
f 5780 5781 5804
f 5781 68 67
f 5758 5782 20
f 5759 5783 5782
f 5760 5784 5783
f 5761 5785 5784
f 5762 5786 5785
f 5763 5787 5786
f 5764 5788 5787
f 5765 5789 5788
f 5766 5790 5789
f 5767 5791 5790
f 5768 5792 5791
f 5769 5793 5792
f 5770 5794 5793
f 5771 5795 5794
f 5772 5796 5795
f 5773 5797 5796
f 5774 5798 5797
f 5775 5799 5798
f 5776 5800 5799
f 5777 5801 5800
f 5778 5802 5801
f 5779 5803 5802
f 5780 5804 5803
f 5781 67 5804
f 20 5782 21
f 5782 5783 5805
f 5783 5784 5806
f 5784 5785 5807
f 5785 5786 5808
f 5786 5787 5809
f 5787 5788 5810
f 5788 5789 5811
f 5789 5790 5812
f 5790 5791 5813
f 5791 5792 5814
f 5792 5793 5815
f 5793 5794 5816
f 5794 5795 5817
f 5795 5796 5818
f 5796 5797 5819
f 5797 5798 5820
f 5798 5799 5821
f 5799 5800 5822
f 5800 5801 5823
f 5801 5802 5824
f 5802 5803 5825
f 5803 5804 5826
f 5804 67 66
f 5782 5805 21
f 5783 5806 5805
f 5784 5807 5806
f 5785 5808 5807
f 5786 5809 5808
f 5787 5810 5809
f 5788 5811 5810
f 5789 5812 5811
f 5790 5813 5812
f 5791 5814 5813
f 5792 5815 5814
f 5793 5816 5815
f 5794 5817 5816
f 5795 5818 5817
f 5796 5819 5818
f 5797 5820 5819
f 5798 5821 5820
f 5799 5822 5821
f 5800 5823 5822
f 5801 5824 5823
f 5802 5825 5824
f 5803 5826 5825
f 5804 66 5826
f 21 5805 22
f 5805 5806 5827
f 5806 5807 5828
f 5807 5808 5829
f 5808 5809 5830
f 5809 5810 5831
f 5810 5811 5832
f 5811 5812 5833
f 5812 5813 5834
f 5813 5814 5835
f 5814 5815 5836
f 5815 5816 5837
f 5816 5817 5838
f 5817 5818 5839
f 5818 5819 5840
f 5819 5820 5841
f 5820 5821 5842
f 5821 5822 5843
f 5822 5823 5844
f 5823 5824 5845
f 5824 5825 5846
f 5825 5826 5847
f 5826 66 65
f 5805 5827 22
f 5806 5828 5827
f 5807 5829 5828
f 5808 5830 5829
f 5809 5831 5830
f 5810 5832 5831
f 5811 5833 5832
f 5812 5834 5833
f 5813 5835 5834
f 5814 5836 5835
f 5815 5837 5836
f 5816 5838 5837
f 5817 5839 5838
f 5818 5840 5839
f 5819 5841 5840
f 5820 5842 5841
f 5821 5843 5842
f 5822 5844 5843
f 5823 5845 5844
f 5824 5846 5845
f 5825 5847 5846
f 5826 65 5847
f 22 5827 23
f 5827 5828 5848
f 5828 5829 5849
f 5829 5830 5850
f 5830 5831 5851
f 5831 5832 5852
f 5832 5833 5853
f 5833 5834 5854
f 5834 5835 5855
f 5835 5836 5856
f 5836 5837 5857
f 5837 5838 5858
f 5838 5839 5859
f 5839 5840 5860
f 5840 5841 5861
f 5841 5842 5862
f 5842 5843 5863
f 5843 5844 5864
f 5844 5845 5865
f 5845 5846 5866
f 5846 5847 5867
f 5847 65 64
f 5827 5848 23
f 5828 5849 5848
f 5829 5850 5849
f 5830 5851 5850
f 5831 5852 5851
f 5832 5853 5852
f 5833 5854 5853
f 5834 5855 5854
f 5835 5856 5855
f 5836 5857 5856
f 5837 5858 5857
f 5838 5859 5858
f 5839 5860 5859
f 5840 5861 5860
f 5841 5862 5861
f 5842 5863 5862
f 5843 5864 5863
f 5844 5865 5864
f 5845 5866 5865
f 5846 5867 5866
f 5847 64 5867
f 23 5848 24
f 5848 5849 5868
f 5849 5850 5869
f 5850 5851 5870
f 5851 5852 5871
f 5852 5853 5872
f 5853 5854 5873
f 5854 5855 5874
f 5855 5856 5875
f 5856 5857 5876
f 5857 5858 5877
f 5858 5859 5878
f 5859 5860 5879
f 5860 5861 5880
f 5861 5862 5881
f 5862 5863 5882
f 5863 5864 5883
f 5864 5865 5884
f 5865 5866 5885
f 5866 5867 5886
f 5867 64 63
f 5848 5868 24
f 5849 5869 5868
f 5850 5870 5869
f 5851 5871 5870
f 5852 5872 5871
f 5853 5873 5872
f 5854 5874 5873
f 5855 5875 5874
f 5856 5876 5875
f 5857 5877 5876
f 5858 5878 5877
f 5859 5879 5878
f 5860 5880 5879
f 5861 5881 5880
f 5862 5882 5881
f 5863 5883 5882
f 5864 5884 5883
f 5865 5885 5884
f 5866 5886 5885
f 5867 63 5886
f 24 5868 25
f 5868 5869 5887
f 5869 5870 5888
f 5870 5871 5889
f 5871 5872 5890
f 5872 5873 5891
f 5873 5874 5892
f 5874 5875 5893
f 5875 5876 5894
f 5876 5877 5895
f 5877 5878 5896
f 5878 5879 5897
f 5879 5880 5898
f 5880 5881 5899
f 5881 5882 5900
f 5882 5883 5901
f 5883 5884 5902
f 5884 5885 5903
f 5885 5886 5904
f 5886 63 62
f 5868 5887 25
f 5869 5888 5887
f 5870 5889 5888
f 5871 5890 5889
f 5872 5891 5890
f 5873 5892 5891
f 5874 5893 5892
f 5875 5894 5893
f 5876 5895 5894
f 5877 5896 5895
f 5878 5897 5896
f 5879 5898 5897
f 5880 5899 5898
f 5881 5900 5899
f 5882 5901 5900
f 5883 5902 5901
f 5884 5903 5902
f 5885 5904 5903
f 5886 62 5904
f 25 5887 26
f 5887 5888 5905
f 5888 5889 5906
f 5889 5890 5907
f 5890 5891 5908
f 5891 5892 5909
f 5892 5893 5910
f 5893 5894 5911
f 5894 5895 5912
f 5895 5896 5913
f 5896 5897 5914
f 5897 5898 5915
f 5898 5899 5916
f 5899 5900 5917
f 5900 5901 5918
f 5901 5902 5919
f 5902 5903 5920
f 5903 5904 5921
f 5904 62 61
f 5887 5905 26
f 5888 5906 5905
f 5889 5907 5906
f 5890 5908 5907
f 5891 5909 5908
f 5892 5910 5909
f 5893 5911 5910
f 5894 5912 5911
f 5895 5913 5912
f 5896 5914 5913
f 5897 5915 5914
f 5898 5916 5915
f 5899 5917 5916
f 5900 5918 5917
f 5901 5919 5918
f 5902 5920 5919
f 5903 5921 5920
f 5904 61 5921
f 26 5905 27
f 5905 5906 5922
f 5906 5907 5923
f 5907 5908 5924
f 5908 5909 5925
f 5909 5910 5926
f 5910 5911 5927
f 5911 5912 5928
f 5912 5913 5929
f 5913 5914 5930
f 5914 5915 5931
f 5915 5916 5932
f 5916 5917 5933
f 5917 5918 5934
f 5918 5919 5935
f 5919 5920 5936
f 5920 5921 5937
f 5921 61 60
f 5905 5922 27
f 5906 5923 5922
f 5907 5924 5923
f 5908 5925 5924
f 5909 5926 5925
f 5910 5927 5926
f 5911 5928 5927
f 5912 5929 5928
f 5913 5930 5929
f 5914 5931 5930
f 5915 5932 5931
f 5916 5933 5932
f 5917 5934 5933
f 5918 5935 5934
f 5919 5936 5935
f 5920 5937 5936
f 5921 60 5937
f 27 5922 28
f 5922 5923 5938
f 5923 5924 5939
f 5924 5925 5940
f 5925 5926 5941
f 5926 5927 5942
f 5927 5928 5943
f 5928 5929 5944
f 5929 5930 5945
f 5930 5931 5946
f 5931 5932 5947
f 5932 5933 5948
f 5933 5934 5949
f 5934 5935 5950
f 5935 5936 5951
f 5936 5937 5952
f 5937 60 59
f 5922 5938 28
f 5923 5939 5938
f 5924 5940 5939
f 5925 5941 5940
f 5926 5942 5941
f 5927 5943 5942
f 5928 5944 5943
f 5929 5945 5944
f 5930 5946 5945
f 5931 5947 5946
f 5932 5948 5947
f 5933 5949 5948
f 5934 5950 5949
f 5935 5951 5950
f 5936 5952 5951
f 5937 59 5952
f 28 5938 29
f 5938 5939 5953
f 5939 5940 5954
f 5940 5941 5955
f 5941 5942 5956
f 5942 5943 5957
f 5943 5944 5958
f 5944 5945 5959
f 5945 5946 5960
f 5946 5947 5961
f 5947 5948 5962
f 5948 5949 5963
f 5949 5950 5964
f 5950 5951 5965
f 5951 5952 5966
f 5952 59 58
f 5938 5953 29
f 5939 5954 5953
f 5940 5955 5954
f 5941 5956 5955
f 5942 5957 5956
f 5943 5958 5957
f 5944 5959 5958
f 5945 5960 5959
f 5946 5961 5960
f 5947 5962 5961
f 5948 5963 5962
f 5949 5964 5963
f 5950 5965 5964
f 5951 5966 5965
f 5952 58 5966
f 29 5953 30
f 5953 5954 5967
f 5954 5955 5968
f 5955 5956 5969
f 5956 5957 5970
f 5957 5958 5971
f 5958 5959 5972
f 5959 5960 5973
f 5960 5961 5974
f 5961 5962 5975
f 5962 5963 5976
f 5963 5964 5977
f 5964 5965 5978
f 5965 5966 5979
f 5966 58 57
f 5953 5967 30
f 5954 5968 5967
f 5955 5969 5968
f 5956 5970 5969
f 5957 5971 5970
f 5958 5972 5971
f 5959 5973 5972
f 5960 5974 5973
f 5961 5975 5974
f 5962 5976 5975
f 5963 5977 5976
f 5964 5978 5977
f 5965 5979 5978
f 5966 57 5979
f 30 5967 31
f 5967 5968 5980
f 5968 5969 5981
f 5969 5970 5982
f 5970 5971 5983
f 5971 5972 5984
f 5972 5973 5985
f 5973 5974 5986
f 5974 5975 5987
f 5975 5976 5988
f 5976 5977 5989
f 5977 5978 5990
f 5978 5979 5991
f 5979 57 56
f 5967 5980 31
f 5968 5981 5980
f 5969 5982 5981
f 5970 5983 5982
f 5971 5984 5983
f 5972 5985 5984
f 5973 5986 5985
f 5974 5987 5986
f 5975 5988 5987
f 5976 5989 5988
f 5977 5990 5989
f 5978 5991 5990
f 5979 56 5991
f 31 5980 32
f 5980 5981 5992
f 5981 5982 5993
f 5982 5983 5994
f 5983 5984 5995
f 5984 5985 5996
f 5985 5986 5997
f 5986 5987 5998
f 5987 5988 5999
f 5988 5989 6000
f 5989 5990 6001
f 5990 5991 6002
f 5991 56 55
f 5980 5992 32
f 5981 5993 5992
f 5982 5994 5993
f 5983 5995 5994
f 5984 5996 5995
f 5985 5997 5996
f 5986 5998 5997
f 5987 5999 5998
f 5988 6000 5999
f 5989 6001 6000
f 5990 6002 6001
f 5991 55 6002
f 32 5992 33
f 5992 5993 6003
f 5993 5994 6004
f 5994 5995 6005
f 5995 5996 6006
f 5996 5997 6007
f 5997 5998 6008
f 5998 5999 6009
f 5999 6000 6010
f 6000 6001 6011
f 6001 6002 6012
f 6002 55 54
f 5992 6003 33
f 5993 6004 6003
f 5994 6005 6004
f 5995 6006 6005
f 5996 6007 6006
f 5997 6008 6007
f 5998 6009 6008
f 5999 6010 6009
f 6000 6011 6010
f 6001 6012 6011
f 6002 54 6012
f 33 6003 34
f 6003 6004 6013
f 6004 6005 6014
f 6005 6006 6015
f 6006 6007 6016
f 6007 6008 6017
f 6008 6009 6018
f 6009 6010 6019
f 6010 6011 6020
f 6011 6012 6021
f 6012 54 53
f 6003 6013 34
f 6004 6014 6013
f 6005 6015 6014
f 6006 6016 6015
f 6007 6017 6016
f 6008 6018 6017
f 6009 6019 6018
f 6010 6020 6019
f 6011 6021 6020
f 6012 53 6021
f 34 6013 35
f 6013 6014 6022
f 6014 6015 6023
f 6015 6016 6024
f 6016 6017 6025
f 6017 6018 6026
f 6018 6019 6027
f 6019 6020 6028
f 6020 6021 6029
f 6021 53 52
f 6013 6022 35
f 6014 6023 6022
f 6015 6024 6023
f 6016 6025 6024
f 6017 6026 6025
f 6018 6027 6026
f 6019 6028 6027
f 6020 6029 6028
f 6021 52 6029
f 35 6022 36
f 6022 6023 6030
f 6023 6024 6031
f 6024 6025 6032
f 6025 6026 6033
f 6026 6027 6034
f 6027 6028 6035
f 6028 6029 6036
f 6029 52 51
f 6022 6030 36
f 6023 6031 6030
f 6024 6032 6031
f 6025 6033 6032
f 6026 6034 6033
f 6027 6035 6034
f 6028 6036 6035
f 6029 51 6036
f 36 6030 37
f 6030 6031 6037
f 6031 6032 6038
f 6032 6033 6039
f 6033 6034 6040
f 6034 6035 6041
f 6035 6036 6042
f 6036 51 50
f 6030 6037 37
f 6031 6038 6037
f 6032 6039 6038
f 6033 6040 6039
f 6034 6041 6040
f 6035 6042 6041
f 6036 50 6042
f 37 6037 38
f 6037 6038 6043
f 6038 6039 6044
f 6039 6040 6045
f 6040 6041 6046
f 6041 6042 6047
f 6042 50 49
f 6037 6043 38
f 6038 6044 6043
f 6039 6045 6044
f 6040 6046 6045
f 6041 6047 6046
f 6042 49 6047
f 38 6043 39
f 6043 6044 6048
f 6044 6045 6049
f 6045 6046 6050
f 6046 6047 6051
f 6047 49 48
f 6043 6048 39
f 6044 6049 6048
f 6045 6050 6049
f 6046 6051 6050
f 6047 48 6051
f 39 6048 40
f 6048 6049 6052
f 6049 6050 6053
f 6050 6051 6054
f 6051 48 47
f 6048 6052 40
f 6049 6053 6052
f 6050 6054 6053
f 6051 47 6054
f 40 6052 41
f 6052 6053 6055
f 6053 6054 6056
f 6054 47 46
f 6052 6055 41
f 6053 6056 6055
f 6054 46 6056
f 41 6055 42
f 6055 6056 6057
f 6056 46 45
f 6055 6057 42
f 6056 45 6057
f 42 6057 43
f 6057 45 44
f 6057 44 43
f 43 44 5
f 4 13 849
f 13 14 6058
f 14 15 6059
f 15 16 6060
f 16 17 6061
f 17 18 6062
f 18 19 6063
f 19 20 6064
f 20 21 6065
f 21 22 6066
f 22 23 6067
f 23 24 6068
f 24 25 6069
f 25 26 6070
f 26 27 6071
f 27 28 6072
f 28 29 6073
f 29 30 6074
f 30 31 6075
f 31 32 6076
f 32 33 6077
f 33 34 6078
f 34 35 6079
f 35 36 6080
f 36 37 6081
f 37 38 6082
f 38 39 6083
f 39 40 6084
f 40 41 6085
f 41 42 6086
f 42 43 6087
f 43 5 539
f 13 6058 849
f 14 6059 6058
f 15 6060 6059
f 16 6061 6060
f 17 6062 6061
f 18 6063 6062
f 19 6064 6063
f 20 6065 6064
f 21 6066 6065
f 22 6067 6066
f 23 6068 6067
f 24 6069 6068
f 25 6070 6069
f 26 6071 6070
f 27 6072 6071
f 28 6073 6072
f 29 6074 6073
f 30 6075 6074
f 31 6076 6075
f 32 6077 6076
f 33 6078 6077
f 34 6079 6078
f 35 6080 6079
f 36 6081 6080
f 37 6082 6081
f 38 6083 6082
f 39 6084 6083
f 40 6085 6084
f 41 6086 6085
f 42 6087 6086
f 43 539 6087
f 849 6058 848
f 6058 6059 6088
f 6059 6060 6089
f 6060 6061 6090
f 6061 6062 6091
f 6062 6063 6092
f 6063 6064 6093
f 6064 6065 6094
f 6065 6066 6095
f 6066 6067 6096
f 6067 6068 6097
f 6068 6069 6098
f 6069 6070 6099
f 6070 6071 6100
f 6071 6072 6101
f 6072 6073 6102
f 6073 6074 6103
f 6074 6075 6104
f 6075 6076 6105
f 6076 6077 6106
f 6077 6078 6107
f 6078 6079 6108
f 6079 6080 6109
f 6080 6081 6110
f 6081 6082 6111
f 6082 6083 6112
f 6083 6084 6113
f 6084 6085 6114
f 6085 6086 6115
f 6086 6087 6116
f 6087 539 538
f 6058 6088 848
f 6059 6089 6088
f 6060 6090 6089
f 6061 6091 6090
f 6062 6092 6091
f 6063 6093 6092
f 6064 6094 6093
f 6065 6095 6094
f 6066 6096 6095
f 6067 6097 6096
f 6068 6098 6097
f 6069 6099 6098
f 6070 6100 6099
f 6071 6101 6100
f 6072 6102 6101
f 6073 6103 6102
f 6074 6104 6103
f 6075 6105 6104
f 6076 6106 6105
f 6077 6107 6106
f 6078 6108 6107
f 6079 6109 6108
f 6080 6110 6109
f 6081 6111 6110
f 6082 6112 6111
f 6083 6113 6112
f 6084 6114 6113
f 6085 6115 6114
f 6086 6116 6115
f 6087 538 6116
f 848 6088 847
f 6088 6089 6117
f 6089 6090 6118
f 6090 6091 6119
f 6091 6092 6120
f 6092 6093 6121
f 6093 6094 6122
f 6094 6095 6123
f 6095 6096 6124
f 6096 6097 6125
f 6097 6098 6126
f 6098 6099 6127
f 6099 6100 6128
f 6100 6101 6129
f 6101 6102 6130
f 6102 6103 6131
f 6103 6104 6132
f 6104 6105 6133
f 6105 6106 6134
f 6106 6107 6135
f 6107 6108 6136
f 6108 6109 6137
f 6109 6110 6138
f 6110 6111 6139
f 6111 6112 6140
f 6112 6113 6141
f 6113 6114 6142
f 6114 6115 6143
f 6115 6116 6144
f 6116 538 537
f 6088 6117 847
f 6089 6118 6117
f 6090 6119 6118
f 6091 6120 6119
f 6092 6121 6120
f 6093 6122 6121
f 6094 6123 6122
f 6095 6124 6123
f 6096 6125 6124
f 6097 6126 6125
f 6098 6127 6126
f 6099 6128 6127
f 6100 6129 6128
f 6101 6130 6129
f 6102 6131 6130
f 6103 6132 6131
f 6104 6133 6132
f 6105 6134 6133
f 6106 6135 6134
f 6107 6136 6135
f 6108 6137 6136
f 6109 6138 6137
f 6110 6139 6138
f 6111 6140 6139
f 6112 6141 6140
f 6113 6142 6141
f 6114 6143 6142
f 6115 6144 6143
f 6116 537 6144
f 847 6117 846
f 6117 6118 6145
f 6118 6119 6146
f 6119 6120 6147
f 6120 6121 6148
f 6121 6122 6149
f 6122 6123 6150
f 6123 6124 6151
f 6124 6125 6152
f 6125 6126 6153
f 6126 6127 6154
f 6127 6128 6155
f 6128 6129 6156
f 6129 6130 6157
f 6130 6131 6158
f 6131 6132 6159
f 6132 6133 6160
f 6133 6134 6161
f 6134 6135 6162
f 6135 6136 6163
f 6136 6137 6164
f 6137 6138 6165
f 6138 6139 6166
f 6139 6140 6167
f 6140 6141 6168
f 6141 6142 6169
f 6142 6143 6170
f 6143 6144 6171
f 6144 537 536
f 6117 6145 846
f 6118 6146 6145
f 6119 6147 6146
f 6120 6148 6147
f 6121 6149 6148
f 6122 6150 6149
f 6123 6151 6150
f 6124 6152 6151
f 6125 6153 6152
f 6126 6154 6153
f 6127 6155 6154
f 6128 6156 6155
f 6129 6157 6156
f 6130 6158 6157
f 6131 6159 6158
f 6132 6160 6159
f 6133 6161 6160
f 6134 6162 6161
f 6135 6163 6162
f 6136 6164 6163
f 6137 6165 6164
f 6138 6166 6165
f 6139 6167 6166
f 6140 6168 6167
f 6141 6169 6168
f 6142 6170 6169
f 6143 6171 6170
f 6144 536 6171
f 846 6145 845
f 6145 6146 6172
f 6146 6147 6173
f 6147 6148 6174
f 6148 6149 6175
f 6149 6150 6176
f 6150 6151 6177
f 6151 6152 6178
f 6152 6153 6179
f 6153 6154 6180
f 6154 6155 6181
f 6155 6156 6182
f 6156 6157 6183
f 6157 6158 6184
f 6158 6159 6185
f 6159 6160 6186
f 6160 6161 6187
f 6161 6162 6188
f 6162 6163 6189
f 6163 6164 6190
f 6164 6165 6191
f 6165 6166 6192
f 6166 6167 6193
f 6167 6168 6194
f 6168 6169 6195
f 6169 6170 6196
f 6170 6171 6197
f 6171 536 535
f 6145 6172 845
f 6146 6173 6172
f 6147 6174 6173
f 6148 6175 6174
f 6149 6176 6175
f 6150 6177 6176
f 6151 6178 6177
f 6152 6179 6178
f 6153 6180 6179
f 6154 6181 6180
f 6155 6182 6181
f 6156 6183 6182
f 6157 6184 6183
f 6158 6185 6184
f 6159 6186 6185
f 6160 6187 6186
f 6161 6188 6187
f 6162 6189 6188
f 6163 6190 6189
f 6164 6191 6190
f 6165 6192 6191
f 6166 6193 6192
f 6167 6194 6193
f 6168 6195 6194
f 6169 6196 6195
f 6170 6197 6196
f 6171 535 6197
f 845 6172 844
f 6172 6173 6198
f 6173 6174 6199
f 6174 6175 6200
f 6175 6176 6201
f 6176 6177 6202
f 6177 6178 6203
f 6178 6179 6204
f 6179 6180 6205
f 6180 6181 6206
f 6181 6182 6207
f 6182 6183 6208
f 6183 6184 6209
f 6184 6185 6210
f 6185 6186 6211
f 6186 6187 6212
f 6187 6188 6213
f 6188 6189 6214
f 6189 6190 6215
f 6190 6191 6216
f 6191 6192 6217
f 6192 6193 6218
f 6193 6194 6219
f 6194 6195 6220
f 6195 6196 6221
f 6196 6197 6222
f 6197 535 534
f 6172 6198 844
f 6173 6199 6198
f 6174 6200 6199
f 6175 6201 6200
f 6176 6202 6201
f 6177 6203 6202
f 6178 6204 6203
f 6179 6205 6204
f 6180 6206 6205
f 6181 6207 6206
f 6182 6208 6207
f 6183 6209 6208
f 6184 6210 6209
f 6185 6211 6210
f 6186 6212 6211
f 6187 6213 6212
f 6188 6214 6213
f 6189 6215 6214
f 6190 6216 6215
f 6191 6217 6216
f 6192 6218 6217
f 6193 6219 6218
f 6194 6220 6219
f 6195 6221 6220
f 6196 6222 6221
f 6197 534 6222
f 844 6198 843
f 6198 6199 6223
f 6199 6200 6224
f 6200 6201 6225
f 6201 6202 6226
f 6202 6203 6227
f 6203 6204 6228
f 6204 6205 6229
f 6205 6206 6230
f 6206 6207 6231
f 6207 6208 6232
f 6208 6209 6233
f 6209 6210 6234
f 6210 6211 6235
f 6211 6212 6236
f 6212 6213 6237
f 6213 6214 6238
f 6214 6215 6239
f 6215 6216 6240
f 6216 6217 6241
f 6217 6218 6242
f 6218 6219 6243
f 6219 6220 6244
f 6220 6221 6245
f 6221 6222 6246
f 6222 534 533
f 6198 6223 843
f 6199 6224 6223
f 6200 6225 6224
f 6201 6226 6225
f 6202 6227 6226
f 6203 6228 6227
f 6204 6229 6228
f 6205 6230 6229
f 6206 6231 6230
f 6207 6232 6231
f 6208 6233 6232
f 6209 6234 6233
f 6210 6235 6234
f 6211 6236 6235
f 6212 6237 6236
f 6213 6238 6237
f 6214 6239 6238
f 6215 6240 6239
f 6216 6241 6240
f 6217 6242 6241
f 6218 6243 6242
f 6219 6244 6243
f 6220 6245 6244
f 6221 6246 6245
f 6222 533 6246
f 843 6223 842
f 6223 6224 6247
f 6224 6225 6248
f 6225 6226 6249
f 6226 6227 6250
f 6227 6228 6251
f 6228 6229 6252
f 6229 6230 6253
f 6230 6231 6254
f 6231 6232 6255
f 6232 6233 6256
f 6233 6234 6257
f 6234 6235 6258
f 6235 6236 6259
f 6236 6237 6260
f 6237 6238 6261
f 6238 6239 6262
f 6239 6240 6263
f 6240 6241 6264
f 6241 6242 6265
f 6242 6243 6266
f 6243 6244 6267
f 6244 6245 6268
f 6245 6246 6269
f 6246 533 532
f 6223 6247 842
f 6224 6248 6247
f 6225 6249 6248
f 6226 6250 6249
f 6227 6251 6250
f 6228 6252 6251
f 6229 6253 6252
f 6230 6254 6253
f 6231 6255 6254
f 6232 6256 6255
f 6233 6257 6256
f 6234 6258 6257
f 6235 6259 6258
f 6236 6260 6259
f 6237 6261 6260
f 6238 6262 6261
f 6239 6263 6262
f 6240 6264 6263
f 6241 6265 6264
f 6242 6266 6265
f 6243 6267 6266
f 6244 6268 6267
f 6245 6269 6268
f 6246 532 6269
f 842 6247 841
f 6247 6248 6270
f 6248 6249 6271
f 6249 6250 6272
f 6250 6251 6273
f 6251 6252 6274
f 6252 6253 6275
f 6253 6254 6276
f 6254 6255 6277
f 6255 6256 6278
f 6256 6257 6279
f 6257 6258 6280
f 6258 6259 6281
f 6259 6260 6282
f 6260 6261 6283
f 6261 6262 6284
f 6262 6263 6285
f 6263 6264 6286
f 6264 6265 6287
f 6265 6266 6288
f 6266 6267 6289
f 6267 6268 6290
f 6268 6269 6291
f 6269 532 531
f 6247 6270 841
f 6248 6271 6270
f 6249 6272 6271
f 6250 6273 6272
f 6251 6274 6273
f 6252 6275 6274
f 6253 6276 6275
f 6254 6277 6276
f 6255 6278 6277
f 6256 6279 6278
f 6257 6280 6279
f 6258 6281 6280
f 6259 6282 6281
f 6260 6283 6282
f 6261 6284 6283
f 6262 6285 6284
f 6263 6286 6285
f 6264 6287 6286
f 6265 6288 6287
f 6266 6289 6288
f 6267 6290 6289
f 6268 6291 6290
f 6269 531 6291
f 841 6270 840
f 6270 6271 6292
f 6271 6272 6293
f 6272 6273 6294
f 6273 6274 6295
f 6274 6275 6296
f 6275 6276 6297
f 6276 6277 6298
f 6277 6278 6299
f 6278 6279 6300
f 6279 6280 6301
f 6280 6281 6302
f 6281 6282 6303
f 6282 6283 6304
f 6283 6284 6305
f 6284 6285 6306
f 6285 6286 6307
f 6286 6287 6308
f 6287 6288 6309
f 6288 6289 6310
f 6289 6290 6311
f 6290 6291 6312
f 6291 531 530
f 6270 6292 840
f 6271 6293 6292
f 6272 6294 6293
f 6273 6295 6294
f 6274 6296 6295
f 6275 6297 6296
f 6276 6298 6297
f 6277 6299 6298
f 6278 6300 6299
f 6279 6301 6300
f 6280 6302 6301
f 6281 6303 6302
f 6282 6304 6303
f 6283 6305 6304
f 6284 6306 6305
f 6285 6307 6306
f 6286 6308 6307
f 6287 6309 6308
f 6288 6310 6309
f 6289 6311 6310
f 6290 6312 6311
f 6291 530 6312
f 840 6292 839
f 6292 6293 6313
f 6293 6294 6314
f 6294 6295 6315
f 6295 6296 6316
f 6296 6297 6317
f 6297 6298 6318
f 6298 6299 6319
f 6299 6300 6320
f 6300 6301 6321
f 6301 6302 6322
f 6302 6303 6323
f 6303 6304 6324
f 6304 6305 6325
f 6305 6306 6326
f 6306 6307 6327
f 6307 6308 6328
f 6308 6309 6329
f 6309 6310 6330
f 6310 6311 6331
f 6311 6312 6332
f 6312 530 529
f 6292 6313 839
f 6293 6314 6313
f 6294 6315 6314
f 6295 6316 6315
f 6296 6317 6316
f 6297 6318 6317
f 6298 6319 6318
f 6299 6320 6319
f 6300 6321 6320
f 6301 6322 6321
f 6302 6323 6322
f 6303 6324 6323
f 6304 6325 6324
f 6305 6326 6325
f 6306 6327 6326
f 6307 6328 6327
f 6308 6329 6328
f 6309 6330 6329
f 6310 6331 6330
f 6311 6332 6331
f 6312 529 6332
f 839 6313 838
f 6313 6314 6333
f 6314 6315 6334
f 6315 6316 6335
f 6316 6317 6336
f 6317 6318 6337
f 6318 6319 6338
f 6319 6320 6339
f 6320 6321 6340
f 6321 6322 6341
f 6322 6323 6342
f 6323 6324 6343
f 6324 6325 6344
f 6325 6326 6345
f 6326 6327 6346
f 6327 6328 6347
f 6328 6329 6348
f 6329 6330 6349
f 6330 6331 6350
f 6331 6332 6351
f 6332 529 528
f 6313 6333 838
f 6314 6334 6333
f 6315 6335 6334
f 6316 6336 6335
f 6317 6337 6336
f 6318 6338 6337
f 6319 6339 6338
f 6320 6340 6339
f 6321 6341 6340
f 6322 6342 6341
f 6323 6343 6342
f 6324 6344 6343
f 6325 6345 6344
f 6326 6346 6345
f 6327 6347 6346
f 6328 6348 6347
f 6329 6349 6348
f 6330 6350 6349
f 6331 6351 6350
f 6332 528 6351
f 838 6333 837
f 6333 6334 6352
f 6334 6335 6353
f 6335 6336 6354
f 6336 6337 6355
f 6337 6338 6356
f 6338 6339 6357
f 6339 6340 6358
f 6340 6341 6359
f 6341 6342 6360
f 6342 6343 6361
f 6343 6344 6362
f 6344 6345 6363
f 6345 6346 6364
f 6346 6347 6365
f 6347 6348 6366
f 6348 6349 6367
f 6349 6350 6368
f 6350 6351 6369
f 6351 528 527
f 6333 6352 837
f 6334 6353 6352
f 6335 6354 6353
f 6336 6355 6354
f 6337 6356 6355
f 6338 6357 6356
f 6339 6358 6357
f 6340 6359 6358
f 6341 6360 6359
f 6342 6361 6360
f 6343 6362 6361
f 6344 6363 6362
f 6345 6364 6363
f 6346 6365 6364
f 6347 6366 6365
f 6348 6367 6366
f 6349 6368 6367
f 6350 6369 6368
f 6351 527 6369
f 837 6352 836
f 6352 6353 6370
f 6353 6354 6371
f 6354 6355 6372
f 6355 6356 6373
f 6356 6357 6374
f 6357 6358 6375
f 6358 6359 6376
f 6359 6360 6377
f 6360 6361 6378
f 6361 6362 6379
f 6362 6363 6380
f 6363 6364 6381
f 6364 6365 6382
f 6365 6366 6383
f 6366 6367 6384
f 6367 6368 6385
f 6368 6369 6386
f 6369 527 526
f 6352 6370 836
f 6353 6371 6370
f 6354 6372 6371
f 6355 6373 6372
f 6356 6374 6373
f 6357 6375 6374
f 6358 6376 6375
f 6359 6377 6376
f 6360 6378 6377
f 6361 6379 6378
f 6362 6380 6379
f 6363 6381 6380
f 6364 6382 6381
f 6365 6383 6382
f 6366 6384 6383
f 6367 6385 6384
f 6368 6386 6385
f 6369 526 6386
f 836 6370 835
f 6370 6371 6387
f 6371 6372 6388
f 6372 6373 6389
f 6373 6374 6390
f 6374 6375 6391
f 6375 6376 6392
f 6376 6377 6393
f 6377 6378 6394
f 6378 6379 6395
f 6379 6380 6396
f 6380 6381 6397
f 6381 6382 6398
f 6382 6383 6399
f 6383 6384 6400
f 6384 6385 6401
f 6385 6386 6402
f 6386 526 525
f 6370 6387 835
f 6371 6388 6387
f 6372 6389 6388
f 6373 6390 6389
f 6374 6391 6390
f 6375 6392 6391
f 6376 6393 6392
f 6377 6394 6393
f 6378 6395 6394
f 6379 6396 6395
f 6380 6397 6396
f 6381 6398 6397
f 6382 6399 6398
f 6383 6400 6399
f 6384 6401 6400
f 6385 6402 6401
f 6386 525 6402
f 835 6387 834
f 6387 6388 6403
f 6388 6389 6404
f 6389 6390 6405
f 6390 6391 6406
f 6391 6392 6407
f 6392 6393 6408
f 6393 6394 6409
f 6394 6395 6410
f 6395 6396 6411
f 6396 6397 6412
f 6397 6398 6413
f 6398 6399 6414
f 6399 6400 6415
f 6400 6401 6416
f 6401 6402 6417
f 6402 525 524
f 6387 6403 834
f 6388 6404 6403
f 6389 6405 6404
f 6390 6406 6405
f 6391 6407 6406
f 6392 6408 6407
f 6393 6409 6408
f 6394 6410 6409
f 6395 6411 6410
f 6396 6412 6411
f 6397 6413 6412
f 6398 6414 6413
f 6399 6415 6414
f 6400 6416 6415
f 6401 6417 6416
f 6402 524 6417
f 834 6403 833
f 6403 6404 6418
f 6404 6405 6419
f 6405 6406 6420
f 6406 6407 6421
f 6407 6408 6422
f 6408 6409 6423
f 6409 6410 6424
f 6410 6411 6425
f 6411 6412 6426
f 6412 6413 6427
f 6413 6414 6428
f 6414 6415 6429
f 6415 6416 6430
f 6416 6417 6431
f 6417 524 523
f 6403 6418 833
f 6404 6419 6418
f 6405 6420 6419
f 6406 6421 6420
f 6407 6422 6421
f 6408 6423 6422
f 6409 6424 6423
f 6410 6425 6424
f 6411 6426 6425
f 6412 6427 6426
f 6413 6428 6427
f 6414 6429 6428
f 6415 6430 6429
f 6416 6431 6430
f 6417 523 6431
f 833 6418 832
f 6418 6419 6432
f 6419 6420 6433
f 6420 6421 6434
f 6421 6422 6435
f 6422 6423 6436
f 6423 6424 6437
f 6424 6425 6438
f 6425 6426 6439
f 6426 6427 6440
f 6427 6428 6441
f 6428 6429 6442
f 6429 6430 6443
f 6430 6431 6444
f 6431 523 522
f 6418 6432 832
f 6419 6433 6432
f 6420 6434 6433
f 6421 6435 6434
f 6422 6436 6435
f 6423 6437 6436
f 6424 6438 6437
f 6425 6439 6438
f 6426 6440 6439
f 6427 6441 6440
f 6428 6442 6441
f 6429 6443 6442
f 6430 6444 6443
f 6431 522 6444
f 832 6432 831
f 6432 6433 6445
f 6433 6434 6446
f 6434 6435 6447
f 6435 6436 6448
f 6436 6437 6449
f 6437 6438 6450
f 6438 6439 6451
f 6439 6440 6452
f 6440 6441 6453
f 6441 6442 6454
f 6442 6443 6455
f 6443 6444 6456
f 6444 522 521
f 6432 6445 831
f 6433 6446 6445
f 6434 6447 6446
f 6435 6448 6447
f 6436 6449 6448
f 6437 6450 6449
f 6438 6451 6450
f 6439 6452 6451
f 6440 6453 6452
f 6441 6454 6453
f 6442 6455 6454
f 6443 6456 6455
f 6444 521 6456
f 831 6445 830
f 6445 6446 6457
f 6446 6447 6458
f 6447 6448 6459
f 6448 6449 6460
f 6449 6450 6461
f 6450 6451 6462
f 6451 6452 6463
f 6452 6453 6464
f 6453 6454 6465
f 6454 6455 6466
f 6455 6456 6467
f 6456 521 520
f 6445 6457 830
f 6446 6458 6457
f 6447 6459 6458
f 6448 6460 6459
f 6449 6461 6460
f 6450 6462 6461
f 6451 6463 6462
f 6452 6464 6463
f 6453 6465 6464
f 6454 6466 6465
f 6455 6467 6466
f 6456 520 6467
f 830 6457 829
f 6457 6458 6468
f 6458 6459 6469
f 6459 6460 6470
f 6460 6461 6471
f 6461 6462 6472
f 6462 6463 6473
f 6463 6464 6474
f 6464 6465 6475
f 6465 6466 6476
f 6466 6467 6477
f 6467 520 519
f 6457 6468 829
f 6458 6469 6468
f 6459 6470 6469
f 6460 6471 6470
f 6461 6472 6471
f 6462 6473 6472
f 6463 6474 6473
f 6464 6475 6474
f 6465 6476 6475
f 6466 6477 6476
f 6467 519 6477
f 829 6468 828
f 6468 6469 6478
f 6469 6470 6479
f 6470 6471 6480
f 6471 6472 6481
f 6472 6473 6482
f 6473 6474 6483
f 6474 6475 6484
f 6475 6476 6485
f 6476 6477 6486
f 6477 519 518
f 6468 6478 828
f 6469 6479 6478
f 6470 6480 6479
f 6471 6481 6480
f 6472 6482 6481
f 6473 6483 6482
f 6474 6484 6483
f 6475 6485 6484
f 6476 6486 6485
f 6477 518 6486
f 828 6478 827
f 6478 6479 6487
f 6479 6480 6488
f 6480 6481 6489
f 6481 6482 6490
f 6482 6483 6491
f 6483 6484 6492
f 6484 6485 6493
f 6485 6486 6494
f 6486 518 517
f 6478 6487 827
f 6479 6488 6487
f 6480 6489 6488
f 6481 6490 6489
f 6482 6491 6490
f 6483 6492 6491
f 6484 6493 6492
f 6485 6494 6493
f 6486 517 6494
f 827 6487 826
f 6487 6488 6495
f 6488 6489 6496
f 6489 6490 6497
f 6490 6491 6498
f 6491 6492 6499
f 6492 6493 6500
f 6493 6494 6501
f 6494 517 516
f 6487 6495 826
f 6488 6496 6495
f 6489 6497 6496
f 6490 6498 6497
f 6491 6499 6498
f 6492 6500 6499
f 6493 6501 6500
f 6494 516 6501
f 826 6495 825
f 6495 6496 6502
f 6496 6497 6503
f 6497 6498 6504
f 6498 6499 6505
f 6499 6500 6506
f 6500 6501 6507
f 6501 516 515
f 6495 6502 825
f 6496 6503 6502
f 6497 6504 6503
f 6498 6505 6504
f 6499 6506 6505
f 6500 6507 6506
f 6501 515 6507
f 825 6502 824
f 6502 6503 6508
f 6503 6504 6509
f 6504 6505 6510
f 6505 6506 6511
f 6506 6507 6512
f 6507 515 514
f 6502 6508 824
f 6503 6509 6508
f 6504 6510 6509
f 6505 6511 6510
f 6506 6512 6511
f 6507 514 6512
f 824 6508 823
f 6508 6509 6513
f 6509 6510 6514
f 6510 6511 6515
f 6511 6512 6516
f 6512 514 513
f 6508 6513 823
f 6509 6514 6513
f 6510 6515 6514
f 6511 6516 6515
f 6512 513 6516
f 823 6513 822
f 6513 6514 6517
f 6514 6515 6518
f 6515 6516 6519
f 6516 513 512
f 6513 6517 822
f 6514 6518 6517
f 6515 6519 6518
f 6516 512 6519
f 822 6517 821
f 6517 6518 6520
f 6518 6519 6521
f 6519 512 511
f 6517 6520 821
f 6518 6521 6520
f 6519 511 6521
f 821 6520 820
f 6520 6521 6522
f 6521 511 510
f 6520 6522 820
f 6521 510 6522
f 820 6522 819
f 6522 510 509
f 6522 509 819
f 819 509 3
f 4 849 354
f 849 848 6523
f 848 847 6524
f 847 846 6525
f 846 845 6526
f 845 844 6527
f 844 843 6528
f 843 842 6529
f 842 841 6530
f 841 840 6531
f 840 839 6532
f 839 838 6533
f 838 837 6534
f 837 836 6535
f 836 835 6536
f 835 834 6537
f 834 833 6538
f 833 832 6539
f 832 831 6540
f 831 830 6541
f 830 829 6542
f 829 828 6543
f 828 827 6544
f 827 826 6545
f 826 825 6546
f 825 824 6547
f 824 823 6548
f 823 822 6549
f 822 821 6550
f 821 820 6551
f 820 819 6552
f 819 3 881
f 849 6523 354
f 848 6524 6523
f 847 6525 6524
f 846 6526 6525
f 845 6527 6526
f 844 6528 6527
f 843 6529 6528
f 842 6530 6529
f 841 6531 6530
f 840 6532 6531
f 839 6533 6532
f 838 6534 6533
f 837 6535 6534
f 836 6536 6535
f 835 6537 6536
f 834 6538 6537
f 833 6539 6538
f 832 6540 6539
f 831 6541 6540
f 830 6542 6541
f 829 6543 6542
f 828 6544 6543
f 827 6545 6544
f 826 6546 6545
f 825 6547 6546
f 824 6548 6547
f 823 6549 6548
f 822 6550 6549
f 821 6551 6550
f 820 6552 6551
f 819 881 6552
f 354 6523 355
f 6523 6524 6553
f 6524 6525 6554
f 6525 6526 6555
f 6526 6527 6556
f 6527 6528 6557
f 6528 6529 6558
f 6529 6530 6559
f 6530 6531 6560
f 6531 6532 6561
f 6532 6533 6562
f 6533 6534 6563
f 6534 6535 6564
f 6535 6536 6565
f 6536 6537 6566
f 6537 6538 6567
f 6538 6539 6568
f 6539 6540 6569
f 6540 6541 6570
f 6541 6542 6571
f 6542 6543 6572
f 6543 6544 6573
f 6544 6545 6574
f 6545 6546 6575
f 6546 6547 6576
f 6547 6548 6577
f 6548 6549 6578
f 6549 6550 6579
f 6550 6551 6580
f 6551 6552 6581
f 6552 881 882
f 6523 6553 355
f 6524 6554 6553
f 6525 6555 6554
f 6526 6556 6555
f 6527 6557 6556
f 6528 6558 6557
f 6529 6559 6558
f 6530 6560 6559
f 6531 6561 6560
f 6532 6562 6561
f 6533 6563 6562
f 6534 6564 6563
f 6535 6565 6564
f 6536 6566 6565
f 6537 6567 6566
f 6538 6568 6567
f 6539 6569 6568
f 6540 6570 6569
f 6541 6571 6570
f 6542 6572 6571
f 6543 6573 6572
f 6544 6574 6573
f 6545 6575 6574
f 6546 6576 6575
f 6547 6577 6576
f 6548 6578 6577
f 6549 6579 6578
f 6550 6580 6579
f 6551 6581 6580
f 6552 882 6581
f 355 6553 356
f 6553 6554 6582
f 6554 6555 6583
f 6555 6556 6584
f 6556 6557 6585
f 6557 6558 6586
f 6558 6559 6587
f 6559 6560 6588
f 6560 6561 6589
f 6561 6562 6590
f 6562 6563 6591
f 6563 6564 6592
f 6564 6565 6593
f 6565 6566 6594
f 6566 6567 6595
f 6567 6568 6596
f 6568 6569 6597
f 6569 6570 6598
f 6570 6571 6599
f 6571 6572 6600
f 6572 6573 6601
f 6573 6574 6602
f 6574 6575 6603
f 6575 6576 6604
f 6576 6577 6605
f 6577 6578 6606
f 6578 6579 6607
f 6579 6580 6608
f 6580 6581 6609
f 6581 882 883
f 6553 6582 356
f 6554 6583 6582
f 6555 6584 6583
f 6556 6585 6584
f 6557 6586 6585
f 6558 6587 6586
f 6559 6588 6587
f 6560 6589 6588
f 6561 6590 6589
f 6562 6591 6590
f 6563 6592 6591
f 6564 6593 6592
f 6565 6594 6593
f 6566 6595 6594
f 6567 6596 6595
f 6568 6597 6596
f 6569 6598 6597
f 6570 6599 6598
f 6571 6600 6599
f 6572 6601 6600
f 6573 6602 6601
f 6574 6603 6602
f 6575 6604 6603
f 6576 6605 6604
f 6577 6606 6605
f 6578 6607 6606
f 6579 6608 6607
f 6580 6609 6608
f 6581 883 6609
f 356 6582 357
f 6582 6583 6610
f 6583 6584 6611
f 6584 6585 6612
f 6585 6586 6613
f 6586 6587 6614
f 6587 6588 6615
f 6588 6589 6616
f 6589 6590 6617
f 6590 6591 6618
f 6591 6592 6619
f 6592 6593 6620
f 6593 6594 6621
f 6594 6595 6622
f 6595 6596 6623
f 6596 6597 6624
f 6597 6598 6625
f 6598 6599 6626
f 6599 6600 6627
f 6600 6601 6628
f 6601 6602 6629
f 6602 6603 6630
f 6603 6604 6631
f 6604 6605 6632
f 6605 6606 6633
f 6606 6607 6634
f 6607 6608 6635
f 6608 6609 6636
f 6609 883 884
f 6582 6610 357
f 6583 6611 6610
f 6584 6612 6611
f 6585 6613 6612
f 6586 6614 6613
f 6587 6615 6614
f 6588 6616 6615
f 6589 6617 6616
f 6590 6618 6617
f 6591 6619 6618
f 6592 6620 6619
f 6593 6621 6620
f 6594 6622 6621
f 6595 6623 6622
f 6596 6624 6623
f 6597 6625 6624
f 6598 6626 6625
f 6599 6627 6626
f 6600 6628 6627
f 6601 6629 6628
f 6602 6630 6629
f 6603 6631 6630
f 6604 6632 6631
f 6605 6633 6632
f 6606 6634 6633
f 6607 6635 6634
f 6608 6636 6635
f 6609 884 6636
f 357 6610 358
f 6610 6611 6637
f 6611 6612 6638
f 6612 6613 6639
f 6613 6614 6640
f 6614 6615 6641
f 6615 6616 6642
f 6616 6617 6643
f 6617 6618 6644
f 6618 6619 6645
f 6619 6620 6646
f 6620 6621 6647
f 6621 6622 6648
f 6622 6623 6649
f 6623 6624 6650
f 6624 6625 6651
f 6625 6626 6652
f 6626 6627 6653
f 6627 6628 6654
f 6628 6629 6655
f 6629 6630 6656
f 6630 6631 6657
f 6631 6632 6658
f 6632 6633 6659
f 6633 6634 6660
f 6634 6635 6661
f 6635 6636 6662
f 6636 884 885
f 6610 6637 358
f 6611 6638 6637
f 6612 6639 6638
f 6613 6640 6639
f 6614 6641 6640
f 6615 6642 6641
f 6616 6643 6642
f 6617 6644 6643
f 6618 6645 6644
f 6619 6646 6645
f 6620 6647 6646
f 6621 6648 6647
f 6622 6649 6648
f 6623 6650 6649
f 6624 6651 6650
f 6625 6652 6651
f 6626 6653 6652
f 6627 6654 6653
f 6628 6655 6654
f 6629 6656 6655
f 6630 6657 6656
f 6631 6658 6657
f 6632 6659 6658
f 6633 6660 6659
f 6634 6661 6660
f 6635 6662 6661
f 6636 885 6662
f 358 6637 359
f 6637 6638 6663
f 6638 6639 6664
f 6639 6640 6665
f 6640 6641 6666
f 6641 6642 6667
f 6642 6643 6668
f 6643 6644 6669
f 6644 6645 6670
f 6645 6646 6671
f 6646 6647 6672
f 6647 6648 6673
f 6648 6649 6674
f 6649 6650 6675
f 6650 6651 6676
f 6651 6652 6677
f 6652 6653 6678
f 6653 6654 6679
f 6654 6655 6680
f 6655 6656 6681
f 6656 6657 6682
f 6657 6658 6683
f 6658 6659 6684
f 6659 6660 6685
f 6660 6661 6686
f 6661 6662 6687
f 6662 885 886
f 6637 6663 359
f 6638 6664 6663
f 6639 6665 6664
f 6640 6666 6665
f 6641 6667 6666
f 6642 6668 6667
f 6643 6669 6668
f 6644 6670 6669
f 6645 6671 6670
f 6646 6672 6671
f 6647 6673 6672
f 6648 6674 6673
f 6649 6675 6674
f 6650 6676 6675
f 6651 6677 6676
f 6652 6678 6677
f 6653 6679 6678
f 6654 6680 6679
f 6655 6681 6680
f 6656 6682 6681
f 6657 6683 6682
f 6658 6684 6683
f 6659 6685 6684
f 6660 6686 6685
f 6661 6687 6686
f 6662 886 6687
f 359 6663 360
f 6663 6664 6688
f 6664 6665 6689
f 6665 6666 6690
f 6666 6667 6691
f 6667 6668 6692
f 6668 6669 6693
f 6669 6670 6694
f 6670 6671 6695
f 6671 6672 6696
f 6672 6673 6697
f 6673 6674 6698
f 6674 6675 6699
f 6675 6676 6700
f 6676 6677 6701
f 6677 6678 6702
f 6678 6679 6703
f 6679 6680 6704
f 6680 6681 6705
f 6681 6682 6706
f 6682 6683 6707
f 6683 6684 6708
f 6684 6685 6709
f 6685 6686 6710
f 6686 6687 6711
f 6687 886 887
f 6663 6688 360
f 6664 6689 6688
f 6665 6690 6689
f 6666 6691 6690
f 6667 6692 6691
f 6668 6693 6692
f 6669 6694 6693
f 6670 6695 6694
f 6671 6696 6695
f 6672 6697 6696
f 6673 6698 6697
f 6674 6699 6698
f 6675 6700 6699
f 6676 6701 6700
f 6677 6702 6701
f 6678 6703 6702
f 6679 6704 6703
f 6680 6705 6704
f 6681 6706 6705
f 6682 6707 6706
f 6683 6708 6707
f 6684 6709 6708
f 6685 6710 6709
f 6686 6711 6710
f 6687 887 6711
f 360 6688 361
f 6688 6689 6712
f 6689 6690 6713
f 6690 6691 6714
f 6691 6692 6715
f 6692 6693 6716
f 6693 6694 6717
f 6694 6695 6718
f 6695 6696 6719
f 6696 6697 6720
f 6697 6698 6721
f 6698 6699 6722
f 6699 6700 6723
f 6700 6701 6724
f 6701 6702 6725
f 6702 6703 6726
f 6703 6704 6727
f 6704 6705 6728
f 6705 6706 6729
f 6706 6707 6730
f 6707 6708 6731
f 6708 6709 6732
f 6709 6710 6733
f 6710 6711 6734
f 6711 887 888
f 6688 6712 361
f 6689 6713 6712
f 6690 6714 6713
f 6691 6715 6714
f 6692 6716 6715
f 6693 6717 6716
f 6694 6718 6717
f 6695 6719 6718
f 6696 6720 6719
f 6697 6721 6720
f 6698 6722 6721
f 6699 6723 6722
f 6700 6724 6723
f 6701 6725 6724
f 6702 6726 6725
f 6703 6727 6726
f 6704 6728 6727
f 6705 6729 6728
f 6706 6730 6729
f 6707 6731 6730
f 6708 6732 6731
f 6709 6733 6732
f 6710 6734 6733
f 6711 888 6734
f 361 6712 362
f 6712 6713 6735
f 6713 6714 6736
f 6714 6715 6737
f 6715 6716 6738
f 6716 6717 6739
f 6717 6718 6740
f 6718 6719 6741
f 6719 6720 6742
f 6720 6721 6743
f 6721 6722 6744
f 6722 6723 6745
f 6723 6724 6746
f 6724 6725 6747
f 6725 6726 6748
f 6726 6727 6749
f 6727 6728 6750
f 6728 6729 6751
f 6729 6730 6752
f 6730 6731 6753
f 6731 6732 6754
f 6732 6733 6755
f 6733 6734 6756
f 6734 888 889
f 6712 6735 362
f 6713 6736 6735
f 6714 6737 6736
f 6715 6738 6737
f 6716 6739 6738
f 6717 6740 6739
f 6718 6741 6740
f 6719 6742 6741
f 6720 6743 6742
f 6721 6744 6743
f 6722 6745 6744
f 6723 6746 6745
f 6724 6747 6746
f 6725 6748 6747
f 6726 6749 6748
f 6727 6750 6749
f 6728 6751 6750
f 6729 6752 6751
f 6730 6753 6752
f 6731 6754 6753
f 6732 6755 6754
f 6733 6756 6755
f 6734 889 6756
f 362 6735 363
f 6735 6736 6757
f 6736 6737 6758
f 6737 6738 6759
f 6738 6739 6760
f 6739 6740 6761
f 6740 6741 6762
f 6741 6742 6763
f 6742 6743 6764
f 6743 6744 6765
f 6744 6745 6766
f 6745 6746 6767
f 6746 6747 6768
f 6747 6748 6769
f 6748 6749 6770
f 6749 6750 6771
f 6750 6751 6772
f 6751 6752 6773
f 6752 6753 6774
f 6753 6754 6775
f 6754 6755 6776
f 6755 6756 6777
f 6756 889 890
f 6735 6757 363
f 6736 6758 6757
f 6737 6759 6758
f 6738 6760 6759
f 6739 6761 6760
f 6740 6762 6761
f 6741 6763 6762
f 6742 6764 6763
f 6743 6765 6764
f 6744 6766 6765
f 6745 6767 6766
f 6746 6768 6767
f 6747 6769 6768
f 6748 6770 6769
f 6749 6771 6770
f 6750 6772 6771
f 6751 6773 6772
f 6752 6774 6773
f 6753 6775 6774
f 6754 6776 6775
f 6755 6777 6776
f 6756 890 6777
f 363 6757 364
f 6757 6758 6778
f 6758 6759 6779
f 6759 6760 6780
f 6760 6761 6781
f 6761 6762 6782
f 6762 6763 6783
f 6763 6764 6784
f 6764 6765 6785
f 6765 6766 6786
f 6766 6767 6787
f 6767 6768 6788
f 6768 6769 6789
f 6769 6770 6790
f 6770 6771 6791
f 6771 6772 6792
f 6772 6773 6793
f 6773 6774 6794
f 6774 6775 6795
f 6775 6776 6796
f 6776 6777 6797
f 6777 890 891
f 6757 6778 364
f 6758 6779 6778
f 6759 6780 6779
f 6760 6781 6780
f 6761 6782 6781
f 6762 6783 6782
f 6763 6784 6783
f 6764 6785 6784
f 6765 6786 6785
f 6766 6787 6786
f 6767 6788 6787
f 6768 6789 6788
f 6769 6790 6789
f 6770 6791 6790
f 6771 6792 6791
f 6772 6793 6792
f 6773 6794 6793
f 6774 6795 6794
f 6775 6796 6795
f 6776 6797 6796
f 6777 891 6797
f 364 6778 365
f 6778 6779 6798
f 6779 6780 6799
f 6780 6781 6800
f 6781 6782 6801
f 6782 6783 6802
f 6783 6784 6803
f 6784 6785 6804
f 6785 6786 6805
f 6786 6787 6806
f 6787 6788 6807
f 6788 6789 6808
f 6789 6790 6809
f 6790 6791 6810
f 6791 6792 6811
f 6792 6793 6812
f 6793 6794 6813
f 6794 6795 6814
f 6795 6796 6815
f 6796 6797 6816
f 6797 891 892
f 6778 6798 365
f 6779 6799 6798
f 6780 6800 6799
f 6781 6801 6800
f 6782 6802 6801
f 6783 6803 6802
f 6784 6804 6803
f 6785 6805 6804
f 6786 6806 6805
f 6787 6807 6806
f 6788 6808 6807
f 6789 6809 6808
f 6790 6810 6809
f 6791 6811 6810
f 6792 6812 6811
f 6793 6813 6812
f 6794 6814 6813
f 6795 6815 6814
f 6796 6816 6815
f 6797 892 6816
f 365 6798 366
f 6798 6799 6817
f 6799 6800 6818
f 6800 6801 6819
f 6801 6802 6820
f 6802 6803 6821
f 6803 6804 6822
f 6804 6805 6823
f 6805 6806 6824
f 6806 6807 6825
f 6807 6808 6826
f 6808 6809 6827
f 6809 6810 6828
f 6810 6811 6829
f 6811 6812 6830
f 6812 6813 6831
f 6813 6814 6832
f 6814 6815 6833
f 6815 6816 6834
f 6816 892 893
f 6798 6817 366
f 6799 6818 6817
f 6800 6819 6818
f 6801 6820 6819
f 6802 6821 6820
f 6803 6822 6821
f 6804 6823 6822
f 6805 6824 6823
f 6806 6825 6824
f 6807 6826 6825
f 6808 6827 6826
f 6809 6828 6827
f 6810 6829 6828
f 6811 6830 6829
f 6812 6831 6830
f 6813 6832 6831
f 6814 6833 6832
f 6815 6834 6833
f 6816 893 6834
f 366 6817 367
f 6817 6818 6835
f 6818 6819 6836
f 6819 6820 6837
f 6820 6821 6838
f 6821 6822 6839
f 6822 6823 6840
f 6823 6824 6841
f 6824 6825 6842
f 6825 6826 6843
f 6826 6827 6844
f 6827 6828 6845
f 6828 6829 6846
f 6829 6830 6847
f 6830 6831 6848
f 6831 6832 6849
f 6832 6833 6850
f 6833 6834 6851
f 6834 893 894
f 6817 6835 367
f 6818 6836 6835
f 6819 6837 6836
f 6820 6838 6837
f 6821 6839 6838
f 6822 6840 6839
f 6823 6841 6840
f 6824 6842 6841
f 6825 6843 6842
f 6826 6844 6843
f 6827 6845 6844
f 6828 6846 6845
f 6829 6847 6846
f 6830 6848 6847
f 6831 6849 6848
f 6832 6850 6849
f 6833 6851 6850
f 6834 894 6851
f 367 6835 368
f 6835 6836 6852
f 6836 6837 6853
f 6837 6838 6854
f 6838 6839 6855
f 6839 6840 6856
f 6840 6841 6857
f 6841 6842 6858
f 6842 6843 6859
f 6843 6844 6860
f 6844 6845 6861
f 6845 6846 6862
f 6846 6847 6863
f 6847 6848 6864
f 6848 6849 6865
f 6849 6850 6866
f 6850 6851 6867
f 6851 894 895
f 6835 6852 368
f 6836 6853 6852
f 6837 6854 6853
f 6838 6855 6854
f 6839 6856 6855
f 6840 6857 6856
f 6841 6858 6857
f 6842 6859 6858
f 6843 6860 6859
f 6844 6861 6860
f 6845 6862 6861
f 6846 6863 6862
f 6847 6864 6863
f 6848 6865 6864
f 6849 6866 6865
f 6850 6867 6866
f 6851 895 6867
f 368 6852 369
f 6852 6853 6868
f 6853 6854 6869
f 6854 6855 6870
f 6855 6856 6871
f 6856 6857 6872
f 6857 6858 6873
f 6858 6859 6874
f 6859 6860 6875
f 6860 6861 6876
f 6861 6862 6877
f 6862 6863 6878
f 6863 6864 6879
f 6864 6865 6880
f 6865 6866 6881
f 6866 6867 6882
f 6867 895 896
f 6852 6868 369
f 6853 6869 6868
f 6854 6870 6869
f 6855 6871 6870
f 6856 6872 6871
f 6857 6873 6872
f 6858 6874 6873
f 6859 6875 6874
f 6860 6876 6875
f 6861 6877 6876
f 6862 6878 6877
f 6863 6879 6878
f 6864 6880 6879
f 6865 6881 6880
f 6866 6882 6881
f 6867 896 6882
f 369 6868 370
f 6868 6869 6883
f 6869 6870 6884
f 6870 6871 6885
f 6871 6872 6886
f 6872 6873 6887
f 6873 6874 6888
f 6874 6875 6889
f 6875 6876 6890
f 6876 6877 6891
f 6877 6878 6892
f 6878 6879 6893
f 6879 6880 6894
f 6880 6881 6895
f 6881 6882 6896
f 6882 896 897
f 6868 6883 370
f 6869 6884 6883
f 6870 6885 6884
f 6871 6886 6885
f 6872 6887 6886
f 6873 6888 6887
f 6874 6889 6888
f 6875 6890 6889
f 6876 6891 6890
f 6877 6892 6891
f 6878 6893 6892
f 6879 6894 6893
f 6880 6895 6894
f 6881 6896 6895
f 6882 897 6896
f 370 6883 371
f 6883 6884 6897
f 6884 6885 6898
f 6885 6886 6899
f 6886 6887 6900
f 6887 6888 6901
f 6888 6889 6902
f 6889 6890 6903
f 6890 6891 6904
f 6891 6892 6905
f 6892 6893 6906
f 6893 6894 6907
f 6894 6895 6908
f 6895 6896 6909
f 6896 897 898
f 6883 6897 371
f 6884 6898 6897
f 6885 6899 6898
f 6886 6900 6899
f 6887 6901 6900
f 6888 6902 6901
f 6889 6903 6902
f 6890 6904 6903
f 6891 6905 6904
f 6892 6906 6905
f 6893 6907 6906
f 6894 6908 6907
f 6895 6909 6908
f 6896 898 6909
f 371 6897 372
f 6897 6898 6910
f 6898 6899 6911
f 6899 6900 6912
f 6900 6901 6913
f 6901 6902 6914
f 6902 6903 6915
f 6903 6904 6916
f 6904 6905 6917
f 6905 6906 6918
f 6906 6907 6919
f 6907 6908 6920
f 6908 6909 6921
f 6909 898 899
f 6897 6910 372
f 6898 6911 6910
f 6899 6912 6911
f 6900 6913 6912
f 6901 6914 6913
f 6902 6915 6914
f 6903 6916 6915
f 6904 6917 6916
f 6905 6918 6917
f 6906 6919 6918
f 6907 6920 6919
f 6908 6921 6920
f 6909 899 6921
f 372 6910 373
f 6910 6911 6922
f 6911 6912 6923
f 6912 6913 6924
f 6913 6914 6925
f 6914 6915 6926
f 6915 6916 6927
f 6916 6917 6928
f 6917 6918 6929
f 6918 6919 6930
f 6919 6920 6931
f 6920 6921 6932
f 6921 899 900
f 6910 6922 373
f 6911 6923 6922
f 6912 6924 6923
f 6913 6925 6924
f 6914 6926 6925
f 6915 6927 6926
f 6916 6928 6927
f 6917 6929 6928
f 6918 6930 6929
f 6919 6931 6930
f 6920 6932 6931
f 6921 900 6932
f 373 6922 374
f 6922 6923 6933
f 6923 6924 6934
f 6924 6925 6935
f 6925 6926 6936
f 6926 6927 6937
f 6927 6928 6938
f 6928 6929 6939
f 6929 6930 6940
f 6930 6931 6941
f 6931 6932 6942
f 6932 900 901
f 6922 6933 374
f 6923 6934 6933
f 6924 6935 6934
f 6925 6936 6935
f 6926 6937 6936
f 6927 6938 6937
f 6928 6939 6938
f 6929 6940 6939
f 6930 6941 6940
f 6931 6942 6941
f 6932 901 6942
f 374 6933 375
f 6933 6934 6943
f 6934 6935 6944
f 6935 6936 6945
f 6936 6937 6946
f 6937 6938 6947
f 6938 6939 6948
f 6939 6940 6949
f 6940 6941 6950
f 6941 6942 6951
f 6942 901 902
f 6933 6943 375
f 6934 6944 6943
f 6935 6945 6944
f 6936 6946 6945
f 6937 6947 6946
f 6938 6948 6947
f 6939 6949 6948
f 6940 6950 6949
f 6941 6951 6950
f 6942 902 6951
f 375 6943 376
f 6943 6944 6952
f 6944 6945 6953
f 6945 6946 6954
f 6946 6947 6955
f 6947 6948 6956
f 6948 6949 6957
f 6949 6950 6958
f 6950 6951 6959
f 6951 902 903
f 6943 6952 376
f 6944 6953 6952
f 6945 6954 6953
f 6946 6955 6954
f 6947 6956 6955
f 6948 6957 6956
f 6949 6958 6957
f 6950 6959 6958
f 6951 903 6959
f 376 6952 377
f 6952 6953 6960
f 6953 6954 6961
f 6954 6955 6962
f 6955 6956 6963
f 6956 6957 6964
f 6957 6958 6965
f 6958 6959 6966
f 6959 903 904
f 6952 6960 377
f 6953 6961 6960
f 6954 6962 6961
f 6955 6963 6962
f 6956 6964 6963
f 6957 6965 6964
f 6958 6966 6965
f 6959 904 6966
f 377 6960 378
f 6960 6961 6967
f 6961 6962 6968
f 6962 6963 6969
f 6963 6964 6970
f 6964 6965 6971
f 6965 6966 6972
f 6966 904 905
f 6960 6967 378
f 6961 6968 6967
f 6962 6969 6968
f 6963 6970 6969
f 6964 6971 6970
f 6965 6972 6971
f 6966 905 6972
f 378 6967 379
f 6967 6968 6973
f 6968 6969 6974
f 6969 6970 6975
f 6970 6971 6976
f 6971 6972 6977
f 6972 905 906
f 6967 6973 379
f 6968 6974 6973
f 6969 6975 6974
f 6970 6976 6975
f 6971 6977 6976
f 6972 906 6977
f 379 6973 380
f 6973 6974 6978
f 6974 6975 6979
f 6975 6976 6980
f 6976 6977 6981
f 6977 906 907
f 6973 6978 380
f 6974 6979 6978
f 6975 6980 6979
f 6976 6981 6980
f 6977 907 6981
f 380 6978 381
f 6978 6979 6982
f 6979 6980 6983
f 6980 6981 6984
f 6981 907 908
f 6978 6982 381
f 6979 6983 6982
f 6980 6984 6983
f 6981 908 6984
f 381 6982 382
f 6982 6983 6985
f 6983 6984 6986
f 6984 908 909
f 6982 6985 382
f 6983 6986 6985
f 6984 909 6986
f 382 6985 383
f 6985 6986 6987
f 6986 909 910
f 6985 6987 383
f 6986 910 6987
f 383 6987 384
f 6987 910 911
f 6987 911 384
f 384 911 7
f 4 354 757
f 354 355 6988
f 355 356 6989
f 356 357 6990
f 357 358 6991
f 358 359 6992
f 359 360 6993
f 360 361 6994
f 361 362 6995
f 362 363 6996
f 363 364 6997
f 364 365 6998
f 365 366 6999
f 366 367 7000
f 367 368 7001
f 368 369 7002
f 369 370 7003
f 370 371 7004
f 371 372 7005
f 372 373 7006
f 373 374 7007
f 374 375 7008
f 375 376 7009
f 376 377 7010
f 377 378 7011
f 378 379 7012
f 379 380 7013
f 380 381 7014
f 381 382 7015
f 382 383 7016
f 383 384 7017
f 384 7 261
f 354 6988 757
f 355 6989 6988
f 356 6990 6989
f 357 6991 6990
f 358 6992 6991
f 359 6993 6992
f 360 6994 6993
f 361 6995 6994
f 362 6996 6995
f 363 6997 6996
f 364 6998 6997
f 365 6999 6998
f 366 7000 6999
f 367 7001 7000
f 368 7002 7001
f 369 7003 7002
f 370 7004 7003
f 371 7005 7004
f 372 7006 7005
f 373 7007 7006
f 374 7008 7007
f 375 7009 7008
f 376 7010 7009
f 377 7011 7010
f 378 7012 7011
f 379 7013 7012
f 380 7014 7013
f 381 7015 7014
f 382 7016 7015
f 383 7017 7016
f 384 261 7017
f 757 6988 758
f 6988 6989 7018
f 6989 6990 7019
f 6990 6991 7020
f 6991 6992 7021
f 6992 6993 7022
f 6993 6994 7023
f 6994 6995 7024
f 6995 6996 7025
f 6996 6997 7026
f 6997 6998 7027
f 6998 6999 7028
f 6999 7000 7029
f 7000 7001 7030
f 7001 7002 7031
f 7002 7003 7032
f 7003 7004 7033
f 7004 7005 7034
f 7005 7006 7035
f 7006 7007 7036
f 7007 7008 7037
f 7008 7009 7038
f 7009 7010 7039
f 7010 7011 7040
f 7011 7012 7041
f 7012 7013 7042
f 7013 7014 7043
f 7014 7015 7044
f 7015 7016 7045
f 7016 7017 7046
f 7017 261 262
f 6988 7018 758
f 6989 7019 7018
f 6990 7020 7019
f 6991 7021 7020
f 6992 7022 7021
f 6993 7023 7022
f 6994 7024 7023
f 6995 7025 7024
f 6996 7026 7025
f 6997 7027 7026
f 6998 7028 7027
f 6999 7029 7028
f 7000 7030 7029
f 7001 7031 7030
f 7002 7032 7031
f 7003 7033 7032
f 7004 7034 7033
f 7005 7035 7034
f 7006 7036 7035
f 7007 7037 7036
f 7008 7038 7037
f 7009 7039 7038
f 7010 7040 7039
f 7011 7041 7040
f 7012 7042 7041
f 7013 7043 7042
f 7014 7044 7043
f 7015 7045 7044
f 7016 7046 7045
f 7017 262 7046
f 758 7018 759
f 7018 7019 7047
f 7019 7020 7048
f 7020 7021 7049
f 7021 7022 7050
f 7022 7023 7051
f 7023 7024 7052
f 7024 7025 7053
f 7025 7026 7054
f 7026 7027 7055
f 7027 7028 7056
f 7028 7029 7057
f 7029 7030 7058
f 7030 7031 7059
f 7031 7032 7060
f 7032 7033 7061
f 7033 7034 7062
f 7034 7035 7063
f 7035 7036 7064
f 7036 7037 7065
f 7037 7038 7066
f 7038 7039 7067
f 7039 7040 7068
f 7040 7041 7069
f 7041 7042 7070
f 7042 7043 7071
f 7043 7044 7072
f 7044 7045 7073
f 7045 7046 7074
f 7046 262 263
f 7018 7047 759
f 7019 7048 7047
f 7020 7049 7048
f 7021 7050 7049
f 7022 7051 7050
f 7023 7052 7051
f 7024 7053 7052
f 7025 7054 7053
f 7026 7055 7054
f 7027 7056 7055
f 7028 7057 7056
f 7029 7058 7057
f 7030 7059 7058
f 7031 7060 7059
f 7032 7061 7060
f 7033 7062 7061
f 7034 7063 7062
f 7035 7064 7063
f 7036 7065 7064
f 7037 7066 7065
f 7038 7067 7066
f 7039 7068 7067
f 7040 7069 7068
f 7041 7070 7069
f 7042 7071 7070
f 7043 7072 7071
f 7044 7073 7072
f 7045 7074 7073
f 7046 263 7074
f 759 7047 760
f 7047 7048 7075
f 7048 7049 7076
f 7049 7050 7077
f 7050 7051 7078
f 7051 7052 7079
f 7052 7053 7080
f 7053 7054 7081
f 7054 7055 7082
f 7055 7056 7083
f 7056 7057 7084
f 7057 7058 7085
f 7058 7059 7086
f 7059 7060 7087
f 7060 7061 7088
f 7061 7062 7089
f 7062 7063 7090
f 7063 7064 7091
f 7064 7065 7092
f 7065 7066 7093
f 7066 7067 7094
f 7067 7068 7095
f 7068 7069 7096
f 7069 7070 7097
f 7070 7071 7098
f 7071 7072 7099
f 7072 7073 7100
f 7073 7074 7101
f 7074 263 264
f 7047 7075 760
f 7048 7076 7075
f 7049 7077 7076
f 7050 7078 7077
f 7051 7079 7078
f 7052 7080 7079
f 7053 7081 7080
f 7054 7082 7081
f 7055 7083 7082
f 7056 7084 7083
f 7057 7085 7084
f 7058 7086 7085
f 7059 7087 7086
f 7060 7088 7087
f 7061 7089 7088
f 7062 7090 7089
f 7063 7091 7090
f 7064 7092 7091
f 7065 7093 7092
f 7066 7094 7093
f 7067 7095 7094
f 7068 7096 7095
f 7069 7097 7096
f 7070 7098 7097
f 7071 7099 7098
f 7072 7100 7099
f 7073 7101 7100
f 7074 264 7101
f 760 7075 761
f 7075 7076 7102
f 7076 7077 7103
f 7077 7078 7104
f 7078 7079 7105
f 7079 7080 7106
f 7080 7081 7107
f 7081 7082 7108
f 7082 7083 7109
f 7083 7084 7110
f 7084 7085 7111
f 7085 7086 7112
f 7086 7087 7113
f 7087 7088 7114
f 7088 7089 7115
f 7089 7090 7116
f 7090 7091 7117
f 7091 7092 7118
f 7092 7093 7119
f 7093 7094 7120
f 7094 7095 7121
f 7095 7096 7122
f 7096 7097 7123
f 7097 7098 7124
f 7098 7099 7125
f 7099 7100 7126
f 7100 7101 7127
f 7101 264 265
f 7075 7102 761
f 7076 7103 7102
f 7077 7104 7103
f 7078 7105 7104
f 7079 7106 7105
f 7080 7107 7106
f 7081 7108 7107
f 7082 7109 7108
f 7083 7110 7109
f 7084 7111 7110
f 7085 7112 7111
f 7086 7113 7112
f 7087 7114 7113
f 7088 7115 7114
f 7089 7116 7115
f 7090 7117 7116
f 7091 7118 7117
f 7092 7119 7118
f 7093 7120 7119
f 7094 7121 7120
f 7095 7122 7121
f 7096 7123 7122
f 7097 7124 7123
f 7098 7125 7124
f 7099 7126 7125
f 7100 7127 7126
f 7101 265 7127
f 761 7102 762
f 7102 7103 7128
f 7103 7104 7129
f 7104 7105 7130
f 7105 7106 7131
f 7106 7107 7132
f 7107 7108 7133
f 7108 7109 7134
f 7109 7110 7135
f 7110 7111 7136
f 7111 7112 7137
f 7112 7113 7138
f 7113 7114 7139
f 7114 7115 7140
f 7115 7116 7141
f 7116 7117 7142
f 7117 7118 7143
f 7118 7119 7144
f 7119 7120 7145
f 7120 7121 7146
f 7121 7122 7147
f 7122 7123 7148
f 7123 7124 7149
f 7124 7125 7150
f 7125 7126 7151
f 7126 7127 7152
f 7127 265 266
f 7102 7128 762
f 7103 7129 7128
f 7104 7130 7129
f 7105 7131 7130
f 7106 7132 7131
f 7107 7133 7132
f 7108 7134 7133
f 7109 7135 7134
f 7110 7136 7135
f 7111 7137 7136
f 7112 7138 7137
f 7113 7139 7138
f 7114 7140 7139
f 7115 7141 7140
f 7116 7142 7141
f 7117 7143 7142
f 7118 7144 7143
f 7119 7145 7144
f 7120 7146 7145
f 7121 7147 7146
f 7122 7148 7147
f 7123 7149 7148
f 7124 7150 7149
f 7125 7151 7150
f 7126 7152 7151
f 7127 266 7152
f 762 7128 763
f 7128 7129 7153
f 7129 7130 7154
f 7130 7131 7155
f 7131 7132 7156
f 7132 7133 7157
f 7133 7134 7158
f 7134 7135 7159
f 7135 7136 7160
f 7136 7137 7161
f 7137 7138 7162
f 7138 7139 7163
f 7139 7140 7164
f 7140 7141 7165
f 7141 7142 7166
f 7142 7143 7167
f 7143 7144 7168
f 7144 7145 7169
f 7145 7146 7170
f 7146 7147 7171
f 7147 7148 7172
f 7148 7149 7173
f 7149 7150 7174
f 7150 7151 7175
f 7151 7152 7176
f 7152 266 267
f 7128 7153 763
f 7129 7154 7153
f 7130 7155 7154
f 7131 7156 7155
f 7132 7157 7156
f 7133 7158 7157
f 7134 7159 7158
f 7135 7160 7159
f 7136 7161 7160
f 7137 7162 7161
f 7138 7163 7162
f 7139 7164 7163
f 7140 7165 7164
f 7141 7166 7165
f 7142 7167 7166
f 7143 7168 7167
f 7144 7169 7168
f 7145 7170 7169
f 7146 7171 7170
f 7147 7172 7171
f 7148 7173 7172
f 7149 7174 7173
f 7150 7175 7174
f 7151 7176 7175
f 7152 267 7176
f 763 7153 764
f 7153 7154 7177
f 7154 7155 7178
f 7155 7156 7179
f 7156 7157 7180
f 7157 7158 7181
f 7158 7159 7182
f 7159 7160 7183
f 7160 7161 7184
f 7161 7162 7185
f 7162 7163 7186
f 7163 7164 7187
f 7164 7165 7188
f 7165 7166 7189
f 7166 7167 7190
f 7167 7168 7191
f 7168 7169 7192
f 7169 7170 7193
f 7170 7171 7194
f 7171 7172 7195
f 7172 7173 7196
f 7173 7174 7197
f 7174 7175 7198
f 7175 7176 7199
f 7176 267 268
f 7153 7177 764
f 7154 7178 7177
f 7155 7179 7178
f 7156 7180 7179
f 7157 7181 7180
f 7158 7182 7181
f 7159 7183 7182
f 7160 7184 7183
f 7161 7185 7184
f 7162 7186 7185
f 7163 7187 7186
f 7164 7188 7187
f 7165 7189 7188
f 7166 7190 7189
f 7167 7191 7190
f 7168 7192 7191
f 7169 7193 7192
f 7170 7194 7193
f 7171 7195 7194
f 7172 7196 7195
f 7173 7197 7196
f 7174 7198 7197
f 7175 7199 7198
f 7176 268 7199
f 764 7177 765
f 7177 7178 7200
f 7178 7179 7201
f 7179 7180 7202
f 7180 7181 7203
f 7181 7182 7204
f 7182 7183 7205
f 7183 7184 7206
f 7184 7185 7207
f 7185 7186 7208
f 7186 7187 7209
f 7187 7188 7210
f 7188 7189 7211
f 7189 7190 7212
f 7190 7191 7213
f 7191 7192 7214
f 7192 7193 7215
f 7193 7194 7216
f 7194 7195 7217
f 7195 7196 7218
f 7196 7197 7219
f 7197 7198 7220
f 7198 7199 7221
f 7199 268 269
f 7177 7200 765
f 7178 7201 7200
f 7179 7202 7201
f 7180 7203 7202
f 7181 7204 7203
f 7182 7205 7204
f 7183 7206 7205
f 7184 7207 7206
f 7185 7208 7207
f 7186 7209 7208
f 7187 7210 7209
f 7188 7211 7210
f 7189 7212 7211
f 7190 7213 7212
f 7191 7214 7213
f 7192 7215 7214
f 7193 7216 7215
f 7194 7217 7216
f 7195 7218 7217
f 7196 7219 7218
f 7197 7220 7219
f 7198 7221 7220
f 7199 269 7221
f 765 7200 766
f 7200 7201 7222
f 7201 7202 7223
f 7202 7203 7224
f 7203 7204 7225
f 7204 7205 7226
f 7205 7206 7227
f 7206 7207 7228
f 7207 7208 7229
f 7208 7209 7230
f 7209 7210 7231
f 7210 7211 7232
f 7211 7212 7233
f 7212 7213 7234
f 7213 7214 7235
f 7214 7215 7236
f 7215 7216 7237
f 7216 7217 7238
f 7217 7218 7239
f 7218 7219 7240
f 7219 7220 7241
f 7220 7221 7242
f 7221 269 270
f 7200 7222 766
f 7201 7223 7222
f 7202 7224 7223
f 7203 7225 7224
f 7204 7226 7225
f 7205 7227 7226
f 7206 7228 7227
f 7207 7229 7228
f 7208 7230 7229
f 7209 7231 7230
f 7210 7232 7231
f 7211 7233 7232
f 7212 7234 7233
f 7213 7235 7234
f 7214 7236 7235
f 7215 7237 7236
f 7216 7238 7237
f 7217 7239 7238
f 7218 7240 7239
f 7219 7241 7240
f 7220 7242 7241
f 7221 270 7242
f 766 7222 767
f 7222 7223 7243
f 7223 7224 7244
f 7224 7225 7245
f 7225 7226 7246
f 7226 7227 7247
f 7227 7228 7248
f 7228 7229 7249
f 7229 7230 7250
f 7230 7231 7251
f 7231 7232 7252
f 7232 7233 7253
f 7233 7234 7254
f 7234 7235 7255
f 7235 7236 7256
f 7236 7237 7257
f 7237 7238 7258
f 7238 7239 7259
f 7239 7240 7260
f 7240 7241 7261
f 7241 7242 7262
f 7242 270 271
f 7222 7243 767
f 7223 7244 7243
f 7224 7245 7244
f 7225 7246 7245
f 7226 7247 7246
f 7227 7248 7247
f 7228 7249 7248
f 7229 7250 7249
f 7230 7251 7250
f 7231 7252 7251
f 7232 7253 7252
f 7233 7254 7253
f 7234 7255 7254
f 7235 7256 7255
f 7236 7257 7256
f 7237 7258 7257
f 7238 7259 7258
f 7239 7260 7259
f 7240 7261 7260
f 7241 7262 7261
f 7242 271 7262
f 767 7243 768
f 7243 7244 7263
f 7244 7245 7264
f 7245 7246 7265
f 7246 7247 7266
f 7247 7248 7267
f 7248 7249 7268
f 7249 7250 7269
f 7250 7251 7270
f 7251 7252 7271
f 7252 7253 7272
f 7253 7254 7273
f 7254 7255 7274
f 7255 7256 7275
f 7256 7257 7276
f 7257 7258 7277
f 7258 7259 7278
f 7259 7260 7279
f 7260 7261 7280
f 7261 7262 7281
f 7262 271 272
f 7243 7263 768
f 7244 7264 7263
f 7245 7265 7264
f 7246 7266 7265
f 7247 7267 7266
f 7248 7268 7267
f 7249 7269 7268
f 7250 7270 7269
f 7251 7271 7270
f 7252 7272 7271
f 7253 7273 7272
f 7254 7274 7273
f 7255 7275 7274
f 7256 7276 7275
f 7257 7277 7276
f 7258 7278 7277
f 7259 7279 7278
f 7260 7280 7279
f 7261 7281 7280
f 7262 272 7281
f 768 7263 769
f 7263 7264 7282
f 7264 7265 7283
f 7265 7266 7284
f 7266 7267 7285
f 7267 7268 7286
f 7268 7269 7287
f 7269 7270 7288
f 7270 7271 7289
f 7271 7272 7290
f 7272 7273 7291
f 7273 7274 7292
f 7274 7275 7293
f 7275 7276 7294
f 7276 7277 7295
f 7277 7278 7296
f 7278 7279 7297
f 7279 7280 7298
f 7280 7281 7299
f 7281 272 273
f 7263 7282 769
f 7264 7283 7282
f 7265 7284 7283
f 7266 7285 7284
f 7267 7286 7285
f 7268 7287 7286
f 7269 7288 7287
f 7270 7289 7288
f 7271 7290 7289
f 7272 7291 7290
f 7273 7292 7291
f 7274 7293 7292
f 7275 7294 7293
f 7276 7295 7294
f 7277 7296 7295
f 7278 7297 7296
f 7279 7298 7297
f 7280 7299 7298
f 7281 273 7299
f 769 7282 770
f 7282 7283 7300
f 7283 7284 7301
f 7284 7285 7302
f 7285 7286 7303
f 7286 7287 7304
f 7287 7288 7305
f 7288 7289 7306
f 7289 7290 7307
f 7290 7291 7308
f 7291 7292 7309
f 7292 7293 7310
f 7293 7294 7311
f 7294 7295 7312
f 7295 7296 7313
f 7296 7297 7314
f 7297 7298 7315
f 7298 7299 7316
f 7299 273 274
f 7282 7300 770
f 7283 7301 7300
f 7284 7302 7301
f 7285 7303 7302
f 7286 7304 7303
f 7287 7305 7304
f 7288 7306 7305
f 7289 7307 7306
f 7290 7308 7307
f 7291 7309 7308
f 7292 7310 7309
f 7293 7311 7310
f 7294 7312 7311
f 7295 7313 7312
f 7296 7314 7313
f 7297 7315 7314
f 7298 7316 7315
f 7299 274 7316
f 770 7300 771
f 7300 7301 7317
f 7301 7302 7318
f 7302 7303 7319
f 7303 7304 7320
f 7304 7305 7321
f 7305 7306 7322
f 7306 7307 7323
f 7307 7308 7324
f 7308 7309 7325
f 7309 7310 7326
f 7310 7311 7327
f 7311 7312 7328
f 7312 7313 7329
f 7313 7314 7330
f 7314 7315 7331
f 7315 7316 7332
f 7316 274 275
f 7300 7317 771
f 7301 7318 7317
f 7302 7319 7318
f 7303 7320 7319
f 7304 7321 7320
f 7305 7322 7321
f 7306 7323 7322
f 7307 7324 7323
f 7308 7325 7324
f 7309 7326 7325
f 7310 7327 7326
f 7311 7328 7327
f 7312 7329 7328
f 7313 7330 7329
f 7314 7331 7330
f 7315 7332 7331
f 7316 275 7332
f 771 7317 772
f 7317 7318 7333
f 7318 7319 7334
f 7319 7320 7335
f 7320 7321 7336
f 7321 7322 7337
f 7322 7323 7338
f 7323 7324 7339
f 7324 7325 7340
f 7325 7326 7341
f 7326 7327 7342
f 7327 7328 7343
f 7328 7329 7344
f 7329 7330 7345
f 7330 7331 7346
f 7331 7332 7347
f 7332 275 276
f 7317 7333 772
f 7318 7334 7333
f 7319 7335 7334
f 7320 7336 7335
f 7321 7337 7336
f 7322 7338 7337
f 7323 7339 7338
f 7324 7340 7339
f 7325 7341 7340
f 7326 7342 7341
f 7327 7343 7342
f 7328 7344 7343
f 7329 7345 7344
f 7330 7346 7345
f 7331 7347 7346
f 7332 276 7347
f 772 7333 773
f 7333 7334 7348
f 7334 7335 7349
f 7335 7336 7350
f 7336 7337 7351
f 7337 7338 7352
f 7338 7339 7353
f 7339 7340 7354
f 7340 7341 7355
f 7341 7342 7356
f 7342 7343 7357
f 7343 7344 7358
f 7344 7345 7359
f 7345 7346 7360
f 7346 7347 7361
f 7347 276 277
f 7333 7348 773
f 7334 7349 7348
f 7335 7350 7349
f 7336 7351 7350
f 7337 7352 7351
f 7338 7353 7352
f 7339 7354 7353
f 7340 7355 7354
f 7341 7356 7355
f 7342 7357 7356
f 7343 7358 7357
f 7344 7359 7358
f 7345 7360 7359
f 7346 7361 7360
f 7347 277 7361
f 773 7348 774
f 7348 7349 7362
f 7349 7350 7363
f 7350 7351 7364
f 7351 7352 7365
f 7352 7353 7366
f 7353 7354 7367
f 7354 7355 7368
f 7355 7356 7369
f 7356 7357 7370
f 7357 7358 7371
f 7358 7359 7372
f 7359 7360 7373
f 7360 7361 7374
f 7361 277 278
f 7348 7362 774
f 7349 7363 7362
f 7350 7364 7363
f 7351 7365 7364
f 7352 7366 7365
f 7353 7367 7366
f 7354 7368 7367
f 7355 7369 7368
f 7356 7370 7369
f 7357 7371 7370
f 7358 7372 7371
f 7359 7373 7372
f 7360 7374 7373
f 7361 278 7374
f 774 7362 775
f 7362 7363 7375
f 7363 7364 7376
f 7364 7365 7377
f 7365 7366 7378
f 7366 7367 7379
f 7367 7368 7380
f 7368 7369 7381
f 7369 7370 7382
f 7370 7371 7383
f 7371 7372 7384
f 7372 7373 7385
f 7373 7374 7386
f 7374 278 279
f 7362 7375 775
f 7363 7376 7375
f 7364 7377 7376
f 7365 7378 7377
f 7366 7379 7378
f 7367 7380 7379
f 7368 7381 7380
f 7369 7382 7381
f 7370 7383 7382
f 7371 7384 7383
f 7372 7385 7384
f 7373 7386 7385
f 7374 279 7386
f 775 7375 776
f 7375 7376 7387
f 7376 7377 7388
f 7377 7378 7389
f 7378 7379 7390
f 7379 7380 7391
f 7380 7381 7392
f 7381 7382 7393
f 7382 7383 7394
f 7383 7384 7395
f 7384 7385 7396
f 7385 7386 7397
f 7386 279 280
f 7375 7387 776
f 7376 7388 7387
f 7377 7389 7388
f 7378 7390 7389
f 7379 7391 7390
f 7380 7392 7391
f 7381 7393 7392
f 7382 7394 7393
f 7383 7395 7394
f 7384 7396 7395
f 7385 7397 7396
f 7386 280 7397
f 776 7387 777
f 7387 7388 7398
f 7388 7389 7399
f 7389 7390 7400
f 7390 7391 7401
f 7391 7392 7402
f 7392 7393 7403
f 7393 7394 7404
f 7394 7395 7405
f 7395 7396 7406
f 7396 7397 7407
f 7397 280 281
f 7387 7398 777
f 7388 7399 7398
f 7389 7400 7399
f 7390 7401 7400
f 7391 7402 7401
f 7392 7403 7402
f 7393 7404 7403
f 7394 7405 7404
f 7395 7406 7405
f 7396 7407 7406
f 7397 281 7407
f 777 7398 778
f 7398 7399 7408
f 7399 7400 7409
f 7400 7401 7410
f 7401 7402 7411
f 7402 7403 7412
f 7403 7404 7413
f 7404 7405 7414
f 7405 7406 7415
f 7406 7407 7416
f 7407 281 282
f 7398 7408 778
f 7399 7409 7408
f 7400 7410 7409
f 7401 7411 7410
f 7402 7412 7411
f 7403 7413 7412
f 7404 7414 7413
f 7405 7415 7414
f 7406 7416 7415
f 7407 282 7416
f 778 7408 779
f 7408 7409 7417
f 7409 7410 7418
f 7410 7411 7419
f 7411 7412 7420
f 7412 7413 7421
f 7413 7414 7422
f 7414 7415 7423
f 7415 7416 7424
f 7416 282 283
f 7408 7417 779
f 7409 7418 7417
f 7410 7419 7418
f 7411 7420 7419
f 7412 7421 7420
f 7413 7422 7421
f 7414 7423 7422
f 7415 7424 7423
f 7416 283 7424
f 779 7417 780
f 7417 7418 7425
f 7418 7419 7426
f 7419 7420 7427
f 7420 7421 7428
f 7421 7422 7429
f 7422 7423 7430
f 7423 7424 7431
f 7424 283 284
f 7417 7425 780
f 7418 7426 7425
f 7419 7427 7426
f 7420 7428 7427
f 7421 7429 7428
f 7422 7430 7429
f 7423 7431 7430
f 7424 284 7431
f 780 7425 781
f 7425 7426 7432
f 7426 7427 7433
f 7427 7428 7434
f 7428 7429 7435
f 7429 7430 7436
f 7430 7431 7437
f 7431 284 285
f 7425 7432 781
f 7426 7433 7432
f 7427 7434 7433
f 7428 7435 7434
f 7429 7436 7435
f 7430 7437 7436
f 7431 285 7437
f 781 7432 782
f 7432 7433 7438
f 7433 7434 7439
f 7434 7435 7440
f 7435 7436 7441
f 7436 7437 7442
f 7437 285 286
f 7432 7438 782
f 7433 7439 7438
f 7434 7440 7439
f 7435 7441 7440
f 7436 7442 7441
f 7437 286 7442
f 782 7438 783
f 7438 7439 7443
f 7439 7440 7444
f 7440 7441 7445
f 7441 7442 7446
f 7442 286 287
f 7438 7443 783
f 7439 7444 7443
f 7440 7445 7444
f 7441 7446 7445
f 7442 287 7446
f 783 7443 784
f 7443 7444 7447
f 7444 7445 7448
f 7445 7446 7449
f 7446 287 288
f 7443 7447 784
f 7444 7448 7447
f 7445 7449 7448
f 7446 288 7449
f 784 7447 785
f 7447 7448 7450
f 7448 7449 7451
f 7449 288 289
f 7447 7450 785
f 7448 7451 7450
f 7449 289 7451
f 785 7450 786
f 7450 7451 7452
f 7451 289 290
f 7450 7452 786
f 7451 290 7452
f 786 7452 787
f 7452 290 291
f 7452 291 787
f 787 291 9
f 4 757 323
f 757 758 7453
f 758 759 7454
f 759 760 7455
f 760 761 7456
f 761 762 7457
f 762 763 7458
f 763 764 7459
f 764 765 7460
f 765 766 7461
f 766 767 7462
f 767 768 7463
f 768 769 7464
f 769 770 7465
f 770 771 7466
f 771 772 7467
f 772 773 7468
f 773 774 7469
f 774 775 7470
f 775 776 7471
f 776 777 7472
f 777 778 7473
f 778 779 7474
f 779 780 7475
f 780 781 7476
f 781 782 7477
f 782 783 7478
f 783 784 7479
f 784 785 7480
f 785 786 7481
f 786 787 7482
f 787 9 75
f 757 7453 323
f 758 7454 7453
f 759 7455 7454
f 760 7456 7455
f 761 7457 7456
f 762 7458 7457
f 763 7459 7458
f 764 7460 7459
f 765 7461 7460
f 766 7462 7461
f 767 7463 7462
f 768 7464 7463
f 769 7465 7464
f 770 7466 7465
f 771 7467 7466
f 772 7468 7467
f 773 7469 7468
f 774 7470 7469
f 775 7471 7470
f 776 7472 7471
f 777 7473 7472
f 778 7474 7473
f 779 7475 7474
f 780 7476 7475
f 781 7477 7476
f 782 7478 7477
f 783 7479 7478
f 784 7480 7479
f 785 7481 7480
f 786 7482 7481
f 787 75 7482
f 323 7453 324
f 7453 7454 7483
f 7454 7455 7484
f 7455 7456 7485
f 7456 7457 7486
f 7457 7458 7487
f 7458 7459 7488
f 7459 7460 7489
f 7460 7461 7490
f 7461 7462 7491
f 7462 7463 7492
f 7463 7464 7493
f 7464 7465 7494
f 7465 7466 7495
f 7466 7467 7496
f 7467 7468 7497
f 7468 7469 7498
f 7469 7470 7499
f 7470 7471 7500
f 7471 7472 7501
f 7472 7473 7502
f 7473 7474 7503
f 7474 7475 7504
f 7475 7476 7505
f 7476 7477 7506
f 7477 7478 7507
f 7478 7479 7508
f 7479 7480 7509
f 7480 7481 7510
f 7481 7482 7511
f 7482 75 76
f 7453 7483 324
f 7454 7484 7483
f 7455 7485 7484
f 7456 7486 7485
f 7457 7487 7486
f 7458 7488 7487
f 7459 7489 7488
f 7460 7490 7489
f 7461 7491 7490
f 7462 7492 7491
f 7463 7493 7492
f 7464 7494 7493
f 7465 7495 7494
f 7466 7496 7495
f 7467 7497 7496
f 7468 7498 7497
f 7469 7499 7498
f 7470 7500 7499
f 7471 7501 7500
f 7472 7502 7501
f 7473 7503 7502
f 7474 7504 7503
f 7475 7505 7504
f 7476 7506 7505
f 7477 7507 7506
f 7478 7508 7507
f 7479 7509 7508
f 7480 7510 7509
f 7481 7511 7510
f 7482 76 7511
f 324 7483 325
f 7483 7484 7512
f 7484 7485 7513
f 7485 7486 7514
f 7486 7487 7515
f 7487 7488 7516
f 7488 7489 7517
f 7489 7490 7518
f 7490 7491 7519
f 7491 7492 7520
f 7492 7493 7521
f 7493 7494 7522
f 7494 7495 7523
f 7495 7496 7524
f 7496 7497 7525
f 7497 7498 7526
f 7498 7499 7527
f 7499 7500 7528
f 7500 7501 7529
f 7501 7502 7530
f 7502 7503 7531
f 7503 7504 7532
f 7504 7505 7533
f 7505 7506 7534
f 7506 7507 7535
f 7507 7508 7536
f 7508 7509 7537
f 7509 7510 7538
f 7510 7511 7539
f 7511 76 77
f 7483 7512 325
f 7484 7513 7512
f 7485 7514 7513
f 7486 7515 7514
f 7487 7516 7515
f 7488 7517 7516
f 7489 7518 7517
f 7490 7519 7518
f 7491 7520 7519
f 7492 7521 7520
f 7493 7522 7521
f 7494 7523 7522
f 7495 7524 7523
f 7496 7525 7524
f 7497 7526 7525
f 7498 7527 7526
f 7499 7528 7527
f 7500 7529 7528
f 7501 7530 7529
f 7502 7531 7530
f 7503 7532 7531
f 7504 7533 7532
f 7505 7534 7533
f 7506 7535 7534
f 7507 7536 7535
f 7508 7537 7536
f 7509 7538 7537
f 7510 7539 7538
f 7511 77 7539
f 325 7512 326
f 7512 7513 7540
f 7513 7514 7541
f 7514 7515 7542
f 7515 7516 7543
f 7516 7517 7544
f 7517 7518 7545
f 7518 7519 7546
f 7519 7520 7547
f 7520 7521 7548
f 7521 7522 7549
f 7522 7523 7550
f 7523 7524 7551
f 7524 7525 7552
f 7525 7526 7553
f 7526 7527 7554
f 7527 7528 7555
f 7528 7529 7556
f 7529 7530 7557
f 7530 7531 7558
f 7531 7532 7559
f 7532 7533 7560
f 7533 7534 7561
f 7534 7535 7562
f 7535 7536 7563
f 7536 7537 7564
f 7537 7538 7565
f 7538 7539 7566
f 7539 77 78
f 7512 7540 326
f 7513 7541 7540
f 7514 7542 7541
f 7515 7543 7542
f 7516 7544 7543
f 7517 7545 7544
f 7518 7546 7545
f 7519 7547 7546
f 7520 7548 7547
f 7521 7549 7548
f 7522 7550 7549
f 7523 7551 7550
f 7524 7552 7551
f 7525 7553 7552
f 7526 7554 7553
f 7527 7555 7554
f 7528 7556 7555
f 7529 7557 7556
f 7530 7558 7557
f 7531 7559 7558
f 7532 7560 7559
f 7533 7561 7560
f 7534 7562 7561
f 7535 7563 7562
f 7536 7564 7563
f 7537 7565 7564
f 7538 7566 7565
f 7539 78 7566
f 326 7540 327
f 7540 7541 7567
f 7541 7542 7568
f 7542 7543 7569
f 7543 7544 7570
f 7544 7545 7571
f 7545 7546 7572
f 7546 7547 7573
f 7547 7548 7574
f 7548 7549 7575
f 7549 7550 7576
f 7550 7551 7577
f 7551 7552 7578
f 7552 7553 7579
f 7553 7554 7580
f 7554 7555 7581
f 7555 7556 7582
f 7556 7557 7583
f 7557 7558 7584
f 7558 7559 7585
f 7559 7560 7586
f 7560 7561 7587
f 7561 7562 7588
f 7562 7563 7589
f 7563 7564 7590
f 7564 7565 7591
f 7565 7566 7592
f 7566 78 79
f 7540 7567 327
f 7541 7568 7567
f 7542 7569 7568
f 7543 7570 7569
f 7544 7571 7570
f 7545 7572 7571
f 7546 7573 7572
f 7547 7574 7573
f 7548 7575 7574
f 7549 7576 7575
f 7550 7577 7576
f 7551 7578 7577
f 7552 7579 7578
f 7553 7580 7579
f 7554 7581 7580
f 7555 7582 7581
f 7556 7583 7582
f 7557 7584 7583
f 7558 7585 7584
f 7559 7586 7585
f 7560 7587 7586
f 7561 7588 7587
f 7562 7589 7588
f 7563 7590 7589
f 7564 7591 7590
f 7565 7592 7591
f 7566 79 7592
f 327 7567 328
f 7567 7568 7593
f 7568 7569 7594
f 7569 7570 7595
f 7570 7571 7596
f 7571 7572 7597
f 7572 7573 7598
f 7573 7574 7599
f 7574 7575 7600
f 7575 7576 7601
f 7576 7577 7602
f 7577 7578 7603
f 7578 7579 7604
f 7579 7580 7605
f 7580 7581 7606
f 7581 7582 7607
f 7582 7583 7608
f 7583 7584 7609
f 7584 7585 7610
f 7585 7586 7611
f 7586 7587 7612
f 7587 7588 7613
f 7588 7589 7614
f 7589 7590 7615
f 7590 7591 7616
f 7591 7592 7617
f 7592 79 80
f 7567 7593 328
f 7568 7594 7593
f 7569 7595 7594
f 7570 7596 7595
f 7571 7597 7596
f 7572 7598 7597
f 7573 7599 7598
f 7574 7600 7599
f 7575 7601 7600
f 7576 7602 7601
f 7577 7603 7602
f 7578 7604 7603
f 7579 7605 7604
f 7580 7606 7605
f 7581 7607 7606
f 7582 7608 7607
f 7583 7609 7608
f 7584 7610 7609
f 7585 7611 7610
f 7586 7612 7611
f 7587 7613 7612
f 7588 7614 7613
f 7589 7615 7614
f 7590 7616 7615
f 7591 7617 7616
f 7592 80 7617
f 328 7593 329
f 7593 7594 7618
f 7594 7595 7619
f 7595 7596 7620
f 7596 7597 7621
f 7597 7598 7622
f 7598 7599 7623
f 7599 7600 7624
f 7600 7601 7625
f 7601 7602 7626
f 7602 7603 7627
f 7603 7604 7628
f 7604 7605 7629
f 7605 7606 7630
f 7606 7607 7631
f 7607 7608 7632
f 7608 7609 7633
f 7609 7610 7634
f 7610 7611 7635
f 7611 7612 7636
f 7612 7613 7637
f 7613 7614 7638
f 7614 7615 7639
f 7615 7616 7640
f 7616 7617 7641
f 7617 80 81
f 7593 7618 329
f 7594 7619 7618
f 7595 7620 7619
f 7596 7621 7620
f 7597 7622 7621
f 7598 7623 7622
f 7599 7624 7623
f 7600 7625 7624
f 7601 7626 7625
f 7602 7627 7626
f 7603 7628 7627
f 7604 7629 7628
f 7605 7630 7629
f 7606 7631 7630
f 7607 7632 7631
f 7608 7633 7632
f 7609 7634 7633
f 7610 7635 7634
f 7611 7636 7635
f 7612 7637 7636
f 7613 7638 7637
f 7614 7639 7638
f 7615 7640 7639
f 7616 7641 7640
f 7617 81 7641
f 329 7618 330
f 7618 7619 7642
f 7619 7620 7643
f 7620 7621 7644
f 7621 7622 7645
f 7622 7623 7646
f 7623 7624 7647
f 7624 7625 7648
f 7625 7626 7649
f 7626 7627 7650
f 7627 7628 7651
f 7628 7629 7652
f 7629 7630 7653
f 7630 7631 7654
f 7631 7632 7655
f 7632 7633 7656
f 7633 7634 7657
f 7634 7635 7658
f 7635 7636 7659
f 7636 7637 7660
f 7637 7638 7661
f 7638 7639 7662
f 7639 7640 7663
f 7640 7641 7664
f 7641 81 82
f 7618 7642 330
f 7619 7643 7642
f 7620 7644 7643
f 7621 7645 7644
f 7622 7646 7645
f 7623 7647 7646
f 7624 7648 7647
f 7625 7649 7648
f 7626 7650 7649
f 7627 7651 7650
f 7628 7652 7651
f 7629 7653 7652
f 7630 7654 7653
f 7631 7655 7654
f 7632 7656 7655
f 7633 7657 7656
f 7634 7658 7657
f 7635 7659 7658
f 7636 7660 7659
f 7637 7661 7660
f 7638 7662 7661
f 7639 7663 7662
f 7640 7664 7663
f 7641 82 7664
f 330 7642 331
f 7642 7643 7665
f 7643 7644 7666
f 7644 7645 7667
f 7645 7646 7668
f 7646 7647 7669
f 7647 7648 7670
f 7648 7649 7671
f 7649 7650 7672
f 7650 7651 7673
f 7651 7652 7674
f 7652 7653 7675
f 7653 7654 7676
f 7654 7655 7677
f 7655 7656 7678
f 7656 7657 7679
f 7657 7658 7680
f 7658 7659 7681
f 7659 7660 7682
f 7660 7661 7683
f 7661 7662 7684
f 7662 7663 7685
f 7663 7664 7686
f 7664 82 83
f 7642 7665 331
f 7643 7666 7665
f 7644 7667 7666
f 7645 7668 7667
f 7646 7669 7668
f 7647 7670 7669
f 7648 7671 7670
f 7649 7672 7671
f 7650 7673 7672
f 7651 7674 7673
f 7652 7675 7674
f 7653 7676 7675
f 7654 7677 7676
f 7655 7678 7677
f 7656 7679 7678
f 7657 7680 7679
f 7658 7681 7680
f 7659 7682 7681
f 7660 7683 7682
f 7661 7684 7683
f 7662 7685 7684
f 7663 7686 7685
f 7664 83 7686
f 331 7665 332
f 7665 7666 7687
f 7666 7667 7688
f 7667 7668 7689
f 7668 7669 7690
f 7669 7670 7691
f 7670 7671 7692
f 7671 7672 7693
f 7672 7673 7694
f 7673 7674 7695
f 7674 7675 7696
f 7675 7676 7697
f 7676 7677 7698
f 7677 7678 7699
f 7678 7679 7700
f 7679 7680 7701
f 7680 7681 7702
f 7681 7682 7703
f 7682 7683 7704
f 7683 7684 7705
f 7684 7685 7706
f 7685 7686 7707
f 7686 83 84
f 7665 7687 332
f 7666 7688 7687
f 7667 7689 7688
f 7668 7690 7689
f 7669 7691 7690
f 7670 7692 7691
f 7671 7693 7692
f 7672 7694 7693
f 7673 7695 7694
f 7674 7696 7695
f 7675 7697 7696
f 7676 7698 7697
f 7677 7699 7698
f 7678 7700 7699
f 7679 7701 7700
f 7680 7702 7701
f 7681 7703 7702
f 7682 7704 7703
f 7683 7705 7704
f 7684 7706 7705
f 7685 7707 7706
f 7686 84 7707
f 332 7687 333
f 7687 7688 7708
f 7688 7689 7709
f 7689 7690 7710
f 7690 7691 7711
f 7691 7692 7712
f 7692 7693 7713
f 7693 7694 7714
f 7694 7695 7715
f 7695 7696 7716
f 7696 7697 7717
f 7697 7698 7718
f 7698 7699 7719
f 7699 7700 7720
f 7700 7701 7721
f 7701 7702 7722
f 7702 7703 7723
f 7703 7704 7724
f 7704 7705 7725
f 7705 7706 7726
f 7706 7707 7727
f 7707 84 85
f 7687 7708 333
f 7688 7709 7708
f 7689 7710 7709
f 7690 7711 7710
f 7691 7712 7711
f 7692 7713 7712
f 7693 7714 7713
f 7694 7715 7714
f 7695 7716 7715
f 7696 7717 7716
f 7697 7718 7717
f 7698 7719 7718
f 7699 7720 7719
f 7700 7721 7720
f 7701 7722 7721
f 7702 7723 7722
f 7703 7724 7723
f 7704 7725 7724
f 7705 7726 7725
f 7706 7727 7726
f 7707 85 7727
f 333 7708 334
f 7708 7709 7728
f 7709 7710 7729
f 7710 7711 7730
f 7711 7712 7731
f 7712 7713 7732
f 7713 7714 7733
f 7714 7715 7734
f 7715 7716 7735
f 7716 7717 7736
f 7717 7718 7737
f 7718 7719 7738
f 7719 7720 7739
f 7720 7721 7740
f 7721 7722 7741
f 7722 7723 7742
f 7723 7724 7743
f 7724 7725 7744
f 7725 7726 7745
f 7726 7727 7746
f 7727 85 86
f 7708 7728 334
f 7709 7729 7728
f 7710 7730 7729
f 7711 7731 7730
f 7712 7732 7731
f 7713 7733 7732
f 7714 7734 7733
f 7715 7735 7734
f 7716 7736 7735
f 7717 7737 7736
f 7718 7738 7737
f 7719 7739 7738
f 7720 7740 7739
f 7721 7741 7740
f 7722 7742 7741
f 7723 7743 7742
f 7724 7744 7743
f 7725 7745 7744
f 7726 7746 7745
f 7727 86 7746
f 334 7728 335
f 7728 7729 7747
f 7729 7730 7748
f 7730 7731 7749
f 7731 7732 7750
f 7732 7733 7751
f 7733 7734 7752
f 7734 7735 7753
f 7735 7736 7754
f 7736 7737 7755
f 7737 7738 7756
f 7738 7739 7757
f 7739 7740 7758
f 7740 7741 7759
f 7741 7742 7760
f 7742 7743 7761
f 7743 7744 7762
f 7744 7745 7763
f 7745 7746 7764
f 7746 86 87
f 7728 7747 335
f 7729 7748 7747
f 7730 7749 7748
f 7731 7750 7749
f 7732 7751 7750
f 7733 7752 7751
f 7734 7753 7752
f 7735 7754 7753
f 7736 7755 7754
f 7737 7756 7755
f 7738 7757 7756
f 7739 7758 7757
f 7740 7759 7758
f 7741 7760 7759
f 7742 7761 7760
f 7743 7762 7761
f 7744 7763 7762
f 7745 7764 7763
f 7746 87 7764
f 335 7747 336
f 7747 7748 7765
f 7748 7749 7766
f 7749 7750 7767
f 7750 7751 7768
f 7751 7752 7769
f 7752 7753 7770
f 7753 7754 7771
f 7754 7755 7772
f 7755 7756 7773
f 7756 7757 7774
f 7757 7758 7775
f 7758 7759 7776
f 7759 7760 7777
f 7760 7761 7778
f 7761 7762 7779
f 7762 7763 7780
f 7763 7764 7781
f 7764 87 88
f 7747 7765 336
f 7748 7766 7765
f 7749 7767 7766
f 7750 7768 7767
f 7751 7769 7768
f 7752 7770 7769
f 7753 7771 7770
f 7754 7772 7771
f 7755 7773 7772
f 7756 7774 7773
f 7757 7775 7774
f 7758 7776 7775
f 7759 7777 7776
f 7760 7778 7777
f 7761 7779 7778
f 7762 7780 7779
f 7763 7781 7780
f 7764 88 7781
f 336 7765 337
f 7765 7766 7782
f 7766 7767 7783
f 7767 7768 7784
f 7768 7769 7785
f 7769 7770 7786
f 7770 7771 7787
f 7771 7772 7788
f 7772 7773 7789
f 7773 7774 7790
f 7774 7775 7791
f 7775 7776 7792
f 7776 7777 7793
f 7777 7778 7794
f 7778 7779 7795
f 7779 7780 7796
f 7780 7781 7797
f 7781 88 89
f 7765 7782 337
f 7766 7783 7782
f 7767 7784 7783
f 7768 7785 7784
f 7769 7786 7785
f 7770 7787 7786
f 7771 7788 7787
f 7772 7789 7788
f 7773 7790 7789
f 7774 7791 7790
f 7775 7792 7791
f 7776 7793 7792
f 7777 7794 7793
f 7778 7795 7794
f 7779 7796 7795
f 7780 7797 7796
f 7781 89 7797
f 337 7782 338
f 7782 7783 7798
f 7783 7784 7799
f 7784 7785 7800
f 7785 7786 7801
f 7786 7787 7802
f 7787 7788 7803
f 7788 7789 7804
f 7789 7790 7805
f 7790 7791 7806
f 7791 7792 7807
f 7792 7793 7808
f 7793 7794 7809
f 7794 7795 7810
f 7795 7796 7811
f 7796 7797 7812
f 7797 89 90
f 7782 7798 338
f 7783 7799 7798
f 7784 7800 7799
f 7785 7801 7800
f 7786 7802 7801
f 7787 7803 7802
f 7788 7804 7803
f 7789 7805 7804
f 7790 7806 7805
f 7791 7807 7806
f 7792 7808 7807
f 7793 7809 7808
f 7794 7810 7809
f 7795 7811 7810
f 7796 7812 7811
f 7797 90 7812
f 338 7798 339
f 7798 7799 7813
f 7799 7800 7814
f 7800 7801 7815
f 7801 7802 7816
f 7802 7803 7817
f 7803 7804 7818
f 7804 7805 7819
f 7805 7806 7820
f 7806 7807 7821
f 7807 7808 7822
f 7808 7809 7823
f 7809 7810 7824
f 7810 7811 7825
f 7811 7812 7826
f 7812 90 91
f 7798 7813 339
f 7799 7814 7813
f 7800 7815 7814
f 7801 7816 7815
f 7802 7817 7816
f 7803 7818 7817
f 7804 7819 7818
f 7805 7820 7819
f 7806 7821 7820
f 7807 7822 7821
f 7808 7823 7822
f 7809 7824 7823
f 7810 7825 7824
f 7811 7826 7825
f 7812 91 7826
f 339 7813 340
f 7813 7814 7827
f 7814 7815 7828
f 7815 7816 7829
f 7816 7817 7830
f 7817 7818 7831
f 7818 7819 7832
f 7819 7820 7833
f 7820 7821 7834
f 7821 7822 7835
f 7822 7823 7836
f 7823 7824 7837
f 7824 7825 7838
f 7825 7826 7839
f 7826 91 92
f 7813 7827 340
f 7814 7828 7827
f 7815 7829 7828
f 7816 7830 7829
f 7817 7831 7830
f 7818 7832 7831
f 7819 7833 7832
f 7820 7834 7833
f 7821 7835 7834
f 7822 7836 7835
f 7823 7837 7836
f 7824 7838 7837
f 7825 7839 7838
f 7826 92 7839
f 340 7827 341
f 7827 7828 7840
f 7828 7829 7841
f 7829 7830 7842
f 7830 7831 7843
f 7831 7832 7844
f 7832 7833 7845
f 7833 7834 7846
f 7834 7835 7847
f 7835 7836 7848
f 7836 7837 7849
f 7837 7838 7850
f 7838 7839 7851
f 7839 92 93
f 7827 7840 341
f 7828 7841 7840
f 7829 7842 7841
f 7830 7843 7842
f 7831 7844 7843
f 7832 7845 7844
f 7833 7846 7845
f 7834 7847 7846
f 7835 7848 7847
f 7836 7849 7848
f 7837 7850 7849
f 7838 7851 7850
f 7839 93 7851
f 341 7840 342
f 7840 7841 7852
f 7841 7842 7853
f 7842 7843 7854
f 7843 7844 7855
f 7844 7845 7856
f 7845 7846 7857
f 7846 7847 7858
f 7847 7848 7859
f 7848 7849 7860
f 7849 7850 7861
f 7850 7851 7862
f 7851 93 94
f 7840 7852 342
f 7841 7853 7852
f 7842 7854 7853
f 7843 7855 7854
f 7844 7856 7855
f 7845 7857 7856
f 7846 7858 7857
f 7847 7859 7858
f 7848 7860 7859
f 7849 7861 7860
f 7850 7862 7861
f 7851 94 7862
f 342 7852 343
f 7852 7853 7863
f 7853 7854 7864
f 7854 7855 7865
f 7855 7856 7866
f 7856 7857 7867
f 7857 7858 7868
f 7858 7859 7869
f 7859 7860 7870
f 7860 7861 7871
f 7861 7862 7872
f 7862 94 95
f 7852 7863 343
f 7853 7864 7863
f 7854 7865 7864
f 7855 7866 7865
f 7856 7867 7866
f 7857 7868 7867
f 7858 7869 7868
f 7859 7870 7869
f 7860 7871 7870
f 7861 7872 7871
f 7862 95 7872
f 343 7863 344
f 7863 7864 7873
f 7864 7865 7874
f 7865 7866 7875
f 7866 7867 7876
f 7867 7868 7877
f 7868 7869 7878
f 7869 7870 7879
f 7870 7871 7880
f 7871 7872 7881
f 7872 95 96
f 7863 7873 344
f 7864 7874 7873
f 7865 7875 7874
f 7866 7876 7875
f 7867 7877 7876
f 7868 7878 7877
f 7869 7879 7878
f 7870 7880 7879
f 7871 7881 7880
f 7872 96 7881
f 344 7873 345
f 7873 7874 7882
f 7874 7875 7883
f 7875 7876 7884
f 7876 7877 7885
f 7877 7878 7886
f 7878 7879 7887
f 7879 7880 7888
f 7880 7881 7889
f 7881 96 97
f 7873 7882 345
f 7874 7883 7882
f 7875 7884 7883
f 7876 7885 7884
f 7877 7886 7885
f 7878 7887 7886
f 7879 7888 7887
f 7880 7889 7888
f 7881 97 7889
f 345 7882 346
f 7882 7883 7890
f 7883 7884 7891
f 7884 7885 7892
f 7885 7886 7893
f 7886 7887 7894
f 7887 7888 7895
f 7888 7889 7896
f 7889 97 98
f 7882 7890 346
f 7883 7891 7890
f 7884 7892 7891
f 7885 7893 7892
f 7886 7894 7893
f 7887 7895 7894
f 7888 7896 7895
f 7889 98 7896
f 346 7890 347
f 7890 7891 7897
f 7891 7892 7898
f 7892 7893 7899
f 7893 7894 7900
f 7894 7895 7901
f 7895 7896 7902
f 7896 98 99
f 7890 7897 347
f 7891 7898 7897
f 7892 7899 7898
f 7893 7900 7899
f 7894 7901 7900
f 7895 7902 7901
f 7896 99 7902
f 347 7897 348
f 7897 7898 7903
f 7898 7899 7904
f 7899 7900 7905
f 7900 7901 7906
f 7901 7902 7907
f 7902 99 100
f 7897 7903 348
f 7898 7904 7903
f 7899 7905 7904
f 7900 7906 7905
f 7901 7907 7906
f 7902 100 7907
f 348 7903 349
f 7903 7904 7908
f 7904 7905 7909
f 7905 7906 7910
f 7906 7907 7911
f 7907 100 101
f 7903 7908 349
f 7904 7909 7908
f 7905 7910 7909
f 7906 7911 7910
f 7907 101 7911
f 349 7908 350
f 7908 7909 7912
f 7909 7910 7913
f 7910 7911 7914
f 7911 101 102
f 7908 7912 350
f 7909 7913 7912
f 7910 7914 7913
f 7911 102 7914
f 350 7912 351
f 7912 7913 7915
f 7913 7914 7916
f 7914 102 103
f 7912 7915 351
f 7913 7916 7915
f 7914 103 7916
f 351 7915 352
f 7915 7916 7917
f 7916 103 104
f 7915 7917 352
f 7916 104 7917
f 352 7917 353
f 7917 104 105
f 7917 105 353
f 353 105 10
f 5 44 292
f 44 45 7918
f 45 46 7919
f 46 47 7920
f 47 48 7921
f 48 49 7922
f 49 50 7923
f 50 51 7924
f 51 52 7925
f 52 53 7926
f 53 54 7927
f 54 55 7928
f 55 56 7929
f 56 57 7930
f 57 58 7931
f 58 59 7932
f 59 60 7933
f 60 61 7934
f 61 62 7935
f 62 63 7936
f 63 64 7937
f 64 65 7938
f 65 66 7939
f 66 67 7940
f 67 68 7941
f 68 69 7942
f 69 70 7943
f 70 71 7944
f 71 72 7945
f 72 73 7946
f 73 74 7947
f 74 10 415
f 44 7918 292
f 45 7919 7918
f 46 7920 7919
f 47 7921 7920
f 48 7922 7921
f 49 7923 7922
f 50 7924 7923
f 51 7925 7924
f 52 7926 7925
f 53 7927 7926
f 54 7928 7927
f 55 7929 7928
f 56 7930 7929
f 57 7931 7930
f 58 7932 7931
f 59 7933 7932
f 60 7934 7933
f 61 7935 7934
f 62 7936 7935
f 63 7937 7936
f 64 7938 7937
f 65 7939 7938
f 66 7940 7939
f 67 7941 7940
f 68 7942 7941
f 69 7943 7942
f 70 7944 7943
f 71 7945 7944
f 72 7946 7945
f 73 7947 7946
f 74 415 7947
f 292 7918 293
f 7918 7919 7948
f 7919 7920 7949
f 7920 7921 7950
f 7921 7922 7951
f 7922 7923 7952
f 7923 7924 7953
f 7924 7925 7954
f 7925 7926 7955
f 7926 7927 7956
f 7927 7928 7957
f 7928 7929 7958
f 7929 7930 7959
f 7930 7931 7960
f 7931 7932 7961
f 7932 7933 7962
f 7933 7934 7963
f 7934 7935 7964
f 7935 7936 7965
f 7936 7937 7966
f 7937 7938 7967
f 7938 7939 7968
f 7939 7940 7969
f 7940 7941 7970
f 7941 7942 7971
f 7942 7943 7972
f 7943 7944 7973
f 7944 7945 7974
f 7945 7946 7975
f 7946 7947 7976
f 7947 415 414
f 7918 7948 293
f 7919 7949 7948
f 7920 7950 7949
f 7921 7951 7950
f 7922 7952 7951
f 7923 7953 7952
f 7924 7954 7953
f 7925 7955 7954
f 7926 7956 7955
f 7927 7957 7956
f 7928 7958 7957
f 7929 7959 7958
f 7930 7960 7959
f 7931 7961 7960
f 7932 7962 7961
f 7933 7963 7962
f 7934 7964 7963
f 7935 7965 7964
f 7936 7966 7965
f 7937 7967 7966
f 7938 7968 7967
f 7939 7969 7968
f 7940 7970 7969
f 7941 7971 7970
f 7942 7972 7971
f 7943 7973 7972
f 7944 7974 7973
f 7945 7975 7974
f 7946 7976 7975
f 7947 414 7976
f 293 7948 294
f 7948 7949 7977
f 7949 7950 7978
f 7950 7951 7979
f 7951 7952 7980
f 7952 7953 7981
f 7953 7954 7982
f 7954 7955 7983
f 7955 7956 7984
f 7956 7957 7985
f 7957 7958 7986
f 7958 7959 7987
f 7959 7960 7988
f 7960 7961 7989
f 7961 7962 7990
f 7962 7963 7991
f 7963 7964 7992
f 7964 7965 7993
f 7965 7966 7994
f 7966 7967 7995
f 7967 7968 7996
f 7968 7969 7997
f 7969 7970 7998
f 7970 7971 7999
f 7971 7972 8000
f 7972 7973 8001
f 7973 7974 8002
f 7974 7975 8003
f 7975 7976 8004
f 7976 414 413
f 7948 7977 294
f 7949 7978 7977
f 7950 7979 7978
f 7951 7980 7979
f 7952 7981 7980
f 7953 7982 7981
f 7954 7983 7982
f 7955 7984 7983
f 7956 7985 7984
f 7957 7986 7985
f 7958 7987 7986
f 7959 7988 7987
f 7960 7989 7988
f 7961 7990 7989
f 7962 7991 7990
f 7963 7992 7991
f 7964 7993 7992
f 7965 7994 7993
f 7966 7995 7994
f 7967 7996 7995
f 7968 7997 7996
f 7969 7998 7997
f 7970 7999 7998
f 7971 8000 7999
f 7972 8001 8000
f 7973 8002 8001
f 7974 8003 8002
f 7975 8004 8003
f 7976 413 8004
f 294 7977 295
f 7977 7978 8005
f 7978 7979 8006
f 7979 7980 8007
f 7980 7981 8008
f 7981 7982 8009
f 7982 7983 8010
f 7983 7984 8011
f 7984 7985 8012
f 7985 7986 8013
f 7986 7987 8014
f 7987 7988 8015
f 7988 7989 8016
f 7989 7990 8017
f 7990 7991 8018
f 7991 7992 8019
f 7992 7993 8020
f 7993 7994 8021
f 7994 7995 8022
f 7995 7996 8023
f 7996 7997 8024
f 7997 7998 8025
f 7998 7999 8026
f 7999 8000 8027
f 8000 8001 8028
f 8001 8002 8029
f 8002 8003 8030
f 8003 8004 8031
f 8004 413 412
f 7977 8005 295
f 7978 8006 8005
f 7979 8007 8006
f 7980 8008 8007
f 7981 8009 8008
f 7982 8010 8009
f 7983 8011 8010
f 7984 8012 8011
f 7985 8013 8012
f 7986 8014 8013
f 7987 8015 8014
f 7988 8016 8015
f 7989 8017 8016
f 7990 8018 8017
f 7991 8019 8018
f 7992 8020 8019
f 7993 8021 8020
f 7994 8022 8021
f 7995 8023 8022
f 7996 8024 8023
f 7997 8025 8024
f 7998 8026 8025
f 7999 8027 8026
f 8000 8028 8027
f 8001 8029 8028
f 8002 8030 8029
f 8003 8031 8030
f 8004 412 8031
f 295 8005 296
f 8005 8006 8032
f 8006 8007 8033
f 8007 8008 8034
f 8008 8009 8035
f 8009 8010 8036
f 8010 8011 8037
f 8011 8012 8038
f 8012 8013 8039
f 8013 8014 8040
f 8014 8015 8041
f 8015 8016 8042
f 8016 8017 8043
f 8017 8018 8044
f 8018 8019 8045
f 8019 8020 8046
f 8020 8021 8047
f 8021 8022 8048
f 8022 8023 8049
f 8023 8024 8050
f 8024 8025 8051
f 8025 8026 8052
f 8026 8027 8053
f 8027 8028 8054
f 8028 8029 8055
f 8029 8030 8056
f 8030 8031 8057
f 8031 412 411
f 8005 8032 296
f 8006 8033 8032
f 8007 8034 8033
f 8008 8035 8034
f 8009 8036 8035
f 8010 8037 8036
f 8011 8038 8037
f 8012 8039 8038
f 8013 8040 8039
f 8014 8041 8040
f 8015 8042 8041
f 8016 8043 8042
f 8017 8044 8043
f 8018 8045 8044
f 8019 8046 8045
f 8020 8047 8046
f 8021 8048 8047
f 8022 8049 8048
f 8023 8050 8049
f 8024 8051 8050
f 8025 8052 8051
f 8026 8053 8052
f 8027 8054 8053
f 8028 8055 8054
f 8029 8056 8055
f 8030 8057 8056
f 8031 411 8057
f 296 8032 297
f 8032 8033 8058
f 8033 8034 8059
f 8034 8035 8060
f 8035 8036 8061
f 8036 8037 8062
f 8037 8038 8063
f 8038 8039 8064
f 8039 8040 8065
f 8040 8041 8066
f 8041 8042 8067
f 8042 8043 8068
f 8043 8044 8069
f 8044 8045 8070
f 8045 8046 8071
f 8046 8047 8072
f 8047 8048 8073
f 8048 8049 8074
f 8049 8050 8075
f 8050 8051 8076
f 8051 8052 8077
f 8052 8053 8078
f 8053 8054 8079
f 8054 8055 8080
f 8055 8056 8081
f 8056 8057 8082
f 8057 411 410
f 8032 8058 297
f 8033 8059 8058
f 8034 8060 8059
f 8035 8061 8060
f 8036 8062 8061
f 8037 8063 8062
f 8038 8064 8063
f 8039 8065 8064
f 8040 8066 8065
f 8041 8067 8066
f 8042 8068 8067
f 8043 8069 8068
f 8044 8070 8069
f 8045 8071 8070
f 8046 8072 8071
f 8047 8073 8072
f 8048 8074 8073
f 8049 8075 8074
f 8050 8076 8075
f 8051 8077 8076
f 8052 8078 8077
f 8053 8079 8078
f 8054 8080 8079
f 8055 8081 8080
f 8056 8082 8081
f 8057 410 8082
f 297 8058 298
f 8058 8059 8083
f 8059 8060 8084
f 8060 8061 8085
f 8061 8062 8086
f 8062 8063 8087
f 8063 8064 8088
f 8064 8065 8089
f 8065 8066 8090
f 8066 8067 8091
f 8067 8068 8092
f 8068 8069 8093
f 8069 8070 8094
f 8070 8071 8095
f 8071 8072 8096
f 8072 8073 8097
f 8073 8074 8098
f 8074 8075 8099
f 8075 8076 8100
f 8076 8077 8101
f 8077 8078 8102
f 8078 8079 8103
f 8079 8080 8104
f 8080 8081 8105
f 8081 8082 8106
f 8082 410 409
f 8058 8083 298
f 8059 8084 8083
f 8060 8085 8084
f 8061 8086 8085
f 8062 8087 8086
f 8063 8088 8087
f 8064 8089 8088
f 8065 8090 8089
f 8066 8091 8090
f 8067 8092 8091
f 8068 8093 8092
f 8069 8094 8093
f 8070 8095 8094
f 8071 8096 8095
f 8072 8097 8096
f 8073 8098 8097
f 8074 8099 8098
f 8075 8100 8099
f 8076 8101 8100
f 8077 8102 8101
f 8078 8103 8102
f 8079 8104 8103
f 8080 8105 8104
f 8081 8106 8105
f 8082 409 8106
f 298 8083 299
f 8083 8084 8107
f 8084 8085 8108
f 8085 8086 8109
f 8086 8087 8110
f 8087 8088 8111
f 8088 8089 8112
f 8089 8090 8113
f 8090 8091 8114
f 8091 8092 8115
f 8092 8093 8116
f 8093 8094 8117
f 8094 8095 8118
f 8095 8096 8119
f 8096 8097 8120
f 8097 8098 8121
f 8098 8099 8122
f 8099 8100 8123
f 8100 8101 8124
f 8101 8102 8125
f 8102 8103 8126
f 8103 8104 8127
f 8104 8105 8128
f 8105 8106 8129
f 8106 409 408
f 8083 8107 299
f 8084 8108 8107
f 8085 8109 8108
f 8086 8110 8109
f 8087 8111 8110
f 8088 8112 8111
f 8089 8113 8112
f 8090 8114 8113
f 8091 8115 8114
f 8092 8116 8115
f 8093 8117 8116
f 8094 8118 8117
f 8095 8119 8118
f 8096 8120 8119
f 8097 8121 8120
f 8098 8122 8121
f 8099 8123 8122
f 8100 8124 8123
f 8101 8125 8124
f 8102 8126 8125
f 8103 8127 8126
f 8104 8128 8127
f 8105 8129 8128
f 8106 408 8129
f 299 8107 300
f 8107 8108 8130
f 8108 8109 8131
f 8109 8110 8132
f 8110 8111 8133
f 8111 8112 8134
f 8112 8113 8135
f 8113 8114 8136
f 8114 8115 8137
f 8115 8116 8138
f 8116 8117 8139
f 8117 8118 8140
f 8118 8119 8141
f 8119 8120 8142
f 8120 8121 8143
f 8121 8122 8144
f 8122 8123 8145
f 8123 8124 8146
f 8124 8125 8147
f 8125 8126 8148
f 8126 8127 8149
f 8127 8128 8150
f 8128 8129 8151
f 8129 408 407
f 8107 8130 300
f 8108 8131 8130
f 8109 8132 8131
f 8110 8133 8132
f 8111 8134 8133
f 8112 8135 8134
f 8113 8136 8135
f 8114 8137 8136
f 8115 8138 8137
f 8116 8139 8138
f 8117 8140 8139
f 8118 8141 8140
f 8119 8142 8141
f 8120 8143 8142
f 8121 8144 8143
f 8122 8145 8144
f 8123 8146 8145
f 8124 8147 8146
f 8125 8148 8147
f 8126 8149 8148
f 8127 8150 8149
f 8128 8151 8150
f 8129 407 8151
f 300 8130 301
f 8130 8131 8152
f 8131 8132 8153
f 8132 8133 8154
f 8133 8134 8155
f 8134 8135 8156
f 8135 8136 8157
f 8136 8137 8158
f 8137 8138 8159
f 8138 8139 8160
f 8139 8140 8161
f 8140 8141 8162
f 8141 8142 8163
f 8142 8143 8164
f 8143 8144 8165
f 8144 8145 8166
f 8145 8146 8167
f 8146 8147 8168
f 8147 8148 8169
f 8148 8149 8170
f 8149 8150 8171
f 8150 8151 8172
f 8151 407 406
f 8130 8152 301
f 8131 8153 8152
f 8132 8154 8153
f 8133 8155 8154
f 8134 8156 8155
f 8135 8157 8156
f 8136 8158 8157
f 8137 8159 8158
f 8138 8160 8159
f 8139 8161 8160
f 8140 8162 8161
f 8141 8163 8162
f 8142 8164 8163
f 8143 8165 8164
f 8144 8166 8165
f 8145 8167 8166
f 8146 8168 8167
f 8147 8169 8168
f 8148 8170 8169
f 8149 8171 8170
f 8150 8172 8171
f 8151 406 8172
f 301 8152 302
f 8152 8153 8173
f 8153 8154 8174
f 8154 8155 8175
f 8155 8156 8176
f 8156 8157 8177
f 8157 8158 8178
f 8158 8159 8179
f 8159 8160 8180
f 8160 8161 8181
f 8161 8162 8182
f 8162 8163 8183
f 8163 8164 8184
f 8164 8165 8185
f 8165 8166 8186
f 8166 8167 8187
f 8167 8168 8188
f 8168 8169 8189
f 8169 8170 8190
f 8170 8171 8191
f 8171 8172 8192
f 8172 406 405
f 8152 8173 302
f 8153 8174 8173
f 8154 8175 8174
f 8155 8176 8175
f 8156 8177 8176
f 8157 8178 8177
f 8158 8179 8178
f 8159 8180 8179
f 8160 8181 8180
f 8161 8182 8181
f 8162 8183 8182
f 8163 8184 8183
f 8164 8185 8184
f 8165 8186 8185
f 8166 8187 8186
f 8167 8188 8187
f 8168 8189 8188
f 8169 8190 8189
f 8170 8191 8190
f 8171 8192 8191
f 8172 405 8192
f 302 8173 303
f 8173 8174 8193
f 8174 8175 8194
f 8175 8176 8195
f 8176 8177 8196
f 8177 8178 8197
f 8178 8179 8198
f 8179 8180 8199
f 8180 8181 8200
f 8181 8182 8201
f 8182 8183 8202
f 8183 8184 8203
f 8184 8185 8204
f 8185 8186 8205
f 8186 8187 8206
f 8187 8188 8207
f 8188 8189 8208
f 8189 8190 8209
f 8190 8191 8210
f 8191 8192 8211
f 8192 405 404
f 8173 8193 303
f 8174 8194 8193
f 8175 8195 8194
f 8176 8196 8195
f 8177 8197 8196
f 8178 8198 8197
f 8179 8199 8198
f 8180 8200 8199
f 8181 8201 8200
f 8182 8202 8201
f 8183 8203 8202
f 8184 8204 8203
f 8185 8205 8204
f 8186 8206 8205
f 8187 8207 8206
f 8188 8208 8207
f 8189 8209 8208
f 8190 8210 8209
f 8191 8211 8210
f 8192 404 8211
f 303 8193 304
f 8193 8194 8212
f 8194 8195 8213
f 8195 8196 8214
f 8196 8197 8215
f 8197 8198 8216
f 8198 8199 8217
f 8199 8200 8218
f 8200 8201 8219
f 8201 8202 8220
f 8202 8203 8221
f 8203 8204 8222
f 8204 8205 8223
f 8205 8206 8224
f 8206 8207 8225
f 8207 8208 8226
f 8208 8209 8227
f 8209 8210 8228
f 8210 8211 8229
f 8211 404 403
f 8193 8212 304
f 8194 8213 8212
f 8195 8214 8213
f 8196 8215 8214
f 8197 8216 8215
f 8198 8217 8216
f 8199 8218 8217
f 8200 8219 8218
f 8201 8220 8219
f 8202 8221 8220
f 8203 8222 8221
f 8204 8223 8222
f 8205 8224 8223
f 8206 8225 8224
f 8207 8226 8225
f 8208 8227 8226
f 8209 8228 8227
f 8210 8229 8228
f 8211 403 8229
f 304 8212 305
f 8212 8213 8230
f 8213 8214 8231
f 8214 8215 8232
f 8215 8216 8233
f 8216 8217 8234
f 8217 8218 8235
f 8218 8219 8236
f 8219 8220 8237
f 8220 8221 8238
f 8221 8222 8239
f 8222 8223 8240
f 8223 8224 8241
f 8224 8225 8242
f 8225 8226 8243
f 8226 8227 8244
f 8227 8228 8245
f 8228 8229 8246
f 8229 403 402
f 8212 8230 305
f 8213 8231 8230
f 8214 8232 8231
f 8215 8233 8232
f 8216 8234 8233
f 8217 8235 8234
f 8218 8236 8235
f 8219 8237 8236
f 8220 8238 8237
f 8221 8239 8238
f 8222 8240 8239
f 8223 8241 8240
f 8224 8242 8241
f 8225 8243 8242
f 8226 8244 8243
f 8227 8245 8244
f 8228 8246 8245
f 8229 402 8246
f 305 8230 306
f 8230 8231 8247
f 8231 8232 8248
f 8232 8233 8249
f 8233 8234 8250
f 8234 8235 8251
f 8235 8236 8252
f 8236 8237 8253
f 8237 8238 8254
f 8238 8239 8255
f 8239 8240 8256
f 8240 8241 8257
f 8241 8242 8258
f 8242 8243 8259
f 8243 8244 8260
f 8244 8245 8261
f 8245 8246 8262
f 8246 402 401
f 8230 8247 306
f 8231 8248 8247
f 8232 8249 8248
f 8233 8250 8249
f 8234 8251 8250
f 8235 8252 8251
f 8236 8253 8252
f 8237 8254 8253
f 8238 8255 8254
f 8239 8256 8255
f 8240 8257 8256
f 8241 8258 8257
f 8242 8259 8258
f 8243 8260 8259
f 8244 8261 8260
f 8245 8262 8261
f 8246 401 8262
f 306 8247 307
f 8247 8248 8263
f 8248 8249 8264
f 8249 8250 8265
f 8250 8251 8266
f 8251 8252 8267
f 8252 8253 8268
f 8253 8254 8269
f 8254 8255 8270
f 8255 8256 8271
f 8256 8257 8272
f 8257 8258 8273
f 8258 8259 8274
f 8259 8260 8275
f 8260 8261 8276
f 8261 8262 8277
f 8262 401 400
f 8247 8263 307
f 8248 8264 8263
f 8249 8265 8264
f 8250 8266 8265
f 8251 8267 8266
f 8252 8268 8267
f 8253 8269 8268
f 8254 8270 8269
f 8255 8271 8270
f 8256 8272 8271
f 8257 8273 8272
f 8258 8274 8273
f 8259 8275 8274
f 8260 8276 8275
f 8261 8277 8276
f 8262 400 8277
f 307 8263 308
f 8263 8264 8278
f 8264 8265 8279
f 8265 8266 8280
f 8266 8267 8281
f 8267 8268 8282
f 8268 8269 8283
f 8269 8270 8284
f 8270 8271 8285
f 8271 8272 8286
f 8272 8273 8287
f 8273 8274 8288
f 8274 8275 8289
f 8275 8276 8290
f 8276 8277 8291
f 8277 400 399
f 8263 8278 308
f 8264 8279 8278
f 8265 8280 8279
f 8266 8281 8280
f 8267 8282 8281
f 8268 8283 8282
f 8269 8284 8283
f 8270 8285 8284
f 8271 8286 8285
f 8272 8287 8286
f 8273 8288 8287
f 8274 8289 8288
f 8275 8290 8289
f 8276 8291 8290
f 8277 399 8291
f 308 8278 309
f 8278 8279 8292
f 8279 8280 8293
f 8280 8281 8294
f 8281 8282 8295
f 8282 8283 8296
f 8283 8284 8297
f 8284 8285 8298
f 8285 8286 8299
f 8286 8287 8300
f 8287 8288 8301
f 8288 8289 8302
f 8289 8290 8303
f 8290 8291 8304
f 8291 399 398
f 8278 8292 309
f 8279 8293 8292
f 8280 8294 8293
f 8281 8295 8294
f 8282 8296 8295
f 8283 8297 8296
f 8284 8298 8297
f 8285 8299 8298
f 8286 8300 8299
f 8287 8301 8300
f 8288 8302 8301
f 8289 8303 8302
f 8290 8304 8303
f 8291 398 8304
f 309 8292 310
f 8292 8293 8305
f 8293 8294 8306
f 8294 8295 8307
f 8295 8296 8308
f 8296 8297 8309
f 8297 8298 8310
f 8298 8299 8311
f 8299 8300 8312
f 8300 8301 8313
f 8301 8302 8314
f 8302 8303 8315
f 8303 8304 8316
f 8304 398 397
f 8292 8305 310
f 8293 8306 8305
f 8294 8307 8306
f 8295 8308 8307
f 8296 8309 8308
f 8297 8310 8309
f 8298 8311 8310
f 8299 8312 8311
f 8300 8313 8312
f 8301 8314 8313
f 8302 8315 8314
f 8303 8316 8315
f 8304 397 8316
f 310 8305 311
f 8305 8306 8317
f 8306 8307 8318
f 8307 8308 8319
f 8308 8309 8320
f 8309 8310 8321
f 8310 8311 8322
f 8311 8312 8323
f 8312 8313 8324
f 8313 8314 8325
f 8314 8315 8326
f 8315 8316 8327
f 8316 397 396
f 8305 8317 311
f 8306 8318 8317
f 8307 8319 8318
f 8308 8320 8319
f 8309 8321 8320
f 8310 8322 8321
f 8311 8323 8322
f 8312 8324 8323
f 8313 8325 8324
f 8314 8326 8325
f 8315 8327 8326
f 8316 396 8327
f 311 8317 312
f 8317 8318 8328
f 8318 8319 8329
f 8319 8320 8330
f 8320 8321 8331
f 8321 8322 8332
f 8322 8323 8333
f 8323 8324 8334
f 8324 8325 8335
f 8325 8326 8336
f 8326 8327 8337
f 8327 396 395
f 8317 8328 312
f 8318 8329 8328
f 8319 8330 8329
f 8320 8331 8330
f 8321 8332 8331
f 8322 8333 8332
f 8323 8334 8333
f 8324 8335 8334
f 8325 8336 8335
f 8326 8337 8336
f 8327 395 8337
f 312 8328 313
f 8328 8329 8338
f 8329 8330 8339
f 8330 8331 8340
f 8331 8332 8341
f 8332 8333 8342
f 8333 8334 8343
f 8334 8335 8344
f 8335 8336 8345
f 8336 8337 8346
f 8337 395 394
f 8328 8338 313
f 8329 8339 8338
f 8330 8340 8339
f 8331 8341 8340
f 8332 8342 8341
f 8333 8343 8342
f 8334 8344 8343
f 8335 8345 8344
f 8336 8346 8345
f 8337 394 8346
f 313 8338 314
f 8338 8339 8347
f 8339 8340 8348
f 8340 8341 8349
f 8341 8342 8350
f 8342 8343 8351
f 8343 8344 8352
f 8344 8345 8353
f 8345 8346 8354
f 8346 394 393
f 8338 8347 314
f 8339 8348 8347
f 8340 8349 8348
f 8341 8350 8349
f 8342 8351 8350
f 8343 8352 8351
f 8344 8353 8352
f 8345 8354 8353
f 8346 393 8354
f 314 8347 315
f 8347 8348 8355
f 8348 8349 8356
f 8349 8350 8357
f 8350 8351 8358
f 8351 8352 8359
f 8352 8353 8360
f 8353 8354 8361
f 8354 393 392
f 8347 8355 315
f 8348 8356 8355
f 8349 8357 8356
f 8350 8358 8357
f 8351 8359 8358
f 8352 8360 8359
f 8353 8361 8360
f 8354 392 8361
f 315 8355 316
f 8355 8356 8362
f 8356 8357 8363
f 8357 8358 8364
f 8358 8359 8365
f 8359 8360 8366
f 8360 8361 8367
f 8361 392 391
f 8355 8362 316
f 8356 8363 8362
f 8357 8364 8363
f 8358 8365 8364
f 8359 8366 8365
f 8360 8367 8366
f 8361 391 8367
f 316 8362 317
f 8362 8363 8368
f 8363 8364 8369
f 8364 8365 8370
f 8365 8366 8371
f 8366 8367 8372
f 8367 391 390
f 8362 8368 317
f 8363 8369 8368
f 8364 8370 8369
f 8365 8371 8370
f 8366 8372 8371
f 8367 390 8372
f 317 8368 318
f 8368 8369 8373
f 8369 8370 8374
f 8370 8371 8375
f 8371 8372 8376
f 8372 390 389
f 8368 8373 318
f 8369 8374 8373
f 8370 8375 8374
f 8371 8376 8375
f 8372 389 8376
f 318 8373 319
f 8373 8374 8377
f 8374 8375 8378
f 8375 8376 8379
f 8376 389 388
f 8373 8377 319
f 8374 8378 8377
f 8375 8379 8378
f 8376 388 8379
f 319 8377 320
f 8377 8378 8380
f 8378 8379 8381
f 8379 388 387
f 8377 8380 320
f 8378 8381 8380
f 8379 387 8381
f 320 8380 321
f 8380 8381 8382
f 8381 387 386
f 8380 8382 321
f 8381 386 8382
f 321 8382 322
f 8382 386 385
f 8382 385 322
f 322 385 6
f 3 509 137
f 509 510 8383
f 510 511 8384
f 511 512 8385
f 512 513 8386
f 513 514 8387
f 514 515 8388
f 515 516 8389
f 516 517 8390
f 517 518 8391
f 518 519 8392
f 519 520 8393
f 520 521 8394
f 521 522 8395
f 522 523 8396
f 523 524 8397
f 524 525 8398
f 525 526 8399
f 526 527 8400
f 527 528 8401
f 528 529 8402
f 529 530 8403
f 530 531 8404
f 531 532 8405
f 532 533 8406
f 533 534 8407
f 534 535 8408
f 535 536 8409
f 536 537 8410
f 537 538 8411
f 538 539 8412
f 539 5 416
f 509 8383 137
f 510 8384 8383
f 511 8385 8384
f 512 8386 8385
f 513 8387 8386
f 514 8388 8387
f 515 8389 8388
f 516 8390 8389
f 517 8391 8390
f 518 8392 8391
f 519 8393 8392
f 520 8394 8393
f 521 8395 8394
f 522 8396 8395
f 523 8397 8396
f 524 8398 8397
f 525 8399 8398
f 526 8400 8399
f 527 8401 8400
f 528 8402 8401
f 529 8403 8402
f 530 8404 8403
f 531 8405 8404
f 532 8406 8405
f 533 8407 8406
f 534 8408 8407
f 535 8409 8408
f 536 8410 8409
f 537 8411 8410
f 538 8412 8411
f 539 416 8412
f 137 8383 138
f 8383 8384 8413
f 8384 8385 8414
f 8385 8386 8415
f 8386 8387 8416
f 8387 8388 8417
f 8388 8389 8418
f 8389 8390 8419
f 8390 8391 8420
f 8391 8392 8421
f 8392 8393 8422
f 8393 8394 8423
f 8394 8395 8424
f 8395 8396 8425
f 8396 8397 8426
f 8397 8398 8427
f 8398 8399 8428
f 8399 8400 8429
f 8400 8401 8430
f 8401 8402 8431
f 8402 8403 8432
f 8403 8404 8433
f 8404 8405 8434
f 8405 8406 8435
f 8406 8407 8436
f 8407 8408 8437
f 8408 8409 8438
f 8409 8410 8439
f 8410 8411 8440
f 8411 8412 8441
f 8412 416 417
f 8383 8413 138
f 8384 8414 8413
f 8385 8415 8414
f 8386 8416 8415
f 8387 8417 8416
f 8388 8418 8417
f 8389 8419 8418
f 8390 8420 8419
f 8391 8421 8420
f 8392 8422 8421
f 8393 8423 8422
f 8394 8424 8423
f 8395 8425 8424
f 8396 8426 8425
f 8397 8427 8426
f 8398 8428 8427
f 8399 8429 8428
f 8400 8430 8429
f 8401 8431 8430
f 8402 8432 8431
f 8403 8433 8432
f 8404 8434 8433
f 8405 8435 8434
f 8406 8436 8435
f 8407 8437 8436
f 8408 8438 8437
f 8409 8439 8438
f 8410 8440 8439
f 8411 8441 8440
f 8412 417 8441
f 138 8413 139
f 8413 8414 8442
f 8414 8415 8443
f 8415 8416 8444
f 8416 8417 8445
f 8417 8418 8446
f 8418 8419 8447
f 8419 8420 8448
f 8420 8421 8449
f 8421 8422 8450
f 8422 8423 8451
f 8423 8424 8452
f 8424 8425 8453
f 8425 8426 8454
f 8426 8427 8455
f 8427 8428 8456
f 8428 8429 8457
f 8429 8430 8458
f 8430 8431 8459
f 8431 8432 8460
f 8432 8433 8461
f 8433 8434 8462
f 8434 8435 8463
f 8435 8436 8464
f 8436 8437 8465
f 8437 8438 8466
f 8438 8439 8467
f 8439 8440 8468
f 8440 8441 8469
f 8441 417 418
f 8413 8442 139
f 8414 8443 8442
f 8415 8444 8443
f 8416 8445 8444
f 8417 8446 8445
f 8418 8447 8446
f 8419 8448 8447
f 8420 8449 8448
f 8421 8450 8449
f 8422 8451 8450
f 8423 8452 8451
f 8424 8453 8452
f 8425 8454 8453
f 8426 8455 8454
f 8427 8456 8455
f 8428 8457 8456
f 8429 8458 8457
f 8430 8459 8458
f 8431 8460 8459
f 8432 8461 8460
f 8433 8462 8461
f 8434 8463 8462
f 8435 8464 8463
f 8436 8465 8464
f 8437 8466 8465
f 8438 8467 8466
f 8439 8468 8467
f 8440 8469 8468
f 8441 418 8469
f 139 8442 140
f 8442 8443 8470
f 8443 8444 8471
f 8444 8445 8472
f 8445 8446 8473
f 8446 8447 8474
f 8447 8448 8475
f 8448 8449 8476
f 8449 8450 8477
f 8450 8451 8478
f 8451 8452 8479
f 8452 8453 8480
f 8453 8454 8481
f 8454 8455 8482
f 8455 8456 8483
f 8456 8457 8484
f 8457 8458 8485
f 8458 8459 8486
f 8459 8460 8487
f 8460 8461 8488
f 8461 8462 8489
f 8462 8463 8490
f 8463 8464 8491
f 8464 8465 8492
f 8465 8466 8493
f 8466 8467 8494
f 8467 8468 8495
f 8468 8469 8496
f 8469 418 419
f 8442 8470 140
f 8443 8471 8470
f 8444 8472 8471
f 8445 8473 8472
f 8446 8474 8473
f 8447 8475 8474
f 8448 8476 8475
f 8449 8477 8476
f 8450 8478 8477
f 8451 8479 8478
f 8452 8480 8479
f 8453 8481 8480
f 8454 8482 8481
f 8455 8483 8482
f 8456 8484 8483
f 8457 8485 8484
f 8458 8486 8485
f 8459 8487 8486
f 8460 8488 8487
f 8461 8489 8488
f 8462 8490 8489
f 8463 8491 8490
f 8464 8492 8491
f 8465 8493 8492
f 8466 8494 8493
f 8467 8495 8494
f 8468 8496 8495
f 8469 419 8496
f 140 8470 141
f 8470 8471 8497
f 8471 8472 8498
f 8472 8473 8499
f 8473 8474 8500
f 8474 8475 8501
f 8475 8476 8502
f 8476 8477 8503
f 8477 8478 8504
f 8478 8479 8505
f 8479 8480 8506
f 8480 8481 8507
f 8481 8482 8508
f 8482 8483 8509
f 8483 8484 8510
f 8484 8485 8511
f 8485 8486 8512
f 8486 8487 8513
f 8487 8488 8514
f 8488 8489 8515
f 8489 8490 8516
f 8490 8491 8517
f 8491 8492 8518
f 8492 8493 8519
f 8493 8494 8520
f 8494 8495 8521
f 8495 8496 8522
f 8496 419 420
f 8470 8497 141
f 8471 8498 8497
f 8472 8499 8498
f 8473 8500 8499
f 8474 8501 8500
f 8475 8502 8501
f 8476 8503 8502
f 8477 8504 8503
f 8478 8505 8504
f 8479 8506 8505
f 8480 8507 8506
f 8481 8508 8507
f 8482 8509 8508
f 8483 8510 8509
f 8484 8511 8510
f 8485 8512 8511
f 8486 8513 8512
f 8487 8514 8513
f 8488 8515 8514
f 8489 8516 8515
f 8490 8517 8516
f 8491 8518 8517
f 8492 8519 8518
f 8493 8520 8519
f 8494 8521 8520
f 8495 8522 8521
f 8496 420 8522
f 141 8497 142
f 8497 8498 8523
f 8498 8499 8524
f 8499 8500 8525
f 8500 8501 8526
f 8501 8502 8527
f 8502 8503 8528
f 8503 8504 8529
f 8504 8505 8530
f 8505 8506 8531
f 8506 8507 8532
f 8507 8508 8533
f 8508 8509 8534
f 8509 8510 8535
f 8510 8511 8536
f 8511 8512 8537
f 8512 8513 8538
f 8513 8514 8539
f 8514 8515 8540
f 8515 8516 8541
f 8516 8517 8542
f 8517 8518 8543
f 8518 8519 8544
f 8519 8520 8545
f 8520 8521 8546
f 8521 8522 8547
f 8522 420 421
f 8497 8523 142
f 8498 8524 8523
f 8499 8525 8524
f 8500 8526 8525
f 8501 8527 8526
f 8502 8528 8527
f 8503 8529 8528
f 8504 8530 8529
f 8505 8531 8530
f 8506 8532 8531
f 8507 8533 8532
f 8508 8534 8533
f 8509 8535 8534
f 8510 8536 8535
f 8511 8537 8536
f 8512 8538 8537
f 8513 8539 8538
f 8514 8540 8539
f 8515 8541 8540
f 8516 8542 8541
f 8517 8543 8542
f 8518 8544 8543
f 8519 8545 8544
f 8520 8546 8545
f 8521 8547 8546
f 8522 421 8547
f 142 8523 143
f 8523 8524 8548
f 8524 8525 8549
f 8525 8526 8550
f 8526 8527 8551
f 8527 8528 8552
f 8528 8529 8553
f 8529 8530 8554
f 8530 8531 8555
f 8531 8532 8556
f 8532 8533 8557
f 8533 8534 8558
f 8534 8535 8559
f 8535 8536 8560
f 8536 8537 8561
f 8537 8538 8562
f 8538 8539 8563
f 8539 8540 8564
f 8540 8541 8565
f 8541 8542 8566
f 8542 8543 8567
f 8543 8544 8568
f 8544 8545 8569
f 8545 8546 8570
f 8546 8547 8571
f 8547 421 422
f 8523 8548 143
f 8524 8549 8548
f 8525 8550 8549
f 8526 8551 8550
f 8527 8552 8551
f 8528 8553 8552
f 8529 8554 8553
f 8530 8555 8554
f 8531 8556 8555
f 8532 8557 8556
f 8533 8558 8557
f 8534 8559 8558
f 8535 8560 8559
f 8536 8561 8560
f 8537 8562 8561
f 8538 8563 8562
f 8539 8564 8563
f 8540 8565 8564
f 8541 8566 8565
f 8542 8567 8566
f 8543 8568 8567
f 8544 8569 8568
f 8545 8570 8569
f 8546 8571 8570
f 8547 422 8571
f 143 8548 144
f 8548 8549 8572
f 8549 8550 8573
f 8550 8551 8574
f 8551 8552 8575
f 8552 8553 8576
f 8553 8554 8577
f 8554 8555 8578
f 8555 8556 8579
f 8556 8557 8580
f 8557 8558 8581
f 8558 8559 8582
f 8559 8560 8583
f 8560 8561 8584
f 8561 8562 8585
f 8562 8563 8586
f 8563 8564 8587
f 8564 8565 8588
f 8565 8566 8589
f 8566 8567 8590
f 8567 8568 8591
f 8568 8569 8592
f 8569 8570 8593
f 8570 8571 8594
f 8571 422 423
f 8548 8572 144
f 8549 8573 8572
f 8550 8574 8573
f 8551 8575 8574
f 8552 8576 8575
f 8553 8577 8576
f 8554 8578 8577
f 8555 8579 8578
f 8556 8580 8579
f 8557 8581 8580
f 8558 8582 8581
f 8559 8583 8582
f 8560 8584 8583
f 8561 8585 8584
f 8562 8586 8585
f 8563 8587 8586
f 8564 8588 8587
f 8565 8589 8588
f 8566 8590 8589
f 8567 8591 8590
f 8568 8592 8591
f 8569 8593 8592
f 8570 8594 8593
f 8571 423 8594
f 144 8572 145
f 8572 8573 8595
f 8573 8574 8596
f 8574 8575 8597
f 8575 8576 8598
f 8576 8577 8599
f 8577 8578 8600
f 8578 8579 8601
f 8579 8580 8602
f 8580 8581 8603
f 8581 8582 8604
f 8582 8583 8605
f 8583 8584 8606
f 8584 8585 8607
f 8585 8586 8608
f 8586 8587 8609
f 8587 8588 8610
f 8588 8589 8611
f 8589 8590 8612
f 8590 8591 8613
f 8591 8592 8614
f 8592 8593 8615
f 8593 8594 8616
f 8594 423 424
f 8572 8595 145
f 8573 8596 8595
f 8574 8597 8596
f 8575 8598 8597
f 8576 8599 8598
f 8577 8600 8599
f 8578 8601 8600
f 8579 8602 8601
f 8580 8603 8602
f 8581 8604 8603
f 8582 8605 8604
f 8583 8606 8605
f 8584 8607 8606
f 8585 8608 8607
f 8586 8609 8608
f 8587 8610 8609
f 8588 8611 8610
f 8589 8612 8611
f 8590 8613 8612
f 8591 8614 8613
f 8592 8615 8614
f 8593 8616 8615
f 8594 424 8616
f 145 8595 146
f 8595 8596 8617
f 8596 8597 8618
f 8597 8598 8619
f 8598 8599 8620
f 8599 8600 8621
f 8600 8601 8622
f 8601 8602 8623
f 8602 8603 8624
f 8603 8604 8625
f 8604 8605 8626
f 8605 8606 8627
f 8606 8607 8628
f 8607 8608 8629
f 8608 8609 8630
f 8609 8610 8631
f 8610 8611 8632
f 8611 8612 8633
f 8612 8613 8634
f 8613 8614 8635
f 8614 8615 8636
f 8615 8616 8637
f 8616 424 425
f 8595 8617 146
f 8596 8618 8617
f 8597 8619 8618
f 8598 8620 8619
f 8599 8621 8620
f 8600 8622 8621
f 8601 8623 8622
f 8602 8624 8623
f 8603 8625 8624
f 8604 8626 8625
f 8605 8627 8626
f 8606 8628 8627
f 8607 8629 8628
f 8608 8630 8629
f 8609 8631 8630
f 8610 8632 8631
f 8611 8633 8632
f 8612 8634 8633
f 8613 8635 8634
f 8614 8636 8635
f 8615 8637 8636
f 8616 425 8637
f 146 8617 147
f 8617 8618 8638
f 8618 8619 8639
f 8619 8620 8640
f 8620 8621 8641
f 8621 8622 8642
f 8622 8623 8643
f 8623 8624 8644
f 8624 8625 8645
f 8625 8626 8646
f 8626 8627 8647
f 8627 8628 8648
f 8628 8629 8649
f 8629 8630 8650
f 8630 8631 8651
f 8631 8632 8652
f 8632 8633 8653
f 8633 8634 8654
f 8634 8635 8655
f 8635 8636 8656
f 8636 8637 8657
f 8637 425 426
f 8617 8638 147
f 8618 8639 8638
f 8619 8640 8639
f 8620 8641 8640
f 8621 8642 8641
f 8622 8643 8642
f 8623 8644 8643
f 8624 8645 8644
f 8625 8646 8645
f 8626 8647 8646
f 8627 8648 8647
f 8628 8649 8648
f 8629 8650 8649
f 8630 8651 8650
f 8631 8652 8651
f 8632 8653 8652
f 8633 8654 8653
f 8634 8655 8654
f 8635 8656 8655
f 8636 8657 8656
f 8637 426 8657
f 147 8638 148
f 8638 8639 8658
f 8639 8640 8659
f 8640 8641 8660
f 8641 8642 8661
f 8642 8643 8662
f 8643 8644 8663
f 8644 8645 8664
f 8645 8646 8665
f 8646 8647 8666
f 8647 8648 8667
f 8648 8649 8668
f 8649 8650 8669
f 8650 8651 8670
f 8651 8652 8671
f 8652 8653 8672
f 8653 8654 8673
f 8654 8655 8674
f 8655 8656 8675
f 8656 8657 8676
f 8657 426 427
f 8638 8658 148
f 8639 8659 8658
f 8640 8660 8659
f 8641 8661 8660
f 8642 8662 8661
f 8643 8663 8662
f 8644 8664 8663
f 8645 8665 8664
f 8646 8666 8665
f 8647 8667 8666
f 8648 8668 8667
f 8649 8669 8668
f 8650 8670 8669
f 8651 8671 8670
f 8652 8672 8671
f 8653 8673 8672
f 8654 8674 8673
f 8655 8675 8674
f 8656 8676 8675
f 8657 427 8676
f 148 8658 149
f 8658 8659 8677
f 8659 8660 8678
f 8660 8661 8679
f 8661 8662 8680
f 8662 8663 8681
f 8663 8664 8682
f 8664 8665 8683
f 8665 8666 8684
f 8666 8667 8685
f 8667 8668 8686
f 8668 8669 8687
f 8669 8670 8688
f 8670 8671 8689
f 8671 8672 8690
f 8672 8673 8691
f 8673 8674 8692
f 8674 8675 8693
f 8675 8676 8694
f 8676 427 428
f 8658 8677 149
f 8659 8678 8677
f 8660 8679 8678
f 8661 8680 8679
f 8662 8681 8680
f 8663 8682 8681
f 8664 8683 8682
f 8665 8684 8683
f 8666 8685 8684
f 8667 8686 8685
f 8668 8687 8686
f 8669 8688 8687
f 8670 8689 8688
f 8671 8690 8689
f 8672 8691 8690
f 8673 8692 8691
f 8674 8693 8692
f 8675 8694 8693
f 8676 428 8694
f 149 8677 150
f 8677 8678 8695
f 8678 8679 8696
f 8679 8680 8697
f 8680 8681 8698
f 8681 8682 8699
f 8682 8683 8700
f 8683 8684 8701
f 8684 8685 8702
f 8685 8686 8703
f 8686 8687 8704
f 8687 8688 8705
f 8688 8689 8706
f 8689 8690 8707
f 8690 8691 8708
f 8691 8692 8709
f 8692 8693 8710
f 8693 8694 8711
f 8694 428 429
f 8677 8695 150
f 8678 8696 8695
f 8679 8697 8696
f 8680 8698 8697
f 8681 8699 8698
f 8682 8700 8699
f 8683 8701 8700
f 8684 8702 8701
f 8685 8703 8702
f 8686 8704 8703
f 8687 8705 8704
f 8688 8706 8705
f 8689 8707 8706
f 8690 8708 8707
f 8691 8709 8708
f 8692 8710 8709
f 8693 8711 8710
f 8694 429 8711
f 150 8695 151
f 8695 8696 8712
f 8696 8697 8713
f 8697 8698 8714
f 8698 8699 8715
f 8699 8700 8716
f 8700 8701 8717
f 8701 8702 8718
f 8702 8703 8719
f 8703 8704 8720
f 8704 8705 8721
f 8705 8706 8722
f 8706 8707 8723
f 8707 8708 8724
f 8708 8709 8725
f 8709 8710 8726
f 8710 8711 8727
f 8711 429 430
f 8695 8712 151
f 8696 8713 8712
f 8697 8714 8713
f 8698 8715 8714
f 8699 8716 8715
f 8700 8717 8716
f 8701 8718 8717
f 8702 8719 8718
f 8703 8720 8719
f 8704 8721 8720
f 8705 8722 8721
f 8706 8723 8722
f 8707 8724 8723
f 8708 8725 8724
f 8709 8726 8725
f 8710 8727 8726
f 8711 430 8727
f 151 8712 152
f 8712 8713 8728
f 8713 8714 8729
f 8714 8715 8730
f 8715 8716 8731
f 8716 8717 8732
f 8717 8718 8733
f 8718 8719 8734
f 8719 8720 8735
f 8720 8721 8736
f 8721 8722 8737
f 8722 8723 8738
f 8723 8724 8739
f 8724 8725 8740
f 8725 8726 8741
f 8726 8727 8742
f 8727 430 431
f 8712 8728 152
f 8713 8729 8728
f 8714 8730 8729
f 8715 8731 8730
f 8716 8732 8731
f 8717 8733 8732
f 8718 8734 8733
f 8719 8735 8734
f 8720 8736 8735
f 8721 8737 8736
f 8722 8738 8737
f 8723 8739 8738
f 8724 8740 8739
f 8725 8741 8740
f 8726 8742 8741
f 8727 431 8742
f 152 8728 153
f 8728 8729 8743
f 8729 8730 8744
f 8730 8731 8745
f 8731 8732 8746
f 8732 8733 8747
f 8733 8734 8748
f 8734 8735 8749
f 8735 8736 8750
f 8736 8737 8751
f 8737 8738 8752
f 8738 8739 8753
f 8739 8740 8754
f 8740 8741 8755
f 8741 8742 8756
f 8742 431 432
f 8728 8743 153
f 8729 8744 8743
f 8730 8745 8744
f 8731 8746 8745
f 8732 8747 8746
f 8733 8748 8747
f 8734 8749 8748
f 8735 8750 8749
f 8736 8751 8750
f 8737 8752 8751
f 8738 8753 8752
f 8739 8754 8753
f 8740 8755 8754
f 8741 8756 8755
f 8742 432 8756
f 153 8743 154
f 8743 8744 8757
f 8744 8745 8758
f 8745 8746 8759
f 8746 8747 8760
f 8747 8748 8761
f 8748 8749 8762
f 8749 8750 8763
f 8750 8751 8764
f 8751 8752 8765
f 8752 8753 8766
f 8753 8754 8767
f 8754 8755 8768
f 8755 8756 8769
f 8756 432 433
f 8743 8757 154
f 8744 8758 8757
f 8745 8759 8758
f 8746 8760 8759
f 8747 8761 8760
f 8748 8762 8761
f 8749 8763 8762
f 8750 8764 8763
f 8751 8765 8764
f 8752 8766 8765
f 8753 8767 8766
f 8754 8768 8767
f 8755 8769 8768
f 8756 433 8769
f 154 8757 155
f 8757 8758 8770
f 8758 8759 8771
f 8759 8760 8772
f 8760 8761 8773
f 8761 8762 8774
f 8762 8763 8775
f 8763 8764 8776
f 8764 8765 8777
f 8765 8766 8778
f 8766 8767 8779
f 8767 8768 8780
f 8768 8769 8781
f 8769 433 434
f 8757 8770 155
f 8758 8771 8770
f 8759 8772 8771
f 8760 8773 8772
f 8761 8774 8773
f 8762 8775 8774
f 8763 8776 8775
f 8764 8777 8776
f 8765 8778 8777
f 8766 8779 8778
f 8767 8780 8779
f 8768 8781 8780
f 8769 434 8781
f 155 8770 156
f 8770 8771 8782
f 8771 8772 8783
f 8772 8773 8784
f 8773 8774 8785
f 8774 8775 8786
f 8775 8776 8787
f 8776 8777 8788
f 8777 8778 8789
f 8778 8779 8790
f 8779 8780 8791
f 8780 8781 8792
f 8781 434 435
f 8770 8782 156
f 8771 8783 8782
f 8772 8784 8783
f 8773 8785 8784
f 8774 8786 8785
f 8775 8787 8786
f 8776 8788 8787
f 8777 8789 8788
f 8778 8790 8789
f 8779 8791 8790
f 8780 8792 8791
f 8781 435 8792
f 156 8782 157
f 8782 8783 8793
f 8783 8784 8794
f 8784 8785 8795
f 8785 8786 8796
f 8786 8787 8797
f 8787 8788 8798
f 8788 8789 8799
f 8789 8790 8800
f 8790 8791 8801
f 8791 8792 8802
f 8792 435 436
f 8782 8793 157
f 8783 8794 8793
f 8784 8795 8794
f 8785 8796 8795
f 8786 8797 8796
f 8787 8798 8797
f 8788 8799 8798
f 8789 8800 8799
f 8790 8801 8800
f 8791 8802 8801
f 8792 436 8802
f 157 8793 158
f 8793 8794 8803
f 8794 8795 8804
f 8795 8796 8805
f 8796 8797 8806
f 8797 8798 8807
f 8798 8799 8808
f 8799 8800 8809
f 8800 8801 8810
f 8801 8802 8811
f 8802 436 437
f 8793 8803 158
f 8794 8804 8803
f 8795 8805 8804
f 8796 8806 8805
f 8797 8807 8806
f 8798 8808 8807
f 8799 8809 8808
f 8800 8810 8809
f 8801 8811 8810
f 8802 437 8811
f 158 8803 159
f 8803 8804 8812
f 8804 8805 8813
f 8805 8806 8814
f 8806 8807 8815
f 8807 8808 8816
f 8808 8809 8817
f 8809 8810 8818
f 8810 8811 8819
f 8811 437 438
f 8803 8812 159
f 8804 8813 8812
f 8805 8814 8813
f 8806 8815 8814
f 8807 8816 8815
f 8808 8817 8816
f 8809 8818 8817
f 8810 8819 8818
f 8811 438 8819
f 159 8812 160
f 8812 8813 8820
f 8813 8814 8821
f 8814 8815 8822
f 8815 8816 8823
f 8816 8817 8824
f 8817 8818 8825
f 8818 8819 8826
f 8819 438 439
f 8812 8820 160
f 8813 8821 8820
f 8814 8822 8821
f 8815 8823 8822
f 8816 8824 8823
f 8817 8825 8824
f 8818 8826 8825
f 8819 439 8826
f 160 8820 161
f 8820 8821 8827
f 8821 8822 8828
f 8822 8823 8829
f 8823 8824 8830
f 8824 8825 8831
f 8825 8826 8832
f 8826 439 440
f 8820 8827 161
f 8821 8828 8827
f 8822 8829 8828
f 8823 8830 8829
f 8824 8831 8830
f 8825 8832 8831
f 8826 440 8832
f 161 8827 162
f 8827 8828 8833
f 8828 8829 8834
f 8829 8830 8835
f 8830 8831 8836
f 8831 8832 8837
f 8832 440 441
f 8827 8833 162
f 8828 8834 8833
f 8829 8835 8834
f 8830 8836 8835
f 8831 8837 8836
f 8832 441 8837
f 162 8833 163
f 8833 8834 8838
f 8834 8835 8839
f 8835 8836 8840
f 8836 8837 8841
f 8837 441 442
f 8833 8838 163
f 8834 8839 8838
f 8835 8840 8839
f 8836 8841 8840
f 8837 442 8841
f 163 8838 164
f 8838 8839 8842
f 8839 8840 8843
f 8840 8841 8844
f 8841 442 443
f 8838 8842 164
f 8839 8843 8842
f 8840 8844 8843
f 8841 443 8844
f 164 8842 165
f 8842 8843 8845
f 8843 8844 8846
f 8844 443 444
f 8842 8845 165
f 8843 8846 8845
f 8844 444 8846
f 165 8845 166
f 8845 8846 8847
f 8846 444 445
f 8845 8847 166
f 8846 445 8847
f 166 8847 167
f 8847 445 446
f 8847 446 167
f 167 446 12
f 7 911 726
f 911 910 8848
f 910 909 8849
f 909 908 8850
f 908 907 8851
f 907 906 8852
f 906 905 8853
f 905 904 8854
f 904 903 8855
f 903 902 8856
f 902 901 8857
f 901 900 8858
f 900 899 8859
f 899 898 8860
f 898 897 8861
f 897 896 8862
f 896 895 8863
f 895 894 8864
f 894 893 8865
f 893 892 8866
f 892 891 8867
f 891 890 8868
f 890 889 8869
f 889 888 8870
f 888 887 8871
f 887 886 8872
f 886 885 8873
f 885 884 8874
f 884 883 8875
f 883 882 8876
f 882 881 8877
f 881 3 633
f 911 8848 726
f 910 8849 8848
f 909 8850 8849
f 908 8851 8850
f 907 8852 8851
f 906 8853 8852
f 905 8854 8853
f 904 8855 8854
f 903 8856 8855
f 902 8857 8856
f 901 8858 8857
f 900 8859 8858
f 899 8860 8859
f 898 8861 8860
f 897 8862 8861
f 896 8863 8862
f 895 8864 8863
f 894 8865 8864
f 893 8866 8865
f 892 8867 8866
f 891 8868 8867
f 890 8869 8868
f 889 8870 8869
f 888 8871 8870
f 887 8872 8871
f 886 8873 8872
f 885 8874 8873
f 884 8875 8874
f 883 8876 8875
f 882 8877 8876
f 881 633 8877
f 726 8848 727
f 8848 8849 8878
f 8849 8850 8879
f 8850 8851 8880
f 8851 8852 8881
f 8852 8853 8882
f 8853 8854 8883
f 8854 8855 8884
f 8855 8856 8885
f 8856 8857 8886
f 8857 8858 8887
f 8858 8859 8888
f 8859 8860 8889
f 8860 8861 8890
f 8861 8862 8891
f 8862 8863 8892
f 8863 8864 8893
f 8864 8865 8894
f 8865 8866 8895
f 8866 8867 8896
f 8867 8868 8897
f 8868 8869 8898
f 8869 8870 8899
f 8870 8871 8900
f 8871 8872 8901
f 8872 8873 8902
f 8873 8874 8903
f 8874 8875 8904
f 8875 8876 8905
f 8876 8877 8906
f 8877 633 634
f 8848 8878 727
f 8849 8879 8878
f 8850 8880 8879
f 8851 8881 8880
f 8852 8882 8881
f 8853 8883 8882
f 8854 8884 8883
f 8855 8885 8884
f 8856 8886 8885
f 8857 8887 8886
f 8858 8888 8887
f 8859 8889 8888
f 8860 8890 8889
f 8861 8891 8890
f 8862 8892 8891
f 8863 8893 8892
f 8864 8894 8893
f 8865 8895 8894
f 8866 8896 8895
f 8867 8897 8896
f 8868 8898 8897
f 8869 8899 8898
f 8870 8900 8899
f 8871 8901 8900
f 8872 8902 8901
f 8873 8903 8902
f 8874 8904 8903
f 8875 8905 8904
f 8876 8906 8905
f 8877 634 8906
f 727 8878 728
f 8878 8879 8907
f 8879 8880 8908
f 8880 8881 8909
f 8881 8882 8910
f 8882 8883 8911
f 8883 8884 8912
f 8884 8885 8913
f 8885 8886 8914
f 8886 8887 8915
f 8887 8888 8916
f 8888 8889 8917
f 8889 8890 8918
f 8890 8891 8919
f 8891 8892 8920
f 8892 8893 8921
f 8893 8894 8922
f 8894 8895 8923
f 8895 8896 8924
f 8896 8897 8925
f 8897 8898 8926
f 8898 8899 8927
f 8899 8900 8928
f 8900 8901 8929
f 8901 8902 8930
f 8902 8903 8931
f 8903 8904 8932
f 8904 8905 8933
f 8905 8906 8934
f 8906 634 635
f 8878 8907 728
f 8879 8908 8907
f 8880 8909 8908
f 8881 8910 8909
f 8882 8911 8910
f 8883 8912 8911
f 8884 8913 8912
f 8885 8914 8913
f 8886 8915 8914
f 8887 8916 8915
f 8888 8917 8916
f 8889 8918 8917
f 8890 8919 8918
f 8891 8920 8919
f 8892 8921 8920
f 8893 8922 8921
f 8894 8923 8922
f 8895 8924 8923
f 8896 8925 8924
f 8897 8926 8925
f 8898 8927 8926
f 8899 8928 8927
f 8900 8929 8928
f 8901 8930 8929
f 8902 8931 8930
f 8903 8932 8931
f 8904 8933 8932
f 8905 8934 8933
f 8906 635 8934
f 728 8907 729
f 8907 8908 8935
f 8908 8909 8936
f 8909 8910 8937
f 8910 8911 8938
f 8911 8912 8939
f 8912 8913 8940
f 8913 8914 8941
f 8914 8915 8942
f 8915 8916 8943
f 8916 8917 8944
f 8917 8918 8945
f 8918 8919 8946
f 8919 8920 8947
f 8920 8921 8948
f 8921 8922 8949
f 8922 8923 8950
f 8923 8924 8951
f 8924 8925 8952
f 8925 8926 8953
f 8926 8927 8954
f 8927 8928 8955
f 8928 8929 8956
f 8929 8930 8957
f 8930 8931 8958
f 8931 8932 8959
f 8932 8933 8960
f 8933 8934 8961
f 8934 635 636
f 8907 8935 729
f 8908 8936 8935
f 8909 8937 8936
f 8910 8938 8937
f 8911 8939 8938
f 8912 8940 8939
f 8913 8941 8940
f 8914 8942 8941
f 8915 8943 8942
f 8916 8944 8943
f 8917 8945 8944
f 8918 8946 8945
f 8919 8947 8946
f 8920 8948 8947
f 8921 8949 8948
f 8922 8950 8949
f 8923 8951 8950
f 8924 8952 8951
f 8925 8953 8952
f 8926 8954 8953
f 8927 8955 8954
f 8928 8956 8955
f 8929 8957 8956
f 8930 8958 8957
f 8931 8959 8958
f 8932 8960 8959
f 8933 8961 8960
f 8934 636 8961
f 729 8935 730
f 8935 8936 8962
f 8936 8937 8963
f 8937 8938 8964
f 8938 8939 8965
f 8939 8940 8966
f 8940 8941 8967
f 8941 8942 8968
f 8942 8943 8969
f 8943 8944 8970
f 8944 8945 8971
f 8945 8946 8972
f 8946 8947 8973
f 8947 8948 8974
f 8948 8949 8975
f 8949 8950 8976
f 8950 8951 8977
f 8951 8952 8978
f 8952 8953 8979
f 8953 8954 8980
f 8954 8955 8981
f 8955 8956 8982
f 8956 8957 8983
f 8957 8958 8984
f 8958 8959 8985
f 8959 8960 8986
f 8960 8961 8987
f 8961 636 637
f 8935 8962 730
f 8936 8963 8962
f 8937 8964 8963
f 8938 8965 8964
f 8939 8966 8965
f 8940 8967 8966
f 8941 8968 8967
f 8942 8969 8968
f 8943 8970 8969
f 8944 8971 8970
f 8945 8972 8971
f 8946 8973 8972
f 8947 8974 8973
f 8948 8975 8974
f 8949 8976 8975
f 8950 8977 8976
f 8951 8978 8977
f 8952 8979 8978
f 8953 8980 8979
f 8954 8981 8980
f 8955 8982 8981
f 8956 8983 8982
f 8957 8984 8983
f 8958 8985 8984
f 8959 8986 8985
f 8960 8987 8986
f 8961 637 8987
f 730 8962 731
f 8962 8963 8988
f 8963 8964 8989
f 8964 8965 8990
f 8965 8966 8991
f 8966 8967 8992
f 8967 8968 8993
f 8968 8969 8994
f 8969 8970 8995
f 8970 8971 8996
f 8971 8972 8997
f 8972 8973 8998
f 8973 8974 8999
f 8974 8975 9000
f 8975 8976 9001
f 8976 8977 9002
f 8977 8978 9003
f 8978 8979 9004
f 8979 8980 9005
f 8980 8981 9006
f 8981 8982 9007
f 8982 8983 9008
f 8983 8984 9009
f 8984 8985 9010
f 8985 8986 9011
f 8986 8987 9012
f 8987 637 638
f 8962 8988 731
f 8963 8989 8988
f 8964 8990 8989
f 8965 8991 8990
f 8966 8992 8991
f 8967 8993 8992
f 8968 8994 8993
f 8969 8995 8994
f 8970 8996 8995
f 8971 8997 8996
f 8972 8998 8997
f 8973 8999 8998
f 8974 9000 8999
f 8975 9001 9000
f 8976 9002 9001
f 8977 9003 9002
f 8978 9004 9003
f 8979 9005 9004
f 8980 9006 9005
f 8981 9007 9006
f 8982 9008 9007
f 8983 9009 9008
f 8984 9010 9009
f 8985 9011 9010
f 8986 9012 9011
f 8987 638 9012
f 731 8988 732
f 8988 8989 9013
f 8989 8990 9014
f 8990 8991 9015
f 8991 8992 9016
f 8992 8993 9017
f 8993 8994 9018
f 8994 8995 9019
f 8995 8996 9020
f 8996 8997 9021
f 8997 8998 9022
f 8998 8999 9023
f 8999 9000 9024
f 9000 9001 9025
f 9001 9002 9026
f 9002 9003 9027
f 9003 9004 9028
f 9004 9005 9029
f 9005 9006 9030
f 9006 9007 9031
f 9007 9008 9032
f 9008 9009 9033
f 9009 9010 9034
f 9010 9011 9035
f 9011 9012 9036
f 9012 638 639
f 8988 9013 732
f 8989 9014 9013
f 8990 9015 9014
f 8991 9016 9015
f 8992 9017 9016
f 8993 9018 9017
f 8994 9019 9018
f 8995 9020 9019
f 8996 9021 9020
f 8997 9022 9021
f 8998 9023 9022
f 8999 9024 9023
f 9000 9025 9024
f 9001 9026 9025
f 9002 9027 9026
f 9003 9028 9027
f 9004 9029 9028
f 9005 9030 9029
f 9006 9031 9030
f 9007 9032 9031
f 9008 9033 9032
f 9009 9034 9033
f 9010 9035 9034
f 9011 9036 9035
f 9012 639 9036
f 732 9013 733
f 9013 9014 9037
f 9014 9015 9038
f 9015 9016 9039
f 9016 9017 9040
f 9017 9018 9041
f 9018 9019 9042
f 9019 9020 9043
f 9020 9021 9044
f 9021 9022 9045
f 9022 9023 9046
f 9023 9024 9047
f 9024 9025 9048
f 9025 9026 9049
f 9026 9027 9050
f 9027 9028 9051
f 9028 9029 9052
f 9029 9030 9053
f 9030 9031 9054
f 9031 9032 9055
f 9032 9033 9056
f 9033 9034 9057
f 9034 9035 9058
f 9035 9036 9059
f 9036 639 640
f 9013 9037 733
f 9014 9038 9037
f 9015 9039 9038
f 9016 9040 9039
f 9017 9041 9040
f 9018 9042 9041
f 9019 9043 9042
f 9020 9044 9043
f 9021 9045 9044
f 9022 9046 9045
f 9023 9047 9046
f 9024 9048 9047
f 9025 9049 9048
f 9026 9050 9049
f 9027 9051 9050
f 9028 9052 9051
f 9029 9053 9052
f 9030 9054 9053
f 9031 9055 9054
f 9032 9056 9055
f 9033 9057 9056
f 9034 9058 9057
f 9035 9059 9058
f 9036 640 9059
f 733 9037 734
f 9037 9038 9060
f 9038 9039 9061
f 9039 9040 9062
f 9040 9041 9063
f 9041 9042 9064
f 9042 9043 9065
f 9043 9044 9066
f 9044 9045 9067
f 9045 9046 9068
f 9046 9047 9069
f 9047 9048 9070
f 9048 9049 9071
f 9049 9050 9072
f 9050 9051 9073
f 9051 9052 9074
f 9052 9053 9075
f 9053 9054 9076
f 9054 9055 9077
f 9055 9056 9078
f 9056 9057 9079
f 9057 9058 9080
f 9058 9059 9081
f 9059 640 641
f 9037 9060 734
f 9038 9061 9060
f 9039 9062 9061
f 9040 9063 9062
f 9041 9064 9063
f 9042 9065 9064
f 9043 9066 9065
f 9044 9067 9066
f 9045 9068 9067
f 9046 9069 9068
f 9047 9070 9069
f 9048 9071 9070
f 9049 9072 9071
f 9050 9073 9072
f 9051 9074 9073
f 9052 9075 9074
f 9053 9076 9075
f 9054 9077 9076
f 9055 9078 9077
f 9056 9079 9078
f 9057 9080 9079
f 9058 9081 9080
f 9059 641 9081
f 734 9060 735
f 9060 9061 9082
f 9061 9062 9083
f 9062 9063 9084
f 9063 9064 9085
f 9064 9065 9086
f 9065 9066 9087
f 9066 9067 9088
f 9067 9068 9089
f 9068 9069 9090
f 9069 9070 9091
f 9070 9071 9092
f 9071 9072 9093
f 9072 9073 9094
f 9073 9074 9095
f 9074 9075 9096
f 9075 9076 9097
f 9076 9077 9098
f 9077 9078 9099
f 9078 9079 9100
f 9079 9080 9101
f 9080 9081 9102
f 9081 641 642
f 9060 9082 735
f 9061 9083 9082
f 9062 9084 9083
f 9063 9085 9084
f 9064 9086 9085
f 9065 9087 9086
f 9066 9088 9087
f 9067 9089 9088
f 9068 9090 9089
f 9069 9091 9090
f 9070 9092 9091
f 9071 9093 9092
f 9072 9094 9093
f 9073 9095 9094
f 9074 9096 9095
f 9075 9097 9096
f 9076 9098 9097
f 9077 9099 9098
f 9078 9100 9099
f 9079 9101 9100
f 9080 9102 9101
f 9081 642 9102
f 735 9082 736
f 9082 9083 9103
f 9083 9084 9104
f 9084 9085 9105
f 9085 9086 9106
f 9086 9087 9107
f 9087 9088 9108
f 9088 9089 9109
f 9089 9090 9110
f 9090 9091 9111
f 9091 9092 9112
f 9092 9093 9113
f 9093 9094 9114
f 9094 9095 9115
f 9095 9096 9116
f 9096 9097 9117
f 9097 9098 9118
f 9098 9099 9119
f 9099 9100 9120
f 9100 9101 9121
f 9101 9102 9122
f 9102 642 643
f 9082 9103 736
f 9083 9104 9103
f 9084 9105 9104
f 9085 9106 9105
f 9086 9107 9106
f 9087 9108 9107
f 9088 9109 9108
f 9089 9110 9109
f 9090 9111 9110
f 9091 9112 9111
f 9092 9113 9112
f 9093 9114 9113
f 9094 9115 9114
f 9095 9116 9115
f 9096 9117 9116
f 9097 9118 9117
f 9098 9119 9118
f 9099 9120 9119
f 9100 9121 9120
f 9101 9122 9121
f 9102 643 9122
f 736 9103 737
f 9103 9104 9123
f 9104 9105 9124
f 9105 9106 9125
f 9106 9107 9126
f 9107 9108 9127
f 9108 9109 9128
f 9109 9110 9129
f 9110 9111 9130
f 9111 9112 9131
f 9112 9113 9132
f 9113 9114 9133
f 9114 9115 9134
f 9115 9116 9135
f 9116 9117 9136
f 9117 9118 9137
f 9118 9119 9138
f 9119 9120 9139
f 9120 9121 9140
f 9121 9122 9141
f 9122 643 644
f 9103 9123 737
f 9104 9124 9123
f 9105 9125 9124
f 9106 9126 9125
f 9107 9127 9126
f 9108 9128 9127
f 9109 9129 9128
f 9110 9130 9129
f 9111 9131 9130
f 9112 9132 9131
f 9113 9133 9132
f 9114 9134 9133
f 9115 9135 9134
f 9116 9136 9135
f 9117 9137 9136
f 9118 9138 9137
f 9119 9139 9138
f 9120 9140 9139
f 9121 9141 9140
f 9122 644 9141
f 737 9123 738
f 9123 9124 9142
f 9124 9125 9143
f 9125 9126 9144
f 9126 9127 9145
f 9127 9128 9146
f 9128 9129 9147
f 9129 9130 9148
f 9130 9131 9149
f 9131 9132 9150
f 9132 9133 9151
f 9133 9134 9152
f 9134 9135 9153
f 9135 9136 9154
f 9136 9137 9155
f 9137 9138 9156
f 9138 9139 9157
f 9139 9140 9158
f 9140 9141 9159
f 9141 644 645
f 9123 9142 738
f 9124 9143 9142
f 9125 9144 9143
f 9126 9145 9144
f 9127 9146 9145
f 9128 9147 9146
f 9129 9148 9147
f 9130 9149 9148
f 9131 9150 9149
f 9132 9151 9150
f 9133 9152 9151
f 9134 9153 9152
f 9135 9154 9153
f 9136 9155 9154
f 9137 9156 9155
f 9138 9157 9156
f 9139 9158 9157
f 9140 9159 9158
f 9141 645 9159
f 738 9142 739
f 9142 9143 9160
f 9143 9144 9161
f 9144 9145 9162
f 9145 9146 9163
f 9146 9147 9164
f 9147 9148 9165
f 9148 9149 9166
f 9149 9150 9167
f 9150 9151 9168
f 9151 9152 9169
f 9152 9153 9170
f 9153 9154 9171
f 9154 9155 9172
f 9155 9156 9173
f 9156 9157 9174
f 9157 9158 9175
f 9158 9159 9176
f 9159 645 646
f 9142 9160 739
f 9143 9161 9160
f 9144 9162 9161
f 9145 9163 9162
f 9146 9164 9163
f 9147 9165 9164
f 9148 9166 9165
f 9149 9167 9166
f 9150 9168 9167
f 9151 9169 9168
f 9152 9170 9169
f 9153 9171 9170
f 9154 9172 9171
f 9155 9173 9172
f 9156 9174 9173
f 9157 9175 9174
f 9158 9176 9175
f 9159 646 9176
f 739 9160 740
f 9160 9161 9177
f 9161 9162 9178
f 9162 9163 9179
f 9163 9164 9180
f 9164 9165 9181
f 9165 9166 9182
f 9166 9167 9183
f 9167 9168 9184
f 9168 9169 9185
f 9169 9170 9186
f 9170 9171 9187
f 9171 9172 9188
f 9172 9173 9189
f 9173 9174 9190
f 9174 9175 9191
f 9175 9176 9192
f 9176 646 647
f 9160 9177 740
f 9161 9178 9177
f 9162 9179 9178
f 9163 9180 9179
f 9164 9181 9180
f 9165 9182 9181
f 9166 9183 9182
f 9167 9184 9183
f 9168 9185 9184
f 9169 9186 9185
f 9170 9187 9186
f 9171 9188 9187
f 9172 9189 9188
f 9173 9190 9189
f 9174 9191 9190
f 9175 9192 9191
f 9176 647 9192
f 740 9177 741
f 9177 9178 9193
f 9178 9179 9194
f 9179 9180 9195
f 9180 9181 9196
f 9181 9182 9197
f 9182 9183 9198
f 9183 9184 9199
f 9184 9185 9200
f 9185 9186 9201
f 9186 9187 9202
f 9187 9188 9203
f 9188 9189 9204
f 9189 9190 9205
f 9190 9191 9206
f 9191 9192 9207
f 9192 647 648
f 9177 9193 741
f 9178 9194 9193
f 9179 9195 9194
f 9180 9196 9195
f 9181 9197 9196
f 9182 9198 9197
f 9183 9199 9198
f 9184 9200 9199
f 9185 9201 9200
f 9186 9202 9201
f 9187 9203 9202
f 9188 9204 9203
f 9189 9205 9204
f 9190 9206 9205
f 9191 9207 9206
f 9192 648 9207
f 741 9193 742
f 9193 9194 9208
f 9194 9195 9209
f 9195 9196 9210
f 9196 9197 9211
f 9197 9198 9212
f 9198 9199 9213
f 9199 9200 9214
f 9200 9201 9215
f 9201 9202 9216
f 9202 9203 9217
f 9203 9204 9218
f 9204 9205 9219
f 9205 9206 9220
f 9206 9207 9221
f 9207 648 649
f 9193 9208 742
f 9194 9209 9208
f 9195 9210 9209
f 9196 9211 9210
f 9197 9212 9211
f 9198 9213 9212
f 9199 9214 9213
f 9200 9215 9214
f 9201 9216 9215
f 9202 9217 9216
f 9203 9218 9217
f 9204 9219 9218
f 9205 9220 9219
f 9206 9221 9220
f 9207 649 9221
f 742 9208 743
f 9208 9209 9222
f 9209 9210 9223
f 9210 9211 9224
f 9211 9212 9225
f 9212 9213 9226
f 9213 9214 9227
f 9214 9215 9228
f 9215 9216 9229
f 9216 9217 9230
f 9217 9218 9231
f 9218 9219 9232
f 9219 9220 9233
f 9220 9221 9234
f 9221 649 650
f 9208 9222 743
f 9209 9223 9222
f 9210 9224 9223
f 9211 9225 9224
f 9212 9226 9225
f 9213 9227 9226
f 9214 9228 9227
f 9215 9229 9228
f 9216 9230 9229
f 9217 9231 9230
f 9218 9232 9231
f 9219 9233 9232
f 9220 9234 9233
f 9221 650 9234
f 743 9222 744
f 9222 9223 9235
f 9223 9224 9236
f 9224 9225 9237
f 9225 9226 9238
f 9226 9227 9239
f 9227 9228 9240
f 9228 9229 9241
f 9229 9230 9242
f 9230 9231 9243
f 9231 9232 9244
f 9232 9233 9245
f 9233 9234 9246
f 9234 650 651
f 9222 9235 744
f 9223 9236 9235
f 9224 9237 9236
f 9225 9238 9237
f 9226 9239 9238
f 9227 9240 9239
f 9228 9241 9240
f 9229 9242 9241
f 9230 9243 9242
f 9231 9244 9243
f 9232 9245 9244
f 9233 9246 9245
f 9234 651 9246
f 744 9235 745
f 9235 9236 9247
f 9236 9237 9248
f 9237 9238 9249
f 9238 9239 9250
f 9239 9240 9251
f 9240 9241 9252
f 9241 9242 9253
f 9242 9243 9254
f 9243 9244 9255
f 9244 9245 9256
f 9245 9246 9257
f 9246 651 652
f 9235 9247 745
f 9236 9248 9247
f 9237 9249 9248
f 9238 9250 9249
f 9239 9251 9250
f 9240 9252 9251
f 9241 9253 9252
f 9242 9254 9253
f 9243 9255 9254
f 9244 9256 9255
f 9245 9257 9256
f 9246 652 9257
f 745 9247 746
f 9247 9248 9258
f 9248 9249 9259
f 9249 9250 9260
f 9250 9251 9261
f 9251 9252 9262
f 9252 9253 9263
f 9253 9254 9264
f 9254 9255 9265
f 9255 9256 9266
f 9256 9257 9267
f 9257 652 653
f 9247 9258 746
f 9248 9259 9258
f 9249 9260 9259
f 9250 9261 9260
f 9251 9262 9261
f 9252 9263 9262
f 9253 9264 9263
f 9254 9265 9264
f 9255 9266 9265
f 9256 9267 9266
f 9257 653 9267
f 746 9258 747
f 9258 9259 9268
f 9259 9260 9269
f 9260 9261 9270
f 9261 9262 9271
f 9262 9263 9272
f 9263 9264 9273
f 9264 9265 9274
f 9265 9266 9275
f 9266 9267 9276
f 9267 653 654
f 9258 9268 747
f 9259 9269 9268
f 9260 9270 9269
f 9261 9271 9270
f 9262 9272 9271
f 9263 9273 9272
f 9264 9274 9273
f 9265 9275 9274
f 9266 9276 9275
f 9267 654 9276
f 747 9268 748
f 9268 9269 9277
f 9269 9270 9278
f 9270 9271 9279
f 9271 9272 9280
f 9272 9273 9281
f 9273 9274 9282
f 9274 9275 9283
f 9275 9276 9284
f 9276 654 655
f 9268 9277 748
f 9269 9278 9277
f 9270 9279 9278
f 9271 9280 9279
f 9272 9281 9280
f 9273 9282 9281
f 9274 9283 9282
f 9275 9284 9283
f 9276 655 9284
f 748 9277 749
f 9277 9278 9285
f 9278 9279 9286
f 9279 9280 9287
f 9280 9281 9288
f 9281 9282 9289
f 9282 9283 9290
f 9283 9284 9291
f 9284 655 656
f 9277 9285 749
f 9278 9286 9285
f 9279 9287 9286
f 9280 9288 9287
f 9281 9289 9288
f 9282 9290 9289
f 9283 9291 9290
f 9284 656 9291
f 749 9285 750
f 9285 9286 9292
f 9286 9287 9293
f 9287 9288 9294
f 9288 9289 9295
f 9289 9290 9296
f 9290 9291 9297
f 9291 656 657
f 9285 9292 750
f 9286 9293 9292
f 9287 9294 9293
f 9288 9295 9294
f 9289 9296 9295
f 9290 9297 9296
f 9291 657 9297
f 750 9292 751
f 9292 9293 9298
f 9293 9294 9299
f 9294 9295 9300
f 9295 9296 9301
f 9296 9297 9302
f 9297 657 658
f 9292 9298 751
f 9293 9299 9298
f 9294 9300 9299
f 9295 9301 9300
f 9296 9302 9301
f 9297 658 9302
f 751 9298 752
f 9298 9299 9303
f 9299 9300 9304
f 9300 9301 9305
f 9301 9302 9306
f 9302 658 659
f 9298 9303 752
f 9299 9304 9303
f 9300 9305 9304
f 9301 9306 9305
f 9302 659 9306
f 752 9303 753
f 9303 9304 9307
f 9304 9305 9308
f 9305 9306 9309
f 9306 659 660
f 9303 9307 753
f 9304 9308 9307
f 9305 9309 9308
f 9306 660 9309
f 753 9307 754
f 9307 9308 9310
f 9308 9309 9311
f 9309 660 661
f 9307 9310 754
f 9308 9311 9310
f 9309 661 9311
f 754 9310 755
f 9310 9311 9312
f 9311 661 662
f 9310 9312 755
f 9311 662 9312
f 755 9312 756
f 9312 662 663
f 9312 663 756
f 756 663 11
f 9 291 942
f 291 290 9313
f 290 289 9314
f 289 288 9315
f 288 287 9316
f 287 286 9317
f 286 285 9318
f 285 284 9319
f 284 283 9320
f 283 282 9321
f 282 281 9322
f 281 280 9323
f 280 279 9324
f 279 278 9325
f 278 277 9326
f 277 276 9327
f 276 275 9328
f 275 274 9329
f 274 273 9330
f 273 272 9331
f 272 271 9332
f 271 270 9333
f 270 269 9334
f 269 268 9335
f 268 267 9336
f 267 266 9337
f 266 265 9338
f 265 264 9339
f 264 263 9340
f 263 262 9341
f 262 261 9342
f 261 7 695
f 291 9313 942
f 290 9314 9313
f 289 9315 9314
f 288 9316 9315
f 287 9317 9316
f 286 9318 9317
f 285 9319 9318
f 284 9320 9319
f 283 9321 9320
f 282 9322 9321
f 281 9323 9322
f 280 9324 9323
f 279 9325 9324
f 278 9326 9325
f 277 9327 9326
f 276 9328 9327
f 275 9329 9328
f 274 9330 9329
f 273 9331 9330
f 272 9332 9331
f 271 9333 9332
f 270 9334 9333
f 269 9335 9334
f 268 9336 9335
f 267 9337 9336
f 266 9338 9337
f 265 9339 9338
f 264 9340 9339
f 263 9341 9340
f 262 9342 9341
f 261 695 9342
f 942 9313 941
f 9313 9314 9343
f 9314 9315 9344
f 9315 9316 9345
f 9316 9317 9346
f 9317 9318 9347
f 9318 9319 9348
f 9319 9320 9349
f 9320 9321 9350
f 9321 9322 9351
f 9322 9323 9352
f 9323 9324 9353
f 9324 9325 9354
f 9325 9326 9355
f 9326 9327 9356
f 9327 9328 9357
f 9328 9329 9358
f 9329 9330 9359
f 9330 9331 9360
f 9331 9332 9361
f 9332 9333 9362
f 9333 9334 9363
f 9334 9335 9364
f 9335 9336 9365
f 9336 9337 9366
f 9337 9338 9367
f 9338 9339 9368
f 9339 9340 9369
f 9340 9341 9370
f 9341 9342 9371
f 9342 695 696
f 9313 9343 941
f 9314 9344 9343
f 9315 9345 9344
f 9316 9346 9345
f 9317 9347 9346
f 9318 9348 9347
f 9319 9349 9348
f 9320 9350 9349
f 9321 9351 9350
f 9322 9352 9351
f 9323 9353 9352
f 9324 9354 9353
f 9325 9355 9354
f 9326 9356 9355
f 9327 9357 9356
f 9328 9358 9357
f 9329 9359 9358
f 9330 9360 9359
f 9331 9361 9360
f 9332 9362 9361
f 9333 9363 9362
f 9334 9364 9363
f 9335 9365 9364
f 9336 9366 9365
f 9337 9367 9366
f 9338 9368 9367
f 9339 9369 9368
f 9340 9370 9369
f 9341 9371 9370
f 9342 696 9371
f 941 9343 940
f 9343 9344 9372
f 9344 9345 9373
f 9345 9346 9374
f 9346 9347 9375
f 9347 9348 9376
f 9348 9349 9377
f 9349 9350 9378
f 9350 9351 9379
f 9351 9352 9380
f 9352 9353 9381
f 9353 9354 9382
f 9354 9355 9383
f 9355 9356 9384
f 9356 9357 9385
f 9357 9358 9386
f 9358 9359 9387
f 9359 9360 9388
f 9360 9361 9389
f 9361 9362 9390
f 9362 9363 9391
f 9363 9364 9392
f 9364 9365 9393
f 9365 9366 9394
f 9366 9367 9395
f 9367 9368 9396
f 9368 9369 9397
f 9369 9370 9398
f 9370 9371 9399
f 9371 696 697
f 9343 9372 940
f 9344 9373 9372
f 9345 9374 9373
f 9346 9375 9374
f 9347 9376 9375
f 9348 9377 9376
f 9349 9378 9377
f 9350 9379 9378
f 9351 9380 9379
f 9352 9381 9380
f 9353 9382 9381
f 9354 9383 9382
f 9355 9384 9383
f 9356 9385 9384
f 9357 9386 9385
f 9358 9387 9386
f 9359 9388 9387
f 9360 9389 9388
f 9361 9390 9389
f 9362 9391 9390
f 9363 9392 9391
f 9364 9393 9392
f 9365 9394 9393
f 9366 9395 9394
f 9367 9396 9395
f 9368 9397 9396
f 9369 9398 9397
f 9370 9399 9398
f 9371 697 9399
f 940 9372 939
f 9372 9373 9400
f 9373 9374 9401
f 9374 9375 9402
f 9375 9376 9403
f 9376 9377 9404
f 9377 9378 9405
f 9378 9379 9406
f 9379 9380 9407
f 9380 9381 9408
f 9381 9382 9409
f 9382 9383 9410
f 9383 9384 9411
f 9384 9385 9412
f 9385 9386 9413
f 9386 9387 9414
f 9387 9388 9415
f 9388 9389 9416
f 9389 9390 9417
f 9390 9391 9418
f 9391 9392 9419
f 9392 9393 9420
f 9393 9394 9421
f 9394 9395 9422
f 9395 9396 9423
f 9396 9397 9424
f 9397 9398 9425
f 9398 9399 9426
f 9399 697 698
f 9372 9400 939
f 9373 9401 9400
f 9374 9402 9401
f 9375 9403 9402
f 9376 9404 9403
f 9377 9405 9404
f 9378 9406 9405
f 9379 9407 9406
f 9380 9408 9407
f 9381 9409 9408
f 9382 9410 9409
f 9383 9411 9410
f 9384 9412 9411
f 9385 9413 9412
f 9386 9414 9413
f 9387 9415 9414
f 9388 9416 9415
f 9389 9417 9416
f 9390 9418 9417
f 9391 9419 9418
f 9392 9420 9419
f 9393 9421 9420
f 9394 9422 9421
f 9395 9423 9422
f 9396 9424 9423
f 9397 9425 9424
f 9398 9426 9425
f 9399 698 9426
f 939 9400 938
f 9400 9401 9427
f 9401 9402 9428
f 9402 9403 9429
f 9403 9404 9430
f 9404 9405 9431
f 9405 9406 9432
f 9406 9407 9433
f 9407 9408 9434
f 9408 9409 9435
f 9409 9410 9436
f 9410 9411 9437
f 9411 9412 9438
f 9412 9413 9439
f 9413 9414 9440
f 9414 9415 9441
f 9415 9416 9442
f 9416 9417 9443
f 9417 9418 9444
f 9418 9419 9445
f 9419 9420 9446
f 9420 9421 9447
f 9421 9422 9448
f 9422 9423 9449
f 9423 9424 9450
f 9424 9425 9451
f 9425 9426 9452
f 9426 698 699
f 9400 9427 938
f 9401 9428 9427
f 9402 9429 9428
f 9403 9430 9429
f 9404 9431 9430
f 9405 9432 9431
f 9406 9433 9432
f 9407 9434 9433
f 9408 9435 9434
f 9409 9436 9435
f 9410 9437 9436
f 9411 9438 9437
f 9412 9439 9438
f 9413 9440 9439
f 9414 9441 9440
f 9415 9442 9441
f 9416 9443 9442
f 9417 9444 9443
f 9418 9445 9444
f 9419 9446 9445
f 9420 9447 9446
f 9421 9448 9447
f 9422 9449 9448
f 9423 9450 9449
f 9424 9451 9450
f 9425 9452 9451
f 9426 699 9452
f 938 9427 937
f 9427 9428 9453
f 9428 9429 9454
f 9429 9430 9455
f 9430 9431 9456
f 9431 9432 9457
f 9432 9433 9458
f 9433 9434 9459
f 9434 9435 9460
f 9435 9436 9461
f 9436 9437 9462
f 9437 9438 9463
f 9438 9439 9464
f 9439 9440 9465
f 9440 9441 9466
f 9441 9442 9467
f 9442 9443 9468
f 9443 9444 9469
f 9444 9445 9470
f 9445 9446 9471
f 9446 9447 9472
f 9447 9448 9473
f 9448 9449 9474
f 9449 9450 9475
f 9450 9451 9476
f 9451 9452 9477
f 9452 699 700
f 9427 9453 937
f 9428 9454 9453
f 9429 9455 9454
f 9430 9456 9455
f 9431 9457 9456
f 9432 9458 9457
f 9433 9459 9458
f 9434 9460 9459
f 9435 9461 9460
f 9436 9462 9461
f 9437 9463 9462
f 9438 9464 9463
f 9439 9465 9464
f 9440 9466 9465
f 9441 9467 9466
f 9442 9468 9467
f 9443 9469 9468
f 9444 9470 9469
f 9445 9471 9470
f 9446 9472 9471
f 9447 9473 9472
f 9448 9474 9473
f 9449 9475 9474
f 9450 9476 9475
f 9451 9477 9476
f 9452 700 9477
f 937 9453 936
f 9453 9454 9478
f 9454 9455 9479
f 9455 9456 9480
f 9456 9457 9481
f 9457 9458 9482
f 9458 9459 9483
f 9459 9460 9484
f 9460 9461 9485
f 9461 9462 9486
f 9462 9463 9487
f 9463 9464 9488
f 9464 9465 9489
f 9465 9466 9490
f 9466 9467 9491
f 9467 9468 9492
f 9468 9469 9493
f 9469 9470 9494
f 9470 9471 9495
f 9471 9472 9496
f 9472 9473 9497
f 9473 9474 9498
f 9474 9475 9499
f 9475 9476 9500
f 9476 9477 9501
f 9477 700 701
f 9453 9478 936
f 9454 9479 9478
f 9455 9480 9479
f 9456 9481 9480
f 9457 9482 9481
f 9458 9483 9482
f 9459 9484 9483
f 9460 9485 9484
f 9461 9486 9485
f 9462 9487 9486
f 9463 9488 9487
f 9464 9489 9488
f 9465 9490 9489
f 9466 9491 9490
f 9467 9492 9491
f 9468 9493 9492
f 9469 9494 9493
f 9470 9495 9494
f 9471 9496 9495
f 9472 9497 9496
f 9473 9498 9497
f 9474 9499 9498
f 9475 9500 9499
f 9476 9501 9500
f 9477 701 9501
f 936 9478 935
f 9478 9479 9502
f 9479 9480 9503
f 9480 9481 9504
f 9481 9482 9505
f 9482 9483 9506
f 9483 9484 9507
f 9484 9485 9508
f 9485 9486 9509
f 9486 9487 9510
f 9487 9488 9511
f 9488 9489 9512
f 9489 9490 9513
f 9490 9491 9514
f 9491 9492 9515
f 9492 9493 9516
f 9493 9494 9517
f 9494 9495 9518
f 9495 9496 9519
f 9496 9497 9520
f 9497 9498 9521
f 9498 9499 9522
f 9499 9500 9523
f 9500 9501 9524
f 9501 701 702
f 9478 9502 935
f 9479 9503 9502
f 9480 9504 9503
f 9481 9505 9504
f 9482 9506 9505
f 9483 9507 9506
f 9484 9508 9507
f 9485 9509 9508
f 9486 9510 9509
f 9487 9511 9510
f 9488 9512 9511
f 9489 9513 9512
f 9490 9514 9513
f 9491 9515 9514
f 9492 9516 9515
f 9493 9517 9516
f 9494 9518 9517
f 9495 9519 9518
f 9496 9520 9519
f 9497 9521 9520
f 9498 9522 9521
f 9499 9523 9522
f 9500 9524 9523
f 9501 702 9524
f 935 9502 934
f 9502 9503 9525
f 9503 9504 9526
f 9504 9505 9527
f 9505 9506 9528
f 9506 9507 9529
f 9507 9508 9530
f 9508 9509 9531
f 9509 9510 9532
f 9510 9511 9533
f 9511 9512 9534
f 9512 9513 9535
f 9513 9514 9536
f 9514 9515 9537
f 9515 9516 9538
f 9516 9517 9539
f 9517 9518 9540
f 9518 9519 9541
f 9519 9520 9542
f 9520 9521 9543
f 9521 9522 9544
f 9522 9523 9545
f 9523 9524 9546
f 9524 702 703
f 9502 9525 934
f 9503 9526 9525
f 9504 9527 9526
f 9505 9528 9527
f 9506 9529 9528
f 9507 9530 9529
f 9508 9531 9530
f 9509 9532 9531
f 9510 9533 9532
f 9511 9534 9533
f 9512 9535 9534
f 9513 9536 9535
f 9514 9537 9536
f 9515 9538 9537
f 9516 9539 9538
f 9517 9540 9539
f 9518 9541 9540
f 9519 9542 9541
f 9520 9543 9542
f 9521 9544 9543
f 9522 9545 9544
f 9523 9546 9545
f 9524 703 9546
f 934 9525 933
f 9525 9526 9547
f 9526 9527 9548
f 9527 9528 9549
f 9528 9529 9550
f 9529 9530 9551
f 9530 9531 9552
f 9531 9532 9553
f 9532 9533 9554
f 9533 9534 9555
f 9534 9535 9556
f 9535 9536 9557
f 9536 9537 9558
f 9537 9538 9559
f 9538 9539 9560
f 9539 9540 9561
f 9540 9541 9562
f 9541 9542 9563
f 9542 9543 9564
f 9543 9544 9565
f 9544 9545 9566
f 9545 9546 9567
f 9546 703 704
f 9525 9547 933
f 9526 9548 9547
f 9527 9549 9548
f 9528 9550 9549
f 9529 9551 9550
f 9530 9552 9551
f 9531 9553 9552
f 9532 9554 9553
f 9533 9555 9554
f 9534 9556 9555
f 9535 9557 9556
f 9536 9558 9557
f 9537 9559 9558
f 9538 9560 9559
f 9539 9561 9560
f 9540 9562 9561
f 9541 9563 9562
f 9542 9564 9563
f 9543 9565 9564
f 9544 9566 9565
f 9545 9567 9566
f 9546 704 9567
f 933 9547 932
f 9547 9548 9568
f 9548 9549 9569
f 9549 9550 9570
f 9550 9551 9571
f 9551 9552 9572
f 9552 9553 9573
f 9553 9554 9574
f 9554 9555 9575
f 9555 9556 9576
f 9556 9557 9577
f 9557 9558 9578
f 9558 9559 9579
f 9559 9560 9580
f 9560 9561 9581
f 9561 9562 9582
f 9562 9563 9583
f 9563 9564 9584
f 9564 9565 9585
f 9565 9566 9586
f 9566 9567 9587
f 9567 704 705
f 9547 9568 932
f 9548 9569 9568
f 9549 9570 9569
f 9550 9571 9570
f 9551 9572 9571
f 9552 9573 9572
f 9553 9574 9573
f 9554 9575 9574
f 9555 9576 9575
f 9556 9577 9576
f 9557 9578 9577
f 9558 9579 9578
f 9559 9580 9579
f 9560 9581 9580
f 9561 9582 9581
f 9562 9583 9582
f 9563 9584 9583
f 9564 9585 9584
f 9565 9586 9585
f 9566 9587 9586
f 9567 705 9587
f 932 9568 931
f 9568 9569 9588
f 9569 9570 9589
f 9570 9571 9590
f 9571 9572 9591
f 9572 9573 9592
f 9573 9574 9593
f 9574 9575 9594
f 9575 9576 9595
f 9576 9577 9596
f 9577 9578 9597
f 9578 9579 9598
f 9579 9580 9599
f 9580 9581 9600
f 9581 9582 9601
f 9582 9583 9602
f 9583 9584 9603
f 9584 9585 9604
f 9585 9586 9605
f 9586 9587 9606
f 9587 705 706
f 9568 9588 931
f 9569 9589 9588
f 9570 9590 9589
f 9571 9591 9590
f 9572 9592 9591
f 9573 9593 9592
f 9574 9594 9593
f 9575 9595 9594
f 9576 9596 9595
f 9577 9597 9596
f 9578 9598 9597
f 9579 9599 9598
f 9580 9600 9599
f 9581 9601 9600
f 9582 9602 9601
f 9583 9603 9602
f 9584 9604 9603
f 9585 9605 9604
f 9586 9606 9605
f 9587 706 9606
f 931 9588 930
f 9588 9589 9607
f 9589 9590 9608
f 9590 9591 9609
f 9591 9592 9610
f 9592 9593 9611
f 9593 9594 9612
f 9594 9595 9613
f 9595 9596 9614
f 9596 9597 9615
f 9597 9598 9616
f 9598 9599 9617
f 9599 9600 9618
f 9600 9601 9619
f 9601 9602 9620
f 9602 9603 9621
f 9603 9604 9622
f 9604 9605 9623
f 9605 9606 9624
f 9606 706 707
f 9588 9607 930
f 9589 9608 9607
f 9590 9609 9608
f 9591 9610 9609
f 9592 9611 9610
f 9593 9612 9611
f 9594 9613 9612
f 9595 9614 9613
f 9596 9615 9614
f 9597 9616 9615
f 9598 9617 9616
f 9599 9618 9617
f 9600 9619 9618
f 9601 9620 9619
f 9602 9621 9620
f 9603 9622 9621
f 9604 9623 9622
f 9605 9624 9623
f 9606 707 9624
f 930 9607 929
f 9607 9608 9625
f 9608 9609 9626
f 9609 9610 9627
f 9610 9611 9628
f 9611 9612 9629
f 9612 9613 9630
f 9613 9614 9631
f 9614 9615 9632
f 9615 9616 9633
f 9616 9617 9634
f 9617 9618 9635
f 9618 9619 9636
f 9619 9620 9637
f 9620 9621 9638
f 9621 9622 9639
f 9622 9623 9640
f 9623 9624 9641
f 9624 707 708
f 9607 9625 929
f 9608 9626 9625
f 9609 9627 9626
f 9610 9628 9627
f 9611 9629 9628
f 9612 9630 9629
f 9613 9631 9630
f 9614 9632 9631
f 9615 9633 9632
f 9616 9634 9633
f 9617 9635 9634
f 9618 9636 9635
f 9619 9637 9636
f 9620 9638 9637
f 9621 9639 9638
f 9622 9640 9639
f 9623 9641 9640
f 9624 708 9641
f 929 9625 928
f 9625 9626 9642
f 9626 9627 9643
f 9627 9628 9644
f 9628 9629 9645
f 9629 9630 9646
f 9630 9631 9647
f 9631 9632 9648
f 9632 9633 9649
f 9633 9634 9650
f 9634 9635 9651
f 9635 9636 9652
f 9636 9637 9653
f 9637 9638 9654
f 9638 9639 9655
f 9639 9640 9656
f 9640 9641 9657
f 9641 708 709
f 9625 9642 928
f 9626 9643 9642
f 9627 9644 9643
f 9628 9645 9644
f 9629 9646 9645
f 9630 9647 9646
f 9631 9648 9647
f 9632 9649 9648
f 9633 9650 9649
f 9634 9651 9650
f 9635 9652 9651
f 9636 9653 9652
f 9637 9654 9653
f 9638 9655 9654
f 9639 9656 9655
f 9640 9657 9656
f 9641 709 9657
f 928 9642 927
f 9642 9643 9658
f 9643 9644 9659
f 9644 9645 9660
f 9645 9646 9661
f 9646 9647 9662
f 9647 9648 9663
f 9648 9649 9664
f 9649 9650 9665
f 9650 9651 9666
f 9651 9652 9667
f 9652 9653 9668
f 9653 9654 9669
f 9654 9655 9670
f 9655 9656 9671
f 9656 9657 9672
f 9657 709 710
f 9642 9658 927
f 9643 9659 9658
f 9644 9660 9659
f 9645 9661 9660
f 9646 9662 9661
f 9647 9663 9662
f 9648 9664 9663
f 9649 9665 9664
f 9650 9666 9665
f 9651 9667 9666
f 9652 9668 9667
f 9653 9669 9668
f 9654 9670 9669
f 9655 9671 9670
f 9656 9672 9671
f 9657 710 9672
f 927 9658 926
f 9658 9659 9673
f 9659 9660 9674
f 9660 9661 9675
f 9661 9662 9676
f 9662 9663 9677
f 9663 9664 9678
f 9664 9665 9679
f 9665 9666 9680
f 9666 9667 9681
f 9667 9668 9682
f 9668 9669 9683
f 9669 9670 9684
f 9670 9671 9685
f 9671 9672 9686
f 9672 710 711
f 9658 9673 926
f 9659 9674 9673
f 9660 9675 9674
f 9661 9676 9675
f 9662 9677 9676
f 9663 9678 9677
f 9664 9679 9678
f 9665 9680 9679
f 9666 9681 9680
f 9667 9682 9681
f 9668 9683 9682
f 9669 9684 9683
f 9670 9685 9684
f 9671 9686 9685
f 9672 711 9686
f 926 9673 925
f 9673 9674 9687
f 9674 9675 9688
f 9675 9676 9689
f 9676 9677 9690
f 9677 9678 9691
f 9678 9679 9692
f 9679 9680 9693
f 9680 9681 9694
f 9681 9682 9695
f 9682 9683 9696
f 9683 9684 9697
f 9684 9685 9698
f 9685 9686 9699
f 9686 711 712
f 9673 9687 925
f 9674 9688 9687
f 9675 9689 9688
f 9676 9690 9689
f 9677 9691 9690
f 9678 9692 9691
f 9679 9693 9692
f 9680 9694 9693
f 9681 9695 9694
f 9682 9696 9695
f 9683 9697 9696
f 9684 9698 9697
f 9685 9699 9698
f 9686 712 9699
f 925 9687 924
f 9687 9688 9700
f 9688 9689 9701
f 9689 9690 9702
f 9690 9691 9703
f 9691 9692 9704
f 9692 9693 9705
f 9693 9694 9706
f 9694 9695 9707
f 9695 9696 9708
f 9696 9697 9709
f 9697 9698 9710
f 9698 9699 9711
f 9699 712 713
f 9687 9700 924
f 9688 9701 9700
f 9689 9702 9701
f 9690 9703 9702
f 9691 9704 9703
f 9692 9705 9704
f 9693 9706 9705
f 9694 9707 9706
f 9695 9708 9707
f 9696 9709 9708
f 9697 9710 9709
f 9698 9711 9710
f 9699 713 9711
f 924 9700 923
f 9700 9701 9712
f 9701 9702 9713
f 9702 9703 9714
f 9703 9704 9715
f 9704 9705 9716
f 9705 9706 9717
f 9706 9707 9718
f 9707 9708 9719
f 9708 9709 9720
f 9709 9710 9721
f 9710 9711 9722
f 9711 713 714
f 9700 9712 923
f 9701 9713 9712
f 9702 9714 9713
f 9703 9715 9714
f 9704 9716 9715
f 9705 9717 9716
f 9706 9718 9717
f 9707 9719 9718
f 9708 9720 9719
f 9709 9721 9720
f 9710 9722 9721
f 9711 714 9722
f 923 9712 922
f 9712 9713 9723
f 9713 9714 9724
f 9714 9715 9725
f 9715 9716 9726
f 9716 9717 9727
f 9717 9718 9728
f 9718 9719 9729
f 9719 9720 9730
f 9720 9721 9731
f 9721 9722 9732
f 9722 714 715
f 9712 9723 922
f 9713 9724 9723
f 9714 9725 9724
f 9715 9726 9725
f 9716 9727 9726
f 9717 9728 9727
f 9718 9729 9728
f 9719 9730 9729
f 9720 9731 9730
f 9721 9732 9731
f 9722 715 9732
f 922 9723 921
f 9723 9724 9733
f 9724 9725 9734
f 9725 9726 9735
f 9726 9727 9736
f 9727 9728 9737
f 9728 9729 9738
f 9729 9730 9739
f 9730 9731 9740
f 9731 9732 9741
f 9732 715 716
f 9723 9733 921
f 9724 9734 9733
f 9725 9735 9734
f 9726 9736 9735
f 9727 9737 9736
f 9728 9738 9737
f 9729 9739 9738
f 9730 9740 9739
f 9731 9741 9740
f 9732 716 9741
f 921 9733 920
f 9733 9734 9742
f 9734 9735 9743
f 9735 9736 9744
f 9736 9737 9745
f 9737 9738 9746
f 9738 9739 9747
f 9739 9740 9748
f 9740 9741 9749
f 9741 716 717
f 9733 9742 920
f 9734 9743 9742
f 9735 9744 9743
f 9736 9745 9744
f 9737 9746 9745
f 9738 9747 9746
f 9739 9748 9747
f 9740 9749 9748
f 9741 717 9749
f 920 9742 919
f 9742 9743 9750
f 9743 9744 9751
f 9744 9745 9752
f 9745 9746 9753
f 9746 9747 9754
f 9747 9748 9755
f 9748 9749 9756
f 9749 717 718
f 9742 9750 919
f 9743 9751 9750
f 9744 9752 9751
f 9745 9753 9752
f 9746 9754 9753
f 9747 9755 9754
f 9748 9756 9755
f 9749 718 9756
f 919 9750 918
f 9750 9751 9757
f 9751 9752 9758
f 9752 9753 9759
f 9753 9754 9760
f 9754 9755 9761
f 9755 9756 9762
f 9756 718 719
f 9750 9757 918
f 9751 9758 9757
f 9752 9759 9758
f 9753 9760 9759
f 9754 9761 9760
f 9755 9762 9761
f 9756 719 9762
f 918 9757 917
f 9757 9758 9763
f 9758 9759 9764
f 9759 9760 9765
f 9760 9761 9766
f 9761 9762 9767
f 9762 719 720
f 9757 9763 917
f 9758 9764 9763
f 9759 9765 9764
f 9760 9766 9765
f 9761 9767 9766
f 9762 720 9767
f 917 9763 916
f 9763 9764 9768
f 9764 9765 9769
f 9765 9766 9770
f 9766 9767 9771
f 9767 720 721
f 9763 9768 916
f 9764 9769 9768
f 9765 9770 9769
f 9766 9771 9770
f 9767 721 9771
f 916 9768 915
f 9768 9769 9772
f 9769 9770 9773
f 9770 9771 9774
f 9771 721 722
f 9768 9772 915
f 9769 9773 9772
f 9770 9774 9773
f 9771 722 9774
f 915 9772 914
f 9772 9773 9775
f 9773 9774 9776
f 9774 722 723
f 9772 9775 914
f 9773 9776 9775
f 9774 723 9776
f 914 9775 913
f 9775 9776 9777
f 9776 723 724
f 9775 9777 913
f 9776 724 9777
f 913 9777 912
f 9777 724 725
f 9777 725 912
f 912 725 8
f 10 105 198
f 105 104 9778
f 104 103 9779
f 103 102 9780
f 102 101 9781
f 101 100 9782
f 100 99 9783
f 99 98 9784
f 98 97 9785
f 97 96 9786
f 96 95 9787
f 95 94 9788
f 94 93 9789
f 93 92 9790
f 92 91 9791
f 91 90 9792
f 90 89 9793
f 89 88 9794
f 88 87 9795
f 87 86 9796
f 86 85 9797
f 85 84 9798
f 84 83 9799
f 83 82 9800
f 82 81 9801
f 81 80 9802
f 80 79 9803
f 79 78 9804
f 78 77 9805
f 77 76 9806
f 76 75 9807
f 75 9 694
f 105 9778 198
f 104 9779 9778
f 103 9780 9779
f 102 9781 9780
f 101 9782 9781
f 100 9783 9782
f 99 9784 9783
f 98 9785 9784
f 97 9786 9785
f 96 9787 9786
f 95 9788 9787
f 94 9789 9788
f 93 9790 9789
f 92 9791 9790
f 91 9792 9791
f 90 9793 9792
f 89 9794 9793
f 88 9795 9794
f 87 9796 9795
f 86 9797 9796
f 85 9798 9797
f 84 9799 9798
f 83 9800 9799
f 82 9801 9800
f 81 9802 9801
f 80 9803 9802
f 79 9804 9803
f 78 9805 9804
f 77 9806 9805
f 76 9807 9806
f 75 694 9807
f 198 9778 197
f 9778 9779 9808
f 9779 9780 9809
f 9780 9781 9810
f 9781 9782 9811
f 9782 9783 9812
f 9783 9784 9813
f 9784 9785 9814
f 9785 9786 9815
f 9786 9787 9816
f 9787 9788 9817
f 9788 9789 9818
f 9789 9790 9819
f 9790 9791 9820
f 9791 9792 9821
f 9792 9793 9822
f 9793 9794 9823
f 9794 9795 9824
f 9795 9796 9825
f 9796 9797 9826
f 9797 9798 9827
f 9798 9799 9828
f 9799 9800 9829
f 9800 9801 9830
f 9801 9802 9831
f 9802 9803 9832
f 9803 9804 9833
f 9804 9805 9834
f 9805 9806 9835
f 9806 9807 9836
f 9807 694 693
f 9778 9808 197
f 9779 9809 9808
f 9780 9810 9809
f 9781 9811 9810
f 9782 9812 9811
f 9783 9813 9812
f 9784 9814 9813
f 9785 9815 9814
f 9786 9816 9815
f 9787 9817 9816
f 9788 9818 9817
f 9789 9819 9818
f 9790 9820 9819
f 9791 9821 9820
f 9792 9822 9821
f 9793 9823 9822
f 9794 9824 9823
f 9795 9825 9824
f 9796 9826 9825
f 9797 9827 9826
f 9798 9828 9827
f 9799 9829 9828
f 9800 9830 9829
f 9801 9831 9830
f 9802 9832 9831
f 9803 9833 9832
f 9804 9834 9833
f 9805 9835 9834
f 9806 9836 9835
f 9807 693 9836
f 197 9808 196
f 9808 9809 9837
f 9809 9810 9838
f 9810 9811 9839
f 9811 9812 9840
f 9812 9813 9841
f 9813 9814 9842
f 9814 9815 9843
f 9815 9816 9844
f 9816 9817 9845
f 9817 9818 9846
f 9818 9819 9847
f 9819 9820 9848
f 9820 9821 9849
f 9821 9822 9850
f 9822 9823 9851
f 9823 9824 9852
f 9824 9825 9853
f 9825 9826 9854
f 9826 9827 9855
f 9827 9828 9856
f 9828 9829 9857
f 9829 9830 9858
f 9830 9831 9859
f 9831 9832 9860
f 9832 9833 9861
f 9833 9834 9862
f 9834 9835 9863
f 9835 9836 9864
f 9836 693 692
f 9808 9837 196
f 9809 9838 9837
f 9810 9839 9838
f 9811 9840 9839
f 9812 9841 9840
f 9813 9842 9841
f 9814 9843 9842
f 9815 9844 9843
f 9816 9845 9844
f 9817 9846 9845
f 9818 9847 9846
f 9819 9848 9847
f 9820 9849 9848
f 9821 9850 9849
f 9822 9851 9850
f 9823 9852 9851
f 9824 9853 9852
f 9825 9854 9853
f 9826 9855 9854
f 9827 9856 9855
f 9828 9857 9856
f 9829 9858 9857
f 9830 9859 9858
f 9831 9860 9859
f 9832 9861 9860
f 9833 9862 9861
f 9834 9863 9862
f 9835 9864 9863
f 9836 692 9864
f 196 9837 195
f 9837 9838 9865
f 9838 9839 9866
f 9839 9840 9867
f 9840 9841 9868
f 9841 9842 9869
f 9842 9843 9870
f 9843 9844 9871
f 9844 9845 9872
f 9845 9846 9873
f 9846 9847 9874
f 9847 9848 9875
f 9848 9849 9876
f 9849 9850 9877
f 9850 9851 9878
f 9851 9852 9879
f 9852 9853 9880
f 9853 9854 9881
f 9854 9855 9882
f 9855 9856 9883
f 9856 9857 9884
f 9857 9858 9885
f 9858 9859 9886
f 9859 9860 9887
f 9860 9861 9888
f 9861 9862 9889
f 9862 9863 9890
f 9863 9864 9891
f 9864 692 691
f 9837 9865 195
f 9838 9866 9865
f 9839 9867 9866
f 9840 9868 9867
f 9841 9869 9868
f 9842 9870 9869
f 9843 9871 9870
f 9844 9872 9871
f 9845 9873 9872
f 9846 9874 9873
f 9847 9875 9874
f 9848 9876 9875
f 9849 9877 9876
f 9850 9878 9877
f 9851 9879 9878
f 9852 9880 9879
f 9853 9881 9880
f 9854 9882 9881
f 9855 9883 9882
f 9856 9884 9883
f 9857 9885 9884
f 9858 9886 9885
f 9859 9887 9886
f 9860 9888 9887
f 9861 9889 9888
f 9862 9890 9889
f 9863 9891 9890
f 9864 691 9891
f 195 9865 194
f 9865 9866 9892
f 9866 9867 9893
f 9867 9868 9894
f 9868 9869 9895
f 9869 9870 9896
f 9870 9871 9897
f 9871 9872 9898
f 9872 9873 9899
f 9873 9874 9900
f 9874 9875 9901
f 9875 9876 9902
f 9876 9877 9903
f 9877 9878 9904
f 9878 9879 9905
f 9879 9880 9906
f 9880 9881 9907
f 9881 9882 9908
f 9882 9883 9909
f 9883 9884 9910
f 9884 9885 9911
f 9885 9886 9912
f 9886 9887 9913
f 9887 9888 9914
f 9888 9889 9915
f 9889 9890 9916
f 9890 9891 9917
f 9891 691 690
f 9865 9892 194
f 9866 9893 9892
f 9867 9894 9893
f 9868 9895 9894
f 9869 9896 9895
f 9870 9897 9896
f 9871 9898 9897
f 9872 9899 9898
f 9873 9900 9899
f 9874 9901 9900
f 9875 9902 9901
f 9876 9903 9902
f 9877 9904 9903
f 9878 9905 9904
f 9879 9906 9905
f 9880 9907 9906
f 9881 9908 9907
f 9882 9909 9908
f 9883 9910 9909
f 9884 9911 9910
f 9885 9912 9911
f 9886 9913 9912
f 9887 9914 9913
f 9888 9915 9914
f 9889 9916 9915
f 9890 9917 9916
f 9891 690 9917
f 194 9892 193
f 9892 9893 9918
f 9893 9894 9919
f 9894 9895 9920
f 9895 9896 9921
f 9896 9897 9922
f 9897 9898 9923
f 9898 9899 9924
f 9899 9900 9925
f 9900 9901 9926
f 9901 9902 9927
f 9902 9903 9928
f 9903 9904 9929
f 9904 9905 9930
f 9905 9906 9931
f 9906 9907 9932
f 9907 9908 9933
f 9908 9909 9934
f 9909 9910 9935
f 9910 9911 9936
f 9911 9912 9937
f 9912 9913 9938
f 9913 9914 9939
f 9914 9915 9940
f 9915 9916 9941
f 9916 9917 9942
f 9917 690 689
f 9892 9918 193
f 9893 9919 9918
f 9894 9920 9919
f 9895 9921 9920
f 9896 9922 9921
f 9897 9923 9922
f 9898 9924 9923
f 9899 9925 9924
f 9900 9926 9925
f 9901 9927 9926
f 9902 9928 9927
f 9903 9929 9928
f 9904 9930 9929
f 9905 9931 9930
f 9906 9932 9931
f 9907 9933 9932
f 9908 9934 9933
f 9909 9935 9934
f 9910 9936 9935
f 9911 9937 9936
f 9912 9938 9937
f 9913 9939 9938
f 9914 9940 9939
f 9915 9941 9940
f 9916 9942 9941
f 9917 689 9942
f 193 9918 192
f 9918 9919 9943
f 9919 9920 9944
f 9920 9921 9945
f 9921 9922 9946
f 9922 9923 9947
f 9923 9924 9948
f 9924 9925 9949
f 9925 9926 9950
f 9926 9927 9951
f 9927 9928 9952
f 9928 9929 9953
f 9929 9930 9954
f 9930 9931 9955
f 9931 9932 9956
f 9932 9933 9957
f 9933 9934 9958
f 9934 9935 9959
f 9935 9936 9960
f 9936 9937 9961
f 9937 9938 9962
f 9938 9939 9963
f 9939 9940 9964
f 9940 9941 9965
f 9941 9942 9966
f 9942 689 688
f 9918 9943 192
f 9919 9944 9943
f 9920 9945 9944
f 9921 9946 9945
f 9922 9947 9946
f 9923 9948 9947
f 9924 9949 9948
f 9925 9950 9949
f 9926 9951 9950
f 9927 9952 9951
f 9928 9953 9952
f 9929 9954 9953
f 9930 9955 9954
f 9931 9956 9955
f 9932 9957 9956
f 9933 9958 9957
f 9934 9959 9958
f 9935 9960 9959
f 9936 9961 9960
f 9937 9962 9961
f 9938 9963 9962
f 9939 9964 9963
f 9940 9965 9964
f 9941 9966 9965
f 9942 688 9966
f 192 9943 191
f 9943 9944 9967
f 9944 9945 9968
f 9945 9946 9969
f 9946 9947 9970
f 9947 9948 9971
f 9948 9949 9972
f 9949 9950 9973
f 9950 9951 9974
f 9951 9952 9975
f 9952 9953 9976
f 9953 9954 9977
f 9954 9955 9978
f 9955 9956 9979
f 9956 9957 9980
f 9957 9958 9981
f 9958 9959 9982
f 9959 9960 9983
f 9960 9961 9984
f 9961 9962 9985
f 9962 9963 9986
f 9963 9964 9987
f 9964 9965 9988
f 9965 9966 9989
f 9966 688 687
f 9943 9967 191
f 9944 9968 9967
f 9945 9969 9968
f 9946 9970 9969
f 9947 9971 9970
f 9948 9972 9971
f 9949 9973 9972
f 9950 9974 9973
f 9951 9975 9974
f 9952 9976 9975
f 9953 9977 9976
f 9954 9978 9977
f 9955 9979 9978
f 9956 9980 9979
f 9957 9981 9980
f 9958 9982 9981
f 9959 9983 9982
f 9960 9984 9983
f 9961 9985 9984
f 9962 9986 9985
f 9963 9987 9986
f 9964 9988 9987
f 9965 9989 9988
f 9966 687 9989
f 191 9967 190
f 9967 9968 9990
f 9968 9969 9991
f 9969 9970 9992
f 9970 9971 9993
f 9971 9972 9994
f 9972 9973 9995
f 9973 9974 9996
f 9974 9975 9997
f 9975 9976 9998
f 9976 9977 9999
f 9977 9978 10000
f 9978 9979 10001
f 9979 9980 10002
f 9980 9981 10003
f 9981 9982 10004
f 9982 9983 10005
f 9983 9984 10006
f 9984 9985 10007
f 9985 9986 10008
f 9986 9987 10009
f 9987 9988 10010
f 9988 9989 10011
f 9989 687 686
f 9967 9990 190
f 9968 9991 9990
f 9969 9992 9991
f 9970 9993 9992
f 9971 9994 9993
f 9972 9995 9994
f 9973 9996 9995
f 9974 9997 9996
f 9975 9998 9997
f 9976 9999 9998
f 9977 10000 9999
f 9978 10001 10000
f 9979 10002 10001
f 9980 10003 10002
f 9981 10004 10003
f 9982 10005 10004
f 9983 10006 10005
f 9984 10007 10006
f 9985 10008 10007
f 9986 10009 10008
f 9987 10010 10009
f 9988 10011 10010
f 9989 686 10011
f 190 9990 189
f 9990 9991 10012
f 9991 9992 10013
f 9992 9993 10014
f 9993 9994 10015
f 9994 9995 10016
f 9995 9996 10017
f 9996 9997 10018
f 9997 9998 10019
f 9998 9999 10020
f 9999 10000 10021
f 10000 10001 10022
f 10001 10002 10023
f 10002 10003 10024
f 10003 10004 10025
f 10004 10005 10026
f 10005 10006 10027
f 10006 10007 10028
f 10007 10008 10029
f 10008 10009 10030
f 10009 10010 10031
f 10010 10011 10032
f 10011 686 685
f 9990 10012 189
f 9991 10013 10012
f 9992 10014 10013
f 9993 10015 10014
f 9994 10016 10015
f 9995 10017 10016
f 9996 10018 10017
f 9997 10019 10018
f 9998 10020 10019
f 9999 10021 10020
f 10000 10022 10021
f 10001 10023 10022
f 10002 10024 10023
f 10003 10025 10024
f 10004 10026 10025
f 10005 10027 10026
f 10006 10028 10027
f 10007 10029 10028
f 10008 10030 10029
f 10009 10031 10030
f 10010 10032 10031
f 10011 685 10032
f 189 10012 188
f 10012 10013 10033
f 10013 10014 10034
f 10014 10015 10035
f 10015 10016 10036
f 10016 10017 10037
f 10017 10018 10038
f 10018 10019 10039
f 10019 10020 10040
f 10020 10021 10041
f 10021 10022 10042
f 10022 10023 10043
f 10023 10024 10044
f 10024 10025 10045
f 10025 10026 10046
f 10026 10027 10047
f 10027 10028 10048
f 10028 10029 10049
f 10029 10030 10050
f 10030 10031 10051
f 10031 10032 10052
f 10032 685 684
f 10012 10033 188
f 10013 10034 10033
f 10014 10035 10034
f 10015 10036 10035
f 10016 10037 10036
f 10017 10038 10037
f 10018 10039 10038
f 10019 10040 10039
f 10020 10041 10040
f 10021 10042 10041
f 10022 10043 10042
f 10023 10044 10043
f 10024 10045 10044
f 10025 10046 10045
f 10026 10047 10046
f 10027 10048 10047
f 10028 10049 10048
f 10029 10050 10049
f 10030 10051 10050
f 10031 10052 10051
f 10032 684 10052
f 188 10033 187
f 10033 10034 10053
f 10034 10035 10054
f 10035 10036 10055
f 10036 10037 10056
f 10037 10038 10057
f 10038 10039 10058
f 10039 10040 10059
f 10040 10041 10060
f 10041 10042 10061
f 10042 10043 10062
f 10043 10044 10063
f 10044 10045 10064
f 10045 10046 10065
f 10046 10047 10066
f 10047 10048 10067
f 10048 10049 10068
f 10049 10050 10069
f 10050 10051 10070
f 10051 10052 10071
f 10052 684 683
f 10033 10053 187
f 10034 10054 10053
f 10035 10055 10054
f 10036 10056 10055
f 10037 10057 10056
f 10038 10058 10057
f 10039 10059 10058
f 10040 10060 10059
f 10041 10061 10060
f 10042 10062 10061
f 10043 10063 10062
f 10044 10064 10063
f 10045 10065 10064
f 10046 10066 10065
f 10047 10067 10066
f 10048 10068 10067
f 10049 10069 10068
f 10050 10070 10069
f 10051 10071 10070
f 10052 683 10071
f 187 10053 186
f 10053 10054 10072
f 10054 10055 10073
f 10055 10056 10074
f 10056 10057 10075
f 10057 10058 10076
f 10058 10059 10077
f 10059 10060 10078
f 10060 10061 10079
f 10061 10062 10080
f 10062 10063 10081
f 10063 10064 10082
f 10064 10065 10083
f 10065 10066 10084
f 10066 10067 10085
f 10067 10068 10086
f 10068 10069 10087
f 10069 10070 10088
f 10070 10071 10089
f 10071 683 682
f 10053 10072 186
f 10054 10073 10072
f 10055 10074 10073
f 10056 10075 10074
f 10057 10076 10075
f 10058 10077 10076
f 10059 10078 10077
f 10060 10079 10078
f 10061 10080 10079
f 10062 10081 10080
f 10063 10082 10081
f 10064 10083 10082
f 10065 10084 10083
f 10066 10085 10084
f 10067 10086 10085
f 10068 10087 10086
f 10069 10088 10087
f 10070 10089 10088
f 10071 682 10089
f 186 10072 185
f 10072 10073 10090
f 10073 10074 10091
f 10074 10075 10092
f 10075 10076 10093
f 10076 10077 10094
f 10077 10078 10095
f 10078 10079 10096
f 10079 10080 10097
f 10080 10081 10098
f 10081 10082 10099
f 10082 10083 10100
f 10083 10084 10101
f 10084 10085 10102
f 10085 10086 10103
f 10086 10087 10104
f 10087 10088 10105
f 10088 10089 10106
f 10089 682 681
f 10072 10090 185
f 10073 10091 10090
f 10074 10092 10091
f 10075 10093 10092
f 10076 10094 10093
f 10077 10095 10094
f 10078 10096 10095
f 10079 10097 10096
f 10080 10098 10097
f 10081 10099 10098
f 10082 10100 10099
f 10083 10101 10100
f 10084 10102 10101
f 10085 10103 10102
f 10086 10104 10103
f 10087 10105 10104
f 10088 10106 10105
f 10089 681 10106
f 185 10090 184
f 10090 10091 10107
f 10091 10092 10108
f 10092 10093 10109
f 10093 10094 10110
f 10094 10095 10111
f 10095 10096 10112
f 10096 10097 10113
f 10097 10098 10114
f 10098 10099 10115
f 10099 10100 10116
f 10100 10101 10117
f 10101 10102 10118
f 10102 10103 10119
f 10103 10104 10120
f 10104 10105 10121
f 10105 10106 10122
f 10106 681 680
f 10090 10107 184
f 10091 10108 10107
f 10092 10109 10108
f 10093 10110 10109
f 10094 10111 10110
f 10095 10112 10111
f 10096 10113 10112
f 10097 10114 10113
f 10098 10115 10114
f 10099 10116 10115
f 10100 10117 10116
f 10101 10118 10117
f 10102 10119 10118
f 10103 10120 10119
f 10104 10121 10120
f 10105 10122 10121
f 10106 680 10122
f 184 10107 183
f 10107 10108 10123
f 10108 10109 10124
f 10109 10110 10125
f 10110 10111 10126
f 10111 10112 10127
f 10112 10113 10128
f 10113 10114 10129
f 10114 10115 10130
f 10115 10116 10131
f 10116 10117 10132
f 10117 10118 10133
f 10118 10119 10134
f 10119 10120 10135
f 10120 10121 10136
f 10121 10122 10137
f 10122 680 679
f 10107 10123 183
f 10108 10124 10123
f 10109 10125 10124
f 10110 10126 10125
f 10111 10127 10126
f 10112 10128 10127
f 10113 10129 10128
f 10114 10130 10129
f 10115 10131 10130
f 10116 10132 10131
f 10117 10133 10132
f 10118 10134 10133
f 10119 10135 10134
f 10120 10136 10135
f 10121 10137 10136
f 10122 679 10137
f 183 10123 182
f 10123 10124 10138
f 10124 10125 10139
f 10125 10126 10140
f 10126 10127 10141
f 10127 10128 10142
f 10128 10129 10143
f 10129 10130 10144
f 10130 10131 10145
f 10131 10132 10146
f 10132 10133 10147
f 10133 10134 10148
f 10134 10135 10149
f 10135 10136 10150
f 10136 10137 10151
f 10137 679 678
f 10123 10138 182
f 10124 10139 10138
f 10125 10140 10139
f 10126 10141 10140
f 10127 10142 10141
f 10128 10143 10142
f 10129 10144 10143
f 10130 10145 10144
f 10131 10146 10145
f 10132 10147 10146
f 10133 10148 10147
f 10134 10149 10148
f 10135 10150 10149
f 10136 10151 10150
f 10137 678 10151
f 182 10138 181
f 10138 10139 10152
f 10139 10140 10153
f 10140 10141 10154
f 10141 10142 10155
f 10142 10143 10156
f 10143 10144 10157
f 10144 10145 10158
f 10145 10146 10159
f 10146 10147 10160
f 10147 10148 10161
f 10148 10149 10162
f 10149 10150 10163
f 10150 10151 10164
f 10151 678 677
f 10138 10152 181
f 10139 10153 10152
f 10140 10154 10153
f 10141 10155 10154
f 10142 10156 10155
f 10143 10157 10156
f 10144 10158 10157
f 10145 10159 10158
f 10146 10160 10159
f 10147 10161 10160
f 10148 10162 10161
f 10149 10163 10162
f 10150 10164 10163
f 10151 677 10164
f 181 10152 180
f 10152 10153 10165
f 10153 10154 10166
f 10154 10155 10167
f 10155 10156 10168
f 10156 10157 10169
f 10157 10158 10170
f 10158 10159 10171
f 10159 10160 10172
f 10160 10161 10173
f 10161 10162 10174
f 10162 10163 10175
f 10163 10164 10176
f 10164 677 676
f 10152 10165 180
f 10153 10166 10165
f 10154 10167 10166
f 10155 10168 10167
f 10156 10169 10168
f 10157 10170 10169
f 10158 10171 10170
f 10159 10172 10171
f 10160 10173 10172
f 10161 10174 10173
f 10162 10175 10174
f 10163 10176 10175
f 10164 676 10176
f 180 10165 179
f 10165 10166 10177
f 10166 10167 10178
f 10167 10168 10179
f 10168 10169 10180
f 10169 10170 10181
f 10170 10171 10182
f 10171 10172 10183
f 10172 10173 10184
f 10173 10174 10185
f 10174 10175 10186
f 10175 10176 10187
f 10176 676 675
f 10165 10177 179
f 10166 10178 10177
f 10167 10179 10178
f 10168 10180 10179
f 10169 10181 10180
f 10170 10182 10181
f 10171 10183 10182
f 10172 10184 10183
f 10173 10185 10184
f 10174 10186 10185
f 10175 10187 10186
f 10176 675 10187
f 179 10177 178
f 10177 10178 10188
f 10178 10179 10189
f 10179 10180 10190
f 10180 10181 10191
f 10181 10182 10192
f 10182 10183 10193
f 10183 10184 10194
f 10184 10185 10195
f 10185 10186 10196
f 10186 10187 10197
f 10187 675 674
f 10177 10188 178
f 10178 10189 10188
f 10179 10190 10189
f 10180 10191 10190
f 10181 10192 10191
f 10182 10193 10192
f 10183 10194 10193
f 10184 10195 10194
f 10185 10196 10195
f 10186 10197 10196
f 10187 674 10197
f 178 10188 177
f 10188 10189 10198
f 10189 10190 10199
f 10190 10191 10200
f 10191 10192 10201
f 10192 10193 10202
f 10193 10194 10203
f 10194 10195 10204
f 10195 10196 10205
f 10196 10197 10206
f 10197 674 673
f 10188 10198 177
f 10189 10199 10198
f 10190 10200 10199
f 10191 10201 10200
f 10192 10202 10201
f 10193 10203 10202
f 10194 10204 10203
f 10195 10205 10204
f 10196 10206 10205
f 10197 673 10206
f 177 10198 176
f 10198 10199 10207
f 10199 10200 10208
f 10200 10201 10209
f 10201 10202 10210
f 10202 10203 10211
f 10203 10204 10212
f 10204 10205 10213
f 10205 10206 10214
f 10206 673 672
f 10198 10207 176
f 10199 10208 10207
f 10200 10209 10208
f 10201 10210 10209
f 10202 10211 10210
f 10203 10212 10211
f 10204 10213 10212
f 10205 10214 10213
f 10206 672 10214
f 176 10207 175
f 10207 10208 10215
f 10208 10209 10216
f 10209 10210 10217
f 10210 10211 10218
f 10211 10212 10219
f 10212 10213 10220
f 10213 10214 10221
f 10214 672 671
f 10207 10215 175
f 10208 10216 10215
f 10209 10217 10216
f 10210 10218 10217
f 10211 10219 10218
f 10212 10220 10219
f 10213 10221 10220
f 10214 671 10221
f 175 10215 174
f 10215 10216 10222
f 10216 10217 10223
f 10217 10218 10224
f 10218 10219 10225
f 10219 10220 10226
f 10220 10221 10227
f 10221 671 670
f 10215 10222 174
f 10216 10223 10222
f 10217 10224 10223
f 10218 10225 10224
f 10219 10226 10225
f 10220 10227 10226
f 10221 670 10227
f 174 10222 173
f 10222 10223 10228
f 10223 10224 10229
f 10224 10225 10230
f 10225 10226 10231
f 10226 10227 10232
f 10227 670 669
f 10222 10228 173
f 10223 10229 10228
f 10224 10230 10229
f 10225 10231 10230
f 10226 10232 10231
f 10227 669 10232
f 173 10228 172
f 10228 10229 10233
f 10229 10230 10234
f 10230 10231 10235
f 10231 10232 10236
f 10232 669 668
f 10228 10233 172
f 10229 10234 10233
f 10230 10235 10234
f 10231 10236 10235
f 10232 668 10236
f 172 10233 171
f 10233 10234 10237
f 10234 10235 10238
f 10235 10236 10239
f 10236 668 667
f 10233 10237 171
f 10234 10238 10237
f 10235 10239 10238
f 10236 667 10239
f 171 10237 170
f 10237 10238 10240
f 10238 10239 10241
f 10239 667 666
f 10237 10240 170
f 10238 10241 10240
f 10239 666 10241
f 170 10240 169
f 10240 10241 10242
f 10241 666 665
f 10240 10242 169
f 10241 665 10242
f 169 10242 168
f 10242 665 664
f 10242 664 168
f 168 664 2
