v -0.5257311121191336 0.85065080835204 0.0
v 0.5257311121191336 0.85065080835204 0.0
v -0.5257311121191336 -0.85065080835204 0.0
v 0.5257311121191336 -0.85065080835204 0.0
v 0.0 -0.5257311121191336 0.85065080835204
v 0.0 0.5257311121191336 0.85065080835204
v 0.0 -0.5257311121191336 -0.85065080835204
v 0.0 0.5257311121191336 -0.85065080835204
v 0.85065080835204 0.0 -0.5257311121191336
v 0.85065080835204 0.0 0.5257311121191336
v -0.85065080835204 0.0 -0.5257311121191336
v -0.85065080835204 0.0 0.5257311121191336
v 0.5036570407363172 -0.8607212142878533 0.07408492823495924
v 0.47619215291891703 -0.8657335191825786 0.15409901771975903
v 0.44286271326648935 -0.8641878268373419 0.23885564080505958
v 0.4035482123351977 -0.8547288298252083 0.3264773618288047
v 0.35862232531515076 -0.836421915280972 0.41447365106031114
v 0.3090169943749474 -0.8090169943749475 0.49999999999999994
v 0.2561588037965362 -0.773095976375462 0.5802631114844359
v 0.20177410616759886 -0.7300255741640024 0.6529547236576094
v 0.1476209044221631 -0.6817183540715489 0.7165669224151787
v 0.09523843058378338 -0.630291170638676 0.7704950885987951
v 0.04578700370330159 -0.5777419689712765 0.8149342105845517
v 0.07408492823495924 -0.5036570407363172 0.8607212142878533
v 0.15409901771975903 -0.47619215291891703 0.8657335191825786
v 0.23885564080505958 -0.44286271326648935 0.8641878268373419
v 0.3264773618288047 -0.4035482123351977 0.8547288298252083
v 0.4144736510603112 -0.35862232531515076 0.8364219152809721
v 0.49999999999999994 -0.3090169943749474 0.8090169943749475
v 0.5802631114844359 -0.2561588037965362 0.773095976375462
v 0.6529547236576094 -0.2017741061675989 0.7300255741640025
v 0.7165669224151787 -0.1476209044221631 0.6817183540715489
v 0.7704950885987952 -0.09523843058378338 0.630291170638676
v 0.8149342105845516 -0.04578700370330158 0.5777419689712765
v 0.889019138819511 0.0 -0.45787003703301565
v 0.9245941063185542 0.0 -0.38095372233513364
v 0.9554225632202383 0.0 -0.2952418088443262
v 0.9794320854864143 0.0 -0.2017741061675989
v 0.9947367625447471 0.0 -0.10246352151861454
v 1.0 0.0 -3.430777821555291e-17
v 0.9947367625447471 0.0 0.10246352151861454
v 0.9794320854864143 0.0 0.2017741061675988
v 0.9554225632202383 0.0 0.2952418088443262
v 0.9245941063185542 0.0 0.38095372233513364
v 0.889019138819511 0.0 0.45787003703301565
v -0.5036570407363172 0.8607212142878533 0.07408492823495924
v -0.47619215291891703 0.8657335191825786 0.15409901771975903
v -0.44286271326648935 0.8641878268373419 0.23885564080505958
v -0.4035482123351977 0.8547288298252083 0.3264773618288047
v -0.35862232531515076 0.836421915280972 0.41447365106031114
v -0.3090169943749474 0.8090169943749475 0.49999999999999994
v -0.2561588037965362 0.773095976375462 0.5802631114844359
v -0.20177410616759886 0.7300255741640024 0.6529547236576094
v -0.1476209044221631 0.6817183540715489 0.7165669224151787
v -0.09523843058378338 0.630291170638676 0.7704950885987951
v -0.04578700370330159 0.5777419689712765 0.8149342105845517
v -0.5777419689712764 -0.8149342105845517 0.04578700370330157
v -0.6302911706386761 -0.7704950885987951 0.0952384305837834
v -0.6817183540715489 -0.7165669224151787 0.1476209044221631
v -0.7300255741640024 -0.6529547236576095 0.2017741061675988
v -0.773095976375462 -0.5802631114844359 0.2561588037965362
v -0.8090169943749475 -0.5 0.3090169943749474
v -0.836421915280972 -0.41447365106031114 0.35862232531515076
v -0.8547288298252083 -0.32647736182880477 0.4035482123351976
v -0.8641878268373419 -0.23885564080505958 0.44286271326648935
v -0.8657335191825786 -0.154099017719759 0.4761921529189171
v -0.8607212142878533 -0.07408492823495927 0.5036570407363172
v 0.5777419689712764 0.8149342105845517 0.04578700370330157
v 0.6302911706386761 0.7704950885987951 0.0952384305837834
v 0.6817183540715489 0.7165669224151787 0.1476209044221631
v 0.7300255741640024 0.6529547236576095 0.2017741061675988
v 0.773095976375462 0.5802631114844359 0.2561588037965362
v 0.8090169943749475 0.5 0.3090169943749474
v 0.836421915280972 0.41447365106031114 0.35862232531515076
v 0.8547288298252083 0.32647736182880477 0.4035482123351976
v 0.8641878268373419 0.23885564080505958 0.44286271326648935
v 0.8657335191825786 0.154099017719759 0.4761921529189171
v 0.8607212142878533 0.07408492823495927 0.5036570407363172
v -0.5777419689712764 0.8149342105845517 0.04578700370330157
v -0.6302911706386761 0.7704950885987951 0.0952384305837834
v -0.6817183540715489 0.7165669224151787 0.1476209044221631
v -0.7300255741640024 0.6529547236576095 0.2017741061675988
v -0.773095976375462 0.5802631114844359 0.2561588037965362
v -0.8090169943749475 0.5 0.3090169943749474
v -0.836421915280972 0.41447365106031114 0.35862232531515076
v -0.8547288298252083 0.32647736182880477 0.4035482123351976
v -0.8641878268373419 0.23885564080505958 0.44286271326648935
v -0.8657335191825786 0.154099017719759 0.4761921529189171
v -0.8607212142878533 0.07408492823495927 0.5036570407363172
v -0.07408492823495924 0.5036570407363172 -0.8607212142878533
v -0.15409901771975903 0.47619215291891703 -0.8657335191825786
v -0.23885564080505958 0.44286271326648935 -0.8641878268373419
v -0.3264773618288047 0.4035482123351977 -0.8547288298252083
v -0.4144736510603112 0.35862232531515076 -0.8364219152809721
v -0.49999999999999994 0.3090169943749474 -0.8090169943749475
v -0.5802631114844359 0.2561588037965362 -0.773095976375462
v -0.6529547236576094 0.2017741061675989 -0.7300255741640025
v -0.7165669224151787 0.1476209044221631 -0.6817183540715489
v -0.7704950885987952 0.09523843058378338 -0.630291170638676
v -0.8149342105845516 0.04578700370330158 -0.5777419689712765
v 0.07408492823495924 -0.5036570407363172 -0.8607212142878533
v 0.15409901771975903 -0.47619215291891703 -0.8657335191825786
v 0.23885564080505958 -0.44286271326648935 -0.8641878268373419
v 0.3264773618288047 -0.4035482123351977 -0.8547288298252083
v 0.4144736510603112 -0.35862232531515076 -0.8364219152809721
v 0.49999999999999994 -0.3090169943749474 -0.8090169943749475
v 0.5802631114844359 -0.2561588037965362 -0.773095976375462
v 0.6529547236576094 -0.2017741061675989 -0.7300255741640025
v 0.7165669224151787 -0.1476209044221631 -0.6817183540715489
v 0.7704950885987952 -0.09523843058378338 -0.630291170638676
v 0.8149342105845516 -0.04578700370330158 -0.5777419689712765
v 0.0 -0.45787003703301565 0.889019138819511
v 0.0 -0.38095372233513364 0.9245941063185542
v 0.0 -0.2952418088443262 0.9554225632202383
v 0.0 -0.2017741061675989 0.9794320854864143
v 0.0 -0.10246352151861454 0.9947367625447471
v 0.0 -3.430777821555291e-17 1.0
v 0.0 0.10246352151861454 0.9947367625447471
v 0.0 0.2017741061675988 0.9794320854864143
v 0.0 0.2952418088443262 0.9554225632202383
v 0.0 0.38095372233513364 0.9245941063185542
v 0.0 0.45787003703301565 0.889019138819511
v 0.5777419689712764 -0.8149342105845517 0.04578700370330157
v 0.6302911706386761 -0.7704950885987951 0.0952384305837834
v 0.6817183540715489 -0.7165669224151787 0.1476209044221631
v 0.7300255741640024 -0.6529547236576095 0.2017741061675988
v 0.773095976375462 -0.5802631114844359 0.2561588037965362
v 0.8090169943749475 -0.5 0.3090169943749474
v 0.836421915280972 -0.41447365106031114 0.35862232531515076
v 0.8547288298252083 -0.32647736182880477 0.4035482123351976
v 0.8641878268373419 -0.23885564080505958 0.44286271326648935
v 0.8657335191825786 -0.154099017719759 0.4761921529189171
v 0.8607212142878533 -0.07408492823495927 0.5036570407363172
v 0.5036570407363172 -0.8607212142878533 -0.07408492823495924
v 0.47619215291891703 -0.8657335191825786 -0.15409901771975903
v 0.44286271326648935 -0.8641878268373419 -0.23885564080505958
v 0.4035482123351977 -0.8547288298252083 -0.3264773618288047
v 0.35862232531515076 -0.836421915280972 -0.41447365106031114
v 0.3090169943749474 -0.8090169943749475 -0.49999999999999994
v 0.2561588037965362 -0.773095976375462 -0.5802631114844359
v 0.20177410616759886 -0.7300255741640024 -0.6529547236576094
v 0.1476209044221631 -0.6817183540715489 -0.7165669224151787
v 0.09523843058378338 -0.630291170638676 -0.7704950885987951
v 0.04578700370330159 -0.5777419689712765 -0.8149342105845517
v 0.07408492823495924 0.5036570407363172 0.8607212142878533
v 0.15409901771975903 0.47619215291891703 0.8657335191825786
v 0.23885564080505958 0.44286271326648935 0.8641878268373419
v 0.3264773618288047 0.4035482123351977 0.8547288298252083
v 0.4144736510603112 0.35862232531515076 0.8364219152809721
v 0.49999999999999994 0.3090169943749474 0.8090169943749475
v 0.5802631114844359 0.2561588037965362 0.773095976375462
v 0.6529547236576094 0.2017741061675989 0.7300255741640025
v 0.7165669224151787 0.1476209044221631 0.6817183540715489
v 0.7704950885987952 0.09523843058378338 0.630291170638676
v 0.8149342105845516 0.04578700370330158 0.5777419689712765
v -0.07408492823495924 -0.5036570407363172 0.8607212142878533
v -0.15409901771975903 -0.47619215291891703 0.8657335191825786
v -0.23885564080505958 -0.44286271326648935 0.8641878268373419
v -0.3264773618288047 -0.4035482123351977 0.8547288298252083
v -0.4144736510603112 -0.35862232531515076 0.8364219152809721
v -0.49999999999999994 -0.3090169943749474 0.8090169943749475
v -0.5802631114844359 -0.2561588037965362 0.773095976375462
v -0.6529547236576094 -0.2017741061675989 0.7300255741640025
v -0.7165669224151787 -0.1476209044221631 0.6817183540715489
v -0.7704950885987952 -0.09523843058378338 0.630291170638676
v -0.8149342105845516 -0.04578700370330158 0.5777419689712765
v -0.45787003703301565 0.889019138819511 0.0
v -0.38095372233513364 0.9245941063185542 0.0
v -0.2952418088443262 0.9554225632202383 0.0
v -0.2017741061675989 0.9794320854864143 0.0
v -0.10246352151861454 0.9947367625447471 0.0
v -3.430777821555291e-17 1.0 0.0
v 0.10246352151861454 0.9947367625447471 0.0
v 0.2017741061675988 0.9794320854864143 0.0
v 0.2952418088443262 0.9554225632202383 0.0
v 0.38095372233513364 0.9245941063185542 0.0
v 0.45787003703301565 0.889019138819511 0.0
v -0.5036570407363172 0.8607212142878533 -0.07408492823495924
v -0.47619215291891703 0.8657335191825786 -0.15409901771975903
v -0.44286271326648935 0.8641878268373419 -0.23885564080505958
v -0.4035482123351977 0.8547288298252083 -0.3264773618288047
v -0.35862232531515076 0.836421915280972 -0.41447365106031114
v -0.3090169943749474 0.8090169943749475 -0.49999999999999994
v -0.2561588037965362 0.773095976375462 -0.5802631114844359
v -0.20177410616759886 0.7300255741640024 -0.6529547236576094
v -0.1476209044221631 0.6817183540715489 -0.7165669224151787
v -0.09523843058378338 0.630291170638676 -0.7704950885987951
v -0.04578700370330159 0.5777419689712765 -0.8149342105845517
v -0.5036570407363172 -0.8607212142878533 0.07408492823495924
v -0.47619215291891703 -0.8657335191825786 0.15409901771975903
v -0.44286271326648935 -0.8641878268373419 0.23885564080505958
v -0.4035482123351977 -0.8547288298252083 0.3264773618288047
v -0.35862232531515076 -0.836421915280972 0.41447365106031114
v -0.3090169943749474 -0.8090169943749475 0.49999999999999994
v -0.2561588037965362 -0.773095976375462 0.5802631114844359
v -0.20177410616759886 -0.7300255741640024 0.6529547236576094
v -0.1476209044221631 -0.6817183540715489 0.7165669224151787
v -0.09523843058378338 -0.630291170638676 0.7704950885987951
v -0.04578700370330159 -0.5777419689712765 0.8149342105845517
v -0.889019138819511 0.0 -0.45787003703301565
v -0.9245941063185542 0.0 -0.38095372233513364
v -0.9554225632202383 0.0 -0.2952418088443262
v -0.9794320854864143 0.0 -0.2017741061675989
v -0.9947367625447471 0.0 -0.10246352151861454
v -1.0 0.0 -3.430777821555291e-17
v -0.9947367625447471 0.0 0.10246352151861454
v -0.9794320854864143 0.0 0.2017741061675988
v -0.9554225632202383 0.0 0.2952418088443262
v -0.9245941063185542 0.0 0.38095372233513364
v -0.889019138819511 0.0 0.45787003703301565
v -0.5777419689712764 0.8149342105845517 -0.04578700370330157
v -0.6302911706386761 0.7704950885987951 -0.0952384305837834
v -0.6817183540715489 0.7165669224151787 -0.1476209044221631
v -0.7300255741640024 0.6529547236576095 -0.2017741061675988
v -0.773095976375462 0.5802631114844359 -0.2561588037965362
v -0.8090169943749475 0.5 -0.3090169943749474
v -0.836421915280972 0.41447365106031114 -0.35862232531515076
v -0.8547288298252083 0.32647736182880477 -0.4035482123351976
v -0.8641878268373419 0.23885564080505958 -0.44286271326648935
v -0.8657335191825786 0.154099017719759 -0.4761921529189171
v -0.8607212142878533 0.07408492823495927 -0.5036570407363172
v 0.5036570407363172 0.8607212142878533 0.07408492823495924
v 0.47619215291891703 0.8657335191825786 0.15409901771975903
v 0.44286271326648935 0.8641878268373419 0.23885564080505958
v 0.4035482123351977 0.8547288298252083 0.3264773618288047
v 0.35862232531515076 0.836421915280972 0.41447365106031114
v 0.3090169943749474 0.8090169943749475 0.49999999999999994
v 0.2561588037965362 0.773095976375462 0.5802631114844359
v 0.20177410616759886 0.7300255741640024 0.6529547236576094
v 0.1476209044221631 0.6817183540715489 0.7165669224151787
v 0.09523843058378338 0.630291170638676 0.7704950885987951
v 0.04578700370330159 0.5777419689712765 0.8149342105845517
v -0.5777419689712764 -0.8149342105845517 -0.04578700370330157
v -0.6302911706386761 -0.7704950885987951 -0.0952384305837834
v -0.6817183540715489 -0.7165669224151787 -0.1476209044221631
v -0.7300255741640024 -0.6529547236576095 -0.2017741061675988
v -0.773095976375462 -0.5802631114844359 -0.2561588037965362
v -0.8090169943749475 -0.5 -0.3090169943749474
v -0.836421915280972 -0.41447365106031114 -0.35862232531515076
v -0.8547288298252083 -0.32647736182880477 -0.4035482123351976
v -0.8641878268373419 -0.23885564080505958 -0.44286271326648935
v -0.8657335191825786 -0.154099017719759 -0.4761921529189171
v -0.8607212142878533 -0.07408492823495927 -0.5036570407363172
v 0.5777419689712764 0.8149342105845517 -0.04578700370330157
v 0.6302911706386761 0.7704950885987951 -0.0952384305837834
v 0.6817183540715489 0.7165669224151787 -0.1476209044221631
v 0.7300255741640024 0.6529547236576095 -0.2017741061675988
v 0.773095976375462 0.5802631114844359 -0.2561588037965362
v 0.8090169943749475 0.5 -0.3090169943749474
v 0.836421915280972 0.41447365106031114 -0.35862232531515076
v 0.8547288298252083 0.32647736182880477 -0.4035482123351976
v 0.8641878268373419 0.23885564080505958 -0.44286271326648935
v 0.8657335191825786 0.154099017719759 -0.4761921529189171
v 0.8607212142878533 0.07408492823495927 -0.5036570407363172
v 0.0 -0.45787003703301565 -0.889019138819511
v 0.0 -0.38095372233513364 -0.9245941063185542
v 0.0 -0.2952418088443262 -0.9554225632202383
v 0.0 -0.2017741061675989 -0.9794320854864143
v 0.0 -0.10246352151861454 -0.9947367625447471
v 0.0 -3.430777821555291e-17 -1.0
v 0.0 0.10246352151861454 -0.9947367625447471
v 0.0 0.2017741061675988 -0.9794320854864143
v 0.0 0.2952418088443262 -0.9554225632202383
v 0.0 0.38095372233513364 -0.9245941063185542
v 0.0 0.45787003703301565 -0.889019138819511
v -0.07408492823495924 -0.5036570407363172 -0.8607212142878533
v -0.15409901771975903 -0.47619215291891703 -0.8657335191825786
v -0.23885564080505958 -0.44286271326648935 -0.8641878268373419
v -0.3264773618288047 -0.4035482123351977 -0.8547288298252083
v -0.4144736510603112 -0.35862232531515076 -0.8364219152809721
v -0.49999999999999994 -0.3090169943749474 -0.8090169943749475
v -0.5802631114844359 -0.2561588037965362 -0.773095976375462
v -0.6529547236576094 -0.2017741061675989 -0.7300255741640025
v -0.7165669224151787 -0.1476209044221631 -0.6817183540715489
v -0.7704950885987952 -0.09523843058378338 -0.630291170638676
v -0.8149342105845516 -0.04578700370330158 -0.5777419689712765
v 0.5777419689712764 -0.8149342105845517 -0.04578700370330157
v 0.6302911706386761 -0.7704950885987951 -0.0952384305837834
v 0.6817183540715489 -0.7165669224151787 -0.1476209044221631
v 0.7300255741640024 -0.6529547236576095 -0.2017741061675988
v 0.773095976375462 -0.5802631114844359 -0.2561588037965362
v 0.8090169943749475 -0.5 -0.3090169943749474
v 0.836421915280972 -0.41447365106031114 -0.35862232531515076
v 0.8547288298252083 -0.32647736182880477 -0.4035482123351976
v 0.8641878268373419 -0.23885564080505958 -0.44286271326648935
v 0.8657335191825786 -0.154099017719759 -0.4761921529189171
v 0.8607212142878533 -0.07408492823495927 -0.5036570407363172
v -0.07408492823495924 0.5036570407363172 0.8607212142878533
v -0.15409901771975903 0.47619215291891703 0.8657335191825786
v -0.23885564080505958 0.44286271326648935 0.8641878268373419
v -0.3264773618288047 0.4035482123351977 0.8547288298252083
v -0.4144736510603112 0.35862232531515076 0.8364219152809721
v -0.49999999999999994 0.3090169943749474 0.8090169943749475
v -0.5802631114844359 0.2561588037965362 0.773095976375462
v -0.6529547236576094 0.2017741061675989 0.7300255741640025
v -0.7165669224151787 0.1476209044221631 0.6817183540715489
v -0.7704950885987952 0.09523843058378338 0.630291170638676
v -0.8149342105845516 0.04578700370330158 0.5777419689712765
v -0.45787003703301565 -0.889019138819511 0.0
v -0.38095372233513364 -0.9245941063185542 0.0
v -0.2952418088443262 -0.9554225632202383 0.0
v -0.2017741061675989 -0.9794320854864143 0.0
v -0.10246352151861454 -0.9947367625447471 0.0
v -3.430777821555291e-17 -1.0 0.0
v 0.10246352151861454 -0.9947367625447471 0.0
v 0.2017741061675988 -0.9794320854864143 0.0
v 0.2952418088443262 -0.9554225632202383 0.0
v 0.38095372233513364 -0.9245941063185542 0.0
v 0.45787003703301565 -0.889019138819511 0.0
v 0.5036570407363172 0.8607212142878533 -0.07408492823495924
v 0.47619215291891703 0.8657335191825786 -0.15409901771975903
v 0.44286271326648935 0.8641878268373419 -0.23885564080505958
v 0.4035482123351977 0.8547288298252083 -0.3264773618288047
v 0.35862232531515076 0.836421915280972 -0.41447365106031114
v 0.3090169943749474 0.8090169943749475 -0.49999999999999994
v 0.2561588037965362 0.773095976375462 -0.5802631114844359
v 0.20177410616759886 0.7300255741640024 -0.6529547236576094
v 0.1476209044221631 0.6817183540715489 -0.7165669224151787
v 0.09523843058378338 0.630291170638676 -0.7704950885987951
v 0.04578700370330159 0.5777419689712765 -0.8149342105845517
v -0.5036570407363172 -0.8607212142878533 -0.07408492823495924
v -0.47619215291891703 -0.8657335191825786 -0.15409901771975903
v -0.44286271326648935 -0.8641878268373419 -0.23885564080505958
v -0.4035482123351977 -0.8547288298252083 -0.3264773618288047
v -0.35862232531515076 -0.836421915280972 -0.41447365106031114
v -0.3090169943749474 -0.8090169943749475 -0.49999999999999994
v -0.2561588037965362 -0.773095976375462 -0.5802631114844359
v -0.20177410616759886 -0.7300255741640024 -0.6529547236576094
v -0.1476209044221631 -0.6817183540715489 -0.7165669224151787
v -0.09523843058378338 -0.630291170638676 -0.7704950885987951
v -0.04578700370330159 -0.5777419689712765 -0.8149342105845517
v 0.07408492823495924 0.5036570407363172 -0.8607212142878533
v 0.15409901771975903 0.47619215291891703 -0.8657335191825786
v 0.23885564080505958 0.44286271326648935 -0.8641878268373419
v 0.3264773618288047 0.4035482123351977 -0.8547288298252083
v 0.4144736510603112 0.35862232531515076 -0.8364219152809721
v 0.49999999999999994 0.3090169943749474 -0.8090169943749475
v 0.5802631114844359 0.2561588037965362 -0.773095976375462
v 0.6529547236576094 0.2017741061675989 -0.7300255741640025
v 0.7165669224151787 0.1476209044221631 -0.6817183540715489
v 0.7704950885987952 0.09523843058378338 -0.630291170638676
v 0.8149342105845516 0.04578700370330158 -0.5777419689712765
v -0.555767910463156 0.8218500315602453 0.12523799472940012
v -0.6080174373144506 0.7733001621648697 0.17978224360974693
v -0.6585382767106447 0.7143896024558053 0.23659001248998401
v -0.7051668247027182 0.6451875251624009 0.29406258978915073
v -0.7457341167862215 0.5667407159635848 0.3502650252739455
v -0.7784440864022176 0.4811049037379303 0.40319086788360375
v -0.8022153699803625 0.39111113506679496 0.4510904346071123
v -0.8168531239744198 0.299915951395494 0.49274881628652023
v -0.8229907521838611 0.21049271716251985 0.5276163737426863
v -0.8218500315602453 0.12523799472940003 0.555767910463156
v -0.5276163737426862 0.8229907521838611 0.21049271716251985
v -0.5786893258332632 0.7696723314583159 0.26967233145831576
v -0.6273883349445708 0.7053023707988973 0.3300491522802835
v -0.6714802500893715 0.6303513474402552 0.3895785575723717
v -0.7088756736267 0.5464158255102467 0.4460101175671331
v -0.7380282124956273 0.4561265199786275 0.49725542262774375
v -0.7582282134085556 0.3627591218962797 0.5417525227189163
v -0.7696723314583158 0.2696723314583159 0.5786893258332632
v -0.7733001621648696 0.17978224360974696 0.6080174373144505
v -0.49274881628652023 0.8168531239744198 0.299915951395494
v -0.5417525227189163 0.7582282134085556 0.3627591218962797
v -0.5877852522924731 0.6881909602355868 0.42532540417601994
v -0.6286721093071898 0.6077404032222729 0.485204061473601
v -0.662540321195108 0.5190722733615194 0.5400039794464362
v -0.6881909602355868 0.42532540417601994 0.5877852522924731
v -0.7053023707988973 0.3300491522802835 0.6273883349445708
v -0.7143896024558054 0.23659001248998404 0.6585382767106447
v -0.4510904346071123 0.8022153699803625 0.39111113506679496
v -0.4972554226277438 0.7380282124956273 0.45612651997862746
v -0.5400039794464362 0.6625403211951081 0.5190722733615194
v -0.5773502691896258 0.5773502691896258 0.5773502691896257
v -0.6077404032222729 0.4852040614736011 0.6286721093071896
v -0.6303513474402552 0.3895785575723718 0.6714802500893715
v -0.645187525162401 0.29406258978915073 0.7051668247027181
v -0.40319086788360375 0.7784440864022176 0.4811049037379304
v -0.4460101175671331 0.7088756736266998 0.5464158255102468
v -0.48520406147360107 0.6286721093071896 0.607740403222273
v -0.5190722733615195 0.5400039794464362 0.6625403211951081
v -0.5464158255102467 0.4460101175671331 0.7088756736267001
v -0.5667407159635848 0.35026502527394543 0.7457341167862215
v -0.35026502527394554 0.7457341167862214 0.5667407159635848
v -0.38957855757237175 0.6714802500893715 0.6303513474402552
v -0.42532540417601994 0.5877852522924731 0.6881909602355868
v -0.4561265199786275 0.49725542262774375 0.7380282124956271
v -0.48110490373793025 0.4031908678836037 0.7784440864022176
v -0.2940625897891507 0.7051668247027182 0.645187525162401
v -0.3300491522802835 0.6273883349445707 0.7053023707988973
v -0.3627591218962797 0.5417525227189163 0.7582282134085556
v -0.39111113506679496 0.4510904346071123 0.8022153699803625
v -0.23659001248998404 0.6585382767106448 0.7143896024558053
v -0.2696723314583159 0.5786893258332633 0.7696723314583157
v -0.299915951395494 0.49274881628652023 0.8168531239744197
v -0.17978224360974696 0.6080174373144506 0.7733001621648697
v -0.21049271716251985 0.5276163737426862 0.8229907521838611
v -0.1252379947294001 0.555767910463156 0.8218500315602454
v -0.4305299157337559 0.8992513689858948 0.07740133742564947
v -0.39752472015193063 0.9033918157556253 0.16080212714352854
v -0.3586223253151507 0.8997478541864821 0.24868419063618677
v -0.3140556896359231 0.8869075000122311 0.3387685201274745
v -0.26462921304829107 0.864079898627872 0.42817906112827214
v -0.21170337043863283 0.8313699290118758 0.5138148733539265
v -0.15702784481796153 0.7898589547345867 0.5928449102230804
v -0.10246352151861451 0.741433006922707 0.663157841696498
v -0.049690590018991315 0.6884185008862148 0.7236095721458784
v 3.9832018769795354e-17 0.6331692478888055 0.7740133742564946
v -0.3478341301329394 0.9341022893083983 0.08040106357176427
v -0.30901699437494745 0.9363389981249826 0.16666666666666666
v -0.26462921304829107 0.9294998378598645 0.25690743667696325
v -0.21535373011074402 0.9122530399572549 0.34844965492325547
v -0.16245984811645314 0.8841193776664111 0.438109260099278
v -0.10767686505537204 0.8457050775509992 0.5226744823848832
v -0.052925842609658214 0.7986599593958795 0.599450685579581
v -5.1461667323329365e-17 0.7453559924999299 0.6666666666666666
v 0.04969059001899131 0.6884185008862148 0.7236095721458784
v -0.2561588037965362 0.963073793091992 0.08289473021206226
v -0.21170337043863285 0.9622098074758607 0.17127162445130883
v -0.16245984811645314 0.9510565162951535 0.2628655560595668
v -0.10959983594567031 0.9285447107773686 0.35467251944301403
v -0.05479991797283513 0.8946764988894502 0.4433406493037675
v 0.0 0.8506508083520399 0.5257311121191336
v 0.052925842609658234 0.7986599593958795 0.599450685579581
v 0.10246352151861447 0.741433006922707 0.6631578416964979
v -0.1570278448179616 0.9839560452898753 0.08469213003186861
v -0.10767686505537209 0.9788010023635108 0.17422482746162773
v -0.0547999179728352 0.9624129226652869 0.26600438958226047
v -7.345063871007168e-17 0.9341723589627158 0.35682208977308993
v 0.054799917972835094 0.8946764988894502 0.4433406493037675
v 0.10767686505537194 0.8457050775509992 0.5226744823848832
v 0.15702784481796153 0.7898589547345868 0.5928449102230804
v -0.05292584260965817 0.9949197770918569 0.08563581222565443
v 3.6073332791198436e-17 0.9845250856095248 0.17524370403971123
v 0.0547999179728352 0.9624129226652869 0.26600438958226047
v 0.10959983594567034 0.9285447107773686 0.35467251944301403
v 0.16245984811645325 0.8841193776664111 0.4381092600992781
v 0.2117033704386329 0.8313699290118758 0.5138148733539265
v 0.0529258426096582 0.994919777091857 0.08563581222565442
v 0.10767686505537198 0.9788010023635108 0.17422482746162773
v 0.16245984811645314 0.9510565162951535 0.2628655560595668
v 0.215353730110744 0.912253039957255 0.34844965492325547
v 0.2646292130482911 0.864079898627872 0.42817906112827214
v 0.1570278448179616 0.9839560452898753 0.08469213003186861
v 0.21170337043863285 0.9622098074758607 0.17127162445130883
v 0.26462921304829107 0.9294998378598645 0.25690743667696325
v 0.3140556896359232 0.8869075000122311 0.3387685201274745
v 0.2561588037965362 0.963073793091992 0.08289473021206226
v 0.30901699437494734 0.9363389981249826 0.16666666666666666
v 0.3586223253151507 0.8997478541864821 0.24868419063618677
v 0.34783413013293923 0.9341022893083982 0.08040106357176426
v 0.39752472015193063 0.9033918157556253 0.16080212714352854
v 0.43052991573375593 0.8992513689858948 0.07740133742564946
v -0.4305299157337559 0.8992513689858948 -0.07740133742564947
v -0.3478341301329394 0.9341022893083983 -0.08040106357176427
v -0.2561588037965362 0.963073793091992 -0.08289473021206226
v -0.15702784481796153 0.9839560452898753 -0.08469213003186862
v -0.05292584260965817 0.9949197770918569 -0.08563581222565443
v 0.05292584260965824 0.9949197770918569 -0.08563581222565443
v 0.15702784481796164 0.9839560452898753 -0.08469213003186862
v 0.2561588037965362 0.963073793091992 -0.08289473021206226
v 0.3478341301329394 0.9341022893083983 -0.08040106357176427
v 0.43052991573375593 0.8992513689858948 -0.07740133742564946
v -0.39752472015193063 0.9033918157556253 -0.16080212714352854
v -0.30901699437494745 0.9363389981249826 -0.16666666666666666
v -0.21170337043863285 0.9622098074758607 -0.17127162445130883
v -0.10767686505537201 0.9788010023635108 -0.17422482746162773
v 0.0 0.9845250856095248 -0.1752437040397112
v 0.10767686505537198 0.9788010023635108 -0.17422482746162773
v 0.21170337043863285 0.9622098074758607 -0.17127162445130883
v 0.30901699437494734 0.9363389981249826 -0.16666666666666666
v 0.39752472015193063 0.9033918157556253 -0.16080212714352854
v -0.3586223253151507 0.8997478541864821 -0.24868419063618677
v -0.26462921304829107 0.9294998378598645 -0.25690743667696325
v -0.16245984811645314 0.9510565162951535 -0.2628655560595668
v -0.05479991797283516 0.9624129226652869 -0.26600438958226047
v 0.05479991797283516 0.9624129226652869 -0.26600438958226047
v 0.16245984811645314 0.9510565162951535 -0.2628655560595668
v 0.26462921304829107 0.9294998378598645 -0.25690743667696325
v 0.3586223253151507 0.8997478541864821 -0.24868419063618677
v -0.3140556896359232 0.8869075000122311 -0.3387685201274745
v -0.21535373011074407 0.9122530399572549 -0.3484496549232554
v -0.10959983594567034 0.9285447107773686 -0.35467251944301403
v -7.345063871007168e-17 0.9341723589627157 -0.35682208977308993
v 0.10959983594567027 0.9285447107773686 -0.35467251944301403
v 0.21535373011074396 0.9122530399572549 -0.34844965492325547
v 0.3140556896359231 0.8869075000122311 -0.33876852012747444
v -0.26462921304829107 0.864079898627872 -0.42817906112827214
v -0.16245984811645317 0.8841193776664111 -0.4381092600992781
v -0.0547999179728351 0.8946764988894502 -0.44334064930376754
v 0.05479991797283517 0.8946764988894502 -0.44334064930376754
v 0.16245984811645325 0.8841193776664111 -0.4381092600992781
v 0.2646292130482911 0.864079898627872 -0.42817906112827214
v -0.21170337043863285 0.8313699290118758 -0.5138148733539265
v -0.10767686505537204 0.8457050775509992 -0.5226744823848832
v 0.0 0.8506508083520399 -0.5257311121191336
v 0.10767686505537198 0.8457050775509992 -0.5226744823848832
v 0.21170337043863285 0.8313699290118758 -0.5138148733539265
v -0.15702784481796156 0.7898589547345868 -0.5928449102230804
v -0.0529258426096582 0.7986599593958796 -0.599450685579581
v 0.052925842609658234 0.7986599593958796 -0.599450685579581
v 0.15702784481796156 0.7898589547345868 -0.5928449102230804
v -0.10246352151861453 0.741433006922707 -0.6631578416964979
v -3.4307778215552914e-17 0.7453559924999299 -0.6666666666666667
v 0.10246352151861449 0.741433006922707 -0.663157841696498
v -0.04969059001899135 0.6884185008862148 -0.7236095721458784
v 0.04969059001899132 0.6884185008862148 -0.7236095721458784
v 1.593280750791814e-17 0.6331692478888055 -0.7740133742564946
v -0.555767910463156 0.8218500315602453 -0.12523799472940012
v -0.5276163737426862 0.8229907521838611 -0.21049271716251985
v -0.49274881628652023 0.8168531239744198 -0.299915951395494
v -0.45109043460711223 0.8022153699803625 -0.39111113506679507
v -0.40319086788360364 0.7784440864022176 -0.4811049037379304
v -0.35026502527394543 0.7457341167862214 -0.5667407159635848
v -0.2940625897891506 0.7051668247027181 -0.645187525162401
v -0.23659001248998404 0.6585382767106448 -0.7143896024558054
v -0.17978224360974693 0.6080174373144506 -0.7733001621648697
v -0.1252379947294001 0.555767910463156 -0.8218500315602453
v -0.6080174373144506 0.7733001621648697 -0.17978224360974693
v -0.5786893258332632 0.7696723314583159 -0.26967233145831576
v -0.5417525227189163 0.7582282134085556 -0.3627591218962797
v -0.49725542262774375 0.7380282124956271 -0.45612651997862746
v -0.4460101175671331 0.7088756736267 -0.5464158255102467
v -0.38957855757237175 0.6714802500893715 -0.6303513474402552
v -0.3300491522802835 0.6273883349445708 -0.7053023707988973
v -0.2696723314583159 0.5786893258332633 -0.7696723314583158
v -0.21049271716251988 0.5276163737426862 -0.8229907521838611
v -0.6585382767106447 0.7143896024558053 -0.23659001248998401
v -0.6273883349445708 0.7053023707988973 -0.3300491522802835
v -0.5877852522924731 0.6881909602355868 -0.42532540417601994
v -0.5400039794464362 0.662540321195108 -0.5190722733615194
v -0.485204061473601 0.6286721093071898 -0.6077404032222729
v -0.42532540417601994 0.5877852522924731 -0.6881909602355868
v -0.3627591218962797 0.5417525227189163 -0.7582282134085556
v -0.299915951395494 0.49274881628652023 -0.8168531239744197
v -0.7051668247027181 0.645187525162401 -0.2940625897891507
v -0.6714802500893715 0.6303513474402553 -0.3895785575723717
v -0.6286721093071898 0.607740403222273 -0.485204061473601
v -0.5773502691896257 0.5773502691896258 -0.5773502691896257
v -0.5190722733615194 0.5400039794464362 -0.662540321195108
v -0.4561265199786275 0.4972554226277438 -0.7380282124956271
v -0.391111135066795 0.45109043460711234 -0.8022153699803625
v -0.7457341167862214 0.5667407159635847 -0.35026502527394554
v -0.7088756736267 0.5464158255102467 -0.44601011756713316
v -0.6625403211951081 0.5190722733615194 -0.5400039794464363
v -0.6077404032222729 0.485204061473601 -0.6286721093071898
v -0.5464158255102467 0.44601011756713305 -0.7088756736267
v -0.4811049037379303 0.40319086788360364 -0.7784440864022177
v -0.7784440864022176 0.48110490373793036 -0.4031908678836037
v -0.7380282124956273 0.4561265199786275 -0.49725542262774375
v -0.6881909602355868 0.42532540417601994 -0.5877852522924731
v -0.6303513474402552 0.38957855757237175 -0.6714802500893715
v -0.5667407159635848 0.3502650252739455 -0.7457341167862215
v -0.8022153699803625 0.391111135066795 -0.4510904346071123
v -0.7582282134085556 0.3627591218962797 -0.5417525227189163
v -0.7053023707988973 0.3300491522802835 -0.6273883349445708
v -0.645187525162401 0.2940625897891506 -0.7051668247027182
v -0.8168531239744198 0.2999159513954941 -0.49274881628652023
v -0.7696723314583158 0.2696723314583159 -0.5786893258332632
v -0.7143896024558054 0.23659001248998407 -0.6585382767106448
v -0.8229907521838611 0.21049271716251988 -0.5276163737426862
v -0.7733001621648697 0.17978224360974696 -0.6080174373144506
v -0.8218500315602453 0.1252379947294001 -0.555767910463156
v -0.6331692478888055 0.7740133742564946 0.0
v -0.6884185008862148 0.7236095721458784 -0.04969059001899133
v -0.7414330069227071 0.6631578416964982 -0.10246352151861453
v -0.7898589547345868 0.5928449102230803 -0.1570278448179616
v -0.8313699290118758 0.5138148733539264 -0.21170337043863285
v -0.864079898627872 0.4281790611282721 -0.2646292130482911
v -0.8869075000122311 0.3387685201274744 -0.3140556896359231
v -0.8997478541864821 0.24868419063618677 -0.3586223253151507
v -0.9033918157556253 0.1608021271435285 -0.3975247201519307
v -0.8992513689858948 0.0774013374256494 -0.4305299157337559
v -0.6884185008862148 0.7236095721458784 0.04969059001899133
v -0.7453559924999298 0.6666666666666667 0.0
v -0.7986599593958795 0.599450685579581 -0.052925842609658214
v -0.8457050775509992 0.5226744823848832 -0.107676865055372
v -0.8841193776664111 0.438109260099278 -0.16245984811645314
v -0.912253039957255 0.3484496549232555 -0.21535373011074402
v -0.9294998378598645 0.25690743667696325 -0.26462921304829107
v -0.9363389981249826 0.16666666666666674 -0.3090169943749474
v -0.9341022893083982 0.08040106357176428 -0.3478341301329393
v -0.7414330069227071 0.6631578416964982 0.10246352151861453
v -0.7986599593958796 0.599450685579581 0.052925842609658214
v -0.8506508083520399 0.5257311121191336 0.0
v -0.8946764988894502 0.4433406493037675 -0.05479991797283513
v -0.9285447107773686 0.35467251944301403 -0.10959983594567031
v -0.9510565162951535 0.2628655560595668 -0.16245984811645314
v -0.9622098074758607 0.1712716244513088 -0.21170337043863285
v -0.963073793091992 0.08289473021206228 -0.2561588037965362
v -0.7898589547345867 0.5928449102230804 0.15702784481796156
v -0.8457050775509992 0.5226744823848833 0.107676865055372
v -0.8946764988894502 0.44334064930376754 0.05479991797283513
v -0.9341723589627157 0.35682208977308993 0.0
v -0.9624129226652869 0.2660043895822606 -0.05479991797283516
v -0.9788010023635108 0.17422482746162782 -0.10767686505537201
v -0.9839560452898753 0.08469213003186865 -0.1570278448179616
v -0.8313699290118758 0.5138148733539264 0.21170337043863285
v -0.8841193776664111 0.4381092600992779 0.16245984811645314
v -0.9285447107773686 0.354672519443014 0.10959983594567031
v -0.9624129226652869 0.2660043895822604 0.05479991797283516
v -0.9845250856095248 0.17524370403971112 0.0
v -0.9949197770918567 0.08563581222565435 -0.0529258426096582
v -0.864079898627872 0.4281790611282721 0.26462921304829107
v -0.912253039957255 0.3484496549232555 0.21535373011074402
v -0.9510565162951535 0.2628655560595668 0.16245984811645314
v -0.9788010023635108 0.17422482746162776 0.10767686505537201
v -0.9949197770918567 0.0856358122256544 0.0529258426096582
v -0.8869075000122311 0.33876852012747444 0.3140556896359231
v -0.9294998378598645 0.2569074366769632 0.26462921304829107
v -0.9622098074758607 0.1712716244513088 0.21170337043863285
v -0.9839560452898753 0.08469213003186861 0.15702784481796161
v -0.8997478541864821 0.24868419063618682 0.3586223253151507
v -0.9363389981249826 0.1666666666666667 0.3090169943749474
v -0.963073793091992 0.08289473021206228 0.2561588037965362
v -0.9033918157556254 0.16080212714352857 0.3975247201519307
v -0.9341022893083983 0.08040106357176428 0.3478341301329394
v -0.8992513689858948 0.07740133742564943 0.4305299157337559
v 0.555767910463156 0.8218500315602453 0.12523799472940012
v 0.5276163737426862 0.8229907521838611 0.21049271716251985
v 0.49274881628652023 0.8168531239744198 0.299915951395494
v 0.45109043460711223 0.8022153699803625 0.39111113506679507
v 0.40319086788360364 0.7784440864022176 0.4811049037379304
v 0.35026502527394543 0.7457341167862214 0.5667407159635848
v 0.2940625897891506 0.7051668247027181 0.645187525162401
v 0.23659001248998404 0.6585382767106448 0.7143896024558054
v 0.17978224360974693 0.6080174373144506 0.7733001621648697
v 0.1252379947294001 0.555767910463156 0.8218500315602453
v 0.6080174373144506 0.7733001621648697 0.17978224360974693
v 0.5786893258332632 0.7696723314583159 0.26967233145831576
v 0.5417525227189163 0.7582282134085556 0.3627591218962797
v 0.49725542262774375 0.7380282124956271 0.45612651997862746
v 0.4460101175671331 0.7088756736267 0.5464158255102467
v 0.38957855757237175 0.6714802500893715 0.6303513474402552
v 0.3300491522802835 0.6273883349445708 0.7053023707988973
v 0.2696723314583159 0.5786893258332633 0.7696723314583158
v 0.21049271716251988 0.5276163737426862 0.8229907521838611
v 0.6585382767106447 0.7143896024558053 0.23659001248998401
v 0.6273883349445708 0.7053023707988973 0.3300491522802835
v 0.5877852522924731 0.6881909602355868 0.42532540417601994
v 0.5400039794464362 0.662540321195108 0.5190722733615194
v 0.485204061473601 0.6286721093071898 0.6077404032222729
v 0.42532540417601994 0.5877852522924731 0.6881909602355868
v 0.3627591218962797 0.5417525227189163 0.7582282134085556
v 0.299915951395494 0.49274881628652023 0.8168531239744197
v 0.7051668247027181 0.645187525162401 0.2940625897891507
v 0.6714802500893715 0.6303513474402553 0.3895785575723717
v 0.6286721093071898 0.607740403222273 0.485204061473601
v 0.5773502691896257 0.5773502691896258 0.5773502691896257
v 0.5190722733615194 0.5400039794464362 0.662540321195108
v 0.4561265199786275 0.4972554226277438 0.7380282124956271
v 0.391111135066795 0.45109043460711234 0.8022153699803625
v 0.7457341167862214 0.5667407159635847 0.35026502527394554
v 0.7088756736267 0.5464158255102467 0.44601011756713316
v 0.6625403211951081 0.5190722733615194 0.5400039794464363
v 0.6077404032222729 0.485204061473601 0.6286721093071898
v 0.5464158255102467 0.44601011756713305 0.7088756736267
v 0.4811049037379303 0.40319086788360364 0.7784440864022177
v 0.7784440864022176 0.48110490373793036 0.4031908678836037
v 0.7380282124956273 0.4561265199786275 0.49725542262774375
v 0.6881909602355868 0.42532540417601994 0.5877852522924731
v 0.6303513474402552 0.38957855757237175 0.6714802500893715
v 0.5667407159635848 0.3502650252739455 0.7457341167862215
v 0.8022153699803625 0.391111135066795 0.4510904346071123
v 0.7582282134085556 0.3627591218962797 0.5417525227189163
v 0.7053023707988973 0.3300491522802835 0.6273883349445708
v 0.645187525162401 0.2940625897891506 0.7051668247027182
v 0.8168531239744198 0.2999159513954941 0.49274881628652023
v 0.7696723314583158 0.2696723314583159 0.5786893258332632
v 0.7143896024558054 0.23659001248998407 0.6585382767106448
v 0.8229907521838611 0.21049271716251988 0.5276163737426862
v 0.7733001621648697 0.17978224360974696 0.6080174373144506
v 0.8218500315602453 0.1252379947294001 0.555767910463156
v -0.07740133742564947 0.4305299157337559 0.8992513689858948
v -0.16080212714352854 0.39752472015193063 0.9033918157556253
v -0.24868419063618677 0.3586223253151507 0.8997478541864821
v -0.3387685201274745 0.3140556896359231 0.8869075000122311
v -0.42817906112827214 0.26462921304829107 0.864079898627872
v -0.5138148733539265 0.21170337043863283 0.8313699290118758
v -0.5928449102230805 0.15702784481796153 0.7898589547345868
v -0.6631578416964982 0.10246352151861453 0.7414330069227071
v -0.7236095721458784 0.049690590018991315 0.6884185008862148
v -0.7740133742564946 -3.9832018769795354e-17 0.6331692478888055
v -0.08040106357176427 0.3478341301329394 0.9341022893083983
v -0.16666666666666666 0.30901699437494745 0.9363389981249826
v -0.25690743667696325 0.26462921304829107 0.9294998378598645
v -0.34844965492325547 0.21535373011074402 0.9122530399572549
v -0.438109260099278 0.16245984811645314 0.8841193776664111
v -0.5226744823848832 0.10767686505537204 0.8457050775509992
v -0.599450685579581 0.052925842609658214 0.7986599593958795
v -0.6666666666666666 5.1461667323329365e-17 0.7453559924999299
v -0.7236095721458784 -0.04969059001899131 0.6884185008862148
v -0.08289473021206226 0.2561588037965362 0.963073793091992
v -0.17127162445130883 0.21170337043863285 0.9622098074758607
v -0.2628655560595668 0.16245984811645314 0.9510565162951535
v -0.35467251944301403 0.10959983594567031 0.9285447107773686
v -0.44334064930376743 0.05479991797283512 0.8946764988894501
v -0.5257311121191336 0.0 0.8506508083520399
v -0.599450685579581 -0.052925842609658234 0.7986599593958795
v -0.663157841696498 -0.10246352151861449 0.7414330069227071
v -0.08469213003186861 0.1570278448179616 0.9839560452898753
v -0.17422482746162773 0.10767686505537209 0.9788010023635108
v -0.26600438958226047 0.0547999179728352 0.9624129226652869
v -0.35682208977308993 7.345063871007168e-17 0.9341723589627158
v -0.44334064930376743 -0.05479991797283508 0.8946764988894501
v -0.5226744823848832 -0.10767686505537194 0.8457050775509992
v -0.5928449102230804 -0.15702784481796153 0.7898589547345868
v -0.08563581222565442 0.052925842609658165 0.9949197770918567
v -0.17524370403971123 -3.6073332791198436e-17 0.9845250856095248
v -0.26600438958226047 -0.0547999179728352 0.9624129226652869
v -0.35467251944301403 -0.10959983594567034 0.9285447107773686
v -0.4381092600992781 -0.16245984811645325 0.8841193776664111
v -0.5138148733539265 -0.2117033704386329 0.8313699290118758
v -0.0856358122256544 -0.05292584260965819 0.9949197770918567
v -0.17422482746162773 -0.10767686505537198 0.9788010023635108
v -0.2628655560595668 -0.16245984811645314 0.9510565162951535
v -0.34844965492325547 -0.215353730110744 0.912253039957255
v -0.42817906112827214 -0.2646292130482911 0.864079898627872
v -0.08469213003186861 -0.1570278448179616 0.9839560452898753
v -0.17127162445130883 -0.21170337043863285 0.9622098074758607
v -0.25690743667696325 -0.26462921304829107 0.9294998378598645
v -0.3387685201274745 -0.3140556896359232 0.8869075000122311
v -0.08289473021206226 -0.2561588037965362 0.963073793091992
v -0.16666666666666666 -0.30901699437494734 0.9363389981249826
v -0.24868419063618677 -0.3586223253151507 0.8997478541864821
v -0.08040106357176426 -0.34783413013293923 0.9341022893083982
v -0.16080212714352854 -0.39752472015193063 0.9033918157556253
v -0.07740133742564946 -0.43052991573375593 0.8992513689858948
v -0.8992513689858948 -0.07740133742564947 0.4305299157337559
v -0.9341022893083983 -0.08040106357176427 0.3478341301329394
v -0.963073793091992 -0.08289473021206226 0.2561588037965362
v -0.9839560452898753 -0.08469213003186862 0.15702784481796153
v -0.9949197770918567 -0.08563581222565442 0.052925842609658165
v -0.9949197770918567 -0.08563581222565442 -0.052925842609658234
v -0.9839560452898753 -0.08469213003186862 -0.15702784481796164
v -0.963073793091992 -0.08289473021206226 -0.2561588037965362
v -0.9341022893083983 -0.08040106357176427 -0.3478341301329394
v -0.8992513689858948 -0.07740133742564946 -0.43052991573375593
v -0.9033918157556254 -0.16080212714352854 0.3975247201519307
v -0.9363389981249826 -0.16666666666666666 0.30901699437494745
v -0.9622098074758607 -0.17127162445130883 0.21170337043863285
v -0.9788010023635108 -0.17422482746162773 0.10767686505537201
v -0.9845250856095248 -0.1752437040397112 0.0
v -0.9788010023635108 -0.17422482746162773 -0.10767686505537198
v -0.9622098074758607 -0.17127162445130883 -0.21170337043863285
v -0.9363389981249826 -0.16666666666666666 -0.30901699437494734
v -0.9033918157556254 -0.16080212714352854 -0.3975247201519307
v -0.8997478541864821 -0.24868419063618677 0.3586223253151507
v -0.9294998378598645 -0.25690743667696325 0.26462921304829107
v -0.9510565162951535 -0.2628655560595668 0.16245984811645314
v -0.9624129226652869 -0.26600438958226047 0.05479991797283516
v -0.9624129226652869 -0.26600438958226047 -0.05479991797283516
v -0.9510565162951535 -0.2628655560595668 -0.16245984811645314
v -0.9294998378598645 -0.25690743667696325 -0.26462921304829107
v -0.8997478541864821 -0.24868419063618677 -0.3586223253151507
v -0.8869075000122311 -0.3387685201274745 0.3140556896359232
v -0.9122530399572549 -0.3484496549232554 0.21535373011074407
v -0.9285447107773686 -0.35467251944301403 0.10959983594567034
v -0.9341723589627157 -0.35682208977308993 7.345063871007168e-17
v -0.9285447107773686 -0.35467251944301403 -0.10959983594567027
v -0.9122530399572549 -0.34844965492325547 -0.21535373011074396
v -0.8869075000122311 -0.33876852012747444 -0.3140556896359231
v -0.864079898627872 -0.42817906112827214 0.26462921304829107
v -0.8841193776664111 -0.4381092600992781 0.16245984811645317
v -0.8946764988894502 -0.44334064930376754 0.0547999179728351
v -0.8946764988894502 -0.44334064930376754 -0.05479991797283517
v -0.8841193776664111 -0.4381092600992781 -0.16245984811645325
v -0.864079898627872 -0.42817906112827214 -0.2646292130482911
v -0.8313699290118758 -0.5138148733539265 0.21170337043863285
v -0.8457050775509992 -0.5226744823848832 0.10767686505537204
v -0.8506508083520399 -0.5257311121191336 0.0
v -0.8457050775509992 -0.5226744823848832 -0.10767686505537198
v -0.8313699290118758 -0.5138148733539265 -0.21170337043863285
v -0.7898589547345868 -0.5928449102230804 0.15702784481796156
v -0.7986599593958796 -0.599450685579581 0.0529258426096582
v -0.7986599593958796 -0.599450685579581 -0.052925842609658234
v -0.7898589547345868 -0.5928449102230804 -0.15702784481796156
v -0.741433006922707 -0.6631578416964979 0.10246352151861453
v -0.7453559924999299 -0.6666666666666667 3.4307778215552914e-17
v -0.7414330069227071 -0.6631578416964982 -0.1024635215186145
v -0.6884185008862148 -0.7236095721458784 0.04969059001899135
v -0.6884185008862148 -0.7236095721458784 -0.04969059001899132
v -0.6331692478888055 -0.7740133742564946 -1.593280750791814e-17
v -0.7740133742564946 0.0 -0.6331692478888055
v -0.7236095721458784 0.04969059001899133 -0.6884185008862148
v -0.6631578416964982 0.10246352151861453 -0.7414330069227071
v -0.5928449102230803 0.1570278448179616 -0.7898589547345868
v -0.5138148733539264 0.21170337043863285 -0.8313699290118758
v -0.4281790611282721 0.2646292130482911 -0.864079898627872
v -0.33876852012747444 0.3140556896359232 -0.8869075000122311
v -0.24868419063618677 0.3586223253151507 -0.8997478541864821
v -0.1608021271435285 0.3975247201519307 -0.9033918157556253
v -0.0774013374256494 0.4305299157337559 -0.8992513689858948
v -0.7236095721458784 -0.04969059001899133 -0.6884185008862148
v -0.6666666666666667 0.0 -0.7453559924999298
v -0.599450685579581 0.052925842609658214 -0.7986599593958795
v -0.5226744823848832 0.107676865055372 -0.8457050775509992
v -0.438109260099278 0.16245984811645314 -0.8841193776664111
v -0.34844965492325547 0.215353730110744 -0.9122530399572549
v -0.25690743667696325 0.26462921304829107 -0.9294998378598645
v -0.16666666666666674 0.3090169943749474 -0.9363389981249826
v -0.08040106357176428 0.3478341301329393 -0.9341022893083982
v -0.6631578416964982 -0.10246352151861453 -0.7414330069227071
v -0.5994506855795809 -0.05292584260965821 -0.7986599593958795
v -0.5257311121191336 0.0 -0.8506508083520399
v -0.44334064930376754 0.054799917972835135 -0.8946764988894502
v -0.35467251944301403 0.10959983594567031 -0.9285447107773686
v -0.2628655560595668 0.16245984811645314 -0.9510565162951535
v -0.1712716244513088 0.21170337043863285 -0.9622098074758607
v -0.08289473021206228 0.2561588037965362 -0.963073793091992
v -0.5928449102230805 -0.1570278448179616 -0.7898589547345868
v -0.5226744823848833 -0.107676865055372 -0.8457050775509992
v -0.4433406493037675 -0.05479991797283512 -0.8946764988894501
v -0.35682208977309 0.0 -0.9341723589627157
v -0.2660043895822606 0.05479991797283516 -0.9624129226652869
v -0.17422482746162782 0.10767686505537201 -0.9788010023635108
v -0.08469213003186865 0.1570278448179616 -0.9839560452898753
v -0.5138148733539264 -0.21170337043863285 -0.8313699290118758
v -0.4381092600992779 -0.16245984811645314 -0.8841193776664111
v -0.354672519443014 -0.10959983594567031 -0.9285447107773686
v -0.2660043895822604 -0.05479991797283516 -0.9624129226652869
v -0.1752437040397111 0.0 -0.9845250856095248
v -0.08563581222565435 0.0529258426096582 -0.9949197770918567
v -0.42817906112827214 -0.2646292130482911 -0.864079898627872
v -0.34844965492325547 -0.215353730110744 -0.9122530399572549
v -0.2628655560595668 -0.16245984811645314 -0.9510565162951535
v -0.1742248274616278 -0.10767686505537202 -0.9788010023635108
v -0.08563581222565439 -0.05292584260965819 -0.9949197770918567
v -0.33876852012747444 -0.3140556896359231 -0.8869075000122311
v -0.2569074366769632 -0.26462921304829107 -0.9294998378598645
v -0.1712716244513088 -0.21170337043863285 -0.9622098074758607
v -0.08469213003186861 -0.15702784481796161 -0.9839560452898753
v -0.24868419063618682 -0.3586223253151507 -0.8997478541864821
v -0.1666666666666667 -0.30901699437494745 -0.9363389981249826
v -0.08289473021206228 -0.2561588037965362 -0.963073793091992
v -0.16080212714352857 -0.39752472015193063 -0.9033918157556253
v -0.08040106357176428 -0.3478341301329394 -0.9341022893083983
v -0.07740133742564943 -0.4305299157337559 -0.8992513689858948
v 0.12523799472940012 0.555767910463156 -0.8218500315602453
v 0.17978224360974693 0.6080174373144506 -0.7733001621648697
v 0.23659001248998404 0.6585382767106448 -0.7143896024558054
v 0.29406258978915073 0.7051668247027182 -0.6451875251624009
v 0.3502650252739455 0.7457341167862215 -0.5667407159635848
v 0.40319086788360375 0.7784440864022176 -0.4811049037379303
v 0.4510904346071123 0.8022153699803625 -0.39111113506679496
v 0.49274881628652023 0.8168531239744198 -0.299915951395494
v 0.5276163737426863 0.8229907521838611 -0.21049271716251985
v 0.555767910463156 0.8218500315602453 -0.12523799472940003
v 0.21049271716251985 0.5276163737426862 -0.8229907521838611
v 0.26967233145831576 0.5786893258332632 -0.7696723314583159
v 0.3300491522802835 0.6273883349445708 -0.7053023707988973
v 0.3895785575723717 0.6714802500893715 -0.6303513474402552
v 0.4460101175671331 0.7088756736267 -0.5464158255102467
v 0.49725542262774375 0.7380282124956273 -0.4561265199786275
v 0.5417525227189163 0.7582282134085556 -0.3627591218962797
v 0.5786893258332632 0.7696723314583158 -0.2696723314583159
v 0.6080174373144506 0.7733001621648697 -0.17978224360974698
v 0.299915951395494 0.49274881628652023 -0.8168531239744198
v 0.3627591218962797 0.5417525227189163 -0.7582282134085556
v 0.42532540417601994 0.5877852522924731 -0.6881909602355868
v 0.485204061473601 0.6286721093071898 -0.6077404032222729
v 0.5400039794464362 0.662540321195108 -0.5190722733615194
v 0.5877852522924731 0.6881909602355868 -0.42532540417601994
v 0.6273883349445708 0.7053023707988973 -0.3300491522802835
v 0.6585382767106447 0.7143896024558054 -0.23659001248998404
v 0.39111113506679496 0.4510904346071123 -0.8022153699803625
v 0.45612651997862746 0.4972554226277438 -0.7380282124956273
v 0.5190722733615194 0.5400039794464362 -0.6625403211951081
v 0.5773502691896257 0.5773502691896258 -0.5773502691896258
v 0.6286721093071896 0.6077404032222729 -0.4852040614736011
v 0.6714802500893715 0.6303513474402552 -0.3895785575723718
v 0.7051668247027181 0.645187525162401 -0.29406258978915073
v 0.4811049037379304 0.40319086788360375 -0.7784440864022176
v 0.5464158255102468 0.4460101175671331 -0.7088756736266998
v 0.607740403222273 0.48520406147360107 -0.6286721093071896
v 0.6625403211951081 0.5190722733615195 -0.5400039794464362
v 0.7088756736267001 0.5464158255102467 -0.4460101175671331
v 0.7457341167862215 0.5667407159635848 -0.35026502527394543
v 0.5667407159635848 0.35026502527394554 -0.7457341167862214
v 0.6303513474402552 0.38957855757237175 -0.6714802500893715
v 0.6881909602355868 0.42532540417601994 -0.5877852522924731
v 0.7380282124956271 0.4561265199786275 -0.49725542262774375
v 0.7784440864022176 0.48110490373793025 -0.4031908678836037
v 0.645187525162401 0.2940625897891507 -0.7051668247027182
v 0.7053023707988973 0.3300491522802835 -0.6273883349445707
v 0.7582282134085556 0.3627591218962797 -0.5417525227189164
v 0.8022153699803625 0.39111113506679496 -0.4510904346071123
v 0.7143896024558053 0.23659001248998404 -0.6585382767106448
v 0.7696723314583157 0.2696723314583159 -0.5786893258332633
v 0.8168531239744198 0.29991595139549404 -0.4927488162865203
v 0.7733001621648697 0.17978224360974696 -0.6080174373144506
v 0.8229907521838611 0.21049271716251985 -0.5276163737426862
v 0.8218500315602454 0.1252379947294001 -0.555767910463156
v 0.555767910463156 -0.8218500315602453 0.12523799472940012
v 0.6080174373144506 -0.7733001621648697 0.17978224360974693
v 0.6585382767106447 -0.7143896024558053 0.23659001248998401
v 0.7051668247027182 -0.6451875251624009 0.29406258978915073
v 0.7457341167862215 -0.5667407159635848 0.3502650252739455
v 0.7784440864022176 -0.4811049037379303 0.40319086788360375
v 0.8022153699803625 -0.39111113506679496 0.4510904346071123
v 0.8168531239744198 -0.299915951395494 0.49274881628652023
v 0.8229907521838611 -0.21049271716251985 0.5276163737426863
v 0.8218500315602453 -0.12523799472940003 0.555767910463156
v 0.5276163737426862 -0.8229907521838611 0.21049271716251985
v 0.5786893258332632 -0.7696723314583159 0.26967233145831576
v 0.6273883349445708 -0.7053023707988973 0.3300491522802835
v 0.6714802500893715 -0.6303513474402552 0.3895785575723717
v 0.7088756736267 -0.5464158255102467 0.4460101175671331
v 0.7380282124956273 -0.4561265199786275 0.49725542262774375
v 0.7582282134085556 -0.3627591218962797 0.5417525227189163
v 0.7696723314583158 -0.2696723314583159 0.5786893258332632
v 0.7733001621648696 -0.17978224360974696 0.6080174373144505
v 0.49274881628652023 -0.8168531239744198 0.299915951395494
v 0.5417525227189163 -0.7582282134085556 0.3627591218962797
v 0.5877852522924731 -0.6881909602355868 0.42532540417601994
v 0.6286721093071898 -0.6077404032222729 0.485204061473601
v 0.662540321195108 -0.5190722733615194 0.5400039794464362
v 0.6881909602355868 -0.42532540417601994 0.5877852522924731
v 0.7053023707988973 -0.3300491522802835 0.6273883349445708
v 0.7143896024558054 -0.23659001248998404 0.6585382767106447
v 0.4510904346071123 -0.8022153699803625 0.39111113506679496
v 0.4972554226277438 -0.7380282124956273 0.45612651997862746
v 0.5400039794464362 -0.6625403211951081 0.5190722733615194
v 0.5773502691896258 -0.5773502691896258 0.5773502691896257
v 0.6077404032222729 -0.4852040614736011 0.6286721093071896
v 0.6303513474402552 -0.3895785575723718 0.6714802500893715
v 0.645187525162401 -0.29406258978915073 0.7051668247027181
v 0.40319086788360375 -0.7784440864022176 0.4811049037379304
v 0.4460101175671331 -0.7088756736266998 0.5464158255102468
v 0.48520406147360107 -0.6286721093071896 0.607740403222273
v 0.5190722733615195 -0.5400039794464362 0.6625403211951081
v 0.5464158255102467 -0.4460101175671331 0.7088756736267001
v 0.5667407159635848 -0.35026502527394543 0.7457341167862215
v 0.35026502527394554 -0.7457341167862214 0.5667407159635848
v 0.38957855757237175 -0.6714802500893715 0.6303513474402552
v 0.42532540417601994 -0.5877852522924731 0.6881909602355868
v 0.4561265199786275 -0.49725542262774375 0.7380282124956271
v 0.48110490373793025 -0.4031908678836037 0.7784440864022176
v 0.2940625897891507 -0.7051668247027182 0.645187525162401
v 0.3300491522802835 -0.6273883349445707 0.7053023707988973
v 0.3627591218962797 -0.5417525227189163 0.7582282134085556
v 0.39111113506679496 -0.4510904346071123 0.8022153699803625
v 0.23659001248998404 -0.6585382767106448 0.7143896024558053
v 0.2696723314583159 -0.5786893258332633 0.7696723314583157
v 0.299915951395494 -0.49274881628652023 0.8168531239744197
v 0.17978224360974696 -0.6080174373144506 0.7733001621648697
v 0.21049271716251985 -0.5276163737426862 0.8229907521838611
v 0.1252379947294001 -0.555767910463156 0.8218500315602454
v 0.4305299157337559 -0.8992513689858948 0.07740133742564947
v 0.39752472015193063 -0.9033918157556253 0.16080212714352854
v 0.3586223253151507 -0.8997478541864821 0.24868419063618677
v 0.3140556896359231 -0.8869075000122311 0.3387685201274745
v 0.26462921304829107 -0.864079898627872 0.42817906112827214
v 0.21170337043863283 -0.8313699290118758 0.5138148733539265
v 0.15702784481796153 -0.7898589547345867 0.5928449102230804
v 0.10246352151861451 -0.741433006922707 0.663157841696498
v 0.049690590018991315 -0.6884185008862148 0.7236095721458784
v -3.9832018769795354e-17 -0.6331692478888055 0.7740133742564946
v 0.3478341301329394 -0.9341022893083983 0.08040106357176427
v 0.30901699437494745 -0.9363389981249826 0.16666666666666666
v 0.26462921304829107 -0.9294998378598645 0.25690743667696325
v 0.21535373011074402 -0.9122530399572549 0.34844965492325547
v 0.16245984811645314 -0.8841193776664111 0.438109260099278
v 0.10767686505537204 -0.8457050775509992 0.5226744823848832
v 0.052925842609658214 -0.7986599593958795 0.599450685579581
v 5.1461667323329365e-17 -0.7453559924999299 0.6666666666666666
v -0.04969059001899131 -0.6884185008862148 0.7236095721458784
v 0.2561588037965362 -0.963073793091992 0.08289473021206226
v 0.21170337043863285 -0.9622098074758607 0.17127162445130883
v 0.16245984811645314 -0.9510565162951535 0.2628655560595668
v 0.10959983594567031 -0.9285447107773686 0.35467251944301403
v 0.05479991797283513 -0.8946764988894502 0.4433406493037675
v 0.0 -0.8506508083520399 0.5257311121191336
v -0.052925842609658234 -0.7986599593958795 0.599450685579581
v -0.10246352151861447 -0.741433006922707 0.6631578416964979
v 0.1570278448179616 -0.9839560452898753 0.08469213003186861
v 0.10767686505537209 -0.9788010023635108 0.17422482746162773
v 0.0547999179728352 -0.9624129226652869 0.26600438958226047
v 7.345063871007168e-17 -0.9341723589627158 0.35682208977308993
v -0.054799917972835094 -0.8946764988894502 0.4433406493037675
v -0.10767686505537194 -0.8457050775509992 0.5226744823848832
v -0.15702784481796153 -0.7898589547345868 0.5928449102230804
v 0.05292584260965817 -0.9949197770918569 0.08563581222565443
v -3.6073332791198436e-17 -0.9845250856095248 0.17524370403971123
v -0.0547999179728352 -0.9624129226652869 0.26600438958226047
v -0.10959983594567034 -0.9285447107773686 0.35467251944301403
v -0.16245984811645325 -0.8841193776664111 0.4381092600992781
v -0.2117033704386329 -0.8313699290118758 0.5138148733539265
v -0.0529258426096582 -0.994919777091857 0.08563581222565442
v -0.10767686505537198 -0.9788010023635108 0.17422482746162773
v -0.16245984811645314 -0.9510565162951535 0.2628655560595668
v -0.215353730110744 -0.912253039957255 0.34844965492325547
v -0.2646292130482911 -0.864079898627872 0.42817906112827214
v -0.1570278448179616 -0.9839560452898753 0.08469213003186861
v -0.21170337043863285 -0.9622098074758607 0.17127162445130883
v -0.26462921304829107 -0.9294998378598645 0.25690743667696325
v -0.3140556896359232 -0.8869075000122311 0.3387685201274745
v -0.2561588037965362 -0.963073793091992 0.08289473021206226
v -0.30901699437494734 -0.9363389981249826 0.16666666666666666
v -0.3586223253151507 -0.8997478541864821 0.24868419063618677
v -0.34783413013293923 -0.9341022893083982 0.08040106357176426
v -0.39752472015193063 -0.9033918157556253 0.16080212714352854
v -0.43052991573375593 -0.8992513689858948 0.07740133742564946
v 0.4305299157337559 -0.8992513689858948 -0.07740133742564947
v 0.3478341301329394 -0.9341022893083983 -0.08040106357176427
v 0.2561588037965362 -0.963073793091992 -0.08289473021206226
v 0.15702784481796153 -0.9839560452898753 -0.08469213003186862
v 0.05292584260965817 -0.9949197770918569 -0.08563581222565443
v -0.05292584260965824 -0.9949197770918569 -0.08563581222565443
v -0.15702784481796164 -0.9839560452898753 -0.08469213003186862
v -0.2561588037965362 -0.963073793091992 -0.08289473021206226
v -0.3478341301329394 -0.9341022893083983 -0.08040106357176427
v -0.43052991573375593 -0.8992513689858948 -0.07740133742564946
v 0.39752472015193063 -0.9033918157556253 -0.16080212714352854
v 0.30901699437494745 -0.9363389981249826 -0.16666666666666666
v 0.21170337043863285 -0.9622098074758607 -0.17127162445130883
v 0.10767686505537201 -0.9788010023635108 -0.17422482746162773
v 0.0 -0.9845250856095248 -0.1752437040397112
v -0.10767686505537198 -0.9788010023635108 -0.17422482746162773
v -0.21170337043863285 -0.9622098074758607 -0.17127162445130883
v -0.30901699437494734 -0.9363389981249826 -0.16666666666666666
v -0.39752472015193063 -0.9033918157556253 -0.16080212714352854
v 0.3586223253151507 -0.8997478541864821 -0.24868419063618677
v 0.26462921304829107 -0.9294998378598645 -0.25690743667696325
v 0.16245984811645314 -0.9510565162951535 -0.2628655560595668
v 0.05479991797283516 -0.9624129226652869 -0.26600438958226047
v -0.05479991797283516 -0.9624129226652869 -0.26600438958226047
v -0.16245984811645314 -0.9510565162951535 -0.2628655560595668
v -0.26462921304829107 -0.9294998378598645 -0.25690743667696325
v -0.3586223253151507 -0.8997478541864821 -0.24868419063618677
v 0.3140556896359232 -0.8869075000122311 -0.3387685201274745
v 0.21535373011074407 -0.9122530399572549 -0.3484496549232554
v 0.10959983594567034 -0.9285447107773686 -0.35467251944301403
v 7.345063871007168e-17 -0.9341723589627157 -0.35682208977308993
v -0.10959983594567027 -0.9285447107773686 -0.35467251944301403
v -0.21535373011074396 -0.9122530399572549 -0.34844965492325547
v -0.3140556896359231 -0.8869075000122311 -0.33876852012747444
v 0.26462921304829107 -0.864079898627872 -0.42817906112827214
v 0.16245984811645317 -0.8841193776664111 -0.4381092600992781
v 0.0547999179728351 -0.8946764988894502 -0.44334064930376754
v -0.05479991797283517 -0.8946764988894502 -0.44334064930376754
v -0.16245984811645325 -0.8841193776664111 -0.4381092600992781
v -0.2646292130482911 -0.864079898627872 -0.42817906112827214
v 0.21170337043863285 -0.8313699290118758 -0.5138148733539265
v 0.10767686505537204 -0.8457050775509992 -0.5226744823848832
v 0.0 -0.8506508083520399 -0.5257311121191336
v -0.10767686505537198 -0.8457050775509992 -0.5226744823848832
v -0.21170337043863285 -0.8313699290118758 -0.5138148733539265
v 0.15702784481796156 -0.7898589547345868 -0.5928449102230804
v 0.0529258426096582 -0.7986599593958796 -0.599450685579581
v -0.052925842609658234 -0.7986599593958796 -0.599450685579581
v -0.15702784481796156 -0.7898589547345868 -0.5928449102230804
v 0.10246352151861453 -0.741433006922707 -0.6631578416964979
v 3.4307778215552914e-17 -0.7453559924999299 -0.6666666666666667
v -0.10246352151861449 -0.741433006922707 -0.663157841696498
v 0.04969059001899135 -0.6884185008862148 -0.7236095721458784
v -0.04969059001899132 -0.6884185008862148 -0.7236095721458784
v -1.593280750791814e-17 -0.6331692478888055 -0.7740133742564946
v 0.555767910463156 -0.8218500315602453 -0.12523799472940012
v 0.5276163737426862 -0.8229907521838611 -0.21049271716251985
v 0.49274881628652023 -0.8168531239744198 -0.299915951395494
v 0.45109043460711223 -0.8022153699803625 -0.39111113506679507
v 0.40319086788360364 -0.7784440864022176 -0.4811049037379304
v 0.35026502527394543 -0.7457341167862214 -0.5667407159635848
v 0.2940625897891506 -0.7051668247027181 -0.645187525162401
v 0.23659001248998404 -0.6585382767106448 -0.7143896024558054
v 0.17978224360974693 -0.6080174373144506 -0.7733001621648697
v 0.1252379947294001 -0.555767910463156 -0.8218500315602453
v 0.6080174373144506 -0.7733001621648697 -0.17978224360974693
v 0.5786893258332632 -0.7696723314583159 -0.26967233145831576
v 0.5417525227189163 -0.7582282134085556 -0.3627591218962797
v 0.49725542262774375 -0.7380282124956271 -0.45612651997862746
v 0.4460101175671331 -0.7088756736267 -0.5464158255102467
v 0.38957855757237175 -0.6714802500893715 -0.6303513474402552
v 0.3300491522802835 -0.6273883349445708 -0.7053023707988973
v 0.2696723314583159 -0.5786893258332633 -0.7696723314583158
v 0.21049271716251988 -0.5276163737426862 -0.8229907521838611
v 0.6585382767106447 -0.7143896024558053 -0.23659001248998401
v 0.6273883349445708 -0.7053023707988973 -0.3300491522802835
v 0.5877852522924731 -0.6881909602355868 -0.42532540417601994
v 0.5400039794464362 -0.662540321195108 -0.5190722733615194
v 0.485204061473601 -0.6286721093071898 -0.6077404032222729
v 0.42532540417601994 -0.5877852522924731 -0.6881909602355868
v 0.3627591218962797 -0.5417525227189163 -0.7582282134085556
v 0.299915951395494 -0.49274881628652023 -0.8168531239744197
v 0.7051668247027181 -0.645187525162401 -0.2940625897891507
v 0.6714802500893715 -0.6303513474402553 -0.3895785575723717
v 0.6286721093071898 -0.607740403222273 -0.485204061473601
v 0.5773502691896257 -0.5773502691896258 -0.5773502691896257
v 0.5190722733615194 -0.5400039794464362 -0.662540321195108
v 0.4561265199786275 -0.4972554226277438 -0.7380282124956271
v 0.391111135066795 -0.45109043460711234 -0.8022153699803625
v 0.7457341167862214 -0.5667407159635847 -0.35026502527394554
v 0.7088756736267 -0.5464158255102467 -0.44601011756713316
v 0.6625403211951081 -0.5190722733615194 -0.5400039794464363
v 0.6077404032222729 -0.485204061473601 -0.6286721093071898
v 0.5464158255102467 -0.44601011756713305 -0.7088756736267
v 0.4811049037379303 -0.40319086788360364 -0.7784440864022177
v 0.7784440864022176 -0.48110490373793036 -0.4031908678836037
v 0.7380282124956273 -0.4561265199786275 -0.49725542262774375
v 0.6881909602355868 -0.42532540417601994 -0.5877852522924731
v 0.6303513474402552 -0.38957855757237175 -0.6714802500893715
v 0.5667407159635848 -0.3502650252739455 -0.7457341167862215
v 0.8022153699803625 -0.391111135066795 -0.4510904346071123
v 0.7582282134085556 -0.3627591218962797 -0.5417525227189163
v 0.7053023707988973 -0.3300491522802835 -0.6273883349445708
v 0.645187525162401 -0.2940625897891506 -0.7051668247027182
v 0.8168531239744198 -0.2999159513954941 -0.49274881628652023
v 0.7696723314583158 -0.2696723314583159 -0.5786893258332632
v 0.7143896024558054 -0.23659001248998407 -0.6585382767106448
v 0.8229907521838611 -0.21049271716251988 -0.5276163737426862
v 0.7733001621648697 -0.17978224360974696 -0.6080174373144506
v 0.8218500315602453 -0.1252379947294001 -0.555767910463156
v 0.6331692478888055 -0.7740133742564946 0.0
v 0.6884185008862148 -0.7236095721458784 -0.04969059001899133
v 0.7414330069227071 -0.6631578416964982 -0.10246352151861453
v 0.7898589547345868 -0.5928449102230803 -0.1570278448179616
v 0.8313699290118758 -0.5138148733539264 -0.21170337043863285
v 0.864079898627872 -0.4281790611282721 -0.2646292130482911
v 0.8869075000122311 -0.3387685201274744 -0.3140556896359231
v 0.8997478541864821 -0.24868419063618677 -0.3586223253151507
v 0.9033918157556253 -0.1608021271435285 -0.3975247201519307
v 0.8992513689858948 -0.0774013374256494 -0.4305299157337559
v 0.6884185008862148 -0.7236095721458784 0.04969059001899133
v 0.7453559924999298 -0.6666666666666667 0.0
v 0.7986599593958795 -0.599450685579581 -0.052925842609658214
v 0.8457050775509992 -0.5226744823848832 -0.107676865055372
v 0.8841193776664111 -0.438109260099278 -0.16245984811645314
v 0.912253039957255 -0.3484496549232555 -0.21535373011074402
v 0.9294998378598645 -0.25690743667696325 -0.26462921304829107
v 0.9363389981249826 -0.16666666666666674 -0.3090169943749474
v 0.9341022893083982 -0.08040106357176428 -0.3478341301329393
v 0.7414330069227071 -0.6631578416964982 0.10246352151861453
v 0.7986599593958796 -0.599450685579581 0.052925842609658214
v 0.8506508083520399 -0.5257311121191336 0.0
v 0.8946764988894502 -0.4433406493037675 -0.05479991797283513
v 0.9285447107773686 -0.35467251944301403 -0.10959983594567031
v 0.9510565162951535 -0.2628655560595668 -0.16245984811645314
v 0.9622098074758607 -0.1712716244513088 -0.21170337043863285
v 0.963073793091992 -0.08289473021206228 -0.2561588037965362
v 0.7898589547345867 -0.5928449102230804 0.15702784481796156
v 0.8457050775509992 -0.5226744823848833 0.107676865055372
v 0.8946764988894502 -0.44334064930376754 0.05479991797283513
v 0.9341723589627157 -0.35682208977308993 0.0
v 0.9624129226652869 -0.2660043895822606 -0.05479991797283516
v 0.9788010023635108 -0.17422482746162782 -0.10767686505537201
v 0.9839560452898753 -0.08469213003186865 -0.1570278448179616
v 0.8313699290118758 -0.5138148733539264 0.21170337043863285
v 0.8841193776664111 -0.4381092600992779 0.16245984811645314
v 0.9285447107773686 -0.354672519443014 0.10959983594567031
v 0.9624129226652869 -0.2660043895822604 0.05479991797283516
v 0.9845250856095248 -0.17524370403971112 0.0
v 0.9949197770918567 -0.08563581222565435 -0.0529258426096582
v 0.864079898627872 -0.4281790611282721 0.26462921304829107
v 0.912253039957255 -0.3484496549232555 0.21535373011074402
v 0.9510565162951535 -0.2628655560595668 0.16245984811645314
v 0.9788010023635108 -0.17422482746162776 0.10767686505537201
v 0.9949197770918567 -0.0856358122256544 0.0529258426096582
v 0.8869075000122311 -0.33876852012747444 0.3140556896359231
v 0.9294998378598645 -0.2569074366769632 0.26462921304829107
v 0.9622098074758607 -0.1712716244513088 0.21170337043863285
v 0.9839560452898753 -0.08469213003186861 0.15702784481796161
v 0.8997478541864821 -0.24868419063618682 0.3586223253151507
v 0.9363389981249826 -0.1666666666666667 0.3090169943749474
v 0.963073793091992 -0.08289473021206228 0.2561588037965362
v 0.9033918157556254 -0.16080212714352857 0.3975247201519307
v 0.9341022893083983 -0.08040106357176428 0.3478341301329394
v 0.8992513689858948 -0.07740133742564943 0.4305299157337559
v 0.07740133742564947 -0.4305299157337559 0.8992513689858948
v 0.16080212714352854 -0.39752472015193063 0.9033918157556253
v 0.24868419063618677 -0.3586223253151507 0.8997478541864821
v 0.3387685201274745 -0.3140556896359231 0.8869075000122311
v 0.42817906112827214 -0.26462921304829107 0.864079898627872
v 0.5138148733539265 -0.21170337043863283 0.8313699290118758
v 0.5928449102230805 -0.15702784481796153 0.7898589547345868
v 0.6631578416964982 -0.10246352151861453 0.7414330069227071
v 0.7236095721458784 -0.049690590018991315 0.6884185008862148
v 0.7740133742564946 3.9832018769795354e-17 0.6331692478888055
v 0.08040106357176427 -0.3478341301329394 0.9341022893083983
v 0.16666666666666666 -0.30901699437494745 0.9363389981249826
v 0.25690743667696325 -0.26462921304829107 0.9294998378598645
v 0.34844965492325547 -0.21535373011074402 0.9122530399572549
v 0.438109260099278 -0.16245984811645314 0.8841193776664111
v 0.5226744823848832 -0.10767686505537204 0.8457050775509992
v 0.599450685579581 -0.052925842609658214 0.7986599593958795
v 0.6666666666666666 -5.1461667323329365e-17 0.7453559924999299
v 0.7236095721458784 0.04969059001899131 0.6884185008862148
v 0.08289473021206226 -0.2561588037965362 0.963073793091992
v 0.17127162445130883 -0.21170337043863285 0.9622098074758607
v 0.2628655560595668 -0.16245984811645314 0.9510565162951535
v 0.35467251944301403 -0.10959983594567031 0.9285447107773686
v 0.44334064930376743 -0.05479991797283512 0.8946764988894501
v 0.5257311121191336 0.0 0.8506508083520399
v 0.599450685579581 0.052925842609658234 0.7986599593958795
v 0.663157841696498 0.10246352151861449 0.7414330069227071
v 0.08469213003186861 -0.1570278448179616 0.9839560452898753
v 0.17422482746162773 -0.10767686505537209 0.9788010023635108
v 0.26600438958226047 -0.0547999179728352 0.9624129226652869
v 0.35682208977308993 -7.345063871007168e-17 0.9341723589627158
v 0.44334064930376743 0.05479991797283508 0.8946764988894501
v 0.5226744823848832 0.10767686505537194 0.8457050775509992
v 0.5928449102230804 0.15702784481796153 0.7898589547345868
v 0.08563581222565442 -0.052925842609658165 0.9949197770918567
v 0.17524370403971123 3.6073332791198436e-17 0.9845250856095248
v 0.26600438958226047 0.0547999179728352 0.9624129226652869
v 0.35467251944301403 0.10959983594567034 0.9285447107773686
v 0.4381092600992781 0.16245984811645325 0.8841193776664111
v 0.5138148733539265 0.2117033704386329 0.8313699290118758
v 0.0856358122256544 0.05292584260965819 0.9949197770918567
v 0.17422482746162773 0.10767686505537198 0.9788010023635108
v 0.2628655560595668 0.16245984811645314 0.9510565162951535
v 0.34844965492325547 0.215353730110744 0.912253039957255
v 0.42817906112827214 0.2646292130482911 0.864079898627872
v 0.08469213003186861 0.1570278448179616 0.9839560452898753
v 0.17127162445130883 0.21170337043863285 0.9622098074758607
v 0.25690743667696325 0.26462921304829107 0.9294998378598645
v 0.3387685201274745 0.3140556896359232 0.8869075000122311
v 0.08289473021206226 0.2561588037965362 0.963073793091992
v 0.16666666666666666 0.30901699437494734 0.9363389981249826
v 0.24868419063618677 0.3586223253151507 0.8997478541864821
v 0.08040106357176426 0.34783413013293923 0.9341022893083982
v 0.16080212714352854 0.39752472015193063 0.9033918157556253
v 0.07740133742564946 0.43052991573375593 0.8992513689858948
v -0.555767910463156 -0.8218500315602453 0.12523799472940012
v -0.5276163737426862 -0.8229907521838611 0.21049271716251985
v -0.49274881628652023 -0.8168531239744198 0.299915951395494
v -0.45109043460711223 -0.8022153699803625 0.39111113506679507
v -0.40319086788360364 -0.7784440864022176 0.4811049037379304
v -0.35026502527394543 -0.7457341167862214 0.5667407159635848
v -0.2940625897891506 -0.7051668247027181 0.645187525162401
v -0.23659001248998404 -0.6585382767106448 0.7143896024558054
v -0.17978224360974693 -0.6080174373144506 0.7733001621648697
v -0.1252379947294001 -0.555767910463156 0.8218500315602453
v -0.6080174373144506 -0.7733001621648697 0.17978224360974693
v -0.5786893258332632 -0.7696723314583159 0.26967233145831576
v -0.5417525227189163 -0.7582282134085556 0.3627591218962797
v -0.49725542262774375 -0.7380282124956271 0.45612651997862746
v -0.4460101175671331 -0.7088756736267 0.5464158255102467
v -0.38957855757237175 -0.6714802500893715 0.6303513474402552
v -0.3300491522802835 -0.6273883349445708 0.7053023707988973
v -0.2696723314583159 -0.5786893258332633 0.7696723314583158
v -0.21049271716251988 -0.5276163737426862 0.8229907521838611
v -0.6585382767106447 -0.7143896024558053 0.23659001248998401
v -0.6273883349445708 -0.7053023707988973 0.3300491522802835
v -0.5877852522924731 -0.6881909602355868 0.42532540417601994
v -0.5400039794464362 -0.662540321195108 0.5190722733615194
v -0.485204061473601 -0.6286721093071898 0.6077404032222729
v -0.42532540417601994 -0.5877852522924731 0.6881909602355868
v -0.3627591218962797 -0.5417525227189163 0.7582282134085556
v -0.299915951395494 -0.49274881628652023 0.8168531239744197
v -0.7051668247027181 -0.645187525162401 0.2940625897891507
v -0.6714802500893715 -0.6303513474402553 0.3895785575723717
v -0.6286721093071898 -0.607740403222273 0.485204061473601
v -0.5773502691896257 -0.5773502691896258 0.5773502691896257
v -0.5190722733615194 -0.5400039794464362 0.662540321195108
v -0.4561265199786275 -0.4972554226277438 0.7380282124956271
v -0.391111135066795 -0.45109043460711234 0.8022153699803625
v -0.7457341167862214 -0.5667407159635847 0.35026502527394554
v -0.7088756736267 -0.5464158255102467 0.44601011756713316
v -0.6625403211951081 -0.5190722733615194 0.5400039794464363
v -0.6077404032222729 -0.485204061473601 0.6286721093071898
v -0.5464158255102467 -0.44601011756713305 0.7088756736267
v -0.4811049037379303 -0.40319086788360364 0.7784440864022177
v -0.7784440864022176 -0.48110490373793036 0.4031908678836037
v -0.7380282124956273 -0.4561265199786275 0.49725542262774375
v -0.6881909602355868 -0.42532540417601994 0.5877852522924731
v -0.6303513474402552 -0.38957855757237175 0.6714802500893715
v -0.5667407159635848 -0.3502650252739455 0.7457341167862215
v -0.8022153699803625 -0.391111135066795 0.4510904346071123
v -0.7582282134085556 -0.3627591218962797 0.5417525227189163
v -0.7053023707988973 -0.3300491522802835 0.6273883349445708
v -0.645187525162401 -0.2940625897891506 0.7051668247027182
v -0.8168531239744198 -0.2999159513954941 0.49274881628652023
v -0.7696723314583158 -0.2696723314583159 0.5786893258332632
v -0.7143896024558054 -0.23659001248998407 0.6585382767106448
v -0.8229907521838611 -0.21049271716251988 0.5276163737426862
v -0.7733001621648697 -0.17978224360974696 0.6080174373144506
v -0.8218500315602453 -0.1252379947294001 0.555767910463156
v -0.12523799472940012 -0.555767910463156 -0.8218500315602453
v -0.17978224360974693 -0.6080174373144506 -0.7733001621648697
v -0.23659001248998404 -0.6585382767106448 -0.7143896024558054
v -0.29406258978915073 -0.7051668247027182 -0.6451875251624009
v -0.3502650252739455 -0.7457341167862215 -0.5667407159635848
v -0.40319086788360375 -0.7784440864022176 -0.4811049037379303
v -0.4510904346071123 -0.8022153699803625 -0.39111113506679496
v -0.49274881628652023 -0.8168531239744198 -0.299915951395494
v -0.5276163737426863 -0.8229907521838611 -0.21049271716251985
v -0.555767910463156 -0.8218500315602453 -0.12523799472940003
v -0.21049271716251985 -0.5276163737426862 -0.8229907521838611
v -0.26967233145831576 -0.5786893258332632 -0.7696723314583159
v -0.3300491522802835 -0.6273883349445708 -0.7053023707988973
v -0.3895785575723717 -0.6714802500893715 -0.6303513474402552
v -0.4460101175671331 -0.7088756736267 -0.5464158255102467
v -0.49725542262774375 -0.7380282124956273 -0.4561265199786275
v -0.5417525227189163 -0.7582282134085556 -0.3627591218962797
v -0.5786893258332632 -0.7696723314583158 -0.2696723314583159
v -0.6080174373144506 -0.7733001621648697 -0.17978224360974698
v -0.299915951395494 -0.49274881628652023 -0.8168531239744198
v -0.3627591218962797 -0.5417525227189163 -0.7582282134085556
v -0.42532540417601994 -0.5877852522924731 -0.6881909602355868
v -0.485204061473601 -0.6286721093071898 -0.6077404032222729
v -0.5400039794464362 -0.662540321195108 -0.5190722733615194
v -0.5877852522924731 -0.6881909602355868 -0.42532540417601994
v -0.6273883349445708 -0.7053023707988973 -0.3300491522802835
v -0.6585382767106447 -0.7143896024558054 -0.23659001248998404
v -0.39111113506679496 -0.4510904346071123 -0.8022153699803625
v -0.45612651997862746 -0.4972554226277438 -0.7380282124956273
v -0.5190722733615194 -0.5400039794464362 -0.6625403211951081
v -0.5773502691896257 -0.5773502691896258 -0.5773502691896258
v -0.6286721093071896 -0.6077404032222729 -0.4852040614736011
v -0.6714802500893715 -0.6303513474402552 -0.3895785575723718
v -0.7051668247027181 -0.645187525162401 -0.29406258978915073
v -0.4811049037379304 -0.40319086788360375 -0.7784440864022176
v -0.5464158255102468 -0.4460101175671331 -0.7088756736266998
v -0.607740403222273 -0.48520406147360107 -0.6286721093071896
v -0.6625403211951081 -0.5190722733615195 -0.5400039794464362
v -0.7088756736267001 -0.5464158255102467 -0.4460101175671331
v -0.7457341167862215 -0.5667407159635848 -0.35026502527394543
v -0.5667407159635848 -0.35026502527394554 -0.7457341167862214
v -0.6303513474402552 -0.38957855757237175 -0.6714802500893715
v -0.6881909602355868 -0.42532540417601994 -0.5877852522924731
v -0.7380282124956271 -0.4561265199786275 -0.49725542262774375
v -0.7784440864022176 -0.48110490373793025 -0.4031908678836037
v -0.645187525162401 -0.2940625897891507 -0.7051668247027182
v -0.7053023707988973 -0.3300491522802835 -0.6273883349445707
v -0.7582282134085556 -0.3627591218962797 -0.5417525227189164
v -0.8022153699803625 -0.39111113506679496 -0.4510904346071123
v -0.7143896024558053 -0.23659001248998404 -0.6585382767106448
v -0.7696723314583157 -0.2696723314583159 -0.5786893258332633
v -0.8168531239744198 -0.29991595139549404 -0.4927488162865203
v -0.7733001621648697 -0.17978224360974696 -0.6080174373144506
v -0.8229907521838611 -0.21049271716251985 -0.5276163737426862
v -0.8218500315602454 -0.1252379947294001 -0.555767910463156
v 0.7740133742564946 0.0 -0.6331692478888055
v 0.7236095721458784 -0.04969059001899133 -0.6884185008862148
v 0.6631578416964982 -0.10246352151861453 -0.7414330069227071
v 0.5928449102230803 -0.1570278448179616 -0.7898589547345868
v 0.5138148733539264 -0.21170337043863285 -0.8313699290118758
v 0.4281790611282721 -0.2646292130482911 -0.864079898627872
v 0.33876852012747444 -0.3140556896359232 -0.8869075000122311
v 0.24868419063618677 -0.3586223253151507 -0.8997478541864821
v 0.1608021271435285 -0.3975247201519307 -0.9033918157556253
v 0.0774013374256494 -0.4305299157337559 -0.8992513689858948
v 0.7236095721458784 0.04969059001899133 -0.6884185008862148
v 0.6666666666666667 0.0 -0.7453559924999298
v 0.599450685579581 -0.052925842609658214 -0.7986599593958795
v 0.5226744823848832 -0.107676865055372 -0.8457050775509992
v 0.438109260099278 -0.16245984811645314 -0.8841193776664111
v 0.34844965492325547 -0.215353730110744 -0.9122530399572549
v 0.25690743667696325 -0.26462921304829107 -0.9294998378598645
v 0.16666666666666674 -0.3090169943749474 -0.9363389981249826
v 0.08040106357176428 -0.3478341301329393 -0.9341022893083982
v 0.6631578416964982 0.10246352151861453 -0.7414330069227071
v 0.5994506855795809 0.05292584260965821 -0.7986599593958795
v 0.5257311121191336 0.0 -0.8506508083520399
v 0.44334064930376754 -0.054799917972835135 -0.8946764988894502
v 0.35467251944301403 -0.10959983594567031 -0.9285447107773686
v 0.2628655560595668 -0.16245984811645314 -0.9510565162951535
v 0.1712716244513088 -0.21170337043863285 -0.9622098074758607
v 0.08289473021206228 -0.2561588037965362 -0.963073793091992
v 0.5928449102230805 0.1570278448179616 -0.7898589547345868
v 0.5226744823848833 0.107676865055372 -0.8457050775509992
v 0.4433406493037675 0.05479991797283512 -0.8946764988894501
v 0.35682208977309 0.0 -0.9341723589627157
v 0.2660043895822606 -0.05479991797283516 -0.9624129226652869
v 0.17422482746162782 -0.10767686505537201 -0.9788010023635108
v 0.08469213003186865 -0.1570278448179616 -0.9839560452898753
v 0.5138148733539264 0.21170337043863285 -0.8313699290118758
v 0.4381092600992779 0.16245984811645314 -0.8841193776664111
v 0.354672519443014 0.10959983594567031 -0.9285447107773686
v 0.2660043895822604 0.05479991797283516 -0.9624129226652869
v 0.1752437040397111 0.0 -0.9845250856095248
v 0.08563581222565435 -0.0529258426096582 -0.9949197770918567
v 0.42817906112827214 0.2646292130482911 -0.864079898627872
v 0.34844965492325547 0.215353730110744 -0.9122530399572549
v 0.2628655560595668 0.16245984811645314 -0.9510565162951535
v 0.1742248274616278 0.10767686505537202 -0.9788010023635108
v 0.08563581222565439 0.05292584260965819 -0.9949197770918567
v 0.33876852012747444 0.3140556896359231 -0.8869075000122311
v 0.2569074366769632 0.26462921304829107 -0.9294998378598645
v 0.1712716244513088 0.21170337043863285 -0.9622098074758607
v 0.08469213003186861 0.15702784481796161 -0.9839560452898753
v 0.24868419063618682 0.3586223253151507 -0.8997478541864821
v 0.1666666666666667 0.30901699437494745 -0.9363389981249826
v 0.08289473021206228 0.2561588037965362 -0.963073793091992
v 0.16080212714352857 0.39752472015193063 -0.9033918157556253
v 0.08040106357176428 0.3478341301329394 -0.9341022893083983
v 0.07740133742564943 0.4305299157337559 -0.8992513689858948
v 0.8992513689858948 0.07740133742564947 0.4305299157337559
v 0.9341022893083983 0.08040106357176427 0.3478341301329394
v 0.963073793091992 0.08289473021206226 0.2561588037965362
v 0.9839560452898753 0.08469213003186862 0.15702784481796153
v 0.9949197770918567 0.08563581222565442 0.052925842609658165
v 0.9949197770918567 0.08563581222565442 -0.052925842609658234
v 0.9839560452898753 0.08469213003186862 -0.15702784481796164
v 0.963073793091992 0.08289473021206226 -0.2561588037965362
v 0.9341022893083983 0.08040106357176427 -0.3478341301329394
v 0.8992513689858948 0.07740133742564946 -0.43052991573375593
v 0.9033918157556254 0.16080212714352854 0.3975247201519307
v 0.9363389981249826 0.16666666666666666 0.30901699437494745
v 0.9622098074758607 0.17127162445130883 0.21170337043863285
v 0.9788010023635108 0.17422482746162773 0.10767686505537201
v 0.9845250856095248 0.1752437040397112 0.0
v 0.9788010023635108 0.17422482746162773 -0.10767686505537198
v 0.9622098074758607 0.17127162445130883 -0.21170337043863285
v 0.9363389981249826 0.16666666666666666 -0.30901699437494734
v 0.9033918157556254 0.16080212714352854 -0.3975247201519307
v 0.8997478541864821 0.24868419063618677 0.3586223253151507
v 0.9294998378598645 0.25690743667696325 0.26462921304829107
v 0.9510565162951535 0.2628655560595668 0.16245984811645314
v 0.9624129226652869 0.26600438958226047 0.05479991797283516
v 0.9624129226652869 0.26600438958226047 -0.05479991797283516
v 0.9510565162951535 0.2628655560595668 -0.16245984811645314
v 0.9294998378598645 0.25690743667696325 -0.26462921304829107
v 0.8997478541864821 0.24868419063618677 -0.3586223253151507
v 0.8869075000122311 0.3387685201274745 0.3140556896359232
v 0.9122530399572549 0.3484496549232554 0.21535373011074407
v 0.9285447107773686 0.35467251944301403 0.10959983594567034
v 0.9341723589627157 0.35682208977308993 7.345063871007168e-17
v 0.9285447107773686 0.35467251944301403 -0.10959983594567027
v 0.9122530399572549 0.34844965492325547 -0.21535373011074396
v 0.8869075000122311 0.33876852012747444 -0.3140556896359231
v 0.864079898627872 0.42817906112827214 0.26462921304829107
v 0.8841193776664111 0.4381092600992781 0.16245984811645317
v 0.8946764988894502 0.44334064930376754 0.0547999179728351
v 0.8946764988894502 0.44334064930376754 -0.05479991797283517
v 0.8841193776664111 0.4381092600992781 -0.16245984811645325
v 0.864079898627872 0.42817906112827214 -0.2646292130482911
v 0.8313699290118758 0.5138148733539265 0.21170337043863285
v 0.8457050775509992 0.5226744823848832 0.10767686505537204
v 0.8506508083520399 0.5257311121191336 0.0
v 0.8457050775509992 0.5226744823848832 -0.10767686505537198
v 0.8313699290118758 0.5138148733539265 -0.21170337043863285
v 0.7898589547345868 0.5928449102230804 0.15702784481796156
v 0.7986599593958796 0.599450685579581 0.0529258426096582
v 0.7986599593958796 0.599450685579581 -0.052925842609658234
v 0.7898589547345868 0.5928449102230804 -0.15702784481796156
v 0.741433006922707 0.6631578416964979 0.10246352151861453
v 0.7453559924999299 0.6666666666666667 3.4307778215552914e-17
v 0.7414330069227071 0.6631578416964982 -0.1024635215186145
v 0.6884185008862148 0.7236095721458784 0.04969059001899135
v 0.6884185008862148 0.7236095721458784 -0.04969059001899132
v 0.6331692478888055 0.7740133742564946 -1.593280750791814e-17
f 1 79 46
f 79 80 343
f 80 81 344
f 81 82 345
f 82 83 346
f 83 84 347
f 84 85 348
f 85 86 349
f 86 87 350
f 87 88 351
f 88 89 352
f 89 12 298
f 79 343 46
f 80 344 343
f 81 345 344
f 82 346 345
f 83 347 346
f 84 348 347
f 85 349 348
f 86 350 349
f 87 351 350
f 88 352 351
f 89 298 352
f 46 343 47
f 343 344 353
f 344 345 354
f 345 346 355
f 346 347 356
f 347 348 357
f 348 349 358
f 349 350 359
f 350 351 360
f 351 352 361
f 352 298 297
f 343 353 47
f 344 354 353
f 345 355 354
f 346 356 355
f 347 357 356
f 348 358 357
f 349 359 358
f 350 360 359
f 351 361 360
f 352 297 361
f 47 353 48
f 353 354 362
f 354 355 363
f 355 356 364
f 356 357 365
f 357 358 366
f 358 359 367
f 359 360 368
f 360 361 369
f 361 297 296
f 353 362 48
f 354 363 362
f 355 364 363
f 356 365 364
f 357 366 365
f 358 367 366
f 359 368 367
f 360 369 368
f 361 296 369
f 48 362 49
f 362 363 370
f 363 364 371
f 364 365 372
f 365 366 373
f 366 367 374
f 367 368 375
f 368 369 376
f 369 296 295
f 362 370 49
f 363 371 370
f 364 372 371
f 365 373 372
f 366 374 373
f 367 375 374
f 368 376 375
f 369 295 376
f 49 370 50
f 370 371 377
f 371 372 378
f 372 373 379
f 373 374 380
f 374 375 381
f 375 376 382
f 376 295 294
f 370 377 50
f 371 378 377
f 372 379 378
f 373 380 379
f 374 381 380
f 375 382 381
f 376 294 382
f 50 377 51
f 377 378 383
f 378 379 384
f 379 380 385
f 380 381 386
f 381 382 387
f 382 294 293
f 377 383 51
f 378 384 383
f 379 385 384
f 380 386 385
f 381 387 386
f 382 293 387
f 51 383 52
f 383 384 388
f 384 385 389
f 385 386 390
f 386 387 391
f 387 293 292
f 383 388 52
f 384 389 388
f 385 390 389
f 386 391 390
f 387 292 391
f 52 388 53
f 388 389 392
f 389 390 393
f 390 391 394
f 391 292 291
f 388 392 53
f 389 393 392
f 390 394 393
f 391 291 394
f 53 392 54
f 392 393 395
f 393 394 396
f 394 291 290
f 392 395 54
f 393 396 395
f 394 290 396
f 54 395 55
f 395 396 397
f 396 290 289
f 395 397 55
f 396 289 397
f 55 397 56
f 397 289 288
f 397 288 56
f 56 288 6
f 1 46 167
f 46 47 398
f 47 48 399
f 48 49 400
f 49 50 401
f 50 51 402
f 51 52 403
f 52 53 404
f 53 54 405
f 54 55 406
f 55 56 407
f 56 6 232
f 46 398 167
f 47 399 398
f 48 400 399
f 49 401 400
f 50 402 401
f 51 403 402
f 52 404 403
f 53 405 404
f 54 406 405
f 55 407 406
f 56 232 407
f 167 398 168
f 398 399 408
f 399 400 409
f 400 401 410
f 401 402 411
f 402 403 412
f 403 404 413
f 404 405 414
f 405 406 415
f 406 407 416
f 407 232 231
f 398 408 168
f 399 409 408
f 400 410 409
f 401 411 410
f 402 412 411
f 403 413 412
f 404 414 413
f 405 415 414
f 406 416 415
f 407 231 416
f 168 408 169
f 408 409 417
f 409 410 418
f 410 411 419
f 411 412 420
f 412 413 421
f 413 414 422
f 414 415 423
f 415 416 424
f 416 231 230
f 408 417 169
f 409 418 417
f 410 419 418
f 411 420 419
f 412 421 420
f 413 422 421
f 414 423 422
f 415 424 423
f 416 230 424
f 169 417 170
f 417 418 425
f 418 419 426
f 419 420 427
f 420 421 428
f 421 422 429
f 422 423 430
f 423 424 431
f 424 230 229
f 417 425 170
f 418 426 425
f 419 427 426
f 420 428 427
f 421 429 428
f 422 430 429
f 423 431 430
f 424 229 431
f 170 425 171
f 425 426 432
f 426 427 433
f 427 428 434
f 428 429 435
f 429 430 436
f 430 431 437
f 431 229 228
f 425 432 171
f 426 433 432
f 427 434 433
f 428 435 434
f 429 436 435
f 430 437 436
f 431 228 437
f 171 432 172
f 432 433 438
f 433 434 439
f 434 435 440
f 435 436 441
f 436 437 442
f 437 228 227
f 432 438 172
f 433 439 438
f 434 440 439
f 435 441 440
f 436 442 441
f 437 227 442
f 172 438 173
f 438 439 443
f 439 440 444
f 440 441 445
f 441 442 446
f 442 227 226
f 438 443 173
f 439 444 443
f 440 445 444
f 441 446 445
f 442 226 446
f 173 443 174
f 443 444 447
f 444 445 448
f 445 446 449
f 446 226 225
f 443 447 174
f 444 448 447
f 445 449 448
f 446 225 449
f 174 447 175
f 447 448 450
f 448 449 451
f 449 225 224
f 447 450 175
f 448 451 450
f 449 224 451
f 175 450 176
f 450 451 452
f 451 224 223
f 450 452 176
f 451 223 452
f 176 452 177
f 452 223 222
f 452 222 177
f 177 222 2
f 1 167 178
f 167 168 453
f 168 169 454
f 169 170 455
f 170 171 456
f 171 172 457
f 172 173 458
f 173 174 459
f 174 175 460
f 175 176 461
f 176 177 462
f 177 2 310
f 167 453 178
f 168 454 453
f 169 455 454
f 170 456 455
f 171 457 456
f 172 458 457
f 173 459 458
f 174 460 459
f 175 461 460
f 176 462 461
f 177 310 462
f 178 453 179
f 453 454 463
f 454 455 464
f 455 456 465
f 456 457 466
f 457 458 467
f 458 459 468
f 459 460 469
f 460 461 470
f 461 462 471
f 462 310 311
f 453 463 179
f 454 464 463
f 455 465 464
f 456 466 465
f 457 467 466
f 458 468 467
f 459 469 468
f 460 470 469
f 461 471 470
f 462 311 471
f 179 463 180
f 463 464 472
f 464 465 473
f 465 466 474
f 466 467 475
f 467 468 476
f 468 469 477
f 469 470 478
f 470 471 479
f 471 311 312
f 463 472 180
f 464 473 472
f 465 474 473
f 466 475 474
f 467 476 475
f 468 477 476
f 469 478 477
f 470 479 478
f 471 312 479
f 180 472 181
f 472 473 480
f 473 474 481
f 474 475 482
f 475 476 483
f 476 477 484
f 477 478 485
f 478 479 486
f 479 312 313
f 472 480 181
f 473 481 480
f 474 482 481
f 475 483 482
f 476 484 483
f 477 485 484
f 478 486 485
f 479 313 486
f 181 480 182
f 480 481 487
f 481 482 488
f 482 483 489
f 483 484 490
f 484 485 491
f 485 486 492
f 486 313 314
f 480 487 182
f 481 488 487
f 482 489 488
f 483 490 489
f 484 491 490
f 485 492 491
f 486 314 492
f 182 487 183
f 487 488 493
f 488 489 494
f 489 490 495
f 490 491 496
f 491 492 497
f 492 314 315
f 487 493 183
f 488 494 493
f 489 495 494
f 490 496 495
f 491 497 496
f 492 315 497
f 183 493 184
f 493 494 498
f 494 495 499
f 495 496 500
f 496 497 501
f 497 315 316
f 493 498 184
f 494 499 498
f 495 500 499
f 496 501 500
f 497 316 501
f 184 498 185
f 498 499 502
f 499 500 503
f 500 501 504
f 501 316 317
f 498 502 185
f 499 503 502
f 500 504 503
f 501 317 504
f 185 502 186
f 502 503 505
f 503 504 506
f 504 317 318
f 502 505 186
f 503 506 505
f 504 318 506
f 186 505 187
f 505 506 507
f 506 318 319
f 505 507 187
f 506 319 507
f 187 507 188
f 507 319 320
f 507 320 188
f 188 320 8
f 1 178 211
f 178 179 508
f 179 180 509
f 180 181 510
f 181 182 511
f 182 183 512
f 183 184 513
f 184 185 514
f 185 186 515
f 186 187 516
f 187 188 517
f 188 8 90
f 178 508 211
f 179 509 508
f 180 510 509
f 181 511 510
f 182 512 511
f 183 513 512
f 184 514 513
f 185 515 514
f 186 516 515
f 187 517 516
f 188 90 517
f 211 508 212
f 508 509 518
f 509 510 519
f 510 511 520
f 511 512 521
f 512 513 522
f 513 514 523
f 514 515 524
f 515 516 525
f 516 517 526
f 517 90 91
f 508 518 212
f 509 519 518
f 510 520 519
f 511 521 520
f 512 522 521
f 513 523 522
f 514 524 523
f 515 525 524
f 516 526 525
f 517 91 526
f 212 518 213
f 518 519 527
f 519 520 528
f 520 521 529
f 521 522 530
f 522 523 531
f 523 524 532
f 524 525 533
f 525 526 534
f 526 91 92
f 518 527 213
f 519 528 527
f 520 529 528
f 521 530 529
f 522 531 530
f 523 532 531
f 524 533 532
f 525 534 533
f 526 92 534
f 213 527 214
f 527 528 535
f 528 529 536
f 529 530 537
f 530 531 538
f 531 532 539
f 532 533 540
f 533 534 541
f 534 92 93
f 527 535 214
f 528 536 535
f 529 537 536
f 530 538 537
f 531 539 538
f 532 540 539
f 533 541 540
f 534 93 541
f 214 535 215
f 535 536 542
f 536 537 543
f 537 538 544
f 538 539 545
f 539 540 546
f 540 541 547
f 541 93 94
f 535 542 215
f 536 543 542
f 537 544 543
f 538 545 544
f 539 546 545
f 540 547 546
f 541 94 547
f 215 542 216
f 542 543 548
f 543 544 549
f 544 545 550
f 545 546 551
f 546 547 552
f 547 94 95
f 542 548 216
f 543 549 548
f 544 550 549
f 545 551 550
f 546 552 551
f 547 95 552
f 216 548 217
f 548 549 553
f 549 550 554
f 550 551 555
f 551 552 556
f 552 95 96
f 548 553 217
f 549 554 553
f 550 555 554
f 551 556 555
f 552 96 556
f 217 553 218
f 553 554 557
f 554 555 558
f 555 556 559
f 556 96 97
f 553 557 218
f 554 558 557
f 555 559 558
f 556 97 559
f 218 557 219
f 557 558 560
f 558 559 561
f 559 97 98
f 557 560 219
f 558 561 560
f 559 98 561
f 219 560 220
f 560 561 562
f 561 98 99
f 560 562 220
f 561 99 562
f 220 562 221
f 562 99 100
f 562 100 221
f 221 100 11
f 1 211 79
f 211 212 563
f 212 213 564
f 213 214 565
f 214 215 566
f 215 216 567
f 216 217 568
f 217 218 569
f 218 219 570
f 219 220 571
f 220 221 572
f 221 11 200
f 211 563 79
f 212 564 563
f 213 565 564
f 214 566 565
f 215 567 566
f 216 568 567
f 217 569 568
f 218 570 569
f 219 571 570
f 220 572 571
f 221 200 572
f 79 563 80
f 563 564 573
f 564 565 574
f 565 566 575
f 566 567 576
f 567 568 577
f 568 569 578
f 569 570 579
f 570 571 580
f 571 572 581
f 572 200 201
f 563 573 80
f 564 574 573
f 565 575 574
f 566 576 575
f 567 577 576
f 568 578 577
f 569 579 578
f 570 580 579
f 571 581 580
f 572 201 581
f 80 573 81
f 573 574 582
f 574 575 583
f 575 576 584
f 576 577 585
f 577 578 586
f 578 579 587
f 579 580 588
f 580 581 589
f 581 201 202
f 573 582 81
f 574 583 582
f 575 584 583
f 576 585 584
f 577 586 585
f 578 587 586
f 579 588 587
f 580 589 588
f 581 202 589
f 81 582 82
f 582 583 590
f 583 584 591
f 584 585 592
f 585 586 593
f 586 587 594
f 587 588 595
f 588 589 596
f 589 202 203
f 582 590 82
f 583 591 590
f 584 592 591
f 585 593 592
f 586 594 593
f 587 595 594
f 588 596 595
f 589 203 596
f 82 590 83
f 590 591 597
f 591 592 598
f 592 593 599
f 593 594 600
f 594 595 601
f 595 596 602
f 596 203 204
f 590 597 83
f 591 598 597
f 592 599 598
f 593 600 599
f 594 601 600
f 595 602 601
f 596 204 602
f 83 597 84
f 597 598 603
f 598 599 604
f 599 600 605
f 600 601 606
f 601 602 607
f 602 204 205
f 597 603 84
f 598 604 603
f 599 605 604
f 600 606 605
f 601 607 606
f 602 205 607
f 84 603 85
f 603 604 608
f 604 605 609
f 605 606 610
f 606 607 611
f 607 205 206
f 603 608 85
f 604 609 608
f 605 610 609
f 606 611 610
f 607 206 611
f 85 608 86
f 608 609 612
f 609 610 613
f 610 611 614
f 611 206 207
f 608 612 86
f 609 613 612
f 610 614 613
f 611 207 614
f 86 612 87
f 612 613 615
f 613 614 616
f 614 207 208
f 612 615 87
f 613 616 615
f 614 208 616
f 87 615 88
f 615 616 617
f 616 208 209
f 615 617 88
f 616 209 617
f 88 617 89
f 617 209 210
f 617 210 89
f 89 210 12
f 2 222 68
f 222 223 618
f 223 224 619
f 224 225 620
f 225 226 621
f 226 227 622
f 227 228 623
f 228 229 624
f 229 230 625
f 230 231 626
f 231 232 627
f 232 6 145
f 222 618 68
f 223 619 618
f 224 620 619
f 225 621 620
f 226 622 621
f 227 623 622
f 228 624 623
f 229 625 624
f 230 626 625
f 231 627 626
f 232 145 627
f 68 618 69
f 618 619 628
f 619 620 629
f 620 621 630
f 621 622 631
f 622 623 632
f 623 624 633
f 624 625 634
f 625 626 635
f 626 627 636
f 627 145 146
f 618 628 69
f 619 629 628
f 620 630 629
f 621 631 630
f 622 632 631
f 623 633 632
f 624 634 633
f 625 635 634
f 626 636 635
f 627 146 636
f 69 628 70
f 628 629 637
f 629 630 638
f 630 631 639
f 631 632 640
f 632 633 641
f 633 634 642
f 634 635 643
f 635 636 644
f 636 146 147
f 628 637 70
f 629 638 637
f 630 639 638
f 631 640 639
f 632 641 640
f 633 642 641
f 634 643 642
f 635 644 643
f 636 147 644
f 70 637 71
f 637 638 645
f 638 639 646
f 639 640 647
f 640 641 648
f 641 642 649
f 642 643 650
f 643 644 651
f 644 147 148
f 637 645 71
f 638 646 645
f 639 647 646
f 640 648 647
f 641 649 648
f 642 650 649
f 643 651 650
f 644 148 651
f 71 645 72
f 645 646 652
f 646 647 653
f 647 648 654
f 648 649 655
f 649 650 656
f 650 651 657
f 651 148 149
f 645 652 72
f 646 653 652
f 647 654 653
f 648 655 654
f 649 656 655
f 650 657 656
f 651 149 657
f 72 652 73
f 652 653 658
f 653 654 659
f 654 655 660
f 655 656 661
f 656 657 662
f 657 149 150
f 652 658 73
f 653 659 658
f 654 660 659
f 655 661 660
f 656 662 661
f 657 150 662
f 73 658 74
f 658 659 663
f 659 660 664
f 660 661 665
f 661 662 666
f 662 150 151
f 658 663 74
f 659 664 663
f 660 665 664
f 661 666 665
f 662 151 666
f 74 663 75
f 663 664 667
f 664 665 668
f 665 666 669
f 666 151 152
f 663 667 75
f 664 668 667
f 665 669 668
f 666 152 669
f 75 667 76
f 667 668 670
f 668 669 671
f 669 152 153
f 667 670 76
f 668 671 670
f 669 153 671
f 76 670 77
f 670 671 672
f 671 153 154
f 670 672 77
f 671 154 672
f 77 672 78
f 672 154 155
f 672 155 78
f 78 155 10
f 6 288 122
f 288 289 673
f 289 290 674
f 290 291 675
f 291 292 676
f 292 293 677
f 293 294 678
f 294 295 679
f 295 296 680
f 296 297 681
f 297 298 682
f 298 12 166
f 288 673 122
f 289 674 673
f 290 675 674
f 291 676 675
f 292 677 676
f 293 678 677
f 294 679 678
f 295 680 679
f 296 681 680
f 297 682 681
f 298 166 682
f 122 673 121
f 673 674 683
f 674 675 684
f 675 676 685
f 676 677 686
f 677 678 687
f 678 679 688
f 679 680 689
f 680 681 690
f 681 682 691
f 682 166 165
f 673 683 121
f 674 684 683
f 675 685 684
f 676 686 685
f 677 687 686
f 678 688 687
f 679 689 688
f 680 690 689
f 681 691 690
f 682 165 691
f 121 683 120
f 683 684 692
f 684 685 693
f 685 686 694
f 686 687 695
f 687 688 696
f 688 689 697
f 689 690 698
f 690 691 699
f 691 165 164
f 683 692 120
f 684 693 692
f 685 694 693
f 686 695 694
f 687 696 695
f 688 697 696
f 689 698 697
f 690 699 698
f 691 164 699
f 120 692 119
f 692 693 700
f 693 694 701
f 694 695 702
f 695 696 703
f 696 697 704
f 697 698 705
f 698 699 706
f 699 164 163
f 692 700 119
f 693 701 700
f 694 702 701
f 695 703 702
f 696 704 703
f 697 705 704
f 698 706 705
f 699 163 706
f 119 700 118
f 700 701 707
f 701 702 708
f 702 703 709
f 703 704 710
f 704 705 711
f 705 706 712
f 706 163 162
f 700 707 118
f 701 708 707
f 702 709 708
f 703 710 709
f 704 711 710
f 705 712 711
f 706 162 712
f 118 707 117
f 707 708 713
f 708 709 714
f 709 710 715
f 710 711 716
f 711 712 717
f 712 162 161
f 707 713 117
f 708 714 713
f 709 715 714
f 710 716 715
f 711 717 716
f 712 161 717
f 117 713 116
f 713 714 718
f 714 715 719
f 715 716 720
f 716 717 721
f 717 161 160
f 713 718 116
f 714 719 718
f 715 720 719
f 716 721 720
f 717 160 721
f 116 718 115
f 718 719 722
f 719 720 723
f 720 721 724
f 721 160 159
f 718 722 115
f 719 723 722
f 720 724 723
f 721 159 724
f 115 722 114
f 722 723 725
f 723 724 726
f 724 159 158
f 722 725 114
f 723 726 725
f 724 158 726
f 114 725 113
f 725 726 727
f 726 158 157
f 725 727 113
f 726 157 727
f 113 727 112
f 727 157 156
f 727 156 112
f 112 156 5
f 12 210 67
f 210 209 728
f 209 208 729
f 208 207 730
f 207 206 731
f 206 205 732
f 205 204 733
f 204 203 734
f 203 202 735
f 202 201 736
f 201 200 737
f 200 11 243
f 210 728 67
f 209 729 728
f 208 730 729
f 207 731 730
f 206 732 731
f 205 733 732
f 204 734 733
f 203 735 734
f 202 736 735
f 201 737 736
f 200 243 737
f 67 728 66
f 728 729 738
f 729 730 739
f 730 731 740
f 731 732 741
f 732 733 742
f 733 734 743
f 734 735 744
f 735 736 745
f 736 737 746
f 737 243 242
f 728 738 66
f 729 739 738
f 730 740 739
f 731 741 740
f 732 742 741
f 733 743 742
f 734 744 743
f 735 745 744
f 736 746 745
f 737 242 746
f 66 738 65
f 738 739 747
f 739 740 748
f 740 741 749
f 741 742 750
f 742 743 751
f 743 744 752
f 744 745 753
f 745 746 754
f 746 242 241
f 738 747 65
f 739 748 747
f 740 749 748
f 741 750 749
f 742 751 750
f 743 752 751
f 744 753 752
f 745 754 753
f 746 241 754
f 65 747 64
f 747 748 755
f 748 749 756
f 749 750 757
f 750 751 758
f 751 752 759
f 752 753 760
f 753 754 761
f 754 241 240
f 747 755 64
f 748 756 755
f 749 757 756
f 750 758 757
f 751 759 758
f 752 760 759
f 753 761 760
f 754 240 761
f 64 755 63
f 755 756 762
f 756 757 763
f 757 758 764
f 758 759 765
f 759 760 766
f 760 761 767
f 761 240 239
f 755 762 63
f 756 763 762
f 757 764 763
f 758 765 764
f 759 766 765
f 760 767 766
f 761 239 767
f 63 762 62
f 762 763 768
f 763 764 769
f 764 765 770
f 765 766 771
f 766 767 772
f 767 239 238
f 762 768 62
f 763 769 768
f 764 770 769
f 765 771 770
f 766 772 771
f 767 238 772
f 62 768 61
f 768 769 773
f 769 770 774
f 770 771 775
f 771 772 776
f 772 238 237
f 768 773 61
f 769 774 773
f 770 775 774
f 771 776 775
f 772 237 776
f 61 773 60
f 773 774 777
f 774 775 778
f 775 776 779
f 776 237 236
f 773 777 60
f 774 778 777
f 775 779 778
f 776 236 779
f 60 777 59
f 777 778 780
f 778 779 781
f 779 236 235
f 777 780 59
f 778 781 780
f 779 235 781
f 59 780 58
f 780 781 782
f 781 235 234
f 780 782 58
f 781 234 782
f 58 782 57
f 782 234 233
f 782 233 57
f 57 233 3
f 11 100 276
f 100 99 783
f 99 98 784
f 98 97 785
f 97 96 786
f 96 95 787
f 95 94 788
f 94 93 789
f 93 92 790
f 92 91 791
f 91 90 792
f 90 8 265
f 100 783 276
f 99 784 783
f 98 785 784
f 97 786 785
f 96 787 786
f 95 788 787
f 94 789 788
f 93 790 789
f 92 791 790
f 91 792 791
f 90 265 792
f 276 783 275
f 783 784 793
f 784 785 794
f 785 786 795
f 786 787 796
f 787 788 797
f 788 789 798
f 789 790 799
f 790 791 800
f 791 792 801
f 792 265 264
f 783 793 275
f 784 794 793
f 785 795 794
f 786 796 795
f 787 797 796
f 788 798 797
f 789 799 798
f 790 800 799
f 791 801 800
f 792 264 801
f 275 793 274
f 793 794 802
f 794 795 803
f 795 796 804
f 796 797 805
f 797 798 806
f 798 799 807
f 799 800 808
f 800 801 809
f 801 264 263
f 793 802 274
f 794 803 802
f 795 804 803
f 796 805 804
f 797 806 805
f 798 807 806
f 799 808 807
f 800 809 808
f 801 263 809
f 274 802 273
f 802 803 810
f 803 804 811
f 804 805 812
f 805 806 813
f 806 807 814
f 807 808 815
f 808 809 816
f 809 263 262
f 802 810 273
f 803 811 810
f 804 812 811
f 805 813 812
f 806 814 813
f 807 815 814
f 808 816 815
f 809 262 816
f 273 810 272
f 810 811 817
f 811 812 818
f 812 813 819
f 813 814 820
f 814 815 821
f 815 816 822
f 816 262 261
f 810 817 272
f 811 818 817
f 812 819 818
f 813 820 819
f 814 821 820
f 815 822 821
f 816 261 822
f 272 817 271
f 817 818 823
f 818 819 824
f 819 820 825
f 820 821 826
f 821 822 827
f 822 261 260
f 817 823 271
f 818 824 823
f 819 825 824
f 820 826 825
f 821 827 826
f 822 260 827
f 271 823 270
f 823 824 828
f 824 825 829
f 825 826 830
f 826 827 831
f 827 260 259
f 823 828 270
f 824 829 828
f 825 830 829
f 826 831 830
f 827 259 831
f 270 828 269
f 828 829 832
f 829 830 833
f 830 831 834
f 831 259 258
f 828 832 269
f 829 833 832
f 830 834 833
f 831 258 834
f 269 832 268
f 832 833 835
f 833 834 836
f 834 258 257
f 832 835 268
f 833 836 835
f 834 257 836
f 268 835 267
f 835 836 837
f 836 257 256
f 835 837 267
f 836 256 837
f 267 837 266
f 837 256 255
f 837 255 266
f 266 255 7
f 8 320 332
f 320 319 838
f 319 318 839
f 318 317 840
f 317 316 841
f 316 315 842
f 315 314 843
f 314 313 844
f 313 312 845
f 312 311 846
f 311 310 847
f 310 2 244
f 320 838 332
f 319 839 838
f 318 840 839
f 317 841 840
f 316 842 841
f 315 843 842
f 314 844 843
f 313 845 844
f 312 846 845
f 311 847 846
f 310 244 847
f 332 838 333
f 838 839 848
f 839 840 849
f 840 841 850
f 841 842 851
f 842 843 852
f 843 844 853
f 844 845 854
f 845 846 855
f 846 847 856
f 847 244 245
f 838 848 333
f 839 849 848
f 840 850 849
f 841 851 850
f 842 852 851
f 843 853 852
f 844 854 853
f 845 855 854
f 846 856 855
f 847 245 856
f 333 848 334
f 848 849 857
f 849 850 858
f 850 851 859
f 851 852 860
f 852 853 861
f 853 854 862
f 854 855 863
f 855 856 864
f 856 245 246
f 848 857 334
f 849 858 857
f 850 859 858
f 851 860 859
f 852 861 860
f 853 862 861
f 854 863 862
f 855 864 863
f 856 246 864
f 334 857 335
f 857 858 865
f 858 859 866
f 859 860 867
f 860 861 868
f 861 862 869
f 862 863 870
f 863 864 871
f 864 246 247
f 857 865 335
f 858 866 865
f 859 867 866
f 860 868 867
f 861 869 868
f 862 870 869
f 863 871 870
f 864 247 871
f 335 865 336
f 865 866 872
f 866 867 873
f 867 868 874
f 868 869 875
f 869 870 876
f 870 871 877
f 871 247 248
f 865 872 336
f 866 873 872
f 867 874 873
f 868 875 874
f 869 876 875
f 870 877 876
f 871 248 877
f 336 872 337
f 872 873 878
f 873 874 879
f 874 875 880
f 875 876 881
f 876 877 882
f 877 248 249
f 872 878 337
f 873 879 878
f 874 880 879
f 875 881 880
f 876 882 881
f 877 249 882
f 337 878 338
f 878 879 883
f 879 880 884
f 880 881 885
f 881 882 886
f 882 249 250
f 878 883 338
f 879 884 883
f 880 885 884
f 881 886 885
f 882 250 886
f 338 883 339
f 883 884 887
f 884 885 888
f 885 886 889
f 886 250 251
f 883 887 339
f 884 888 887
f 885 889 888
f 886 251 889
f 339 887 340
f 887 888 890
f 888 889 891
f 889 251 252
f 887 890 340
f 888 891 890
f 889 252 891
f 340 890 341
f 890 891 892
f 891 252 253
f 890 892 341
f 891 253 892
f 341 892 342
f 892 253 254
f 892 254 342
f 342 254 9
f 4 123 13
f 123 124 893
f 124 125 894
f 125 126 895
f 126 127 896
f 127 128 897
f 128 129 898
f 129 130 899
f 130 131 900
f 131 132 901
f 132 133 902
f 133 10 34
f 123 893 13
f 124 894 893
f 125 895 894
f 126 896 895
f 127 897 896
f 128 898 897
f 129 899 898
f 130 900 899
f 131 901 900
f 132 902 901
f 133 34 902
f 13 893 14
f 893 894 903
f 894 895 904
f 895 896 905
f 896 897 906
f 897 898 907
f 898 899 908
f 899 900 909
f 900 901 910
f 901 902 911
f 902 34 33
f 893 903 14
f 894 904 903
f 895 905 904
f 896 906 905
f 897 907 906
f 898 908 907
f 899 909 908
f 900 910 909
f 901 911 910
f 902 33 911
f 14 903 15
f 903 904 912
f 904 905 913
f 905 906 914
f 906 907 915
f 907 908 916
f 908 909 917
f 909 910 918
f 910 911 919
f 911 33 32
f 903 912 15
f 904 913 912
f 905 914 913
f 906 915 914
f 907 916 915
f 908 917 916
f 909 918 917
f 910 919 918
f 911 32 919
f 15 912 16
f 912 913 920
f 913 914 921
f 914 915 922
f 915 916 923
f 916 917 924
f 917 918 925
f 918 919 926
f 919 32 31
f 912 920 16
f 913 921 920
f 914 922 921
f 915 923 922
f 916 924 923
f 917 925 924
f 918 926 925
f 919 31 926
f 16 920 17
f 920 921 927
f 921 922 928
f 922 923 929
f 923 924 930
f 924 925 931
f 925 926 932
f 926 31 30
f 920 927 17
f 921 928 927
f 922 929 928
f 923 930 929
f 924 931 930
f 925 932 931
f 926 30 932
f 17 927 18
f 927 928 933
f 928 929 934
f 929 930 935
f 930 931 936
f 931 932 937
f 932 30 29
f 927 933 18
f 928 934 933
f 929 935 934
f 930 936 935
f 931 937 936
f 932 29 937
f 18 933 19
f 933 934 938
f 934 935 939
f 935 936 940
f 936 937 941
f 937 29 28
f 933 938 19
f 934 939 938
f 935 940 939
f 936 941 940
f 937 28 941
f 19 938 20
f 938 939 942
f 939 940 943
f 940 941 944
f 941 28 27
f 938 942 20
f 939 943 942
f 940 944 943
f 941 27 944
f 20 942 21
f 942 943 945
f 943 944 946
f 944 27 26
f 942 945 21
f 943 946 945
f 944 26 946
f 21 945 22
f 945 946 947
f 946 26 25
f 945 947 22
f 946 25 947
f 22 947 23
f 947 25 24
f 947 24 23
f 23 24 5
f 4 13 309
f 13 14 948
f 14 15 949
f 15 16 950
f 16 17 951
f 17 18 952
f 18 19 953
f 19 20 954
f 20 21 955
f 21 22 956
f 22 23 957
f 23 5 199
f 13 948 309
f 14 949 948
f 15 950 949
f 16 951 950
f 17 952 951
f 18 953 952
f 19 954 953
f 20 955 954
f 21 956 955
f 22 957 956
f 23 199 957
f 309 948 308
f 948 949 958
f 949 950 959
f 950 951 960
f 951 952 961
f 952 953 962
f 953 954 963
f 954 955 964
f 955 956 965
f 956 957 966
f 957 199 198
f 948 958 308
f 949 959 958
f 950 960 959
f 951 961 960
f 952 962 961
f 953 963 962
f 954 964 963
f 955 965 964
f 956 966 965
f 957 198 966
f 308 958 307
f 958 959 967
f 959 960 968
f 960 961 969
f 961 962 970
f 962 963 971
f 963 964 972
f 964 965 973
f 965 966 974
f 966 198 197
f 958 967 307
f 959 968 967
f 960 969 968
f 961 970 969
f 962 971 970
f 963 972 971
f 964 973 972
f 965 974 973
f 966 197 974
f 307 967 306
f 967 968 975
f 968 969 976
f 969 970 977
f 970 971 978
f 971 972 979
f 972 973 980
f 973 974 981
f 974 197 196
f 967 975 306
f 968 976 975
f 969 977 976
f 970 978 977
f 971 979 978
f 972 980 979
f 973 981 980
f 974 196 981
f 306 975 305
f 975 976 982
f 976 977 983
f 977 978 984
f 978 979 985
f 979 980 986
f 980 981 987
f 981 196 195
f 975 982 305
f 976 983 982
f 977 984 983
f 978 985 984
f 979 986 985
f 980 987 986
f 981 195 987
f 305 982 304
f 982 983 988
f 983 984 989
f 984 985 990
f 985 986 991
f 986 987 992
f 987 195 194
f 982 988 304
f 983 989 988
f 984 990 989
f 985 991 990
f 986 992 991
f 987 194 992
f 304 988 303
f 988 989 993
f 989 990 994
f 990 991 995
f 991 992 996
f 992 194 193
f 988 993 303
f 989 994 993
f 990 995 994
f 991 996 995
f 992 193 996
f 303 993 302
f 993 994 997
f 994 995 998
f 995 996 999
f 996 193 192
f 993 997 302
f 994 998 997
f 995 999 998
f 996 192 999
f 302 997 301
f 997 998 1000
f 998 999 1001
f 999 192 191
f 997 1000 301
f 998 1001 1000
f 999 191 1001
f 301 1000 300
f 1000 1001 1002
f 1001 191 190
f 1000 1002 300
f 1001 190 1002
f 300 1002 299
f 1002 190 189
f 1002 189 299
f 299 189 3
f 4 309 134
f 309 308 1003
f 308 307 1004
f 307 306 1005
f 306 305 1006
f 305 304 1007
f 304 303 1008
f 303 302 1009
f 302 301 1010
f 301 300 1011
f 300 299 1012
f 299 3 321
f 309 1003 134
f 308 1004 1003
f 307 1005 1004
f 306 1006 1005
f 305 1007 1006
f 304 1008 1007
f 303 1009 1008
f 302 1010 1009
f 301 1011 1010
f 300 1012 1011
f 299 321 1012
f 134 1003 135
f 1003 1004 1013
f 1004 1005 1014
f 1005 1006 1015
f 1006 1007 1016
f 1007 1008 1017
f 1008 1009 1018
f 1009 1010 1019
f 1010 1011 1020
f 1011 1012 1021
f 1012 321 322
f 1003 1013 135
f 1004 1014 1013
f 1005 1015 1014
f 1006 1016 1015
f 1007 1017 1016
f 1008 1018 1017
f 1009 1019 1018
f 1010 1020 1019
f 1011 1021 1020
f 1012 322 1021
f 135 1013 136
f 1013 1014 1022
f 1014 1015 1023
f 1015 1016 1024
f 1016 1017 1025
f 1017 1018 1026
f 1018 1019 1027
f 1019 1020 1028
f 1020 1021 1029
f 1021 322 323
f 1013 1022 136
f 1014 1023 1022
f 1015 1024 1023
f 1016 1025 1024
f 1017 1026 1025
f 1018 1027 1026
f 1019 1028 1027
f 1020 1029 1028
f 1021 323 1029
f 136 1022 137
f 1022 1023 1030
f 1023 1024 1031
f 1024 1025 1032
f 1025 1026 1033
f 1026 1027 1034
f 1027 1028 1035
f 1028 1029 1036
f 1029 323 324
f 1022 1030 137
f 1023 1031 1030
f 1024 1032 1031
f 1025 1033 1032
f 1026 1034 1033
f 1027 1035 1034
f 1028 1036 1035
f 1029 324 1036
f 137 1030 138
f 1030 1031 1037
f 1031 1032 1038
f 1032 1033 1039
f 1033 1034 1040
f 1034 1035 1041
f 1035 1036 1042
f 1036 324 325
f 1030 1037 138
f 1031 1038 1037
f 1032 1039 1038
f 1033 1040 1039
f 1034 1041 1040
f 1035 1042 1041
f 1036 325 1042
f 138 1037 139
f 1037 1038 1043
f 1038 1039 1044
f 1039 1040 1045
f 1040 1041 1046
f 1041 1042 1047
f 1042 325 326
f 1037 1043 139
f 1038 1044 1043
f 1039 1045 1044
f 1040 1046 1045
f 1041 1047 1046
f 1042 326 1047
f 139 1043 140
f 1043 1044 1048
f 1044 1045 1049
f 1045 1046 1050
f 1046 1047 1051
f 1047 326 327
f 1043 1048 140
f 1044 1049 1048
f 1045 1050 1049
f 1046 1051 1050
f 1047 327 1051
f 140 1048 141
f 1048 1049 1052
f 1049 1050 1053
f 1050 1051 1054
f 1051 327 328
f 1048 1052 141
f 1049 1053 1052
f 1050 1054 1053
f 1051 328 1054
f 141 1052 142
f 1052 1053 1055
f 1053 1054 1056
f 1054 328 329
f 1052 1055 142
f 1053 1056 1055
f 1054 329 1056
f 142 1055 143
f 1055 1056 1057
f 1056 329 330
f 1055 1057 143
f 1056 330 1057
f 143 1057 144
f 1057 330 331
f 1057 331 144
f 144 331 7
f 4 134 277
f 134 135 1058
f 135 136 1059
f 136 137 1060
f 137 138 1061
f 138 139 1062
f 139 140 1063
f 140 141 1064
f 141 142 1065
f 142 143 1066
f 143 144 1067
f 144 7 101
f 134 1058 277
f 135 1059 1058
f 136 1060 1059
f 137 1061 1060
f 138 1062 1061
f 139 1063 1062
f 140 1064 1063
f 141 1065 1064
f 142 1066 1065
f 143 1067 1066
f 144 101 1067
f 277 1058 278
f 1058 1059 1068
f 1059 1060 1069
f 1060 1061 1070
f 1061 1062 1071
f 1062 1063 1072
f 1063 1064 1073
f 1064 1065 1074
f 1065 1066 1075
f 1066 1067 1076
f 1067 101 102
f 1058 1068 278
f 1059 1069 1068
f 1060 1070 1069
f 1061 1071 1070
f 1062 1072 1071
f 1063 1073 1072
f 1064 1074 1073
f 1065 1075 1074
f 1066 1076 1075
f 1067 102 1076
f 278 1068 279
f 1068 1069 1077
f 1069 1070 1078
f 1070 1071 1079
f 1071 1072 1080
f 1072 1073 1081
f 1073 1074 1082
f 1074 1075 1083
f 1075 1076 1084
f 1076 102 103
f 1068 1077 279
f 1069 1078 1077
f 1070 1079 1078
f 1071 1080 1079
f 1072 1081 1080
f 1073 1082 1081
f 1074 1083 1082
f 1075 1084 1083
f 1076 103 1084
f 279 1077 280
f 1077 1078 1085
f 1078 1079 1086
f 1079 1080 1087
f 1080 1081 1088
f 1081 1082 1089
f 1082 1083 1090
f 1083 1084 1091
f 1084 103 104
f 1077 1085 280
f 1078 1086 1085
f 1079 1087 1086
f 1080 1088 1087
f 1081 1089 1088
f 1082 1090 1089
f 1083 1091 1090
f 1084 104 1091
f 280 1085 281
f 1085 1086 1092
f 1086 1087 1093
f 1087 1088 1094
f 1088 1089 1095
f 1089 1090 1096
f 1090 1091 1097
f 1091 104 105
f 1085 1092 281
f 1086 1093 1092
f 1087 1094 1093
f 1088 1095 1094
f 1089 1096 1095
f 1090 1097 1096
f 1091 105 1097
f 281 1092 282
f 1092 1093 1098
f 1093 1094 1099
f 1094 1095 1100
f 1095 1096 1101
f 1096 1097 1102
f 1097 105 106
f 1092 1098 282
f 1093 1099 1098
f 1094 1100 1099
f 1095 1101 1100
f 1096 1102 1101
f 1097 106 1102
f 282 1098 283
f 1098 1099 1103
f 1099 1100 1104
f 1100 1101 1105
f 1101 1102 1106
f 1102 106 107
f 1098 1103 283
f 1099 1104 1103
f 1100 1105 1104
f 1101 1106 1105
f 1102 107 1106
f 283 1103 284
f 1103 1104 1107
f 1104 1105 1108
f 1105 1106 1109
f 1106 107 108
f 1103 1107 284
f 1104 1108 1107
f 1105 1109 1108
f 1106 108 1109
f 284 1107 285
f 1107 1108 1110
f 1108 1109 1111
f 1109 108 109
f 1107 1110 285
f 1108 1111 1110
f 1109 109 1111
f 285 1110 286
f 1110 1111 1112
f 1111 109 110
f 1110 1112 286
f 1111 110 1112
f 286 1112 287
f 1112 110 111
f 1112 111 287
f 287 111 9
f 4 277 123
f 277 278 1113
f 278 279 1114
f 279 280 1115
f 280 281 1116
f 281 282 1117
f 282 283 1118
f 283 284 1119
f 284 285 1120
f 285 286 1121
f 286 287 1122
f 287 9 35
f 277 1113 123
f 278 1114 1113
f 279 1115 1114
f 280 1116 1115
f 281 1117 1116
f 282 1118 1117
f 283 1119 1118
f 284 1120 1119
f 285 1121 1120
f 286 1122 1121
f 287 35 1122
f 123 1113 124
f 1113 1114 1123
f 1114 1115 1124
f 1115 1116 1125
f 1116 1117 1126
f 1117 1118 1127
f 1118 1119 1128
f 1119 1120 1129
f 1120 1121 1130
f 1121 1122 1131
f 1122 35 36
f 1113 1123 124
f 1114 1124 1123
f 1115 1125 1124
f 1116 1126 1125
f 1117 1127 1126
f 1118 1128 1127
f 1119 1129 1128
f 1120 1130 1129
f 1121 1131 1130
f 1122 36 1131
f 124 1123 125
f 1123 1124 1132
f 1124 1125 1133
f 1125 1126 1134
f 1126 1127 1135
f 1127 1128 1136
f 1128 1129 1137
f 1129 1130 1138
f 1130 1131 1139
f 1131 36 37
f 1123 1132 125
f 1124 1133 1132
f 1125 1134 1133
f 1126 1135 1134
f 1127 1136 1135
f 1128 1137 1136
f 1129 1138 1137
f 1130 1139 1138
f 1131 37 1139
f 125 1132 126
f 1132 1133 1140
f 1133 1134 1141
f 1134 1135 1142
f 1135 1136 1143
f 1136 1137 1144
f 1137 1138 1145
f 1138 1139 1146
f 1139 37 38
f 1132 1140 126
f 1133 1141 1140
f 1134 1142 1141
f 1135 1143 1142
f 1136 1144 1143
f 1137 1145 1144
f 1138 1146 1145
f 1139 38 1146
f 126 1140 127
f 1140 1141 1147
f 1141 1142 1148
f 1142 1143 1149
f 1143 1144 1150
f 1144 1145 1151
f 1145 1146 1152
f 1146 38 39
f 1140 1147 127
f 1141 1148 1147
f 1142 1149 1148
f 1143 1150 1149
f 1144 1151 1150
f 1145 1152 1151
f 1146 39 1152
f 127 1147 128
f 1147 1148 1153
f 1148 1149 1154
f 1149 1150 1155
f 1150 1151 1156
f 1151 1152 1157
f 1152 39 40
f 1147 1153 128
f 1148 1154 1153
f 1149 1155 1154
f 1150 1156 1155
f 1151 1157 1156
f 1152 40 1157
f 128 1153 129
f 1153 1154 1158
f 1154 1155 1159
f 1155 1156 1160
f 1156 1157 1161
f 1157 40 41
f 1153 1158 129
f 1154 1159 1158
f 1155 1160 1159
f 1156 1161 1160
f 1157 41 1161
f 129 1158 130
f 1158 1159 1162
f 1159 1160 1163
f 1160 1161 1164
f 1161 41 42
f 1158 1162 130
f 1159 1163 1162
f 1160 1164 1163
f 1161 42 1164
f 130 1162 131
f 1162 1163 1165
f 1163 1164 1166
f 1164 42 43
f 1162 1165 131
f 1163 1166 1165
f 1164 43 1166
f 131 1165 132
f 1165 1166 1167
f 1166 43 44
f 1165 1167 132
f 1166 44 1167
f 132 1167 133
f 1167 44 45
f 1167 45 133
f 133 45 10
f 5 24 112
f 24 25 1168
f 25 26 1169
f 26 27 1170
f 27 28 1171
f 28 29 1172
f 29 30 1173
f 30 31 1174
f 31 32 1175
f 32 33 1176
f 33 34 1177
f 34 10 155
f 24 1168 112
f 25 1169 1168
f 26 1170 1169
f 27 1171 1170
f 28 1172 1171
f 29 1173 1172
f 30 1174 1173
f 31 1175 1174
f 32 1176 1175
f 33 1177 1176
f 34 155 1177
f 112 1168 113
f 1168 1169 1178
f 1169 1170 1179
f 1170 1171 1180
f 1171 1172 1181
f 1172 1173 1182
f 1173 1174 1183
f 1174 1175 1184
f 1175 1176 1185
f 1176 1177 1186
f 1177 155 154
f 1168 1178 113
f 1169 1179 1178
f 1170 1180 1179
f 1171 1181 1180
f 1172 1182 1181
f 1173 1183 1182
f 1174 1184 1183
f 1175 1185 1184
f 1176 1186 1185
f 1177 154 1186
f 113 1178 114
f 1178 1179 1187
f 1179 1180 1188
f 1180 1181 1189
f 1181 1182 1190
f 1182 1183 1191
f 1183 1184 1192
f 1184 1185 1193
f 1185 1186 1194
f 1186 154 153
f 1178 1187 114
f 1179 1188 1187
f 1180 1189 1188
f 1181 1190 1189
f 1182 1191 1190
f 1183 1192 1191
f 1184 1193 1192
f 1185 1194 1193
f 1186 153 1194
f 114 1187 115
f 1187 1188 1195
f 1188 1189 1196
f 1189 1190 1197
f 1190 1191 1198
f 1191 1192 1199
f 1192 1193 1200
f 1193 1194 1201
f 1194 153 152
f 1187 1195 115
f 1188 1196 1195
f 1189 1197 1196
f 1190 1198 1197
f 1191 1199 1198
f 1192 1200 1199
f 1193 1201 1200
f 1194 152 1201
f 115 1195 116
f 1195 1196 1202
f 1196 1197 1203
f 1197 1198 1204
f 1198 1199 1205
f 1199 1200 1206
f 1200 1201 1207
f 1201 152 151
f 1195 1202 116
f 1196 1203 1202
f 1197 1204 1203
f 1198 1205 1204
f 1199 1206 1205
f 1200 1207 1206
f 1201 151 1207
f 116 1202 117
f 1202 1203 1208
f 1203 1204 1209
f 1204 1205 1210
f 1205 1206 1211
f 1206 1207 1212
f 1207 151 150
f 1202 1208 117
f 1203 1209 1208
f 1204 1210 1209
f 1205 1211 1210
f 1206 1212 1211
f 1207 150 1212
f 117 1208 118
f 1208 1209 1213
f 1209 1210 1214
f 1210 1211 1215
f 1211 1212 1216
f 1212 150 149
f 1208 1213 118
f 1209 1214 1213
f 1210 1215 1214
f 1211 1216 1215
f 1212 149 1216
f 118 1213 119
f 1213 1214 1217
f 1214 1215 1218
f 1215 1216 1219
f 1216 149 148
f 1213 1217 119
f 1214 1218 1217
f 1215 1219 1218
f 1216 148 1219
f 119 1217 120
f 1217 1218 1220
f 1218 1219 1221
f 1219 148 147
f 1217 1220 120
f 1218 1221 1220
f 1219 147 1221
f 120 1220 121
f 1220 1221 1222
f 1221 147 146
f 1220 1222 121
f 1221 146 1222
f 121 1222 122
f 1222 146 145
f 1222 145 122
f 122 145 6
f 3 189 57
f 189 190 1223
f 190 191 1224
f 191 192 1225
f 192 193 1226
f 193 194 1227
f 194 195 1228
f 195 196 1229
f 196 197 1230
f 197 198 1231
f 198 199 1232
f 199 5 156
f 189 1223 57
f 190 1224 1223
f 191 1225 1224
f 192 1226 1225
f 193 1227 1226
f 194 1228 1227
f 195 1229 1228
f 196 1230 1229
f 197 1231 1230
f 198 1232 1231
f 199 156 1232
f 57 1223 58
f 1223 1224 1233
f 1224 1225 1234
f 1225 1226 1235
f 1226 1227 1236
f 1227 1228 1237
f 1228 1229 1238
f 1229 1230 1239
f 1230 1231 1240
f 1231 1232 1241
f 1232 156 157
f 1223 1233 58
f 1224 1234 1233
f 1225 1235 1234
f 1226 1236 1235
f 1227 1237 1236
f 1228 1238 1237
f 1229 1239 1238
f 1230 1240 1239
f 1231 1241 1240
f 1232 157 1241
f 58 1233 59
f 1233 1234 1242
f 1234 1235 1243
f 1235 1236 1244
f 1236 1237 1245
f 1237 1238 1246
f 1238 1239 1247
f 1239 1240 1248
f 1240 1241 1249
f 1241 157 158
f 1233 1242 59
f 1234 1243 1242
f 1235 1244 1243
f 1236 1245 1244
f 1237 1246 1245
f 1238 1247 1246
f 1239 1248 1247
f 1240 1249 1248
f 1241 158 1249
f 59 1242 60
f 1242 1243 1250
f 1243 1244 1251
f 1244 1245 1252
f 1245 1246 1253
f 1246 1247 1254
f 1247 1248 1255
f 1248 1249 1256
f 1249 158 159
f 1242 1250 60
f 1243 1251 1250
f 1244 1252 1251
f 1245 1253 1252
f 1246 1254 1253
f 1247 1255 1254
f 1248 1256 1255
f 1249 159 1256
f 60 1250 61
f 1250 1251 1257
f 1251 1252 1258
f 1252 1253 1259
f 1253 1254 1260
f 1254 1255 1261
f 1255 1256 1262
f 1256 159 160
f 1250 1257 61
f 1251 1258 1257
f 1252 1259 1258
f 1253 1260 1259
f 1254 1261 1260
f 1255 1262 1261
f 1256 160 1262
f 61 1257 62
f 1257 1258 1263
f 1258 1259 1264
f 1259 1260 1265
f 1260 1261 1266
f 1261 1262 1267
f 1262 160 161
f 1257 1263 62
f 1258 1264 1263
f 1259 1265 1264
f 1260 1266 1265
f 1261 1267 1266
f 1262 161 1267
f 62 1263 63
f 1263 1264 1268
f 1264 1265 1269
f 1265 1266 1270
f 1266 1267 1271
f 1267 161 162
f 1263 1268 63
f 1264 1269 1268
f 1265 1270 1269
f 1266 1271 1270
f 1267 162 1271
f 63 1268 64
f 1268 1269 1272
f 1269 1270 1273
f 1270 1271 1274
f 1271 162 163
f 1268 1272 64
f 1269 1273 1272
f 1270 1274 1273
f 1271 163 1274
f 64 1272 65
f 1272 1273 1275
f 1273 1274 1276
f 1274 163 164
f 1272 1275 65
f 1273 1276 1275
f 1274 164 1276
f 65 1275 66
f 1275 1276 1277
f 1276 164 165
f 1275 1277 66
f 1276 165 1277
f 66 1277 67
f 1277 165 166
f 1277 166 67
f 67 166 12
f 7 331 266
f 331 330 1278
f 330 329 1279
f 329 328 1280
f 328 327 1281
f 327 326 1282
f 326 325 1283
f 325 324 1284
f 324 323 1285
f 323 322 1286
f 322 321 1287
f 321 3 233
f 331 1278 266
f 330 1279 1278
f 329 1280 1279
f 328 1281 1280
f 327 1282 1281
f 326 1283 1282
f 325 1284 1283
f 324 1285 1284
f 323 1286 1285
f 322 1287 1286
f 321 233 1287
f 266 1278 267
f 1278 1279 1288
f 1279 1280 1289
f 1280 1281 1290
f 1281 1282 1291
f 1282 1283 1292
f 1283 1284 1293
f 1284 1285 1294
f 1285 1286 1295
f 1286 1287 1296
f 1287 233 234
f 1278 1288 267
f 1279 1289 1288
f 1280 1290 1289
f 1281 1291 1290
f 1282 1292 1291
f 1283 1293 1292
f 1284 1294 1293
f 1285 1295 1294
f 1286 1296 1295
f 1287 234 1296
f 267 1288 268
f 1288 1289 1297
f 1289 1290 1298
f 1290 1291 1299
f 1291 1292 1300
f 1292 1293 1301
f 1293 1294 1302
f 1294 1295 1303
f 1295 1296 1304
f 1296 234 235
f 1288 1297 268
f 1289 1298 1297
f 1290 1299 1298
f 1291 1300 1299
f 1292 1301 1300
f 1293 1302 1301
f 1294 1303 1302
f 1295 1304 1303
f 1296 235 1304
f 268 1297 269
f 1297 1298 1305
f 1298 1299 1306
f 1299 1300 1307
f 1300 1301 1308
f 1301 1302 1309
f 1302 1303 1310
f 1303 1304 1311
f 1304 235 236
f 1297 1305 269
f 1298 1306 1305
f 1299 1307 1306
f 1300 1308 1307
f 1301 1309 1308
f 1302 1310 1309
f 1303 1311 1310
f 1304 236 1311
f 269 1305 270
f 1305 1306 1312
f 1306 1307 1313
f 1307 1308 1314
f 1308 1309 1315
f 1309 1310 1316
f 1310 1311 1317
f 1311 236 237
f 1305 1312 270
f 1306 1313 1312
f 1307 1314 1313
f 1308 1315 1314
f 1309 1316 1315
f 1310 1317 1316
f 1311 237 1317
f 270 1312 271
f 1312 1313 1318
f 1313 1314 1319
f 1314 1315 1320
f 1315 1316 1321
f 1316 1317 1322
f 1317 237 238
f 1312 1318 271
f 1313 1319 1318
f 1314 1320 1319
f 1315 1321 1320
f 1316 1322 1321
f 1317 238 1322
f 271 1318 272
f 1318 1319 1323
f 1319 1320 1324
f 1320 1321 1325
f 1321 1322 1326
f 1322 238 239
f 1318 1323 272
f 1319 1324 1323
f 1320 1325 1324
f 1321 1326 1325
f 1322 239 1326
f 272 1323 273
f 1323 1324 1327
f 1324 1325 1328
f 1325 1326 1329
f 1326 239 240
f 1323 1327 273
f 1324 1328 1327
f 1325 1329 1328
f 1326 240 1329
f 273 1327 274
f 1327 1328 1330
f 1328 1329 1331
f 1329 240 241
f 1327 1330 274
f 1328 1331 1330
f 1329 241 1331
f 274 1330 275
f 1330 1331 1332
f 1331 241 242
f 1330 1332 275
f 1331 242 1332
f 275 1332 276
f 1332 242 243
f 1332 243 276
f 276 243 11
f 9 111 342
f 111 110 1333
f 110 109 1334
f 109 108 1335
f 108 107 1336
f 107 106 1337
f 106 105 1338
f 105 104 1339
f 104 103 1340
f 103 102 1341
f 102 101 1342
f 101 7 255
f 111 1333 342
f 110 1334 1333
f 109 1335 1334
f 108 1336 1335
f 107 1337 1336
f 106 1338 1337
f 105 1339 1338
f 104 1340 1339
f 103 1341 1340
f 102 1342 1341
f 101 255 1342
f 342 1333 341
f 1333 1334 1343
f 1334 1335 1344
f 1335 1336 1345
f 1336 1337 1346
f 1337 1338 1347
f 1338 1339 1348
f 1339 1340 1349
f 1340 1341 1350
f 1341 1342 1351
f 1342 255 256
f 1333 1343 341
f 1334 1344 1343
f 1335 1345 1344
f 1336 1346 1345
f 1337 1347 1346
f 1338 1348 1347
f 1339 1349 1348
f 1340 1350 1349
f 1341 1351 1350
f 1342 256 1351
f 341 1343 340
f 1343 1344 1352
f 1344 1345 1353
f 1345 1346 1354
f 1346 1347 1355
f 1347 1348 1356
f 1348 1349 1357
f 1349 1350 1358
f 1350 1351 1359
f 1351 256 257
f 1343 1352 340
f 1344 1353 1352
f 1345 1354 1353
f 1346 1355 1354
f 1347 1356 1355
f 1348 1357 1356
f 1349 1358 1357
f 1350 1359 1358
f 1351 257 1359
f 340 1352 339
f 1352 1353 1360
f 1353 1354 1361
f 1354 1355 1362
f 1355 1356 1363
f 1356 1357 1364
f 1357 1358 1365
f 1358 1359 1366
f 1359 257 258
f 1352 1360 339
f 1353 1361 1360
f 1354 1362 1361
f 1355 1363 1362
f 1356 1364 1363
f 1357 1365 1364
f 1358 1366 1365
f 1359 258 1366
f 339 1360 338
f 1360 1361 1367
f 1361 1362 1368
f 1362 1363 1369
f 1363 1364 1370
f 1364 1365 1371
f 1365 1366 1372
f 1366 258 259
f 1360 1367 338
f 1361 1368 1367
f 1362 1369 1368
f 1363 1370 1369
f 1364 1371 1370
f 1365 1372 1371
f 1366 259 1372
f 338 1367 337
f 1367 1368 1373
f 1368 1369 1374
f 1369 1370 1375
f 1370 1371 1376
f 1371 1372 1377
f 1372 259 260
f 1367 1373 337
f 1368 1374 1373
f 1369 1375 1374
f 1370 1376 1375
f 1371 1377 1376
f 1372 260 1377
f 337 1373 336
f 1373 1374 1378
f 1374 1375 1379
f 1375 1376 1380
f 1376 1377 1381
f 1377 260 261
f 1373 1378 336
f 1374 1379 1378
f 1375 1380 1379
f 1376 1381 1380
f 1377 261 1381
f 336 1378 335
f 1378 1379 1382
f 1379 1380 1383
f 1380 1381 1384
f 1381 261 262
f 1378 1382 335
f 1379 1383 1382
f 1380 1384 1383
f 1381 262 1384
f 335 1382 334
f 1382 1383 1385
f 1383 1384 1386
f 1384 262 263
f 1382 1385 334
f 1383 1386 1385
f 1384 263 1386
f 334 1385 333
f 1385 1386 1387
f 1386 263 264
f 1385 1387 333
f 1386 264 1387
f 333 1387 332
f 1387 264 265
f 1387 265 332
f 332 265 8
f 10 45 78
f 45 44 1388
f 44 43 1389
f 43 42 1390
f 42 41 1391
f 41 40 1392
f 40 39 1393
f 39 38 1394
f 38 37 1395
f 37 36 1396
f 36 35 1397
f 35 9 254
f 45 1388 78
f 44 1389 1388
f 43 1390 1389
f 42 1391 1390
f 41 1392 1391
f 40 1393 1392
f 39 1394 1393
f 38 1395 1394
f 37 1396 1395
f 36 1397 1396
f 35 254 1397
f 78 1388 77
f 1388 1389 1398
f 1389 1390 1399
f 1390 1391 1400
f 1391 1392 1401
f 1392 1393 1402
f 1393 1394 1403
f 1394 1395 1404
f 1395 1396 1405
f 1396 1397 1406
f 1397 254 253
f 1388 1398 77
f 1389 1399 1398
f 1390 1400 1399
f 1391 1401 1400
f 1392 1402 1401
f 1393 1403 1402
f 1394 1404 1403
f 1395 1405 1404
f 1396 1406 1405
f 1397 253 1406
f 77 1398 76
f 1398 1399 1407
f 1399 1400 1408
f 1400 1401 1409
f 1401 1402 1410
f 1402 1403 1411
f 1403 1404 1412
f 1404 1405 1413
f 1405 1406 1414
f 1406 253 252
f 1398 1407 76
f 1399 1408 1407
f 1400 1409 1408
f 1401 1410 1409
f 1402 1411 1410
f 1403 1412 1411
f 1404 1413 1412
f 1405 1414 1413
f 1406 252 1414
f 76 1407 75
f 1407 1408 1415
f 1408 1409 1416
f 1409 1410 1417
f 1410 1411 1418
f 1411 1412 1419
f 1412 1413 1420
f 1413 1414 1421
f 1414 252 251
f 1407 1415 75
f 1408 1416 1415
f 1409 1417 1416
f 1410 1418 1417
f 1411 1419 1418
f 1412 1420 1419
f 1413 1421 1420
f 1414 251 1421
f 75 1415 74
f 1415 1416 1422
f 1416 1417 1423
f 1417 1418 1424
f 1418 1419 1425
f 1419 1420 1426
f 1420 1421 1427
f 1421 251 250
f 1415 1422 74
f 1416 1423 1422
f 1417 1424 1423
f 1418 1425 1424
f 1419 1426 1425
f 1420 1427 1426
f 1421 250 1427
f 74 1422 73
f 1422 1423 1428
f 1423 1424 1429
f 1424 1425 1430
f 1425 1426 1431
f 1426 1427 1432
f 1427 250 249
f 1422 1428 73
f 1423 1429 1428
f 1424 1430 1429
f 1425 1431 1430
f 1426 1432 1431
f 1427 249 1432
f 73 1428 72
f 1428 1429 1433
f 1429 1430 1434
f 1430 1431 1435
f 1431 1432 1436
f 1432 249 248
f 1428 1433 72
f 1429 1434 1433
f 1430 1435 1434
f 1431 1436 1435
f 1432 248 1436
f 72 1433 71
f 1433 1434 1437
f 1434 1435 1438
f 1435 1436 1439
f 1436 248 247
f 1433 1437 71
f 1434 1438 1437
f 1435 1439 1438
f 1436 247 1439
f 71 1437 70
f 1437 1438 1440
f 1438 1439 1441
f 1439 247 246
f 1437 1440 70
f 1438 1441 1440
f 1439 246 1441
f 70 1440 69
f 1440 1441 1442
f 1441 246 245
f 1440 1442 69
f 1441 245 1442
f 69 1442 68
f 1442 245 244
f 1442 244 68
f 68 244 2
