v -0.3054326190990077 -0.4 0.0
v -0.3054326190990077 -0.3843137254901961 0.0
v -0.3054326190990077 -0.3686274509803922 0.0
v -0.3054326190990077 -0.35294117647058826 0.0
v -0.3054326190990077 -0.33725490196078434 0.0
v -0.3054326190990077 -0.3215686274509804 0.0
v -0.3054326190990077 -0.3058823529411765 0.0
v -0.3054326190990077 -0.2901960784313726 0.0
v -0.3054326190990077 -0.27450980392156865 0.0
v -0.3054326190990077 -0.25882352941176473 0.0
v -0.3054326190990077 -0.2431372549019608 0.0
v -0.3054326190990077 -0.2274509803921569 0.0
v -0.3054326190990077 -0.21176470588235297 0.0
v -0.3054326190990077 -0.19607843137254904 0.0
v -0.3054326190990077 -0.18039215686274512 0.0
v -0.3054326190990077 -0.1647058823529412 0.0
v -0.3054326190990077 -0.14901960784313728 0.0
v -0.3054326190990077 -0.13333333333333336 0.0
v -0.3054326190990077 -0.11764705882352944 0.0
v -0.3054326190990077 -0.10196078431372552 0.0
v -0.3054326190990077 -0.0862745098039216 0.0
v -0.3054326190990077 -0.07058823529411767 0.0
v -0.3054326190990077 -0.05490196078431375 0.0
v -0.3054326190990077 -0.03921568627450983 0.0
v -0.3054326190990077 -0.02352941176470591 0.0
v -0.3054326190990077 -0.007843137254901988 0.0
v -0.3054326190990077 0.007843137254901933 0.0
v -0.3054326190990077 0.023529411764705854 0.0
v -0.3054326190990077 0.039215686274509776 0.0
v -0.3054326190990077 0.0549019607843137 0.0
v -0.3054326190990077 0.07058823529411762 0.0
v -0.3054326190990077 0.08627450980392154 0.0
v -0.3054326190990077 0.10196078431372546 0.0
v -0.3054326190990077 0.11764705882352933 0.0
v -0.3054326190990077 0.1333333333333333 0.0
v -0.3054326190990077 0.14901960784313728 0.0
v -0.3054326190990077 0.16470588235294115 0.0
v -0.3054326190990077 0.180392156862745 0.0
v -0.3054326190990077 0.196078431372549 0.0
v -0.3054326190990077 0.21176470588235297 0.0
v -0.3054326190990077 0.22745098039215683 0.0
v -0.3054326190990077 0.2431372549019607 0.0
v -0.3054326190990077 0.2588235294117647 0.0
v -0.3054326190990077 0.27450980392156865 0.0
v -0.3054326190990077 0.2901960784313725 0.0
v -0.3054326190990077 0.3058823529411764 0.0
v -0.3054326190990077 0.32156862745098036 0.0
v -0.3054326190990077 0.33725490196078434 0.0
v -0.3054326190990077 0.3529411764705882 0.0
v -0.3054326190990077 0.36862745098039207 0.0
v -0.3054326190990077 0.38431372549019605 0.0
v -0.3054326190990077 0.4 0.0
v -0.28976940786316113 -0.4 0.0
v -0.28976940786316113 -0.3843137254901961 0.0
v -0.28976940786316113 -0.3686274509803922 0.0
v -0.28976940786316113 -0.35294117647058826 0.0
v -0.28976940786316113 -0.33725490196078434 0.0
v -0.28976940786316113 -0.3215686274509804 0.0
v -0.28976940786316113 -0.3058823529411765 0.0
v -0.28976940786316113 -0.2901960784313726 0.0
v -0.28976940786316113 -0.27450980392156865 0.0
v -0.28976940786316113 -0.25882352941176473 0.0
v -0.28976940786316113 -0.2431372549019608 0.0
v -0.28976940786316113 -0.2274509803921569 0.0
v -0.28976940786316113 -0.21176470588235297 0.0
v -0.28976940786316113 -0.19607843137254904 0.0
v -0.28976940786316113 -0.18039215686274512 0.0
v -0.28976940786316113 -0.1647058823529412 0.0
v -0.28976940786316113 -0.14901960784313728 0.0
v -0.28976940786316113 -0.13333333333333336 0.0
v -0.28976940786316113 -0.11764705882352944 0.0
v -0.28976940786316113 -0.10196078431372552 0.0
v -0.28976940786316113 -0.0862745098039216 0.0
v -0.28976940786316113 -0.07058823529411767 0.0
v -0.28976940786316113 -0.05490196078431375 0.0
v -0.28976940786316113 -0.03921568627450983 0.0
v -0.28976940786316113 -0.02352941176470591 0.0
v -0.28976940786316113 -0.007843137254901988 0.0
v -0.28976940786316113 0.007843137254901933 0.0
v -0.28976940786316113 0.023529411764705854 0.0
v -0.28976940786316113 0.039215686274509776 0.0
v -0.28976940786316113 0.0549019607843137 0.0
v -0.28976940786316113 0.07058823529411762 0.0
v -0.28976940786316113 0.08627450980392154 0.0
v -0.28976940786316113 0.10196078431372546 0.0
v -0.28976940786316113 0.11764705882352933 0.0
v -0.28976940786316113 0.1333333333333333 0.0
v -0.28976940786316113 0.14901960784313728 0.0
v -0.28976940786316113 0.16470588235294115 0.0
v -0.28976940786316113 0.180392156862745 0.0
v -0.28976940786316113 0.196078431372549 0.0
v -0.28976940786316113 0.21176470588235297 0.0
v -0.28976940786316113 0.22745098039215683 0.0
v -0.28976940786316113 0.2431372549019607 0.0
v -0.28976940786316113 0.2588235294117647 0.0
v -0.28976940786316113 0.27450980392156865 0.0
v -0.28976940786316113 0.2901960784313725 0.0
v -0.28976940786316113 0.3058823529411764 0.0
v -0.28976940786316113 0.32156862745098036 0.0
v -0.28976940786316113 0.33725490196078434 0.0
v -0.28976940786316113 0.3529411764705882 0.0
v -0.28976940786316113 0.36862745098039207 0.0
v -0.28976940786316113 0.38431372549019605 0.0
v -0.28976940786316113 0.4 0.0
v -0.2741061966273146 -0.4 0.0
v -0.2741061966273146 -0.3843137254901961 0.0
v -0.2741061966273146 -0.3686274509803922 0.0
v -0.2741061966273146 -0.35294117647058826 0.0
v -0.2741061966273146 -0.33725490196078434 0.0
v -0.2741061966273146 -0.3215686274509804 0.0
v -0.2741061966273146 -0.3058823529411765 0.0
v -0.2741061966273146 -0.2901960784313726 0.0
v -0.2741061966273146 -0.27450980392156865 0.0
v -0.2741061966273146 -0.25882352941176473 0.0
v -0.2741061966273146 -0.2431372549019608 0.0
v -0.2741061966273146 -0.2274509803921569 0.0
v -0.2741061966273146 -0.21176470588235297 0.0
v -0.2741061966273146 -0.19607843137254904 0.0
v -0.2741061966273146 -0.18039215686274512 0.0
v -0.2741061966273146 -0.1647058823529412 0.0
v -0.2741061966273146 -0.14901960784313728 0.0
v -0.2741061966273146 -0.13333333333333336 0.0
v -0.2741061966273146 -0.11764705882352944 0.0
v -0.2741061966273146 -0.10196078431372552 0.0
v -0.2741061966273146 -0.0862745098039216 0.0
v -0.2741061966273146 -0.07058823529411767 0.0
v -0.2741061966273146 -0.05490196078431375 0.0
v -0.2741061966273146 -0.03921568627450983 0.0
v -0.2741061966273146 -0.02352941176470591 0.0
v -0.2741061966273146 -0.007843137254901988 0.0
v -0.2741061966273146 0.007843137254901933 0.0
v -0.2741061966273146 0.023529411764705854 0.0
v -0.2741061966273146 0.039215686274509776 0.0
v -0.2741061966273146 0.0549019607843137 0.0
v -0.2741061966273146 0.07058823529411762 0.0
v -0.2741061966273146 0.08627450980392154 0.0
v -0.2741061966273146 0.10196078431372546 0.0
v -0.2741061966273146 0.11764705882352933 0.0
v -0.2741061966273146 0.1333333333333333 0.0
v -0.2741061966273146 0.14901960784313728 0.0
v -0.2741061966273146 0.16470588235294115 0.0
v -0.2741061966273146 0.180392156862745 0.0
v -0.2741061966273146 0.196078431372549 0.0
v -0.2741061966273146 0.21176470588235297 0.0
v -0.2741061966273146 0.22745098039215683 0.0
v -0.2741061966273146 0.2431372549019607 0.0
v -0.2741061966273146 0.2588235294117647 0.0
v -0.2741061966273146 0.27450980392156865 0.0
v -0.2741061966273146 0.2901960784313725 0.0
v -0.2741061966273146 0.3058823529411764 0.0
v -0.2741061966273146 0.32156862745098036 0.0
v -0.2741061966273146 0.33725490196078434 0.0
v -0.2741061966273146 0.3529411764705882 0.0
v -0.2741061966273146 0.36862745098039207 0.0
v -0.2741061966273146 0.38431372549019605 0.0
v -0.2741061966273146 0.4 0.0
v -0.25844298539146804 -0.4 0.0
v -0.25844298539146804 -0.3843137254901961 0.0
v -0.25844298539146804 -0.3686274509803922 0.0
v -0.25844298539146804 -0.35294117647058826 0.0
v -0.25844298539146804 -0.33725490196078434 0.0
v -0.25844298539146804 -0.3215686274509804 0.0
v -0.25844298539146804 -0.3058823529411765 0.0
v -0.25844298539146804 -0.2901960784313726 0.0
v -0.25844298539146804 -0.27450980392156865 0.0
v -0.25844298539146804 -0.25882352941176473 0.0
v -0.25844298539146804 -0.2431372549019608 0.0
v -0.25844298539146804 -0.2274509803921569 0.0
v -0.25844298539146804 -0.21176470588235297 0.0
v -0.25844298539146804 -0.19607843137254904 0.0
v -0.25844298539146804 -0.18039215686274512 0.0
v -0.25844298539146804 -0.1647058823529412 0.0
v -0.25844298539146804 -0.14901960784313728 0.0
v -0.25844298539146804 -0.13333333333333336 0.0
v -0.25844298539146804 -0.11764705882352944 0.0
v -0.25844298539146804 -0.10196078431372552 0.0
v -0.25844298539146804 -0.0862745098039216 0.0
v -0.25844298539146804 -0.07058823529411767 0.0
v -0.25844298539146804 -0.05490196078431375 0.0
v -0.25844298539146804 -0.03921568627450983 0.0
v -0.25844298539146804 -0.02352941176470591 0.0
v -0.25844298539146804 -0.007843137254901988 0.0
v -0.25844298539146804 0.007843137254901933 0.0
v -0.25844298539146804 0.023529411764705854 0.0
v -0.25844298539146804 0.039215686274509776 0.0
v -0.25844298539146804 0.0549019607843137 0.0
v -0.25844298539146804 0.07058823529411762 0.0
v -0.25844298539146804 0.08627450980392154 0.0
v -0.25844298539146804 0.10196078431372546 0.0
v -0.25844298539146804 0.11764705882352933 0.0
v -0.25844298539146804 0.1333333333333333 0.0
v -0.25844298539146804 0.14901960784313728 0.0
v -0.25844298539146804 0.16470588235294115 0.0
v -0.25844298539146804 0.180392156862745 0.0
v -0.25844298539146804 0.196078431372549 0.0
v -0.25844298539146804 0.21176470588235297 0.0
v -0.25844298539146804 0.22745098039215683 0.0
v -0.25844298539146804 0.2431372549019607 0.0
v -0.25844298539146804 0.2588235294117647 0.0
v -0.25844298539146804 0.27450980392156865 0.0
v -0.25844298539146804 0.2901960784313725 0.0
v -0.25844298539146804 0.3058823529411764 0.0
v -0.25844298539146804 0.32156862745098036 0.0
v -0.25844298539146804 0.33725490196078434 0.0
v -0.25844298539146804 0.3529411764705882 0.0
v -0.25844298539146804 0.36862745098039207 0.0
v -0.25844298539146804 0.38431372549019605 0.0
v -0.25844298539146804 0.4 0.0
v -0.24277977415562152 -0.4 0.0
v -0.24277977415562152 -0.3843137254901961 0.0
v -0.24277977415562152 -0.3686274509803922 0.0
v -0.24277977415562152 -0.35294117647058826 0.0
v -0.24277977415562152 -0.33725490196078434 0.0
v -0.24277977415562152 -0.3215686274509804 0.0
v -0.24277977415562152 -0.3058823529411765 0.0
v -0.24277977415562152 -0.2901960784313726 0.0
v -0.24277977415562152 -0.27450980392156865 0.0
v -0.24277977415562152 -0.25882352941176473 0.0
v -0.24277977415562152 -0.2431372549019608 0.0
v -0.24277977415562152 -0.2274509803921569 0.0
v -0.24277977415562152 -0.21176470588235297 0.0
v -0.24277977415562152 -0.19607843137254904 0.0
v -0.24277977415562152 -0.18039215686274512 0.0
v -0.24277977415562152 -0.1647058823529412 0.0
v -0.24277977415562152 -0.14901960784313728 0.0
v -0.24277977415562152 -0.13333333333333336 0.0
v -0.24277977415562152 -0.11764705882352944 0.0
v -0.24277977415562152 -0.10196078431372552 0.0
v -0.24277977415562152 -0.0862745098039216 0.0
v -0.24277977415562152 -0.07058823529411767 0.0
v -0.24277977415562152 -0.05490196078431375 0.0
v -0.24277977415562152 -0.03921568627450983 0.0
v -0.24277977415562152 -0.02352941176470591 0.0
v -0.24277977415562152 -0.007843137254901988 0.0
v -0.24277977415562152 0.007843137254901933 0.0
v -0.24277977415562152 0.023529411764705854 0.0
v -0.24277977415562152 0.039215686274509776 0.0
v -0.24277977415562152 0.0549019607843137 0.0
v -0.24277977415562152 0.07058823529411762 0.0
v -0.24277977415562152 0.08627450980392154 0.0
v -0.24277977415562152 0.10196078431372546 0.0
v -0.24277977415562152 0.11764705882352933 0.0
v -0.24277977415562152 0.1333333333333333 0.0
v -0.24277977415562152 0.14901960784313728 0.0
v -0.24277977415562152 0.16470588235294115 0.0
v -0.24277977415562152 0.180392156862745 0.0
v -0.24277977415562152 0.196078431372549 0.0
v -0.24277977415562152 0.21176470588235297 0.0
v -0.24277977415562152 0.22745098039215683 0.0
v -0.24277977415562152 0.2431372549019607 0.0
v -0.24277977415562152 0.2588235294117647 0.0
v -0.24277977415562152 0.27450980392156865 0.0
v -0.24277977415562152 0.2901960784313725 0.0
v -0.24277977415562152 0.3058823529411764 0.0
v -0.24277977415562152 0.32156862745098036 0.0
v -0.24277977415562152 0.33725490196078434 0.0
v -0.24277977415562152 0.3529411764705882 0.0
v -0.24277977415562152 0.36862745098039207 0.0
v -0.24277977415562152 0.38431372549019605 0.0
v -0.24277977415562152 0.4 0.0
v -0.22711656291977494 -0.4 0.0
v -0.22711656291977494 -0.3843137254901961 0.0
v -0.22711656291977494 -0.3686274509803922 0.0
v -0.22711656291977494 -0.35294117647058826 0.0
v -0.22711656291977494 -0.33725490196078434 0.0
v -0.22711656291977494 -0.3215686274509804 0.0
v -0.22711656291977494 -0.3058823529411765 0.0
v -0.22711656291977494 -0.2901960784313726 0.0
v -0.22711656291977494 -0.27450980392156865 0.0
v -0.22711656291977494 -0.25882352941176473 0.0
v -0.22711656291977494 -0.2431372549019608 0.0
v -0.22711656291977494 -0.2274509803921569 0.0
v -0.22711656291977494 -0.21176470588235297 0.0
v -0.22711656291977494 -0.19607843137254904 0.0
v -0.22711656291977494 -0.18039215686274512 0.0
v -0.22711656291977494 -0.1647058823529412 0.0
v -0.22711656291977494 -0.14901960784313728 0.0
v -0.22711656291977494 -0.13333333333333336 0.0
v -0.22711656291977494 -0.11764705882352944 0.0
v -0.22711656291977494 -0.10196078431372552 0.0
v -0.22711656291977494 -0.0862745098039216 0.0
v -0.22711656291977494 -0.07058823529411767 0.0
v -0.22711656291977494 -0.05490196078431375 0.0
v -0.22711656291977494 -0.03921568627450983 0.0
v -0.22711656291977494 -0.02352941176470591 0.0
v -0.22711656291977494 -0.007843137254901988 0.0
v -0.22711656291977494 0.007843137254901933 0.0
v -0.22711656291977494 0.023529411764705854 0.0
v -0.22711656291977494 0.039215686274509776 0.0
v -0.22711656291977494 0.0549019607843137 0.0
v -0.22711656291977494 0.07058823529411762 0.0
v -0.22711656291977494 0.08627450980392154 0.0
v -0.22711656291977494 0.10196078431372546 0.0
v -0.22711656291977494 0.11764705882352933 0.0
v -0.22711656291977494 0.1333333333333333 0.0
v -0.22711656291977494 0.14901960784313728 0.0
v -0.22711656291977494 0.16470588235294115 0.0
v -0.22711656291977494 0.180392156862745 0.0
v -0.22711656291977494 0.196078431372549 0.0
v -0.22711656291977494 0.21176470588235297 0.0
v -0.22711656291977494 0.22745098039215683 0.0
v -0.22711656291977494 0.2431372549019607 0.0
v -0.22711656291977494 0.2588235294117647 0.0
v -0.22711656291977494 0.27450980392156865 0.0
v -0.22711656291977494 0.2901960784313725 0.0
v -0.22711656291977494 0.3058823529411764 0.0
v -0.22711656291977494 0.32156862745098036 0.0
v -0.22711656291977494 0.33725490196078434 0.0
v -0.22711656291977494 0.3529411764705882 0.0
v -0.22711656291977494 0.36862745098039207 0.0
v -0.22711656291977494 0.38431372549019605 0.0
v -0.22711656291977494 0.4 0.0
v -0.2114533516839284 -0.4 0.0
v -0.2114533516839284 -0.3843137254901961 0.0
v -0.2114533516839284 -0.3686274509803922 0.0
v -0.2114533516839284 -0.35294117647058826 0.0
v -0.2114533516839284 -0.33725490196078434 0.0
v -0.2114533516839284 -0.3215686274509804 0.0
v -0.2114533516839284 -0.3058823529411765 0.0
v -0.2114533516839284 -0.2901960784313726 0.0
v -0.2114533516839284 -0.27450980392156865 0.0
v -0.2114533516839284 -0.25882352941176473 0.0
v -0.2114533516839284 -0.2431372549019608 0.0
v -0.2114533516839284 -0.2274509803921569 0.0
v -0.2114533516839284 -0.21176470588235297 0.0
v -0.2114533516839284 -0.19607843137254904 0.0
v -0.2114533516839284 -0.18039215686274512 0.0
v -0.2114533516839284 -0.1647058823529412 0.0
v -0.2114533516839284 -0.14901960784313728 0.0
v -0.2114533516839284 -0.13333333333333336 0.0
v -0.2114533516839284 -0.11764705882352944 0.0
v -0.2114533516839284 -0.10196078431372552 0.0
v -0.2114533516839284 -0.0862745098039216 0.0
v -0.2114533516839284 -0.07058823529411767 0.0
v -0.2114533516839284 -0.05490196078431375 0.0
v -0.2114533516839284 -0.03921568627450983 0.0
v -0.2114533516839284 -0.02352941176470591 0.0
v -0.2114533516839284 -0.007843137254901988 0.0
v -0.2114533516839284 0.007843137254901933 0.0
v -0.2114533516839284 0.023529411764705854 0.0
v -0.2114533516839284 0.039215686274509776 0.0
v -0.2114533516839284 0.0549019607843137 0.0
v -0.2114533516839284 0.07058823529411762 0.0
v -0.2114533516839284 0.08627450980392154 0.0
v -0.2114533516839284 0.10196078431372546 0.0
v -0.2114533516839284 0.11764705882352933 0.0
v -0.2114533516839284 0.1333333333333333 0.0
v -0.2114533516839284 0.14901960784313728 0.0
v -0.2114533516839284 0.16470588235294115 0.0
v -0.2114533516839284 0.180392156862745 0.0
v -0.2114533516839284 0.196078431372549 0.0
v -0.2114533516839284 0.21176470588235297 0.0
v -0.2114533516839284 0.22745098039215683 0.0
v -0.2114533516839284 0.2431372549019607 0.0
v -0.2114533516839284 0.2588235294117647 0.0
v -0.2114533516839284 0.27450980392156865 0.0
v -0.2114533516839284 0.2901960784313725 0.0
v -0.2114533516839284 0.3058823529411764 0.0
v -0.2114533516839284 0.32156862745098036 0.0
v -0.2114533516839284 0.33725490196078434 0.0
v -0.2114533516839284 0.3529411764705882 0.0
v -0.2114533516839284 0.36862745098039207 0.0
v -0.2114533516839284 0.38431372549019605 0.0
v -0.2114533516839284 0.4 0.0
v -0.19579014044808185 -0.4 0.0
v -0.19579014044808185 -0.3843137254901961 0.0
v -0.19579014044808185 -0.3686274509803922 0.0
v -0.19579014044808185 -0.35294117647058826 0.0
v -0.19579014044808185 -0.33725490196078434 0.0
v -0.19579014044808185 -0.3215686274509804 0.0
v -0.19579014044808185 -0.3058823529411765 0.0
v -0.19579014044808185 -0.2901960784313726 0.0
v -0.19579014044808185 -0.27450980392156865 0.0
v -0.19579014044808185 -0.25882352941176473 0.0
v -0.19579014044808185 -0.2431372549019608 0.0
v -0.19579014044808185 -0.2274509803921569 0.0
v -0.19579014044808185 -0.21176470588235297 0.0
v -0.19579014044808185 -0.19607843137254904 0.0
v -0.19579014044808185 -0.18039215686274512 0.0
v -0.19579014044808185 -0.1647058823529412 0.0
v -0.19579014044808185 -0.14901960784313728 0.0
v -0.19579014044808185 -0.13333333333333336 0.0
v -0.19579014044808185 -0.11764705882352944 0.0
v -0.19579014044808185 -0.10196078431372552 0.0
v -0.19579014044808185 -0.0862745098039216 0.0
v -0.19579014044808185 -0.07058823529411767 0.0
v -0.19579014044808185 -0.05490196078431375 0.0
v -0.19579014044808185 -0.03921568627450983 0.0
v -0.19579014044808185 -0.02352941176470591 0.0
v -0.19579014044808185 -0.007843137254901988 0.0
v -0.19579014044808185 0.007843137254901933 0.0
v -0.19579014044808185 0.023529411764705854 0.0
v -0.19579014044808185 0.039215686274509776 0.0
v -0.19579014044808185 0.0549019607843137 0.0
v -0.19579014044808185 0.07058823529411762 0.0
v -0.19579014044808185 0.08627450980392154 0.0
v -0.19579014044808185 0.10196078431372546 0.0
v -0.19579014044808185 0.11764705882352933 0.0
v -0.19579014044808185 0.1333333333333333 0.0
v -0.19579014044808185 0.14901960784313728 0.0
v -0.19579014044808185 0.16470588235294115 0.0
v -0.19579014044808185 0.180392156862745 0.0
v -0.19579014044808185 0.196078431372549 0.0
v -0.19579014044808185 0.21176470588235297 0.0
v -0.19579014044808185 0.22745098039215683 0.0
v -0.19579014044808185 0.2431372549019607 0.0
v -0.19579014044808185 0.2588235294117647 0.0
v -0.19579014044808185 0.27450980392156865 0.0
v -0.19579014044808185 0.2901960784313725 0.0
v -0.19579014044808185 0.3058823529411764 0.0
v -0.19579014044808185 0.32156862745098036 0.0
v -0.19579014044808185 0.33725490196078434 0.0
v -0.19579014044808185 0.3529411764705882 0.0
v -0.19579014044808185 0.36862745098039207 0.0
v -0.19579014044808185 0.38431372549019605 0.0
v -0.19579014044808185 0.4 0.0
v -0.1801269292122353 -0.4 0.0
v -0.1801269292122353 -0.3843137254901961 0.0
v -0.1801269292122353 -0.3686274509803922 0.0
v -0.1801269292122353 -0.35294117647058826 0.0
v -0.1801269292122353 -0.33725490196078434 0.0
v -0.1801269292122353 -0.3215686274509804 0.0
v -0.1801269292122353 -0.3058823529411765 0.0
v -0.1801269292122353 -0.2901960784313726 0.0
v -0.1801269292122353 -0.27450980392156865 0.0
v -0.1801269292122353 -0.25882352941176473 0.0
v -0.1801269292122353 -0.2431372549019608 0.0
v -0.1801269292122353 -0.2274509803921569 0.0
v -0.1801269292122353 -0.21176470588235297 0.0
v -0.1801269292122353 -0.19607843137254904 0.0
v -0.1801269292122353 -0.18039215686274512 0.0
v -0.1801269292122353 -0.1647058823529412 0.0
v -0.1801269292122353 -0.14901960784313728 0.0
v -0.1801269292122353 -0.13333333333333336 0.0
v -0.1801269292122353 -0.11764705882352944 0.0
v -0.1801269292122353 -0.10196078431372552 0.0
v -0.1801269292122353 -0.0862745098039216 0.0
v -0.1801269292122353 -0.07058823529411767 0.0
v -0.1801269292122353 -0.05490196078431375 0.0
v -0.1801269292122353 -0.03921568627450983 0.0
v -0.1801269292122353 -0.02352941176470591 0.0
v -0.1801269292122353 -0.007843137254901988 0.0
v -0.1801269292122353 0.007843137254901933 0.0
v -0.1801269292122353 0.023529411764705854 0.0
v -0.1801269292122353 0.039215686274509776 0.0
v -0.1801269292122353 0.0549019607843137 0.0
v -0.1801269292122353 0.07058823529411762 0.0
v -0.1801269292122353 0.08627450980392154 0.0
v -0.1801269292122353 0.10196078431372546 0.0
v -0.1801269292122353 0.11764705882352933 0.0
v -0.1801269292122353 0.1333333333333333 0.0
v -0.1801269292122353 0.14901960784313728 0.0
v -0.1801269292122353 0.16470588235294115 0.0
v -0.1801269292122353 0.180392156862745 0.0
v -0.1801269292122353 0.196078431372549 0.0
v -0.1801269292122353 0.21176470588235297 0.0
v -0.1801269292122353 0.22745098039215683 0.0
v -0.1801269292122353 0.2431372549019607 0.0
v -0.1801269292122353 0.2588235294117647 0.0
v -0.1801269292122353 0.27450980392156865 0.0
v -0.1801269292122353 0.2901960784313725 0.0
v -0.1801269292122353 0.3058823529411764 0.0
v -0.1801269292122353 0.32156862745098036 0.0
v -0.1801269292122353 0.33725490196078434 0.0
v -0.1801269292122353 0.3529411764705882 0.0
v -0.1801269292122353 0.36862745098039207 0.0
v -0.1801269292122353 0.38431372549019605 0.0
v -0.1801269292122353 0.4 0.0
v -0.16446371797638876 -0.4 0.0
v -0.16446371797638876 -0.3843137254901961 0.0
v -0.16446371797638876 -0.3686274509803922 0.0
v -0.16446371797638876 -0.35294117647058826 0.0
v -0.16446371797638876 -0.33725490196078434 0.0
v -0.16446371797638876 -0.3215686274509804 0.0
v -0.16446371797638876 -0.3058823529411765 0.0
v -0.16446371797638876 -0.2901960784313726 0.0
v -0.16446371797638876 -0.27450980392156865 0.0
v -0.16446371797638876 -0.25882352941176473 0.0
v -0.16446371797638876 -0.2431372549019608 0.0
v -0.16446371797638876 -0.2274509803921569 0.0
v -0.16446371797638876 -0.21176470588235297 0.0
v -0.16446371797638876 -0.19607843137254904 0.0
v -0.16446371797638876 -0.18039215686274512 0.0
v -0.16446371797638876 -0.1647058823529412 0.0
v -0.16446371797638876 -0.14901960784313728 0.0
v -0.16446371797638876 -0.13333333333333336 0.0
v -0.16446371797638876 -0.11764705882352944 0.0
v -0.16446371797638876 -0.10196078431372552 0.0
v -0.16446371797638876 -0.0862745098039216 0.0
v -0.16446371797638876 -0.07058823529411767 0.0
v -0.16446371797638876 -0.05490196078431375 0.0
v -0.16446371797638876 -0.03921568627450983 0.0
v -0.16446371797638876 -0.02352941176470591 0.0
v -0.16446371797638876 -0.007843137254901988 0.0
v -0.16446371797638876 0.007843137254901933 0.0
v -0.16446371797638876 0.023529411764705854 0.0
v -0.16446371797638876 0.039215686274509776 0.0
v -0.16446371797638876 0.0549019607843137 0.0
v -0.16446371797638876 0.07058823529411762 0.0
v -0.16446371797638876 0.08627450980392154 0.0
v -0.16446371797638876 0.10196078431372546 0.0
v -0.16446371797638876 0.11764705882352933 0.0
v -0.16446371797638876 0.1333333333333333 0.0
v -0.16446371797638876 0.14901960784313728 0.0
v -0.16446371797638876 0.16470588235294115 0.0
v -0.16446371797638876 0.180392156862745 0.0
v -0.16446371797638876 0.196078431372549 0.0
v -0.16446371797638876 0.21176470588235297 0.0
v -0.16446371797638876 0.22745098039215683 0.0
v -0.16446371797638876 0.2431372549019607 0.0
v -0.16446371797638876 0.2588235294117647 0.0
v -0.16446371797638876 0.27450980392156865 0.0
v -0.16446371797638876 0.2901960784313725 0.0
v -0.16446371797638876 0.3058823529411764 0.0
v -0.16446371797638876 0.32156862745098036 0.0
v -0.16446371797638876 0.33725490196078434 0.0
v -0.16446371797638876 0.3529411764705882 0.0
v -0.16446371797638876 0.36862745098039207 0.0
v -0.16446371797638876 0.38431372549019605 0.0
v -0.16446371797638876 0.4 0.0
v -0.1488005067405422 -0.4 0.0
v -0.1488005067405422 -0.3843137254901961 0.0
v -0.1488005067405422 -0.3686274509803922 0.0
v -0.1488005067405422 -0.35294117647058826 0.0
v -0.1488005067405422 -0.33725490196078434 0.0
v -0.1488005067405422 -0.3215686274509804 0.0
v -0.1488005067405422 -0.3058823529411765 0.0
v -0.1488005067405422 -0.2901960784313726 0.0
v -0.1488005067405422 -0.27450980392156865 0.0
v -0.1488005067405422 -0.25882352941176473 0.0
v -0.1488005067405422 -0.2431372549019608 0.0
v -0.1488005067405422 -0.2274509803921569 0.0
v -0.1488005067405422 -0.21176470588235297 0.0
v -0.1488005067405422 -0.19607843137254904 0.0
v -0.1488005067405422 -0.18039215686274512 0.0
v -0.1488005067405422 -0.1647058823529412 0.0
v -0.1488005067405422 -0.14901960784313728 0.0
v -0.1488005067405422 -0.13333333333333336 0.0
v -0.1488005067405422 -0.11764705882352944 0.0
v -0.1488005067405422 -0.10196078431372552 0.0
v -0.1488005067405422 -0.0862745098039216 0.0
v -0.1488005067405422 -0.07058823529411767 0.0
v -0.1488005067405422 -0.05490196078431375 0.0
v -0.1488005067405422 -0.03921568627450983 0.0
v -0.1488005067405422 -0.02352941176470591 0.0
v -0.1488005067405422 -0.007843137254901988 0.0
v -0.1488005067405422 0.007843137254901933 0.0
v -0.1488005067405422 0.023529411764705854 0.0
v -0.1488005067405422 0.039215686274509776 0.0
v -0.1488005067405422 0.0549019607843137 0.0
v -0.1488005067405422 0.07058823529411762 0.0
v -0.1488005067405422 0.08627450980392154 0.0
v -0.1488005067405422 0.10196078431372546 0.0
v -0.1488005067405422 0.11764705882352933 0.0
v -0.1488005067405422 0.1333333333333333 0.0
v -0.1488005067405422 0.14901960784313728 0.0
v -0.1488005067405422 0.16470588235294115 0.0
v -0.1488005067405422 0.180392156862745 0.0
v -0.1488005067405422 0.196078431372549 0.0
v -0.1488005067405422 0.21176470588235297 0.0
v -0.1488005067405422 0.22745098039215683 0.0
v -0.1488005067405422 0.2431372549019607 0.0
v -0.1488005067405422 0.2588235294117647 0.0
v -0.1488005067405422 0.27450980392156865 0.0
v -0.1488005067405422 0.2901960784313725 0.0
v -0.1488005067405422 0.3058823529411764 0.0
v -0.1488005067405422 0.32156862745098036 0.0
v -0.1488005067405422 0.33725490196078434 0.0
v -0.1488005067405422 0.3529411764705882 0.0
v -0.1488005067405422 0.36862745098039207 0.0
v -0.1488005067405422 0.38431372549019605 0.0
v -0.1488005067405422 0.4 0.0
v -0.13313729550469566 -0.4 0.0
v -0.13313729550469566 -0.3843137254901961 0.0
v -0.13313729550469566 -0.3686274509803922 0.0
v -0.13313729550469566 -0.35294117647058826 0.0
v -0.13313729550469566 -0.33725490196078434 0.0
v -0.13313729550469566 -0.3215686274509804 0.0
v -0.13313729550469566 -0.3058823529411765 0.0
v -0.13313729550469566 -0.2901960784313726 0.0
v -0.13313729550469566 -0.27450980392156865 0.0
v -0.13313729550469566 -0.25882352941176473 0.0
v -0.13313729550469566 -0.2431372549019608 0.0
v -0.13313729550469566 -0.2274509803921569 0.0
v -0.13313729550469566 -0.21176470588235297 0.0
v -0.13313729550469566 -0.19607843137254904 0.0
v -0.13313729550469566 -0.18039215686274512 0.0
v -0.13313729550469566 -0.1647058823529412 0.0
v -0.13313729550469566 -0.14901960784313728 0.0
v -0.13313729550469566 -0.13333333333333336 0.0
v -0.13313729550469566 -0.11764705882352944 0.0
v -0.13313729550469566 -0.10196078431372552 0.0
v -0.13313729550469566 -0.0862745098039216 0.0
v -0.13313729550469566 -0.07058823529411767 0.0
v -0.13313729550469566 -0.05490196078431375 0.0
v -0.13313729550469566 -0.03921568627450983 0.0
v -0.13313729550469566 -0.02352941176470591 0.0
v -0.13313729550469566 -0.007843137254901988 0.0
v -0.13313729550469566 0.007843137254901933 0.0
v -0.13313729550469566 0.023529411764705854 0.0
v -0.13313729550469566 0.039215686274509776 0.0
v -0.13313729550469566 0.0549019607843137 0.0
v -0.13313729550469566 0.07058823529411762 0.0
v -0.13313729550469566 0.08627450980392154 0.0
v -0.13313729550469566 0.10196078431372546 0.0
v -0.13313729550469566 0.11764705882352933 0.0
v -0.13313729550469566 0.1333333333333333 0.0
v -0.13313729550469566 0.14901960784313728 0.0
v -0.13313729550469566 0.16470588235294115 0.0
v -0.13313729550469566 0.180392156862745 0.0
v -0.13313729550469566 0.196078431372549 0.0
v -0.13313729550469566 0.21176470588235297 0.0
v -0.13313729550469566 0.22745098039215683 0.0
v -0.13313729550469566 0.2431372549019607 0.0
v -0.13313729550469566 0.2588235294117647 0.0
v -0.13313729550469566 0.27450980392156865 0.0
v -0.13313729550469566 0.2901960784313725 0.0
v -0.13313729550469566 0.3058823529411764 0.0
v -0.13313729550469566 0.32156862745098036 0.0
v -0.13313729550469566 0.33725490196078434 0.0
v -0.13313729550469566 0.3529411764705882 0.0
v -0.13313729550469566 0.36862745098039207 0.0
v -0.13313729550469566 0.38431372549019605 0.0
v -0.13313729550469566 0.4 0.0
v -0.11747408426884909 -0.4 0.0
v -0.11747408426884909 -0.3843137254901961 0.0
v -0.11747408426884909 -0.3686274509803922 0.0
v -0.11747408426884909 -0.35294117647058826 0.0
v -0.11747408426884909 -0.33725490196078434 0.0
v -0.11747408426884909 -0.3215686274509804 0.0
v -0.11747408426884909 -0.3058823529411765 0.0
v -0.11747408426884909 -0.2901960784313726 0.0
v -0.11747408426884909 -0.27450980392156865 0.0
v -0.11747408426884909 -0.25882352941176473 0.0
v -0.11747408426884909 -0.2431372549019608 0.0
v -0.11747408426884909 -0.2274509803921569 0.0
v -0.11747408426884909 -0.21176470588235297 0.0
v -0.11747408426884909 -0.19607843137254904 0.0
v -0.11747408426884909 -0.18039215686274512 0.0
v -0.11747408426884909 -0.1647058823529412 0.0
v -0.11747408426884909 -0.14901960784313728 0.0
v -0.11747408426884909 -0.13333333333333336 0.0
v -0.11747408426884909 -0.11764705882352944 0.0
v -0.11747408426884909 -0.10196078431372552 0.0
v -0.11747408426884909 -0.0862745098039216 0.0
v -0.11747408426884909 -0.07058823529411767 0.0
v -0.11747408426884909 -0.05490196078431375 0.0
v -0.11747408426884909 -0.03921568627450983 0.0
v -0.11747408426884909 -0.02352941176470591 0.0
v -0.11747408426884909 -0.007843137254901988 0.0
v -0.11747408426884909 0.007843137254901933 0.0
v -0.11747408426884909 0.023529411764705854 0.0
v -0.11747408426884909 0.039215686274509776 0.0
v -0.11747408426884909 0.0549019607843137 0.0
v -0.11747408426884909 0.07058823529411762 0.0
v -0.11747408426884909 0.08627450980392154 0.0
v -0.11747408426884909 0.10196078431372546 0.0
v -0.11747408426884909 0.11764705882352933 0.0
v -0.11747408426884909 0.1333333333333333 0.0
v -0.11747408426884909 0.14901960784313728 0.0
v -0.11747408426884909 0.16470588235294115 0.0
v -0.11747408426884909 0.180392156862745 0.0
v -0.11747408426884909 0.196078431372549 0.0
v -0.11747408426884909 0.21176470588235297 0.0
v -0.11747408426884909 0.22745098039215683 0.0
v -0.11747408426884909 0.2431372549019607 0.0
v -0.11747408426884909 0.2588235294117647 0.0
v -0.11747408426884909 0.27450980392156865 0.0
v -0.11747408426884909 0.2901960784313725 0.0
v -0.11747408426884909 0.3058823529411764 0.0
v -0.11747408426884909 0.32156862745098036 0.0
v -0.11747408426884909 0.33725490196078434 0.0
v -0.11747408426884909 0.3529411764705882 0.0
v -0.11747408426884909 0.36862745098039207 0.0
v -0.11747408426884909 0.38431372549019605 0.0
v -0.11747408426884909 0.4 0.0
v -0.10181087303300254 -0.4 0.0
v -0.10181087303300254 -0.3843137254901961 0.0
v -0.10181087303300254 -0.3686274509803922 0.0
v -0.10181087303300254 -0.35294117647058826 0.0
v -0.10181087303300254 -0.33725490196078434 0.0
v -0.10181087303300254 -0.3215686274509804 0.0
v -0.10181087303300254 -0.3058823529411765 0.0
v -0.10181087303300254 -0.2901960784313726 0.0
v -0.10181087303300254 -0.27450980392156865 0.0
v -0.10181087303300254 -0.25882352941176473 0.0
v -0.10181087303300254 -0.2431372549019608 0.0
v -0.10181087303300254 -0.2274509803921569 0.0
v -0.10181087303300254 -0.21176470588235297 0.0
v -0.10181087303300254 -0.19607843137254904 0.0
v -0.10181087303300254 -0.18039215686274512 0.0
v -0.10181087303300254 -0.1647058823529412 0.0
v -0.10181087303300254 -0.14901960784313728 0.0
v -0.10181087303300254 -0.13333333333333336 0.0
v -0.10181087303300254 -0.11764705882352944 0.0
v -0.10181087303300254 -0.10196078431372552 0.0
v -0.10181087303300254 -0.0862745098039216 0.0
v -0.10181087303300254 -0.07058823529411767 0.0
v -0.10181087303300254 -0.05490196078431375 0.0
v -0.10181087303300254 -0.03921568627450983 0.0
v -0.10181087303300254 -0.02352941176470591 0.0
v -0.10181087303300254 -0.007843137254901988 0.0
v -0.10181087303300254 0.007843137254901933 0.0
v -0.10181087303300254 0.023529411764705854 0.0
v -0.10181087303300254 0.039215686274509776 0.0
v -0.10181087303300254 0.0549019607843137 0.0
v -0.10181087303300254 0.07058823529411762 0.0
v -0.10181087303300254 0.08627450980392154 0.0
v -0.10181087303300254 0.10196078431372546 0.0
v -0.10181087303300254 0.11764705882352933 0.0
v -0.10181087303300254 0.1333333333333333 0.0
v -0.10181087303300254 0.14901960784313728 0.0
v -0.10181087303300254 0.16470588235294115 0.0
v -0.10181087303300254 0.180392156862745 0.0
v -0.10181087303300254 0.196078431372549 0.0
v -0.10181087303300254 0.21176470588235297 0.0
v -0.10181087303300254 0.22745098039215683 0.0
v -0.10181087303300254 0.2431372549019607 0.0
v -0.10181087303300254 0.2588235294117647 0.0
v -0.10181087303300254 0.27450980392156865 0.0
v -0.10181087303300254 0.2901960784313725 0.0
v -0.10181087303300254 0.3058823529411764 0.0
v -0.10181087303300254 0.32156862745098036 0.0
v -0.10181087303300254 0.33725490196078434 0.0
v -0.10181087303300254 0.3529411764705882 0.0
v -0.10181087303300254 0.36862745098039207 0.0
v -0.10181087303300254 0.38431372549019605 0.0
v -0.10181087303300254 0.4 0.0
v -0.086147661797156 -0.4 0.0
v -0.086147661797156 -0.3843137254901961 0.0
v -0.086147661797156 -0.3686274509803922 0.0
v -0.086147661797156 -0.35294117647058826 0.0
v -0.086147661797156 -0.33725490196078434 0.0
v -0.086147661797156 -0.3215686274509804 0.0
v -0.086147661797156 -0.3058823529411765 0.0
v -0.086147661797156 -0.2901960784313726 0.0
v -0.086147661797156 -0.27450980392156865 0.0
v -0.086147661797156 -0.25882352941176473 0.0
v -0.086147661797156 -0.2431372549019608 0.0
v -0.086147661797156 -0.2274509803921569 0.0
v -0.086147661797156 -0.21176470588235297 0.0
v -0.086147661797156 -0.19607843137254904 0.0
v -0.086147661797156 -0.18039215686274512 0.0
v -0.086147661797156 -0.1647058823529412 0.0
v -0.086147661797156 -0.14901960784313728 0.0
v -0.086147661797156 -0.13333333333333336 0.0
v -0.086147661797156 -0.11764705882352944 0.0
v -0.086147661797156 -0.10196078431372552 0.0
v -0.086147661797156 -0.0862745098039216 0.0
v -0.086147661797156 -0.07058823529411767 0.0
v -0.086147661797156 -0.05490196078431375 0.0
v -0.086147661797156 -0.03921568627450983 0.0
v -0.086147661797156 -0.02352941176470591 0.0
v -0.086147661797156 -0.007843137254901988 0.0
v -0.086147661797156 0.007843137254901933 0.0
v -0.086147661797156 0.023529411764705854 0.0
v -0.086147661797156 0.039215686274509776 0.0
v -0.086147661797156 0.0549019607843137 0.0
v -0.086147661797156 0.07058823529411762 0.0
v -0.086147661797156 0.08627450980392154 0.0
v -0.086147661797156 0.10196078431372546 0.0
v -0.086147661797156 0.11764705882352933 0.0
v -0.086147661797156 0.1333333333333333 0.0
v -0.086147661797156 0.14901960784313728 0.0
v -0.086147661797156 0.16470588235294115 0.0
v -0.086147661797156 0.180392156862745 0.0
v -0.086147661797156 0.196078431372549 0.0
v -0.086147661797156 0.21176470588235297 0.0
v -0.086147661797156 0.22745098039215683 0.0
v -0.086147661797156 0.2431372549019607 0.0
v -0.086147661797156 0.2588235294117647 0.0
v -0.086147661797156 0.27450980392156865 0.0
v -0.086147661797156 0.2901960784313725 0.0
v -0.086147661797156 0.3058823529411764 0.0
v -0.086147661797156 0.32156862745098036 0.0
v -0.086147661797156 0.33725490196078434 0.0
v -0.086147661797156 0.3529411764705882 0.0
v -0.086147661797156 0.36862745098039207 0.0
v -0.086147661797156 0.38431372549019605 0.0
v -0.086147661797156 0.4 0.0
v -0.07048445056130945 -0.4 0.0
v -0.07048445056130945 -0.3843137254901961 0.0
v -0.07048445056130945 -0.3686274509803922 0.0
v -0.07048445056130945 -0.35294117647058826 0.0
v -0.07048445056130945 -0.33725490196078434 0.0
v -0.07048445056130945 -0.3215686274509804 0.0
v -0.07048445056130945 -0.3058823529411765 0.0
v -0.07048445056130945 -0.2901960784313726 0.0
v -0.07048445056130945 -0.27450980392156865 0.0
v -0.07048445056130945 -0.25882352941176473 0.0
v -0.07048445056130945 -0.2431372549019608 0.0
v -0.07048445056130945 -0.2274509803921569 0.0
v -0.07048445056130945 -0.21176470588235297 0.0
v -0.07048445056130945 -0.19607843137254904 0.0
v -0.07048445056130945 -0.18039215686274512 0.0
v -0.07048445056130945 -0.1647058823529412 0.0
v -0.07048445056130945 -0.14901960784313728 0.0
v -0.07048445056130945 -0.13333333333333336 0.0
v -0.07048445056130945 -0.11764705882352944 0.0
v -0.07048445056130945 -0.10196078431372552 0.0
v -0.07048445056130945 -0.0862745098039216 0.0
v -0.07048445056130945 -0.07058823529411767 0.0
v -0.07048445056130945 -0.05490196078431375 0.0
v -0.07048445056130945 -0.03921568627450983 0.0
v -0.07048445056130945 -0.02352941176470591 0.0
v -0.07048445056130945 -0.007843137254901988 0.0
v -0.07048445056130945 0.007843137254901933 0.0
v -0.07048445056130945 0.023529411764705854 0.0
v -0.07048445056130945 0.039215686274509776 0.0
v -0.07048445056130945 0.0549019607843137 0.0
v -0.07048445056130945 0.07058823529411762 0.0
v -0.07048445056130945 0.08627450980392154 0.0
v -0.07048445056130945 0.10196078431372546 0.0
v -0.07048445056130945 0.11764705882352933 0.0
v -0.07048445056130945 0.1333333333333333 0.0
v -0.07048445056130945 0.14901960784313728 0.0
v -0.07048445056130945 0.16470588235294115 0.0
v -0.07048445056130945 0.180392156862745 0.0
v -0.07048445056130945 0.196078431372549 0.0
v -0.07048445056130945 0.21176470588235297 0.0
v -0.07048445056130945 0.22745098039215683 0.0
v -0.07048445056130945 0.2431372549019607 0.0
v -0.07048445056130945 0.2588235294117647 0.0
v -0.07048445056130945 0.27450980392156865 0.0
v -0.07048445056130945 0.2901960784313725 0.0
v -0.07048445056130945 0.3058823529411764 0.0
v -0.07048445056130945 0.32156862745098036 0.0
v -0.07048445056130945 0.33725490196078434 0.0
v -0.07048445056130945 0.3529411764705882 0.0
v -0.07048445056130945 0.36862745098039207 0.0
v -0.07048445056130945 0.38431372549019605 0.0
v -0.07048445056130945 0.4 0.0
v -0.0548212393254629 -0.4 0.0
v -0.0548212393254629 -0.3843137254901961 0.0
v -0.0548212393254629 -0.3686274509803922 0.0
v -0.0548212393254629 -0.35294117647058826 0.0
v -0.0548212393254629 -0.33725490196078434 0.0
v -0.0548212393254629 -0.3215686274509804 0.0
v -0.0548212393254629 -0.3058823529411765 0.0
v -0.0548212393254629 -0.2901960784313726 0.0
v -0.0548212393254629 -0.27450980392156865 0.0
v -0.0548212393254629 -0.25882352941176473 0.0
v -0.0548212393254629 -0.2431372549019608 0.0
v -0.0548212393254629 -0.2274509803921569 0.0
v -0.0548212393254629 -0.21176470588235297 0.0
v -0.0548212393254629 -0.19607843137254904 0.0
v -0.0548212393254629 -0.18039215686274512 0.0
v -0.0548212393254629 -0.1647058823529412 0.0
v -0.0548212393254629 -0.14901960784313728 0.0
v -0.0548212393254629 -0.13333333333333336 0.0
v -0.0548212393254629 -0.11764705882352944 0.0
v -0.0548212393254629 -0.10196078431372552 0.0
v -0.0548212393254629 -0.0862745098039216 0.0
v -0.0548212393254629 -0.07058823529411767 0.0
v -0.0548212393254629 -0.05490196078431375 0.0
v -0.0548212393254629 -0.03921568627450983 0.0
v -0.0548212393254629 -0.02352941176470591 0.0
v -0.0548212393254629 -0.007843137254901988 0.0
v -0.0548212393254629 0.007843137254901933 0.0
v -0.0548212393254629 0.023529411764705854 0.0
v -0.0548212393254629 0.039215686274509776 0.0
v -0.0548212393254629 0.0549019607843137 0.0
v -0.0548212393254629 0.07058823529411762 0.0
v -0.0548212393254629 0.08627450980392154 0.0
v -0.0548212393254629 0.10196078431372546 0.0
v -0.0548212393254629 0.11764705882352933 0.0
v -0.0548212393254629 0.1333333333333333 0.0
v -0.0548212393254629 0.14901960784313728 0.0
v -0.0548212393254629 0.16470588235294115 0.0
v -0.0548212393254629 0.180392156862745 0.0
v -0.0548212393254629 0.196078431372549 0.0
v -0.0548212393254629 0.21176470588235297 0.0
v -0.0548212393254629 0.22745098039215683 0.0
v -0.0548212393254629 0.2431372549019607 0.0
v -0.0548212393254629 0.2588235294117647 0.0
v -0.0548212393254629 0.27450980392156865 0.0
v -0.0548212393254629 0.2901960784313725 0.0
v -0.0548212393254629 0.3058823529411764 0.0
v -0.0548212393254629 0.32156862745098036 0.0
v -0.0548212393254629 0.33725490196078434 0.0
v -0.0548212393254629 0.3529411764705882 0.0
v -0.0548212393254629 0.36862745098039207 0.0
v -0.0548212393254629 0.38431372549019605 0.0
v -0.0548212393254629 0.4 0.0
v -0.039158028089616326 -0.4 0.0
v -0.039158028089616326 -0.3843137254901961 0.0
v -0.039158028089616326 -0.3686274509803922 0.0
v -0.039158028089616326 -0.35294117647058826 0.0
v -0.039158028089616326 -0.33725490196078434 0.0
v -0.039158028089616326 -0.3215686274509804 0.0
v -0.039158028089616326 -0.3058823529411765 0.0
v -0.039158028089616326 -0.2901960784313726 0.0
v -0.039158028089616326 -0.27450980392156865 0.0
v -0.039158028089616326 -0.25882352941176473 0.0
v -0.039158028089616326 -0.2431372549019608 0.0
v -0.039158028089616326 -0.2274509803921569 0.0
v -0.039158028089616326 -0.21176470588235297 0.0
v -0.039158028089616326 -0.19607843137254904 0.0
v -0.039158028089616326 -0.18039215686274512 0.0
v -0.039158028089616326 -0.1647058823529412 0.0
v -0.039158028089616326 -0.14901960784313728 0.0
v -0.039158028089616326 -0.13333333333333336 0.0
v -0.039158028089616326 -0.11764705882352944 0.0
v -0.039158028089616326 -0.10196078431372552 0.0
v -0.039158028089616326 -0.0862745098039216 0.0
v -0.039158028089616326 -0.07058823529411767 0.0
v -0.039158028089616326 -0.05490196078431375 0.0
v -0.039158028089616326 -0.03921568627450983 0.0
v -0.039158028089616326 -0.02352941176470591 0.0
v -0.039158028089616326 -0.007843137254901988 0.0
v -0.039158028089616326 0.007843137254901933 0.0
v -0.039158028089616326 0.023529411764705854 0.0
v -0.039158028089616326 0.039215686274509776 0.0
v -0.039158028089616326 0.0549019607843137 0.0
v -0.039158028089616326 0.07058823529411762 0.0
v -0.039158028089616326 0.08627450980392154 0.0
v -0.039158028089616326 0.10196078431372546 0.0
v -0.039158028089616326 0.11764705882352933 0.0
v -0.039158028089616326 0.1333333333333333 0.0
v -0.039158028089616326 0.14901960784313728 0.0
v -0.039158028089616326 0.16470588235294115 0.0
v -0.039158028089616326 0.180392156862745 0.0
v -0.039158028089616326 0.196078431372549 0.0
v -0.039158028089616326 0.21176470588235297 0.0
v -0.039158028089616326 0.22745098039215683 0.0
v -0.039158028089616326 0.2431372549019607 0.0
v -0.039158028089616326 0.2588235294117647 0.0
v -0.039158028089616326 0.27450980392156865 0.0
v -0.039158028089616326 0.2901960784313725 0.0
v -0.039158028089616326 0.3058823529411764 0.0
v -0.039158028089616326 0.32156862745098036 0.0
v -0.039158028089616326 0.33725490196078434 0.0
v -0.039158028089616326 0.3529411764705882 0.0
v -0.039158028089616326 0.36862745098039207 0.0
v -0.039158028089616326 0.38431372549019605 0.0
v -0.039158028089616326 0.4 0.0
v -0.023494816853769807 -0.4 0.0
v -0.023494816853769807 -0.3843137254901961 0.0
v -0.023494816853769807 -0.3686274509803922 0.0
v -0.023494816853769807 -0.35294117647058826 0.0
v -0.023494816853769807 -0.33725490196078434 0.0
v -0.023494816853769807 -0.3215686274509804 0.0
v -0.023494816853769807 -0.3058823529411765 0.0
v -0.023494816853769807 -0.2901960784313726 0.0
v -0.023494816853769807 -0.27450980392156865 0.0
v -0.023494816853769807 -0.25882352941176473 0.0
v -0.023494816853769807 -0.2431372549019608 0.0
v -0.023494816853769807 -0.2274509803921569 0.0
v -0.023494816853769807 -0.21176470588235297 0.0
v -0.023494816853769807 -0.19607843137254904 0.0
v -0.023494816853769807 -0.18039215686274512 0.0
v -0.023494816853769807 -0.1647058823529412 0.0
v -0.023494816853769807 -0.14901960784313728 0.0
v -0.023494816853769807 -0.13333333333333336 0.0
v -0.023494816853769807 -0.11764705882352944 0.0
v -0.023494816853769807 -0.10196078431372552 0.0
v -0.023494816853769807 -0.0862745098039216 0.0
v -0.023494816853769807 -0.07058823529411767 0.0
v -0.023494816853769807 -0.05490196078431375 0.0
v -0.023494816853769807 -0.03921568627450983 0.0
v -0.023494816853769807 -0.02352941176470591 0.0
v -0.023494816853769807 -0.007843137254901988 0.0
v -0.023494816853769807 0.007843137254901933 0.0
v -0.023494816853769807 0.023529411764705854 0.0
v -0.023494816853769807 0.039215686274509776 0.0
v -0.023494816853769807 0.0549019607843137 0.0
v -0.023494816853769807 0.07058823529411762 0.0
v -0.023494816853769807 0.08627450980392154 0.0
v -0.023494816853769807 0.10196078431372546 0.0
v -0.023494816853769807 0.11764705882352933 0.0
v -0.023494816853769807 0.1333333333333333 0.0
v -0.023494816853769807 0.14901960784313728 0.0
v -0.023494816853769807 0.16470588235294115 0.0
v -0.023494816853769807 0.180392156862745 0.0
v -0.023494816853769807 0.196078431372549 0.0
v -0.023494816853769807 0.21176470588235297 0.0
v -0.023494816853769807 0.22745098039215683 0.0
v -0.023494816853769807 0.2431372549019607 0.0
v -0.023494816853769807 0.2588235294117647 0.0
v -0.023494816853769807 0.27450980392156865 0.0
v -0.023494816853769807 0.2901960784313725 0.0
v -0.023494816853769807 0.3058823529411764 0.0
v -0.023494816853769807 0.32156862745098036 0.0
v -0.023494816853769807 0.33725490196078434 0.0
v -0.023494816853769807 0.3529411764705882 0.0
v -0.023494816853769807 0.36862745098039207 0.0
v -0.023494816853769807 0.38431372549019605 0.0
v -0.023494816853769807 0.4 0.0
v -0.007831605617923232 -0.4 0.0
v -0.007831605617923232 -0.3843137254901961 0.0
v -0.007831605617923232 -0.3686274509803922 0.0
v -0.007831605617923232 -0.35294117647058826 0.0
v -0.007831605617923232 -0.33725490196078434 0.0
v -0.007831605617923232 -0.3215686274509804 0.0
v -0.007831605617923232 -0.3058823529411765 0.0
v -0.007831605617923232 -0.2901960784313726 0.0
v -0.007831605617923232 -0.27450980392156865 0.0
v -0.007831605617923232 -0.25882352941176473 0.0
v -0.007831605617923232 -0.2431372549019608 0.0
v -0.007831605617923232 -0.2274509803921569 0.0
v -0.007831605617923232 -0.21176470588235297 0.0
v -0.007831605617923232 -0.19607843137254904 0.0
v -0.007831605617923232 -0.18039215686274512 0.0
v -0.007831605617923232 -0.1647058823529412 0.0
v -0.007831605617923232 -0.14901960784313728 0.0
v -0.007831605617923232 -0.13333333333333336 0.0
v -0.007831605617923232 -0.11764705882352944 0.0
v -0.007831605617923232 -0.10196078431372552 0.0
v -0.007831605617923232 -0.0862745098039216 0.0
v -0.007831605617923232 -0.07058823529411767 0.0
v -0.007831605617923232 -0.05490196078431375 0.0
v -0.007831605617923232 -0.03921568627450983 0.0
v -0.007831605617923232 -0.02352941176470591 0.0
v -0.007831605617923232 -0.007843137254901988 0.0
v -0.007831605617923232 0.007843137254901933 0.0
v -0.007831605617923232 0.023529411764705854 0.0
v -0.007831605617923232 0.039215686274509776 0.0
v -0.007831605617923232 0.0549019607843137 0.0
v -0.007831605617923232 0.07058823529411762 0.0
v -0.007831605617923232 0.08627450980392154 0.0
v -0.007831605617923232 0.10196078431372546 0.0
v -0.007831605617923232 0.11764705882352933 0.0
v -0.007831605617923232 0.1333333333333333 0.0
v -0.007831605617923232 0.14901960784313728 0.0
v -0.007831605617923232 0.16470588235294115 0.0
v -0.007831605617923232 0.180392156862745 0.0
v -0.007831605617923232 0.196078431372549 0.0
v -0.007831605617923232 0.21176470588235297 0.0
v -0.007831605617923232 0.22745098039215683 0.0
v -0.007831605617923232 0.2431372549019607 0.0
v -0.007831605617923232 0.2588235294117647 0.0
v -0.007831605617923232 0.27450980392156865 0.0
v -0.007831605617923232 0.2901960784313725 0.0
v -0.007831605617923232 0.3058823529411764 0.0
v -0.007831605617923232 0.32156862745098036 0.0
v -0.007831605617923232 0.33725490196078434 0.0
v -0.007831605617923232 0.3529411764705882 0.0
v -0.007831605617923232 0.36862745098039207 0.0
v -0.007831605617923232 0.38431372549019605 0.0
v -0.007831605617923232 0.4 0.0
v 0.007831605617923287 -0.4 0.0
v 0.007831605617923287 -0.3843137254901961 0.0
v 0.007831605617923287 -0.3686274509803922 0.0
v 0.007831605617923287 -0.35294117647058826 0.0
v 0.007831605617923287 -0.33725490196078434 0.0
v 0.007831605617923287 -0.3215686274509804 0.0
v 0.007831605617923287 -0.3058823529411765 0.0
v 0.007831605617923287 -0.2901960784313726 0.0
v 0.007831605617923287 -0.27450980392156865 0.0
v 0.007831605617923287 -0.25882352941176473 0.0
v 0.007831605617923287 -0.2431372549019608 0.0
v 0.007831605617923287 -0.2274509803921569 0.0
v 0.007831605617923287 -0.21176470588235297 0.0
v 0.007831605617923287 -0.19607843137254904 0.0
v 0.007831605617923287 -0.18039215686274512 0.0
v 0.007831605617923287 -0.1647058823529412 0.0
v 0.007831605617923287 -0.14901960784313728 0.0
v 0.007831605617923287 -0.13333333333333336 0.0
v 0.007831605617923287 -0.11764705882352944 0.0
v 0.007831605617923287 -0.10196078431372552 0.0
v 0.007831605617923287 -0.0862745098039216 0.0
v 0.007831605617923287 -0.07058823529411767 0.0
v 0.007831605617923287 -0.05490196078431375 0.0
v 0.007831605617923287 -0.03921568627450983 0.0
v 0.007831605617923287 -0.02352941176470591 0.0
v 0.007831605617923287 -0.007843137254901988 0.0
v 0.007831605617923287 0.007843137254901933 0.0
v 0.007831605617923287 0.023529411764705854 0.0
v 0.007831605617923287 0.039215686274509776 0.0
v 0.007831605617923287 0.0549019607843137 0.0
v 0.007831605617923287 0.07058823529411762 0.0
v 0.007831605617923287 0.08627450980392154 0.0
v 0.007831605617923287 0.10196078431372546 0.0
v 0.007831605617923287 0.11764705882352933 0.0
v 0.007831605617923287 0.1333333333333333 0.0
v 0.007831605617923287 0.14901960784313728 0.0
v 0.007831605617923287 0.16470588235294115 0.0
v 0.007831605617923287 0.180392156862745 0.0
v 0.007831605617923287 0.196078431372549 0.0
v 0.007831605617923287 0.21176470588235297 0.0
v 0.007831605617923287 0.22745098039215683 0.0
v 0.007831605617923287 0.2431372549019607 0.0
v 0.007831605617923287 0.2588235294117647 0.0
v 0.007831605617923287 0.27450980392156865 0.0
v 0.007831605617923287 0.2901960784313725 0.0
v 0.007831605617923287 0.3058823529411764 0.0
v 0.007831605617923287 0.32156862745098036 0.0
v 0.007831605617923287 0.33725490196078434 0.0
v 0.007831605617923287 0.3529411764705882 0.0
v 0.007831605617923287 0.36862745098039207 0.0
v 0.007831605617923287 0.38431372549019605 0.0
v 0.007831605617923287 0.4 0.0
v 0.023494816853769862 -0.4 0.0
v 0.023494816853769862 -0.3843137254901961 0.0
v 0.023494816853769862 -0.3686274509803922 0.0
v 0.023494816853769862 -0.35294117647058826 0.0
v 0.023494816853769862 -0.33725490196078434 0.0
v 0.023494816853769862 -0.3215686274509804 0.0
v 0.023494816853769862 -0.3058823529411765 0.0
v 0.023494816853769862 -0.2901960784313726 0.0
v 0.023494816853769862 -0.27450980392156865 0.0
v 0.023494816853769862 -0.25882352941176473 0.0
v 0.023494816853769862 -0.2431372549019608 0.0
v 0.023494816853769862 -0.2274509803921569 0.0
v 0.023494816853769862 -0.21176470588235297 0.0
v 0.023494816853769862 -0.19607843137254904 0.0
v 0.023494816853769862 -0.18039215686274512 0.0
v 0.023494816853769862 -0.1647058823529412 0.0
v 0.023494816853769862 -0.14901960784313728 0.0
v 0.023494816853769862 -0.13333333333333336 0.0
v 0.023494816853769862 -0.11764705882352944 0.0
v 0.023494816853769862 -0.10196078431372552 0.0
v 0.023494816853769862 -0.0862745098039216 0.0
v 0.023494816853769862 -0.07058823529411767 0.0
v 0.023494816853769862 -0.05490196078431375 0.0
v 0.023494816853769862 -0.03921568627450983 0.0
v 0.023494816853769862 -0.02352941176470591 0.0
v 0.023494816853769862 -0.007843137254901988 0.0
v 0.023494816853769862 0.007843137254901933 0.0
v 0.023494816853769862 0.023529411764705854 0.0
v 0.023494816853769862 0.039215686274509776 0.0
v 0.023494816853769862 0.0549019607843137 0.0
v 0.023494816853769862 0.07058823529411762 0.0
v 0.023494816853769862 0.08627450980392154 0.0
v 0.023494816853769862 0.10196078431372546 0.0
v 0.023494816853769862 0.11764705882352933 0.0
v 0.023494816853769862 0.1333333333333333 0.0
v 0.023494816853769862 0.14901960784313728 0.0
v 0.023494816853769862 0.16470588235294115 0.0
v 0.023494816853769862 0.180392156862745 0.0
v 0.023494816853769862 0.196078431372549 0.0
v 0.023494816853769862 0.21176470588235297 0.0
v 0.023494816853769862 0.22745098039215683 0.0
v 0.023494816853769862 0.2431372549019607 0.0
v 0.023494816853769862 0.2588235294117647 0.0
v 0.023494816853769862 0.27450980392156865 0.0
v 0.023494816853769862 0.2901960784313725 0.0
v 0.023494816853769862 0.3058823529411764 0.0
v 0.023494816853769862 0.32156862745098036 0.0
v 0.023494816853769862 0.33725490196078434 0.0
v 0.023494816853769862 0.3529411764705882 0.0
v 0.023494816853769862 0.36862745098039207 0.0
v 0.023494816853769862 0.38431372549019605 0.0
v 0.023494816853769862 0.4 0.0
v 0.03915802808961638 -0.4 0.0
v 0.03915802808961638 -0.3843137254901961 0.0
v 0.03915802808961638 -0.3686274509803922 0.0
v 0.03915802808961638 -0.35294117647058826 0.0
v 0.03915802808961638 -0.33725490196078434 0.0
v 0.03915802808961638 -0.3215686274509804 0.0
v 0.03915802808961638 -0.3058823529411765 0.0
v 0.03915802808961638 -0.2901960784313726 0.0
v 0.03915802808961638 -0.27450980392156865 0.0
v 0.03915802808961638 -0.25882352941176473 0.0
v 0.03915802808961638 -0.2431372549019608 0.0
v 0.03915802808961638 -0.2274509803921569 0.0
v 0.03915802808961638 -0.21176470588235297 0.0
v 0.03915802808961638 -0.19607843137254904 0.0
v 0.03915802808961638 -0.18039215686274512 0.0
v 0.03915802808961638 -0.1647058823529412 0.0
v 0.03915802808961638 -0.14901960784313728 0.0
v 0.03915802808961638 -0.13333333333333336 0.0
v 0.03915802808961638 -0.11764705882352944 0.0
v 0.03915802808961638 -0.10196078431372552 0.0
v 0.03915802808961638 -0.0862745098039216 0.0
v 0.03915802808961638 -0.07058823529411767 0.0
v 0.03915802808961638 -0.05490196078431375 0.0
v 0.03915802808961638 -0.03921568627450983 0.0
v 0.03915802808961638 -0.02352941176470591 0.0
v 0.03915802808961638 -0.007843137254901988 0.0
v 0.03915802808961638 0.007843137254901933 0.0
v 0.03915802808961638 0.023529411764705854 0.0
v 0.03915802808961638 0.039215686274509776 0.0
v 0.03915802808961638 0.0549019607843137 0.0
v 0.03915802808961638 0.07058823529411762 0.0
v 0.03915802808961638 0.08627450980392154 0.0
v 0.03915802808961638 0.10196078431372546 0.0
v 0.03915802808961638 0.11764705882352933 0.0
v 0.03915802808961638 0.1333333333333333 0.0
v 0.03915802808961638 0.14901960784313728 0.0
v 0.03915802808961638 0.16470588235294115 0.0
v 0.03915802808961638 0.180392156862745 0.0
v 0.03915802808961638 0.196078431372549 0.0
v 0.03915802808961638 0.21176470588235297 0.0
v 0.03915802808961638 0.22745098039215683 0.0
v 0.03915802808961638 0.2431372549019607 0.0
v 0.03915802808961638 0.2588235294117647 0.0
v 0.03915802808961638 0.27450980392156865 0.0
v 0.03915802808961638 0.2901960784313725 0.0
v 0.03915802808961638 0.3058823529411764 0.0
v 0.03915802808961638 0.32156862745098036 0.0
v 0.03915802808961638 0.33725490196078434 0.0
v 0.03915802808961638 0.3529411764705882 0.0
v 0.03915802808961638 0.36862745098039207 0.0
v 0.03915802808961638 0.38431372549019605 0.0
v 0.03915802808961638 0.4 0.0
v 0.054821239325462956 -0.4 0.0
v 0.054821239325462956 -0.3843137254901961 0.0
v 0.054821239325462956 -0.3686274509803922 0.0
v 0.054821239325462956 -0.35294117647058826 0.0
v 0.054821239325462956 -0.33725490196078434 0.0
v 0.054821239325462956 -0.3215686274509804 0.0
v 0.054821239325462956 -0.3058823529411765 0.0
v 0.054821239325462956 -0.2901960784313726 0.0
v 0.054821239325462956 -0.27450980392156865 0.0
v 0.054821239325462956 -0.25882352941176473 0.0
v 0.054821239325462956 -0.2431372549019608 0.0
v 0.054821239325462956 -0.2274509803921569 0.0
v 0.054821239325462956 -0.21176470588235297 0.0
v 0.054821239325462956 -0.19607843137254904 0.0
v 0.054821239325462956 -0.18039215686274512 0.0
v 0.054821239325462956 -0.1647058823529412 0.0
v 0.054821239325462956 -0.14901960784313728 0.0
v 0.054821239325462956 -0.13333333333333336 0.0
v 0.054821239325462956 -0.11764705882352944 0.0
v 0.054821239325462956 -0.10196078431372552 0.0
v 0.054821239325462956 -0.0862745098039216 0.0
v 0.054821239325462956 -0.07058823529411767 0.0
v 0.054821239325462956 -0.05490196078431375 0.0
v 0.054821239325462956 -0.03921568627450983 0.0
v 0.054821239325462956 -0.02352941176470591 0.0
v 0.054821239325462956 -0.007843137254901988 0.0
v 0.054821239325462956 0.007843137254901933 0.0
v 0.054821239325462956 0.023529411764705854 0.0
v 0.054821239325462956 0.039215686274509776 0.0
v 0.054821239325462956 0.0549019607843137 0.0
v 0.054821239325462956 0.07058823529411762 0.0
v 0.054821239325462956 0.08627450980392154 0.0
v 0.054821239325462956 0.10196078431372546 0.0
v 0.054821239325462956 0.11764705882352933 0.0
v 0.054821239325462956 0.1333333333333333 0.0
v 0.054821239325462956 0.14901960784313728 0.0
v 0.054821239325462956 0.16470588235294115 0.0
v 0.054821239325462956 0.180392156862745 0.0
v 0.054821239325462956 0.196078431372549 0.0
v 0.054821239325462956 0.21176470588235297 0.0
v 0.054821239325462956 0.22745098039215683 0.0
v 0.054821239325462956 0.2431372549019607 0.0
v 0.054821239325462956 0.2588235294117647 0.0
v 0.054821239325462956 0.27450980392156865 0.0
v 0.054821239325462956 0.2901960784313725 0.0
v 0.054821239325462956 0.3058823529411764 0.0
v 0.054821239325462956 0.32156862745098036 0.0
v 0.054821239325462956 0.33725490196078434 0.0
v 0.054821239325462956 0.3529411764705882 0.0
v 0.054821239325462956 0.36862745098039207 0.0
v 0.054821239325462956 0.38431372549019605 0.0
v 0.054821239325462956 0.4 0.0
v 0.07048445056130953 -0.4 0.0
v 0.07048445056130953 -0.3843137254901961 0.0
v 0.07048445056130953 -0.3686274509803922 0.0
v 0.07048445056130953 -0.35294117647058826 0.0
v 0.07048445056130953 -0.33725490196078434 0.0
v 0.07048445056130953 -0.3215686274509804 0.0
v 0.07048445056130953 -0.3058823529411765 0.0
v 0.07048445056130953 -0.2901960784313726 0.0
v 0.07048445056130953 -0.27450980392156865 0.0
v 0.07048445056130953 -0.25882352941176473 0.0
v 0.07048445056130953 -0.2431372549019608 0.0
v 0.07048445056130953 -0.2274509803921569 0.0
v 0.07048445056130953 -0.21176470588235297 0.0
v 0.07048445056130953 -0.19607843137254904 0.0
v 0.07048445056130953 -0.18039215686274512 0.0
v 0.07048445056130953 -0.1647058823529412 0.0
v 0.07048445056130953 -0.14901960784313728 0.0
v 0.07048445056130953 -0.13333333333333336 0.0
v 0.07048445056130953 -0.11764705882352944 0.0
v 0.07048445056130953 -0.10196078431372552 0.0
v 0.07048445056130953 -0.0862745098039216 0.0
v 0.07048445056130953 -0.07058823529411767 0.0
v 0.07048445056130953 -0.05490196078431375 0.0
v 0.07048445056130953 -0.03921568627450983 0.0
v 0.07048445056130953 -0.02352941176470591 0.0
v 0.07048445056130953 -0.007843137254901988 0.0
v 0.07048445056130953 0.007843137254901933 0.0
v 0.07048445056130953 0.023529411764705854 0.0
v 0.07048445056130953 0.039215686274509776 0.0
v 0.07048445056130953 0.0549019607843137 0.0
v 0.07048445056130953 0.07058823529411762 0.0
v 0.07048445056130953 0.08627450980392154 0.0
v 0.07048445056130953 0.10196078431372546 0.0
v 0.07048445056130953 0.11764705882352933 0.0
v 0.07048445056130953 0.1333333333333333 0.0
v 0.07048445056130953 0.14901960784313728 0.0
v 0.07048445056130953 0.16470588235294115 0.0
v 0.07048445056130953 0.180392156862745 0.0
v 0.07048445056130953 0.196078431372549 0.0
v 0.07048445056130953 0.21176470588235297 0.0
v 0.07048445056130953 0.22745098039215683 0.0
v 0.07048445056130953 0.2431372549019607 0.0
v 0.07048445056130953 0.2588235294117647 0.0
v 0.07048445056130953 0.27450980392156865 0.0
v 0.07048445056130953 0.2901960784313725 0.0
v 0.07048445056130953 0.3058823529411764 0.0
v 0.07048445056130953 0.32156862745098036 0.0
v 0.07048445056130953 0.33725490196078434 0.0
v 0.07048445056130953 0.3529411764705882 0.0
v 0.07048445056130953 0.36862745098039207 0.0
v 0.07048445056130953 0.38431372549019605 0.0
v 0.07048445056130953 0.4 0.0
v 0.08614766179715605 -0.4 0.0
v 0.08614766179715605 -0.3843137254901961 0.0
v 0.08614766179715605 -0.3686274509803922 0.0
v 0.08614766179715605 -0.35294117647058826 0.0
v 0.08614766179715605 -0.33725490196078434 0.0
v 0.08614766179715605 -0.3215686274509804 0.0
v 0.08614766179715605 -0.3058823529411765 0.0
v 0.08614766179715605 -0.2901960784313726 0.0
v 0.08614766179715605 -0.27450980392156865 0.0
v 0.08614766179715605 -0.25882352941176473 0.0
v 0.08614766179715605 -0.2431372549019608 0.0
v 0.08614766179715605 -0.2274509803921569 0.0
v 0.08614766179715605 -0.21176470588235297 0.0
v 0.08614766179715605 -0.19607843137254904 0.0
v 0.08614766179715605 -0.18039215686274512 0.0
v 0.08614766179715605 -0.1647058823529412 0.0
v 0.08614766179715605 -0.14901960784313728 0.0
v 0.08614766179715605 -0.13333333333333336 0.0
v 0.08614766179715605 -0.11764705882352944 0.0
v 0.08614766179715605 -0.10196078431372552 0.0
v 0.08614766179715605 -0.0862745098039216 0.0
v 0.08614766179715605 -0.07058823529411767 0.0
v 0.08614766179715605 -0.05490196078431375 0.0
v 0.08614766179715605 -0.03921568627450983 0.0
v 0.08614766179715605 -0.02352941176470591 0.0
v 0.08614766179715605 -0.007843137254901988 0.0
v 0.08614766179715605 0.007843137254901933 0.0
v 0.08614766179715605 0.023529411764705854 0.0
v 0.08614766179715605 0.039215686274509776 0.0
v 0.08614766179715605 0.0549019607843137 0.0
v 0.08614766179715605 0.07058823529411762 0.0
v 0.08614766179715605 0.08627450980392154 0.0
v 0.08614766179715605 0.10196078431372546 0.0
v 0.08614766179715605 0.11764705882352933 0.0
v 0.08614766179715605 0.1333333333333333 0.0
v 0.08614766179715605 0.14901960784313728 0.0
v 0.08614766179715605 0.16470588235294115 0.0
v 0.08614766179715605 0.180392156862745 0.0
v 0.08614766179715605 0.196078431372549 0.0
v 0.08614766179715605 0.21176470588235297 0.0
v 0.08614766179715605 0.22745098039215683 0.0
v 0.08614766179715605 0.2431372549019607 0.0
v 0.08614766179715605 0.2588235294117647 0.0
v 0.08614766179715605 0.27450980392156865 0.0
v 0.08614766179715605 0.2901960784313725 0.0
v 0.08614766179715605 0.3058823529411764 0.0
v 0.08614766179715605 0.32156862745098036 0.0
v 0.08614766179715605 0.33725490196078434 0.0
v 0.08614766179715605 0.3529411764705882 0.0
v 0.08614766179715605 0.36862745098039207 0.0
v 0.08614766179715605 0.38431372549019605 0.0
v 0.08614766179715605 0.4 0.0
v 0.10181087303300262 -0.4 0.0
v 0.10181087303300262 -0.3843137254901961 0.0
v 0.10181087303300262 -0.3686274509803922 0.0
v 0.10181087303300262 -0.35294117647058826 0.0
v 0.10181087303300262 -0.33725490196078434 0.0
v 0.10181087303300262 -0.3215686274509804 0.0
v 0.10181087303300262 -0.3058823529411765 0.0
v 0.10181087303300262 -0.2901960784313726 0.0
v 0.10181087303300262 -0.27450980392156865 0.0
v 0.10181087303300262 -0.25882352941176473 0.0
v 0.10181087303300262 -0.2431372549019608 0.0
v 0.10181087303300262 -0.2274509803921569 0.0
v 0.10181087303300262 -0.21176470588235297 0.0
v 0.10181087303300262 -0.19607843137254904 0.0
v 0.10181087303300262 -0.18039215686274512 0.0
v 0.10181087303300262 -0.1647058823529412 0.0
v 0.10181087303300262 -0.14901960784313728 0.0
v 0.10181087303300262 -0.13333333333333336 0.0
v 0.10181087303300262 -0.11764705882352944 0.0
v 0.10181087303300262 -0.10196078431372552 0.0
v 0.10181087303300262 -0.0862745098039216 0.0
v 0.10181087303300262 -0.07058823529411767 0.0
v 0.10181087303300262 -0.05490196078431375 0.0
v 0.10181087303300262 -0.03921568627450983 0.0
v 0.10181087303300262 -0.02352941176470591 0.0
v 0.10181087303300262 -0.007843137254901988 0.0
v 0.10181087303300262 0.007843137254901933 0.0
v 0.10181087303300262 0.023529411764705854 0.0
v 0.10181087303300262 0.039215686274509776 0.0
v 0.10181087303300262 0.0549019607843137 0.0
v 0.10181087303300262 0.07058823529411762 0.0
v 0.10181087303300262 0.08627450980392154 0.0
v 0.10181087303300262 0.10196078431372546 0.0
v 0.10181087303300262 0.11764705882352933 0.0
v 0.10181087303300262 0.1333333333333333 0.0
v 0.10181087303300262 0.14901960784313728 0.0
v 0.10181087303300262 0.16470588235294115 0.0
v 0.10181087303300262 0.180392156862745 0.0
v 0.10181087303300262 0.196078431372549 0.0
v 0.10181087303300262 0.21176470588235297 0.0
v 0.10181087303300262 0.22745098039215683 0.0
v 0.10181087303300262 0.2431372549019607 0.0
v 0.10181087303300262 0.2588235294117647 0.0
v 0.10181087303300262 0.27450980392156865 0.0
v 0.10181087303300262 0.2901960784313725 0.0
v 0.10181087303300262 0.3058823529411764 0.0
v 0.10181087303300262 0.32156862745098036 0.0
v 0.10181087303300262 0.33725490196078434 0.0
v 0.10181087303300262 0.3529411764705882 0.0
v 0.10181087303300262 0.36862745098039207 0.0
v 0.10181087303300262 0.38431372549019605 0.0
v 0.10181087303300262 0.4 0.0
v 0.11747408426884914 -0.4 0.0
v 0.11747408426884914 -0.3843137254901961 0.0
v 0.11747408426884914 -0.3686274509803922 0.0
v 0.11747408426884914 -0.35294117647058826 0.0
v 0.11747408426884914 -0.33725490196078434 0.0
v 0.11747408426884914 -0.3215686274509804 0.0
v 0.11747408426884914 -0.3058823529411765 0.0
v 0.11747408426884914 -0.2901960784313726 0.0
v 0.11747408426884914 -0.27450980392156865 0.0
v 0.11747408426884914 -0.25882352941176473 0.0
v 0.11747408426884914 -0.2431372549019608 0.0
v 0.11747408426884914 -0.2274509803921569 0.0
v 0.11747408426884914 -0.21176470588235297 0.0
v 0.11747408426884914 -0.19607843137254904 0.0
v 0.11747408426884914 -0.18039215686274512 0.0
v 0.11747408426884914 -0.1647058823529412 0.0
v 0.11747408426884914 -0.14901960784313728 0.0
v 0.11747408426884914 -0.13333333333333336 0.0
v 0.11747408426884914 -0.11764705882352944 0.0
v 0.11747408426884914 -0.10196078431372552 0.0
v 0.11747408426884914 -0.0862745098039216 0.0
v 0.11747408426884914 -0.07058823529411767 0.0
v 0.11747408426884914 -0.05490196078431375 0.0
v 0.11747408426884914 -0.03921568627450983 0.0
v 0.11747408426884914 -0.02352941176470591 0.0
v 0.11747408426884914 -0.007843137254901988 0.0
v 0.11747408426884914 0.007843137254901933 0.0
v 0.11747408426884914 0.023529411764705854 0.0
v 0.11747408426884914 0.039215686274509776 0.0
v 0.11747408426884914 0.0549019607843137 0.0
v 0.11747408426884914 0.07058823529411762 0.0
v 0.11747408426884914 0.08627450980392154 0.0
v 0.11747408426884914 0.10196078431372546 0.0
v 0.11747408426884914 0.11764705882352933 0.0
v 0.11747408426884914 0.1333333333333333 0.0
v 0.11747408426884914 0.14901960784313728 0.0
v 0.11747408426884914 0.16470588235294115 0.0
v 0.11747408426884914 0.180392156862745 0.0
v 0.11747408426884914 0.196078431372549 0.0
v 0.11747408426884914 0.21176470588235297 0.0
v 0.11747408426884914 0.22745098039215683 0.0
v 0.11747408426884914 0.2431372549019607 0.0
v 0.11747408426884914 0.2588235294117647 0.0
v 0.11747408426884914 0.27450980392156865 0.0
v 0.11747408426884914 0.2901960784313725 0.0
v 0.11747408426884914 0.3058823529411764 0.0
v 0.11747408426884914 0.32156862745098036 0.0
v 0.11747408426884914 0.33725490196078434 0.0
v 0.11747408426884914 0.3529411764705882 0.0
v 0.11747408426884914 0.36862745098039207 0.0
v 0.11747408426884914 0.38431372549019605 0.0
v 0.11747408426884914 0.4 0.0
v 0.13313729550469572 -0.4 0.0
v 0.13313729550469572 -0.3843137254901961 0.0
v 0.13313729550469572 -0.3686274509803922 0.0
v 0.13313729550469572 -0.35294117647058826 0.0
v 0.13313729550469572 -0.33725490196078434 0.0
v 0.13313729550469572 -0.3215686274509804 0.0
v 0.13313729550469572 -0.3058823529411765 0.0
v 0.13313729550469572 -0.2901960784313726 0.0
v 0.13313729550469572 -0.27450980392156865 0.0
v 0.13313729550469572 -0.25882352941176473 0.0
v 0.13313729550469572 -0.2431372549019608 0.0
v 0.13313729550469572 -0.2274509803921569 0.0
v 0.13313729550469572 -0.21176470588235297 0.0
v 0.13313729550469572 -0.19607843137254904 0.0
v 0.13313729550469572 -0.18039215686274512 0.0
v 0.13313729550469572 -0.1647058823529412 0.0
v 0.13313729550469572 -0.14901960784313728 0.0
v 0.13313729550469572 -0.13333333333333336 0.0
v 0.13313729550469572 -0.11764705882352944 0.0
v 0.13313729550469572 -0.10196078431372552 0.0
v 0.13313729550469572 -0.0862745098039216 0.0
v 0.13313729550469572 -0.07058823529411767 0.0
v 0.13313729550469572 -0.05490196078431375 0.0
v 0.13313729550469572 -0.03921568627450983 0.0
v 0.13313729550469572 -0.02352941176470591 0.0
v 0.13313729550469572 -0.007843137254901988 0.0
v 0.13313729550469572 0.007843137254901933 0.0
v 0.13313729550469572 0.023529411764705854 0.0
v 0.13313729550469572 0.039215686274509776 0.0
v 0.13313729550469572 0.0549019607843137 0.0
v 0.13313729550469572 0.07058823529411762 0.0
v 0.13313729550469572 0.08627450980392154 0.0
v 0.13313729550469572 0.10196078431372546 0.0
v 0.13313729550469572 0.11764705882352933 0.0
v 0.13313729550469572 0.1333333333333333 0.0
v 0.13313729550469572 0.14901960784313728 0.0
v 0.13313729550469572 0.16470588235294115 0.0
v 0.13313729550469572 0.180392156862745 0.0
v 0.13313729550469572 0.196078431372549 0.0
v 0.13313729550469572 0.21176470588235297 0.0
v 0.13313729550469572 0.22745098039215683 0.0
v 0.13313729550469572 0.2431372549019607 0.0
v 0.13313729550469572 0.2588235294117647 0.0
v 0.13313729550469572 0.27450980392156865 0.0
v 0.13313729550469572 0.2901960784313725 0.0
v 0.13313729550469572 0.3058823529411764 0.0
v 0.13313729550469572 0.32156862745098036 0.0
v 0.13313729550469572 0.33725490196078434 0.0
v 0.13313729550469572 0.3529411764705882 0.0
v 0.13313729550469572 0.36862745098039207 0.0
v 0.13313729550469572 0.38431372549019605 0.0
v 0.13313729550469572 0.4 0.0
v 0.14880050674054224 -0.4 0.0
v 0.14880050674054224 -0.3843137254901961 0.0
v 0.14880050674054224 -0.3686274509803922 0.0
v 0.14880050674054224 -0.35294117647058826 0.0
v 0.14880050674054224 -0.33725490196078434 0.0
v 0.14880050674054224 -0.3215686274509804 0.0
v 0.14880050674054224 -0.3058823529411765 0.0
v 0.14880050674054224 -0.2901960784313726 0.0
v 0.14880050674054224 -0.27450980392156865 0.0
v 0.14880050674054224 -0.25882352941176473 0.0
v 0.14880050674054224 -0.2431372549019608 0.0
v 0.14880050674054224 -0.2274509803921569 0.0
v 0.14880050674054224 -0.21176470588235297 0.0
v 0.14880050674054224 -0.19607843137254904 0.0
v 0.14880050674054224 -0.18039215686274512 0.0
v 0.14880050674054224 -0.1647058823529412 0.0
v 0.14880050674054224 -0.14901960784313728 0.0
v 0.14880050674054224 -0.13333333333333336 0.0
v 0.14880050674054224 -0.11764705882352944 0.0
v 0.14880050674054224 -0.10196078431372552 0.0
v 0.14880050674054224 -0.0862745098039216 0.0
v 0.14880050674054224 -0.07058823529411767 0.0
v 0.14880050674054224 -0.05490196078431375 0.0
v 0.14880050674054224 -0.03921568627450983 0.0
v 0.14880050674054224 -0.02352941176470591 0.0
v 0.14880050674054224 -0.007843137254901988 0.0
v 0.14880050674054224 0.007843137254901933 0.0
v 0.14880050674054224 0.023529411764705854 0.0
v 0.14880050674054224 0.039215686274509776 0.0
v 0.14880050674054224 0.0549019607843137 0.0
v 0.14880050674054224 0.07058823529411762 0.0
v 0.14880050674054224 0.08627450980392154 0.0
v 0.14880050674054224 0.10196078431372546 0.0
v 0.14880050674054224 0.11764705882352933 0.0
v 0.14880050674054224 0.1333333333333333 0.0
v 0.14880050674054224 0.14901960784313728 0.0
v 0.14880050674054224 0.16470588235294115 0.0
v 0.14880050674054224 0.180392156862745 0.0
v 0.14880050674054224 0.196078431372549 0.0
v 0.14880050674054224 0.21176470588235297 0.0
v 0.14880050674054224 0.22745098039215683 0.0
v 0.14880050674054224 0.2431372549019607 0.0
v 0.14880050674054224 0.2588235294117647 0.0
v 0.14880050674054224 0.27450980392156865 0.0
v 0.14880050674054224 0.2901960784313725 0.0
v 0.14880050674054224 0.3058823529411764 0.0
v 0.14880050674054224 0.32156862745098036 0.0
v 0.14880050674054224 0.33725490196078434 0.0
v 0.14880050674054224 0.3529411764705882 0.0
v 0.14880050674054224 0.36862745098039207 0.0
v 0.14880050674054224 0.38431372549019605 0.0
v 0.14880050674054224 0.4 0.0
v 0.1644637179763888 -0.4 0.0
v 0.1644637179763888 -0.3843137254901961 0.0
v 0.1644637179763888 -0.3686274509803922 0.0
v 0.1644637179763888 -0.35294117647058826 0.0
v 0.1644637179763888 -0.33725490196078434 0.0
v 0.1644637179763888 -0.3215686274509804 0.0
v 0.1644637179763888 -0.3058823529411765 0.0
v 0.1644637179763888 -0.2901960784313726 0.0
v 0.1644637179763888 -0.27450980392156865 0.0
v 0.1644637179763888 -0.25882352941176473 0.0
v 0.1644637179763888 -0.2431372549019608 0.0
v 0.1644637179763888 -0.2274509803921569 0.0
v 0.1644637179763888 -0.21176470588235297 0.0
v 0.1644637179763888 -0.19607843137254904 0.0
v 0.1644637179763888 -0.18039215686274512 0.0
v 0.1644637179763888 -0.1647058823529412 0.0
v 0.1644637179763888 -0.14901960784313728 0.0
v 0.1644637179763888 -0.13333333333333336 0.0
v 0.1644637179763888 -0.11764705882352944 0.0
v 0.1644637179763888 -0.10196078431372552 0.0
v 0.1644637179763888 -0.0862745098039216 0.0
v 0.1644637179763888 -0.07058823529411767 0.0
v 0.1644637179763888 -0.05490196078431375 0.0
v 0.1644637179763888 -0.03921568627450983 0.0
v 0.1644637179763888 -0.02352941176470591 0.0
v 0.1644637179763888 -0.007843137254901988 0.0
v 0.1644637179763888 0.007843137254901933 0.0
v 0.1644637179763888 0.023529411764705854 0.0
v 0.1644637179763888 0.039215686274509776 0.0
v 0.1644637179763888 0.0549019607843137 0.0
v 0.1644637179763888 0.07058823529411762 0.0
v 0.1644637179763888 0.08627450980392154 0.0
v 0.1644637179763888 0.10196078431372546 0.0
v 0.1644637179763888 0.11764705882352933 0.0
v 0.1644637179763888 0.1333333333333333 0.0
v 0.1644637179763888 0.14901960784313728 0.0
v 0.1644637179763888 0.16470588235294115 0.0
v 0.1644637179763888 0.180392156862745 0.0
v 0.1644637179763888 0.196078431372549 0.0
v 0.1644637179763888 0.21176470588235297 0.0
v 0.1644637179763888 0.22745098039215683 0.0
v 0.1644637179763888 0.2431372549019607 0.0
v 0.1644637179763888 0.2588235294117647 0.0
v 0.1644637179763888 0.27450980392156865 0.0
v 0.1644637179763888 0.2901960784313725 0.0
v 0.1644637179763888 0.3058823529411764 0.0
v 0.1644637179763888 0.32156862745098036 0.0
v 0.1644637179763888 0.33725490196078434 0.0
v 0.1644637179763888 0.3529411764705882 0.0
v 0.1644637179763888 0.36862745098039207 0.0
v 0.1644637179763888 0.38431372549019605 0.0
v 0.1644637179763888 0.4 0.0
v 0.18012692921223533 -0.4 0.0
v 0.18012692921223533 -0.3843137254901961 0.0
v 0.18012692921223533 -0.3686274509803922 0.0
v 0.18012692921223533 -0.35294117647058826 0.0
v 0.18012692921223533 -0.33725490196078434 0.0
v 0.18012692921223533 -0.3215686274509804 0.0
v 0.18012692921223533 -0.3058823529411765 0.0
v 0.18012692921223533 -0.2901960784313726 0.0
v 0.18012692921223533 -0.27450980392156865 0.0
v 0.18012692921223533 -0.25882352941176473 0.0
v 0.18012692921223533 -0.2431372549019608 0.0
v 0.18012692921223533 -0.2274509803921569 0.0
v 0.18012692921223533 -0.21176470588235297 0.0
v 0.18012692921223533 -0.19607843137254904 0.0
v 0.18012692921223533 -0.18039215686274512 0.0
v 0.18012692921223533 -0.1647058823529412 0.0
v 0.18012692921223533 -0.14901960784313728 0.0
v 0.18012692921223533 -0.13333333333333336 0.0
v 0.18012692921223533 -0.11764705882352944 0.0
v 0.18012692921223533 -0.10196078431372552 0.0
v 0.18012692921223533 -0.0862745098039216 0.0
v 0.18012692921223533 -0.07058823529411767 0.0
v 0.18012692921223533 -0.05490196078431375 0.0
v 0.18012692921223533 -0.03921568627450983 0.0
v 0.18012692921223533 -0.02352941176470591 0.0
v 0.18012692921223533 -0.007843137254901988 0.0
v 0.18012692921223533 0.007843137254901933 0.0
v 0.18012692921223533 0.023529411764705854 0.0
v 0.18012692921223533 0.039215686274509776 0.0
v 0.18012692921223533 0.0549019607843137 0.0
v 0.18012692921223533 0.07058823529411762 0.0
v 0.18012692921223533 0.08627450980392154 0.0
v 0.18012692921223533 0.10196078431372546 0.0
v 0.18012692921223533 0.11764705882352933 0.0
v 0.18012692921223533 0.1333333333333333 0.0
v 0.18012692921223533 0.14901960784313728 0.0
v 0.18012692921223533 0.16470588235294115 0.0
v 0.18012692921223533 0.180392156862745 0.0
v 0.18012692921223533 0.196078431372549 0.0
v 0.18012692921223533 0.21176470588235297 0.0
v 0.18012692921223533 0.22745098039215683 0.0
v 0.18012692921223533 0.2431372549019607 0.0
v 0.18012692921223533 0.2588235294117647 0.0
v 0.18012692921223533 0.27450980392156865 0.0
v 0.18012692921223533 0.2901960784313725 0.0
v 0.18012692921223533 0.3058823529411764 0.0
v 0.18012692921223533 0.32156862745098036 0.0
v 0.18012692921223533 0.33725490196078434 0.0
v 0.18012692921223533 0.3529411764705882 0.0
v 0.18012692921223533 0.36862745098039207 0.0
v 0.18012692921223533 0.38431372549019605 0.0
v 0.18012692921223533 0.4 0.0
v 0.1957901404480819 -0.4 0.0
v 0.1957901404480819 -0.3843137254901961 0.0
v 0.1957901404480819 -0.3686274509803922 0.0
v 0.1957901404480819 -0.35294117647058826 0.0
v 0.1957901404480819 -0.33725490196078434 0.0
v 0.1957901404480819 -0.3215686274509804 0.0
v 0.1957901404480819 -0.3058823529411765 0.0
v 0.1957901404480819 -0.2901960784313726 0.0
v 0.1957901404480819 -0.27450980392156865 0.0
v 0.1957901404480819 -0.25882352941176473 0.0
v 0.1957901404480819 -0.2431372549019608 0.0
v 0.1957901404480819 -0.2274509803921569 0.0
v 0.1957901404480819 -0.21176470588235297 0.0
v 0.1957901404480819 -0.19607843137254904 0.0
v 0.1957901404480819 -0.18039215686274512 0.0
v 0.1957901404480819 -0.1647058823529412 0.0
v 0.1957901404480819 -0.14901960784313728 0.0
v 0.1957901404480819 -0.13333333333333336 0.0
v 0.1957901404480819 -0.11764705882352944 0.0
v 0.1957901404480819 -0.10196078431372552 0.0
v 0.1957901404480819 -0.0862745098039216 0.0
v 0.1957901404480819 -0.07058823529411767 0.0
v 0.1957901404480819 -0.05490196078431375 0.0
v 0.1957901404480819 -0.03921568627450983 0.0
v 0.1957901404480819 -0.02352941176470591 0.0
v 0.1957901404480819 -0.007843137254901988 0.0
v 0.1957901404480819 0.007843137254901933 0.0
v 0.1957901404480819 0.023529411764705854 0.0
v 0.1957901404480819 0.039215686274509776 0.0
v 0.1957901404480819 0.0549019607843137 0.0
v 0.1957901404480819 0.07058823529411762 0.0
v 0.1957901404480819 0.08627450980392154 0.0
v 0.1957901404480819 0.10196078431372546 0.0
v 0.1957901404480819 0.11764705882352933 0.0
v 0.1957901404480819 0.1333333333333333 0.0
v 0.1957901404480819 0.14901960784313728 0.0
v 0.1957901404480819 0.16470588235294115 0.0
v 0.1957901404480819 0.180392156862745 0.0
v 0.1957901404480819 0.196078431372549 0.0
v 0.1957901404480819 0.21176470588235297 0.0
v 0.1957901404480819 0.22745098039215683 0.0
v 0.1957901404480819 0.2431372549019607 0.0
v 0.1957901404480819 0.2588235294117647 0.0
v 0.1957901404480819 0.27450980392156865 0.0
v 0.1957901404480819 0.2901960784313725 0.0
v 0.1957901404480819 0.3058823529411764 0.0
v 0.1957901404480819 0.32156862745098036 0.0
v 0.1957901404480819 0.33725490196078434 0.0
v 0.1957901404480819 0.3529411764705882 0.0
v 0.1957901404480819 0.36862745098039207 0.0
v 0.1957901404480819 0.38431372549019605 0.0
v 0.1957901404480819 0.4 0.0
v 0.21145335168392848 -0.4 0.0
v 0.21145335168392848 -0.3843137254901961 0.0
v 0.21145335168392848 -0.3686274509803922 0.0
v 0.21145335168392848 -0.35294117647058826 0.0
v 0.21145335168392848 -0.33725490196078434 0.0
v 0.21145335168392848 -0.3215686274509804 0.0
v 0.21145335168392848 -0.3058823529411765 0.0
v 0.21145335168392848 -0.2901960784313726 0.0
v 0.21145335168392848 -0.27450980392156865 0.0
v 0.21145335168392848 -0.25882352941176473 0.0
v 0.21145335168392848 -0.2431372549019608 0.0
v 0.21145335168392848 -0.2274509803921569 0.0
v 0.21145335168392848 -0.21176470588235297 0.0
v 0.21145335168392848 -0.19607843137254904 0.0
v 0.21145335168392848 -0.18039215686274512 0.0
v 0.21145335168392848 -0.1647058823529412 0.0
v 0.21145335168392848 -0.14901960784313728 0.0
v 0.21145335168392848 -0.13333333333333336 0.0
v 0.21145335168392848 -0.11764705882352944 0.0
v 0.21145335168392848 -0.10196078431372552 0.0
v 0.21145335168392848 -0.0862745098039216 0.0
v 0.21145335168392848 -0.07058823529411767 0.0
v 0.21145335168392848 -0.05490196078431375 0.0
v 0.21145335168392848 -0.03921568627450983 0.0
v 0.21145335168392848 -0.02352941176470591 0.0
v 0.21145335168392848 -0.007843137254901988 0.0
v 0.21145335168392848 0.007843137254901933 0.0
v 0.21145335168392848 0.023529411764705854 0.0
v 0.21145335168392848 0.039215686274509776 0.0
v 0.21145335168392848 0.0549019607843137 0.0
v 0.21145335168392848 0.07058823529411762 0.0
v 0.21145335168392848 0.08627450980392154 0.0
v 0.21145335168392848 0.10196078431372546 0.0
v 0.21145335168392848 0.11764705882352933 0.0
v 0.21145335168392848 0.1333333333333333 0.0
v 0.21145335168392848 0.14901960784313728 0.0
v 0.21145335168392848 0.16470588235294115 0.0
v 0.21145335168392848 0.180392156862745 0.0
v 0.21145335168392848 0.196078431372549 0.0
v 0.21145335168392848 0.21176470588235297 0.0
v 0.21145335168392848 0.22745098039215683 0.0
v 0.21145335168392848 0.2431372549019607 0.0
v 0.21145335168392848 0.2588235294117647 0.0
v 0.21145335168392848 0.27450980392156865 0.0
v 0.21145335168392848 0.2901960784313725 0.0
v 0.21145335168392848 0.3058823529411764 0.0
v 0.21145335168392848 0.32156862745098036 0.0
v 0.21145335168392848 0.33725490196078434 0.0
v 0.21145335168392848 0.3529411764705882 0.0
v 0.21145335168392848 0.36862745098039207 0.0
v 0.21145335168392848 0.38431372549019605 0.0
v 0.21145335168392848 0.4 0.0
v 0.22711656291977506 -0.4 0.0
v 0.22711656291977506 -0.3843137254901961 0.0
v 0.22711656291977506 -0.3686274509803922 0.0
v 0.22711656291977506 -0.35294117647058826 0.0
v 0.22711656291977506 -0.33725490196078434 0.0
v 0.22711656291977506 -0.3215686274509804 0.0
v 0.22711656291977506 -0.3058823529411765 0.0
v 0.22711656291977506 -0.2901960784313726 0.0
v 0.22711656291977506 -0.27450980392156865 0.0
v 0.22711656291977506 -0.25882352941176473 0.0
v 0.22711656291977506 -0.2431372549019608 0.0
v 0.22711656291977506 -0.2274509803921569 0.0
v 0.22711656291977506 -0.21176470588235297 0.0
v 0.22711656291977506 -0.19607843137254904 0.0
v 0.22711656291977506 -0.18039215686274512 0.0
v 0.22711656291977506 -0.1647058823529412 0.0
v 0.22711656291977506 -0.14901960784313728 0.0
v 0.22711656291977506 -0.13333333333333336 0.0
v 0.22711656291977506 -0.11764705882352944 0.0
v 0.22711656291977506 -0.10196078431372552 0.0
v 0.22711656291977506 -0.0862745098039216 0.0
v 0.22711656291977506 -0.07058823529411767 0.0
v 0.22711656291977506 -0.05490196078431375 0.0
v 0.22711656291977506 -0.03921568627450983 0.0
v 0.22711656291977506 -0.02352941176470591 0.0
v 0.22711656291977506 -0.007843137254901988 0.0
v 0.22711656291977506 0.007843137254901933 0.0
v 0.22711656291977506 0.023529411764705854 0.0
v 0.22711656291977506 0.039215686274509776 0.0
v 0.22711656291977506 0.0549019607843137 0.0
v 0.22711656291977506 0.07058823529411762 0.0
v 0.22711656291977506 0.08627450980392154 0.0
v 0.22711656291977506 0.10196078431372546 0.0
v 0.22711656291977506 0.11764705882352933 0.0
v 0.22711656291977506 0.1333333333333333 0.0
v 0.22711656291977506 0.14901960784313728 0.0
v 0.22711656291977506 0.16470588235294115 0.0
v 0.22711656291977506 0.180392156862745 0.0
v 0.22711656291977506 0.196078431372549 0.0
v 0.22711656291977506 0.21176470588235297 0.0
v 0.22711656291977506 0.22745098039215683 0.0
v 0.22711656291977506 0.2431372549019607 0.0
v 0.22711656291977506 0.2588235294117647 0.0
v 0.22711656291977506 0.27450980392156865 0.0
v 0.22711656291977506 0.2901960784313725 0.0
v 0.22711656291977506 0.3058823529411764 0.0
v 0.22711656291977506 0.32156862745098036 0.0
v 0.22711656291977506 0.33725490196078434 0.0
v 0.22711656291977506 0.3529411764705882 0.0
v 0.22711656291977506 0.36862745098039207 0.0
v 0.22711656291977506 0.38431372549019605 0.0
v 0.22711656291977506 0.4 0.0
v 0.24277977415562152 -0.4 0.0
v 0.24277977415562152 -0.3843137254901961 0.0
v 0.24277977415562152 -0.3686274509803922 0.0
v 0.24277977415562152 -0.35294117647058826 0.0
v 0.24277977415562152 -0.33725490196078434 0.0
v 0.24277977415562152 -0.3215686274509804 0.0
v 0.24277977415562152 -0.3058823529411765 0.0
v 0.24277977415562152 -0.2901960784313726 0.0
v 0.24277977415562152 -0.27450980392156865 0.0
v 0.24277977415562152 -0.25882352941176473 0.0
v 0.24277977415562152 -0.2431372549019608 0.0
v 0.24277977415562152 -0.2274509803921569 0.0
v 0.24277977415562152 -0.21176470588235297 0.0
v 0.24277977415562152 -0.19607843137254904 0.0
v 0.24277977415562152 -0.18039215686274512 0.0
v 0.24277977415562152 -0.1647058823529412 0.0
v 0.24277977415562152 -0.14901960784313728 0.0
v 0.24277977415562152 -0.13333333333333336 0.0
v 0.24277977415562152 -0.11764705882352944 0.0
v 0.24277977415562152 -0.10196078431372552 0.0
v 0.24277977415562152 -0.0862745098039216 0.0
v 0.24277977415562152 -0.07058823529411767 0.0
v 0.24277977415562152 -0.05490196078431375 0.0
v 0.24277977415562152 -0.03921568627450983 0.0
v 0.24277977415562152 -0.02352941176470591 0.0
v 0.24277977415562152 -0.007843137254901988 0.0
v 0.24277977415562152 0.007843137254901933 0.0
v 0.24277977415562152 0.023529411764705854 0.0
v 0.24277977415562152 0.039215686274509776 0.0
v 0.24277977415562152 0.0549019607843137 0.0
v 0.24277977415562152 0.07058823529411762 0.0
v 0.24277977415562152 0.08627450980392154 0.0
v 0.24277977415562152 0.10196078431372546 0.0
v 0.24277977415562152 0.11764705882352933 0.0
v 0.24277977415562152 0.1333333333333333 0.0
v 0.24277977415562152 0.14901960784313728 0.0
v 0.24277977415562152 0.16470588235294115 0.0
v 0.24277977415562152 0.180392156862745 0.0
v 0.24277977415562152 0.196078431372549 0.0
v 0.24277977415562152 0.21176470588235297 0.0
v 0.24277977415562152 0.22745098039215683 0.0
v 0.24277977415562152 0.2431372549019607 0.0
v 0.24277977415562152 0.2588235294117647 0.0
v 0.24277977415562152 0.27450980392156865 0.0
v 0.24277977415562152 0.2901960784313725 0.0
v 0.24277977415562152 0.3058823529411764 0.0
v 0.24277977415562152 0.32156862745098036 0.0
v 0.24277977415562152 0.33725490196078434 0.0
v 0.24277977415562152 0.3529411764705882 0.0
v 0.24277977415562152 0.36862745098039207 0.0
v 0.24277977415562152 0.38431372549019605 0.0
v 0.24277977415562152 0.4 0.0
v 0.2584429853914681 -0.4 0.0
v 0.2584429853914681 -0.3843137254901961 0.0
v 0.2584429853914681 -0.3686274509803922 0.0
v 0.2584429853914681 -0.35294117647058826 0.0
v 0.2584429853914681 -0.33725490196078434 0.0
v 0.2584429853914681 -0.3215686274509804 0.0
v 0.2584429853914681 -0.3058823529411765 0.0
v 0.2584429853914681 -0.2901960784313726 0.0
v 0.2584429853914681 -0.27450980392156865 0.0
v 0.2584429853914681 -0.25882352941176473 0.0
v 0.2584429853914681 -0.2431372549019608 0.0
v 0.2584429853914681 -0.2274509803921569 0.0
v 0.2584429853914681 -0.21176470588235297 0.0
v 0.2584429853914681 -0.19607843137254904 0.0
v 0.2584429853914681 -0.18039215686274512 0.0
v 0.2584429853914681 -0.1647058823529412 0.0
v 0.2584429853914681 -0.14901960784313728 0.0
v 0.2584429853914681 -0.13333333333333336 0.0
v 0.2584429853914681 -0.11764705882352944 0.0
v 0.2584429853914681 -0.10196078431372552 0.0
v 0.2584429853914681 -0.0862745098039216 0.0
v 0.2584429853914681 -0.07058823529411767 0.0
v 0.2584429853914681 -0.05490196078431375 0.0
v 0.2584429853914681 -0.03921568627450983 0.0
v 0.2584429853914681 -0.02352941176470591 0.0
v 0.2584429853914681 -0.007843137254901988 0.0
v 0.2584429853914681 0.007843137254901933 0.0
v 0.2584429853914681 0.023529411764705854 0.0
v 0.2584429853914681 0.039215686274509776 0.0
v 0.2584429853914681 0.0549019607843137 0.0
v 0.2584429853914681 0.07058823529411762 0.0
v 0.2584429853914681 0.08627450980392154 0.0
v 0.2584429853914681 0.10196078431372546 0.0
v 0.2584429853914681 0.11764705882352933 0.0
v 0.2584429853914681 0.1333333333333333 0.0
v 0.2584429853914681 0.14901960784313728 0.0
v 0.2584429853914681 0.16470588235294115 0.0
v 0.2584429853914681 0.180392156862745 0.0
v 0.2584429853914681 0.196078431372549 0.0
v 0.2584429853914681 0.21176470588235297 0.0
v 0.2584429853914681 0.22745098039215683 0.0
v 0.2584429853914681 0.2431372549019607 0.0
v 0.2584429853914681 0.2588235294117647 0.0
v 0.2584429853914681 0.27450980392156865 0.0
v 0.2584429853914681 0.2901960784313725 0.0
v 0.2584429853914681 0.3058823529411764 0.0
v 0.2584429853914681 0.32156862745098036 0.0
v 0.2584429853914681 0.33725490196078434 0.0
v 0.2584429853914681 0.3529411764705882 0.0
v 0.2584429853914681 0.36862745098039207 0.0
v 0.2584429853914681 0.38431372549019605 0.0
v 0.2584429853914681 0.4 0.0
v 0.27410619662731467 -0.4 0.0
v 0.27410619662731467 -0.3843137254901961 0.0
v 0.27410619662731467 -0.3686274509803922 0.0
v 0.27410619662731467 -0.35294117647058826 0.0
v 0.27410619662731467 -0.33725490196078434 0.0
v 0.27410619662731467 -0.3215686274509804 0.0
v 0.27410619662731467 -0.3058823529411765 0.0
v 0.27410619662731467 -0.2901960784313726 0.0
v 0.27410619662731467 -0.27450980392156865 0.0
v 0.27410619662731467 -0.25882352941176473 0.0
v 0.27410619662731467 -0.2431372549019608 0.0
v 0.27410619662731467 -0.2274509803921569 0.0
v 0.27410619662731467 -0.21176470588235297 0.0
v 0.27410619662731467 -0.19607843137254904 0.0
v 0.27410619662731467 -0.18039215686274512 0.0
v 0.27410619662731467 -0.1647058823529412 0.0
v 0.27410619662731467 -0.14901960784313728 0.0
v 0.27410619662731467 -0.13333333333333336 0.0
v 0.27410619662731467 -0.11764705882352944 0.0
v 0.27410619662731467 -0.10196078431372552 0.0
v 0.27410619662731467 -0.0862745098039216 0.0
v 0.27410619662731467 -0.07058823529411767 0.0
v 0.27410619662731467 -0.05490196078431375 0.0
v 0.27410619662731467 -0.03921568627450983 0.0
v 0.27410619662731467 -0.02352941176470591 0.0
v 0.27410619662731467 -0.007843137254901988 0.0
v 0.27410619662731467 0.007843137254901933 0.0
v 0.27410619662731467 0.023529411764705854 0.0
v 0.27410619662731467 0.039215686274509776 0.0
v 0.27410619662731467 0.0549019607843137 0.0
v 0.27410619662731467 0.07058823529411762 0.0
v 0.27410619662731467 0.08627450980392154 0.0
v 0.27410619662731467 0.10196078431372546 0.0
v 0.27410619662731467 0.11764705882352933 0.0
v 0.27410619662731467 0.1333333333333333 0.0
v 0.27410619662731467 0.14901960784313728 0.0
v 0.27410619662731467 0.16470588235294115 0.0
v 0.27410619662731467 0.180392156862745 0.0
v 0.27410619662731467 0.196078431372549 0.0
v 0.27410619662731467 0.21176470588235297 0.0
v 0.27410619662731467 0.22745098039215683 0.0
v 0.27410619662731467 0.2431372549019607 0.0
v 0.27410619662731467 0.2588235294117647 0.0
v 0.27410619662731467 0.27450980392156865 0.0
v 0.27410619662731467 0.2901960784313725 0.0
v 0.27410619662731467 0.3058823529411764 0.0
v 0.27410619662731467 0.32156862745098036 0.0
v 0.27410619662731467 0.33725490196078434 0.0
v 0.27410619662731467 0.3529411764705882 0.0
v 0.27410619662731467 0.36862745098039207 0.0
v 0.27410619662731467 0.38431372549019605 0.0
v 0.27410619662731467 0.4 0.0
v 0.28976940786316124 -0.4 0.0
v 0.28976940786316124 -0.3843137254901961 0.0
v 0.28976940786316124 -0.3686274509803922 0.0
v 0.28976940786316124 -0.35294117647058826 0.0
v 0.28976940786316124 -0.33725490196078434 0.0
v 0.28976940786316124 -0.3215686274509804 0.0
v 0.28976940786316124 -0.3058823529411765 0.0
v 0.28976940786316124 -0.2901960784313726 0.0
v 0.28976940786316124 -0.27450980392156865 0.0
v 0.28976940786316124 -0.25882352941176473 0.0
v 0.28976940786316124 -0.2431372549019608 0.0
v 0.28976940786316124 -0.2274509803921569 0.0
v 0.28976940786316124 -0.21176470588235297 0.0
v 0.28976940786316124 -0.19607843137254904 0.0
v 0.28976940786316124 -0.18039215686274512 0.0
v 0.28976940786316124 -0.1647058823529412 0.0
v 0.28976940786316124 -0.14901960784313728 0.0
v 0.28976940786316124 -0.13333333333333336 0.0
v 0.28976940786316124 -0.11764705882352944 0.0
v 0.28976940786316124 -0.10196078431372552 0.0
v 0.28976940786316124 -0.0862745098039216 0.0
v 0.28976940786316124 -0.07058823529411767 0.0
v 0.28976940786316124 -0.05490196078431375 0.0
v 0.28976940786316124 -0.03921568627450983 0.0
v 0.28976940786316124 -0.02352941176470591 0.0
v 0.28976940786316124 -0.007843137254901988 0.0
v 0.28976940786316124 0.007843137254901933 0.0
v 0.28976940786316124 0.023529411764705854 0.0
v 0.28976940786316124 0.039215686274509776 0.0
v 0.28976940786316124 0.0549019607843137 0.0
v 0.28976940786316124 0.07058823529411762 0.0
v 0.28976940786316124 0.08627450980392154 0.0
v 0.28976940786316124 0.10196078431372546 0.0
v 0.28976940786316124 0.11764705882352933 0.0
v 0.28976940786316124 0.1333333333333333 0.0
v 0.28976940786316124 0.14901960784313728 0.0
v 0.28976940786316124 0.16470588235294115 0.0
v 0.28976940786316124 0.180392156862745 0.0
v 0.28976940786316124 0.196078431372549 0.0
v 0.28976940786316124 0.21176470588235297 0.0
v 0.28976940786316124 0.22745098039215683 0.0
v 0.28976940786316124 0.2431372549019607 0.0
v 0.28976940786316124 0.2588235294117647 0.0
v 0.28976940786316124 0.27450980392156865 0.0
v 0.28976940786316124 0.2901960784313725 0.0
v 0.28976940786316124 0.3058823529411764 0.0
v 0.28976940786316124 0.32156862745098036 0.0
v 0.28976940786316124 0.33725490196078434 0.0
v 0.28976940786316124 0.3529411764705882 0.0
v 0.28976940786316124 0.36862745098039207 0.0
v 0.28976940786316124 0.38431372549019605 0.0
v 0.28976940786316124 0.4 0.0
v 0.3054326190990077 -0.4 0.0
v 0.3054326190990077 -0.3843137254901961 0.0
v 0.3054326190990077 -0.3686274509803922 0.0
v 0.3054326190990077 -0.35294117647058826 0.0
v 0.3054326190990077 -0.33725490196078434 0.0
v 0.3054326190990077 -0.3215686274509804 0.0
v 0.3054326190990077 -0.3058823529411765 0.0
v 0.3054326190990077 -0.2901960784313726 0.0
v 0.3054326190990077 -0.27450980392156865 0.0
v 0.3054326190990077 -0.25882352941176473 0.0
v 0.3054326190990077 -0.2431372549019608 0.0
v 0.3054326190990077 -0.2274509803921569 0.0
v 0.3054326190990077 -0.21176470588235297 0.0
v 0.3054326190990077 -0.19607843137254904 0.0
v 0.3054326190990077 -0.18039215686274512 0.0
v 0.3054326190990077 -0.1647058823529412 0.0
v 0.3054326190990077 -0.14901960784313728 0.0
v 0.3054326190990077 -0.13333333333333336 0.0
v 0.3054326190990077 -0.11764705882352944 0.0
v 0.3054326190990077 -0.10196078431372552 0.0
v 0.3054326190990077 -0.0862745098039216 0.0
v 0.3054326190990077 -0.07058823529411767 0.0
v 0.3054326190990077 -0.05490196078431375 0.0
v 0.3054326190990077 -0.03921568627450983 0.0
v 0.3054326190990077 -0.02352941176470591 0.0
v 0.3054326190990077 -0.007843137254901988 0.0
v 0.3054326190990077 0.007843137254901933 0.0
v 0.3054326190990077 0.023529411764705854 0.0
v 0.3054326190990077 0.039215686274509776 0.0
v 0.3054326190990077 0.0549019607843137 0.0
v 0.3054326190990077 0.07058823529411762 0.0
v 0.3054326190990077 0.08627450980392154 0.0
v 0.3054326190990077 0.10196078431372546 0.0
v 0.3054326190990077 0.11764705882352933 0.0
v 0.3054326190990077 0.1333333333333333 0.0
v 0.3054326190990077 0.14901960784313728 0.0
v 0.3054326190990077 0.16470588235294115 0.0
v 0.3054326190990077 0.180392156862745 0.0
v 0.3054326190990077 0.196078431372549 0.0
v 0.3054326190990077 0.21176470588235297 0.0
v 0.3054326190990077 0.22745098039215683 0.0
v 0.3054326190990077 0.2431372549019607 0.0
v 0.3054326190990077 0.2588235294117647 0.0
v 0.3054326190990077 0.27450980392156865 0.0
v 0.3054326190990077 0.2901960784313725 0.0
v 0.3054326190990077 0.3058823529411764 0.0
v 0.3054326190990077 0.32156862745098036 0.0
v 0.3054326190990077 0.33725490196078434 0.0
v 0.3054326190990077 0.3529411764705882 0.0
v 0.3054326190990077 0.36862745098039207 0.0
v 0.3054326190990077 0.38431372549019605 0.0
v 0.3054326190990077 0.4 0.0
f 1 54 2
f 1 53 54
f 2 55 3
f 2 54 55
f 3 56 4
f 3 55 56
f 4 57 5
f 4 56 57
f 5 58 6
f 5 57 58
f 6 59 7
f 6 58 59
f 7 60 8
f 7 59 60
f 8 61 9
f 8 60 61
f 9 62 10
f 9 61 62
f 10 63 11
f 10 62 63
f 11 64 12
f 11 63 64
f 12 65 13
f 12 64 65
f 13 66 14
f 13 65 66
f 14 67 15
f 14 66 67
f 15 68 16
f 15 67 68
f 16 69 17
f 16 68 69
f 17 70 18
f 17 69 70
f 18 71 19
f 18 70 71
f 19 72 20
f 19 71 72
f 20 73 21
f 20 72 73
f 21 74 22
f 21 73 74
f 22 75 23
f 22 74 75
f 23 76 24
f 23 75 76
f 24 77 25
f 24 76 77
f 25 78 26
f 25 77 78
f 26 79 27
f 26 78 79
f 27 80 28
f 27 79 80
f 28 81 29
f 28 80 81
f 29 82 30
f 29 81 82
f 30 83 31
f 30 82 83
f 31 84 32
f 31 83 84
f 32 85 33
f 32 84 85
f 33 86 34
f 33 85 86
f 34 87 35
f 34 86 87
f 35 88 36
f 35 87 88
f 36 89 37
f 36 88 89
f 37 90 38
f 37 89 90
f 38 91 39
f 38 90 91
f 39 92 40
f 39 91 92
f 40 93 41
f 40 92 93
f 41 94 42
f 41 93 94
f 42 95 43
f 42 94 95
f 43 96 44
f 43 95 96
f 44 97 45
f 44 96 97
f 45 98 46
f 45 97 98
f 46 99 47
f 46 98 99
f 47 100 48
f 47 99 100
f 48 101 49
f 48 100 101
f 49 102 50
f 49 101 102
f 50 103 51
f 50 102 103
f 51 104 52
f 51 103 104
f 53 106 54
f 53 105 106
f 54 107 55
f 54 106 107
f 55 108 56
f 55 107 108
f 56 109 57
f 56 108 109
f 57 110 58
f 57 109 110
f 58 111 59
f 58 110 111
f 59 112 60
f 59 111 112
f 60 113 61
f 60 112 113
f 61 114 62
f 61 113 114
f 62 115 63
f 62 114 115
f 63 116 64
f 63 115 116
f 64 117 65
f 64 116 117
f 65 118 66
f 65 117 118
f 66 119 67
f 66 118 119
f 67 120 68
f 67 119 120
f 68 121 69
f 68 120 121
f 69 122 70
f 69 121 122
f 70 123 71
f 70 122 123
f 71 124 72
f 71 123 124
f 72 125 73
f 72 124 125
f 73 126 74
f 73 125 126
f 74 127 75
f 74 126 127
f 75 128 76
f 75 127 128
f 76 129 77
f 76 128 129
f 77 130 78
f 77 129 130
f 78 131 79
f 78 130 131
f 79 132 80
f 79 131 132
f 80 133 81
f 80 132 133
f 81 134 82
f 81 133 134
f 82 135 83
f 82 134 135
f 83 136 84
f 83 135 136
f 84 137 85
f 84 136 137
f 85 138 86
f 85 137 138
f 86 139 87
f 86 138 139
f 87 140 88
f 87 139 140
f 88 141 89
f 88 140 141
f 89 142 90
f 89 141 142
f 90 143 91
f 90 142 143
f 91 144 92
f 91 143 144
f 92 145 93
f 92 144 145
f 93 146 94
f 93 145 146
f 94 147 95
f 94 146 147
f 95 148 96
f 95 147 148
f 96 149 97
f 96 148 149
f 97 150 98
f 97 149 150
f 98 151 99
f 98 150 151
f 99 152 100
f 99 151 152
f 100 153 101
f 100 152 153
f 101 154 102
f 101 153 154
f 102 155 103
f 102 154 155
f 103 156 104
f 103 155 156
f 105 158 106
f 105 157 158
f 106 159 107
f 106 158 159
f 107 160 108
f 107 159 160
f 108 161 109
f 108 160 161
f 109 162 110
f 109 161 162
f 110 163 111
f 110 162 163
f 111 164 112
f 111 163 164
f 112 165 113
f 112 164 165
f 113 166 114
f 113 165 166
f 114 167 115
f 114 166 167
f 115 168 116
f 115 167 168
f 116 169 117
f 116 168 169
f 117 170 118
f 117 169 170
f 118 171 119
f 118 170 171
f 119 172 120
f 119 171 172
f 120 173 121
f 120 172 173
f 121 174 122
f 121 173 174
f 122 175 123
f 122 174 175
f 123 176 124
f 123 175 176
f 124 177 125
f 124 176 177
f 125 178 126
f 125 177 178
f 126 179 127
f 126 178 179
f 127 180 128
f 127 179 180
f 128 181 129
f 128 180 181
f 129 182 130
f 129 181 182
f 130 183 131
f 130 182 183
f 131 184 132
f 131 183 184
f 132 185 133
f 132 184 185
f 133 186 134
f 133 185 186
f 134 187 135
f 134 186 187
f 135 188 136
f 135 187 188
f 136 189 137
f 136 188 189
f 137 190 138
f 137 189 190
f 138 191 139
f 138 190 191
f 139 192 140
f 139 191 192
f 140 193 141
f 140 192 193
f 141 194 142
f 141 193 194
f 142 195 143
f 142 194 195
f 143 196 144
f 143 195 196
f 144 197 145
f 144 196 197
f 145 198 146
f 145 197 198
f 146 199 147
f 146 198 199
f 147 200 148
f 147 199 200
f 148 201 149
f 148 200 201
f 149 202 150
f 149 201 202
f 150 203 151
f 150 202 203
f 151 204 152
f 151 203 204
f 152 205 153
f 152 204 205
f 153 206 154
f 153 205 206
f 154 207 155
f 154 206 207
f 155 208 156
f 155 207 208
f 157 210 158
f 157 209 210
f 158 211 159
f 158 210 211
f 159 212 160
f 159 211 212
f 160 213 161
f 160 212 213
f 161 214 162
f 161 213 214
f 162 215 163
f 162 214 215
f 163 216 164
f 163 215 216
f 164 217 165
f 164 216 217
f 165 218 166
f 165 217 218
f 166 219 167
f 166 218 219
f 167 220 168
f 167 219 220
f 168 221 169
f 168 220 221
f 169 222 170
f 169 221 222
f 170 223 171
f 170 222 223
f 171 224 172
f 171 223 224
f 172 225 173
f 172 224 225
f 173 226 174
f 173 225 226
f 174 227 175
f 174 226 227
f 175 228 176
f 175 227 228
f 176 229 177
f 176 228 229
f 177 230 178
f 177 229 230
f 178 231 179
f 178 230 231
f 179 232 180
f 179 231 232
f 180 233 181
f 180 232 233
f 181 234 182
f 181 233 234
f 182 235 183
f 182 234 235
f 183 236 184
f 183 235 236
f 184 237 185
f 184 236 237
f 185 238 186
f 185 237 238
f 186 239 187
f 186 238 239
f 187 240 188
f 187 239 240
f 188 241 189
f 188 240 241
f 189 242 190
f 189 241 242
f 190 243 191
f 190 242 243
f 191 244 192
f 191 243 244
f 192 245 193
f 192 244 245
f 193 246 194
f 193 245 246
f 194 247 195
f 194 246 247
f 195 248 196
f 195 247 248
f 196 249 197
f 196 248 249
f 197 250 198
f 197 249 250
f 198 251 199
f 198 250 251
f 199 252 200
f 199 251 252
f 200 253 201
f 200 252 253
f 201 254 202
f 201 253 254
f 202 255 203
f 202 254 255
f 203 256 204
f 203 255 256
f 204 257 205
f 204 256 257
f 205 258 206
f 205 257 258
f 206 259 207
f 206 258 259
f 207 260 208
f 207 259 260
f 209 262 210
f 209 261 262
f 210 263 211
f 210 262 263
f 211 264 212
f 211 263 264
f 212 265 213
f 212 264 265
f 213 266 214
f 213 265 266
f 214 267 215
f 214 266 267
f 215 268 216
f 215 267 268
f 216 269 217
f 216 268 269
f 217 270 218
f 217 269 270
f 218 271 219
f 218 270 271
f 219 272 220
f 219 271 272
f 220 273 221
f 220 272 273
f 221 274 222
f 221 273 274
f 222 275 223
f 222 274 275
f 223 276 224
f 223 275 276
f 224 277 225
f 224 276 277
f 225 278 226
f 225 277 278
f 226 279 227
f 226 278 279
f 227 280 228
f 227 279 280
f 228 281 229
f 228 280 281
f 229 282 230
f 229 281 282
f 230 283 231
f 230 282 283
f 231 284 232
f 231 283 284
f 232 285 233
f 232 284 285
f 233 286 234
f 233 285 286
f 234 287 235
f 234 286 287
f 235 288 236
f 235 287 288
f 236 289 237
f 236 288 289
f 237 290 238
f 237 289 290
f 238 291 239
f 238 290 291
f 239 292 240
f 239 291 292
f 240 293 241
f 240 292 293
f 241 294 242
f 241 293 294
f 242 295 243
f 242 294 295
f 243 296 244
f 243 295 296
f 244 297 245
f 244 296 297
f 245 298 246
f 245 297 298
f 246 299 247
f 246 298 299
f 247 300 248
f 247 299 300
f 248 301 249
f 248 300 301
f 249 302 250
f 249 301 302
f 250 303 251
f 250 302 303
f 251 304 252
f 251 303 304
f 252 305 253
f 252 304 305
f 253 306 254
f 253 305 306
f 254 307 255
f 254 306 307
f 255 308 256
f 255 307 308
f 256 309 257
f 256 308 309
f 257 310 258
f 257 309 310
f 258 311 259
f 258 310 311
f 259 312 260
f 259 311 312
f 261 314 262
f 261 313 314
f 262 315 263
f 262 314 315
f 263 316 264
f 263 315 316
f 264 317 265
f 264 316 317
f 265 318 266
f 265 317 318
f 266 319 267
f 266 318 319
f 267 320 268
f 267 319 320
f 268 321 269
f 268 320 321
f 269 322 270
f 269 321 322
f 270 323 271
f 270 322 323
f 271 324 272
f 271 323 324
f 272 325 273
f 272 324 325
f 273 326 274
f 273 325 326
f 274 327 275
f 274 326 327
f 275 328 276
f 275 327 328
f 276 329 277
f 276 328 329
f 277 330 278
f 277 329 330
f 278 331 279
f 278 330 331
f 279 332 280
f 279 331 332
f 280 333 281
f 280 332 333
f 281 334 282
f 281 333 334
f 282 335 283
f 282 334 335
f 283 336 284
f 283 335 336
f 284 337 285
f 284 336 337
f 285 338 286
f 285 337 338
f 286 339 287
f 286 338 339
f 287 340 288
f 287 339 340
f 288 341 289
f 288 340 341
f 289 342 290
f 289 341 342
f 290 343 291
f 290 342 343
f 291 344 292
f 291 343 344
f 292 345 293
f 292 344 345
f 293 346 294
f 293 345 346
f 294 347 295
f 294 346 347
f 295 348 296
f 295 347 348
f 296 349 297
f 296 348 349
f 297 350 298
f 297 349 350
f 298 351 299
f 298 350 351
f 299 352 300
f 299 351 352
f 300 353 301
f 300 352 353
f 301 354 302
f 301 353 354
f 302 355 303
f 302 354 355
f 303 356 304
f 303 355 356
f 304 357 305
f 304 356 357
f 305 358 306
f 305 357 358
f 306 359 307
f 306 358 359
f 307 360 308
f 307 359 360
f 308 361 309
f 308 360 361
f 309 362 310
f 309 361 362
f 310 363 311
f 310 362 363
f 311 364 312
f 311 363 364
f 313 366 314
f 313 365 366
f 314 367 315
f 314 366 367
f 315 368 316
f 315 367 368
f 316 369 317
f 316 368 369
f 317 370 318
f 317 369 370
f 318 371 319
f 318 370 371
f 319 372 320
f 319 371 372
f 320 373 321
f 320 372 373
f 321 374 322
f 321 373 374
f 322 375 323
f 322 374 375
f 323 376 324
f 323 375 376
f 324 377 325
f 324 376 377
f 325 378 326
f 325 377 378
f 326 379 327
f 326 378 379
f 327 380 328
f 327 379 380
f 328 381 329
f 328 380 381
f 329 382 330
f 329 381 382
f 330 383 331
f 330 382 383
f 331 384 332
f 331 383 384
f 332 385 333
f 332 384 385
f 333 386 334
f 333 385 386
f 334 387 335
f 334 386 387
f 335 388 336
f 335 387 388
f 336 389 337
f 336 388 389
f 337 390 338
f 337 389 390
f 338 391 339
f 338 390 391
f 339 392 340
f 339 391 392
f 340 393 341
f 340 392 393
f 341 394 342
f 341 393 394
f 342 395 343
f 342 394 395
f 343 396 344
f 343 395 396
f 344 397 345
f 344 396 397
f 345 398 346
f 345 397 398
f 346 399 347
f 346 398 399
f 347 400 348
f 347 399 400
f 348 401 349
f 348 400 401
f 349 402 350
f 349 401 402
f 350 403 351
f 350 402 403
f 351 404 352
f 351 403 404
f 352 405 353
f 352 404 405
f 353 406 354
f 353 405 406
f 354 407 355
f 354 406 407
f 355 408 356
f 355 407 408
f 356 409 357
f 356 408 409
f 357 410 358
f 357 409 410
f 358 411 359
f 358 410 411
f 359 412 360
f 359 411 412
f 360 413 361
f 360 412 413
f 361 414 362
f 361 413 414
f 362 415 363
f 362 414 415
f 363 416 364
f 363 415 416
f 365 418 366
f 365 417 418
f 366 419 367
f 366 418 419
f 367 420 368
f 367 419 420
f 368 421 369
f 368 420 421
f 369 422 370
f 369 421 422
f 370 423 371
f 370 422 423
f 371 424 372
f 371 423 424
f 372 425 373
f 372 424 425
f 373 426 374
f 373 425 426
f 374 427 375
f 374 426 427
f 375 428 376
f 375 427 428
f 376 429 377
f 376 428 429
f 377 430 378
f 377 429 430
f 378 431 379
f 378 430 431
f 379 432 380
f 379 431 432
f 380 433 381
f 380 432 433
f 381 434 382
f 381 433 434
f 382 435 383
f 382 434 435
f 383 436 384
f 383 435 436
f 384 437 385
f 384 436 437
f 385 438 386
f 385 437 438
f 386 439 387
f 386 438 439
f 387 440 388
f 387 439 440
f 388 441 389
f 388 440 441
f 389 442 390
f 389 441 442
f 390 443 391
f 390 442 443
f 391 444 392
f 391 443 444
f 392 445 393
f 392 444 445
f 393 446 394
f 393 445 446
f 394 447 395
f 394 446 447
f 395 448 396
f 395 447 448
f 396 449 397
f 396 448 449
f 397 450 398
f 397 449 450
f 398 451 399
f 398 450 451
f 399 452 400
f 399 451 452
f 400 453 401
f 400 452 453
f 401 454 402
f 401 453 454
f 402 455 403
f 402 454 455
f 403 456 404
f 403 455 456
f 404 457 405
f 404 456 457
f 405 458 406
f 405 457 458
f 406 459 407
f 406 458 459
f 407 460 408
f 407 459 460
f 408 461 409
f 408 460 461
f 409 462 410
f 409 461 462
f 410 463 411
f 410 462 463
f 411 464 412
f 411 463 464
f 412 465 413
f 412 464 465
f 413 466 414
f 413 465 466
f 414 467 415
f 414 466 467
f 415 468 416
f 415 467 468
f 417 470 418
f 417 469 470
f 418 471 419
f 418 470 471
f 419 472 420
f 419 471 472
f 420 473 421
f 420 472 473
f 421 474 422
f 421 473 474
f 422 475 423
f 422 474 475
f 423 476 424
f 423 475 476
f 424 477 425
f 424 476 477
f 425 478 426
f 425 477 478
f 426 479 427
f 426 478 479
f 427 480 428
f 427 479 480
f 428 481 429
f 428 480 481
f 429 482 430
f 429 481 482
f 430 483 431
f 430 482 483
f 431 484 432
f 431 483 484
f 432 485 433
f 432 484 485
f 433 486 434
f 433 485 486
f 434 487 435
f 434 486 487
f 435 488 436
f 435 487 488
f 436 489 437
f 436 488 489
f 437 490 438
f 437 489 490
f 438 491 439
f 438 490 491
f 439 492 440
f 439 491 492
f 440 493 441
f 440 492 493
f 441 494 442
f 441 493 494
f 442 495 443
f 442 494 495
f 443 496 444
f 443 495 496
f 444 497 445
f 444 496 497
f 445 498 446
f 445 497 498
f 446 499 447
f 446 498 499
f 447 500 448
f 447 499 500
f 448 501 449
f 448 500 501
f 449 502 450
f 449 501 502
f 450 503 451
f 450 502 503
f 451 504 452
f 451 503 504
f 452 505 453
f 452 504 505
f 453 506 454
f 453 505 506
f 454 507 455
f 454 506 507
f 455 508 456
f 455 507 508
f 456 509 457
f 456 508 509
f 457 510 458
f 457 509 510
f 458 511 459
f 458 510 511
f 459 512 460
f 459 511 512
f 460 513 461
f 460 512 513
f 461 514 462
f 461 513 514
f 462 515 463
f 462 514 515
f 463 516 464
f 463 515 516
f 464 517 465
f 464 516 517
f 465 518 466
f 465 517 518
f 466 519 467
f 466 518 519
f 467 520 468
f 467 519 520
f 469 522 470
f 469 521 522
f 470 523 471
f 470 522 523
f 471 524 472
f 471 523 524
f 472 525 473
f 472 524 525
f 473 526 474
f 473 525 526
f 474 527 475
f 474 526 527
f 475 528 476
f 475 527 528
f 476 529 477
f 476 528 529
f 477 530 478
f 477 529 530
f 478 531 479
f 478 530 531
f 479 532 480
f 479 531 532
f 480 533 481
f 480 532 533
f 481 534 482
f 481 533 534
f 482 535 483
f 482 534 535
f 483 536 484
f 483 535 536
f 484 537 485
f 484 536 537
f 485 538 486
f 485 537 538
f 486 539 487
f 486 538 539
f 487 540 488
f 487 539 540
f 488 541 489
f 488 540 541
f 489 542 490
f 489 541 542
f 490 543 491
f 490 542 543
f 491 544 492
f 491 543 544
f 492 545 493
f 492 544 545
f 493 546 494
f 493 545 546
f 494 547 495
f 494 546 547
f 495 548 496
f 495 547 548
f 496 549 497
f 496 548 549
f 497 550 498
f 497 549 550
f 498 551 499
f 498 550 551
f 499 552 500
f 499 551 552
f 500 553 501
f 500 552 553
f 501 554 502
f 501 553 554
f 502 555 503
f 502 554 555
f 503 556 504
f 503 555 556
f 504 557 505
f 504 556 557
f 505 558 506
f 505 557 558
f 506 559 507
f 506 558 559
f 507 560 508
f 507 559 560
f 508 561 509
f 508 560 561
f 509 562 510
f 509 561 562
f 510 563 511
f 510 562 563
f 511 564 512
f 511 563 564
f 512 565 513
f 512 564 565
f 513 566 514
f 513 565 566
f 514 567 515
f 514 566 567
f 515 568 516
f 515 567 568
f 516 569 517
f 516 568 569
f 517 570 518
f 517 569 570
f 518 571 519
f 518 570 571
f 519 572 520
f 519 571 572
f 521 574 522
f 521 573 574
f 522 575 523
f 522 574 575
f 523 576 524
f 523 575 576
f 524 577 525
f 524 576 577
f 525 578 526
f 525 577 578
f 526 579 527
f 526 578 579
f 527 580 528
f 527 579 580
f 528 581 529
f 528 580 581
f 529 582 530
f 529 581 582
f 530 583 531
f 530 582 583
f 531 584 532
f 531 583 584
f 532 585 533
f 532 584 585
f 533 586 534
f 533 585 586
f 534 587 535
f 534 586 587
f 535 588 536
f 535 587 588
f 536 589 537
f 536 588 589
f 537 590 538
f 537 589 590
f 538 591 539
f 538 590 591
f 539 592 540
f 539 591 592
f 540 593 541
f 540 592 593
f 541 594 542
f 541 593 594
f 542 595 543
f 542 594 595
f 543 596 544
f 543 595 596
f 544 597 545
f 544 596 597
f 545 598 546
f 545 597 598
f 546 599 547
f 546 598 599
f 547 600 548
f 547 599 600
f 548 601 549
f 548 600 601
f 549 602 550
f 549 601 602
f 550 603 551
f 550 602 603
f 551 604 552
f 551 603 604
f 552 605 553
f 552 604 605
f 553 606 554
f 553 605 606
f 554 607 555
f 554 606 607
f 555 608 556
f 555 607 608
f 556 609 557
f 556 608 609
f 557 610 558
f 557 609 610
f 558 611 559
f 558 610 611
f 559 612 560
f 559 611 612
f 560 613 561
f 560 612 613
f 561 614 562
f 561 613 614
f 562 615 563
f 562 614 615
f 563 616 564
f 563 615 616
f 564 617 565
f 564 616 617
f 565 618 566
f 565 617 618
f 566 619 567
f 566 618 619
f 567 620 568
f 567 619 620
f 568 621 569
f 568 620 621
f 569 622 570
f 569 621 622
f 570 623 571
f 570 622 623
f 571 624 572
f 571 623 624
f 573 626 574
f 573 625 626
f 574 627 575
f 574 626 627
f 575 628 576
f 575 627 628
f 576 629 577
f 576 628 629
f 577 630 578
f 577 629 630
f 578 631 579
f 578 630 631
f 579 632 580
f 579 631 632
f 580 633 581
f 580 632 633
f 581 634 582
f 581 633 634
f 582 635 583
f 582 634 635
f 583 636 584
f 583 635 636
f 584 637 585
f 584 636 637
f 585 638 586
f 585 637 638
f 586 639 587
f 586 638 639
f 587 640 588
f 587 639 640
f 588 641 589
f 588 640 641
f 589 642 590
f 589 641 642
f 590 643 591
f 590 642 643
f 591 644 592
f 591 643 644
f 592 645 593
f 592 644 645
f 593 646 594
f 593 645 646
f 594 647 595
f 594 646 647
f 595 648 596
f 595 647 648
f 596 649 597
f 596 648 649
f 597 650 598
f 597 649 650
f 598 651 599
f 598 650 651
f 599 652 600
f 599 651 652
f 600 653 601
f 600 652 653
f 601 654 602
f 601 653 654
f 602 655 603
f 602 654 655
f 603 656 604
f 603 655 656
f 604 657 605
f 604 656 657
f 605 658 606
f 605 657 658
f 606 659 607
f 606 658 659
f 607 660 608
f 607 659 660
f 608 661 609
f 608 660 661
f 609 662 610
f 609 661 662
f 610 663 611
f 610 662 663
f 611 664 612
f 611 663 664
f 612 665 613
f 612 664 665
f 613 666 614
f 613 665 666
f 614 667 615
f 614 666 667
f 615 668 616
f 615 667 668
f 616 669 617
f 616 668 669
f 617 670 618
f 617 669 670
f 618 671 619
f 618 670 671
f 619 672 620
f 619 671 672
f 620 673 621
f 620 672 673
f 621 674 622
f 621 673 674
f 622 675 623
f 622 674 675
f 623 676 624
f 623 675 676
f 625 678 626
f 625 677 678
f 626 679 627
f 626 678 679
f 627 680 628
f 627 679 680
f 628 681 629
f 628 680 681
f 629 682 630
f 629 681 682
f 630 683 631
f 630 682 683
f 631 684 632
f 631 683 684
f 632 685 633
f 632 684 685
f 633 686 634
f 633 685 686
f 634 687 635
f 634 686 687
f 635 688 636
f 635 687 688
f 636 689 637
f 636 688 689
f 637 690 638
f 637 689 690
f 638 691 639
f 638 690 691
f 639 692 640
f 639 691 692
f 640 693 641
f 640 692 693
f 641 694 642
f 641 693 694
f 642 695 643
f 642 694 695
f 643 696 644
f 643 695 696
f 644 697 645
f 644 696 697
f 645 698 646
f 645 697 698
f 646 699 647
f 646 698 699
f 647 700 648
f 647 699 700
f 648 701 649
f 648 700 701
f 649 702 650
f 649 701 702
f 650 703 651
f 650 702 703
f 651 704 652
f 651 703 704
f 652 705 653
f 652 704 705
f 653 706 654
f 653 705 706
f 654 707 655
f 654 706 707
f 655 708 656
f 655 707 708
f 656 709 657
f 656 708 709
f 657 710 658
f 657 709 710
f 658 711 659
f 658 710 711
f 659 712 660
f 659 711 712
f 660 713 661
f 660 712 713
f 661 714 662
f 661 713 714
f 662 715 663
f 662 714 715
f 663 716 664
f 663 715 716
f 664 717 665
f 664 716 717
f 665 718 666
f 665 717 718
f 666 719 667
f 666 718 719
f 667 720 668
f 667 719 720
f 668 721 669
f 668 720 721
f 669 722 670
f 669 721 722
f 670 723 671
f 670 722 723
f 671 724 672
f 671 723 724
f 672 725 673
f 672 724 725
f 673 726 674
f 673 725 726
f 674 727 675
f 674 726 727
f 675 728 676
f 675 727 728
f 677 730 678
f 677 729 730
f 678 731 679
f 678 730 731
f 679 732 680
f 679 731 732
f 680 733 681
f 680 732 733
f 681 734 682
f 681 733 734
f 682 735 683
f 682 734 735
f 683 736 684
f 683 735 736
f 684 737 685
f 684 736 737
f 685 738 686
f 685 737 738
f 686 739 687
f 686 738 739
f 687 740 688
f 687 739 740
f 688 741 689
f 688 740 741
f 689 742 690
f 689 741 742
f 690 743 691
f 690 742 743
f 691 744 692
f 691 743 744
f 692 745 693
f 692 744 745
f 693 746 694
f 693 745 746
f 694 747 695
f 694 746 747
f 695 748 696
f 695 747 748
f 696 749 697
f 696 748 749
f 697 750 698
f 697 749 750
f 698 751 699
f 698 750 751
f 699 752 700
f 699 751 752
f 700 753 701
f 700 752 753
f 701 754 702
f 701 753 754
f 702 755 703
f 702 754 755
f 703 756 704
f 703 755 756
f 704 757 705
f 704 756 757
f 705 758 706
f 705 757 758
f 706 759 707
f 706 758 759
f 707 760 708
f 707 759 760
f 708 761 709
f 708 760 761
f 709 762 710
f 709 761 762
f 710 763 711
f 710 762 763
f 711 764 712
f 711 763 764
f 712 765 713
f 712 764 765
f 713 766 714
f 713 765 766
f 714 767 715
f 714 766 767
f 715 768 716
f 715 767 768
f 716 769 717
f 716 768 769
f 717 770 718
f 717 769 770
f 718 771 719
f 718 770 771
f 719 772 720
f 719 771 772
f 720 773 721
f 720 772 773
f 721 774 722
f 721 773 774
f 722 775 723
f 722 774 775
f 723 776 724
f 723 775 776
f 724 777 725
f 724 776 777
f 725 778 726
f 725 777 778
f 726 779 727
f 726 778 779
f 727 780 728
f 727 779 780
f 729 782 730
f 729 781 782
f 730 783 731
f 730 782 783
f 731 784 732
f 731 783 784
f 732 785 733
f 732 784 785
f 733 786 734
f 733 785 786
f 734 787 735
f 734 786 787
f 735 788 736
f 735 787 788
f 736 789 737
f 736 788 789
f 737 790 738
f 737 789 790
f 738 791 739
f 738 790 791
f 739 792 740
f 739 791 792
f 740 793 741
f 740 792 793
f 741 794 742
f 741 793 794
f 742 795 743
f 742 794 795
f 743 796 744
f 743 795 796
f 744 797 745
f 744 796 797
f 745 798 746
f 745 797 798
f 746 799 747
f 746 798 799
f 747 800 748
f 747 799 800
f 748 801 749
f 748 800 801
f 749 802 750
f 749 801 802
f 750 803 751
f 750 802 803
f 751 804 752
f 751 803 804
f 752 805 753
f 752 804 805
f 753 806 754
f 753 805 806
f 754 807 755
f 754 806 807
f 755 808 756
f 755 807 808
f 756 809 757
f 756 808 809
f 757 810 758
f 757 809 810
f 758 811 759
f 758 810 811
f 759 812 760
f 759 811 812
f 760 813 761
f 760 812 813
f 761 814 762
f 761 813 814
f 762 815 763
f 762 814 815
f 763 816 764
f 763 815 816
f 764 817 765
f 764 816 817
f 765 818 766
f 765 817 818
f 766 819 767
f 766 818 819
f 767 820 768
f 767 819 820
f 768 821 769
f 768 820 821
f 769 822 770
f 769 821 822
f 770 823 771
f 770 822 823
f 771 824 772
f 771 823 824
f 772 825 773
f 772 824 825
f 773 826 774
f 773 825 826
f 774 827 775
f 774 826 827
f 775 828 776
f 775 827 828
f 776 829 777
f 776 828 829
f 777 830 778
f 777 829 830
f 778 831 779
f 778 830 831
f 779 832 780
f 779 831 832
f 781 834 782
f 781 833 834
f 782 835 783
f 782 834 835
f 783 836 784
f 783 835 836
f 784 837 785
f 784 836 837
f 785 838 786
f 785 837 838
f 786 839 787
f 786 838 839
f 787 840 788
f 787 839 840
f 788 841 789
f 788 840 841
f 789 842 790
f 789 841 842
f 790 843 791
f 790 842 843
f 791 844 792
f 791 843 844
f 792 845 793
f 792 844 845
f 793 846 794
f 793 845 846
f 794 847 795
f 794 846 847
f 795 848 796
f 795 847 848
f 796 849 797
f 796 848 849
f 797 850 798
f 797 849 850
f 798 851 799
f 798 850 851
f 799 852 800
f 799 851 852
f 800 853 801
f 800 852 853
f 801 854 802
f 801 853 854
f 802 855 803
f 802 854 855
f 803 856 804
f 803 855 856
f 804 857 805
f 804 856 857
f 805 858 806
f 805 857 858
f 806 859 807
f 806 858 859
f 807 860 808
f 807 859 860
f 808 861 809
f 808 860 861
f 809 862 810
f 809 861 862
f 810 863 811
f 810 862 863
f 811 864 812
f 811 863 864
f 812 865 813
f 812 864 865
f 813 866 814
f 813 865 866
f 814 867 815
f 814 866 867
f 815 868 816
f 815 867 868
f 816 869 817
f 816 868 869
f 817 870 818
f 817 869 870
f 818 871 819
f 818 870 871
f 819 872 820
f 819 871 872
f 820 873 821
f 820 872 873
f 821 874 822
f 821 873 874
f 822 875 823
f 822 874 875
f 823 876 824
f 823 875 876
f 824 877 825
f 824 876 877
f 825 878 826
f 825 877 878
f 826 879 827
f 826 878 879
f 827 880 828
f 827 879 880
f 828 881 829
f 828 880 881
f 829 882 830
f 829 881 882
f 830 883 831
f 830 882 883
f 831 884 832
f 831 883 884
f 833 886 834
f 833 885 886
f 834 887 835
f 834 886 887
f 835 888 836
f 835 887 888
f 836 889 837
f 836 888 889
f 837 890 838
f 837 889 890
f 838 891 839
f 838 890 891
f 839 892 840
f 839 891 892
f 840 893 841
f 840 892 893
f 841 894 842
f 841 893 894
f 842 895 843
f 842 894 895
f 843 896 844
f 843 895 896
f 844 897 845
f 844 896 897
f 845 898 846
f 845 897 898
f 846 899 847
f 846 898 899
f 847 900 848
f 847 899 900
f 848 901 849
f 848 900 901
f 849 902 850
f 849 901 902
f 850 903 851
f 850 902 903
f 851 904 852
f 851 903 904
f 852 905 853
f 852 904 905
f 853 906 854
f 853 905 906
f 854 907 855
f 854 906 907
f 855 908 856
f 855 907 908
f 856 909 857
f 856 908 909
f 857 910 858
f 857 909 910
f 858 911 859
f 858 910 911
f 859 912 860
f 859 911 912
f 860 913 861
f 860 912 913
f 861 914 862
f 861 913 914
f 862 915 863
f 862 914 915
f 863 916 864
f 863 915 916
f 864 917 865
f 864 916 917
f 865 918 866
f 865 917 918
f 866 919 867
f 866 918 919
f 867 920 868
f 867 919 920
f 868 921 869
f 868 920 921
f 869 922 870
f 869 921 922
f 870 923 871
f 870 922 923
f 871 924 872
f 871 923 924
f 872 925 873
f 872 924 925
f 873 926 874
f 873 925 926
f 874 927 875
f 874 926 927
f 875 928 876
f 875 927 928
f 876 929 877
f 876 928 929
f 877 930 878
f 877 929 930
f 878 931 879
f 878 930 931
f 879 932 880
f 879 931 932
f 880 933 881
f 880 932 933
f 881 934 882
f 881 933 934
f 882 935 883
f 882 934 935
f 883 936 884
f 883 935 936
f 885 938 886
f 885 937 938
f 886 939 887
f 886 938 939
f 887 940 888
f 887 939 940
f 888 941 889
f 888 940 941
f 889 942 890
f 889 941 942
f 890 943 891
f 890 942 943
f 891 944 892
f 891 943 944
f 892 945 893
f 892 944 945
f 893 946 894
f 893 945 946
f 894 947 895
f 894 946 947
f 895 948 896
f 895 947 948
f 896 949 897
f 896 948 949
f 897 950 898
f 897 949 950
f 898 951 899
f 898 950 951
f 899 952 900
f 899 951 952
f 900 953 901
f 900 952 953
f 901 954 902
f 901 953 954
f 902 955 903
f 902 954 955
f 903 956 904
f 903 955 956
f 904 957 905
f 904 956 957
f 905 958 906
f 905 957 958
f 906 959 907
f 906 958 959
f 907 960 908
f 907 959 960
f 908 961 909
f 908 960 961
f 909 962 910
f 909 961 962
f 910 963 911
f 910 962 963
f 911 964 912
f 911 963 964
f 912 965 913
f 912 964 965
f 913 966 914
f 913 965 966
f 914 967 915
f 914 966 967
f 915 968 916
f 915 967 968
f 916 969 917
f 916 968 969
f 917 970 918
f 917 969 970
f 918 971 919
f 918 970 971
f 919 972 920
f 919 971 972
f 920 973 921
f 920 972 973
f 921 974 922
f 921 973 974
f 922 975 923
f 922 974 975
f 923 976 924
f 923 975 976
f 924 977 925
f 924 976 977
f 925 978 926
f 925 977 978
f 926 979 927
f 926 978 979
f 927 980 928
f 927 979 980
f 928 981 929
f 928 980 981
f 929 982 930
f 929 981 982
f 930 983 931
f 930 982 983
f 931 984 932
f 931 983 984
f 932 985 933
f 932 984 985
f 933 986 934
f 933 985 986
f 934 987 935
f 934 986 987
f 935 988 936
f 935 987 988
f 937 990 938
f 937 989 990
f 938 991 939
f 938 990 991
f 939 992 940
f 939 991 992
f 940 993 941
f 940 992 993
f 941 994 942
f 941 993 994
f 942 995 943
f 942 994 995
f 943 996 944
f 943 995 996
f 944 997 945
f 944 996 997
f 945 998 946
f 945 997 998
f 946 999 947
f 946 998 999
f 947 1000 948
f 947 999 1000
f 948 1001 949
f 948 1000 1001
f 949 1002 950
f 949 1001 1002
f 950 1003 951
f 950 1002 1003
f 951 1004 952
f 951 1003 1004
f 952 1005 953
f 952 1004 1005
f 953 1006 954
f 953 1005 1006
f 954 1007 955
f 954 1006 1007
f 955 1008 956
f 955 1007 1008
f 956 1009 957
f 956 1008 1009
f 957 1010 958
f 957 1009 1010
f 958 1011 959
f 958 1010 1011
f 959 1012 960
f 959 1011 1012
f 960 1013 961
f 960 1012 1013
f 961 1014 962
f 961 1013 1014
f 962 1015 963
f 962 1014 1015
f 963 1016 964
f 963 1015 1016
f 964 1017 965
f 964 1016 1017
f 965 1018 966
f 965 1017 1018
f 966 1019 967
f 966 1018 1019
f 967 1020 968
f 967 1019 1020
f 968 1021 969
f 968 1020 1021
f 969 1022 970
f 969 1021 1022
f 970 1023 971
f 970 1022 1023
f 971 1024 972
f 971 1023 1024
f 972 1025 973
f 972 1024 1025
f 973 1026 974
f 973 1025 1026
f 974 1027 975
f 974 1026 1027
f 975 1028 976
f 975 1027 1028
f 976 1029 977
f 976 1028 1029
f 977 1030 978
f 977 1029 1030
f 978 1031 979
f 978 1030 1031
f 979 1032 980
f 979 1031 1032
f 980 1033 981
f 980 1032 1033
f 981 1034 982
f 981 1033 1034
f 982 1035 983
f 982 1034 1035
f 983 1036 984
f 983 1035 1036
f 984 1037 985
f 984 1036 1037
f 985 1038 986
f 985 1037 1038
f 986 1039 987
f 986 1038 1039
f 987 1040 988
f 987 1039 1040
f 989 1042 990
f 989 1041 1042
f 990 1043 991
f 990 1042 1043
f 991 1044 992
f 991 1043 1044
f 992 1045 993
f 992 1044 1045
f 993 1046 994
f 993 1045 1046
f 994 1047 995
f 994 1046 1047
f 995 1048 996
f 995 1047 1048
f 996 1049 997
f 996 1048 1049
f 997 1050 998
f 997 1049 1050
f 998 1051 999
f 998 1050 1051
f 999 1052 1000
f 999 1051 1052
f 1000 1053 1001
f 1000 1052 1053
f 1001 1054 1002
f 1001 1053 1054
f 1002 1055 1003
f 1002 1054 1055
f 1003 1056 1004
f 1003 1055 1056
f 1004 1057 1005
f 1004 1056 1057
f 1005 1058 1006
f 1005 1057 1058
f 1006 1059 1007
f 1006 1058 1059
f 1007 1060 1008
f 1007 1059 1060
f 1008 1061 1009
f 1008 1060 1061
f 1009 1062 1010
f 1009 1061 1062
f 1010 1063 1011
f 1010 1062 1063
f 1011 1064 1012
f 1011 1063 1064
f 1012 1065 1013
f 1012 1064 1065
f 1013 1066 1014
f 1013 1065 1066
f 1014 1067 1015
f 1014 1066 1067
f 1015 1068 1016
f 1015 1067 1068
f 1016 1069 1017
f 1016 1068 1069
f 1017 1070 1018
f 1017 1069 1070
f 1018 1071 1019
f 1018 1070 1071
f 1019 1072 1020
f 1019 1071 1072
f 1020 1073 1021
f 1020 1072 1073
f 1021 1074 1022
f 1021 1073 1074
f 1022 1075 1023
f 1022 1074 1075
f 1023 1076 1024
f 1023 1075 1076
f 1024 1077 1025
f 1024 1076 1077
f 1025 1078 1026
f 1025 1077 1078
f 1026 1079 1027
f 1026 1078 1079
f 1027 1080 1028
f 1027 1079 1080
f 1028 1081 1029
f 1028 1080 1081
f 1029 1082 1030
f 1029 1081 1082
f 1030 1083 1031
f 1030 1082 1083
f 1031 1084 1032
f 1031 1083 1084
f 1032 1085 1033
f 1032 1084 1085
f 1033 1086 1034
f 1033 1085 1086
f 1034 1087 1035
f 1034 1086 1087
f 1035 1088 1036
f 1035 1087 1088
f 1036 1089 1037
f 1036 1088 1089
f 1037 1090 1038
f 1037 1089 1090
f 1038 1091 1039
f 1038 1090 1091
f 1039 1092 1040
f 1039 1091 1092
f 1041 1094 1042
f 1041 1093 1094
f 1042 1095 1043
f 1042 1094 1095
f 1043 1096 1044
f 1043 1095 1096
f 1044 1097 1045
f 1044 1096 1097
f 1045 1098 1046
f 1045 1097 1098
f 1046 1099 1047
f 1046 1098 1099
f 1047 1100 1048
f 1047 1099 1100
f 1048 1101 1049
f 1048 1100 1101
f 1049 1102 1050
f 1049 1101 1102
f 1050 1103 1051
f 1050 1102 1103
f 1051 1104 1052
f 1051 1103 1104
f 1052 1105 1053
f 1052 1104 1105
f 1053 1106 1054
f 1053 1105 1106
f 1054 1107 1055
f 1054 1106 1107
f 1055 1108 1056
f 1055 1107 1108
f 1056 1109 1057
f 1056 1108 1109
f 1057 1110 1058
f 1057 1109 1110
f 1058 1111 1059
f 1058 1110 1111
f 1059 1112 1060
f 1059 1111 1112
f 1060 1113 1061
f 1060 1112 1113
f 1061 1114 1062
f 1061 1113 1114
f 1062 1115 1063
f 1062 1114 1115
f 1063 1116 1064
f 1063 1115 1116
f 1064 1117 1065
f 1064 1116 1117
f 1065 1118 1066
f 1065 1117 1118
f 1066 1119 1067
f 1066 1118 1119
f 1067 1120 1068
f 1067 1119 1120
f 1068 1121 1069
f 1068 1120 1121
f 1069 1122 1070
f 1069 1121 1122
f 1070 1123 1071
f 1070 1122 1123
f 1071 1124 1072
f 1071 1123 1124
f 1072 1125 1073
f 1072 1124 1125
f 1073 1126 1074
f 1073 1125 1126
f 1074 1127 1075
f 1074 1126 1127
f 1075 1128 1076
f 1075 1127 1128
f 1076 1129 1077
f 1076 1128 1129
f 1077 1130 1078
f 1077 1129 1130
f 1078 1131 1079
f 1078 1130 1131
f 1079 1132 1080
f 1079 1131 1132
f 1080 1133 1081
f 1080 1132 1133
f 1081 1134 1082
f 1081 1133 1134
f 1082 1135 1083
f 1082 1134 1135
f 1083 1136 1084
f 1083 1135 1136
f 1084 1137 1085
f 1084 1136 1137
f 1085 1138 1086
f 1085 1137 1138
f 1086 1139 1087
f 1086 1138 1139
f 1087 1140 1088
f 1087 1139 1140
f 1088 1141 1089
f 1088 1140 1141
f 1089 1142 1090
f 1089 1141 1142
f 1090 1143 1091
f 1090 1142 1143
f 1091 1144 1092
f 1091 1143 1144
f 1093 1146 1094
f 1093 1145 1146
f 1094 1147 1095
f 1094 1146 1147
f 1095 1148 1096
f 1095 1147 1148
f 1096 1149 1097
f 1096 1148 1149
f 1097 1150 1098
f 1097 1149 1150
f 1098 1151 1099
f 1098 1150 1151
f 1099 1152 1100
f 1099 1151 1152
f 1100 1153 1101
f 1100 1152 1153
f 1101 1154 1102
f 1101 1153 1154
f 1102 1155 1103
f 1102 1154 1155
f 1103 1156 1104
f 1103 1155 1156
f 1104 1157 1105
f 1104 1156 1157
f 1105 1158 1106
f 1105 1157 1158
f 1106 1159 1107
f 1106 1158 1159
f 1107 1160 1108
f 1107 1159 1160
f 1108 1161 1109
f 1108 1160 1161
f 1109 1162 1110
f 1109 1161 1162
f 1110 1163 1111
f 1110 1162 1163
f 1111 1164 1112
f 1111 1163 1164
f 1112 1165 1113
f 1112 1164 1165
f 1113 1166 1114
f 1113 1165 1166
f 1114 1167 1115
f 1114 1166 1167
f 1115 1168 1116
f 1115 1167 1168
f 1116 1169 1117
f 1116 1168 1169
f 1117 1170 1118
f 1117 1169 1170
f 1118 1171 1119
f 1118 1170 1171
f 1119 1172 1120
f 1119 1171 1172
f 1120 1173 1121
f 1120 1172 1173
f 1121 1174 1122
f 1121 1173 1174
f 1122 1175 1123
f 1122 1174 1175
f 1123 1176 1124
f 1123 1175 1176
f 1124 1177 1125
f 1124 1176 1177
f 1125 1178 1126
f 1125 1177 1178
f 1126 1179 1127
f 1126 1178 1179
f 1127 1180 1128
f 1127 1179 1180
f 1128 1181 1129
f 1128 1180 1181
f 1129 1182 1130
f 1129 1181 1182
f 1130 1183 1131
f 1130 1182 1183
f 1131 1184 1132
f 1131 1183 1184
f 1132 1185 1133
f 1132 1184 1185
f 1133 1186 1134
f 1133 1185 1186
f 1134 1187 1135
f 1134 1186 1187
f 1135 1188 1136
f 1135 1187 1188
f 1136 1189 1137
f 1136 1188 1189
f 1137 1190 1138
f 1137 1189 1190
f 1138 1191 1139
f 1138 1190 1191
f 1139 1192 1140
f 1139 1191 1192
f 1140 1193 1141
f 1140 1192 1193
f 1141 1194 1142
f 1141 1193 1194
f 1142 1195 1143
f 1142 1194 1195
f 1143 1196 1144
f 1143 1195 1196
f 1145 1198 1146
f 1145 1197 1198
f 1146 1199 1147
f 1146 1198 1199
f 1147 1200 1148
f 1147 1199 1200
f 1148 1201 1149
f 1148 1200 1201
f 1149 1202 1150
f 1149 1201 1202
f 1150 1203 1151
f 1150 1202 1203
f 1151 1204 1152
f 1151 1203 1204
f 1152 1205 1153
f 1152 1204 1205
f 1153 1206 1154
f 1153 1205 1206
f 1154 1207 1155
f 1154 1206 1207
f 1155 1208 1156
f 1155 1207 1208
f 1156 1209 1157
f 1156 1208 1209
f 1157 1210 1158
f 1157 1209 1210
f 1158 1211 1159
f 1158 1210 1211
f 1159 1212 1160
f 1159 1211 1212
f 1160 1213 1161
f 1160 1212 1213
f 1161 1214 1162
f 1161 1213 1214
f 1162 1215 1163
f 1162 1214 1215
f 1163 1216 1164
f 1163 1215 1216
f 1164 1217 1165
f 1164 1216 1217
f 1165 1218 1166
f 1165 1217 1218
f 1166 1219 1167
f 1166 1218 1219
f 1167 1220 1168
f 1167 1219 1220
f 1168 1221 1169
f 1168 1220 1221
f 1169 1222 1170
f 1169 1221 1222
f 1170 1223 1171
f 1170 1222 1223
f 1171 1224 1172
f 1171 1223 1224
f 1172 1225 1173
f 1172 1224 1225
f 1173 1226 1174
f 1173 1225 1226
f 1174 1227 1175
f 1174 1226 1227
f 1175 1228 1176
f 1175 1227 1228
f 1176 1229 1177
f 1176 1228 1229
f 1177 1230 1178
f 1177 1229 1230
f 1178 1231 1179
f 1178 1230 1231
f 1179 1232 1180
f 1179 1231 1232
f 1180 1233 1181
f 1180 1232 1233
f 1181 1234 1182
f 1181 1233 1234
f 1182 1235 1183
f 1182 1234 1235
f 1183 1236 1184
f 1183 1235 1236
f 1184 1237 1185
f 1184 1236 1237
f 1185 1238 1186
f 1185 1237 1238
f 1186 1239 1187
f 1186 1238 1239
f 1187 1240 1188
f 1187 1239 1240
f 1188 1241 1189
f 1188 1240 1241
f 1189 1242 1190
f 1189 1241 1242
f 1190 1243 1191
f 1190 1242 1243
f 1191 1244 1192
f 1191 1243 1244
f 1192 1245 1193
f 1192 1244 1245
f 1193 1246 1194
f 1193 1245 1246
f 1194 1247 1195
f 1194 1246 1247
f 1195 1248 1196
f 1195 1247 1248
f 1197 1250 1198
f 1197 1249 1250
f 1198 1251 1199
f 1198 1250 1251
f 1199 1252 1200
f 1199 1251 1252
f 1200 1253 1201
f 1200 1252 1253
f 1201 1254 1202
f 1201 1253 1254
f 1202 1255 1203
f 1202 1254 1255
f 1203 1256 1204
f 1203 1255 1256
f 1204 1257 1205
f 1204 1256 1257
f 1205 1258 1206
f 1205 1257 1258
f 1206 1259 1207
f 1206 1258 1259
f 1207 1260 1208
f 1207 1259 1260
f 1208 1261 1209
f 1208 1260 1261
f 1209 1262 1210
f 1209 1261 1262
f 1210 1263 1211
f 1210 1262 1263
f 1211 1264 1212
f 1211 1263 1264
f 1212 1265 1213
f 1212 1264 1265
f 1213 1266 1214
f 1213 1265 1266
f 1214 1267 1215
f 1214 1266 1267
f 1215 1268 1216
f 1215 1267 1268
f 1216 1269 1217
f 1216 1268 1269
f 1217 1270 1218
f 1217 1269 1270
f 1218 1271 1219
f 1218 1270 1271
f 1219 1272 1220
f 1219 1271 1272
f 1220 1273 1221
f 1220 1272 1273
f 1221 1274 1222
f 1221 1273 1274
f 1222 1275 1223
f 1222 1274 1275
f 1223 1276 1224
f 1223 1275 1276
f 1224 1277 1225
f 1224 1276 1277
f 1225 1278 1226
f 1225 1277 1278
f 1226 1279 1227
f 1226 1278 1279
f 1227 1280 1228
f 1227 1279 1280
f 1228 1281 1229
f 1228 1280 1281
f 1229 1282 1230
f 1229 1281 1282
f 1230 1283 1231
f 1230 1282 1283
f 1231 1284 1232
f 1231 1283 1284
f 1232 1285 1233
f 1232 1284 1285
f 1233 1286 1234
f 1233 1285 1286
f 1234 1287 1235
f 1234 1286 1287
f 1235 1288 1236
f 1235 1287 1288
f 1236 1289 1237
f 1236 1288 1289
f 1237 1290 1238
f 1237 1289 1290
f 1238 1291 1239
f 1238 1290 1291
f 1239 1292 1240
f 1239 1291 1292
f 1240 1293 1241
f 1240 1292 1293
f 1241 1294 1242
f 1241 1293 1294
f 1242 1295 1243
f 1242 1294 1295
f 1243 1296 1244
f 1243 1295 1296
f 1244 1297 1245
f 1244 1296 1297
f 1245 1298 1246
f 1245 1297 1298
f 1246 1299 1247
f 1246 1298 1299
f 1247 1300 1248
f 1247 1299 1300
f 1249 1302 1250
f 1249 1301 1302
f 1250 1303 1251
f 1250 1302 1303
f 1251 1304 1252
f 1251 1303 1304
f 1252 1305 1253
f 1252 1304 1305
f 1253 1306 1254
f 1253 1305 1306
f 1254 1307 1255
f 1254 1306 1307
f 1255 1308 1256
f 1255 1307 1308
f 1256 1309 1257
f 1256 1308 1309
f 1257 1310 1258
f 1257 1309 1310
f 1258 1311 1259
f 1258 1310 1311
f 1259 1312 1260
f 1259 1311 1312
f 1260 1313 1261
f 1260 1312 1313
f 1261 1314 1262
f 1261 1313 1314
f 1262 1315 1263
f 1262 1314 1315
f 1263 1316 1264
f 1263 1315 1316
f 1264 1317 1265
f 1264 1316 1317
f 1265 1318 1266
f 1265 1317 1318
f 1266 1319 1267
f 1266 1318 1319
f 1267 1320 1268
f 1267 1319 1320
f 1268 1321 1269
f 1268 1320 1321
f 1269 1322 1270
f 1269 1321 1322
f 1270 1323 1271
f 1270 1322 1323
f 1271 1324 1272
f 1271 1323 1324
f 1272 1325 1273
f 1272 1324 1325
f 1273 1326 1274
f 1273 1325 1326
f 1274 1327 1275
f 1274 1326 1327
f 1275 1328 1276
f 1275 1327 1328
f 1276 1329 1277
f 1276 1328 1329
f 1277 1330 1278
f 1277 1329 1330
f 1278 1331 1279
f 1278 1330 1331
f 1279 1332 1280
f 1279 1331 1332
f 1280 1333 1281
f 1280 1332 1333
f 1281 1334 1282
f 1281 1333 1334
f 1282 1335 1283
f 1282 1334 1335
f 1283 1336 1284
f 1283 1335 1336
f 1284 1337 1285
f 1284 1336 1337
f 1285 1338 1286
f 1285 1337 1338
f 1286 1339 1287
f 1286 1338 1339
f 1287 1340 1288
f 1287 1339 1340
f 1288 1341 1289
f 1288 1340 1341
f 1289 1342 1290
f 1289 1341 1342
f 1290 1343 1291
f 1290 1342 1343
f 1291 1344 1292
f 1291 1343 1344
f 1292 1345 1293
f 1292 1344 1345
f 1293 1346 1294
f 1293 1345 1346
f 1294 1347 1295
f 1294 1346 1347
f 1295 1348 1296
f 1295 1347 1348
f 1296 1349 1297
f 1296 1348 1349
f 1297 1350 1298
f 1297 1349 1350
f 1298 1351 1299
f 1298 1350 1351
f 1299 1352 1300
f 1299 1351 1352
f 1301 1354 1302
f 1301 1353 1354
f 1302 1355 1303
f 1302 1354 1355
f 1303 1356 1304
f 1303 1355 1356
f 1304 1357 1305
f 1304 1356 1357
f 1305 1358 1306
f 1305 1357 1358
f 1306 1359 1307
f 1306 1358 1359
f 1307 1360 1308
f 1307 1359 1360
f 1308 1361 1309
f 1308 1360 1361
f 1309 1362 1310
f 1309 1361 1362
f 1310 1363 1311
f 1310 1362 1363
f 1311 1364 1312
f 1311 1363 1364
f 1312 1365 1313
f 1312 1364 1365
f 1313 1366 1314
f 1313 1365 1366
f 1314 1367 1315
f 1314 1366 1367
f 1315 1368 1316
f 1315 1367 1368
f 1316 1369 1317
f 1316 1368 1369
f 1317 1370 1318
f 1317 1369 1370
f 1318 1371 1319
f 1318 1370 1371
f 1319 1372 1320
f 1319 1371 1372
f 1320 1373 1321
f 1320 1372 1373
f 1321 1374 1322
f 1321 1373 1374
f 1322 1375 1323
f 1322 1374 1375
f 1323 1376 1324
f 1323 1375 1376
f 1324 1377 1325
f 1324 1376 1377
f 1325 1378 1326
f 1325 1377 1378
f 1326 1379 1327
f 1326 1378 1379
f 1327 1380 1328
f 1327 1379 1380
f 1328 1381 1329
f 1328 1380 1381
f 1329 1382 1330
f 1329 1381 1382
f 1330 1383 1331
f 1330 1382 1383
f 1331 1384 1332
f 1331 1383 1384
f 1332 1385 1333
f 1332 1384 1385
f 1333 1386 1334
f 1333 1385 1386
f 1334 1387 1335
f 1334 1386 1387
f 1335 1388 1336
f 1335 1387 1388
f 1336 1389 1337
f 1336 1388 1389
f 1337 1390 1338
f 1337 1389 1390
f 1338 1391 1339
f 1338 1390 1391
f 1339 1392 1340
f 1339 1391 1392
f 1340 1393 1341
f 1340 1392 1393
f 1341 1394 1342
f 1341 1393 1394
f 1342 1395 1343
f 1342 1394 1395
f 1343 1396 1344
f 1343 1395 1396
f 1344 1397 1345
f 1344 1396 1397
f 1345 1398 1346
f 1345 1397 1398
f 1346 1399 1347
f 1346 1398 1399
f 1347 1400 1348
f 1347 1399 1400
f 1348 1401 1349
f 1348 1400 1401
f 1349 1402 1350
f 1349 1401 1402
f 1350 1403 1351
f 1350 1402 1403
f 1351 1404 1352
f 1351 1403 1404
f 1353 1406 1354
f 1353 1405 1406
f 1354 1407 1355
f 1354 1406 1407
f 1355 1408 1356
f 1355 1407 1408
f 1356 1409 1357
f 1356 1408 1409
f 1357 1410 1358
f 1357 1409 1410
f 1358 1411 1359
f 1358 1410 1411
f 1359 1412 1360
f 1359 1411 1412
f 1360 1413 1361
f 1360 1412 1413
f 1361 1414 1362
f 1361 1413 1414
f 1362 1415 1363
f 1362 1414 1415
f 1363 1416 1364
f 1363 1415 1416
f 1364 1417 1365
f 1364 1416 1417
f 1365 1418 1366
f 1365 1417 1418
f 1366 1419 1367
f 1366 1418 1419
f 1367 1420 1368
f 1367 1419 1420
f 1368 1421 1369
f 1368 1420 1421
f 1369 1422 1370
f 1369 1421 1422
f 1370 1423 1371
f 1370 1422 1423
f 1371 1424 1372
f 1371 1423 1424
f 1372 1425 1373
f 1372 1424 1425
f 1373 1426 1374
f 1373 1425 1426
f 1374 1427 1375
f 1374 1426 1427
f 1375 1428 1376
f 1375 1427 1428
f 1376 1429 1377
f 1376 1428 1429
f 1377 1430 1378
f 1377 1429 1430
f 1378 1431 1379
f 1378 1430 1431
f 1379 1432 1380
f 1379 1431 1432
f 1380 1433 1381
f 1380 1432 1433
f 1381 1434 1382
f 1381 1433 1434
f 1382 1435 1383
f 1382 1434 1435
f 1383 1436 1384
f 1383 1435 1436
f 1384 1437 1385
f 1384 1436 1437
f 1385 1438 1386
f 1385 1437 1438
f 1386 1439 1387
f 1386 1438 1439
f 1387 1440 1388
f 1387 1439 1440
f 1388 1441 1389
f 1388 1440 1441
f 1389 1442 1390
f 1389 1441 1442
f 1390 1443 1391
f 1390 1442 1443
f 1391 1444 1392
f 1391 1443 1444
f 1392 1445 1393
f 1392 1444 1445
f 1393 1446 1394
f 1393 1445 1446
f 1394 1447 1395
f 1394 1446 1447
f 1395 1448 1396
f 1395 1447 1448
f 1396 1449 1397
f 1396 1448 1449
f 1397 1450 1398
f 1397 1449 1450
f 1398 1451 1399
f 1398 1450 1451
f 1399 1452 1400
f 1399 1451 1452
f 1400 1453 1401
f 1400 1452 1453
f 1401 1454 1402
f 1401 1453 1454
f 1402 1455 1403
f 1402 1454 1455
f 1403 1456 1404
f 1403 1455 1456
f 1405 1458 1406
f 1405 1457 1458
f 1406 1459 1407
f 1406 1458 1459
f 1407 1460 1408
f 1407 1459 1460
f 1408 1461 1409
f 1408 1460 1461
f 1409 1462 1410
f 1409 1461 1462
f 1410 1463 1411
f 1410 1462 1463
f 1411 1464 1412
f 1411 1463 1464
f 1412 1465 1413
f 1412 1464 1465
f 1413 1466 1414
f 1413 1465 1466
f 1414 1467 1415
f 1414 1466 1467
f 1415 1468 1416
f 1415 1467 1468
f 1416 1469 1417
f 1416 1468 1469
f 1417 1470 1418
f 1417 1469 1470
f 1418 1471 1419
f 1418 1470 1471
f 1419 1472 1420
f 1419 1471 1472
f 1420 1473 1421
f 1420 1472 1473
f 1421 1474 1422
f 1421 1473 1474
f 1422 1475 1423
f 1422 1474 1475
f 1423 1476 1424
f 1423 1475 1476
f 1424 1477 1425
f 1424 1476 1477
f 1425 1478 1426
f 1425 1477 1478
f 1426 1479 1427
f 1426 1478 1479
f 1427 1480 1428
f 1427 1479 1480
f 1428 1481 1429
f 1428 1480 1481
f 1429 1482 1430
f 1429 1481 1482
f 1430 1483 1431
f 1430 1482 1483
f 1431 1484 1432
f 1431 1483 1484
f 1432 1485 1433
f 1432 1484 1485
f 1433 1486 1434
f 1433 1485 1486
f 1434 1487 1435
f 1434 1486 1487
f 1435 1488 1436
f 1435 1487 1488
f 1436 1489 1437
f 1436 1488 1489
f 1437 1490 1438
f 1437 1489 1490
f 1438 1491 1439
f 1438 1490 1491
f 1439 1492 1440
f 1439 1491 1492
f 1440 1493 1441
f 1440 1492 1493
f 1441 1494 1442
f 1441 1493 1494
f 1442 1495 1443
f 1442 1494 1495
f 1443 1496 1444
f 1443 1495 1496
f 1444 1497 1445
f 1444 1496 1497
f 1445 1498 1446
f 1445 1497 1498
f 1446 1499 1447
f 1446 1498 1499
f 1447 1500 1448
f 1447 1499 1500
f 1448 1501 1449
f 1448 1500 1501
f 1449 1502 1450
f 1449 1501 1502
f 1450 1503 1451
f 1450 1502 1503
f 1451 1504 1452
f 1451 1503 1504
f 1452 1505 1453
f 1452 1504 1505
f 1453 1506 1454
f 1453 1505 1506
f 1454 1507 1455
f 1454 1506 1507
f 1455 1508 1456
f 1455 1507 1508
f 1457 1510 1458
f 1457 1509 1510
f 1458 1511 1459
f 1458 1510 1511
f 1459 1512 1460
f 1459 1511 1512
f 1460 1513 1461
f 1460 1512 1513
f 1461 1514 1462
f 1461 1513 1514
f 1462 1515 1463
f 1462 1514 1515
f 1463 1516 1464
f 1463 1515 1516
f 1464 1517 1465
f 1464 1516 1517
f 1465 1518 1466
f 1465 1517 1518
f 1466 1519 1467
f 1466 1518 1519
f 1467 1520 1468
f 1467 1519 1520
f 1468 1521 1469
f 1468 1520 1521
f 1469 1522 1470
f 1469 1521 1522
f 1470 1523 1471
f 1470 1522 1523
f 1471 1524 1472
f 1471 1523 1524
f 1472 1525 1473
f 1472 1524 1525
f 1473 1526 1474
f 1473 1525 1526
f 1474 1527 1475
f 1474 1526 1527
f 1475 1528 1476
f 1475 1527 1528
f 1476 1529 1477
f 1476 1528 1529
f 1477 1530 1478
f 1477 1529 1530
f 1478 1531 1479
f 1478 1530 1531
f 1479 1532 1480
f 1479 1531 1532
f 1480 1533 1481
f 1480 1532 1533
f 1481 1534 1482
f 1481 1533 1534
f 1482 1535 1483
f 1482 1534 1535
f 1483 1536 1484
f 1483 1535 1536
f 1484 1537 1485
f 1484 1536 1537
f 1485 1538 1486
f 1485 1537 1538
f 1486 1539 1487
f 1486 1538 1539
f 1487 1540 1488
f 1487 1539 1540
f 1488 1541 1489
f 1488 1540 1541
f 1489 1542 1490
f 1489 1541 1542
f 1490 1543 1491
f 1490 1542 1543
f 1491 1544 1492
f 1491 1543 1544
f 1492 1545 1493
f 1492 1544 1545
f 1493 1546 1494
f 1493 1545 1546
f 1494 1547 1495
f 1494 1546 1547
f 1495 1548 1496
f 1495 1547 1548
f 1496 1549 1497
f 1496 1548 1549
f 1497 1550 1498
f 1497 1549 1550
f 1498 1551 1499
f 1498 1550 1551
f 1499 1552 1500
f 1499 1551 1552
f 1500 1553 1501
f 1500 1552 1553
f 1501 1554 1502
f 1501 1553 1554
f 1502 1555 1503
f 1502 1554 1555
f 1503 1556 1504
f 1503 1555 1556
f 1504 1557 1505
f 1504 1556 1557
f 1505 1558 1506
f 1505 1557 1558
f 1506 1559 1507
f 1506 1558 1559
f 1507 1560 1508
f 1507 1559 1560
f 1509 1562 1510
f 1509 1561 1562
f 1510 1563 1511
f 1510 1562 1563
f 1511 1564 1512
f 1511 1563 1564
f 1512 1565 1513
f 1512 1564 1565
f 1513 1566 1514
f 1513 1565 1566
f 1514 1567 1515
f 1514 1566 1567
f 1515 1568 1516
f 1515 1567 1568
f 1516 1569 1517
f 1516 1568 1569
f 1517 1570 1518
f 1517 1569 1570
f 1518 1571 1519
f 1518 1570 1571
f 1519 1572 1520
f 1519 1571 1572
f 1520 1573 1521
f 1520 1572 1573
f 1521 1574 1522
f 1521 1573 1574
f 1522 1575 1523
f 1522 1574 1575
f 1523 1576 1524
f 1523 1575 1576
f 1524 1577 1525
f 1524 1576 1577
f 1525 1578 1526
f 1525 1577 1578
f 1526 1579 1527
f 1526 1578 1579
f 1527 1580 1528
f 1527 1579 1580
f 1528 1581 1529
f 1528 1580 1581
f 1529 1582 1530
f 1529 1581 1582
f 1530 1583 1531
f 1530 1582 1583
f 1531 1584 1532
f 1531 1583 1584
f 1532 1585 1533
f 1532 1584 1585
f 1533 1586 1534
f 1533 1585 1586
f 1534 1587 1535
f 1534 1586 1587
f 1535 1588 1536
f 1535 1587 1588
f 1536 1589 1537
f 1536 1588 1589
f 1537 1590 1538
f 1537 1589 1590
f 1538 1591 1539
f 1538 1590 1591
f 1539 1592 1540
f 1539 1591 1592
f 1540 1593 1541
f 1540 1592 1593
f 1541 1594 1542
f 1541 1593 1594
f 1542 1595 1543
f 1542 1594 1595
f 1543 1596 1544
f 1543 1595 1596
f 1544 1597 1545
f 1544 1596 1597
f 1545 1598 1546
f 1545 1597 1598
f 1546 1599 1547
f 1546 1598 1599
f 1547 1600 1548
f 1547 1599 1600
f 1548 1601 1549
f 1548 1600 1601
f 1549 1602 1550
f 1549 1601 1602
f 1550 1603 1551
f 1550 1602 1603
f 1551 1604 1552
f 1551 1603 1604
f 1552 1605 1553
f 1552 1604 1605
f 1553 1606 1554
f 1553 1605 1606
f 1554 1607 1555
f 1554 1606 1607
f 1555 1608 1556
f 1555 1607 1608
f 1556 1609 1557
f 1556 1608 1609
f 1557 1610 1558
f 1557 1609 1610
f 1558 1611 1559
f 1558 1610 1611
f 1559 1612 1560
f 1559 1611 1612
f 1561 1614 1562
f 1561 1613 1614
f 1562 1615 1563
f 1562 1614 1615
f 1563 1616 1564
f 1563 1615 1616
f 1564 1617 1565
f 1564 1616 1617
f 1565 1618 1566
f 1565 1617 1618
f 1566 1619 1567
f 1566 1618 1619
f 1567 1620 1568
f 1567 1619 1620
f 1568 1621 1569
f 1568 1620 1621
f 1569 1622 1570
f 1569 1621 1622
f 1570 1623 1571
f 1570 1622 1623
f 1571 1624 1572
f 1571 1623 1624
f 1572 1625 1573
f 1572 1624 1625
f 1573 1626 1574
f 1573 1625 1626
f 1574 1627 1575
f 1574 1626 1627
f 1575 1628 1576
f 1575 1627 1628
f 1576 1629 1577
f 1576 1628 1629
f 1577 1630 1578
f 1577 1629 1630
f 1578 1631 1579
f 1578 1630 1631
f 1579 1632 1580
f 1579 1631 1632
f 1580 1633 1581
f 1580 1632 1633
f 1581 1634 1582
f 1581 1633 1634
f 1582 1635 1583
f 1582 1634 1635
f 1583 1636 1584
f 1583 1635 1636
f 1584 1637 1585
f 1584 1636 1637
f 1585 1638 1586
f 1585 1637 1638
f 1586 1639 1587
f 1586 1638 1639
f 1587 1640 1588
f 1587 1639 1640
f 1588 1641 1589
f 1588 1640 1641
f 1589 1642 1590
f 1589 1641 1642
f 1590 1643 1591
f 1590 1642 1643
f 1591 1644 1592
f 1591 1643 1644
f 1592 1645 1593
f 1592 1644 1645
f 1593 1646 1594
f 1593 1645 1646
f 1594 1647 1595
f 1594 1646 1647
f 1595 1648 1596
f 1595 1647 1648
f 1596 1649 1597
f 1596 1648 1649
f 1597 1650 1598
f 1597 1649 1650
f 1598 1651 1599
f 1598 1650 1651
f 1599 1652 1600
f 1599 1651 1652
f 1600 1653 1601
f 1600 1652 1653
f 1601 1654 1602
f 1601 1653 1654
f 1602 1655 1603
f 1602 1654 1655
f 1603 1656 1604
f 1603 1655 1656
f 1604 1657 1605
f 1604 1656 1657
f 1605 1658 1606
f 1605 1657 1658
f 1606 1659 1607
f 1606 1658 1659
f 1607 1660 1608
f 1607 1659 1660
f 1608 1661 1609
f 1608 1660 1661
f 1609 1662 1610
f 1609 1661 1662
f 1610 1663 1611
f 1610 1662 1663
f 1611 1664 1612
f 1611 1663 1664
f 1613 1666 1614
f 1613 1665 1666
f 1614 1667 1615
f 1614 1666 1667
f 1615 1668 1616
f 1615 1667 1668
f 1616 1669 1617
f 1616 1668 1669
f 1617 1670 1618
f 1617 1669 1670
f 1618 1671 1619
f 1618 1670 1671
f 1619 1672 1620
f 1619 1671 1672
f 1620 1673 1621
f 1620 1672 1673
f 1621 1674 1622
f 1621 1673 1674
f 1622 1675 1623
f 1622 1674 1675
f 1623 1676 1624
f 1623 1675 1676
f 1624 1677 1625
f 1624 1676 1677
f 1625 1678 1626
f 1625 1677 1678
f 1626 1679 1627
f 1626 1678 1679
f 1627 1680 1628
f 1627 1679 1680
f 1628 1681 1629
f 1628 1680 1681
f 1629 1682 1630
f 1629 1681 1682
f 1630 1683 1631
f 1630 1682 1683
f 1631 1684 1632
f 1631 1683 1684
f 1632 1685 1633
f 1632 1684 1685
f 1633 1686 1634
f 1633 1685 1686
f 1634 1687 1635
f 1634 1686 1687
f 1635 1688 1636
f 1635 1687 1688
f 1636 1689 1637
f 1636 1688 1689
f 1637 1690 1638
f 1637 1689 1690
f 1638 1691 1639
f 1638 1690 1691
f 1639 1692 1640
f 1639 1691 1692
f 1640 1693 1641
f 1640 1692 1693
f 1641 1694 1642
f 1641 1693 1694
f 1642 1695 1643
f 1642 1694 1695
f 1643 1696 1644
f 1643 1695 1696
f 1644 1697 1645
f 1644 1696 1697
f 1645 1698 1646
f 1645 1697 1698
f 1646 1699 1647
f 1646 1698 1699
f 1647 1700 1648
f 1647 1699 1700
f 1648 1701 1649
f 1648 1700 1701
f 1649 1702 1650
f 1649 1701 1702
f 1650 1703 1651
f 1650 1702 1703
f 1651 1704 1652
f 1651 1703 1704
f 1652 1705 1653
f 1652 1704 1705
f 1653 1706 1654
f 1653 1705 1706
f 1654 1707 1655
f 1654 1706 1707
f 1655 1708 1656
f 1655 1707 1708
f 1656 1709 1657
f 1656 1708 1709
f 1657 1710 1658
f 1657 1709 1710
f 1658 1711 1659
f 1658 1710 1711
f 1659 1712 1660
f 1659 1711 1712
f 1660 1713 1661
f 1660 1712 1713
f 1661 1714 1662
f 1661 1713 1714
f 1662 1715 1663
f 1662 1714 1715
f 1663 1716 1664
f 1663 1715 1716
f 1665 1718 1666
f 1665 1717 1718
f 1666 1719 1667
f 1666 1718 1719
f 1667 1720 1668
f 1667 1719 1720
f 1668 1721 1669
f 1668 1720 1721
f 1669 1722 1670
f 1669 1721 1722
f 1670 1723 1671
f 1670 1722 1723
f 1671 1724 1672
f 1671 1723 1724
f 1672 1725 1673
f 1672 1724 1725
f 1673 1726 1674
f 1673 1725 1726
f 1674 1727 1675
f 1674 1726 1727
f 1675 1728 1676
f 1675 1727 1728
f 1676 1729 1677
f 1676 1728 1729
f 1677 1730 1678
f 1677 1729 1730
f 1678 1731 1679
f 1678 1730 1731
f 1679 1732 1680
f 1679 1731 1732
f 1680 1733 1681
f 1680 1732 1733
f 1681 1734 1682
f 1681 1733 1734
f 1682 1735 1683
f 1682 1734 1735
f 1683 1736 1684
f 1683 1735 1736
f 1684 1737 1685
f 1684 1736 1737
f 1685 1738 1686
f 1685 1737 1738
f 1686 1739 1687
f 1686 1738 1739
f 1687 1740 1688
f 1687 1739 1740
f 1688 1741 1689
f 1688 1740 1741
f 1689 1742 1690
f 1689 1741 1742
f 1690 1743 1691
f 1690 1742 1743
f 1691 1744 1692
f 1691 1743 1744
f 1692 1745 1693
f 1692 1744 1745
f 1693 1746 1694
f 1693 1745 1746
f 1694 1747 1695
f 1694 1746 1747
f 1695 1748 1696
f 1695 1747 1748
f 1696 1749 1697
f 1696 1748 1749
f 1697 1750 1698
f 1697 1749 1750
f 1698 1751 1699
f 1698 1750 1751
f 1699 1752 1700
f 1699 1751 1752
f 1700 1753 1701
f 1700 1752 1753
f 1701 1754 1702
f 1701 1753 1754
f 1702 1755 1703
f 1702 1754 1755
f 1703 1756 1704
f 1703 1755 1756
f 1704 1757 1705
f 1704 1756 1757
f 1705 1758 1706
f 1705 1757 1758
f 1706 1759 1707
f 1706 1758 1759
f 1707 1760 1708
f 1707 1759 1760
f 1708 1761 1709
f 1708 1760 1761
f 1709 1762 1710
f 1709 1761 1762
f 1710 1763 1711
f 1710 1762 1763
f 1711 1764 1712
f 1711 1763 1764
f 1712 1765 1713
f 1712 1764 1765
f 1713 1766 1714
f 1713 1765 1766
f 1714 1767 1715
f 1714 1766 1767
f 1715 1768 1716
f 1715 1767 1768
f 1717 1770 1718
f 1717 1769 1770
f 1718 1771 1719
f 1718 1770 1771
f 1719 1772 1720
f 1719 1771 1772
f 1720 1773 1721
f 1720 1772 1773
f 1721 1774 1722
f 1721 1773 1774
f 1722 1775 1723
f 1722 1774 1775
f 1723 1776 1724
f 1723 1775 1776
f 1724 1777 1725
f 1724 1776 1777
f 1725 1778 1726
f 1725 1777 1778
f 1726 1779 1727
f 1726 1778 1779
f 1727 1780 1728
f 1727 1779 1780
f 1728 1781 1729
f 1728 1780 1781
f 1729 1782 1730
f 1729 1781 1782
f 1730 1783 1731
f 1730 1782 1783
f 1731 1784 1732
f 1731 1783 1784
f 1732 1785 1733
f 1732 1784 1785
f 1733 1786 1734
f 1733 1785 1786
f 1734 1787 1735
f 1734 1786 1787
f 1735 1788 1736
f 1735 1787 1788
f 1736 1789 1737
f 1736 1788 1789
f 1737 1790 1738
f 1737 1789 1790
f 1738 1791 1739
f 1738 1790 1791
f 1739 1792 1740
f 1739 1791 1792
f 1740 1793 1741
f 1740 1792 1793
f 1741 1794 1742
f 1741 1793 1794
f 1742 1795 1743
f 1742 1794 1795
f 1743 1796 1744
f 1743 1795 1796
f 1744 1797 1745
f 1744 1796 1797
f 1745 1798 1746
f 1745 1797 1798
f 1746 1799 1747
f 1746 1798 1799
f 1747 1800 1748
f 1747 1799 1800
f 1748 1801 1749
f 1748 1800 1801
f 1749 1802 1750
f 1749 1801 1802
f 1750 1803 1751
f 1750 1802 1803
f 1751 1804 1752
f 1751 1803 1804
f 1752 1805 1753
f 1752 1804 1805
f 1753 1806 1754
f 1753 1805 1806
f 1754 1807 1755
f 1754 1806 1807
f 1755 1808 1756
f 1755 1807 1808
f 1756 1809 1757
f 1756 1808 1809
f 1757 1810 1758
f 1757 1809 1810
f 1758 1811 1759
f 1758 1810 1811
f 1759 1812 1760
f 1759 1811 1812
f 1760 1813 1761
f 1760 1812 1813
f 1761 1814 1762
f 1761 1813 1814
f 1762 1815 1763
f 1762 1814 1815
f 1763 1816 1764
f 1763 1815 1816
f 1764 1817 1765
f 1764 1816 1817
f 1765 1818 1766
f 1765 1817 1818
f 1766 1819 1767
f 1766 1818 1819
f 1767 1820 1768
f 1767 1819 1820
f 1769 1822 1770
f 1769 1821 1822
f 1770 1823 1771
f 1770 1822 1823
f 1771 1824 1772
f 1771 1823 1824
f 1772 1825 1773
f 1772 1824 1825
f 1773 1826 1774
f 1773 1825 1826
f 1774 1827 1775
f 1774 1826 1827
f 1775 1828 1776
f 1775 1827 1828
f 1776 1829 1777
f 1776 1828 1829
f 1777 1830 1778
f 1777 1829 1830
f 1778 1831 1779
f 1778 1830 1831
f 1779 1832 1780
f 1779 1831 1832
f 1780 1833 1781
f 1780 1832 1833
f 1781 1834 1782
f 1781 1833 1834
f 1782 1835 1783
f 1782 1834 1835
f 1783 1836 1784
f 1783 1835 1836
f 1784 1837 1785
f 1784 1836 1837
f 1785 1838 1786
f 1785 1837 1838
f 1786 1839 1787
f 1786 1838 1839
f 1787 1840 1788
f 1787 1839 1840
f 1788 1841 1789
f 1788 1840 1841
f 1789 1842 1790
f 1789 1841 1842
f 1790 1843 1791
f 1790 1842 1843
f 1791 1844 1792
f 1791 1843 1844
f 1792 1845 1793
f 1792 1844 1845
f 1793 1846 1794
f 1793 1845 1846
f 1794 1847 1795
f 1794 1846 1847
f 1795 1848 1796
f 1795 1847 1848
f 1796 1849 1797
f 1796 1848 1849
f 1797 1850 1798
f 1797 1849 1850
f 1798 1851 1799
f 1798 1850 1851
f 1799 1852 1800
f 1799 1851 1852
f 1800 1853 1801
f 1800 1852 1853
f 1801 1854 1802
f 1801 1853 1854
f 1802 1855 1803
f 1802 1854 1855
f 1803 1856 1804
f 1803 1855 1856
f 1804 1857 1805
f 1804 1856 1857
f 1805 1858 1806
f 1805 1857 1858
f 1806 1859 1807
f 1806 1858 1859
f 1807 1860 1808
f 1807 1859 1860
f 1808 1861 1809
f 1808 1860 1861
f 1809 1862 1810
f 1809 1861 1862
f 1810 1863 1811
f 1810 1862 1863
f 1811 1864 1812
f 1811 1863 1864
f 1812 1865 1813
f 1812 1864 1865
f 1813 1866 1814
f 1813 1865 1866
f 1814 1867 1815
f 1814 1866 1867
f 1815 1868 1816
f 1815 1867 1868
f 1816 1869 1817
f 1816 1868 1869
f 1817 1870 1818
f 1817 1869 1870
f 1818 1871 1819
f 1818 1870 1871
f 1819 1872 1820
f 1819 1871 1872
f 1821 1874 1822
f 1821 1873 1874
f 1822 1875 1823
f 1822 1874 1875
f 1823 1876 1824
f 1823 1875 1876
f 1824 1877 1825
f 1824 1876 1877
f 1825 1878 1826
f 1825 1877 1878
f 1826 1879 1827
f 1826 1878 1879
f 1827 1880 1828
f 1827 1879 1880
f 1828 1881 1829
f 1828 1880 1881
f 1829 1882 1830
f 1829 1881 1882
f 1830 1883 1831
f 1830 1882 1883
f 1831 1884 1832
f 1831 1883 1884
f 1832 1885 1833
f 1832 1884 1885
f 1833 1886 1834
f 1833 1885 1886
f 1834 1887 1835
f 1834 1886 1887
f 1835 1888 1836
f 1835 1887 1888
f 1836 1889 1837
f 1836 1888 1889
f 1837 1890 1838
f 1837 1889 1890
f 1838 1891 1839
f 1838 1890 1891
f 1839 1892 1840
f 1839 1891 1892
f 1840 1893 1841
f 1840 1892 1893
f 1841 1894 1842
f 1841 1893 1894
f 1842 1895 1843
f 1842 1894 1895
f 1843 1896 1844
f 1843 1895 1896
f 1844 1897 1845
f 1844 1896 1897
f 1845 1898 1846
f 1845 1897 1898
f 1846 1899 1847
f 1846 1898 1899
f 1847 1900 1848
f 1847 1899 1900
f 1848 1901 1849
f 1848 1900 1901
f 1849 1902 1850
f 1849 1901 1902
f 1850 1903 1851
f 1850 1902 1903
f 1851 1904 1852
f 1851 1903 1904
f 1852 1905 1853
f 1852 1904 1905
f 1853 1906 1854
f 1853 1905 1906
f 1854 1907 1855
f 1854 1906 1907
f 1855 1908 1856
f 1855 1907 1908
f 1856 1909 1857
f 1856 1908 1909
f 1857 1910 1858
f 1857 1909 1910
f 1858 1911 1859
f 1858 1910 1911
f 1859 1912 1860
f 1859 1911 1912
f 1860 1913 1861
f 1860 1912 1913
f 1861 1914 1862
f 1861 1913 1914
f 1862 1915 1863
f 1862 1914 1915
f 1863 1916 1864
f 1863 1915 1916
f 1864 1917 1865
f 1864 1916 1917
f 1865 1918 1866
f 1865 1917 1918
f 1866 1919 1867
f 1866 1918 1919
f 1867 1920 1868
f 1867 1919 1920
f 1868 1921 1869
f 1868 1920 1921
f 1869 1922 1870
f 1869 1921 1922
f 1870 1923 1871
f 1870 1922 1923
f 1871 1924 1872
f 1871 1923 1924
f 1873 1926 1874
f 1873 1925 1926
f 1874 1927 1875
f 1874 1926 1927
f 1875 1928 1876
f 1875 1927 1928
f 1876 1929 1877
f 1876 1928 1929
f 1877 1930 1878
f 1877 1929 1930
f 1878 1931 1879
f 1878 1930 1931
f 1879 1932 1880
f 1879 1931 1932
f 1880 1933 1881
f 1880 1932 1933
f 1881 1934 1882
f 1881 1933 1934
f 1882 1935 1883
f 1882 1934 1935
f 1883 1936 1884
f 1883 1935 1936
f 1884 1937 1885
f 1884 1936 1937
f 1885 1938 1886
f 1885 1937 1938
f 1886 1939 1887
f 1886 1938 1939
f 1887 1940 1888
f 1887 1939 1940
f 1888 1941 1889
f 1888 1940 1941
f 1889 1942 1890
f 1889 1941 1942
f 1890 1943 1891
f 1890 1942 1943
f 1891 1944 1892
f 1891 1943 1944
f 1892 1945 1893
f 1892 1944 1945
f 1893 1946 1894
f 1893 1945 1946
f 1894 1947 1895
f 1894 1946 1947
f 1895 1948 1896
f 1895 1947 1948
f 1896 1949 1897
f 1896 1948 1949
f 1897 1950 1898
f 1897 1949 1950
f 1898 1951 1899
f 1898 1950 1951
f 1899 1952 1900
f 1899 1951 1952
f 1900 1953 1901
f 1900 1952 1953
f 1901 1954 1902
f 1901 1953 1954
f 1902 1955 1903
f 1902 1954 1955
f 1903 1956 1904
f 1903 1955 1956
f 1904 1957 1905
f 1904 1956 1957
f 1905 1958 1906
f 1905 1957 1958
f 1906 1959 1907
f 1906 1958 1959
f 1907 1960 1908
f 1907 1959 1960
f 1908 1961 1909
f 1908 1960 1961
f 1909 1962 1910
f 1909 1961 1962
f 1910 1963 1911
f 1910 1962 1963
f 1911 1964 1912
f 1911 1963 1964
f 1912 1965 1913
f 1912 1964 1965
f 1913 1966 1914
f 1913 1965 1966
f 1914 1967 1915
f 1914 1966 1967
f 1915 1968 1916
f 1915 1967 1968
f 1916 1969 1917
f 1916 1968 1969
f 1917 1970 1918
f 1917 1969 1970
f 1918 1971 1919
f 1918 1970 1971
f 1919 1972 1920
f 1919 1971 1972
f 1920 1973 1921
f 1920 1972 1973
f 1921 1974 1922
f 1921 1973 1974
f 1922 1975 1923
f 1922 1974 1975
f 1923 1976 1924
f 1923 1975 1976
f 1925 1978 1926
f 1925 1977 1978
f 1926 1979 1927
f 1926 1978 1979
f 1927 1980 1928
f 1927 1979 1980
f 1928 1981 1929
f 1928 1980 1981
f 1929 1982 1930
f 1929 1981 1982
f 1930 1983 1931
f 1930 1982 1983
f 1931 1984 1932
f 1931 1983 1984
f 1932 1985 1933
f 1932 1984 1985
f 1933 1986 1934
f 1933 1985 1986
f 1934 1987 1935
f 1934 1986 1987
f 1935 1988 1936
f 1935 1987 1988
f 1936 1989 1937
f 1936 1988 1989
f 1937 1990 1938
f 1937 1989 1990
f 1938 1991 1939
f 1938 1990 1991
f 1939 1992 1940
f 1939 1991 1992
f 1940 1993 1941
f 1940 1992 1993
f 1941 1994 1942
f 1941 1993 1994
f 1942 1995 1943
f 1942 1994 1995
f 1943 1996 1944
f 1943 1995 1996
f 1944 1997 1945
f 1944 1996 1997
f 1945 1998 1946
f 1945 1997 1998
f 1946 1999 1947
f 1946 1998 1999
f 1947 2000 1948
f 1947 1999 2000
f 1948 2001 1949
f 1948 2000 2001
f 1949 2002 1950
f 1949 2001 2002
f 1950 2003 1951
f 1950 2002 2003
f 1951 2004 1952
f 1951 2003 2004
f 1952 2005 1953
f 1952 2004 2005
f 1953 2006 1954
f 1953 2005 2006
f 1954 2007 1955
f 1954 2006 2007
f 1955 2008 1956
f 1955 2007 2008
f 1956 2009 1957
f 1956 2008 2009
f 1957 2010 1958
f 1957 2009 2010
f 1958 2011 1959
f 1958 2010 2011
f 1959 2012 1960
f 1959 2011 2012
f 1960 2013 1961
f 1960 2012 2013
f 1961 2014 1962
f 1961 2013 2014
f 1962 2015 1963
f 1962 2014 2015
f 1963 2016 1964
f 1963 2015 2016
f 1964 2017 1965
f 1964 2016 2017
f 1965 2018 1966
f 1965 2017 2018
f 1966 2019 1967
f 1966 2018 2019
f 1967 2020 1968
f 1967 2019 2020
f 1968 2021 1969
f 1968 2020 2021
f 1969 2022 1970
f 1969 2021 2022
f 1970 2023 1971
f 1970 2022 2023
f 1971 2024 1972
f 1971 2023 2024
f 1972 2025 1973
f 1972 2024 2025
f 1973 2026 1974
f 1973 2025 2026
f 1974 2027 1975
f 1974 2026 2027
f 1975 2028 1976
f 1975 2027 2028
f 1977 2030 1978
f 1977 2029 2030
f 1978 2031 1979
f 1978 2030 2031
f 1979 2032 1980
f 1979 2031 2032
f 1980 2033 1981
f 1980 2032 2033
f 1981 2034 1982
f 1981 2033 2034
f 1982 2035 1983
f 1982 2034 2035
f 1983 2036 1984
f 1983 2035 2036
f 1984 2037 1985
f 1984 2036 2037
f 1985 2038 1986
f 1985 2037 2038
f 1986 2039 1987
f 1986 2038 2039
f 1987 2040 1988
f 1987 2039 2040
f 1988 2041 1989
f 1988 2040 2041
f 1989 2042 1990
f 1989 2041 2042
f 1990 2043 1991
f 1990 2042 2043
f 1991 2044 1992
f 1991 2043 2044
f 1992 2045 1993
f 1992 2044 2045
f 1993 2046 1994
f 1993 2045 2046
f 1994 2047 1995
f 1994 2046 2047
f 1995 2048 1996
f 1995 2047 2048
f 1996 2049 1997
f 1996 2048 2049
f 1997 2050 1998
f 1997 2049 2050
f 1998 2051 1999
f 1998 2050 2051
f 1999 2052 2000
f 1999 2051 2052
f 2000 2053 2001
f 2000 2052 2053
f 2001 2054 2002
f 2001 2053 2054
f 2002 2055 2003
f 2002 2054 2055
f 2003 2056 2004
f 2003 2055 2056
f 2004 2057 2005
f 2004 2056 2057
f 2005 2058 2006
f 2005 2057 2058
f 2006 2059 2007
f 2006 2058 2059
f 2007 2060 2008
f 2007 2059 2060
f 2008 2061 2009
f 2008 2060 2061
f 2009 2062 2010
f 2009 2061 2062
f 2010 2063 2011
f 2010 2062 2063
f 2011 2064 2012
f 2011 2063 2064
f 2012 2065 2013
f 2012 2064 2065
f 2013 2066 2014
f 2013 2065 2066
f 2014 2067 2015
f 2014 2066 2067
f 2015 2068 2016
f 2015 2067 2068
f 2016 2069 2017
f 2016 2068 2069
f 2017 2070 2018
f 2017 2069 2070
f 2018 2071 2019
f 2018 2070 2071
f 2019 2072 2020
f 2019 2071 2072
f 2020 2073 2021
f 2020 2072 2073
f 2021 2074 2022
f 2021 2073 2074
f 2022 2075 2023
f 2022 2074 2075
f 2023 2076 2024
f 2023 2075 2076
f 2024 2077 2025
f 2024 2076 2077
f 2025 2078 2026
f 2025 2077 2078
f 2026 2079 2027
f 2026 2078 2079
f 2027 2080 2028
f 2027 2079 2080
